system:index,cropland,d0_B11,d0_B12,d0_B2,d0_B3,d0_B4,d0_B5,d0_B6,d0_B7,d0_B8,d0_B8A,d10_B11,d10_B12,d10_B2,d10_B3,d10_B4,d10_B5,d10_B6,d10_B7,d10_B8,d10_B8A,d11_B11,d11_B12,d11_B2,d11_B3,d11_B4,d11_B5,d11_B6,d11_B7,d11_B8,d11_B8A,d12_B11,d12_B12,d12_B2,d12_B3,d12_B4,d12_B5,d12_B6,d12_B7,d12_B8,d12_B8A,d13_B11,d13_B12,d13_B2,d13_B3,d13_B4,d13_B5,d13_B6,d13_B7,d13_B8,d13_B8A,d14_B11,d14_B12,d14_B2,d14_B3,d14_B4,d14_B5,d14_B6,d14_B7,d14_B8,d14_B8A,d15_B11,d15_B12,d15_B2,d15_B3,d15_B4,d15_B5,d15_B6,d15_B7,d15_B8,d15_B8A,d16_B11,d16_B12,d16_B2,d16_B3,d16_B4,d16_B5,d16_B6,d16_B7,d16_B8,d16_B8A,d17_B11,d17_B12,d17_B2,d17_B3,d17_B4,d17_B5,d17_B6,d17_B7,d17_B8,d17_B8A,d18_B11,d18_B12,d18_B2,d18_B3,d18_B4,d18_B5,d18_B6,d18_B7,d18_B8,d18_B8A,d19_B11,d19_B12,d19_B2,d19_B3,d19_B4,d19_B5,d19_B6,d19_B7,d19_B8,d19_B8A,d1_B11,d1_B12,d1_B2,d1_B3,d1_B4,d1_B5,d1_B6,d1_B7,d1_B8,d1_B8A,d20_B11,d20_B12,d20_B2,d20_B3,d20_B4,d20_B5,d20_B6,d20_B7,d20_B8,d20_B8A,d21_B11,d21_B12,d21_B2,d21_B3,d21_B4,d21_B5,d21_B6,d21_B7,d21_B8,d21_B8A,d22_B11,d22_B12,d22_B2,d22_B3,d22_B4,d22_B5,d22_B6,d22_B7,d22_B8,d22_B8A,d23_B11,d23_B12,d23_B2,d23_B3,d23_B4,d23_B5,d23_B6,d23_B7,d23_B8,d23_B8A,d24_B11,d24_B12,d24_B2,d24_B3,d24_B4,d24_B5,d24_B6,d24_B7,d24_B8,d24_B8A,d25_B11,d25_B12,d25_B2,d25_B3,d25_B4,d25_B5,d25_B6,d25_B7,d25_B8,d25_B8A,d26_B11,d26_B12,d26_B2,d26_B3,d26_B4,d26_B5,d26_B6,d26_B7,d26_B8,d26_B8A,d27_B11,d27_B12,d27_B2,d27_B3,d27_B4,d27_B5,d27_B6,d27_B7,d27_B8,d27_B8A,d28_B11,d28_B12,d28_B2,d28_B3,d28_B4,d28_B5,d28_B6,d28_B7,d28_B8,d28_B8A,d29_B11,d29_B12,d29_B2,d29_B3,d29_B4,d29_B5,d29_B6,d29_B7,d29_B8,d29_B8A,d2_B11,d2_B12,d2_B2,d2_B3,d2_B4,d2_B5,d2_B6,d2_B7,d2_B8,d2_B8A,d30_B11,d30_B12,d30_B2,d30_B3,d30_B4,d30_B5,d30_B6,d30_B7,d30_B8,d30_B8A,d31_B11,d31_B12,d31_B2,d31_B3,d31_B4,d31_B5,d31_B6,d31_B7,d31_B8,d31_B8A,d32_B11,d32_B12,d32_B2,d32_B3,d32_B4,d32_B5,d32_B6,d32_B7,d32_B8,d32_B8A,d33_B11,d33_B12,d33_B2,d33_B3,d33_B4,d33_B5,d33_B6,d33_B7,d33_B8,d33_B8A,d34_B11,d34_B12,d34_B2,d34_B3,d34_B4,d34_B5,d34_B6,d34_B7,d34_B8,d34_B8A,d35_B11,d35_B12,d35_B2,d35_B3,d35_B4,d35_B5,d35_B6,d35_B7,d35_B8,d35_B8A,d3_B11,d3_B12,d3_B2,d3_B3,d3_B4,d3_B5,d3_B6,d3_B7,d3_B8,d3_B8A,d4_B11,d4_B12,d4_B2,d4_B3,d4_B4,d4_B5,d4_B6,d4_B7,d4_B8,d4_B8A,d5_B11,d5_B12,d5_B2,d5_B3,d5_B4,d5_B5,d5_B6,d5_B7,d5_B8,d5_B8A,d6_B11,d6_B12,d6_B2,d6_B3,d6_B4,d6_B5,d6_B6,d6_B7,d6_B8,d6_B8A,d7_B11,d7_B12,d7_B2,d7_B3,d7_B4,d7_B5,d7_B6,d7_B7,d7_B8,d7_B8A,d8_B11,d8_B12,d8_B2,d8_B3,d8_B4,d8_B5,d8_B6,d8_B7,d8_B8,d8_B8A,d9_B11,d9_B12,d9_B2,d9_B3,d9_B4,d9_B5,d9_B6,d9_B7,d9_B8,d9_B8A,.geo
47,3,1907.0,1554.0,548.0,708.0,937.0,1076.0,1166.0,1255.0,1349.0,1392.0,2509.5,2218.5,783.0,962.5,1249.5,1423.0,1539.5,1652.0,1759.0,1790.5,0.0,0.0,0.0,0.0,0.0,0.0,0.0,0.0,0.0,0.0,2664.0,2492.0,1021.0,1189.0,1498.0,1647.0,1708.0,1821.0,1878.0,1931.0,328.0,261.5,552.0,678.0,772.0,889.0,663.0,718.0,725.5,608.5,334.0,263.0,796.0,1024.0,879.0,1145.0,826.0,909.0,779.0,687.0,518.0,377.5,442.5,690.5,509.0,873.5,954.5,1035.5,990.5,894.5,808.0,482.5,224.0,461.0,285.0,730.0,1446.0,1656.5,1684.5,1712.0,1292.5,684.5,162.5,366.0,202.5,645.5,2126.0,2677.0,2795.0,2863.5,1411.0,688.0,145.0,303.0,193.0,507.0,2068.0,3123.0,3194.0,3297.0,1281.5,616.0,174.0,277.5,149.0,410.5,2047.0,3494.0,3466.0,3630.5,2179.0,1796.0,550.0,771.0,1013.0,1199.0,1354.0,1444.0,1611.0,1574.0,1197.0,571.0,168.0,259.0,119.0,382.0,2135.0,3761.0,3840.0,3876.0,1416.5,612.5,1840.5,1846.0,1493.5,1781.5,3180.5,4465.5,4636.0,4684.0,1633.5,805.0,1465.5,1583.0,1291.5,1838.5,3178.5,4128.5,4218.0,4457.0,1524.0,787.0,895.5,1153.5,815.5,1583.5,3479.0,4535.0,4743.5,4832.0,1621.0,822.5,359.0,846.0,626.0,1612.0,3599.5,4445.0,4687.5,4748.5,2669.5,1644.0,849.5,1479.0,1587.0,2713.0,4097.0,4631.5,4942.5,5099.0,4507.5,3005.0,1480.5,2212.0,3100.0,3935.5,4424.0,4789.0,5173.5,5325.5,5277.0,3569.0,1688.0,2342.0,3394.0,3968.0,4288.0,4695.0,4915.0,5142.0,2520.5,2158.5,805.0,1070.0,1441.0,1591.5,1655.0,1781.0,1925.0,1921.0,2150.0,1428.0,1690.0,1770.0,1907.0,2199.0,2272.0,2108.0,2322.0,2035.0,0.0,0.0,0.0,0.0,0.0,0.0,0.0,0.0,0.0,0.0,1626.0,1161.0,602.0,702.0,852.0,1021.0,1096.0,1184.0,1268.0,1360.0,0.0,0.0,0.0,0.0,0.0,0.0,0.0,0.0,0.0,0.0,1911.0,1420.5,504.5,756.0,713.0,1161.5,1634.5,1752.5,1909.0,1887.5,1921.0,1384.0,626.0,845.0,700.0,1275.0,2054.0,2291.0,2432.0,2373.0,1856.0,1140.0,316.0,691.0,396.0,1179.0,2768.0,3047.0,3218.0,2984.0,0.0,0.0,0.0,0.0,0.0,0.0,0.0,0.0,0.0,0.0,1194.0,906.0,612.0,688.0,754.0,902.0,1097.0,1156.0,1144.0,1239.0,1854.0,1341.0,409.0,603.0,661.0,983.0,1475.0,1607.0,1677.0,1743.0,2331.5,1827.0,513.5,772.5,886.5,1213.5,1679.0,1815.5,1996.0,1982.0,2468.0,2018.0,682.0,899.0,1032.0,1351.0,1794.0,2010.0,2125.0,2125.0,1834.5,1299.0,658.5,836.0,836.5,1171.0,1716.0,1906.5,1970.0,2008.5,2373.5,1759.0,584.0,891.0,882.0,1404.0,2371.0,2645.5,2793.0,2755.5,2379.0,2041.0,599.0,806.0,1044.0,1283.0,1411.0,1523.0,1677.0,1709.0,"{""type"":""MultiPoint"",""coordinates"":[]}"
140,75,2408.5,1886.5,564.0,790.5,1115.5,1385.5,1637.5,1835.5,2041.5,2092.5,2585.0,1817.5,682.0,1026.0,1150.0,1566.5,2783.0,3233.0,3362.5,3477.0,2625.0,1834.0,694.0,1041.0,1168.0,1603.0,2827.0,3285.0,3384.0,3512.0,2644.0,1825.5,658.0,988.0,1088.5,1494.5,2838.0,3319.0,3454.5,3597.0,2714.0,1850.0,680.0,1039.0,1154.0,1635.0,2912.0,3389.0,3471.0,3640.0,2756.0,1876.0,696.0,1034.0,1170.0,1625.0,2906.0,3365.0,3534.0,3704.0,2728.0,1868.0,695.0,1041.0,1151.0,1550.0,2876.0,3382.0,3541.0,3670.0,2721.0,1842.0,701.0,1045.0,1167.0,1588.0,2904.0,3392.0,3546.0,3655.0,2743.0,1869.0,701.0,1032.0,1167.0,1615.0,2863.0,3392.0,3546.0,3655.0,2705.0,1815.0,664.0,1020.0,1139.0,1616.0,2863.0,3376.0,3518.0,3654.0,2651.0,1744.0,627.0,1017.0,1111.0,1569.0,2825.0,3362.0,3474.0,3673.0,2861.5,2436.5,655.5,914.5,1274.5,1535.5,1755.5,1963.0,2181.0,2210.0,2597.0,1744.0,605.0,952.0,1070.0,1518.0,2780.0,3308.0,3462.0,3607.0,2569.0,1713.0,548.0,897.0,1007.0,1459.5,2634.0,3089.5,3259.5,3442.5,2559.0,1702.0,552.0,890.0,995.0,1489.0,2663.0,3097.0,3272.0,3447.0,2383.5,1666.5,575.0,858.5,980.0,1362.0,2317.0,2678.5,2873.5,2964.0,2382.0,1654.0,580.0,852.0,978.0,1381.0,2231.0,2589.0,2793.0,2870.0,2430.0,1712.0,608.0,887.0,1056.0,1411.0,2215.0,2589.0,2724.0,2870.0,2474.5,1705.5,1848.5,1943.5,1886.0,2158.5,2696.0,2933.0,3072.5,3134.5,2473.0,1787.0,663.0,938.0,1097.0,1446.0,2093.0,2368.0,2569.0,2674.0,2624.5,1832.0,593.5,924.0,1106.5,1547.5,2407.5,2746.0,3016.5,3097.0,2704.0,1841.0,513.0,847.0,1088.0,1585.0,2452.0,2812.0,2967.0,3221.0,2557.5,2078.0,528.0,776.0,1129.0,1391.5,1597.5,1779.5,2000.5,2042.0,2154.0,1396.0,450.5,711.0,791.5,1255.5,2126.0,2438.5,2557.0,2725.5,1790.0,1236.5,591.0,764.5,774.5,1127.0,1666.5,1902.5,1994.5,2137.0,1930.5,1411.5,631.0,762.5,838.5,1124.0,1497.5,1706.0,1842.0,1907.5,2674.0,2077.0,699.5,880.5,1110.0,1413.0,1734.0,1951.5,2145.5,2239.0,2569.5,2054.5,618.5,827.5,1086.5,1367.0,1646.5,1819.5,1996.0,2086.5,0.0,0.0,0.0,0.0,0.0,0.0,0.0,0.0,0.0,0.0,3009.5,2490.0,879.0,1171.0,1499.5,1800.0,2060.0,2241.5,2412.0,2469.5,2970.5,2581.5,1180.0,1455.0,1770.0,2104.0,2358.5,2520.0,2375.0,2767.5,2931.0,2301.0,1012.0,1316.0,1706.0,2068.0,2477.0,2600.0,2793.0,2888.0,2931.0,2269.0,1012.0,1316.0,1706.0,2068.0,2485.0,2643.0,2991.0,2914.0,2605.5,1860.5,651.0,1009.0,1172.0,1637.5,2492.0,2756.0,2935.5,2991.5,2535.0,1863.0,623.0,925.0,1034.0,1472.0,2549.0,2915.0,3127.0,3155.0,2535.0,1863.0,644.0,933.0,1032.0,1472.0,2598.0,2993.0,3214.0,3219.0,"{""type"":""MultiPoint"",""coordinates"":[]}"
180,36,1854.5,1066.0,246.0,554.0,390.5,1060.5,2793.5,3215.0,3464.0,3408.5,2260.0,1396.0,626.0,957.0,1037.5,1613.5,2864.5,3203.5,3480.0,3443.0,2053.0,1117.5,373.0,661.5,464.0,1061.0,3244.5,3816.5,4031.0,3986.5,3450.0,2476.0,889.0,1271.0,1481.0,2028.0,2941.0,3235.0,3453.0,3473.0,2252.5,1243.0,470.5,799.5,640.5,1288.0,3318.5,3817.0,3957.0,3963.0,2125.5,1042.0,410.0,722.5,433.0,1123.5,4136.0,4987.5,5176.0,5126.5,2786.5,1765.5,650.0,975.5,823.5,1544.0,4091.0,5037.0,5219.5,5261.0,3381.0,2305.0,905.0,1268.0,1407.0,2014.0,3350.0,3805.0,3984.0,4034.0,1910.0,914.0,452.0,722.0,411.0,1105.0,3545.0,4284.0,4161.0,4446.0,4003.5,3061.0,1257.0,1644.0,2016.5,2585.5,3248.5,3576.5,3537.5,3847.0,2788.0,1781.0,686.0,1009.0,1068.0,1650.0,2635.0,3041.0,2938.0,3212.0,1910.0,1029.0,254.5,574.5,384.0,1049.5,3010.0,3440.5,3720.0,3660.0,1914.0,952.0,416.0,683.0,565.0,1206.0,3352.0,3905.0,3818.0,4020.0,2275.0,1098.0,476.0,793.0,505.0,1305.0,3611.0,4506.0,4497.0,4692.0,3857.5,3233.0,1169.5,1608.0,2055.0,2618.0,3280.5,3625.0,3395.5,3839.0,2511.0,1681.0,623.0,928.0,944.0,1470.0,2649.0,2995.5,3008.5,3161.5,2018.0,1089.5,412.5,688.5,493.0,1119.5,3081.0,3615.0,3508.0,3723.5,3561.0,2835.0,914.0,1214.0,1479.0,1968.0,2361.0,2671.0,2749.0,2925.0,2385.0,1552.0,399.0,697.5,672.5,1227.5,2551.0,2852.5,2878.5,3023.5,2243.5,1336.5,476.0,752.0,616.5,1201.5,2956.0,3413.5,3484.5,3544.5,2204.0,1197.0,429.0,713.0,568.0,1152.0,3201.0,3657.0,3828.0,3842.0,3063.0,2115.0,620.0,1006.0,1154.0,1741.0,2868.0,3193.0,3308.0,3432.0,1866.0,897.5,239.5,575.0,296.5,1031.5,3492.0,3974.5,4101.0,4127.0,2917.0,1710.0,483.0,854.0,770.0,1453.0,3399.0,3889.0,4079.0,4064.0,2503.0,1381.5,376.0,681.5,516.0,1086.0,3529.5,4231.5,4371.5,4385.0,1459.5,730.5,204.0,424.5,233.5,711.5,2788.5,3285.5,3440.0,3397.5,1640.0,789.5,212.0,470.5,242.0,816.0,3296.0,3901.0,4075.0,4053.0,1642.5,787.0,192.0,474.5,228.0,850.0,3446.5,4121.5,4390.0,4228.5,2675.0,1919.0,470.0,774.0,827.0,1379.0,2157.0,2421.0,2705.0,2768.0,1896.5,909.5,207.5,546.5,226.0,931.0,3828.0,4417.5,4733.5,4598.0,2011.0,892.0,230.0,577.0,216.0,921.0,4203.0,4953.0,5234.0,5061.0,2509.0,1682.5,465.0,761.0,761.5,1362.0,2903.0,3312.0,3768.5,3581.5,3003.5,2178.5,691.5,1038.0,1187.0,1717.0,2745.5,3027.5,3275.5,3278.0,2032.0,1183.0,379.0,687.0,533.0,1196.0,3520.0,4066.0,4303.0,4233.0,2020.0,1013.0,458.5,731.5,428.0,1110.0,3864.5,4658.5,4885.0,4793.0,2765.5,1806.5,595.5,900.5,910.5,1473.0,2997.5,3561.5,3906.0,3868.0,"{""type"":""MultiPoint"",""coordinates"":[]}"
465,3,2625.0,2323.5,739.0,947.5,1212.0,1370.0,1381.0,1548.0,1682.5,1722.0,1943.5,1870.5,685.5,796.0,971.5,1065.5,1070.0,1187.5,1281.5,1319.0,1883.0,1849.0,1319.5,1435.5,1480.5,1640.0,1830.0,1958.5,1821.0,2032.5,269.5,259.0,484.5,544.5,598.5,654.0,545.5,596.0,607.5,542.5,253.5,187.5,266.0,387.0,388.0,575.5,575.5,670.5,643.5,643.5,559.5,356.5,212.0,427.0,329.5,686.0,1016.0,1160.0,1107.0,1071.5,1281.5,701.5,247.5,481.5,280.5,788.0,2094.5,2565.5,2667.0,2564.0,1357.0,665.5,157.5,380.5,171.5,618.0,2357.5,3526.0,3487.5,3578.5,1314.5,622.0,151.0,307.0,152.5,542.0,2379.0,3927.0,4052.5,4133.5,1163.5,540.5,129.0,286.5,145.5,473.0,2249.5,4042.0,4275.0,4245.5,1150.0,538.5,172.0,294.0,156.5,487.0,2255.5,3971.0,4199.0,4202.5,2717.0,2517.0,745.5,932.0,1180.5,1271.0,1385.5,1515.0,1696.5,1715.0,1124.0,531.0,164.5,297.5,150.5,493.0,2173.5,3888.0,4206.0,4222.0,1362.5,567.0,1244.5,1374.0,1126.5,1448.5,2827.0,4104.0,4354.5,4373.5,1588.5,743.0,2170.5,2194.5,1885.5,2242.0,3203.0,3909.0,4022.5,4276.0,1440.0,661.0,842.5,1108.5,740.5,1461.5,3270.5,4588.5,4858.0,4911.0,1450.0,732.5,224.0,719.5,452.5,1302.5,3369.5,4346.5,4689.5,4690.0,1595.0,826.0,382.5,809.5,666.0,1491.0,3067.5,3750.5,4029.5,4177.0,3936.5,2506.0,1279.0,1919.0,2360.5,3308.0,4032.0,4355.0,4757.5,4886.5,4917.5,3302.5,1722.0,2323.0,3401.0,3734.0,4009.5,4396.0,4756.5,4793.5,5201.5,3465.0,1798.5,2533.0,3785.5,4238.0,4427.5,4734.5,5301.5,5182.0,1922.0,1482.5,2095.5,1939.5,2024.0,2184.5,2165.0,2147.0,2327.5,2160.0,0.0,0.0,0.0,0.0,0.0,0.0,0.0,0.0,0.0,0.0,2106.0,1393.5,922.5,1113.0,1389.5,1451.5,1533.5,1667.0,1712.0,1726.5,904.5,659.5,661.5,600.0,659.0,711.0,675.5,735.0,716.0,760.5,4052.5,3082.5,1201.0,1518.5,1954.0,2208.0,2372.5,2498.0,2705.5,2679.0,3160.0,2112.5,1111.5,1371.5,1758.0,2085.0,2253.5,2418.0,2659.5,2688.0,3623.0,2813.5,993.5,1244.5,1522.0,1873.0,2242.5,2425.5,2576.0,2577.0,0.0,0.0,0.0,0.0,0.0,0.0,0.0,0.0,0.0,0.0,0.0,0.0,0.0,0.0,0.0,0.0,0.0,0.0,0.0,0.0,2480.5,2018.5,568.5,873.0,925.5,1308.5,1974.5,2173.5,2297.5,2339.5,2091.5,1537.5,448.5,802.0,710.0,1285.0,2902.5,3173.0,3450.0,3346.5,1907.0,1315.0,428.0,796.0,624.0,1230.5,3383.0,3891.5,4127.0,3950.5,2068.0,1627.5,1286.0,1490.0,1368.5,1813.5,2920.5,3142.5,3456.5,3178.5,2319.5,1925.0,975.0,1070.5,1104.0,1312.0,1538.5,1677.0,1880.5,1782.5,2093.0,1924.0,490.5,644.5,812.5,944.0,1005.0,1087.0,1191.5,1228.0,"{""type"":""MultiPoint"",""coordinates"":[]}"
484,3,65.0,78.0,611.0,802.0,857.0,810.0,434.0,405.0,362.0,266.0,2601.5,2352.5,720.5,941.5,1240.0,1373.5,1449.5,1563.0,1710.5,1715.5,3022.0,2649.0,843.0,1173.0,1581.0,1736.0,1817.0,1945.0,2101.0,2118.0,3163.0,2911.0,1018.0,1287.0,1667.0,1833.0,1902.0,2037.0,2138.0,2215.0,215.0,223.5,470.5,652.5,779.0,926.5,768.0,852.5,816.0,746.0,197.0,174.0,372.0,575.0,625.0,814.0,712.0,786.0,748.0,650.0,336.5,237.5,293.0,495.5,432.5,710.5,825.0,915.0,894.0,800.0,980.5,525.0,216.5,466.5,229.0,721.0,1835.0,2218.0,2206.5,2111.0,1540.5,718.0,184.0,410.5,150.5,660.0,2823.5,3974.0,3996.5,3982.0,1206.0,536.0,130.0,312.0,123.0,493.0,2465.0,3759.0,3912.0,3747.0,1075.5,463.5,111.0,248.0,85.0,411.0,2336.5,3788.5,3873.5,3878.5,115.0,123.0,788.0,1151.0,1312.0,1285.0,832.0,829.0,770.0,545.0,988.0,403.0,126.0,217.0,70.0,352.0,2204.0,3725.0,3916.0,3857.0,1497.0,585.0,2426.0,2569.0,2072.0,2496.0,3921.0,5149.0,5291.0,5449.0,1501.5,690.0,1294.5,1464.0,1085.5,1704.5,3355.5,4365.5,4445.5,4622.5,1603.0,770.5,962.0,1346.5,886.5,1845.0,3838.5,4776.0,4984.0,5024.0,1618.0,841.0,404.0,1069.0,748.0,1900.5,3896.0,4619.5,4919.0,4891.5,1785.0,949.0,600.0,1205.5,1003.5,2127.5,3727.5,4275.0,4525.5,4590.5,2145.5,1215.5,684.5,1390.5,1389.5,2567.5,3776.0,4198.5,4541.5,4590.0,4417.0,2981.0,1386.0,1920.0,2213.0,3244.0,3785.0,4112.0,4452.0,4544.0,4803.5,3087.0,1525.5,2189.0,3212.0,3719.5,3977.5,4272.5,4780.0,4819.0,0.0,0.0,0.0,0.0,0.0,0.0,0.0,0.0,0.0,0.0,0.0,0.0,0.0,0.0,0.0,0.0,0.0,0.0,0.0,0.0,332.0,262.0,232.0,239.0,281.0,299.0,318.0,349.0,344.0,366.0,4236.0,3884.0,4038.0,3837.0,3832.0,4049.0,3904.0,3991.0,3857.0,3956.0,2771.0,2030.0,805.0,1032.0,1439.0,1665.0,1784.0,1890.0,2085.0,2112.0,0.0,0.0,0.0,0.0,0.0,0.0,0.0,0.0,0.0,0.0,33.0,44.0,857.0,1173.0,1321.0,1426.0,1012.0,1027.0,933.0,705.0,2890.0,2656.0,5052.0,4583.0,4284.0,4210.0,4033.0,4037.0,4170.0,3817.0,0.0,0.0,0.0,0.0,0.0,0.0,0.0,0.0,0.0,0.0,14.0,18.0,823.0,1092.0,1110.0,1057.0,618.0,601.0,522.0,345.0,351.5,238.5,664.0,914.5,1107.5,1170.5,925.0,986.5,1013.5,872.0,2570.0,1874.0,691.0,963.0,1363.0,1548.0,1673.0,1795.0,1959.0,2002.0,3700.0,2851.0,1313.0,1623.0,2125.5,2382.5,2495.5,2688.5,2859.0,2938.0,4172.5,3447.5,1421.0,1724.0,2220.5,2448.5,2593.0,2791.0,3122.0,3097.5,2408.0,2147.0,549.0,786.0,1082.0,1215.0,1277.0,1379.0,1519.0,1556.0,"{""type"":""MultiPoint"",""coordinates"":[]}"
506,69,3288.0,2950.5,910.0,1222.0,1667.0,1862.5,1909.0,2069.0,2232.0,2249.0,4429.0,4156.5,1266.0,1726.0,2277.0,2515.0,2608.0,2778.0,2927.5,2998.0,4517.0,4303.5,1328.5,1783.5,2368.0,2581.5,2640.5,2817.5,2979.5,3037.5,4528.0,4329.0,1344.5,1797.0,2385.5,2625.0,2675.5,2856.0,3015.0,3063.5,4573.5,4347.5,1377.0,1844.5,2434.5,2690.5,2727.5,2904.0,3038.0,3106.0,4609.5,4393.5,1423.0,1898.0,2509.0,2742.5,2765.5,2922.5,3055.0,3130.5,4659.0,4444.0,1444.0,1933.5,2545.0,2787.0,2810.5,2953.5,3079.5,3155.0,4665.0,4442.0,1422.5,1916.5,2536.0,2787.0,2828.0,2955.0,3086.0,3166.5,4656.5,4485.5,1382.0,1849.5,2454.5,2706.5,2714.0,2901.0,2974.5,3093.5,4695.5,4513.0,1396.0,1873.0,2475.5,2740.5,2743.0,2926.0,2974.5,3125.0,4668.0,4472.0,1375.5,1879.0,2479.0,2758.5,2745.0,2916.0,2950.5,3121.5,3513.0,3189.0,1029.5,1344.5,1790.5,2006.5,2087.0,2219.0,2346.0,2387.5,4644.5,4472.0,1375.5,1862.5,2456.0,2728.5,2749.0,2907.5,2979.5,3121.5,4570.5,4324.5,1357.0,1837.5,2430.5,2699.5,2731.5,2914.0,2978.5,3110.5,4670.5,4456.0,1359.5,1857.0,2376.5,2656.0,2787.5,3000.5,3025.5,3169.5,4491.0,4282.5,1407.0,1799.0,2342.0,2601.0,2739.5,2902.5,3021.5,3103.0,4475.0,4307.0,1341.0,1793.0,2338.0,2604.0,2700.5,2867.5,2990.5,3057.0,4444.5,4192.0,1324.5,1785.5,2328.0,2604.0,2653.0,2825.0,2925.5,3016.5,4439.0,4192.0,2566.5,2857.5,3153.0,3393.0,3561.0,3754.0,3854.5,3836.5,4307.5,3988.5,2615.5,2842.0,3077.5,3310.5,3545.5,3718.5,3831.5,3809.0,4098.0,3821.5,1193.0,1669.5,2175.5,2405.0,2500.5,2638.5,2760.0,2837.5,4301.5,4063.5,1211.5,1677.5,2235.5,2510.5,2554.5,2719.0,2780.0,2917.0,2953.5,2586.5,824.0,1094.0,1487.5,1645.5,1746.5,1865.0,2023.0,2020.5,4395.0,4099.5,1204.5,1678.5,2195.5,2537.0,2672.5,2859.0,2890.5,3065.0,3998.0,3405.0,1112.0,1542.0,1840.0,2261.5,2861.5,3037.5,3120.0,3229.0,3845.5,3431.5,1063.5,1423.0,1751.0,2124.5,2603.0,2824.0,2977.0,2994.0,3845.5,3431.5,1063.5,1423.0,1751.0,2124.5,2603.0,2824.0,2977.0,2994.0,2958.0,2363.0,545.0,900.0,1207.5,1565.5,1973.0,2161.5,2268.5,2307.5,0.0,0.0,0.0,0.0,0.0,0.0,0.0,0.0,0.0,0.0,3935.0,3502.5,1108.0,1551.5,1932.5,2321.5,2617.5,2786.5,2894.5,2947.5,3767.0,3266.0,1006.0,1410.0,1668.5,2119.5,2836.5,3061.5,3186.0,3199.5,3571.5,2937.0,895.0,1284.5,1478.5,1961.5,2860.0,3085.0,3283.5,3259.0,0.0,0.0,0.0,0.0,0.0,0.0,0.0,0.0,0.0,0.0,4276.5,4087.5,1062.0,1452.5,1997.5,2239.5,2307.5,2486.5,2661.0,2727.5,4330.5,4087.5,1074.5,1517.0,2069.0,2311.0,2394.5,2578.5,2741.5,2778.0,4360.5,4107.5,1165.5,1600.0,2153.5,2406.0,2495.5,2665.5,2835.0,2904.0,"{""type"":""MultiPoint"",""coordinates"":[]}"
514,69,3646.0,3291.0,1714.0,1816.0,1819.0,2171.0,2509.0,2581.0,2772.0,2749.0,3480.5,3309.0,776.0,1068.0,1407.0,1654.0,1883.0,2015.0,2241.0,2267.0,3513.5,3340.0,714.5,1008.0,1324.0,1584.0,1840.5,2032.5,2217.5,2273.0,3228.5,2999.5,694.0,987.0,1224.5,1528.5,1925.5,2120.5,2282.0,2361.5,3183.0,2860.0,643.5,963.5,1143.5,1511.5,2108.5,2320.0,2511.5,2547.0,3161.0,2805.0,654.0,956.0,1102.0,1487.0,2213.0,2502.0,2676.0,2727.0,3097.0,2599.0,583.5,911.5,1000.0,1437.0,2408.0,2781.0,2967.0,2996.5,3162.0,2611.0,586.5,906.0,1028.0,1463.5,2485.5,2871.5,3014.5,3089.0,3235.5,2656.0,593.0,916.0,1044.0,1492.0,2522.0,2902.5,3061.0,3176.5,3094.0,2439.0,571.0,882.0,1001.0,1435.0,2511.0,2944.0,3115.0,3210.0,3082.0,2445.0,567.0,860.0,972.0,1389.0,2548.0,2985.0,3188.0,3238.0,2382.0,2045.0,303.0,618.0,659.0,1057.0,1556.0,1687.0,1932.0,1843.0,2991.0,2378.0,590.0,867.0,971.0,1374.0,2429.0,2890.0,3065.0,3165.0,2963.0,2235.5,1462.0,1555.0,1503.0,1826.5,2685.5,3048.5,3231.5,3333.5,2690.0,2004.0,1718.0,1829.0,1787.0,2038.0,2503.0,2733.0,2794.0,2930.0,2647.0,1973.0,879.5,1031.5,1051.5,1396.0,2289.0,2666.5,2846.5,2915.5,2487.5,1852.5,474.5,718.5,819.5,1186.0,2010.0,2336.5,2588.0,2651.5,2617.0,1921.5,475.5,710.5,867.5,1294.5,1946.0,2223.0,2454.0,2569.0,3056.0,2335.0,595.0,842.5,1144.0,1549.5,2019.5,2282.0,2530.5,2668.0,3038.0,2429.0,664.0,874.0,1170.0,1495.0,1932.0,2141.0,2495.0,2527.0,3021.5,2499.0,588.5,849.5,1186.5,1511.5,1881.0,2086.5,2411.0,2446.5,2407.0,1768.0,447.0,682.0,942.0,1309.0,1583.0,1750.0,1894.0,1988.0,2533.0,2065.0,2293.0,2316.0,2301.0,2567.0,2744.0,2786.0,2914.0,2824.0,1814.0,1400.0,702.0,758.0,787.0,1011.0,1281.0,1358.0,1786.0,1454.0,4265.0,4089.0,4342.0,3999.0,3797.0,4057.0,4137.0,4128.0,4145.0,4100.0,1929.5,1329.0,312.5,605.5,467.0,1025.0,1984.0,2175.0,2241.5,2362.0,1999.0,1390.0,395.0,595.0,521.0,1008.0,1933.0,2159.0,2230.0,2350.0,2107.0,1389.0,353.0,663.0,541.5,1138.0,2492.0,2761.0,3037.0,3013.5,0.0,0.0,0.0,0.0,0.0,0.0,0.0,0.0,0.0,0.0,0.0,0.0,0.0,0.0,0.0,0.0,0.0,0.0,0.0,0.0,2055.0,1512.0,375.0,604.0,545.0,1021.0,1840.0,1971.0,2138.0,2176.0,2570.0,2045.0,465.0,825.0,828.0,1360.0,2298.0,2526.0,2755.0,2710.0,2944.0,2867.0,650.0,870.0,1097.0,1325.0,1470.0,1608.0,1806.0,1843.0,3879.5,3621.0,2390.0,2452.0,2594.0,2885.5,3127.5,3292.5,3396.5,3448.5,3162.0,3024.5,785.0,1076.0,1469.0,1733.0,2059.5,2318.0,1808.0,2531.0,3624.0,3444.0,817.0,1107.0,1473.0,1716.0,1829.0,1952.0,2194.0,2230.0,"{""type"":""MultiPoint"",""coordinates"":[]}"
517,3,245.5,241.0,359.5,533.5,620.5,723.0,550.0,593.5,594.5,520.0,3016.5,2840.5,705.0,984.0,1391.5,1579.0,1642.5,1791.0,1913.0,1980.5,0.0,0.0,0.0,0.0,0.0,0.0,0.0,0.0,0.0,0.0,356.0,350.5,430.5,567.0,709.5,782.0,602.5,654.5,667.5,544.0,347.5,326.5,362.0,545.0,606.5,840.5,745.0,808.0,813.5,694.0,820.5,597.0,361.5,676.0,504.0,1061.0,1475.0,1595.0,1512.0,1448.0,1361.5,826.5,288.0,595.5,335.0,922.0,2199.0,2566.5,2581.0,2574.0,1447.0,753.0,199.0,454.0,194.5,674.0,2364.5,3220.0,3243.0,3256.5,1608.5,761.0,165.5,367.5,158.0,579.0,2869.0,4658.5,4741.0,4844.0,1353.5,594.5,119.5,284.0,117.5,481.0,2642.0,4634.5,4883.0,4905.5,1305.5,583.0,181.5,339.5,144.5,490.0,2604.5,4594.5,4745.0,4850.5,383.5,331.0,236.0,406.5,550.0,681.0,644.5,729.5,794.0,723.5,1267.5,559.0,177.0,312.0,120.5,477.0,2537.0,4484.0,4773.0,4804.5,1551.0,658.5,1927.5,2057.5,1692.0,1985.5,3415.0,4581.0,4788.0,4889.5,1727.0,836.5,1062.0,1310.0,904.5,1740.0,3473.5,4440.0,4529.5,4796.5,1639.5,788.0,968.0,1276.0,898.0,1745.5,3602.5,4609.0,4818.0,4935.5,1739.0,918.5,337.5,943.5,709.5,1754.0,3739.5,4516.0,4862.0,4868.0,1872.0,1003.5,490.0,1024.5,874.0,1883.0,3435.0,4043.5,4283.5,4436.0,2200.0,1249.0,527.0,1126.0,1102.5,2191.0,3574.5,4061.0,4425.0,4538.5,2454.5,1483.0,676.5,1283.5,1403.5,2465.0,3510.5,3978.0,4402.0,4466.5,4266.5,2825.5,1173.5,1709.5,2401.0,2993.0,3338.0,3616.5,4047.0,4089.5,1863.5,1320.0,1495.0,1634.0,1780.5,1940.5,2041.5,2106.5,2106.5,2248.5,0.0,0.0,0.0,0.0,0.0,0.0,0.0,0.0,0.0,0.0,2801.0,2088.0,1084.5,1301.0,1661.5,2001.0,2093.0,2244.0,2382.0,2444.0,1745.0,1626.5,1943.0,1792.5,1666.0,1723.0,1664.0,1755.5,1796.5,1659.5,346.5,276.0,288.5,418.0,584.0,753.5,740.0,828.5,838.5,779.5,584.5,412.5,406.0,496.5,652.0,806.0,913.5,939.0,1064.5,997.0,283.0,225.5,509.0,800.0,1050.0,1277.5,1127.5,1203.0,1196.5,1049.0,0.0,0.0,0.0,0.0,0.0,0.0,0.0,0.0,0.0,0.0,0.0,0.0,0.0,0.0,0.0,0.0,0.0,0.0,0.0,0.0,1390.5,1124.5,415.0,588.5,809.5,1008.5,1052.0,1152.0,1231.5,1232.0,2690.0,2245.0,584.0,841.5,1161.5,1352.0,1489.5,1630.0,1796.0,1813.0,0.0,0.0,0.0,0.0,0.0,0.0,0.0,0.0,0.0,0.0,3151.5,2490.0,770.5,1031.0,1373.0,1641.0,1804.5,2013.5,2164.0,2205.0,3741.5,3348.5,970.0,1295.0,1711.5,1960.5,2120.0,2306.0,2558.0,2560.0,3897.5,3515.0,1101.5,1434.0,1861.0,2119.5,2293.0,2487.0,2677.5,2708.5,"{""type"":""MultiPoint"",""coordinates"":[]}"
531,75,1460.5,1234.5,360.5,544.0,697.0,915.0,1106.5,1222.5,1260.5,1277.0,2996.5,2032.5,731.5,1181.5,1526.0,2094.0,2819.0,3140.5,3499.0,3491.0,3300.5,2372.0,743.0,1234.5,1696.0,2226.5,2808.5,3042.0,3339.0,3409.0,3385.5,2472.5,876.5,1316.5,1759.5,2266.0,2823.0,3134.0,3411.0,3460.0,3385.5,2458.0,908.5,1357.5,1778.5,2275.5,3069.0,3404.5,3653.5,3719.5,3358.0,2284.0,868.0,1344.5,1763.5,2245.5,3069.0,3404.5,3712.0,3719.5,2988.0,1987.5,775.5,1174.5,1599.0,2076.5,2867.5,3235.5,3606.5,3639.5,3433.5,2328.5,803.0,1270.5,1740.0,2361.5,2935.5,3320.5,3607.5,3690.0,3449.0,2369.5,900.5,1372.5,1939.0,2450.0,2990.0,3381.5,3605.0,3785.0,3441.5,2359.0,893.5,1372.5,1939.0,2450.0,2990.0,3391.0,3555.0,3785.0,3338.0,2264.0,885.0,1346.5,1863.0,2333.0,3033.5,3456.0,3653.0,3753.5,2025.5,1686.0,591.5,853.5,961.0,1316.5,1802.0,1929.5,2006.5,2029.0,3388.0,2393.5,931.5,1384.0,1925.0,2404.5,3033.5,3456.0,3653.0,3753.5,3388.0,2393.5,931.5,1384.0,1939.0,2404.5,2966.0,3353.5,3551.5,3712.0,3212.5,2350.0,1090.0,1500.0,1943.0,2406.0,3026.0,3339.5,3551.5,3623.0,3148.5,2317.0,1023.5,1342.0,1733.0,2129.0,2796.0,3172.5,3371.0,3407.0,3153.5,2317.0,978.5,1341.0,1771.0,2185.0,2791.5,3110.0,3376.0,3418.0,3181.0,2266.0,890.5,1319.5,1779.5,2185.0,2721.5,3076.5,3274.5,3354.0,3121.5,2364.5,897.0,1296.5,1818.0,2198.0,2698.5,3016.0,3246.5,3313.5,3121.5,2308.5,873.5,1296.5,1818.0,2196.5,2652.0,2971.0,3212.0,3257.5,2771.5,2033.0,786.5,1114.0,1541.5,1905.0,2432.5,2691.0,2894.0,2929.0,2436.0,1844.5,803.5,1068.5,1339.5,1738.5,2303.0,2534.5,2705.0,2810.5,1758.0,1423.0,380.5,642.0,789.5,1133.0,1562.5,1692.0,1833.0,1809.5,2116.0,1563.0,480.0,780.5,852.0,1331.5,2069.5,2343.0,2390.0,2515.0,1350.5,947.5,425.0,668.0,561.0,993.0,1857.0,2092.0,2176.5,2186.5,2086.0,1448.0,1097.0,1323.0,1075.0,1662.0,3353.0,3742.5,3858.0,3876.5,1791.5,985.5,320.5,676.0,350.0,1147.0,3582.5,4159.0,4282.5,4372.5,2017.0,1242.0,2053.0,2097.5,1992.5,2306.0,2726.0,2803.0,2912.0,2894.0,0.0,0.0,0.0,0.0,0.0,0.0,0.0,0.0,0.0,0.0,2379.0,2058.0,570.5,1022.0,1326.5,1672.0,1915.0,2036.0,2152.5,2144.5,1703.0,1492.5,407.5,748.0,922.5,1231.0,1501.5,1629.5,1635.5,1688.5,1656.5,1309.5,401.5,740.5,846.5,1183.0,1790.5,1943.5,1984.0,2002.0,1672.5,1101.5,385.0,714.0,632.0,1210.0,2946.0,3419.0,3525.0,3446.5,1881.5,1328.0,479.5,808.5,761.0,1331.5,3086.0,3621.0,3739.0,3687.0,2284.5,1605.5,575.0,924.0,932.0,1644.0,3227.0,3822.5,3949.5,3913.5,2982.0,2162.0,769.0,1199.5,1398.5,2021.5,2669.5,2977.5,3422.0,3392.5,"{""type"":""MultiPoint"",""coordinates"":[]}"
591,2,2848.5,2564.5,1223.0,1294.5,1502.5,1610.0,1650.5,1756.5,1923.0,1895.5,3491.5,3319.0,1098.0,1322.5,1576.0,1746.5,1881.5,1987.5,2157.0,2178.5,3482.5,3340.5,1102.0,1307.5,1554.5,1735.0,1915.0,2023.5,2208.0,2208.0,3446.0,3189.0,1052.0,1283.0,1505.0,1717.0,1990.0,2107.0,2247.0,2308.0,3426.0,3075.0,1040.0,1281.0,1434.0,1741.0,2288.0,2456.0,2564.0,2663.0,3284.0,2727.0,910.0,1200.0,1269.0,1683.0,2560.0,2824.0,2972.0,2998.0,2310.0,1463.0,535.0,931.0,684.0,1418.0,2602.0,2963.0,3012.0,3109.0,2332.0,1463.0,515.0,931.0,684.0,1418.0,3056.0,3358.0,3461.0,3548.0,2050.5,1008.0,352.0,702.0,391.0,1092.0,3726.5,4481.0,4523.0,4605.5,1997.5,864.5,351.0,738.5,332.5,1185.5,4253.5,5171.0,5232.5,5318.0,2248.0,973.0,378.0,889.0,375.0,1498.0,4680.0,5713.0,5803.0,5950.0,2962.5,2690.5,1269.0,1359.5,1571.0,1679.0,1718.5,1824.0,1996.0,1967.5,2248.0,973.0,378.0,758.0,375.0,1147.0,4582.0,5713.0,5803.0,5950.0,2116.5,931.0,383.0,858.0,431.0,1379.0,4434.5,5403.5,5532.5,5677.0,2160.0,937.0,438.0,941.0,518.0,1536.0,4378.0,5275.0,5265.0,5614.0,2095.0,970.0,580.0,1013.0,586.0,1614.0,4159.0,4961.0,5207.0,5215.0,2028.0,950.0,575.0,987.0,586.0,1489.0,4041.0,4786.0,5023.0,5035.0,1949.0,955.0,542.0,933.0,610.0,1489.0,3764.0,4379.0,4571.0,4657.0,1955.0,990.5,525.0,904.5,626.5,1456.0,3336.5,3879.0,4104.5,4228.0,2048.5,1100.0,584.0,805.0,671.0,1279.5,2813.0,3247.0,3500.5,3651.0,2475.0,1485.0,779.0,1038.0,1155.0,1729.0,2400.0,2710.0,3051.0,3231.0,2659.0,1667.0,933.0,1148.0,1538.0,1886.0,2166.0,2439.0,2704.0,3012.0,2909.0,2654.5,767.5,943.5,1213.5,1348.0,1413.0,1527.5,1730.0,1743.5,2820.0,1870.5,777.0,943.5,1311.0,1611.5,1826.5,2079.5,2359.5,2606.0,2811.0,2503.0,578.0,774.0,1034.0,1179.0,1235.0,1362.0,1546.0,1597.0,2764.0,2628.0,691.0,811.0,1036.0,1147.0,1199.0,1309.0,1472.0,1496.0,2764.0,2628.0,691.0,811.0,1036.0,1147.0,1199.0,1309.0,1472.0,1496.0,2503.0,2187.0,490.0,654.0,880.0,992.0,1074.0,1160.0,1306.0,1388.0,0.0,0.0,0.0,0.0,0.0,0.0,0.0,0.0,0.0,0.0,1075.5,733.5,457.0,642.5,666.5,946.5,917.0,979.0,992.5,980.0,2092.0,1454.0,611.5,805.0,878.5,1124.5,1208.0,1302.0,1407.0,1442.0,2220.0,1601.0,745.0,974.0,1051.0,1276.0,1368.0,1453.0,1588.0,1585.0,2076.0,1623.0,853.0,986.5,1117.5,1240.0,1284.0,1371.5,1491.5,1472.0,2773.5,2471.5,1200.5,1359.5,1553.0,1701.0,1746.0,1841.0,1951.5,1951.0,4443.0,4138.0,1727.0,2045.0,2391.0,2625.0,2716.0,2850.0,3049.0,3048.0,2733.0,2633.0,1084.0,1212.0,1423.0,1510.0,1591.0,1678.0,1847.0,1870.0,"{""type"":""MultiPoint"",""coordinates"":[]}"
658,3,102.0,94.0,376.0,703.0,916.0,1043.0,861.0,908.0,902.0,792.0,3097.5,2892.5,693.0,1078.5,1541.5,1704.5,1778.5,1909.0,2052.5,2045.0,4507.0,4064.0,957.0,1653.0,2432.0,2715.0,2841.0,2956.0,3178.0,3105.0,276.0,278.5,280.5,480.0,646.5,816.5,570.0,639.5,624.0,496.0,76.0,79.0,183.5,366.5,487.0,617.0,482.0,558.0,537.5,441.0,234.5,200.0,239.0,391.5,459.0,646.5,579.5,649.0,644.5,588.0,545.0,362.0,274.0,400.5,311.0,562.0,934.5,1042.5,1035.0,959.0,846.5,472.5,176.0,323.0,143.5,502.0,1328.0,1604.5,1600.0,1584.5,884.5,428.0,76.5,180.0,36.5,289.0,1622.5,2437.0,2437.0,2442.0,1010.0,437.0,70.0,186.0,40.0,308.0,2105.0,3544.0,3784.0,3730.0,1046.0,445.5,79.5,192.5,20.0,312.0,2322.0,3889.0,4039.0,4093.0,997.0,730.0,496.0,822.0,1022.5,1160.0,1143.0,1204.0,1271.5,1194.5,1203.0,507.0,147.0,279.0,73.0,391.0,2526.0,4189.0,4384.0,4406.0,1517.0,629.0,1416.5,1597.0,1227.0,1693.5,3467.5,4604.0,4839.5,4837.5,1628.5,774.0,1174.5,1438.5,1085.0,1807.5,3478.0,4256.0,4383.5,4511.5,1653.0,821.0,960.5,1328.0,979.5,1905.5,3620.0,4234.5,4476.5,4521.5,1832.0,980.5,435.5,1084.5,924.5,2047.0,3400.5,3849.5,4232.5,4220.0,2096.5,1202.0,593.5,1147.5,1175.0,2137.5,3124.0,3489.5,3788.0,3869.5,2478.0,1493.5,676.5,1252.0,1392.5,2310.5,3096.5,3461.5,3859.5,3946.0,2629.0,1673.0,747.0,1271.0,1519.0,2294.0,2914.0,3258.0,3657.0,3741.0,4157.0,2919.5,988.5,1428.0,2138.0,2517.5,2738.5,2974.5,3391.5,3401.5,2485.0,1655.0,3029.0,3080.0,3133.0,3400.0,3415.0,3453.0,3522.0,3468.0,0.0,0.0,0.0,0.0,0.0,0.0,0.0,0.0,0.0,0.0,1502.0,1128.0,677.0,804.0,1093.0,1282.0,1329.0,1442.0,1542.0,1540.0,0.0,0.0,0.0,0.0,0.0,0.0,0.0,0.0,0.0,0.0,1508.0,1111.5,509.0,656.0,868.0,1037.0,1062.0,1161.0,1230.0,1283.0,0.0,0.0,0.0,0.0,0.0,0.0,0.0,0.0,0.0,0.0,1379.0,974.0,326.0,475.0,749.0,902.0,1010.0,1115.0,1235.0,1227.0,0.0,0.0,0.0,0.0,0.0,0.0,0.0,0.0,0.0,0.0,0.0,0.0,0.0,0.0,0.0,0.0,0.0,0.0,0.0,0.0,9.0,19.0,272.0,584.0,707.0,844.0,693.0,776.0,742.0,623.0,1983.0,1496.0,426.0,790.0,988.0,1154.0,1231.0,1262.0,1377.0,1388.0,130.0,117.0,373.0,767.0,975.0,1093.0,828.0,868.0,851.0,666.0,292.0,183.0,241.0,604.0,827.0,1015.0,983.0,1124.0,1140.0,1100.0,3103.0,2661.5,876.0,1388.0,1769.0,1987.5,2078.0,2184.0,2304.5,2223.0,2894.0,2624.0,525.0,908.0,1365.0,1516.0,1616.0,1747.0,1879.0,1885.0,"{""type"":""MultiPoint"",""coordinates"":[]}"
682,204,3128.0,2403.0,509.0,780.0,1428.0,2040.0,2443.0,2784.0,3240.0,3370.0,3559.0,2615.0,697.5,1074.5,1481.0,2045.0,2565.0,2891.5,3123.5,3238.0,3337.0,2402.5,617.5,984.5,1257.0,1894.0,2862.5,3231.5,3468.5,3575.0,2848.0,2001.0,545.0,919.0,1081.0,1660.0,2797.0,3311.0,3577.0,3655.0,2874.0,1934.5,507.0,870.0,1044.5,1623.0,3168.5,3732.5,4001.0,4045.5,2850.0,1835.5,482.5,860.5,1007.5,1624.0,3248.5,3845.0,4116.0,4155.5,2575.5,1705.5,480.5,802.5,910.0,1480.5,2858.0,3540.5,3812.5,3872.0,2508.0,1704.0,465.0,804.0,892.0,1465.0,2854.0,3519.0,3851.0,3849.0,2524.0,1609.0,417.0,750.0,819.0,1389.0,2883.0,3680.0,3882.0,3997.0,2823.0,1870.0,554.0,853.0,1038.0,1498.0,2883.0,3680.0,3882.0,3997.0,2823.0,1896.0,654.0,951.0,1148.0,1638.0,2773.0,3474.0,3635.0,3824.0,3405.0,2729.0,520.0,768.0,1204.0,1656.0,1980.0,2222.0,2565.0,2734.0,2943.5,1927.0,658.5,950.0,1141.5,1682.5,3014.0,3748.0,3942.5,4218.0,2763.5,1774.0,550.0,888.0,1063.5,1583.0,3049.5,3766.0,4046.0,4126.0,2466.5,1636.0,684.0,890.5,1039.0,1531.0,2706.5,3360.5,3564.0,3731.0,2464.0,1678.0,643.0,906.0,1068.0,1614.0,2725.0,3335.0,3506.0,3634.0,2303.0,1531.0,616.0,866.0,937.0,1374.0,2572.0,3139.0,3454.0,3474.0,2300.0,1516.0,562.0,837.0,965.0,1422.0,2488.0,3065.0,3278.0,3434.0,2445.0,1613.5,1316.5,1530.0,1548.0,1917.5,2746.0,3190.5,3359.5,3532.5,2480.0,1703.0,695.0,918.0,1113.0,1530.0,2481.0,2946.0,3224.0,3332.0,2323.0,1506.0,507.0,728.5,949.5,1400.0,2381.5,2840.5,3171.5,3279.0,1236.0,861.0,362.0,437.0,528.0,816.0,1518.0,1873.5,2001.0,2138.0,3181.5,2434.0,544.5,777.5,1140.0,1504.5,1882.0,2105.0,2430.0,2551.0,2189.0,1427.0,526.0,689.0,845.0,1421.0,2323.0,2837.0,3085.0,3236.0,2405.0,1518.0,662.0,814.0,877.0,1550.0,2388.0,2752.0,3014.0,3145.0,2967.5,2034.5,683.5,887.0,1021.5,1589.0,2252.5,2520.0,2814.5,2958.0,2945.0,2086.0,653.0,937.0,1144.0,1699.0,2308.0,2551.0,2726.0,2956.0,2883.0,2081.5,592.0,813.5,1063.5,1584.0,2050.0,2307.5,2518.0,2711.0,2246.0,1594.5,841.5,963.0,1061.0,1392.0,1843.5,2015.0,2242.0,2277.0,3436.0,2770.5,534.5,793.0,1031.0,1500.0,2028.5,2334.5,2463.5,2651.0,3418.0,2779.0,732.0,961.0,1112.0,1525.0,2223.0,2545.0,2756.0,2811.0,3435.0,2722.0,566.0,830.0,1032.0,1512.0,2277.0,2603.0,2839.0,2884.0,3372.0,2719.5,613.5,912.0,1122.5,1546.5,2244.5,2518.5,2798.0,2843.5,2908.5,2339.5,598.5,842.5,978.0,1430.0,2045.5,2321.5,2502.0,2587.0,3369.0,2734.0,572.0,924.0,1224.0,1715.0,2351.0,2628.0,2814.0,2913.0,3572.0,2796.0,661.0,995.5,1375.5,1927.0,2469.5,2756.5,2991.5,3056.5,"{""type"":""MultiPoint"",""coordinates"":[]}"
708,75,1838.0,1386.0,557.0,653.0,675.0,951.0,1189.0,1311.0,1468.0,1555.0,2183.0,1701.0,461.5,675.0,711.0,1143.5,2147.0,2487.5,2713.5,2721.5,2762.0,2090.0,519.0,847.0,926.0,1386.0,2565.0,2985.0,3174.0,3234.0,2263.0,1718.0,458.5,671.5,696.5,1107.5,2192.5,2569.0,2748.5,2791.0,2412.0,1896.0,532.0,734.0,819.0,1188.0,2279.0,2579.0,2764.0,2844.0,2397.0,1992.0,511.0,750.0,783.0,1218.0,2296.0,2638.0,2866.0,2810.0,2564.0,1980.0,533.0,742.0,886.0,1327.0,2288.0,2579.0,2794.0,2845.0,2520.0,1804.0,530.0,798.0,931.0,1254.0,2238.0,2541.0,2739.0,2786.0,2520.0,1804.0,489.0,761.0,870.0,1254.0,2110.0,2506.0,2544.0,2653.0,2500.0,1889.0,513.0,739.5,830.0,1269.5,2110.0,2477.0,2538.0,2668.0,2414.0,1755.0,516.0,776.0,842.0,1254.0,2110.0,2448.0,2524.0,2683.0,2281.0,1888.0,605.0,720.0,893.0,1175.0,1298.0,1452.0,1593.0,1677.0,2693.5,2015.0,547.0,826.0,939.0,1328.0,2161.5,2529.5,2609.5,2774.5,2598.5,1959.0,605.5,862.5,1017.5,1416.5,2244.0,2616.5,2737.5,2891.0,2857.0,2272.0,615.0,898.0,1040.0,1406.0,2188.0,2542.0,2705.0,2855.0,3125.0,2445.0,723.0,1016.0,1220.0,1646.0,2294.0,2639.0,2858.0,2979.0,2622.0,2009.0,583.0,841.0,1117.0,1503.0,2166.0,2411.0,2680.0,2748.0,3088.0,2346.0,688.0,978.0,1275.0,1674.0,2336.0,2624.0,2837.0,2920.0,3279.5,2671.0,810.0,1111.0,1384.5,1793.5,2211.0,2447.0,2632.5,2747.0,3537.0,3139.0,838.0,1149.0,1497.0,1901.0,2278.0,2536.0,2766.0,2827.0,3487.0,2808.0,730.0,982.0,1451.0,1734.0,1969.0,2124.0,2341.0,2426.0,2853.5,2136.5,804.0,1036.5,1393.5,1650.0,1856.0,2072.0,2280.5,2395.5,2102.0,1684.0,522.0,616.5,754.5,1019.0,1274.5,1457.0,1644.5,1702.0,3172.0,2448.0,684.0,898.0,1336.0,1587.0,1737.0,2020.0,2220.0,2365.0,3131.5,2871.0,1791.5,1853.5,2024.5,2200.0,2316.5,2394.0,2454.5,2539.5,2489.0,2254.0,503.0,647.0,886.0,1044.0,1244.0,1401.0,1497.0,1552.0,2478.0,2139.0,443.0,622.0,831.0,1039.0,1244.0,1401.0,1423.0,1552.0,1276.0,919.0,178.0,309.0,384.5,571.0,866.0,969.0,1085.5,1106.0,0.0,0.0,0.0,0.0,0.0,0.0,0.0,0.0,0.0,0.0,2007.0,1518.0,390.0,535.0,671.0,964.0,1212.0,1297.0,1522.0,1612.0,2065.5,1687.5,593.5,704.5,848.5,1147.5,1417.0,1588.5,1654.0,1778.0,2352.0,1855.0,683.0,843.0,1104.0,1470.0,1727.0,1903.0,2132.0,2186.0,1975.0,1432.0,530.5,708.5,776.5,1240.0,1786.5,1997.5,2166.5,2225.5,1702.5,1120.5,348.5,538.5,542.5,996.5,1706.5,1892.0,2082.5,2114.0,2027.0,1499.0,335.0,572.0,585.0,1050.0,2039.0,2335.0,2563.0,2493.0,2517.0,1882.0,513.0,749.0,795.0,1294.0,2439.0,2725.0,3012.0,3001.0,"{""type"":""MultiPoint"",""coordinates"":[]}"
747,24,2011.0,1354.0,413.5,657.0,555.0,972.5,2151.5,2515.0,2561.0,2574.0,1553.5,821.0,370.5,640.5,515.5,1009.5,2959.0,4062.5,4336.0,4386.0,1644.5,885.5,531.0,883.0,730.0,1381.0,2931.5,4007.0,4230.0,4282.0,4335.0,3639.5,1117.5,1510.0,1997.5,2352.0,2604.0,2752.0,3004.5,3092.5,4516.5,3878.0,1290.0,1674.0,2213.5,2524.5,2659.0,2861.0,3067.5,3145.0,4566.0,3978.5,1352.5,1761.5,2316.5,2625.0,2708.0,2940.0,3109.0,3200.0,4631.5,4034.0,1404.0,1822.0,2387.5,2702.5,2756.5,2976.5,3153.5,3236.5,4551.0,4037.0,1402.5,1822.5,2370.0,2663.0,2775.5,2956.5,3166.0,3224.5,4301.0,4078.5,1403.5,1781.0,2224.0,2454.0,2491.5,2664.5,2790.5,2877.0,4262.0,4038.0,1428.5,1810.5,2235.0,2477.5,2497.0,2677.5,2770.0,2866.0,4206.0,3989.5,1414.5,1791.5,2200.5,2452.5,2483.0,2636.5,2721.0,2849.0,1639.0,863.5,305.5,517.5,344.0,818.5,2969.0,3738.0,3748.5,3828.0,4193.0,3980.0,1453.0,1798.0,2202.0,2462.0,2468.0,2597.0,2707.0,2817.0,4107.0,3760.0,1395.0,1797.0,2194.0,2412.0,2477.0,2622.0,2698.0,2807.0,4118.5,3889.0,1387.5,1757.5,2182.0,2431.5,2489.0,2656.0,2707.0,2871.5,4016.5,3829.0,1272.0,1609.5,2014.0,2224.0,2288.5,2454.5,2563.5,2648.0,4016.5,3829.0,1247.5,1595.0,1998.0,2211.5,2283.0,2422.5,2538.0,2623.0,4129.5,4048.5,1278.5,1605.5,1989.5,2223.0,2292.5,2450.5,2529.0,2666.5,2389.0,1706.5,568.5,763.0,882.5,1137.5,1263.5,1352.5,1505.5,1521.0,4202.0,3400.5,1324.0,1735.5,2160.5,2509.5,2668.5,2829.5,2972.5,3000.5,4517.0,3880.0,1542.0,2008.5,2519.0,2845.0,2938.5,3066.5,3188.0,3289.0,3420.5,3271.0,854.5,1136.0,1422.0,1610.0,1660.5,1797.0,1875.5,1973.5,1448.0,688.0,195.5,439.5,263.0,723.0,3026.0,3860.0,4033.5,4001.0,3557.0,3159.5,1043.0,1347.5,1618.5,1837.0,1888.0,2038.5,2110.0,2246.5,2047.0,1321.0,453.5,763.5,788.5,1108.5,1378.5,1520.5,1596.5,1625.0,1862.0,1073.5,424.5,780.5,521.5,1153.0,1851.0,2061.0,2139.5,2133.0,1610.0,921.0,402.0,735.5,521.5,1070.0,1828.0,2023.5,2117.5,2087.5,2896.5,2233.5,2356.0,2415.0,2385.5,2724.5,3156.0,3289.0,3347.0,3360.5,0.0,0.0,0.0,0.0,0.0,0.0,0.0,0.0,0.0,0.0,1361.5,575.5,165.5,457.5,183.0,783.5,3478.0,4678.5,4748.5,4776.0,1454.5,621.0,130.5,411.5,136.0,739.5,3519.0,4897.5,4996.0,5006.0,1497.5,668.0,174.5,442.5,193.5,759.5,3557.0,4908.0,5322.5,5128.0,1609.0,717.0,209.5,482.5,202.5,787.5,3633.5,5125.0,5506.0,5373.0,1690.5,767.0,327.0,571.5,288.5,858.0,3804.0,5360.0,5351.0,5594.5,1424.0,691.5,242.0,496.5,240.0,794.5,3601.5,5098.5,5306.5,5308.5,1388.5,690.0,380.0,558.5,348.0,820.5,3419.5,5010.0,5273.0,5258.0,"{""type"":""MultiPoint"",""coordinates"":[]}"
772,36,1675.0,1046.0,0.0,305.0,775.0,1188.0,1288.0,1472.0,1603.0,1727.0,2849.0,2172.5,926.0,1184.5,1364.0,1735.0,2585.0,2852.5,3044.5,3028.5,2643.0,1890.0,808.0,1096.0,1138.0,1601.0,2831.0,3204.0,3341.0,3412.0,2316.0,1504.5,505.5,803.0,751.5,1303.0,3001.5,3479.5,3599.0,3687.0,3440.0,2500.5,1789.0,2225.5,2238.0,2738.5,4285.5,4812.5,4840.0,4926.0,1770.0,945.0,581.5,845.0,568.0,1229.5,3882.0,4676.0,4747.5,4829.5,1421.0,693.0,304.5,533.5,371.0,910.5,2796.0,3539.5,3600.0,3629.5,3131.5,2035.0,828.5,1223.5,1468.0,2180.0,3115.0,3498.5,3719.5,3912.5,2849.0,1831.5,612.5,973.5,1049.5,1643.0,3126.5,3577.0,3711.0,3916.0,2109.0,1079.0,281.0,583.0,420.0,1028.0,3625.0,4505.0,4561.0,4577.0,2230.0,1249.5,358.5,661.5,506.0,1201.0,3254.0,3926.0,4067.5,4202.5,2504.0,2030.0,728.5,917.5,1211.0,1482.0,1715.0,1871.5,2008.0,2052.0,2579.0,1553.5,2636.5,2773.5,2542.0,2865.5,3540.0,3708.5,3787.5,3760.5,2087.0,999.0,551.5,822.0,502.5,1177.0,3649.0,4226.5,4321.0,4458.5,2236.5,966.5,1519.0,1590.5,1259.0,1760.0,4033.5,4860.5,4883.5,5183.0,2843.5,1719.0,1078.5,1306.5,1147.0,1867.5,3023.0,3392.5,3626.0,3742.0,2606.0,1642.5,1086.0,1261.5,1237.5,1767.5,2768.0,3120.0,3296.0,3383.0,1861.0,1043.0,177.0,480.0,379.5,956.0,2435.5,2854.0,2880.5,3028.0,2117.5,1126.5,272.0,555.0,408.0,1036.5,2995.5,3556.0,3677.0,3787.5,2048.5,1192.5,653.5,884.0,748.0,1289.0,3020.0,3502.0,3659.5,3772.0,2001.5,1214.5,981.0,1076.5,1034.5,1430.0,2312.5,2584.5,2748.5,2769.5,470.0,237.0,162.0,170.0,111.0,268.0,632.0,734.0,758.0,801.0,1536.0,1488.0,9634.0,8968.0,8684.0,8801.0,8349.0,7889.0,7760.0,7366.0,2160.0,1346.0,335.0,616.0,577.0,1124.0,2179.0,2502.0,2602.0,2728.0,2559.0,1794.0,931.0,1150.0,1218.0,1620.0,2174.0,2380.0,2580.0,2668.0,2148.5,1513.0,478.5,686.0,793.5,1185.0,1704.5,1893.5,2086.5,2144.5,2550.5,1862.5,397.0,646.0,856.0,1312.5,1776.0,1998.5,2185.0,2252.0,1821.0,1326.0,1179.0,1308.0,1574.0,1884.0,2324.0,2466.0,2689.0,2694.0,906.0,951.0,9253.0,9255.0,9274.0,9331.0,9035.0,8700.0,8762.0,8172.0,1648.0,1326.0,1200.0,1296.0,1466.0,1665.0,1809.0,1911.0,2041.0,2037.0,0.0,0.0,0.0,0.0,0.0,0.0,0.0,0.0,0.0,0.0,2219.0,1754.0,301.0,505.0,748.5,1010.0,1359.0,1481.0,1658.0,1697.5,2502.0,2125.0,397.0,572.0,856.0,1115.0,1466.0,1625.0,1791.0,1814.0,0.0,0.0,0.0,0.0,0.0,0.0,0.0,0.0,0.0,0.0,2884.0,2382.0,452.0,734.0,1094.0,1365.0,1652.0,1838.0,2036.0,2084.0,2896.0,2343.0,445.5,757.5,1077.5,1401.5,1872.5,2135.0,2334.5,2407.5,"{""type"":""MultiPoint"",""coordinates"":[]}"
865,61,96.0,92.0,0.0,35.0,92.0,163.0,59.0,85.0,79.0,31.0,1525.0,1097.0,454.5,684.0,696.0,1066.0,1367.5,1495.5,1653.5,1578.5,2109.0,1458.5,531.5,804.5,797.0,1143.0,1582.0,1794.5,1987.0,1978.5,3405.0,2510.0,751.0,1141.0,1122.0,1661.0,2418.0,2640.0,2849.0,2807.0,3311.0,2286.0,716.5,1179.0,1143.0,1733.5,2632.5,2857.0,3114.0,3157.0,3319.0,2195.5,729.5,1261.5,1201.5,1874.0,2975.5,3297.5,3451.0,3548.5,3173.5,2133.0,760.5,1264.0,1272.0,1943.0,2911.5,3229.5,3413.0,3538.0,3228.5,2178.5,790.0,1228.0,1382.0,1990.0,2811.5,3118.5,3253.5,3390.0,3391.0,2336.5,906.0,1334.0,1672.5,2188.0,2681.5,2922.0,3077.5,3247.5,3527.0,2399.0,898.0,1305.0,1796.0,2227.0,2483.0,2690.0,2900.0,3021.0,3571.5,2497.5,925.5,1320.0,1835.0,2194.0,2414.0,2635.5,2864.5,2971.5,164.0,140.0,47.0,138.0,212.0,269.0,150.0,159.0,161.0,126.0,3451.5,2393.5,1057.0,1386.5,1831.5,2186.0,2452.0,2669.5,2921.0,2943.5,3631.0,2497.5,1240.5,1573.0,2008.5,2337.0,2639.5,2858.0,3108.0,3188.5,3370.0,2313.0,1910.0,2021.0,2026.0,2354.0,2813.0,3134.0,3179.0,3318.0,3479.5,2403.5,1419.5,1624.5,1927.0,2255.5,2575.0,2783.0,2974.0,3038.5,3380.0,2371.0,817.0,1193.0,1796.0,2074.0,2209.0,2370.0,2689.0,2733.0,3273.0,2235.5,707.0,1033.0,1569.0,1839.0,1980.0,2187.5,2432.5,2539.0,3139.0,2190.0,671.0,951.0,1407.5,1671.5,1803.5,2002.0,2244.0,2329.5,3170.0,2251.0,675.0,937.0,1398.0,1662.0,1777.0,1997.0,2237.0,2332.0,3088.0,2163.5,549.0,864.5,1374.0,1609.0,1756.0,1956.5,2257.0,2316.5,3149.0,2905.0,2331.0,2306.0,2456.0,2715.0,2804.0,3062.0,2735.0,3256.0,0.0,0.0,0.0,0.0,0.0,0.0,0.0,0.0,0.0,0.0,1587.0,1335.0,373.0,401.0,476.0,563.0,681.0,700.0,729.0,893.0,2413.0,2027.0,1107.0,1266.0,1457.0,1764.0,1968.0,2133.0,1837.0,2190.0,18.0,41.0,0.0,0.0,0.0,7.0,0.0,0.0,0.0,0.0,33.0,22.0,59.0,73.0,101.0,140.0,56.0,95.0,61.0,49.0,18.0,14.0,57.0,79.0,117.0,151.0,51.0,44.0,32.0,0.0,0.0,0.0,0.0,0.0,0.0,0.0,0.0,0.0,0.0,0.0,0.0,0.0,0.0,0.0,0.0,0.0,0.0,0.0,0.0,0.0,24.0,34.0,129.0,231.0,251.0,362.0,100.0,132.0,101.0,22.0,47.0,52.0,101.5,244.5,285.5,384.5,139.0,167.5,159.5,54.0,0.0,0.0,0.0,0.0,0.0,0.0,0.0,0.0,0.0,0.0,875.5,833.5,689.5,764.0,769.0,982.5,917.0,988.5,991.0,938.0,146.0,121.5,125.5,211.0,243.5,368.0,208.5,246.0,232.0,138.5,110.0,86.0,160.0,309.0,338.0,545.0,560.0,603.0,631.0,538.0,"{""type"":""MultiPoint"",""coordinates"":[]}"
868,75,2941.5,2381.5,1026.0,1397.0,1673.5,2123.0,2602.5,2826.5,3126.5,3135.0,3113.0,2467.5,1001.5,1414.0,1574.5,2005.0,3007.0,3363.0,3576.0,3512.5,3099.5,2449.0,979.5,1341.0,1475.0,1944.0,2993.0,3386.5,3639.5,3561.0,3149.0,2548.0,961.0,1307.5,1505.0,1943.0,2926.5,3317.0,3530.5,3549.0,3205.5,2615.0,1034.5,1408.5,1628.5,2011.0,3059.5,3419.0,3556.5,3631.5,3266.0,2688.5,1028.5,1401.0,1629.0,2020.0,3049.0,3475.0,3627.0,3700.5,3303.5,2622.5,1006.0,1410.5,1615.5,2051.0,3081.0,3490.0,3678.5,3730.5,3339.0,2589.0,1104.5,1548.5,1778.0,2238.5,3078.0,3431.5,3592.5,3598.5,3233.0,2537.0,1034.0,1433.0,1680.0,2151.0,2970.5,3422.0,3563.5,3637.5,3157.5,2496.5,969.0,1399.0,1609.0,2083.0,2987.0,3470.0,3558.5,3682.5,3162.5,2511.0,952.0,1375.0,1602.5,2018.0,3016.0,3459.0,3568.5,3691.5,3180.0,2565.5,1026.5,1409.5,1784.5,2176.5,2446.0,2601.5,2929.5,2914.0,3188.0,2446.0,977.5,1414.5,1638.5,2109.5,2996.5,3435.0,3550.5,3674.5,3263.5,2495.0,1008.0,1446.5,1701.0,2147.0,2992.5,3426.5,3581.5,3631.5,3264.5,2467.0,1030.5,1428.0,1702.0,2133.0,2975.0,3400.5,3540.0,3589.5,3165.5,2491.5,1044.0,1477.0,1720.5,2144.5,2825.0,3165.0,3354.5,3376.0,3097.5,2501.5,985.5,1390.0,1635.0,2040.0,2702.0,3041.0,3224.5,3212.0,3067.0,2467.5,971.5,1381.5,1662.5,2021.0,2674.5,3025.5,3128.0,3211.5,3115.0,2479.0,1017.5,1403.5,1698.0,2059.5,2739.0,2930.0,3159.0,3190.5,2933.5,2301.0,984.0,1328.5,1590.5,2019.0,2605.0,2969.0,3173.0,3169.5,2644.0,2211.5,818.0,1206.0,1395.5,1819.5,2614.0,2992.0,3248.0,3236.5,2580.5,2112.5,782.5,1122.0,1287.5,1739.0,2614.0,3000.0,3129.5,3218.0,3098.5,2492.5,966.5,1344.5,1783.0,2156.5,2395.5,2573.0,2864.0,2849.5,2405.5,1793.5,662.5,971.0,1058.0,1583.0,2593.5,3018.0,3084.5,3186.5,2560.0,2061.0,672.5,1019.0,1224.0,1641.0,2516.0,2860.5,3037.0,3050.0,2722.0,2141.0,835.0,1158.0,1308.0,1723.0,2463.5,2735.0,3058.5,3069.5,2751.0,2099.5,757.0,1103.0,1252.0,1725.5,2472.5,2745.5,3096.5,3110.0,2639.0,1925.0,686.5,1053.5,1373.5,1905.5,2329.0,2607.0,2980.0,2999.0,0.0,0.0,0.0,0.0,0.0,0.0,0.0,0.0,0.0,0.0,3121.0,2709.5,1132.5,1532.0,1838.0,2124.5,2393.5,2559.0,2674.5,2653.5,3377.5,3046.0,1207.5,1609.0,1941.5,2273.5,2497.5,2724.0,2841.0,2830.5,3438.5,3000.5,1230.0,1607.0,1985.5,2340.5,2575.0,2748.5,2983.0,2958.5,3200.5,2756.0,1149.5,1517.5,1855.5,2200.5,2584.5,2734.0,2982.5,2893.5,3080.0,2654.0,1047.0,1419.5,1691.0,2081.5,2550.5,2828.0,2966.5,2932.0,3046.0,2580.0,999.0,1360.0,1589.0,2002.0,2565.0,2812.5,2974.0,2948.5,3137.0,2575.0,1005.0,1427.5,1641.0,2054.0,2813.0,3072.0,3260.5,3228.5,"{""type"":""MultiPoint"",""coordinates"":[]}"
1059,36,2891.0,2048.0,589.0,857.0,1329.0,1626.0,1894.0,2202.0,2428.0,2573.0,2266.5,1117.5,332.0,639.0,336.5,1045.5,4567.0,5653.5,5763.0,5735.5,2381.0,1162.0,400.0,666.0,357.0,1062.0,4718.0,5843.0,6041.0,6051.0,3947.0,2705.0,840.0,1244.0,1494.0,2096.0,2839.0,3217.0,3694.0,3735.0,2621.0,1545.0,479.0,803.0,617.0,1276.0,3348.0,4031.0,4221.0,4284.0,2403.0,1413.0,371.0,645.0,478.0,1033.0,3292.0,4009.0,4259.0,4284.0,4236.0,3274.0,922.0,1226.0,1607.0,2018.0,2885.0,3183.0,3423.0,3563.0,2771.0,1670.0,374.0,748.0,601.0,1285.0,3667.0,4233.0,4293.0,4423.0,2233.0,1164.0,278.0,583.0,315.0,980.0,3927.0,4716.0,4871.0,4952.0,4234.0,2836.0,987.0,1310.0,1591.0,2246.0,2710.0,3022.0,3226.0,3359.0,2811.0,1676.0,402.0,751.0,607.0,1243.0,3416.0,3985.0,4027.0,4164.0,3089.5,2313.5,560.5,797.5,1006.0,1327.5,1817.5,2070.0,2274.5,2342.5,2287.0,1176.0,369.0,655.0,397.0,1043.0,4005.0,4759.0,4808.0,4923.0,4294.0,3224.5,919.0,1266.0,1737.0,2207.0,2607.5,2922.5,3167.5,3345.5,3385.0,2248.0,998.0,1342.0,1183.0,1867.0,2936.0,3277.0,3332.0,3528.0,2346.0,1187.0,363.0,716.0,425.0,1196.0,4263.0,5099.0,5049.0,5234.0,3761.0,2521.0,764.0,1093.0,1238.0,1878.0,2643.0,3013.0,3387.0,3553.0,2957.0,1971.0,518.0,849.0,943.0,1393.0,2494.0,2788.0,2971.0,3158.0,2483.5,1389.0,514.5,840.5,587.5,1227.5,3671.0,4309.5,4354.5,4471.5,3775.0,2575.0,1279.0,1485.0,1454.0,1980.0,2771.0,3060.0,3477.0,3488.0,2875.0,1917.0,544.5,887.5,1000.0,1517.0,2775.5,3122.0,3370.5,3381.0,2381.0,1319.0,344.0,713.0,459.0,1159.0,3654.0,4160.0,4083.0,4211.0,2670.5,1920.5,439.0,655.5,813.5,1136.0,1786.0,2019.0,2260.0,2301.5,2238.5,1080.5,253.5,648.0,282.0,1077.0,4487.5,5135.5,5117.0,5245.0,2031.0,911.0,159.0,504.0,212.0,920.0,4397.0,5211.0,5313.0,5309.0,3151.0,2597.0,595.0,820.0,1007.0,1357.0,1678.0,1888.0,2066.0,2128.0,3151.0,2597.0,595.0,820.0,1007.0,1357.0,1678.0,1888.0,2066.0,2128.0,2852.0,2114.0,560.0,816.0,1026.0,1427.0,1723.0,1882.0,2086.0,2224.0,0.0,0.0,0.0,0.0,0.0,0.0,0.0,0.0,0.0,0.0,2066.0,1226.0,374.5,606.0,480.5,967.5,2704.5,3003.5,3147.0,3238.0,1961.0,1060.0,265.5,533.0,327.5,894.0,3137.5,3672.5,3783.5,3852.0,1976.0,988.0,222.0,529.0,296.0,918.0,3860.0,4424.0,4591.0,4554.0,1906.5,912.5,289.0,572.5,297.5,941.0,3980.0,4918.0,5133.0,4990.5,1816.5,825.0,304.5,555.5,282.5,922.0,4097.5,5061.5,5263.0,5229.5,2503.5,1624.5,399.0,677.5,568.5,1177.0,3125.5,3748.0,3984.5,4013.5,2329.0,1396.0,352.0,723.0,526.0,1227.0,3193.0,3530.0,3756.0,3785.0,"{""type"":""MultiPoint"",""coordinates"":[]}"
1148,121,2655.0,1989.0,3301.0,3237.0,3126.0,3168.0,3009.0,2898.0,3454.0,2847.0,3119.5,2937.5,1305.0,1560.5,1776.0,1909.5,2087.0,2201.0,2413.0,2309.0,2724.0,2466.0,1101.0,1360.0,1572.0,1605.0,1863.0,1852.0,2192.0,2045.0,2579.0,2346.0,1073.0,1365.0,1534.0,1630.0,1748.0,1898.0,2138.0,1980.0,3223.5,2858.0,1221.5,1540.0,1740.0,1993.5,2268.5,2393.0,2543.0,2520.0,3078.0,2482.0,1189.0,1545.0,1640.0,1927.0,2688.0,2946.0,2845.0,2991.0,2801.0,2135.0,1135.5,1489.0,1556.5,1783.0,2821.5,3180.0,3087.0,3154.0,2675.5,2011.0,1091.5,1346.0,1471.5,1677.5,2853.0,3196.5,3014.0,3275.0,2693.5,2097.5,1099.5,1423.5,1535.5,1815.0,2926.0,3159.5,2977.0,3394.5,2672.0,1984.0,1183.0,1484.0,1655.0,1933.0,2850.0,3119.0,3038.0,3226.0,2666.5,2124.5,1123.0,1447.5,1611.5,1894.5,2678.5,2873.0,2912.0,3135.0,2555.0,2410.0,942.0,1216.0,1440.0,1534.0,1507.0,1655.0,1911.0,1668.0,2761.5,2237.0,1178.5,1504.5,1677.0,1953.0,2422.5,2585.0,2698.5,2851.0,3072.5,2543.0,2458.0,2534.0,2428.0,2630.5,2854.5,3048.5,3160.0,3120.0,3185.0,2602.0,1326.0,1586.5,1759.5,1987.5,2347.5,2645.0,2649.5,2713.0,3079.0,2529.5,1393.5,1601.5,1754.5,1916.5,2156.0,2268.0,2502.0,2461.5,2988.0,2541.0,1113.0,1358.0,1638.0,1795.0,1887.0,2121.0,2365.0,2262.0,3140.0,2700.5,1025.5,1320.5,1631.5,1840.0,2012.0,2142.5,2299.0,2402.0,2902.0,2657.0,1078.5,1354.0,1600.0,1757.5,1903.0,1989.0,2203.5,2151.0,2814.0,2651.0,1041.0,1281.0,1522.0,1670.0,1798.0,1921.0,2078.0,2064.0,3011.5,2806.0,1106.5,1410.5,1700.5,1854.0,1961.0,2106.5,2301.0,2209.0,0.0,0.0,0.0,0.0,0.0,0.0,0.0,0.0,0.0,0.0,0.0,0.0,0.0,0.0,0.0,0.0,0.0,0.0,0.0,0.0,2446.0,2280.0,1066.0,1258.0,1414.0,1542.0,1570.0,1695.0,1735.0,1746.0,1741.0,1524.0,662.0,825.0,898.0,1106.0,1177.0,1307.0,1267.0,1309.0,2239.0,1998.0,730.0,1006.0,1008.0,1358.0,1763.0,1847.0,1958.0,1943.0,3241.5,2990.0,2280.5,2408.5,2478.5,2690.0,2641.5,2699.5,2903.5,2773.0,2694.0,2596.0,869.0,1151.0,1344.0,1587.0,1705.0,1779.0,1943.0,1875.0,0.0,0.0,0.0,0.0,0.0,0.0,0.0,0.0,0.0,0.0,0.0,0.0,0.0,0.0,0.0,0.0,0.0,0.0,0.0,0.0,2674.0,2617.0,926.0,1140.0,1367.0,1540.0,1602.0,1709.0,1849.0,1796.0,3097.0,2971.5,1132.5,1409.0,1683.0,1818.5,1896.5,1981.0,2190.0,2086.5,4811.0,4316.0,5414.0,5331.0,5284.0,5392.0,5421.0,5299.0,5981.0,5209.0,2342.0,2174.0,950.0,1184.0,1364.0,1448.0,1452.0,1555.0,1827.0,1642.0,2886.5,2715.0,1129.5,1425.5,1644.5,1697.0,1838.0,1984.5,2227.5,2064.5,3113.0,2881.0,1095.0,1390.0,1628.0,1845.0,2006.0,2146.0,2339.0,2273.0,"{""type"":""MultiPoint"",""coordinates"":[]}"
1159,69,2527.5,1681.0,509.0,661.5,1265.5,1555.5,1783.5,2068.0,2393.0,2455.0,2687.0,2072.5,536.0,791.0,805.0,1227.5,2008.0,2251.5,2443.0,2454.5,2639.0,2048.0,555.0,809.0,797.0,1224.0,2115.0,2378.0,2540.0,2565.0,2429.0,1641.0,437.5,829.5,585.5,1261.0,2989.5,3438.5,3627.0,3625.0,2399.0,1579.0,441.0,864.0,560.0,1323.0,3465.0,3970.0,4052.0,4149.0,2371.0,1375.0,420.0,877.0,460.0,1414.0,3925.0,4526.0,4810.0,4736.0,2283.0,1266.0,359.0,807.0,409.0,1286.0,3981.0,4715.0,4915.0,4921.0,2289.0,1213.0,359.0,807.0,409.0,1272.0,4125.0,4944.0,5106.0,5094.0,2298.0,1183.0,333.0,768.0,356.0,1192.0,4125.0,5009.0,5131.0,5125.0,2274.0,1159.0,321.0,721.0,354.0,1175.0,4082.0,4946.0,5074.0,5067.0,2253.0,1154.0,306.0,714.0,354.0,1169.0,3824.0,4727.0,4760.0,4963.0,2895.0,1954.0,575.0,744.0,1272.0,1538.0,1762.0,1988.0,2322.0,2392.0,2245.0,1170.0,306.0,709.0,374.0,1206.0,3678.0,4473.0,4576.0,4734.0,2176.0,1143.0,288.0,720.0,425.0,1284.0,3678.0,4390.0,4499.0,4595.0,2213.0,1160.0,418.0,835.0,619.0,1469.0,3461.0,4117.0,4355.0,4419.0,2281.0,1272.5,573.0,872.5,842.0,1564.0,2820.0,3348.5,3594.5,3771.0,2295.0,1312.0,490.0,747.0,878.0,1502.0,2731.0,3139.0,3484.0,3577.0,2281.0,1312.0,462.0,726.0,878.0,1459.0,2595.0,3025.0,3310.0,3472.0,2247.0,1297.0,676.5,877.0,994.5,1521.5,2540.5,2981.5,3225.0,3389.0,2207.0,1234.0,633.0,848.0,936.0,1479.0,2502.0,2864.0,3174.0,3302.0,2130.5,1178.0,322.0,605.5,774.5,1450.5,2448.5,2913.5,3243.5,3357.0,2166.0,1209.0,327.0,633.0,821.0,1582.0,2535.0,2945.0,3229.0,3453.0,2783.5,1904.5,457.5,677.0,1251.5,1549.0,1753.5,2008.5,2361.0,2421.0,2229.0,1256.5,339.0,644.0,869.5,1635.5,2457.0,2850.5,3117.0,3338.5,2840.5,2087.0,1238.0,1416.0,1655.0,2209.0,2681.0,2964.0,3270.5,3352.5,3243.0,2227.0,930.0,1041.0,1575.0,1942.0,2188.0,2515.0,2948.0,2975.0,3303.5,2242.0,702.5,952.5,1651.5,2024.5,2249.0,2567.5,2928.0,3003.0,3291.0,2253.5,605.0,863.0,1583.0,1950.5,2181.0,2485.0,2832.5,2929.0,0.0,0.0,0.0,0.0,0.0,0.0,0.0,0.0,0.0,0.0,3042.0,2268.5,521.0,709.5,1176.5,1423.5,1590.5,1826.5,2085.0,2180.5,3225.0,2455.5,576.0,748.0,1213.5,1440.5,1619.5,1843.0,2128.0,2189.5,3347.0,2561.0,619.0,799.0,1260.0,1452.0,1630.0,1834.0,2216.0,2215.0,3347.0,2561.0,619.0,807.0,1260.0,1452.0,1630.0,1834.0,2216.0,2215.0,3484.0,2952.0,888.0,927.5,1198.0,1389.5,1598.5,1799.0,2068.5,2082.5,3067.0,2628.0,581.0,729.0,990.0,1135.0,1269.0,1407.0,1622.0,1658.0,3130.0,2723.0,638.0,770.0,1011.0,1204.0,1369.0,1511.0,1738.0,1786.0,"{""type"":""MultiPoint"",""coordinates"":[]}"
1179,176,3080.5,2489.5,783.5,1043.0,1403.0,1601.5,1749.5,1895.5,2024.0,2067.5,2647.5,1742.0,530.5,859.0,919.0,1514.5,2710.5,3059.0,3445.0,3346.0,3103.5,2099.5,603.5,1024.0,1151.5,1924.5,2961.5,3252.0,3643.0,3672.0,3454.0,2394.0,894.0,1312.5,1947.5,2398.5,2767.5,3088.5,3345.0,3384.5,3661.5,2555.0,1051.0,1497.5,2344.5,2728.0,2908.5,3176.5,3542.0,3560.5,3915.5,2674.5,1269.0,1837.5,2816.0,3121.5,3209.5,3546.5,3932.5,3844.0,4061.5,2845.0,1352.0,1906.0,2901.5,3228.0,3399.5,3635.5,3980.0,3915.5,4100.0,2875.5,1331.0,1913.5,2915.5,3192.0,3428.5,3670.5,4079.5,3970.5,4127.0,2907.5,1322.5,1912.0,2960.0,3316.0,3535.0,3687.0,4056.5,3891.5,4133.0,2907.5,1276.0,1799.5,2790.5,3236.0,3355.5,3483.5,3932.5,3851.5,4186.5,3002.0,1245.5,1787.0,2685.5,2977.0,3066.0,3317.0,3567.0,3665.5,2898.5,2358.0,668.0,904.0,1213.5,1437.0,1604.5,1729.5,1871.0,1902.5,4186.5,3002.0,1228.5,1782.0,2707.0,2996.5,3091.0,3360.0,3632.0,3724.5,4301.5,3036.5,1214.5,1773.5,2710.0,3080.5,3254.5,3490.5,3783.5,3892.5,4730.5,3322.0,1286.5,1873.5,2769.5,3171.5,3356.5,3644.5,3908.0,4123.5,4334.5,3120.5,1266.0,1852.0,2756.5,3080.5,3307.0,3505.5,3835.0,3904.0,4282.0,3060.5,1256.0,1794.5,2709.0,2985.5,3188.0,3414.0,3758.0,3750.5,4099.5,2972.0,1195.0,1731.0,2558.0,2892.0,3034.0,3278.0,3519.0,3612.0,4069.0,2925.5,1174.0,1655.0,2492.0,2790.5,2949.5,3190.5,3419.0,3519.0,4073.0,3015.0,1555.0,1951.0,2672.5,3038.5,3169.5,3406.5,3685.5,3724.0,3892.5,2862.5,1100.5,1544.0,2237.0,2562.5,2697.5,2813.0,3118.0,3233.0,3885.5,2892.5,1079.5,1490.5,2150.0,2472.0,2558.0,2725.5,2965.0,3106.5,2489.5,1960.0,547.0,780.0,1102.5,1291.0,1444.5,1551.5,1672.0,1744.5,3581.5,2676.0,927.0,1335.0,1811.0,2126.0,2326.0,2472.0,2505.0,2825.0,3369.5,2554.5,805.5,1090.5,1440.5,1727.5,2045.5,2205.0,2373.0,2393.5,3166.0,2545.0,597.5,839.0,1195.5,1423.5,1561.5,1646.5,1819.5,1884.5,2997.5,2456.5,652.0,921.0,1261.0,1470.5,1561.5,1675.0,1819.5,1965.0,2874.5,2287.0,548.5,820.0,1172.0,1341.5,1481.0,1566.0,1716.0,1797.5,2265.0,1695.0,520.5,733.0,1034.5,1256.5,1332.5,1425.0,1620.5,1604.5,3289.5,2634.5,864.0,1232.5,1568.0,1814.0,2098.5,2231.5,2361.5,2412.0,3260.0,2525.5,819.0,1204.5,1435.0,1791.0,2231.0,2409.5,2558.5,2534.5,3037.0,2195.5,707.0,1103.5,1179.0,1710.0,2385.5,2556.5,2764.0,2788.5,2630.0,1743.5,538.0,909.0,872.0,1476.5,2492.5,2739.0,3028.0,2905.0,2322.0,1464.0,434.5,785.5,656.5,1295.0,2607.5,2915.0,3127.0,3031.5,2275.5,1458.5,378.0,712.5,633.5,1191.0,2641.5,3054.5,3358.5,3196.0,2519.5,1645.0,394.5,723.0,688.5,1233.0,2620.5,3036.5,3399.0,3267.0,"{""type"":""MultiPoint"",""coordinates"":[]}"
1250,44,110.0,116.0,576.0,778.0,875.0,977.0,735.0,780.0,714.0,595.0,2907.0,2835.5,921.5,1113.5,1312.0,1436.0,1477.5,1583.0,1720.0,1716.0,1747.0,1751.0,739.5,910.5,1042.0,1146.0,1038.0,1135.5,1190.5,1159.0,416.5,390.5,787.5,988.0,1051.0,1195.5,953.5,1020.0,935.5,849.0,256.5,184.5,436.5,612.5,538.0,750.5,571.0,623.5,573.0,472.0,1187.0,689.0,361.0,793.0,362.0,1220.0,2058.0,2208.0,2066.0,2056.0,1845.0,949.0,328.0,817.0,279.0,1259.5,3691.0,4238.0,4230.5,4117.5,1905.5,961.0,299.5,780.0,317.0,1365.0,4282.0,5232.5,5226.5,5271.0,1887.0,1014.5,374.5,709.0,560.0,1557.5,3723.0,4500.0,4558.5,4698.0,1855.0,1070.0,301.0,600.0,570.0,1308.0,2501.0,2943.0,3183.0,3252.0,1845.5,1114.5,294.5,614.5,553.5,1283.5,2335.5,2704.5,2845.0,3014.0,200.0,204.0,755.0,890.0,988.5,1085.5,1022.5,1087.5,1160.5,1086.0,1837.0,1147.0,373.0,711.0,622.0,1328.0,2302.0,2649.0,2875.0,2986.0,3190.5,2241.5,1583.5,1826.0,2108.0,2398.5,2676.0,2864.0,3046.5,3097.0,3298.0,2522.0,2244.0,2403.0,2331.0,2565.0,2868.0,3011.0,3045.0,3086.0,3409.0,2640.5,1181.5,1420.0,1621.5,1948.0,2316.5,2521.5,2695.0,2768.0,3306.0,2572.0,923.0,1184.0,1427.0,1752.0,2156.0,2414.0,2631.0,2669.0,3192.5,2417.5,850.0,1118.0,1354.0,1707.5,2086.0,2337.0,2545.5,2645.5,3299.0,2467.5,805.5,1093.5,1439.0,1761.5,2108.0,2363.5,2622.5,2652.5,3350.0,2527.0,869.0,1130.0,1463.0,1791.0,2088.0,2353.0,2590.0,2709.0,3365.5,2513.5,851.5,1166.5,1580.5,1886.5,2125.0,2357.5,2707.5,2730.0,2788.0,1872.0,2975.0,2931.0,2920.0,3197.0,3221.0,3286.0,3540.0,3428.0,0.0,0.0,0.0,0.0,0.0,0.0,0.0,0.0,0.0,0.0,0.0,0.0,0.0,0.0,0.0,0.0,0.0,0.0,0.0,0.0,0.0,0.0,0.0,0.0,0.0,0.0,0.0,0.0,0.0,0.0,94.0,85.0,44.0,44.0,85.0,121.0,102.0,143.0,134.0,105.0,106.0,74.0,300.0,282.0,357.0,365.0,281.0,303.0,274.0,235.0,907.5,751.0,1115.0,1078.5,1005.5,1089.0,1072.0,1063.0,1195.0,1026.5,0.0,0.0,0.0,0.0,0.0,0.0,0.0,0.0,0.0,0.0,0.0,0.0,0.0,0.0,0.0,0.0,0.0,0.0,0.0,0.0,623.0,417.0,463.0,588.0,664.0,801.0,808.0,866.0,977.0,972.0,2104.5,1592.5,726.5,868.5,990.5,1091.5,1151.5,1238.5,1365.5,1372.0,2394.0,1982.0,864.0,1009.0,1137.0,1324.0,1366.0,1458.0,1520.0,1574.0,2577.0,2113.0,1488.5,1553.0,1640.0,1832.0,1978.5,2084.0,2277.0,2186.0,3098.5,2941.0,1120.0,1314.0,1504.5,1608.5,1678.0,1776.5,1934.0,1925.0,2741.0,2624.0,837.0,1029.0,1206.0,1337.0,1380.0,1472.0,1615.0,1618.0,"{""type"":""MultiPoint"",""coordinates"":[]}"
1257,204,3288.0,2892.5,884.5,1070.0,1388.0,1585.0,1790.5,1944.0,2158.0,2224.0,3880.0,3097.5,1748.5,2086.5,2208.0,2677.0,3470.5,3802.0,3941.5,4014.5,3142.5,2721.5,842.0,1131.0,1285.0,1679.0,2685.0,3094.5,3394.0,3381.0,3142.5,2705.0,842.0,1131.0,1281.5,1679.0,2685.0,3094.5,3394.0,3381.0,3140.0,2712.5,885.0,1235.0,1321.5,1805.0,2886.0,3360.5,3550.0,3581.0,3140.0,2648.5,914.0,1285.5,1375.5,1831.0,2920.5,3376.5,3575.5,3629.0,2063.0,1338.5,536.0,748.0,706.0,1159.5,2013.5,2422.5,2488.5,2575.5,2071.5,1341.0,486.0,669.5,672.5,1101.0,1918.5,2343.0,2447.5,2532.5,2071.5,1341.0,511.0,698.0,701.0,1096.0,1918.5,2343.0,2447.5,2532.5,2152.0,1517.0,503.5,689.0,708.0,1043.0,1884.5,2248.0,2318.0,2537.5,2152.0,1517.0,457.0,658.5,662.5,1019.0,1836.5,2242.5,2318.0,2537.5,3387.5,3093.5,1032.0,1240.5,1435.5,1654.5,1885.0,2019.0,2171.5,2239.5,2727.5,2012.5,547.5,787.0,791.5,1149.5,2102.0,2569.0,2684.5,2848.0,2133.0,1447.0,507.5,719.0,763.5,1059.5,2004.5,2447.5,2579.0,2738.5,1732.5,1083.5,685.0,958.5,1043.0,1481.0,2314.5,2697.5,2744.5,2806.5,1732.5,1083.5,504.5,734.5,815.0,1229.0,2049.5,2454.5,2639.5,2806.5,2604.5,1941.0,576.0,816.5,900.5,1252.0,2008.5,2366.5,2543.5,2709.5,2590.5,2012.0,591.0,808.0,920.5,1231.0,1885.5,2268.5,2430.5,2596.5,2642.0,2085.0,705.0,905.0,1015.0,1317.5,1936.5,2298.5,2442.5,2600.5,2104.0,1656.5,1267.5,1257.5,1325.5,1621.5,2140.0,2420.5,2575.0,2607.5,2422.0,1835.5,518.5,709.5,860.5,1188.5,1874.0,2148.5,2420.5,2472.0,2422.0,1849.5,471.5,695.0,833.0,1091.0,1841.0,2147.0,2384.5,2472.0,3042.5,2723.5,765.0,971.5,1225.5,1410.0,1561.0,1722.0,1921.0,1941.0,2112.5,1458.0,402.0,608.0,686.5,1034.5,1702.5,2005.0,2153.0,2313.0,2610.5,1876.5,453.0,740.5,902.0,1439.5,1868.0,2131.5,2365.0,2551.5,2949.5,2594.0,638.0,788.5,995.0,1221.5,1386.0,1579.0,1770.0,1891.5,2988.0,2571.5,643.5,821.0,1034.0,1290.0,1450.5,1632.0,1830.5,1928.5,1927.5,1518.5,1414.0,1303.0,1223.0,1366.0,1577.5,1723.5,2032.5,1893.0,0.0,0.0,0.0,0.0,0.0,0.0,0.0,0.0,0.0,0.0,2958.5,2656.0,748.5,958.0,1135.5,1364.5,1562.5,1677.0,1874.0,1970.0,3316.0,3104.0,863.0,1101.5,1312.5,1558.5,1724.0,1836.0,2060.5,2127.0,3309.0,3077.0,896.5,1131.0,1400.0,1536.5,1752.5,1933.5,2162.5,2129.0,2690.5,2416.5,1186.0,1333.0,1448.5,1576.0,1909.5,2107.5,2329.0,2200.5,2522.0,2082.0,1134.5,1245.0,1319.5,1480.0,1802.0,2009.0,2181.5,2121.0,4153.0,3696.5,1348.0,1713.0,2022.0,2316.0,2490.5,2675.5,2879.5,2949.5,4304.5,3945.0,1506.5,1866.5,2201.0,2461.5,2696.0,2902.5,3079.5,3108.0,"{""type"":""MultiPoint"",""coordinates"":[]}"
1270,76,2150.0,1454.0,281.0,564.0,617.0,1039.0,1800.0,2053.0,2179.0,2252.0,2716.0,2001.5,577.5,954.0,1009.5,1590.5,2813.0,3242.0,3461.0,3455.0,3127.0,2557.0,712.0,1057.0,1342.0,1786.0,2675.0,2973.0,3181.0,3193.0,3371.5,2800.5,870.5,1245.0,1597.5,1986.0,2499.5,2742.0,2961.0,2987.0,3548.5,2917.0,952.5,1348.0,1797.5,2180.0,2566.0,2763.5,2995.5,3060.5,3705.0,3485.0,1003.0,1313.0,1773.0,2001.0,2136.0,2325.0,2482.0,2582.0,3787.0,3441.0,1044.5,1436.5,1963.5,2147.0,2186.0,2337.0,2472.0,2568.5,3512.5,3265.0,1065.5,1441.5,1959.0,2157.0,2172.0,2316.0,2418.0,2513.5,3803.0,3643.0,973.0,1334.5,1845.0,2031.5,2063.5,2197.0,2298.0,2384.5,3724.0,3531.0,858.0,1223.0,1717.0,1938.0,1994.0,2143.0,2202.0,2385.0,3938.0,3770.5,1062.5,1408.0,1939.0,2151.0,2213.5,2371.0,2520.0,2581.5,2614.5,1915.5,337.0,640.5,624.5,1160.5,2288.0,2654.5,2946.5,2758.5,4025.0,3879.0,1057.0,1489.0,2047.0,2240.0,2260.0,2384.0,2494.0,2569.0,3961.0,3790.5,1083.5,1454.0,2013.0,2217.5,2229.5,2394.0,2533.0,2559.5,3750.0,3591.0,2024.0,2051.5,2117.0,2309.5,2535.0,2669.0,2752.5,2768.5,4216.0,3839.0,1424.0,1728.0,2210.5,2471.0,2561.5,2704.0,2865.5,2875.0,3908.0,3773.0,1166.0,1502.0,2067.0,2247.0,2284.0,2417.0,2580.0,2615.0,3758.0,3599.0,965.0,1305.0,1833.0,1978.0,2041.0,2177.0,2324.0,2345.0,3746.5,3581.0,910.0,1293.5,1827.5,2030.5,2067.0,2183.5,2348.5,2385.5,3737.0,3607.0,871.0,1192.0,1686.0,1909.0,2043.0,2185.0,2310.0,2419.0,3822.0,3616.0,918.0,1344.0,1903.0,2117.0,2211.5,2378.5,2552.0,2562.5,0.0,0.0,0.0,0.0,0.0,0.0,0.0,0.0,0.0,0.0,2055.0,1740.0,1750.0,1792.0,1749.0,1939.0,2267.0,2354.0,2319.0,2443.0,1717.0,1350.5,545.0,680.0,764.0,984.0,1131.0,1241.0,1287.0,1340.5,2025.0,1468.5,1219.5,1393.0,1239.5,1744.5,2263.0,2418.0,2414.0,2478.5,2084.0,1262.0,313.0,782.0,445.0,1289.0,2858.0,3105.0,3402.0,3189.0,1968.0,1103.0,263.0,694.0,398.0,1261.0,3515.0,3899.0,4129.0,3986.0,1952.0,1012.0,308.0,651.0,332.0,1166.0,3615.0,3965.0,4284.0,4159.0,0.0,0.0,0.0,0.0,0.0,0.0,0.0,0.0,0.0,0.0,1995.0,1474.0,166.0,463.0,460.0,902.0,1808.0,2142.0,2433.0,2294.0,1580.5,1184.0,213.0,410.5,456.5,744.5,1391.0,1613.0,1794.5,1662.0,2434.5,2011.5,366.0,707.5,839.5,1203.5,1948.0,2220.5,2548.0,2372.5,2660.0,2253.0,598.0,890.0,1068.0,1419.0,2117.0,2421.0,2518.0,2537.0,2352.0,1878.0,453.0,768.0,918.0,1323.0,2257.0,2448.0,2513.0,2472.0,2901.5,2424.5,600.5,984.5,1183.5,1597.5,2601.0,2967.0,3177.5,3172.5,2390.5,1881.0,538.5,870.0,924.0,1434.5,2526.5,2909.5,3108.0,2980.0,"{""type"":""MultiPoint"",""coordinates"":[]}"
1284,75,3799.0,3890.5,993.0,1136.0,1420.5,1566.5,1636.0,1803.0,1970.0,2025.0,3716.0,3240.0,964.0,1329.0,1414.0,1966.5,2834.0,3086.0,3304.0,3324.5,3433.5,3033.0,816.0,1112.5,1172.0,1650.5,2636.5,2957.5,3247.0,3235.5,3119.5,2543.5,756.5,1045.5,1062.5,1535.5,2627.0,2957.5,3360.5,3235.5,3119.5,2629.5,768.0,1052.0,1159.5,1573.5,2643.5,2928.5,3223.0,3227.0,3293.5,2582.0,818.0,1142.5,1115.0,1689.0,2643.5,2928.5,3223.0,3227.0,3293.5,2596.5,789.5,1107.0,1128.0,1680.5,3126.0,3581.5,3958.0,3857.0,4002.5,3213.0,1017.5,1410.5,1559.0,2149.0,3058.5,3447.0,3669.5,3770.5,4230.0,3348.0,1128.5,1482.0,1830.0,2267.0,2800.0,3126.5,3363.5,3421.5,2969.0,1981.5,652.5,948.5,1001.5,1512.5,3270.0,3676.5,3858.5,3918.0,3756.0,2681.5,832.0,1193.0,1267.0,1935.0,3162.5,3591.5,3793.5,3936.0,3668.5,3819.5,926.0,1165.5,1431.5,1566.5,1634.5,1782.0,1923.5,1969.5,3926.0,2919.5,974.0,1356.0,1608.5,2210.0,3223.0,3607.0,3789.5,3948.0,3902.5,2783.5,935.5,1337.0,1675.5,2238.5,3237.0,3619.5,3839.0,4017.5,2937.0,1748.5,920.0,1257.0,1593.5,2155.0,3240.5,3648.0,3907.0,4032.5,3056.0,2095.5,650.5,971.0,1014.0,1621.5,2956.5,3362.5,3567.0,3606.0,3105.0,2303.0,620.0,938.0,926.5,1470.5,2564.0,2895.5,3114.5,3159.0,2718.0,1965.5,565.0,818.5,768.5,1281.0,2757.5,3124.0,3407.0,3313.5,3173.0,2497.0,726.0,979.0,1028.5,1526.0,2440.5,2760.0,2956.0,3019.5,3140.5,2239.0,733.5,1023.0,1068.5,1536.5,2616.5,3099.5,3276.5,3262.0,2579.0,1816.5,398.5,752.5,679.5,1260.5,2831.5,3248.0,3485.0,3364.5,2549.5,1688.0,418.0,692.0,561.0,1131.5,3326.5,3977.0,4138.0,4101.5,3519.5,3387.5,736.0,949.0,1299.5,1467.0,1558.0,1689.0,1910.5,1929.5,2450.0,1529.0,344.5,611.0,470.0,1078.0,3473.5,4104.0,4123.0,4235.5,3561.5,2871.5,1676.5,1930.5,1862.0,2414.0,4257.0,4738.5,4920.5,4920.5,2430.5,1702.0,468.5,685.5,561.5,1101.0,2652.5,3080.0,3275.5,3406.5,1750.5,1200.0,325.5,520.0,443.5,862.5,2011.5,2314.0,2407.5,2554.0,3315.5,2555.0,2709.5,2636.0,2686.5,2983.0,3146.5,3287.5,3303.0,3466.5,0.0,0.0,0.0,0.0,0.0,0.0,0.0,0.0,0.0,0.0,3903.5,3775.5,1011.0,1277.0,1619.5,1839.0,1896.0,2046.0,2216.5,2264.0,4376.5,4518.0,1083.5,1343.0,1727.5,1940.0,2012.0,2195.5,2376.5,2442.5,4415.0,4463.0,1169.0,1459.5,1830.0,2051.0,2134.0,2292.5,2507.0,2541.5,4065.5,3920.5,1041.0,1296.5,1630.5,1873.0,2060.5,2210.5,2383.5,2459.5,4360.0,4240.0,1206.5,1512.0,1841.5,2139.5,2373.0,2526.5,2718.0,2775.5,4534.0,4337.5,1379.5,1714.5,2008.5,2388.5,2780.0,2945.5,3151.5,3199.5,4450.5,4185.0,1341.0,1696.0,1981.0,2374.5,2819.0,3020.5,3275.5,3271.0,"{""type"":""MultiPoint"",""coordinates"":[]}"
1293,121,2722.0,1993.0,553.0,770.5,1162.0,1390.5,1537.5,1695.5,1919.0,2019.5,2527.0,1904.0,521.0,687.0,820.0,1147.0,1921.0,2249.0,2400.0,2425.0,2405.0,1836.0,468.0,693.0,763.0,1073.0,2002.0,2333.0,2590.0,2580.0,2603.0,1909.0,505.0,725.5,856.0,1242.5,2033.0,2357.5,2467.0,2629.5,2634.5,1882.5,504.5,748.5,878.0,1302.5,2139.5,2488.5,2562.5,2758.5,2667.0,1909.0,495.5,762.5,931.0,1366.0,2189.0,2516.0,2640.5,2785.5,2739.0,1908.0,374.0,699.0,878.0,1368.0,2171.0,2433.0,2552.0,2819.0,3061.0,2181.5,600.0,877.5,1146.5,1618.0,2260.0,2538.5,2656.0,2959.5,3251.5,2356.5,1073.5,1338.5,1722.0,2119.0,2476.5,2811.0,2896.0,3146.5,3326.0,2370.0,811.5,1064.5,1484.0,1880.0,2230.0,2530.5,2608.0,2916.0,3396.0,2427.0,828.0,1091.5,1541.0,1926.0,2298.0,2539.0,2602.0,2919.5,2865.0,2227.0,629.0,821.0,1229.0,1471.0,1546.0,1829.0,1966.0,2121.0,3363.0,2423.0,794.0,1031.0,1460.0,1838.0,2107.0,2477.0,2537.0,2793.0,3372.5,2446.5,815.0,1069.5,1556.5,1879.5,2202.0,2470.5,2614.0,2833.5,0.0,0.0,0.0,0.0,0.0,0.0,0.0,0.0,0.0,0.0,3361.0,2429.0,855.0,1124.0,1594.0,1816.0,2231.0,2441.0,2550.0,2726.0,3312.0,2327.0,877.0,1129.0,1590.0,1935.0,2153.0,2393.0,2536.0,2774.5,3220.5,2269.0,773.5,1060.0,1547.0,1883.0,2139.5,2365.0,2554.0,2722.0,3253.0,2244.0,755.0,1042.0,1559.0,1820.0,2080.0,2271.0,2516.0,2656.0,3089.0,2176.0,746.5,1001.0,1436.0,1784.5,2033.0,2219.5,2432.0,2566.5,2850.0,2269.5,684.5,906.5,1232.5,1473.5,1642.5,1835.5,2047.0,2081.5,2941.0,2273.0,709.0,879.0,1250.0,1457.0,1653.0,1796.0,2061.0,2146.0,2696.0,2116.0,581.0,781.0,1111.0,1289.0,1498.0,1597.0,1742.0,1875.0,2649.5,2179.0,556.5,735.5,985.0,1221.0,1385.5,1589.5,1710.5,1817.5,2679.0,2187.0,618.5,802.0,1075.5,1231.0,1398.5,1564.5,1701.0,1758.0,2615.0,2216.0,656.0,791.0,1077.0,1219.0,1391.0,1524.0,1742.0,1763.0,2643.0,2131.5,632.0,805.0,1075.0,1220.5,1381.0,1497.5,1703.5,1779.5,0.0,0.0,0.0,0.0,0.0,0.0,0.0,0.0,0.0,0.0,1457.0,1133.5,419.5,491.5,659.0,702.0,756.5,828.0,997.5,955.5,2606.0,2162.0,556.0,700.0,990.0,1195.0,1284.0,1413.0,1560.0,1678.0,2860.5,2373.5,1024.0,1136.0,1343.5,1585.5,1788.0,1944.5,2158.0,2174.5,2669.0,2151.0,566.5,743.5,1003.5,1177.0,1354.0,1473.5,1687.0,1750.5,2452.0,1855.0,543.0,744.0,1007.0,1203.0,1431.0,1576.0,1706.0,1849.0,2496.0,2098.0,561.0,704.0,878.0,1122.0,1488.0,1692.0,1753.0,1932.0,2430.0,1894.5,514.0,679.5,822.5,1051.5,1713.5,1922.0,2135.0,2101.0,2498.5,1892.5,522.5,709.0,844.5,1115.0,1822.5,2084.5,2184.5,2261.5,"{""type"":""MultiPoint"",""coordinates"":[]}"
1350,122,2733.5,2300.0,896.0,1091.0,1393.0,1580.5,1633.5,1811.0,2009.0,2039.0,1481.0,972.0,502.0,869.5,868.0,1595.0,3704.5,4523.0,5101.5,4866.5,1742.0,1157.0,627.0,1010.0,1075.5,1850.5,3852.0,4569.5,4797.0,4770.5,1622.0,1041.5,758.0,1162.5,1178.5,2158.0,4343.5,5018.5,5272.0,5056.5,1605.5,1101.5,1258.5,1508.0,1491.5,2411.0,4259.5,4998.5,5048.0,5085.0,1509.5,1001.0,725.0,1120.0,1241.5,2406.5,4294.0,4694.0,4912.5,4774.0,1517.0,1000.0,830.0,1210.5,1424.5,2589.5,4277.5,4893.5,4865.0,4825.5,1658.0,1129.5,856.0,1224.0,1555.0,2679.5,3892.5,4352.5,4558.0,4471.0,1653.5,1133.5,749.0,1051.5,1454.5,2467.0,3451.0,3951.0,4028.0,4071.5,1910.5,1372.0,719.5,981.0,1492.5,2352.0,3031.0,3402.5,3529.5,3654.5,2175.0,1568.5,757.5,1049.0,1547.5,2190.5,2538.0,2875.0,2966.5,3247.0,3055.5,2695.5,802.0,1109.0,1346.5,1613.0,1835.5,1988.5,2155.5,2180.0,2669.5,1843.5,840.0,1060.0,1630.5,2015.0,2238.0,2536.5,2691.5,2915.5,3070.5,2007.0,863.0,1137.0,1753.5,2151.0,2315.0,2609.0,2933.0,3094.0,2629.0,1794.0,950.0,1151.5,1556.0,1857.5,2046.5,2301.5,2281.5,2598.5,3251.5,2076.5,759.5,1051.0,1689.0,2057.0,2220.5,2542.0,2782.0,3021.0,3381.5,2225.5,803.5,1109.5,1786.0,2136.5,2337.0,2659.5,2852.0,3024.5,3395.5,2126.0,850.0,1208.5,1897.5,2272.5,2455.0,2769.5,3017.0,3273.5,3450.5,2181.5,920.5,1294.5,2006.5,2417.0,2589.0,2969.5,3151.0,3346.0,3052.5,1884.5,775.0,1125.0,1807.5,2206.0,2351.5,2614.5,2953.5,3086.0,3657.5,2402.5,1031.5,1456.0,2204.0,2545.5,2735.5,2948.0,3462.5,3495.0,3905.0,2530.5,1193.5,1704.0,2602.5,3034.5,3277.0,3480.5,3878.0,3944.0,2495.0,1984.5,631.0,935.0,1065.0,1401.5,1805.0,2010.0,2143.5,2142.5,3778.0,2695.0,1285.0,1664.0,2354.0,2724.5,2825.5,3092.5,3382.5,3446.0,3801.0,2679.5,1224.5,1642.0,2389.0,2765.5,2873.0,3133.5,3425.0,3484.5,3659.0,2594.0,1202.5,1620.5,2358.0,2718.5,2809.5,3109.0,3467.5,3503.0,4153.5,3350.0,2376.5,2581.0,3012.0,3280.5,3397.5,3558.0,3813.5,3799.0,0.0,0.0,0.0,0.0,0.0,0.0,0.0,0.0,0.0,0.0,3169.5,2367.0,978.0,1321.5,1897.5,2113.5,2236.0,2369.0,2691.5,2657.5,2064.5,1476.0,596.5,890.5,800.0,1330.5,2268.5,2490.0,2556.0,2590.0,1764.5,1080.0,342.5,729.0,499.5,1163.5,2976.0,3403.0,3562.5,3553.5,1841.0,1139.5,375.0,701.5,513.0,1125.5,3108.5,3652.0,3951.0,3825.5,1586.0,950.0,423.5,753.0,512.5,1210.5,3526.0,4143.0,4399.5,4268.0,1295.5,747.0,279.0,637.0,366.0,1115.5,3933.0,4989.0,4918.0,4887.5,1338.0,809.5,265.5,630.0,433.5,1178.5,3632.0,4549.5,4945.0,4743.5,1454.5,929.0,477.0,813.5,703.5,1532.0,3766.5,4592.5,4793.0,4732.0,"{""type"":""MultiPoint"",""coordinates"":[]}"
1428,24,3871.5,2966.5,1170.0,1644.0,2392.5,2625.0,2784.5,3006.0,3223.5,3221.5,3478.0,2669.0,740.0,1123.0,1692.0,2019.0,2308.0,2572.0,2762.0,2803.0,3228.5,2332.0,983.5,1300.0,1805.5,2160.5,2439.0,2689.5,2729.5,2913.5,3781.5,2830.0,836.0,1282.0,1958.0,2334.5,2490.0,2690.0,2820.5,2988.0,3940.5,2963.5,894.5,1359.5,2073.5,2528.0,2638.5,2840.5,2869.5,3134.0,4110.0,3106.5,950.0,1447.0,2212.0,2602.5,2733.0,2954.0,3040.0,3264.5,4279.0,3160.0,904.0,1504.0,2325.0,2723.0,2788.0,3066.0,3056.0,3360.0,4416.5,3543.5,1094.0,1629.5,2421.5,2751.5,2804.5,3022.0,3093.0,3213.0,3010.0,2444.5,868.0,1218.0,1734.0,1953.0,2029.5,2174.5,2192.5,2347.5,4398.5,3661.5,934.0,1438.5,2223.0,2590.5,2684.0,2867.5,2908.0,3096.0,4421.5,3684.0,993.0,1473.5,2256.5,2622.5,2731.0,2929.0,2872.0,3152.5,3866.0,3016.0,1131.0,1615.0,2235.0,2451.0,2718.0,2900.0,3202.0,3148.0,4493.5,3751.0,1064.5,1570.5,2345.5,2691.0,2808.0,2957.0,2945.0,3166.5,4502.5,3796.5,1136.5,1669.0,2458.5,2772.0,2887.0,3049.0,3119.0,3216.0,4313.0,3714.0,1177.0,1607.0,2330.0,2630.0,2726.0,2902.0,2852.0,3068.0,4549.0,3893.0,1113.0,1614.0,2415.0,2764.0,2858.0,3040.0,3121.0,3250.0,4701.5,3944.5,1092.0,1620.0,2455.5,2803.5,2920.5,3073.0,3084.5,3311.5,4282.0,3617.0,973.5,1491.0,2247.0,2542.5,2642.0,2804.0,2892.5,3002.0,4248.0,3576.5,950.0,1416.5,2184.5,2492.0,2562.0,2719.0,2798.5,2932.5,4066.0,3393.5,901.5,1391.5,2148.0,2372.0,2474.0,2632.0,2800.0,2853.0,4019.5,3507.0,982.5,1479.0,2184.0,2353.5,2424.0,2592.0,2804.5,2696.5,3943.0,3343.0,949.0,1414.0,2146.0,2321.0,2384.0,2530.0,2743.0,2639.0,3209.0,2421.0,1010.0,1448.0,1875.0,2177.0,2586.0,2745.0,2817.0,2929.0,3938.5,3425.0,1005.0,1478.5,2072.0,2250.0,2310.0,2434.5,2593.5,2624.5,3755.5,3335.5,924.5,1372.5,1996.0,2188.5,2235.0,2380.0,2546.5,2487.5,3653.0,3283.0,925.0,1287.0,1944.0,2083.0,2070.0,2304.0,2496.0,2390.0,3698.5,3271.0,921.0,1358.0,1992.0,2183.5,2182.0,2348.0,2545.5,2444.5,0.0,0.0,0.0,0.0,0.0,0.0,0.0,0.0,0.0,0.0,2472.0,1911.0,803.0,1071.0,1506.0,1621.5,1729.5,1810.0,1901.0,1987.5,3359.0,2649.0,995.0,1424.0,1776.0,2046.0,2665.0,2871.0,3075.0,3003.0,2900.0,2174.0,783.0,1188.0,1287.0,1816.0,2904.0,3178.0,3301.0,3330.0,3033.0,2147.5,701.0,1105.5,1227.0,1733.5,2862.5,3207.0,3428.5,3334.5,2590.5,1704.0,669.5,999.5,1023.0,1600.5,2810.0,3113.5,3328.5,3352.0,2295.0,1496.0,454.0,812.0,682.0,1396.0,3145.0,3602.0,3675.0,3691.0,2382.0,1553.0,422.5,759.0,761.0,1387.0,2874.5,3314.0,3627.5,3516.0,2931.0,2043.0,582.5,920.5,1174.5,1771.0,2646.5,2931.0,3247.0,3294.5,"{""type"":""MultiPoint"",""coordinates"":[]}"
1525,3,2368.0,1958.0,604.0,852.0,1134.0,1292.0,1358.0,1466.0,1580.0,1563.0,2421.5,2028.5,740.5,968.5,1115.0,1426.0,1749.5,1828.5,1945.0,1951.5,2394.5,1984.5,752.0,961.5,1133.0,1420.5,1670.0,1805.5,1952.5,1934.5,2457.0,2131.0,876.0,1104.0,1306.0,1578.0,1759.0,1889.0,2040.0,2049.0,1652.5,1404.0,911.5,1136.0,1337.5,1662.0,1745.5,1745.0,1887.5,1779.0,1887.0,1451.0,1031.0,1292.0,1515.0,1842.0,1914.0,2069.0,2115.0,2132.0,2114.0,1554.5,1094.0,1392.0,1617.0,1901.5,2142.5,2282.0,2467.0,2396.0,2305.5,1673.0,1127.5,1432.5,1695.5,1992.0,2360.0,2548.0,2650.5,2697.0,2235.0,1575.0,1035.5,1363.5,1541.0,1867.5,2428.0,2718.0,2740.5,2803.0,2266.0,1515.0,1001.0,1310.0,1548.0,1791.0,2449.0,2769.0,3031.0,3020.0,2237.0,1567.0,987.0,1262.0,1476.0,1720.5,2463.0,3068.5,3140.5,3226.5,2548.0,2139.0,673.0,934.0,1218.0,1338.0,1441.0,1578.0,1822.0,1775.0,2236.0,1494.0,1014.0,1305.0,1550.0,1708.0,2445.0,3022.0,3192.0,3168.0,2321.5,1471.0,1600.5,1752.0,1797.0,1969.0,2864.5,3563.0,3676.5,3752.5,1974.0,1374.0,1838.0,1614.0,1527.5,1814.0,3070.5,4067.5,4045.0,4119.5,2148.0,1454.0,1049.5,1279.5,1358.5,1722.5,2611.5,3404.5,3551.5,3612.0,2063.0,1364.0,861.0,1171.0,1238.0,1568.0,2676.0,3249.0,3514.0,3397.0,2076.5,1419.5,708.0,1037.5,1138.0,1577.0,2408.5,3067.5,3095.5,3178.5,2335.0,1618.5,864.5,1160.5,1369.0,1705.5,2348.0,2716.5,2938.0,2988.5,2405.0,1630.0,868.0,1177.0,1405.0,1724.0,2408.0,2688.0,2950.0,2952.0,3297.5,2333.0,986.0,1341.0,1771.0,2042.5,2270.0,2446.0,2795.5,2808.0,3587.0,2971.0,3748.0,3707.0,3851.0,4205.0,4095.0,4097.0,4228.0,4108.0,1751.0,1152.0,956.0,1058.0,1237.0,1485.0,1560.0,1667.0,1802.0,1841.0,2375.0,1880.0,617.0,795.0,1099.0,1250.0,1365.0,1589.0,1571.0,1721.0,1115.0,919.0,735.0,693.0,755.0,797.0,818.0,912.0,940.0,914.0,2162.0,1759.0,482.0,685.0,864.0,1077.0,1255.0,1343.0,1417.0,1491.0,681.0,554.0,227.0,328.0,426.0,562.0,665.0,759.0,695.0,750.0,1165.0,925.0,477.0,658.0,739.0,1006.0,1368.0,1558.0,1673.0,1776.0,0.0,0.0,0.0,0.0,0.0,0.0,0.0,0.0,0.0,0.0,0.0,0.0,0.0,0.0,0.0,0.0,0.0,0.0,0.0,0.0,3174.0,2622.0,897.0,1118.0,1490.0,1732.0,1809.0,1957.0,2131.0,2154.0,3011.0,2502.5,871.0,1155.5,1423.5,1624.5,1779.5,1917.5,2163.0,2104.0,3099.0,2504.0,982.0,1219.0,1484.0,1640.0,1943.0,2094.0,2244.0,2275.0,2665.0,2104.0,756.0,988.0,1139.0,1367.0,1712.0,1907.0,2055.0,2059.0,2984.5,2363.5,814.0,1087.0,1256.5,1515.5,1933.0,2200.0,2339.0,2311.5,0.0,0.0,0.0,0.0,0.0,0.0,0.0,0.0,0.0,0.0,"{""type"":""MultiPoint"",""coordinates"":[]}"
1548,75,0.0,0.0,0.0,0.0,0.0,0.0,0.0,0.0,0.0,0.0,3123.5,2312.5,747.5,1155.5,1391.0,1902.5,3160.0,3571.0,3797.5,3779.5,3362.5,2589.5,937.0,1270.0,1614.0,2150.0,2709.0,3022.5,3194.0,3283.0,3712.5,2927.0,1010.5,1512.5,2074.0,2514.5,2925.5,3167.0,3355.5,3392.5,3691.0,2846.0,1043.5,1569.0,2170.5,2602.5,2918.0,3132.0,3330.5,3392.0,3843.0,2914.0,1117.0,1616.0,2270.0,2713.5,3013.0,3257.5,3391.0,3527.0,3935.0,3044.5,1136.5,1651.5,2364.0,2784.5,2970.5,3181.5,3350.0,3497.0,4205.5,3303.5,1175.5,1706.0,2446.5,2865.5,3072.0,3331.0,3480.5,3602.0,4240.5,3343.0,1199.5,1754.0,2526.5,2944.5,3173.0,3395.0,3515.5,3677.0,4298.5,3331.0,1207.0,1768.0,2541.0,2959.0,3192.0,3463.5,3708.5,3799.0,4244.0,3372.0,1201.0,1743.0,2507.5,2956.5,3195.0,3407.5,3570.0,3694.5,3004.0,2711.5,712.0,1163.5,1524.5,1843.0,2052.0,2126.0,2345.5,2284.0,4236.5,3379.5,1311.0,1707.5,2311.5,2729.5,3098.5,3393.5,3600.0,3702.5,3993.5,3060.5,1401.0,1855.5,2353.5,2745.5,3061.0,3289.0,3479.5,3552.5,4084.5,3237.5,1859.0,2040.5,2199.5,2575.5,2998.5,3241.5,3367.5,3551.5,3809.0,3055.5,1540.5,1797.0,2143.5,2490.0,2853.0,3101.0,3264.5,3304.5,3512.5,2768.0,881.5,1349.5,1950.0,2361.5,2756.0,2962.5,3156.0,3217.5,3354.5,2653.5,808.0,1230.5,1696.5,2099.0,2665.0,2896.5,3061.0,3169.5,3303.5,2578.5,809.5,1227.5,1613.0,2059.5,2777.0,3070.0,3261.5,3322.0,3218.0,2529.0,751.5,1176.0,1518.0,1948.5,2695.0,2998.0,3177.0,3237.5,3510.5,2925.5,834.0,1269.0,1838.5,2167.0,2495.5,2696.5,2969.0,2950.0,0.0,0.0,0.0,0.0,0.0,0.0,0.0,0.0,0.0,0.0,1693.0,1432.0,1539.5,1476.0,1557.0,1724.5,1859.0,1939.5,1683.5,1995.5,2652.5,2284.0,702.5,963.5,1194.5,1583.0,1928.0,2136.0,2124.5,2345.5,3357.0,2800.0,3525.5,3255.0,2874.5,3224.0,3509.5,3534.0,4249.5,3519.0,1995.0,1615.0,324.5,576.0,592.0,993.5,1427.5,1599.5,1676.5,1684.0,2316.5,1893.0,402.5,740.0,756.0,1240.5,1858.5,2003.5,2153.5,2139.0,2483.0,2021.0,352.0,706.5,671.5,1259.5,2173.5,2475.5,2555.0,2577.5,0.0,0.0,0.0,0.0,0.0,0.0,0.0,0.0,0.0,0.0,0.0,0.0,0.0,0.0,0.0,0.0,0.0,0.0,0.0,0.0,1685.5,1268.5,445.0,654.5,862.5,1072.5,1202.5,1275.0,1489.5,1392.0,3357.5,2971.0,780.5,1300.5,1719.5,2105.0,2498.0,2625.0,2848.0,2772.5,0.0,0.0,0.0,0.0,0.0,0.0,0.0,0.0,0.0,0.0,701.5,415.0,257.5,332.0,307.0,462.5,890.0,963.0,1014.0,983.0,3158.5,2493.0,636.0,1134.5,1328.5,1866.5,2815.0,3070.5,3342.0,3312.0,3160.0,2421.5,682.5,1167.5,1316.0,1857.0,3383.5,3803.5,3969.5,3907.0,"{""type"":""MultiPoint"",""coordinates"":[]}"
1569,204,2481.5,2165.5,573.5,689.5,923.0,1114.5,1262.0,1417.0,1574.0,1652.0,2222.0,1739.0,491.5,741.0,689.0,1133.0,2181.0,2449.0,2557.5,2617.5,2012.0,1570.0,456.0,680.5,628.0,1029.5,2292.0,2685.0,2811.0,2844.5,1893.0,1485.5,427.5,645.0,623.5,1005.5,2237.5,2685.5,2824.0,2827.0,1924.0,1516.0,485.0,685.0,679.5,1048.0,2229.5,2683.5,2804.0,2826.0,1907.0,1542.5,522.5,720.0,711.5,1073.0,2193.5,2650.5,2762.0,2819.0,1987.5,1558.5,520.5,733.0,741.5,1087.5,2200.0,2664.0,2795.0,2852.0,2019.0,1591.0,533.0,744.0,769.0,1103.0,2162.0,2652.0,2828.5,2848.5,1986.0,1563.0,519.5,736.0,757.5,1066.5,2146.5,2644.0,2723.5,2837.5,1947.5,1538.5,473.5,685.5,710.0,1043.0,2103.0,2620.5,2676.0,2795.0,1892.5,1451.0,455.5,666.5,690.0,1010.0,2077.0,2597.0,2620.5,2763.0,2759.5,2460.5,702.0,830.0,1061.0,1252.5,1365.5,1521.0,1703.0,1770.0,1872.5,1480.5,466.5,669.0,712.5,1010.0,2040.0,2564.5,2622.0,2743.5,1817.0,1340.5,428.0,654.0,685.0,998.0,2009.5,2459.0,2567.0,2665.0,1840.5,1331.5,574.5,744.5,759.5,1063.0,2065.0,2541.5,2642.5,2730.0,1793.0,1277.5,514.5,700.0,738.5,1034.5,1985.5,2410.0,2531.5,2664.5,1635.0,1153.0,460.5,626.0,698.0,997.5,1791.5,2200.5,2348.0,2443.5,1675.5,1229.5,471.0,639.0,705.0,999.5,1807.5,2200.5,2339.0,2448.0,1781.0,1259.0,520.0,680.0,737.5,1036.0,1874.5,2253.5,2422.5,2536.0,1731.0,1241.5,585.5,758.5,806.0,1096.5,1886.0,2247.5,2428.0,2526.5,1725.0,1178.5,404.5,554.5,633.5,968.5,1909.5,2318.5,2510.0,2648.0,1669.5,1094.5,379.5,522.0,590.0,994.5,1946.5,2348.0,2511.5,2678.0,2542.5,2120.0,580.0,680.0,888.0,1080.5,1247.5,1405.0,1588.5,1644.5,1620.0,973.0,377.0,554.0,610.0,1012.5,1914.0,2301.5,2424.0,2679.5,1965.5,1223.5,218.5,457.0,587.5,1092.0,1618.0,1914.5,2141.0,2335.5,2701.0,2209.5,530.5,668.0,876.5,1091.5,1237.5,1421.0,1591.5,1718.5,2701.0,2209.5,530.5,668.0,876.5,1091.5,1237.5,1421.0,1591.5,1718.5,3210.0,2692.0,925.0,1100.5,1323.5,1537.5,1708.5,1867.5,2063.5,2152.0,0.0,0.0,0.0,0.0,0.0,0.0,0.0,0.0,0.0,0.0,2498.0,2140.0,639.5,788.5,971.5,1133.0,1261.0,1379.5,1537.5,1585.0,2878.5,2638.0,724.0,886.0,1092.5,1247.0,1393.0,1520.0,1677.0,1723.5,2923.5,2625.0,766.0,970.0,1175.5,1346.0,1467.5,1615.5,1800.0,1849.5,3191.0,2958.5,850.5,1036.0,1287.0,1437.0,1575.0,1727.5,1964.0,1936.0,3404.5,3204.0,888.5,1075.5,1322.0,1492.5,1663.0,1832.5,1986.5,2030.0,3022.0,2807.5,780.5,951.5,1158.0,1345.0,1491.5,1646.5,1771.5,1822.0,2840.5,2538.0,771.0,955.5,1130.5,1313.5,1485.5,1583.5,1730.0,1801.5,"{""type"":""MultiPoint"",""coordinates"":[]}"
1614,69,2699.0,2060.0,741.0,985.5,1253.5,1660.0,1992.5,2193.5,2401.0,2509.5,3348.5,2539.5,854.5,1229.0,1446.0,1920.5,2976.0,3404.5,3594.5,3672.0,3512.5,2722.0,948.0,1313.5,1570.0,2000.0,3021.5,3502.0,3695.5,3790.5,3605.0,2840.0,988.0,1369.0,1640.0,2045.0,3084.0,3490.0,3745.0,3802.0,3701.0,2802.0,1033.0,1442.0,1717.0,2162.0,3174.0,3619.0,3845.0,3936.0,3716.0,2865.0,1032.0,1451.0,1764.0,2232.0,3284.0,3737.0,3897.0,3981.0,3716.0,2816.0,1035.0,1451.0,1764.0,2232.0,3284.0,3806.0,3947.0,4016.0,3715.0,2725.0,1027.0,1452.0,1776.0,2242.0,3256.0,3767.0,4009.0,4041.0,3691.0,2822.0,1033.0,1466.0,1765.0,2244.0,3228.0,3750.0,3939.0,4041.0,3654.0,2724.0,961.0,1374.0,1679.0,2197.0,3137.0,3654.0,3814.0,3946.0,3595.0,2680.0,961.0,1390.0,1702.0,2184.0,3148.0,3635.0,3761.0,3938.0,3003.0,2436.0,879.0,1084.0,1374.0,1705.0,1931.0,2105.0,2357.0,2426.0,3595.0,2717.0,980.0,1423.0,1735.0,2184.0,3148.0,3635.0,3761.0,3909.0,3406.0,2552.0,894.0,1308.5,1596.5,2108.0,3063.5,3531.0,3632.0,3796.5,3416.0,2596.0,893.0,1342.0,1590.0,2145.0,3115.0,3585.0,3638.0,3858.0,3270.0,2565.0,930.0,1254.0,1471.0,1912.0,2768.0,3173.0,3368.0,3507.0,3186.0,2565.0,877.0,1200.0,1464.0,1880.0,2676.0,3054.0,3214.0,3292.0,3167.0,2467.0,815.0,1189.0,1434.0,1856.0,2582.0,3050.0,3082.0,3292.0,2893.5,2283.5,1835.5,1992.5,2025.0,2311.5,2840.0,3081.5,3219.5,3258.5,2968.0,2345.0,1123.0,1338.0,1486.0,1829.0,2544.0,2831.0,3016.0,3141.0,2436.0,1845.0,689.0,959.5,1078.0,1523.0,2411.5,2839.5,3019.0,3062.0,2347.0,1722.0,633.0,896.0,988.0,1438.0,2470.0,2944.0,2979.0,3141.0,2889.5,2461.5,698.0,955.0,1280.0,1502.0,1686.0,1846.0,2040.5,2097.0,2426.5,1792.0,595.5,873.0,980.0,1441.0,2493.5,2953.5,2948.5,3157.0,2403.0,1886.0,485.0,778.0,848.0,1266.0,2315.0,2667.0,2745.0,2935.0,2193.0,1732.0,536.0,784.0,828.0,1213.0,2017.0,2366.0,2526.0,2534.0,1920.0,1489.0,523.0,747.0,772.5,1176.5,1863.5,2139.0,2217.0,2297.0,1800.0,1355.5,427.5,684.0,724.5,1169.5,1814.5,2021.5,2083.0,2222.0,0.0,0.0,0.0,0.0,0.0,0.0,0.0,0.0,0.0,0.0,3416.0,3059.5,1029.0,1352.5,1628.5,1969.5,2187.0,2355.0,2440.5,2561.0,3415.0,3048.0,1010.0,1345.0,1599.5,1974.5,2332.5,2528.0,2650.0,2707.5,3339.0,2840.0,963.0,1318.0,1543.0,1920.0,2405.0,2599.0,2804.0,2780.0,3460.0,2995.0,1044.0,1365.0,1647.0,1963.0,2429.0,2599.0,2856.0,2835.0,2972.5,2302.0,805.5,1137.0,1166.0,1719.5,2860.0,3186.0,3341.0,3391.0,2978.0,2214.0,712.0,1058.0,1106.0,1606.0,2761.0,3139.0,3250.0,3293.0,3162.5,2476.5,785.5,1133.5,1248.0,1733.5,2707.5,3089.5,3300.5,3364.5,"{""type"":""MultiPoint"",""coordinates"":[]}"
1715,3,1914.5,1425.5,899.5,935.0,1013.5,1128.5,1257.5,1392.5,1590.5,1493.0,3052.0,2740.0,906.0,1214.0,1481.0,1793.0,2023.0,2322.0,2583.0,2520.0,1398.0,1314.0,602.0,807.0,941.0,1154.0,1474.0,1563.0,1577.0,1401.0,1510.5,1146.5,573.5,812.0,965.5,1315.0,1400.0,1520.5,1710.0,1839.0,1474.5,1226.0,578.0,820.5,932.0,1256.5,1464.5,1599.0,1653.5,1591.0,1695.5,1284.0,625.0,861.5,901.5,1276.5,1697.5,1839.5,1924.5,1948.0,2136.5,1423.0,554.5,831.0,792.5,1247.5,2120.0,2498.5,2602.0,2684.5,2192.0,1434.5,491.0,752.5,755.5,1213.5,2456.5,3176.0,3239.0,3264.5,2119.5,1397.0,497.0,703.5,762.5,1139.5,2419.5,3631.5,3674.0,3711.5,1919.0,1214.0,458.0,607.0,631.0,971.0,2343.0,3665.0,3784.0,3986.0,1864.5,1272.0,469.0,652.5,671.0,1018.5,2341.5,3674.5,3850.0,3955.0,3220.0,2710.5,656.0,936.5,1139.0,1465.5,1788.0,1966.0,2223.5,2180.0,2005.5,1360.5,478.5,668.5,703.5,1033.0,2409.0,3718.0,3898.5,3926.5,2047.0,1404.5,519.5,827.5,784.5,1307.0,2562.0,3341.0,3635.0,3680.5,2180.0,1453.0,1735.0,1860.0,1622.0,2096.0,3078.0,3737.0,3697.0,3958.0,2228.5,1510.0,1020.5,1334.0,1212.0,1804.0,3051.5,3618.5,3799.0,4033.5,2125.0,1474.0,723.0,1050.0,1070.0,1669.0,2831.0,3304.0,3506.0,3512.0,3071.0,2131.0,862.0,1223.0,1439.0,2105.0,2874.0,3180.0,3458.0,3676.0,3741.5,2667.5,932.0,1354.0,1799.5,2361.5,2812.0,3192.5,3368.0,3575.5,3746.0,2686.0,859.0,1228.0,1747.0,2020.0,2469.0,2695.0,3047.0,3054.0,3140.0,2569.5,742.0,1076.0,1396.5,1658.5,2061.0,2199.0,2488.0,2471.5,0.0,0.0,0.0,0.0,0.0,0.0,0.0,0.0,0.0,0.0,2358.0,1843.0,1333.0,1360.5,1464.5,1673.0,1848.5,1990.5,2122.5,2144.5,1817.0,1488.0,586.0,834.0,972.0,1163.0,1484.0,1752.0,1923.0,1709.0,2550.0,2182.0,1596.5,1693.5,1675.0,1991.5,2370.0,2570.0,2693.5,2693.5,1655.0,1330.5,461.5,689.5,689.5,1058.0,1492.5,1722.5,2008.5,1865.5,1900.0,1534.0,651.0,878.0,924.0,1312.0,1712.0,1802.0,2107.0,1876.0,2237.0,1850.0,508.0,737.0,828.0,1216.0,1583.0,1787.0,2079.0,1929.0,0.0,0.0,0.0,0.0,0.0,0.0,0.0,0.0,0.0,0.0,3182.0,2668.0,639.0,951.0,1127.0,1494.0,1815.0,2036.0,2311.0,2281.0,2874.5,2334.0,539.0,810.5,926.5,1328.5,1781.5,2013.5,2258.5,2239.0,3483.5,2904.0,700.0,1052.5,1195.0,1588.5,2233.0,2400.5,2811.5,2666.0,0.0,0.0,0.0,0.0,0.0,0.0,0.0,0.0,0.0,0.0,3290.0,2546.0,720.0,945.0,1094.0,1550.0,2461.0,2737.0,3002.0,2949.0,2894.5,2442.5,680.0,963.0,1072.5,1468.0,1978.0,2259.5,2570.5,2548.5,2978.0,2501.0,729.0,1030.0,1212.0,1576.0,2203.0,2361.0,2685.0,2573.0,"{""type"":""MultiPoint"",""coordinates"":[]}"
1727,37,2545.0,1532.0,1217.0,1617.0,2259.0,2628.0,2797.0,3022.0,3224.0,3396.0,3002.0,1969.0,1025.5,1363.0,1467.5,2013.0,2906.0,3194.0,3483.0,3513.0,2536.0,1418.0,533.0,989.0,868.0,1666.0,3371.0,3913.0,4144.0,4254.0,2031.0,951.0,408.0,805.0,493.0,1263.0,3531.0,4462.0,4715.0,4792.0,2119.0,1038.0,528.0,858.5,566.0,1331.0,3457.0,4342.5,4601.5,4793.0,2118.0,1038.0,471.0,820.0,515.0,1312.0,3682.0,4718.0,5014.0,5213.0,1933.0,909.0,339.0,610.0,372.0,967.0,3229.0,4169.0,4356.0,4639.0,3181.5,2099.5,1181.5,1473.5,1395.5,2126.0,3500.5,4227.5,4538.0,4523.5,3984.0,2561.0,813.0,1156.5,1462.0,1971.5,2550.5,2921.0,3237.0,3556.0,2601.0,1333.0,589.0,933.0,631.0,1393.0,3500.0,4282.0,4434.0,4656.0,2253.5,1017.5,583.0,906.5,469.5,1271.0,3854.0,5047.5,5217.0,5346.5,4732.0,4302.0,3757.0,3993.0,4472.0,4878.0,4900.0,5071.0,5141.0,5227.0,2194.0,1004.0,334.0,747.0,315.0,1128.0,4520.0,6034.0,6119.0,6218.0,3732.0,2307.0,906.0,1106.0,962.0,1576.0,2998.0,3519.0,3987.0,4264.0,2999.5,1685.0,1239.5,1414.5,1289.0,1865.0,3008.0,3410.5,3601.0,3803.5,2380.0,1173.0,802.0,1103.0,715.0,1556.0,3941.0,4572.0,4772.0,4784.0,2070.5,904.5,637.0,899.0,489.0,1184.0,4119.5,5304.5,5586.0,5590.5,2141.5,972.0,534.0,824.0,403.5,1135.0,4166.0,5511.5,5661.0,5751.5,3817.0,2365.0,641.0,912.0,846.0,1561.0,2628.0,3129.0,3536.0,3829.0,3682.0,2315.0,1363.0,1584.0,1464.0,2068.0,2797.0,3258.0,3693.0,4010.0,2983.5,1660.0,465.0,832.0,897.0,1597.0,2568.0,2943.0,3320.5,3496.5,1176.0,901.0,649.0,809.0,820.0,1169.0,1593.0,1761.0,1850.0,1926.0,2839.5,2585.0,4270.0,4261.0,4499.5,4718.5,4693.5,4680.0,5131.0,4891.5,2427.0,1605.5,1249.0,1464.5,1438.0,1978.5,2727.0,2985.5,3231.5,3250.0,2474.0,1764.0,1008.0,1164.5,1292.5,1661.5,2068.0,2257.0,2366.0,2495.0,3155.0,2099.0,773.0,1106.0,1449.0,1901.0,2404.0,2638.0,3005.0,3024.0,3391.5,2273.0,862.0,1213.5,1676.0,2123.0,2512.5,2787.5,3066.5,3186.0,3479.0,2369.0,916.0,1262.0,1738.0,2199.0,2572.0,2839.0,3111.0,3193.0,1308.5,1075.5,5241.0,5180.5,5287.5,5626.5,5622.0,5553.0,5469.5,5489.0,3422.0,2297.0,1189.0,1607.0,2332.0,2590.0,2772.0,2941.0,3223.0,3293.0,0.0,0.0,0.0,0.0,0.0,0.0,0.0,0.0,0.0,0.0,3760.0,2625.0,1397.0,1793.0,2340.0,2679.0,2807.0,2997.0,3157.0,3280.0,3100.0,2357.0,1636.0,1803.0,2045.0,2202.0,2299.0,2393.0,2586.0,2582.0,3533.0,2576.0,1029.0,1357.0,1898.0,2196.0,2367.0,2535.0,2728.0,2853.0,3757.0,2697.0,1156.0,1535.0,2069.0,2395.0,2604.0,2821.0,3072.0,3123.0,2639.0,2111.0,1270.0,1593.0,1830.0,2057.0,2279.0,2414.0,2592.0,2785.0,"{""type"":""MultiPoint"",""coordinates"":[]}"
1789,122,3016.5,2458.0,646.5,937.0,1192.0,1452.5,1679.5,1829.0,1956.5,2025.0,2500.5,1661.0,586.5,943.5,975.0,1631.0,2980.0,3380.5,3527.5,3662.0,2572.5,1736.0,667.5,1053.5,1288.0,1858.0,2635.5,2932.5,3143.0,3223.0,3198.5,2235.0,809.5,1161.5,1593.5,2184.0,2765.0,3072.0,3309.0,3579.5,3667.0,2580.5,981.0,1418.5,2093.5,2605.0,2841.5,3118.5,3382.5,3518.5,4011.0,2870.0,1147.0,1603.5,2389.5,2903.5,3077.5,3325.5,3571.0,3730.0,4069.0,2905.5,1152.0,1636.5,2445.0,2931.0,3045.0,3282.0,3513.5,3678.5,4115.0,2966.5,1148.0,1638.5,2474.5,2907.0,3006.5,3229.0,3407.0,3662.0,4089.5,2992.5,1137.0,1635.5,2464.5,2848.5,3017.0,3232.5,3364.5,3586.5,3812.5,2803.5,1167.5,1638.0,2405.5,2783.5,2878.0,3097.5,3267.5,3390.0,4074.0,2998.5,1096.0,1628.5,2447.0,2855.5,2952.0,3195.0,3343.5,3500.0,3039.0,2581.5,714.0,957.0,1254.5,1505.5,1694.5,1842.5,1995.5,2053.0,4005.0,3012.5,1110.5,1571.0,2395.5,2732.0,2838.5,3034.0,3300.5,3349.5,3986.0,2977.0,1251.0,1629.5,2298.5,2669.5,2827.5,3047.0,3246.5,3386.0,4019.0,3005.5,1037.5,1542.5,2350.5,2728.0,2859.0,3068.5,3157.5,3420.0,3985.5,2970.5,1015.5,1535.5,2361.0,2718.5,2826.0,3086.0,3260.5,3391.5,3858.5,2926.0,1030.5,1510.0,2234.5,2571.5,2701.5,2953.0,3052.5,3177.0,3803.0,2905.5,1008.0,1479.0,2242.0,2547.0,2693.5,2866.5,3047.0,3171.5,3779.0,2869.5,1063.0,1469.5,2145.0,2534.0,2628.0,2837.5,3000.5,3145.0,3687.0,2855.0,966.0,1420.5,2121.5,2400.5,2504.5,2666.0,2945.5,3013.5,3505.0,2706.5,913.5,1362.0,2025.5,2284.5,2422.5,2580.5,2820.0,2885.5,3410.0,2679.0,2222.5,2387.5,2712.5,3091.5,3218.0,3385.5,3241.5,3497.5,1978.5,1372.0,397.0,598.0,798.0,1084.0,1336.0,1424.5,1526.5,1609.5,0.0,0.0,0.0,0.0,0.0,0.0,0.0,0.0,0.0,0.0,1924.5,1182.5,387.0,691.5,573.0,1070.0,2135.0,2403.0,2413.5,2511.0,2330.0,1755.5,389.0,688.0,712.0,1083.5,1911.5,2190.0,2323.0,2394.0,2603.5,2322.5,652.5,857.5,1075.5,1265.0,1379.5,1549.0,1653.0,1775.5,1997.5,1663.5,397.0,540.5,771.0,895.0,920.5,1052.0,1204.0,1244.5,0.0,0.0,0.0,0.0,0.0,0.0,0.0,0.0,0.0,0.0,2515.5,2020.0,550.0,744.5,936.5,1216.0,1596.5,1604.5,1760.0,1819.5,0.0,0.0,0.0,0.0,0.0,0.0,0.0,0.0,0.0,0.0,2804.5,1997.5,504.0,849.5,889.0,1347.5,2171.5,2454.0,2582.0,2612.5,2277.5,1555.0,541.0,812.5,764.5,1222.0,2419.0,2677.5,2755.0,2807.0,1825.0,1050.0,327.5,622.5,448.0,982.5,2735.0,3047.5,3122.5,3259.5,2115.0,1302.0,368.0,709.0,614.5,1100.5,2670.0,3135.5,3333.0,3259.0,2360.0,1459.5,466.5,828.5,737.5,1331.5,2861.5,3374.0,3472.0,3556.0,"{""type"":""MultiPoint"",""coordinates"":[]}"
1972,69,3328.0,2947.0,1553.0,1716.0,1903.0,2182.0,2285.0,2398.0,2544.0,2501.0,3824.0,3481.5,1047.5,1390.0,1858.0,2138.5,2335.5,2503.0,2741.0,2770.5,3698.5,3249.5,1611.5,1930.5,2321.0,2643.0,2951.5,3170.0,3040.0,3387.0,3915.0,3576.0,1083.0,1421.0,1911.0,2223.0,2387.0,2608.0,2796.0,2818.0,3890.5,3331.5,1117.5,1493.0,1949.5,2260.5,2574.5,2807.5,3058.0,3070.5,3898.5,3328.5,1110.5,1483.5,1931.0,2287.5,2642.5,2855.5,3053.0,3127.5,3793.5,3160.5,1014.0,1421.5,1807.5,2211.5,2784.5,3060.5,3255.5,3315.0,3988.0,3323.5,1015.5,1422.5,1891.5,2292.5,2749.0,3016.5,3212.0,3341.0,4117.0,3628.0,1060.0,1456.0,1956.0,2351.5,2675.5,2929.0,3078.0,3189.5,3859.0,3300.0,996.0,1388.0,1790.0,2183.0,2695.0,2942.0,3171.0,3194.0,3732.5,3182.0,899.5,1293.0,1661.5,2050.5,2692.5,3010.5,3125.0,3235.0,3397.0,3038.0,889.0,1252.0,1558.0,1870.0,2032.0,2182.0,2459.0,2348.0,3961.5,3419.5,1157.5,1470.5,1839.5,2221.0,2778.0,3092.5,3277.0,3411.5,3744.5,3125.5,1684.0,1836.5,1966.5,2309.5,2862.0,3184.0,3350.0,3434.5,3264.0,2623.0,1880.0,2108.0,2118.0,2352.0,2756.0,3018.0,3110.0,3225.0,3219.5,2547.0,1116.5,1337.5,1490.5,1888.0,2725.5,3065.5,3255.0,3282.0,3007.0,2353.0,743.5,1056.0,1280.0,1666.0,2535.5,2868.0,3108.0,3143.5,2775.0,2149.5,652.5,912.0,1128.5,1504.0,2267.0,2560.5,2748.5,2839.0,2747.0,2075.5,614.5,890.5,1092.5,1483.5,2304.5,2679.5,2838.0,2951.5,2676.0,2019.0,604.0,849.0,1038.0,1371.0,2226.0,2588.0,2798.0,2866.0,2588.0,1930.0,547.0,817.5,1027.5,1364.5,2138.0,2466.0,2720.0,2760.5,1968.0,1250.0,539.0,733.0,794.0,1196.0,1993.0,2198.0,2287.0,2501.0,1858.0,1420.0,1624.0,1537.0,1460.0,1625.0,1763.0,1805.0,2144.0,1884.0,0.0,0.0,0.0,0.0,0.0,0.0,0.0,0.0,0.0,0.0,0.0,0.0,0.0,0.0,0.0,0.0,0.0,0.0,0.0,0.0,2045.0,1332.0,380.5,668.0,492.5,1106.0,2214.5,2499.5,2731.5,2698.0,2029.0,1286.0,412.0,696.0,513.0,1160.0,2424.0,2795.0,3010.0,3018.0,1289.0,962.5,198.0,361.5,393.0,636.0,1002.0,1112.0,1230.5,1246.5,0.0,0.0,0.0,0.0,0.0,0.0,0.0,0.0,0.0,0.0,0.0,0.0,0.0,0.0,0.0,0.0,0.0,0.0,0.0,0.0,2610.0,2187.0,656.0,891.0,1077.0,1389.0,1637.0,1738.0,1924.0,1927.0,3583.5,3065.5,1098.5,1495.5,1785.5,2162.5,2699.5,2891.5,3186.5,3077.5,3719.0,3194.0,1195.0,1570.0,1855.0,2266.0,2904.0,3231.0,3491.0,3411.0,3054.5,2457.0,889.0,1178.0,1353.0,1748.0,2782.0,3195.5,3456.0,3399.5,3524.0,3136.5,990.5,1313.0,1582.0,1937.5,2518.0,2801.0,3083.5,3034.0,3725.0,3354.0,966.0,1336.0,1787.0,2087.0,2269.0,2430.0,2642.0,2688.0,"{""type"":""MultiPoint"",""coordinates"":[]}"
1980,3,0.0,0.0,0.0,0.0,0.0,0.0,0.0,0.0,0.0,0.0,2477.5,2188.5,672.0,871.5,1220.0,1361.0,1393.0,1523.5,1667.0,1720.0,2666.0,2402.0,812.0,984.0,1323.0,1471.0,1533.0,1670.0,1821.0,1863.0,2727.0,2555.0,891.0,1132.0,1514.0,1681.0,1682.0,1829.0,1926.0,1984.0,158.0,179.5,323.0,459.0,512.5,665.0,514.0,586.5,580.5,502.5,303.5,221.5,304.5,535.5,479.0,809.0,768.5,833.0,848.0,764.5,847.5,524.0,367.0,633.0,430.0,1007.0,1592.5,1764.5,1783.0,1763.0,1631.0,818.5,288.0,650.5,310.0,1093.5,2983.0,3567.5,3685.0,3758.0,1362.5,700.5,252.5,472.5,282.0,767.0,2351.5,3105.5,3155.5,3179.5,1163.0,527.0,162.0,331.0,150.0,541.0,2386.0,3481.0,3606.0,3587.0,1129.5,512.0,189.0,351.0,155.0,549.5,2452.5,3728.0,3777.0,3835.0,3378.0,2630.0,713.0,1018.0,1550.0,1798.0,1917.0,2097.0,2464.0,2443.0,1260.0,587.0,1446.0,1402.0,1103.0,1378.0,2648.0,3620.0,3731.0,3704.0,1251.5,539.0,1233.5,1321.0,1016.5,1446.0,3144.0,4296.0,4416.0,4485.0,1529.0,731.0,2042.0,2164.0,1870.0,2310.0,3389.0,3938.0,3928.0,4174.0,1402.0,676.5,1157.0,1384.0,1032.0,1780.5,3412.0,4156.5,4323.5,4397.5,1323.0,690.5,336.5,791.5,651.0,1555.5,3020.5,3577.0,3750.5,3842.5,1754.0,964.0,553.5,1014.0,989.0,1922.5,3093.0,3512.5,3780.0,3910.5,2218.0,1300.5,677.0,1231.5,1459.5,2420.0,3293.0,3686.0,3997.5,4158.5,2769.0,1816.0,872.0,1377.0,1784.0,2634.0,3207.0,3581.0,3859.0,4098.0,4466.0,2961.5,1572.5,2193.0,3155.5,3680.5,3961.5,4285.5,4732.0,4778.0,0.0,0.0,0.0,0.0,0.0,0.0,0.0,0.0,0.0,0.0,1426.0,1077.0,1196.0,1251.0,1406.0,1590.0,1626.0,1726.0,1831.0,1883.0,4236.0,3049.0,1466.0,1844.0,2372.0,2717.0,2820.0,3057.0,3199.0,3332.0,3531.0,2744.0,1924.0,2196.0,2414.0,2773.0,2882.0,3091.0,3128.0,3246.0,3187.0,2442.0,935.0,1169.0,1510.0,1684.0,1757.0,1902.0,2077.0,2127.0,0.0,0.0,0.0,0.0,0.0,0.0,0.0,0.0,0.0,0.0,1081.0,809.0,383.0,502.0,748.0,926.0,981.0,1068.0,1261.0,1210.0,0.0,0.0,0.0,0.0,0.0,0.0,0.0,0.0,0.0,0.0,0.0,0.0,0.0,0.0,0.0,0.0,0.0,0.0,0.0,0.0,3764.0,3267.0,3347.0,3201.0,3246.0,3564.0,3699.0,3830.0,4338.0,3884.0,3721.5,2951.5,774.5,1052.5,1503.5,1749.5,1924.0,2105.5,2435.0,2510.5,0.0,0.0,0.0,0.0,0.0,0.0,0.0,0.0,0.0,0.0,1336.0,931.5,695.0,723.5,811.5,900.5,1047.5,1070.5,1160.0,1166.5,3766.5,2925.0,836.0,1105.5,1440.0,1752.0,2051.0,2309.5,2589.0,2647.5,2408.0,2029.0,563.0,778.0,1067.0,1224.0,1324.0,1465.0,1645.0,1697.0,"{""type"":""MultiPoint"",""coordinates"":[]}"
2105,3,255.0,228.0,204.0,335.0,445.0,454.0,360.0,362.0,403.0,310.0,2827.5,2589.0,830.0,1027.5,1299.5,1443.0,1538.0,1632.5,1789.5,1819.0,216.0,209.0,424.0,523.0,509.0,579.0,413.0,491.0,466.0,400.0,285.0,264.0,361.0,465.0,521.0,621.0,522.0,609.0,595.0,557.0,475.5,362.5,322.5,543.5,482.5,792.5,873.5,942.0,1000.0,931.0,726.0,481.0,323.0,574.0,455.0,820.0,1138.0,1220.0,1268.0,1246.0,1200.0,728.5,325.5,580.0,453.5,901.0,1485.0,1670.0,1698.5,1667.5,1477.5,823.0,267.0,544.5,304.0,806.5,2199.5,2618.5,2645.0,2612.0,1980.5,1003.5,273.5,603.0,280.0,927.0,3320.5,4418.5,4348.0,4458.5,1640.0,759.0,209.0,436.0,220.0,684.0,2952.0,4254.0,4525.0,4416.0,1500.0,710.0,222.5,395.5,224.5,613.0,2826.5,4489.5,4612.0,4631.0,265.0,257.5,315.0,429.0,534.0,542.0,358.5,392.0,398.0,297.5,1394.0,645.0,193.0,356.0,167.0,557.0,2686.0,4446.0,4655.0,4610.0,1542.0,689.0,1554.0,1618.0,1311.0,1638.0,3284.0,4592.0,4752.0,4798.0,1594.5,701.0,1376.0,1446.5,1066.0,1463.0,3195.5,4665.5,4761.0,4922.5,1394.5,615.5,666.5,878.5,535.0,1109.0,3219.5,4537.0,4808.5,4825.5,1470.0,688.0,229.0,694.0,321.0,1243.0,3510.0,4727.0,5013.0,5031.0,1568.0,764.5,290.0,818.5,442.5,1513.0,3746.0,4651.0,4851.5,4923.0,1741.5,895.5,390.5,930.5,649.0,1781.5,3584.5,4237.0,4497.0,4634.0,2086.0,1174.0,508.0,1100.0,998.0,2247.0,3501.0,3925.0,4265.0,4360.0,4804.0,3206.5,1342.0,1945.5,2802.5,3335.5,3609.5,3933.5,4375.0,4409.0,0.0,0.0,0.0,0.0,0.0,0.0,0.0,0.0,0.0,0.0,0.0,0.0,0.0,0.0,0.0,0.0,0.0,0.0,0.0,0.0,2813.0,2199.0,915.0,1181.0,1612.0,1879.0,1891.0,1983.0,2176.0,2234.0,2554.0,1992.0,937.0,1138.0,1457.0,1640.0,1701.0,1849.0,1901.0,2035.0,252.5,207.0,394.0,543.5,712.5,843.0,727.0,774.5,888.5,762.5,172.0,146.0,676.0,784.0,896.0,978.0,759.0,828.0,792.0,664.0,135.0,127.0,300.0,417.0,540.0,574.0,431.0,419.0,451.0,357.0,0.0,0.0,0.0,0.0,0.0,0.0,0.0,0.0,0.0,0.0,0.0,0.0,0.0,0.0,0.0,0.0,0.0,0.0,0.0,0.0,189.0,188.0,404.0,529.0,593.0,608.0,413.0,400.0,439.0,318.0,447.0,321.0,317.0,430.5,543.0,617.5,598.5,626.5,749.5,648.0,0.0,0.0,0.0,0.0,0.0,0.0,0.0,0.0,0.0,0.0,1821.0,1352.0,451.0,611.0,800.0,980.0,1094.0,1151.0,1297.0,1345.0,2807.0,2315.0,702.5,899.0,1153.5,1316.5,1523.5,1593.0,1787.5,1794.5,2323.0,2068.0,576.0,738.0,983.0,1091.0,1162.0,1263.0,1366.0,1420.0,"{""type"":""MultiPoint"",""coordinates"":[]}"
2134,54,1451.0,1230.5,849.5,849.0,917.5,947.5,910.5,952.5,1076.0,977.0,2816.5,2639.0,691.5,895.0,1127.0,1231.0,1253.0,1346.0,1464.0,1512.0,3028.5,2860.5,778.5,985.0,1228.5,1342.0,1360.5,1462.0,1577.5,1628.5,3222.5,3148.5,901.0,1107.0,1379.5,1519.0,1537.0,1662.0,1745.0,1809.0,3117.0,2941.5,873.5,1098.5,1361.0,1485.0,1526.0,1633.0,1745.0,1789.5,3138.5,2825.0,804.5,1064.5,1292.5,1506.0,1603.0,1749.5,1802.5,1905.5,2992.5,2676.0,795.0,1069.0,1226.5,1483.0,1905.0,2062.5,2181.5,2213.0,2620.5,2116.0,660.0,970.0,956.5,1388.0,2593.0,2955.0,3007.0,3050.0,2351.0,1715.5,564.5,876.5,785.0,1293.0,3107.0,3776.5,3803.5,3902.0,2082.5,1248.0,421.0,756.0,573.0,1169.5,3665.0,4592.5,4814.5,4769.5,2027.0,1217.0,477.0,781.0,576.0,1196.5,3769.5,4848.5,4882.0,4950.0,2204.5,2036.0,364.5,572.5,763.5,853.5,885.0,991.0,1111.0,1116.0,1909.0,1098.5,552.0,836.5,602.0,1205.5,3825.5,4848.0,4935.5,5106.0,1952.0,1060.5,1333.5,1550.0,1300.0,1843.0,3817.0,4631.0,4851.0,4927.5,1977.5,1131.0,1075.5,1309.0,1198.0,1759.5,3332.5,4003.0,4095.5,4326.0,1960.5,1161.5,766.0,1066.5,925.0,1648.0,3423.0,4081.5,4326.0,4449.0,2086.5,1338.0,462.0,904.0,975.0,1762.0,3078.0,3574.5,3836.0,4000.0,3573.0,2682.5,668.0,963.0,1394.5,1762.0,1979.0,2252.5,2520.5,2706.0,3258.5,2693.5,711.5,972.0,1358.0,1587.0,1700.0,1895.0,2080.0,2233.5,2933.5,2739.5,753.0,962.5,1236.5,1412.5,1462.5,1594.0,1690.0,1781.5,2884.0,2626.5,705.0,962.5,1275.0,1421.0,1484.5,1604.5,1754.0,1790.0,2246.0,1817.0,1740.0,1796.0,1893.5,2074.0,2252.0,2304.0,2275.5,2451.0,4477.0,3762.5,4733.0,4560.0,4538.0,4680.0,4671.5,4673.5,4856.0,4689.5,3353.0,3181.0,987.5,1270.5,1578.5,1711.0,1712.5,1888.5,2002.0,2036.5,2371.0,1965.5,810.0,909.0,1031.5,1171.5,1234.0,1361.0,1376.0,1506.0,2662.0,2498.5,641.5,850.0,1091.0,1225.0,1320.5,1440.0,1561.0,1563.5,2133.0,2071.0,383.5,527.5,722.5,800.5,853.0,998.5,1072.5,1114.0,1981.0,1922.5,321.0,436.0,616.5,684.0,749.0,840.5,934.5,956.5,0.0,0.0,0.0,0.0,0.0,0.0,0.0,0.0,0.0,0.0,0.0,0.0,0.0,0.0,0.0,0.0,0.0,0.0,0.0,0.0,3206.0,3140.0,840.0,1092.5,1379.0,1503.5,1577.0,1721.5,1831.0,1844.0,3444.0,3248.0,888.5,1229.0,1551.5,1685.5,1752.5,1848.5,1989.5,2047.0,0.0,0.0,0.0,0.0,0.0,0.0,0.0,0.0,0.0,0.0,3156.5,2890.0,783.0,1053.0,1270.0,1436.5,1570.0,1638.5,1817.0,1858.5,2448.5,2327.0,543.0,709.0,917.0,1004.0,1050.0,1146.0,1250.0,1281.5,0.0,0.0,0.0,0.0,0.0,0.0,0.0,0.0,0.0,0.0,"{""type"":""MultiPoint"",""coordinates"":[]}"
2149,2,2127.0,1673.5,862.0,982.5,1093.5,1214.0,1261.0,1359.5,1458.0,1482.0,2982.5,2742.5,1252.0,1470.5,1650.0,1797.5,1867.5,1964.0,2072.5,2082.5,2991.0,2777.5,1297.5,1498.0,1665.0,1822.5,1913.5,2018.5,2171.0,2166.0,3017.5,2766.0,1256.0,1486.5,1660.5,1828.5,1987.5,2103.5,2201.0,2239.0,3022.0,2649.0,1259.0,1497.5,1609.5,1843.0,2325.5,2449.0,2490.5,2571.5,2967.5,2428.0,1149.5,1426.5,1460.5,1834.5,2625.0,2815.5,2939.5,2970.0,2916.5,2284.5,1092.0,1336.5,1374.0,1693.0,2710.0,3012.5,3095.0,3136.5,2659.0,1868.0,883.5,1262.0,1049.0,1653.5,2826.5,3206.5,3434.0,3329.5,2215.5,1307.5,500.0,834.0,573.0,1174.0,3436.5,4071.0,4159.0,4201.5,2183.0,1199.0,444.5,725.0,497.5,1034.0,3512.0,4315.5,4397.0,4458.5,2083.0,923.0,370.5,773.5,348.0,1233.0,4449.5,5483.0,5535.0,5661.0,2016.5,1385.0,744.5,942.5,968.0,1207.5,1249.5,1319.0,1414.5,1443.5,2194.0,979.0,373.0,776.0,352.5,1183.5,4609.0,5785.0,5785.5,5994.5,2153.5,943.5,347.0,729.5,327.0,1181.0,4575.5,5825.0,5795.0,6070.0,2202.5,1026.0,496.5,859.0,501.0,1244.0,4057.5,4942.5,5026.5,5203.5,2037.0,937.5,474.5,859.5,504.5,1354.5,4040.0,4832.0,5081.0,5100.5,1915.0,923.5,456.0,773.5,511.5,1202.5,3690.5,4417.0,4689.5,4669.0,1966.5,1040.0,479.5,755.0,567.0,1218.5,3037.5,3569.0,3814.0,3901.5,2121.5,1156.0,555.0,845.0,742.5,1341.5,3037.5,3569.0,3795.5,3901.5,2331.5,1359.0,828.0,1070.0,1009.0,1559.0,2735.5,3179.0,3433.0,3558.0,2774.5,1834.5,1195.5,1472.5,1967.0,2418.0,2733.5,3009.5,3313.0,3505.0,3235.5,2277.0,818.0,1172.5,1831.0,2333.0,2662.0,3005.0,3303.5,3595.0,1964.5,1383.0,640.0,840.0,921.0,1117.5,1186.5,1257.0,1380.0,1408.5,3193.0,2292.5,672.0,915.0,1433.0,1767.0,2002.5,2306.0,2551.0,2839.5,2527.0,2259.5,706.0,900.0,1097.0,1230.5,1293.5,1384.5,1487.5,1593.0,2446.0,2264.5,832.0,976.0,1145.5,1237.0,1279.0,1359.5,1497.0,1517.0,2482.0,2354.0,792.5,925.0,1102.5,1213.0,1247.0,1334.5,1469.0,1486.5,2224.0,1932.5,646.0,803.5,995.5,1124.5,1169.5,1245.0,1346.0,1437.0,0.0,0.0,0.0,0.0,0.0,0.0,0.0,0.0,0.0,0.0,2411.5,1697.0,955.0,1219.5,1344.0,1556.5,1590.0,1688.0,1795.0,1812.0,2822.5,2216.0,1222.0,1486.5,1635.0,1840.5,1880.5,1987.5,2086.5,2124.0,3977.5,3513.5,2108.5,2462.5,2728.5,2902.5,2941.0,3033.5,3234.0,3192.5,3367.0,3131.5,1638.5,1868.0,2094.5,2220.0,2247.5,2344.0,2553.0,2482.0,2626.5,2484.5,1031.5,1184.0,1353.5,1461.0,1490.0,1590.0,1684.5,1723.5,2651.5,2457.5,1040.0,1221.0,1393.5,1501.0,1537.5,1633.0,1725.0,1750.0,2844.0,2618.0,1140.5,1359.5,1543.5,1655.0,1687.5,1780.0,1907.0,1919.0,"{""type"":""MultiPoint"",""coordinates"":[]}"
2155,69,0.0,0.0,0.0,0.0,0.0,0.0,0.0,0.0,0.0,0.0,3461.0,3079.0,942.0,1275.5,1640.5,1912.5,2180.0,2342.5,2547.5,2605.5,3739.5,3071.5,2843.5,2832.5,3047.0,3369.0,3613.0,3774.5,3878.0,3817.0,3363.0,2850.0,868.0,1192.0,1473.0,1800.0,2277.0,2552.0,2645.0,2795.0,3362.0,2741.5,849.5,1194.5,1452.5,1853.0,2543.5,2874.5,3029.0,3101.0,3398.0,2696.0,836.5,1196.5,1430.5,1863.0,2696.5,3056.5,3153.5,3296.0,3366.0,2604.5,812.0,1169.5,1388.5,1829.0,2758.5,3094.0,3277.0,3384.5,3352.5,2607.5,789.0,1171.5,1376.5,1829.0,2718.0,3132.5,3221.5,3333.0,3365.0,2599.5,792.0,1157.0,1375.5,1836.5,2790.5,3143.5,3242.5,3426.0,3302.0,2620.0,668.0,1035.0,1274.0,1746.0,2575.0,2851.0,3069.0,3196.0,3454.0,2778.0,756.0,1126.0,1380.0,1909.0,2679.0,3023.0,3150.0,3299.0,2337.0,1920.0,324.0,620.0,635.0,1083.0,1834.0,2007.0,2258.0,2182.0,3375.0,2731.0,812.0,1142.0,1374.0,1808.0,2545.0,2881.0,3061.0,3189.0,3293.5,2545.5,1694.0,1871.0,1869.5,2196.0,2900.5,3223.0,3306.5,3395.0,2370.0,1821.5,1413.0,1520.0,1494.0,1784.5,2280.0,2523.5,2536.0,2681.0,3047.0,2400.0,1036.5,1263.0,1427.5,1832.0,2462.0,2757.0,2949.5,3032.5,2904.0,2281.5,703.0,1016.5,1258.0,1692.0,2277.0,2551.0,2748.0,2824.5,2807.0,2119.5,605.5,886.5,1094.0,1536.5,2120.0,2403.0,2587.5,2737.0,2982.0,2270.0,644.5,931.0,1233.5,1639.5,2180.5,2440.5,2694.0,2827.0,2149.0,1666.0,498.5,732.0,970.5,1287.5,1723.5,1974.5,2101.5,2256.5,2806.5,2153.5,600.5,887.5,1147.5,1554.0,2118.5,2375.5,2683.0,2718.0,1085.0,711.0,263.0,373.0,412.0,665.0,949.0,1113.0,1145.0,1304.0,0.0,0.0,0.0,0.0,0.0,0.0,0.0,0.0,0.0,0.0,2378.0,1602.0,419.0,678.0,704.0,1265.0,2008.0,2155.0,2429.0,2514.0,0.0,0.0,0.0,0.0,0.0,0.0,0.0,0.0,0.0,0.0,1706.5,1112.5,318.0,512.0,501.0,940.5,1558.5,1743.0,1859.5,2005.5,1774.0,1158.0,365.0,538.0,523.0,956.0,1696.0,1920.0,1999.0,2039.0,1755.0,1121.0,1389.5,1424.0,1401.5,1814.0,2350.0,2468.0,2569.0,2637.0,0.0,0.0,0.0,0.0,0.0,0.0,0.0,0.0,0.0,0.0,0.0,0.0,0.0,0.0,0.0,0.0,0.0,0.0,0.0,0.0,1974.0,1377.0,364.0,596.0,520.0,1025.0,2245.0,2527.0,2705.0,2674.0,2449.0,1898.0,456.0,802.0,800.0,1299.0,2816.0,3158.0,3433.0,3427.0,2748.0,2369.0,693.0,961.0,1122.0,1443.0,2009.0,2166.0,2305.0,2355.0,2291.0,1785.0,451.0,652.0,866.0,1082.0,1427.0,1524.0,1698.0,1847.0,3548.5,3240.5,945.0,1227.5,1611.0,1812.0,2104.0,2351.0,2514.0,2619.5,3270.0,2960.0,869.0,1182.0,1547.0,1757.0,1993.0,2201.0,2362.0,2419.0,"{""type"":""MultiPoint"",""coordinates"":[]}"
2194,121,3792.0,3211.0,1037.0,1423.5,1926.5,2278.0,2449.5,2632.0,2895.0,2937.5,4304.5,3144.0,1336.5,1988.5,2875.5,3335.0,3691.0,4044.0,4754.5,4497.0,4337.0,3037.0,1613.0,2304.0,3002.0,3395.0,3917.0,4253.0,4706.0,4615.0,4554.5,3398.5,1527.0,2201.5,3235.0,3570.0,3771.0,4136.0,4731.5,4609.0,4328.0,3208.0,1397.0,2053.5,3066.5,3479.0,3641.0,4012.5,4429.0,4368.5,4434.0,3358.0,1404.0,2115.0,3162.0,3511.0,3631.0,4056.0,4579.0,4479.0,5052.0,3757.0,1534.0,2370.0,3462.0,3835.0,4106.0,4426.0,4862.0,4742.0,4812.0,3640.0,1585.5,2318.0,3131.0,3603.0,3911.5,4142.5,4383.0,4371.5,4421.0,3343.0,1526.0,2122.0,2946.0,3292.0,3478.0,3739.0,4235.0,4216.0,4867.0,3710.0,1478.5,2159.0,3277.5,3696.5,3836.5,4041.5,4594.0,4514.0,4804.0,3675.5,1405.5,2045.0,3046.0,3416.0,3521.5,3984.5,4229.0,4369.5,4120.5,3510.0,1130.5,1518.5,1965.0,2364.5,2698.0,2948.5,3097.5,3249.5,4528.0,3503.5,1442.5,2043.0,2987.5,3347.5,3541.0,3777.5,4139.5,4205.0,4786.5,3741.0,1644.5,2378.0,3356.0,3551.0,3763.5,4175.5,4570.5,4454.0,4841.0,3897.5,1630.5,2334.5,3288.5,3594.0,3747.5,4095.5,4312.0,4391.0,4752.0,3743.0,1589.0,2244.0,3180.0,3470.0,3648.0,4006.0,4288.0,4208.0,4777.0,3739.0,1514.0,2243.0,3165.0,3565.0,3570.0,3760.0,4170.0,4327.0,4572.0,3580.5,1483.5,2145.5,3022.5,3254.5,3513.5,3768.0,4165.5,4159.5,4569.0,3662.0,1431.0,2036.0,2890.0,3247.0,3341.0,3569.0,3970.0,4025.0,4218.0,3268.0,1312.0,1901.0,2754.0,2995.0,3232.0,3379.0,4035.0,3857.0,4248.5,3598.0,1380.5,1862.0,2511.5,2696.5,2911.5,3187.5,3587.5,3406.5,4295.0,3422.0,1366.0,1874.0,2480.0,2658.0,3034.0,3183.0,3459.0,3462.0,2611.0,1876.5,661.5,993.5,1205.0,1685.0,2064.0,2259.0,2424.0,2498.0,4134.0,3471.0,1266.0,1656.0,2170.0,2520.0,2609.0,2807.0,3075.0,3136.0,3946.0,3421.0,1200.0,1618.0,2120.0,2389.0,2454.0,2673.0,2937.0,2916.0,4009.5,3542.5,1227.5,1643.0,2195.0,2403.5,2571.0,2785.0,3170.0,3062.5,4010.0,3439.0,1271.0,1684.0,2218.0,2358.0,2565.0,2789.0,3088.0,3016.0,3542.0,2852.5,1104.5,1447.5,1943.5,2147.0,2299.0,2505.5,2749.0,2763.0,3072.0,2524.5,862.0,1161.5,1518.0,1715.5,1887.0,2092.5,2250.5,2285.5,2942.0,2087.0,688.0,1051.0,1132.0,1727.0,2560.0,2838.0,3037.0,2980.0,2639.5,1917.0,438.5,813.5,676.5,1417.0,3127.5,3761.5,4154.0,4019.5,3020.5,2317.5,619.5,984.5,916.0,1530.5,3074.0,3540.5,4111.0,3900.0,2955.0,2164.0,641.0,1084.0,1003.0,1695.5,3099.5,3517.5,3922.5,3869.5,2532.0,1878.0,584.0,926.0,768.0,1517.0,3400.0,4069.0,4505.0,4433.0,2676.0,1956.0,585.0,981.0,798.0,1560.0,3289.0,4406.0,5007.0,4718.0,3285.0,2372.5,793.5,1173.0,1275.5,1963.0,3225.5,3823.5,4341.5,4244.0,"{""type"":""MultiPoint"",""coordinates"":[]}"
2212,24,2619.0,2319.5,747.5,1055.5,1348.5,1481.0,1531.0,1643.5,1720.5,1745.5,3676.5,2753.0,1020.5,1526.0,2115.5,2575.5,2973.5,3256.5,3494.0,3506.0,3696.0,2940.0,1123.0,1692.0,2332.0,2711.0,3022.0,3242.0,3569.0,3494.0,3723.0,3337.0,1144.5,1607.0,2055.5,2263.5,2325.5,2464.0,2583.5,2605.0,3817.0,3400.0,1280.0,1757.0,2202.0,2431.0,2482.0,2620.0,2757.0,2743.0,3841.0,3369.0,1334.0,1831.0,2310.0,2533.0,2599.0,2715.0,2832.0,2832.0,3901.0,3432.0,1365.0,1888.0,2346.0,2583.0,2620.0,2756.0,2832.0,2839.0,3899.0,3423.0,1384.0,1927.0,2405.0,2626.0,2686.0,2802.0,2872.0,2909.0,3931.0,3449.0,1389.0,1954.0,2414.0,2681.0,2722.0,2831.0,2874.0,2935.0,4019.0,3572.5,1398.5,1969.0,2469.5,2741.0,2754.0,2880.5,2864.5,2985.0,4006.0,3520.0,1391.0,1976.5,2466.5,2746.0,2734.5,2901.0,2878.0,2983.5,2789.0,2513.0,881.5,1218.5,1520.0,1691.5,1722.5,1799.0,1849.5,1914.0,4016.0,3505.0,1383.0,1918.0,2443.0,2710.0,2734.0,2895.0,2842.0,2966.0,3887.0,3400.0,1372.0,1918.0,2415.0,2673.0,2711.0,2815.0,2842.0,2915.0,3934.0,3388.0,1262.0,1892.0,2397.0,2655.0,2701.0,2849.0,2830.0,2915.0,3798.0,3264.0,1281.0,1823.0,2329.0,2580.0,2630.0,2717.0,2772.0,2850.0,3625.0,3182.0,1263.0,1794.0,2252.0,2501.0,2538.0,2657.0,2664.0,2739.0,3590.5,3137.5,1232.5,1754.0,2215.5,2429.0,2473.0,2582.0,2657.0,2674.0,3527.0,3094.0,1260.0,1721.0,2174.0,2405.0,2441.0,2547.0,2650.0,2626.0,3523.0,3133.5,1165.5,1696.5,2160.5,2360.0,2411.0,2534.5,2650.0,2611.5,3115.0,2769.0,1059.0,1477.0,1905.0,2091.0,2131.0,2228.0,2394.0,2318.0,2843.0,2449.0,933.5,1252.0,1575.5,1769.0,1778.0,1875.5,1975.0,1997.0,2823.0,2347.0,835.0,1194.0,1513.0,1678.0,1713.5,1810.5,1940.0,1902.5,2946.0,2501.5,919.0,1323.0,1672.5,1876.5,1940.0,2044.0,2107.5,2150.0,2762.5,2353.5,889.5,1246.5,1551.5,1790.5,1857.0,1942.5,1997.5,2027.0,2914.0,2498.0,889.0,1303.0,1631.0,1786.0,1845.0,1971.0,2013.0,2068.0,3000.0,2678.0,929.0,1315.5,1637.5,1805.0,1850.0,1977.0,2015.5,2069.0,2050.0,1663.0,566.5,830.0,1116.5,1244.5,1305.0,1356.5,1481.0,1460.5,0.0,0.0,0.0,0.0,0.0,0.0,0.0,0.0,0.0,0.0,3931.5,3578.5,1305.0,1872.0,2307.5,2536.5,2626.0,2738.0,2928.0,2833.5,3028.5,2682.0,1128.5,1542.5,1797.5,2041.5,2206.5,2315.5,2238.0,2351.0,3445.0,2769.0,1038.0,1572.5,1664.5,2151.0,2991.5,3211.0,3407.5,3275.5,3182.0,2364.0,912.0,1383.0,1319.0,1892.0,2938.0,3186.0,3434.0,3242.0,2260.0,1349.0,458.0,838.0,637.0,1262.0,2745.0,3088.0,3157.0,3115.0,2618.5,1707.5,602.5,1045.0,993.0,1593.0,3060.5,3474.0,3698.0,3658.5,3149.0,2273.5,827.5,1252.0,1523.5,2018.5,2879.5,3217.0,3442.0,3461.0,"{""type"":""MultiPoint"",""coordinates"":[]}"
2308,236,2854.5,2551.0,802.5,1054.5,1313.5,1534.5,1660.5,1791.5,1889.0,1906.0,1218.5,695.0,342.5,555.0,428.5,874.5,2282.5,2895.0,3032.5,3095.5,1339.5,816.5,369.5,578.0,462.5,912.5,2118.0,2702.0,2834.0,2919.5,1662.0,1072.0,460.0,721.0,669.0,1121.0,2159.0,2584.0,2707.0,2819.0,4595.0,4434.0,1289.0,1785.0,2310.0,2597.0,2687.0,2862.0,2905.0,3033.0,4940.0,4982.0,1366.0,1883.0,2509.0,2811.0,2885.0,3067.0,3250.0,3295.0,4982.0,4982.0,1376.0,1938.0,2551.0,2811.0,2892.0,3058.0,3185.0,3260.0,4693.0,4507.0,1415.0,1969.0,2585.0,2825.0,2925.0,3057.0,3189.0,3244.0,4256.0,4177.0,1075.0,1519.0,1986.0,2244.0,2310.0,2446.0,2514.0,2646.0,4300.0,4106.0,1109.0,1586.0,2036.0,2311.0,2463.0,2614.0,2709.0,2790.0,3873.0,3280.0,803.0,1266.0,1473.0,1910.0,2832.0,3130.0,3201.0,3277.0,2312.0,1816.5,605.5,862.0,881.5,1248.5,1517.0,1670.0,1752.5,1753.0,3505.0,2650.5,525.0,927.5,924.5,1418.5,3107.0,3782.0,3817.0,3965.0,2529.0,1233.5,283.5,666.5,286.0,897.0,4093.0,5576.0,5589.5,5708.5,2735.0,1314.0,382.0,744.0,358.0,981.0,4296.0,6006.0,6159.0,6388.0,2682.0,1334.0,682.0,951.0,628.0,1172.0,4296.0,5883.0,6159.0,6251.0,2672.0,1357.0,481.0,845.0,538.0,1113.0,4027.0,5609.0,5876.0,5951.0,2662.0,1369.0,481.0,798.0,538.0,1038.0,3856.0,5382.0,5531.0,5677.0,2592.0,1369.0,1933.0,1906.0,1686.0,1909.0,3455.0,3836.0,3926.0,4003.0,2966.0,2097.5,1885.5,1965.0,1914.5,2155.5,3153.0,3757.5,3945.5,4036.0,2159.0,1242.0,371.0,651.0,555.0,955.0,2569.0,3430.0,3683.0,3808.0,2117.5,1209.5,436.5,691.5,602.0,1043.0,2512.0,3264.5,3460.0,3713.0,2232.5,1646.0,429.5,762.5,693.5,1179.5,1606.5,1756.5,1857.5,1860.0,2930.5,2188.5,504.5,769.0,904.0,1294.0,2163.5,2662.0,2848.5,3094.0,3293.0,3234.0,679.0,970.0,1306.0,1483.0,1563.0,1683.0,1761.0,1824.0,3279.0,3352.0,760.0,1031.0,1352.0,1540.0,1602.0,1729.0,1816.0,1828.0,3279.0,3352.0,760.0,1031.0,1352.0,1540.0,1602.0,1729.0,1816.0,1828.0,1889.0,1435.0,375.0,572.0,816.0,957.0,1077.0,1179.0,1276.0,1288.0,0.0,0.0,0.0,0.0,0.0,0.0,0.0,0.0,0.0,0.0,1904.0,1209.5,450.0,768.5,574.0,1152.5,2189.0,2429.0,2501.0,2530.0,1875.5,1168.0,328.5,675.0,460.5,1103.5,2524.5,2918.5,3033.0,3028.5,1858.0,1142.0,309.0,668.0,443.0,1108.0,2939.0,3421.0,3597.0,3564.0,2827.0,2231.0,1486.5,1724.5,1605.0,2126.0,3572.5,4179.0,4388.5,4335.5,2507.5,1971.5,1438.5,1630.0,1507.0,1984.5,3445.0,4122.5,4219.0,4246.5,1266.0,657.0,256.0,536.0,324.0,859.0,2833.0,3530.0,3663.0,3662.0,1347.5,781.0,322.0,564.5,394.0,926.5,2845.5,3651.0,3824.0,3850.0,"{""type"":""MultiPoint"",""coordinates"":[]}"
2390,69,1608.5,1186.5,527.5,683.0,633.0,1051.5,1719.5,1962.0,2028.0,2046.5,3117.0,2690.5,756.0,1195.0,1599.5,2032.0,2652.5,2917.0,3080.0,3122.5,3190.0,2756.0,807.0,1234.5,1646.0,2102.0,2767.0,3053.0,3250.0,3264.0,3256.5,2804.0,828.5,1270.0,1707.5,2119.5,2795.0,3129.0,3333.5,3305.0,3292.5,2829.0,865.5,1284.0,1715.5,2135.5,2845.5,3194.5,3404.5,3378.5,3394.0,2831.5,865.0,1301.5,1729.5,2187.0,2954.5,3307.5,3511.5,3538.5,3540.0,2959.0,890.5,1331.5,1867.5,2253.0,2877.0,3253.0,3491.5,3518.5,3475.5,2895.0,896.5,1307.5,1826.0,2226.5,2871.0,3256.5,3501.0,3533.0,3529.0,2890.0,879.5,1287.0,1784.5,2217.0,2855.0,3239.5,3385.0,3504.0,3486.0,2831.0,830.5,1236.0,1755.0,2162.0,2789.0,3229.0,3293.0,3473.0,3403.0,2772.0,753.5,1198.0,1636.0,2080.5,2828.0,3271.5,3419.0,3528.5,1831.5,1411.0,571.0,744.5,722.0,1160.5,1807.0,2036.5,2143.0,2133.5,3442.5,2795.0,741.5,1147.0,1626.5,2105.0,2847.5,3340.5,3411.0,3591.5,3454.0,2816.5,728.5,1165.5,1641.5,2104.0,2799.5,3263.0,3400.0,3549.5,3438.0,2727.0,776.5,1162.0,1606.0,2040.5,2745.5,3256.0,3426.5,3549.5,3119.5,2508.5,747.0,1075.5,1471.0,1832.0,2580.0,3050.0,3212.0,3347.0,2815.5,2283.0,667.5,993.5,1366.5,1699.0,2392.0,2793.0,2992.0,3060.0,2766.0,2210.0,631.5,941.5,1288.0,1628.0,2349.0,2754.5,2913.0,3004.0,2656.5,2125.5,660.0,934.5,1274.0,1564.5,2080.0,2436.0,2604.5,2713.0,2583.5,2125.5,632.0,897.0,1248.5,1515.0,2017.0,2362.5,2530.0,2602.0,1982.0,1432.0,373.5,578.0,829.5,1120.0,1782.0,2190.0,2326.5,2417.5,1702.0,1184.0,340.0,533.0,664.5,976.5,1770.0,2208.5,2297.5,2371.0,1651.0,1205.0,320.0,552.0,568.5,1008.0,1658.5,1870.0,1997.5,1995.0,1719.5,1253.5,295.0,502.5,559.0,925.0,1828.0,2286.5,2339.5,2434.5,1625.0,1185.0,377.0,550.5,555.5,911.0,1795.0,2228.5,2343.0,2399.5,1610.0,1239.0,390.0,540.5,555.5,848.0,1606.5,2016.0,2114.0,2167.0,1432.5,1024.0,333.5,489.0,494.5,789.5,1585.0,1943.0,2046.5,2112.0,2590.5,1785.0,2828.0,2761.0,2722.0,2994.0,3140.0,3162.5,3272.5,3224.5,1300.0,1235.0,7652.0,7309.0,7264.5,7337.0,7182.5,7119.0,7310.0,6981.5,2190.5,1733.0,440.5,769.0,840.5,1361.0,2135.5,2371.5,2459.5,2512.0,2377.0,2001.0,1361.5,1484.5,1485.5,1870.0,2347.5,2503.5,2620.0,2620.0,2486.5,1991.0,1390.0,1542.0,1559.0,1958.0,2619.5,2876.5,3070.5,2987.5,1833.5,1259.5,422.0,687.0,708.0,1255.5,2408.5,2818.5,2934.0,2927.5,2002.0,1429.0,472.5,777.5,788.0,1352.0,2562.5,3052.0,3161.0,3176.0,2554.5,2067.5,574.0,898.5,1047.0,1575.5,2704.5,3263.5,3360.0,3402.5,2813.5,2350.0,615.5,1004.0,1325.5,1777.5,2380.0,2579.0,2746.5,2789.5,"{""type"":""MultiPoint"",""coordinates"":[]}"
2509,3,3423.0,2397.0,1047.0,1271.5,1702.5,1960.0,2104.5,2332.0,2629.0,2725.5,2789.5,2717.5,608.0,916.5,1262.5,1374.5,1436.0,1539.0,1668.0,1706.5,480.0,418.0,541.0,644.0,672.0,705.0,490.0,473.0,522.0,477.0,550.0,462.0,934.5,1213.0,1328.0,1430.5,1097.5,1137.0,1092.0,951.5,285.5,213.5,323.0,456.0,499.0,608.0,511.5,596.5,554.5,481.5,587.0,396.0,300.0,524.0,431.0,710.0,909.0,982.0,942.0,896.0,1050.0,698.5,484.0,663.5,561.0,928.5,1480.0,1631.5,1626.0,1658.5,932.5,630.5,242.0,427.5,313.5,641.0,1367.5,1598.5,1553.5,1556.5,1256.5,618.0,210.0,345.5,171.0,534.0,2019.5,3131.0,3079.5,3126.5,1167.0,566.0,149.0,198.0,96.0,294.0,2029.0,3813.0,3870.0,3968.0,1218.5,569.5,197.0,300.5,144.0,458.5,2306.5,4087.5,4229.0,4274.0,4093.0,3306.0,737.5,1016.5,1496.0,1733.5,1875.0,2067.0,2387.0,2471.5,1303.0,617.0,203.0,373.0,187.0,590.5,2636.5,4238.5,4455.5,4493.5,1467.0,749.5,332.0,737.0,363.0,1206.5,3115.0,4234.0,4507.5,4502.0,1737.0,922.0,1210.0,1439.0,1112.0,1802.0,3297.0,4022.0,4135.0,4313.0,1729.0,832.0,945.0,1322.0,994.5,1894.0,3621.5,4358.5,4579.0,4695.5,1652.0,903.0,582.0,966.0,891.0,1690.0,2964.0,3625.0,3833.0,4003.0,2228.0,1294.0,645.0,1150.0,1234.0,2212.0,3405.0,3885.0,4178.0,4265.0,4276.0,2971.0,1090.0,1546.5,2217.5,2728.5,3004.5,3290.0,3672.0,3811.5,4162.0,2888.0,1089.0,1531.0,2311.0,2710.0,2909.0,3205.0,3539.0,3619.0,3964.0,2845.0,991.5,1420.0,2154.0,2506.0,2714.5,2970.5,3314.5,3379.5,2341.0,1730.0,2815.0,2688.0,2697.0,2911.0,2864.0,2853.0,2961.0,2883.0,1918.0,1172.0,693.0,782.0,1064.0,1256.0,1375.0,1541.0,1697.0,1834.0,4247.0,3191.0,1113.0,1512.0,2120.0,2489.0,2578.0,2761.0,2909.0,3123.0,2781.5,2169.5,1440.5,1557.5,1791.0,1996.5,2095.0,2280.5,2391.0,2453.5,4100.5,3121.5,969.5,1256.0,1758.0,2009.5,2161.5,2321.0,2644.5,2689.5,3118.0,2435.0,796.0,1013.0,1333.5,1508.0,1588.0,1735.0,1879.5,1975.0,2424.0,2156.0,488.0,650.0,964.0,1057.0,1142.0,1294.0,1409.0,1438.0,424.0,420.0,226.0,291.0,325.0,387.0,451.0,469.0,396.0,494.0,4228.0,3389.0,779.0,1056.0,1519.0,1735.0,1882.0,2075.0,2474.0,2453.0,4155.5,3317.5,810.0,1048.5,1482.5,1723.0,1863.5,2054.5,2383.5,2442.0,2733.0,2993.0,306.0,401.0,601.0,675.0,697.0,856.0,1067.0,1104.0,2078.0,2030.0,294.0,439.0,646.0,768.0,821.0,884.0,1037.0,1041.0,2135.5,1969.5,367.0,579.5,816.5,915.0,953.5,1011.0,1183.5,1198.5,2393.5,2325.0,449.0,643.5,891.0,991.0,1053.5,1132.0,1280.0,1295.0,2742.0,2704.0,566.0,781.0,1094.0,1231.0,1289.0,1451.0,1550.0,1563.0,"{""type"":""MultiPoint"",""coordinates"":[]}"
2578,217,2453.0,1763.0,513.0,703.0,1023.0,1278.0,1536.0,1799.0,2080.0,2173.0,2712.0,2128.0,699.0,1072.0,1217.0,1544.0,2194.0,2360.0,2538.0,2479.0,2824.0,2312.0,746.0,1113.0,1249.0,1579.0,2258.0,2492.0,2671.0,2642.0,2937.0,2395.0,818.0,1175.0,1329.0,1675.0,2459.0,2736.0,2874.0,2864.0,3004.0,2419.0,893.0,1289.0,1451.0,1774.0,2562.0,2849.0,3069.0,2982.0,3004.0,2477.0,906.0,1302.0,1459.0,1795.0,2573.0,2877.0,3064.0,3021.0,3035.0,2411.0,866.0,1314.0,1467.0,1811.0,2573.0,2891.0,3011.0,3021.0,3175.0,2392.0,977.0,1440.0,1622.0,2041.0,2844.0,3225.0,3380.0,3389.0,3275.0,2567.0,1046.0,1514.0,1694.0,2066.0,2958.0,3272.0,3396.0,3436.0,3246.0,2435.0,1046.0,1514.0,1682.0,2134.0,3086.0,3445.0,3589.0,3582.0,2970.0,2402.0,784.0,1158.0,1312.0,1663.0,2537.0,2911.0,3052.0,3084.0,2705.5,1949.5,620.5,823.0,1094.5,1329.5,1536.5,1721.5,1966.5,2065.5,2889.0,2229.0,784.0,1158.0,1312.0,1663.0,2491.0,2896.0,2971.0,3080.0,2710.0,1995.0,782.0,1187.0,1297.0,1725.0,2799.0,3265.0,3379.0,3439.0,2710.0,1940.0,785.0,1218.0,1361.0,1731.0,2799.0,3265.0,3329.0,3439.0,2038.0,1206.0,640.0,1003.0,964.0,1447.0,2951.0,3375.0,3504.0,3596.0,2151.0,1410.0,606.0,976.0,965.0,1447.0,2893.0,3266.0,3470.0,3416.0,2165.0,1723.0,606.0,890.0,965.0,1266.0,2081.0,2432.0,2603.0,2607.0,2219.0,1726.0,635.0,893.0,995.0,1276.0,2094.0,2432.0,2569.0,2574.0,2249.0,1663.0,525.0,934.0,1043.0,1322.0,2122.0,2438.0,2683.0,2631.0,2113.0,1505.0,487.0,790.0,895.0,1180.0,1998.0,2330.0,2554.0,2525.0,1233.0,852.5,346.5,486.0,505.5,757.5,1303.5,1519.5,1610.0,1673.5,2634.0,1853.0,592.0,710.0,995.0,1261.0,1425.0,1661.0,1920.0,1992.0,2142.0,1489.0,511.0,824.0,915.0,1334.0,2237.0,2570.0,2751.0,2829.0,2073.5,1448.5,507.5,824.0,906.5,1397.5,2227.5,2498.5,2678.5,2718.5,2207.0,1539.0,539.0,885.0,1042.0,1578.0,1924.0,2149.0,2356.0,2414.0,2231.0,1539.0,553.0,893.0,1082.0,1578.0,1924.0,2149.0,2356.0,2414.0,2124.0,1418.0,1722.0,1767.0,1845.0,2006.0,2072.0,2156.0,2268.0,2196.0,0.0,0.0,0.0,0.0,0.0,0.0,0.0,0.0,0.0,0.0,2562.0,1819.0,592.0,782.0,1023.0,1201.0,1367.0,1552.0,1819.0,1849.0,2089.0,1555.0,651.0,777.5,920.0,1060.5,1125.5,1250.5,1419.5,1464.5,2219.0,1645.5,684.0,837.5,1010.5,1131.0,1217.0,1333.0,1527.0,1524.5,3290.0,2524.0,754.0,1029.0,1330.0,1586.0,1820.0,1972.0,2256.0,2299.0,3290.0,2524.0,754.0,1029.0,1330.0,1586.0,1820.0,1972.0,2256.0,2299.0,2703.0,2208.0,699.0,951.0,1156.0,1417.0,1747.0,1910.0,2125.0,2124.0,2686.0,2162.5,682.5,1018.0,1146.5,1446.0,1953.0,2099.5,2271.5,2236.0,"{""type"":""MultiPoint"",""coordinates"":[]}"
2728,121,0.0,0.0,0.0,0.0,0.0,0.0,0.0,0.0,0.0,0.0,2386.5,1534.0,591.0,842.0,885.0,1319.5,2632.5,3298.0,3483.0,3651.5,2712.0,1714.0,731.0,1020.0,1230.0,1796.0,2806.0,3205.0,3522.0,3571.0,3455.0,2426.5,965.5,1366.0,1910.5,2372.0,2849.0,3154.5,3445.0,3572.0,3541.0,2668.0,1031.5,1394.0,1915.5,2156.0,2507.0,2770.5,2966.0,3140.0,3526.0,2654.0,1035.0,1388.0,1905.0,2165.0,2444.0,2705.0,2859.0,2989.0,3724.5,2834.5,1128.0,1527.0,2117.5,2354.5,2609.5,2860.5,3031.5,3190.0,3927.0,2997.0,1118.0,1521.0,2131.0,2396.0,2584.0,2805.0,3043.0,3155.0,3792.5,2875.5,1110.0,1517.0,2099.5,2375.0,2589.5,2852.0,2908.5,3159.5,3597.0,2768.0,1083.0,1443.0,2015.0,2228.0,2454.0,2689.0,2823.0,2981.0,3788.0,2891.0,1159.0,1553.0,2128.0,2381.5,2665.0,2891.5,3058.0,3185.0,2432.0,1898.0,593.0,867.0,995.0,1255.0,1802.0,2027.0,2224.0,2280.0,3773.5,2878.0,1100.0,1548.0,2137.5,2369.5,2598.5,2883.5,2962.0,3162.0,3734.0,2872.5,1103.5,1526.5,2151.0,2420.0,2562.5,2814.0,3025.0,3085.0,3579.0,2769.0,1545.0,1913.0,2319.0,2572.0,2855.0,3079.0,3068.0,3243.0,3720.0,2743.0,1346.5,1655.5,2172.0,2395.0,2749.5,3013.0,3167.5,3271.0,3496.0,2648.0,1107.0,1478.0,2005.0,2224.0,2518.0,2679.0,2927.0,2901.0,3545.0,2716.0,1003.0,1369.0,1940.0,2219.0,2416.0,2601.0,2806.0,2891.0,3478.0,2594.0,995.0,1374.0,1910.0,2102.0,2289.0,2606.0,2750.0,2829.0,3297.0,2463.0,997.0,1329.0,1847.0,2074.0,2385.0,2566.0,2773.0,2810.0,3258.5,2503.5,969.0,1346.5,1854.0,2026.0,2338.5,2513.0,2799.5,2821.0,0.0,0.0,0.0,0.0,0.0,0.0,0.0,0.0,0.0,0.0,0.0,0.0,0.0,0.0,0.0,0.0,0.0,0.0,0.0,0.0,2122.0,1587.0,633.0,866.0,972.0,1177.0,1578.0,1756.0,1837.0,1934.0,1801.0,1236.0,492.0,826.0,688.0,1201.0,2284.0,2614.0,2666.0,2627.0,2007.0,1309.0,409.0,833.0,668.0,1207.0,2562.0,2956.0,3258.0,3024.0,2039.0,1335.5,506.0,846.5,690.5,1211.0,2730.0,3109.0,3385.5,3368.0,2240.0,1688.0,542.0,799.0,837.0,1167.0,2173.0,2388.0,2645.0,2705.0,0.0,0.0,0.0,0.0,0.0,0.0,0.0,0.0,0.0,0.0,2162.0,1506.0,407.0,705.0,713.0,1132.0,2131.0,2370.0,2537.0,2521.0,1943.5,1311.0,513.5,774.0,727.5,1169.0,2400.0,2759.5,2755.5,2944.0,2057.5,1313.0,428.5,718.0,643.0,1081.0,2762.5,3168.0,3169.0,3299.5,2201.0,1416.0,541.0,801.0,742.0,1089.0,2914.0,3726.0,3754.0,4117.0,1879.0,1090.0,438.0,657.0,555.0,990.0,2985.0,4046.0,3901.0,3913.0,1952.0,1181.0,473.0,734.5,642.0,1014.5,2999.0,4071.0,4129.0,4156.0,2050.5,1274.5,563.0,813.0,789.5,1222.5,2677.0,3314.5,3375.0,3598.5,"{""type"":""MultiPoint"",""coordinates"":[]}"
2770,75,1695.5,1212.0,520.0,600.5,622.5,868.0,1094.5,1194.0,1298.5,1412.5,4564.0,4010.5,1061.5,1379.5,2037.5,2377.0,2580.0,2761.5,3120.0,3148.0,4635.0,3182.5,817.5,1214.5,2037.5,2483.5,2631.0,3017.0,3629.0,3880.0,4074.0,3309.0,842.0,1193.5,1837.0,2110.5,2237.5,2498.0,2828.5,2926.5,3928.5,3251.0,909.5,1228.0,1857.5,2114.5,2250.5,2465.5,2760.0,2881.0,4298.5,3767.0,1004.0,1376.0,2006.0,2268.5,2399.0,2601.5,2861.5,2980.5,4630.5,4197.0,1153.5,1537.5,2223.5,2522.5,2605.0,2818.5,3123.0,3195.5,4731.0,4262.0,1242.0,1629.5,2303.0,2597.5,2738.5,2970.5,3294.5,3313.5,4749.0,4218.5,1184.5,1573.0,2303.0,2642.0,2731.0,3000.0,3200.5,3300.0,5018.0,4371.5,1195.5,1605.0,2359.5,2721.0,2792.5,3061.5,3294.0,3483.5,5164.0,4603.0,1320.0,1770.5,2573.5,2898.0,2956.0,3230.5,3466.5,3615.0,2037.5,1657.0,610.0,678.0,705.5,991.0,1170.0,1328.5,1408.5,1532.0,5172.0,4662.0,1364.0,1818.0,2592.5,2921.0,2985.5,3260.0,3480.5,3629.0,5033.5,4422.0,1364.0,1834.5,2570.0,2865.0,3006.5,3215.0,3468.0,3557.0,4927.0,4318.5,1290.0,1736.5,2464.5,2791.0,2931.5,3167.5,3357.5,3503.5,4703.0,4175.5,1343.5,1738.0,2397.0,2709.0,2841.0,3060.5,3333.0,3416.5,4684.5,4091.5,1237.0,1655.0,2330.0,2658.0,2755.5,2980.5,3220.0,3339.0,4587.0,4090.5,1148.0,1572.5,2284.0,2555.5,2652.0,2865.5,3183.0,3243.5,4444.5,4029.5,1175.5,1576.0,2225.5,2565.5,2651.5,2886.5,3220.0,3206.5,4395.5,3915.5,1139.0,1604.0,2287.5,2569.5,2663.0,2886.5,3230.5,3206.5,3823.5,3351.0,907.5,1264.0,1862.0,2046.5,2196.0,2416.0,2710.0,2712.5,3253.5,2677.0,722.5,954.0,1446.5,1722.5,1805.5,2052.5,2210.5,2303.0,1677.0,1225.5,429.0,535.0,612.5,915.0,1099.5,1242.0,1390.0,1361.5,4006.5,3438.0,940.5,1268.5,1807.5,2096.0,2228.5,2417.5,2569.0,2801.0,4326.0,3990.5,2246.5,2466.0,2841.5,3147.5,3181.0,3326.5,3511.0,3535.5,3588.0,3310.5,805.0,1077.0,1485.5,1697.5,1789.5,1973.5,2178.5,2229.0,3841.0,3641.5,769.0,1031.5,1491.0,1714.5,1790.0,1999.0,2207.0,2298.5,2382.5,1822.5,536.5,796.0,1180.5,1350.5,1422.5,1571.0,1761.0,1780.5,0.0,0.0,0.0,0.0,0.0,0.0,0.0,0.0,0.0,0.0,1800.5,1291.5,321.0,455.0,525.5,832.5,1106.0,1290.0,1417.0,1499.5,2363.0,1926.5,381.0,589.0,689.5,1001.0,1386.0,1527.5,1689.5,1875.5,2736.5,2207.0,545.5,825.0,955.0,1313.5,1699.5,1951.0,2134.0,2119.0,2670.0,2222.5,627.5,836.0,976.0,1294.5,1745.5,1956.0,2137.5,2146.0,2705.0,1984.0,585.5,834.5,949.0,1376.5,1917.0,2187.5,2391.0,2427.0,3150.0,2468.5,626.5,930.5,1091.0,1520.0,2092.0,2318.0,2599.5,2635.0,4234.0,3967.0,953.0,1303.0,1792.5,2063.0,2280.5,2465.0,2734.0,2771.5,"{""type"":""MultiPoint"",""coordinates"":[]}"
2880,69,2719.5,2062.0,495.0,671.5,1088.5,1348.5,1538.5,1771.5,2023.0,2110.5,3002.0,2307.5,715.0,1063.5,1158.0,1693.0,2479.5,2733.0,2910.5,3005.5,3004.0,2248.5,671.5,1051.0,1088.5,1680.5,2644.0,2968.5,3177.0,3251.0,3075.0,2222.0,649.0,1021.0,1086.5,1677.5,2708.5,3086.5,3307.0,3400.5,3064.0,2223.5,656.5,1031.5,1120.5,1715.0,2772.0,3179.0,3397.5,3532.5,3056.5,2223.5,680.0,1030.5,1146.5,1729.0,2762.0,3170.0,3427.0,3513.0,3295.0,2360.0,705.5,1050.5,1257.0,1803.5,2718.0,3096.0,3377.0,3485.0,3389.0,2537.5,735.0,1083.5,1313.5,1868.5,2712.5,3087.5,3268.5,3464.5,3623.0,2815.0,771.5,1136.5,1512.5,1978.5,2415.0,2756.5,2984.5,3180.5,3875.0,3099.0,869.5,1194.5,1722.5,2098.0,2267.5,2566.5,2802.0,2998.5,3930.5,3158.5,885.5,1209.0,1793.0,2148.5,2288.5,2554.0,2750.5,2978.5,2962.5,2515.0,566.0,727.0,1067.5,1263.0,1421.0,1621.5,1773.5,1938.0,3919.0,3158.5,899.0,1209.0,1792.5,2131.5,2288.5,2563.5,2780.5,2968.5,4431.0,3914.5,1075.5,1415.5,1971.5,2252.5,2354.0,2605.0,2721.0,2891.0,4569.5,4039.0,1085.0,1439.5,2013.5,2307.5,2497.0,2716.0,2809.5,3063.5,4338.5,3885.0,1207.0,1482.0,2004.5,2282.5,2410.0,2612.5,2797.0,2968.5,4289.5,3861.0,1111.0,1461.5,1991.5,2253.5,2379.5,2574.5,2771.5,2908.0,4259.5,3794.5,1105.5,1461.5,1979.5,2248.5,2351.0,2569.0,2725.0,2858.0,4227.5,3794.5,1116.5,1459.5,1975.5,2248.5,2351.0,2564.0,2725.0,2858.0,3986.0,3489.0,1282.5,1530.0,1913.5,2143.0,2328.5,2549.0,2709.5,2793.5,2370.5,1979.0,687.5,842.5,1101.0,1239.5,1355.0,1516.5,1689.0,1664.5,3760.0,3248.0,917.5,1238.5,1696.5,1957.0,2067.0,2207.5,2341.0,2549.5,2542.0,2076.0,452.5,601.0,901.5,1075.0,1221.5,1375.5,1597.0,1652.5,3927.0,3413.0,957.0,1264.5,1716.0,1993.5,2119.5,2327.0,2437.0,2647.5,3776.5,3215.0,959.0,1266.5,1661.0,1897.5,2068.0,2284.0,2399.5,2553.0,3614.5,3234.5,970.5,1241.5,1577.5,1754.5,1961.5,2174.0,2334.5,2394.0,3614.5,3234.5,970.5,1241.5,1577.5,1754.5,1961.5,2174.0,2334.5,2394.0,3081.5,2565.0,570.0,873.0,1204.0,1457.0,1680.5,1817.5,2024.0,2085.5,0.0,0.0,0.0,0.0,0.0,0.0,0.0,0.0,0.0,0.0,3004.0,2504.0,665.5,891.0,1234.5,1453.5,1626.5,1791.5,1946.0,2050.0,3325.0,2833.5,809.0,1037.5,1372.0,1582.5,1818.0,1993.5,2171.0,2271.0,3303.5,2780.0,832.0,1082.0,1400.0,1631.0,1916.5,2079.5,2291.5,2357.5,0.0,0.0,0.0,0.0,0.0,0.0,0.0,0.0,0.0,0.0,3228.0,2752.0,707.5,979.5,1284.0,1546.0,1830.5,2034.5,2202.0,2301.5,3271.0,2752.0,778.0,1050.5,1353.0,1630.5,1989.0,2145.0,2356.5,2413.5,3285.0,2731.0,807.5,1093.5,1381.5,1670.0,2095.0,2311.0,2504.0,2567.5,"{""type"":""MultiPoint"",""coordinates"":[]}"
2919,204,2646.0,2144.0,600.0,667.5,850.5,1047.5,1210.0,1357.0,1590.0,1643.5,2569.0,1655.0,589.0,861.0,841.0,1310.0,2509.0,2840.5,3038.0,3059.5,2307.5,1456.5,499.0,721.0,682.0,1092.0,2460.5,2918.0,3134.0,3146.5,2219.0,1394.0,443.0,632.0,626.0,1002.0,2333.0,2838.0,3106.0,3118.0,2245.0,1426.0,455.0,637.0,639.0,1029.0,2372.0,2921.0,3107.0,3195.0,2317.0,1497.0,481.0,647.0,687.0,1034.0,2321.0,2914.0,3137.0,3195.0,2342.0,1442.0,432.0,647.0,687.0,1034.0,2321.0,2886.0,3137.0,3210.0,2335.0,1454.0,432.0,648.0,695.0,1030.0,2292.0,2895.0,3198.0,3223.0,2459.0,1542.5,466.0,631.5,722.0,1028.5,2249.5,2838.5,3066.0,3186.5,2469.5,1555.0,464.5,631.5,722.0,1031.0,2238.5,2838.5,3064.0,3186.5,2392.0,1505.0,443.0,633.0,738.0,1046.0,2210.0,2862.0,3040.0,3238.0,2753.0,2285.0,649.0,733.0,884.0,1053.0,1199.0,1359.0,1570.0,1636.0,2341.0,1467.0,418.0,621.0,703.0,1016.0,2208.0,2864.0,3040.0,3205.0,2193.0,1349.0,418.0,591.0,673.0,981.0,2154.0,2701.0,2967.0,3067.0,2116.0,1263.0,429.0,613.0,673.0,995.0,2234.0,2781.0,2967.0,3146.0,1945.0,1167.0,591.0,713.0,713.0,1011.0,2121.0,2646.0,2876.0,2962.0,1796.0,1091.0,483.0,634.0,657.0,924.0,2009.0,2479.0,2750.0,2764.0,1654.0,990.0,429.0,572.0,615.0,868.0,1934.0,2390.0,2610.0,2694.0,1635.5,971.5,930.5,1015.5,1008.0,1195.0,1926.0,2258.0,2456.0,2499.0,1524.0,881.0,711.0,830.0,806.0,1047.0,1914.0,2303.0,2522.0,2559.0,1445.0,824.0,327.0,463.0,501.0,825.5,1921.5,2347.5,2612.0,2662.0,1416.0,772.0,348.0,475.0,446.0,878.0,2024.0,2441.0,2607.0,2726.0,2798.0,2355.0,546.0,656.0,875.0,1008.0,1177.0,1354.0,1578.0,1586.0,1580.5,892.0,276.5,457.5,475.0,945.0,1910.0,2265.0,2431.0,2597.0,2399.0,1424.0,427.0,684.0,879.0,1337.0,1754.0,1991.0,2296.0,2468.0,2781.0,2159.0,509.0,599.0,791.0,956.0,1123.0,1263.0,1506.0,1612.0,2896.0,2278.5,579.0,652.5,854.5,1034.0,1212.0,1396.5,1541.5,1685.5,2785.0,2206.0,472.5,575.0,777.0,966.0,1136.5,1332.5,1450.5,1593.5,0.0,0.0,0.0,0.0,0.0,0.0,0.0,0.0,0.0,0.0,3145.0,2678.0,720.0,916.0,1107.0,1307.0,1475.0,1644.0,1868.0,1945.0,3268.0,2860.0,698.5,873.5,1132.0,1338.5,1518.5,1684.0,1895.5,1937.0,3278.0,2848.0,756.0,973.0,1219.0,1422.0,1621.0,1762.0,2016.0,2046.0,3376.0,2948.0,756.0,973.0,1251.0,1427.0,1648.0,1811.0,2117.0,2057.0,3514.0,3042.0,851.0,1060.0,1307.0,1559.0,1784.0,1971.0,2182.0,2227.0,3637.0,3024.0,1214.0,1466.0,1748.0,1974.0,2191.0,2345.0,2578.0,2619.0,3812.5,2923.5,1241.5,1489.0,1790.0,2052.0,2271.5,2465.0,2691.0,2744.0,"{""type"":""MultiPoint"",""coordinates"":[]}"
2969,204,2695.5,1732.0,1039.0,1293.5,1870.0,2512.0,2958.0,3305.5,3724.0,3890.0,2943.0,1928.0,671.5,993.0,1165.5,1707.0,2825.0,3229.5,3494.0,3570.0,2538.0,1607.5,554.0,817.0,921.0,1470.0,2814.0,3334.5,3587.5,3679.0,2276.5,1415.0,503.5,743.5,806.5,1311.5,2780.5,3340.0,3622.0,3685.5,2282.5,1415.5,530.0,813.5,858.0,1426.0,2860.5,3387.5,3626.5,3724.0,2381.5,1447.0,557.5,812.0,898.0,1384.5,2813.0,3417.0,3643.5,3765.0,2381.0,1447.0,543.5,817.5,911.5,1389.5,2756.5,3357.5,3576.0,3735.0,2281.5,1427.5,550.0,822.0,931.5,1384.5,2750.5,3349.0,3648.5,3718.0,2360.0,1466.5,548.5,819.0,942.5,1453.0,2753.5,3357.0,3605.5,3720.0,2367.0,1454.0,526.5,822.5,943.5,1453.5,2753.5,3327.5,3546.5,3716.5,2401.5,1481.5,513.0,794.0,932.5,1476.5,2673.0,3283.5,3425.0,3674.5,3099.0,2034.5,1005.5,1305.5,1928.5,2451.5,2858.5,3220.0,3541.5,3837.0,2381.5,1461.5,499.5,773.0,931.0,1463.0,2663.5,3285.5,3432.5,3689.5,2360.0,1431.0,473.5,761.0,929.0,1472.0,2652.0,3206.5,3404.5,3628.0,2361.0,1422.5,583.0,851.5,1021.0,1532.0,2649.0,3216.5,3414.0,3624.0,2250.0,1342.0,578.0,831.0,1033.5,1506.5,2604.0,3085.0,3362.0,3497.0,2250.0,1350.5,564.5,788.5,988.5,1479.0,2509.5,2987.5,3300.5,3414.5,2229.5,1378.0,582.0,812.5,1021.5,1482.0,2431.5,2926.0,3173.0,3318.0,2194.0,1378.0,587.0,814.5,1031.5,1488.0,2398.0,2858.0,3096.5,3260.0,2315.0,1467.5,746.0,975.0,1179.0,1553.0,2452.5,2900.0,3142.5,3350.5,2315.0,1417.5,513.0,743.0,1013.0,1468.5,2372.0,2809.0,3131.5,3256.5,2196.0,1312.5,513.0,727.5,1006.0,1477.0,2374.5,2809.0,3131.5,3273.5,3064.0,2133.0,847.5,1171.0,1750.5,2196.5,2576.5,2882.5,3283.0,3359.0,2185.5,1292.5,525.5,726.5,993.5,1487.5,2399.5,2863.5,3075.5,3376.5,2128.5,1278.0,391.5,662.0,891.5,1438.0,2250.5,2678.5,2940.5,3221.5,2650.0,1668.0,775.0,1011.5,1324.5,1831.5,2243.5,2598.5,2924.0,3110.0,2961.0,1928.5,872.5,1125.0,1491.5,2007.0,2356.5,2706.5,2970.5,3207.5,3191.5,2089.0,790.5,1091.0,1684.5,2118.0,2451.5,2755.0,3119.0,3375.5,0.0,0.0,0.0,0.0,0.0,0.0,0.0,0.0,0.0,0.0,3511.0,2574.5,891.5,1226.5,1804.0,2195.5,2502.5,2807.5,3118.5,3278.5,3528.0,2577.5,789.0,1098.5,1670.0,2064.5,2356.0,2670.0,2990.0,3133.5,3702.5,2667.0,812.0,1142.0,1698.0,2050.0,2375.5,2694.0,3058.5,3130.0,2763.0,2025.0,626.0,866.0,1319.5,1590.0,1837.5,2055.0,2359.0,2429.0,2849.0,2125.5,644.5,867.0,1295.0,1570.5,1809.0,2033.0,2278.0,2379.5,3949.0,2958.5,895.5,1178.0,1707.5,2056.5,2356.0,2655.0,2972.0,3066.5,3800.0,2804.0,911.5,1251.5,1725.0,2098.5,2458.5,2743.5,3036.5,3128.5,"{""type"":""MultiPoint"",""coordinates"":[]}"
3033,3,0.0,0.0,0.0,0.0,0.0,0.0,0.0,0.0,0.0,0.0,2428.0,2218.5,700.5,927.0,1189.0,1293.0,1300.0,1375.0,1536.5,1518.0,2445.5,2227.5,633.5,899.0,1165.5,1255.5,1300.0,1400.0,1511.0,1522.0,1578.5,1449.5,680.5,967.0,1109.5,1281.5,1234.5,1320.5,1338.5,1332.5,272.5,270.5,486.0,663.0,722.5,835.0,665.5,718.5,640.0,586.5,196.0,137.0,237.0,435.0,442.0,668.0,603.0,665.0,618.0,665.0,304.0,197.0,212.5,433.0,376.5,678.5,828.0,928.5,878.0,818.5,664.5,398.5,257.0,489.5,351.5,808.5,1352.5,1532.5,1488.5,1435.5,1065.5,582.5,293.5,505.5,337.0,816.0,1894.5,2364.5,2372.0,2325.0,1204.0,562.0,158.0,342.0,168.0,581.0,2316.0,3446.0,3566.0,3468.0,1167.5,512.5,158.0,276.0,113.5,447.0,2184.5,3556.0,3669.0,3665.0,2750.0,2210.0,561.0,815.0,1155.0,1329.0,1391.0,1496.0,1699.0,1730.0,1133.5,490.0,122.0,247.5,83.5,400.0,2177.0,3780.0,3957.0,3987.5,1448.5,596.5,1866.0,1900.0,1582.5,1841.5,3135.0,4295.0,4480.5,4428.5,1441.5,630.0,1065.0,1187.5,815.0,1395.0,3118.5,4392.0,4582.0,4678.0,1469.5,667.0,757.0,1071.0,675.0,1471.0,3402.5,4500.5,4746.5,4785.0,1415.0,688.0,274.0,715.0,425.0,1244.0,3225.0,4205.0,4434.0,4382.0,1529.5,783.0,376.0,802.5,641.5,1469.0,3051.0,3665.0,3908.0,3964.5,2247.5,1298.5,611.5,1189.5,1266.5,2193.5,3263.0,3675.0,4061.0,4126.5,2964.0,1922.0,942.0,1576.0,2030.0,2866.0,3383.0,3790.0,4222.0,4301.0,4641.0,3022.5,1237.0,1822.0,2735.0,3169.5,3410.0,3718.0,4264.5,4202.0,0.0,0.0,0.0,0.0,0.0,0.0,0.0,0.0,0.0,0.0,4229.0,3476.0,4721.0,4310.0,4229.0,4392.0,4122.0,4012.0,4676.0,4037.0,0.0,0.0,0.0,0.0,0.0,0.0,0.0,0.0,0.0,0.0,1990.0,1408.0,570.0,771.0,1110.0,1326.0,1403.0,1524.0,1576.0,1742.0,2182.0,1588.0,518.0,732.0,1060.0,1234.0,1313.0,1401.0,1650.0,1660.0,3079.0,2254.0,815.0,1020.0,1389.0,1596.0,1693.0,1847.0,2051.0,2071.0,3399.0,2578.0,774.0,1003.0,1469.0,1629.0,1712.0,1882.0,2167.0,2124.0,0.0,0.0,0.0,0.0,0.0,0.0,0.0,0.0,0.0,0.0,2692.0,2289.0,820.0,967.0,1264.0,1452.0,1496.0,1625.0,1706.0,1801.0,2629.0,2277.0,615.0,820.0,1123.0,1295.0,1332.0,1503.0,1563.0,1646.0,2978.0,2505.5,678.0,943.0,1280.0,1480.5,1506.0,1674.5,1812.5,1849.5,2524.0,2240.0,697.0,881.5,1135.5,1215.5,1284.5,1341.0,1569.0,1562.0,2726.0,2334.0,650.0,864.0,1138.0,1278.0,1311.0,1441.0,1568.0,1643.0,2634.0,2395.0,670.5,881.5,1160.5,1277.5,1319.0,1440.5,1597.5,1611.5,2377.0,2119.0,586.0,817.0,1091.0,1153.0,1232.0,1330.0,1454.0,1451.0,"{""type"":""MultiPoint"",""coordinates"":[]}"
3083,36,1957.0,1191.5,351.5,649.0,510.0,1039.5,2560.5,2862.0,3012.5,2973.0,2101.0,1261.0,487.0,756.0,706.0,1152.0,2733.0,3159.0,3406.0,3295.0,1879.5,1056.0,409.5,627.5,523.0,983.5,2841.5,3363.0,3580.0,3493.0,2415.5,1596.0,673.0,893.5,916.5,1397.5,2752.0,3229.5,3381.5,3452.5,2046.0,1227.0,654.5,916.0,916.0,1395.5,2700.0,3020.0,3141.0,3150.0,1897.0,940.0,409.0,648.0,484.0,1040.0,3305.0,3867.0,3947.0,4006.0,3335.0,2488.0,954.0,1264.0,1359.0,1922.0,2679.0,3027.0,3221.0,3390.0,2694.5,1801.0,765.5,1059.5,1119.5,1601.0,2567.5,2857.0,2914.5,3028.0,2283.0,1351.0,674.5,923.0,834.5,1358.5,2827.5,3251.5,3182.0,3395.5,3681.0,2763.0,1179.0,1509.0,1850.0,2311.0,2551.0,2771.0,2709.0,3032.0,2656.0,2342.0,1091.5,1364.0,1810.0,2018.0,2062.5,2187.0,2067.0,2256.5,2002.0,1147.0,336.0,586.0,440.0,940.0,2734.0,3079.0,3290.0,3235.0,2014.0,1317.0,681.0,1028.0,1294.0,1638.0,1735.0,1819.0,1793.0,1909.0,3191.5,2344.0,1296.0,1711.0,2248.0,2545.5,2615.0,2751.5,2707.0,2850.5,3158.5,2729.0,1306.0,1660.0,2205.5,2468.5,2497.5,2622.0,2517.0,2711.0,3120.0,2743.0,1357.0,1716.0,2322.0,2538.0,2509.0,2601.0,2631.0,2670.0,2403.0,2160.0,948.5,1203.0,1608.5,1783.5,1821.5,1920.0,1844.0,1976.5,2531.0,2301.5,1057.0,1334.5,1753.5,1954.0,1975.5,2092.0,1984.0,2136.0,2154.5,1936.5,856.5,1103.0,1498.0,1630.0,1634.0,1748.5,1731.5,1819.0,0.0,0.0,0.0,0.0,0.0,0.0,0.0,0.0,0.0,0.0,1030.5,806.0,424.5,578.0,789.5,885.5,969.5,1035.0,1075.5,1081.0,2013.0,1615.0,752.0,1089.0,1339.0,1620.0,1974.0,2064.0,2068.0,2131.0,1706.0,838.5,215.5,538.5,272.0,951.0,3107.0,3516.0,3644.0,3607.5,1486.0,862.0,566.0,982.0,848.0,1447.0,2686.0,2872.0,2876.0,2873.0,1579.0,905.0,570.0,982.0,748.0,1401.0,3206.0,3572.0,3557.0,3498.0,1341.0,616.0,309.0,732.0,378.0,1092.0,3864.0,4503.0,4670.0,4515.0,1258.0,558.0,223.0,623.0,294.0,982.0,4014.0,4803.0,4846.0,4781.0,1307.5,564.0,301.0,673.5,312.0,1020.0,4296.0,5157.0,5389.5,5189.5,1355.0,623.0,283.0,707.0,344.0,1109.0,4445.0,5293.0,5404.0,5298.0,1796.0,846.0,260.0,565.0,264.0,903.0,3243.0,3717.0,3893.0,3836.0,2712.0,1943.0,563.0,847.0,845.0,1374.0,2211.0,2463.0,2676.0,2703.0,2377.0,1605.0,590.0,875.5,912.5,1437.0,2257.0,2507.5,2743.0,2705.5,2039.0,1224.0,454.0,747.0,720.0,1234.0,2560.0,2831.0,3062.0,3001.0,1915.5,997.5,352.5,625.0,416.0,997.0,3213.5,3700.0,3928.0,3836.5,1889.0,944.0,426.0,681.0,402.0,1009.0,3423.0,3993.0,4141.0,4129.0,0.0,0.0,0.0,0.0,0.0,0.0,0.0,0.0,0.0,0.0,"{""type"":""MultiPoint"",""coordinates"":[]}"
3090,228,2995.0,2622.0,607.0,797.0,1010.0,1223.0,1397.0,1541.0,1740.0,1800.0,1111.5,553.5,310.0,517.5,346.0,770.0,2661.0,3788.5,3926.5,3940.0,1155.0,593.0,382.0,554.0,386.0,842.0,2538.0,3715.0,3787.0,3850.0,3645.0,3226.0,963.0,1177.0,1527.0,1687.0,2260.0,2615.0,2866.0,2990.0,3798.0,3572.0,1053.0,1297.0,1665.0,1820.0,1913.0,2044.0,2272.0,2297.0,3818.0,3572.0,1053.0,1333.0,1690.0,1886.0,1958.0,2081.0,2279.0,2328.0,3900.0,3630.0,1100.0,1365.0,1747.0,1928.0,1998.0,2154.0,2287.0,2371.0,3900.0,3563.0,1100.0,1365.0,1747.0,1928.0,2005.0,2154.0,2359.0,2397.0,3562.0,3002.0,709.0,1127.0,1466.0,1651.0,1721.0,1868.0,2029.0,2113.0,3817.0,3603.0,917.0,1182.0,1505.0,1678.0,1793.0,1913.0,2097.0,2168.0,3575.0,3186.0,854.0,1119.0,1384.0,1607.0,1822.0,2019.0,2114.0,2243.0,3139.0,2664.5,720.5,942.0,1077.0,1330.5,1883.0,2084.0,2276.0,2314.5,2789.5,2240.0,514.0,739.0,833.0,1090.5,1632.5,1867.5,1933.5,2111.0,1688.5,965.5,259.5,455.5,356.5,610.0,2123.5,2830.5,2871.0,2983.0,1330.0,640.0,242.0,383.0,225.0,452.0,2247.0,3308.0,3217.0,3419.0,1366.0,660.0,221.0,371.0,282.0,536.0,2317.0,3560.0,3612.0,3700.0,1346.0,702.0,221.0,351.0,302.0,516.0,1848.0,2653.0,2811.0,2854.0,1346.0,722.0,242.0,371.0,317.0,504.0,1636.0,2321.0,2444.0,2499.0,1498.0,857.0,476.0,570.0,528.0,712.0,1686.0,2227.0,2345.0,2404.0,1870.0,1362.5,1151.0,1261.5,1175.5,1348.5,1935.5,2255.5,2386.5,2425.5,3721.5,3275.0,810.0,1101.5,1483.5,1721.5,1896.0,2093.5,2306.5,2369.0,3594.0,3123.0,785.0,1087.0,1448.0,1719.0,1855.0,2010.0,2159.0,2267.0,2432.5,1948.0,462.0,654.5,741.5,984.5,1600.5,1807.0,2024.0,1994.5,2898.0,2574.5,567.5,763.0,1000.5,1198.5,1299.0,1444.0,1544.0,1643.5,3530.0,3275.0,532.0,766.0,1062.0,1210.0,1316.0,1467.0,1633.0,1749.0,3110.0,2987.0,629.0,766.0,993.0,1139.0,1260.0,1413.0,1581.0,1650.0,3110.0,2987.0,629.0,766.0,993.0,1139.0,1260.0,1413.0,1581.0,1650.0,2971.0,2343.0,663.0,876.0,997.0,1272.0,1771.0,1906.0,2089.0,2161.0,0.0,0.0,0.0,0.0,0.0,0.0,0.0,0.0,0.0,0.0,1835.0,1159.0,344.5,552.5,419.5,847.5,2207.0,2646.0,2825.0,2788.0,1990.0,1227.0,314.0,554.0,403.5,911.5,2726.5,3406.5,3664.0,3599.5,1887.0,1150.0,283.0,554.0,413.0,939.0,2965.0,3819.0,4148.0,4004.0,1239.5,572.0,251.0,468.5,230.0,707.5,2837.5,3750.0,4001.0,3851.5,1138.0,514.0,318.0,495.0,239.0,692.0,2819.0,3737.0,3879.0,3818.0,1077.5,493.5,181.0,409.5,183.5,634.0,2846.0,3972.0,4230.5,4149.5,1100.0,523.0,195.0,427.0,231.0,691.0,2837.0,4097.0,4244.0,4305.0,"{""type"":""MultiPoint"",""coordinates"":[]}"
3103,72,2033.5,1534.5,530.0,886.5,991.0,1479.0,2341.0,2622.5,2860.0,2834.0,2849.0,2148.0,798.0,1282.0,1468.0,2037.0,3010.0,3285.0,3645.0,3573.0,2951.5,2319.0,852.0,1305.0,1483.0,2042.5,3053.0,3363.0,3661.0,3580.5,3040.0,2391.0,894.0,1328.0,1509.0,2078.0,2984.0,3344.0,3496.0,3545.0,3053.5,2429.0,892.5,1324.0,1514.5,2046.0,2983.5,3329.0,3557.5,3581.0,3103.0,2417.0,889.0,1308.0,1498.0,2047.0,2988.0,3316.0,3465.0,3586.0,3068.0,2472.0,943.0,1312.0,1509.0,2020.0,2963.0,3378.0,3489.0,3562.0,3114.5,2481.5,952.0,1344.5,1536.5,2032.0,2952.5,3349.0,3462.0,3587.5,3216.0,2570.5,1094.0,1483.5,1664.5,2195.0,3088.0,3503.5,3517.5,3742.0,3392.0,2590.0,1131.5,1511.0,1692.5,2298.5,3325.5,3820.5,3726.0,4124.5,3070.0,2402.0,967.5,1367.0,1528.0,2085.0,2955.5,3344.0,3285.5,3564.5,2112.0,1609.0,563.0,869.0,938.0,1452.0,2324.0,2623.0,2908.0,2891.0,2868.0,2169.0,808.0,1249.0,1348.0,1955.0,3070.0,3460.0,3439.0,3678.0,2916.0,2240.0,874.0,1288.0,1440.0,2051.0,2940.0,3316.5,3379.0,3575.5,3060.5,2348.5,915.5,1353.0,1517.0,2136.5,3140.0,3566.0,3531.0,3852.5,2989.5,2291.0,968.0,1407.0,1559.0,2151.5,3188.0,3609.5,3640.0,3854.0,2928.0,2167.5,874.5,1343.0,1443.0,2099.5,3241.0,3680.0,3638.0,3909.5,3049.0,2313.5,944.5,1425.5,1499.5,2211.5,3386.0,3887.0,3789.0,4119.0,2780.5,2111.0,847.5,1295.0,1378.0,2002.0,3236.0,3661.5,3730.5,3913.0,2715.0,2110.0,858.0,1270.0,1344.0,1912.0,3132.0,3619.0,3782.0,3800.0,2668.0,2115.0,819.0,1210.0,1368.0,1848.0,2973.0,3375.0,3687.0,3657.0,2525.5,1918.5,743.5,1140.0,1261.0,1802.5,2903.0,3317.0,3502.0,3545.5,2127.0,1519.0,470.0,893.0,962.0,1625.0,2662.0,2988.0,3124.0,3212.0,2492.0,1869.0,681.0,1106.0,1229.0,1737.0,2828.0,3241.0,3383.0,3500.0,2493.0,1926.0,707.0,1070.0,1197.0,1679.0,2789.0,3196.0,3384.0,3469.0,2527.0,1937.0,724.0,1112.0,1253.0,1722.0,2844.0,3267.0,3644.0,3497.0,2423.0,1831.5,694.5,1097.0,1237.5,1695.0,2771.0,3172.5,3405.0,3416.5,2231.0,1667.5,596.5,993.0,1099.5,1607.5,2696.0,3026.0,3343.0,3335.5,1801.0,1129.0,430.0,832.0,875.0,1440.0,2522.0,2856.0,3130.0,3062.0,2255.0,1658.0,636.0,982.0,1056.0,1598.0,2662.0,3020.0,3246.0,3163.0,2362.0,1746.0,593.0,1019.0,1142.0,1702.0,2682.0,2997.0,3221.0,3185.0,2457.5,1863.5,691.5,1088.5,1216.0,1730.5,2703.5,3028.5,3311.5,3246.5,2491.0,1899.0,668.0,1037.0,1187.0,1693.0,2626.0,2916.0,3244.0,3193.0,2519.5,1962.5,716.0,1132.5,1263.5,1837.0,2737.5,3007.0,3275.0,3219.0,0.0,0.0,0.0,0.0,0.0,0.0,0.0,0.0,0.0,0.0,2745.0,2112.0,770.0,1254.0,1352.0,1973.0,2923.0,3249.0,3491.0,3458.0,"{""type"":""MultiPoint"",""coordinates"":[]}"
3118,152,2799.0,2503.0,363.0,692.0,1112.0,1289.0,1337.0,1388.0,1482.0,1564.0,4028.5,3605.0,918.5,1496.0,2151.5,2386.0,2687.0,2815.5,3010.0,2917.0,4145.0,3679.0,957.0,1586.0,2294.0,2599.0,2834.0,2980.0,3067.0,3085.0,4212.0,3913.0,944.0,1529.0,2267.0,2582.0,2795.0,2947.0,2960.0,2975.0,4208.0,3807.0,1020.0,1619.0,2324.0,2577.5,2764.0,2895.5,3053.0,3048.0,4331.5,3858.0,1062.5,1667.0,2407.0,2651.5,2813.0,2957.0,3084.5,3057.0,4334.0,3903.0,1026.5,1650.5,2431.0,2678.5,2850.5,2917.0,3079.0,3041.5,4378.0,3905.0,1009.5,1675.0,2464.0,2696.0,2844.0,2964.5,3043.5,3057.0,4422.0,3988.0,1032.5,1676.0,2484.5,2758.0,2860.0,3003.0,3022.0,3076.5,4414.0,3880.0,1001.0,1671.0,2489.0,2771.0,2790.0,2923.0,2977.0,3071.0,4466.0,4149.0,1045.0,1678.0,2573.0,2790.0,2826.0,3038.0,3111.0,3132.0,2762.0,2518.5,401.5,727.0,1151.0,1263.0,1339.5,1454.0,1547.0,1547.0,4425.0,3994.0,1003.0,1650.0,2447.0,2729.0,2788.0,2916.0,3021.0,2996.0,3647.0,3240.0,971.0,1193.0,1556.0,1803.0,1985.0,2115.0,2211.0,2229.0,3728.5,3348.0,731.0,1182.5,1838.0,2020.5,2145.0,2239.0,2279.0,2354.5,4042.5,3676.5,761.0,1220.0,1888.0,2124.0,2291.5,2425.5,2504.5,2527.5,4085.0,3736.5,705.0,1197.0,1897.0,2120.5,2248.0,2374.0,2511.0,2534.5,3960.0,3668.0,713.0,1174.5,1850.5,2053.0,2231.5,2371.5,2426.5,2467.5,4027.0,3649.5,741.0,1181.5,1806.5,2072.5,2214.0,2363.5,2405.5,2496.5,3837.0,3575.0,661.0,1130.0,1817.0,2052.0,2098.0,2265.0,2341.0,2356.0,3647.0,3329.5,629.5,1082.0,1706.0,1900.5,2027.0,2137.0,2264.5,2280.0,3167.0,2779.0,562.5,980.5,1531.0,1785.5,1809.0,1917.0,1861.5,1991.0,2491.0,1905.0,2102.0,2086.0,2122.0,2375.0,2574.0,2687.0,2703.0,2737.0,3548.0,3174.5,682.0,1165.5,1788.5,2011.0,2127.5,2224.5,2294.0,2293.0,0.0,0.0,0.0,0.0,0.0,0.0,0.0,0.0,0.0,0.0,2686.5,2428.0,372.5,658.0,1072.5,1212.0,1368.0,1428.0,1482.0,1518.0,2620.0,2354.0,392.5,671.5,1051.0,1222.0,1388.5,1522.5,1549.0,1562.5,2120.5,1572.0,317.0,591.0,905.5,1128.0,1328.0,1413.5,1452.0,1458.5,0.0,0.0,0.0,0.0,0.0,0.0,0.0,0.0,0.0,0.0,2681.0,2268.0,505.0,885.0,1356.0,1573.0,1659.0,1733.0,1797.0,1759.0,3701.0,3345.0,752.0,1301.0,1898.0,2115.0,2332.0,2333.0,2471.0,2505.0,3822.0,3375.0,767.0,1364.0,2030.0,2280.0,2411.0,2517.0,2642.0,2577.0,0.0,0.0,0.0,0.0,0.0,0.0,0.0,0.0,0.0,0.0,0.0,0.0,0.0,0.0,0.0,0.0,0.0,0.0,0.0,0.0,3987.0,3517.0,840.0,1428.0,2083.0,2272.0,2550.0,2708.0,2898.0,2815.0,3941.0,3538.0,899.0,1476.5,2090.0,2355.5,2690.5,2773.0,2923.0,2858.5,"{""type"":""MultiPoint"",""coordinates"":[]}"
3175,37,3560.5,2226.5,672.0,1012.0,1545.5,2100.0,2689.0,2988.0,3340.5,3408.5,1955.5,898.5,499.5,774.5,488.5,985.0,3602.5,4729.0,5056.5,4935.0,1685.0,770.5,419.5,666.0,403.0,861.5,3265.0,4456.5,4762.0,4654.5,2713.0,1654.5,780.0,1072.5,1024.0,1568.5,3051.5,3849.0,4070.5,4165.0,2913.0,1720.5,740.5,1075.0,1109.0,1603.5,2942.5,3401.0,3580.0,3699.0,2240.0,965.0,509.0,818.0,497.0,1051.0,3940.0,5141.0,5342.0,5368.0,2001.0,879.0,573.0,827.0,496.0,984.0,3674.0,4933.0,5055.0,5151.0,2884.5,1712.5,834.0,1153.0,1088.0,1667.5,3396.5,4381.5,4548.5,4746.0,3261.0,1916.5,893.0,1244.5,1271.5,1869.5,3314.5,3868.0,3877.0,4197.0,2220.0,1010.0,575.0,871.0,529.0,1051.0,3932.0,5380.0,5159.0,5611.0,2262.5,1047.5,609.0,948.0,543.0,1144.5,4212.5,5843.0,5636.5,6003.5,3654.0,2333.0,709.0,1019.0,1601.0,2114.0,2664.0,3003.0,3426.0,3448.0,4631.0,3185.0,1145.0,1518.0,1949.0,2502.0,2873.0,3166.0,3302.0,3584.0,3718.5,2339.0,938.0,1293.5,1593.0,2129.5,2980.0,3378.0,3493.0,3698.5,2396.5,1114.0,586.0,859.0,574.5,1072.0,3543.0,4509.5,4386.0,4733.0,2070.0,903.0,342.0,648.0,244.0,774.0,3907.0,5446.0,5516.0,5571.0,4279.0,2726.0,994.5,1358.0,1601.0,2223.0,2866.5,3289.5,3505.0,3893.0,3412.0,2195.5,696.5,995.0,1138.0,1579.5,2463.5,2846.5,2868.5,3130.0,2403.0,1164.5,492.0,777.5,547.5,1022.0,3212.0,3982.5,3988.5,4181.5,2123.0,1035.0,599.0,821.0,548.0,984.0,3469.0,4540.0,4691.0,4730.0,1683.5,797.5,367.0,745.0,545.0,889.5,3065.5,4158.5,4446.0,4321.5,1961.0,907.0,331.0,638.0,370.0,906.0,3626.0,4923.0,5086.0,5177.0,3441.0,2278.5,681.5,991.5,1422.0,1948.0,2486.5,2737.0,3044.5,3164.5,3324.0,2160.0,641.0,899.0,991.0,1487.0,2294.0,2733.0,3049.0,3215.0,3859.0,2618.0,798.0,1052.0,1234.0,1729.0,2274.0,2659.0,2966.0,3195.0,3677.0,2337.0,691.0,1051.5,1273.0,1758.5,2675.5,3070.5,3396.0,3457.0,3333.5,2047.0,586.5,910.0,1095.5,1599.0,2676.0,3068.5,3366.5,3440.5,3495.0,2151.5,588.0,902.5,1173.0,1645.0,2525.0,2929.0,3336.0,3418.0,3650.0,2309.0,670.0,1021.0,1445.0,1962.0,2641.0,2959.0,3312.0,3413.0,3507.0,2386.0,719.0,989.0,1360.0,1763.0,2303.0,2585.0,2898.0,2896.0,3837.0,2530.0,830.0,1174.0,1573.0,2022.0,2592.0,2857.0,3157.0,3240.0,3885.0,2585.5,919.0,1245.5,1687.5,2132.5,2694.5,2993.0,3367.0,3352.5,3254.0,2321.0,761.0,999.0,1327.0,1692.0,2155.0,2386.0,2680.0,2691.0,3045.5,1889.0,704.0,1012.5,1066.0,1563.0,2780.5,3182.0,3470.0,3509.5,2502.5,1244.5,595.0,894.5,691.0,1216.5,3362.0,4101.5,4413.0,4391.5,2262.0,1028.0,488.0,826.0,547.0,1136.0,3776.0,4699.0,5009.0,5002.0,"{""type"":""MultiPoint"",""coordinates"":[]}"
3211,69,2632.5,2605.5,677.5,769.0,939.5,1084.5,1163.5,1271.0,1440.5,1468.5,3289.5,2486.5,823.5,1181.0,1248.5,1833.0,3099.0,3560.5,3749.0,3839.5,3324.0,2491.0,684.0,1064.0,1210.0,1687.0,2807.0,3176.0,3457.0,3433.0,3296.0,2318.0,660.0,1064.0,1158.0,1683.0,2945.0,3430.0,3528.0,3698.0,3108.0,2210.0,660.0,1011.0,1096.0,1594.0,2945.0,3468.0,3663.0,3711.0,3108.0,2210.0,663.0,1011.0,1096.0,1652.0,2976.0,3480.0,3693.0,3765.0,3375.0,2378.0,698.0,1059.0,1255.0,1726.0,2943.0,3447.0,3638.0,3751.0,3310.0,2363.0,688.0,1033.0,1230.0,1726.0,2943.0,3433.0,3582.0,3709.0,3318.0,2363.0,688.0,1033.0,1264.0,1719.0,2814.0,3313.0,3462.0,3675.0,3370.0,2399.0,754.0,1059.0,1312.0,1795.0,2772.0,3275.0,3439.0,3612.0,3347.0,2390.0,680.0,1042.0,1299.0,1775.0,2701.0,3161.0,3309.0,3492.0,2691.0,2675.0,559.0,756.0,930.0,1103.0,1239.0,1305.0,1453.0,1475.0,3369.0,2428.0,729.5,1068.5,1359.5,1859.5,2769.5,3278.5,3380.0,3640.0,3362.0,2462.0,724.0,1036.0,1328.0,1761.0,2567.0,3006.0,3162.0,3319.0,3601.0,2543.0,724.0,1038.0,1328.0,1854.0,2581.0,3006.0,3162.0,3349.0,3576.0,2638.0,706.0,1026.0,1445.0,1888.0,2430.0,2764.0,2926.0,3138.0,3492.0,2617.0,706.0,1024.0,1418.0,1835.0,2297.0,2575.0,2812.0,2931.0,3233.5,2403.5,604.0,905.5,1292.5,1695.0,2133.5,2422.0,2647.0,2809.0,2865.0,2409.0,629.0,883.0,1118.0,1413.0,1821.0,2052.0,2143.0,2260.0,2748.0,2336.0,2434.0,2325.0,2284.0,2416.0,2690.0,2833.0,2834.0,2902.0,2704.0,2336.0,520.0,817.0,986.0,1398.0,1937.0,2202.0,2398.0,2497.0,2544.5,1999.0,445.5,693.5,835.5,1213.0,1725.5,1972.5,2115.0,2217.5,2846.5,2588.0,705.0,846.5,1013.5,1210.5,1358.5,1475.5,1644.0,1706.5,2391.5,1859.0,369.0,639.0,736.5,1131.5,1618.0,1833.0,1919.5,2061.0,2150.0,1599.0,347.0,606.0,602.0,1019.0,1532.0,1708.0,1805.0,1915.0,2218.5,1899.0,410.0,580.0,687.0,991.0,1309.0,1453.0,1599.5,1699.5,2217.0,1897.0,417.0,581.0,687.0,987.0,1309.0,1452.0,1596.0,1698.0,1757.0,1315.0,822.0,906.0,913.0,1145.0,1379.0,1488.0,1612.0,1618.0,0.0,0.0,0.0,0.0,0.0,0.0,0.0,0.0,0.0,0.0,2631.5,2419.5,562.0,714.0,809.0,1020.0,1222.0,1343.5,1463.5,1518.0,2998.5,2849.0,628.5,800.0,966.5,1186.0,1421.5,1551.0,1686.5,1735.0,3234.0,3045.5,617.5,853.0,1099.5,1343.0,1591.5,1709.5,1906.5,1933.5,0.0,0.0,0.0,0.0,0.0,0.0,0.0,0.0,0.0,0.0,3000.0,2497.0,620.0,895.0,965.0,1396.0,2217.0,2443.0,2609.0,2651.0,3123.0,2620.0,667.0,955.0,1079.0,1468.0,2433.0,2761.0,2944.0,2978.0,3010.0,2417.5,612.5,928.0,1019.5,1463.5,2470.5,2799.0,3010.0,3030.5,"{""type"":""MultiPoint"",""coordinates"":[]}"
3325,24,1536.0,1193.0,334.0,562.0,595.0,883.0,1249.0,1388.0,1423.0,1490.0,1852.5,1030.0,349.0,610.5,536.5,999.0,2738.5,3585.5,4002.5,4002.0,2227.5,1257.5,462.5,741.0,651.0,1269.5,3220.0,4325.0,4749.5,4730.5,2186.0,1314.5,468.0,780.5,895.0,1481.5,2601.0,3264.0,3557.5,3660.5,2525.0,1609.0,595.0,950.5,1470.0,1964.0,2436.5,2819.0,3170.0,3350.5,2839.5,1779.0,778.0,1149.0,1850.0,2302.5,2591.0,2912.5,3217.5,3493.0,2941.0,1830.0,846.5,1266.5,2045.5,2417.5,2705.5,3022.0,3371.0,3531.5,3052.0,1900.0,823.5,1269.5,2064.5,2453.5,2699.0,3049.5,3259.5,3481.5,3008.5,1873.0,841.0,1284.5,2113.5,2544.5,2731.0,3060.0,3337.5,3559.5,2983.0,1823.0,790.0,1268.0,2064.0,2453.0,2725.0,3052.0,3396.0,3463.0,4035.5,2549.5,1251.5,1849.5,2991.5,3525.5,3772.5,4085.5,4358.5,4570.5,3358.5,2959.0,2471.0,2558.5,2535.5,2837.0,3349.0,3458.0,3625.5,3543.5,4866.0,3264.0,1598.0,2335.0,3670.0,4243.0,4493.0,4869.0,5223.0,5350.0,4854.5,3173.5,2040.0,2546.0,3415.0,3922.0,4271.0,4580.5,4991.0,5140.0,3270.0,2214.5,2835.0,2721.5,2500.5,2670.5,2927.0,3141.0,3573.5,3405.5,4791.0,3164.0,1565.5,2226.0,3436.0,4037.5,4467.5,4859.5,5247.0,5385.0,4548.0,3045.0,1458.0,2173.0,3453.0,4039.0,4402.0,4759.0,5230.0,5231.0,3215.0,2733.5,1057.5,1407.5,1872.5,2084.0,2189.5,2350.5,2451.0,2527.5,3183.0,2739.0,1036.0,1412.5,1888.5,2022.5,2073.0,2198.5,2341.5,2397.5,0.0,0.0,0.0,0.0,0.0,0.0,0.0,0.0,0.0,0.0,2796.5,2433.0,957.5,1267.0,1648.5,1807.0,1906.0,2026.0,2215.0,2196.5,1450.0,1122.0,1034.5,1085.5,1125.5,1296.0,1525.5,1634.5,1667.0,1717.5,0.0,0.0,0.0,0.0,0.0,0.0,0.0,0.0,0.0,0.0,0.0,0.0,0.0,0.0,0.0,0.0,0.0,0.0,0.0,0.0,0.0,0.0,0.0,0.0,0.0,0.0,0.0,0.0,0.0,0.0,1729.5,1519.0,474.5,623.0,756.5,899.0,1029.5,1149.5,1230.0,1251.0,0.0,0.0,0.0,0.0,0.0,0.0,0.0,0.0,0.0,0.0,1643.0,1420.0,393.0,549.0,670.0,797.0,1031.0,1171.0,1238.0,1248.0,0.0,0.0,0.0,0.0,0.0,0.0,0.0,0.0,0.0,0.0,0.0,0.0,0.0,0.0,0.0,0.0,0.0,0.0,0.0,0.0,1391.0,632.0,294.0,657.0,260.0,1024.0,3825.0,4556.0,4764.0,4497.0,1688.5,790.5,258.5,598.5,272.0,1030.0,4131.5,5207.5,5513.5,5282.0,1835.0,907.0,339.0,595.0,311.0,941.0,3931.0,5318.0,5513.0,5423.0,1583.5,744.5,314.5,550.0,241.0,859.5,3793.5,5186.0,5428.5,5251.5,1760.5,899.5,270.5,512.5,299.0,815.5,3233.5,4506.0,4814.5,4648.5,1705.0,894.0,312.0,600.0,506.0,1018.0,2892.0,3763.0,4037.0,4039.0,"{""type"":""MultiPoint"",""coordinates"":[]}"
3417,36,1870.0,1023.0,269.5,543.5,425.0,998.5,2394.5,2689.5,3018.0,3002.5,2000.0,1031.0,385.0,615.0,475.0,889.0,3185.0,3902.0,4197.0,3978.0,1780.5,831.5,332.5,562.0,355.0,833.5,3551.5,4379.0,4668.5,4545.5,3509.0,2637.5,945.5,1240.0,1489.0,1952.0,2555.5,2848.0,3151.0,3221.5,2540.0,1563.5,579.5,858.0,779.0,1322.5,3092.0,3531.5,3715.0,3712.0,1941.5,960.0,465.0,699.0,501.5,1062.5,3653.0,4408.5,4539.5,4448.5,3435.0,2634.0,902.0,1215.0,1298.0,1873.0,2958.0,3426.0,3642.0,3702.0,2730.0,1683.0,662.0,953.0,861.0,1393.0,3238.0,3702.0,3655.0,3838.0,2643.0,1677.0,688.0,892.0,872.0,1334.0,2912.0,3420.0,3390.0,3578.0,3964.0,3067.0,1190.0,1517.0,1911.0,2441.0,2726.0,2926.0,2897.0,3208.0,4022.0,3174.0,1290.5,1660.5,2187.0,2604.0,2865.5,3088.5,3064.5,3339.5,2635.0,1847.0,463.0,718.0,753.0,1239.0,2167.0,2413.0,2785.0,2723.0,2980.0,2148.0,866.0,1166.0,1467.0,1916.0,2288.0,2505.0,2499.0,2717.0,3061.0,2160.0,831.0,1136.0,1263.5,1743.5,2836.0,3155.5,3175.0,3360.0,3237.5,2365.5,946.0,1224.0,1431.0,1883.0,2689.5,3026.5,2990.0,3248.0,2393.0,1495.0,529.0,817.0,724.0,1324.0,2886.0,3322.0,3408.0,3445.0,2933.5,2029.0,738.0,999.5,1101.5,1591.0,2490.5,2880.0,2876.0,3120.5,3294.5,2505.5,966.0,1273.0,1656.0,2058.5,2304.5,2542.0,2556.5,2781.0,2828.0,1976.5,663.0,998.0,986.5,1539.5,2862.0,3151.0,3175.0,3336.5,0.0,0.0,0.0,0.0,0.0,0.0,0.0,0.0,0.0,0.0,2125.0,1191.0,466.0,744.0,549.0,1118.0,2983.0,3412.0,3742.0,3560.0,2147.0,1182.5,380.0,665.0,478.5,1081.5,3093.0,3633.0,3822.0,3843.5,1999.0,1186.5,278.5,585.0,469.5,1063.0,2536.0,2839.5,3018.5,3021.5,3013.0,2103.0,674.0,969.0,1176.0,1665.0,2419.0,2637.0,2850.0,2959.0,2949.0,2163.0,609.0,872.0,1059.0,1460.0,2306.0,2610.0,2830.0,2858.0,1936.0,1130.0,281.0,567.0,400.0,977.0,2705.0,3026.0,3189.0,3118.0,1983.5,1016.0,263.5,573.0,329.5,963.0,3299.5,3715.0,3894.5,3850.0,1846.5,916.0,220.5,525.5,271.5,910.0,3333.0,3854.0,4098.0,3934.0,1978.0,954.0,201.0,574.0,319.0,1078.0,3601.0,4062.0,4304.0,4313.0,2112.0,1217.0,300.0,553.0,371.0,914.0,2894.0,3328.0,3637.0,3522.0,1809.0,898.0,208.0,482.0,267.0,902.0,3236.0,3795.0,4076.0,3957.0,1853.5,871.0,260.0,538.0,284.0,884.0,3502.5,4132.0,4480.5,4320.5,1754.0,805.0,282.0,520.0,273.0,829.0,3328.0,3933.0,4282.0,4072.0,1818.5,841.5,305.0,573.0,309.5,933.5,3872.5,4696.0,5014.0,4912.5,3153.5,2205.0,708.5,985.0,1005.5,1578.0,2632.5,2977.0,3354.5,3358.0,2184.0,1218.0,422.0,713.0,593.0,1172.0,3139.0,3634.0,3815.0,3776.0,"{""type"":""MultiPoint"",""coordinates"":[]}"
3446,204,2629.0,1979.5,766.0,962.5,1367.0,1636.5,1834.0,2065.5,2342.0,2422.5,2775.0,2064.0,748.0,1068.5,1184.5,1608.0,2476.5,2750.5,2891.5,2921.5,2428.5,1789.5,657.0,923.5,1018.5,1388.5,2529.0,2901.0,3031.0,3084.0,2425.5,1789.5,657.0,923.5,1018.5,1398.5,2529.0,2964.0,3206.5,3139.5,2426.0,1838.5,683.5,958.0,1062.5,1451.5,2540.5,2994.5,3193.0,3172.0,2465.5,1838.5,717.5,1004.5,1140.0,1521.5,2584.0,3058.0,3223.5,3252.5,2517.5,1782.5,700.0,1000.5,1134.0,1537.5,2591.0,3059.5,3238.5,3282.0,2464.0,1734.5,725.0,1014.0,1143.5,1525.0,2565.0,3036.5,3230.0,3245.5,2510.5,1833.0,712.0,1014.0,1155.5,1540.5,2556.5,3082.5,3193.0,3303.5,2446.5,1765.0,681.5,985.5,1133.0,1528.0,2548.5,3043.0,3153.5,3290.0,2431.5,1796.0,669.5,981.5,1141.5,1536.5,2482.0,2960.5,3050.5,3187.0,2981.5,2227.5,806.5,1019.5,1505.5,1746.0,1912.5,2134.0,2374.0,2448.0,2378.0,1756.0,682.0,959.5,1105.0,1496.0,2406.0,2947.0,3004.5,3151.5,2294.0,1622.0,641.5,930.0,1097.5,1492.0,2395.5,2783.5,2941.0,3042.5,2266.5,1606.5,614.5,906.5,1075.5,1483.5,2372.5,2799.0,2912.0,3049.0,2241.5,1612.5,634.0,899.0,1098.5,1437.5,2268.5,2700.5,2895.5,2964.5,2241.5,1624.5,648.0,913.0,1110.5,1469.5,2240.5,2617.5,2796.5,2899.5,2212.5,1626.0,629.5,892.0,1098.5,1442.0,2153.5,2541.5,2718.0,2837.0,2208.0,1605.5,627.0,888.0,1114.5,1437.5,2084.5,2438.0,2631.0,2740.5,2187.5,1525.5,651.0,905.5,1145.0,1440.0,2074.5,2438.0,2631.0,2740.5,2161.5,1485.0,502.0,787.5,1014.5,1341.5,2027.0,2363.0,2596.5,2690.5,2107.5,1455.0,556.0,743.0,992.0,1373.0,1971.0,2337.5,2521.5,2682.5,2738.5,2028.5,650.5,902.5,1339.0,1600.5,1766.5,1987.5,2223.5,2280.5,1942.5,1327.0,516.5,663.0,880.5,1254.5,1763.5,2134.0,2273.5,2448.5,1876.0,1261.5,569.5,748.0,981.5,1337.5,1609.0,1843.5,1995.0,2174.5,2779.0,2154.0,659.0,876.0,1181.0,1405.5,1573.0,1758.0,1950.5,2021.5,2786.0,2186.0,651.0,866.5,1172.5,1386.0,1545.0,1701.5,1903.5,1996.0,3831.0,3377.0,2272.0,2331.5,2576.5,2733.0,2819.0,2957.5,3238.5,3174.0,3831.0,3377.0,2272.0,2331.5,2576.5,2733.0,2819.0,2957.5,3238.5,3174.0,3025.5,2366.0,907.5,1156.0,1472.5,1694.0,1808.0,1977.0,2142.0,2180.0,1849.0,1453.5,629.0,734.0,897.0,1049.5,1114.5,1232.5,1303.5,1330.5,1988.0,1567.0,666.0,798.0,984.5,1120.0,1191.5,1313.0,1419.5,1420.0,0.0,0.0,0.0,0.0,0.0,0.0,0.0,0.0,0.0,0.0,3162.5,2760.5,905.0,1166.5,1463.0,1670.5,1791.5,1965.5,2113.5,2153.0,3225.5,2760.5,933.5,1239.5,1560.5,1767.5,1900.5,2046.5,2194.0,2235.0,3317.5,2809.0,1029.0,1317.5,1648.0,1872.0,2029.5,2187.5,2351.0,2367.5,"{""type"":""MultiPoint"",""coordinates"":[]}"
3544,72,2248.0,1772.0,501.0,761.0,785.0,1316.0,2029.0,2205.0,2359.0,2382.0,3711.5,3297.0,1780.0,2037.5,2238.5,2616.0,3106.0,3323.0,3496.0,3525.5,3715.0,3287.0,990.0,1398.0,1824.0,2247.0,2745.0,3001.0,3190.0,3270.0,3830.0,3434.0,1013.0,1419.0,1841.0,2247.0,2817.0,3050.0,3190.0,3319.0,3759.0,3322.0,1060.0,1449.0,1849.0,2262.0,2894.0,3161.0,3308.0,3437.0,3759.0,3322.0,1080.0,1449.0,1860.0,2262.0,2957.0,3232.0,3476.0,3506.0,4051.0,3660.0,1079.0,1467.0,1917.0,2317.0,2796.0,3072.0,3233.0,3337.0,4008.0,3504.0,1055.0,1465.0,1900.0,2317.0,2826.0,3128.0,3329.0,3384.0,4140.0,3743.0,1055.0,1449.0,1893.0,2297.0,2798.0,3089.0,3215.0,3375.0,4188.0,3817.0,1100.0,1496.0,1960.0,2358.0,2798.0,3087.0,3203.0,3348.0,4096.0,3638.0,1029.0,1453.0,1919.0,2310.0,2703.0,3005.0,3115.0,3252.0,2537.5,2307.0,577.5,883.5,1038.0,1391.5,1838.0,1977.5,2135.5,2169.5,3892.0,3591.0,1025.0,1366.0,1829.0,2188.0,2566.0,2891.0,2981.0,3129.0,3921.5,3537.0,1022.0,1393.5,1836.5,2217.0,2726.0,3043.5,3134.5,3244.0,4202.0,3739.0,1034.0,1445.0,1897.0,2345.0,2781.0,3058.0,3161.0,3407.0,4025.0,3739.0,1065.0,1431.0,1896.0,2269.0,2748.0,3023.0,3226.0,3289.0,3884.0,3614.0,1016.0,1402.0,1845.0,2208.0,2672.0,2894.0,3110.0,3147.0,3527.0,3167.5,843.0,1171.0,1545.5,1871.0,2442.0,2725.0,2884.0,2966.0,3438.0,2984.0,890.0,1192.0,1506.0,1851.0,2355.0,2623.0,2833.0,2880.0,2832.5,2331.0,3066.0,3205.0,3135.0,3121.5,3329.5,3401.5,3656.0,3393.5,3316.0,2934.5,748.5,1114.0,1481.5,1803.5,2454.0,2744.0,2955.5,2974.0,3394.0,3031.0,769.0,1105.0,1496.0,1829.0,2517.0,2832.0,3060.0,3063.0,2239.5,1893.0,523.5,787.5,926.5,1255.5,1716.0,1900.5,2098.0,2092.0,2247.0,1728.0,422.5,684.5,854.0,1215.0,1901.0,2174.5,2264.5,2366.5,2269.0,1667.0,404.0,742.0,708.0,1281.0,2191.0,2477.0,2620.0,2663.0,2163.5,1409.0,409.0,776.5,572.0,1300.0,2942.5,3276.5,3567.0,3517.5,2174.0,1422.0,399.0,767.0,559.0,1293.0,2949.0,3280.0,3576.0,3531.0,2611.0,1870.0,2475.0,2499.0,2318.0,2605.0,3143.0,3194.0,3683.0,3266.0,0.0,0.0,0.0,0.0,0.0,0.0,0.0,0.0,0.0,0.0,2816.0,2406.5,712.5,1032.5,1185.5,1645.0,2226.0,2417.0,2600.0,2610.0,3896.0,3588.0,2200.0,2423.5,2547.5,2970.0,3413.0,3551.0,3828.0,3722.0,3128.0,2652.0,717.0,1094.0,1261.0,1746.0,2595.0,2823.0,3154.0,3071.0,3112.0,2652.0,717.0,1094.0,1261.0,1746.0,2595.0,2823.0,3154.0,3071.0,2458.5,1574.5,423.5,828.0,716.5,1410.0,3251.5,3707.5,3880.0,3870.0,2576.0,1739.0,474.0,855.0,750.0,1444.0,3333.0,3813.0,3970.0,3930.0,3513.5,3206.0,819.0,1187.0,1523.5,1894.5,2384.0,2594.5,2839.0,2839.0,"{""type"":""MultiPoint"",""coordinates"":[]}"
3545,121,2448.0,1890.0,673.0,932.0,1346.0,1523.0,1494.0,1668.0,1986.0,1801.0,3812.0,3150.0,910.5,1329.0,1781.0,2045.5,2298.5,2485.5,2783.5,2708.0,4205.0,3500.0,1016.0,1487.0,2043.0,2267.0,2427.0,2674.0,3031.0,3052.0,3976.5,3299.5,1002.5,1431.0,1924.5,2099.5,2245.5,2452.0,2744.5,2753.0,3841.0,3224.0,1046.0,1403.0,1935.0,2133.0,2307.0,2485.0,2739.0,2631.0,3956.0,3277.0,1063.0,1420.0,1966.0,2241.0,2307.0,2485.0,2783.0,2747.0,3814.0,3251.5,1076.0,1460.5,1986.0,2154.5,2331.5,2430.0,2775.0,2761.5,4184.0,3429.0,1114.0,1536.0,2127.0,2383.0,2449.0,2667.0,2886.0,2994.0,3814.0,3188.0,1016.0,1424.0,1961.0,2153.0,2227.0,2397.0,2734.0,2635.0,3756.0,3211.0,971.0,1333.0,1875.0,2071.0,2260.0,2257.0,2594.0,2596.0,3666.0,3211.0,1019.0,1341.0,1856.0,2099.0,2218.0,2250.0,2501.0,2609.0,3015.0,2540.0,704.0,980.0,1399.0,1544.0,1546.0,1796.0,2019.0,1912.0,4024.0,3397.0,1038.0,1405.5,1942.0,2128.5,2304.0,2397.5,2649.0,2700.0,3855.5,3269.5,955.5,1353.0,1920.5,2141.0,2270.0,2387.0,2633.0,2572.5,3595.0,3042.5,1033.0,1372.0,1870.0,2067.5,2207.0,2329.0,2536.5,2549.0,3664.0,3041.0,1100.0,1447.0,1956.0,2079.0,2246.0,2440.0,2626.0,2607.0,3568.0,2941.0,1043.0,1341.0,1824.0,2070.0,2087.0,2334.0,2581.0,2463.0,3530.0,2928.0,996.0,1317.0,1796.0,1845.0,2085.0,2278.0,2484.0,2510.0,3645.0,3002.0,1334.0,1671.0,2065.0,2276.0,2458.5,2625.5,2880.0,2893.5,3673.0,3176.0,1110.0,1448.0,1895.0,2130.0,2205.0,2330.0,2525.0,2495.0,3625.0,3017.0,940.0,1297.0,1780.0,1931.0,2133.0,2184.0,2508.0,2431.0,3352.0,3009.0,954.0,1250.0,1727.0,1931.0,2055.0,2232.0,2406.0,2508.0,2872.5,2271.0,735.5,979.0,1379.5,1526.0,1516.5,1692.5,1987.0,1866.0,3507.0,3009.0,954.0,1250.0,1727.0,1931.0,2055.0,2232.0,2406.0,2508.0,3605.0,3095.0,1135.0,1417.0,1850.0,2023.0,2169.0,2380.0,2574.0,2446.0,3528.0,2967.0,1072.0,1302.0,1650.0,1842.0,1934.0,2135.0,2372.0,2252.0,3341.0,2889.5,936.5,1172.0,1535.5,1717.5,1790.0,1986.0,2202.5,2176.0,2873.5,2393.5,802.0,1037.5,1402.0,1542.5,1634.5,1778.0,1934.5,1954.5,2791.0,2086.0,1583.0,1686.0,1820.0,1958.5,2069.0,2156.5,2609.5,2349.5,3398.0,2876.5,703.0,1077.0,1525.5,1710.0,1814.5,1905.5,2239.0,2175.5,3531.0,3005.0,1001.0,1266.0,1642.0,1851.0,2043.0,2240.0,2468.0,2318.0,3572.0,3080.0,776.0,1229.0,1642.0,1852.0,2043.0,2128.0,2519.0,2398.0,3482.0,2933.5,835.5,1190.0,1602.0,1765.0,2021.0,2236.5,2474.0,2385.5,3249.0,2681.0,730.0,1075.0,1368.0,1694.0,2009.0,2278.0,2479.0,2449.0,3258.0,2786.0,775.0,1096.0,1408.0,1694.0,2060.0,2297.0,2561.0,2511.0,3801.0,3135.5,858.0,1267.0,1669.5,1949.5,2308.5,2402.0,2761.5,2657.0,"{""type"":""MultiPoint"",""coordinates"":[]}"
3594,3,2741.0,2151.0,821.5,1047.0,1398.0,1567.0,1630.5,1751.0,1899.5,1924.5,2902.5,2457.0,843.5,1096.0,1483.0,1659.5,1726.5,1860.0,2034.0,2057.0,3141.0,2755.5,785.5,1125.5,1607.5,1806.5,1832.5,1965.5,2085.5,2149.0,236.5,220.0,481.5,602.0,693.0,792.5,587.5,659.0,612.5,516.5,391.0,343.5,561.0,708.5,835.5,976.5,846.0,924.0,862.5,839.0,646.0,467.0,566.0,840.0,687.5,1122.5,1173.5,1245.5,1183.0,1177.5,909.0,584.5,429.0,672.0,541.0,945.0,1353.0,1513.5,1526.5,1510.0,1020.0,573.5,270.0,504.5,334.5,800.0,1683.5,2040.0,1990.0,1997.0,1222.0,570.0,171.0,332.5,154.0,525.0,2188.0,3279.5,3260.5,3311.5,1224.5,536.5,125.5,291.0,137.5,477.5,2466.0,4107.0,4286.5,4274.5,1200.5,527.0,109.0,255.0,91.0,449.0,2481.0,4254.5,4381.0,4430.0,3368.0,2731.0,1867.0,1928.0,2219.5,2335.0,2346.0,2448.5,2718.5,2615.5,1140.5,484.5,162.0,275.5,127.0,413.0,2331.0,4134.0,4310.5,4342.0,1361.5,564.0,1231.0,1354.0,1066.5,1460.0,3081.5,4444.5,4612.5,4650.5,1448.0,670.5,1163.0,1320.0,980.0,1560.0,3086.5,4096.5,4184.5,4323.5,1541.0,735.0,824.5,1171.0,766.5,1696.5,3602.0,4547.5,4752.5,4770.0,1602.5,804.0,422.0,971.0,639.5,1694.0,3581.5,4364.5,4655.0,4618.5,1800.5,953.5,557.0,1123.5,905.0,1961.5,3454.0,4009.0,4254.0,4367.5,2665.0,1604.0,811.5,1514.0,1693.0,2794.0,3683.0,4136.5,4458.0,4595.0,3706.5,2430.0,1001.5,1486.5,2054.0,2874.0,3185.5,3547.5,3720.5,4017.0,5074.5,3335.5,1440.0,2060.0,3088.5,3602.5,3817.0,4156.5,4675.5,4731.5,0.0,0.0,0.0,0.0,0.0,0.0,0.0,0.0,0.0,0.0,0.0,0.0,0.0,0.0,0.0,0.0,0.0,0.0,0.0,0.0,0.0,0.0,0.0,0.0,0.0,0.0,0.0,0.0,0.0,0.0,0.0,0.0,0.0,0.0,0.0,0.0,0.0,0.0,0.0,0.0,4023.5,3013.0,1097.0,1387.5,1805.5,2028.5,2141.0,2319.0,2567.0,2582.5,0.0,0.0,0.0,0.0,0.0,0.0,0.0,0.0,0.0,0.0,3923.5,3024.0,991.0,1265.5,1681.0,1923.0,1990.0,2160.0,2433.0,2415.0,0.0,0.0,0.0,0.0,0.0,0.0,0.0,0.0,0.0,0.0,0.0,0.0,0.0,0.0,0.0,0.0,0.0,0.0,0.0,0.0,3312.5,2633.0,958.5,1197.0,1613.0,1800.0,1862.0,2016.0,2215.0,2232.5,3619.5,2952.5,994.5,1278.0,1691.5,1888.5,1958.0,2093.0,2351.0,2360.5,2545.5,2181.5,566.5,745.0,1061.0,1202.0,1311.0,1446.0,1563.5,1617.0,1744.5,1320.5,605.5,702.0,904.5,1020.0,1059.0,1139.0,1272.0,1271.5,2635.5,2233.0,953.0,1079.0,1310.0,1469.5,1603.0,1737.5,1879.0,1880.5,2827.0,2342.5,737.5,1002.5,1365.0,1534.0,1637.5,1742.0,1916.0,1936.5,"{""type"":""MultiPoint"",""coordinates"":[]}"
3605,2,1946.5,1648.0,1053.5,1081.0,1072.5,1188.0,1202.0,1259.0,1337.5,1343.5,2921.5,2817.0,1148.0,1324.5,1501.0,1657.0,1711.5,1817.0,1895.5,1938.0,2989.0,2906.0,1182.0,1347.0,1527.0,1701.0,1748.0,1878.0,1929.0,1970.0,2863.0,2765.0,1095.0,1292.5,1451.5,1609.0,1750.0,1845.0,1917.5,1936.0,2922.5,2789.5,1105.0,1307.0,1426.0,1657.0,1926.5,2033.5,2086.5,2186.0,2938.5,2677.5,1065.5,1281.5,1362.5,1643.5,2132.0,2312.5,2371.0,2429.5,2885.0,2516.0,1015.5,1252.5,1300.5,1626.0,2283.0,2490.0,2556.5,2602.5,2693.0,2179.0,868.5,1180.0,1064.5,1589.5,2382.0,2616.5,2822.0,2768.5,2528.5,1866.5,624.0,949.5,770.0,1445.0,2925.0,3401.0,3511.5,3538.0,2304.5,1531.0,492.0,787.5,627.5,1188.0,2921.0,3511.5,3662.0,3687.5,2263.5,1276.5,426.0,786.0,523.0,1235.5,3721.0,4557.5,4590.0,4638.5,2394.0,2200.5,1278.5,1332.5,1383.5,1482.0,1471.0,1551.0,1648.5,1638.5,2327.0,1275.5,405.5,770.5,466.0,1232.0,4009.5,5051.5,5030.5,5001.5,2297.5,1247.5,376.5,764.0,461.5,1236.5,4098.5,4957.5,5065.0,5140.5,2332.5,1342.5,535.0,861.5,652.0,1374.5,3902.0,4603.0,4875.0,4981.5,2138.5,1303.0,489.5,829.0,552.0,1287.5,3832.0,4628.0,4767.0,4759.5,2101.0,1231.0,456.0,790.5,541.5,1212.5,3547.0,4182.5,4454.0,4491.5,2101.0,1256.5,492.5,770.0,608.5,1188.0,3113.0,3843.5,3975.0,4018.0,2032.5,1222.0,536.5,782.5,648.5,1198.5,2891.0,3440.5,3621.0,3765.0,2711.0,1821.5,823.5,1034.5,1293.0,1749.5,2108.5,2384.0,2603.0,2716.5,2957.0,2053.0,884.5,1176.0,1743.0,2248.0,2456.0,2705.5,2974.5,3202.0,3579.0,2602.5,768.5,1107.0,1664.5,2154.5,2456.5,2716.5,2977.5,3268.0,2239.0,2115.0,743.0,879.5,1024.0,1128.5,1137.5,1241.0,1337.5,1356.0,3545.0,2668.0,787.5,1058.5,1570.5,1966.0,2179.5,2401.0,2654.5,2931.0,2492.0,2365.0,694.0,873.0,1055.0,1130.0,1200.5,1303.0,1385.0,1438.0,2722.5,2753.5,775.5,889.0,1059.0,1142.0,1163.0,1300.5,1390.5,1417.5,2722.5,2753.5,775.5,889.0,1059.0,1142.0,1163.0,1300.5,1390.5,1417.5,3138.5,3053.5,2273.0,2188.0,2249.5,2313.5,2299.0,2332.5,2525.5,2380.5,3604.5,3688.5,3740.5,3328.0,3213.5,3268.0,3170.5,3149.5,3466.0,3098.0,2718.5,2615.0,907.5,1095.0,1284.5,1394.0,1438.0,1520.0,1615.5,1664.5,2604.5,2565.5,876.5,1013.0,1197.0,1314.5,1354.0,1424.5,1515.0,1594.5,2417.5,2426.5,836.0,974.5,1141.5,1245.0,1260.5,1337.5,1448.5,1484.0,2466.5,2449.5,879.0,1028.0,1199.0,1260.5,1320.5,1407.0,1524.5,1509.0,2574.0,2551.0,917.5,1041.0,1215.0,1302.5,1332.5,1451.0,1530.0,1556.5,2598.0,2524.0,931.0,1081.5,1258.0,1343.0,1378.5,1487.0,1556.0,1605.0,2770.0,2688.5,974.5,1190.5,1380.5,1482.5,1540.0,1618.0,1715.0,1736.5,"{""type"":""MultiPoint"",""coordinates"":[]}"
3620,61,1798.0,1852.0,508.0,601.5,692.0,735.0,761.5,823.0,915.5,921.0,3086.5,3014.0,811.0,1055.0,1292.5,1402.5,1421.0,1512.0,1635.0,1685.5,3358.5,3239.0,897.5,1128.0,1366.0,1466.5,1501.5,1614.5,1750.0,1772.5,3213.5,3131.5,894.0,1120.5,1340.0,1472.5,1505.0,1609.5,1722.5,1763.5,2983.0,2998.0,772.0,959.5,1219.0,1341.5,1413.5,1518.5,1617.5,1679.0,2739.0,2806.0,787.0,943.0,1132.0,1238.5,1261.5,1370.5,1485.5,1492.0,2758.0,2807.0,810.0,990.5,1192.5,1280.0,1317.0,1399.0,1522.0,1537.0,2770.0,2811.5,882.0,1037.0,1202.5,1299.5,1331.0,1415.5,1549.0,1549.5,2789.5,2852.0,895.0,1044.5,1228.0,1332.5,1365.0,1448.5,1523.0,1568.5,2811.5,2872.0,908.5,1065.0,1260.0,1394.5,1365.0,1442.0,1526.5,1585.0,2810.5,2816.5,930.5,1108.5,1286.0,1412.5,1436.5,1503.5,1550.5,1643.0,1937.5,1951.0,601.0,700.0,813.0,888.0,904.5,959.0,1023.0,1018.0,2739.5,2767.5,925.0,1082.5,1251.0,1369.5,1380.0,1461.5,1474.0,1571.0,2712.5,2730.5,919.5,1060.5,1229.5,1313.5,1343.0,1438.5,1481.5,1535.5,2748.5,2730.5,984.5,1174.0,1425.0,1607.5,1453.5,1548.5,1534.5,1669.0,2744.0,2712.5,1070.0,1242.0,1461.5,1631.5,1577.0,1691.5,1775.0,1801.0,2671.5,2711.5,996.0,1118.5,1279.0,1386.0,1401.5,1493.5,1532.5,1577.0,2616.0,2687.5,891.5,1052.5,1220.5,1318.5,1335.0,1425.5,1485.5,1521.5,2795.0,2692.5,1098.0,1230.0,1372.5,1498.5,1519.0,1645.5,1663.5,1752.0,2956.0,2880.5,925.0,1069.5,1246.0,1380.5,1412.0,1533.0,1608.0,1658.5,2968.0,2899.5,800.0,976.5,1191.0,1320.0,1360.0,1477.5,1578.5,1630.0,2325.0,2279.0,600.5,676.5,792.0,899.5,929.0,979.0,1067.5,1120.5,1903.5,1905.5,439.5,562.0,697.0,750.5,785.0,844.5,949.5,927.0,2492.0,2379.0,600.5,714.0,873.0,983.0,1010.5,1081.5,1156.5,1218.0,3659.5,3489.5,2276.5,2297.0,2393.5,2479.0,2435.5,2550.5,2646.5,2660.0,2334.5,2418.0,590.0,703.0,834.5,911.5,949.0,1047.0,1146.0,1148.5,2013.5,2015.0,607.5,733.5,874.5,951.0,998.0,1086.5,1172.0,1198.0,1869.5,1759.5,889.5,913.0,944.0,1002.0,1019.5,1122.0,1131.0,1215.0,209.0,167.0,231.5,147.5,123.0,111.5,109.0,132.0,140.0,147.0,2303.0,2245.5,576.0,687.5,818.5,905.0,919.0,985.0,1062.0,1090.5,2118.5,2174.0,536.5,628.0,776.0,871.0,846.0,931.0,1000.5,1049.0,2340.0,2386.0,547.0,724.5,897.5,964.5,986.0,1059.5,1205.5,1209.5,2719.0,2671.0,702.0,881.5,1087.5,1180.5,1217.5,1319.0,1399.5,1452.5,2648.0,2548.5,667.0,826.5,992.5,1066.5,1111.5,1188.5,1295.5,1316.5,2790.5,2700.0,672.0,879.0,1076.5,1178.5,1223.5,1313.0,1433.0,1464.0,3166.0,3033.0,796.0,1023.0,1267.0,1407.0,1406.5,1509.5,1622.0,1665.5,"{""type"":""MultiPoint"",""coordinates"":[]}"
3731,3,874.0,711.0,890.0,886.5,944.5,1056.0,1056.5,1103.5,1141.5,1165.5,3011.5,2889.5,851.5,1108.0,1387.5,1532.5,1596.5,1706.0,1877.5,1868.5,0.0,0.0,0.0,0.0,0.0,0.0,0.0,0.0,0.0,0.0,4221.0,4108.0,1215.0,1577.0,2026.0,2236.0,2333.0,2476.0,2669.0,2703.0,122.0,145.0,284.5,431.5,520.5,643.0,518.0,578.0,565.5,494.5,210.0,166.0,237.0,333.0,396.0,503.0,509.0,578.0,583.0,576.0,1140.5,662.5,563.0,940.0,652.5,1340.0,2059.0,2202.5,2252.0,2187.0,1429.0,749.5,339.5,658.0,320.0,980.5,2552.5,2898.5,3030.0,2942.0,1639.5,780.0,304.5,534.0,242.0,752.5,2843.0,3776.0,3987.0,3925.0,1321.0,561.0,126.0,304.0,123.0,447.0,2586.0,4256.0,4519.0,4434.0,1258.5,525.0,220.5,333.0,160.5,453.0,2544.0,4476.5,4668.0,4639.5,1995.0,1469.0,448.0,673.0,844.0,979.0,1051.0,1113.0,1324.0,1274.0,1185.5,481.5,203.0,300.0,123.5,384.5,2427.0,4584.0,4856.0,4887.5,1384.0,549.5,1268.0,1405.0,1174.5,1406.0,2971.0,4619.5,4922.0,4918.0,1363.5,558.0,1133.5,1254.0,987.5,1327.0,2873.0,4501.5,4701.5,4845.0,1318.5,556.0,817.0,1040.5,654.5,1258.5,3264.0,4716.5,5043.0,5036.5,1353.0,622.5,192.0,631.5,304.0,1060.0,3311.0,4586.5,4947.5,4863.5,1415.5,655.5,261.0,665.5,374.0,1128.0,3274.5,4395.0,4683.5,4729.5,1482.5,702.5,277.0,671.5,431.5,1188.5,3204.5,4109.0,4488.0,4465.5,1757.0,901.0,373.0,835.0,647.0,1576.0,3315.0,4011.0,4413.0,4455.0,3687.5,2468.0,797.0,1392.0,1661.0,2538.5,3414.0,3772.0,4253.5,4254.5,0.0,0.0,0.0,0.0,0.0,0.0,0.0,0.0,0.0,0.0,0.0,0.0,0.0,0.0,0.0,0.0,0.0,0.0,0.0,0.0,747.0,498.0,350.0,365.0,426.0,456.0,508.0,564.0,620.0,595.0,3577.0,2649.0,1114.0,1378.0,1786.0,2091.0,2142.0,2297.0,2411.0,2550.0,3887.0,2930.0,988.5,1286.5,1692.0,1957.5,2091.5,2212.0,2459.0,2482.0,2590.0,2237.0,1501.5,1562.0,1674.0,1803.5,1851.0,1957.0,2030.5,2052.0,2065.0,1740.0,410.0,585.0,867.0,1030.0,1052.0,1172.0,1353.0,1311.0,0.0,0.0,0.0,0.0,0.0,0.0,0.0,0.0,0.0,0.0,524.0,464.0,376.0,379.0,406.0,459.0,491.0,526.0,489.0,561.0,2138.0,1586.0,540.0,714.0,924.0,1100.0,1163.0,1275.0,1423.0,1406.0,3452.5,2978.0,1023.5,1341.5,1663.0,1845.0,1937.5,2053.0,2273.5,2251.0,4274.0,3956.0,1556.0,1944.0,2314.0,2470.0,2569.0,2699.0,2984.0,2900.0,3306.0,2770.0,894.0,1176.0,1550.0,1692.0,1829.0,1944.0,2137.0,2124.0,2599.5,2484.0,688.5,885.5,1131.5,1217.5,1309.5,1418.0,1580.5,1554.0,2901.0,2733.0,719.0,981.0,1263.0,1404.0,1468.0,1609.0,1741.0,1734.0,"{""type"":""MultiPoint"",""coordinates"":[]}"
3800,69,1410.0,1187.0,217.0,331.0,356.0,600.0,828.0,909.0,1022.0,1053.0,2677.0,2143.5,639.0,896.5,1072.5,1405.5,1781.5,1963.0,2132.0,2170.5,2900.5,2195.0,1115.0,1589.0,1709.0,2125.5,2898.0,3167.0,3260.0,3330.5,2511.0,1953.0,546.0,877.0,865.0,1345.0,2333.0,2662.0,2778.0,2847.0,2402.0,1711.0,477.0,891.0,802.0,1426.0,2815.0,3208.0,3363.0,3423.0,2391.5,1731.0,454.0,806.5,720.0,1329.5,2754.5,3215.0,3303.0,3414.5,2358.5,1634.5,438.5,775.5,656.0,1258.0,2848.0,3376.0,3500.5,3504.0,2341.0,1584.5,366.0,714.0,592.5,1196.0,2869.0,3454.0,3557.0,3643.0,2301.5,1572.0,376.0,692.5,606.0,1164.5,2765.0,3389.5,3503.5,3578.5,2238.0,1469.0,370.0,663.0,613.0,1146.0,2731.0,3265.0,3492.0,3523.0,2273.0,1511.5,342.5,622.0,550.0,1105.0,2696.5,3333.5,3470.5,3599.0,1813.0,1440.0,195.0,428.0,413.0,761.0,1358.0,1444.0,1646.0,1651.0,2235.0,1546.0,367.0,610.0,552.0,1072.0,2503.0,3155.0,3316.0,3378.0,2241.0,1426.5,1449.5,1579.0,1443.5,1871.0,2916.0,3383.0,3552.0,3615.5,2456.5,1604.0,2013.5,2083.0,2040.5,2366.5,2970.5,3310.0,3406.5,3562.5,2162.0,1396.0,831.5,1020.5,893.5,1453.0,2587.5,3051.0,3273.0,3340.5,2101.0,1406.0,398.0,671.0,650.0,1241.0,2350.0,2817.0,3107.0,3203.0,2155.5,1431.5,427.5,698.0,718.0,1277.5,2212.5,2580.5,2841.0,2998.5,2459.5,1691.0,428.0,687.5,778.0,1323.0,2069.5,2445.5,2722.0,2902.5,3068.0,2260.0,674.0,1013.0,1480.0,2042.0,2623.0,2937.0,2889.0,3218.0,2400.0,1721.0,417.0,681.5,854.0,1302.0,1823.5,2103.0,2432.5,2561.0,3704.0,3623.0,3186.0,3042.0,3315.0,3978.0,4348.0,4663.0,3622.0,4811.0,688.0,422.0,377.0,391.0,276.0,497.0,920.0,1037.0,1074.0,1079.0,0.0,0.0,0.0,0.0,0.0,0.0,0.0,0.0,0.0,0.0,0.0,0.0,0.0,0.0,0.0,0.0,0.0,0.0,0.0,0.0,1596.0,1059.0,162.0,348.0,327.0,730.0,1158.0,1314.0,1455.0,1502.0,1627.0,1081.0,325.0,454.0,384.0,799.0,1420.0,1659.0,1753.0,1848.0,1396.5,910.0,116.5,292.5,229.5,583.5,1336.0,1517.5,1671.0,1716.0,0.0,0.0,0.0,0.0,0.0,0.0,0.0,0.0,0.0,0.0,0.0,0.0,0.0,0.0,0.0,0.0,0.0,0.0,0.0,0.0,1655.0,1029.0,203.0,420.0,246.0,767.0,2436.0,2834.0,3014.0,2994.0,1791.0,1107.0,219.5,484.0,317.0,889.5,2572.0,3062.0,3346.0,3302.5,1955.0,1263.0,349.0,604.0,472.0,1067.0,2376.0,2886.0,3170.0,3162.0,1700.0,1156.5,639.0,841.5,712.5,1187.0,2132.0,2401.5,2704.5,2587.5,2521.0,2073.0,566.0,777.0,1009.0,1218.0,1383.0,1511.0,1744.0,1727.0,2736.0,2175.0,625.0,867.0,1119.0,1394.0,1601.0,1767.0,1934.0,2000.0,"{""type"":""MultiPoint"",""coordinates"":[]}"
3852,75,1966.0,1368.0,455.5,781.5,870.5,1468.5,1827.0,2018.0,2241.0,2324.5,2519.0,1861.5,623.0,956.0,1024.0,1447.5,2708.5,3116.0,3329.0,3288.5,2677.0,1977.5,652.0,983.0,1046.0,1538.0,2841.0,3296.0,3526.5,3496.5,2754.5,2042.5,695.5,1032.5,1096.0,1569.0,2858.0,3344.5,3585.5,3547.0,2679.0,1966.5,699.0,1029.5,1082.5,1538.0,2754.5,3212.0,3395.0,3421.5,2600.0,1937.0,688.0,999.0,1057.0,1524.0,2653.0,3069.0,3233.0,3267.0,2702.0,1980.0,721.5,1069.5,1167.5,1619.0,2789.0,3196.5,3450.5,3417.0,2849.0,2070.0,812.0,1177.0,1267.0,1725.0,2897.0,3400.0,3642.0,3599.0,2849.0,2081.0,803.0,1192.0,1274.0,1725.0,2897.0,3400.0,3642.0,3616.0,2958.5,2138.0,826.0,1178.0,1276.0,1800.5,2966.0,3428.5,3575.0,3644.0,3007.0,2180.0,816.5,1195.0,1314.0,1838.0,2906.0,3368.5,3558.5,3595.0,2388.0,1918.0,550.5,764.5,1034.0,1308.5,1543.5,1718.0,1927.5,1993.5,3020.5,2206.0,786.0,1185.5,1325.0,1869.5,2871.5,3353.5,3503.5,3632.5,2948.5,2116.0,809.5,1155.5,1317.5,1849.5,2835.0,3235.5,3461.5,3550.5,2896.0,2027.0,815.0,1145.0,1253.0,1766.0,2775.0,3201.0,3342.0,3533.0,2868.0,2009.0,695.0,1137.0,1268.0,1871.0,2668.0,3029.0,3234.0,3318.0,2701.5,1906.0,694.5,1061.0,1259.5,1756.5,2530.5,2878.5,3092.0,3140.5,2551.0,1934.0,719.0,1054.0,1207.0,1603.0,2385.0,2707.0,2930.0,2930.0,2426.0,1841.0,726.0,1054.0,1207.0,1603.0,2368.0,2671.0,2867.0,2936.0,2335.5,1711.0,669.0,937.0,1093.0,1477.0,2268.5,2542.5,2799.5,2817.5,2257.0,1771.0,727.0,1009.0,1155.0,1465.0,2190.0,2488.0,2795.0,2771.0,1778.5,1264.0,399.0,629.0,671.5,1093.0,1959.0,2343.5,2434.5,2550.0,1999.5,1508.0,511.0,662.5,879.0,1111.5,1315.0,1452.0,1699.0,1689.0,1753.0,1225.0,370.0,636.0,683.0,1080.0,2065.0,2464.0,2610.0,2640.0,5515.0,5234.0,4272.0,4378.0,4511.0,4926.0,5215.0,5264.0,5392.0,5373.0,1711.5,1215.5,403.5,625.5,642.0,1066.0,1989.5,2271.5,2490.0,2488.0,1828.0,1317.0,447.0,695.0,703.0,1192.0,2113.0,2416.0,2601.0,2652.0,1370.0,843.0,225.5,472.0,475.5,968.5,1705.5,1950.0,2160.5,2187.0,0.0,0.0,0.0,0.0,0.0,0.0,0.0,0.0,0.0,0.0,2313.0,1972.0,526.0,767.0,984.0,1293.0,1527.0,1657.0,1883.0,1852.0,2610.0,2325.0,688.0,928.0,1162.0,1473.0,1691.0,1871.0,2009.0,2069.0,2651.0,2167.0,799.5,1077.0,1309.5,1676.0,2059.0,2219.0,2385.5,2418.5,2362.5,1865.5,624.0,891.5,992.0,1467.5,2090.0,2317.0,2476.5,2502.5,2214.0,1653.5,550.5,798.5,825.0,1325.5,2132.0,2384.0,2562.5,2573.5,2425.0,1834.0,603.0,881.0,927.0,1352.0,2391.0,2704.0,2966.0,2867.0,2425.0,1786.0,592.0,881.0,931.0,1352.0,2536.0,2907.0,3197.0,3087.0,"{""type"":""MultiPoint"",""coordinates"":[]}"
3995,24,2094.5,1754.0,619.5,818.5,1046.0,1148.0,1211.5,1285.0,1364.0,1381.5,3089.5,2266.0,867.0,1280.0,1596.5,1990.5,2486.0,2750.0,2989.0,2977.0,3322.0,2479.0,1087.0,1470.0,1867.0,2272.5,2620.5,2840.0,3067.5,3083.0,3690.5,2789.5,1122.5,1612.5,2184.0,2530.5,2743.0,2934.0,3154.0,3189.5,3821.0,2908.0,1211.0,1682.0,2286.0,2619.0,2795.0,2975.0,3213.0,3253.0,3880.0,2917.0,1243.0,1779.0,2456.0,2754.0,2901.0,3070.0,3279.0,3348.0,3953.0,2988.0,1251.0,1830.0,2498.0,2813.0,2905.0,3126.0,3279.0,3365.0,3953.0,3018.0,1290.0,1874.0,2542.0,2847.0,2968.0,3147.0,3323.0,3358.0,3979.0,3016.0,1287.0,1839.0,2542.0,2858.0,2986.0,3147.0,3260.0,3358.0,4059.5,3083.0,1272.5,1860.0,2567.0,2933.5,3016.5,3208.5,3262.5,3399.5,4056.0,3078.0,1259.5,1897.0,2602.5,2940.0,3059.5,3249.0,3298.0,3416.5,2328.0,2025.0,773.0,1019.0,1249.5,1374.0,1408.5,1491.0,1572.0,1561.5,4093.0,3109.5,1291.5,1901.5,2617.0,2967.0,3098.5,3301.0,3341.5,3463.0,3990.0,2999.0,1257.0,1870.0,2566.0,2949.0,3021.0,3226.0,3326.0,3434.0,4012.0,2973.0,1174.0,1779.0,2536.0,2916.0,3021.0,3248.0,3303.0,3434.0,3859.0,2835.0,1144.0,1729.0,2465.0,2773.0,2969.0,3138.0,3261.0,3346.0,3732.0,2776.0,1160.0,1721.0,2392.0,2723.0,2820.0,3066.0,3121.0,3223.0,3674.5,2746.0,1110.0,1676.5,2349.0,2663.0,2807.0,2975.5,3119.0,3189.5,3642.0,2659.0,1157.0,1663.0,2285.0,2637.0,2737.0,2896.0,3116.0,3137.0,3570.5,2654.0,1066.0,1577.5,2262.5,2574.5,2723.5,2898.5,3131.5,3116.5,3362.0,2550.0,1021.0,1495.0,2131.0,2392.0,2544.0,2692.0,2978.0,2934.0,1746.5,1385.5,527.0,738.5,956.5,1073.0,1107.5,1205.5,1231.5,1265.0,2255.0,1931.0,663.0,976.0,1275.0,1405.0,1449.0,1539.0,1631.0,1589.0,2483.5,2028.5,784.0,1095.0,1399.5,1600.5,1636.0,1740.5,1773.5,1845.0,2735.5,2292.5,884.0,1195.0,1494.0,1668.0,1737.0,1847.0,1936.0,1948.5,2332.0,1967.0,720.0,1001.0,1228.0,1355.0,1410.0,1495.0,1525.0,1565.0,2378.0,2114.5,744.5,1007.5,1229.5,1361.0,1431.5,1497.5,1531.0,1575.0,1920.0,1644.0,515.0,715.0,928.0,1043.0,1083.0,1168.0,1283.0,1246.0,0.0,0.0,0.0,0.0,0.0,0.0,0.0,0.0,0.0,0.0,3559.0,3130.0,1140.0,1615.0,1988.0,2205.0,2288.0,2410.0,2572.0,2528.0,3701.0,3356.0,1229.0,1686.0,2023.0,2291.0,2390.0,2517.0,2594.0,2631.0,4072.5,3521.5,2198.0,2525.5,2737.0,3028.5,3299.5,3418.5,3650.5,3492.0,2773.0,2062.0,815.0,1184.0,1278.0,1726.0,2541.0,2712.0,2909.0,2820.0,2457.0,1567.0,695.0,1063.0,881.0,1494.0,2541.0,2743.0,2985.0,2855.0,2458.0,1568.0,648.0,1011.0,878.0,1439.5,2813.5,3247.0,3463.0,3411.5,2682.0,1876.0,735.0,1079.5,1155.0,1564.5,2484.5,2807.0,3022.5,3000.0,"{""type"":""MultiPoint"",""coordinates"":[]}"
4202,36,1280.5,746.5,546.5,830.5,1283.5,1529.5,1691.5,1862.5,1988.0,2121.5,2234.0,1394.5,638.0,953.0,1098.0,1602.5,2659.5,2934.0,3092.0,3125.5,2402.0,1615.0,800.5,1154.5,1217.5,1755.0,3052.5,3368.5,3550.5,3495.0,2021.0,1059.5,383.0,782.0,571.5,1323.5,3748.5,4322.0,4480.5,4443.5,1740.0,868.0,469.0,770.0,441.0,1147.0,4147.0,4961.0,5040.5,5029.0,1783.0,792.0,168.0,550.5,203.0,1009.5,4501.5,5524.5,5755.5,5667.0,1828.0,807.0,205.0,509.5,184.0,897.5,4413.0,5644.5,5943.0,5755.0,1797.0,833.0,232.0,551.5,302.5,1057.0,3962.0,4958.5,5230.5,5282.0,1892.0,914.5,344.5,615.5,426.0,1072.5,3387.5,4203.5,4569.5,4574.0,3515.0,2419.5,848.5,1242.5,1799.0,2215.5,2526.5,2768.5,2982.5,3089.5,2859.5,2034.5,713.0,1031.0,1384.5,1822.0,2287.0,2506.0,2640.0,2785.0,2176.5,1767.5,898.5,1134.0,1485.0,1673.0,1823.0,1941.0,2070.0,2094.0,2095.0,1129.0,530.5,776.5,607.5,1205.5,3408.0,3931.0,4096.5,4122.0,2157.5,922.0,905.5,1056.0,746.0,1272.0,4266.0,5294.5,5492.5,5583.5,2721.5,1892.0,2703.5,2603.0,2440.0,2620.5,3006.0,3332.5,3234.0,3327.0,2426.5,1627.0,1147.5,1257.5,1312.0,1677.5,2374.5,2638.0,2723.0,2836.5,2000.0,1143.5,415.5,714.5,584.5,1165.5,3074.0,3473.0,3628.5,3611.0,1836.5,796.0,260.5,518.0,258.0,889.0,3887.0,4617.0,4683.5,4731.5,1829.5,784.0,152.0,424.5,176.0,788.0,3887.0,4764.0,4968.0,4917.0,1824.5,827.0,200.5,452.0,202.5,797.5,3679.5,4551.5,4691.5,4654.0,2485.5,1416.5,502.0,749.5,694.5,1281.0,2750.0,3257.5,3526.0,3619.5,0.0,0.0,0.0,0.0,0.0,0.0,0.0,0.0,0.0,0.0,2056.0,1697.5,5297.0,5478.5,5852.0,6145.5,6088.5,5997.0,6099.0,6012.5,3015.0,2005.0,976.5,1275.0,1647.0,2196.0,2796.5,3048.5,3288.0,3379.0,2642.5,2168.0,1833.5,1945.5,2135.0,2453.5,2743.0,2904.5,2954.5,3052.5,2652.5,1824.5,853.5,1123.5,1470.5,1864.5,2364.0,2576.5,2804.5,2865.0,2811.0,1908.0,760.5,1077.5,1485.0,1918.0,2391.0,2628.5,2828.5,2934.0,2738.0,1824.0,755.5,1032.5,1505.5,1917.0,2439.0,2644.0,2899.0,2964.5,711.5,809.0,9743.0,9703.0,9729.0,9948.0,9620.0,9373.5,9294.5,8804.0,1011.5,917.0,2593.5,2576.5,2645.0,2795.0,2807.5,2772.0,2872.5,2840.5,1402.5,1229.0,3304.0,3106.5,3106.0,3221.0,3144.5,3142.5,3232.0,3116.5,2349.5,1935.5,720.0,980.5,1308.5,1490.5,1635.0,1744.0,1879.0,1912.5,2475.0,2097.5,845.5,1043.0,1361.0,1536.0,1671.0,1753.0,1891.0,1920.5,0.0,0.0,0.0,0.0,0.0,0.0,0.0,0.0,0.0,0.0,2327.0,1901.0,1117.5,1228.5,1432.0,1624.0,1774.5,1879.5,2006.5,1972.0,2688.5,2056.5,798.5,1105.0,1407.0,1761.5,2261.0,2438.0,2582.5,2638.0,"{""type"":""MultiPoint"",""coordinates"":[]}"
4443,75,1663.0,1101.0,289.0,476.0,572.0,776.0,973.0,1106.0,1318.0,1392.0,1543.0,812.0,310.0,524.0,383.0,780.0,2182.0,2569.0,2828.0,2802.0,1534.0,778.0,272.0,528.0,383.0,800.0,2365.0,2744.0,2972.0,2916.0,1739.5,914.0,296.0,552.0,398.0,874.0,2452.0,2933.0,3131.5,3141.0,1967.0,1030.0,347.0,645.0,486.0,978.0,2645.0,3148.0,3349.0,3313.0,1834.5,951.5,356.0,630.0,462.5,1010.0,2575.5,3004.5,3186.0,3229.0,1868.5,1017.0,365.5,650.0,490.5,993.5,2454.0,2874.0,3021.0,3071.5,1903.0,996.0,362.5,665.0,502.5,1045.5,2547.0,2936.0,3063.0,3152.5,1899.0,1008.5,420.0,692.0,535.0,1101.0,2308.0,2666.0,2803.5,2933.0,1750.0,1036.0,408.0,635.0,538.0,1014.0,2357.0,2682.0,2816.0,2924.0,1886.5,1038.5,392.5,722.0,584.0,1165.0,2249.5,2589.0,2759.0,2817.0,1801.0,1285.5,264.0,391.5,490.5,674.0,853.5,981.0,1170.5,1213.5,2016.0,1114.0,432.0,746.0,609.0,1218.0,2411.0,2802.0,2881.0,3058.0,1877.0,1093.0,429.5,693.5,594.5,1086.0,2099.5,2441.0,2664.5,2691.5,2013.5,1160.5,797.5,1050.5,977.5,1444.5,2240.5,2536.5,2622.5,2758.0,2051.0,1219.5,846.0,996.5,912.0,1330.0,2118.0,2373.5,2552.0,2635.5,1944.0,1219.0,518.0,699.0,741.0,1063.0,1666.0,1850.0,2084.0,2136.0,2394.5,1615.5,621.0,849.5,953.5,1313.5,1763.0,2006.5,2177.5,2308.0,2921.0,2186.5,670.0,915.5,1225.5,1483.5,1682.0,1823.0,2052.5,2119.5,3439.0,3253.0,874.0,1141.0,1505.0,1823.0,1910.0,2098.0,2299.0,2327.0,3316.5,2810.0,737.0,1086.5,1484.0,1708.0,1816.0,1940.0,2183.0,2187.5,2553.0,1965.0,1740.0,1657.0,1658.0,1680.0,1756.0,1889.0,2330.0,2007.0,1374.0,811.0,558.0,684.0,853.0,941.0,1005.0,1025.0,1193.0,1211.0,2998.0,2551.0,673.0,992.0,1338.0,1564.0,1634.0,1774.0,1845.0,1941.0,2098.0,1867.0,405.0,544.0,761.0,845.0,904.0,994.0,1113.0,1131.0,2452.0,2214.0,415.0,658.0,919.0,1042.0,1098.0,1223.0,1374.0,1371.0,2441.0,2239.0,542.0,738.0,968.0,1104.0,1171.0,1260.0,1329.0,1384.0,3118.0,2538.0,439.0,731.0,1239.0,1393.0,1668.0,1750.0,2176.0,2257.0,0.0,0.0,0.0,0.0,0.0,0.0,0.0,0.0,0.0,0.0,1027.0,725.5,229.0,256.5,299.0,426.0,567.5,641.0,765.0,794.5,1687.0,1165.5,377.0,474.0,572.0,842.0,1161.0,1276.0,1461.0,1517.5,1632.0,1059.0,498.0,635.0,740.0,1064.0,1500.0,1645.0,1886.0,1894.0,1830.0,1146.0,379.0,626.0,565.0,1103.0,2019.0,2232.0,2479.0,2458.0,1502.5,782.5,180.0,485.0,299.0,867.0,2151.5,2386.5,2623.0,2580.0,1583.0,814.0,251.5,489.5,304.5,824.5,2241.5,2606.0,2815.5,2741.5,1732.0,898.0,311.0,567.0,405.0,899.0,2480.0,2970.0,3134.0,3121.0,"{""type"":""MultiPoint"",""coordinates"":[]}"
4494,75,2703.0,2345.0,651.0,898.0,1251.5,1463.0,1560.0,1677.5,1813.0,1813.5,3932.0,3475.0,1094.0,1539.5,2161.5,2393.5,2365.0,2518.0,2678.0,2693.5,3972.5,3390.0,1066.0,1568.0,2209.0,2447.0,2386.5,2510.0,2694.5,2716.0,4165.0,3618.5,1220.0,1722.0,2417.5,2630.0,2628.5,2766.5,2922.5,2921.5,4234.5,3697.5,1284.0,1798.5,2503.5,2730.0,2704.0,2843.0,2992.0,2992.0,4318.5,3812.0,1308.5,1800.0,2500.5,2751.0,2766.0,2885.5,3072.0,3075.0,4343.5,3924.0,1328.0,1802.0,2508.0,2728.5,2769.5,2897.5,3070.0,3107.0,4418.5,3943.0,1328.0,1828.5,2571.0,2842.5,2807.5,2956.5,3152.0,3145.0,4421.0,3983.0,1352.5,1882.5,2610.5,2891.0,2819.0,2997.5,3088.0,3171.5,4456.0,3978.5,1359.5,1868.0,2608.5,2894.5,2833.0,3005.5,3058.0,3174.0,4405.0,3908.5,1329.5,1863.0,2600.0,2884.5,2833.0,3018.5,3070.0,3191.0,2978.0,2617.5,1329.5,1495.5,1761.5,1902.5,1919.0,2000.0,2084.0,2147.5,4421.0,3923.5,1343.5,1869.5,2577.0,2874.0,2834.5,3019.5,3071.5,3182.5,4378.0,3880.0,1308.0,1839.0,2574.5,2866.5,2854.0,3010.5,3093.5,3178.0,4019.0,3596.5,1284.0,1801.5,2442.5,2694.5,2822.0,3001.5,3093.5,3153.5,4019.0,3496.5,1210.5,1659.0,2242.5,2582.0,2703.5,2827.0,2953.5,3041.5,4073.5,3465.0,1211.5,1657.5,2259.5,2542.0,2617.0,2831.0,2911.0,2981.0,4034.0,3437.5,1142.5,1656.5,2259.5,2542.0,2616.5,2773.5,2911.0,2946.5,3822.0,3374.0,1135.5,1604.5,2187.0,2457.0,2560.0,2735.5,2857.0,2909.5,3775.5,3365.0,1171.0,1623.0,2191.5,2457.0,2560.0,2746.5,2875.0,2914.5,3784.5,3382.5,1113.5,1512.0,2079.5,2321.5,2451.5,2608.0,2774.0,2758.0,3757.5,3281.5,977.5,1397.0,1998.0,2252.5,2371.5,2542.0,2687.5,2707.0,2946.5,2443.5,653.5,928.5,1570.5,1853.0,2024.0,2284.5,2712.0,2886.5,4056.5,3473.5,1072.5,1566.0,2132.0,2538.0,2660.5,2786.0,2806.0,2979.0,3715.0,3173.5,1087.5,1503.0,1992.5,2317.5,2437.5,2586.5,2722.0,2742.5,5084.0,4546.5,3337.5,3555.5,3841.5,4124.0,4236.0,4341.0,4591.0,4460.0,4035.5,3534.0,1147.5,1614.5,2070.5,2504.0,2675.5,2839.5,3002.5,3003.5,2568.0,1736.5,1893.5,1933.0,1970.5,2268.0,2533.0,2645.5,2824.5,2797.0,0.0,0.0,0.0,0.0,0.0,0.0,0.0,0.0,0.0,0.0,2488.5,1901.5,432.5,725.0,1199.0,1383.0,1424.0,1622.0,1787.0,1860.0,3284.5,2769.5,622.0,936.0,1485.0,1690.0,1770.5,1967.0,2173.0,2281.0,3509.0,2848.5,710.0,1071.0,1647.0,1872.5,1958.5,2129.0,2392.0,2472.0,2654.5,2297.5,585.0,874.5,1355.5,1515.5,1554.0,1696.5,1771.5,1887.0,2654.5,2297.5,585.0,874.5,1355.5,1515.5,1554.0,1696.5,1771.5,1887.0,3882.5,3491.0,953.5,1354.0,1958.0,2178.0,2196.0,2354.0,2601.5,2580.5,3526.5,3133.5,837.0,1210.0,1745.0,1942.5,1950.0,2086.0,2303.0,2309.0,"{""type"":""MultiPoint"",""coordinates"":[]}"
4576,3,239.0,174.0,334.0,550.0,528.0,600.0,582.0,521.0,589.0,442.0,3483.0,3106.0,622.0,1010.0,1490.0,1813.0,1921.0,2095.0,2261.0,2283.0,363.0,266.0,76.0,309.0,549.0,665.0,583.0,614.0,710.0,529.0,390.0,300.0,307.0,464.0,577.0,616.0,625.0,705.0,728.0,560.0,495.5,335.5,343.0,559.0,634.0,890.5,910.0,957.5,1073.5,906.0,991.0,653.0,477.0,766.0,666.0,1119.0,1447.0,1627.0,1719.5,1644.0,1802.0,962.5,353.5,668.0,447.5,995.5,2459.5,2905.5,2869.0,2995.5,1748.0,864.5,272.0,560.0,385.0,901.5,2635.0,3631.0,3463.5,3741.0,1400.5,694.5,228.0,407.0,331.5,712.5,2236.0,3468.0,3368.5,3651.5,1164.0,520.0,157.0,321.0,234.0,443.0,2011.0,3295.0,3494.0,3534.0,1171.5,511.5,238.5,366.0,233.0,474.5,2075.0,3494.5,3613.0,3726.5,228.0,155.5,362.0,527.0,472.5,586.0,605.5,652.0,616.0,566.0,1555.0,708.0,2157.0,2132.0,1909.0,2137.0,2857.0,3542.0,3648.0,3720.0,1467.0,638.5,1473.5,1572.5,1302.5,1723.0,3076.5,4098.5,4253.0,4348.5,1610.5,770.5,1138.0,1343.5,1040.5,1665.0,3168.5,4035.0,4101.0,4350.5,1614.5,789.5,921.5,1193.5,881.0,1675.0,3314.0,4146.0,4306.0,4409.0,1699.0,867.0,304.0,763.0,518.0,1425.0,3297.0,4088.0,4342.0,4407.0,1893.0,1010.5,422.5,888.0,752.0,1719.5,3104.0,3662.0,3889.0,4069.5,3926.5,2579.5,995.5,1425.0,1801.5,2514.5,2977.0,3319.0,3647.5,3651.5,3924.0,2738.0,966.0,1326.0,1809.0,2336.0,2668.0,2916.0,3082.0,3247.0,1704.0,1262.5,632.0,908.5,1367.0,1557.5,1706.0,1866.0,2121.0,1977.5,0.0,0.0,0.0,0.0,0.0,0.0,0.0,0.0,0.0,0.0,0.0,0.0,0.0,0.0,0.0,0.0,0.0,0.0,0.0,0.0,1082.0,957.0,676.0,759.0,906.0,1062.0,1035.0,1148.0,1087.0,1172.0,3626.0,3096.0,4962.0,4572.0,4376.0,4532.0,4260.0,4307.0,4081.0,4121.0,231.0,162.0,508.0,919.0,1216.0,1495.0,1181.0,1106.0,1011.0,810.0,0.0,0.0,0.0,0.0,0.0,0.0,0.0,0.0,0.0,0.0,197.0,115.0,390.0,638.0,560.0,652.0,642.0,706.0,740.0,568.0,0.0,0.0,0.0,0.0,0.0,0.0,0.0,0.0,0.0,0.0,0.0,0.0,0.0,0.0,0.0,0.0,0.0,0.0,0.0,0.0,228.0,141.0,266.0,330.0,311.0,435.0,414.0,512.0,490.0,492.0,780.5,508.5,268.5,457.5,592.5,774.5,1027.0,1025.5,1149.0,1159.5,1825.0,1250.0,514.0,745.0,910.0,1175.0,1369.0,1396.0,1638.0,1533.0,1526.0,881.0,441.0,701.0,921.0,1251.0,1399.0,1643.0,1823.0,1781.0,3403.5,2827.5,748.5,1106.0,1492.5,1896.0,2157.0,2346.0,2594.5,2515.5,4474.0,4014.0,981.0,1480.0,2085.0,2410.0,2669.0,2897.0,3053.0,3125.0,"{""type"":""MultiPoint"",""coordinates"":[]}"
4652,76,2596.0,2138.0,423.0,645.0,876.0,1061.0,1212.0,1348.0,1492.0,1513.0,3099.5,2362.0,709.5,1096.5,1231.0,1694.0,2498.0,2750.5,2959.0,2952.5,3171.5,2435.0,677.5,1063.5,1149.5,1671.5,2730.5,3065.0,3267.5,3282.0,3738.0,2958.0,844.0,1234.0,1380.0,1876.0,2489.0,2771.0,2967.0,3042.0,3562.0,2853.0,845.0,1256.5,1577.0,1969.0,2552.0,2789.5,2961.0,3021.0,2854.5,2125.5,652.0,991.5,1153.5,1544.0,2315.0,2593.0,2728.0,2799.0,3210.5,2477.0,726.0,1089.5,1210.5,1675.5,2683.5,3042.5,3213.0,3280.5,2786.5,1960.0,638.0,940.5,1131.5,1557.0,2290.0,2585.5,2742.5,2859.5,3090.0,2150.0,674.0,1037.5,1077.5,1611.5,2997.5,3475.0,3578.5,3695.0,2782.0,1792.0,624.0,944.0,969.0,1528.0,3146.0,3776.0,3928.0,3931.0,2725.5,1754.0,565.5,890.0,822.0,1409.5,3077.5,3711.0,3856.0,3974.0,2831.0,2431.0,481.0,773.0,1009.0,1215.0,1418.0,1539.0,1749.0,1724.0,3584.0,2498.0,747.0,1092.0,1292.0,1791.0,2686.0,3127.0,3452.0,3525.0,2830.0,1915.5,1447.5,1583.0,1532.5,1881.5,2693.5,3029.0,3171.0,3249.0,1718.0,865.0,1672.0,1727.0,1537.0,1814.0,2561.0,2877.0,2929.0,3078.0,2248.0,1384.0,768.5,975.5,795.0,1327.0,3048.5,3658.5,3844.0,3926.5,3134.5,2155.0,547.0,870.0,978.5,1470.5,2359.0,2796.0,3084.5,3150.0,2421.5,1529.5,453.5,758.0,998.0,1436.5,2281.5,2697.5,2919.0,3048.0,2641.0,1873.5,472.5,751.0,880.0,1304.0,2233.0,2575.0,2785.0,2822.5,2494.0,1818.0,510.0,748.0,848.0,1215.0,2141.0,2498.0,2687.0,2793.0,2219.5,1560.5,392.0,651.0,676.0,1089.0,2140.0,2457.5,2694.0,2705.5,0.0,0.0,0.0,0.0,0.0,0.0,0.0,0.0,0.0,0.0,7820.0,6621.0,8660.0,8392.0,8456.0,8846.0,8693.0,8518.0,8708.0,8574.0,678.0,423.0,507.0,477.0,336.0,470.0,914.0,1089.0,1071.0,1104.0,2644.0,2357.0,1982.0,1989.0,1896.0,2330.0,2999.0,3196.0,3046.0,3332.0,1706.0,1058.0,235.0,475.0,367.0,799.0,2222.0,2606.0,2815.0,2813.0,0.0,0.0,0.0,0.0,0.0,0.0,0.0,0.0,0.0,0.0,2103.5,1489.0,778.5,960.5,902.0,1337.0,1982.5,2164.5,2332.5,2368.0,0.0,0.0,0.0,0.0,0.0,0.0,0.0,0.0,0.0,0.0,0.0,0.0,0.0,0.0,0.0,0.0,0.0,0.0,0.0,0.0,2827.0,2343.0,546.0,821.0,1010.0,1259.0,1626.0,1755.0,1961.0,1939.0,3189.0,2600.0,597.0,989.0,1164.0,1547.0,2096.0,2400.0,2570.0,2639.0,0.0,0.0,0.0,0.0,0.0,0.0,0.0,0.0,0.0,0.0,3204.0,2472.0,691.0,1018.0,1129.0,1564.0,2290.0,2597.0,2777.0,2762.0,2429.0,1789.0,491.0,783.0,836.0,1229.5,2115.5,2445.5,2659.0,2605.0,0.0,0.0,0.0,0.0,0.0,0.0,0.0,0.0,0.0,0.0,"{""type"":""MultiPoint"",""coordinates"":[]}"
4712,123,2688.0,2112.0,1200.0,1524.0,1695.0,1907.0,2023.0,2147.0,2231.0,2235.0,2673.5,2062.0,1356.5,1652.5,1764.5,2136.0,3105.0,3327.5,3448.0,3548.0,2864.5,2213.5,1380.5,1707.0,1809.0,2160.5,3180.0,3627.5,3640.5,3832.5,2865.0,2202.0,1437.0,1735.0,1823.0,2209.0,3235.0,3562.0,3596.0,3805.0,3201.0,2713.0,1316.0,1666.0,1939.0,2227.0,2423.0,2620.0,2656.0,2784.0,3249.0,2733.0,1474.0,1737.0,2073.0,2304.0,2520.0,2635.0,2709.0,2780.0,3136.0,2650.0,1411.0,1705.0,2012.0,2247.0,2294.0,2419.0,2530.0,2477.0,3306.5,2929.0,1374.5,1709.0,2075.5,2272.5,2303.5,2444.0,2534.0,2616.5,2855.0,2387.0,1268.0,1566.5,1818.0,2069.0,2311.5,2441.0,2525.5,2564.5,3359.0,2639.0,1485.0,1877.0,2085.0,2487.0,3035.0,3262.0,3288.0,3398.0,2942.0,2241.0,1319.0,1744.0,1814.0,2305.0,3278.0,3543.0,3546.0,3770.0,2771.0,2359.5,1322.0,1576.0,1816.0,1946.5,2093.5,2198.0,2372.5,2284.0,2502.0,1741.0,1057.0,1424.0,1358.0,2002.0,3388.0,3718.0,3646.0,3732.0,2571.0,1685.0,1250.0,1612.0,1544.0,2121.0,3514.0,4008.0,3988.0,4124.0,3052.0,2289.0,1377.0,1742.0,1834.0,2416.0,3315.0,3588.0,3543.0,3786.0,2812.0,2188.0,1040.0,1390.0,1607.0,1842.0,2318.0,2624.0,2652.0,2725.0,2947.0,2508.0,1081.0,1402.0,1687.0,1898.0,2035.0,2145.0,2291.0,2358.0,2784.0,2477.0,1152.0,1403.0,1708.0,1814.0,1937.0,2001.0,2162.0,2080.0,2887.0,2400.5,1267.5,1565.5,1814.0,1962.5,2088.5,2251.5,2335.5,2360.5,2425.0,1879.0,1042.0,1293.0,1508.0,1660.0,1794.0,1973.0,2072.0,2068.0,2958.5,2353.0,1133.0,1512.0,1755.0,2078.5,2557.5,2727.5,2864.0,2863.0,1753.0,1179.0,1156.0,1342.0,1277.0,1514.0,2264.5,2406.0,2363.5,2481.0,2000.0,1392.0,1373.0,1659.0,1815.0,2047.0,2105.0,2083.0,2214.0,2142.0,0.0,0.0,0.0,0.0,0.0,0.0,0.0,0.0,0.0,0.0,1895.0,1169.0,1573.0,1731.0,1646.0,1903.0,2662.0,2838.0,2951.0,2786.0,2372.5,1800.5,1468.0,1707.0,1822.0,1994.5,2596.0,2747.0,3075.0,2895.0,2585.0,2056.5,1412.0,1656.5,1843.0,2057.0,2531.5,2670.0,3014.5,2853.5,2421.0,1731.5,1903.0,2061.0,2131.0,2352.0,2761.0,2891.0,3019.0,2987.0,0.0,0.0,0.0,0.0,0.0,0.0,0.0,0.0,0.0,0.0,2133.0,1448.0,1975.0,2196.0,2365.0,2453.0,2396.0,2408.0,2645.0,2499.0,2455.0,1885.0,1209.0,1557.0,1635.0,1940.0,2255.0,2350.0,2473.0,2448.0,2878.0,2239.0,1905.0,2225.0,2356.0,2478.0,2607.0,2573.0,2874.0,2801.0,2859.0,2403.0,1503.0,1791.0,2100.0,2281.0,2454.0,2553.0,2698.0,2641.0,2311.5,1749.0,1549.5,1710.0,1762.0,2048.0,2502.5,2570.5,2683.5,2713.5,2026.0,1415.0,1010.0,1259.0,1304.0,1552.0,2211.0,2325.0,2459.0,2577.0,2956.0,2244.0,1387.0,1690.0,1879.0,2172.0,2969.0,3200.0,3291.0,3391.0,"{""type"":""MultiPoint"",""coordinates"":[]}"
4785,3,208.0,172.5,121.5,208.5,257.0,340.0,299.0,387.0,368.0,311.0,2786.0,2423.0,639.0,830.0,1131.0,1287.0,1394.5,1532.5,1692.5,1732.5,3229.0,2791.0,844.0,1147.5,1526.0,1740.5,1844.0,1939.5,2100.5,2131.5,718.0,657.0,688.0,887.5,900.0,1040.0,863.0,918.0,867.0,831.0,339.0,286.0,318.0,465.5,521.5,668.0,532.5,580.5,527.5,486.5,660.5,492.0,377.5,592.0,448.0,882.0,1001.5,1109.5,1009.5,1026.0,1004.0,651.5,356.5,637.5,407.5,914.5,1510.0,1666.5,1699.0,1679.0,1379.0,749.5,340.5,608.0,362.0,892.5,2093.0,2430.0,2434.0,2498.0,1120.5,577.0,237.5,422.5,237.0,639.5,1874.0,2417.5,2341.5,2373.5,1135.5,518.5,191.0,358.5,188.0,527.0,2241.5,3250.0,3369.0,3346.0,1214.5,533.5,194.0,362.0,185.0,538.5,2414.5,3740.5,3801.0,3893.5,276.0,240.5,142.0,248.0,361.5,496.0,432.0,514.0,530.0,484.0,1234.0,548.5,239.5,404.0,184.0,546.0,2468.5,4040.0,4170.5,4209.0,1500.5,628.0,1209.0,1374.5,1092.5,1569.0,3281.0,4495.5,4681.0,4694.5,1643.5,757.5,1417.0,1530.5,1204.5,1755.5,3163.0,4023.5,4097.5,4250.0,1669.0,805.5,769.0,1157.0,775.0,1702.0,3564.5,4432.0,4622.0,4637.5,1731.0,889.5,464.5,979.0,768.5,1724.5,3441.0,4086.5,4352.0,4358.0,1923.5,1022.0,564.5,1085.5,947.0,1886.5,3317.0,3846.5,4039.0,4167.0,3230.5,2048.5,872.0,1364.5,1637.0,2432.5,3182.5,3594.0,3842.5,3957.0,4678.5,3322.0,1082.0,1490.5,2070.0,2591.5,2875.0,3209.5,3505.5,3632.5,3645.0,2752.0,802.0,1154.5,1660.5,1979.5,2195.0,2411.5,2716.5,2779.5,2544.5,1745.5,3089.5,3088.5,3218.0,3530.0,3523.5,3635.0,3737.5,3726.5,0.0,0.0,0.0,0.0,0.0,0.0,0.0,0.0,0.0,0.0,1048.5,686.5,411.0,500.5,651.5,822.0,910.5,1059.0,1144.5,1145.0,0.0,0.0,0.0,0.0,0.0,0.0,0.0,0.0,0.0,0.0,374.5,265.0,265.5,375.5,483.0,636.0,595.5,683.0,678.0,669.0,0.0,0.0,0.0,0.0,0.0,0.0,0.0,0.0,0.0,0.0,1522.5,1090.0,2131.0,2040.5,2041.0,2252.0,2243.5,2237.0,2376.0,2220.0,0.0,0.0,0.0,0.0,0.0,0.0,0.0,0.0,0.0,0.0,0.0,0.0,0.0,0.0,0.0,0.0,0.0,0.0,0.0,0.0,307.0,164.5,70.5,136.5,243.0,356.0,354.5,456.0,562.5,552.0,944.5,590.5,190.0,336.0,456.5,643.5,759.5,856.0,1004.0,1031.5,2451.0,1850.0,459.0,649.5,850.0,1165.5,1362.5,1488.5,1490.0,1658.0,1635.0,1153.5,409.0,505.0,647.0,850.0,975.5,1008.0,1099.0,1198.5,4456.5,3610.0,888.0,1217.0,1660.0,1929.5,2121.5,2337.0,2594.5,2576.5,2769.0,2282.0,525.0,740.5,1017.0,1173.5,1286.0,1410.5,1602.5,1621.0,"{""type"":""MultiPoint"",""coordinates"":[]}"
4796,75,2548.0,2469.0,648.0,886.0,1185.0,1356.0,1442.0,1564.0,1697.0,1753.0,3841.0,2972.5,1223.5,1678.5,2028.0,2625.5,3285.0,3609.5,3920.0,3950.5,4123.0,3131.0,1324.0,1840.0,2456.0,3035.0,3414.0,3710.0,3963.0,4121.0,4168.0,3303.0,1331.0,1822.0,2468.0,2973.0,3348.0,3640.0,3854.0,3955.0,3951.5,3061.5,1278.0,1775.5,2416.0,2944.0,3376.5,3664.5,3955.5,4015.5,4017.5,3111.5,1289.0,1802.0,2421.5,2972.0,3512.0,3800.5,4034.0,4172.0,3652.5,2764.5,1132.5,1600.5,2157.0,2681.0,3247.5,3597.0,3869.5,3944.0,3559.5,3000.0,1036.5,1413.0,1886.5,2302.5,2754.0,3004.5,3137.0,3288.5,3446.5,3181.0,991.5,1324.5,1742.0,2020.5,2236.0,2433.0,2512.0,2621.0,3421.0,3036.0,1004.0,1354.0,1752.0,2079.0,2351.0,2534.0,2626.0,2768.0,3482.0,3174.0,1033.0,1353.0,1781.0,2057.0,2288.0,2510.0,2632.0,2748.0,2638.0,2575.0,627.0,911.0,1242.0,1410.0,1511.0,1653.0,1859.0,1844.0,3009.0,2575.0,869.5,1094.5,1319.5,1640.0,1969.0,2145.5,2345.0,2381.5,3546.0,3219.0,1688.0,1836.0,1900.5,2248.0,2677.5,2898.5,3021.5,3052.0,3944.0,3663.5,1075.5,1389.0,1762.0,2137.0,2520.0,2797.5,2866.5,3030.0,3645.5,3344.0,1060.5,1339.5,1687.0,1999.0,2359.5,2589.0,2753.5,2849.5,2793.5,2424.5,723.5,988.5,1261.5,1527.0,1860.0,2044.5,2205.5,2258.0,3245.0,2924.0,825.5,1164.0,1452.5,1832.0,2215.5,2424.0,2577.5,2657.0,2571.0,2062.0,731.5,949.0,1032.5,1479.0,1972.0,2193.5,2271.0,2383.5,3144.0,2736.0,747.0,1052.0,1223.0,1751.0,2353.0,2557.0,2735.0,2793.0,2530.5,2028.0,611.5,905.5,1006.5,1444.0,2098.0,2325.0,2537.5,2545.0,2079.0,1420.5,423.5,689.5,682.0,1194.0,2146.0,2416.5,2418.0,2607.5,2925.0,2638.5,1457.0,1659.0,1932.0,2309.0,2704.5,2938.5,2666.5,3151.0,0.0,0.0,0.0,0.0,0.0,0.0,0.0,0.0,0.0,0.0,2251.0,1877.0,1570.0,1523.0,1377.0,1727.0,2375.0,2637.0,2588.0,2737.0,2589.5,2057.5,538.5,824.0,823.0,1373.5,2134.5,2385.5,2541.0,2603.5,2634.0,2056.0,616.0,875.0,918.0,1428.0,2153.0,2401.0,2525.0,2646.0,2258.0,1814.5,442.0,698.0,817.0,1217.0,1636.5,1814.0,1998.5,2068.5,0.0,0.0,0.0,0.0,0.0,0.0,0.0,0.0,0.0,0.0,2232.0,1820.0,662.0,869.0,1100.0,1295.0,1389.0,1522.0,1694.0,1688.0,2980.0,2625.0,904.0,1192.0,1408.0,1784.0,2038.0,2146.0,2338.0,2334.0,3474.0,2966.0,1044.0,1548.0,1706.0,2249.0,3231.0,3438.0,3699.0,3657.0,0.0,0.0,0.0,0.0,0.0,0.0,0.0,0.0,0.0,0.0,2135.0,1407.0,519.0,906.0,735.0,1418.0,3590.0,4015.0,4190.0,4159.0,2885.0,2144.0,898.5,1300.5,1219.0,1829.0,3949.0,4582.0,4821.0,4734.5,3438.0,2651.0,1022.0,1478.0,1712.0,2316.0,3211.0,3518.0,3817.0,3875.0,"{""type"":""MultiPoint"",""coordinates"":[]}"
4877,122,1707.0,1399.0,432.0,632.0,760.0,930.0,1037.0,1131.0,1197.0,1224.0,2208.5,1947.5,754.5,1049.5,1182.0,1424.0,1684.5,1849.5,1931.0,1851.0,1901.0,1653.0,759.0,1015.0,1143.0,1336.0,1472.0,1592.0,1621.0,1605.0,2056.0,1781.0,818.5,1098.0,1320.0,1581.5,1610.5,1681.0,1758.5,1786.0,1956.0,1694.0,871.5,1126.5,1341.0,1476.5,1534.0,1564.5,1665.0,1673.0,1981.0,1745.0,811.0,1064.0,1267.0,1451.0,1544.0,1636.0,1623.0,1628.0,2170.5,1823.0,920.5,1193.0,1417.0,1620.0,1669.5,1802.5,1793.5,1851.0,2271.0,1816.0,978.0,1246.0,1517.5,1706.5,1837.5,1887.0,1930.0,2083.0,2476.0,1952.0,977.0,1310.0,1525.0,1719.0,1920.0,2150.0,2130.0,2269.0,2300.0,1865.0,964.0,1227.0,1406.0,1538.0,1851.0,2231.0,2059.0,2285.0,2267.5,1786.0,980.0,1283.0,1418.0,1594.0,1858.0,2248.0,2117.0,2435.5,2263.0,2043.0,627.5,897.5,1101.0,1255.5,1472.5,1524.5,1642.5,1600.0,2373.0,1861.0,1021.0,1337.5,1478.5,1677.5,2072.5,2077.0,2143.0,2314.5,2342.0,1869.0,985.0,1266.0,1399.0,1579.0,2020.0,2302.0,2254.0,2335.0,2346.5,1795.5,1624.0,1814.5,1677.5,2001.0,2726.5,2946.0,2761.0,2978.0,2466.5,1862.0,1077.5,1464.0,1584.0,1898.0,2270.5,2430.0,2263.0,2352.0,2182.0,1720.0,930.0,1205.0,1274.0,1576.0,1990.0,2162.0,2277.0,2318.0,2430.5,1882.5,829.0,1094.5,1180.5,1471.5,1809.0,2019.0,2080.5,2184.5,2854.5,2180.5,860.5,1200.5,1345.0,1630.0,2022.5,2193.5,2211.5,2326.0,2883.0,2073.0,828.0,1092.0,1264.0,1681.0,1986.0,2089.0,2277.0,2441.0,2438.5,2041.5,779.5,1062.0,1216.5,1439.5,1754.0,1856.0,2052.5,1984.0,3909.0,3212.0,3308.0,3346.0,3565.0,3736.0,3714.0,3888.0,3929.0,3922.0,2711.0,2411.0,940.0,1089.0,1260.0,1522.0,1758.0,1804.0,1894.0,1943.0,1666.0,1393.0,676.0,880.0,982.0,1122.0,1396.0,1379.0,1454.0,1476.0,1868.0,1797.0,1243.0,1323.0,1367.0,1504.0,1627.0,1660.0,1759.0,1727.0,1519.0,1291.0,607.5,801.0,846.0,1039.5,1400.5,1449.0,1583.5,1456.0,1666.0,1321.0,680.0,919.0,888.0,1172.0,1544.0,1681.0,1715.0,1765.0,1741.0,1366.0,567.0,763.0,791.0,1129.0,1643.0,1839.0,1992.0,1954.0,5645.0,5513.0,6420.0,6094.0,6045.0,6240.0,5951.0,5959.0,6043.0,5978.0,2386.0,2200.0,613.0,954.0,1122.0,1368.0,1525.0,1594.0,1747.0,1694.0,2373.5,2129.5,646.5,905.0,1033.5,1306.0,1515.0,1626.5,1743.5,1725.0,2389.0,2133.0,652.5,944.5,1096.0,1313.0,1561.5,1701.0,1799.5,1788.5,2593.5,2228.5,989.5,1198.5,1359.5,1550.5,1853.5,2015.5,2130.5,2127.0,2249.0,1936.0,601.5,860.0,976.0,1243.5,1603.0,1697.5,1827.0,1795.5,2337.5,2057.0,701.0,989.0,1085.0,1358.0,1702.5,1841.5,1951.5,1926.5,2577.0,2302.0,710.0,1041.0,1171.0,1468.0,1781.0,1847.0,2008.0,1980.0,"{""type"":""MultiPoint"",""coordinates"":[]}"
4913,3,2485.0,1990.0,623.0,835.0,1063.0,1315.0,1389.0,1495.0,1663.0,1712.0,2940.0,2786.0,797.0,1008.0,1257.0,1386.0,1396.0,1505.0,1677.0,1730.0,3440.0,3352.0,1016.0,1239.0,1534.0,1688.0,1742.0,1879.0,2025.0,2089.0,105.0,107.0,300.0,408.0,445.0,517.0,306.0,355.0,310.0,215.0,227.5,158.0,280.0,383.0,393.5,516.5,416.5,469.0,486.0,452.0,400.0,271.0,296.0,467.0,434.0,687.0,735.0,798.0,810.0,830.0,682.5,415.5,347.0,526.5,443.5,802.0,1081.5,1185.0,1218.5,1201.0,655.0,398.0,349.5,474.5,418.0,756.0,1227.5,1384.0,1385.0,1300.5,963.0,528.5,298.0,444.5,309.5,705.5,1779.5,2182.0,2179.5,2076.5,1123.0,504.0,158.0,313.0,159.0,484.0,2149.0,3163.0,3273.0,3191.0,1099.5,488.5,232.5,332.5,168.0,451.0,2108.5,3473.0,3582.0,3499.5,2979.0,2469.0,737.0,1047.0,1266.0,1527.0,1637.0,1814.0,2056.0,2017.0,1070.5,468.0,166.0,284.0,125.5,395.5,2106.5,3695.0,3864.5,3835.5,1322.0,570.5,1550.5,1588.0,1301.0,1610.5,2876.0,4017.0,4206.0,4207.0,1558.0,712.5,1387.5,1550.5,1209.5,1822.0,3270.5,4261.0,4430.5,4579.5,1381.5,649.5,833.5,1115.0,799.0,1513.5,3242.5,4213.0,4454.0,4474.0,1345.0,655.0,259.0,708.0,470.0,1265.0,3090.0,3850.0,4167.0,4150.0,1577.5,851.0,423.5,881.0,804.0,1658.5,2933.0,3443.0,3679.5,3767.5,4828.0,3309.5,1198.5,1739.0,2347.0,3018.5,3363.5,3650.5,4013.0,4120.0,5219.0,3700.0,1444.0,2025.0,2950.0,3398.0,3565.0,3853.0,4195.0,4310.0,3787.5,3007.0,904.5,1301.0,1876.5,2116.0,2217.0,2363.5,2707.0,2677.5,0.0,0.0,0.0,0.0,0.0,0.0,0.0,0.0,0.0,0.0,2464.0,2019.0,1768.0,1752.0,1849.0,2012.0,2013.0,2089.0,2162.0,2202.0,1446.0,1210.0,471.0,555.0,685.0,755.0,763.0,837.0,910.0,924.0,1688.0,1392.0,439.0,529.0,690.0,818.0,836.0,919.0,955.0,1005.0,2120.0,1899.0,475.0,660.0,837.0,982.0,1059.0,1153.0,1302.0,1265.0,0.0,0.0,0.0,0.0,0.0,0.0,0.0,0.0,0.0,0.0,2457.0,2223.0,594.0,741.0,965.0,1115.0,1207.0,1303.0,1488.0,1456.0,0.0,0.0,0.0,0.0,0.0,0.0,0.0,0.0,0.0,0.0,0.0,0.0,0.0,0.0,0.0,0.0,0.0,0.0,0.0,0.0,2917.0,2387.0,767.0,1023.0,1186.0,1571.0,1875.0,1987.0,2201.0,2216.0,3620.5,2989.0,1011.5,1328.0,1547.0,1953.0,2420.0,2591.0,2904.5,2874.5,0.0,0.0,0.0,0.0,0.0,0.0,0.0,0.0,0.0,0.0,2900.0,2188.0,742.0,1008.0,1157.0,1751.0,2362.0,2503.0,2708.0,2717.0,2382.5,2272.0,579.0,730.0,930.0,1040.5,1115.5,1202.5,1361.0,1351.0,2695.5,2582.5,705.5,887.5,1136.5,1250.5,1281.5,1374.0,1542.5,1555.5,"{""type"":""MultiPoint"",""coordinates"":[]}"
4933,75,1718.5,1159.0,361.0,479.0,620.0,868.0,1069.0,1257.5,1421.0,1521.5,1655.5,866.0,293.0,563.5,380.0,874.5,2740.5,3235.0,3396.5,3401.5,1773.0,922.0,339.5,626.0,431.0,932.5,2911.0,3443.5,3567.5,3600.5,1929.5,1041.5,395.5,683.5,501.0,1012.5,2967.5,3444.5,3592.0,3652.5,2028.5,1119.0,416.5,741.0,568.5,1089.5,2979.0,3487.5,3607.0,3685.0,2035.5,1150.0,422.0,775.0,583.5,1184.0,2911.5,3466.5,3573.0,3598.0,1943.0,1049.0,463.0,839.5,619.5,1214.0,2911.5,3466.5,3573.0,3598.0,1943.0,1049.0,474.5,827.5,605.0,1214.0,2984.5,3465.0,3618.5,3682.0,2100.0,1174.0,524.0,871.0,680.5,1269.5,2792.0,3317.5,3275.0,3481.5,2052.0,1167.0,500.0,841.5,690.5,1312.0,2730.0,3211.5,3208.5,3366.0,2142.0,1249.5,509.5,883.0,751.0,1399.0,2737.5,3092.0,3266.0,3369.5,1878.0,1373.0,445.0,585.5,715.0,904.0,1085.5,1241.0,1401.0,1497.5,2143.5,1280.0,555.5,900.5,781.0,1413.5,2575.5,2959.5,2998.5,3227.5,2177.0,1310.0,529.0,882.5,842.5,1392.5,2325.5,2649.5,2739.5,2927.0,2264.0,1441.5,580.5,858.5,867.5,1392.5,2208.5,2533.5,2561.5,2771.0,2482.5,1613.0,667.5,965.0,1109.5,1490.5,1958.0,2221.0,2335.0,2439.5,2700.0,1904.0,798.5,1091.5,1273.0,1669.0,2029.5,2238.5,2371.5,2482.5,3076.5,2334.0,847.5,1175.0,1482.0,1853.5,2021.5,2227.0,2347.0,2481.5,3014.5,2216.0,912.5,1261.0,1661.0,1885.5,2071.0,2177.5,2315.5,2504.5,2956.5,2223.5,892.0,1242.5,1594.0,1843.0,1962.0,2138.0,2264.5,2418.0,2873.0,2128.0,801.0,1097.5,1487.0,1741.5,1812.5,1982.0,2137.5,2218.0,2636.0,1959.5,697.0,954.5,1339.0,1510.0,1588.0,1814.5,1881.0,2040.5,1939.5,1400.0,451.0,533.5,695.5,911.5,1100.0,1272.5,1444.5,1498.0,2607.5,1934.0,673.0,932.0,1275.5,1462.5,1539.5,1770.5,1909.0,2012.0,2659.5,1982.0,673.0,939.5,1269.5,1464.5,1550.5,1810.0,1983.5,2005.5,2402.5,1738.5,583.5,780.0,1071.0,1216.0,1310.5,1442.5,1632.0,1784.0,2338.0,1809.5,574.5,758.5,1041.0,1140.0,1255.0,1421.5,1561.0,1719.0,1945.0,1360.5,583.5,648.0,838.5,967.5,1054.5,1217.0,1365.0,1461.0,1927.5,1334.5,744.0,762.5,898.5,1003.0,1074.0,1256.0,1425.5,1549.0,1850.5,1355.5,416.0,564.0,683.0,904.5,1157.0,1230.5,1388.0,1513.0,1965.5,1499.5,524.5,591.5,702.5,957.0,1205.0,1256.5,1422.0,1595.0,1629.5,1049.5,581.5,734.5,778.5,1154.5,1593.0,1725.5,1867.5,1905.0,1660.0,994.0,473.0,688.0,600.0,1125.5,2031.5,2268.5,2428.0,2442.0,1556.5,843.5,268.0,549.0,371.5,982.5,2191.5,2486.0,2606.5,2634.5,1686.0,930.5,296.5,582.5,382.5,949.5,2611.5,3026.5,3185.5,3130.0,1555.0,799.5,269.0,514.5,348.5,873.5,2635.5,3093.5,3271.5,3228.5,"{""type"":""MultiPoint"",""coordinates"":[]}"
4934,3,95.0,105.0,690.0,1219.0,1553.0,1641.0,1306.0,1334.0,1225.0,966.0,3572.5,3332.5,752.5,1129.0,1624.0,1790.5,1892.5,2021.5,2138.5,2169.0,4630.0,4157.0,942.0,1592.0,2355.0,2555.0,2614.0,2769.0,2927.0,2994.0,172.0,159.0,187.0,374.0,596.0,731.0,659.0,772.0,779.0,718.0,144.5,129.5,233.5,457.0,502.5,678.0,335.0,391.0,323.5,169.5,259.5,181.5,175.5,494.0,324.0,860.0,809.0,901.0,797.0,613.5,1099.5,687.5,485.0,879.5,509.5,1336.5,2033.5,2155.5,2168.5,2053.5,2021.5,1206.0,534.0,1018.0,827.5,1803.5,2841.5,3145.0,3311.0,3384.5,479.0,347.5,340.5,529.5,469.5,918.5,1148.5,1307.0,1288.0,1254.5,725.0,457.0,402.0,584.0,444.0,869.0,1421.0,1579.0,1622.0,1551.0,872.5,497.0,296.5,459.0,282.5,702.5,1589.5,1924.0,1938.0,1989.0,126.5,129.5,642.0,992.0,1202.0,1218.0,997.0,1015.5,969.5,792.0,858.0,435.0,210.0,297.0,134.0,405.0,1466.0,2060.0,1981.0,2010.0,978.0,403.0,1154.0,1209.5,1007.5,1262.5,2455.0,3385.0,3375.0,3386.0,1187.5,518.5,1248.0,1311.5,1136.0,1428.5,2601.0,3526.5,3558.0,3704.5,1224.0,548.0,1201.0,1305.5,1010.0,1505.0,2955.5,3909.5,4069.0,4110.0,1295.0,627.5,219.0,663.5,302.5,1144.5,3123.0,4132.5,4342.5,4315.0,1327.5,675.5,332.5,730.0,489.5,1261.0,2973.0,3779.0,3939.0,4021.5,1498.0,789.5,398.5,808.0,643.0,1445.0,3083.0,3711.0,3936.0,4018.5,1628.0,899.0,442.0,866.0,778.0,1588.0,3025.0,3561.0,3821.0,3891.0,2564.0,1639.0,757.5,1261.0,1558.0,2402.0,3152.0,3563.0,3979.0,4063.0,0.0,0.0,0.0,0.0,0.0,0.0,0.0,0.0,0.0,0.0,0.0,0.0,0.0,0.0,0.0,0.0,0.0,0.0,0.0,0.0,897.0,666.0,458.0,554.0,742.0,950.0,1008.0,1138.0,1188.0,1227.0,0.0,0.0,0.0,0.0,0.0,0.0,0.0,0.0,0.0,0.0,296.0,228.5,516.0,770.5,1059.5,1339.5,1260.0,1316.5,1275.0,1184.5,0.0,0.0,0.0,0.0,0.0,0.0,0.0,0.0,0.0,0.0,31.0,29.0,793.0,1269.0,1491.0,1896.0,1778.0,1789.0,1701.0,1375.0,0.0,0.0,0.0,0.0,0.0,0.0,0.0,0.0,0.0,0.0,0.0,0.0,0.0,0.0,0.0,0.0,0.0,0.0,0.0,0.0,20.0,29.0,300.0,455.0,525.0,623.0,392.0,409.0,388.0,285.0,159.5,139.5,187.0,377.5,548.5,664.0,575.5,653.0,689.5,640.0,1757.0,1138.0,443.0,635.0,873.0,1046.0,1140.0,1236.0,1376.0,1356.0,1951.0,1198.0,605.0,858.5,1101.5,1355.0,1470.5,1590.0,1755.0,1788.0,3723.5,2849.5,827.5,1238.0,1580.0,1905.0,2121.5,2266.5,2502.5,2480.5,3316.0,3045.0,615.0,995.0,1454.0,1609.0,1704.0,1817.0,1920.0,1960.0,"{""type"":""MultiPoint"",""coordinates"":[]}"
4969,176,3438.0,2551.0,949.0,1202.0,1752.0,1956.0,2103.0,2294.0,2596.0,2507.0,3820.5,3011.0,993.0,1245.5,1698.5,1861.5,1967.5,2156.5,2386.0,2415.0,4019.0,3125.0,1100.0,1304.0,1730.0,1906.0,1943.0,2127.0,2343.0,2400.0,3901.0,3155.0,1086.0,1335.0,1774.0,1876.5,1937.5,2072.0,2298.0,2373.5,4203.0,3321.0,1203.0,1478.0,2038.0,2109.0,2020.0,2216.0,2403.0,2469.0,4865.0,4192.0,1534.0,1939.0,2635.0,2860.0,2885.0,2974.0,3293.0,3464.0,4818.5,4083.5,1578.5,2000.5,2697.5,2877.0,2960.0,3111.5,3363.0,3440.5,4664.0,4112.0,1469.5,1866.0,2484.0,2752.5,2736.0,2925.0,3179.5,3242.5,4635.0,4163.0,1504.0,1890.0,2515.0,2714.0,2709.0,2920.0,3067.0,3129.0,4635.0,4249.0,1504.0,1920.0,2555.0,2774.0,2760.0,2924.0,3115.0,3198.0,4511.5,4103.0,1355.0,1740.0,2317.5,2623.5,2636.5,2819.5,2934.0,3087.0,3468.0,2581.0,951.5,1216.5,1720.0,1941.5,2026.0,2204.5,2447.0,2430.0,4389.0,3957.0,1286.0,1662.0,2237.0,2501.0,2539.0,2715.0,2836.0,2976.0,4346.0,3961.0,1271.0,1679.0,2220.0,2483.0,2569.0,2733.0,2891.0,2979.0,4261.5,3889.0,1316.5,1731.0,2217.0,2481.5,2639.5,2832.5,2947.0,3020.5,4272.0,3873.0,1410.0,1796.0,2214.0,2480.0,2710.0,2932.0,3003.0,3062.0,4419.0,4042.0,1332.0,1741.0,2315.0,2556.0,2651.0,2852.0,2980.0,3050.0,4419.0,4075.0,1331.0,1741.0,2275.0,2530.0,2651.0,2852.0,3010.0,3050.0,4321.0,3889.5,1494.5,1863.0,2353.5,2640.5,2819.0,2996.0,3128.5,3208.0,4296.0,3835.0,1448.0,1857.0,2355.0,2622.0,2737.0,2962.0,3099.0,3073.0,4074.0,3648.0,1288.0,1731.5,2237.0,2469.5,2572.5,2729.0,2942.0,2939.0,3320.0,2868.5,1084.5,1345.5,1724.0,1950.5,2068.5,2217.5,2328.0,2420.5,3326.0,2311.0,861.0,1181.0,1726.0,1916.0,2022.0,2203.0,2414.0,2367.0,3543.0,3149.0,1047.0,1431.0,1800.0,2098.0,2236.0,2379.0,2389.0,2512.0,3566.0,3048.0,1715.0,1970.5,2153.0,2479.0,2761.5,2866.0,2991.5,2975.0,3212.0,2791.0,926.0,1222.0,1329.0,1749.0,2472.0,2624.0,2761.0,2748.0,3189.5,2662.5,880.0,1228.0,1424.5,1801.0,2358.5,2593.5,2695.0,2696.5,2402.5,1929.5,1432.0,1526.5,1561.5,1810.0,2158.5,2344.5,2391.0,2355.5,2201.0,1684.0,1122.0,1327.0,1368.0,1684.0,2113.0,2280.0,2385.0,2365.0,3542.0,2760.0,1003.5,1271.5,1699.0,1902.0,2001.0,2145.0,2429.0,2389.0,3632.0,2844.0,1023.5,1252.5,1668.0,1829.0,2040.0,2151.5,2389.5,2387.5,3577.0,2741.0,889.0,1194.0,1613.0,1741.0,1909.0,2038.0,2365.0,2299.0,3642.0,2817.0,995.0,1315.0,1756.0,1867.0,2037.0,2200.0,2509.0,2446.0,3550.0,2928.0,900.5,1154.5,1480.5,1631.0,1795.0,1907.5,2106.0,2129.5,3501.0,2869.0,867.5,1115.0,1440.0,1592.5,1779.0,1888.0,2118.5,2091.5,3637.0,2888.0,920.0,1166.0,1514.0,1663.0,1934.0,2074.0,2316.0,2352.0,"{""type"":""MultiPoint"",""coordinates"":[]}"
