system:index,cropland,d0_B11,d0_B12,d0_B2,d0_B3,d0_B4,d0_B5,d0_B6,d0_B7,d0_B8,d0_B8A,d10_B11,d10_B12,d10_B2,d10_B3,d10_B4,d10_B5,d10_B6,d10_B7,d10_B8,d10_B8A,d11_B11,d11_B12,d11_B2,d11_B3,d11_B4,d11_B5,d11_B6,d11_B7,d11_B8,d11_B8A,d12_B11,d12_B12,d12_B2,d12_B3,d12_B4,d12_B5,d12_B6,d12_B7,d12_B8,d12_B8A,d13_B11,d13_B12,d13_B2,d13_B3,d13_B4,d13_B5,d13_B6,d13_B7,d13_B8,d13_B8A,d14_B11,d14_B12,d14_B2,d14_B3,d14_B4,d14_B5,d14_B6,d14_B7,d14_B8,d14_B8A,d15_B11,d15_B12,d15_B2,d15_B3,d15_B4,d15_B5,d15_B6,d15_B7,d15_B8,d15_B8A,d16_B11,d16_B12,d16_B2,d16_B3,d16_B4,d16_B5,d16_B6,d16_B7,d16_B8,d16_B8A,d17_B11,d17_B12,d17_B2,d17_B3,d17_B4,d17_B5,d17_B6,d17_B7,d17_B8,d17_B8A,d18_B11,d18_B12,d18_B2,d18_B3,d18_B4,d18_B5,d18_B6,d18_B7,d18_B8,d18_B8A,d19_B11,d19_B12,d19_B2,d19_B3,d19_B4,d19_B5,d19_B6,d19_B7,d19_B8,d19_B8A,d1_B11,d1_B12,d1_B2,d1_B3,d1_B4,d1_B5,d1_B6,d1_B7,d1_B8,d1_B8A,d20_B11,d20_B12,d20_B2,d20_B3,d20_B4,d20_B5,d20_B6,d20_B7,d20_B8,d20_B8A,d21_B11,d21_B12,d21_B2,d21_B3,d21_B4,d21_B5,d21_B6,d21_B7,d21_B8,d21_B8A,d22_B11,d22_B12,d22_B2,d22_B3,d22_B4,d22_B5,d22_B6,d22_B7,d22_B8,d22_B8A,d23_B11,d23_B12,d23_B2,d23_B3,d23_B4,d23_B5,d23_B6,d23_B7,d23_B8,d23_B8A,d24_B11,d24_B12,d24_B2,d24_B3,d24_B4,d24_B5,d24_B6,d24_B7,d24_B8,d24_B8A,d25_B11,d25_B12,d25_B2,d25_B3,d25_B4,d25_B5,d25_B6,d25_B7,d25_B8,d25_B8A,d26_B11,d26_B12,d26_B2,d26_B3,d26_B4,d26_B5,d26_B6,d26_B7,d26_B8,d26_B8A,d27_B11,d27_B12,d27_B2,d27_B3,d27_B4,d27_B5,d27_B6,d27_B7,d27_B8,d27_B8A,d28_B11,d28_B12,d28_B2,d28_B3,d28_B4,d28_B5,d28_B6,d28_B7,d28_B8,d28_B8A,d29_B11,d29_B12,d29_B2,d29_B3,d29_B4,d29_B5,d29_B6,d29_B7,d29_B8,d29_B8A,d2_B11,d2_B12,d2_B2,d2_B3,d2_B4,d2_B5,d2_B6,d2_B7,d2_B8,d2_B8A,d30_B11,d30_B12,d30_B2,d30_B3,d30_B4,d30_B5,d30_B6,d30_B7,d30_B8,d30_B8A,d31_B11,d31_B12,d31_B2,d31_B3,d31_B4,d31_B5,d31_B6,d31_B7,d31_B8,d31_B8A,d32_B11,d32_B12,d32_B2,d32_B3,d32_B4,d32_B5,d32_B6,d32_B7,d32_B8,d32_B8A,d33_B11,d33_B12,d33_B2,d33_B3,d33_B4,d33_B5,d33_B6,d33_B7,d33_B8,d33_B8A,d34_B11,d34_B12,d34_B2,d34_B3,d34_B4,d34_B5,d34_B6,d34_B7,d34_B8,d34_B8A,d35_B11,d35_B12,d35_B2,d35_B3,d35_B4,d35_B5,d35_B6,d35_B7,d35_B8,d35_B8A,d3_B11,d3_B12,d3_B2,d3_B3,d3_B4,d3_B5,d3_B6,d3_B7,d3_B8,d3_B8A,d4_B11,d4_B12,d4_B2,d4_B3,d4_B4,d4_B5,d4_B6,d4_B7,d4_B8,d4_B8A,d5_B11,d5_B12,d5_B2,d5_B3,d5_B4,d5_B5,d5_B6,d5_B7,d5_B8,d5_B8A,d6_B11,d6_B12,d6_B2,d6_B3,d6_B4,d6_B5,d6_B6,d6_B7,d6_B8,d6_B8A,d7_B11,d7_B12,d7_B2,d7_B3,d7_B4,d7_B5,d7_B6,d7_B7,d7_B8,d7_B8A,d8_B11,d8_B12,d8_B2,d8_B3,d8_B4,d8_B5,d8_B6,d8_B7,d8_B8,d8_B8A,d9_B11,d9_B12,d9_B2,d9_B3,d9_B4,d9_B5,d9_B6,d9_B7,d9_B8,d9_B8A,.geo
55,41,806.0,375.0,237.0,415.0,236.0,614.0,3045.0,3997.0,4166.0,3990.0,1516.0,764.0,515.0,981.0,622.0,1439.0,4388.0,5393.0,5775.0,5535.0,1593.5,814.5,532.0,1012.5,644.5,1530.0,4459.5,5405.0,5704.0,5512.0,1767.5,963.0,613.0,1111.5,759.0,1667.5,4508.5,5430.0,5580.0,5501.0,1747.0,931.5,567.0,1114.5,708.5,1696.0,4444.5,5272.0,5443.0,5353.5,1800.0,960.0,605.0,1174.0,801.0,1852.0,4365.0,5001.0,5157.0,5213.0,2015.0,1192.0,752.0,1295.0,908.0,1935.0,4417.0,5116.0,5205.0,5271.0,2044.5,1209.0,781.0,1370.5,1005.0,2099.0,4258.5,4833.0,4970.0,5039.5,2144.5,1418.5,853.0,1410.0,1182.0,2131.5,3835.5,4280.5,4198.0,4518.0,3200.0,2140.0,982.0,1467.0,1618.0,2447.0,3301.0,3682.0,3650.0,4069.0,3866.0,2684.0,1059.5,1505.5,1937.0,2593.0,3089.5,3449.0,3503.0,3906.5,842.0,396.0,195.0,360.0,214.0,552.0,3051.0,4010.0,4261.0,4122.0,3952.0,3753.0,1328.0,1722.0,2312.0,2628.0,2666.0,2843.0,2751.0,3001.0,2309.0,1827.5,941.0,1238.0,1661.5,1940.5,1959.0,2120.0,2016.5,2129.5,4251.5,3769.5,1689.0,2165.0,2806.5,3166.5,3195.0,3414.5,3290.5,3507.0,4186.0,3775.0,1827.0,2322.0,2986.0,3287.0,3503.0,3562.0,3624.0,3769.0,2559.5,2349.0,896.0,1172.5,1603.0,1804.0,1852.5,1968.0,1922.5,2061.0,3181.0,2554.5,1091.5,1456.0,1928.5,2287.0,2329.5,2490.5,2398.0,2578.5,2554.5,2261.0,831.0,1105.0,1476.5,1717.0,1770.5,1868.5,1878.0,1977.5,1961.0,1276.0,714.0,998.0,1268.0,1563.0,1658.0,1786.0,1832.0,1861.0,1757.0,1199.0,661.0,950.0,1246.0,1544.0,1778.0,1860.0,2002.0,1947.0,3305.0,2634.0,1156.0,1667.0,2052.0,2523.0,2819.0,2985.0,3037.0,3126.0,860.0,413.0,187.0,407.5,206.0,681.0,3515.5,4594.0,4716.5,4605.0,2447.0,1754.0,802.0,1291.0,1321.0,1969.0,3098.0,3336.0,3389.0,3436.0,1799.0,1152.0,608.0,1025.0,902.0,1558.0,3155.0,3436.0,3495.0,3500.0,1284.0,608.0,345.0,804.0,404.0,1260.0,4015.0,4519.0,4698.0,4553.0,1184.0,530.0,305.0,737.0,332.0,1126.5,4041.5,4648.5,4803.5,4657.0,1209.5,543.0,300.0,744.5,326.5,1171.0,4362.0,5034.0,5228.0,5009.0,1233.0,560.0,292.0,719.0,337.0,1170.0,4305.0,5086.0,5160.0,5080.0,812.0,370.0,218.0,387.0,208.0,604.0,3199.0,4188.0,4456.0,4265.0,850.0,429.0,224.0,444.0,247.0,712.0,3393.0,4393.0,4616.0,4472.0,971.5,473.5,325.5,556.0,336.5,804.5,3504.5,4594.0,4844.0,4663.0,1074.0,541.0,355.0,597.0,344.0,864.0,3611.0,4783.0,5020.0,4849.0,1104.5,546.0,373.0,675.0,402.0,1007.5,3855.5,4937.5,5181.0,5031.0,1335.0,678.0,583.0,867.0,543.0,1224.0,4208.0,5414.0,5499.0,5469.0,1379.0,715.0,456.0,890.0,563.0,1352.0,4206.0,5272.0,5406.0,5289.0,"{""type"":""MultiPoint"",""coordinates"":[]}"
102,36,2127.5,1251.0,442.5,676.0,548.0,1084.0,2993.0,3457.5,3687.5,3705.5,3660.0,2439.0,780.0,1122.5,1289.5,1817.5,3001.0,3364.0,3654.5,3733.0,3368.0,2135.0,700.0,1041.0,1100.0,1683.0,3315.0,3759.0,3998.0,4074.0,3362.5,2223.5,663.0,962.5,1045.5,1553.0,3198.0,3790.5,4039.5,4127.0,4522.5,3248.0,1025.5,1410.0,1800.0,2330.5,2862.0,3197.0,3463.5,3621.0,2806.0,1572.5,412.5,759.0,619.0,1260.0,3758.5,4503.5,4679.5,4748.0,2601.0,1407.0,394.0,688.0,510.0,1113.0,3715.0,4593.0,4703.0,4833.0,4696.0,3331.0,1066.0,1468.0,1878.0,2436.0,3369.0,3706.0,4015.0,4207.0,2780.0,1483.0,352.0,788.0,573.0,1357.0,4122.0,4778.0,4928.0,5042.0,2280.0,1117.0,272.0,578.0,290.0,974.0,4143.0,5054.0,5260.0,5306.0,4570.0,3355.0,897.0,1256.0,1731.0,2260.0,3026.0,3279.0,3488.0,3771.0,2227.0,1312.0,477.0,727.0,538.0,1097.0,3096.0,3666.0,3804.0,3903.0,3031.0,1703.0,379.0,813.0,639.0,1406.0,4084.0,4639.0,4737.0,4922.0,2234.0,1097.0,294.0,546.0,345.0,1020.0,4260.0,5223.0,5207.0,5351.0,4498.0,3013.0,1010.0,1426.0,1823.0,2397.0,3342.0,3633.0,3863.0,4135.0,3700.0,2339.0,775.0,1136.0,1320.0,1935.0,3294.5,3632.0,3877.5,4092.5,2199.0,1118.0,373.0,679.0,443.0,1061.0,3749.0,4571.0,4792.0,4790.0,3743.0,2548.0,779.0,1137.0,1333.0,1901.0,2653.0,3075.0,3316.0,3540.0,3644.0,2530.5,1331.5,1500.5,1623.5,2009.5,2637.5,2950.0,3231.0,3304.0,2761.0,1506.0,617.0,869.0,712.0,1280.0,3550.0,4111.0,4363.0,4355.0,2154.5,1046.5,267.0,576.0,328.5,1006.5,4006.0,4776.0,5099.5,4984.0,2145.0,974.0,304.0,570.0,300.0,1012.0,4306.0,5136.0,5268.0,5386.0,2079.0,1185.0,290.5,574.5,416.5,981.0,3141.0,3686.0,3993.5,3902.5,1831.0,803.0,196.5,469.5,216.0,822.5,3909.0,4759.5,4842.0,4938.0,3825.0,3232.5,2358.0,2458.5,2454.0,2817.5,3474.0,3650.5,3764.0,3806.5,4125.0,3810.0,2484.0,2526.5,2687.5,2872.0,2939.5,3046.0,3175.5,3221.0,2794.0,2633.5,602.5,756.0,986.5,1125.0,1207.0,1322.0,1438.0,1517.0,2701.5,2495.0,546.5,723.0,976.0,1099.0,1217.0,1333.5,1427.5,1502.0,0.0,0.0,0.0,0.0,0.0,0.0,0.0,0.0,0.0,0.0,2024.5,1046.5,319.0,597.5,374.5,981.5,3134.5,3675.0,3892.0,3932.0,2027.5,1022.5,318.0,578.0,352.5,951.0,3057.5,3570.0,3844.0,3900.0,3454.0,2626.0,593.0,855.0,1068.0,1426.0,1979.0,2165.0,2539.0,2599.0,3585.0,2709.0,664.0,946.0,1187.0,1580.0,1979.0,2165.0,2539.0,2599.0,2654.0,1755.0,474.0,747.0,659.0,1194.0,2665.0,3037.0,3332.0,3339.0,2513.0,1544.0,396.0,692.0,556.0,1109.0,2940.0,3397.0,3655.0,3688.0,2336.0,1361.0,396.0,632.0,495.0,1002.0,3073.0,3659.0,3977.0,3886.0,"{""type"":""MultiPoint"",""coordinates"":[]}"
236,69,1995.0,1839.0,1679.0,1676.0,1737.0,1874.0,1924.0,2044.0,1968.0,2116.0,3358.0,2757.0,823.0,1213.0,1480.0,1789.0,2197.0,2400.0,2624.0,2586.0,0.0,0.0,0.0,0.0,0.0,0.0,0.0,0.0,0.0,0.0,3142.0,2517.5,696.5,1143.5,1353.5,1728.5,2278.5,2514.5,2631.5,2634.0,3147.0,2392.0,717.5,1159.5,1323.0,1755.0,2577.5,2838.0,2998.0,2997.5,3184.0,2374.0,670.0,1142.0,1261.0,1749.0,2755.0,3089.0,3148.0,3234.0,3120.5,2324.5,660.0,1092.5,1220.0,1658.5,2765.5,3121.0,3267.0,3256.0,3222.0,2423.0,770.5,1169.5,1330.5,1753.0,2772.5,3158.5,3266.5,3299.0,3192.5,2374.5,847.0,1243.5,1382.0,1844.5,2855.0,3209.0,3272.5,3386.0,2962.0,2107.0,705.0,1141.0,1254.0,1756.0,2739.0,3087.0,3237.0,3259.0,3045.5,2280.5,717.0,1121.0,1248.0,1753.0,2708.5,3064.5,3181.0,3236.0,2879.0,2338.0,436.0,746.0,1099.0,1280.0,1424.0,1587.0,1789.0,1769.0,2882.0,2158.0,653.0,1033.5,1154.0,1601.5,2554.5,2926.5,3038.5,3121.5,2905.0,2087.5,2094.5,2210.0,2048.0,2335.0,3063.0,3352.5,3462.5,3460.0,2598.0,1818.5,1707.0,1853.5,1719.5,2070.5,2730.0,3105.5,3093.0,3173.0,2866.0,2102.5,958.5,1215.5,1260.5,1651.5,2542.5,2953.0,3105.0,3110.5,2783.0,2077.0,605.0,930.0,1113.0,1503.0,2409.0,2786.0,2977.0,2983.0,2618.0,1927.5,518.5,842.5,993.5,1412.5,2172.0,2520.0,2668.0,2756.5,2640.0,1967.0,551.0,866.5,1059.5,1448.0,2101.5,2406.5,2630.5,2635.0,2818.0,2065.0,588.0,901.0,1092.0,1575.0,2199.0,2515.0,2759.0,2794.0,2614.0,1955.5,516.5,866.5,1086.0,1509.5,2038.0,2271.5,2515.0,2519.5,0.0,0.0,0.0,0.0,0.0,0.0,0.0,0.0,0.0,0.0,0.0,0.0,0.0,0.0,0.0,0.0,0.0,0.0,0.0,0.0,3397.0,2538.0,1220.0,1469.0,1644.0,2220.0,2817.0,3121.0,3420.0,3467.0,1928.0,1199.0,309.0,521.0,574.0,997.0,1403.0,1592.0,1760.0,1846.0,1856.0,1231.0,214.0,469.0,472.0,917.0,1468.0,1623.0,1856.0,1865.0,2189.0,1583.0,349.0,608.0,698.0,1151.0,1749.0,1985.0,2233.0,2242.0,1972.0,1483.0,270.0,485.0,543.0,933.0,1674.0,1908.0,2147.0,2124.0,0.0,0.0,0.0,0.0,0.0,0.0,0.0,0.0,0.0,0.0,0.0,0.0,0.0,0.0,0.0,0.0,0.0,0.0,0.0,0.0,3183.0,2670.0,636.0,984.0,1254.0,1510.0,1873.0,2045.0,2237.0,2240.0,3174.0,2579.5,647.0,1025.5,1266.5,1549.0,2083.5,2273.0,2544.5,2483.0,2328.0,1653.0,536.0,758.0,912.0,1164.0,1616.0,1810.0,1962.0,1937.0,3059.0,2369.0,629.0,1003.0,1221.0,1513.0,1989.0,2243.0,2406.0,2372.0,3088.0,2511.0,822.0,1135.5,1334.0,1593.5,2060.0,2287.5,2493.0,2433.0,3408.0,2694.0,796.0,1198.0,1496.0,1793.0,2155.0,2346.0,2513.0,2512.0,"{""type"":""MultiPoint"",""coordinates"":[]}"
243,2,4119.5,4020.5,1798.0,2046.0,2247.5,2371.5,2402.5,2488.5,2657.0,2600.0,4364.0,4284.0,1680.0,2025.0,2261.5,2465.5,2585.0,2704.5,2889.5,2859.5,4355.0,4307.5,1725.0,2054.5,2285.5,2471.5,2673.5,2801.0,2984.5,2960.5,4360.0,4244.0,1681.0,1998.0,2257.0,2484.0,2725.0,2857.0,3068.0,3013.0,4392.0,4141.0,1616.0,1993.0,2169.0,2502.0,2899.0,3051.0,3163.0,3278.0,4071.0,3661.0,1418.0,1801.0,1913.0,2280.0,2985.0,3260.0,3424.0,3440.0,3760.0,3202.0,1229.0,1619.0,1643.0,2075.0,3079.0,3448.0,3538.0,3581.0,2951.0,2055.0,733.0,1115.0,914.0,1496.0,3636.0,4292.0,4541.0,4444.0,2439.0,1405.5,500.5,851.0,583.5,1224.0,3864.0,4632.5,4739.0,4722.5,2323.5,1172.5,444.0,790.0,464.5,1157.5,4222.5,5263.5,5351.0,5353.5,2293.0,1093.0,414.0,769.0,449.0,1163.0,4491.0,5827.0,5777.0,5983.0,4210.0,4158.0,1790.0,2050.5,2252.5,2375.5,2397.5,2517.5,2686.0,2655.0,2294.5,1079.0,432.0,809.0,491.5,1245.0,4521.5,5876.0,5870.0,6114.5,2134.0,972.0,441.0,801.0,487.0,1249.0,4438.0,5424.0,5547.0,5668.0,2144.0,988.0,441.0,807.0,540.0,1239.0,4085.0,5070.0,5097.0,5367.0,2036.0,956.0,555.0,834.0,593.0,1283.0,3859.0,4651.0,4781.0,4889.0,1954.0,993.0,555.0,828.0,638.0,1220.0,3517.0,4190.0,4467.0,4482.0,2052.0,1197.0,576.0,821.0,655.0,1202.0,2945.0,3509.0,3738.0,3775.0,2203.5,1340.5,631.5,886.0,810.5,1333.0,2808.0,3362.5,3624.0,3703.0,2827.5,1848.0,908.0,1143.5,1267.0,1788.0,2686.5,3059.0,3370.0,3491.5,3168.0,2071.0,1188.0,1484.0,1857.0,2251.0,2668.0,3003.0,3317.0,3518.0,3676.0,2568.0,930.0,1202.0,1789.0,2294.0,2605.0,2946.0,3344.0,3615.0,3918.0,3863.0,1488.0,1816.5,2027.5,2168.0,2186.5,2333.5,2501.0,2422.0,3577.5,2617.5,859.5,1133.5,1642.0,1995.5,2244.0,2562.0,2880.5,3157.5,3399.0,2924.0,840.0,1112.0,1419.0,1595.0,1684.0,1844.0,2039.0,2170.0,3279.0,3119.0,940.0,1119.0,1357.0,1477.0,1521.0,1635.0,1818.0,1872.0,3279.0,3119.0,940.0,1119.0,1357.0,1477.0,1521.0,1635.0,1818.0,1872.0,3285.0,2992.0,901.0,1136.0,1411.0,1566.0,1572.0,1773.0,1904.0,1963.0,0.0,0.0,0.0,0.0,0.0,0.0,0.0,0.0,0.0,0.0,4164.0,3918.0,1729.5,2093.0,2347.5,2463.0,2483.5,2618.5,2768.5,2754.0,4474.5,4339.5,1963.0,2338.5,2589.5,2755.5,2771.0,2899.5,3054.0,3011.5,2410.0,1693.0,915.0,1202.0,1274.0,1464.0,1524.0,1651.0,1824.0,1723.0,2403.0,1673.5,1025.5,1294.5,1347.0,1547.0,1596.5,1689.0,1853.0,1808.0,2478.0,1685.0,1099.5,1402.0,1450.0,1655.0,1742.0,1844.5,1965.5,1930.0,3451.5,2565.0,1485.5,1925.0,2127.5,2317.5,2417.0,2534.0,2705.0,2630.0,4309.0,4232.0,1554.0,1902.0,2167.0,2323.0,2401.0,2501.0,2660.0,2725.0,"{""type"":""MultiPoint"",""coordinates"":[]}"
273,24,1215.0,526.0,266.0,440.0,211.0,694.0,3304.0,4545.0,4745.0,4594.0,1288.5,617.5,484.0,649.5,499.5,915.5,2791.0,4104.0,4425.0,4463.0,2853.5,2043.5,995.5,1332.5,1543.5,1944.0,2986.5,3713.5,4047.0,4036.5,4344.0,3367.0,1363.0,1872.0,2507.0,2852.0,2996.0,3258.0,3425.0,3497.0,4445.0,3494.0,1427.0,1982.0,2673.0,2972.0,3212.0,3361.0,3582.0,3645.0,4536.0,3522.0,1475.0,2032.0,2757.0,3082.0,3212.0,3425.0,3686.0,3645.0,4598.0,3821.0,1515.0,2084.0,2787.0,3082.0,3181.0,3425.0,3602.0,3631.0,4464.0,4081.0,1559.0,2136.0,2722.0,3050.0,3100.0,3249.0,3438.0,3433.0,4429.0,4064.0,1573.0,2116.0,2733.0,3046.0,3093.0,3278.0,3348.0,3411.0,4429.0,4064.0,1575.0,2152.0,2776.0,3070.0,3144.0,3286.0,3344.0,3411.0,4413.0,4021.0,1577.0,2132.0,2770.0,3039.0,3144.0,3296.0,3352.0,3440.0,1238.5,558.5,336.0,501.0,276.0,703.5,3227.0,4633.0,4762.0,4717.0,4413.0,4021.0,1577.0,2132.0,2770.0,3039.0,3096.0,3296.0,3352.0,3393.0,4238.5,3782.5,1451.5,2004.0,2603.5,2894.5,2968.0,3121.0,3203.5,3273.0,4258.0,3816.0,1453.0,1983.0,2574.0,2884.0,3011.0,3145.0,3203.0,3343.0,4096.0,3724.0,1389.0,1926.0,2508.0,2815.0,2877.0,3011.0,3146.0,3209.0,4026.0,3640.0,1358.0,1844.0,2408.0,2663.0,2739.0,2880.0,3011.0,3027.0,3843.0,3472.0,1278.0,1787.0,2333.0,2586.0,2643.0,2757.0,2905.0,2935.0,3801.0,3355.0,1278.0,1730.0,2289.0,2542.0,2617.0,2742.0,2860.0,2922.0,3687.0,3240.0,1309.0,1732.0,2240.0,2503.0,2555.0,2713.0,2868.0,2873.0,3576.0,3133.0,1308.0,1720.0,2240.0,2503.0,2555.0,2713.0,2868.0,2873.0,3532.0,3268.0,1086.0,1556.0,2058.0,2335.0,2371.0,2480.0,2564.0,2657.0,1272.0,563.0,224.5,430.0,210.5,674.0,3386.5,4916.5,5182.5,4994.5,3889.5,3671.0,1108.0,1520.0,1999.5,2269.5,2311.5,2484.0,2544.0,2636.0,3721.0,3389.0,1073.0,1525.0,1982.0,2221.0,2297.0,2402.0,2531.0,2595.0,3647.0,3466.0,1193.0,1558.0,1977.0,2169.0,2236.0,2362.0,2546.0,2503.0,2846.0,2543.5,1470.5,1581.5,1802.0,1951.0,2002.0,2125.0,2247.0,2196.0,2304.0,1755.5,1152.5,1254.0,1321.0,1616.5,1718.5,1838.5,1947.5,1955.0,0.0,0.0,0.0,0.0,0.0,0.0,0.0,0.0,0.0,0.0,1150.0,468.0,260.0,425.5,207.0,621.0,3217.5,4993.5,5094.0,5079.0,1237.5,512.5,204.5,349.0,159.5,553.5,3130.5,5060.0,5228.5,5211.0,1192.0,497.0,195.0,339.0,160.0,563.0,3123.0,4996.0,5496.0,5334.0,1189.0,481.0,158.0,302.0,133.0,480.0,2992.0,4988.0,5534.0,5334.0,1556.0,657.0,371.0,594.0,285.0,850.0,3970.0,5884.0,6313.0,6127.0,1291.0,534.0,299.5,476.5,247.5,720.0,3497.0,5441.5,5807.5,5715.5,1024.0,447.0,275.0,420.0,297.0,651.0,2722.0,4232.0,4554.0,4579.0,"{""type"":""MultiPoint"",""coordinates"":[]}"
303,24,2375.0,2087.5,1200.5,1466.5,1710.0,1822.0,1812.0,1889.5,1962.0,1887.0,2726.0,2387.0,1043.0,1526.5,1883.0,2036.0,2105.5,2174.5,2267.0,2194.0,2782.5,2466.0,1086.5,1562.5,1935.5,2085.0,2129.0,2230.0,2316.5,2243.0,2840.5,2538.0,1121.5,1616.0,2016.5,2146.5,2178.0,2285.5,2403.0,2286.0,2919.5,2587.0,1176.5,1691.0,2079.0,2252.0,2277.5,2351.5,2445.0,2371.5,2983.5,2626.5,1220.5,1737.5,2129.5,2308.5,2327.0,2424.0,2480.5,2424.5,3034.5,2711.5,1270.0,1796.0,2195.0,2361.0,2391.0,2458.0,2523.0,2499.5,3052.0,2711.5,1281.0,1818.0,2214.5,2375.0,2416.0,2507.0,2597.5,2525.0,3108.5,2787.5,1282.5,1846.5,2245.5,2430.0,2449.0,2542.0,2580.0,2540.0,3135.0,2823.5,1267.5,1832.5,2244.0,2454.5,2455.0,2570.5,2572.0,2568.0,3123.5,2823.5,1243.0,1815.5,2213.5,2432.5,2432.0,2551.5,2546.0,2552.0,2016.0,1731.0,790.5,1130.5,1390.0,1490.0,1500.5,1567.0,1659.0,1566.5,3155.5,2825.0,1220.5,1811.5,2212.5,2431.5,2416.0,2558.0,2524.0,2569.0,3119.0,2799.5,1199.0,1791.0,2203.0,2420.0,2412.0,2523.5,2523.0,2532.5,3171.0,2786.5,1202.0,1776.0,2171.0,2421.5,2469.5,2523.5,2522.5,2554.5,3081.5,2764.5,1193.5,1733.5,2163.0,2365.5,2366.5,2463.0,2529.5,2515.5,3039.0,2746.0,1160.5,1711.5,2123.0,2303.0,2323.0,2404.5,2488.5,2423.5,2979.5,2650.0,1158.5,1685.0,2077.5,2263.0,2288.0,2374.0,2418.0,2375.0,2930.0,2553.0,1114.0,1644.0,2032.5,2207.5,2230.0,2310.0,2359.5,2328.5,2338.0,1698.5,905.0,1385.5,1608.5,1899.5,1934.5,2035.0,2099.5,2062.0,3214.5,2613.5,1429.5,1990.0,2198.5,2642.0,2954.5,3074.5,3117.0,3114.0,2873.5,2076.0,1096.5,1696.5,1687.0,2361.0,3467.5,3561.0,3496.5,3595.5,1932.0,1652.5,652.5,984.5,1272.0,1359.5,1398.5,1451.0,1581.0,1498.5,2210.5,1239.5,554.5,1115.5,727.0,1767.0,4138.5,4618.0,4441.5,4621.0,2102.5,990.5,270.5,779.5,376.0,1338.5,4844.0,5389.0,5429.5,5387.5,1944.5,929.0,385.5,713.0,424.0,1186.0,4284.0,5193.5,5271.0,5297.5,1480.5,717.0,209.0,483.5,298.5,906.0,3389.5,4121.0,4195.0,4224.0,1574.5,950.0,351.5,614.5,489.5,1091.5,3238.0,3844.5,3849.5,3873.0,0.0,0.0,0.0,0.0,0.0,0.0,0.0,0.0,0.0,0.0,2978.5,2623.5,1058.5,1569.0,1950.5,2188.0,2258.0,2380.5,2444.5,2394.0,2981.5,2631.0,1055.0,1556.5,1874.0,2162.5,2333.5,2485.5,2546.0,2476.0,2985.5,2553.0,1055.0,1561.0,1842.5,2164.5,2442.5,2588.5,2714.5,2635.5,2802.0,2422.5,975.5,1462.0,1731.0,2025.5,2308.0,2448.0,2568.0,2495.0,2562.0,2220.0,889.0,1304.0,1589.0,1825.5,2005.5,2124.5,2181.5,2163.5,2652.5,2276.0,956.0,1398.5,1697.0,1899.0,2086.5,2205.0,2262.5,2212.0,2701.0,2300.0,967.0,1449.0,1791.0,1975.0,2123.0,2176.0,2264.0,2204.5,"{""type"":""MultiPoint"",""coordinates"":[]}"
377,24,2039.0,1801.0,1120.0,1255.5,1369.5,1514.0,1599.5,1643.0,1593.0,1748.0,1458.5,750.5,231.5,393.5,283.0,628.5,2659.0,4142.5,4382.0,4316.5,1543.0,798.0,240.0,405.0,291.0,665.0,2766.0,4143.0,4364.0,4350.0,2986.0,2171.0,867.0,1197.0,1272.0,1848.0,2760.0,3282.0,3585.0,3663.0,3456.5,2526.5,1143.5,1537.5,1863.5,2304.0,2712.0,2990.0,3296.0,3362.0,3539.0,2642.0,1215.0,1644.0,2101.0,2497.0,2766.0,3049.0,3376.0,3377.0,3752.0,2808.0,1446.0,1984.0,2509.0,2940.0,3120.0,3359.0,3477.0,3576.0,3668.0,2742.0,1432.0,1997.0,2641.0,2982.0,3172.0,3340.0,3522.0,3576.0,3673.0,2754.0,1438.0,2008.0,2687.0,3074.0,3239.0,3424.0,3568.0,3638.0,3491.5,2657.0,1290.5,1900.5,2666.5,3040.0,3186.0,3340.0,3391.0,3605.5,3073.0,2531.0,1179.5,1603.5,2022.0,2215.0,2123.0,2242.5,2268.5,2347.0,1744.0,1433.0,615.0,795.0,941.0,1032.0,1182.0,1259.0,1368.0,1342.0,3112.0,2579.0,1257.0,1683.0,2116.0,2295.0,2197.0,2295.0,2241.0,2364.0,3020.0,2444.0,1254.0,1683.0,2084.0,2304.0,2197.0,2277.0,2298.0,2367.0,3048.0,2435.0,1179.0,1640.0,2061.0,2280.0,2161.0,2273.0,2297.0,2367.0,2918.0,2347.0,1149.0,1558.0,1976.0,2179.0,2170.0,2247.0,2318.0,2383.0,2834.0,2298.0,1149.0,1549.0,1949.0,2126.0,2124.0,2267.0,2289.0,2366.0,2802.0,2311.0,1114.0,1519.5,1892.5,2094.5,2117.0,2222.0,2288.0,2337.0,2746.0,2278.0,1143.0,1503.0,1849.0,2067.0,2113.0,2220.0,2287.0,2329.0,2742.0,2290.0,1098.0,1466.0,1837.5,2031.0,2078.5,2180.0,2291.5,2274.5,2539.0,2165.0,974.0,1238.0,1504.0,1694.0,1706.0,1808.0,1877.0,1914.0,1786.0,1459.0,841.5,1088.5,1344.0,1529.0,1524.0,1628.0,1671.0,1696.5,1624.0,1267.0,571.0,834.0,941.0,1111.0,1303.0,1373.0,1501.0,1450.0,1904.0,1528.0,626.0,882.0,1093.0,1218.0,1241.0,1318.0,1305.0,1388.0,1991.5,1653.0,1259.0,1432.0,1595.5,1741.5,1731.0,1790.5,1862.5,1847.0,1702.0,1196.0,614.0,867.0,804.0,1175.0,1529.0,1616.0,1690.0,1700.0,1720.5,1156.0,574.5,864.0,761.5,1166.5,1753.0,1877.5,1914.5,1953.5,1388.0,740.0,279.0,567.0,303.0,848.0,2703.0,2909.0,3007.0,3028.0,0.0,0.0,0.0,0.0,0.0,0.0,0.0,0.0,0.0,0.0,2200.0,1735.0,702.0,1022.0,1115.0,1376.0,1752.0,1884.0,2012.0,1996.0,1988.0,1448.0,701.5,958.0,1010.5,1273.5,1886.5,2130.0,2170.0,2176.5,2116.5,1560.5,876.5,1119.0,1127.5,1374.5,2259.5,2620.5,2739.0,2707.5,1618.0,966.0,341.0,561.0,475.0,865.0,2246.0,2866.0,2992.0,2968.0,1538.5,872.0,289.0,464.5,373.0,706.0,2170.5,2943.5,3092.0,3032.5,1724.0,956.5,335.0,540.5,428.5,774.5,2643.0,3703.5,3926.5,3839.5,1589.5,823.5,272.0,467.0,331.0,688.0,2685.0,3995.5,4249.5,4162.0,"{""type"":""MultiPoint"",""coordinates"":[]}"
513,75,2111.0,1772.0,388.0,565.0,742.0,944.0,1021.0,1127.0,1247.0,1296.0,2682.0,2491.0,784.0,1026.0,1276.5,1450.0,1565.5,1674.5,1808.0,1818.0,2665.0,2330.0,757.0,1008.0,1234.0,1434.0,1697.0,1828.0,1944.0,1939.0,2791.5,2520.0,778.0,1023.0,1242.5,1468.5,1790.0,1970.5,2096.0,2146.5,2774.0,2522.5,774.0,1036.5,1244.5,1452.5,1829.0,2023.5,2144.0,2157.0,2389.0,2053.5,655.0,864.0,1026.0,1242.0,1649.0,1834.5,1930.0,1973.0,2811.5,2476.0,795.5,1065.0,1251.5,1501.5,2017.0,2218.5,2376.5,2381.5,2745.0,2378.0,781.5,1058.5,1206.5,1492.5,2109.5,2343.0,2481.0,2493.5,2813.5,2516.0,733.5,985.0,1196.0,1439.5,1831.5,2072.0,2172.0,2229.0,2797.0,2445.0,777.0,1034.0,1245.0,1484.0,1925.0,2174.0,2336.0,2338.0,2094.5,1750.5,552.0,744.0,895.5,1112.0,1492.5,1691.5,1781.0,1838.5,4161.0,3816.0,3246.0,3282.5,3385.5,3597.0,3676.0,3682.5,3866.5,3755.0,2524.0,2187.0,661.0,914.0,1063.0,1333.0,1782.0,2000.0,2163.0,2187.0,2512.0,2110.5,1368.5,1549.0,1554.5,1812.5,2254.5,2432.0,2541.5,2499.5,2597.5,2193.0,2318.0,2254.0,2019.5,2194.5,2495.0,2675.5,2960.0,2796.0,2308.0,1952.5,917.5,1044.5,1136.5,1350.5,1827.5,2034.5,2148.0,2159.0,1823.0,1459.0,426.5,593.0,687.0,892.0,1372.5,1599.0,1703.0,1761.0,2080.5,1669.5,546.0,736.0,820.5,1088.0,1633.0,1868.5,1988.5,1998.0,1934.0,1566.5,356.5,574.0,673.5,916.5,1530.0,1788.5,1923.0,1955.0,1848.0,1556.0,411.0,580.0,654.0,837.0,1388.0,1623.0,1747.0,1804.0,2037.0,1688.0,454.5,662.0,786.0,987.5,1512.0,1744.0,1939.0,1946.0,2936.0,2254.0,2636.0,2585.0,2670.0,2980.0,3201.0,3378.0,3332.0,3509.0,0.0,0.0,0.0,0.0,0.0,0.0,0.0,0.0,0.0,0.0,0.0,0.0,0.0,0.0,0.0,0.0,0.0,0.0,0.0,0.0,0.0,0.0,0.0,0.0,0.0,0.0,0.0,0.0,0.0,0.0,1366.0,768.0,290.0,524.5,366.0,851.0,1842.0,2066.0,2266.0,2269.5,0.0,0.0,0.0,0.0,0.0,0.0,0.0,0.0,0.0,0.0,2041.5,1397.5,1276.0,1408.5,1328.0,1818.0,2394.0,2561.5,2698.5,2716.5,0.0,0.0,0.0,0.0,0.0,0.0,0.0,0.0,0.0,0.0,0.0,0.0,0.0,0.0,0.0,0.0,0.0,0.0,0.0,0.0,1912.0,1360.0,433.0,737.0,643.0,1134.0,1900.0,2104.0,2197.0,2152.0,2474.0,1877.0,577.5,1001.0,895.5,1556.5,2955.0,3189.0,3445.0,3313.0,2339.0,1796.0,631.0,1009.0,891.0,1562.0,3121.0,3498.0,3674.0,3610.0,1950.5,1308.5,586.5,905.0,707.5,1519.5,3392.5,3785.0,4031.5,3958.5,2479.5,2223.0,649.5,876.5,1058.5,1281.0,1469.5,1589.0,1755.0,1728.0,2646.0,2454.0,738.0,957.0,1233.0,1391.0,1459.0,1572.0,1718.0,1738.0,"{""type"":""MultiPoint"",""coordinates"":[]}"
558,75,2092.5,1751.0,802.0,916.5,1091.5,1391.0,1617.5,1771.5,1910.0,1972.5,2416.0,1719.5,665.0,1047.0,978.0,1606.5,3420.5,3967.0,4097.0,4120.0,2430.0,1756.5,670.0,1037.5,974.5,1595.5,3466.5,4060.0,4141.0,4202.5,2343.5,1742.5,643.5,978.5,972.0,1461.5,3171.5,3727.0,3908.5,3900.5,2279.0,1680.5,649.0,964.0,947.5,1437.0,3099.5,3648.5,3857.0,3840.0,2346.0,1707.5,681.5,1016.5,1011.0,1534.5,3202.0,3723.5,3927.0,3917.5,2608.5,1947.0,733.5,1134.0,1149.0,1663.5,3383.5,4005.0,4225.5,4214.5,2776.5,2175.5,829.0,1240.5,1268.5,1803.5,3546.5,4183.0,4312.5,4372.5,2729.0,1955.5,831.0,1227.5,1221.0,1826.0,3546.5,4187.5,4206.5,4398.0,2764.0,2027.5,862.5,1254.5,1253.5,1843.5,3546.5,4204.5,4259.5,4396.5,2592.5,1798.5,693.0,1101.5,1057.0,1694.5,3506.0,4143.0,4204.5,4350.0,2177.5,1895.0,832.5,986.0,1188.0,1503.0,1689.5,1841.0,2005.5,2012.0,2082.0,1344.5,536.5,885.5,807.0,1400.5,2998.0,3679.5,3682.5,3859.5,2568.0,1795.5,715.0,1098.5,1083.0,1687.0,3333.5,3939.0,4036.0,4190.0,2577.5,1735.0,838.5,1186.0,1186.5,1740.5,3260.0,3924.5,4008.0,4182.0,2475.0,1642.5,812.0,1147.0,1181.0,1695.5,3119.0,3663.0,3797.0,3955.5,2453.0,1669.5,765.0,1099.0,1175.0,1679.0,2915.0,3387.5,3590.0,3665.0,2372.0,1588.5,740.0,1067.0,1139.0,1599.5,2865.0,3338.0,3522.0,3629.0,2338.5,1590.5,762.5,1054.0,1121.5,1612.5,2808.5,3251.0,3426.5,3601.5,2279.5,1481.0,780.5,1063.5,1156.5,1599.5,2751.5,3223.5,3451.5,3481.0,2322.5,1480.5,611.0,1020.5,1028.0,1647.5,2917.0,3319.5,3528.0,3634.5,2249.0,1442.5,675.5,992.0,977.5,1642.5,2937.5,3373.5,3560.0,3749.5,2021.0,1688.0,612.5,812.0,1048.0,1342.0,1559.5,1698.0,1874.5,1893.0,1917.0,1200.5,467.0,745.0,686.5,1268.5,2409.5,2734.5,2856.5,2982.5,3394.0,2846.5,2266.5,2388.0,2378.5,2855.0,3457.0,3694.5,3835.5,3878.5,1667.0,1103.5,464.5,670.0,588.0,1095.5,1888.0,2126.0,2265.0,2325.5,1684.0,1115.0,465.5,688.0,615.0,1113.0,1903.0,2169.0,2293.5,2350.5,0.0,0.0,0.0,0.0,0.0,0.0,0.0,0.0,0.0,0.0,0.0,0.0,0.0,0.0,0.0,0.0,0.0,0.0,0.0,0.0,2087.0,1756.0,690.0,926.0,1124.0,1505.5,1709.5,1858.5,1969.5,2017.5,1683.0,1512.5,713.0,855.0,969.0,1223.5,1396.5,1514.5,1604.0,1646.5,1779.0,1582.0,840.5,936.0,1109.0,1326.5,1545.5,1659.5,1790.0,1799.0,0.0,0.0,0.0,0.0,0.0,0.0,0.0,0.0,0.0,0.0,1658.0,1126.0,437.5,698.0,673.5,1220.5,2155.0,2378.0,2507.0,2515.5,2017.5,1381.5,472.5,830.5,759.5,1385.5,2662.5,2924.5,3081.5,3107.5,2248.5,1575.0,553.5,927.0,865.0,1451.5,3061.5,3484.0,3666.0,3659.5,"{""type"":""MultiPoint"",""coordinates"":[]}"
574,3,111.5,98.5,101.0,242.5,361.5,469.5,353.5,379.5,377.5,293.5,2482.5,2312.5,763.5,927.0,1176.0,1297.5,1340.0,1452.5,1591.5,1593.0,228.5,223.5,269.5,367.5,461.5,497.5,341.5,411.0,335.5,320.0,245.5,246.5,316.5,526.5,546.5,721.0,531.5,603.0,532.5,449.5,189.0,145.0,317.5,599.0,538.0,912.5,896.0,959.5,926.0,829.0,738.5,470.5,363.0,685.0,440.0,1136.0,1816.5,1967.5,1939.5,1829.0,1455.5,765.0,311.0,625.0,313.5,1001.0,2322.5,2610.5,2686.0,2620.5,1588.0,777.5,227.5,507.0,218.5,825.0,2627.0,3353.0,3390.0,3320.0,1136.5,537.5,122.0,298.0,79.5,474.0,2147.0,3068.0,3089.0,3063.0,964.5,430.0,68.0,221.5,52.0,378.0,2147.0,3252.5,3456.5,3344.5,928.5,417.0,42.0,184.5,18.5,334.0,2181.0,3525.5,3561.5,3589.5,656.5,623.5,654.5,706.0,792.5,884.5,784.5,815.0,808.0,760.5,1037.0,468.0,125.5,262.0,70.0,429.5,2369.0,3743.5,3819.0,3865.0,1404.0,622.5,1127.5,1367.5,992.5,1562.5,3415.5,4448.0,4621.0,4628.0,1719.5,823.0,1724.0,1896.0,1583.0,2175.0,3486.0,4200.0,4306.0,4473.0,1581.0,799.0,783.5,1260.5,883.0,1922.0,3772.0,4368.0,4633.5,4644.5,1780.0,967.5,510.0,1219.0,1048.0,2206.0,3599.5,3982.0,4329.5,4295.0,2386.5,1515.0,863.0,1430.0,1706.5,2570.5,3214.5,3522.0,3816.0,3851.5,3059.0,2051.5,1118.0,1715.5,2271.5,2995.5,3404.5,3688.0,4029.5,4061.0,5024.5,3462.5,1497.0,2108.0,2918.0,3586.0,3841.0,4143.0,4488.5,4566.0,3117.0,2458.5,1042.0,1441.0,1983.0,2232.0,2298.5,2462.5,2660.5,2642.0,2278.5,1603.0,2659.0,2707.5,2901.5,3196.0,3180.5,3300.5,3320.0,3414.5,1242.5,1084.0,1980.0,1912.0,1857.0,1956.0,1868.5,1824.5,1972.0,1784.5,439.0,275.5,381.5,393.0,447.0,485.5,487.0,542.0,549.0,535.0,0.0,0.0,0.0,0.0,0.0,0.0,0.0,0.0,0.0,0.0,872.0,610.0,455.0,585.0,739.0,874.0,870.0,931.0,978.0,938.0,0.0,0.0,0.0,0.0,0.0,0.0,0.0,0.0,0.0,0.0,28.0,33.5,186.5,308.0,374.0,458.0,263.0,287.5,265.5,178.0,0.0,0.0,0.0,0.0,0.0,0.0,0.0,0.0,0.0,0.0,0.0,0.0,0.0,0.0,0.0,0.0,0.0,0.0,0.0,0.0,488.0,317.0,230.0,326.0,440.0,642.5,699.5,778.0,851.5,844.0,1943.5,1410.0,521.0,735.0,949.0,1162.0,1264.0,1381.0,1541.0,1535.5,2898.5,2343.5,850.0,1101.5,1366.5,1564.0,1658.5,1785.0,1987.0,1962.5,2712.5,2082.0,765.0,997.0,1260.5,1481.0,1554.0,1676.5,1877.0,1877.0,3526.0,2990.5,1123.0,1344.5,1658.5,1863.5,1975.5,2108.0,2345.0,2331.5,2298.0,2071.0,654.0,808.5,1033.0,1159.0,1223.5,1309.0,1452.5,1480.5,"{""type"":""MultiPoint"",""coordinates"":[]}"
592,3,797.0,654.0,1199.0,1011.0,983.0,1041.0,1015.0,1083.0,979.0,1079.0,2659.5,2614.5,792.5,1020.0,1283.0,1412.0,1469.5,1563.5,1671.0,1679.5,0.0,0.0,0.0,0.0,0.0,0.0,0.0,0.0,0.0,0.0,3383.0,3384.0,1003.0,1309.0,1679.0,1845.0,1912.0,2046.0,2178.0,2166.0,267.5,258.5,431.0,582.5,661.5,770.0,622.0,702.5,631.5,567.0,235.0,164.0,238.0,445.0,426.0,668.0,731.0,761.0,719.0,729.0,859.5,524.0,360.0,622.5,429.5,957.5,1471.0,1624.5,1594.5,1620.5,1244.5,663.0,220.5,486.0,233.5,756.0,1993.0,2375.0,2278.5,2340.5,1967.0,984.0,235.0,556.0,207.0,829.0,3196.5,4241.0,4239.0,4326.5,2052.0,964.0,191.0,531.0,168.0,823.0,3687.0,5224.0,5440.0,5406.0,1811.0,840.5,237.0,491.0,190.5,710.0,3313.0,5120.5,5294.0,5300.5,186.0,184.0,200.0,289.0,371.0,449.0,438.0,467.0,488.0,430.0,1536.5,682.0,179.0,368.5,125.5,537.0,2978.0,4970.5,5140.0,5169.5,1493.0,651.5,2075.5,2104.0,1629.0,1902.5,3597.0,4936.0,5154.5,5117.5,1665.5,774.0,1117.5,1373.0,1013.5,1669.5,3509.0,4684.5,4914.0,5087.5,2054.0,1022.5,911.0,1352.0,839.5,1874.5,4318.5,5370.0,5666.0,5704.0,1968.5,1020.0,351.5,1058.5,650.0,1880.0,4085.5,4887.0,5239.5,5205.5,2397.0,1328.5,564.5,1370.5,1035.5,2400.5,4161.5,4755.0,5093.5,5191.0,3742.0,2441.5,1102.0,1810.5,2233.0,3152.5,3984.5,4378.0,4783.0,4884.0,4744.0,3358.0,1417.0,2006.0,2944.0,3335.0,3592.0,3862.0,4222.0,4263.0,4715.0,3170.0,1370.5,2030.0,2983.0,3444.5,3697.5,3975.0,4455.5,4393.0,0.0,0.0,0.0,0.0,0.0,0.0,0.0,0.0,0.0,0.0,1046.0,1076.0,1428.0,1393.0,1328.0,1324.0,1163.0,1160.0,1232.0,1026.0,3748.0,2819.0,1017.0,1333.0,1770.0,2051.0,2192.0,2389.0,2549.0,2601.0,3439.0,2642.0,924.0,1139.0,1460.0,1709.0,1763.0,1942.0,2017.0,2108.0,3272.5,2597.0,748.5,975.5,1264.5,1413.5,1538.5,1642.5,1848.5,1838.5,3691.0,3119.0,2397.5,2439.5,2590.0,2759.5,2723.5,2845.0,2965.0,2917.0,3530.0,2937.0,761.0,1016.0,1369.0,1500.0,1632.0,1757.0,2045.0,2006.0,0.0,0.0,0.0,0.0,0.0,0.0,0.0,0.0,0.0,0.0,160.0,155.0,401.0,418.0,448.0,562.0,455.0,476.0,442.0,372.0,174.0,170.0,198.0,247.0,322.0,398.0,353.0,421.0,415.0,377.0,244.5,219.0,458.5,646.0,831.0,1004.0,949.0,1009.0,1069.0,998.5,474.0,374.0,530.0,699.0,845.0,952.0,934.0,1011.0,1021.0,972.0,1216.0,871.0,569.0,751.0,914.0,1037.0,1075.0,1135.0,1179.0,1266.0,2569.5,2218.0,869.5,1115.5,1350.5,1477.5,1570.0,1638.5,1790.5,1774.0,2475.0,2372.0,660.0,880.0,1118.0,1236.0,1333.0,1391.0,1511.0,1536.0,"{""type"":""MultiPoint"",""coordinates"":[]}"
644,121,1945.0,1537.0,247.0,406.0,520.0,700.0,916.0,1020.0,1096.0,1154.0,1866.0,1183.5,369.5,611.0,564.0,1080.0,2151.5,2455.0,2576.0,2659.5,2126.0,1392.0,386.5,623.5,721.5,1249.0,2050.5,2351.0,2530.5,2655.0,2585.0,1733.0,511.0,742.0,1063.5,1560.5,2066.5,2329.5,2482.0,2633.5,2923.0,1941.0,577.0,845.0,1324.0,1729.0,2059.0,2289.0,2495.0,2666.0,3119.5,2109.0,653.0,924.5,1453.0,1812.0,2102.0,2343.5,2580.5,2732.5,3462.0,2772.0,855.0,1107.5,1544.5,1718.0,1855.0,2035.0,2179.0,2280.0,3423.5,2731.0,827.0,1099.5,1529.5,1742.5,1825.5,2022.0,2124.5,2255.0,3439.5,2714.5,833.0,1135.0,1581.5,1798.5,1892.5,2033.5,2151.0,2252.0,3417.0,2649.0,777.0,1103.0,1559.0,1806.0,1847.0,2047.0,2163.0,2276.0,2581.5,2068.5,626.0,860.0,1242.5,1404.0,1462.0,1620.0,1721.0,1779.0,2071.0,1632.5,301.5,464.5,537.0,745.0,1162.5,1252.5,1370.0,1406.0,3252.0,2658.0,803.0,1088.0,1521.0,1671.0,1870.0,2057.0,2165.0,2264.0,3355.0,2575.0,1421.0,1629.0,1815.0,2028.0,2231.0,2434.0,2523.0,2577.0,3320.5,2600.5,662.5,991.5,1446.0,1661.5,1791.0,1960.5,2050.0,2222.5,3195.0,2475.5,607.0,916.5,1391.5,1577.0,1691.0,1857.0,2057.0,2149.0,3103.0,2464.0,771.0,1002.0,1439.0,1586.0,1779.0,1943.0,2158.0,2227.0,3049.0,2374.0,652.0,925.5,1357.0,1523.5,1656.5,1845.0,1968.5,2061.5,3053.0,2365.5,842.0,1064.0,1433.0,1596.0,1700.5,1924.0,2032.5,2122.0,2993.0,2366.0,668.0,906.0,1330.0,1473.0,1575.0,1777.0,1929.0,1935.0,2908.0,2285.5,602.5,883.0,1330.5,1471.0,1572.0,1728.0,1926.5,1959.0,2730.5,2154.5,698.5,922.5,1263.0,1410.0,1574.5,1739.0,1800.0,1962.0,557.0,356.0,409.0,655.0,735.0,979.0,1152.0,1105.0,1152.0,1079.0,0.0,0.0,0.0,0.0,0.0,0.0,0.0,0.0,0.0,0.0,1813.0,1265.0,344.0,550.0,545.0,826.0,1251.0,1332.0,1404.0,1464.0,2047.5,1407.0,288.0,557.5,466.0,894.0,1610.0,1786.5,1909.5,1953.5,2036.0,1337.0,305.0,563.0,449.0,950.0,1785.0,2026.0,2082.0,2113.0,1561.5,982.0,310.5,583.0,439.5,934.5,1770.5,1893.0,1991.5,2081.0,0.0,0.0,0.0,0.0,0.0,0.0,0.0,0.0,0.0,0.0,1555.0,947.0,203.0,367.0,312.0,678.0,1412.0,1589.0,1725.0,1717.0,1887.0,1306.0,219.0,488.0,405.0,869.0,1777.0,1962.0,1975.0,2031.0,1899.0,1228.0,193.0,523.0,374.0,978.0,2228.0,2380.0,2616.0,2675.0,2016.0,1317.0,299.0,551.0,435.0,916.0,1942.0,2208.0,2345.0,2393.0,1102.5,659.5,330.0,478.0,357.0,749.5,1593.5,1730.5,1771.5,1808.0,1676.0,1018.0,247.0,543.0,388.0,941.0,2300.0,2582.0,2730.0,2831.0,1687.5,1013.0,256.5,545.0,397.0,954.0,2333.0,2722.5,2853.5,2934.0,"{""type"":""MultiPoint"",""coordinates"":[]}"
668,75,2525.0,1955.5,644.0,829.0,1091.0,1369.5,1631.5,1802.5,1999.5,2036.0,2818.5,2236.5,689.5,1015.5,1177.5,1505.0,2365.0,2699.5,2826.5,2909.0,2949.5,2371.5,737.5,1061.0,1227.0,1559.0,2421.0,2796.5,2953.0,2999.5,3071.0,2501.0,778.0,1114.0,1277.0,1622.0,2489.0,2875.0,3085.0,3093.0,3119.0,2501.0,868.0,1291.0,1515.0,1940.0,2850.0,3197.0,3277.0,3431.0,3119.0,2445.0,880.0,1308.0,1538.0,1927.0,2810.0,3187.0,3342.0,3422.0,3059.0,2445.0,789.0,1123.0,1304.0,1697.0,2487.0,2854.0,3041.0,3061.0,2982.0,2371.0,770.0,1116.0,1303.0,1647.0,2458.0,2807.0,3041.0,3021.0,3341.0,2755.0,855.0,1208.0,1390.0,1769.0,2624.0,3050.0,3162.0,3268.0,2919.0,2218.0,690.0,1058.0,1200.0,1604.0,2445.0,2780.0,2932.0,3056.0,2812.0,2181.0,644.0,1012.0,1149.0,1518.0,2320.0,2719.0,2763.0,2922.0,2947.0,2591.0,726.0,986.0,1209.0,1471.0,1713.0,1836.0,1929.0,2040.0,3024.0,2346.0,683.5,1057.0,1226.0,1594.5,2427.0,2816.5,2913.0,3059.5,2966.0,2308.0,676.0,1038.0,1183.0,1544.5,2328.0,2697.5,2819.0,2923.5,3225.0,2558.0,681.0,1077.0,1252.0,1632.0,2463.0,2813.0,2872.0,3092.0,3157.0,2484.0,740.0,1023.0,1255.0,1588.0,2363.0,2737.0,2936.0,3042.0,2764.0,2191.0,694.0,965.0,1147.0,1468.0,2147.0,2451.0,2663.0,2697.0,2764.0,2205.0,678.0,965.0,1147.0,1468.0,2111.0,2437.0,2524.0,2663.0,2595.0,2032.5,1676.0,1833.5,1813.0,2056.5,2490.5,2701.0,2836.5,2842.5,2799.0,2251.0,924.0,1149.0,1270.0,1544.0,2161.0,2459.0,2636.0,2685.0,2808.0,2212.0,607.0,916.0,1121.0,1488.0,2260.0,2619.0,2838.0,2926.0,2274.0,1658.5,492.0,765.0,874.0,1234.0,2058.0,2389.0,2519.5,2633.5,2231.0,1767.0,671.0,816.0,1005.0,1223.0,1425.0,1556.0,1675.0,1750.0,2257.0,1660.5,461.0,738.0,821.5,1189.5,2010.5,2329.5,2437.0,2559.0,2458.0,1986.0,484.0,772.0,867.0,1170.0,2031.0,2309.0,2472.0,2572.0,2378.0,1887.0,520.0,769.0,854.0,1248.0,1911.0,2176.0,2393.0,2428.0,2378.0,1887.0,520.0,769.0,854.0,1248.0,1911.0,2176.0,2393.0,2428.0,2091.0,1495.0,358.0,709.0,771.0,1255.0,1855.0,2049.0,2248.0,2311.0,0.0,0.0,0.0,0.0,0.0,0.0,0.0,0.0,0.0,0.0,2343.0,1957.0,671.0,816.0,1005.0,1223.0,1425.0,1556.0,1675.0,1750.0,2851.5,2530.0,675.5,917.0,1228.5,1447.5,1643.0,1803.5,1946.0,1999.0,3274.0,2936.0,791.0,1098.0,1450.0,1697.0,1903.0,2062.0,2268.0,2282.0,2629.0,2191.0,637.0,899.0,1192.0,1400.0,1666.0,1861.0,2048.0,2009.0,2584.0,2072.0,627.0,912.0,1104.0,1382.0,1971.0,2250.0,2377.0,2425.0,3318.0,2898.0,812.0,1155.0,1368.0,1726.0,2481.0,2797.0,3009.0,3007.0,3110.5,2622.5,739.5,1075.5,1283.5,1622.5,2413.0,2718.5,2898.0,2920.5,"{""type"":""MultiPoint"",""coordinates"":[]}"
688,69,2635.0,2267.5,435.0,580.5,772.5,937.0,1052.5,1162.5,1312.5,1367.0,2201.0,1439.0,407.0,740.0,616.0,1211.0,2617.0,2944.0,3173.0,3114.0,2312.0,1453.0,521.0,856.0,697.0,1425.0,2915.0,3224.0,3483.0,3514.0,2687.0,2143.0,615.0,801.0,942.0,1286.0,1730.0,1958.0,2154.0,2239.0,2756.0,2208.0,650.5,826.5,1030.0,1333.0,1727.0,1928.5,2143.5,2222.5,3207.0,2597.0,764.0,996.0,1275.0,1547.0,1700.0,1828.0,1987.0,2117.0,3256.0,2730.0,808.0,1001.0,1313.0,1556.0,1675.0,1824.0,1948.0,2104.0,3348.0,2810.0,808.0,1033.0,1364.0,1605.0,1705.0,1864.0,1997.0,2104.0,3369.0,2823.0,858.0,1055.0,1396.0,1632.0,1721.0,1876.0,1997.0,2086.0,3340.0,2823.0,828.0,1004.0,1391.0,1591.0,1651.0,1840.0,1991.0,2083.0,3216.0,2933.0,736.0,907.0,1168.0,1299.0,1332.0,1463.0,1546.0,1683.0,2694.0,2294.0,459.0,580.0,784.0,959.0,1061.0,1218.0,1352.0,1420.0,3202.0,2933.0,736.0,907.0,1168.0,1286.0,1324.0,1463.0,1546.0,1617.0,3095.0,2764.0,676.0,839.0,1068.0,1193.0,1230.0,1364.0,1432.0,1515.0,3058.0,2686.0,681.0,867.0,1087.0,1218.0,1275.0,1345.0,1408.0,1557.0,2955.0,2625.0,1022.0,1087.0,1224.5,1342.5,1367.5,1463.0,1512.0,1590.5,2824.0,2538.0,594.0,738.0,970.0,1086.0,1081.0,1206.0,1291.0,1379.0,2620.0,2409.0,586.0,665.0,822.0,905.0,965.0,1081.0,1169.0,1204.0,2622.0,2368.5,556.5,667.0,824.0,923.5,973.0,1075.0,1153.0,1211.0,2556.5,2353.5,540.5,657.5,817.5,901.5,956.0,1037.5,1140.5,1212.5,2623.0,2396.0,492.0,637.0,812.0,881.0,956.0,1045.0,1143.0,1224.0,2333.0,2086.0,356.0,494.0,626.0,693.0,747.0,810.0,880.0,971.0,2536.0,2131.0,426.5,565.5,755.5,902.5,1047.5,1153.0,1301.0,1346.5,2238.0,2006.0,342.0,455.0,556.0,702.0,789.0,843.0,894.0,992.0,2047.0,1750.0,336.0,454.0,468.0,638.0,837.0,900.0,962.0,1023.0,2077.0,1746.0,319.0,454.0,459.0,644.0,1122.0,1262.0,1312.0,1325.0,2077.0,1746.0,319.0,479.0,459.0,644.0,1122.0,1262.0,1330.0,1325.0,1925.5,1514.5,295.0,416.5,479.5,656.0,828.5,1052.5,1161.0,1164.5,1714.0,1190.0,309.0,396.0,429.0,600.0,903.0,1038.0,1179.0,1133.0,2761.0,2330.5,459.5,620.0,778.0,965.5,1164.0,1273.5,1389.0,1440.5,2668.0,2238.0,452.0,634.0,750.0,949.0,1220.0,1366.0,1532.0,1576.0,2672.0,2221.0,454.0,635.5,747.0,954.5,1315.0,1429.5,1602.0,1640.5,2698.0,2211.0,504.0,688.0,771.0,1005.0,1523.0,1630.0,1844.0,1850.0,2430.0,1831.0,468.0,696.0,627.0,1027.0,2055.0,2320.0,2428.0,2504.0,2430.0,1831.0,468.0,696.0,627.0,1027.0,2129.0,2407.0,2593.0,2585.0,2503.0,1841.0,480.0,734.0,643.0,1082.0,2352.0,2657.0,2879.0,2896.0,"{""type"":""MultiPoint"",""coordinates"":[]}"
759,204,2979.5,2325.0,687.5,859.5,1168.5,1402.0,1604.5,1797.5,2032.0,2134.5,2857.5,1849.0,736.5,1039.5,1106.5,1646.0,2585.0,2846.0,3040.5,3134.5,2458.5,1520.5,598.5,875.5,865.5,1384.5,2603.0,2937.5,3119.0,3203.5,2279.0,1426.0,531.0,762.0,781.0,1232.0,2510.0,2906.0,3080.0,3169.0,2286.0,1413.0,533.0,762.0,830.0,1223.0,2431.0,2884.0,3074.0,3167.0,2315.0,1415.0,555.0,777.0,865.0,1223.0,2370.0,2882.0,3060.0,3158.0,2370.0,1493.0,555.0,777.0,882.0,1229.0,2363.0,2868.0,3055.0,3179.0,2370.0,1508.0,531.0,781.0,903.0,1194.0,2363.0,2865.0,3032.0,3178.0,2434.0,1507.5,546.5,754.0,906.5,1224.5,2284.0,2808.5,2998.5,3180.5,2459.5,1532.5,564.5,759.0,902.5,1236.0,2263.0,2810.5,2989.5,3158.5,2401.0,1481.0,516.0,732.0,889.0,1217.0,2226.0,2765.0,2880.0,3105.0,3079.0,2452.5,710.5,896.0,1205.5,1407.5,1598.5,1787.5,2022.0,2114.0,2299.0,1422.5,496.0,726.0,875.5,1203.0,2138.5,2626.5,2788.5,2984.0,2277.5,1383.0,519.0,742.5,879.0,1207.0,2184.5,2655.5,2841.0,3011.0,2251.0,1347.0,551.0,751.0,890.0,1241.0,2216.0,2662.0,2849.0,3028.0,2145.0,1321.0,727.0,870.0,985.0,1275.0,2180.0,2627.0,2809.0,2960.0,2037.0,1270.0,522.0,716.0,876.0,1138.0,2089.0,2499.0,2727.0,2823.0,1962.0,1188.0,504.0,707.0,817.0,1118.0,2015.0,2417.0,2595.0,2734.0,1937.5,1194.5,1511.0,1617.5,1596.0,1828.5,2424.5,2694.0,2841.0,2887.5,1869.0,1122.0,895.0,1037.0,1058.0,1316.0,2090.0,2414.0,2640.0,2683.0,3160.5,2433.0,1972.5,2088.5,2169.0,2418.5,3111.5,3416.0,3798.5,3660.5,1707.0,1004.0,369.0,547.0,649.0,1008.0,2216.0,2673.0,2847.0,3013.0,2868.0,2254.5,574.0,760.5,1060.5,1276.0,1465.0,1644.5,1884.0,1937.5,1571.5,865.0,300.5,490.0,528.0,980.5,2210.5,2628.0,2771.0,2974.0,1661.0,920.0,318.0,538.0,576.0,1044.0,1976.0,2312.0,2506.0,2676.0,2819.0,1941.0,567.0,730.0,1026.0,1328.0,1624.0,1870.0,2126.0,2210.0,2819.0,1941.0,567.0,730.0,1026.0,1328.0,1624.0,1870.0,2126.0,2210.0,2624.0,1903.0,364.0,573.0,860.0,1099.0,1335.0,1473.0,1720.0,1850.0,0.0,0.0,0.0,0.0,0.0,0.0,0.0,0.0,0.0,0.0,3131.5,2522.0,743.5,960.5,1264.0,1500.5,1718.5,1873.5,2055.5,2113.0,3296.0,2713.0,707.5,930.5,1241.0,1489.0,1689.0,1878.5,2067.5,2123.0,3376.0,2806.0,730.0,995.0,1327.0,1514.0,1747.0,1887.0,2165.0,2247.0,3470.0,2827.0,730.0,1002.0,1360.0,1560.0,1793.0,1972.0,2277.0,2279.0,3419.0,2827.0,772.0,986.0,1285.0,1523.0,1736.0,1929.0,2142.0,2249.0,3608.0,2827.0,1135.0,1403.0,1703.0,1942.0,2216.0,2417.0,2612.0,2656.0,3771.5,2783.0,1170.0,1434.0,1784.0,2054.0,2307.0,2496.5,2721.0,2785.0,"{""type"":""MultiPoint"",""coordinates"":[]}"
822,3,123.0,129.0,489.0,949.0,1229.0,1353.0,997.0,993.0,881.0,741.0,2949.0,2543.0,565.0,980.0,1617.0,1820.0,1951.0,2043.0,2154.0,2164.0,3298.0,2790.0,562.0,1105.0,1955.0,2162.0,2196.0,2278.0,2400.0,2395.0,199.0,160.0,104.0,237.0,208.0,485.0,296.0,356.0,327.0,228.0,257.5,205.5,123.5,237.0,243.5,457.0,441.0,534.0,501.0,475.5,806.0,516.0,259.0,454.0,358.0,743.0,1184.0,1287.0,1240.0,1374.0,1545.5,826.0,218.0,489.5,235.5,769.0,1991.5,2418.0,2343.5,2372.5,1561.5,767.5,170.5,369.5,196.5,665.5,2216.0,3033.5,3201.0,3323.5,1532.0,697.0,134.5,301.0,95.0,493.5,2550.0,4128.0,4291.0,4425.0,1262.0,577.0,96.0,244.0,82.0,420.0,2428.0,4159.0,4493.0,4463.0,1200.0,538.0,259.5,355.5,181.0,506.0,2364.0,4145.5,4325.5,4372.0,117.0,101.5,464.5,859.5,1138.0,1243.5,943.0,958.5,919.5,747.0,1366.0,612.0,1178.0,1199.0,1049.0,1311.0,2508.0,3676.0,3915.0,3943.0,1487.5,634.5,1383.0,1540.5,1261.0,1826.0,3431.0,4556.5,4784.5,4832.5,1608.5,780.0,1219.5,1413.5,1134.5,1817.0,3233.5,4063.5,4178.5,4397.0,1611.5,795.5,922.5,1236.5,926.5,1823.5,3500.5,4273.5,4565.5,4602.5,1692.0,892.0,370.0,926.0,674.0,1746.0,3516.0,4206.0,4625.0,4518.0,1999.5,1105.5,549.5,1100.0,1005.5,2060.5,3361.0,3888.0,4276.5,4350.0,2883.0,1739.0,862.5,1554.0,1718.5,2895.5,3962.5,4467.5,4933.5,4975.0,3279.0,2175.0,1051.0,1749.0,2163.0,3151.0,3808.0,4201.0,4684.0,4778.0,3679.0,2639.0,1010.0,1545.5,2230.0,2734.0,3037.5,3365.0,3745.5,3805.0,783.0,569.0,1055.0,1041.0,1064.0,1202.0,1110.0,1200.0,1442.0,1205.0,2874.0,2196.0,3041.0,3056.0,3155.0,3412.0,3549.0,3568.0,3623.0,3494.0,643.0,423.0,548.0,664.0,973.0,1172.0,1186.0,1305.0,1367.0,1335.0,0.0,0.0,0.0,0.0,0.0,0.0,0.0,0.0,0.0,0.0,183.5,143.0,535.5,951.5,1265.0,1445.5,1181.5,1202.5,1106.5,929.5,0.0,0.0,0.0,0.0,0.0,0.0,0.0,0.0,0.0,0.0,114.0,92.0,591.0,1239.0,1969.0,2078.0,1640.0,1608.0,1521.0,1171.0,0.0,0.0,0.0,0.0,0.0,0.0,0.0,0.0,0.0,0.0,254.0,202.0,1163.0,1679.0,1950.0,1961.0,1364.0,1340.0,1211.0,938.0,62.0,69.0,754.0,1437.0,2037.0,2156.0,1560.0,1640.0,1432.0,1171.0,1268.0,831.5,392.0,788.0,1191.0,1447.0,1474.5,1574.0,1643.5,1589.5,2160.0,1525.0,561.0,905.0,1255.0,1513.0,1605.0,1653.0,1781.0,1722.0,1090.0,667.0,598.0,1011.0,1383.0,1688.0,1634.0,1723.0,1738.0,1667.0,2771.5,2181.5,655.5,1085.5,1625.5,1853.5,1986.0,2044.5,2201.0,2192.5,2899.5,2538.0,609.5,1072.0,1695.5,1897.0,1958.0,2072.5,2146.5,2106.5,"{""type"":""MultiPoint"",""coordinates"":[]}"
916,61,55.0,77.0,573.0,797.0,841.0,862.0,563.0,543.0,529.0,389.0,4064.5,3902.0,1503.0,1933.5,2275.5,2420.5,2477.5,2611.5,2751.0,2730.0,4200.0,3890.0,1529.0,1997.0,2393.0,2578.0,2618.0,2757.0,2900.0,2953.0,4042.0,3841.0,1375.0,1851.5,2265.0,2446.0,2495.5,2623.0,2761.0,2815.5,4133.0,3950.5,1410.5,1847.5,2245.5,2440.5,2511.0,2631.5,2790.5,2811.5,4168.0,3879.0,1404.0,1841.0,2251.0,2507.0,2578.0,2695.0,2785.0,2890.0,4204.0,3977.0,1409.0,1860.5,2268.5,2492.0,2599.5,2752.5,2909.5,2955.5,4279.0,4017.5,1437.0,1880.0,2310.0,2554.0,2606.0,2773.5,2890.5,2985.0,4273.5,4027.5,1437.0,1884.0,2337.0,2559.0,2578.5,2739.5,2844.5,2943.5,4210.0,3880.0,1389.0,1816.0,2290.0,2500.0,2580.0,2714.0,2910.0,2911.0,4292.5,4028.0,1428.0,1870.0,2348.0,2587.5,2573.5,2727.0,2849.5,2935.0,103.0,99.0,588.0,861.0,974.0,1033.0,914.0,964.0,972.0,786.0,4237.0,4050.0,1456.0,1854.0,2304.0,2563.0,2563.0,2730.0,2889.0,2928.0,4363.5,3993.0,2052.0,2395.0,2589.5,2913.5,3092.0,3270.0,3378.5,3419.0,4112.5,3858.0,1793.0,1989.0,2149.5,2491.5,2813.5,3055.5,3077.0,3169.5,4148.0,3880.5,1632.5,1918.5,2235.5,2530.5,2646.0,2790.5,2932.5,2954.0,4108.0,3832.0,1304.5,1710.5,2217.5,2396.0,2435.5,2636.5,2813.5,2835.5,3901.0,3687.0,1163.5,1518.5,1910.5,2172.5,2247.0,2419.0,2535.5,2613.5,3903.0,3660.0,1132.0,1507.0,1914.0,2148.5,2262.5,2407.5,2596.5,2623.0,3766.0,3665.0,1133.0,1456.0,1834.0,2049.0,2130.0,2300.0,2493.0,2517.0,1644.0,1165.5,341.0,525.5,630.5,832.5,942.5,1036.0,1175.0,1183.0,0.0,0.0,0.0,0.0,0.0,0.0,0.0,0.0,0.0,0.0,815.0,772.0,1441.0,1441.0,1370.0,1434.0,1270.0,1293.0,1291.0,1208.0,79.0,72.0,571.0,712.0,663.0,771.0,447.0,490.0,407.0,308.0,0.0,0.0,0.0,0.0,0.0,0.0,0.0,0.0,0.0,0.0,33.0,40.0,228.0,351.0,287.0,444.0,255.0,274.0,233.0,128.0,0.0,0.0,0.0,0.0,0.0,0.0,0.0,0.0,0.0,0.0,26.0,13.0,245.0,423.0,377.0,538.0,322.0,316.0,296.0,163.0,0.0,0.0,0.0,0.0,0.0,0.0,0.0,0.0,0.0,0.0,0.0,0.0,0.0,0.0,0.0,0.0,0.0,0.0,0.0,0.0,34.0,44.0,427.0,626.0,631.0,673.0,384.0,398.0,365.0,228.0,65.0,77.5,415.5,637.5,732.5,874.5,804.0,855.0,903.0,777.5,1977.0,1368.0,718.0,890.0,968.0,1089.0,1137.0,1231.0,1333.0,1362.0,2222.0,1571.0,693.0,926.0,1034.0,1207.0,1223.0,1340.0,1432.0,1467.0,3067.5,2702.0,1026.5,1346.5,1530.5,1645.0,1723.5,1832.0,2006.0,1957.0,3969.0,3767.0,1458.0,1896.0,2205.0,2363.0,2439.0,2492.0,2669.0,2673.0,"{""type"":""MultiPoint"",""coordinates"":[]}"
922,75,1779.5,1451.0,254.0,326.5,441.0,604.5,750.0,860.0,962.0,1046.0,2020.0,1211.5,273.5,544.5,438.5,945.0,2482.5,2871.0,3057.5,3029.0,2053.5,1260.5,281.5,516.0,410.5,940.5,2485.0,2947.5,3141.0,3121.5,2199.5,1413.0,344.5,588.0,523.0,973.0,2516.5,2985.5,3222.0,3177.5,2269.0,1506.0,452.5,695.5,645.0,1094.0,2576.5,3008.0,3276.5,3222.5,2399.0,1562.0,471.0,750.5,705.5,1204.0,2630.0,3041.0,3304.0,3270.0,2481.5,1636.5,452.0,775.0,727.5,1266.5,2645.5,3068.0,3286.5,3302.0,2514.0,1668.0,458.0,777.5,753.5,1292.0,2671.0,3063.5,3252.5,3300.5,2592.5,1720.0,434.5,779.5,748.5,1325.5,2601.5,3058.0,3209.0,3311.0,2515.5,1644.5,426.5,796.0,730.5,1335.5,2587.5,3046.0,3175.5,3302.0,2467.0,1563.5,448.0,807.0,750.0,1337.5,2583.5,2945.5,3121.5,3203.5,2717.5,2317.0,1615.5,1584.0,1637.5,1811.5,1875.0,1941.0,1974.0,2112.0,2474.5,1645.0,473.0,818.0,771.5,1352.5,2509.5,2943.0,3038.0,3148.0,2331.5,1498.5,437.0,783.5,741.5,1349.5,2405.0,2837.0,2960.0,3099.5,2302.0,1435.5,683.0,943.0,914.0,1421.5,2394.5,2795.5,2919.5,3053.0,2211.0,1387.5,647.0,881.0,837.5,1337.0,2354.0,2707.5,2898.5,3003.0,2228.0,1380.5,553.0,827.5,817.5,1309.0,2319.0,2618.5,2845.0,2854.0,2336.5,1548.0,521.5,792.0,852.5,1311.5,2098.5,2386.5,2574.5,2611.5,2283.5,1520.0,502.0,765.0,841.5,1283.5,2093.5,2396.0,2547.5,2634.5,2231.5,1461.5,483.5,716.5,790.5,1220.0,2056.0,2372.0,2547.0,2590.5,2070.5,1317.0,389.5,646.5,672.5,1124.5,2039.5,2314.0,2537.0,2572.5,1941.5,1212.0,280.0,513.0,492.0,978.0,1950.0,2253.0,2434.0,2486.5,1980.0,1567.5,230.5,371.0,510.5,684.5,859.5,944.5,1115.5,1163.0,1871.0,1138.0,229.5,481.0,454.5,913.0,1873.5,2134.5,2291.5,2395.0,1728.0,999.0,435.5,583.0,492.5,976.5,1854.0,2053.0,2240.0,2325.5,1751.0,1103.0,349.5,600.0,466.0,982.5,1626.5,1785.5,1928.5,2002.5,1861.0,1168.0,366.5,653.5,527.5,1070.5,1646.5,1785.5,1954.0,2041.5,2431.5,1623.0,2313.0,2307.5,2267.0,2514.0,2689.0,2768.0,2921.0,2867.0,0.0,0.0,0.0,0.0,0.0,0.0,0.0,0.0,0.0,0.0,2166.0,1689.0,206.0,370.5,519.5,781.0,911.5,1073.5,1194.0,1278.5,2283.0,1801.5,267.0,427.0,589.5,859.5,1059.0,1201.5,1348.5,1437.5,2299.0,1768.5,412.0,566.5,736.5,1094.0,1296.5,1411.0,1595.5,1643.0,2008.5,1250.5,778.0,957.0,1013.0,1477.0,2084.5,2197.0,2424.0,2375.5,2008.5,1250.5,778.0,957.0,1013.0,1477.0,2084.5,2197.0,2424.0,2375.5,1942.0,1153.0,200.5,515.5,370.0,988.0,2255.0,2514.0,2729.5,2716.0,1926.5,1138.5,192.0,498.0,366.5,925.5,2354.5,2683.5,2896.0,2858.0,"{""type"":""MultiPoint"",""coordinates"":[]}"
928,69,2086.0,1359.0,284.0,511.0,558.0,1007.0,1726.0,1954.0,2107.0,2180.0,3124.0,2309.0,771.0,1130.5,1411.5,1866.5,2414.0,2703.5,2931.0,3014.5,3293.5,2404.5,714.5,1109.5,1428.5,1938.5,2534.0,2853.0,2918.0,3205.0,3340.5,2394.0,769.5,1177.0,1473.0,1952.5,2604.0,2931.0,3121.5,3216.5,3273.5,2357.5,772.5,1191.0,1458.0,1984.0,2793.5,3120.0,3302.5,3423.0,3299.0,2382.5,776.5,1218.5,1502.5,2070.5,2874.0,3245.5,3369.5,3524.5,3308.0,2377.0,779.0,1230.5,1514.5,2035.0,3016.5,3428.5,3626.0,3721.0,3411.5,2400.0,800.0,1230.5,1565.0,2084.0,3014.0,3409.5,3534.5,3705.5,3532.5,2487.5,850.0,1277.5,1663.0,2172.5,3059.0,3495.5,3661.0,3854.0,3428.0,2362.0,794.0,1235.0,1641.0,2106.0,2969.0,3417.0,3626.0,3719.0,3375.5,2396.5,804.0,1198.0,1605.5,2069.5,2932.0,3375.5,3536.0,3703.0,2465.0,1645.0,313.0,630.0,575.0,1052.0,2072.0,2262.0,2613.0,2535.0,3240.0,2340.0,793.0,1173.0,1574.0,1990.0,2845.0,3267.0,3556.0,3568.0,3121.5,2190.0,1606.0,1831.5,1983.0,2324.5,2889.5,3202.5,3397.0,3493.5,3062.0,2143.5,1214.0,1410.5,1611.0,1993.0,2622.0,3028.0,3130.5,3343.5,2804.0,1951.0,527.0,716.5,881.0,1208.5,1849.5,2217.0,2382.0,2563.5,2692.0,1951.0,429.0,682.0,888.0,1230.0,1861.0,2211.0,2480.0,2547.0,2432.5,1682.5,395.0,614.0,805.0,1148.5,1790.0,2126.5,2299.0,2489.5,2323.5,1589.5,370.5,602.5,769.5,1114.0,1763.5,2111.5,2293.0,2416.5,2237.0,1531.0,419.0,614.0,763.0,1105.0,1719.0,2055.0,2245.0,2344.0,2091.5,1418.0,357.0,567.5,738.5,1077.0,1676.5,1981.5,2217.5,2299.0,0.0,0.0,0.0,0.0,0.0,0.0,0.0,0.0,0.0,0.0,2896.0,2866.0,2179.0,2206.0,2190.0,2554.0,3224.0,3310.0,3336.0,3412.0,3931.0,3481.0,4099.0,3865.0,3785.0,4068.0,4161.0,4237.0,4274.0,4263.0,914.0,489.0,250.0,349.0,278.0,652.0,1129.0,1299.0,1294.0,1464.0,1714.0,925.0,232.0,559.0,349.0,1064.0,2120.0,2338.0,2599.0,2632.0,0.0,0.0,0.0,0.0,0.0,0.0,0.0,0.0,0.0,0.0,2031.0,1180.0,239.0,540.0,345.0,995.0,2967.0,3350.0,3599.0,3547.0,0.0,0.0,0.0,0.0,0.0,0.0,0.0,0.0,0.0,0.0,0.0,0.0,0.0,0.0,0.0,0.0,0.0,0.0,0.0,0.0,2142.0,1240.0,328.0,612.0,423.0,1089.0,3130.0,3722.0,3919.0,3865.0,2297.0,1447.0,296.0,622.0,523.0,1104.0,3169.0,3788.0,4105.0,3949.0,2008.0,1274.0,327.0,603.0,505.0,1004.0,2952.0,3601.0,3821.0,3784.0,2577.0,1617.0,1053.0,1244.0,907.0,1736.0,3269.0,3688.0,4167.0,4051.0,2948.0,2209.0,613.0,934.0,1034.5,1571.5,2257.0,2527.5,2817.5,2857.0,3173.0,2337.0,742.0,1125.0,1377.0,1871.0,2419.0,2665.0,2934.0,2996.0,"{""type"":""MultiPoint"",""coordinates"":[]}"
958,37,3548.0,2615.5,791.0,1153.0,1740.0,2137.5,2430.5,2650.5,2904.5,2910.0,1804.0,960.0,461.0,754.0,674.0,1326.0,2965.0,3582.0,4005.0,3907.0,2176.5,1258.0,454.5,720.5,657.5,1191.5,3103.5,4131.5,4503.5,4521.0,2247.0,1255.0,529.0,799.0,670.5,1230.0,3286.5,4259.0,4692.5,4693.0,2314.5,1260.5,477.0,772.5,616.5,1202.0,3212.0,4095.0,4510.5,4524.0,2563.0,1357.0,541.0,920.0,727.0,1458.0,3573.0,4260.0,4585.0,4657.0,2645.0,1522.0,644.0,1042.0,794.0,1634.0,3498.0,4354.0,4556.0,4717.0,2665.5,1510.0,650.5,1046.0,837.5,1586.5,3346.5,3890.0,4060.5,4216.5,3050.5,1833.0,824.5,1244.0,1092.0,1874.5,3473.5,4018.5,4001.5,4345.0,3243.0,1899.0,867.0,1342.0,1295.0,2165.0,3462.0,3829.0,3710.0,4134.0,4336.0,3084.5,1351.0,1781.5,2448.0,2951.5,3124.5,3417.0,3427.0,3804.0,3608.0,2668.0,815.0,1146.0,1710.0,2067.0,2380.0,2609.0,2912.0,2931.0,4436.0,3212.0,1179.0,1595.0,2257.0,2714.0,2826.0,3036.0,3070.0,3387.0,2691.5,2015.0,927.5,1242.0,1793.0,2133.0,2240.5,2466.0,2520.0,2724.0,3279.0,2090.0,709.5,993.0,1078.0,1615.0,3058.5,3758.0,3683.0,4004.0,2889.0,1550.0,386.0,712.0,435.0,1139.0,3913.0,5551.0,5642.0,5577.0,2748.5,1432.0,512.5,854.0,506.0,1173.5,4038.0,5479.0,5340.5,5501.5,2898.5,1555.5,568.0,950.5,607.0,1321.5,4174.0,5659.5,5615.0,5912.0,2684.0,1366.5,492.5,874.0,538.0,1237.5,3944.0,5002.5,5064.0,5149.0,2854.0,1580.0,527.0,897.0,568.0,1216.0,3969.0,5026.0,5215.0,5327.0,2674.0,1441.0,442.0,827.0,548.0,1194.0,3838.0,4806.0,5205.0,5128.0,2780.0,1549.0,414.0,864.0,590.0,1382.0,3808.0,4499.0,4755.0,4917.0,3305.0,2422.0,575.0,965.0,1286.0,1696.0,2134.0,2353.0,2517.0,2582.0,2587.0,1402.0,397.0,837.0,569.0,1334.0,3502.0,4165.0,4268.0,4323.0,2619.0,1470.0,377.0,734.0,512.0,1140.0,3269.0,3790.0,4074.0,4048.0,2568.0,1427.0,370.0,754.0,641.0,1381.0,2978.0,3622.0,3873.0,3932.0,2629.0,1554.0,422.0,781.5,720.5,1450.5,2971.5,3530.5,3726.0,3884.0,2844.5,1707.5,476.5,820.5,910.0,1659.5,2813.0,3287.0,3607.5,3646.5,3553.0,2336.0,863.0,1249.0,2003.0,2545.0,2834.0,3115.0,3501.0,3710.0,3307.0,2428.0,668.0,957.0,1191.0,1566.0,2165.0,2417.0,2658.0,2674.0,3236.0,2227.0,567.0,936.0,1074.0,1561.0,2305.0,2542.0,2816.0,2793.0,3280.5,2291.5,657.5,986.0,1167.5,1659.5,2375.0,2612.5,2908.5,2884.5,1654.0,1065.0,507.0,757.0,925.0,1351.0,1761.0,1977.0,2167.0,2174.0,2404.5,1514.5,476.0,756.0,707.0,1180.5,2464.5,2829.0,3115.0,3050.5,2343.0,1402.0,563.0,779.0,647.0,1147.0,2975.0,3665.0,3816.0,3854.0,0.0,0.0,0.0,0.0,0.0,0.0,0.0,0.0,0.0,0.0,"{""type"":""MultiPoint"",""coordinates"":[]}"
987,69,2352.5,2211.5,751.5,872.5,999.0,1215.0,1342.5,1429.0,1562.5,1601.5,4323.5,4167.0,1223.0,1649.0,2136.5,2486.5,2744.0,2955.5,3108.0,3164.0,4036.0,3881.0,1131.5,1539.5,1957.0,2278.5,2652.5,2886.5,3095.5,3117.0,4062.0,3881.0,1192.0,1664.0,2065.5,2510.5,2958.0,3190.0,3314.0,3397.5,4235.0,4134.5,1226.0,1687.0,2111.5,2523.5,2968.0,3217.5,3442.0,3427.5,4188.5,3958.5,1156.5,1645.5,2065.5,2508.0,3031.0,3336.5,3531.0,3541.0,3607.0,3304.0,942.0,1366.5,1658.5,2149.5,2707.5,2941.5,3098.0,3224.5,3559.5,3055.5,912.0,1318.0,1587.5,2147.0,2678.0,2941.5,3112.5,3224.5,3537.0,2893.5,866.0,1332.0,1536.0,2162.0,2866.0,3142.0,3222.5,3336.0,4171.5,3805.0,1118.0,1593.0,1995.0,2540.5,3126.0,3452.0,3479.5,3714.5,3445.0,2853.0,850.0,1305.0,1519.5,2131.5,2954.5,3324.5,3430.0,3534.0,2434.5,2341.5,789.5,925.0,1050.5,1264.5,1457.0,1533.5,1695.0,1700.0,3554.0,2961.5,808.0,1199.0,1430.0,1994.5,2840.5,3242.0,3262.0,3452.0,3610.5,3183.0,832.5,1268.0,1543.0,2091.0,2770.0,3055.5,3103.5,3283.0,3572.5,3246.5,975.0,1345.5,1709.0,2148.0,2625.5,2880.0,2923.0,3166.5,3720.0,3445.5,1019.5,1409.5,1768.5,2197.0,2850.0,3186.0,3259.5,3409.5,3519.0,3221.0,944.5,1339.0,1685.0,2110.5,2614.0,2879.5,3065.5,3147.5,3226.0,2890.5,854.5,1236.0,1556.0,1965.5,2384.0,2631.0,2751.5,2849.5,3196.0,2857.5,958.5,1294.5,1673.0,2123.5,2495.5,2827.5,2988.0,3109.0,3164.5,2700.0,941.0,1294.5,1673.0,2123.5,2495.5,2827.5,2988.0,3109.0,2248.0,1806.0,604.0,902.0,1203.5,1605.5,2103.0,2415.5,2595.5,2741.5,2989.5,2677.5,806.0,1119.0,1416.0,1865.0,2277.0,2530.0,2634.5,2782.0,2163.0,1975.5,509.5,698.0,848.0,1091.0,1320.5,1388.0,1544.5,1537.5,2909.0,2509.5,775.5,1112.5,1283.0,1844.0,2279.0,2460.5,2553.5,2676.5,2909.0,2509.5,758.5,1112.5,1271.0,1844.0,2279.0,2497.0,2623.0,2756.5,2509.5,2081.5,699.0,1037.5,1044.5,1646.0,2522.5,2718.0,2999.0,2976.0,2474.5,2013.5,646.0,953.5,1056.5,1596.5,2357.5,2472.0,2716.0,2769.0,1537.0,971.0,1239.0,1241.5,1226.5,1471.0,1760.0,1847.0,1917.0,1940.0,0.0,0.0,0.0,0.0,0.0,0.0,0.0,0.0,0.0,0.0,2255.0,1920.5,537.5,758.0,873.0,1201.5,1492.5,1619.0,1740.5,1803.5,2568.5,2253.0,650.5,905.5,1018.5,1417.0,1812.0,1972.5,2104.5,2136.0,2885.0,2466.5,738.0,1049.5,1184.5,1648.5,2137.5,2288.0,2442.0,2491.5,2798.5,2390.0,889.5,1171.5,1303.0,1795.0,2242.5,2352.5,2520.5,2569.5,2906.0,2557.5,889.5,1171.5,1353.0,1836.5,2218.0,2362.5,2516.5,2568.5,3714.5,3593.5,1059.0,1427.0,1852.0,2126.0,2271.0,2430.0,2634.5,2659.0,3919.0,3920.0,1111.0,1505.0,1979.5,2271.5,2435.5,2609.5,2788.5,2816.0,"{""type"":""MultiPoint"",""coordinates"":[]}"
1064,75,2125.0,1493.0,507.5,622.0,775.0,1396.5,2031.0,2226.0,2470.0,2518.0,1959.0,1371.5,496.5,738.5,681.0,1104.0,2316.0,2651.0,2810.0,2803.0,1920.5,1279.0,508.5,733.0,638.0,1056.5,2523.5,2953.5,3094.5,3061.0,2246.0,1438.0,438.0,747.0,636.0,1176.0,3091.0,3651.0,3718.0,3839.0,2223.0,1430.0,464.0,759.0,627.0,1154.0,3126.0,3703.0,3878.0,3942.0,2284.0,1451.0,464.0,755.0,627.0,1154.0,3057.0,3645.0,3867.0,3983.0,2266.0,1436.0,441.0,724.0,598.0,1118.0,3006.0,3685.0,3935.0,4006.0,2266.0,1436.0,419.0,724.0,598.0,1118.0,3166.0,3814.0,4142.0,4126.0,2259.0,1275.0,382.0,679.0,560.0,1121.0,3190.0,3915.0,4080.0,4283.0,2880.0,2020.0,481.0,815.0,864.0,1411.0,2765.0,3201.0,3395.0,3576.0,2865.0,2014.0,487.0,783.0,907.0,1395.0,2567.0,2976.0,3165.0,3338.0,2432.5,1792.5,538.5,689.0,906.0,1426.5,1942.0,2146.0,2408.0,2446.5,3110.5,2267.0,606.5,883.5,1022.0,1517.0,2721.0,3252.0,3387.5,3607.5,2893.0,2153.0,536.0,825.0,938.0,1428.0,2553.0,3027.0,3196.0,3347.0,2893.0,2101.0,536.0,819.0,938.0,1428.0,2553.0,3027.0,3196.0,3347.0,2712.0,1974.0,553.0,763.0,893.0,1313.0,2375.0,2798.0,2982.0,3110.0,2625.0,1931.0,465.0,726.0,876.0,1291.0,2265.0,2634.0,2891.0,2951.0,2597.0,1931.0,465.0,708.0,842.0,1220.0,2169.0,2568.0,2778.0,2917.0,2597.0,1933.0,665.0,860.0,970.0,1333.0,2169.0,2517.0,2778.0,2865.0,2991.0,2550.5,2698.0,2715.0,2599.5,2731.5,3103.5,3233.5,3371.5,3332.0,1407.5,999.0,239.5,372.0,432.5,668.0,1331.5,1573.0,1718.5,1772.5,1445.0,1128.0,335.0,519.0,581.0,786.0,1253.0,1417.0,1439.0,1561.0,2326.0,1631.5,394.0,576.5,834.0,1336.5,1820.5,2016.0,2300.0,2370.0,1989.5,1337.0,287.0,497.0,533.0,968.5,2105.0,2489.5,2659.0,2770.0,1880.0,1233.0,302.0,489.0,490.0,974.0,2142.0,2422.0,2615.0,2677.0,1735.0,1291.0,333.0,442.0,516.0,904.0,1845.0,2134.0,2306.0,2356.0,1754.0,1296.0,314.0,456.0,557.5,1003.0,1901.5,2148.0,2350.0,2420.5,2065.0,1493.0,457.0,641.0,759.0,1318.0,2102.0,2328.0,2514.0,2555.0,0.0,0.0,0.0,0.0,0.0,0.0,0.0,0.0,0.0,0.0,2388.5,1803.0,466.5,652.0,822.5,1269.5,1728.5,1906.0,2106.0,2179.5,2562.5,2074.5,488.5,689.5,882.0,1317.5,1760.0,1937.0,2128.0,2170.0,2747.0,2246.0,540.0,794.0,1044.0,1418.0,1926.0,2088.0,2378.0,2354.0,2724.0,2256.0,524.0,794.0,1044.0,1414.0,1926.0,2088.0,2395.0,2354.0,2409.0,1755.0,506.0,722.0,823.0,1345.0,2022.0,2226.0,2416.0,2471.0,2348.0,1755.0,464.0,722.0,823.0,1279.0,1996.0,2173.0,2352.0,2393.0,1548.5,1205.5,328.5,509.5,523.5,827.5,1532.0,1741.5,1861.5,1874.5,"{""type"":""MultiPoint"",""coordinates"":[]}"
1075,36,3589.0,2935.0,2485.0,2552.5,2712.5,2977.0,3297.0,3478.5,3715.0,3649.5,2447.0,1291.0,362.0,720.0,373.5,1243.5,4489.5,5347.5,5652.0,5424.5,3194.0,2232.5,637.0,957.5,890.5,1605.5,3558.0,4247.0,4547.5,4479.5,3913.0,3147.0,896.0,1212.0,1418.0,1957.0,2718.0,3065.0,3251.0,3288.0,2526.0,1561.0,438.0,743.0,490.0,1360.0,3511.0,4139.0,4251.0,4265.0,4353.0,3294.0,1052.0,1428.0,1675.0,2327.0,2788.0,3114.0,3433.0,3524.0,3545.0,2513.0,674.0,1022.0,1208.0,1729.0,2762.0,2995.0,3239.0,3344.0,3066.0,2056.0,519.0,911.0,800.0,1520.0,3338.0,3713.0,4043.0,3968.0,4962.0,3829.0,1272.0,1703.0,2152.0,2774.0,3083.0,3295.0,3556.0,3697.0,5005.0,3828.0,1458.0,1960.0,2664.0,3097.0,3286.0,3543.0,3832.0,3896.0,5005.0,3747.0,1456.0,1995.0,2739.0,3135.0,3331.0,3620.0,3858.0,3981.0,3751.0,3144.0,2471.5,2514.0,2618.0,2845.5,3248.5,3425.0,3623.0,3585.5,4946.0,3747.0,1456.0,1962.0,2725.0,3081.0,3295.0,3612.0,3858.0,3963.0,4816.5,3556.5,1312.0,1812.5,2547.5,2954.0,3207.5,3489.5,3746.5,3872.5,4836.0,3565.0,1312.0,1823.0,2582.0,3054.0,3255.0,3606.0,3771.0,3965.0,4667.0,3515.0,1305.0,1723.0,2435.0,2863.0,3094.0,3421.0,3672.0,3782.0,4572.0,3472.0,1267.0,1710.0,2427.0,2846.0,3091.0,3305.0,3619.0,3670.0,4362.0,3292.0,1127.0,1538.0,2209.0,2666.0,2857.0,3056.0,3335.0,3421.0,4411.5,3305.5,1147.0,1573.0,2227.5,2644.0,2913.5,3125.5,3404.0,3494.0,4022.0,3211.5,2082.0,2297.0,2672.5,2936.0,3128.5,3314.5,3353.0,3549.5,4401.0,3240.0,1240.0,1662.0,2375.0,2702.0,2932.0,3238.0,3370.0,3683.0,4343.0,3219.0,1240.0,1620.0,2300.0,2645.0,2848.0,3139.0,3491.0,3523.0,2921.0,2170.0,601.0,831.5,1046.5,1312.5,1922.5,2125.0,2380.0,2416.0,4356.0,3209.0,1188.0,1566.5,2195.0,2566.5,2765.0,3049.5,3286.5,3434.0,4039.0,3216.0,956.0,1283.0,1744.0,2063.0,2259.0,2452.0,2626.0,2746.0,3487.0,3191.0,887.0,1041.0,1342.0,1583.0,1750.0,1851.0,2031.0,2074.0,3487.0,3191.0,887.0,1041.0,1342.0,1583.0,1750.0,1851.0,2031.0,2074.0,3198.0,2802.0,689.0,901.0,1230.0,1452.0,1577.0,1744.0,1913.0,2048.0,0.0,0.0,0.0,0.0,0.0,0.0,0.0,0.0,0.0,0.0,2260.0,1417.0,456.0,690.0,646.5,1085.5,2246.5,2548.0,2676.0,2694.0,1990.5,1099.0,313.5,559.0,416.5,1027.0,2678.0,3081.5,3277.0,3197.5,2013.0,983.0,281.0,560.0,323.0,1026.0,3752.0,4239.0,4677.0,4526.0,2013.0,927.0,221.0,531.0,246.0,891.0,3977.0,4712.0,5359.0,4869.0,2013.0,1029.0,263.0,528.0,271.0,973.0,4037.0,5058.0,5472.0,5317.0,2068.5,1087.0,250.5,527.0,283.5,1058.5,4045.0,5045.0,5466.5,5350.0,2235.0,1521.0,653.0,922.0,1081.0,1623.0,2245.0,2464.0,2579.0,2647.0,"{""type"":""MultiPoint"",""coordinates"":[]}"
1188,75,2694.0,2067.0,894.0,1127.0,1252.0,1836.0,2196.0,2396.0,2551.0,2645.0,3394.5,2526.5,790.0,1178.0,1455.5,1957.5,2972.5,3355.0,3612.0,3705.5,3542.0,2594.0,806.0,1236.0,1467.0,2011.0,3412.0,3946.0,4182.0,4264.0,3507.5,2507.5,763.0,1217.0,1423.0,2003.5,3459.0,3983.0,4291.0,4312.0,3657.0,2676.0,776.0,1254.0,1554.0,2098.0,3420.0,3952.0,4289.0,4245.0,3657.0,2696.0,815.0,1306.0,1580.0,2189.0,3592.0,4187.0,4430.0,4571.0,3761.0,2703.0,818.0,1317.0,1645.0,2197.0,3592.0,4187.0,4430.0,4570.0,3761.0,2652.0,785.0,1299.0,1625.0,2197.0,3678.0,4280.0,4606.0,4678.0,3871.0,2778.0,839.0,1323.0,1684.0,2309.0,3638.0,4091.0,4324.0,4508.0,4209.0,3028.0,913.0,1438.0,1921.0,2602.0,3683.0,4218.5,4383.0,4645.5,4109.0,2950.5,924.5,1456.0,1973.5,2596.5,3658.0,4190.0,4360.5,4626.5,3177.0,2730.0,977.5,1223.5,1490.5,1848.5,2078.0,2228.0,2433.0,2481.5,4148.0,2987.5,909.5,1440.0,1964.5,2587.5,3640.5,4152.5,4295.5,4624.5,4181.0,3054.0,957.0,1495.0,2013.0,2602.0,3610.0,4098.0,4264.0,4558.0,3794.0,2847.0,957.0,1495.0,1981.0,2539.0,3280.0,3528.0,3732.0,3872.0,3794.0,2847.0,1159.0,1572.0,2054.0,2608.0,3280.0,3546.0,3822.0,3927.0,3792.0,2874.0,983.0,1394.0,1863.0,2370.0,3040.0,3340.0,3631.0,3755.0,3849.0,2898.0,1019.0,1483.0,2004.0,2538.0,3227.0,3614.0,3841.0,3992.0,3658.5,2685.5,998.0,1429.0,1917.0,2364.5,3177.0,3563.5,3832.0,3955.5,3509.0,2658.0,907.0,1325.0,1810.5,2279.0,3031.5,3427.5,3762.5,3804.0,3199.0,2420.0,778.5,1159.0,1582.0,2003.0,2721.0,3042.0,3334.0,3413.5,2491.5,2006.5,682.5,980.0,1265.5,1641.0,2283.0,2616.0,2778.5,2949.5,3286.5,2760.5,722.5,1076.0,1555.0,1906.0,2133.5,2329.0,2580.5,2596.5,2741.5,2027.0,566.0,855.5,1130.0,1600.5,2364.0,2692.5,2811.0,2986.5,2590.0,1919.0,855.0,988.0,1028.0,1498.0,2222.0,2487.0,2674.0,2802.0,2524.0,2118.5,623.5,713.5,888.0,1258.0,1849.5,2069.5,2319.5,2341.0,2467.0,2059.0,592.0,751.0,908.0,1230.0,1808.0,2064.0,2221.0,2275.0,1804.0,1226.0,369.0,589.0,714.0,1141.0,1715.0,1903.0,2148.0,2151.0,0.0,0.0,0.0,0.0,0.0,0.0,0.0,0.0,0.0,0.0,3309.0,2747.0,749.0,1184.0,1628.0,2005.0,2214.0,2392.0,2649.0,2641.0,3371.5,2865.5,1351.5,1689.5,1919.0,2359.0,2852.5,3004.5,3199.5,3153.5,3443.0,2867.5,1055.5,1491.0,1813.0,2302.5,2747.0,2889.0,3134.0,3104.5,3321.0,2609.0,884.0,1312.0,1547.0,2190.0,3132.0,3478.0,3652.0,3662.0,2906.0,2265.0,820.0,1182.0,1249.0,1893.0,3132.0,3478.0,3652.0,3662.0,2599.0,1855.0,634.0,1052.0,1043.0,1644.0,3321.0,3727.0,3914.0,3921.0,2971.5,2115.0,666.5,1124.5,1173.5,1773.5,3235.0,3654.5,3956.5,3980.5,"{""type"":""MultiPoint"",""coordinates"":[]}"
1283,3,205.0,177.0,159.0,272.0,292.0,369.0,328.0,353.0,343.0,232.0,3444.0,3170.0,952.0,1384.0,1884.0,2069.0,2136.0,2245.0,2431.0,2424.0,0.0,0.0,0.0,0.0,0.0,0.0,0.0,0.0,0.0,0.0,224.0,179.0,265.0,407.0,477.0,510.0,337.0,355.0,436.0,287.0,526.5,347.5,263.0,543.5,406.0,893.0,958.0,1075.5,1137.5,984.0,1046.0,681.0,352.0,665.0,438.0,1018.0,1688.0,1877.0,1887.0,1701.0,1792.0,960.0,263.5,649.5,262.0,877.5,2983.0,3635.0,3842.5,3687.5,2041.0,1091.0,289.5,693.0,415.0,1218.5,3262.5,4024.0,4179.0,4171.0,1949.0,1031.5,305.5,664.5,416.5,1136.0,3105.5,3887.5,4004.0,4102.5,1667.0,867.0,211.0,552.0,245.0,785.0,3019.0,3823.0,4058.0,3999.0,1715.5,835.5,552.0,817.5,460.0,1025.5,3173.0,4089.0,4186.5,4233.5,273.0,205.0,139.0,239.0,309.0,415.0,323.0,356.0,412.0,316.0,1579.0,741.0,292.0,562.0,236.0,708.0,3004.0,4210.0,4371.0,4318.0,1682.5,760.5,1539.0,1737.0,1350.0,1844.0,3686.0,4664.5,4810.5,4789.0,1669.0,802.5,1019.5,1272.0,856.5,1604.0,3569.0,4450.5,4558.5,4705.5,2474.0,1297.5,1110.0,1579.0,1017.5,2232.0,4623.0,5428.5,5576.0,5719.5,2531.0,1392.0,632.0,1555.0,901.0,2567.0,4816.0,5379.0,5688.0,5735.0,3022.0,1844.5,950.5,1831.5,1710.0,3311.0,4422.5,4815.5,4992.5,5353.5,4166.5,2678.0,1223.5,1919.5,2486.0,3515.0,4004.5,4375.0,4636.5,4809.5,5182.0,3482.0,1412.0,1999.0,2981.0,3561.0,3693.0,4054.0,4524.0,4710.0,2316.0,1644.5,717.5,1046.5,1591.5,1852.5,1891.5,1981.5,2272.5,2178.5,1181.0,895.0,951.0,1013.0,1074.0,1249.0,1327.0,1367.0,1403.0,1362.0,1555.0,1377.0,1651.0,1652.0,1647.0,1772.0,1692.0,1749.0,1737.0,1752.0,197.0,78.0,284.0,293.0,416.0,479.0,322.0,378.0,410.0,309.0,1387.0,1180.0,1108.0,1094.0,1124.0,1328.0,1538.0,1726.0,1423.0,1677.0,264.5,178.0,437.5,577.5,698.5,689.5,587.5,560.5,500.0,382.0,0.0,0.0,0.0,0.0,0.0,0.0,0.0,0.0,0.0,0.0,92.0,60.0,887.0,1385.0,1986.0,2205.0,1889.0,1899.0,1799.0,1478.0,0.0,0.0,0.0,0.0,0.0,0.0,0.0,0.0,0.0,0.0,449.0,394.0,630.0,678.0,677.0,745.0,593.0,664.0,522.0,530.0,165.0,116.0,776.0,1269.0,1488.0,1989.0,1882.0,1889.0,1847.0,1692.0,1610.0,1162.0,519.0,805.5,1053.5,1215.5,1293.0,1389.5,1533.5,1481.0,2211.0,1775.0,711.0,942.0,1191.0,1342.0,1444.0,1486.0,1621.0,1627.0,3460.0,2458.0,2512.0,2682.0,2931.0,3156.0,3564.0,3646.0,4032.0,3817.0,3451.0,3057.5,1224.0,1624.0,2097.0,2299.5,2368.5,2535.5,2705.5,2638.0,2767.0,2573.0,730.0,1049.0,1445.0,1583.0,1640.0,1754.0,1878.0,1906.0,"{""type"":""MultiPoint"",""coordinates"":[]}"
1464,75,2304.5,2024.0,549.5,695.5,874.0,1177.5,1478.0,1627.0,1775.0,1836.5,2973.5,2246.0,633.5,948.5,1075.0,1543.5,2706.5,3099.0,3287.5,3365.0,2980.5,2223.0,612.0,907.5,1025.0,1486.5,2757.5,3196.0,3391.5,3460.0,3115.0,2313.5,644.0,956.0,1128.5,1564.5,2849.0,3314.5,3598.0,3568.5,3323.0,2478.5,757.5,1104.5,1295.0,1805.0,3031.5,3516.0,3764.0,3794.5,3413.5,2506.5,778.5,1137.5,1367.0,1848.5,3120.5,3599.0,3837.5,3881.0,3488.0,2540.0,779.0,1173.5,1415.0,1926.0,3154.5,3693.5,3920.0,3995.5,3537.0,2584.5,820.0,1215.0,1497.0,1964.0,3186.5,3724.5,3978.0,4013.0,3550.0,2558.0,855.0,1247.5,1507.0,1992.5,3292.5,3828.5,4002.0,4168.5,3612.5,2594.0,847.5,1233.5,1521.0,2036.0,3303.0,3856.0,3998.5,4204.0,3590.0,2601.5,828.5,1219.0,1525.0,2032.0,3240.5,3823.5,3932.0,4146.5,3455.5,3049.0,2432.0,2424.5,2419.0,2742.0,2972.5,3054.5,3130.0,3133.0,3559.5,2558.5,813.0,1218.5,1507.0,2029.0,3279.0,3916.0,3989.0,4217.5,3442.0,2452.5,773.5,1164.5,1467.0,1968.0,3170.0,3659.5,3827.0,4012.5,3405.0,2428.0,818.0,1188.5,1479.0,1945.0,3037.5,3619.0,3754.5,3954.0,3139.0,2340.0,721.5,1045.0,1345.0,1776.0,2692.5,3132.5,3290.0,3447.0,3043.5,2210.0,700.0,1027.5,1312.0,1703.5,2563.5,3016.0,3193.0,3345.0,2958.0,2122.0,744.0,1019.5,1329.0,1689.0,2507.0,2905.5,3109.5,3236.0,2797.0,2059.5,751.0,1014.5,1282.0,1626.0,2370.0,2747.5,2905.0,3006.5,2646.5,1928.0,662.5,963.5,1221.5,1575.5,2508.5,2991.5,3188.5,3319.5,2206.0,1520.5,459.0,737.0,872.0,1324.5,2482.0,2912.0,3138.0,3255.5,2017.0,1370.5,415.0,652.5,743.5,1221.5,2347.5,2831.5,2995.5,3092.0,2312.5,1959.0,429.5,634.5,752.0,1119.5,1558.5,1722.5,1920.5,1926.5,1887.0,1281.5,380.0,604.0,653.0,1104.5,2244.5,2644.0,2820.5,2891.0,1753.0,1163.0,426.5,630.0,623.5,1073.0,2137.0,2503.5,2671.0,2737.0,2571.0,1827.0,578.5,788.5,948.0,1442.5,1970.5,2253.0,2541.0,2697.5,2702.0,1912.5,640.0,882.0,1073.5,1557.0,2029.5,2309.5,2616.0,2734.5,2073.5,1386.0,2137.5,2082.0,2044.5,2280.0,2407.5,2471.0,2586.0,2569.5,0.0,0.0,0.0,0.0,0.0,0.0,0.0,0.0,0.0,0.0,2363.5,1841.0,429.0,690.5,730.0,1233.5,1882.5,2101.0,2229.0,2292.5,2703.5,2121.5,566.5,841.5,911.5,1472.0,2193.5,2441.0,2610.5,2696.0,2896.5,2230.0,659.0,965.5,1095.0,1672.5,2282.5,2509.0,2731.5,2805.5,0.0,0.0,0.0,0.0,0.0,0.0,0.0,0.0,0.0,0.0,0.0,0.0,0.0,0.0,0.0,0.0,0.0,0.0,0.0,0.0,2778.0,2208.0,547.0,824.5,944.5,1376.0,2220.5,2483.0,2680.0,2745.5,2857.5,2247.5,573.5,857.0,996.0,1430.5,2352.5,2674.0,2889.0,2919.5,"{""type"":""MultiPoint"",""coordinates"":[]}"
1565,3,110.0,55.0,19.0,117.0,210.0,303.0,124.0,103.0,161.0,29.0,2578.0,2264.0,680.5,869.5,1099.0,1205.5,1284.0,1377.0,1534.0,1451.5,2426.0,2136.0,748.0,937.5,1148.5,1224.5,1231.0,1308.5,1511.5,1373.5,2951.0,2663.0,894.0,1140.0,1396.0,1524.0,1493.0,1621.0,1818.0,1795.0,136.5,126.5,275.5,491.0,481.5,714.5,510.5,483.0,623.0,437.5,173.5,141.0,339.0,552.0,571.5,726.5,541.0,546.5,630.0,411.0,583.0,393.5,433.5,674.0,600.0,897.5,1060.5,1205.0,1238.5,1061.5,1502.5,861.5,431.0,748.0,524.0,984.0,1888.0,2155.5,2219.0,2204.5,1692.0,883.0,332.0,644.5,392.5,1028.5,2564.5,3110.5,3100.5,3139.5,2091.0,1012.0,242.0,563.0,243.0,833.0,3514.0,4926.0,5128.0,4971.0,1981.0,971.0,239.5,534.0,226.5,793.5,3441.5,5023.0,5076.5,5151.5,1548.5,1373.0,1854.5,1773.0,1751.0,1803.0,1653.0,1658.5,1719.0,1572.5,1837.0,835.0,284.0,538.0,263.0,802.0,3162.0,4748.0,4918.0,4931.0,1829.0,823.5,1301.0,1439.0,1173.5,1617.0,3317.5,4665.5,4860.0,4899.5,2050.0,934.0,2445.0,2590.0,2395.0,2649.0,3429.0,3967.0,4133.0,4256.0,1620.5,715.5,518.0,754.0,454.5,1089.5,3191.0,4490.5,4680.5,4741.0,1716.0,867.0,359.0,805.0,431.0,1350.0,3468.0,4461.0,4823.0,4761.0,1958.5,1038.5,525.5,976.5,665.5,1639.5,3687.0,4404.5,4643.5,4790.0,2014.5,1099.0,417.5,964.5,783.0,1843.0,3535.5,4146.5,4443.5,4582.0,2171.0,1248.0,575.0,1104.0,1079.0,1997.0,3208.0,3678.0,4037.0,4165.0,4316.0,2874.5,1150.5,1660.0,2255.0,2980.5,3335.5,3574.5,3988.0,4006.5,2032.5,1421.0,1960.5,2180.0,2624.0,3077.0,3124.0,3333.0,3299.5,3478.5,1022.0,879.0,1692.0,1578.0,1511.0,1580.0,1460.0,1438.0,1509.0,1384.0,0.0,0.0,0.0,0.0,0.0,0.0,0.0,0.0,0.0,0.0,0.0,0.0,0.0,0.0,0.0,0.0,0.0,0.0,0.0,0.0,62.0,61.0,5.0,23.0,83.0,91.0,69.0,28.0,175.0,0.0,81.0,41.0,145.0,164.0,188.0,213.0,80.0,65.0,192.0,200.0,91.0,48.0,70.0,45.0,100.0,87.0,75.0,109.0,142.0,0.0,0.0,0.0,0.0,0.0,0.0,0.0,0.0,0.0,0.0,0.0,0.0,0.0,0.0,0.0,0.0,0.0,0.0,0.0,0.0,0.0,99.0,61.0,144.0,228.0,309.0,448.0,441.0,532.0,625.0,574.0,2057.5,1440.5,551.5,772.0,1028.5,1279.0,1348.0,1488.0,1757.0,1752.5,0.0,0.0,0.0,0.0,0.0,0.0,0.0,0.0,0.0,0.0,2225.0,1701.5,735.5,851.5,1051.5,1252.0,1298.5,1351.5,1549.5,1512.5,4294.5,3446.0,1245.5,1541.0,1938.5,2196.5,2302.5,2343.0,2761.5,2656.5,2529.0,2128.0,634.0,819.0,1056.0,1185.0,1247.0,1327.0,1510.0,1504.0,"{""type"":""MultiPoint"",""coordinates"":[]}"
1599,54,1145.0,986.0,207.5,328.5,430.0,468.5,508.0,555.0,613.5,636.0,2308.5,2077.0,776.5,934.0,1102.0,1218.5,1274.5,1363.5,1467.0,1461.5,2240.5,2033.0,789.5,934.0,1122.0,1220.0,1226.0,1286.5,1390.0,1402.5,2550.0,2361.5,1080.5,1259.0,1451.5,1530.5,1575.5,1656.0,1748.0,1758.5,2565.5,2291.5,1128.0,1304.5,1501.5,1601.0,1637.0,1686.0,1799.0,1783.0,2534.0,2219.0,1029.0,1253.5,1423.0,1550.0,1606.5,1675.0,1750.0,1776.0,2535.0,2225.0,1030.5,1226.5,1388.0,1542.0,1697.0,1776.5,1880.5,1884.5,2407.5,1933.5,868.0,1120.5,1143.5,1446.0,2213.5,2413.5,2456.0,2480.5,2187.5,1479.5,590.5,916.5,734.0,1297.5,3266.0,3812.0,3855.5,3866.0,1914.5,959.5,330.0,700.5,374.5,1121.5,4447.0,5627.0,5857.0,5689.0,1884.0,837.0,280.0,669.0,275.0,1062.0,4970.5,6501.5,6622.5,6568.5,1340.0,1194.0,369.5,437.5,549.5,619.5,630.0,690.5,770.5,769.5,1741.0,781.5,476.0,783.0,415.5,1082.0,4758.5,6330.5,6455.0,6442.5,2137.5,869.0,2240.0,2370.5,1966.0,2457.5,4540.0,5647.0,5932.0,6133.0,1659.0,794.5,907.0,1197.5,802.5,1470.0,4199.0,5200.5,5321.0,5463.5,1733.0,807.0,636.0,960.0,561.0,1467.5,4571.5,5568.5,5883.0,5799.5,1696.5,854.0,430.0,949.0,591.5,1672.5,4302.5,5025.0,5404.5,5294.0,1786.0,946.0,503.5,1051.5,843.5,1917.5,3619.0,4104.5,4451.0,4494.5,2636.0,1754.5,715.5,1078.0,1277.5,1893.0,2624.0,3020.0,3382.5,3388.5,3353.0,2568.0,958.0,1242.5,1647.5,1937.0,2107.5,2360.0,2618.5,2685.0,2430.5,2112.5,798.5,1012.0,1276.0,1428.5,1480.5,1588.0,1749.0,1742.5,0.0,0.0,0.0,0.0,0.0,0.0,0.0,0.0,0.0,0.0,0.0,0.0,0.0,0.0,0.0,0.0,0.0,0.0,0.0,0.0,526.5,464.5,250.5,227.5,227.0,251.0,241.0,266.5,291.5,280.5,0.0,0.0,0.0,0.0,0.0,0.0,0.0,0.0,0.0,0.0,1886.5,1749.5,513.5,657.0,740.0,894.0,955.0,1047.0,1156.5,1120.0,0.0,0.0,0.0,0.0,0.0,0.0,0.0,0.0,0.0,0.0,1799.0,1606.0,458.0,575.5,661.0,889.0,1141.0,1213.5,1338.5,1290.5,0.0,0.0,0.0,0.0,0.0,0.0,0.0,0.0,0.0,0.0,0.0,0.0,0.0,0.0,0.0,0.0,0.0,0.0,0.0,0.0,1863.5,1696.5,475.5,591.5,746.0,832.5,914.0,977.0,1073.5,1062.0,2050.0,1837.0,549.5,725.0,855.5,970.5,1133.0,1218.0,1351.0,1333.0,2166.5,1976.5,641.5,802.0,946.5,1060.0,1158.5,1278.0,1388.5,1391.0,1877.5,1630.0,513.5,648.0,799.5,891.0,939.5,996.5,1093.5,1116.0,2099.5,1844.0,598.0,781.5,959.0,1035.5,1106.5,1194.5,1306.5,1284.5,2254.5,2004.5,677.5,865.0,1041.5,1156.0,1222.5,1294.0,1397.0,1408.5,"{""type"":""MultiPoint"",""coordinates"":[]}"
1749,24,4194.5,3599.0,1228.5,1770.0,2396.5,2665.5,2781.0,2938.0,3121.0,3116.5,4104.0,3117.0,949.0,1387.0,1945.0,2353.0,2955.0,3257.0,3673.0,3646.0,4695.5,3538.0,2264.5,2608.5,3098.0,3493.0,3867.5,4143.5,4473.5,4466.5,4509.5,3396.0,1068.0,1591.0,2407.0,2809.0,3092.0,3399.0,3648.0,3756.5,4538.5,3385.0,1087.0,1605.0,2461.0,2890.5,3114.0,3409.5,3647.5,3773.5,4587.0,3452.5,1093.0,1672.5,2566.0,2969.5,3179.0,3481.0,3749.0,3825.5,5028.0,4484.0,1341.0,1960.0,2613.0,2922.0,2996.0,3191.0,3293.0,3351.0,5174.5,4704.5,1380.5,2025.5,2751.5,3041.5,3131.0,3349.5,3439.0,3532.0,4776.0,4356.5,1449.0,1972.0,2604.5,2917.5,2996.5,3210.0,3257.5,3361.5,4718.5,4325.0,1271.0,1812.5,2445.0,2715.0,2802.5,2977.0,3050.0,3164.5,4694.0,4300.0,1275.5,1786.0,2392.5,2685.5,2775.0,2967.5,2955.0,3156.0,4419.5,4173.0,1030.5,1516.5,2059.0,2312.5,2378.0,2555.0,2696.5,2716.5,4791.5,4362.5,1262.0,1774.5,2395.0,2740.5,2834.0,3028.5,3001.5,3232.0,4795.5,4398.5,1314.5,1859.5,2494.0,2795.0,2934.0,3108.0,3204.5,3272.5,5125.0,5005.0,1347.0,1789.0,2354.0,2668.0,2736.0,2972.0,2943.0,3163.0,5052.0,4935.0,1360.0,1919.0,2505.0,2795.0,2878.0,3087.0,3143.0,3226.0,4893.0,4757.0,1312.0,1836.0,2436.0,2696.0,2778.0,2972.0,3006.0,3116.0,4797.0,4510.5,1284.0,1823.5,2426.0,2677.0,2768.0,2934.0,3022.5,3089.0,4750.0,4439.0,1230.0,1730.0,2308.0,2582.0,2674.0,2862.5,2936.0,3024.0,2673.0,2516.5,682.0,981.0,1323.0,1450.5,1507.5,1632.5,1718.5,1703.5,4764.5,4472.5,1342.5,1870.5,2456.5,2666.5,2782.5,2937.0,3154.0,3130.5,4746.0,4370.0,1342.0,1908.0,2475.0,2760.0,2805.0,2981.0,3189.0,3155.0,3217.0,2644.0,818.0,1194.0,1621.0,1833.0,1941.0,2083.0,2204.0,2215.0,4821.5,4566.0,1415.5,1990.0,2548.0,2807.0,2893.5,3033.5,3140.5,3171.0,4780.0,4498.0,1436.0,2000.0,2551.0,2792.5,2873.0,3015.0,3163.0,3147.0,4325.5,4107.0,1374.0,1887.5,2406.5,2609.0,2700.5,2837.5,3010.0,2917.0,4737.0,4472.0,1515.0,2082.5,2635.5,2862.0,2945.0,3069.5,3215.0,3202.0,0.0,0.0,0.0,0.0,0.0,0.0,0.0,0.0,0.0,0.0,4592.0,4145.0,1223.0,1793.0,2365.0,2585.0,2673.0,2871.0,3109.0,3038.0,4660.0,4308.0,1411.0,1926.0,2433.0,2727.0,2908.0,3133.0,3328.0,3242.0,3254.0,2591.0,963.0,1406.0,1685.5,2097.0,2505.0,2709.0,2885.5,2862.0,4001.5,3236.0,986.0,1513.5,1673.0,2220.5,3258.5,3557.5,3832.0,3714.5,3649.5,2838.5,1531.0,1810.0,1767.5,2293.5,3513.0,3915.0,4035.5,4083.5,2334.0,1494.0,463.0,834.0,655.0,1284.0,3354.0,4015.0,4112.0,4113.0,2578.0,1642.0,486.5,871.5,755.5,1345.0,3252.0,3954.0,4239.5,4086.5,3604.0,2581.0,770.0,1218.0,1412.0,2028.5,3099.0,3508.0,3781.5,3823.0,"{""type"":""MultiPoint"",""coordinates"":[]}"
1751,111,0.0,0.0,0.0,0.0,0.0,0.0,0.0,0.0,0.0,0.0,3686.5,3209.5,795.0,964.5,1306.5,1446.0,1489.5,1582.0,1728.0,1785.0,3170.0,2662.0,777.0,906.0,1168.0,1287.0,1363.0,1487.0,1543.0,1683.0,3747.5,3242.0,928.0,1068.5,1336.5,1493.0,1609.0,1702.0,1861.5,1936.5,0.0,0.0,0.0,0.0,0.0,0.0,0.0,0.0,0.0,0.0,3552.0,2892.5,814.0,989.0,1143.5,1437.5,1931.0,2086.0,2233.0,2304.0,3149.0,2316.0,683.5,900.0,889.0,1306.0,2342.5,2627.0,2793.5,2870.5,2656.5,1781.5,523.0,777.0,657.0,1142.5,2768.0,3289.0,3405.0,3452.0,2223.5,1311.0,403.5,706.0,500.5,1090.5,3068.5,3872.0,3950.0,4014.5,2038.0,1083.0,403.0,799.0,564.0,1296.0,3449.0,4230.0,4468.0,4468.0,2332.0,1254.5,628.5,1030.5,903.5,1667.0,3641.0,4447.0,4694.5,4782.5,3181.0,2811.0,741.0,974.0,1272.0,1388.0,1441.0,1489.0,1676.0,1671.0,2364.0,1285.0,590.0,974.0,1046.0,1671.0,3059.0,3648.0,3913.0,4021.0,2662.0,1495.0,1137.5,1367.5,1413.0,1906.0,3041.5,3537.5,3823.0,4010.0,2759.0,1575.5,1567.0,1603.5,1610.5,2002.0,2730.5,3135.0,3339.0,3591.5,2831.0,1604.5,1343.0,1465.5,1557.5,1978.5,2755.5,3236.0,3550.0,3725.0,2713.0,1645.0,2036.0,1981.0,1858.0,2115.0,2566.0,2856.0,3040.0,3162.0,2687.5,1641.5,500.0,806.5,1172.0,1550.0,2160.5,2506.5,2711.0,2891.5,2561.5,1653.5,515.0,770.5,1050.5,1359.0,1926.5,2217.0,2421.0,2502.5,2034.5,1285.5,557.0,735.5,927.0,1181.5,1562.0,1812.5,1962.5,2058.0,2820.5,1796.0,635.0,884.5,1203.0,1518.0,1969.0,2251.0,2520.0,2596.0,2753.0,1852.0,738.0,983.0,1301.0,1635.0,2020.0,2242.0,2389.0,2535.0,0.0,0.0,0.0,0.0,0.0,0.0,0.0,0.0,0.0,0.0,2615.0,1992.0,629.0,811.0,1023.0,1257.0,1524.0,1704.0,1809.0,1874.0,0.0,0.0,0.0,0.0,0.0,0.0,0.0,0.0,0.0,0.0,2120.0,1617.0,486.0,618.0,753.0,959.0,1208.0,1332.0,1452.0,1477.0,2396.0,1857.0,511.0,643.0,856.0,1057.0,1288.0,1402.0,1512.0,1497.0,2356.0,1820.0,398.0,564.0,812.0,1006.0,1270.0,1338.0,1536.0,1547.0,317.0,357.0,10708.0,10498.0,10272.0,10519.0,10016.0,9512.0,9384.0,8782.0,0.0,0.0,0.0,0.0,0.0,0.0,0.0,0.0,0.0,0.0,553.0,394.0,108.0,74.0,134.0,153.0,153.0,175.0,236.0,192.0,3083.0,2813.0,659.0,822.0,1093.5,1172.0,1254.5,1310.5,1442.0,1459.5,3131.0,2861.0,689.0,832.0,1112.0,1220.0,1273.0,1343.0,1469.0,1504.0,3230.0,2643.0,1971.0,1926.0,2009.0,2245.0,2286.0,2407.0,2535.0,2569.0,3229.0,2896.0,666.0,842.0,1135.0,1222.0,1302.0,1359.0,1519.0,1554.0,3465.0,3097.0,719.0,880.5,1200.0,1329.5,1370.0,1472.5,1593.0,1627.0,"{""type"":""MultiPoint"",""coordinates"":[]}"
1766,2,2366.5,2167.0,1125.0,1403.0,1659.5,1751.0,1745.5,1846.0,1929.0,1852.5,3321.5,3112.5,1129.0,1599.0,1985.0,2186.5,2223.5,2346.5,2470.0,2436.5,3363.0,3200.0,1178.0,1618.5,2015.0,2204.0,2266.5,2383.5,2505.5,2483.0,3377.5,3197.5,1177.5,1673.0,2053.0,2269.0,2331.5,2431.0,2572.5,2552.0,3368.5,3133.5,1224.0,1690.0,2057.5,2284.0,2484.0,2620.5,2763.0,2691.0,3276.5,2909.5,1096.0,1553.0,1833.5,2162.5,2616.5,2755.0,2882.5,2845.0,3145.0,2555.5,943.0,1410.5,1575.5,2001.0,2809.0,3083.5,3137.0,3168.0,2966.0,2195.0,789.5,1222.5,1299.5,1841.0,3181.5,3716.5,3816.5,3822.5,2594.5,1757.5,623.0,1012.5,988.0,1528.0,3421.5,4056.5,4175.5,4182.0,2269.0,1333.5,413.5,753.0,637.5,1220.0,3563.5,4434.5,4566.5,4551.5,1972.0,988.5,310.5,599.0,407.5,1004.5,3734.5,4731.5,4877.0,4892.0,2894.0,2703.5,1029.0,1448.0,1808.0,1959.5,1965.0,2061.0,2183.0,2128.5,1898.5,878.5,171.0,459.5,247.5,893.0,3856.5,5090.5,5110.0,5203.5,1782.0,805.5,159.5,434.5,269.5,924.5,3949.0,5057.5,5257.0,5360.0,1798.0,818.0,227.0,495.0,331.0,1027.5,3782.0,4928.5,5050.0,5313.5,1681.0,817.0,349.5,573.5,475.5,1120.0,3528.5,4494.5,4806.0,4900.5,1650.5,822.5,372.5,595.5,516.5,1081.0,3330.5,4239.0,4553.0,4614.0,1770.0,904.5,424.5,649.0,574.5,1125.0,3243.5,4166.5,4409.5,4491.0,2132.5,1228.0,597.0,816.0,914.5,1574.0,3084.5,3849.5,4140.0,4203.5,2506.5,1479.5,777.0,1019.0,1263.0,1827.0,2658.5,3165.0,3517.5,3785.5,2868.0,1755.0,831.0,1153.5,1471.5,1944.0,2575.5,3057.0,3474.0,3679.0,3247.5,3009.5,894.5,1306.0,1705.5,1974.0,2077.0,2250.5,2354.0,2390.5,2851.0,2615.5,932.5,1366.5,1744.0,1902.5,1935.5,2012.0,2187.5,2092.5,3365.5,3100.5,1098.0,1588.5,2008.5,2261.0,2251.5,2403.0,2431.0,2480.0,2946.5,2711.5,779.0,1209.0,1575.0,1770.0,1812.5,1932.5,2020.0,2049.5,2894.0,2705.0,882.0,1269.5,1611.0,1781.0,1825.0,1920.5,2025.5,2017.5,2908.0,2789.5,893.5,1264.5,1599.0,1761.0,1794.0,1932.5,1988.5,2004.5,2016.5,1518.5,592.0,925.5,1166.0,1313.5,1340.5,1367.0,1518.0,1453.0,0.0,0.0,0.0,0.0,0.0,0.0,0.0,0.0,0.0,0.0,3599.0,3323.0,1377.5,1947.5,2404.5,2601.5,2620.5,2715.5,2812.5,2767.5,3163.0,2870.0,1224.0,1691.0,2081.0,2251.0,2274.0,2395.5,2443.0,2419.0,3097.5,2735.5,1276.0,1771.0,2166.5,2396.5,2428.0,2486.0,2577.5,2525.0,3841.0,3599.0,1695.5,2300.0,2737.5,2945.5,2962.5,3056.5,3174.5,3073.0,3882.5,3599.0,1669.0,2274.5,2695.5,2907.0,2951.0,3056.0,3161.0,3091.5,2982.5,2892.5,983.5,1353.5,1699.0,1865.0,1920.5,2038.0,2162.0,2107.5,3012.0,2858.5,991.0,1372.0,1729.5,1888.0,1942.5,2041.5,2175.5,2133.0,"{""type"":""MultiPoint"",""coordinates"":[]}"
1849,211,2267.0,1715.5,1901.0,1907.5,1936.5,2044.5,2087.5,2160.0,2401.5,2236.0,2703.0,1911.5,832.0,1217.5,1605.0,1961.0,2338.0,2526.5,2730.0,2756.5,3394.5,2593.0,1290.0,1598.5,1765.0,2272.5,3098.5,3393.0,3564.0,3616.0,3088.0,2266.0,748.0,1127.0,1249.0,1774.0,2747.0,3072.0,3251.0,3328.0,2003.5,1233.0,432.0,724.0,689.0,1196.5,2603.0,3024.0,3191.0,3220.0,2221.0,1455.5,458.5,764.0,690.0,1228.5,2859.5,3427.0,3508.5,3606.5,1803.0,1026.5,355.5,641.5,524.0,1042.0,2762.0,3310.5,3487.5,3528.5,2471.5,1548.0,484.0,801.0,922.5,1437.5,2556.0,3037.5,3221.5,3391.0,2633.0,1706.0,467.5,779.0,756.0,1288.0,2854.0,3419.5,3512.0,3675.5,1614.0,737.0,249.0,564.0,354.0,937.0,2962.0,3666.0,3800.0,3862.0,2031.0,1133.0,327.5,652.0,458.5,1042.0,3167.5,3933.5,4075.0,4198.5,2640.0,2018.0,490.0,811.0,1009.0,1286.0,1642.0,1805.0,2012.0,2001.0,1384.0,719.5,259.0,534.5,363.0,807.0,2513.0,3109.0,3211.5,3320.5,1859.5,975.5,1211.5,1370.0,1125.0,1577.0,3120.5,3709.0,3924.0,3990.0,1827.0,972.0,1530.0,1628.0,1470.0,1788.0,2632.0,3014.0,3136.0,3337.0,1503.5,736.0,596.0,796.5,536.5,1089.0,2753.5,3352.0,3545.0,3631.0,2532.5,1559.0,401.0,714.0,796.0,1319.0,2298.5,2707.5,3009.0,3119.0,2354.0,1531.0,409.5,635.0,820.5,1202.5,1900.5,2214.0,2365.5,2521.5,2278.5,1545.0,344.0,573.0,589.0,985.0,1805.0,2130.5,2274.0,2376.0,1843.0,1136.0,317.0,531.0,440.0,866.0,1862.0,2214.0,2361.0,2487.0,2472.0,1668.0,333.5,574.0,649.5,1052.5,1744.5,2040.5,2305.0,2372.5,0.0,0.0,0.0,0.0,0.0,0.0,0.0,0.0,0.0,0.0,2704.0,2338.0,2884.0,2646.0,2507.0,2699.0,2740.0,2703.0,3067.0,2709.0,0.0,0.0,0.0,0.0,0.0,0.0,0.0,0.0,0.0,0.0,302.0,177.0,142.0,111.0,88.0,156.0,310.0,363.0,370.0,415.0,2058.0,1268.0,224.5,481.0,447.0,931.0,1769.5,2031.5,2257.0,2275.5,0.0,0.0,0.0,0.0,0.0,0.0,0.0,0.0,0.0,0.0,2626.0,1567.0,552.5,820.0,765.5,1400.5,2346.0,2601.0,2789.5,2962.0,0.0,0.0,0.0,0.0,0.0,0.0,0.0,0.0,0.0,0.0,0.0,0.0,0.0,0.0,0.0,0.0,0.0,0.0,0.0,0.0,2323.0,1609.0,463.0,794.0,741.0,1267.0,2714.0,3094.0,3282.0,3244.0,2371.5,1614.5,444.0,809.5,767.0,1311.5,3101.0,3630.5,3906.5,3795.5,2337.0,1631.0,478.0,862.0,798.0,1373.0,3241.0,3834.0,3977.0,3958.0,2461.0,1622.0,616.0,1064.0,1054.0,1691.0,3211.0,3653.0,3888.0,3816.0,2629.0,1819.5,642.5,1123.5,1189.5,1784.5,3149.5,3603.5,3878.0,3840.5,2494.0,1736.0,782.0,1082.0,1493.0,1783.0,1949.0,2109.0,2317.0,2345.0,"{""type"":""MultiPoint"",""coordinates"":[]}"
1991,54,2246.0,2006.0,415.0,617.0,809.0,955.0,1069.0,1138.0,1248.0,1273.0,2831.5,2645.0,626.5,843.5,1104.0,1211.5,1249.0,1360.5,1507.0,1533.5,3323.5,3099.5,761.0,1022.5,1323.0,1467.0,1501.0,1627.0,1782.0,1844.0,3164.5,2941.0,793.5,1053.5,1323.5,1475.0,1547.0,1657.0,1807.5,1846.5,3140.0,2874.5,786.0,1045.0,1307.0,1460.5,1606.5,1758.0,1869.0,1899.5,3211.0,2789.0,743.0,1063.0,1250.0,1556.0,2049.0,2223.0,2320.0,2375.0,2903.0,2404.0,663.5,990.5,1052.0,1436.0,2468.5,2802.5,2955.0,2952.0,2539.5,1871.5,486.0,803.0,732.0,1248.0,3087.5,3744.5,3791.5,3854.5,2181.0,1401.5,355.5,663.0,485.5,1090.0,3607.5,4580.0,4603.5,4677.0,1773.0,931.0,262.0,585.0,326.0,1005.0,4011.0,5124.0,5405.0,5223.0,1650.5,850.5,225.0,585.0,276.5,1045.0,4103.5,5238.5,5371.5,5395.5,2358.0,2124.0,474.0,714.0,894.0,1031.0,1172.0,1281.0,1422.0,1391.0,1587.0,801.0,337.0,695.0,388.0,1197.0,3968.0,5071.0,5287.0,5244.0,2012.0,1237.5,1399.5,1641.5,1393.5,2027.5,3585.0,4149.5,4395.5,4449.0,2025.0,1270.0,1594.0,1753.0,1694.0,2165.0,2936.0,3254.0,3432.0,3635.0,2004.0,1287.5,924.0,1157.0,1126.5,1884.5,2922.0,3331.5,3609.0,3708.0,2170.0,1491.0,572.0,895.0,1096.5,1721.5,2432.0,2776.0,3108.0,3201.0,2472.0,1766.5,523.0,785.5,1052.0,1535.5,1997.0,2294.0,2597.0,2742.0,3729.0,2945.0,610.0,926.0,1345.5,1627.0,1795.0,2058.0,2344.0,2472.0,2886.0,2730.0,554.0,732.0,990.0,1151.0,1193.0,1357.0,1477.0,1547.0,2933.5,2721.5,659.5,904.0,1188.5,1333.5,1406.0,1522.5,1697.5,1704.0,2438.0,1665.0,2210.0,2272.0,2351.0,2552.0,2613.0,2692.0,2741.0,2777.0,0.0,0.0,0.0,0.0,0.0,0.0,0.0,0.0,0.0,0.0,2248.0,1828.0,774.0,935.0,1123.0,1218.0,1245.0,1325.0,1479.0,1416.0,2283.0,1969.0,1820.0,1648.0,1596.0,1683.0,1671.0,1749.0,1748.0,1768.0,2774.0,2577.0,630.0,902.0,1099.0,1353.0,1452.0,1552.0,1696.0,1709.0,2593.0,2344.0,764.0,1004.0,1139.0,1379.0,1546.0,1692.0,1729.0,1770.0,2586.0,2288.0,621.0,873.0,1020.0,1289.0,1573.0,1714.0,1904.0,1829.0,0.0,0.0,0.0,0.0,0.0,0.0,0.0,0.0,0.0,0.0,0.0,0.0,0.0,0.0,0.0,0.0,0.0,0.0,0.0,0.0,2722.0,2462.0,660.0,882.0,1145.0,1302.0,1350.0,1444.0,1601.0,1576.0,3501.0,3219.0,864.0,1223.0,1560.0,1731.0,1813.0,1966.0,2142.0,2142.0,3198.0,2984.0,890.0,1204.0,1471.0,1654.0,1790.0,1940.0,2081.0,2087.0,2297.0,1989.0,470.0,629.0,851.0,945.0,985.0,1072.0,1204.0,1214.0,2915.0,2682.0,697.0,926.5,1192.5,1308.5,1370.5,1472.5,1625.5,1645.5,3032.0,2725.0,745.0,1030.0,1298.0,1437.0,1551.0,1655.0,1795.0,1802.0,"{""type"":""MultiPoint"",""coordinates"":[]}"
2032,75,0.0,0.0,0.0,0.0,0.0,0.0,0.0,0.0,0.0,0.0,2445.0,1595.5,482.0,803.5,848.0,1320.0,2714.5,3191.0,3451.5,3444.0,2640.0,1745.5,643.5,1011.5,1147.0,1645.0,2844.0,3247.0,3592.0,3538.0,2972.5,2002.5,740.5,1142.5,1376.5,1898.0,3049.0,3519.5,3786.5,3763.0,2917.0,1923.5,763.5,1170.5,1423.0,1938.5,3138.0,3647.5,3840.0,3845.0,3087.0,2019.0,800.0,1301.0,1541.0,2097.0,3460.0,3966.0,4111.0,4232.0,3042.0,2020.5,762.0,1219.5,1448.5,1994.0,3265.5,3753.0,3960.0,3995.5,3072.5,2052.5,738.5,1207.5,1470.5,2021.0,3290.5,3791.0,3924.5,4053.0,2989.0,1981.5,724.0,1179.5,1394.5,1943.5,3284.5,3806.0,3917.0,4023.5,2677.0,1842.0,687.0,1061.0,1212.0,1763.0,3021.0,3510.0,3648.0,3699.0,2921.5,1989.0,742.0,1146.5,1338.5,1869.0,3111.0,3594.0,3797.0,3844.0,2551.5,2058.0,429.0,683.0,993.0,1262.0,1546.5,1713.5,1927.5,1949.0,3089.0,2101.0,706.5,1161.5,1354.5,2000.5,3253.0,3760.0,3951.0,4010.5,2847.0,1927.5,708.0,1092.0,1284.5,1797.0,2886.0,3345.5,3553.5,3606.0,2773.0,1948.0,989.0,1220.0,1295.0,1724.0,2655.0,3047.0,3148.0,3253.0,2655.0,1913.0,812.5,1100.5,1197.0,1647.5,2684.5,3149.5,3317.0,3415.0,2370.0,1696.0,702.0,956.0,1052.0,1453.0,2215.0,2583.0,2763.0,2823.0,2434.0,1720.0,532.0,800.0,879.0,1277.0,2370.0,2786.0,2898.0,2974.0,2327.5,1630.0,412.0,740.0,850.0,1234.5,2255.0,2639.0,2847.0,2851.0,2305.0,1690.0,471.0,763.0,854.0,1335.0,2222.0,2537.0,2719.0,2759.0,2242.5,1636.0,375.0,711.5,834.0,1291.5,2241.0,2553.0,2751.5,2750.0,0.0,0.0,0.0,0.0,0.0,0.0,0.0,0.0,0.0,0.0,928.0,541.0,582.0,565.0,573.0,689.0,812.0,858.0,919.0,923.0,2239.0,1597.0,402.0,737.0,853.0,1353.0,2298.0,2643.0,2688.0,2801.0,2312.5,1742.5,828.5,1056.5,1081.5,1574.5,2457.0,2732.5,2740.5,2878.0,2060.0,1434.0,343.0,632.0,675.0,1192.0,2057.0,2362.0,2529.0,2538.0,1997.5,1401.0,411.5,646.0,692.5,1188.0,2003.0,2261.0,2412.0,2451.0,2111.0,1458.0,377.0,680.0,696.0,1234.0,2134.0,2469.0,2666.0,2603.0,1597.0,1130.5,2046.5,1942.5,1771.0,2018.5,2343.0,2476.5,2386.5,2572.0,2478.0,2037.0,448.0,673.0,944.0,1187.0,1490.0,1629.0,1843.0,1861.0,2230.5,1722.0,489.5,664.0,862.0,1167.5,1602.5,1752.5,1925.5,1961.5,2454.5,1823.0,575.0,838.5,1013.5,1408.5,2079.0,2296.5,2499.5,2505.5,2641.0,1867.0,605.0,894.0,980.0,1438.0,2488.0,2849.0,3034.0,3020.0,1902.0,1194.0,288.0,610.5,542.0,1051.5,2406.0,2719.0,2925.0,2886.0,2172.5,1400.0,366.0,652.0,552.5,1098.5,2719.0,3210.0,3423.5,3382.5,2332.0,1477.0,431.0,772.0,761.0,1294.0,2786.0,3285.0,3438.0,3516.0,"{""type"":""MultiPoint"",""coordinates"":[]}"
2125,1,2883.0,2612.0,607.0,802.5,1095.0,1208.0,1305.5,1442.0,1562.0,1653.0,4103.5,4016.5,1012.5,1298.0,1638.0,1861.0,2010.5,2186.5,2324.0,2429.5,4113.0,3834.0,974.5,1284.5,1625.0,1877.5,2066.0,2222.5,2398.0,2513.0,2925.5,2173.5,401.0,724.0,800.5,1191.5,1790.5,2043.5,2149.0,2252.5,1776.0,1018.5,336.5,533.0,423.5,736.0,2036.0,2420.5,2542.5,2610.5,1776.0,966.0,216.5,433.5,258.0,640.5,2661.0,3820.5,3927.5,3941.5,1428.5,668.5,141.5,333.5,158.0,441.0,2661.0,4229.5,4368.0,4377.0,1371.5,622.5,172.0,342.0,209.5,471.0,2589.0,4325.0,4492.5,4527.0,1411.0,661.5,192.5,341.0,234.0,503.0,2536.0,4135.5,4223.5,4368.0,1439.5,708.5,151.0,319.0,235.0,508.0,2256.5,3614.0,3742.5,3887.5,1557.0,785.0,187.5,381.0,297.0,619.0,2125.0,3274.0,3430.5,3641.0,3494.5,3481.0,721.0,925.0,1220.5,1371.0,1456.0,1600.0,1755.5,1855.5,1579.5,816.0,202.5,385.5,316.5,636.5,2043.0,3014.5,3163.0,3375.5,4345.0,4231.5,948.0,1247.5,1676.0,1891.0,1940.0,2127.0,2268.5,2389.0,4600.0,4514.0,1039.0,1362.5,1809.0,2072.5,2173.5,2366.0,2419.5,2674.0,4554.5,4517.0,1169.5,1472.5,1926.0,2149.0,2143.5,2324.5,2520.5,2615.5,4392.5,4396.5,1103.0,1422.5,1857.0,2070.5,2120.0,2320.5,2514.0,2583.0,4179.5,4139.0,1081.5,1369.0,1744.0,1974.0,2062.5,2221.5,2367.0,2499.5,4102.0,3942.5,1081.5,1369.0,1737.5,1972.5,2062.5,2221.5,2356.5,2446.0,4254.0,4019.5,1798.0,2023.5,2199.5,2412.0,2534.0,2636.0,2792.5,2799.5,4167.5,4132.0,1089.5,1403.5,1806.5,1966.5,2068.5,2227.5,2410.5,2474.5,3972.0,3826.0,1008.0,1348.0,1727.0,1955.5,2008.0,2124.0,2253.5,2389.0,3040.0,2944.5,550.5,756.5,1038.5,1154.5,1241.5,1372.5,1541.5,1603.5,4172.5,3887.0,954.0,1287.5,1692.0,1928.0,1993.5,2171.5,2265.0,2431.5,3610.0,3414.5,791.5,1051.5,1387.5,1576.0,1591.5,1777.5,1890.5,2013.5,3285.5,3314.5,689.5,860.0,1123.0,1271.5,1343.5,1442.5,1597.5,1661.5,3338.0,3346.5,689.5,895.5,1182.0,1322.0,1394.5,1514.0,1653.5,1726.0,2641.0,2097.0,2475.5,2379.0,2281.5,2466.5,2625.5,2692.5,2957.5,2790.0,0.0,0.0,0.0,0.0,0.0,0.0,0.0,0.0,0.0,0.0,3767.5,3440.5,1007.5,1311.5,1654.0,1883.5,1971.0,2110.5,2240.0,2336.0,4491.5,4273.0,1272.0,1624.5,2027.5,2327.0,2415.5,2587.0,2765.5,2824.0,4809.5,4627.5,1430.0,1832.0,2241.5,2558.5,2671.5,2849.5,3072.0,3101.0,4910.0,4733.5,1540.5,1966.0,2408.0,2616.5,2779.5,2960.5,3275.0,3198.5,3612.5,3641.0,716.0,928.0,1234.0,1390.5,1487.5,1668.5,1786.5,1881.0,3760.0,3721.5,822.0,1068.0,1384.0,1561.5,1660.5,1818.5,1961.0,2042.5,3976.5,3979.0,918.5,1180.0,1534.5,1697.0,1797.0,1963.0,2123.0,2213.5,"{""type"":""MultiPoint"",""coordinates"":[]}"
2162,36,1891.0,1034.0,390.0,716.0,549.5,1164.5,2932.5,3278.0,3458.5,3397.5,3017.0,2057.0,774.0,1094.0,1101.0,1731.0,2584.0,2890.0,3264.0,3259.0,2652.0,1810.5,698.0,994.0,1037.0,1545.0,2776.5,3150.5,3381.0,3340.5,2062.5,993.0,464.0,745.0,474.0,1099.5,3892.5,4721.5,4839.0,4796.5,1987.0,872.5,364.0,618.0,324.5,954.5,4287.0,5442.5,5628.0,5536.0,3104.0,2212.0,835.0,1131.0,1286.0,1860.0,2485.0,2764.0,2963.0,3079.0,2817.0,2075.0,868.0,1126.0,1311.0,1741.0,2626.0,2985.0,3090.0,3147.0,2074.5,992.0,496.0,754.5,488.0,1113.0,3993.0,4911.0,4878.5,4983.5,2280.5,1093.5,627.0,849.5,620.0,1335.5,4393.5,5542.0,5455.5,5750.0,2938.0,2135.0,900.0,1197.0,1583.0,1926.0,2110.0,2307.0,2264.0,2526.0,2960.0,2067.0,850.5,1159.0,1324.5,1835.5,2811.5,3178.5,3091.0,3358.5,1826.0,1417.0,1851.5,1951.0,1818.0,2119.5,3103.0,3367.5,3586.0,3506.5,2134.0,1249.0,544.0,841.0,718.0,1291.0,2854.0,3262.0,3179.0,3413.0,2131.0,1359.0,603.0,817.0,817.0,1309.0,2513.5,2877.0,2919.5,3065.5,1866.5,1054.5,586.5,869.5,733.0,1398.0,2732.5,3079.0,3028.5,3254.0,3078.0,2277.0,881.0,1150.0,1413.0,1926.0,2326.0,2557.0,2674.0,2841.0,2715.5,2086.5,851.0,1145.5,1457.0,1817.0,2217.5,2428.0,2391.0,2576.0,2883.5,2256.0,970.5,1250.0,1597.5,1956.5,2303.5,2521.0,2456.0,2657.0,2871.0,2264.5,937.0,1248.5,1668.0,1978.5,2266.5,2448.0,2464.5,2635.5,2519.0,2034.0,961.0,1178.0,1574.0,1813.0,2038.0,2185.0,2282.0,2338.0,2427.0,1863.0,789.0,1072.0,1363.0,1710.0,2036.0,2188.0,2389.0,2342.0,2374.0,1612.5,632.5,944.0,998.0,1499.0,2747.0,3041.5,3179.5,3176.0,1753.0,865.0,264.0,606.0,325.5,1041.0,3100.5,3459.0,3607.0,3575.5,1938.0,967.0,296.0,671.0,341.0,1099.0,3534.0,3995.0,4049.0,4070.0,1932.0,962.0,269.0,576.0,275.0,899.0,3583.0,4244.0,4315.0,4259.0,2044.0,958.0,228.0,526.0,263.0,916.0,3731.0,4384.0,4620.0,4465.0,2049.0,998.0,261.0,542.0,291.0,905.0,3473.5,4153.0,4315.0,4223.5,2952.5,2322.0,733.0,1051.0,1316.5,1714.0,2127.5,2300.5,2559.5,2554.0,2602.0,1967.0,628.0,950.0,1278.0,1651.0,2083.0,2259.0,2397.0,2485.0,1730.0,805.0,251.0,545.0,255.0,870.0,3083.0,3483.0,3713.0,3576.0,1769.0,774.0,189.0,463.0,195.0,793.0,3637.0,4354.0,4630.0,4540.0,2441.0,1748.0,675.5,942.0,997.0,1485.0,2302.5,2546.5,2808.0,2767.0,2532.0,2025.0,783.0,1036.0,1300.0,1669.0,2096.0,2293.0,2487.0,2456.0,1837.0,941.5,372.5,700.5,471.0,1110.0,3312.0,3807.0,3992.0,3896.0,1965.0,936.0,483.0,736.0,418.0,1080.0,4006.0,4818.0,4926.0,4916.0,1749.0,727.0,298.0,571.0,308.0,907.0,3957.0,4914.0,5169.0,5081.0,"{""type"":""MultiPoint"",""coordinates"":[]}"
2176,76,0.0,0.0,0.0,0.0,0.0,0.0,0.0,0.0,0.0,0.0,2875.0,2506.0,660.0,946.0,1340.5,1529.0,1684.5,1841.0,2019.0,2025.0,3550.0,3162.5,818.5,1178.5,1637.0,1881.0,2218.0,2405.0,2551.5,2601.0,2979.0,2531.0,690.0,1013.0,1308.0,1611.0,2242.0,2482.0,2577.0,2685.0,2483.5,1825.5,578.0,940.0,1061.5,1451.0,2940.5,3316.5,3425.5,3584.5,2144.0,1456.0,540.0,883.0,903.0,1433.0,3099.0,3686.0,3695.0,3838.0,2150.0,1453.5,525.0,892.5,860.0,1362.5,3500.5,4266.0,4255.0,4389.5,2352.5,1619.5,537.5,914.5,986.0,1485.0,3010.0,3614.5,3654.0,3887.5,2125.5,1378.5,475.5,809.5,855.5,1287.5,2784.0,3337.5,3379.0,3607.0,2253.0,1536.0,473.0,805.0,853.0,1252.0,2890.0,3527.0,3649.0,3757.0,2093.0,1388.0,462.0,754.0,753.0,1175.0,2855.0,3603.0,3662.0,3777.0,2618.0,1884.0,341.0,711.0,711.0,1206.0,2272.0,2538.0,2907.0,2711.0,1967.0,1220.0,484.0,747.0,886.0,1265.0,2060.0,2412.0,2589.0,2713.0,2232.0,1464.5,1238.5,1404.0,1387.5,1709.5,2662.5,3039.0,3135.0,3231.5,2687.0,1967.0,649.0,896.0,991.0,1333.0,2205.0,2546.0,2619.0,2727.0,2149.5,1422.0,727.5,901.0,905.5,1262.0,2124.0,2459.0,2582.0,2638.0,2087.0,1443.5,342.5,637.0,613.0,996.0,2279.5,2704.5,2918.5,2930.0,2141.0,1429.0,354.5,598.5,603.0,972.5,2037.5,2440.5,2626.0,2684.0,2688.5,1946.5,497.0,758.5,914.0,1298.5,1987.0,2313.5,2512.5,2581.5,2915.0,2231.0,510.0,733.0,1003.0,1299.0,1874.0,2172.0,2443.0,2475.0,2467.0,1900.5,444.5,681.5,925.5,1165.5,1704.0,1967.0,2210.5,2296.5,0.0,0.0,0.0,0.0,0.0,0.0,0.0,0.0,0.0,0.0,2172.0,1659.0,799.0,920.0,906.0,1278.0,1881.0,2029.0,2194.0,2119.0,2262.0,1693.0,385.0,578.0,695.0,1072.0,1585.0,1770.0,1925.0,1953.0,0.0,0.0,0.0,0.0,0.0,0.0,0.0,0.0,0.0,0.0,2038.0,1384.0,319.0,597.0,559.0,1032.0,1819.0,2133.0,2355.0,2377.0,2093.0,1353.0,366.0,631.0,562.0,1132.0,1957.0,2226.0,2383.0,2512.0,2004.5,1230.5,855.0,1096.5,939.5,1511.0,2492.0,2674.0,2975.5,2917.0,0.0,0.0,0.0,0.0,0.0,0.0,0.0,0.0,0.0,0.0,0.0,0.0,0.0,0.0,0.0,0.0,0.0,0.0,0.0,0.0,2001.0,1332.0,548.0,716.0,615.0,1156.0,2292.0,2445.0,2351.0,2695.0,2523.5,1756.0,452.0,870.5,790.5,1544.0,2981.5,3301.5,3629.0,3534.5,2744.0,2050.0,548.0,925.0,968.0,1617.0,2714.0,3050.0,3436.0,3358.0,1955.0,1557.0,357.0,549.0,811.0,969.0,1102.0,1214.0,1358.0,1352.0,2916.0,2639.0,510.0,775.0,1178.0,1311.0,1464.0,1618.0,1839.0,1812.0,2696.0,2501.0,526.0,804.0,1173.0,1357.0,1477.0,1597.0,1728.0,1804.0,"{""type"":""MultiPoint"",""coordinates"":[]}"
2192,176,1420.0,994.0,35.0,237.0,553.0,807.0,842.0,930.0,1027.0,1174.0,2791.0,2465.0,630.0,987.0,1411.5,1704.0,1945.0,2089.5,2182.0,2244.0,2744.0,2328.0,970.0,1214.0,1516.0,1766.0,2006.0,2156.0,2221.0,2308.0,2923.0,2533.5,768.0,1062.0,1425.0,1744.5,2063.5,2255.0,2323.0,2406.5,2553.5,2144.0,1423.0,1526.0,1713.0,1983.5,2304.0,2448.5,2590.0,2545.0,2935.0,2550.0,873.0,1179.0,1524.5,1864.5,2232.0,2398.5,2529.0,2575.0,3212.5,2773.0,929.5,1266.5,1677.0,2023.5,2374.0,2593.5,2698.0,2755.0,3087.0,2675.0,810.5,1148.5,1562.5,1906.5,2221.0,2387.5,2505.5,2592.5,3182.5,2768.5,872.5,1228.0,1700.5,2028.0,2261.0,2450.5,2526.5,2648.5,3882.0,3333.0,1199.0,1631.0,2296.0,2609.0,2784.0,2981.0,3113.0,3189.0,3913.5,3409.5,1198.5,1646.5,2346.0,2563.0,2763.5,2934.0,3177.0,3210.5,1675.0,1381.5,233.0,403.5,695.5,852.5,952.5,1014.5,1115.5,1183.0,3710.5,3191.0,2677.5,2828.5,3004.0,3140.0,3126.0,3233.5,3289.0,3279.5,3760.0,3212.0,1384.5,1725.0,2299.0,2535.5,2768.0,2899.5,3087.5,3141.0,3766.5,3192.0,1691.0,1904.0,2349.0,2612.0,2748.0,2922.0,3038.0,3170.0,3759.5,3181.0,1499.0,1801.5,2374.0,2587.0,2743.0,2965.5,3150.0,3232.0,3574.5,3057.5,1364.5,1672.0,2224.5,2493.0,2636.5,2784.0,2971.0,2958.0,3442.0,2953.0,1063.0,1479.0,2104.0,2363.5,2520.5,2690.5,2796.5,2909.5,3473.5,3002.5,1063.0,1479.0,2092.5,2357.5,2509.5,2626.0,2771.0,2843.0,2709.0,2402.0,1497.5,1713.5,2072.0,2289.5,2392.0,2514.5,2546.5,2620.0,3463.0,3010.0,1163.5,1523.5,2120.5,2326.0,2504.0,2666.0,2842.5,2833.5,4654.0,4369.0,2806.0,3821.0,4543.0,5299.0,5542.0,5932.0,3694.0,6247.0,1324.0,1193.0,9026.0,8242.0,7854.0,7892.0,7467.0,6929.0,7003.0,6493.0,2105.0,1693.0,668.0,867.0,1197.0,1417.0,1600.0,1737.0,1803.0,1859.0,2175.0,1678.0,873.0,1083.0,1264.0,1537.0,1949.0,2074.0,2194.0,2301.0,2299.0,1809.5,919.5,1135.0,1271.0,1642.5,2158.0,2312.5,2417.0,2400.0,2326.0,1877.0,640.5,919.5,1125.5,1523.5,2106.5,2249.0,2335.5,2401.0,2055.0,1598.0,513.0,682.0,900.0,1277.0,1881.0,2058.0,2156.0,2117.0,635.0,707.0,10813.0,10646.0,10567.0,10883.0,10299.0,10019.0,9925.0,9475.0,1409.0,1092.0,926.0,978.0,1120.0,1253.0,1322.0,1361.0,1444.0,1433.0,1590.0,1173.0,337.0,451.0,707.0,878.0,991.0,1111.0,1121.0,1275.0,1879.5,1637.0,229.5,426.0,753.5,916.0,1020.5,1161.5,1212.0,1325.5,2551.0,2385.5,1500.0,1666.5,1962.5,2197.5,2315.0,2409.5,2287.0,2577.5,513.0,379.0,475.0,407.0,410.0,433.0,444.0,440.0,519.0,447.0,2626.0,2315.0,495.0,823.0,1252.0,1474.0,1658.0,1769.0,1910.0,1958.0,2656.0,2374.5,500.5,864.5,1283.0,1526.0,1752.5,1873.5,1989.0,2048.0,"{""type"":""MultiPoint"",""coordinates"":[]}"
2225,36,2498.0,2005.0,377.0,545.0,801.0,995.0,1095.0,1223.0,1415.0,1486.0,1941.5,924.5,275.0,508.0,278.5,806.5,3352.0,4130.0,4332.0,4326.0,2727.0,1570.0,484.0,744.5,672.0,1234.0,3036.5,3646.5,3887.0,3970.0,3367.0,2336.0,728.0,1004.0,1116.0,1629.0,2454.0,2806.0,3031.0,3165.0,2151.5,1165.5,336.0,615.5,443.0,1019.0,3089.5,3615.5,3719.5,3778.0,1968.0,923.0,288.0,558.0,274.0,855.0,3497.0,4211.0,4409.0,4358.0,3229.0,2164.5,703.0,1022.0,1160.0,1671.5,2675.0,2972.0,3207.0,3311.5,2217.5,1199.5,329.5,602.5,401.5,994.0,3017.5,3559.0,3629.5,3737.0,1953.0,889.0,224.5,476.0,212.0,801.5,3651.0,4500.5,4573.5,4676.0,3803.0,2783.0,823.0,1117.0,1526.0,1934.0,2191.0,2405.0,2651.0,2804.0,3512.0,2454.0,773.0,1063.0,1353.0,1789.0,2545.0,2822.0,3041.0,3191.0,2630.5,2180.5,548.5,655.0,874.5,1029.5,1247.5,1382.0,1570.0,1615.5,2226.0,1277.0,363.0,610.0,412.0,956.0,2831.0,3313.0,3412.0,3480.0,2259.0,1016.0,1156.0,1323.5,1006.5,1507.5,3745.0,4441.0,4601.5,4689.5,3505.5,2474.0,1641.5,1822.5,1859.5,2196.0,2665.5,2946.0,3044.0,3229.0,2682.5,1639.0,1014.5,1138.0,1057.5,1486.0,2697.5,3019.5,3219.0,3231.5,2080.5,1051.5,310.5,568.0,296.5,914.0,3276.5,3803.5,3964.0,3948.5,2012.0,877.5,261.0,485.0,227.5,806.5,3639.0,4490.0,4641.0,4626.0,2031.5,869.5,271.5,478.5,279.0,884.0,3336.5,4098.0,4337.0,4444.5,3482.0,2360.0,625.0,854.0,1075.0,1540.0,2030.0,2347.0,2692.0,2818.0,2353.5,1567.0,446.0,666.5,748.0,1123.5,2075.5,2350.5,2613.5,2607.5,2033.0,956.0,208.0,551.0,230.0,938.0,3567.0,3975.0,4035.0,4105.0,3515.0,2573.0,4337.0,4163.0,4020.0,4257.0,4218.0,4075.0,4793.0,4095.0,2185.0,995.0,199.0,516.0,164.0,880.0,4096.0,4805.0,4930.0,4912.0,0.0,0.0,0.0,0.0,0.0,0.0,0.0,0.0,0.0,0.0,2099.5,921.5,228.5,506.5,217.5,865.0,3620.0,4250.0,4507.0,4490.5,2043.0,910.0,301.0,543.0,259.0,946.0,3514.0,4125.0,4272.0,4333.0,2289.5,1186.0,471.5,677.5,378.5,1106.5,3021.5,3456.5,3697.5,3834.0,0.0,0.0,0.0,0.0,0.0,0.0,0.0,0.0,0.0,0.0,2385.0,1611.0,471.0,675.0,745.0,1123.0,2023.0,2253.0,2457.0,2484.0,2181.0,1360.0,350.0,532.0,488.0,892.0,2032.0,2318.0,2544.0,2537.0,2264.0,1353.0,303.0,551.0,443.0,932.0,2729.0,3073.0,3390.0,3367.0,2302.0,1348.0,408.0,597.0,468.0,944.0,2866.0,3345.0,3576.0,3612.0,276.0,145.0,50.0,84.0,62.0,145.0,455.0,519.0,516.0,505.0,2030.5,1059.0,343.5,568.5,399.0,952.0,2747.0,3259.5,3482.0,3469.5,1953.0,987.0,258.0,525.0,309.0,916.0,3282.0,3972.0,4165.0,4182.0,"{""type"":""MultiPoint"",""coordinates"":[]}"
2365,37,3679.0,2215.5,870.5,1346.5,2108.5,2574.0,2927.5,3215.0,3601.5,3624.5,1831.0,876.0,353.0,632.0,370.0,819.0,3014.0,3760.0,4147.0,3919.0,1886.0,848.5,364.0,648.5,358.0,877.5,3360.5,4391.5,4760.0,4592.0,3525.0,2534.5,1061.5,1384.0,1600.0,2027.5,2502.5,2739.0,2958.5,3002.5,3077.0,2005.0,795.5,1125.5,1214.5,1656.5,2508.5,2770.5,3009.5,3004.0,2193.0,1010.0,416.0,727.0,397.0,921.0,3640.0,4691.0,4887.0,4865.0,2198.0,994.0,503.0,822.0,415.0,981.0,3761.0,4996.0,5105.0,5105.0,3041.0,1864.5,830.5,1157.0,1163.0,1683.5,3188.5,3911.5,4060.5,4203.0,3925.0,2607.5,1143.5,1522.5,1945.5,2410.0,2842.5,3126.0,3167.0,3414.0,2456.0,1109.0,529.0,847.0,456.0,1018.0,4054.0,5360.0,5055.0,5507.0,3650.5,2064.0,909.5,1269.5,1136.5,1798.0,3773.0,4846.0,4785.5,5218.5,3844.0,2310.0,941.0,1388.0,2212.0,2641.0,3005.0,3272.0,3770.0,3707.0,4152.0,2585.0,992.0,1422.0,1896.0,2435.0,2957.0,3282.0,3317.0,3654.0,3376.0,1912.0,777.5,1157.5,1258.0,1809.5,3255.0,3792.5,3850.0,4069.0,2589.0,1181.5,478.5,800.5,396.5,959.5,4205.0,5795.5,5585.5,5992.5,4532.0,3015.0,1050.0,1359.0,1708.0,2297.0,2767.0,3073.0,3271.0,3469.0,2331.0,1650.5,623.0,876.0,1143.0,1494.5,1717.0,1938.0,1946.5,2054.0,2038.0,1087.5,428.5,661.0,460.0,862.0,2289.5,2748.0,2691.5,2853.0,2490.0,1149.0,429.0,767.0,381.5,942.5,3855.0,5047.5,5068.0,5227.5,0.0,0.0,0.0,0.0,0.0,0.0,0.0,0.0,0.0,0.0,3758.0,2610.0,767.0,1039.0,1358.0,1702.0,2085.0,2307.0,2578.0,2617.0,3821.5,2449.5,746.5,1075.5,1445.5,1863.5,2330.0,2564.0,2807.5,2884.5,1863.5,1280.0,413.5,620.0,870.5,1058.5,1207.5,1297.0,1385.5,1413.0,3646.0,2256.0,672.0,1017.0,1407.0,1819.0,2194.0,2382.0,2596.0,2719.0,3533.0,2297.0,638.0,881.0,1248.0,1562.0,1831.0,2049.0,2255.0,2366.0,3454.0,2254.0,584.0,871.0,1225.0,1535.0,1821.0,1989.0,2254.0,2299.0,3530.0,2281.0,587.0,907.0,1277.0,1611.0,1860.0,2089.0,2274.0,2411.0,3448.5,2254.0,581.0,839.0,1272.5,1566.5,1787.0,1979.5,2220.0,2295.5,3475.0,2342.0,640.0,900.0,1346.0,1614.0,1742.0,1902.0,2106.0,2203.0,3183.0,2280.0,700.0,951.0,1256.0,1508.0,1790.0,1961.0,2199.0,2190.0,2126.0,1569.0,436.0,652.0,777.0,991.0,1408.0,1526.0,1722.0,1711.0,2380.5,1775.0,487.5,666.0,741.5,981.5,1548.5,1741.0,1946.5,1920.5,2684.0,2041.0,648.0,855.0,1066.0,1296.0,1619.0,1789.0,2013.0,1996.0,1745.5,953.0,459.5,717.5,673.5,1049.0,2092.0,2355.0,2568.5,2546.0,2159.0,1172.0,455.0,741.5,514.0,1007.5,2766.0,3295.0,3520.5,3412.5,2166.0,1103.0,448.0,795.0,510.0,1081.0,3102.0,3650.0,3883.0,3814.0,"{""type"":""MultiPoint"",""coordinates"":[]}"
2371,121,1896.0,1505.0,781.0,888.0,935.0,1198.0,1454.0,1630.0,1807.0,1819.0,3869.0,3432.5,1077.5,1436.0,1831.5,2125.5,2489.0,2721.0,2898.0,2932.0,3960.5,3477.0,1185.0,1521.5,1920.5,2303.5,2555.5,2871.5,3009.5,3161.0,4205.5,3674.0,1201.5,1554.0,1995.0,2350.5,2636.5,2913.0,3067.5,3211.5,4287.0,3597.0,1274.0,1635.0,2124.0,2397.0,2791.0,3005.0,3185.0,3365.0,4276.0,3603.0,1264.0,1635.0,2180.0,2512.0,2898.0,3154.0,3341.0,3499.0,4392.0,3724.0,1310.0,1679.0,2184.0,2536.0,2898.0,3154.0,3354.0,3516.0,4252.0,3591.0,1297.0,1718.0,2212.0,2564.0,2940.0,3196.0,3473.0,3583.0,4504.0,3841.0,1305.0,1710.0,2259.0,2625.0,2940.0,3208.0,3321.0,3583.0,4638.0,4101.5,1348.0,1760.0,2350.5,2682.5,2983.5,3250.5,3373.5,3587.5,4650.5,4052.0,1353.0,1788.5,2394.5,2775.5,2998.5,3291.5,3420.5,3625.0,2901.0,2438.5,1266.0,1474.0,1531.5,1838.5,2318.0,2400.0,2563.5,2612.0,4669.5,4048.0,1366.0,1802.5,2441.0,2779.0,3034.0,3306.5,3423.5,3695.5,4584.0,4005.5,1373.0,1793.5,2439.5,2749.0,3050.5,3282.0,3370.5,3573.0,4630.0,4110.0,1338.0,1722.0,2341.0,2698.0,2917.0,3237.0,3376.0,3549.0,4379.0,3674.0,1210.0,1625.0,2216.0,2572.0,2899.0,3155.0,3251.0,3562.0,4230.0,3624.0,1197.0,1596.0,2148.0,2488.0,2857.0,3038.0,3149.0,3388.0,4006.0,3344.0,1024.0,1388.0,1905.0,2197.0,2518.0,2744.0,2880.0,3044.0,3887.5,3350.0,1089.5,1436.5,1895.0,2274.0,2540.0,2811.0,2878.0,3072.0,3687.5,3308.5,1070.0,1396.5,1888.0,2225.0,2483.5,2731.0,2911.0,3010.5,3610.5,3146.5,986.0,1310.5,1766.0,2098.5,2306.5,2576.0,2764.5,2844.5,2853.5,2327.0,853.5,1078.5,1386.0,1659.5,1889.5,2071.0,2208.5,2334.0,2598.5,1996.5,644.5,881.5,1006.5,1351.5,1948.5,2132.0,2338.5,2364.0,3028.0,2500.0,888.0,1184.0,1401.0,1789.0,2645.0,2786.0,3063.0,2944.0,2975.0,2308.0,852.0,1184.0,1115.0,1789.0,2645.0,2786.0,3063.0,2944.0,2191.5,1398.5,577.5,963.5,694.0,1484.5,3232.5,3603.5,3867.5,3820.5,2081.0,1356.0,554.5,875.0,634.0,1398.0,3332.0,3717.0,3891.0,3882.0,1870.0,1181.5,514.5,840.0,590.5,1292.5,3288.0,3669.5,4035.5,3821.0,1637.0,1026.0,854.0,1030.0,810.0,1350.0,2968.0,3405.0,3338.0,3540.0,2337.0,1668.0,728.0,966.0,949.0,1310.0,2126.0,2300.0,2464.0,2481.0,1614.0,1192.5,629.0,694.5,678.0,885.5,1367.5,1511.0,1586.5,1644.5,2575.5,1948.0,866.5,1097.5,1113.0,1469.0,2290.5,2535.0,2696.0,2721.5,2908.5,2389.0,895.0,1132.0,1257.5,1568.5,2092.0,2349.0,2557.0,2596.5,2717.0,2104.5,775.5,1006.5,1154.5,1460.5,2014.0,2295.0,2465.5,2488.5,3349.0,2836.5,994.0,1274.0,1516.5,1854.5,2507.0,2808.0,3035.5,3021.5,3460.0,2974.0,943.0,1254.0,1524.0,1932.0,2473.0,2782.0,2994.0,3018.0,"{""type"":""MultiPoint"",""coordinates"":[]}"
2396,122,2313.0,2037.0,837.0,1022.0,1171.0,1431.5,1745.0,1840.5,2031.0,1943.0,2837.5,2133.0,667.5,996.5,1174.5,1753.5,2744.0,2998.0,3219.5,3183.5,2880.5,2217.0,689.5,1010.5,1208.5,1752.5,2692.0,3020.5,3305.0,3264.5,3022.5,2332.0,699.0,1029.5,1270.0,1725.5,2808.5,3061.5,3359.0,3376.0,3127.5,2526.5,778.0,1095.5,1340.0,1833.0,2845.5,3076.5,3400.5,3364.0,3251.0,2614.0,816.0,1132.5,1430.0,1866.5,2792.0,3195.0,3408.0,3194.0,3258.5,2676.0,796.0,1114.5,1396.5,1783.5,2741.5,3108.0,3303.5,3393.0,3361.0,2754.5,897.0,1237.5,1584.0,1957.0,2725.0,3185.5,3399.0,3409.5,3380.5,2791.5,875.5,1231.5,1587.5,1953.5,2686.5,3123.0,3272.0,3212.5,3358.5,2886.5,861.0,1233.0,1567.0,1928.0,2654.5,3128.5,3007.0,3231.0,3305.5,2720.5,786.5,1155.5,1485.0,1882.0,2644.5,3104.5,3148.5,3225.0,2416.5,2056.5,972.5,1143.0,1240.0,1528.5,1901.0,2024.0,2234.0,2140.5,3161.0,2671.0,742.5,1087.5,1374.5,1803.5,2679.0,3182.5,3160.0,3258.5,3152.5,2553.0,755.5,1119.5,1372.5,1847.0,2635.0,2900.0,3146.5,3203.0,3155.5,2488.0,957.0,1285.5,1593.0,2007.0,2621.5,2968.0,3146.5,3145.0,3085.5,2413.0,907.5,1225.5,1531.5,1939.5,2676.5,2833.0,3093.5,3098.0,2930.5,2383.0,730.5,1078.0,1325.0,1788.5,2428.0,2689.0,3009.0,3064.0,2865.0,2308.0,786.0,1094.5,1316.0,1763.0,2354.5,2732.0,2894.5,2851.5,2826.5,2296.0,807.0,1116.0,1335.0,1749.0,2308.5,2644.0,2804.5,2688.0,2695.5,2187.5,737.5,1080.5,1318.0,1728.5,2301.0,2557.5,2788.0,2827.5,2931.5,2321.0,676.0,1031.0,1283.5,1826.0,2452.0,2692.0,2945.0,2957.5,2637.5,2162.0,806.5,1038.0,1315.5,1695.5,1983.5,2171.5,2273.5,2429.5,2112.0,1645.0,564.0,825.5,913.0,1188.0,1778.0,1924.5,2217.0,2099.5,2811.5,2336.5,753.5,1079.5,1390.5,1757.5,2038.5,2262.5,2347.0,2471.5,2465.0,1833.0,783.0,1102.0,1250.0,1611.0,2096.0,2251.0,2499.0,2438.0,2108.0,1585.0,603.0,813.0,825.0,1263.0,2181.0,2470.0,2634.0,2569.0,2202.5,1601.5,585.5,793.0,826.5,1246.0,2261.5,2499.0,2712.5,2642.5,2618.0,1980.0,2967.0,2822.5,2793.5,3148.0,3388.0,3512.5,3204.0,3516.0,0.0,0.0,0.0,0.0,0.0,0.0,0.0,0.0,0.0,0.0,1915.0,1333.0,535.5,864.0,739.5,1270.0,2400.0,2678.5,2899.5,2765.0,2015.0,1411.5,506.0,857.5,697.0,1332.0,2870.0,3176.5,3402.0,3268.5,1990.0,1359.5,410.0,776.0,650.5,1219.5,2633.0,3177.5,3509.5,3359.5,1210.0,973.0,221.5,426.0,494.0,666.5,1201.5,1262.0,1439.0,1342.0,2209.0,1785.5,663.0,929.5,986.0,1398.0,2236.0,2627.5,2800.0,2761.0,2242.5,1785.5,633.0,909.0,975.0,1406.0,2272.0,2589.0,2803.5,2822.0,2634.0,2025.0,641.5,924.0,1028.5,1531.0,2290.0,2650.5,2917.5,2935.5,"{""type"":""MultiPoint"",""coordinates"":[]}"
2422,37,3736.0,2372.0,845.0,1264.5,2017.5,2374.5,2646.0,2894.5,3274.0,3311.0,2515.0,1317.0,503.0,817.5,611.5,1171.5,3028.5,3604.5,3951.5,3821.0,2507.0,1312.0,496.5,821.5,680.0,1320.5,3013.0,3484.5,3870.0,3790.5,2344.5,1264.0,566.5,874.5,768.5,1444.5,2918.5,3396.0,3701.0,3637.0,2150.5,1134.0,460.5,759.0,619.5,1205.0,2791.0,3300.0,3611.0,3626.0,2291.0,1184.0,496.0,832.0,705.0,1342.0,3062.0,3557.0,3871.0,3894.0,2322.0,1223.0,578.0,882.0,738.0,1377.0,3011.0,3554.0,3833.0,3876.0,2345.5,1267.5,599.5,935.0,818.5,1454.5,2989.5,3487.5,3704.5,3839.0,2401.0,1332.5,646.5,980.5,864.0,1469.5,2982.5,3504.0,3558.0,3772.5,2406.0,1307.0,633.0,937.0,828.0,1395.0,2917.0,3502.0,3412.0,3728.0,4207.0,2836.5,1081.0,1416.5,1894.5,2440.0,2725.0,3011.5,3084.0,3383.5,3866.0,2453.0,894.0,1282.0,2054.0,2375.0,2645.0,2903.0,3318.0,3298.0,2004.0,1222.0,678.0,885.0,1071.0,1451.0,1991.0,2289.0,2439.0,2469.0,2964.0,1554.0,524.5,814.5,677.5,1165.0,3134.0,3875.0,3944.0,4132.5,2591.0,1217.0,478.5,816.5,421.5,992.0,3945.5,5154.0,5027.5,5312.5,2515.0,1143.0,316.0,708.0,240.0,915.0,4262.0,5697.0,5880.0,5863.0,2541.5,1194.5,476.5,864.0,451.0,1141.0,4103.0,5225.5,5188.5,5506.0,3433.0,2351.5,788.0,1087.5,1479.5,1928.5,2257.0,2467.5,2565.0,2809.0,3002.0,1783.5,504.5,791.5,788.0,1252.5,2564.0,2992.0,3109.5,3245.5,0.0,0.0,0.0,0.0,0.0,0.0,0.0,0.0,0.0,0.0,2653.0,1406.0,438.0,759.0,500.0,1102.0,3257.0,3970.0,4419.0,4248.0,3329.0,2009.0,528.0,900.0,1048.0,1562.0,2517.0,2848.0,3016.0,3147.0,3257.0,2250.0,686.0,1007.5,1473.0,1771.0,2027.5,2202.0,2454.5,2500.0,2960.0,1669.0,430.0,769.0,697.0,1252.0,2587.0,2999.0,3221.0,3283.0,2872.0,1652.0,396.0,713.0,576.0,1114.0,2538.0,2945.0,3207.0,3225.0,2840.0,1573.0,379.0,771.0,650.0,1320.0,2844.0,3160.0,3497.0,3488.0,2971.0,1706.0,447.0,873.0,811.5,1522.5,2938.0,3298.5,3586.5,3594.5,3251.0,1988.0,614.0,978.0,1313.0,1876.0,2598.0,2907.0,3262.0,3238.5,3746.0,2417.0,942.0,1387.0,2142.0,2540.0,2790.0,3055.0,3294.0,3364.0,3385.0,2365.0,670.0,929.0,1254.0,1549.0,1899.0,2112.0,2343.0,2387.0,3601.0,2312.0,729.0,1022.0,1324.0,1663.0,2227.0,2485.0,2821.0,2835.0,3771.0,2375.0,838.0,1144.5,1570.5,1896.0,2293.0,2540.0,2932.5,2919.5,3831.0,2464.0,854.0,1151.0,1649.0,1939.0,2235.0,2502.0,2852.0,2841.0,3237.5,2239.5,645.0,931.5,1152.0,1472.0,2059.5,2322.5,2617.5,2582.5,2228.0,1321.0,530.5,803.0,753.5,1217.5,2322.0,2644.0,2905.0,2868.5,0.0,0.0,0.0,0.0,0.0,0.0,0.0,0.0,0.0,0.0,"{""type"":""MultiPoint"",""coordinates"":[]}"
2426,2,1200.0,1020.0,604.0,616.0,656.5,709.0,707.0,743.0,800.0,812.5,2098.0,1813.5,949.0,1064.5,1170.5,1271.5,1305.0,1369.5,1461.5,1466.5,2166.5,1913.0,961.0,1077.5,1194.5,1297.5,1340.5,1416.0,1487.5,1505.0,2161.5,1909.0,961.0,1077.5,1193.5,1292.0,1343.0,1427.0,1515.5,1518.5,2203.0,1910.0,1047.5,1185.0,1268.0,1377.5,1485.0,1544.0,1599.0,1636.5,2284.5,1965.0,1082.5,1203.0,1323.0,1445.5,1562.0,1639.0,1732.5,1730.0,2316.5,1929.5,1097.5,1248.0,1336.0,1460.0,1710.5,1806.0,1862.5,1897.5,2300.5,1817.0,1022.5,1202.0,1256.0,1462.0,1805.5,1938.5,2072.0,2022.0,2436.0,1826.0,920.5,1224.0,1237.0,1574.5,2212.0,2330.0,2418.5,2423.0,2518.5,1779.5,858.0,1174.5,1122.5,1553.5,2461.5,2698.0,2654.5,2768.5,1920.0,1087.0,463.5,719.5,609.0,1042.5,2274.5,2608.5,2676.5,2675.5,1277.5,1096.5,544.0,611.0,702.5,752.0,755.5,809.0,861.0,872.5,2099.0,1241.5,501.5,783.0,645.5,1130.0,2897.5,3457.0,3441.0,3531.0,1851.5,902.5,317.0,628.0,443.5,1014.5,3260.0,3985.5,3938.0,4055.5,1936.5,935.5,369.0,699.0,442.0,1063.5,3580.0,4183.5,4317.5,4385.5,1660.5,744.0,396.0,669.0,443.5,1022.0,3402.5,4107.5,4311.0,4308.5,1650.0,773.0,329.5,607.0,404.0,975.0,3271.5,3895.0,4119.5,4117.5,1643.0,792.5,331.0,599.0,437.0,1000.5,2957.5,3513.5,3707.0,3722.5,1681.0,856.0,409.0,649.5,529.5,1082.0,2608.0,3096.5,3237.0,3370.5,1743.0,967.0,515.5,734.5,665.5,1283.5,2715.0,3054.0,3319.0,3334.5,1841.5,1037.5,465.0,729.0,733.5,1386.5,2513.0,2838.0,3061.5,3145.5,2065.5,1330.5,641.0,803.0,1147.0,1610.0,1919.5,2173.5,2386.0,2533.0,1212.0,1028.5,455.0,528.5,614.5,665.0,677.0,723.0,780.0,782.0,2027.0,1354.5,587.0,731.5,1080.0,1359.0,1524.5,1713.5,1844.0,2011.0,1547.5,1107.5,642.0,698.5,877.0,1023.5,1095.0,1236.0,1334.5,1449.5,1930.0,1571.5,618.0,700.0,870.5,968.5,1052.5,1181.0,1328.5,1423.0,1842.0,1503.0,529.5,629.5,802.5,904.0,978.5,1090.0,1215.5,1305.0,2882.5,2820.5,2677.5,2497.0,2486.0,2561.5,2555.5,2621.0,2646.5,2629.0,2882.5,2820.5,2677.5,2497.0,2486.0,2561.5,2555.5,2621.0,2646.5,2629.0,3060.0,2863.0,1166.5,1377.0,1617.5,1747.5,1781.5,1900.0,2028.5,2017.5,2757.0,2447.5,1137.0,1292.0,1486.0,1614.0,1650.0,1784.0,1870.0,1866.0,2600.5,2178.0,1120.0,1296.0,1464.5,1599.0,1638.0,1733.0,1869.5,1836.0,0.0,0.0,0.0,0.0,0.0,0.0,0.0,0.0,0.0,0.0,2612.5,2423.5,1129.5,1267.0,1438.5,1558.0,1602.5,1712.5,1809.0,1827.0,1886.0,1690.5,857.0,947.0,1037.0,1109.5,1151.5,1218.5,1304.0,1296.0,1897.0,1662.0,840.5,948.0,1046.0,1120.5,1162.0,1232.5,1307.5,1318.5,"{""type"":""MultiPoint"",""coordinates"":[]}"
2460,1,3900.5,3429.5,880.0,1183.0,1606.5,1840.0,1931.0,2120.0,2312.5,2405.0,4040.5,3719.0,959.0,1273.5,1601.0,1864.0,2122.5,2329.0,2492.0,2573.5,3833.0,3348.0,772.0,1073.0,1315.0,1579.0,2228.5,2476.5,2594.5,2686.5,2124.0,1205.5,278.0,527.0,443.5,792.0,2308.5,2679.0,2955.5,2960.5,2124.0,1135.5,340.0,602.0,440.5,811.5,3030.0,4021.5,4070.0,4210.5,1758.5,787.5,285.0,537.5,287.5,681.5,3077.5,4370.0,4521.0,4503.0,1686.0,769.0,245.0,473.0,238.5,624.0,3063.0,4619.0,4749.5,4808.0,1744.5,813.5,255.5,508.5,316.5,721.5,3063.0,4668.0,4862.0,4887.0,1826.0,888.0,232.0,444.5,313.0,683.0,2761.5,4066.5,4238.5,4372.5,1896.0,913.0,222.5,455.5,336.5,743.5,2459.0,3561.0,3747.0,3883.5,2140.5,1116.0,342.0,664.0,568.0,1066.5,2395.0,3250.0,3441.5,3687.5,3385.0,3238.0,701.5,949.0,1236.5,1400.5,1484.5,1647.5,1757.0,1805.0,5048.5,4251.5,1320.0,1757.5,2413.0,2781.5,2808.5,3051.5,3189.0,3468.0,5041.5,4372.0,1296.5,1812.0,2479.5,2809.0,2870.5,3106.5,3290.0,3470.5,4581.5,4366.0,1072.5,1478.0,1967.0,2239.5,2262.0,2449.0,2568.0,2763.0,4470.0,4252.5,1178.0,1551.0,2074.5,2301.0,2270.5,2464.5,2602.0,2710.5,4298.5,4147.0,1124.5,1509.0,1980.0,2192.0,2229.0,2386.0,2577.5,2652.0,4154.0,3966.0,1115.5,1451.0,1911.0,2129.0,2191.5,2386.0,2479.5,2600.5,4079.5,3837.5,1120.5,1451.0,1896.0,2118.0,2188.5,2394.5,2509.0,2596.5,4016.0,3785.5,1707.5,1914.0,2175.0,2387.5,2489.5,2598.0,2754.0,2752.0,3894.5,3562.0,939.5,1262.5,1698.5,1901.0,1982.5,2169.5,2332.5,2398.5,3968.0,3684.5,892.5,1247.0,1661.5,1884.0,1959.0,2139.0,2200.0,2341.0,2898.5,2623.5,492.5,720.5,1016.0,1146.0,1252.5,1400.5,1563.0,1580.5,3936.0,3425.5,1152.0,1579.5,2061.0,2363.0,2416.5,2580.0,2652.0,2861.5,4199.0,3734.5,1428.5,1730.0,2061.0,2359.0,2594.0,2831.5,2970.0,3070.0,2933.5,2087.0,621.5,750.0,1009.5,1179.5,1295.0,1523.5,1734.0,1861.5,3331.0,2520.5,747.5,942.0,1244.5,1424.5,1563.0,1771.0,2001.0,2126.0,3231.5,2445.5,2422.5,2546.5,2668.5,3068.5,3402.5,3535.0,3317.0,3661.5,0.0,0.0,0.0,0.0,0.0,0.0,0.0,0.0,0.0,0.0,2519.5,1983.5,622.0,869.5,1155.5,1348.5,1388.5,1546.0,1663.5,1737.5,2311.0,1734.0,529.5,785.0,989.0,1254.5,1334.5,1487.0,1595.5,1634.0,3327.0,2615.5,748.5,1139.5,1357.5,1776.5,1946.5,2089.0,2270.0,2287.5,0.0,0.0,0.0,0.0,0.0,0.0,0.0,0.0,0.0,0.0,4346.5,4086.0,1100.5,1450.5,1883.0,2143.0,2224.5,2442.5,2617.0,2716.0,4056.0,3813.0,881.5,1214.5,1595.5,1808.5,1918.0,2096.5,2255.5,2333.5,3019.5,2825.5,830.5,1070.0,1357.5,1508.5,1642.0,1794.5,1908.0,1959.0,"{""type"":""MultiPoint"",""coordinates"":[]}"
2571,3,2581.0,1840.5,1075.5,1264.5,1531.0,1726.0,1822.5,1985.5,2101.5,2175.5,3377.5,3338.0,999.0,1268.0,1579.5,1708.5,1784.0,1909.0,2095.5,2063.0,3448.0,3319.0,1024.0,1334.0,1662.0,1834.0,1872.0,1989.0,2140.0,2168.0,3404.0,3165.0,1154.0,1319.0,1621.0,1758.0,1830.0,1965.0,2145.0,2165.0,341.5,354.0,571.5,754.0,842.5,1013.5,865.5,946.0,836.0,817.5,230.0,191.0,403.0,615.5,639.0,918.5,912.5,1002.0,997.5,964.5,956.0,575.0,343.5,678.5,357.0,1005.0,1986.0,2269.5,2121.5,2141.0,1675.5,767.5,311.0,726.0,302.5,1146.0,3491.5,4170.0,4032.5,4149.0,1575.5,682.0,246.0,456.0,214.5,684.0,2925.5,4446.5,4399.0,4645.0,1460.0,620.0,199.0,377.0,168.0,647.0,2902.0,4530.0,4684.0,4784.0,1438.5,627.0,239.5,399.0,190.5,586.0,2752.5,4530.5,4746.5,4821.0,2935.5,2369.5,794.0,1089.0,1367.5,1544.5,1651.0,1776.5,1968.5,1934.5,1483.0,650.5,252.5,458.0,225.5,629.0,2684.0,4427.0,4702.0,4759.5,1376.0,613.5,204.5,421.5,208.5,699.5,2734.0,4344.5,4513.0,4674.5,1695.0,806.5,1403.0,1573.5,1224.0,1842.5,3265.5,4078.5,4123.0,4332.0,1927.0,961.0,875.5,1258.0,873.5,1748.0,3643.5,4467.5,4681.0,4794.0,1741.0,891.0,558.0,872.0,650.0,1477.0,3159.0,3821.0,4107.0,4196.0,2129.0,1172.0,533.0,899.0,776.0,1685.0,3199.0,3663.0,3981.0,4121.0,3154.5,1979.0,787.5,1350.5,1598.0,2439.0,3338.5,3784.0,4189.5,4326.5,5112.0,3463.0,1358.0,1915.0,2647.0,3222.0,3467.0,3818.0,4174.0,4294.0,4913.0,3249.0,1349.0,1926.5,2908.5,3335.0,3578.5,3883.0,4274.0,4386.5,0.0,0.0,0.0,0.0,0.0,0.0,0.0,0.0,0.0,0.0,2841.0,2171.0,1072.0,1220.5,1493.0,1702.0,1759.5,1894.0,2065.0,2094.5,4510.0,3332.0,1124.0,1562.0,2242.0,2604.0,2756.0,2953.0,3134.0,3349.0,4856.0,4118.0,2782.0,3011.5,3478.5,3824.0,3855.0,4060.5,4210.5,4352.0,4383.0,3338.0,933.0,1269.5,1760.5,2058.5,2221.0,2419.0,2686.5,2718.0,4410.5,3268.5,1021.0,1311.0,1836.0,2174.0,2296.0,2504.5,2781.5,2865.0,4413.0,3388.0,912.0,1194.0,1705.0,1975.0,2114.0,2309.0,2636.0,2651.0,771.0,561.0,621.0,652.0,716.0,766.0,720.0,759.0,1000.0,862.0,2756.0,2132.0,680.0,949.0,1266.0,1453.0,1542.0,1678.0,1901.0,1853.0,2912.0,2308.5,753.0,1017.5,1311.5,1517.0,1649.5,1770.5,1978.5,1969.0,4512.0,4212.0,1361.0,1752.0,2165.0,2366.0,2491.0,2603.0,2943.0,2950.0,4717.0,4403.0,1515.0,1900.0,2305.0,2553.0,2682.0,2854.0,3152.0,3105.0,3349.0,2918.5,973.5,1287.5,1612.5,1788.0,1912.5,2049.0,2202.5,2230.0,2914.0,2839.0,812.5,1021.0,1268.5,1375.5,1449.0,1548.5,1695.5,1683.5,3291.0,3124.0,969.0,1244.0,1516.0,1685.0,1721.0,1843.0,1969.0,1985.0,"{""type"":""MultiPoint"",""coordinates"":[]}"
2822,36,2167.0,1664.0,1379.0,1596.5,1846.0,2033.0,2170.0,2260.0,2454.5,2441.5,3306.0,2282.5,781.5,1119.0,1127.5,1697.0,3232.5,3655.0,3866.5,3904.5,2792.5,1626.0,580.0,918.0,782.0,1405.5,3418.0,3935.5,4154.5,4179.0,2483.5,1386.0,477.0,780.0,590.5,1220.0,3701.0,4354.5,4596.0,4639.0,2121.0,988.5,329.0,624.5,348.0,984.0,4180.5,5104.0,5315.0,5347.0,2447.5,1464.5,681.0,919.5,790.5,1397.0,3584.0,4300.5,4508.0,4544.0,2114.0,1009.5,378.5,684.0,441.0,1180.0,3885.0,4736.5,4800.5,4993.0,4207.0,2643.5,992.5,1375.5,1694.0,2354.5,3514.5,4134.5,4500.5,4681.0,4462.5,2949.5,1169.0,1586.5,2037.5,2750.5,3344.5,3755.0,3998.5,4271.5,2437.0,1150.5,273.5,623.0,308.5,1041.5,4138.5,4895.0,4991.5,5042.0,3677.5,2606.5,730.5,1110.0,1110.0,1821.0,2765.0,3088.5,3273.5,3507.0,3283.0,2238.0,867.0,1074.5,1608.0,1921.5,2065.0,2260.0,2408.5,2438.0,3794.0,2839.0,833.0,1171.0,1406.5,1976.5,2765.0,3088.5,3273.5,3507.0,2409.5,1056.5,228.5,527.0,183.5,904.5,4886.5,5866.0,6001.0,6090.0,2348.5,976.0,558.5,755.0,270.0,1007.5,5295.0,6712.5,6685.5,6806.5,3711.0,2674.0,996.0,1235.0,1379.0,1965.0,3108.5,3456.5,3677.0,3840.5,3726.0,2727.5,793.5,1098.5,1452.0,1965.0,2629.5,3004.5,3209.5,3340.0,3067.5,2107.0,648.0,928.5,1093.5,1549.0,2621.5,3043.0,3214.0,3313.5,3067.5,2010.0,686.5,916.5,994.5,1410.0,2783.5,3235.0,3457.0,3560.0,3132.0,2165.5,1279.0,1451.5,1562.5,1909.5,2722.0,3048.0,3208.5,3295.0,3187.5,2197.5,1054.0,1344.5,1667.0,2084.0,2689.5,2931.0,3056.5,3167.0,3025.0,2113.0,1908.0,2114.5,2299.0,2765.0,3233.0,3402.5,3373.0,3566.0,2965.5,2105.5,991.0,1243.0,1779.5,2017.5,2200.5,2408.0,2638.0,2758.5,2726.0,1939.5,603.0,872.5,1030.0,1558.0,2324.5,2540.5,2674.5,2838.0,2737.0,1956.0,600.0,819.0,1056.0,1462.0,1987.0,2191.0,2384.0,2468.0,2892.5,2159.5,598.0,803.5,1072.0,1424.0,1935.0,2148.0,2347.5,2410.5,2885.5,2083.5,615.5,889.0,1072.0,1424.0,1835.5,2077.0,2217.5,2379.5,1516.5,1634.5,1618.5,1482.0,1425.0,1537.0,1868.5,2100.5,2294.5,2403.5,942.0,1143.0,8573.0,8091.0,7825.0,7894.0,7604.0,7326.0,7276.0,7044.0,933.5,958.0,8346.0,8408.0,8339.0,8732.5,8060.5,7413.0,6906.5,6588.5,988.0,739.5,4722.0,4740.5,4845.0,5043.5,4858.5,4679.5,4703.0,4495.5,3473.5,2803.0,966.0,1162.5,1529.0,1738.0,1885.5,2008.5,2237.0,2306.0,3738.5,2927.5,1024.5,1203.0,1577.0,1772.5,1910.5,2080.5,2288.5,2345.0,3745.0,3007.0,1140.0,1308.0,1676.0,1861.0,2019.0,2184.5,2481.0,2473.0,3764.0,3004.5,986.5,1235.5,1584.0,1832.0,2142.5,2332.0,2521.5,2598.0,3421.5,2572.5,873.5,1156.5,1332.0,1728.5,2503.0,2750.0,2949.5,3007.0,"{""type"":""MultiPoint"",""coordinates"":[]}"
2828,44,64.0,66.0,371.0,569.0,623.0,705.0,439.0,459.0,413.0,303.0,2326.0,2127.0,795.5,941.0,1125.0,1214.0,1265.0,1325.5,1445.0,1424.5,2790.0,2413.0,1211.0,1464.5,1610.5,1795.0,2053.0,2178.5,2174.5,2285.5,2627.5,2411.0,872.5,1083.0,1291.0,1419.5,1440.0,1526.0,1631.5,1661.5,1578.0,1470.0,729.0,893.0,1058.5,1149.0,1105.5,1176.0,1235.5,1249.5,217.0,184.0,445.5,587.0,578.0,679.5,412.5,428.5,385.0,311.0,77.0,61.0,393.5,557.5,507.0,578.0,283.5,310.5,273.0,162.5,475.5,309.5,390.5,662.0,464.0,879.0,885.5,948.0,879.5,794.0,1741.0,860.0,458.5,999.5,413.0,1524.5,3743.5,4140.5,3988.5,4043.0,2144.0,1017.0,279.0,799.0,256.0,1227.0,4949.0,6293.0,6487.0,6302.0,2114.0,1053.5,258.5,730.5,230.0,1167.5,4812.5,6336.0,6399.5,6376.0,165.0,137.0,817.0,1061.0,1171.0,1253.0,1200.0,1238.0,1361.0,1230.0,1812.0,915.0,355.0,696.0,387.0,1248.0,4236.0,5539.0,5760.0,5662.0,2307.0,1232.0,1325.5,1566.5,1392.5,2242.5,3784.0,4324.0,4546.5,4570.0,2332.0,1377.0,2214.0,2449.0,2394.0,2721.0,3143.0,3337.0,3406.0,3466.0,2439.0,1628.0,901.0,1266.5,1311.0,2056.0,2622.0,2842.5,3032.5,3098.0,3004.5,2216.5,801.0,1128.5,1558.5,1862.0,1984.5,2158.5,2390.5,2402.0,3699.5,2762.0,882.5,1198.5,1668.0,1955.5,2111.0,2326.0,2578.5,2665.5,4101.0,3060.5,929.0,1294.0,1851.5,2147.5,2333.5,2539.0,2882.5,2960.5,2366.0,1803.0,710.0,920.0,1228.0,1404.0,1514.0,1647.0,1888.0,1858.0,4020.5,2985.5,927.0,1269.5,1788.5,2087.0,2341.0,2598.0,3008.0,3018.5,930.0,712.0,762.5,809.0,943.0,1111.5,1159.0,1282.5,1253.5,1396.5,0.0,0.0,0.0,0.0,0.0,0.0,0.0,0.0,0.0,0.0,196.0,148.0,638.0,775.0,862.0,938.0,647.0,681.0,704.0,520.0,0.0,0.0,0.0,0.0,0.0,0.0,0.0,0.0,0.0,0.0,105.0,68.5,349.0,432.0,440.5,522.5,459.0,487.0,510.5,437.5,102.0,64.0,318.0,377.0,371.0,432.0,380.0,406.0,396.0,321.0,15.0,34.0,524.0,632.0,641.0,654.0,473.0,484.0,475.0,345.0,0.0,0.0,0.0,0.0,0.0,0.0,0.0,0.0,0.0,0.0,0.0,0.0,0.0,0.0,0.0,0.0,0.0,0.0,0.0,0.0,37.0,29.0,371.0,460.0,520.0,556.0,440.0,475.0,459.0,375.0,881.5,589.5,477.0,604.0,679.5,782.0,771.0,839.5,914.5,890.0,0.0,0.0,0.0,0.0,0.0,0.0,0.0,0.0,0.0,0.0,2469.0,1862.5,934.0,1087.5,1179.5,1322.5,1380.0,1440.0,1579.5,1558.5,3183.5,2770.0,1291.5,1491.0,1648.5,1788.5,1828.0,1908.0,2078.5,2029.0,3787.0,3379.0,1640.0,1915.0,2091.0,2246.0,2306.0,2384.0,2553.0,2556.0,"{""type"":""MultiPoint"",""coordinates"":[]}"
2849,76,0.0,0.0,0.0,0.0,0.0,0.0,0.0,0.0,0.0,0.0,3020.0,2300.5,606.0,875.0,1026.5,1450.5,2010.5,2177.0,2432.0,2450.0,2323.0,1480.5,339.5,613.0,537.5,1137.0,2649.0,3063.5,3252.0,3244.0,2148.5,1276.0,299.5,552.5,423.5,955.5,2928.5,3581.0,3798.0,3804.0,2011.5,1074.5,282.5,463.5,339.0,813.5,2890.0,3640.0,3820.0,3852.0,2434.0,1421.0,336.5,593.5,431.0,991.5,3326.5,4043.5,4191.0,4293.0,1995.0,1129.0,251.0,469.5,323.0,828.5,3021.5,3679.5,3887.0,3820.5,2194.0,1114.0,237.5,505.0,352.0,874.0,3136.5,3797.0,4078.5,4009.0,2145.0,1159.5,251.5,522.0,360.5,889.0,3004.0,3766.5,3891.0,3995.5,2004.5,1085.5,285.0,486.0,338.5,795.0,2768.0,3523.5,3696.0,3779.0,2015.5,1035.0,283.5,541.5,371.5,921.0,2956.0,3699.5,3859.0,3867.5,3141.5,2549.0,633.0,831.0,1101.5,1353.5,1585.5,1726.0,1956.0,1983.0,1970.0,982.5,294.0,514.5,353.5,858.5,2790.0,3468.0,3731.5,3746.5,2208.0,998.5,354.0,609.5,463.5,987.5,3033.5,3805.5,4087.5,4122.5,1936.0,964.0,1530.5,1505.0,1262.5,1565.5,2761.0,3305.0,3384.5,3559.0,1917.5,928.5,896.5,997.0,766.5,1182.5,2920.5,3623.0,3828.0,3960.0,1946.5,1003.0,260.0,528.5,389.5,859.0,2667.0,3336.0,3654.5,3659.5,1723.0,817.5,249.5,475.5,275.5,800.5,2599.5,3244.5,3426.5,3550.5,2264.0,1256.0,254.0,556.0,488.5,1070.0,2550.5,3029.5,3266.0,3401.5,2187.5,1183.5,308.5,547.5,472.5,956.0,2310.5,2712.0,3004.5,3041.0,2149.0,1236.5,243.5,517.5,429.5,965.5,2273.0,2712.5,3001.0,3007.5,3300.5,2416.0,3274.0,3316.0,3322.5,3719.5,3951.5,3978.0,4160.5,4040.0,0.0,0.0,0.0,0.0,0.0,0.0,0.0,0.0,0.0,0.0,1819.5,976.5,200.5,431.5,305.5,898.5,2191.0,2548.5,2672.5,2807.5,4236.5,4088.0,3015.5,3064.0,3015.5,3439.0,3828.5,4031.5,4064.5,4185.5,1901.0,1102.5,239.5,595.0,456.0,1121.5,2122.5,2357.0,2658.0,2648.0,2450.0,1529.5,437.5,710.0,815.0,1303.5,1927.5,2105.0,2293.0,2490.5,2752.0,2064.0,456.5,637.0,866.5,1167.5,1487.5,1679.0,1949.5,2034.0,0.0,0.0,0.0,0.0,0.0,0.0,0.0,0.0,0.0,0.0,2886.0,2360.0,546.0,720.5,981.5,1184.0,1404.0,1526.0,1787.0,1835.5,2738.5,2167.0,562.0,716.0,941.0,1189.5,1370.0,1525.5,1722.5,1778.0,3377.5,2871.5,749.5,980.0,1266.0,1492.0,1702.5,1857.0,2137.5,2137.0,0.0,0.0,0.0,0.0,0.0,0.0,0.0,0.0,0.0,0.0,3223.5,2502.5,740.0,949.5,1186.5,1458.5,1677.5,1783.5,2040.0,2119.0,3578.5,3013.5,907.5,1143.5,1431.5,1672.0,1877.0,2019.5,2264.5,2275.5,3574.0,3004.0,838.5,1096.5,1387.5,1666.5,1907.5,2064.5,2301.0,2347.5,"{""type"":""MultiPoint"",""coordinates"":[]}"
2850,69,2333.0,2039.5,549.5,575.0,756.0,880.0,960.0,1107.5,1242.5,1336.5,2795.5,2262.0,568.0,805.5,859.0,1244.0,2016.0,2329.0,2445.0,2568.0,2647.0,1929.5,460.5,763.0,661.0,1186.5,2257.0,2610.5,2763.5,2847.5,2516.5,1702.0,431.5,745.0,579.0,1186.5,2920.5,3449.5,3598.5,3636.0,2471.0,1620.5,447.5,761.0,567.5,1200.0,3187.5,3892.5,4117.0,4106.0,2530.0,1550.0,455.0,763.5,579.0,1217.0,3364.5,4130.5,4360.5,4370.5,2561.0,1547.5,441.5,747.0,577.5,1207.5,3396.0,4216.5,4441.0,4463.5,2521.0,1577.5,485.0,768.0,639.0,1237.5,3304.0,4097.0,4210.0,4327.0,2661.5,1679.0,507.5,793.0,721.5,1294.0,3144.5,3994.0,4083.5,4263.5,2671.5,1716.0,481.0,776.0,751.0,1313.5,3129.0,3855.5,4007.5,4153.0,2619.5,1716.0,471.0,750.5,738.5,1304.0,2965.5,3656.5,3822.0,3977.0,2607.0,2247.5,464.0,552.5,767.5,894.0,987.0,1137.0,1322.0,1405.0,2574.5,1761.5,467.5,717.5,676.5,1187.0,2754.0,3476.5,3511.0,3698.5,2500.0,1674.5,461.5,718.5,692.5,1211.5,2692.5,3369.5,3475.0,3636.5,2457.5,1639.0,456.0,712.5,680.0,1194.0,2692.5,3369.5,3475.0,3636.5,2759.0,1758.0,577.0,807.0,934.0,1467.0,2408.0,2863.0,3076.0,3282.0,2528.5,1648.0,491.0,740.0,911.0,1391.5,2242.0,2604.0,2868.5,3014.5,2355.5,1497.0,472.5,703.5,831.5,1278.0,2071.5,2459.5,2661.5,2826.0,2113.5,1392.0,504.0,706.0,800.5,1188.0,1913.5,2289.5,2401.5,2577.0,2070.0,1278.5,531.0,715.5,807.5,1184.5,1863.5,2212.0,2385.0,2497.0,1557.0,837.5,197.5,397.5,412.0,858.5,1818.0,2169.5,2373.0,2467.5,1184.0,698.5,181.5,270.5,289.0,568.0,1088.5,1320.0,1422.5,1543.5,2456.5,2060.0,352.0,461.0,670.5,793.0,896.5,1045.0,1226.5,1317.0,1747.5,1092.0,252.0,402.5,419.0,825.0,1450.0,1719.5,1861.0,1971.5,3572.5,2856.5,1864.5,2003.0,2072.0,2459.5,2929.5,3153.5,3300.5,3366.5,2876.0,2357.5,1486.5,1557.0,1555.5,1858.5,2136.5,2285.5,2513.0,2511.5,2096.0,1562.5,358.0,489.0,585.0,891.0,1154.0,1345.0,1505.0,1639.5,3240.0,2345.0,3809.5,3604.5,3516.5,3709.0,3656.0,3660.0,3934.0,3728.0,0.0,0.0,0.0,0.0,0.0,0.0,0.0,0.0,0.0,0.0,2823.0,2480.0,470.0,596.5,821.0,958.0,1062.5,1198.0,1349.5,1417.5,3140.5,2875.5,609.5,723.5,947.5,1090.5,1190.0,1349.0,1497.0,1574.0,3175.0,2841.5,652.5,792.0,1017.0,1148.0,1263.0,1423.5,1591.0,1644.5,3181.5,2800.0,622.0,719.0,967.5,1146.5,1264.5,1415.5,1595.5,1729.0,3181.5,2800.0,622.0,719.0,967.5,1146.5,1264.5,1415.5,1595.5,1729.0,3360.0,2944.0,702.5,856.5,1063.5,1257.5,1491.0,1664.0,1814.0,1918.0,3189.5,2824.0,655.5,847.5,1015.5,1265.5,1532.5,1693.5,1869.0,1933.0,"{""type"":""MultiPoint"",""coordinates"":[]}"
2865,176,0.0,0.0,0.0,0.0,0.0,0.0,0.0,0.0,0.0,0.0,2535.5,1923.5,494.5,760.5,1141.0,1558.0,2088.0,2266.0,2444.5,2510.5,2663.0,2076.0,490.0,770.0,1225.0,1562.0,1831.0,2006.0,2185.0,2275.0,2975.0,2336.5,583.5,866.5,1380.5,1645.5,1908.5,2080.0,2305.0,2387.5,3151.0,2448.0,642.0,943.5,1529.0,1809.0,1995.0,2185.5,2394.0,2478.0,3004.0,2372.5,667.0,955.0,1528.0,1783.0,1941.5,2114.5,2264.0,2386.5,3460.0,2671.0,748.0,1110.0,1779.0,2068.0,2211.0,2447.0,2580.0,2700.0,3238.5,2527.5,678.0,1011.5,1651.5,1917.5,2054.5,2240.0,2461.5,2531.0,3294.0,2574.0,664.5,999.0,1636.5,1908.0,2052.5,2242.5,2362.0,2537.5,3130.0,2470.0,662.0,952.0,1587.0,1863.0,1983.0,2162.0,2297.0,2457.0,3272.0,2534.0,701.0,1086.0,1800.5,2086.5,2245.0,2426.5,2583.5,2648.5,2454.5,2100.5,350.0,590.0,891.5,1150.5,1456.0,1584.0,1706.5,1716.0,3273.0,2575.0,719.0,1084.0,1756.0,2062.0,2184.0,2362.0,2455.0,2657.0,3241.0,2503.5,675.0,1039.0,1703.0,1988.0,2125.5,2304.5,2464.0,2612.0,3150.0,2360.0,1971.5,2069.0,2343.0,2617.0,2703.0,2846.5,2884.5,3065.5,3228.5,2436.0,1295.0,1491.0,2028.0,2288.5,2434.0,2580.0,2711.5,2828.5,3134.0,2400.5,685.5,1055.0,1715.5,1999.0,2107.0,2285.0,2470.0,2553.5,3048.0,2318.0,548.0,863.0,1465.0,1745.0,1891.0,2074.0,2244.0,2362.0,2999.0,2299.0,536.0,887.0,1518.0,1756.0,1901.0,2088.0,2245.0,2356.0,2850.0,2221.0,589.0,869.0,1440.0,1649.0,1792.0,1953.0,2137.0,2218.0,2885.0,2234.0,516.5,840.0,1453.0,1685.0,1785.5,1974.5,2190.5,2251.0,0.0,0.0,0.0,0.0,0.0,0.0,0.0,0.0,0.0,0.0,0.0,0.0,0.0,0.0,0.0,0.0,0.0,0.0,0.0,0.0,1933.0,1207.0,403.0,698.0,849.0,1365.0,1891.0,2007.0,2066.0,2225.0,1721.0,1013.0,321.0,659.0,497.0,1205.0,2232.0,2319.0,2532.0,2547.0,1915.0,1114.0,317.0,656.0,504.0,1293.0,2605.0,2716.0,2938.0,2810.0,1883.0,1059.0,346.0,636.0,502.0,1330.0,2622.0,2762.0,3045.0,2993.0,1951.0,1131.0,283.0,640.0,510.0,1293.0,2845.0,3024.0,3044.0,3023.0,2778.0,2399.0,2707.0,2692.0,2543.0,2897.0,3429.0,3506.0,3609.0,3568.0,1737.0,1298.0,126.0,332.0,509.0,800.0,1192.0,1353.0,1491.0,1513.0,1640.5,1107.5,256.5,434.5,501.0,881.5,1576.0,1682.0,1803.5,1802.5,2001.0,1418.0,225.0,488.5,587.0,1068.5,2055.0,2250.0,2382.5,2342.5,2323.0,1652.0,457.0,708.0,794.0,1379.0,2524.0,2734.0,2891.0,2932.0,1843.0,1147.0,242.5,545.5,553.0,1229.5,2509.0,2704.5,2734.5,2882.0,2024.0,1308.5,318.5,625.5,635.0,1323.0,2676.5,2919.0,2952.0,3088.0,2282.5,1594.5,454.0,779.5,916.0,1558.5,2639.5,2878.5,2935.5,3100.0,"{""type"":""MultiPoint"",""coordinates"":[]}"
2919,3,3593.0,2843.0,1875.5,2121.5,2455.5,2659.0,2728.5,2898.0,2946.5,3135.5,3940.5,3798.0,1096.0,1418.5,1818.5,1968.0,2053.0,2182.0,2381.5,2346.0,2236.5,2119.5,1070.0,1384.5,1614.5,1744.0,1630.5,1709.0,1741.0,1719.0,469.0,442.0,936.5,1219.0,1347.0,1473.0,1122.0,1170.0,1080.5,940.0,267.5,201.5,426.0,659.0,678.0,961.0,882.0,999.0,921.5,871.0,482.0,371.5,450.0,704.5,628.5,977.0,1084.5,1179.5,1144.5,1034.0,1423.0,791.0,269.5,619.5,247.0,937.5,2581.5,3088.5,3219.0,3092.5,1765.0,914.0,319.0,591.0,463.0,986.0,2799.0,3670.0,3892.0,3752.0,1512.5,718.0,193.5,380.5,233.0,635.5,2507.0,3760.0,3935.0,3947.5,1272.0,555.0,135.0,223.0,101.0,373.0,2263.0,3966.0,4124.0,4171.0,1199.5,505.0,177.0,288.5,126.0,415.5,2349.5,4174.5,4409.0,4412.0,4124.0,3443.0,786.0,1066.0,1567.5,1761.5,1882.5,2039.0,2314.0,2338.0,1232.0,527.5,195.5,353.0,155.0,483.0,2584.5,4259.5,4500.5,4547.0,1336.5,612.5,258.0,597.0,276.5,970.5,2980.0,4222.5,4566.5,4527.0,1639.0,780.0,1202.0,1429.0,1050.0,1646.0,3198.0,4118.0,4113.0,4354.0,1718.0,805.5,801.5,1233.5,808.5,1826.0,3698.5,4507.5,4788.5,4871.5,1562.0,804.0,588.0,968.0,780.0,1685.0,3273.0,3909.0,4167.0,4276.0,1808.0,985.0,530.0,1018.0,924.0,1851.0,3252.0,3815.0,4091.0,4220.0,3575.5,2268.5,978.0,1577.0,1871.5,2830.5,3422.0,3725.5,4125.5,4205.0,4305.0,3037.0,1183.0,1734.0,2576.0,3021.0,3248.0,3585.0,3954.0,3980.0,4117.0,3047.5,1083.0,1555.5,2273.5,2545.0,2732.0,2953.0,3381.5,3299.5,2156.0,1469.0,2463.0,2442.0,2462.0,2708.0,2704.0,2692.0,2736.0,2762.0,3457.0,2454.0,1037.0,1206.0,1701.0,1955.0,2091.0,2256.0,2496.0,2612.0,2326.0,1700.0,489.0,721.0,1036.0,1181.0,1265.0,1391.0,1545.0,1560.0,2704.0,2040.0,1153.5,1322.0,1600.5,1805.5,1885.5,2034.5,2131.5,2183.0,3469.0,2809.0,734.0,956.0,1270.0,1427.0,1563.0,1707.0,1938.0,1935.0,3543.0,2883.0,766.0,1014.0,1331.0,1526.0,1638.0,1770.0,1905.0,1984.0,3574.0,2985.0,709.0,924.0,1267.0,1420.0,1528.0,1673.0,1959.0,1903.0,1347.5,880.0,1737.5,1580.5,1559.5,1594.5,1587.0,1629.0,1671.5,1688.0,4262.0,3458.0,883.0,1208.0,1728.0,1964.0,2057.0,2245.0,2578.0,2554.0,4033.5,3201.5,897.0,1206.5,1633.5,1892.5,2021.5,2180.0,2463.5,2492.0,4585.0,3786.0,957.0,1285.0,1733.0,2005.0,2140.0,2336.0,2600.0,2590.0,4883.0,4040.0,1166.0,1504.0,1973.0,2261.0,2391.0,2582.0,2949.0,2949.0,4766.0,3891.0,1067.0,1395.0,1837.5,2098.0,2221.5,2390.5,2675.0,2698.5,3999.5,3461.5,923.0,1240.0,1605.0,1782.0,1882.0,2049.0,2314.0,2256.5,3758.0,3604.5,934.0,1268.5,1623.0,1796.0,1892.5,2027.0,2192.0,2213.0,"{""type"":""MultiPoint"",""coordinates"":[]}"
2930,69,1533.5,1380.5,648.0,639.0,687.0,782.0,821.0,896.0,977.0,1011.5,3304.0,2624.5,832.0,1185.0,1356.0,1752.5,2523.5,2784.5,2983.5,2987.0,3078.0,2286.0,672.0,1054.0,1116.0,1668.0,2890.0,3248.0,3457.0,3461.0,2906.0,2011.5,566.5,978.5,908.5,1510.0,3138.5,3706.5,3900.5,3932.0,2593.0,1698.0,545.0,971.0,845.0,1475.0,3260.0,3942.0,4233.0,4181.0,2550.0,1517.0,435.0,866.0,571.0,1397.0,3521.0,4192.0,4501.0,4455.0,2574.0,1503.0,398.0,866.0,571.0,1397.0,3878.0,4741.0,4984.0,5027.0,2562.0,1443.0,392.0,837.0,597.0,1430.0,3934.0,4741.0,5129.0,5073.0,2849.0,1667.0,405.0,833.0,688.0,1430.0,3894.0,4859.0,4971.0,5196.0,2779.5,1605.0,398.0,826.5,683.0,1441.5,3832.5,4774.5,4900.0,5141.0,2758.0,1619.0,435.0,817.0,722.0,1402.0,3655.0,4583.0,4770.0,4931.0,2651.0,2510.0,559.0,695.0,908.0,1078.0,1274.0,1383.0,1572.0,1611.0,2711.0,1563.0,437.0,751.0,664.0,1298.0,3626.0,4583.0,4678.0,4931.0,2493.0,1410.0,379.0,745.0,664.0,1298.0,3427.0,4282.0,4516.0,4663.0,2401.0,1350.0,443.0,690.0,596.0,1192.0,3285.0,3903.0,4086.0,4250.0,2220.0,1270.0,603.0,836.0,776.0,1267.0,2909.0,3644.0,3886.0,3997.0,2094.0,1173.0,490.0,744.0,710.0,1222.0,2654.0,3278.0,3488.0,3694.0,2077.0,1166.0,375.0,650.0,662.0,1178.0,2396.0,2940.0,3161.0,3308.0,1874.0,1014.0,808.0,1012.5,972.5,1402.0,2418.5,2795.0,2984.5,3120.5,1868.5,993.0,512.0,679.5,715.5,1129.0,2060.5,2437.0,2715.0,2788.5,1867.0,1068.0,366.0,573.0,645.0,1127.0,1983.0,2338.0,2555.0,2759.0,1948.0,1083.0,336.0,594.0,702.5,1296.0,2090.0,2252.5,2740.0,2460.0,1957.0,1595.0,354.5,461.5,602.5,790.5,1070.5,1155.0,1285.0,1358.5,2231.5,1398.5,292.0,555.5,699.5,1179.5,1663.5,1899.0,2085.5,2216.5,3409.0,2741.5,1854.0,2004.0,2139.0,2544.5,2815.5,2972.0,3218.5,3211.0,2695.0,2294.0,908.5,1048.0,1221.0,1515.0,1723.5,1846.0,2094.0,2027.5,2698.0,2353.0,656.0,776.0,1015.0,1206.0,1330.0,1451.0,1604.0,1698.0,2119.0,1508.0,358.0,465.0,681.0,811.0,917.0,1048.0,1211.0,1243.0,0.0,0.0,0.0,0.0,0.0,0.0,0.0,0.0,0.0,0.0,2676.5,2314.0,448.0,645.5,909.0,1116.5,1347.0,1466.5,1677.0,1732.0,2800.5,2328.5,520.5,737.0,926.5,1215.5,1538.0,1716.5,1879.5,1944.5,3098.0,2401.0,585.0,870.0,1099.0,1407.0,1892.0,2044.0,2265.0,2332.0,2624.0,1996.0,509.0,652.0,939.0,1089.0,1170.0,1330.0,1502.0,1592.0,2477.0,1876.0,491.0,655.0,920.0,1070.0,1164.5,1309.0,1481.0,1531.0,3916.0,3481.0,1143.0,1496.5,1918.0,2179.5,2335.5,2506.0,2761.5,2746.5,3821.0,3194.0,1059.5,1397.5,1763.5,2062.5,2301.0,2460.0,2715.5,2697.5,"{""type"":""MultiPoint"",""coordinates"":[]}"
3055,2,2254.0,1800.0,853.0,947.5,1104.5,1248.5,1278.0,1361.0,1499.5,1540.0,2173.5,1755.5,799.0,1032.0,1214.5,1328.0,1366.5,1432.5,1546.0,1546.0,2290.0,1869.0,929.0,1146.0,1331.0,1454.0,1506.0,1571.0,1671.0,1660.0,2290.0,1869.0,929.0,1146.0,1331.0,1454.0,1506.0,1571.0,1671.0,1660.0,2462.0,2034.0,979.0,1191.0,1397.0,1559.0,1617.0,1726.0,1819.0,1822.0,2489.0,2044.0,1050.0,1293.0,1460.0,1605.0,1779.0,1841.0,2010.0,1946.0,2366.0,1782.0,886.0,1191.0,1258.0,1587.0,1937.0,2097.0,2197.0,2185.0,2417.0,1786.0,877.0,1170.0,1197.0,1587.0,2243.0,2409.0,2495.0,2514.0,2366.0,1601.0,770.0,1004.0,1016.0,1381.0,2450.0,2752.0,2819.0,2836.0,2167.5,1259.5,529.5,877.5,717.0,1281.0,2788.0,3255.0,3324.5,3371.0,1784.0,840.0,337.0,619.0,463.0,946.0,3186.0,3871.0,3903.0,3959.0,1919.0,1566.0,607.0,739.0,852.0,944.0,1021.0,1078.0,1205.0,1209.0,1847.0,867.0,303.5,595.0,402.0,933.5,3628.5,4506.0,4562.5,4736.0,1783.0,769.0,245.0,556.0,322.0,963.0,3690.0,4753.0,4812.0,4962.0,1831.0,817.0,265.0,542.0,325.0,1030.0,3824.0,4678.0,4766.0,4908.0,1772.0,802.0,422.0,680.0,448.0,1168.0,3757.0,4486.0,4766.0,4801.0,1672.0,793.0,400.0,719.0,475.0,1187.0,3337.0,4047.0,4187.0,4312.0,1696.0,848.0,408.0,715.5,530.5,1259.0,3216.0,3741.5,3994.0,4049.5,1766.0,925.0,666.0,930.0,926.0,1531.0,2998.0,3428.0,3687.0,3774.0,1986.0,1099.0,716.5,975.5,1109.5,1643.0,2679.0,3064.0,3386.5,3437.0,2738.0,1748.0,1068.0,1296.0,1711.0,2082.0,2391.0,2652.0,3039.0,3075.0,2951.0,1983.0,1453.0,1693.0,2210.0,2565.0,2769.0,3052.0,3365.0,3471.0,1886.0,1525.0,536.0,737.0,900.0,1029.0,1072.0,1125.0,1172.0,1279.0,3278.0,2204.0,870.0,1204.0,1797.0,2183.0,2421.0,2616.0,2968.0,3114.0,3656.0,2985.0,2028.5,2218.5,2624.5,2952.0,3033.5,3163.5,3377.0,3455.0,1574.0,1279.0,498.0,628.0,767.0,846.0,872.0,980.0,1068.0,1090.0,1709.0,1432.0,580.0,710.0,830.0,916.0,949.5,1029.5,1079.5,1112.5,1135.0,915.0,311.0,391.0,476.0,535.0,562.0,631.0,691.0,695.0,0.0,0.0,0.0,0.0,0.0,0.0,0.0,0.0,0.0,0.0,1985.0,1532.0,618.0,864.0,921.0,1139.0,1229.0,1298.0,1446.0,1424.0,2122.0,1751.5,673.5,869.0,928.5,1153.5,1226.0,1297.0,1382.0,1434.0,3285.5,2926.0,2169.5,2237.5,2345.0,2558.0,2656.5,2759.0,2962.5,2806.5,2249.0,1760.0,878.0,1051.0,1206.0,1326.0,1386.0,1489.0,1586.0,1572.0,2263.0,1760.0,917.0,1079.0,1248.0,1401.0,1434.0,1553.0,1641.0,1677.0,2360.0,1979.5,858.5,1055.0,1241.0,1348.0,1405.5,1497.0,1626.5,1626.5,1773.0,1450.0,610.0,755.0,897.0,966.5,1021.0,1102.5,1202.5,1205.0,"{""type"":""MultiPoint"",""coordinates"":[]}"
3114,72,1865.0,1451.0,463.0,617.0,708.0,1021.0,1703.0,2010.0,2164.0,2154.0,2371.5,1353.0,710.0,1035.5,843.0,1635.0,3739.0,4645.0,4818.5,5091.0,2811.5,1685.5,857.0,1209.5,1181.5,2011.5,3744.5,4528.5,4753.0,5076.5,3308.0,1956.0,836.0,1345.0,1650.0,2528.0,3883.0,4479.0,4846.0,5082.0,3598.0,2170.0,1033.0,1542.0,2131.0,2872.0,3920.0,4537.0,4943.0,5120.0,3702.0,2290.0,996.0,1513.0,2234.0,2878.0,3802.0,4340.0,4670.0,4894.0,3842.0,2279.0,931.0,1455.0,2182.0,2835.0,3802.0,4348.0,4670.0,4894.0,3715.0,2279.0,866.0,1379.0,2001.0,2632.0,3644.0,4218.0,4529.0,4765.0,3795.0,2335.0,915.0,1434.0,2108.0,2728.0,3644.0,4218.0,4529.0,4765.0,3860.0,2315.0,927.0,1436.0,2108.0,2728.0,3789.0,4339.0,4594.0,4910.0,3863.0,2380.0,927.0,1450.0,2119.0,2769.0,3797.0,4381.0,4645.0,4968.0,2018.5,1453.0,446.5,650.5,732.0,1129.5,1965.0,2229.5,2361.5,2479.5,3710.0,2304.0,1036.0,1551.0,2302.0,2954.0,3817.0,4381.0,4645.0,4909.0,3841.0,2396.0,950.0,1455.0,2102.5,2713.0,3736.0,4273.0,4550.5,4835.0,3854.0,2363.0,970.0,1442.0,2050.0,2637.0,3735.0,4386.0,4579.0,4976.0,3676.0,2305.0,903.0,1321.0,1894.0,2460.0,3580.0,4140.0,4424.0,4650.0,3480.0,2168.0,826.0,1316.0,1875.0,2421.0,3448.0,3959.0,4336.0,4463.0,3374.0,2071.0,757.0,1212.5,1704.0,2294.5,3436.0,4013.0,4303.5,4492.5,3272.0,2014.0,895.0,1222.0,1686.0,2141.0,3158.0,3735.0,4039.0,4242.0,2808.0,1935.0,1554.0,1492.0,1776.0,2152.0,2973.0,3471.0,3664.0,3870.0,2717.0,1721.0,685.0,1088.0,1541.0,2060.0,3110.0,3662.0,3966.0,4160.0,2726.0,1761.0,659.5,1033.0,1371.0,1870.0,3124.5,3711.5,3982.0,4114.5,1421.5,1003.5,469.5,581.0,613.0,853.0,1431.0,1596.0,1783.0,1754.0,2468.5,1602.5,482.0,825.0,916.5,1416.5,2760.0,3307.0,3391.0,3585.0,1509.0,751.0,230.0,535.0,288.0,854.0,2870.0,3507.0,3645.0,3702.0,1725.0,836.0,313.0,647.0,293.0,1031.0,3571.0,4501.0,4785.0,4787.0,1725.0,836.0,313.0,647.0,293.0,1031.0,3571.0,4501.0,4785.0,4787.0,2429.0,1835.0,1765.0,1996.0,1979.0,2394.0,3008.0,3270.0,3159.0,3406.0,0.0,0.0,0.0,0.0,0.0,0.0,0.0,0.0,0.0,0.0,1919.5,1264.5,482.0,723.5,700.5,1179.5,2353.0,2712.0,2825.5,2859.5,1966.5,1229.0,429.0,652.5,550.5,1071.5,2424.5,2894.0,3040.0,3084.5,1938.0,1133.0,292.0,546.5,418.0,953.0,2537.5,3056.5,3301.0,3326.5,0.0,0.0,0.0,0.0,0.0,0.0,0.0,0.0,0.0,0.0,1791.0,954.0,288.0,520.0,336.0,897.0,3168.0,4193.0,4479.0,4493.0,1817.0,951.0,284.0,543.0,336.0,907.0,3261.0,4421.0,4722.0,4731.0,1836.0,945.0,281.0,567.0,339.5,942.5,3414.0,4624.0,4948.5,4933.5,"{""type"":""MultiPoint"",""coordinates"":[]}"
3120,3,1934.0,1429.0,625.0,792.0,952.0,1071.0,1131.0,1206.0,1360.0,1397.0,2410.0,2203.0,806.0,971.0,1181.0,1290.0,1323.0,1424.0,1550.0,1583.0,2636.0,2486.0,955.0,1110.0,1319.0,1433.0,1484.0,1582.0,1715.0,1732.0,178.0,145.0,341.0,431.0,394.0,565.0,507.0,568.0,615.0,569.0,191.5,137.0,340.0,477.0,457.5,626.0,600.0,659.5,666.0,620.0,971.0,517.0,331.0,662.0,361.0,916.0,1826.0,2023.0,1921.0,1813.0,2117.0,981.5,380.0,850.5,326.0,1168.0,4080.0,4921.0,5062.5,4857.0,2325.5,1224.0,523.5,943.0,897.5,1795.0,3378.0,3965.5,4280.5,4366.5,2404.5,1389.5,525.5,924.0,1004.5,1676.0,2915.5,3366.0,3616.5,3765.0,1250.0,700.0,232.0,487.0,350.0,810.0,1809.0,2187.0,2235.0,2228.0,1134.5,609.5,221.5,442.5,233.5,654.5,2049.0,2587.5,2626.0,2606.0,2131.0,1663.5,738.0,905.0,1067.5,1189.0,1230.5,1319.5,1485.5,1491.5,1161.5,571.0,348.5,571.0,292.5,765.0,2601.0,3300.0,3343.5,3334.0,1345.0,615.5,1303.5,1478.5,1188.5,1667.5,3055.5,3672.0,3784.5,3776.5,1542.5,723.5,1707.0,1872.5,1452.0,2117.0,3509.0,4070.5,4134.5,4264.5,1414.5,715.0,1141.5,1469.5,1129.0,2024.5,3323.0,3701.0,3841.5,3884.0,1482.0,808.0,418.0,1008.0,818.0,1921.0,3151.0,3549.0,3810.0,3834.0,2129.0,1213.5,587.0,1194.0,1173.5,2195.5,3208.5,3536.5,3761.5,3869.0,2327.0,1356.0,606.0,1223.5,1211.0,2219.0,3276.5,3595.5,3931.0,3935.0,3903.0,2560.0,1065.0,1573.0,1789.0,2633.0,3140.0,3471.0,3839.0,3922.0,3705.5,2355.0,1055.0,1571.5,2283.0,2748.5,3065.0,3380.5,3786.5,3802.0,0.0,0.0,0.0,0.0,0.0,0.0,0.0,0.0,0.0,0.0,1396.0,1314.0,1794.0,1793.0,1853.0,1928.0,1955.0,2004.0,2074.0,2034.0,4067.0,2921.0,1476.0,1908.0,2465.0,2793.0,2926.0,3133.0,3306.0,3321.0,0.0,0.0,0.0,0.0,0.0,0.0,0.0,0.0,0.0,0.0,3678.0,2789.0,1001.0,1320.0,1717.0,1977.0,2168.0,2275.0,2579.0,2560.0,0.0,0.0,0.0,0.0,0.0,0.0,0.0,0.0,0.0,0.0,43.0,46.0,247.0,313.0,399.0,437.0,338.0,396.0,403.0,317.0,1105.0,831.0,2414.0,2139.0,1973.0,2018.0,1810.0,1752.0,2005.0,1698.0,0.0,0.0,0.0,0.0,0.0,0.0,0.0,0.0,0.0,0.0,2232.0,1762.0,703.0,846.0,1032.0,1177.0,1265.0,1356.0,1469.0,1518.0,3737.5,3491.5,1479.5,1807.5,2098.0,2258.0,2336.5,2461.5,2704.5,2643.5,0.0,0.0,0.0,0.0,0.0,0.0,0.0,0.0,0.0,0.0,2169.0,1794.0,686.0,869.0,1043.0,1206.0,1300.0,1428.0,1552.0,1550.0,3133.0,2832.5,1145.0,1386.0,1594.0,1833.5,2095.5,2228.5,2431.5,2399.0,2296.0,2067.0,714.0,870.0,1075.0,1179.0,1233.0,1315.0,1455.0,1466.0,"{""type"":""MultiPoint"",""coordinates"":[]}"
3166,69,2064.0,1641.0,387.0,579.0,653.0,1006.0,1140.0,1330.0,1412.0,1460.0,3094.0,2434.5,707.5,1008.0,1249.0,1595.0,2122.5,2371.5,2631.0,2641.5,3170.0,2450.0,710.0,1030.0,1321.0,1620.0,2214.0,2516.0,2720.0,2756.0,3157.5,2446.5,736.0,1056.5,1302.0,1676.5,2358.0,2715.0,2946.0,2987.5,3159.0,2425.0,746.0,1075.5,1311.0,1706.5,2549.0,2972.0,3265.0,3233.0,3253.0,2487.5,735.5,1072.5,1305.0,1698.5,2625.0,3020.0,3264.0,3355.0,3352.5,2600.0,736.5,1091.0,1342.5,1722.0,2657.5,3061.5,3415.0,3386.0,3421.0,2658.5,753.0,1094.0,1347.5,1725.0,2636.5,3076.0,3336.0,3381.5,3470.5,2696.5,774.0,1107.5,1431.5,1787.5,2607.0,3021.5,3312.5,3403.0,3388.0,2621.0,742.0,1109.0,1425.0,1792.0,2598.0,3012.0,3325.0,3344.0,3377.0,2599.5,746.0,1079.0,1391.5,1795.5,2562.5,3018.5,3236.5,3311.5,2608.0,2149.0,452.0,736.0,819.0,1179.0,1597.0,1751.0,1979.0,1961.0,3363.0,2618.0,782.0,1090.0,1358.0,1704.0,2486.0,2906.0,3223.0,3208.0,3295.0,2454.0,1587.0,1764.0,1759.0,2093.5,2765.5,3158.5,3367.5,3446.0,2908.0,2199.0,1767.0,1954.0,1943.0,2151.0,2589.0,2839.0,2899.0,3005.0,3253.5,2426.0,1021.0,1209.5,1376.5,1772.0,2314.0,2622.0,2911.0,2968.0,3123.0,2384.0,685.0,932.0,1276.0,1624.0,2128.0,2443.0,2776.0,2773.0,2790.5,2026.0,572.5,786.5,1036.5,1407.5,1870.5,2162.5,2412.5,2511.0,2737.5,1991.5,543.5,776.0,1024.0,1392.0,1896.5,2158.5,2384.0,2525.0,2804.0,2037.0,597.0,791.0,1040.0,1348.0,1813.0,2084.0,2409.0,2519.0,2670.5,1939.5,557.0,791.0,1028.5,1381.0,1820.5,2050.0,2363.5,2412.0,2155.0,1688.5,1365.0,1423.5,1603.0,1963.0,2241.0,2336.5,2244.5,2531.5,2479.0,1925.0,2486.0,2500.0,2525.0,2820.0,2954.0,3006.0,2966.0,3086.0,0.0,0.0,0.0,0.0,0.0,0.0,0.0,0.0,0.0,0.0,0.0,0.0,0.0,0.0,0.0,0.0,0.0,0.0,0.0,0.0,1944.0,1304.5,376.0,646.0,531.0,1023.0,1797.0,2063.5,2147.5,2207.0,1988.0,1299.0,423.0,667.0,564.0,1117.0,2065.0,2276.0,2464.0,2540.0,1522.0,1027.0,197.0,446.0,371.0,817.0,1699.5,1782.5,1937.0,2006.0,0.0,0.0,0.0,0.0,0.0,0.0,0.0,0.0,0.0,0.0,0.0,0.0,0.0,0.0,0.0,0.0,0.0,0.0,0.0,0.0,2356.0,1704.0,455.0,700.0,699.0,1132.0,1852.0,2038.0,2245.0,2254.0,2563.5,1957.0,620.0,928.5,955.0,1356.5,2447.5,2723.0,3006.5,2907.0,2647.0,2024.0,698.0,977.0,1043.0,1442.0,2551.0,2902.0,3234.0,3151.0,2564.0,1845.5,793.0,985.5,960.0,1449.0,2908.0,3353.5,3698.5,3620.5,2651.5,1970.0,703.0,968.5,1010.0,1463.0,2761.5,3242.5,3590.5,3510.5,2884.0,2164.0,671.0,998.0,1183.0,1576.0,2177.0,2397.0,2707.0,2787.0,"{""type"":""MultiPoint"",""coordinates"":[]}"
3526,69,7248.0,6818.0,6166.0,6119.0,6203.0,6500.0,6417.0,6421.0,6788.0,6594.0,3227.5,2919.0,871.0,1201.5,1599.5,1839.5,2085.5,2225.0,2448.5,2415.0,3529.0,3128.5,933.0,1301.0,1708.5,2016.0,2391.5,2566.0,2760.0,2812.5,2927.0,2575.0,786.5,1109.0,1428.5,1687.0,2061.0,2267.0,2406.0,2443.5,3150.5,2742.0,868.0,1225.0,1569.0,1850.5,2302.5,2537.0,2700.0,2681.0,2284.5,1727.0,592.0,881.0,1068.0,1435.0,1881.5,2070.5,2198.5,2237.5,2819.5,2048.5,650.0,1081.0,1070.5,1700.0,2889.5,3171.0,3345.5,3342.5,2455.5,1755.5,561.0,944.0,952.0,1508.0,2562.0,2910.5,3004.0,3082.5,2246.0,1303.5,424.0,946.0,561.5,1405.5,3600.5,4139.5,4235.5,4275.0,3167.0,2711.0,748.0,1103.0,1425.0,1770.0,2253.0,2500.0,2675.0,2707.0,2606.5,2149.5,637.5,952.0,1221.5,1555.0,1978.0,2202.5,2351.5,2402.0,2229.0,1956.0,323.0,610.0,695.0,1015.0,1401.0,1490.0,1714.0,1681.0,2576.0,1985.0,674.0,963.0,1085.0,1496.0,2183.0,2452.0,2596.0,2596.0,2672.0,1810.0,1634.5,1816.0,1731.0,2147.5,3013.5,3347.0,3458.0,3472.5,2443.0,1644.0,1771.0,1918.0,1915.0,2282.0,2924.5,3218.0,3230.0,3385.5,1840.0,994.0,829.0,1100.0,789.0,1459.5,3267.5,3722.0,3896.5,3959.5,2204.5,1549.5,475.0,832.5,774.0,1366.0,2662.5,3059.5,3302.0,3317.5,2670.0,2153.5,681.5,975.5,1261.0,1643.5,2038.5,2227.0,2403.5,2451.5,2663.5,2151.5,674.0,986.5,1290.0,1662.5,2075.5,2277.0,2426.0,2485.0,0.0,0.0,0.0,0.0,0.0,0.0,0.0,0.0,0.0,0.0,2701.5,2136.5,652.0,968.5,1326.5,1718.0,2086.5,2262.5,2538.0,2519.0,0.0,0.0,0.0,0.0,0.0,0.0,0.0,0.0,0.0,0.0,2212.0,1490.0,3107.0,2724.0,2400.0,2497.0,2518.0,2508.0,3433.0,2517.0,2611.0,2010.0,736.0,946.0,1150.0,1580.0,1960.0,2186.0,2237.0,2445.0,0.0,0.0,0.0,0.0,0.0,0.0,0.0,0.0,0.0,0.0,1683.0,1008.5,321.0,624.5,460.5,1084.0,1943.0,2103.0,2255.0,2273.5,1619.0,897.0,333.0,628.0,416.0,1103.0,2153.0,2384.0,2593.0,2644.0,1271.0,703.5,218.0,519.5,337.0,930.5,2090.5,2308.0,2429.0,2348.0,0.0,0.0,0.0,0.0,0.0,0.0,0.0,0.0,0.0,0.0,0.0,0.0,0.0,0.0,0.0,0.0,0.0,0.0,0.0,0.0,1978.0,1334.0,326.0,639.0,485.0,1056.0,2071.0,2349.0,2427.0,2272.0,2043.0,1373.0,362.0,739.0,568.0,1256.0,2595.0,2815.0,3119.0,3008.0,2074.0,1381.0,453.0,804.0,592.0,1339.0,2745.0,2936.0,3329.0,3275.0,1872.0,1168.0,367.0,827.0,665.0,1516.0,2549.0,2851.0,3097.0,3086.0,2897.0,2430.0,697.0,981.0,1373.0,1595.0,1747.0,1907.0,2194.0,2131.0,3153.0,2825.0,801.0,1108.0,1507.0,1760.0,1920.0,2033.0,2214.0,2293.0,"{""type"":""MultiPoint"",""coordinates"":[]}"
3535,69,3223.0,2937.5,2113.5,2151.0,2250.0,2436.0,2501.5,2581.5,2745.5,2679.5,2814.5,2042.0,591.0,988.0,906.5,1583.0,2963.5,3355.0,3529.0,3589.5,2552.5,1664.5,460.5,861.5,702.5,1381.0,3070.5,3490.0,3702.0,3757.5,2597.5,1674.0,475.5,906.0,743.0,1400.0,3070.5,3569.0,3920.0,3822.5,2898.0,2243.5,743.5,1148.0,1100.5,1673.0,3187.0,3650.0,3911.0,3857.5,2892.5,2164.0,716.5,1124.5,1102.5,1673.5,3276.5,3758.0,4000.0,4005.0,3177.5,2464.5,773.0,1177.0,1176.5,1756.5,3333.5,3804.5,4078.0,4072.0,3241.5,2569.0,836.0,1275.0,1302.5,1833.0,3263.5,3802.5,4075.0,4046.0,3276.0,2544.0,850.5,1239.5,1285.0,1850.0,3316.5,3821.0,4036.5,4084.5,3271.5,2482.5,772.5,1214.5,1218.0,1822.0,3437.5,3993.5,4125.0,4253.0,3147.5,2284.0,688.5,1121.5,1072.5,1733.5,3447.5,4061.5,4246.0,4292.5,4124.0,3562.0,3735.5,3657.5,3672.5,3884.5,3889.5,3897.0,3984.0,3912.0,3058.5,2193.5,637.0,1099.5,992.5,1669.0,3536.5,4247.5,4343.5,4436.5,2821.0,1906.0,604.5,1039.0,917.0,1620.5,3455.5,4069.5,4259.0,4324.5,3157.0,2363.5,791.0,1169.0,1226.0,1844.0,3352.0,3978.0,4173.0,4236.5,2901.0,2134.0,759.0,1125.5,1181.0,1781.5,2954.0,3391.5,3603.0,3667.5,2629.0,1907.0,714.0,1050.5,1094.0,1629.5,2777.0,3192.5,3482.0,3463.0,2400.0,1668.0,627.0,954.0,960.0,1478.5,2572.0,3003.5,3274.0,3260.5,2175.0,1468.5,649.0,927.5,908.0,1394.0,2390.5,2775.5,2999.0,3018.5,2115.5,1460.5,596.5,859.0,872.5,1308.0,2249.5,2638.5,2900.5,2933.0,2256.5,1433.5,399.5,729.5,833.0,1390.5,2170.5,2493.5,2816.0,2855.0,2169.5,1403.0,430.5,688.5,786.0,1307.5,1989.5,2302.0,2579.5,2637.0,2260.0,1866.0,408.5,649.5,680.5,1032.0,1621.5,1753.0,1952.5,1905.5,2107.0,1471.5,394.5,635.0,692.0,1120.0,1638.5,1827.5,2035.5,2100.5,3192.0,2651.0,1780.0,1923.5,1987.0,2400.5,2719.5,2883.0,3013.5,3058.0,2170.5,1535.5,441.0,677.0,590.0,1060.5,1917.5,2143.5,2306.5,2330.5,2180.0,1531.5,436.5,677.0,598.5,1060.5,1938.5,2165.5,2314.5,2352.0,2502.0,1552.0,3301.5,3218.0,3119.0,3380.0,3473.0,3488.5,3530.5,3544.0,0.0,0.0,0.0,0.0,0.0,0.0,0.0,0.0,0.0,0.0,2241.0,1701.0,395.0,654.5,579.0,1142.5,2086.0,2231.5,2364.0,2341.5,1510.5,1194.5,309.0,457.0,431.5,733.5,1288.0,1413.0,1450.0,1475.0,3361.0,3099.0,751.5,1049.5,1389.5,1606.0,1743.0,1899.0,2114.5,2133.0,3592.0,3254.0,1177.5,1402.0,1704.5,1933.0,2167.0,2309.5,2619.0,2544.5,3400.0,2986.5,1128.5,1345.5,1584.5,1880.0,2167.0,2335.0,2591.5,2549.0,3500.0,3061.0,880.0,1227.5,1423.0,1835.5,2376.0,2553.0,2774.5,2769.5,3337.5,2784.5,797.0,1193.5,1288.5,1806.0,2596.5,2803.0,3053.5,3017.5,"{""type"":""MultiPoint"",""coordinates"":[]}"
3569,69,2757.0,2305.5,663.0,897.5,1267.5,1530.0,1737.0,1906.0,2094.5,2150.0,2459.0,1769.0,483.5,807.5,888.5,1423.0,2708.5,3137.0,3323.5,3383.0,2556.5,1809.5,530.5,859.5,965.5,1504.0,2795.5,3254.5,3483.5,3536.5,2596.0,1805.0,560.0,895.0,1050.5,1543.5,2805.0,3269.0,3493.0,3569.0,2771.5,1880.5,587.0,960.0,1103.0,1666.0,2885.0,3371.5,3599.0,3679.5,2779.5,1899.5,619.5,975.5,1125.0,1685.5,2895.0,3371.5,3661.5,3682.5,3137.0,2177.0,739.0,1194.5,1514.0,2027.5,3123.0,3567.5,3818.0,3893.5,3275.0,2273.5,764.5,1215.5,1542.0,2036.0,3081.0,3567.0,3840.5,3933.0,3249.0,2231.0,724.5,1167.5,1484.0,2000.5,3140.0,3618.5,3835.5,3962.5,3255.5,2231.0,740.0,1145.5,1477.0,2003.5,3157.0,3664.5,3856.5,4002.5,3211.0,2163.5,741.5,1145.5,1450.5,1979.5,3078.0,3645.0,3753.0,3952.0,2907.0,2452.5,764.5,986.5,1356.0,1587.5,1781.0,1938.5,2109.0,2158.5,3156.5,2163.5,740.5,1143.5,1450.5,1979.5,3071.0,3627.5,3767.5,3932.5,3069.5,2097.0,708.0,1101.5,1393.5,1894.5,2925.0,3434.0,3590.0,3776.5,2989.0,2057.5,809.0,1123.0,1361.0,1845.0,2880.5,3386.0,3523.5,3705.5,2905.0,1959.5,873.5,1157.0,1378.0,1817.0,2756.5,3210.0,3411.0,3505.5,2829.0,2077.5,710.5,1012.0,1305.5,1735.0,2591.5,2965.0,3234.0,3340.0,2740.0,1962.5,618.0,964.0,1243.5,1649.0,2438.5,2833.0,2976.0,3117.0,2825.5,2188.5,1284.0,1552.0,1718.5,2023.0,2657.0,2984.0,3126.5,3210.5,2771.5,2141.5,1467.5,1681.0,1788.5,2049.0,2681.0,2966.5,3107.0,3170.0,2174.5,1517.0,437.5,684.0,820.5,1240.0,2134.0,2463.0,2643.0,2787.5,1893.5,1237.5,419.0,664.0,721.0,1177.0,2217.5,2604.5,2704.5,2875.5,2674.5,2239.0,615.0,851.5,1216.0,1439.0,1623.0,1761.0,1938.5,1958.0,1749.0,1129.5,339.5,574.0,600.0,1053.0,2137.0,2513.5,2589.5,2752.0,1868.0,1193.0,428.0,686.5,638.0,1181.0,2308.5,2622.0,2712.0,2870.0,2443.5,1840.0,516.5,737.5,832.5,1304.0,1813.0,2045.0,2226.5,2311.5,2443.5,1840.0,516.5,737.5,832.5,1304.0,1813.0,2045.0,2226.5,2311.5,2282.5,1751.0,254.0,518.0,720.5,1091.5,1541.0,1685.0,1901.0,1963.0,0.0,0.0,0.0,0.0,0.0,0.0,0.0,0.0,0.0,0.0,2824.5,2532.5,598.5,874.0,1168.0,1464.0,1752.0,1911.5,1976.5,2057.0,2805.5,2486.5,618.5,894.0,1095.0,1465.5,1919.5,2092.5,2194.5,2257.5,2744.0,2316.5,616.5,903.5,1089.0,1491.5,2087.5,2261.0,2434.5,2444.0,0.0,0.0,0.0,0.0,0.0,0.0,0.0,0.0,0.0,0.0,2448.0,1961.5,451.5,735.5,809.0,1329.5,2371.5,2675.0,2818.0,2873.0,2580.0,1994.5,485.0,793.0,872.5,1378.0,2461.5,2811.0,2977.5,2963.0,2501.5,1918.5,453.0,766.5,859.0,1342.5,2426.0,2775.5,2946.5,2961.0,"{""type"":""MultiPoint"",""coordinates"":[]}"
3685,228,2454.5,2047.0,451.5,657.5,737.0,987.5,1428.5,1608.0,1789.0,1790.0,1471.5,705.5,337.0,613.0,405.5,896.5,3220.5,4972.5,5396.0,5327.0,1636.5,820.5,416.5,710.0,499.0,1075.5,3376.0,4890.0,5149.5,5230.5,1947.5,1053.5,755.0,1153.0,928.5,1595.5,3534.5,4525.5,4835.0,4862.5,3737.0,2708.5,904.0,1276.0,1694.5,2146.5,2647.5,2942.0,3133.0,3354.0,3671.5,3207.5,952.5,1276.0,1726.5,1993.5,2063.5,2301.5,2573.0,2526.0,3686.0,3189.5,786.0,1104.0,1552.5,1735.0,1837.5,1996.5,2197.5,2286.5,3974.0,3742.0,1001.0,1301.0,1703.5,1913.0,1935.0,2042.0,2274.5,2265.5,3974.0,3742.0,1001.0,1301.0,1703.5,1913.0,1963.5,2112.5,2274.5,2328.5,3831.5,3542.5,928.5,1215.5,1572.0,1811.0,1942.0,2112.5,2253.5,2317.0,3053.5,2230.5,558.0,859.5,911.0,1305.5,2205.0,2679.0,2745.0,2897.5,2432.5,1848.0,566.0,758.5,766.5,1083.0,1897.0,2221.0,2318.0,2424.5,2263.0,1354.0,455.0,661.5,550.5,921.0,2353.0,3288.5,3252.0,3450.0,2073.0,1274.5,315.0,552.5,498.0,852.0,2353.0,3337.5,3401.5,3524.0,1846.0,1046.5,500.0,699.5,571.5,970.5,2304.0,3199.5,3260.5,3421.0,1846.0,1087.5,477.5,589.5,512.0,781.0,1948.5,2571.0,2772.0,2901.5,1597.5,914.5,340.5,471.5,429.5,676.5,1627.0,2113.5,2323.5,2368.0,1795.0,1017.0,344.5,517.5,431.5,739.0,1711.5,2076.0,2439.5,2316.5,3751.5,3173.0,1022.0,1274.0,1515.0,1831.0,2246.0,2556.0,2790.0,2890.5,3516.5,3260.0,815.0,980.5,1262.0,1440.0,1521.0,1687.5,1803.5,1889.5,3271.0,2991.0,733.5,880.5,1173.0,1331.5,1400.0,1516.5,1679.0,1738.5,2529.5,2267.5,660.5,755.5,942.0,1079.0,1137.5,1265.0,1330.0,1422.0,1982.0,1348.5,299.5,519.5,458.0,829.0,1999.0,2395.0,2591.0,2585.0,3535.0,3247.5,710.5,901.5,1178.5,1382.0,1389.5,1517.5,1652.0,1797.5,3456.0,3151.5,853.5,1034.5,1285.5,1451.0,1472.0,1585.5,1723.0,1819.0,2188.0,1773.0,450.5,526.5,656.5,738.5,819.5,901.0,1015.5,1044.5,2118.5,1771.5,429.0,524.0,655.0,731.0,831.5,895.5,1014.5,1034.0,2175.5,1641.0,206.0,414.5,473.0,716.0,951.0,1067.5,1205.5,1234.5,1803.5,1141.5,469.5,563.0,469.5,831.5,1239.5,1380.0,1422.5,1516.5,1402.5,709.0,265.0,455.0,260.0,712.0,2657.5,3503.0,3626.5,3627.5,1313.5,671.0,309.5,464.0,229.5,666.0,3012.5,4417.0,4607.5,4538.0,1489.0,699.0,200.5,461.5,219.5,672.0,3340.5,5042.5,5335.5,5179.0,1846.5,884.5,281.0,586.0,271.0,901.5,4056.0,5687.0,6082.5,5910.5,1798.5,853.0,274.0,554.5,262.0,853.0,4003.0,6157.0,6559.5,6469.0,1753.0,821.0,215.5,448.5,231.5,716.5,3718.5,5908.5,6319.0,6199.5,1559.5,724.0,190.0,397.0,212.5,645.5,3406.5,5656.5,6176.0,6027.0,"{""type"":""MultiPoint"",""coordinates"":[]}"
3721,3,2527.0,2197.5,834.0,1046.5,1389.5,1528.0,1588.0,1669.5,1755.5,1750.5,2981.5,2650.5,863.5,1092.0,1410.5,1617.5,1793.0,1894.5,2015.0,2096.5,3138.5,2811.0,1039.0,1245.0,1575.5,1807.5,1907.5,2132.5,2184.0,2270.5,3034.5,2752.5,955.0,1215.0,1540.5,1734.0,1920.0,2074.5,2099.5,2202.0,2137.5,1884.0,755.5,970.0,1182.0,1393.0,1526.0,1635.0,1671.5,1802.0,971.0,716.5,491.0,705.0,792.0,1093.0,1218.0,1129.0,1146.0,1245.5,1076.5,817.0,476.5,667.5,690.0,1014.5,1224.5,1352.0,1326.0,1334.0,1496.5,989.0,509.0,812.0,654.5,1227.5,1926.0,2134.5,2145.0,2249.0,2283.5,1389.0,545.5,986.0,685.0,1513.0,3146.5,3656.0,3707.0,3782.0,1942.0,1179.5,449.5,746.5,647.5,1254.0,2417.5,3090.5,3225.5,3322.0,1763.0,1104.5,447.0,644.5,532.5,1044.0,2437.0,3279.0,3420.0,3480.0,2892.0,2553.5,876.5,1159.5,1471.5,1636.0,1729.0,1771.0,1982.0,1922.5,1633.0,1016.0,339.5,546.0,463.0,805.0,2427.0,3407.5,3692.0,3582.5,1838.5,1072.5,1423.0,1551.0,1341.5,1747.0,3003.5,3928.5,4046.5,4053.0,1700.0,1077.5,1240.0,1315.0,1069.5,1435.0,2745.0,3623.0,3791.0,3913.5,1599.0,961.5,837.0,1012.0,772.0,1325.0,2753.5,3882.0,4045.5,3930.5,1687.5,1014.0,406.0,858.5,580.5,1343.5,2974.5,3799.0,4248.5,4064.0,1780.0,1133.0,474.5,886.5,702.0,1504.5,2979.5,3749.0,3988.0,3824.5,1907.5,1187.0,505.5,936.5,839.5,1655.0,2990.5,3493.0,3850.0,3850.0,2277.0,1469.0,689.5,1128.0,1167.5,1871.0,2784.5,3200.0,3551.5,3496.0,3098.0,2206.0,1011.0,1525.5,1938.5,2645.0,3143.5,3424.5,3897.5,3833.0,0.0,0.0,0.0,0.0,0.0,0.0,0.0,0.0,0.0,0.0,495.0,278.5,1845.0,1437.5,1205.0,1103.5,1048.0,1034.5,967.0,935.5,971.0,753.0,491.5,496.5,595.5,660.0,681.5,694.5,751.5,742.0,4346.5,3408.5,2001.0,2189.5,2550.5,2853.5,2870.0,3050.5,3119.5,3221.0,2978.0,2273.5,909.0,1191.5,1485.0,1657.5,1835.0,1956.5,2202.5,2177.5,0.0,0.0,0.0,0.0,0.0,0.0,0.0,0.0,0.0,0.0,3316.0,2531.5,939.0,1183.5,1551.0,1685.5,1957.0,2066.5,2320.0,2227.5,0.0,0.0,0.0,0.0,0.0,0.0,0.0,0.0,0.0,0.0,0.0,0.0,0.0,0.0,0.0,0.0,0.0,0.0,0.0,0.0,2784.5,2408.5,765.5,951.5,1254.0,1389.5,1508.5,1632.0,1783.0,1785.5,3150.5,2656.0,882.5,1119.0,1439.5,1572.5,1778.0,1893.5,2117.5,2094.0,3396.5,2864.0,1038.5,1270.5,1592.5,1707.5,1973.0,2134.5,2326.5,2312.0,2840.5,2255.5,876.0,1088.5,1382.5,1576.5,1802.0,1982.0,2102.5,2154.5,3107.5,2621.0,926.5,1181.5,1535.5,1701.0,1884.0,2080.0,2226.5,2267.5,3044.5,2521.0,947.5,1273.0,1572.5,1754.5,2047.5,2224.0,2347.5,2431.5,"{""type"":""MultiPoint"",""coordinates"":[]}"
3769,61,3015.0,2776.5,1275.0,1658.5,2028.0,2185.0,2237.0,2328.0,2407.5,2380.5,3426.0,3174.0,1415.5,1917.0,2324.0,2508.5,2498.5,2600.5,2681.0,2673.5,2944.0,2757.5,1161.5,1541.5,1902.0,2056.5,2043.0,2137.5,2242.5,2246.5,3037.5,2757.5,1199.0,1622.5,2003.5,2149.0,2167.0,2286.0,2318.0,2350.0,3101.0,2892.5,1250.0,1661.5,2029.0,2203.0,2213.0,2331.5,2397.5,2389.5,3169.5,2924.0,1269.0,1706.5,2082.5,2271.5,2277.0,2383.0,2447.0,2462.0,3218.0,3001.0,1318.5,1739.5,2140.0,2301.5,2300.0,2399.0,2443.5,2486.0,3240.0,3013.5,1317.5,1751.0,2142.0,2323.0,2339.5,2438.5,2505.5,2514.0,3275.5,3057.5,1311.5,1762.0,2155.5,2335.0,2324.0,2414.5,2467.0,2492.5,3275.5,3061.5,1304.0,1775.0,2168.5,2354.0,2339.0,2450.5,2413.0,2494.0,3264.0,3051.0,1295.0,1765.0,2148.0,2341.0,2321.5,2440.5,2420.5,2477.5,3075.0,2820.0,1251.0,1655.5,2039.5,2203.0,2220.0,2340.0,2448.5,2406.0,3268.0,3057.5,1286.5,1741.0,2150.0,2352.0,2303.0,2438.0,2391.5,2473.5,3244.5,3042.5,1247.0,1719.5,2138.0,2318.5,2311.5,2418.0,2397.5,2465.5,3299.0,3023.0,1247.0,1702.0,2127.0,2312.0,2323.5,2418.0,2397.5,2496.0,3160.0,2932.0,1222.5,1655.5,2067.0,2275.0,2261.0,2347.5,2384.0,2416.0,3031.0,2864.0,1183.0,1629.5,2003.5,2193.0,2206.0,2299.5,2372.0,2366.0,2979.5,2763.5,1156.0,1598.0,1970.0,2152.5,2174.0,2239.0,2279.5,2316.5,2954.0,2763.5,1148.5,1580.0,1944.5,2115.0,2125.0,2236.5,2261.0,2306.5,2955.0,2647.0,1195.0,1611.0,1986.5,2135.5,2166.5,2274.0,2316.0,2322.0,2399.0,2179.5,816.5,1187.5,1523.5,1658.0,1676.5,1764.0,1791.0,1830.0,2593.5,2342.0,900.0,1251.0,1586.5,1759.5,1757.0,1864.0,1882.0,1935.5,2900.0,2609.5,1129.0,1544.5,1916.0,2070.5,2116.0,2214.5,2340.5,2290.0,2613.5,2393.5,890.0,1268.0,1581.5,1770.0,1765.5,1872.5,1844.5,1948.0,2536.0,2263.5,901.0,1275.5,1580.5,1751.5,1737.5,1842.0,1844.0,1918.5,2435.0,2232.0,909.0,1239.5,1522.5,1642.0,1667.0,1740.0,1821.0,1820.5,2215.5,2047.0,829.5,1134.5,1398.0,1508.0,1540.5,1622.5,1662.5,1687.5,2951.0,2409.0,1742.5,2041.0,2503.0,2928.0,3113.5,3167.5,2451.0,3267.0,0.0,0.0,0.0,0.0,0.0,0.0,0.0,0.0,0.0,0.0,3898.0,3650.5,1566.5,2139.0,2596.5,2833.5,2864.5,2941.0,3052.5,3050.0,3952.0,3792.0,1986.0,2427.0,2771.0,3115.5,3276.0,3439.0,3483.5,3541.5,3164.0,3014.0,1508.5,1841.5,2133.0,2391.0,2581.5,2721.0,2812.0,2844.0,2541.5,2399.0,915.0,1223.5,1546.5,1663.5,1671.5,1725.5,1797.5,1847.0,2834.0,2685.0,1065.5,1404.0,1765.5,1912.5,1933.5,2015.0,2094.0,2116.0,3189.0,2959.0,1212.0,1659.5,2048.5,2198.5,2244.5,2349.5,2432.0,2435.5,3261.0,3046.0,1300.0,1768.0,2140.0,2324.5,2354.5,2446.0,2552.5,2535.5,"{""type"":""MultiPoint"",""coordinates"":[]}"
3780,122,2125.5,1616.0,1200.5,1276.5,1433.5,1512.5,1550.0,1584.5,1840.5,1740.5,3032.0,2826.0,959.0,1278.0,1564.0,1779.0,1791.0,1926.0,2066.0,2043.0,3218.0,3156.0,1171.0,1432.0,1748.0,1897.0,1951.0,2051.0,2203.0,2203.0,791.0,655.5,426.5,602.0,656.5,890.5,684.0,768.0,630.5,757.0,655.0,576.5,325.5,444.0,511.0,666.0,586.5,548.5,523.0,548.0,942.0,792.0,360.0,554.0,590.0,909.0,866.0,771.0,760.0,830.0,1223.5,891.5,450.5,671.5,638.5,989.0,1250.0,1243.0,1276.0,1340.0,1428.5,1009.0,414.5,632.5,543.5,950.0,1454.0,1601.5,1597.5,1691.5,1479.0,982.0,350.5,537.0,413.0,896.0,1781.0,2206.0,2184.5,2269.5,1661.0,956.0,196.0,400.0,290.0,774.0,2023.0,2994.0,3061.0,3051.0,1566.5,994.0,296.5,424.5,301.0,654.5,2030.5,3268.0,3350.5,3377.0,3442.0,2948.0,842.0,1156.0,1564.0,1747.0,1849.0,1948.0,2214.0,2154.0,1533.0,885.0,315.5,426.5,302.5,715.0,2020.5,3472.5,3559.0,3495.0,1538.5,953.5,1140.0,1256.0,1045.0,1387.5,2531.0,3571.5,3788.0,3773.5,1781.5,1002.0,1938.5,2093.5,1729.0,2209.5,3258.0,4063.5,4167.5,4238.5,1673.5,965.5,848.0,1099.0,803.5,1489.5,2883.5,3850.0,4121.5,4047.5,1599.0,1013.0,293.0,643.0,472.0,1118.0,2795.0,3613.0,3997.0,3770.0,1783.0,1078.0,401.0,857.0,678.0,1502.5,3016.0,3507.0,3939.5,3760.0,3116.0,2094.0,1052.0,1794.0,2180.5,3215.5,4002.5,4368.0,4899.5,4688.0,4486.0,3306.0,1358.0,1887.0,2510.0,2917.0,3321.0,3521.0,3927.0,3738.0,4048.0,3023.0,1265.0,1800.0,2542.0,2915.5,3007.0,3227.5,3691.5,3542.5,0.0,0.0,0.0,0.0,0.0,0.0,0.0,0.0,0.0,0.0,0.0,0.0,0.0,0.0,0.0,0.0,0.0,0.0,0.0,0.0,3079.0,2481.0,986.0,1288.0,1694.0,1922.0,2012.0,2124.0,2296.0,2318.0,650.0,420.0,449.0,425.0,513.0,555.0,551.0,535.0,593.0,628.0,2934.0,2435.5,845.0,1091.0,1402.0,1630.5,1771.0,1848.0,2040.5,2030.0,3101.0,2486.0,1021.0,1228.0,1564.0,1841.0,1890.0,2083.0,2249.0,2224.0,2889.0,2473.0,744.0,944.0,1257.0,1443.0,1510.0,1612.0,1845.0,1807.0,1351.0,1325.0,1413.0,1584.0,1594.0,1633.0,1540.0,1537.0,1678.0,1683.0,0.0,0.0,0.0,0.0,0.0,0.0,0.0,0.0,0.0,0.0,3117.0,2641.0,777.0,982.0,1294.0,1461.0,1662.0,1746.0,1864.0,1877.0,3553.0,3036.0,964.0,1314.0,1666.0,1869.0,1961.0,2052.0,2228.0,2255.0,0.0,0.0,0.0,0.0,0.0,0.0,0.0,0.0,0.0,0.0,3595.0,3219.0,967.0,1257.0,1642.0,1854.0,1928.0,2029.0,2302.0,2299.0,2476.0,2350.5,629.0,844.5,1088.5,1215.5,1289.5,1402.0,1531.0,1546.0,2621.0,2503.5,699.0,935.0,1188.5,1405.5,1472.0,1536.0,1644.0,1688.5,"{""type"":""MultiPoint"",""coordinates"":[]}"
3852,69,3323.0,2484.0,652.0,887.0,1468.0,1850.0,2085.0,2456.0,2895.0,2973.0,3316.5,2394.5,581.0,1007.0,1180.0,1624.5,2738.0,3124.5,3434.0,3470.0,3620.0,2586.0,676.0,1148.0,1321.0,1860.0,3092.0,3494.0,3781.0,3820.0,3309.5,2173.0,594.5,1017.0,1125.0,1712.5,3098.5,3597.5,3824.0,3939.5,3194.5,2116.5,565.0,963.0,1087.5,1646.5,3242.0,3851.5,4069.0,4151.0,3241.0,1987.5,534.0,956.0,983.0,1624.5,3566.0,4188.5,4453.0,4531.5,2961.0,1802.5,525.5,878.5,965.5,1572.0,3160.0,3822.5,4097.0,4165.0,2922.0,1771.5,584.0,913.5,970.5,1591.0,3150.5,3755.5,4004.5,4128.0,2884.0,1735.0,585.0,909.0,948.0,1573.0,3200.0,3833.0,4034.0,4159.0,2709.0,1576.0,553.0,882.0,869.0,1497.0,3246.0,3900.0,4112.0,4215.0,2636.5,1543.5,582.0,886.5,933.5,1460.5,3015.5,3698.0,3854.5,4072.0,3403.0,2553.0,730.5,985.0,1523.0,1822.5,2041.5,2318.0,2694.0,2822.0,2724.0,1535.0,549.0,868.0,877.0,1414.0,3079.0,3792.0,3966.0,4219.0,2631.0,1535.0,500.0,840.0,800.0,1400.0,3079.0,3792.0,3966.0,4219.0,2542.0,1478.0,587.0,904.0,923.0,1575.0,2903.0,3534.0,3734.0,3924.0,2405.0,1478.0,637.0,978.0,1031.0,1593.0,2903.0,3495.0,3647.0,3782.0,2376.0,1420.0,599.0,841.0,848.0,1308.0,2660.0,3285.0,3581.0,3667.0,2345.0,1370.0,481.0,745.0,829.0,1288.0,2536.0,3186.0,3418.0,3551.0,2627.0,1562.0,908.0,1143.5,1186.5,1667.5,2989.5,3574.5,3744.0,3885.5,2544.5,1499.5,714.5,979.5,1088.5,1476.0,2685.0,3274.0,3515.5,3653.5,2365.5,1438.5,565.0,848.0,939.0,1396.0,2433.5,2935.5,3207.5,3314.0,1865.0,1042.0,471.0,674.0,617.0,1203.0,2431.0,3032.0,3228.0,3443.0,3367.5,2457.0,616.5,926.0,1524.5,1825.5,2035.0,2337.0,2694.0,2827.5,1975.0,1112.0,471.0,674.0,617.0,1203.0,2431.0,2979.0,3228.0,3395.0,2694.0,1893.0,1023.0,1292.0,1305.5,1926.0,2879.5,3306.0,3561.5,3724.5,2239.5,1554.0,461.5,723.0,824.5,1363.0,1892.0,2190.5,2497.0,2576.5,2379.0,1674.5,449.5,740.0,986.0,1503.0,1930.0,2213.5,2557.5,2688.5,2404.0,1880.5,2194.5,2088.0,2202.0,2380.5,2456.5,2618.5,2719.0,2794.5,1753.0,1444.0,788.0,949.0,1137.0,1302.0,1465.0,1563.0,1710.0,1731.0,3596.5,2863.0,862.5,1128.0,1557.0,1779.5,2012.0,2292.5,2509.5,2607.5,3529.0,2856.0,1294.0,1505.0,1942.0,2180.0,2553.0,2869.0,3134.0,3254.0,3777.0,3026.0,779.0,1109.0,1589.0,1842.0,2054.0,2238.0,2542.0,2599.0,3886.0,3088.0,1034.0,1360.0,1872.0,2131.0,2398.0,2639.0,2968.0,3000.0,3411.5,2759.5,820.5,1132.0,1472.5,1767.5,2070.5,2336.5,2554.0,2651.5,3235.0,2601.0,699.0,1009.0,1293.0,1626.0,2244.0,2491.0,2772.0,2775.0,3274.0,2498.5,667.0,1039.5,1207.0,1624.0,2441.0,2701.5,2954.0,2992.5,"{""type"":""MultiPoint"",""coordinates"":[]}"
3856,69,2397.5,2064.0,1502.0,1469.0,1556.0,1645.0,1652.5,1768.0,1929.5,1844.0,3771.5,3049.0,1198.5,1569.0,1796.5,2235.5,2927.0,3211.0,3425.5,3438.0,3374.5,2550.0,1007.0,1384.0,1535.0,2097.5,3075.0,3418.0,3677.0,3659.5,3333.5,2312.5,899.5,1325.0,1386.5,1977.5,3394.5,3902.5,4160.5,4192.0,3250.0,2296.5,876.5,1276.5,1323.5,1890.0,3394.5,4005.0,4330.0,4249.5,3087.0,2008.0,816.5,1220.5,1233.5,1875.0,3705.0,4402.5,4674.0,4658.5,3124.5,2065.0,839.5,1215.0,1219.5,1854.0,3757.0,4479.5,4774.0,4745.5,3207.0,2117.5,883.0,1305.5,1385.5,1994.5,3763.0,4382.0,4702.5,4702.0,3206.0,2069.5,848.0,1286.0,1330.5,2005.0,3792.5,4550.5,4702.5,4823.0,3080.5,1906.0,795.5,1221.5,1283.0,1959.5,3790.5,4578.0,4679.5,4864.0,2985.0,1906.0,777.0,1193.5,1236.5,1916.0,3598.0,4372.0,4530.0,4676.0,2694.5,2559.0,835.5,985.5,1186.0,1336.0,1384.0,1492.5,1586.0,1634.0,3018.5,1901.5,815.5,1244.5,1311.5,1995.0,3538.5,4234.5,4421.5,4578.0,2865.0,1750.0,776.0,1207.5,1315.5,1986.5,3447.5,4058.0,4337.5,4446.0,2930.0,1772.5,863.5,1257.0,1354.5,2040.5,3385.0,4041.5,4337.5,4439.0,3055.0,1951.5,896.0,1202.0,1443.0,2043.5,2980.0,3385.5,3662.5,3811.5,2904.0,1876.5,778.0,1125.0,1388.0,1926.0,2800.0,3216.0,3558.0,3601.5,2758.5,1723.0,713.0,1036.0,1253.5,1786.0,2700.0,3121.5,3443.0,3520.5,2538.0,1635.5,743.0,1046.0,1194.5,1653.0,2546.0,2930.5,3259.5,3309.0,2468.5,1513.5,776.5,1055.5,1194.5,1653.0,2546.0,2911.0,3259.5,3278.0,2250.0,1419.0,535.5,813.0,940.5,1471.0,2331.5,2714.0,3027.0,3072.5,1654.0,1076.5,430.5,591.0,702.0,1091.0,1589.5,1841.5,1979.0,2105.5,2449.5,2267.5,624.0,764.5,1007.0,1157.0,1213.5,1324.5,1466.5,1483.0,2313.0,1440.0,554.5,797.5,940.5,1422.5,1837.5,2022.0,2118.0,2297.5,3228.0,2710.5,1801.0,1868.0,2031.0,2342.0,2460.5,2587.0,2791.5,2745.0,2650.5,2424.5,769.5,927.0,1154.0,1360.0,1466.0,1604.0,1765.5,1774.5,2676.0,2444.0,746.0,923.0,1167.0,1365.5,1448.5,1573.5,1732.0,1773.0,2799.5,2286.5,1243.0,1339.5,1478.0,1701.0,1852.5,1971.0,2133.5,2139.5,0.0,0.0,0.0,0.0,0.0,0.0,0.0,0.0,0.0,0.0,2608.0,2303.0,655.5,871.5,1070.5,1287.5,1379.5,1497.0,1634.0,1647.0,2767.0,2518.0,697.5,920.0,1115.5,1364.5,1460.5,1610.0,1716.0,1736.0,3537.0,3165.5,1069.0,1385.0,1684.0,1944.5,2105.5,2249.5,2443.0,2434.0,1561.5,1330.5,317.0,452.5,609.0,746.5,888.0,1012.0,1092.5,1143.0,2607.5,2304.0,764.0,955.5,1165.5,1382.5,1665.0,1845.0,1999.0,2025.0,3713.0,3275.0,1155.5,1474.0,1771.0,2045.5,2578.5,2868.5,3082.5,3048.5,3759.5,3264.5,1183.0,1521.5,1800.5,2101.5,2619.0,2885.5,3171.0,3141.0,"{""type"":""MultiPoint"",""coordinates"":[]}"
3876,69,0.0,0.0,0.0,0.0,0.0,0.0,0.0,0.0,0.0,0.0,2705.0,2276.0,609.0,893.5,1157.5,1461.0,1794.0,1925.5,2076.0,2105.5,2362.0,1794.0,502.0,820.0,942.0,1363.0,2097.0,2301.0,2427.0,2471.0,2263.0,1627.0,470.0,784.0,802.0,1284.0,2300.0,2569.0,2686.0,2734.0,2242.0,1463.0,423.0,795.5,710.0,1323.5,2959.0,3421.5,3533.0,3548.5,2237.5,1365.5,398.0,799.5,635.5,1324.5,3298.0,3871.0,3915.5,3989.5,2198.5,1251.5,345.5,763.0,502.5,1222.5,3577.0,4238.0,4409.5,4435.0,2231.5,1247.0,324.5,729.5,483.5,1245.0,3587.5,4288.5,4345.0,4447.5,2158.0,1195.5,331.5,731.5,484.0,1254.0,3567.5,4269.5,4303.5,4482.5,2197.0,1234.0,335.0,721.0,576.0,1302.0,3358.0,3954.0,4176.0,4226.0,2247.0,1265.0,383.0,726.0,564.0,1242.0,3312.0,3982.0,4126.0,4218.0,1848.0,1665.0,213.0,360.0,466.0,631.0,826.0,903.0,1073.0,1092.0,2277.0,1350.0,451.0,780.0,702.0,1340.0,3102.0,3696.0,3902.0,3961.0,2195.0,1187.0,1448.0,1610.5,1473.0,1967.0,3280.5,3739.5,3918.5,4025.5,2206.0,1221.0,1391.0,1499.0,1380.0,1837.0,2966.0,3489.5,3581.0,3756.5,1843.5,944.0,660.0,841.5,719.0,1385.5,2798.0,3320.5,3498.5,3615.0,1679.0,871.0,240.5,477.5,450.0,1155.5,2436.5,2862.0,3116.0,3222.5,1547.5,753.5,206.5,413.0,371.5,1058.0,2243.5,2640.0,2875.5,3000.5,1498.5,749.0,198.0,389.5,358.0,1023.5,2098.5,2528.0,2743.5,2875.0,2083.0,1111.0,591.0,712.0,754.0,1335.0,2282.0,2578.0,2947.0,2874.0,1386.0,724.5,143.5,271.5,340.0,927.0,1785.0,2104.0,2423.5,2511.5,1617.0,1039.0,572.0,726.0,832.0,1366.0,1996.0,2204.0,2351.0,2490.0,0.0,0.0,0.0,0.0,0.0,0.0,0.0,0.0,0.0,0.0,1338.0,657.0,166.0,234.0,323.0,934.0,1634.0,1917.0,2157.0,2286.0,0.0,0.0,0.0,0.0,0.0,0.0,0.0,0.0,0.0,0.0,1354.5,786.5,204.5,275.0,372.5,869.0,1299.5,1503.0,1675.0,1811.5,1682.0,978.0,295.0,336.0,517.0,972.0,1369.0,1604.0,1807.0,1917.0,1752.0,1291.0,228.0,322.0,496.0,745.0,949.0,1041.0,1306.0,1286.0,0.0,0.0,0.0,0.0,0.0,0.0,0.0,0.0,0.0,0.0,0.0,0.0,0.0,0.0,0.0,0.0,0.0,0.0,0.0,0.0,1599.0,1166.0,298.0,389.0,454.0,663.0,872.0,953.0,1106.0,1147.0,2406.5,1902.0,433.0,629.5,796.5,1023.0,1277.5,1379.5,1575.0,1598.0,2557.0,2028.0,545.0,724.0,877.0,1127.0,1362.0,1525.0,1702.0,1742.0,1956.0,1340.0,333.0,523.0,599.0,891.0,1221.0,1361.0,1523.0,1565.0,2363.0,1691.0,643.5,811.5,865.0,1195.0,1683.5,1883.0,2098.5,2094.5,2284.0,1901.0,558.0,773.0,968.0,1229.0,1437.0,1550.0,1734.0,1751.0,"{""type"":""MultiPoint"",""coordinates"":[]}"
3934,24,2011.0,1385.0,745.0,938.0,1193.0,1314.0,1337.0,1433.0,1654.0,1620.0,2677.0,1928.0,683.5,1085.0,1166.5,1867.5,3101.5,3667.0,3961.5,3972.0,3734.0,3011.5,1083.5,1490.5,1910.5,2357.0,2729.5,2965.5,3228.5,3249.0,3836.0,3028.0,1251.0,1691.0,2151.0,2572.0,2843.0,2987.0,3276.0,3266.0,3900.0,3106.0,1339.0,1824.0,2352.0,2734.0,2993.0,3233.0,3376.0,3462.0,3945.0,3090.0,1413.0,1865.0,2419.0,2734.0,3113.0,3347.0,3549.0,3527.0,3963.0,2984.0,1450.0,1923.0,2484.0,2854.0,3201.0,3466.0,3574.0,3679.0,3883.0,2963.0,1413.0,1933.0,2517.0,2856.0,3201.0,3498.0,3773.0,3680.0,3554.5,2996.5,1315.5,1697.0,2203.0,2424.0,2498.5,2678.0,2828.5,2866.5,3583.0,3000.5,1342.5,1732.5,2254.5,2508.0,2511.0,2729.5,2828.5,2866.5,3597.0,3005.0,1344.0,1738.0,2232.0,2529.0,2565.0,2735.0,2833.0,2831.0,1989.0,1343.0,611.0,868.0,846.0,1221.0,1458.0,1591.0,1781.0,1738.0,3558.0,3005.0,1344.0,1738.0,2217.0,2497.0,2524.0,2650.0,2833.0,2821.0,3469.0,3054.0,1305.0,1675.0,2098.0,2257.0,2335.5,2480.0,2603.0,2628.0,3540.0,3095.0,1323.0,1662.0,2095.0,2276.0,2350.0,2487.0,2587.0,2590.0,3832.0,3497.0,1574.0,1860.0,2129.0,2331.0,2385.0,2507.0,2643.0,2650.0,3712.0,3536.0,1538.0,1834.0,2114.0,2291.0,2320.0,2443.0,2547.0,2573.0,3451.0,3259.0,1377.0,1646.0,1926.0,2086.0,2104.0,2211.0,2316.0,2346.0,3437.0,3144.0,1342.0,1645.0,1907.0,2074.0,2086.0,2198.0,2305.0,2315.0,2495.0,2191.0,1278.0,1438.0,1572.0,1695.0,1729.0,1831.0,1877.0,1926.0,3050.0,2861.0,1160.0,1425.0,1633.0,1768.0,1769.0,1888.0,2013.0,1994.0,3050.0,2861.0,1099.0,1403.0,1601.0,1761.0,1769.0,1858.0,1913.0,1951.0,1899.5,1276.0,548.5,833.5,799.0,1202.5,1535.5,1628.0,1821.0,1752.5,3078.5,2851.5,1061.5,1348.5,1540.0,1704.5,1725.0,1842.5,1892.0,1951.5,2936.0,2673.0,965.0,1302.0,1458.0,1663.0,1668.0,1737.0,1853.0,1883.0,2843.0,2692.0,1012.0,1245.0,1430.0,1525.0,1622.0,1679.0,1811.0,1818.0,2843.0,2692.0,1012.0,1245.0,1430.0,1525.0,1622.0,1679.0,1811.0,1818.0,2725.0,2409.0,853.0,1153.0,1340.0,1500.0,1542.0,1613.0,1724.0,1757.0,0.0,0.0,0.0,0.0,0.0,0.0,0.0,0.0,0.0,0.0,1783.5,1031.0,472.5,813.0,583.0,1165.0,2376.0,2663.5,2763.0,2727.0,1681.5,872.5,342.0,673.0,379.5,1044.0,2894.0,3384.5,3538.5,3438.0,1592.0,788.0,290.0,614.0,300.0,986.0,3340.0,4045.0,4260.0,4126.0,1572.0,736.0,253.0,569.0,268.0,941.0,3447.0,4356.0,4767.0,4496.0,1393.0,653.0,241.0,541.0,229.0,887.0,3413.0,4360.0,4704.0,4580.0,1349.5,629.0,231.0,526.5,230.5,883.5,3331.5,4287.5,4590.5,4497.0,0.0,0.0,0.0,0.0,0.0,0.0,0.0,0.0,0.0,0.0,"{""type"":""MultiPoint"",""coordinates"":[]}"
4048,36,1841.0,1113.0,324.5,669.5,524.0,1187.0,3057.5,3413.0,3644.0,3507.0,1856.5,890.0,381.0,715.5,387.0,1097.0,3966.0,4683.0,5010.5,4818.0,1674.5,735.5,295.0,590.0,260.0,969.0,4246.5,5354.5,5677.0,5512.5,2751.0,1868.0,668.0,1016.0,960.0,1586.0,2473.0,2763.0,2963.0,3040.0,1972.5,973.5,441.0,803.5,467.5,1231.0,3942.5,4600.0,4724.0,4673.5,1922.0,835.0,332.0,618.0,308.0,1036.0,4692.0,5928.0,6133.0,6100.0,2012.0,918.0,416.0,692.0,362.0,1113.0,4827.0,6379.0,6496.0,6499.0,2715.5,1770.5,735.5,1062.5,1090.5,1682.0,2919.0,3319.0,3398.5,3482.0,1993.0,936.0,458.0,775.0,422.0,1163.0,3811.0,4575.0,4477.0,4707.0,2890.5,1843.0,867.5,1081.5,1056.0,1748.5,3875.0,4802.5,4582.0,5014.0,2735.0,1888.5,774.5,1096.0,1261.5,1762.5,2571.0,2865.5,2808.5,3018.0,1773.0,988.0,320.0,631.0,405.0,1067.0,3454.0,4040.0,4329.0,4028.0,1947.0,911.0,368.0,669.0,363.0,1063.0,3604.0,4228.0,4149.0,4327.0,1985.5,912.5,404.5,705.5,353.0,1110.0,4287.0,5262.5,5238.0,5401.5,2776.0,1618.5,602.5,943.0,773.0,1561.5,3698.5,4487.0,4395.5,4772.5,2767.0,2062.0,760.0,1061.0,1234.0,1690.0,2376.0,2631.0,2843.0,2818.0,1987.5,986.0,348.0,681.5,348.5,1081.5,3596.5,4226.5,4102.5,4270.5,1923.0,938.0,354.0,689.0,334.0,1087.0,3775.0,4639.0,4544.0,4694.0,3070.5,2102.5,611.5,954.0,1083.0,1722.0,2466.5,2730.5,2961.0,3088.5,2208.0,1240.5,438.5,841.5,506.0,1342.5,3453.0,3856.5,3890.5,3935.0,2238.0,1205.0,329.5,686.5,460.5,1221.0,3925.0,4592.5,4985.5,4765.0,1874.0,869.0,161.0,514.0,204.0,978.0,4029.0,4709.0,4863.0,4885.0,1665.5,812.0,215.0,556.0,229.5,993.0,3937.0,4566.5,4821.0,4642.5,2457.0,1544.0,376.0,733.0,614.0,1309.0,2519.0,2824.0,3014.0,3117.0,2108.0,1191.0,280.0,608.0,342.0,1070.0,3321.0,3823.0,4003.0,3984.0,1316.0,664.0,104.5,395.0,136.0,722.5,3081.0,3610.0,3812.5,3680.5,1958.0,968.0,241.5,580.0,242.0,1010.5,4496.0,5426.0,5693.5,5484.0,1812.5,871.5,232.5,599.0,239.0,1059.0,4382.5,5178.0,5524.0,5320.5,2028.0,992.0,249.0,679.0,301.0,1281.0,4305.0,5007.0,5200.0,5123.0,1764.0,866.0,235.0,518.0,221.0,867.0,4091.0,5064.0,5384.0,5108.0,1784.0,807.0,178.0,481.0,194.0,926.0,4566.0,5624.0,5991.0,5849.0,1804.0,815.5,211.0,507.0,207.5,908.5,4544.0,5714.0,6194.0,5897.5,1789.0,817.0,275.0,527.0,250.0,882.0,4352.0,5641.0,6076.0,5807.0,1744.0,793.0,284.5,543.0,280.5,940.5,4424.5,5636.0,6043.0,5879.0,2512.0,1410.0,612.5,854.5,670.0,1314.5,3676.0,4597.0,4994.5,4994.0,2035.0,1262.5,503.0,813.0,715.5,1308.0,2728.5,3120.0,3393.5,3326.0,"{""type"":""MultiPoint"",""coordinates"":[]}"
4189,121,0.0,0.0,0.0,0.0,0.0,0.0,0.0,0.0,0.0,0.0,3383.5,2282.5,748.5,1083.0,1409.0,1877.0,2491.5,3001.0,3360.5,3428.5,3337.0,3029.0,857.0,1155.0,1642.0,1853.0,1992.0,2134.0,2313.0,2340.0,3219.0,2929.0,931.0,1204.0,1670.0,1820.0,1950.0,2099.0,2303.0,2317.0,2678.5,2355.0,728.0,949.0,1365.5,1550.5,1696.0,1843.0,2002.5,2064.5,2939.5,2513.5,784.0,1024.0,1461.0,1640.5,1761.0,1939.5,2085.0,2137.5,3549.5,3290.0,975.0,1260.0,1745.5,1909.0,2033.5,2235.0,2422.5,2436.5,3485.5,3284.0,1013.5,1301.0,1765.5,2023.0,2168.0,2348.0,2483.0,2569.0,2945.5,2511.0,833.0,1107.5,1384.0,1664.0,2192.0,2494.0,2620.5,2650.0,0.0,0.0,0.0,0.0,0.0,0.0,0.0,0.0,0.0,0.0,1651.0,1091.0,298.0,473.0,437.0,797.0,1984.0,2779.0,2893.0,2939.0,1721.0,1001.0,196.0,540.0,318.0,928.0,2588.0,3064.0,3411.0,3184.0,1368.0,733.0,208.0,330.0,237.0,509.0,1980.0,3036.0,3348.0,3261.0,1439.5,755.0,1194.5,1232.0,1056.5,1327.5,2544.0,3614.0,3789.0,3746.0,1324.0,718.0,184.0,363.0,325.0,667.0,1940.0,2961.0,3246.0,3315.0,1396.5,793.5,401.0,523.5,443.0,724.5,1861.0,2773.5,2993.5,3012.5,1436.5,839.5,200.5,360.0,343.0,616.0,1574.0,2235.0,2447.5,2455.0,1737.5,1168.5,266.0,446.0,470.5,783.5,1597.0,2102.5,2260.0,2353.5,3621.0,2897.0,1120.0,1387.0,1808.5,2087.5,2369.0,2570.5,2751.5,2867.0,3122.0,2955.0,830.0,1090.0,1559.0,1721.0,1839.0,1933.0,2184.0,2158.0,3043.0,2848.5,792.0,1074.5,1516.0,1690.0,1809.5,1946.5,2180.0,2157.5,2474.5,2018.0,760.0,963.0,1254.5,1466.5,1633.0,1782.0,1875.0,1979.0,1846.5,1067.5,599.0,886.5,580.0,1314.0,3563.5,4318.0,4621.0,4264.5,0.0,0.0,0.0,0.0,0.0,0.0,0.0,0.0,0.0,0.0,0.0,0.0,0.0,0.0,0.0,0.0,0.0,0.0,0.0,0.0,2210.0,1787.0,678.0,873.0,1039.0,1327.0,1673.0,1840.0,1914.0,2084.0,1990.0,1442.0,642.0,845.0,869.0,1196.0,2128.0,2510.0,2334.0,2637.0,1596.5,904.0,315.0,598.5,400.5,999.0,2276.0,2633.5,2794.0,2771.0,0.0,0.0,0.0,0.0,0.0,0.0,0.0,0.0,0.0,0.0,0.0,0.0,0.0,0.0,0.0,0.0,0.0,0.0,0.0,0.0,1449.0,796.0,462.0,650.0,498.0,949.0,2954.0,3981.0,4012.0,3983.0,1682.0,956.0,333.0,601.0,441.0,995.0,2979.0,3957.0,4554.0,4286.0,1658.0,932.0,384.0,602.0,433.0,1010.0,3109.0,4209.0,4631.0,4522.0,1611.0,819.0,257.0,545.0,293.0,923.0,3571.0,4811.0,5703.0,5320.0,2036.5,1239.5,809.5,1018.5,823.0,1336.0,3476.0,4714.0,5233.0,5104.0,1727.0,882.0,274.0,525.0,344.0,901.0,3389.0,4779.0,5272.0,5053.0,"{""type"":""MultiPoint"",""coordinates"":[]}"
4277,1,2543.0,2301.0,473.0,770.0,1058.0,1215.0,1268.0,1369.0,1471.0,1477.0,3047.5,2770.0,734.0,1049.5,1347.0,1519.0,1663.5,1775.5,1918.5,1924.5,2911.5,2434.5,681.0,1027.5,1195.5,1484.5,1941.5,2093.0,2196.5,2182.0,2777.0,2231.5,609.5,954.5,1025.0,1378.0,2189.5,2481.5,2580.5,2600.0,2109.0,1376.0,348.5,628.0,535.0,912.5,2373.5,2889.0,2985.5,2995.0,1728.0,800.5,216.0,493.0,229.0,696.5,3123.5,4207.5,4272.5,4306.0,1533.0,647.5,171.0,385.0,161.5,531.5,3132.0,4849.5,5031.0,4949.0,1414.5,604.5,138.5,342.5,150.5,496.5,2940.5,4906.5,5022.0,5086.5,1435.5,594.0,169.0,350.5,185.0,528.0,2930.0,4973.5,5078.0,5174.5,1525.0,651.0,170.0,393.0,257.0,588.0,2800.0,4369.0,4687.0,4667.0,1610.5,719.5,184.5,419.5,280.5,674.0,2673.0,4097.5,4311.0,4428.0,2688.0,2442.0,567.0,915.0,1186.0,1356.0,1488.0,1612.0,1794.0,1764.0,1696.0,808.0,390.5,618.5,463.5,888.0,2609.0,3684.0,3903.5,4061.0,1867.0,882.0,1275.0,1477.5,1253.0,1667.0,2934.5,3686.0,3904.5,4004.0,1991.0,1072.0,1222.0,1376.0,1225.0,1628.0,2626.0,3099.0,3247.0,3459.0,2055.0,1173.0,669.5,857.0,874.0,1283.0,2155.0,2568.0,2793.0,2939.5,2306.0,1421.0,418.0,642.0,983.0,1328.0,1810.0,2154.0,2506.0,2630.0,2628.5,1654.0,502.0,709.0,1233.5,1537.5,1769.5,2054.0,2340.5,2486.5,3844.0,2426.5,1000.0,1491.5,2535.5,3045.5,3250.0,3596.0,4001.5,4171.5,4671.0,3348.0,1609.0,2188.0,3262.0,3711.0,3813.0,4117.0,4421.0,4569.0,4003.5,2968.5,1310.0,1881.0,2758.0,3101.0,3255.0,3477.0,3821.5,3834.5,3174.0,2149.5,3952.5,3788.5,3715.0,4033.0,4035.0,4164.0,4154.0,4184.5,1322.0,1044.0,894.0,927.0,973.0,1077.0,1138.0,1226.0,1183.0,1251.0,3808.0,3353.0,1331.0,1648.0,2127.0,2334.0,2331.0,2465.0,2586.0,2590.0,1109.0,833.0,572.0,608.0,637.0,726.0,736.0,818.0,817.0,847.0,3002.5,2615.0,665.5,986.0,1136.0,1462.0,1653.5,1768.0,1893.5,1916.0,0.0,0.0,0.0,0.0,0.0,0.0,0.0,0.0,0.0,0.0,1900.0,1725.0,309.0,449.0,676.0,765.0,796.0,892.0,1004.0,1017.0,0.0,0.0,0.0,0.0,0.0,0.0,0.0,0.0,0.0,0.0,0.0,0.0,0.0,0.0,0.0,0.0,0.0,0.0,0.0,0.0,2777.0,2444.0,653.0,978.0,1284.0,1488.0,1600.0,1723.0,1854.0,1848.0,3812.0,3521.0,942.0,1390.0,1838.0,2034.0,2109.0,2205.0,2403.0,2398.0,0.0,0.0,0.0,0.0,0.0,0.0,0.0,0.0,0.0,0.0,2502.0,2241.0,507.0,754.0,1012.0,1153.0,1180.0,1260.0,1403.0,1390.0,2921.0,2692.5,636.0,908.5,1238.0,1355.5,1396.0,1522.0,1685.0,1658.0,2988.0,2720.0,687.0,1007.0,1303.0,1455.0,1567.0,1631.0,1784.0,1799.0,"{""type"":""MultiPoint"",""coordinates"":[]}"
4315,152,0.0,0.0,0.0,0.0,0.0,0.0,0.0,0.0,0.0,0.0,4414.0,4157.0,1024.0,1649.0,2273.0,2447.0,2535.0,2716.0,2949.0,2991.0,4522.5,4358.0,1171.0,1778.5,2413.5,2578.0,2745.5,2898.0,3086.0,3002.5,4540.5,4407.0,1222.5,1848.0,2462.5,2602.0,2751.0,2879.5,3095.5,3060.0,4563.5,4386.5,1262.5,1873.0,2491.0,2681.5,2747.0,2986.0,3121.0,3126.5,4657.5,4499.5,1275.0,1886.0,2528.5,2685.5,2824.5,2952.5,3153.5,3133.5,4619.0,4359.0,1251.0,1878.0,2499.0,2665.0,2829.0,2994.0,3051.0,3092.0,4669.0,4395.0,1232.0,1864.0,2497.0,2679.0,2773.0,3004.0,3127.0,3155.0,4725.0,4609.5,1263.5,1888.5,2506.5,2746.5,2784.0,3001.5,3116.5,3158.0,4601.5,4463.5,1224.5,1832.0,2451.5,2672.0,2754.0,2966.5,3075.5,3110.0,4626.5,4480.0,1205.0,1755.0,2353.0,2579.0,2681.5,2866.5,2914.0,3002.5,4119.0,4089.0,1270.0,1865.0,2497.0,2703.0,2723.0,2977.0,3139.0,3111.0,4783.5,4312.5,1457.5,2052.0,2649.0,2918.5,2959.5,3121.5,3283.5,3272.0,4677.5,4458.5,1357.5,1992.0,2662.0,2921.0,3023.5,3184.0,3280.0,3337.5,4715.0,4491.0,1265.0,1771.0,2443.0,2686.0,2812.0,3076.0,3108.0,3286.0,4451.5,4236.5,1330.5,1819.5,2425.0,2643.0,2792.5,2954.5,3120.0,3149.0,4490.5,4294.5,1326.0,1875.0,2484.5,2717.0,2853.0,2987.5,3118.0,3155.0,4329.0,4389.0,1372.0,1764.0,2276.0,2513.0,2632.0,2866.0,3026.0,2957.0,4262.0,4137.5,1394.0,1749.0,2201.5,2415.5,2534.5,2705.0,2829.0,2927.5,4267.0,4112.0,1181.0,1777.0,2350.0,2512.0,2637.0,2819.0,3012.0,2973.0,4229.0,4121.5,1178.0,1710.0,2287.0,2495.0,2617.5,2741.5,2960.0,2911.0,0.0,0.0,0.0,0.0,0.0,0.0,0.0,0.0,0.0,0.0,0.0,0.0,0.0,0.0,0.0,0.0,0.0,0.0,0.0,0.0,3506.0,3445.0,709.0,1040.0,1415.0,1559.0,1715.0,1886.0,1968.0,2091.0,3443.0,3572.0,688.0,1072.0,1525.0,1606.0,1654.0,1958.0,2027.0,1983.0,3539.0,3572.0,725.0,1085.0,1524.0,1490.0,1799.0,1841.0,2108.0,2010.0,3619.0,3532.5,728.0,1122.0,1575.0,1709.5,1851.0,1997.0,2173.5,2120.5,0.0,0.0,0.0,0.0,0.0,0.0,0.0,0.0,0.0,0.0,3071.0,3043.0,1155.5,1513.5,1940.0,2203.0,2324.5,2577.0,2158.5,2654.5,4188.0,3895.0,1060.0,1626.5,2256.5,2514.0,2563.0,2687.0,2918.5,2960.0,4180.5,3694.5,1235.5,1712.5,2225.5,2491.0,2618.5,2798.5,2963.0,2975.5,4279.5,4001.0,1152.5,1772.0,2370.5,2600.0,2673.0,2920.0,3108.5,3082.5,4577.0,4348.5,1312.0,1885.5,2493.0,2711.0,2934.5,3078.5,3338.0,3273.5,4051.0,3995.0,1023.0,1377.0,1827.0,1964.0,2100.0,2220.0,2431.0,2550.0,4325.0,4307.0,1034.0,1601.0,2236.0,2365.0,2479.0,2587.0,2944.0,2796.0,4333.5,4229.5,1030.0,1642.0,2257.5,2414.0,2487.0,2722.0,2944.0,2902.0,"{""type"":""MultiPoint"",""coordinates"":[]}"
4365,122,3646.0,2735.5,1158.5,1624.0,2273.0,2479.5,2972.5,3245.0,3730.0,3601.0,3965.0,3102.0,1458.0,1847.0,2255.0,2721.0,3425.0,3756.0,4191.0,4090.0,4127.5,3117.5,1338.0,1795.0,2261.5,2611.5,3399.0,3767.5,4164.0,4049.0,4086.5,3102.0,1327.0,1797.5,2253.5,2653.0,3414.5,3774.0,4071.0,4091.5,4206.5,3231.0,1348.0,1815.0,2324.5,2815.5,3445.0,3769.5,4107.0,4098.5,4463.0,3374.0,1466.0,2003.0,2570.0,3150.0,3689.0,3995.0,4292.0,4330.0,4089.0,3162.0,1338.0,1790.0,2281.0,2727.0,3349.0,3731.0,3920.0,4036.0,4396.0,3193.0,1153.0,1553.0,1972.0,2556.0,3509.0,3699.0,3760.0,4184.0,4239.0,3241.0,1342.0,1787.0,2203.0,2954.0,3549.0,3931.0,4003.0,4212.0,4450.0,3168.0,1311.0,1802.0,2234.0,2878.0,3595.0,3941.0,3875.0,4284.0,4197.0,3231.5,1248.0,1706.5,2108.0,2669.5,3452.5,3830.0,3877.5,4133.5,3513.0,2715.0,1367.0,1820.0,2526.0,2840.0,3355.0,3379.0,4016.0,3803.0,4325.0,3086.0,1203.0,1711.0,2121.0,2795.0,3616.0,3932.0,3976.0,4314.0,4053.0,2997.5,1093.0,1534.0,1890.0,2576.0,3177.5,3535.5,3637.0,3860.0,3903.0,2919.5,1015.0,1392.5,1627.5,2275.0,2989.5,3384.5,3388.5,3656.0,3668.0,2717.0,886.0,1271.0,1483.0,2257.0,3207.0,3553.0,3791.0,3830.0,3499.0,2622.0,870.0,1225.0,1418.5,1804.0,2703.0,3064.0,3075.5,3311.0,3579.5,2631.0,928.5,1274.5,1427.5,1981.0,2681.5,3044.0,3087.0,3291.5,3484.0,2567.5,867.0,1231.5,1405.5,1863.5,2657.5,2989.0,3187.5,3217.5,0.0,0.0,0.0,0.0,0.0,0.0,0.0,0.0,0.0,0.0,2727.5,2068.5,764.5,1086.0,1193.5,1624.0,2454.0,2695.5,3141.0,2911.0,3355.0,2411.0,858.0,1305.0,1428.0,1881.0,3084.0,3273.0,3659.0,3531.0,3262.0,2588.0,1040.5,1447.5,1854.0,2181.5,2870.5,3171.5,3413.0,3370.5,3443.0,2459.0,838.0,1281.0,1468.0,1916.0,2870.0,3186.0,3556.0,3544.0,3315.0,2476.0,848.0,1213.0,1434.0,1774.0,2718.0,3047.0,3356.0,3364.0,2725.0,1878.0,661.0,1054.0,1232.0,1715.0,2494.0,2740.0,3100.0,3003.0,3097.5,2184.5,795.0,1194.0,1378.5,1794.5,2667.5,3012.5,3395.0,3269.5,3170.5,2345.0,794.0,1184.0,1392.5,1763.5,2741.0,3002.5,3450.5,3341.5,3375.0,2422.0,927.0,1372.0,1728.0,2118.0,2946.0,3211.0,3590.0,3506.0,3340.0,2651.0,1052.0,1449.0,1792.0,1944.0,2753.0,2996.0,3335.0,3275.0,3632.0,2645.0,1023.0,1419.0,1745.0,2206.0,2868.0,3226.0,3574.0,3480.0,3755.5,2834.0,1143.0,1540.5,1921.0,2255.0,3034.5,3316.5,3741.0,3606.0,3696.0,2939.0,1148.0,1581.0,1984.0,2466.0,2970.0,3175.0,3699.0,3477.0,3869.5,3069.5,1249.5,1689.5,2153.5,2576.5,3066.5,3376.5,3727.5,3674.0,3841.0,3107.0,1272.0,1725.0,2166.0,2509.0,3167.0,3452.0,3749.0,3734.0,4059.0,3073.0,1216.0,1697.0,2164.0,2668.0,3212.0,3421.0,3866.0,3881.0,"{""type"":""MultiPoint"",""coordinates"":[]}"
4403,69,3081.0,2534.0,520.0,755.5,1118.0,1278.5,1352.0,1548.0,1706.0,1803.5,3850.0,2873.0,910.0,1339.0,1604.0,2083.0,2656.0,2967.5,3279.0,3250.5,4193.5,3125.5,1016.0,1501.5,1851.5,2446.5,3000.5,3279.0,3563.5,3661.5,4180.5,3104.5,1033.0,1507.0,1919.5,2450.5,2987.5,3324.5,3555.5,3684.0,4119.0,3100.0,1040.0,1491.0,1928.0,2408.0,3054.0,3368.0,3692.0,3747.0,4105.0,2920.0,976.0,1491.0,1899.0,2408.0,3077.0,3421.0,3696.0,3824.0,4004.0,2878.0,983.0,1475.0,1903.0,2440.0,3093.0,3443.0,3696.0,3822.0,4038.0,2916.0,1014.0,1502.0,1980.0,2475.0,3093.0,3443.0,3717.0,3833.0,4502.0,3209.0,1193.0,1735.0,2297.0,2895.0,3470.0,3852.0,4074.0,4282.0,4378.0,3100.5,1104.5,1626.0,2175.5,2764.0,3418.5,3801.0,3958.0,4198.5,4255.5,3036.5,1076.0,1571.0,2125.5,2688.0,3297.5,3699.0,3848.0,4074.0,3660.5,3121.0,694.0,1009.0,1404.5,1596.0,1722.5,1866.0,2034.0,2136.0,4168.0,2994.0,998.0,1456.0,2006.0,2526.0,3006.0,3411.0,3547.0,3807.0,4168.0,2958.0,1010.0,1456.0,2006.0,2524.0,3006.0,3337.0,3547.0,3759.0,4120.0,2926.0,970.0,1395.0,1904.0,2351.0,2893.0,3173.0,3305.0,3576.0,3790.0,2799.0,902.0,1184.0,1596.0,1969.0,2446.0,2730.0,2960.0,3066.0,3531.0,2531.0,726.0,1069.0,1488.0,1840.0,2229.0,2532.0,2706.0,2893.0,3491.0,2590.0,706.0,1034.0,1406.0,1753.0,2175.0,2437.0,2637.0,2777.0,3369.0,2452.5,745.5,1052.5,1432.5,1787.0,2176.5,2452.5,2670.0,2801.5,3208.0,2395.0,671.0,984.0,1317.0,1627.0,2036.0,2275.0,2548.0,2644.0,3208.0,2395.0,632.0,949.0,1282.0,1627.0,2036.0,2275.0,2562.0,2644.0,2759.0,2153.0,616.0,930.0,1279.0,1569.0,1929.0,2169.0,2400.0,2429.0,3342.0,2823.0,704.5,995.0,1395.0,1589.5,1720.5,1897.0,2145.5,2194.0,2791.0,2096.0,480.5,703.0,899.5,1231.0,1648.0,1864.0,1989.0,2152.5,2824.0,2331.0,477.0,689.0,913.0,1222.0,1502.0,1706.0,1851.0,2018.0,2931.0,2408.0,472.0,689.0,1003.0,1277.0,1443.0,1635.0,1834.0,1948.0,3321.0,2850.0,536.0,782.0,1130.0,1375.0,1559.0,1724.0,1898.0,2011.0,2518.0,1991.0,402.0,545.0,830.0,1020.0,1154.0,1343.0,1545.0,1595.0,2398.5,1850.5,1063.0,1133.0,1252.0,1429.0,1517.5,1633.0,1859.0,1842.5,2637.0,2094.0,540.0,756.0,997.0,1251.0,1376.0,1539.0,1682.0,1711.0,3064.5,2511.0,697.5,999.5,1205.0,1536.0,1861.0,2059.5,2176.0,2223.0,3841.0,3092.0,815.0,1214.0,1423.0,1795.0,2651.0,2959.0,3212.0,3236.0,2935.0,2161.5,568.0,853.5,925.5,1337.0,2461.0,2949.5,3122.5,3153.5,2526.0,1665.5,467.0,728.5,711.0,1163.5,2252.0,2777.5,2934.0,2977.0,3511.5,2546.5,722.5,1116.0,1207.0,1732.5,2884.0,3347.5,3612.5,3651.0,3424.0,2452.5,718.0,1099.0,1170.5,1696.5,2792.5,3351.5,3605.0,3674.0,"{""type"":""MultiPoint"",""coordinates"":[]}"
4447,54,3186.5,2861.5,1884.0,1964.5,2138.5,2237.5,2250.0,2351.0,2426.5,2477.5,3501.5,3344.0,1401.0,1613.5,1839.0,2005.5,2094.0,2201.5,2310.0,2349.5,3609.0,3436.5,1502.5,1723.5,1919.5,2126.5,2327.5,2463.0,2572.5,2592.5,3328.5,2908.0,1365.0,1634.0,1730.5,1998.5,2539.0,2715.0,2785.5,2825.5,2930.0,2388.0,1066.5,1410.5,1380.5,1858.5,3073.0,3446.0,3481.5,3552.0,2622.0,2008.5,841.5,1200.0,1096.5,1674.0,3443.0,3958.5,4131.0,4120.0,2336.5,1542.0,605.0,1010.5,766.5,1518.5,3958.5,4725.5,4782.0,4851.5,2046.5,1230.0,550.0,989.5,647.0,1477.5,4290.5,5151.0,5256.5,5219.0,1916.0,1104.0,608.0,1040.5,660.5,1590.0,4311.0,5198.5,5330.5,5280.0,1868.5,1067.0,655.0,1111.5,743.0,1649.0,4348.5,5191.0,5294.5,5322.0,1764.0,1017.5,592.5,1076.5,732.5,1693.5,4373.0,5189.0,5244.0,5323.5,3241.5,2954.5,1926.0,2009.5,2190.5,2276.5,2297.0,2396.0,2488.5,2520.0,1828.5,1076.0,608.0,1081.5,764.5,1725.0,4250.5,5077.0,5124.0,5276.0,4247.5,3340.0,1173.0,1552.0,1846.0,2324.0,2666.0,2950.5,3113.5,3314.5,4425.5,3617.0,1440.0,1778.0,2213.5,2594.0,2779.0,3028.0,3143.0,3398.5,4231.0,3389.5,1424.5,1784.0,2271.0,2564.5,2734.5,2936.0,3165.0,3264.0,3229.0,3117.0,1220.5,1436.0,1653.0,1798.5,1843.5,1945.5,2032.0,2095.5,3676.5,3424.5,1420.0,1700.5,1966.5,2178.5,2213.5,2349.5,2443.5,2520.0,3697.0,3430.5,1546.5,1765.5,2032.5,2228.0,2267.5,2406.5,2476.5,2567.0,3512.0,3332.5,1603.5,1848.0,2043.0,2200.0,2226.5,2371.5,2403.0,2488.5,3434.0,3201.0,1384.0,1634.5,1912.5,2069.5,2105.5,2203.5,2312.5,2349.0,3336.0,3088.0,1315.5,1564.0,1818.0,1976.5,2013.5,2099.0,2180.5,2246.0,2896.0,2609.5,1146.5,1359.5,1610.0,1745.0,1786.0,1867.0,2012.5,2019.0,3106.5,2853.0,1296.5,1474.5,1689.5,1864.0,1876.0,1971.0,1989.0,2093.5,3037.0,2748.5,1212.5,1448.0,1664.5,1819.0,1854.5,1920.0,1985.5,2055.0,3023.5,2839.0,1255.0,1429.0,1619.5,1754.0,1758.5,1865.5,1951.5,1995.0,3023.5,2839.0,1255.0,1429.0,1619.5,1754.0,1758.5,1865.5,1951.5,1995.0,2779.0,2492.5,1058.0,1279.0,1488.0,1643.5,1672.0,1738.5,1817.5,1880.5,0.0,0.0,0.0,0.0,0.0,0.0,0.0,0.0,0.0,0.0,2278.0,1901.0,823.5,990.0,1151.5,1278.0,1329.0,1379.5,1489.0,1532.5,3174.0,2983.0,1253.5,1456.5,1666.5,1838.5,1845.0,1960.0,2043.0,2109.5,3442.5,3278.0,1404.0,1641.5,1865.0,1998.0,2059.5,2136.5,2306.5,2311.5,3149.0,2971.0,1242.0,1420.5,1642.0,1754.0,1808.0,1916.5,2059.0,2058.5,3234.5,3076.5,1218.0,1398.0,1611.0,1735.0,1804.5,1906.0,2009.5,2051.0,3691.5,3530.5,1431.5,1677.5,1917.0,2073.5,2135.0,2241.5,2380.5,2407.0,3138.0,2945.0,1222.0,1435.0,1636.5,1798.0,1842.0,1935.0,2042.5,2065.5,"{""type"":""MultiPoint"",""coordinates"":[]}"
4485,2,2221.0,2061.0,358.5,427.5,577.5,663.5,725.0,836.5,948.0,976.5,3601.0,3388.5,736.0,893.5,1150.5,1313.0,1390.5,1557.0,1782.0,1819.5,3574.5,3373.5,785.5,951.0,1192.5,1358.5,1463.0,1637.5,1805.5,1886.0,3607.0,3426.5,809.0,964.5,1203.5,1376.5,1521.0,1681.5,1843.5,1905.0,3692.0,3477.5,848.0,1039.0,1293.0,1469.5,1636.0,1770.0,2002.0,2015.0,3748.0,3445.0,889.5,1090.0,1338.0,1563.5,1779.5,1958.5,2213.0,2199.0,3387.5,2705.5,831.0,1153.5,1243.0,1601.0,1972.0,2167.0,2381.5,2428.5,3353.5,2772.0,839.0,1169.0,1188.0,1703.0,2803.5,3056.0,3373.0,3296.5,2343.0,1214.5,383.5,757.5,448.0,1166.5,2865.0,3297.0,3474.0,3494.5,2344.0,1121.5,265.5,744.5,309.5,1308.0,4554.5,5425.0,5518.0,5578.5,2236.0,961.0,279.0,661.5,291.5,1137.5,4866.5,5990.5,6178.0,6131.0,2530.0,2346.0,449.5,572.0,745.5,844.0,899.0,1031.5,1144.0,1202.0,2219.5,907.0,283.5,671.5,298.5,1199.5,5171.5,6664.5,6758.0,6838.0,2088.0,832.0,307.0,719.5,326.5,1278.0,5193.0,6675.0,6782.0,6878.5,2077.0,831.5,483.5,831.5,460.5,1311.0,4820.5,6123.5,6213.5,6420.0,1973.0,833.0,509.0,803.5,465.0,1276.0,4593.5,5831.5,6039.0,6077.5,1867.5,849.5,402.0,726.0,432.0,1255.5,4184.0,5153.0,5508.5,5444.5,1830.5,916.0,369.5,684.0,517.5,1317.5,3552.0,4273.5,4560.5,4637.5,1931.0,936.0,616.5,901.5,793.0,1427.0,3336.5,3930.5,4334.0,4352.5,2195.5,1271.0,664.5,921.0,1035.0,1773.0,2916.5,3411.5,3820.5,3947.5,2916.5,1767.5,1008.0,1234.5,1676.5,2155.5,2534.5,2859.0,3361.0,3457.0,2961.0,1857.5,553.0,845.5,1558.0,2069.5,2367.0,2785.5,3160.5,3504.0,2487.0,2183.5,537.5,583.0,718.5,811.5,869.5,988.5,1142.0,1167.5,3467.0,2276.0,553.0,845.5,1558.0,2069.5,2356.0,2661.0,2904.0,3264.0,0.0,0.0,0.0,0.0,0.0,0.0,0.0,0.0,0.0,0.0,2155.0,2008.0,356.0,414.0,540.0,605.0,640.0,730.0,854.0,899.5,2113.0,2096.5,415.0,439.0,551.0,638.5,664.5,736.5,838.0,892.5,1692.5,1482.5,213.5,269.0,412.5,479.5,513.0,596.0,681.5,756.0,0.0,0.0,0.0,0.0,0.0,0.0,0.0,0.0,0.0,0.0,3484.0,3222.0,801.0,1017.5,1295.5,1465.5,1536.0,1654.0,1890.0,1948.0,3529.0,3422.0,899.0,1045.0,1316.5,1493.0,1545.0,1704.5,1854.5,1926.5,2798.5,2699.0,434.0,573.0,767.5,861.0,971.5,1053.0,1227.0,1279.0,2185.5,1902.5,400.0,465.0,627.5,718.0,789.0,887.0,1037.0,1102.5,1795.0,1302.5,290.5,395.5,484.5,610.5,699.5,769.5,854.0,909.0,3593.0,3268.0,965.0,1121.0,1373.5,1525.0,1614.5,1740.5,1977.0,1992.5,3457.5,3282.0,667.0,815.5,1059.5,1205.5,1299.0,1446.0,1661.5,1716.0,"{""type"":""MultiPoint"",""coordinates"":[]}"
4549,69,3014.5,2722.5,1931.5,1987.0,2051.0,2290.0,2404.5,2477.0,2599.0,2565.0,3639.0,3391.0,1280.5,1749.0,2009.5,2442.0,2945.5,3136.0,3289.0,3258.5,3060.0,2565.5,961.0,1413.0,1443.5,1993.0,2925.0,3147.0,3301.5,3273.0,2907.0,2276.0,773.5,1282.0,1210.0,1900.5,3554.5,4018.5,4222.5,4135.5,3046.5,2534.5,906.0,1356.5,1340.5,1937.5,3461.0,3884.0,4154.5,4042.5,3423.5,2916.0,1072.5,1547.5,1653.0,2244.0,3376.5,3745.0,3965.5,3904.5,3531.0,2932.0,1090.0,1601.0,1706.5,2318.5,3533.0,3941.5,4172.0,4099.5,3530.0,2963.0,1106.5,1624.0,1740.5,2338.5,3588.5,4018.5,4256.5,4185.5,3489.0,2845.0,1058.5,1577.0,1685.0,2285.5,3619.0,4117.0,4292.5,4308.0,3460.5,2774.0,988.0,1509.0,1569.5,2190.5,3642.0,4230.0,4311.5,4416.5,3324.5,2592.5,921.5,1435.0,1498.0,2131.0,3572.5,4136.5,4268.0,4362.0,3607.0,3268.5,3310.0,3218.0,3166.0,3369.0,3384.0,3447.5,3582.0,3449.0,3596.5,2968.0,1051.0,1541.5,1694.0,2296.0,3485.5,4005.5,4116.5,4227.5,3681.0,3096.5,1132.5,1635.0,1880.5,2457.0,3275.5,3625.0,3795.0,3818.0,3826.5,3298.0,1140.0,1595.0,1865.5,2402.5,3186.5,3562.0,3719.5,3802.0,3782.0,3444.0,1223.5,1654.0,1947.0,2440.0,3062.0,3355.5,3563.5,3591.0,3688.0,3296.5,1214.5,1650.5,2010.5,2456.5,2945.5,3197.5,3475.5,3431.0,3684.0,3171.5,1186.0,1581.5,2036.5,2461.5,2830.5,3068.5,3302.5,3353.5,3388.5,2698.0,1131.0,1510.0,2031.0,2534.5,2926.5,3247.0,3593.0,3683.5,3382.0,2608.0,1131.0,1510.0,2059.5,2537.5,2926.5,3247.0,3600.5,3683.5,3460.5,2681.0,1010.0,1494.5,2051.0,2585.5,2893.0,3156.0,3491.0,3587.0,3773.5,3182.0,1154.5,1589.0,2142.5,2622.5,2847.0,3069.0,3306.5,3378.0,2607.0,2268.0,695.5,973.5,1093.0,1414.0,1932.5,2089.0,2280.0,2257.0,3469.5,3012.0,1062.5,1457.5,1894.5,2269.0,2415.0,2572.0,2707.0,2813.5,3399.5,2934.0,1765.0,2020.5,2287.5,2556.0,2635.5,2774.0,2937.0,2937.0,3005.5,2674.5,943.5,1287.5,1570.0,1823.5,2016.5,2151.5,2274.0,2266.0,3011.5,2648.5,938.5,1281.0,1563.0,1838.0,2026.0,2157.5,2288.5,2288.0,2350.0,1463.5,3016.5,2924.0,2832.5,3068.0,3141.0,3154.5,3297.0,3212.0,0.0,0.0,0.0,0.0,0.0,0.0,0.0,0.0,0.0,0.0,2405.5,1935.0,607.0,923.0,931.5,1392.5,2194.0,2367.5,2476.5,2486.0,2137.0,1747.0,621.0,865.5,870.0,1285.5,2005.0,2204.5,2241.0,2355.5,2645.5,2405.5,854.0,1122.5,1313.0,1634.0,2015.0,2182.5,2313.5,2377.5,3696.0,3515.5,1223.0,1583.5,2023.0,2285.0,2396.5,2525.5,2769.5,2736.0,3996.5,3893.5,1414.5,1812.0,2274.5,2562.5,2659.5,2788.0,3029.0,2985.0,3813.5,3857.0,1381.5,1778.5,2195.5,2426.0,2507.0,2639.0,2847.5,2752.0,3743.0,3670.0,1322.0,1751.5,2137.0,2395.0,2498.5,2636.5,2835.0,2744.5,"{""type"":""MultiPoint"",""coordinates"":[]}"
4664,204,2338.0,2022.5,733.0,1067.5,1349.0,1481.5,1527.0,1602.0,1640.0,1678.0,2622.0,1858.5,786.5,1379.0,1284.0,1943.0,3999.0,4678.0,4874.0,4778.5,3884.0,2589.0,1394.0,2018.0,2306.0,3185.0,4151.0,4543.0,4985.0,5088.0,4370.5,2997.5,1585.5,2268.0,2790.5,3557.0,4158.5,4472.5,4895.0,4939.5,4971.0,3566.0,1790.0,2464.0,3169.0,3754.0,4123.0,4416.0,4705.0,4859.0,5051.0,3627.0,1903.0,2616.0,3429.0,4020.0,4338.0,4584.0,4915.0,4951.0,5113.0,3745.0,1985.0,2718.0,3606.0,4181.0,4439.0,4680.0,4915.0,5054.0,5075.0,3713.0,1985.0,2749.0,3744.0,4253.0,4483.0,4752.0,4991.0,5078.0,5149.0,3755.0,1985.0,2772.0,3777.0,4352.0,4483.0,4760.0,4959.0,5085.0,5171.0,3976.5,2204.5,3020.5,3970.0,4465.5,4482.0,4698.5,4752.5,4938.5,4976.5,3875.0,2164.5,2952.0,3853.5,4305.5,4335.0,4558.0,4549.5,4743.0,2471.0,2150.0,882.0,1205.0,1455.5,1623.0,1643.5,1686.0,1762.0,1789.5,4681.0,3699.0,2012.5,2743.0,3597.5,3983.5,4053.0,4203.5,4276.0,4444.0,4654.0,3653.0,1956.0,2731.0,3529.0,3912.0,4001.0,4208.0,4256.0,4368.0,4637.0,3612.0,1864.0,2627.0,3274.0,3667.0,3864.0,4075.0,4106.0,4205.0,4358.0,3443.0,1752.0,2455.0,3184.0,3552.0,3690.0,3840.0,3964.0,4009.0,3953.0,3232.0,1603.0,2235.0,2883.0,3162.0,3305.0,3426.0,3671.0,3598.0,3423.0,2985.0,1206.0,1678.0,2064.0,2259.0,2346.0,2477.0,2474.0,2567.0,3326.0,2946.0,1310.0,1794.0,2182.0,2400.0,2463.0,2584.0,2675.0,2659.0,3319.5,2946.0,1214.5,1734.0,2166.5,2352.5,2441.0,2553.0,2658.5,2623.0,3107.0,2724.0,1160.0,1638.5,2020.0,2177.0,2286.0,2360.0,2480.0,2452.5,2845.0,2467.0,982.0,1380.0,1682.0,1917.0,1979.0,2099.0,2102.0,2152.0,2390.0,1907.0,897.0,1268.0,1533.0,1663.5,1709.5,1762.0,1864.0,1828.5,2904.0,2467.0,982.0,1431.0,1724.0,1968.0,2075.0,2179.0,2128.0,2261.0,3000.0,2634.0,1045.0,1507.0,1823.0,2010.0,2081.0,2200.0,2274.0,2261.0,2602.0,2204.0,820.0,1235.0,1537.0,1720.0,1780.0,1887.0,1947.0,1967.0,2725.5,2410.0,921.0,1275.0,1566.0,1768.0,1834.0,1904.5,1949.0,1982.5,1818.0,1447.0,608.0,814.0,1064.0,1183.5,1236.0,1311.5,1411.5,1381.0,513.0,363.0,577.0,511.0,459.0,468.0,452.0,484.0,498.0,487.0,3239.5,2833.0,1206.0,1733.5,2099.0,2254.5,2322.5,2401.5,2547.5,2455.0,1324.0,1072.0,937.0,1012.0,1022.0,1077.0,1105.0,1121.0,1171.0,1123.0,3660.0,3186.5,1445.0,2069.0,2357.5,2648.0,2999.0,3099.5,3251.0,3145.5,3500.0,3036.0,1349.0,1883.0,2124.0,2479.0,3225.0,3392.0,3597.0,3451.0,2897.0,2045.0,859.0,1373.0,1212.0,1925.0,3282.0,3507.0,3597.0,3519.0,2888.0,1954.0,833.0,1294.0,1182.0,1785.0,3929.0,4488.0,4599.0,4515.0,2709.5,1899.0,733.5,1219.0,1136.5,1710.0,3764.0,4341.0,4524.0,4395.5,"{""type"":""MultiPoint"",""coordinates"":[]}"
4713,122,3043.0,2667.0,1157.5,1507.5,2068.0,2339.0,2464.0,2619.5,2718.5,2724.5,2678.0,2330.0,1323.0,1619.0,1943.0,2303.0,3079.0,3528.0,3628.0,3791.0,3322.5,2819.0,1366.0,1793.0,2296.0,2759.0,3096.0,3354.0,3506.0,3479.5,3386.0,2871.5,1409.5,1815.0,2360.5,2788.0,3036.5,3222.5,3283.5,3380.5,3499.5,2984.5,1483.0,1885.5,2534.5,2945.5,3025.0,3263.5,3312.5,3369.5,3457.0,2780.0,1478.0,1819.0,2434.0,2940.0,2883.0,3007.0,2976.0,3237.0,3581.0,3099.0,1549.0,1959.0,2545.0,2811.0,2890.0,3218.0,3167.0,3331.0,3641.5,3050.0,1528.5,1919.5,2604.0,3075.5,3042.5,3226.0,3128.0,3397.0,3815.5,3153.5,1911.0,2249.0,2697.5,3179.5,3448.0,3630.0,3615.5,3766.5,3743.5,3086.5,1568.0,1955.0,2560.5,2941.0,3095.0,3280.5,3148.0,3443.0,3683.0,3148.0,1446.0,1885.5,2491.0,2897.5,2911.0,3124.5,2936.0,3248.5,3073.0,2700.0,1149.0,1550.0,2070.0,2313.0,2488.0,2593.0,2778.0,2695.0,3734.0,3161.0,1470.0,1946.0,2458.0,2885.0,3066.0,3198.0,3071.0,3398.0,3443.0,2979.5,1404.0,1755.0,2334.5,2684.5,2878.0,3012.0,2857.5,3088.5,3457.5,2965.0,1367.5,1756.5,2360.0,2722.5,2871.5,3015.0,2862.5,3127.5,3162.0,2889.0,1380.0,1741.0,2339.0,2556.0,2661.0,2858.0,2837.0,2913.0,2941.5,2600.5,1316.5,1723.0,2148.0,2466.0,2573.0,2700.5,2659.5,2766.5,2985.0,2691.5,1347.5,1652.0,2109.0,2472.0,2667.0,2775.0,2684.0,2830.0,2895.5,2547.0,1228.0,1578.5,1960.5,2313.5,2613.5,2756.5,2674.0,2825.5,2800.0,2472.0,1315.0,1581.0,1910.0,2243.0,2609.0,2723.0,2823.0,2825.0,2240.0,1912.5,981.5,1292.0,1559.0,1877.5,2178.5,2258.0,2422.0,2410.5,2911.0,2441.0,1109.0,1618.0,1946.0,2311.0,2702.0,2947.0,2763.0,2827.0,2633.0,2186.0,936.5,1345.5,1748.0,1992.5,2420.5,2577.5,2585.0,2651.0,2652.0,2244.0,1104.0,1529.0,1867.0,2135.0,2540.0,2700.0,2628.0,2727.0,2736.0,2406.0,1039.0,1469.0,1821.0,2101.0,2394.0,2443.0,2490.0,2707.0,3150.0,2737.0,1235.5,1677.5,2084.0,2368.0,2676.0,2849.5,2995.5,2968.5,2982.5,2574.0,1111.0,1521.5,1901.5,2176.5,2571.5,2726.0,2903.0,2852.5,2976.0,2489.5,1039.0,1458.5,1863.5,2133.5,2501.0,2647.5,2858.0,2781.0,2732.0,2194.0,911.0,1364.0,1701.0,1940.0,2256.0,2449.0,2612.0,2565.0,2671.0,2300.0,1060.0,1424.0,1810.0,1999.0,2396.0,2729.0,2773.0,2846.0,2414.0,1932.0,1023.0,1337.0,1675.0,1971.0,2486.0,3020.0,2932.0,2939.0,2583.5,2184.0,1118.5,1505.5,1868.5,2061.0,2796.0,3095.0,3160.5,3155.5,2479.0,2099.0,1060.0,1371.0,1773.0,1935.0,2490.0,3081.0,2963.0,2977.0,2435.0,2067.0,1119.0,1467.5,1806.0,2051.5,2769.5,3186.0,3237.5,3347.5,2435.0,2057.0,1191.0,1475.0,1741.0,2032.0,2802.0,3336.0,3196.0,3376.0,2395.0,2025.0,1144.0,1449.0,1766.0,2068.0,2846.0,3315.0,3391.0,3359.0,"{""type"":""MultiPoint"",""coordinates"":[]}"
4842,69,1931.5,1486.5,633.5,797.5,762.0,1169.0,1799.5,1937.0,2123.5,2154.5,3191.0,2852.0,815.0,1159.0,1421.5,1745.0,2254.5,2484.5,2609.5,2717.5,3291.0,2817.0,826.0,1214.0,1432.0,1811.5,2398.0,2659.5,2761.0,2888.5,3043.0,2426.0,641.0,1105.0,1280.0,1783.0,2710.5,3025.0,3125.5,3216.0,3265.5,2550.5,821.5,1272.0,1401.0,1963.0,3153.5,3576.0,3737.5,3775.0,3174.5,2516.0,809.5,1261.0,1367.0,1961.0,3176.5,3613.0,3775.0,3829.5,3195.5,2560.0,827.0,1288.5,1415.0,2035.5,3187.5,3630.0,3783.5,3860.5,3274.5,2577.5,880.0,1328.0,1489.5,2107.0,3178.5,3607.0,3752.5,3847.0,3287.5,2619.5,858.5,1339.0,1522.0,2107.0,3103.0,3515.0,3612.5,3764.0,2506.0,1657.0,501.0,924.0,871.0,1570.5,3008.0,3476.5,3510.0,3713.0,2928.0,2227.0,674.0,1070.5,1162.0,1767.5,2900.5,3293.0,3437.0,3578.0,1817.0,1354.0,604.0,794.5,717.0,1167.5,1913.5,2047.0,2155.5,2238.0,3406.0,2903.5,813.5,1222.5,1442.0,1949.5,2787.0,3172.5,3288.5,3437.0,3273.5,2689.5,797.0,1219.5,1436.0,1948.5,2715.5,3084.0,3210.5,3388.0,3492.0,2837.0,841.5,1241.0,1469.5,1984.5,2736.5,3101.0,3213.0,3417.0,3490.0,2884.0,842.0,1244.5,1502.0,2075.5,2737.0,3047.5,3244.5,3417.0,3301.5,2830.0,814.5,1226.5,1495.5,2015.0,2573.0,2891.5,3107.0,3202.5,3086.5,2511.0,827.0,1207.0,1460.5,1988.5,2514.5,2845.0,2963.5,3137.0,2923.0,2323.5,875.5,1232.5,1500.5,2068.5,2530.0,2849.0,3126.0,3246.5,2968.0,2466.5,3118.5,3048.5,2886.0,2999.5,3119.0,3258.5,3612.5,3361.5,2873.5,2224.0,609.5,1017.5,1288.0,1902.0,2412.0,2744.0,2986.0,3131.5,2590.0,1947.0,599.0,1002.0,1239.0,1714.0,2195.0,2491.0,2655.0,2853.0,1707.0,1236.0,386.0,658.5,569.5,1118.0,2048.0,2248.0,2438.0,2392.5,2167.0,1544.0,424.0,722.5,892.5,1401.0,1773.5,2051.0,2187.0,2383.0,2004.0,1451.5,439.5,733.0,831.0,1274.0,1612.0,1822.5,1943.0,2086.5,2101.5,1647.0,487.0,705.0,804.0,1167.5,1545.0,1716.5,1839.0,1968.5,2101.5,1633.5,475.0,697.5,804.0,1167.5,1547.0,1728.0,1866.0,1980.0,1361.5,1021.5,455.5,605.0,605.0,882.5,1250.5,1318.0,1382.0,1483.0,0.0,0.0,0.0,0.0,0.0,0.0,0.0,0.0,0.0,0.0,1673.5,1265.0,466.5,700.0,631.5,1124.0,1997.5,2197.5,2312.0,2347.5,2002.5,1691.0,553.0,760.5,834.5,1212.0,1876.0,2104.5,2219.5,2252.5,2379.0,2054.0,582.0,884.5,1026.5,1437.5,2154.5,2405.0,2598.5,2596.0,0.0,0.0,0.0,0.0,0.0,0.0,0.0,0.0,0.0,0.0,3036.5,2636.5,799.0,1096.0,1490.0,1744.5,1968.0,2123.0,2336.0,2405.5,3036.5,2636.5,799.0,1096.0,1490.0,1744.5,1968.0,2123.0,2336.0,2405.5,2157.5,1645.5,558.0,833.0,1045.5,1318.0,1623.5,1819.5,1961.5,1948.0,"{""type"":""MultiPoint"",""coordinates"":[]}"
4843,228,2650.0,2063.5,2001.5,2090.5,1874.5,2257.0,4305.5,5367.0,5521.5,5393.0,1645.0,845.0,496.5,796.5,582.0,1170.5,3290.0,4402.0,4709.5,4704.0,1711.5,901.5,621.5,1009.0,737.5,1482.5,3700.0,4646.5,5063.0,4950.5,2198.5,1224.5,804.0,1299.5,1119.5,1994.5,3700.0,4606.5,4964.5,4935.5,4481.0,3640.5,1130.0,1609.5,2316.5,2715.5,2919.0,3172.0,3534.0,3573.0,4681.5,3759.0,1217.5,1778.0,2593.0,3014.0,3198.0,3419.5,3707.0,3809.0,3131.0,3000.5,1131.0,1452.5,1920.0,2088.5,2195.0,2299.5,2652.5,2450.0,4038.0,3602.5,1131.0,1526.5,2015.5,2276.5,2395.5,2556.0,2848.5,2812.5,4769.0,4657.0,1512.5,1936.0,2491.0,2752.0,2890.0,3066.5,3184.0,3274.0,4524.5,4126.5,1121.0,1639.5,2135.5,2545.5,2797.0,3059.0,3125.5,3288.5,4201.0,3575.5,935.5,1453.0,1873.0,2291.5,2797.0,3059.0,3125.5,3301.0,3865.0,3480.5,3729.5,3663.5,3510.0,3765.0,4987.5,5776.5,5919.5,5735.5,2317.5,1545.0,248.5,507.0,497.0,838.0,2218.0,2893.5,2981.0,3077.5,1520.0,807.5,133.5,324.0,178.0,454.5,2414.0,3657.0,3688.5,3800.5,1327.5,602.5,208.0,357.0,201.5,458.0,2414.0,3925.0,4056.0,4132.0,1327.5,642.0,268.5,401.0,306.0,526.0,2314.5,3743.0,3908.5,3966.5,1368.5,711.5,192.5,341.5,292.0,489.5,1930.5,2966.0,3191.5,3198.5,1368.5,712.0,232.0,360.0,288.0,497.0,1822.0,2744.5,2945.5,2961.5,1470.0,834.0,377.5,505.5,485.0,691.0,1856.0,2602.5,2759.0,2801.5,1853.0,1099.0,586.0,829.0,1064.0,1396.5,1847.0,2553.5,2743.0,2801.5,3346.0,3223.5,830.5,1158.0,1559.0,1739.5,1860.5,2004.0,2184.5,2202.0,3430.0,3285.5,951.5,1246.0,1654.0,1876.5,1982.0,2157.0,2346.0,2376.5,1555.0,705.5,200.5,433.0,189.0,718.5,3817.0,5454.0,5788.5,5657.5,3146.5,2828.0,881.5,1261.5,1564.5,1815.0,2393.5,2604.0,2669.0,2776.0,3519.0,3134.0,3460.5,3327.0,3137.5,3301.0,3662.0,3791.0,3999.0,3823.5,1717.5,862.0,373.5,761.5,403.0,1126.0,3339.0,3864.0,3964.0,3912.5,1714.5,848.0,354.5,747.5,392.0,1118.0,3316.0,3902.0,3961.0,3949.5,2609.0,1648.5,3270.0,3225.0,3194.5,3466.0,3557.0,3616.0,3707.5,3618.5,0.0,0.0,0.0,0.0,0.0,0.0,0.0,0.0,0.0,0.0,1570.5,693.0,164.0,410.5,146.5,706.0,3937.5,5856.5,6021.5,6040.0,1621.5,708.5,89.5,330.0,72.0,596.0,3908.5,5901.0,6007.5,6086.5,1902.0,907.0,240.5,538.0,252.5,845.5,4097.0,5902.0,6411.0,6143.5,1943.5,972.0,378.0,626.5,334.5,907.5,4092.5,5965.0,6434.0,6244.5,1737.5,865.0,327.0,555.5,285.5,843.0,3845.0,5630.0,5991.0,5940.0,1504.5,710.0,280.5,529.5,299.0,841.5,3729.0,5309.5,5655.5,5629.5,1473.0,684.0,313.5,536.5,336.5,857.5,3443.0,4939.5,5324.5,5265.0,"{""type"":""MultiPoint"",""coordinates"":[]}"
4907,75,2126.0,1687.5,465.0,594.5,763.0,1024.5,1160.0,1280.0,1412.5,1477.0,3377.0,2423.5,744.5,1219.0,1630.0,2085.0,2933.5,3283.0,3520.0,3534.0,3379.0,2422.0,765.5,1216.0,1624.5,2093.5,2916.5,3257.0,3557.0,3524.0,3494.5,2600.0,884.0,1323.5,1717.5,2149.0,2975.5,3310.5,3598.5,3574.5,3667.5,2715.5,904.5,1372.0,1808.5,2358.5,3107.5,3408.0,3679.0,3758.5,3680.5,2824.5,980.0,1420.0,1797.0,2358.5,3116.0,3414.0,3719.5,3736.5,3706.5,2831.0,963.0,1442.0,1853.0,2368.5,3140.5,3467.0,3675.0,3736.0,3808.0,2846.5,983.0,1543.0,1977.5,2430.0,3169.0,3480.0,3759.0,3811.5,3847.5,2921.0,979.0,1523.0,2002.0,2484.0,3191.5,3524.5,3673.0,3817.0,3851.0,2905.0,991.0,1456.0,1922.0,2509.0,3174.5,3473.5,3609.0,3789.5,3816.5,2861.5,997.0,1440.0,1929.5,2453.5,3099.0,3442.5,3593.0,3757.0,2655.5,2213.5,633.5,850.5,1040.0,1309.5,1481.5,1600.0,1729.5,1849.5,3908.5,2958.0,993.5,1424.0,1917.5,2475.5,3134.5,3492.0,3593.0,3854.5,3866.0,2947.5,904.5,1430.0,1819.0,2452.0,3091.0,3377.5,3570.5,3716.5,3836.0,2823.0,1021.5,1472.0,1847.0,2439.0,3039.0,3328.5,3518.0,3579.0,3699.0,2765.0,1089.5,1501.0,1946.0,2415.0,2926.5,3242.5,3421.5,3535.5,3674.0,2802.5,1023.5,1455.0,1939.5,2355.0,2883.0,3186.5,3397.5,3481.5,3663.0,2802.5,962.5,1356.0,1815.5,2320.5,2842.5,3155.5,3351.5,3440.5,3680.5,2783.0,923.0,1353.5,1799.5,2334.5,2814.5,3113.5,3323.0,3443.0,3629.5,2709.0,931.5,1349.0,1797.0,2319.0,2745.5,3097.5,3325.5,3323.0,3433.0,2635.0,846.0,1270.5,1728.0,2179.0,2618.0,2902.0,3090.5,3173.0,2587.5,1903.0,600.5,878.0,1196.5,1623.0,2002.5,2214.5,2408.0,2450.5,2462.5,1999.0,418.5,668.5,873.5,1147.5,1327.5,1487.0,1631.5,1702.0,2805.5,2098.0,541.0,850.5,1076.0,1558.0,1977.5,2224.0,2290.5,2435.5,2850.0,2059.5,1191.0,1341.0,1468.5,1883.5,2251.0,2413.0,2549.0,2680.0,4331.5,3642.5,2861.0,3014.5,3108.0,3494.0,3763.0,3885.5,4083.5,4055.0,2837.5,2161.0,684.5,1008.0,1146.0,1645.5,2108.5,2297.5,2442.5,2517.0,2341.5,1335.0,2531.5,2574.5,2503.0,2853.0,3157.0,3234.0,3329.0,3371.0,0.0,0.0,0.0,0.0,0.0,0.0,0.0,0.0,0.0,0.0,2683.5,2111.0,443.0,712.0,1004.5,1353.0,1599.5,1750.0,1883.0,1967.0,2278.0,1838.0,406.5,627.5,896.0,1234.0,1475.0,1637.5,1700.5,1871.5,2339.0,1804.0,583.0,811.5,1070.0,1437.0,1789.0,1924.5,2014.0,2156.0,2283.5,1506.0,608.0,832.0,1003.0,1530.5,2175.0,2415.5,2529.5,2617.0,2303.5,1557.0,583.5,856.5,941.5,1492.0,2316.5,2553.5,2675.0,2763.0,2649.5,1787.5,562.0,908.0,973.5,1622.0,2706.0,3028.5,3218.5,3277.0,2820.5,1953.0,596.0,1020.5,1151.0,1746.5,2761.0,3097.5,3365.0,3356.5,"{""type"":""MultiPoint"",""coordinates"":[]}"
4927,54,2639.5,2386.0,458.5,760.5,1062.0,1211.0,1242.5,1338.0,1470.0,1470.0,3563.5,3328.0,875.5,1250.5,1649.0,1806.0,1843.5,1984.0,2179.0,2146.0,3598.0,3354.0,865.0,1231.5,1624.0,1796.5,1861.5,1993.5,2143.0,2161.5,3615.5,3317.0,892.5,1267.5,1649.0,1832.0,1917.0,2065.0,2230.5,2250.0,3621.0,3328.0,869.5,1240.5,1610.5,1799.5,1977.0,2141.5,2286.0,2315.0,3501.0,3074.0,883.0,1252.0,1539.0,1808.0,2376.0,2614.0,2708.0,2761.0,3005.0,2368.5,687.0,1053.5,1141.0,1536.0,2941.5,3436.0,3538.5,3532.0,2471.5,1704.0,508.5,828.5,763.0,1245.0,3560.0,4401.5,4432.5,4531.5,2057.0,1091.5,317.5,637.0,410.0,999.5,4240.0,5493.0,5418.0,5529.5,1853.0,890.5,244.5,579.0,314.5,1013.0,4435.5,5805.5,6069.5,6037.0,1951.5,997.5,311.0,660.0,382.0,1084.5,4283.5,5371.0,5511.0,5671.0,2809.0,2565.0,554.0,878.5,1180.5,1318.5,1406.0,1494.5,1653.0,1605.5,1990.0,1165.0,438.0,797.0,553.0,1196.0,3784.0,4801.5,5027.0,5011.5,2091.0,1194.0,1346.5,1586.5,1347.0,1911.0,3612.0,4242.0,4501.0,4627.5,2233.0,1385.5,1285.5,1472.5,1444.0,1931.5,2862.5,3279.5,3369.0,3635.5,2227.5,1489.0,781.0,1067.0,1131.0,1672.5,2752.0,3205.0,3410.5,3558.0,2283.5,1616.5,436.5,775.5,1011.5,1508.0,2379.5,2801.5,3096.5,3190.5,3396.0,2920.0,667.5,949.5,1331.0,1534.0,1634.0,1777.5,1976.5,2042.5,3793.5,3492.5,831.5,1245.0,1699.0,1893.0,1938.5,2073.5,2234.0,2283.0,3719.5,3549.0,886.0,1245.5,1668.0,1832.5,1892.0,2070.0,2197.5,2241.0,3457.5,3154.5,814.0,1189.5,1602.5,1746.0,1840.5,1938.5,2179.0,2128.5,0.0,0.0,0.0,0.0,0.0,0.0,0.0,0.0,0.0,0.0,0.0,0.0,0.0,0.0,0.0,0.0,0.0,0.0,0.0,0.0,0.0,0.0,0.0,0.0,0.0,0.0,0.0,0.0,0.0,0.0,1501.5,1095.5,773.5,814.5,777.0,963.5,1019.5,1089.0,1087.0,1144.5,2625.5,2086.5,570.5,918.5,940.0,1430.5,1746.5,1851.0,2002.0,2003.0,0.0,0.0,0.0,0.0,0.0,0.0,0.0,0.0,0.0,0.0,3159.5,2760.5,631.5,1027.5,1127.5,1533.0,1849.5,1953.5,2176.0,2109.5,0.0,0.0,0.0,0.0,0.0,0.0,0.0,0.0,0.0,0.0,1619.0,1304.5,644.0,787.0,896.5,1034.5,1138.5,1210.0,1263.5,1282.5,2553.5,2171.0,572.5,838.0,1068.0,1243.5,1408.5,1485.5,1609.5,1621.5,3862.5,3478.0,939.0,1425.5,1782.0,2074.0,2358.5,2493.5,2683.0,2662.0,0.0,0.0,0.0,0.0,0.0,0.0,0.0,0.0,0.0,0.0,2576.5,2196.5,618.0,832.5,1096.0,1192.5,1229.5,1313.0,1521.5,1446.0,3070.5,2832.5,722.0,1013.5,1358.0,1486.5,1527.0,1642.5,1834.5,1777.5,0.0,0.0,0.0,0.0,0.0,0.0,0.0,0.0,0.0,0.0,"{""type"":""MultiPoint"",""coordinates"":[]}"
4979,121,2516.5,2330.0,721.0,901.5,1136.0,1375.0,1453.0,1539.0,1678.0,1743.5,3376.5,2938.5,1001.0,1394.5,1602.0,2045.0,2639.5,2854.0,3045.5,3059.0,3283.0,2808.0,966.0,1335.0,1507.0,1958.0,2694.0,2990.0,3141.5,3181.0,3052.5,2476.5,856.5,1218.5,1362.0,1850.5,2871.0,3206.0,3397.5,3392.0,2864.5,2173.0,776.0,1168.5,1166.0,1838.0,3185.5,3666.0,3831.5,3797.0,2777.0,1993.0,733.0,1121.5,1016.5,1818.0,3435.5,4024.5,4166.0,4119.5,2748.0,1941.5,715.5,1121.5,978.0,1779.5,3498.0,4178.0,4391.5,4341.5,2854.5,2196.0,881.0,1266.0,1352.5,1912.5,3221.0,3747.0,3953.5,3989.5,2673.5,1808.5,579.0,938.0,828.0,1611.0,3321.0,3962.0,4169.0,4227.5,2530.5,1667.5,515.0,870.0,742.0,1541.0,3201.5,3895.5,4118.0,4197.5,2476.0,1612.0,496.0,846.5,700.5,1464.0,3067.5,3770.0,3987.5,4092.0,3039.0,2979.0,913.5,1160.5,1430.0,1605.0,1738.5,1909.0,2061.5,2087.0,2531.5,1726.5,591.0,939.5,902.5,1510.0,3186.5,3824.0,3867.5,3986.5,2624.5,1853.0,588.0,960.5,955.0,1581.5,3132.5,3727.0,3827.0,3906.5,2634.0,1718.0,755.5,1128.0,1283.5,1797.0,3259.5,3874.5,4056.5,4099.0,2595.0,1752.0,815.0,1140.0,1338.5,1785.5,2999.5,3606.0,3958.0,3923.5,2520.5,1806.0,702.0,1003.0,1047.5,1626.5,2818.0,3361.0,3579.0,3658.0,2443.5,1723.0,653.5,972.0,1030.0,1590.5,2769.5,3193.0,3454.5,3504.0,2404.0,1729.0,710.5,995.0,1061.5,1588.5,2609.5,3020.0,3243.0,3306.5,2370.5,1631.5,753.5,1076.0,1204.0,1693.5,2738.5,3257.5,3560.0,3610.5,2304.0,1612.0,579.5,954.5,970.0,1734.5,2845.5,3276.0,3548.0,3580.5,2466.0,1701.0,662.0,1040.5,1244.0,2000.5,2757.0,3098.5,3360.5,3476.5,2727.5,2517.0,759.5,1009.0,1284.5,1482.0,1599.5,1728.0,1903.0,1946.5,2998.0,2129.5,552.0,910.5,1371.5,1967.0,2269.5,2525.5,2755.0,2946.5,2971.0,2326.5,796.0,1073.0,1349.5,1741.0,2005.0,2299.5,2489.5,2650.0,2697.5,2340.0,625.0,789.5,1034.0,1330.0,1460.0,1593.5,1777.5,1908.0,2717.0,2298.5,656.5,833.5,1093.0,1426.5,1587.5,1659.0,1840.5,1974.0,2837.0,1905.5,2780.5,2769.5,2718.0,3008.5,3114.5,3162.5,3348.5,3256.0,0.0,0.0,0.0,0.0,0.0,0.0,0.0,0.0,0.0,0.0,3315.5,3086.5,964.0,1268.0,1597.5,1842.0,1970.5,2094.0,2276.5,2342.0,3535.0,3268.0,1160.0,1433.5,1745.0,2044.0,2132.5,2256.5,2484.0,2429.0,3556.0,3212.0,1218.0,1526.5,1839.5,2135.5,2274.0,2367.0,2646.5,2578.0,2648.5,2322.5,869.0,1050.5,1314.5,1508.5,1663.0,1772.0,1875.0,1897.0,3042.5,2777.0,953.5,1184.0,1497.0,1718.5,1849.5,2009.5,2119.0,2176.0,3809.5,3582.5,1163.5,1468.5,1850.5,2167.5,2286.5,2461.0,2620.0,2695.5,3718.0,3527.5,1190.0,1543.0,1910.5,2207.0,2351.5,2498.0,2673.5,2671.0,"{""type"":""MultiPoint"",""coordinates"":[]}"
