system:index,cropland,d0_B11,d0_B12,d0_B2,d0_B3,d0_B4,d0_B5,d0_B6,d0_B7,d0_B8,d0_B8A,d10_B11,d10_B12,d10_B2,d10_B3,d10_B4,d10_B5,d10_B6,d10_B7,d10_B8,d10_B8A,d11_B11,d11_B12,d11_B2,d11_B3,d11_B4,d11_B5,d11_B6,d11_B7,d11_B8,d11_B8A,d12_B11,d12_B12,d12_B2,d12_B3,d12_B4,d12_B5,d12_B6,d12_B7,d12_B8,d12_B8A,d13_B11,d13_B12,d13_B2,d13_B3,d13_B4,d13_B5,d13_B6,d13_B7,d13_B8,d13_B8A,d14_B11,d14_B12,d14_B2,d14_B3,d14_B4,d14_B5,d14_B6,d14_B7,d14_B8,d14_B8A,d15_B11,d15_B12,d15_B2,d15_B3,d15_B4,d15_B5,d15_B6,d15_B7,d15_B8,d15_B8A,d16_B11,d16_B12,d16_B2,d16_B3,d16_B4,d16_B5,d16_B6,d16_B7,d16_B8,d16_B8A,d17_B11,d17_B12,d17_B2,d17_B3,d17_B4,d17_B5,d17_B6,d17_B7,d17_B8,d17_B8A,d18_B11,d18_B12,d18_B2,d18_B3,d18_B4,d18_B5,d18_B6,d18_B7,d18_B8,d18_B8A,d19_B11,d19_B12,d19_B2,d19_B3,d19_B4,d19_B5,d19_B6,d19_B7,d19_B8,d19_B8A,d1_B11,d1_B12,d1_B2,d1_B3,d1_B4,d1_B5,d1_B6,d1_B7,d1_B8,d1_B8A,d20_B11,d20_B12,d20_B2,d20_B3,d20_B4,d20_B5,d20_B6,d20_B7,d20_B8,d20_B8A,d21_B11,d21_B12,d21_B2,d21_B3,d21_B4,d21_B5,d21_B6,d21_B7,d21_B8,d21_B8A,d22_B11,d22_B12,d22_B2,d22_B3,d22_B4,d22_B5,d22_B6,d22_B7,d22_B8,d22_B8A,d23_B11,d23_B12,d23_B2,d23_B3,d23_B4,d23_B5,d23_B6,d23_B7,d23_B8,d23_B8A,d24_B11,d24_B12,d24_B2,d24_B3,d24_B4,d24_B5,d24_B6,d24_B7,d24_B8,d24_B8A,d25_B11,d25_B12,d25_B2,d25_B3,d25_B4,d25_B5,d25_B6,d25_B7,d25_B8,d25_B8A,d26_B11,d26_B12,d26_B2,d26_B3,d26_B4,d26_B5,d26_B6,d26_B7,d26_B8,d26_B8A,d27_B11,d27_B12,d27_B2,d27_B3,d27_B4,d27_B5,d27_B6,d27_B7,d27_B8,d27_B8A,d28_B11,d28_B12,d28_B2,d28_B3,d28_B4,d28_B5,d28_B6,d28_B7,d28_B8,d28_B8A,d29_B11,d29_B12,d29_B2,d29_B3,d29_B4,d29_B5,d29_B6,d29_B7,d29_B8,d29_B8A,d2_B11,d2_B12,d2_B2,d2_B3,d2_B4,d2_B5,d2_B6,d2_B7,d2_B8,d2_B8A,d30_B11,d30_B12,d30_B2,d30_B3,d30_B4,d30_B5,d30_B6,d30_B7,d30_B8,d30_B8A,d31_B11,d31_B12,d31_B2,d31_B3,d31_B4,d31_B5,d31_B6,d31_B7,d31_B8,d31_B8A,d32_B11,d32_B12,d32_B2,d32_B3,d32_B4,d32_B5,d32_B6,d32_B7,d32_B8,d32_B8A,d33_B11,d33_B12,d33_B2,d33_B3,d33_B4,d33_B5,d33_B6,d33_B7,d33_B8,d33_B8A,d34_B11,d34_B12,d34_B2,d34_B3,d34_B4,d34_B5,d34_B6,d34_B7,d34_B8,d34_B8A,d35_B11,d35_B12,d35_B2,d35_B3,d35_B4,d35_B5,d35_B6,d35_B7,d35_B8,d35_B8A,d3_B11,d3_B12,d3_B2,d3_B3,d3_B4,d3_B5,d3_B6,d3_B7,d3_B8,d3_B8A,d4_B11,d4_B12,d4_B2,d4_B3,d4_B4,d4_B5,d4_B6,d4_B7,d4_B8,d4_B8A,d5_B11,d5_B12,d5_B2,d5_B3,d5_B4,d5_B5,d5_B6,d5_B7,d5_B8,d5_B8A,d6_B11,d6_B12,d6_B2,d6_B3,d6_B4,d6_B5,d6_B6,d6_B7,d6_B8,d6_B8A,d7_B11,d7_B12,d7_B2,d7_B3,d7_B4,d7_B5,d7_B6,d7_B7,d7_B8,d7_B8A,d8_B11,d8_B12,d8_B2,d8_B3,d8_B4,d8_B5,d8_B6,d8_B7,d8_B8,d8_B8A,d9_B11,d9_B12,d9_B2,d9_B3,d9_B4,d9_B5,d9_B6,d9_B7,d9_B8,d9_B8A,.geo
12,2,2431.5,2064.0,671.5,858.5,1216.0,1288.0,1462.5,1483.5,1774.0,1738.0,3748.5,3230.0,1036.5,1414.0,1750.5,2187.0,2562.5,2753.0,2911.0,2965.5,2668.5,2119.5,726.5,944.5,1224.5,1462.0,1645.5,1758.5,1940.0,1960.0,3800.0,3060.5,2504.5,2568.5,2716.5,3002.0,3097.0,3217.5,3308.0,3301.0,0.0,0.0,0.0,0.0,0.0,0.0,0.0,0.0,0.0,0.0,5054.0,4600.0,1464.0,1868.0,2458.5,2825.0,2938.0,3143.0,3339.0,3474.5,0.0,0.0,0.0,0.0,0.0,0.0,0.0,0.0,0.0,0.0,0.0,0.0,0.0,0.0,0.0,0.0,0.0,0.0,0.0,0.0,0.0,0.0,0.0,0.0,0.0,0.0,0.0,0.0,0.0,0.0,4292.0,3624.0,978.5,1295.0,1507.0,2139.5,3131.5,3498.5,3655.5,3744.5,3809.5,2982.5,821.0,1090.5,1121.0,1658.5,3523.5,4283.5,4215.0,4425.0,3642.5,3484.5,1104.5,1387.5,1852.0,2073.5,2181.5,2299.0,2627.0,2499.5,2842.5,1580.0,549.0,783.5,608.0,1252.0,3745.0,4773.0,4770.0,4869.5,2671.5,1525.0,545.5,779.0,507.5,1266.5,4028.0,5074.5,5180.5,5169.5,0.0,0.0,0.0,0.0,0.0,0.0,0.0,0.0,0.0,0.0,2737.0,1501.0,526.5,755.0,528.0,1363.5,4321.5,5385.5,5304.0,5697.0,2422.5,1271.5,413.5,632.5,470.5,1229.5,3470.5,4250.5,4469.5,4545.0,0.0,0.0,0.0,0.0,0.0,0.0,0.0,0.0,0.0,0.0,2399.5,1359.5,563.0,675.5,614.5,1238.5,3015.5,3516.5,3863.0,3910.5,2375.0,1326.5,624.0,731.5,670.0,1235.0,2511.0,2931.0,3040.0,3333.5,3019.5,2163.0,793.0,925.0,1129.0,1522.5,1820.5,2038.0,2353.0,2445.5,3056.0,2363.5,849.5,960.0,1179.0,1480.5,1719.5,1956.5,2158.5,2323.5,0.0,0.0,0.0,0.0,0.0,0.0,0.0,0.0,0.0,0.0,3242.0,2400.5,540.0,711.5,986.5,1252.0,1426.0,1704.5,1953.0,2115.0,0.0,0.0,0.0,0.0,0.0,0.0,0.0,0.0,0.0,0.0,2573.5,1711.0,280.5,460.0,660.0,917.0,1140.5,1299.0,1615.0,1710.0,2395.5,1542.0,331.0,492.0,687.5,980.5,1232.5,1381.5,1664.5,1774.0,0.0,0.0,0.0,0.0,0.0,0.0,0.0,0.0,0.0,0.0,2495.5,1736.0,434.0,536.5,692.0,945.0,1305.0,1492.5,1730.0,1801.0,0.0,0.0,0.0,0.0,0.0,0.0,0.0,0.0,0.0,0.0,1036.5,1067.5,7947.5,7940.0,8216.5,8534.0,8369.0,8184.5,8563.0,8149.5,2370.0,1949.5,771.5,912.5,1186.5,1359.0,1455.0,1531.5,1732.0,1737.0,3171.0,2861.0,917.5,1189.5,1591.0,1762.0,1916.0,2026.0,2347.0,2305.0,0.0,0.0,0.0,0.0,0.0,0.0,0.0,0.0,0.0,0.0,2547.5,2038.5,681.5,923.5,1231.5,1466.0,1708.0,1802.0,2017.5,1928.5,2426.0,2147.5,800.5,983.0,1150.0,1410.5,1638.5,1739.5,1861.0,1863.5,"{""type"":""MultiPoint"",""coordinates"":[]}"
41,5,29.0,44.0,634.0,870.0,915.0,975.0,674.0,664.0,622.0,495.0,3713.0,3264.5,747.5,1068.5,1378.0,1699.0,1832.0,1950.0,2081.5,2196.5,1188.0,762.0,505.0,595.0,790.0,883.0,943.0,1023.0,1121.0,1135.0,2751.5,2589.5,669.0,877.5,1152.5,1335.0,1427.0,1536.5,1661.5,1701.5,1814.0,1471.0,369.0,515.0,720.0,810.0,892.0,975.0,1063.0,1087.0,3140.0,3020.0,3004.0,2790.5,2598.0,2822.0,2840.5,2955.0,3335.0,3010.5,0.0,0.0,0.0,0.0,0.0,0.0,0.0,0.0,0.0,0.0,3219.0,2771.5,1398.5,1613.0,1669.0,2095.5,2712.0,3027.0,2827.0,3127.5,2108.5,1563.0,420.5,619.0,638.5,958.0,1814.5,2104.0,2117.5,2222.0,2442.0,1608.5,523.5,755.5,644.0,1157.0,2980.0,3502.5,3231.0,3634.5,1547.0,836.0,335.0,439.0,339.0,665.0,1920.0,2709.0,2351.0,2751.0,56.0,51.0,402.0,560.0,637.0,757.0,675.0,728.0,745.0,676.0,1924.5,854.5,289.5,467.5,258.5,749.0,3461.0,4665.5,4563.0,4885.5,0.0,0.0,0.0,0.0,0.0,0.0,0.0,0.0,0.0,0.0,1975.0,806.0,288.0,447.0,209.0,672.0,3763.0,5232.0,5067.0,5446.0,1994.5,841.0,381.5,565.5,337.0,786.5,3649.5,4782.5,4627.0,5099.5,1800.0,781.0,256.0,571.0,271.0,891.0,3638.0,4497.0,4708.0,4742.0,1804.5,848.5,372.5,814.0,503.5,1467.5,3460.0,4077.5,4085.0,4335.5,2181.5,1449.0,437.0,749.5,818.5,1433.5,1821.0,2051.0,2221.5,2391.0,2810.0,2128.5,1994.0,1989.5,2083.0,2329.5,2348.5,2360.5,2447.5,2502.5,2290.0,1947.0,480.0,628.0,874.0,1028.0,1150.0,1241.0,1309.0,1417.0,1356.0,1098.0,271.0,370.0,513.0,576.0,622.0,694.0,750.0,771.0,1426.5,1171.5,1534.5,1542.0,1591.0,1740.0,1701.5,1751.0,1824.5,1741.5,1788.0,1582.0,398.0,536.0,728.0,822.0,880.0,945.0,1047.0,1066.0,1679.0,1553.0,418.0,505.0,696.0,773.0,821.0,912.0,961.0,988.0,916.5,727.0,286.5,447.0,661.0,740.0,760.5,821.5,879.0,856.0,558.0,387.0,396.0,527.0,695.0,828.0,806.0,901.0,896.0,920.0,0.0,0.0,0.0,0.0,0.0,0.0,0.0,0.0,0.0,0.0,65.0,45.0,745.0,973.0,1172.0,1285.0,1103.0,1189.0,1141.0,980.0,0.0,0.0,0.0,0.0,0.0,0.0,0.0,0.0,0.0,0.0,160.0,192.0,10516.0,10412.0,10354.0,10491.0,10046.0,9494.0,9766.0,9009.0,109.0,108.0,3114.0,3403.0,3446.0,3710.0,3303.0,3118.0,3073.0,2701.0,78.0,60.0,227.0,330.0,390.5,513.0,392.0,432.0,416.0,333.0,2768.0,2097.0,612.0,865.0,1096.0,1333.0,1470.0,1564.0,1773.0,1768.0,2327.0,1697.0,498.0,704.0,921.0,1139.0,1247.0,1379.0,1535.0,1526.0,1120.0,673.0,473.0,620.0,789.0,950.0,1013.0,1145.0,1225.0,1228.0,"{""type"":""MultiPoint"",""coordinates"":[]}"
160,1,2798.0,2389.0,706.0,981.0,1426.0,1568.0,1732.0,1826.0,2058.0,1980.0,4043.0,3800.0,977.0,1340.0,1809.0,2151.0,2396.0,2555.0,2723.0,2758.0,3167.5,2742.5,839.0,1130.5,1574.0,1828.0,1925.0,2061.5,2192.0,2236.5,3862.0,3085.0,2505.0,2607.0,2812.0,3183.0,3165.0,3340.0,3482.0,3430.0,0.0,0.0,0.0,0.0,0.0,0.0,0.0,0.0,0.0,0.0,4250.0,3685.0,1446.5,1723.5,2026.0,2536.5,3172.0,3459.0,3557.5,3665.5,0.0,0.0,0.0,0.0,0.0,0.0,0.0,0.0,0.0,0.0,2856.0,2094.0,616.0,864.0,844.0,1223.0,2835.0,3835.0,3998.0,4018.0,2025.0,960.0,319.0,529.0,305.0,718.0,3354.0,5094.0,4989.0,5260.0,1831.5,755.5,291.0,466.0,213.5,618.5,3245.5,4995.5,5017.5,5243.0,1835.0,759.0,376.0,532.0,315.0,668.0,3005.0,4724.0,4781.0,4883.0,4453.0,4507.0,1342.0,1742.0,2349.0,2577.0,2740.0,2836.0,3223.0,3035.0,3049.0,1839.0,2643.0,2408.0,1917.0,2321.0,4017.0,5275.0,5383.0,5390.0,1712.0,775.0,459.0,587.0,376.0,753.0,2661.0,3769.0,3782.0,3924.0,0.0,0.0,0.0,0.0,0.0,0.0,0.0,0.0,0.0,0.0,2474.0,1724.0,412.0,553.0,694.0,1022.0,1396.5,1632.5,1674.5,1927.5,2435.5,1802.5,347.0,475.0,699.5,919.5,1068.0,1220.5,1376.0,1478.5,0.0,0.0,0.0,0.0,0.0,0.0,0.0,0.0,0.0,0.0,4436.0,3664.0,1060.5,1421.5,1990.0,2356.5,2531.5,2740.0,2931.5,3046.0,4078.0,3157.0,882.0,1238.0,1631.0,2071.0,2283.0,2477.0,2510.0,2777.0,4239.5,3510.0,879.5,1232.0,1631.5,2050.5,2299.0,2523.0,2778.5,2815.5,4428.0,3668.0,927.0,1267.0,1620.0,2097.0,2451.0,2689.0,2925.0,2986.0,0.0,0.0,0.0,0.0,0.0,0.0,0.0,0.0,0.0,0.0,4037.0,3212.0,838.0,1186.0,1616.0,2038.0,2286.0,2505.0,2801.0,2839.0,436.0,312.0,415.0,351.0,352.0,372.0,401.0,421.0,467.0,451.0,3383.0,2517.0,724.0,1036.0,1481.0,1795.0,1993.0,2187.0,2434.0,2461.0,3130.0,2269.0,692.0,1001.0,1408.0,1706.0,1935.0,2073.0,2379.0,2385.0,0.0,0.0,0.0,0.0,0.0,0.0,0.0,0.0,0.0,0.0,3275.0,2525.0,755.0,1037.0,1375.0,1680.0,1980.0,2140.0,2427.0,2398.0,0.0,0.0,0.0,0.0,0.0,0.0,0.0,0.0,0.0,0.0,1147.0,1230.0,10434.0,10132.0,10164.0,10377.0,10014.0,9743.0,10030.0,9323.0,2612.0,2119.0,619.0,839.0,1235.0,1422.0,1489.0,1654.0,1786.0,1803.0,3502.0,3120.0,872.0,1215.0,1716.0,1889.0,2007.0,2122.0,2446.0,2375.0,3627.0,3174.0,967.0,1316.0,1752.0,1965.0,2169.0,2411.0,2581.0,2518.0,3108.0,2591.0,852.0,1118.0,1449.0,1801.0,1952.0,2097.0,2342.0,2355.0,4027.5,3448.5,1281.5,1665.5,1959.5,2487.0,2906.5,3118.0,3279.5,3330.0,"{""type"":""MultiPoint"",""coordinates"":[]}"
179,5,1188.5,762.5,393.5,565.5,767.0,944.0,1212.0,1308.0,1463.5,1456.0,4213.5,4001.5,1335.0,1711.0,2198.0,2333.5,2545.0,2728.0,2914.5,2943.0,2038.0,1444.5,577.5,735.5,942.0,1080.0,1169.5,1289.5,1378.0,1476.0,2390.5,1744.5,794.5,976.0,1227.0,1389.0,1490.5,1655.0,1752.5,1815.5,0.0,0.0,0.0,0.0,0.0,0.0,0.0,0.0,0.0,0.0,4082.5,3495.0,1654.0,1940.5,2194.5,2576.5,2891.5,3105.5,3215.0,3351.5,0.0,0.0,0.0,0.0,0.0,0.0,0.0,0.0,0.0,0.0,4548.5,4054.0,1292.0,1743.0,1908.0,2392.0,3042.0,3457.5,3700.5,3708.5,3092.0,2322.5,943.0,1271.5,1340.0,1751.5,2758.0,3162.5,3301.5,3454.0,3768.5,2944.5,803.0,1165.5,1179.0,1783.5,3510.5,4072.0,4276.5,4290.5,0.0,0.0,0.0,0.0,0.0,0.0,0.0,0.0,0.0,0.0,2706.5,2108.0,770.5,1044.0,1345.0,1607.0,2026.0,2191.5,2454.0,2440.5,1284.0,748.0,768.5,652.5,426.0,680.5,1734.0,2294.5,2530.5,2177.5,2640.0,1619.5,545.5,708.5,495.5,1084.5,3641.0,5226.0,5242.0,5387.0,0.0,0.0,0.0,0.0,0.0,0.0,0.0,0.0,0.0,0.0,2406.5,1326.5,413.0,595.0,428.5,965.0,3673.5,5145.5,5051.0,5317.0,2261.0,1170.5,349.0,576.5,345.0,997.5,3618.5,4628.0,4977.0,4926.0,0.0,0.0,0.0,0.0,0.0,0.0,0.0,0.0,0.0,0.0,2690.0,1727.5,540.0,934.5,983.0,1729.5,2563.0,3011.5,3129.5,3382.0,4858.0,4586.0,3292.5,3256.0,3446.0,4111.0,4155.0,4357.5,3784.5,4513.0,3685.5,2895.5,921.0,1209.0,1713.5,1942.0,2115.0,2262.0,2478.5,2548.0,3161.0,3020.0,765.5,980.5,1335.5,1508.0,1639.0,1754.0,1891.0,1994.5,0.0,0.0,0.0,0.0,0.0,0.0,0.0,0.0,0.0,0.0,3385.0,3032.0,872.5,1139.5,1518.5,1656.5,1824.0,1967.0,2099.5,2172.0,0.0,0.0,0.0,0.0,0.0,0.0,0.0,0.0,0.0,0.0,1970.5,1326.0,443.5,647.5,910.0,1140.5,1420.5,1544.0,1585.0,1671.5,2819.0,2100.0,759.0,1013.0,1304.5,1537.5,1659.5,1904.0,1969.5,2111.5,0.0,0.0,0.0,0.0,0.0,0.0,0.0,0.0,0.0,0.0,2147.5,1497.0,548.0,759.0,915.5,1203.0,1563.0,1709.0,1798.0,1906.5,0.0,0.0,0.0,0.0,0.0,0.0,0.0,0.0,0.0,0.0,1101.0,1160.0,10859.5,10482.0,10402.5,10516.5,10173.5,9813.0,10242.5,9490.5,3114.5,2485.5,3485.0,3196.5,3090.0,3194.5,3152.0,3228.0,3454.0,3322.0,2660.0,1991.0,733.0,1018.5,1282.0,1632.5,1927.5,2161.5,2291.0,2367.0,2896.5,2333.0,903.5,1192.5,1495.0,1750.0,1921.5,2063.0,2255.5,2281.5,2294.5,1645.0,631.0,882.5,1149.0,1389.0,1616.0,1723.5,1905.0,1964.0,3791.5,3310.5,1268.5,1570.0,1974.0,2244.5,2388.0,2548.0,2684.5,2804.0,"{""type"":""MultiPoint"",""coordinates"":[]}"
196,1,2234.0,2038.0,765.0,981.0,1384.0,1632.0,1704.0,1896.0,2170.0,2102.0,4625.5,4263.0,1241.0,1654.5,2230.0,2564.5,2687.5,2879.0,3033.5,3172.0,2787.0,1976.0,842.0,1087.0,1495.0,1730.0,1834.0,2012.0,2185.0,2249.0,4856.0,4459.0,1473.0,1973.5,2446.5,2939.5,3174.0,3383.5,3552.5,3655.5,3164.0,2403.0,786.0,1131.0,1475.0,1807.0,2045.0,2227.0,2401.0,2466.0,5812.0,4882.0,1586.0,2146.0,2484.0,3222.0,4351.0,4842.0,4945.0,5103.0,0.0,0.0,0.0,0.0,0.0,0.0,0.0,0.0,0.0,0.0,2354.5,1052.0,388.0,634.0,336.5,776.5,3986.0,5766.0,5574.5,5971.5,1704.5,707.0,246.5,424.5,227.5,539.5,3063.0,4957.0,4976.0,5182.5,1891.0,850.0,261.0,469.0,265.0,619.5,3066.0,4685.5,4712.0,4956.5,1393.5,630.5,330.5,429.5,249.5,514.5,2284.5,3597.5,3514.0,3779.5,3691.0,3029.0,897.0,1184.0,1660.0,1908.0,2035.0,2204.0,2517.0,2469.0,1741.0,778.0,264.0,442.0,262.0,641.0,2774.0,4214.0,4152.0,4554.0,1928.0,1562.0,1757.0,1712.5,1453.0,1800.5,2815.0,3352.0,3328.5,3435.5,2963.0,1764.0,543.0,678.0,938.0,1343.0,1782.0,2166.0,2305.0,2688.0,2921.0,1997.0,1043.0,1248.0,1433.0,1843.0,2500.0,2896.0,2404.0,3186.0,3661.0,2663.0,565.5,780.0,1063.0,1413.5,1656.0,1879.0,2001.0,2216.5,4608.5,3207.0,1231.5,1704.5,2540.5,3054.0,3229.0,3522.5,3669.0,4043.5,4424.0,3284.5,1230.0,1677.0,2315.0,2794.0,3029.0,3310.5,3408.5,3676.0,3430.0,2562.5,898.5,1193.5,1607.0,1965.5,2155.0,2324.0,2386.5,2679.0,4520.0,3600.0,1037.0,1448.0,1910.0,2394.0,2696.0,2942.0,3081.0,3330.0,3318.5,2390.0,917.5,1214.5,1394.5,1766.0,2445.5,2738.5,2940.0,3035.5,3824.0,2950.0,1635.5,1720.5,2002.5,2253.5,2424.5,2595.5,2978.0,2866.0,3010.0,2027.5,619.0,966.0,990.0,1594.0,2526.5,2934.5,3207.5,3169.0,2882.0,1988.0,575.0,936.0,966.0,1551.0,2476.0,2787.0,3054.0,3153.0,2357.0,1430.0,546.0,848.0,1139.0,1569.0,2145.0,2425.0,2868.0,2816.0,2848.0,1888.0,617.0,923.0,1269.0,1697.0,2106.0,2359.0,2629.0,2751.0,0.0,0.0,0.0,0.0,0.0,0.0,0.0,0.0,0.0,0.0,2458.0,1733.0,660.0,876.0,1061.0,1446.0,1859.0,2100.0,2219.0,2362.0,0.0,0.0,0.0,0.0,0.0,0.0,0.0,0.0,0.0,0.0,105.0,135.0,11120.0,10779.0,10504.0,10639.0,10149.0,9517.0,9762.0,8908.0,141.0,165.0,9024.0,9196.0,9258.0,9472.0,8846.0,8319.0,8448.0,7693.0,2952.5,2123.0,770.0,1035.0,1390.5,1657.0,1802.0,1982.5,2218.0,2235.0,4453.0,3638.0,1036.0,1418.0,1910.0,2320.0,2489.0,2654.0,2996.0,3075.0,3365.0,2534.0,841.0,1114.0,1517.0,1808.0,2052.0,2210.0,2470.0,2497.0,3150.0,2118.0,1031.0,1424.0,1964.0,2257.0,2435.0,2460.0,3106.0,2583.0,"{""type"":""MultiPoint"",""coordinates"":[]}"
200,5,3000.0,2750.0,1916.5,1995.0,2236.5,2421.0,2536.5,2623.5,2872.0,2824.5,2536.0,1969.0,894.0,1264.0,1639.5,1894.5,2103.0,2188.5,2123.0,2375.0,1347.5,867.5,574.0,824.0,1062.0,1307.0,1520.5,1689.0,1709.0,1826.0,1531.0,1029.0,682.0,948.0,1216.0,1458.0,1746.0,1891.0,1952.0,2018.0,4038.0,3595.0,1430.0,2010.0,2514.0,2869.0,3010.0,3112.0,3432.0,3409.0,4207.0,4037.0,1513.0,1916.0,2417.0,2705.0,2883.0,3158.0,3105.0,3296.0,0.0,0.0,0.0,0.0,0.0,0.0,0.0,0.0,0.0,0.0,2930.0,2494.5,1068.5,1408.0,1643.5,1930.0,2173.0,2317.5,2297.5,2445.0,2556.0,1927.0,769.0,950.0,1209.0,1500.0,1669.0,1862.0,1888.0,1982.0,4709.0,4232.0,1457.0,1930.0,2434.0,2830.5,3154.0,3395.5,3374.0,3615.5,2985.5,2065.5,1037.0,1321.5,1346.0,1775.5,2450.5,2722.5,2851.5,2866.0,3316.5,2562.0,996.5,1224.5,1581.5,1873.5,2072.5,2202.5,2547.0,2524.0,3723.0,3003.0,847.0,1249.0,1319.0,2029.0,2920.0,3314.0,3211.0,3521.0,3589.0,2783.0,826.0,1166.0,1201.0,1806.0,3055.0,3565.0,3611.0,3669.0,3020.5,2034.5,620.5,893.0,862.5,1347.5,3100.0,3749.0,3681.0,3944.0,2497.0,1438.0,404.0,677.0,477.0,988.0,3165.0,4118.0,3880.0,4190.0,2605.0,1526.0,371.0,641.0,440.0,1031.0,3358.0,4239.0,4441.0,4516.0,2893.0,1845.5,708.5,1026.5,879.0,1602.0,3903.5,4699.0,4608.0,4946.0,2284.0,1272.0,395.0,706.0,422.0,1169.0,3310.0,3745.0,3949.0,4119.0,2564.5,1761.0,1902.0,1800.5,1629.0,2182.0,2718.5,2921.5,3194.5,3132.0,2773.5,1986.5,478.0,724.5,945.0,1315.5,1715.0,1984.5,2090.0,2314.0,3053.0,2191.0,660.0,922.0,1258.0,1563.0,1946.0,2172.0,2276.0,2478.0,2645.5,2053.0,776.5,1046.0,1358.5,1592.5,1709.5,1848.0,2095.0,2117.0,3271.0,2402.0,734.0,1038.0,1365.0,1676.0,2303.0,2589.0,2901.0,2787.0,2196.0,1471.0,565.0,782.0,1049.0,1363.0,1705.0,1863.0,1929.0,2098.0,2057.5,1373.5,577.0,920.5,1275.5,1489.0,1722.0,1872.0,1968.0,2076.5,2671.0,2016.0,663.0,1048.0,1409.0,1741.0,1966.0,2060.0,2098.0,2257.0,0.0,0.0,0.0,0.0,0.0,0.0,0.0,0.0,0.0,0.0,2313.5,1626.5,1057.0,1297.5,1558.0,1802.5,1954.5,2023.5,2294.0,2182.0,0.0,0.0,0.0,0.0,0.0,0.0,0.0,0.0,0.0,0.0,855.0,941.0,10070.0,9790.0,9810.0,9889.0,9567.0,9129.0,9654.0,8900.0,1159.5,794.0,2814.5,2973.0,3167.0,3323.0,3341.5,3224.0,3547.5,3216.5,3082.0,2510.0,802.0,1084.0,1411.0,1661.0,1871.0,2042.0,2196.0,2273.0,1403.0,955.0,589.0,764.0,956.0,1175.0,1361.0,1468.0,1561.0,1631.0,2026.0,1390.0,642.0,928.0,1180.0,1446.0,1566.0,1706.0,1802.0,1860.0,3175.0,2912.0,1055.0,1349.0,1698.0,1901.0,2111.0,2294.0,2315.0,2402.0,"{""type"":""MultiPoint"",""coordinates"":[]}"
228,5,2786.0,2670.0,2685.5,2587.0,2617.0,2742.5,2713.5,2786.0,2958.5,2813.0,4074.0,3280.0,1340.0,1700.0,2016.0,2397.5,2596.0,2754.0,2836.0,2942.5,1666.5,1102.5,686.5,909.0,1177.0,1412.0,1466.5,1604.5,1730.0,1766.5,122.5,95.0,197.5,169.5,162.5,176.5,167.0,187.5,182.5,184.0,2957.5,2218.5,926.5,1268.0,1633.0,1939.5,2011.0,2193.5,2363.5,2358.0,4166.5,3748.0,1574.0,1928.5,2377.5,2649.0,2787.0,2975.5,3156.0,3253.5,0.0,0.0,0.0,0.0,0.0,0.0,0.0,0.0,0.0,0.0,5833.0,5210.0,2115.5,2748.5,3093.5,3839.0,4367.0,4667.0,4815.5,4936.5,3711.5,2805.5,997.0,1446.0,1551.5,2133.0,3032.0,3248.5,3348.0,3521.5,4023.5,3038.0,949.0,1344.0,1358.0,1988.5,3658.5,4248.5,4233.5,4528.5,3488.0,2226.5,671.5,968.0,779.0,1398.5,3966.5,5019.5,5004.0,5252.5,1766.0,1173.5,710.5,950.5,1266.0,1493.0,1622.5,1777.0,2035.5,1976.0,2304.5,1081.0,317.5,500.5,231.5,744.0,3971.5,5618.0,5402.5,5760.0,2594.5,1174.0,443.0,615.5,310.5,817.0,4520.5,6394.0,6531.0,6590.5,2403.5,1041.0,479.5,646.0,448.5,894.0,4249.5,5965.5,5916.0,6245.0,2225.5,877.0,332.5,479.5,245.5,682.5,3895.0,5664.0,5593.5,6072.5,2251.5,955.5,273.0,503.0,249.0,770.5,4024.0,5472.0,5666.5,5709.0,2061.5,901.0,269.5,555.0,271.5,858.5,4074.0,5164.5,5253.0,5450.0,2096.5,1069.5,398.0,856.5,496.5,1584.5,3218.0,3727.0,3690.5,4076.5,1862.0,1229.5,1091.5,1096.0,1057.5,1279.0,1362.0,1441.0,1786.5,1580.5,2879.5,2171.0,477.0,614.5,817.5,996.5,1117.0,1244.5,1420.0,1455.5,2982.0,2773.0,781.5,1017.0,1396.0,1552.0,1639.5,1743.0,1871.5,1944.5,2085.0,1526.0,815.5,1066.0,1370.5,1646.5,1752.5,1888.5,2094.5,2087.5,3183.0,3035.0,891.5,1161.5,1564.0,1717.5,1811.0,1917.0,2141.5,2081.5,0.0,0.0,0.0,0.0,0.0,0.0,0.0,0.0,0.0,0.0,2343.0,1692.5,693.5,987.0,1348.5,1531.0,1628.0,1743.5,1973.5,1944.0,2332.5,1669.5,706.0,971.5,1277.0,1555.0,1667.0,1758.5,2010.5,1990.5,2398.5,1860.0,1489.5,1817.5,1915.5,2144.0,2162.5,2234.0,2082.5,2223.0,2083.0,1425.5,815.0,1052.0,1348.5,1601.0,1702.5,1830.5,2033.5,2002.0,0.0,0.0,0.0,0.0,0.0,0.0,0.0,0.0,0.0,0.0,1063.0,1159.5,10775.0,10454.0,10388.0,10523.0,10145.5,9795.5,10139.0,9449.5,663.5,402.5,1440.0,1568.5,1823.5,2001.0,2043.5,2094.0,2341.0,2215.0,1312.0,831.5,590.5,816.5,995.5,1232.0,1316.0,1397.5,1585.5,1579.5,1204.0,691.5,586.5,771.0,959.0,1233.0,1304.5,1420.5,1522.5,1579.0,958.0,567.0,472.0,708.5,914.5,1178.5,1265.5,1388.0,1470.0,1553.0,2757.5,1934.0,726.5,1019.5,1216.5,1564.5,1666.0,1856.5,1928.5,1991.5,"{""type"":""MultiPoint"",""coordinates"":[]}"
275,5,1568.5,955.0,695.0,833.5,1024.5,1214.5,1327.0,1470.0,1694.0,1667.0,4461.5,3796.0,1288.0,1642.0,1910.5,2422.5,2681.0,2881.0,3037.0,3139.5,2863.5,2097.0,783.5,1005.5,1250.5,1588.0,1726.0,1913.5,2104.5,2142.0,3037.0,2300.0,996.5,1182.0,1317.5,1759.0,1922.0,2068.5,2231.0,2322.0,3488.5,2953.0,975.5,1306.5,1746.5,2082.0,2187.0,2335.0,2480.0,2586.5,2024.5,1428.5,1293.0,1233.0,1275.5,1460.0,1569.5,1731.5,1764.0,1810.5,0.0,0.0,0.0,0.0,0.0,0.0,0.0,0.0,0.0,0.0,5716.0,4745.0,1542.0,2146.5,2321.5,3209.0,4657.0,5064.5,5037.5,5377.5,5100.5,4125.5,1389.5,1881.5,2073.0,2857.0,4549.5,5207.5,5139.5,5569.0,4164.5,3268.0,1190.5,1605.5,1801.5,2460.0,3875.0,4481.5,4499.5,4900.5,2507.0,1342.0,825.0,966.5,772.0,1294.0,3168.0,3876.0,4064.5,4061.0,2982.0,2455.5,869.0,1103.0,1414.0,1718.5,1789.0,1944.0,2245.5,2212.0,2578.0,1418.5,421.0,627.5,464.0,991.5,3497.0,4684.0,4671.0,5060.0,2189.0,1209.0,564.0,692.5,503.5,920.0,3166.0,4379.5,4423.5,4674.0,2006.5,975.0,677.5,762.0,439.0,921.0,3422.0,4520.0,4826.5,4824.0,1690.5,791.0,612.5,759.0,542.0,948.0,2929.5,3826.0,3670.5,4044.5,1983.5,1011.5,338.0,614.5,388.5,1000.0,2942.5,3781.0,3862.5,4152.5,2079.5,1146.0,422.0,756.5,581.0,1336.5,2768.0,3269.0,3366.5,3656.5,2658.0,1862.0,480.5,722.5,754.0,1314.0,1857.0,2107.0,2306.0,2516.0,3826.0,3160.0,1572.5,1751.5,2018.0,2480.5,2674.0,2882.0,2747.0,3265.5,3019.0,2357.0,576.0,730.0,855.0,1179.5,1448.5,1609.0,1781.0,1906.5,3741.0,2790.0,840.0,1099.0,1473.5,1782.0,1922.5,2104.0,2257.0,2377.5,3106.0,2439.5,1778.5,1888.5,2062.5,2341.5,2445.0,2566.5,2731.0,2760.0,3396.0,2557.0,817.0,1028.5,1297.0,1581.5,1791.5,1932.0,2131.5,2175.5,3227.5,2496.5,1182.0,1389.0,1692.5,2044.0,2264.5,2413.0,2517.0,2663.0,3171.5,2257.0,744.0,983.0,1249.5,1553.0,1751.0,1906.5,2155.5,2161.0,3291.0,2446.5,741.0,1020.0,1266.0,1616.5,1808.0,1971.0,2117.5,2175.0,0.0,0.0,0.0,0.0,0.0,0.0,0.0,0.0,0.0,0.0,2497.0,1705.5,692.0,876.5,1019.0,1364.0,1594.5,1726.0,1977.0,1947.5,0.0,0.0,0.0,0.0,0.0,0.0,0.0,0.0,0.0,0.0,528.5,585.0,11577.0,11145.0,10777.0,10862.5,10377.0,9850.0,10095.0,9319.5,1466.5,1320.5,5703.5,5696.0,5761.5,6067.5,5788.5,5567.0,5660.5,5344.5,2426.0,1743.0,653.5,884.0,1140.0,1412.0,1580.0,1704.5,1965.5,1968.0,3696.5,2932.0,913.5,1198.0,1434.0,1799.5,2025.0,2202.0,2440.5,2466.5,3019.0,2380.0,763.5,1028.0,1270.5,1620.5,1796.0,1946.5,2130.5,2214.5,2996.5,2277.0,776.5,1031.5,1230.5,1614.5,1842.5,1988.5,2163.0,2236.5,"{""type"":""MultiPoint"",""coordinates"":[]}"
294,5,1272.0,812.5,474.5,612.5,811.5,996.5,1045.5,1128.5,1266.5,1251.0,3759.5,3611.0,1225.0,1544.5,1932.0,2164.0,2237.5,2357.5,2510.5,2531.0,1188.0,791.5,516.0,600.0,736.5,839.5,868.0,941.0,984.5,1038.5,1714.0,1164.5,759.5,881.5,1063.5,1223.0,1264.0,1362.5,1458.5,1451.0,0.0,0.0,0.0,0.0,0.0,0.0,0.0,0.0,0.0,0.0,3225.0,2867.5,1049.0,1301.5,1533.5,1827.5,2058.0,2193.0,2278.5,2343.5,0.0,0.0,0.0,0.0,0.0,0.0,0.0,0.0,0.0,0.0,0.0,0.0,0.0,0.0,0.0,0.0,0.0,0.0,0.0,0.0,0.0,0.0,0.0,0.0,0.0,0.0,0.0,0.0,0.0,0.0,2953.5,2218.0,651.5,936.0,839.5,1360.5,3123.0,3758.5,3749.0,3843.0,2622.0,1358.5,405.5,666.0,380.0,965.5,4020.0,5252.5,5167.0,5419.0,1803.5,1489.0,510.5,660.0,891.0,1004.5,1086.5,1147.0,1292.5,1277.5,2583.0,1159.5,330.5,508.5,221.0,777.5,4414.0,6229.0,6000.5,6427.0,2406.0,1035.0,355.0,547.5,292.0,803.5,4375.5,6196.0,6159.5,6488.0,0.0,0.0,0.0,0.0,0.0,0.0,0.0,0.0,0.0,0.0,2272.0,953.5,339.0,482.5,250.0,708.0,3883.5,5509.5,5329.0,5710.5,2012.5,910.0,287.5,557.0,275.5,925.0,3591.0,4510.5,4672.5,4778.0,0.0,0.0,0.0,0.0,0.0,0.0,0.0,0.0,0.0,0.0,2618.0,1791.0,517.0,738.0,880.5,1307.0,1653.5,1846.5,2024.5,2213.0,1823.5,1364.0,718.0,791.5,916.0,1032.5,1076.5,1194.0,1076.0,1298.0,3111.5,2358.0,688.0,866.5,1221.0,1416.5,1528.0,1671.0,1853.5,1960.0,2697.5,2369.0,756.0,917.5,1218.0,1390.0,1462.0,1553.0,1590.5,1689.5,0.0,0.0,0.0,0.0,0.0,0.0,0.0,0.0,0.0,0.0,2399.0,2115.5,681.5,859.5,1115.0,1228.5,1282.5,1363.5,1465.5,1476.0,0.0,0.0,0.0,0.0,0.0,0.0,0.0,0.0,0.0,0.0,1285.5,854.0,291.0,409.0,595.0,686.5,725.5,798.5,910.5,930.0,1757.0,1280.5,422.5,575.5,781.5,886.0,968.5,1046.5,1123.5,1172.0,0.0,0.0,0.0,0.0,0.0,0.0,0.0,0.0,0.0,0.0,1723.5,1195.5,530.0,652.5,854.0,975.5,1038.0,1125.5,1254.5,1279.0,0.0,0.0,0.0,0.0,0.0,0.0,0.0,0.0,0.0,0.0,970.5,1043.5,10967.0,10499.5,10415.5,10538.5,10227.0,9886.0,10222.5,9486.5,1706.0,1503.0,1203.0,1152.0,1199.5,1391.5,1451.0,1641.0,1561.0,1819.0,1921.5,1394.5,589.0,765.0,998.5,1146.5,1215.5,1318.5,1457.5,1441.0,1896.0,1349.5,632.0,793.5,1013.0,1171.5,1247.5,1333.5,1437.0,1460.0,1554.5,1034.5,550.0,710.5,931.5,1079.0,1149.5,1222.5,1333.5,1337.0,3240.0,2857.5,1167.0,1397.0,1718.5,1927.0,1974.0,2082.5,2189.0,2218.0,"{""type"":""MultiPoint"",""coordinates"":[]}"
303,5,2252.0,1538.0,638.0,862.0,1183.5,1481.5,1735.5,1914.5,2162.5,2142.0,5367.0,4886.0,1610.0,2055.0,2701.5,3132.0,3311.0,3555.5,3806.5,3904.5,2706.5,1843.5,808.0,1018.5,1437.0,1716.5,1855.5,2028.0,2235.5,2352.0,0.0,0.0,0.0,0.0,0.0,0.0,0.0,0.0,0.0,0.0,0.0,0.0,0.0,0.0,0.0,0.0,0.0,0.0,0.0,0.0,5952.0,5611.5,1773.0,2373.5,3075.5,3690.5,4237.5,4539.0,4628.0,5005.5,0.0,0.0,0.0,0.0,0.0,0.0,0.0,0.0,0.0,0.0,3910.5,2797.0,765.0,1194.5,1141.0,1914.0,3360.5,3787.5,3902.0,4082.0,3514.0,2058.0,465.0,840.0,692.5,1456.0,4288.5,5154.0,5082.5,5421.5,2755.0,1443.5,322.5,624.0,378.0,1026.0,3727.5,4792.0,4920.0,5070.5,2624.0,1187.5,303.5,541.0,253.5,862.5,4404.5,5981.0,5956.0,6267.5,2871.0,2141.0,759.5,984.0,1335.5,1635.5,1927.5,2095.5,2332.5,2347.5,2984.5,1267.0,292.5,517.5,214.5,851.0,4991.5,7024.0,6976.0,7507.0,2245.0,980.5,418.5,540.5,292.5,762.5,3941.5,5678.0,5778.0,5960.5,2334.0,999.0,361.0,539.0,258.5,833.0,4059.5,5845.5,5747.0,6320.0,2439.5,1242.5,708.0,993.5,737.5,1305.0,3795.0,4902.5,4778.5,5273.0,2047.5,967.5,290.5,645.5,362.0,1165.5,3316.5,4036.0,4235.5,4398.5,0.0,0.0,0.0,0.0,0.0,0.0,0.0,0.0,0.0,0.0,2956.5,2096.5,425.0,647.5,921.5,1224.5,1438.5,1636.0,1828.5,2009.0,2995.0,2260.0,632.0,758.5,938.0,1168.0,1301.0,1426.5,1456.5,1643.0,2861.0,2145.0,462.0,614.0,860.0,1050.5,1211.5,1353.5,1485.5,1598.5,3966.5,2917.5,935.0,1206.0,1641.0,1955.5,2130.5,2313.0,2520.5,2619.0,0.0,0.0,0.0,0.0,0.0,0.0,0.0,0.0,0.0,0.0,3584.5,2519.0,821.0,1102.0,1257.5,1666.5,2105.5,2264.0,2448.0,2516.5,0.0,0.0,0.0,0.0,0.0,0.0,0.0,0.0,0.0,0.0,1884.5,1323.5,374.5,572.0,842.5,1057.0,1233.5,1349.5,1497.0,1554.5,1956.5,1484.0,637.0,767.5,940.5,1138.0,1245.5,1378.0,1496.5,1539.0,0.0,0.0,0.0,0.0,0.0,0.0,0.0,0.0,0.0,0.0,2113.0,1513.0,510.5,699.5,921.5,1178.0,1472.5,1633.5,1840.5,1856.5,0.0,0.0,0.0,0.0,0.0,0.0,0.0,0.0,0.0,0.0,921.0,993.0,10811.5,10438.5,10406.0,10445.5,10158.0,9770.5,10184.5,9358.0,0.0,0.0,0.0,0.0,0.0,0.0,0.0,0.0,0.0,0.0,2858.0,2080.0,720.0,977.5,1291.0,1627.5,1994.0,2196.0,2445.5,2495.0,2926.0,1987.0,741.0,1041.5,1208.0,1654.0,2204.5,2445.0,2698.0,2734.0,2298.0,1441.0,551.5,860.0,984.0,1566.5,2215.0,2474.5,2692.5,2745.0,0.0,0.0,0.0,0.0,0.0,0.0,0.0,0.0,0.0,0.0,"{""type"":""MultiPoint"",""coordinates"":[]}"
308,5,1492.5,878.5,613.5,846.0,1281.5,1548.0,1687.0,1881.0,2148.0,2212.0,4693.0,3580.0,1379.0,1713.0,2176.5,2564.5,2768.0,2975.0,3252.5,3336.5,1550.5,894.0,649.0,874.0,1203.5,1569.0,1752.5,1968.5,2209.0,2317.0,1776.5,1255.5,1054.0,1167.5,1367.0,1698.5,1848.5,2038.0,2193.5,2265.5,5108.0,3823.0,1359.0,1746.0,2182.0,2593.0,2846.0,3028.0,3382.0,3426.0,4414.0,3244.0,1729.0,1949.0,2225.0,2538.0,2614.0,2753.0,3481.0,2934.0,0.0,0.0,0.0,0.0,0.0,0.0,0.0,0.0,0.0,0.0,3745.5,2999.5,1225.0,1434.0,1584.0,1954.5,2245.0,2532.0,2530.0,2783.0,5534.0,5155.0,1791.0,2253.0,2887.0,3295.0,3379.0,3677.0,3634.0,3988.0,5101.0,4192.0,1636.0,2149.0,2848.0,3339.0,3764.0,4098.0,4320.0,4495.0,4216.5,3597.0,3026.5,3372.5,3575.0,4248.0,4712.5,4989.5,4319.0,5199.5,3769.0,2919.0,1396.0,1694.0,2137.0,2438.0,2530.0,2704.0,2969.0,2980.0,4468.0,3249.0,1041.0,1450.0,1465.0,2157.0,4078.0,4639.0,4670.0,5133.0,3201.0,2060.0,685.0,956.0,812.5,1414.5,3770.5,4776.0,4842.5,5103.5,3032.0,1888.0,697.0,922.0,829.0,1339.0,3408.0,4469.0,4375.0,4771.0,2190.0,1007.0,294.0,468.0,281.0,781.0,3341.0,4581.0,4350.0,4842.0,1825.0,813.0,199.0,401.0,243.0,699.0,3318.0,4318.0,4305.0,4562.0,2973.0,2147.0,1585.5,1869.5,1717.0,2355.0,4130.5,4729.0,4750.0,4884.5,1888.5,841.0,266.0,488.0,242.5,848.5,3411.5,4236.0,4355.0,4540.5,2922.5,1921.5,1920.0,2077.5,1681.0,2431.0,3700.0,4040.0,4381.0,4249.5,2384.0,1346.0,366.0,765.0,616.0,1448.0,2443.0,2803.0,3138.0,3232.0,2678.0,1862.0,351.0,623.0,770.0,1218.0,1556.0,1764.0,2093.0,2180.0,2492.5,2037.0,1334.0,1563.5,1924.0,2132.0,2248.0,2362.5,2510.5,2571.5,2649.0,1898.5,398.5,566.5,804.0,1073.0,1256.5,1426.0,1722.5,1761.0,3018.0,2019.0,729.0,929.0,1353.0,1675.0,1862.0,2165.0,2502.0,2645.0,3120.0,2281.5,561.0,802.0,1141.5,1378.5,1582.5,1754.5,2030.0,2053.5,2787.5,1990.5,567.5,791.0,1070.5,1298.0,1473.5,1628.0,1865.0,1928.0,3757.0,3181.0,1556.0,1884.0,2315.0,2736.0,2893.0,3021.0,2644.0,3282.0,1950.0,1285.0,558.0,680.0,887.0,1100.0,1240.0,1380.0,1593.0,1581.0,0.0,0.0,0.0,0.0,0.0,0.0,0.0,0.0,0.0,0.0,1066.0,1157.0,10892.0,10510.0,10414.0,10504.0,10219.0,9790.0,10166.0,9350.0,1259.0,776.0,1120.5,1402.5,1792.0,2280.5,2375.0,2468.5,2559.0,2650.0,3104.0,2331.5,1033.5,1307.0,1747.5,2074.5,2195.0,2427.5,2664.0,2732.5,2540.5,1814.0,944.5,1214.5,1589.0,1896.0,2049.0,2212.0,2489.0,2472.5,1595.0,943.5,776.0,991.0,1341.5,1663.0,1852.0,2042.5,2281.0,2352.5,3960.0,2981.0,1120.0,1468.0,1886.0,2200.0,2399.0,2552.0,2846.0,2858.0,"{""type"":""MultiPoint"",""coordinates"":[]}"
322,1,2260.5,1371.5,404.5,746.5,745.5,1548.0,2619.0,2904.0,3255.5,3139.5,3853.0,3318.0,1078.5,1475.0,1892.5,2339.5,2478.5,2673.5,2858.5,2908.5,2748.0,2166.5,732.0,1029.5,1302.0,1674.0,1888.0,2040.5,2218.0,2215.0,4179.5,3753.5,1125.5,1589.5,1977.5,2476.5,2843.0,3051.5,3251.0,3288.5,4687.5,4197.5,1386.5,1992.0,2576.0,3027.0,3461.5,3662.5,3932.5,3940.5,5401.0,4621.0,1505.0,2041.0,2474.0,3060.0,4208.0,4899.0,4920.0,5179.0,2274.0,1243.0,684.0,895.0,817.0,1180.0,2827.0,3451.0,3410.0,3693.0,2153.0,1203.0,511.0,734.0,633.0,1002.0,3244.0,4983.0,4870.0,5174.0,1739.0,982.0,344.0,571.0,487.0,700.0,3062.0,4762.0,4986.0,5003.0,2247.0,1142.0,518.0,710.0,631.0,982.0,3303.0,5076.0,5258.0,5350.0,2231.0,1117.0,565.0,744.0,586.0,907.0,3234.0,5233.0,5322.0,5587.0,2718.0,1772.0,493.0,783.0,878.0,1673.0,2684.0,2905.0,3223.0,3251.0,2267.0,1136.0,599.0,756.0,598.0,1059.0,3540.0,5459.0,5346.0,5970.0,2318.0,1277.5,564.0,805.5,716.5,1153.5,2842.0,3744.0,3919.0,4174.0,2292.0,1537.5,483.0,709.5,868.0,1218.0,1794.0,2177.0,2088.0,2552.5,3049.0,2241.0,621.0,824.0,1024.0,1315.0,1462.0,1728.0,1823.0,1896.0,5282.0,3946.5,1081.5,1547.0,2368.0,2832.5,3055.5,3403.5,3683.0,3899.0,4881.0,3864.5,1063.5,1496.0,2235.0,2654.0,2826.5,3116.0,3285.0,3587.0,4593.5,3702.0,1038.5,1431.5,2081.5,2465.5,2691.5,2953.5,3216.0,3333.0,3789.5,2928.0,1243.5,1461.5,1902.0,2265.5,2446.5,2656.0,2748.5,2957.5,2970.5,2149.5,812.0,1087.5,1358.0,1699.0,2143.0,2382.5,2467.5,2666.0,3288.0,2128.0,697.5,1158.0,1161.0,1834.5,2812.0,3099.5,3329.5,3367.0,2518.0,1558.0,474.0,813.0,877.0,1678.0,2749.0,2982.0,3317.0,3273.0,2790.0,1747.0,541.0,836.0,779.0,1513.0,2592.0,2934.0,3199.0,3239.0,3231.0,2081.0,663.0,1078.0,1299.0,1957.0,2854.0,3102.0,3411.0,3496.0,2799.0,1732.5,500.5,932.5,1056.5,1810.0,3095.5,3452.5,3828.5,3740.5,2856.0,1762.5,500.5,914.5,970.5,1748.5,3236.0,3605.5,3830.0,3881.5,0.0,0.0,0.0,0.0,0.0,0.0,0.0,0.0,0.0,0.0,2562.0,1565.0,485.0,844.0,739.0,1583.0,3369.0,3807.0,4229.0,4085.0,0.0,0.0,0.0,0.0,0.0,0.0,0.0,0.0,0.0,0.0,634.0,696.0,10430.0,10292.0,10248.0,10323.0,9935.0,9550.0,9862.0,9089.0,1257.5,799.0,3879.5,3991.5,4075.0,4601.0,4867.0,4835.0,5086.0,4868.5,2649.0,1702.0,480.0,811.5,864.0,1589.0,2489.0,2775.0,3166.5,3154.5,2842.0,2222.0,750.0,1069.0,1474.0,1779.0,1872.0,2064.0,2304.0,2269.0,2684.0,2035.0,641.0,964.0,1367.0,1638.0,1765.0,1916.0,2120.0,2140.0,2317.0,1818.0,530.0,763.0,1160.0,1327.0,1431.0,1588.0,1736.0,1753.0,"{""type"":""MultiPoint"",""coordinates"":[]}"
326,1,2369.0,1814.0,695.0,938.0,1285.0,1554.0,1681.0,1846.0,2034.0,2025.0,5178.0,4644.5,2430.0,2825.5,3366.5,3765.0,3948.0,4124.5,4404.5,4337.0,2763.0,2032.0,854.0,1139.0,1545.0,1829.0,1946.0,2112.0,2273.0,2297.0,4605.5,4143.0,1383.5,1922.0,2343.0,2914.0,3404.5,3671.5,3822.0,3905.5,2931.0,2134.0,785.0,1154.0,1387.0,1817.0,2546.0,2812.0,2973.0,3024.0,2660.0,1469.0,507.0,839.0,592.0,1176.0,4054.0,5418.0,5624.0,5669.0,1968.0,826.0,792.0,897.0,513.0,968.0,4015.0,5780.0,5843.0,5953.0,1786.0,764.0,271.0,457.0,229.0,597.0,3155.0,5315.0,5236.0,5519.0,1581.0,706.0,298.0,444.0,254.0,568.0,2815.0,4931.0,4957.0,5206.0,1908.0,839.0,358.0,524.0,323.0,699.0,3085.0,5226.0,5151.0,5549.0,1871.0,808.0,451.0,605.0,381.0,759.0,3069.0,5048.0,5195.0,5208.0,3024.0,2492.0,942.0,1248.0,1675.0,1945.0,2095.0,2237.0,2513.0,2469.0,1660.0,734.0,350.0,574.0,354.0,769.0,2981.0,4832.0,4740.0,5139.0,942.0,374.0,648.0,722.0,487.0,798.0,1985.0,2710.0,2669.0,2662.0,2953.5,1858.0,607.0,915.0,1102.0,1675.0,2522.5,3054.0,3209.5,3623.0,2733.0,2057.0,508.0,629.0,920.0,1166.0,1243.0,1483.0,1446.0,1762.0,4750.0,3379.0,1186.5,1643.0,2491.5,2938.5,3199.5,3584.5,3837.5,4169.0,4870.0,3506.5,1279.5,1663.5,2313.5,2748.0,3078.5,3424.5,3587.5,3884.0,3986.0,3295.0,865.5,1146.5,1643.5,1893.0,2039.5,2243.5,2415.0,2537.5,4286.0,3372.0,817.0,1079.0,1500.0,1835.0,2045.0,2241.0,2325.0,2551.0,4142.0,3764.5,1068.0,1443.5,2022.0,2336.5,2429.5,2620.0,2751.5,2881.5,4226.0,3712.0,1124.0,1519.0,2129.0,2451.0,2555.0,2685.0,2901.0,2984.0,3822.0,3337.0,2721.0,3137.0,3378.0,3813.0,3858.0,3929.0,3632.0,3931.0,3798.0,3125.5,1057.5,1425.0,1979.0,2296.5,2435.5,2651.0,2766.0,2909.0,3210.0,2577.0,940.0,1251.0,1697.0,2016.5,2227.5,2407.0,2563.5,2619.5,2932.0,2193.0,738.0,1079.0,1484.0,1755.0,2049.0,2225.0,2499.0,2433.0,3386.0,2711.0,801.0,1196.0,1542.0,2010.0,2440.0,2624.0,2767.0,2849.0,0.0,0.0,0.0,0.0,0.0,0.0,0.0,0.0,0.0,0.0,2365.0,1500.0,645.0,931.0,891.0,1465.0,2562.0,2846.0,3074.0,3042.0,0.0,0.0,0.0,0.0,0.0,0.0,0.0,0.0,0.0,0.0,121.0,142.0,9917.0,9952.0,10026.0,10229.0,9849.0,9202.0,9470.0,8721.0,367.0,288.0,6563.0,6804.0,7110.0,7154.0,7023.0,6678.0,6961.0,6433.0,2634.0,1934.0,805.0,1087.0,1392.0,1726.0,2007.0,2145.0,2387.0,2372.0,4974.0,4541.0,1677.0,2230.0,2927.0,3281.0,3412.0,3566.0,3964.0,3843.0,3176.0,2493.0,860.0,1228.0,1709.0,1988.0,2093.0,2259.0,2472.0,2494.0,2767.0,1961.0,817.0,1142.0,1634.0,1912.0,1998.0,2133.0,2313.0,2405.0,"{""type"":""MultiPoint"",""coordinates"":[]}"
338,5,1504.0,1091.0,600.0,746.0,1082.0,1226.0,1246.0,1431.0,1635.0,1562.0,2149.0,1469.0,654.0,872.0,1179.0,1391.0,1518.0,1639.0,1855.0,1892.0,1110.0,736.0,735.5,972.0,1085.0,1327.5,1243.5,1371.0,1409.0,1379.0,1742.5,1262.0,1289.5,1431.0,1617.0,2039.5,2237.5,2378.5,2347.5,2398.0,2152.0,1307.0,509.0,783.0,1055.0,1368.0,1456.0,1628.0,1784.0,1854.0,5087.0,3665.0,1773.0,2203.0,2844.0,3240.0,3329.0,3597.0,3688.0,3902.0,0.0,0.0,0.0,0.0,0.0,0.0,0.0,0.0,0.0,0.0,5199.0,4623.5,2694.0,2843.5,3008.5,3667.0,4245.0,4610.0,4520.5,5000.5,5866.0,4989.0,2169.0,2768.0,3184.0,3834.0,4434.0,4726.0,4747.0,5052.0,5000.0,4105.0,1500.5,1983.5,2266.5,2923.0,3848.5,4333.0,4422.5,4633.5,3002.0,1795.0,963.0,1123.0,1059.0,1641.0,3093.0,3567.0,3460.0,3898.0,1225.5,818.0,512.0,649.0,870.0,960.0,1000.0,1080.0,1281.5,1193.5,2950.0,1857.0,707.0,956.0,795.0,1352.0,3445.0,4309.0,4200.0,4633.0,2234.0,1102.0,456.0,664.0,383.0,941.0,3567.0,4841.0,4866.0,4966.0,2080.5,881.0,318.5,488.0,241.0,725.0,3810.0,5435.0,5317.0,5615.5,2104.0,866.0,395.0,514.0,257.0,713.0,3669.0,5455.0,5192.0,5605.0,1956.0,820.5,271.0,431.5,215.5,679.5,3693.5,5159.0,5298.0,5406.0,2030.5,854.5,321.5,537.0,283.5,873.5,3895.5,5193.5,5131.5,5504.0,1906.0,869.5,324.0,746.0,375.5,1318.0,3280.0,3752.5,3982.0,4124.0,2254.0,1735.0,1734.0,1824.5,1662.5,2178.0,2430.0,2544.5,2786.0,2707.0,2550.0,1787.0,474.0,611.0,836.0,1070.0,1179.0,1340.0,1524.0,1581.0,2011.5,1486.0,428.0,550.5,749.5,962.0,1038.5,1178.5,1311.0,1377.0,1121.0,778.5,320.0,452.5,653.0,747.5,798.5,880.0,979.0,998.0,3196.0,2324.0,838.0,1056.0,1432.0,1679.0,1839.0,1967.0,2250.0,2259.0,1161.0,648.0,587.0,667.0,838.0,1043.0,1092.0,1177.0,1479.0,1293.0,1630.0,996.0,519.0,749.5,1023.5,1291.0,1409.0,1520.0,1711.0,1728.0,2411.5,1636.0,710.5,965.0,1232.0,1539.5,1671.0,1817.0,1993.0,1980.5,0.0,0.0,0.0,0.0,0.0,0.0,0.0,0.0,0.0,0.0,1362.0,836.0,615.5,788.0,949.5,1247.0,1450.5,1567.0,1736.5,1719.0,0.0,0.0,0.0,0.0,0.0,0.0,0.0,0.0,0.0,0.0,1285.0,1080.0,5739.0,5774.0,6140.0,6373.0,6181.0,6269.0,6445.0,6002.0,1109.5,732.5,1133.5,1334.5,1683.5,1894.0,1868.0,2010.0,2207.5,2196.5,1108.0,645.0,900.0,1140.0,1486.0,1748.0,1834.0,1987.0,2122.0,2178.0,149.0,89.0,842.0,1185.0,1164.0,1124.0,562.0,567.0,515.0,353.0,680.0,412.0,442.0,677.0,934.0,1141.0,1221.0,1320.0,1469.0,1528.0,3721.0,3068.5,1089.5,1399.0,1787.0,2052.5,2126.5,2292.0,2392.5,2569.5,"{""type"":""MultiPoint"",""coordinates"":[]}"
340,5,1075.0,727.5,331.0,417.5,519.0,577.0,625.5,718.5,758.5,801.5,4575.5,4391.5,1321.0,1706.5,2193.0,2468.5,2609.5,2774.5,2969.0,3050.0,2366.0,1757.5,668.0,814.5,1071.5,1246.5,1345.5,1480.0,1610.0,1679.5,3142.5,2335.0,1037.0,1180.0,1450.0,1697.0,1834.5,2035.5,2226.5,2293.5,0.0,0.0,0.0,0.0,0.0,0.0,0.0,0.0,0.0,0.0,3328.0,2451.0,719.0,1032.0,1084.0,1594.5,2543.5,2807.0,3004.0,3014.5,0.0,0.0,0.0,0.0,0.0,0.0,0.0,0.0,0.0,0.0,0.0,0.0,0.0,0.0,0.0,0.0,0.0,0.0,0.0,0.0,2597.5,1222.5,268.5,553.0,263.0,930.5,4247.0,5380.5,5268.0,5669.5,2783.0,1240.5,517.5,690.0,364.5,960.5,4562.0,6268.5,6240.0,6658.5,2937.5,1264.0,341.0,541.0,262.0,853.0,4651.5,6755.5,6770.0,7133.0,2416.5,2054.5,610.0,757.0,975.0,1159.5,1218.0,1349.5,1519.0,1551.0,2752.5,1138.5,318.5,461.5,230.5,721.0,4348.0,6505.0,6418.5,6942.0,2305.0,965.5,394.5,500.5,295.0,731.5,3797.5,5318.5,5439.0,5640.5,1583.5,1277.5,3165.5,2674.0,2326.0,2365.5,2584.0,2936.0,2649.0,2987.5,2123.0,915.5,342.0,516.5,278.0,784.5,3348.0,4466.0,4382.0,4805.5,2041.0,978.5,301.0,586.5,339.0,1016.5,2987.0,3623.5,3808.0,4033.5,0.0,0.0,0.0,0.0,0.0,0.0,0.0,0.0,0.0,0.0,1635.0,1215.5,319.5,387.0,526.0,646.5,744.0,837.0,945.0,1070.0,2363.5,1759.0,664.0,712.0,862.5,1058.5,1129.5,1233.5,1253.5,1431.5,3335.5,3061.0,767.5,1003.5,1363.0,1553.5,1647.0,1816.0,1979.0,2049.5,4249.5,3840.5,1051.0,1366.5,1677.0,2068.5,2413.5,2603.0,2773.0,2898.5,0.0,0.0,0.0,0.0,0.0,0.0,0.0,0.0,0.0,0.0,3317.0,2721.5,715.0,1054.5,1142.5,1630.5,2391.5,2634.5,2816.5,2837.5,0.0,0.0,0.0,0.0,0.0,0.0,0.0,0.0,0.0,0.0,1791.0,926.5,248.0,582.5,364.0,981.0,2573.5,2907.5,3107.5,3057.5,1842.5,940.5,270.0,617.5,373.5,1010.5,2844.5,3307.5,3476.0,3444.5,0.0,0.0,0.0,0.0,0.0,0.0,0.0,0.0,0.0,0.0,1656.0,800.0,291.5,593.0,303.5,939.0,3001.5,3626.0,3834.5,3755.0,0.0,0.0,0.0,0.0,0.0,0.0,0.0,0.0,0.0,0.0,1013.0,1065.5,10650.5,10239.5,10221.0,10359.0,10006.5,9711.5,10152.5,9365.0,1908.5,1415.0,1867.5,1765.0,1703.5,1625.0,1468.0,1367.5,2171.0,1447.5,3377.0,2944.5,946.0,1182.5,1487.5,1725.0,1846.5,2005.5,2120.0,2235.5,0.0,0.0,0.0,0.0,0.0,0.0,0.0,0.0,0.0,0.0,2886.5,2137.5,1256.5,1370.5,1567.0,1772.0,1878.0,2019.0,2351.0,2168.5,3910.5,3499.5,1249.5,1546.0,1898.5,2220.5,2342.5,2537.5,2688.5,2769.0,"{""type"":""MultiPoint"",""coordinates"":[]}"
348,5,2043.5,1082.5,424.5,721.0,627.0,1378.5,2979.5,3417.0,3815.5,3605.0,3499.0,2563.0,753.5,1040.0,1367.0,1715.5,1926.0,2113.5,2344.5,2438.0,2555.0,1663.5,657.5,880.0,1218.0,1528.0,1698.0,1886.0,2121.5,2185.5,2942.5,2176.0,647.0,852.0,1114.5,1376.0,1608.0,1789.0,1951.5,1996.5,3892.5,3144.0,789.0,1072.5,1349.0,1726.5,2008.0,2228.0,2367.0,2514.0,4099.5,3017.0,1678.5,2029.0,2273.5,2652.5,2971.0,3086.5,3353.0,3240.5,0.0,0.0,0.0,0.0,0.0,0.0,0.0,0.0,0.0,0.0,3358.0,2290.0,535.0,868.5,802.0,1393.5,2699.0,3131.0,3177.5,3340.0,3020.5,1665.0,576.5,803.0,626.0,1162.0,3314.0,4093.0,4046.5,4383.5,2450.0,1230.5,314.5,525.0,352.5,833.0,3202.5,4194.0,4213.5,4433.5,0.0,0.0,0.0,0.0,0.0,0.0,0.0,0.0,0.0,0.0,2522.5,1538.0,513.0,756.0,787.5,1583.0,2936.0,3296.5,3668.0,3584.5,2076.5,1151.0,741.0,788.0,600.5,956.5,3234.0,4388.0,4245.0,4748.0,2082.5,1062.5,726.5,891.0,682.5,1121.0,3148.5,4141.5,4134.5,4392.0,0.0,0.0,0.0,0.0,0.0,0.0,0.0,0.0,0.0,0.0,2074.0,1027.0,381.5,647.0,440.5,1066.0,2835.0,3509.0,3473.5,3870.5,2661.0,1625.5,381.0,638.5,745.0,1291.5,1926.5,2227.0,2459.5,2666.5,0.0,0.0,0.0,0.0,0.0,0.0,0.0,0.0,0.0,0.0,2872.5,2210.5,403.5,516.0,767.0,936.5,1068.0,1203.5,1369.5,1484.0,2837.0,2164.5,411.5,534.5,728.5,899.0,987.0,1104.5,1197.5,1313.0,3986.0,2969.5,747.5,969.5,1368.5,1613.5,1768.5,1943.0,2179.5,2290.5,4427.5,3274.0,954.5,1177.0,1567.0,1883.0,2067.0,2264.5,2459.5,2621.5,0.0,0.0,0.0,0.0,0.0,0.0,0.0,0.0,0.0,0.0,3842.0,2793.0,879.5,1080.5,1366.5,1678.0,1921.5,2121.0,2327.0,2404.5,4210.0,2973.0,1313.5,1509.0,1710.0,2070.0,2549.0,2722.0,2939.5,3020.5,3042.5,1949.0,663.0,910.0,1109.0,1490.5,2252.0,2415.0,2631.5,2671.5,3253.5,2130.0,722.5,953.0,1120.0,1566.0,2402.0,2660.5,2817.0,2923.5,0.0,0.0,0.0,0.0,0.0,0.0,0.0,0.0,0.0,0.0,2869.0,1858.0,602.5,860.5,848.5,1415.5,2673.0,3019.5,3277.0,3154.5,0.0,0.0,0.0,0.0,0.0,0.0,0.0,0.0,0.0,0.0,198.0,244.5,12717.0,11821.0,11337.0,11338.5,10845.0,10232.0,10487.0,9560.0,0.0,0.0,0.0,0.0,0.0,0.0,0.0,0.0,0.0,0.0,2551.0,1570.5,507.5,806.0,850.0,1507.5,2549.0,2850.5,3175.5,3145.5,2604.5,1622.5,529.0,869.0,857.5,1486.5,2502.0,2803.0,3074.5,3039.0,2033.5,1169.0,397.0,749.0,676.5,1300.0,2320.0,2623.5,2868.0,2829.0,1685.0,913.0,508.0,813.0,971.5,1475.5,1790.0,1967.0,2185.5,2255.5,"{""type"":""MultiPoint"",""coordinates"":[]}"
358,2,2009.5,1563.0,420.0,559.0,772.5,942.0,1053.5,1178.5,1357.0,1392.5,3778.5,3453.0,941.5,1272.0,1594.5,1972.5,2261.5,2399.0,2620.0,2685.0,2299.0,1616.5,554.5,760.0,925.0,1237.0,1522.0,1650.0,1845.0,1840.0,425.0,299.0,252.0,225.5,202.0,243.0,232.5,255.5,300.0,264.0,0.0,0.0,0.0,0.0,0.0,0.0,0.0,0.0,0.0,0.0,4406.0,3900.5,1123.5,1461.5,1893.0,2291.5,2376.5,2611.5,2849.5,2963.5,0.0,0.0,0.0,0.0,0.0,0.0,0.0,0.0,0.0,0.0,0.0,0.0,0.0,0.0,0.0,0.0,0.0,0.0,0.0,0.0,4373.5,3599.0,999.0,1444.0,1643.0,2282.5,3228.5,3549.0,3580.5,3884.5,3225.0,2004.0,745.0,1041.0,824.5,1610.5,3345.5,3760.5,3768.5,4033.0,2638.0,1357.5,434.0,725.5,427.0,1251.5,3734.5,4427.0,4314.0,4548.0,2930.5,2651.5,679.5,892.0,1177.0,1351.5,1487.5,1710.0,1913.5,1905.0,1865.0,1104.0,974.0,1098.5,943.5,1314.0,2761.0,3280.5,3114.0,3204.0,2518.0,1041.5,462.5,757.5,351.5,1192.0,5049.0,6370.0,6419.0,6581.0,0.0,0.0,0.0,0.0,0.0,0.0,0.0,0.0,0.0,0.0,2403.0,934.0,394.5,677.5,322.0,1163.0,4977.5,6407.0,6240.5,6583.0,2247.0,888.0,345.5,631.0,323.5,1236.0,4778.5,5757.5,5987.0,6068.0,0.0,0.0,0.0,0.0,0.0,0.0,0.0,0.0,0.0,0.0,2160.5,1056.0,379.5,543.5,438.5,1351.0,3453.5,3975.5,4239.5,4369.0,2550.0,1736.5,792.5,866.5,991.0,1481.5,1804.5,1925.0,2126.0,2315.5,2638.0,1883.0,899.5,1009.5,1220.5,1445.5,1619.0,1853.5,2130.5,2213.0,2727.5,1984.0,1009.5,1087.0,1310.0,1528.0,1655.5,1845.0,2100.5,2109.0,0.0,0.0,0.0,0.0,0.0,0.0,0.0,0.0,0.0,0.0,3133.0,2206.0,713.5,962.5,1345.5,1659.0,1827.0,2196.0,2550.0,2613.5,0.0,0.0,0.0,0.0,0.0,0.0,0.0,0.0,0.0,0.0,2402.0,1533.5,446.5,718.0,1086.5,1456.5,1776.0,1996.0,2418.0,2460.5,2205.0,1407.5,312.5,516.0,758.0,1103.0,1424.0,1559.5,1746.5,1993.5,0.0,0.0,0.0,0.0,0.0,0.0,0.0,0.0,0.0,0.0,2421.0,1677.0,473.0,669.0,831.5,1199.0,1619.0,1840.5,2035.0,2060.5,0.0,0.0,0.0,0.0,0.0,0.0,0.0,0.0,0.0,0.0,1087.5,1139.0,10198.5,9878.0,9848.5,9823.0,9590.0,9060.0,9804.0,8941.5,0.0,0.0,0.0,0.0,0.0,0.0,0.0,0.0,0.0,0.0,2132.5,1674.0,532.0,687.5,889.0,1115.0,1311.5,1468.0,1574.0,1640.0,0.0,0.0,0.0,0.0,0.0,0.0,0.0,0.0,0.0,0.0,2116.0,1436.5,410.5,627.0,721.5,1099.5,1594.5,1806.5,1991.0,1999.0,2838.5,2072.0,761.0,1063.0,1101.0,1712.5,2305.5,2516.0,2683.0,2762.0,"{""type"":""MultiPoint"",""coordinates"":[]}"
361,3,2212.0,1357.0,749.0,1009.0,1306.0,1607.0,1735.0,1896.0,2082.0,2052.0,3802.0,3253.0,1186.0,1554.0,1989.0,2280.0,2383.0,2464.0,2620.0,2689.0,1770.5,1005.5,746.0,982.5,1260.0,1507.0,1592.5,1706.0,1834.0,1821.0,2317.0,1483.0,767.0,1051.0,1362.0,1609.0,1725.0,1877.0,1964.0,2073.0,4010.0,3443.0,1230.0,1651.0,2128.0,2398.0,2543.0,2665.0,2859.0,2850.0,5156.0,4454.0,1768.0,2184.0,2675.0,3137.0,3274.0,3538.0,3543.0,3727.0,0.0,0.0,0.0,0.0,0.0,0.0,0.0,0.0,0.0,0.0,3678.0,2866.5,1000.5,1349.5,1468.5,2042.5,2642.5,2951.5,2743.5,3232.0,2953.0,2199.0,699.0,1027.0,1194.0,1565.0,2035.0,2242.0,2422.0,2447.0,475.5,266.5,414.0,588.0,425.0,798.0,1311.5,1596.0,1522.5,1408.0,951.5,464.0,807.0,796.5,547.5,861.0,1939.5,2630.0,2576.5,2551.0,2163.0,1333.0,661.0,960.0,1231.0,1474.0,1621.0,1733.0,1966.0,1910.0,978.0,429.0,275.0,398.0,165.0,547.0,2249.0,3353.0,3181.0,3425.0,1206.0,531.0,316.0,496.0,223.0,644.0,2725.0,4084.0,4070.0,4183.0,1441.0,673.0,473.0,718.0,362.0,1028.0,3148.0,4385.0,4209.0,4559.0,1456.0,719.0,379.0,744.0,453.0,1216.0,3010.0,3759.0,3694.0,4030.0,1546.0,800.0,449.0,844.0,641.0,1465.0,2862.0,3366.0,3510.0,3618.0,1924.0,1081.5,596.5,992.0,1047.5,1874.5,2674.5,3043.0,3086.5,3424.5,1981.0,1287.0,558.0,821.0,1185.0,1620.0,1834.0,2062.0,2219.0,2398.0,2531.0,1738.0,960.0,1137.5,1444.0,1725.5,1885.5,2029.0,2127.0,2254.0,3170.5,2238.5,837.5,1172.5,1620.5,1940.0,2086.0,2266.5,2387.5,2489.0,3269.0,2330.0,876.0,1175.0,1651.0,1969.0,2132.0,2274.0,2396.0,2532.0,2734.0,2289.0,1384.0,1478.5,1708.5,2017.0,2216.5,2351.0,2404.0,2537.0,3374.0,2334.0,1011.0,1366.0,1883.0,2138.0,2286.0,2431.0,2686.0,2630.0,2298.0,1578.0,943.0,1219.0,1659.0,1953.0,2048.0,2185.0,2381.0,2363.0,2296.0,1569.0,806.0,1121.0,1572.0,1804.0,1862.5,1969.0,2208.0,2168.0,2333.5,1606.0,861.0,1171.5,1586.5,1809.5,1872.5,1973.5,2137.5,2159.5,0.0,0.0,0.0,0.0,0.0,0.0,0.0,0.0,0.0,0.0,1972.0,1467.5,1137.5,1303.0,1636.0,1843.0,1851.5,1947.0,2150.0,2083.5,0.0,0.0,0.0,0.0,0.0,0.0,0.0,0.0,0.0,0.0,947.0,1042.0,10638.0,10290.0,10220.0,10346.0,10026.0,9697.0,10024.0,9337.0,1046.0,619.5,620.5,859.5,1133.0,1400.0,1408.0,1537.5,1653.5,1630.0,2609.0,1656.0,825.0,1126.0,1349.0,1717.0,1895.0,2012.0,2205.0,2173.0,2544.5,1607.0,884.0,1225.0,1457.5,1838.0,1978.5,2111.5,2302.0,2270.5,2592.5,1698.5,872.0,1201.5,1506.5,1803.0,1919.5,2042.0,2211.0,2192.0,3842.0,3258.0,1198.0,1649.0,2067.0,2417.0,2501.0,2603.0,2836.0,2827.0,"{""type"":""MultiPoint"",""coordinates"":[]}"
384,5,1861.0,1284.0,611.0,866.0,1073.0,1391.0,1617.0,1727.0,1967.0,1951.0,3898.0,3775.0,1292.0,1687.0,2166.0,2485.0,2557.0,2699.0,2841.0,2862.0,1841.0,1304.0,637.0,879.5,1163.0,1358.0,1381.0,1530.0,1617.5,1605.5,1897.5,1308.5,988.0,1230.5,1438.5,1743.5,1744.5,1791.5,1966.0,1781.0,4262.0,4079.0,1596.0,2066.0,2550.0,2895.0,2979.0,3102.0,3324.0,3301.0,3726.0,3799.0,3397.0,3194.0,2689.0,2721.0,2733.0,3210.0,4319.0,3582.0,0.0,0.0,0.0,0.0,0.0,0.0,0.0,0.0,0.0,0.0,3819.0,3464.0,1502.0,1912.5,2214.5,2615.5,2852.0,2981.0,2850.5,3123.5,4852.0,4448.5,1724.0,2258.0,2715.0,3161.0,3472.0,3619.5,3670.5,3864.5,3681.0,3094.0,1084.5,1484.0,1754.0,2153.5,2777.0,3017.0,3021.0,3174.0,6008.0,4790.0,4079.0,4138.0,4103.0,4652.0,5531.0,6190.0,5918.0,6329.0,2891.0,2664.0,1082.0,1351.0,1616.0,1963.0,2175.0,2354.0,2363.0,2523.0,3692.0,2953.0,1022.0,1403.0,1446.0,1943.0,3258.0,3723.0,3640.0,3976.0,3510.0,2589.5,1799.0,1933.5,1795.5,2373.5,3855.5,4384.0,4312.5,4692.0,3149.0,1991.0,676.0,1021.0,848.0,1575.0,3760.0,4546.0,4271.0,4732.0,2580.0,1646.0,529.0,785.0,654.0,1116.0,3382.0,4160.0,3842.0,4388.0,1919.0,997.0,363.0,623.0,474.0,1029.0,2620.0,3254.0,3112.0,3455.0,2801.0,1841.5,1000.5,1338.5,1187.5,1888.5,3450.0,3962.0,3884.0,4300.5,2397.5,1555.5,470.5,811.0,658.0,1369.0,2408.0,2691.0,2903.0,3027.0,2681.0,1962.0,524.5,770.0,806.5,1269.5,1621.0,1807.0,1934.5,2094.0,3466.0,2791.0,648.0,920.0,1089.0,1461.0,1690.0,1828.0,2143.0,2113.0,3838.0,2936.0,791.0,1053.0,1393.0,1720.0,1887.0,2072.0,2339.0,2453.0,3307.0,2720.0,1801.0,1932.0,2142.0,2406.0,2625.0,2748.0,3175.0,3002.0,3226.0,2733.0,743.0,993.0,1294.0,1476.0,1526.0,1635.0,1839.0,1880.0,1948.0,1296.0,543.0,724.0,999.0,1125.0,1232.0,1293.0,1477.0,1494.0,2721.5,2185.0,723.0,1021.5,1349.0,1523.5,1667.0,1741.5,1965.0,1925.5,3629.0,3324.0,1014.0,1430.0,1843.0,2090.0,2229.0,2304.0,2520.0,2474.0,0.0,0.0,0.0,0.0,0.0,0.0,0.0,0.0,0.0,0.0,2433.0,1840.0,730.0,942.0,1158.0,1427.0,1586.0,1776.0,1885.0,1903.0,0.0,0.0,0.0,0.0,0.0,0.0,0.0,0.0,0.0,0.0,1013.0,1077.0,10586.0,10292.0,10238.0,10397.0,10096.0,9664.0,10074.0,9269.0,1471.5,1086.5,633.5,962.5,1215.0,1494.5,1744.5,1902.0,1967.5,2040.0,3418.0,2972.0,1075.0,1450.0,1769.0,2236.0,2609.0,2804.0,3112.0,2994.0,2679.0,2122.0,852.5,1172.5,1314.0,1826.5,2256.0,2439.0,2576.0,2599.0,2010.0,1328.0,580.0,905.0,1018.0,1531.0,2031.0,2149.0,2181.0,2249.0,3475.0,2812.0,1218.0,1644.0,1901.0,2692.0,3015.0,3305.0,3395.0,3498.0,"{""type"":""MultiPoint"",""coordinates"":[]}"
387,5,2381.5,1661.0,608.0,760.5,992.0,1167.5,1311.5,1389.0,1597.5,1615.5,4344.5,3642.0,1078.0,1378.5,1768.0,2026.0,2137.0,2305.0,2485.5,2536.5,2899.0,2047.5,724.0,892.5,1190.5,1413.0,1508.5,1662.5,1812.0,1893.0,3414.5,2570.0,881.0,1089.0,1432.0,1672.5,1742.5,1919.5,2118.0,2185.5,0.0,0.0,0.0,0.0,0.0,0.0,0.0,0.0,0.0,0.0,3670.0,2986.0,1283.0,1478.5,1815.5,2032.5,2166.5,2337.0,2677.5,2468.5,0.0,0.0,0.0,0.0,0.0,0.0,0.0,0.0,0.0,0.0,4533.0,3793.0,1128.0,1546.0,1773.0,2281.5,2886.5,3147.5,3262.0,3366.0,3867.0,3182.0,1823.0,1991.5,2120.5,2689.5,3617.0,4031.0,3429.5,4441.0,3425.0,2266.5,583.5,952.5,833.5,1447.0,3195.0,3727.0,3799.5,3967.5,2819.5,1343.0,454.5,734.5,389.5,1088.5,4221.0,5218.5,5152.0,5405.0,3327.5,2681.5,814.0,1006.5,1301.0,1499.0,1648.0,1752.5,1957.0,1949.5,2959.0,1323.5,349.5,583.0,245.0,903.0,4610.5,6266.5,6034.5,6548.5,2240.0,1011.5,430.5,545.0,317.0,759.5,3644.5,5062.0,5120.0,5309.0,1204.5,514.0,277.0,346.5,190.5,537.5,2315.0,3267.5,3075.5,3446.0,1825.0,841.0,322.5,489.0,302.0,787.0,2658.5,3438.0,3393.5,3757.5,2370.0,1177.0,354.0,672.0,398.5,1188.5,3236.0,3848.0,4088.0,4236.0,0.0,0.0,0.0,0.0,0.0,0.0,0.0,0.0,0.0,0.0,3432.5,2598.0,470.5,670.5,1007.0,1274.0,1448.5,1671.5,1866.0,2031.0,3520.5,2691.5,640.5,797.0,1060.0,1285.0,1437.5,1568.5,1644.5,1836.0,3348.5,2584.5,522.5,688.5,1027.5,1221.0,1336.5,1504.5,1706.0,1790.0,2736.0,2319.5,635.0,826.0,1175.0,1376.5,1440.0,1595.5,1682.5,1796.0,0.0,0.0,0.0,0.0,0.0,0.0,0.0,0.0,0.0,0.0,2966.0,2431.5,776.5,1041.0,1425.0,1622.5,1692.5,1826.5,1917.5,1971.5,0.0,0.0,0.0,0.0,0.0,0.0,0.0,0.0,0.0,0.0,1556.0,981.5,313.0,477.0,721.0,880.5,975.5,1050.0,1170.5,1221.5,2213.0,1594.0,791.0,917.5,1151.5,1318.5,1402.0,1492.5,1713.0,1594.5,0.0,0.0,0.0,0.0,0.0,0.0,0.0,0.0,0.0,0.0,2003.0,1372.0,495.5,676.5,886.5,1124.5,1386.0,1501.0,1643.5,1655.5,0.0,0.0,0.0,0.0,0.0,0.0,0.0,0.0,0.0,0.0,969.0,1045.5,10967.5,10662.0,10548.0,10674.0,10259.5,9903.0,10324.0,9531.0,0.0,0.0,0.0,0.0,0.0,0.0,0.0,0.0,0.0,0.0,3195.5,2501.5,750.0,938.5,1192.5,1438.5,1664.0,1783.5,1989.0,2000.0,3524.0,2743.5,844.5,1097.5,1329.5,1647.0,1962.0,2141.5,2330.0,2324.0,2846.5,2035.5,631.5,882.0,1071.5,1448.0,1677.0,1830.5,2001.0,2033.0,0.0,0.0,0.0,0.0,0.0,0.0,0.0,0.0,0.0,0.0,"{""type"":""MultiPoint"",""coordinates"":[]}"
392,5,2516.0,1723.0,567.0,885.0,880.0,1460.0,2286.0,2558.0,2836.0,2751.0,3358.0,2302.5,788.0,1192.0,1312.5,2024.5,2681.5,2953.0,3184.0,3192.5,2534.0,1854.0,729.0,960.0,1292.0,1537.0,1661.0,1805.0,2001.0,2031.0,2804.0,1841.0,909.0,1135.0,1534.0,1815.0,1902.0,2109.0,2273.0,2353.0,0.0,0.0,0.0,0.0,0.0,0.0,0.0,0.0,0.0,0.0,5698.5,4842.5,1684.0,2230.5,2694.5,3301.5,3939.5,4231.0,4385.5,4493.5,0.0,0.0,0.0,0.0,0.0,0.0,0.0,0.0,0.0,0.0,3171.0,1855.0,555.0,958.0,752.0,1567.0,3341.0,3928.0,3805.0,4146.0,2925.0,1590.0,357.0,675.0,467.0,1176.0,3803.0,4780.0,4723.0,5055.0,2869.0,1553.0,392.0,661.0,386.0,1076.0,4045.0,5263.0,5535.0,5589.0,2395.0,1226.0,283.0,493.0,317.0,864.0,3520.0,4948.0,4963.0,5166.0,2503.0,1753.0,624.0,901.0,975.0,1545.0,2270.0,2502.0,2846.0,2691.0,2253.5,945.5,348.5,518.5,280.5,812.5,4024.5,5660.5,5621.5,5956.0,2296.0,986.0,493.0,607.0,349.0,898.0,4132.0,5642.0,5863.0,6041.0,0.0,0.0,0.0,0.0,0.0,0.0,0.0,0.0,0.0,0.0,2137.5,1138.0,710.0,997.5,723.0,1353.0,2795.5,3282.0,3395.0,3590.0,2546.0,1578.0,459.0,758.0,722.0,1384.5,2155.5,2505.0,2674.5,2874.5,3444.0,2518.0,607.0,814.0,1049.0,1474.0,1791.0,2055.0,2196.0,2468.0,2976.5,2136.0,527.0,662.0,868.5,1139.0,1350.5,1504.0,1617.5,1779.0,2516.0,1650.0,447.0,569.0,697.0,969.0,1232.0,1370.0,1400.0,1549.0,3882.0,2812.0,738.0,1017.0,1334.0,1676.0,1952.0,2144.0,2389.0,2451.0,3866.0,2946.0,854.0,1060.0,1357.0,1683.0,1998.0,2206.0,2404.0,2475.0,4544.0,3802.0,3845.0,3700.0,3503.0,4336.0,4997.0,5226.0,4037.0,4883.0,0.0,0.0,0.0,0.0,0.0,0.0,0.0,0.0,0.0,0.0,3889.0,2816.0,932.0,1232.0,1502.0,1974.0,2234.0,2466.0,2562.0,2726.0,2471.0,1524.0,655.0,880.0,1120.0,1440.0,1711.0,1836.0,2123.0,2110.0,3196.0,2281.0,792.0,1042.0,1248.0,1643.0,1920.0,2140.0,2307.0,2359.0,0.0,0.0,0.0,0.0,0.0,0.0,0.0,0.0,0.0,0.0,2283.0,1627.0,825.0,954.0,926.0,1303.0,1890.0,2089.0,2283.0,2264.0,0.0,0.0,0.0,0.0,0.0,0.0,0.0,0.0,0.0,0.0,372.0,356.0,7352.0,7520.0,7590.0,7835.0,7571.0,7080.0,7214.0,6585.0,1246.0,889.0,611.0,663.0,657.0,904.0,1106.0,1256.0,1275.0,1348.0,2898.0,2041.5,703.0,1033.0,1108.5,1661.5,2272.5,2520.5,2874.5,2705.0,3228.0,2184.0,662.0,1127.0,1037.0,1847.0,2911.0,3252.0,3614.0,3539.0,2807.0,1799.0,640.0,1086.0,922.0,1823.0,2864.0,3186.0,3474.0,3344.0,0.0,0.0,0.0,0.0,0.0,0.0,0.0,0.0,0.0,0.0,"{""type"":""MultiPoint"",""coordinates"":[]}"
402,5,3308.5,2792.0,2258.0,2354.5,2377.0,2772.5,3100.5,3161.5,3506.5,3254.5,2247.0,1277.0,654.0,1156.0,861.0,1801.0,3088.0,3333.0,3626.0,3623.0,2073.0,1168.0,600.0,1110.0,1048.0,1808.5,2445.0,2686.0,2882.0,2935.5,0.0,0.0,0.0,0.0,0.0,0.0,0.0,0.0,0.0,0.0,3258.0,2353.0,733.0,906.0,1076.0,1392.0,1656.5,1799.5,1959.0,2117.0,3373.0,2461.0,811.0,1004.0,1102.0,1478.0,1928.0,2079.0,2240.0,2397.0,0.0,0.0,0.0,0.0,0.0,0.0,0.0,0.0,0.0,0.0,3643.5,2692.0,697.0,873.0,1097.5,1420.0,1675.0,1923.0,2078.0,2295.0,3136.0,2243.0,832.0,889.0,1006.0,1208.0,1442.0,1647.0,1858.0,1994.0,4724.0,4207.0,1744.0,2275.0,2948.5,3411.5,3634.5,3828.5,3868.0,4106.5,4308.0,3201.5,999.0,1440.5,1590.5,2367.0,3686.0,4161.0,4197.5,4474.0,2777.0,1904.5,765.5,1067.5,1135.0,1627.0,2177.5,2330.5,2629.5,2473.0,2970.0,1429.0,527.0,715.0,407.0,1147.0,4185.0,4991.0,4893.0,5156.0,2785.0,1287.0,426.0,672.0,337.0,1033.0,4416.0,5624.5,5785.0,5927.0,1319.0,561.0,267.0,363.0,181.0,490.0,2490.5,3315.0,3269.5,3463.5,2516.0,1098.0,419.0,557.0,321.0,800.0,4053.0,5833.0,5762.0,6285.0,2268.0,996.0,285.0,466.0,246.0,759.0,3943.0,5132.0,5440.0,5614.0,1571.5,689.0,639.5,701.5,444.0,877.0,2978.0,3791.5,3779.0,4027.0,2516.0,1203.0,428.0,940.5,559.0,1786.5,3889.0,4404.0,4652.5,4899.0,2758.0,2082.0,460.0,605.0,833.0,1115.0,1317.0,1515.0,1656.0,1821.0,3138.0,2330.0,523.0,699.0,972.0,1241.0,1409.0,1623.0,1764.0,1884.0,3002.0,2161.0,508.0,739.0,963.0,1280.0,1514.0,1643.0,1860.0,1966.0,2564.0,1748.5,649.0,967.5,1059.0,1555.0,2091.5,2242.0,2534.5,2444.0,2762.0,1939.0,538.0,855.0,942.0,1403.0,1946.0,2077.0,2306.0,2277.0,0.0,0.0,0.0,0.0,0.0,0.0,0.0,0.0,0.0,0.0,2399.0,1487.0,598.0,980.0,1046.5,1589.5,2189.5,2336.0,2614.0,2582.0,2614.5,1658.0,753.5,1202.5,1262.5,1848.5,2489.5,2686.0,2919.5,2872.0,0.0,0.0,0.0,0.0,0.0,0.0,0.0,0.0,0.0,0.0,3159.0,2589.0,2403.0,2467.5,2375.5,2818.5,3251.5,3310.0,3607.0,3431.5,2227.5,1887.5,1441.0,1442.5,1498.5,1707.5,1884.0,1929.0,2133.5,2069.5,1109.0,1196.0,9674.0,9700.0,9824.0,10131.0,9837.0,9475.0,9854.0,9183.0,1317.0,877.0,3030.5,3255.0,3214.0,3433.0,3812.0,3849.5,4106.5,3719.0,3018.5,2069.5,713.0,1052.5,991.5,1707.0,2586.5,2779.0,3027.5,2938.0,2419.5,1433.0,633.0,1070.0,809.5,1652.0,2883.0,3035.5,3338.0,3238.5,2265.0,1311.0,541.0,1053.0,694.0,1623.0,3017.0,3235.0,3551.0,3507.0,2413.5,1354.0,649.0,1214.0,831.0,1952.0,3402.0,3617.5,3914.5,3819.5,"{""type"":""MultiPoint"",""coordinates"":[]}"
421,3,615.0,394.0,796.0,1060.0,1291.0,1421.0,1404.0,1456.0,1608.0,1524.0,0.0,0.0,0.0,0.0,0.0,0.0,0.0,0.0,0.0,0.0,646.0,392.0,800.0,949.0,1092.0,1241.0,1214.0,1284.0,1341.0,1305.0,1853.0,1180.0,690.0,914.0,1076.0,1296.0,1419.0,1529.0,1654.0,1638.0,3887.0,3562.0,1307.0,1693.0,2007.0,2341.0,2408.0,2602.0,2695.0,2736.0,3941.0,3543.0,1351.0,1714.0,2049.0,2357.0,2497.0,2695.0,2738.0,2830.0,0.0,0.0,0.0,0.0,0.0,0.0,0.0,0.0,0.0,0.0,1082.0,650.0,533.0,779.0,534.0,1040.0,1875.0,2239.0,2178.0,2058.0,0.0,0.0,0.0,0.0,0.0,0.0,0.0,0.0,0.0,0.0,1340.5,645.0,213.5,427.5,217.0,683.5,2523.5,3730.0,3645.5,3719.0,1579.0,744.0,515.0,665.0,384.0,868.0,2976.0,4544.0,4521.0,4672.0,1682.0,1091.0,693.0,956.0,1207.0,1378.0,1437.0,1561.0,1705.0,1643.0,1565.0,700.0,429.0,612.0,318.0,802.5,3131.5,4814.0,4746.0,5085.0,1519.0,719.0,471.0,702.0,378.0,955.0,3182.0,4485.0,4521.0,4700.0,0.0,0.0,0.0,0.0,0.0,0.0,0.0,0.0,0.0,0.0,1819.0,926.0,487.0,853.0,489.0,1324.0,3385.0,4300.0,4190.0,4541.0,1949.5,1040.5,462.5,890.5,685.5,1459.5,2859.0,3345.0,3546.5,3656.5,0.0,0.0,0.0,0.0,0.0,0.0,0.0,0.0,0.0,0.0,2112.5,1268.5,481.5,783.5,803.5,1317.5,2110.5,2377.5,2596.5,2661.5,2119.0,1253.0,486.0,770.0,767.0,1273.0,1998.0,2216.0,2356.0,2501.0,3758.5,2586.0,864.0,1259.0,1628.0,2169.0,2652.5,2931.0,3200.5,3235.0,2631.0,1983.5,707.5,958.5,1325.0,1537.0,1721.0,1851.0,2009.5,2064.0,0.0,0.0,0.0,0.0,0.0,0.0,0.0,0.0,0.0,0.0,2399.5,1944.0,570.0,765.5,1061.0,1223.5,1340.0,1474.0,1640.5,1658.0,2451.0,1854.0,673.0,887.0,1193.0,1408.0,1466.0,1592.0,1762.0,1825.0,1037.0,620.0,265.0,467.0,747.0,909.0,1013.0,1175.0,1295.0,1335.0,1476.5,955.0,474.5,670.0,941.0,1083.5,1193.5,1295.0,1473.5,1489.5,0.0,0.0,0.0,0.0,0.0,0.0,0.0,0.0,0.0,0.0,546.0,332.0,262.0,385.0,582.0,686.0,734.0,848.0,965.0,941.0,0.0,0.0,0.0,0.0,0.0,0.0,0.0,0.0,0.0,0.0,248.0,303.0,10714.0,10408.0,10272.0,10495.0,9968.0,9616.0,9856.0,9011.0,0.0,0.0,0.0,0.0,0.0,0.0,0.0,0.0,0.0,0.0,1530.0,922.0,661.0,920.0,1183.0,1369.0,1430.0,1549.0,1710.0,1673.0,2190.0,1320.0,798.0,1169.0,1335.0,1661.0,1777.0,1898.0,2059.0,2028.0,600.0,360.0,816.0,1197.0,1400.0,1734.0,1723.0,1762.0,1874.0,1768.0,489.0,301.0,953.0,1259.0,1511.0,1725.0,1615.0,1732.0,1741.0,1691.0,"{""type"":""MultiPoint"",""coordinates"":[]}"
426,3,2055.0,1382.0,677.0,971.0,1184.0,1631.0,2044.0,2242.0,2516.0,2398.0,2874.0,2185.5,1201.5,1559.5,1797.0,1997.0,2044.5,2139.0,2446.0,2286.5,1269.0,944.5,880.0,1267.5,1589.5,1750.5,1577.0,1667.0,1707.0,1619.0,1713.0,1122.0,819.0,1141.0,1411.0,1755.0,1862.0,2017.0,2114.0,2110.0,2892.0,2133.0,801.0,1201.0,1433.0,1807.0,1965.0,2083.0,2267.0,2272.0,5610.0,5046.0,1921.0,2583.5,2940.5,3717.5,4034.0,4288.0,4297.5,4520.5,3121.0,2477.0,2116.0,2377.0,2276.0,2932.0,3448.0,3691.0,3537.0,3813.0,2155.5,1280.5,698.5,1087.0,921.5,1555.5,2468.0,2792.0,2717.5,2881.5,2424.0,1252.0,248.0,586.0,319.0,923.0,3681.0,4875.0,4761.0,5059.0,2138.5,1049.5,326.0,598.0,232.5,859.0,3415.0,4947.0,4957.5,5099.0,2180.0,1031.5,536.5,728.5,373.0,938.5,3536.0,5496.5,5415.5,5729.0,2321.0,1507.0,618.0,939.0,1174.0,1553.0,1885.0,2038.0,2360.0,2335.0,1643.0,769.0,330.0,485.0,229.0,677.0,2904.0,4646.0,4522.0,4892.0,1528.0,729.0,449.0,630.0,323.0,835.0,3075.0,4837.0,4831.0,4969.0,1467.0,665.0,412.0,724.5,361.5,1112.5,3199.5,4315.0,4243.0,4574.5,1614.0,794.0,484.0,836.0,507.0,1320.0,3312.0,4280.0,4160.0,4570.0,1751.0,901.5,506.0,916.5,731.5,1654.0,3267.0,3894.0,4092.0,4230.0,1335.5,690.5,512.0,799.0,747.0,1441.5,2315.0,2660.5,2714.5,2998.0,2497.5,1495.0,645.5,1015.5,1159.0,1898.0,2605.0,2958.5,3203.5,3341.5,3367.0,2406.5,2652.5,2638.5,2647.5,3100.0,3254.0,3305.5,3641.5,3398.5,2295.0,1509.5,539.0,781.0,991.5,1286.0,1595.0,1748.0,1939.0,1946.0,2982.0,2025.0,596.0,860.0,1109.0,1472.0,1765.0,1962.0,2087.0,2146.0,2561.5,2113.0,836.5,1174.5,1450.0,1858.5,2195.0,2314.0,2646.5,2476.5,2215.0,1492.0,558.0,746.0,896.0,1186.0,1489.0,1639.0,1870.0,1878.0,1911.0,1226.0,563.0,757.0,1155.0,1408.0,1555.0,1710.0,1961.0,2013.0,2007.0,1302.0,488.5,716.5,1116.5,1312.5,1415.5,1563.0,1846.0,1821.5,2392.0,1568.5,540.5,822.0,1222.0,1431.0,1542.0,1691.5,1967.0,2006.0,0.0,0.0,0.0,0.0,0.0,0.0,0.0,0.0,0.0,0.0,1559.5,1088.5,669.0,857.0,1168.5,1334.5,1416.0,1541.5,1771.0,1703.5,2137.0,1659.0,1425.0,1500.0,1630.0,1805.0,1920.0,1998.0,2145.0,2102.0,932.0,1017.0,10196.0,10020.0,10024.0,10097.0,9786.0,9426.0,9794.0,9074.0,1496.0,1061.0,2853.0,3127.0,3289.0,3518.0,3674.5,3705.0,3897.0,3715.5,2703.0,1915.0,725.0,1062.0,1289.0,1726.0,2263.0,2451.0,2692.0,2595.0,1201.5,746.0,895.0,1298.5,1461.0,1798.0,1956.5,2019.0,2148.0,1993.0,2363.0,1543.0,702.0,1099.0,1152.0,1811.0,2560.0,2811.0,3049.0,2920.0,4268.0,3671.0,1501.0,2054.0,2297.0,3141.0,3905.0,4298.0,4424.0,4539.0,"{""type"":""MultiPoint"",""coordinates"":[]}"
442,5,2305.5,1646.0,521.5,722.5,997.0,1261.0,1452.0,1635.5,1878.0,1882.5,3914.0,3669.0,914.0,1232.5,1702.5,2002.5,2130.0,2301.5,2498.5,2581.0,2404.0,1708.0,633.0,799.0,1119.0,1335.0,1456.0,1615.5,1748.0,1834.5,2776.5,2019.5,715.0,902.0,1311.0,1539.0,1693.5,1879.0,2074.0,2152.0,0.0,0.0,0.0,0.0,0.0,0.0,0.0,0.0,0.0,0.0,4019.0,3327.0,1075.0,1458.5,1753.5,2288.0,2976.5,3192.5,3371.0,3390.0,0.0,0.0,0.0,0.0,0.0,0.0,0.0,0.0,0.0,0.0,3497.5,2391.5,523.0,957.0,710.5,1571.5,3869.5,4548.0,4726.5,4786.5,3067.5,1911.5,419.5,769.0,677.0,1363.5,3705.5,4545.0,4583.5,4972.5,2672.0,1658.0,429.5,643.0,553.0,1143.5,3213.5,4263.0,4366.0,4552.5,2537.0,1175.5,450.5,687.5,432.5,1060.0,4176.0,5660.5,5640.0,5880.5,2621.0,2017.0,624.5,826.5,1102.0,1380.5,1583.0,1768.0,1999.0,2013.5,2275.0,959.0,282.0,480.0,216.5,772.5,4044.0,5796.5,5625.5,6064.0,2148.5,970.5,470.0,594.0,378.5,850.5,3672.0,5274.0,5300.5,5550.5,0.0,0.0,0.0,0.0,0.0,0.0,0.0,0.0,0.0,0.0,2522.5,1382.0,483.5,760.0,621.5,1293.0,3094.0,3943.0,3905.0,4408.5,2723.0,1786.5,441.5,700.5,853.0,1369.5,2024.5,2402.0,2509.0,2784.5,0.0,0.0,0.0,0.0,0.0,0.0,0.0,0.0,0.0,0.0,2834.5,2360.5,449.5,610.0,899.0,1117.0,1191.0,1370.5,1459.0,1610.0,2798.0,2240.5,630.5,746.0,893.0,1124.0,1249.0,1392.5,1377.0,1608.5,4021.5,3161.0,912.0,1199.0,1705.5,2004.5,2133.0,2323.5,2526.5,2614.0,4204.5,3520.0,992.5,1249.5,1663.5,1996.0,2161.0,2331.0,2487.5,2594.0,0.0,0.0,0.0,0.0,0.0,0.0,0.0,0.0,0.0,0.0,3532.5,2551.0,781.5,1067.5,1242.0,1705.0,2128.0,2353.0,2496.5,2578.5,0.0,0.0,0.0,0.0,0.0,0.0,0.0,0.0,0.0,0.0,2354.0,1394.5,398.5,753.5,664.5,1311.5,2529.0,2866.0,3060.0,3106.5,2462.5,1467.5,494.5,847.0,747.0,1436.0,2683.0,3000.5,3210.0,3164.0,0.0,0.0,0.0,0.0,0.0,0.0,0.0,0.0,0.0,0.0,2316.0,1386.5,461.0,865.5,579.0,1437.0,3085.5,3600.5,3946.5,3767.5,0.0,0.0,0.0,0.0,0.0,0.0,0.0,0.0,0.0,0.0,921.5,986.5,10909.0,10533.0,10476.5,10606.0,10235.5,9871.5,10267.5,9536.5,0.0,0.0,0.0,0.0,0.0,0.0,0.0,0.0,0.0,0.0,2938.0,2328.5,700.5,970.0,1256.0,1581.5,1909.0,2116.0,2355.5,2374.5,3120.0,2378.0,839.5,1176.0,1394.5,1812.5,2388.0,2620.0,2924.5,2865.0,2457.5,1631.5,509.5,848.5,848.5,1439.0,2323.0,2510.0,2791.0,2727.5,0.0,0.0,0.0,0.0,0.0,0.0,0.0,0.0,0.0,0.0,"{""type"":""MultiPoint"",""coordinates"":[]}"
447,1,2581.0,1874.0,701.0,958.0,1353.0,1564.5,1681.5,1828.0,2055.5,2032.0,5341.5,4826.5,1613.0,2180.5,2869.5,3270.0,3396.5,3556.0,3786.5,3814.0,2284.5,1630.5,945.0,1080.0,1352.5,1525.0,1653.5,1746.0,1960.0,1805.5,3053.5,2206.0,789.0,1088.5,1358.0,1774.0,2048.5,2237.5,2405.0,2446.0,0.0,0.0,0.0,0.0,0.0,0.0,0.0,0.0,0.0,0.0,3835.5,2908.5,922.0,1267.5,1443.0,1901.0,3148.0,3719.5,3797.5,3923.5,0.0,0.0,0.0,0.0,0.0,0.0,0.0,0.0,0.0,0.0,2377.0,1326.0,291.0,510.5,339.5,733.0,2933.0,4433.0,4546.5,4666.5,2096.0,1037.5,240.0,436.0,309.0,667.0,2784.0,4061.5,4023.0,4347.0,1961.0,933.5,291.0,422.5,268.5,570.5,2549.0,3964.0,4060.5,4199.0,1978.5,894.5,514.0,638.0,468.5,793.5,2605.5,3986.0,3957.0,4204.5,2694.5,2145.5,725.5,964.0,1338.5,1536.5,1651.5,1790.0,1970.0,1987.5,2045.5,907.0,493.5,627.0,431.5,786.5,2735.0,4142.0,3974.5,4393.0,1953.0,964.0,541.0,700.0,553.5,962.5,2462.5,3290.5,3302.0,3504.0,3769.0,2363.0,949.5,1196.5,1331.5,1886.5,2951.5,3699.0,3639.5,4276.0,3543.5,2790.5,651.0,829.0,1082.5,1427.5,1691.0,1956.5,1984.5,2311.0,4177.5,3255.0,1082.0,1440.5,2007.0,2421.5,2756.0,3059.5,3231.5,3405.5,0.0,0.0,0.0,0.0,0.0,0.0,0.0,0.0,0.0,0.0,3299.0,2683.5,778.0,1098.0,1431.0,1760.5,2061.5,2246.0,2339.5,2454.5,1643.0,1189.0,777.5,923.5,948.0,1200.5,1460.5,1558.5,1531.0,1615.0,3061.5,2301.5,662.5,1003.5,1310.0,1647.0,2167.0,2397.5,2551.5,2615.0,3952.5,3431.0,1004.0,1359.0,1893.0,2208.5,2389.0,2576.5,2723.5,2841.0,0.0,0.0,0.0,0.0,0.0,0.0,0.0,0.0,0.0,0.0,3462.0,2747.5,835.0,1147.5,1607.0,1919.0,2044.0,2224.5,2385.5,2454.0,0.0,0.0,0.0,0.0,0.0,0.0,0.0,0.0,0.0,0.0,2237.5,1504.5,485.5,732.5,1156.5,1332.0,1466.5,1618.0,1767.5,1842.5,3185.0,2470.0,782.5,1072.5,1584.5,1824.0,1923.5,2121.5,2253.0,2357.5,0.0,0.0,0.0,0.0,0.0,0.0,0.0,0.0,0.0,0.0,2604.5,1973.5,670.5,900.0,1289.0,1499.5,1580.5,1735.0,1951.5,1923.0,0.0,0.0,0.0,0.0,0.0,0.0,0.0,0.0,0.0,0.0,913.0,990.0,10742.5,10271.0,10185.5,10280.5,9951.5,9563.5,9944.0,9165.0,0.0,0.0,0.0,0.0,0.0,0.0,0.0,0.0,0.0,0.0,3088.0,2449.0,842.5,1138.5,1532.5,1815.0,1927.5,2068.5,2259.0,2260.0,4536.5,3953.5,1419.0,1837.0,2410.0,2741.5,2943.0,3077.5,3342.5,3309.0,2712.5,1941.5,631.5,912.5,1332.0,1557.5,1640.0,1823.5,2004.5,2026.5,0.0,0.0,0.0,0.0,0.0,0.0,0.0,0.0,0.0,0.0,"{""type"":""MultiPoint"",""coordinates"":[]}"
449,5,1994.0,1476.5,548.5,841.5,1222.5,1410.0,1490.5,1595.5,1753.0,1727.0,2957.0,2574.0,1132.0,1433.0,1659.0,2069.5,2452.0,2606.5,2689.5,2772.0,0.0,0.0,0.0,0.0,0.0,0.0,0.0,0.0,0.0,0.0,4697.0,4556.0,1252.0,1723.0,2276.5,2675.5,2971.5,3206.5,3340.5,3428.0,2530.0,1841.0,584.0,852.0,1095.0,1389.0,1748.5,1898.5,2064.0,2116.0,0.0,0.0,0.0,0.0,0.0,0.0,0.0,0.0,0.0,0.0,0.0,0.0,0.0,0.0,0.0,0.0,0.0,0.0,0.0,0.0,2249.0,1194.0,327.0,620.0,474.0,1068.5,2866.5,3458.5,3453.0,3648.5,3966.5,3206.5,2487.0,2610.5,2566.5,3103.0,4344.0,4845.5,4735.5,5002.5,1999.5,971.5,438.5,577.0,409.0,878.5,2808.5,3639.5,3600.5,3890.5,3618.5,2605.5,2904.0,2847.0,2649.0,3025.0,3913.5,4304.0,4381.0,4430.5,2681.0,2332.0,701.0,1007.0,1414.0,1669.0,1747.5,1865.5,2016.5,2027.0,2077.0,968.5,420.5,606.0,365.5,910.5,3163.5,4032.5,3946.0,4357.5,0.0,0.0,0.0,0.0,0.0,0.0,0.0,0.0,0.0,0.0,2025.5,1041.5,308.0,573.5,417.0,1003.5,2428.0,2891.5,2925.5,3137.5,4253.5,3762.0,5064.5,4346.5,3611.0,4030.0,4312.5,4400.5,5327.5,4448.5,3412.5,2536.5,429.5,689.0,875.5,1307.5,1673.0,1941.0,2038.5,2306.0,4384.5,3557.0,1851.0,2059.0,2323.5,2864.5,3180.0,3420.0,3228.0,3672.0,3135.0,2312.5,628.0,759.5,924.5,1218.0,1533.5,1743.5,1877.0,2015.5,571.0,399.0,480.0,458.0,453.5,504.0,539.5,617.0,555.0,642.0,3498.5,3292.0,784.0,1090.0,1546.5,1783.0,1903.0,2024.5,2085.5,2290.5,2892.5,2633.5,613.0,876.5,1300.0,1483.5,1589.5,1716.5,1813.0,1882.0,3817.0,3359.0,2054.5,2220.0,2530.5,2749.5,2871.0,3046.5,3236.5,3173.0,3127.5,2574.5,1636.0,1739.0,1944.0,2153.0,2295.0,2415.0,2691.0,2592.5,3384.0,3089.5,828.5,1152.5,1672.0,1940.0,2056.5,2207.0,2318.0,2436.0,3864.0,3574.5,991.0,1408.5,1994.5,2263.5,2431.5,2565.0,2795.0,2769.0,4113.0,3905.0,971.5,1438.5,2047.5,2375.5,2514.0,2698.5,2863.5,2851.5,0.0,0.0,0.0,0.0,0.0,0.0,0.0,0.0,0.0,0.0,0.0,0.0,0.0,0.0,0.0,0.0,0.0,0.0,0.0,0.0,0.0,0.0,0.0,0.0,0.0,0.0,0.0,0.0,0.0,0.0,0.0,0.0,0.0,0.0,0.0,0.0,0.0,0.0,0.0,0.0,202.5,171.0,8605.0,8590.0,8700.5,9002.5,8457.5,8033.0,8171.0,7487.5,3580.0,3067.0,1936.5,2087.5,2330.0,2581.0,2697.0,2820.0,3065.5,3014.5,0.0,0.0,0.0,0.0,0.0,0.0,0.0,0.0,0.0,0.0,2412.5,1801.5,657.0,952.0,1211.0,1542.5,1810.0,1960.0,2117.0,2127.5,2765.0,2087.0,704.5,1055.0,1300.0,1751.5,2197.5,2373.0,2531.5,2550.0,"{""type"":""MultiPoint"",""coordinates"":[]}"
456,3,2311.0,1474.5,756.0,1044.5,1445.5,1748.5,1897.0,2047.0,2250.5,2257.0,4161.5,3534.5,1397.0,1799.5,2345.0,2672.0,2788.5,2958.5,3102.5,3195.0,2465.0,1580.5,846.5,1113.5,1537.0,1792.5,1866.5,2051.0,2219.5,2197.0,2593.0,1737.0,924.0,1239.0,1665.0,1968.0,2101.0,2282.0,2446.0,2421.0,5179.0,4585.0,1843.0,2383.0,3051.0,3412.0,3628.0,3695.0,4078.0,4022.0,0.0,0.0,0.0,0.0,0.0,0.0,0.0,0.0,0.0,0.0,0.0,0.0,0.0,0.0,0.0,0.0,0.0,0.0,0.0,0.0,1387.0,837.0,521.0,796.0,547.0,1131.0,2309.0,2853.0,2839.0,2701.0,2036.0,1040.0,364.0,600.0,299.0,849.0,3092.0,4690.0,4516.0,4616.0,1609.0,733.5,290.0,439.5,200.0,618.0,2782.5,4677.5,4903.0,4843.5,1724.0,817.0,494.0,643.0,401.0,799.0,2900.0,4792.0,4980.0,5180.0,1782.5,1206.5,937.5,1023.0,1200.5,1341.0,1411.0,1480.0,1817.0,1609.5,1452.0,617.0,437.0,543.0,315.0,676.0,2751.0,4541.0,4558.0,4977.0,1358.0,631.0,377.0,557.0,282.0,781.0,2901.0,4781.0,4958.0,5114.0,1449.0,688.0,476.0,737.0,380.0,1088.0,3432.0,4867.0,5002.0,5276.0,1548.0,753.0,427.0,743.0,451.0,1200.0,3240.0,4117.0,4111.0,4515.0,1684.0,902.0,456.0,800.0,625.0,1348.0,2990.0,3640.0,3840.0,4035.0,3001.0,2275.5,907.5,1199.0,1607.5,2012.5,2212.5,2414.5,2530.5,2737.5,3316.5,2767.5,840.5,1108.5,1547.0,1786.5,1937.5,2101.0,2256.5,2402.0,1129.0,942.0,445.5,497.0,559.0,796.0,942.0,1063.5,959.5,1256.0,2385.0,1802.5,558.5,756.5,835.0,1181.5,1445.0,1639.0,1721.5,1777.0,3019.0,2470.0,656.0,956.0,1044.0,1493.0,1870.0,2032.0,2183.0,2233.0,3941.0,3489.0,1661.5,1986.5,2447.0,2730.5,2788.0,2921.0,3151.0,3113.5,2930.0,2396.0,680.0,950.0,1076.0,1482.0,1816.0,2007.0,2265.0,2232.0,1419.0,879.0,438.0,634.0,837.0,1157.0,1297.0,1485.0,1662.0,1658.0,1902.5,1241.5,433.5,690.5,985.5,1243.5,1389.5,1502.0,1724.0,1732.0,2627.0,1923.0,654.0,938.0,1306.0,1518.0,1619.0,1791.0,1968.0,2021.0,2568.0,2077.0,2194.0,2255.0,2567.0,3101.0,3101.0,3215.0,2537.0,3299.0,1280.5,864.0,637.0,777.5,1003.0,1148.0,1228.5,1317.5,1480.0,1436.5,0.0,0.0,0.0,0.0,0.0,0.0,0.0,0.0,0.0,0.0,947.0,1016.0,10508.0,10120.0,10124.0,10305.0,9924.0,9624.0,9940.0,9244.0,1524.5,987.5,607.5,929.0,1323.0,1581.0,1694.0,1873.0,2021.0,2019.5,2899.0,2028.0,802.0,1165.0,1555.0,1860.0,2008.0,2204.0,2395.0,2413.0,2995.5,2157.0,971.0,1276.0,1709.0,1987.0,2131.5,2283.0,2506.5,2501.0,2984.0,2158.0,917.0,1279.0,1754.0,2067.0,2184.0,2341.0,2524.0,2539.0,5634.0,5215.0,2127.0,2699.0,3418.0,3808.0,3886.0,4065.0,4382.0,4348.0,"{""type"":""MultiPoint"",""coordinates"":[]}"
459,5,2238.5,1515.0,658.0,894.0,1283.5,1529.5,1670.5,1831.5,2083.0,2105.5,5431.5,4828.0,1692.5,2184.0,2804.0,3195.0,3356.0,3563.0,3813.0,3891.5,2774.5,1892.5,875.5,1120.0,1464.0,1800.0,1952.5,2138.5,2296.0,2403.0,2670.5,1821.5,922.5,1164.5,1468.5,1791.5,1954.5,2127.5,2333.5,2353.0,0.0,0.0,0.0,0.0,0.0,0.0,0.0,0.0,0.0,0.0,4377.5,3512.0,1416.0,1782.5,2111.5,2555.5,2970.5,3209.5,3409.0,3510.0,0.0,0.0,0.0,0.0,0.0,0.0,0.0,0.0,0.0,0.0,4104.0,3166.0,865.5,1328.5,1304.0,2088.0,3265.5,3541.0,3700.0,3794.5,5364.0,4314.0,4850.0,4568.0,4221.5,4742.0,5419.5,5518.5,5830.5,5653.5,2790.5,1325.0,259.5,551.5,206.5,957.5,4580.5,5981.5,5998.0,6052.5,3084.5,1414.0,410.0,631.0,293.0,1004.0,5203.5,7295.5,7217.5,7542.0,2803.5,2163.5,816.0,1030.5,1424.0,1695.0,1789.0,1953.0,2183.0,2201.5,3083.0,1395.0,515.0,705.0,382.0,971.5,5039.0,7344.5,7028.0,7639.0,2633.0,1161.5,441.5,580.0,313.5,844.0,4453.0,6329.5,6402.0,6593.0,5642.0,5471.0,6492.0,6267.0,6153.0,7035.0,7063.0,7028.0,6999.0,7020.0,2579.0,1222.5,444.0,661.5,416.0,1046.5,4076.0,5338.0,5151.5,5673.0,2513.5,1233.5,359.5,728.5,452.5,1317.5,3567.5,4237.5,4374.5,4523.0,0.0,0.0,0.0,0.0,0.0,0.0,0.0,0.0,0.0,0.0,2958.5,2158.0,479.5,656.5,976.5,1228.5,1360.0,1548.0,1713.0,1841.5,2968.0,2330.0,593.5,734.0,951.5,1163.5,1242.5,1377.5,1411.5,1585.5,3460.5,2677.5,645.0,856.0,1219.0,1425.0,1554.5,1719.5,1898.5,1969.0,4025.5,3131.5,849.0,1085.5,1510.5,1801.0,1931.5,2125.0,2277.5,2406.0,0.0,0.0,0.0,0.0,0.0,0.0,0.0,0.0,0.0,0.0,3889.5,2882.0,821.0,1088.0,1343.0,1705.5,2060.5,2194.0,2407.0,2456.0,0.0,0.0,0.0,0.0,0.0,0.0,0.0,0.0,0.0,0.0,2473.0,1527.5,480.0,784.0,847.5,1316.0,2133.0,2351.0,2560.0,2569.0,4118.5,3163.0,2366.0,2409.5,2488.5,2856.0,3415.0,3656.5,4105.0,3823.5,0.0,0.0,0.0,0.0,0.0,0.0,0.0,0.0,0.0,0.0,2638.0,1728.0,534.5,865.0,696.0,1374.0,2703.0,3083.5,3407.0,3350.5,0.0,0.0,0.0,0.0,0.0,0.0,0.0,0.0,0.0,0.0,973.0,1050.0,10830.0,10446.5,10383.0,10491.5,10144.0,9730.0,10118.0,9349.0,0.0,0.0,0.0,0.0,0.0,0.0,0.0,0.0,0.0,0.0,2797.5,2058.0,757.5,1010.0,1356.0,1632.5,1781.5,1921.5,2155.0,2183.0,3055.5,2229.0,860.0,1166.0,1477.0,1789.0,1996.5,2149.0,2401.0,2427.5,2630.0,1794.5,745.5,1014.0,1346.0,1675.0,1874.0,2048.0,2322.5,2299.0,0.0,0.0,0.0,0.0,0.0,0.0,0.0,0.0,0.0,0.0,"{""type"":""MultiPoint"",""coordinates"":[]}"
476,5,178.0,127.0,273.0,346.0,387.0,444.0,258.0,263.0,331.0,203.0,4118.0,3485.0,1048.0,1367.0,1720.0,2013.0,2147.0,2345.0,2526.0,2595.0,1963.0,1202.0,654.0,802.0,1006.5,1243.0,1365.0,1506.5,1643.0,1710.5,2242.0,1454.0,765.0,930.0,1145.0,1381.0,1569.0,1700.0,1915.0,1962.0,0.0,0.0,0.0,0.0,0.0,0.0,0.0,0.0,0.0,0.0,4419.0,3698.0,1242.0,1522.0,1817.0,2169.0,2610.0,2915.0,3021.0,3149.0,2336.0,1475.0,665.0,841.0,844.0,1305.0,1895.0,2232.0,2154.0,2351.0,3604.0,2644.0,789.0,1176.0,1131.0,1756.0,3040.0,3480.0,3633.0,3706.0,3579.0,2345.0,911.0,1269.0,1262.0,1828.0,3321.0,3911.0,3900.0,4219.0,1991.0,1181.0,738.0,882.0,752.0,1108.0,2498.0,3060.0,3207.0,3199.0,2402.0,1039.0,599.0,899.0,458.0,1271.0,4288.0,5216.0,5120.0,5515.0,315.0,275.0,388.0,483.0,562.0,649.0,526.0,538.0,594.0,477.0,2467.0,1220.5,516.0,713.5,433.5,1055.0,3893.0,5049.5,5045.0,5414.0,2323.0,1193.0,376.0,558.0,366.0,860.0,3436.0,4630.0,4756.0,4818.0,2125.0,1002.0,388.0,537.0,305.0,814.0,3374.0,4605.0,4496.0,4813.0,2766.0,1482.0,964.0,1170.5,967.5,1528.0,3741.5,4693.0,4656.5,4956.0,2029.5,1063.5,337.5,613.0,403.0,1068.5,2824.5,3485.5,3718.0,3736.0,0.0,0.0,0.0,0.0,0.0,0.0,0.0,0.0,0.0,0.0,3043.5,2313.5,506.5,669.5,927.5,1148.0,1327.0,1485.0,1663.5,1782.0,2406.0,1580.0,616.0,737.0,958.0,1171.0,1287.0,1412.0,1453.0,1599.0,3355.5,2572.0,715.5,929.5,1167.5,1417.5,1632.0,1795.0,1975.0,2032.5,2562.5,1944.5,584.0,750.5,907.5,1134.0,1348.5,1523.5,1606.0,1677.0,0.0,0.0,0.0,0.0,0.0,0.0,0.0,0.0,0.0,0.0,2985.0,2042.0,668.0,881.0,1112.0,1362.0,1546.0,1714.0,1945.0,1934.0,0.0,0.0,0.0,0.0,0.0,0.0,0.0,0.0,0.0,0.0,146.0,107.0,471.0,731.0,805.0,892.0,564.0,624.0,578.0,384.0,442.5,330.0,720.5,921.5,998.0,1152.0,946.0,1054.5,973.0,895.0,0.0,0.0,0.0,0.0,0.0,0.0,0.0,0.0,0.0,0.0,284.0,187.0,480.0,625.0,692.0,901.0,784.0,858.0,919.0,789.0,0.0,0.0,0.0,0.0,0.0,0.0,0.0,0.0,0.0,0.0,1040.0,1101.0,10193.0,9920.0,9929.0,10046.0,9672.0,9472.0,9885.0,9071.0,0.0,0.0,0.0,0.0,0.0,0.0,0.0,0.0,0.0,0.0,2548.0,1781.0,827.0,1027.0,1304.0,1625.0,1753.0,1940.0,2197.0,2213.0,0.0,0.0,0.0,0.0,0.0,0.0,0.0,0.0,0.0,0.0,1500.0,928.0,582.0,743.0,946.0,1163.0,1274.0,1389.0,1599.0,1589.0,2607.0,1506.0,2233.0,2132.0,1907.0,2037.0,1957.0,2003.0,3015.0,1989.0,"{""type"":""MultiPoint"",""coordinates"":[]}"
526,3,2232.5,1481.0,527.0,749.0,937.0,1252.0,1560.5,1730.0,2006.0,1984.0,4311.0,3968.0,1321.5,1744.5,2271.5,2533.0,2639.0,2780.5,2999.5,3016.0,2478.0,1709.0,723.5,917.0,1269.5,1480.0,1589.5,1700.5,1862.5,1880.5,4685.0,4249.5,1434.0,1916.0,2336.0,2805.5,3011.0,3181.0,3449.0,3414.0,3863.0,3154.5,1048.0,1396.0,1750.5,2145.0,2326.0,2488.0,2635.0,2792.5,5051.5,4858.0,1660.0,2123.0,2726.0,3033.5,3113.0,3334.5,3442.5,3549.5,6357.5,5969.0,2314.5,2922.0,3729.5,4134.5,4141.5,4398.5,4579.0,4692.0,5914.0,5498.5,1905.0,2513.5,3088.0,3612.5,3750.5,3974.0,4065.5,4269.0,2553.5,2070.5,1440.0,1536.0,1566.0,2037.0,2628.5,3006.0,2967.5,3194.0,2489.0,1800.0,806.5,1123.0,1192.0,1649.0,2193.5,2394.5,2381.5,2523.5,0.0,0.0,0.0,0.0,0.0,0.0,0.0,0.0,0.0,0.0,2579.0,1828.5,629.0,833.5,1026.5,1338.5,1651.5,1829.0,2079.5,2043.5,2144.0,1080.5,909.0,988.5,733.0,1195.0,2935.0,4075.0,4075.5,4269.5,1530.5,701.0,404.5,497.0,294.5,661.5,2503.0,3992.0,4025.5,4121.0,728.0,446.5,397.5,350.5,254.5,431.5,1195.5,1921.0,1718.5,1899.0,1339.5,619.0,298.0,425.0,236.0,647.0,2423.0,3959.0,3903.0,4212.0,1504.0,718.5,314.5,590.0,312.0,950.0,2954.5,4177.5,4358.0,4480.5,0.0,0.0,0.0,0.0,0.0,0.0,0.0,0.0,0.0,0.0,1693.5,919.0,392.0,705.5,588.0,1270.0,2744.0,3413.0,3629.0,3754.0,2068.5,1176.5,527.5,893.5,793.5,1529.0,2732.5,3127.0,3247.0,3466.5,2926.0,1999.5,729.0,1058.5,1276.5,1815.0,2242.0,2498.0,2747.5,2817.0,3107.5,2294.5,815.5,1120.0,1455.5,1867.0,2202.0,2341.5,2596.5,2632.0,0.0,0.0,0.0,0.0,0.0,0.0,0.0,0.0,0.0,0.0,2647.5,1813.5,720.5,1020.0,1254.0,1645.0,1927.0,2079.5,2337.5,2380.0,3076.0,2094.0,947.0,1190.5,1514.0,1911.0,2046.5,2312.5,2351.5,2488.5,1958.0,1194.0,526.0,800.5,1189.5,1471.5,1615.0,1802.0,2037.5,2054.5,2382.5,1553.0,680.5,951.5,1325.5,1611.0,1729.0,1900.0,2124.5,2208.5,0.0,0.0,0.0,0.0,0.0,0.0,0.0,0.0,0.0,0.0,2159.5,1406.0,590.5,802.0,1070.5,1318.5,1456.5,1624.5,1859.0,1835.5,0.0,0.0,0.0,0.0,0.0,0.0,0.0,0.0,0.0,0.0,454.0,475.5,10011.0,9685.0,9634.0,9709.5,9422.0,8993.5,9375.5,8629.5,0.0,0.0,0.0,0.0,0.0,0.0,0.0,0.0,0.0,0.0,2709.5,1884.0,628.0,885.0,1083.5,1456.0,1826.5,2018.0,2279.0,2259.0,2980.5,2072.0,709.0,1030.0,1223.0,1645.5,1962.0,2146.0,2397.0,2371.5,2490.5,1646.0,631.0,944.0,1159.0,1627.0,1898.0,2058.5,2314.0,2297.5,2723.5,1797.5,841.0,1174.0,1391.0,1839.5,2058.5,2223.0,2408.0,2512.0,"{""type"":""MultiPoint"",""coordinates"":[]}"
553,5,2673.0,1872.0,756.0,1134.0,1427.0,1904.0,2368.0,2556.0,2825.0,2772.0,4640.5,4090.0,1699.0,2243.0,2953.0,3298.0,3438.0,3558.0,3769.5,3809.5,2929.0,2101.0,937.0,1271.0,1777.0,2053.0,2203.0,2390.0,2610.0,2635.0,3472.5,2632.0,1129.0,1615.0,1982.5,2479.0,2873.0,3056.0,3235.5,3229.5,2990.0,2117.0,876.0,1363.0,1590.0,2150.0,2597.0,2756.0,2968.0,2952.0,3240.0,2086.0,903.0,1319.0,1350.0,1976.0,3630.0,4053.0,4355.0,4213.0,4410.0,3823.0,4073.0,4011.0,3903.0,4400.0,4953.0,5095.0,4973.0,5114.0,2844.5,1409.0,365.5,724.0,403.5,1169.5,4357.0,5442.0,5423.5,5569.0,2550.5,1172.0,229.0,437.0,197.5,701.5,4245.5,5811.5,5821.5,5977.5,2832.0,1275.0,308.0,485.0,245.0,692.0,4503.0,6261.0,6423.0,6480.0,2598.0,1211.0,313.0,472.0,274.0,755.0,4251.0,5901.0,5881.0,6131.0,2390.5,1670.0,735.5,1037.0,1386.5,1875.5,2303.5,2441.0,2672.0,2622.5,2516.5,1089.0,367.5,583.0,300.5,822.5,4224.5,5297.0,5174.0,5735.0,2755.0,1223.0,322.0,681.0,328.0,1108.0,4441.0,5520.0,5477.0,5978.0,2194.0,912.0,410.0,586.0,273.0,993.0,3730.0,4635.0,4511.0,4898.0,1074.5,632.5,462.5,551.5,415.0,748.0,1487.5,1839.5,1666.5,1985.0,2308.0,1509.5,896.5,1023.5,976.5,1463.0,2014.0,2247.5,2208.0,2477.5,2760.5,1906.5,432.5,643.5,738.0,1126.5,1567.0,1726.0,1917.5,2116.5,2981.0,2155.0,694.0,823.0,1035.5,1283.0,1425.5,1595.5,1762.0,1892.5,2702.0,1862.0,759.0,1079.0,1523.0,1794.0,1895.0,2080.0,2113.0,2294.0,4183.0,3565.0,1363.0,1817.0,2139.0,2651.0,2866.0,3051.0,3066.0,3231.0,4835.0,4440.0,1660.0,2201.0,2746.0,3274.0,3388.0,3532.0,3576.0,3728.0,2209.0,1566.0,1503.0,1582.5,1688.0,1976.5,2176.5,2205.0,2516.5,2312.5,2978.5,2176.0,812.5,1236.5,1442.5,1980.5,2306.5,2472.5,2679.0,2669.5,3637.0,2977.0,1081.0,1649.0,1842.0,2532.0,3056.0,3160.0,3332.0,3335.0,2355.0,1477.0,555.0,956.0,1037.0,1736.0,2646.0,2862.0,3091.0,3058.0,2494.5,1602.0,601.5,1000.0,1065.5,1761.0,2691.5,2894.0,3057.0,3090.5,0.0,0.0,0.0,0.0,0.0,0.0,0.0,0.0,0.0,0.0,1918.5,1009.0,459.0,827.0,549.5,1474.5,3373.5,3681.5,3796.5,3843.0,0.0,0.0,0.0,0.0,0.0,0.0,0.0,0.0,0.0,0.0,72.0,83.0,9708.0,9662.0,9533.0,9863.0,9325.0,8485.0,8614.0,7696.0,568.0,375.0,5668.0,5770.0,5831.0,6166.0,6033.0,5748.0,5908.0,5461.0,2501.5,1709.0,717.0,1052.5,1311.5,1829.5,2326.0,2522.0,2795.0,2729.5,3615.0,3064.0,1203.0,1640.0,2096.0,2615.0,2902.0,3096.0,3304.0,3453.0,3318.0,2593.0,994.0,1376.0,1795.0,2115.0,2306.0,2443.0,2703.0,2671.0,3220.0,2496.0,1031.0,1391.0,1816.0,2180.0,2339.0,2470.0,2681.0,2744.0,"{""type"":""MultiPoint"",""coordinates"":[]}"
593,5,1017.0,761.0,927.0,1232.0,1470.0,1580.0,1286.0,1422.0,1664.0,1419.0,4759.0,4111.0,1069.0,1474.0,1909.0,2494.0,2766.0,2919.0,3050.0,3194.0,1967.0,1266.0,687.0,924.0,1156.0,1492.0,1703.0,1903.0,2228.0,2225.0,3041.0,2132.0,661.0,934.0,1019.0,1458.0,2122.0,2387.0,2664.0,2549.0,3982.0,3211.0,786.0,1181.0,1298.0,1952.0,2801.0,2968.0,3266.0,3323.0,4523.0,3778.0,959.0,1356.0,1466.0,2115.0,3146.0,3485.0,3628.0,3712.0,0.0,0.0,0.0,0.0,0.0,0.0,0.0,0.0,0.0,0.0,3358.0,2294.0,634.0,968.0,1000.0,1582.0,2503.0,2790.0,3055.0,2998.0,0.0,0.0,0.0,0.0,0.0,0.0,0.0,0.0,0.0,0.0,4374.0,3452.5,969.0,1438.0,1623.5,2335.0,3112.5,3352.5,3416.0,3680.0,3372.0,2100.0,811.0,1138.0,1178.0,1826.0,2824.0,3131.0,3295.0,3504.0,1139.0,751.0,932.0,1292.0,1630.0,1831.0,1552.0,1533.0,1796.0,1547.0,3524.0,2180.0,812.0,1182.5,1104.0,1780.5,3374.0,3846.0,3671.5,4124.5,3200.0,2064.5,718.0,1028.0,1019.5,1599.0,3016.0,3575.5,3480.5,3893.0,3234.0,2100.0,1638.0,1854.0,1787.0,2332.0,4053.0,5021.0,4653.0,5335.0,2756.0,1662.0,1375.5,1564.5,1386.5,1798.0,3314.5,4017.5,3971.0,4166.0,2545.0,1532.0,471.0,753.5,674.0,1176.5,2611.5,3109.0,3153.5,3344.0,0.0,0.0,0.0,0.0,0.0,0.0,0.0,0.0,0.0,0.0,2742.5,1802.5,417.0,737.0,656.0,1235.0,2279.0,2656.5,2867.0,2932.0,2287.0,1431.0,425.0,706.0,653.0,1174.0,1983.0,2246.0,2394.0,2360.0,2817.0,1927.5,438.5,693.0,686.5,1125.5,1901.0,2276.5,2548.5,2542.0,3726.0,2847.5,903.5,1122.5,1273.5,1780.0,2419.5,2739.0,3058.0,3068.5,0.0,0.0,0.0,0.0,0.0,0.0,0.0,0.0,0.0,0.0,2727.0,1781.5,473.5,728.0,698.5,1179.0,2023.0,2247.5,2703.0,2535.0,3801.0,2771.0,1426.0,1545.0,1708.0,2178.0,2588.0,2719.0,2947.0,2984.0,2067.0,1308.0,502.0,740.0,1084.0,1427.0,1610.0,1753.0,2093.0,1963.0,2482.5,1716.5,864.0,1169.5,1538.5,1862.0,2090.0,2229.0,2479.0,2439.0,0.0,0.0,0.0,0.0,0.0,0.0,0.0,0.0,0.0,0.0,1633.0,1137.0,856.0,1239.0,1602.0,1924.0,1930.0,2066.0,2241.0,2117.0,0.0,0.0,0.0,0.0,0.0,0.0,0.0,0.0,0.0,0.0,322.0,375.0,10756.0,10444.0,10286.0,10429.0,9975.0,9567.0,9978.0,9046.0,0.0,0.0,0.0,0.0,0.0,0.0,0.0,0.0,0.0,0.0,1951.0,1523.0,613.0,851.0,1179.0,1327.0,1424.0,1560.0,1941.0,1798.0,2897.0,2089.0,766.0,1063.0,1381.0,1676.0,1792.0,1913.0,2274.0,2139.0,1981.0,1303.0,632.0,923.0,1198.0,1432.0,1690.0,1945.0,2263.0,2217.0,2208.0,1445.0,635.0,908.0,1144.0,1516.0,1802.0,1981.0,2138.0,2237.0,"{""type"":""MultiPoint"",""coordinates"":[]}"
596,5,1853.0,1159.0,474.0,771.0,1146.0,1484.0,1748.0,1898.0,2135.0,2195.0,1327.0,802.0,565.0,706.0,752.0,1135.0,1394.0,1505.0,1493.0,1569.0,0.0,0.0,0.0,0.0,0.0,0.0,0.0,0.0,0.0,0.0,3898.0,3804.0,908.0,1253.0,1868.0,2148.0,2297.0,2487.0,2611.0,2755.0,2399.0,1707.0,564.0,824.0,1257.0,1496.0,1654.0,1797.0,1954.0,2032.0,0.0,0.0,0.0,0.0,0.0,0.0,0.0,0.0,0.0,0.0,3230.0,2111.0,944.0,1177.0,1409.0,1956.0,2616.0,2886.0,2928.0,3169.0,4630.0,3713.0,1109.0,1612.0,1833.0,2696.0,4090.0,4581.0,4567.0,4953.0,4082.0,2961.0,869.5,1367.5,1411.0,2225.0,4445.5,5197.0,5241.5,5489.5,4605.0,3880.0,4941.0,4615.0,4329.0,4836.0,5243.0,5611.0,5655.0,5655.0,0.0,0.0,0.0,0.0,0.0,0.0,0.0,0.0,0.0,0.0,2673.0,1959.5,582.0,904.0,1332.5,1698.5,1985.0,2170.0,2426.0,2408.5,2283.0,977.0,241.0,473.5,199.5,788.5,4194.5,5877.5,5674.5,6228.0,0.0,0.0,0.0,0.0,0.0,0.0,0.0,0.0,0.0,0.0,2814.0,1189.0,304.0,545.0,261.0,857.0,4928.0,6631.0,6442.0,7097.0,2379.0,990.5,328.0,548.5,297.5,890.0,4115.5,5449.0,5424.5,5823.0,1987.0,910.0,193.0,487.0,245.0,893.0,3515.0,4372.0,4350.0,4724.0,2367.0,1322.0,394.0,932.0,939.0,2012.0,2984.0,3336.0,3559.0,3828.0,3344.0,2383.5,451.5,671.5,1065.5,1387.5,1540.5,1767.5,1910.5,2164.5,0.0,0.0,0.0,0.0,0.0,0.0,0.0,0.0,0.0,0.0,4064.0,2923.0,846.0,1166.0,1709.0,2041.0,2183.0,2398.0,2532.0,2719.0,3138.0,2554.5,610.5,866.0,1304.5,1565.0,1718.0,1875.5,2034.0,2117.0,3030.0,2189.0,871.0,1181.0,1680.0,1991.0,2268.0,2478.0,2839.0,2812.0,2671.5,1999.5,566.5,805.0,1168.0,1440.0,1633.0,1804.0,1928.0,2002.0,2866.0,2175.0,595.0,889.0,1174.0,1554.0,1963.0,2159.0,2312.0,2380.0,2992.0,2285.0,552.0,955.0,1156.0,1624.0,2249.0,2480.0,2779.0,2747.0,2861.0,2109.0,482.0,884.0,957.0,1558.0,2452.0,2702.0,2889.0,2920.0,0.0,0.0,0.0,0.0,0.0,0.0,0.0,0.0,0.0,0.0,0.0,0.0,0.0,0.0,0.0,0.0,0.0,0.0,0.0,0.0,0.0,0.0,0.0,0.0,0.0,0.0,0.0,0.0,0.0,0.0,0.0,0.0,0.0,0.0,0.0,0.0,0.0,0.0,0.0,0.0,219.0,189.0,9986.0,9789.0,9708.0,9969.0,9340.0,8751.0,8829.0,8064.0,3257.5,2674.0,1165.5,1608.0,2080.5,2433.0,2589.5,2717.5,2612.5,2867.5,0.0,0.0,0.0,0.0,0.0,0.0,0.0,0.0,0.0,0.0,2741.5,1866.5,637.5,1010.0,1227.0,1826.0,2425.5,2663.0,2870.0,2894.5,3217.0,2309.5,758.5,1187.5,1412.0,2148.0,2795.5,3040.5,3252.5,3254.5,"{""type"":""MultiPoint"",""coordinates"":[]}"
616,5,2119.0,1350.5,642.0,844.5,961.0,1239.0,1642.0,1795.0,2055.5,1975.5,3629.5,2932.5,941.0,1232.0,1577.5,2006.0,2097.0,2355.5,2457.5,2524.5,2490.0,1636.0,856.0,1101.0,1392.5,1606.5,1609.0,1731.0,1938.0,1920.0,2699.5,1991.5,887.5,1085.5,1369.0,1495.0,1589.5,1755.0,1946.5,1921.5,0.0,0.0,0.0,0.0,0.0,0.0,0.0,0.0,0.0,0.0,3853.5,3127.5,1061.5,1312.0,1633.0,1988.0,2216.5,2358.0,2496.5,2609.5,0.0,0.0,0.0,0.0,0.0,0.0,0.0,0.0,0.0,0.0,3419.0,2541.5,810.0,1120.5,1163.5,1632.5,2632.0,2801.5,2939.0,3070.5,3091.5,1769.5,597.0,956.0,704.0,1425.0,3562.5,4191.5,4200.5,4429.0,2853.5,1522.0,752.0,1175.0,1010.0,1619.0,3659.0,4416.5,4637.0,4543.0,2607.0,1321.0,1166.5,1328.0,950.5,1580.0,4193.5,5426.5,5191.0,5747.0,2301.0,1626.0,584.5,762.5,940.0,1214.5,1591.0,1822.0,2003.0,1952.5,2468.5,1112.5,526.5,883.0,432.5,1202.0,4092.5,5279.0,5289.0,5569.5,2309.0,1073.0,513.0,841.5,458.5,1171.5,3847.5,5012.0,5202.5,5241.0,2292.0,1082.0,466.0,816.5,466.5,1213.5,3612.0,4660.0,4602.0,5035.0,2291.0,1300.5,748.0,984.5,744.5,1381.0,3159.5,3843.0,3764.5,4145.0,2217.0,1078.0,393.5,723.0,462.0,1171.5,3196.5,3848.5,4071.0,4206.5,0.0,0.0,0.0,0.0,0.0,0.0,0.0,0.0,0.0,0.0,2889.0,1914.0,488.5,722.0,877.0,1345.5,1861.5,2151.5,2431.5,2466.5,2562.0,1702.0,531.0,748.0,894.0,1307.5,1736.5,1826.0,1965.5,2114.0,3177.5,2204.5,517.0,763.0,952.5,1403.0,1889.5,2120.5,2386.5,2471.5,3561.0,2489.0,654.5,926.5,1185.5,1684.0,2179.0,2467.0,2682.0,2814.0,0.0,0.0,0.0,0.0,0.0,0.0,0.0,0.0,0.0,0.0,3278.5,2280.5,672.0,920.0,1312.5,1691.5,1927.5,2110.5,2411.0,2468.0,0.0,0.0,0.0,0.0,0.0,0.0,0.0,0.0,0.0,0.0,2236.0,1361.0,505.0,743.5,1079.5,1334.0,1605.0,1757.5,2029.5,2079.5,2804.5,1928.5,732.5,990.0,1373.5,1674.5,1812.5,2040.0,2234.0,2337.0,0.0,0.0,0.0,0.0,0.0,0.0,0.0,0.0,0.0,0.0,2154.0,1526.5,724.5,931.5,1215.0,1371.0,1361.5,1444.0,1682.0,1727.0,0.0,0.0,0.0,0.0,0.0,0.0,0.0,0.0,0.0,0.0,1031.5,1129.5,10771.5,10381.0,10309.0,10456.0,10035.0,9765.0,10082.0,9378.5,0.0,0.0,0.0,0.0,0.0,0.0,0.0,0.0,0.0,0.0,2329.5,1558.5,615.0,820.5,968.0,1261.5,1539.5,1723.0,1905.5,1920.5,2292.0,1468.5,736.5,1017.5,1145.5,1388.5,1703.5,1938.5,2162.0,2088.5,2369.0,1636.5,1453.0,1529.0,1674.0,1938.5,2068.0,2199.0,2439.0,2332.5,2671.5,1767.5,931.5,1168.0,1458.5,1691.5,1824.0,1946.0,2149.5,2132.5,"{""type"":""MultiPoint"",""coordinates"":[]}"
619,5,1305.0,980.5,816.0,873.0,981.0,1151.0,1300.5,1387.0,1569.0,1481.0,4457.0,4144.0,973.0,1333.0,1877.0,2229.0,2390.0,2586.0,2755.0,2935.0,0.0,0.0,0.0,0.0,0.0,0.0,0.0,0.0,0.0,0.0,3641.5,3071.5,1046.0,1301.5,1685.0,2029.5,2199.0,2402.0,2506.0,2690.0,4424.0,3903.0,1151.0,1550.0,2107.0,2513.0,2739.0,2955.0,3134.0,3276.0,3215.0,2305.0,829.0,1079.0,1438.0,1798.0,2057.0,2272.0,2360.0,2568.0,0.0,0.0,0.0,0.0,0.0,0.0,0.0,0.0,0.0,0.0,5692.0,5391.0,1433.0,1831.0,2505.0,2953.0,3083.0,3433.0,3517.0,3898.0,5215.0,4642.0,1362.5,1738.5,2322.0,2741.5,3005.5,3390.5,3569.0,3822.0,4573.0,3873.0,1880.0,2046.0,2236.0,2735.0,3467.0,3905.0,4027.0,4282.0,3776.0,2944.0,3783.0,3565.0,3399.0,3585.0,3803.0,3895.0,4272.0,3947.0,2884.0,2211.0,591.0,801.0,1117.0,1486.0,1776.0,1979.0,2245.0,2261.0,3152.0,1897.0,568.0,786.0,626.0,1202.0,3264.0,4239.0,4118.0,4389.0,2846.0,1563.0,469.0,654.0,416.0,954.0,3704.0,4875.0,4932.0,5257.0,2755.0,1388.0,415.5,612.5,394.5,924.5,4013.5,5503.0,5461.5,5880.0,2454.5,1067.0,228.5,401.5,185.5,662.0,4123.5,5797.5,5609.5,6074.0,2114.0,932.0,170.0,356.0,193.0,610.0,3555.0,4869.0,4850.0,5200.0,3368.5,2550.5,1729.5,1909.0,1825.0,2373.5,4219.5,5043.0,4887.5,5300.5,2204.5,1054.5,422.5,718.0,393.5,1149.5,3663.5,4439.0,4473.5,4787.5,2638.0,1869.0,434.0,776.0,868.0,1415.0,1908.0,2061.0,2410.0,2553.0,3642.5,3050.0,1728.0,1838.0,2035.5,2408.0,2627.5,2846.5,2805.0,2994.5,2960.5,2374.5,470.5,651.5,922.0,1132.5,1285.5,1413.0,1602.5,1698.5,2233.0,1653.0,554.0,727.0,980.0,1292.0,1621.0,1800.0,2035.0,2039.0,2542.0,1907.0,434.5,608.5,853.0,1055.5,1213.5,1341.5,1561.0,1610.0,0.0,0.0,0.0,0.0,0.0,0.0,0.0,0.0,0.0,0.0,3254.0,2280.0,830.0,1118.0,1421.0,1825.0,2215.0,2370.0,2691.0,2631.0,3191.0,2227.0,802.0,1083.0,1352.0,1786.0,2265.0,2408.0,2582.0,2682.0,0.0,0.0,0.0,0.0,0.0,0.0,0.0,0.0,0.0,0.0,3036.0,2798.0,4916.0,3736.0,3378.0,3638.0,3618.0,3662.0,3748.0,3646.0,2275.0,1654.0,507.0,726.0,975.0,1337.0,1659.0,1783.0,2002.0,2042.0,0.0,0.0,0.0,0.0,0.0,0.0,0.0,0.0,0.0,0.0,884.0,593.0,4354.0,4439.0,4712.0,5011.0,4997.0,4864.0,5093.0,4832.0,2552.0,1779.0,521.0,744.0,971.0,1347.0,1750.0,1986.0,2187.0,2203.0,2546.0,1773.0,572.0,840.0,913.0,1466.0,2231.0,2445.0,2682.0,2663.0,2533.0,1715.5,549.0,868.0,926.0,1569.0,2375.0,2586.0,2863.5,2839.5,3937.5,3378.5,880.0,1242.0,1560.0,2200.0,2815.5,3074.0,3360.0,3411.0,"{""type"":""MultiPoint"",""coordinates"":[]}"
657,3,1816.0,1029.0,1011.0,1512.0,1720.0,1923.5,1913.0,2021.0,1910.5,2167.0,3408.0,2598.0,980.0,1411.5,1854.0,2191.0,2286.0,2470.5,2565.0,2670.0,2561.5,1630.5,847.5,1135.5,1471.0,1702.0,1874.5,1983.0,2207.5,2159.5,861.0,488.5,863.5,1176.0,1467.0,1744.5,1556.0,1583.0,1511.0,1215.5,3593.5,2838.5,1110.5,1576.0,1976.0,2363.0,2494.5,2662.0,2815.0,2804.5,4801.0,4077.5,1496.0,2024.5,2426.5,2920.5,3244.0,3417.0,3546.5,3610.5,712.5,394.0,524.5,515.5,415.0,556.0,636.5,693.5,750.0,686.0,1716.0,964.0,460.5,729.0,444.5,1028.0,2665.0,3411.5,3224.5,3331.0,2031.5,1061.5,475.0,769.5,606.5,1159.5,3432.0,4517.5,4397.0,4561.0,1811.0,894.0,374.0,583.5,284.0,807.0,3159.5,4727.0,4490.0,4854.5,1819.5,866.0,343.5,548.0,292.5,765.0,3233.5,5035.5,4964.0,5178.0,2286.5,1471.0,630.5,964.0,1330.0,1574.5,1662.5,1755.0,1942.5,1897.5,1808.0,784.0,436.5,634.5,324.0,827.5,3656.5,5845.0,5656.0,6174.0,1781.5,791.0,605.5,909.0,479.5,1280.5,3877.0,5460.0,5588.0,5854.5,1976.5,967.5,529.5,951.0,494.5,1424.0,3967.0,5041.5,4837.5,5389.5,2118.0,1127.5,583.5,1012.5,601.0,1510.0,3974.5,4938.0,4897.5,5382.0,2288.0,1210.0,517.5,973.0,766.0,1765.5,3449.0,4192.0,4311.0,4616.5,2306.0,1320.0,472.5,824.5,924.0,1655.5,2706.0,3242.5,3565.5,3864.0,3239.0,2317.0,720.5,1018.0,1321.5,1747.5,2089.0,2278.0,2431.5,2553.0,2465.5,1947.5,1330.5,1400.5,1566.5,1929.5,2113.0,2241.0,2005.5,2367.5,3334.5,2347.5,2009.5,2039.0,2043.0,2406.0,2774.0,2905.5,2991.5,3030.5,2663.0,2234.0,643.0,867.0,1220.5,1447.5,1617.0,1759.0,1841.0,1963.0,1901.0,1137.0,1921.5,1880.0,1984.5,2216.5,2206.5,2208.5,2497.5,2181.5,2542.0,1981.0,834.5,1122.5,1574.5,1753.5,1895.5,2000.5,2115.5,2156.0,3248.5,2723.5,1326.5,1613.0,2034.5,2248.0,2282.0,2400.0,2457.5,2544.5,2492.5,1827.5,765.5,1072.5,1536.5,1727.0,1822.0,1938.0,2212.0,2123.0,3251.0,2613.5,1041.5,1332.0,1815.5,2093.5,2129.5,2279.5,2433.5,2406.0,0.0,0.0,0.0,0.0,0.0,0.0,0.0,0.0,0.0,0.0,2266.0,1593.0,778.5,975.5,1292.0,1499.5,1573.5,1699.5,1817.5,1896.0,0.0,0.0,0.0,0.0,0.0,0.0,0.0,0.0,0.0,0.0,50.0,52.5,9728.0,9770.0,9628.0,9768.5,9239.5,8360.0,8496.5,7654.0,235.0,201.0,6266.5,6345.0,6425.0,6177.0,5953.5,5671.5,5931.0,4973.0,2184.0,1363.0,775.0,1096.0,1462.0,1725.0,1840.5,1927.5,2168.0,2158.0,2568.5,1624.0,797.0,1141.0,1488.0,1734.0,1787.5,1917.5,2190.5,2127.5,2502.5,1652.0,809.5,1120.0,1473.5,1731.5,1828.0,1970.5,2200.5,2173.5,2623.5,1963.5,832.5,1194.5,1590.0,1773.5,1788.5,1911.0,2025.5,2017.0,"{""type"":""MultiPoint"",""coordinates"":[]}"
665,5,1713.0,1199.0,472.5,591.0,812.0,943.0,1002.5,1114.0,1254.5,1264.0,2899.5,2267.5,741.0,1015.5,1218.5,1660.0,2057.0,2212.0,2346.0,2417.0,1997.0,1259.0,598.0,766.0,904.0,1266.0,1562.0,1725.0,1907.0,1906.0,3408.0,2864.0,916.0,1204.0,1473.0,1843.0,2121.0,2309.0,2556.0,2552.0,2229.0,1530.0,511.0,714.0,890.0,1179.0,1455.0,1579.0,1746.0,1772.0,3967.0,3167.0,1103.0,1429.5,1670.0,2188.0,2706.0,2964.0,3076.0,3190.0,0.0,0.0,0.0,0.0,0.0,0.0,0.0,0.0,0.0,0.0,2413.5,1619.0,662.0,837.5,1091.5,1356.5,1451.5,1583.0,1647.0,1778.5,4008.0,3535.0,1193.0,1467.0,1857.0,2183.0,2317.0,2518.0,2510.0,2725.0,4284.5,3672.5,1354.5,1721.5,2180.5,2510.0,2701.0,2883.5,2960.0,3121.0,3910.0,3374.0,1218.0,1534.0,1859.0,2200.0,2517.0,2720.0,2794.0,2947.0,2045.0,1653.0,575.0,732.0,956.0,1077.0,1159.0,1288.0,1465.0,1434.0,3197.5,2170.5,796.0,1136.5,1065.5,1673.5,2989.5,3418.5,3329.0,3610.5,2932.0,1505.0,1081.0,1267.0,866.0,1598.0,3756.0,4477.0,4376.0,4534.0,2725.0,1367.0,367.0,607.0,306.0,953.0,4081.0,5405.0,5220.0,5509.0,1853.5,841.0,395.5,446.0,271.0,666.5,3081.0,4228.0,3947.0,4355.0,2220.0,964.0,202.0,445.0,193.0,745.0,3949.0,4848.0,4834.0,5033.0,2315.5,1013.5,268.5,516.0,227.0,849.0,4076.5,5256.5,5205.5,5499.5,2169.5,1022.0,285.0,564.0,250.5,947.5,3649.0,4356.5,4543.5,4714.5,2443.0,1354.0,417.0,926.0,681.0,1760.0,2729.0,2983.0,3180.0,3427.0,3241.0,2307.0,478.0,755.0,969.0,1392.0,1545.0,1796.0,2025.0,2233.0,4227.5,3036.5,959.0,1234.0,1723.5,2038.0,2174.0,2421.5,2644.5,2816.5,2189.5,1735.5,1018.5,1095.0,1195.0,1375.5,1529.0,1615.5,1903.0,1723.0,3798.0,2800.0,963.0,1191.0,1557.0,1808.0,1965.0,2111.0,2387.0,2394.0,5520.5,4592.5,3720.5,3803.0,4046.5,4495.0,4547.5,4566.5,4819.5,4700.0,2632.0,1670.0,677.5,916.5,1051.5,1423.5,1853.5,2025.0,2294.0,2286.0,3091.0,2077.0,750.0,1011.0,1106.0,1590.0,2257.0,2415.0,2556.0,2640.0,0.0,0.0,0.0,0.0,0.0,0.0,0.0,0.0,0.0,0.0,1975.0,1147.0,566.0,792.0,678.0,1337.0,2089.0,2269.0,2408.0,2408.0,0.0,0.0,0.0,0.0,0.0,0.0,0.0,0.0,0.0,0.0,137.0,168.0,10083.0,10091.0,10077.0,10264.0,9881.0,9282.0,9618.0,8800.0,428.0,311.0,5995.0,6002.0,6061.0,6365.0,6045.0,5768.0,6065.0,5666.0,2159.0,1446.0,670.0,838.0,1021.0,1263.0,1503.0,1600.0,1743.0,1750.0,2467.0,1826.0,647.0,872.0,1073.0,1366.0,1647.0,1787.0,1997.0,1929.0,2216.5,1594.0,552.0,757.0,915.0,1216.0,1567.0,1704.5,1848.5,1850.0,1868.0,1201.0,601.0,809.0,928.0,1338.0,1729.0,1867.0,1988.0,2032.0,"{""type"":""MultiPoint"",""coordinates"":[]}"
670,5,3094.0,2446.5,835.0,984.0,1265.0,1442.5,1519.5,1632.5,1859.0,1860.0,2380.0,1725.5,906.5,1147.0,1336.0,1523.0,1588.0,1689.5,1813.0,1824.5,2480.5,1863.5,852.0,1087.0,1269.5,1490.0,1569.0,1675.5,1770.0,1820.5,0.0,0.0,0.0,0.0,0.0,0.0,0.0,0.0,0.0,0.0,5507.5,5195.5,2119.0,2676.5,3081.5,3574.0,3727.5,3908.0,3925.0,4115.5,3998.5,3500.0,1363.0,1778.0,1932.0,2421.5,2909.5,3125.5,3224.0,3340.0,0.0,0.0,0.0,0.0,0.0,0.0,0.0,0.0,0.0,0.0,3868.0,3504.0,1074.5,1461.5,1640.0,2085.0,2351.5,2564.5,2685.0,2776.5,0.0,0.0,0.0,0.0,0.0,0.0,0.0,0.0,0.0,0.0,2614.0,1312.5,679.0,1095.5,606.5,1489.0,3991.0,4543.5,4617.0,4621.0,2681.5,1535.0,513.5,854.5,567.0,1343.5,3695.5,4502.5,4516.0,4750.0,3345.5,2836.5,918.5,1079.5,1376.5,1572.5,1651.0,1746.0,1967.5,1986.5,2703.0,1319.5,489.0,686.0,410.5,999.5,3962.5,5234.0,5009.5,5490.5,2322.0,1049.0,421.0,587.0,326.0,810.0,3904.0,5220.0,5299.0,5349.0,0.0,0.0,0.0,0.0,0.0,0.0,0.0,0.0,0.0,0.0,2183.5,911.5,359.0,480.5,288.5,693.0,3702.0,5383.5,5160.0,5623.5,1938.0,867.5,269.5,450.0,252.5,723.5,3371.0,4513.5,4638.5,4717.5,0.0,0.0,0.0,0.0,0.0,0.0,0.0,0.0,0.0,0.0,1544.0,920.0,472.0,627.0,611.0,1029.5,1476.0,1689.5,1794.5,1970.0,3121.0,2788.0,2154.5,2201.5,2235.5,2609.5,2753.0,2805.0,2781.0,2835.5,2568.0,2032.5,479.5,587.0,782.0,914.0,1003.0,1126.0,1277.5,1346.0,3146.5,2422.0,671.5,788.5,992.0,1161.5,1262.5,1412.0,1522.5,1627.5,0.0,0.0,0.0,0.0,0.0,0.0,0.0,0.0,0.0,0.0,3663.5,2627.0,987.0,1229.0,1607.5,1878.0,1967.0,2125.0,2316.0,2395.0,2932.5,2265.0,1548.5,1562.5,1808.5,1990.5,2028.5,2114.0,2215.0,2265.5,2943.0,2049.0,852.0,1028.0,1361.5,1547.5,1628.0,1783.0,1949.5,1961.0,2973.0,2102.0,853.0,1026.0,1342.5,1532.0,1616.5,1749.0,1931.0,1949.0,0.0,0.0,0.0,0.0,0.0,0.0,0.0,0.0,0.0,0.0,3214.5,2548.0,923.5,1055.0,1308.0,1483.0,1629.0,1730.5,1921.5,1913.0,0.0,0.0,0.0,0.0,0.0,0.0,0.0,0.0,0.0,0.0,970.5,1071.5,9881.0,9762.0,9936.0,10160.5,9918.5,9573.0,9898.0,9231.0,0.0,0.0,0.0,0.0,0.0,0.0,0.0,0.0,0.0,0.0,707.0,386.0,394.0,509.5,686.5,860.0,893.5,1005.0,1159.5,1164.0,71.0,36.0,583.0,885.5,997.5,962.5,485.0,477.0,432.0,306.5,21.5,23.5,519.0,769.0,992.0,1055.0,619.0,625.5,563.5,384.0,45.0,43.5,595.5,842.5,932.5,946.5,491.5,485.5,419.5,278.5,"{""type"":""MultiPoint"",""coordinates"":[]}"
671,24,1426.0,930.5,516.5,648.5,818.0,976.5,1041.0,1167.0,1299.0,1327.5,1940.5,1053.0,545.5,856.0,707.5,1363.0,2496.5,2729.5,2858.5,3004.5,1918.0,998.0,420.0,782.0,540.0,1264.0,2577.0,2825.0,3043.0,3102.0,1720.0,835.5,598.0,1064.0,603.5,1570.5,3712.5,4177.5,4161.0,4328.5,1605.0,786.0,397.0,938.0,459.0,1515.0,3563.0,3939.0,4133.0,4183.0,1773.0,856.0,408.0,811.0,494.0,1374.0,2605.0,2922.0,3353.0,3194.0,1773.0,856.0,468.0,804.0,494.0,1374.0,2600.0,2922.0,3353.0,3194.0,2355.0,1328.0,450.0,710.0,542.0,1195.0,2097.0,2411.0,2568.0,2743.0,2355.0,1328.0,357.0,677.0,542.0,1195.0,2097.0,2411.0,2568.0,2743.0,2333.0,1315.0,440.0,583.0,500.0,995.0,1904.0,2194.0,2316.0,2473.0,2568.5,1453.0,623.0,904.0,694.0,1310.5,2570.0,2968.0,2976.0,3324.0,1793.0,1169.0,477.0,602.0,825.0,978.0,1079.0,1201.0,1450.0,1446.0,2243.0,1168.5,1057.5,1118.5,804.5,1419.5,2623.0,2946.0,3010.0,3299.0,3333.5,2043.5,1788.0,1751.0,1664.5,2094.5,2574.5,2802.0,3044.0,3133.0,2946.0,1740.0,491.0,620.0,669.0,991.5,1459.0,1697.5,1892.5,2065.0,2606.0,1488.0,341.0,578.0,560.0,1006.0,1791.0,2003.0,2134.0,2324.0,3939.5,2842.5,2622.0,2887.0,2826.5,3523.0,4068.0,4267.0,3989.0,4417.0,2468.0,1306.5,470.0,709.0,611.5,1183.5,2214.5,2515.5,2814.0,2777.0,2438.0,1385.0,457.0,649.0,687.0,1149.0,2042.0,2317.0,2502.0,2692.0,3732.5,2641.5,1006.0,1182.5,1504.5,1838.5,2075.0,2278.0,2438.0,2656.5,3320.0,2464.5,720.5,855.5,1216.5,1440.5,1557.0,1756.0,1942.5,2083.0,3435.0,2764.0,725.0,943.0,1317.0,1496.0,1661.0,1830.0,2044.0,2107.0,1137.0,756.0,562.0,781.0,937.0,1091.0,1177.0,1262.0,1405.0,1402.0,2713.0,2109.0,549.0,746.0,1094.0,1212.0,1339.0,1513.0,1719.0,1747.0,2958.5,2332.0,657.5,842.5,1183.5,1343.5,1465.0,1639.0,1853.5,1905.5,3177.0,2496.0,673.0,925.0,1293.0,1433.0,1597.0,1804.0,2003.0,2087.0,2917.5,2227.0,564.0,822.5,1101.0,1341.5,1528.5,1666.0,1859.0,1941.5,1762.5,1206.0,574.0,624.0,735.5,855.0,1075.5,1204.0,1320.0,1356.5,2138.0,1544.0,760.0,630.0,792.0,948.0,1126.0,1213.0,1411.0,1469.0,2149.0,1420.0,532.0,715.0,927.0,1150.0,1338.0,1477.0,1675.0,1756.0,704.0,705.0,9338.0,9574.0,9732.0,9996.0,9642.0,9238.0,9414.0,8669.0,847.5,678.5,1471.5,1626.0,1736.5,1959.5,2042.0,2116.5,2144.5,2157.0,1288.5,838.5,531.5,696.5,873.5,1093.0,1203.5,1324.0,1506.0,1538.0,0.0,0.0,0.0,0.0,0.0,0.0,0.0,0.0,0.0,0.0,1427.0,850.0,568.0,782.0,809.0,1215.0,1589.0,1760.0,1906.0,1932.0,2017.0,1154.0,589.0,845.5,800.5,1315.5,2012.5,2185.5,2340.0,2429.5,"{""type"":""MultiPoint"",""coordinates"":[]}"
675,5,2611.0,1810.0,714.0,1027.0,1283.0,1683.0,2067.0,2268.0,2562.0,2505.0,5103.0,4567.0,1636.0,2196.0,2729.0,3258.0,3456.0,3613.0,3768.0,3953.0,2834.0,2012.0,924.0,1212.0,1719.0,1988.0,2032.0,2239.0,2406.0,2455.0,4171.0,3655.0,1349.5,1784.0,2323.5,2725.0,2817.0,2983.0,3168.0,3219.5,3746.0,3076.0,1144.0,1578.0,2080.0,2496.0,2640.0,2804.0,2949.0,3052.0,4959.5,4457.5,1887.0,2306.0,2905.5,3353.0,3353.5,3655.5,3870.0,3855.0,0.0,0.0,0.0,0.0,0.0,0.0,0.0,0.0,0.0,0.0,4177.0,3383.5,2285.5,2496.0,2500.0,3112.5,3651.5,4028.0,4011.0,4174.5,5170.0,4313.0,1792.0,2301.5,2575.5,3372.0,4738.5,5309.5,5137.0,5613.0,3674.0,2554.0,1109.0,1467.0,1515.0,2198.0,3963.0,4735.0,4710.0,5076.0,3963.0,2867.0,1314.0,1646.0,1576.0,2375.0,4333.0,5293.0,5393.0,5671.0,3147.0,2559.0,802.0,1165.0,1561.0,1911.0,2100.0,2297.0,2527.0,2510.0,2724.0,1332.0,542.0,700.0,450.0,1007.0,4078.0,5340.0,5378.0,5791.0,2301.5,1079.5,467.0,599.0,359.0,834.0,3550.0,4920.0,4896.5,5246.0,2898.0,1291.0,489.0,646.0,363.0,924.0,4338.0,5216.0,5327.0,5266.0,2210.0,976.0,383.5,525.5,308.0,768.0,3513.5,4847.5,4673.5,5063.5,2572.0,1450.0,837.0,1000.0,846.5,1348.0,3449.0,4247.5,4297.0,4499.5,1711.5,870.5,544.0,757.5,537.0,1113.0,2773.5,3347.5,3366.5,3524.0,2294.0,1364.0,440.5,795.0,628.5,1429.0,2194.0,2467.0,2683.5,2873.0,3378.0,2503.0,584.0,777.0,992.0,1332.0,1540.0,1750.0,1844.0,2048.0,3258.0,2354.0,560.0,759.0,993.0,1286.0,1519.0,1673.0,1905.0,1962.0,3331.0,2371.0,768.0,1023.0,1379.0,1658.0,1804.0,2006.0,2198.0,2303.0,2623.0,1913.0,1908.5,1936.0,2039.0,2282.0,2430.5,2546.5,2762.0,2686.5,3660.5,2638.0,888.5,1148.0,1411.0,1740.5,2001.5,2178.5,2337.0,2427.5,4400.0,3922.5,2814.0,2971.0,3204.5,3717.5,3970.0,4145.5,3986.0,4330.5,3211.5,2190.0,756.5,1029.0,1224.0,1621.5,2070.5,2249.0,2514.0,2526.5,2745.5,1767.5,675.5,927.5,1086.0,1490.5,1983.0,2137.0,2343.5,2379.0,1341.0,1161.0,2803.0,2191.0,1875.0,2003.0,1947.0,2043.0,2523.0,2011.0,3041.0,2061.0,752.0,1011.0,1061.0,1579.0,2286.0,2509.0,2745.0,2765.0,3246.0,3030.0,2400.0,2440.0,2554.0,2746.0,2777.0,2880.0,3078.0,2960.0,389.0,428.0,9888.0,9846.0,9942.0,10101.0,9696.0,9237.0,9590.0,8797.0,1287.5,858.0,4014.0,4107.5,4303.5,4650.5,4573.0,4500.0,4647.0,4463.5,2955.0,2097.0,767.0,1153.0,1455.0,1913.0,2350.0,2554.0,2820.0,2783.0,3298.0,2410.0,942.0,1379.0,1587.5,2203.0,2764.0,2996.5,3221.5,3226.0,2866.0,1961.0,815.0,1293.0,1663.0,2156.0,2464.0,2622.0,2820.0,2877.0,3232.0,2402.0,943.0,1355.0,1719.0,2154.0,2330.0,2496.0,2717.0,2761.0,"{""type"":""MultiPoint"",""coordinates"":[]}"
718,3,2170.0,1457.0,751.0,1008.0,1347.0,1605.0,1696.0,1840.0,2070.0,2031.0,4553.0,4180.0,1424.0,1942.0,2569.0,2895.0,3034.0,3218.0,3321.0,3377.0,2140.0,1373.0,791.5,1164.0,1600.0,1924.5,2037.5,2196.0,2350.5,2372.0,3424.0,2722.0,2183.0,2924.0,3316.0,3523.0,3314.0,3244.0,3570.0,3259.0,3438.0,2596.0,1054.0,1553.0,2025.0,2390.0,2523.0,2681.0,2966.0,2946.0,0.0,0.0,0.0,0.0,0.0,0.0,0.0,0.0,0.0,0.0,0.0,0.0,0.0,0.0,0.0,0.0,0.0,0.0,0.0,0.0,3509.0,2545.0,1000.5,1499.5,1517.5,2227.5,3305.0,3735.5,3937.0,3929.0,1242.0,683.0,630.0,960.0,736.0,1238.0,2410.0,3104.0,2898.0,2901.0,1134.5,530.0,342.0,478.5,243.5,636.0,2404.5,3444.0,3385.5,3385.5,1304.5,552.0,530.5,588.0,327.0,662.5,2703.5,4489.5,4353.0,4635.5,3478.0,2873.0,1075.0,1421.0,1837.0,2088.0,2236.0,2346.0,2616.0,2523.0,1414.0,608.0,287.0,414.0,190.0,543.5,2841.5,4886.5,4671.5,5167.0,1397.0,620.0,315.0,457.0,210.0,575.0,2911.0,5085.0,5147.0,5332.0,1203.0,478.0,266.5,439.5,206.5,686.0,2755.0,4412.0,4420.0,4775.0,1441.0,659.0,414.0,655.0,367.0,1061.0,3150.0,4447.0,4410.0,4759.0,1543.0,748.0,366.0,721.0,479.0,1223.0,3010.0,3692.0,3815.0,4052.0,1774.0,919.0,382.0,745.5,663.0,1407.0,2684.5,3167.5,3278.5,3586.5,2095.5,1209.0,486.5,797.0,845.0,1434.5,2153.0,2393.0,2622.5,2688.0,2560.5,1650.0,617.5,876.0,984.5,1463.0,1973.5,2164.0,2207.5,2401.0,2960.0,1936.0,653.0,958.0,1122.0,1661.0,2210.0,2471.0,2603.0,2754.0,4490.0,3172.0,917.0,1237.0,1859.0,2239.0,2478.0,2720.0,2978.0,3067.0,2020.5,1645.0,1241.5,1338.5,1470.0,1626.0,1675.0,1729.5,1871.5,1795.0,3990.0,2665.0,1009.0,1342.0,1964.0,2258.0,2406.0,2641.0,2898.0,2928.0,2320.0,1491.0,880.0,1173.0,1728.0,2075.0,2214.0,2387.0,2651.0,2762.0,2724.5,1758.5,846.0,1153.0,1693.5,1950.0,2077.0,2275.0,2558.0,2566.0,3293.5,2226.5,926.5,1263.0,1757.0,2074.0,2175.5,2341.0,2551.5,2628.5,0.0,0.0,0.0,0.0,0.0,0.0,0.0,0.0,0.0,0.0,1458.5,1046.5,826.5,961.5,1277.5,1469.5,1538.5,1670.5,1854.0,1848.0,0.0,0.0,0.0,0.0,0.0,0.0,0.0,0.0,0.0,0.0,1079.0,1183.0,10820.0,10500.0,10404.0,10486.0,10143.0,9740.0,10132.0,9395.0,1398.0,1008.5,776.5,1059.5,1385.5,1661.5,1604.0,1743.5,1802.0,1760.0,3039.0,2419.0,884.0,1287.0,1689.0,2025.0,2136.0,2302.0,2531.0,2511.0,2733.0,2045.0,1015.0,1397.0,1730.0,2078.0,2214.0,2357.0,2557.0,2510.0,2650.0,1898.0,851.0,1245.0,1623.0,1939.0,2056.0,2183.0,2373.0,2339.0,3416.5,2899.0,1239.0,1732.0,2197.0,2542.5,2669.0,2811.0,2986.5,2996.0,"{""type"":""MultiPoint"",""coordinates"":[]}"
763,1,1911.0,1079.0,492.0,757.0,707.0,1390.0,2484.0,2767.0,3044.0,2973.0,4497.0,4059.5,1442.5,2088.5,2816.5,3278.0,3424.5,3543.0,3733.5,3735.0,2847.0,2093.0,863.0,1251.0,1803.0,2131.0,2254.0,2430.0,2615.0,2607.0,4306.0,3754.0,1215.5,1814.5,2284.5,2933.0,3270.0,3474.0,3610.5,3649.0,2708.0,1972.0,721.0,1177.0,1640.0,2026.0,2344.0,2504.0,2658.0,2638.0,4324.5,3348.5,1018.5,1569.0,1681.5,2403.0,4292.5,5083.5,5167.5,5255.0,0.0,0.0,0.0,0.0,0.0,0.0,0.0,0.0,0.0,0.0,1998.0,831.0,330.0,552.0,259.0,711.0,3614.0,5512.0,5473.0,5581.0,1510.0,623.0,157.0,346.0,156.0,456.0,3089.0,4988.0,5184.0,5166.0,1914.0,830.0,322.0,484.0,272.0,595.0,3286.0,5185.0,5130.0,5416.0,1891.0,798.0,308.0,470.0,277.0,618.0,3044.0,5163.0,5190.0,5418.0,2235.0,1349.0,437.0,717.0,787.0,1460.0,2528.0,2766.0,3063.0,3028.0,2096.0,992.0,440.0,617.0,358.0,770.0,3686.0,5611.0,5520.0,5663.0,2116.0,938.0,807.0,912.0,610.0,1049.0,3388.0,5059.0,5083.0,5371.0,2473.5,1381.5,1506.0,1498.5,1156.5,1671.5,3230.0,4023.0,4282.5,4290.5,2567.0,1471.5,473.0,688.5,849.0,1258.5,1683.5,1958.0,1970.5,2273.0,2235.0,1944.0,392.0,534.0,767.0,846.0,930.0,1015.0,1179.0,1227.0,3456.0,2780.0,995.0,1491.0,2223.0,2529.0,2598.0,2732.0,2809.0,2891.0,3147.0,2416.0,1086.5,1485.5,1915.0,2296.5,2521.5,2684.0,2745.0,2863.0,3996.0,3650.0,1092.0,1652.0,2263.0,2771.0,2912.0,3017.0,3040.0,3182.0,4510.0,4122.0,1224.0,1917.0,2775.0,3180.0,3369.0,3501.0,3616.0,3690.0,4919.0,4644.0,1381.0,2074.0,3038.0,3461.0,3595.0,3790.0,3836.0,3976.0,1529.0,1151.5,775.0,880.5,895.0,1269.0,1755.0,1898.0,2002.0,2041.0,3288.5,2717.0,909.0,1429.5,1869.0,2385.5,2788.0,2944.5,3139.0,3071.0,4599.0,4378.5,1978.0,2517.5,2880.0,3584.5,4215.5,4393.5,4223.0,4578.5,2848.0,2218.0,724.0,1242.0,1623.0,2127.0,2725.0,2873.0,3188.0,3026.0,2493.0,1778.0,641.0,1065.0,1193.0,1912.0,2832.0,3108.0,3226.0,3232.0,0.0,0.0,0.0,0.0,0.0,0.0,0.0,0.0,0.0,0.0,2147.0,1321.0,679.0,1012.0,966.0,1752.0,3148.0,3442.0,3360.5,3539.0,0.0,0.0,0.0,0.0,0.0,0.0,0.0,0.0,0.0,0.0,76.0,86.0,9384.0,9536.0,9596.0,9867.0,9446.0,8801.0,9052.0,8242.0,619.0,366.0,3443.0,3679.0,3891.0,4304.0,4303.0,4265.0,4498.0,4108.0,2478.5,1660.5,584.5,892.0,1098.0,1540.5,2071.5,2283.0,2546.5,2550.0,4271.0,3908.0,2153.0,2538.0,3105.5,3394.5,3501.5,3607.5,3903.0,3815.0,2833.0,2136.0,822.0,1240.0,1869.0,2149.0,2258.0,2406.0,2604.0,2581.0,2834.0,2106.0,867.0,1281.0,1872.0,2199.0,2334.0,2458.0,2615.0,2636.0,"{""type"":""MultiPoint"",""coordinates"":[]}"
781,3,2989.5,2560.0,2193.0,2202.0,2300.5,2476.5,2547.0,2580.0,2847.5,2689.0,3332.0,2715.0,863.0,1217.0,1650.0,1941.0,2135.0,2277.0,2293.0,2488.0,2361.0,1628.5,682.0,964.5,1247.0,1516.5,1624.0,1759.0,1903.5,1939.5,2974.5,2024.5,984.0,1247.5,1370.0,1848.5,2018.0,2186.0,2313.0,2401.0,5563.0,5117.0,1639.0,2287.0,2766.0,3317.0,3544.0,3703.0,4021.0,3981.0,5670.0,5015.0,1607.0,2198.5,2602.0,3252.0,3583.0,3816.5,3989.5,4101.5,0.0,0.0,0.0,0.0,0.0,0.0,0.0,0.0,0.0,0.0,1958.0,1098.0,641.0,936.0,552.0,1206.0,2859.0,3337.0,3151.0,3342.0,2253.0,1085.0,250.5,545.5,213.5,837.0,3562.0,5073.5,5126.0,5150.5,2083.5,969.0,386.5,580.5,275.5,801.0,3530.5,5369.0,5372.5,5562.0,2021.0,882.5,478.0,635.0,347.0,830.5,3401.5,5596.5,5409.0,5891.0,2735.5,2102.0,712.5,871.0,1090.0,1280.0,1419.0,1533.0,1724.0,1727.5,1642.0,690.0,553.0,669.0,373.0,821.0,3186.0,5044.0,4908.0,5290.0,1368.5,696.0,904.0,870.5,382.5,844.0,2954.0,4521.0,4801.0,4777.5,1441.0,632.5,351.0,678.5,313.5,1023.5,3156.0,4236.0,4255.0,4435.5,1861.0,908.0,518.0,878.0,478.0,1383.0,3716.0,4732.0,4568.0,4989.0,1838.5,900.0,442.0,900.5,515.5,1517.0,3575.0,4271.0,4402.5,4635.0,2221.5,1168.5,1016.5,1354.0,1079.0,2106.0,3309.5,3737.0,3926.0,4118.5,3424.5,2403.5,922.0,1320.0,1760.5,2248.5,2655.0,2893.5,3035.0,3256.5,2661.5,2075.5,1716.0,1815.5,1909.5,2271.0,2462.0,2613.5,2595.5,2777.5,2437.0,1641.0,560.0,766.0,1029.0,1269.0,1427.0,1551.0,1701.0,1771.0,1199.0,705.0,375.0,488.0,707.0,910.0,1105.0,1267.0,1352.0,1446.0,2292.5,1704.0,593.0,772.5,980.5,1184.5,1318.0,1445.5,1618.0,1622.5,2390.0,1648.0,546.0,704.0,980.0,1216.0,1449.0,1563.0,1737.0,1790.0,432.0,290.0,407.0,322.0,318.0,348.0,353.0,402.0,434.0,426.0,2054.5,1389.5,538.5,815.5,1224.5,1452.0,1518.0,1666.5,1874.0,1885.5,2361.0,1653.0,585.5,863.0,1272.5,1501.0,1553.5,1755.0,1880.5,1937.0,0.0,0.0,0.0,0.0,0.0,0.0,0.0,0.0,0.0,0.0,1548.0,1016.0,557.0,728.0,1056.0,1275.0,1359.0,1485.0,1624.0,1669.0,1647.5,1387.0,1195.0,1147.5,1195.0,1285.0,1337.5,1394.0,1539.0,1432.5,1060.0,1163.0,10074.0,9880.0,9998.0,10232.0,9878.0,9519.0,9851.0,9142.0,1221.5,774.0,2420.5,2520.0,2668.0,2906.0,2907.5,2885.5,3057.0,2948.5,3113.0,2442.0,707.0,925.0,1151.0,1454.0,1712.0,1847.0,2042.0,2033.0,2332.5,1651.0,629.5,848.0,990.5,1291.0,1593.5,1715.5,1899.0,1915.0,2412.0,1692.0,578.0,834.0,991.0,1317.0,1595.0,1710.0,1848.0,1879.0,3794.0,3154.0,960.0,1323.0,1592.0,1960.0,2167.0,2330.0,2538.0,2523.0,"{""type"":""MultiPoint"",""coordinates"":[]}"
796,5,1400.0,910.0,367.0,478.0,695.0,919.5,982.5,1109.5,1240.5,1227.0,2541.0,1874.0,691.0,947.0,1035.0,1500.0,2049.5,2199.5,2394.0,2407.0,1845.5,1177.0,681.0,896.0,975.5,1465.0,1823.0,2068.0,2261.0,2171.0,2142.5,1344.5,915.0,1202.0,1129.5,1763.5,2468.0,2813.5,3117.0,2826.0,0.0,0.0,0.0,0.0,0.0,0.0,0.0,0.0,0.0,0.0,2471.5,1851.5,783.5,1084.5,1223.0,1665.5,2207.5,2517.0,2751.0,2650.5,0.0,0.0,0.0,0.0,0.0,0.0,0.0,0.0,0.0,0.0,2536.0,1550.0,572.0,1032.0,665.0,1483.5,3394.5,3849.5,4040.0,3959.0,0.0,0.0,0.0,0.0,0.0,0.0,0.0,0.0,0.0,0.0,2405.0,1378.0,833.5,1060.0,891.5,1487.0,2664.0,3020.0,3090.0,3298.5,2756.0,1922.5,1596.0,1773.5,1646.5,2296.5,3602.5,4038.0,3801.0,4188.0,2271.0,1668.0,530.5,666.0,929.5,1186.0,1313.5,1407.0,1589.5,1620.5,2499.0,1248.0,498.5,753.5,453.0,1118.0,3593.0,4421.5,4228.0,4686.0,2127.0,1017.5,416.5,663.0,370.0,992.0,3486.0,4543.0,4511.5,4570.5,0.0,0.0,0.0,0.0,0.0,0.0,0.0,0.0,0.0,0.0,2243.0,1033.5,380.5,631.0,376.5,993.5,3686.0,4672.0,4355.0,4864.5,2088.5,986.5,314.0,587.0,354.0,969.5,3460.5,4330.0,4327.0,4543.0,0.0,0.0,0.0,0.0,0.0,0.0,0.0,0.0,0.0,0.0,3480.0,2771.0,1737.5,1961.0,2100.0,2647.5,3177.5,3495.0,3404.5,3751.5,3205.0,2809.5,2195.5,2230.0,2246.0,2552.5,2564.0,2633.0,2600.5,2763.5,2261.0,1619.0,432.5,603.5,756.0,1042.0,1304.0,1387.0,1683.0,1623.5,4263.0,3650.0,1899.0,2030.5,2304.5,2646.0,2876.5,3027.5,3202.0,3307.0,0.0,0.0,0.0,0.0,0.0,0.0,0.0,0.0,0.0,0.0,2543.0,1887.5,666.0,839.5,1056.0,1254.0,1368.0,1498.0,1737.5,1660.0,3314.5,2275.5,2715.0,2521.5,2394.0,2486.5,2350.5,2307.0,3087.5,2333.5,1698.0,1006.0,335.0,497.5,649.0,900.0,1274.0,1354.0,1507.5,1464.0,2016.0,1262.5,442.0,683.5,819.0,1146.0,1667.0,1670.5,2043.0,1924.0,0.0,0.0,0.0,0.0,0.0,0.0,0.0,0.0,0.0,0.0,2059.5,1411.5,519.5,758.0,746.0,1219.0,1909.0,2148.5,2415.5,2129.0,0.0,0.0,0.0,0.0,0.0,0.0,0.0,0.0,0.0,0.0,1011.5,982.5,7773.0,7755.5,8010.0,8298.5,8401.0,8241.5,8282.0,7924.0,0.0,0.0,0.0,0.0,0.0,0.0,0.0,0.0,0.0,0.0,2173.5,1612.5,567.5,746.0,980.0,1283.0,1462.5,1574.5,1805.5,1795.5,2033.5,1439.5,619.0,842.0,1007.5,1294.5,1484.5,1660.5,1897.5,1802.0,3817.5,2856.5,3043.0,3163.0,3297.0,3620.5,3867.0,3971.5,4180.0,4048.5,2275.0,1757.5,712.0,858.5,1043.5,1368.0,1506.0,1635.0,1828.5,1779.5,"{""type"":""MultiPoint"",""coordinates"":[]}"
797,1,2487.5,1552.5,509.0,740.5,861.5,1533.5,2496.0,2756.0,3130.5,3086.0,4155.5,3326.5,1025.5,1324.5,1728.0,2031.5,2205.0,2407.0,2678.5,2728.5,3770.0,2867.0,868.5,1114.5,1440.5,1774.0,1951.0,2127.5,2356.0,2465.0,3553.5,2711.5,740.0,1021.0,1170.0,1553.0,1896.5,2113.0,2353.0,2414.0,4721.5,3870.0,1091.5,1542.5,1700.5,2237.0,3023.5,3288.0,3442.0,3555.5,3676.0,2574.0,775.5,1102.0,1085.5,1536.5,3192.0,3933.5,4036.5,4197.0,0.0,0.0,0.0,0.0,0.0,0.0,0.0,0.0,0.0,0.0,1796.0,764.0,223.5,428.5,170.5,514.0,3340.0,5308.0,5379.5,5384.5,2884.0,1696.5,1949.5,1945.0,1715.5,1972.0,3696.0,5189.0,5452.0,5252.0,1744.5,742.0,295.5,475.0,264.0,551.0,2909.0,4792.5,4809.0,5062.0,1769.5,738.5,402.5,517.5,307.5,580.5,2908.0,4930.5,4938.0,5216.5,2750.0,1822.0,570.5,788.0,974.5,1677.5,2557.0,2826.0,3189.0,3130.0,1866.5,750.0,404.0,534.5,300.0,627.5,3152.0,5150.0,5134.0,5475.0,1787.0,1003.5,537.5,685.0,460.0,891.5,2941.0,4161.0,4094.0,4530.5,2222.5,1185.5,525.0,820.5,640.0,1170.5,2872.0,3737.0,3739.5,4122.5,2817.0,2002.0,1541.0,1591.5,1543.0,2037.0,2748.5,2982.0,3132.5,3184.0,5158.0,3660.5,1068.0,1489.0,2276.0,2707.5,2931.0,3234.0,3570.5,3776.0,0.0,0.0,0.0,0.0,0.0,0.0,0.0,0.0,0.0,0.0,4225.5,3300.5,854.5,1155.0,1605.5,1892.5,2094.0,2272.0,2511.0,2592.0,3464.0,2537.5,836.5,1151.5,1572.5,1891.0,2063.5,2196.0,2284.5,2437.0,3849.5,2978.0,896.5,1310.5,1676.5,2063.5,2381.5,2573.0,2775.0,2824.0,3188.5,2394.0,864.5,1235.0,1354.0,1791.0,2318.5,2527.5,2721.5,2741.0,0.0,0.0,0.0,0.0,0.0,0.0,0.0,0.0,0.0,0.0,3386.0,2328.5,712.0,1122.5,1315.0,1925.0,2426.0,2626.5,2963.0,3016.0,0.0,0.0,0.0,0.0,0.0,0.0,0.0,0.0,0.0,0.0,2627.5,1682.5,584.5,940.5,1243.5,1731.5,2311.5,2457.5,2728.0,2766.0,3282.0,2289.5,788.0,1114.5,1347.0,1946.5,2534.5,2742.0,2939.5,2987.5,0.0,0.0,0.0,0.0,0.0,0.0,0.0,0.0,0.0,0.0,2840.5,1998.0,623.5,939.5,1064.0,1584.5,2379.0,2561.0,2843.5,2740.5,0.0,0.0,0.0,0.0,0.0,0.0,0.0,0.0,0.0,0.0,650.0,702.0,10303.5,10123.0,10111.5,10220.5,9866.0,9410.0,9817.5,9061.5,0.0,0.0,0.0,0.0,0.0,0.0,0.0,0.0,0.0,0.0,2672.5,1755.0,495.5,737.0,906.0,1559.5,2447.0,2733.0,3100.0,3088.5,2814.0,1794.0,632.0,936.0,1110.5,1867.0,2453.5,2701.0,3007.5,3032.0,3001.0,2226.0,1350.5,1466.5,1744.5,2214.0,2424.0,2561.5,2656.5,2805.0,0.0,0.0,0.0,0.0,0.0,0.0,0.0,0.0,0.0,0.0,"{""type"":""MultiPoint"",""coordinates"":[]}"
798,5,2453.0,1767.0,600.5,879.5,1142.5,1443.0,1670.0,1803.5,2005.5,1994.5,3591.0,2873.0,1514.0,2061.0,2378.0,2896.0,3384.0,3487.0,3737.0,3612.0,2840.0,1907.0,1645.0,1703.0,1690.0,2187.0,2762.0,2938.0,3245.0,3143.0,3201.0,2037.0,1109.0,1548.0,1360.0,2215.0,3091.0,3324.0,3323.0,3602.0,3265.5,2670.0,913.0,1292.5,1459.5,2014.5,2478.0,2669.0,2841.5,2911.5,5817.0,5677.0,1949.0,2376.0,2975.0,3376.0,3375.0,3690.0,3768.0,3970.0,1982.0,1338.0,785.0,876.0,955.0,1194.0,1524.0,1725.0,1564.0,1865.0,4352.0,3567.0,1476.0,1986.0,2084.0,2761.0,3773.0,4020.0,3971.0,4261.0,4380.0,3236.0,1009.5,1466.0,1442.5,2144.0,4280.0,4913.0,4822.0,5199.5,2984.0,1824.0,486.0,786.0,573.0,1250.0,3832.0,4677.0,4610.0,4898.0,2739.0,1316.0,348.0,599.0,318.0,970.0,4303.0,5748.0,5834.0,5936.0,2773.0,2173.0,719.0,989.0,1259.0,1574.0,1816.0,1976.0,2158.0,2169.0,2536.5,1090.5,301.5,484.5,253.0,775.0,4291.0,6005.0,5943.0,6335.0,2583.0,1116.0,480.0,622.0,345.0,855.0,4164.0,5984.0,6131.0,6309.0,2320.0,983.0,331.0,488.0,266.0,784.0,3993.0,5580.0,5549.0,5913.0,2248.0,1008.0,368.0,580.0,311.0,884.0,3280.0,3707.0,3450.0,3966.0,2106.5,985.0,370.5,726.5,392.5,1182.0,3538.0,4168.0,4316.0,4583.5,2546.5,1475.0,465.0,870.0,769.0,1725.0,2763.5,3136.0,3281.0,3600.0,3205.0,2429.0,486.0,656.0,944.5,1190.0,1311.0,1459.5,1600.5,1729.5,2938.0,2224.0,698.0,885.0,1176.0,1400.0,1496.0,1597.0,1665.0,1836.0,3839.0,3404.0,1031.0,1325.0,1720.0,1954.0,2025.0,2186.0,2253.0,2421.0,3051.0,2294.0,701.0,973.0,1212.0,1506.0,1672.0,1848.0,1879.0,2047.0,2422.0,2170.0,1056.0,1207.0,1344.0,1602.0,1913.0,2064.0,2047.0,2199.0,2768.0,2113.0,742.0,1016.0,1129.0,1504.0,1824.0,1927.0,2122.0,2111.0,2829.0,2068.0,784.0,1096.0,1161.0,1685.0,2278.0,2450.0,2585.0,2621.0,3120.0,2180.0,790.0,1240.0,1238.0,1920.0,2866.0,3033.0,3356.0,3219.0,2523.0,1579.0,572.5,964.0,882.0,1713.5,2863.5,3068.0,3229.5,3236.0,3311.0,2821.0,3111.0,2894.0,2699.0,3161.0,3538.0,3863.0,3653.0,3942.0,2215.0,1284.0,465.0,807.0,690.0,1556.0,2914.0,3158.0,3441.0,3338.0,0.0,0.0,0.0,0.0,0.0,0.0,0.0,0.0,0.0,0.0,488.0,532.0,10432.0,10258.0,10188.0,10257.0,9899.0,9402.0,9736.0,8893.0,202.0,168.0,6977.0,6898.0,6930.0,7306.0,6878.0,6692.0,6699.0,6197.0,2893.5,2149.0,789.0,1111.0,1390.5,1748.0,1908.5,2052.5,2275.5,2279.0,3831.0,3100.0,1144.0,1535.0,1819.0,2233.0,2459.0,2578.0,2867.0,2768.0,2997.0,2285.0,846.0,1156.0,1402.0,1783.0,1971.0,2133.0,2344.0,2341.0,3033.0,2313.0,853.0,1152.0,1329.0,1805.0,2121.0,2274.0,2460.0,2490.0,"{""type"":""MultiPoint"",""coordinates"":[]}"
810,5,2157.5,1532.5,500.0,669.0,897.5,1150.0,1355.0,1471.5,1758.5,1758.5,3729.5,3542.5,866.5,1114.0,1511.0,1769.0,1897.0,2097.5,2252.0,2366.0,2203.5,1524.5,573.5,695.5,943.5,1115.5,1240.0,1399.5,1520.5,1641.0,3453.5,2657.0,2614.0,2585.0,2631.5,2832.5,2947.0,3123.0,3553.5,3172.5,0.0,0.0,0.0,0.0,0.0,0.0,0.0,0.0,0.0,0.0,4176.0,3569.5,1134.5,1450.0,1753.5,2206.5,2577.0,2827.5,3123.5,3117.0,0.0,0.0,0.0,0.0,0.0,0.0,0.0,0.0,0.0,0.0,3661.5,2786.0,690.5,1093.5,997.0,1734.5,3307.0,3829.5,4006.0,4088.0,3498.5,2322.5,534.5,869.0,771.0,1459.5,3767.5,4611.0,4757.5,5082.0,2653.0,2013.5,1254.5,1362.5,1267.0,1833.5,3648.0,4412.0,4143.0,4716.5,2599.0,1158.5,406.0,645.0,343.0,945.5,4380.0,6101.0,6169.5,6339.5,2504.5,1936.0,594.5,801.5,1041.0,1294.0,1513.0,1706.5,1919.0,1914.0,2607.5,1132.5,307.0,486.0,229.0,784.0,4467.5,6572.5,6408.0,6700.5,2220.5,940.5,420.0,535.0,317.0,727.5,3904.5,5746.0,5834.5,6042.5,3004.5,1338.0,1056.5,1165.0,840.5,1345.0,4829.0,7094.0,6740.5,7686.0,2264.5,1019.5,731.5,956.0,511.0,1011.5,3522.0,4826.0,4547.5,5121.0,2181.5,1137.5,341.5,637.5,398.5,1123.5,3283.0,3980.5,4250.5,4275.5,0.0,0.0,0.0,0.0,0.0,0.0,0.0,0.0,0.0,0.0,2829.5,2080.5,464.5,653.5,916.5,1218.5,1374.5,1603.5,1794.0,1874.5,2917.0,2211.0,633.5,748.5,926.0,1140.0,1264.5,1392.0,1450.5,1598.0,3751.5,2811.0,833.5,1067.5,1481.5,1719.5,1878.5,2075.0,2273.5,2369.0,3692.0,2870.5,861.5,1046.0,1335.0,1668.5,1841.0,1981.5,2158.5,2260.0,0.0,0.0,0.0,0.0,0.0,0.0,0.0,0.0,0.0,0.0,3244.0,2242.0,761.0,1010.0,1088.0,1523.5,2130.0,2313.5,2470.0,2461.0,0.0,0.0,0.0,0.0,0.0,0.0,0.0,0.0,0.0,0.0,2422.5,1467.0,470.0,799.0,729.5,1469.5,2531.5,2799.5,2917.5,2920.0,2803.0,1740.0,557.0,969.0,835.0,1731.0,2974.0,3291.0,3409.0,3501.0,0.0,0.0,0.0,0.0,0.0,0.0,0.0,0.0,0.0,0.0,2421.0,1484.5,578.0,969.5,728.5,1636.5,2987.0,3324.5,3511.0,3467.0,0.0,0.0,0.0,0.0,0.0,0.0,0.0,0.0,0.0,0.0,914.5,985.0,10655.5,10257.5,10200.5,10321.0,9996.0,9646.0,9972.5,9196.5,0.0,0.0,0.0,0.0,0.0,0.0,0.0,0.0,0.0,0.0,2516.5,1887.5,592.0,792.5,991.0,1307.5,1653.0,1842.5,2052.0,2081.0,2471.0,1717.0,631.5,894.0,962.0,1397.0,1993.0,2196.5,2405.0,2416.5,2206.0,1419.0,470.5,771.5,771.5,1352.0,2089.0,2310.0,2490.5,2534.5,3293.5,2123.0,1474.5,1902.5,2064.5,2672.0,2958.5,3223.0,3359.0,3506.0,"{""type"":""MultiPoint"",""coordinates"":[]}"
822,5,1625.5,1012.5,768.5,1072.0,1576.5,1876.0,2019.5,2178.0,2456.5,2465.5,4861.5,3915.5,1685.0,2098.5,2611.5,3023.5,3145.0,3341.5,3582.5,3673.5,1194.0,663.0,690.0,916.5,1199.5,1579.5,1691.0,1889.0,2026.0,2117.5,0.0,0.0,0.0,0.0,0.0,0.0,0.0,0.0,0.0,0.0,0.0,0.0,0.0,0.0,0.0,0.0,0.0,0.0,0.0,0.0,4690.0,4106.0,1818.5,2149.5,2673.0,3045.5,3130.0,3371.5,3490.0,3627.0,0.0,0.0,0.0,0.0,0.0,0.0,0.0,0.0,0.0,0.0,6086.5,5720.0,2857.0,3401.5,3741.0,4400.5,4622.0,4875.0,5029.5,5114.0,0.0,0.0,0.0,0.0,0.0,0.0,0.0,0.0,0.0,0.0,3983.0,2781.0,1467.5,1799.5,1644.0,2414.5,4065.0,4655.5,4659.0,4873.0,3126.0,1724.0,493.5,817.5,520.5,1256.0,4026.5,5004.0,5028.0,5255.5,4064.5,3139.0,1456.0,1805.5,2368.0,2639.0,2801.0,3023.0,3305.5,3273.0,2993.5,1407.0,629.0,794.5,432.0,1115.5,4588.0,6297.5,6227.0,6604.0,2603.0,1204.5,406.5,570.0,283.5,838.5,4250.0,5915.0,6037.5,6186.0,0.0,0.0,0.0,0.0,0.0,0.0,0.0,0.0,0.0,0.0,2493.5,1050.0,289.0,454.0,232.0,723.5,4113.0,5775.0,5607.5,6080.0,2283.0,968.0,260.5,461.0,233.0,748.5,4024.0,5419.0,5648.5,5759.0,0.0,0.0,0.0,0.0,0.0,0.0,0.0,0.0,0.0,0.0,2279.0,1112.0,405.5,974.0,567.0,1795.0,4032.5,4628.5,4879.0,5004.5,661.0,378.5,341.0,425.0,393.5,588.5,716.0,775.0,766.5,820.5,2876.0,1930.5,413.5,643.5,903.5,1290.0,1543.5,1777.5,2064.5,2159.5,2979.0,2061.0,522.0,732.5,997.0,1365.5,1628.0,1859.5,2080.5,2236.5,0.0,0.0,0.0,0.0,0.0,0.0,0.0,0.0,0.0,0.0,3680.5,2527.5,915.0,1245.5,1722.5,2097.0,2257.5,2452.0,2733.5,2790.5,0.0,0.0,0.0,0.0,0.0,0.0,0.0,0.0,0.0,0.0,2479.0,1789.5,861.5,1117.5,1477.5,1724.0,1864.0,1976.5,2177.0,2249.0,2467.5,1703.5,839.0,1138.5,1498.0,1806.5,1934.5,2053.0,2305.5,2336.0,0.0,0.0,0.0,0.0,0.0,0.0,0.0,0.0,0.0,0.0,2453.0,1685.0,896.0,1175.5,1440.0,1790.5,1940.5,2091.5,2311.0,2304.0,0.0,0.0,0.0,0.0,0.0,0.0,0.0,0.0,0.0,0.0,1145.5,1236.5,10851.5,10444.0,10393.5,10568.5,10210.0,9851.5,10154.0,9500.0,1470.0,920.5,788.5,1041.0,1422.5,1741.0,1807.0,1985.5,2127.0,2246.0,2588.0,1912.5,882.0,1156.5,1614.0,1970.0,1964.5,2191.5,2390.5,2388.5,0.0,0.0,0.0,0.0,0.0,0.0,0.0,0.0,0.0,0.0,1104.5,607.5,644.0,873.5,1227.5,1532.5,1612.0,1802.5,1972.5,2017.0,2503.0,2037.0,1073.5,1267.5,1522.0,1769.0,1827.0,1975.0,2089.0,2122.5,"{""type"":""MultiPoint"",""coordinates"":[]}"
829,5,2213.0,1453.0,659.0,832.0,1051.0,1247.0,1444.0,1578.0,1801.0,1777.0,3084.5,2325.0,859.0,1114.5,1402.5,1611.0,1754.0,1886.5,2027.0,2070.5,1598.0,905.0,677.0,852.5,1104.0,1293.5,1367.5,1483.5,1567.5,1619.5,1842.0,1095.0,751.0,1000.0,1271.0,1492.0,1595.0,1703.0,1837.0,1863.0,0.0,0.0,0.0,0.0,0.0,0.0,0.0,0.0,0.0,0.0,3456.0,2732.0,1156.0,1485.0,1887.0,2102.0,2188.0,2389.0,2419.0,2506.0,0.0,0.0,0.0,0.0,0.0,0.0,0.0,0.0,0.0,0.0,3472.0,2689.0,1016.0,1390.0,1733.0,2033.0,2325.0,2498.0,2575.0,2598.0,3606.0,2595.0,1125.0,1560.0,1872.0,2302.0,2709.0,2880.0,2824.0,3050.0,3383.0,2488.0,953.0,1283.0,1515.0,1874.0,2382.0,2604.0,2682.0,2743.0,2476.0,1402.0,778.0,1051.0,1077.0,1578.0,2243.0,2525.0,2531.0,2656.0,3060.0,2319.0,796.0,967.0,1256.0,1473.0,1621.0,1753.0,1961.0,1977.0,3947.5,3277.5,3171.5,3328.5,3247.5,3822.0,4587.0,4970.5,4674.0,5064.0,2386.0,1513.0,573.0,804.0,786.0,1215.0,2460.0,2949.0,3003.0,3051.0,1838.0,1020.0,444.0,619.0,572.0,954.0,2139.0,2640.0,2506.0,2805.0,2340.0,1384.5,874.0,996.0,885.5,1418.5,2902.5,3474.0,3405.5,3691.0,2180.5,1286.5,479.0,771.0,715.5,1211.0,2368.5,2751.5,2838.0,2986.5,0.0,0.0,0.0,0.0,0.0,0.0,0.0,0.0,0.0,0.0,2897.0,2015.0,628.5,896.5,1192.5,1511.5,1779.5,2014.5,2148.5,2293.5,2984.0,2157.0,748.0,954.0,1246.0,1507.0,1673.0,1782.0,1824.0,1986.0,2873.5,2115.0,729.5,949.0,1250.5,1449.5,1620.0,1826.5,1913.0,1973.5,3284.0,2422.0,906.0,1165.0,1580.0,1810.0,1985.0,2175.0,2327.0,2383.0,0.0,0.0,0.0,0.0,0.0,0.0,0.0,0.0,0.0,0.0,2888.5,2022.0,829.0,1056.0,1393.0,1614.5,1766.5,1911.5,2064.0,2117.0,0.0,0.0,0.0,0.0,0.0,0.0,0.0,0.0,0.0,0.0,1781.0,1025.0,480.0,693.0,984.0,1182.0,1325.0,1449.0,1588.0,1583.0,1621.5,1097.0,537.0,646.0,829.0,977.0,1032.0,1105.5,1173.0,1194.5,0.0,0.0,0.0,0.0,0.0,0.0,0.0,0.0,0.0,0.0,2114.0,1389.0,662.0,871.0,1160.0,1337.0,1488.0,1617.0,1797.0,1725.0,0.0,0.0,0.0,0.0,0.0,0.0,0.0,0.0,0.0,0.0,936.0,1020.0,10992.0,10590.0,10508.0,10669.0,10291.0,9936.0,10308.0,9577.0,0.0,0.0,0.0,0.0,0.0,0.0,0.0,0.0,0.0,0.0,2900.0,2056.0,785.0,983.0,1223.0,1441.0,1688.0,1809.0,1981.0,2042.0,2964.5,2054.0,807.5,1043.5,1298.0,1512.5,1718.5,1902.0,1992.0,2046.0,2645.0,2019.5,1454.0,1599.0,1770.0,2040.5,2190.5,2311.5,2353.0,2461.0,0.0,0.0,0.0,0.0,0.0,0.0,0.0,0.0,0.0,0.0,"{""type"":""MultiPoint"",""coordinates"":[]}"
850,1,2053.0,1229.0,362.0,666.0,728.0,1284.0,2124.0,2383.0,2655.0,2723.0,3986.0,3720.0,937.0,1335.0,1944.0,2259.0,2424.0,2606.0,2710.0,2891.0,0.0,0.0,0.0,0.0,0.0,0.0,0.0,0.0,0.0,0.0,3290.0,2438.0,693.0,1131.0,1098.0,1847.0,2435.0,2665.0,2768.0,2890.0,2692.0,1814.0,598.0,955.0,1056.0,1592.0,2093.0,2308.0,2509.0,2525.0,3505.0,2397.0,686.0,1057.0,1081.0,1740.0,2978.0,3478.0,3505.0,3719.0,0.0,0.0,0.0,0.0,0.0,0.0,0.0,0.0,0.0,0.0,1958.0,1271.0,1907.0,1763.0,1453.0,1646.0,2621.0,3461.0,3545.0,3502.0,3547.0,2642.5,2541.0,2569.5,2444.5,2859.5,4289.5,5438.0,5410.5,5504.0,2011.0,891.0,372.0,563.0,332.0,744.0,3301.0,5195.0,5207.0,5630.0,0.0,0.0,0.0,0.0,0.0,0.0,0.0,0.0,0.0,0.0,2853.0,1973.0,501.5,827.0,967.5,1527.5,2251.0,2520.5,2852.0,2839.5,2032.5,918.5,417.5,699.0,463.0,972.5,3289.0,4525.0,4367.0,4850.0,0.0,0.0,0.0,0.0,0.0,0.0,0.0,0.0,0.0,0.0,3169.5,2382.0,1631.0,1840.5,1874.5,2412.5,3195.5,3614.0,3401.0,3912.5,2370.0,1705.0,918.0,1054.5,1096.0,1413.0,1890.5,2136.0,2017.5,2345.0,2239.0,1601.0,241.0,429.0,601.0,876.0,1214.0,1415.0,1457.0,1665.0,4082.5,2991.5,777.0,1075.0,1646.5,2052.0,2264.5,2555.0,2641.5,2991.5,2732.0,2150.0,597.5,797.0,1152.0,1373.5,1465.5,1605.5,1666.5,1806.5,0.0,0.0,0.0,0.0,0.0,0.0,0.0,0.0,0.0,0.0,4222.5,3235.5,1119.5,1402.5,1617.5,2070.0,2497.5,2841.5,2839.5,3158.5,3635.0,2671.5,709.0,1061.5,1450.5,1852.0,2208.5,2457.0,2650.0,2774.5,0.0,0.0,0.0,0.0,0.0,0.0,0.0,0.0,0.0,0.0,3300.5,2494.5,806.5,1159.5,1714.5,2040.5,2213.5,2433.0,2648.0,2730.0,0.0,0.0,0.0,0.0,0.0,0.0,0.0,0.0,0.0,0.0,4117.0,3388.5,1024.5,1461.0,2067.0,2425.0,2602.0,2845.0,3127.0,3148.5,4093.0,3371.0,953.0,1402.0,1982.0,2363.0,2556.0,2807.0,2989.0,3087.0,0.0,0.0,0.0,0.0,0.0,0.0,0.0,0.0,0.0,0.0,0.0,0.0,0.0,0.0,0.0,0.0,0.0,0.0,0.0,0.0,0.0,0.0,0.0,0.0,0.0,0.0,0.0,0.0,0.0,0.0,0.0,0.0,0.0,0.0,0.0,0.0,0.0,0.0,0.0,0.0,211.0,181.0,8433.0,8514.0,8600.0,8915.0,8456.0,8100.0,8197.0,7553.0,2685.0,1809.0,502.0,856.0,914.0,1493.0,2247.0,2516.0,2788.0,2832.0,0.0,0.0,0.0,0.0,0.0,0.0,0.0,0.0,0.0,0.0,3052.0,2271.0,663.0,951.0,1294.5,1618.0,1827.0,2010.5,2261.0,2347.0,3656.5,2873.0,744.5,1027.5,1351.0,1701.0,1925.5,2096.5,2331.5,2450.5,"{""type"":""MultiPoint"",""coordinates"":[]}"
851,5,1701.5,1373.0,1079.0,1181.5,1365.5,1503.0,1545.0,1652.0,1818.0,1760.0,3305.0,2401.0,1079.0,1448.0,1744.0,2167.0,2510.0,2723.0,2855.0,2906.0,1820.0,1129.0,746.5,1076.5,1261.0,1714.0,2058.5,2223.5,2361.0,2385.0,1641.0,1019.0,874.0,1165.0,1317.0,1754.0,2126.0,2266.0,2410.0,2443.0,4311.0,3622.0,1377.0,1902.0,2282.0,2856.0,3260.0,3448.0,3723.0,3701.0,5491.0,5287.0,1753.0,2294.0,3008.0,3348.0,3460.5,3650.5,3819.5,3956.5,0.0,0.0,0.0,0.0,0.0,0.0,0.0,0.0,0.0,0.0,5522.5,5136.0,1979.0,2614.0,3134.5,3695.5,3951.0,4200.5,4224.0,4444.5,4879.0,3895.0,1451.0,2065.0,2290.0,3097.0,4174.0,4548.0,4479.0,4834.0,3161.5,2108.5,710.0,1085.0,1007.5,1670.0,3312.0,3788.5,3777.5,4013.0,2614.0,1261.5,555.0,808.0,479.5,1177.5,3904.0,4854.5,4768.0,5010.0,1947.5,1483.5,664.0,857.0,1171.0,1293.5,1372.5,1484.0,1678.0,1635.5,2420.0,1085.0,440.0,556.0,261.0,890.0,4101.0,5264.0,5191.0,5557.0,2727.5,1331.5,1234.5,1129.5,686.5,1131.5,4650.0,6580.5,6312.5,6876.0,2188.5,888.5,258.5,411.5,205.0,640.5,4012.0,5757.0,5745.5,6041.0,2551.0,1094.0,393.0,599.0,323.0,911.0,4544.0,6161.0,5982.0,6598.0,2260.0,992.0,344.0,528.0,266.0,923.0,3819.0,5064.0,5300.0,5357.0,2016.0,877.0,300.0,607.0,292.0,1066.0,3691.0,4548.0,4646.0,4863.0,2276.0,1300.0,467.0,722.0,635.0,1420.0,1951.0,2189.0,2429.0,2601.0,2194.0,1610.0,526.0,645.0,809.5,982.5,1093.5,1223.0,1195.0,1437.5,2731.0,2118.0,479.0,584.0,783.0,960.0,1084.0,1233.0,1321.0,1409.0,2705.5,2095.5,753.5,964.0,1307.5,1577.0,1672.5,1790.5,1926.5,2004.0,1929.5,1489.0,670.0,957.5,1302.0,1483.0,1592.0,1677.0,1888.5,1876.5,2987.0,2321.0,809.0,1059.0,1366.0,1608.0,1715.0,1827.0,2060.0,2046.0,0.0,0.0,0.0,0.0,0.0,0.0,0.0,0.0,0.0,0.0,2324.0,1587.5,583.0,852.5,1080.0,1373.0,1577.0,1702.0,1898.0,1895.0,3035.0,2306.0,729.0,1035.0,1265.0,1624.0,1832.0,1927.0,2110.0,2179.0,0.0,0.0,0.0,0.0,0.0,0.0,0.0,0.0,0.0,0.0,4072.5,3552.5,3519.5,3452.5,3518.5,3812.5,3967.0,3995.0,4237.5,4053.0,2306.0,2064.0,1861.0,1856.0,1998.0,2135.0,2084.0,2167.0,2358.0,2272.0,1048.0,1138.0,9848.0,9784.0,9916.0,10129.0,9827.0,9494.0,9852.0,9175.0,1015.0,617.0,692.0,952.5,1299.0,1468.0,1552.0,1637.0,1798.0,1781.5,2680.0,1942.0,952.0,1270.0,1645.0,1938.0,2063.0,2248.0,2399.0,2424.0,2072.5,1438.0,832.5,1149.0,1431.0,1748.0,1934.5,2064.0,2257.5,2242.0,2308.0,1614.0,814.0,1160.0,1445.0,1787.0,1969.0,2090.0,2231.0,2295.0,3386.0,2677.0,1157.0,1567.0,1897.0,2250.0,2481.0,2604.0,2828.0,2798.0,"{""type"":""MultiPoint"",""coordinates"":[]}"
852,5,4037.0,3952.0,3196.0,3247.0,3470.0,3641.0,3625.0,3696.0,3848.0,3821.0,3577.0,3051.0,1215.5,1521.5,1930.0,2137.0,2236.0,2362.0,2520.0,2548.5,2197.5,1518.5,610.5,852.0,1101.5,1316.5,1452.5,1561.5,1681.0,1723.5,2539.5,1948.5,1420.5,1568.5,1604.5,1806.0,2010.0,2116.0,2393.5,2274.5,5321.0,4940.0,1673.0,2327.0,2921.0,3360.0,3595.0,3779.0,4055.0,4013.0,4833.0,4092.0,2600.5,2763.0,2861.5,3325.0,3774.0,3937.5,4249.0,4141.5,2402.0,1415.0,1124.0,1260.0,1084.0,1634.0,2836.0,3050.0,2861.0,3179.0,2346.0,1262.0,451.0,697.0,596.0,1079.0,2813.0,3323.0,3311.0,3462.0,2419.5,1295.0,324.0,605.0,435.0,956.5,3368.5,4163.0,4237.0,4283.0,2279.5,1056.5,332.0,531.0,269.5,773.5,3769.5,5207.0,5218.5,5268.0,1597.5,716.5,459.5,545.0,342.5,639.5,2871.0,4196.0,4097.0,4285.5,2924.0,2067.0,918.0,1238.0,1667.0,1851.0,1988.0,2111.0,2376.0,2393.0,2131.0,845.0,324.0,431.0,235.0,621.0,3883.0,5685.0,5554.0,6083.0,2564.0,1183.0,639.0,768.0,550.5,1019.0,4465.0,6530.0,6796.0,6870.5,1956.0,760.0,359.5,498.5,291.5,674.0,3768.5,5652.5,5597.5,5874.5,2047.0,848.5,339.5,546.5,304.0,775.0,3856.0,5433.5,5312.0,5699.0,1828.5,770.5,325.0,587.5,313.0,920.0,3771.0,4896.0,5036.5,5138.5,2174.5,1189.0,970.5,1232.0,972.5,1717.5,3464.0,4051.0,4205.0,4310.5,2206.0,1507.0,405.0,656.0,666.0,1162.0,1900.0,2130.0,2361.0,2514.0,1987.0,1386.0,362.0,516.0,597.0,976.0,1411.0,1603.0,1708.0,1823.0,2505.0,1866.0,465.0,629.0,853.0,1069.0,1200.0,1370.0,1585.0,1661.0,4101.0,2945.0,946.0,1308.0,1854.0,2246.0,2425.0,2628.0,2861.0,3068.0,2446.5,1771.0,876.5,1126.0,1513.0,1715.0,1839.5,1958.5,2136.5,2163.0,4096.0,3848.0,1110.0,1460.0,1936.0,2167.0,2286.0,2416.0,2693.0,2678.0,1983.0,1435.0,465.0,622.0,897.0,1036.0,1114.0,1229.0,1385.0,1399.0,2407.5,1744.5,528.0,818.5,1148.0,1327.5,1419.0,1538.0,1724.0,1741.5,3492.0,2999.0,844.0,1215.0,1641.0,1903.0,1943.0,2097.0,2230.0,2341.0,2947.0,2022.0,2784.0,2743.0,2824.0,3050.0,2997.0,3098.0,3051.0,3141.0,2251.5,1555.5,665.5,881.5,1180.0,1376.0,1476.0,1588.0,1813.5,1796.0,0.0,0.0,0.0,0.0,0.0,0.0,0.0,0.0,0.0,0.0,942.0,1006.0,9828.0,9578.0,9628.0,9835.0,9477.0,9105.0,9520.0,8887.0,1184.5,763.0,2371.0,2631.5,2983.5,3177.0,3260.0,3264.5,3421.5,3310.5,2657.0,1977.0,1002.0,1244.0,1609.0,1887.0,1972.0,2099.0,2337.0,2326.0,1538.0,982.5,725.0,973.0,1285.0,1487.0,1576.5,1716.5,1914.0,1918.0,1847.0,1173.0,756.0,1004.0,1367.0,1596.0,1727.0,1875.0,2103.0,2146.0,3908.5,3336.0,1199.5,1507.5,1966.0,2243.5,2323.0,2488.0,2548.5,2708.5,"{""type"":""MultiPoint"",""coordinates"":[]}"
887,5,1756.0,1144.5,480.0,658.5,932.5,1026.5,1095.0,1153.0,1351.5,1332.5,2783.0,2252.5,737.0,965.0,1329.0,1509.0,1593.5,1657.5,1766.5,1819.0,1994.5,1341.0,602.0,780.0,1047.5,1129.0,1201.5,1391.5,1509.5,1448.5,2555.0,2163.0,649.5,900.5,1201.0,1384.0,1516.5,1605.0,1719.5,1744.5,2079.5,1524.5,484.0,696.5,929.5,1080.0,1290.5,1431.0,1496.0,1480.5,2989.0,2191.0,833.0,1116.5,1235.5,1606.5,2421.0,2645.0,2699.0,2742.5,2483.5,1391.0,691.5,908.5,773.5,1229.5,2731.0,2913.5,2944.0,3103.0,2264.0,1291.5,404.5,629.0,525.5,981.0,2784.5,3360.0,3326.5,3449.5,2171.5,1125.5,370.5,623.0,420.5,1008.0,3432.0,4547.0,4356.0,4509.5,2226.0,1270.5,405.0,578.5,344.5,872.5,3873.0,5103.5,5278.0,5360.5,2318.5,1136.5,304.5,484.5,319.5,757.0,3841.0,5401.5,5346.5,5565.5,1906.5,1385.0,448.5,612.5,830.0,944.0,998.0,1077.0,1228.5,1182.0,2452.0,1058.0,426.5,591.5,382.0,907.0,4026.5,5484.0,5406.0,5688.0,2625.5,1170.0,882.5,967.0,632.0,1119.0,4259.5,5531.0,5396.0,5777.5,1602.0,822.0,243.5,459.0,250.0,711.0,2725.0,3608.5,3296.5,3731.5,2297.0,1192.5,476.0,876.5,596.5,1457.5,3402.5,4024.5,3925.0,4363.0,2587.0,1775.0,445.5,627.0,835.5,1212.5,1910.0,2213.0,2348.0,2626.5,2546.5,2038.5,579.0,742.5,1027.5,1202.0,1421.0,1555.5,1709.5,1846.0,1863.5,1302.5,555.0,738.5,939.5,1051.0,1093.5,1201.5,1236.0,1299.5,2079.0,1591.0,912.5,1094.5,1292.5,1498.0,1540.5,1615.5,1479.0,1787.5,2282.5,1758.0,733.5,847.0,1069.0,1226.0,1309.5,1417.0,1473.0,1531.0,2226.0,1801.0,542.0,725.5,972.5,1123.0,1249.0,1355.5,1430.0,1469.5,2676.0,2064.5,1243.5,1432.0,1692.0,1894.5,1963.5,2072.5,2298.0,2194.0,2808.5,2141.0,1051.5,1217.5,1441.5,1649.0,1842.5,1956.5,2106.5,2100.0,1539.5,1208.5,511.0,603.5,732.0,823.0,944.5,1003.5,1078.5,1089.0,1708.5,1150.5,388.5,582.0,803.5,936.5,1110.0,1215.0,1376.0,1312.5,1959.5,1554.5,514.5,673.0,850.5,1009.5,1185.0,1294.0,1390.5,1370.0,0.0,0.0,0.0,0.0,0.0,0.0,0.0,0.0,0.0,0.0,1868.5,1298.5,561.5,692.0,898.5,1024.5,1151.5,1206.0,1327.5,1334.5,0.0,0.0,0.0,0.0,0.0,0.0,0.0,0.0,0.0,0.0,46.5,53.0,9196.5,9335.0,9286.0,9485.5,8978.0,8186.0,8293.5,7510.5,325.0,256.0,6247.0,6241.5,6440.5,6891.5,6387.5,6049.5,6163.0,5702.5,1967.5,1290.5,590.5,800.5,1074.5,1170.0,1271.5,1367.5,1546.0,1457.0,1984.0,1436.5,530.0,885.0,1289.0,1382.0,1327.0,1336.5,1200.5,1371.0,2105.0,1470.0,565.5,753.0,1021.0,1129.0,1226.0,1280.0,1451.5,1459.5,2067.0,1521.5,583.5,789.5,1018.5,1159.5,1147.0,1278.0,1342.0,1365.0,"{""type"":""MultiPoint"",""coordinates"":[]}"
908,5,25.0,33.0,781.0,1071.0,1026.0,1060.0,537.0,526.0,467.0,277.0,3740.0,3310.0,1146.0,1479.0,1759.0,2000.0,2122.0,2221.0,2405.0,2448.0,1312.0,779.0,647.0,757.0,895.0,1084.0,1124.0,1215.0,1343.0,1330.0,2041.0,1347.0,579.0,737.0,825.0,1053.0,1201.0,1298.0,1444.0,1482.0,2298.0,1891.0,687.0,810.0,995.0,1132.0,1133.0,1209.0,1458.0,1378.0,3093.0,2628.0,849.0,1097.0,1368.0,1524.0,1686.0,1809.0,1960.0,1999.0,0.0,0.0,0.0,0.0,0.0,0.0,0.0,0.0,0.0,0.0,2600.0,1952.0,627.0,833.0,949.0,1251.0,1403.0,1587.0,1644.0,1730.0,2805.0,2251.0,1349.0,1358.0,1392.0,1603.0,1646.0,1815.0,1940.0,1919.0,3163.0,2547.5,851.0,1158.5,1303.0,1658.5,2209.5,2434.0,2431.0,2636.0,3038.0,2223.0,864.0,1116.0,1085.0,1561.0,2625.0,2958.0,2905.0,3070.0,140.0,125.0,805.0,1103.0,1185.0,1298.0,860.0,847.0,802.0,563.0,2712.0,2151.5,1933.5,1927.5,1660.0,2283.0,3342.0,3802.5,3556.5,3913.0,2586.0,1256.0,482.0,702.0,370.0,978.0,3882.0,5022.0,4919.0,5189.0,0.0,0.0,0.0,0.0,0.0,0.0,0.0,0.0,0.0,0.0,2331.0,994.0,219.0,417.0,196.0,677.0,4005.0,5665.0,5502.0,5949.0,2144.0,927.0,204.5,414.5,187.5,725.5,3897.5,5138.0,5276.5,5381.0,0.0,0.0,0.0,0.0,0.0,0.0,0.0,0.0,0.0,0.0,2068.0,1241.0,409.0,795.5,760.5,1438.0,2273.0,2520.5,2740.5,2818.0,1584.0,971.0,349.0,436.0,578.0,736.0,815.0,897.0,971.0,1089.0,3855.5,2925.5,828.0,1045.0,1413.0,1660.0,1765.5,1930.5,2122.0,2247.0,2308.0,2045.0,605.0,707.0,902.0,1041.0,1103.0,1178.0,1278.0,1328.0,0.0,0.0,0.0,0.0,0.0,0.0,0.0,0.0,0.0,0.0,2196.0,1860.0,544.0,692.0,887.0,1006.0,1079.0,1160.0,1277.0,1323.0,2145.0,1834.0,603.0,732.0,905.0,1023.0,1075.0,1184.0,1220.0,1309.0,1195.0,757.0,255.0,366.0,506.0,582.0,643.0,722.0,827.0,874.0,2062.5,1571.5,765.5,792.5,925.5,1033.5,1048.5,1114.5,1357.0,1222.0,0.0,0.0,0.0,0.0,0.0,0.0,0.0,0.0,0.0,0.0,1174.0,724.0,485.0,543.0,684.0,781.0,823.0,912.0,1058.0,1037.0,0.0,0.0,0.0,0.0,0.0,0.0,0.0,0.0,0.0,0.0,129.0,184.0,14592.0,13246.0,12302.0,12186.0,11459.0,10603.0,10870.0,9780.0,0.0,0.0,0.0,0.0,0.0,0.0,0.0,0.0,0.0,0.0,1101.0,585.0,573.0,702.0,850.0,1012.0,1094.0,1174.0,1329.0,1314.0,1997.0,1299.0,540.0,788.0,949.0,1157.0,1253.0,1357.0,1544.0,1534.0,1391.5,962.0,1005.5,1086.5,1268.5,1551.0,1624.5,1699.5,1742.5,1781.0,1064.0,612.0,605.0,779.0,942.0,1126.0,1146.0,1251.0,1335.0,1347.0,"{""type"":""MultiPoint"",""coordinates"":[]}"
911,5,2639.0,1904.0,714.0,936.0,1212.0,1520.0,1874.0,1991.0,2312.0,2308.0,4842.0,4235.0,1223.0,1611.0,2114.0,2503.0,2831.0,3033.0,3307.0,3426.0,1516.0,941.0,533.0,663.0,832.5,1034.0,1140.0,1263.5,1398.0,1464.5,2644.0,1772.0,765.0,944.0,1235.0,1504.0,1736.0,1942.0,2159.0,2210.0,0.0,0.0,0.0,0.0,0.0,0.0,0.0,0.0,0.0,0.0,5020.5,4579.5,1380.0,1764.5,2240.0,2692.0,3037.5,3275.5,3464.5,3617.0,0.0,0.0,0.0,0.0,0.0,0.0,0.0,0.0,0.0,0.0,4612.0,3987.0,1125.0,1545.0,1735.0,2371.0,3221.0,3551.0,3752.0,3885.0,4072.0,2989.0,1029.0,1388.0,1457.0,2033.0,3641.0,4216.0,4228.0,4685.0,2838.0,1625.0,1021.0,1329.0,1270.0,1667.0,3064.0,3652.0,3865.0,3757.0,2444.5,1149.5,853.0,993.0,655.5,1169.0,3934.5,4801.0,4697.5,5018.0,3152.0,2439.0,800.0,1055.0,1383.0,1711.0,2033.0,2220.0,2496.0,2503.0,1605.0,682.0,374.0,488.0,272.5,644.0,2613.5,3422.0,3349.5,3606.5,2034.0,884.0,332.0,496.0,269.0,769.0,3264.0,4501.0,4398.0,4817.0,2458.0,1164.0,441.0,613.0,381.0,855.0,3482.0,4817.0,4509.0,5237.0,2749.0,1733.5,1048.0,1292.5,1083.0,1581.0,3541.0,4307.5,4207.5,4652.5,2536.5,1549.0,424.5,684.5,592.0,1141.5,2520.0,3045.5,3133.0,3379.0,0.0,0.0,0.0,0.0,0.0,0.0,0.0,0.0,0.0,0.0,3668.5,2742.0,696.0,937.0,1310.0,1581.0,1853.5,2030.0,2260.5,2422.0,3861.5,3000.5,851.0,1047.5,1365.0,1659.0,1820.0,1961.0,2017.5,2277.0,3760.5,2952.0,766.0,999.0,1289.0,1565.0,1837.0,2024.5,2175.5,2279.5,3795.0,2974.0,800.0,1039.0,1233.0,1650.0,2077.0,2276.0,2384.0,2522.0,0.0,0.0,0.0,0.0,0.0,0.0,0.0,0.0,0.0,0.0,3061.5,2415.0,690.0,947.5,1070.5,1462.0,1943.0,2163.0,2276.0,2386.0,0.0,0.0,0.0,0.0,0.0,0.0,0.0,0.0,0.0,0.0,2069.0,1390.0,374.0,591.0,765.0,1072.0,1460.0,1564.0,1699.0,1780.0,3295.0,2483.0,2080.5,2056.0,1934.0,2199.5,2434.0,2575.0,3200.5,2757.5,0.0,0.0,0.0,0.0,0.0,0.0,0.0,0.0,0.0,0.0,2226.0,1464.0,527.0,758.0,820.0,1222.0,1955.0,2157.0,2402.0,2379.0,0.0,0.0,0.0,0.0,0.0,0.0,0.0,0.0,0.0,0.0,907.0,987.0,11045.0,10645.0,10532.0,10573.0,10217.0,9857.0,10237.0,9465.0,0.0,0.0,0.0,0.0,0.0,0.0,0.0,0.0,0.0,0.0,2826.0,2053.0,688.0,926.0,1121.0,1483.0,1953.0,2226.0,2461.0,2498.0,2957.0,2001.0,661.0,993.0,1032.0,1631.5,2450.0,2725.0,2947.0,3020.5,2411.0,1552.5,1266.5,1450.5,1444.0,2013.5,2628.0,2847.0,3084.5,3056.5,3454.0,2847.0,1560.0,2017.5,2346.5,2772.0,3053.0,3189.0,3075.5,3363.5,"{""type"":""MultiPoint"",""coordinates"":[]}"
935,5,1417.0,982.0,424.0,556.0,699.0,826.0,879.0,986.0,1088.0,1069.0,2961.0,2507.5,787.0,1066.5,1388.0,1607.0,1795.5,1879.5,2126.0,2101.0,2178.0,1477.0,612.0,784.0,1022.0,1205.0,1399.0,1538.0,1759.0,1697.0,3008.0,2708.0,869.0,1073.0,1429.0,1650.0,1839.0,1906.0,2046.0,2083.0,2392.0,1814.0,636.0,878.0,1180.0,1274.0,1411.0,1510.0,1791.0,1775.0,2356.0,1896.0,716.5,913.5,1092.0,1321.0,1635.0,1771.0,1838.0,1922.5,1317.0,898.0,729.0,759.0,745.0,908.0,1130.0,1242.0,1217.0,1273.0,2976.0,2303.0,1203.0,1380.0,1633.5,1955.5,2076.0,2238.0,2289.0,2390.0,2868.5,2311.0,1166.0,1249.5,1473.5,1658.0,1803.0,2007.5,2177.0,2265.5,3457.0,2842.0,983.0,1315.5,1651.5,1969.5,2339.0,2499.5,2575.0,2665.5,2073.5,1443.5,854.0,1075.0,1115.5,1486.5,2252.5,2574.5,2450.5,2711.0,1718.0,1333.0,390.0,510.0,768.0,832.0,890.0,945.0,1131.0,1103.0,3039.5,2213.5,935.5,1259.0,1244.5,1764.5,2846.0,3271.5,3214.5,3417.5,2975.0,1807.0,825.0,1064.0,946.0,1427.5,3339.5,3987.0,3872.5,4183.0,2247.0,1343.0,485.0,719.0,684.0,987.0,2931.0,3640.0,3550.0,3891.0,2710.0,1539.0,894.0,1023.0,843.0,1341.0,3657.0,4992.0,4695.0,5191.0,2185.0,1127.0,373.0,587.0,463.0,851.0,3333.0,4478.0,4426.0,4612.0,2398.5,1162.0,417.5,645.5,478.5,996.5,3582.0,4536.0,4583.5,5011.5,2143.5,1062.0,402.5,647.5,451.5,1031.5,3373.0,4017.5,3986.5,4372.5,2976.5,1950.5,1259.0,1446.0,1308.5,2093.0,2977.5,3266.0,3236.0,3677.0,3376.0,2561.0,724.0,940.5,1321.0,1536.0,1683.5,1874.0,2047.0,2141.5,1784.5,1352.0,562.0,646.5,805.0,944.5,1043.0,1143.0,1220.5,1274.5,1209.5,934.5,671.0,703.0,789.0,856.0,894.0,942.0,992.0,1019.0,1901.0,1331.0,516.0,683.0,930.0,1063.0,1138.0,1223.0,1351.0,1420.0,2256.0,1831.0,609.5,760.5,965.0,1117.0,1240.5,1325.0,1458.5,1499.0,1597.5,1157.0,405.0,551.0,754.0,901.5,1050.0,1115.5,1323.0,1293.5,1681.0,1227.0,413.0,556.0,741.0,892.0,960.0,1126.0,1235.0,1269.0,0.0,0.0,0.0,0.0,0.0,0.0,0.0,0.0,0.0,0.0,2854.0,2390.5,1973.5,2074.5,2050.5,2273.5,2289.0,2327.0,2706.0,2368.0,1478.0,949.0,2491.0,2213.0,2032.0,1834.0,1888.0,1958.0,1969.0,1962.0,98.0,113.0,10803.0,10564.0,10378.0,10521.0,10074.0,9358.0,9660.0,8767.0,178.0,164.0,8038.0,8080.0,8164.0,8311.0,7946.0,7472.0,7666.0,6899.0,2080.0,1474.0,576.0,750.0,1013.0,1148.5,1235.0,1330.5,1504.0,1502.0,2352.0,1914.0,610.0,836.0,1150.0,1250.0,1295.0,1458.0,1688.0,1560.0,1983.0,1526.0,470.0,643.0,889.0,1028.0,1111.0,1219.0,1378.0,1362.0,1953.0,1302.0,517.0,703.0,936.0,1103.0,1310.0,1422.0,1563.0,1557.0,"{""type"":""MultiPoint"",""coordinates"":[]}"
941,5,2186.0,1655.0,544.0,677.0,891.0,1027.0,1151.0,1265.0,1396.0,1377.0,3055.0,2647.0,741.0,975.0,1334.0,1505.0,1586.0,1705.0,1791.0,1906.0,2372.0,1712.0,594.0,715.0,956.0,1121.0,1210.0,1334.0,1439.0,1502.0,2415.0,1733.0,592.0,746.0,916.0,1163.0,1371.0,1503.0,1638.0,1691.0,0.0,0.0,0.0,0.0,0.0,0.0,0.0,0.0,0.0,0.0,3322.0,2591.0,777.0,1068.0,1115.0,1617.0,2575.0,2856.0,2824.0,3024.0,0.0,0.0,0.0,0.0,0.0,0.0,0.0,0.0,0.0,0.0,2717.5,1613.5,488.0,786.5,544.5,1171.0,3783.5,4605.5,4459.5,4718.5,0.0,0.0,0.0,0.0,0.0,0.0,0.0,0.0,0.0,0.0,2203.5,1050.0,305.0,492.5,289.0,745.5,3618.5,4982.0,5000.0,5224.5,2260.0,1002.0,334.0,502.0,278.0,765.0,3878.0,5425.0,5472.0,5639.0,1992.0,1493.0,535.0,699.5,916.5,1066.0,1175.0,1270.5,1404.5,1414.5,2353.0,1027.5,509.0,622.0,358.5,875.5,3978.0,5436.0,5343.0,5718.0,2383.0,1023.0,585.0,775.0,453.5,1046.5,4234.5,5517.0,5426.0,5812.0,2121.0,953.0,394.0,591.0,345.0,907.0,3527.0,4631.0,4576.0,4905.0,1660.5,833.5,387.5,663.0,439.0,1134.0,2619.0,3075.5,3045.0,3337.5,2417.5,1567.5,407.5,683.5,754.5,1336.5,1887.5,2170.5,2348.0,2576.5,3030.0,2194.0,522.0,680.0,972.0,1252.0,1418.0,1657.0,1773.0,2005.0,2446.5,1765.5,468.0,587.0,825.0,1000.0,1083.5,1224.0,1322.0,1447.0,3698.0,2828.0,811.0,1072.0,1472.0,1803.0,1855.0,2017.0,2066.0,2233.0,3736.5,2858.5,925.0,1141.0,1553.5,1812.0,1922.5,2076.5,2199.0,2356.0,3742.0,2887.0,970.0,1185.0,1590.0,1857.0,1981.0,2134.0,2269.0,2357.0,0.0,0.0,0.0,0.0,0.0,0.0,0.0,0.0,0.0,0.0,1892.0,1547.5,468.5,620.0,827.0,947.0,993.5,1078.0,1162.0,1200.5,0.0,0.0,0.0,0.0,0.0,0.0,0.0,0.0,0.0,0.0,1280.0,867.0,326.0,466.0,653.0,759.0,790.0,887.0,1005.0,1026.0,2036.5,1692.5,784.5,866.5,1072.0,1263.5,1322.5,1430.5,1301.5,1536.0,0.0,0.0,0.0,0.0,0.0,0.0,0.0,0.0,0.0,0.0,1580.0,1177.0,460.0,526.0,665.0,764.0,910.0,974.0,1061.0,1076.0,0.0,0.0,0.0,0.0,0.0,0.0,0.0,0.0,0.0,0.0,49.0,52.0,10684.0,10389.0,10222.0,10271.0,9770.0,8994.0,9162.0,8258.0,0.0,0.0,0.0,0.0,0.0,0.0,0.0,0.0,0.0,0.0,2329.0,1761.0,609.0,749.0,942.0,1133.0,1334.0,1412.0,1588.0,1567.0,2944.0,2537.0,722.0,948.0,1248.0,1434.0,1529.0,1669.0,1827.0,1843.0,2305.0,1700.0,548.0,674.0,918.0,1073.0,1164.0,1286.0,1406.0,1491.0,2748.0,2373.0,2437.0,2356.0,2408.0,2491.0,2487.0,2478.0,2547.0,2618.0,"{""type"":""MultiPoint"",""coordinates"":[]}"
970,2,1963.0,1361.5,482.0,814.5,1078.5,1387.5,1708.0,1801.5,2111.0,2006.0,3502.0,2882.0,806.0,1157.0,1610.0,2088.0,2469.0,2795.0,2527.0,3026.0,2878.0,2054.0,732.0,1045.0,1398.0,1778.0,2010.0,2185.0,2451.0,2435.0,2718.0,1894.0,903.0,1357.0,1870.0,2135.0,2214.0,2230.0,2430.0,2429.0,2679.0,1857.0,602.0,985.0,1345.0,1630.0,2021.0,2231.0,2435.0,2453.0,6041.0,5397.0,1862.0,2557.0,3310.0,3915.0,4218.0,4476.0,4671.0,4797.0,0.0,0.0,0.0,0.0,0.0,0.0,0.0,0.0,0.0,0.0,3139.0,2121.0,728.0,1146.0,1256.0,1960.0,2487.0,2691.0,2788.0,2909.0,4302.0,3419.0,1698.5,2304.0,2458.0,3307.0,4376.5,4880.0,4886.5,5035.5,4432.5,3631.5,1096.0,1701.5,2057.0,2680.5,4203.5,4622.0,4817.5,4893.0,2590.0,1338.0,514.0,980.0,843.0,1722.0,3697.0,4080.0,4166.0,4245.0,2048.0,1427.5,544.5,879.0,1163.5,1507.0,1865.5,2019.5,2251.0,2184.0,2720.0,1304.0,523.0,977.0,456.0,1554.0,4363.0,5215.0,5173.0,5410.0,3020.0,1242.0,1012.0,1270.0,738.0,1643.0,5303.0,6687.0,6710.0,6928.0,2858.0,1197.0,610.0,1046.0,452.0,1654.0,5787.0,7260.0,7175.0,7440.0,2242.0,904.5,442.0,766.5,347.5,1270.5,4621.5,5505.0,5583.5,5772.5,2325.5,982.5,345.0,714.5,322.0,1282.0,4427.5,5255.5,5485.0,5523.5,2231.0,974.5,304.5,583.5,338.0,1354.0,4160.5,4820.0,5154.0,5251.5,2073.0,990.0,317.5,491.5,398.0,1251.0,3398.5,3882.0,4265.5,4294.0,3245.5,2673.5,2822.5,2582.5,2555.5,3073.5,3321.5,3530.0,3558.5,3879.5,2873.5,1849.5,720.5,870.5,1067.5,1497.0,1826.0,2141.5,2419.5,2609.5,3723.0,2576.5,584.5,818.5,1277.5,1624.0,1889.0,2234.0,2612.0,2753.5,2314.5,1695.5,1150.5,1407.0,1560.0,1942.0,2257.0,2403.0,2571.5,2543.0,3099.0,2130.0,502.0,744.0,1018.0,1365.0,1670.0,1917.0,2322.0,2393.0,3046.0,1998.0,500.0,729.0,962.0,1343.0,1678.0,2017.0,2340.0,2346.0,2497.5,1572.5,433.0,712.5,815.5,1312.0,1916.5,2178.0,2583.0,2604.0,2665.0,1686.5,434.5,721.5,822.0,1339.0,1862.5,2178.0,2543.0,2504.5,0.0,0.0,0.0,0.0,0.0,0.0,0.0,0.0,0.0,0.0,2183.5,1371.5,465.5,762.0,622.0,1348.5,2144.5,2534.5,2363.0,2927.0,0.0,0.0,0.0,0.0,0.0,0.0,0.0,0.0,0.0,0.0,140.0,134.0,8915.0,9126.0,9164.0,9103.0,8966.0,8220.0,8650.0,7530.0,997.0,688.0,2220.0,2808.0,3273.0,3504.0,3571.0,3714.0,3962.0,3697.0,2242.5,1532.0,593.5,917.0,1245.0,1564.5,1806.5,2009.5,2260.0,2173.0,2777.0,2085.0,697.0,1103.0,1357.0,1771.0,2194.0,2393.0,2765.0,2629.0,2597.0,1838.0,652.0,981.0,1385.0,1684.0,2034.0,2151.0,2388.0,2355.0,2685.0,1945.0,632.0,934.0,1324.0,1627.0,1934.0,2058.0,2254.0,2313.0,"{""type"":""MultiPoint"",""coordinates"":[]}"
993,3,913.0,575.0,447.0,549.0,689.0,871.0,952.0,1016.0,1106.0,1114.0,3220.0,3065.0,1077.0,1326.0,1607.0,1835.0,1855.0,1941.0,2004.0,2102.0,1418.5,954.0,583.0,705.0,860.5,1006.5,1031.0,1082.5,1192.0,1200.0,1472.0,1021.0,708.0,820.0,966.0,1131.0,1120.0,1205.0,1310.0,1339.0,3463.0,3287.0,1230.0,1488.0,1792.0,2004.0,2074.0,2198.0,2326.0,2336.0,1113.0,919.0,774.0,755.0,744.0,792.0,787.0,832.0,794.0,878.0,0.0,0.0,0.0,0.0,0.0,0.0,0.0,0.0,0.0,0.0,1888.0,987.0,488.0,824.0,432.0,1120.0,3049.0,3657.0,3642.0,3691.0,2221.0,1231.0,1194.5,1381.0,1033.0,1446.5,2656.0,3254.5,3637.5,3267.5,1809.0,849.0,419.0,718.5,354.5,1080.0,3376.5,4330.5,4275.0,4423.0,1450.0,675.0,580.0,814.0,497.0,1043.0,2776.0,3632.0,3611.0,3726.0,2126.0,1784.0,829.0,992.5,1164.5,1359.5,1479.0,1541.5,1745.0,1698.0,1482.0,652.0,356.0,597.0,302.0,862.0,2781.0,3831.0,3694.0,4098.0,1462.0,704.0,430.0,673.0,377.0,968.0,2850.0,3951.0,3900.0,4108.0,1512.0,720.0,543.0,869.0,539.0,1321.0,3021.0,3697.0,3634.0,3892.0,1651.0,891.0,569.0,1000.0,705.0,1669.0,2986.0,3415.0,3329.0,3581.0,2029.0,1224.0,626.0,1126.0,1057.0,1947.0,2634.0,3048.0,2994.0,3327.0,2195.0,1409.0,591.0,924.0,1335.0,1787.0,2097.0,2262.0,2407.0,2711.0,4136.0,3122.0,1054.0,1423.0,2018.0,2306.0,2446.0,2650.0,2833.0,2909.0,1619.0,1136.5,646.0,781.0,938.0,1168.0,1344.5,1462.5,1460.0,1588.5,3382.5,2477.0,822.5,1117.5,1338.0,1748.5,2102.0,2290.0,2499.0,2505.0,3577.0,2435.0,812.0,1151.0,1328.0,1856.0,2180.0,2352.0,2527.0,2577.0,671.0,535.0,384.0,397.5,455.0,506.5,542.5,569.5,626.5,614.5,3546.0,2524.0,919.0,1200.0,1596.0,1923.0,2136.0,2308.0,2567.0,2616.0,1783.0,1101.0,724.0,927.0,1403.0,1649.0,1824.0,1940.0,2232.0,2269.0,2208.0,1442.5,724.5,1002.5,1483.5,1688.5,1835.5,1969.0,2243.0,2270.0,3280.0,2335.0,986.0,1275.0,1761.0,2052.0,2195.0,2302.0,2479.0,2566.0,0.0,0.0,0.0,0.0,0.0,0.0,0.0,0.0,0.0,0.0,1029.5,689.0,697.5,805.0,1049.0,1194.0,1242.5,1357.0,1582.5,1552.0,0.0,0.0,0.0,0.0,0.0,0.0,0.0,0.0,0.0,0.0,1042.0,1132.0,10748.0,10388.0,10330.0,10423.0,10098.0,9693.0,10088.0,9337.0,676.0,437.5,1037.5,1201.0,1321.5,1450.0,1470.0,1517.5,1647.5,1545.5,1597.0,1254.0,549.0,711.0,831.0,938.0,1039.0,1067.0,1193.0,1180.0,1912.0,1477.5,742.5,918.0,1087.5,1269.5,1364.0,1432.0,1579.0,1549.5,1528.0,1041.0,600.0,804.0,960.0,1128.0,1213.0,1250.0,1377.0,1430.0,3450.5,3256.0,1228.5,1509.5,1790.0,2028.5,2072.0,2188.5,2348.0,2339.0,"{""type"":""MultiPoint"",""coordinates"":[]}"
1022,3,1293.0,854.0,557.0,670.0,820.0,967.0,1011.0,1121.0,1243.0,1232.0,2873.0,2410.5,971.0,1133.0,1346.5,1509.5,1574.5,1678.0,1800.0,1809.5,1206.5,768.0,570.0,661.5,812.0,907.5,894.5,964.0,1032.5,1057.5,469.0,258.0,444.0,455.0,509.0,560.0,491.0,531.0,598.0,545.0,0.0,0.0,0.0,0.0,0.0,0.0,0.0,0.0,0.0,0.0,2163.5,1715.0,845.5,958.0,1129.5,1282.0,1304.5,1396.5,1409.5,1541.0,0.0,0.0,0.0,0.0,0.0,0.0,0.0,0.0,0.0,0.0,2457.0,2052.0,910.0,1082.0,1260.0,1436.0,1481.0,1583.0,1621.0,1702.0,308.0,235.0,41.0,65.0,99.0,118.0,59.0,59.0,42.0,91.0,1063.0,692.0,477.0,638.0,633.0,913.0,948.0,1019.0,988.0,1091.0,0.0,0.0,0.0,0.0,0.0,0.0,0.0,0.0,0.0,0.0,1995.0,1477.0,735.0,868.0,1034.0,1179.0,1257.0,1361.0,1484.0,1477.0,2765.0,1782.0,1561.0,1732.0,1576.0,2092.0,3279.0,3863.0,3651.0,3918.0,994.0,502.0,462.0,594.0,368.0,787.0,2188.0,2987.0,2837.0,2878.0,0.0,0.0,0.0,0.0,0.0,0.0,0.0,0.0,0.0,0.0,1600.5,952.0,618.0,803.0,654.0,1079.5,2563.0,3445.0,3096.5,3559.5,1421.0,667.0,362.0,702.5,339.0,1090.0,3308.0,4319.0,4435.0,4491.0,0.0,0.0,0.0,0.0,0.0,0.0,0.0,0.0,0.0,0.0,1560.0,806.0,487.0,973.5,780.0,1760.0,3283.5,3847.5,4021.0,4137.0,1822.0,1455.0,1189.0,1246.0,1139.0,1726.0,2173.0,2456.0,2424.0,2735.0,3328.0,2254.5,860.5,1253.5,1850.5,2315.5,2593.5,2937.0,3157.0,3342.5,3968.0,2885.0,1188.0,1648.0,2404.0,2853.0,3059.0,3345.0,3604.0,3765.0,0.0,0.0,0.0,0.0,0.0,0.0,0.0,0.0,0.0,0.0,2748.0,2112.0,874.0,1178.0,1627.0,1840.0,1903.0,2066.0,2226.0,2304.0,0.0,0.0,0.0,0.0,0.0,0.0,0.0,0.0,0.0,0.0,1066.0,650.0,555.0,814.0,1192.0,1429.0,1456.0,1584.0,1769.0,1732.0,1604.0,1020.0,683.0,932.0,1277.0,1430.0,1541.0,1677.0,1806.0,1839.0,0.0,0.0,0.0,0.0,0.0,0.0,0.0,0.0,0.0,0.0,1345.0,893.0,693.0,854.0,1156.0,1351.0,1381.0,1461.0,1661.0,1646.0,0.0,0.0,0.0,0.0,0.0,0.0,0.0,0.0,0.0,0.0,978.0,1061.0,10964.0,10570.0,10422.0,10528.0,10249.0,9804.0,10272.0,9407.0,3107.0,3030.0,2691.0,2477.0,2620.0,2823.0,2858.0,2898.0,2865.0,3027.0,1842.0,1328.0,579.0,749.0,922.0,1082.0,1138.0,1278.0,1394.0,1389.0,2189.0,1650.0,744.5,915.5,1072.5,1250.5,1330.0,1415.5,1545.5,1556.0,1548.0,1046.0,639.0,800.0,945.0,1117.0,1172.0,1254.0,1380.0,1368.0,2886.0,2442.0,1016.0,1185.0,1366.0,1546.0,1604.0,1752.0,1811.0,1860.0,"{""type"":""MultiPoint"",""coordinates"":[]}"
1023,5,1539.5,976.5,340.0,382.0,474.0,767.5,949.5,1256.0,1206.5,1323.0,2604.5,1626.5,448.0,777.0,740.0,1448.5,2298.0,2458.0,2602.0,2902.0,1902.0,1130.0,406.5,634.5,578.0,1096.5,2129.5,2469.0,2549.5,2666.5,1881.5,1158.5,377.5,566.0,540.0,1012.5,2352.5,2518.5,2708.0,3002.0,0.0,0.0,0.0,0.0,0.0,0.0,0.0,0.0,0.0,0.0,4443.5,3672.0,2773.0,2852.5,2963.0,3355.5,4006.0,4301.5,4438.5,4570.0,0.0,0.0,0.0,0.0,0.0,0.0,0.0,0.0,0.0,0.0,3175.0,2334.5,592.5,889.5,905.5,1489.0,2790.5,3542.5,3366.0,3516.5,3365.0,2338.0,647.0,1045.0,1046.5,1656.0,3353.5,3874.5,3770.0,4301.0,2681.0,1733.5,488.5,747.5,704.5,1220.5,2785.5,3497.0,3285.0,3523.5,0.0,0.0,0.0,0.0,0.0,0.0,0.0,0.0,0.0,0.0,1936.5,1336.5,409.0,526.5,631.0,814.5,1237.0,1351.0,1437.5,1654.0,1612.5,793.0,423.5,562.0,373.5,845.0,2449.5,3202.5,2874.0,3159.0,2053.5,1237.5,477.0,641.0,507.5,984.5,2659.0,3609.5,3369.0,3774.5,1963.5,1111.5,405.0,560.0,448.5,958.0,2709.0,3155.5,3077.0,3784.5,2693.5,1885.0,1901.5,1875.0,1562.0,2049.5,3317.0,3685.0,3837.5,3917.0,1754.5,897.5,298.0,458.5,347.5,785.5,2224.0,2941.5,2773.0,3190.0,0.0,0.0,0.0,0.0,0.0,0.0,0.0,0.0,0.0,0.0,1779.0,1000.5,279.0,484.5,388.0,917.0,2042.5,2349.5,2261.0,2469.0,1769.5,1080.5,349.0,460.0,424.0,803.0,1522.5,1578.0,1566.5,1813.5,2091.0,1296.5,271.0,402.0,458.5,868.5,1470.5,1603.0,1637.5,1905.0,1988.5,1362.5,332.5,436.5,493.0,936.5,1383.5,1618.0,1563.5,1851.0,0.0,0.0,0.0,0.0,0.0,0.0,0.0,0.0,0.0,0.0,1676.5,1101.0,205.0,315.5,341.0,838.5,1372.5,1442.0,1376.0,1585.0,0.0,0.0,0.0,0.0,0.0,0.0,0.0,0.0,0.0,0.0,1281.5,799.5,148.5,304.0,456.5,669.0,789.5,992.0,1041.0,1111.5,1686.0,1154.5,260.5,375.0,515.5,803.5,1039.5,1144.5,1166.0,1326.5,0.0,0.0,0.0,0.0,0.0,0.0,0.0,0.0,0.0,0.0,1337.5,948.0,275.0,332.0,441.5,670.5,748.0,929.0,920.0,1000.5,0.0,0.0,0.0,0.0,0.0,0.0,0.0,0.0,0.0,0.0,968.0,897.5,5705.5,5321.0,4948.5,5177.0,5303.5,5402.5,5200.0,4921.0,0.0,0.0,0.0,0.0,0.0,0.0,0.0,0.0,0.0,0.0,2230.0,1564.0,420.5,601.0,720.5,1060.0,1563.0,1705.5,1888.0,1917.5,2197.5,1469.5,471.5,672.0,750.5,1107.0,1474.0,1746.0,1923.0,1956.5,1942.0,1214.5,401.5,579.5,644.5,1076.5,1472.0,1784.5,1883.5,2037.0,2157.0,1179.0,574.0,810.0,762.0,1309.0,2110.0,2229.0,2356.0,2676.0,"{""type"":""MultiPoint"",""coordinates"":[]}"
1034,3,1313.5,741.0,337.0,560.0,586.5,1048.0,1519.0,1610.0,1781.5,1757.0,2123.5,1904.5,627.0,705.0,896.0,1023.0,1056.5,1145.0,1240.5,1268.5,1493.0,999.0,534.0,665.0,890.0,1075.0,1107.0,1236.0,1342.0,1369.0,2150.0,1414.0,797.0,1071.0,1251.0,1484.0,1537.0,1653.0,1728.0,1822.0,2892.0,2217.0,573.0,797.0,1079.0,1286.0,1429.0,1555.0,1724.0,1758.0,6096.0,5729.0,1532.0,1972.0,2471.0,3052.0,3127.0,3469.0,3468.0,3687.0,3089.0,2253.0,616.0,865.0,1026.0,1433.0,1536.0,1664.0,1801.0,1874.0,4809.0,4184.0,1002.0,1433.0,1675.0,2299.0,2519.0,2765.0,2887.0,3076.0,1430.0,1037.0,1275.0,1466.0,1357.0,1676.0,1539.0,1673.0,1761.0,1852.0,1285.0,707.0,458.0,709.0,445.0,1013.0,2276.0,2718.0,2527.0,2694.0,3226.0,2720.0,1944.5,2352.0,2354.5,2923.5,3808.0,4288.0,4020.0,4366.5,2399.0,1674.0,519.0,756.0,838.0,1345.0,1816.0,1938.0,2098.0,2119.0,1716.0,914.5,631.5,851.0,599.0,1253.0,3168.0,4198.0,4051.5,4283.0,1468.0,705.0,500.0,753.0,445.0,1082.0,3024.0,4058.0,4083.0,4059.0,1423.0,698.0,397.0,631.0,386.0,1010.0,2709.0,3690.0,3602.0,3799.0,1970.0,1176.0,602.0,856.0,675.5,1309.0,3029.5,3891.0,3814.0,4134.5,1454.0,663.0,241.0,497.0,255.0,813.0,2611.0,3371.0,3570.0,3666.0,1342.0,610.0,255.0,469.0,298.0,768.0,2270.0,2946.0,3120.0,3305.0,1620.5,896.0,315.0,541.5,436.5,916.5,2139.0,2627.5,2823.5,2892.0,1562.0,874.0,402.0,617.0,509.0,1024.0,1831.0,2156.0,2228.0,2403.0,1768.0,1013.5,317.5,531.0,498.5,997.0,1760.5,2107.5,2282.5,2363.0,1718.0,1004.0,298.0,486.0,544.0,937.0,1442.0,1677.0,1978.0,2036.0,2236.0,1546.0,490.0,737.0,819.0,1289.0,1722.0,1813.0,1963.0,1979.0,1780.0,1059.0,392.0,627.0,707.0,1052.0,1530.0,1723.0,2021.0,1914.0,580.0,339.0,362.0,345.0,375.0,499.0,610.0,711.0,772.0,777.0,1954.0,1182.5,389.0,629.5,941.5,1199.0,1470.0,1634.5,1901.5,1888.5,2125.0,1326.0,453.5,711.0,1050.5,1365.5,1498.0,1691.0,1912.0,2002.5,0.0,0.0,0.0,0.0,0.0,0.0,0.0,0.0,0.0,0.0,2196.0,1414.0,564.0,758.0,1037.0,1257.0,1378.0,1497.0,1739.0,1694.0,0.0,0.0,0.0,0.0,0.0,0.0,0.0,0.0,0.0,0.0,788.0,846.0,10538.0,10358.0,10286.0,10416.0,10021.0,9652.0,10004.0,9259.0,2733.0,2498.0,6517.5,6493.5,6590.5,6902.0,6622.5,6364.0,6559.5,6107.5,1968.5,1217.5,432.0,706.0,712.0,1265.5,1875.0,2067.5,2235.0,2222.5,3243.5,2520.0,2115.0,2264.5,2254.5,2752.5,3142.0,3287.5,3495.0,3406.0,1933.0,1166.0,458.0,805.0,768.0,1477.0,2163.0,2319.0,2490.0,2491.0,2303.0,1421.0,550.0,866.0,908.0,1570.0,1922.0,2101.0,2302.0,2279.0,"{""type"":""MultiPoint"",""coordinates"":[]}"
1052,1,2005.5,1363.0,669.5,922.0,1317.0,1544.0,1625.0,1791.0,2013.0,2045.0,4189.5,3966.0,1170.0,1539.5,2014.5,2279.0,2401.5,2559.5,2704.0,2802.5,2361.0,1618.0,740.0,1007.0,1244.5,1597.0,1719.5,1881.0,2019.0,2094.0,2941.5,2151.5,801.5,1132.0,1311.0,1775.0,1969.0,2147.0,2310.0,2341.0,2797.0,2005.0,774.0,1095.0,1363.0,1711.0,1895.0,2034.0,2232.0,2295.0,6846.0,5870.0,2336.0,2989.0,3405.0,4180.0,4843.0,5287.0,5268.0,5663.0,2991.0,2129.0,1230.0,1549.0,1424.0,2238.0,3433.0,3890.0,3727.0,4040.0,2157.0,1023.0,352.0,667.0,393.0,917.0,3194.0,4279.0,4173.0,4299.0,2054.5,1146.0,493.0,730.0,552.5,952.5,3310.0,4732.0,4624.0,5016.5,1757.0,781.0,333.0,590.0,316.0,782.0,3231.0,4416.0,4283.0,4811.0,2714.0,1536.0,933.0,1209.0,1062.0,1526.0,3547.0,4874.0,4797.0,5128.0,2447.0,1805.0,770.0,1049.0,1423.0,1620.0,1720.0,1853.0,2076.0,2072.0,1723.0,725.0,442.0,683.0,427.0,932.0,2892.0,3977.0,3783.0,4278.0,1906.0,909.0,586.0,815.0,598.0,1162.0,2701.0,3449.0,3449.0,3684.0,2126.0,1294.0,518.0,706.0,660.0,1192.0,1961.0,2304.0,2375.0,2674.0,2743.0,1973.0,502.0,684.0,802.0,1181.0,1609.0,1848.0,1871.0,2157.0,2641.0,1890.0,373.0,550.0,731.0,1031.0,1348.0,1527.0,1665.0,1801.0,2198.0,1547.0,365.0,500.0,591.0,824.0,1103.0,1275.0,1400.0,1472.0,2108.5,1536.0,381.5,489.0,608.0,842.0,1065.5,1249.0,1413.5,1454.5,3193.5,2219.0,912.5,1183.5,1615.0,1971.0,2140.5,2360.5,2465.5,2707.0,3606.0,2619.0,896.0,1208.0,1688.0,2023.0,2138.0,2327.0,2472.0,2687.0,3900.0,3331.0,1088.0,1398.0,1891.0,2152.0,2269.0,2447.0,2631.0,2717.0,1555.0,1142.0,660.5,797.0,1007.0,1136.5,1167.0,1264.5,1406.0,1392.5,2933.0,2275.0,795.0,1021.0,1369.5,1627.5,1731.5,1937.5,2091.0,2166.5,3170.0,2308.0,931.0,1163.0,1596.0,1891.0,2019.5,2220.0,2405.5,2502.0,2785.0,2019.0,675.0,953.0,1341.5,1596.0,1738.5,1895.0,2145.5,2176.5,3012.5,2269.0,759.0,1051.0,1424.0,1699.5,1801.5,1978.0,2160.0,2235.5,0.0,0.0,0.0,0.0,0.0,0.0,0.0,0.0,0.0,0.0,3468.5,2986.5,2379.5,2527.0,2773.0,3052.5,3043.5,3117.0,3299.5,3251.0,0.0,0.0,0.0,0.0,0.0,0.0,0.0,0.0,0.0,0.0,1075.0,1137.0,10742.0,10452.0,10352.0,10442.0,10113.0,9684.0,10148.0,9349.0,232.0,188.0,7758.0,7842.0,8112.0,8405.0,7988.0,7554.0,7724.0,7178.0,2521.0,1745.0,794.5,1103.0,1487.5,1738.0,1866.0,2000.5,2242.5,2266.5,3556.0,2859.5,2360.0,2505.5,2707.5,2998.0,3066.0,3185.0,3412.0,3363.5,2693.0,1864.0,860.0,1212.0,1594.0,1879.0,2022.0,2173.0,2366.0,2442.0,3143.0,2283.0,1075.0,1437.0,1822.0,2143.0,2272.0,2443.0,2614.0,2680.0,"{""type"":""MultiPoint"",""coordinates"":[]}"
1053,5,1969.0,1500.0,733.0,1002.0,1308.0,1432.0,1567.0,1703.0,1881.0,1896.0,4510.0,4218.0,1297.0,1805.0,2374.0,2669.0,2748.0,2905.0,3118.0,3134.0,2458.0,1784.0,674.0,895.0,1257.0,1410.0,1474.0,1638.0,1777.0,1791.0,2929.0,2352.0,1091.0,1362.0,1502.0,1708.0,1750.0,1891.0,2058.0,2034.0,2827.0,2124.0,810.0,1158.0,1548.0,1723.0,1796.0,1930.0,2075.0,2118.0,0.0,0.0,0.0,0.0,0.0,0.0,0.0,0.0,0.0,0.0,3148.0,2252.0,789.0,1176.0,1354.0,1808.0,2140.0,2388.0,2392.0,2496.0,4874.0,4032.0,1383.0,2100.0,2274.0,2944.0,3986.0,4347.0,4472.0,4522.0,3648.0,2528.0,953.0,1468.5,1264.0,1978.0,3987.0,4579.5,4643.5,4792.0,3219.0,2039.5,1202.0,1419.0,1193.5,1845.5,4378.5,5276.5,5142.0,5446.5,2681.0,1211.0,493.5,781.0,388.0,1181.5,4728.5,6251.5,6241.0,6468.5,3014.0,2401.0,900.0,1191.0,1570.0,1807.0,1913.0,2111.0,2302.0,2298.0,2856.0,1226.0,367.0,633.0,312.0,981.0,5007.0,6876.0,6919.0,7242.0,2526.0,1115.0,415.0,601.0,320.0,916.0,4428.0,6338.0,6440.0,6565.0,2334.0,964.0,432.0,621.0,346.0,859.0,4077.0,5752.0,5671.0,6063.0,2598.0,1147.5,401.5,645.5,342.0,1008.0,4268.5,5332.0,5025.5,5606.0,2025.0,931.0,294.0,619.0,329.0,981.0,3342.0,4208.0,4355.0,4523.0,1978.0,975.0,376.0,738.0,488.0,1324.0,2980.0,3457.0,3586.0,3811.0,2538.5,1840.0,472.0,619.5,815.5,1160.5,1323.0,1513.0,1633.5,1833.5,2770.0,1887.0,5877.0,5839.0,5956.5,6288.5,6063.5,6239.0,6119.0,6147.0,3727.0,2853.0,855.0,1061.0,1360.0,1626.0,1836.0,2018.0,2116.0,2216.0,3770.0,2801.0,904.0,1127.0,1375.0,1729.0,1974.0,2168.0,2315.0,2379.0,3029.0,2325.0,802.0,1142.0,1516.0,1774.0,1945.0,2033.0,2227.0,2264.0,3310.0,2295.0,792.0,1041.0,1188.0,1579.0,2159.0,2302.0,2516.0,2521.0,0.0,0.0,0.0,0.0,0.0,0.0,0.0,0.0,0.0,0.0,1997.0,1470.0,434.0,664.0,936.0,1074.0,1191.5,1297.0,1449.5,1454.0,2254.0,1702.0,632.0,948.0,1239.0,1454.0,1362.0,1457.0,1573.0,1644.0,0.0,0.0,0.0,0.0,0.0,0.0,0.0,0.0,0.0,0.0,2153.0,1581.0,556.0,774.0,978.0,1235.0,1454.0,1536.0,1710.0,1698.0,0.0,0.0,0.0,0.0,0.0,0.0,0.0,0.0,0.0,0.0,725.0,804.0,10652.0,10380.0,10346.0,10360.0,10046.0,9615.0,10016.0,9172.0,1925.5,1640.0,5944.5,5532.5,5408.0,5621.5,5358.0,5243.5,5940.5,5098.5,2786.5,2060.0,736.5,1067.5,1424.0,1690.5,1884.0,2015.0,2205.5,2253.5,3167.5,2533.0,1683.0,1868.5,2096.5,2366.0,2578.0,2698.5,2824.5,2850.0,2744.0,2022.0,740.0,1086.0,1418.0,1748.0,1981.0,2122.0,2330.0,2369.0,2925.0,2169.0,807.5,1147.5,1493.5,1836.5,2064.5,2226.5,2369.0,2411.0,"{""type"":""MultiPoint"",""coordinates"":[]}"
1065,176,1965.0,1018.0,351.0,748.0,867.0,1617.0,2907.0,3153.0,3535.0,3622.0,3122.0,2371.0,803.0,1471.0,1534.0,2281.0,3806.0,4215.0,4882.0,4497.0,0.0,0.0,0.0,0.0,0.0,0.0,0.0,0.0,0.0,0.0,2031.0,913.0,401.0,718.0,357.0,1156.0,4175.0,5138.0,5302.0,5442.0,1962.0,874.0,277.0,651.0,310.0,1133.0,3969.0,4868.0,5196.0,5224.0,0.0,0.0,0.0,0.0,0.0,0.0,0.0,0.0,0.0,0.0,0.0,0.0,0.0,0.0,0.0,0.0,0.0,0.0,0.0,0.0,0.0,0.0,0.0,0.0,0.0,0.0,0.0,0.0,0.0,0.0,1805.0,1059.5,384.5,561.5,619.5,950.0,1574.0,1771.5,1856.0,2095.0,2967.0,1569.0,556.0,840.0,704.0,1360.0,3090.5,3645.0,3732.0,4010.0,2936.0,1460.0,622.0,890.0,639.0,1331.0,3594.0,4183.0,4146.0,4614.0,2983.0,1761.0,535.0,901.0,1080.0,1705.0,2816.0,3269.0,3693.0,3595.0,0.0,0.0,0.0,0.0,0.0,0.0,0.0,0.0,0.0,0.0,3180.0,1793.0,564.0,818.0,791.0,1355.0,2755.0,3295.0,3375.0,3819.0,884.5,503.5,490.5,499.5,472.5,622.0,853.0,961.5,971.0,1065.0,3949.0,2521.0,805.0,993.0,1323.0,1775.0,2458.0,2853.0,2518.0,3265.0,4297.0,2913.0,659.0,894.0,1273.0,1662.0,2085.0,2262.0,2411.0,2836.0,3954.0,2625.0,611.0,836.0,1163.0,1514.0,1938.0,2198.0,2307.0,2528.0,4057.5,2891.5,651.5,870.0,1207.0,1554.5,1869.5,2186.0,2258.5,2515.0,0.0,0.0,0.0,0.0,0.0,0.0,0.0,0.0,0.0,0.0,3312.0,2013.0,425.0,716.0,762.0,1240.0,2301.0,2565.0,2754.0,2886.0,2737.0,1467.5,359.0,698.0,516.5,1206.0,2976.5,3538.5,3699.5,3796.5,2388.0,1388.0,639.0,959.0,1124.0,1733.5,2729.5,3059.5,3487.5,3478.5,2683.5,1498.5,395.5,762.5,609.0,1321.5,2990.0,3442.0,3741.0,3735.0,0.0,0.0,0.0,0.0,0.0,0.0,0.0,0.0,0.0,0.0,2625.0,1382.0,338.0,750.0,581.0,1371.0,3409.0,3913.0,4292.0,4204.0,2668.0,1420.0,343.0,749.0,586.0,1430.0,3459.0,4029.0,4251.0,4425.0,0.0,0.0,0.0,0.0,0.0,0.0,0.0,0.0,0.0,0.0,0.0,0.0,0.0,0.0,0.0,0.0,0.0,0.0,0.0,0.0,2745.0,2294.0,1461.0,1572.0,1640.0,1901.0,2281.0,2406.0,2651.0,2637.0,0.0,0.0,0.0,0.0,0.0,0.0,0.0,0.0,0.0,0.0,1758.0,1014.0,1887.0,2236.0,2523.0,3546.0,4236.0,4395.0,4486.0,4440.0,3112.0,1888.0,602.0,936.0,1038.0,1638.0,2842.0,3129.0,3486.0,3587.0,2522.0,1346.0,424.0,738.0,575.0,1232.0,3217.0,3733.0,4051.0,3997.0,2389.0,1199.5,341.0,675.0,465.5,1150.5,3480.0,4096.5,4446.0,4386.0,2244.5,1078.5,362.0,690.0,393.5,1172.5,3907.5,4646.0,4904.5,4939.5,"{""type"":""MultiPoint"",""coordinates"":[]}"
1073,1,2512.0,1735.0,662.0,1031.0,1460.0,1757.0,1964.0,2135.0,2338.0,2366.0,3777.5,3496.5,1849.5,2134.0,2511.0,2792.5,2909.0,3056.0,3189.0,3195.5,0.0,0.0,0.0,0.0,0.0,0.0,0.0,0.0,0.0,0.0,3466.0,2535.5,1057.5,1398.0,1652.5,2186.5,2627.5,2864.0,2945.0,3080.0,2824.0,1971.0,719.0,1142.0,1337.0,1840.0,2390.0,2606.0,2793.0,2830.0,3101.0,1827.0,519.0,928.0,660.0,1418.0,3666.0,4451.0,4481.0,4692.0,0.0,0.0,0.0,0.0,0.0,0.0,0.0,0.0,0.0,0.0,1773.0,666.0,464.0,556.0,298.0,634.0,3586.0,6496.0,6430.0,6903.0,1437.0,536.0,177.0,327.0,151.5,427.0,3136.5,5872.5,5914.5,6131.5,1633.0,607.0,519.0,576.0,339.0,646.0,3061.0,5665.0,5630.0,6099.0,0.0,0.0,0.0,0.0,0.0,0.0,0.0,0.0,0.0,0.0,2961.5,2244.5,807.0,1182.0,1654.5,1975.0,2142.5,2313.5,2565.5,2551.0,948.0,397.0,203.5,296.5,182.0,375.5,1821.5,3214.5,3099.0,3458.0,1698.0,691.0,252.0,490.0,289.0,711.0,3341.0,5297.0,5249.0,5908.0,1696.0,724.0,241.0,492.0,315.0,748.0,2776.0,3980.0,3915.0,4340.0,3447.0,2270.0,889.5,1171.0,1415.0,1876.0,2613.5,3062.5,3033.0,3455.5,3997.0,3889.0,956.0,1352.0,1933.0,2254.0,2353.0,2523.0,2530.0,2776.0,4578.5,4434.0,1333.0,1770.5,2448.0,2779.0,2827.5,3037.5,3053.0,3317.0,2999.0,2396.5,678.5,1000.5,1317.5,1728.0,1841.5,2008.5,2071.5,2246.0,4292.0,4125.0,3222.0,3341.0,3443.0,3980.0,4201.0,4311.0,4065.0,4414.0,4324.5,3577.0,1170.0,1609.5,1872.5,2558.5,2783.0,3021.0,3086.0,3323.5,3482.0,3122.0,800.5,1141.0,1671.0,1947.5,2080.0,2265.5,2427.0,2541.5,3219.0,2358.0,1055.0,1443.0,1813.0,2244.0,2515.0,2694.0,3008.0,2955.0,2647.5,2033.5,637.0,924.5,1295.0,1633.0,1767.5,1926.5,2098.0,2184.5,0.0,0.0,0.0,0.0,0.0,0.0,0.0,0.0,0.0,0.0,3532.0,3025.0,1633.0,1891.0,2215.5,2637.5,2843.0,2958.5,3083.0,3152.0,3697.0,3214.0,831.0,1313.0,1782.0,2232.0,2496.0,2661.0,2789.0,2860.0,0.0,0.0,0.0,0.0,0.0,0.0,0.0,0.0,0.0,0.0,0.0,0.0,0.0,0.0,0.0,0.0,0.0,0.0,0.0,0.0,0.0,0.0,0.0,0.0,0.0,0.0,0.0,0.0,0.0,0.0,0.0,0.0,0.0,0.0,0.0,0.0,0.0,0.0,0.0,0.0,140.0,131.0,8138.0,8151.0,8201.0,8431.0,8019.0,7638.0,7819.0,7181.0,2730.5,2150.0,1121.5,1338.0,1655.0,1925.0,2050.5,2192.5,2340.0,2366.5,0.0,0.0,0.0,0.0,0.0,0.0,0.0,0.0,0.0,0.0,2812.5,2059.5,822.5,1184.5,1640.0,1941.0,2088.5,2250.5,2468.0,2465.0,2960.0,2313.5,965.0,1362.0,1782.5,2074.5,2234.0,2394.5,2540.5,2603.5,"{""type"":""MultiPoint"",""coordinates"":[]}"
1079,3,913.5,555.0,465.0,658.5,978.5,1201.5,1286.5,1412.0,1611.5,1617.5,4673.0,3853.0,1163.0,1580.0,2137.0,2532.0,2712.0,2905.0,3011.0,3189.0,4673.0,4059.0,1169.0,1599.0,2176.0,2532.0,2712.0,2905.0,3194.0,3223.0,2584.5,1833.5,919.5,1198.5,1491.0,1874.5,2066.0,2226.5,2292.0,2479.0,1301.0,709.0,554.0,776.0,1028.0,1327.0,1526.0,1681.0,1796.0,1856.0,2899.5,2849.5,2974.0,3621.5,4037.0,4181.0,4069.5,4282.5,4070.0,4419.5,1719.0,1377.0,940.0,1388.0,1585.0,1939.0,2052.0,2295.0,2761.0,2648.0,5046.0,4500.0,1242.0,1646.0,2196.0,2610.0,2738.0,2939.0,3018.0,3237.0,5132.0,4540.5,1312.0,1758.5,2308.5,2710.0,2897.5,3059.5,3229.0,3385.5,2041.5,1138.5,728.5,895.0,950.0,1416.0,1732.5,1979.5,1944.5,2144.5,852.0,473.5,493.0,654.0,468.5,814.5,1462.5,1783.0,1659.5,1660.5,1115.0,704.0,497.0,720.0,1069.0,1283.0,1380.0,1557.0,1754.0,1784.0,1490.5,731.0,332.5,566.5,240.0,821.0,2696.0,3642.0,3456.0,3593.0,1619.0,730.0,247.0,474.0,155.0,728.0,3282.0,4546.0,4608.0,4767.0,1995.0,930.0,263.0,545.0,206.0,798.0,3601.0,5358.0,5383.0,5688.0,1186.0,476.0,228.0,389.0,147.0,539.0,2314.0,3556.0,3522.0,3619.0,2147.0,1024.0,282.0,707.0,252.0,1107.0,4140.0,5732.0,5463.0,5940.0,2338.5,1154.0,458.5,1008.5,409.5,1592.0,4477.5,5797.5,5860.5,6192.5,2466.0,1255.0,571.0,1260.0,541.0,1914.0,4490.0,5204.0,5672.0,5655.0,2639.0,1484.0,673.0,1395.0,880.0,2175.0,4109.0,4634.0,4861.0,4971.0,2895.5,1664.5,825.0,1596.0,1175.5,2544.0,4031.0,4506.0,4618.5,4881.5,3607.0,2632.0,2013.0,2473.0,2540.0,3046.0,3581.0,3890.0,4237.0,4399.0,0.0,0.0,0.0,0.0,0.0,0.0,0.0,0.0,0.0,0.0,3276.5,2183.5,1024.0,1641.0,2020.5,2903.5,3478.0,3732.5,4114.0,4216.5,4298.0,3026.0,1432.0,1913.0,2679.0,3153.0,3353.0,3666.0,3960.0,4077.0,1798.0,1778.0,429.0,483.0,676.0,793.0,845.0,939.0,998.0,1071.0,2209.0,1811.5,453.0,668.0,1012.5,1182.5,1270.5,1408.5,1554.5,1646.0,768.0,492.0,279.0,445.0,812.0,989.0,1091.0,1218.0,1450.0,1434.0,110.0,68.0,208.0,322.0,464.0,534.0,470.0,477.0,534.0,452.0,1761.0,1304.0,698.0,903.0,1188.0,1415.0,1576.0,1678.0,1951.0,1962.0,667.0,666.0,10110.0,10096.0,10110.0,10302.0,9866.0,9367.0,9564.0,8839.0,644.0,503.0,2109.5,2253.5,2363.0,2643.5,2511.5,2519.0,2473.5,2405.5,1071.0,612.0,851.0,1102.0,1470.0,1743.0,1833.0,1996.0,2094.0,2115.0,3113.0,2370.0,2685.0,2586.0,2629.0,2816.0,2957.0,3054.0,3216.0,3174.0,1594.0,871.0,650.0,883.0,1215.0,1441.0,1547.0,1679.0,1878.0,1883.0,2677.0,1690.5,757.5,1025.5,1381.0,1670.0,1817.0,1929.5,2112.0,2186.5,"{""type"":""MultiPoint"",""coordinates"":[]}"
1098,1,2201.0,1527.0,614.0,887.0,1181.0,1450.0,1756.0,1915.0,2136.0,2076.0,4052.0,3532.0,1249.0,1694.5,2260.5,2567.0,2667.0,2840.5,2949.5,3045.0,2418.0,1620.0,774.0,1030.0,1472.0,1687.0,1782.0,1948.0,2090.0,2086.0,4328.0,3801.0,1428.5,1872.5,2414.5,2782.0,2916.5,3094.5,3256.0,3256.0,2961.0,2204.0,909.0,1252.0,1675.0,1964.0,2115.0,2245.0,2443.0,2478.0,4554.0,3627.0,1324.0,1757.0,2077.0,2599.0,3578.0,4123.0,4286.0,4239.0,0.0,0.0,0.0,0.0,0.0,0.0,0.0,0.0,0.0,0.0,1945.0,864.5,346.5,602.0,335.5,809.5,3349.0,4645.0,4518.5,4744.5,2009.5,905.5,335.5,580.5,315.5,794.0,3649.0,5269.5,5247.0,5421.5,2172.5,966.0,571.0,733.0,438.0,883.0,3493.5,5020.0,5027.0,5237.5,2026.0,924.0,328.0,581.0,310.0,764.0,3371.0,4922.0,4935.0,5124.0,2413.0,1810.0,653.0,905.0,1240.0,1517.0,1815.0,1931.0,2133.0,2106.0,2374.0,1055.0,663.0,968.0,577.0,1372.0,4019.0,5463.0,4581.0,5586.0,2383.5,1151.0,891.0,1197.5,849.0,1617.0,3455.5,4192.0,4178.0,4525.0,1922.5,1430.5,838.5,962.5,1014.5,1416.0,2029.0,2353.5,2192.0,2509.0,2233.5,1649.5,565.0,681.5,853.0,1114.0,1378.5,1548.0,1568.0,1837.5,1958.0,2066.0,383.0,465.0,596.0,738.0,878.0,1056.0,1068.0,1236.0,2969.0,2658.0,803.0,1075.0,1476.0,1699.0,1806.0,1904.0,1979.0,2098.0,3030.5,2239.5,876.0,1230.0,1537.5,1919.0,2154.0,2300.5,2318.0,2532.5,2665.0,1818.0,661.0,1116.0,1049.0,1741.0,2562.0,2740.0,2749.0,2906.0,2562.5,1692.0,708.0,1178.0,1042.5,1715.0,2676.5,2851.0,2931.0,3002.5,2530.5,1532.5,628.5,1053.5,923.0,1714.0,2682.0,2905.0,2998.0,3041.0,2210.0,1629.0,799.0,993.5,1216.5,1540.0,1911.5,2094.0,2209.0,2265.5,1872.5,1061.5,447.5,870.5,655.0,1458.0,2689.5,2890.5,3067.5,2996.0,2311.0,1356.5,758.0,1122.0,894.5,1752.5,3093.5,3335.0,3478.0,3491.0,1884.0,1052.0,404.0,830.0,672.0,1513.0,2988.0,3241.0,3504.0,3372.0,2070.0,1105.0,548.0,888.0,718.0,1641.0,3191.0,3540.0,3590.0,3654.0,0.0,0.0,0.0,0.0,0.0,0.0,0.0,0.0,0.0,0.0,2423.0,1911.0,1272.5,1621.0,1267.5,1924.0,3594.5,4029.0,4169.5,4243.5,0.0,0.0,0.0,0.0,0.0,0.0,0.0,0.0,0.0,0.0,89.0,111.0,10598.0,10460.0,10334.0,10471.0,10007.0,9329.0,9572.0,8711.0,376.0,254.0,6402.0,6426.0,6624.0,6802.0,6687.0,6387.0,6614.0,6045.0,2286.0,1524.0,717.0,998.5,1334.0,1659.5,1881.5,2055.0,2229.0,2217.5,3347.0,2697.0,1012.0,1369.0,1853.0,2097.0,2223.0,2366.0,2670.0,2572.0,2568.0,1833.0,720.0,967.0,1366.0,1623.0,1734.0,1884.0,2082.0,2057.0,2379.0,1614.0,736.0,1037.0,1461.0,1701.0,1825.0,1979.0,2103.0,2115.0,"{""type"":""MultiPoint"",""coordinates"":[]}"
1099,5,302.0,196.5,584.0,798.5,1187.5,1476.0,1415.0,1526.0,1685.0,1534.0,5300.5,4244.0,1742.5,2141.5,2623.5,3038.5,3289.5,3479.0,3785.0,3967.5,2126.0,1248.0,962.5,1164.0,1466.5,1871.0,2085.0,2351.5,2645.0,2732.0,4901.5,3896.0,1590.0,1958.0,2337.0,2776.5,3038.5,3321.5,3628.5,3698.5,4460.0,3409.0,1346.0,1694.0,2086.0,2496.0,2766.0,3038.0,3326.0,3417.0,4903.0,3972.0,1684.0,1981.0,2546.0,2917.0,3103.0,3366.0,3623.0,3726.0,1443.0,996.0,1260.0,1521.0,1767.0,2248.0,2394.0,2682.0,2656.0,2959.0,5966.5,5442.0,2069.5,2553.0,2956.5,3537.5,3777.0,4130.5,4205.5,4531.0,5846.0,5725.0,2246.0,2623.0,3137.0,3549.0,3762.0,4105.0,4037.0,4419.0,5762.0,5108.0,2101.0,2558.0,2902.0,3495.0,4253.0,4533.0,4471.0,4944.0,5670.0,4760.0,1763.0,2297.0,2423.0,3258.0,4961.0,5525.0,5535.0,5996.0,427.0,331.0,584.0,785.0,1115.0,1354.0,1394.0,1550.0,1771.0,1624.0,3103.0,1603.0,498.5,795.5,478.0,1263.0,4398.0,5592.0,5390.5,5878.0,2650.5,1244.0,464.0,625.5,324.5,899.5,4316.5,5943.0,5868.0,6151.0,2780.5,1245.5,321.5,503.0,238.0,802.0,4549.0,6512.0,6339.5,6836.0,2512.0,1108.0,326.0,443.0,241.0,694.0,4048.0,6079.0,5717.0,6337.0,2398.0,1041.0,261.0,439.0,230.0,749.0,4079.0,5685.0,5834.0,6001.0,3603.5,2502.5,2698.5,2712.0,2520.0,3099.5,4907.5,5751.5,5674.0,5938.0,2504.5,1183.5,390.0,841.5,448.0,1750.5,4482.0,5130.5,5114.0,5432.0,2479.0,1551.0,602.0,942.0,1167.0,1859.0,2158.0,2382.0,2482.0,2747.0,2794.0,1969.0,555.0,775.0,1062.0,1406.0,1602.0,1772.0,1961.0,2150.0,3286.0,2383.0,878.0,1168.0,1662.0,1990.0,2163.0,2362.0,2567.0,2699.0,425.5,296.0,711.5,887.0,1185.5,1463.0,1511.5,1653.0,1858.5,1786.0,3389.0,2570.0,989.5,1220.5,1539.5,1844.0,1980.0,2149.0,2321.5,2364.0,3077.0,2406.5,1970.0,2006.5,2106.5,2457.0,2580.0,2667.0,2905.5,2793.5,2609.5,1765.5,757.0,1001.0,1204.5,1545.0,1886.0,2035.0,2276.5,2276.5,3000.0,2101.0,830.5,1117.5,1253.5,1696.5,2167.5,2339.0,2482.5,2544.5,0.0,0.0,0.0,0.0,0.0,0.0,0.0,0.0,0.0,0.0,1978.0,1200.0,584.0,809.0,810.0,1321.0,1961.0,2148.0,2325.0,2325.0,0.0,0.0,0.0,0.0,0.0,0.0,0.0,0.0,0.0,0.0,629.0,692.0,10836.0,10528.0,10420.0,10451.0,10122.0,9687.0,10052.0,9254.0,174.0,157.0,8612.0,8702.0,8872.0,9093.0,8622.0,8166.0,8302.0,7668.0,1379.5,826.5,790.0,1072.5,1443.0,1811.0,1953.5,2169.0,2468.5,2455.5,4236.0,3264.0,1512.0,1869.0,2353.0,2752.0,2989.0,3170.0,3514.0,3567.0,1342.0,823.0,739.0,989.0,1361.0,1700.0,1928.0,2152.0,2421.0,2453.0,2004.0,1419.0,841.0,981.0,1345.0,1713.0,1897.0,2209.0,2403.0,2694.0,"{""type"":""MultiPoint"",""coordinates"":[]}"
1106,1,1881.0,1066.0,335.5,568.5,573.0,1267.5,2483.5,2779.5,3093.5,3076.0,3418.0,2513.0,1193.0,1420.0,1503.0,1922.0,2391.0,2593.0,2742.0,2887.0,3017.0,2048.0,792.0,1098.0,1253.0,1760.0,2292.0,2562.0,2786.0,2837.0,2363.0,1296.0,439.0,708.0,561.0,1072.0,2538.0,3094.0,3083.0,3423.0,1808.0,836.0,205.0,459.0,237.0,671.0,2797.0,3634.0,3855.0,3803.0,4309.0,3216.0,3258.0,3358.5,3449.5,3892.5,4619.5,5007.5,4947.5,4998.5,0.0,0.0,0.0,0.0,0.0,0.0,0.0,0.0,0.0,0.0,1811.0,723.5,330.5,456.0,267.5,559.0,3022.0,5205.5,5258.5,5516.5,1969.0,803.5,355.5,507.0,300.5,622.5,3175.5,5454.5,5370.5,5775.5,1887.0,812.5,285.5,490.5,290.0,648.0,3134.0,4939.5,5019.5,5290.5,1716.0,751.5,382.0,559.0,338.0,729.0,3018.0,4763.5,4718.5,5143.0,1873.0,1113.0,372.0,586.5,654.5,1302.5,2376.5,2669.0,2947.0,3005.5,2259.0,1078.0,520.0,798.0,636.0,1207.0,3516.0,5087.0,4976.0,5589.0,1649.0,1036.0,618.5,766.5,774.5,1158.5,1854.5,2213.5,2236.0,2472.5,5227.0,3338.0,1241.0,1728.0,2593.0,3222.0,3484.0,3845.0,4024.0,4553.0,4025.5,3284.5,1257.5,1551.0,2076.0,2426.5,2611.5,2862.5,2902.5,3234.0,4061.5,3321.0,1048.0,1342.0,1736.5,2127.0,2308.0,2556.0,2620.5,2900.0,5008.5,4365.5,1347.0,1725.0,2247.5,2659.5,2899.5,3171.0,3332.0,3553.5,3233.0,2368.5,832.0,1075.5,1372.0,1736.5,1923.5,2149.5,2365.0,2479.5,4135.0,3236.0,904.0,1271.0,1485.0,2054.0,2367.0,2577.0,2713.0,2941.0,4864.0,4016.0,1160.5,1622.0,1906.0,2493.0,2900.0,3152.0,3274.0,3506.0,4230.0,3373.0,1083.0,1468.0,1671.0,2265.0,2982.0,3210.0,3359.0,3517.0,1803.0,1037.0,385.0,549.0,563.0,1196.0,2287.0,2577.0,2941.0,2962.0,2715.0,1687.0,542.0,938.0,768.0,1529.0,3249.5,3623.0,3913.5,3853.0,2463.0,1518.0,490.0,843.0,669.0,1497.0,3468.0,3898.0,4184.0,4161.0,1944.0,1096.5,366.5,701.0,557.5,1346.0,3384.0,3849.5,4211.0,4071.0,1876.5,1011.5,382.0,661.0,513.0,1377.0,3323.0,3714.5,3972.0,4051.5,0.0,0.0,0.0,0.0,0.0,0.0,0.0,0.0,0.0,0.0,1819.0,997.0,437.5,669.5,559.0,1321.5,2443.5,2794.0,3039.0,3125.5,0.0,0.0,0.0,0.0,0.0,0.0,0.0,0.0,0.0,0.0,83.0,89.0,9588.0,9633.0,9565.0,9779.0,9314.0,8623.0,8912.0,7983.0,674.0,393.0,3320.0,3674.0,3783.0,4308.0,4459.0,4520.0,4859.0,4629.0,2075.0,1332.0,552.5,762.5,1049.5,1343.0,1531.0,1746.5,2019.0,2092.5,3152.0,2374.0,839.0,1094.5,1412.0,1756.5,1913.5,2131.0,2380.0,2472.5,3005.0,2151.0,721.0,1023.0,1239.0,1686.0,1890.0,2119.0,2420.0,2498.0,3028.0,2165.0,747.0,1064.0,1192.0,1739.0,2085.0,2284.0,2531.0,2590.0,"{""type"":""MultiPoint"",""coordinates"":[]}"
1118,5,2107.5,1360.5,736.5,958.5,1383.0,1573.5,1731.0,1821.0,2011.0,2058.5,3614.0,3463.0,1144.0,1489.0,1830.0,2030.0,2122.0,2229.0,2369.0,2418.0,764.5,477.5,427.5,580.0,753.0,931.0,956.0,1039.5,1104.5,1157.0,334.0,163.0,554.0,631.0,716.0,793.0,735.0,747.0,1012.0,772.0,3269.0,2678.0,995.0,1329.0,1670.0,1947.0,2057.0,2158.0,2311.0,2298.0,1429.0,1268.0,762.0,807.0,893.0,976.0,929.0,996.0,1022.0,998.0,0.0,0.0,0.0,0.0,0.0,0.0,0.0,0.0,0.0,0.0,5372.0,4968.0,1904.0,2462.0,2858.0,3378.0,3767.0,4071.0,4022.0,4375.0,4726.0,4121.0,1499.0,2060.0,2339.0,2923.0,3649.0,3895.0,3842.0,4088.0,3119.0,2451.0,790.5,1151.0,1201.0,1720.0,2513.0,2833.5,2869.0,2988.5,3666.0,2859.5,1755.0,1973.5,1952.0,2518.5,3847.5,4618.5,4132.0,4794.5,3060.0,2195.0,1162.5,1431.5,1875.5,2133.5,2264.5,2396.5,2641.0,2604.5,2194.0,1059.0,556.0,640.0,486.0,927.0,3207.0,3979.0,3877.0,4307.0,2055.0,926.0,362.0,564.0,306.0,835.0,3581.0,4912.0,4853.0,5022.0,1392.0,639.0,428.0,458.0,263.0,695.0,2707.0,3844.0,3336.0,3862.0,1963.0,857.0,277.0,461.0,242.0,724.0,3303.0,4568.0,4367.0,4802.0,1712.0,770.0,234.0,519.0,279.0,779.0,3143.0,3752.0,3898.0,4041.0,2231.5,1166.0,430.0,828.0,601.0,1453.5,3104.0,3641.5,3685.0,4053.5,2701.5,1858.0,452.5,768.5,812.5,1346.0,1937.5,2191.0,2362.5,2495.0,2857.5,2447.0,613.5,1006.5,1291.0,1756.0,2082.5,2321.0,1479.0,2584.5,2688.5,2043.5,487.5,630.5,809.5,1000.5,1147.0,1275.5,1447.5,1487.0,3728.0,2945.0,752.0,980.0,1321.0,1577.0,1694.0,1868.0,2018.0,2156.0,2770.5,1876.5,957.0,1194.0,1638.5,1866.5,1962.5,2063.0,2294.5,2300.0,3430.0,3318.0,968.5,1258.5,1630.5,1826.5,1882.5,1958.5,2164.0,2181.0,2467.0,2073.5,939.5,1114.0,1400.0,1583.0,1643.5,1736.5,1833.5,1898.5,2005.5,1494.5,472.0,695.5,950.0,1097.0,1164.0,1260.0,1398.0,1436.5,2484.0,2056.0,605.0,841.0,1126.0,1347.0,1387.0,1466.0,1563.0,1619.0,2257.0,1884.0,2065.0,1891.0,1958.0,2232.0,2306.0,2512.0,2260.0,2686.0,1696.5,1144.5,681.5,849.5,1051.5,1242.0,1311.0,1382.0,1557.5,1542.5,0.0,0.0,0.0,0.0,0.0,0.0,0.0,0.0,0.0,0.0,1499.0,1310.0,7390.0,7166.0,7444.0,7618.0,7438.0,7269.0,7700.0,7064.0,2392.0,1624.0,1526.5,1808.0,2315.0,2517.5,2579.0,2734.5,2915.5,2913.5,2821.0,1969.0,1101.0,1352.0,1792.0,1994.0,2094.0,2174.0,2343.0,2392.0,2745.5,1991.0,1122.5,1349.5,1706.0,1907.5,2007.0,2072.0,2310.0,2302.5,2766.0,1943.0,1082.0,1330.0,1677.0,1919.0,1990.0,2104.0,2250.0,2321.0,3530.0,2814.0,1512.0,1828.0,2353.0,2682.0,2702.0,2906.0,3044.0,3098.0,"{""type"":""MultiPoint"",""coordinates"":[]}"
1142,3,2908.5,2462.0,2132.5,2199.0,2411.5,2568.0,2595.0,2676.5,2884.5,2816.0,4035.5,3421.0,1422.0,1757.0,2138.0,2433.0,2543.5,2668.5,2775.0,2856.0,1299.5,785.5,799.0,1023.5,1279.5,1473.0,1443.0,1558.5,1630.5,1621.0,1448.5,906.5,1019.5,1298.5,1588.0,1837.0,1842.0,1952.0,2038.5,1993.0,3452.5,2902.5,1152.5,1506.5,1931.5,2166.0,2255.5,2385.5,2536.0,2539.0,797.0,669.5,505.0,502.0,508.5,482.0,457.5,506.0,507.0,489.0,0.0,0.0,0.0,0.0,0.0,0.0,0.0,0.0,0.0,0.0,4072.5,3242.0,1435.0,1869.0,2333.5,2739.0,2801.5,2954.0,2996.5,3092.0,2780.5,2158.0,1067.0,1307.5,1504.0,1826.5,1960.5,2108.0,2165.0,2138.0,747.0,571.5,668.5,947.5,1131.5,1489.0,1571.0,1702.0,1624.5,1523.0,1337.5,853.0,1711.0,1639.0,1306.0,1487.5,1986.0,2368.0,2463.0,2195.0,1462.0,968.5,499.5,633.5,813.5,945.0,1008.0,1097.5,1235.5,1204.5,1264.5,631.0,364.0,539.0,286.5,794.0,2336.5,3289.0,3179.5,3347.0,1456.0,679.0,378.5,497.5,265.0,651.0,2505.5,4046.0,4076.0,4039.0,877.0,394.5,210.5,310.0,152.5,405.0,1691.5,2768.0,2661.0,2786.5,1625.5,707.5,353.5,613.0,331.5,864.5,3209.5,4887.5,4876.0,5218.5,1737.5,821.0,400.0,757.0,374.5,1156.0,3433.5,4810.5,4914.5,5074.5,2871.5,2320.5,1630.5,1945.5,1823.5,2552.5,3973.0,4636.5,4468.0,4874.0,1737.5,912.5,436.5,820.0,530.0,1468.0,3383.0,4107.0,4392.5,4556.5,1985.5,1142.0,543.0,958.0,827.0,1703.5,2918.0,3365.0,3456.0,3621.5,2516.0,1650.0,736.0,1174.5,1328.5,2145.0,3004.5,3352.0,3527.0,3626.5,2505.5,1662.0,796.5,1119.0,1621.5,2004.5,2113.0,2324.0,2415.5,2490.0,2508.0,1874.5,807.5,1069.0,1452.5,1618.0,1776.0,1888.0,2079.0,2074.5,2022.0,1435.0,674.0,914.5,1294.5,1491.0,1549.5,1648.5,1838.0,1823.0,1613.0,1105.0,732.0,914.0,1284.5,1517.0,1499.0,1634.0,1793.5,1777.0,1628.5,1122.0,546.5,785.0,1122.5,1271.5,1327.5,1446.0,1588.0,1570.5,1702.0,1161.5,640.0,837.0,1133.0,1296.5,1308.5,1417.5,1555.0,1552.5,2171.0,1725.5,2370.5,2203.0,2179.0,2312.0,2283.5,2417.0,2553.5,2603.0,1193.0,829.5,624.5,733.5,952.5,1084.0,1088.5,1156.0,1268.5,1250.0,0.0,0.0,0.0,0.0,0.0,0.0,0.0,0.0,0.0,0.0,1010.0,1085.5,10680.0,10356.0,10266.0,10333.0,9999.0,9632.5,10007.0,9293.5,1006.0,607.0,654.0,893.5,1173.5,1494.0,1605.0,1668.5,1682.5,1723.5,2337.0,1488.5,734.0,1022.5,1324.0,1517.0,1634.0,1768.0,1912.0,1923.5,2341.0,1571.0,832.5,1076.0,1370.0,1588.5,1686.5,1816.0,1942.5,1934.5,2369.0,1497.5,767.0,1025.0,1358.0,1568.0,1674.0,1804.0,1955.0,1963.5,4129.0,3604.5,1267.5,1680.5,2174.5,2422.0,2550.0,2705.0,2869.0,2874.0,"{""type"":""MultiPoint"",""coordinates"":[]}"
1183,3,2096.0,1374.0,582.0,783.0,949.0,1237.0,1528.0,1647.0,1885.0,1838.0,2962.0,2284.0,936.0,1160.0,1452.0,1715.0,1877.0,1961.0,2224.0,2287.0,2333.0,1622.0,717.0,945.0,1160.5,1428.0,1529.5,1686.0,1762.5,1846.5,5762.0,5162.0,5043.0,5229.0,5459.0,5808.0,5767.0,5707.0,5893.0,5662.0,4916.0,4664.0,1732.0,2255.0,2735.0,3071.0,3271.0,3478.0,3683.0,3702.0,5524.5,5056.0,1968.0,2517.5,2899.5,3498.0,3900.5,4156.5,4191.0,4352.5,0.0,0.0,0.0,0.0,0.0,0.0,0.0,0.0,0.0,0.0,4148.5,3450.5,1187.5,1611.5,1696.5,2360.5,3103.0,3320.5,3340.0,3713.5,1795.0,1113.0,483.0,742.0,698.0,1200.0,2506.0,3141.0,3092.0,3200.0,1630.5,858.0,305.5,482.0,262.0,785.5,2582.5,3707.0,3617.0,3653.5,1693.5,851.0,534.5,633.5,391.5,867.0,2886.0,4325.0,4345.5,4493.0,2988.5,2387.5,803.5,1096.5,1344.0,1664.0,1964.0,2105.5,2359.5,2319.5,1557.0,810.0,376.0,469.0,263.0,675.0,2623.0,4121.0,3964.0,4321.0,1417.0,831.0,424.0,539.0,321.0,751.0,2723.0,4087.0,4098.0,4174.0,1466.0,689.0,322.5,561.5,296.5,932.0,2861.0,3912.5,3899.5,4196.5,1524.0,820.0,466.0,709.0,446.0,1124.0,2967.0,3974.0,3756.0,4072.0,1914.0,1058.0,467.0,840.0,737.0,1531.0,2920.0,3499.0,3681.0,3801.0,1850.0,1017.0,386.0,759.0,678.0,1534.0,2562.0,2965.0,3078.0,3315.0,2692.5,1952.0,704.0,986.0,1313.5,1794.5,2073.5,2332.0,2433.5,2679.5,2768.5,2074.0,1232.5,1351.0,1601.5,1998.0,2175.0,2336.0,2367.5,2537.5,3181.0,2347.0,781.0,1063.0,1387.0,1748.0,2073.0,2360.0,2394.0,2579.0,1933.0,1616.0,595.0,783.0,1107.0,1318.5,1392.0,1498.0,1643.5,1756.5,2827.0,2295.0,855.5,1150.5,1419.5,1744.5,2046.5,2180.5,2448.5,2389.5,3200.0,2590.0,950.0,1191.0,1605.0,1861.0,1974.0,2113.0,2387.0,2366.0,0.0,0.0,0.0,0.0,0.0,0.0,0.0,0.0,0.0,0.0,2022.5,1390.0,627.5,894.5,1290.0,1552.0,1697.5,1810.5,2055.5,2064.0,3231.0,2543.0,968.0,1302.0,1743.0,2035.0,2084.0,2242.0,2415.0,2523.0,0.0,0.0,0.0,0.0,0.0,0.0,0.0,0.0,0.0,0.0,3441.5,2986.0,3064.0,3045.0,3222.0,3483.0,3551.0,3539.5,3812.5,3657.5,0.0,0.0,0.0,0.0,0.0,0.0,0.0,0.0,0.0,0.0,1033.0,1129.0,9858.0,9871.0,9930.0,10134.0,9793.0,9390.0,9820.0,9113.0,1418.0,945.5,982.0,1130.0,1314.5,1660.0,1806.0,1943.5,1986.0,2038.5,3018.0,2368.0,772.0,1058.0,1280.0,1636.0,2086.0,2281.0,2502.0,2488.0,2776.5,2088.0,874.0,1190.5,1383.5,1775.5,2145.5,2291.5,2499.5,2463.0,2614.0,1905.0,779.0,1088.0,1306.0,1693.0,1969.0,2081.0,2262.0,2329.0,4329.0,3969.0,1422.0,1830.0,2262.0,2575.0,2709.0,2878.0,3198.0,3153.0,"{""type"":""MultiPoint"",""coordinates"":[]}"
1191,5,1725.0,1191.0,659.0,803.0,1064.0,1235.0,1300.0,1382.0,1604.0,1538.0,3170.0,2296.0,1066.0,1310.0,1532.5,1930.5,2089.0,2256.5,2422.5,2488.0,1740.0,1099.5,687.0,913.0,1075.0,1468.5,1697.0,1826.0,1945.0,1972.0,1632.5,1071.0,939.5,976.0,1089.0,1392.5,1552.5,1648.0,1797.5,1766.5,3045.0,2111.0,873.0,1143.0,1335.0,1806.0,2070.0,2137.0,2308.0,2362.0,4065.0,2937.0,2211.0,2376.0,2551.0,2871.0,2911.0,2878.0,3532.0,2845.0,0.0,0.0,0.0,0.0,0.0,0.0,0.0,0.0,0.0,0.0,3863.0,3300.0,2646.0,2761.0,2697.0,3048.0,3389.0,3515.0,3776.0,3584.0,4929.5,4614.0,1776.0,2152.0,2676.5,2984.5,3010.5,3159.0,3269.5,3419.5,5226.5,4808.5,2244.5,2688.0,3266.0,3657.0,3723.5,3904.0,3948.5,4194.0,3519.0,2474.0,2466.0,2342.0,2200.0,2647.0,3031.0,3454.0,3686.0,3511.0,2754.0,2057.0,918.0,1072.0,1391.0,1546.0,1581.0,1729.0,1969.0,1942.0,5338.0,4577.0,1789.0,2257.0,2555.0,3165.0,3718.0,4038.0,3966.0,4376.0,4570.0,3678.0,1222.5,1599.0,1672.0,2344.5,3778.0,4301.0,4381.5,4618.5,3592.0,2488.5,871.5,1197.0,1155.5,1771.5,3534.5,4256.0,4127.5,4489.0,2280.0,1081.0,313.0,523.0,256.0,843.0,3542.0,4628.0,4559.0,4824.0,2133.0,983.0,179.0,394.0,191.0,718.0,3642.0,4872.0,5008.0,5156.0,2203.5,1004.0,308.5,487.0,300.0,789.5,3622.5,4975.0,4925.0,5372.5,1933.5,906.5,259.0,489.5,226.0,824.0,3420.5,4332.5,4572.5,4594.0,2224.0,1251.0,427.0,783.0,616.5,1452.5,2606.0,2925.5,3077.5,3304.5,3039.0,2176.0,472.0,786.0,941.0,1459.0,1843.0,2090.0,2317.0,2499.0,3339.0,2527.0,579.0,769.0,1029.0,1282.0,1360.0,1536.0,1731.0,1853.0,2426.5,2028.5,1576.0,1638.5,1793.5,1960.5,1997.5,2049.5,2266.5,2192.0,2924.0,2274.0,564.0,698.0,931.0,1066.0,1167.0,1283.0,1522.0,1560.0,2337.0,1561.0,495.0,575.0,817.0,988.0,1071.0,1206.0,1442.0,1525.0,2689.5,1933.5,501.5,647.5,887.5,1066.0,1160.5,1300.0,1534.5,1569.0,2239.5,1523.5,494.5,661.0,902.5,1080.0,1215.0,1362.0,1539.0,1617.0,0.0,0.0,0.0,0.0,0.0,0.0,0.0,0.0,0.0,0.0,1211.5,684.0,637.5,705.0,859.0,1012.5,1094.5,1206.5,1354.0,1359.0,0.0,0.0,0.0,0.0,0.0,0.0,0.0,0.0,0.0,0.0,954.0,992.0,9534.0,9256.0,9300.0,9473.0,9213.0,8836.0,9252.0,8697.0,1498.0,1007.0,1334.5,1592.0,1807.5,2058.0,2083.0,2136.5,2305.0,2259.0,2209.5,1553.5,741.0,889.0,1135.0,1385.0,1419.0,1530.5,1683.5,1709.0,1495.0,996.0,648.0,785.0,972.0,1214.0,1280.0,1402.0,1529.0,1539.0,1700.0,1303.0,634.5,828.5,1041.0,1276.5,1420.0,1542.5,1635.0,1680.0,2494.0,1771.0,1027.0,1130.0,1331.0,1674.0,1838.0,1974.0,1897.0,2168.0,"{""type"":""MultiPoint"",""coordinates"":[]}"
1195,5,1423.0,882.0,539.5,715.0,1061.5,1261.5,1370.5,1531.5,1747.5,1763.0,4675.0,3846.0,1466.0,1893.0,2296.0,2830.0,3048.0,3242.0,3473.0,3560.0,1173.0,656.5,570.0,812.5,1062.5,1435.5,1606.5,1784.5,2017.0,2028.0,1020.0,623.0,676.0,902.0,1138.0,1509.0,1712.0,1852.0,2108.0,2087.0,4204.0,3367.0,1197.0,1573.0,1957.0,2335.0,2703.0,2778.0,3088.0,3056.0,1158.0,912.0,647.0,615.0,613.0,686.0,719.0,794.0,783.0,896.0,0.0,0.0,0.0,0.0,0.0,0.0,0.0,0.0,0.0,0.0,4698.5,4378.5,2147.0,2376.5,2891.0,3388.0,3632.5,3940.0,3348.5,4181.0,2999.0,2520.0,1522.0,1879.0,1993.0,2304.0,2697.0,2952.0,2507.0,3012.0,6089.5,5711.5,2171.5,2733.5,3429.0,3872.5,3960.5,4186.5,4268.0,4447.5,4979.0,3638.0,2063.0,2424.0,2903.0,3428.0,3824.0,4253.0,4240.0,4522.0,3277.5,2310.0,1036.0,1250.0,1690.5,1903.5,2075.5,2256.5,2484.0,2519.5,5392.0,4658.0,1443.0,1909.0,2232.0,2837.0,3733.0,4153.0,4047.0,4476.0,4756.5,3902.0,1323.5,1750.5,1889.0,2538.0,3942.5,4544.0,4585.5,4837.5,2866.0,1756.0,622.0,893.0,634.0,1337.0,3392.0,4117.0,4000.0,4292.0,2399.0,1130.0,318.0,534.0,255.0,866.0,3617.0,4838.0,4720.0,5009.0,2064.0,1041.0,200.0,437.0,240.0,760.0,3526.0,4507.0,4668.0,4766.0,2059.5,901.0,368.0,562.0,309.5,861.5,3761.5,4907.5,4867.5,5133.0,2119.0,962.5,268.5,525.0,245.0,856.0,3772.0,4755.5,5043.5,5038.5,2558.0,1390.5,548.0,906.5,617.0,1543.5,4032.5,4679.5,4978.0,4980.5,2341.5,1174.0,395.0,937.0,712.0,1671.5,2794.5,3185.5,3553.0,3655.0,3419.0,2450.0,503.0,811.0,1082.0,1562.0,1769.0,2027.0,2345.0,2569.0,2495.5,1711.5,812.0,1011.0,1352.5,1592.0,1713.0,1880.5,2115.5,2102.0,3147.5,2363.0,555.0,752.0,1042.0,1223.5,1370.5,1557.5,1784.0,1861.5,2767.5,1997.0,871.0,1033.0,1358.0,1566.5,1714.0,1905.0,2157.5,2266.0,3314.0,2452.5,668.0,924.0,1252.5,1467.5,1620.5,1774.0,2046.5,2058.0,3220.5,2407.0,698.5,923.0,1202.0,1405.0,1587.5,1743.5,1945.0,1996.0,3266.0,3020.0,2719.0,2757.0,2849.0,3348.0,3487.0,3663.0,3026.0,3716.0,1760.0,1099.5,597.0,704.5,818.5,1016.5,1265.5,1368.0,1576.5,1557.0,0.0,0.0,0.0,0.0,0.0,0.0,0.0,0.0,0.0,0.0,1047.0,1084.0,9224.0,8964.0,9048.0,9149.0,8892.0,8686.0,9052.0,8441.0,1303.0,836.0,1273.5,1481.5,1862.0,2248.0,2289.0,2447.5,2529.5,2504.0,2418.0,1713.0,835.0,1131.0,1477.0,1636.0,1824.0,1927.0,2164.0,2026.0,1429.5,988.5,652.0,814.5,1002.5,1199.0,1340.5,1442.0,1586.0,1536.0,1420.0,814.0,593.0,857.0,1148.0,1461.0,1652.0,1701.0,1894.0,1922.0,3836.0,2954.0,1240.0,1606.0,1997.0,2368.0,2629.0,2776.0,3041.0,2959.0,"{""type"":""MultiPoint"",""coordinates"":[]}"
1202,1,2386.0,1487.0,478.0,761.0,743.0,1302.0,2267.0,2626.0,2894.0,2861.0,4962.0,4190.0,1130.0,1505.0,2031.0,2352.0,2487.0,2785.0,3018.0,3092.0,3299.0,2458.0,795.0,972.0,1320.0,1559.0,1713.0,1923.0,2162.0,2242.0,3587.0,2793.0,774.0,998.0,1240.0,1571.0,1851.0,2039.0,2307.0,2375.0,5014.0,4275.0,1198.0,1570.0,1874.0,2403.0,2918.0,3249.0,3411.0,3607.0,4310.0,3156.0,858.0,1170.0,1232.0,1728.0,3260.0,4018.0,4020.0,4381.0,0.0,0.0,0.0,0.0,0.0,0.0,0.0,0.0,0.0,0.0,1860.0,797.0,292.0,456.0,237.0,580.0,3045.0,4828.0,4899.0,5005.0,0.0,0.0,0.0,0.0,0.0,0.0,0.0,0.0,0.0,0.0,2014.5,832.5,471.0,621.0,391.5,755.5,3175.5,4890.5,4945.5,5258.5,2152.0,910.0,716.0,790.0,540.0,875.0,3348.0,5422.0,5404.0,5689.0,2733.0,1847.0,575.0,778.0,891.0,1484.0,2414.0,2647.0,2959.0,2917.0,2020.0,837.0,447.5,608.0,378.0,786.5,3145.5,4743.0,4698.5,5002.5,2150.5,980.5,526.5,790.0,549.5,1102.5,3155.0,4135.0,4161.5,4472.0,1807.0,1102.0,442.0,614.0,635.0,1029.0,1754.0,2172.0,2201.0,2488.0,2982.0,2160.0,493.0,638.0,876.0,1156.0,1363.0,1574.0,1649.0,1875.0,5024.0,3592.0,921.5,1332.5,2077.0,2504.5,2741.5,3064.5,3406.5,3603.5,0.0,0.0,0.0,0.0,0.0,0.0,0.0,0.0,0.0,0.0,3634.0,3083.0,825.0,1110.0,1576.5,1843.0,1945.5,2121.5,2313.0,2399.0,3545.0,2769.0,800.0,1069.0,1415.0,1735.0,1887.0,2063.0,2177.0,2338.0,3316.0,2595.5,730.0,1003.0,1270.0,1597.0,1980.5,2194.0,2382.5,2439.5,3420.0,2634.0,719.0,1053.0,1176.0,1659.0,2389.0,2641.0,2767.0,2857.0,0.0,0.0,0.0,0.0,0.0,0.0,0.0,0.0,0.0,0.0,2423.5,1464.0,503.0,824.5,705.5,1346.0,2454.0,2763.0,2945.0,3005.0,0.0,0.0,0.0,0.0,0.0,0.0,0.0,0.0,0.0,0.0,2101.0,1205.0,408.0,779.0,750.0,1409.0,2511.0,2791.0,2959.0,2977.0,1692.5,1000.5,408.5,668.0,592.0,1102.0,2052.5,2282.5,2375.0,2395.5,0.0,0.0,0.0,0.0,0.0,0.0,0.0,0.0,0.0,0.0,2223.0,1314.0,484.0,799.0,635.0,1209.0,2560.0,2990.0,3191.0,3126.0,0.0,0.0,0.0,0.0,0.0,0.0,0.0,0.0,0.0,0.0,648.0,711.0,10201.0,10027.0,10107.0,10230.0,9944.0,9555.0,9938.0,9227.0,0.0,0.0,0.0,0.0,0.0,0.0,0.0,0.0,0.0,0.0,2867.0,2026.0,659.0,898.0,1070.0,1581.0,2142.0,2397.0,2609.0,2658.0,3040.5,2087.5,643.5,929.0,1106.5,1645.5,2183.5,2390.0,2707.0,2747.5,2694.0,1810.0,594.0,863.0,1008.0,1499.0,2028.0,2177.0,2487.0,2482.0,0.0,0.0,0.0,0.0,0.0,0.0,0.0,0.0,0.0,0.0,"{""type"":""MultiPoint"",""coordinates"":[]}"
1250,5,1176.0,773.0,639.0,811.0,1053.0,1231.0,1296.0,1395.0,1561.0,1524.0,2513.0,1757.0,1043.0,1327.0,1544.0,1863.0,1994.0,2155.0,2300.0,2292.0,1493.5,989.5,817.5,1117.5,1315.5,1605.5,1707.0,1825.0,1994.5,1938.5,1577.5,1055.5,919.5,1209.0,1378.0,1676.5,1794.0,1925.5,2095.5,2042.0,2398.0,1629.0,936.0,1288.0,1467.0,1774.0,1920.0,2024.0,2251.0,2225.0,3079.0,2699.5,1632.5,1696.5,1787.5,2049.0,2217.5,2347.0,2642.5,2480.5,0.0,0.0,0.0,0.0,0.0,0.0,0.0,0.0,0.0,0.0,5550.0,4812.0,2295.5,2927.0,3179.0,3814.0,4308.0,4530.5,4644.5,4825.0,5216.0,4435.5,1982.0,2566.5,2762.0,3416.5,4374.0,4643.5,4814.0,4967.5,4091.0,3281.0,1142.0,1533.0,1553.0,2170.0,3852.0,4474.0,4508.0,4836.0,2011.5,1161.0,531.0,707.5,489.5,910.5,2774.5,3482.0,3441.5,3642.5,1799.0,1277.0,731.0,919.0,1151.0,1334.0,1410.0,1521.0,1674.0,1644.0,2417.0,1165.0,337.0,498.0,243.0,806.0,3983.0,5504.0,5302.0,5708.0,2346.5,1209.0,453.0,612.0,410.5,885.0,3662.5,5345.0,5309.0,5589.0,2167.0,1165.0,524.0,680.0,487.0,874.0,3321.0,4545.0,4473.0,4836.0,2258.0,1050.0,300.0,525.0,321.0,783.0,3660.0,5109.0,4953.0,5287.0,2130.0,1030.0,264.0,526.0,328.0,846.0,3590.0,4625.0,4747.0,4931.0,1895.0,898.0,270.0,616.0,364.0,1034.0,3600.0,4346.0,4349.0,4606.0,2204.5,1312.5,453.5,858.5,732.5,1577.5,2291.0,2642.0,2581.5,2912.0,1904.5,1309.0,509.5,636.5,756.0,976.0,1106.5,1234.0,1291.5,1360.0,2469.0,1745.0,525.0,674.0,851.0,1049.0,1171.0,1256.0,1433.0,1505.0,2649.0,1971.0,593.0,749.0,958.0,1139.0,1237.0,1345.0,1504.0,1574.0,1178.0,784.0,814.0,1018.0,1237.0,1442.0,1518.0,1608.0,1814.0,1731.0,2913.0,2125.0,752.0,898.0,1137.0,1345.0,1496.0,1622.0,1556.0,1733.0,2317.0,1930.0,810.0,994.5,1254.0,1404.0,1474.0,1540.0,1704.5,1710.0,2125.0,1572.5,627.5,866.5,1143.0,1294.0,1389.5,1436.0,1637.0,1662.5,2277.0,1754.5,699.5,949.5,1185.0,1365.0,1446.0,1552.5,1684.5,1716.0,0.0,0.0,0.0,0.0,0.0,0.0,0.0,0.0,0.0,0.0,2116.0,1650.5,1237.5,1392.5,1562.5,1704.5,1792.5,1881.0,2127.5,1989.0,0.0,0.0,0.0,0.0,0.0,0.0,0.0,0.0,0.0,0.0,973.0,1060.0,10904.0,10550.0,10402.0,10556.0,10153.0,9711.0,10160.0,9351.0,795.5,515.0,1051.0,1255.0,1472.5,1721.0,1731.5,1757.5,1894.0,1843.0,2154.0,1479.0,882.0,1130.5,1378.5,1618.5,1720.0,1825.0,1989.5,1987.0,1564.5,1062.0,864.5,1122.0,1323.0,1574.5,1683.5,1782.5,1999.0,1937.5,1272.0,810.0,744.0,1058.0,1259.0,1544.0,1633.0,1665.0,1890.0,1820.0,2149.0,1509.0,908.0,1233.0,1463.0,1683.0,1827.0,1980.0,2200.0,2157.0,"{""type"":""MultiPoint"",""coordinates"":[]}"
1270,1,2198.0,1519.5,655.5,940.5,1233.0,1534.5,1778.0,1942.5,2154.5,2161.0,4416.0,3851.0,2193.0,2819.0,3042.0,3470.0,3857.0,3993.0,4210.0,4139.0,3007.0,2266.0,899.0,1166.0,1535.0,1788.0,1905.0,2066.0,2250.0,2290.0,4901.0,4395.0,1580.0,2122.0,2455.5,3030.5,3457.5,3669.0,3838.5,3926.5,5061.0,4427.5,1617.5,2212.0,2577.5,3173.0,3868.5,4149.0,4312.0,4390.0,7505.0,6270.0,5705.0,5812.0,5864.0,6264.0,6737.0,6878.0,7446.0,7100.0,2070.0,1458.0,1240.0,1235.0,1235.0,1592.0,2600.0,3031.0,2864.0,3132.0,1648.5,709.5,273.0,431.5,216.0,561.0,3041.5,5134.5,5117.5,5325.0,1421.0,572.0,241.0,369.0,183.0,480.0,2911.0,4829.0,4909.0,5051.0,1634.0,650.0,270.0,445.0,218.0,562.0,2975.0,4886.0,5034.0,5174.0,1649.0,658.0,360.0,502.0,272.0,597.5,3055.5,5103.5,5095.0,5400.0,2848.0,2196.0,878.0,1169.0,1482.0,1787.0,2040.0,2186.0,2433.0,2370.0,1855.0,754.5,474.5,672.0,373.5,834.5,3358.0,5179.5,5133.0,5521.5,1261.0,550.5,458.5,664.5,384.0,832.0,2399.5,3145.0,3116.0,3287.5,2585.0,1455.0,470.0,812.0,775.0,1449.0,2373.0,2845.0,2911.0,3247.0,2148.0,1478.5,513.5,586.0,738.0,909.0,1057.5,1237.0,1293.0,1406.0,2688.5,2003.0,416.5,515.5,715.0,914.0,1033.5,1191.0,1284.0,1429.5,3573.0,2847.0,772.5,992.0,1445.0,1740.0,1888.5,2077.0,2171.0,2425.5,3145.5,2537.5,1054.5,1175.5,1515.5,1840.0,1957.5,2115.0,2242.5,2330.0,2961.0,2214.0,806.0,1076.0,1345.0,1696.0,1846.0,1975.0,2030.0,2194.0,2850.0,2107.0,694.0,1013.0,1268.0,1615.0,1771.0,1939.0,2124.0,2163.0,2928.0,2218.0,711.0,1012.0,1221.0,1610.0,1817.0,1990.0,2141.0,2207.0,3282.0,2452.0,1043.0,1367.5,1615.5,2044.5,2423.0,2584.5,2832.5,2807.5,2800.0,2095.0,747.0,1032.0,1204.0,1619.0,1938.0,2079.0,2324.0,2303.0,2941.0,2218.0,769.0,1125.0,1287.0,1753.0,2131.0,2285.0,2478.0,2510.0,2701.0,1872.5,634.5,1016.0,1149.0,1678.5,2236.0,2393.0,2693.0,2632.0,2656.5,1852.0,659.5,1045.0,1108.5,1746.5,2465.0,2617.0,2834.5,2831.5,0.0,0.0,0.0,0.0,0.0,0.0,0.0,0.0,0.0,0.0,2548.5,2078.5,1400.5,1781.5,1815.5,2396.5,2965.5,3122.5,2999.5,3224.0,3931.0,3646.0,3250.0,3308.0,3393.0,3615.0,3787.0,3862.0,4179.0,3971.0,521.0,581.0,10462.0,10296.0,10250.0,10357.0,9964.0,9530.0,9870.0,9106.0,1322.5,1025.5,2790.0,2889.0,2972.5,3143.0,3078.0,3092.0,3242.0,2969.0,2687.0,1928.5,755.0,1078.5,1379.5,1702.0,1834.0,1988.5,2203.5,2208.5,2728.0,2131.0,744.0,965.5,1275.0,1472.0,1587.0,1719.0,1902.5,1915.0,3001.0,2237.0,776.0,1101.0,1414.0,1714.0,1849.0,1985.0,2205.0,2232.0,4229.0,3665.0,1317.0,1791.0,2300.0,2604.0,2783.0,2912.0,3164.0,3170.0,"{""type"":""MultiPoint"",""coordinates"":[]}"
1298,3,1889.5,1264.0,716.5,946.5,1323.5,1597.5,1702.5,1844.5,2067.5,2044.0,4631.0,4281.0,1287.0,1735.0,2334.5,2667.0,2766.0,2941.0,3116.0,3209.0,2245.0,1544.5,766.0,1035.5,1417.0,1648.5,1645.5,1789.0,1952.5,1929.5,2916.5,2301.5,1322.5,1564.5,1915.5,2237.5,2213.5,2408.0,2402.5,2563.5,2709.0,2003.0,822.5,1195.0,1598.0,1897.5,1921.5,2078.5,2213.0,2240.0,3820.5,3508.5,1538.5,2041.5,2506.0,2990.5,2975.5,3170.5,3108.0,3243.5,1810.0,1124.0,774.5,1029.5,1245.5,1680.0,2093.5,2207.5,1300.5,2051.0,1238.5,748.5,547.5,738.5,562.5,1024.0,1855.0,2176.0,2160.5,2213.5,1414.5,735.5,297.0,486.0,266.0,727.5,2343.0,3426.0,3284.5,3568.5,1634.0,852.5,418.0,598.5,336.0,875.0,2906.0,4310.5,4197.5,4298.0,1626.5,838.5,633.0,839.0,460.0,1022.5,2938.0,4349.0,4415.0,4388.5,3187.5,2519.5,1013.0,1332.0,1771.5,2013.5,2144.0,2255.0,2518.0,2476.0,1709.0,800.5,385.0,686.5,308.0,1006.5,3347.5,4936.0,4757.0,5062.0,1671.0,803.5,728.5,943.0,584.5,1175.0,3138.5,4419.5,4414.0,4649.0,1570.5,765.5,362.0,725.5,365.0,1155.5,3089.5,3981.0,3968.5,4360.5,1012.5,523.0,335.5,563.5,333.0,862.5,1910.0,2390.0,2277.5,2498.5,1981.5,1123.5,465.5,889.0,770.5,1558.5,2686.5,3219.0,3295.0,3480.5,2214.5,1332.5,519.5,811.5,959.0,1528.0,2128.0,2442.0,2559.0,2881.0,3565.5,2637.5,858.5,1143.5,1522.0,1877.5,2046.5,2249.0,2376.0,2530.0,3501.5,2648.5,906.5,1239.0,1659.0,1965.0,2114.5,2252.0,2384.5,2510.5,3866.0,2976.0,953.5,1305.5,1715.5,2086.0,2264.5,2459.5,2547.0,2737.5,3020.5,2090.0,768.0,1052.0,1346.0,1678.0,1917.5,2117.0,2247.5,2338.5,1437.0,1112.0,689.5,783.5,935.5,1055.0,1138.5,1254.5,1311.5,1321.0,3085.5,2149.0,828.0,1102.0,1361.5,1726.0,1974.0,2184.0,2348.0,2374.0,3014.5,2180.0,802.5,1044.0,1386.5,1686.5,1901.0,2084.0,2235.0,2290.0,2815.0,1945.0,731.5,1014.0,1428.5,1679.0,1839.5,2050.5,2305.0,2275.5,3188.5,2272.5,778.5,1085.0,1524.0,1829.5,1922.5,2112.5,2273.5,2352.0,2955.0,2520.0,2681.0,2705.5,2689.0,2872.5,2856.5,2802.5,3112.5,2841.5,1563.0,979.0,552.0,750.5,1100.0,1360.5,1417.0,1601.0,1792.5,1814.5,0.0,0.0,0.0,0.0,0.0,0.0,0.0,0.0,0.0,0.0,446.5,474.5,11996.0,11334.0,10958.0,10963.5,10453.5,9821.0,10088.0,9231.0,192.5,162.0,7946.0,7841.0,7867.0,8161.0,7627.5,7253.5,7404.5,6901.0,2352.5,1613.0,754.0,1072.0,1434.0,1724.5,1836.5,1973.5,2173.0,2200.0,3983.0,3207.0,1242.5,1637.5,2089.0,2414.0,2586.0,2736.5,3016.5,2987.5,2779.0,2047.0,743.5,1019.0,1494.5,1693.5,1775.0,1954.5,2180.5,2192.5,2465.5,1774.5,613.5,833.0,1234.5,1416.0,1507.5,1671.0,1821.5,1834.5,"{""type"":""MultiPoint"",""coordinates"":[]}"
1304,3,1443.0,953.0,721.0,898.0,1217.0,1410.0,1494.0,1594.0,1797.0,1760.0,3178.0,2769.5,1156.5,1446.5,1737.5,1955.0,2012.5,2107.5,2309.5,2310.0,1618.5,1140.0,1028.5,1192.5,1379.5,1594.0,1660.5,1731.5,1881.0,1891.0,2166.5,1544.5,802.5,1064.0,1339.0,1577.0,1672.5,1783.0,1899.5,1938.0,2348.0,1562.0,995.0,1334.0,1537.0,1905.0,1992.0,2086.0,2240.0,2265.0,0.0,0.0,0.0,0.0,0.0,0.0,0.0,0.0,0.0,0.0,1756.0,1220.0,1197.0,1385.0,1119.5,1648.0,1862.0,2010.0,2218.0,2183.0,2898.0,2023.5,599.5,970.5,968.0,1511.5,2104.5,2283.0,2398.5,2527.5,2115.5,1356.5,1103.0,1408.5,1176.0,1812.0,3157.0,3707.0,3596.0,3753.5,2092.0,983.0,450.0,727.0,359.0,985.0,3383.0,4662.0,4360.0,4779.0,1980.0,907.0,310.0,576.0,242.0,878.0,3508.0,4790.0,4596.0,4934.0,2071.0,1411.0,736.0,980.0,1316.0,1588.0,1659.0,1813.0,1992.0,2035.0,1629.0,698.0,342.0,501.0,219.0,674.0,3166.0,4921.0,4768.0,5043.0,1547.0,682.0,396.0,551.0,285.0,701.0,3024.0,4864.0,4875.0,4911.0,1754.0,837.0,489.0,840.0,439.0,1216.0,3499.0,4936.0,4845.0,5138.0,1928.0,944.0,500.0,871.0,444.0,1296.0,3652.0,4823.0,4690.0,4997.0,1983.0,1040.0,490.0,955.0,589.0,1568.0,3446.0,4205.0,4169.0,4509.0,3414.0,2181.0,826.0,1217.0,1560.0,2361.0,3046.0,3389.0,3671.0,4065.0,3407.0,2474.0,700.5,953.0,1352.0,1666.5,1898.5,2076.5,2243.0,2350.0,3506.0,2482.0,754.0,993.0,1286.0,1647.0,1849.0,1963.0,2087.0,2282.0,3432.0,2352.0,663.0,912.0,1234.0,1532.0,1809.0,2042.0,2213.0,2316.0,3368.5,2381.0,666.0,889.5,1217.0,1574.5,1885.0,2126.0,2255.0,2439.0,4254.5,3790.5,3243.0,3295.5,3513.0,3702.5,3748.0,3771.0,4086.5,3897.0,3024.0,2065.0,715.0,924.5,1240.0,1528.0,1852.5,1993.0,2310.5,2302.5,750.0,517.0,550.0,515.0,613.0,707.0,724.0,810.0,934.0,889.0,2079.5,1330.5,562.0,829.0,1256.0,1518.5,1685.0,1867.5,2170.0,2200.0,2423.0,1603.5,668.5,925.0,1367.5,1636.5,1776.0,1961.5,2185.5,2271.0,0.0,0.0,0.0,0.0,0.0,0.0,0.0,0.0,0.0,0.0,1968.5,1526.0,1985.5,1870.5,2038.0,2234.0,2250.0,2341.0,2397.5,2411.0,0.0,0.0,0.0,0.0,0.0,0.0,0.0,0.0,0.0,0.0,966.0,984.0,9396.0,9170.0,9154.0,9293.0,9116.0,8691.0,9078.0,8469.0,1096.0,739.0,3156.0,3416.0,3644.0,3777.0,3809.0,3736.0,3982.0,3627.0,1273.0,838.0,738.0,1002.0,1248.0,1410.0,1419.0,1528.0,1608.0,1590.0,2534.5,1897.0,1760.0,1894.5,2067.5,2309.5,2389.5,2484.0,2703.5,2628.5,775.0,488.0,509.0,695.0,955.0,1184.0,1248.0,1356.0,1495.0,1489.0,1739.0,1093.0,684.0,900.0,1159.0,1416.0,1496.0,1619.0,1716.0,1782.0,"{""type"":""MultiPoint"",""coordinates"":[]}"
1305,3,4361.0,4294.5,3316.0,3532.0,3783.0,4076.5,4056.5,4056.5,4417.0,4180.5,3590.5,3278.0,1380.5,1645.5,2041.0,2157.0,2236.5,2328.0,2527.0,2512.0,1457.5,996.5,726.5,939.5,1135.0,1311.5,1323.5,1392.0,1503.5,1494.0,1431.0,1037.0,909.5,1216.5,1401.0,1681.0,1706.5,1825.0,1951.5,1873.0,4303.0,3879.5,1645.0,2120.5,2557.0,2855.0,3038.0,3211.0,3342.0,3390.5,5040.5,4552.5,2339.5,2824.0,3287.5,3677.0,3715.0,3886.5,3979.5,4069.0,0.0,0.0,0.0,0.0,0.0,0.0,0.0,0.0,0.0,0.0,2795.5,2012.0,939.5,1257.0,1204.0,1775.5,3070.0,3660.5,3537.5,3714.0,1738.0,898.5,585.0,829.5,762.0,1151.0,2488.5,3024.5,3034.5,3241.5,1992.0,1092.5,523.0,780.5,593.5,1039.5,3168.5,4491.5,4208.0,4600.5,1875.5,862.5,523.5,712.5,497.5,939.0,3213.0,4761.5,4434.0,4936.0,1181.5,767.0,514.5,758.5,911.0,1198.0,1319.0,1411.5,1486.5,1506.0,1857.5,899.0,453.5,629.5,432.0,888.5,3209.5,4738.0,4541.5,5094.0,1961.0,1065.0,589.0,812.0,555.0,1098.0,3408.0,4860.0,4738.0,5122.0,1957.0,1016.0,515.5,829.5,624.0,1235.5,3397.5,4554.0,4365.0,4730.0,1941.0,1075.0,525.5,864.5,637.0,1318.5,3201.5,4114.5,3844.5,4279.0,2266.5,1284.5,648.5,1037.0,845.0,1614.5,3079.0,3610.0,3845.5,3925.0,3504.0,2232.5,866.0,1340.5,1831.5,2336.5,2882.0,3265.0,3481.0,3661.0,3127.5,2204.5,884.5,1186.5,1539.0,1949.0,2141.0,2341.5,2498.0,2582.0,1933.5,1364.0,1045.0,1154.5,1245.0,1516.5,1700.0,1831.0,1779.0,1910.0,2827.0,2195.0,756.5,925.0,1171.0,1481.5,1645.5,1786.0,1911.0,1987.0,3295.0,2755.0,779.0,1052.5,1305.5,1682.0,1864.0,2019.5,2148.0,2242.5,1466.5,1076.5,721.5,991.5,1089.5,1378.5,1431.0,1528.5,1540.0,1551.5,3358.5,2788.0,936.5,1207.0,1573.5,1863.5,2048.5,2196.0,2468.5,2462.0,247.5,169.0,329.5,284.0,327.0,379.5,343.0,378.0,490.5,381.5,669.5,432.5,243.0,401.0,565.0,751.5,735.0,806.5,833.0,894.0,869.0,605.0,412.5,628.0,841.0,1064.5,1040.5,1109.0,1249.5,1227.0,3018.5,2718.5,2937.0,2925.5,2961.0,3048.5,3038.0,3130.5,2937.5,3193.0,683.0,438.0,455.0,593.5,724.5,938.5,940.0,1049.5,1073.0,1067.5,0.0,0.0,0.0,0.0,0.0,0.0,0.0,0.0,0.0,0.0,1000.5,1102.5,10352.0,10048.0,10037.0,10153.0,9821.0,9460.0,9812.0,9129.0,851.0,573.5,2339.0,2429.5,2573.0,2478.0,2552.5,2596.5,2871.0,2481.0,2253.0,1538.5,775.0,1068.0,1228.5,1545.5,1727.0,1832.5,1860.5,1966.5,2267.5,1635.5,877.0,1124.0,1311.0,1635.0,1827.0,1988.5,2038.5,2103.5,2137.0,1443.5,811.5,1136.0,1315.5,1696.0,1899.0,2006.5,2109.0,2211.5,3645.5,3098.5,1329.5,1572.0,1894.5,2277.0,2415.0,2605.5,2532.0,2874.5,"{""type"":""MultiPoint"",""coordinates"":[]}"
1318,5,1658.0,895.0,559.0,698.0,691.0,1314.0,2083.0,2355.0,2483.0,2511.0,4161.0,3324.0,1028.0,1419.0,1651.0,2211.0,2625.0,2836.0,3102.0,3171.0,3012.0,1948.0,825.0,1137.0,1249.0,1839.0,2307.0,2534.0,2712.0,2780.0,3939.5,3298.0,966.0,1376.5,1582.0,2146.5,2647.0,2900.0,3065.0,3153.0,2410.0,1819.0,507.0,709.0,1069.0,1237.0,1355.0,1494.0,1645.0,1714.0,6341.0,6257.0,1791.0,2319.0,3076.0,3604.0,3668.0,4011.0,4029.0,4337.0,3239.0,2303.0,828.0,1146.0,1521.0,1907.0,2170.0,2396.0,2494.0,2669.0,4629.0,4106.0,1201.0,1808.0,2153.0,2955.0,3538.0,3869.0,3817.0,4082.0,4456.0,3648.0,943.0,1549.0,1802.0,2478.0,3860.0,4397.0,4299.0,4642.0,3171.0,2129.0,783.0,1053.0,999.0,1592.0,3820.0,4647.0,4574.0,5014.0,1771.0,929.5,469.5,607.5,382.5,828.5,2558.5,3199.0,3173.0,3429.5,2963.0,2086.0,687.0,1020.0,1133.0,1830.0,2619.0,2885.0,3117.0,3174.0,2770.5,1431.5,464.5,706.5,476.5,1095.0,4330.0,5848.0,5973.0,6002.0,1497.0,705.5,564.5,613.0,344.5,722.0,2923.5,4126.0,4003.0,4174.5,2453.0,1080.0,684.0,646.0,398.0,754.0,4165.0,4870.0,5109.0,4898.0,2012.0,1059.0,359.0,530.0,283.0,810.0,3689.0,5241.0,5114.0,5444.0,2062.0,944.0,291.0,651.0,305.0,989.0,4042.0,5044.0,5233.0,5352.0,1766.0,818.0,376.0,776.0,414.0,1410.0,3777.0,4452.0,4549.0,4742.0,2870.0,1978.5,589.0,948.0,1130.0,1764.5,2092.5,2340.0,2577.0,2760.0,3247.0,2299.0,714.0,971.0,1192.0,1649.0,1942.0,2127.0,2178.0,2391.0,3943.5,2820.5,1475.0,1734.0,2218.5,2691.0,2869.0,2869.0,3200.0,2803.0,3526.0,2550.0,893.0,1184.0,1572.0,1918.0,2099.0,2247.0,2411.0,2505.0,2113.5,1351.0,707.5,911.0,936.0,1492.5,2134.0,2316.0,2626.5,2453.0,3228.5,2250.5,887.5,1186.5,1405.0,1803.5,2180.5,2341.0,2482.0,2520.5,2748.0,1721.5,878.5,1165.0,1304.5,1846.5,2425.0,2651.0,2763.0,2869.5,2567.0,1596.0,659.5,952.5,1049.0,1573.0,2290.0,2490.5,2725.5,2711.0,2837.5,1834.0,686.5,1051.0,1098.5,1706.0,2569.0,2763.0,2936.0,2995.5,3160.0,3346.0,2650.0,2629.0,2696.0,3032.0,3048.0,3208.0,2824.0,3345.0,2397.0,1494.0,596.0,917.0,803.0,1550.0,2811.0,3046.0,3273.0,3262.0,0.0,0.0,0.0,0.0,0.0,0.0,0.0,0.0,0.0,0.0,880.0,935.0,10732.0,10488.0,10412.0,10507.0,10158.0,9693.0,10162.0,9370.0,184.0,140.0,6498.0,6662.0,6832.0,7183.0,6904.0,6744.0,6826.0,6379.0,2980.0,1947.0,641.0,1082.0,1059.0,1943.0,3064.0,3400.0,3468.0,3694.0,2370.5,1630.0,689.5,969.0,1169.5,1578.5,1830.0,1994.5,2257.5,2261.5,2922.0,1917.0,681.0,1042.0,1394.0,1900.0,2083.0,2348.0,2598.0,2684.0,3722.0,2771.0,910.0,1204.0,1541.0,1960.0,2200.0,2365.0,2598.0,2695.0,"{""type"":""MultiPoint"",""coordinates"":[]}"
1319,3,1695.5,1018.0,927.5,1124.5,1169.0,1636.5,2061.0,2204.0,2360.5,2422.0,2891.5,2002.5,792.0,1097.0,1207.5,1731.5,1974.0,2180.0,2329.5,2354.0,1629.5,957.0,665.0,954.0,1040.0,1480.5,1676.0,1827.0,1949.0,1972.5,1851.5,1130.5,788.0,1042.5,1171.5,1575.5,1782.5,1925.0,2077.0,2092.0,4831.5,4335.5,1575.0,2075.5,2502.0,2972.5,3154.0,3294.5,3561.5,3564.0,6215.5,5543.5,2052.5,2609.5,3106.0,3727.0,3983.0,4198.5,4382.5,4539.0,0.0,0.0,0.0,0.0,0.0,0.0,0.0,0.0,0.0,0.0,4616.0,3893.5,1187.5,1620.0,1643.0,2447.0,3152.0,3455.5,3553.0,3688.0,1145.5,653.0,464.5,741.0,619.5,1090.5,2017.0,2305.5,2429.5,2404.5,1350.5,673.0,303.0,426.0,209.0,611.0,2379.0,3270.0,3285.0,3169.5,1525.0,690.0,412.5,486.0,282.5,619.0,2575.5,4562.0,4491.5,4745.5,2458.0,1573.0,786.5,1017.0,1157.5,1643.0,2161.0,2323.5,2591.5,2526.5,1495.0,678.0,341.0,409.0,245.5,585.5,2478.0,4580.0,4555.0,4802.0,1543.5,701.5,439.0,507.0,287.5,656.0,2614.0,4762.5,4932.5,5055.0,3244.5,2468.0,2267.5,2324.5,2204.0,2690.5,4030.5,5216.0,5141.5,5383.5,1527.0,712.5,396.0,635.5,359.0,984.0,3080.5,4541.5,4466.0,4870.5,1558.0,757.5,409.5,651.0,433.0,1079.5,3116.5,4365.5,4600.0,4701.0,2867.5,2302.0,1576.0,1889.0,1837.5,2512.5,3743.5,4403.0,4314.0,4636.0,1851.5,957.5,452.0,745.5,627.5,1331.5,2692.0,3272.0,3542.0,3618.0,2287.0,1608.5,873.0,1098.0,1160.5,1710.5,2414.0,2710.0,2506.5,2935.0,2056.0,1270.0,464.5,706.0,709.5,1264.5,2129.5,2484.5,2426.0,2747.0,2383.5,1518.0,598.5,916.5,1265.5,1713.0,2209.5,2470.5,2730.0,2806.5,2049.0,1614.5,617.0,829.0,979.0,1325.5,1749.0,1867.5,2009.5,2003.5,3305.5,2281.5,871.5,1262.5,1715.5,2200.0,2499.0,2681.5,3014.0,3047.0,3686.0,3408.0,2447.5,2522.0,2848.0,3223.0,3345.0,3507.0,3583.5,3812.5,2481.5,1677.0,842.0,1220.5,1790.0,2087.0,2193.0,2332.0,2632.0,2607.0,2585.0,1766.0,872.5,1226.5,1738.0,2022.5,2119.5,2216.0,2483.0,2498.0,1901.0,1467.0,1626.5,1487.0,1622.5,1774.0,1733.5,1725.0,1789.0,1800.0,1222.5,907.0,602.5,691.5,853.0,970.5,966.0,1033.5,1121.0,1123.0,0.0,0.0,0.0,0.0,0.0,0.0,0.0,0.0,0.0,0.0,1040.0,1137.5,10481.0,10170.0,10106.0,10263.0,9868.5,9542.0,9905.0,9129.0,1117.0,727.5,4355.0,4348.0,4437.0,4863.0,4868.0,4840.5,4926.5,4696.0,2431.5,1568.0,665.5,997.5,1137.0,1658.0,2140.5,2373.0,2620.0,2556.0,2415.0,1568.0,792.0,1141.0,1332.0,1808.0,2104.0,2239.5,2504.0,2476.0,2013.0,1260.0,721.0,1100.5,1293.0,1806.0,2001.5,2148.5,2320.5,2372.5,3817.5,3064.5,1280.0,1705.0,2057.5,2493.0,2707.5,2882.5,3062.0,3134.0,"{""type"":""MultiPoint"",""coordinates"":[]}"
1355,5,1014.0,600.0,736.0,942.0,1231.0,1476.0,1608.0,1717.0,1929.0,1949.0,3643.0,2872.0,1218.5,1488.0,1928.5,2250.5,2394.5,2558.5,2691.5,2811.5,2423.0,1636.0,792.0,986.0,1289.0,1508.0,1623.0,1770.0,1979.0,1974.0,2824.0,1898.0,1065.0,1127.0,1387.0,1669.0,1948.0,2134.0,2310.0,2341.0,2599.0,1762.0,748.0,1005.0,1299.0,1565.0,1809.0,1992.0,2195.0,2224.0,4549.0,3479.0,1300.0,1670.0,1980.0,2456.0,2970.0,3273.0,3352.0,3559.0,0.0,0.0,0.0,0.0,0.0,0.0,0.0,0.0,0.0,0.0,2387.5,1310.5,475.5,743.0,625.0,1117.0,2792.5,3351.5,3453.5,3445.0,3009.0,1501.0,481.0,640.0,480.0,970.0,3961.0,5321.0,5227.0,5543.0,2417.0,1210.5,451.0,587.5,393.0,829.0,3518.0,4925.0,5020.0,5257.0,2245.0,1091.0,292.0,433.0,297.0,699.0,3337.0,4668.0,4751.0,5045.0,1321.0,761.0,627.0,852.0,1195.0,1457.0,1563.0,1712.0,1924.0,1918.0,2202.0,1051.0,564.0,611.0,413.0,905.0,3659.0,5015.0,4881.0,5414.0,2144.0,880.0,437.0,625.0,352.0,872.0,3570.0,4735.0,4672.0,5197.0,2146.0,901.0,427.0,637.0,331.0,924.0,3682.0,4727.0,4715.0,5071.0,2150.0,949.0,435.0,663.0,368.0,1019.0,3406.0,4256.0,4201.0,4602.0,2569.0,1543.0,395.0,545.0,567.0,1012.5,1811.5,2188.0,2387.5,2693.5,3056.0,2289.0,527.0,687.0,948.0,1220.0,1380.0,1549.0,1685.0,1878.0,2939.0,2131.0,670.5,878.5,1217.0,1493.0,1557.5,1682.0,1829.5,1960.0,1845.5,1460.0,574.0,662.5,823.0,949.0,977.0,1062.0,1086.0,1186.0,2972.0,2415.0,776.0,1022.0,1375.0,1569.0,1728.0,1868.0,1981.0,2073.0,2570.5,2205.5,622.5,791.0,1073.0,1209.5,1313.5,1408.5,1533.5,1577.5,1193.0,740.5,773.0,923.0,1182.0,1337.0,1454.0,1648.5,1770.0,1795.5,2051.5,1736.0,585.5,712.5,936.5,1065.0,1156.5,1253.5,1325.5,1355.0,3781.0,3463.0,1280.0,1688.0,2288.0,2660.0,2810.0,2936.5,2304.0,3097.0,1713.0,1143.0,411.0,578.0,820.0,945.0,1032.0,1136.0,1287.0,1304.0,2126.0,1891.0,718.0,870.0,1146.0,1295.0,1343.0,1477.0,1337.0,1577.0,0.0,0.0,0.0,0.0,0.0,0.0,0.0,0.0,0.0,0.0,2105.0,1620.5,577.5,712.0,940.5,1090.5,1171.5,1277.0,1399.0,1432.5,0.0,0.0,0.0,0.0,0.0,0.0,0.0,0.0,0.0,0.0,151.0,163.0,8675.0,8588.0,8566.0,8687.0,8281.0,7465.0,7558.0,6836.0,373.0,230.0,1227.0,1423.0,1729.0,1910.0,1823.0,1831.0,2015.0,1836.0,1282.0,708.0,674.0,861.0,1143.0,1354.0,1493.0,1616.0,1818.0,1776.0,4298.0,3605.0,1419.0,1810.0,2297.0,2599.0,2724.0,2906.0,3191.0,3108.0,3115.0,2587.0,848.0,1111.0,1467.0,1668.0,1758.0,1831.0,2028.0,2094.0,2208.0,1391.0,689.0,897.0,1262.0,1434.0,1549.0,1687.0,1922.0,1963.0,"{""type"":""MultiPoint"",""coordinates"":[]}"
1358,3,2462.5,2086.0,1733.5,1857.5,2002.0,2238.5,2334.0,2417.5,2659.0,2575.0,4246.5,3504.5,2627.0,2726.5,2971.5,3258.5,3338.0,3458.0,3677.0,3593.0,1717.0,1063.5,666.0,906.0,1167.5,1492.5,1573.0,1712.5,1862.0,1918.5,1699.0,1015.0,870.0,1155.0,1394.0,1778.0,1894.0,2102.0,2230.0,2242.0,5139.0,4700.0,1904.0,2414.0,2970.0,3470.0,3606.0,3807.0,4027.0,4047.0,6615.5,6008.5,2705.5,3320.5,3956.0,4544.5,4708.0,4963.0,5146.0,5242.0,0.0,0.0,0.0,0.0,0.0,0.0,0.0,0.0,0.0,0.0,607.0,377.0,486.0,715.0,761.0,1121.0,1455.0,1673.0,1537.0,1534.0,1388.0,718.0,369.0,549.0,351.0,870.0,2324.0,2827.0,2806.0,2611.0,1912.0,1051.5,1103.5,1193.5,932.5,1384.0,2879.0,3679.0,3636.5,3713.0,1386.0,667.0,434.0,587.0,364.0,810.0,2580.0,3657.0,3549.0,3720.0,2215.0,1429.0,622.0,906.0,1154.0,1454.0,1641.0,1772.0,2015.0,1986.0,1201.0,512.0,338.0,469.0,249.0,640.0,2433.0,3704.0,3468.0,3813.0,1434.0,708.0,510.0,728.0,395.0,1046.0,2990.0,4200.0,4218.0,4353.0,2181.5,1328.5,1134.0,1379.5,1088.0,1785.0,3516.0,4394.5,4351.0,4615.0,1642.0,856.0,534.0,933.0,669.0,1494.0,3150.0,3796.0,3656.0,4013.0,1833.0,988.0,574.0,991.0,833.0,1688.0,2949.0,3409.0,3546.0,3659.0,1687.5,998.0,721.0,1018.0,1130.5,1720.0,2194.5,2477.0,2466.5,2729.0,3169.0,2325.0,837.0,1130.0,1582.0,1972.0,2106.0,2336.0,2453.0,2630.0,1536.0,1117.0,485.0,634.0,865.0,1057.0,1161.0,1298.0,1305.0,1408.0,2097.0,1435.5,542.0,736.0,956.5,1236.0,1446.0,1651.0,1664.5,1818.5,2720.0,1886.0,626.0,845.0,1086.0,1384.0,1668.0,1797.0,1900.0,2024.0,2593.0,2059.5,775.5,1130.5,1410.0,1834.0,2009.0,2143.0,2405.0,2430.0,2616.0,1824.0,565.5,793.5,1038.5,1323.5,1572.0,1709.5,1945.5,1960.5,1861.0,1247.0,633.0,810.0,1100.0,1376.0,1503.0,1641.0,1726.0,1879.0,1694.5,1081.0,479.0,693.0,1005.5,1222.5,1316.5,1416.0,1635.5,1646.0,1865.5,1238.5,542.5,747.0,1078.0,1271.0,1362.0,1491.0,1644.0,1693.0,0.0,0.0,0.0,0.0,0.0,0.0,0.0,0.0,0.0,0.0,1108.0,780.5,527.0,638.5,833.0,967.0,978.5,1083.0,1197.0,1180.0,0.0,0.0,0.0,0.0,0.0,0.0,0.0,0.0,0.0,0.0,1034.0,1127.0,10446.0,10148.0,10116.0,10172.0,9838.0,9466.0,9892.0,9131.0,1129.5,749.5,878.5,1150.0,1384.5,1711.0,1704.5,1814.0,1966.0,1919.0,2620.0,1858.0,789.0,1100.0,1317.0,1697.0,1831.0,1999.0,2186.0,2195.0,2537.0,1767.0,915.0,1201.0,1398.0,1814.0,1954.0,2092.0,2324.0,2294.0,2641.0,1846.0,859.0,1169.0,1369.0,1748.0,1858.0,2030.0,2194.0,2229.0,3733.5,3314.0,1518.0,1951.0,2282.5,2479.5,2511.0,2591.5,2796.0,2728.5,"{""type"":""MultiPoint"",""coordinates"":[]}"
1377,2,2183.0,1618.0,504.0,671.5,900.5,1143.0,1370.0,1477.5,1730.5,1689.5,3300.5,2649.5,830.5,1232.5,1302.0,1875.5,2825.5,3140.0,3314.5,3405.5,1840.5,1160.0,477.5,719.0,688.5,1144.5,1992.0,2274.0,2355.5,2431.0,0.0,0.0,0.0,0.0,0.0,0.0,0.0,0.0,0.0,0.0,0.0,0.0,0.0,0.0,0.0,0.0,0.0,0.0,0.0,0.0,3951.0,2859.0,2147.0,2257.5,2475.5,2833.0,3076.5,3245.5,3502.5,3552.5,0.0,0.0,0.0,0.0,0.0,0.0,0.0,0.0,0.0,0.0,0.0,0.0,0.0,0.0,0.0,0.0,0.0,0.0,0.0,0.0,3768.0,2763.0,701.0,1038.0,1156.0,1648.5,2776.0,3139.5,3181.5,3465.5,3007.5,2107.5,594.5,839.0,766.0,1302.5,2440.0,2766.0,2878.0,2980.0,2784.0,1549.0,527.0,857.0,532.0,1239.0,3774.0,4427.0,4391.0,4611.0,2663.5,2204.0,614.0,811.5,1039.5,1332.5,1563.0,1717.0,1956.0,1943.0,2667.5,1082.0,480.0,767.0,347.0,1170.0,4825.0,5969.0,5714.0,6111.5,2332.0,930.0,516.0,735.5,373.5,1059.5,4758.0,6057.5,6153.0,6221.0,0.0,0.0,0.0,0.0,0.0,0.0,0.0,0.0,0.0,0.0,1482.0,575.5,347.0,484.0,284.0,696.0,3027.5,4000.5,3820.5,4169.5,2274.0,905.5,410.0,658.5,368.5,1107.0,4601.0,5727.0,5906.0,5992.0,0.0,0.0,0.0,0.0,0.0,0.0,0.0,0.0,0.0,0.0,2504.5,1448.5,844.5,916.5,955.5,1579.5,2692.5,3060.0,3137.5,3481.0,909.0,560.5,600.0,602.0,609.0,733.5,822.0,870.5,837.5,978.5,3269.5,2343.0,514.5,642.5,931.0,1156.0,1350.5,1533.0,1864.5,2013.0,4012.0,2929.5,699.5,924.5,1412.5,1748.5,1943.5,2205.5,2557.0,2735.0,0.0,0.0,0.0,0.0,0.0,0.0,0.0,0.0,0.0,0.0,2949.0,2680.0,658.0,866.0,1234.0,1385.0,1469.0,1607.0,1824.0,1817.0,0.0,0.0,0.0,0.0,0.0,0.0,0.0,0.0,0.0,0.0,2228.5,1659.0,363.0,558.0,858.5,1053.5,1136.5,1292.5,1465.5,1502.5,2076.0,1487.5,371.5,583.5,840.5,1064.5,1190.0,1292.5,1483.5,1537.0,0.0,0.0,0.0,0.0,0.0,0.0,0.0,0.0,0.0,0.0,2294.0,1708.0,520.5,702.0,952.5,1188.5,1370.0,1517.0,1702.5,1748.0,0.0,0.0,0.0,0.0,0.0,0.0,0.0,0.0,0.0,0.0,1032.0,1114.0,10154.0,9981.0,10062.5,10236.0,9962.0,9620.5,10036.5,9306.0,0.0,0.0,0.0,0.0,0.0,0.0,0.0,0.0,0.0,0.0,2989.5,2228.5,754.5,1024.5,1179.0,1627.5,2191.0,2439.5,2532.0,2639.0,0.0,0.0,0.0,0.0,0.0,0.0,0.0,0.0,0.0,0.0,1965.0,1169.5,411.0,719.0,718.5,1269.0,2169.0,2523.0,2571.0,2660.5,2713.0,1956.5,738.0,1047.5,1115.5,1678.5,2482.0,2842.0,2868.5,2944.5,"{""type"":""MultiPoint"",""coordinates"":[]}"
1425,5,1886.0,1214.0,533.0,679.0,897.0,1059.0,1143.0,1283.0,1481.0,1460.0,2700.0,2087.5,775.5,1002.5,1172.5,1453.5,1713.5,1828.0,2001.0,1981.5,2039.0,1295.0,597.0,777.0,885.0,1164.0,1491.0,1668.0,1781.0,1809.0,2131.0,1318.0,647.0,877.0,881.0,1254.0,1780.0,1920.0,2037.0,2050.0,0.0,0.0,0.0,0.0,0.0,0.0,0.0,0.0,0.0,0.0,5851.0,5418.0,5026.0,4982.0,5005.0,5496.0,5493.0,5581.0,5669.0,5583.0,0.0,0.0,0.0,0.0,0.0,0.0,0.0,0.0,0.0,0.0,2424.0,1697.0,596.0,777.0,889.0,1203.0,1516.0,1735.0,1796.0,1940.0,3112.0,2105.0,790.0,1113.0,1130.0,1621.0,2634.0,2940.0,2882.0,3140.0,2799.5,1921.0,719.5,1004.0,1000.5,1417.0,2555.5,2907.5,2934.0,3118.0,2490.0,1680.0,586.0,812.0,823.0,1180.0,2361.0,2864.0,2835.0,2998.0,1920.0,1279.0,583.0,737.0,950.0,1133.0,1209.0,1334.0,1537.0,1496.0,4088.0,3418.5,2866.0,3263.5,3232.5,3977.0,5013.5,5584.0,5185.5,5787.0,2072.0,981.0,614.0,745.0,518.0,944.0,2954.0,3740.0,3687.0,4050.0,2332.0,1358.5,638.5,822.5,703.0,1143.0,2958.5,3720.0,3529.0,4008.0,2251.5,1242.5,548.0,705.5,584.0,1008.0,2717.0,3406.5,3282.0,3602.0,1860.5,955.0,388.0,557.0,436.0,828.0,2341.5,2825.0,2884.5,3026.5,1900.0,1112.0,423.0,622.0,527.0,936.0,2201.0,2673.0,2727.0,2864.0,2172.0,1320.0,414.0,673.0,614.5,1107.0,1998.5,2269.0,2426.0,2591.0,2511.0,1808.0,437.0,621.0,745.0,1048.0,1410.0,1561.0,1654.0,1840.0,2591.0,1881.0,486.0,658.0,853.0,1084.0,1373.0,1535.0,1746.0,1837.0,2691.0,2059.0,577.0,700.0,903.0,1110.0,1313.0,1492.0,1671.0,1757.0,0.0,0.0,0.0,0.0,0.0,0.0,0.0,0.0,0.0,0.0,3485.0,2498.0,1161.0,1283.0,1576.0,1786.0,1887.0,2030.0,2284.0,2353.0,3905.0,2892.0,983.0,1186.0,1557.0,1836.0,1950.0,2108.0,2243.0,2414.0,2942.0,2049.0,686.0,913.0,1240.0,1408.0,1530.0,1689.0,1967.0,1944.0,3311.0,2558.0,803.0,973.0,1274.0,1481.0,1601.0,1741.0,1903.0,2003.0,0.0,0.0,0.0,0.0,0.0,0.0,0.0,0.0,0.0,0.0,729.0,474.0,288.0,304.0,362.0,383.0,457.0,487.0,553.0,568.0,0.0,0.0,0.0,0.0,0.0,0.0,0.0,0.0,0.0,0.0,405.0,395.0,8206.0,8320.0,8348.0,8520.0,8128.0,7572.0,7681.0,6979.0,0.0,0.0,0.0,0.0,0.0,0.0,0.0,0.0,0.0,0.0,2227.0,1425.0,691.0,870.0,1084.0,1293.0,1417.0,1543.0,1775.0,1769.0,2510.0,1891.0,633.5,846.0,1104.5,1277.0,1361.0,1491.5,1637.0,1678.5,2964.0,2496.0,863.0,1070.0,1360.0,1535.0,1658.0,1766.0,1951.0,1965.0,3699.0,3032.0,1218.0,1482.0,1757.0,2069.0,2218.0,2398.0,2547.0,2576.0,"{""type"":""MultiPoint"",""coordinates"":[]}"
1434,1,2532.0,1966.0,576.0,774.0,960.0,1459.0,2030.0,2284.0,2583.0,2564.0,3570.0,2912.0,840.0,1172.0,1342.0,1808.0,1964.0,2093.0,2255.0,2333.0,2697.5,1921.0,667.0,919.5,1170.5,1488.5,1601.0,1711.0,1858.0,1945.0,2795.0,2054.0,1077.0,1260.0,1227.0,1549.0,1642.0,1824.0,1954.0,2019.0,2905.0,2182.0,778.0,1065.0,1300.0,1616.0,1870.0,1987.0,2193.0,2238.0,2753.5,1744.0,1250.0,1482.5,1338.5,1653.0,2633.0,3023.0,3353.5,3068.5,0.0,0.0,0.0,0.0,0.0,0.0,0.0,0.0,0.0,0.0,1873.0,862.5,359.5,542.0,305.5,684.0,3206.5,4825.5,4701.0,5047.0,1961.0,914.5,324.5,529.0,313.0,714.0,3396.5,5326.5,5346.0,5598.5,1543.5,696.5,347.5,472.5,278.0,561.0,2921.5,4668.5,4736.0,4904.0,1670.5,811.5,1228.0,1152.0,884.5,1113.0,2739.0,4049.0,3835.5,4271.0,2920.0,2066.0,536.0,765.0,969.0,1462.0,1996.0,2269.0,2554.0,2539.0,1786.5,813.5,435.0,605.0,385.5,733.0,2746.0,4450.5,4340.5,4740.5,1916.5,935.5,598.0,773.5,550.0,958.0,2971.0,4457.0,4497.0,4792.0,2806.0,1727.0,783.0,911.0,917.0,1432.0,2676.0,3476.0,3125.0,3797.0,2433.0,1733.0,493.0,716.0,818.0,1174.0,1826.0,2067.0,2062.0,2410.0,2468.0,1864.0,373.0,538.0,738.0,976.0,1332.0,1540.0,1590.0,1802.0,3832.5,2865.5,804.5,1083.5,1532.0,1887.0,2085.5,2312.0,2407.5,2681.0,4604.0,3829.0,952.0,1250.0,1819.0,2136.0,2273.0,2484.0,2699.0,2831.0,4002.5,3326.5,799.5,1044.5,1393.5,1716.0,1890.5,2092.0,2173.0,2353.0,3876.0,3076.0,713.0,994.0,1265.0,1632.0,2002.0,2226.0,2362.0,2508.0,3457.0,2213.0,603.0,965.0,869.0,1555.0,2395.0,2708.0,2827.0,2899.0,1013.0,595.0,434.0,462.0,537.0,783.0,1068.0,1183.0,1380.0,1311.0,3010.0,1907.0,467.0,826.0,739.0,1469.0,2418.0,2611.0,2931.0,2984.0,457.0,358.0,176.0,194.0,204.0,305.0,425.0,509.0,396.0,669.0,3125.0,2070.0,560.0,905.5,1176.0,1785.0,2461.0,2732.0,3072.5,3032.5,2967.0,1996.0,567.0,886.0,1072.0,1629.0,2392.0,2615.0,2883.0,2953.0,0.0,0.0,0.0,0.0,0.0,0.0,0.0,0.0,0.0,0.0,2573.0,1760.0,579.0,805.0,818.0,1415.0,2284.0,2534.0,2752.0,2736.0,0.0,0.0,0.0,0.0,0.0,0.0,0.0,0.0,0.0,0.0,920.0,1002.0,10578.0,10284.0,10226.0,10359.0,9996.0,9564.0,10008.0,9269.0,1319.5,839.5,2216.5,2387.5,2604.5,3095.5,3382.0,3425.5,3611.5,3586.5,3168.0,2290.0,559.5,818.5,1030.0,1534.5,2045.0,2322.5,2586.5,2655.5,3182.5,2389.5,725.0,978.0,1223.0,1632.5,1888.5,2097.5,2348.0,2432.0,2713.0,1882.0,585.0,847.0,1134.0,1469.0,1648.0,1868.0,2071.0,2181.0,3065.0,2875.0,717.0,980.0,1315.0,1465.0,1562.0,1684.0,1851.0,1859.0,"{""type"":""MultiPoint"",""coordinates"":[]}"
1440,5,1857.0,1127.0,591.0,791.0,1002.0,1175.0,1260.0,1365.0,1532.0,1506.0,1893.0,1361.5,595.0,757.5,955.0,1076.5,1129.0,1234.5,1296.0,1333.0,1573.0,936.0,577.0,719.0,919.0,1032.0,1073.0,1172.0,1276.0,1278.0,1904.0,1131.0,674.0,822.0,1065.0,1212.0,1234.0,1365.0,1465.0,1476.0,0.0,0.0,0.0,0.0,0.0,0.0,0.0,0.0,0.0,0.0,2311.5,1650.0,832.0,1020.5,1125.0,1346.0,1638.5,1752.0,1906.0,1835.0,0.0,0.0,0.0,0.0,0.0,0.0,0.0,0.0,0.0,0.0,1875.0,991.0,430.0,721.0,569.0,1072.0,2029.0,2306.0,2233.0,2378.0,2347.0,1095.0,334.0,611.0,347.0,975.0,3531.0,4260.0,4074.0,4444.0,1861.0,1012.0,438.0,630.0,449.0,884.0,2659.0,3312.0,3378.0,3424.0,1762.0,867.0,291.0,497.0,280.0,777.0,2999.0,4069.0,4039.0,4223.0,1825.0,1126.0,640.0,846.0,1014.0,1228.0,1333.0,1409.0,1592.0,1559.0,1979.0,820.5,377.0,554.5,300.5,827.5,3777.5,5150.5,5054.5,5467.0,2379.0,1002.0,444.0,646.0,324.0,930.0,4449.0,6034.0,6082.0,6339.0,0.0,0.0,0.0,0.0,0.0,0.0,0.0,0.0,0.0,0.0,1873.5,835.5,327.5,577.0,314.5,962.0,3329.0,4236.0,4144.5,4537.0,1888.0,927.5,361.0,662.5,422.0,1162.0,2709.5,3233.5,3397.5,3656.5,2141.0,1209.0,391.0,699.0,595.0,1308.0,2122.0,2491.0,2657.0,2922.0,2486.0,1651.5,520.5,659.0,937.5,1133.0,1220.5,1370.5,1515.5,1673.0,1472.0,865.0,526.0,708.0,950.0,1110.0,1148.0,1219.0,1278.0,1381.0,2821.0,2178.5,760.5,933.5,1189.5,1384.0,1419.5,1560.0,1647.0,1724.5,2045.0,1659.0,564.0,691.0,902.0,1003.0,1073.0,1172.0,1258.0,1291.0,0.0,0.0,0.0,0.0,0.0,0.0,0.0,0.0,0.0,0.0,0.0,0.0,0.0,0.0,0.0,0.0,0.0,0.0,0.0,0.0,2530.0,1904.0,717.0,906.0,1116.0,1282.0,1354.0,1495.0,1515.0,1629.0,1468.0,921.0,339.0,472.0,655.0,752.0,813.0,891.0,1009.0,1013.0,1842.0,1419.0,491.0,593.0,786.0,889.0,903.0,1005.0,1109.0,1109.0,0.0,0.0,0.0,0.0,0.0,0.0,0.0,0.0,0.0,0.0,1712.0,1125.0,528.0,631.0,793.0,904.0,952.0,1052.0,1196.0,1220.0,0.0,0.0,0.0,0.0,0.0,0.0,0.0,0.0,0.0,0.0,315.0,308.0,8056.0,8080.0,8134.0,8298.0,7902.0,7316.0,7396.0,6694.0,1824.0,1078.0,797.0,870.0,1040.0,1130.0,1164.0,1319.0,1424.0,1445.0,2017.5,1239.0,647.0,880.5,1080.5,1284.5,1369.0,1474.0,1668.0,1625.0,2291.0,1741.0,719.0,943.0,1192.0,1309.0,1379.0,1480.0,1620.0,1607.0,1609.5,1146.5,771.5,850.0,1015.0,1127.5,1128.5,1202.5,1218.5,1294.0,0.0,0.0,0.0,0.0,0.0,0.0,0.0,0.0,0.0,0.0,"{""type"":""MultiPoint"",""coordinates"":[]}"
1455,5,1965.5,1424.5,500.0,622.5,858.5,968.5,1036.5,1140.5,1286.0,1315.5,4355.0,3987.0,1240.5,1623.5,2083.5,2347.0,2438.5,2601.0,2766.5,2814.0,2265.5,1633.5,605.5,750.0,975.0,1129.0,1196.0,1315.5,1394.0,1453.5,2721.0,2002.0,836.0,1014.0,1314.5,1478.0,1516.0,1626.0,1793.5,1812.0,0.0,0.0,0.0,0.0,0.0,0.0,0.0,0.0,0.0,0.0,3892.0,3379.5,1244.5,1553.0,1832.0,2076.5,2337.0,2610.5,2623.5,2795.0,0.0,0.0,0.0,0.0,0.0,0.0,0.0,0.0,0.0,0.0,4533.5,4032.0,1265.0,1737.0,1969.5,2502.5,3052.5,3233.5,3424.0,3514.5,3024.0,2018.5,625.0,989.5,980.5,1513.0,2762.0,3059.5,3049.0,3305.5,3036.0,2031.0,580.0,916.0,801.5,1337.0,3136.0,3594.0,3695.0,3815.0,2392.5,1182.0,481.5,689.5,436.0,983.0,3563.5,4540.5,4431.0,4698.5,2472.0,2133.0,618.0,793.0,1048.5,1176.0,1246.0,1331.5,1496.0,1510.5,5319.5,4575.0,7764.0,6919.5,6426.5,6930.5,7052.5,7141.5,7285.5,6963.5,2295.0,1039.5,428.5,593.5,339.5,840.5,3948.0,5314.0,5359.5,5529.5,2658.0,1092.0,562.5,610.5,346.5,845.0,4505.0,6356.0,6204.5,6790.0,2211.5,922.5,352.5,495.0,306.0,740.5,3698.5,5080.5,4936.0,5359.5,2177.0,981.5,304.5,503.5,297.5,815.5,3613.5,4750.5,4963.0,5082.5,0.0,0.0,0.0,0.0,0.0,0.0,0.0,0.0,0.0,0.0,2653.0,1795.5,480.5,826.5,975.5,1603.5,2171.5,2442.5,2578.5,2860.0,3060.0,2259.0,857.5,1025.0,1246.5,1525.5,1772.0,1936.0,1913.5,2158.0,2748.5,2160.0,537.5,705.5,1030.5,1210.5,1327.0,1463.5,1616.5,1720.0,3945.5,3015.5,1098.5,1411.0,1962.5,2284.5,2417.5,2597.0,2797.0,2915.5,0.0,0.0,0.0,0.0,0.0,0.0,0.0,0.0,0.0,0.0,2773.5,2436.0,730.5,930.5,1220.5,1366.0,1442.0,1573.5,1674.0,1739.0,0.0,0.0,0.0,0.0,0.0,0.0,0.0,0.0,0.0,0.0,1469.0,1017.0,240.0,384.5,566.0,679.0,711.0,838.0,914.0,955.5,1869.0,1342.5,371.5,544.0,769.5,900.5,962.5,1063.5,1183.5,1222.0,0.0,0.0,0.0,0.0,0.0,0.0,0.0,0.0,0.0,0.0,1967.5,1596.0,463.0,579.0,771.5,888.5,980.0,1058.0,1187.0,1201.5,0.0,0.0,0.0,0.0,0.0,0.0,0.0,0.0,0.0,0.0,994.0,1085.0,10529.5,10283.5,10259.0,10409.5,10106.0,9703.5,10152.5,9370.0,0.0,0.0,0.0,0.0,0.0,0.0,0.0,0.0,0.0,0.0,2538.0,2054.5,631.5,803.0,1071.0,1196.5,1293.0,1400.0,1560.0,1568.5,2985.0,2460.0,747.5,964.0,1249.5,1396.5,1495.0,1628.0,1830.5,1799.5,2381.0,1723.0,591.5,767.5,1030.0,1183.5,1239.0,1358.5,1513.5,1526.5,0.0,0.0,0.0,0.0,0.0,0.0,0.0,0.0,0.0,0.0,"{""type"":""MultiPoint"",""coordinates"":[]}"
1469,3,2046.0,1394.5,653.0,849.5,1173.0,1399.5,1522.5,1669.0,1849.0,1925.5,4377.5,3671.0,1200.0,1608.0,2050.5,2277.5,2624.5,2754.5,2996.5,3034.0,1378.0,791.0,619.5,739.0,972.5,1160.0,1412.5,1534.0,1639.0,1799.0,2885.5,2037.5,868.5,1005.5,1339.5,1611.0,1918.5,2012.5,2212.0,2381.5,3196.0,2440.5,852.0,1081.5,1457.0,1715.0,1868.0,2102.0,2216.0,2377.5,4373.5,3759.0,1325.0,1679.5,2183.0,2474.0,2660.0,2916.0,3034.5,3323.5,0.0,0.0,0.0,0.0,0.0,0.0,0.0,0.0,0.0,0.0,5244.5,4213.0,1877.5,2350.5,2846.5,3307.5,3598.0,3859.5,3957.0,4197.0,1176.0,801.0,874.0,1099.0,1188.0,1486.5,1611.5,1786.0,1793.0,1862.0,1727.5,1034.0,427.0,629.5,387.5,881.5,2441.0,3318.5,3176.0,3219.5,2142.0,1106.0,717.0,846.5,513.0,1079.0,3301.0,4787.0,4745.5,4914.0,1149.0,754.0,538.5,735.0,937.0,1097.5,1103.5,1148.0,1220.5,1162.0,1868.0,1002.0,415.0,586.5,354.0,856.0,3053.5,4642.0,4620.5,4739.0,1841.5,1004.5,564.5,723.5,435.0,932.5,3073.0,4634.0,4638.0,4806.5,2026.5,1093.0,462.5,710.0,406.5,1089.5,3265.0,4892.5,4775.5,5050.5,2115.5,1134.5,627.5,1055.0,624.0,1639.5,3691.5,4630.0,4632.5,4935.0,2169.0,1241.0,572.0,1058.5,824.5,1842.5,3500.0,4242.0,4290.5,4607.0,2351.0,1431.0,681.5,1086.5,1266.0,1964.5,2817.0,3217.0,3340.0,3608.0,2884.0,2018.5,914.5,1313.5,1723.0,2189.5,2708.5,2939.5,3150.5,3310.5,3811.0,2605.0,982.0,1370.5,1886.5,2333.0,2656.5,2936.0,3001.5,3295.5,3970.0,2790.0,978.5,1397.0,1948.5,2348.0,2664.0,2919.5,3015.0,3285.0,2821.0,1942.5,915.5,1238.5,1689.0,1997.5,2326.0,2547.0,2704.5,2800.5,2231.0,1922.0,2012.0,1926.5,1959.0,2122.0,2116.0,2187.5,2381.0,2277.5,2684.0,1765.0,907.0,1213.0,1569.0,1928.5,2326.0,2547.5,2748.5,2845.0,2525.0,1632.0,1033.5,1332.0,1763.5,2211.5,2514.0,2762.0,3034.0,3126.0,2464.0,1637.0,807.0,1140.0,1607.5,1924.0,2147.5,2345.0,2671.5,2678.5,2767.0,1862.0,904.0,1229.5,1719.5,2003.0,2170.0,2389.0,2642.0,2700.0,0.0,0.0,0.0,0.0,0.0,0.0,0.0,0.0,0.0,0.0,1899.0,1313.5,714.5,918.5,1342.5,1604.0,1698.0,1926.5,2048.5,2170.5,0.0,0.0,0.0,0.0,0.0,0.0,0.0,0.0,0.0,0.0,606.5,635.5,11397.5,10953.0,10738.0,10788.0,10291.5,9719.0,10124.0,9294.0,168.0,135.5,1278.0,1552.0,1757.0,1840.0,1622.5,1616.0,1553.0,1484.5,1478.5,926.5,409.0,545.5,726.0,953.5,1106.0,1174.5,1297.5,1379.5,2034.5,1297.5,575.0,761.5,1005.5,1241.0,1343.5,1487.0,1624.5,1734.5,1071.0,625.0,454.0,591.5,789.5,973.0,1163.5,1236.5,1361.0,1469.0,1689.5,926.0,530.0,698.5,917.0,1139.0,1258.5,1440.0,1497.5,1598.0,"{""type"":""MultiPoint"",""coordinates"":[]}"
1475,5,1576.0,1022.0,562.0,738.0,923.0,1126.0,1250.0,1311.0,1516.0,1452.0,3342.0,2585.0,896.0,1194.0,1473.0,1776.0,2011.0,2129.0,2296.0,2320.0,1433.0,846.0,599.0,771.0,978.5,1170.0,1243.0,1348.0,1431.5,1451.5,1578.0,962.0,650.0,867.0,1109.0,1297.0,1413.0,1518.0,1647.0,1655.0,0.0,0.0,0.0,0.0,0.0,0.0,0.0,0.0,0.0,0.0,2905.0,2315.0,965.0,1212.0,1537.0,1756.0,1844.0,1962.0,2047.0,2106.0,0.0,0.0,0.0,0.0,0.0,0.0,0.0,0.0,0.0,0.0,2970.0,2314.0,1018.0,1310.0,1641.0,1872.0,1937.0,2069.0,2149.0,2166.0,3409.0,2525.0,1247.0,1641.0,1994.0,2320.0,2463.0,2576.0,2573.0,2749.0,2976.0,2275.0,909.0,1228.0,1542.0,1818.0,2044.0,2211.0,2251.0,2297.0,0.0,0.0,0.0,0.0,0.0,0.0,0.0,0.0,0.0,0.0,2467.0,1845.0,682.0,850.0,1064.0,1232.0,1384.0,1467.0,1671.0,1670.0,3332.0,1970.0,1965.0,2075.0,2020.0,2524.0,3932.0,4405.0,4197.0,4326.0,2736.0,1781.0,696.0,932.0,868.0,1350.0,2847.0,3250.0,3247.0,3364.0,3706.0,2717.0,2379.0,2405.0,2042.0,2857.0,4685.0,5359.0,5232.0,5466.0,2382.0,1410.0,720.0,865.0,658.0,1087.5,3136.5,3901.5,3794.5,4083.5,2067.0,1016.0,294.0,496.0,336.0,783.0,2870.0,3648.5,3721.5,3834.0,0.0,0.0,0.0,0.0,0.0,0.0,0.0,0.0,0.0,0.0,2032.0,1058.0,349.0,659.5,432.5,1070.5,2802.0,3267.0,3445.0,3530.5,2802.0,1766.0,600.0,915.0,1019.0,1553.0,1923.0,2169.0,2264.0,2503.0,3302.5,2484.5,570.5,786.0,1126.0,1363.5,1515.0,1696.0,1922.5,1998.0,3795.0,2829.0,782.0,1038.0,1503.0,1741.0,1939.0,2132.0,2368.0,2490.0,0.0,0.0,0.0,0.0,0.0,0.0,0.0,0.0,0.0,0.0,3423.0,2514.0,786.0,1028.0,1387.0,1618.0,1741.0,1897.0,2112.0,2113.0,0.0,0.0,0.0,0.0,0.0,0.0,0.0,0.0,0.0,0.0,1289.0,708.0,403.0,591.0,788.0,1011.0,1113.0,1257.0,1414.0,1392.0,1394.0,835.0,575.0,790.0,998.0,1235.0,1325.0,1455.0,1575.0,1587.0,0.0,0.0,0.0,0.0,0.0,0.0,0.0,0.0,0.0,0.0,1640.0,1043.0,573.0,752.0,902.0,1142.0,1317.0,1427.0,1615.0,1581.0,0.0,0.0,0.0,0.0,0.0,0.0,0.0,0.0,0.0,0.0,1020.0,1115.0,11047.0,10655.0,10480.0,10591.0,10321.0,9904.0,10329.0,9557.0,0.0,0.0,0.0,0.0,0.0,0.0,0.0,0.0,0.0,0.0,2379.0,1648.0,590.0,802.0,1075.0,1306.0,1430.0,1573.0,1761.0,1743.0,2339.0,1564.0,746.0,969.0,1150.0,1432.0,1615.0,1729.0,1943.0,1899.0,1672.0,1077.0,598.0,828.0,1019.0,1329.0,1523.0,1632.0,1783.0,1744.0,2093.0,1285.0,814.0,1039.0,1232.0,1588.0,1763.0,1928.0,2033.0,2024.0,"{""type"":""MultiPoint"",""coordinates"":[]}"
1498,3,1586.0,1052.5,551.0,775.5,1054.5,1227.5,1264.5,1365.0,1496.0,1489.0,5279.0,4817.0,1591.0,2173.0,2885.0,3199.0,3337.0,3477.0,3707.0,3704.0,2519.5,1618.0,785.5,1060.0,1448.5,1672.0,1768.5,1906.0,2046.0,2037.5,2649.0,1789.0,1169.0,1369.0,1580.0,1885.0,1855.0,2039.0,2185.0,2170.0,4052.0,3339.0,1053.0,1515.0,2081.0,2412.0,2585.0,2781.0,2855.0,2949.0,4170.0,3369.0,1391.0,1792.0,2282.0,2667.0,2738.0,2913.0,2955.0,3014.0,3252.0,2282.0,867.0,1183.0,1528.0,1948.0,2332.0,2532.0,2601.0,2649.0,5132.0,4380.0,1427.0,2020.0,2261.0,2799.0,3410.0,3754.0,3849.0,3947.0,1348.5,918.0,542.5,791.0,771.5,1249.0,2016.0,2394.5,2276.0,2341.5,1845.5,921.5,285.5,523.0,184.0,776.5,3012.5,4171.0,4142.0,4270.5,1747.5,792.0,435.0,569.0,285.5,752.0,2960.5,4616.5,4379.5,4747.5,3029.0,2530.0,833.0,1059.0,1379.0,1579.0,1701.0,1742.0,1999.0,1963.0,1724.0,759.0,355.0,481.5,214.5,669.5,3156.0,5102.5,5072.0,5373.5,1589.0,701.5,398.0,506.5,231.5,632.5,2955.0,5043.0,5141.5,5289.5,1656.0,734.0,464.0,710.0,374.0,1102.0,3456.0,5101.0,5074.0,5422.0,1929.0,932.5,507.0,893.0,467.5,1335.5,3808.0,5320.0,5149.5,5635.5,1864.0,975.0,422.0,876.0,502.0,1432.0,3817.0,4767.0,4928.0,5074.0,1805.0,907.0,465.0,929.0,644.0,1762.0,3557.0,4244.0,4374.0,4656.0,2288.0,1322.0,624.5,1155.0,1082.0,2102.0,2913.0,3301.0,3552.0,3622.5,2431.0,1655.0,768.0,1062.0,1396.0,1787.0,1993.0,2125.0,2193.0,2404.0,3208.0,2199.0,836.0,1142.0,1514.0,1916.0,2088.0,2271.0,2351.0,2505.0,3168.0,2203.0,786.0,1044.0,1401.0,1779.0,2026.0,2178.0,2370.0,2485.0,3097.0,2466.0,687.0,983.0,1312.0,1532.0,1617.0,1753.0,1886.0,1943.0,2683.0,1810.5,823.5,1033.0,1325.5,1631.5,1854.5,2025.5,2234.0,2264.5,0.0,0.0,0.0,0.0,0.0,0.0,0.0,0.0,0.0,0.0,2126.5,1359.5,558.5,825.0,1226.5,1475.0,1613.0,1754.5,1996.0,2027.5,2250.5,1467.5,595.0,848.5,1253.5,1482.5,1614.0,1741.5,1916.5,2021.5,0.0,0.0,0.0,0.0,0.0,0.0,0.0,0.0,0.0,0.0,1845.0,1279.0,577.0,764.0,1123.0,1289.0,1358.0,1471.0,1702.0,1664.0,0.0,0.0,0.0,0.0,0.0,0.0,0.0,0.0,0.0,0.0,667.0,748.0,10586.0,10398.0,10354.0,10443.0,10113.0,9640.0,10034.0,9316.0,1376.0,1068.5,2507.5,2628.0,2652.5,2689.5,2688.0,2630.5,2920.0,2441.0,2443.0,1775.0,633.5,867.0,1148.5,1386.5,1437.0,1555.5,1707.0,1722.0,3549.0,2918.0,933.0,1268.0,1648.0,1908.0,2050.0,2174.0,2381.0,2353.0,2384.0,1750.0,675.0,980.0,1278.0,1522.0,1595.0,1706.0,1823.0,1857.0,2990.0,2221.0,1003.0,1380.0,1895.0,2084.0,2213.0,2373.0,2547.0,2479.0,"{""type"":""MultiPoint"",""coordinates"":[]}"
1525,1,2781.5,2395.5,1614.0,1703.0,1936.5,2089.0,2208.0,2357.0,2613.0,2543.5,3324.5,2702.0,1341.0,1596.5,1982.5,2162.5,2272.5,2454.0,2574.5,2683.5,2377.0,1567.5,707.5,979.0,1324.0,1567.5,1706.5,1877.5,2038.5,2068.0,2498.5,1675.5,799.5,1066.5,1400.5,1671.5,1899.0,2073.0,2284.0,2257.0,5337.5,4724.5,1549.5,2151.5,2610.0,3170.5,3650.5,3906.5,4209.5,4199.5,3717.5,2540.0,798.5,1135.0,1069.0,1606.0,3635.5,4335.0,4418.0,4656.5,0.0,0.0,0.0,0.0,0.0,0.0,0.0,0.0,0.0,0.0,2042.5,984.5,348.5,533.0,311.5,658.0,3263.5,5209.5,5281.0,5433.0,1878.0,825.5,166.5,389.5,195.0,572.5,3337.0,5278.0,5107.0,5423.5,1745.0,740.0,295.0,451.0,263.0,565.5,2691.5,4390.0,4428.0,4643.5,1863.0,776.5,432.0,575.0,374.0,693.5,2715.0,4464.0,4555.0,4796.5,2513.0,1696.0,498.5,752.0,1063.5,1306.5,1451.0,1615.5,1935.0,1932.0,1727.0,708.5,389.5,484.0,310.0,631.0,2667.0,4287.0,4212.0,4634.0,1809.5,790.5,481.0,619.5,389.5,760.0,2802.0,4272.5,4363.5,4489.5,1838.0,905.5,353.0,569.5,469.5,922.5,2178.5,2758.5,2835.0,3107.0,2072.0,1416.0,460.5,619.0,669.5,1019.0,1413.5,1637.0,1611.0,1831.0,2279.0,1771.5,361.0,495.5,660.0,895.5,1144.0,1343.0,1243.5,1538.0,5279.0,3822.0,1290.5,1745.5,2535.0,3051.0,3195.0,3499.0,3612.0,3982.0,4769.5,3640.5,1136.5,1485.5,2100.0,2495.5,2601.5,2832.0,2963.5,3151.0,2605.5,2115.5,1195.5,1249.5,1527.0,1852.0,2014.5,2196.5,2236.0,2427.5,4078.0,3071.0,884.5,1177.0,1651.0,1969.0,2104.0,2326.5,2576.5,2630.0,2944.0,2143.0,705.5,937.5,1348.5,1627.5,1803.5,2005.5,2217.5,2335.0,2429.0,2040.5,546.5,772.0,1024.0,1237.5,1363.5,1452.0,1652.0,1653.5,3987.0,2995.5,833.5,1092.5,1547.0,1815.5,1990.5,2162.5,2504.0,2499.0,2363.5,1496.0,704.0,888.5,1338.5,1577.0,1738.0,1914.5,2205.0,2281.0,2630.0,1796.5,619.5,860.5,1320.5,1545.0,1672.0,1856.5,2171.0,2181.5,3063.5,2132.5,681.0,917.0,1356.5,1606.5,1736.0,1872.0,2153.0,2230.5,0.0,0.0,0.0,0.0,0.0,0.0,0.0,0.0,0.0,0.0,1852.5,1147.5,583.0,757.5,1118.5,1326.5,1454.0,1633.0,1909.5,1958.5,2279.0,1855.0,1483.5,1502.5,1612.5,1731.5,1829.5,1899.5,2088.5,2005.0,975.5,1078.0,10448.0,10175.0,10139.0,10230.0,9936.0,9558.5,9856.0,9195.5,1212.5,738.5,712.0,908.0,1123.0,1371.0,1462.5,1578.5,1780.0,1808.5,3185.0,2422.5,654.0,955.0,1268.0,1611.0,1756.5,1922.5,2073.0,2090.0,2431.5,1684.0,795.0,1065.5,1447.0,1673.0,1825.0,1964.5,2196.0,2197.0,2694.5,1890.5,824.5,1162.0,1531.5,1843.0,1974.0,2122.0,2314.0,2377.5,4281.0,4124.5,1138.5,1589.5,2116.0,2422.0,2472.0,2679.5,2821.0,2878.5,"{""type"":""MultiPoint"",""coordinates"":[]}"
1554,3,1714.0,940.0,583.0,860.0,1028.0,1514.0,1842.0,2047.0,2241.0,2281.0,3244.0,2363.0,726.0,1180.0,1256.0,2129.0,2888.0,3070.0,3164.0,3324.0,1669.0,1019.0,791.5,1125.5,1392.5,1756.5,1937.0,2117.5,2268.0,2282.0,1385.0,855.0,1032.0,1383.0,1685.0,2044.0,2164.0,2351.0,2504.0,2525.0,0.0,0.0,0.0,0.0,0.0,0.0,0.0,0.0,0.0,0.0,4822.0,3866.5,1602.0,2118.0,2436.0,2939.0,3293.0,3479.5,3710.0,3698.5,0.0,0.0,0.0,0.0,0.0,0.0,0.0,0.0,0.0,0.0,4991.0,4167.0,1142.0,1646.0,1715.0,2420.0,3010.0,3402.0,3679.0,3870.0,0.0,0.0,0.0,0.0,0.0,0.0,0.0,0.0,0.0,0.0,1375.5,752.5,271.0,484.5,238.5,731.5,2140.0,2681.5,2668.5,2702.0,1729.0,881.0,789.5,871.5,556.0,1010.0,2911.0,4022.5,3968.5,4114.5,2693.0,1890.0,715.0,994.0,1190.0,1591.0,1910.0,2108.0,2309.0,2329.0,432.0,218.0,261.0,267.0,117.0,253.0,959.0,1525.0,1389.0,1459.0,1412.0,645.0,375.0,478.0,257.0,577.0,2540.0,4077.0,4234.0,4252.0,0.0,0.0,0.0,0.0,0.0,0.0,0.0,0.0,0.0,0.0,1573.5,747.5,390.0,667.5,344.0,1047.5,3169.5,4403.5,4337.5,4699.5,1577.0,773.0,384.5,741.5,419.0,1232.0,3356.0,4379.0,4637.5,4707.0,0.0,0.0,0.0,0.0,0.0,0.0,0.0,0.0,0.0,0.0,1889.5,1062.5,569.0,968.0,926.0,1776.5,2957.0,3398.5,3653.5,3733.0,3535.0,2510.0,1178.0,1549.0,2057.0,2497.0,2624.0,2765.0,2893.0,3040.0,3354.5,2731.0,902.5,1202.0,1597.5,1914.5,1999.5,2182.0,2363.0,2407.5,2837.0,2554.0,667.0,849.0,1177.0,1366.0,1481.0,1616.0,1756.0,1808.0,0.0,0.0,0.0,0.0,0.0,0.0,0.0,0.0,0.0,0.0,3629.0,2819.0,1026.0,1354.0,1843.0,2098.0,2218.0,2390.0,2696.0,2668.0,1356.0,975.0,880.0,901.0,1019.0,1112.0,1219.0,1289.0,1442.0,1421.0,1828.0,1115.0,613.0,881.0,1267.0,1503.0,1670.0,1801.0,2027.0,2006.0,1996.0,1385.0,525.0,855.0,1231.0,1411.0,1547.0,1612.0,1833.0,1808.0,0.0,0.0,0.0,0.0,0.0,0.0,0.0,0.0,0.0,0.0,1345.0,797.0,635.0,869.0,1198.0,1385.0,1458.0,1590.0,1750.0,1775.0,0.0,0.0,0.0,0.0,0.0,0.0,0.0,0.0,0.0,0.0,1148.0,1239.0,10369.0,10129.0,10122.0,10381.0,10023.0,9665.0,9996.0,9303.0,2395.0,1490.0,720.0,1009.0,1220.0,1641.0,1912.0,2117.0,2236.0,2357.0,2737.0,1811.0,688.0,1051.0,1215.0,1748.0,2148.0,2342.0,2536.0,2542.0,2403.0,1556.0,618.0,948.0,1009.0,1629.0,2194.0,2438.0,2624.0,2617.0,1681.0,960.0,654.0,954.0,976.0,1643.0,2207.0,2456.0,2605.0,2588.0,2772.0,1995.0,910.0,1307.5,1313.5,2240.5,3057.0,3289.5,3390.0,3595.0,"{""type"":""MultiPoint"",""coordinates"":[]}"
1566,1,2049.0,1498.0,523.0,712.0,932.0,1166.0,1367.5,1480.5,1657.5,1642.5,4903.0,4645.5,1595.5,2034.5,2548.5,2833.5,2988.5,3165.0,3423.5,3396.0,2574.5,1853.0,736.0,935.0,1185.0,1424.0,1564.0,1685.0,1833.0,1878.5,0.0,0.0,0.0,0.0,0.0,0.0,0.0,0.0,0.0,0.0,0.0,0.0,0.0,0.0,0.0,0.0,0.0,0.0,0.0,0.0,3183.0,2551.5,824.0,1126.5,1253.5,1611.5,2372.0,2683.5,2757.0,2846.5,0.0,0.0,0.0,0.0,0.0,0.0,0.0,0.0,0.0,0.0,2183.0,1111.5,350.0,580.0,378.0,750.5,3068.0,4311.5,4440.0,4493.0,0.0,0.0,0.0,0.0,0.0,0.0,0.0,0.0,0.0,0.0,1927.5,778.0,685.0,750.0,471.0,810.0,3281.0,5018.5,4926.0,5285.0,0.0,0.0,0.0,0.0,0.0,0.0,0.0,0.0,0.0,0.0,2456.5,2041.0,668.0,891.0,1124.5,1351.5,1596.5,1705.5,1869.5,1859.0,1855.5,736.0,340.0,475.5,270.5,581.0,2806.5,4566.0,4397.5,4801.0,1701.0,722.5,456.0,577.5,375.0,682.0,2718.5,4059.5,4123.5,4252.5,0.0,0.0,0.0,0.0,0.0,0.0,0.0,0.0,0.0,0.0,2425.0,1474.0,581.5,798.5,753.5,1187.0,2150.5,2608.0,2589.5,2849.0,3571.0,2614.5,695.5,974.0,1426.5,1760.0,2011.0,2243.5,2468.5,2621.0,0.0,0.0,0.0,0.0,0.0,0.0,0.0,0.0,0.0,0.0,3529.0,3313.0,954.5,1268.0,1628.0,1873.5,1978.0,2133.5,2275.5,2346.0,2644.0,2102.0,2282.0,2230.5,2127.5,2352.0,2358.0,2396.0,2727.5,2421.0,3396.5,2979.5,823.0,1168.0,1430.0,1728.0,2141.5,2317.5,2484.0,2541.0,3615.5,3254.5,895.5,1279.5,1458.5,1847.5,2435.0,2633.5,2770.5,2842.5,0.0,0.0,0.0,0.0,0.0,0.0,0.0,0.0,0.0,0.0,0.0,0.0,0.0,0.0,0.0,0.0,0.0,0.0,0.0,0.0,0.0,0.0,0.0,0.0,0.0,0.0,0.0,0.0,0.0,0.0,2043.5,1421.0,458.5,735.5,1003.5,1252.5,1525.5,1698.0,1819.5,1846.5,1410.0,1055.0,310.0,500.5,682.5,815.5,948.5,1028.0,1098.0,1150.0,0.0,0.0,0.0,0.0,0.0,0.0,0.0,0.0,0.0,0.0,2201.5,1644.5,556.5,786.5,922.5,1228.0,1686.5,1803.5,1975.0,1986.5,0.0,0.0,0.0,0.0,0.0,0.0,0.0,0.0,0.0,0.0,1075.5,1175.0,10329.5,10126.5,10198.5,10382.5,10075.5,9746.5,10185.5,9402.0,0.0,0.0,0.0,0.0,0.0,0.0,0.0,0.0,0.0,0.0,2543.5,2027.5,708.0,959.5,1210.0,1454.0,1741.5,1904.0,2053.5,2045.0,2830.0,2224.0,804.0,1070.5,1315.5,1582.5,1823.0,1944.0,2164.5,2157.5,2280.0,1645.5,606.0,882.5,1131.5,1407.0,1587.0,1719.5,1891.5,1906.0,4017.0,3505.0,1301.0,1618.5,2062.5,2317.0,2414.0,2594.5,2773.5,2848.5,"{""type"":""MultiPoint"",""coordinates"":[]}"
1577,5,47.0,45.0,337.0,462.0,602.0,806.0,712.0,753.0,791.0,643.0,2726.0,1756.0,876.0,1087.0,1298.0,1657.0,1769.0,1971.0,2107.0,2128.0,853.0,424.0,497.0,668.5,767.5,1113.5,1245.0,1370.0,1499.5,1545.0,544.0,319.0,595.0,713.0,777.0,1118.0,1251.0,1382.0,1503.0,1478.0,3771.0,2859.0,946.0,1231.0,1478.0,1784.0,1998.0,2183.0,2418.0,2435.0,4079.0,3634.0,1315.0,1646.0,2181.0,2408.0,2461.0,2630.0,2794.0,2858.0,0.0,0.0,0.0,0.0,0.0,0.0,0.0,0.0,0.0,0.0,4036.5,3623.0,1498.0,1832.0,2170.0,2498.0,2635.0,2807.0,2843.5,3012.5,3497.5,2945.5,1117.5,1427.5,1767.5,2059.5,2275.5,2466.0,2512.5,2667.5,3918.5,3139.5,1166.0,1509.5,1840.0,2251.0,2639.5,2870.5,2890.5,3087.0,2848.0,2159.0,797.0,1043.0,1146.0,1525.0,2251.0,2498.0,2472.0,2707.0,2798.5,2689.0,2832.5,2906.0,2983.0,3156.5,2981.5,2965.5,3404.0,2834.5,2715.0,1846.0,734.0,978.0,860.0,1376.0,2849.0,3530.0,3381.0,3638.0,2364.0,1321.0,500.0,670.0,487.0,907.0,3160.0,4070.0,4061.0,4152.0,935.0,417.5,252.0,341.0,196.5,414.5,1886.0,2422.0,2313.0,2440.0,1994.0,1049.0,419.0,623.0,428.0,869.0,3017.0,3845.0,3719.0,4072.0,1460.0,733.0,363.0,551.0,330.0,846.0,2759.0,3472.0,3553.0,3588.0,2968.0,2145.0,2161.5,2272.5,2084.5,2666.0,3815.5,4234.5,4148.0,4405.0,1835.0,1038.0,449.5,797.0,645.5,1373.5,2021.0,2270.5,2448.5,2589.0,1315.5,829.5,656.5,666.0,703.5,868.0,976.0,1053.0,1042.0,1177.5,2407.0,1689.0,512.0,680.0,840.0,1099.0,1194.0,1335.0,1471.0,1555.0,3026.0,2391.0,681.0,850.0,1054.0,1323.0,1446.0,1601.0,1696.0,1829.0,118.5,81.0,373.5,567.0,681.5,862.0,770.0,799.5,827.5,731.0,2406.0,1761.0,679.0,815.0,1025.0,1174.0,1279.0,1375.0,1580.0,1544.0,0.0,0.0,0.0,0.0,0.0,0.0,0.0,0.0,0.0,0.0,48.0,38.0,299.0,493.5,600.5,700.0,480.5,496.5,477.5,359.5,86.0,68.0,374.0,584.0,622.0,740.0,495.0,523.0,486.0,370.0,0.0,0.0,0.0,0.0,0.0,0.0,0.0,0.0,0.0,0.0,27.0,28.0,708.0,885.0,881.0,898.0,451.0,460.0,415.0,248.0,0.0,0.0,0.0,0.0,0.0,0.0,0.0,0.0,0.0,0.0,1083.0,1183.0,10040.0,9958.0,10026.0,10228.0,9870.0,9559.0,9949.0,9239.0,598.5,375.5,455.5,660.0,912.0,1150.5,1223.5,1315.5,1416.5,1431.5,870.0,458.0,438.0,638.0,805.0,1098.0,1220.0,1333.0,1495.0,1461.0,959.0,529.5,543.5,752.0,857.5,1176.5,1336.5,1441.5,1600.0,1579.0,1123.0,619.0,514.0,738.0,873.0,1225.0,1362.0,1451.0,1552.0,1592.0,2896.0,2065.0,849.0,1102.0,1317.0,1590.0,1731.0,1839.0,2056.0,2063.0,"{""type"":""MultiPoint"",""coordinates"":[]}"
1580,1,2661.0,1815.0,708.5,857.5,1086.0,1370.5,1659.0,1784.0,2025.5,2029.0,4517.0,3692.5,1139.0,1471.0,1861.0,2288.5,2531.0,2675.5,2889.0,3037.0,3468.0,2546.5,855.5,1084.5,1419.5,1758.5,1896.0,2104.0,2288.5,2364.0,3812.5,2770.0,1235.0,1429.5,1623.0,2049.0,2318.5,2516.5,2634.5,2826.0,3776.0,2913.0,895.0,1187.0,1394.5,1846.5,2144.0,2333.0,2532.0,2598.5,3498.5,2625.0,1137.5,1421.0,1494.0,1999.5,3026.5,3471.0,3701.5,3697.0,0.0,0.0,0.0,0.0,0.0,0.0,0.0,0.0,0.0,0.0,2004.5,886.5,448.5,597.0,369.5,726.0,3199.0,4833.0,4853.5,5027.0,1383.0,543.0,309.5,307.5,201.0,417.5,2803.0,4436.5,4649.0,4623.5,1740.0,710.0,302.5,465.5,275.0,586.0,2796.0,4561.5,4609.5,4828.0,2012.5,822.5,1223.0,1127.0,788.5,1054.0,3147.0,5115.0,5185.0,5490.5,3515.5,2609.0,887.0,1084.5,1350.0,1648.5,1980.5,2127.0,2398.0,2390.5,1820.5,742.0,389.5,498.0,339.0,633.0,2644.5,4411.0,4366.0,4698.5,1783.5,755.5,508.0,627.5,400.0,737.5,2781.5,4283.0,4364.0,4543.5,3124.5,2306.5,2142.0,2181.5,2015.5,2501.5,3740.5,4340.5,4320.0,4571.5,2387.5,1489.0,474.0,647.5,645.5,1095.5,1860.0,2136.0,2204.0,2514.5,2904.5,2016.5,490.5,644.0,852.5,1197.5,1634.0,1931.5,2018.5,2352.5,4808.5,3344.0,1118.5,1577.0,2341.0,2807.0,3065.5,3369.5,3618.0,3862.5,4302.0,3469.0,1043.5,1321.5,1832.5,2119.5,2243.5,2408.5,2455.0,2686.5,2335.0,1760.5,613.5,733.5,906.5,1103.0,1241.0,1323.0,1346.5,1475.0,4104.5,3066.0,813.0,1113.0,1445.0,1805.0,2117.0,2289.5,2454.5,2551.5,4343.5,3292.0,929.0,1237.0,1685.5,2055.5,2265.5,2468.0,2669.0,2805.0,3129.0,2233.0,836.5,1028.0,1269.0,1574.0,1941.0,2113.0,2372.0,2352.5,3862.5,2754.5,863.0,1152.0,1566.0,1929.0,2252.0,2425.5,2743.5,2759.5,1608.0,987.5,962.0,972.0,1043.0,1220.5,1431.0,1591.0,1769.5,1687.0,3266.0,2170.0,754.0,1097.5,1378.5,1808.0,2454.5,2654.0,2982.0,2989.0,3158.5,2063.5,708.0,1064.0,1229.5,1715.0,2527.5,2773.5,3011.5,3059.5,4111.5,3324.5,3276.5,3754.0,3933.5,4408.5,4403.0,4441.0,3944.5,4343.0,2997.0,1924.5,745.5,1015.0,1120.5,1625.5,2548.0,2867.0,3120.5,3130.0,0.0,0.0,0.0,0.0,0.0,0.0,0.0,0.0,0.0,0.0,1008.0,1115.0,10104.5,9934.0,10007.5,10088.0,9787.0,9491.5,9894.0,9186.0,2460.5,1674.5,659.5,872.5,1119.5,1421.5,1795.0,1959.5,2147.5,2168.0,3512.5,2543.5,728.5,950.0,1150.5,1578.5,2189.0,2387.5,2670.5,2684.0,2744.5,1856.5,658.0,862.5,912.0,1369.0,2196.5,2416.5,2663.5,2633.5,2828.0,1839.5,585.5,872.5,870.0,1530.5,2405.5,2627.5,2874.5,2864.0,3435.5,2396.0,800.0,1041.5,1375.0,2035.5,2392.5,2606.0,2832.5,2879.0,"{""type"":""MultiPoint"",""coordinates"":[]}"
1625,3,2410.0,1847.0,699.0,933.0,1204.0,1419.0,1520.0,1618.0,1799.0,1769.0,5369.0,5064.0,1785.0,2334.0,2980.0,3389.0,3511.0,3622.0,3765.0,3927.0,2655.5,1959.0,742.5,1016.5,1344.0,1611.0,1664.0,1805.0,1936.0,1980.5,3074.0,2139.0,1113.0,1410.0,1223.0,2023.0,2159.0,2271.0,2289.0,2498.0,4845.0,4388.0,1532.0,2160.0,2499.0,3138.0,3434.0,3589.0,3782.0,3798.0,4876.0,4665.0,4279.0,4133.0,4193.0,4718.0,4689.0,4822.0,4590.0,4883.0,0.0,0.0,0.0,0.0,0.0,0.0,0.0,0.0,0.0,0.0,4737.5,3910.0,1408.5,1951.0,2110.0,2820.5,3803.5,4135.5,4211.5,4355.0,4588.0,3670.0,1377.0,1846.0,2028.0,2600.0,3699.0,4310.0,4207.0,4529.0,3945.0,3210.0,1133.5,1631.0,1805.0,2329.5,3475.0,4067.0,4194.5,4226.5,1862.0,1004.0,961.0,1048.0,727.5,1217.5,2785.5,3697.0,3548.5,3781.5,2887.0,2421.0,881.0,1102.0,1437.0,1673.0,1732.0,1876.0,2048.0,2073.0,2066.0,980.0,494.0,691.0,392.0,923.0,2940.0,4598.0,4474.0,4804.0,1909.5,929.5,414.0,599.5,311.5,782.0,3074.0,4897.5,4947.5,5093.5,1763.0,837.0,370.0,428.0,256.0,666.0,2894.0,4460.0,4363.0,4687.0,1792.0,882.0,315.0,580.0,288.0,889.0,3114.0,4758.0,4619.0,4969.0,1811.0,925.0,326.0,712.0,360.0,1186.0,3466.0,4609.0,4858.0,4941.0,1939.5,1059.5,402.0,794.5,550.0,1464.5,3414.5,4279.5,4325.0,4629.0,2867.5,1803.0,663.0,1133.0,1251.0,2181.5,3153.5,3631.5,3928.5,3978.0,2318.0,1858.5,1208.5,1240.5,1293.0,1699.5,2020.0,2167.5,2244.5,2270.5,3085.0,2138.0,697.0,1030.0,1310.0,1684.0,2049.0,2198.0,2475.0,2511.0,3506.0,2550.0,771.0,1103.0,1449.0,1889.0,2179.0,2389.0,2592.0,2639.0,912.0,570.0,474.0,515.0,591.0,652.0,718.0,789.0,762.0,829.0,3639.0,2561.0,831.0,1159.0,1616.0,1961.0,2187.0,2358.0,2679.0,2643.0,1387.0,1145.0,435.5,536.5,710.0,840.0,902.5,1008.0,1071.5,1094.5,1576.5,1091.5,355.5,550.0,856.0,1005.0,1070.0,1193.5,1389.0,1410.0,1886.5,1330.5,491.0,716.5,1032.0,1219.5,1321.5,1441.0,1592.5,1662.0,0.0,0.0,0.0,0.0,0.0,0.0,0.0,0.0,0.0,0.0,1271.5,858.5,621.0,732.0,939.0,1088.0,1160.5,1264.5,1442.5,1393.5,0.0,0.0,0.0,0.0,0.0,0.0,0.0,0.0,0.0,0.0,1099.0,1195.0,10800.0,10460.0,10378.0,10492.0,10134.0,9716.0,10130.0,9414.0,1415.0,1063.5,1227.5,1527.0,1755.5,1999.5,2047.0,2084.0,2127.5,2085.0,2359.0,1715.0,813.5,1110.0,1328.5,1556.5,1549.5,1660.0,1817.0,1797.0,2902.0,2307.0,915.5,1216.0,1502.0,1797.0,1919.0,1999.0,2193.0,2214.0,2911.0,2300.0,894.0,1255.0,1544.0,1869.0,2076.0,2192.0,2276.0,2303.0,3455.0,3262.0,1511.5,1956.0,2230.0,2441.5,2462.0,2588.5,2814.5,2683.0,"{""type"":""MultiPoint"",""coordinates"":[]}"
1638,5,1452.0,960.0,742.0,982.0,1297.0,1599.0,1703.0,1873.0,2133.0,2061.0,4500.0,3513.0,1125.0,1496.0,1818.0,2365.0,2857.0,3155.0,3364.0,3504.5,2429.0,1630.0,774.0,1024.0,1238.0,1695.0,2027.0,2360.0,2664.0,2581.0,3313.0,2443.0,1107.0,1452.0,1714.0,2293.0,2786.0,2962.0,3014.0,3116.0,3548.0,2787.0,966.5,1327.5,1573.5,2114.5,2552.0,2906.5,3115.5,3095.5,6010.0,5573.0,1879.0,2298.0,2777.0,3347.0,3800.0,4173.0,4240.0,4532.0,3952.0,2944.0,3359.0,3097.0,3016.0,3368.0,3565.0,3692.0,3903.0,3817.0,4771.0,4010.0,1631.0,1924.0,2029.0,2825.0,3544.0,3949.0,4068.0,4175.0,5459.0,4783.0,1738.0,2217.0,2442.5,3142.5,3999.5,4512.5,4413.5,4840.0,5274.0,4562.0,1683.0,2196.0,2557.0,3266.0,3890.0,4320.0,4174.0,4580.0,3514.5,2808.0,1196.5,1487.5,1619.5,2147.0,2943.5,3262.5,3241.0,3596.0,3068.0,2304.0,889.0,1156.0,1566.0,1878.0,2018.0,2172.0,2481.0,2458.0,3251.5,2003.5,734.0,1077.0,1042.0,1710.5,3108.0,3642.0,3595.0,3938.0,3062.0,2087.5,828.0,1103.0,1123.0,1678.0,2993.0,3566.5,3655.0,3979.0,2943.0,1937.0,739.5,1001.5,1061.0,1606.5,2821.0,3465.5,3382.0,3849.5,2544.0,1371.0,613.0,844.0,663.0,1186.0,2860.0,3582.0,3475.0,3845.0,2604.5,1546.5,552.5,867.5,684.0,1272.5,3065.0,3687.5,3736.5,4064.0,2804.5,1695.5,560.5,863.0,761.5,1440.0,2766.5,3220.0,3318.0,3616.0,2946.5,1929.0,534.5,836.5,776.5,1407.5,2419.0,2829.5,3068.0,3109.5,1993.0,1269.0,788.0,760.0,648.0,1104.0,2016.0,2195.0,2150.0,2421.0,3003.0,2297.5,1172.0,1434.5,1403.0,1843.0,2480.0,2744.5,2853.0,2875.0,3052.0,1978.0,554.0,857.0,936.0,1412.0,2226.0,2574.0,2940.0,2860.0,1302.0,928.0,710.0,785.0,914.0,1036.0,1115.0,1250.0,1305.0,1324.0,3236.5,2260.5,739.5,1026.0,1158.0,1632.5,2149.0,2381.0,2774.5,2740.5,2194.5,1523.5,747.0,977.5,1263.0,1605.0,2023.5,2150.0,2567.0,2446.5,2678.5,1861.0,670.5,985.0,1330.0,1675.5,1985.5,2199.0,2547.0,2544.5,2725.0,2402.0,775.0,1141.0,1472.0,1874.0,2208.0,2404.0,2605.0,2625.0,1932.0,1295.0,1110.0,1257.0,1376.0,1522.0,1679.0,1774.0,1655.0,1888.0,2793.0,2019.0,779.0,1078.0,1341.0,1706.0,2050.0,2257.0,2518.0,2511.0,0.0,0.0,0.0,0.0,0.0,0.0,0.0,0.0,0.0,0.0,711.0,756.0,10442.0,10140.0,10048.0,10097.0,9683.0,9175.0,9622.0,8755.0,416.0,287.0,4776.0,5044.0,5231.0,5529.0,5112.0,4823.0,5184.0,4906.0,2821.0,2073.0,798.0,1095.0,1408.0,1753.0,1887.0,2065.0,2260.0,2312.0,3395.0,2558.0,941.5,1220.5,1532.0,1913.0,2136.5,2340.0,2589.5,2626.0,2627.0,1820.0,702.0,1016.0,1292.0,1664.0,1916.0,2130.0,2345.0,2362.0,3524.0,2571.0,893.0,1212.0,1523.0,1919.0,2185.0,2443.0,2650.0,2709.0,"{""type"":""MultiPoint"",""coordinates"":[]}"
1652,1,2363.0,1469.0,510.0,759.0,829.0,1442.0,2292.0,2524.0,2862.0,2790.0,4653.0,3768.0,954.0,1257.0,1677.0,1983.0,2175.0,2360.0,2684.0,2775.0,3252.0,2300.0,772.0,937.0,1241.0,1492.0,1693.0,1877.0,2139.0,2246.0,3530.0,2558.0,700.0,916.0,1087.0,1452.0,1801.0,1989.0,2297.0,2384.0,4746.0,3832.0,970.0,1311.0,1458.0,1992.0,2667.0,2998.0,3236.0,3386.0,3919.0,2926.0,835.0,1159.0,1122.0,1650.0,3155.0,3759.0,3908.0,4033.0,2079.0,993.0,371.0,644.0,368.0,812.0,3103.0,4192.0,4255.0,4316.0,1779.0,734.0,238.0,402.0,174.0,508.0,3089.0,4886.0,4958.0,4981.0,0.0,0.0,0.0,0.0,0.0,0.0,0.0,0.0,0.0,0.0,1845.0,731.5,395.5,527.0,316.0,640.5,3033.5,4856.5,4875.5,5155.5,5665.0,4582.0,6818.0,6384.0,5828.0,6251.0,6568.0,7037.0,7668.0,6995.0,2645.0,1770.0,540.0,786.0,922.0,1552.0,2309.0,2508.0,2872.0,2851.0,1936.5,776.0,395.0,566.5,343.5,689.0,3221.5,5121.5,5114.0,5440.5,1823.0,782.0,358.0,573.0,349.0,755.0,2966.0,4377.0,4513.0,4673.0,2863.0,1976.0,1177.0,1489.0,1244.0,1886.0,3093.0,3717.0,3930.0,4206.0,2148.0,1481.5,426.0,515.5,685.0,860.0,925.5,1118.0,1193.5,1276.5,5197.5,3681.5,1166.5,1598.5,2421.0,2815.5,2987.5,3271.5,3636.0,3793.0,0.0,0.0,0.0,0.0,0.0,0.0,0.0,0.0,0.0,0.0,3773.5,3224.0,861.0,1123.0,1559.0,1785.0,1874.0,2093.5,2256.0,2342.5,2651.0,1799.0,592.0,812.0,1015.0,1316.0,1528.0,1664.0,1736.0,1939.0,3416.5,2725.0,784.0,1092.5,1329.0,1713.5,2027.5,2253.0,2430.0,2534.0,4047.0,3408.0,931.0,1344.0,1575.0,2028.0,2475.0,2725.0,2911.0,3029.0,0.0,0.0,0.0,0.0,0.0,0.0,0.0,0.0,0.0,0.0,3005.5,2150.0,708.0,1026.0,1161.0,1644.5,2083.0,2291.5,2453.5,2547.5,0.0,0.0,0.0,0.0,0.0,0.0,0.0,0.0,0.0,0.0,2436.0,1595.0,463.0,758.0,965.0,1321.0,1604.0,1803.0,1976.0,2058.0,3404.0,2585.0,1044.5,1295.0,1538.5,1983.0,2352.0,2544.5,2731.0,2784.0,0.0,0.0,0.0,0.0,0.0,0.0,0.0,0.0,0.0,0.0,2511.0,1728.0,556.0,843.0,849.0,1318.0,1950.0,2166.0,2387.0,2355.0,0.0,0.0,0.0,0.0,0.0,0.0,0.0,0.0,0.0,0.0,571.0,623.0,9789.0,9752.0,9904.0,10076.0,9760.0,9403.0,9768.0,9012.0,0.0,0.0,0.0,0.0,0.0,0.0,0.0,0.0,0.0,0.0,2630.0,1745.0,575.0,783.0,883.0,1443.0,2123.0,2397.0,2691.0,2682.0,2807.0,1805.0,607.0,922.0,1005.5,1639.0,2224.0,2465.5,2746.5,2784.5,2451.0,1546.0,567.0,828.0,1050.0,1500.0,1757.0,1955.0,2284.0,2314.0,0.0,0.0,0.0,0.0,0.0,0.0,0.0,0.0,0.0,0.0,"{""type"":""MultiPoint"",""coordinates"":[]}"
1693,5,3635.5,2967.0,2068.0,2131.5,2317.5,2482.5,2564.0,2710.0,2984.5,2845.5,2786.0,2603.5,911.5,1144.0,1396.5,1534.5,1618.5,1721.0,1818.0,1834.5,1369.0,912.0,497.5,580.5,735.5,838.0,866.5,937.0,986.0,1045.5,2154.0,1477.0,873.5,1022.5,1217.0,1397.5,1447.0,1535.0,1663.5,1685.5,0.0,0.0,0.0,0.0,0.0,0.0,0.0,0.0,0.0,0.0,2868.5,2436.0,988.5,1150.5,1389.5,1581.0,1626.0,1745.0,1805.5,1892.0,0.0,0.0,0.0,0.0,0.0,0.0,0.0,0.0,0.0,0.0,0.0,0.0,0.0,0.0,0.0,0.0,0.0,0.0,0.0,0.0,0.0,0.0,0.0,0.0,0.0,0.0,0.0,0.0,0.0,0.0,3225.5,2103.5,1493.0,1584.0,1310.5,1832.0,3537.0,4168.5,4098.5,4301.5,3115.0,2125.0,1685.0,1743.0,1505.0,2039.0,4106.5,5026.5,4924.5,5188.0,1806.5,1474.0,462.0,557.0,732.0,822.5,879.5,1012.5,1109.0,1151.5,3068.5,1771.5,772.0,1048.0,873.0,1505.0,4359.5,5831.0,5693.0,5966.5,2589.5,1189.0,408.0,564.0,305.5,834.5,4251.0,6005.0,6019.5,6182.0,0.0,0.0,0.0,0.0,0.0,0.0,0.0,0.0,0.0,0.0,2313.5,986.5,307.0,424.5,227.5,660.0,3734.5,5419.0,5262.0,5632.0,2156.0,942.0,235.0,440.0,226.5,778.0,3525.0,4639.5,4840.0,4953.5,0.0,0.0,0.0,0.0,0.0,0.0,0.0,0.0,0.0,0.0,2471.5,1420.0,391.0,774.5,641.5,1461.0,2556.5,2934.5,3228.5,3408.5,0.0,0.0,0.0,0.0,0.0,0.0,0.0,0.0,0.0,0.0,3788.5,2919.0,776.5,1015.5,1463.0,1701.0,1823.5,2013.5,2222.5,2321.5,4088.0,3243.0,1019.5,1250.0,1671.0,1938.5,2046.0,2201.5,2363.5,2485.5,0.0,0.0,0.0,0.0,0.0,0.0,0.0,0.0,0.0,0.0,1816.0,1528.5,402.0,521.0,704.5,798.5,854.0,928.0,1020.5,1052.0,0.0,0.0,0.0,0.0,0.0,0.0,0.0,0.0,0.0,0.0,1191.0,759.0,239.0,367.0,540.0,614.5,676.0,756.5,824.5,871.0,1489.0,1069.5,333.0,461.5,629.5,706.5,767.5,859.0,938.0,968.0,0.0,0.0,0.0,0.0,0.0,0.0,0.0,0.0,0.0,0.0,1461.5,981.5,502.5,636.0,787.5,941.0,976.5,1098.5,1227.5,1232.5,0.0,0.0,0.0,0.0,0.0,0.0,0.0,0.0,0.0,0.0,906.0,987.0,11099.5,10596.0,10489.5,10536.5,10253.5,9855.5,10235.0,9396.5,3483.0,2661.0,2688.0,2965.0,3128.0,3247.0,2985.5,2852.5,3174.0,2789.0,168.5,130.5,1095.5,1496.5,1923.5,2168.0,2012.0,2083.0,2099.5,1870.0,2114.5,1390.0,779.0,989.5,1170.0,1381.5,1472.5,1578.0,1701.5,1727.0,1849.0,1207.0,627.0,837.0,1019.5,1222.5,1278.0,1359.5,1510.0,1519.5,5107.0,4679.0,3098.0,3445.5,3791.0,4220.0,4297.5,4492.5,3998.5,4629.5,"{""type"":""MultiPoint"",""coordinates"":[]}"
1697,1,2205.0,1557.0,679.0,894.0,1202.0,1379.0,1489.0,1609.0,1815.0,1746.0,5007.0,4599.0,1500.0,1978.0,2598.0,2949.0,3034.0,3214.0,3421.0,3443.0,2573.0,1809.0,739.5,955.5,1271.5,1510.0,1627.5,1754.5,1892.5,1943.5,2880.0,2201.0,752.0,1027.0,1203.0,1580.0,1858.0,2091.0,2188.0,2253.0,0.0,0.0,0.0,0.0,0.0,0.0,0.0,0.0,0.0,0.0,3688.0,2762.0,856.0,1213.0,1208.0,1663.0,3449.0,4195.0,4244.0,4381.0,0.0,0.0,0.0,0.0,0.0,0.0,0.0,0.0,0.0,0.0,1930.0,894.0,426.0,633.0,433.0,655.0,3281.0,5255.0,5341.0,5374.0,1984.0,903.0,451.0,656.0,498.0,729.0,3378.0,5339.0,5226.0,5697.0,1754.0,759.0,465.0,617.0,419.0,631.0,2991.0,4859.0,5026.0,5118.0,1797.0,722.0,513.0,618.0,432.0,698.0,3017.0,4989.0,4884.0,5279.0,3473.0,3042.0,1027.0,1358.0,1755.0,1998.0,2124.0,2238.0,2531.0,2470.0,1920.5,770.0,478.5,653.5,429.0,727.5,3198.5,5021.5,4922.0,5288.0,1841.0,866.0,468.0,677.0,441.0,787.0,3066.0,4395.0,4466.0,4675.0,2654.0,1603.0,661.0,927.0,1003.0,1477.0,2711.0,3291.0,3316.0,3728.0,2209.0,1472.5,610.0,753.0,792.5,1073.5,1419.5,1621.5,1920.0,1831.5,3784.0,2799.5,762.0,1027.0,1511.5,1821.0,2011.0,2245.5,2463.0,2587.5,0.0,0.0,0.0,0.0,0.0,0.0,0.0,0.0,0.0,0.0,4277.5,3437.0,922.5,1243.5,1812.0,2136.0,2272.5,2445.0,2672.5,2779.0,4104.0,3209.5,874.0,1130.5,1544.0,1848.0,1999.0,2163.5,2258.0,2463.0,3972.5,3077.0,804.5,1096.5,1484.0,1806.5,2084.0,2252.0,2466.5,2503.5,2792.0,2120.0,587.0,837.0,1123.5,1386.5,1676.0,1797.5,1883.5,1972.0,0.0,0.0,0.0,0.0,0.0,0.0,0.0,0.0,0.0,0.0,3824.5,3193.5,1012.0,1336.0,1843.5,2135.0,2262.5,2434.5,2603.5,2663.5,0.0,0.0,0.0,0.0,0.0,0.0,0.0,0.0,0.0,0.0,2047.0,1377.0,464.0,706.0,1057.0,1238.0,1334.0,1467.0,1656.0,1653.0,2359.5,1612.5,782.0,983.5,1256.5,1426.0,1460.0,1504.0,1969.5,1633.0,0.0,0.0,0.0,0.0,0.0,0.0,0.0,0.0,0.0,0.0,2353.0,1694.0,652.0,831.0,1190.0,1384.0,1490.0,1609.0,1830.0,1837.0,0.0,0.0,0.0,0.0,0.0,0.0,0.0,0.0,0.0,0.0,937.0,1001.0,10578.0,10332.0,10353.0,10536.0,10166.0,9866.0,10203.0,9402.0,0.0,0.0,0.0,0.0,0.0,0.0,0.0,0.0,0.0,0.0,2842.0,2290.0,858.0,1105.0,1450.0,1664.0,1783.0,1931.0,2123.0,2102.0,3801.5,3243.0,1098.5,1477.0,1919.0,2237.5,2390.5,2558.0,2763.5,2779.0,2413.0,1712.0,665.0,885.0,1225.0,1425.0,1534.0,1684.0,1873.0,1908.0,0.0,0.0,0.0,0.0,0.0,0.0,0.0,0.0,0.0,0.0,"{""type"":""MultiPoint"",""coordinates"":[]}"
1740,5,3070.0,2646.0,2082.0,2200.0,2423.0,2614.5,2789.5,2902.5,3226.0,3090.5,4288.0,3701.0,1191.5,1536.5,2048.0,2385.5,2610.5,2766.0,2851.5,3056.0,2396.0,1518.0,735.0,1043.5,1485.0,1773.0,1903.0,2081.0,2260.5,2312.5,2119.5,1360.0,1162.5,1296.5,1546.5,1810.0,1881.0,2038.5,2083.5,2195.0,6176.5,5575.5,1863.5,2549.0,3336.0,3796.0,3988.0,4238.5,4533.5,4509.0,6072.5,5545.0,1690.0,2355.5,3105.0,3624.0,3694.5,4014.0,4055.5,4254.5,0.0,0.0,0.0,0.0,0.0,0.0,0.0,0.0,0.0,0.0,4697.5,3817.5,1147.5,1644.5,1998.5,2609.5,3354.5,3591.5,3698.5,3924.5,4532.0,3561.0,1132.5,1632.5,1998.0,2560.5,3465.0,3778.0,3831.5,4074.5,2941.0,1775.0,510.0,846.0,818.0,1472.5,3006.0,3465.0,3504.5,3717.0,2807.0,1545.5,566.5,814.0,650.5,1278.0,3417.5,4334.5,4362.5,4507.0,3315.0,2519.5,1064.5,1276.0,1637.5,2030.0,2320.0,2519.0,2771.5,2806.0,2192.0,1017.5,383.5,530.5,296.5,815.0,3391.0,4757.0,4663.5,4956.5,2195.5,992.5,414.5,576.5,303.5,809.5,3768.0,5361.0,5455.5,5537.0,2092.5,856.5,276.0,435.5,211.5,656.0,3674.5,5157.0,5186.5,5425.0,2080.0,869.0,356.0,496.0,267.0,710.5,3480.5,4973.0,4877.5,5217.5,1791.0,750.5,269.0,447.5,226.5,708.0,3263.0,4366.5,4534.5,4698.5,2139.0,1131.0,662.0,989.5,722.0,1568.5,3544.0,4178.0,4200.5,4526.0,2418.5,1496.0,437.0,712.5,749.0,1394.5,1835.0,2114.0,2395.0,2520.0,2309.5,1759.5,899.5,955.0,1089.0,1358.0,1475.5,1587.5,1698.0,1813.0,2574.5,1839.0,428.5,579.5,772.5,1005.5,1150.0,1307.5,1409.5,1522.5,2914.0,2054.0,661.5,902.5,1254.5,1555.0,1735.5,1909.5,2081.5,2160.0,2602.5,1907.0,643.0,933.5,1280.5,1611.0,1909.5,2078.0,2343.5,2363.0,3528.0,2617.0,760.5,1039.5,1293.5,1653.0,1928.5,2105.0,2323.0,2296.5,1747.5,922.5,589.0,747.5,806.0,984.5,1130.5,1172.0,1700.5,1252.5,2773.5,1847.5,584.0,877.5,1035.5,1438.0,1907.5,2063.0,2269.0,2260.5,2795.0,1859.0,567.0,875.5,1011.0,1489.0,1972.0,2136.5,2303.5,2341.5,0.0,0.0,0.0,0.0,0.0,0.0,0.0,0.0,0.0,0.0,3392.0,2636.0,1877.0,2018.0,2117.5,2444.5,2872.5,2955.5,3291.5,3135.0,1668.0,1362.0,997.0,1017.5,1081.0,1232.0,1329.0,1383.0,1499.0,1434.0,1035.0,1144.5,10383.0,10133.0,10119.0,10235.5,9934.5,9563.5,9927.0,9224.5,1594.0,1033.5,1532.5,1769.5,2030.0,2368.0,2557.0,2684.5,2824.5,2812.5,3507.5,2612.0,749.0,1040.5,1395.0,1830.0,2181.5,2386.5,2681.0,2689.0,2798.5,1912.0,735.0,1032.0,1248.5,1716.5,2195.5,2386.5,2661.0,2652.0,2906.0,1954.5,671.0,1014.0,1229.5,1752.5,2226.5,2443.5,2655.5,2739.0,3892.5,2894.0,862.5,1274.0,1586.5,2204.0,2676.5,2906.0,3243.5,3255.5,"{""type"":""MultiPoint"",""coordinates"":[]}"
1744,61,2053.0,1890.0,1586.0,1586.0,1694.0,1817.0,1848.0,1923.0,2086.0,2005.0,3639.0,2951.0,1405.0,1642.5,1993.0,2416.5,2660.0,2778.5,2550.5,2984.5,1150.5,857.5,711.5,892.5,1034.0,1149.5,1054.0,1134.5,1137.0,1104.5,3193.0,2102.0,2982.0,2885.0,2722.0,2911.0,2902.0,2851.0,3862.0,2858.0,2406.0,1899.0,730.0,940.0,1130.0,1356.0,1480.0,1595.0,1796.0,1802.0,3967.0,3069.0,1149.0,1331.0,1617.0,1970.0,2137.0,2314.0,2379.0,2622.0,0.0,0.0,0.0,0.0,0.0,0.0,0.0,0.0,0.0,0.0,4982.0,4093.0,1266.0,1557.0,1892.0,2262.0,2435.0,2604.0,2753.0,2883.0,4241.5,3501.0,1186.5,1518.0,1944.0,2254.0,2328.5,2480.5,2574.0,2778.0,4514.5,4197.0,1291.0,1687.0,2256.5,2571.5,2635.5,2819.5,2861.0,3003.5,5464.0,4908.0,1600.0,2063.0,2725.0,3194.0,3322.0,3634.0,3663.0,3972.0,2317.0,1545.0,646.0,886.0,1253.0,1424.0,1499.0,1621.0,1893.0,1936.0,4875.0,4286.0,1477.0,1779.0,2224.0,2639.0,2948.0,3152.0,3117.0,3466.0,5366.0,4982.0,1481.0,1897.0,2442.0,2907.0,3234.0,3558.0,3558.0,3803.0,3482.0,2762.0,1339.0,1813.0,2387.0,2751.0,2857.0,3014.0,2976.0,3267.0,2968.0,2037.0,1502.0,1684.0,1641.0,2029.0,2933.0,3536.0,2831.0,3732.0,5539.0,5056.0,1718.5,2271.0,2835.5,3351.0,3544.5,3774.0,3876.0,4054.5,6183.0,5494.5,4469.0,4619.0,4903.5,5462.0,5477.0,5633.5,5490.5,5719.5,5215.0,4584.0,1579.0,2113.0,2636.0,3136.0,3455.0,3674.0,3716.0,3879.0,3008.5,2406.0,1772.0,1874.0,1927.0,2403.0,2655.0,2817.0,2754.5,2974.0,4793.0,4111.0,1396.0,1922.0,2326.0,2911.0,3377.0,3600.0,3765.0,3839.0,4687.0,4042.0,1343.0,1913.0,2284.0,2873.0,3297.0,3520.0,3706.0,3791.0,2373.0,1719.0,733.0,945.5,1289.0,1490.0,1573.5,1729.0,1892.5,1908.5,2749.0,2054.0,715.0,1012.0,1235.0,1671.0,2060.0,2193.0,2436.0,2433.0,2614.0,1774.0,634.0,942.0,1229.0,1651.0,1859.0,2035.0,2240.0,2208.0,2485.5,1705.0,552.5,878.0,1190.0,1507.5,1687.0,1827.0,2040.0,2042.0,2781.0,1993.0,644.0,978.0,1286.0,1618.0,1797.0,1923.0,2138.0,2153.0,1848.0,1367.0,770.0,895.0,1076.0,1302.0,1371.0,1493.0,1465.0,1617.0,2120.5,1385.5,630.0,893.0,1185.0,1475.5,1616.5,1766.5,1954.5,1931.0,0.0,0.0,0.0,0.0,0.0,0.0,0.0,0.0,0.0,0.0,1294.0,1146.0,6900.0,6943.0,7252.0,7363.0,7281.0,7033.0,7412.0,6974.0,1945.0,1353.0,1343.0,1676.5,2128.0,2486.0,2537.5,2513.0,2748.0,2760.0,2123.0,1484.0,828.0,1003.0,1282.0,1506.0,1575.0,1663.0,1773.0,1851.0,1371.5,1047.5,670.5,826.0,1050.5,1268.0,1290.5,1398.5,1542.0,1555.0,1451.0,1054.0,640.0,785.0,994.0,1243.0,1301.0,1358.0,1444.0,1532.0,2354.0,1746.0,768.0,957.0,1202.0,1395.0,1581.0,1696.0,1768.0,1817.0,"{""type"":""MultiPoint"",""coordinates"":[]}"
1767,5,2164.0,1465.0,673.0,983.0,1254.0,1504.0,1800.0,1934.0,2154.0,2175.0,3183.0,2351.0,799.0,1178.0,1366.0,1936.0,2218.0,2440.0,2550.0,2631.0,3235.0,2408.0,860.0,1150.0,1701.0,1993.0,2172.0,2338.0,2600.0,2632.0,3353.0,2472.0,1088.0,1592.0,1954.0,2644.0,2997.0,2900.0,3154.0,3001.0,2845.0,1980.0,696.0,1077.0,1353.0,1868.0,2242.0,2401.0,2588.0,2617.0,4592.0,3751.0,1202.0,1774.0,1994.0,2806.5,3620.0,3966.5,3992.0,4205.5,1068.0,653.0,492.0,581.0,434.0,761.0,1229.0,1376.0,1342.0,1465.0,3331.5,1899.0,538.5,995.5,641.5,1579.0,3897.0,4551.5,4508.5,4684.5,2790.5,1293.0,281.5,594.5,254.5,990.5,4678.5,5948.0,5902.0,6237.5,2367.0,976.0,326.0,548.0,202.0,824.0,4205.0,6096.0,6008.0,6487.0,2509.0,1076.0,178.0,356.0,150.0,612.0,4224.0,6182.0,6181.0,6502.0,2639.0,1975.0,613.0,934.0,1235.0,1644.0,1967.0,2100.0,2359.0,2345.0,1330.5,554.0,363.0,386.0,242.5,497.0,2459.0,3614.0,3492.0,3898.5,2498.0,1042.0,575.0,700.5,409.5,924.0,4239.5,5793.0,5914.5,6237.5,2202.5,966.0,465.0,664.0,395.5,985.5,3790.5,4891.0,4880.0,5314.5,2168.0,1036.0,477.0,806.0,526.0,1461.0,3050.0,3538.0,3576.0,4000.0,2870.5,1922.0,462.0,692.0,843.0,1300.0,1732.5,1999.0,2128.5,2367.0,3200.0,2294.5,510.0,655.0,945.0,1233.0,1358.5,1545.5,1712.0,1901.0,2607.5,1834.5,504.5,617.5,864.5,1075.0,1200.0,1319.5,1482.5,1552.0,3380.0,2429.0,827.0,1094.0,1449.0,1823.0,1954.0,2109.0,2202.0,2382.0,3739.0,2794.0,833.0,1166.0,1428.0,1886.0,2304.0,2484.0,2707.0,2731.0,3662.0,2727.0,798.0,1122.0,1240.5,1768.0,2498.5,2699.5,2899.0,2927.0,2361.0,1723.0,606.0,853.0,1053.0,1473.0,1843.0,1998.0,2294.0,2209.0,2859.0,1909.0,712.0,982.0,913.0,1552.0,2614.0,2865.0,2954.0,3011.0,2526.5,1493.5,638.0,960.0,827.0,1543.5,2754.0,2978.5,3486.0,3011.0,2241.0,1363.0,497.0,769.5,773.0,1412.5,2428.5,2683.0,2953.0,2937.5,2733.0,1660.0,593.0,849.0,856.0,1706.0,2930.0,3258.0,3477.0,3576.0,2737.0,2158.0,1953.0,2089.0,2092.5,2491.5,2918.0,3076.5,2886.5,3205.0,2306.5,1368.5,476.5,713.0,645.0,1350.0,2420.0,2679.5,2876.5,2975.0,0.0,0.0,0.0,0.0,0.0,0.0,0.0,0.0,0.0,0.0,141.0,147.0,6180.0,6411.0,6685.0,6922.0,6627.0,6214.0,6401.0,5851.0,1142.0,754.0,1165.0,1623.0,2172.0,2398.0,2301.0,2362.0,2506.0,2355.0,2783.0,2036.0,814.0,1123.0,1573.0,1862.0,2024.0,2165.0,2449.0,2413.0,3629.0,2774.5,1849.5,1955.5,2355.0,2772.0,2785.5,2822.0,3030.5,2967.0,3629.0,2899.0,939.0,1360.0,1601.0,2174.0,2434.0,2551.0,2735.0,2831.0,3191.0,2410.0,769.0,1194.0,1472.0,1972.0,2185.0,2349.0,2583.0,2592.0,"{""type"":""MultiPoint"",""coordinates"":[]}"
1798,5,1273.5,759.5,554.5,771.5,1103.5,1368.0,1494.5,1634.0,1926.5,1882.5,3018.0,2381.0,972.0,1360.0,1654.0,1900.0,2066.0,2218.0,2429.0,2427.0,1130.0,715.0,722.0,941.0,1235.0,1449.0,1504.0,1690.0,1817.0,1816.0,3705.0,3550.0,948.0,1287.0,1688.0,1906.0,1983.0,2156.0,2258.0,2350.0,2323.0,1517.0,672.0,922.0,1214.0,1409.0,1518.0,1641.0,1825.0,1829.0,3205.0,2465.0,1111.0,1211.0,1337.0,1585.0,1838.0,2023.0,2181.0,2235.0,5968.0,5257.0,1745.0,2347.0,2882.0,3346.0,3727.0,3970.0,4063.0,4316.0,3331.0,2525.0,769.0,1137.0,1242.0,1737.0,2092.0,2328.0,2364.0,2540.0,3517.5,2590.0,810.5,1206.5,1238.0,1798.5,2878.5,3216.5,3328.0,3500.5,2447.0,1215.0,484.0,758.0,496.0,1194.0,3089.0,3743.0,3642.5,3931.5,3022.0,1534.0,403.0,661.0,398.0,1037.0,4025.0,5343.0,5318.0,5587.0,2683.0,1922.0,851.0,1129.0,1490.0,1773.0,1928.0,2055.0,2287.0,2307.0,2768.0,1200.0,341.5,543.0,260.5,832.0,4497.5,6151.5,6118.0,6575.5,1847.5,785.5,433.0,519.5,287.0,675.0,3293.0,4723.5,4763.5,4934.5,2278.0,959.0,251.0,394.0,184.0,653.0,3836.0,5618.0,5552.0,6023.0,2480.0,1052.0,487.0,671.0,418.0,919.0,4015.0,5484.0,5339.0,5802.0,2134.0,936.0,220.0,473.5,209.5,819.5,3606.5,4579.0,4657.0,4985.5,2820.0,1831.5,1071.0,1357.0,1157.0,1896.0,3643.0,4200.5,4246.0,4496.5,2608.5,1759.5,393.0,733.5,896.0,1443.5,1996.5,2302.0,2531.5,2619.5,1927.0,1195.5,449.5,555.0,770.0,986.5,1077.0,1251.5,1325.0,1562.5,3426.5,2590.0,773.0,982.0,1428.5,1683.5,1781.5,1942.0,2162.5,2212.0,3097.0,2881.0,817.0,1121.0,1449.0,1601.0,1682.0,1768.0,1912.0,1939.0,2948.5,2529.0,2047.5,2110.0,2218.0,2480.0,2617.5,2700.5,2851.0,2833.5,2978.5,2761.5,803.5,1053.5,1349.0,1524.0,1614.0,1742.5,1807.5,1939.0,3504.0,3304.0,889.0,1207.0,1590.0,1775.0,1898.0,1993.0,2211.0,2174.0,1947.0,1628.0,418.0,627.0,863.0,987.0,1092.0,1177.0,1274.0,1340.0,2391.0,1859.0,491.0,737.0,948.0,1143.0,1294.0,1391.0,1516.0,1582.0,0.0,0.0,0.0,0.0,0.0,0.0,0.0,0.0,0.0,0.0,4214.5,3905.5,1532.5,2571.0,3200.5,3811.0,4019.0,4126.0,3024.5,4129.5,0.0,0.0,0.0,0.0,0.0,0.0,0.0,0.0,0.0,0.0,231.0,257.0,11406.0,10860.0,10612.0,10692.0,10234.0,9701.0,10010.0,9136.0,314.0,208.0,441.0,920.0,1413.0,1639.0,1568.0,1657.0,1791.0,1625.0,1373.5,834.5,655.0,911.5,1170.0,1495.0,1666.0,1801.5,2044.0,1996.5,3382.0,2462.0,1103.0,1504.0,1868.0,2237.0,2368.0,2615.0,2929.0,2791.0,2073.0,1478.0,678.5,941.0,1224.5,1398.5,1527.0,1661.0,1843.5,1846.5,1151.0,736.0,736.0,1022.0,1284.0,1504.0,1580.0,1675.0,1840.0,1846.0,"{""type"":""MultiPoint"",""coordinates"":[]}"
1810,5,2675.5,1684.0,646.5,930.5,992.5,1711.0,2640.0,2909.5,3284.0,3211.0,3769.5,3134.0,1225.0,1708.0,1863.0,2493.5,2972.5,3166.0,3382.5,3365.5,2298.0,1551.0,765.0,1091.0,1098.5,1577.0,2199.5,2358.0,2499.5,2504.0,1984.5,1258.5,653.5,1021.0,775.0,1396.5,2761.0,3053.0,3215.0,3146.5,1838.0,1094.0,688.5,1067.0,707.0,1474.0,3667.5,4292.5,4305.0,4361.0,4390.0,3771.0,1507.0,1997.5,2441.0,3425.0,4554.0,5120.5,4411.0,5490.0,0.0,0.0,0.0,0.0,0.0,0.0,0.0,0.0,0.0,0.0,2722.5,2453.5,505.0,626.5,838.0,1062.0,1215.0,1390.0,1461.5,1544.5,5501.0,5009.5,1868.5,2417.0,2871.0,3462.0,3880.0,4075.0,4044.0,4359.0,5779.5,5047.0,2841.0,3243.5,3579.5,4138.0,4620.0,4892.0,4941.5,5116.5,4804.0,4151.5,4691.0,4416.5,4252.0,4783.0,5142.0,5364.0,5275.0,5440.0,2839.0,1873.5,686.5,953.0,1074.5,1778.5,2699.5,2944.5,3311.5,3265.5,3704.5,2262.5,1527.0,1929.0,1822.5,2517.5,4569.0,5359.0,5273.5,5583.5,2468.5,1326.5,449.5,661.5,426.5,984.5,3446.0,4381.0,4131.5,4575.0,0.0,0.0,0.0,0.0,0.0,0.0,0.0,0.0,0.0,0.0,3210.0,2284.0,1528.5,1582.5,1424.0,2036.0,4348.0,5430.0,5025.0,5642.5,2017.5,897.0,264.5,449.0,252.0,729.5,3380.0,4444.0,4646.5,4772.0,0.0,0.0,0.0,0.0,0.0,0.0,0.0,0.0,0.0,0.0,2874.5,1913.0,485.5,842.0,896.0,1507.5,2150.5,2435.5,2670.5,2835.5,3181.0,2588.5,550.0,688.5,906.5,1072.5,1166.5,1312.0,1379.0,1539.5,3385.5,2700.5,659.5,822.5,1094.0,1277.5,1375.5,1518.0,1674.5,1774.0,3258.5,2506.0,804.0,964.5,1188.0,1402.5,1512.5,1641.5,1750.5,1840.5,0.0,0.0,0.0,0.0,0.0,0.0,0.0,0.0,0.0,0.0,3282.5,2414.0,737.5,922.5,1089.0,1353.5,1612.0,1722.5,1906.0,1924.5,3554.5,2510.5,837.0,1034.0,1114.0,1546.5,2074.0,2161.0,2268.0,2439.5,2022.0,1470.5,408.5,627.5,918.0,1068.5,1220.0,1321.5,1499.5,1489.5,2927.0,2387.5,754.0,1030.0,1386.5,1646.5,1777.5,1965.5,2068.0,2169.5,0.0,0.0,0.0,0.0,0.0,0.0,0.0,0.0,0.0,0.0,2475.0,1824.0,686.5,950.5,1138.0,1505.5,1928.5,2111.5,2289.0,2278.5,0.0,0.0,0.0,0.0,0.0,0.0,0.0,0.0,0.0,0.0,314.5,358.5,10653.0,10333.0,10253.0,10346.5,9969.5,9481.5,9821.0,9001.5,0.0,0.0,0.0,0.0,0.0,0.0,0.0,0.0,0.0,0.0,2634.0,1987.0,782.0,1050.5,1339.5,1612.5,1777.0,1928.0,2152.5,2123.0,2613.0,1960.5,746.5,1000.0,1273.0,1543.0,1674.5,1830.5,2030.0,1999.0,2567.0,1846.0,741.5,992.5,1294.0,1576.5,1709.5,1846.0,2040.5,2041.5,2690.0,1877.5,869.5,1202.5,1342.5,1784.5,2077.0,2232.5,2329.0,2373.0,"{""type"":""MultiPoint"",""coordinates"":[]}"
1813,2,2170.0,1240.0,450.0,729.0,779.0,1694.0,2732.0,3044.0,3459.0,3375.0,3088.0,2409.0,896.0,1263.0,1678.0,2125.0,2268.0,2423.0,2584.0,2621.0,2840.0,2139.0,819.0,1153.0,1523.0,1922.0,2055.0,2243.0,2389.0,2435.0,3133.0,2457.0,926.5,1307.0,1739.5,2146.0,2355.0,2512.0,2652.5,2706.5,2880.0,2144.0,750.0,1134.0,1457.0,1962.0,2278.0,2438.0,2605.0,2662.0,1166.0,1083.0,667.0,668.0,734.0,818.0,790.0,944.0,975.0,954.0,0.0,0.0,0.0,0.0,0.0,0.0,0.0,0.0,0.0,0.0,3278.0,2480.0,940.0,1334.0,1692.0,2208.0,2343.0,2586.0,2605.0,2755.0,5040.5,4342.0,1632.0,2280.0,2663.5,3503.5,4258.0,4547.0,4364.5,4877.5,5068.0,4210.0,1462.0,1972.0,2348.0,3061.0,4589.0,5067.0,5113.0,5415.0,2625.0,1368.0,532.0,891.0,800.0,1528.0,3647.0,4261.0,4212.0,4383.0,2124.5,1252.0,475.0,737.5,842.0,1722.5,2647.5,2907.0,3225.5,3255.0,2659.0,1091.0,482.0,838.0,384.0,1315.0,4512.0,5629.0,5434.0,5793.0,3468.0,1866.0,907.0,1214.0,897.0,2057.0,5922.0,7109.0,6949.0,7511.0,2209.0,840.0,272.0,587.0,258.0,1076.0,4902.0,6198.0,5983.0,6411.0,2635.0,1043.5,455.0,741.5,372.0,1268.0,5263.0,6280.0,6112.0,6576.0,2200.5,938.0,314.0,560.5,304.0,1064.0,3978.5,4831.5,4927.5,5203.0,2194.5,977.5,326.0,517.5,367.0,1173.0,3755.0,4511.5,4677.0,4922.5,2006.0,962.0,293.0,419.0,361.5,1079.5,2886.5,3391.0,3654.0,3829.0,1941.0,954.0,319.0,443.0,454.0,1033.0,2392.0,2798.0,2965.0,3245.0,2390.5,1402.0,522.0,628.0,717.5,1310.5,1971.0,2280.5,2506.0,2736.0,2696.0,1744.0,767.0,904.0,1080.0,1467.0,1751.0,1961.0,2166.0,2411.0,2678.0,1696.0,765.5,1019.0,1118.0,2097.5,3089.5,3395.0,3698.0,3749.0,3280.0,2207.0,714.0,972.0,1220.0,1746.0,2054.0,2314.0,2707.0,2784.0,3433.0,2294.0,581.0,873.0,1356.0,1746.0,2081.0,2366.0,2714.0,2888.0,2543.0,1529.0,440.0,749.0,1010.0,1474.0,2059.0,2319.0,2731.0,2802.0,3083.5,2009.5,541.0,833.5,1116.0,1644.0,2159.0,2475.0,2722.0,2881.5,0.0,0.0,0.0,0.0,0.0,0.0,0.0,0.0,0.0,0.0,2753.5,1714.5,555.5,841.0,834.0,1514.0,2477.0,2766.5,3003.5,3090.0,0.0,0.0,0.0,0.0,0.0,0.0,0.0,0.0,0.0,0.0,66.0,65.0,10286.0,10173.0,10074.0,10215.0,9776.0,8994.0,9135.0,8318.0,785.0,446.0,1887.0,2183.0,2394.0,2917.0,3212.0,3313.0,3569.0,3380.0,2488.5,1630.5,570.5,848.0,1023.5,1553.5,2047.0,2255.5,2593.0,2622.5,3393.5,2363.0,826.0,1130.0,1525.0,1926.0,2147.5,2400.5,2697.0,2784.0,3215.0,2356.0,732.0,984.0,1401.0,1677.0,1839.0,2036.0,2349.0,2432.0,2696.0,1993.0,780.0,1071.0,1592.0,1814.0,1960.0,2104.0,2320.0,2388.0,"{""type"":""MultiPoint"",""coordinates"":[]}"
1820,3,37.0,34.0,207.0,342.5,427.0,594.0,439.0,496.0,476.5,367.0,2820.5,1945.5,907.0,1239.0,1333.5,1793.0,2077.5,2244.5,2383.0,2452.0,1800.0,1051.5,655.5,846.0,1007.0,1300.5,1541.5,1653.0,1830.0,1882.5,2167.0,1686.5,695.5,883.0,1050.5,1343.5,1478.0,1631.0,1745.0,1820.5,1629.5,976.5,511.5,711.0,870.5,1118.5,1265.5,1361.5,1526.0,1579.5,3891.5,2663.5,2691.5,2662.0,2565.5,2732.0,2794.0,2803.5,3619.0,2856.5,1390.0,824.0,682.0,754.5,828.0,1007.5,990.0,1037.5,1042.0,1152.5,2174.0,1630.0,875.0,1069.5,1215.5,1452.5,1541.5,1641.5,1647.0,1755.0,2672.0,1996.5,583.5,703.5,698.0,1030.5,1353.5,1582.0,1669.5,1907.0,1224.5,686.0,635.0,820.0,640.0,1146.0,2076.5,2371.5,2371.5,2475.5,1484.5,787.5,374.0,557.0,324.0,834.5,2566.0,3350.0,3269.0,3383.5,55.0,45.0,320.5,421.5,519.5,687.0,595.0,608.5,644.5,495.0,1889.0,872.0,531.0,734.5,399.0,940.5,3163.5,4324.5,4165.5,4493.5,1617.5,709.0,430.5,578.0,308.0,791.0,2871.5,3957.0,3873.5,4212.0,1616.0,744.0,371.5,528.5,250.0,744.0,2889.5,4125.5,3942.0,4230.0,852.5,461.5,362.0,486.0,244.0,670.5,1854.0,2666.5,2129.5,2846.5,1802.0,879.5,414.0,774.0,417.5,1202.5,3465.5,4506.5,4566.5,4784.0,1770.5,881.0,372.5,802.5,497.0,1411.0,3390.0,4255.5,4323.0,4584.0,1882.0,988.0,511.5,927.5,711.5,1622.5,3085.5,3541.5,3644.0,3874.0,2043.5,1198.0,522.0,944.0,927.5,1738.0,2568.0,2846.5,2883.0,3149.0,2860.0,1849.0,1004.0,1028.5,1203.5,1840.5,2431.5,2733.0,2868.5,3094.0,2929.0,2693.5,753.5,1075.0,1488.5,2019.0,2304.5,2646.0,2676.5,3209.5,1568.5,1483.0,896.0,1004.5,1113.5,1276.5,1245.0,1266.0,1288.0,1279.5,2651.0,1982.0,794.0,1082.5,1523.0,1747.5,1880.0,2015.5,2216.5,2303.0,3096.5,2430.0,994.5,1311.0,1817.0,2078.0,2138.5,2261.5,2425.0,2497.0,60.0,57.0,605.5,860.0,1046.5,1071.0,814.5,818.0,822.0,654.5,155.0,137.5,923.0,1111.5,1168.5,1275.5,1049.0,1102.5,1033.0,947.5,2192.0,1762.0,2412.0,2049.5,2002.0,2083.5,2023.5,2110.0,2272.0,2062.5,81.5,65.0,420.5,517.0,589.5,643.5,431.5,457.5,432.5,352.0,0.0,0.0,0.0,0.0,0.0,0.0,0.0,0.0,0.0,0.0,71.5,88.0,7336.0,7445.0,7530.5,7766.0,7283.5,6616.0,6836.5,6184.5,83.5,86.0,5037.5,5073.0,4877.5,5175.0,4468.5,3804.5,3567.0,3036.5,550.5,327.5,420.0,541.5,658.0,873.5,959.0,1039.5,1216.5,1211.0,979.0,557.0,493.0,711.5,824.0,1102.5,1274.5,1368.5,1547.5,1546.5,1460.5,836.0,535.5,782.5,882.5,1226.0,1376.5,1498.0,1622.0,1658.5,1453.0,797.0,560.0,809.5,879.5,1265.5,1501.0,1599.0,1760.5,1766.5,"{""type"":""MultiPoint"",""coordinates"":[]}"
1826,5,1241.5,896.5,409.5,541.5,661.0,825.0,906.5,1002.5,1084.0,1101.0,3287.5,2846.0,959.5,1227.0,1494.5,1745.5,1882.5,2010.0,2140.0,2188.0,1916.5,1309.5,626.5,779.5,937.0,1173.5,1264.5,1381.5,1460.5,1527.5,1999.0,1396.5,872.5,1022.0,1225.5,1465.0,1512.5,1665.0,1811.5,1827.5,3637.0,3169.0,1074.0,1364.5,1674.5,1936.0,2023.5,2145.0,2196.0,2359.0,2838.5,2421.5,857.0,1039.0,1302.5,1511.0,1553.5,1673.0,1784.0,1836.5,0.0,0.0,0.0,0.0,0.0,0.0,0.0,0.0,0.0,0.0,3396.5,2994.5,935.0,1190.5,1397.0,1718.5,1970.5,2119.0,2258.0,2312.5,0.0,0.0,0.0,0.0,0.0,0.0,0.0,0.0,0.0,0.0,2353.5,1580.5,693.5,883.0,796.5,1238.0,2014.5,2265.0,2281.0,2382.5,2557.5,1379.0,448.5,741.5,471.5,1129.5,3479.5,4252.0,4220.0,4344.0,2320.5,1893.5,580.5,730.5,935.0,1074.5,1189.0,1290.0,1452.0,1474.5,2533.5,1137.0,389.0,576.0,290.0,843.5,4160.0,5862.5,5567.5,6016.0,2343.0,1027.5,364.5,540.5,271.5,791.0,4193.0,5873.5,5895.5,6057.0,0.0,0.0,0.0,0.0,0.0,0.0,0.0,0.0,0.0,0.0,1473.5,614.5,314.0,402.5,230.5,548.5,2765.5,3911.0,3752.0,4089.5,2003.0,884.0,271.0,519.5,257.0,844.5,3660.5,4797.5,4999.5,5052.5,0.0,0.0,0.0,0.0,0.0,0.0,0.0,0.0,0.0,0.0,2224.0,1245.5,549.5,906.0,808.0,1636.5,2397.0,2598.0,2797.5,2966.5,4022.5,3797.0,3893.0,3658.5,3521.0,3992.5,3843.5,3826.0,4105.5,3894.0,2711.0,2048.0,559.0,704.5,988.0,1144.5,1243.0,1385.0,1563.0,1611.0,4337.0,3255.0,1102.0,1367.0,1903.0,2219.0,2332.5,2549.0,2775.5,2850.0,0.0,0.0,0.0,0.0,0.0,0.0,0.0,0.0,0.0,0.0,3635.5,2715.5,1078.0,1332.0,1729.5,1990.0,2107.5,2237.5,2420.5,2429.5,4954.0,4049.0,5140.0,4682.0,4577.0,4715.0,4546.0,4382.0,4829.0,4299.0,1490.5,949.0,329.0,468.0,677.5,780.0,836.5,878.0,1035.0,1084.0,1810.5,1249.0,424.0,595.0,821.5,958.0,1026.5,1097.0,1234.5,1268.5,0.0,0.0,0.0,0.0,0.0,0.0,0.0,0.0,0.0,0.0,1955.5,1493.5,554.5,658.5,847.0,959.0,1021.5,1125.0,1275.5,1263.0,0.0,0.0,0.0,0.0,0.0,0.0,0.0,0.0,0.0,0.0,1010.5,1124.0,10205.5,10029.5,10129.0,10311.0,10000.5,9674.5,10047.0,9328.5,0.0,0.0,0.0,0.0,0.0,0.0,0.0,0.0,0.0,0.0,2207.0,1628.5,579.0,759.0,938.0,1142.0,1270.0,1407.5,1544.0,1577.5,2356.0,1654.5,647.5,853.5,1028.0,1253.5,1407.0,1513.0,1700.5,1729.5,1893.0,1331.0,582.5,777.5,970.0,1221.0,1332.5,1458.0,1615.5,1631.0,1894.0,1485.0,776.0,831.5,926.0,1081.0,1166.0,1229.0,1415.0,1340.5,"{""type"":""MultiPoint"",""coordinates"":[]}"
1840,3,3114.0,2758.0,2372.5,2462.5,2650.5,2902.0,3012.0,3095.0,3442.5,3278.0,3772.5,2796.5,1104.5,1488.5,1844.0,2287.5,2498.0,2706.0,2959.5,2987.5,2013.5,1252.5,702.0,1019.5,1287.0,1691.0,1876.5,2061.5,2237.5,2291.0,3021.0,2316.0,1643.5,1902.0,2213.0,2681.0,2870.5,3028.0,2981.0,3186.5,5870.5,5243.0,1792.0,2461.5,2979.5,3501.5,3802.0,4026.5,4320.5,4281.0,6805.0,5733.0,2175.0,2876.0,3362.5,4090.5,4441.5,4759.5,5008.0,5076.5,0.0,0.0,0.0,0.0,0.0,0.0,0.0,0.0,0.0,0.0,5708.5,4953.5,1431.5,2066.5,2217.5,3044.5,3601.5,3927.5,4135.5,4240.0,4543.0,3478.0,1156.5,1651.0,1895.0,2509.0,2967.5,3206.0,3363.5,3538.5,4824.5,3907.5,1183.0,1676.5,2000.5,2543.0,3146.0,3480.0,3713.5,3845.0,2084.0,1088.5,1264.0,1406.0,1014.0,1459.5,2742.5,3405.0,3010.0,3435.5,2318.5,1994.5,719.0,864.5,1099.0,1420.5,1692.5,1896.5,1812.5,2107.5,1450.5,717.5,414.5,571.0,343.5,799.0,2376.0,3213.0,3065.0,3247.0,1599.0,763.0,447.0,600.0,358.5,743.0,2607.5,3795.0,3701.0,3944.5,2926.5,2007.5,1732.5,1880.0,1686.5,2054.5,3669.5,4635.5,4647.0,4789.0,1554.0,727.5,381.5,561.5,336.0,812.0,2658.5,4026.5,3770.5,4260.0,1711.5,839.0,358.0,645.5,378.0,1020.0,3125.0,4277.5,4216.0,4528.5,1758.0,868.5,416.5,698.5,471.5,1194.5,3149.0,4026.0,3969.5,4364.5,1783.5,945.5,418.0,710.5,567.0,1367.0,2885.0,3431.5,3610.5,3816.0,2438.5,1731.5,1380.5,1526.0,1502.5,2154.0,2810.0,3020.0,3137.0,3248.5,2422.5,1538.0,556.5,927.0,999.5,1743.0,2545.5,2796.5,3120.0,3144.0,2474.0,1639.5,622.5,936.0,1283.0,1904.0,2394.0,2657.5,2856.5,3025.0,2453.0,1885.0,723.0,1014.0,1333.5,1703.0,1958.5,2115.0,2397.5,2358.5,3672.5,2565.5,905.5,1288.5,1793.0,2238.0,2455.5,2623.5,2930.5,2987.5,2306.0,1502.5,946.5,1300.0,1949.5,2342.0,2452.0,2636.5,2913.5,2914.5,2258.0,1452.0,772.5,1159.5,1732.5,2064.5,2153.0,2324.0,2583.5,2612.0,2542.0,1694.5,830.5,1225.0,1780.0,2058.5,2203.5,2348.5,2549.5,2568.0,3011.0,2340.5,1234.0,1544.5,2028.5,2330.5,2424.0,2547.0,2562.0,2768.5,2520.5,2139.5,1655.0,1785.5,2114.0,2280.5,2362.5,2435.0,2678.5,2628.5,3782.5,3448.5,3594.5,3587.0,3624.0,3686.0,3718.0,3679.0,4034.5,3805.5,960.0,1057.0,10415.5,10124.5,10112.5,10277.5,9912.5,9548.0,9892.0,9189.0,1409.0,893.0,523.0,772.5,1020.5,1366.0,1529.5,1706.5,1900.0,1917.0,3334.5,2454.5,808.0,1174.0,1474.5,1971.5,2210.0,2420.0,2697.5,2658.0,2085.5,1376.0,687.5,995.5,1169.5,1640.0,2040.5,2229.0,2459.0,2415.0,2794.5,1824.0,691.5,1070.0,1270.0,1791.5,2242.5,2456.5,2709.5,2699.5,4224.0,3348.0,1122.5,1584.0,1946.5,2562.0,3013.5,3193.5,3498.0,3448.5,"{""type"":""MultiPoint"",""coordinates"":[]}"
1854,176,0.0,0.0,0.0,0.0,0.0,0.0,0.0,0.0,0.0,0.0,3116.5,1849.0,621.5,1027.5,926.0,1733.0,3297.5,3782.5,4086.5,4159.5,2992.0,1781.0,622.0,1024.0,897.0,1739.0,3328.0,3799.0,4098.0,4165.0,2839.0,1588.0,486.0,933.0,690.0,1547.0,3396.0,3875.0,4032.0,4204.0,0.0,0.0,0.0,0.0,0.0,0.0,0.0,0.0,0.0,0.0,1373.0,649.0,589.0,700.0,475.0,872.0,2005.0,2284.0,2163.0,2514.0,3098.0,1706.0,641.5,1019.5,777.5,1596.0,3409.0,4010.0,4032.0,4403.5,3233.0,1803.0,596.0,895.0,780.0,1455.0,3127.0,3674.0,3755.0,3964.0,3494.0,1999.5,716.5,1061.5,845.5,1651.0,3627.5,4338.5,4492.5,4806.0,2488.0,1411.5,569.0,838.0,610.0,1243.0,2930.5,3443.5,3451.5,3814.0,3281.0,1813.0,1062.0,1249.0,997.0,1654.0,3443.0,4138.0,4237.0,4500.0,1080.0,625.0,490.0,627.0,743.0,939.0,1191.0,1315.0,1422.0,1565.0,3378.5,1831.5,888.5,1131.0,887.0,1585.5,3562.0,4306.5,4401.5,4709.0,3338.0,1850.0,715.0,1013.0,777.0,1438.0,3301.0,3961.0,3947.0,4454.0,3338.0,1909.0,635.0,916.0,740.0,1438.0,3301.0,3961.0,3947.0,4454.0,2971.0,1659.0,415.0,737.0,616.0,1216.0,2929.0,3473.0,3511.0,3795.0,3437.0,2221.0,556.0,837.0,891.0,1417.0,2591.0,2975.0,3267.0,3378.0,4205.0,2599.0,844.0,1113.0,1214.0,1784.0,2854.0,3387.0,3531.0,3881.0,4169.0,2759.5,776.0,1052.5,1234.0,1780.0,2660.0,3108.0,3305.5,3573.0,3180.0,1971.0,562.0,838.0,758.0,1339.0,2749.0,3209.0,3242.0,3498.0,2886.0,1674.0,461.5,768.0,614.0,1251.0,2992.5,3469.5,3572.0,3720.5,2592.0,1377.0,361.0,698.0,470.0,1163.0,3236.0,3730.0,3902.0,3943.0,0.0,0.0,0.0,0.0,0.0,0.0,0.0,0.0,0.0,0.0,2331.0,1180.0,287.0,630.0,339.0,1107.0,3469.0,4133.0,4422.0,4405.0,2250.0,1116.5,225.5,610.0,321.0,1107.0,3652.0,4308.5,4572.0,4540.0,2567.0,1330.0,343.0,709.0,426.0,1286.0,3832.0,4558.0,4798.0,4909.0,2719.5,1588.0,576.5,942.5,735.0,1551.5,3756.0,4343.5,4520.0,4643.0,2308.0,1200.0,238.0,650.0,421.0,1198.0,3690.0,4297.0,4625.0,4600.0,2266.0,1186.0,253.0,667.0,423.0,1221.0,3489.0,4045.0,4363.0,4350.0,0.0,0.0,0.0,0.0,0.0,0.0,0.0,0.0,0.0,0.0,721.0,639.0,7491.0,7518.0,7864.0,8471.0,8200.0,7832.0,7894.0,7575.0,2307.0,1649.5,4208.5,4390.0,4808.0,5334.0,5460.0,5386.0,5614.5,5497.5,3893.0,2660.0,926.0,1262.0,1752.0,2197.0,2720.0,2940.0,3335.0,3420.0,0.0,0.0,0.0,0.0,0.0,0.0,0.0,0.0,0.0,0.0,3385.0,2018.0,691.0,1092.0,1166.0,1862.0,3148.0,3490.0,3620.0,3844.0,3241.0,1917.0,621.0,1031.0,955.0,1727.0,3267.0,3766.0,4075.0,4154.0,"{""type"":""MultiPoint"",""coordinates"":[]}"
1861,2,2757.0,1727.0,580.0,890.0,972.0,1591.0,2389.0,2600.0,3008.0,2954.0,4102.0,3133.0,877.0,1173.0,1531.0,1878.0,2132.0,2316.0,2628.0,2716.0,3929.0,2907.0,886.0,1124.0,1459.0,1816.0,2085.0,2298.0,2569.0,2692.0,4144.0,3140.0,1071.0,1332.0,1643.0,2040.0,2316.0,2541.0,2877.0,2892.0,4743.0,3784.0,1002.0,1290.0,1755.0,2147.0,2358.0,2585.0,2826.0,3040.0,5404.0,4631.0,1241.0,1553.0,1987.0,2409.0,2591.0,2891.0,3059.0,3320.0,0.0,0.0,0.0,0.0,0.0,0.0,0.0,0.0,0.0,0.0,4284.0,3224.0,833.0,1209.0,1310.0,2043.0,2668.0,2916.0,3103.0,3305.0,2724.5,1954.5,1464.0,1441.5,1256.5,1737.0,2724.0,3041.5,2992.5,3173.5,3102.0,1881.5,561.0,978.0,724.0,1563.5,3769.0,4216.5,4253.5,4484.5,2759.0,1334.0,489.0,787.0,460.0,1256.0,4270.0,5128.0,5069.0,5255.0,2975.0,1979.0,655.0,949.0,1070.0,1730.0,2443.0,2690.0,3063.0,3041.0,2737.0,1134.0,498.5,816.0,419.5,1250.5,5396.5,6741.5,6672.0,6968.5,3277.0,2171.5,2916.5,2690.5,2205.0,2834.0,5106.0,5818.5,6035.0,5967.0,2503.0,1008.0,485.0,826.0,398.0,1350.0,4941.0,6031.0,5855.0,6262.0,2860.0,1383.5,622.0,980.5,638.0,1623.0,5269.0,6257.5,6101.5,6488.5,2477.5,1180.5,392.0,689.0,442.5,1366.5,4236.5,4849.0,5037.5,5173.0,0.0,0.0,0.0,0.0,0.0,0.0,0.0,0.0,0.0,0.0,2672.0,1569.0,466.0,670.0,666.0,1557.5,3072.5,3454.0,3719.0,3813.5,3009.0,2113.0,785.0,941.0,1139.0,1535.0,1827.0,2038.0,2189.0,2409.0,3134.0,2210.0,824.5,988.5,1229.0,1583.5,1838.0,2044.5,2302.5,2449.5,3236.5,2196.5,726.5,943.0,1138.0,1581.5,2003.5,2225.0,2446.0,2673.5,0.0,0.0,0.0,0.0,0.0,0.0,0.0,0.0,0.0,0.0,3316.0,2190.0,618.0,941.0,1291.0,1819.0,2349.0,2564.0,2937.0,3061.0,0.0,0.0,0.0,0.0,0.0,0.0,0.0,0.0,0.0,0.0,2645.0,1634.0,381.0,716.0,988.0,1576.0,2257.0,2532.0,2896.0,2928.0,2791.0,1733.5,547.0,825.0,1021.5,1647.0,2429.5,2685.5,2933.5,3111.0,0.0,0.0,0.0,0.0,0.0,0.0,0.0,0.0,0.0,0.0,2722.0,1714.0,474.0,762.0,806.0,1451.0,2408.0,2632.0,2974.0,3000.0,0.0,0.0,0.0,0.0,0.0,0.0,0.0,0.0,0.0,0.0,637.0,688.0,10660.0,10378.0,10168.0,10314.0,9926.0,9454.0,9866.0,9002.0,0.0,0.0,0.0,0.0,0.0,0.0,0.0,0.0,0.0,0.0,2963.0,2008.0,553.0,869.0,998.0,1633.0,2367.0,2624.0,2983.0,2962.0,3067.5,2011.5,691.0,1063.0,1194.0,1893.0,2483.5,2700.5,3040.0,3075.5,3079.0,2036.0,624.0,971.0,1291.0,1821.0,2188.0,2391.0,2704.0,2777.0,2984.0,1897.0,917.0,1141.0,1527.0,1920.0,2153.0,2337.0,2679.0,2792.0,"{""type"":""MultiPoint"",""coordinates"":[]}"
1863,3,538.0,354.0,508.0,664.0,959.0,1086.0,1152.0,1232.0,1395.0,1360.0,3569.5,2978.0,811.5,1120.5,1485.5,1796.0,1922.0,2102.5,2165.0,2312.0,1090.0,671.0,535.0,621.0,838.0,949.0,993.0,1104.0,1206.0,1233.0,3249.0,2902.0,820.0,1051.0,1430.5,1671.5,1775.0,1942.0,2077.0,2171.5,1869.0,1306.0,462.0,625.0,864.0,1031.0,1134.0,1246.0,1378.0,1450.0,3767.5,3295.0,1023.0,1306.0,1698.5,1984.0,2140.5,2331.0,2460.5,2583.0,0.0,0.0,0.0,0.0,0.0,0.0,0.0,0.0,0.0,0.0,1863.0,1075.5,625.5,914.5,684.5,1314.0,2717.0,3210.5,3076.0,3221.5,1589.0,788.0,253.5,446.5,188.5,653.0,2621.0,3639.5,3572.5,3629.0,1633.0,787.0,348.0,508.0,248.0,691.0,2857.0,4487.0,4422.0,4608.0,2574.5,1816.5,1437.5,1532.5,1343.5,1777.0,3581.5,5181.0,5106.5,5386.5,1160.0,696.0,483.0,635.0,898.0,1036.0,1098.0,1220.0,1367.0,1404.0,1349.5,576.5,325.0,421.0,216.5,584.0,2634.5,4759.0,4674.5,5036.0,1443.0,677.0,545.0,759.0,412.0,1059.0,3067.0,4611.0,4695.0,4921.0,1588.0,770.0,396.0,726.0,369.0,1154.0,3307.0,4741.0,4731.0,5071.0,1715.0,862.0,625.0,872.0,559.0,1347.0,3397.0,4405.0,4385.0,4749.0,2085.5,1155.5,504.5,943.5,757.5,1683.0,2923.5,3430.0,3571.5,3836.5,2535.5,1778.0,674.0,943.0,1363.5,1750.0,2013.5,2301.5,2450.0,2693.0,2901.5,2106.5,822.0,1107.5,1542.5,1819.5,1952.0,2130.0,2249.0,2418.5,2646.0,1819.0,959.0,1115.0,1400.0,1655.0,1810.0,1968.0,1955.0,2246.0,2525.0,1801.0,710.0,910.0,1157.0,1482.0,1674.0,1858.0,1931.0,2059.0,3369.0,2569.0,838.0,1091.0,1371.0,1768.0,1998.0,2144.0,2320.0,2391.0,2529.5,2067.0,2541.5,2514.5,2598.0,2762.0,2701.0,2704.5,2824.5,2768.5,3207.0,2625.0,850.0,1100.0,1475.0,1744.0,1851.0,2041.0,2208.0,2254.0,2971.0,2461.0,863.0,1079.0,1481.0,1677.0,1812.0,1914.0,2131.0,2176.0,1501.0,1069.5,373.5,521.0,792.5,898.0,969.5,1073.0,1246.0,1227.0,1915.0,1448.0,537.0,707.0,999.0,1146.0,1215.0,1311.0,1455.0,1491.0,0.0,0.0,0.0,0.0,0.0,0.0,0.0,0.0,0.0,0.0,589.0,366.0,456.0,560.0,742.0,859.0,897.0,945.0,1075.0,1057.0,0.0,0.0,0.0,0.0,0.0,0.0,0.0,0.0,0.0,0.0,152.0,177.0,10480.0,10398.0,10390.0,10506.0,10080.0,9511.0,9828.0,9066.0,123.0,108.0,2755.0,2921.0,3053.0,3369.0,3078.0,2874.0,2778.0,2566.0,912.0,509.0,460.0,518.0,689.0,881.0,930.0,988.0,1115.0,1155.0,2334.0,1561.0,586.0,811.0,1081.0,1333.0,1455.0,1551.0,1697.0,1731.0,924.0,518.0,494.0,645.0,867.0,1074.0,1162.0,1251.0,1391.0,1392.0,769.0,482.0,551.0,724.0,953.0,1152.0,1187.0,1317.0,1398.0,1441.0,"{""type"":""MultiPoint"",""coordinates"":[]}"
1876,5,2055.0,1244.0,534.0,844.0,887.0,1491.0,2441.0,2656.0,2989.0,2976.0,5070.0,4607.5,1754.5,2431.5,3118.5,3496.0,3647.0,3829.5,4066.5,4090.0,2830.0,2060.0,793.0,1071.0,1533.0,1796.0,1950.0,2134.0,2327.0,2349.0,3517.0,2769.0,1428.0,1707.0,1910.0,2539.0,2838.0,3054.0,2930.0,3296.0,2974.0,2142.0,665.0,1100.0,1267.0,1804.0,2398.0,2546.0,2750.0,2766.0,4660.0,3747.0,1244.0,1809.0,2053.0,2774.0,4340.0,4793.0,5096.0,5039.0,0.0,0.0,0.0,0.0,0.0,0.0,0.0,0.0,0.0,0.0,3026.5,1967.5,1154.0,1392.0,1240.0,1848.5,3480.5,4104.5,4130.5,4262.5,2417.0,1203.0,203.0,461.0,231.0,819.0,3880.0,4851.0,5074.0,5059.0,2581.0,1207.0,374.0,559.0,297.0,809.0,4499.0,5873.0,5923.0,6124.0,2351.0,1058.0,307.0,476.0,277.0,737.0,3981.0,5683.0,5776.0,5969.0,2280.0,1573.0,520.0,817.0,901.0,1485.0,2207.0,2430.0,2697.0,2724.0,2565.0,1095.0,743.0,697.0,306.0,874.0,4431.0,6003.0,5751.0,6354.0,2686.5,1323.5,842.0,1001.5,662.5,1329.5,4221.0,5508.5,5478.0,5872.5,2249.0,1042.0,408.0,746.0,355.0,1210.0,3854.0,4867.0,4820.0,5159.0,2312.0,1231.0,483.0,856.0,583.0,1491.0,2748.0,3093.0,3145.0,3446.0,2625.0,1741.0,405.0,715.0,674.0,1371.0,1920.0,2157.0,2220.0,2492.0,3085.0,2262.0,726.0,780.0,964.0,1197.0,1417.0,1591.0,1775.0,1945.0,4327.5,3974.5,1314.0,1816.0,2335.5,2804.0,2982.0,3172.5,3324.0,3402.5,2467.5,2245.5,1141.0,1324.0,1592.0,1817.0,1915.5,2020.0,2029.0,2141.0,4520.0,4238.0,1277.0,1807.0,2463.0,2799.0,2855.0,3050.0,3112.0,3230.0,4658.0,4363.0,1337.0,1864.0,2580.0,2949.0,3041.0,3188.0,3323.0,3421.0,2508.5,1793.0,1313.0,1442.5,1454.0,1931.5,2393.0,2567.5,2998.0,2856.0,3170.5,2843.0,1170.0,1614.5,2063.5,2419.0,2656.5,2817.5,2905.0,2967.5,4156.0,3713.0,1314.0,1852.0,2223.0,2737.0,3230.0,3406.0,3606.0,3607.0,2573.5,1845.0,630.0,1033.5,1180.5,1674.0,2556.0,2727.0,3062.0,2943.5,2915.0,2060.0,778.0,1195.0,1175.0,1954.0,3331.0,3455.0,3342.0,3655.0,0.0,0.0,0.0,0.0,0.0,0.0,0.0,0.0,0.0,0.0,1634.0,1225.5,507.5,738.0,491.0,1109.0,2725.5,3115.5,3134.5,3288.5,0.0,0.0,0.0,0.0,0.0,0.0,0.0,0.0,0.0,0.0,105.0,104.0,9240.0,9331.0,9472.0,9637.0,9327.0,8680.0,8991.0,8186.0,351.0,227.0,1549.0,1838.0,2188.0,2565.0,2685.0,2536.0,2873.0,2721.0,2856.5,2007.0,726.0,1039.5,1394.5,1738.0,2002.0,2177.5,2468.0,2501.0,4661.0,4252.0,1534.0,2090.0,2785.0,3018.0,3157.0,3336.0,3730.0,3606.0,2912.0,2227.0,793.0,1116.0,1615.0,1853.0,1968.0,2155.0,2380.0,2341.0,2949.0,2179.0,885.0,1256.0,1779.0,2053.0,2170.0,2350.0,2515.0,2555.0,"{""type"":""MultiPoint"",""coordinates"":[]}"
1895,3,407.0,242.0,476.0,666.0,844.0,1070.0,1076.0,1209.0,1336.0,1299.0,3835.5,3438.0,1150.0,1553.0,1892.5,2297.5,2379.0,2490.5,2533.5,2657.0,1568.0,1019.0,586.0,786.5,932.5,1136.5,1183.5,1264.5,1341.0,1356.0,2405.0,1693.0,1283.0,1570.0,1735.0,2051.0,2029.0,2136.0,2146.0,2305.0,2762.0,2146.0,812.0,1158.0,1447.0,1690.0,1813.0,1896.0,2042.0,2068.0,0.0,0.0,0.0,0.0,0.0,0.0,0.0,0.0,0.0,0.0,2509.0,1610.0,771.0,1107.0,1234.0,1662.0,1913.0,2084.0,2127.0,2214.0,5272.0,4624.5,1591.0,2123.5,2248.0,2898.5,3454.5,3770.5,3965.0,4134.0,1447.0,1020.0,1125.0,1492.0,1240.0,2048.0,2922.0,3305.0,3026.0,3152.0,1496.0,768.0,645.0,815.0,486.5,1022.0,2942.0,3849.5,3684.0,3877.5,1690.0,778.0,288.0,522.0,246.0,862.0,3211.0,4409.0,4500.0,4628.0,2035.0,1484.0,818.0,1038.0,1288.0,1480.0,1538.0,1662.0,1851.0,1822.0,1507.0,668.0,352.0,591.0,315.0,801.0,2900.0,4165.0,4079.0,4412.0,1338.0,604.0,388.0,565.0,313.0,771.0,2704.0,3934.0,4037.0,4158.0,1286.0,563.0,384.0,561.0,317.0,807.0,2558.0,3587.0,3580.0,3905.0,1441.5,673.5,439.0,701.0,411.5,1074.0,2791.5,3462.0,3462.0,3791.0,1497.0,781.0,398.0,751.0,565.0,1285.0,2490.0,3032.0,3100.0,3309.0,1935.0,1068.5,566.5,880.0,883.5,1580.0,2417.0,2797.5,2884.5,3192.0,2757.5,1834.5,620.5,940.5,1124.5,1671.0,2061.0,2261.5,2427.5,2571.5,1335.0,882.0,551.0,748.0,938.0,1246.0,1385.0,1463.0,1644.0,1678.0,1889.0,1272.0,629.0,845.5,1079.0,1333.5,1531.0,1670.0,1912.5,1840.0,2592.0,1787.0,717.5,990.5,1300.0,1617.0,1812.5,1989.0,2214.5,2314.0,2655.0,2069.0,865.0,1142.0,1453.0,1693.0,1709.0,1830.0,2034.0,2040.0,2567.5,1717.5,709.0,952.5,1247.0,1561.5,1766.5,1948.0,2148.0,2180.0,4701.5,4427.5,3638.0,3750.0,3966.0,4308.5,4362.5,4437.0,4420.0,4580.5,1720.5,1105.5,573.5,841.0,1222.0,1457.5,1588.0,1732.5,2064.5,2010.5,2067.0,1343.5,672.5,951.5,1378.5,1584.5,1704.0,1929.5,2157.5,2184.5,0.0,0.0,0.0,0.0,0.0,0.0,0.0,0.0,0.0,0.0,2060.0,1384.0,723.0,912.0,1271.0,1469.0,1552.0,1699.0,1999.0,1939.0,0.0,0.0,0.0,0.0,0.0,0.0,0.0,0.0,0.0,0.0,1065.0,1151.0,10986.0,10674.0,10546.0,10645.0,10278.0,9857.0,10318.0,9540.0,1254.5,1128.5,1886.0,2043.0,2179.0,2388.5,2284.0,2275.0,2271.5,2218.5,1445.0,927.0,852.0,1101.5,1332.0,1644.0,1694.5,1798.5,2031.5,1787.0,2060.5,1598.0,1407.5,1523.0,1588.5,1844.0,1916.5,1973.5,2198.5,2063.5,610.0,384.0,551.0,836.0,991.0,1324.0,1372.0,1458.0,1514.0,1518.0,2080.0,1400.0,760.0,1102.0,1324.0,1621.0,1729.0,1796.0,1951.0,1964.0,"{""type"":""MultiPoint"",""coordinates"":[]}"
1896,5,2325.5,1555.5,564.0,733.5,933.5,1172.0,1379.0,1545.5,1761.5,1743.0,3496.0,2791.0,871.5,1208.5,1432.0,1958.5,2303.0,2494.0,2681.5,2727.0,2633.0,1755.0,700.0,952.0,1215.0,1583.5,1768.5,1958.5,2105.0,2173.0,2132.5,1392.5,826.0,996.5,1232.5,1518.0,1687.0,1852.5,2064.0,2098.5,4395.0,3732.5,1115.0,1462.5,1807.0,2209.5,2476.0,2668.5,2694.5,2935.0,4067.5,3357.0,963.0,1292.0,1503.0,1968.5,2376.5,2642.0,2754.5,2897.0,3058.5,2234.0,723.0,966.0,994.0,1457.0,2052.5,2327.0,2431.5,2547.5,3481.5,2621.0,634.5,960.5,906.0,1450.5,2579.5,2932.0,3102.0,3172.5,0.0,0.0,0.0,0.0,0.0,0.0,0.0,0.0,0.0,0.0,2390.5,1351.5,589.0,798.5,597.0,1117.5,2701.0,3350.5,3386.0,3552.0,3297.0,2268.5,1489.5,1704.0,1568.0,2158.5,4236.0,5148.0,5054.0,5386.0,3356.5,2817.0,752.0,962.5,1229.5,1505.0,1733.0,1871.0,2098.0,2103.0,2401.0,1215.0,507.5,653.0,438.0,916.5,3404.5,4598.0,4506.0,4933.5,1920.0,875.0,349.5,503.0,285.5,750.0,3096.5,4097.5,4247.5,4376.5,0.0,0.0,0.0,0.0,0.0,0.0,0.0,0.0,0.0,0.0,1707.5,829.0,591.0,648.5,439.0,865.0,2403.0,3021.0,3177.5,3340.5,2207.0,1194.0,327.0,612.5,449.0,1104.5,2504.0,2960.5,3233.5,3364.0,0.0,0.0,0.0,0.0,0.0,0.0,0.0,0.0,0.0,0.0,3088.5,2224.5,1286.0,1392.5,1423.0,1908.0,2437.5,2678.5,2776.5,2914.0,2344.0,1937.0,1340.0,1578.5,1617.5,1912.5,1953.5,1978.5,1863.0,2139.0,3121.5,2211.5,464.0,669.5,866.0,1149.5,1493.5,1673.5,1916.5,1960.0,1572.0,983.0,461.5,512.5,633.5,752.0,864.5,943.0,1099.5,1059.0,0.0,0.0,0.0,0.0,0.0,0.0,0.0,0.0,0.0,0.0,3485.0,2522.5,675.0,913.0,1163.0,1456.0,1739.5,1915.0,2140.0,2179.0,0.0,0.0,0.0,0.0,0.0,0.0,0.0,0.0,0.0,0.0,2048.5,1188.0,365.0,582.0,747.0,1090.0,1523.5,1687.5,1903.5,1909.5,1896.0,1110.5,351.5,575.0,692.5,1112.0,1656.0,1834.5,2046.5,2080.5,0.0,0.0,0.0,0.0,0.0,0.0,0.0,0.0,0.0,0.0,2233.5,1391.5,463.5,682.0,704.0,1135.0,1830.0,2067.5,2313.0,2272.0,0.0,0.0,0.0,0.0,0.0,0.0,0.0,0.0,0.0,0.0,962.0,1077.0,10241.0,10039.0,10153.0,10340.5,10052.0,9657.0,10061.0,9360.0,0.0,0.0,0.0,0.0,0.0,0.0,0.0,0.0,0.0,0.0,3147.0,2523.5,701.5,907.0,1176.0,1478.5,1752.0,1924.5,2158.5,2175.5,2840.5,2047.5,664.0,905.5,1066.5,1421.5,1797.5,1988.5,2214.5,2210.0,2742.0,1757.5,587.0,868.0,969.0,1446.0,2044.0,2269.5,2481.0,2514.5,3128.0,2514.0,770.5,1040.5,1177.5,1694.5,2132.0,2314.5,2404.5,2588.0,"{""type"":""MultiPoint"",""coordinates"":[]}"
1900,5,2249.0,1464.0,758.0,953.0,1278.5,1505.5,1631.5,1747.5,2005.5,1987.5,4419.0,3577.0,1228.0,1572.0,1889.0,2267.0,2465.0,2580.0,2747.0,2823.0,2541.0,1850.5,794.0,1074.5,1421.5,1632.5,1702.5,1825.0,1955.5,1980.5,2780.0,2074.0,999.0,1326.0,1722.0,1980.0,2012.0,2148.0,2342.0,2307.0,4955.0,4630.0,1766.0,2326.0,2878.0,3229.0,3379.0,3486.0,3717.0,3678.0,2479.0,2048.0,965.5,1183.0,1345.5,1568.5,1800.5,1937.0,2046.0,1994.0,0.0,0.0,0.0,0.0,0.0,0.0,0.0,0.0,0.0,0.0,4098.0,3043.0,1157.0,1529.0,1431.0,2181.0,3942.0,4597.0,4537.0,4901.0,3486.0,2166.0,530.0,929.0,762.0,1475.0,4174.0,5143.0,5103.0,5287.0,2707.5,1419.5,382.0,637.0,365.0,988.5,4042.0,5299.0,5374.0,5474.0,2658.5,1279.0,599.0,744.0,455.0,980.0,4154.0,5931.5,5902.0,6276.0,3145.0,2315.0,967.5,1190.0,1540.5,1787.0,1909.5,2054.0,2343.0,2264.5,2093.0,956.0,318.0,417.0,229.0,628.0,3305.0,5102.0,4946.0,5350.0,2435.0,1080.0,352.0,509.0,273.0,768.0,4113.0,5965.0,5990.0,6260.0,2240.0,938.0,507.0,598.0,362.0,795.0,4020.0,5712.0,5717.0,6059.0,2124.0,927.0,293.0,452.0,245.0,732.0,3858.0,5203.0,5139.0,5458.0,1987.0,872.0,210.0,454.0,237.0,767.0,3643.0,4963.0,5177.0,5227.0,1295.0,589.0,300.5,488.5,269.0,735.0,2670.0,3319.5,3275.0,3465.5,2192.5,1127.5,441.5,999.5,684.5,1899.5,3527.0,3881.0,4188.0,4207.0,2571.5,1889.0,579.0,755.5,963.5,1280.0,1543.0,1762.0,1724.5,2070.0,2758.0,2055.0,543.0,704.0,1001.0,1252.0,1410.0,1576.0,1758.0,1769.0,3917.0,3048.0,1004.0,1299.0,1798.0,2084.0,2219.0,2414.0,2604.0,2699.0,2874.0,2083.0,924.5,1149.5,1431.5,1672.0,1817.5,1953.5,2185.0,2114.5,3544.5,2798.0,972.5,1232.0,1617.5,1826.0,1956.0,2090.5,2301.0,2302.5,2755.0,1999.0,1018.0,1176.5,1493.5,1691.5,1783.0,1891.5,2101.0,2140.5,2889.0,2124.5,754.5,977.0,1293.5,1474.5,1600.0,1694.5,1904.0,1896.0,2604.0,1850.0,760.0,943.0,1256.0,1434.0,1539.0,1672.0,1886.0,1889.0,2605.0,2240.0,1946.0,1938.0,2017.0,2205.0,2224.0,2366.0,2326.0,2534.0,1974.0,1429.5,939.0,995.5,1148.5,1311.0,1389.5,1500.0,1614.0,1550.5,0.0,0.0,0.0,0.0,0.0,0.0,0.0,0.0,0.0,0.0,999.0,1085.0,10604.0,10306.0,10278.0,10309.0,10067.0,9731.0,10050.0,9332.0,1687.5,1176.0,3311.5,3440.0,3680.5,3956.5,3529.0,3481.5,3964.0,3458.5,3118.0,2408.0,882.0,1140.0,1435.0,1714.0,1881.0,2054.0,2281.0,2195.0,3310.0,2536.0,1022.5,1291.0,1546.5,1834.5,2024.5,2151.5,2371.5,2341.5,2962.0,2146.0,841.0,1115.0,1367.0,1667.0,1796.0,1923.0,2145.0,2123.0,3992.5,3222.5,1126.5,1439.5,1744.5,2050.0,2213.0,2361.5,2536.0,2564.5,"{""type"":""MultiPoint"",""coordinates"":[]}"
1930,3,2729.5,2324.5,2009.0,2043.5,2149.5,2350.5,2470.0,2583.0,2742.5,2676.0,3199.5,2884.5,1096.0,1352.0,1689.5,1916.5,1991.0,2094.5,2152.5,2298.5,2240.5,1622.5,665.0,898.5,1180.5,1410.0,1477.0,1615.5,1741.0,1776.0,2537.0,1845.0,843.0,1091.0,1366.0,1659.0,1782.0,1924.0,2111.0,2128.0,3115.0,2439.0,804.0,1192.0,1374.0,1804.0,1965.0,2174.0,2281.0,2286.0,4833.5,4279.0,1934.5,2436.5,2718.5,3256.0,3479.0,3654.0,3722.0,3767.0,0.0,0.0,0.0,0.0,0.0,0.0,0.0,0.0,0.0,0.0,4854.5,3775.5,1180.5,1666.5,1702.0,2474.0,3673.5,4188.0,4373.5,4580.5,1576.0,815.0,340.0,620.0,443.0,962.0,2589.0,3318.0,3401.0,3518.0,1567.5,748.5,324.0,534.5,247.5,741.5,2817.0,4075.5,4054.5,4230.5,1459.0,671.0,413.0,530.0,265.0,710.0,2986.0,4397.0,4274.0,4559.0,2238.0,1577.0,461.0,654.0,872.0,1151.0,1393.0,1517.0,1743.0,1680.0,1316.0,557.0,354.0,482.0,241.0,657.0,2726.0,4183.0,4039.0,4469.0,1301.0,597.0,447.0,557.0,316.0,710.0,2723.0,4257.0,4356.0,4441.0,1230.0,553.5,331.5,530.0,280.5,812.0,2798.5,3974.5,3958.0,4262.5,1534.0,756.0,449.0,838.0,528.0,1480.0,3401.0,4160.0,4030.0,4394.0,1498.0,766.0,426.0,871.0,615.0,1651.0,3204.0,3872.0,4064.0,4185.0,3532.0,2830.5,2646.0,2896.5,2790.5,3662.0,4488.5,4846.0,4960.0,5063.0,1772.0,976.5,521.0,975.0,996.0,1856.0,2662.0,2938.5,3180.0,3257.0,1965.0,1407.0,1377.5,1447.0,1438.5,1819.5,2069.0,2272.5,2484.5,2543.5,3258.0,2201.0,779.0,1116.0,1654.0,2024.5,2218.0,2471.5,2761.5,2823.0,3960.0,2612.0,858.0,1251.0,1877.0,2283.0,2482.0,2687.0,2805.0,3111.0,2241.0,1804.0,569.0,769.0,1014.5,1222.5,1417.0,1517.5,1710.0,1721.5,3795.0,2630.0,987.5,1356.5,1976.0,2272.0,2430.5,2617.5,2918.0,2937.0,362.0,271.0,302.0,319.0,403.0,438.0,496.0,540.0,484.0,581.0,2598.5,1677.0,774.5,1129.0,1690.5,1958.5,2082.0,2263.5,2573.0,2600.5,2995.5,1980.5,897.5,1238.0,1769.0,2053.0,2179.0,2322.0,2581.5,2633.0,0.0,0.0,0.0,0.0,0.0,0.0,0.0,0.0,0.0,0.0,1647.5,998.0,779.0,954.5,1256.5,1406.0,1429.5,1507.0,1967.5,1712.0,3659.0,3239.0,3736.0,3559.0,3543.0,3683.0,3651.0,3667.0,3784.0,3682.0,987.0,1091.0,10396.0,10080.0,10066.0,10228.0,9737.0,9474.0,9830.0,9086.0,1389.5,973.0,2071.5,2210.0,2445.5,2656.5,2751.5,2762.0,2909.0,2843.5,2766.0,2173.0,742.0,963.0,1186.0,1511.0,1793.0,1950.0,2131.0,2109.0,2354.0,1730.0,710.0,917.0,1084.0,1425.0,1741.0,1896.0,2062.0,2062.0,2371.0,1627.0,615.0,894.0,1044.0,1451.0,1854.0,2006.0,2130.0,2154.0,3661.5,3208.0,1728.0,1977.0,2261.0,2663.5,2737.5,2880.0,2847.5,3041.0,"{""type"":""MultiPoint"",""coordinates"":[]}"
1939,5,2091.0,1400.0,530.0,653.0,851.0,1039.0,1190.0,1317.0,1575.0,1569.0,3673.0,2977.0,836.0,1069.0,1404.0,1626.0,1762.0,1897.0,2093.0,2135.0,2334.0,1497.0,628.0,766.5,994.0,1232.5,1328.0,1485.5,1636.0,1725.5,2019.0,1290.0,690.0,848.0,1082.0,1320.0,1484.0,1619.0,1832.0,1852.0,0.0,0.0,0.0,0.0,0.0,0.0,0.0,0.0,0.0,0.0,3937.0,3165.0,983.0,1246.0,1481.0,1837.0,2188.0,2434.0,2541.0,2658.0,0.0,0.0,0.0,0.0,0.0,0.0,0.0,0.0,0.0,0.0,3399.0,2566.0,778.0,1065.0,1176.0,1625.0,2314.0,2585.0,2753.0,2844.0,3195.0,1895.0,611.0,963.0,855.0,1505.0,3295.0,3745.0,3711.0,4037.0,2771.0,1796.0,498.0,754.0,721.0,1214.0,2548.0,2948.0,3095.0,3217.0,0.0,0.0,0.0,0.0,0.0,0.0,0.0,0.0,0.0,0.0,2946.0,2333.0,612.0,771.0,994.0,1193.0,1320.0,1448.0,1672.0,1662.0,2725.0,1171.0,590.0,787.0,431.0,1044.0,4517.0,5785.0,5756.0,6328.0,2064.0,977.0,431.0,601.0,368.0,831.0,3189.0,4225.0,4217.0,4355.0,2225.0,1082.0,447.0,690.0,423.0,1054.0,3111.0,3853.0,3895.0,4362.0,3754.0,2713.0,2296.0,2530.0,2401.0,2996.5,4026.0,4383.5,4246.0,4579.5,2972.0,2061.5,462.5,718.5,784.0,1262.0,1861.5,2068.5,2283.5,2369.5,0.0,0.0,0.0,0.0,0.0,0.0,0.0,0.0,0.0,0.0,3461.0,2665.5,640.5,825.0,1119.5,1329.5,1466.0,1629.0,1794.5,1902.0,3320.0,2508.0,718.0,869.0,1063.0,1278.0,1457.0,1575.0,1635.0,1796.0,3309.5,2555.0,666.0,833.0,1047.5,1273.5,1523.0,1685.0,1840.5,1885.5,3273.0,2555.0,704.0,848.0,1059.0,1312.0,1587.0,1749.0,1900.0,1978.0,0.0,0.0,0.0,0.0,0.0,0.0,0.0,0.0,0.0,0.0,3171.0,2278.0,622.0,799.0,1022.0,1240.0,1436.0,1560.0,1792.0,1812.0,0.0,0.0,0.0,0.0,0.0,0.0,0.0,0.0,0.0,0.0,2695.0,1810.0,510.0,683.0,948.0,1112.0,1271.0,1463.0,1636.0,1715.0,2510.0,1648.0,530.0,707.0,929.0,1123.0,1266.0,1431.0,1621.0,1710.0,0.0,0.0,0.0,0.0,0.0,0.0,0.0,0.0,0.0,0.0,2637.0,1932.0,584.0,712.0,903.0,1075.0,1351.0,1559.0,1692.0,1706.0,0.0,0.0,0.0,0.0,0.0,0.0,0.0,0.0,0.0,0.0,1043.0,1149.0,10983.0,10556.0,10457.0,10529.0,10255.0,9836.0,10239.0,9492.0,4321.0,3143.0,5203.0,4191.0,3898.0,4156.0,4062.0,3941.0,4724.0,3742.0,2961.0,2193.0,555.0,728.0,996.0,1252.0,1343.0,1494.0,1786.0,1812.0,3023.0,2213.0,705.0,885.0,1115.0,1323.0,1471.0,1623.0,1855.0,1853.0,2141.0,1457.0,520.0,682.0,929.0,1139.0,1295.0,1411.0,1660.0,1692.0,0.0,0.0,0.0,0.0,0.0,0.0,0.0,0.0,0.0,0.0,"{""type"":""MultiPoint"",""coordinates"":[]}"
1957,5,1772.5,1127.0,377.0,534.0,706.0,954.0,1104.0,1255.0,1436.5,1471.0,3134.5,2429.5,764.5,1045.0,1157.0,1652.0,2073.0,2247.5,2394.0,2506.0,1066.0,705.0,715.5,963.5,1235.0,1423.0,1358.0,1491.5,1489.5,1350.0,5534.5,4629.5,4881.5,4778.0,4805.5,5093.5,5364.0,5421.5,5756.0,5391.5,0.0,0.0,0.0,0.0,0.0,0.0,0.0,0.0,0.0,0.0,3986.0,3323.0,1605.5,1859.5,2127.0,2505.0,2928.5,3223.0,3259.5,3495.5,0.0,0.0,0.0,0.0,0.0,0.0,0.0,0.0,0.0,0.0,3579.5,3012.5,1187.0,1515.0,1682.0,2130.0,2509.5,2740.0,2871.5,2961.5,3628.5,2728.0,1273.5,1636.0,1760.5,2215.0,2922.0,3165.0,3126.5,3440.0,2404.0,1684.0,564.0,808.5,777.0,1188.0,1973.5,2237.0,2285.5,2379.0,2427.0,1398.5,689.5,892.5,892.5,1296.0,2022.5,2382.5,2390.5,2645.0,2211.5,1637.0,468.0,605.5,773.5,1027.0,1217.0,1383.0,1526.5,1616.0,1931.5,939.5,538.0,765.5,568.5,1086.5,2335.0,2513.0,2466.5,2760.5,2681.5,1658.0,608.0,767.0,633.0,1111.0,2499.0,3124.0,3101.0,3404.5,2625.5,1465.0,935.0,999.0,698.5,1125.0,2911.5,3748.5,3953.0,4011.0,2543.5,1475.0,592.5,758.0,610.5,1114.5,3200.5,3918.5,3777.0,4200.0,2197.0,1132.5,306.5,512.5,334.5,874.0,2962.0,3669.0,3758.5,3917.0,0.0,0.0,0.0,0.0,0.0,0.0,0.0,0.0,0.0,0.0,2365.5,1431.0,397.5,759.0,642.5,1387.5,2438.0,2780.5,2954.0,3050.0,2583.5,1695.5,669.0,833.0,893.5,1253.0,1560.5,1733.5,1791.5,2017.0,2765.0,2169.5,530.5,695.5,951.0,1167.5,1325.5,1467.5,1637.5,1734.0,2279.5,1968.0,617.5,716.5,940.0,1103.5,1202.5,1318.5,1402.0,1498.5,0.0,0.0,0.0,0.0,0.0,0.0,0.0,0.0,0.0,0.0,1862.5,1480.5,466.0,567.0,748.5,898.0,981.0,1105.5,1151.5,1274.5,0.0,0.0,0.0,0.0,0.0,0.0,0.0,0.0,0.0,0.0,1529.5,1004.0,226.5,371.0,582.0,768.5,883.5,1033.0,1112.5,1198.5,1490.5,995.0,313.0,457.0,629.5,816.0,915.5,993.0,1132.0,1180.0,0.0,0.0,0.0,0.0,0.0,0.0,0.0,0.0,0.0,0.0,1846.0,1280.0,395.5,523.5,666.0,866.5,1077.0,1182.0,1322.0,1389.5,0.0,0.0,0.0,0.0,0.0,0.0,0.0,0.0,0.0,0.0,992.0,982.0,8208.5,8005.5,8031.5,8474.5,8107.5,7994.5,8101.5,7705.5,0.0,0.0,0.0,0.0,0.0,0.0,0.0,0.0,0.0,0.0,2104.5,1404.0,494.0,720.0,856.5,1198.0,1443.0,1581.5,1728.0,1765.5,2143.0,1358.0,627.5,845.5,963.5,1313.5,1573.5,1727.5,1918.5,1955.0,453.0,285.0,691.0,1025.5,1312.0,1427.5,898.0,970.0,856.5,712.5,1713.5,1204.0,696.5,880.0,864.0,1267.0,1631.0,1787.0,1753.5,1897.5,"{""type"":""MultiPoint"",""coordinates"":[]}"
1963,3,193.5,132.0,418.0,640.0,772.0,972.5,849.5,893.0,955.0,832.5,5604.0,5214.0,1683.5,2350.5,3051.5,3400.0,3519.5,3639.5,3827.0,3940.5,2707.0,1818.5,793.5,1127.0,1455.0,1755.5,1892.0,2017.5,2138.5,2211.5,2860.0,2063.0,975.0,1263.0,1420.0,1730.0,1842.0,1951.0,2079.0,2094.0,3169.0,2297.0,768.0,1201.0,1554.0,1831.0,2033.0,2151.0,2318.0,2299.0,6215.0,5547.0,2446.0,2994.0,3445.0,4044.0,4521.0,4850.0,5023.0,5055.0,0.0,0.0,0.0,0.0,0.0,0.0,0.0,0.0,0.0,0.0,3017.0,1966.5,1073.5,1339.5,1071.0,1713.0,3369.0,3994.0,3961.5,4039.5,1838.5,941.0,281.0,535.0,242.5,796.5,2906.5,3880.0,3818.5,3917.0,1917.0,1015.0,468.0,642.0,350.0,879.0,3243.0,4516.0,4304.0,4584.0,1648.0,686.0,175.0,311.0,125.0,519.0,3044.0,5121.0,5053.0,5280.0,1302.0,868.0,499.0,731.0,952.0,1130.0,1201.0,1271.0,1439.0,1428.0,1455.0,637.0,351.0,442.0,211.0,637.0,2883.0,4672.0,4679.0,4954.0,1541.0,700.0,447.0,795.0,422.0,1200.5,3360.0,4676.0,4707.5,5005.0,1602.0,760.0,507.0,844.0,478.0,1265.0,3470.0,4581.0,4597.0,4922.0,1751.0,881.5,526.0,916.0,553.0,1536.0,3581.0,4376.0,4296.5,4751.0,2078.0,1154.0,583.0,1164.0,897.0,2044.0,3194.0,3590.0,3760.0,4008.0,1983.0,1096.0,576.0,1053.0,1053.0,2036.0,2798.0,3080.0,3307.0,3534.0,2321.5,1474.0,685.0,1085.0,1184.0,1938.0,2578.0,2907.5,3105.0,3211.5,3552.0,2546.5,1048.0,1465.0,1973.5,2368.5,2576.0,2770.0,2813.0,2988.0,4228.0,3039.0,1106.0,1505.0,2002.0,2420.0,2799.0,2984.0,3186.0,3348.0,3333.5,2208.0,839.0,1232.0,1554.5,2076.5,2577.5,2841.0,3061.5,3140.5,1875.5,1326.5,725.5,948.5,1128.5,1346.0,1455.0,1552.0,1725.0,1679.5,2764.0,2100.0,976.0,1378.0,1763.0,2125.0,2444.0,2614.0,2955.0,2919.0,2368.0,1506.0,1635.0,1818.0,2227.0,2758.0,2990.0,3199.0,3741.0,3562.0,778.0,505.0,370.0,627.0,1019.0,1283.0,1338.0,1495.0,1664.0,1640.0,895.0,599.0,402.0,658.0,1017.0,1258.0,1326.5,1456.5,1653.5,1683.0,0.0,0.0,0.0,0.0,0.0,0.0,0.0,0.0,0.0,0.0,322.0,212.0,297.0,376.0,612.0,774.0,787.0,897.0,1060.0,971.0,0.0,0.0,0.0,0.0,0.0,0.0,0.0,0.0,0.0,0.0,1038.0,1122.0,10682.0,10450.0,10394.0,10500.0,10105.0,9711.0,10164.0,9311.0,1571.0,1319.5,4331.0,4438.5,4605.5,4881.5,4739.5,4681.5,4727.0,4563.5,2759.0,2036.0,686.0,1016.0,1273.0,1575.0,1679.0,1789.0,1979.0,1956.0,3056.0,2321.0,850.0,1191.0,1445.0,1739.0,1866.0,1993.0,2199.0,2179.0,2742.0,1965.0,714.0,1062.0,1290.0,1597.0,1705.0,1866.0,1985.0,2020.0,3097.0,2345.0,894.0,1176.0,1563.0,1774.0,1855.0,2016.0,2129.0,2208.0,"{""type"":""MultiPoint"",""coordinates"":[]}"
1969,5,135.0,102.0,188.0,210.0,287.0,381.0,264.0,254.0,314.0,178.0,3764.5,3018.5,1002.0,1296.5,1740.5,2030.5,2185.5,2330.0,2542.5,2589.5,1648.0,933.0,584.0,824.0,1125.5,1347.0,1461.0,1604.5,1766.5,1767.0,1991.0,1157.0,764.0,1022.0,1367.0,1655.0,1780.0,1969.0,2150.0,2130.0,4549.0,3841.0,1250.0,1712.0,2294.0,2633.0,2800.0,2992.0,3240.0,3212.0,5263.0,4329.0,1529.0,2002.0,2612.0,3052.0,3252.0,3484.0,3588.0,3790.0,0.0,0.0,0.0,0.0,0.0,0.0,0.0,0.0,0.0,0.0,3882.0,2992.0,1030.0,1418.0,1736.0,2284.0,2500.0,2717.0,2847.0,3002.0,4982.0,4091.0,1299.0,1723.0,2106.0,2654.0,3359.0,3680.0,3618.0,3977.0,4122.5,3141.5,900.5,1332.0,1506.5,2120.0,3160.0,3522.0,3568.5,3780.5,2679.0,1517.5,720.0,928.0,778.5,1337.5,2739.5,3297.5,3308.5,3380.0,182.0,107.0,170.0,278.0,345.0,415.0,345.0,384.0,428.0,329.0,3177.0,1962.0,629.0,904.0,863.0,1430.0,3138.0,3957.0,3903.0,4206.0,2596.0,1363.0,474.0,639.0,405.0,926.0,3609.0,4859.0,4904.0,4976.0,2109.0,1265.5,941.0,1073.0,898.0,1334.5,3291.0,4192.0,4028.5,4307.5,2163.0,930.0,351.0,496.0,273.0,728.0,3496.0,5056.0,4783.0,5149.0,1881.0,822.0,364.0,523.0,286.0,733.0,3353.0,4515.0,4492.0,4700.0,2104.0,916.5,410.0,712.0,388.0,1182.0,4033.5,4978.5,4952.5,5239.0,2072.0,1000.0,435.0,900.0,676.0,1930.5,3130.5,3437.0,3641.0,3767.5,1765.5,1307.0,1271.0,1288.0,1342.0,1734.0,1959.5,2079.5,2139.5,2279.0,2157.0,1317.0,456.0,588.0,796.0,1091.0,1293.0,1485.0,1660.0,1707.0,1825.5,1309.5,927.0,1276.0,1678.5,2050.0,2109.5,2196.5,2226.0,2207.5,103.0,65.0,84.5,139.5,185.0,213.0,167.0,205.5,233.5,181.0,2458.0,1613.0,584.0,856.0,1136.0,1341.0,1445.0,1537.0,1759.0,1805.0,811.0,383.0,551.0,599.0,684.0,777.0,787.0,879.0,1024.0,970.0,1492.5,864.0,510.5,800.0,1105.5,1350.5,1482.5,1579.0,1767.0,1754.5,1765.0,1118.5,583.5,876.5,1174.5,1473.0,1566.5,1662.5,1786.0,1837.0,0.0,0.0,0.0,0.0,0.0,0.0,0.0,0.0,0.0,0.0,1362.5,942.5,880.5,1013.5,1162.0,1416.5,1507.0,1614.0,1785.0,1698.0,1369.0,1302.0,1122.0,1199.0,1248.0,1408.0,1424.0,1537.0,1552.0,1567.0,1032.0,1127.0,9809.0,9730.0,9842.0,10060.0,9772.0,9374.0,9774.0,9189.0,1049.5,680.5,1296.5,1383.5,1599.0,1809.0,1762.0,1846.0,2018.0,1965.5,1555.0,1006.0,392.0,521.0,768.0,938.0,1028.0,1104.0,1296.0,1266.0,1160.0,697.0,458.0,565.0,744.0,924.0,1004.0,1129.0,1296.0,1314.0,1784.0,1156.0,528.0,711.0,939.0,1129.0,1203.0,1342.0,1487.0,1503.0,4213.0,3199.0,1007.0,1297.0,1705.0,2008.0,2137.0,2289.0,2441.0,2591.0,"{""type"":""MultiPoint"",""coordinates"":[]}"
1972,5,2039.0,1316.0,615.0,875.0,1102.0,1492.0,1736.0,1881.0,2034.0,2152.0,3732.0,3202.0,1483.0,1720.0,1967.0,2387.0,2634.0,2807.0,2981.0,2999.0,2451.0,1749.5,815.5,1087.0,1495.5,1752.5,1873.0,1985.0,2151.0,2235.0,145.0,96.0,652.0,1002.0,1357.0,1778.0,1604.0,1690.0,1685.0,1618.0,2779.0,1975.0,936.0,1303.0,1613.0,1994.0,2177.0,2301.0,2479.0,2476.0,4543.5,3854.0,1651.0,2181.0,2480.5,3131.5,3427.0,3685.0,3758.5,3886.5,0.0,0.0,0.0,0.0,0.0,0.0,0.0,0.0,0.0,0.0,1801.0,1790.0,905.0,1042.0,1151.0,1306.0,1472.0,1436.0,1127.0,1601.0,2186.0,1647.5,1053.0,1179.0,1415.0,1629.0,1838.5,2038.0,1899.0,2194.0,5940.0,5334.0,2114.0,2710.5,3175.0,3796.5,4294.5,4636.0,4679.0,4904.5,4479.0,3463.0,1027.0,1469.0,1443.0,2346.0,3643.0,4104.0,4072.0,4428.0,2314.5,1592.5,785.5,960.5,1159.5,1459.0,1755.0,1896.0,2094.0,2082.0,3153.0,1843.0,613.0,909.0,692.0,1390.0,3934.0,4933.0,4837.0,5199.0,2959.0,1514.0,559.0,786.0,491.0,1161.0,4350.0,5716.0,5809.0,6093.0,2350.0,1029.0,413.0,550.0,287.0,815.0,4008.0,5439.0,5367.0,5810.0,2025.0,1016.5,299.5,495.0,248.5,817.0,3508.5,4486.5,4411.5,4778.5,2125.0,924.0,278.0,520.0,274.0,825.0,3878.0,5072.0,5277.0,5423.0,2677.5,1507.0,1435.0,1573.5,1221.5,1882.0,4036.0,4889.0,4973.5,5238.0,2777.5,1796.0,579.0,894.0,1087.0,1612.0,1956.0,2239.5,2478.0,2714.5,1781.0,1507.5,428.5,478.0,608.5,716.0,760.5,859.5,893.0,977.0,3864.0,3153.0,798.0,1082.0,1541.0,1850.0,1918.0,2088.0,2241.0,2439.0,3880.0,3431.0,968.0,1272.0,1697.0,1898.0,2008.0,2083.0,2284.0,2340.0,3092.5,2363.5,1017.5,1300.0,1539.5,1938.0,2294.0,2512.5,2760.0,2712.5,3776.0,3555.0,1084.0,1407.0,1824.0,1999.0,2128.0,2243.0,2514.0,2434.0,2801.0,2174.0,807.0,1077.0,1515.0,1735.0,1806.0,1958.0,2145.0,2172.0,2890.0,2266.5,834.5,1160.5,1611.0,1820.5,1926.0,2039.5,2269.0,2298.5,4324.0,3919.0,1398.0,1877.0,2398.0,2763.0,2822.0,2936.0,3117.0,3215.0,0.0,0.0,0.0,0.0,0.0,0.0,0.0,0.0,0.0,0.0,3014.0,2341.5,974.5,1270.5,1720.0,1969.5,2035.0,2228.0,2382.5,2419.5,0.0,0.0,0.0,0.0,0.0,0.0,0.0,0.0,0.0,0.0,934.0,1010.0,10302.0,10100.0,10138.0,10312.0,9997.0,9589.0,10026.0,9258.0,1544.5,1064.0,2799.0,2997.0,3206.5,3621.0,3844.5,3818.0,3960.5,3832.5,2912.0,2137.0,711.0,1002.0,1220.0,1715.0,2264.0,2485.0,2599.0,2761.0,1016.5,684.0,622.5,867.5,947.0,1460.5,1961.5,2082.5,2187.5,2202.0,1289.0,721.0,508.0,832.0,895.0,1619.0,2428.0,2709.0,2768.0,2805.0,2760.0,1827.0,780.5,1113.5,1102.0,1986.0,2865.0,3157.0,3227.5,3393.5,"{""type"":""MultiPoint"",""coordinates"":[]}"
1976,5,2516.0,2011.0,678.0,912.0,1225.0,1495.0,1746.0,1883.0,2077.0,2041.0,5463.0,5262.5,1917.0,2498.0,3194.0,3640.0,3771.5,3945.0,4105.0,4193.0,2711.0,2171.0,793.0,1022.0,1413.0,1617.0,1733.0,1851.0,2011.0,2015.0,4264.0,3987.0,1242.5,1710.0,2136.0,2634.0,2875.5,3043.0,3220.5,3253.5,3058.0,2495.0,844.0,1230.0,1603.0,1893.0,2168.0,2305.0,2450.0,2493.0,5413.5,4745.0,1531.0,2122.0,2420.5,3209.0,4383.5,4723.5,4855.5,4977.5,0.0,0.0,0.0,0.0,0.0,0.0,0.0,0.0,0.0,0.0,3055.5,1844.0,622.5,852.5,697.5,1285.0,3727.5,4732.5,4706.5,4924.0,2125.0,981.0,174.0,376.0,180.0,661.0,3524.0,4492.0,4677.0,4704.0,2713.0,1191.0,316.0,529.0,253.0,794.0,4570.0,6503.0,6420.0,6674.0,3297.0,1418.0,720.0,855.5,532.0,1073.5,5633.5,7986.5,7919.0,8483.0,2772.0,2319.0,811.0,1071.0,1446.0,1722.0,2025.0,2128.0,2348.0,2302.0,2567.0,1041.5,431.5,581.0,379.5,875.0,4525.0,6399.5,6343.5,6796.5,2592.0,1092.0,585.0,729.0,430.0,937.0,4297.0,6104.0,6153.0,6451.0,2234.0,948.0,355.0,585.0,295.0,938.0,3745.0,4778.0,4774.0,4931.0,2522.5,1361.5,500.5,992.0,687.5,1765.5,3593.0,4135.5,4129.5,4511.5,2776.0,1895.5,500.5,785.0,839.5,1448.5,2038.0,2262.5,2428.0,2629.5,2900.5,2106.0,523.0,725.0,912.0,1292.5,1554.5,1778.0,1888.0,2109.5,2986.0,2315.0,579.0,717.5,949.5,1214.5,1386.5,1568.0,1696.5,1841.0,3141.0,2486.0,634.0,784.0,980.0,1256.0,1383.0,1506.0,1595.0,1717.0,3043.0,2381.0,637.0,783.0,1006.0,1248.0,1392.0,1547.0,1722.0,1773.0,3528.0,2846.0,899.0,1144.0,1547.0,1861.0,2008.0,2144.0,2292.0,2340.0,3117.0,2885.0,2507.5,2479.5,2550.5,2753.5,2803.0,2815.5,2984.5,2912.5,2946.5,2690.0,882.0,1193.0,1593.0,1788.5,1898.0,2009.0,2114.0,2193.5,2208.0,1776.5,623.5,812.0,1106.0,1288.5,1382.0,1498.5,1606.5,1664.5,2531.0,1942.5,609.0,895.0,1166.0,1424.0,1640.5,1740.5,1951.5,1941.5,2934.0,2431.0,870.0,1126.0,1342.0,1744.0,1943.0,2080.0,2129.0,2236.0,0.0,0.0,0.0,0.0,0.0,0.0,0.0,0.0,0.0,0.0,2447.0,1870.0,704.0,967.0,1160.0,1486.0,1823.0,1971.0,2116.0,2099.0,0.0,0.0,0.0,0.0,0.0,0.0,0.0,0.0,0.0,0.0,145.0,169.0,10410.0,10346.0,10296.0,10474.0,10030.0,9487.0,9742.0,8988.0,355.0,274.0,6192.0,6214.0,6458.0,6738.0,6427.0,6389.0,6439.0,5992.0,2657.5,2097.5,750.0,1031.0,1374.0,1648.5,1858.5,1985.5,2174.0,2175.5,3556.0,3116.0,1045.0,1413.0,1901.0,2129.0,2308.0,2406.0,2591.0,2573.0,2852.0,2429.0,800.0,1116.0,1507.0,1759.0,1834.0,1962.0,2097.0,2141.0,3316.0,2726.0,1427.0,1754.0,2080.0,2339.0,2497.0,2621.0,2788.0,2773.0,"{""type"":""MultiPoint"",""coordinates"":[]}"
1992,3,2074.0,1504.0,583.0,739.0,941.0,1133.0,1238.0,1360.0,1512.0,1529.0,5097.0,4804.0,1779.0,2316.0,2829.0,3294.0,3512.0,3650.0,3812.0,3893.0,2241.5,1611.5,622.5,805.5,1039.5,1233.5,1339.0,1458.0,1540.5,1593.5,3445.5,3119.5,954.5,1248.0,1610.5,1857.5,1966.0,2143.0,2272.0,2308.5,4876.0,4759.0,1445.0,1917.0,2435.0,2757.0,2915.0,3041.0,3300.0,3302.0,4269.0,4143.0,3154.0,2978.0,3106.0,3499.0,3444.0,3636.0,3930.0,3839.0,0.0,0.0,0.0,0.0,0.0,0.0,0.0,0.0,0.0,0.0,5965.5,5570.5,1935.5,2466.0,2912.5,3430.0,3734.0,3993.5,4022.0,4298.0,4967.0,4651.0,1483.0,2036.0,2419.0,2914.0,3310.0,3479.0,3714.0,3654.0,830.0,505.0,429.0,668.0,555.0,925.0,1442.0,1672.0,1647.0,1592.0,1996.5,1090.5,1322.5,1354.5,957.0,1415.5,3156.5,4217.0,4080.5,4261.5,2270.0,1837.0,674.0,805.0,1011.0,1192.0,1289.0,1369.0,1552.0,1530.0,1594.0,717.0,309.0,528.0,231.0,694.0,2744.0,3842.0,3816.0,4076.0,1488.0,704.0,339.0,569.0,270.0,729.0,2729.0,4172.0,4233.0,4375.0,1637.5,834.5,354.5,576.5,308.5,816.0,2959.5,4469.0,4301.0,4643.5,1535.0,736.0,380.0,756.0,394.0,1176.0,3188.0,4233.0,4145.0,4512.0,1613.0,808.0,426.0,878.0,513.0,1433.0,3420.0,4247.0,4375.0,4467.0,1638.5,871.0,520.0,1042.0,770.5,1749.5,3322.5,3904.0,3896.0,4256.5,1772.0,1007.5,593.0,1102.0,1021.5,1938.0,2853.5,3196.0,3310.0,3563.0,2303.5,1531.0,848.5,1250.5,1385.0,2002.0,2540.0,2735.5,2783.0,3009.0,2491.0,1592.0,730.0,1128.0,1442.0,1968.0,2488.0,2757.0,2985.0,3088.0,2914.0,2030.0,884.5,1292.5,1773.0,2305.5,2600.0,2833.0,3035.5,3165.5,1548.0,1136.0,659.0,774.0,919.0,1060.0,1152.0,1245.0,1414.0,1381.0,3239.5,2345.5,1084.0,1461.5,2043.0,2330.5,2527.5,2722.0,2908.5,2993.0,462.0,287.0,463.0,672.0,1010.0,1173.0,1114.0,1229.0,1316.0,1248.0,1452.5,925.0,614.5,917.0,1339.0,1498.0,1562.5,1735.5,1981.0,1985.5,2360.0,1598.0,959.0,1277.0,1694.0,1878.0,1983.0,2061.0,2330.0,2355.0,0.0,0.0,0.0,0.0,0.0,0.0,0.0,0.0,0.0,0.0,1057.0,595.0,618.0,785.0,1101.0,1293.0,1326.0,1524.0,1675.0,1728.0,0.0,0.0,0.0,0.0,0.0,0.0,0.0,0.0,0.0,0.0,989.0,1085.0,10802.0,10428.0,10356.0,10473.0,10115.0,9748.0,10152.0,9323.0,1215.0,861.0,2275.0,2517.0,2648.0,2940.5,2851.5,2840.0,3011.0,2903.5,2427.0,1824.0,674.0,898.0,1108.0,1312.0,1418.0,1518.0,1666.0,1677.0,2417.0,1828.0,720.0,920.0,1120.5,1352.0,1470.5,1597.0,1730.5,1757.5,2469.0,1820.0,709.0,990.0,1242.0,1485.0,1624.0,1748.0,1860.0,1917.0,4335.0,4036.0,1602.0,2104.0,2571.0,2856.0,3117.0,3175.0,3411.0,3356.0,"{""type"":""MultiPoint"",""coordinates"":[]}"
2002,5,2270.5,1479.0,599.5,894.0,1336.5,1646.0,1853.0,2046.0,2330.5,2356.5,5098.5,4678.0,1572.0,2060.0,2817.0,3204.5,3379.0,3608.5,3826.5,3966.5,0.0,0.0,0.0,0.0,0.0,0.0,0.0,0.0,0.0,0.0,6141.5,5977.0,1877.0,2490.5,3228.5,3788.0,4177.0,4475.0,4685.0,4823.5,3079.0,2248.0,761.0,1108.5,1478.0,1868.5,2206.5,2393.5,2654.0,2673.0,0.0,0.0,0.0,0.0,0.0,0.0,0.0,0.0,0.0,0.0,0.0,0.0,0.0,0.0,0.0,0.0,0.0,0.0,0.0,0.0,0.0,0.0,0.0,0.0,0.0,0.0,0.0,0.0,0.0,0.0,3366.0,2257.5,679.5,1041.0,1030.0,1613.0,3920.5,4793.0,4919.5,5073.5,2623.0,1197.0,440.0,628.0,320.5,861.0,4085.0,5505.0,5524.5,5817.0,1539.5,737.5,557.0,535.0,300.5,588.0,2917.5,4164.0,3637.5,4311.0,3110.5,2369.0,747.0,1091.0,1569.0,1892.0,2086.0,2278.5,2625.5,2619.0,2507.0,1091.5,602.0,713.5,447.0,887.5,4240.5,6142.5,5951.5,6497.5,0.0,0.0,0.0,0.0,0.0,0.0,0.0,0.0,0.0,0.0,2244.5,962.0,674.0,793.0,463.0,1000.0,4289.0,5849.0,5715.0,6241.5,1926.5,1065.5,1005.5,1095.5,799.5,1318.5,3242.0,3999.0,4011.5,4162.5,1873.5,954.0,273.0,632.0,370.0,1155.5,3089.5,3641.0,3693.5,3997.5,3511.0,2227.0,629.5,944.0,1282.0,1910.0,2379.0,2741.0,3020.0,3380.0,4063.5,3128.5,892.0,1154.5,1629.0,1920.0,2025.0,2210.0,2352.5,2537.0,0.0,0.0,0.0,0.0,0.0,0.0,0.0,0.0,0.0,0.0,4030.0,3161.0,888.5,1116.5,1487.0,1765.5,1912.5,2062.5,2185.5,2349.5,3907.0,3006.5,855.0,1072.0,1439.0,1712.5,1879.5,2067.0,2275.0,2390.5,3273.0,2983.5,2344.0,2349.5,2499.0,2705.5,2797.0,2920.0,3045.0,3044.5,3657.5,2747.5,855.5,1066.0,1396.0,1709.0,1909.5,2095.5,2349.5,2419.0,3031.0,2301.0,743.0,936.5,1265.0,1522.5,1713.0,1892.5,2104.5,2172.0,3209.0,2434.5,774.5,1003.5,1324.5,1623.0,1850.0,2003.5,2282.5,2297.5,3147.0,2333.0,707.5,962.5,1240.0,1594.0,1804.0,1964.5,2194.0,2267.5,0.0,0.0,0.0,0.0,0.0,0.0,0.0,0.0,0.0,0.0,0.0,0.0,0.0,0.0,0.0,0.0,0.0,0.0,0.0,0.0,0.0,0.0,0.0,0.0,0.0,0.0,0.0,0.0,0.0,0.0,0.0,0.0,0.0,0.0,0.0,0.0,0.0,0.0,0.0,0.0,174.0,182.0,8880.0,9058.5,9251.0,9511.5,9032.0,8477.5,8672.0,7920.0,2718.5,1871.5,695.0,995.5,1359.5,1722.0,2006.5,2185.5,2503.0,2515.0,0.0,0.0,0.0,0.0,0.0,0.0,0.0,0.0,0.0,0.0,3130.5,2428.5,917.5,1261.0,1808.5,2077.0,2225.0,2400.0,2655.5,2677.5,3761.5,3127.0,1123.5,1511.5,2117.5,2426.5,2584.5,2783.0,3044.5,3090.0,"{""type"":""MultiPoint"",""coordinates"":[]}"
2025,2,2510.0,1814.0,574.0,739.0,999.0,1196.0,1356.0,1534.0,1821.0,1854.0,4806.0,4359.0,1460.0,1868.0,2343.0,2674.0,2857.0,3057.0,3285.0,3345.0,2526.0,1838.0,695.0,835.0,1070.0,1280.0,1457.0,1611.0,1775.0,1865.0,3017.0,2335.0,882.0,1063.0,1302.0,1588.0,1807.0,1986.0,2164.0,2247.0,0.0,0.0,0.0,0.0,0.0,0.0,0.0,0.0,0.0,0.0,5269.5,4830.5,1594.0,2001.0,2562.0,2900.5,3064.5,3296.5,3496.5,3608.0,5633.0,5172.0,1900.0,2272.0,2841.0,3196.0,3354.0,3620.0,3714.0,3965.0,5148.0,4791.0,1580.0,1992.0,2463.0,2851.0,3006.0,3237.0,3425.0,3569.0,0.0,0.0,0.0,0.0,0.0,0.0,0.0,0.0,0.0,0.0,4488.0,3661.0,1148.0,1600.0,1716.0,2454.0,3669.0,4132.0,4260.0,4413.0,4000.0,2608.0,932.0,1394.0,1098.0,2116.0,4808.0,5644.0,5559.0,5851.0,3170.0,2617.0,766.0,978.0,1294.0,1526.0,1689.0,1878.0,2168.0,2135.0,2662.5,1138.0,566.5,888.5,479.5,1331.5,4887.0,5964.5,6291.5,6162.0,2636.0,1060.0,424.0,792.0,328.0,1299.0,5198.0,6476.0,6484.0,6649.0,2955.0,1233.0,553.0,939.0,462.0,1512.0,5503.0,6907.0,6552.0,7217.0,2293.5,946.5,441.5,769.5,387.0,1284.0,4352.0,5246.5,4942.0,5476.0,2389.5,1092.0,353.5,677.5,412.0,1382.5,3893.0,4520.5,4653.5,4852.0,0.0,0.0,0.0,0.0,0.0,0.0,0.0,0.0,0.0,0.0,2553.5,1393.0,430.5,631.5,623.5,1605.5,2982.5,3303.0,3463.5,3670.0,2960.0,2065.5,835.0,950.0,1154.5,1524.5,1756.5,1927.0,2052.5,2311.5,3073.5,2204.0,959.0,1087.5,1346.0,1607.0,1784.0,1974.0,2179.5,2333.5,3412.0,2588.0,592.0,770.0,1059.0,1361.0,1600.0,1839.0,2058.0,2268.0,0.0,0.0,0.0,0.0,0.0,0.0,0.0,0.0,0.0,0.0,3496.5,2456.5,683.0,912.5,1213.5,1620.5,1951.0,2212.0,2486.5,2669.5,0.0,0.0,0.0,0.0,0.0,0.0,0.0,0.0,0.0,0.0,2070.0,1210.0,376.0,610.0,881.0,1245.0,1636.0,1858.0,2134.0,2239.0,3075.0,2090.5,815.0,1005.0,1270.0,1751.0,2153.5,2417.0,2623.5,2795.0,0.0,0.0,0.0,0.0,0.0,0.0,0.0,0.0,0.0,0.0,2450.0,1632.0,537.0,753.0,872.0,1330.0,1887.0,2101.0,2379.0,2416.0,0.0,0.0,0.0,0.0,0.0,0.0,0.0,0.0,0.0,0.0,880.0,941.0,10837.0,10454.0,10385.0,10468.0,10120.0,9760.0,10142.0,9364.0,0.0,0.0,0.0,0.0,0.0,0.0,0.0,0.0,0.0,0.0,3100.0,2466.0,801.0,997.0,1265.0,1487.0,1763.0,1926.0,2189.0,2213.0,3104.5,2579.5,832.5,1076.0,1420.5,1599.0,1728.0,1890.0,2093.0,2147.5,2374.5,1782.0,1407.0,1418.0,1540.5,1742.0,1767.5,1827.0,2151.0,1943.5,4897.0,4054.0,4190.0,4284.0,4448.0,4817.0,4743.0,4686.0,4818.0,4687.0,"{""type"":""MultiPoint"",""coordinates"":[]}"
2029,5,1881.0,1117.0,504.0,769.0,1064.0,1524.0,2150.0,2324.0,2584.0,2603.0,3167.0,2720.0,720.0,1030.0,1215.0,1766.0,2471.0,2703.0,2892.0,2989.0,3167.0,2720.0,720.0,1030.0,1215.0,1766.0,2360.0,2588.0,2844.0,2862.0,2601.0,1948.0,588.0,820.0,1121.0,1377.0,1581.0,1786.0,1904.0,1958.0,2850.0,2132.0,704.0,950.0,1185.0,1544.0,1848.0,1988.0,2135.0,2251.0,3188.0,2494.5,2241.5,2293.0,2350.0,2701.5,2947.0,3129.0,3089.5,3282.0,2466.0,1706.0,734.0,866.0,1010.0,1268.0,1648.0,1957.0,1882.0,2072.0,4071.5,3580.5,951.0,1265.0,1605.0,2005.5,2363.0,2666.5,2703.0,3003.0,3541.0,3258.0,869.0,1114.0,1536.0,1784.0,2039.0,2417.0,2361.0,2652.0,4052.0,3713.0,1111.5,1455.5,1823.0,2150.5,2688.5,3120.0,3106.0,3511.0,3546.0,2753.0,1055.0,1250.0,1367.5,1755.0,2797.5,3403.0,3278.0,3758.5,3266.0,2316.0,796.0,1093.0,1415.0,1864.0,2568.0,2782.0,3069.0,3067.0,2841.0,1544.0,692.0,1023.0,682.0,1378.0,3611.0,4186.0,4135.0,4070.0,2831.0,1463.0,508.0,818.0,507.0,1242.0,4320.0,5335.0,5344.0,5785.0,2901.0,1491.0,483.5,765.5,408.5,1143.0,4473.5,5730.0,5708.5,6065.0,2745.0,1416.0,376.0,577.0,286.0,883.0,4335.0,5823.0,5863.0,5860.0,2569.0,1305.0,274.0,506.0,245.0,839.0,4199.0,5367.0,5613.0,5616.0,2567.0,1240.0,438.0,648.0,390.0,1048.0,3937.0,5249.0,5259.0,5500.0,2753.0,1519.0,390.0,668.0,401.0,1087.0,3844.0,4796.0,5182.0,5096.0,2583.0,1566.0,466.0,947.0,738.0,1645.0,3248.0,3569.0,3965.0,3923.0,2540.0,1626.0,443.0,920.0,819.0,1645.0,2249.0,2484.0,2723.0,2827.0,2881.5,2101.5,500.5,666.0,908.5,1172.5,1383.5,1514.5,1642.5,1781.0,2659.5,2111.0,620.0,824.5,1135.0,1367.5,1580.0,1753.5,1947.5,1925.5,2746.0,1950.0,475.0,688.0,860.0,1166.0,1524.0,1740.0,1908.0,1959.0,2620.0,1795.0,475.0,688.0,860.0,1166.0,1524.0,1740.0,1908.0,1959.0,2627.0,1743.0,494.0,682.0,843.0,1153.0,1555.0,1669.0,1898.0,1941.0,3202.5,2110.0,712.5,1042.5,1258.5,1728.0,2346.5,2554.5,2666.0,2792.0,2894.0,1884.0,637.0,974.0,1079.0,1590.0,2391.0,2582.0,2893.0,2825.0,2644.0,1770.0,658.0,898.0,884.0,1410.0,2246.0,2531.0,2695.0,2637.0,3186.0,2644.0,696.0,987.0,1394.0,1595.0,1840.0,1978.0,2293.0,2260.0,687.0,699.0,8950.0,8882.0,9190.0,9417.0,9104.0,8860.0,8996.0,8408.0,957.5,751.0,5706.5,5773.5,6048.0,6235.0,6153.5,6039.5,6232.5,5860.5,2501.0,1751.0,583.0,800.0,1058.0,1338.0,1691.0,1914.0,2070.0,2147.0,2530.0,1771.0,556.0,829.0,875.0,1329.0,2017.0,2185.0,2409.0,2453.0,2461.0,1660.0,590.0,858.5,880.5,1466.0,2250.0,2451.0,2626.0,2701.0,3020.0,2280.0,643.5,1004.5,1075.0,1743.0,2638.0,2887.5,3123.5,3156.0,"{""type"":""MultiPoint"",""coordinates"":[]}"
2060,3,2353.5,2102.0,1788.0,1864.5,2109.5,2278.5,2314.0,2361.0,2571.5,2509.5,3454.0,2566.5,858.5,1171.5,1572.0,1981.0,2015.0,2118.0,2248.0,2335.0,1198.5,684.0,557.5,796.5,1013.5,1306.0,1358.0,1466.5,1517.5,1622.5,1839.5,1103.0,1318.5,1487.0,1603.0,1914.0,2082.0,2185.0,2517.5,2278.0,4776.5,4164.5,1255.0,1737.5,2220.5,2651.0,2932.5,3094.0,3199.5,3368.5,4278.0,3679.5,1354.0,1690.5,2217.0,2476.5,2590.0,2758.0,3053.5,2953.0,0.0,0.0,0.0,0.0,0.0,0.0,0.0,0.0,0.0,0.0,3217.5,2569.5,1166.5,1414.0,1541.5,2000.5,2236.5,2417.5,2321.5,2607.0,3911.5,3362.5,1323.5,1735.5,2191.5,2462.0,2581.5,2817.0,3026.0,3091.5,1311.5,965.0,1366.0,1677.0,1805.5,2450.5,2688.0,2732.0,2471.0,2590.0,830.5,498.5,590.5,715.5,566.0,967.0,1572.0,1945.0,1847.5,1858.5,1689.0,1152.0,696.5,910.0,1223.0,1414.0,1479.5,1635.5,1791.0,1758.5,1365.0,657.0,398.5,556.5,280.5,723.5,2374.0,3155.5,2946.5,3161.0,1530.5,746.0,461.0,659.0,346.0,887.0,2864.0,3794.5,3758.5,3792.0,972.5,461.0,289.0,485.5,276.0,640.5,2034.0,2648.5,2514.5,2714.5,1405.5,665.5,356.0,562.5,306.5,808.5,2586.5,3537.0,3407.0,3685.5,1312.5,609.0,278.5,507.5,267.0,775.0,2715.0,3623.0,3651.0,3810.5,1771.5,1048.5,780.0,1030.5,693.5,1435.0,3258.5,4019.5,4041.5,4295.0,1458.0,706.0,438.0,862.0,534.5,1454.0,3121.0,3599.5,3800.0,3844.5,2203.0,1485.0,1064.5,1490.0,1335.0,2253.5,3341.5,3692.5,3774.0,3946.5,1811.0,1036.5,527.5,999.0,952.5,1817.5,2897.0,3176.5,3339.0,3496.0,1771.5,1006.0,489.5,954.5,1054.0,1872.5,2554.0,2809.5,3063.0,3122.0,2597.0,2032.5,1135.0,1395.5,1762.0,2027.0,2079.0,2196.0,2300.0,2324.0,1894.5,1358.0,575.5,866.5,1139.0,1362.0,1461.5,1615.5,1756.0,1709.0,1644.0,1108.5,877.0,1161.5,1586.5,1810.5,1861.0,1983.0,2167.5,2140.5,1306.5,873.5,513.0,807.0,1126.0,1270.0,1265.5,1348.5,1478.5,1470.0,1524.0,1046.0,615.5,939.5,1305.5,1462.5,1450.5,1499.0,1671.0,1677.5,2709.5,2089.0,1865.0,1936.5,2224.5,2424.0,2373.0,2488.5,2531.5,2610.0,1577.0,1080.0,836.0,1026.5,1311.0,1472.0,1466.5,1575.0,1730.5,1675.0,1791.0,1375.5,1605.0,1659.0,1786.0,1910.0,1909.0,1940.0,2197.0,2057.5,1067.0,1153.5,10211.0,10045.5,10092.0,10215.5,9881.0,9478.5,9911.0,9177.0,949.5,663.0,2114.0,2366.5,2600.0,2861.5,2764.0,2759.5,2880.5,2809.5,1757.0,1176.0,868.0,1252.5,1559.5,1664.0,1687.0,1804.0,1980.5,1901.5,1147.0,733.5,629.0,858.5,1098.0,1360.5,1441.0,1549.5,1628.5,1619.5,1544.0,1012.5,623.0,899.5,1190.0,1515.5,1594.0,1645.0,1732.5,1782.0,3951.0,3293.5,1048.0,1419.5,1815.5,2244.0,2391.0,2413.0,2507.0,2628.5,"{""type"":""MultiPoint"",""coordinates"":[]}"
2098,2,1919.0,1061.5,392.5,715.0,629.5,1511.0,2713.0,2913.0,3268.5,3262.0,2881.0,2211.0,867.0,1256.0,1593.0,2036.0,2194.0,2353.0,2434.0,2522.0,2938.0,2250.0,829.0,1229.0,1504.0,2042.0,2237.0,2397.0,2559.0,2567.0,3577.0,2516.0,1160.0,1687.0,2063.0,2688.0,2953.0,3152.0,3088.0,3329.0,2709.0,2000.0,761.0,1167.0,1520.0,1953.0,2198.0,2328.0,2510.0,2541.0,6557.0,6674.0,2224.0,2899.0,3847.0,4325.0,4399.0,4657.0,4721.0,4960.0,4106.5,2982.5,1534.0,1945.5,2098.0,2943.5,3457.0,3815.0,3653.0,4136.0,4111.5,3039.0,1132.0,1597.5,1816.0,2588.0,3045.0,3339.5,3418.5,3639.5,4823.0,4061.0,1120.0,1671.0,1953.0,2723.0,3289.0,3541.0,3756.0,3895.0,5386.5,4486.5,1418.0,1964.5,2283.0,3027.0,4502.5,5017.5,5161.0,5423.0,4784.0,3863.0,1258.0,1727.0,1985.0,2649.0,4529.0,5211.0,5237.0,5575.0,2082.0,1194.0,405.0,737.0,715.0,1669.0,2656.0,2929.0,3224.0,3253.0,3173.5,1613.5,762.0,1086.0,752.0,1673.5,5009.5,6033.0,5877.0,6443.0,2629.0,1344.0,599.0,817.0,648.0,1269.0,4764.0,6036.0,6018.0,6246.0,2919.0,1187.0,530.0,797.0,415.0,1206.0,5516.0,7177.0,6935.0,7428.0,2644.0,1075.5,634.5,863.0,534.0,1291.0,5163.0,6624.0,6443.0,6939.0,2307.0,1000.5,343.5,578.5,356.5,1117.5,4081.0,5035.5,5174.0,5451.0,2526.0,1183.0,361.0,538.0,401.0,1219.0,3874.0,4679.0,4817.0,5138.0,2138.5,1027.0,332.5,478.5,386.5,1076.0,3052.5,3581.0,3747.5,4026.5,2480.5,1358.0,627.5,707.5,668.5,1268.0,2576.0,3003.5,3210.0,3508.5,2592.5,1775.0,942.0,1011.0,1128.0,1484.0,1891.0,2145.0,2551.0,2635.0,3194.0,2171.0,609.0,826.0,1012.0,1432.0,1955.0,2210.0,2447.0,2696.0,2242.0,1298.0,487.0,792.0,775.0,1651.0,2678.0,2907.0,3322.0,3282.0,2892.0,1721.0,567.0,829.0,775.0,1356.0,2259.0,2552.0,2844.0,3031.0,2811.5,1715.0,570.0,930.5,908.0,1783.5,3018.5,3375.5,3309.5,3940.0,2263.0,1266.5,457.5,840.0,716.5,1630.0,2979.5,3284.0,3691.0,3703.0,2179.0,1151.0,354.0,739.0,619.0,1594.0,2943.0,3210.0,3479.0,3609.0,3889.0,3570.0,3368.0,3022.0,2977.0,3634.0,3926.0,4038.0,4158.0,4191.0,1989.5,1151.0,515.0,919.5,714.5,1609.0,2762.0,3050.0,3219.5,3281.5,0.0,0.0,0.0,0.0,0.0,0.0,0.0,0.0,0.0,0.0,150.0,136.0,6504.0,6676.0,6902.0,7215.0,7113.0,6654.0,6876.0,6225.0,1371.0,782.0,1300.0,1651.0,1845.0,2373.0,2771.0,2960.0,3277.0,3172.0,3102.0,2108.0,790.0,1095.0,1293.0,1803.0,2305.0,2488.0,2849.0,2873.0,4071.0,2797.0,1001.5,1373.0,1777.5,2284.0,2546.0,2842.0,3072.0,3272.0,3519.0,2488.0,840.0,1101.0,1549.0,1871.0,2019.0,2224.0,2523.0,2607.0,3542.0,2532.0,800.0,1099.0,1533.0,1849.0,2040.0,2203.0,2492.0,2581.0,"{""type"":""MultiPoint"",""coordinates"":[]}"
2108,3,2415.0,1682.0,751.0,1099.5,1552.5,1902.5,2063.5,2232.0,2485.5,2491.5,4829.0,4386.5,1476.0,1969.0,2476.0,3004.5,3228.0,3431.5,3553.0,3685.5,3009.0,2037.0,984.0,1248.0,1670.0,2045.0,2283.0,2534.0,2577.0,2865.0,2979.0,2120.0,815.0,1108.0,1280.0,1851.0,2112.0,2237.0,2529.0,2542.0,3153.0,2314.0,771.0,1176.0,1354.0,1951.0,2192.0,2399.0,2588.0,2648.0,6860.0,6399.0,2297.0,2902.0,3390.0,4364.0,4554.0,4926.0,5043.0,5230.0,937.0,650.0,969.0,1322.0,1370.0,2053.0,2512.0,2853.0,2857.0,2816.0,4613.0,3975.0,1558.0,2060.0,2175.0,3100.0,4522.0,4964.0,4415.0,5143.0,1519.0,827.5,433.0,626.0,435.5,939.5,2371.5,3090.5,3060.5,3157.0,1698.0,813.0,351.0,493.0,248.0,691.0,2802.0,4323.0,4305.0,4453.0,0.0,0.0,0.0,0.0,0.0,0.0,0.0,0.0,0.0,0.0,2956.0,2246.0,889.0,1263.0,1716.0,2007.0,2173.0,2359.0,2583.0,2617.0,1631.0,733.0,375.0,521.0,290.0,676.0,3025.0,5082.0,5017.0,5403.0,1448.5,670.0,489.0,694.5,369.0,954.0,3029.0,4613.0,4694.0,4922.5,1738.0,854.0,498.0,772.0,461.0,1214.0,3372.0,4754.0,4711.0,5120.0,1645.5,875.0,451.5,750.0,465.0,1199.5,3166.0,4199.5,4180.5,4541.0,1980.0,1091.0,482.0,928.0,669.0,1560.0,3125.0,3656.0,3900.0,4043.0,3048.0,1963.5,914.0,1311.0,1465.5,2243.5,3088.5,3513.0,3691.0,4003.5,2202.0,1612.5,662.0,882.0,1073.0,1400.0,1656.0,1829.0,2068.5,2022.0,1785.0,1127.0,527.0,723.0,728.0,1129.0,1720.0,1752.0,1891.0,2073.0,2675.0,1915.0,804.5,1083.5,1344.0,1714.5,1998.0,2192.5,2390.5,2450.5,2898.0,2050.0,762.0,1062.0,1345.0,1772.0,2063.0,2275.0,2440.0,2514.0,3013.0,2285.5,1109.0,1452.5,1834.5,2197.5,2409.0,2546.0,2838.0,2822.5,1402.0,919.0,524.0,741.0,953.0,1328.0,1612.0,1795.0,2010.0,2029.0,1916.0,1273.0,614.0,876.0,1109.0,1497.0,1799.0,1991.0,2205.0,2220.0,1663.5,991.5,490.0,761.0,1022.5,1421.5,1666.0,1867.5,2138.0,2112.5,2113.0,1366.5,616.5,922.5,1181.5,1570.0,1837.5,2013.5,2265.5,2277.0,0.0,0.0,0.0,0.0,0.0,0.0,0.0,0.0,0.0,0.0,751.0,408.0,371.0,556.0,710.0,1055.0,1176.0,1300.0,1600.0,1509.0,0.0,0.0,0.0,0.0,0.0,0.0,0.0,0.0,0.0,0.0,689.0,713.0,10394.0,10176.0,10118.0,10279.0,9868.0,9498.0,9814.0,8987.0,195.0,164.0,8240.0,8172.0,8258.0,8602.0,8074.0,7702.0,7892.0,7254.0,2870.0,2026.0,829.5,1193.5,1533.5,1962.0,2300.0,2478.0,2746.5,2755.5,3053.0,2133.0,907.0,1300.0,1486.0,2101.0,2623.0,2835.0,3102.0,3112.0,2962.0,2074.0,908.0,1412.0,1714.0,2330.0,2665.0,2861.0,3023.0,3106.0,3190.0,2287.0,1008.0,1426.0,1702.0,2279.0,2531.0,2711.0,2940.0,3009.0,"{""type"":""MultiPoint"",""coordinates"":[]}"
2152,1,2588.0,1834.0,662.0,970.0,1318.0,1524.0,1682.0,1810.0,2072.0,2022.0,4903.0,4551.0,1288.0,1955.0,2614.0,2953.0,3055.0,3200.0,3384.0,3421.0,1505.0,1023.0,491.5,677.0,839.5,1001.0,1055.5,1123.0,1236.0,1191.5,4097.5,3500.5,1155.0,1734.0,2062.5,2575.5,2864.0,3060.0,3166.0,3233.0,2943.0,2107.0,731.0,1180.0,1506.0,1824.0,2112.0,2263.0,2413.0,2401.0,4828.0,4634.0,3671.0,3741.0,3559.0,4086.0,4618.0,4933.0,4988.0,5008.0,3603.5,2481.0,2793.0,2778.0,2529.0,2984.0,4320.0,4895.5,5095.5,4940.0,1824.5,817.0,199.5,432.0,201.5,580.0,3241.0,4980.0,4942.0,5093.0,1668.0,735.5,246.0,418.5,236.0,563.0,3098.5,5231.0,5279.5,5441.0,1826.0,784.0,364.0,545.0,331.0,644.0,3205.0,5091.0,5073.0,5423.0,2089.0,904.0,499.0,652.0,389.0,745.0,3615.0,5007.0,4666.0,5111.0,2830.0,2188.0,737.0,1032.0,1368.0,1606.0,1742.0,1887.0,2110.0,2101.0,2464.0,1192.0,1337.0,1263.0,891.0,1331.0,3569.0,5377.0,5125.0,5709.0,1872.0,811.0,392.0,634.0,369.0,810.0,3176.0,4606.0,4572.0,4959.0,2058.0,1015.0,467.0,724.0,564.0,1078.0,2811.0,3608.0,3560.0,4045.0,1112.0,543.0,435.0,646.0,694.0,969.0,1465.0,1682.0,2022.0,1767.0,2747.0,2028.0,367.0,544.0,802.0,1042.0,1273.0,1537.0,1592.0,1903.0,2334.5,1619.5,1200.5,1310.0,1418.0,1639.5,1869.5,1987.5,1925.5,2155.5,4020.0,3253.0,936.0,1325.0,1921.0,2210.0,2356.0,2572.0,2775.0,2895.0,3700.0,2805.0,815.0,1188.0,1472.0,1915.0,2332.0,2511.0,2536.0,2756.0,3705.0,2762.0,793.0,1197.0,1330.0,1804.0,2624.0,2883.0,2953.0,3126.0,2887.5,1839.5,516.5,998.5,815.5,1482.0,2798.5,3091.5,3244.0,3285.0,4216.0,3802.0,2585.0,2747.5,3008.5,3236.0,3305.5,3386.5,3685.0,3518.0,2872.5,2126.5,574.5,974.5,1076.0,1552.0,2148.0,2352.0,2593.5,2582.5,3366.0,2826.0,2211.5,2243.0,2439.0,2738.0,2791.5,2915.5,3025.0,3072.5,2751.0,1996.0,663.0,1020.0,1529.0,1727.0,1912.0,1990.0,2272.0,2280.0,3195.5,2473.0,786.0,1168.5,1663.0,1913.5,2023.5,2191.0,2417.5,2430.0,0.0,0.0,0.0,0.0,0.0,0.0,0.0,0.0,0.0,0.0,2906.0,2252.0,738.0,1020.0,1412.0,1628.0,1784.0,1884.0,2105.0,2132.0,0.0,0.0,0.0,0.0,0.0,0.0,0.0,0.0,0.0,0.0,811.0,906.0,10840.0,10536.0,10442.0,10539.0,10181.0,9741.0,10168.0,9384.0,288.0,210.0,6639.0,6768.0,6970.0,7390.0,7133.0,6655.0,6780.0,6479.0,2851.0,2062.0,697.0,1080.0,1395.0,1700.0,1867.0,2030.0,2262.0,2208.0,3408.0,2709.0,2041.5,2207.0,2432.0,2710.5,2836.0,2932.5,3096.0,3065.0,2932.0,2110.0,704.0,1130.0,1519.0,1809.0,1945.0,2079.0,2291.0,2298.0,3487.0,2574.0,957.0,1375.0,1803.0,2142.0,2254.0,2479.0,2623.0,2663.0,"{""type"":""MultiPoint"",""coordinates"":[]}"
2160,5,2318.0,1668.0,768.0,1026.0,1299.0,1649.0,1980.0,2178.0,2446.0,2415.0,4749.5,4225.0,1706.0,2214.0,2750.5,3113.5,3272.5,3467.0,3683.5,3699.0,2950.0,2077.0,1023.0,1280.0,1711.0,1937.0,2109.0,2281.0,2529.0,2540.0,3179.0,2090.0,1260.0,1584.0,1700.0,2263.0,2508.0,2679.0,2725.0,2931.0,2970.0,2063.0,928.0,1332.0,1563.0,2029.0,2404.0,2585.0,2793.0,2835.0,5153.0,4018.0,1609.0,2301.0,2247.0,3231.0,4919.0,5225.0,5604.0,5577.0,0.0,0.0,0.0,0.0,0.0,0.0,0.0,0.0,0.0,0.0,2885.5,1469.5,514.0,835.5,584.0,1297.0,3953.0,4847.0,4862.0,5107.5,3375.0,1801.0,584.0,894.0,572.0,1317.0,4280.0,4928.0,4919.0,4987.0,2594.0,1131.0,348.0,597.0,275.0,819.0,4444.0,6268.0,6344.0,6536.0,2409.0,1026.0,292.0,471.0,253.0,698.0,4285.0,6221.0,6329.0,6487.0,2675.0,1890.0,867.0,1203.0,1514.0,1853.0,2200.0,2400.0,2641.0,2620.0,2522.0,1005.0,373.0,502.0,296.0,725.0,4465.0,6688.0,6385.0,6829.0,2761.0,1174.0,621.0,942.0,714.0,1137.0,4397.0,6166.0,6386.0,6671.0,1909.0,791.0,211.0,405.0,206.0,679.0,3502.0,4839.0,4723.0,5156.0,2256.0,1056.0,456.5,735.0,412.5,1142.5,3747.5,4399.0,4353.5,4672.0,2284.5,1269.5,385.0,734.0,568.0,1360.5,2662.0,3162.0,3200.0,3568.5,2558.0,1676.0,530.0,775.0,941.0,1244.0,1786.0,2042.0,2195.0,2399.0,2610.5,1873.0,476.0,611.0,810.0,1055.0,1240.5,1400.5,1570.0,1689.5,3517.0,2574.0,782.0,1016.0,1361.0,1679.0,1828.0,1958.0,2073.0,2231.0,3800.5,2783.0,875.0,1116.5,1399.5,1755.5,1986.0,2178.0,2248.5,2449.0,3828.0,2815.0,869.0,1115.0,1415.0,1782.0,2085.0,2248.0,2363.0,2478.0,2927.0,1981.0,953.0,1283.0,1538.0,1970.0,2578.0,2784.0,3097.0,3027.0,3143.0,2394.5,1004.5,1341.0,1657.5,2072.0,2247.5,2384.5,2626.0,2615.0,4387.0,4190.0,1567.0,1949.0,2477.0,2759.0,2821.0,2960.0,3178.0,3179.0,2593.0,1812.0,757.0,1063.0,1490.0,1709.0,1840.0,2024.0,2288.0,2296.0,2854.5,2119.0,895.5,1203.0,1563.5,1873.5,1997.0,2165.5,2320.5,2402.5,0.0,0.0,0.0,0.0,0.0,0.0,0.0,0.0,0.0,0.0,2366.0,1551.0,1011.5,1334.5,1473.5,1815.5,1951.0,2064.0,2431.5,2206.0,0.0,0.0,0.0,0.0,0.0,0.0,0.0,0.0,0.0,0.0,61.0,74.0,10750.0,10519.0,10261.0,10341.0,9827.0,9003.0,9139.0,8149.0,546.0,380.0,5346.0,5566.0,5792.0,6096.0,5882.0,5710.0,5876.0,5428.0,2461.5,1616.0,796.0,1109.5,1322.5,1745.5,2198.5,2402.5,2688.0,2679.0,3397.0,2745.5,1598.5,1827.0,2119.5,2410.0,2519.5,2663.5,2953.0,2901.5,3262.0,2484.0,1001.0,1332.0,1692.0,2035.0,2168.0,2336.0,2598.0,2561.0,3206.0,2364.0,1069.0,1410.0,1730.0,2092.0,2309.0,2456.0,2670.0,2700.0,"{""type"":""MultiPoint"",""coordinates"":[]}"
2164,1,2068.0,1246.0,733.0,918.0,973.0,1402.0,2036.0,2224.0,2415.0,2428.0,4302.5,3677.5,1052.5,1489.5,1853.0,2294.5,2498.5,2649.5,2866.0,2938.5,3303.0,2513.0,1413.0,1648.0,1831.0,2256.0,2611.0,2836.0,2896.0,3042.0,3313.0,2470.0,1133.0,1346.0,1445.0,1946.0,2163.0,2315.0,2340.0,2543.0,4092.0,3337.5,985.5,1420.5,1801.0,2198.0,2535.0,2709.5,2887.0,2998.0,6715.0,5602.0,3830.5,4046.0,4219.5,4819.0,5591.0,5921.0,6141.0,6120.5,1977.5,1111.5,707.5,758.5,606.5,942.0,2153.5,2584.5,2726.0,2781.5,1930.0,1068.0,503.5,680.5,472.5,811.5,3038.5,4447.5,4415.5,4527.0,2080.0,914.0,456.0,662.0,398.0,804.0,3915.0,5895.0,5716.0,5987.0,1815.5,696.0,369.0,509.0,285.0,628.0,3302.5,5407.5,5478.5,5718.5,1867.0,696.0,312.0,515.0,269.0,642.0,3551.0,5581.0,5664.0,5826.0,3029.0,2109.0,688.0,858.0,1121.0,1618.0,2226.0,2428.0,2695.0,2707.0,1936.5,805.5,436.0,572.5,364.0,740.5,3239.5,5111.0,5011.5,5495.5,2130.0,1023.0,390.0,637.0,518.0,964.0,2729.0,3826.0,3944.0,4307.0,2616.0,1570.0,426.0,688.5,847.0,1328.5,2075.5,2584.5,2526.5,3149.5,2832.5,2088.0,535.0,672.5,870.5,1169.5,1559.5,1823.5,1670.5,2164.0,3248.0,2575.0,429.0,625.0,856.0,1127.0,1281.0,1456.0,1570.0,1694.0,4631.0,3156.0,935.0,1329.0,2043.0,2462.0,2649.0,2868.0,3164.0,3361.0,4771.5,3547.5,946.0,1309.0,1972.5,2320.0,2494.0,2745.5,2989.5,3135.0,4051.0,2875.0,867.0,1158.0,1624.0,1989.0,2109.0,2334.0,2493.0,2566.0,4504.0,3156.0,1063.0,1487.0,1980.5,2457.5,2734.0,2996.0,3169.0,3347.0,4256.0,2828.0,951.0,1390.0,1666.0,2311.0,3023.0,3290.0,3547.0,3626.0,3609.5,2814.0,1583.5,1701.0,1916.5,2354.5,2898.5,3079.0,3356.0,3295.0,3265.0,2043.5,717.5,1131.0,1296.0,2049.5,2868.5,3118.5,3455.0,3499.0,0.0,0.0,0.0,0.0,0.0,0.0,0.0,0.0,0.0,0.0,3186.5,2018.0,751.5,1129.0,1674.0,2162.0,2519.0,2784.0,3204.0,3248.5,3810.0,2564.0,828.0,1188.0,1780.0,2154.0,2357.0,2593.0,2932.0,3047.0,0.0,0.0,0.0,0.0,0.0,0.0,0.0,0.0,0.0,0.0,3691.0,2759.0,961.0,1254.0,1809.0,2085.0,2211.0,2408.0,2682.0,2730.0,0.0,0.0,0.0,0.0,0.0,0.0,0.0,0.0,0.0,0.0,764.0,827.0,10460.0,10240.0,10146.0,10256.0,9854.0,9440.0,9794.0,9033.0,1481.5,997.5,3766.5,3832.5,3978.5,4418.0,4642.0,4644.5,4822.0,4652.5,3227.0,2208.0,612.0,882.0,1074.0,1603.0,2286.0,2547.0,2878.0,2860.0,3595.0,2537.0,835.0,1126.0,1329.0,1862.0,2301.0,2523.0,2810.0,2906.0,3576.0,2507.0,769.0,1058.0,1349.0,1729.0,1989.0,2143.0,2409.0,2495.0,3128.0,2328.5,698.0,939.0,1261.5,1544.0,1693.5,1845.5,2021.0,2111.0,"{""type"":""MultiPoint"",""coordinates"":[]}"
2170,3,1664.0,1172.0,614.0,828.0,1092.5,1293.5,1348.5,1437.5,1646.0,1629.0,5011.0,4804.5,1479.5,1943.5,2507.0,2821.5,2978.5,3123.5,3241.0,3377.5,1854.5,1297.5,596.0,875.5,1113.5,1411.5,1451.5,1584.0,1729.0,1725.0,2242.0,1600.0,718.0,1024.0,1206.0,1571.0,1643.0,1775.0,1971.0,1965.0,3140.0,2389.0,763.0,1134.0,1253.0,1706.0,1869.0,2027.0,2236.0,2270.0,6315.0,5806.0,2391.0,2793.0,2976.0,3722.0,4169.0,4578.0,4426.0,4995.0,0.0,0.0,0.0,0.0,0.0,0.0,0.0,0.0,0.0,0.0,1960.0,1253.0,920.0,1139.0,992.0,1680.0,2770.0,3148.0,3152.0,3165.0,1802.0,1010.0,366.0,697.0,360.0,977.0,2800.0,3761.0,3497.0,3514.0,1635.0,847.0,414.0,617.0,293.0,803.0,2840.0,3809.0,3880.0,3874.0,1718.0,850.0,507.0,687.0,407.0,907.0,2924.0,4139.0,4262.0,4230.0,1699.5,1274.5,1076.5,1116.0,1194.5,1290.5,1327.5,1369.0,1699.0,1471.5,1494.0,690.0,343.0,514.0,248.0,715.0,2884.0,4328.0,4358.0,4513.0,1771.0,827.0,492.0,849.0,420.5,1136.5,3578.5,4930.0,4964.0,5107.0,1826.0,890.0,551.0,943.0,499.0,1295.0,3350.0,4401.0,4282.0,4578.0,2007.0,1040.0,527.0,1048.0,616.0,1702.0,3622.0,4159.0,4147.0,4532.0,2134.0,1160.0,617.0,1227.0,868.0,1978.0,3386.0,3929.0,4079.0,4204.0,2524.0,1573.0,1033.5,1400.0,1463.0,2163.0,2830.5,3134.5,3277.5,3489.0,4255.0,3090.0,1004.0,1410.5,2016.5,2401.5,2567.5,2817.0,3069.5,3099.5,2012.0,1376.0,682.5,810.5,1015.0,1202.5,1295.0,1381.5,1494.5,1563.5,3676.5,2586.0,812.0,1122.5,1459.0,1765.5,2044.0,2241.5,2451.5,2520.0,3862.0,2650.0,886.0,1212.0,1551.0,1886.0,2217.0,2389.0,2636.0,2657.0,2161.0,1687.5,640.5,870.0,1129.5,1332.0,1416.5,1521.0,1682.5,1648.5,3724.5,2618.0,931.0,1175.5,1608.0,1820.5,2119.5,2253.5,2631.5,2623.5,1842.0,1164.0,617.0,864.0,1304.0,1557.0,1694.0,1854.0,2147.0,2211.0,2303.0,1510.5,695.5,970.0,1458.0,1624.0,1754.5,1918.5,2193.5,2164.5,2537.0,1742.5,817.0,1080.5,1533.0,1785.0,1823.5,1970.5,2226.5,2251.5,0.0,0.0,0.0,0.0,0.0,0.0,0.0,0.0,0.0,0.0,1466.5,929.0,601.0,764.0,1084.5,1290.5,1370.5,1459.5,1661.5,1656.0,0.0,0.0,0.0,0.0,0.0,0.0,0.0,0.0,0.0,0.0,982.0,1039.0,10360.0,10088.0,10142.0,10271.0,9981.0,9612.0,10000.0,9316.0,1038.5,703.0,1010.0,1258.5,1491.0,1754.5,1669.0,1870.0,1890.0,1801.0,2399.0,1762.0,644.0,914.0,1155.0,1450.0,1540.0,1638.0,1847.0,1792.0,2071.5,1532.0,706.5,964.5,1150.0,1423.5,1586.0,1695.5,1882.5,1871.5,2524.0,1758.0,661.0,962.0,1191.0,1542.0,1712.0,1815.0,2043.0,2016.0,3371.5,2661.0,1323.5,1693.5,1951.5,2247.5,2383.5,2506.5,2537.0,2635.0,"{""type"":""MultiPoint"",""coordinates"":[]}"
2174,1,2527.0,1752.5,779.0,1003.5,1312.0,1563.0,1664.0,1811.0,2064.0,2027.0,4958.5,4414.0,1541.0,2006.0,2539.5,2902.0,3010.0,3184.0,3415.5,3503.5,2478.0,1626.0,736.0,959.5,1149.0,1535.5,1750.5,1885.5,2031.0,2089.0,2586.5,1704.5,754.0,1016.0,1082.5,1591.0,1985.5,2157.5,2317.5,2321.5,0.0,0.0,0.0,0.0,0.0,0.0,0.0,0.0,0.0,0.0,3498.5,2677.0,1049.0,1346.5,1435.5,1850.0,2852.0,3302.5,3418.5,3532.5,2101.5,1474.0,852.5,959.5,921.0,1271.0,2204.5,2818.0,2435.0,2809.5,2215.0,1160.0,333.5,567.0,366.5,773.5,3104.0,4704.0,4800.5,4719.5,2461.0,1209.5,550.0,810.0,597.5,1092.5,3612.5,5194.0,5272.5,5698.0,2155.0,1012.5,448.5,661.0,425.5,822.0,3257.5,4935.0,5005.0,5039.0,2133.5,899.0,734.5,857.0,564.5,975.0,3444.5,4977.0,4887.0,5271.0,3030.5,2498.5,1031.0,1312.0,1666.0,1907.0,1888.5,2156.0,2430.0,2300.5,2017.5,869.5,496.0,672.0,408.0,848.0,3120.0,4407.5,4347.0,4631.5,2070.0,979.0,472.0,730.5,491.0,978.0,3079.5,4135.0,4170.5,4336.5,2433.5,1401.0,521.5,819.0,841.5,1405.5,2367.0,2865.0,2940.0,3173.5,3078.0,2176.5,648.5,855.0,1085.5,1453.5,1944.5,2218.0,2158.5,2565.5,3997.5,3141.0,928.0,1272.5,1834.5,2181.5,2332.0,2542.5,2753.5,2905.0,0.0,0.0,0.0,0.0,0.0,0.0,0.0,0.0,0.0,0.0,3796.0,2982.5,978.0,1284.0,1788.0,2060.5,2211.5,2379.5,2554.0,2688.5,3119.5,2254.0,773.5,1012.5,1319.5,1658.0,1812.0,1960.0,2033.5,2210.5,3440.0,2610.5,800.0,1099.0,1374.0,1719.0,2058.0,2243.5,2441.5,2515.5,2809.0,2068.0,685.5,962.5,1101.5,1471.5,1880.5,2034.5,2244.5,2263.5,0.0,0.0,0.0,0.0,0.0,0.0,0.0,0.0,0.0,0.0,3038.5,2105.5,656.0,935.5,1175.0,1597.0,1922.5,2154.0,2467.0,2447.5,0.0,0.0,0.0,0.0,0.0,0.0,0.0,0.0,0.0,0.0,2533.5,1636.0,637.5,941.5,1255.0,1598.0,1948.5,2093.0,2439.0,2469.0,3028.5,2180.5,810.0,1069.0,1397.5,1715.5,2018.0,2228.0,2443.5,2514.5,0.0,0.0,0.0,0.0,0.0,0.0,0.0,0.0,0.0,0.0,2528.0,1787.5,691.5,893.5,1094.0,1428.5,1808.5,2063.5,2329.0,2214.5,0.0,0.0,0.0,0.0,0.0,0.0,0.0,0.0,0.0,0.0,1062.5,1150.0,11136.0,10727.0,10616.0,10695.5,10291.0,9933.5,10358.0,9587.5,0.0,0.0,0.0,0.0,0.0,0.0,0.0,0.0,0.0,0.0,2813.0,2040.5,861.5,1114.5,1423.0,1678.5,1826.5,1954.5,2201.0,2204.5,3802.5,2980.0,1090.0,1428.0,1753.5,2140.0,2336.5,2558.0,2790.5,2813.0,2756.0,2035.0,1753.5,1831.0,1868.0,2153.0,2280.5,2443.0,2760.5,2583.5,0.0,0.0,0.0,0.0,0.0,0.0,0.0,0.0,0.0,0.0,"{""type"":""MultiPoint"",""coordinates"":[]}"
2177,3,2303.0,2145.5,1959.0,1992.5,2115.0,2316.0,2443.5,2535.0,2794.5,2683.0,3119.5,2733.0,1094.0,1330.0,1636.0,1847.5,1998.5,2116.5,2210.5,2305.5,1377.0,828.5,586.0,726.0,917.0,1074.5,1123.5,1233.5,1355.5,1380.5,1704.5,1030.5,829.5,955.5,1197.0,1388.0,1447.0,1592.5,1762.0,1774.5,3665.5,3212.0,1299.0,1581.0,1975.0,2139.5,2283.0,2420.0,2658.5,2672.0,5377.0,4504.5,3170.5,3278.5,3577.0,3941.0,3963.5,4107.0,4392.5,4294.0,0.0,0.0,0.0,0.0,0.0,0.0,0.0,0.0,0.0,0.0,3773.0,2961.5,1083.0,1463.0,1616.0,2095.5,2451.5,2685.0,2842.5,2993.5,1081.5,821.0,515.0,744.5,802.5,1192.0,1363.5,1478.0,1506.0,1471.0,1308.0,708.0,470.0,736.5,444.5,1078.0,2468.5,2996.5,2920.0,2841.0,1349.0,663.5,419.5,547.5,296.5,692.0,2273.5,3148.0,3108.5,3204.0,2313.5,1660.0,737.5,920.0,1114.0,1419.0,1666.5,1802.0,2092.5,2027.5,1748.5,806.5,328.5,533.0,210.0,770.5,3180.5,4732.0,4627.0,4923.0,1721.5,793.5,386.5,516.5,242.0,704.0,3026.5,5148.0,5194.5,5256.0,1900.5,908.0,522.5,822.0,489.0,1219.0,3516.5,4940.0,4908.0,5213.5,1897.0,945.5,446.0,840.0,489.0,1371.0,3488.5,4623.5,4505.0,4873.0,1925.5,1005.5,493.5,900.5,634.0,1521.0,3494.5,4365.0,4649.5,4713.5,3711.5,3215.0,2648.0,3003.5,2968.5,3866.5,4868.0,5260.0,5095.0,5463.5,2096.5,1208.0,621.5,1060.0,970.0,1855.0,3039.5,3461.0,3710.5,3760.5,2251.5,1566.0,825.0,1153.0,1500.0,1915.0,2062.5,2320.5,2458.0,2554.5,2907.5,1980.0,964.5,1263.5,1616.0,2036.0,2309.0,2523.5,2748.5,2747.5,3407.0,2428.5,1025.0,1369.0,1798.0,2224.5,2499.5,2727.5,2984.5,3028.0,1898.0,1518.5,626.5,774.0,930.0,1155.5,1330.5,1436.0,1607.5,1602.0,3027.5,2044.5,950.5,1259.0,1688.0,1918.0,2187.5,2349.5,2751.5,2616.5,1727.5,1098.0,825.5,1056.5,1547.5,1802.0,1930.0,2172.5,2435.5,2429.5,1642.0,1053.0,625.0,912.0,1376.5,1566.0,1686.5,1856.5,2157.5,2100.5,2112.5,1372.5,726.5,1008.0,1446.5,1693.5,1844.0,1961.5,2174.5,2231.0,0.0,0.0,0.0,0.0,0.0,0.0,0.0,0.0,0.0,0.0,1336.0,911.0,705.0,860.5,1201.5,1435.5,1508.5,1598.5,1835.5,1771.0,0.0,0.0,0.0,0.0,0.0,0.0,0.0,0.0,0.0,0.0,1038.5,1131.5,10751.0,10377.0,10313.0,10432.0,10052.5,9687.0,10024.0,9295.5,629.5,366.0,678.0,865.5,1012.0,1263.5,1440.5,1490.5,1625.0,1571.0,2021.0,1306.0,854.0,1079.0,1276.5,1549.0,1697.0,1808.5,1964.5,1988.0,1978.0,1296.5,792.0,997.5,1135.0,1462.5,1714.5,1823.0,2032.5,2021.5,1504.5,896.0,724.5,968.5,1093.0,1457.5,1695.5,1820.5,1947.5,1997.5,3408.0,2777.5,978.5,1296.5,1569.5,1941.0,2290.5,2446.0,2652.5,2686.5,"{""type"":""MultiPoint"",""coordinates"":[]}"
2214,5,1551.0,941.0,503.0,635.0,899.0,1007.0,1082.0,1185.0,1357.0,1333.0,2147.0,1671.5,579.0,779.5,1024.0,1184.0,1256.0,1341.5,1412.0,1498.5,1769.0,1064.0,617.0,749.0,1014.0,1147.0,1215.0,1321.0,1455.0,1479.0,1874.0,1174.0,622.0,773.0,1003.0,1149.0,1172.0,1306.0,1371.0,1439.0,1868.0,1392.0,462.0,641.0,864.0,1003.0,1098.0,1174.0,1277.0,1315.0,4036.5,3598.0,3226.0,3272.0,3301.5,3687.0,3913.5,4021.0,3988.0,4079.0,1679.0,1019.0,514.0,653.0,589.0,871.0,1490.0,1615.0,1675.0,1731.0,148.0,153.0,874.0,1145.0,994.0,1199.0,500.0,570.0,421.0,293.0,2926.0,2205.0,1393.0,1492.0,1705.0,1913.0,1750.0,1849.0,1802.0,2006.0,2485.0,1990.0,745.0,946.0,1202.0,1396.0,1564.0,1700.0,1757.0,1822.0,2462.0,1866.0,672.0,899.0,1043.0,1329.0,1765.0,1960.0,1954.0,2081.0,1522.0,1042.0,428.0,601.0,804.0,916.0,989.0,1053.0,1192.0,1184.0,3317.5,2747.0,3293.0,3096.0,3000.0,3344.0,3395.0,3509.5,3411.5,3585.5,3226.0,2444.5,2041.0,2091.5,2160.0,2393.5,2604.0,2744.5,2759.0,2874.0,2414.0,1864.0,635.0,875.0,1146.0,1327.0,1458.0,1562.0,1554.0,1702.0,2158.0,1554.0,788.0,886.0,1027.0,1251.0,1503.0,1678.0,1588.0,1857.0,2177.0,1665.5,518.5,707.5,953.0,1111.0,1202.0,1320.0,1303.0,1474.0,2068.0,1392.0,513.0,678.0,894.0,1109.0,1173.0,1253.0,1332.0,1396.0,1856.0,1366.5,518.0,624.0,827.0,945.5,1028.5,1153.5,1211.5,1254.0,1869.0,1403.0,389.0,534.0,708.0,837.0,911.0,997.0,1013.0,1127.0,1629.5,1230.5,493.0,601.5,748.5,873.5,962.0,1052.5,1073.5,1132.5,2199.5,1783.5,554.5,704.0,934.0,1081.0,1140.5,1256.0,1328.5,1394.0,2429.5,1554.5,2216.5,2206.5,2300.5,2460.5,2343.5,2222.0,2652.5,2150.0,2101.0,1606.0,449.5,615.0,853.5,988.5,1040.5,1148.0,1282.0,1303.5,2159.0,1775.0,489.0,652.0,891.0,1006.0,1079.0,1185.0,1271.0,1301.0,1153.5,797.0,241.0,361.5,522.0,578.0,632.5,716.5,828.5,826.5,1395.0,1010.5,287.0,380.5,550.5,628.5,675.5,762.0,829.5,856.0,1728.0,1309.0,830.0,884.0,973.0,1104.0,1189.0,1321.0,1174.0,1339.0,1570.0,1026.0,471.5,561.0,752.0,854.0,933.0,1006.0,1103.0,1159.0,0.0,0.0,0.0,0.0,0.0,0.0,0.0,0.0,0.0,0.0,53.0,58.0,10479.0,10360.0,10190.0,10342.0,9771.0,9011.0,9158.0,8284.0,418.0,280.0,5138.0,5307.0,5533.0,5695.0,5509.0,5314.0,5491.0,5125.0,1355.5,816.5,738.0,1014.5,1292.5,1490.5,1453.5,1546.5,1671.0,1623.0,2494.5,2089.0,1435.5,1513.0,1695.0,1802.0,1867.0,1936.0,2108.5,2057.5,1494.0,1005.0,466.0,597.0,832.0,924.0,1015.0,1104.0,1215.0,1223.0,1588.0,959.0,635.0,817.0,1052.0,1192.0,1267.0,1351.0,1469.0,1513.0,"{""type"":""MultiPoint"",""coordinates"":[]}"
2233,4,2457.0,1758.0,652.0,806.0,996.0,1276.0,1671.0,1777.0,2015.0,1966.0,3846.0,3407.0,796.0,1081.0,1507.0,1782.0,1924.0,2073.0,2272.0,2390.0,2184.0,1576.0,619.0,743.0,966.0,1120.0,1204.0,1380.0,1464.0,1485.0,4093.0,3839.0,1174.0,1530.0,1964.0,2281.0,2384.0,2546.0,2746.0,2735.0,4729.0,4579.0,1345.0,1686.0,2197.0,2513.0,2634.0,2866.0,2986.0,3136.0,5255.0,5159.0,1529.0,1936.0,2477.0,2826.0,2932.0,3213.0,3334.0,3400.0,0.0,0.0,0.0,0.0,0.0,0.0,0.0,0.0,0.0,0.0,4764.0,4521.0,1515.0,1935.0,2355.0,2780.0,3092.0,3300.0,3468.0,3564.0,0.0,0.0,0.0,0.0,0.0,0.0,0.0,0.0,0.0,0.0,3863.5,3030.0,954.5,1295.5,1374.5,1860.0,3062.0,3589.0,3544.5,3846.5,3313.0,2128.0,849.0,1123.0,931.0,1453.0,3471.0,4545.0,4476.0,4659.0,2951.0,2363.0,766.0,961.0,1201.0,1552.0,1792.0,1946.0,2190.0,2199.0,3114.5,1772.0,2574.0,2341.0,1883.0,2317.5,4056.0,4951.5,5182.0,5138.0,2408.0,1275.0,502.0,776.0,496.0,1018.0,3387.0,4752.0,4714.0,4919.0,2630.0,1501.0,623.0,941.0,724.0,1336.0,3253.0,4257.0,4128.0,4594.0,2641.5,1467.5,554.0,935.0,701.5,1361.5,2979.0,3550.5,3465.5,3921.0,3016.0,1931.0,523.5,836.0,1052.0,1569.0,2201.0,2524.0,2723.5,2904.5,0.0,0.0,0.0,0.0,0.0,0.0,0.0,0.0,0.0,0.0,3426.0,2741.0,526.0,709.5,1036.0,1326.5,1478.0,1637.0,1800.5,1939.0,3296.0,2570.0,552.0,710.0,982.0,1226.0,1392.0,1574.0,1655.0,1835.0,3273.0,2536.0,515.0,685.5,968.0,1211.5,1434.5,1617.5,1783.0,1848.5,3408.0,2633.0,530.0,722.0,1004.0,1266.0,1523.0,1664.0,1861.0,1916.0,0.0,0.0,0.0,0.0,0.0,0.0,0.0,0.0,0.0,0.0,3005.0,2161.0,569.0,733.5,967.5,1276.0,1439.5,1665.5,1800.5,1892.0,0.0,0.0,0.0,0.0,0.0,0.0,0.0,0.0,0.0,0.0,2008.0,1351.0,410.0,620.0,969.0,1104.0,1206.0,1323.0,1539.0,1612.0,3247.0,2472.0,1197.0,1367.0,1631.0,1880.5,2046.0,2248.5,2453.0,2446.0,0.0,0.0,0.0,0.0,0.0,0.0,0.0,0.0,0.0,0.0,2406.0,1833.0,659.0,843.0,1152.0,1259.0,1359.0,1512.0,1745.0,1700.0,0.0,0.0,0.0,0.0,0.0,0.0,0.0,0.0,0.0,0.0,523.0,584.0,9797.0,9609.0,9607.0,9639.0,9372.0,9011.0,9428.0,8720.0,0.0,0.0,0.0,0.0,0.0,0.0,0.0,0.0,0.0,0.0,2912.0,2374.0,806.0,1032.0,1278.0,1594.0,1905.0,2068.0,2289.0,2263.0,3046.0,2302.0,700.0,968.0,1135.0,1652.5,2119.5,2302.0,2529.0,2529.0,2585.0,1839.0,602.0,849.0,1028.0,1483.0,1797.0,1976.0,2235.0,2213.0,0.0,0.0,0.0,0.0,0.0,0.0,0.0,0.0,0.0,0.0,"{""type"":""MultiPoint"",""coordinates"":[]}"
2258,5,2287.5,1496.5,500.5,662.5,811.0,1192.5,1701.0,1835.5,2058.0,2087.0,3066.5,2306.5,788.0,1040.0,1202.0,1639.0,2055.5,2247.5,2428.0,2387.0,2507.0,1713.5,630.0,792.5,1039.0,1303.0,1465.0,1657.0,1822.0,1942.0,0.0,0.0,0.0,0.0,0.0,0.0,0.0,0.0,0.0,0.0,0.0,0.0,0.0,0.0,0.0,0.0,0.0,0.0,0.0,0.0,3657.5,2888.5,1002.0,1252.0,1460.0,1813.5,2222.5,2463.0,2595.5,2690.5,0.0,0.0,0.0,0.0,0.0,0.0,0.0,0.0,0.0,0.0,2917.0,2149.0,706.0,944.0,937.0,1395.5,2247.0,2422.5,2675.5,2699.0,0.0,0.0,0.0,0.0,0.0,0.0,0.0,0.0,0.0,0.0,2471.0,1400.5,599.5,833.5,590.5,1171.5,3125.0,3839.5,3878.0,3939.5,2494.5,1319.5,440.5,691.0,438.5,1034.5,3636.0,4790.5,4839.0,4855.5,2976.0,2318.5,696.5,854.0,1064.5,1468.0,1843.5,2039.0,2269.5,2270.0,4846.0,4497.5,4417.0,4325.0,4248.0,4792.0,5611.0,6218.0,6040.5,6215.0,2079.5,964.5,404.5,605.5,326.5,911.5,3562.5,4946.0,5064.5,5087.5,2759.5,1387.5,1620.0,1407.0,813.0,1485.0,4844.5,6512.0,6255.5,6831.0,2047.5,951.5,362.5,595.0,301.5,921.5,3636.0,4769.0,4647.0,4868.5,2019.0,994.5,340.5,652.0,373.0,1127.0,3313.5,3946.5,4171.0,4232.0,0.0,0.0,0.0,0.0,0.0,0.0,0.0,0.0,0.0,0.0,2480.0,1568.5,614.0,823.5,772.0,1322.0,2156.0,2306.5,2640.5,2706.5,0.0,0.0,0.0,0.0,0.0,0.0,0.0,0.0,0.0,0.0,2469.0,1664.5,422.5,623.0,677.5,1050.5,1530.5,1715.5,1942.5,1959.5,3686.0,2640.0,784.0,1061.5,1265.5,1719.0,2245.0,2532.0,2742.5,2826.0,0.0,0.0,0.0,0.0,0.0,0.0,0.0,0.0,0.0,0.0,3100.0,2112.0,619.0,893.0,992.0,1487.5,2100.5,2235.5,2509.5,2521.5,0.0,0.0,0.0,0.0,0.0,0.0,0.0,0.0,0.0,0.0,2469.0,1540.0,464.5,708.5,850.0,1439.5,2090.0,2328.5,2488.0,2487.5,2086.0,1244.5,392.0,621.0,792.5,1305.0,1859.5,1995.0,2204.0,2239.0,0.0,0.0,0.0,0.0,0.0,0.0,0.0,0.0,0.0,0.0,2452.0,1615.0,559.0,721.5,833.5,1400.0,2159.0,2313.0,2515.0,2536.0,0.0,0.0,0.0,0.0,0.0,0.0,0.0,0.0,0.0,0.0,971.0,1019.0,10724.0,10227.5,10253.0,10119.0,9836.5,9711.0,10028.5,9103.0,2602.5,2267.5,1330.5,1725.5,1904.0,2131.0,2296.5,2482.5,2046.0,2615.5,2853.5,2058.0,623.0,805.0,993.5,1409.0,1808.0,2053.0,2198.5,2185.0,2624.0,1832.5,598.5,807.5,966.5,1322.5,1647.5,1835.0,2141.5,2168.0,2377.0,1581.5,487.5,677.5,812.0,1259.0,1733.5,1881.0,2189.5,2153.5,3086.0,2448.0,818.0,1022.0,1192.0,1653.0,2032.0,2192.0,2413.0,2488.5,"{""type"":""MultiPoint"",""coordinates"":[]}"
2259,5,1727.5,978.0,430.0,586.0,737.0,1027.5,1340.0,1503.5,1732.5,1738.5,4220.5,3880.5,1153.5,1503.5,1870.5,2225.5,2399.5,2586.0,2787.0,2830.5,1979.5,1277.5,624.0,793.5,1010.0,1236.5,1348.5,1501.0,1646.5,1670.0,2566.5,1748.0,922.5,1083.0,1270.5,1535.5,1680.5,1860.5,2021.0,2042.5,0.0,0.0,0.0,0.0,0.0,0.0,0.0,0.0,0.0,0.0,1961.0,1436.5,461.0,586.5,663.0,860.0,1096.0,1222.0,1208.5,1389.5,0.0,0.0,0.0,0.0,0.0,0.0,0.0,0.0,0.0,0.0,0.0,0.0,0.0,0.0,0.0,0.0,0.0,0.0,0.0,0.0,4191.0,3086.5,867.5,1216.0,1330.0,1844.0,3136.0,3598.5,3614.0,4005.5,3722.0,2824.0,716.0,987.0,1041.5,1502.0,2752.5,3340.5,3465.0,3672.0,2633.5,1572.0,953.5,1104.5,942.0,1475.0,3188.5,3889.5,3819.5,4163.0,3065.0,2344.5,699.0,894.5,1090.5,1434.0,1748.0,1931.0,2162.0,2158.0,3365.0,2310.5,594.0,782.0,707.0,1228.0,2886.0,3685.5,3681.5,4093.0,2739.5,1826.5,539.5,694.5,604.0,1055.0,2597.5,3275.5,3375.5,3587.0,0.0,0.0,0.0,0.0,0.0,0.0,0.0,0.0,0.0,0.0,2819.5,1934.5,509.5,727.0,694.0,1155.5,2232.0,2658.5,2681.0,3066.5,3179.5,2270.0,527.0,785.5,892.0,1371.5,2024.5,2322.0,2536.0,2731.0,0.0,0.0,0.0,0.0,0.0,0.0,0.0,0.0,0.0,0.0,3149.0,2471.0,788.5,929.5,1115.5,1378.0,1578.0,1768.0,1892.0,2051.5,4292.0,3356.0,1026.5,1143.0,1325.5,1633.5,1872.5,2067.0,2156.5,2396.0,3195.0,2512.5,517.5,685.5,909.5,1150.0,1387.5,1567.5,1746.0,1851.5,3870.0,2977.0,744.0,974.5,1332.5,1631.0,1865.0,2120.5,2318.5,2462.5,0.0,0.0,0.0,0.0,0.0,0.0,0.0,0.0,0.0,0.0,2319.5,2146.5,478.0,641.5,880.5,1025.0,1082.5,1194.5,1307.0,1338.5,0.0,0.0,0.0,0.0,0.0,0.0,0.0,0.0,0.0,0.0,1544.5,1091.5,284.0,444.0,640.5,747.5,813.5,893.0,998.0,1029.5,1460.0,1046.5,396.5,576.0,788.5,937.5,1005.5,1116.0,1227.0,1230.5,0.0,0.0,0.0,0.0,0.0,0.0,0.0,0.0,0.0,0.0,1938.0,1420.5,617.0,792.0,1032.0,1223.5,1337.0,1458.5,1618.0,1623.0,0.0,0.0,0.0,0.0,0.0,0.0,0.0,0.0,0.0,0.0,1013.5,1089.5,11109.0,10623.5,10527.5,10614.0,10290.5,9891.5,10293.0,9475.5,0.0,0.0,0.0,0.0,0.0,0.0,0.0,0.0,0.0,0.0,3096.0,2363.5,1124.5,1277.0,1484.0,1886.5,2185.0,2350.5,2378.0,2547.0,2476.0,1785.0,680.0,895.5,1096.0,1316.5,1475.0,1648.0,1808.0,1823.0,905.0,673.5,299.0,387.5,493.0,640.0,691.0,816.0,724.5,910.5,3309.5,2731.0,933.5,1181.0,1437.5,1778.5,1952.0,2109.0,2260.0,2342.0,"{""type"":""MultiPoint"",""coordinates"":[]}"
2269,176,2562.0,1653.0,699.0,981.0,1522.0,1799.0,1901.0,2154.0,2451.0,2531.0,4050.0,2993.0,778.0,1091.0,1372.0,1812.0,2380.0,2663.0,2971.0,3026.0,3683.0,2749.0,727.0,999.0,1189.0,1628.0,2227.0,2481.0,2809.0,2825.0,3575.5,2288.0,674.5,1066.5,983.0,1704.5,2914.0,3311.5,3537.0,3668.0,3557.0,2198.0,673.0,1108.0,958.0,1788.0,3182.0,3549.0,3845.0,3936.0,2949.0,1526.5,673.5,1087.5,698.5,1535.5,3685.0,4321.5,4388.0,4636.5,2731.0,1467.0,941.0,1236.0,937.0,1590.0,3276.0,3961.0,3929.0,4239.0,2924.5,1509.0,656.5,1115.5,679.5,1563.0,3669.0,4272.0,4357.0,4641.5,2004.5,944.0,430.5,782.5,414.5,1059.0,3170.5,3824.0,3931.5,4074.0,2594.0,1637.5,1269.5,1493.0,1352.5,1848.5,3189.0,3789.5,3790.5,3976.0,0.0,0.0,0.0,0.0,0.0,0.0,0.0,0.0,0.0,0.0,3695.0,2902.5,1430.5,1616.0,2001.5,2268.0,2469.5,2643.5,2817.5,2986.0,2734.5,1282.0,856.0,1123.5,732.5,1416.5,3913.5,5004.5,4975.0,5511.5,3006.0,1523.0,788.5,1054.5,836.0,1541.0,3280.0,3986.5,4225.5,4615.0,3358.0,1944.0,689.5,981.0,1002.5,1651.5,2804.0,3306.0,3430.0,3779.5,2444.0,1144.0,511.0,707.0,526.0,1058.0,3192.0,3961.0,3977.0,4275.0,2639.0,1389.0,495.0,771.0,612.0,1248.0,2885.0,3498.0,3600.0,3874.0,3030.0,1534.0,660.0,949.0,766.0,1434.0,3289.0,3896.0,3949.0,4241.0,2868.0,1548.0,531.0,846.0,732.0,1397.0,2849.0,3366.0,3655.0,3831.0,2549.0,1358.0,497.5,758.0,598.5,1233.5,2778.0,3371.5,3472.0,3737.5,2501.0,1326.0,424.0,733.0,562.0,1172.0,2795.0,3456.0,3552.0,3730.0,2540.5,1336.5,436.0,707.0,606.5,1308.0,2767.0,3279.0,3523.5,3712.5,3621.0,2638.5,824.0,1110.0,1598.0,1857.0,1988.0,2193.5,2543.0,2585.0,2582.0,1409.0,490.0,733.0,715.0,1319.0,2628.0,3052.0,3482.0,3541.0,3017.0,1771.0,490.0,775.0,929.0,1487.0,2358.0,2767.0,3185.0,3352.0,3532.0,2210.0,612.0,920.0,1333.0,1775.0,2352.0,2702.0,3186.0,3208.0,3864.0,2461.5,734.0,1093.0,1703.0,2112.5,2378.0,2668.0,2972.5,3170.5,3680.0,2385.0,801.5,1104.5,1620.0,2013.0,2319.5,2579.0,2855.5,3021.5,3619.0,2554.0,771.5,1043.0,1428.5,1794.5,2119.5,2343.5,2546.0,2729.0,3940.0,2881.0,836.0,1154.0,1661.0,1894.0,2093.0,2313.0,2641.0,2680.0,1154.0,1077.0,7852.0,7493.0,7409.0,7473.0,7347.0,7149.0,7401.0,6928.0,2019.5,1511.0,4194.5,4175.0,4402.0,4565.5,4595.5,4588.5,4855.5,4721.5,4076.0,3042.0,840.0,1127.5,1588.5,1919.0,2087.0,2338.0,2618.0,2760.5,4233.0,3245.0,884.0,1161.0,1614.0,1946.0,2208.0,2436.0,2795.0,2874.0,4173.0,3165.0,869.5,1182.5,1607.0,1962.5,2276.0,2511.0,2886.0,2931.0,4295.5,3280.5,887.5,1207.0,1585.0,1968.5,2442.5,2725.5,3038.0,3089.5,"{""type"":""MultiPoint"",""coordinates"":[]}"
2300,5,1282.0,753.0,657.0,895.0,1298.0,1563.0,1649.0,1821.0,2038.0,2039.0,4924.0,4546.0,1694.0,2217.0,2784.0,3078.0,3182.0,3322.0,3569.0,3540.0,2462.0,1695.0,807.0,1044.0,1371.0,1599.0,1672.0,1801.0,1960.0,1985.0,3513.0,2492.0,1150.0,1483.0,1898.0,2191.0,2234.0,2353.0,2462.0,2531.0,2849.0,2034.0,980.0,1313.0,1697.0,1918.0,2009.0,2141.0,2273.0,2294.0,0.0,0.0,0.0,0.0,0.0,0.0,0.0,0.0,0.0,0.0,1300.0,1060.0,597.0,764.0,931.0,978.0,1016.0,1198.0,875.0,1215.0,4414.5,3860.5,1605.0,2232.5,2614.0,3080.0,3270.5,3435.0,3469.5,3623.0,5536.0,5053.0,2274.0,3049.0,3395.0,4081.0,4852.0,5114.0,4993.0,5288.0,4297.0,3281.0,1869.0,2320.0,2409.0,2963.0,4050.0,4504.0,4436.0,4675.0,3576.5,2376.0,867.5,1304.0,1162.0,1879.5,3784.5,4354.5,4302.5,4551.0,3128.0,2407.0,1262.0,1606.0,2050.0,2270.0,2363.0,2500.0,2712.0,2665.0,2801.5,1381.5,424.5,718.5,411.5,1119.0,4316.5,5304.5,5239.5,5662.0,2508.0,1165.0,489.5,694.0,361.5,1003.5,4281.0,5774.5,5860.5,6149.0,2612.0,1130.0,335.0,563.0,278.0,876.0,4338.0,6251.0,6058.0,6601.0,2373.0,1024.0,316.0,471.0,242.0,727.0,3907.0,5680.0,5439.0,5943.0,2197.0,931.0,217.0,471.0,210.0,770.0,3989.0,5329.0,5329.0,5651.0,1987.0,844.0,295.0,524.0,285.0,847.0,3752.0,4753.0,4849.0,5062.0,2138.5,965.5,356.5,798.0,368.0,1422.5,3867.0,4529.5,4581.0,4893.0,2319.0,1441.0,430.0,740.0,722.0,1318.0,1704.0,1860.0,1978.0,2189.0,2537.0,1756.0,313.0,517.0,674.0,972.0,1184.0,1336.0,1598.0,1655.0,3597.0,2634.0,660.5,910.0,1355.0,1638.5,1782.0,2014.0,2256.5,2366.5,4324.5,3880.0,2617.5,2804.0,3081.5,3302.5,3416.0,3512.0,3762.0,3658.5,3179.0,2510.0,728.0,915.0,1215.0,1390.0,1503.0,1617.0,1855.0,1848.0,348.0,231.0,256.0,206.0,218.0,219.0,214.0,256.0,260.0,251.0,1939.0,1439.0,494.0,704.0,973.0,1103.0,1172.0,1246.0,1422.0,1403.0,2192.0,1758.0,569.5,828.5,1071.5,1232.0,1290.5,1396.0,1530.5,1501.5,0.0,0.0,0.0,0.0,0.0,0.0,0.0,0.0,0.0,0.0,2011.0,1486.0,591.0,775.0,1004.0,1187.0,1265.0,1347.0,1506.0,1507.0,0.0,0.0,0.0,0.0,0.0,0.0,0.0,0.0,0.0,0.0,768.0,856.0,10802.0,10502.0,10396.0,10499.0,10129.0,9714.0,10100.0,9362.0,1674.0,1474.5,4327.5,4375.5,4514.5,4631.5,4460.0,4408.0,4606.5,4265.5,2601.0,1883.0,1083.0,1441.0,1822.0,2065.0,2166.0,2340.0,2640.0,2565.0,3514.0,2670.5,1302.5,1688.0,2061.5,2364.0,2520.0,2689.0,2931.0,2897.0,2263.0,1471.0,833.0,1197.0,1529.0,1846.0,1994.0,2135.0,2339.0,2317.0,2683.0,1979.0,896.0,1204.0,1534.5,1785.0,1892.0,2028.5,2208.5,2178.5,"{""type"":""MultiPoint"",""coordinates"":[]}"
2314,61,1802.0,1579.5,1542.5,1634.5,1777.0,2014.0,2020.0,2116.0,2238.5,2191.5,3399.0,2719.5,1167.5,1478.0,1755.0,2058.5,2283.5,2468.5,2506.5,2687.0,0.0,0.0,0.0,0.0,0.0,0.0,0.0,0.0,0.0,0.0,3298.0,2842.5,979.5,1250.5,1471.5,1750.0,2014.5,2206.5,2313.0,2472.5,1647.5,931.5,798.5,1098.5,1189.0,1498.0,1752.5,1919.0,1929.5,2122.0,0.0,0.0,0.0,0.0,0.0,0.0,0.0,0.0,0.0,0.0,0.0,0.0,0.0,0.0,0.0,0.0,0.0,0.0,0.0,0.0,0.0,0.0,0.0,0.0,0.0,0.0,0.0,0.0,0.0,0.0,3562.0,2908.0,1282.0,1807.0,1913.0,2502.0,3403.5,3758.5,3387.5,3953.0,0.0,0.0,0.0,0.0,0.0,0.0,0.0,0.0,0.0,0.0,1792.5,1087.0,942.0,986.5,1091.5,1210.0,1439.5,1497.0,1538.5,1480.0,1968.0,1369.5,577.0,782.0,977.0,1260.0,1443.5,1552.0,1735.0,1772.0,4636.5,3737.5,3741.5,3603.0,3560.0,3938.5,4313.5,4570.0,4725.0,4655.0,0.0,0.0,0.0,0.0,0.0,0.0,0.0,0.0,0.0,0.0,886.0,665.0,597.5,624.5,667.5,737.0,778.0,859.0,777.5,894.5,2179.5,1732.5,866.0,1029.0,1210.0,1401.5,1446.5,1601.0,1546.5,1684.5,2803.0,2417.0,758.0,976.5,1269.5,1430.0,1504.0,1574.0,1647.0,1739.0,3021.5,2725.0,932.5,1158.0,1466.5,1642.5,1703.5,1844.5,1912.5,1987.0,2557.5,2117.5,714.0,875.0,1115.5,1274.0,1388.5,1519.0,1591.5,1727.0,2999.0,2285.0,1227.0,1334.0,1507.0,1825.5,2173.0,2360.0,2375.0,2649.0,3221.0,2643.0,893.5,1174.0,1451.5,1655.5,1843.5,1973.0,2231.5,2202.0,3037.0,2642.5,928.0,1160.5,1412.5,1627.5,1902.0,2015.0,2179.0,2224.5,1804.5,1174.0,887.0,1099.0,1270.5,1575.5,1733.0,1912.0,2144.0,2118.5,2045.5,1303.0,537.0,736.5,876.0,1112.5,1689.0,1860.5,2020.0,1988.0,1974.0,1372.0,564.5,770.5,887.0,1184.5,1471.5,1623.5,1718.5,1789.0,2467.5,1948.0,644.0,859.0,1086.0,1323.0,1557.0,1726.5,1937.5,1968.0,2512.5,2039.5,554.5,808.0,1070.5,1317.0,1546.5,1702.0,1860.0,1859.0,0.0,0.0,0.0,0.0,0.0,0.0,0.0,0.0,0.0,0.0,1037.0,1019.0,2225.5,1655.0,1369.5,1468.0,1422.0,1509.5,1421.5,1462.0,0.0,0.0,0.0,0.0,0.0,0.0,0.0,0.0,0.0,0.0,598.5,601.5,11045.5,10768.0,10468.0,10450.0,9940.5,9483.5,10058.0,8917.5,356.5,287.5,4663.5,4888.5,5072.0,5356.5,5001.0,4842.0,4719.0,4530.5,1566.0,998.5,734.0,989.5,1173.0,1450.0,1530.5,1668.0,1819.5,1806.0,0.0,0.0,0.0,0.0,0.0,0.0,0.0,0.0,0.0,0.0,1596.0,1016.5,811.0,1055.5,1270.0,1542.0,1599.5,1737.0,1850.5,1866.0,1732.5,1135.5,994.0,1259.0,1488.5,1689.5,1734.5,1868.5,1876.5,1951.5,"{""type"":""MultiPoint"",""coordinates"":[]}"
2316,5,1363.5,847.5,493.0,678.5,1012.0,1204.0,1327.5,1437.0,1604.5,1670.5,3481.5,2656.5,815.5,1137.0,1425.0,1851.0,2005.0,2188.0,2201.5,2394.0,1167.0,688.5,443.0,649.0,829.5,1170.5,1273.5,1424.0,1449.5,1599.5,1171.0,693.0,378.0,534.0,669.0,1017.0,1192.0,1312.0,1343.0,1542.0,3719.0,2984.0,757.0,1088.0,1297.0,1912.0,2129.0,2368.0,2448.0,2697.0,0.0,0.0,0.0,0.0,0.0,0.0,0.0,0.0,0.0,0.0,0.0,0.0,0.0,0.0,0.0,0.0,0.0,0.0,0.0,0.0,1899.0,1421.5,527.5,702.0,854.5,1047.0,1193.0,1309.5,1294.0,1498.5,4772.0,4260.5,1361.0,1858.5,2423.5,2767.0,2980.0,3216.5,3284.0,3526.0,4626.5,3928.5,1199.5,1552.0,1984.5,2380.5,2767.0,3093.5,3043.5,3414.5,4998.0,4477.0,1213.0,1623.0,2061.0,2479.0,3062.0,3496.0,3506.0,3822.0,3532.0,2711.0,993.0,1293.0,1707.0,1905.0,1967.0,2139.0,2427.0,2377.0,3754.0,2878.0,864.0,1231.0,1322.0,1797.0,2962.0,3351.0,3331.0,3697.0,3810.5,2651.5,856.5,1198.0,1152.5,1772.5,3815.0,4663.5,4734.5,4985.0,2834.5,1883.5,1439.0,1496.5,1285.0,1734.5,3112.0,3716.5,3861.5,3761.5,2964.0,1596.0,417.0,688.0,483.0,1103.0,4010.0,5147.0,5064.0,5450.0,2565.0,1415.0,389.0,600.0,426.0,1004.0,3886.0,4980.0,5228.0,5257.0,2311.0,1216.5,310.5,549.5,370.5,934.0,3593.5,4693.5,4801.0,5006.0,2341.5,1177.0,391.0,704.0,415.0,1180.5,3746.0,4524.5,4698.5,4690.5,2690.0,1835.0,544.0,850.0,942.0,1447.0,1991.0,2262.0,2343.0,2594.0,3214.0,2402.0,585.0,813.0,1102.0,1340.0,1638.0,1808.0,2062.0,2188.0,3456.0,2727.0,720.0,929.0,1233.0,1495.0,1756.0,2022.0,2093.0,2281.0,1194.0,845.0,774.0,949.0,1236.0,1404.0,1413.0,1559.0,1755.0,1642.0,2782.0,2007.0,612.0,740.0,982.0,1184.0,1379.0,1543.0,1662.0,1818.0,1863.0,1174.0,589.0,744.0,1130.0,1398.0,1476.0,1660.0,1851.0,1994.0,2799.0,1986.0,616.0,880.5,1214.0,1466.5,1611.5,1735.5,1918.0,2001.5,3025.0,2257.5,724.0,986.0,1305.5,1591.0,1742.5,1862.0,1980.5,2108.5,0.0,0.0,0.0,0.0,0.0,0.0,0.0,0.0,0.0,0.0,2567.0,1911.0,661.0,819.0,1019.0,1326.0,1449.0,1588.0,1705.0,1782.0,0.0,0.0,0.0,0.0,0.0,0.0,0.0,0.0,0.0,0.0,939.0,1010.0,10442.0,10222.0,10218.0,10347.0,10106.0,9694.0,9994.0,9284.0,785.5,508.5,4944.5,4915.5,5043.0,5274.5,4973.5,4810.0,4989.5,4609.0,1465.0,949.0,463.0,684.0,993.5,1264.5,1303.0,1471.0,1569.5,1644.5,1341.0,856.0,566.0,794.0,1066.0,1329.0,1477.0,1630.0,1677.0,1799.0,1390.0,878.0,502.0,694.0,925.0,1248.0,1328.0,1448.0,1502.0,1689.0,1455.0,851.0,601.0,824.0,1031.0,1325.0,1432.0,1567.0,1609.0,1709.0,"{""type"":""MultiPoint"",""coordinates"":[]}"
2325,4,2334.0,1654.0,592.0,808.0,1082.0,1276.0,1449.0,1596.0,1812.0,1784.0,4675.0,4322.0,1182.0,1620.0,2195.0,2460.0,2599.0,2807.0,3034.0,3016.0,2255.0,1534.0,658.0,854.0,1164.0,1326.5,1402.5,1529.0,1667.0,1698.5,2907.0,2315.0,950.0,1261.0,1652.0,1872.0,1915.0,2051.0,2216.0,2206.0,0.0,0.0,0.0,0.0,0.0,0.0,0.0,0.0,0.0,0.0,5479.0,5144.0,1493.0,1975.0,2486.0,2888.0,3314.0,3600.0,3711.0,3857.0,0.0,0.0,0.0,0.0,0.0,0.0,0.0,0.0,0.0,0.0,3174.0,2002.0,567.0,922.0,759.0,1233.0,3656.0,4683.0,4844.0,4854.0,3011.0,1363.0,444.0,795.0,376.0,1007.0,4731.0,6769.0,6609.0,7068.0,3075.0,1396.5,892.0,1110.5,603.5,1175.0,4586.5,6734.5,6751.5,7146.0,0.0,0.0,0.0,0.0,0.0,0.0,0.0,0.0,0.0,0.0,3552.0,3050.0,892.0,1183.0,1564.0,1826.0,2001.0,2141.0,2427.0,2368.0,1678.0,788.0,477.0,648.5,420.0,842.5,2626.0,3735.5,3738.0,4031.5,2527.0,1229.0,643.0,910.0,665.0,1191.0,3584.0,5137.0,5265.0,5503.0,3017.0,1566.0,611.0,981.0,949.0,1533.0,3387.0,4497.0,4487.0,5058.0,3598.5,2505.5,1285.0,1273.0,1469.0,1856.5,2249.0,2616.5,2893.5,2971.0,4333.5,3280.0,714.0,985.0,1529.0,1848.0,2065.5,2356.5,2598.5,2762.0,0.0,0.0,0.0,0.0,0.0,0.0,0.0,0.0,0.0,0.0,3531.5,2862.0,916.0,1231.5,1650.5,1976.0,2134.5,2316.0,2468.0,2549.5,3074.0,2228.0,761.0,1051.0,1212.0,1638.0,2064.0,2243.0,2273.0,2366.0,3741.5,3041.0,828.0,1190.0,1433.5,1844.0,2260.0,2472.5,2697.5,2701.5,3632.0,2948.0,790.0,1126.0,1309.0,1820.0,2278.0,2489.0,2678.0,2791.0,0.0,0.0,0.0,0.0,0.0,0.0,0.0,0.0,0.0,0.0,3178.0,2367.0,593.0,860.0,1088.0,1499.0,1793.0,2036.0,2270.0,2347.0,0.0,0.0,0.0,0.0,0.0,0.0,0.0,0.0,0.0,0.0,2420.0,1662.0,445.0,691.0,1084.0,1336.0,1437.0,1618.0,1838.0,1852.0,2338.0,1596.0,511.0,755.0,1165.0,1365.0,1493.0,1601.0,1771.0,1819.0,1124.0,581.0,6028.0,5491.0,5197.0,5248.0,4952.0,4909.0,4651.0,4767.0,2925.5,2196.0,1954.0,2024.0,2152.5,2413.5,2521.0,2604.5,2638.0,2731.5,0.0,0.0,0.0,0.0,0.0,0.0,0.0,0.0,0.0,0.0,1060.0,1148.0,11289.0,10917.0,10865.0,10989.0,10654.0,10176.0,10640.0,9860.0,3326.0,2794.0,2424.0,2306.0,2399.0,2689.0,2757.0,2966.0,2872.0,3096.0,3731.0,3129.0,921.0,1275.0,1687.0,2020.0,2262.0,2418.0,2694.0,2599.0,3839.0,3366.0,1217.0,1635.0,2105.0,2379.0,2456.0,2634.0,2876.0,2833.0,2597.0,1939.0,777.0,1077.0,1452.0,1654.0,1740.0,1865.0,2030.0,2024.0,1220.0,838.0,548.0,615.0,744.0,782.0,816.0,857.0,867.0,903.0,"{""type"":""MultiPoint"",""coordinates"":[]}"
2385,1,2449.0,1570.0,430.0,704.0,906.0,1378.0,1853.0,2120.0,2381.0,2451.0,3387.0,3051.0,649.0,985.0,1495.0,1777.0,1967.0,2156.0,2269.0,2455.0,0.0,0.0,0.0,0.0,0.0,0.0,0.0,0.0,0.0,0.0,3213.0,2405.0,628.0,1032.0,1037.0,1725.0,2341.0,2591.0,2708.0,2801.0,2599.0,1722.0,522.0,856.0,933.0,1434.0,1956.0,2166.0,2391.0,2400.0,3626.0,2572.0,685.0,1024.0,1135.0,1764.0,2795.0,3182.0,3290.0,3550.0,0.0,0.0,0.0,0.0,0.0,0.0,0.0,0.0,0.0,0.0,1184.0,661.0,949.0,885.0,668.0,836.0,1957.0,2965.0,2786.0,3025.0,1551.0,908.5,285.0,425.5,335.0,578.5,2269.0,3604.0,3555.5,3780.0,1650.0,658.0,288.0,415.0,188.0,526.0,2909.0,4988.0,4927.0,5269.0,0.0,0.0,0.0,0.0,0.0,0.0,0.0,0.0,0.0,0.0,3070.5,2167.0,558.0,830.5,1085.5,1539.5,2031.0,2278.0,2575.0,2652.5,2629.5,1605.0,1323.5,1419.5,1176.5,1611.0,3674.0,5106.5,5007.5,5379.5,0.0,0.0,0.0,0.0,0.0,0.0,0.0,0.0,0.0,0.0,2146.0,1183.0,290.0,636.0,618.0,1180.0,2465.0,2974.0,3025.0,3437.0,3990.0,3297.5,3181.0,3112.5,3019.0,3535.5,3870.0,4086.5,4034.5,4171.0,1990.0,1367.0,207.0,362.0,500.0,756.0,1080.0,1252.0,1312.0,1487.0,3817.0,2799.5,735.5,1049.5,1553.5,1988.0,2183.5,2477.5,2566.0,2904.0,4389.0,3487.5,995.5,1347.0,1964.5,2316.5,2426.0,2632.0,2710.5,2977.0,0.0,0.0,0.0,0.0,0.0,0.0,0.0,0.0,0.0,0.0,4288.5,3477.5,1195.0,1548.5,1942.0,2381.5,2732.0,2967.0,2766.0,3332.0,3702.0,2765.5,782.5,1130.5,1550.5,1927.5,2250.0,2422.5,2646.0,2759.5,0.0,0.0,0.0,0.0,0.0,0.0,0.0,0.0,0.0,0.0,3367.5,2562.0,794.0,1130.5,1678.5,2015.0,2171.5,2364.0,2585.5,2729.0,0.0,0.0,0.0,0.0,0.0,0.0,0.0,0.0,0.0,0.0,4227.5,3572.0,1021.0,1440.0,2083.5,2445.0,2631.0,2874.0,3171.0,3239.0,4135.0,3419.0,922.0,1348.0,1952.0,2336.0,2544.0,2713.0,2969.0,3114.0,0.0,0.0,0.0,0.0,0.0,0.0,0.0,0.0,0.0,0.0,0.0,0.0,0.0,0.0,0.0,0.0,0.0,0.0,0.0,0.0,0.0,0.0,0.0,0.0,0.0,0.0,0.0,0.0,0.0,0.0,0.0,0.0,0.0,0.0,0.0,0.0,0.0,0.0,0.0,0.0,230.0,204.0,8411.0,8569.0,8717.0,9034.0,8627.0,8184.0,8260.0,7598.0,2838.0,1953.0,518.0,782.0,974.0,1411.0,1948.0,2169.0,2430.0,2503.0,0.0,0.0,0.0,0.0,0.0,0.0,0.0,0.0,0.0,0.0,3130.0,2325.0,616.5,865.0,1179.5,1513.5,1723.0,1897.0,2192.5,2292.0,3622.5,2809.0,678.5,945.0,1257.5,1614.5,1851.5,2052.5,2296.5,2448.0,"{""type"":""MultiPoint"",""coordinates"":[]}"
2390,3,3111.5,2692.5,2187.0,2294.0,2354.0,2710.0,2968.5,3078.5,3338.5,3162.0,2970.5,2381.0,1704.5,1889.0,2014.0,2204.5,2239.0,2302.5,2754.0,2476.0,2048.5,1390.5,661.5,843.5,1060.0,1305.0,1371.0,1528.0,1645.0,1674.0,2509.0,1825.0,937.0,1099.0,1314.0,1578.0,1657.0,1798.0,1990.0,1954.0,4980.0,4698.0,1624.0,2076.0,2612.0,2960.0,3162.0,3295.0,3551.0,3517.0,5744.0,5091.0,2064.0,2573.0,3079.0,3653.0,3882.0,4123.0,4183.0,4366.0,0.0,0.0,0.0,0.0,0.0,0.0,0.0,0.0,0.0,0.0,3284.5,2473.5,934.0,1228.0,1148.5,1648.0,2424.0,2757.5,2862.5,3021.5,1489.0,813.0,388.0,633.0,515.0,891.0,2372.0,3242.0,3046.0,3344.0,1322.0,660.0,295.5,424.0,209.5,584.0,2492.0,3705.5,3628.5,3754.5,1368.0,612.0,439.0,575.0,323.0,603.0,2806.0,4344.0,4306.0,4527.0,1513.0,927.0,442.5,633.5,621.0,963.0,1383.5,1474.5,1815.0,1512.0,1263.0,545.0,331.0,402.0,207.0,536.0,2536.0,4354.0,4216.0,4578.0,1300.0,600.0,403.0,489.0,271.0,598.0,2640.0,4447.0,4514.0,4689.0,1208.5,526.0,277.5,487.5,232.0,755.5,2692.0,4138.0,4152.0,4475.5,1370.5,657.5,420.0,677.0,415.0,1081.5,2844.0,3923.5,3813.0,4205.0,1517.0,760.0,475.0,744.0,589.0,1201.0,2712.0,3431.0,3613.0,3786.0,1740.0,960.0,617.0,856.0,800.0,1382.5,2561.5,3135.0,3150.5,3546.5,1947.5,1080.5,560.5,809.0,874.0,1374.5,2237.0,2592.5,2760.0,2946.0,2674.5,2163.5,1387.0,1648.5,1822.5,2132.0,2269.5,2372.0,2313.5,2549.5,2684.0,1886.0,655.5,879.0,1156.5,1367.0,1545.5,1710.5,1945.5,1924.5,2384.0,1645.0,597.0,778.5,1050.0,1247.0,1463.0,1609.5,1801.5,1823.5,2358.5,1721.0,544.0,877.0,917.5,1469.0,2149.5,2372.5,2666.5,2535.5,2122.0,1395.0,558.0,720.0,1014.0,1247.0,1311.0,1533.0,1674.0,1698.0,752.0,482.0,482.0,503.0,609.0,703.0,701.0,806.0,928.0,834.0,1741.5,1109.0,439.5,647.0,947.5,1131.5,1224.0,1305.0,1553.5,1597.0,1826.0,1223.0,542.0,774.0,1109.0,1276.0,1379.0,1485.0,1718.0,1735.0,0.0,0.0,0.0,0.0,0.0,0.0,0.0,0.0,0.0,0.0,1641.0,1243.5,1171.0,1169.5,1310.5,1454.0,1466.0,1499.0,1746.5,1574.0,0.0,0.0,0.0,0.0,0.0,0.0,0.0,0.0,0.0,0.0,939.0,1032.0,10036.0,9882.0,9942.0,10231.0,9829.0,9449.0,9850.0,9148.0,1474.5,953.5,413.5,676.0,734.5,1182.5,1778.5,1994.0,2158.5,2185.0,2406.0,1579.0,493.0,802.0,820.0,1325.0,2406.0,2665.0,2960.0,2904.0,2113.0,1265.0,520.0,872.0,707.0,1337.0,2739.0,3143.0,3432.0,3267.0,2274.0,1370.0,606.0,1065.0,936.0,1759.0,2737.0,3028.0,3359.0,3259.0,3624.0,2903.0,1026.0,1347.0,1736.0,1983.0,2100.0,2256.0,2372.0,2453.0,"{""type"":""MultiPoint"",""coordinates"":[]}"
2404,1,2190.0,1637.0,634.0,847.0,1134.0,1339.0,1484.0,1638.0,1800.0,1784.0,4970.5,4797.5,1478.0,1964.0,2582.5,2883.5,2963.0,3141.0,3320.5,3389.0,2805.0,2170.0,793.0,977.0,1318.0,1512.0,1581.0,1737.0,1907.0,1945.0,3966.0,3545.0,1123.0,1505.0,1778.0,2205.0,2377.0,2537.0,2723.0,2762.0,3118.0,2480.0,772.0,1096.0,1336.0,1678.0,1915.0,2062.0,2245.0,2306.0,4338.0,3579.0,1131.5,1552.0,1724.0,2249.5,3367.5,3817.0,3931.5,4059.0,0.0,0.0,0.0,0.0,0.0,0.0,0.0,0.0,0.0,0.0,1597.5,778.0,390.5,607.5,482.0,860.0,2406.0,3176.5,3107.0,3261.0,1852.0,966.0,319.0,505.0,366.0,731.5,2496.0,3534.5,3538.5,3739.5,2224.0,1264.5,535.0,703.0,538.0,912.0,2695.0,3790.0,3769.0,4013.5,2283.0,1306.0,415.0,636.0,494.0,919.0,2692.0,3764.0,3775.0,3987.0,2358.0,1831.0,707.0,947.0,1273.0,1502.0,1636.0,1767.0,1966.0,1931.0,3084.0,1834.0,981.0,1270.0,1084.0,1718.0,3491.0,4204.0,4176.0,4597.0,2489.0,1664.0,832.0,1067.0,927.0,1483.0,2670.0,3157.0,2988.0,3633.0,3401.0,2583.0,1952.5,1982.5,1986.5,2372.0,2803.5,3044.5,3184.0,3259.5,3461.0,2739.0,819.0,1062.0,1077.0,1388.0,1626.0,1817.0,1868.0,2082.0,4013.0,3733.5,1025.0,1328.0,1767.0,2043.0,2122.0,2291.5,2420.0,2557.0,3804.0,3658.0,964.0,1242.0,1681.0,1931.0,2062.0,2172.0,2273.0,2423.0,3927.0,3600.5,945.5,1217.0,1543.5,1838.0,1993.0,2168.5,2209.0,2450.5,2597.5,2326.5,762.0,968.0,1122.5,1389.5,1493.0,1592.0,1598.0,1749.5,4217.5,3944.5,1262.5,1648.0,2182.5,2467.5,2524.0,2680.5,2807.5,2906.5,4540.0,4399.0,1306.0,1713.0,2272.0,2585.0,2694.0,2797.0,2858.0,3009.0,1896.5,1758.0,1347.0,1408.0,1509.0,1691.0,1775.5,1828.0,1779.0,1918.0,2821.5,2310.5,764.5,1045.5,1333.5,1587.0,1707.5,1837.5,2007.0,1988.0,4813.0,4807.0,1553.0,2033.0,2541.0,3104.0,3312.0,3490.0,3091.0,3934.0,2949.0,2404.0,816.5,1158.5,1478.0,1740.5,1969.0,2080.5,2361.0,2313.5,2488.0,1917.0,581.0,878.0,1089.0,1422.0,1652.0,1788.0,1918.0,1984.0,0.0,0.0,0.0,0.0,0.0,0.0,0.0,0.0,0.0,0.0,2593.0,1969.0,857.5,1125.0,1307.5,1786.5,2378.0,2504.5,2469.5,2675.5,0.0,0.0,0.0,0.0,0.0,0.0,0.0,0.0,0.0,0.0,76.0,93.0,10484.0,10370.0,10228.0,10376.0,9866.0,9183.0,9392.0,8563.0,855.0,607.0,492.0,1002.0,1449.0,1645.0,1548.0,1589.0,1626.0,1523.0,2494.0,1895.5,725.5,973.5,1294.0,1499.5,1596.5,1716.0,1895.0,1897.5,3959.0,3694.0,2974.0,3010.0,3188.0,3387.0,3466.0,3510.0,3825.0,3662.0,2738.0,2150.0,743.0,1004.0,1346.0,1547.0,1629.0,1752.0,1905.0,1950.0,2823.0,2183.0,732.0,956.0,1308.0,1497.0,1594.0,1736.0,1885.0,1959.0,"{""type"":""MultiPoint"",""coordinates"":[]}"
2420,1,2379.0,1776.0,670.0,911.0,1140.0,1300.0,1452.0,1534.0,1743.0,1753.0,4677.0,3956.0,1219.0,1793.0,1913.0,2662.0,3641.0,3899.0,4167.0,4181.0,2598.0,1674.0,703.0,1034.0,944.0,1604.0,2351.0,2561.0,2801.0,2741.0,2608.0,1685.0,624.0,921.0,948.0,1366.0,2241.0,2552.0,2751.0,2717.0,3772.0,2788.0,695.0,1170.0,1067.0,1742.0,3649.0,4340.0,4425.0,4486.0,3044.5,1977.0,1771.0,1781.5,1430.0,1849.0,3684.5,4656.5,4758.5,4778.5,0.0,0.0,0.0,0.0,0.0,0.0,0.0,0.0,0.0,0.0,1910.0,873.0,341.0,506.0,288.5,618.5,3045.5,4763.5,4800.0,5029.5,2991.0,2074.0,1428.5,1566.0,1400.0,1739.0,3681.0,4911.0,4951.0,5174.0,1879.0,851.5,317.5,530.0,310.0,654.0,2964.0,4480.5,4562.0,4768.0,2000.0,911.0,487.0,679.0,427.0,805.0,3150.0,4757.0,4821.0,5054.0,2387.0,1910.0,714.0,906.0,1180.0,1324.0,1429.0,1539.0,1761.0,1716.0,1352.0,666.0,490.0,605.0,448.0,766.5,1814.5,2359.5,2329.5,2566.5,2766.0,1692.5,569.5,851.5,904.5,1392.0,2223.0,2603.5,2771.5,3011.5,0.0,0.0,0.0,0.0,0.0,0.0,0.0,0.0,0.0,0.0,3237.5,2571.5,784.5,1042.0,1415.5,1693.5,1817.5,1968.0,2050.0,2244.0,4269.0,3572.0,1090.0,1510.5,2018.0,2409.5,2615.0,2816.0,2972.0,3102.5,0.0,0.0,0.0,0.0,0.0,0.0,0.0,0.0,0.0,0.0,3549.5,2703.0,864.5,1215.0,1551.5,1934.5,2265.5,2449.0,2657.5,2739.0,3004.0,2325.0,755.0,1041.0,1303.0,1616.0,1733.0,1837.0,1919.0,2096.0,4601.5,4235.0,1246.0,1696.0,2178.0,2501.0,2638.0,2844.5,3028.5,3097.0,2853.0,2761.0,747.0,954.0,1259.0,1436.0,1495.0,1593.0,1741.0,1756.0,0.0,0.0,0.0,0.0,0.0,0.0,0.0,0.0,0.0,0.0,2945.0,2675.0,791.5,1056.0,1370.0,1556.5,1653.5,1755.5,1933.5,1906.5,3468.0,3221.0,910.0,1212.0,1590.0,1833.0,1970.0,2036.0,2182.0,2222.0,1614.0,1153.0,311.0,487.0,662.0,764.0,877.0,976.0,1106.0,1092.0,2339.0,2066.0,638.5,859.0,1074.0,1248.5,1344.0,1450.5,1522.0,1576.5,0.0,0.0,0.0,0.0,0.0,0.0,0.0,0.0,0.0,0.0,1918.0,1364.0,470.0,680.0,751.0,1015.0,1401.0,1520.0,1688.0,1642.0,0.0,0.0,0.0,0.0,0.0,0.0,0.0,0.0,0.0,0.0,120.0,146.0,13946.0,12742.0,11968.0,11958.0,11288.0,10442.0,10708.0,9654.0,0.0,0.0,0.0,0.0,0.0,0.0,0.0,0.0,0.0,0.0,3867.0,3294.0,2298.0,2610.0,2828.5,3177.0,3223.5,3212.0,3430.5,3262.5,2414.0,1809.0,602.0,845.0,1101.0,1254.0,1365.0,1462.0,1688.0,1653.0,2534.0,1786.0,643.0,909.0,1108.0,1389.0,1543.0,1688.0,1888.0,1893.0,2425.0,1625.0,647.0,948.0,1072.0,1473.0,1897.0,2044.0,2198.0,2210.0,"{""type"":""MultiPoint"",""coordinates"":[]}"
2434,5,1284.0,774.0,503.0,618.5,796.0,952.5,998.0,1093.0,1271.0,1239.5,2861.5,2395.0,959.0,1203.5,1429.0,1696.5,1782.0,1786.0,1914.5,1879.0,1692.0,1052.0,615.0,712.0,859.0,1044.0,1152.5,1238.5,1383.5,1423.0,2901.0,2292.5,729.0,868.5,1039.5,1284.0,1432.0,1571.0,1691.0,1747.0,3885.5,3357.5,980.5,1211.5,1464.0,1760.0,1898.5,2100.0,2212.0,2318.0,3844.0,3342.5,1037.0,1260.5,1556.5,1801.0,1942.5,2119.5,2277.5,2320.0,0.0,0.0,0.0,0.0,0.0,0.0,0.0,0.0,0.0,0.0,3832.5,3382.0,1116.5,1401.0,1637.0,1954.5,2110.0,2286.5,2371.0,2504.5,938.5,658.0,900.5,806.5,704.5,816.5,855.0,928.5,809.5,923.5,3337.0,2646.0,820.5,1117.5,1234.0,1621.5,2215.5,2447.5,2519.0,2668.5,0.0,0.0,0.0,0.0,0.0,0.0,0.0,0.0,0.0,0.0,1875.0,1266.5,603.5,757.0,932.5,1153.0,1209.0,1275.0,1450.5,1412.5,1890.0,1206.0,715.0,832.5,677.0,1049.5,2032.5,2377.5,2342.0,2514.0,2391.5,1525.0,626.5,808.0,663.0,1102.0,2666.5,3248.5,3272.0,3367.5,0.0,0.0,0.0,0.0,0.0,0.0,0.0,0.0,0.0,0.0,2061.0,1128.0,431.5,660.0,475.5,992.5,2662.0,3256.5,3216.5,3490.0,2106.5,1284.0,380.0,674.5,534.5,1050.5,2344.5,2742.0,2878.5,2978.5,0.0,0.0,0.0,0.0,0.0,0.0,0.0,0.0,0.0,0.0,3047.5,2490.5,563.0,719.5,943.5,1162.5,1307.0,1456.0,1621.0,1721.0,2952.0,2514.0,526.0,651.5,832.0,1003.5,1109.5,1205.5,1277.0,1404.0,2987.5,2569.5,562.5,696.0,909.0,1060.0,1158.5,1268.5,1426.0,1486.0,3662.5,2961.5,1289.5,1419.0,1650.5,1863.5,1993.5,2138.5,2396.5,2388.0,0.0,0.0,0.0,0.0,0.0,0.0,0.0,0.0,0.0,0.0,3418.0,2739.0,796.5,965.0,1244.5,1444.5,1553.0,1658.0,1864.5,1897.0,286.0,225.5,256.0,351.5,407.5,413.5,266.0,306.5,292.5,191.5,100.5,97.0,291.5,481.5,561.0,600.5,346.5,333.0,357.0,205.5,229.5,180.0,633.0,884.5,973.0,1182.5,926.0,944.5,949.0,821.0,0.0,0.0,0.0,0.0,0.0,0.0,0.0,0.0,0.0,0.0,103.5,93.5,305.0,509.5,481.0,692.5,419.0,422.5,415.0,249.0,0.0,0.0,0.0,0.0,0.0,0.0,0.0,0.0,0.0,0.0,230.0,290.5,12676.0,11852.0,11299.0,11260.5,10742.0,10146.5,10501.0,9527.0,0.0,0.0,0.0,0.0,0.0,0.0,0.0,0.0,0.0,0.0,1593.0,979.0,516.0,656.5,822.0,1041.5,1123.0,1204.0,1353.0,1354.5,2693.0,2006.0,723.0,942.5,1153.5,1354.5,1478.0,1585.5,1797.0,1778.0,1387.5,845.0,465.0,587.0,770.0,984.0,1067.0,1103.0,1278.0,1245.5,1075.0,617.5,543.5,701.5,828.5,1020.0,1039.0,1136.0,1250.5,1296.5,"{""type"":""MultiPoint"",""coordinates"":[]}"
2460,5,1953.5,1668.0,1423.5,1491.5,1739.0,1887.0,2020.0,2134.0,2421.0,2350.0,3647.0,2745.0,1378.0,1683.0,1971.0,2344.0,2583.0,2815.0,3042.0,3046.0,1484.0,816.0,576.5,830.0,950.5,1402.5,1658.5,1834.0,2029.0,2081.5,1614.0,1331.0,1703.5,1973.5,1816.5,1992.0,2009.0,2173.0,2774.0,2329.5,240.0,169.0,371.0,613.0,606.0,1007.0,1040.0,1116.0,1153.0,1015.0,5091.0,3856.5,1070.5,1402.0,1639.0,2201.0,2576.5,2919.0,3161.0,3321.5,0.0,0.0,0.0,0.0,0.0,0.0,0.0,0.0,0.0,0.0,5353.0,5084.0,1700.0,2133.0,2730.0,3145.0,3251.0,3425.0,3510.0,3743.0,5145.5,4764.0,1974.5,2412.0,3012.5,3328.5,3388.5,3521.0,3638.0,3815.0,5404.5,5220.0,1816.5,2231.5,2828.0,3182.0,3324.5,3573.5,3671.5,3871.0,4564.0,4011.5,1577.0,1891.5,2361.5,2700.5,2891.0,3144.5,3184.5,3439.0,1878.0,1216.0,697.0,976.0,1335.0,1560.0,1721.0,1897.0,2268.0,2195.0,5063.0,4711.0,1588.0,1990.0,2402.0,2880.0,3331.0,3733.0,3653.0,3999.0,4514.0,4065.0,1299.0,1645.0,1944.0,2446.0,3239.0,3667.0,3743.0,3853.0,2879.0,2084.5,812.0,1049.0,1077.0,1519.5,2657.5,3157.0,3108.5,3360.5,2307.0,1376.0,494.0,710.0,598.0,1141.0,2438.0,3073.0,2921.0,3230.0,2146.0,1102.0,377.0,597.0,484.0,976.0,2822.0,3466.0,3537.0,3670.0,2142.5,1174.5,388.0,553.0,441.5,896.5,2780.0,3547.0,3525.5,3769.0,2967.0,1979.5,565.0,840.5,763.0,1348.0,3374.0,4016.5,4302.5,4258.5,2488.0,1897.0,1466.5,1764.5,1571.0,2333.0,3290.0,3555.5,3561.0,3738.5,2838.0,1860.0,490.0,917.5,1064.5,1901.5,2635.5,2915.5,3092.5,3257.5,3154.0,2264.0,538.0,820.0,1092.0,1519.0,1730.0,1971.0,2145.0,2321.0,2638.0,1884.5,936.0,1175.0,1570.0,1825.5,2015.5,2178.5,2496.5,2482.5,2989.0,2253.0,739.0,1009.0,1389.0,1700.0,1877.0,2069.0,2382.0,2392.0,2732.0,1950.0,676.0,929.0,1311.0,1641.0,1814.0,1993.0,2289.0,2341.0,2404.5,1651.0,617.0,875.5,1214.5,1462.5,1645.5,1820.0,2054.0,2055.0,2535.5,1816.0,670.5,948.5,1239.0,1546.0,1728.5,1871.0,2061.0,2128.5,0.0,0.0,0.0,0.0,0.0,0.0,0.0,0.0,0.0,0.0,1718.0,1117.5,600.5,781.5,950.0,1214.0,1453.5,1596.5,1773.0,1767.5,0.0,0.0,0.0,0.0,0.0,0.0,0.0,0.0,0.0,0.0,1034.0,1130.0,10250.0,10010.0,10040.0,10125.0,9788.0,9415.0,9818.0,9137.0,962.0,601.0,2889.0,3040.0,3344.5,3634.0,3634.5,3768.5,3847.0,3747.5,1598.0,980.0,594.0,762.0,1036.0,1251.0,1405.0,1543.0,1775.0,1789.0,371.5,211.5,758.5,1112.0,1236.0,1311.0,1005.5,1065.0,1130.0,1025.0,89.0,47.0,688.0,910.0,896.0,967.0,394.0,384.0,337.0,240.0,2925.0,1993.0,1054.0,1333.0,1534.5,1926.0,2104.5,2267.5,2465.0,2496.5,"{""type"":""MultiPoint"",""coordinates"":[]}"
2478,5,1475.0,1197.0,1341.0,1256.0,1314.0,1421.0,1539.0,1678.0,1980.0,1925.0,3165.0,2459.0,1540.0,1907.0,2275.0,2461.0,2490.0,2553.0,2673.0,2745.0,842.0,498.0,1035.0,1409.5,1732.5,1868.0,1437.5,1520.0,1528.5,1366.0,1558.0,917.0,953.0,1180.0,1506.0,1802.0,1917.0,2056.0,2256.0,2289.0,5750.0,5297.0,2339.0,2873.0,3525.0,3927.0,4074.0,4231.0,4518.0,4553.0,4842.0,3946.5,2362.5,2487.5,2832.5,3095.5,3332.0,3371.5,4013.0,3463.5,0.0,0.0,0.0,0.0,0.0,0.0,0.0,0.0,0.0,0.0,5562.0,4173.0,2394.0,2863.0,3289.0,3970.0,4297.0,4685.0,4521.0,4959.0,5607.0,4904.0,2174.0,2607.0,3085.0,3706.0,4115.0,4454.0,4404.0,4742.0,3629.0,2778.5,1140.5,1475.5,1709.5,2178.5,2749.5,2973.0,3127.0,3306.5,3599.5,2608.5,1105.5,1437.5,1475.0,2081.5,3072.5,3413.0,3416.0,3692.0,1556.0,950.0,727.0,947.0,1309.0,1463.0,1574.0,1719.0,2034.0,1967.0,4112.0,3154.0,1220.0,1493.0,1515.0,2238.0,3703.0,4210.0,4176.0,4596.0,2804.0,1612.5,642.5,852.0,635.5,1232.0,3550.0,4536.0,4583.0,4853.5,2018.0,908.0,328.0,503.5,322.0,763.5,3229.0,4295.0,4383.0,4487.5,2119.0,982.0,399.5,538.5,334.0,753.0,3280.0,4539.5,4418.0,4789.0,1832.0,771.5,302.0,464.5,276.5,673.0,3126.0,4189.0,4306.0,4391.0,4190.0,3423.0,3570.0,3737.0,3664.5,4489.0,5570.0,5958.5,5876.0,6057.0,2024.0,987.0,493.0,978.0,637.0,1592.0,2829.0,3156.0,3418.0,3562.0,1615.0,986.0,422.0,552.0,670.0,914.0,1152.0,1316.0,1474.0,1564.0,2362.0,1528.0,442.0,603.0,765.0,1007.0,1160.0,1282.0,1531.0,1586.0,2007.5,1503.0,928.0,1309.5,1779.0,2010.5,1783.0,1894.5,1969.0,1873.0,2175.0,1571.0,949.0,1214.5,1649.5,1884.0,1991.0,2118.5,2446.0,2400.0,2756.0,2314.0,1049.0,1331.0,1633.0,1872.0,2015.0,2173.0,2267.0,2451.0,1511.0,833.0,690.0,778.0,917.0,1089.0,1220.0,1336.0,1537.0,1465.0,1662.0,960.0,477.0,688.5,893.0,1101.5,1254.0,1391.5,1595.5,1654.5,2058.0,1359.0,582.5,817.5,1006.5,1249.5,1398.0,1525.0,1713.5,1760.5,0.0,0.0,0.0,0.0,0.0,0.0,0.0,0.0,0.0,0.0,1764.0,1106.0,668.0,839.0,1042.0,1289.0,1446.0,1595.0,1791.0,1784.0,3212.0,3032.0,2575.0,2570.5,2712.5,2887.5,2918.5,2987.5,3265.0,3101.5,1042.0,1132.0,9988.0,9802.0,9898.0,10154.0,9787.0,9470.0,9808.0,9105.0,1258.5,791.5,1578.0,1786.5,2139.5,2495.0,2544.5,2601.5,2726.0,2753.5,1521.0,955.0,700.0,923.0,1258.0,1496.0,1597.0,1736.0,2016.0,2018.0,1006.0,614.0,652.0,858.0,1133.0,1365.0,1468.0,1594.0,1841.0,1799.0,1719.0,1134.0,798.0,1038.0,1325.0,1596.0,1684.0,1810.0,2000.0,2010.0,4124.0,3312.0,1853.0,2164.5,2470.5,2775.0,2873.0,3009.0,3147.0,3175.0,"{""type"":""MultiPoint"",""coordinates"":[]}"
2540,3,2653.0,2329.0,1628.5,1715.0,1900.0,2017.5,2102.5,2191.5,2394.5,2307.5,3071.0,2383.0,939.0,1297.0,1786.0,1971.0,2068.0,2214.0,2341.0,2385.0,2349.0,1608.0,796.0,1133.0,1467.5,1754.0,1868.0,1997.0,2123.0,2154.5,1110.5,979.0,1430.0,1679.0,1853.5,2192.5,1828.5,1878.0,1472.0,1594.0,2758.0,1898.0,962.0,1408.0,1739.0,2133.0,2280.0,2370.0,2550.0,2537.0,7277.0,6542.0,2395.0,3293.0,3755.0,4808.0,5100.0,5469.0,5443.0,5753.0,0.0,0.0,0.0,0.0,0.0,0.0,0.0,0.0,0.0,0.0,1068.0,1105.0,407.0,611.0,660.0,939.0,1280.0,1599.0,770.0,1576.0,1414.5,790.5,312.0,586.0,342.0,933.0,2386.0,3004.0,2961.0,2944.5,1862.0,901.5,337.0,527.5,256.5,797.5,3084.0,4577.0,4601.5,4585.0,1860.0,861.0,482.0,592.0,338.0,802.5,3132.0,5138.0,5050.5,5317.0,2407.0,1724.0,601.0,826.0,1064.0,1210.0,1309.0,1414.0,1610.0,1574.0,1655.0,729.0,357.0,463.0,235.0,636.0,2873.0,4817.0,4729.0,5057.0,1528.0,695.0,445.0,532.0,319.0,675.0,2673.0,4672.0,4799.0,4945.0,1566.5,737.0,430.5,654.0,363.0,976.0,3036.5,4469.0,4453.0,4784.0,1664.0,813.0,423.0,661.0,428.0,1055.0,2966.0,4092.0,4057.0,4442.0,1815.0,919.0,416.0,708.0,488.0,1244.0,3109.0,3973.0,4172.0,4336.0,1812.5,936.5,444.0,761.0,652.0,1429.5,2875.0,3507.5,3595.0,3949.0,2028.5,1315.5,566.5,847.0,921.5,1480.0,2211.0,2704.5,2620.5,3133.0,2292.0,1863.0,1544.5,1801.0,1864.5,2236.0,2450.5,2567.5,2653.5,2749.5,3038.0,2055.0,566.0,822.5,1092.0,1425.0,1843.5,2073.0,2310.5,2315.5,2971.0,1922.0,499.0,739.0,948.0,1342.0,1786.0,1995.0,2157.0,2285.0,2451.0,1896.5,725.5,898.5,1149.5,1315.0,1429.0,1533.0,1707.5,1699.5,2666.0,2078.0,585.0,811.0,1143.0,1465.0,1742.0,1935.0,2246.0,2309.0,1844.0,1284.0,529.0,772.0,1080.0,1348.0,1518.0,1669.0,1855.0,1840.0,1927.5,1381.5,573.0,855.5,1273.0,1533.0,1637.5,1827.5,2037.5,2099.5,2536.5,1839.0,711.0,996.5,1464.0,1712.0,1884.5,2005.0,2240.5,2335.5,2864.0,2260.0,2612.0,2544.0,2582.0,2684.0,2531.0,2571.0,2908.0,2703.0,966.5,571.5,528.5,702.5,1000.0,1253.0,1337.5,1479.5,1700.5,1728.0,0.0,0.0,0.0,0.0,0.0,0.0,0.0,0.0,0.0,0.0,1030.0,1117.0,10068.0,9858.0,9906.0,9985.0,9659.0,9329.0,9684.0,9020.0,1417.5,954.0,2209.0,2376.0,2589.5,2714.0,2783.5,2846.5,2927.5,2764.0,2839.0,2267.0,843.0,1070.0,1314.0,1587.0,1684.0,1805.0,1998.0,1980.0,119.0,86.0,698.0,1005.5,1009.0,956.0,472.0,472.5,426.0,323.5,95.0,60.0,435.0,693.0,707.0,793.0,470.0,503.0,464.0,282.0,3740.5,2957.0,1173.0,1569.0,1794.5,2284.5,2483.0,2628.5,2796.5,2792.5,"{""type"":""MultiPoint"",""coordinates"":[]}"
2583,1,2222.0,1869.0,594.0,803.0,930.0,1415.0,1766.0,1844.0,2102.0,2013.0,3758.0,2961.0,1092.0,1536.0,1861.0,2371.0,2634.0,2774.0,2874.0,3042.0,2418.0,1699.0,553.0,839.5,1054.0,1426.0,1623.5,1763.0,1891.5,1936.0,2742.0,1808.0,1070.0,1372.0,1380.0,1865.0,2231.0,2380.0,2335.0,2543.0,2641.0,1828.0,519.0,900.0,906.0,1443.0,2050.0,2277.0,2431.0,2421.0,0.0,0.0,0.0,0.0,0.0,0.0,0.0,0.0,0.0,0.0,0.0,0.0,0.0,0.0,0.0,0.0,0.0,0.0,0.0,0.0,1872.0,797.0,227.0,439.0,202.0,590.0,3234.0,4891.0,4868.0,4977.0,1832.0,834.0,159.0,380.0,206.0,588.0,3228.0,5034.0,5352.0,5280.0,2348.0,1042.5,584.5,805.0,526.0,978.0,3586.0,5034.0,5155.0,5219.0,2152.0,851.0,721.0,715.0,496.0,819.0,3192.0,3925.0,3739.0,4063.0,2910.0,2165.0,565.0,812.0,982.0,1467.0,1978.0,2209.0,2441.0,2430.0,2132.0,1002.0,390.0,656.0,377.0,882.0,3405.0,4484.0,4469.5,4788.5,2488.0,1405.0,482.0,910.0,672.0,1339.0,3093.0,3455.0,3464.0,3768.0,2550.5,1621.0,492.5,779.0,871.5,1350.5,1972.0,2216.0,2271.5,2543.5,2599.0,1883.0,430.0,582.0,726.0,1046.0,1376.0,1637.0,1580.0,1829.0,2930.0,2148.0,400.0,525.0,720.0,977.0,1259.0,1481.0,1517.0,1797.0,3942.0,3371.5,938.0,1310.5,1877.0,2175.5,2329.5,2565.5,2606.5,2845.0,3657.0,2903.0,855.5,1183.5,1574.0,1953.5,2215.0,2390.5,2566.0,2677.5,2805.5,1977.5,646.5,901.0,1056.0,1431.0,1859.0,2011.0,2074.5,2270.0,3361.0,2583.0,676.0,1033.0,1145.0,1670.0,2236.0,2450.0,2663.0,2672.0,3662.0,2956.5,864.0,1247.5,1472.5,1963.0,2550.0,2805.0,2979.5,3032.5,2248.5,1555.5,616.5,777.0,892.0,1295.5,1765.5,1940.0,2157.5,2149.0,2526.0,1729.0,486.0,781.0,938.0,1297.0,1830.0,1977.0,2200.0,2267.0,2596.0,1816.0,609.0,858.0,1301.0,1540.0,1681.0,1861.0,2077.0,2109.0,2698.5,1960.0,632.5,935.0,1387.5,1574.0,1750.0,1863.5,2132.5,2115.5,2836.0,2148.5,673.5,996.0,1373.0,1629.5,1774.5,1901.5,2125.0,2134.5,0.0,0.0,0.0,0.0,0.0,0.0,0.0,0.0,0.0,0.0,2724.0,2065.0,716.0,962.0,1289.0,1548.0,1710.0,1864.0,2078.0,2076.0,0.0,0.0,0.0,0.0,0.0,0.0,0.0,0.0,0.0,0.0,1003.0,1061.0,10506.0,10172.0,10060.0,10174.0,9825.0,9499.0,9956.0,9179.0,1633.5,1097.5,3256.0,3399.5,3439.5,3996.5,4240.5,4216.0,4361.0,4209.5,2732.0,1955.5,532.5,820.0,956.0,1517.0,2187.0,2408.0,2662.0,2679.0,2834.0,2010.0,740.0,1077.0,1246.0,1786.0,2183.0,2293.0,2604.0,2533.0,2776.0,1938.0,612.0,915.0,1213.0,1615.0,1838.0,2034.0,2193.0,2293.0,2726.0,2031.0,674.5,955.5,1324.0,1583.0,1714.5,1869.0,2003.0,2087.5,"{""type"":""MultiPoint"",""coordinates"":[]}"
2585,3,1271.5,995.0,780.5,845.5,1004.0,1189.5,1224.5,1332.5,1427.0,1421.0,4496.0,3589.0,1209.0,1558.5,2001.0,2441.0,2651.0,2858.0,3008.0,3196.0,0.0,0.0,0.0,0.0,0.0,0.0,0.0,0.0,0.0,0.0,4317.0,3564.0,1042.0,1378.0,1752.0,2218.0,2492.0,2717.0,2853.0,3038.0,3270.0,2318.0,834.0,1164.0,1450.0,1858.0,2216.0,2437.0,2673.0,2726.0,4350.0,3077.0,1137.0,1512.0,1672.0,2347.0,3126.0,3402.0,3493.0,3809.0,3274.0,3022.0,2022.0,2345.0,2568.0,3173.0,3775.0,4024.0,3460.0,4170.0,0.0,0.0,0.0,0.0,0.0,0.0,0.0,0.0,0.0,0.0,2500.5,2423.5,793.5,1054.0,1415.5,1625.5,1631.0,1706.0,1809.0,1896.5,123.0,108.0,468.0,475.0,358.0,561.0,407.0,413.0,304.0,306.0,0.0,0.0,0.0,0.0,0.0,0.0,0.0,0.0,0.0,0.0,1991.0,1398.0,460.0,655.0,951.5,1191.5,1288.5,1421.5,1558.5,1631.0,241.0,170.0,176.0,210.0,153.0,259.0,389.0,431.0,351.0,373.0,0.0,0.0,0.0,0.0,0.0,0.0,0.0,0.0,0.0,0.0,1490.0,699.0,162.0,371.0,143.0,629.0,2555.0,3691.0,3462.0,3816.0,1229.0,566.0,257.5,370.5,189.0,543.0,2275.0,3539.5,3307.5,3590.0,1588.0,708.0,112.0,321.0,122.0,563.0,2851.0,4300.0,4176.0,4452.0,4236.5,3624.0,4301.5,4277.0,4122.5,4740.0,5674.5,6312.0,6081.5,6290.5,1566.0,749.0,273.5,579.5,327.0,1003.0,2982.0,3995.5,3994.5,4226.0,0.0,0.0,0.0,0.0,0.0,0.0,0.0,0.0,0.0,0.0,1809.0,931.0,297.0,689.0,537.0,1278.0,2798.0,3419.0,3420.0,3685.0,2350.5,1424.0,526.5,945.5,1104.0,1829.0,2614.5,2996.5,3241.5,3431.5,1291.0,895.0,478.0,529.0,616.0,757.0,799.0,896.0,956.0,977.0,2917.0,2001.0,698.0,1072.0,1476.5,1946.0,2215.0,2445.0,2629.5,2746.5,3173.0,2227.0,828.0,1150.0,1623.0,1915.0,2071.0,2276.0,2471.0,2592.0,3049.0,2110.0,717.5,1024.0,1493.5,1752.0,1917.0,2105.5,2342.5,2403.5,3035.0,2128.0,624.0,965.0,1404.0,1658.0,1789.0,1971.0,2138.0,2278.0,0.0,0.0,0.0,0.0,0.0,0.0,0.0,0.0,0.0,0.0,0.0,0.0,0.0,0.0,0.0,0.0,0.0,0.0,0.0,0.0,0.0,0.0,0.0,0.0,0.0,0.0,0.0,0.0,0.0,0.0,0.0,0.0,0.0,0.0,0.0,0.0,0.0,0.0,0.0,0.0,771.0,562.0,2884.0,3437.0,3823.0,4659.0,4502.0,4371.0,4319.0,4281.0,4198.5,3659.0,2292.5,2609.5,3032.0,3396.0,3438.0,3514.0,3546.5,3654.5,0.0,0.0,0.0,0.0,0.0,0.0,0.0,0.0,0.0,0.0,2520.5,1762.0,767.5,1073.0,1426.5,1752.5,1972.5,2172.5,2405.0,2432.5,3789.0,2935.5,960.0,1300.5,1730.5,2144.0,2375.0,2555.0,2769.5,2851.5,"{""type"":""MultiPoint"",""coordinates"":[]}"
2586,5,1999.0,1415.0,548.0,706.0,973.0,1063.0,1169.0,1281.0,1438.0,1423.0,3118.0,2624.0,856.0,1138.0,1512.0,1700.0,1778.0,1899.0,2018.0,2092.0,2215.0,1542.0,636.0,799.0,1073.0,1230.0,1299.0,1415.0,1556.0,1556.0,2486.0,1715.0,828.0,963.0,1152.0,1362.0,1553.0,1691.0,1828.0,1876.0,2418.0,1783.0,560.0,782.0,997.0,1220.0,1452.0,1563.0,1703.0,1721.0,2495.0,1752.5,1378.5,1296.0,1230.5,1558.0,2151.5,2405.0,2644.0,2604.0,2185.0,1326.0,526.0,711.0,619.0,1043.0,2185.0,2487.0,2415.0,2585.0,2725.5,1565.0,455.0,745.5,585.0,1161.5,3124.5,3623.5,3459.0,3761.0,2316.0,1102.0,267.0,565.0,338.0,878.0,3707.0,4754.0,4628.0,4920.0,2624.0,1256.0,356.0,566.0,281.0,835.0,4250.0,5359.0,5208.0,5586.0,2340.0,1022.0,301.0,456.0,248.0,668.0,3940.0,5517.0,5465.0,5706.0,2087.0,1617.0,540.0,719.0,962.0,1073.0,1154.0,1250.0,1365.0,1375.0,2537.0,1847.0,2338.0,2191.0,1983.0,2373.0,3853.0,5037.0,5006.0,5430.0,2238.0,900.0,415.0,610.0,381.0,928.0,3759.0,4964.0,4876.0,5364.0,2123.5,904.0,354.0,584.0,311.5,917.5,3529.0,4464.5,4409.0,4809.5,2130.5,1067.0,412.0,725.5,517.5,1238.0,2739.5,3220.0,3172.5,3577.0,2820.0,1976.0,482.5,678.0,866.5,1213.5,1525.5,1763.0,1909.5,2136.0,3121.5,2564.0,868.0,1087.5,1434.0,1620.0,1692.0,1840.5,1901.5,2059.5,1970.0,1532.5,530.5,655.0,877.0,998.0,1060.5,1155.5,1239.5,1296.0,2446.0,2051.0,703.5,846.0,1089.5,1248.5,1276.5,1371.0,1422.0,1528.5,2629.0,2284.0,740.0,906.0,1170.0,1345.0,1386.0,1503.0,1532.0,1639.0,2254.0,1879.0,577.0,740.0,994.0,1120.0,1164.0,1262.0,1325.0,1402.0,2266.0,1687.5,1684.0,1699.5,1794.5,1919.5,1939.0,1968.5,2166.0,2057.0,2362.0,1799.0,736.0,858.0,1068.0,1222.0,1386.0,1548.0,1491.0,1688.0,2316.0,2026.0,578.0,741.0,1005.0,1123.0,1175.0,1269.0,1392.0,1375.0,1908.0,1450.5,459.5,654.5,907.0,1003.5,1072.5,1160.0,1321.0,1306.5,1686.0,1206.0,369.0,534.0,742.0,826.0,904.0,961.0,1079.0,1100.0,2980.0,2809.0,2233.0,2076.0,2106.0,2309.0,2357.0,2490.0,2574.0,2580.0,1891.5,1473.0,516.0,633.0,821.0,932.5,992.0,1062.5,1166.5,1196.5,0.0,0.0,0.0,0.0,0.0,0.0,0.0,0.0,0.0,0.0,55.0,63.0,10260.0,10130.0,10020.0,10185.0,9646.0,8854.0,8956.0,8123.0,720.0,466.0,1266.0,1463.0,1651.0,1742.0,1651.0,1648.0,1755.0,1674.0,2132.0,1487.0,622.0,818.5,1073.5,1233.5,1316.5,1419.5,1574.0,1576.0,2886.0,2484.5,1392.5,1514.0,1723.5,1875.5,1939.0,2036.5,2242.5,2168.5,2319.0,1653.0,630.0,822.0,1109.0,1252.0,1334.0,1452.0,1552.0,1612.0,2528.5,1973.0,709.0,891.0,1195.0,1364.5,1437.5,1545.5,1689.5,1737.5,"{""type"":""MultiPoint"",""coordinates"":[]}"
2615,3,1245.5,773.0,500.5,662.0,830.5,1101.0,1241.5,1385.5,1545.5,1507.5,4483.0,4050.0,1333.5,1733.5,2169.5,2533.0,2665.5,2862.5,2990.5,3115.0,1922.0,1258.0,652.0,874.5,1086.5,1348.5,1524.5,1646.5,1780.0,1897.0,2047.5,1569.0,1600.0,1607.5,1643.5,1903.0,1943.0,2028.5,2023.0,2114.0,4386.0,3958.0,1354.0,1780.0,2189.0,2435.0,2721.0,2848.0,3140.0,3133.0,2154.0,1762.0,2273.0,2199.0,2214.0,2458.0,2562.0,2185.0,2663.0,1735.0,0.0,0.0,0.0,0.0,0.0,0.0,0.0,0.0,0.0,0.0,1360.0,802.0,320.0,486.5,302.0,648.0,1882.0,2507.5,2408.5,2495.5,1917.0,1048.0,339.0,583.0,341.0,910.0,3031.0,4425.0,4427.0,4717.0,1610.0,790.0,320.5,456.5,283.5,746.0,2749.0,4688.5,4635.5,4768.0,1704.0,858.0,501.0,639.0,444.0,897.0,2784.0,4530.0,4719.0,4797.0,2020.0,1390.0,611.0,839.0,1078.0,1316.0,1489.0,1547.0,1822.0,1789.0,1520.0,683.0,346.0,531.0,331.0,769.0,2699.0,4450.0,4468.0,4815.0,1636.5,834.0,492.5,728.5,437.5,1137.0,3111.5,4482.5,4660.0,4838.5,1652.0,960.0,489.0,664.0,513.0,1187.0,2951.0,4040.0,4000.0,4376.0,1970.0,1088.0,506.0,921.0,716.0,1461.0,3087.0,3813.0,3867.0,4233.0,2165.0,1379.0,572.0,971.0,850.0,1632.0,2835.0,3481.0,3505.0,3851.0,5017.0,3433.0,1325.0,1883.0,2486.0,3357.0,3836.0,4160.0,4468.0,4812.0,2982.0,2816.0,770.0,1010.0,1287.0,1557.0,1666.0,1692.0,1938.0,1916.0,1762.0,1121.5,5234.5,5325.0,5513.0,5799.0,5650.5,5770.0,5257.5,5644.5,2961.0,2577.5,691.5,972.5,1106.5,1497.0,1828.5,2017.5,2101.0,2127.5,3013.5,2714.0,744.5,984.0,1094.0,1530.5,1992.5,2083.5,2319.0,2344.5,2244.0,1817.5,705.5,929.0,1180.5,1415.5,1604.0,1704.5,1985.5,1922.5,3029.5,2660.5,733.5,976.5,1160.0,1529.0,1871.0,2064.0,2238.0,2280.0,1761.0,1201.0,471.0,614.0,827.0,1158.0,1355.0,1410.0,1585.0,1654.0,1866.5,1352.5,470.5,697.0,943.5,1181.5,1332.0,1455.0,1720.0,1691.5,2442.0,1979.0,634.0,929.0,1162.0,1468.0,1553.0,1689.0,1870.0,1981.0,3195.0,2763.5,3265.0,3184.0,3296.5,3626.5,3552.5,3569.0,3401.0,3617.0,3667.0,3152.5,2783.0,2823.5,3003.5,3127.0,3154.5,3217.5,3689.5,3327.0,0.0,0.0,0.0,0.0,0.0,0.0,0.0,0.0,0.0,0.0,1032.0,1128.0,10694.0,10330.0,10350.0,10351.0,10057.0,9709.0,10098.0,9308.0,971.5,647.0,2905.5,3027.5,2950.5,3119.5,3377.5,3238.0,3374.0,2950.0,2305.0,1650.0,624.0,908.0,1110.0,1441.0,1727.0,1910.0,2162.0,2068.0,2246.5,1666.5,813.5,1032.5,1253.0,1522.5,1677.0,1759.0,1990.0,2021.0,1895.0,1236.0,623.0,872.0,1101.0,1355.0,1416.0,1534.0,1769.0,1775.0,3887.0,3298.5,1297.0,1621.0,2018.0,2371.5,2510.0,2628.5,2793.5,2789.0,"{""type"":""MultiPoint"",""coordinates"":[]}"
2625,5,1193.5,734.0,419.5,560.0,786.5,944.5,1041.0,1152.0,1341.0,1346.0,1950.0,1268.0,792.0,1023.0,1174.0,1503.0,1718.0,1881.0,2074.0,2055.0,1476.0,982.5,605.0,781.0,1037.0,1228.5,1302.0,1431.5,1555.0,1562.0,1735.0,1157.5,781.5,948.0,1172.5,1385.0,1462.5,1584.0,1713.5,1722.5,2700.0,1956.0,844.0,1085.0,1332.0,1522.0,1633.0,1748.0,1938.0,1993.0,4343.0,3718.0,1889.0,2209.0,2562.0,2885.0,3022.0,3290.0,3114.0,3514.0,0.0,0.0,0.0,0.0,0.0,0.0,0.0,0.0,0.0,0.0,1252.0,958.0,856.0,900.0,777.0,964.0,1131.0,1228.0,1113.0,1261.0,5099.0,4673.0,1682.0,2014.5,2542.5,2864.0,2972.0,3195.5,3245.5,3498.0,4512.0,4040.0,1377.0,1729.0,2240.0,2520.0,2654.0,2835.0,2952.0,3122.0,4933.0,3961.5,2799.0,2893.0,2852.0,3403.0,4084.5,4532.5,4437.0,4777.0,2315.0,1676.0,788.0,920.0,1145.0,1336.0,1435.0,1579.0,1795.0,1781.0,5226.0,4504.0,1564.0,2039.0,2313.0,2940.0,3580.0,3816.0,3794.0,4185.0,4853.0,4016.5,1377.5,1785.0,2008.0,2607.0,3622.0,4058.5,4120.5,4319.5,4067.0,3127.0,1155.0,1497.0,1575.0,2181.0,3601.0,4245.0,4146.0,4507.0,2495.0,1387.0,357.0,604.0,400.0,941.0,3275.0,4222.0,4120.0,4416.0,2344.0,1328.0,326.0,554.0,416.0,914.0,3228.0,4171.0,4215.0,4445.0,2558.0,1628.0,559.0,856.0,781.0,1383.0,3503.0,4392.5,4433.5,4672.0,1961.0,946.5,299.0,571.0,335.0,988.0,3074.0,3695.5,3865.5,3995.5,2227.0,1306.5,421.0,723.5,557.0,1284.5,2545.0,2893.5,2960.5,3219.5,2949.0,2129.0,526.0,826.0,888.0,1457.0,2087.0,2385.0,2625.0,2800.0,3446.0,2606.0,603.0,830.0,1076.0,1397.0,1611.0,1806.0,1978.0,2140.0,2167.0,1609.0,1358.0,1375.0,1518.5,1693.5,1784.0,1805.5,2186.5,1957.5,2913.0,2177.0,506.0,698.0,886.0,1122.0,1304.0,1477.0,1589.0,1706.0,2337.0,1542.0,449.0,566.0,723.0,979.0,1177.0,1368.0,1563.0,1622.0,2890.5,1991.0,561.0,816.5,1079.0,1383.0,1679.5,1848.5,2105.0,2149.0,2470.5,1646.0,562.5,793.0,973.5,1283.0,1594.0,1751.0,1933.5,2002.0,0.0,0.0,0.0,0.0,0.0,0.0,0.0,0.0,0.0,0.0,1395.0,855.5,647.0,731.0,757.0,988.5,1305.0,1442.0,1605.0,1584.0,0.0,0.0,0.0,0.0,0.0,0.0,0.0,0.0,0.0,0.0,991.0,1008.0,9254.0,8952.0,9050.0,9103.0,8838.0,8644.0,9040.0,8375.0,1164.5,747.5,1341.5,1550.0,1756.0,1956.0,2015.5,2148.5,2316.5,2241.5,1772.0,1182.0,606.0,762.0,941.5,1169.5,1376.5,1506.0,1681.5,1661.5,1285.5,814.5,548.5,684.5,795.0,1044.5,1230.5,1349.0,1470.0,1486.5,1575.0,1000.0,523.0,732.0,849.0,1181.0,1433.5,1584.0,1739.5,1756.0,3160.0,2528.0,1056.0,1287.0,1512.0,1822.0,1973.0,2152.0,2287.0,2347.0,"{""type"":""MultiPoint"",""coordinates"":[]}"
2653,3,1716.0,1088.5,506.5,656.0,885.0,1027.5,1097.0,1201.0,1388.5,1420.0,3894.0,3588.0,1130.0,1420.0,1793.5,2012.5,2093.5,2241.0,2351.0,2435.5,1932.0,1247.5,674.0,779.0,960.0,1095.0,1177.5,1300.5,1414.5,1468.5,2141.5,1388.5,841.0,945.0,1155.5,1318.0,1341.0,1471.0,1626.0,1646.5,0.0,0.0,0.0,0.0,0.0,0.0,0.0,0.0,0.0,0.0,2440.0,2216.0,998.0,1219.5,1426.0,1691.5,1684.0,1870.5,1806.5,1872.0,0.0,0.0,0.0,0.0,0.0,0.0,0.0,0.0,0.0,0.0,1116.0,690.5,443.5,608.0,442.5,832.5,1649.5,1997.0,1987.0,1951.5,0.0,0.0,0.0,0.0,0.0,0.0,0.0,0.0,0.0,0.0,1416.5,667.5,489.5,587.5,374.0,739.5,2391.5,3847.0,3744.5,3926.0,1376.5,629.5,375.0,472.5,291.5,617.5,2489.0,4377.5,4273.5,4489.0,3162.0,2904.0,813.0,1023.0,1325.5,1534.5,1575.0,1697.0,1889.0,1931.0,1265.0,587.5,363.5,432.0,258.5,596.0,2273.0,4150.5,3985.5,4396.5,1222.5,587.0,424.0,607.0,326.5,877.5,2762.5,3991.5,4083.0,4122.5,0.0,0.0,0.0,0.0,0.0,0.0,0.0,0.0,0.0,0.0,1416.5,725.0,434.5,728.5,470.5,1212.5,3052.0,3869.5,3862.5,4195.0,1920.0,1154.0,569.0,893.0,1034.0,1695.0,2499.5,2909.0,3170.0,3360.0,0.0,0.0,0.0,0.0,0.0,0.0,0.0,0.0,0.0,0.0,2251.0,1516.5,807.0,1035.0,1367.0,1723.0,1874.5,2062.5,2013.5,2297.5,0.0,0.0,0.0,0.0,0.0,0.0,0.0,0.0,0.0,0.0,2402.0,1613.0,627.0,849.5,1063.5,1409.5,1689.5,1844.0,1914.5,2047.5,3551.0,2703.0,987.0,1264.5,1530.0,1927.5,2173.0,2369.5,2512.0,2606.0,0.0,0.0,0.0,0.0,0.0,0.0,0.0,0.0,0.0,0.0,3186.5,2458.0,684.0,926.5,1272.5,1535.5,1634.0,1764.0,1967.5,2025.0,0.0,0.0,0.0,0.0,0.0,0.0,0.0,0.0,0.0,0.0,1472.5,967.5,346.5,505.0,749.5,877.0,937.0,1049.0,1158.5,1194.5,1133.5,714.0,427.0,577.0,796.5,935.5,959.5,1027.0,1145.5,1160.0,0.0,0.0,0.0,0.0,0.0,0.0,0.0,0.0,0.0,0.0,1172.5,706.0,495.5,601.0,826.5,976.5,1016.0,1124.5,1262.5,1271.0,0.0,0.0,0.0,0.0,0.0,0.0,0.0,0.0,0.0,0.0,985.0,1054.5,10793.0,10416.0,10378.5,10449.0,10188.5,9811.0,10187.0,9361.5,839.5,576.0,562.0,522.5,534.0,578.5,601.0,649.5,694.0,688.5,2403.0,1806.0,662.0,828.0,1074.0,1236.0,1286.0,1413.0,1592.5,1611.5,2561.5,1923.0,706.5,904.5,1144.5,1345.0,1404.5,1526.0,1665.0,1729.0,2152.0,1460.0,658.5,795.0,1020.0,1167.5,1227.0,1349.0,1534.0,1538.0,3904.0,3715.5,1227.0,1514.5,1855.0,2130.0,2178.5,2343.5,2414.5,2515.0,"{""type"":""MultiPoint"",""coordinates"":[]}"
2683,176,4166.0,2868.0,1385.5,1542.0,1908.0,2304.0,2785.5,3082.0,3584.5,3563.0,2935.0,1735.5,618.5,892.5,967.5,1441.0,2431.5,2747.5,3054.0,3074.0,2844.0,1660.0,618.5,903.5,943.5,1431.0,2499.5,2821.5,3162.0,3155.5,2687.5,1465.0,444.0,768.0,688.5,1347.0,2608.5,2970.0,3121.5,3271.0,0.0,0.0,0.0,0.0,0.0,0.0,0.0,0.0,0.0,0.0,3181.5,2478.5,2413.5,2352.0,2112.0,2719.5,4056.5,4509.5,4274.0,4740.5,0.0,0.0,0.0,0.0,0.0,0.0,0.0,0.0,0.0,0.0,2423.0,1160.5,324.5,633.0,393.0,1148.5,3083.5,3661.0,3759.0,4025.5,2430.5,1174.5,364.5,642.5,419.0,1138.0,3028.0,3641.0,3715.5,4033.5,5224.0,4402.5,4282.5,4360.0,4413.0,5017.0,5790.5,6047.5,5884.0,6147.5,1842.0,870.0,448.0,626.0,412.5,981.5,2591.5,3110.0,3095.0,3471.5,3827.0,2544.0,973.5,1233.5,1635.5,2021.5,2446.0,2740.0,3136.0,3218.5,2556.0,1201.5,560.0,781.5,516.0,1261.0,3300.0,3940.0,4077.0,4396.0,2662.0,1228.5,510.0,774.5,624.0,1323.5,3087.5,3706.0,3772.0,4225.0,2740.0,1382.5,510.0,774.5,624.0,1323.5,3013.5,3687.0,3697.0,4225.0,3465.5,2146.0,457.0,723.0,995.5,1423.5,1896.0,2220.5,2317.0,2575.5,3509.0,2277.0,523.0,758.0,1007.5,1350.5,1823.5,2114.0,2333.0,2481.5,2223.0,1107.5,523.0,758.0,940.5,1177.5,1474.5,1406.5,2324.0,1516.0,3552.5,2193.5,490.5,761.0,1028.5,1415.5,1871.0,2130.5,2345.0,2529.0,3544.5,2262.0,583.5,796.5,1004.0,1393.5,1950.0,2239.0,2374.5,2621.0,3230.0,2021.5,522.0,726.0,852.5,1255.0,1991.0,2287.5,2436.5,2614.5,2876.5,1707.0,479.5,686.5,748.0,1189.5,1992.0,2307.5,2414.0,2601.0,0.0,0.0,0.0,0.0,0.0,0.0,0.0,0.0,0.0,0.0,2865.0,1642.0,440.0,678.5,685.5,1232.0,2434.5,2747.0,2992.0,3114.5,2865.0,1642.0,440.0,678.5,685.5,1232.0,2434.5,2747.0,2992.0,3114.5,3102.0,1831.5,463.0,738.0,837.5,1402.5,2416.5,2828.0,3086.5,3205.0,3144.0,1856.0,453.5,749.5,876.0,1457.0,2410.5,2839.5,3063.0,3207.5,2975.0,1760.5,402.0,692.5,864.5,1343.0,2257.5,2562.5,2903.0,2903.0,2949.5,1771.0,453.5,750.0,905.5,1392.0,2257.5,2578.0,2906.0,2932.5,0.0,0.0,0.0,0.0,0.0,0.0,0.0,0.0,0.0,0.0,1564.5,1086.0,2320.0,2693.5,3290.0,3628.5,3764.5,4021.0,4289.5,4174.0,3400.5,2234.0,846.5,1144.5,1609.5,1925.5,2248.5,2438.5,2796.0,2863.5,3400.5,2234.0,723.0,982.5,1409.0,1666.5,1900.5,2141.5,2438.0,2475.0,0.0,0.0,0.0,0.0,0.0,0.0,0.0,0.0,0.0,0.0,3238.5,1994.0,680.0,947.0,1190.0,1565.0,2126.5,2415.5,2623.5,2727.5,3109.0,1889.0,655.5,909.5,1078.5,1485.0,2246.0,2564.0,2854.0,2869.0,"{""type"":""MultiPoint"",""coordinates"":[]}"
2693,2,2602.0,1615.0,626.0,882.0,1035.0,1662.0,2420.0,2687.0,3057.0,3008.0,4670.0,4310.0,1227.0,1720.0,2417.0,2784.0,2928.0,3084.0,3290.0,3345.0,2512.0,1907.0,676.0,915.0,1346.0,1549.0,1636.0,1821.0,1977.0,1984.0,4418.5,4216.5,1199.0,1667.5,2291.0,2672.0,2816.5,3007.0,3193.5,3264.5,3193.0,2648.0,808.0,1198.0,1734.0,1962.0,2089.0,2319.0,2458.0,2493.0,3155.0,3278.0,1320.0,1876.0,2685.0,3086.0,3066.0,3169.0,2920.0,3188.0,0.0,0.0,0.0,0.0,0.0,0.0,0.0,0.0,0.0,0.0,4411.0,3745.0,1065.0,1571.0,2027.0,2674.0,2974.0,3237.0,3316.0,3525.0,4235.5,3708.5,952.0,1457.0,1884.0,2442.5,3287.0,3568.5,3614.5,3807.5,4431.0,3671.5,1084.0,1537.5,1902.5,2509.5,3841.5,4327.0,4334.0,4539.5,3188.5,2010.5,730.5,1124.5,1004.5,1798.0,3953.0,4579.0,4519.0,4793.0,2856.0,1961.0,600.0,875.0,1118.0,1708.0,2364.0,2629.0,2922.0,2927.0,2042.0,854.0,304.0,523.0,280.0,860.0,3676.0,4703.0,4539.0,4878.0,2761.0,1256.0,1031.0,1171.0,852.0,1438.0,4403.0,5668.0,5579.0,5911.0,2336.5,934.5,400.0,659.0,365.0,1086.0,4562.0,5811.0,5667.5,6038.5,2385.0,951.0,551.0,788.0,422.0,1238.0,4855.0,6052.0,5879.0,6348.0,2299.0,994.5,390.5,688.5,425.0,1276.5,4099.5,4765.5,4873.0,5112.5,2155.0,1041.0,349.0,560.5,447.5,1338.5,3310.5,3827.5,3908.0,4148.5,2541.5,1442.0,463.5,628.5,679.5,1505.0,2865.5,3183.0,3207.0,3569.0,3088.0,1894.5,856.5,990.0,1076.5,1767.0,2607.5,2923.5,3041.0,3387.5,3332.0,2415.0,940.0,1107.0,1360.0,1676.0,1864.0,2104.0,2397.0,2472.0,3422.0,2515.0,791.0,1040.0,1388.5,1682.5,1890.0,2139.0,2369.5,2525.5,4108.0,3424.0,2546.5,2657.0,2768.0,3263.0,3692.0,3841.0,4050.5,4002.0,3758.0,2795.0,738.0,1001.5,1449.0,1815.0,2063.5,2308.0,2588.0,2740.0,3556.0,2663.0,728.0,1010.0,1408.0,1715.0,1978.0,2244.0,2518.0,2651.0,3243.0,2247.0,618.0,903.0,1277.0,1598.0,1982.0,2221.0,2557.0,2591.0,3280.0,2264.0,663.0,925.0,1185.0,1671.0,2122.0,2359.0,2601.0,2702.0,0.0,0.0,0.0,0.0,0.0,0.0,0.0,0.0,0.0,0.0,2593.0,1755.0,602.0,852.0,903.0,1406.0,2073.0,2269.0,2540.0,2533.0,0.0,0.0,0.0,0.0,0.0,0.0,0.0,0.0,0.0,0.0,145.0,171.0,10800.0,10570.0,10480.0,10609.0,10194.0,9683.0,9900.0,9118.0,197.0,142.0,8028.0,7992.0,8124.0,8341.0,8041.0,7650.0,7798.0,7133.0,2757.5,1864.5,606.0,890.5,1069.5,1622.5,2181.0,2435.5,2726.5,2735.0,3310.0,2372.0,771.0,1099.0,1501.0,1910.0,2136.0,2338.0,2731.0,2674.0,3102.0,2219.0,706.0,980.0,1343.0,1725.0,1956.0,2152.0,2377.0,2488.0,3605.0,3154.0,2414.0,2548.0,2636.0,3000.0,3315.0,3416.0,3457.0,3483.0,"{""type"":""MultiPoint"",""coordinates"":[]}"
2718,5,1655.0,1099.0,622.0,825.0,1121.0,1232.0,1324.0,1472.0,1671.0,1638.0,4224.0,3569.0,1249.0,1725.0,2240.0,2528.0,2722.0,2934.0,3154.0,3151.0,2254.0,1453.0,714.0,878.0,1160.0,1346.0,1489.0,1609.0,1848.0,1957.0,3775.0,3127.0,1111.0,1491.0,1915.0,2236.0,2486.0,2735.0,2929.0,2997.0,4474.0,3824.0,1334.0,1753.0,2253.0,2655.0,2899.0,3117.0,3336.0,3463.0,3598.5,2846.0,1144.5,1492.0,1753.5,2147.5,2711.0,2936.5,3200.5,3187.5,958.0,571.0,357.0,432.0,421.0,617.0,981.0,1154.0,1010.0,1236.0,3892.0,2848.0,897.0,1365.0,1426.0,2108.0,3546.0,3998.0,4195.0,4306.0,1240.0,814.0,982.0,964.0,819.0,1064.0,1612.0,1962.0,1915.0,1915.0,3298.0,2053.5,997.5,1366.5,1485.5,2065.5,3543.0,4144.0,3902.5,4438.5,314.0,126.0,446.0,398.0,271.0,351.0,801.0,1021.0,931.0,971.0,2128.0,1561.0,604.0,832.0,1119.0,1306.0,1358.0,1514.0,1710.0,1632.0,2891.5,1778.0,626.5,937.0,877.0,1458.5,3134.0,3699.5,3759.5,3999.5,2854.0,1860.0,854.5,1157.5,1128.5,1648.5,3050.5,3639.5,3699.0,3987.0,3023.0,2123.0,802.0,1143.0,1177.0,1676.0,2862.0,3332.0,3369.0,3629.0,2976.5,2020.0,749.0,1076.5,1148.5,1624.0,2440.5,2840.0,2810.5,3171.5,3123.0,2349.0,772.5,1086.0,1340.5,1653.5,2188.5,2436.5,2593.5,2628.0,0.0,0.0,0.0,0.0,0.0,0.0,0.0,0.0,0.0,0.0,3339.0,2547.0,737.5,991.0,1388.0,1550.0,1735.0,1959.5,2212.0,2314.5,3157.0,2396.0,741.0,975.0,1287.0,1559.0,1656.0,1786.0,1880.0,2014.0,3063.0,2344.5,748.0,1004.0,1347.5,1498.0,1703.5,1817.5,2056.0,2066.0,3741.0,3096.0,934.0,1225.0,1608.0,1821.0,1981.0,2283.0,2426.0,2480.0,0.0,0.0,0.0,0.0,0.0,0.0,0.0,0.0,0.0,0.0,2652.5,1849.5,664.0,876.0,1098.0,1331.5,1487.0,1629.5,1895.5,1910.0,0.0,0.0,0.0,0.0,0.0,0.0,0.0,0.0,0.0,0.0,1893.0,1094.0,391.0,626.0,849.0,1067.0,1173.0,1327.0,1594.0,1650.0,2987.5,2117.0,860.0,1109.0,1420.5,1714.5,1900.0,2031.5,2165.0,2300.0,0.0,0.0,0.0,0.0,0.0,0.0,0.0,0.0,0.0,0.0,2172.0,1444.0,557.0,747.0,973.0,1190.0,1384.0,1493.0,1797.0,1797.0,0.0,0.0,0.0,0.0,0.0,0.0,0.0,0.0,0.0,0.0,598.0,638.0,10236.0,10096.0,10160.0,10340.0,10139.0,9611.0,10006.0,9243.0,0.0,0.0,0.0,0.0,0.0,0.0,0.0,0.0,0.0,0.0,2500.0,1799.0,744.0,986.0,1314.0,1538.0,1672.0,1813.0,1963.0,1908.0,2804.5,2131.5,704.5,977.5,1369.5,1576.5,1674.0,1804.5,2027.5,2026.0,2256.0,1486.0,628.0,861.0,1191.0,1361.0,1446.0,1626.0,1839.0,1819.0,1296.0,699.0,1107.0,1021.0,952.0,1042.0,1024.0,1059.0,1599.0,1067.0,"{""type"":""MultiPoint"",""coordinates"":[]}"
2793,3,1993.5,1288.5,846.5,1074.0,1361.5,1567.0,1677.5,1797.0,2021.0,1983.5,4838.0,4548.0,1731.0,2127.0,2622.0,2993.0,3092.0,3206.0,3373.0,3473.0,2262.5,1492.5,843.0,1065.0,1369.5,1623.0,1702.0,1857.0,2005.5,2062.0,3580.5,3016.0,2729.0,2737.5,2910.0,3234.0,3143.0,3222.0,3250.5,3355.0,5297.0,5019.0,2071.0,2545.0,3104.0,3436.0,3535.0,3719.0,4081.0,4006.0,5289.0,4635.0,2152.5,2605.0,2990.5,3378.5,3678.0,3932.5,4279.5,4137.0,0.0,0.0,0.0,0.0,0.0,0.0,0.0,0.0,0.0,0.0,6023.0,4986.0,2038.0,2622.0,2970.0,3784.0,4486.0,4861.0,5028.0,5224.0,1984.0,1218.0,476.0,754.0,649.0,1189.0,2763.0,3470.0,3039.0,3612.0,1654.0,787.5,329.0,525.0,231.0,726.5,3080.0,4453.5,4513.0,4445.0,1897.0,898.0,472.0,689.0,400.0,920.0,3167.0,4976.0,4993.0,5182.0,2459.5,1831.0,948.5,1164.0,1416.5,1620.0,1662.0,1827.0,2219.0,1998.0,1618.0,690.0,326.0,546.0,247.0,766.0,3079.0,4861.0,4806.0,5214.0,1606.5,721.5,387.5,622.0,331.5,899.0,3046.0,4904.5,5078.0,5230.5,2074.0,1178.5,1008.5,1274.0,1015.0,1643.5,3388.0,4411.0,4430.0,4765.5,1736.0,872.5,383.5,700.5,508.0,1207.0,2759.0,3619.0,3640.5,4056.0,2016.5,1128.5,420.0,730.0,686.0,1299.5,2515.0,3134.5,3371.0,3575.0,2736.0,1712.0,708.5,1037.0,1279.0,1893.0,2567.5,2937.5,3055.5,3426.0,2800.5,1949.0,733.5,1030.0,1292.5,1733.0,2199.0,2400.0,2520.5,2752.0,2205.0,1494.5,759.0,959.0,1280.5,1479.5,1588.5,1712.5,1837.5,1908.5,4146.0,2833.0,970.0,1348.0,1792.0,2136.0,2474.0,2698.0,3064.0,3066.0,4064.0,2713.0,915.0,1279.0,1628.0,2075.0,2562.0,2747.0,3039.0,3098.0,3288.5,2823.0,1235.0,1535.5,1959.0,2176.5,2310.5,2437.5,2717.0,2654.5,4016.5,2749.0,1046.5,1365.5,1854.5,2174.0,2470.0,2680.0,3080.5,3020.5,1249.0,685.0,664.0,912.0,1438.0,1753.0,1905.0,2164.0,2425.0,2449.0,2103.5,1318.5,597.0,896.0,1425.0,1666.0,1811.5,1966.0,2373.0,2352.0,2896.0,2214.0,725.0,1049.0,1599.0,1852.0,1963.0,2173.0,2475.0,2538.0,3746.0,3204.0,3920.0,3751.0,3870.0,4108.0,4024.0,3964.0,4176.0,4056.0,762.5,471.0,593.0,769.5,1110.0,1363.5,1437.0,1587.5,1878.0,1824.5,0.0,0.0,0.0,0.0,0.0,0.0,0.0,0.0,0.0,0.0,1062.0,1154.0,10736.0,10376.0,10338.0,10493.0,10115.0,9732.0,10086.0,9314.0,1320.0,900.5,696.5,941.5,1234.5,1436.5,1511.5,1623.5,1763.5,1761.0,2872.0,2168.0,972.0,1271.0,1580.0,1888.0,1928.0,2072.0,2254.0,2284.0,2210.0,1808.5,935.5,1141.0,1377.0,1578.5,1640.0,1723.5,1870.5,1853.5,2808.0,2073.0,963.0,1275.0,1627.0,1866.0,1999.0,2121.0,2271.0,2281.0,5217.0,4919.0,1998.0,2497.0,3041.0,3345.0,3443.0,3645.0,3977.0,3892.0,"{""type"":""MultiPoint"",""coordinates"":[]}"
2799,2,2652.0,1875.5,501.5,653.5,892.5,1255.5,1587.5,1759.0,2023.0,2077.0,3340.0,2575.5,796.0,1025.5,1313.0,1601.5,1786.5,1993.5,2234.5,2297.5,3055.5,2260.5,635.5,832.5,1116.5,1385.5,1549.0,1727.0,1940.0,2022.0,0.0,0.0,0.0,0.0,0.0,0.0,0.0,0.0,0.0,0.0,4632.0,3959.0,1104.0,1431.0,1820.5,2280.0,2449.0,2692.5,2771.5,3051.5,4783.0,4145.5,1053.0,1446.0,1897.5,2319.5,2575.0,2770.0,3063.5,3135.0,0.0,0.0,0.0,0.0,0.0,0.0,0.0,0.0,0.0,0.0,4431.0,4074.5,1135.0,1496.5,1899.0,2303.5,2690.5,2933.0,3102.0,3189.5,0.0,0.0,0.0,0.0,0.0,0.0,0.0,0.0,0.0,0.0,4012.5,2732.0,669.5,1102.0,1032.5,1879.5,4432.0,5116.5,5135.0,5383.0,3468.0,2250.0,583.5,867.0,774.0,1461.5,4195.0,5120.0,5204.5,5333.5,3121.0,2377.0,660.5,824.0,1092.5,1511.5,1802.0,1969.0,2288.5,2333.0,2706.0,1390.0,465.0,699.0,422.0,1175.0,4250.0,5413.0,5310.5,5626.0,2487.5,1190.0,456.0,703.0,394.5,1105.0,4288.5,5337.0,5454.0,5483.5,0.0,0.0,0.0,0.0,0.0,0.0,0.0,0.0,0.0,0.0,2639.5,1241.5,416.0,682.5,388.0,1298.5,4415.0,5453.0,5266.0,5589.5,2453.0,1193.0,360.0,595.0,407.0,1358.0,4199.0,4992.0,5160.5,5076.0,0.0,0.0,0.0,0.0,0.0,0.0,0.0,0.0,0.0,0.0,2745.0,1597.5,446.0,582.5,591.5,1448.5,3144.5,3626.5,3835.0,3983.0,3281.0,2249.5,794.0,907.5,1116.0,1504.0,1733.5,1996.0,2095.5,2429.5,3332.0,2402.0,661.0,831.5,1072.5,1358.5,1620.5,1813.5,2110.5,2276.0,3400.0,2797.5,2002.5,2152.5,2407.0,2769.0,2904.0,3099.5,3038.0,3296.0,0.0,0.0,0.0,0.0,0.0,0.0,0.0,0.0,0.0,0.0,3622.5,2558.0,655.5,931.5,1215.0,1642.0,2058.5,2382.0,2635.5,2681.5,2270.0,1328.5,881.5,898.0,1003.5,1339.5,1696.0,1962.5,2274.0,2393.5,2937.5,1865.5,454.5,695.5,934.5,1445.5,1989.0,2207.0,2532.0,2579.5,2701.0,1702.0,402.5,659.5,894.0,1440.0,1928.5,2177.0,2448.5,2534.5,0.0,0.0,0.0,0.0,0.0,0.0,0.0,0.0,0.0,0.0,2771.0,1836.0,534.0,744.0,893.0,1350.5,1974.5,2138.0,2468.5,2484.0,0.0,0.0,0.0,0.0,0.0,0.0,0.0,0.0,0.0,0.0,1149.5,1226.5,10307.0,9941.0,9985.5,10168.5,9912.5,9527.5,9884.0,9255.5,2775.5,2008.0,609.0,795.0,1048.0,1392.5,1738.5,1878.5,2063.0,2165.0,2863.5,2152.0,533.0,708.5,936.0,1300.5,1787.0,2033.0,2246.0,2264.5,2679.0,1863.0,557.0,770.5,904.5,1422.0,1950.5,2158.5,2385.0,2416.5,2491.5,1684.5,482.0,685.0,801.5,1371.0,1889.5,2097.5,2297.0,2385.0,3198.5,2397.0,781.5,1023.0,1187.5,1709.0,2117.0,2242.5,2445.5,2606.5,"{""type"":""MultiPoint"",""coordinates"":[]}"
2806,3,1858.0,1837.5,1796.5,1835.5,1913.0,2029.0,1935.0,1998.5,2100.0,1972.5,3917.0,3128.5,1042.0,1321.5,1570.0,1925.0,2080.0,2240.5,2325.5,2504.0,959.0,524.5,485.0,576.0,696.0,932.0,992.5,1096.0,1167.0,1242.5,490.0,287.0,460.0,586.5,643.5,890.5,923.5,1042.0,1085.0,1104.5,3995.5,3424.5,1008.5,1313.0,1565.0,1945.0,2167.0,2272.5,2435.5,2523.0,285.5,256.0,426.5,475.0,484.5,609.5,526.5,560.5,575.0,532.5,0.0,0.0,0.0,0.0,0.0,0.0,0.0,0.0,0.0,0.0,1506.5,1038.5,779.0,935.5,953.5,1278.0,1418.0,1529.5,1546.0,1682.0,633.0,483.5,754.0,887.0,875.0,1139.0,1130.5,1253.5,1314.5,1237.5,984.0,539.5,635.0,761.5,627.0,1002.5,1740.5,1958.5,1794.0,1993.0,1302.0,729.0,540.0,693.5,443.5,954.5,2143.0,2523.5,2200.0,2497.5,188.0,93.0,207.0,358.5,461.0,529.0,522.0,584.0,622.0,569.5,1262.0,593.5,418.5,575.5,314.5,778.5,2080.0,2624.5,2321.0,2533.5,1419.5,681.0,449.0,588.5,314.5,706.5,2411.0,3386.0,3349.0,3424.5,3889.5,3078.0,2942.5,3062.5,2933.0,3490.0,4746.0,5429.0,5274.0,5165.0,1612.0,742.5,381.5,646.5,309.0,1032.0,3176.5,4289.0,4148.0,4556.5,1693.0,793.5,384.5,755.0,371.0,1259.0,3619.0,4542.5,4567.5,4742.5,1990.0,1006.0,584.0,1080.0,756.5,1985.5,3767.5,4374.5,4462.0,4696.0,2101.5,1107.5,603.0,1139.0,931.0,2071.5,3055.0,3402.5,3691.0,3713.0,2141.5,1251.5,550.0,960.0,972.5,1712.0,2335.0,2547.5,2701.5,2806.0,2352.0,1427.5,612.0,1032.5,1119.0,1794.0,2380.0,2621.5,2872.5,2886.5,2333.5,1478.5,569.0,996.5,1203.0,1832.5,2210.0,2427.0,2711.5,2743.5,596.5,445.0,374.5,510.5,657.5,809.0,828.5,888.5,980.0,974.0,2596.0,1721.5,684.5,984.0,1460.0,1682.0,1773.0,1949.5,2248.5,2255.0,1432.5,1319.5,804.5,778.5,963.5,1159.0,1173.5,1316.5,1443.0,1501.5,1034.0,678.5,362.0,598.5,982.0,1231.5,1292.0,1427.5,1594.0,1637.5,1000.0,659.5,341.5,541.0,877.5,1118.5,1183.5,1320.5,1363.5,1473.0,3051.5,2495.0,2617.5,2688.0,2895.0,3112.5,3023.5,3104.5,2829.5,3108.0,310.5,248.5,302.0,344.0,451.5,506.0,477.0,515.0,552.5,505.5,0.0,0.0,0.0,0.0,0.0,0.0,0.0,0.0,0.0,0.0,971.0,1065.0,10427.5,10161.0,10092.0,10235.5,9852.0,9504.5,9908.5,9162.0,444.0,298.5,655.5,773.0,932.0,1212.0,1222.5,1275.0,1264.0,1365.5,1125.0,673.5,350.0,463.5,590.0,849.0,914.5,1012.0,1106.0,1199.0,626.5,350.0,398.5,503.5,592.0,811.5,889.0,961.5,1000.0,1064.0,963.0,549.5,359.5,524.5,649.5,888.5,956.0,1031.5,1126.5,1224.0,3064.5,2304.5,1051.0,1303.5,1565.5,1940.5,2016.5,2128.5,2257.0,2288.5,"{""type"":""MultiPoint"",""coordinates"":[]}"
2851,1,2145.5,1321.5,554.0,789.0,931.5,1420.0,2030.0,2170.0,2400.0,2371.0,5844.0,5475.0,1980.0,2643.0,3065.0,3528.0,3674.0,3896.0,3977.0,4206.0,3048.0,2219.0,877.0,1144.0,1520.0,1851.0,1935.0,2102.0,2307.0,2360.0,3959.0,3409.0,1157.0,1598.0,1933.0,2371.0,2518.0,2693.0,2940.0,2922.0,4706.5,4213.0,1591.0,2123.0,2692.5,3091.0,3237.5,3480.5,3630.5,3702.0,5301.0,4778.0,1554.0,2041.0,2361.0,3008.0,4053.0,4631.0,4130.0,4953.0,1351.0,740.0,416.0,526.0,381.0,669.0,1748.0,2076.0,1998.0,2216.0,3514.5,2548.5,2153.5,2221.5,1970.0,2465.0,4429.0,5626.0,5600.0,5679.5,1514.0,599.5,260.5,384.5,207.5,402.5,3080.0,5357.0,5425.5,5547.5,1664.5,710.0,183.0,341.0,179.5,471.5,2811.0,4733.5,4802.5,5059.0,1790.0,728.0,387.5,515.0,324.0,619.0,3048.5,5238.0,5274.5,5647.0,3102.0,2283.0,783.0,1028.0,1197.0,1734.0,2374.0,2514.0,2712.0,2711.0,1631.0,644.5,297.0,433.5,267.5,561.0,2805.5,4787.0,4761.5,5152.5,1968.5,879.0,596.5,877.5,605.0,987.0,3139.0,4717.5,4791.0,5045.0,1832.0,788.0,392.0,549.0,363.0,799.0,2737.0,3766.0,3769.0,4162.0,2624.5,1681.5,611.5,784.5,912.0,1303.0,1792.5,2078.5,2130.0,2421.0,3068.0,2147.5,458.5,620.0,891.5,1159.0,1343.5,1551.5,1666.5,1857.0,4889.5,3422.5,1057.0,1441.5,2174.0,2591.0,2758.5,3074.5,3264.5,3583.5,4312.0,3215.0,923.5,1224.5,1765.5,2076.0,2255.5,2454.0,2661.5,2770.5,3720.0,2577.0,2093.0,2087.0,2125.0,2469.0,2620.0,2752.0,2711.0,2966.0,4014.0,3151.0,844.0,1152.0,1639.0,1956.0,2173.0,2350.0,2606.0,2711.0,3307.0,2349.0,853.0,1171.0,1590.0,1939.0,2162.0,2335.0,2536.0,2647.0,1111.0,804.0,537.0,608.0,585.0,853.0,1164.0,1273.0,1402.0,1349.0,3378.0,2504.0,966.0,1360.0,1837.0,2075.0,2325.0,2526.0,2790.0,2837.0,3589.0,2698.0,1006.0,1339.0,1864.0,2201.0,2367.0,2565.0,2773.0,2840.0,3567.0,2594.0,933.0,1323.0,1811.0,2144.0,2310.0,2516.0,2849.0,2818.0,3512.5,2557.5,942.5,1310.0,1798.5,2143.5,2286.5,2463.0,2685.5,2760.5,0.0,0.0,0.0,0.0,0.0,0.0,0.0,0.0,0.0,0.0,1673.0,1069.0,549.0,762.0,1118.0,1452.0,1600.0,1776.0,2015.0,2032.0,0.0,0.0,0.0,0.0,0.0,0.0,0.0,0.0,0.0,0.0,487.0,536.0,10706.0,10436.0,10330.0,10396.0,10004.0,9530.0,9842.0,9082.0,201.0,153.0,6395.0,6424.0,6547.0,6690.0,6483.0,6273.0,6638.0,6089.0,2675.5,1778.5,666.5,974.5,1078.5,1682.0,2280.0,2467.0,2717.5,2708.5,4827.0,4343.0,1347.0,1802.0,2366.0,2665.0,2879.0,3024.0,3403.0,3316.0,2837.0,2031.0,665.0,937.0,1351.0,1603.0,1703.0,1890.0,2118.0,2155.0,2511.0,1852.0,816.0,896.0,1183.0,1398.0,1567.0,1624.0,1791.0,1849.0,"{""type"":""MultiPoint"",""coordinates"":[]}"
2858,5,1210.0,763.5,265.5,407.0,474.0,754.0,1108.5,1198.0,1313.5,1334.5,3405.0,2752.0,983.0,1334.0,1728.0,1950.0,2043.0,2178.0,2248.0,2346.0,2382.0,1568.0,721.0,941.0,1203.0,1402.0,1578.0,1717.0,1861.0,1910.0,2787.0,2053.0,1203.0,1392.0,1489.5,1844.5,2319.5,2493.0,2574.0,2626.5,2374.0,1460.0,575.0,862.0,1032.0,1341.0,1836.0,2025.0,2151.0,2212.0,2778.0,1600.0,634.0,934.0,917.0,1372.0,2994.0,3463.0,3522.0,3686.0,2634.0,2101.0,2482.0,2360.0,1691.0,1951.0,3098.0,3571.0,3937.0,3769.0,2816.0,1375.0,389.0,684.0,385.0,1023.0,3985.0,5013.0,4893.0,5239.0,1629.0,713.0,228.0,399.0,190.0,463.0,2600.0,3594.0,3385.0,3805.0,2763.0,1142.0,440.0,604.0,317.0,855.0,4462.0,6199.0,6027.0,6619.0,2327.0,999.0,265.0,470.0,248.0,746.0,3847.0,5188.0,5123.0,5358.0,1756.0,1211.0,359.0,532.0,615.0,1003.0,1424.0,1527.0,1700.0,1703.0,2513.0,1073.0,487.0,687.0,391.0,952.0,3894.0,4818.0,4820.0,5314.0,2374.0,1043.0,412.0,665.0,369.0,1038.0,3716.0,4601.0,4655.0,4955.0,2482.5,1377.0,514.0,831.0,673.5,1380.0,2744.0,3312.5,3323.5,3725.0,3218.0,2305.0,871.0,1029.0,1179.5,1556.5,1995.0,2283.5,2384.5,2727.5,3891.0,3008.5,832.0,1082.5,1500.0,1784.5,1904.5,2095.5,2190.0,2356.5,3912.5,2998.5,873.0,1134.5,1562.0,1825.0,1962.0,2146.5,2255.0,2408.5,2674.5,2096.5,748.0,956.0,1269.0,1464.0,1545.0,1681.0,1791.0,1845.5,3227.0,2480.5,997.0,1214.5,1508.0,1753.0,1838.0,1979.0,2021.5,2162.0,3172.5,2493.0,886.0,1150.0,1418.0,1687.0,1924.5,2070.5,2159.0,2235.5,3155.5,2465.0,825.5,1117.5,1379.5,1685.0,2009.5,2172.0,2237.5,2345.0,3297.5,2687.5,2711.5,2482.5,2334.0,2948.5,3302.5,3339.0,3634.5,3342.5,4035.0,3656.0,3070.0,3037.5,3177.5,3437.5,3400.0,3452.5,3600.5,3525.0,3593.0,2862.5,1235.5,1544.5,1940.0,2233.5,2323.0,2464.5,2453.5,2645.0,2102.0,1439.0,486.0,709.0,904.0,1128.0,1419.0,1562.0,1702.0,1644.0,2358.0,1717.0,544.0,757.0,967.0,1207.0,1500.0,1630.0,1776.0,1753.0,3989.5,3067.0,2331.0,2470.0,2642.0,3036.0,3343.0,3520.5,3575.5,3667.5,2328.5,1476.5,554.5,791.0,811.5,1283.0,2137.5,2372.0,2549.0,2547.5,1704.0,1181.0,238.0,424.0,584.0,827.0,1028.0,1202.0,1403.0,1502.0,137.0,124.0,4488.0,4710.0,4932.0,5150.0,5047.0,4884.0,5102.0,4756.0,2131.0,1616.5,1571.0,1522.5,1550.5,1686.0,1667.0,1712.0,2126.5,1805.5,2184.0,1531.0,615.0,789.0,1019.0,1180.0,1290.0,1390.0,1571.0,1569.0,2830.0,2238.0,733.0,1022.0,1314.0,1490.0,1568.0,1728.0,1899.0,1874.0,2755.0,2210.0,739.0,966.0,1263.0,1457.0,1529.0,1684.0,1809.0,1838.0,2995.0,2386.0,756.0,1065.0,1393.0,1600.0,1684.0,1850.0,2008.0,2025.0,"{""type"":""MultiPoint"",""coordinates"":[]}"
2860,5,2994.0,2087.0,754.0,976.5,1223.0,1587.5,2005.0,2154.5,2392.5,2370.0,3357.0,2578.5,806.0,1129.5,1304.0,1801.0,2190.0,2392.5,2624.5,2648.5,3020.5,2246.0,765.5,1007.0,1312.0,1621.5,1774.5,1938.0,2125.5,2173.0,0.0,0.0,0.0,0.0,0.0,0.0,0.0,0.0,0.0,0.0,0.0,0.0,0.0,0.0,0.0,0.0,0.0,0.0,0.0,0.0,4482.0,3960.5,1149.0,1467.5,1885.5,2150.0,2240.5,2437.0,2576.5,2708.5,0.0,0.0,0.0,0.0,0.0,0.0,0.0,0.0,0.0,0.0,4033.0,3624.0,970.0,1302.5,1527.5,1890.0,2310.5,2565.0,2694.0,2767.0,0.0,0.0,0.0,0.0,0.0,0.0,0.0,0.0,0.0,0.0,4729.0,4204.0,1112.0,1444.5,1780.5,2181.5,2603.0,2914.5,3016.0,3161.0,3806.0,2857.0,749.0,1095.5,1074.5,1634.5,2927.5,3338.0,3372.0,3524.5,3251.5,2416.0,838.0,1066.5,1324.0,1704.0,2069.0,2243.5,2492.0,2465.0,3685.5,2547.5,699.0,1038.5,924.0,1655.5,3235.0,3854.5,3863.0,4156.5,2671.0,1597.5,455.0,701.5,555.0,1059.0,2869.5,3497.5,3614.0,3684.5,0.0,0.0,0.0,0.0,0.0,0.0,0.0,0.0,0.0,0.0,2384.5,1113.5,304.5,493.0,274.0,785.5,3595.5,4680.5,4618.5,5002.0,2068.0,945.5,233.0,434.5,232.0,712.5,3361.5,4382.0,4614.5,4649.0,0.0,0.0,0.0,0.0,0.0,0.0,0.0,0.0,0.0,0.0,2168.5,1127.5,340.5,765.0,533.5,1467.0,3235.0,3657.0,3843.0,3973.0,3197.0,2507.0,1635.5,1751.5,1779.0,2139.5,2472.5,2612.0,2787.5,2876.5,2995.5,2217.0,412.5,628.0,882.0,1159.5,1390.0,1617.0,1849.5,1927.0,2053.0,1530.0,386.0,554.0,674.5,882.0,1109.5,1236.5,1343.0,1441.0,0.0,0.0,0.0,0.0,0.0,0.0,0.0,0.0,0.0,0.0,3003.5,2119.0,546.0,774.5,920.0,1321.0,1663.5,1828.5,2064.0,2109.5,4888.0,3887.0,3249.5,3163.5,3164.5,3525.0,3735.5,3825.5,4174.0,4195.5,3121.5,2066.5,693.0,1017.5,1410.5,1863.0,2295.5,2494.0,2809.5,2817.5,3131.0,2063.5,726.0,1052.5,1369.5,1851.5,2301.0,2490.5,2835.5,2829.0,0.0,0.0,0.0,0.0,0.0,0.0,0.0,0.0,0.0,0.0,3103.5,2186.0,786.0,988.0,1224.5,1669.0,2129.5,2302.5,2574.0,2511.5,0.0,0.0,0.0,0.0,0.0,0.0,0.0,0.0,0.0,0.0,1015.5,1118.0,9724.5,9775.0,9978.0,10173.0,9885.0,9576.0,9956.0,9235.5,0.0,0.0,0.0,0.0,0.0,0.0,0.0,0.0,0.0,0.0,3080.0,2302.5,702.0,905.0,1119.0,1513.0,1949.0,2121.0,2371.5,2334.0,2798.5,1975.5,644.5,893.5,981.5,1456.0,2048.0,2206.5,2427.5,2446.0,2641.0,1824.5,542.0,820.5,889.5,1432.0,2036.5,2194.0,2410.0,2432.0,3277.5,2510.0,776.0,1065.5,1189.5,1795.5,2297.5,2505.0,2643.5,2732.5,"{""type"":""MultiPoint"",""coordinates"":[]}"
2875,1,2311.0,1439.5,468.0,694.0,872.5,1441.0,2130.5,2384.5,2720.5,2754.0,3101.0,2354.0,922.0,1322.0,1858.0,2285.0,2404.0,2525.0,2620.0,2735.0,2794.0,2038.0,820.0,1193.0,1714.0,2054.0,2232.0,2374.0,2535.0,2534.0,2877.0,2083.0,1286.0,1916.0,2171.0,2301.0,2463.0,2622.0,2933.0,2797.0,2723.0,1898.0,732.0,1186.0,1514.0,1981.0,2521.0,2671.0,2857.0,2853.0,4521.0,3610.0,1431.0,2097.0,2334.0,3039.0,4523.0,5209.0,5400.0,5388.0,0.0,0.0,0.0,0.0,0.0,0.0,0.0,0.0,0.0,0.0,1888.5,812.5,303.0,522.0,251.5,668.0,3416.0,5242.5,5183.0,5352.0,1912.0,825.0,344.0,533.0,291.0,651.0,3322.0,5332.0,5210.0,5585.0,1927.0,834.5,582.0,691.5,413.0,802.0,3236.5,5096.0,5006.0,5361.0,1910.0,844.0,355.0,562.0,352.0,738.0,3092.0,4845.0,4822.0,5037.0,2536.0,1633.0,437.0,665.0,887.0,1468.0,2099.0,2342.0,2670.0,2702.0,1993.5,961.0,892.0,957.5,694.0,1094.0,3027.5,4117.5,3829.0,4500.5,2283.0,1087.0,766.0,1030.0,779.0,1332.0,3153.0,3907.0,3891.0,4390.0,3291.0,2187.5,927.5,1103.0,1310.5,1761.0,2279.0,2542.0,2707.5,2957.5,2541.5,1837.0,527.5,606.5,771.5,1063.5,1194.0,1399.5,1371.5,1591.0,2673.0,1840.0,514.5,634.5,776.5,1074.5,1413.0,1618.5,1684.0,1803.0,4675.0,3376.5,1072.5,1485.0,2196.5,2677.0,2895.0,3198.0,3426.0,3640.0,3794.0,2630.0,891.0,1316.0,1697.0,2273.0,2700.0,2973.0,3165.0,3308.0,3335.0,2082.0,637.0,1076.0,1079.0,1811.0,2864.0,3147.0,3262.0,3491.0,3482.0,2095.5,660.0,1136.5,996.0,1869.0,3232.5,3697.5,3836.0,3998.5,2879.0,1669.0,528.5,960.0,831.5,1661.0,3038.0,3434.5,3667.5,3739.5,2763.0,1780.0,657.0,855.0,1010.0,1640.0,2411.0,2681.0,3050.0,2994.0,2844.0,1666.0,566.0,987.0,992.0,1919.0,3107.0,3427.0,3771.0,3852.0,2847.0,2100.0,1168.5,1328.0,1422.0,1991.5,2577.0,2849.5,3096.0,3224.5,4545.0,3986.0,2420.5,2803.5,3447.0,3950.0,4218.5,4396.0,4247.5,4644.0,3575.0,2540.0,1180.5,1386.0,1936.5,2338.5,2529.5,2755.0,3019.5,3096.5,0.0,0.0,0.0,0.0,0.0,0.0,0.0,0.0,0.0,0.0,3132.5,2386.5,786.5,1049.5,1365.0,1726.0,1989.5,2160.0,2322.5,2414.5,5895.0,5409.0,4653.0,4638.0,4748.0,5233.0,5583.0,5692.0,6278.0,5915.0,91.0,90.0,9510.0,9331.0,9193.0,9387.0,8889.0,8076.0,8104.0,7260.0,925.0,564.0,2735.0,2983.0,3129.0,3595.0,3723.0,3696.0,3937.0,3737.0,2846.0,2173.0,682.0,895.0,1308.0,1568.0,1732.0,1967.0,2279.0,2277.0,3431.5,2529.5,1441.0,1483.5,1683.5,1981.0,2160.5,2411.0,2654.0,2702.5,2784.0,2186.0,869.0,1225.0,1862.0,2118.0,2181.0,2306.0,2497.0,2480.0,3533.0,2955.0,1097.0,1642.0,2393.0,2773.0,2828.0,2942.0,3129.0,3127.0,"{""type"":""MultiPoint"",""coordinates"":[]}"
2943,5,2845.5,2007.0,746.0,1100.5,1358.5,1740.0,2216.5,2391.0,2687.5,2636.0,2896.0,2538.5,1056.5,1294.5,1593.5,1797.5,1873.5,1986.5,2118.5,2147.0,2916.0,2243.0,888.5,1197.0,1583.0,1813.5,1902.0,2035.5,2177.0,2224.0,3667.0,3186.5,1251.0,1638.0,2054.5,2350.5,2498.5,2635.5,2796.0,2838.5,5301.0,5024.0,1928.5,2558.5,3160.0,3596.5,3816.0,3981.0,4249.5,4229.0,6582.5,6362.0,2465.5,3027.0,3538.0,4223.0,4783.5,5180.0,5088.5,5440.5,0.0,0.0,0.0,0.0,0.0,0.0,0.0,0.0,0.0,0.0,3818.0,2654.5,727.0,1135.0,1002.0,1898.5,4012.5,4690.0,4819.0,5102.5,2888.5,1487.5,367.5,675.5,390.0,1166.5,3869.5,5001.5,5002.0,5231.0,2568.0,1095.5,429.0,536.5,268.0,768.0,4351.0,5822.0,6084.0,6146.0,2600.5,1107.5,449.0,565.5,322.0,797.0,4379.0,6384.5,6440.5,6850.5,3158.0,2365.0,822.5,1187.5,1472.5,1914.5,2393.5,2567.5,2824.0,2802.0,2254.5,1049.0,317.0,439.0,251.0,667.0,3765.5,5576.5,5568.5,6077.5,2298.5,969.5,341.5,457.0,254.0,669.0,3918.0,5616.0,5738.5,5939.0,2100.0,828.5,370.5,466.0,256.0,732.5,3784.0,5361.5,5292.0,5746.5,2309.0,1034.0,447.5,680.5,408.0,1055.0,3826.0,4920.5,4515.5,5399.5,2034.0,964.0,264.5,615.5,383.5,1040.0,2938.0,3347.0,3580.0,3768.0,2406.0,1401.0,522.5,825.5,681.5,1473.0,2612.5,3058.5,3162.5,3608.0,2316.0,1597.0,321.0,485.0,585.5,971.5,1226.5,1439.0,1616.0,1803.5,1866.5,1390.0,396.0,487.5,590.5,763.5,887.0,988.0,1002.5,1113.0,2481.5,1945.0,378.5,479.0,643.0,846.0,997.0,1143.0,1197.0,1317.0,3595.5,2812.0,724.5,928.5,1272.0,1538.0,1709.5,1844.0,1995.5,2094.5,2701.5,1925.5,866.0,1149.5,1333.5,1766.5,2212.0,2416.0,2761.5,2593.5,3455.5,2525.5,737.5,974.0,1189.0,1524.0,1788.5,1932.5,2137.5,2176.5,2944.0,2005.0,825.5,1013.0,1161.5,1521.5,1858.5,2035.0,2246.5,2264.5,2781.0,1889.0,499.5,825.0,861.5,1345.0,2072.5,2239.5,2509.5,2440.0,2459.0,1531.0,502.5,812.0,829.0,1326.0,2175.0,2399.5,2856.0,2569.0,0.0,0.0,0.0,0.0,0.0,0.0,0.0,0.0,0.0,0.0,2463.5,1487.0,484.5,798.5,579.0,1305.0,2970.5,3333.5,3579.0,3528.0,0.0,0.0,0.0,0.0,0.0,0.0,0.0,0.0,0.0,0.0,1135.5,1228.0,10636.0,10402.0,10333.0,10472.5,10133.5,9728.5,10161.0,9374.0,2189.5,1885.5,4647.5,4570.5,4673.5,4806.5,4846.0,4741.0,5068.5,4719.0,3151.0,2281.0,703.5,1099.0,1346.0,1877.5,2463.5,2726.0,2742.0,2909.0,3326.5,2596.5,1748.0,1962.0,2031.0,2592.5,3130.5,3298.5,3515.5,3485.0,2506.5,1601.0,565.0,974.0,1034.5,1830.0,2608.0,2794.5,3085.0,3071.5,2563.5,1802.5,622.0,923.0,1146.0,1655.5,1985.5,2158.0,2358.0,2386.5,"{""type"":""MultiPoint"",""coordinates"":[]}"
2954,1,3185.0,2143.0,796.0,1058.0,1290.0,1730.0,2396.0,2565.0,2906.0,2876.0,4282.0,3106.0,943.0,1221.0,1680.0,2056.0,2286.0,2518.0,2741.0,2837.0,3705.0,2636.0,841.5,1099.5,1463.5,1871.0,2089.0,2280.5,2522.0,2615.0,2936.5,1941.5,870.0,1104.0,1384.5,1779.0,2088.5,2307.5,2389.5,2623.0,4150.0,3217.0,887.0,1194.0,1502.0,1902.0,2204.0,2388.0,2652.0,2684.0,5092.0,3691.0,1034.0,1296.0,1477.0,1983.0,2920.0,3381.0,3501.0,3742.0,2339.0,1803.0,1523.0,1702.0,1709.0,2154.0,2844.0,3273.0,2747.0,3422.0,2066.5,969.0,375.5,519.0,325.5,664.0,3034.0,4570.5,4566.5,4778.5,1982.0,846.0,264.0,461.0,263.0,645.0,3249.0,4968.0,4920.0,5193.0,1986.5,835.5,397.0,563.5,342.5,718.0,3224.0,4991.0,5008.5,5305.0,1989.0,861.0,496.0,664.0,452.0,811.0,3320.0,5071.0,4992.0,5393.0,3573.5,2426.0,840.5,1099.0,1384.0,1801.5,2371.5,2549.0,2908.5,2794.0,1938.0,830.0,510.0,675.0,446.0,832.0,3113.0,4521.0,4448.0,4920.0,2217.0,1127.0,588.0,779.0,563.0,1030.0,2973.0,3913.0,3985.0,4189.0,3149.0,2029.0,899.0,1091.0,1103.0,1623.0,2504.0,2901.0,3095.0,3398.0,2830.0,1970.0,490.0,608.0,761.0,1030.0,1285.0,1493.0,1562.0,1754.0,2847.0,2098.0,571.0,675.5,880.5,1075.0,1268.5,1451.0,1560.5,1680.5,4500.0,3723.0,1237.5,1600.0,2195.0,2564.5,2781.0,3025.0,3098.0,3383.5,4004.0,3416.5,965.0,1278.0,1756.0,2020.5,2158.5,2323.0,2503.0,2568.0,2173.5,1641.5,779.5,906.5,1114.5,1323.0,1417.0,1552.5,1559.5,1664.0,3628.0,2744.0,826.0,1179.0,1457.0,1918.0,2491.0,2723.0,2987.0,3036.0,3564.0,2605.0,835.0,1246.0,1367.0,1928.0,2723.0,2914.0,3155.0,3211.0,3361.0,2244.5,866.0,1159.0,1429.5,1870.0,2476.0,2663.0,3009.0,2943.5,3271.0,2414.0,709.0,1146.0,1171.0,1903.0,2886.0,3110.0,3409.0,3287.0,3055.0,1841.0,924.0,1249.0,1169.0,1912.0,3089.0,3410.0,3620.0,3673.0,2584.5,1599.5,477.0,886.5,816.0,1530.0,2628.0,2869.0,3129.0,3066.0,2555.5,1570.5,460.0,865.5,813.0,1530.5,2709.0,2961.0,3178.0,3163.0,0.0,0.0,0.0,0.0,0.0,0.0,0.0,0.0,0.0,0.0,2390.0,1394.0,578.0,868.0,730.0,1371.0,2685.0,2968.0,3219.0,3168.0,0.0,0.0,0.0,0.0,0.0,0.0,0.0,0.0,0.0,0.0,1076.0,1173.0,10553.0,10310.0,10324.0,10486.0,10166.0,9771.0,10226.0,9452.0,2203.0,1433.5,1499.0,1751.0,1990.5,2410.5,2909.0,3053.0,3273.0,3246.0,3399.0,2471.0,751.0,1107.0,1257.0,1813.0,2599.0,2841.0,3107.0,3065.0,2852.0,1798.0,673.0,1065.0,960.0,1671.0,2913.0,3157.0,3457.0,3393.0,2817.0,1676.0,537.0,988.0,759.0,1631.0,3157.0,3431.0,3755.0,3669.0,3039.0,1829.0,849.0,1282.0,1413.0,2244.0,2950.0,3199.0,3438.0,3510.0,"{""type"":""MultiPoint"",""coordinates"":[]}"
2981,5,1351.0,1298.5,1389.0,1455.5,1515.5,1679.0,1538.0,1583.5,1658.5,1529.0,4373.5,3514.5,1143.5,1425.0,1794.5,2195.0,2393.5,2627.0,2849.0,3015.0,0.0,0.0,0.0,0.0,0.0,0.0,0.0,0.0,0.0,0.0,2250.0,1656.5,1112.0,1238.5,1438.5,1754.5,1843.5,2010.5,2087.5,2177.0,2420.0,1755.0,709.0,974.0,1277.0,1549.0,1709.0,1847.0,2004.0,2035.0,5953.0,5858.0,2065.0,2473.0,3129.0,3580.0,3691.0,3970.0,3985.0,4295.0,0.0,0.0,0.0,0.0,0.0,0.0,0.0,0.0,0.0,0.0,3288.0,2491.5,2144.0,2048.0,1789.5,2258.5,2850.0,3190.0,3510.5,3356.0,4459.5,3509.0,1381.5,1841.5,2119.5,2678.5,3490.0,3851.5,4083.5,4205.5,4528.0,3565.0,1206.0,1529.0,1807.0,2542.0,3740.0,4338.0,4382.0,4776.0,3759.0,2703.5,907.0,1205.5,1201.0,1832.5,3536.0,4144.5,4215.0,4528.0,111.0,83.0,355.0,456.0,511.0,649.0,502.0,526.0,541.0,437.0,2876.0,1595.0,385.0,645.0,414.0,1065.0,3953.0,5165.0,5213.0,5465.0,1903.0,955.5,470.5,571.5,353.5,755.0,3171.5,4456.5,4440.0,4708.0,1975.0,951.0,411.0,514.0,337.0,769.0,3287.0,4594.0,4552.0,4878.0,2121.0,1197.5,885.5,967.0,795.5,1287.5,3234.5,4178.0,4073.5,4347.0,1900.0,845.0,204.0,395.0,211.0,681.0,3311.0,4361.0,4288.0,4615.0,1867.0,927.0,368.0,544.0,352.0,870.0,2881.0,3623.0,3791.0,3990.0,2350.0,1608.0,431.0,757.0,670.0,1379.0,1821.0,2055.0,2258.0,2439.0,2633.0,1831.0,494.0,620.0,742.0,992.0,1191.0,1306.0,1374.0,1518.0,2939.0,2158.5,654.5,790.5,872.0,1155.0,1357.0,1545.0,1758.0,1808.5,2632.0,1891.0,440.0,570.0,706.0,899.0,1060.0,1206.0,1342.0,1418.0,4291.5,4257.0,3491.5,3503.0,3615.0,3861.0,3852.0,3907.0,4077.0,3982.0,3068.0,2270.5,699.5,839.0,1057.5,1274.0,1414.0,1585.0,1768.0,1833.5,1610.5,1092.5,749.5,911.0,1104.0,1350.5,1375.5,1523.5,1527.5,1646.5,83.5,76.5,101.5,227.0,296.0,396.5,303.5,330.5,335.0,249.5,134.5,111.5,109.5,235.5,312.5,442.0,378.0,431.0,426.0,367.0,0.0,0.0,0.0,0.0,0.0,0.0,0.0,0.0,0.0,0.0,0.0,0.0,0.0,0.0,0.0,0.0,0.0,0.0,0.0,0.0,0.0,0.0,0.0,0.0,0.0,0.0,0.0,0.0,0.0,0.0,486.0,529.0,9608.0,9480.0,9352.0,9280.0,8960.0,8680.0,9180.0,8110.0,151.0,149.0,4597.0,4707.0,4612.0,4908.0,4270.0,3515.0,3159.0,2801.0,2244.0,1508.0,688.0,917.0,1247.0,1613.0,1776.0,1961.0,2216.0,2254.0,3639.0,2716.0,982.0,1271.0,1657.0,2000.0,2197.0,2396.0,2719.0,2765.0,1628.0,1050.5,572.0,768.5,1072.5,1347.5,1477.5,1677.5,1933.5,2006.0,2536.0,1799.0,745.0,961.5,1261.5,1563.0,1747.0,1933.5,2176.5,2243.5,"{""type"":""MultiPoint"",""coordinates"":[]}"
3081,5,2992.5,2242.5,802.0,1190.5,1745.0,2008.5,2145.5,2294.5,2581.5,2550.5,4297.0,4219.0,2008.0,2439.0,2489.0,2654.0,2783.0,2822.0,3209.0,2932.0,2585.0,2005.0,690.0,927.0,1350.0,1545.0,1633.0,1776.0,1929.0,1969.0,4159.5,3825.5,1186.5,1658.5,2139.5,2541.0,2694.5,2901.5,3051.0,3118.5,3758.0,3224.0,966.0,1407.0,1871.0,2267.0,2513.0,2638.0,2877.0,2884.0,5815.0,5361.0,1695.0,2320.0,2774.0,3490.0,4078.0,4436.0,4475.0,4668.0,3245.0,2132.0,645.0,1084.0,1095.0,1777.0,3144.0,3511.0,3614.0,3772.0,3461.0,2006.0,690.0,945.0,636.0,1534.0,4520.0,5406.0,5479.0,5548.0,2900.0,1411.0,269.0,520.0,280.0,977.0,4619.0,6171.0,6072.0,6422.0,3044.0,1349.0,327.0,612.0,258.0,885.0,5049.0,6830.0,6846.0,7327.0,3227.0,1395.0,451.0,634.0,320.0,923.0,5233.0,7600.0,7664.0,8043.0,3455.0,2795.0,964.0,1356.0,1902.0,2218.0,2352.0,2520.0,2772.0,2740.0,2366.0,1010.0,406.0,549.0,313.0,781.0,3950.0,5780.0,5647.0,6181.0,2566.0,1091.0,450.0,575.0,326.0,805.0,4159.0,6027.0,6175.0,6437.0,2336.0,963.0,362.0,534.0,316.0,782.0,3838.0,5557.0,5535.0,5953.0,2649.5,1681.5,1277.5,1360.5,1130.0,1626.5,3542.0,4828.0,4749.0,5164.5,2134.0,1024.0,311.0,663.0,405.0,1047.0,3333.0,4258.0,4279.0,4623.0,2158.0,1111.0,351.0,723.0,555.0,1393.0,2827.0,3293.0,3452.0,3739.0,2636.5,1681.0,349.0,580.0,707.5,1201.0,1572.0,1844.0,2063.0,2209.0,2133.0,1407.5,1063.5,1098.0,1091.5,1270.0,1401.5,1559.0,1883.0,1714.5,4005.5,2939.0,779.5,1057.5,1538.5,1815.5,1963.5,2163.0,2379.5,2481.0,4036.0,2987.0,862.0,1135.0,1568.0,1873.0,2018.0,2202.0,2368.0,2481.0,2935.0,2297.0,873.0,1229.0,1627.0,1932.0,2053.0,2187.0,2382.0,2418.0,3211.0,2683.0,808.0,1074.0,1428.5,1690.0,1798.0,1923.5,2090.5,2121.5,2023.0,1660.5,584.5,747.0,1060.5,1193.5,1259.0,1362.0,1467.5,1491.0,2201.5,1777.5,429.0,694.5,1066.5,1210.0,1328.0,1431.0,1574.5,1551.0,2766.0,2439.0,584.0,928.0,1335.0,1556.0,1667.0,1755.0,1862.0,1934.0,0.0,0.0,0.0,0.0,0.0,0.0,0.0,0.0,0.0,0.0,2369.0,1843.0,609.0,861.0,1250.0,1488.0,1597.0,1721.0,1922.0,1906.0,0.0,0.0,0.0,0.0,0.0,0.0,0.0,0.0,0.0,0.0,777.0,847.0,10432.0,10236.0,10188.0,10330.0,9919.0,9559.0,9910.0,9128.0,2014.5,1617.5,2420.5,2683.5,2989.0,3293.5,3261.5,3298.0,3476.0,3346.0,3361.5,2612.0,907.5,1302.5,1792.5,2090.0,2244.5,2387.0,2664.0,2639.0,4035.5,3330.0,2450.0,2632.0,2888.0,3212.0,3326.0,3469.0,3704.5,3619.0,3452.0,2691.0,910.0,1332.0,1786.0,2138.0,2233.0,2415.0,2637.0,2651.0,3441.0,2793.0,1000.0,1367.0,1762.0,2129.0,2298.0,2451.0,2654.0,2718.0,"{""type"":""MultiPoint"",""coordinates"":[]}"
3084,3,1044.0,567.0,587.0,787.0,1146.0,1397.0,1534.0,1635.0,1912.0,1918.0,4308.5,3605.5,1620.0,1863.0,2257.0,2586.5,2641.5,2824.5,3005.0,3041.5,1036.0,555.0,625.0,778.5,1056.5,1277.0,1340.0,1461.5,1607.0,1672.5,0.0,0.0,0.0,0.0,0.0,0.0,0.0,0.0,0.0,0.0,1003.0,533.0,456.0,586.0,702.0,920.0,979.0,1054.0,1169.0,1224.0,4258.0,3402.0,1515.0,1796.0,2083.0,2470.0,2624.0,2769.0,2906.0,3002.0,0.0,0.0,0.0,0.0,0.0,0.0,0.0,0.0,0.0,0.0,4464.0,3700.0,1057.5,1403.5,1650.5,2064.0,2355.0,2525.5,2678.5,2869.0,5031.0,4211.0,1397.0,1765.0,2024.0,2544.0,2818.0,3101.0,3173.0,3493.0,830.0,476.5,290.5,437.0,404.5,735.0,1265.5,1481.5,1482.5,1610.0,4188.0,2559.0,2628.0,2659.0,2501.0,2951.0,3884.0,4404.0,4526.0,4510.0,1421.0,1004.5,811.0,937.5,1204.5,1379.5,1482.0,1563.0,1753.0,1794.0,1661.0,771.0,352.0,535.0,227.0,770.0,2696.0,3680.0,3544.0,3841.0,1897.5,870.5,438.5,602.0,323.0,814.0,3144.5,4698.5,4668.5,4944.0,1622.0,688.0,447.0,517.0,281.0,657.0,2911.0,4357.0,4284.0,4665.0,1726.0,791.0,340.0,596.0,267.0,913.0,3277.0,4854.0,4777.0,5185.0,1854.0,889.0,401.0,830.0,404.0,1376.0,3928.0,5010.0,5193.0,5357.0,2121.5,1165.0,1177.5,1430.0,1145.5,1967.0,3637.5,4395.0,4442.5,4718.0,2268.0,1246.0,588.5,1059.0,1059.0,1978.5,3148.0,3608.5,3920.5,4063.5,2301.0,1392.5,585.0,901.5,1014.0,1635.0,2248.0,2506.0,2632.5,2887.0,2574.0,1578.0,537.0,874.0,1115.0,1624.0,2139.0,2401.0,2703.0,2751.0,3137.5,2182.0,643.0,956.0,1392.0,1882.0,2138.0,2434.0,2722.0,2820.0,973.0,623.0,697.0,873.0,1261.0,1503.0,1660.0,1765.0,2020.0,2040.0,3643.0,2673.5,914.5,1252.0,1789.0,2162.5,2353.0,2599.0,2889.5,3004.0,2643.0,1741.0,862.0,1213.0,1942.0,2345.0,2487.0,2697.0,3067.0,3124.0,2006.0,1319.0,600.5,932.0,1455.0,1708.0,1823.5,2022.5,2301.0,2286.5,3016.0,2222.0,870.0,1221.0,1782.0,2051.0,2141.0,2346.0,2521.0,2655.0,0.0,0.0,0.0,0.0,0.0,0.0,0.0,0.0,0.0,0.0,280.0,198.0,425.0,518.5,743.5,953.0,930.5,1004.0,1109.0,1064.0,0.0,0.0,0.0,0.0,0.0,0.0,0.0,0.0,0.0,0.0,939.0,1027.0,10326.0,10110.0,10174.0,10280.0,9987.0,9590.0,10006.0,9257.0,1053.0,648.0,2543.0,2687.5,2956.5,3074.0,3038.5,3263.5,3486.5,3288.0,1230.0,718.0,545.0,759.0,1132.0,1409.0,1505.0,1688.0,1927.0,1933.0,366.5,221.5,487.0,648.0,895.5,1117.0,1071.0,1185.0,1266.5,1225.5,93.0,60.0,366.0,550.0,714.0,867.0,586.0,633.0,604.0,477.0,1693.0,1106.5,711.0,871.5,1152.5,1404.5,1435.0,1588.5,1714.5,1816.0,"{""type"":""MultiPoint"",""coordinates"":[]}"
3106,5,2619.0,1892.0,845.0,1192.0,1618.0,2007.0,2444.0,2644.0,2847.0,2814.0,4168.5,3584.5,1132.0,1743.0,2096.5,2817.5,3057.5,3207.5,3389.5,3422.5,2865.0,2093.0,849.0,1198.0,1631.0,2039.0,2224.0,2366.0,2571.0,2578.0,3196.0,2346.0,887.5,1340.5,1669.0,2225.5,2626.5,2824.5,2948.5,2978.5,2818.0,1945.0,659.0,1141.0,1301.0,1935.0,2433.0,2616.0,2824.0,2767.0,5841.0,4930.0,1592.0,2354.0,2597.0,3619.0,5022.0,5482.0,5525.0,5785.0,3384.0,2277.0,1071.0,1564.0,1426.0,2254.0,3960.0,4364.0,4484.0,4587.0,2451.0,1332.0,533.0,839.0,715.0,1335.0,3205.0,3760.0,3693.0,4004.0,2646.0,1284.0,308.0,504.0,265.0,835.0,4049.0,5413.0,5328.0,5701.0,2236.0,1083.0,327.0,453.0,298.0,758.0,3536.0,4675.0,4914.0,4959.0,2428.0,1089.0,292.0,483.0,260.0,756.0,3756.0,4987.0,5062.0,5291.0,2663.5,1917.0,898.5,1293.5,1725.5,2213.5,2667.5,2822.5,3061.0,3000.5,2290.0,985.5,350.0,522.5,276.5,810.0,3629.5,4846.0,4774.0,5188.0,2422.5,1084.0,329.0,628.0,305.5,965.5,3635.0,4527.0,4678.0,5003.0,2357.5,1184.0,331.5,590.0,350.0,994.5,3153.5,3937.5,3953.5,4359.0,2372.5,1154.5,432.5,706.0,460.0,1224.5,2972.5,3517.0,3545.5,3957.0,2625.0,1599.0,366.0,666.0,626.0,1204.0,2147.0,2504.0,2592.0,2936.0,2628.0,1658.0,530.0,734.0,1035.0,1460.0,1723.0,1971.0,2168.0,2379.0,2906.5,2063.0,555.0,714.0,935.0,1221.0,1413.0,1589.0,1707.0,1898.0,2880.0,2346.0,730.0,1081.0,1605.0,1873.0,1954.0,2104.0,2128.0,2296.0,4544.0,4444.0,1324.0,1917.0,2680.0,3012.0,3121.0,3265.0,3276.0,3443.0,4016.0,3859.0,1198.0,1671.0,2345.0,2667.0,2742.0,2860.0,2921.0,3027.0,3062.0,2363.0,1763.0,1973.0,2202.0,2604.0,2879.0,3008.0,3257.0,3143.0,3119.0,2507.0,822.0,1247.0,1648.0,2110.0,2344.0,2482.0,2674.0,2662.0,3965.0,3577.0,1075.0,1627.0,2002.0,2598.0,2934.0,3122.0,3333.0,3339.0,2352.0,1572.0,523.0,920.0,1132.0,1654.0,2278.0,2498.0,2703.0,2659.0,2501.0,1737.0,576.5,981.5,1131.5,1757.5,2510.5,2712.0,2813.5,2855.5,0.0,0.0,0.0,0.0,0.0,0.0,0.0,0.0,0.0,0.0,2102.5,1107.0,448.5,824.0,537.0,1401.5,3671.5,4033.5,4177.5,4212.5,0.0,0.0,0.0,0.0,0.0,0.0,0.0,0.0,0.0,0.0,45.0,61.0,10363.0,10232.0,10081.0,10170.0,9650.0,8851.0,8938.0,7988.0,189.0,145.0,5591.0,5808.0,5906.0,6202.0,5909.0,5651.0,5793.0,5271.0,2604.5,1847.5,789.0,1198.0,1508.5,1994.0,2444.5,2614.0,2892.5,2860.0,3276.0,2348.0,1031.0,1558.0,1731.0,2506.0,3095.0,3319.0,3432.0,3568.0,2823.0,2121.0,792.0,1113.0,1687.0,1903.0,1988.0,2162.0,2351.0,2349.0,2856.0,2071.0,1093.0,1419.0,1879.0,2182.0,2319.0,2436.0,2653.0,2632.0,"{""type"":""MultiPoint"",""coordinates"":[]}"
3108,3,2109.5,1407.5,588.5,799.5,1053.5,1339.5,1491.5,1658.0,1912.5,1878.0,3388.0,2633.0,956.0,1239.5,1646.5,1925.5,2010.5,2261.0,2433.0,2499.0,1994.5,1306.5,669.5,1004.5,1235.0,1646.5,1810.0,1976.0,2103.0,2120.5,1745.5,1092.0,814.5,1169.5,1494.5,1855.5,1975.0,2159.5,2314.5,2272.0,3831.0,3012.5,980.5,1449.0,1840.0,2283.0,2530.5,2720.0,2847.5,2904.5,5586.0,4790.5,1887.5,2591.0,2983.0,3608.5,3906.5,4128.5,4298.5,4295.0,0.0,0.0,0.0,0.0,0.0,0.0,0.0,0.0,0.0,0.0,2599.0,1611.0,548.0,922.0,941.0,1506.5,2026.5,2166.5,2229.5,2334.5,1256.0,821.5,228.0,504.0,393.0,1023.0,1932.5,2299.0,2235.5,2181.5,1236.5,610.0,279.5,482.0,233.5,703.5,2188.5,2911.0,2761.5,2775.5,1260.0,612.0,441.5,564.0,362.5,719.0,2139.5,3029.0,2824.0,3020.0,1716.0,1169.5,604.5,741.5,899.0,1093.5,1233.0,1326.0,1542.5,1483.0,1137.5,509.5,379.0,436.0,233.0,566.5,2233.0,3336.5,3146.5,3354.5,1320.0,618.5,459.0,612.5,342.5,848.5,2697.0,3849.5,3844.5,3973.5,2644.5,1758.0,1567.0,1766.0,1543.0,2142.0,3782.0,4551.0,4495.0,4724.5,1564.0,806.5,531.0,837.0,537.5,1408.0,3070.0,3870.0,3673.0,4049.0,1675.0,948.5,573.0,985.5,786.0,1781.5,2972.5,3419.0,3535.5,3677.5,2090.5,1329.0,695.0,1052.0,1150.0,1853.0,2423.0,2675.0,2665.5,2939.5,1980.5,1381.0,653.5,837.0,1052.0,1392.0,1655.5,1857.5,1907.5,1982.0,1294.5,890.0,499.0,654.0,783.0,1053.0,1235.5,1370.5,1337.0,1480.0,1669.5,1144.0,508.5,689.0,829.5,1130.0,1341.0,1481.0,1539.0,1621.5,1516.0,1060.0,472.5,685.5,865.0,1112.5,1278.0,1452.0,1441.0,1588.5,2386.0,1788.0,598.5,884.5,1192.0,1510.0,1699.5,1828.5,2051.5,2033.0,1742.0,1192.0,517.0,754.0,968.5,1301.5,1486.0,1641.5,1743.5,1798.5,1941.0,1425.5,691.5,917.0,1173.0,1475.5,1669.5,1823.0,1938.0,1955.0,1647.5,1097.0,460.5,704.5,992.5,1257.0,1398.0,1504.0,1653.0,1703.0,1724.0,1162.0,446.0,673.5,982.0,1233.0,1343.5,1476.5,1555.0,1647.5,0.0,0.0,0.0,0.0,0.0,0.0,0.0,0.0,0.0,0.0,1609.5,1145.0,576.5,742.5,998.0,1210.5,1247.5,1362.5,1516.0,1512.0,0.0,0.0,0.0,0.0,0.0,0.0,0.0,0.0,0.0,0.0,972.5,1068.5,10341.5,10092.0,10169.0,10307.0,9932.0,9579.5,9933.0,9258.5,1397.0,934.5,1523.5,1748.0,1992.0,2233.0,2330.5,2384.5,2581.5,2521.5,2769.0,2013.0,676.5,956.5,1244.0,1597.5,1786.0,1943.5,2165.5,2155.5,2529.0,1768.0,764.5,1057.0,1373.0,1681.0,1839.5,1987.0,2206.0,2174.5,2665.0,1813.0,771.0,1102.0,1428.0,1766.5,1910.0,2061.0,2223.0,2265.0,4163.5,3971.0,1255.5,1656.0,2147.5,2420.0,2520.5,2682.0,2882.0,2905.0,"{""type"":""MultiPoint"",""coordinates"":[]}"
3126,5,2795.0,1804.0,563.5,794.0,1008.5,1492.0,2072.0,2319.5,2711.5,2670.0,3730.0,2786.0,802.5,1047.0,1314.5,1637.5,1842.0,2029.5,2276.0,2369.0,4095.5,3256.0,1862.5,1989.5,2235.0,2721.0,2931.0,3233.5,3343.0,3503.5,3651.0,2750.5,801.5,1008.5,1259.5,1576.0,1817.0,2033.5,2309.5,2385.5,3932.5,3040.0,894.5,1135.0,1358.0,1761.5,2140.0,2386.0,2579.5,2724.0,4631.5,3620.0,985.0,1339.5,1434.5,2017.5,2798.5,3187.0,3370.5,3523.0,0.0,0.0,0.0,0.0,0.0,0.0,0.0,0.0,0.0,0.0,3289.0,1981.0,464.5,791.0,632.0,1276.5,3456.0,4158.5,4297.0,4404.0,1884.5,1041.0,582.5,652.5,483.0,816.0,2503.5,3299.0,3236.5,3460.0,2745.0,1819.0,1050.0,1193.0,1068.0,1484.5,3571.5,4638.0,4428.0,4890.0,2707.0,1161.0,400.0,507.5,280.0,763.0,4495.5,6744.5,6682.0,7091.5,2986.0,2010.0,609.0,842.0,1087.0,1606.0,2148.0,2351.0,2713.0,2746.0,2578.5,979.0,387.5,483.5,274.0,721.0,4445.5,6481.5,6555.0,6881.0,2385.0,954.5,344.0,493.0,264.5,704.5,4098.5,5927.0,6021.0,6227.5,2145.0,865.0,337.5,486.0,257.0,762.5,3684.0,5204.5,5145.5,5533.0,2171.5,1093.5,568.0,798.5,540.0,1134.0,3146.5,3967.0,3905.0,4243.0,2459.5,1466.5,418.5,734.5,694.5,1386.5,2300.0,2650.5,2881.0,3064.5,0.0,0.0,0.0,0.0,0.0,0.0,0.0,0.0,0.0,0.0,2931.5,2248.5,513.0,666.5,953.5,1135.5,1232.5,1392.0,1573.5,1643.5,2354.0,1798.5,464.0,586.5,731.5,919.5,979.5,1083.5,1136.0,1230.5,3486.0,2724.5,788.0,1001.0,1325.0,1585.5,1708.5,1858.5,2019.0,2089.0,3444.5,2719.5,799.0,1028.5,1277.5,1579.5,1775.5,1917.5,2073.5,2132.0,0.0,0.0,0.0,0.0,0.0,0.0,0.0,0.0,0.0,0.0,3302.0,2426.5,791.5,1018.5,1175.0,1546.5,1898.5,2061.0,2216.0,2252.0,0.0,0.0,0.0,0.0,0.0,0.0,0.0,0.0,0.0,0.0,2762.5,1817.0,549.0,822.5,933.5,1422.0,2077.0,2210.0,2442.5,2416.5,2347.5,1550.5,638.0,849.0,859.5,1335.5,1974.5,2131.5,2330.5,2280.0,0.0,0.0,0.0,0.0,0.0,0.0,0.0,0.0,0.0,0.0,2619.5,1728.0,553.0,814.5,784.5,1372.5,2351.0,2567.5,2842.5,2777.5,0.0,0.0,0.0,0.0,0.0,0.0,0.0,0.0,0.0,0.0,481.0,547.5,9932.0,9864.0,9979.0,10167.0,9820.5,9424.5,9784.0,9048.0,0.0,0.0,0.0,0.0,0.0,0.0,0.0,0.0,0.0,0.0,2901.5,1969.0,574.0,815.0,1005.5,1488.5,1984.0,2228.5,2529.5,2546.5,3059.5,2033.5,665.5,956.0,1143.5,1695.0,2077.0,2288.5,2593.5,2662.0,2899.0,1936.5,572.5,835.5,1109.5,1506.0,1706.0,1916.0,2232.0,2280.5,0.0,0.0,0.0,0.0,0.0,0.0,0.0,0.0,0.0,0.0,"{""type"":""MultiPoint"",""coordinates"":[]}"
3130,1,2793.0,1984.0,684.5,863.0,1092.5,1385.5,1541.0,1680.0,1921.0,1936.0,4381.5,3263.5,1262.5,1595.0,2081.5,2371.5,2480.5,2647.5,2902.5,2922.0,2763.5,2094.5,711.0,863.5,1163.5,1378.0,1469.5,1625.5,1831.5,1875.5,4338.5,3719.5,1040.5,1440.0,1583.5,2208.5,2604.5,2818.5,3017.0,3080.0,2977.0,2259.5,674.0,962.0,1179.5,1528.0,1745.0,1905.0,2088.5,2140.0,5864.0,5324.0,1822.5,2295.5,2661.0,3229.5,3959.0,4449.0,4470.0,4729.5,2340.0,1825.5,1954.5,1873.0,1660.5,1821.0,2347.0,2502.0,2742.5,2591.5,2193.5,1090.5,278.5,491.0,280.0,668.5,3127.5,4720.5,4756.5,4902.5,1586.0,671.0,218.5,347.0,172.0,454.5,2847.5,4958.0,4873.5,5216.5,1744.0,756.0,298.5,446.0,253.5,569.5,2938.5,4982.5,4949.0,5266.5,1834.5,750.0,389.5,522.0,317.0,621.5,2940.0,5134.0,5126.0,5384.0,3556.5,2839.5,856.5,1065.5,1318.5,1626.0,1778.5,1920.5,2150.5,2142.0,1810.5,706.5,359.0,503.5,308.5,645.5,2988.0,4964.0,4905.0,5311.0,1683.5,716.0,482.5,632.5,392.0,789.0,2786.5,4190.0,4274.0,4525.5,2059.5,1028.0,326.0,603.0,505.5,1072.5,2603.0,3485.0,3611.0,3960.0,2494.5,1860.0,526.5,674.0,858.5,1163.5,1374.5,1610.0,1687.5,1913.5,2998.5,2110.0,424.0,591.5,843.5,1107.0,1229.0,1421.5,1501.0,1717.0,4819.5,3285.0,1161.5,1591.0,2389.0,2845.0,2999.0,3353.5,3518.5,3824.0,4416.0,3191.5,1103.0,1491.0,2120.0,2528.0,2697.5,2866.5,3062.0,3225.0,4293.5,2964.5,910.5,1232.5,1679.0,2110.0,2394.0,2588.5,2726.5,2920.0,3917.5,2683.5,922.5,1250.0,1664.5,2090.5,2416.0,2684.0,2876.5,2971.5,3597.5,2421.5,727.5,1039.0,1283.0,1741.5,2385.5,2621.5,2844.0,2959.5,3112.5,2561.5,2483.0,2457.5,2493.5,2704.5,2771.0,2845.0,3001.0,2903.0,3740.5,2704.0,980.0,1331.0,1843.0,2232.0,2463.5,2693.0,3007.0,3043.5,3800.5,2838.0,1003.5,1350.5,1868.0,2204.5,2376.5,2585.0,2842.5,2998.0,3587.5,2550.0,941.5,1280.0,1802.0,2137.0,2334.5,2539.0,2890.5,2877.0,3773.5,2675.5,966.0,1305.0,1791.5,2122.0,2317.0,2518.5,2747.0,2834.5,0.0,0.0,0.0,0.0,0.0,0.0,0.0,0.0,0.0,0.0,2985.5,2128.0,831.0,1086.5,1476.0,1837.0,2021.5,2201.5,2463.0,2529.0,0.0,0.0,0.0,0.0,0.0,0.0,0.0,0.0,0.0,0.0,332.5,356.5,12618.0,11809.0,11308.0,11239.0,10698.0,10084.5,10384.0,9485.0,172.0,133.5,6912.0,6990.0,7094.0,7470.0,7177.0,6931.0,6972.5,6556.0,3383.5,2556.0,763.5,1020.0,1246.0,1602.0,1792.5,1945.5,2191.0,2209.0,3958.0,3039.0,935.0,1203.0,1378.5,1797.5,2055.0,2204.0,2496.0,2493.5,3665.0,2808.0,836.0,1091.5,1260.0,1687.5,1968.0,2124.0,2346.5,2408.0,3704.0,2796.0,847.5,1134.0,1256.5,1775.0,2061.0,2196.5,2422.5,2497.0,"{""type"":""MultiPoint"",""coordinates"":[]}"
3153,3,2314.0,1592.0,600.0,763.0,981.0,1215.0,1428.0,1535.0,1773.0,1761.0,4382.0,3913.0,1166.0,1518.0,1984.0,2250.0,2342.0,2489.0,2760.0,2795.0,2152.0,1424.5,647.0,790.0,1018.5,1229.5,1325.5,1453.0,1629.0,1654.5,1924.0,1239.0,725.0,882.0,1049.0,1353.0,1457.0,1612.0,1836.0,1765.0,0.0,0.0,0.0,0.0,0.0,0.0,0.0,0.0,0.0,0.0,4675.0,4129.0,1300.0,1644.0,1994.0,2374.0,2667.0,2924.0,3071.0,3186.0,0.0,0.0,0.0,0.0,0.0,0.0,0.0,0.0,0.0,0.0,1414.0,730.0,299.0,457.0,247.0,647.0,2240.0,3092.0,3105.0,2995.0,0.0,0.0,0.0,0.0,0.0,0.0,0.0,0.0,0.0,0.0,1396.0,646.0,412.0,567.0,306.0,775.0,2825.0,4073.0,4179.0,4162.0,1333.0,594.0,538.0,619.0,378.0,724.0,2578.0,4012.0,4057.0,4177.0,2473.0,1909.0,579.0,714.0,939.0,1125.0,1334.0,1449.0,1658.0,1638.0,1319.0,605.0,455.0,709.0,416.0,1068.0,3001.0,4068.0,4117.0,4246.0,1293.0,630.0,431.0,688.0,431.0,1075.0,2964.0,4044.0,4161.0,4283.0,1558.0,800.0,526.0,854.0,614.0,1381.0,3108.0,3997.0,3962.0,4274.0,2139.5,1322.5,941.5,1114.5,926.0,1806.5,3090.0,3651.0,3657.0,4046.5,3646.0,2474.0,897.0,1283.0,1757.0,2296.0,2748.5,3022.5,3258.5,3488.0,0.0,0.0,0.0,0.0,0.0,0.0,0.0,0.0,0.0,0.0,3051.5,2441.0,796.0,1042.5,1413.0,1666.0,1745.0,1892.5,2029.5,2097.0,1765.0,1097.0,472.5,597.0,735.5,938.0,1033.0,1120.5,1171.0,1291.0,2939.0,2393.5,641.0,848.5,1096.5,1353.5,1515.0,1664.0,1818.5,1884.0,2452.0,2021.5,580.0,777.5,944.0,1196.5,1380.5,1487.0,1621.5,1675.0,0.0,0.0,0.0,0.0,0.0,0.0,0.0,0.0,0.0,0.0,2463.0,1768.0,520.0,728.0,884.0,1187.0,1396.0,1573.0,1706.0,1778.0,0.0,0.0,0.0,0.0,0.0,0.0,0.0,0.0,0.0,0.0,1533.0,994.0,283.0,440.0,674.0,782.0,862.0,954.0,1072.0,1087.0,3444.0,2758.0,2898.5,2799.5,2829.0,2870.5,2713.5,2704.0,3270.5,2739.5,0.0,0.0,0.0,0.0,0.0,0.0,0.0,0.0,0.0,0.0,1538.0,1004.0,413.0,531.0,714.0,827.0,918.0,994.0,1165.0,1169.0,0.0,0.0,0.0,0.0,0.0,0.0,0.0,0.0,0.0,0.0,941.0,1019.0,10282.0,10148.0,10224.0,10329.0,10022.0,9633.0,10057.0,9360.0,0.0,0.0,0.0,0.0,0.0,0.0,0.0,0.0,0.0,0.0,2460.0,1765.0,643.0,804.0,979.0,1256.0,1558.0,1733.0,1947.0,1927.0,2727.5,1982.5,644.5,884.0,1094.0,1394.5,1651.0,1804.5,1968.5,2008.0,2766.0,1973.0,1879.0,1964.0,2025.0,2216.5,2285.5,2350.5,2818.0,2512.0,2930.0,2476.0,948.0,1128.0,1409.0,1608.0,1648.0,1761.0,1910.0,1912.0,"{""type"":""MultiPoint"",""coordinates"":[]}"
3163,5,1426.5,814.5,395.0,492.0,669.5,803.0,873.5,990.5,1122.5,1117.5,3060.0,2543.0,772.5,981.5,1220.5,1413.0,1505.5,1639.0,1781.0,1810.5,2022.0,1289.0,649.5,756.0,931.5,1124.5,1245.5,1386.5,1497.5,1583.5,344.0,208.0,280.0,235.0,232.0,250.5,243.0,270.5,284.5,274.0,0.0,0.0,0.0,0.0,0.0,0.0,0.0,0.0,0.0,0.0,2418.5,1856.5,658.0,839.5,995.0,1220.0,1421.5,1550.5,1625.5,1716.5,0.0,0.0,0.0,0.0,0.0,0.0,0.0,0.0,0.0,0.0,2675.0,2035.0,723.5,993.0,1014.5,1456.5,2054.5,2216.5,2332.5,2385.0,0.0,0.0,0.0,0.0,0.0,0.0,0.0,0.0,0.0,0.0,2215.0,1296.5,693.0,853.0,737.0,1168.0,2071.0,2387.5,2370.0,2551.5,1959.5,1089.5,475.0,671.0,601.5,1043.0,1993.5,2426.0,2379.0,2526.5,2827.5,2348.0,596.0,740.0,967.5,1132.0,1188.0,1309.5,1496.5,1523.5,1425.5,826.5,641.5,666.5,472.0,781.0,2094.0,2629.5,2548.5,2676.5,2009.5,947.0,336.0,493.5,313.5,727.5,3216.5,4258.5,4352.0,4362.5,0.0,0.0,0.0,0.0,0.0,0.0,0.0,0.0,0.0,0.0,2019.0,878.0,307.5,444.5,259.0,694.0,3325.5,4628.5,4416.0,4789.5,1747.5,807.0,265.5,467.0,263.5,737.5,2991.5,3931.0,4081.0,4127.0,0.0,0.0,0.0,0.0,0.0,0.0,0.0,0.0,0.0,0.0,2334.5,1591.0,551.5,807.0,985.5,1406.5,1721.0,1876.5,2117.0,2199.5,0.0,0.0,0.0,0.0,0.0,0.0,0.0,0.0,0.0,0.0,2500.5,1947.5,498.0,627.0,850.0,1003.0,1154.5,1282.0,1427.5,1482.0,394.5,301.5,222.0,197.0,208.0,215.5,219.5,247.5,292.5,276.5,0.0,0.0,0.0,0.0,0.0,0.0,0.0,0.0,0.0,0.0,3277.5,2503.0,951.5,1129.5,1491.0,1648.5,1717.5,1845.0,2040.0,2104.5,4972.5,4603.5,2429.0,2787.0,3175.0,3515.5,3603.5,3631.5,3034.5,3932.0,2164.5,1360.5,593.5,742.5,1045.5,1207.5,1267.0,1360.0,1568.0,1599.5,2192.5,1424.0,586.5,768.5,1057.0,1181.0,1295.5,1349.5,1590.0,1589.0,0.0,0.0,0.0,0.0,0.0,0.0,0.0,0.0,0.0,0.0,1724.5,1076.0,478.5,581.5,769.0,864.5,953.5,1048.5,1219.0,1223.5,0.0,0.0,0.0,0.0,0.0,0.0,0.0,0.0,0.0,0.0,965.5,1080.5,10330.5,10109.0,10199.5,10378.0,10073.0,9672.5,10092.0,9343.5,0.0,0.0,0.0,0.0,0.0,0.0,0.0,0.0,0.0,0.0,2525.0,1891.5,533.5,680.0,893.5,1066.5,1164.5,1277.0,1443.0,1466.0,2447.5,1754.5,585.5,753.0,943.5,1122.0,1230.5,1355.5,1504.5,1539.0,1898.0,1236.0,504.5,667.0,874.5,1032.5,1101.5,1217.5,1377.5,1443.5,4059.5,3468.5,3262.0,3315.5,3349.0,3622.0,3704.0,3732.5,4022.5,3765.5,"{""type"":""MultiPoint"",""coordinates"":[]}"
3166,3,60.0,42.0,527.0,679.0,800.0,938.0,762.0,827.0,837.0,660.0,5878.5,5596.5,2480.5,2957.0,3531.5,3934.0,4037.0,4179.0,4365.5,4445.5,1501.0,1041.5,876.0,1126.0,1312.5,1678.5,1722.0,1869.0,1920.5,1990.0,2856.0,2220.0,1205.0,1502.0,1719.0,2107.0,2217.0,2370.0,2434.0,2527.0,2833.0,2129.0,1047.0,1302.0,1530.0,1767.0,1909.0,2030.0,2197.0,2237.0,0.0,0.0,0.0,0.0,0.0,0.0,0.0,0.0,0.0,0.0,1640.0,1255.0,1575.0,1672.0,1656.0,1943.0,2011.0,2125.0,2013.0,2124.0,4026.5,3199.5,1492.5,1856.5,1827.0,2461.0,3237.5,3616.5,3596.5,3852.0,1841.0,1073.0,372.0,645.0,361.0,906.0,2745.0,3103.0,2881.0,2985.0,2054.0,970.0,333.0,565.0,220.0,748.0,3332.0,4764.0,4742.0,4699.0,1996.5,881.0,219.0,417.5,149.0,642.5,3344.0,5468.0,5298.5,5664.0,232.0,162.0,556.0,787.0,951.0,1209.0,1105.0,1164.0,1224.0,1114.0,2019.5,865.5,414.5,569.5,277.5,738.5,3424.0,5356.0,5152.5,5523.5,1594.5,690.5,305.5,504.5,232.5,676.0,3008.5,4793.0,4790.0,5090.5,1534.0,702.0,453.0,731.0,381.0,1055.0,3164.0,4477.0,4337.0,4733.0,1686.0,786.5,474.5,810.5,440.0,1238.0,3562.5,4705.5,4559.5,5128.0,1813.0,933.0,448.0,921.0,646.0,1586.0,3101.0,3756.0,3780.0,4167.0,1737.0,933.0,466.0,842.0,835.0,1678.0,2691.0,3049.0,3265.0,3481.0,3355.5,2265.0,799.0,1166.0,1533.5,2206.5,2733.5,3044.0,3127.0,3488.5,852.5,535.0,482.0,674.0,927.5,1162.0,1231.5,1366.0,1377.5,1512.0,1858.0,1310.0,674.0,878.0,1181.0,1495.0,1580.0,1762.0,1753.0,1869.0,2574.5,1818.0,813.5,1077.5,1446.5,1761.5,1933.5,2105.0,2230.5,2346.5,795.5,518.0,815.5,1016.5,1158.5,1437.0,1434.0,1525.5,1650.0,1620.0,2179.0,1454.0,806.5,1082.5,1386.0,1704.5,1882.0,2019.5,2252.5,2207.0,1031.0,541.0,848.0,1006.0,1397.0,1743.0,1854.0,1997.0,2241.0,2302.0,1203.0,706.0,561.0,825.0,1213.0,1476.0,1610.0,1719.0,1953.0,1964.0,1679.5,1047.0,685.0,971.5,1356.5,1636.5,1760.5,1900.5,2063.5,2112.5,0.0,0.0,0.0,0.0,0.0,0.0,0.0,0.0,0.0,0.0,1195.5,841.0,2007.5,1859.5,1899.0,2063.0,2042.0,2118.0,2198.5,2123.5,0.0,0.0,0.0,0.0,0.0,0.0,0.0,0.0,0.0,0.0,892.0,979.0,10786.0,10430.0,10358.0,10481.0,10061.0,9671.0,10084.0,9281.0,1174.5,902.5,4273.5,4353.5,4469.0,4731.5,4626.5,4537.5,4691.5,4445.5,2499.0,1762.0,793.0,1064.0,1300.0,1582.0,1699.0,1788.0,2047.0,2046.0,3369.5,2693.5,2386.0,2483.5,2612.5,2871.0,2910.5,3007.0,3220.0,3118.0,2614.0,1897.0,973.0,1233.0,1491.0,1752.0,1862.0,1989.0,2196.0,2198.0,3487.0,2885.0,1352.0,1678.0,1986.0,2332.0,2439.0,2466.0,2705.0,2745.0,"{""type"":""MultiPoint"",""coordinates"":[]}"
3174,5,2894.0,2040.5,671.0,981.5,1253.5,1626.5,2198.0,2385.5,2730.0,2691.5,4389.5,3879.0,1163.0,1474.5,1985.5,2296.0,2473.0,2647.5,2899.5,3003.5,2486.0,1731.0,677.5,855.5,1183.5,1427.0,1560.5,1713.5,1881.5,2011.5,3746.5,2993.0,2190.0,2317.0,2520.5,2872.5,3271.0,3446.5,3518.5,3642.5,0.0,0.0,0.0,0.0,0.0,0.0,0.0,0.0,0.0,0.0,5249.5,4602.5,1360.5,1758.0,2202.0,2712.5,3137.5,3492.5,3597.5,3873.0,0.0,0.0,0.0,0.0,0.0,0.0,0.0,0.0,0.0,0.0,3833.0,2853.0,705.0,1102.5,991.0,1714.0,3152.0,3587.5,3789.0,3895.0,3222.5,1907.5,387.5,693.0,549.5,1222.0,3768.5,4746.5,4738.0,5078.5,2627.0,1439.0,335.5,581.5,352.0,972.5,3834.0,5069.5,5160.0,5285.5,2548.0,1109.5,355.5,563.0,292.0,868.5,4243.5,6075.0,6007.5,6319.0,3353.0,2434.0,786.0,1051.0,1361.5,1763.5,2271.5,2508.5,2821.5,2767.5,2748.0,1156.5,359.0,560.5,276.0,852.5,4664.5,6812.0,6691.0,7252.5,2311.5,1049.5,449.0,573.5,338.5,803.5,4001.5,5730.5,5833.5,6116.5,1827.0,778.0,391.0,522.5,289.0,743.5,3191.0,4526.0,4511.5,4894.5,2052.5,1168.0,642.5,743.0,512.5,1000.5,2986.5,3857.0,3814.5,4214.0,2076.0,1116.5,350.0,691.5,463.5,1210.5,2942.0,3408.0,3515.0,3826.5,0.0,0.0,0.0,0.0,0.0,0.0,0.0,0.0,0.0,0.0,2702.0,1953.0,380.5,564.5,774.0,1094.0,1339.5,1512.5,1695.5,1830.5,3063.0,2300.0,697.5,819.0,992.5,1246.0,1406.0,1535.5,1614.0,1794.0,3846.0,2935.5,673.5,923.5,1402.5,1657.0,1824.0,2022.0,2252.5,2342.0,3838.0,3012.0,788.0,1015.0,1431.5,1715.5,1833.5,2022.5,2201.0,2337.5,0.0,0.0,0.0,0.0,0.0,0.0,0.0,0.0,0.0,0.0,3614.0,2606.5,833.5,1057.0,1368.0,1684.0,1908.0,2049.5,2223.5,2266.0,0.0,0.0,0.0,0.0,0.0,0.0,0.0,0.0,0.0,0.0,1875.0,1288.0,322.5,494.0,717.5,904.0,1037.0,1209.0,1332.0,1408.0,3771.0,3101.5,1960.5,2059.0,2260.5,2600.0,2834.5,2996.0,3075.0,3184.5,0.0,0.0,0.0,0.0,0.0,0.0,0.0,0.0,0.0,0.0,2163.0,1605.5,460.0,658.0,781.5,1046.0,1436.0,1611.0,1769.0,1786.5,0.0,0.0,0.0,0.0,0.0,0.0,0.0,0.0,0.0,0.0,950.5,1037.0,10855.5,10446.5,10385.0,10471.5,10188.5,9778.0,10202.0,9357.5,0.0,0.0,0.0,0.0,0.0,0.0,0.0,0.0,0.0,0.0,3375.0,2524.5,717.5,985.0,1279.5,1640.5,2103.0,2372.0,2619.0,2657.0,3230.5,2233.0,722.0,998.5,1176.0,1610.0,2184.0,2464.5,2684.5,2751.0,2306.0,1475.5,501.0,783.0,884.0,1448.5,2137.5,2323.0,2576.5,2628.0,0.0,0.0,0.0,0.0,0.0,0.0,0.0,0.0,0.0,0.0,"{""type"":""MultiPoint"",""coordinates"":[]}"
3182,3,959.0,666.5,403.0,505.5,718.0,843.0,898.0,1006.5,1143.0,1127.5,4360.5,3607.5,1331.0,1738.5,2160.5,2522.5,2729.5,2844.0,3071.5,3168.0,1470.5,828.0,664.5,890.5,1089.5,1391.5,1532.5,1682.5,1820.0,1858.5,2520.0,1819.5,2395.5,2472.0,2473.0,2818.5,2942.5,3105.5,3347.5,3131.0,0.0,0.0,0.0,0.0,0.0,0.0,0.0,0.0,0.0,0.0,3729.0,2764.5,1172.0,1446.5,1786.0,2184.0,2369.0,2616.5,2788.0,2826.0,0.0,0.0,0.0,0.0,0.0,0.0,0.0,0.0,0.0,0.0,4671.0,3652.5,1050.0,1459.5,1584.5,2361.0,3012.0,3303.0,3560.0,3589.5,5029.5,3657.0,1038.5,1387.5,1642.0,2257.5,2756.5,3122.5,3174.5,3547.0,1269.0,765.0,674.0,867.5,622.0,1119.5,2112.5,2373.5,2315.5,2413.5,1845.0,921.0,421.5,703.0,335.0,954.5,3011.5,3965.5,3801.5,3751.5,1280.5,916.5,548.5,655.5,860.0,1017.5,1080.0,1149.0,1331.0,1326.0,1721.5,827.0,407.0,622.5,273.0,889.5,3012.5,4396.5,4188.5,4353.0,1500.5,709.5,412.5,561.5,303.0,783.0,2797.0,4260.0,4448.5,4376.0,0.0,0.0,0.0,0.0,0.0,0.0,0.0,0.0,0.0,0.0,1577.0,729.0,360.0,592.5,329.0,942.0,2961.5,4149.5,4090.0,4426.5,1574.0,763.5,363.5,713.5,374.5,1177.0,3283.0,4238.0,4464.0,4458.5,0.0,0.0,0.0,0.0,0.0,0.0,0.0,0.0,0.0,0.0,1136.5,668.5,423.5,619.0,745.0,1136.0,1453.5,1678.5,1791.5,1908.5,2803.0,1944.0,5868.5,5708.5,5635.5,6121.5,5716.5,5509.0,6322.5,5368.0,3256.0,2260.5,787.5,1087.5,1547.5,1891.0,2089.0,2301.5,2543.5,2626.5,3496.5,2484.0,840.5,1145.0,1671.0,1961.5,2142.0,2358.0,2631.5,2635.0,0.0,0.0,0.0,0.0,0.0,0.0,0.0,0.0,0.0,0.0,2894.5,1922.5,736.0,1017.0,1426.0,1652.5,1813.0,1957.0,2195.0,2222.0,0.0,0.0,0.0,0.0,0.0,0.0,0.0,0.0,0.0,0.0,906.0,586.0,209.0,345.0,538.5,672.0,746.0,798.5,925.0,929.0,891.0,566.0,275.5,439.0,611.0,787.0,811.0,925.0,1004.5,1019.5,0.0,0.0,0.0,0.0,0.0,0.0,0.0,0.0,0.0,0.0,511.5,338.5,266.0,322.5,437.0,607.5,607.5,717.5,749.0,758.0,0.0,0.0,0.0,0.0,0.0,0.0,0.0,0.0,0.0,0.0,1182.0,1134.0,8190.5,8030.0,8217.0,8527.5,8383.0,8062.0,8439.0,7974.0,819.0,608.5,479.0,565.0,728.0,867.0,852.5,914.5,967.0,938.5,1618.5,910.0,871.0,1171.5,1530.0,1744.5,1842.0,2010.0,2205.5,2140.0,0.0,0.0,0.0,0.0,0.0,0.0,0.0,0.0,0.0,0.0,1008.5,590.0,615.0,831.0,1071.0,1360.5,1441.5,1609.0,1725.0,1713.5,2349.5,1739.5,1055.0,1301.5,1601.0,1942.0,2006.0,2177.5,2300.0,2348.0,"{""type"":""MultiPoint"",""coordinates"":[]}"
3186,5,2437.5,1572.5,564.0,836.0,913.5,1414.0,2157.5,2325.0,2625.5,2551.0,4028.5,3278.0,1164.0,1586.0,1884.5,2383.0,2784.0,2980.5,3194.0,3259.5,3072.5,2195.5,809.0,1097.5,1227.0,1692.0,2045.0,2226.0,2464.0,2492.5,3685.5,2805.0,831.0,1202.5,1222.0,1837.0,2497.0,2745.0,2956.0,3035.0,4120.0,3270.0,1008.5,1347.0,1754.5,2155.0,2347.0,2558.5,2770.5,2860.5,1523.0,1178.5,681.5,697.0,705.5,850.0,963.5,1120.5,1171.5,1205.5,0.0,0.0,0.0,0.0,0.0,0.0,0.0,0.0,0.0,0.0,3345.0,2836.5,925.5,1182.5,1302.5,1704.0,2006.0,2234.0,2208.5,2416.0,4169.5,3240.0,968.5,1334.5,1503.0,2051.0,2696.5,3013.5,3111.5,3355.0,1454.0,988.5,560.0,692.5,669.0,892.5,1222.5,1355.0,1382.5,1397.0,2935.5,1627.5,518.5,826.0,622.0,1321.0,3156.5,3866.5,3780.5,4065.5,2780.5,1883.0,606.0,908.5,1014.0,1557.5,2307.0,2493.5,2735.5,2733.0,2383.0,1110.5,289.5,522.0,273.5,843.0,3542.5,4377.0,4222.5,4643.5,2188.0,983.5,437.0,587.0,342.0,835.5,3478.0,4634.0,4697.5,4883.0,2036.0,874.5,221.0,405.0,221.5,669.5,3342.0,4372.0,4370.0,4713.0,2833.5,1255.5,721.0,961.5,607.5,1218.5,4168.0,5184.5,5043.5,5632.5,2139.5,1060.5,295.5,612.0,323.5,1023.5,3266.0,3947.5,4138.5,4245.0,1306.0,660.0,260.0,470.0,289.0,825.0,1856.5,2145.5,2289.0,2365.5,3105.0,2382.0,527.0,701.0,978.5,1251.5,1445.0,1628.5,1833.0,1952.5,1877.0,1277.5,713.0,734.0,763.0,983.5,1136.0,1243.0,1405.5,1393.0,3558.5,2749.0,768.0,976.0,1325.5,1624.0,1811.5,2021.0,2173.5,2262.0,3268.0,2414.5,730.0,944.5,1174.5,1497.5,1803.5,1973.0,2104.5,2243.5,1489.0,1038.0,644.0,707.5,702.0,1009.5,1406.5,1529.5,1754.5,1635.5,2943.5,2005.5,655.5,932.0,985.0,1452.0,2047.0,2208.5,2422.5,2442.5,2786.5,1818.5,602.5,885.5,835.0,1384.5,2240.0,2429.0,2613.0,2636.5,2393.0,1433.5,476.5,820.5,687.5,1360.5,2539.5,2796.5,3126.0,3018.0,2461.5,1450.5,438.0,814.5,647.5,1419.0,2749.0,3001.0,3179.5,3148.0,874.5,532.0,553.5,573.5,489.5,676.5,1130.0,1285.5,1239.5,1398.5,1990.5,1117.0,501.5,976.5,574.5,1580.5,3346.0,3741.0,3990.5,3911.0,0.0,0.0,0.0,0.0,0.0,0.0,0.0,0.0,0.0,0.0,494.5,528.0,11425.0,10949.0,10734.0,10735.0,10304.5,9721.0,10044.0,9202.0,153.0,138.0,8654.0,8374.0,8306.0,8388.0,7989.5,7450.5,7700.0,6978.0,2762.5,1794.0,613.0,999.0,983.5,1704.5,2644.0,2859.0,3184.0,3081.0,3419.5,2605.0,895.5,1258.0,1594.0,1976.5,2189.0,2360.5,2692.0,2676.0,2978.5,2180.5,765.5,1091.5,1419.0,1731.5,1909.5,2063.5,2327.0,2296.0,3032.0,2263.0,877.5,1173.5,1453.5,1802.5,2006.0,2200.5,2411.5,2409.0,"{""type"":""MultiPoint"",""coordinates"":[]}"
3197,3,2318.5,1977.5,1220.5,1323.5,1510.5,1687.5,1721.0,1788.0,1931.0,1935.0,4412.0,4154.5,1162.5,1585.0,2074.5,2340.0,2430.0,2635.5,2670.0,2879.0,2084.5,1443.5,603.0,795.5,1025.5,1212.0,1295.5,1405.0,1499.5,1544.0,2342.0,1668.5,776.5,1036.5,1260.0,1533.0,1587.5,1741.0,1866.5,1883.5,4928.0,4667.0,1503.5,2067.0,2587.0,2931.0,3082.0,3231.5,3483.5,3415.0,4693.0,4059.0,1474.0,1947.0,2270.5,2727.0,3037.5,3256.5,3382.0,3461.5,4381.0,4137.0,3732.5,3852.5,3846.5,4401.0,4607.5,4786.0,4443.5,4780.0,3408.5,2645.0,2074.0,2190.0,2074.5,2690.5,3812.0,4342.0,4232.5,4333.5,1496.5,769.0,361.5,695.5,340.0,897.0,2777.5,3383.0,3521.5,3270.5,1547.5,751.0,427.0,682.5,355.5,989.5,3132.0,4436.0,4431.0,4468.0,1555.0,720.5,613.0,782.5,480.5,1051.5,3263.0,4661.0,4575.5,4845.5,1745.5,1224.0,525.0,674.0,854.0,975.5,1035.0,1101.0,1333.5,1223.5,1275.5,566.0,388.5,621.0,329.0,886.5,2963.0,3943.5,3929.5,4195.0,1590.0,776.5,488.5,845.0,430.5,1327.5,3470.0,4411.5,4421.0,4571.5,1689.5,864.0,547.5,1017.0,642.5,1666.5,3526.0,4150.0,4131.0,4464.0,2004.0,1111.0,628.0,1166.0,902.5,1949.5,3071.0,3432.5,3380.5,3729.5,2310.5,1365.5,679.0,1169.0,1101.5,2002.5,2937.5,3313.5,3384.5,3728.0,4491.0,3080.0,1131.5,1685.0,2473.5,3049.0,3229.5,3519.0,3723.5,4027.0,1953.5,1584.5,638.5,788.0,1018.5,1208.5,1330.5,1423.0,1320.5,1612.5,2951.5,2299.0,1875.5,2081.5,2259.0,2482.5,2364.0,2328.5,2523.5,2333.5,3330.0,3144.0,892.0,1191.0,1535.5,1768.5,1896.5,2023.5,2214.0,2209.5,3409.0,3203.0,858.0,1163.0,1490.5,1755.0,1890.0,1984.5,2093.5,2178.5,3105.0,2575.5,945.5,1241.5,1544.0,1753.5,1845.0,2011.0,2232.0,2176.0,3356.5,3208.0,877.5,1172.0,1484.0,1757.0,1939.5,2039.5,2267.5,2205.0,1555.5,1071.0,470.0,625.0,821.0,1024.0,1092.5,1199.5,1365.5,1355.5,1580.5,1118.5,386.5,600.5,783.5,959.5,1117.5,1196.5,1380.5,1337.0,1792.5,1483.0,487.5,737.0,969.0,1195.5,1310.5,1373.0,1530.0,1365.5,3681.5,3278.0,3627.0,3593.5,3725.0,4002.0,3804.0,3824.5,3754.5,3862.0,1352.0,904.5,549.5,682.0,829.5,1020.5,1164.0,1309.5,1425.5,1416.5,0.0,0.0,0.0,0.0,0.0,0.0,0.0,0.0,0.0,0.0,1001.5,1099.0,10798.0,10414.0,10354.0,10418.5,10087.0,9694.5,10053.0,9334.0,1237.5,851.5,2694.5,2861.5,3006.0,3245.0,3181.5,3131.0,3293.0,3199.5,2455.0,1871.0,649.5,897.5,1118.0,1323.5,1417.5,1529.0,1678.5,1677.0,2552.0,1832.0,1024.5,1268.5,1530.5,1755.0,1904.5,2043.5,2155.5,2187.5,2520.5,1796.5,697.5,979.0,1241.0,1457.5,1562.5,1707.5,1826.5,1852.0,4685.5,4361.0,1518.0,2021.5,2515.0,2809.0,2966.5,3135.0,3376.0,3378.5,"{""type"":""MultiPoint"",""coordinates"":[]}"
3203,5,2107.0,1342.0,558.0,734.0,998.0,1214.0,1308.0,1463.0,1631.0,1630.0,3976.0,3341.0,1014.0,1358.0,1785.0,2038.0,2142.0,2300.0,2495.0,2505.0,2483.0,1606.5,668.5,857.0,1125.0,1344.0,1459.5,1614.5,1751.0,1810.0,2564.0,1714.0,644.0,847.0,1102.0,1354.0,1478.0,1656.0,1848.0,1872.0,0.0,0.0,0.0,0.0,0.0,0.0,0.0,0.0,0.0,0.0,3692.0,3261.0,886.0,1166.0,1501.0,1936.0,2400.0,2701.0,2315.0,2935.0,0.0,0.0,0.0,0.0,0.0,0.0,0.0,0.0,0.0,0.0,3709.0,2787.0,739.0,1168.0,1189.0,1884.0,2997.0,3372.0,3543.0,3537.0,0.0,0.0,0.0,0.0,0.0,0.0,0.0,0.0,0.0,0.0,3008.0,1880.0,416.0,741.0,650.0,1236.0,3164.0,3871.0,4118.0,4133.0,0.0,0.0,0.0,0.0,0.0,0.0,0.0,0.0,0.0,0.0,2645.0,2080.0,640.0,850.0,1091.0,1277.0,1385.0,1473.0,1675.0,1669.0,2249.0,962.0,297.0,482.0,286.0,800.0,3566.0,4917.0,4964.0,5163.0,2110.0,1025.0,466.0,592.0,389.0,849.0,3212.0,4351.0,4486.0,4635.0,2070.0,951.0,291.0,510.0,257.0,841.0,3265.0,4404.0,4417.0,4724.0,1865.5,889.5,361.0,576.0,371.0,893.5,2749.0,3501.0,3415.0,3738.0,2183.5,1166.5,366.5,712.5,497.0,1233.5,2774.0,3254.5,3538.5,3635.0,0.0,0.0,0.0,0.0,0.0,0.0,0.0,0.0,0.0,0.0,3137.0,2248.5,451.0,638.0,840.0,1169.5,1515.0,1737.0,1964.0,2034.5,3713.0,2696.0,725.0,933.0,1287.0,1587.0,1695.0,1846.0,1965.0,2151.0,3389.5,2683.0,695.5,909.5,1263.5,1484.0,1580.0,1738.5,1913.0,1971.0,3031.0,2641.0,764.0,1018.0,1389.0,1577.0,1617.0,1789.0,1901.0,1925.0,0.0,0.0,0.0,0.0,0.0,0.0,0.0,0.0,0.0,0.0,2596.0,2063.0,584.0,806.0,1125.0,1279.0,1323.0,1449.0,1593.0,1591.0,0.0,0.0,0.0,0.0,0.0,0.0,0.0,0.0,0.0,0.0,1562.0,993.0,213.0,395.0,610.0,725.0,735.0,863.0,994.0,959.0,1757.0,1113.0,328.0,534.0,794.0,892.0,959.0,1048.0,1228.0,1216.0,0.0,0.0,0.0,0.0,0.0,0.0,0.0,0.0,0.0,0.0,1752.0,1157.0,409.0,535.0,740.0,851.0,868.0,994.0,1155.0,1090.0,0.0,0.0,0.0,0.0,0.0,0.0,0.0,0.0,0.0,0.0,984.0,1078.0,10958.0,10560.0,10444.0,10605.0,10270.0,9829.0,10167.0,9463.0,0.0,0.0,0.0,0.0,0.0,0.0,0.0,0.0,0.0,0.0,2771.0,1994.0,605.0,869.0,1178.0,1420.0,1487.0,1673.0,1859.0,1855.0,3096.0,2315.0,802.0,1054.0,1333.0,1558.0,1674.0,1839.0,2067.0,2015.0,1861.5,1152.0,956.0,876.0,1058.0,1234.5,1287.5,1395.5,1708.5,1560.0,2759.0,1910.0,1191.0,1481.0,1694.0,1950.0,2064.0,2186.0,2283.0,2364.0,"{""type"":""MultiPoint"",""coordinates"":[]}"
3204,1,2194.5,1411.5,537.5,852.0,1038.0,1540.5,2182.0,2433.5,2618.0,2588.0,4279.0,3615.0,1108.0,1645.0,2126.0,2778.0,3106.0,3364.0,3452.0,3606.0,2590.0,1716.0,770.0,1044.0,1502.0,1822.0,1973.0,2166.0,2372.0,2396.0,3915.0,3255.0,1428.0,1579.0,1817.0,2364.0,2643.0,2835.0,3044.0,3091.0,2728.0,1824.0,607.0,956.0,1128.0,1650.0,2061.0,2258.0,2435.0,2485.0,4278.0,3129.0,977.0,1425.0,1522.0,2243.0,4038.0,4759.0,5084.0,5011.0,2481.0,1896.0,1623.0,1556.0,1325.0,1709.0,2854.0,3326.0,3375.0,3459.0,2887.0,1532.0,667.0,909.0,669.0,1410.0,4273.0,6208.0,6106.0,6051.0,1958.0,945.5,362.5,567.5,381.5,841.5,3219.0,4740.5,4899.5,5034.5,1999.0,896.0,388.0,577.0,343.0,789.0,3269.0,4859.0,4872.0,5151.0,1949.0,849.0,357.0,558.0,324.0,765.0,3226.0,5021.0,4942.0,5125.0,2306.0,1547.0,538.0,854.0,1051.0,1576.0,2277.0,2547.0,2710.0,2661.0,1956.0,820.0,425.5,698.0,394.0,971.5,3568.5,4886.0,4729.5,5147.0,2248.0,975.0,1010.0,1146.0,780.0,1303.0,3736.0,4715.0,4660.0,5301.0,2515.0,1415.0,661.0,962.0,834.0,1433.0,2622.0,3135.0,3087.0,3649.0,2446.0,1609.0,480.0,648.0,741.0,1171.0,1624.0,2097.0,1866.0,2370.0,3902.0,2913.5,1116.0,1563.0,2195.0,2716.0,3095.0,3436.5,3441.5,3820.5,2839.5,2784.0,861.0,913.5,1165.5,1423.5,1651.0,1820.0,1771.5,1908.5,4425.0,3978.0,1282.5,1693.0,2346.5,2708.0,2843.0,3038.5,3079.0,3349.0,2762.0,2292.0,786.0,1107.0,1410.0,1970.0,2168.0,2345.0,2093.0,2586.0,3921.5,3684.5,1102.0,1564.0,2009.5,2394.5,2688.0,2868.5,2984.0,3137.5,3580.0,3166.0,1045.5,1370.0,1809.0,2202.0,2494.5,2672.0,2592.0,2852.5,1919.5,1310.5,714.5,955.5,981.5,1479.5,2239.5,2451.5,2602.0,2668.5,3040.0,2429.5,800.0,1178.0,1447.5,1918.0,2274.0,2494.5,2635.5,2624.0,6822.0,6132.0,3304.0,3736.0,4175.0,4944.0,5372.0,5495.0,5303.0,5818.0,2610.0,1885.0,551.5,913.0,1159.5,1597.5,2176.0,2368.0,2632.0,2571.0,2662.0,2176.0,843.0,1231.0,1501.0,2076.0,2738.0,2776.0,3029.0,2863.0,0.0,0.0,0.0,0.0,0.0,0.0,0.0,0.0,0.0,0.0,1908.0,1182.0,504.0,764.0,770.0,1344.0,2367.0,2640.0,2803.0,2752.0,0.0,0.0,0.0,0.0,0.0,0.0,0.0,0.0,0.0,0.0,87.0,126.0,9728.0,9838.0,9856.0,10093.0,9717.0,8975.0,9168.0,8377.0,359.0,237.0,1455.0,1881.0,2083.0,2706.0,2753.0,2803.0,2597.0,2513.0,2283.5,1520.0,695.0,1046.5,1418.0,1863.0,2111.0,2274.5,2520.5,2503.0,4316.5,3846.5,2134.0,2452.5,2862.0,3258.0,3415.5,3595.5,3854.0,3786.0,2776.0,1925.0,766.0,1088.0,1472.0,1889.0,2129.0,2357.0,2563.0,2594.0,2255.0,1519.0,708.0,1054.0,1374.0,1803.0,2090.0,2274.0,2415.0,2444.0,"{""type"":""MultiPoint"",""coordinates"":[]}"
3208,5,2034.5,1371.0,549.5,714.5,950.0,1140.5,1262.0,1388.5,1558.5,1576.5,3998.0,3254.5,981.5,1317.0,1650.5,2033.0,2172.0,2342.5,2453.0,2569.0,2758.0,1934.0,818.0,1021.0,1245.0,1553.0,1685.0,1859.0,2004.0,2043.0,3888.5,3164.0,967.5,1280.5,1523.0,1957.0,2227.5,2393.5,2525.5,2650.5,3672.5,2830.5,943.0,1253.5,1513.0,1985.5,2216.5,2405.5,2531.0,2654.5,3655.0,3058.0,936.0,1248.0,1706.0,1990.0,2150.0,2304.0,2421.0,2522.0,3739.0,3328.0,3126.0,3050.0,2930.0,3274.0,3515.0,3632.0,3682.0,3725.0,4422.5,3844.5,1649.0,2059.0,2291.0,2830.0,3249.5,3532.0,3540.0,3716.5,1563.5,1119.0,358.5,493.0,601.5,801.5,1035.5,1170.5,1199.0,1266.5,4898.5,3941.5,1286.5,1846.0,2121.5,2874.0,4216.5,4569.5,4648.0,4718.5,2666.5,1878.0,754.5,982.0,915.0,1404.5,2961.5,3541.5,3423.5,3692.0,2830.0,2261.0,743.0,944.0,1226.0,1440.0,1544.0,1672.0,1796.0,1855.0,2826.5,1853.0,1400.0,1442.0,1236.0,1687.5,3357.5,4067.5,4232.5,4222.0,1543.5,704.0,481.5,577.5,335.5,733.5,2902.0,3869.0,3739.0,3921.0,2191.0,979.0,257.0,443.0,222.0,754.0,3881.0,5506.0,5348.0,5617.0,2316.0,977.0,471.0,595.0,308.0,835.0,3971.0,5535.0,5406.0,5832.0,2133.5,915.0,256.0,520.0,229.0,883.5,3967.5,5042.0,5072.0,5264.0,2038.5,895.0,307.0,623.0,285.5,1061.5,3858.0,4672.0,4717.0,4962.0,2160.0,1120.5,384.0,855.5,491.5,1516.0,2771.0,3088.0,3343.0,3463.5,1726.5,1251.0,548.5,598.5,648.5,860.5,970.0,1048.0,1135.0,1174.5,2734.0,2037.0,499.0,668.0,845.0,1111.0,1244.0,1392.0,1502.0,1604.0,2643.0,1948.0,487.0,639.0,819.0,1050.0,1180.0,1288.0,1384.0,1497.0,2991.5,2423.5,1943.5,1964.5,2093.5,2343.5,2374.0,2416.5,2611.5,2572.5,3000.0,2460.5,776.5,958.5,1283.0,1508.5,1656.0,1796.5,2008.5,2076.5,2512.0,2094.0,545.0,725.0,1057.0,1227.0,1312.0,1438.0,1542.0,1625.0,2168.0,1569.0,427.0,629.5,922.5,1067.0,1154.0,1280.5,1442.0,1484.5,2524.0,1968.0,497.0,731.0,1047.0,1231.0,1334.0,1462.0,1559.0,1619.0,0.0,0.0,0.0,0.0,0.0,0.0,0.0,0.0,0.0,0.0,2396.0,1774.0,620.0,809.0,1086.0,1369.0,1447.0,1560.0,1727.0,1743.0,0.0,0.0,0.0,0.0,0.0,0.0,0.0,0.0,0.0,0.0,184.0,207.0,10392.0,10314.0,10274.0,10504.0,10073.0,9557.0,9734.0,9088.0,528.0,350.0,3689.0,3612.0,3690.0,3757.0,3737.0,3589.0,3820.0,3354.0,2507.5,1840.5,687.5,889.0,1120.5,1359.5,1494.0,1618.5,1767.5,1778.5,3243.0,2526.0,854.0,1120.0,1379.0,1689.0,1827.0,1977.0,2181.0,2194.0,2829.0,2158.0,762.0,966.0,1215.0,1463.0,1597.0,1743.0,1924.0,1940.0,2661.0,1941.0,722.0,932.0,1173.0,1476.0,1609.0,1730.0,1873.0,1971.0,"{""type"":""MultiPoint"",""coordinates"":[]}"
3226,5,2138.5,1451.5,507.5,719.0,822.0,1178.0,1608.0,1799.0,2052.5,2029.0,4032.0,3665.0,1093.0,1407.5,1831.0,2137.5,2290.5,2447.0,2653.0,2750.5,2050.5,1398.5,763.5,956.5,1312.5,1506.0,1634.5,1841.0,2068.5,2124.5,0.0,0.0,0.0,0.0,0.0,0.0,0.0,0.0,0.0,0.0,4980.0,4460.0,1523.0,1889.0,2384.0,2749.0,2831.0,3070.0,3166.0,3385.0,4105.5,3560.0,1169.5,1454.0,1834.5,2165.5,2342.5,2564.5,2729.5,2838.5,0.0,0.0,0.0,0.0,0.0,0.0,0.0,0.0,0.0,0.0,4721.0,4137.0,1265.0,1645.0,1830.5,2370.5,3076.0,3401.5,3625.0,3694.0,0.0,0.0,0.0,0.0,0.0,0.0,0.0,0.0,0.0,0.0,2154.5,1074.5,720.0,859.0,538.5,1016.5,3072.5,3988.0,3983.5,4033.5,2754.0,1330.5,523.5,737.5,412.0,1044.5,4393.0,5820.0,5815.0,6356.5,2846.5,2244.0,646.5,881.5,1048.0,1399.5,1868.5,2023.5,2309.5,2272.5,2621.5,1206.0,379.5,562.5,287.0,808.0,4130.0,5783.0,5949.0,6378.0,2296.0,1001.5,327.5,520.0,262.5,761.0,4011.5,5675.0,5720.5,5972.5,0.0,0.0,0.0,0.0,0.0,0.0,0.0,0.0,0.0,0.0,2261.0,1002.5,308.5,445.5,239.5,692.0,3564.5,5050.5,5033.5,5351.0,2158.5,1037.0,306.0,569.5,340.0,989.0,3133.0,3907.0,4129.5,4259.5,0.0,0.0,0.0,0.0,0.0,0.0,0.0,0.0,0.0,0.0,1614.5,1116.0,336.0,436.0,521.5,737.0,930.0,1027.5,1118.0,1261.0,2913.0,2173.5,611.5,718.5,874.5,1147.5,1343.0,1513.0,1541.0,1710.5,2704.5,2017.5,420.0,579.0,752.5,1020.5,1304.5,1464.0,1603.0,1683.5,3943.0,2786.0,758.0,1047.0,1341.0,1775.5,2212.0,2452.0,2686.5,2772.0,0.0,0.0,0.0,0.0,0.0,0.0,0.0,0.0,0.0,0.0,3101.5,2056.0,542.5,904.0,855.5,1449.0,2380.5,2590.0,2868.5,2813.0,0.0,0.0,0.0,0.0,0.0,0.0,0.0,0.0,0.0,0.0,1880.5,1294.5,377.5,583.5,774.0,1037.5,1264.0,1364.5,1554.0,1527.5,2005.5,1390.5,430.0,656.5,870.5,1135.0,1418.0,1541.5,1729.0,1754.5,0.0,0.0,0.0,0.0,0.0,0.0,0.0,0.0,0.0,0.0,2104.0,1476.0,482.5,702.0,805.5,1169.0,1564.5,1748.5,1966.5,1934.5,0.0,0.0,0.0,0.0,0.0,0.0,0.0,0.0,0.0,0.0,967.0,1071.5,10168.5,9937.0,9975.5,10112.0,9830.0,9572.0,9965.5,9208.5,0.0,0.0,0.0,0.0,0.0,0.0,0.0,0.0,0.0,0.0,2634.5,1932.5,591.5,819.0,960.5,1315.0,1805.5,2011.5,2327.0,2300.0,2514.5,1658.0,582.5,896.0,896.0,1405.0,2304.0,2551.5,2823.5,2786.5,2814.0,1860.0,1189.5,1476.5,1412.5,2073.5,3024.5,3348.5,3687.5,3528.0,3067.5,2133.0,897.5,1220.0,1360.0,2036.5,2545.0,2787.5,2997.0,3066.5,"{""type"":""MultiPoint"",""coordinates"":[]}"
3229,3,1395.5,900.0,622.5,835.5,1017.5,1318.0,1453.5,1561.5,1761.0,1747.0,4676.0,4459.0,1616.0,1994.0,2497.0,2840.0,2963.0,3045.0,3153.0,3309.0,1429.0,921.0,643.5,859.5,1017.0,1310.5,1406.0,1498.0,1612.5,1674.0,2052.0,1305.0,832.0,1064.0,1226.0,1572.0,1665.0,1829.0,1974.0,1964.0,4873.0,4593.0,1754.0,2221.0,2633.0,3010.0,3168.0,3332.0,3593.0,3575.0,6079.0,5659.0,2175.0,2608.0,2900.0,3488.0,3792.0,4117.0,4164.0,4364.0,0.0,0.0,0.0,0.0,0.0,0.0,0.0,0.0,0.0,0.0,2174.5,1111.0,627.0,845.5,432.0,1075.5,3489.5,4536.0,4351.5,4549.0,2235.0,1099.0,337.0,601.0,250.0,851.0,3454.0,5077.0,5595.0,5164.0,1752.0,772.5,260.0,413.0,160.5,609.0,3252.5,5453.5,5472.0,5635.5,1832.0,820.0,502.0,647.0,368.0,799.0,3149.0,5607.0,5605.0,5890.0,2902.5,2425.5,1079.0,1343.0,1576.5,1896.0,2050.5,2178.0,2418.0,2379.5,1476.0,610.0,302.0,464.0,175.0,656.0,2987.0,5174.0,5050.0,5548.0,1610.0,718.0,356.0,617.0,265.0,944.0,3542.0,5605.0,5739.0,5889.0,1674.0,781.0,549.0,881.0,495.0,1464.0,3909.0,5442.0,5439.0,5912.0,1732.0,855.0,500.0,898.0,693.0,1576.0,3641.0,4499.0,4476.0,4877.0,1911.0,999.0,510.0,969.0,898.0,1694.0,3366.0,4174.0,4190.0,4579.0,3970.0,3080.0,2244.0,2571.0,2627.0,3403.0,4208.0,4616.5,4275.5,4881.0,2997.0,2134.0,577.0,832.5,1005.5,1400.0,1751.5,1923.0,2076.0,2160.5,2192.0,1413.0,561.5,751.0,859.0,1226.5,1547.0,1716.5,1723.0,1933.0,2801.0,1886.5,523.0,753.0,891.0,1265.0,1646.0,1807.5,1965.0,2082.5,2837.0,2210.0,536.0,757.0,936.0,1352.0,1666.0,1884.0,2002.0,2125.0,2334.0,2043.0,1541.5,1598.5,1710.5,1926.5,1952.5,2057.0,2206.5,2192.5,3032.0,2709.0,742.0,946.0,1326.0,1496.0,1613.0,1748.0,1950.0,1969.0,1205.0,749.0,517.0,684.0,1055.0,1283.0,1319.0,1502.0,1699.0,1686.0,1631.5,1106.5,532.0,740.5,1082.5,1227.0,1382.5,1510.0,1724.0,1711.0,2610.0,1982.0,787.0,1046.0,1436.0,1609.0,1755.0,1860.0,2033.0,2055.0,0.0,0.0,0.0,0.0,0.0,0.0,0.0,0.0,0.0,0.0,389.0,253.0,478.0,524.5,653.5,780.0,781.5,874.5,967.5,915.0,0.0,0.0,0.0,0.0,0.0,0.0,0.0,0.0,0.0,0.0,946.0,1043.0,10734.0,10378.0,10320.0,10425.0,10134.0,9711.0,10072.0,9322.0,482.5,291.5,598.5,820.0,1056.0,1295.5,1336.0,1470.0,1525.5,1508.5,2375.0,1694.0,761.0,1025.0,1177.0,1489.0,1638.0,1746.0,1927.0,1918.0,2363.5,1699.0,831.5,1073.5,1206.0,1539.5,1676.5,1798.0,1967.0,1972.5,2313.0,1574.0,771.0,1056.0,1233.0,1540.0,1651.0,1762.0,1897.0,1920.0,4860.0,4622.0,1738.0,2213.0,2657.0,3015.0,3164.0,3353.0,3602.0,3587.0,"{""type"":""MultiPoint"",""coordinates"":[]}"
3304,3,2261.0,1654.0,661.0,857.0,1091.0,1332.0,1493.0,1614.0,1794.0,1752.0,5361.0,4995.0,1790.0,2334.0,2763.0,3407.0,3794.0,4003.0,4160.0,4210.0,2478.5,1771.5,701.0,933.5,1157.0,1469.0,1613.5,1768.0,1895.0,1935.5,3917.0,3494.0,1178.0,1530.5,1915.0,2278.0,2527.5,2704.5,2855.0,2923.0,5017.0,4680.0,1604.0,2120.0,2567.0,3026.0,3426.0,3520.0,3804.0,3794.0,4768.0,4599.0,3339.0,3636.0,4009.0,4562.0,4653.0,4807.0,4164.0,4917.0,0.0,0.0,0.0,0.0,0.0,0.0,0.0,0.0,0.0,0.0,5972.0,5455.5,1945.0,2482.0,2891.5,3509.5,3915.0,4188.0,4188.5,4456.5,5026.0,4552.0,1464.0,1999.0,2339.0,2895.0,3388.0,3604.0,3845.0,3816.0,2148.0,1348.0,772.0,1126.0,951.0,1520.0,2651.0,3183.0,3079.0,3166.0,2417.0,1243.5,1363.0,1407.0,953.0,1473.0,3710.5,4749.5,4628.5,4826.0,2732.0,2243.0,866.0,1047.0,1277.0,1497.0,1637.0,1778.0,1970.0,1902.0,1980.0,899.0,300.0,555.0,211.0,839.0,3420.0,4967.0,4853.0,5153.0,1684.0,769.0,346.0,525.0,256.0,697.0,2825.0,4632.0,4654.0,4790.0,1824.5,887.5,351.0,496.0,292.0,766.0,3026.5,4892.0,4864.0,5133.5,1345.0,594.0,270.0,452.0,202.0,705.0,3016.0,4850.0,4785.0,5181.0,1748.0,827.0,335.0,764.0,343.0,1213.0,3700.0,5333.0,5522.0,5616.0,1787.0,859.0,399.0,822.5,392.0,1295.0,3879.0,5150.0,5194.5,5473.5,2056.0,1065.5,479.5,1048.0,615.5,1833.5,3725.5,4446.5,4722.0,4889.0,2435.5,1458.5,711.5,1331.0,1078.0,2221.0,3491.5,3908.5,3959.5,4162.5,2949.0,1817.0,845.0,1561.0,1352.0,2595.0,3500.0,3819.0,4293.0,4233.0,3430.5,2424.5,1046.0,1676.0,2172.0,2876.5,3293.5,3581.5,3843.5,3995.0,2800.0,2136.0,970.0,1192.0,1499.0,1788.0,1956.0,2124.0,2408.0,2329.0,3366.0,2413.0,1037.0,1421.0,2001.0,2231.0,2406.0,2555.0,2926.0,2849.0,2101.0,1372.0,1016.0,1391.0,2015.0,2309.0,2377.0,2584.0,2835.0,2840.0,1669.5,1081.0,624.0,868.5,1272.5,1416.5,1475.5,1649.5,1850.0,1822.5,737.0,510.0,413.0,603.0,846.0,990.0,950.0,1092.0,1162.0,1163.0,0.0,0.0,0.0,0.0,0.0,0.0,0.0,0.0,0.0,0.0,1055.0,637.0,542.0,694.0,901.0,998.0,1038.0,1162.0,1326.0,1310.0,0.0,0.0,0.0,0.0,0.0,0.0,0.0,0.0,0.0,0.0,992.0,1093.0,10698.0,10378.0,10288.0,10449.0,10094.0,9687.0,10090.0,9356.0,1408.0,1031.5,1563.5,1803.5,1990.5,2004.0,2134.5,2076.0,2379.5,2068.5,2631.0,1998.0,756.0,1026.0,1261.0,1522.0,1721.0,1845.0,2033.0,1967.0,2627.5,2056.5,824.5,1068.5,1292.0,1594.5,1774.5,1888.5,2079.5,2053.5,2660.0,2027.0,757.0,1049.0,1307.0,1646.0,1826.0,1976.0,2131.0,2119.0,4200.0,3738.0,1928.0,2277.0,2610.0,3030.0,3108.0,3262.0,3434.0,3328.0,"{""type"":""MultiPoint"",""coordinates"":[]}"
3356,5,1160.0,620.0,536.0,683.0,993.0,1236.0,1395.0,1551.0,1800.0,1835.0,2624.0,1874.0,1401.0,1518.0,1695.0,1807.0,1822.0,1974.0,2344.0,2154.0,2223.5,1511.0,821.5,1090.5,1477.0,1696.0,1762.5,1899.5,2020.0,2038.5,2918.5,1993.5,1360.0,1606.0,1975.0,2253.0,2322.5,2476.0,2593.5,2690.0,5243.0,4950.0,1860.0,2456.0,3130.0,3453.0,3534.0,3716.0,3994.0,3968.0,6337.5,5930.0,2395.0,2933.5,3615.0,4154.5,4492.5,4746.0,4902.5,5041.0,0.0,0.0,0.0,0.0,0.0,0.0,0.0,0.0,0.0,0.0,853.0,599.0,457.0,570.0,490.0,673.0,1007.0,1146.0,1043.0,1197.0,2507.0,1347.0,417.0,855.0,559.0,1366.0,3905.0,4468.0,4490.0,4716.0,2630.5,1260.0,403.5,683.0,376.5,1027.5,3957.0,5067.0,5120.0,5253.0,3048.0,1390.5,562.0,748.0,419.5,1027.5,4716.0,6429.0,6459.0,6788.0,3782.0,2887.5,1175.0,1438.5,1827.5,2153.0,2325.5,2500.0,2801.0,2809.0,2737.0,1193.0,428.0,549.0,306.0,761.0,4389.0,6147.0,6054.0,6585.0,2702.5,1151.5,487.0,612.0,346.0,819.0,4454.5,6406.5,6507.0,6878.5,2290.0,932.5,264.0,397.0,202.5,642.5,3976.0,5628.5,5549.5,6009.5,2617.0,1092.0,396.0,558.0,290.0,800.0,4150.0,5767.0,5693.0,6178.0,2418.0,1010.5,313.0,540.5,260.5,878.0,4045.5,5255.0,5367.0,5605.0,1761.5,891.0,574.0,733.5,423.0,1086.5,3036.0,3676.0,3737.0,3947.0,2445.0,1244.0,466.0,995.0,565.0,1867.0,3566.0,3996.0,4336.5,4436.5,2111.0,1648.5,904.0,1138.5,1166.0,1629.0,1907.5,2080.5,1869.5,2307.0,2195.0,1453.5,373.0,552.5,723.0,1081.5,1363.5,1536.5,1724.0,1834.5,1865.5,1201.5,346.0,494.5,649.0,977.0,1256.0,1419.5,1622.5,1693.0,2564.0,1898.0,835.5,1088.0,1449.0,1702.0,1822.5,1981.5,2187.5,2220.0,3208.0,2244.0,775.0,1086.0,1381.0,1742.0,2139.0,2257.0,2522.0,2581.0,1915.0,1026.0,693.0,976.0,1112.0,1600.0,2190.0,2400.0,2543.0,2555.0,1955.5,1161.5,485.0,837.0,902.0,1463.5,2147.0,2337.0,2565.5,2539.5,2147.5,1342.5,531.5,905.5,952.5,1560.5,2352.0,2536.5,2718.0,2709.0,0.0,0.0,0.0,0.0,0.0,0.0,0.0,0.0,0.0,0.0,1453.5,850.0,572.5,791.0,687.5,1161.5,1962.0,2142.0,2317.0,2333.5,2805.5,2628.0,2231.0,2183.0,2287.0,2430.5,2475.0,2543.5,2773.5,2633.0,1025.0,1113.0,9992.0,9838.0,9926.0,10105.0,9814.0,9416.0,9775.0,9134.0,798.5,456.0,2110.5,2267.5,2501.5,2888.5,2848.5,2908.0,3012.0,3033.0,2793.0,1982.0,845.0,1150.0,1510.0,1817.0,1884.0,2136.0,2357.0,2394.0,879.0,490.0,495.0,685.0,875.0,1147.0,1363.0,1505.0,1656.0,1677.0,2642.0,1967.0,945.0,1278.0,1577.0,2044.0,2366.0,2494.0,2754.0,2764.0,4092.0,3202.0,1148.0,1545.0,1864.5,2348.0,2682.0,2873.5,2968.0,3172.0,"{""type"":""MultiPoint"",""coordinates"":[]}"
3363,3,2261.0,1562.0,750.0,1078.0,1433.0,1648.0,1765.0,1891.0,2133.0,2113.0,2793.5,2036.5,1049.5,1339.0,1662.0,1863.5,1965.0,2125.5,2345.5,2306.0,1061.0,733.0,979.0,1494.5,1766.0,2043.5,1646.0,1751.0,1712.0,1532.5,2271.0,1928.5,2439.0,2871.0,3153.5,3585.0,3557.0,3656.0,3605.5,3427.0,4195.0,3514.0,1343.0,1962.0,2357.0,2810.0,3019.0,3182.0,3413.0,3375.0,6290.5,5817.0,2582.0,3380.5,3982.0,4591.5,4779.5,5022.5,5039.5,5231.0,0.0,0.0,0.0,0.0,0.0,0.0,0.0,0.0,0.0,0.0,4625.0,3628.5,1704.5,2207.0,2448.0,3052.0,3730.5,4100.0,4087.0,4352.0,1274.0,927.0,482.0,842.0,790.0,1399.0,2145.0,2612.0,2449.0,2481.0,1520.0,753.5,324.0,502.0,257.0,756.5,2608.0,3593.0,3485.5,3516.5,1150.5,557.0,482.0,550.0,322.5,624.5,2109.0,3157.0,3039.5,3193.0,3631.0,2918.5,2067.5,2274.5,2574.5,2853.0,2920.5,2997.5,3466.5,3152.0,1399.5,593.5,358.5,464.5,248.0,578.0,2597.0,4316.5,4176.5,4473.0,1505.0,685.0,417.0,517.0,273.0,672.0,2831.0,4816.0,4828.0,4954.0,1417.5,627.0,363.0,604.5,299.5,918.5,3065.5,4499.5,4440.0,4787.5,1572.0,770.0,455.0,771.0,455.0,1212.0,3339.0,4538.0,4387.0,4830.0,1625.5,823.5,482.5,863.0,605.0,1475.0,3360.5,4225.0,4400.5,4573.0,1299.0,660.5,523.0,844.5,680.0,1445.0,2623.0,3097.5,3129.0,3403.5,1336.0,764.5,464.5,691.0,791.5,1273.0,1768.5,2040.0,2146.5,2377.5,1294.0,940.5,525.0,608.5,754.5,933.5,988.5,1104.0,1106.0,1217.5,1973.0,1405.0,551.5,700.5,953.5,1197.0,1361.0,1513.5,1554.5,1684.0,2762.0,1853.0,609.0,823.0,1116.0,1387.0,1552.0,1691.0,1814.0,1940.0,2991.5,2539.5,1112.5,1587.0,2040.5,2358.5,2445.5,2596.5,2858.0,2793.0,1970.0,1345.0,522.0,720.0,889.0,1068.0,1262.0,1396.0,1583.0,1598.0,905.0,441.0,389.0,491.0,636.0,728.0,725.0,762.0,1035.0,776.0,1765.5,1184.0,417.0,624.0,931.0,1102.5,1201.0,1335.5,1544.0,1570.0,1987.0,1334.5,456.5,662.0,989.5,1164.5,1278.0,1396.5,1594.0,1608.5,0.0,0.0,0.0,0.0,0.0,0.0,0.0,0.0,0.0,0.0,1380.5,973.5,474.0,590.0,832.5,1009.0,1064.5,1168.5,1317.5,1324.5,3034.0,2606.0,2454.0,2514.0,2633.0,2806.0,2885.0,2977.0,3065.0,3040.0,910.0,994.0,10220.0,9966.0,9990.0,10108.0,9747.0,9384.0,9756.0,9096.0,1371.0,973.5,3553.5,3743.5,3985.5,4274.0,4205.0,4168.5,4307.0,4123.0,2935.0,2219.0,934.0,1372.0,1725.0,2030.0,2171.0,2300.0,2501.0,2465.0,219.5,141.0,937.5,1471.5,1826.5,2151.5,1802.5,1869.5,1885.5,1623.0,2592.0,1753.0,917.0,1425.0,1794.0,2146.0,2271.0,2417.0,2578.0,2584.0,5885.0,5601.0,2475.0,3308.0,4001.0,4376.0,4498.0,4624.0,4926.0,4789.0,"{""type"":""MultiPoint"",""coordinates"":[]}"
3385,5,2469.0,1625.0,657.0,844.0,936.0,1332.0,1857.0,2027.0,2272.0,2203.0,4168.0,3347.0,976.0,1261.0,1438.0,1940.0,2241.0,2400.0,2615.0,2706.0,3466.0,2581.0,873.0,1102.0,1226.0,1692.0,1950.0,2136.0,2356.0,2435.0,3647.5,2823.5,802.0,1060.5,1134.5,1639.0,1988.0,2186.5,2377.5,2490.0,3344.0,2447.0,952.0,952.0,1023.0,1512.0,1938.0,2116.0,2351.0,2380.0,0.0,0.0,0.0,0.0,0.0,0.0,0.0,0.0,0.0,0.0,0.0,0.0,0.0,0.0,0.0,0.0,0.0,0.0,0.0,0.0,4886.5,4459.0,1613.0,1934.0,2305.0,2772.0,2812.0,3001.0,3046.0,3352.5,4887.5,4861.5,1728.0,2049.0,2490.0,2811.5,2982.5,3180.5,3273.0,3455.0,5919.0,5407.5,1982.5,2440.5,2831.0,3425.0,4194.5,4493.5,4587.0,4869.0,3649.5,2898.0,1273.5,1511.0,1582.0,2077.5,3165.0,3608.0,3556.5,3848.5,3215.0,2386.0,761.0,988.0,1179.0,1536.0,1899.0,2051.0,2310.0,2275.0,2955.0,1630.0,568.5,837.5,530.5,1257.5,3836.0,4887.0,4698.5,5156.5,2540.5,1515.0,526.5,701.5,556.0,1040.0,2895.0,3638.0,3615.0,3854.0,3500.0,2550.0,708.0,959.0,923.0,1483.0,3250.0,4112.0,4075.0,4445.0,2818.0,1481.5,540.5,729.5,500.0,1073.0,3613.0,4400.0,4035.5,4540.0,2515.0,1518.0,447.0,736.0,612.0,1198.0,3024.0,3566.0,3771.0,3867.0,2793.0,1813.5,851.5,1163.5,986.0,1701.5,3289.0,3847.5,3893.5,4153.5,2873.0,2105.5,573.5,902.0,911.0,1512.5,2518.0,2756.5,2880.0,3113.0,3316.0,2602.0,728.0,929.0,1130.0,1476.0,1656.0,1802.0,1874.0,2108.0,3536.0,2869.0,691.0,947.0,1144.0,1498.0,1694.0,1836.0,2014.0,2101.0,3501.0,2708.0,775.0,1019.0,1340.0,1661.0,1828.0,2041.0,2222.0,2308.0,3096.0,2305.5,861.5,1061.0,1228.0,1578.5,1842.0,2017.0,2246.0,2269.5,3232.5,2529.5,810.5,1050.0,1262.5,1602.0,1789.0,1924.5,2124.0,2177.0,2996.0,2286.0,723.0,982.0,1084.0,1547.0,1980.0,2125.0,2313.0,2378.0,2745.5,1843.5,544.0,838.5,840.5,1375.0,2173.0,2358.5,2605.5,2585.5,2668.0,1726.5,491.0,840.0,724.5,1382.0,2522.0,2787.0,2972.5,2980.0,0.0,0.0,0.0,0.0,0.0,0.0,0.0,0.0,0.0,0.0,2095.0,1153.0,406.0,777.0,435.0,1265.0,3060.0,3565.0,3794.0,3684.0,0.0,0.0,0.0,0.0,0.0,0.0,0.0,0.0,0.0,0.0,655.0,703.0,10924.0,10662.0,10444.0,10537.0,10120.0,9749.0,10070.0,9281.0,182.0,160.0,8390.0,8448.0,8550.0,8753.0,8329.0,7936.0,8098.0,7461.0,3250.0,2369.0,710.0,998.0,1116.0,1596.0,2130.0,2324.0,2624.0,2647.0,3570.0,2674.0,921.0,1209.0,1470.0,1865.0,2069.0,2261.0,2555.0,2545.0,3198.0,2329.0,753.0,1024.0,1282.0,1598.0,1795.0,1977.0,2223.0,2251.0,3457.0,2676.0,871.0,1125.0,1351.0,1728.0,1876.0,2037.0,2246.0,2352.0,"{""type"":""MultiPoint"",""coordinates"":[]}"
3397,3,2679.0,1980.0,972.0,1319.5,1630.5,1905.5,2012.0,2151.0,2379.5,2405.5,5044.5,4575.0,1704.0,2263.0,2458.0,3171.5,3303.5,3482.5,3575.5,3720.0,2652.0,1910.0,1055.0,1403.0,1466.0,1965.0,2109.0,2235.0,2420.0,2402.0,4286.0,3747.0,1572.5,2060.0,2188.5,2822.0,3059.0,3176.0,3277.5,3325.0,3022.5,2172.0,833.5,1309.0,1225.0,1973.5,2301.5,2479.5,2563.0,2579.0,1807.0,995.0,543.0,1093.0,687.0,1705.0,3082.0,3400.0,3506.0,3383.0,2617.0,1325.0,629.0,1042.0,600.0,1527.0,3255.0,3730.0,3702.0,3757.0,1735.0,877.0,485.0,716.5,393.0,1011.5,2895.5,3735.0,3520.0,3642.5,1644.0,791.0,246.0,451.0,197.0,771.0,2716.0,4056.0,3836.0,4102.0,1574.0,708.5,350.5,511.0,212.0,692.5,2984.5,4434.0,4212.5,4469.5,2346.0,1514.5,1268.5,1493.5,1369.0,1862.5,3582.0,4660.0,4419.0,4800.5,2942.0,2394.0,1265.0,1568.0,1871.0,2140.0,2181.0,2304.0,2527.0,2496.0,1477.5,665.0,358.5,726.0,331.5,1130.5,3466.0,4658.0,4544.0,4859.5,1777.0,867.0,624.0,1049.5,619.0,1718.5,3911.0,4814.0,4885.5,5095.0,1999.0,1065.0,703.0,1449.0,953.0,2477.0,3903.0,4398.0,4387.0,4714.0,2557.0,1647.0,1592.0,1841.5,1570.5,2656.0,3671.0,4058.0,4032.5,4382.0,3493.5,2472.5,1012.5,1427.5,1921.0,2442.5,3129.5,3477.0,3540.5,3909.0,1854.5,1605.0,521.5,667.0,902.0,1037.0,1129.5,1236.0,1271.5,1459.0,2256.0,1856.5,537.5,705.0,894.0,1101.0,1258.0,1371.0,1438.0,1511.0,1447.0,975.0,450.0,565.0,635.0,866.0,1051.5,1148.0,1141.5,1277.5,2361.0,1889.0,588.0,743.0,821.0,1181.0,1483.0,1658.0,1664.0,1796.0,3044.0,2785.0,982.0,1259.0,1541.0,1774.0,1883.0,1995.0,2097.0,2153.0,3007.0,2418.5,1650.5,1939.5,2086.0,2407.5,2492.5,2539.0,2821.5,2709.5,3968.0,3665.0,1443.0,1790.0,2240.0,2509.0,2595.0,2683.0,2900.0,2889.0,3432.0,3140.0,1217.0,1514.0,1903.0,2123.0,2167.0,2286.0,2460.0,2484.0,2213.0,1850.0,774.0,972.0,1306.0,1475.0,1561.0,1664.0,1857.0,1823.0,2830.0,2306.0,920.0,1179.0,1518.0,1758.0,1856.0,1957.0,2058.0,2142.0,0.0,0.0,0.0,0.0,0.0,0.0,0.0,0.0,0.0,0.0,1840.0,1326.0,798.0,1004.0,1295.0,1520.0,1539.0,1673.0,1831.0,1869.0,0.0,0.0,0.0,0.0,0.0,0.0,0.0,0.0,0.0,0.0,161.0,195.0,13762.0,12671.0,11984.0,11913.0,11250.0,10497.0,10772.0,9881.0,119.0,121.0,5711.0,5819.0,5950.0,5986.0,5457.0,5411.0,5647.0,4932.0,2981.0,2220.0,1239.5,1585.5,1857.5,2176.0,2291.5,2431.0,2638.5,2630.0,3323.0,2676.0,1070.0,1408.0,1715.0,1898.0,2022.0,2116.0,2387.0,2387.0,3300.0,2662.0,1074.0,1387.5,1702.0,1977.0,2053.0,2183.0,2334.5,2395.0,2997.0,2280.0,1156.0,1408.0,1739.0,1997.0,2077.0,2187.0,2351.0,2385.0,"{""type"":""MultiPoint"",""coordinates"":[]}"
3435,3,1878.0,1349.0,1087.0,1128.0,1288.0,1394.0,1427.0,1502.0,1624.0,1623.0,3613.0,3097.0,1339.0,1513.0,1745.0,2019.0,2036.0,2195.0,2352.0,2400.0,2211.0,1679.0,876.0,1060.5,1197.5,1444.5,1493.0,1599.5,1726.5,1761.5,1876.0,1361.0,962.0,1126.0,1304.0,1528.0,1575.0,1678.0,1820.0,1830.0,5547.0,5465.0,2535.0,3001.0,3422.0,3780.0,3850.0,4026.0,4250.0,4235.0,6133.0,5644.0,2976.0,3382.0,3650.0,4258.0,4319.0,4493.0,4686.0,4722.0,0.0,0.0,0.0,0.0,0.0,0.0,0.0,0.0,0.0,0.0,836.5,528.0,318.0,474.5,284.0,629.0,1511.5,1834.0,1772.0,1787.0,1160.5,632.5,165.5,353.5,165.0,560.0,2035.5,2720.0,2476.0,2730.0,1273.0,575.0,281.0,406.0,207.5,557.5,2492.5,3885.0,3865.5,3925.0,1436.0,629.0,446.0,580.0,362.0,749.0,2863.0,4712.0,4593.0,4871.0,1532.0,1137.5,643.0,748.0,867.0,972.0,1007.5,1088.0,1244.5,1219.0,1231.0,489.0,313.0,424.0,226.0,598.0,2470.0,4226.0,4124.0,4496.0,1352.0,629.0,505.0,716.0,387.0,1007.0,3052.0,4590.0,4625.0,4770.0,1417.0,658.5,441.0,713.0,403.5,1090.5,3354.0,4618.0,4540.0,4864.5,1590.0,785.0,513.0,821.0,563.0,1353.0,3262.0,4231.0,4124.0,4497.0,1810.0,931.0,521.5,932.5,765.5,1712.0,3325.5,3940.5,4041.5,4355.5,1733.0,963.0,586.5,939.0,976.5,1644.0,2316.0,2607.5,2644.0,2920.5,3305.5,2264.5,928.5,1330.5,1719.5,2221.0,2647.0,2828.5,3085.5,3223.0,3469.0,2687.0,1977.5,2198.5,2531.0,2946.5,3077.5,3183.5,3267.5,3427.0,4616.0,3248.0,1333.0,1837.0,2319.0,2883.0,3259.0,3555.0,3878.0,3845.0,1779.0,1921.0,332.0,395.0,569.0,636.0,688.0,797.0,870.0,944.0,2175.0,1937.0,817.0,972.5,1118.0,1272.0,1320.0,1393.5,1533.0,1508.0,2215.0,2224.5,614.0,750.5,989.5,1092.5,1172.0,1249.5,1389.0,1378.0,1674.0,1293.0,547.0,685.0,904.0,1012.0,1037.0,1155.0,1269.0,1267.0,1780.0,1421.0,559.0,732.0,971.5,1080.0,1142.5,1221.5,1372.5,1369.0,2092.0,1722.0,884.0,1090.0,1368.0,1540.0,1568.0,1664.0,1788.0,1839.0,2488.0,2106.0,2535.0,2342.0,2286.0,2491.0,2410.0,2480.0,2457.0,2460.0,1459.5,1042.5,685.0,796.0,970.5,1091.5,1153.0,1196.0,1351.5,1326.5,0.0,0.0,0.0,0.0,0.0,0.0,0.0,0.0,0.0,0.0,959.0,1075.0,10568.0,10228.0,10182.0,10231.0,9927.0,9550.0,9940.0,9157.0,1357.0,963.5,2551.0,2658.0,2791.0,3046.0,2986.0,2998.0,3100.5,3016.0,2596.0,2090.0,950.0,1126.0,1312.0,1510.0,1590.0,1658.0,1860.0,1837.0,1899.5,1484.0,874.0,1024.0,1158.5,1292.5,1389.5,1448.0,1629.0,1593.0,2641.0,2022.0,1040.0,1284.0,1508.0,1735.0,1801.0,1899.0,2038.0,2060.0,3724.0,3608.5,1382.5,1612.5,1937.5,2120.0,2164.0,2288.5,2441.5,2486.5,"{""type"":""MultiPoint"",""coordinates"":[]}"
3437,5,2472.0,1728.0,676.0,1093.0,1562.0,1814.0,1919.0,2029.0,2218.0,2147.0,5638.0,5266.0,1686.0,2467.0,3220.0,3661.0,3750.0,3907.0,4096.0,4102.0,2799.0,1962.0,998.0,1325.0,1700.0,2068.0,2184.0,2375.0,2443.0,2447.0,3018.0,2241.0,854.0,1266.0,1605.0,1975.0,2194.0,2327.0,2455.0,2442.0,5806.0,5411.0,1613.0,2414.0,3139.0,3693.0,4037.0,4239.0,4277.0,4410.0,4193.0,3484.0,1727.0,2097.0,2263.0,2802.0,3630.0,3921.0,4059.0,3991.0,5020.0,3741.0,1143.0,1874.0,1875.0,2903.0,5088.0,5791.0,5752.0,5918.0,3388.0,2069.0,515.0,958.0,730.0,1569.0,4220.0,4954.0,4989.0,5100.0,0.0,0.0,0.0,0.0,0.0,0.0,0.0,0.0,0.0,0.0,2659.5,1260.0,359.5,597.0,301.5,933.0,4432.5,5944.5,5989.0,6236.5,0.0,0.0,0.0,0.0,0.0,0.0,0.0,0.0,0.0,0.0,2609.0,1943.0,729.0,1114.0,1524.0,1745.0,1860.0,1956.0,2161.0,2043.0,668.0,275.0,273.5,289.5,149.0,326.0,1530.0,2134.5,1980.0,2102.5,2410.0,1048.5,407.5,585.0,328.5,876.5,4028.0,5498.5,5596.5,5888.0,2286.0,1002.0,363.0,553.0,297.0,837.0,3691.0,5046.0,5012.0,5412.0,2702.5,1685.0,581.0,963.5,682.0,1381.5,3711.5,4587.0,4551.0,4847.5,2905.0,1774.0,453.0,832.0,857.0,1586.5,2524.5,2909.0,3140.5,3355.0,0.0,0.0,0.0,0.0,0.0,0.0,0.0,0.0,0.0,0.0,3271.0,2552.0,541.5,714.5,1031.5,1244.5,1360.0,1521.5,1697.0,1788.5,3684.0,2732.0,824.0,1082.0,1492.0,1786.0,1861.0,2027.0,2084.0,2259.0,3465.0,2627.5,826.0,1069.0,1467.5,1706.0,1822.5,1973.5,2108.5,2157.0,3755.0,2980.0,927.0,1167.0,1534.0,1840.0,1921.0,2065.0,2206.0,2261.0,0.0,0.0,0.0,0.0,0.0,0.0,0.0,0.0,0.0,0.0,3495.0,2604.5,930.0,1161.5,1472.5,1761.5,1877.5,2011.0,2167.5,2200.5,0.0,0.0,0.0,0.0,0.0,0.0,0.0,0.0,0.0,0.0,2666.0,1769.0,736.0,948.0,1249.0,1453.0,1616.0,1709.0,1935.0,1905.0,3129.5,2280.5,838.5,1084.0,1472.5,1742.5,1843.5,1993.5,2122.0,2159.0,0.0,0.0,0.0,0.0,0.0,0.0,0.0,0.0,0.0,0.0,2495.0,1839.0,693.0,1012.0,1425.0,1628.0,1705.0,1836.0,2010.0,1961.0,0.0,0.0,0.0,0.0,0.0,0.0,0.0,0.0,0.0,0.0,391.0,447.0,10528.0,10327.0,10289.0,10373.0,10000.0,9591.0,9983.0,9200.0,0.0,0.0,0.0,0.0,0.0,0.0,0.0,0.0,0.0,0.0,2798.0,1994.0,785.0,1203.0,1591.0,1896.0,2034.0,2188.0,2349.0,2272.0,3496.0,2791.0,1034.5,1538.5,2016.5,2344.5,2475.5,2601.0,2747.0,2776.0,2312.0,1643.0,822.0,1286.0,1702.0,2006.0,2053.0,2176.0,2320.0,2227.0,2409.0,1713.0,1001.0,1521.0,2008.0,2387.0,2413.0,2527.0,2545.0,2546.0,"{""type"":""MultiPoint"",""coordinates"":[]}"
3454,1,2601.0,1691.0,971.0,1183.0,1454.0,1705.0,1845.0,2001.0,2191.0,2216.0,3428.0,2516.0,1146.0,1416.0,1699.0,2106.0,2339.0,2488.0,2725.0,2782.0,2772.0,2084.0,792.0,1004.0,1392.0,1608.0,1691.0,1855.0,2042.0,2083.0,4183.5,3592.5,1155.5,1594.5,1803.0,2449.0,2755.0,2950.0,3123.0,3201.0,2868.0,2175.0,695.0,1018.0,1253.0,1624.0,1874.0,2031.0,2210.0,2254.0,2426.0,2016.0,859.0,1055.0,1107.0,1439.0,2003.0,2254.0,2008.0,2531.0,0.0,0.0,0.0,0.0,0.0,0.0,0.0,0.0,0.0,0.0,2083.0,888.5,322.0,531.0,266.0,670.5,3500.5,5234.5,5169.0,5405.0,1082.5,560.5,112.5,213.5,121.0,329.0,2015.5,3346.5,3203.0,3445.0,1738.0,736.5,239.5,406.5,216.0,520.5,3005.5,4996.0,5042.5,5239.5,1878.0,947.5,1181.0,1445.5,1241.5,1395.0,2806.5,4058.0,4293.0,4173.5,3415.0,2554.0,981.0,1182.0,1440.0,1774.0,2128.0,2306.0,2543.0,2522.0,1832.0,728.0,589.0,713.0,435.0,816.0,2982.0,4703.0,4587.0,5033.0,1722.0,707.0,504.0,647.5,392.0,766.5,2983.0,4661.0,4689.5,4944.5,1977.0,896.0,381.0,701.0,444.0,1036.0,2953.0,4002.0,3971.0,4320.0,2179.0,1294.0,393.0,718.0,741.0,1344.0,1917.0,2224.0,2252.0,2551.0,2668.5,1888.0,403.5,534.5,815.0,1043.5,1140.0,1314.5,1426.5,1600.0,4592.5,3343.5,1499.0,1840.5,2421.0,2959.0,3275.0,3612.5,3625.0,4014.5,4191.5,3485.0,1088.5,1423.5,1977.5,2304.0,2440.0,2629.0,2698.5,2979.0,3562.5,2884.5,2364.0,2103.5,2116.0,2352.0,2328.5,2376.5,3110.5,2535.0,3349.0,2816.0,1060.0,1360.0,1573.5,1815.5,1887.5,2061.5,2282.5,2305.5,3784.0,2987.0,1026.0,1372.0,1790.0,2138.0,2258.0,2471.0,2582.0,2758.0,3314.0,2537.5,1386.0,1542.5,1692.0,2072.0,2440.0,2582.5,2772.5,2767.5,3203.5,2486.0,863.0,1133.5,1524.0,1811.5,1942.0,2112.5,2294.0,2373.5,3096.0,2475.0,843.0,1120.0,1530.0,1746.0,1900.0,2066.0,2209.0,2290.0,2959.5,2232.5,743.5,1037.5,1428.5,1693.5,1824.0,1975.5,2240.5,2248.5,3093.0,2386.0,784.0,1068.0,1452.0,1746.0,1910.0,2050.0,2258.0,2334.0,0.0,0.0,0.0,0.0,0.0,0.0,0.0,0.0,0.0,0.0,2576.0,1849.0,734.0,979.0,1270.0,1588.0,1781.0,2021.0,2209.0,2236.0,0.0,0.0,0.0,0.0,0.0,0.0,0.0,0.0,0.0,0.0,256.0,301.0,12776.0,12005.0,11460.0,11452.0,10852.0,10220.0,10484.0,9603.0,195.0,140.0,6542.0,6338.0,6370.0,6645.0,6463.0,6159.0,6394.0,5895.0,3193.5,2257.0,896.5,1141.5,1311.5,1773.5,2306.0,2471.5,2723.0,2695.5,3760.0,2755.0,1101.0,1353.0,1691.0,2063.5,2229.5,2410.5,2701.0,2720.0,3539.0,2595.0,1000.0,1237.0,1550.0,1853.0,1983.0,2132.0,2354.0,2444.0,3590.0,2754.0,997.0,1228.0,1519.0,1829.0,1987.0,2126.0,2301.0,2363.0,"{""type"":""MultiPoint"",""coordinates"":[]}"
3477,1,2871.5,2448.5,1801.0,1880.0,2042.0,2234.5,2394.5,2475.5,2716.5,2604.0,3784.0,3521.0,937.5,1336.0,1982.0,2211.5,2302.0,2432.5,2595.0,2551.0,2520.5,1907.5,645.0,945.0,1326.5,1550.0,1660.0,1769.0,1897.0,1894.0,2692.0,2123.5,794.0,1057.0,1433.0,1663.5,1815.5,1953.0,2096.5,2098.0,4957.0,4573.0,1307.5,1957.5,2516.5,3017.0,3430.5,3601.0,3841.0,3807.0,4813.0,3724.0,1170.0,1680.0,1864.5,2507.5,4259.5,4970.0,4967.5,5202.5,0.0,0.0,0.0,0.0,0.0,0.0,0.0,0.0,0.0,0.0,1703.5,750.0,285.0,467.0,237.0,569.0,3315.0,5542.5,5626.5,5620.0,1420.0,1033.0,391.5,459.5,408.5,719.0,3086.5,5272.0,5454.5,5499.0,1673.0,685.5,271.5,442.5,240.0,559.5,3007.5,4979.0,5101.5,5227.0,1775.0,706.5,518.5,627.5,399.5,711.0,3046.0,5095.0,5159.5,5461.0,3052.0,2404.0,793.5,1042.0,1373.0,1714.5,2034.0,2119.5,2363.0,2331.5,1604.0,641.5,353.5,494.5,277.5,600.5,2848.0,4645.5,4586.5,4996.0,1625.5,685.0,429.5,581.5,349.5,702.0,2886.0,4587.0,4692.0,4828.0,1648.0,692.0,345.5,619.5,374.0,876.5,2917.5,3882.5,3923.5,4218.5,2005.5,1248.5,431.5,624.5,639.0,1133.5,1654.0,1962.0,1968.5,2252.0,2271.0,1621.0,441.0,589.5,819.5,1043.0,1177.0,1405.5,1465.0,1633.5,2764.0,1910.5,871.0,1042.0,1324.5,1590.0,1865.5,2084.5,2019.0,2340.5,4848.5,3579.5,1081.0,1485.5,2161.0,2584.5,2743.0,2969.0,3186.0,3377.0,3702.5,2744.5,1463.5,1780.5,1982.0,2398.5,2664.0,2780.5,2966.0,2970.0,4098.5,2787.0,818.0,1230.0,1573.5,2051.5,2566.5,2801.5,3011.5,3081.0,3977.0,2569.0,810.0,1231.5,1443.0,2051.5,2657.0,2881.5,3077.0,3173.0,2626.0,2034.5,626.5,882.0,1191.0,1475.0,1805.5,1907.0,2119.0,2065.5,3780.5,2493.5,769.0,1126.5,1496.0,2055.0,2470.0,2705.0,3097.0,3094.0,3129.5,1894.0,1050.5,1422.0,2144.0,2560.0,2722.5,3038.5,3448.5,3419.0,3769.0,2540.5,933.0,1328.0,2026.5,2327.0,2506.0,2744.0,3090.0,3094.0,3526.0,2409.5,875.0,1235.5,1851.0,2158.0,2350.0,2516.0,2789.5,2874.0,2108.5,1680.5,1488.0,1482.5,1650.0,1808.5,1821.0,1930.0,1784.0,1977.5,3122.0,2157.5,937.0,1196.5,1665.0,1951.0,2157.0,2312.0,2627.5,2626.0,3060.5,2715.5,2366.5,2358.5,2394.5,2559.5,2615.5,2670.0,2876.0,2726.5,1023.5,1117.0,10221.0,10051.0,10035.0,10223.5,9871.0,9516.5,9901.0,9177.0,1703.5,1231.5,478.0,747.0,1021.5,1310.5,1456.0,1601.0,1693.5,1689.0,3084.5,2513.0,683.5,989.5,1293.0,1687.0,2049.0,2183.0,2391.5,2343.5,2412.5,1772.0,630.5,887.0,1044.0,1449.5,1930.5,2089.5,2247.5,2243.5,2710.5,1990.0,641.5,924.0,1149.5,1606.5,1907.5,2043.5,2221.0,2246.5,4398.0,3976.5,1220.0,1647.5,2167.5,2636.0,2736.0,2935.0,3077.5,3157.5,"{""type"":""MultiPoint"",""coordinates"":[]}"
3515,61,1043.0,567.0,627.0,871.0,1248.0,1485.0,1492.0,1615.0,1773.0,1785.0,4219.0,3657.0,1308.0,1758.0,2221.0,2582.0,2695.0,2842.0,3130.0,3159.0,778.0,508.0,972.0,1272.0,1570.0,1775.0,1733.0,1809.0,1838.0,1771.0,1892.5,1391.5,766.0,1002.0,1221.0,1508.0,1604.5,1714.0,1778.5,1822.5,1321.0,842.0,743.0,989.0,1179.0,1477.0,1554.0,1651.0,1749.0,1751.0,2590.0,1932.0,825.0,999.0,1316.0,1467.0,1511.0,1625.0,1726.0,1803.0,1149.0,862.0,928.0,854.0,897.0,1000.0,975.0,1052.0,931.0,1086.0,3926.0,3428.5,2109.0,2272.0,2529.0,2890.5,3012.0,3271.0,3125.0,3393.5,3220.0,2882.0,1161.0,1308.0,1583.0,1910.0,2169.0,2431.0,2192.0,2662.0,4469.0,4358.0,1354.0,1789.0,2356.0,2667.0,2708.0,2800.0,2850.0,3021.0,3883.0,3718.0,1159.0,1434.0,1905.0,2155.0,2118.0,2280.0,2292.0,2461.0,1883.0,1315.0,835.0,1095.0,1459.0,1673.0,1785.0,1894.0,2135.0,2068.0,4129.0,3747.5,1363.5,1707.5,2154.0,2475.0,2475.5,2623.0,2599.5,2854.5,4836.0,4488.0,3603.0,3568.0,3609.0,4084.0,4501.5,4788.5,4770.5,4931.0,2018.0,1802.5,665.0,808.0,1007.0,1169.5,1197.0,1315.0,1249.5,1391.0,3124.5,2427.5,1035.5,1338.5,1538.5,1923.5,2198.0,2472.5,2345.0,2669.5,2976.5,2760.5,787.0,999.5,1340.5,1553.0,1630.5,1753.0,1770.5,1922.5,2772.5,2580.0,709.0,938.0,1252.5,1425.0,1504.0,1639.5,1654.5,1747.0,2493.5,2091.5,606.5,792.0,1036.0,1283.0,1357.5,1512.0,1544.0,1628.5,2147.0,1424.0,578.0,765.0,982.0,1197.0,1268.0,1390.0,1407.0,1536.0,2352.0,1651.0,580.0,837.0,1029.0,1306.0,1418.0,1523.0,1658.0,1705.0,2308.0,1589.0,610.0,833.0,962.0,1282.0,1435.0,1562.0,1611.0,1638.0,2872.0,2758.0,2122.0,2134.0,2223.0,2490.0,2522.0,2557.0,2650.0,2636.0,2248.0,1525.0,621.0,853.0,1020.0,1341.5,1509.5,1625.0,1744.0,1784.0,1845.5,1252.5,632.0,872.5,1018.0,1384.5,1570.0,1691.5,1749.5,1765.0,2184.0,1460.0,531.0,804.0,984.0,1324.0,1561.0,1686.0,1830.0,1842.0,2102.0,1341.0,555.0,831.0,946.0,1400.0,1731.0,1813.0,1874.0,1963.0,0.0,0.0,0.0,0.0,0.0,0.0,0.0,0.0,0.0,0.0,1136.0,638.0,579.0,840.0,830.0,1398.0,1939.0,2092.0,2161.0,2106.0,0.0,0.0,0.0,0.0,0.0,0.0,0.0,0.0,0.0,0.0,125.0,163.0,10126.0,10154.0,10166.0,10291.0,9900.0,9331.0,9692.0,8833.0,876.5,582.5,4288.0,4252.5,4375.5,4747.5,4542.0,4403.0,4355.5,4064.0,1203.0,677.0,704.0,937.0,1209.0,1415.0,1490.0,1626.0,1758.0,1712.0,3966.0,3294.0,1266.0,1664.0,2122.0,2427.0,2620.0,2756.0,3029.0,2970.0,1192.0,749.0,693.0,937.0,1224.0,1466.0,1604.0,1725.0,1898.0,1869.0,1865.0,1226.0,749.0,998.0,1300.0,1530.0,1673.0,1834.0,1969.0,2016.0,"{""type"":""MultiPoint"",""coordinates"":[]}"
3525,5,2628.0,2130.0,590.0,752.0,1035.0,1264.0,1375.0,1495.0,1705.0,1729.0,2770.0,1965.0,738.0,1092.0,1119.0,1895.0,2518.0,2692.0,2860.0,2942.0,2393.0,1825.0,512.0,708.0,1031.0,1230.0,1317.5,1453.0,1575.0,1659.5,2653.0,2035.0,1022.0,1036.0,1387.0,1648.0,1837.0,1810.0,1902.0,1866.0,3203.0,2710.0,722.0,995.0,1300.0,1610.0,1765.0,1886.0,2040.0,2127.0,0.0,0.0,0.0,0.0,0.0,0.0,0.0,0.0,0.0,0.0,0.0,0.0,0.0,0.0,0.0,0.0,0.0,0.0,0.0,0.0,2209.0,2091.0,1036.0,1281.0,1382.0,1668.0,1845.0,2006.0,1770.0,2092.0,3968.5,3533.5,1694.5,2073.0,2353.0,2803.0,3328.0,3584.0,3414.0,3776.5,4983.0,4526.0,1391.0,1798.0,2176.0,2645.0,3573.0,4003.0,4096.0,4357.0,772.0,426.0,571.0,580.0,432.0,593.0,1079.0,1268.0,1186.0,1387.0,2253.0,1856.0,599.5,769.5,1021.0,1204.0,1336.5,1454.0,1594.5,1650.5,2366.0,1277.0,449.0,661.0,474.0,964.0,2901.0,3548.0,3205.0,3891.0,3205.0,2350.0,2125.0,2149.0,1849.0,2366.0,4006.0,4663.0,4547.0,4877.0,2278.0,1018.0,474.0,612.0,386.0,842.0,3592.0,4500.0,4362.0,4826.0,2486.0,1157.0,335.0,576.0,308.0,916.0,3571.0,4334.0,4223.0,4746.0,2234.0,1108.0,268.0,598.0,385.0,980.0,3090.0,3784.0,3753.0,4141.0,2545.5,1508.5,495.0,836.5,749.0,1377.5,2702.0,3141.5,3174.5,3626.0,3423.5,2663.5,554.0,788.0,1097.0,1443.0,1675.5,1873.5,2073.5,2298.0,3011.5,2418.5,520.0,671.0,917.5,1107.0,1218.5,1355.5,1440.5,1590.0,3254.0,2581.0,514.0,712.0,981.0,1195.0,1355.0,1518.0,1670.0,1790.0,3355.0,2710.0,592.0,781.0,1015.0,1254.0,1441.0,1627.0,1771.0,1853.0,743.0,645.0,347.0,354.0,435.0,504.0,544.0,595.0,661.0,648.0,3094.5,2551.5,697.0,891.0,1168.5,1397.5,1546.0,1674.5,1826.0,1888.0,2364.0,1699.0,538.0,696.0,1001.0,1173.0,1282.0,1403.0,1594.0,1603.0,2712.5,2106.5,537.0,780.5,1102.0,1313.0,1467.0,1567.0,1790.0,1818.0,2926.0,2398.0,637.0,893.0,1219.0,1446.0,1596.0,1732.0,1893.0,1937.0,0.0,0.0,0.0,0.0,0.0,0.0,0.0,0.0,0.0,0.0,2784.0,2114.0,645.0,870.0,1041.0,1401.0,1753.0,1867.0,2073.0,2056.0,0.0,0.0,0.0,0.0,0.0,0.0,0.0,0.0,0.0,0.0,925.0,1031.0,10830.0,10436.0,10360.0,10473.0,10166.0,9731.0,10108.0,9335.0,1491.5,1130.0,829.0,1046.5,1320.0,1555.5,1578.5,1646.0,1873.5,1840.5,3038.0,2453.0,628.0,885.0,1194.0,1507.0,1744.0,1912.0,2137.0,2141.0,2723.0,2066.5,679.5,948.5,1087.5,1519.0,2022.0,2195.5,2420.0,2393.0,2607.0,1903.0,573.0,891.0,1003.0,1580.0,2147.0,2328.0,2606.0,2516.0,3177.0,2121.0,814.0,1126.0,1222.0,1975.0,2634.0,2958.0,3094.0,3111.0,"{""type"":""MultiPoint"",""coordinates"":[]}"
3533,5,1787.0,1161.5,478.5,652.5,879.0,1024.0,1099.0,1218.5,1358.5,1364.5,3376.5,2838.0,860.5,1169.5,1570.5,1832.5,1894.5,2032.5,2139.5,2204.0,2324.0,1546.0,646.0,819.0,1082.0,1296.0,1393.0,1501.0,1628.0,1688.0,2802.0,2123.0,726.5,967.0,1240.0,1498.0,1759.5,1887.5,2000.5,2049.0,2454.0,1638.0,543.0,795.0,1028.0,1291.0,1641.0,1786.0,1897.0,1956.0,3293.5,2486.5,794.5,1109.5,1275.5,1704.0,2499.5,2760.0,2804.0,2952.0,3260.0,2363.0,1999.0,2435.0,2449.0,2951.0,3653.0,3787.0,3587.0,3803.0,2975.5,1990.5,1218.0,1391.5,1241.5,1758.0,3395.5,3974.0,3865.5,4082.5,2307.0,1051.0,308.0,544.0,329.0,896.0,3718.0,4846.0,4666.0,5024.0,2146.0,946.0,431.5,542.0,304.5,734.0,3624.0,5002.0,5002.0,5286.0,2038.0,937.0,250.0,381.0,223.0,596.0,3316.0,4715.0,4683.0,4913.0,2093.0,1477.0,441.0,631.0,849.0,990.0,1081.0,1149.0,1311.0,1272.0,2079.5,831.0,376.0,496.5,287.0,702.5,3552.5,4865.5,4738.0,5201.5,1880.0,771.0,260.0,414.0,211.0,632.0,3044.0,4180.0,4206.0,4392.0,1662.0,757.0,206.0,374.0,239.0,638.0,2542.0,3367.0,3288.0,3627.0,1972.0,990.0,445.0,616.0,422.0,963.0,2630.0,3218.0,3208.0,3538.0,2076.5,1193.5,382.5,604.5,569.0,1090.5,1803.0,2122.0,2228.5,2478.5,3350.0,2403.0,554.0,734.0,1058.0,1328.0,1508.0,1750.0,1874.0,2118.0,2107.0,1438.5,446.5,546.0,732.5,932.0,1044.0,1149.5,1302.0,1400.5,1700.0,1146.5,666.5,710.5,797.5,1011.5,1159.5,1227.0,1224.0,1325.0,3538.0,2709.0,825.0,1026.0,1282.0,1552.0,1690.0,1831.0,2033.0,2077.0,1995.0,1655.0,416.0,573.0,790.0,928.0,966.0,1102.0,1149.0,1184.0,3450.0,2963.0,1703.0,1791.0,2036.0,2284.0,2366.0,2481.0,2770.0,2657.0,2251.0,1836.0,586.0,734.0,995.0,1149.0,1216.0,1332.0,1391.0,1479.0,2192.0,1759.5,553.0,716.5,979.5,1147.5,1167.0,1282.5,1343.5,1398.0,1791.0,1407.0,370.0,547.0,806.0,891.0,981.0,1050.0,1214.0,1171.0,1545.0,1174.0,390.0,479.0,674.0,753.0,807.0,889.0,964.0,983.0,0.0,0.0,0.0,0.0,0.0,0.0,0.0,0.0,0.0,0.0,1653.5,1192.0,434.5,546.0,742.5,858.0,912.0,999.5,1083.5,1116.0,0.0,0.0,0.0,0.0,0.0,0.0,0.0,0.0,0.0,0.0,190.0,201.0,8175.0,8162.0,8173.0,8385.0,8001.0,7345.0,7382.0,6687.0,918.0,550.0,1247.0,1442.0,1637.0,1732.0,1677.0,1670.0,1769.0,1625.0,2240.0,1552.0,639.0,848.0,1111.0,1307.0,1401.0,1531.0,1699.0,1702.0,3176.0,2529.5,818.0,1086.5,1437.5,1655.5,1724.5,1856.5,1984.0,2045.0,2957.0,2414.0,720.0,944.0,1274.0,1459.0,1555.0,1686.0,1811.0,1864.0,2976.0,2373.0,663.0,949.0,1308.0,1521.0,1606.0,1735.0,1880.0,1913.0,"{""type"":""MultiPoint"",""coordinates"":[]}"
3539,1,2036.0,1525.0,751.0,1135.0,1455.0,1691.0,1755.0,1851.0,2063.0,2019.0,4518.0,4268.0,1366.0,1970.0,2542.0,2788.0,2855.0,3013.0,3182.0,3143.0,2173.0,1542.5,664.0,929.5,1203.0,1373.5,1425.0,1506.0,1692.0,1625.0,3525.0,2959.0,1009.5,1502.0,1744.0,2220.5,2475.5,2578.0,2706.0,2749.5,2742.0,1962.0,814.0,1248.0,1520.0,1819.0,2066.0,2203.0,2342.0,2308.0,2742.0,2162.5,1839.0,1874.0,1740.5,1886.5,2729.5,3185.0,3418.5,3398.5,2679.0,1856.0,1996.5,2000.0,1853.5,2125.5,2602.0,2966.0,2954.5,3004.0,1964.0,884.0,192.0,416.0,162.0,561.0,3388.0,5201.0,5255.0,5326.0,1671.5,742.5,184.0,368.0,189.5,509.5,3061.0,5048.0,5143.5,5240.0,1799.0,746.0,365.0,516.0,287.0,616.0,3138.0,4903.0,4848.0,5216.0,1719.0,684.0,377.0,508.0,301.0,658.0,3215.0,5208.0,5124.0,5507.0,2463.0,1834.0,723.0,1079.0,1393.0,1592.0,1670.0,1792.0,1880.0,1904.0,1959.0,851.0,517.0,672.0,449.0,817.0,3230.0,4921.0,4774.0,5085.0,3888.0,2886.5,2879.0,2975.0,2814.5,3333.5,4867.0,5653.0,5850.0,5772.0,2726.0,1605.0,722.5,1042.0,967.5,1612.0,3024.5,3723.0,3734.5,4132.5,2784.5,1921.0,776.0,931.0,1042.5,1402.0,1910.0,2180.0,2287.5,2551.5,2828.0,2023.0,387.0,558.0,799.0,1052.0,1228.0,1420.0,1545.0,1765.0,2894.5,2248.5,2146.5,2061.5,2017.5,2300.5,2525.0,2657.0,2819.5,2816.0,2485.0,1892.0,433.5,524.0,694.5,857.5,972.5,1125.5,1196.5,1338.0,4054.0,3092.0,870.0,1157.0,1621.0,1954.0,2123.0,2271.0,2405.0,2626.0,3184.0,2809.0,868.0,1189.0,1634.0,1841.0,1954.0,2045.0,2233.0,2222.0,5074.0,4859.0,1438.0,2087.0,2738.0,3093.0,3174.0,3333.0,3457.0,3513.0,2671.0,2076.0,796.0,1159.0,1457.0,1684.0,1795.0,1888.0,2012.0,1959.0,3170.5,2815.0,801.5,1160.5,1561.0,1793.0,1874.5,1977.5,2110.5,2163.0,3411.5,2820.5,2580.5,2455.5,2573.5,2792.5,2779.5,2805.0,3024.5,2843.5,2510.0,1972.0,583.0,908.0,1318.0,1459.0,1567.0,1654.0,1838.0,1831.0,2757.0,2184.0,653.0,1047.0,1408.0,1616.0,1674.0,1825.0,1982.0,1978.0,0.0,0.0,0.0,0.0,0.0,0.0,0.0,0.0,0.0,0.0,2634.0,2011.0,732.0,1077.0,1485.0,1667.0,1751.0,1862.0,2062.0,2043.0,0.0,0.0,0.0,0.0,0.0,0.0,0.0,0.0,0.0,0.0,747.0,843.0,10814.0,10582.0,10352.0,10494.0,10099.0,9644.0,10132.0,9328.0,1661.0,1268.5,4278.5,4336.5,4495.5,4870.0,4643.0,4555.0,4817.0,4479.0,2634.0,1878.0,844.0,1243.0,1538.0,1844.0,1923.0,2046.0,2196.0,2170.0,3602.0,3010.0,1120.0,1640.0,1966.0,2358.0,2432.0,2583.0,2797.0,2737.0,2835.0,2078.0,854.0,1288.0,1599.0,1925.0,2032.0,2148.0,2288.0,2285.0,3157.0,2423.0,1024.0,1439.0,1723.0,2033.0,2144.0,2266.0,2422.0,2401.0,"{""type"":""MultiPoint"",""coordinates"":[]}"
3553,1,2640.0,2046.0,763.0,973.0,1283.0,1566.0,1646.0,1787.0,1931.0,1963.0,4499.0,4467.0,1303.0,1771.0,2281.0,2505.0,2601.0,2718.0,2974.0,2934.0,2551.5,2028.5,678.5,925.5,1147.0,1368.5,1474.0,1584.0,1680.5,1726.5,2597.0,2039.0,810.0,1006.0,1174.0,1453.0,1597.0,1728.0,1857.0,1841.0,3502.0,2927.0,1077.0,1514.0,1860.0,2123.0,2385.0,2499.0,2669.0,2665.0,5800.0,5149.0,1862.0,2525.0,2825.0,3467.0,4706.0,5280.0,5302.0,5491.0,2807.0,1682.0,547.0,896.0,701.0,1279.0,3541.0,4490.0,4553.0,4588.0,2135.0,952.0,257.0,505.0,229.0,691.0,3585.0,5385.0,5431.0,5461.0,1841.0,836.5,248.5,439.0,263.5,587.5,3211.0,5146.5,5180.5,5388.5,2013.0,869.0,382.0,559.0,341.0,665.0,3140.0,4881.0,4829.0,5246.0,2157.0,906.0,470.0,622.0,389.0,786.0,3387.0,5473.0,5504.0,5751.0,2939.0,2431.0,855.0,1215.0,1460.0,1741.0,1830.0,1922.0,2153.0,2086.0,2090.0,899.0,430.0,660.0,406.0,808.0,3427.0,5176.0,5109.0,5503.0,1945.0,835.5,480.0,683.5,420.0,869.0,3122.5,4560.0,4634.0,4839.0,2201.0,1030.0,484.0,757.0,513.0,1110.0,3042.0,4129.0,4097.0,4513.0,2574.0,1702.5,517.5,701.5,749.5,1166.0,1771.0,2118.5,2167.5,2434.5,2676.5,1943.5,409.5,566.5,791.0,1017.5,1149.0,1369.0,1494.0,1699.5,3605.5,2950.0,2669.5,2662.0,2689.5,3024.5,3280.0,3456.5,3490.5,3652.5,4306.0,3194.5,923.5,1305.0,1948.0,2295.0,2490.0,2719.0,2955.5,3114.0,4659.5,3466.5,1143.5,1433.0,1947.5,2332.5,2488.0,2737.0,2823.5,3099.5,4042.5,2956.5,889.5,1151.0,1596.0,1954.5,2201.0,2407.0,2599.5,2732.0,3817.0,2729.0,806.0,1137.0,1507.0,1908.0,2225.0,2484.0,2673.0,2772.0,3190.0,2645.0,843.0,1260.0,1480.0,1833.0,1947.0,2075.0,2236.0,2215.0,3528.0,2463.0,748.0,1051.0,1452.0,1871.0,2096.0,2316.0,2634.0,2653.0,0.0,0.0,0.0,0.0,0.0,0.0,0.0,0.0,0.0,0.0,3377.0,2335.0,751.0,1053.0,1582.0,1812.0,1949.0,2132.0,2461.0,2447.0,3376.0,2379.5,762.0,1049.5,1528.0,1769.5,1900.5,2089.5,2315.0,2388.0,0.0,0.0,0.0,0.0,0.0,0.0,0.0,0.0,0.0,0.0,3280.0,2425.0,777.0,1014.0,1434.0,1690.0,1744.0,1908.0,2196.0,2195.0,0.0,0.0,0.0,0.0,0.0,0.0,0.0,0.0,0.0,0.0,806.0,889.0,10834.0,10536.0,10440.0,10505.0,10156.0,9752.0,10172.0,9392.0,1647.0,1222.0,1853.0,2109.0,2219.5,2440.5,2364.0,2390.5,2524.0,2373.5,2889.0,2320.0,810.0,1160.0,1454.0,1699.0,1844.0,1945.0,2115.0,2111.0,3062.5,2449.5,817.0,1180.5,1347.5,1753.5,1892.5,2042.0,2172.5,2197.5,2824.0,2165.0,653.0,1042.0,1216.0,1607.0,1782.0,1886.0,2010.0,2028.0,2981.0,2269.0,728.0,1119.0,1246.0,1648.0,1838.0,1931.0,2090.0,2131.0,"{""type"":""MultiPoint"",""coordinates"":[]}"
3564,3,2767.0,2050.0,784.0,1020.0,1305.0,1566.0,1708.0,1829.0,2095.0,2032.0,4174.0,3275.0,1187.0,1573.0,1996.0,2398.0,2628.0,2826.0,3027.0,3099.0,2707.0,1929.5,732.0,980.0,1333.5,1598.5,1729.5,1885.5,2060.5,2141.0,3365.5,2534.5,1589.0,1766.5,1949.0,2370.0,2689.0,2874.5,3051.0,3088.5,3307.0,2559.0,847.0,1236.0,1430.0,1871.0,2081.0,2255.0,2433.0,2474.0,2636.5,1941.5,1190.0,1402.5,1529.5,1848.5,2073.0,2236.5,2363.5,2392.5,0.0,0.0,0.0,0.0,0.0,0.0,0.0,0.0,0.0,0.0,1093.0,678.0,254.0,466.0,266.0,734.0,1527.0,1750.0,1709.0,1788.0,1762.0,982.0,283.0,581.0,323.0,874.0,2504.0,3145.0,3222.0,3213.0,1524.0,738.0,333.0,526.0,224.0,770.0,2591.0,3667.0,3554.0,3566.0,1200.0,590.0,803.0,846.0,558.5,926.5,2260.0,3205.5,3010.0,3270.5,3167.0,2595.0,960.0,1211.0,1533.0,1843.0,2003.0,2147.0,2394.0,2367.0,1286.0,665.0,377.0,540.0,291.0,805.0,2550.0,3592.0,3342.0,3731.0,1334.5,622.5,406.0,612.0,347.0,846.5,2742.5,3832.0,3726.0,3973.5,1395.0,644.0,547.0,732.0,446.0,999.0,2880.0,3718.0,3629.0,3969.0,1676.0,842.0,466.0,935.0,643.0,1588.0,3297.0,3989.0,3806.0,4239.0,1836.0,986.0,497.0,1028.0,832.0,1851.0,3129.0,3488.0,3602.0,3814.0,2519.5,1754.5,1495.5,1736.0,1666.5,2360.5,3144.5,3421.5,3530.0,3690.0,2351.5,1466.5,637.5,1031.0,1104.0,1795.5,2406.5,2648.0,2730.0,2965.0,3700.5,2864.0,1903.5,2185.5,2444.0,2883.0,3111.0,3263.0,3122.5,3365.0,3000.0,2239.0,707.0,1012.0,1324.0,1613.0,1795.0,1937.0,2003.0,2144.0,3156.0,2286.0,739.0,1008.0,1345.0,1665.0,1858.0,2021.0,2113.0,2200.0,2443.5,1865.5,760.0,968.5,1234.0,1461.5,1632.5,1759.0,1895.5,1986.5,2885.0,2010.5,658.0,911.5,1187.5,1494.0,1797.0,1912.0,2121.0,2175.5,1904.0,1407.0,1169.0,1163.0,1244.0,1418.0,1495.0,1670.0,1926.0,1776.0,2024.5,1318.0,491.0,749.5,1048.0,1359.5,1513.5,1673.5,1836.0,1846.0,2188.5,1443.5,570.0,831.5,1116.5,1411.5,1560.5,1663.0,1828.5,1902.5,0.0,0.0,0.0,0.0,0.0,0.0,0.0,0.0,0.0,0.0,1779.0,1212.0,578.0,745.0,980.0,1237.0,1337.0,1501.0,1599.0,1623.0,0.0,0.0,0.0,0.0,0.0,0.0,0.0,0.0,0.0,0.0,1015.0,1111.0,10822.0,10474.0,10368.0,10481.0,10172.0,9734.0,10156.0,9379.0,1498.0,1106.0,2347.0,2528.0,2742.0,3172.0,3067.5,2970.5,3224.0,3094.5,3163.5,2468.0,846.0,1129.5,1406.5,1779.0,2101.0,2286.0,2451.5,2473.0,2700.0,1991.0,750.5,1048.0,1188.0,1631.5,2186.5,2375.0,2522.5,2575.5,2673.0,1848.0,654.0,981.0,1006.0,1648.0,2446.0,2658.0,2887.0,2837.0,2695.0,1862.0,839.0,1269.0,1299.0,2094.0,2570.0,2765.0,2991.0,3017.0,"{""type"":""MultiPoint"",""coordinates"":[]}"
3606,2,2436.0,1500.0,527.0,832.0,760.0,1355.0,2930.0,3540.0,4009.0,3804.0,4285.0,3822.0,1147.0,1558.0,1883.0,2238.0,2477.0,2644.0,2911.0,2944.0,2901.0,2298.0,830.0,1058.0,1270.0,1526.0,1776.0,1940.0,2147.0,2121.0,2759.0,2051.0,750.0,999.0,1078.0,1476.0,1940.0,2113.0,2248.0,2344.0,0.0,0.0,0.0,0.0,0.0,0.0,0.0,0.0,0.0,0.0,4273.0,3524.0,1474.0,1886.0,2128.0,2546.0,3217.0,3651.0,3584.0,3873.0,0.0,0.0,0.0,0.0,0.0,0.0,0.0,0.0,0.0,0.0,4352.0,3772.0,1342.0,1809.0,2043.0,2472.0,3104.0,3401.0,3592.0,3674.0,0.0,0.0,0.0,0.0,0.0,0.0,0.0,0.0,0.0,0.0,3272.5,2677.5,1153.0,1437.5,1566.0,1935.0,2834.5,3205.5,3109.5,3418.5,3840.0,3006.0,1204.0,1534.0,1524.0,2054.0,3472.0,4119.0,4069.0,4303.0,2689.0,1662.0,567.0,845.0,842.0,1481.0,2995.0,3428.0,4108.0,3731.0,2986.5,1833.5,673.5,995.5,813.0,1431.5,3912.0,4694.0,4627.0,4913.5,2876.0,1819.0,667.0,928.0,797.0,1351.0,3749.0,4677.0,4705.0,4850.0,2951.0,1745.0,817.0,1016.0,868.0,1503.0,3661.0,4604.0,4460.0,4873.0,2720.5,1630.5,588.5,832.0,703.5,1320.0,3530.0,4416.5,4328.5,4603.5,3106.0,2303.0,607.5,866.0,895.5,1472.0,3102.0,3650.0,3949.5,4000.5,0.0,0.0,0.0,0.0,0.0,0.0,0.0,0.0,0.0,0.0,2760.5,1958.0,513.5,713.5,748.5,1370.0,2649.0,3119.5,3362.5,3308.5,3122.0,2353.0,763.0,971.0,1093.0,1579.0,1848.0,2099.0,2127.0,2314.0,3028.0,2309.0,824.0,1016.5,1169.5,1528.0,1881.0,2055.5,2224.0,2369.0,3078.0,2437.0,853.0,1095.0,1159.0,1563.0,2170.0,2266.0,2471.0,2638.0,0.0,0.0,0.0,0.0,0.0,0.0,0.0,0.0,0.0,0.0,2649.0,1818.5,588.5,865.0,852.5,1391.5,2094.0,2286.5,2483.5,2578.0,0.0,0.0,0.0,0.0,0.0,0.0,0.0,0.0,0.0,0.0,2475.0,1549.0,490.0,792.0,899.0,1540.0,2297.0,2490.0,2760.0,2804.0,3086.0,2051.5,679.5,969.5,1034.0,1650.5,2473.5,2789.5,2956.0,3121.0,1742.0,838.0,8930.0,8746.0,8732.0,9357.0,8823.0,8653.0,8508.0,8459.0,2394.0,1564.0,532.0,801.0,724.0,1316.0,2456.0,2878.0,2995.0,3049.0,0.0,0.0,0.0,0.0,0.0,0.0,0.0,0.0,0.0,0.0,702.0,771.0,10288.0,10137.0,10166.0,10344.0,9956.0,9579.0,9983.0,9212.0,0.0,0.0,0.0,0.0,0.0,0.0,0.0,0.0,0.0,0.0,2434.0,1534.0,563.0,805.0,737.0,1275.0,2653.0,3291.0,3698.0,3388.0,2969.5,2221.5,742.5,1102.0,1343.5,1817.5,2218.5,2444.0,2716.0,2729.5,2213.5,1675.0,986.5,1174.5,1383.0,1643.0,1822.0,1951.5,2046.5,2131.5,4304.0,3843.0,4053.0,4159.0,4273.0,4735.0,4665.0,4597.0,4422.0,4497.0,"{""type"":""MultiPoint"",""coordinates"":[]}"
3608,3,2245.0,1354.0,551.0,804.0,756.0,1364.0,2371.0,2537.0,2819.0,2729.0,5069.0,4854.0,2035.0,2393.0,2796.0,3144.0,3299.0,3387.0,3610.0,3676.0,2307.0,1625.5,614.5,884.5,1181.0,1408.5,1530.5,1636.5,1729.5,1791.0,3057.0,2082.0,1011.0,1476.0,1712.0,2085.0,2190.0,2315.0,2357.0,2503.0,3374.0,2793.0,916.0,1416.0,1830.0,2129.0,2279.0,2433.0,2689.0,2603.0,4894.0,4511.0,4190.0,3905.0,3819.0,4364.0,4643.0,4878.0,5125.0,4970.0,2579.0,1557.0,972.0,1294.0,1300.0,2080.0,2576.0,2797.0,2776.0,2916.0,3754.0,2621.5,946.5,1322.5,1162.5,1886.5,3707.5,4530.5,4618.5,4740.5,1765.0,876.0,303.0,519.0,284.0,816.0,2934.0,3970.0,3869.0,3902.0,1673.0,819.0,455.0,634.0,311.0,864.0,3260.0,4593.0,4605.0,4650.0,1478.0,657.0,213.0,372.0,141.0,578.0,2968.0,4701.0,4728.0,4840.0,2629.0,1756.0,494.0,760.0,818.0,1400.0,2391.0,2660.0,2849.0,2771.0,1474.0,685.5,379.0,535.0,337.0,771.5,2947.0,4644.0,4672.5,4839.0,1447.5,635.5,409.5,691.0,380.0,1002.5,3124.0,4442.0,4539.5,4822.5,1459.0,663.0,490.0,768.0,479.0,1171.0,3118.0,4217.0,4191.0,4520.0,1917.0,1030.0,753.5,1088.5,836.5,1665.5,3490.5,4231.0,4230.0,4654.0,1922.0,1074.0,530.0,964.0,838.0,1704.0,2917.0,3316.0,3553.0,3704.0,3499.0,2339.0,1006.0,1476.0,1892.0,2657.0,3113.0,3400.0,3769.0,3798.0,4055.0,3028.0,1157.0,1586.0,2208.0,2550.0,2762.0,3034.0,3376.0,3412.0,2676.5,1861.5,931.5,1229.5,1587.5,1907.0,2184.0,2426.0,2537.0,2672.0,3464.0,2446.5,991.0,1284.5,1626.0,2008.5,2381.5,2559.5,2805.0,2838.0,2768.0,2267.0,971.0,1300.0,1563.0,1888.0,2235.0,2446.0,2612.0,2650.0,2707.0,2006.0,1500.0,1576.5,1565.0,1955.5,2535.5,2693.5,2927.5,2761.5,2783.0,1845.5,802.0,1099.0,1360.0,1733.0,2153.0,2353.0,2582.5,2596.0,768.0,441.0,579.0,630.0,729.0,926.0,1118.0,1235.0,1396.0,1337.0,1798.0,1059.0,641.0,873.0,1317.0,1667.0,1870.0,2021.0,2277.0,2332.0,2615.0,1740.0,848.5,1154.0,1636.0,1929.0,2113.5,2239.5,2516.0,2523.5,0.0,0.0,0.0,0.0,0.0,0.0,0.0,0.0,0.0,0.0,1793.0,1323.5,1916.5,1807.5,1892.0,2061.5,2063.5,2159.5,2249.5,2233.5,0.0,0.0,0.0,0.0,0.0,0.0,0.0,0.0,0.0,0.0,944.0,1021.0,10566.0,10246.0,10186.0,10352.0,10115.0,9640.0,10028.0,9248.0,1476.5,1102.5,3662.0,3724.5,3713.5,4000.5,4240.0,4335.5,4570.5,4232.0,2634.0,1670.0,452.0,803.0,782.0,1421.0,2516.0,2808.0,3061.0,2992.0,2843.0,2170.0,820.0,1201.0,1597.0,1795.0,1911.0,2004.0,2244.0,2187.0,2792.0,2014.0,766.0,1188.0,1581.0,1835.0,1912.0,2041.0,2176.0,2198.0,3495.0,2707.0,1307.0,1955.0,2520.0,2818.0,3017.0,3040.0,3113.0,3207.0,"{""type"":""MultiPoint"",""coordinates"":[]}"
3614,5,2689.0,1899.0,728.0,952.5,1293.0,1642.0,2041.5,2233.0,2529.0,2493.5,3508.0,3060.0,1166.0,1358.5,1842.0,2199.5,2471.0,2742.5,2568.5,3091.0,2512.0,1918.0,722.0,954.0,1332.0,1527.5,1598.5,1733.5,1855.0,1917.5,2806.0,2214.0,914.0,1191.5,1617.5,1823.5,1905.5,2037.5,2196.5,2223.5,5575.5,5379.5,2016.5,2622.0,3340.5,3753.5,3886.0,4030.5,4317.5,4303.5,4401.0,4051.5,1628.0,1785.0,2227.0,2673.5,2803.5,3017.5,3131.0,3270.0,0.0,0.0,0.0,0.0,0.0,0.0,0.0,0.0,0.0,0.0,4423.0,3480.0,1169.0,1660.5,1851.5,2551.5,3407.0,3678.0,3671.0,3987.0,4515.5,3579.0,1119.5,1646.5,1843.5,2514.5,3969.5,4433.0,4496.0,4727.5,2811.0,1807.5,467.0,786.5,685.5,1292.0,2950.0,3498.5,3656.0,3695.5,3019.0,1341.5,1102.5,1204.5,702.5,1365.5,5136.5,6058.0,5632.5,6036.0,2949.5,2420.5,1743.5,1855.5,2003.0,2236.5,2389.0,2460.5,2970.0,2587.0,2585.0,1131.0,351.0,526.5,245.5,882.0,4349.5,5966.5,5852.5,6415.0,2605.0,1166.0,408.5,576.5,284.5,866.0,4481.5,6495.5,6605.0,6652.5,1750.5,727.0,232.5,396.0,193.0,562.0,3259.5,4655.0,4297.5,4803.0,2348.5,969.5,310.0,473.0,242.0,735.5,4078.0,5770.5,5528.0,6016.5,2781.5,1695.0,921.0,1116.0,920.0,1519.5,4165.0,5400.5,5461.5,5693.5,2132.0,980.0,367.5,685.5,426.0,1178.5,3619.5,4439.5,4394.5,4823.5,2414.0,1446.5,487.0,804.0,785.0,1465.0,2093.0,2428.5,2609.0,2789.5,1996.0,1502.0,585.5,655.0,793.0,969.5,1073.5,1175.0,1173.5,1301.5,2582.0,2006.0,485.5,626.5,826.5,1012.0,1106.5,1247.5,1367.5,1452.0,3364.5,2606.5,858.0,1066.0,1449.0,1708.0,1828.5,1984.5,2119.5,2210.5,2633.0,2245.0,520.0,771.5,1130.0,1293.0,1420.5,1561.0,1734.0,1765.5,3323.5,2609.0,841.0,1037.5,1356.5,1579.0,1724.0,1819.5,2016.0,2029.5,340.0,254.5,223.0,187.5,187.5,224.0,213.0,245.0,252.5,246.5,3032.5,2216.0,774.0,1023.0,1278.0,1579.5,1822.5,1952.5,2162.0,2146.0,2808.0,1963.5,682.0,922.0,1130.0,1474.0,1792.0,1903.5,2078.0,2091.0,2748.5,2005.5,920.5,1034.5,1165.5,1556.0,1884.5,2100.5,1947.5,2252.0,2690.0,1849.0,755.0,963.0,1075.0,1463.5,2008.0,2177.0,2377.5,2355.5,1494.0,1092.0,827.5,879.0,1013.0,1155.0,1237.0,1312.0,1399.0,1438.5,998.5,1096.0,10429.5,10169.0,10166.0,10306.5,9958.5,9629.0,9971.0,9226.5,1815.0,1290.5,560.5,806.0,1206.0,1458.5,1612.0,1770.5,1922.0,1960.0,3216.5,2479.0,818.5,1085.0,1529.5,1834.0,2006.0,2187.5,2344.5,2422.0,2682.5,2017.5,771.0,1007.5,1370.0,1622.0,1830.0,1998.5,2230.0,2233.5,2844.5,2040.5,784.0,1063.5,1438.5,1722.0,1954.0,2093.0,2303.0,2363.0,3908.5,3216.5,1127.0,1490.0,1905.0,2351.5,2578.0,2777.5,2969.0,3039.5,"{""type"":""MultiPoint"",""coordinates"":[]}"
3617,5,3137.0,2336.0,986.0,1186.0,1509.0,1713.0,1834.0,1966.0,2223.0,2210.0,3116.0,2459.0,892.0,1133.0,1402.0,1739.0,1733.0,1874.0,2024.0,2108.0,2218.0,1524.0,670.0,787.0,978.0,1147.0,1265.0,1352.0,1499.0,1524.0,4217.0,3829.0,1269.0,1621.0,1975.0,2308.0,2445.0,2606.0,2839.0,2837.0,4407.0,4064.0,1312.0,1638.0,2041.0,2348.0,2524.0,2685.0,2841.0,2921.0,4758.0,4442.0,1390.0,1727.0,2175.0,2509.0,2666.0,2889.0,3008.0,3144.0,4880.0,4460.0,1542.0,1877.0,2310.0,2676.0,2758.0,3063.0,3212.0,3303.0,4835.0,4439.0,1459.0,1872.0,2253.0,2655.0,2966.0,3184.0,3327.0,3442.0,0.0,0.0,0.0,0.0,0.0,0.0,0.0,0.0,0.0,0.0,3003.5,2160.0,959.5,1211.0,1133.0,1610.0,2789.0,3205.0,3277.5,3338.5,2359.0,1109.0,1197.0,1184.0,731.0,1187.0,3909.0,4824.0,4667.0,4956.0,3688.0,2909.0,1101.0,1321.0,1685.0,1938.0,2025.0,2144.0,2450.0,2390.0,1648.0,700.5,326.0,412.0,217.5,559.5,2703.0,3772.5,3743.0,3950.5,2810.5,1265.5,444.0,629.0,346.0,949.5,4697.0,6392.0,6469.5,6731.0,2028.0,873.0,269.0,389.0,204.0,624.0,3459.0,5015.0,4903.0,5309.0,2187.5,1071.5,482.0,740.0,483.5,903.0,3475.5,4673.0,4507.5,4939.0,2036.0,904.0,263.0,484.5,238.0,811.5,3325.0,4230.0,4391.0,4524.0,0.0,0.0,0.0,0.0,0.0,0.0,0.0,0.0,0.0,0.0,2494.0,1632.0,419.0,746.0,799.5,1362.0,1868.0,2054.0,2291.0,2406.0,2908.0,2158.0,517.0,643.0,866.0,1069.0,1131.0,1296.0,1353.0,1516.0,2929.0,2203.0,538.0,672.5,896.5,1079.0,1168.5,1312.0,1473.0,1549.5,3071.0,2396.0,610.0,710.0,944.0,1120.0,1220.0,1385.0,1510.0,1601.0,0.0,0.0,0.0,0.0,0.0,0.0,0.0,0.0,0.0,0.0,3219.0,2325.5,802.0,965.0,1255.5,1484.5,1580.5,1755.0,1921.5,1979.5,0.0,0.0,0.0,0.0,0.0,0.0,0.0,0.0,0.0,0.0,2603.0,1672.0,786.0,997.0,1332.0,1522.0,1624.0,1782.0,1982.0,2020.0,3243.5,2311.5,1019.0,1214.5,1560.0,1806.0,1896.5,2040.5,2175.5,2300.5,0.0,0.0,0.0,0.0,0.0,0.0,0.0,0.0,0.0,0.0,3097.0,2367.0,922.0,1083.0,1350.0,1534.0,1613.0,1746.0,1942.0,1953.0,0.0,0.0,0.0,0.0,0.0,0.0,0.0,0.0,0.0,0.0,442.0,515.0,10323.0,10126.0,10152.0,10205.0,9861.0,9473.0,9820.0,9175.0,0.0,0.0,0.0,0.0,0.0,0.0,0.0,0.0,0.0,0.0,3429.0,2696.0,1029.0,1209.0,1490.0,1725.0,1858.0,2000.0,2232.0,2254.0,138.0,111.0,786.0,1199.0,1219.5,1254.5,584.0,557.5,491.5,326.5,63.0,42.0,771.0,1166.0,1176.0,1181.0,477.0,471.0,413.0,248.0,4055.0,3573.0,3946.0,4112.0,4196.0,4480.0,4164.0,4012.0,4110.0,3907.0,"{""type"":""MultiPoint"",""coordinates"":[]}"
3631,3,2995.0,2718.0,2710.0,2629.0,2740.0,2892.0,2873.0,2923.0,2983.0,3028.0,4654.0,4028.0,2009.0,2395.0,2861.0,3149.0,3234.0,3341.0,3516.0,3589.0,1065.0,713.5,924.5,1152.5,1301.0,1484.0,1287.0,1378.0,1385.5,1322.5,142.0,105.0,1230.0,1591.0,1880.0,2024.0,1502.0,1552.0,1433.0,1159.0,5137.0,4901.0,2327.0,2767.0,3242.0,3571.0,3687.0,3784.0,4043.0,4001.0,5983.0,5649.0,2591.0,3055.0,3552.0,4065.0,4191.0,4348.0,4433.0,4638.0,0.0,0.0,0.0,0.0,0.0,0.0,0.0,0.0,0.0,0.0,4234.5,3553.5,1456.0,1884.5,2017.5,2692.5,3093.0,3282.0,3306.0,3515.0,691.0,454.0,536.0,509.0,419.0,679.0,1392.0,1622.0,1410.0,1449.0,1428.5,753.5,356.0,581.5,356.0,794.0,2398.5,3279.5,3206.5,3237.5,1539.0,757.0,503.0,653.0,427.0,822.0,2774.0,4469.0,4362.0,4629.0,2043.0,1429.0,702.0,957.0,1176.0,1382.0,1448.0,1591.0,1789.0,1794.0,1299.0,578.0,367.0,471.0,278.0,646.0,2457.0,4033.0,3874.0,4205.0,1354.0,657.0,481.0,611.0,360.0,774.0,2704.0,4292.0,4340.0,4441.0,1422.5,667.0,402.5,646.0,354.5,947.0,2913.5,4065.5,4015.5,4280.5,3130.0,2272.0,1057.0,1546.0,1542.0,2375.0,4033.0,4674.0,4207.0,4965.0,1728.0,869.0,546.0,894.0,642.0,1487.0,3165.0,3846.0,3985.0,4090.0,2742.5,1771.0,2701.0,2795.5,2357.5,2853.5,3396.5,3520.5,4695.0,3707.5,2331.0,1526.0,705.5,1048.5,1195.0,1806.0,2172.0,2398.0,2490.0,2658.0,2754.5,2023.0,1952.5,1999.5,2053.5,2423.0,2544.0,2565.0,2720.5,2649.0,2517.0,1753.0,722.0,959.0,1217.0,1530.5,1750.5,1893.0,2055.5,2107.5,2715.0,1899.0,700.0,928.0,1208.0,1505.0,1717.0,1848.0,1971.0,2108.0,4793.5,4669.5,3294.0,3425.5,3644.5,3877.0,3853.5,3891.0,4324.0,4051.5,2685.5,1903.5,729.0,958.5,1266.0,1497.0,1700.5,1835.5,2061.5,2080.0,1298.0,874.0,615.0,777.0,1105.0,1293.0,1347.0,1479.0,1702.0,1687.0,1404.5,911.5,567.5,813.5,1179.0,1333.0,1413.0,1528.5,1761.0,1732.0,2311.0,1579.0,805.0,1100.0,1494.0,1705.0,1793.0,1851.0,2028.0,2050.0,2996.0,2547.0,3931.0,3522.0,3007.0,3361.0,3362.0,3583.0,3670.0,3596.0,652.5,416.5,722.0,879.5,1092.0,1236.0,1160.0,1225.5,1324.5,1236.0,0.0,0.0,0.0,0.0,0.0,0.0,0.0,0.0,0.0,0.0,982.0,1075.0,10430.0,10110.0,10092.0,10172.0,9789.0,9460.0,9832.0,9147.0,1247.5,884.0,2195.0,2355.0,2536.5,2678.0,2685.0,2718.0,2878.5,2660.5,2405.0,1691.0,941.0,1209.0,1381.0,1703.0,1821.0,1911.0,2094.0,2075.0,1425.0,999.5,982.0,1229.5,1380.0,1619.5,1563.5,1652.5,1727.5,1647.5,2487.0,1806.0,990.0,1271.0,1479.0,1779.0,1876.0,1994.0,2139.0,2148.0,4533.5,4278.5,2578.5,2999.5,3411.0,3715.5,3719.5,3799.5,3927.5,3910.5,"{""type"":""MultiPoint"",""coordinates"":[]}"
3649,5,1214.0,762.0,523.0,709.0,886.0,1211.0,1455.0,1635.0,1825.0,1791.0,2706.0,1857.0,775.0,1057.0,1305.0,1712.0,1965.0,2163.0,2361.0,2451.0,1151.0,679.5,445.0,645.5,833.5,1197.0,1316.0,1518.0,1631.0,1692.0,2095.0,1515.0,617.0,795.0,942.0,1261.5,1419.5,1635.0,1742.5,1812.0,2968.0,2256.0,651.0,902.0,1072.0,1407.0,1627.0,1800.0,1977.0,2007.0,4410.5,3677.0,1713.5,1961.0,2434.0,2755.0,2945.0,3214.5,3343.0,3458.5,0.0,0.0,0.0,0.0,0.0,0.0,0.0,0.0,0.0,0.0,3889.0,3231.0,1571.0,1826.0,2100.0,2559.0,2786.0,2938.0,2914.0,3195.0,5338.0,4855.0,1935.0,2509.0,3037.0,3526.0,4068.0,4309.0,4581.0,4576.0,4379.5,3349.0,1262.5,1637.0,1758.5,2425.5,3739.0,4219.5,4195.5,4572.0,3972.0,2772.5,1006.0,1378.5,1295.5,2030.0,3907.0,4536.5,4567.5,4847.5,2357.0,1700.0,678.0,926.0,1147.0,1448.0,1735.0,1881.0,2113.0,2088.0,3112.0,1771.0,405.0,762.0,450.0,1271.0,4089.0,5177.0,5005.0,5432.0,2862.0,1387.0,418.0,637.0,316.0,980.0,4476.0,6126.0,6191.0,6410.0,2193.5,971.0,345.5,505.5,280.5,702.5,3852.0,5400.0,5396.0,5753.0,2502.5,1081.0,252.5,445.0,219.5,751.0,4188.5,5844.0,5700.0,6215.5,2219.0,942.0,192.0,400.0,192.0,657.0,3851.0,5421.0,5606.0,5794.0,2097.5,868.0,242.0,428.0,223.5,669.5,3745.5,5170.0,5211.0,5543.0,2183.0,951.0,300.0,541.0,270.0,893.0,3767.0,4782.0,5001.0,5045.0,2170.0,986.5,374.0,816.5,391.0,1399.5,3842.5,4463.5,4554.5,4847.5,2327.0,1342.0,438.0,923.0,789.0,1733.0,2577.0,2913.0,3210.0,3495.0,3706.0,2802.0,626.0,919.0,1453.0,1701.0,1860.0,2064.0,2355.0,2496.0,4620.0,4084.0,4076.0,4034.0,3982.5,4252.5,4276.5,4238.0,4777.5,4214.5,3498.0,2590.0,740.0,958.0,1347.0,1517.0,1648.0,1779.0,2035.0,2054.0,2053.0,1370.0,572.0,759.0,1107.0,1304.0,1372.0,1542.0,1698.0,1759.0,2057.0,1417.5,512.0,728.5,1067.0,1231.0,1332.0,1451.5,1676.0,1664.5,2498.0,1937.5,663.5,908.0,1214.0,1448.5,1550.0,1666.5,1843.0,1883.0,0.0,0.0,0.0,0.0,0.0,0.0,0.0,0.0,0.0,0.0,1961.5,1422.0,928.5,1064.0,1239.5,1455.5,1540.5,1628.0,1843.5,1792.5,0.0,0.0,0.0,0.0,0.0,0.0,0.0,0.0,0.0,0.0,1007.0,1088.0,10650.0,10346.0,10248.0,10415.0,9985.0,9675.0,10056.0,9343.0,820.0,522.0,2599.5,2753.0,2920.0,3294.5,3294.5,3338.5,3515.0,3371.5,1310.5,773.0,420.5,633.5,809.0,1128.5,1442.0,1610.5,1801.0,1797.0,1587.0,935.0,574.0,830.0,883.0,1378.0,1884.0,2080.0,2305.0,2237.0,1222.0,735.0,439.0,683.0,701.0,1209.0,1746.0,1913.0,2095.0,2077.0,2114.0,1577.5,959.0,1148.0,1135.0,1712.5,2107.0,2276.5,2395.5,2501.5,"{""type"":""MultiPoint"",""coordinates"":[]}"
3672,5,2850.5,2186.0,726.0,996.0,1319.0,1603.5,1731.5,1923.0,2165.0,2129.5,3940.5,3203.0,910.5,1385.5,1478.0,2242.0,2529.0,2747.5,2928.0,2929.0,3234.5,2539.5,908.0,1205.0,1646.0,1907.0,2010.0,2196.5,2410.5,2444.5,3850.0,3273.0,1414.5,1748.5,2152.0,2506.5,2618.0,2769.0,2982.0,2969.0,5377.5,5004.0,2078.5,2709.5,3359.0,3804.0,3935.5,4152.5,4297.0,4347.5,7396.5,7155.5,2707.0,3441.0,4154.5,4939.0,5340.0,5725.5,5677.5,6057.0,3487.5,2676.0,3245.0,3078.0,2789.0,3183.5,3686.5,3889.0,4198.0,3995.0,4468.5,3200.5,1079.0,1651.5,1549.0,2522.5,4627.0,5212.5,5224.5,5564.0,3977.0,2723.5,785.0,1298.5,1238.0,2082.0,4400.5,5076.0,5346.5,5424.5,3166.5,1616.0,453.0,680.5,408.5,1100.0,4667.0,5846.0,5937.5,6159.0,2806.5,1464.5,901.5,1023.0,767.5,1293.0,4233.0,5644.5,5459.0,5918.0,2957.0,2360.0,756.0,1045.5,1352.0,1680.5,1813.5,1961.0,2182.0,2233.5,2527.5,1058.0,435.5,586.5,331.0,840.5,4324.0,6009.0,5877.5,6503.5,2424.0,1050.0,544.0,622.0,364.5,869.5,3960.5,5260.0,5320.5,5657.5,2153.5,926.0,298.0,471.0,229.0,774.5,3669.0,5122.5,5051.5,5547.0,2325.0,1014.0,363.5,611.0,324.0,950.5,4006.0,5140.5,5038.0,5505.5,2123.5,972.0,266.0,574.5,306.5,1013.5,3489.0,4284.0,4485.0,4657.5,2085.5,1054.5,358.5,710.0,443.0,1266.5,3187.0,3847.5,3939.5,4285.0,2334.5,1448.5,388.0,792.0,597.0,1507.0,2504.0,2858.5,2991.5,3291.0,1984.0,1273.0,501.0,660.5,669.0,1076.0,1362.0,1553.5,1635.0,1843.5,2815.5,2031.0,398.0,586.0,848.0,1129.0,1322.0,1506.5,1718.0,1852.0,2727.5,1934.5,426.0,597.0,824.0,1074.0,1249.5,1435.5,1584.5,1694.0,2687.0,2047.0,1863.5,1917.0,2038.5,2229.0,2297.0,2368.0,2528.0,2516.0,3104.5,2409.0,797.5,1067.0,1461.0,1723.5,1850.0,2047.5,2225.0,2291.0,2882.5,2089.5,838.5,1061.0,1443.0,1725.5,1850.0,2041.5,2240.0,2297.0,3083.0,2377.0,736.5,1065.0,1399.5,1723.0,1876.0,2027.0,2294.5,2246.5,3238.5,2537.0,767.5,1133.5,1416.0,1795.5,1944.5,2098.5,2291.0,2333.5,1729.0,1265.0,1452.5,1309.5,1417.5,1616.0,1607.0,1621.5,1696.0,1603.0,3020.5,2290.5,776.5,1073.0,1287.5,1717.0,1871.0,2013.5,2261.5,2255.5,0.0,0.0,0.0,0.0,0.0,0.0,0.0,0.0,0.0,0.0,607.0,658.5,11837.0,11295.5,10962.0,10993.0,10532.5,9965.0,10233.0,9387.5,188.5,164.5,8659.0,8795.0,8981.0,9184.5,8725.0,8274.0,8436.0,7728.0,2848.0,2082.0,772.5,1098.5,1426.0,1770.5,1943.5,2071.5,2317.0,2307.5,3193.5,2463.0,877.5,1231.5,1482.0,1884.0,2092.5,2236.5,2513.0,2456.0,3088.0,2304.0,787.5,1154.5,1403.0,1851.0,2041.0,2181.0,2426.5,2422.0,3283.5,2525.5,853.5,1232.5,1433.0,1953.5,2106.0,2282.5,2458.5,2486.5,"{""type"":""MultiPoint"",""coordinates"":[]}"
3678,3,3095.5,2701.0,2126.0,2182.5,2349.5,2546.0,2560.0,2649.0,2894.5,2757.0,5411.0,5375.0,2040.0,2553.0,3052.0,3444.0,3510.0,3710.0,3880.0,3919.0,890.5,610.5,926.5,1280.5,1572.5,1782.5,1451.5,1522.0,1503.0,1349.5,2076.5,1417.0,1152.0,1297.5,1397.5,1626.5,1683.5,1794.5,1776.0,1873.5,5303.0,4828.0,2271.0,2851.0,3346.0,3784.0,3844.0,4037.0,4248.0,4286.0,5397.0,5097.0,2139.5,2682.0,3026.5,3561.0,3833.0,3965.0,4112.5,4186.0,0.0,0.0,0.0,0.0,0.0,0.0,0.0,0.0,0.0,0.0,1650.5,946.0,434.5,654.0,394.0,889.5,2527.0,3197.0,3044.0,3130.0,1971.0,1016.5,344.5,528.0,267.0,712.0,3126.0,4685.0,4662.5,4806.0,1713.0,763.0,348.0,467.0,236.0,571.0,2937.0,5209.0,5292.0,5481.0,1631.0,677.0,461.0,537.5,325.5,647.0,2938.5,5319.5,5364.5,5696.5,2213.0,1607.0,900.0,1056.0,1288.0,1547.0,1617.0,1741.0,1849.0,1940.0,1500.0,633.0,393.0,454.0,245.0,562.0,2825.0,5139.0,5056.0,5447.0,960.5,408.5,374.0,560.0,282.5,749.5,2536.0,3949.0,3939.5,4061.5,3239.0,2343.0,2883.0,2846.0,2486.0,3116.0,4795.0,5934.5,5984.5,6083.5,3280.5,2332.5,2198.0,2295.0,2026.0,2694.0,4528.0,5641.0,5616.5,5913.5,1583.0,791.0,419.0,719.0,529.0,1171.0,2935.0,3866.0,4109.0,4225.0,1579.5,880.5,381.0,537.0,626.0,1016.0,1554.0,1848.0,1977.0,2229.0,2933.5,2003.5,630.5,845.5,1089.0,1468.5,1861.5,2098.5,2242.5,2420.5,4135.5,3297.5,2572.5,2766.5,2985.5,3423.0,3598.5,3715.5,3665.0,3882.0,2494.5,1622.0,516.0,721.5,888.5,1229.5,1682.5,1916.5,2074.5,2172.0,2641.5,1737.5,551.5,768.5,952.5,1314.0,1793.0,2035.0,2208.5,2347.5,2901.0,2386.0,1071.0,1376.0,1685.0,1966.5,2089.5,2224.0,2406.5,2411.5,2510.0,1623.0,504.0,671.0,876.0,1177.0,1571.0,1761.0,1981.0,2088.0,2682.0,2620.0,2146.0,2061.0,2142.0,2341.0,2302.0,2367.0,2495.0,2438.0,2427.0,1552.0,542.0,778.5,1193.5,1432.5,1588.0,1721.5,1973.5,2058.5,2711.0,1766.0,631.5,883.0,1329.5,1588.5,1686.0,1860.5,2082.0,2175.0,3334.0,2315.0,945.0,1207.0,1717.0,2044.0,2133.0,2293.0,2422.0,2590.0,2935.0,2097.0,973.0,1200.0,1644.0,1919.0,2030.0,2161.0,2380.0,2405.0,1404.5,1218.5,890.0,949.0,1051.0,1158.0,1192.0,1226.5,1366.5,1328.5,1074.0,1180.0,10036.0,9868.0,9966.0,10244.0,9899.0,9520.0,9866.0,9170.0,1283.5,962.0,1111.5,1325.0,1572.5,1857.0,1816.5,1937.5,2012.5,2008.0,2673.0,2186.0,834.0,1082.0,1346.0,1588.0,1702.0,1749.0,1981.0,1953.0,2773.0,2209.0,998.0,1287.5,1548.5,1797.0,1904.5,2023.0,2193.0,2175.0,2890.0,2351.0,997.0,1318.0,1594.0,1855.0,1961.0,2065.0,2211.0,2240.0,2578.0,2287.0,1395.0,1511.0,1670.0,1852.0,1870.0,1887.0,2051.0,1974.0,"{""type"":""MultiPoint"",""coordinates"":[]}"
3681,1,2194.0,1460.0,526.0,801.0,941.0,1412.0,2094.0,2244.0,2501.0,2464.0,4483.0,3806.0,1628.0,2198.0,2787.0,3230.0,3507.0,3650.0,3637.0,3879.0,3358.0,2531.0,856.0,1181.0,1633.0,1922.0,2044.0,2240.0,2447.0,2494.0,3365.0,2524.0,881.0,1245.0,1507.0,1989.0,2195.0,2365.0,2577.0,2621.0,4909.0,4118.0,1377.0,1991.0,2152.0,2814.0,3402.0,3644.0,3841.0,3980.0,5282.0,4369.0,1467.0,2029.0,2352.0,2947.0,4085.0,4512.0,4731.0,4806.0,0.0,0.0,0.0,0.0,0.0,0.0,0.0,0.0,0.0,0.0,2034.0,917.0,215.0,460.0,181.0,574.0,3323.0,4914.0,4959.0,4985.0,2066.0,986.0,956.0,989.0,683.0,992.0,3258.0,5361.0,5273.0,5687.0,1830.5,775.0,281.0,457.5,244.0,596.5,3081.5,4977.5,4986.5,5277.5,1876.0,788.0,383.0,506.0,299.0,597.0,2932.0,4931.0,5003.0,5200.0,2312.0,1607.0,584.0,850.0,1023.0,1520.0,2169.0,2349.0,2595.0,2563.0,1865.5,781.0,360.5,514.5,315.0,645.0,3006.5,4845.5,4742.5,5244.5,2542.0,1992.0,1063.5,1294.0,1199.0,1753.0,3455.0,4521.0,4066.5,4858.0,2436.0,1308.0,474.0,698.0,611.0,1156.0,2538.0,3360.0,3400.0,3820.0,4332.5,3363.0,2827.0,2971.0,3096.5,3602.0,4010.5,4261.5,4034.0,4487.0,3060.5,2337.5,425.0,595.0,835.0,1084.0,1237.0,1409.0,1563.0,1699.0,0.0,0.0,0.0,0.0,0.0,0.0,0.0,0.0,0.0,0.0,3608.5,2623.5,665.5,903.0,1370.5,1678.0,1813.0,2001.5,2201.0,2355.5,3853.0,2669.0,917.0,1239.0,1736.0,2070.0,2253.0,2420.0,2544.0,2728.0,3747.5,2607.0,821.0,1177.5,1533.5,1964.5,2311.0,2489.5,2719.0,2786.0,3492.5,2558.5,837.0,1278.0,1452.5,1970.0,2594.5,2815.0,2993.5,3107.0,0.0,0.0,0.0,0.0,0.0,0.0,0.0,0.0,0.0,0.0,3030.0,1940.0,602.0,986.0,1108.0,1767.0,2430.0,2689.0,2919.0,3014.0,0.0,0.0,0.0,0.0,0.0,0.0,0.0,0.0,0.0,0.0,2528.0,1606.0,541.0,899.0,1088.0,1713.0,2512.0,2700.0,3014.0,3069.0,2938.5,1908.5,694.5,1017.0,1142.0,1816.5,2689.0,2941.0,3103.0,3227.5,0.0,0.0,0.0,0.0,0.0,0.0,0.0,0.0,0.0,0.0,2770.0,1793.0,582.0,920.0,976.0,1626.0,2635.0,2889.0,3216.0,3168.0,0.0,0.0,0.0,0.0,0.0,0.0,0.0,0.0,0.0,0.0,620.0,658.0,10478.0,10204.0,10102.0,10225.0,9843.0,9401.0,9798.0,9043.0,0.0,0.0,0.0,0.0,0.0,0.0,0.0,0.0,0.0,0.0,2404.0,1579.0,496.0,812.0,965.0,1587.0,2435.0,2718.0,2961.0,2940.0,2587.0,1708.5,635.0,1020.0,1103.0,1803.0,2437.5,2669.0,2926.5,2946.0,2792.0,2155.0,1114.5,1558.5,1743.0,2189.0,2424.0,2556.5,2576.0,2789.5,0.0,0.0,0.0,0.0,0.0,0.0,0.0,0.0,0.0,0.0,"{""type"":""MultiPoint"",""coordinates"":[]}"
3688,5,2131.0,1346.0,944.0,1236.0,1687.0,1981.0,2219.0,2331.0,2642.0,2636.0,4622.5,3644.0,1586.0,2133.0,2556.5,3151.0,3524.5,3741.5,3982.0,4027.5,1590.5,906.0,610.0,879.0,1098.5,1509.5,1803.5,1974.0,1899.5,2155.0,3508.0,2485.0,1085.0,1508.0,1779.0,2382.0,2749.0,2907.0,3093.0,3119.0,3660.0,2653.0,1068.0,1523.0,1836.0,2386.0,2744.0,2958.0,3173.0,3201.0,0.0,0.0,0.0,0.0,0.0,0.0,0.0,0.0,0.0,0.0,2631.5,1751.0,920.0,1150.0,1446.5,1703.0,1768.5,1923.5,1946.0,2106.0,5963.0,5398.0,1927.5,2623.0,3065.5,3667.5,4090.5,4373.0,4487.0,4681.5,2636.0,2550.0,787.0,1012.0,1089.0,1422.0,1973.0,2413.0,1889.0,2512.0,4763.0,3850.5,1385.5,1940.0,2207.5,2655.5,3965.0,4511.0,4580.0,4778.0,2321.0,1197.0,1061.0,1263.0,1072.0,1681.0,3378.0,4236.0,4173.0,4417.0,4033.0,2956.0,1320.0,1681.0,2207.0,2593.0,2729.0,2935.0,3160.0,3213.0,2780.0,1366.0,374.0,671.0,358.0,1068.0,4172.0,5462.0,5302.0,5707.0,2383.5,1115.5,316.5,561.0,243.5,808.5,4087.5,5840.0,5921.5,6084.5,2507.5,1068.5,371.5,502.0,255.5,727.0,4303.5,6404.0,6284.5,6753.5,2349.0,1034.0,320.0,434.0,285.0,665.0,3859.0,5719.0,5494.0,5986.0,1984.0,864.0,212.0,452.0,209.0,711.0,3589.0,4917.0,4875.0,5188.0,1145.5,517.5,324.0,440.0,237.0,621.0,2275.5,2888.5,2888.5,3081.0,2092.0,1086.5,410.5,801.5,599.0,1484.5,2613.5,2928.5,3125.5,3229.0,1981.0,1399.5,419.0,510.0,666.5,802.5,899.0,954.5,1013.5,1150.0,2565.5,1994.5,469.0,558.0,734.0,876.5,969.0,1083.0,1188.5,1263.5,3485.5,2616.0,789.0,973.5,1304.5,1518.5,1600.5,1773.5,1933.0,1989.0,3159.0,2393.5,1587.0,1735.0,2020.0,2244.5,2350.0,2459.0,2806.0,2626.5,3390.0,2624.0,847.0,1015.5,1267.0,1464.5,1611.0,1728.5,1916.5,1921.0,0.0,0.0,0.0,0.0,0.0,0.0,0.0,0.0,0.0,0.0,2468.0,1658.0,623.0,794.0,974.0,1190.0,1496.0,1621.0,1819.0,1860.0,2963.5,2125.5,701.5,957.5,1050.0,1384.5,1832.0,1984.5,2156.0,2181.0,0.0,0.0,0.0,0.0,0.0,0.0,0.0,0.0,0.0,0.0,2706.0,1799.0,625.0,865.0,801.0,1250.0,2108.0,2406.0,2487.0,2557.0,0.0,0.0,0.0,0.0,0.0,0.0,0.0,0.0,0.0,0.0,925.0,1015.0,10834.0,10544.0,10408.0,10520.0,10157.0,9767.0,10238.0,9356.0,903.0,662.0,2227.0,2374.0,2621.5,2823.5,2746.5,2918.0,2856.0,2908.0,3241.0,2296.0,1003.0,1441.0,1958.0,2429.0,2505.0,2593.0,2695.0,2692.0,3852.0,2860.0,1209.0,1646.0,2080.0,2512.0,2768.0,3028.0,3266.0,3216.0,2483.0,1653.0,836.0,1217.0,1552.0,2022.0,2334.0,2442.0,2710.0,2754.0,3055.0,2744.0,1197.0,1654.0,2030.0,2557.0,2839.0,3002.0,3276.0,3242.0,"{""type"":""MultiPoint"",""coordinates"":[]}"
3694,2,2136.0,1560.5,530.0,691.0,958.5,1148.0,1300.0,1475.0,1659.5,1668.5,4073.0,3765.5,1064.0,1423.5,1894.5,2219.0,2378.0,2610.0,2804.0,2815.0,2347.5,1667.5,626.0,824.0,1079.0,1310.5,1527.5,1697.5,1844.0,1907.0,980.5,718.5,602.5,554.5,552.0,617.5,622.5,634.0,829.0,664.0,0.0,0.0,0.0,0.0,0.0,0.0,0.0,0.0,0.0,0.0,4801.5,4377.0,1336.0,1732.5,2330.0,2686.0,2777.0,3068.5,3238.0,3344.0,0.0,0.0,0.0,0.0,0.0,0.0,0.0,0.0,0.0,0.0,0.0,0.0,0.0,0.0,0.0,0.0,0.0,0.0,0.0,0.0,4638.5,3976.0,1268.0,1716.5,2193.5,2620.5,3178.5,3451.0,3363.0,3686.0,4055.5,3237.5,1157.5,1496.0,1654.0,2243.5,3091.0,3422.5,3521.5,3842.0,3714.0,2769.0,763.5,1131.0,1174.0,1748.0,3116.0,3648.0,3743.5,3909.0,3355.0,2982.0,851.0,1152.0,1527.0,1730.5,2004.0,2114.5,2373.0,2314.5,3038.0,1812.0,589.0,927.0,744.0,1437.5,3655.0,4406.0,4189.5,4544.0,2998.5,1905.5,676.5,933.5,822.5,1466.5,3917.5,4598.0,4657.0,4657.5,0.0,0.0,0.0,0.0,0.0,0.0,0.0,0.0,0.0,0.0,2803.0,1773.0,571.0,791.0,687.5,1468.0,3685.0,4533.0,4533.0,4724.5,2826.5,1869.0,570.0,824.5,842.5,1502.0,3317.5,4051.5,4127.0,4252.0,0.0,0.0,0.0,0.0,0.0,0.0,0.0,0.0,0.0,0.0,2874.0,1958.5,698.5,873.5,1051.5,1591.5,2751.5,3117.5,3269.0,3506.0,3059.5,2286.5,896.0,1040.0,1274.0,1595.5,1979.5,2148.0,2145.5,2394.5,3086.0,2380.5,911.5,1105.0,1416.0,1710.5,1815.0,1992.5,2231.5,2299.5,3641.0,3082.0,1061.5,1266.5,1590.5,1962.0,2124.5,2274.5,2470.5,2625.5,0.0,0.0,0.0,0.0,0.0,0.0,0.0,0.0,0.0,0.0,3612.5,2837.0,895.5,1284.0,1674.5,1950.0,2233.0,2374.5,2668.0,2681.5,1972.0,1627.0,1170.5,1184.5,1290.0,1492.0,1705.5,1852.0,1813.5,2119.5,2162.5,1378.0,457.0,715.0,1012.5,1231.0,1508.5,1655.5,1870.0,1953.0,2043.5,1312.5,445.0,673.0,920.5,1192.0,1495.0,1657.0,1833.5,1919.0,0.0,0.0,0.0,0.0,0.0,0.0,0.0,0.0,0.0,0.0,2378.0,1701.5,565.0,782.5,992.5,1239.5,1651.5,1852.0,2010.0,2091.5,0.0,0.0,0.0,0.0,0.0,0.0,0.0,0.0,0.0,0.0,1081.0,1124.5,10299.0,9900.5,9904.5,10014.5,9724.0,9489.5,9856.0,9182.0,0.0,0.0,0.0,0.0,0.0,0.0,0.0,0.0,0.0,0.0,2699.5,2240.5,875.5,1056.5,1285.5,1558.5,1692.0,1819.5,1958.0,2021.0,0.0,0.0,0.0,0.0,0.0,0.0,0.0,0.0,0.0,0.0,2318.0,1611.5,580.5,826.0,1099.5,1415.5,1704.5,1904.0,2088.0,2159.5,3531.5,2861.0,1095.5,1454.0,1803.0,2246.5,2577.5,2755.5,2962.0,3087.5,"{""type"":""MultiPoint"",""coordinates"":[]}"
3697,5,1862.0,1322.0,557.0,698.0,933.0,1054.0,1149.0,1241.0,1417.0,1415.0,3421.0,2836.0,978.0,1224.0,1573.0,1799.0,1892.0,2004.0,2241.0,2275.0,2563.5,1863.0,755.5,902.0,1160.5,1339.0,1448.0,1592.0,1739.0,1780.0,3033.0,2341.0,894.0,1071.0,1356.0,1553.0,1677.0,1844.0,2029.0,2072.0,0.0,0.0,0.0,0.0,0.0,0.0,0.0,0.0,0.0,0.0,3725.5,3098.5,1301.0,1428.0,1754.0,1989.5,2151.5,2334.5,2665.5,2575.0,0.0,0.0,0.0,0.0,0.0,0.0,0.0,0.0,0.0,0.0,4011.0,3540.0,1297.0,1603.0,2017.0,2298.0,2349.0,2524.0,2654.0,2761.0,3266.0,2458.0,1236.0,1536.0,1830.0,2115.0,2284.0,2381.0,2450.0,2555.0,3570.0,2813.0,1330.0,1511.0,1642.0,2042.0,2712.0,2997.0,3354.0,3154.0,3494.0,2436.0,1271.0,1615.0,1598.0,2099.0,3292.0,3710.0,3615.0,3956.0,2300.0,1859.0,613.0,752.0,1013.0,1177.0,1259.0,1359.0,1521.0,1531.0,1693.0,850.5,436.0,574.0,358.5,725.0,2386.0,2970.0,2783.0,3095.0,2448.0,1234.0,398.0,614.0,374.0,880.0,3607.0,4562.0,4601.0,4753.0,2128.0,1018.0,398.0,558.0,321.0,777.0,3374.0,4623.0,4445.0,4820.0,2690.0,1559.5,962.0,1189.0,915.0,1386.5,4075.0,5338.5,5119.0,5555.5,1987.0,892.5,280.5,497.0,256.0,748.0,3534.5,4659.5,4797.5,4882.0,0.0,0.0,0.0,0.0,0.0,0.0,0.0,0.0,0.0,0.0,2444.5,1360.0,500.5,1114.5,979.5,1985.0,3243.0,3697.0,3844.5,4049.5,2904.0,2117.0,581.5,776.5,956.5,1280.0,1539.5,1692.0,1772.5,1979.0,2837.5,2060.5,553.5,754.5,980.0,1266.5,1537.0,1726.5,1843.0,1956.5,3916.0,2890.0,1038.0,1310.0,1824.0,2139.0,2284.0,2551.0,2704.0,2852.0,0.0,0.0,0.0,0.0,0.0,0.0,0.0,0.0,0.0,0.0,3568.0,2708.5,1049.0,1268.5,1629.5,1910.5,2045.0,2186.0,2302.5,2434.5,0.0,0.0,0.0,0.0,0.0,0.0,0.0,0.0,0.0,0.0,2636.0,1732.0,820.0,1003.0,1328.0,1565.0,1747.0,1853.0,2045.0,2105.0,3689.0,2640.0,1118.0,1317.0,1672.5,2010.5,2228.0,2395.5,2558.0,2660.5,0.0,0.0,0.0,0.0,0.0,0.0,0.0,0.0,0.0,0.0,2832.0,2097.0,831.0,1014.0,1209.0,1475.0,1788.0,1958.0,2145.0,2122.0,0.0,0.0,0.0,0.0,0.0,0.0,0.0,0.0,0.0,0.0,986.0,1040.0,10802.0,10430.0,10326.0,10465.0,10119.0,9794.0,10142.0,9380.0,0.0,0.0,0.0,0.0,0.0,0.0,0.0,0.0,0.0,0.0,2477.0,1964.0,688.0,850.0,1095.0,1262.0,1352.0,1474.0,1673.0,1674.0,2965.0,2362.5,816.0,1026.5,1316.5,1505.0,1627.5,1768.0,1947.0,1958.0,2584.0,1800.0,976.5,1125.0,1388.5,1611.5,1735.5,1880.5,2036.0,2117.0,4997.0,4516.0,3833.0,4149.0,4282.0,4610.0,4607.0,4632.0,4151.0,4724.0,"{""type"":""MultiPoint"",""coordinates"":[]}"
3700,5,2556.5,1771.5,591.5,937.5,1286.5,1563.0,1758.0,1900.0,2142.0,2115.5,2620.0,1581.0,679.0,1179.0,953.0,1796.0,3610.0,3994.0,4239.0,4244.0,2316.0,1287.0,833.0,1273.0,987.0,1841.0,3799.0,4272.0,4459.0,4410.0,2820.0,1990.5,519.0,735.0,981.5,1339.5,1558.0,1800.0,1992.5,2130.0,2725.0,1871.0,443.0,694.0,942.0,1248.0,1506.0,1683.0,1890.0,1997.0,2399.0,1770.0,745.0,764.0,853.0,1101.0,1338.0,1502.0,1617.0,1679.0,3390.0,2525.0,978.0,1437.0,1988.0,2266.0,2347.0,2550.0,2574.0,2676.0,4566.5,3931.5,1498.0,2230.5,2773.0,3236.5,3423.5,3594.0,3664.0,3768.0,5029.0,4384.0,1513.0,2319.0,2809.0,3408.0,4014.0,4232.0,4409.0,4409.0,4578.0,3396.0,1040.0,1613.0,1769.0,2515.0,4235.0,4650.0,4662.0,4876.0,3035.0,1704.0,705.0,1031.0,867.0,1525.0,3820.0,4493.0,4358.0,4693.0,3029.0,2358.0,716.0,1044.0,1388.0,1705.0,1926.0,2055.0,2235.0,2223.0,2763.0,1417.0,277.0,567.0,335.0,1012.0,4262.0,5388.0,5389.0,5841.0,2082.0,948.5,321.0,490.0,274.0,730.5,3534.5,4859.5,4887.0,5064.5,2093.5,997.5,302.0,470.5,302.5,755.0,3207.5,4450.0,4362.5,4753.5,2942.5,1942.5,1651.5,1727.0,1593.0,2069.5,3591.0,4211.5,4088.0,4406.0,2302.0,1229.0,310.0,583.0,415.0,918.0,2959.0,3723.0,3882.0,4004.0,1452.0,827.0,1473.0,1532.5,1347.0,1746.0,2595.5,2848.0,2792.5,3016.0,3324.5,2469.0,532.5,864.0,1060.0,1475.0,1711.0,1963.0,2134.5,2255.0,3312.0,2612.0,576.0,773.0,1018.0,1250.0,1386.0,1527.0,1608.0,1761.0,3256.0,2604.0,584.0,814.0,1097.0,1330.0,1482.5,1644.0,1629.5,1860.0,3454.0,2759.0,653.5,872.0,1145.5,1397.5,1577.0,1731.5,1846.5,1946.5,0.0,0.0,0.0,0.0,0.0,0.0,0.0,0.0,0.0,0.0,3454.5,2532.0,750.0,981.5,1279.0,1541.0,1777.5,1952.5,2174.0,2212.5,0.0,0.0,0.0,0.0,0.0,0.0,0.0,0.0,0.0,0.0,3009.0,2028.5,668.5,934.5,1146.5,1505.5,2032.5,2192.0,2422.0,2443.0,2997.0,2096.0,687.0,973.0,1121.0,1546.0,2387.0,2563.0,2421.0,2772.0,0.0,0.0,0.0,0.0,0.0,0.0,0.0,0.0,0.0,0.0,2863.0,1829.0,656.0,927.0,894.0,1427.0,2792.0,2977.0,3228.0,3163.0,0.0,0.0,0.0,0.0,0.0,0.0,0.0,0.0,0.0,0.0,820.0,881.0,10374.0,10056.0,9962.0,10052.0,9730.0,9276.0,9682.0,8929.0,1354.5,925.5,4511.0,4637.0,4748.5,5144.0,5057.5,4886.5,5064.5,4794.0,3142.0,2244.0,633.0,1028.0,1245.0,1745.0,2313.0,2509.0,2770.0,2739.0,3030.0,2024.0,647.0,1042.0,1059.0,1672.0,2711.0,2979.0,3310.0,3156.0,2478.0,1496.0,397.0,854.0,706.0,1474.0,2788.0,3138.0,3395.0,3258.0,2243.0,1322.0,390.0,794.5,619.0,1403.0,2892.5,3250.5,3466.0,3375.0,"{""type"":""MultiPoint"",""coordinates"":[]}"
3715,5,2222.5,1268.5,504.0,974.0,820.5,1691.0,2792.5,2999.0,3246.5,3168.5,3091.5,2386.5,1217.0,1414.0,1576.5,1832.5,1972.5,2050.0,2358.5,2250.5,2856.0,2118.0,738.0,982.0,1260.0,1525.0,1636.0,1774.0,1936.0,1987.0,4199.0,3718.0,1032.0,1382.0,1824.0,2057.0,2175.0,2330.0,2446.0,2570.0,3641.5,3136.0,805.5,1138.0,1536.5,1817.0,1956.5,2135.5,2240.0,2394.5,6060.0,5735.5,1744.0,2309.5,2876.0,3381.5,3570.0,3873.5,4103.0,4185.5,3826.0,3336.0,4233.0,3903.0,3540.0,3742.0,3687.0,3501.0,4352.0,3626.0,3004.5,2186.5,665.5,975.5,1186.0,1539.5,1674.5,1833.0,1878.5,2062.5,2759.0,2057.0,617.0,861.0,1206.0,1395.0,1512.0,1650.0,1794.0,1866.0,5150.0,4821.0,1363.0,1855.0,2330.0,2766.0,3133.0,3298.0,3310.0,3606.0,4286.0,3171.0,1020.0,1418.5,1517.0,2110.0,3267.5,3636.5,3668.0,3959.0,2705.0,1687.0,589.0,1016.0,959.0,1758.0,2695.0,2847.0,3115.0,3104.0,3295.5,2074.5,508.5,805.0,672.0,1268.5,3640.0,4402.0,4327.0,4705.0,2667.5,1606.0,716.0,812.5,602.5,1100.5,3351.5,4239.0,4332.5,4417.5,2697.0,1550.0,508.0,728.0,709.0,1130.0,2815.0,3638.0,3631.0,3917.0,2445.0,1111.0,425.5,575.5,339.5,841.5,3549.0,4697.0,4524.5,4899.5,2282.5,1047.0,306.5,533.5,289.5,845.0,3570.5,4477.5,4611.5,4701.5,2222.0,987.0,329.0,600.0,302.5,964.5,3527.5,4323.0,4330.5,4622.0,2352.5,1110.0,370.0,822.0,455.5,1451.0,3355.5,3850.0,4039.5,4166.5,3226.0,2463.0,738.0,906.0,1119.0,1466.0,1665.0,1878.0,1984.0,2217.0,2431.0,1718.0,557.0,772.0,963.0,1236.0,1443.5,1578.5,1538.5,1757.0,2953.0,2136.0,632.5,862.0,1016.5,1335.5,1757.0,1899.0,2078.5,2118.0,2532.5,1520.5,718.5,1100.0,999.5,1789.0,2675.5,2840.0,3166.0,3012.0,2955.0,1936.5,649.5,1039.0,1046.5,1613.0,2366.5,2523.5,2771.0,2746.0,2817.0,1780.0,605.0,1013.0,874.0,1599.0,2566.0,2724.0,2876.0,2883.0,2575.0,1500.5,489.0,989.5,753.5,1569.5,2777.5,2904.5,3216.0,3078.0,2581.0,1552.0,478.0,1016.0,746.0,1672.0,2951.0,3132.0,3303.0,3265.0,2932.0,2360.0,3684.0,3525.0,3306.0,3302.0,3148.0,2997.0,3469.0,2926.0,2131.0,1148.0,470.0,1025.0,637.0,1597.0,2989.0,3210.0,3411.0,3315.0,0.0,0.0,0.0,0.0,0.0,0.0,0.0,0.0,0.0,0.0,454.0,500.0,10622.0,10468.0,10352.0,10442.0,10101.0,9572.0,9976.0,9151.0,176.0,139.0,6062.0,6268.0,6482.0,6820.0,6692.0,6466.0,6717.0,6172.0,2639.5,1658.0,586.0,979.0,945.0,1639.5,2441.5,2653.5,2909.0,2896.5,3371.0,2344.0,769.0,1036.0,1340.0,1668.0,1890.0,2091.0,2419.0,2433.0,3138.0,2168.0,661.0,909.0,1189.0,1464.0,1606.0,1779.0,2083.0,2135.0,2333.0,1737.0,763.0,992.0,1252.0,1504.0,1600.0,1752.0,1896.0,1922.0,"{""type"":""MultiPoint"",""coordinates"":[]}"
3731,3,1372.5,1137.5,904.0,1020.0,1131.0,1382.5,1496.5,1617.0,1784.0,1764.0,2875.0,1986.0,1015.0,1388.0,1569.0,1957.0,2253.0,2375.0,2499.0,2515.0,516.0,324.5,964.5,1477.5,1781.0,2004.0,1541.5,1596.5,1538.5,1344.0,1174.5,1129.5,1627.5,1851.0,1838.5,1880.0,1540.5,1604.5,1563.5,1511.5,236.0,187.0,624.0,888.0,770.0,741.0,304.0,337.0,337.0,248.0,3860.0,2958.0,1041.0,1491.0,1663.5,2318.0,2603.5,2779.5,2859.0,2999.0,0.0,0.0,0.0,0.0,0.0,0.0,0.0,0.0,0.0,0.0,5458.5,4608.0,1323.0,1850.0,2057.0,2707.5,3125.5,3468.5,3757.5,3951.0,2847.0,2246.5,830.0,1225.5,1340.0,1879.0,2179.5,2404.5,2554.5,2636.5,1101.5,640.0,599.0,912.0,653.5,1292.0,2199.5,2430.5,2456.5,2373.0,1309.0,649.0,551.5,688.0,438.0,846.5,2259.0,2910.0,2898.0,2942.0,1016.0,608.0,378.0,615.0,779.0,1098.0,1331.0,1455.0,1718.0,1710.0,1287.0,584.0,525.0,638.0,392.0,777.0,2299.0,3458.0,3256.0,3354.0,1332.0,616.0,447.0,517.0,304.0,598.0,2372.0,3875.0,3936.0,3949.0,1228.0,521.5,296.5,376.5,201.5,487.5,2365.5,4011.0,4013.5,4213.0,1345.0,608.0,362.0,577.0,315.0,803.0,2841.0,4416.0,4315.0,4686.0,1525.0,719.0,398.0,661.0,327.0,977.0,3299.0,4599.0,4750.0,4845.0,1918.5,1100.5,694.0,1053.0,774.5,1591.0,3804.5,4868.0,4891.0,5233.5,1912.5,994.5,489.0,942.0,677.5,1668.0,3630.0,4374.5,4656.5,4799.0,2660.5,2114.5,2029.5,2165.5,2000.0,2656.0,3348.5,3591.5,3690.0,3747.5,2319.5,1373.5,629.0,1117.0,1055.0,1952.5,3080.5,3499.0,3649.0,3837.5,2267.0,1360.0,630.0,1180.0,1292.0,2164.0,2832.0,3140.0,3356.0,3493.0,1907.0,1313.5,571.0,829.0,1033.0,1349.0,1517.5,1658.0,1864.5,1868.5,1780.5,1236.0,656.5,959.5,1317.5,1636.5,1766.0,1913.5,2123.5,2160.5,1697.0,1162.0,735.0,1034.0,1497.0,1744.0,1855.0,1972.0,2190.0,2169.0,1343.5,935.0,551.0,823.0,1213.5,1388.5,1394.0,1500.0,1671.0,1628.5,1447.0,1014.5,530.0,790.5,1156.5,1330.0,1348.5,1480.0,1605.5,1619.0,3955.0,3075.0,5448.0,4847.0,4608.0,4969.0,4686.0,4612.0,4935.0,4532.0,1016.0,739.5,514.5,649.5,871.0,1019.0,994.5,1027.5,1167.5,1122.0,0.0,0.0,0.0,0.0,0.0,0.0,0.0,0.0,0.0,0.0,901.0,985.0,9626.0,9512.0,9588.0,9714.0,9393.0,9127.0,9464.0,8765.0,926.5,596.5,2607.5,2818.5,3023.0,3496.0,3329.5,3419.5,3415.0,3373.5,2457.0,1666.0,785.0,1077.0,1299.0,1649.0,1837.0,1992.0,2225.0,2193.0,126.0,100.0,781.0,1186.0,1263.0,1097.0,500.0,473.0,432.0,312.0,115.0,83.0,636.0,997.0,741.0,656.0,252.0,270.0,235.0,182.0,2176.0,1445.5,1104.5,1522.5,1822.0,2208.5,2292.5,2439.5,2583.5,2544.0,"{""type"":""MultiPoint"",""coordinates"":[]}"
3740,5,1483.5,935.5,464.0,607.0,828.0,1111.0,1289.5,1500.5,1580.0,1706.0,3527.5,3074.5,1034.5,1307.5,1615.0,1899.5,2135.5,2425.5,2629.5,2653.5,1790.0,1125.0,603.5,745.0,994.0,1153.0,1283.0,1465.5,1687.5,1696.5,0.0,0.0,0.0,0.0,0.0,0.0,0.0,0.0,0.0,0.0,0.0,0.0,0.0,0.0,0.0,0.0,0.0,0.0,0.0,0.0,4220.0,3670.5,1222.0,1528.0,1911.0,2269.0,2573.0,2904.0,3059.0,3150.5,0.0,0.0,0.0,0.0,0.0,0.0,0.0,0.0,0.0,0.0,4738.0,3915.0,1040.5,1455.0,1446.5,2088.0,3562.5,4043.5,4242.5,4345.5,0.0,0.0,0.0,0.0,0.0,0.0,0.0,0.0,0.0,0.0,2838.5,1452.0,1017.5,1140.0,743.5,1328.0,3911.5,4827.5,4765.0,5074.0,0.0,0.0,0.0,0.0,0.0,0.0,0.0,0.0,0.0,0.0,2253.0,1643.0,613.5,752.5,1037.5,1296.5,1514.5,1677.5,1824.5,1921.5,3241.0,1461.0,409.0,723.5,302.5,1038.0,5126.5,6847.5,6754.0,7190.5,2409.0,1056.5,442.5,586.0,316.0,792.0,4198.0,6026.0,6086.5,6170.0,0.0,0.0,0.0,0.0,0.0,0.0,0.0,0.0,0.0,0.0,1915.5,803.5,320.0,453.0,251.0,642.0,3528.0,4887.5,4862.0,5230.5,2165.5,955.0,272.5,494.5,259.5,798.5,3856.0,5229.0,5522.0,5417.0,0.0,0.0,0.0,0.0,0.0,0.0,0.0,0.0,0.0,0.0,2430.0,1504.0,453.5,846.0,755.5,1487.5,2519.5,2648.5,3194.0,3205.0,3729.5,3194.5,1902.0,2002.0,1996.0,2233.5,2720.0,2982.5,3108.0,3447.0,2333.5,1761.5,448.0,596.5,782.0,897.5,1077.5,1210.0,1463.5,1465.0,3340.5,2477.0,868.5,1133.5,1507.5,1770.5,1853.5,2167.5,2402.0,2404.0,0.0,0.0,0.0,0.0,0.0,0.0,0.0,0.0,0.0,0.0,2766.5,2018.5,800.0,1004.0,1213.5,1513.5,1775.5,1957.0,2027.0,2049.0,0.0,0.0,0.0,0.0,0.0,0.0,0.0,0.0,0.0,0.0,1663.5,929.5,352.5,603.0,678.0,1036.0,1532.0,1722.0,1924.5,1900.0,1760.5,1066.5,354.0,582.5,660.0,1039.0,1549.5,1637.5,1738.5,1841.0,0.0,0.0,0.0,0.0,0.0,0.0,0.0,0.0,0.0,0.0,2065.5,1323.5,470.0,689.0,667.0,1134.0,1844.0,2059.5,2144.0,2229.5,0.0,0.0,0.0,0.0,0.0,0.0,0.0,0.0,0.0,0.0,931.0,1002.0,9391.0,9146.5,9123.0,9367.0,8871.5,8621.5,8971.0,8339.0,0.0,0.0,0.0,0.0,0.0,0.0,0.0,0.0,0.0,0.0,2279.5,1567.0,597.5,781.0,1041.5,1300.0,1500.0,1552.5,1889.0,1840.5,2531.0,1764.5,715.5,942.0,1155.0,1430.5,1677.0,1811.5,2135.5,2063.5,1887.0,1206.5,540.0,773.5,1019.0,1320.0,1533.0,1737.0,2022.0,2099.0,2730.5,1968.0,855.0,1082.5,1284.5,1636.0,1941.0,2195.5,2354.5,2421.5,"{""type"":""MultiPoint"",""coordinates"":[]}"
3748,3,1891.0,1160.5,613.0,811.0,1108.5,1326.0,1399.5,1573.5,1761.0,1733.5,4224.0,3760.0,1204.0,1589.5,2073.0,2329.5,2421.5,2600.0,2806.0,2802.5,1814.0,1157.0,698.0,878.0,1152.5,1366.0,1410.5,1541.0,1684.5,1721.0,0.0,0.0,0.0,0.0,0.0,0.0,0.0,0.0,0.0,0.0,0.0,0.0,0.0,0.0,0.0,0.0,0.0,0.0,0.0,0.0,5328.0,4947.0,1662.0,2138.5,2622.5,3021.0,3260.0,3523.0,3611.0,3736.5,0.0,0.0,0.0,0.0,0.0,0.0,0.0,0.0,0.0,0.0,1660.5,861.0,317.0,538.5,274.0,830.0,2776.0,3581.5,3703.0,3586.0,1806.0,822.5,297.5,550.0,240.5,857.5,3414.0,4815.0,4683.0,4895.5,1631.0,752.5,423.0,591.0,287.0,818.5,3225.0,4812.0,4894.0,4870.5,317.5,165.5,666.5,582.0,382.0,484.5,1030.5,1506.5,1285.5,1365.5,2891.0,2314.5,756.5,1017.0,1298.5,1539.5,1657.5,1773.5,1985.5,1935.0,1252.0,562.0,332.5,471.5,244.5,733.0,2637.5,4160.5,4164.5,4396.0,1296.5,622.0,442.5,672.0,360.0,987.0,2857.0,4023.5,4161.5,4224.5,1407.5,682.0,430.0,741.5,445.0,1148.5,3009.0,4035.0,3995.0,4272.0,1547.5,795.5,468.0,784.5,546.0,1340.5,2914.0,3656.0,3633.5,3913.0,2955.0,1863.5,826.0,1226.5,1531.5,2207.5,2862.0,3239.0,3528.5,3674.5,0.0,0.0,0.0,0.0,0.0,0.0,0.0,0.0,0.0,0.0,4378.0,3183.0,1183.5,1650.0,2348.0,2731.0,2962.0,3204.0,3241.0,3590.5,3949.0,2743.5,1079.5,1399.5,1812.5,2260.5,2541.5,2740.0,2826.0,3049.0,4036.5,2831.5,991.0,1339.0,1667.0,2116.0,2553.5,2780.0,3064.0,3081.0,3705.0,2752.0,970.5,1266.0,1563.0,2049.5,2447.0,2699.0,2970.5,2961.5,0.0,0.0,0.0,0.0,0.0,0.0,0.0,0.0,0.0,0.0,2753.0,2372.0,584.0,793.0,1070.5,1300.0,1380.5,1532.0,1670.0,1696.5,0.0,0.0,0.0,0.0,0.0,0.0,0.0,0.0,0.0,0.0,1612.5,1042.0,312.5,493.5,734.5,936.0,1023.0,1131.5,1266.5,1332.5,2283.5,1835.5,618.0,810.5,1069.0,1295.0,1378.5,1483.5,1618.5,1683.5,0.0,0.0,0.0,0.0,0.0,0.0,0.0,0.0,0.0,0.0,1534.5,987.5,477.0,596.0,811.0,1011.0,1092.5,1194.5,1365.0,1358.0,0.0,0.0,0.0,0.0,0.0,0.0,0.0,0.0,0.0,0.0,991.0,1087.5,10982.5,10566.5,10452.5,10577.0,10212.0,9870.0,10208.0,9526.0,0.0,0.0,0.0,0.0,0.0,0.0,0.0,0.0,0.0,0.0,2696.5,1907.0,740.0,995.0,1305.0,1559.0,1646.0,1811.0,2006.5,1991.5,3330.5,2550.5,969.5,1283.0,1625.0,1866.5,2009.0,2166.5,2438.0,2404.0,2160.5,1374.5,665.5,908.0,1194.0,1443.5,1564.0,1697.0,1904.5,1885.0,2063.0,1176.0,850.5,1009.0,1254.5,1359.0,1373.0,1460.5,1825.0,1481.5,"{""type"":""MultiPoint"",""coordinates"":[]}"
3760,3,1449.0,784.0,560.0,622.0,728.0,1285.0,1842.0,2019.0,2228.0,2297.0,4336.0,3628.0,1185.0,1545.0,1848.0,2197.0,2409.0,2558.0,2795.0,2787.0,1949.0,1054.5,533.0,723.0,728.5,1131.0,1459.5,1599.0,1756.5,1796.5,1785.0,914.0,833.0,1093.0,992.0,1397.0,1645.0,1763.0,1870.0,1864.0,1931.0,1035.0,393.0,572.0,586.0,958.0,1283.0,1403.0,1573.0,1586.0,4934.0,4377.0,1413.0,1659.0,1976.0,2314.0,2410.0,2639.0,2765.0,2915.0,1818.0,1162.0,917.5,955.5,1050.0,1391.0,1497.5,1625.5,1497.5,1741.0,4945.0,4128.5,1413.0,1740.0,1932.5,2404.0,2705.5,2900.0,3071.5,3268.5,4173.0,3460.0,1165.5,1487.0,1667.5,2100.5,2494.5,2811.0,2811.5,3106.5,1725.0,1487.0,942.0,1278.0,1119.0,1801.0,2486.0,2852.0,2871.0,3032.0,1306.0,1002.0,635.0,694.0,603.0,904.0,1754.0,2224.0,1818.0,2369.0,2166.0,1458.0,497.0,712.0,822.0,1259.0,1710.0,1853.0,2062.0,2104.0,1381.5,641.0,362.0,481.0,258.5,619.0,2395.5,3701.0,3586.0,3832.0,1352.5,602.0,427.5,513.5,284.0,632.0,2604.5,4273.0,4313.0,4463.5,1384.0,633.0,542.0,457.0,278.0,574.0,2522.0,4379.0,4291.0,4522.0,1556.5,716.5,444.5,667.0,364.0,979.5,3189.5,4826.5,4607.5,5176.0,1530.5,796.5,396.0,742.5,427.0,1236.0,3250.5,4495.5,4547.5,4752.0,2015.0,1064.5,684.5,1069.5,769.0,1748.5,3923.5,4965.0,5026.5,5422.5,2349.5,1350.0,764.5,1180.0,1029.0,1966.5,3340.5,3842.0,4136.5,4192.5,3945.0,2805.0,1129.0,1480.0,1959.0,2339.0,2478.0,2659.0,2756.0,3012.0,3854.0,2680.0,1054.0,1411.0,1854.0,2200.0,2467.0,2650.0,2843.0,2893.0,3340.0,2347.0,1047.0,1352.0,1770.0,2062.0,2423.0,2560.0,2862.0,2926.0,2164.0,1434.0,484.0,733.0,844.0,1322.0,1795.0,1964.0,2099.0,2159.0,3251.0,2390.0,1113.0,1370.0,1799.0,2094.0,2283.0,2431.0,2791.0,2672.0,1022.0,561.0,749.0,826.0,1061.0,1191.0,1301.0,1420.0,1839.0,1412.0,2049.0,1299.0,716.0,995.0,1427.0,1713.5,1864.0,2035.5,2318.0,2275.0,2449.5,1622.5,807.0,1115.5,1514.5,1780.5,1975.0,2144.0,2366.5,2392.0,0.0,0.0,0.0,0.0,0.0,0.0,0.0,0.0,0.0,0.0,1522.0,971.0,597.0,789.0,1169.0,1440.0,1557.0,1728.0,2001.0,1962.0,0.0,0.0,0.0,0.0,0.0,0.0,0.0,0.0,0.0,0.0,769.0,838.0,10680.0,10430.0,10356.0,10415.0,10071.0,9652.0,10018.0,9303.0,1498.5,1318.5,4892.0,4803.5,4758.5,4999.0,4822.0,4718.0,5029.0,4601.5,2115.0,1207.0,514.5,798.0,823.0,1450.5,2190.5,2401.5,2629.0,2595.0,2563.0,1648.0,653.0,900.0,1124.0,1463.0,1623.0,1805.0,2074.0,2073.0,2235.0,1348.0,533.0,786.0,972.0,1324.0,1476.0,1661.0,1870.0,1883.0,2472.0,1479.0,618.0,874.0,1024.0,1364.0,1517.0,1679.0,1823.0,1859.0,"{""type"":""MultiPoint"",""coordinates"":[]}"
3790,5,1713.0,1179.0,778.0,892.0,1179.0,1402.0,1559.0,1645.0,1858.0,1913.0,3999.0,2944.0,1293.0,1690.0,2031.0,2625.0,2983.0,3188.0,3365.0,3417.0,3317.0,2302.5,1158.5,1471.5,1742.0,2277.5,2577.0,2761.5,3019.0,3007.0,3831.0,2928.0,1263.0,1593.0,1927.0,2403.0,2704.0,2895.0,3011.0,3124.0,3700.0,2790.0,1135.0,1482.0,1783.0,2205.0,2502.0,2655.0,2919.0,2955.0,5508.0,5066.0,1586.0,1908.0,2465.0,2876.0,2973.0,3247.0,3287.0,3523.0,0.0,0.0,0.0,0.0,0.0,0.0,0.0,0.0,0.0,0.0,5794.0,5336.5,1822.0,2310.0,2931.5,3482.5,3684.5,3911.5,3928.0,4230.0,5448.5,5029.5,1938.0,2397.5,2986.0,3488.5,3693.5,3981.0,3943.0,4384.0,5066.0,4550.0,1513.0,1931.0,2471.0,2923.0,3384.0,3821.0,3766.0,4113.0,2511.0,1637.0,1424.0,1421.0,1192.0,1550.0,1972.0,2110.0,2943.0,2216.0,3060.0,2229.0,784.0,995.0,1345.0,1634.0,1800.0,1919.0,2100.0,2192.0,3668.0,1919.0,610.0,1040.0,632.0,1516.0,4826.0,5851.0,5620.0,6104.0,2984.5,1428.0,501.0,721.5,383.5,1039.0,4627.5,6095.0,6012.0,6320.0,2858.0,1280.0,365.0,547.0,265.0,851.0,4438.0,6497.0,6247.0,6742.0,2458.5,1071.5,541.5,646.0,388.5,799.0,3993.5,5453.0,5455.5,5746.0,2336.0,994.0,269.0,478.0,251.0,802.0,3982.0,5275.0,5468.0,5568.0,1464.0,645.0,297.5,446.0,240.0,632.5,2720.0,3606.0,3579.0,3775.0,2269.0,997.5,342.0,707.5,332.0,1199.0,4046.5,4777.5,4816.0,5153.5,3003.0,2594.5,1718.0,1795.0,1831.0,2282.0,2526.5,2727.5,2680.0,3002.5,3126.0,2337.0,572.0,732.0,986.0,1248.0,1387.0,1564.5,1703.0,1867.5,3133.0,2347.0,598.0,774.0,1005.0,1211.0,1373.0,1529.0,1680.0,1798.0,2908.5,2053.0,860.0,1011.0,1309.0,1657.0,1790.5,1912.0,1990.0,2195.5,2757.0,1937.0,546.5,701.0,852.5,1116.5,1365.5,1516.5,1688.0,1764.5,1421.5,974.0,422.0,471.0,481.0,667.0,901.0,1007.5,1083.5,1140.5,2871.5,1898.5,608.0,923.5,983.0,1465.0,2166.0,2358.0,2631.5,2632.5,2909.0,1951.0,594.0,921.0,957.0,1458.0,2418.0,2624.0,2749.0,2744.0,1282.0,1246.0,681.0,714.0,645.0,914.0,1324.0,1543.0,1359.0,1733.0,2674.0,1726.0,629.0,923.0,801.0,1437.0,2535.0,2826.0,2981.0,2937.0,0.0,0.0,0.0,0.0,0.0,0.0,0.0,0.0,0.0,0.0,852.0,757.0,6886.0,6914.0,7175.0,7810.0,7440.0,7237.0,7391.0,7148.0,1751.0,1200.0,2641.0,2646.0,2725.0,2927.5,2708.0,2825.0,3385.5,2888.0,2983.0,2243.0,929.0,1164.0,1437.0,1849.0,2066.0,2161.0,2353.0,2439.0,3270.0,2327.0,997.0,1272.0,1492.0,1862.0,2182.0,2393.0,2625.0,2605.0,3025.0,2269.0,1056.0,1407.0,1701.0,2089.0,2370.0,2513.0,2823.0,2785.0,2983.0,2032.0,1112.0,1442.0,1705.0,2259.0,2572.0,2772.0,2973.0,2999.0,"{""type"":""MultiPoint"",""coordinates"":[]}"
3794,5,1191.0,680.0,518.0,672.0,957.0,1164.0,1277.0,1446.0,1636.0,1613.0,4010.0,3230.0,1038.0,1381.0,1813.0,2151.0,2310.0,2474.0,2655.0,2708.0,1673.5,980.5,638.5,900.5,1133.0,1465.5,1570.5,1738.5,1945.5,1937.0,1334.0,798.0,689.0,875.0,1000.0,1321.0,1454.0,1601.0,1769.0,1770.0,0.0,0.0,0.0,0.0,0.0,0.0,0.0,0.0,0.0,0.0,4740.0,4310.5,1303.5,1718.5,2303.5,2617.5,2759.0,2936.0,3084.5,3219.0,0.0,0.0,0.0,0.0,0.0,0.0,0.0,0.0,0.0,0.0,5810.0,5187.0,1952.0,2602.0,3153.0,3817.0,4149.0,4458.0,4543.0,4781.0,5295.0,4626.5,1693.5,2284.0,2762.5,3358.0,3815.5,4036.0,4180.5,4341.5,3329.0,2255.5,727.0,1030.5,1101.0,1650.5,2645.0,2944.0,3024.5,3123.0,2209.5,1217.5,774.0,927.0,683.0,1113.5,2706.0,3132.5,3265.0,3240.0,1153.5,768.5,470.0,574.0,750.0,823.5,918.0,973.0,1151.0,1116.5,2612.0,1242.0,843.0,1041.0,785.0,1205.0,3730.0,4766.0,4588.0,5201.0,2742.5,1594.5,1035.5,1177.0,974.5,1580.0,4234.0,5461.0,5476.5,5677.0,2087.5,984.0,259.5,410.5,237.0,602.5,3391.5,4656.5,4734.5,5006.5,2342.5,997.0,377.0,526.5,295.0,741.5,3838.0,5316.0,5197.0,5628.5,2075.0,944.0,276.0,531.0,297.0,773.0,3341.0,4375.0,4469.0,4803.0,1455.0,662.0,308.0,546.5,314.0,862.0,2566.5,3142.0,3146.5,3355.0,3033.0,2093.0,496.0,712.0,1000.0,1364.0,1529.0,1847.0,2119.0,2295.0,2940.0,2345.5,2320.5,2279.0,2335.0,2625.0,2668.5,2781.0,2784.5,2893.0,2653.0,1918.0,420.0,569.0,773.0,925.0,1044.0,1224.0,1391.0,1443.0,2639.0,1801.0,512.0,635.0,840.0,965.0,1088.0,1250.0,1476.0,1538.0,3195.0,2563.0,853.0,1181.0,1579.0,1791.0,1936.0,2000.0,2286.0,2260.0,2279.0,1665.0,422.0,561.0,705.0,898.0,1075.0,1144.0,1296.0,1395.0,3688.0,3518.0,2665.0,2957.0,3368.0,3743.0,3888.0,4006.0,3503.0,4185.0,1892.0,1195.5,517.5,705.5,943.5,1078.0,1275.0,1362.5,1621.0,1594.0,2132.5,1406.0,548.5,776.0,1026.0,1199.0,1349.5,1505.5,1700.0,1664.5,0.0,0.0,0.0,0.0,0.0,0.0,0.0,0.0,0.0,0.0,1996.0,1196.0,574.0,724.0,890.0,1125.0,1283.0,1418.0,1648.0,1610.0,4028.5,3814.0,3056.0,3196.0,3454.5,3675.5,3707.0,3809.0,4063.0,3962.0,1025.0,1118.0,10167.0,9950.0,10034.0,10192.0,9834.0,9521.0,9913.0,9151.0,890.5,545.0,789.0,979.0,1262.5,1457.5,1502.5,1583.5,1680.0,1702.5,2443.0,1598.0,682.0,944.0,1288.0,1537.0,1617.0,1815.0,2059.0,2017.0,1885.5,1264.0,692.5,951.0,1242.5,1456.5,1591.5,1755.0,1990.0,1930.5,2091.0,1369.0,657.0,937.0,1260.0,1554.0,1635.0,1804.0,1947.0,1975.0,4643.0,3941.0,1446.0,1894.0,2423.0,2801.0,2853.0,3031.0,3290.0,3347.0,"{""type"":""MultiPoint"",""coordinates"":[]}"
3797,5,2559.0,2114.0,758.0,1029.0,1474.0,1729.0,1822.0,1983.0,2214.0,2200.0,5221.0,4885.0,1387.0,1911.0,2584.0,2974.0,3098.0,3297.0,3455.0,3559.0,2636.0,1848.0,697.5,985.0,1408.5,1662.0,1763.5,1911.5,2024.5,2112.0,3720.5,3095.0,981.5,1350.5,1851.5,2192.0,2367.0,2558.0,2687.0,2761.5,4423.0,3860.0,1187.0,1666.0,2215.0,2599.0,2796.0,2978.0,3196.0,3212.0,4106.0,3219.0,2489.0,3337.0,3303.0,3898.0,4047.0,4114.0,4028.0,4133.0,0.0,0.0,0.0,0.0,0.0,0.0,0.0,0.0,0.0,0.0,3615.0,2513.0,779.0,1098.0,1018.0,1724.0,3823.0,4490.0,4435.0,4706.0,3354.0,2341.0,617.0,1015.0,967.0,1606.0,3511.0,4171.0,4482.0,4447.0,2309.0,1146.0,350.0,583.0,313.0,923.0,3763.0,5081.0,5144.0,5326.0,3539.5,2155.0,1860.5,1978.5,1723.0,2326.5,4794.0,6072.5,6027.5,6424.0,3904.0,3295.0,1145.0,1473.0,1926.0,2240.0,2445.0,2625.0,2856.0,2877.0,1956.0,833.0,300.0,472.0,239.0,742.0,3439.0,5033.0,4942.0,5359.0,3190.0,2326.5,1086.0,1671.0,1681.5,2255.5,4273.0,5267.5,5175.0,5536.5,1914.0,803.0,406.0,395.0,243.0,649.0,3353.0,4585.0,4492.0,4938.0,2085.0,1004.0,275.0,589.0,316.0,1049.0,3382.0,4443.0,4383.0,4799.0,2986.0,1969.0,426.0,674.0,770.0,1361.0,2510.0,2998.0,3340.0,3672.0,3142.0,2162.0,421.0,643.0,1020.0,1280.0,1426.0,1639.0,1794.0,2032.0,4174.0,3551.0,808.0,1053.0,1520.0,1765.0,1875.0,2048.0,2279.0,2371.0,2421.5,2044.5,677.0,813.0,1016.0,1191.0,1265.5,1329.5,1442.0,1467.0,3786.0,3230.0,746.0,977.0,1299.0,1571.0,1691.0,1889.0,2112.0,2211.0,3808.0,3126.5,765.0,987.0,1331.0,1614.5,1782.5,1964.5,2158.0,2253.5,4423.0,3752.0,1788.0,2083.0,2567.0,2936.0,3191.0,3387.0,3521.0,3716.0,3231.0,2563.0,697.0,872.0,1214.0,1411.0,1528.0,1689.0,1920.0,1981.0,2676.0,1860.0,579.0,736.0,1058.0,1279.0,1381.0,1547.0,1777.0,1790.0,3124.5,2409.5,592.0,864.0,1226.0,1473.5,1590.0,1736.5,1988.5,2024.0,3133.0,2413.0,656.0,915.0,1295.0,1507.0,1640.0,1793.0,1989.0,2014.0,0.0,0.0,0.0,0.0,0.0,0.0,0.0,0.0,0.0,0.0,2983.0,2307.0,740.0,950.0,1326.0,1570.0,1661.0,1818.0,2057.0,2057.0,0.0,0.0,0.0,0.0,0.0,0.0,0.0,0.0,0.0,0.0,968.0,1054.0,10556.0,10306.0,10308.0,10413.0,10071.0,9704.0,10108.0,9349.0,1973.5,1428.0,593.0,888.0,1349.5,1661.0,1693.5,1850.5,2018.0,2067.0,3333.0,2520.0,800.0,1129.5,1624.0,1910.5,2005.0,2180.5,2430.0,2460.0,2498.0,1911.0,808.0,1077.0,1509.0,1686.0,1795.0,1919.0,2072.0,2074.0,2623.0,1923.0,740.0,1060.0,1484.0,1719.0,1805.0,1937.0,2066.0,2091.0,3867.5,3152.0,1452.5,1861.5,2247.0,2585.0,2736.0,2876.5,3252.0,3048.0,"{""type"":""MultiPoint"",""coordinates"":[]}"
3822,5,1632.5,978.5,497.0,582.0,631.5,896.0,1191.5,1287.5,1357.0,1323.5,3883.5,3497.5,1070.0,1398.0,1796.0,2081.5,2211.0,2396.5,2622.0,2648.5,2488.0,1809.5,685.0,885.0,1206.5,1388.0,1474.5,1641.0,1805.0,1825.5,1764.0,1357.0,1301.0,1170.5,1160.5,1295.5,1284.5,1294.0,1692.0,1391.0,0.0,0.0,0.0,0.0,0.0,0.0,0.0,0.0,0.0,0.0,4766.0,4328.0,1291.0,1672.0,2171.5,2494.5,2618.5,2833.5,2984.5,3082.5,0.0,0.0,0.0,0.0,0.0,0.0,0.0,0.0,0.0,0.0,0.0,0.0,0.0,0.0,0.0,0.0,0.0,0.0,0.0,0.0,0.0,0.0,0.0,0.0,0.0,0.0,0.0,0.0,0.0,0.0,3410.0,2143.0,791.5,1096.0,909.5,1549.5,3381.5,3827.0,3880.5,4153.5,2589.0,1295.0,397.0,676.0,406.0,1033.0,3396.5,4101.5,4096.0,4316.0,3124.5,2327.5,825.0,1033.0,1219.0,1620.0,2087.0,2243.5,2495.0,2475.5,2481.0,1094.5,343.5,577.0,247.5,838.5,3926.5,5043.5,4943.0,5286.5,2167.0,954.5,383.0,562.0,271.0,763.5,3762.0,4982.5,5107.0,5229.5,0.0,0.0,0.0,0.0,0.0,0.0,0.0,0.0,0.0,0.0,2015.5,906.5,303.0,522.5,251.5,768.0,3284.0,4287.5,4282.0,4568.0,1990.5,966.0,280.5,564.5,302.5,947.0,3094.5,3732.5,3973.0,4138.5,0.0,0.0,0.0,0.0,0.0,0.0,0.0,0.0,0.0,0.0,3226.0,2184.0,460.0,688.0,1046.0,1351.5,1510.5,1747.0,1979.0,2212.0,610.5,399.5,368.0,368.0,399.0,481.5,501.5,560.5,479.5,616.5,3877.0,2812.5,760.0,1016.0,1441.0,1691.5,1856.5,2031.5,2302.5,2372.5,4233.0,3040.5,961.0,1225.5,1561.5,1916.5,2181.0,2368.0,2570.0,2680.5,0.0,0.0,0.0,0.0,0.0,0.0,0.0,0.0,0.0,0.0,3594.5,2482.0,800.0,1058.0,1258.0,1656.5,2064.0,2236.5,2443.5,2475.5,0.0,0.0,0.0,0.0,0.0,0.0,0.0,0.0,0.0,0.0,2720.0,1677.5,597.0,879.0,990.5,1515.0,2222.0,2361.0,2614.5,2608.5,2927.0,1839.5,659.5,963.0,1040.0,1634.5,2480.0,2655.0,2861.5,2865.5,0.0,0.0,0.0,0.0,0.0,0.0,0.0,0.0,0.0,0.0,2865.0,1864.5,662.5,900.0,926.0,1485.5,2376.5,2627.5,2898.5,2846.0,0.0,0.0,0.0,0.0,0.0,0.0,0.0,0.0,0.0,0.0,998.0,1100.0,10796.0,10456.0,10400.5,10512.5,10206.0,9834.0,10255.5,9459.0,1991.5,1412.5,697.0,790.5,886.0,1178.0,1499.0,1663.5,1531.5,1801.5,3092.0,2245.5,713.0,916.5,1087.0,1498.5,2065.0,2278.5,2534.5,2484.0,2850.5,1934.0,645.0,932.5,969.5,1526.0,2313.0,2552.5,2794.0,2769.5,2596.0,1652.0,519.0,833.0,799.0,1539.0,2496.5,2714.5,2929.0,2895.5,2088.0,1440.0,568.0,765.0,881.5,1336.5,1712.5,1835.0,1787.5,2010.0,"{""type"":""MultiPoint"",""coordinates"":[]}"
3824,5,1889.0,1341.0,508.0,615.0,844.0,929.0,1010.0,1072.0,1240.0,1250.0,2412.5,1994.0,644.0,826.0,1093.5,1237.0,1288.5,1390.5,1464.0,1549.5,2048.0,1454.0,576.0,711.0,939.0,1048.0,1125.0,1241.0,1361.0,1374.0,1887.5,1346.0,501.5,653.5,862.0,1086.0,1260.0,1373.5,1259.5,1553.5,0.0,0.0,0.0,0.0,0.0,0.0,0.0,0.0,0.0,0.0,2816.0,2081.5,683.0,963.0,1022.0,1445.5,2358.5,2614.0,2660.0,2746.5,0.0,0.0,0.0,0.0,0.0,0.0,0.0,0.0,0.0,0.0,2633.0,1382.5,396.5,700.0,463.0,1091.0,3547.0,4218.5,4142.0,4426.0,2363.0,1135.5,259.0,484.5,280.0,793.5,3757.0,4806.0,4866.5,5064.0,2125.5,939.5,255.0,449.5,253.5,715.0,3575.0,4834.0,4854.0,5087.5,2340.0,1011.0,304.0,467.0,263.0,721.0,3870.0,5298.0,5326.0,5633.0,1723.0,1239.5,487.5,648.0,872.0,981.5,1056.0,1130.5,1253.0,1277.5,2184.5,935.0,303.0,482.5,272.5,764.5,3557.5,4756.5,4768.0,5163.0,2230.0,1354.5,1472.5,1570.5,1319.0,1750.0,3487.5,4219.5,3741.5,4473.5,2063.0,954.0,382.0,564.0,336.0,893.0,3093.0,3982.0,3937.0,4293.0,2761.5,1864.0,1315.5,1559.5,1353.5,2035.5,3474.5,3946.5,3852.5,4229.5,1986.0,1150.0,340.0,549.0,513.0,1061.0,1697.0,1964.0,2178.0,2340.0,2307.5,1496.5,344.0,560.5,608.5,1036.0,1509.0,1735.0,1878.0,2071.0,2140.5,1454.0,372.5,517.5,643.5,905.5,1132.5,1286.5,1391.5,1533.0,3412.0,2574.0,580.0,792.0,1125.0,1364.0,1487.0,1639.0,1734.0,1895.0,3456.5,2617.5,696.5,888.5,1217.5,1467.0,1584.0,1739.0,1882.5,1997.0,3441.0,2638.0,766.0,945.0,1245.0,1505.0,1675.0,1850.0,1977.0,2051.0,0.0,0.0,0.0,0.0,0.0,0.0,0.0,0.0,0.0,0.0,2148.5,1603.5,564.5,694.0,915.5,1065.5,1160.0,1247.5,1346.0,1401.0,0.0,0.0,0.0,0.0,0.0,0.0,0.0,0.0,0.0,0.0,1350.0,985.0,321.5,459.0,653.5,722.0,783.0,839.5,979.5,956.5,2630.0,2173.5,1543.0,1593.0,1824.5,1951.0,1923.5,1896.0,2005.0,1988.0,0.0,0.0,0.0,0.0,0.0,0.0,0.0,0.0,0.0,0.0,1445.0,1009.0,429.0,511.0,648.0,762.0,819.0,889.0,967.0,1003.0,0.0,0.0,0.0,0.0,0.0,0.0,0.0,0.0,0.0,0.0,54.0,58.0,10110.0,10016.0,9930.0,10069.0,9585.0,8805.0,8948.0,8075.0,0.0,0.0,0.0,0.0,0.0,0.0,0.0,0.0,0.0,0.0,2060.0,1492.0,598.0,735.0,952.0,1058.0,1156.0,1248.0,1393.0,1388.0,2449.0,2064.0,655.0,873.0,1143.0,1272.0,1344.0,1440.0,1588.0,1560.0,1922.0,1346.0,527.0,648.0,879.0,982.0,1046.0,1144.0,1275.0,1285.0,4636.0,4232.0,5337.0,4903.0,4637.0,5055.0,4921.0,4860.0,5018.0,4792.0,"{""type"":""MultiPoint"",""coordinates"":[]}"
3826,1,2869.0,2014.0,933.0,1138.0,1405.0,1714.0,2136.0,2232.0,2455.0,2416.0,3766.0,3455.0,1669.0,2279.0,2414.0,2771.0,2985.0,3140.0,3227.0,3233.0,2604.0,1830.0,797.0,1044.0,1410.0,1603.0,1701.0,1827.0,1969.0,2005.0,3789.5,3194.0,1106.5,1584.0,1873.0,2331.5,2623.0,2809.5,2940.5,2960.0,2965.0,2197.0,822.0,1243.0,1434.0,1796.0,2305.0,2450.0,2631.0,2619.0,5097.0,4011.0,1400.0,1919.0,2084.0,2761.0,4445.0,5260.0,5232.0,5505.0,0.0,0.0,0.0,0.0,0.0,0.0,0.0,0.0,0.0,0.0,1380.0,662.5,339.0,443.0,272.0,531.0,2396.5,3821.0,3735.0,3926.5,1441.0,608.0,147.0,322.0,181.0,494.0,2868.0,4679.0,4864.0,4901.0,1807.0,780.0,291.0,445.0,264.0,576.0,2998.0,4933.0,5001.0,5220.0,1901.0,798.0,374.0,528.0,344.0,659.0,3140.0,5272.0,5251.0,5578.0,3222.0,2498.0,991.0,1237.0,1541.0,1846.0,2137.0,2290.0,2448.0,2470.0,974.0,469.0,389.0,450.0,325.0,557.0,1945.0,3127.0,2677.0,3217.0,1987.0,904.0,619.0,777.0,538.0,972.0,3063.0,4295.0,4317.0,4591.0,2575.0,1459.0,640.0,767.0,821.0,1390.0,2549.0,3180.0,3206.0,3667.0,2566.0,1821.0,493.0,659.0,789.0,1126.0,1543.0,1835.0,1815.0,2090.0,3277.0,2448.0,646.0,757.0,1019.0,1274.0,1500.0,1703.0,1869.0,2032.0,2779.0,1857.0,730.5,929.0,1339.0,1639.0,1795.5,2016.0,2084.0,2319.5,4222.5,3242.5,918.0,1239.0,1783.0,2125.0,2241.0,2425.5,2524.5,2737.5,4017.0,2953.0,856.0,1118.0,1535.0,1911.0,2109.0,2288.0,2368.0,2581.0,3713.0,2678.0,794.0,1100.0,1513.0,1823.0,2060.0,2209.0,2499.0,2566.0,3595.0,2988.0,881.0,1178.0,1657.0,1943.0,2045.0,2183.0,2313.0,2442.0,3516.0,2588.0,1245.0,1518.0,1760.0,2167.0,2539.0,2724.0,3001.0,2971.0,3236.5,2413.5,903.5,1205.0,1657.5,1946.0,2062.0,2225.0,2389.0,2451.0,3048.0,2180.5,934.0,1239.0,1698.0,1987.0,2130.0,2309.0,2502.0,2548.0,2945.0,2096.5,785.5,1124.0,1558.5,1812.5,1967.0,2143.0,2412.5,2376.0,2988.0,2139.5,784.5,1113.5,1519.0,1822.0,1972.5,2136.5,2333.5,2390.0,0.0,0.0,0.0,0.0,0.0,0.0,0.0,0.0,0.0,0.0,2750.0,1930.0,788.0,1087.0,1392.0,1718.0,2061.0,2251.0,2520.0,2480.0,0.0,0.0,0.0,0.0,0.0,0.0,0.0,0.0,0.0,0.0,556.0,596.0,10074.0,10032.0,10080.0,10150.0,9812.0,9386.0,9848.0,9060.0,1703.5,1194.5,1316.0,1458.5,1633.5,1939.5,2110.0,2188.0,2272.5,2290.5,3274.0,2430.0,958.0,1248.0,1547.0,1876.0,2171.0,2293.0,2540.0,2546.0,3313.5,2378.5,1012.5,1324.5,1489.5,1943.5,2432.5,2630.0,2833.0,2822.5,2762.0,1855.0,795.0,1134.0,1313.0,1812.0,2191.0,2351.0,2521.0,2535.0,2903.0,2047.0,876.0,1183.0,1511.0,1795.0,1923.0,2078.0,2205.0,2292.0,"{""type"":""MultiPoint"",""coordinates"":[]}"
3831,5,2176.0,1571.0,608.0,766.0,930.0,1090.0,1308.0,1403.0,1575.0,1628.0,3638.5,3580.5,935.5,1207.0,1675.0,1905.5,2054.0,2182.0,2335.5,2407.0,2407.5,1859.5,530.5,726.5,1083.0,1271.0,1348.5,1472.5,1615.0,1666.0,2759.5,2194.5,695.0,862.0,1201.5,1411.0,1526.5,1662.5,1813.0,1887.5,4792.0,4862.0,1156.0,1588.0,2268.0,2557.0,2652.0,2850.0,3129.0,3133.0,6334.0,6202.0,2403.0,2807.0,3426.0,3949.0,4075.0,4384.0,4419.0,4690.0,0.0,0.0,0.0,0.0,0.0,0.0,0.0,0.0,0.0,0.0,5754.5,5017.5,1485.0,2086.0,2382.5,3205.0,4169.5,4526.5,4569.0,4865.0,5014.0,4053.0,1319.0,1741.0,1799.0,2599.0,4155.0,4557.0,4570.0,4881.0,2733.5,1663.0,555.0,767.5,684.0,1163.0,2814.5,3241.5,3253.5,3461.5,3039.0,1912.0,1699.0,1768.0,1429.5,2016.5,4064.0,4953.5,4875.5,5178.5,2308.5,1901.0,664.0,841.0,1061.5,1291.0,1513.5,1617.0,1795.5,1800.0,2446.0,1252.0,371.0,553.0,364.0,887.0,3519.0,4471.0,4302.0,4753.0,2477.0,1273.0,385.0,574.0,354.0,883.0,3559.0,4742.0,4798.0,5005.0,2253.0,1062.0,392.0,539.0,324.0,805.0,3370.0,4299.0,4210.0,4634.0,2313.0,1094.0,299.0,522.0,299.0,854.0,3231.0,3869.0,3814.0,4224.0,2154.0,1071.0,238.0,522.0,323.0,901.0,2931.0,3527.0,3527.0,3850.0,2731.0,1628.0,449.5,804.5,699.0,1415.0,2773.0,3248.0,3357.5,3703.0,3212.0,2530.5,492.5,723.5,959.5,1343.5,1646.0,1848.5,2009.0,2221.5,3349.5,2705.5,581.0,727.0,972.5,1167.5,1290.5,1435.5,1536.5,1684.5,3418.0,2740.0,585.0,733.0,1010.0,1218.0,1321.0,1484.0,1642.0,1750.0,3443.0,3204.0,699.0,937.0,1335.0,1556.0,1629.0,1780.0,1926.0,1998.0,1247.0,881.0,464.0,518.0,623.0,733.0,896.0,972.0,1066.0,1070.0,3243.0,2803.5,759.0,996.0,1336.5,1516.5,1611.0,1767.5,1949.5,1999.5,2439.0,1783.0,577.0,716.0,1007.0,1190.0,1342.0,1467.0,1646.0,1654.0,2787.0,2156.0,576.0,840.5,1109.5,1351.5,1571.5,1702.5,1912.5,1910.0,2889.0,2254.0,636.0,907.5,1148.0,1447.0,1700.0,1836.5,1985.0,2038.5,0.0,0.0,0.0,0.0,0.0,0.0,0.0,0.0,0.0,0.0,2817.0,2131.0,723.0,931.0,1100.0,1488.0,1943.0,2039.0,2242.0,2281.0,0.0,0.0,0.0,0.0,0.0,0.0,0.0,0.0,0.0,0.0,1038.0,1110.0,10614.0,10308.0,10250.0,10396.0,10034.0,9663.0,10038.0,9293.0,1580.0,1136.5,671.5,930.0,1196.5,1513.0,1789.0,1852.5,1986.0,2061.5,2956.0,2319.0,614.0,895.0,1135.0,1534.0,2018.0,2173.0,2417.0,2418.0,2522.5,1838.5,658.5,951.5,1023.5,1516.0,2194.0,2368.5,2573.0,2561.0,2386.5,1639.5,476.5,856.5,913.0,1567.0,2261.0,2443.0,2568.0,2648.5,2799.5,2117.0,695.0,1065.5,1149.5,1827.5,2382.5,2554.5,2731.5,2771.5,"{""type"":""MultiPoint"",""coordinates"":[]}"
3838,5,0.0,0.0,0.0,0.0,0.0,0.0,0.0,0.0,0.0,0.0,4192.0,3872.5,1033.5,1425.0,1992.5,2297.5,2489.0,2694.5,2958.0,3019.5,5101.0,4974.0,1372.0,1883.0,2550.0,2944.0,3157.0,3387.0,3721.0,3755.0,3119.0,2563.0,739.0,1078.0,1409.0,1792.0,1998.0,2169.0,2309.0,2404.0,0.0,0.0,0.0,0.0,0.0,0.0,0.0,0.0,0.0,0.0,0.0,0.0,0.0,0.0,0.0,0.0,0.0,0.0,0.0,0.0,1211.0,978.0,629.0,660.0,699.0,947.0,1144.0,1272.0,873.0,1306.0,4584.0,4044.0,1140.0,1561.0,1889.0,2480.0,3137.0,3366.0,3435.0,3671.0,4584.0,4044.0,1147.0,1561.0,1889.0,2480.0,3376.0,3718.0,3819.0,4031.0,2570.0,1813.0,1128.5,1246.5,1219.5,1608.5,2640.5,3012.0,2952.0,3172.5,2198.0,967.0,626.0,741.0,445.0,924.0,3660.0,4990.0,5016.0,5245.0,0.0,0.0,0.0,0.0,0.0,0.0,0.0,0.0,0.0,0.0,2218.5,1014.0,522.5,653.5,405.5,860.0,3617.0,5051.0,5048.0,5278.5,2311.0,1018.0,446.5,608.5,376.0,824.5,3780.5,5333.5,5343.0,5617.5,0.0,0.0,0.0,0.0,0.0,0.0,0.0,0.0,0.0,0.0,2245.0,1130.5,554.0,723.0,499.5,1020.0,3424.0,4472.5,4368.5,4838.0,2546.5,1489.5,659.0,886.0,786.5,1384.5,2826.0,3517.0,3499.5,3928.0,2816.0,1937.0,545.0,712.0,938.0,1243.0,1480.0,1659.0,1758.0,2018.0,2982.0,2245.0,545.0,680.0,941.0,1170.0,1291.0,1465.0,1624.0,1737.0,3770.0,3076.0,813.0,1018.0,1375.0,1576.0,1754.0,1868.0,1972.0,2146.0,3241.5,2646.5,723.0,911.5,1262.5,1452.5,1588.0,1759.5,1851.5,1986.5,3767.5,3264.5,854.5,1158.0,1588.5,1905.5,2052.0,2257.0,2382.0,2535.5,0.0,0.0,0.0,0.0,0.0,0.0,0.0,0.0,0.0,0.0,2338.0,1951.0,434.0,627.0,907.0,1128.0,1218.0,1345.0,1506.0,1552.0,2338.0,1951.0,434.0,627.0,907.0,1128.0,1218.0,1345.0,1506.0,1552.0,2467.0,2317.5,408.5,642.0,1004.5,1181.0,1269.0,1387.5,1535.5,1581.0,2599.0,2371.0,422.5,680.0,1059.0,1249.0,1356.5,1495.0,1648.0,1699.5,3329.0,2872.0,562.0,893.0,1308.0,1594.0,1945.0,2133.0,2417.0,2424.0,2929.0,2242.5,1031.5,1247.0,1329.5,1699.0,2240.5,2409.5,2709.5,2619.5,0.0,0.0,0.0,0.0,0.0,0.0,0.0,0.0,0.0,0.0,637.0,663.0,8465.0,8629.0,8901.0,9287.0,8954.0,8715.0,8835.0,8330.0,637.0,663.0,8465.0,8629.0,8901.0,9287.0,8954.0,8715.0,8835.0,8330.0,0.0,0.0,0.0,0.0,0.0,0.0,0.0,0.0,0.0,0.0,0.0,0.0,0.0,0.0,0.0,0.0,0.0,0.0,0.0,0.0,3101.5,2805.5,745.0,990.5,1386.5,1598.0,1817.0,1975.0,2163.5,2201.0,3395.0,3181.5,717.5,988.0,1464.0,1646.5,1818.5,1982.5,2213.0,2249.0,"{""type"":""MultiPoint"",""coordinates"":[]}"
3848,1,1593.0,949.0,650.0,706.0,927.0,1159.0,1274.0,1386.0,1577.0,1588.0,3274.5,3119.0,1598.0,1778.0,2026.5,2193.5,2226.0,2328.5,2475.5,2467.0,2716.0,1975.0,969.0,1134.0,1421.0,1613.0,1737.0,1850.0,2007.0,2076.0,4023.0,3616.0,1579.0,1903.0,2272.0,2551.0,2661.5,2821.5,2953.0,3019.5,4995.0,4549.5,2355.5,2799.0,3229.5,3553.5,3721.5,3902.5,4081.5,4145.5,5336.5,4580.0,3197.5,3428.5,3597.5,3968.5,4412.0,4703.5,4855.5,4803.5,1881.5,1091.5,472.0,669.5,541.5,860.0,2216.5,2728.0,2706.5,2844.0,2683.5,1680.0,1054.5,1331.0,1132.5,1602.5,3860.0,5067.0,5011.0,5182.0,2286.0,1432.0,388.5,613.5,510.5,1026.0,3633.5,5232.0,5467.0,5507.0,1736.0,685.0,245.0,472.0,245.0,635.0,3343.0,5164.0,5021.0,5469.0,3316.5,2390.5,3374.0,3068.5,2611.0,3158.5,4812.0,5922.5,5892.0,6038.0,3180.0,2484.0,1029.0,1268.0,1499.0,1739.0,1953.0,2050.0,2276.0,2252.0,1980.0,828.0,341.0,533.0,298.0,759.0,3309.0,5179.0,5021.0,5568.0,2087.5,1064.5,390.5,634.0,473.0,955.5,2758.5,3689.5,3892.0,4171.5,2773.0,1713.0,601.0,881.0,1078.0,1555.0,2366.0,2788.0,2904.0,3284.0,2577.0,1862.0,498.0,607.0,812.0,1055.0,1178.0,1400.0,1386.0,1572.0,4653.0,3617.5,1006.5,1359.5,1986.5,2374.0,2527.0,2785.0,2967.0,3174.0,4708.5,3487.5,956.0,1263.5,1818.0,2179.0,2369.0,2600.5,2692.0,2978.0,4389.0,3395.5,831.5,1100.0,1570.5,1876.5,2036.5,2243.5,2388.0,2576.5,2573.0,1918.5,841.0,997.0,1287.5,1505.5,1626.0,1780.5,1788.0,1958.5,4124.5,3428.5,1144.0,1450.5,1867.0,2235.5,2400.0,2545.0,2641.5,2822.5,2983.0,2103.0,894.0,1174.0,1459.0,1774.0,1999.0,2153.0,2370.0,2352.0,3017.0,2277.0,925.0,1176.0,1401.0,1680.0,1813.0,1957.0,2118.0,2148.0,2894.5,2071.5,789.5,1085.0,1314.5,1705.5,2022.0,2186.5,2405.5,2407.0,0.0,0.0,0.0,0.0,0.0,0.0,0.0,0.0,0.0,0.0,2763.5,1982.5,759.0,1037.5,1433.0,1700.5,1834.5,1991.5,2240.5,2242.5,3093.0,2370.0,890.0,1205.0,1535.0,1822.0,1969.0,2100.0,2271.0,2408.0,0.0,0.0,0.0,0.0,0.0,0.0,0.0,0.0,0.0,0.0,2220.0,1514.0,699.0,883.0,1156.0,1415.0,1557.0,1734.0,1936.0,2001.0,0.0,0.0,0.0,0.0,0.0,0.0,0.0,0.0,0.0,0.0,504.0,559.0,10742.0,10484.0,10382.0,10447.0,10069.0,9610.0,9994.0,9107.0,1187.0,793.5,3549.5,3624.5,3819.5,4070.5,4050.5,4037.0,4147.0,3997.0,2422.0,1896.0,847.0,1035.0,1195.0,1485.0,1697.0,1830.0,1947.0,1991.0,3321.0,2535.0,1071.0,1381.0,1584.0,1935.0,2261.0,2394.0,2576.0,2614.0,2843.0,2001.0,909.0,1185.0,1386.0,1739.0,1848.0,1977.0,2201.0,2189.0,3456.5,2753.5,1152.5,1427.0,1717.5,2015.0,2120.5,2289.0,2518.0,2478.5,"{""type"":""MultiPoint"",""coordinates"":[]}"
3854,3,2622.0,2003.0,679.0,965.0,1209.5,1546.5,1912.5,2071.5,2271.0,2261.5,4729.0,4504.0,1351.0,1879.0,2410.0,2762.0,2954.0,3232.0,3225.0,3416.0,2697.0,2080.0,752.0,982.0,1271.0,1480.0,1638.0,1667.0,1858.0,1851.0,4093.0,3614.0,1098.5,1554.5,1672.0,2318.5,2674.5,2784.5,2912.5,3052.5,2544.0,1811.0,440.0,773.0,735.0,1300.0,1694.0,1857.0,1859.0,2124.0,2291.0,1754.5,1501.0,1749.5,1765.0,2141.0,2182.0,2268.5,2570.0,2066.5,0.0,0.0,0.0,0.0,0.0,0.0,0.0,0.0,0.0,0.0,2134.5,1231.0,479.0,723.5,478.0,1096.0,2808.5,3521.0,3359.0,3513.5,1750.5,931.0,287.5,517.0,269.5,817.0,2623.5,3362.5,3303.5,3449.0,1805.0,867.0,417.0,623.0,364.0,879.0,3116.0,4472.0,4409.0,4445.0,2433.5,1752.0,1974.5,2088.5,1925.0,2440.0,3818.5,4700.0,4416.5,4778.5,2934.0,2386.0,850.0,1155.0,1440.0,1822.0,2209.0,2370.0,2644.0,2568.0,1584.0,721.0,418.5,632.5,358.0,962.5,3207.0,4643.0,4538.5,4978.5,1688.0,825.0,568.5,895.0,517.0,1358.5,3396.0,4361.0,4427.5,4587.0,1675.0,869.0,572.0,958.0,583.0,1620.0,3408.0,3976.0,4017.0,4284.0,2106.0,1162.0,663.0,1350.0,947.0,2263.0,3406.0,3886.0,3780.0,4153.0,3508.5,2275.5,1002.5,1493.5,2087.5,2713.0,3206.5,3455.0,3616.0,3883.0,3930.5,2612.5,1055.5,1500.5,2207.0,2593.0,2875.5,3153.5,3279.0,3548.5,3855.0,2552.5,1017.0,1379.5,1938.5,2283.5,2563.5,2793.5,3026.0,3141.5,2733.5,1714.5,999.5,1294.0,1706.0,2088.0,2357.5,2579.5,2638.0,2902.0,3892.0,2826.0,1034.0,1425.0,1912.0,2310.0,2585.0,2793.0,2992.0,3101.0,3974.0,3009.0,1059.0,1467.0,1909.0,2308.0,2611.0,2765.0,2943.0,3110.0,3326.0,2718.5,1153.5,1452.5,1718.0,2131.5,2466.0,2689.0,2855.0,2922.0,3454.5,2550.0,948.5,1314.0,1716.0,2107.0,2396.0,2569.5,2885.5,2841.0,3447.0,2592.0,992.0,1315.0,1746.0,2072.0,2315.0,2550.0,2740.0,2780.0,1885.0,1404.0,668.0,920.0,1355.0,1612.0,1799.0,1962.0,2294.0,2191.0,3110.0,2223.0,913.0,1281.0,1711.0,2008.0,2122.0,2372.0,2594.0,2545.0,0.0,0.0,0.0,0.0,0.0,0.0,0.0,0.0,0.0,0.0,1836.0,1183.0,695.0,908.0,1289.0,1506.0,1662.0,1837.0,2136.0,2084.0,0.0,0.0,0.0,0.0,0.0,0.0,0.0,0.0,0.0,0.0,183.0,219.0,13460.0,12482.0,11846.0,11780.0,11186.0,10497.0,10758.0,9707.0,302.0,192.0,1094.0,1495.0,1801.0,2178.0,2170.0,2045.0,1950.0,1929.0,2914.5,2336.0,872.0,1178.0,1503.5,1760.0,1893.0,2003.5,2173.5,2243.5,4676.0,4295.0,1460.0,1982.0,2348.0,2738.0,2938.0,3199.0,3426.0,3425.0,2937.0,2372.0,760.0,1088.0,1346.0,1615.0,1806.0,2111.0,2093.0,2203.0,3796.5,3499.0,1199.5,1601.5,2051.0,2301.0,2443.5,2736.0,2783.0,2852.0,"{""type"":""MultiPoint"",""coordinates"":[]}"
3856,5,1658.0,862.0,494.0,684.0,948.0,1267.0,1567.0,1705.0,1969.0,2032.0,3600.0,2467.0,718.0,1114.0,1270.0,2007.0,2541.0,2739.0,2892.0,3092.0,0.0,0.0,0.0,0.0,0.0,0.0,0.0,0.0,0.0,0.0,0.0,0.0,0.0,0.0,0.0,0.0,0.0,0.0,0.0,0.0,4047.0,3153.0,859.0,1167.0,1525.0,1837.0,2059.0,2244.0,2517.0,2553.0,0.0,0.0,0.0,0.0,0.0,0.0,0.0,0.0,0.0,0.0,0.0,0.0,0.0,0.0,0.0,0.0,0.0,0.0,0.0,0.0,5027.0,4337.5,1066.0,1326.5,1792.5,2086.0,2183.0,2382.5,2469.0,2771.0,5371.0,4565.0,1349.0,1577.0,2028.0,2319.5,2412.5,2671.0,2859.5,3126.0,4152.0,3015.0,817.0,992.0,1306.0,1609.0,1830.0,2093.0,2205.0,2478.0,0.0,0.0,0.0,0.0,0.0,0.0,0.0,0.0,0.0,0.0,3555.0,2667.0,984.5,1201.5,1518.5,1895.5,2254.5,2469.5,2718.5,2745.5,4327.0,3206.0,826.5,1106.0,1185.5,1687.5,2826.5,3192.5,3195.5,3610.5,0.0,0.0,0.0,0.0,0.0,0.0,0.0,0.0,0.0,0.0,2775.0,1314.5,434.0,646.0,375.5,947.0,3903.5,4849.5,4726.5,5134.0,2495.5,1075.0,219.5,473.0,181.0,767.5,4136.5,5392.5,5244.5,5621.0,2132.0,922.0,194.0,396.0,193.0,698.0,3686.0,4892.0,4793.0,5179.0,2112.5,904.5,289.5,467.5,217.0,716.0,3852.5,5203.0,5111.0,5424.5,2092.5,905.5,197.5,443.0,167.0,747.0,3779.0,4903.5,4882.5,5162.5,2104.0,971.0,315.0,818.0,342.0,1445.0,3874.0,4474.0,4582.0,4753.0,2296.0,1211.0,363.0,1098.0,820.0,2100.0,3296.0,3605.0,3809.0,4029.0,3052.5,2177.0,453.5,680.0,1017.0,1288.5,1453.5,1675.0,1896.5,2049.5,3094.0,2178.0,882.0,1083.0,1372.0,1734.0,2142.0,2368.0,2673.0,2594.0,2770.0,1928.5,476.0,684.5,938.5,1209.5,1446.5,1616.5,1837.5,1925.0,0.0,0.0,0.0,0.0,0.0,0.0,0.0,0.0,0.0,0.0,3536.0,2365.0,964.0,1333.0,1700.0,2156.0,2575.0,2758.0,3215.0,3166.0,3555.0,2362.0,1009.0,1335.0,1653.0,2199.0,2673.0,2791.0,3060.0,3148.0,0.0,0.0,0.0,0.0,0.0,0.0,0.0,0.0,0.0,0.0,0.0,0.0,0.0,0.0,0.0,0.0,0.0,0.0,0.0,0.0,3405.0,2375.0,846.0,1091.0,1347.0,1719.0,2155.0,2297.0,2627.0,2567.0,0.0,0.0,0.0,0.0,0.0,0.0,0.0,0.0,0.0,0.0,141.0,143.0,8663.0,8908.0,9200.0,9561.0,9121.0,8478.0,8639.0,8012.0,3303.0,2290.0,745.0,995.0,1220.0,1622.0,2055.0,2274.0,2528.0,2567.0,3234.0,2228.0,673.0,940.0,1020.0,1605.0,2374.0,2624.0,2885.0,2873.0,3173.5,2132.0,639.5,976.0,1024.0,1722.5,2498.5,2733.5,3028.5,3038.0,3630.0,2538.5,899.0,1299.0,1393.5,2174.5,2969.5,3231.5,3483.0,3558.0,"{""type"":""MultiPoint"",""coordinates"":[]}"
3889,5,2587.0,1868.0,910.0,1129.0,1548.0,1818.0,1930.0,2051.0,2244.0,2353.0,2662.0,2193.0,755.0,896.0,1176.0,1383.0,1468.0,1609.0,1707.0,1842.0,1591.0,1087.5,533.5,699.0,932.0,1138.5,1159.0,1265.5,1360.5,1399.0,2772.0,1970.0,890.0,1172.0,1566.0,1950.0,2383.0,2578.0,1883.0,2608.0,4540.0,4147.0,1591.0,2073.0,2585.0,2822.0,2951.0,3042.0,3423.0,3330.0,0.0,0.0,0.0,0.0,0.0,0.0,0.0,0.0,0.0,0.0,0.0,0.0,0.0,0.0,0.0,0.0,0.0,0.0,0.0,0.0,5819.0,5325.5,1844.5,2385.5,2798.5,3337.0,3712.0,3984.0,4026.0,4351.0,3643.0,3426.0,987.0,1334.0,1650.0,1916.0,2262.0,2409.0,2570.0,2609.0,3111.0,2310.0,1017.0,1320.0,1494.0,1872.0,2581.0,2897.0,2998.0,3136.0,4093.5,2782.0,1799.5,1976.5,1879.0,2458.0,3862.5,4394.5,4358.0,4699.5,2695.5,1921.5,979.5,1188.5,1614.0,1814.0,1942.0,2092.0,2305.0,2334.0,3206.0,2188.0,679.0,946.0,826.0,1412.0,3396.0,4125.0,4067.0,4362.0,2954.0,1865.0,976.0,1030.0,844.0,1287.0,3546.0,4546.0,4538.0,4766.0,2199.0,1327.0,573.0,773.0,614.0,1058.0,3198.0,4145.0,3909.0,4332.0,1972.0,919.0,306.0,545.0,295.0,835.0,3038.0,3903.0,3781.0,4096.0,2009.0,1030.0,272.0,576.0,312.0,952.0,2929.0,3692.0,3648.0,3919.0,1939.5,995.0,416.0,717.5,446.0,1144.5,2857.0,3417.5,3427.0,3661.5,2305.0,1351.5,383.0,696.0,517.0,1196.5,2421.5,2761.5,2743.5,3128.0,1771.0,1044.0,385.5,620.5,476.0,993.5,1702.0,1887.5,2000.0,2078.0,2272.0,1447.0,365.0,593.0,529.0,1021.0,1718.0,1885.0,2094.0,2204.0,3109.0,2121.0,547.0,812.0,899.0,1371.0,1770.0,2018.0,2258.0,2337.0,1348.0,1024.0,844.0,906.0,1092.0,1196.0,1248.0,1322.0,1528.0,1411.0,2578.0,1879.0,513.0,701.0,792.0,1131.0,1484.0,1626.0,1839.0,1842.0,1544.0,956.0,538.0,667.0,928.0,1096.0,1154.0,1306.0,1437.0,1477.0,1751.5,1225.5,452.5,676.0,920.5,1090.0,1171.0,1296.0,1450.0,1474.5,2201.0,1643.0,527.0,756.0,999.0,1196.0,1302.0,1415.0,1556.0,1583.0,0.0,0.0,0.0,0.0,0.0,0.0,0.0,0.0,0.0,0.0,1945.5,1535.0,1195.0,1266.5,1386.5,1590.5,1678.0,1764.0,1986.0,1887.5,0.0,0.0,0.0,0.0,0.0,0.0,0.0,0.0,0.0,0.0,1237.0,1135.0,7920.0,7832.0,7934.0,7994.0,7797.0,7698.0,8108.0,7592.0,2657.5,1859.5,1187.5,1469.5,1927.5,2179.0,2204.0,2419.5,2603.5,2653.5,2267.0,1686.0,866.0,1110.0,1489.0,1786.0,1823.0,1936.0,2110.0,2189.0,2508.5,1845.0,1017.5,1227.5,1547.5,1782.5,1865.5,1985.0,2150.0,2180.5,2421.0,1803.0,941.0,1178.0,1520.0,1761.0,1799.0,1933.0,2098.0,2168.0,3227.0,2375.0,1172.0,1411.0,1778.5,2038.0,2080.5,2225.5,2431.5,2472.0,"{""type"":""MultiPoint"",""coordinates"":[]}"
3904,5,1973.0,1480.0,514.0,703.0,1008.0,1148.5,1225.0,1314.0,1497.0,1474.0,4877.5,4580.5,1290.0,1772.0,2449.0,2789.5,2901.5,3075.0,3265.0,3363.0,2647.0,1971.0,736.0,946.0,1324.0,1526.0,1618.0,1772.0,1924.0,1965.0,4670.0,4546.0,1335.0,1808.0,2419.0,2775.0,2878.0,3075.0,3036.0,3322.0,3750.0,3220.0,954.0,1353.0,1856.0,2125.0,2292.0,2470.0,2687.0,2742.0,5528.0,4883.0,1362.0,1948.0,2465.0,3059.0,3875.0,4145.0,4416.0,4493.0,0.0,0.0,0.0,0.0,0.0,0.0,0.0,0.0,0.0,0.0,4301.0,3221.5,863.0,1298.0,1358.5,2055.0,4006.5,4703.0,4693.5,4958.5,3001.0,2182.5,2278.5,2252.0,1958.0,2267.5,3664.0,4208.0,4567.0,4270.5,2446.5,1246.5,389.5,577.5,301.5,855.5,3934.5,5293.0,5257.5,5446.5,2801.0,1320.0,312.0,498.0,240.0,812.0,4415.0,6394.0,6345.0,6535.0,2497.0,2128.0,691.0,903.0,1279.0,1430.0,1495.0,1584.0,1810.0,1777.0,2604.0,1394.5,557.0,755.5,392.5,870.5,4541.5,6188.0,6024.5,6331.5,2646.0,1094.5,593.0,690.5,392.5,910.5,4509.0,6492.5,6529.5,6876.0,2322.0,976.0,267.0,484.0,197.0,776.0,4161.0,5340.0,5260.0,5667.0,2220.5,1192.0,469.0,772.5,471.5,1222.5,3577.5,4532.0,4464.0,4854.5,2264.0,1234.0,352.0,822.0,526.0,1514.0,3007.0,3516.0,3515.0,3854.0,3020.0,2065.5,487.0,696.5,1017.0,1365.5,1549.0,1764.5,1948.0,2175.5,2899.0,2296.0,555.0,681.0,971.0,1184.0,1273.0,1446.0,1611.0,1691.0,2413.0,2091.0,515.0,707.0,980.0,1129.0,1199.0,1311.0,1353.0,1464.0,3054.0,2796.0,660.0,925.0,1345.0,1528.0,1576.0,1729.0,1781.0,1848.0,3036.5,2900.0,666.5,913.5,1287.5,1469.5,1551.5,1667.0,1784.0,1845.0,3118.0,2857.0,1616.5,1785.0,2032.5,2234.5,2307.5,2372.5,2478.0,2503.5,2341.0,1790.0,726.0,834.0,1078.0,1206.0,1257.0,1358.0,1480.0,1539.0,3688.5,3516.0,924.5,1213.0,1684.5,1917.0,1997.0,2127.0,2262.5,2334.0,2598.5,2168.5,565.0,825.5,1204.5,1331.0,1436.0,1551.5,1780.5,1745.0,2385.0,1807.0,583.0,776.0,1083.0,1242.0,1326.0,1449.0,1584.0,1652.0,0.0,0.0,0.0,0.0,0.0,0.0,0.0,0.0,0.0,0.0,2162.0,1638.0,615.0,771.0,1040.0,1184.0,1285.0,1403.0,1534.0,1562.0,0.0,0.0,0.0,0.0,0.0,0.0,0.0,0.0,0.0,0.0,89.0,127.0,12644.0,11845.0,11354.0,11367.0,10723.0,10070.0,10246.0,9355.0,564.0,409.0,3886.0,4427.0,5049.0,5259.0,5107.0,5037.0,5270.0,4857.0,2450.5,1914.5,685.5,917.5,1276.5,1430.0,1526.0,1635.0,1818.0,1813.5,3966.0,3560.0,1010.0,1403.0,1928.0,2176.0,2289.0,2425.0,2714.0,2730.0,3150.0,2696.0,766.0,1092.0,1510.0,1716.0,1836.0,1950.0,2119.0,2175.0,2667.0,1925.0,792.0,1073.0,1489.0,1707.0,1847.0,1979.0,2027.0,2228.0,"{""type"":""MultiPoint"",""coordinates"":[]}"
3926,1,2396.0,1570.0,366.0,678.0,940.0,1286.0,1615.0,1868.0,2138.0,2172.0,5398.0,5068.0,1505.0,2301.0,3122.0,3454.0,3623.0,3791.0,4003.0,3969.0,2945.5,2129.0,752.5,1144.0,1578.0,1894.5,2047.5,2213.0,2340.5,2379.0,4028.5,3414.5,1136.5,1712.5,2160.5,2607.0,2930.0,3112.0,3256.5,3269.5,4297.0,3600.0,1243.0,1944.0,2483.0,2947.0,3361.0,3547.0,3746.0,3744.0,3808.0,2649.0,1237.0,1694.0,1891.0,2485.0,3594.0,4118.0,4168.0,4210.0,1145.0,543.0,556.0,654.0,513.0,753.0,1858.0,2346.0,2254.0,2341.0,3437.0,2805.5,2447.0,2377.5,2213.5,2603.5,4368.5,5567.0,5574.0,5685.0,946.5,463.5,213.0,311.0,192.0,467.0,1743.5,2861.0,2939.0,2931.0,2062.0,986.0,503.5,678.5,481.5,953.5,3189.0,4773.0,4673.0,5028.0,1811.0,772.0,390.0,552.5,375.0,737.0,2970.0,4736.0,4811.5,5029.5,3195.0,2344.0,657.0,1015.0,1274.0,1653.0,2046.0,2233.0,2529.0,2562.0,1493.0,617.0,367.0,481.0,353.0,551.0,2316.0,3645.0,3851.0,3745.0,2075.0,955.5,464.5,687.5,451.0,925.5,3316.5,4795.0,4830.5,5148.0,2278.0,1206.0,493.0,760.0,567.0,1120.0,2894.0,3623.0,3693.0,4128.0,3048.0,2202.0,574.0,806.0,961.0,1480.0,1963.0,2334.0,2350.0,2725.0,3497.0,2595.0,1008.0,1482.0,1899.0,2268.0,2797.0,3054.0,3215.0,3362.0,3893.0,3076.0,927.0,1344.0,1958.0,2315.0,2476.0,2713.0,2826.0,3008.0,3777.5,3110.0,947.0,1313.0,1717.0,2006.0,2177.0,2380.0,2537.5,2653.0,3618.5,2794.5,1828.5,1980.5,2131.0,2408.0,2726.5,2944.0,3045.0,3163.5,3751.0,2937.0,805.0,1211.0,1492.0,1923.0,2423.0,2697.0,2723.0,2906.0,4020.5,3369.5,925.5,1417.5,2013.5,2315.5,2506.0,2725.5,2869.0,2927.0,3900.0,3423.5,2299.0,2449.0,2616.5,2921.0,3190.0,3313.0,3545.0,3494.0,3649.0,2966.5,908.5,1342.0,1809.5,2159.0,2315.0,2517.0,2748.0,2734.0,0.0,0.0,0.0,0.0,0.0,0.0,0.0,0.0,0.0,0.0,2935.0,2144.5,655.0,1045.0,1514.5,1769.5,1941.0,2094.5,2337.5,2303.0,3179.5,2420.0,726.0,1127.5,1545.5,1872.0,2080.5,2247.0,2441.5,2464.5,0.0,0.0,0.0,0.0,0.0,0.0,0.0,0.0,0.0,0.0,2920.0,2114.0,695.0,1024.0,1260.0,1608.0,2091.0,2380.0,2526.0,2503.0,0.0,0.0,0.0,0.0,0.0,0.0,0.0,0.0,0.0,0.0,837.0,915.0,10480.0,10130.0,10100.0,10210.0,9904.0,9519.0,9920.0,9198.0,2422.0,2196.0,4309.5,4374.0,4372.5,4725.0,4759.0,4716.5,4943.0,4728.0,3210.0,2314.0,614.0,978.0,1246.0,1691.0,2286.0,2468.0,2775.0,2754.0,3629.0,2852.5,1958.0,2142.0,2361.5,2699.5,2852.5,3002.5,3261.5,3201.0,3297.0,2467.0,689.0,1062.0,1488.0,1782.0,1964.0,2146.0,2408.0,2434.0,3457.0,2749.0,931.0,1313.0,1841.0,2075.0,2222.0,2391.0,2481.0,2575.0,"{""type"":""MultiPoint"",""coordinates"":[]}"
3932,5,1650.5,1312.0,1488.0,1604.5,1804.5,1963.5,2008.0,2111.5,2270.0,2239.0,3039.0,2729.0,669.0,976.0,1477.0,1661.0,1822.0,1960.0,2096.0,2189.0,3039.0,2761.0,694.0,977.0,1477.0,1661.0,1822.0,1991.0,2190.0,2189.0,2885.0,2324.5,762.0,1055.0,1470.5,1800.5,1955.5,2138.0,2302.0,2284.5,2652.0,2150.0,634.0,904.0,1309.0,1537.0,1731.0,1847.0,1976.0,2043.0,2709.0,1868.0,774.0,1020.0,1359.0,1699.0,2012.0,2233.0,2244.0,2446.0,1676.0,1088.0,1294.0,1207.0,1094.0,1288.0,1424.0,1635.0,2001.0,1456.0,3696.0,3099.5,883.5,1201.5,1553.0,2066.5,2786.5,3021.5,2967.5,3247.5,3148.0,2787.0,1067.0,1434.0,1535.0,2262.0,3758.0,4006.0,3895.0,4084.0,3269.5,2031.0,996.0,1060.5,871.5,1499.0,3933.5,4613.5,4506.0,4805.0,3303.0,1767.0,782.0,961.0,674.0,1358.5,4675.0,6185.5,5884.0,6537.0,2191.5,1946.5,1242.5,1498.5,1908.0,2141.5,2230.5,2332.5,2508.5,2435.0,2978.0,1380.0,917.0,957.0,557.0,1201.0,4186.0,5582.0,5454.0,5930.0,2495.0,1132.0,583.0,680.0,426.0,896.0,4008.0,5609.0,5304.0,5991.0,2235.0,1060.0,394.0,562.0,279.0,835.0,3875.0,5609.0,5304.0,5991.0,2367.0,1045.0,376.0,548.0,281.0,832.0,4007.0,5237.0,5122.0,5492.0,2101.0,957.5,239.5,488.5,223.5,873.0,3838.5,4872.5,4905.5,5205.0,2311.0,1139.0,463.0,915.0,462.0,1567.0,3711.0,4541.0,4565.0,4886.0,2615.0,1673.0,466.0,694.0,834.0,1306.0,1766.0,2012.0,2383.0,2505.0,2797.0,2064.0,491.0,598.0,816.0,1015.0,1119.0,1297.0,1427.0,1552.0,3507.0,2832.0,787.0,962.0,1339.0,1518.0,1653.0,1764.0,1905.0,1982.0,3612.0,2859.5,817.0,1038.0,1402.5,1628.5,1725.0,1830.0,1962.5,2057.0,2122.5,1659.0,519.0,727.0,1097.0,1261.0,1342.5,1464.0,1620.0,1612.5,2049.0,1729.0,370.0,534.0,862.0,1012.0,1107.0,1195.0,1322.0,1349.0,2165.0,1996.0,370.0,543.0,899.0,1043.0,1142.0,1221.0,1345.0,1366.0,2446.0,2169.0,386.0,650.0,1064.0,1228.0,1337.0,1456.0,1659.0,1577.0,2318.5,2005.0,326.0,592.5,960.0,1143.0,1251.5,1370.0,1474.0,1535.0,2222.0,1860.0,289.0,562.0,846.0,1052.0,1316.0,1478.0,1580.0,1602.0,1979.0,1435.0,412.0,616.0,798.0,1078.0,1430.0,1574.0,1706.0,1732.0,2780.0,2368.0,586.0,893.0,1378.0,1551.0,1649.0,1794.0,2020.0,2001.0,617.0,640.0,8926.0,9174.0,9478.0,9792.0,9444.0,9140.0,9338.0,8726.0,632.5,554.0,6601.0,6803.5,7089.5,7370.0,7060.0,6863.5,7042.0,6615.0,2346.0,1763.0,582.0,812.0,1174.0,1396.0,1499.0,1626.0,1784.0,1774.0,3033.0,2638.0,726.0,1010.0,1435.0,1740.0,1821.0,1984.0,2200.0,2188.0,2434.0,1697.0,696.0,920.0,1197.0,1512.0,1695.0,1844.0,1910.0,2026.0,2971.0,2683.0,664.0,947.0,1416.0,1629.0,1725.0,1950.0,2112.0,2108.0,"{""type"":""MultiPoint"",""coordinates"":[]}"
3953,5,2256.0,1411.0,418.0,735.0,777.0,1359.0,2227.0,2425.0,2630.0,2629.0,3596.0,2816.0,1081.0,1277.0,1498.0,1918.0,2126.0,2282.0,2407.0,2566.0,2858.0,2146.0,738.0,939.0,1197.0,1440.0,1572.0,1708.0,1935.0,1933.0,3201.0,2516.0,982.0,1175.0,1280.0,1694.0,1883.0,2013.0,2241.0,2237.0,4226.0,3700.5,1153.0,1498.5,1908.0,2253.5,2374.5,2576.5,2741.0,2848.0,6306.0,6011.0,1866.0,2344.0,2921.0,3448.0,3701.0,4035.0,4049.0,4367.0,3352.0,2233.0,924.0,1126.0,1296.0,1734.0,2146.0,2366.0,2432.0,2665.0,4425.5,3392.0,891.5,1235.0,1205.0,1953.5,3266.5,3756.0,3843.0,4050.5,3576.5,2559.5,845.5,995.0,924.0,1515.0,3298.5,3885.0,3997.0,4179.5,2688.0,1479.0,370.0,625.0,365.0,1078.0,3423.0,4327.0,4318.0,4385.0,1883.5,933.5,353.5,461.5,269.0,676.0,2994.5,4073.0,4036.0,4135.0,2762.0,1962.0,620.0,913.0,969.0,1545.0,2356.0,2623.0,2807.0,2826.0,2839.0,1825.0,1694.5,1748.5,1461.0,1975.0,4296.5,5386.5,5329.5,5630.0,2333.5,1021.0,465.0,603.5,346.0,850.0,3986.5,5611.0,5679.0,5847.5,2231.5,993.5,306.0,489.0,277.5,805.5,3690.5,5092.5,5002.0,5359.5,1994.0,958.0,375.0,604.0,329.0,983.0,3244.0,4053.0,4005.0,4327.0,2266.5,1234.5,455.5,917.5,669.5,1642.5,3206.5,3724.0,3745.5,3973.5,2580.5,1773.0,449.0,672.0,801.5,1294.5,1602.5,1813.0,1801.5,2197.5,3163.5,2405.0,564.5,712.0,953.0,1240.5,1398.5,1565.5,1692.0,1861.0,2972.0,2160.0,904.0,1114.0,1414.0,1692.0,1799.0,1944.0,2014.0,2132.0,3429.0,2567.0,946.0,1158.0,1455.0,1744.0,1914.5,2078.0,2163.5,2285.5,3334.0,2440.0,869.0,1092.0,1341.0,1677.0,1936.0,2073.0,2215.0,2291.0,1675.0,1226.0,884.0,939.0,924.0,1197.0,1558.0,1661.0,1895.0,1743.0,2784.0,2052.5,656.5,892.0,1064.0,1366.0,1684.5,1804.5,1931.5,2000.5,1587.0,1225.5,513.5,601.0,748.0,849.5,936.0,1033.0,1125.5,1144.0,2538.5,1865.5,549.0,793.5,1060.5,1299.0,1474.0,1611.5,1824.0,1816.0,2598.5,1922.5,573.5,869.0,1062.5,1402.5,1626.0,1727.5,1882.0,1925.5,0.0,0.0,0.0,0.0,0.0,0.0,0.0,0.0,0.0,0.0,2553.0,1882.0,621.0,898.0,1052.0,1426.0,1845.0,1993.0,2179.0,2185.0,0.0,0.0,0.0,0.0,0.0,0.0,0.0,0.0,0.0,0.0,645.0,703.0,10700.0,10414.0,10274.0,10341.0,9940.0,9474.0,9784.0,9013.0,209.0,163.0,8106.0,8104.0,8168.0,8357.0,8023.0,7622.0,7858.0,7185.0,2630.0,1712.0,566.0,895.0,959.0,1500.0,2191.0,2405.0,2669.0,2648.0,3194.5,2255.5,856.0,1278.0,1425.0,2059.5,2504.0,2693.0,2985.5,2983.5,3209.0,2279.0,771.0,1135.0,1453.0,1923.0,2151.0,2346.0,2553.0,2648.0,3382.0,2562.0,835.0,1142.0,1418.0,1782.0,1963.0,2120.0,2318.0,2402.0,"{""type"":""MultiPoint"",""coordinates"":[]}"
3968,5,2077.0,1272.0,443.0,692.0,682.0,1192.0,2066.0,2211.0,2487.0,2429.0,3942.5,3324.5,1081.5,1428.0,1827.5,2124.0,2337.5,2525.0,2719.5,2797.5,2984.0,2236.0,780.0,982.0,1297.0,1476.0,1649.0,1779.0,2095.0,2117.0,2979.0,2078.0,753.0,959.0,1193.0,1439.0,1668.0,1920.0,2134.0,2175.0,0.0,0.0,0.0,0.0,0.0,0.0,0.0,0.0,0.0,0.0,5181.0,4446.0,1279.0,1705.0,2042.0,2579.0,3398.0,3823.0,3939.0,4132.0,0.0,0.0,0.0,0.0,0.0,0.0,0.0,0.0,0.0,0.0,3131.0,1934.0,489.0,771.0,720.0,1255.0,2892.0,3414.0,3426.0,3642.0,3100.0,1529.0,366.0,697.0,415.0,1161.0,4314.0,5326.0,5220.0,5425.0,2989.0,1722.0,438.0,680.0,478.0,1059.0,3886.0,5147.0,5375.0,5313.0,2455.0,1322.0,284.0,474.0,333.0,763.0,3502.0,4979.0,4984.0,5082.0,2256.0,1529.0,510.0,679.0,796.0,1280.0,2012.0,2176.0,2494.0,2403.0,1581.0,710.0,413.5,486.5,288.5,665.0,2713.5,3665.5,3597.0,3887.5,2214.0,926.0,502.0,642.0,378.0,821.0,3579.0,4946.0,5038.0,5258.0,1901.0,930.0,432.0,581.0,364.0,884.0,2953.0,3851.0,3821.0,4119.0,3387.0,2734.0,2055.0,2199.5,2037.0,2569.0,3709.0,4172.0,4041.0,4384.5,2511.5,1480.0,468.5,820.5,760.0,1510.0,2405.5,2741.5,2938.5,3120.5,3501.0,2501.0,613.0,894.0,1187.0,1709.0,2051.0,2270.0,2511.0,2752.0,3082.0,2246.0,586.0,783.5,1064.0,1307.5,1514.0,1728.0,1828.0,1952.0,3776.0,2794.0,818.0,1109.0,1471.0,1841.0,2021.0,2161.0,2228.0,2452.0,3438.0,2940.0,807.0,1076.0,1445.0,1690.0,1772.0,1967.0,2164.0,2192.0,2876.5,2469.0,1770.5,1865.5,1989.5,2191.5,2284.0,2464.0,2522.0,2553.5,0.0,0.0,0.0,0.0,0.0,0.0,0.0,0.0,0.0,0.0,1980.0,1555.0,897.0,952.0,1071.0,1198.0,1172.0,1295.0,1433.0,1413.0,4043.0,3445.0,962.0,1275.0,1658.0,1988.0,2192.0,2354.0,2406.0,2567.0,2079.0,1299.0,427.0,641.0,826.0,1034.0,1307.0,1407.0,1619.0,1645.0,3190.0,2596.0,745.0,1011.0,1232.0,1580.0,1885.0,2071.0,2272.0,2301.0,0.0,0.0,0.0,0.0,0.0,0.0,0.0,0.0,0.0,0.0,2590.0,1604.0,614.0,894.0,872.0,1418.0,2324.0,2532.0,2757.0,2865.0,0.0,0.0,0.0,0.0,0.0,0.0,0.0,0.0,0.0,0.0,287.0,271.0,6686.0,6758.0,6882.0,7117.0,6984.0,6644.0,6751.0,6185.0,0.0,0.0,0.0,0.0,0.0,0.0,0.0,0.0,0.0,0.0,2496.0,1786.0,631.0,808.0,1077.0,1255.0,1366.0,1556.0,1809.0,1816.0,4259.0,3667.0,1097.0,1453.0,1893.0,2238.0,2390.0,2528.0,2843.0,2848.0,3968.0,3402.0,971.0,1282.0,1678.0,1927.0,2094.0,2273.0,2531.0,2567.0,0.0,0.0,0.0,0.0,0.0,0.0,0.0,0.0,0.0,0.0,"{""type"":""MultiPoint"",""coordinates"":[]}"
3971,5,1640.0,1122.5,992.5,1043.0,1019.5,1338.5,1747.5,1796.5,2070.5,1865.5,3114.0,2911.0,732.0,1147.0,1475.0,1921.0,2890.0,3090.0,3330.0,3204.0,3391.0,2913.0,1323.0,1695.0,1964.0,2364.0,2890.0,3090.0,3330.0,3204.0,2444.5,1853.5,740.5,1051.5,1284.5,1646.5,1933.5,2160.5,2263.0,2249.0,2237.0,1619.0,664.0,1007.0,1164.0,1546.0,1940.0,2080.0,2230.0,2201.0,2442.5,1600.5,1156.0,1400.0,1336.5,1906.5,2665.5,2932.0,3013.5,3171.0,2233.0,1300.0,686.0,1008.0,820.0,1506.0,2415.0,2750.0,2764.0,2957.0,3563.0,3372.0,871.0,1161.0,1700.0,1948.0,2228.0,2422.0,2514.0,2692.0,2755.5,2157.5,727.0,965.0,1403.5,1588.5,1797.5,1976.0,2106.0,2151.5,4453.0,4235.0,1389.0,1865.0,2314.0,2684.0,3215.0,3669.0,3628.0,3966.0,2604.5,1714.5,1168.0,1287.5,1223.5,1614.0,2435.5,2825.0,3074.0,2884.5,2142.0,1452.0,502.0,776.0,784.0,1401.0,2154.0,2379.0,2565.0,2464.0,2945.0,1982.0,956.0,1135.0,1116.0,1602.0,2721.0,3021.0,2948.0,3106.0,3102.0,2226.0,620.0,924.0,919.0,1461.0,3291.0,3965.0,4040.0,4227.0,2613.0,1296.0,465.0,665.0,442.0,963.0,3687.0,4919.0,4845.0,5026.0,2069.0,945.0,231.0,450.0,261.0,742.0,3299.0,4716.0,4517.0,4687.0,2015.0,940.0,241.0,401.0,214.0,673.0,3491.0,4931.0,5157.0,5179.0,2096.0,962.0,322.0,414.0,238.0,698.0,4161.0,5603.0,5666.0,5679.0,1965.0,1043.0,383.0,663.0,382.0,1081.0,3159.0,3731.0,4285.0,4163.0,2200.0,1426.0,479.0,882.0,740.0,1480.0,2412.0,2689.0,2914.0,3225.0,2111.0,1490.0,421.0,606.0,685.0,1074.0,1398.0,1415.0,1610.0,1740.0,2472.0,1889.5,560.0,726.0,900.0,1103.5,1156.5,1393.5,1481.0,1561.5,1694.5,1461.0,435.0,566.5,793.5,921.0,1079.5,1156.0,1297.0,1291.5,2675.0,1864.0,692.0,918.0,1051.0,1249.0,1631.0,1750.0,2011.0,1937.0,2832.0,2123.0,692.0,928.0,1063.0,1249.0,1631.0,1756.0,2011.0,1937.0,2527.0,1826.0,546.0,862.0,887.0,1300.0,1736.0,1776.0,2109.0,2029.0,2629.5,1900.0,533.0,886.5,873.5,1385.5,1902.5,2005.5,2153.0,2233.0,2319.5,1558.0,573.0,893.5,815.0,1322.5,1883.0,2036.5,2159.5,2126.5,2194.5,1433.5,462.0,793.0,662.5,1189.0,1983.5,2089.0,2265.5,2188.5,2255.0,2091.0,549.0,802.0,1119.0,1292.0,1477.0,1596.0,1804.0,1664.0,658.0,698.0,9476.0,9390.0,9624.0,9743.0,9423.0,9132.0,9416.0,8921.0,682.5,614.5,6617.0,6573.0,6785.5,6910.5,6832.5,6575.5,6743.0,6341.5,1950.0,1413.0,513.5,745.5,903.5,1185.5,1448.0,1550.0,1746.5,1712.0,2200.0,1560.0,563.0,861.0,895.0,1344.0,1917.0,2063.0,2291.0,2181.0,2147.0,1445.0,601.5,925.5,906.0,1479.0,2201.0,2395.5,2576.5,2474.0,3276.0,2599.5,795.0,1323.5,1315.0,2104.5,3267.5,3478.5,3768.5,3689.5,"{""type"":""MultiPoint"",""coordinates"":[]}"
3998,3,1879.0,1242.0,824.0,980.0,1339.0,1556.0,1656.0,1766.0,1996.0,2012.0,3338.5,2422.5,1242.0,1487.0,1835.0,2120.5,2267.0,2424.0,2547.0,2668.0,1146.0,665.5,511.0,624.0,845.0,977.0,1009.0,1105.5,1196.5,1270.0,1951.5,1458.0,783.0,951.5,1198.5,1367.0,1401.0,1535.0,1636.0,1710.0,3638.0,3183.0,1138.0,1443.0,1813.0,2025.0,2132.0,2263.0,2442.0,2453.0,0.0,0.0,0.0,0.0,0.0,0.0,0.0,0.0,0.0,0.0,0.0,0.0,0.0,0.0,0.0,0.0,0.0,0.0,0.0,0.0,2169.0,1797.5,1011.0,1253.5,1318.5,1729.0,1866.0,2016.5,1974.0,2141.5,2470.0,1919.5,1075.5,1479.5,1468.5,2203.0,3103.5,3401.0,2907.5,3495.5,1437.0,795.0,472.0,658.0,383.0,839.0,2293.0,2828.0,2839.0,2812.0,3168.0,2318.5,2007.5,2182.5,1952.0,2440.5,4119.0,5177.0,5022.5,5299.0,2767.5,2060.0,1053.0,1269.5,1639.5,1876.5,1961.5,2125.5,2343.5,2370.5,1601.0,690.0,415.0,566.0,262.0,748.0,3063.0,4695.0,4661.0,4979.0,1759.0,771.0,358.0,516.0,251.0,684.0,3138.0,5322.0,5343.0,5527.0,1840.0,829.0,573.0,577.0,333.0,804.0,3478.0,5028.0,4943.0,5237.0,1905.0,903.0,429.0,861.0,383.0,1437.0,3939.0,5168.0,5062.0,5512.0,1913.0,971.0,491.0,936.0,624.0,1688.0,3867.0,4526.0,4733.0,4872.0,1515.0,781.0,523.5,888.0,788.5,1581.5,2827.5,3306.5,3344.0,3597.0,2177.5,1279.5,600.5,1040.5,1136.5,1943.0,2751.5,3052.5,3235.5,3413.5,2497.0,1621.0,671.5,1001.0,1246.0,1772.5,2224.0,2427.5,2498.0,2707.0,3070.0,1991.0,631.0,963.0,1260.0,1745.0,2224.0,2477.0,2558.0,2758.0,2991.0,1922.0,622.0,954.0,1276.0,1716.0,2009.0,2172.0,2353.0,2480.0,896.0,660.0,708.0,713.0,767.0,808.0,834.0,857.0,1033.0,895.0,2521.0,1725.0,685.5,936.5,1275.0,1597.0,1772.5,1964.0,2115.5,2238.0,2657.5,1795.0,802.5,1054.0,1473.5,1768.0,1954.5,2130.5,2291.0,2371.0,2449.0,1624.0,606.0,884.5,1307.0,1555.0,1681.0,1807.0,2034.5,2056.0,2522.0,1709.0,735.0,988.0,1422.0,1624.0,1765.0,1902.0,2102.0,2132.0,0.0,0.0,0.0,0.0,0.0,0.0,0.0,0.0,0.0,0.0,2556.0,1821.0,848.0,1027.0,1363.0,1595.0,1662.0,1807.0,1981.0,1958.0,0.0,0.0,0.0,0.0,0.0,0.0,0.0,0.0,0.0,0.0,947.0,1045.0,10158.0,9882.0,9958.0,10078.0,9857.0,9492.0,9892.0,9159.0,1468.0,979.0,2507.5,2695.5,2958.5,3069.5,3389.5,3229.5,3376.5,3250.5,1808.0,1165.0,763.0,971.0,1325.0,1600.0,1684.0,1811.0,2004.0,2067.0,1930.5,1307.5,867.5,1059.5,1335.0,1560.5,1687.5,1813.0,1959.5,2003.5,1802.0,1185.0,808.0,1042.0,1329.0,1575.0,1651.0,1774.0,1942.0,1961.0,3514.0,2680.0,1259.0,1543.0,1894.5,2164.5,2251.5,2362.5,2505.5,2562.5,"{""type"":""MultiPoint"",""coordinates"":[]}"
4000,3,31.0,39.0,336.0,437.5,478.5,598.0,345.5,371.0,346.5,247.5,1833.0,1067.0,583.0,808.0,1026.0,1393.0,1564.0,1660.0,1775.0,1948.0,724.0,407.0,718.0,971.0,1139.0,1488.0,1558.0,1695.5,1765.5,1778.5,488.0,322.0,833.0,1072.0,1098.0,1234.0,863.0,881.0,813.0,723.0,832.0,752.0,1600.0,2102.0,2212.0,2309.0,1573.0,1530.0,1499.0,1185.0,1112.0,552.0,600.0,836.0,836.0,1276.0,1518.0,1692.0,1808.0,1896.0,0.0,0.0,0.0,0.0,0.0,0.0,0.0,0.0,0.0,0.0,0.0,0.0,0.0,0.0,0.0,0.0,0.0,0.0,0.0,0.0,2174.0,1110.0,287.0,617.0,257.0,946.0,3320.0,4072.0,3876.0,4120.0,1922.0,922.0,407.0,604.0,291.0,837.0,3124.0,4372.0,4197.0,4404.0,3260.0,2357.0,2470.5,2473.0,2182.0,2683.0,4106.5,5150.0,5053.0,5424.5,140.5,123.0,441.0,549.0,596.5,721.0,525.5,544.5,522.0,382.0,1473.5,659.5,400.5,574.0,282.5,765.5,2773.5,4209.0,4008.0,4421.5,3420.0,2461.5,3071.0,2966.5,2577.0,3076.5,4707.5,5827.5,6006.5,6026.5,1221.0,592.0,417.0,599.0,264.0,986.0,2887.0,3998.0,4071.0,4237.0,1946.0,946.0,426.0,858.0,481.0,1444.0,3801.0,4722.0,4684.0,5048.0,2040.0,1095.0,467.0,929.0,640.0,1673.0,3518.0,4274.0,4344.0,4630.0,1434.5,752.5,420.5,670.0,668.0,1254.0,2072.5,2407.0,2463.0,2669.0,3018.0,1964.0,592.5,833.0,1168.0,1605.5,2053.5,2370.5,2511.5,2753.0,3026.0,2066.5,963.0,1169.5,1375.0,1797.0,2126.0,2338.0,2465.5,2612.0,3193.0,2240.5,634.5,900.0,1164.5,1560.0,1970.0,2191.5,2364.0,2470.5,3325.0,2214.0,593.0,858.0,1122.0,1515.0,1944.0,2142.0,2360.0,2444.0,56.5,45.0,330.5,431.5,451.0,594.0,412.5,410.0,379.0,250.0,3307.0,2303.0,652.0,829.0,1164.0,1521.0,1747.0,1979.0,2214.0,2292.0,2083.0,1124.0,848.0,1064.0,1467.0,1664.0,1748.0,1795.0,2728.0,2000.0,1760.5,1149.5,580.0,863.5,1408.0,1716.5,1829.0,1985.5,2272.5,2321.0,1103.0,738.5,432.5,651.5,969.5,1248.0,1313.5,1422.0,1541.5,1563.5,0.0,0.0,0.0,0.0,0.0,0.0,0.0,0.0,0.0,0.0,57.5,43.0,578.5,730.0,853.5,920.0,655.0,676.0,659.5,487.5,0.0,0.0,0.0,0.0,0.0,0.0,0.0,0.0,0.0,0.0,954.0,1040.0,10834.0,10410.0,10318.0,10463.0,10059.0,9550.0,10010.0,9189.0,102.5,98.5,1480.0,1631.5,1666.5,1900.5,1560.0,1333.0,1228.0,1062.0,59.0,43.0,227.0,403.0,466.0,665.0,579.0,698.0,713.0,610.0,761.0,493.5,507.0,666.5,808.5,1099.0,1197.0,1300.0,1424.5,1447.5,678.0,418.0,323.0,512.0,661.0,902.0,1022.0,1166.0,1242.0,1307.0,1215.0,745.5,502.0,680.0,847.0,1196.0,1293.0,1419.5,1555.0,1626.0,"{""type"":""MultiPoint"",""coordinates"":[]}"
4035,5,1246.0,761.0,709.0,896.0,1244.0,1511.0,1566.0,1724.0,1944.0,1947.0,3898.0,3007.0,1469.0,1759.0,2079.0,2550.0,2859.0,3047.0,3198.0,3313.0,1436.5,851.0,714.5,968.0,1179.0,1611.0,1885.0,2038.0,2194.5,2223.5,957.0,553.0,670.0,871.0,1045.0,1466.0,1658.0,1812.0,1962.0,1953.0,3688.0,2831.0,1082.0,1457.0,1782.0,2303.0,2665.0,2806.0,3067.0,3097.0,4354.0,3878.0,1446.0,1733.0,2124.0,2424.0,2532.0,2690.0,2792.0,2811.0,0.0,0.0,0.0,0.0,0.0,0.0,0.0,0.0,0.0,0.0,3858.0,3153.0,1407.0,1787.0,2034.0,2553.0,2686.0,2866.0,3020.0,3122.0,5968.0,5259.0,2567.0,3076.0,3471.0,4123.0,4827.0,5107.0,5111.0,5441.0,5121.5,4452.0,1839.5,2294.5,2567.5,3174.0,4164.0,4519.0,4662.5,4908.5,3578.0,2670.5,1149.0,1421.0,1382.0,1965.0,3553.5,4072.5,4114.5,4330.0,1875.0,1214.0,735.0,979.0,1341.0,1536.0,1701.0,1773.0,2063.0,2033.0,3257.0,2069.0,744.0,1065.0,978.0,1680.0,3805.0,4524.0,4494.0,4897.0,2608.0,1387.0,896.0,1104.0,817.0,1326.5,3784.5,4996.0,4973.0,5252.5,2174.0,1014.5,315.5,490.5,307.5,747.5,3587.5,4915.0,4935.5,5196.5,2549.0,1111.0,629.0,775.0,524.0,985.0,3969.0,4936.0,4894.0,5240.0,1984.0,864.0,250.0,453.0,250.0,712.0,3412.0,4673.0,4702.0,5020.0,1178.5,511.0,265.0,397.5,225.0,581.5,2267.0,2922.5,2914.5,3085.5,1873.0,908.0,295.0,729.0,444.0,1427.0,2915.0,3226.0,3469.0,3757.0,1714.5,1237.5,694.5,825.0,959.0,1233.5,1332.5,1489.0,1459.5,1712.0,2802.0,2084.0,523.0,712.0,908.0,1134.0,1320.0,1469.0,1644.0,1712.0,2803.0,2044.0,594.0,770.0,965.0,1216.0,1362.0,1515.0,1671.0,1784.0,3300.0,2553.0,1096.0,1400.0,1785.0,2035.0,2135.0,2277.0,2491.0,2497.0,2509.0,1842.0,817.0,1084.0,1405.0,1680.0,1884.0,2021.0,2203.0,2250.0,2275.0,1406.0,772.0,943.0,1169.0,1496.0,1710.0,1867.0,2051.0,2134.0,2323.0,1518.0,627.0,870.0,1076.5,1399.5,1701.0,1860.0,2055.5,2044.5,2394.0,1619.5,637.5,898.5,1078.5,1427.5,1765.5,1921.5,2103.5,2110.0,0.0,0.0,0.0,0.0,0.0,0.0,0.0,0.0,0.0,0.0,1926.0,1359.5,923.5,998.0,1041.0,1297.5,1596.5,1707.0,1924.5,1834.5,2002.5,1869.5,1551.0,1536.0,1635.0,1820.0,1867.0,1946.0,2095.0,2058.5,1036.0,1103.0,10178.0,9980.0,9996.0,10228.0,9868.0,9546.0,9914.0,9175.0,993.5,610.0,2952.5,3064.5,3353.5,3582.5,3541.5,3555.5,3726.0,3567.5,1606.0,962.0,718.0,934.0,1278.0,1543.0,1651.0,1806.0,2036.0,2041.0,1156.5,724.0,680.0,890.5,1154.5,1417.0,1590.5,1722.5,1896.5,1895.0,1656.0,1051.0,723.0,978.0,1274.0,1578.0,1801.0,1906.0,2090.0,2114.0,3852.5,3016.0,1405.5,1722.5,2100.0,2523.0,2736.0,2881.0,3084.0,3156.0,"{""type"":""MultiPoint"",""coordinates"":[]}"
4054,3,2166.0,1474.0,717.0,1118.0,1403.0,1711.0,1769.0,1880.0,2081.0,2015.0,5152.0,4590.5,1715.5,2396.5,2923.0,3370.5,3649.5,3729.5,3804.5,3891.5,2615.0,1731.5,812.5,1186.5,1558.0,1862.0,1954.5,2051.5,2216.5,2218.5,3249.0,2558.0,2021.0,2271.0,2344.5,2683.5,2742.5,2885.0,3140.5,3007.5,5592.0,5258.0,2038.0,2857.0,3442.0,4030.0,4069.0,4259.0,4544.0,4393.0,4786.0,4244.5,2489.0,2880.0,3133.0,3717.0,3914.5,4197.0,4190.5,4307.5,0.0,0.0,0.0,0.0,0.0,0.0,0.0,0.0,0.0,0.0,5061.0,4005.0,1123.0,1829.0,1846.0,2737.0,3784.0,4194.0,4435.0,4704.0,1769.0,1476.0,772.0,1362.0,1232.0,1888.0,2510.0,2870.0,2550.0,2855.0,1448.5,784.0,382.5,627.0,325.5,877.5,2473.0,3238.5,3194.0,3188.5,1991.0,988.0,587.0,859.0,483.0,1103.0,3321.0,4375.0,4340.0,4586.0,2543.0,1903.5,936.5,1259.0,1561.5,1806.0,1909.0,2006.5,2181.0,2125.0,1933.0,852.0,433.0,680.0,400.0,981.0,3398.0,4756.0,4700.0,4979.0,1613.0,737.0,351.0,519.0,232.0,698.0,3113.0,5067.0,5073.0,5212.0,1738.0,768.0,428.0,535.0,234.0,807.0,3329.0,4829.0,4668.0,5026.0,1641.0,769.0,352.0,656.0,303.0,1054.0,3335.0,4789.0,4560.0,4955.0,1740.0,878.0,396.0,869.0,470.0,1445.0,3719.0,4513.0,4670.0,4794.0,2018.0,1033.5,539.0,1058.0,756.5,1911.5,3712.5,4380.0,4413.5,4710.0,2134.0,1181.5,582.5,1110.0,980.0,2058.5,3028.5,3412.0,3711.5,3732.0,2936.0,2063.5,750.0,999.5,1357.5,1643.0,1839.0,2016.0,2101.0,2231.0,3559.0,2649.0,891.0,1254.0,1794.0,2015.0,2110.0,2261.0,2608.0,2569.0,3677.0,2800.0,927.0,1329.0,1854.0,2121.0,2149.0,2406.0,2637.0,2604.0,1449.5,1099.5,1276.0,1149.5,1098.0,1200.5,1217.5,1204.0,1705.5,1246.0,4004.0,3054.0,1082.0,1496.0,2135.0,2482.0,2637.0,2860.0,3027.0,3107.0,1095.0,717.0,435.0,589.0,871.0,1001.0,928.0,1111.0,1267.0,1129.0,2040.5,1481.5,491.5,788.5,1131.0,1277.5,1374.5,1486.5,1655.0,1616.5,2623.0,2077.0,706.0,1021.0,1409.0,1583.0,1653.0,1807.0,1905.0,1896.0,0.0,0.0,0.0,0.0,0.0,0.0,0.0,0.0,0.0,0.0,1232.5,736.0,703.5,890.0,1136.5,1306.0,1379.0,1428.0,1637.0,1584.0,0.0,0.0,0.0,0.0,0.0,0.0,0.0,0.0,0.0,0.0,1001.0,1077.0,10718.0,10382.0,10292.0,10443.0,10064.0,9743.0,10056.0,9341.0,1401.5,967.0,649.5,1050.5,1410.5,1558.0,1612.0,1813.0,1869.0,1778.5,2824.0,2076.0,857.0,1278.0,1638.0,1948.0,1986.0,2152.0,2300.0,2227.0,2762.0,2013.0,979.0,1366.0,1658.0,1995.0,2156.0,2295.0,2428.0,2416.0,2656.0,1874.0,815.0,1285.5,1555.0,1984.0,2147.5,2252.5,2400.0,2391.0,4814.0,4279.0,1650.0,2255.0,2733.0,3293.5,3350.0,3514.5,3573.0,3698.5,"{""type"":""MultiPoint"",""coordinates"":[]}"
4060,5,2193.0,1527.5,690.5,909.0,1241.0,1446.0,1589.5,1715.0,1953.0,1960.0,3160.0,2384.0,944.0,1273.0,1539.0,1977.0,2239.0,2445.0,2530.0,2665.0,2286.0,1596.0,768.0,910.0,1147.0,1349.0,1419.0,1586.0,1724.0,1766.0,3049.0,2266.0,1098.0,1324.0,1647.0,1835.0,1940.0,2073.0,2113.0,2272.0,3434.0,2924.5,1178.0,1443.0,1782.0,2030.0,2143.5,2239.0,2403.0,2477.0,5822.0,5670.0,2197.0,2597.0,3118.0,3560.0,3683.0,3882.0,4013.0,4196.0,0.0,0.0,0.0,0.0,0.0,0.0,0.0,0.0,0.0,0.0,4923.5,4364.0,1737.5,2158.5,2463.0,2936.5,3241.5,3446.0,3653.5,3651.0,3516.0,2704.0,854.0,1207.0,1329.0,1800.0,2492.0,2679.0,2931.0,2954.0,3635.0,2574.0,1205.0,1517.5,1468.0,2109.0,3605.5,4191.5,4255.5,4458.0,3211.0,2102.5,1204.5,1493.5,1299.5,1948.5,3963.0,4803.5,4650.5,5050.5,2611.0,1945.0,835.0,1059.0,1378.0,1588.0,1736.0,1882.0,2078.0,2094.0,2801.0,1520.5,456.5,707.0,446.5,1012.0,3986.0,5249.5,5264.5,5652.0,1859.0,800.0,400.5,530.0,287.5,710.0,3431.5,4724.5,4826.0,4991.0,2188.0,905.0,243.0,385.0,167.0,624.0,3732.0,5259.0,5030.0,5356.0,2166.0,890.0,328.0,505.5,274.5,759.5,3829.0,5297.0,5183.5,5664.5,2018.0,874.0,215.5,447.5,194.0,755.5,3730.5,4747.5,4855.0,5039.5,2047.5,906.0,309.0,613.0,295.5,1087.0,3883.5,4805.0,4854.0,5135.0,2294.0,1386.0,420.5,915.5,916.5,1762.5,2913.0,3243.0,3527.0,3664.5,2725.0,2007.0,430.0,605.0,837.0,1064.0,1215.0,1345.0,1454.0,1626.0,2831.0,2135.5,522.0,646.0,892.5,1113.5,1229.0,1375.0,1514.5,1646.5,3870.0,3643.0,1152.0,1402.0,1762.0,1999.0,2065.0,2208.0,2331.0,2437.0,2575.5,1873.5,932.0,1156.5,1442.0,1676.5,1846.0,1977.0,2202.5,2189.0,3249.0,2790.0,983.0,1221.0,1503.0,1742.0,1897.0,2008.0,2205.0,2233.0,4507.0,3923.0,1942.0,2208.5,2513.5,2906.5,3136.0,3250.0,3294.0,3498.5,2499.5,1868.5,648.0,881.5,1086.0,1306.5,1551.0,1660.0,1892.5,1893.0,2616.0,2026.0,752.0,1005.0,1167.0,1481.0,1976.0,2103.0,2276.0,2288.0,0.0,0.0,0.0,0.0,0.0,0.0,0.0,0.0,0.0,0.0,2224.0,1380.0,605.0,886.0,764.0,1293.0,2126.0,2368.0,2514.0,2488.0,0.0,0.0,0.0,0.0,0.0,0.0,0.0,0.0,0.0,0.0,153.0,194.0,12860.0,12054.0,11594.0,11600.0,10980.0,10328.0,10708.0,9720.0,325.0,249.0,6026.0,6080.0,6344.0,6550.0,6345.0,6081.0,6330.0,5804.0,2359.0,1638.5,804.5,1035.5,1310.5,1589.0,1770.5,1915.0,2146.5,2157.0,3115.0,2357.0,956.0,1251.0,1548.0,1851.0,2095.0,2258.0,2523.0,2516.0,2780.0,1962.0,885.0,1134.0,1434.0,1710.0,1934.0,2086.0,2340.0,2336.0,2559.0,1799.0,851.0,1100.0,1356.0,1715.0,1986.0,2149.0,2350.0,2433.0,"{""type"":""MultiPoint"",""coordinates"":[]}"
4065,5,2380.0,1604.0,685.0,821.0,1032.0,1249.0,1385.0,1554.0,1811.0,1815.0,3385.5,2505.5,876.5,1088.5,1360.5,1613.0,1841.5,2047.5,2259.5,2358.5,2901.0,1961.5,783.0,956.0,1179.5,1469.5,1723.5,1838.0,2076.5,2169.0,3369.0,2396.0,875.0,1071.0,1270.0,1623.0,1920.0,2179.0,2414.0,2500.0,0.0,0.0,0.0,0.0,0.0,0.0,0.0,0.0,0.0,0.0,3464.0,2564.5,921.5,1205.0,1455.5,1848.5,2589.0,2710.0,2823.5,3267.0,3372.0,2304.0,902.0,1153.0,1268.0,1794.0,2792.0,3341.0,3197.0,3810.0,3538.0,2550.0,927.0,1299.0,1494.0,1949.0,2846.0,3528.0,3317.0,3458.0,3474.0,2424.0,984.0,1339.0,1511.0,1997.0,3188.0,3514.0,3415.0,3947.0,3315.0,2328.0,1325.0,1573.0,1528.0,2032.0,3230.0,3949.0,3909.0,4157.0,2612.0,1410.0,713.0,937.0,793.0,1423.0,3077.0,3436.0,3495.0,3650.0,3098.0,2282.0,850.0,1005.0,1224.0,1448.0,1587.0,1750.0,2019.0,1984.0,2527.5,1319.5,524.5,770.5,534.5,1144.5,3440.5,4300.5,4118.0,4466.5,2355.0,1255.0,442.0,698.0,533.0,1077.0,3175.0,3968.0,4033.0,4254.0,2205.0,1233.0,510.0,678.0,577.0,1058.0,2687.0,3529.0,3307.0,3726.0,2511.5,1580.0,657.0,928.0,798.0,1342.0,3095.5,3942.5,3670.5,4153.0,2098.0,1161.0,389.0,639.5,523.0,1014.5,2474.0,2953.0,3103.5,3178.5,0.0,0.0,0.0,0.0,0.0,0.0,0.0,0.0,0.0,0.0,2826.0,1998.5,538.5,740.5,928.0,1213.5,1572.0,1765.5,1934.5,2112.0,2965.0,2121.0,602.0,761.0,956.0,1205.0,1372.0,1639.0,1653.0,1924.0,2850.0,2070.5,582.0,723.5,938.5,1116.0,1444.5,1719.0,1755.5,1775.0,3230.0,2366.0,757.0,938.0,1243.0,1514.0,1760.0,1978.0,2137.0,2287.0,0.0,0.0,0.0,0.0,0.0,0.0,0.0,0.0,0.0,0.0,3152.0,2287.5,794.5,975.0,1235.5,1499.5,1774.0,2001.5,2095.0,2308.5,0.0,0.0,0.0,0.0,0.0,0.0,0.0,0.0,0.0,0.0,2719.0,1776.0,654.0,855.0,1159.0,1313.0,1524.0,1668.0,1937.0,1874.0,2733.0,1956.0,980.0,1004.0,1220.0,1376.5,1561.0,1782.5,1867.5,1980.0,0.0,0.0,0.0,0.0,0.0,0.0,0.0,0.0,0.0,0.0,2742.0,1900.0,704.0,849.0,1015.0,1267.0,1576.0,1813.0,2012.0,1989.0,0.0,0.0,0.0,0.0,0.0,0.0,0.0,0.0,0.0,0.0,1085.0,1105.0,10402.0,10084.0,10022.0,10160.0,9545.0,9283.0,9878.0,9037.0,0.0,0.0,0.0,0.0,0.0,0.0,0.0,0.0,0.0,0.0,3163.0,2298.0,793.0,967.0,1195.0,1467.0,1629.0,1773.0,2060.0,2037.0,3155.5,2205.0,770.0,971.5,1165.5,1481.0,1814.0,2015.0,2269.5,2257.0,2645.0,1780.0,623.0,842.0,984.0,1386.0,1688.0,1842.0,2150.0,2115.0,574.0,338.0,471.0,435.0,422.0,460.0,481.0,489.0,556.0,555.0,"{""type"":""MultiPoint"",""coordinates"":[]}"
4083,1,2084.0,1401.0,640.0,913.5,1249.5,1555.5,1698.5,1828.5,2015.0,2020.5,2752.0,1936.5,915.0,1218.5,1442.0,1952.5,2308.0,2527.5,2755.5,2828.0,2398.5,1659.0,753.5,990.5,1358.5,1605.0,1728.5,1864.5,2033.0,2064.0,2557.5,1758.5,852.0,1169.5,1619.5,1955.5,1971.5,2116.0,2323.5,2316.5,2905.0,2143.0,805.5,1173.5,1410.5,1885.5,2084.5,2223.5,2388.0,2425.0,6147.0,5538.0,2068.5,2754.5,3273.0,3969.0,4512.5,4850.5,4888.5,5074.5,0.0,0.0,0.0,0.0,0.0,0.0,0.0,0.0,0.0,0.0,2096.5,995.5,405.0,584.5,358.0,753.5,3269.5,4864.5,4747.5,5174.0,1465.5,568.5,214.5,344.0,200.5,463.0,2936.0,4414.5,4565.0,4572.5,1719.5,691.0,230.0,424.5,212.5,573.0,3124.0,5199.5,5205.0,5439.0,3282.5,2547.5,2751.0,2730.0,2585.0,3013.0,4352.0,5388.0,5135.0,5616.0,2253.5,1614.0,646.0,887.5,1210.5,1450.5,1618.0,1735.5,1935.0,1925.0,1727.0,671.0,363.0,485.5,289.0,591.0,2929.5,4900.0,4836.5,5219.5,1777.5,726.0,498.5,614.5,384.0,709.0,2963.5,4598.5,4648.0,4900.0,1723.0,707.5,338.5,546.5,293.5,762.5,3068.5,4406.5,4297.0,4715.0,1966.0,966.5,409.5,655.5,498.0,1001.5,2337.5,2881.0,2878.5,3216.5,2361.0,1615.0,375.5,608.5,764.0,1136.0,1712.0,2041.5,2152.5,2279.0,2579.0,1752.0,535.0,655.0,861.5,1139.5,1387.0,1591.5,1644.0,1865.5,2052.5,1573.5,351.5,441.5,631.5,778.5,860.5,970.5,1067.5,1139.0,1849.0,1361.5,391.0,464.0,576.0,758.5,864.5,951.5,1003.0,1093.0,3803.0,2730.0,936.0,1291.5,1869.0,2263.5,2441.5,2653.5,2859.0,2989.0,3656.5,2592.0,920.5,1267.5,1794.0,2165.5,2352.0,2541.0,2752.0,2846.0,2515.5,1825.5,716.0,1014.5,1339.5,1641.5,1808.5,1938.5,2161.0,2149.0,2800.0,2183.0,818.0,1095.0,1547.5,1773.0,1895.5,1994.5,2210.0,2230.0,2933.5,2553.0,1573.0,1725.5,1996.5,2398.5,2749.5,2980.5,3000.5,3319.0,2319.5,1674.5,613.5,901.0,1302.0,1552.0,1653.0,1790.5,1977.5,1972.5,2568.0,1900.0,679.5,973.5,1368.0,1614.0,1728.0,1853.0,2039.5,2062.0,0.0,0.0,0.0,0.0,0.0,0.0,0.0,0.0,0.0,0.0,1925.5,1289.5,689.5,897.0,1238.5,1504.0,1627.0,1759.5,1956.5,1971.5,0.0,0.0,0.0,0.0,0.0,0.0,0.0,0.0,0.0,0.0,1126.5,1204.0,10137.5,10019.0,10128.0,10293.0,9929.5,9630.0,10035.0,9234.0,1436.5,1008.0,600.5,901.5,1228.5,1528.0,1587.0,1701.5,1811.0,1787.0,2795.5,2004.5,821.0,1191.5,1500.0,1796.0,1985.5,2130.0,2322.5,2309.0,2895.0,2118.0,895.0,1228.0,1540.0,1964.5,2247.5,2397.5,2589.5,2613.5,2871.0,1990.0,833.5,1238.5,1549.0,2014.0,2324.5,2474.0,2704.0,2685.5,3096.0,2287.0,947.5,1324.0,1600.0,2168.5,2623.5,2808.5,2983.5,2982.5,"{""type"":""MultiPoint"",""coordinates"":[]}"
4111,61,1341.0,814.0,449.0,635.0,810.0,1066.0,1280.0,1433.0,1591.0,1575.0,2769.5,2219.0,1563.5,1596.0,1646.0,1867.0,2047.5,2162.5,2346.5,2280.5,0.0,0.0,0.0,0.0,0.0,0.0,0.0,0.0,0.0,0.0,2544.0,1949.0,625.0,861.0,965.0,1388.0,1874.0,2024.0,2117.0,2208.0,1359.0,772.0,491.0,724.0,772.0,1122.0,1605.0,1777.0,1882.0,1913.0,0.0,0.0,0.0,0.0,0.0,0.0,0.0,0.0,0.0,0.0,0.0,0.0,0.0,0.0,0.0,0.0,0.0,0.0,0.0,0.0,2909.0,2411.0,781.0,979.0,1364.0,1647.0,1712.0,1894.0,1907.0,2044.0,2780.0,2301.0,667.0,939.0,1344.0,1533.0,1622.0,1772.0,1876.0,1944.0,2875.0,2418.0,895.0,1047.0,1368.0,1606.0,1664.0,1874.0,1797.0,2005.0,3001.0,2497.0,844.0,1042.0,1467.0,1692.0,1704.0,1897.0,1863.0,2069.0,1854.0,1237.5,415.0,558.5,741.0,980.5,1261.5,1387.5,1581.5,1550.0,0.0,0.0,0.0,0.0,0.0,0.0,0.0,0.0,0.0,0.0,1609.0,984.0,604.0,766.0,653.0,1033.0,1376.0,1543.0,1685.0,1550.0,3090.0,2317.0,814.0,1142.0,1292.0,1754.0,2262.0,2395.0,2424.0,2595.0,2472.0,1549.0,562.0,880.0,850.0,1387.5,2494.0,2759.0,2546.5,2855.5,2593.0,1836.0,585.0,919.0,968.0,1493.0,2428.0,2656.0,2447.0,2842.0,2408.0,1603.0,604.5,887.0,904.0,1436.5,2517.5,2802.5,2560.0,2924.0,2261.0,1526.5,525.0,790.5,819.0,1330.5,2192.0,2425.0,2322.5,2622.0,2211.0,1504.0,519.0,741.0,805.0,1315.0,2172.0,2328.0,2196.0,2472.0,2898.0,2001.0,2321.0,2423.0,1792.0,1955.0,2762.0,3044.0,3875.0,3245.0,2140.5,1492.0,454.5,642.5,796.0,1193.0,1760.5,1951.0,1919.0,2112.0,0.0,0.0,0.0,0.0,0.0,0.0,0.0,0.0,0.0,0.0,1956.5,1298.0,411.0,560.0,777.0,1131.5,1577.0,1723.0,1893.0,2026.5,2241.0,1738.0,545.0,654.0,929.0,1142.0,1238.0,1386.0,1493.0,1587.0,2289.5,1778.0,539.0,684.0,982.0,1169.0,1249.0,1379.0,1501.5,1600.5,2098.0,1425.0,370.0,490.0,792.0,961.0,1058.0,1158.0,1311.0,1394.0,0.0,0.0,0.0,0.0,0.0,0.0,0.0,0.0,0.0,0.0,1858.0,1216.0,891.0,1036.0,1196.0,1406.0,1650.0,1712.0,1900.0,1889.0,2240.0,1540.0,632.0,831.0,960.0,1267.0,1696.0,1831.0,2149.0,2050.0,0.0,0.0,0.0,0.0,0.0,0.0,0.0,0.0,0.0,0.0,140.0,120.0,4346.0,4530.0,4600.0,4677.0,4676.0,4516.0,4668.0,4199.0,1960.5,1199.5,659.5,831.0,904.0,1300.0,1800.0,1989.5,2169.0,2184.5,0.0,0.0,0.0,0.0,0.0,0.0,0.0,0.0,0.0,0.0,1762.0,1060.5,524.0,768.5,1009.5,1373.0,1659.0,1830.5,2015.0,2014.0,2535.0,1890.0,641.5,853.0,1112.5,1408.0,1631.0,1800.0,1990.0,2004.5,"{""type"":""MultiPoint"",""coordinates"":[]}"
4139,3,1556.5,915.5,594.0,797.5,1063.0,1254.5,1321.0,1444.5,1629.0,1592.0,2985.5,2403.5,909.5,1212.5,1559.5,1733.5,1795.5,1923.0,2048.0,2047.0,1818.5,1061.5,586.5,768.0,994.0,1149.0,1215.5,1337.5,1441.5,1470.0,2013.5,1224.0,640.0,865.0,1058.0,1283.5,1398.0,1499.5,1653.0,1651.5,0.0,0.0,0.0,0.0,0.0,0.0,0.0,0.0,0.0,0.0,3515.5,2922.0,1140.5,1469.0,1789.5,2072.5,2269.0,2425.5,2472.0,2566.0,0.0,0.0,0.0,0.0,0.0,0.0,0.0,0.0,0.0,0.0,2692.0,1728.5,620.0,918.5,826.5,1338.0,2529.5,3134.5,3192.5,3182.0,2236.5,1144.0,2922.5,2331.0,1688.5,1732.0,2217.5,2112.5,3785.5,2124.5,1147.0,568.5,483.0,727.0,492.0,1051.0,2501.0,3272.0,3165.0,3121.5,1224.0,557.5,861.5,970.0,663.0,1167.5,2771.0,3700.5,3594.5,3728.5,1890.5,1308.0,592.5,775.5,1017.0,1176.5,1250.0,1315.5,1490.5,1456.5,742.0,351.5,302.5,429.5,234.5,648.0,1794.0,2298.5,2243.0,2360.5,1370.0,673.0,513.5,819.5,463.5,1264.0,3167.0,4122.5,4148.0,4333.5,1472.5,769.5,541.0,966.0,628.0,1605.0,3308.0,3909.0,3775.0,4179.5,2311.0,1409.5,1014.0,1449.0,1216.0,2186.5,3425.0,3959.0,3841.0,4156.0,2308.0,1431.5,726.5,1136.5,1394.0,2082.0,2660.5,2958.5,3218.5,3371.0,0.0,0.0,0.0,0.0,0.0,0.0,0.0,0.0,0.0,0.0,2426.5,1743.5,753.5,1021.5,1370.0,1571.0,1663.5,1791.5,1906.5,1952.5,1300.0,777.0,528.5,699.5,879.5,1083.0,1180.5,1255.5,1275.5,1385.0,2498.5,1879.5,694.5,941.5,1191.0,1445.0,1572.5,1706.5,1855.5,1833.0,2573.5,2130.5,734.5,978.0,1252.0,1443.0,1505.5,1617.0,1732.0,1783.5,0.0,0.0,0.0,0.0,0.0,0.0,0.0,0.0,0.0,0.0,1799.5,1447.0,451.0,637.0,862.5,977.5,999.5,1099.5,1236.5,1257.0,0.0,0.0,0.0,0.0,0.0,0.0,0.0,0.0,0.0,0.0,1470.5,978.0,344.0,519.0,761.5,884.0,940.0,1009.0,1156.0,1147.5,1957.0,1493.0,536.0,716.5,963.0,1099.0,1121.0,1232.5,1341.5,1356.0,0.0,0.0,0.0,0.0,0.0,0.0,0.0,0.0,0.0,0.0,1266.0,794.5,429.5,528.5,727.5,809.5,876.0,978.0,1098.0,1063.0,0.0,0.0,0.0,0.0,0.0,0.0,0.0,0.0,0.0,0.0,1031.5,1133.0,11001.5,10620.0,10538.5,10628.5,10286.0,9915.0,10349.5,9594.5,0.0,0.0,0.0,0.0,0.0,0.0,0.0,0.0,0.0,0.0,2229.5,1445.0,626.0,891.0,1148.5,1359.0,1421.5,1563.5,1725.5,1728.0,2232.0,1515.5,627.5,857.0,1080.0,1236.5,1327.5,1437.0,1614.5,1604.5,1708.5,1055.0,908.0,1098.5,1290.0,1454.0,1520.0,1597.5,1696.5,1752.5,0.0,0.0,0.0,0.0,0.0,0.0,0.0,0.0,0.0,0.0,"{""type"":""MultiPoint"",""coordinates"":[]}"
4176,5,2441.0,1807.0,623.0,879.0,1100.0,1502.0,1948.0,2106.0,2338.0,2258.0,4370.0,3859.5,1177.5,1595.5,2082.0,2445.5,2570.0,2770.5,2995.5,3045.5,3015.0,2251.0,795.0,1060.0,1413.0,1690.0,1812.0,1996.0,2209.0,2236.0,3082.0,2273.0,845.0,1115.0,1369.0,1752.0,2010.0,2238.0,2401.0,2492.0,0.0,0.0,0.0,0.0,0.0,0.0,0.0,0.0,0.0,0.0,4411.0,3433.0,1149.0,1614.0,1764.0,2387.0,3860.0,4380.0,4511.0,4692.0,0.0,0.0,0.0,0.0,0.0,0.0,0.0,0.0,0.0,0.0,2892.5,1424.5,546.5,878.5,457.5,1250.5,4509.0,5616.5,5726.5,5759.5,3138.0,1376.0,341.0,662.0,291.0,1083.0,5701.0,7793.0,7622.0,8185.0,2166.0,953.0,296.0,457.0,209.0,708.0,3876.0,5536.0,5790.0,5780.0,2124.0,900.0,188.0,347.0,156.0,636.0,3839.0,5604.0,5618.0,5856.0,2551.0,1965.0,667.0,890.0,1117.0,1518.0,1946.0,2072.0,2328.0,2277.0,2743.0,1169.5,881.0,851.5,463.0,1075.5,4683.0,6546.5,6383.5,7076.5,2542.0,1266.0,1265.0,1321.0,970.0,1447.0,4102.0,5322.0,5375.0,5687.0,1182.0,609.0,491.0,624.0,396.0,840.0,2122.0,2694.0,2844.0,2766.0,2422.5,1365.5,456.5,820.5,642.5,1447.0,2724.5,3169.5,3219.0,3562.5,3135.0,2570.0,655.5,876.5,1203.0,1459.0,1554.5,1774.0,1909.0,2011.5,3514.0,3338.0,911.0,1200.0,1627.0,1866.0,1919.0,2060.0,2155.0,2242.0,3311.0,2828.0,888.0,1204.0,1539.5,1897.5,2038.5,2164.0,2261.5,2359.0,3040.0,2348.0,667.0,1056.0,1184.0,1689.0,2118.0,2231.0,2326.0,2476.0,3477.5,2932.5,1261.5,1633.0,1589.5,2174.5,3041.5,3342.5,3399.5,3482.5,3112.0,2171.0,656.0,1018.0,935.0,1611.0,3165.0,3580.0,3734.0,3798.0,0.0,0.0,0.0,0.0,0.0,0.0,0.0,0.0,0.0,0.0,1122.0,616.0,481.0,638.0,461.0,887.0,1646.0,1805.0,1884.0,1898.0,0.0,0.0,0.0,0.0,0.0,0.0,0.0,0.0,0.0,0.0,1818.0,966.0,342.0,713.0,580.0,1366.0,2595.0,2897.0,3222.0,3123.0,2098.0,1273.0,435.0,737.0,704.0,1442.0,2531.0,2830.0,2966.0,3086.0,0.0,0.0,0.0,0.0,0.0,0.0,0.0,0.0,0.0,0.0,1865.0,1039.0,440.0,713.0,553.0,1244.0,2600.0,2884.0,3024.0,3064.0,0.0,0.0,0.0,0.0,0.0,0.0,0.0,0.0,0.0,0.0,439.0,377.0,5029.0,5218.0,5370.0,5630.0,5607.0,5440.0,5697.0,5254.0,0.0,0.0,0.0,0.0,0.0,0.0,0.0,0.0,0.0,0.0,2796.0,2119.0,727.0,956.0,1280.0,1532.0,1749.0,1924.0,2175.0,2131.0,3562.0,2817.5,903.5,1221.5,1644.5,1954.0,2039.5,2265.0,2475.0,2540.5,3894.5,3379.5,3136.5,2996.0,2989.5,3315.5,3275.5,3412.5,3511.5,3592.5,0.0,0.0,0.0,0.0,0.0,0.0,0.0,0.0,0.0,0.0,"{""type"":""MultiPoint"",""coordinates"":[]}"
4197,5,470.5,316.5,508.0,656.0,866.5,1041.0,979.5,1054.5,1070.5,1059.0,2575.0,2186.0,821.5,1010.0,1271.0,1436.5,1508.0,1599.0,1677.5,1758.5,1198.0,695.5,531.0,620.5,816.0,928.5,957.5,1048.0,1143.5,1184.5,746.0,366.5,603.5,619.5,714.5,768.5,717.0,756.0,950.5,815.0,0.0,0.0,0.0,0.0,0.0,0.0,0.0,0.0,0.0,0.0,2810.0,1973.0,1307.0,1455.5,1631.5,1885.0,2147.0,2310.0,2279.0,2466.5,0.0,0.0,0.0,0.0,0.0,0.0,0.0,0.0,0.0,0.0,0.0,0.0,0.0,0.0,0.0,0.0,0.0,0.0,0.0,0.0,2403.5,1424.5,461.0,788.5,598.0,1161.0,2859.0,3405.5,3318.0,3524.0,2141.0,1221.0,569.5,828.0,623.0,1162.5,2694.0,3274.5,3306.0,3490.5,2483.5,1208.5,426.0,666.0,401.5,989.0,3860.0,5145.5,5052.0,5310.0,1259.5,862.0,574.0,712.5,947.0,1166.0,1235.5,1316.5,1480.0,1512.5,2817.5,1216.5,389.0,569.5,284.5,858.0,4518.5,6538.5,6309.0,6855.0,2213.0,925.0,361.0,497.0,261.5,733.5,4104.0,5805.5,5992.0,6066.0,0.0,0.0,0.0,0.0,0.0,0.0,0.0,0.0,0.0,0.0,2186.0,869.0,353.5,514.5,279.5,790.5,4005.5,5555.0,5396.5,5913.5,1871.5,772.0,256.5,485.5,241.0,818.0,3573.0,4653.0,4846.0,4951.0,0.0,0.0,0.0,0.0,0.0,0.0,0.0,0.0,0.0,0.0,2645.0,1700.0,473.0,712.0,975.0,1431.0,1687.0,1924.0,2132.0,2357.0,0.0,0.0,0.0,0.0,0.0,0.0,0.0,0.0,0.0,0.0,3108.0,2358.5,621.0,790.5,1073.0,1273.0,1395.5,1527.0,1675.5,1758.5,2519.5,1879.5,901.5,969.5,1138.5,1306.0,1373.0,1469.5,1614.0,1642.0,0.0,0.0,0.0,0.0,0.0,0.0,0.0,0.0,0.0,0.0,3542.0,2745.0,839.0,1020.5,1328.0,1520.5,1630.0,1751.0,1920.0,1957.5,0.0,0.0,0.0,0.0,0.0,0.0,0.0,0.0,0.0,0.0,1528.0,870.0,373.0,511.0,711.0,876.5,969.5,1074.0,1218.0,1241.0,1117.0,601.5,348.0,500.0,695.5,878.5,928.0,1044.5,1187.0,1211.5,0.0,0.0,0.0,0.0,0.0,0.0,0.0,0.0,0.0,0.0,1167.5,629.5,433.0,540.0,697.5,857.5,944.0,1086.0,1195.0,1217.0,0.0,0.0,0.0,0.0,0.0,0.0,0.0,0.0,0.0,0.0,1033.0,1057.0,9704.5,9456.5,9588.0,9728.5,9527.5,9189.5,9600.0,8906.5,0.0,0.0,0.0,0.0,0.0,0.0,0.0,0.0,0.0,0.0,1615.0,1124.0,591.0,728.5,911.0,999.5,1042.0,1170.0,1288.0,1295.0,1793.5,1227.0,693.5,860.0,1035.0,1156.0,1208.5,1334.0,1441.5,1449.5,2145.0,1481.0,1415.5,1522.5,1687.5,1917.5,1964.0,2070.0,2260.0,2204.0,3252.5,2859.5,1150.0,1379.5,1701.5,1924.5,1973.5,2135.0,2200.0,2327.0,"{""type"":""MultiPoint"",""coordinates"":[]}"
4204,1,2519.0,1835.0,575.0,797.0,1136.0,1370.0,1487.0,1593.0,1830.0,1828.0,2935.5,2123.0,897.0,1279.5,1491.0,1990.5,2289.5,2431.0,2620.0,2615.5,2510.0,1834.0,608.5,850.5,1215.5,1443.0,1518.0,1656.5,1807.5,1853.0,0.0,0.0,0.0,0.0,0.0,0.0,0.0,0.0,0.0,0.0,0.0,0.0,0.0,0.0,0.0,0.0,0.0,0.0,0.0,0.0,4533.0,3798.5,1970.5,2400.0,2592.0,3151.0,3973.5,4253.0,4371.5,4417.5,0.0,0.0,0.0,0.0,0.0,0.0,0.0,0.0,0.0,0.0,1907.0,838.0,284.0,522.0,243.0,644.0,3381.0,4871.0,4898.0,4893.0,1712.0,731.0,209.0,420.0,191.0,507.0,3599.0,5765.0,5637.0,5925.0,2730.5,1740.5,1147.5,1417.5,1345.0,1762.0,3877.0,5603.0,5624.5,5789.0,1646.0,651.0,343.0,480.0,267.0,580.0,2951.0,4902.0,4962.0,5129.0,3099.0,2510.0,801.0,1053.0,1356.0,1667.0,1803.0,1937.0,2151.0,2120.0,1878.0,758.0,391.0,535.0,313.0,651.0,3234.0,5405.0,5390.0,5791.0,1675.0,720.0,413.0,573.0,360.0,697.0,2953.0,4454.0,4587.0,4697.0,0.0,0.0,0.0,0.0,0.0,0.0,0.0,0.0,0.0,0.0,2468.0,1625.5,432.5,646.0,779.5,1167.0,1700.0,1996.5,2008.0,2283.5,2531.5,1810.5,384.5,547.5,801.5,1060.0,1281.5,1481.5,1630.0,1740.0,0.0,0.0,0.0,0.0,0.0,0.0,0.0,0.0,0.0,0.0,4461.5,3877.5,1183.0,1589.5,2212.5,2555.5,2685.5,2853.5,3074.5,3154.5,3473.0,2502.0,962.0,1252.0,1750.0,2118.0,2229.0,2398.0,2432.0,2682.0,3668.0,2836.0,911.5,1282.0,1752.0,2129.5,2277.5,2450.0,2645.0,2716.5,4342.0,3637.0,1125.0,1513.0,2004.0,2533.0,2682.0,2924.0,3043.0,3133.0,0.0,0.0,0.0,0.0,0.0,0.0,0.0,0.0,0.0,0.0,3588.0,2721.0,910.0,1300.0,1716.0,2148.0,2354.0,2541.0,2808.0,2809.0,0.0,0.0,0.0,0.0,0.0,0.0,0.0,0.0,0.0,0.0,2785.0,2050.0,634.0,975.0,1467.0,1706.0,1815.0,1999.0,2212.0,2223.0,2832.0,2058.0,663.0,1017.0,1545.0,1814.0,1957.0,2105.0,2375.0,2345.0,0.0,0.0,0.0,0.0,0.0,0.0,0.0,0.0,0.0,0.0,2429.0,1714.0,668.0,929.0,1373.0,1616.0,1759.0,1929.0,2159.0,2138.0,0.0,0.0,0.0,0.0,0.0,0.0,0.0,0.0,0.0,0.0,1076.0,1163.0,10384.0,10145.0,10152.0,10384.0,10053.0,9655.0,10016.0,9325.0,2563.0,1808.0,694.0,967.0,1269.0,1547.0,1668.0,1825.0,1946.0,1997.0,3032.0,2353.0,701.0,1012.0,1360.0,1664.0,1807.0,1977.0,2187.0,2139.0,0.0,0.0,0.0,0.0,0.0,0.0,0.0,0.0,0.0,0.0,2854.0,2021.0,798.0,1077.0,1304.0,1726.0,2061.0,2222.0,2445.0,2427.0,0.0,0.0,0.0,0.0,0.0,0.0,0.0,0.0,0.0,0.0,"{""type"":""MultiPoint"",""coordinates"":[]}"
4205,5,1914.0,1140.0,511.0,767.0,1094.0,1522.0,1976.0,2184.0,2456.0,2429.0,3602.0,2526.0,953.0,1264.0,1734.0,2103.0,2305.0,2542.0,2721.0,2891.0,0.0,0.0,0.0,0.0,0.0,0.0,0.0,0.0,0.0,0.0,4593.0,3792.0,1059.0,1373.0,1773.0,2150.0,2376.0,2638.0,2811.0,2955.0,4300.0,3375.0,927.0,1269.0,1677.0,2003.0,2291.0,2470.0,2769.0,2808.0,0.0,0.0,0.0,0.0,0.0,0.0,0.0,0.0,0.0,0.0,0.0,0.0,0.0,0.0,0.0,0.0,0.0,0.0,0.0,0.0,5221.0,4298.0,1173.0,1565.0,1967.0,2498.0,2847.0,3159.0,3143.0,3463.0,4896.5,3900.0,1047.5,1432.0,1764.0,2249.5,2922.5,3190.5,3357.5,3573.0,3744.0,2611.0,669.5,985.0,1104.5,1636.5,2868.5,3316.0,3442.0,3582.0,0.0,0.0,0.0,0.0,0.0,0.0,0.0,0.0,0.0,0.0,3127.0,2432.5,1045.0,1299.5,1582.0,1926.5,2287.5,2453.5,2715.0,2648.0,2672.0,1438.5,481.5,689.0,488.0,1021.5,3689.0,4791.0,4693.5,5082.0,0.0,0.0,0.0,0.0,0.0,0.0,0.0,0.0,0.0,0.0,2867.5,1399.5,570.0,726.0,492.0,990.5,4307.0,5952.5,5779.0,6293.5,2173.0,984.0,414.0,586.0,359.0,824.0,3489.0,4693.0,4607.0,4987.0,3469.0,2987.0,2795.0,2713.0,2629.0,3149.0,3949.0,4247.0,3876.0,4382.0,1297.5,624.0,407.5,656.5,401.5,949.0,2354.5,2714.5,2648.5,2883.5,3285.0,2459.0,610.0,814.0,1185.0,1460.0,1755.0,1913.0,2128.0,2254.0,4171.0,3393.0,1020.0,1235.0,1692.0,1915.0,1986.0,2167.0,2369.0,2423.0,4158.0,3227.0,940.0,1225.0,1632.0,1953.0,2125.0,2292.0,2433.0,2562.0,3521.0,2603.5,795.0,1082.0,1311.5,1695.5,2104.0,2270.5,2493.0,2515.5,3023.0,2109.0,1369.0,1519.5,1792.5,2116.5,2446.5,2480.0,2979.5,2645.5,3354.5,2321.5,775.0,1080.0,1199.5,1687.5,2437.5,2543.0,2871.5,2846.5,0.0,0.0,0.0,0.0,0.0,0.0,0.0,0.0,0.0,0.0,2999.0,2002.0,759.0,1038.0,1240.0,1668.0,2358.0,2517.0,2860.0,2789.0,3602.0,2590.0,798.0,1105.0,1407.0,1853.0,2433.0,2569.0,2813.0,2897.0,0.0,0.0,0.0,0.0,0.0,0.0,0.0,0.0,0.0,0.0,3339.0,2887.0,1983.0,2112.0,2170.0,2550.0,3107.0,3231.0,3574.0,3394.0,0.0,0.0,0.0,0.0,0.0,0.0,0.0,0.0,0.0,0.0,0.0,0.0,0.0,0.0,0.0,0.0,0.0,0.0,0.0,0.0,1290.0,835.0,2102.0,2324.0,2728.0,2878.0,3427.0,3321.0,3750.0,3607.0,3241.0,2266.0,756.0,1055.0,1333.0,1745.0,2386.0,2614.0,2952.0,2910.0,3347.0,2392.0,854.0,1172.0,1447.0,1943.0,2360.0,2623.0,2920.0,2890.0,3507.0,2491.0,837.0,1186.0,1558.0,1984.0,2325.5,2553.5,2829.0,2831.0,2720.5,1950.0,698.0,903.0,1183.5,1447.5,1655.0,1839.5,1912.0,2139.0,"{""type"":""MultiPoint"",""coordinates"":[]}"
4206,1,2089.5,1512.5,517.5,659.5,883.5,1009.5,1145.5,1265.5,1500.0,1470.5,4357.0,3910.5,1187.5,1525.0,1983.5,2205.5,2316.5,2474.5,2742.0,2757.0,1675.5,1339.0,892.5,966.0,1057.0,1169.0,1330.5,1460.5,1366.0,1606.0,2460.5,1759.5,646.5,789.0,1006.0,1204.5,1364.5,1504.5,1708.0,1740.0,0.0,0.0,0.0,0.0,0.0,0.0,0.0,0.0,0.0,0.0,2425.5,2299.0,1234.0,1676.5,1534.5,1582.5,2059.0,2360.0,2681.5,2600.5,5593.5,5303.5,4643.5,4613.0,4714.5,5329.0,5620.0,5939.5,5385.0,5992.0,2121.5,1052.0,279.5,498.5,269.5,719.0,3172.0,4563.0,4673.5,4679.5,0.0,0.0,0.0,0.0,0.0,0.0,0.0,0.0,0.0,0.0,1859.5,792.0,421.0,577.0,355.0,701.0,2936.5,4408.0,4359.5,4656.5,468.5,161.5,420.5,361.0,221.5,280.5,976.5,1708.5,1543.5,1685.5,3073.0,2641.0,780.5,997.0,1318.5,1467.0,1653.0,1761.0,2031.5,1998.0,1340.5,546.0,274.0,402.5,237.0,539.5,2107.5,3167.0,3031.0,3336.5,2152.0,1043.5,482.5,726.0,478.5,1020.5,3015.0,4044.0,4138.5,4255.5,2641.0,1580.0,516.0,803.5,850.5,1392.0,2215.0,2603.5,2682.5,3005.0,2674.5,1985.0,471.5,612.5,827.0,1049.5,1188.5,1364.5,1446.5,1650.0,3599.0,2675.0,674.5,926.5,1374.0,1660.5,1831.0,2056.0,2284.0,2399.0,0.0,0.0,0.0,0.0,0.0,0.0,0.0,0.0,0.0,0.0,3894.0,2993.5,787.5,1073.5,1501.5,1795.0,1909.0,2078.5,2304.5,2397.5,3519.0,2539.5,704.0,949.0,1219.0,1529.0,1743.0,1886.5,1988.0,2135.0,3474.5,2513.0,669.5,922.5,1162.0,1495.5,1851.5,2022.0,2223.0,2276.0,3480.0,2502.5,666.5,943.0,1104.5,1524.0,1947.0,2158.5,2343.0,2430.0,0.0,0.0,0.0,0.0,0.0,0.0,0.0,0.0,0.0,0.0,2919.5,2411.5,622.0,843.0,1132.5,1333.5,1434.0,1573.5,1763.0,1777.0,0.0,0.0,0.0,0.0,0.0,0.0,0.0,0.0,0.0,0.0,1758.0,1154.0,315.0,515.5,749.0,870.0,911.5,1017.5,1239.5,1215.0,2786.0,2223.5,848.0,958.0,1199.0,1411.5,1495.0,1637.5,1814.0,1874.5,0.0,0.0,0.0,0.0,0.0,0.0,0.0,0.0,0.0,0.0,2114.0,1547.0,515.5,681.0,905.5,1022.5,1116.5,1273.0,1454.0,1437.0,0.0,0.0,0.0,0.0,0.0,0.0,0.0,0.0,0.0,0.0,563.0,630.5,10056.5,10010.5,10119.0,10282.5,9887.0,9535.0,9909.0,9152.5,0.0,0.0,0.0,0.0,0.0,0.0,0.0,0.0,0.0,0.0,3143.0,2565.0,814.0,1043.5,1336.5,1532.5,1753.0,1924.0,2182.5,2187.0,3724.0,3211.0,983.0,1301.0,1642.5,1869.5,2067.0,2240.0,2529.0,2528.0,3274.5,2709.0,1914.0,2079.5,2270.0,2535.0,2625.0,2712.5,2857.5,2856.5,2736.0,1851.0,953.0,1045.0,1289.5,1464.5,1536.5,1736.5,1896.0,1975.0,"{""type"":""MultiPoint"",""coordinates"":[]}"
4208,5,2047.0,1399.0,639.0,752.0,1004.0,1137.0,1247.0,1328.0,1560.0,1569.0,3306.0,2785.0,960.0,1234.0,1562.0,1757.0,1842.0,1962.0,2146.0,2180.0,2080.0,1360.0,682.0,796.0,1010.0,1169.0,1273.0,1373.0,1523.0,1510.0,2827.0,2321.0,791.0,959.0,1218.0,1386.0,1497.0,1627.0,1790.0,1773.0,3371.0,2879.0,986.0,1233.0,1537.0,1747.0,1875.0,2056.0,2126.0,2169.0,3369.0,2838.5,1007.5,1223.5,1531.5,1759.0,1891.0,2031.0,2143.5,2222.0,0.0,0.0,0.0,0.0,0.0,0.0,0.0,0.0,0.0,0.0,4162.0,3321.5,1347.5,1678.5,1920.0,2329.5,2675.5,2896.0,2941.0,3163.0,4587.0,3226.0,3731.0,3545.0,3330.0,3618.0,3753.0,3856.0,4211.0,3832.0,2708.0,1737.0,467.0,747.5,635.0,1154.5,2737.0,3184.0,3159.5,3309.0,2375.0,1330.0,461.0,656.0,483.0,932.0,2903.0,3696.0,3587.0,3777.0,2173.0,1620.0,615.0,754.0,993.0,1140.0,1234.0,1310.0,1482.0,1507.0,2437.0,1077.0,417.0,602.0,324.0,836.0,4155.0,5721.0,5622.0,5954.0,1557.0,807.0,695.0,629.0,355.5,616.0,2568.0,3587.0,3736.5,3827.5,0.0,0.0,0.0,0.0,0.0,0.0,0.0,0.0,0.0,0.0,2184.0,904.0,213.0,329.0,173.0,557.0,3499.0,5134.0,5012.0,5486.0,2071.5,946.5,222.5,426.5,223.5,749.5,3315.5,4325.0,4480.5,4637.0,0.0,0.0,0.0,0.0,0.0,0.0,0.0,0.0,0.0,0.0,2895.5,2134.5,486.0,665.0,949.5,1202.0,1373.5,1551.0,1724.5,1848.0,2896.0,2213.0,500.0,639.0,876.0,1062.0,1163.0,1268.0,1341.0,1514.0,2572.5,2051.5,551.5,678.5,915.0,1072.0,1155.5,1258.0,1350.0,1431.5,2426.0,1989.0,640.0,791.0,1043.0,1191.0,1278.0,1377.0,1460.0,1543.0,0.0,0.0,0.0,0.0,0.0,0.0,0.0,0.0,0.0,0.0,2047.0,1633.0,578.0,728.0,943.0,1051.0,1148.0,1209.0,1311.0,1337.0,2353.0,1917.0,764.0,921.0,1187.0,1349.0,1398.0,1490.0,1406.0,1631.0,1515.0,1026.0,411.0,534.0,732.0,824.0,885.0,930.0,1094.0,1113.0,2113.0,1611.5,669.5,775.5,992.5,1143.5,1152.5,1278.0,1361.5,1410.5,0.0,0.0,0.0,0.0,0.0,0.0,0.0,0.0,0.0,0.0,1613.0,1076.0,497.0,542.0,714.0,810.0,877.0,958.0,1072.0,1111.0,0.0,0.0,0.0,0.0,0.0,0.0,0.0,0.0,0.0,0.0,136.0,185.0,14370.0,13042.0,12250.0,12070.0,11349.0,10566.0,10838.0,9814.0,0.0,0.0,0.0,0.0,0.0,0.0,0.0,0.0,0.0,0.0,2287.0,1570.0,719.0,874.0,1105.0,1262.0,1383.0,1472.0,1671.0,1645.0,2262.0,1653.0,583.0,765.0,1009.0,1144.0,1230.0,1354.0,1552.0,1524.0,2100.0,1374.0,606.0,736.0,978.0,1158.0,1258.0,1333.0,1519.0,1541.0,944.0,689.0,305.0,381.0,498.0,666.0,673.0,833.0,630.0,1004.0,"{""type"":""MultiPoint"",""coordinates"":[]}"
4226,5,2361.0,1545.0,645.0,889.0,1115.0,1525.0,2103.0,2335.0,2611.0,2648.0,3884.0,2965.0,823.0,1162.0,1578.0,2004.0,2361.0,2566.0,2874.0,3036.0,2788.5,1896.5,702.0,928.5,1261.0,1656.5,1845.5,2080.0,2262.5,2437.0,3338.0,2426.0,793.0,1005.0,1322.0,1751.0,1941.0,2233.0,2386.0,2486.0,0.0,0.0,0.0,0.0,0.0,0.0,0.0,0.0,0.0,0.0,4371.0,3536.0,1002.0,1308.0,1564.0,2012.0,2493.0,2736.0,2859.0,3105.0,0.0,0.0,0.0,0.0,0.0,0.0,0.0,0.0,0.0,0.0,3591.0,2652.0,755.0,1085.0,1140.0,1730.0,2686.0,2898.0,3097.0,3336.0,3720.0,2440.0,851.0,1154.0,1280.0,1858.0,3048.0,3718.0,3618.0,4005.0,3014.0,1943.0,700.0,920.0,931.0,1470.0,2759.0,3283.0,3374.0,3644.0,2855.0,1524.0,551.0,781.0,591.0,1274.0,3549.0,4532.0,4637.0,4716.0,3338.0,2553.0,775.0,1039.0,1359.0,1753.0,2261.0,2603.0,2786.0,2820.0,2883.5,1473.0,533.5,728.0,559.0,1171.0,3728.5,4975.0,5021.0,5149.5,2591.0,1482.0,424.0,600.0,461.0,1118.0,3384.0,4375.0,4675.0,4805.0,2608.0,1587.0,534.0,763.0,607.0,1182.0,2980.0,3886.0,3839.0,4224.0,2279.0,1270.5,596.0,762.5,656.5,1226.5,2551.5,3030.0,3106.5,3207.5,2655.5,1762.0,506.0,783.5,748.0,1385.5,2233.5,2559.0,2700.0,2861.5,0.0,0.0,0.0,0.0,0.0,0.0,0.0,0.0,0.0,0.0,3324.5,2555.5,635.0,826.5,1132.5,1439.0,1597.0,1776.5,1906.0,2117.0,3716.5,3044.0,942.0,1179.0,1464.0,1869.0,1930.0,2118.5,2104.5,2316.0,3273.5,2807.5,793.5,1011.5,1340.0,1653.0,1778.5,1886.5,1976.0,2154.5,3303.0,3003.0,806.0,1051.0,1395.0,1694.0,1831.0,1990.0,2043.0,2136.0,0.0,0.0,0.0,0.0,0.0,0.0,0.0,0.0,0.0,0.0,3127.0,2590.0,719.0,952.5,1275.0,1603.0,1773.0,1997.0,2035.0,2142.0,0.0,0.0,0.0,0.0,0.0,0.0,0.0,0.0,0.0,0.0,1987.0,1309.0,316.0,492.0,717.0,1004.0,1125.0,1406.0,1377.0,1451.0,2979.5,2371.5,653.0,898.0,1131.0,1512.5,1947.5,2215.0,2154.5,2301.5,0.0,0.0,0.0,0.0,0.0,0.0,0.0,0.0,0.0,0.0,2128.0,1408.0,447.0,683.0,683.0,1150.0,2010.0,2203.0,2347.0,2379.0,0.0,0.0,0.0,0.0,0.0,0.0,0.0,0.0,0.0,0.0,957.0,1033.0,10710.0,10432.0,10351.0,10400.0,10100.0,9689.0,10087.0,9397.0,0.0,0.0,0.0,0.0,0.0,0.0,0.0,0.0,0.0,0.0,3244.0,2294.0,744.0,1012.0,1229.0,1674.0,2378.0,2540.0,2885.0,2886.0,3089.5,2158.0,676.0,999.5,1041.5,1668.0,2648.5,3004.0,3269.0,3276.5,3332.5,2545.0,1891.5,2123.0,2256.0,2777.0,3284.5,3474.0,3587.5,3639.0,0.0,0.0,0.0,0.0,0.0,0.0,0.0,0.0,0.0,0.0,"{""type"":""MultiPoint"",""coordinates"":[]}"
4231,2,2102.5,1538.5,526.0,722.0,1023.5,1177.5,1295.5,1415.5,1631.5,1653.5,4042.0,3467.0,1219.5,1647.0,1938.5,2476.5,3019.0,3234.0,3451.0,3476.5,2356.5,1511.5,614.0,891.0,1010.0,1485.0,1975.0,2172.0,2303.0,2381.0,2539.0,1628.0,891.5,1132.5,1271.0,1757.0,2211.5,2426.5,2636.5,2659.5,0.0,0.0,0.0,0.0,0.0,0.0,0.0,0.0,0.0,0.0,3575.0,2837.0,956.5,1311.0,1744.5,2038.0,2198.0,2306.5,2541.5,2590.5,0.0,0.0,0.0,0.0,0.0,0.0,0.0,0.0,0.0,0.0,0.0,0.0,0.0,0.0,0.0,0.0,0.0,0.0,0.0,0.0,4402.0,3727.0,1398.5,1881.0,2262.0,2853.5,3283.0,3437.5,3468.0,3540.5,3377.0,2426.5,699.0,995.5,1032.5,1565.0,2359.5,2601.0,2798.0,2974.5,3591.5,2386.5,650.5,1088.5,920.5,1673.0,3813.0,4300.5,4349.5,4634.5,3426.0,3078.5,960.5,1273.5,1689.5,1852.5,1960.5,2208.5,2452.0,2424.5,2477.5,1167.5,440.0,716.0,415.5,1074.0,3792.5,4748.5,4433.5,4710.5,2229.5,1021.5,471.0,701.0,387.5,1082.0,3935.5,4865.0,5012.0,5004.5,0.0,0.0,0.0,0.0,0.0,0.0,0.0,0.0,0.0,0.0,2210.5,938.0,404.0,683.0,351.5,1141.5,4246.0,4869.0,4961.5,5175.0,2193.0,1047.0,356.0,645.5,409.0,1179.0,3481.0,4211.5,4397.0,4350.5,0.0,0.0,0.0,0.0,0.0,0.0,0.0,0.0,0.0,0.0,2502.0,1406.5,457.5,625.0,606.5,1470.0,3083.0,3464.0,3602.0,3715.5,2375.5,1856.0,5764.0,5546.0,5453.5,5653.0,5713.5,5998.0,6017.0,6021.0,2959.0,2107.5,929.0,1078.0,1343.0,1637.0,1848.0,2073.0,2315.0,2429.5,3627.0,2806.5,696.5,934.0,1301.0,1660.5,1915.5,2172.0,2424.0,2571.0,0.0,0.0,0.0,0.0,0.0,0.0,0.0,0.0,0.0,0.0,3007.5,2066.0,570.5,830.5,1073.5,1357.0,1722.5,2024.0,2307.5,2351.5,1948.5,1090.5,1389.5,1197.5,1116.5,1315.0,1548.5,1687.5,2321.5,1931.5,2004.5,1214.0,317.5,569.0,728.5,1083.0,1472.0,1663.5,1956.0,1939.0,2142.0,1318.0,353.5,660.5,908.0,1345.0,1801.5,2045.5,2283.0,2419.0,0.0,0.0,0.0,0.0,0.0,0.0,0.0,0.0,0.0,0.0,2188.5,1417.0,460.0,662.5,797.5,1153.5,1638.0,1833.0,2117.5,2089.5,0.0,0.0,0.0,0.0,0.0,0.0,0.0,0.0,0.0,0.0,1017.5,1091.5,10485.0,10191.0,10232.0,10325.0,9991.5,9695.5,10156.0,9347.5,0.0,0.0,0.0,0.0,0.0,0.0,0.0,0.0,0.0,0.0,3304.0,2697.0,1055.0,1333.0,1628.5,1870.5,2041.5,2135.5,2438.0,2346.5,3307.5,2660.5,981.0,1293.5,1607.0,1803.0,2089.0,2228.0,2534.0,2472.5,2350.5,1622.5,541.5,793.0,1050.0,1317.5,1561.0,1739.5,1953.5,1975.0,3784.0,3061.5,1214.5,1571.0,1852.5,2337.0,2818.0,2996.0,3153.5,3201.0,"{""type"":""MultiPoint"",""coordinates"":[]}"
4239,5,1559.5,1013.5,698.0,878.0,854.5,1374.5,1982.0,2173.5,2344.5,2309.0,4016.0,2912.0,1380.0,1798.5,2343.0,2722.0,2918.0,2882.0,3198.5,2830.5,1249.0,767.0,560.0,797.0,1126.5,1360.0,1405.0,1559.5,1640.0,1679.0,139.5,108.5,475.0,638.5,863.0,1051.5,937.5,1094.5,1082.5,1019.5,3466.0,2650.5,781.5,1115.5,1440.5,1777.0,1943.5,2070.5,2306.0,2357.5,4297.5,3441.0,1893.5,2646.5,3019.0,3362.0,3552.0,3685.0,3450.5,3739.5,0.0,0.0,0.0,0.0,0.0,0.0,0.0,0.0,0.0,0.0,5566.0,5007.5,1588.0,2201.5,2517.5,3200.5,3503.5,3803.5,3984.5,4062.5,5010.5,4428.5,1742.0,2388.5,2714.5,3370.5,3754.5,4009.0,4073.5,4306.0,4137.0,3377.0,1295.0,1827.5,2094.0,2743.0,3445.0,3744.5,3943.5,4070.0,3391.0,2750.0,2256.0,2462.5,2270.5,2786.0,3763.0,4216.0,4289.0,4419.5,2138.0,1279.5,391.5,786.5,812.0,1488.0,2383.0,2591.5,2884.5,2860.5,3500.0,2467.0,656.5,970.5,869.5,1531.5,3153.0,3710.0,3671.5,4026.5,2208.0,1108.0,460.5,648.0,403.5,951.0,3109.0,3981.5,4002.0,4134.5,1994.5,849.0,285.0,444.0,230.0,710.0,3367.0,4531.0,4530.0,4810.5,2116.5,865.0,342.5,473.5,253.5,683.5,3540.0,5014.0,4840.0,5215.5,1928.0,777.5,269.0,428.0,237.5,683.5,3352.5,4586.0,4666.0,4836.0,1454.0,605.5,317.0,456.0,266.0,659.0,2693.0,3467.5,3515.0,3590.0,2002.5,933.5,391.0,674.0,350.0,1173.5,2803.5,3192.0,3535.0,3530.0,1653.0,1130.5,733.0,866.5,899.0,1252.0,1458.5,1603.0,1728.0,1848.5,2952.0,2194.5,509.0,673.0,921.5,1149.0,1277.0,1465.5,1654.5,1744.0,2091.5,1455.5,430.5,563.5,759.5,958.0,1085.0,1237.0,1399.5,1464.5,1512.0,1053.0,505.5,815.0,911.5,1508.5,1981.5,2145.5,2269.0,2187.0,3202.0,2242.0,685.5,943.5,1229.5,1487.5,1698.0,1838.0,2088.0,2174.5,1508.0,806.5,490.5,646.5,853.5,1125.5,1304.5,1452.5,1632.5,1686.5,1996.0,1204.0,470.5,706.0,905.0,1169.5,1439.5,1579.5,1801.5,1798.0,1637.5,971.5,630.5,896.5,1099.0,1428.5,1721.0,1842.0,2012.0,2062.0,0.0,0.0,0.0,0.0,0.0,0.0,0.0,0.0,0.0,0.0,1594.5,885.5,540.5,710.0,825.0,1177.0,1533.0,1740.0,1875.5,1879.5,1094.5,611.0,523.0,676.5,687.5,1077.5,1577.5,1766.0,1882.5,1822.0,1051.5,1119.5,10254.0,10038.0,10053.0,10209.5,9872.0,9539.5,9927.0,9134.0,1000.5,580.0,332.5,683.0,777.5,1403.0,1892.5,2072.0,2205.0,2183.5,2500.0,1573.5,496.5,842.5,858.5,1580.5,2586.0,2873.0,3114.5,3106.0,848.5,511.0,484.0,775.5,678.0,1293.0,1949.5,2169.5,2292.5,2151.5,1560.0,866.0,445.5,828.5,686.0,1516.0,2604.0,2943.0,3098.5,3089.0,2574.0,1539.5,611.5,1055.5,918.0,1952.0,3163.5,3533.5,3811.0,3820.5,"{""type"":""MultiPoint"",""coordinates"":[]}"
4267,3,1416.0,941.5,503.0,652.0,803.0,947.0,1020.5,1108.0,1210.5,1237.5,4222.0,4107.0,1435.5,1808.0,2209.0,2491.5,2606.5,2725.5,2828.0,2926.0,1260.5,815.5,493.5,662.0,827.5,1003.0,1047.0,1157.5,1210.0,1246.5,1689.0,1144.0,597.0,773.0,932.0,1110.0,1197.0,1283.0,1399.0,1380.0,4371.0,4244.0,1375.0,1814.0,2215.0,2509.0,2665.0,2808.0,3000.0,2991.0,3129.0,2370.0,908.0,1179.0,1291.0,1701.0,2030.0,2204.0,2337.0,2414.0,0.0,0.0,0.0,0.0,0.0,0.0,0.0,0.0,0.0,0.0,1438.0,716.0,356.0,567.0,253.0,802.0,2451.0,3041.0,2927.0,3005.0,1011.0,479.0,480.0,424.0,240.0,488.0,1934.0,2532.0,2616.0,2606.0,1098.0,474.0,311.0,407.0,209.0,509.0,2410.0,3658.0,3687.0,3794.0,1427.0,652.0,481.0,619.0,386.0,810.0,2765.0,4403.0,4412.0,4570.0,2025.5,1541.5,587.0,725.5,915.5,1035.5,1110.5,1207.0,1354.0,1345.0,943.0,397.0,302.0,457.0,223.0,589.0,2358.0,3711.0,3651.0,3963.0,1304.0,596.0,460.0,658.0,357.0,932.0,2817.0,4016.0,4094.0,4310.0,1259.0,637.0,553.0,849.0,521.0,1300.0,3277.0,4217.0,4057.0,4380.0,2327.0,1252.0,875.0,1308.0,1175.0,1979.0,3311.0,3807.0,3769.0,4097.0,1914.0,1085.0,524.0,926.0,920.0,1688.0,2523.0,2785.0,3033.0,3209.0,2820.5,1772.5,870.0,1198.0,1418.0,2042.0,2653.5,2994.5,3060.5,3401.0,3541.0,2432.5,774.0,1088.5,1559.0,1901.0,2086.5,2277.0,2411.5,2584.0,2836.5,1910.0,795.5,981.0,1256.5,1481.0,1632.5,1737.5,1833.5,1919.0,3650.0,2470.0,832.0,1117.0,1544.0,1840.0,2104.0,2281.0,2478.0,2567.0,3869.0,3080.0,907.0,1240.5,1788.5,2133.5,2276.0,2447.5,2645.5,2782.5,2203.5,1903.5,714.5,901.5,1130.0,1282.0,1362.5,1474.5,1615.5,1632.0,3722.5,2998.5,1027.0,1409.5,1987.5,2269.5,2401.0,2562.5,2859.5,2883.5,2035.0,1495.0,621.0,793.0,1118.0,1313.0,1400.0,1496.0,1603.0,1692.0,1825.5,1307.0,483.5,721.5,1053.0,1221.0,1276.5,1381.5,1529.5,1552.5,1888.0,1391.0,569.0,785.0,1046.0,1258.0,1289.0,1370.0,1521.0,1608.0,0.0,0.0,0.0,0.0,0.0,0.0,0.0,0.0,0.0,0.0,900.5,562.5,535.0,675.5,873.5,1031.0,1077.5,1132.0,1251.0,1230.0,0.0,0.0,0.0,0.0,0.0,0.0,0.0,0.0,0.0,0.0,933.0,1003.0,10596.0,10272.0,10244.0,10345.0,10035.0,9679.0,10096.0,9266.0,1133.0,774.5,780.5,974.0,1191.0,1309.5,1284.5,1406.0,1503.0,1474.0,2176.0,1658.0,560.0,752.0,933.0,1115.0,1173.0,1256.0,1378.0,1391.0,2059.0,1531.0,703.0,890.5,1035.0,1212.5,1288.5,1384.5,1506.0,1514.0,2047.0,1485.0,623.0,857.0,1026.0,1212.0,1302.0,1381.0,1485.0,1499.0,3602.0,3129.0,1014.0,1261.0,1615.0,1823.0,1834.0,1970.0,2052.0,2135.0,"{""type"":""MultiPoint"",""coordinates"":[]}"
4272,5,2526.0,1648.5,488.0,672.5,810.5,1159.0,1584.5,1815.0,2019.0,2070.0,3559.5,2676.0,846.0,1105.0,1354.0,1661.5,2056.0,2282.5,2494.5,2593.0,2675.0,1778.0,632.0,801.0,1037.5,1285.5,1606.0,1701.5,1909.5,2024.0,2674.5,1728.5,664.0,831.0,1086.5,1326.0,1673.0,1740.5,1934.0,2053.0,0.0,0.0,0.0,0.0,0.0,0.0,0.0,0.0,0.0,0.0,3414.0,2681.5,1029.5,1295.5,1449.5,1822.0,2460.0,2625.5,2781.0,2892.5,0.0,0.0,0.0,0.0,0.0,0.0,0.0,0.0,0.0,0.0,2497.5,1365.5,457.0,751.5,601.5,1220.5,2615.5,3275.5,3049.0,3446.5,3390.5,2360.5,1117.0,1414.5,1325.0,2026.0,3572.0,4175.5,4231.0,4638.5,2958.0,2005.5,619.5,886.0,915.0,1444.5,2561.5,3090.5,3330.0,3432.5,2459.5,1667.5,540.0,771.5,794.5,1195.5,2047.0,2555.0,2608.0,2797.0,2269.5,1475.0,535.5,709.0,874.0,1199.5,1596.5,1792.5,1976.0,2090.0,3071.5,1894.0,665.5,918.0,839.5,1419.5,2734.5,3286.0,3405.5,3703.5,3344.5,2047.5,2337.0,2274.5,1959.0,2430.5,3727.5,4224.0,4287.0,4467.5,3310.5,2230.5,804.5,1058.5,1059.5,1651.0,2822.0,3251.5,3280.5,3623.0,2840.5,1904.5,634.0,900.5,934.0,1440.0,2109.5,2402.5,2444.5,2737.0,2043.0,1464.0,471.0,585.5,688.5,934.5,1173.0,1348.0,1459.5,1555.0,4313.5,3013.0,839.5,1108.5,1499.5,1822.0,2125.0,2451.5,2799.5,3032.5,3176.5,2324.0,604.5,787.5,1016.5,1275.0,1537.5,1679.5,1868.0,1986.5,3469.0,2423.5,521.5,754.0,869.0,1246.5,1655.5,1886.0,2007.0,2175.5,3729.5,2926.0,1042.0,1306.0,1491.5,1903.5,2325.0,2630.0,2529.5,2852.5,3688.5,2720.0,683.5,857.5,1042.0,1351.0,1823.0,2065.0,2296.5,2432.5,0.0,0.0,0.0,0.0,0.0,0.0,0.0,0.0,0.0,0.0,3320.0,2410.0,578.0,742.5,871.0,1241.0,1748.5,1983.0,2179.0,2288.5,3225.0,2618.0,733.0,938.0,1238.0,1477.0,1632.0,1802.5,1899.5,2064.5,1900.5,1193.0,338.0,478.0,695.5,882.5,1027.5,1182.0,1393.0,1449.0,2974.0,2614.5,1806.5,1848.5,2034.5,2256.5,2272.0,2355.5,2369.5,2497.5,0.0,0.0,0.0,0.0,0.0,0.0,0.0,0.0,0.0,0.0,2067.5,1374.0,543.5,618.5,832.0,989.5,1125.5,1233.0,1449.5,1487.0,0.0,0.0,0.0,0.0,0.0,0.0,0.0,0.0,0.0,0.0,390.0,340.0,8470.5,8684.5,8379.5,7899.0,8068.5,6682.5,7512.5,6497.0,0.0,0.0,0.0,0.0,0.0,0.0,0.0,0.0,0.0,0.0,2822.0,1975.0,609.0,766.5,1026.5,1186.5,1375.5,1503.0,1778.0,1833.5,3974.5,3265.5,978.0,1278.5,1682.5,1896.0,2063.0,2159.5,2535.0,2415.5,3239.5,2382.5,671.0,848.0,1139.5,1350.0,1470.5,1648.5,1913.5,1963.0,0.0,0.0,0.0,0.0,0.0,0.0,0.0,0.0,0.0,0.0,"{""type"":""MultiPoint"",""coordinates"":[]}"
4295,3,2251.0,1604.0,851.0,1269.5,1699.0,2074.0,2185.5,2329.0,2625.5,2577.5,5607.5,5138.0,2091.5,2703.0,3373.5,3787.0,4014.0,4139.0,4347.0,4353.0,2968.0,2112.0,1038.0,1396.0,1750.0,2176.0,2291.0,2519.0,2686.0,2702.0,3127.0,2312.0,1135.0,1426.0,1497.0,2194.0,2358.0,2624.0,2768.0,2950.0,3477.0,2665.0,1061.0,1546.0,1772.0,2334.0,2556.0,2681.0,2986.0,2926.0,7003.0,6496.0,2443.0,3140.0,3510.0,4500.0,4915.0,5233.0,5276.0,5538.0,1381.0,896.0,1551.0,1624.0,1263.0,1714.0,2342.0,2599.0,2916.0,2393.0,1943.0,1054.0,730.0,868.0,596.0,1050.0,2882.0,3639.0,3605.0,3632.0,2110.5,1162.5,447.5,779.5,385.0,1150.5,3489.5,4521.5,4308.0,4454.5,1280.0,646.0,205.0,514.0,196.0,726.0,2445.0,3533.0,3342.0,3612.0,2971.5,2214.0,2293.0,2230.5,1925.0,2460.0,4084.5,5155.5,5003.0,5314.5,3149.0,2491.0,1193.0,1543.0,1971.0,2323.0,2447.0,2563.0,2880.0,2780.0,1579.5,702.0,351.0,572.5,291.0,850.5,3340.0,4657.0,4585.0,4920.5,1514.5,713.0,497.0,767.5,378.5,1140.0,3358.0,4584.5,4563.5,4788.0,1817.0,874.0,555.0,965.0,603.0,1620.0,3842.0,4825.0,4790.0,5122.0,1888.0,969.0,602.0,990.5,770.5,1707.0,3374.5,4051.5,4003.0,4358.5,2295.0,1225.0,558.0,1079.0,985.0,1925.0,3189.0,3598.0,3809.0,4017.0,3219.0,1968.5,822.5,1210.0,1455.5,2216.5,2985.5,3369.0,3413.5,3814.5,3754.5,2711.0,1005.5,1422.5,1778.0,2371.0,2809.0,3057.5,3220.5,3364.5,2971.5,1922.0,1377.5,1522.0,1573.5,2049.0,2475.0,2744.0,2951.5,2982.0,2924.0,1880.0,611.0,945.0,1022.0,1511.0,2309.0,2531.0,2832.0,2862.0,3129.0,1935.0,631.0,955.0,1007.0,1541.0,2280.0,2570.0,2754.0,2834.0,4399.0,4292.0,3493.0,3609.0,3806.0,3994.0,4004.0,4050.0,4343.0,4137.0,2667.5,1694.5,629.0,930.0,934.5,1522.5,2253.5,2516.0,2770.5,2804.0,3128.0,2682.0,3309.5,3275.0,3274.0,3800.5,3885.0,3973.5,4115.5,3919.5,401.5,274.0,328.0,579.5,661.0,959.0,932.0,941.5,1132.5,921.0,274.0,180.5,258.0,464.5,544.0,764.0,571.0,602.5,655.0,494.0,0.0,0.0,0.0,0.0,0.0,0.0,0.0,0.0,0.0,0.0,117.0,72.0,181.0,232.0,293.0,404.0,315.0,351.0,359.0,172.0,0.0,0.0,0.0,0.0,0.0,0.0,0.0,0.0,0.0,0.0,646.0,693.0,10752.0,10464.0,10354.0,10392.0,10064.0,9594.0,9952.0,9189.0,1453.0,1594.0,4192.0,4128.5,4184.0,4388.5,4332.5,4296.5,4252.5,4168.5,2732.5,1909.0,962.5,1361.0,1746.5,2125.0,2270.0,2415.5,2692.0,2653.0,3649.0,2833.0,1201.0,1648.0,1924.0,2447.0,2613.0,2811.0,3069.0,3026.0,3090.0,2318.0,1043.0,1509.0,1835.0,2282.0,2469.0,2589.0,2825.0,2806.0,2945.0,2207.0,1045.0,1464.0,1759.0,2235.0,2425.0,2572.0,2784.0,2769.0,"{""type"":""MultiPoint"",""coordinates"":[]}"
4298,3,2135.0,1417.5,784.5,1057.5,1424.0,1697.5,1826.0,1987.0,2214.0,2245.5,4685.0,4200.5,1873.0,2354.5,2933.0,3294.0,3297.5,3449.0,3697.0,3806.0,2577.0,1763.5,966.5,1276.0,1722.0,1987.0,2085.0,2269.5,2437.0,2502.5,3187.0,2627.5,2387.0,2172.5,2552.0,2839.5,2838.5,2870.5,3280.5,3164.5,5335.0,5085.0,2136.0,2736.0,3434.0,3761.0,3978.0,4095.0,4473.0,4264.0,6308.0,5678.5,2418.0,3083.5,3711.5,4351.0,4545.5,4928.5,5224.0,5240.5,0.0,0.0,0.0,0.0,0.0,0.0,0.0,0.0,0.0,0.0,5119.0,4268.0,2159.0,2561.0,2682.0,3342.0,4037.0,4456.0,4531.0,4665.0,2611.5,1986.0,800.5,1243.5,1410.0,2037.5,2461.5,2652.5,2746.0,2748.0,965.0,605.0,341.0,568.0,532.0,967.0,1786.0,2243.0,2203.0,2170.0,2511.0,1528.0,2011.0,1863.0,1442.0,1908.0,3621.0,4653.0,4512.0,4774.0,2870.0,2223.0,989.0,1196.0,1531.0,1791.0,1938.0,2099.0,2341.0,2331.0,1747.0,851.0,351.0,481.0,269.0,832.0,2808.0,4427.0,4465.0,4685.0,1378.5,713.0,394.5,488.5,265.0,660.0,2549.0,4346.0,4437.5,4608.0,1532.0,708.0,419.0,416.0,244.0,508.0,2374.0,3994.0,4041.0,4270.0,1291.0,698.0,268.0,431.0,238.0,691.0,2409.0,4056.0,3943.0,4264.0,1515.0,748.0,273.0,610.0,325.0,969.0,2828.0,3964.0,4178.0,4407.0,2180.5,1547.5,1272.0,1406.5,1271.0,1877.0,3123.5,3678.5,3938.0,3903.5,1584.0,819.0,378.5,653.5,545.0,1175.0,2433.5,2991.5,3178.0,3257.0,1418.0,868.5,594.5,736.5,687.0,1104.5,1774.5,2029.5,1993.0,2247.0,3688.0,2570.0,889.0,1188.0,1402.0,1996.0,2509.0,2807.0,3148.0,3183.0,3642.0,2475.0,919.0,1290.0,1815.0,2240.0,2502.0,2765.0,2951.0,3101.0,1395.5,1061.5,590.5,736.0,876.0,1042.0,1099.5,1142.5,1292.0,1199.0,3187.0,2175.0,835.5,1097.5,1464.5,1786.5,1957.0,2147.5,2372.0,2412.5,4082.0,3861.0,2716.0,2857.0,3245.0,3648.0,3786.0,3968.0,3930.0,4177.0,2353.0,1537.0,603.0,880.0,1327.5,1484.0,1620.5,1766.5,2072.5,2089.5,2603.0,1745.0,726.0,966.0,1348.0,1546.0,1659.0,1803.0,2074.0,2124.0,4235.0,3247.0,4821.0,4658.0,4578.0,5079.0,4721.0,4576.0,5235.0,4370.0,1451.5,967.5,689.0,836.0,1133.5,1251.0,1411.0,1548.5,1753.5,1731.0,0.0,0.0,0.0,0.0,0.0,0.0,0.0,0.0,0.0,0.0,1058.0,1162.0,10884.0,10472.0,10392.0,10334.0,9939.0,9853.0,10128.0,9303.0,1653.5,1122.5,1027.0,1331.5,1669.0,2005.5,2026.5,2152.5,2312.0,2210.5,3350.0,2658.5,1165.0,1514.5,1887.0,2197.5,2395.5,2589.0,2757.0,2788.5,2884.0,2165.0,1077.0,1439.0,1787.0,2110.0,2294.0,2442.0,2665.0,2670.0,2966.0,2200.0,1051.0,1466.0,1845.0,2195.0,2340.0,2545.0,2754.0,2706.0,5612.5,5310.0,2544.0,3145.0,3815.0,4144.0,4151.5,4388.0,4730.5,4649.0,"{""type"":""MultiPoint"",""coordinates"":[]}"
4303,3,1988.0,1239.5,536.5,717.0,993.0,1151.5,1241.0,1364.0,1536.5,1556.5,3641.5,2908.5,924.0,1221.5,1605.5,1829.0,1968.5,2113.0,2177.5,2332.5,2440.0,1535.0,715.0,881.0,1163.0,1350.0,1434.0,1583.0,1755.0,1784.0,3467.0,2890.0,872.0,1135.0,1467.0,1736.0,1783.0,1955.0,2010.0,2127.0,2863.0,2057.0,618.0,838.0,1121.0,1302.0,1430.0,1598.0,1674.0,1754.0,4026.0,3111.0,1049.0,1373.0,1737.0,2038.0,2243.0,2389.0,2614.0,2622.0,0.0,0.0,0.0,0.0,0.0,0.0,0.0,0.0,0.0,0.0,3411.0,2518.0,756.0,1022.0,1158.0,1536.0,2182.0,2469.0,2494.0,2667.0,2107.0,1126.0,329.0,572.0,464.0,916.5,2042.5,2504.0,2441.5,2619.0,2278.0,1203.0,380.0,621.0,344.0,857.0,2985.0,4001.0,3877.0,4108.0,2475.5,1701.5,1122.5,1310.0,1178.5,1706.0,3351.0,4364.0,4007.5,4546.5,2329.0,1725.0,505.0,687.0,971.0,1095.0,1194.0,1337.0,1431.0,1489.0,4976.0,3941.0,6228.0,5748.0,5291.0,5874.0,6411.0,6457.0,6602.0,6467.0,4016.0,2859.0,2795.0,2909.0,2704.0,3144.0,4812.0,5785.0,5885.0,6060.0,1533.0,730.0,444.0,734.0,390.0,1119.0,3265.0,4518.0,4466.0,4770.0,1694.0,849.0,535.0,899.5,535.0,1447.5,3496.5,4412.0,4370.5,4766.0,2182.0,1385.5,1054.0,1333.5,1285.5,2041.0,3110.0,3506.0,3625.5,3871.5,3559.5,2443.5,1031.0,1498.5,2141.0,2777.5,3041.5,3371.5,3464.0,3782.0,4460.0,3256.0,1226.0,1654.5,2292.0,2635.5,2792.5,3002.0,3200.5,3315.5,2209.0,1676.0,572.0,724.0,967.0,1188.0,1254.0,1348.0,1352.0,1506.0,2460.0,2074.0,662.0,840.0,1092.0,1295.0,1343.0,1438.0,1500.0,1605.0,2457.0,1881.0,603.0,811.0,1094.0,1243.0,1338.0,1464.0,1460.0,1604.0,2476.5,1712.0,903.5,1064.0,1306.0,1506.0,1619.0,1788.0,1930.5,1999.0,2281.0,1698.0,589.0,777.0,997.0,1174.0,1240.0,1359.0,1447.0,1524.0,2323.0,1838.0,590.0,769.0,1029.0,1196.0,1253.0,1384.0,1421.0,1508.0,1607.0,971.5,411.5,572.5,820.5,927.0,1011.0,1124.5,1263.5,1280.0,1606.0,977.0,416.0,615.0,838.0,992.0,1071.0,1133.0,1255.0,1296.0,0.0,0.0,0.0,0.0,0.0,0.0,0.0,0.0,0.0,0.0,1552.0,909.0,546.0,680.0,905.0,1050.0,1113.0,1229.0,1384.0,1404.0,0.0,0.0,0.0,0.0,0.0,0.0,0.0,0.0,0.0,0.0,115.0,147.0,10057.0,10080.0,10048.0,10256.0,9820.0,9283.0,9506.0,8723.0,191.0,161.0,8402.0,8436.0,8544.0,8700.0,8251.0,7795.0,7960.0,7304.0,2313.0,1406.0,627.0,872.0,1160.0,1338.0,1444.0,1568.0,1726.0,1794.0,2673.0,1857.0,642.0,852.0,1135.0,1307.0,1377.0,1513.0,1746.0,1730.0,2422.0,1601.0,586.0,748.0,1017.0,1187.0,1269.0,1396.0,1575.0,1605.0,2413.0,1426.0,732.0,934.0,1235.0,1469.0,1559.0,1693.0,1807.0,1921.0,"{""type"":""MultiPoint"",""coordinates"":[]}"
4321,5,207.0,137.0,1082.0,1510.0,1911.0,2083.0,1888.0,1948.0,1955.0,1677.0,2995.0,2562.0,938.0,1194.0,1504.0,1675.0,1732.0,1872.0,1999.0,2060.0,1532.0,995.0,532.0,600.0,753.0,860.0,902.0,999.0,1070.0,1127.0,2021.0,1450.0,720.0,832.0,1044.0,1147.0,1175.0,1342.0,1439.0,1460.0,0.0,0.0,0.0,0.0,0.0,0.0,0.0,0.0,0.0,0.0,2871.5,2340.5,877.5,1118.0,1308.5,1597.5,1886.5,2050.0,2121.5,2164.5,0.0,0.0,0.0,0.0,0.0,0.0,0.0,0.0,0.0,0.0,230.0,185.0,874.0,1192.0,1290.0,1449.0,1063.0,1106.0,1026.0,845.0,3375.0,2672.0,1331.0,1646.0,1963.0,2202.0,2279.0,2415.0,2361.0,2556.0,3097.0,2614.0,968.0,1200.0,1477.0,1718.0,1905.0,2039.0,2156.0,2221.0,2095.0,1301.0,841.0,1008.0,1036.0,1401.0,1731.0,1867.0,1839.0,2007.0,1932.0,1439.0,586.0,748.0,987.0,1109.0,1165.0,1265.0,1461.0,1472.0,4173.5,3498.0,3892.5,3847.5,3725.0,4317.0,4832.0,4977.0,4852.0,5053.0,2557.0,1825.0,689.0,965.0,930.0,1452.0,2416.0,2774.0,2781.0,2895.0,0.0,0.0,0.0,0.0,0.0,0.0,0.0,0.0,0.0,0.0,2253.0,1438.5,507.5,697.0,586.0,1048.0,2505.0,3050.0,2915.5,3263.5,1913.5,1163.5,399.0,595.5,491.0,929.5,2186.0,2579.0,2694.5,2746.0,0.0,0.0,0.0,0.0,0.0,0.0,0.0,0.0,0.0,0.0,2076.5,1378.0,454.0,702.5,658.0,1134.0,1824.0,2072.5,2190.5,2274.0,2664.5,2111.0,629.5,801.5,961.5,1221.0,1393.0,1496.0,1529.0,1701.0,2593.0,2102.0,538.5,692.5,925.0,1095.5,1210.5,1351.5,1466.5,1569.5,2608.0,2200.0,603.0,731.0,965.0,1144.0,1231.0,1342.0,1440.0,1530.0,0.0,0.0,0.0,0.0,0.0,0.0,0.0,0.0,0.0,0.0,2870.0,2317.0,732.5,893.0,1148.5,1302.0,1412.0,1502.0,1660.0,1718.0,0.0,0.0,0.0,0.0,0.0,0.0,0.0,0.0,0.0,0.0,2065.0,1437.0,467.0,608.0,830.0,932.0,1018.0,1137.0,1292.0,1352.0,2469.0,1877.5,673.0,787.0,1010.5,1155.5,1214.5,1310.0,1422.5,1505.0,0.0,0.0,0.0,0.0,0.0,0.0,0.0,0.0,0.0,0.0,2118.0,1652.0,548.0,664.0,853.0,963.0,1005.0,1106.0,1282.0,1279.0,0.0,0.0,0.0,0.0,0.0,0.0,0.0,0.0,0.0,0.0,805.0,872.0,10974.0,10542.0,10492.0,10542.0,10187.0,9817.0,10181.0,9403.0,0.0,0.0,0.0,0.0,0.0,0.0,0.0,0.0,0.0,0.0,143.0,122.0,1015.0,1386.0,1581.0,1681.0,1184.0,1178.0,1066.0,798.0,2140.5,1450.5,713.5,916.5,1164.0,1329.0,1402.5,1504.0,1668.5,1675.5,2177.0,1623.5,1355.5,1493.0,1703.5,1908.0,1928.0,2014.5,2129.0,2104.5,1925.0,1182.0,797.0,881.0,1064.0,1201.0,1243.0,1348.0,1454.0,1468.0,"{""type"":""MultiPoint"",""coordinates"":[]}"
4322,5,2593.0,2097.0,854.0,1159.0,1422.0,1745.0,1983.0,2054.0,2235.0,2192.0,3180.0,2954.5,1005.0,1363.0,1748.5,1961.5,2122.5,2193.5,2317.0,2368.5,2255.0,1740.0,838.0,1087.0,1389.0,1522.0,1595.0,1690.0,1810.0,1796.0,2642.0,2156.0,984.0,1281.0,1601.0,1792.0,1827.0,1997.0,1995.0,2070.0,4786.0,4787.0,1764.0,2313.0,2907.0,3180.0,3303.0,3466.0,3490.0,3595.0,4761.5,4754.5,1371.0,1863.5,2439.5,2789.5,2878.5,3049.5,3140.5,3225.5,0.0,0.0,0.0,0.0,0.0,0.0,0.0,0.0,0.0,0.0,5144.5,4698.0,1710.0,2322.0,2720.5,3314.5,3740.0,3985.0,3919.0,4218.0,4681.0,4094.0,1687.0,2335.0,2660.0,3294.0,3935.0,4107.0,4162.0,4418.0,4361.5,3876.0,1335.5,1898.0,2197.5,2701.0,3580.0,3880.0,3890.0,4109.0,4028.0,3484.0,1246.0,1729.0,1944.0,2376.0,3405.0,3929.0,3840.0,4084.0,2428.0,1945.0,813.5,1145.5,1419.0,1738.5,1962.0,2031.5,2186.5,2184.0,3417.0,2568.0,1014.0,1471.5,1510.0,2031.0,3578.5,4139.0,4033.0,4430.5,2688.0,1607.0,1010.0,1178.0,991.0,1539.0,3551.0,4364.0,4037.0,4512.0,2483.0,1612.0,837.0,1117.0,1144.0,1398.0,2720.0,3364.0,3029.0,3534.0,2917.5,2108.0,1453.0,1523.0,1390.0,1880.5,3417.5,4123.5,3958.0,4268.0,2677.5,1840.5,626.5,997.0,984.0,1549.0,2820.0,3150.5,3209.5,3538.0,2724.5,2068.0,707.0,1075.0,1252.5,1747.0,2233.0,2469.0,2495.5,2759.5,3313.0,2793.5,871.5,1186.5,1496.5,1756.5,1974.0,2148.5,2315.0,2369.5,3361.0,2790.0,778.0,1068.0,1390.0,1661.0,1739.0,1914.0,1983.0,2101.0,4024.0,3592.5,1083.0,1432.5,1862.0,2068.0,2176.5,2355.0,2561.0,2580.5,4204.0,3804.0,1086.0,1473.0,1928.0,2178.0,2232.0,2431.0,2651.0,2671.0,0.0,0.0,0.0,0.0,0.0,0.0,0.0,0.0,0.0,0.0,3263.5,2699.5,955.5,1266.0,1587.0,1828.5,1963.5,2113.5,2262.0,2288.0,0.0,0.0,0.0,0.0,0.0,0.0,0.0,0.0,0.0,0.0,2062.0,1551.0,602.0,890.0,1197.0,1359.0,1443.0,1531.0,1679.0,1665.0,2779.0,2368.5,1214.0,1373.5,1607.5,1859.5,1895.5,1992.5,2001.5,2183.5,0.0,0.0,0.0,0.0,0.0,0.0,0.0,0.0,0.0,0.0,2595.0,2152.0,873.0,1127.0,1399.0,1601.0,1727.0,1844.0,1965.0,1975.0,0.0,0.0,0.0,0.0,0.0,0.0,0.0,0.0,0.0,0.0,70.0,75.0,10050.0,10001.0,9922.0,10030.0,9475.0,8720.0,8880.0,7931.0,0.0,0.0,0.0,0.0,0.0,0.0,0.0,0.0,0.0,0.0,2638.0,2149.0,894.0,1222.0,1449.0,1823.0,2029.0,2127.0,2266.0,2207.0,4069.0,3984.0,1221.0,1685.0,2238.0,2439.0,2581.0,2739.0,2981.0,2937.0,2360.0,1898.0,763.0,1034.0,1341.0,1486.0,1653.0,1669.0,1832.0,1836.0,0.0,0.0,0.0,0.0,0.0,0.0,0.0,0.0,0.0,0.0,"{""type"":""MultiPoint"",""coordinates"":[]}"
4323,5,1559.0,921.0,635.0,800.0,992.0,1121.0,1202.0,1279.0,1455.0,1429.0,2849.0,2339.0,940.0,1175.0,1443.0,1613.0,1659.0,1769.0,1876.0,1871.0,1741.0,1096.0,708.5,827.5,1004.5,1152.5,1201.5,1297.5,1385.0,1411.0,2183.0,1457.0,842.0,995.0,1181.0,1352.0,1418.0,1503.0,1669.0,1662.0,0.0,0.0,0.0,0.0,0.0,0.0,0.0,0.0,0.0,0.0,2833.5,2296.5,924.5,1132.0,1337.5,1523.0,1708.5,1818.0,1936.5,1954.5,2861.0,2297.0,1152.0,1294.0,1414.0,1631.0,1810.0,1942.0,1997.0,2085.0,2984.0,2465.0,944.0,1190.0,1369.0,1630.0,1884.0,2062.0,2138.0,2177.0,0.0,0.0,0.0,0.0,0.0,0.0,0.0,0.0,0.0,0.0,1393.0,877.0,572.0,672.0,614.0,848.0,1270.0,1366.0,1445.0,1391.0,2013.0,1086.0,547.0,762.0,569.0,1071.0,2467.0,2850.0,2825.0,2955.0,1978.0,1481.0,643.0,787.0,990.0,1112.0,1163.0,1261.0,1419.0,1396.0,3688.0,2526.5,1991.5,2180.5,1999.0,2570.5,4821.5,5701.0,5532.5,5900.0,2290.0,1016.0,360.0,520.0,259.0,742.0,3919.0,5391.0,5407.0,5504.0,1711.0,768.0,334.0,444.0,269.0,634.0,2858.0,4083.0,3987.0,4325.0,1795.0,747.5,328.5,489.0,306.0,660.5,3108.5,4283.5,4096.0,4490.0,1694.5,741.0,263.0,461.5,246.5,745.5,3138.0,4053.0,4199.0,4283.5,0.0,0.0,0.0,0.0,0.0,0.0,0.0,0.0,0.0,0.0,2294.0,1369.5,442.0,790.0,777.5,1462.0,2193.5,2464.0,2724.5,2842.5,2670.0,1963.0,543.0,658.0,874.0,1056.0,1165.0,1272.0,1354.0,1501.0,3013.5,2248.5,619.5,792.0,1097.0,1279.0,1390.5,1565.0,1732.0,1776.0,3502.0,2684.0,871.0,1058.0,1430.0,1646.0,1734.0,1886.0,2034.0,2146.0,0.0,0.0,0.0,0.0,0.0,0.0,0.0,0.0,0.0,0.0,2719.5,1936.0,813.5,955.5,1224.5,1408.0,1473.0,1592.0,1732.0,1804.5,0.0,0.0,0.0,0.0,0.0,0.0,0.0,0.0,0.0,0.0,1476.0,806.0,458.0,603.0,832.0,1001.0,1046.0,1179.0,1323.0,1354.0,3013.5,2141.0,1120.5,1247.0,1487.5,1720.0,1738.0,1878.5,2059.0,2089.5,0.0,0.0,0.0,0.0,0.0,0.0,0.0,0.0,0.0,0.0,1405.0,809.0,576.0,673.0,849.0,997.0,1069.0,1189.0,1357.0,1315.0,0.0,0.0,0.0,0.0,0.0,0.0,0.0,0.0,0.0,0.0,979.0,1068.0,11088.0,10662.0,10554.0,10659.0,10301.0,9946.0,10276.0,9489.0,0.0,0.0,0.0,0.0,0.0,0.0,0.0,0.0,0.0,0.0,2027.0,1406.0,722.0,889.0,1070.0,1204.0,1285.0,1363.0,1514.0,1499.0,2194.0,1522.0,741.5,914.0,1119.5,1271.5,1325.5,1427.0,1569.0,1567.0,1355.0,785.0,626.0,756.0,943.0,1077.0,1130.0,1215.0,1343.0,1327.0,0.0,0.0,0.0,0.0,0.0,0.0,0.0,0.0,0.0,0.0,"{""type"":""MultiPoint"",""coordinates"":[]}"
4332,176,1801.0,902.0,524.0,874.0,1145.0,1782.0,2545.0,2908.0,3250.0,3371.0,2717.0,1276.0,452.0,878.0,532.0,1416.0,4500.0,5159.0,5285.0,5560.0,0.0,0.0,0.0,0.0,0.0,0.0,0.0,0.0,0.0,0.0,2449.0,1064.0,413.0,833.0,302.0,1233.0,5428.0,6874.0,6985.0,7092.0,2309.0,1011.0,324.0,745.0,265.0,1175.0,5223.0,6449.0,6732.0,6739.0,2447.5,1121.5,474.5,877.0,372.0,1340.5,5420.0,6775.0,6936.5,7019.0,0.0,0.0,0.0,0.0,0.0,0.0,0.0,0.0,0.0,0.0,3777.0,2245.0,1078.0,1315.0,1403.0,2013.0,2805.0,3283.0,3361.0,3751.0,3461.0,2068.5,682.0,1044.5,999.5,1676.5,3049.5,3491.5,3611.5,3885.0,0.0,0.0,0.0,0.0,0.0,0.0,0.0,0.0,0.0,0.0,0.0,0.0,0.0,0.0,0.0,0.0,0.0,0.0,0.0,0.0,0.0,0.0,0.0,0.0,0.0,0.0,0.0,0.0,0.0,0.0,1945.5,1307.0,2786.0,2416.0,1936.0,2182.5,2837.0,3156.5,3389.5,3203.5,0.0,0.0,0.0,0.0,0.0,0.0,0.0,0.0,0.0,0.0,1489.5,813.5,477.5,572.0,455.0,778.0,1584.5,2018.5,1792.5,2226.0,0.0,0.0,0.0,0.0,0.0,0.0,0.0,0.0,0.0,0.0,3281.0,1831.0,476.0,779.0,726.0,1285.0,2744.0,3226.0,3321.0,3633.0,3561.0,2005.5,646.5,959.5,908.0,1539.5,3197.0,3797.0,3869.0,4213.5,3177.0,1857.0,546.0,856.0,786.0,1386.0,2982.0,3512.0,3761.0,3869.0,3567.0,2369.0,1782.0,1917.0,1774.0,2363.0,3765.0,4316.0,4392.0,4558.0,2759.0,1361.0,711.5,953.5,670.5,1398.5,3689.0,4445.5,4491.0,4899.5,2417.0,1261.0,426.5,671.5,529.5,1156.5,3020.5,3625.0,3764.5,4030.0,3681.0,2976.0,2038.5,2293.0,2701.5,3202.5,3748.0,3900.0,3689.0,4160.0,2382.5,1200.0,311.5,586.5,448.0,1085.5,2915.0,3482.0,3848.5,3894.5,0.0,0.0,0.0,0.0,0.0,0.0,0.0,0.0,0.0,0.0,0.0,0.0,0.0,0.0,0.0,0.0,0.0,0.0,0.0,0.0,3380.0,1960.0,681.0,1085.0,1370.0,1919.0,3073.0,3460.0,3792.0,3956.0,0.0,0.0,0.0,0.0,0.0,0.0,0.0,0.0,0.0,0.0,2700.0,1647.0,595.0,878.0,944.0,1425.0,2547.0,2813.0,3169.0,3101.0,3422.0,2180.0,896.0,1317.0,1658.0,2191.0,2945.0,3196.0,3633.0,3647.0,0.0,0.0,0.0,0.0,0.0,0.0,0.0,0.0,0.0,0.0,754.0,462.0,4913.0,5057.0,5231.0,5382.0,5619.0,5112.0,5692.0,5039.0,3715.0,2387.0,790.0,1162.0,1405.0,1958.0,2900.0,3195.0,3495.0,3567.0,3039.0,1831.0,649.0,1024.0,919.0,1623.0,3215.0,3656.0,3985.0,4002.0,3211.5,1878.5,635.0,1044.0,963.5,1726.5,3394.0,3877.5,4241.5,4256.0,3195.0,1782.5,610.5,1025.5,855.5,1655.5,3752.0,4286.5,4621.0,4705.0,"{""type"":""MultiPoint"",""coordinates"":[]}"
4338,1,1798.0,1013.0,677.0,929.0,1016.0,1690.0,2357.0,2523.0,2801.0,2789.0,3982.0,3484.5,1812.0,1995.5,2285.0,2555.0,2724.5,2858.0,3145.0,3046.5,2471.0,1829.0,612.0,782.0,1090.0,1237.0,1316.0,1449.0,1620.0,1657.0,3804.0,3287.5,900.5,1249.5,1537.5,1919.0,2125.5,2289.0,2416.0,2525.0,2958.0,2334.0,635.0,937.0,1206.0,1487.0,1688.0,1828.0,1995.0,2046.0,5073.0,4029.0,1750.0,2154.0,2328.5,2931.5,3750.5,4130.0,4299.0,4393.5,3912.0,3428.0,3965.0,3689.0,3443.0,3759.0,4001.0,4042.0,4380.0,4023.0,1982.0,883.0,298.0,530.0,240.0,702.0,3239.0,4576.0,4424.0,4594.0,2215.0,1154.5,943.0,1006.5,721.5,1116.0,3650.0,5312.0,5362.5,5480.0,1760.0,713.0,415.5,582.0,316.0,700.0,3409.0,5158.5,5214.0,5386.0,2790.5,1510.5,2843.5,2517.5,2032.0,2165.0,3856.5,5007.0,5602.5,5147.5,2731.0,1892.0,716.0,1106.0,1326.0,1992.0,2515.0,2781.0,2991.0,3001.0,1800.0,733.0,280.0,552.0,273.0,809.0,3247.0,4610.0,4483.0,4891.0,1836.5,806.0,513.0,793.0,477.0,1134.0,3092.5,3909.0,3963.5,4160.0,2763.0,1663.0,531.0,932.0,984.0,1707.0,2567.0,3026.0,3108.0,3475.0,3659.5,2958.0,3263.5,3098.0,3085.0,3477.0,3704.0,3793.5,3844.5,3952.5,2483.0,1808.5,421.0,584.0,905.5,1145.0,1218.0,1291.5,1525.5,1400.0,4438.5,3196.0,1078.5,1455.0,2172.5,2578.5,2731.0,2996.0,3101.5,3394.5,4242.0,3223.0,971.0,1348.0,1935.0,2275.0,2395.0,2587.0,2776.0,2921.0,3397.0,2562.0,830.0,1125.0,1568.0,1845.0,1937.0,2065.0,2161.0,2357.0,4377.0,3768.0,1155.0,1522.0,2023.0,2370.0,2454.0,2688.0,2776.0,2921.0,3363.0,2939.0,727.0,989.0,1367.0,1600.0,1704.0,1826.0,1993.0,2062.0,1913.5,1447.5,1148.0,1279.5,1330.5,1653.0,1939.5,2050.0,2114.0,2194.0,3087.5,2396.5,772.5,1035.5,1429.0,1672.5,1780.5,1910.5,2116.0,2147.5,3121.0,2454.0,797.0,1068.0,1468.0,1712.0,1791.0,1943.0,2119.0,2166.0,2809.5,2054.0,666.5,946.5,1313.5,1546.0,1716.5,1872.5,2125.5,2110.5,2973.0,2241.0,715.0,999.0,1350.0,1630.0,1917.0,2059.0,2238.0,2267.0,998.0,556.0,779.0,794.0,709.0,810.0,1017.0,1065.0,1198.0,1150.0,2123.0,1302.0,623.0,891.0,954.0,1427.0,2028.0,2214.0,2442.0,2403.0,0.0,0.0,0.0,0.0,0.0,0.0,0.0,0.0,0.0,0.0,209.0,245.0,10621.0,10498.0,10438.0,10598.0,10161.0,9662.0,9870.0,9031.0,396.0,255.0,3018.0,3268.0,3397.0,3763.0,3887.0,3823.0,4028.0,3659.0,2402.0,1580.0,686.5,1035.5,1247.0,1764.5,2255.0,2475.0,2764.5,2764.5,4085.0,3588.0,1045.0,1447.0,1926.0,2164.0,2355.0,2459.0,2825.0,2759.0,2603.0,1974.0,582.0,838.0,1173.0,1379.0,1474.0,1649.0,1846.0,1843.0,2689.0,2038.0,711.0,964.0,1305.0,1533.0,1661.0,1798.0,1963.0,2030.0,"{""type"":""MultiPoint"",""coordinates"":[]}"
4372,5,2168.5,1367.5,697.0,874.0,1033.5,1324.0,1611.0,1802.5,2002.5,1968.0,4108.5,3554.0,1205.5,1593.0,2085.0,2304.0,2406.5,2560.0,2759.0,2773.5,1966.0,1263.5,631.0,809.5,1063.5,1206.5,1255.5,1398.5,1536.0,1537.0,2359.5,1602.0,711.5,912.5,1199.5,1368.5,1445.0,1615.0,1785.5,1762.5,0.0,0.0,0.0,0.0,0.0,0.0,0.0,0.0,0.0,0.0,4266.5,3730.0,1279.0,1642.5,2089.5,2347.0,2510.5,2691.0,2842.5,2897.0,0.0,0.0,0.0,0.0,0.0,0.0,0.0,0.0,0.0,0.0,4344.0,3761.5,1239.0,1719.5,2041.0,2490.0,2925.5,3154.5,3279.5,3347.5,4181.0,3247.0,1200.5,1663.0,1938.5,2404.0,3199.5,3488.0,3478.5,3776.0,3632.5,2799.0,872.0,1221.5,1347.5,1834.5,2933.5,3276.5,3433.0,3527.5,2628.0,1388.5,884.5,1018.0,778.0,1242.0,3188.0,3975.0,3877.5,4158.0,3245.5,2507.5,923.5,1149.0,1368.0,1667.0,1995.5,2127.0,2390.0,2346.0,2652.5,1323.5,435.5,660.5,411.5,965.0,3787.0,5005.5,4893.5,5283.0,2205.0,1009.0,361.0,536.0,270.5,754.5,3697.5,4902.0,4975.0,5151.0,2163.0,908.0,270.0,437.0,208.0,690.0,3612.0,5031.0,4854.5,5320.5,2477.5,1549.0,1149.0,1191.0,1047.0,1556.0,3525.5,4400.5,4277.5,4629.0,1951.5,876.5,281.0,527.0,278.0,862.5,3414.0,4330.5,4477.5,4594.5,0.0,0.0,0.0,0.0,0.0,0.0,0.0,0.0,0.0,0.0,2020.0,1256.5,510.0,703.5,789.0,1193.0,1486.5,1705.5,1950.0,2056.5,2651.5,1779.5,508.5,664.0,942.0,1169.5,1287.5,1426.0,1553.5,1724.5,3477.5,2484.5,728.0,1017.0,1488.0,1779.5,1901.5,2125.5,2365.0,2448.0,3959.0,3152.0,956.5,1256.0,1704.0,2040.5,2136.0,2325.0,2508.0,2580.5,0.0,0.0,0.0,0.0,0.0,0.0,0.0,0.0,0.0,0.0,2940.5,2420.0,771.5,1058.5,1421.0,1588.0,1648.5,1793.5,1951.0,1938.5,0.0,0.0,0.0,0.0,0.0,0.0,0.0,0.0,0.0,0.0,1502.0,994.5,297.5,482.5,694.5,808.5,861.0,893.5,1064.0,1056.5,2322.5,1800.0,628.0,838.5,1136.0,1290.0,1324.5,1452.5,1557.5,1600.0,0.0,0.0,0.0,0.0,0.0,0.0,0.0,0.0,0.0,0.0,1681.0,1200.5,484.0,631.5,831.0,929.5,995.0,1115.5,1261.5,1217.5,0.0,0.0,0.0,0.0,0.0,0.0,0.0,0.0,0.0,0.0,989.5,1082.0,11079.5,10640.5,10539.5,10654.0,10299.5,9899.5,10296.0,9563.0,0.0,0.0,0.0,0.0,0.0,0.0,0.0,0.0,0.0,0.0,3143.5,2342.5,894.0,1134.5,1395.5,1718.5,1922.5,2081.5,2306.0,2302.0,3324.5,2386.5,898.5,1179.0,1353.0,1746.5,2199.5,2368.5,2632.0,2566.0,2590.0,1699.5,706.5,972.0,1085.0,1507.5,2055.0,2291.5,2499.0,2427.5,0.0,0.0,0.0,0.0,0.0,0.0,0.0,0.0,0.0,0.0,"{""type"":""MultiPoint"",""coordinates"":[]}"
4384,1,2211.0,1448.5,547.0,827.0,1044.5,1487.0,1924.0,2084.5,2302.0,2316.5,4211.0,3470.0,1777.0,2497.0,2978.0,3662.0,3868.0,4040.0,4301.0,4117.0,3075.0,2234.0,873.0,1244.0,1510.0,1971.0,2255.0,2455.0,2659.0,2687.0,2907.0,2006.5,1029.0,1294.0,1304.0,1848.0,2527.0,2785.0,2933.0,2893.0,2537.0,1570.0,504.0,862.0,824.0,1409.0,2438.0,2760.0,2936.0,2950.0,3599.5,2698.0,2357.5,2557.5,2425.0,2885.0,4137.5,4861.5,4824.0,4965.5,0.0,0.0,0.0,0.0,0.0,0.0,0.0,0.0,0.0,0.0,1522.0,626.0,305.0,389.0,214.0,516.0,2819.0,4392.0,4288.0,4596.0,1637.5,708.0,297.0,435.0,270.5,587.5,2655.5,3925.5,3809.5,3999.0,1787.0,815.0,352.0,498.0,317.0,641.0,2604.0,4121.0,4093.0,4365.0,1790.0,809.0,343.0,506.0,335.0,690.0,2666.0,4151.0,4176.0,4407.0,2233.0,1513.0,539.0,806.0,1052.0,1471.0,1934.0,2132.0,2321.0,2356.0,2031.0,878.0,459.0,701.0,434.0,907.0,3028.0,4303.0,4314.0,4735.0,2979.0,1750.5,1631.0,1716.5,1453.5,2057.5,3657.5,4434.5,4467.0,4975.0,2800.5,1948.5,1929.0,1921.5,1846.0,2192.5,2825.5,3060.0,3251.0,3331.0,2313.0,1621.0,479.0,535.0,673.0,883.0,1005.0,1153.0,1148.0,1331.0,4191.0,2954.0,875.0,1127.5,1646.5,2031.0,2215.0,2474.5,2559.0,2867.0,4997.0,3457.0,1188.0,1588.0,2343.0,2770.0,2988.0,3254.0,3443.0,3730.0,4663.0,3318.0,1145.5,1549.5,2220.5,2623.5,2799.0,3052.5,3295.5,3446.5,4395.0,3111.0,1005.0,1364.0,1945.0,2362.0,2558.0,2756.0,2934.0,3146.0,4313.0,3227.0,1033.5,1331.0,1834.5,2240.0,2406.5,2632.5,2800.5,2926.0,4051.5,3389.0,1111.0,1486.0,2036.0,2326.0,2413.5,2615.5,2747.0,2860.5,2453.0,1564.0,653.0,948.0,1112.0,1696.0,2504.0,2704.0,3040.0,2943.0,2797.5,2120.5,625.0,927.0,1181.0,1568.0,1772.5,1955.5,2164.5,2194.5,3706.0,3148.0,887.0,1310.0,1534.0,2056.0,2412.0,2606.0,2832.0,2846.0,2501.0,1808.5,550.5,887.0,1037.0,1520.5,1961.0,2121.0,2343.5,2306.5,2720.0,1979.5,568.0,924.0,1077.0,1664.5,2127.5,2292.5,2431.5,2519.0,0.0,0.0,0.0,0.0,0.0,0.0,0.0,0.0,0.0,0.0,1966.0,1195.0,770.0,1022.0,948.5,1470.5,2234.5,2401.5,2627.0,2545.5,0.0,0.0,0.0,0.0,0.0,0.0,0.0,0.0,0.0,0.0,56.0,70.0,10694.0,10446.0,10328.0,10431.0,9870.0,9058.0,9173.0,8284.0,556.0,367.0,4831.0,5185.0,5523.0,5902.0,5827.0,5634.0,5846.0,5403.0,2110.5,1357.0,560.0,854.5,1052.5,1546.5,1994.0,2183.5,2435.0,2440.5,3181.0,2407.0,869.0,1186.0,1637.0,1888.0,2038.0,2219.0,2519.0,2500.0,2975.0,2187.0,724.0,1084.0,1363.0,1770.0,1964.0,2142.0,2382.0,2412.0,3187.0,2376.0,805.0,1198.0,1358.0,2000.0,2237.0,2410.0,2606.0,2631.0,"{""type"":""MultiPoint"",""coordinates"":[]}"
4394,2,2221.0,1362.0,481.0,789.0,911.0,1640.0,2340.0,2542.0,2871.0,2804.0,4129.5,3614.5,1041.5,1489.5,2107.0,2517.5,2678.5,2856.0,3024.5,3111.0,2508.0,1797.0,710.0,1031.0,1610.0,1847.0,1989.0,2133.0,2320.0,2308.0,3819.0,3295.0,1064.0,1552.0,2121.0,2554.0,2723.0,2952.0,2947.0,3107.0,2685.0,2008.0,711.0,1096.0,1641.0,1886.0,2059.0,2204.0,2367.0,2386.0,4351.0,3843.5,2415.0,2727.5,2933.0,3547.0,3835.5,3992.5,4080.0,4159.5,0.0,0.0,0.0,0.0,0.0,0.0,0.0,0.0,0.0,0.0,4358.0,3570.0,1158.0,1750.0,2053.0,2903.0,3390.0,3751.0,3696.0,3930.0,4372.0,3551.0,1188.0,1683.0,2017.0,2750.0,4238.0,4724.0,4562.0,4872.0,4107.0,2881.0,1070.0,1544.0,1750.0,2452.0,4290.0,4778.0,4776.0,4931.0,3037.0,2079.0,743.0,1124.0,1239.0,1964.0,4003.0,4657.0,4596.0,4759.0,2428.0,1638.0,451.0,765.0,915.0,1652.0,2272.0,2463.0,2697.0,2745.0,3195.0,1692.0,643.0,1087.0,760.5,1829.0,5107.5,6118.5,5999.5,6402.5,2679.0,1310.5,813.0,1061.5,684.0,1501.0,4563.0,5632.0,5543.5,5960.5,2302.5,1123.5,392.5,700.5,421.0,1236.5,4002.0,4868.0,4695.0,5107.0,2441.0,1132.0,476.0,689.0,445.0,1377.0,4066.0,4928.0,4869.0,5359.0,2632.0,1286.0,378.0,664.0,476.0,1510.0,3818.0,4354.0,4613.0,4753.0,3269.5,1797.0,701.5,880.0,849.0,1933.0,3892.5,4439.0,4579.5,4876.0,2418.0,1398.5,449.0,605.0,669.5,1404.5,2590.5,2950.0,3210.0,3314.5,2177.0,1478.5,657.0,751.0,962.0,1225.0,1387.5,1561.0,1648.5,1841.5,3849.5,2914.0,800.5,1032.5,1506.5,1923.0,2157.5,2422.0,2672.5,2824.5,3803.0,3050.0,796.0,1158.0,1672.0,2130.0,2441.0,2633.0,2848.0,2827.0,1102.0,822.5,530.5,621.5,648.5,928.0,1170.0,1243.0,1300.5,1325.0,3499.0,2827.0,921.0,1379.0,1896.0,2331.0,2532.0,2713.0,2927.0,2886.0,4312.0,3900.5,1864.0,2160.5,2516.0,3132.0,3467.5,3637.0,3649.0,3863.0,2760.0,2076.0,614.0,1061.0,1457.0,1813.0,2228.0,2384.0,2703.0,2555.0,2411.0,1676.0,412.0,833.0,1056.0,1531.0,2123.0,2298.0,2416.0,2456.0,0.0,0.0,0.0,0.0,0.0,0.0,0.0,0.0,0.0,0.0,1390.5,810.0,419.0,684.0,488.5,1080.0,2225.5,2447.5,2490.0,2468.5,0.0,0.0,0.0,0.0,0.0,0.0,0.0,0.0,0.0,0.0,115.0,124.0,10060.0,10014.0,10042.0,10254.0,9804.0,9075.0,9268.0,8378.0,482.0,320.0,3297.0,3605.0,3742.0,4257.0,4279.0,4285.0,4597.0,4221.0,2552.0,1771.5,618.5,906.5,1195.0,1640.5,1950.5,2109.0,2353.0,2383.0,3828.5,3162.5,2078.0,2291.0,2497.5,2943.5,3194.5,3331.5,3596.5,3546.5,2928.0,2082.0,679.0,980.0,1309.0,1708.0,1985.0,2132.0,2352.0,2429.0,2714.0,1908.0,644.0,930.0,1292.0,1607.0,1834.0,2006.0,2237.0,2296.0,"{""type"":""MultiPoint"",""coordinates"":[]}"
4400,5,2247.0,1653.0,635.0,752.0,978.0,1124.0,1227.0,1325.0,1516.0,1526.0,3509.0,2954.0,860.0,1148.0,1442.0,1736.0,1948.0,2116.0,2284.0,2333.0,2553.0,1790.0,690.0,830.0,1099.0,1289.0,1403.0,1556.0,1662.0,1784.0,3006.0,2389.0,732.0,911.0,1165.0,1373.0,1549.0,1695.0,1845.0,1928.0,4384.0,3778.0,1106.0,1430.0,1799.0,2191.0,2453.0,2678.0,2770.0,2974.0,3783.5,3079.0,933.0,1243.5,1446.0,1861.0,2411.0,2642.0,2739.5,2865.0,0.0,0.0,0.0,0.0,0.0,0.0,0.0,0.0,0.0,0.0,3437.0,2463.0,571.0,932.0,855.0,1552.0,2955.0,3332.0,3454.0,3614.0,0.0,0.0,0.0,0.0,0.0,0.0,0.0,0.0,0.0,0.0,2480.5,1313.0,314.0,538.5,335.5,857.5,3384.0,4336.5,4418.0,4555.5,0.0,0.0,0.0,0.0,0.0,0.0,0.0,0.0,0.0,0.0,2236.0,1747.0,615.0,738.0,968.0,1119.0,1150.0,1280.0,1463.0,1422.0,3210.5,1749.0,1754.5,1708.0,1373.5,1880.5,4337.0,5515.5,5447.5,5956.5,3183.5,2324.0,2505.0,2473.0,2176.0,2618.0,4315.0,5104.0,5118.0,5401.5,0.0,0.0,0.0,0.0,0.0,0.0,0.0,0.0,0.0,0.0,2255.0,1301.0,366.5,644.5,527.5,1119.0,2436.5,2908.0,2873.5,3283.0,2689.0,1801.0,356.5,609.0,712.0,1155.0,1818.5,2055.5,2190.5,2427.5,0.0,0.0,0.0,0.0,0.0,0.0,0.0,0.0,0.0,0.0,2968.0,2291.5,465.0,603.5,860.5,1053.0,1170.0,1301.5,1484.0,1605.5,3670.0,2940.0,735.0,963.0,1278.0,1565.0,1694.0,1847.0,1919.0,2093.0,3739.0,3023.5,789.5,998.0,1325.0,1568.5,1704.0,1878.5,2017.5,2128.5,3762.0,2992.0,848.0,1025.0,1357.0,1614.0,1778.0,1919.0,2084.0,2197.0,0.0,0.0,0.0,0.0,0.0,0.0,0.0,0.0,0.0,0.0,2755.0,2255.0,695.5,863.5,1098.0,1284.0,1353.5,1462.0,1614.0,1660.5,3145.0,2600.0,765.0,964.0,1237.0,1473.0,1574.0,1679.0,1785.0,1891.0,1852.0,1188.0,395.0,559.0,785.0,945.0,1101.0,1216.0,1407.0,1414.0,2798.5,2168.5,798.0,959.0,1156.5,1431.0,1661.5,1790.0,1965.0,1991.0,0.0,0.0,0.0,0.0,0.0,0.0,0.0,0.0,0.0,0.0,2267.0,1445.0,544.0,762.0,744.0,1203.0,1924.0,2062.0,2238.0,2176.0,0.0,0.0,0.0,0.0,0.0,0.0,0.0,0.0,0.0,0.0,97.0,136.0,14156.0,12830.0,11934.0,11810.0,11058.0,10297.0,10546.0,9414.0,0.0,0.0,0.0,0.0,0.0,0.0,0.0,0.0,0.0,0.0,2471.0,1815.0,686.0,845.0,1059.0,1227.0,1333.0,1461.0,1637.0,1627.0,2891.0,2389.0,717.0,943.0,1225.0,1418.0,1593.0,1722.0,1894.0,1906.0,1815.5,1316.0,768.5,845.5,964.5,1173.5,1288.0,1392.0,1405.5,1470.0,2217.0,1509.0,580.0,779.0,975.0,1228.0,1443.0,1557.0,1641.0,1735.0,"{""type"":""MultiPoint"",""coordinates"":[]}"
4415,3,1936.0,1925.0,2069.5,2249.5,2297.0,2651.5,2598.0,2631.0,2815.5,2571.0,3932.0,3289.0,1151.5,1600.0,2011.0,2624.0,2692.0,2819.5,2851.0,3047.0,2276.0,1433.5,819.5,1171.0,1296.5,1772.5,2007.5,2128.5,2301.0,2287.0,2260.0,1399.0,1002.0,1382.0,1576.0,2135.0,2358.0,2583.0,2751.0,2709.0,4844.0,4317.0,1728.0,2395.0,2883.0,3390.0,3566.0,3708.0,3987.0,3889.0,5264.0,4609.0,1930.0,2519.0,2959.0,3584.0,3774.0,3959.0,4029.0,4182.0,0.0,0.0,0.0,0.0,0.0,0.0,0.0,0.0,0.0,0.0,1501.0,1040.5,1091.5,1338.0,1193.0,1772.0,2203.0,2531.0,2343.5,2325.0,805.0,450.0,311.0,570.0,416.0,885.0,1700.0,2078.0,2026.0,1930.0,1169.0,550.5,261.0,453.0,232.0,685.0,2308.5,3311.0,3250.5,3267.0,1206.0,555.0,423.0,526.0,318.0,706.0,2417.0,3634.0,3563.0,3682.0,2081.5,1380.5,774.0,1087.0,1302.5,1623.5,1767.5,1893.0,2096.5,2032.0,1132.0,554.0,416.0,526.0,282.0,646.0,2247.0,3445.0,3314.0,3550.0,1040.5,459.5,661.0,723.5,425.5,943.0,2435.5,3294.0,3303.0,3342.5,1305.5,613.5,356.5,632.0,326.0,1000.5,2921.0,3832.0,3805.5,4052.0,1656.5,861.5,528.5,929.0,633.0,1537.5,3348.0,4011.5,3888.5,4325.5,1670.0,903.0,551.0,955.0,756.0,1606.0,2908.0,3391.0,3457.0,3751.0,1617.0,908.0,472.0,920.0,942.0,1760.0,2539.0,2832.0,2971.0,3208.0,2190.5,1466.5,777.0,1079.0,1435.0,1769.5,2170.5,2343.0,2507.5,2633.5,1512.0,1146.5,626.0,809.0,1044.5,1343.0,1513.0,1671.5,1335.0,1838.0,1659.0,1152.0,478.0,680.0,866.0,1105.0,1269.0,1400.0,1460.0,1544.0,2046.0,1321.0,489.0,685.0,870.0,1144.0,1319.0,1435.0,1552.0,1634.0,1484.0,1230.0,848.0,1313.0,1666.0,1927.5,1806.0,1870.5,1923.0,1753.5,2113.5,1395.5,503.0,688.0,919.5,1158.0,1326.0,1456.0,1645.5,1670.0,1437.0,922.0,774.0,877.0,1135.0,1365.0,1491.0,1639.0,1744.0,1784.0,1284.0,851.5,394.5,592.5,874.0,1065.5,1154.5,1263.5,1410.5,1440.0,1402.5,932.0,453.5,664.0,962.0,1160.0,1206.5,1318.5,1453.0,1504.5,0.0,0.0,0.0,0.0,0.0,0.0,0.0,0.0,0.0,0.0,659.5,460.0,599.5,692.5,856.5,950.0,820.0,844.0,948.5,836.0,2771.0,2546.0,2591.0,2604.0,2613.0,2789.0,2686.0,2699.0,2978.0,2736.0,994.0,1072.0,9418.0,9472.0,9682.0,9922.0,9582.0,9319.0,9712.0,8976.0,483.0,260.0,455.0,778.5,1100.5,1385.5,1465.5,1553.0,1627.0,1658.0,2597.0,1664.0,822.0,1243.0,1480.0,2007.0,2215.0,2349.0,2534.0,2517.0,2677.0,1789.0,996.0,1387.0,1610.0,2068.0,2292.0,2441.0,2652.0,2580.0,2550.0,1658.0,936.0,1386.0,1580.0,2104.0,2302.0,2408.0,2609.0,2556.0,3896.0,3322.0,1615.0,1813.0,2270.0,2703.0,2868.0,3032.0,3141.0,3064.0,"{""type"":""MultiPoint"",""coordinates"":[]}"
4446,5,2298.0,1525.0,543.0,798.0,932.0,1338.0,1808.0,1940.0,2178.0,2144.0,3507.5,2742.5,1701.0,1773.5,1893.5,2270.0,2674.0,2889.0,3254.5,3135.5,2614.0,1795.0,708.0,963.0,1191.0,1498.0,1655.0,1798.0,1972.0,2000.0,3029.0,2238.0,1009.0,1294.0,1362.0,1784.0,2078.0,2297.0,2244.0,2472.0,3037.5,2435.0,729.5,1000.5,1357.0,1576.0,1703.5,1861.5,1974.0,2038.5,0.0,0.0,0.0,0.0,0.0,0.0,0.0,0.0,0.0,0.0,0.0,0.0,0.0,0.0,0.0,0.0,0.0,0.0,0.0,0.0,4687.0,4037.0,1222.0,1817.0,2004.0,2671.0,3094.0,3386.0,3353.0,3455.0,3837.0,2910.0,912.0,1390.5,1496.5,2123.0,3219.0,3506.5,3572.5,3767.0,4713.5,3692.0,1065.5,1640.0,1758.0,2468.0,4229.0,4847.0,4890.0,5185.5,2750.0,1548.0,485.0,756.0,592.0,1176.0,3114.0,3866.0,3760.0,4019.0,2217.0,1528.0,430.0,700.0,863.0,1249.0,1679.0,1797.0,1999.0,1986.0,2150.0,977.0,313.0,466.0,278.0,762.0,3542.0,4722.0,4543.0,4998.0,2467.0,1171.0,318.0,530.0,344.0,852.0,3880.0,5285.0,5374.0,5704.0,2254.0,999.0,333.0,501.0,258.0,749.0,3712.0,5128.0,4916.0,5325.0,2796.0,1391.5,814.0,1056.0,831.0,1415.0,4077.5,5155.0,5081.0,5434.0,2166.0,1010.0,286.0,596.0,309.0,963.0,3662.5,4565.5,4728.5,4889.5,2043.0,941.0,425.0,847.5,503.0,1567.5,3659.0,4258.0,4342.5,4525.0,2501.0,1600.5,454.0,797.5,903.5,1614.0,2077.0,2338.0,2551.5,2722.5,1727.5,1286.0,390.5,478.5,602.5,737.0,839.5,947.0,972.5,1073.0,2609.0,1871.0,537.0,810.0,1145.0,1299.0,1400.0,1553.0,1699.0,1737.0,2882.0,2132.0,691.0,949.0,1215.0,1447.0,1561.0,1684.0,1787.0,1867.0,2997.0,2409.0,1147.0,1368.5,1514.5,1893.0,2284.0,2432.0,2630.0,2619.5,2789.0,2139.0,717.0,1017.0,1318.0,1563.0,1690.0,1801.0,1950.0,1996.0,3146.0,2556.0,770.0,1088.0,1428.0,1643.0,1817.0,1939.0,2104.0,2084.0,2954.0,2293.0,656.0,1020.0,1325.5,1645.0,1839.5,1963.5,2156.0,2119.0,2788.0,2124.0,564.0,907.0,1184.0,1498.0,1726.0,1849.0,2011.0,2100.0,0.0,0.0,0.0,0.0,0.0,0.0,0.0,0.0,0.0,0.0,2548.0,1741.0,519.0,866.0,918.0,1395.0,1945.0,2159.0,2297.0,2284.0,0.0,0.0,0.0,0.0,0.0,0.0,0.0,0.0,0.0,0.0,484.0,520.0,9936.0,9928.0,9984.0,10181.0,9746.0,9339.0,9756.0,8948.0,302.0,215.0,4186.0,4330.0,4490.0,4904.0,4618.0,4568.0,4694.0,4379.0,2339.5,1537.5,501.0,803.0,913.5,1380.0,1913.5,2061.0,2240.5,2269.0,2765.0,1968.0,689.0,1070.0,1307.0,1755.0,2036.0,2212.0,2406.0,2422.0,2398.0,1587.0,607.0,888.0,1206.0,1597.0,1745.0,1943.0,2119.0,2147.0,2555.5,1872.0,640.5,911.0,1180.5,1467.0,1584.5,1721.5,1881.0,1942.0,"{""type"":""MultiPoint"",""coordinates"":[]}"
4468,5,1559.0,1082.0,703.0,883.0,1195.0,1377.0,1412.0,1533.0,1766.0,1732.0,4541.0,3884.0,1444.0,1833.0,2230.0,2648.0,2919.0,3074.0,3329.0,3344.0,2933.5,2094.0,985.0,1201.0,1532.5,1794.5,1976.0,2123.5,2276.0,2336.5,3877.0,3358.0,1152.5,1423.0,1818.0,2090.5,2217.0,2411.0,2593.5,2692.5,4088.0,3471.0,1200.0,1553.0,1983.0,2266.0,2406.0,2589.0,2800.0,2840.0,5872.5,5422.0,2066.0,2424.5,3002.5,3385.5,3596.0,3839.5,4049.0,4218.5,2346.0,1667.0,1093.0,1335.0,1580.0,1935.0,2136.0,2352.0,2337.0,2556.0,6039.5,5705.0,2152.5,2697.0,3153.0,3754.5,4087.5,4387.5,4440.5,4666.0,5587.0,5037.5,1927.5,2490.5,2836.5,3481.5,4328.5,4666.5,4660.5,4986.0,4913.0,4099.5,1333.5,1840.0,1993.0,2663.5,4115.5,4537.5,4635.0,4898.0,3802.0,2444.0,726.0,1093.0,896.0,1658.0,4053.0,4860.0,4905.0,5180.0,2268.0,1667.0,812.0,1039.0,1379.0,1530.0,1599.0,1740.0,1957.0,1938.0,3004.0,1549.0,413.0,708.0,428.0,1103.0,4402.0,5615.0,5461.0,6051.0,2031.0,914.0,423.5,571.0,311.0,772.5,3582.0,4854.5,4887.0,5072.0,2458.0,1073.0,414.0,545.0,309.0,802.0,4233.0,5777.0,5715.0,6108.0,2373.0,1252.5,1444.5,1390.0,979.5,1295.0,3915.0,5431.5,5354.0,5646.0,2209.0,928.0,299.0,525.0,246.5,826.5,3988.5,5252.5,5412.0,5548.0,1856.5,750.0,358.5,584.5,300.5,921.5,3733.5,4846.0,4757.0,5197.0,2252.0,1044.0,350.0,822.0,409.0,1475.0,3730.0,4272.0,4488.0,4628.0,2305.0,1402.0,395.0,679.0,573.0,1234.0,1910.0,2119.0,2184.0,2441.0,2419.0,1626.0,344.5,599.5,629.5,1101.5,1620.5,1859.0,1995.0,2191.0,3427.0,2482.0,667.0,919.0,1332.0,1673.0,1795.0,2025.0,2237.0,2371.0,3274.0,2730.0,1721.0,1902.0,2173.0,2359.5,2454.0,2529.5,2733.0,2723.5,2915.0,2442.5,793.5,977.5,1267.5,1453.5,1558.0,1701.5,1816.5,1897.5,2373.5,2179.5,1008.5,1117.5,1359.5,1574.0,1682.5,1861.5,1655.5,2072.0,2238.5,1718.0,449.0,637.0,913.5,1021.0,1126.0,1214.5,1411.0,1445.0,2859.0,2454.0,795.0,1000.0,1228.0,1451.0,1589.0,1718.0,1853.0,1890.0,0.0,0.0,0.0,0.0,0.0,0.0,0.0,0.0,0.0,0.0,2626.0,1928.0,694.0,907.0,1184.0,1416.0,1522.0,1650.0,1871.0,1921.0,0.0,0.0,0.0,0.0,0.0,0.0,0.0,0.0,0.0,0.0,693.0,741.0,10620.0,10380.0,10282.0,10348.0,10002.0,9539.0,9948.0,9143.0,1176.5,990.0,4309.0,4423.0,4671.0,4932.0,4724.5,4656.0,4636.0,4527.5,1815.5,1248.5,607.5,818.0,1090.5,1266.0,1344.0,1457.5,1633.5,1646.5,3372.0,2666.0,1083.0,1374.0,1674.0,1907.0,2059.0,2220.0,2443.0,2428.0,1647.0,1116.0,681.0,874.0,1150.0,1386.0,1466.0,1590.0,1820.0,1831.0,2059.0,1429.0,737.5,950.5,1210.5,1447.0,1570.5,1698.0,1847.0,1884.0,"{""type"":""MultiPoint"",""coordinates"":[]}"
4510,5,2079.0,1292.0,499.5,900.0,986.5,1673.5,2448.5,2579.5,2980.0,2860.5,4787.0,4557.0,1393.0,1973.0,2588.0,2868.0,3023.0,3142.0,3329.0,3328.0,2534.0,1831.0,687.0,888.0,1236.0,1438.0,1504.0,1682.0,1778.0,1821.0,3775.5,3226.5,1040.5,1490.0,1805.0,2209.5,2550.0,2711.5,2846.5,2911.0,3472.0,2718.0,998.0,1518.0,1845.0,2148.0,2555.0,2752.0,3022.0,2942.0,5783.0,4946.0,1592.0,2253.0,2452.0,3334.0,4731.0,5166.0,5221.0,5456.0,3530.0,2278.0,712.0,1154.0,1002.0,1789.0,3976.0,4672.0,4779.0,4818.0,3916.5,2926.0,2354.5,2423.0,2164.5,2822.5,4930.5,5726.0,5801.0,5865.5,2966.0,1748.0,752.0,930.0,749.5,1292.5,4062.0,5540.0,5719.0,5713.0,2675.5,1249.0,365.5,564.5,357.0,906.5,4219.5,6014.0,6187.5,6320.0,2984.0,1284.0,519.0,662.0,429.0,995.0,5210.0,7516.0,7608.0,8179.0,2824.0,2033.0,648.0,1029.0,1226.0,1865.0,2513.0,2727.0,3085.0,2966.0,2689.0,1239.0,414.0,533.0,371.0,892.0,4335.0,5914.0,5881.0,6389.0,2417.0,1084.0,433.0,565.0,372.0,755.0,4030.0,5630.0,5801.0,6000.0,2172.0,1106.0,411.0,598.0,402.0,892.0,3565.0,4880.0,4827.0,5240.0,2123.5,987.0,424.5,656.5,431.0,1072.0,3341.5,4306.0,4198.0,4558.5,2321.0,1338.0,395.0,810.0,627.0,1490.0,2941.0,3423.0,3538.0,3838.0,2580.0,1646.0,488.0,794.0,847.0,1464.0,2161.0,2473.0,2701.0,2901.0,2856.5,2159.0,545.5,729.0,926.0,1305.0,1555.5,1777.5,1941.0,2087.0,2995.0,2485.0,1007.5,1178.0,1422.0,1723.0,1922.0,2122.0,1759.0,2306.5,3671.0,2852.0,835.0,1114.0,1515.0,1774.0,1885.0,2012.0,2250.0,2257.0,3863.0,3099.0,966.0,1230.0,1623.0,1932.0,2054.0,2184.0,2346.0,2412.0,1758.0,1199.0,584.5,782.0,839.0,1253.0,1708.0,1845.5,2084.5,2009.5,3349.0,2607.0,861.0,1067.0,1335.0,1599.0,1850.0,1953.0,2109.0,2170.0,0.0,0.0,0.0,0.0,0.0,0.0,0.0,0.0,0.0,0.0,2595.5,1970.0,601.0,894.5,1230.0,1460.5,1560.5,1699.5,1905.0,1881.5,2878.5,2248.5,671.0,1030.0,1308.5,1569.5,1734.0,1802.0,2022.5,2051.5,690.0,389.0,2765.0,2523.0,2381.0,2397.0,2347.0,2323.0,2170.0,2329.0,2746.0,2059.0,680.0,974.0,1186.0,1526.0,1825.0,1954.0,2186.0,2132.0,0.0,0.0,0.0,0.0,0.0,0.0,0.0,0.0,0.0,0.0,727.0,796.0,10650.0,10354.0,10236.0,10319.0,9961.0,9545.0,9990.0,9184.0,1151.0,758.5,4190.0,4371.5,4519.0,4826.5,4852.0,4899.5,5122.5,4744.0,2997.0,2061.0,583.0,991.0,1149.0,1818.0,2652.0,2921.0,3214.0,3160.0,3319.0,2337.5,783.0,1243.0,1425.5,2077.5,2638.5,2907.5,3241.5,3212.5,2902.0,1904.0,664.0,1088.0,1438.0,1898.0,2239.0,2418.0,2720.0,2720.0,3566.0,2593.0,824.0,1230.0,1648.0,2048.0,2218.0,2452.0,2671.0,2748.0,"{""type"":""MultiPoint"",""coordinates"":[]}"
4511,5,1664.0,1192.0,537.0,717.0,963.0,1134.0,1188.0,1266.0,1397.0,1392.0,4453.5,3996.5,1394.5,1833.0,2400.0,2712.0,2858.5,3033.0,3232.5,3303.0,2213.0,1586.0,636.0,770.0,1007.0,1228.0,1328.0,1462.0,1566.0,1621.0,3646.5,3377.5,1040.0,1361.0,1826.0,2083.0,2200.0,2314.0,2457.0,2535.0,3479.5,3073.0,978.0,1291.5,1729.0,2005.5,2106.0,2276.0,2371.5,2461.5,4995.5,4747.5,1446.5,1877.0,2492.5,2872.5,2989.0,3172.0,3314.0,3407.5,1524.0,951.0,1342.0,1197.0,1098.0,1276.0,1414.0,1436.0,1673.0,1427.0,3883.0,3605.0,1172.0,1499.0,2009.0,2261.0,2274.0,2395.0,2383.0,2653.0,3431.0,3196.0,1000.0,1215.5,1675.5,1868.5,1829.5,1983.5,1970.5,2190.0,3522.0,3137.0,897.0,1249.0,1683.0,1963.0,2177.0,2315.0,2270.0,2496.0,3556.0,2870.0,916.0,1231.0,1396.0,1939.0,2402.0,2657.0,2666.0,2875.0,2144.0,1771.0,505.0,680.0,942.0,1103.0,1189.0,1317.0,1378.0,1407.0,2589.5,1709.0,548.0,777.5,703.0,1168.5,2787.0,3296.0,3176.5,3456.0,2636.0,1657.0,693.0,869.0,678.0,1210.0,3180.0,3911.0,3827.0,4046.0,1912.0,1093.0,450.0,558.0,412.0,835.0,2638.0,3299.0,3194.0,3514.0,1966.0,982.0,332.0,487.0,326.0,767.0,2777.0,3616.0,3503.0,3829.0,1772.0,981.0,345.5,562.0,407.5,889.0,2529.0,3146.0,3142.5,3350.0,1487.0,745.0,298.0,507.0,339.0,816.0,2312.0,2761.0,2797.0,2883.0,2082.0,1398.0,466.0,861.0,729.0,1401.0,2243.0,2532.0,2717.0,2921.0,3074.0,2614.0,567.0,765.0,1009.0,1248.0,1398.0,1513.0,1610.0,1796.0,2763.5,2241.0,634.0,733.0,1007.0,1182.5,1262.5,1381.5,1500.0,1609.5,2844.0,2287.0,688.0,860.0,1130.0,1302.0,1380.0,1481.0,1588.0,1687.0,2852.0,2520.0,1832.0,1859.0,2004.0,2241.5,2257.0,2348.5,2519.5,2492.0,2573.5,2044.5,718.0,869.0,1071.0,1268.0,1408.5,1542.0,1657.5,1703.0,1949.0,1380.0,631.0,752.5,911.0,1124.5,1252.5,1367.5,1472.0,1513.0,2300.0,1732.0,602.0,756.0,972.0,1138.0,1321.0,1428.0,1604.0,1606.0,2448.0,1896.0,619.0,780.0,1017.0,1197.0,1338.0,1435.0,1580.0,1600.0,0.0,0.0,0.0,0.0,0.0,0.0,0.0,0.0,0.0,0.0,1953.0,1321.0,594.0,693.0,866.0,1056.0,1138.0,1283.0,1411.0,1435.0,0.0,0.0,0.0,0.0,0.0,0.0,0.0,0.0,0.0,0.0,285.0,303.0,9861.0,9960.0,10042.0,10237.0,9849.0,9278.0,9566.0,8812.0,163.0,150.0,9392.0,9360.0,9380.0,9648.0,9176.0,8577.0,8724.0,8009.0,2251.0,1662.0,620.5,817.0,1089.0,1267.5,1357.5,1467.5,1617.5,1632.5,3884.0,3601.0,1016.0,1399.0,1886.0,2115.0,2275.0,2408.0,2689.0,2649.0,2234.5,1656.0,560.0,738.0,983.5,1183.0,1333.5,1428.5,1575.5,1598.5,2165.0,1572.0,572.0,767.0,1013.0,1256.0,1396.0,1505.0,1607.0,1656.0,"{""type"":""MultiPoint"",""coordinates"":[]}"
4526,5,1229.0,734.0,635.0,843.0,1205.0,1440.0,1547.0,1629.0,1891.0,1865.0,4707.5,3864.0,1340.0,1746.0,2207.5,2582.5,2756.5,2924.5,3187.5,3217.0,2382.0,1434.0,709.5,934.5,1168.5,1513.0,1689.5,1855.5,2020.5,2100.0,4188.5,3443.5,1192.0,1573.0,1893.0,2299.5,2484.0,2672.5,2904.0,2966.0,4230.5,3695.0,1465.0,1823.5,2292.5,2625.0,2695.0,2874.0,3001.0,3114.0,5296.0,4597.0,2160.0,2591.0,3017.0,3621.0,4311.0,4713.0,4084.0,5009.0,3328.0,2303.0,1173.0,1419.0,1813.0,2048.0,2125.0,2299.0,2328.0,2618.0,5682.0,5309.5,2824.0,3295.5,3716.5,4244.5,4476.5,4699.0,4689.0,4888.0,5753.0,5340.0,2293.0,2888.0,3439.0,3912.0,4284.0,4465.0,4736.0,4731.0,1664.0,1233.0,1013.0,1106.0,1066.0,1247.0,1636.0,1792.0,1727.0,1945.0,4786.0,3682.0,2943.0,3204.0,3623.0,4376.0,5533.0,5815.5,4927.0,5889.0,2148.0,1463.0,907.0,1189.0,1649.0,1902.0,1966.0,2117.0,2495.0,2363.0,3101.5,1596.0,501.5,773.0,530.5,1230.0,4324.0,5443.5,5255.5,5819.0,2195.5,1009.0,391.5,560.5,336.5,821.0,3621.0,4765.0,4763.0,5041.5,2336.0,1137.5,344.5,526.5,351.0,817.0,3527.0,4820.0,4632.0,5100.5,2321.5,1227.5,633.0,883.5,648.0,1068.0,3481.0,4546.5,4317.0,4788.0,1948.0,902.0,269.0,580.0,335.0,861.0,3393.0,4297.0,4238.0,4562.0,2469.0,1455.0,706.5,1001.0,780.5,1525.0,3266.5,3859.0,3874.0,4175.0,3005.0,2177.0,544.0,799.5,925.5,1413.5,1824.5,2050.5,2193.5,2374.5,2967.0,2437.0,559.0,692.0,858.0,1066.0,1189.0,1304.0,1362.0,1518.0,3680.0,3039.0,1020.0,1268.5,1640.5,1906.5,1995.5,2148.0,2239.0,2396.0,3160.0,2495.5,947.5,1223.0,1550.5,1806.0,1911.0,2054.0,2204.0,2256.5,2317.0,1512.0,907.0,1217.0,1681.0,1908.0,2090.0,2168.0,2463.0,2490.0,2961.5,2292.5,994.0,1311.0,1597.0,1878.0,2026.5,2123.0,2357.5,2358.5,3248.0,2671.0,1200.0,1514.0,1872.0,2102.0,2230.0,2355.0,2621.0,2605.0,2938.0,2265.0,861.0,1205.0,1535.0,1792.0,1934.0,2100.0,2358.5,2299.5,2591.0,1952.0,812.0,1052.0,1338.0,1624.0,1766.0,1913.0,2104.0,2176.0,0.0,0.0,0.0,0.0,0.0,0.0,0.0,0.0,0.0,0.0,2696.0,1926.0,831.0,1083.0,1393.0,1633.0,1825.0,1971.0,2181.0,2193.0,0.0,0.0,0.0,0.0,0.0,0.0,0.0,0.0,0.0,0.0,547.0,602.0,10384.0,10206.0,10142.0,10248.0,9881.0,9413.0,9844.0,9016.0,243.0,177.0,2650.5,2682.0,2804.0,3080.0,2912.5,2935.0,2861.0,2802.5,1032.0,747.0,577.0,833.0,1145.0,1409.0,1402.0,1525.0,1695.0,1669.0,2264.5,1677.0,946.5,1232.0,1585.5,1889.0,1945.0,2095.0,2327.0,2274.0,640.0,392.0,533.0,762.0,964.0,1255.0,1233.0,1388.0,1512.0,1546.0,368.0,263.0,348.0,546.0,656.0,897.0,861.0,965.0,1002.0,995.0,"{""type"":""MultiPoint"",""coordinates"":[]}"
4575,3,1892.0,1282.0,702.0,904.0,1202.0,1427.0,1609.0,1710.0,1919.0,1981.0,3435.0,2570.0,1324.0,1659.0,1836.0,2302.0,2924.0,3205.0,3291.0,3503.0,500.0,305.0,564.0,840.5,1212.5,1359.5,1052.5,1140.5,1146.0,1044.0,1387.0,832.0,592.0,780.0,1105.0,1258.0,1308.0,1407.0,1578.0,1647.0,3216.0,2531.0,816.0,1133.0,1490.0,1771.0,1816.0,2019.0,2175.0,2192.0,0.0,0.0,0.0,0.0,0.0,0.0,0.0,0.0,0.0,0.0,0.0,0.0,0.0,0.0,0.0,0.0,0.0,0.0,0.0,0.0,4695.0,3752.5,1304.5,1788.5,2078.0,2669.0,3114.0,3405.0,3475.0,3705.5,1698.5,1060.5,701.0,835.0,820.0,1138.0,1518.5,1756.0,1731.0,1884.5,940.0,525.0,337.5,540.5,356.5,805.5,1705.5,2135.5,2007.5,1971.5,0.0,0.0,0.0,0.0,0.0,0.0,0.0,0.0,0.0,0.0,3549.0,2577.0,1152.0,1336.0,1681.0,1985.0,2149.0,2321.0,2589.0,2586.0,1595.0,729.0,448.0,581.0,306.0,767.0,2825.0,4174.0,4116.0,4375.0,2513.0,1802.5,1306.0,1385.5,1192.0,1753.0,3594.5,5054.5,5037.0,5221.0,1491.0,702.0,387.0,649.0,295.0,981.0,3168.0,4617.0,4645.0,4823.0,1815.0,934.0,424.0,842.0,436.0,1342.0,3420.0,4468.0,4351.0,4745.0,1970.0,1039.0,465.0,966.0,600.0,1656.0,3536.0,4267.0,4331.0,4420.0,1721.0,857.0,468.0,914.0,645.0,1707.0,3192.0,3717.0,3825.0,4041.0,3151.5,2171.5,809.5,1085.0,1619.0,2016.0,2270.5,2510.5,2804.5,2939.5,3478.5,2613.5,1698.0,1836.0,2050.5,2515.0,2705.0,2927.0,3027.0,3235.5,3771.0,2742.0,764.0,1021.0,1485.0,1724.0,1875.0,2143.0,2271.0,2392.0,3900.5,3237.0,889.0,1223.5,1791.5,2052.0,2198.5,2373.0,2596.5,2677.0,1657.0,1125.0,678.0,849.0,1139.0,1360.0,1499.0,1644.0,1862.0,1839.0,3341.0,2606.0,875.0,1167.0,1682.0,1906.0,2032.0,2170.0,2466.0,2485.0,1740.0,1069.0,620.0,860.0,1360.0,1632.0,1733.0,1898.0,2152.0,2250.0,1516.5,883.5,480.5,735.0,1168.5,1412.0,1518.0,1676.5,1913.5,1960.5,2397.0,1664.0,685.0,968.0,1393.0,1717.0,1815.0,1950.0,2037.0,2240.0,0.0,0.0,0.0,0.0,0.0,0.0,0.0,0.0,0.0,0.0,1136.0,660.0,683.0,895.0,1247.0,1508.5,1644.5,1806.0,2049.5,2039.5,0.0,0.0,0.0,0.0,0.0,0.0,0.0,0.0,0.0,0.0,1129.0,1017.0,6834.0,6914.0,7182.0,7663.0,7470.0,7248.0,7395.0,7000.0,1586.5,1074.5,1155.0,1460.5,1814.0,2135.5,2254.0,2322.0,2488.0,2587.5,2294.0,1631.0,676.0,926.0,1236.0,1529.0,1784.0,1920.0,2105.0,2221.0,1819.0,1207.0,721.0,920.0,1121.0,1375.5,1673.5,1839.5,2006.0,2043.5,1539.0,1005.0,600.0,838.0,1106.0,1416.0,1589.0,1780.0,1931.0,1999.0,3175.0,2372.0,1011.0,1249.0,1528.0,1932.0,2122.0,2302.0,2515.0,2552.0,"{""type"":""MultiPoint"",""coordinates"":[]}"
4601,5,2594.0,1743.0,707.0,921.0,1016.0,1489.0,2150.0,2278.0,2570.0,2494.0,4053.0,3740.0,1048.0,1474.0,2000.0,2279.0,2395.0,2570.0,2721.0,2793.0,2797.5,1968.5,1253.0,1406.5,1630.5,1874.5,1959.0,2055.5,2390.0,2252.5,3859.0,3330.5,1173.5,1619.5,2038.0,2332.0,2438.0,2554.0,2728.0,2718.5,2884.0,2147.0,806.0,1162.0,1518.0,1762.0,1869.0,1970.0,2139.0,2161.0,4779.0,4488.0,3748.0,3936.0,3766.0,4089.0,4354.0,4557.0,4889.0,4669.0,4007.0,3393.5,2772.5,2853.5,2976.5,3485.5,3602.5,3708.0,3537.0,3810.0,4262.0,3595.5,1246.5,1868.0,2237.0,2717.0,2908.0,3014.5,3127.5,3238.5,4236.5,3808.0,1147.5,1687.0,2078.0,2474.5,2987.5,3239.5,3264.5,3404.0,4064.0,3457.0,1118.0,1578.0,1855.0,2320.0,3227.0,3641.0,3591.0,3822.0,2255.0,1440.0,747.0,1015.0,947.0,1516.0,3065.0,3610.0,3479.0,3805.0,2832.0,1996.0,672.0,908.0,1055.0,1558.0,2175.0,2341.0,2530.0,2508.0,2831.0,1548.0,488.0,792.0,670.0,1292.0,3856.0,5014.0,4867.0,5284.0,2655.0,1374.0,356.0,562.0,304.0,948.0,3821.0,5036.0,5103.0,5316.0,763.0,332.0,429.0,523.0,320.0,574.0,1446.0,2015.0,1988.0,2011.0,1181.0,553.0,354.0,453.0,274.0,718.0,2293.0,3176.0,2953.0,3305.0,2207.0,1015.0,208.0,420.0,241.0,750.0,3547.0,4724.0,4956.0,5139.0,1383.0,628.0,387.0,480.0,313.0,678.0,2374.5,3094.0,3101.0,3274.0,2310.0,1207.0,361.5,689.5,408.0,1187.0,3391.5,3921.0,4209.0,4298.0,2988.0,2173.0,514.0,792.0,924.0,1377.0,1687.0,1852.0,1927.0,2143.0,3156.0,2353.0,537.0,734.0,991.0,1272.0,1492.0,1663.0,1847.0,1935.0,3628.5,2649.5,789.0,1043.5,1439.5,1730.0,1942.5,2132.0,2342.5,2448.0,4389.5,3901.0,3047.5,3087.0,3199.0,3563.5,3860.5,3965.0,4280.5,4045.5,3270.0,2423.5,762.5,1008.5,1191.0,1520.0,1843.0,1987.5,2170.0,2198.0,3387.5,2813.0,2293.0,2228.5,2262.5,2591.0,2713.5,2807.0,2989.5,2980.0,2842.0,1986.0,693.0,924.0,1111.0,1462.0,1885.0,2041.0,2265.0,2235.0,3017.0,2101.0,710.5,953.5,1119.5,1514.0,2062.0,2241.0,2392.5,2418.5,0.0,0.0,0.0,0.0,0.0,0.0,0.0,0.0,0.0,0.0,2832.0,1916.0,651.0,870.0,891.0,1358.0,2274.0,2490.0,2683.0,2652.0,0.0,0.0,0.0,0.0,0.0,0.0,0.0,0.0,0.0,0.0,781.0,867.0,10742.0,10472.0,10356.0,10466.0,10077.0,9695.0,10072.0,9267.0,382.0,262.0,5131.0,5143.0,5410.0,5779.0,5708.0,5406.0,5643.0,5210.0,2815.0,1901.0,603.0,884.0,970.0,1587.0,2439.0,2675.0,2518.0,2860.0,3124.5,2387.5,1873.5,2003.0,2031.0,2531.5,2990.0,3125.0,3353.0,3263.5,2247.0,1427.0,502.0,830.0,820.0,1580.0,2345.0,2532.0,2703.0,2720.0,2509.0,1643.0,582.0,859.0,955.0,1633.0,2243.0,2446.0,2677.0,2649.0,"{""type"":""MultiPoint"",""coordinates"":[]}"
4612,3,1472.0,886.5,524.0,688.5,859.0,1024.5,1097.0,1175.0,1313.5,1304.0,2081.5,1602.0,590.0,781.0,948.5,1110.0,1175.5,1253.0,1323.0,1364.0,1620.5,953.0,673.5,822.5,1014.0,1146.5,1210.5,1297.0,1380.0,1393.5,1805.5,1276.5,701.5,864.0,1025.5,1189.0,1240.5,1335.5,1392.5,1413.5,1684.5,1032.5,497.0,676.5,801.0,995.5,1098.5,1198.0,1256.5,1286.5,2842.5,2256.0,951.5,1189.5,1395.0,1640.0,1807.0,1889.0,1817.0,2066.0,0.0,0.0,0.0,0.0,0.0,0.0,0.0,0.0,0.0,0.0,1305.5,709.5,556.5,696.5,502.5,963.5,1777.5,2094.5,1957.0,2114.0,1505.5,739.0,450.0,695.5,390.5,977.0,2653.0,3448.5,3221.0,3466.0,1400.0,684.5,383.5,535.5,280.5,783.5,2573.5,3764.0,3574.5,3627.5,1417.5,680.5,358.5,527.5,310.0,726.5,2559.0,3994.0,3780.5,3956.5,1714.5,1116.5,476.0,638.0,799.0,961.0,1023.0,1064.0,1185.5,1200.0,1407.0,680.5,415.0,583.0,348.5,795.0,2939.0,4538.0,4194.0,4707.5,1597.5,740.0,868.0,990.0,634.5,1334.5,3301.0,4672.5,4316.5,5067.0,1379.0,650.5,564.5,940.0,512.5,1192.0,2986.5,3845.5,3667.5,4086.5,1992.5,1014.0,697.0,1102.0,807.5,1795.0,3525.5,4082.0,3973.0,4437.5,2158.0,1269.5,689.0,1148.5,1150.5,2054.5,2866.5,3209.5,3272.5,3479.0,2530.0,1581.0,719.0,1181.5,1401.0,2151.0,2716.5,3024.0,3145.5,3337.5,3396.0,2342.0,980.5,1304.0,1840.0,2282.0,2423.5,2589.5,2771.0,2900.5,2178.5,1425.0,696.5,993.5,1308.5,1736.5,1989.0,2124.5,2157.5,2350.0,3216.0,2074.0,970.0,1273.5,1567.5,2135.0,2504.5,2732.5,2748.0,2983.5,2515.5,1742.5,656.0,861.5,1073.0,1464.5,1744.5,1941.5,1972.0,2132.0,1480.5,978.0,711.5,830.5,983.5,1089.5,1156.5,1218.5,1312.5,1346.0,1666.5,1071.5,529.5,720.0,925.5,1197.5,1425.0,1540.0,1682.0,1766.0,3675.0,2961.5,2359.5,2408.5,2534.0,2932.0,2973.5,3056.0,3273.5,3186.5,1676.0,1092.5,538.0,777.5,1045.5,1313.5,1437.0,1591.0,1753.5,1786.0,1736.5,1119.5,603.0,807.5,1115.0,1355.0,1459.5,1596.5,1722.0,1793.0,0.0,0.0,0.0,0.0,0.0,0.0,0.0,0.0,0.0,0.0,1150.0,747.5,596.0,728.0,927.5,1136.0,1213.5,1320.5,1438.0,1473.5,0.0,0.0,0.0,0.0,0.0,0.0,0.0,0.0,0.0,0.0,59.5,65.5,9237.5,9321.5,9324.5,9493.5,9059.5,8225.0,8408.0,7580.5,307.5,225.5,5802.5,5872.0,5999.0,6168.0,5807.0,5481.0,5591.5,5079.0,1853.5,1114.0,687.5,845.5,1007.0,1209.0,1281.5,1381.0,1536.0,1531.5,2411.5,1723.5,783.5,976.0,1188.0,1380.0,1450.5,1561.5,1644.5,1699.5,2031.5,1334.5,682.5,835.0,1010.0,1195.0,1275.0,1346.0,1459.0,1484.5,2060.0,1374.0,639.0,771.0,953.0,1100.0,1179.0,1272.0,1379.0,1400.5,"{""type"":""MultiPoint"",""coordinates"":[]}"
4614,3,1810.0,1104.5,440.0,614.5,768.5,1022.0,1234.5,1339.5,1509.5,1542.0,2995.0,2146.0,806.0,1155.0,1344.0,1857.0,2165.0,2364.0,2572.0,2584.0,2048.0,1392.0,591.5,879.5,1223.0,1424.5,1462.5,1619.0,1716.0,1733.5,2891.5,2163.5,1046.0,1440.0,1803.0,2146.0,2262.0,2416.5,2372.5,2530.5,3706.0,3072.0,1024.0,1503.0,1934.0,2253.0,2389.0,2564.0,2711.0,2703.0,5078.0,4642.0,3216.0,3380.0,3490.0,3945.0,4025.0,4200.0,4282.0,4290.0,0.0,0.0,0.0,0.0,0.0,0.0,0.0,0.0,0.0,0.0,2220.0,1542.0,825.0,1076.5,1116.5,1488.0,1880.5,2111.5,1937.0,2246.0,4584.5,3768.5,1145.5,1769.5,2101.5,2654.0,3347.5,3710.5,3817.5,3964.5,1042.0,675.0,342.0,569.0,489.0,865.0,1438.0,1834.0,1675.0,1666.0,1280.5,631.0,980.5,987.5,698.0,1023.0,2325.0,3151.0,3215.5,3179.5,2959.0,2417.0,840.0,1025.0,1250.0,1546.0,1738.0,1893.0,2117.0,2061.0,1041.0,469.0,480.0,564.0,364.0,682.0,1909.0,3010.0,2873.0,2992.0,1008.5,453.0,407.5,465.0,268.5,540.0,2119.5,3557.5,3529.0,3668.0,945.0,408.0,279.0,363.5,201.5,471.0,1913.0,3076.5,3082.5,3256.0,1086.0,491.0,270.0,417.0,214.0,622.0,2255.0,3541.0,3404.0,3731.0,1175.0,554.0,263.0,562.0,298.0,889.0,2626.0,3678.0,3751.0,3946.0,1306.5,626.0,401.0,691.5,508.0,1184.5,2722.5,3424.5,3433.5,3771.5,1374.5,742.5,367.0,660.0,607.5,1214.0,2288.0,2664.0,2808.5,2968.5,1448.5,856.0,460.5,654.0,698.5,1103.5,1576.5,1776.0,1810.0,1994.5,3329.0,2349.0,783.0,1130.0,1636.0,1919.0,2115.0,2330.0,2459.0,2700.0,3259.5,2429.0,829.5,1157.5,1651.0,1937.0,2042.5,2194.5,2351.0,2424.5,2174.0,1528.0,1193.5,1262.5,1221.0,1390.0,1541.5,1617.0,2149.5,1652.0,2929.0,2345.0,921.0,1230.0,1662.0,1898.0,2025.0,2117.0,2358.0,2348.0,2351.0,1664.0,876.0,1089.0,1546.0,1786.0,1846.0,1994.0,2177.0,2158.0,2634.5,1828.0,746.5,1032.5,1432.0,1616.5,1710.5,1837.0,2078.0,2042.5,2524.0,1763.0,778.5,1030.5,1409.0,1589.5,1677.5,1816.5,1977.5,2027.5,0.0,0.0,0.0,0.0,0.0,0.0,0.0,0.0,0.0,0.0,1706.0,1173.5,833.0,941.0,1173.0,1316.5,1365.5,1443.5,1635.0,1550.0,0.0,0.0,0.0,0.0,0.0,0.0,0.0,0.0,0.0,0.0,930.0,1035.0,10934.0,10508.0,10428.0,10541.0,10141.0,9716.0,10066.0,9329.0,1543.5,1073.0,836.5,1113.5,1302.0,1536.0,1702.5,1803.5,1965.5,1924.5,2877.0,2158.0,600.0,909.0,1130.0,1465.0,1774.0,1941.0,2144.0,2116.0,2520.0,1804.0,662.0,939.0,1019.0,1432.0,1900.0,2074.0,2212.0,2246.0,2423.0,1578.0,570.0,865.0,958.0,1416.0,1991.0,2211.0,2367.0,2384.0,2705.0,1867.0,816.0,1158.0,1200.0,1828.0,2277.0,2445.0,2777.0,2642.0,"{""type"":""MultiPoint"",""coordinates"":[]}"
4627,5,2567.0,1758.0,613.0,865.0,935.0,1442.0,2062.0,2228.0,2495.0,2463.0,2183.0,1364.0,651.0,1000.0,808.0,1586.0,2822.0,3093.0,3321.0,3365.0,2488.5,1735.5,689.0,952.5,1334.0,1628.5,1707.5,1841.5,2035.0,2089.5,3010.0,2475.5,821.0,1063.0,1300.0,1615.5,1751.0,1926.0,2042.5,2149.5,3560.0,3159.0,913.0,1239.0,1495.0,1863.0,2118.0,2280.0,2519.0,2487.0,5317.0,4717.0,1465.0,1834.0,2049.0,2695.0,3112.0,3474.0,3513.0,3801.0,0.0,0.0,0.0,0.0,0.0,0.0,0.0,0.0,0.0,0.0,3502.0,2578.0,694.5,993.5,946.5,1554.5,2845.5,3346.0,3337.5,3608.0,2873.0,1771.0,472.5,769.0,601.5,1241.0,3251.5,3874.0,4074.5,4108.0,2639.0,1255.0,347.5,633.0,306.0,1001.5,4318.0,5516.0,5534.0,5819.5,3022.5,1405.5,552.0,783.5,432.5,1117.0,4957.0,6666.0,6692.5,7097.5,3241.0,2529.0,1011.5,1255.5,1488.5,1959.0,2489.5,2695.5,2938.5,2940.5,1948.0,846.5,371.5,490.0,257.5,673.5,3412.0,4977.0,4855.0,5204.0,2248.0,954.0,336.0,487.0,265.0,700.0,3838.0,5551.0,5654.0,5783.0,3816.5,2876.5,3418.5,3363.5,3139.0,3623.0,4942.0,5598.5,5667.0,5729.5,2261.0,1015.0,425.0,618.0,347.0,938.0,3437.0,4353.0,4373.0,4771.0,2054.0,1010.0,303.0,678.0,371.0,1168.0,2907.0,3482.0,3532.0,3827.0,3738.0,3115.0,2408.5,2494.0,2397.5,3153.0,3688.0,4017.0,3979.5,4338.0,3039.0,2319.0,460.0,609.0,863.0,1129.0,1288.0,1521.0,1689.0,1842.0,3606.0,2883.5,765.5,935.0,1229.0,1490.0,1595.0,1753.0,1815.0,2011.5,3792.0,3065.0,752.0,987.0,1287.0,1562.0,1736.0,1946.0,2081.0,2155.0,3454.0,2713.0,726.0,938.0,1189.0,1495.0,1781.0,1972.0,2162.0,2235.0,4743.0,4465.0,3035.5,3166.5,3445.5,3847.0,4115.0,4200.0,4149.5,4370.5,3221.0,2189.0,603.0,879.0,956.0,1435.0,2094.0,2307.0,2596.0,2532.0,2518.0,1517.0,527.0,823.0,753.0,1369.0,2232.0,2476.0,2618.0,2654.0,2715.0,1710.0,467.0,866.0,774.5,1448.0,2451.5,2709.0,2969.5,2897.5,2788.0,1830.0,569.0,947.0,852.0,1545.0,2579.0,2843.0,3048.0,2992.0,0.0,0.0,0.0,0.0,0.0,0.0,0.0,0.0,0.0,0.0,2600.0,1669.0,645.0,967.0,853.0,1515.0,2542.0,2786.0,3022.0,3004.0,0.0,0.0,0.0,0.0,0.0,0.0,0.0,0.0,0.0,0.0,983.0,1062.0,10588.0,10326.0,10302.0,10475.0,10094.0,9701.0,10100.0,9353.0,2073.5,1356.5,655.0,927.0,1096.5,1549.5,2097.5,2261.0,2467.5,2485.0,2732.0,1883.0,657.0,934.0,1069.0,1574.0,2255.0,2483.0,2767.0,2730.0,2182.0,1441.0,586.0,827.0,837.0,1330.0,2113.0,2353.0,2610.0,2578.0,2181.0,1269.0,457.0,770.0,642.0,1298.0,2525.0,2870.0,3158.0,3039.0,2061.0,1239.0,478.0,822.0,668.0,1397.0,2684.0,2993.0,3162.0,3198.0,"{""type"":""MultiPoint"",""coordinates"":[]}"
4686,5,2752.0,2070.5,679.0,1051.5,1471.0,1744.0,1899.5,2047.5,2265.5,2240.5,3846.5,3143.0,1152.5,1671.0,2094.5,2557.0,2702.5,2875.5,2979.5,3023.5,3209.0,2435.0,830.0,1209.0,1687.0,1968.0,2097.0,2292.0,2497.0,2495.0,3553.5,2874.5,1036.5,1469.5,1947.0,2314.0,2463.5,2632.0,2783.0,2834.5,3264.0,2537.0,993.0,1481.0,1968.0,2306.0,2490.0,2639.0,2816.0,2808.0,7082.0,6918.0,2781.0,3680.0,4349.0,5117.0,5375.0,5670.0,5663.0,5899.0,0.0,0.0,0.0,0.0,0.0,0.0,0.0,0.0,0.0,0.0,3889.0,2944.0,1247.0,1620.0,1680.0,2368.0,3875.0,4437.0,4236.0,4733.0,3491.0,1947.0,604.0,978.0,819.0,1614.0,4152.0,4973.0,4869.0,5312.0,3410.0,2093.0,606.0,1007.0,875.0,1623.0,4348.0,5404.0,5390.0,5714.0,3139.0,1974.0,580.0,903.0,805.0,1420.0,3939.0,5303.0,5372.0,5676.0,2840.0,2237.0,809.0,1173.0,1596.0,1880.0,1988.0,2139.0,2349.0,2317.0,2024.0,924.0,394.0,522.0,340.0,809.0,3130.0,4394.0,4065.0,4746.0,2531.0,1126.0,567.0,697.0,416.0,968.0,3900.0,5366.0,5508.0,5837.0,2115.0,979.5,318.5,517.5,323.0,835.5,3236.0,4329.0,4351.5,4709.0,2017.0,960.0,488.0,636.0,399.0,949.0,3000.0,3922.0,3952.0,4283.0,2060.0,1143.5,318.0,666.0,478.5,1181.5,2666.5,3161.5,3326.5,3542.0,2993.5,1952.5,443.5,764.5,787.5,1478.5,2263.0,2646.5,2914.0,3168.0,3042.5,2313.5,574.5,794.0,1102.5,1387.0,1510.5,1694.5,1809.0,1966.5,4562.0,3369.0,1014.0,1266.5,1714.5,2070.5,2198.5,2421.0,2551.0,2773.5,4576.5,3843.5,2833.0,2864.5,3013.5,3444.0,3432.0,3511.5,3742.5,3605.0,4351.0,3490.0,975.0,1259.0,1677.0,1987.0,2151.0,2323.0,2441.0,2622.0,2763.0,2128.0,771.0,1112.0,1513.0,1800.0,1925.0,2086.0,2298.0,2272.0,4422.0,3496.0,1158.0,1477.0,1921.0,2298.0,2492.0,2688.0,2962.0,3048.0,3917.0,2960.0,987.0,1252.0,1591.0,1929.0,2072.0,2266.0,2452.0,2520.0,2385.0,1671.5,703.0,859.0,1067.0,1299.5,1460.5,1572.0,1788.5,1761.5,4002.0,2949.0,2091.0,2232.5,2240.0,2612.5,2899.5,3092.5,3216.5,3384.0,0.0,0.0,0.0,0.0,0.0,0.0,0.0,0.0,0.0,0.0,3492.0,2498.5,972.0,1226.5,1435.0,1913.5,2227.0,2433.0,2612.5,2720.5,3121.0,2312.0,1080.0,1430.0,1729.0,2081.0,2375.0,2526.0,2838.0,2764.0,63.0,80.0,10288.0,10030.0,9799.0,9936.0,9293.0,8461.0,8442.0,7662.0,1163.0,806.0,911.0,1403.0,1850.0,2044.0,1985.0,2027.0,2144.0,1958.0,2836.5,2137.0,910.5,1292.5,1724.0,2003.5,2159.0,2299.5,2532.5,2464.5,3204.0,2466.0,863.0,1285.0,1706.0,2022.0,2192.0,2353.0,2581.0,2566.0,3340.0,2626.0,1014.0,1440.0,1815.0,2165.0,2309.0,2459.0,2620.0,2666.0,3566.0,2859.0,1040.0,1532.0,1983.0,2341.0,2487.0,2663.0,2815.0,2804.0,"{""type"":""MultiPoint"",""coordinates"":[]}"
4691,5,2582.0,1755.0,813.0,1145.5,1515.5,1839.0,1983.5,2127.5,2362.5,2321.0,4644.0,3859.5,1460.0,2004.5,2552.5,2946.5,3151.0,3319.0,3546.0,3553.5,2737.0,1773.0,846.5,1147.5,1539.5,1854.0,2001.5,2174.5,2333.0,2375.5,2979.5,2078.5,876.5,1212.0,1531.5,1882.0,2090.0,2210.0,2432.0,2407.0,0.0,0.0,0.0,0.0,0.0,0.0,0.0,0.0,0.0,0.0,4882.5,3918.5,1343.5,1844.5,2186.0,2782.5,3536.0,3820.5,4027.0,4081.5,0.0,0.0,0.0,0.0,0.0,0.0,0.0,0.0,0.0,0.0,3482.0,2293.5,646.0,1057.5,912.0,1668.5,3758.5,4281.5,4543.0,4466.0,0.0,0.0,0.0,0.0,0.0,0.0,0.0,0.0,0.0,0.0,992.0,686.5,611.0,585.5,417.0,594.5,1346.5,1708.0,1873.5,1717.0,2429.5,1138.5,569.0,739.5,498.0,990.5,3793.0,5166.5,5241.5,5448.0,3080.0,2383.5,867.5,1207.0,1593.0,1838.0,1980.5,2121.5,2388.5,2320.5,2172.5,1067.5,478.0,627.5,424.0,894.5,3130.5,4314.0,4309.0,4620.5,2104.0,1072.5,437.5,611.5,431.0,869.0,3065.0,4098.0,4263.0,4384.0,2454.5,1305.5,558.5,827.0,582.0,1222.5,3221.5,4085.0,4120.5,4430.0,2228.0,1108.5,400.0,638.0,393.5,1014.0,3264.0,3817.5,3894.5,4105.5,2204.0,1163.5,380.5,677.5,481.0,1107.0,2764.5,3253.5,3469.0,3502.0,0.0,0.0,0.0,0.0,0.0,0.0,0.0,0.0,0.0,0.0,2521.5,1665.0,452.0,661.0,645.5,1102.0,1816.0,2022.5,2192.5,2314.0,2645.5,1720.0,509.0,685.0,693.0,1076.5,1565.5,1723.0,1793.5,1987.5,2810.5,2041.0,451.5,631.5,745.0,1060.0,1414.5,1606.5,1769.0,1869.0,4033.5,3082.0,767.5,1003.0,1390.5,1677.0,1853.5,2067.5,2268.5,2397.0,0.0,0.0,0.0,0.0,0.0,0.0,0.0,0.0,0.0,0.0,3498.5,2742.0,718.5,899.5,1191.5,1403.0,1545.5,1715.5,1886.0,1976.5,0.0,0.0,0.0,0.0,0.0,0.0,0.0,0.0,0.0,0.0,2184.0,1351.0,426.0,593.5,821.0,1055.0,1198.5,1283.5,1503.5,1554.5,3387.0,2504.5,790.0,1031.5,1328.0,1639.0,1858.5,2024.5,2064.5,2261.5,0.0,0.0,0.0,0.0,0.0,0.0,0.0,0.0,0.0,0.0,2523.5,1780.5,571.0,744.0,876.5,1148.0,1459.5,1614.0,1821.5,1829.5,0.0,0.0,0.0,0.0,0.0,0.0,0.0,0.0,0.0,0.0,925.5,986.0,10871.5,10514.0,10369.5,10471.5,10138.5,9702.5,10186.5,9334.0,0.0,0.0,0.0,0.0,0.0,0.0,0.0,0.0,0.0,0.0,3021.5,2180.5,872.0,1214.5,1618.5,1944.5,2064.0,2227.5,2441.0,2423.0,3309.0,2406.5,918.0,1268.0,1653.5,1947.5,2120.5,2308.0,2534.0,2521.0,2119.5,1301.5,1254.0,1486.0,1392.5,1623.5,1748.0,1801.0,2457.0,1903.5,4372.5,3538.5,1971.5,2313.5,2869.5,3591.5,3991.5,4299.0,3739.0,4489.0,"{""type"":""MultiPoint"",""coordinates"":[]}"
4703,3,1710.0,1678.5,2398.0,2337.0,2287.5,2391.5,2140.0,2115.5,2208.0,2010.5,3299.0,2667.0,1225.5,1386.0,1599.0,1815.0,1960.0,2100.0,2234.5,2327.0,0.0,0.0,0.0,0.0,0.0,0.0,0.0,0.0,0.0,0.0,2026.5,1764.5,1065.5,1145.0,1248.5,1440.5,1472.0,1564.0,1685.5,1699.5,1898.0,1151.0,528.0,706.0,836.0,1056.0,1171.0,1292.0,1457.0,1466.0,0.0,0.0,0.0,0.0,0.0,0.0,0.0,0.0,0.0,0.0,0.0,0.0,0.0,0.0,0.0,0.0,0.0,0.0,0.0,0.0,0.0,0.0,0.0,0.0,0.0,0.0,0.0,0.0,0.0,0.0,3626.5,3084.5,2948.5,2855.0,2709.0,3033.0,3210.0,3388.5,3531.5,3447.0,1262.0,703.0,722.0,853.0,650.0,1131.0,1971.0,2349.0,2281.0,2394.0,1404.0,781.0,871.0,979.0,704.0,1186.0,2405.0,2900.0,2606.0,2756.0,34.0,28.0,389.0,529.5,619.5,727.5,570.5,583.0,588.5,476.5,0.0,0.0,0.0,0.0,0.0,0.0,0.0,0.0,0.0,0.0,2968.0,2175.0,1752.0,1879.0,1741.0,2191.0,3797.0,4978.0,4886.0,5177.0,792.0,351.5,411.5,418.5,239.0,434.0,1667.0,2679.5,2598.5,2794.0,1572.5,840.0,531.5,753.5,517.5,1064.0,2916.0,4392.5,4153.0,4519.5,1375.0,652.0,238.0,487.0,241.0,833.0,2828.0,3960.0,3876.0,4230.0,940.5,483.5,308.5,465.0,286.0,722.5,1862.5,2397.5,2428.5,2527.5,1687.0,896.0,423.5,784.0,559.5,1368.5,2819.0,3349.0,3482.5,3679.5,6254.0,5935.0,6383.0,6243.0,6227.0,7074.0,7172.0,7324.0,7315.0,7420.0,2353.0,1578.0,544.0,789.0,998.0,1358.0,1615.0,1787.0,1834.0,2007.0,1932.0,1318.0,476.5,676.0,885.0,1189.0,1446.5,1589.5,1701.5,1774.0,3361.0,3417.0,2698.0,2854.0,3000.0,3158.0,3078.0,3176.0,3255.0,3142.0,1586.5,1079.0,477.0,652.5,821.5,1091.0,1286.5,1394.0,1543.5,1583.5,1591.0,1216.0,678.0,901.0,1207.0,1332.0,1416.0,1616.0,1770.0,1713.0,970.5,680.5,597.5,817.0,1118.0,1297.5,1350.0,1457.0,1629.0,1577.0,814.0,499.0,481.0,709.0,980.0,1225.0,1246.0,1374.0,1477.0,1504.0,0.0,0.0,0.0,0.0,0.0,0.0,0.0,0.0,0.0,0.0,0.0,0.0,0.0,0.0,0.0,0.0,0.0,0.0,0.0,0.0,0.0,0.0,0.0,0.0,0.0,0.0,0.0,0.0,0.0,0.0,0.0,0.0,0.0,0.0,0.0,0.0,0.0,0.0,0.0,0.0,147.0,135.0,7808.0,7904.0,8074.0,8256.0,7936.0,7554.0,7760.0,7140.0,1941.0,1493.5,972.5,1205.5,1365.0,1516.0,1567.0,1645.5,1710.5,1774.0,0.0,0.0,0.0,0.0,0.0,0.0,0.0,0.0,0.0,0.0,1537.5,932.5,519.5,680.0,841.5,999.5,1054.5,1149.5,1296.0,1295.5,2007.5,1353.5,603.5,756.0,919.0,1084.0,1152.0,1260.5,1408.5,1435.0,"{""type"":""MultiPoint"",""coordinates"":[]}"
4709,3,2968.0,2931.5,2732.0,2868.5,3096.5,3302.5,3293.0,3330.0,3561.0,3383.0,4158.0,3895.0,2016.0,2303.0,2698.0,2850.0,2770.0,2978.0,3327.0,3142.0,1200.5,933.0,1040.0,1250.5,1436.5,1598.0,1408.0,1507.0,1516.0,1421.0,99.0,75.0,1301.0,1594.0,1817.0,1990.0,1580.0,1636.0,1550.0,1246.0,4939.0,4847.0,2067.0,2490.0,2883.0,3147.0,3290.0,3377.0,3650.0,3617.0,5051.0,4735.0,2345.5,2719.5,3054.0,3422.5,3593.0,3778.0,3869.0,3998.0,0.0,0.0,0.0,0.0,0.0,0.0,0.0,0.0,0.0,0.0,2775.0,2088.0,1165.0,1472.0,1541.0,1906.0,2156.0,2221.0,2248.0,2454.0,383.0,289.0,545.0,792.0,753.0,1048.0,989.0,1183.0,1002.0,916.0,440.5,273.0,359.5,563.5,457.0,811.5,1077.5,1330.0,1125.0,1050.5,2866.0,2136.0,1766.0,1917.0,1854.0,2147.0,3262.0,3897.0,3397.0,3831.0,1687.5,1222.0,917.5,1104.5,1351.0,1534.5,1587.5,1699.5,1880.5,1865.5,943.0,426.0,338.0,413.0,236.0,531.0,1885.0,2613.0,2416.0,2583.0,1120.0,523.0,425.0,514.0,299.0,641.0,2178.0,3013.0,2995.0,3216.0,827.5,372.0,227.5,316.0,167.0,457.5,1757.0,2584.5,2343.5,2698.5,1258.0,601.0,361.0,492.0,276.0,691.0,2269.0,3160.0,2976.0,3281.0,1336.0,625.0,390.0,625.0,369.0,956.0,2613.0,3261.0,3403.0,3559.0,1392.5,692.0,462.5,767.5,625.5,1397.0,2634.0,3097.5,3117.5,3449.0,1667.5,947.5,455.0,764.0,920.5,1544.0,2233.5,2515.5,2609.5,2954.5,3425.0,2981.0,3078.0,3071.0,3055.0,3605.0,3712.0,3663.0,3653.0,3751.0,2310.0,1475.0,575.0,862.0,1182.0,1609.0,1984.0,2190.0,2385.0,2556.0,2837.0,1960.0,706.0,975.0,1423.0,1787.0,1998.0,2217.0,2383.0,2519.0,201.0,173.5,1007.0,1264.0,1482.5,1585.5,1384.0,1397.0,1442.5,1279.0,1688.0,1159.0,677.0,768.0,1177.0,1385.0,1536.0,1677.0,1942.0,1929.0,1711.0,1164.0,878.0,1091.0,1544.0,1860.0,1943.0,2122.0,2316.0,2382.0,1489.0,1025.0,585.0,848.0,1275.5,1508.0,1604.5,1759.5,2005.5,2012.5,1641.0,1148.0,697.0,993.0,1448.0,1674.0,1778.0,1906.0,2157.0,2195.0,0.0,0.0,0.0,0.0,0.0,0.0,0.0,0.0,0.0,0.0,1330.5,1077.5,1039.0,1138.0,1407.5,1512.5,1514.0,1572.0,1720.0,1687.5,2950.0,2877.0,2571.0,2596.0,2718.0,2904.0,2821.0,2833.0,2938.0,2822.0,1023.0,1119.0,9608.0,9612.0,9812.0,10027.0,9721.0,9358.0,9756.0,9028.0,92.0,80.5,1931.5,2136.5,2179.0,2217.5,1676.5,1431.5,1269.5,1006.5,1443.0,925.0,910.0,1115.0,1302.0,1513.0,1466.0,1571.0,1703.0,1703.0,2520.0,1967.0,1148.0,1389.0,1657.0,1873.0,1951.0,2044.0,2246.0,2208.0,2713.0,2167.0,1169.0,1419.0,1688.0,1891.0,1964.0,2061.0,2208.0,2240.0,3767.5,3551.5,2329.5,2474.0,2723.5,2903.5,2888.5,2999.0,3331.0,3166.5,"{""type"":""MultiPoint"",""coordinates"":[]}"
4718,5,2053.0,1417.0,755.0,917.0,1253.0,1442.0,1608.0,1682.0,1904.0,1889.0,4147.0,3161.0,1271.0,1673.0,2079.0,2513.0,2690.0,2829.0,3062.0,3144.0,1416.5,824.5,659.5,880.0,1169.5,1394.5,1506.5,1676.5,1781.0,1834.0,0.0,0.0,0.0,0.0,0.0,0.0,0.0,0.0,0.0,0.0,3880.0,3396.0,1011.0,1371.0,1794.0,2060.0,2152.0,2310.0,2490.0,2491.0,4816.0,4136.0,1353.0,1798.0,2350.0,2681.0,2792.0,3025.0,3091.0,3275.0,0.0,0.0,0.0,0.0,0.0,0.0,0.0,0.0,0.0,0.0,3098.0,2008.0,1017.0,1354.0,1405.0,1970.0,2213.0,2308.0,2518.0,2556.0,4552.5,3714.5,1282.5,1833.5,2115.0,2691.0,3333.0,3576.5,3631.5,3833.0,3568.5,2605.5,866.0,1248.5,1424.0,2065.0,2629.5,2828.5,2837.5,3094.5,3669.5,2597.0,1450.0,1655.5,1602.5,2097.0,3269.5,3811.5,3890.0,4045.0,2300.0,1543.0,852.0,1042.0,1362.0,1621.0,1639.0,1730.0,1937.0,1888.0,3605.0,2619.0,825.0,1152.0,1119.0,1634.0,2926.0,3338.0,3274.0,3722.0,2164.0,1095.0,517.0,715.0,588.0,1047.0,2452.0,2923.0,2940.0,3088.0,1617.0,917.5,402.5,513.0,417.5,686.5,1969.5,2423.0,2287.5,2617.5,2168.0,991.0,413.0,575.0,399.0,843.0,2994.0,3645.0,3444.0,4280.0,1881.0,874.0,295.0,527.0,367.0,839.0,2742.0,3609.0,3309.0,3763.0,2160.0,1097.0,338.0,610.0,448.0,954.0,2987.0,3643.0,3462.0,3943.0,2642.0,1743.0,518.5,811.0,779.0,1386.5,2367.0,2698.0,2756.5,2982.5,1026.0,685.0,361.0,388.0,380.0,511.0,606.0,713.0,685.0,784.0,2646.0,1913.0,521.5,703.5,865.0,1125.0,1403.5,1573.0,1779.0,1792.5,2826.0,1897.0,658.0,837.0,1017.0,1279.0,1452.0,1681.0,1878.0,1968.0,2925.0,2114.0,753.0,1006.0,1349.0,1564.0,1711.0,1770.0,2037.0,2020.0,2289.0,1583.0,502.0,694.0,870.0,1093.0,1249.0,1368.0,1586.0,1626.0,0.0,0.0,0.0,0.0,0.0,0.0,0.0,0.0,0.0,0.0,1600.5,941.5,401.5,619.5,808.0,1051.5,1175.0,1272.0,1461.5,1477.5,1817.0,1166.5,505.0,748.0,937.5,1241.0,1360.0,1431.5,1584.5,1611.0,1989.0,1313.0,554.0,773.0,946.0,1228.0,1439.0,1512.0,1592.0,1664.0,1467.0,924.0,520.0,655.0,807.0,1018.0,1221.0,1426.0,1569.0,1534.0,2019.0,1388.0,1142.0,1486.0,1915.0,2091.0,2280.0,2347.0,2679.0,2479.0,1078.0,1181.0,10174.0,10018.0,10064.0,10257.0,9873.0,9565.0,9972.0,9248.0,1400.5,985.5,1550.5,1715.5,2058.0,2135.5,2272.5,2241.5,2486.0,2390.0,2603.0,1901.0,697.0,956.0,1306.0,1635.0,1708.0,1827.0,2015.0,2044.0,2019.0,1387.5,755.0,989.0,1280.5,1595.0,1687.0,1810.0,1978.5,2024.5,2551.0,1771.0,841.0,1128.0,1449.0,1715.0,1842.0,2002.0,2125.0,2177.0,4069.0,3388.0,1243.0,1604.0,2030.0,2370.0,2547.0,2635.0,2849.0,2889.0,"{""type"":""MultiPoint"",""coordinates"":[]}"
4742,3,2154.0,1463.5,695.5,1007.5,1364.5,1650.0,1788.0,1902.5,2106.0,2125.0,3529.0,2740.5,1127.0,1563.5,1757.0,2449.5,3145.0,3408.5,3554.5,3598.0,1604.0,1080.5,635.5,843.5,1026.0,1270.5,1366.0,1468.5,1583.0,1597.0,2669.5,1827.5,990.5,1411.0,1785.5,2265.0,2369.5,2494.5,2780.0,2759.5,2912.0,2056.5,914.0,1298.0,1610.5,2015.5,2266.0,2414.0,2620.5,2654.0,4710.0,3716.5,1523.0,2085.0,2388.5,3108.0,3654.0,4009.0,4048.5,4249.5,0.0,0.0,0.0,0.0,0.0,0.0,0.0,0.0,0.0,0.0,4902.0,4024.5,1188.0,1720.5,1847.0,2608.5,3369.5,3802.0,3821.5,4213.5,2448.5,1527.0,585.0,968.0,810.5,1376.5,2461.0,3024.0,2797.5,3062.0,1003.5,508.0,444.5,526.5,331.5,721.5,1865.0,2216.5,2296.5,2135.5,2141.0,1342.0,1403.0,1477.0,1210.0,1609.5,3097.5,4005.5,3845.0,4099.0,2476.0,1799.5,748.5,1027.0,1391.0,1657.0,1795.5,1929.0,2163.0,2109.5,1550.5,665.0,409.0,524.0,268.0,665.0,2833.0,4529.0,4213.0,4718.0,1511.0,674.5,493.0,620.0,356.0,773.0,3010.0,4492.0,4297.5,4611.5,1733.5,773.0,383.5,663.0,295.5,1008.5,3540.0,4936.0,4674.5,5221.0,1809.5,848.0,486.5,889.5,510.5,1445.0,3695.5,4649.0,4402.5,4962.5,1823.5,919.5,480.0,1018.5,709.0,1720.5,3737.5,4492.0,4428.0,4725.5,1953.5,990.5,597.0,1094.5,909.5,2053.5,3534.5,4076.5,4055.5,4431.0,2199.0,1275.5,625.0,1050.5,1229.0,1986.5,2727.5,3063.5,3198.0,3492.5,3299.0,2327.5,1194.5,1497.5,1980.5,2392.0,2619.5,2842.0,2919.0,3130.5,3903.5,2819.5,1067.5,1442.0,2050.5,2399.0,2472.5,2753.5,2910.0,2983.0,4251.0,3141.5,1101.0,1452.0,2000.5,2350.0,2544.5,2728.5,2915.0,3131.5,2595.0,1893.0,866.5,1186.5,1575.0,1865.0,2010.5,2139.0,2389.5,2363.5,4009.0,2904.0,1109.5,1435.5,1924.0,2212.0,2385.0,2602.0,2883.5,2898.0,2458.5,1735.5,886.0,1029.5,1341.0,1575.5,1649.5,1766.5,1950.0,1983.0,2657.5,1767.5,856.5,1174.5,1648.0,1941.0,2105.5,2252.0,2524.0,2583.5,2860.5,1948.0,896.5,1198.5,1645.5,1961.0,2102.5,2302.5,2477.5,2542.0,3567.0,2728.0,3747.0,3644.0,3665.5,3945.5,3845.5,3794.0,3768.5,3710.5,1281.0,732.5,577.5,742.0,1038.5,1293.5,1524.0,1654.0,1915.5,1880.0,0.0,0.0,0.0,0.0,0.0,0.0,0.0,0.0,0.0,0.0,1048.0,1117.5,9985.5,9920.0,10008.0,10146.0,9853.5,9552.0,9946.5,9160.5,1286.5,896.0,865.5,1154.5,1503.0,1792.0,1814.0,1910.5,2060.5,2008.0,2898.0,2140.5,931.0,1286.0,1652.0,1954.5,2121.0,2275.0,2494.0,2462.0,2734.5,1947.5,950.0,1302.5,1572.5,1994.0,2317.0,2486.5,2632.0,2673.0,2811.5,1972.5,906.5,1342.0,1594.0,2074.5,2534.0,2700.5,2931.5,2871.5,3082.0,2225.0,1005.5,1441.5,1621.5,2242.0,2852.5,3031.0,3213.5,3199.0,"{""type"":""MultiPoint"",""coordinates"":[]}"
4744,5,1620.0,1041.0,605.0,761.0,950.0,1099.0,1188.0,1328.0,1517.0,1478.0,3264.0,2741.0,910.0,1155.0,1479.0,1681.0,1791.0,1910.0,2082.0,2112.0,1980.5,1299.0,628.0,749.0,954.5,1110.0,1208.0,1335.0,1468.0,1525.5,2260.0,1599.0,703.0,849.0,1066.0,1227.0,1342.0,1489.0,1650.0,1698.0,0.0,0.0,0.0,0.0,0.0,0.0,0.0,0.0,0.0,0.0,3528.0,3085.0,1077.0,1281.0,1598.0,1821.0,1900.0,2105.0,2184.0,2310.0,3670.0,2955.0,1160.0,1346.0,1615.0,1925.0,2135.0,2331.0,2424.0,2539.0,3986.0,3450.0,1289.0,1665.0,2002.0,2438.0,2639.0,2794.0,2952.0,3074.0,0.0,0.0,0.0,0.0,0.0,0.0,0.0,0.0,0.0,0.0,2726.0,1970.0,661.0,904.0,876.0,1325.0,2276.0,2577.0,2668.0,2725.0,2650.0,1374.0,710.0,905.0,582.0,1186.0,3720.0,4588.0,4558.0,4822.0,1933.0,1354.0,585.0,701.0,919.0,1105.0,1164.0,1260.0,1469.0,1435.0,2542.5,1105.5,444.5,643.0,314.0,867.0,4292.5,5885.0,5802.5,6155.5,2590.0,1306.5,1157.5,1214.0,843.5,1380.5,4172.5,5503.5,5496.5,5806.0,2310.0,1155.0,698.0,850.0,617.0,1102.0,3338.0,4502.0,4490.0,4863.0,1712.0,884.0,419.0,584.0,375.0,787.5,2609.5,3401.0,3384.0,3688.0,2168.5,1148.5,401.0,720.5,486.5,1153.5,2834.0,3358.5,3594.5,3750.0,0.0,0.0,0.0,0.0,0.0,0.0,0.0,0.0,0.0,0.0,2698.5,2039.5,455.5,578.0,858.5,1031.5,1131.0,1291.0,1465.5,1561.5,3745.5,2981.5,846.5,1063.5,1414.0,1669.0,1776.5,1908.0,2018.0,2188.5,2552.0,2091.5,617.0,766.0,1045.5,1192.0,1292.0,1409.0,1521.5,1599.5,2617.0,2169.0,734.0,892.0,1170.0,1354.0,1442.0,1579.0,1677.0,1745.0,0.0,0.0,0.0,0.0,0.0,0.0,0.0,0.0,0.0,0.0,2155.0,1591.5,580.5,748.5,852.0,1096.0,1392.5,1523.5,1601.0,1636.5,0.0,0.0,0.0,0.0,0.0,0.0,0.0,0.0,0.0,0.0,1651.0,857.0,273.0,615.0,379.0,938.0,2303.0,2509.0,2712.0,2604.0,3166.0,2155.0,1253.5,1625.5,1543.0,2106.5,3426.5,3713.0,3821.0,3836.0,0.0,0.0,0.0,0.0,0.0,0.0,0.0,0.0,0.0,0.0,1710.0,821.0,342.0,695.0,343.0,1016.0,2966.0,3399.0,3675.0,3459.0,0.0,0.0,0.0,0.0,0.0,0.0,0.0,0.0,0.0,0.0,896.0,975.0,11038.0,10630.0,10524.0,10582.0,10288.0,9847.0,10297.0,9478.0,0.0,0.0,0.0,0.0,0.0,0.0,0.0,0.0,0.0,0.0,2339.0,1602.0,728.0,899.0,1120.0,1302.0,1425.0,1531.0,1755.0,1739.0,2132.5,1611.5,552.5,681.5,909.0,1026.0,1101.5,1216.0,1374.5,1375.5,1680.0,1170.0,754.5,907.0,1060.0,1224.0,1310.0,1401.0,1442.5,1551.5,0.0,0.0,0.0,0.0,0.0,0.0,0.0,0.0,0.0,0.0,"{""type"":""MultiPoint"",""coordinates"":[]}"
4749,3,32.0,37.0,988.0,1432.0,1543.0,1657.0,1001.0,955.0,814.0,521.0,3992.5,3433.5,1481.0,1874.0,2242.0,2602.0,2728.5,2846.5,3018.0,3089.0,1521.0,924.5,900.5,1171.5,1447.5,1753.5,1773.0,1965.5,2128.5,2093.0,885.0,797.5,1835.0,2174.0,2381.0,2757.0,2323.0,2409.0,2443.5,2138.0,2550.0,1725.0,1084.0,1440.0,1716.0,2040.0,2210.0,2340.0,2537.0,2527.0,0.0,0.0,0.0,0.0,0.0,0.0,0.0,0.0,0.0,0.0,0.0,0.0,0.0,0.0,0.0,0.0,0.0,0.0,0.0,0.0,969.5,619.5,668.0,962.0,819.5,1447.0,1938.5,2273.0,2158.0,2150.5,1083.0,620.0,304.5,568.5,392.5,910.0,2131.5,2659.5,2673.0,2624.0,866.5,445.0,347.0,515.5,273.5,721.0,1919.5,2632.0,2661.0,2486.5,993.0,423.0,486.0,554.0,352.0,635.0,2055.0,2894.0,2899.0,2997.0,310.0,264.0,1203.0,1500.0,1415.0,1576.0,1081.0,1042.0,997.0,762.0,918.0,442.0,398.0,486.0,257.0,598.0,1945.0,2920.0,2914.0,3069.0,1031.0,477.0,304.0,451.0,222.0,661.0,2301.0,3457.0,3486.0,3522.0,1180.0,572.0,367.5,617.0,332.0,947.0,2563.0,3470.0,3419.5,3596.0,1260.0,627.0,444.0,770.0,551.0,1300.0,2619.0,3218.0,3207.0,3463.0,1459.0,793.0,461.0,867.0,787.0,1546.0,2514.0,2923.0,2996.0,3250.0,1608.0,904.5,511.5,859.5,894.0,1591.0,2287.0,2647.0,2662.5,2945.0,2119.5,1322.0,602.5,940.5,1054.5,1581.5,2071.5,2283.5,2463.0,2516.0,1047.5,729.5,555.0,678.0,874.0,1060.5,1115.0,1205.0,1240.0,1308.5,2480.0,1735.0,796.0,1032.0,1436.0,1733.0,1865.0,2044.0,2094.0,2068.0,2898.0,1883.0,845.0,1136.0,1550.0,1898.0,2105.0,2301.0,2519.0,2612.0,526.0,377.0,1297.0,1617.5,1647.0,1795.0,1286.0,1208.5,1250.5,899.0,2386.0,1537.0,825.0,1111.0,1481.0,1849.0,2110.0,2329.0,2537.0,2591.0,134.0,112.0,151.0,249.0,445.0,643.0,493.0,579.0,556.0,466.0,86.5,83.5,136.0,295.0,489.5,649.0,479.0,556.5,560.0,447.0,127.0,117.0,137.0,307.0,478.0,633.0,496.0,550.0,572.0,461.0,0.0,0.0,0.0,0.0,0.0,0.0,0.0,0.0,0.0,0.0,103.5,74.5,319.0,350.5,417.0,563.5,436.0,469.0,463.0,347.5,0.0,0.0,0.0,0.0,0.0,0.0,0.0,0.0,0.0,0.0,1043.0,1128.0,10782.0,10402.0,10360.0,10447.0,10166.0,9743.0,10112.0,9346.0,972.0,618.5,1072.0,1327.5,1558.0,1774.0,1725.0,1745.0,1920.5,1847.0,32.0,33.0,987.0,1551.0,1669.0,1841.0,986.0,915.0,790.0,524.0,213.0,166.0,1266.5,1799.5,1919.5,2196.0,1533.5,1487.5,1363.5,1044.0,123.0,98.0,1091.0,1445.0,1589.0,1821.0,1241.0,1294.0,1221.0,914.0,3248.0,2592.0,1464.0,1851.0,2123.0,2411.0,2561.0,2628.0,2794.0,2840.0,"{""type"":""MultiPoint"",""coordinates"":[]}"
4768,2,2482.5,1934.5,509.0,663.0,937.5,1143.5,1298.5,1476.5,1745.5,1765.5,3684.5,3025.0,897.5,1226.5,1489.5,1965.0,2332.5,2484.0,2713.0,2806.0,2730.0,1998.0,656.5,884.0,1086.0,1464.0,1682.5,1860.0,2057.0,2122.5,0.0,0.0,0.0,0.0,0.0,0.0,0.0,0.0,0.0,0.0,0.0,0.0,0.0,0.0,0.0,0.0,0.0,0.0,0.0,0.0,3163.5,2389.5,994.0,1337.0,1538.5,1743.5,1808.0,1835.0,2162.0,1986.5,0.0,0.0,0.0,0.0,0.0,0.0,0.0,0.0,0.0,0.0,0.0,0.0,0.0,0.0,0.0,0.0,0.0,0.0,0.0,0.0,0.0,0.0,0.0,0.0,0.0,0.0,0.0,0.0,0.0,0.0,3585.0,2658.0,752.0,1101.5,1041.5,1707.0,2946.0,3261.0,3378.0,3515.5,3056.0,1831.0,556.0,929.5,635.5,1455.0,3758.5,4433.5,4378.5,4594.5,3329.5,2902.5,789.0,985.5,1329.5,1570.5,1801.0,1962.5,2244.5,2248.0,2662.0,1254.5,462.0,834.5,406.5,1384.0,4363.0,5133.0,5060.0,5386.5,2400.0,1072.0,486.0,822.0,388.0,1309.5,4390.0,5168.5,5221.5,5327.0,2528.0,1090.5,583.5,955.0,445.0,1598.0,4910.0,5816.0,5660.0,6091.5,2398.0,1087.0,401.0,746.5,405.0,1448.0,4021.5,4630.0,4477.5,4929.0,2182.0,1016.0,312.0,582.5,390.5,1392.5,3401.0,3800.5,3992.5,4151.5,0.0,0.0,0.0,0.0,0.0,0.0,0.0,0.0,0.0,0.0,2514.0,1421.0,502.0,648.0,693.5,1470.0,2601.0,3012.0,3142.5,3280.5,2283.0,1524.0,833.0,881.0,1001.0,1273.0,1483.0,1634.0,1679.0,1904.0,3025.5,2132.5,768.0,887.0,1128.5,1414.0,1605.0,1811.5,2092.5,2191.5,3347.0,3141.5,689.0,883.5,1247.0,1481.0,1581.5,1762.5,1935.0,2018.0,0.0,0.0,0.0,0.0,0.0,0.0,0.0,0.0,0.0,0.0,3605.0,3127.0,786.5,1069.5,1477.5,1732.5,1921.5,2090.5,2372.0,2367.0,0.0,0.0,0.0,0.0,0.0,0.0,0.0,0.0,0.0,0.0,2449.0,1804.5,406.5,647.5,845.5,1167.5,1488.5,1660.0,1889.5,1936.5,2039.5,1350.5,327.0,581.0,709.0,1059.0,1453.5,1604.0,1780.5,1840.0,0.0,0.0,0.0,0.0,0.0,0.0,0.0,0.0,0.0,0.0,2239.5,1574.5,488.5,699.0,789.0,1162.5,1668.5,1839.0,2047.0,2116.0,0.0,0.0,0.0,0.0,0.0,0.0,0.0,0.0,0.0,0.0,1142.0,1197.5,10313.0,9971.5,10062.0,10154.0,9911.0,9585.5,10007.0,9302.5,2531.0,1882.0,629.0,770.5,997.5,1235.5,1388.5,1566.0,1721.5,1836.0,2940.5,2386.0,650.5,848.5,1155.5,1390.0,1645.5,1799.0,2029.0,2053.0,3126.0,2401.0,777.5,1014.0,1263.5,1578.5,1912.0,2115.0,2356.5,2361.0,2553.5,1845.0,508.5,736.5,942.5,1268.5,1628.5,1804.0,2039.5,2093.0,3654.5,3046.0,925.0,1198.0,1463.5,1904.5,2257.5,2449.5,2644.5,2731.5,"{""type"":""MultiPoint"",""coordinates"":[]}"
4778,5,1665.5,1189.0,571.0,755.5,1042.5,1286.5,1389.0,1540.5,1756.5,1757.0,4615.5,3972.0,1420.0,1842.0,2286.0,2701.0,2899.0,3053.5,3266.0,3297.0,1701.5,1104.0,727.5,960.0,1231.0,1531.5,1680.5,1813.5,2012.0,2009.0,0.0,0.0,0.0,0.0,0.0,0.0,0.0,0.0,0.0,0.0,0.0,0.0,0.0,0.0,0.0,0.0,0.0,0.0,0.0,0.0,3754.5,3303.5,1121.0,1430.5,1867.0,2142.5,2265.5,2460.0,2540.0,2662.5,0.0,0.0,0.0,0.0,0.0,0.0,0.0,0.0,0.0,0.0,5145.0,4864.0,1858.0,2402.0,2844.5,3307.0,3575.0,3781.0,3931.0,4008.0,0.0,0.0,0.0,0.0,0.0,0.0,0.0,0.0,0.0,0.0,3319.0,2620.5,851.5,1200.5,1233.0,1765.5,2768.0,3080.0,3222.5,3200.0,3288.0,2100.0,572.5,889.0,700.5,1410.0,3554.5,4221.5,4330.5,4414.0,2930.5,2387.5,759.0,983.5,1338.0,1615.0,1703.0,1866.0,2082.0,2003.0,2895.0,1457.5,503.5,738.5,400.0,1140.0,4181.0,5499.5,5404.5,5695.5,2470.5,1152.5,415.5,589.5,309.5,844.0,4035.0,5443.0,5608.5,5694.0,2740.0,1246.0,691.5,784.5,444.0,1044.5,4799.0,6809.5,6550.5,7332.5,2432.0,1044.0,291.0,469.5,244.0,769.0,4022.0,5510.0,5449.5,5848.5,2211.0,965.5,283.0,490.5,250.5,804.0,3788.5,5026.0,5353.0,5408.0,0.0,0.0,0.0,0.0,0.0,0.0,0.0,0.0,0.0,0.0,2236.5,1093.0,421.5,979.5,560.0,1785.0,3889.5,4385.5,4725.0,4835.0,2442.5,1528.0,480.5,731.0,842.5,1347.0,1685.5,1889.0,2018.0,2257.5,2910.5,2055.5,424.5,649.5,918.5,1258.5,1490.5,1717.0,1992.5,2079.0,3462.5,2659.0,605.5,816.0,1114.0,1459.0,1713.5,1925.5,2178.5,2318.0,0.0,0.0,0.0,0.0,0.0,0.0,0.0,0.0,0.0,0.0,3635.0,2529.0,881.5,1192.5,1712.0,1982.5,2151.5,2350.5,2631.5,2637.0,3074.5,2662.0,2678.5,2489.0,2473.0,2577.5,2576.0,2584.5,3061.0,2668.5,2112.5,1488.5,474.5,678.0,1016.0,1182.0,1257.0,1372.0,1561.0,1572.0,1925.5,1251.5,447.5,665.0,965.0,1196.0,1298.5,1397.0,1581.5,1629.0,0.0,0.0,0.0,0.0,0.0,0.0,0.0,0.0,0.0,0.0,2097.5,1462.5,594.0,818.0,1090.5,1305.0,1423.0,1536.5,1760.5,1753.5,0.0,0.0,0.0,0.0,0.0,0.0,0.0,0.0,0.0,0.0,1139.5,1219.5,10798.5,10436.0,10412.0,10533.5,10201.5,9891.5,10177.0,9481.0,1804.5,1261.0,645.5,834.5,1110.5,1380.0,1410.0,1559.5,1705.0,1748.5,2699.5,2108.0,699.0,963.0,1311.0,1548.5,1661.5,1846.5,2070.0,2016.5,0.0,0.0,0.0,0.0,0.0,0.0,0.0,0.0,0.0,0.0,1751.5,1225.5,666.0,896.5,1190.5,1436.0,1558.0,1704.0,1909.0,1894.0,2438.5,2085.5,933.0,1127.0,1389.5,1608.5,1706.5,1808.0,1966.0,1982.0,"{""type"":""MultiPoint"",""coordinates"":[]}"
4786,123,2088.5,1619.0,918.5,1153.5,1273.5,1586.5,1998.5,2177.5,2301.0,2330.5,2948.0,2263.0,963.0,1294.0,1425.5,1862.0,2473.0,2764.0,2741.5,2869.0,2229.0,1635.5,899.5,1175.0,1308.5,1675.5,2115.5,2259.0,2359.0,2463.0,2269.5,1717.5,872.0,1158.0,1263.5,1659.0,1920.0,2155.5,2245.5,2230.0,0.0,0.0,0.0,0.0,0.0,0.0,0.0,0.0,0.0,0.0,3630.5,2957.5,1143.0,1503.0,1647.5,2116.0,2460.0,2751.5,2832.0,2930.5,0.0,0.0,0.0,0.0,0.0,0.0,0.0,0.0,0.0,0.0,3064.0,2578.0,1132.0,1431.0,1697.0,2038.5,2236.5,2435.5,2504.5,2566.0,3974.5,3108.5,1496.5,1903.5,2261.0,2709.0,2929.5,3205.0,3156.0,3545.0,3560.0,2955.5,1203.0,1520.0,1809.0,2125.5,2488.0,2730.0,2790.5,3037.5,0.0,0.0,0.0,0.0,0.0,0.0,0.0,0.0,0.0,0.0,2832.5,2332.0,987.0,1252.0,1461.0,1826.0,2208.0,2456.0,2567.0,2636.0,3710.0,2742.0,1244.0,1602.0,1843.5,2272.5,2873.5,3291.5,3083.5,3508.0,3381.5,2764.0,1089.5,1397.0,1592.0,1972.0,2741.5,3124.0,3121.5,3474.5,3337.0,2596.5,1137.5,1449.5,1595.5,2116.0,2777.0,3355.5,3133.0,3486.5,3313.5,2560.5,2129.5,2139.0,2022.0,2503.0,3341.5,3727.0,3770.0,3845.0,3604.0,2724.5,1013.5,1365.5,1576.0,2005.0,2636.5,2975.0,3077.0,3249.0,0.0,0.0,0.0,0.0,0.0,0.0,0.0,0.0,0.0,0.0,3117.5,2397.5,1705.5,1799.0,1807.0,2190.5,2779.5,3017.0,3205.5,3117.5,2642.0,1956.5,865.5,1137.0,1194.5,1685.5,2345.5,2759.0,2669.5,2911.5,3047.0,2473.5,890.5,1202.0,1325.0,1747.0,2628.0,2917.0,3064.0,3054.0,3506.5,2812.5,1038.5,1364.5,1543.5,2025.0,2662.5,2941.5,3103.0,3291.5,0.0,0.0,0.0,0.0,0.0,0.0,0.0,0.0,0.0,0.0,3013.5,2322.0,844.0,1131.0,1377.0,1830.5,2373.0,2707.5,2851.0,2899.5,0.0,0.0,0.0,0.0,0.0,0.0,0.0,0.0,0.0,0.0,2518.5,1820.0,904.5,1191.0,1500.0,1787.0,2294.0,2418.0,2707.5,2821.0,2873.0,2233.5,1012.5,1252.0,1503.5,1851.0,2211.5,2476.0,2518.5,2767.5,0.0,0.0,0.0,0.0,0.0,0.0,0.0,0.0,0.0,0.0,2620.5,2108.0,981.5,1289.0,1513.5,1797.0,2180.5,2318.0,2557.0,2642.0,0.0,0.0,0.0,0.0,0.0,0.0,0.0,0.0,0.0,0.0,855.0,898.0,9254.5,9063.5,9152.5,9595.5,9420.5,9109.0,9114.0,8665.0,0.0,0.0,0.0,0.0,0.0,0.0,0.0,0.0,0.0,0.0,2563.0,2092.0,943.0,1201.5,1394.5,1687.5,2151.0,2459.0,2478.5,2443.0,2636.0,2039.0,970.5,1230.5,1386.0,1718.0,2396.5,2610.5,2653.5,2745.0,1993.0,1417.5,794.0,1071.5,1134.5,1457.5,2223.5,2343.5,2519.5,2474.0,0.0,0.0,0.0,0.0,0.0,0.0,0.0,0.0,0.0,0.0,"{""type"":""MultiPoint"",""coordinates"":[]}"
4788,2,2643.0,1800.0,724.0,932.5,1002.0,1517.0,2378.0,2637.0,2983.5,2894.5,3224.5,2319.0,805.5,1107.5,1415.5,1840.0,2135.0,2309.0,2552.0,2637.0,2600.5,1793.0,690.5,931.0,1245.0,1544.5,1685.0,1889.5,2077.0,2155.5,2714.5,1896.0,821.5,981.5,1239.0,1531.0,1627.0,1793.5,2024.0,2090.0,0.0,0.0,0.0,0.0,0.0,0.0,0.0,0.0,0.0,0.0,4187.5,3363.0,969.5,1213.5,1588.0,1900.5,2065.0,2251.5,2453.5,2561.5,0.0,0.0,0.0,0.0,0.0,0.0,0.0,0.0,0.0,0.0,0.0,0.0,0.0,0.0,0.0,0.0,0.0,0.0,0.0,0.0,0.0,0.0,0.0,0.0,0.0,0.0,0.0,0.0,0.0,0.0,3421.0,2351.5,699.5,1017.5,948.5,1569.5,2749.5,3075.0,3181.5,3358.0,2786.5,1455.5,505.0,785.5,524.0,1216.0,3727.0,4389.5,4383.5,4534.5,2555.0,1734.0,489.0,686.5,781.5,1353.0,2268.5,2538.0,2836.0,2763.0,2529.0,1004.5,433.5,673.5,343.0,1001.5,4566.5,5778.5,5604.5,5993.5,2430.0,966.5,415.0,697.0,346.0,1050.0,5146.5,6719.5,6705.5,7019.0,0.0,0.0,0.0,0.0,0.0,0.0,0.0,0.0,0.0,0.0,2361.0,911.0,427.0,675.0,331.5,1017.5,4938.0,6590.0,6406.0,6753.5,2231.5,866.0,354.5,655.0,314.5,1085.5,5002.5,6349.5,6536.0,6592.0,0.0,0.0,0.0,0.0,0.0,0.0,0.0,0.0,0.0,0.0,2137.0,871.0,376.0,603.5,354.5,1228.5,4445.5,5304.5,5546.0,5598.0,0.0,0.0,0.0,0.0,0.0,0.0,0.0,0.0,0.0,0.0,2691.5,1683.5,540.5,712.0,800.5,1390.5,2219.0,2541.0,2900.5,3001.0,3260.0,2253.0,1101.5,1243.0,1512.0,1856.0,2094.0,2360.0,2659.0,2828.0,0.0,0.0,0.0,0.0,0.0,0.0,0.0,0.0,0.0,0.0,3603.5,2479.5,734.5,1027.5,1462.5,1913.5,2195.0,2395.0,2790.5,2894.0,0.0,0.0,0.0,0.0,0.0,0.0,0.0,0.0,0.0,0.0,2424.5,1479.5,386.0,682.0,1204.0,1591.5,1936.0,2207.5,2640.5,2736.5,2779.0,1732.0,543.5,863.5,1336.5,1830.5,2278.0,2567.5,2976.0,3088.0,0.0,0.0,0.0,0.0,0.0,0.0,0.0,0.0,0.0,0.0,2898.5,1961.5,609.5,862.0,1139.0,1531.5,2001.5,2231.0,2606.5,2597.0,0.0,0.0,0.0,0.0,0.0,0.0,0.0,0.0,0.0,0.0,1049.5,1148.0,10291.0,10084.5,10136.0,10252.0,9960.5,9640.0,10063.5,9301.0,3047.5,2653.0,4561.5,3750.5,3002.5,2934.5,2834.5,2746.0,4507.0,2806.0,2429.0,1617.5,442.5,661.0,741.0,1308.0,2198.5,2489.0,2799.5,2751.5,2210.0,1365.5,468.5,715.5,692.5,1330.5,2307.5,2573.5,2865.0,2831.5,2002.5,1151.5,332.5,648.0,576.5,1368.0,2365.0,2642.0,2902.0,2887.5,1625.0,1022.5,535.0,701.0,669.0,1148.0,1517.0,1687.0,1803.5,1850.0,"{""type"":""MultiPoint"",""coordinates"":[]}"
4796,5,1996.0,1257.0,610.0,796.0,1008.0,1241.0,1393.0,1530.0,1744.0,1731.0,2872.0,2300.0,862.0,1140.0,1436.0,1636.0,1765.0,1894.0,2042.0,2100.0,1627.0,991.0,608.0,727.5,934.5,1062.0,1128.5,1256.5,1392.0,1409.0,0.0,0.0,0.0,0.0,0.0,0.0,0.0,0.0,0.0,0.0,0.0,0.0,0.0,0.0,0.0,0.0,0.0,0.0,0.0,0.0,2742.0,2198.5,889.5,1101.0,1378.5,1557.5,1675.5,1789.0,1878.0,1905.0,0.0,0.0,0.0,0.0,0.0,0.0,0.0,0.0,0.0,0.0,3085.0,2528.0,953.0,1228.0,1529.0,1797.0,1924.0,2070.0,2179.0,2263.0,1867.0,1347.0,919.0,1131.0,1089.0,1261.0,1691.0,1999.0,1978.0,2066.0,2789.0,2125.0,828.0,1099.0,1214.0,1594.0,2111.0,2265.0,2403.0,2430.0,2241.0,1313.0,553.0,781.0,641.0,1120.0,2315.0,2878.0,2941.0,2862.0,2015.0,1400.0,577.0,730.0,938.0,1113.0,1366.0,1467.0,1650.0,1597.0,2501.5,1343.0,612.5,804.5,575.0,1094.5,3394.5,4501.5,4449.5,4577.5,2156.0,1194.0,431.0,585.0,443.0,948.0,3141.0,4180.0,4287.0,4170.0,778.0,342.0,364.0,426.0,300.0,486.0,1522.0,2105.0,2007.0,1990.0,2483.0,1434.5,708.5,935.0,907.0,1459.5,3630.0,4424.5,4464.0,4665.5,2055.5,1100.5,410.0,616.0,460.0,930.5,2960.5,3799.0,4093.0,3991.5,0.0,0.0,0.0,0.0,0.0,0.0,0.0,0.0,0.0,0.0,2412.0,1441.5,517.5,941.5,812.5,1603.5,3037.0,3215.0,3633.0,3493.0,2541.5,1796.0,648.0,789.5,937.5,1190.0,1354.0,1491.5,1660.5,1734.0,2680.5,1963.5,595.5,767.0,1000.0,1219.5,1391.0,1589.0,1761.5,1794.5,3152.0,2338.0,804.0,1006.0,1371.0,1530.0,1772.0,1919.0,2205.0,2205.0,0.0,0.0,0.0,0.0,0.0,0.0,0.0,0.0,0.0,0.0,2851.0,2105.0,757.0,947.0,1250.0,1398.0,1484.0,1624.0,1819.0,1847.0,0.0,0.0,0.0,0.0,0.0,0.0,0.0,0.0,0.0,0.0,1490.0,856.0,386.0,555.0,764.0,909.0,1049.0,1143.0,1328.0,1363.0,1938.5,1380.0,699.0,791.5,965.5,1088.0,1172.5,1278.5,1363.5,1428.0,0.0,0.0,0.0,0.0,0.0,0.0,0.0,0.0,0.0,0.0,1826.0,1225.0,567.0,725.0,941.0,1052.0,1192.0,1277.0,1445.0,1460.0,0.0,0.0,0.0,0.0,0.0,0.0,0.0,0.0,0.0,0.0,935.0,1006.0,11096.0,10710.0,10571.0,10646.0,10268.0,9892.0,10288.0,9478.0,0.0,0.0,0.0,0.0,0.0,0.0,0.0,0.0,0.0,0.0,2165.0,1433.0,640.0,830.0,991.0,1257.0,1556.0,1742.0,1924.0,1907.0,2180.0,1533.5,568.5,771.0,904.0,1137.0,1443.5,1679.0,1801.5,1828.0,2265.5,1485.0,1228.5,1375.0,1538.0,1843.5,2042.5,2177.5,2290.5,2275.5,0.0,0.0,0.0,0.0,0.0,0.0,0.0,0.0,0.0,0.0,"{""type"":""MultiPoint"",""coordinates"":[]}"
4818,1,2328.0,1517.0,619.0,839.0,1020.0,1444.0,1954.0,2105.0,2360.0,2287.0,4342.0,3886.0,1123.0,1551.0,2046.0,2447.0,2660.0,2827.0,2972.0,3165.0,2853.0,2004.0,757.0,1033.0,1268.0,1581.0,1982.0,2158.0,2354.0,2404.0,3045.5,2205.5,668.0,941.0,1048.0,1444.5,2567.5,3013.0,3114.5,3229.5,2093.0,1200.0,329.0,561.0,521.0,773.0,2262.0,2794.0,2977.0,2948.0,2223.0,1123.0,528.0,623.0,443.0,722.0,3293.0,4771.0,4624.0,4905.0,1927.0,829.0,528.0,658.0,393.0,762.0,3484.0,5169.0,5053.0,5377.0,2007.0,878.0,331.0,496.0,299.0,658.0,3106.0,4744.0,4640.0,4921.0,2008.0,888.0,347.0,501.0,297.0,573.0,3142.0,4945.0,4891.0,5328.0,2089.0,994.0,394.0,588.0,373.0,873.0,3371.0,4831.0,4812.0,5066.0,2023.0,943.0,410.0,646.0,403.0,897.0,3231.0,4767.0,4608.0,4876.0,2182.0,1532.5,594.5,833.5,1039.5,1518.0,1975.5,2135.5,2315.0,2296.0,2412.0,1330.5,526.5,878.0,674.5,1374.0,3093.0,3818.0,3836.0,4271.0,3229.0,2057.0,455.0,817.0,997.0,1467.0,2313.0,2639.0,2663.0,3119.0,3063.0,2306.0,722.0,970.0,1245.0,1646.0,2240.0,2635.0,2787.0,3139.0,1789.5,1233.0,384.5,465.0,597.5,790.0,980.0,1103.0,1100.0,1292.5,4842.0,3623.0,1212.0,1648.0,2392.0,2802.0,3004.0,3248.0,3522.0,3597.0,4732.0,3666.0,1154.0,1593.0,2292.0,2776.0,3047.0,3327.0,3473.0,3740.0,4023.0,3373.0,1072.0,1410.0,2007.5,2353.5,2551.5,2758.5,2907.5,3133.0,2683.5,2027.0,819.5,954.0,1255.0,1469.0,1583.0,1680.5,1731.5,1907.5,3845.0,3055.5,1137.0,1334.0,1676.0,1965.5,2164.0,2402.0,2458.0,2653.0,2895.0,2384.0,689.0,962.0,1325.0,1578.0,1643.0,1773.0,1859.0,1966.0,2709.5,2112.5,1750.0,1834.5,1944.5,2295.5,2598.0,2675.5,2852.5,2804.5,2589.0,1945.0,702.0,899.0,1239.0,1390.0,1506.0,1700.0,1832.0,1934.0,2762.0,2398.0,681.0,901.0,1246.0,1440.0,1576.0,1642.0,1814.0,1868.0,1942.0,1302.0,506.0,755.0,1038.0,1255.0,1482.0,1622.0,1804.0,1835.0,2158.0,1487.0,703.0,934.0,1149.0,1484.0,1729.0,1839.0,1987.0,2116.0,0.0,0.0,0.0,0.0,0.0,0.0,0.0,0.0,0.0,0.0,2130.5,1416.5,568.0,804.5,803.5,1308.5,2035.0,2197.5,2294.5,2316.5,0.0,0.0,0.0,0.0,0.0,0.0,0.0,0.0,0.0,0.0,86.0,76.0,9703.0,9648.0,9607.0,9967.0,9416.0,8553.0,8752.0,7927.0,964.0,622.0,1621.0,1830.0,1994.0,2404.0,2280.0,2440.0,2542.0,2462.0,2597.0,1943.0,726.5,973.5,1305.5,1595.0,1704.0,1848.5,2004.5,2028.5,0.0,0.0,0.0,0.0,0.0,0.0,0.0,0.0,0.0,0.0,3437.0,2915.0,878.0,1205.0,1628.0,1895.0,1991.0,2115.0,2287.0,2341.0,3234.0,2749.0,1307.0,1651.0,2105.0,2473.5,2570.5,2688.0,2678.0,2871.0,"{""type"":""MultiPoint"",""coordinates"":[]}"
4838,5,1299.0,863.0,516.0,683.0,988.0,1186.0,1272.0,1409.0,1596.0,1630.0,2543.0,1962.0,804.0,1033.0,1391.0,1582.0,1691.0,1863.0,2025.0,2024.0,1793.5,1233.0,655.0,899.0,1228.0,1428.5,1524.5,1668.0,1820.0,1851.5,1074.0,693.0,598.0,801.0,1136.0,1348.0,1435.0,1562.0,1718.0,1705.0,1914.0,1266.0,549.0,740.0,954.0,1102.0,1206.0,1244.0,1573.0,1397.0,4100.0,3604.5,1273.0,1649.0,2184.0,2493.5,2608.0,2780.5,2944.5,3035.5,0.0,0.0,0.0,0.0,0.0,0.0,0.0,0.0,0.0,0.0,5516.0,5046.0,1907.0,2484.0,3048.0,3613.0,3763.0,4046.0,4189.0,4297.0,5630.0,4822.0,1920.0,2425.0,2886.0,3440.0,3942.0,4290.0,4215.0,4626.0,4437.0,3619.5,1262.5,1740.5,2003.5,2579.5,3439.0,3733.5,3781.0,4021.5,2703.0,1682.0,655.0,947.0,904.0,1491.0,2582.0,3006.0,3002.0,3159.0,1695.0,1076.0,497.0,692.0,1028.0,1214.0,1359.0,1442.0,1661.0,1689.0,3153.0,2103.0,807.0,1087.0,957.0,1563.0,3468.0,4130.0,4055.0,4411.0,2228.0,1084.0,465.0,649.0,382.0,939.0,3462.0,4525.0,4542.0,4682.0,1214.0,515.5,267.5,356.0,188.5,479.5,2282.0,3171.0,2941.5,3201.0,2248.5,958.0,395.5,532.5,289.0,767.0,3751.0,5259.0,5063.0,5495.5,1984.0,872.0,301.0,496.0,259.0,738.0,3587.0,4751.0,4807.0,4977.0,1986.0,862.5,295.5,568.5,270.5,955.5,3727.0,4756.0,4705.5,5031.5,2052.5,978.0,387.0,741.5,393.5,1371.5,3474.0,4060.0,4051.5,4400.5,1080.0,653.0,358.0,488.0,511.5,853.5,1053.0,1170.0,1240.5,1359.5,2743.0,1955.0,487.0,698.0,925.0,1288.0,1509.0,1718.0,1930.0,1997.0,2602.5,2240.0,849.5,1156.5,1573.5,1797.0,1863.5,1994.5,2167.0,2205.5,2062.5,1439.5,564.5,780.5,1123.5,1364.5,1444.0,1577.5,1784.0,1827.5,2792.0,2206.0,744.0,1013.0,1359.0,1583.0,1702.0,1814.0,2053.0,2045.0,2870.0,2090.0,818.0,1123.0,1520.0,1766.0,1895.0,2050.0,2297.0,2319.0,2582.5,1796.5,664.5,987.5,1363.0,1596.0,1735.0,1879.5,2138.0,2086.0,2815.5,2141.0,718.0,1061.0,1425.0,1720.0,1814.5,1969.5,2162.0,2188.5,4054.0,2978.0,1747.0,1878.0,2175.0,2629.0,2837.0,3099.0,3183.0,3356.0,2185.0,1430.0,733.0,1003.0,1270.5,1615.0,1779.5,1929.0,2168.0,2143.0,1884.0,1248.0,925.0,1100.0,1406.0,1608.0,1725.0,1856.0,2106.0,2086.0,1195.0,1053.0,6716.0,6739.0,7020.0,7311.0,7083.0,6871.0,7191.0,6855.0,1289.5,853.5,1101.5,1344.0,1705.0,1984.0,2022.5,2132.0,2221.5,2236.0,1602.0,1072.0,619.0,786.0,1051.0,1257.0,1344.0,1476.0,1642.0,1659.0,1453.0,978.0,782.0,1025.0,1399.0,1600.0,1707.0,1850.0,2083.0,2053.0,2000.0,1405.0,836.0,1123.0,1518.0,1784.0,1845.0,1987.0,2163.0,2199.0,4378.0,3707.0,1413.5,1828.5,2336.5,2648.5,2734.0,2939.5,3143.0,3179.0,"{""type"":""MultiPoint"",""coordinates"":[]}"
4864,5,925.0,614.0,353.0,502.0,618.0,853.0,936.0,1063.0,1192.0,1207.0,2882.0,2363.0,2658.0,2652.0,2205.0,2398.0,2637.0,2704.0,3821.0,2991.0,1399.0,988.5,535.5,790.5,1021.5,1282.0,1338.5,1441.0,1562.5,1607.0,1370.0,908.0,642.0,919.0,1153.0,1438.0,1513.0,1648.0,1775.0,1783.0,2240.0,1567.0,652.0,980.0,1202.0,1522.0,1718.0,1826.0,1950.0,1981.0,2721.0,1735.0,1544.0,1809.0,2091.0,2541.0,3207.0,3509.0,3699.0,3797.0,0.0,0.0,0.0,0.0,0.0,0.0,0.0,0.0,0.0,0.0,4544.0,3860.0,1232.0,1688.0,1983.0,2480.0,2626.0,2958.0,3234.0,3317.0,4940.0,4452.0,1824.0,2455.0,3096.0,3465.0,3537.0,3666.0,3605.0,3894.0,4732.5,4445.0,1364.5,1873.0,2398.5,2810.5,3095.5,3342.5,3400.5,3577.0,2950.0,2144.0,725.0,1031.0,1112.0,1603.0,2239.0,2466.0,2519.0,2716.0,1198.0,756.0,322.0,529.0,642.0,846.0,1029.0,1114.0,1246.0,1310.0,4103.0,3168.0,1055.0,1464.0,1424.0,2096.0,3651.0,4270.0,4160.0,4503.0,2952.0,1743.0,539.0,842.0,554.0,1291.0,3689.0,4512.0,4476.0,4637.0,1520.0,762.5,357.0,489.0,274.5,650.5,2619.0,3477.5,3348.0,3597.0,2550.0,1213.0,331.0,553.0,266.0,868.0,4017.0,5538.0,5259.0,5715.0,2374.0,1038.0,312.0,497.0,252.0,783.0,4098.0,5371.0,5482.0,5701.0,2116.0,928.0,197.0,451.0,198.0,769.0,3922.0,5099.0,5172.0,5373.0,2219.5,1107.5,413.5,809.5,421.0,1193.0,3238.0,3762.5,3920.5,4190.0,2742.0,1823.5,615.5,915.5,927.5,1600.5,2051.0,2283.0,2318.0,2644.0,3066.5,2306.0,538.5,744.0,1017.0,1291.5,1469.0,1644.0,1826.0,1897.0,2662.5,1971.0,522.0,699.0,970.0,1198.0,1306.0,1458.5,1613.5,1714.0,1481.0,1070.5,425.5,614.0,760.5,992.5,1161.0,1293.0,1404.0,1407.0,2962.0,2218.0,623.0,830.0,1065.0,1299.0,1490.0,1614.0,1766.0,1815.0,2677.0,1810.0,698.0,927.0,1212.0,1530.0,1655.0,1836.0,2000.0,2089.0,2551.0,1752.0,616.5,877.5,1121.5,1397.0,1612.0,1723.5,1965.0,1966.0,2344.0,1530.0,730.0,1000.0,1101.0,1369.0,1682.0,1812.0,1975.0,1996.0,0.0,0.0,0.0,0.0,0.0,0.0,0.0,0.0,0.0,0.0,1756.0,1071.5,529.5,757.5,798.5,1159.5,1574.0,1700.0,1926.5,1861.0,0.0,0.0,0.0,0.0,0.0,0.0,0.0,0.0,0.0,0.0,917.0,958.0,8326.0,8368.0,8660.0,8891.0,8666.0,8420.0,8744.0,8240.0,884.0,572.5,902.0,1102.5,1281.5,1590.0,1615.0,1779.5,1830.5,1832.0,1970.0,1411.0,581.0,803.0,955.0,1257.0,1532.0,1619.0,1760.0,1780.0,1910.5,1298.5,630.0,934.5,1042.5,1430.0,1814.5,1899.5,2074.0,2076.0,1676.0,1087.0,571.0,882.0,1011.0,1435.0,1802.0,1927.0,2020.0,2070.0,2675.0,1957.0,736.0,1075.0,1257.0,1827.0,2102.0,2198.0,2432.0,2523.0,"{""type"":""MultiPoint"",""coordinates"":[]}"
4908,3,1349.5,1350.5,1747.0,2063.5,2283.0,2424.0,2044.0,2024.5,2008.5,1746.0,2420.0,1597.0,867.0,1069.0,1324.0,1608.0,1754.0,1907.0,2077.0,2109.0,1762.0,1086.0,905.0,1162.0,1509.5,1779.0,1848.0,1990.0,2152.0,2183.5,945.0,616.0,1270.0,1656.0,2022.0,2342.0,2423.0,2514.0,2698.0,2638.0,4617.0,4206.0,1626.0,2065.0,2633.0,2913.0,3055.0,3191.0,3444.0,3445.0,5512.5,5079.5,1903.0,2347.0,2992.5,3386.0,3523.5,3729.5,3914.5,4040.0,0.0,0.0,0.0,0.0,0.0,0.0,0.0,0.0,0.0,0.0,5088.0,4520.5,1681.0,2134.5,2514.0,3045.5,3406.5,3720.5,3808.0,4024.0,3614.5,2850.5,1044.5,1362.0,1571.5,2041.0,2489.0,2733.5,2815.0,2994.5,376.5,276.5,470.0,621.5,435.0,870.0,1109.0,1184.5,1184.0,1085.0,1701.5,1035.0,612.5,797.5,507.5,1062.5,2838.0,3691.5,3560.5,3789.0,125.0,109.0,1129.0,1662.0,2105.5,2473.5,2168.5,2146.5,2156.5,1781.0,1406.0,655.0,387.0,515.0,290.0,712.0,2585.0,3734.0,3639.0,3807.0,1481.5,686.0,565.5,640.5,390.0,770.5,2788.5,4466.0,4434.0,4648.5,1309.0,581.0,240.0,384.5,182.0,589.0,2641.5,4248.5,4216.5,4485.0,1321.5,571.0,354.0,499.0,263.0,760.0,2715.5,4110.0,3950.0,4386.0,1391.0,660.0,383.0,702.0,414.0,1143.0,3048.0,3998.0,4158.0,4377.0,1201.0,579.0,504.0,727.0,449.0,1099.5,2826.0,3597.0,3589.0,3868.5,1572.0,810.5,427.5,747.5,657.5,1394.5,2643.5,3177.5,3442.0,3535.5,2308.0,1582.0,1196.0,1415.5,1411.0,2001.0,2630.0,2915.5,3013.5,3196.0,1949.0,1174.0,428.0,720.0,848.0,1359.0,1928.0,2189.0,2448.0,2504.0,2010.0,1203.0,552.0,820.0,1100.0,1534.0,2006.0,2196.0,2378.0,2546.0,65.0,65.5,1148.0,1764.0,2199.5,2568.5,2343.5,2341.0,2354.5,2022.0,2857.0,1963.0,754.0,1096.0,1570.0,1906.0,2082.0,2327.0,2575.0,2557.0,2099.0,1320.0,990.0,1324.0,1996.0,2436.0,2556.0,2800.0,3063.0,3145.0,1711.5,1117.5,534.0,812.5,1282.0,1492.0,1602.0,1751.5,2025.5,1994.5,1739.0,1161.0,559.0,788.0,1256.0,1468.0,1549.0,1672.0,1795.0,1852.0,950.0,618.0,474.0,602.0,882.0,979.0,858.0,943.0,1096.0,1059.0,1600.0,1342.5,1567.5,1516.0,1648.0,1747.0,1632.5,1693.5,1808.0,1657.5,4350.0,4173.0,4907.0,4672.0,4658.0,4779.0,4654.0,4580.0,4991.0,4574.0,974.0,1074.0,9819.0,9682.0,9823.0,10033.0,9743.0,9376.0,9770.0,9111.0,782.0,458.5,708.0,919.0,1200.5,1454.5,1423.5,1508.5,1540.5,1570.0,2502.0,1585.0,764.0,1070.0,1359.0,1709.0,1868.0,2036.0,2164.0,2290.0,2612.0,1740.0,878.0,1167.0,1498.0,1789.0,1936.0,2103.0,2312.0,2317.0,2612.0,1782.0,865.0,1142.0,1467.0,1766.0,1892.0,2023.0,2258.0,2218.0,4871.0,4457.0,1829.0,2334.0,2922.0,3240.0,3390.0,3503.0,3860.0,3793.0,"{""type"":""MultiPoint"",""coordinates"":[]}"
4916,3,492.0,325.0,728.0,1065.0,1384.0,1525.0,1330.0,1419.0,1563.0,1368.0,5944.0,5686.0,2042.0,2593.0,3273.0,3637.0,3805.0,3994.0,4255.0,4302.0,2865.0,2153.0,811.0,993.0,1323.0,1568.0,1648.0,1799.0,1996.0,2024.0,3602.0,3051.0,1553.0,1296.0,1640.0,2017.0,2126.0,2294.0,2471.0,2514.0,4589.0,4160.5,1726.5,2131.5,2677.0,2985.0,3096.5,3248.5,3442.5,3553.0,6967.0,6808.0,2474.0,2990.0,3820.0,4281.0,4397.0,4691.0,4739.0,5004.0,3146.0,2258.0,772.0,1001.0,1162.0,1592.0,1641.0,1833.0,1940.0,2051.0,5607.0,4956.0,1686.0,2203.5,2533.5,3146.5,3802.5,4024.5,4169.5,4346.5,1223.0,899.5,931.0,1146.5,1042.0,1489.5,1952.0,2279.5,2106.5,2208.0,1906.0,1013.5,396.0,587.5,336.5,834.5,2762.0,3891.0,3788.0,3985.0,1940.0,903.0,458.0,629.0,327.0,836.0,3253.0,5129.0,5200.0,5341.0,2474.0,1888.0,708.0,943.0,1265.0,1467.0,1542.0,1649.0,1870.0,1848.0,1829.5,853.5,422.0,567.5,302.5,750.0,3238.0,5418.5,5421.5,5685.0,1630.0,752.0,327.0,438.0,232.0,618.0,2958.0,5091.0,5118.0,5277.0,1567.0,786.0,360.0,522.0,288.0,712.0,2942.0,4920.0,4904.0,5154.0,1615.0,771.0,433.0,715.0,366.0,1068.0,3353.0,4920.0,4874.0,5188.0,1824.0,940.5,389.0,763.0,412.0,1234.0,3234.0,4036.5,4138.0,4385.0,1633.0,810.0,354.0,734.0,464.0,1348.0,3231.0,4021.0,4243.0,4470.0,2260.0,1235.0,535.0,1070.5,816.0,1907.5,2974.5,3357.5,3704.5,3780.0,2821.0,1876.0,767.0,1201.0,1311.0,2031.0,2633.0,2883.0,2912.0,3210.0,3313.0,2296.5,914.0,1346.0,1716.5,2244.5,2612.5,2889.5,3020.0,3216.0,3711.0,2672.0,1179.0,1562.0,2165.0,2524.0,2668.0,2795.0,2969.0,3110.0,2659.0,2010.0,759.0,1017.0,1301.0,1546.0,1630.0,1738.0,1920.0,1909.0,3111.5,2247.0,1087.5,1413.5,1907.0,2162.0,2289.0,2376.0,2633.0,2592.0,0.0,0.0,0.0,0.0,0.0,0.0,0.0,0.0,0.0,0.0,2527.0,1703.0,910.0,1221.0,1689.5,1902.5,2003.0,2145.0,2418.0,2378.5,2965.0,2160.0,1051.0,1380.0,1828.0,2078.0,2170.0,2251.0,2499.0,2506.0,0.0,0.0,0.0,0.0,0.0,0.0,0.0,0.0,0.0,0.0,1060.0,678.0,475.0,671.0,1001.0,1231.0,1304.0,1436.0,1642.0,1652.0,0.0,0.0,0.0,0.0,0.0,0.0,0.0,0.0,0.0,0.0,716.0,789.0,10594.0,10372.0,10226.0,10342.0,10014.0,9506.0,9922.0,9103.0,657.5,503.5,4024.5,4114.5,4315.0,4588.0,4389.5,4268.5,4396.0,4137.5,2755.0,2090.0,765.0,1061.0,1346.0,1631.0,1749.0,1850.0,2039.0,2079.0,3306.5,2683.0,1013.5,1316.5,1668.0,1968.0,2076.5,2220.0,2390.5,2438.0,2640.5,2028.0,871.5,1184.5,1450.5,1714.0,1863.5,2032.0,2156.0,2276.5,3036.0,2383.0,1158.0,1393.0,1702.0,1980.0,2045.0,2212.0,2497.0,2420.0,"{""type"":""MultiPoint"",""coordinates"":[]}"
4919,5,879.0,607.5,384.0,564.0,744.5,947.0,949.5,1064.0,1091.5,1090.0,4012.5,3220.0,1486.0,1794.0,2121.5,2539.5,2778.5,2938.5,3022.0,3166.0,2018.0,1354.0,801.0,998.0,1221.0,1561.0,1714.0,1929.0,2047.0,2148.0,2978.0,2113.0,1251.0,1517.0,1591.0,2122.0,2374.0,2562.0,2547.0,2778.0,3553.0,2731.0,1065.0,1424.0,1572.5,2158.0,2589.0,2807.0,2957.0,3080.0,2929.0,2243.0,2219.0,1948.0,1926.0,2018.0,1920.0,1986.0,2669.0,2001.0,0.0,0.0,0.0,0.0,0.0,0.0,0.0,0.0,0.0,0.0,4402.0,3886.0,1550.0,1930.0,2161.0,2506.0,2676.0,2955.0,3160.0,3172.0,6275.0,5794.0,2054.0,2623.0,3004.0,3718.0,4041.0,4306.0,4260.0,4684.0,5908.0,5097.0,2001.0,2605.0,2860.0,3644.0,4112.0,4550.0,4528.0,4823.0,3368.5,2413.5,1401.5,1728.5,1540.0,2224.5,3653.0,4093.0,3929.0,4320.5,1259.0,898.0,380.0,556.0,752.0,952.0,939.0,1032.0,1070.0,1122.0,3032.0,1508.5,356.5,709.5,367.5,1127.5,4434.5,5511.0,5353.0,5696.5,2724.5,1266.0,519.5,741.5,450.0,1021.5,4383.0,5934.0,5993.5,6184.5,2478.0,1060.0,302.0,514.0,236.0,836.0,4158.0,5797.0,5696.0,6097.0,2708.0,1154.0,424.0,665.0,374.0,1026.0,4855.0,5793.0,5542.0,5930.0,2318.5,1040.5,499.5,676.5,425.0,963.5,3887.5,5134.5,5178.5,5484.0,2038.5,852.0,325.5,590.0,279.5,975.0,3704.5,4664.5,4668.0,4963.5,2205.5,1226.5,374.0,810.5,679.0,1522.0,2953.5,3415.5,3695.5,3846.0,2855.0,1719.0,730.0,851.0,987.0,1316.0,1503.0,1705.0,1837.0,2062.0,2961.5,2136.5,549.5,689.0,928.5,1169.5,1281.0,1432.0,1557.0,1750.5,3240.0,2507.0,875.0,1072.0,1343.0,1579.5,1686.5,1837.0,1980.0,2041.5,1267.0,979.0,713.0,821.0,936.5,1113.5,1168.5,1270.0,1343.0,1339.0,3286.0,2376.5,973.5,1234.5,1492.5,1785.5,2000.0,2138.0,2354.0,2384.5,2382.0,1878.0,682.0,852.0,1115.0,1269.0,1365.0,1456.0,1602.0,1638.0,2751.0,2241.5,848.5,1077.0,1393.5,1559.5,1658.0,1783.5,2038.0,2027.0,2443.0,1902.0,666.0,918.0,1175.0,1387.0,1484.0,1635.0,1826.0,1872.0,1639.0,1157.0,2434.0,2249.0,2116.0,2124.0,2096.0,2143.0,1976.0,2175.0,2304.0,1630.0,734.0,956.0,1203.0,1454.0,1593.0,1768.0,1941.0,1988.0,0.0,0.0,0.0,0.0,0.0,0.0,0.0,0.0,0.0,0.0,540.0,573.0,10634.0,10456.0,10328.0,10386.0,10033.0,9598.0,9938.0,9137.0,257.0,200.0,3251.0,3416.0,3583.0,4128.0,3962.0,3619.0,3608.0,3583.0,1584.0,1068.0,536.5,741.0,942.0,1209.0,1304.5,1436.0,1594.0,1598.0,2880.0,2155.5,929.5,1149.0,1378.5,1671.5,1796.0,1928.5,2130.0,2150.0,2111.0,1431.0,717.0,936.0,1187.0,1465.0,1617.0,1725.0,1886.0,1898.0,2791.5,2030.0,876.0,1110.0,1366.5,1660.5,1815.0,1954.5,2142.5,2157.5,"{""type"":""MultiPoint"",""coordinates"":[]}"
4945,3,2396.0,1783.0,791.0,1065.5,1373.5,1585.0,1681.0,1780.0,1979.5,1978.5,3909.0,3555.0,1586.0,1949.5,2354.5,2570.5,2651.5,2774.5,2920.0,2941.0,2534.0,1909.5,810.0,1091.0,1358.0,1617.5,1697.0,1824.5,1951.5,1984.0,2650.0,1970.0,833.0,1131.0,1246.0,1676.0,1829.0,1939.0,2154.0,2119.0,5235.0,4834.0,1882.0,2485.0,2879.0,3431.0,3613.0,3761.0,4086.0,4057.0,5140.0,4580.5,1710.5,2242.0,2447.5,3132.0,3598.5,3883.0,3974.5,4106.0,0.0,0.0,0.0,0.0,0.0,0.0,0.0,0.0,0.0,0.0,1338.5,763.5,516.0,676.0,434.5,901.5,2381.5,3100.0,2987.5,3116.5,1532.0,781.0,184.0,395.0,159.0,616.0,2825.0,4186.0,4157.0,4300.0,1120.0,520.0,282.0,370.0,139.0,450.0,2467.0,4256.0,4287.0,4475.0,1439.0,718.0,560.0,664.0,450.0,816.0,3026.0,4993.0,4951.0,5311.0,3101.0,2638.0,1077.0,1331.0,1672.0,1896.0,1973.0,2134.0,2305.0,2280.0,1206.0,526.0,352.0,433.0,236.0,568.0,2567.0,4386.0,4334.0,4661.0,1150.0,525.0,409.0,560.0,322.0,791.0,2625.0,4102.0,4186.5,4413.5,1328.5,600.0,403.0,699.5,377.0,1122.5,3082.5,4268.0,4219.5,4585.5,1420.0,696.0,459.0,804.0,596.0,1351.0,2967.0,3779.0,3761.0,4115.0,1607.0,859.0,432.0,825.0,729.0,1459.0,2639.0,3138.0,3283.0,3459.0,1879.5,1032.0,512.0,856.0,865.5,1526.0,2361.5,2705.5,2777.0,3072.5,1929.5,1090.5,470.5,738.5,809.0,1320.0,1933.5,2154.5,2352.0,2437.5,1909.0,1180.0,521.0,702.0,779.0,1178.5,1621.5,1847.0,1813.5,2089.0,2425.5,1500.5,856.5,1227.5,1598.0,2068.5,2494.5,2735.5,3019.5,3033.0,3178.0,2717.0,897.0,1188.0,1653.0,1886.0,1973.0,2124.0,2303.0,2368.0,3366.5,2776.0,1502.5,1792.5,2164.0,2414.5,2501.0,2644.5,2867.5,2846.0,3453.0,2872.0,1130.0,1432.0,1945.5,2181.5,2269.0,2425.5,2662.0,2659.0,769.0,425.0,535.0,584.0,767.0,827.0,800.0,859.0,1200.0,959.0,2420.0,1758.5,837.0,1125.0,1540.5,1699.5,1785.0,1930.5,2195.0,2126.0,2540.5,1889.5,858.5,1151.5,1531.5,1710.5,1800.5,1951.5,2136.0,2163.5,0.0,0.0,0.0,0.0,0.0,0.0,0.0,0.0,0.0,0.0,736.0,454.0,610.5,699.0,874.0,1003.5,1056.5,1124.5,1246.5,1252.0,0.0,0.0,0.0,0.0,0.0,0.0,0.0,0.0,0.0,0.0,957.0,1056.0,10530.0,10270.0,10230.0,10315.0,10037.0,9679.0,10040.0,9290.0,1439.0,1105.0,746.0,1043.5,1359.5,1588.0,1615.0,1706.5,1820.0,1813.5,2834.0,2271.0,903.0,1212.0,1498.0,1716.0,1825.0,1937.0,2099.0,2109.0,3116.5,2575.0,1115.0,1465.5,1757.5,2057.5,2150.0,2267.5,2486.5,2459.5,3025.0,2394.0,1040.0,1419.0,1720.0,2036.0,2156.0,2274.0,2449.0,2423.0,5886.5,5768.5,2690.0,3320.5,3932.0,4313.5,4335.0,4489.0,4725.5,4708.0,"{""type"":""MultiPoint"",""coordinates"":[]}"
4948,5,1338.0,806.0,705.0,861.0,1076.0,1309.0,1436.0,1527.0,1771.0,1832.0,2693.0,1975.0,1430.0,1429.0,1483.0,1809.0,1994.0,2184.0,2285.0,2382.0,1579.0,955.0,746.5,972.0,1224.5,1578.0,1758.5,1908.5,2057.5,2143.0,2591.5,1843.5,1025.5,1257.0,1519.5,1919.0,2101.0,2276.0,2423.0,2560.5,4206.0,3214.0,1322.0,1650.0,1974.0,2371.0,2638.0,2781.0,3048.0,3115.0,4657.0,4283.0,2419.0,2646.0,2810.0,3278.0,3531.0,3821.0,3655.0,4063.0,0.0,0.0,0.0,0.0,0.0,0.0,0.0,0.0,0.0,0.0,3504.0,2281.0,1054.0,1200.0,1291.0,1942.0,2374.0,2468.0,2552.0,2965.0,4379.0,3442.5,1519.0,1814.5,2040.5,2510.5,2977.5,3257.0,3385.0,3557.0,5291.0,4749.0,1733.0,2160.0,2830.0,3212.0,3277.0,3543.0,3617.0,3831.0,2952.5,2194.0,2206.0,2227.0,2153.0,2490.0,2926.0,3206.0,3001.0,3345.0,3288.0,2432.0,1042.0,1272.0,1655.0,1943.0,2017.0,2141.0,2373.0,2423.0,5702.0,5250.0,1747.0,2193.0,2804.0,3280.0,3415.0,3725.0,3692.0,4091.0,5687.0,4631.0,2005.0,2490.0,3142.0,3663.0,3806.0,4151.0,4231.0,4455.0,5372.0,4678.0,1813.0,2221.0,2698.0,3180.0,3619.0,4008.0,3825.0,4320.0,4714.0,3731.0,1246.0,1646.0,1869.0,2508.0,3445.0,3888.0,3831.0,4199.0,4235.0,3281.0,1177.0,1610.0,1821.0,2455.0,3496.0,3926.0,4103.0,4244.0,3895.5,2985.0,1062.5,1433.0,1569.0,2134.0,3435.0,3989.5,3993.5,4295.5,3403.5,2501.5,867.0,1185.0,1229.5,1821.0,3137.5,3645.0,3768.5,3915.0,2345.0,1294.5,487.0,782.5,623.5,1258.5,2749.0,3174.5,3202.0,3418.0,3012.0,1922.0,595.0,1035.0,971.0,1801.0,3407.0,3837.0,3917.0,4132.0,3249.0,2354.0,793.0,1262.0,1341.0,2124.0,2767.0,3040.0,3145.0,3402.0,1597.0,1031.0,778.0,922.0,1237.0,1486.0,1609.0,1738.0,1985.0,1944.0,3255.0,2460.0,787.0,1049.0,1342.0,1690.0,1889.0,2070.0,2291.0,2377.0,3308.0,2585.0,970.0,1281.5,1639.0,1966.5,2097.0,2285.0,2520.5,2614.0,2280.5,1450.0,521.5,785.0,1053.5,1316.5,1471.0,1608.5,1861.5,1880.0,2568.5,1815.5,665.5,943.5,1235.0,1514.5,1661.0,1789.0,1998.0,2059.5,0.0,0.0,0.0,0.0,0.0,0.0,0.0,0.0,0.0,0.0,1999.0,1366.5,1018.0,1184.0,1423.5,1677.5,1827.5,1976.5,2203.5,2114.5,0.0,0.0,0.0,0.0,0.0,0.0,0.0,0.0,0.0,0.0,1087.0,1067.0,8626.0,8406.0,8552.0,8816.0,8418.0,8457.0,8644.0,8080.0,1213.5,773.0,1011.0,1309.0,1674.5,2089.0,2069.0,2191.5,2380.5,2419.5,1757.0,1096.5,633.5,874.0,1172.0,1477.0,1591.0,1729.0,1925.5,1942.0,2329.5,1604.5,876.5,1100.5,1366.5,1667.5,1792.5,1984.5,2145.5,2178.0,2028.5,1251.0,875.5,1146.0,1433.5,1760.5,1912.0,2039.0,2238.5,2272.0,3732.0,2736.0,1181.0,1488.0,1808.0,2086.0,2276.0,2449.0,2672.0,2688.0,"{""type"":""MultiPoint"",""coordinates"":[]}"
4951,3,2189.5,1518.5,585.5,873.0,1122.0,1397.5,1521.5,1727.0,1781.5,1891.0,3419.5,2816.0,999.0,1390.5,1750.0,2027.0,2415.5,2508.5,2614.5,2766.5,2405.0,1671.0,642.5,935.0,1165.0,1476.5,1803.5,1925.0,1947.0,2040.5,3029.5,2479.5,1857.5,1888.0,1983.0,2340.0,2504.5,2618.0,2821.5,2789.5,4994.0,4613.0,1536.0,2227.0,2694.0,2927.0,3193.0,3325.0,3703.0,3569.0,3237.0,2891.0,2077.0,1930.0,2012.0,2124.0,2207.0,2376.0,2894.0,2455.0,0.0,0.0,0.0,0.0,0.0,0.0,0.0,0.0,0.0,0.0,4450.5,3474.0,1058.0,1520.5,1572.5,2208.5,2938.0,3331.5,3358.0,3599.5,2132.0,1603.0,564.0,947.0,876.0,1567.0,2140.0,2345.0,2468.0,2348.0,2077.0,1262.0,344.0,599.0,341.0,887.0,2642.0,3431.0,3417.0,3552.0,2248.5,1195.0,570.5,764.5,464.0,1095.0,3333.5,4597.5,4450.0,4680.5,2663.0,2106.0,755.0,1008.0,1248.0,1494.0,1591.0,1688.0,1837.0,1889.0,1914.0,1010.0,352.0,489.0,296.0,716.0,2760.0,4170.0,4037.0,4316.0,1879.5,1074.5,465.0,617.5,363.0,882.5,3006.0,4398.0,4517.5,4662.0,1945.5,1041.5,423.0,698.0,422.5,1157.5,3087.5,4176.5,4092.5,4407.0,1898.0,982.0,440.0,781.0,473.0,1274.0,3314.0,4253.0,4172.0,4545.0,1907.0,1046.0,471.0,933.0,618.0,1561.0,3441.0,4061.0,4240.0,4367.0,1986.0,1088.0,471.0,978.0,880.0,1833.0,3157.0,3609.0,3706.0,3978.0,3060.5,2042.0,879.5,1304.5,1592.5,2088.5,2728.0,3011.0,3208.0,3305.0,3243.5,2269.5,877.5,1166.0,1517.0,1895.0,2223.0,2417.5,2420.0,2692.5,3539.0,2515.0,882.0,1223.0,1543.0,1828.0,2240.0,2467.0,2659.0,2750.0,3452.0,2404.0,831.0,1152.0,1436.0,1822.0,2335.0,2525.0,2660.0,2792.0,2238.0,1731.0,826.5,988.5,1206.0,1396.5,1577.5,1627.0,1773.5,1740.0,3471.0,2458.5,861.5,1160.0,1496.0,1802.5,2224.5,2377.5,2723.5,2753.0,1532.0,1059.0,462.0,624.0,912.0,1048.0,1124.0,1395.0,1477.0,1582.0,2014.0,1453.5,467.0,700.5,1071.5,1283.5,1389.0,1442.0,1681.0,1679.5,1737.0,1120.0,525.0,753.0,1101.0,1280.0,1416.0,1529.0,1694.0,1781.0,0.0,0.0,0.0,0.0,0.0,0.0,0.0,0.0,0.0,0.0,1079.0,753.5,555.5,670.0,856.0,999.5,1094.0,1166.5,1254.5,1267.5,0.0,0.0,0.0,0.0,0.0,0.0,0.0,0.0,0.0,0.0,987.0,1078.0,10728.0,10340.0,10306.0,10434.0,10021.0,9707.0,10058.0,9294.0,1593.0,1136.0,763.5,1061.5,1331.0,1857.5,1722.0,1815.5,1832.5,1909.5,2809.0,2163.0,759.0,1102.0,1376.0,1618.0,1868.0,1960.0,2060.0,2103.0,2686.0,1986.0,813.5,1136.0,1360.5,1622.5,2076.0,2233.0,2314.0,2320.5,2644.0,1850.0,739.0,1087.0,1328.0,1637.0,2106.0,2332.0,2408.0,2554.0,3947.5,3402.0,1534.5,2081.0,2421.5,2809.0,3287.5,3490.0,3641.0,3671.5,"{""type"":""MultiPoint"",""coordinates"":[]}"
4959,5,2635.0,1953.0,679.5,982.5,1361.0,1669.5,1928.0,2081.5,2298.0,2333.0,2649.5,1821.5,669.0,1051.5,1120.0,1735.0,2525.0,2793.0,2931.5,3011.5,2591.0,1699.0,797.0,1192.0,1298.0,1994.0,2601.0,2815.0,3032.0,3111.0,3235.0,2407.0,947.0,1209.0,1494.0,1960.0,2244.0,2455.0,2601.0,2728.0,2976.0,2092.0,760.0,1112.0,1331.0,1779.0,2144.0,2313.0,2532.0,2588.0,3980.0,2819.0,1005.0,1402.0,1364.0,2087.0,3309.0,3656.0,3904.0,3929.0,0.0,0.0,0.0,0.0,0.0,0.0,0.0,0.0,0.0,0.0,4204.5,2617.0,861.5,1258.0,989.5,1946.5,4697.0,5479.5,5323.5,5813.5,3068.0,1556.0,334.0,601.0,291.0,1045.0,4244.0,5482.0,5357.0,5644.0,2858.0,1393.0,295.0,556.0,232.0,909.0,4588.0,6196.0,6037.0,6456.0,2555.5,1163.0,540.0,706.0,431.0,967.5,4604.0,6399.0,6356.0,6680.0,2862.0,2225.0,763.0,1071.0,1485.0,1796.0,2139.0,2284.0,2494.0,2496.0,2723.0,1140.0,383.0,594.0,292.0,924.0,4724.0,6309.0,6280.0,6630.0,3260.0,1438.0,1051.0,1127.0,708.0,1397.0,4934.0,6671.0,6709.0,7189.0,2265.0,954.0,310.5,613.0,256.0,999.0,4085.0,5249.5,5185.0,5546.5,2405.0,1068.0,546.0,977.0,471.0,1510.0,4241.0,5074.0,5027.0,5556.0,2383.0,1207.0,408.0,933.0,627.0,1739.0,3233.0,3716.0,3715.0,3990.0,1549.5,943.5,311.5,519.5,529.0,957.0,1312.0,1461.0,1585.0,1708.0,2982.5,2265.5,539.0,687.0,960.0,1206.0,1330.0,1516.0,1683.5,1803.5,2683.0,1853.0,687.0,913.0,1304.0,1567.0,1669.0,1806.0,1851.0,2026.0,3842.5,3734.5,1149.5,1523.0,2122.5,2394.0,2485.5,2664.0,2773.0,2866.0,4433.0,4341.0,1346.0,1791.0,2471.0,2773.0,2860.0,3014.0,3120.0,3270.0,3311.5,2810.0,1501.0,1738.0,2030.0,2367.0,2703.5,2848.5,2992.0,3064.0,2698.5,2053.5,728.0,1018.0,1350.0,1694.0,1920.0,2066.0,2214.5,2260.5,2728.0,2027.0,739.0,1053.5,1224.5,1711.5,2124.0,2298.5,2445.0,2463.0,2403.0,1634.5,522.0,904.0,966.0,1513.0,2189.5,2358.5,2599.0,2513.5,2392.0,1582.0,477.0,869.0,904.0,1472.0,2274.0,2543.0,2593.0,2656.0,0.0,0.0,0.0,0.0,0.0,0.0,0.0,0.0,0.0,0.0,2005.0,1106.0,452.0,756.0,538.0,1214.0,2882.0,3344.0,3558.0,3444.0,0.0,0.0,0.0,0.0,0.0,0.0,0.0,0.0,0.0,0.0,164.0,193.0,10572.0,10404.0,10310.0,10474.0,10018.0,9422.0,9658.0,8897.0,2055.0,1651.5,1992.5,2102.5,2182.0,2418.5,2440.5,2494.0,2803.0,2477.5,2777.0,1983.0,762.5,1083.5,1366.5,1806.5,2317.5,2514.5,2740.0,2732.5,2827.0,1958.0,705.0,1037.0,1212.0,1716.0,2441.0,2670.0,2892.0,2875.0,2697.0,1768.0,666.0,979.0,1136.0,1665.0,2377.0,2587.0,2820.0,2792.0,2392.0,1591.0,635.0,966.0,1098.0,1674.0,2397.0,2554.0,2686.0,2812.0,"{""type"":""MultiPoint"",""coordinates"":[]}"
4961,5,1882.0,1192.0,526.0,746.0,839.0,1282.0,1729.0,1846.0,2046.0,2114.0,3397.0,2692.0,796.0,1075.0,1346.0,1662.0,1988.0,2200.0,2349.0,2438.0,1735.0,1069.0,643.0,785.0,990.0,1253.0,1589.0,1732.0,1750.0,2040.0,1982.0,1175.0,631.0,773.0,915.0,1205.0,1546.0,1768.0,1836.0,1975.0,0.0,0.0,0.0,0.0,0.0,0.0,0.0,0.0,0.0,0.0,1827.0,1644.0,552.0,614.0,732.0,931.0,1191.0,1465.0,1255.0,1743.0,0.0,0.0,0.0,0.0,0.0,0.0,0.0,0.0,0.0,0.0,4336.0,3597.0,1094.0,1390.0,1630.0,2035.0,2383.0,2645.0,2833.0,2978.0,0.0,0.0,0.0,0.0,0.0,0.0,0.0,0.0,0.0,0.0,3988.0,3106.0,922.0,1196.0,1383.0,1784.0,2398.0,2797.0,2903.0,3021.0,0.0,0.0,0.0,0.0,0.0,0.0,0.0,0.0,0.0,0.0,2517.0,1778.0,634.0,858.0,982.0,1432.0,1882.0,2054.0,2238.0,2266.0,3121.5,1640.5,497.0,728.0,497.5,1107.5,3896.5,5073.0,4976.0,5388.0,2927.0,1587.5,1101.5,1218.5,1006.5,1507.5,3740.0,4782.5,4749.5,5136.0,2733.0,2351.0,1583.0,1304.0,1203.0,1875.0,3236.0,3939.0,3770.0,4154.0,2914.0,1876.5,1030.0,1200.0,1140.0,1659.0,3427.5,4217.5,4137.5,4396.0,2420.5,1239.5,290.5,525.0,321.5,899.0,3412.5,4366.5,4518.5,4564.0,0.0,0.0,0.0,0.0,0.0,0.0,0.0,0.0,0.0,0.0,2479.5,1326.0,400.5,919.5,646.5,1636.0,3352.5,3832.5,4018.0,4143.5,2954.0,1969.5,444.0,664.0,792.5,1258.0,1691.0,1903.5,1999.5,2213.5,3002.0,2096.0,433.0,635.5,849.5,1175.0,1544.5,1771.5,1950.0,2117.0,2711.5,1837.0,495.0,683.5,931.5,1228.5,1505.0,1684.0,1841.5,1997.5,0.0,0.0,0.0,0.0,0.0,0.0,0.0,0.0,0.0,0.0,1979.5,1374.5,447.0,582.5,675.5,926.5,1214.5,1372.0,1425.5,1518.0,0.0,0.0,0.0,0.0,0.0,0.0,0.0,0.0,0.0,0.0,1794.0,971.0,312.0,576.0,626.0,1076.0,1621.0,1738.0,1886.0,1992.0,2301.5,1466.0,599.5,862.0,920.5,1403.5,1886.0,2087.5,2000.0,2276.0,0.0,0.0,0.0,0.0,0.0,0.0,0.0,0.0,0.0,0.0,2005.0,1186.0,418.0,670.0,588.0,1191.0,1937.0,2182.0,2342.0,2366.0,0.0,0.0,0.0,0.0,0.0,0.0,0.0,0.0,0.0,0.0,785.0,840.0,10226.0,10017.0,10099.0,10149.0,9892.0,9514.0,9897.0,9194.0,0.0,0.0,0.0,0.0,0.0,0.0,0.0,0.0,0.0,0.0,2387.0,1599.0,620.0,857.0,923.0,1375.0,1896.0,2117.0,2268.0,2334.0,2634.5,1681.0,573.0,872.0,871.5,1489.5,2122.5,2382.0,2554.0,2625.5,1554.5,982.0,771.0,935.5,893.5,1336.0,1830.0,1981.5,2159.0,2145.0,0.0,0.0,0.0,0.0,0.0,0.0,0.0,0.0,0.0,0.0,"{""type"":""MultiPoint"",""coordinates"":[]}"
4973,3,1801.5,1160.0,865.5,1076.5,1449.5,1710.0,1802.0,1916.5,2100.5,2125.0,3600.0,3256.0,1270.0,1565.0,1918.5,2166.0,2255.0,2395.5,2487.5,2575.0,1277.0,775.5,680.5,873.5,1077.5,1269.5,1328.0,1414.5,1521.0,1531.0,2244.5,1817.5,1643.5,1718.0,1884.0,2122.5,2157.0,2234.5,2114.0,2353.0,4084.0,3799.0,1648.0,2042.0,2429.0,2718.0,2779.0,2904.0,3132.0,3106.0,3366.0,2801.0,1354.0,1675.0,2005.0,2130.0,2363.0,2405.0,2676.0,2511.0,0.0,0.0,0.0,0.0,0.0,0.0,0.0,0.0,0.0,0.0,2919.0,2693.0,1302.5,1498.0,1617.0,1903.5,1969.5,2120.5,2128.5,2233.0,2298.0,1481.0,850.0,1112.0,1254.0,1594.0,1821.0,1942.0,2034.0,2049.0,1110.0,634.0,465.0,725.5,541.0,1084.5,2032.0,2402.5,2377.5,2340.5,1757.0,892.0,523.0,738.0,472.0,969.0,2800.0,4005.0,3929.0,4025.0,3061.0,2930.0,1284.5,1394.5,1883.0,2285.0,2458.5,2713.0,2218.5,3033.5,1432.0,648.0,329.0,420.0,230.0,586.0,2550.0,4203.0,4079.0,4332.0,1647.0,728.5,342.0,507.5,256.0,699.5,2971.5,5099.5,5172.0,5266.5,1842.0,1068.0,854.0,989.0,806.5,1201.5,3046.5,4485.0,4488.5,4760.0,1385.0,668.0,328.0,572.0,297.0,884.0,2723.0,4227.0,4103.0,4489.0,1464.0,738.0,305.0,636.0,344.0,1027.0,3040.0,4203.0,4341.0,4560.0,2926.5,2233.5,1785.5,2000.5,1825.0,2562.0,3780.5,4410.5,4529.5,4630.5,1630.0,915.0,407.0,773.0,703.0,1517.0,2656.0,3211.0,3488.0,3527.0,1852.0,1296.0,448.0,637.0,761.0,1068.0,1304.0,1495.0,1568.0,1690.0,2440.0,1646.0,542.0,794.0,989.5,1331.0,1625.0,1817.5,2014.0,2100.5,2740.0,1816.0,660.0,888.0,1186.0,1528.0,1759.0,1920.0,2140.0,2202.0,2059.5,1716.5,834.5,998.0,1274.0,1480.5,1503.5,1665.5,1718.5,1789.5,3176.5,2257.0,802.5,1092.5,1526.0,1907.5,2110.5,2285.5,2565.5,2648.5,962.0,675.0,452.0,577.0,812.0,924.0,947.0,1024.0,1222.0,1207.0,1194.0,829.0,434.0,644.5,949.0,1069.5,1166.0,1255.0,1432.0,1414.0,1618.5,1187.0,636.0,862.5,1173.0,1371.0,1422.0,1506.0,1633.0,1705.0,3866.0,3420.0,3325.0,3591.0,3841.0,4376.0,4332.0,4401.0,3750.0,4435.0,842.0,518.0,633.0,770.5,1000.0,1166.0,1182.0,1286.0,1440.0,1412.5,0.0,0.0,0.0,0.0,0.0,0.0,0.0,0.0,0.0,0.0,988.0,1077.0,10634.0,10272.0,10232.0,10358.0,10040.0,9707.0,10038.0,9366.0,947.0,607.0,1771.5,1827.0,2107.5,2160.0,2200.5,2348.0,2535.5,2327.5,2426.0,1781.0,868.0,1123.0,1447.0,1748.0,1815.0,1912.0,2095.0,2159.0,1622.0,1096.0,807.0,985.0,1219.0,1421.0,1520.0,1664.0,1801.0,1816.0,1757.0,1115.0,728.0,987.0,1242.0,1526.0,1627.0,1725.0,1887.0,1929.0,3549.0,2883.0,1361.0,1683.0,2047.0,2325.0,2463.0,2579.0,2772.0,2794.0,"{""type"":""MultiPoint"",""coordinates"":[]}"
4981,5,2725.0,1893.5,704.5,1059.0,1386.0,1839.0,2223.5,2398.5,2659.0,2646.0,3852.5,3364.5,1014.5,1480.0,2081.0,2500.5,2670.5,2841.5,3014.0,3075.5,2711.0,1969.0,795.0,1099.0,1658.0,1923.0,2037.0,2213.0,2394.0,2405.0,3825.5,3253.5,1307.5,1831.0,2632.0,2926.0,3040.0,3208.0,3344.5,3335.5,3043.0,2390.0,962.0,1396.0,2075.0,2328.0,2454.0,2593.0,2793.0,2794.0,6106.0,5716.0,2172.0,2872.0,3607.0,4325.0,4797.0,5114.0,5108.0,5367.0,3790.0,3422.0,3192.0,3332.0,3243.0,3605.0,3966.0,4148.0,4065.0,4257.0,3315.0,2125.0,668.0,1167.0,1058.0,1926.0,3944.0,4575.0,4514.0,4710.0,2954.0,1459.0,330.0,694.0,463.0,1201.0,5008.0,5928.0,5334.0,6035.0,2927.0,1390.0,336.0,623.0,272.0,1009.0,4879.0,6622.0,6484.0,6936.0,2695.0,1273.0,337.0,600.0,311.0,924.0,4431.0,6371.0,6358.0,6604.0,3217.0,2341.0,764.0,1114.0,1487.0,1913.0,2335.0,2473.0,2716.0,2743.0,2593.0,1064.0,313.0,493.0,219.0,771.0,4611.0,6581.0,6383.0,7021.0,2755.0,1168.0,491.5,693.0,413.0,987.5,4888.5,6437.5,6394.5,6731.5,3087.0,1311.0,459.0,681.0,319.0,1045.0,4744.0,5505.0,5349.0,5645.0,2054.0,1020.5,608.5,780.0,579.0,1085.0,3126.5,4045.0,3852.5,4256.5,2041.0,969.5,368.5,676.0,409.5,1190.0,3060.0,3518.5,3624.0,3851.5,2829.0,1838.0,427.0,760.0,949.0,1620.0,2122.0,2374.0,2545.0,2792.0,2757.5,2047.5,501.0,658.0,904.5,1149.0,1284.5,1452.0,1600.5,1688.5,1693.5,1281.5,2169.5,2092.5,2131.0,2377.0,2404.5,2464.0,2248.0,2482.5,3302.5,2506.5,678.5,879.5,1172.0,1434.5,1606.5,1739.0,1909.5,1968.5,3558.0,2675.0,751.0,981.0,1331.0,1588.0,1806.0,1979.0,2119.0,2195.0,3477.5,2674.0,2016.5,2285.5,2576.0,2935.5,3150.0,3266.5,3259.5,3389.5,3251.0,2328.0,707.0,966.5,1127.5,1501.0,1975.0,2133.0,2322.5,2343.5,3101.0,2883.0,830.0,1157.0,1681.0,1895.0,2025.0,2149.0,2281.0,2276.0,2809.5,2338.5,738.5,1095.0,1613.5,1842.0,2000.0,2120.5,2362.0,2277.5,2397.0,1967.5,663.5,974.5,1360.5,1668.0,1850.5,2007.0,2031.5,2106.5,0.0,0.0,0.0,0.0,0.0,0.0,0.0,0.0,0.0,0.0,2546.5,1836.5,727.0,1054.0,1304.5,1746.5,2161.0,2311.5,2395.0,2431.0,0.0,0.0,0.0,0.0,0.0,0.0,0.0,0.0,0.0,0.0,66.0,80.0,10015.0,9982.0,9950.0,10073.0,9691.0,8872.0,9035.0,8148.0,329.0,230.0,2294.0,2694.0,3034.0,3409.0,3209.0,3223.0,3207.0,3079.0,3007.0,2135.5,816.0,1169.5,1514.5,1955.5,2307.5,2490.5,2748.0,2736.5,3362.0,2729.0,938.5,1328.5,1910.5,2203.0,2356.0,2525.0,2717.5,2729.5,3395.0,2709.0,930.0,1361.0,1929.0,2271.0,2434.0,2580.0,2755.0,2815.0,2909.0,2121.5,760.5,1132.0,1583.5,2006.5,2236.5,2385.5,2562.0,2613.0,"{""type"":""MultiPoint"",""coordinates"":[]}"
