system:index,cropland,d0_B11,d0_B12,d0_B2,d0_B3,d0_B4,d0_B5,d0_B6,d0_B7,d0_B8,d0_B8A,d10_B11,d10_B12,d10_B2,d10_B3,d10_B4,d10_B5,d10_B6,d10_B7,d10_B8,d10_B8A,d11_B11,d11_B12,d11_B2,d11_B3,d11_B4,d11_B5,d11_B6,d11_B7,d11_B8,d11_B8A,d12_B11,d12_B12,d12_B2,d12_B3,d12_B4,d12_B5,d12_B6,d12_B7,d12_B8,d12_B8A,d13_B11,d13_B12,d13_B2,d13_B3,d13_B4,d13_B5,d13_B6,d13_B7,d13_B8,d13_B8A,d14_B11,d14_B12,d14_B2,d14_B3,d14_B4,d14_B5,d14_B6,d14_B7,d14_B8,d14_B8A,d15_B11,d15_B12,d15_B2,d15_B3,d15_B4,d15_B5,d15_B6,d15_B7,d15_B8,d15_B8A,d16_B11,d16_B12,d16_B2,d16_B3,d16_B4,d16_B5,d16_B6,d16_B7,d16_B8,d16_B8A,d17_B11,d17_B12,d17_B2,d17_B3,d17_B4,d17_B5,d17_B6,d17_B7,d17_B8,d17_B8A,d18_B11,d18_B12,d18_B2,d18_B3,d18_B4,d18_B5,d18_B6,d18_B7,d18_B8,d18_B8A,d19_B11,d19_B12,d19_B2,d19_B3,d19_B4,d19_B5,d19_B6,d19_B7,d19_B8,d19_B8A,d1_B11,d1_B12,d1_B2,d1_B3,d1_B4,d1_B5,d1_B6,d1_B7,d1_B8,d1_B8A,d20_B11,d20_B12,d20_B2,d20_B3,d20_B4,d20_B5,d20_B6,d20_B7,d20_B8,d20_B8A,d21_B11,d21_B12,d21_B2,d21_B3,d21_B4,d21_B5,d21_B6,d21_B7,d21_B8,d21_B8A,d22_B11,d22_B12,d22_B2,d22_B3,d22_B4,d22_B5,d22_B6,d22_B7,d22_B8,d22_B8A,d23_B11,d23_B12,d23_B2,d23_B3,d23_B4,d23_B5,d23_B6,d23_B7,d23_B8,d23_B8A,d24_B11,d24_B12,d24_B2,d24_B3,d24_B4,d24_B5,d24_B6,d24_B7,d24_B8,d24_B8A,d25_B11,d25_B12,d25_B2,d25_B3,d25_B4,d25_B5,d25_B6,d25_B7,d25_B8,d25_B8A,d26_B11,d26_B12,d26_B2,d26_B3,d26_B4,d26_B5,d26_B6,d26_B7,d26_B8,d26_B8A,d27_B11,d27_B12,d27_B2,d27_B3,d27_B4,d27_B5,d27_B6,d27_B7,d27_B8,d27_B8A,d28_B11,d28_B12,d28_B2,d28_B3,d28_B4,d28_B5,d28_B6,d28_B7,d28_B8,d28_B8A,d29_B11,d29_B12,d29_B2,d29_B3,d29_B4,d29_B5,d29_B6,d29_B7,d29_B8,d29_B8A,d2_B11,d2_B12,d2_B2,d2_B3,d2_B4,d2_B5,d2_B6,d2_B7,d2_B8,d2_B8A,d30_B11,d30_B12,d30_B2,d30_B3,d30_B4,d30_B5,d30_B6,d30_B7,d30_B8,d30_B8A,d31_B11,d31_B12,d31_B2,d31_B3,d31_B4,d31_B5,d31_B6,d31_B7,d31_B8,d31_B8A,d32_B11,d32_B12,d32_B2,d32_B3,d32_B4,d32_B5,d32_B6,d32_B7,d32_B8,d32_B8A,d33_B11,d33_B12,d33_B2,d33_B3,d33_B4,d33_B5,d33_B6,d33_B7,d33_B8,d33_B8A,d34_B11,d34_B12,d34_B2,d34_B3,d34_B4,d34_B5,d34_B6,d34_B7,d34_B8,d34_B8A,d35_B11,d35_B12,d35_B2,d35_B3,d35_B4,d35_B5,d35_B6,d35_B7,d35_B8,d35_B8A,d3_B11,d3_B12,d3_B2,d3_B3,d3_B4,d3_B5,d3_B6,d3_B7,d3_B8,d3_B8A,d4_B11,d4_B12,d4_B2,d4_B3,d4_B4,d4_B5,d4_B6,d4_B7,d4_B8,d4_B8A,d5_B11,d5_B12,d5_B2,d5_B3,d5_B4,d5_B5,d5_B6,d5_B7,d5_B8,d5_B8A,d6_B11,d6_B12,d6_B2,d6_B3,d6_B4,d6_B5,d6_B6,d6_B7,d6_B8,d6_B8A,d7_B11,d7_B12,d7_B2,d7_B3,d7_B4,d7_B5,d7_B6,d7_B7,d7_B8,d7_B8A,d8_B11,d8_B12,d8_B2,d8_B3,d8_B4,d8_B5,d8_B6,d8_B7,d8_B8,d8_B8A,d9_B11,d9_B12,d9_B2,d9_B3,d9_B4,d9_B5,d9_B6,d9_B7,d9_B8,d9_B8A,.geo
0,226,1375.5,1158.0,721.5,787.0,850.5,974.5,1053.5,1158.5,1187.5,1236.0,1383.0,634.0,276.0,544.0,265.0,858.0,3598.0,5133.0,5427.0,5352.0,2687.5,2194.0,844.5,1097.5,1428.0,1621.5,1630.0,1761.5,1937.5,1930.5,2720.0,2417.0,1035.5,1271.0,1618.0,1770.0,1846.5,1917.0,2095.5,2070.0,2605.0,2348.5,997.0,1234.5,1579.0,1710.0,1789.0,1872.0,2022.0,2004.0,2250.5,1898.0,634.0,944.5,1257.5,1450.5,1495.0,1584.0,1704.0,1727.5,2661.0,2213.0,864.0,1216.0,1387.0,1708.0,1874.0,2040.0,2123.0,2149.0,2661.0,2213.0,865.0,1164.0,1387.0,1663.0,1681.0,1820.0,1934.0,1950.0,2718.0,2414.0,1008.0,1267.0,1578.0,1746.0,1742.0,1885.0,1918.0,2036.0,2598.0,2217.5,908.0,1190.0,1454.0,1623.5,1779.0,1964.5,2004.5,2090.0,2376.5,1959.5,694.0,948.0,1167.5,1408.0,1806.5,2043.0,2100.5,2153.5,2030.0,1656.0,1167.0,1272.0,1269.0,1513.0,1888.0,1983.5,2038.5,2038.5,1850.5,1230.0,345.5,546.0,555.0,911.0,1880.5,2191.0,2206.5,2287.5,1343.0,627.0,204.5,404.5,345.5,677.0,2228.5,3093.5,3214.0,3199.5,1395.0,714.0,490.0,652.0,509.0,812.0,2441.0,3479.0,3545.0,3616.0,1426.0,684.0,433.0,577.0,414.0,683.0,2322.0,3281.0,3398.0,3437.0,1412.0,722.0,365.0,529.0,382.0,681.0,2111.0,2903.0,3077.0,3022.0,1412.0,738.0,229.0,417.0,303.0,597.0,1857.0,2497.0,2621.0,2685.0,1484.0,825.0,560.0,776.5,652.5,912.0,1865.5,2401.0,2471.0,2571.0,2289.0,1989.5,844.5,1079.5,1346.5,1623.5,1785.0,1925.5,2096.5,2125.5,1832.0,1660.0,634.0,780.0,999.0,1130.0,1159.0,1269.0,1382.0,1371.0,1712.0,1528.0,579.0,708.5,941.5,1064.0,1087.5,1172.5,1204.0,1273.5,1348.0,1022.0,450.0,617.0,628.0,895.0,1250.0,1372.0,1478.0,1464.0,1599.0,1426.0,482.0,602.5,802.0,901.5,951.5,1002.5,1109.0,1107.0,1610.0,1482.0,471.0,596.0,817.0,918.0,957.0,1008.0,1137.0,1103.0,1522.0,1324.5,526.0,630.0,760.0,904.5,1069.0,1158.5,1221.0,1226.0,1525.5,1298.5,561.0,664.0,754.0,941.5,1147.0,1272.5,1321.5,1337.5,1258.0,852.0,273.0,468.0,384.0,763.0,1675.0,1912.0,2004.0,1973.0,0.0,0.0,0.0,0.0,0.0,0.0,0.0,0.0,0.0,0.0,1579.0,1130.0,314.0,597.0,599.0,915.0,1919.0,2096.0,2238.0,2153.0,2386.0,2152.0,2063.0,2151.0,2112.0,2265.0,2728.0,2873.0,2922.0,2928.0,1378.0,682.0,138.0,423.0,202.0,690.0,2936.0,3653.0,3896.0,3768.0,1378.0,643.0,230.0,498.0,157.0,743.0,3259.0,4396.0,4650.0,4458.0,1218.0,509.0,230.0,472.0,174.0,697.0,3413.0,4693.0,4913.0,4798.0,1212.0,523.0,186.0,419.0,187.0,658.0,3444.0,4918.0,5196.0,5005.0,1219.5,529.0,176.5,422.5,160.5,695.5,3595.5,5173.5,5513.5,5370.5,"{""type"":""MultiPoint"",""coordinates"":[]}"
7,24,1748.5,1762.0,392.0,510.0,632.5,724.0,793.0,871.0,939.5,969.5,1373.0,700.5,221.0,402.0,249.0,635.5,2642.5,3892.0,4137.5,4104.0,1453.5,779.0,229.5,406.0,252.0,635.5,2554.5,3669.5,3898.5,3945.5,1497.0,873.0,281.0,495.5,378.5,802.5,2295.0,3099.0,3282.5,3363.0,1744.0,1069.5,420.5,715.5,812.5,1313.0,2187.0,2611.0,2877.0,2999.0,2256.5,1453.5,692.5,1006.0,1451.0,1882.5,2255.5,2553.0,2817.0,2986.5,2750.0,1729.5,923.0,1315.0,1975.0,2386.5,2662.5,2908.0,3199.5,3351.0,2935.5,1856.5,1010.0,1449.0,2175.5,2583.0,2745.0,2976.5,3190.0,3429.0,2964.5,1884.5,1034.5,1486.5,2257.0,2682.5,2789.0,3009.5,3205.0,3421.0,2951.5,1870.0,992.0,1474.5,2245.5,2644.5,2808.0,2996.5,3281.5,3422.5,2945.0,1908.0,1058.5,1508.0,2319.0,2702.0,2795.0,3039.5,3285.5,3414.0,1918.5,1916.5,465.5,574.5,699.5,798.5,908.0,993.5,1095.0,1117.5,4476.0,2927.5,1302.5,1893.5,3112.0,3624.5,3785.0,4110.0,4538.0,4641.0,4516.0,3004.0,1696.0,2098.0,2948.0,3532.5,3784.0,4025.5,4409.0,4474.5,4663.0,3206.0,1680.0,2072.5,2760.0,3136.0,3516.0,3822.0,4074.5,4271.0,4563.0,3087.5,1415.5,1910.5,2853.5,3349.0,3678.0,4034.5,4348.5,4499.5,2992.0,2719.0,863.5,1128.5,1546.5,1716.0,1768.5,1902.0,2038.0,2089.0,2664.5,2667.5,702.5,868.5,1125.0,1226.0,1276.5,1380.5,1466.0,1545.5,2781.0,2753.5,726.5,918.5,1203.0,1340.5,1359.5,1489.0,1559.0,1624.5,2728.5,2787.5,736.0,885.0,1153.0,1249.0,1324.5,1408.0,1539.0,1562.0,2794.0,2867.5,783.0,947.5,1207.0,1291.5,1369.0,1467.0,1623.0,1634.5,2126.5,1662.5,2379.5,2275.5,2182.0,2410.0,2610.5,2654.5,2656.5,2663.0,3604.5,3047.0,3759.5,3703.5,3794.0,4131.5,4126.0,4144.0,3991.0,4209.0,2089.5,2114.0,612.0,697.5,870.5,905.0,934.5,970.5,1135.5,1109.0,4939.5,5062.5,4649.5,4572.0,4616.0,4919.5,5012.5,5068.0,4734.0,5123.0,2297.0,2130.5,714.5,929.0,1009.5,1266.0,1666.5,1760.0,1837.0,1852.5,2293.0,2053.0,687.5,895.0,902.5,1262.0,1902.0,2126.5,2044.5,2221.0,1063.5,1087.5,228.0,286.0,383.5,407.5,439.0,501.0,535.5,529.5,0.0,0.0,0.0,0.0,0.0,0.0,0.0,0.0,0.0,0.0,2492.5,2037.5,1042.5,1240.0,1223.0,1564.5,2058.5,2167.5,2276.0,2266.0,1557.5,1208.0,278.5,447.5,334.5,608.0,1472.0,1684.5,1751.0,1739.5,1290.0,757.0,144.5,390.5,220.0,615.5,1924.0,2291.0,2362.5,2325.0,0.0,0.0,0.0,0.0,0.0,0.0,0.0,0.0,0.0,0.0,1185.0,608.0,141.0,342.0,153.0,518.5,2485.0,3369.0,3542.0,3419.0,1363.5,698.0,242.5,431.5,228.0,596.0,2654.5,3737.0,4157.0,3799.0,1470.5,686.0,197.0,434.5,228.5,645.0,2987.5,4226.5,4418.0,4366.0,"{""type"":""MultiPoint"",""coordinates"":[]}"
102,2,2426.5,2262.0,476.5,595.0,802.0,922.5,1047.0,1162.5,1299.5,1374.0,3741.5,3548.0,890.0,1089.5,1395.5,1591.5,1629.0,1741.5,1980.5,2001.5,3784.0,3636.0,905.0,1108.0,1407.5,1600.5,1663.5,1814.5,2042.5,2090.5,3883.0,3694.0,1001.0,1216.5,1505.0,1712.0,1831.5,2036.5,2213.0,2284.0,3901.5,3648.5,1036.0,1264.5,1541.0,1764.5,1911.5,2088.0,2332.0,2340.5,3842.5,3520.0,1017.5,1264.5,1501.0,1812.5,2029.5,2245.5,2496.0,2545.5,3398.5,2739.5,780.0,1228.0,1251.5,1819.0,2256.5,2494.0,2740.5,2715.5,3311.5,2667.0,736.0,1079.5,1056.5,1686.0,3027.5,3272.0,3569.0,3504.5,2354.5,1326.5,341.5,719.5,475.0,1202.5,3363.0,3897.0,4102.5,4000.0,2471.0,1365.0,334.5,700.5,409.5,1265.5,4246.0,5175.5,5243.0,5308.0,2360.0,1173.5,294.0,746.5,349.0,1276.0,4824.5,5884.0,6129.0,6139.5,2760.0,2475.5,572.0,729.5,942.5,1086.5,1209.0,1349.5,1490.5,1545.5,2376.0,1175.5,328.5,786.0,364.0,1443.0,5215.5,6519.0,6634.5,6614.5,2338.0,1138.0,358.0,881.5,403.5,1561.0,5215.5,6632.0,6666.0,6655.5,2284.0,1039.5,501.5,979.5,527.5,1588.0,4842.5,5996.0,5978.5,6119.0,2224.5,1037.5,583.0,961.0,559.0,1594.0,4819.0,5689.0,5948.0,6014.5,1991.0,1066.0,427.5,817.0,524.0,1407.5,4265.0,5197.5,5588.0,5322.0,2019.0,1145.0,413.0,745.5,555.0,1407.5,3590.5,4338.5,4645.5,4822.5,2561.0,1529.5,724.0,932.0,1057.5,1789.5,2734.5,3186.5,3570.5,3760.0,3094.5,2034.5,1005.5,1231.0,1682.0,2177.5,2602.0,2981.0,3473.5,3485.5,3030.0,1956.0,1166.5,1311.0,1750.0,2103.5,2383.0,2642.0,3117.0,3182.5,2941.0,1991.0,710.5,976.5,1503.5,1866.5,2092.0,2333.5,2647.5,2733.0,2767.0,2478.0,514.0,694.5,933.5,1058.0,1158.0,1272.0,1454.5,1542.0,3012.0,2593.5,589.5,772.5,1147.5,1335.5,1479.5,1637.5,1875.5,1929.5,2668.5,2537.0,462.0,574.0,777.0,870.0,969.0,1030.5,1263.0,1303.0,2522.5,2309.0,524.0,654.5,848.0,940.5,1001.0,1154.5,1231.5,1263.5,2470.0,2383.5,587.0,675.0,839.5,950.5,946.5,1140.0,1208.5,1257.5,2139.0,1316.0,416.5,519.5,691.0,808.0,897.5,910.0,1094.0,1138.0,0.0,0.0,0.0,0.0,0.0,0.0,0.0,0.0,0.0,0.0,3423.5,3107.0,1067.0,1317.5,1617.0,1749.0,1859.0,2012.5,2258.0,2157.0,3713.0,3568.0,1167.0,1377.5,1655.0,1864.5,1977.0,2090.0,2279.0,2344.0,2636.0,2168.5,758.5,951.5,1143.0,1287.5,1416.0,1511.5,1682.0,1716.5,2866.0,2402.5,840.5,1022.5,1197.5,1425.5,1549.5,1698.0,1881.5,1951.5,3180.5,2726.5,866.0,1088.5,1279.0,1507.0,1684.0,1773.5,1991.0,2104.5,3362.5,3279.0,818.0,971.0,1218.0,1395.0,1445.0,1505.5,1770.0,1766.0,3362.5,3222.0,795.0,964.5,1218.0,1395.0,1449.5,1555.5,1751.0,1823.5,"{""type"":""MultiPoint"",""coordinates"":[]}"
116,204,2899.0,2232.5,491.0,669.5,1026.5,1332.0,1538.0,1712.0,1977.0,2038.5,3212.0,2414.0,730.5,1064.0,1341.0,1698.5,2636.5,2940.0,3157.0,3229.0,2896.5,2201.0,666.5,1007.5,1244.0,1639.0,2767.0,3147.5,3334.5,3427.5,2847.5,2226.5,699.5,1027.5,1267.0,1628.5,2758.0,3259.0,3515.5,3533.0,2891.5,2301.0,761.0,1113.5,1356.0,1700.5,2894.5,3357.5,3621.0,3668.5,2951.5,2288.0,833.5,1115.0,1367.5,1658.0,2855.5,3344.5,3565.0,3668.5,3031.0,2362.0,813.5,1130.5,1433.5,1702.0,2823.0,3346.5,3565.0,3693.5,2943.5,2453.5,821.5,1158.5,1498.5,1695.5,2823.0,3410.5,3625.5,3738.5,3027.5,2493.0,824.0,1170.5,1520.0,1782.5,2796.5,3470.5,3580.5,3777.0,3086.0,2500.5,828.0,1150.5,1519.5,1828.5,2760.0,3429.5,3545.5,3701.5,3080.0,2434.5,804.0,1128.0,1514.0,1653.5,2701.0,3345.5,3419.0,3689.0,3199.5,2740.0,604.5,850.5,1186.0,1343.0,1613.5,1775.0,2092.5,2071.0,3182.0,2476.0,797.0,1118.0,1418.0,1692.0,2681.0,3288.0,3399.0,3608.0,2962.0,2336.0,777.0,1100.0,1429.0,1734.0,2687.0,3142.0,3336.0,3477.0,2941.0,2260.0,958.5,1247.0,1524.5,1898.0,2711.0,3194.0,3328.0,3481.0,2717.5,2145.5,824.0,1126.0,1390.5,1598.5,2542.0,3009.5,3141.0,3318.5,2574.5,1915.0,755.0,1015.0,1252.0,1583.0,2417.0,2816.5,3005.0,3106.5,2526.5,1885.0,675.5,921.0,1203.5,1434.0,2357.0,2755.5,3001.5,3128.0,2506.0,1828.5,707.5,979.0,1246.0,1503.5,2372.0,2826.0,3013.5,3127.0,2223.0,1629.0,572.0,781.5,999.5,1318.5,2230.0,2715.5,2913.5,3103.5,2325.5,1684.5,605.5,918.5,1150.5,1458.5,2466.5,2935.5,3170.0,3229.0,2316.0,1880.0,627.0,930.5,1156.0,1468.5,2626.0,3073.5,3318.0,3428.5,3199.5,2740.0,604.5,850.5,1186.0,1343.0,1613.5,1775.0,2092.5,2071.0,2447.0,1868.0,661.0,1038.5,1279.0,1714.0,2686.5,3117.5,3292.0,3478.0,2592.5,1770.5,751.5,1081.5,1289.0,1863.0,2714.5,3056.5,3303.0,3496.5,3205.0,2592.5,769.5,1029.0,1413.0,1795.5,2055.0,2258.5,2525.0,2643.5,3310.5,2638.5,769.5,1085.5,1483.0,1807.0,2091.0,2258.5,2587.0,2687.0,2296.5,1522.5,1307.0,1380.5,1484.5,1788.0,2095.5,2280.5,2234.5,2506.5,0.0,0.0,0.0,0.0,0.0,0.0,0.0,0.0,0.0,0.0,3163.0,2569.0,542.5,764.5,1173.5,1377.5,1541.5,1698.0,1990.5,2094.0,3384.5,2925.0,596.5,859.5,1244.5,1465.0,1684.0,1913.0,2160.5,2163.5,3415.0,2879.5,637.0,914.0,1326.5,1504.0,1695.0,1980.5,2249.0,2216.0,0.0,0.0,0.0,0.0,0.0,0.0,0.0,0.0,0.0,0.0,3487.0,3017.0,858.5,1109.5,1447.0,1706.5,1940.5,2198.5,2415.0,2474.5,3716.0,3177.5,848.5,1155.0,1582.5,1790.5,2080.0,2328.0,2561.5,2607.0,3923.5,3317.0,883.5,1234.5,1682.0,1960.5,2199.0,2452.5,2703.0,2727.5,"{""type"":""MultiPoint"",""coordinates"":[]}"
436,3,1798.5,1356.0,1285.5,1247.0,1274.0,1371.5,1402.0,1526.0,1658.5,1602.5,3530.0,3358.0,1116.0,1464.0,1838.0,1991.0,2093.0,2180.0,2329.0,2329.0,829.0,800.0,949.0,1161.0,1251.0,1379.0,1186.0,1212.0,1116.0,1091.0,446.5,409.5,610.0,854.0,875.5,1067.5,860.5,913.5,859.5,746.0,114.5,103.5,299.5,538.0,466.5,802.5,779.5,874.5,849.5,738.5,897.0,545.0,624.0,1024.0,707.0,1448.0,2004.0,2068.0,1944.0,1962.0,1217.0,699.0,486.0,762.5,502.0,1103.5,2201.5,2506.0,2501.5,2462.0,1262.0,628.5,264.5,484.0,261.5,755.5,2207.0,2706.0,2817.0,2781.5,1132.5,514.5,226.5,359.5,188.5,523.5,2108.0,3157.0,3184.5,3224.0,1012.0,434.0,144.0,221.0,109.0,348.0,2019.0,3354.0,3478.0,3514.0,1040.0,429.5,181.5,259.0,113.5,373.5,2126.0,3625.5,3745.0,3826.5,2094.5,1682.0,649.0,842.5,926.0,1052.0,1089.0,1172.5,1286.0,1282.0,1150.0,499.0,215.5,391.5,197.0,575.0,2477.5,3967.0,4138.5,4185.0,1324.5,599.5,292.0,659.0,318.0,1102.5,3010.0,4109.0,4363.0,4378.0,1605.0,781.0,1739.0,1875.0,1543.0,2089.0,3350.0,4033.0,4087.0,4249.0,1527.0,704.0,868.5,1208.5,867.0,1791.5,3496.0,4118.5,4274.0,4335.0,1567.0,818.0,597.0,977.0,780.0,1690.0,3088.0,3621.0,3828.0,3905.0,1922.0,1030.0,522.0,1002.0,900.0,1836.0,2942.0,3245.0,3513.0,3600.0,4255.5,2786.5,971.5,1396.5,1907.0,2529.5,2899.0,3211.0,3356.5,3532.0,4170.0,2804.0,1035.0,1435.0,2246.0,2690.0,2881.0,3223.0,3377.0,3641.0,3975.5,2588.0,920.0,1403.0,2153.5,2676.5,2842.5,3116.5,3296.5,3447.0,3143.0,2316.0,3757.0,3765.0,3803.0,4088.0,3937.0,3865.0,4040.0,3826.0,1496.0,1440.0,671.0,711.0,796.0,869.0,941.0,1065.0,960.0,1212.0,2630.0,2108.0,696.0,975.0,1287.0,1544.0,1637.0,1727.0,1762.0,1911.0,2350.0,1792.5,1097.0,1207.0,1431.0,1599.5,1678.0,1815.0,1902.5,1917.0,2659.0,2169.0,674.5,881.5,1188.0,1355.5,1471.5,1568.5,1781.5,1783.5,2690.5,2187.5,801.5,967.5,1281.0,1491.0,1557.5,1687.5,1835.5,1857.5,2716.0,2227.0,675.0,825.0,1104.0,1279.0,1439.0,1513.0,1726.0,1763.0,0.0,0.0,0.0,0.0,0.0,0.0,0.0,0.0,0.0,0.0,2103.0,1593.0,659.0,851.0,966.0,1090.0,1164.0,1236.0,1383.0,1378.0,2132.5,1627.5,641.0,831.0,927.5,1091.5,1172.0,1266.5,1385.5,1401.5,3366.0,3168.0,1071.0,1347.0,1520.0,1700.5,1801.0,1931.5,2100.5,2106.5,0.0,0.0,0.0,0.0,0.0,0.0,0.0,0.0,0.0,0.0,3745.0,3396.5,1215.0,1578.5,1855.5,2014.0,2111.0,2271.0,2391.0,2454.0,2395.0,2373.5,615.5,791.5,1011.0,1116.5,1164.0,1256.0,1384.5,1371.0,2777.0,2715.0,762.0,1043.0,1306.0,1429.0,1485.0,1629.0,1750.0,1770.0,"{""type"":""MultiPoint"",""coordinates"":[]}"
441,111,2733.0,2340.0,498.0,875.0,1493.0,1662.0,1699.0,1764.0,1794.0,1748.0,2443.0,2210.5,559.0,916.5,1569.0,1768.0,1803.0,1834.5,1849.0,1793.0,3308.5,3034.5,937.0,1409.0,2238.5,2451.5,2450.5,2535.5,2590.0,2527.5,3605.0,3484.0,798.0,1344.0,2317.0,2539.0,2667.0,2566.0,2700.0,2648.0,4069.0,3771.0,852.5,1384.0,2396.0,2769.5,2727.5,2862.5,2829.0,2762.5,4449.0,4016.0,839.0,1428.0,2499.0,2877.0,2977.0,3026.0,2941.0,2993.0,4551.5,4206.0,851.5,1421.0,2508.0,2873.5,2950.5,3042.0,3039.0,3003.5,4587.0,4231.0,851.0,1437.5,2559.0,2924.0,2984.5,3071.5,3067.5,3042.5,4639.5,4221.5,870.0,1462.0,2554.5,2919.5,2977.5,3105.0,3025.5,3064.0,4608.0,4095.0,834.0,1396.0,2525.0,2845.0,2954.0,3058.0,3105.0,3047.0,4688.0,4236.0,944.0,1448.0,2489.5,2847.5,2938.5,3077.5,3063.0,3100.5,3155.5,2819.0,512.5,930.5,1633.0,1858.5,1900.5,1971.5,2041.5,1955.5,4625.0,4302.0,953.0,1462.0,2503.0,2823.0,2933.0,3035.0,3114.0,3038.0,4310.5,3969.5,4240.5,4327.0,4521.0,4558.0,4001.0,3743.5,3677.0,3518.0,4412.5,3981.5,1451.0,1730.5,2317.0,2613.5,2729.0,2863.5,2865.5,2915.5,4371.0,3910.0,1288.0,1581.0,2276.0,2561.5,2718.5,2844.5,2884.0,2883.0,4373.0,3892.0,822.5,1378.0,2421.0,2723.0,2842.5,2987.0,3057.5,2967.0,4130.5,3699.0,757.5,1256.5,2212.0,2486.0,2634.5,2738.0,2765.5,2731.0,4089.5,3638.5,756.0,1247.5,2178.0,2482.5,2606.5,2732.0,2777.0,2753.0,3953.0,3622.0,691.0,1184.0,2107.0,2361.0,2455.0,2587.0,2627.0,2573.0,3799.5,3381.5,656.5,1128.0,1985.0,2234.0,2365.5,2446.5,2550.5,2479.0,0.0,0.0,0.0,0.0,0.0,0.0,0.0,0.0,0.0,0.0,0.0,0.0,0.0,0.0,0.0,0.0,0.0,0.0,0.0,0.0,3637.0,3459.0,1797.0,2037.0,2287.0,2474.0,2531.0,2678.0,2718.0,2799.0,3054.0,2399.0,3465.0,3319.0,3244.0,3439.0,3373.0,3425.0,3418.0,3335.0,2482.0,2157.0,434.0,740.0,1298.0,1460.0,1557.0,1602.0,1675.0,1597.0,3247.0,2949.0,594.0,980.0,1702.0,1914.0,2001.0,2118.0,2173.0,2111.0,2639.0,2300.0,447.0,798.0,1418.0,1572.0,1660.0,1744.0,1829.0,1754.0,1604.0,1364.0,286.0,513.0,923.0,1009.0,1078.0,1102.0,1162.0,1126.0,0.0,0.0,0.0,0.0,0.0,0.0,0.0,0.0,0.0,0.0,0.0,0.0,0.0,0.0,0.0,0.0,0.0,0.0,0.0,0.0,3855.5,3621.0,638.5,1163.5,2079.0,2341.0,2391.0,2498.0,2559.0,2484.0,3839.0,3650.0,760.0,1242.0,2098.0,2423.0,2457.0,2528.0,2536.0,2563.0,2619.0,2258.0,1591.0,1915.0,2137.0,2297.0,2310.0,2350.0,2399.0,2328.0,3922.0,3619.5,756.5,1301.0,2239.0,2579.5,2651.5,2704.0,2727.5,2694.5,4053.0,3646.0,769.0,1314.0,2302.0,2686.0,2667.0,2745.0,2805.0,2803.0,"{""type"":""MultiPoint"",""coordinates"":[]}"
458,69,2390.5,2269.0,598.0,648.5,809.5,957.5,1061.5,1145.0,1247.5,1352.0,3669.5,3354.5,871.0,1145.5,1374.5,1631.0,1864.5,2005.0,2205.0,2223.5,3660.0,3332.0,912.0,1192.0,1376.5,1689.5,2165.5,2385.5,2623.0,2573.5,3561.0,3160.0,836.5,1148.0,1270.0,1649.5,2384.5,2664.0,2896.5,2861.5,3422.0,2872.5,759.0,1128.5,1136.0,1653.0,2822.0,3198.0,3428.0,3399.0,3417.0,2733.5,734.0,1134.5,1094.5,1710.5,3117.0,3535.0,3749.5,3747.5,3393.0,2622.0,719.5,1119.5,1086.5,1651.0,3186.5,3706.0,3966.0,3891.0,3428.0,2733.0,759.0,1147.0,1127.5,1688.0,3171.5,3646.5,3856.5,3860.5,3437.0,2747.0,776.5,1116.5,1147.5,1677.5,3011.0,3460.5,3645.5,3702.0,3597.0,2975.5,783.0,1111.5,1179.5,1677.0,2915.5,3414.0,3500.0,3625.0,3620.0,2994.0,775.5,1133.0,1232.0,1694.5,2820.0,3310.0,3422.0,3576.5,3144.5,3063.0,681.5,815.0,1042.0,1203.5,1360.0,1510.5,1705.5,1768.0,3621.0,3017.5,777.0,1122.0,1234.0,1694.5,2719.5,3172.0,3282.5,3462.0,3675.0,3010.0,746.0,1098.5,1216.0,1703.5,2703.0,3093.5,3219.0,3352.0,3733.0,2914.0,774.5,1105.5,1298.0,1808.0,2605.5,2997.0,3194.0,3334.5,3521.5,2747.0,778.5,1039.0,1252.0,1708.5,2466.0,2791.0,3003.0,3166.0,3272.5,2545.5,696.0,1007.5,1186.5,1621.0,2275.0,2604.0,2855.5,2938.5,3038.5,2289.0,677.0,916.0,1091.5,1478.0,2080.0,2357.0,2627.0,2693.5,2874.0,2260.0,707.0,921.0,1078.0,1448.0,2002.0,2293.0,2513.0,2582.0,2813.5,2095.0,644.0,868.0,1052.0,1409.5,1939.5,2188.0,2411.5,2509.0,2545.5,1902.0,491.5,723.5,853.5,1266.5,1787.5,2015.5,2225.5,2329.5,2249.0,1610.0,447.0,641.0,761.0,1178.5,1676.5,1893.5,2073.5,2196.5,2912.5,2633.5,566.5,728.0,934.0,1132.0,1307.5,1461.0,1662.5,1720.0,2295.0,1612.5,368.5,579.0,679.5,1139.5,1600.0,1779.0,1913.5,2064.0,2227.0,1605.0,502.0,696.5,792.0,1213.5,1588.5,1766.0,1892.0,2001.5,2554.0,2080.0,591.0,767.0,909.5,1277.0,1489.0,1671.0,1795.0,1872.5,2669.0,2144.0,582.0,780.0,977.5,1327.0,1526.5,1720.0,1860.5,1922.0,2723.0,1865.5,2471.5,2359.5,2249.0,2522.5,2682.0,2786.0,3139.0,2881.0,0.0,0.0,0.0,0.0,0.0,0.0,0.0,0.0,0.0,0.0,3115.0,2728.0,659.0,875.5,1026.0,1306.0,1645.5,1790.5,1942.5,2021.0,3251.0,2933.0,680.0,913.0,1054.0,1375.0,1729.0,1886.0,2007.0,2128.0,3444.0,3230.0,704.0,950.0,1225.0,1352.0,1463.0,1580.0,1771.0,1796.0,3162.5,2802.5,697.0,864.5,1117.5,1261.0,1330.5,1488.0,1668.0,1737.5,3819.0,3559.0,949.5,1175.0,1480.0,1667.0,1776.0,1933.5,2133.0,2178.5,4092.5,3920.5,1110.0,1385.5,1724.5,1940.5,2074.0,2221.5,2462.0,2461.0,4115.0,3834.5,1100.5,1392.0,1737.5,1972.5,2098.0,2245.5,2476.0,2490.5,"{""type"":""MultiPoint"",""coordinates"":[]}"
559,3,3098.0,2555.5,779.0,1051.5,1420.5,1627.0,1635.0,1832.0,1972.0,1995.5,3478.5,3252.0,1209.0,1546.0,1907.5,2088.0,2145.5,2260.0,2409.5,2427.5,352.0,208.5,771.5,832.0,675.5,702.0,487.5,530.0,1066.5,384.0,232.5,215.5,482.0,650.5,711.5,786.5,548.5,629.0,599.0,491.0,183.0,142.0,298.0,509.5,449.5,681.5,531.5,631.0,593.0,488.0,912.0,593.0,707.5,1017.5,862.0,1359.0,1562.5,1575.5,1568.5,1565.0,977.0,589.0,380.0,622.0,433.0,957.0,1619.0,1770.5,1784.5,1824.5,956.5,538.0,284.5,489.0,346.0,801.5,1500.5,1781.0,1744.5,1762.5,956.5,508.5,209.5,349.5,204.0,550.0,1600.5,2165.0,2150.5,2237.0,952.5,450.5,128.0,283.0,141.5,459.5,1866.0,2754.5,2809.0,2828.5,1016.0,480.0,173.5,323.0,158.5,493.5,2075.5,3130.5,3155.0,3257.0,3286.0,2799.5,839.5,1082.0,1455.5,1657.5,1724.5,1857.5,2063.5,2043.0,1085.0,517.0,176.0,340.0,144.0,543.5,2317.0,3564.5,3681.5,3761.0,1520.0,703.5,1584.5,1844.5,1436.0,2099.0,3492.0,4202.5,4352.5,4361.0,1663.5,837.5,2164.0,2233.5,1970.0,2420.0,3143.5,3568.0,3598.0,3727.0,1548.5,813.0,872.0,1253.5,1026.0,2008.5,3212.0,3749.5,3904.5,3960.5,1742.0,1012.0,441.0,1011.5,991.5,1972.5,2968.5,3278.0,3533.0,3552.5,1986.5,1200.5,581.5,1079.5,1182.0,2017.0,2723.5,3005.5,3190.0,3303.5,4261.5,2975.5,1657.0,2011.5,2473.5,3011.5,3247.5,3481.0,3785.0,3839.5,4342.0,3024.0,1388.0,1935.0,2770.5,3115.0,3298.5,3529.5,3880.5,3870.0,1886.5,1796.0,360.5,516.0,737.0,836.0,914.0,1014.0,1100.5,1183.5,0.0,0.0,0.0,0.0,0.0,0.0,0.0,0.0,0.0,0.0,0.0,0.0,0.0,0.0,0.0,0.0,0.0,0.0,0.0,0.0,1342.0,999.0,407.5,509.5,680.5,796.0,860.0,917.5,965.0,1020.5,0.0,0.0,0.0,0.0,0.0,0.0,0.0,0.0,0.0,0.0,1879.0,1552.5,535.0,740.5,864.0,1047.5,1165.5,1220.5,1297.5,1305.0,2432.5,2186.0,1260.0,1363.5,1487.0,1721.0,1784.5,1837.0,1947.0,1966.5,2049.0,1820.5,550.0,732.5,939.0,1126.0,1242.5,1339.5,1441.5,1453.0,0.0,0.0,0.0,0.0,0.0,0.0,0.0,0.0,0.0,0.0,0.0,0.0,0.0,0.0,0.0,0.0,0.0,0.0,0.0,0.0,3227.5,2664.0,883.0,1099.0,1462.0,1681.5,1786.5,1945.0,2059.5,2188.5,3572.5,2962.5,937.5,1200.5,1568.5,1780.5,1987.0,2099.0,2313.0,2335.0,3637.5,3031.5,1032.0,1283.5,1670.0,1903.0,2074.0,2261.5,2433.5,2452.5,2838.5,2363.5,883.0,1137.0,1451.0,1627.5,1716.0,1793.0,1956.0,1960.5,2802.0,2508.0,768.0,1027.5,1354.5,1482.5,1560.5,1663.0,1855.0,1833.0,3085.0,2826.0,905.5,1200.5,1524.0,1685.5,1745.5,1859.5,1971.5,2035.0,"{""type"":""MultiPoint"",""coordinates"":[]}"
573,22,2012.5,1442.0,583.5,893.0,970.0,1334.5,2247.5,2536.0,2604.5,2558.0,1098.0,490.0,246.0,421.0,301.0,649.0,2208.0,3250.0,3653.0,3635.0,1213.0,596.5,287.0,491.5,428.5,828.0,1945.0,2579.5,2900.0,2978.5,2675.0,1502.0,666.0,932.0,1354.0,1665.0,1903.0,2194.0,2475.0,2719.0,4244.5,2792.0,1241.5,1660.0,2467.0,2866.5,3069.0,3361.5,3721.5,3897.0,5160.0,3636.0,1733.0,2361.0,3480.0,3897.0,4145.0,4395.0,4667.0,4829.0,5172.0,3831.0,1797.0,2413.0,3550.0,3979.0,4084.0,4395.0,4676.0,4761.0,3160.0,2841.0,1372.0,1735.0,2298.5,2515.5,2556.5,2657.0,2674.5,2740.5,3452.5,3112.5,1575.5,1958.0,2547.0,2823.0,2832.0,2954.0,2863.0,3033.0,3238.0,2816.0,1421.0,1807.0,2374.0,2631.0,2615.0,2715.0,2585.0,2812.0,3213.0,2864.5,1424.5,1776.5,2361.5,2614.5,2567.5,2703.5,2558.5,2765.0,1874.0,1151.0,439.0,740.0,632.0,1072.0,2588.0,3050.0,3215.0,3100.0,2979.0,2623.0,1195.0,1576.0,2148.0,2386.0,2407.0,2485.0,2409.0,2577.0,2169.0,1834.0,958.5,1248.0,1675.0,1894.0,1914.5,2032.5,1983.0,2062.5,2572.0,2066.5,1033.0,1347.0,1783.0,2040.0,2042.0,2152.0,2070.0,2243.0,2892.0,2469.0,1251.0,1600.0,2193.0,2380.0,2320.0,2405.0,2381.0,2443.0,2862.0,2491.5,1096.5,1424.5,1946.5,2185.0,2173.5,2317.0,2228.0,2398.0,2704.5,2420.0,1062.5,1353.0,1807.0,2047.0,2062.0,2178.5,2100.0,2260.5,1894.5,1614.0,737.5,958.5,1327.0,1457.0,1445.0,1548.0,1537.0,1613.5,2060.0,1787.0,865.0,1094.0,1461.0,1606.0,1666.0,1752.0,1765.0,1805.0,2241.0,1960.0,912.0,1174.0,1536.0,1724.0,1898.0,1969.0,2082.0,2055.0,1725.0,1260.0,635.5,988.0,977.5,1463.5,2529.5,2727.5,2741.0,2759.5,1434.0,656.0,80.0,359.0,143.0,658.0,3022.0,3928.0,3963.0,4022.0,1295.0,604.0,322.0,739.0,372.0,1115.0,3641.0,4161.0,4155.0,4171.0,1255.0,552.0,329.0,713.0,297.0,1019.0,3901.0,4593.0,4611.0,4555.0,767.5,336.0,106.0,384.0,150.0,635.5,2788.5,3388.5,3484.0,3368.0,1112.5,475.5,206.0,541.5,214.5,845.0,4112.0,5209.5,5313.0,5169.0,1187.5,514.0,222.5,546.5,211.5,881.5,4233.5,5336.5,5598.0,5341.5,1250.0,545.0,201.0,575.0,231.0,939.0,4432.0,5542.0,5658.0,5546.0,1384.0,590.0,190.0,331.0,173.0,534.0,2813.0,4066.0,4247.0,4151.0,1077.0,451.0,88.0,239.0,91.0,405.0,2740.0,4367.0,4613.0,4525.0,1026.0,415.0,124.5,241.5,103.5,368.0,2617.5,4431.5,4750.0,4598.0,1025.0,413.0,146.0,224.0,108.0,363.0,2561.0,4561.0,4908.0,4750.0,1012.5,431.0,178.0,299.0,170.0,451.0,2639.0,4606.0,4920.0,4844.0,2722.0,1947.0,1643.0,1529.0,1358.0,1755.0,3250.0,4641.0,4840.0,4863.0,1033.0,456.0,218.0,367.0,248.0,544.0,2425.0,4015.0,4273.0,4303.0,"{""type"":""MultiPoint"",""coordinates"":[]}"
617,205,1314.5,720.5,202.0,415.5,245.0,704.5,2828.0,3625.5,3846.0,3780.0,1720.5,929.0,468.5,792.5,612.0,1208.5,2920.5,3894.0,4179.5,4260.0,4230.0,3455.0,1111.0,1522.0,2008.0,2383.0,2420.0,2621.0,2925.0,3078.0,4087.5,3441.0,1157.0,1548.5,2066.5,2383.5,2504.5,2720.5,2904.0,3014.0,3927.0,3369.0,1144.0,1507.0,2038.0,2290.0,2499.0,2698.0,2909.0,2999.0,4602.0,3742.0,1431.0,1835.0,2383.0,2567.0,2625.0,2797.0,2923.0,2999.0,4959.5,4804.5,1493.5,1928.5,2518.0,2716.5,2799.5,3007.0,3198.5,3275.5,5017.0,4928.0,1556.0,2018.0,2640.0,2854.0,2886.0,3066.0,3336.0,3352.0,4971.0,4870.0,1515.0,1949.0,2588.0,2814.0,2806.0,2944.0,3158.0,3233.0,4971.0,4870.0,1502.0,1949.0,2588.0,2801.0,2808.0,3011.0,3179.0,3213.0,4879.0,4779.0,1500.0,1922.0,2531.0,2718.0,2772.0,3011.0,3039.0,3192.0,1504.0,832.5,285.0,511.5,315.0,728.5,2753.0,3603.5,3798.5,3805.5,4838.0,4747.0,1462.0,1909.0,2422.0,2673.0,2729.0,2930.0,3009.0,3135.0,4359.0,4266.0,1452.0,1799.0,2237.0,2514.0,2652.0,2871.0,2874.0,3097.0,4313.0,4134.0,1683.0,1916.0,2170.0,2451.0,2597.0,2820.0,2894.0,2860.0,4311.0,4162.0,1427.5,1811.5,2209.0,2425.0,2596.0,2794.5,2893.5,2969.5,4309.0,4190.0,1358.0,1749.0,2249.0,2440.0,2619.0,2751.0,3008.0,3021.0,4306.0,4212.0,1346.0,1716.0,2230.0,2440.0,2562.0,2773.0,2908.0,2969.0,4606.0,4389.0,1480.0,1857.0,2236.0,2544.0,2697.0,2902.0,2969.0,3146.0,4594.0,4281.0,1398.0,1753.0,2219.0,2515.0,2568.0,2840.0,2846.0,3057.0,4462.0,4160.5,1357.0,1798.5,2328.0,2500.0,2663.5,2847.0,2997.5,3066.0,1968.5,1710.0,648.5,770.5,977.5,1057.0,1121.5,1236.5,1297.0,1337.5,1485.5,781.5,171.0,414.0,245.0,726.5,2902.5,3842.5,4070.0,4067.5,4417.0,4025.0,1263.0,1679.0,2148.0,2462.0,2553.0,2749.0,2907.0,3003.0,4541.5,4292.0,1476.5,1841.5,2225.0,2525.5,2783.0,2961.0,3163.0,3234.0,4319.0,4292.0,1171.0,1475.0,1865.0,2066.0,2245.0,2466.0,2708.0,2688.0,4568.0,4530.5,1169.5,1555.5,2042.0,2238.5,2385.5,2609.5,2810.0,2861.0,2633.0,2115.0,485.0,788.0,1122.0,1216.0,1253.0,1374.0,1631.0,1602.0,2699.0,2038.0,932.0,1099.0,1260.0,1563.0,1647.0,1791.0,1877.0,1910.0,1534.5,765.0,127.5,390.5,160.5,646.5,3310.5,4685.0,4804.5,4811.5,3251.0,2478.5,2123.5,2184.0,2068.0,2398.0,3944.5,4808.5,5074.5,4956.0,1494.5,732.5,47.5,254.5,113.5,527.0,3036.5,4537.5,4883.0,4784.5,1525.0,790.0,116.5,340.0,168.5,562.5,3157.0,4554.0,4891.0,4843.0,1307.5,625.5,95.0,323.5,147.0,533.0,3063.5,4575.5,4901.0,4851.5,1267.0,684.0,106.0,349.0,182.0,603.0,3055.0,4644.0,4919.0,4907.0,1561.0,800.0,204.0,500.0,293.0,793.0,3225.0,4650.0,4995.0,5051.0,"{""type"":""MultiPoint"",""coordinates"":[]}"
624,75,2830.0,2362.0,653.0,862.0,1266.0,1469.0,1539.0,1735.0,1973.0,2000.0,4319.0,3894.0,1153.0,1636.0,2217.0,2444.0,2535.0,2684.0,2941.0,2954.0,4578.0,4264.0,1258.0,1776.0,2434.0,2658.0,2682.0,2860.0,3131.0,3085.0,4392.5,4067.0,1191.5,1664.0,2280.5,2485.0,2560.0,2757.5,2951.0,2975.0,4108.0,3757.0,1116.0,1569.5,2146.5,2346.0,2421.0,2607.0,2831.5,2838.5,4563.0,4119.0,1264.0,1793.0,2449.5,2687.0,2785.5,2928.0,3132.5,3179.0,4397.0,4044.0,1184.0,1641.0,2243.0,2473.0,2583.0,2785.0,3080.0,3059.0,4397.0,3990.0,1184.0,1641.0,2239.0,2473.0,2583.0,2785.0,3080.0,3059.0,4892.0,4330.0,1347.0,1878.0,2542.0,2893.0,2964.0,3144.0,3358.0,3451.0,4523.0,4113.5,1137.0,1598.0,2213.5,2484.0,2559.5,2783.0,2874.0,3051.5,4045.5,3702.0,972.0,1390.0,1948.0,2200.5,2310.5,2499.5,2626.0,2743.0,3748.5,3531.5,835.5,1084.5,1530.0,1767.5,1898.0,2066.5,2217.5,2314.0,4501.0,4062.0,1131.0,1598.0,2202.5,2490.5,2690.5,2929.0,3097.5,3209.5,4267.0,3720.0,1134.0,1556.0,2148.0,2386.0,2548.0,2741.0,2985.0,3017.0,3955.0,3496.0,1103.0,1479.0,1968.0,2261.0,2569.0,2825.0,2881.0,3048.0,3658.0,3190.0,1149.0,1511.0,1906.0,2298.0,2713.0,3010.0,3218.0,3220.0,3701.0,3351.0,930.0,1349.0,1763.0,2054.0,2536.0,2772.0,3002.0,3023.0,3589.0,3168.0,895.0,1278.0,1647.0,1996.0,2559.0,2842.0,2997.0,3102.0,3809.5,3253.5,982.5,1385.5,1783.5,2190.0,2682.0,2981.5,3202.5,3205.5,3701.0,3214.5,958.0,1343.0,1759.0,2119.0,2595.0,2864.0,3083.0,3077.0,3429.5,2865.5,871.5,1261.0,1653.5,1995.0,2541.5,2787.5,3052.0,3075.0,2349.0,2058.0,643.0,961.0,1205.0,1623.0,2083.0,2333.0,2744.0,2563.0,3530.5,3205.0,661.0,1008.0,1519.0,1717.5,1852.0,2014.0,2264.5,2289.0,3274.5,2755.5,687.0,1013.0,1332.5,1668.5,2207.0,2469.5,2653.0,2690.5,3445.0,3146.0,731.0,1050.0,1428.0,1714.0,2097.0,2310.0,2562.0,2551.0,3917.0,3668.5,958.0,1309.5,1735.0,2028.5,2297.0,2512.0,2731.0,2769.0,3995.0,3808.0,934.0,1301.0,1761.0,2076.0,2316.0,2572.0,2741.0,2809.0,2496.0,1912.5,572.5,850.0,1197.0,1439.0,1666.5,1807.0,1982.0,2031.0,0.0,0.0,0.0,0.0,0.0,0.0,0.0,0.0,0.0,0.0,4421.0,3912.0,1293.0,1900.0,2587.0,2856.0,2946.0,3070.0,3464.0,3342.0,4545.0,4205.5,1304.0,1777.5,2402.0,2707.5,2749.0,2935.0,3123.5,3169.5,3823.0,3497.0,887.0,1341.0,1820.0,2033.0,2158.0,2264.0,2541.0,2515.0,3763.0,3273.5,962.5,1328.0,1863.0,2097.5,2216.0,2391.0,2644.0,2673.5,3170.5,2489.0,778.0,1091.5,1572.0,1790.0,1902.5,2070.0,2316.0,2354.0,3988.0,3670.0,935.0,1363.0,1927.0,2116.0,2202.0,2332.0,2609.0,2584.0,4089.0,3776.5,1041.0,1458.5,2031.0,2232.0,2305.0,2443.0,2768.5,2721.5,"{""type"":""MultiPoint"",""coordinates"":[]}"
628,3,842.0,459.0,212.0,394.0,717.0,902.0,1010.0,1106.0,1235.0,1327.0,3690.0,3151.0,779.0,1108.0,1609.0,1806.0,1905.0,2067.0,2266.0,2264.0,3463.5,2943.0,1097.0,1422.5,1845.0,2013.5,2062.5,2199.5,2504.5,2375.0,4660.0,4270.0,1227.0,1697.0,2362.0,2618.0,2688.0,2906.0,3079.0,3111.0,113.5,79.5,212.5,414.0,531.0,806.0,561.5,637.0,571.0,441.5,230.5,164.5,232.0,443.0,503.0,833.0,798.0,921.5,905.5,856.0,805.5,497.0,426.0,667.0,546.5,1006.0,1487.5,1664.5,1683.5,1615.0,1216.0,660.0,290.5,534.5,335.0,900.5,2010.5,2365.0,2411.0,2421.5,1236.5,601.0,222.5,393.0,244.0,640.5,2143.5,2968.5,2989.0,3018.5,1150.0,483.0,131.0,258.0,120.0,400.0,2277.0,3946.0,4161.0,4065.0,1167.0,484.5,345.5,425.5,255.0,535.0,2419.0,4167.0,4316.0,4392.0,2835.5,2043.5,449.0,713.5,1177.5,1409.0,1551.5,1726.0,1962.5,1974.5,1147.0,470.0,304.0,387.0,222.0,497.0,2370.0,4202.0,4383.0,4433.0,1402.5,555.0,1324.0,1456.5,1130.0,1514.5,3274.5,4696.0,4911.0,4936.5,1546.5,697.0,1150.0,1367.5,970.0,1670.5,3414.0,4459.5,4545.5,4705.5,1630.0,760.0,871.5,1172.5,787.0,1664.0,3558.0,4505.0,4736.5,4770.0,1657.0,819.0,379.0,880.0,570.0,1596.0,3551.0,4406.0,4762.0,4703.0,1886.5,1000.0,499.5,1000.5,866.0,1864.0,3304.5,3856.0,4165.5,4276.5,2521.0,1443.0,630.5,1267.0,1279.0,2421.0,3561.0,4049.5,4437.0,4546.5,2895.0,1818.0,789.0,1415.0,1595.0,2652.0,3530.0,3961.0,4378.0,4463.0,3841.0,2559.0,1028.0,1597.5,2138.0,2842.0,3331.5,3654.5,4156.5,4172.5,1191.0,855.0,1301.0,1321.0,1384.0,1537.0,1559.0,1594.0,1603.0,1637.0,0.0,0.0,0.0,0.0,0.0,0.0,0.0,0.0,0.0,0.0,2295.0,1719.0,878.0,1069.0,1433.0,1671.0,1678.0,1827.0,1905.0,2012.0,4657.0,4337.0,4932.0,4779.0,4758.0,4980.0,4823.0,4923.0,4680.0,4921.0,301.0,186.0,501.5,786.0,1124.5,1482.0,1444.5,1511.0,1531.0,1413.0,0.0,0.0,0.0,0.0,0.0,0.0,0.0,0.0,0.0,0.0,1685.0,1008.0,477.0,779.0,1133.0,1454.0,1627.0,1793.0,1970.0,1888.0,0.0,0.0,0.0,0.0,0.0,0.0,0.0,0.0,0.0,0.0,1177.0,922.0,1041.0,1088.0,1203.0,1315.0,1344.0,1438.0,1486.0,1490.0,3308.0,2411.0,492.0,781.0,1219.0,1552.0,1698.0,1889.0,2139.0,2233.0,3951.5,3066.0,578.5,940.5,1407.5,1692.0,1870.0,2101.5,2432.5,2424.5,4324.0,3534.0,816.0,1150.0,1610.0,1909.0,2156.0,2339.0,2638.0,2685.0,4014.0,2940.0,694.0,1006.0,1389.0,1735.0,2042.0,2220.0,2545.0,2569.0,4417.0,3487.5,781.5,1153.5,1549.5,1901.0,2285.0,2527.0,2837.0,2871.0,3393.0,2909.0,622.0,938.0,1370.0,1570.0,1659.0,1810.0,2013.0,2003.0,"{""type"":""MultiPoint"",""coordinates"":[]}"
658,3,1870.0,1561.0,543.0,721.0,918.0,1134.0,1264.0,1294.0,1313.0,1405.0,2391.0,2039.5,790.5,969.0,1212.0,1396.0,1484.5,1602.0,1766.0,1823.5,0.0,0.0,0.0,0.0,0.0,0.0,0.0,0.0,0.0,0.0,2537.0,2282.0,1092.0,1245.0,1507.0,1658.0,1731.0,1736.0,1897.0,1911.0,406.0,288.5,416.0,569.0,682.0,700.5,502.0,823.5,674.5,648.0,643.0,516.0,602.0,848.0,771.0,1149.0,1133.0,1208.0,1023.0,943.0,915.0,594.0,405.0,683.0,504.5,1088.5,1343.0,1464.5,1426.0,1388.5,1026.0,651.5,314.0,560.5,417.0,785.0,1370.0,1559.5,1570.0,1630.5,1621.0,923.5,255.5,497.0,322.5,693.5,1896.0,2423.5,2423.0,2525.0,1102.0,624.0,156.0,282.0,144.0,411.0,1966.0,3232.0,3254.0,3235.0,1140.0,582.5,176.5,279.0,142.5,417.5,2071.5,3528.5,3634.5,3671.5,2069.0,1682.0,534.0,757.0,949.0,1150.0,1247.0,1331.0,1507.0,1527.0,1104.0,520.0,164.0,274.0,127.0,432.0,2021.0,3815.0,3891.0,3791.0,1473.5,766.0,1712.0,1781.0,1482.0,1681.0,3052.5,4369.0,4566.0,4671.5,1576.5,822.5,1510.5,1593.0,1314.0,1782.0,2995.5,3942.0,4036.5,4259.0,1510.0,765.5,899.5,1157.0,805.5,1607.0,3343.5,4541.0,4695.0,4801.0,1568.0,832.0,360.5,856.5,586.0,1517.5,3506.5,4393.5,4664.5,4657.5,2974.5,1950.0,1066.0,1623.5,2075.0,3001.0,3829.0,4397.0,4616.5,4696.0,4596.5,3164.5,1598.5,2320.0,3430.0,4108.0,4383.5,4778.0,5068.0,5262.5,5148.0,3548.0,1737.0,2378.0,3428.0,3929.0,4176.0,4612.0,5011.0,5026.0,2418.0,2067.5,770.5,1023.5,1386.0,1551.0,1631.5,1720.0,1826.0,1896.5,1358.0,999.0,982.0,1065.0,1144.0,1314.0,1388.0,1511.0,1497.0,1634.0,0.0,0.0,0.0,0.0,0.0,0.0,0.0,0.0,0.0,0.0,1733.0,1278.0,628.0,714.0,874.0,1160.0,1090.0,1322.0,1274.0,1363.0,0.0,0.0,0.0,0.0,0.0,0.0,0.0,0.0,0.0,0.0,1864.5,1412.5,515.0,700.5,741.5,1091.5,1509.0,1612.0,1651.0,1728.5,1958.0,1506.0,663.0,790.0,783.0,1234.0,1870.0,1959.0,1896.0,2216.0,1949.0,1346.0,319.0,584.0,463.0,999.0,1864.0,2024.0,2229.0,2424.0,0.0,0.0,0.0,0.0,0.0,0.0,0.0,0.0,0.0,0.0,0.0,0.0,0.0,0.0,0.0,0.0,0.0,0.0,0.0,0.0,1962.0,1435.0,414.0,629.0,618.0,1064.0,1622.0,1952.0,1964.0,2127.0,2268.5,1698.5,480.0,760.5,769.0,1221.0,1866.0,2143.0,2225.0,2231.5,2363.0,1806.0,591.0,835.0,920.0,1316.0,1922.0,2117.0,2182.0,2275.0,2292.5,1612.0,767.0,973.0,940.0,1386.0,2208.5,2575.0,2508.0,2668.0,3409.5,2649.0,1981.0,2195.0,2262.5,2711.5,3478.0,3747.0,3845.5,3857.0,2356.0,1864.0,647.0,860.0,1042.0,1419.0,1768.0,1999.0,1970.0,2166.0,"{""type"":""MultiPoint"",""coordinates"":[]}"
685,61,2215.0,1895.0,715.0,1043.5,1268.5,1404.5,1425.5,1514.5,1569.5,1550.0,3696.0,3249.5,1358.5,1900.5,2272.5,2528.0,2631.5,2735.0,2863.5,2808.5,3194.0,2875.0,1095.0,1562.0,1880.0,2060.0,2106.0,2178.0,2322.0,2256.0,3243.0,2855.0,1095.0,1594.0,1940.0,2131.0,2173.0,2261.0,2322.0,2308.0,3248.0,2941.5,1189.5,1655.0,2005.5,2174.0,2223.5,2317.0,2437.0,2368.0,3253.0,2917.0,1222.0,1681.0,2028.0,2201.0,2244.0,2341.0,2443.0,2384.0,3296.0,2917.0,1244.0,1747.0,2087.0,2246.0,2290.0,2398.0,2445.0,2414.0,3338.0,2984.0,1268.0,1761.0,2100.0,2303.0,2325.0,2412.0,2476.0,2435.0,3338.0,3039.0,1241.0,1764.0,2100.0,2315.0,2325.0,2436.0,2446.0,2435.0,3379.0,3039.0,1223.0,1752.0,2097.0,2319.0,2322.0,2447.0,2415.0,2484.0,3382.0,3027.0,1205.0,1747.0,2100.0,2315.0,2314.0,2447.0,2420.0,2470.0,2466.0,2154.5,805.0,1162.0,1396.0,1544.5,1558.5,1635.0,1682.0,1671.0,3383.5,3027.0,1192.5,1728.0,2077.0,2304.0,2296.0,2437.5,2408.0,2475.5,3317.0,2964.0,1164.0,1701.0,2054.0,2292.0,2282.0,2369.0,2396.0,2418.0,3352.0,2906.0,1164.0,1667.0,2019.0,2230.0,2276.0,2369.0,2382.0,2438.0,3235.0,2891.0,1181.0,1639.0,1967.0,2173.0,2208.0,2293.0,2344.0,2333.0,3132.0,2816.0,1124.0,1590.0,1930.0,2118.0,2132.0,2223.0,2291.0,2275.0,3073.0,2725.0,1119.0,1580.0,1901.0,2061.0,2111.0,2173.0,2230.0,2219.0,3020.0,2657.0,1097.0,1524.0,1842.0,2022.0,2036.0,2131.0,2194.0,2147.0,2996.0,2636.0,1097.0,1519.0,1836.0,1994.0,2010.0,2091.0,2221.0,2135.0,2762.0,2418.0,868.0,1284.0,1581.0,1763.0,1803.0,1880.0,1964.0,1931.0,2312.0,2106.0,827.5,1137.0,1362.0,1503.5,1508.5,1625.5,1623.5,1666.0,2590.0,2221.5,715.0,1107.5,1397.0,1546.5,1601.5,1665.5,1781.5,1745.0,3209.0,2859.0,1095.0,1580.0,1911.0,2135.0,2149.0,2283.0,2300.0,2283.0,3209.0,2869.0,1114.0,1624.0,1947.0,2135.0,2171.0,2283.0,2364.0,2297.0,2907.0,2524.0,982.5,1429.5,1720.5,1889.0,1904.5,1968.0,2074.0,2044.5,2923.0,2536.5,970.0,1407.0,1714.0,1876.0,1902.5,1983.5,2053.0,2044.5,3039.0,1802.0,4196.0,4087.0,4074.0,4258.0,4063.0,4074.0,4237.0,4018.0,0.0,0.0,0.0,0.0,0.0,0.0,0.0,0.0,0.0,0.0,4222.0,3786.5,1605.0,2258.0,2707.5,2952.5,2991.0,3129.0,3250.0,3205.5,4771.0,4143.0,4045.0,4197.0,4358.0,4604.5,4528.0,4561.0,4818.0,4553.0,4725.5,4024.0,4019.0,4191.0,4359.0,4595.0,4549.5,4561.0,4894.0,4575.5,2483.0,2191.0,983.0,1426.0,1654.0,1863.0,2018.0,2099.0,2159.0,2105.0,2483.0,2191.0,983.0,1426.0,1654.0,1863.0,2018.0,2099.0,2159.0,2105.0,3956.0,3475.0,1555.0,2111.0,2478.0,2776.0,3118.0,3272.0,3454.0,3352.0,4018.5,3549.5,1579.5,2211.0,2581.0,2861.0,3133.0,3267.5,3439.0,3342.5,"{""type"":""MultiPoint"",""coordinates"":[]}"
754,69,2978.0,2172.0,713.0,911.0,1349.0,1566.0,1734.0,1903.0,2281.0,2367.0,3142.0,2147.0,769.5,1114.0,1070.5,1844.0,3217.0,3728.5,3830.0,4046.0,3533.0,2425.0,968.0,1328.0,1478.0,2212.0,3221.0,3562.0,3910.0,4055.0,3707.0,2684.0,1085.0,1498.0,1916.0,2373.0,2937.0,3188.0,3495.0,3526.0,3772.0,2764.0,1143.0,1538.0,1972.0,2418.0,3057.0,3283.0,3636.0,3634.0,3805.0,2718.0,1089.0,1506.0,1920.0,2410.0,3057.0,3349.0,3682.0,3720.0,3805.0,2587.0,1031.0,1478.0,1876.0,2403.0,3259.0,3627.0,3962.0,3976.0,3771.0,2557.0,1001.0,1470.0,1829.0,2367.0,3437.0,3883.0,4105.0,4221.0,3735.0,2458.0,956.0,1414.0,1809.0,2367.0,3494.0,3924.0,4241.0,4290.0,3703.0,2458.0,956.0,1421.0,1775.0,2339.0,3468.0,3964.0,4241.0,4321.0,3835.0,2571.0,1000.0,1461.0,1922.0,2478.0,3413.0,3877.0,4151.0,4281.0,3464.0,2610.5,730.5,952.5,1351.5,1567.5,1752.0,1963.5,2210.0,2292.0,3945.0,2656.0,1062.0,1539.0,2008.0,2538.0,3409.0,3868.0,4094.0,4281.0,3864.0,2548.0,963.0,1457.0,1980.0,2516.0,3318.0,3840.0,4121.0,4267.0,3849.0,2449.0,963.0,1440.0,1935.0,2407.0,3296.0,3832.0,4121.0,4161.0,3752.0,2365.5,911.5,1323.0,1768.5,2327.5,3072.0,3544.5,3929.5,4063.5,3726.0,2426.0,910.0,1319.0,1832.0,2392.0,2959.0,3354.0,3832.0,3878.0,3726.0,2323.0,884.0,1281.0,1832.0,2326.0,2942.0,3335.0,3694.0,3790.0,3580.0,2297.0,884.0,1275.0,1786.0,2302.0,2875.0,3242.0,3597.0,3751.0,3508.0,2222.0,827.0,1224.0,1729.0,2231.0,2745.0,3114.0,3533.0,3612.0,3388.0,2147.0,772.0,1130.0,1665.0,2152.0,2657.0,3022.0,3465.0,3573.0,3388.0,2095.0,728.0,1089.0,1656.0,2172.0,2554.0,2804.0,3197.0,3421.0,3320.5,2490.5,702.0,910.5,1301.0,1506.5,1699.0,1897.5,2219.0,2209.5,3113.5,2010.5,626.0,934.0,1289.5,1751.0,2121.5,2392.5,2646.0,2841.0,2454.5,1539.5,391.5,671.5,629.5,1137.5,2026.0,2243.0,2477.5,2517.0,2507.0,1520.0,431.0,683.0,612.0,1130.0,2073.0,2327.0,2548.0,2568.0,2919.0,2223.0,531.0,744.0,859.0,1220.0,1726.0,1893.0,2129.0,2152.0,2620.5,1873.0,618.5,797.0,985.5,1308.0,1777.0,1931.5,2195.0,2211.0,2164.0,1481.0,593.0,746.0,864.0,1171.0,1676.0,1818.0,2088.0,2041.0,3161.5,2627.0,961.5,1136.5,1369.5,1595.5,1783.0,1955.5,2134.5,2159.5,3264.0,2731.5,1015.5,1194.0,1365.5,1649.0,1958.0,2136.5,2336.0,2354.5,3337.0,2603.0,769.0,991.0,1128.0,1477.0,2008.0,2197.0,2474.0,2464.0,3158.5,2374.5,767.0,971.0,1028.5,1466.0,2169.5,2428.5,2753.5,2720.5,2980.0,2152.0,722.0,951.0,943.0,1440.0,2374.0,2554.0,2810.0,2789.0,3094.0,2295.0,689.0,951.0,940.0,1456.0,2518.0,2847.0,3116.0,3068.0,2956.0,2107.0,625.0,921.5,891.5,1442.5,2619.5,3048.5,3288.0,3270.0,"{""type"":""MultiPoint"",""coordinates"":[]}"
807,2,1532.0,1284.0,599.0,731.0,837.0,912.0,886.0,981.0,1064.0,1026.0,2560.0,2189.0,965.0,1329.0,1606.0,1725.0,1741.0,1825.0,1918.0,1904.0,2391.0,2060.0,926.0,1261.0,1498.0,1613.0,1625.0,1707.0,1799.0,1758.0,2435.0,2060.0,926.0,1261.0,1498.0,1630.0,1687.0,1785.0,1896.0,1904.0,2591.0,2217.0,958.0,1287.0,1489.0,1697.0,1775.0,1877.0,1995.0,1955.0,2625.0,2122.0,953.0,1287.0,1478.0,1719.0,2055.0,2157.0,2286.0,2247.0,2588.0,1869.0,794.0,1154.0,1221.5,1587.0,2479.0,2727.0,2869.0,2828.5,2453.0,1579.5,726.0,1024.0,1020.0,1386.5,2800.0,3192.0,3264.0,3300.0,2309.0,1168.5,446.5,777.5,542.0,1147.5,3587.0,4336.0,4483.5,4526.5,2364.0,1015.0,299.0,647.0,317.0,1045.0,4653.0,5968.0,6282.0,6345.0,2396.0,1002.0,295.0,536.0,296.0,933.0,4653.0,6313.0,6405.0,6556.0,1654.0,1393.5,563.0,763.5,916.0,982.0,1015.5,1067.0,1132.5,1134.0,2559.0,1085.0,306.0,591.0,388.0,990.0,4396.0,6005.0,6212.0,6423.0,2504.0,1085.0,278.0,574.0,383.0,968.0,4434.0,5936.0,6266.0,6479.0,2334.0,1004.0,333.0,618.0,443.0,977.0,4340.0,5845.0,6093.0,6479.0,2087.0,928.0,400.0,618.0,461.0,981.0,3965.0,5097.0,5704.0,5884.0,1873.0,852.5,364.0,593.5,469.0,909.0,3527.5,4654.5,5068.5,5190.5,1801.0,840.0,348.0,579.0,475.0,892.5,3273.5,4355.0,4735.5,4874.5,1772.0,882.0,431.0,629.0,545.0,958.0,2919.0,3777.0,4130.0,4275.0,1836.0,880.0,552.0,749.0,718.0,1079.0,2805.0,3631.0,3980.0,4111.0,2382.0,1274.0,453.0,695.0,781.0,1285.0,2656.0,3387.0,3890.0,3842.0,3512.5,2592.0,1672.5,1849.0,2164.0,2642.5,3078.0,3438.0,3933.0,4048.5,1655.0,1387.5,489.5,732.5,905.5,968.0,1011.5,1054.0,1158.0,1112.0,3475.0,2236.0,783.0,1105.0,1555.0,2240.0,2588.0,2937.0,3192.0,3519.0,2286.0,1898.0,789.5,1015.5,1203.0,1366.0,1454.0,1556.5,1614.0,1676.5,1933.0,1688.0,547.0,728.0,908.0,987.0,1021.0,1086.0,1193.0,1176.0,1941.0,1688.0,537.0,728.0,908.0,987.0,1027.0,1092.0,1193.0,1190.0,1044.0,779.0,504.0,586.0,653.0,725.0,781.0,818.0,820.0,908.0,0.0,0.0,0.0,0.0,0.0,0.0,0.0,0.0,0.0,0.0,1945.0,1584.5,649.0,948.5,1178.5,1281.0,1317.0,1371.5,1461.5,1422.5,2319.5,1964.0,909.0,1179.0,1403.0,1520.5,1570.5,1618.0,1713.0,1681.5,2715.0,2345.5,1053.5,1390.5,1646.5,1781.5,1832.0,1901.5,2029.5,1955.5,0.0,0.0,0.0,0.0,0.0,0.0,0.0,0.0,0.0,0.0,2599.0,2316.0,974.0,1307.0,1566.0,1688.0,1738.0,1828.0,1916.0,1872.0,2198.0,1927.0,788.0,1057.0,1280.0,1366.0,1430.0,1483.0,1615.0,1515.0,2198.0,1924.0,788.0,1057.0,1280.0,1372.0,1430.0,1483.0,1615.0,1519.0,"{""type"":""MultiPoint"",""coordinates"":[]}"
827,121,3238.5,2828.0,1096.0,1329.0,1750.0,1980.0,2089.0,2217.5,2398.5,2406.0,3123.0,2539.5,1415.5,1624.5,1867.0,2103.0,2379.5,2543.0,2729.5,2704.5,3790.0,3174.0,1941.0,2002.0,2085.0,2222.0,2530.0,2639.0,2760.0,2738.0,3824.0,3174.0,1000.0,1378.0,1933.0,2217.0,2310.0,2508.0,2753.0,2762.0,3951.0,3271.0,1137.0,1497.0,2046.0,2333.0,2418.0,2601.0,2796.0,2899.0,4001.0,3336.0,1139.0,1504.0,2099.0,2360.0,2464.0,2632.0,2858.0,2962.0,4087.0,3459.0,1193.0,1575.0,2211.0,2496.0,2547.0,2805.0,2928.0,3051.0,4156.0,3488.0,1162.0,1572.0,2165.0,2494.0,2523.0,2754.0,2873.0,3035.0,4569.0,4291.0,1208.0,1680.0,2298.0,2605.0,2653.0,2866.0,2952.0,3116.0,4528.0,4312.0,1327.0,1778.0,2374.0,2681.0,2736.0,2928.0,3024.0,3159.0,4460.0,4198.0,1281.0,1722.0,2309.0,2616.0,2700.0,2901.0,3011.0,3121.0,3351.0,2842.0,942.0,1267.0,1739.0,1970.0,2030.0,2185.0,2307.0,2380.0,4363.0,4198.0,1281.0,1722.0,2303.0,2581.0,2700.0,2820.0,2953.0,3091.0,4458.0,4153.5,1241.5,1704.0,2311.0,2624.0,2645.5,2876.0,2960.5,3096.5,4534.0,4293.0,1252.0,1723.0,2330.0,2667.0,2770.0,2976.0,2992.0,3179.0,4393.0,4237.0,1263.0,1706.0,2311.0,2603.0,2614.0,2835.0,3004.0,3128.0,4286.0,4158.0,1242.0,1664.0,2242.0,2514.0,2603.0,2759.0,2960.0,2984.0,4041.0,3824.0,1146.0,1561.0,2083.0,2375.0,2473.0,2617.0,2762.0,2827.0,3921.0,3734.0,1146.0,1561.0,2083.0,2375.0,2473.0,2617.0,2762.0,2827.0,3913.0,3608.0,1635.0,1903.0,2217.0,2438.0,2600.0,2748.0,2913.0,2955.0,3881.0,3621.0,1323.0,1701.0,2326.0,2577.0,2711.0,2940.0,3097.0,3183.0,3910.0,3548.0,1025.0,1460.0,1986.0,2294.0,2351.0,2471.0,2565.0,2730.0,3030.0,2584.0,794.5,1102.0,1546.0,1762.5,1855.0,2017.0,2176.5,2227.0,3934.0,3581.5,1056.0,1447.0,1953.5,2270.5,2378.5,2527.5,2624.0,2837.0,3738.0,3268.0,979.0,1346.0,1698.0,2098.0,2354.0,2552.0,2665.0,2771.0,3363.0,3005.0,955.0,1248.0,1468.0,1758.0,2314.0,2460.0,2625.0,2685.0,3363.0,3005.0,955.0,1248.0,1468.0,1758.0,2314.0,2460.0,2625.0,2685.0,2862.0,2287.0,608.0,921.0,1100.0,1479.0,2185.0,2328.0,2471.0,2559.0,0.0,0.0,0.0,0.0,0.0,0.0,0.0,0.0,0.0,0.0,3153.0,2714.5,868.0,1152.5,1414.5,1714.5,2058.5,2179.5,2342.0,2390.5,3052.5,2616.5,769.0,1083.0,1293.0,1583.0,2129.0,2263.0,2482.5,2491.5,2973.0,2412.0,738.0,1040.0,1243.0,1525.0,2162.0,2333.0,2572.0,2555.0,2733.0,2260.0,698.0,997.0,1226.0,1439.0,1937.0,2133.0,2377.0,2328.0,2557.0,2024.5,709.5,1021.0,1131.5,1425.5,2064.5,2313.5,2520.5,2465.0,2842.0,2294.0,680.0,988.0,1143.0,1470.0,2261.0,2551.0,2701.0,2734.0,3409.5,2764.0,850.5,1189.5,1477.5,1807.0,2334.5,2575.5,2812.5,2849.0,"{""type"":""MultiPoint"",""coordinates"":[]}"
838,121,1479.0,1067.0,288.0,427.0,522.0,725.0,1110.0,1073.0,1229.0,1154.0,2294.5,1599.0,529.5,726.5,801.0,1174.5,1834.5,2088.5,2159.5,2282.0,2635.0,1869.5,577.0,805.0,943.5,1288.0,1936.5,2165.0,2222.5,2418.0,2861.0,2130.0,642.0,896.0,1075.0,1458.0,1956.0,2178.0,2234.0,2363.0,3044.0,2221.5,678.0,958.0,1182.5,1513.5,1994.5,2307.5,2347.5,2537.0,3058.0,2124.0,667.0,974.0,1230.0,1565.0,2092.0,2338.0,2369.0,2522.0,3166.0,2302.5,727.0,1026.0,1293.0,1682.5,2145.5,2389.5,2464.5,2566.0,3183.0,2249.5,672.0,973.5,1206.0,1597.5,2075.5,2304.5,2405.5,2551.0,3237.5,2341.0,712.0,1028.0,1302.5,1723.5,2087.0,2398.5,2457.5,2659.5,3107.0,2162.0,655.0,1002.0,1296.0,1659.0,2108.0,2396.0,2517.0,2643.0,3266.0,2350.5,705.0,1039.5,1317.5,1778.5,2109.5,2461.0,2481.0,2684.5,1750.0,1331.0,321.0,510.0,581.0,764.0,1037.0,1443.0,1502.0,1418.0,2541.5,1662.0,540.0,806.5,1005.0,1275.5,1680.5,1955.5,2070.5,2237.0,3126.5,2180.5,1580.0,1744.0,1899.0,2206.0,2491.5,2701.5,2782.0,2909.0,2974.0,2082.0,1606.0,1733.0,1902.0,2161.0,2365.0,2519.0,2561.0,2727.0,3012.5,2147.5,1079.0,1280.0,1523.0,1848.0,2221.5,2487.0,2550.5,2770.0,2957.5,2066.0,536.0,844.5,1134.5,1539.0,1905.5,2157.0,2349.0,2430.0,2657.5,1858.5,525.5,775.0,1024.0,1331.5,1730.5,2103.0,2085.0,2294.5,2586.5,1759.5,503.0,746.5,972.5,1289.5,1721.0,1864.0,2026.5,2108.0,2571.0,1812.0,529.0,730.0,958.0,1342.0,1670.0,1923.0,1993.0,2167.0,2430.5,1730.0,459.0,700.0,922.0,1209.0,1581.5,1823.5,1928.0,2089.5,0.0,0.0,0.0,0.0,0.0,0.0,0.0,0.0,0.0,0.0,0.0,0.0,0.0,0.0,0.0,0.0,0.0,0.0,0.0,0.0,0.0,0.0,0.0,0.0,0.0,0.0,0.0,0.0,0.0,0.0,1351.0,723.0,359.0,564.0,372.0,776.0,1709.0,1788.0,1716.0,1908.0,1238.0,692.0,198.0,389.0,244.0,586.0,1362.0,1694.0,1715.0,1744.0,0.0,0.0,0.0,0.0,0.0,0.0,0.0,0.0,0.0,0.0,2266.5,1736.0,1579.0,1690.0,1615.5,1989.0,2684.5,2880.0,2932.0,2971.0,0.0,0.0,0.0,0.0,0.0,0.0,0.0,0.0,0.0,0.0,0.0,0.0,0.0,0.0,0.0,0.0,0.0,0.0,0.0,0.0,2068.0,1553.0,397.0,545.0,631.0,795.0,1150.0,1368.0,1454.0,1448.0,2102.0,1550.0,375.0,584.0,664.0,1028.0,1470.0,1597.0,1733.0,1803.0,1758.5,1152.0,420.5,583.5,573.5,894.0,1492.5,1723.0,1880.5,1840.0,1976.0,1265.0,475.0,656.0,650.0,979.0,1607.0,1841.0,2007.0,1933.0,1962.0,1357.0,423.0,615.0,642.0,984.0,1669.0,1927.5,2024.5,2054.0,2158.0,1427.0,480.0,707.0,731.0,1116.0,1894.0,2112.0,2131.0,2352.0,"{""type"":""MultiPoint"",""coordinates"":[]}"
852,69,2011.0,1751.0,450.0,641.0,855.0,956.0,955.0,1015.0,1128.0,1196.0,3280.5,2860.0,828.5,1155.5,1515.0,1656.5,1651.5,1777.5,1896.0,1947.0,3441.0,2992.0,883.0,1221.0,1595.0,1744.0,1664.0,1771.0,1952.0,1981.0,3335.0,2949.0,913.5,1234.0,1577.5,1738.5,1740.5,1856.0,1939.0,2005.0,3466.0,3121.0,981.0,1300.0,1658.0,1785.0,1839.0,1945.0,2076.0,2107.0,3466.0,3121.0,998.0,1300.0,1658.0,1785.0,1839.0,1945.0,2076.0,2107.0,3334.5,3022.0,982.5,1291.0,1618.5,1789.0,1809.5,1906.0,2014.0,2067.5,3355.0,3042.0,990.5,1318.5,1643.5,1806.0,1827.5,1935.5,2033.0,2099.0,3596.0,3185.5,1068.0,1425.5,1799.0,1975.5,1971.0,2102.5,2140.0,2254.5,3635.0,3228.5,1088.0,1451.5,1818.5,2012.5,1975.0,2124.0,2167.5,2268.5,3431.0,3139.0,1041.0,1353.0,1709.0,1870.0,1883.0,2020.0,1987.0,2179.0,2144.0,1850.0,510.5,710.5,953.5,1047.5,1068.5,1177.0,1239.5,1292.0,3236.0,2880.0,1046.0,1323.0,1644.0,1783.0,1836.0,1936.0,1948.0,2066.0,3096.0,2679.0,946.0,1220.0,1501.0,1664.0,1693.0,1797.0,1838.0,1914.0,3140.0,2738.0,978.0,1260.0,1605.0,1740.0,1732.0,1837.0,1838.0,1997.0,3041.0,2743.5,1018.5,1282.5,1592.0,1747.0,1783.5,1871.0,1970.5,2049.5,3001.5,2673.5,964.5,1205.0,1502.0,1632.5,1710.5,1819.5,1884.5,1958.5,3106.0,2598.0,1016.0,1333.0,1621.0,1809.0,1875.0,2019.0,2018.0,2212.0,3080.0,2544.0,1232.0,1445.0,1673.0,1845.5,1956.0,2088.5,2084.0,2175.5,2957.0,2505.0,981.0,1235.0,1509.0,1643.0,1747.0,1884.0,1959.0,1967.0,2890.5,2475.0,890.5,1123.0,1407.5,1563.5,1612.5,1720.5,1821.5,1862.5,2899.0,2484.0,912.0,1136.0,1416.0,1575.0,1662.0,1766.0,1868.0,1907.0,1294.5,1113.0,380.0,463.5,603.5,623.5,653.5,722.0,767.5,795.0,3313.0,2886.0,1022.0,1319.0,1623.0,1813.0,1934.0,2070.0,2157.0,2270.0,3033.5,2655.5,992.5,1279.0,1504.0,1680.0,1870.0,2093.5,2185.0,2164.0,2923.0,2583.0,887.0,1160.0,1439.0,1528.0,1793.0,2033.0,2162.0,2069.0,2986.5,2599.5,1030.0,1262.5,1480.5,1635.5,1915.5,2091.5,2261.5,2182.5,2937.0,2480.5,970.0,1252.0,1502.0,1624.5,1853.5,2054.0,2191.5,2172.5,2455.0,1868.0,735.0,1020.0,1256.0,1377.0,1593.0,1761.0,1953.0,1948.0,2629.5,2273.0,567.0,812.0,1120.0,1292.5,1295.0,1369.0,1487.0,1560.5,2523.0,2237.0,893.0,1095.0,1294.0,1418.0,1397.0,1521.0,1538.0,1642.0,2558.0,2171.0,507.0,818.0,1129.0,1197.0,1261.0,1383.0,1487.0,1505.0,2887.0,2478.0,739.0,1038.0,1358.0,1484.0,1523.0,1611.0,1739.0,1775.0,2713.5,2356.0,658.5,886.5,1172.5,1292.0,1319.0,1400.0,1508.0,1576.5,2943.5,2533.0,678.5,981.0,1304.0,1418.0,1463.5,1548.5,1682.0,1737.0,3291.5,2912.0,794.0,1133.5,1504.5,1640.0,1598.0,1740.5,1881.5,1930.5,"{""type"":""MultiPoint"",""coordinates"":[]}"
920,204,2836.5,1896.5,903.0,1119.0,1719.5,2140.0,2466.5,2796.5,3173.5,3340.0,2359.5,1500.0,590.5,858.5,884.0,1416.0,2556.5,2874.0,3054.0,3098.5,2137.5,1252.5,567.5,824.0,751.5,1286.5,2613.5,3023.5,3182.0,3200.0,1811.5,1158.0,482.5,705.0,694.0,1125.5,2542.5,2999.5,3169.0,3208.5,1839.0,1177.0,517.0,740.0,762.0,1211.0,2584.0,3037.0,3179.0,3233.0,1837.0,1188.0,534.0,747.0,773.0,1203.0,2551.0,3021.0,3156.0,3256.0,1823.0,1177.5,528.5,779.0,787.0,1193.0,2509.0,3020.0,3123.5,3238.5,1835.0,1170.5,534.0,780.5,786.0,1218.5,2517.5,3013.5,3184.5,3227.5,1838.5,1174.5,536.5,776.5,803.5,1225.0,2478.0,2979.0,3119.0,3224.5,1851.0,1181.5,526.5,789.0,806.5,1256.5,2441.5,2967.0,3084.0,3193.5,1837.0,1167.5,527.0,791.0,831.5,1274.0,2441.5,2961.0,3022.5,3208.0,2948.0,2062.5,835.5,1087.0,1495.5,1851.5,2075.0,2318.0,2580.5,2723.0,1804.0,1117.5,509.5,753.0,777.0,1235.0,2435.5,2934.5,2993.0,3194.0,1768.0,1088.5,505.5,736.0,782.0,1242.5,2401.0,2894.0,2997.5,3152.0,1853.5,1139.0,525.5,767.5,834.5,1327.5,2424.0,2883.5,3015.5,3211.0,1838.5,1125.0,537.0,760.5,880.5,1320.0,2392.5,2844.5,3027.5,3142.5,1801.5,1117.5,515.0,742.5,877.0,1310.5,2323.5,2740.5,2986.5,3048.0,1837.5,1148.0,530.0,737.0,889.0,1293.5,2235.0,2703.0,2849.5,2998.0,1907.5,1234.5,558.0,763.0,917.5,1322.0,2243.0,2709.5,2893.5,3018.5,1858.5,1154.0,568.0,780.0,924.0,1302.0,2156.5,2612.0,2825.0,2964.5,1835.5,1134.5,444.0,639.5,815.0,1207.5,2135.5,2497.0,2780.0,2870.0,1797.5,1074.5,422.0,622.0,793.5,1270.0,2120.5,2507.0,2739.5,2892.5,2897.0,2008.5,807.5,1090.0,1593.5,1895.0,2164.5,2419.5,2730.0,2795.5,1825.0,1083.5,453.0,625.0,800.5,1314.0,2121.5,2501.0,2649.0,2903.0,2025.0,1204.0,415.0,654.5,906.5,1447.5,1946.5,2293.0,2539.0,2744.5,2447.5,1600.5,678.5,862.5,1173.0,1546.5,1815.0,2064.0,2340.0,2467.5,2587.5,1735.0,682.0,867.0,1203.0,1545.5,1809.5,2050.5,2310.5,2436.5,2652.0,1778.5,624.5,880.5,1369.0,1710.0,1980.5,2195.0,2472.5,2595.0,0.0,0.0,0.0,0.0,0.0,0.0,0.0,0.0,0.0,0.0,3014.0,2193.5,762.0,1029.0,1431.5,1733.5,1977.0,2198.0,2444.5,2533.5,3091.0,2296.0,791.0,1024.5,1416.0,1718.0,2008.5,2210.0,2447.0,2525.5,3115.5,2302.0,805.0,1038.0,1431.0,1726.5,2042.5,2242.5,2518.5,2558.0,2386.0,1669.5,725.0,887.5,1174.5,1427.0,1687.5,1880.5,2078.5,2147.5,2240.0,1591.5,751.0,919.0,1116.5,1384.5,1676.0,1836.5,1943.5,2052.5,3190.0,2381.0,815.0,1060.5,1404.5,1695.5,2037.0,2265.0,2481.0,2523.5,3374.5,2476.0,850.5,1115.0,1474.5,1807.5,2122.5,2355.0,2611.0,2675.0,"{""type"":""MultiPoint"",""coordinates"":[]}"
935,3,0.0,0.0,0.0,0.0,0.0,0.0,0.0,0.0,0.0,0.0,2929.0,2664.5,731.0,941.0,1273.5,1452.0,1530.5,1655.5,1819.0,1875.0,2267.0,2068.0,815.5,1002.0,1253.5,1464.0,1602.0,1751.0,1491.5,1858.0,3372.0,3275.0,898.0,1150.5,1551.0,1765.5,1836.0,1985.0,2107.5,2175.5,87.5,91.5,220.0,336.0,411.5,502.0,367.5,418.0,398.5,324.0,231.5,169.0,248.5,413.5,396.0,640.0,601.5,676.5,635.0,564.5,1188.5,683.5,450.0,855.0,438.5,1223.0,2406.0,2594.0,2594.5,2472.5,1793.0,875.0,272.5,589.5,293.0,995.0,2946.5,3713.0,3810.0,3908.5,1474.5,688.5,181.5,358.0,164.5,583.0,2567.0,3878.0,3964.0,4064.0,1192.5,501.0,110.5,266.5,92.5,433.5,2472.5,4084.5,4266.0,4284.5,1122.5,472.0,126.0,252.5,108.0,392.5,2347.0,4118.0,4223.0,4318.5,1318.0,900.5,314.0,551.5,905.0,1191.0,1317.0,1525.0,1641.5,1669.0,1050.0,433.5,101.5,204.5,61.5,312.5,2161.5,4109.0,4303.0,4348.5,1249.5,495.0,1381.0,1440.5,1152.0,1396.0,2919.0,4474.0,4622.5,4694.0,1309.5,541.5,1828.5,1866.5,1544.0,1839.0,2992.5,4081.0,4197.5,4436.5,1326.0,573.5,790.0,1005.5,628.0,1321.0,3252.5,4644.5,4907.5,4947.5,1389.0,658.5,207.5,703.0,369.5,1247.5,3590.5,4859.5,5126.0,5132.0,1450.0,700.5,340.0,778.0,514.0,1372.0,3421.0,4383.5,4627.0,4757.5,1622.0,823.0,339.0,887.5,665.0,1628.0,3405.0,4094.5,4356.5,4480.0,1932.0,1053.5,516.0,1109.0,1051.0,2156.5,3494.5,3984.0,4353.5,4403.0,4631.0,3061.0,1324.0,1892.0,2611.0,3296.0,3666.0,3986.0,4394.0,4488.0,1414.5,1056.5,1479.5,1530.5,1612.5,1771.0,1805.5,1845.0,1913.5,1884.5,0.0,0.0,0.0,0.0,0.0,0.0,0.0,0.0,0.0,0.0,2616.5,1795.5,976.0,1276.5,1797.0,2106.5,2176.5,2333.0,2529.0,2610.5,3172.0,3015.0,3045.0,2895.0,2865.0,3015.0,2907.0,2969.0,2956.0,2969.0,4126.0,2905.0,1127.0,1506.0,2054.5,2371.0,2495.0,2673.5,2955.0,3026.0,0.0,0.0,0.0,0.0,0.0,0.0,0.0,0.0,0.0,0.0,40.0,52.5,0.0,9.5,129.5,255.5,224.5,272.0,313.5,247.0,0.0,0.0,0.0,0.0,0.0,0.0,0.0,0.0,0.0,0.0,0.0,0.0,0.0,0.0,0.0,0.0,0.0,0.0,0.0,0.0,4467.0,3478.0,989.5,1360.5,1932.0,2362.0,2558.5,2818.5,3105.5,3226.5,4814.5,3676.5,929.0,1343.5,1925.0,2274.0,2434.5,2708.0,3087.0,3226.5,4794.5,3817.0,987.5,1320.0,1878.0,2163.5,2342.5,2641.5,3035.5,3161.5,4600.5,3384.0,1083.0,1350.0,1854.0,2167.0,2349.5,2620.5,3042.0,3187.5,2523.0,1829.5,744.0,858.5,1088.0,1270.0,1336.5,1460.0,1676.5,1742.5,2941.0,2548.0,645.5,873.5,1215.5,1409.5,1504.5,1631.5,1799.5,1868.0,"{""type"":""MultiPoint"",""coordinates"":[]}"
1002,21,3408.0,3165.5,830.0,1033.0,1308.0,1480.5,1545.5,1662.5,1789.0,1835.5,2665.0,1686.0,587.0,986.0,974.0,1574.0,3009.0,3584.0,3938.0,3950.0,2075.5,1411.0,617.0,856.0,981.0,1330.0,2030.5,2344.5,2555.5,2599.0,3688.0,2565.0,979.0,1460.0,1955.0,2489.0,3000.0,3318.0,3632.0,3735.0,4041.0,2904.0,1119.0,1620.0,2465.0,2940.0,3184.0,3477.0,3745.0,3947.0,4309.0,2979.0,1127.0,1646.0,2535.0,2972.0,3184.0,3477.0,3710.0,3935.0,4350.0,3080.0,1167.0,1693.0,2631.0,3015.0,3242.0,3543.0,3783.0,3974.0,4410.0,3080.0,1175.0,1709.0,2654.0,3102.0,3255.0,3543.0,3824.0,3974.0,4458.0,3190.0,1180.0,1732.0,2663.0,3102.0,3269.0,3566.0,3834.0,3991.0,5117.0,3612.0,1661.0,2437.0,3566.0,4064.0,4210.0,4575.0,4742.0,5002.0,5134.0,3630.0,1635.0,2350.0,3452.0,3960.0,4081.0,4491.0,4512.0,4803.0,3483.0,3225.0,884.0,1090.0,1362.0,1538.0,1614.0,1719.0,1844.0,1898.0,5090.0,3630.0,1563.0,2230.0,3223.0,3695.0,3885.0,4157.0,4206.0,4550.0,4812.0,3753.0,1478.0,2087.0,2905.0,3356.0,3342.0,3668.0,3712.0,3922.0,4705.0,3857.0,1478.0,2028.0,2622.0,2931.0,3064.0,3196.0,3384.0,3553.0,4446.5,3758.0,1276.0,1733.5,2299.5,2608.0,2669.5,2862.5,2989.5,3100.0,4319.0,3769.0,1223.0,1630.0,2184.0,2423.0,2533.0,2722.0,2872.0,2999.0,4225.0,3653.0,1201.0,1603.0,2122.0,2355.0,2455.0,2581.0,2719.0,2847.0,4080.0,3534.5,1147.5,1533.0,2019.0,2272.0,2336.0,2513.0,2604.5,2730.5,4008.0,3460.0,1102.5,1474.0,1954.5,2180.5,2242.5,2421.5,2571.5,2663.5,3942.0,3441.0,1089.0,1434.0,1927.0,2122.0,2217.0,2398.0,2561.0,2630.0,4382.0,3817.0,1176.0,1557.0,2046.0,2312.0,2401.0,2571.0,2695.0,2778.0,3482.5,3233.5,847.0,1099.0,1395.5,1519.0,1610.0,1753.0,1900.5,1937.5,4293.0,3637.0,1131.0,1545.0,2000.0,2312.0,2401.0,2571.0,2607.0,2778.0,3982.0,3338.0,1101.0,1473.0,1796.0,2136.0,2396.0,2562.0,2695.0,2770.0,3982.0,3411.0,1103.0,1451.0,1789.0,2082.0,2381.0,2534.0,2721.0,2738.0,4012.0,3513.0,1103.0,1451.0,1789.0,2082.0,2381.0,2534.0,2664.0,2694.0,3968.0,3351.0,1049.0,1407.0,1786.0,2071.0,2261.0,2378.0,2533.0,2654.0,0.0,0.0,0.0,0.0,0.0,0.0,0.0,0.0,0.0,0.0,4165.5,3700.5,1164.0,1544.0,1848.5,2152.0,2368.5,2537.0,2693.5,2738.5,3808.5,3239.0,1026.0,1406.0,1550.5,2002.5,2649.0,2858.5,2985.0,3034.0,3169.0,2233.0,698.0,1097.0,1090.0,1642.0,3030.0,3356.0,3567.0,3533.0,2555.0,1663.5,573.0,882.5,760.0,1342.5,3247.5,3804.0,3934.5,4044.5,2358.0,1403.0,502.0,800.0,627.0,1281.0,3518.0,4379.0,4508.0,4477.0,2308.0,1401.0,444.0,763.0,565.0,1214.0,3460.0,4308.0,4526.0,4548.0,2385.5,1422.0,482.0,790.0,648.0,1202.5,3285.0,4154.0,4310.0,4368.0,"{""type"":""MultiPoint"",""coordinates"":[]}"
1035,76,0.0,0.0,0.0,0.0,0.0,0.0,0.0,0.0,0.0,0.0,2146.5,1437.0,534.5,784.0,815.5,1364.0,2344.0,2601.5,2790.5,2846.5,2226.5,1333.5,422.5,651.0,656.0,1221.0,2577.5,3001.5,3175.5,3245.0,2044.0,1180.5,349.0,559.5,542.5,982.0,2582.5,3214.5,3359.0,3458.5,1959.5,1095.0,329.5,570.5,540.5,964.0,2708.5,3398.0,3570.0,3672.5,2078.5,1196.5,375.0,617.5,596.5,1021.0,2728.5,3429.5,3573.0,3710.5,2168.0,1259.5,415.0,662.5,657.5,1106.5,2690.5,3328.5,3534.5,3635.5,2127.0,1297.0,427.0,664.0,669.0,1083.5,2638.0,3243.0,3340.5,3516.5,2111.0,1297.5,425.5,681.0,675.0,1098.5,2614.0,3237.0,3351.5,3508.0,1514.5,900.5,310.5,498.0,499.5,795.5,1912.0,2358.5,2564.0,2505.0,2073.5,1283.5,439.0,664.0,670.0,1063.0,2467.5,3049.0,3189.5,3317.5,2204.5,1824.0,376.0,574.5,815.0,975.5,1151.5,1250.5,1453.5,1486.0,2008.0,1230.0,422.0,647.5,659.5,1051.5,2417.0,2986.0,3106.5,3273.0,2110.0,1208.0,2030.0,2013.5,1765.0,2038.5,2979.5,3418.0,3502.5,3559.5,1942.0,1178.5,316.5,574.5,567.0,966.0,2269.0,2776.0,2839.5,3069.5,1865.5,1121.0,525.0,693.0,665.0,994.0,2187.0,2724.0,2897.0,2969.5,1827.5,1142.5,296.0,510.5,526.0,882.5,1997.5,2444.5,2643.5,2729.5,1627.5,973.5,245.5,453.5,410.5,801.0,1959.0,2374.5,2536.0,2618.0,1662.0,995.5,406.0,604.0,539.5,934.5,2053.5,2450.0,2597.0,2699.5,1650.5,1011.0,304.0,488.0,474.0,840.0,1828.0,2237.0,2451.0,2511.0,1731.0,1031.0,296.5,526.0,476.0,912.0,1994.0,2352.5,2604.5,2664.0,1819.0,1074.0,303.0,590.0,634.0,1069.0,1670.0,1939.5,2074.0,2234.5,1611.5,1311.0,739.0,776.0,846.0,1016.0,1173.0,1260.0,1356.0,1371.0,0.0,0.0,0.0,0.0,0.0,0.0,0.0,0.0,0.0,0.0,0.0,0.0,0.0,0.0,0.0,0.0,0.0,0.0,0.0,0.0,2455.0,1678.5,425.5,649.0,654.0,1138.0,1795.0,1984.5,2219.5,2248.0,2462.0,1668.0,448.0,654.0,674.5,1138.5,1648.0,1872.0,2121.5,2190.5,2539.0,1754.5,529.0,727.0,829.5,1215.5,1651.0,1817.5,2094.5,2122.0,0.0,0.0,0.0,0.0,0.0,0.0,0.0,0.0,0.0,0.0,0.0,0.0,0.0,0.0,0.0,0.0,0.0,0.0,0.0,0.0,2198.5,1675.0,552.5,676.0,856.0,1080.5,1263.0,1389.0,1533.0,1556.5,2411.0,1956.0,594.0,810.0,1025.0,1275.0,1542.5,1668.0,1870.0,1859.5,2580.5,2082.0,772.5,989.5,1170.5,1452.0,1802.0,1965.0,2108.5,2128.5,280.0,210.0,93.0,116.0,117.0,176.0,285.0,304.0,320.5,340.0,2421.5,1858.5,718.0,943.5,1048.5,1425.5,2203.5,2410.0,2562.5,2565.5,2134.5,1558.0,591.0,868.5,940.0,1429.5,2194.0,2452.5,2627.5,2614.5,"{""type"":""MultiPoint"",""coordinates"":[]}"
1199,69,2124.0,1856.0,1413.0,1404.0,1437.0,1559.0,1563.0,1581.0,1750.0,1655.0,3444.0,3294.0,864.5,1231.0,1748.5,1974.0,2069.5,2211.5,2407.5,2425.5,2467.0,2189.5,732.0,984.5,1369.0,1521.5,1570.5,1678.0,1874.0,1786.0,3259.0,3178.0,861.0,1176.0,1700.0,1889.0,1947.0,2097.0,2228.0,2253.0,3333.0,3161.0,924.5,1272.5,1801.5,1995.0,2069.5,2210.0,2360.5,2395.5,3416.0,3226.0,972.0,1340.5,1871.0,2091.5,2149.0,2297.0,2373.0,2465.5,3392.0,3227.0,937.5,1336.5,1881.0,2081.5,2130.0,2247.0,2387.5,2426.0,3416.5,3246.5,956.5,1356.5,1908.0,2113.0,2121.5,2267.0,2353.5,2406.5,3359.0,3202.5,940.0,1332.0,1874.5,2094.5,2115.5,2240.0,2301.0,2413.0,3265.0,2975.0,882.0,1273.0,1811.0,2023.0,2050.0,2198.0,2332.0,2363.0,3480.0,3345.0,956.0,1326.0,1899.0,2111.0,2118.0,2284.0,2394.0,2487.0,2475.0,2341.0,396.0,665.0,1047.0,1189.0,1287.0,1442.0,1637.0,1635.0,3105.0,2954.0,877.0,1217.0,1684.0,1889.0,1996.0,2115.0,2195.0,2268.0,3402.0,3129.5,1826.5,2017.0,2181.0,2414.0,2632.0,2786.0,2825.0,2896.5,2987.0,2692.0,1896.0,2103.0,2128.0,2363.0,2629.0,2756.0,2722.0,2836.0,3196.0,2933.0,1084.0,1330.5,1653.0,1941.0,2179.5,2309.0,2435.5,2487.0,3031.0,2756.0,741.0,1075.5,1486.5,1745.5,1981.0,2138.0,2310.5,2327.0,2848.5,2585.0,686.5,987.5,1408.0,1612.0,1762.5,1903.0,2038.0,2097.0,2840.5,2547.0,662.5,981.0,1396.0,1618.0,1825.0,1967.0,2074.5,2141.0,0.0,0.0,0.0,0.0,0.0,0.0,0.0,0.0,0.0,0.0,2670.0,2379.5,597.5,919.5,1297.0,1508.5,1756.5,1903.5,2100.5,2095.5,4431.0,4335.0,2021.0,2337.0,2814.0,3498.0,3963.0,4202.0,3335.0,4672.0,0.0,0.0,0.0,0.0,0.0,0.0,0.0,0.0,0.0,0.0,2669.0,2172.0,962.0,1214.0,1469.0,1792.0,2114.0,2285.0,2406.0,2420.0,0.0,0.0,0.0,0.0,0.0,0.0,0.0,0.0,0.0,0.0,1980.5,1234.0,420.5,848.0,546.5,1375.0,2789.0,2961.0,3164.0,3052.5,2059.0,1284.0,448.0,807.0,595.0,1419.0,2956.0,3256.0,3429.0,3380.0,1334.5,786.0,303.0,562.0,409.0,964.0,2255.0,2470.0,2677.5,2577.5,0.0,0.0,0.0,0.0,0.0,0.0,0.0,0.0,0.0,0.0,0.0,0.0,0.0,0.0,0.0,0.0,0.0,0.0,0.0,0.0,3111.0,2968.0,1034.0,1423.0,1891.0,2136.0,2233.0,2304.0,2475.0,2424.0,2401.0,2267.0,487.0,751.0,1102.0,1250.0,1313.0,1418.0,1576.0,1584.0,2488.0,2415.0,607.0,814.0,1177.0,1298.0,1393.0,1519.0,1625.0,1646.0,2963.0,2731.0,731.0,1096.0,1585.0,1786.0,1914.0,2023.0,2187.0,2215.0,3214.5,2951.5,1119.0,1492.0,1979.0,2178.5,2365.0,2533.5,2472.0,2714.5,3331.0,3119.0,968.0,1380.0,1900.0,2141.0,2209.0,2337.0,2467.0,2560.0,"{""type"":""MultiPoint"",""coordinates"":[]}"
1205,176,2663.0,1710.0,3335.0,3336.0,3242.0,3372.0,3391.0,3358.0,3678.0,3329.0,2687.0,2120.5,673.5,965.0,1474.0,1830.0,2145.0,2335.0,2574.5,2533.5,2710.0,2212.0,643.0,969.0,1518.0,1835.0,2075.0,2198.0,2399.0,2436.0,2883.5,2337.0,748.5,1071.0,1692.0,1946.0,2107.0,2230.0,2479.0,2478.5,2936.0,2399.0,772.0,1115.0,1777.5,2067.5,2154.0,2341.5,2521.0,2560.5,2842.5,2281.0,828.0,1162.5,1789.0,2028.0,2101.0,2234.0,2562.0,2453.0,3137.0,2493.0,877.0,1267.0,1986.0,2233.0,2350.0,2489.0,2704.0,2682.0,3018.5,2457.5,798.0,1169.0,1882.0,2156.0,2272.5,2429.0,2583.5,2633.5,3055.0,2486.5,824.5,1195.5,1898.5,2144.5,2275.0,2407.5,2557.0,2602.0,2937.0,2447.0,795.0,1179.0,1881.0,2150.0,2275.0,2392.0,2509.0,2550.0,3033.5,2431.5,834.5,1270.5,2038.0,2286.0,2394.0,2559.0,2707.5,2678.5,2309.5,1842.5,663.5,1017.0,1412.5,1668.5,1999.5,2093.0,2285.5,2253.0,3061.0,2477.0,876.0,1252.0,1967.0,2245.5,2375.5,2528.5,2645.5,2698.5,2953.0,2404.0,847.0,1225.5,1938.5,2200.0,2339.5,2457.0,2619.5,2626.5,2974.5,2300.5,1957.5,2101.5,2483.0,2748.0,2754.5,2894.0,2879.0,2969.0,3028.5,2318.0,1459.5,1693.5,2218.5,2482.5,2531.5,2681.5,2834.0,2810.5,2834.0,2261.0,794.0,1180.0,1886.0,2139.0,2243.0,2399.0,2575.0,2611.0,2825.0,2230.0,663.0,1042.0,1715.0,1973.0,2118.0,2268.0,2421.0,2468.0,2778.0,2196.0,635.0,1024.0,1696.0,1957.0,2087.0,2207.0,2352.0,2392.0,2662.0,2126.0,649.0,992.0,1654.0,1853.0,1964.0,2100.0,2337.0,2296.0,2676.0,2104.5,596.5,955.5,1634.5,1869.0,1968.0,2098.5,2304.5,2348.0,0.0,0.0,0.0,0.0,0.0,0.0,0.0,0.0,0.0,0.0,0.0,0.0,0.0,0.0,0.0,0.0,0.0,0.0,0.0,0.0,2042.5,1663.0,522.0,732.5,918.5,1265.5,1540.5,1697.0,1731.5,1767.5,1539.0,1112.0,312.0,541.0,618.0,1020.0,1436.0,1563.0,1560.0,1625.0,1840.0,1397.0,304.0,585.0,666.0,1112.0,1631.0,1758.0,1829.0,1833.0,1954.0,1441.0,371.0,607.0,723.0,1183.0,1801.0,1899.0,1990.0,1986.0,1917.0,1422.0,292.0,540.0,611.0,1102.0,1761.0,1819.0,2065.0,1992.0,0.0,0.0,0.0,0.0,0.0,0.0,0.0,0.0,0.0,0.0,1904.0,1463.0,440.0,762.0,1070.0,1371.0,1787.0,1928.0,2086.0,1994.0,1538.5,1067.5,416.0,668.0,812.5,1176.0,1690.0,1851.0,1960.5,1897.5,2198.0,1670.5,435.0,789.5,1040.5,1475.0,2195.5,2373.0,2594.0,2482.0,0.0,0.0,0.0,0.0,0.0,0.0,0.0,0.0,0.0,0.0,1662.0,1087.0,370.0,739.0,797.0,1243.0,2102.0,2224.0,2431.0,2279.0,2084.5,1482.5,413.5,807.0,915.5,1488.5,2392.0,2604.0,2829.0,2728.0,2508.0,1874.0,632.0,1007.0,1320.0,1796.0,2390.0,2596.0,2817.0,2762.0,"{""type"":""MultiPoint"",""coordinates"":[]}"
1224,1,1338.0,1296.0,214.0,310.0,410.0,441.0,497.0,545.0,597.0,643.0,2903.0,2993.0,767.0,866.0,1030.5,1132.5,1192.0,1272.5,1397.0,1429.5,3442.5,3068.5,2305.0,2458.0,2541.0,2719.0,2831.5,2872.5,3042.5,2940.0,2956.0,3137.0,777.0,839.0,1006.0,1127.0,1175.0,1264.0,1349.0,1420.0,2801.5,2730.0,723.0,862.0,952.5,1131.5,1427.5,1537.5,1640.0,1708.0,2534.5,2224.5,590.5,764.0,755.5,1003.5,1724.5,1943.5,2016.0,2056.0,2171.0,1637.0,421.0,637.0,517.5,842.0,2226.0,2798.0,2878.0,2918.0,1772.0,1117.5,256.0,476.0,306.5,653.5,2349.0,3180.0,3211.5,3340.5,1581.5,932.5,219.5,420.5,261.0,583.5,2362.5,3385.5,3427.0,3496.5,1507.0,797.0,223.0,441.0,305.0,636.0,2555.0,3769.0,3949.0,3891.0,1545.5,827.5,214.0,423.0,279.0,630.5,2615.5,3950.0,4043.0,4105.5,2001.0,2014.0,409.0,537.0,640.0,763.0,822.0,909.0,1019.0,1045.0,1559.0,799.0,267.0,460.0,300.0,645.0,2532.0,3844.0,4015.0,4047.0,1795.5,938.5,1403.0,1508.0,1255.5,1580.0,3048.5,3946.0,4111.5,4157.0,3024.0,2963.0,2587.0,2658.0,2453.0,2608.0,2805.0,2902.0,2839.0,2828.0,3086.5,3129.0,1095.0,1151.0,1298.0,1437.0,1498.0,1610.5,1677.0,1726.0,3013.0,3090.0,822.0,910.0,1132.0,1256.0,1291.0,1370.0,1496.0,1565.0,2727.0,2778.0,688.0,786.0,971.5,1097.5,1121.5,1228.0,1298.5,1374.5,2803.0,2828.5,655.0,778.0,973.0,1094.5,1145.5,1250.0,1345.5,1417.5,0.0,0.0,0.0,0.0,0.0,0.0,0.0,0.0,0.0,0.0,2696.0,2721.5,692.0,823.5,1031.0,1133.0,1187.0,1279.0,1417.5,1443.5,3460.0,2932.0,4001.0,3631.0,3469.0,3879.0,3927.0,3951.0,4281.0,3949.0,1658.0,1490.0,811.0,844.0,894.0,1030.0,1169.0,1265.0,1110.0,1344.0,0.0,0.0,0.0,0.0,0.0,0.0,0.0,0.0,0.0,0.0,0.0,0.0,0.0,0.0,0.0,0.0,0.0,0.0,0.0,0.0,1247.0,1038.0,229.0,347.0,305.0,509.0,691.0,696.0,781.0,776.0,0.0,0.0,0.0,0.0,0.0,0.0,0.0,0.0,0.0,0.0,1916.0,1435.5,832.0,991.0,857.5,1327.0,2134.5,2291.0,2311.5,2316.0,0.0,0.0,0.0,0.0,0.0,0.0,0.0,0.0,0.0,0.0,1831.0,1684.0,340.0,474.0,523.0,721.0,939.0,980.0,1004.0,1095.0,1607.0,1367.0,331.0,430.0,412.0,668.0,991.0,1102.0,1181.0,1135.0,2334.0,2038.5,523.0,716.0,715.5,1028.0,1659.5,1782.0,1906.0,1866.5,0.0,0.0,0.0,0.0,0.0,0.0,0.0,0.0,0.0,0.0,2420.0,2099.5,694.0,812.5,931.5,1194.0,1397.5,1548.0,1698.5,1696.0,3099.5,2743.0,1341.5,1389.0,1493.5,1688.5,1914.5,2043.5,2407.5,2255.0,2788.0,2858.0,666.0,790.0,945.0,1071.0,1124.0,1200.0,1319.0,1378.0,"{""type"":""MultiPoint"",""coordinates"":[]}"
1266,3,158.5,161.0,621.0,809.0,897.0,905.5,607.5,605.5,574.0,452.0,1459.5,1369.0,536.5,674.0,821.0,919.0,923.0,992.0,1044.5,1058.0,206.0,177.0,395.5,429.0,513.0,627.0,568.5,667.0,634.5,629.5,188.5,204.5,351.5,464.0,511.0,677.5,571.5,635.0,597.0,563.5,368.5,277.5,306.0,517.5,436.5,764.0,783.0,864.0,809.0,796.0,967.5,622.5,339.0,664.0,394.5,968.0,1701.5,1829.5,1774.5,1747.5,1544.5,816.5,258.0,569.0,235.5,851.0,2667.0,3330.0,3357.5,3338.0,1639.5,788.0,222.0,480.5,186.5,767.5,2974.0,4080.0,4144.0,4154.0,1352.5,662.5,179.0,367.0,169.0,603.5,2587.5,3828.5,3941.5,3994.0,1127.5,524.0,134.5,306.0,155.0,525.5,2359.5,3772.5,3980.5,4002.0,1179.0,557.0,168.5,332.5,159.5,528.0,2500.5,3999.0,4125.5,4222.0,220.0,208.5,497.5,610.5,669.5,705.5,499.0,503.5,495.5,382.5,1165.5,552.5,164.5,356.5,142.0,550.5,2662.5,4182.0,4392.0,4383.0,1630.5,750.0,1575.5,1829.5,1356.5,2028.5,3695.5,4661.5,4853.0,4917.5,1755.0,875.0,1211.0,1466.0,1065.5,1944.5,3615.5,4333.0,4462.0,4667.0,1725.0,887.0,885.0,1294.5,971.0,1882.5,3670.0,4294.5,4513.5,4581.0,1847.5,1013.5,494.0,1159.5,950.0,2030.5,3567.0,4052.0,4296.5,4315.5,2504.5,1504.0,784.5,1467.0,1501.0,2557.5,3589.0,3925.0,4216.5,4349.0,3032.0,1936.5,1020.0,1700.5,1997.5,2951.5,3713.0,4094.5,4436.0,4523.5,3786.0,2662.5,984.0,1421.0,1768.0,2464.0,2885.0,3112.0,3415.0,3504.0,3727.0,2757.0,1118.0,1557.5,2215.0,2548.5,2717.5,2901.5,3287.5,3274.0,0.0,0.0,0.0,0.0,0.0,0.0,0.0,0.0,0.0,0.0,0.0,0.0,0.0,0.0,0.0,0.0,0.0,0.0,0.0,0.0,2022.0,1638.0,804.0,947.0,1159.0,1280.5,1402.5,1553.0,1596.5,1628.5,5516.0,5691.5,5572.5,5327.5,5297.5,5388.5,5206.5,5256.0,5219.0,5135.0,250.0,204.0,230.0,334.5,373.0,467.0,428.0,471.5,503.5,437.0,0.0,0.0,0.0,0.0,0.0,0.0,0.0,0.0,0.0,0.0,97.5,119.0,135.5,218.0,277.0,384.0,262.5,273.0,215.0,170.5,0.0,0.0,0.0,0.0,0.0,0.0,0.0,0.0,0.0,0.0,0.0,0.0,0.0,0.0,0.0,0.0,0.0,0.0,0.0,0.0,366.5,279.0,229.5,341.5,482.0,596.5,605.0,694.0,771.5,764.5,2085.5,1555.5,535.0,678.0,839.0,952.0,1024.5,1148.0,1277.5,1284.5,2926.5,2544.5,832.5,1031.5,1247.0,1393.5,1447.5,1560.5,1714.0,1719.0,2049.5,1642.5,677.5,769.5,910.0,1020.0,1057.5,1147.5,1245.0,1284.5,2915.5,2577.0,1328.0,1478.0,1668.5,1848.5,1940.5,2048.0,2145.0,2208.0,2319.5,2084.0,559.0,736.5,961.5,1069.0,1144.5,1231.5,1308.0,1371.0,"{""type"":""MultiPoint"",""coordinates"":[]}"
1283,75,2298.0,1712.5,517.0,684.5,890.5,1140.5,1393.5,1567.5,1714.5,1830.5,2424.0,1680.0,560.0,893.0,828.0,1365.0,2586.0,2912.0,3061.5,3082.5,2601.0,1855.5,638.5,985.5,928.5,1468.5,2687.0,3056.0,3206.0,3236.0,2816.0,1952.0,641.0,998.0,985.0,1552.0,2696.0,3077.0,3231.0,3269.0,2868.0,2070.0,669.0,1025.0,1004.0,1560.0,2784.0,3130.0,3229.0,3349.0,3068.0,2271.0,719.0,1083.0,1106.0,1574.0,2701.0,3085.0,3215.0,3326.0,3102.0,2271.0,718.0,1083.0,1109.0,1658.0,2720.0,3096.0,3215.0,3334.0,3070.0,2207.0,713.0,1063.0,1114.0,1653.0,2693.0,3030.0,3189.0,3283.0,2905.0,2062.0,695.0,1050.0,1090.0,1651.0,2671.0,2996.0,3185.0,3264.0,3197.0,2293.0,695.0,1112.0,1189.0,1762.0,2612.0,2977.0,3113.0,3211.0,2907.0,2145.0,621.0,1014.0,1085.0,1637.0,2556.0,2876.0,2957.0,3119.0,2500.0,1986.0,609.0,774.0,946.0,1180.0,1417.0,1591.0,1730.0,1814.0,2907.0,2145.0,621.0,1014.0,1085.0,1637.0,2508.0,2843.0,2935.0,3145.0,2740.0,1945.0,558.0,949.0,978.0,1583.0,2406.0,2698.0,2839.0,2989.0,2844.0,1976.0,576.0,974.0,1027.0,1600.0,2463.0,2735.0,2839.0,3022.0,3053.0,2106.0,605.0,1055.0,1102.0,1639.0,2643.0,2975.0,3148.0,3270.0,2708.0,1932.0,611.0,981.0,1078.0,1570.0,2377.0,2671.0,2864.0,2913.0,2451.0,1691.0,560.0,860.0,917.0,1330.0,2113.0,2429.0,2546.0,2655.0,2324.5,1579.0,1367.0,1487.5,1390.5,1726.5,2311.5,2551.0,2663.5,2737.0,2077.0,1405.0,629.0,858.0,886.0,1236.0,2040.0,2291.0,2417.0,2498.0,2060.5,1328.5,415.0,690.5,670.0,1112.0,2161.0,2492.0,2683.5,2773.0,2027.0,1267.0,360.0,673.0,641.0,1124.0,2206.0,2513.0,2568.0,2781.0,1861.0,1357.0,342.0,533.0,666.0,903.0,1093.0,1224.0,1345.0,1428.0,1838.5,1108.0,300.0,596.0,535.0,1038.5,1951.5,2242.0,2309.0,2506.0,1951.0,1238.0,329.0,624.0,563.0,1016.0,1966.0,2194.0,2322.0,2422.0,2066.0,1425.0,443.0,712.0,625.0,1130.0,1767.0,1963.0,2096.0,2157.0,2173.5,1502.5,476.5,760.5,716.0,1238.5,1762.0,1953.5,2082.5,2198.0,2266.5,1573.0,425.0,737.5,768.5,1260.0,1649.0,1841.5,1966.5,2135.5,0.0,0.0,0.0,0.0,0.0,0.0,0.0,0.0,0.0,0.0,2384.0,1876.0,503.0,743.0,855.0,1192.0,1372.0,1508.0,1635.0,1709.0,2703.0,2253.5,579.5,861.5,1003.5,1340.5,1562.5,1714.5,1834.5,1950.5,2639.0,2103.0,705.0,968.0,1160.0,1530.0,1804.0,1929.0,2111.0,2101.0,2308.0,1743.0,786.0,1012.0,1196.0,1539.0,1868.0,2016.0,2249.0,2264.0,2059.0,1398.0,415.0,681.0,658.0,1162.0,2062.0,2328.0,2454.0,2525.0,2059.0,1398.0,415.0,691.0,658.0,1157.0,2263.0,2549.0,2682.0,2705.0,2027.0,1277.0,439.0,727.0,667.0,1105.0,2263.0,2614.0,2791.0,2796.0,"{""type"":""MultiPoint"",""coordinates"":[]}"
1470,176,2482.0,1917.0,440.0,640.0,897.0,1252.0,1575.0,1679.0,1790.0,1956.0,3145.5,2403.0,782.0,1044.5,1321.5,1763.5,2234.0,2419.0,2582.0,2731.0,3326.0,2547.5,803.5,1066.5,1368.0,1831.5,2245.0,2482.5,2599.5,2707.5,3462.0,2636.0,874.0,1108.0,1403.0,1901.0,2216.0,2493.0,2650.0,2845.0,3457.0,2685.0,915.0,1183.5,1482.5,1870.0,2321.5,2568.0,2660.0,2786.5,3543.5,2710.0,935.0,1167.0,1523.0,1966.5,2343.0,2602.5,2694.5,2884.5,3525.5,2754.0,876.5,1156.0,1471.0,1893.0,2280.5,2534.5,2647.5,2820.5,3515.5,2777.5,945.5,1208.5,1554.5,2030.5,2262.0,2496.0,2513.5,2813.0,3532.5,2798.0,921.0,1199.0,1525.0,1992.0,2292.0,2486.5,2575.0,2820.5,3503.0,2697.0,845.0,1119.0,1468.0,1811.0,2201.0,2444.0,2541.0,2730.0,3566.0,2782.0,864.0,1105.0,1453.0,1854.0,2188.5,2475.5,2523.0,2734.5,2621.5,2005.0,568.5,761.5,948.5,1308.5,1811.5,1988.5,2156.0,2310.0,3469.0,2750.0,973.5,1194.0,1537.5,1930.5,2212.0,2438.5,2471.0,2716.0,3557.5,2716.0,1524.5,1706.5,1886.5,2215.0,2522.0,2771.5,2867.0,2972.0,3429.0,2692.0,1452.0,1596.5,1751.0,2101.0,2390.0,2559.0,2609.0,2829.5,3368.5,2565.0,1116.0,1281.5,1559.5,1865.5,2146.5,2384.5,2441.5,2646.0,3333.0,2662.5,972.0,1214.0,1541.5,1958.5,2180.5,2290.5,2451.0,2678.5,3427.5,2600.0,1423.5,1620.0,1898.5,2276.0,2181.5,2458.5,2621.5,2799.0,3204.5,2537.0,738.0,966.5,1309.5,1717.0,1876.0,2039.0,2056.5,2325.0,3229.0,2682.0,704.0,890.0,1257.0,1595.0,1903.0,1984.0,2091.0,2401.0,3146.0,2589.0,719.5,947.5,1321.0,1670.5,1817.0,1993.5,2121.0,2254.0,0.0,0.0,0.0,0.0,0.0,0.0,0.0,0.0,0.0,0.0,1994.0,1601.0,1871.0,1875.0,1908.0,2177.0,2255.0,2298.0,2431.0,2251.0,3215.0,2532.0,708.0,957.0,1193.0,1615.0,1895.0,2124.0,2302.0,2388.0,0.0,0.0,0.0,0.0,0.0,0.0,0.0,0.0,0.0,0.0,2427.0,1650.0,409.0,675.0,742.0,1160.0,1884.0,2060.0,2274.0,2413.0,2256.0,1516.0,391.0,635.0,690.0,1161.0,2079.0,2483.0,2579.0,2698.0,2151.5,1535.0,498.5,675.5,849.5,1245.5,1835.0,1951.5,2069.5,2165.0,0.0,0.0,0.0,0.0,0.0,0.0,0.0,0.0,0.0,0.0,2488.0,1866.0,489.0,721.0,914.0,1327.0,1858.0,2027.0,2180.0,2369.0,2386.0,1598.0,439.0,700.0,717.0,1270.0,2456.0,2650.0,2851.0,2941.0,2563.0,1809.0,546.0,785.0,929.5,1358.5,2002.0,2340.5,2452.0,2600.0,2580.0,1924.0,777.0,934.0,1118.0,1514.0,2044.0,2364.0,2405.0,2563.0,2584.0,1870.0,841.0,1035.0,1215.0,1604.0,2324.0,2515.5,2616.0,2753.5,2862.0,2152.0,740.0,929.5,1180.5,1556.5,2067.5,2407.5,2456.5,2577.0,3273.0,2375.0,701.0,970.0,1265.0,1741.0,2245.0,2529.0,2728.0,2893.0,"{""type"":""MultiPoint"",""coordinates"":[]}"
1488,75,1716.0,1429.0,353.0,394.0,530.0,803.0,1067.0,1220.0,1364.0,1449.0,2193.0,1502.0,408.0,689.0,616.0,1107.0,2723.0,3111.0,3399.0,3350.0,2380.0,1578.0,480.0,804.0,771.0,1289.0,2929.0,3353.0,3684.0,3618.0,2533.0,1661.5,525.0,841.0,885.5,1376.5,2981.0,3468.5,3806.0,3840.5,2338.5,1528.5,529.5,846.5,895.0,1330.0,2805.0,3420.5,3670.5,3632.5,2368.5,1542.0,567.0,909.5,976.5,1436.5,2977.0,3381.5,3716.5,3684.0,2739.0,1812.0,649.0,1030.0,1178.0,1596.0,3197.0,3763.0,4075.0,4099.0,2740.0,1766.0,617.0,1032.0,1136.0,1637.0,3136.0,3854.0,4077.0,4079.0,2759.0,1810.0,631.0,1040.0,1207.0,1705.0,3136.0,3859.0,3944.0,4134.0,2734.5,1790.5,655.0,1064.5,1204.0,1701.5,3089.0,3645.0,3895.5,3981.5,2610.0,1715.0,623.5,1024.0,1185.5,1609.0,3003.0,3554.0,3819.5,3937.0,1794.5,1589.5,506.0,577.0,685.5,973.0,1256.5,1397.0,1520.5,1546.5,2613.0,1710.0,610.0,1007.5,1172.0,1586.5,2955.5,3507.5,3687.5,3878.5,2483.0,1601.0,550.0,955.0,1135.0,1647.0,2789.0,3341.0,3578.0,3674.0,2457.0,1627.0,590.0,917.0,1122.0,1581.0,2623.0,3128.0,3199.0,3475.0,2303.0,1555.0,799.0,1021.0,1187.0,1634.0,2604.0,2909.0,3039.0,3167.0,2366.0,1634.5,715.0,1000.0,1192.5,1588.5,2378.0,2688.5,2837.5,2998.5,2247.0,1599.0,572.0,915.0,1084.0,1485.0,2262.0,2570.0,2650.0,2830.0,2074.0,1431.0,689.0,971.5,1153.5,1542.0,2304.0,2589.5,2742.5,2842.0,1861.0,1286.0,580.0,772.0,902.0,1210.0,2198.0,2553.0,2754.0,2766.0,1880.0,1273.0,492.0,753.5,836.0,1247.5,2199.5,2514.0,2752.0,2760.0,1697.5,1062.5,444.5,647.0,662.5,1115.0,2239.5,2622.0,2612.0,2859.0,1639.0,1463.0,355.0,465.0,633.0,869.0,1027.0,1125.0,1300.0,1332.0,1562.0,968.0,310.0,539.0,541.0,985.0,2114.0,2457.0,2560.0,2648.0,483.0,252.0,560.0,598.0,464.0,665.0,1206.0,1281.0,1274.0,1294.0,1634.0,1001.0,548.0,764.0,687.0,1179.0,2084.0,2310.0,2495.0,2495.0,1703.5,1073.0,539.0,770.5,676.0,1201.0,2064.0,2265.5,2440.5,2513.5,1423.0,877.0,323.0,580.0,532.0,1115.0,1660.0,1825.0,1980.0,2067.0,0.0,0.0,0.0,0.0,0.0,0.0,0.0,0.0,0.0,0.0,2068.0,1791.0,291.0,489.0,695.0,1026.0,1370.0,1460.0,1706.0,1712.0,486.0,334.0,217.0,167.0,161.0,255.0,376.0,435.0,483.0,476.0,1986.0,1557.0,538.0,784.0,967.0,1292.0,1806.0,2013.0,2160.0,2140.0,1995.0,1497.5,582.0,740.0,849.0,1243.5,1971.5,2194.0,2398.0,2337.0,1808.0,1253.0,385.5,573.5,595.5,1054.5,2001.5,2245.0,2430.0,2441.0,2042.0,1387.0,294.0,601.0,545.0,1001.0,2385.0,2760.0,3018.0,3055.0,2044.0,1387.0,364.0,634.0,550.0,1086.0,2765.0,3266.0,3445.0,3381.0,"{""type"":""MultiPoint"",""coordinates"":[]}"
1643,6,1075.0,938.0,196.0,283.0,398.0,480.0,511.0,536.0,625.0,609.0,1909.5,1683.5,651.5,759.0,909.5,991.5,1068.0,1143.5,1242.0,1257.5,1994.0,1812.0,762.0,812.0,955.0,1021.0,1056.0,1142.0,1211.0,1239.0,1947.0,1830.0,623.0,709.0,869.0,941.0,953.0,1060.0,1118.0,1154.0,1989.5,1763.0,679.0,805.5,937.0,1055.5,1150.0,1228.0,1302.5,1337.5,2077.0,1588.0,654.0,843.0,867.0,1161.0,1792.0,1909.0,1970.0,1996.0,2055.0,1391.0,609.0,842.0,759.0,1151.0,2415.0,2674.5,2738.0,2741.5,2011.0,1193.5,523.0,805.5,649.0,1127.0,2907.0,3339.5,3312.0,3399.0,1879.0,1143.0,521.5,829.5,667.5,1178.0,2811.5,3190.0,3132.0,3249.5,1728.0,1087.0,549.0,890.0,733.0,1263.0,2482.0,2707.0,2797.0,2753.0,1714.5,1140.0,607.0,969.5,792.5,1389.0,2392.5,2578.5,2588.5,2670.0,1285.5,1134.5,340.0,417.0,533.5,593.0,618.0,679.5,758.0,766.5,2134.0,1530.0,803.0,1150.0,1181.0,1655.0,2127.0,2296.0,2410.0,2465.0,2538.0,1696.0,2395.0,2594.0,2341.0,2642.0,3144.0,3493.0,3450.0,3430.0,2371.5,1766.0,1334.0,1416.5,1492.0,1704.5,1922.5,2102.0,2133.5,2225.0,2380.0,1823.0,1066.0,1165.0,1338.5,1502.0,1561.5,1686.0,1803.0,1880.5,3183.0,2346.0,983.0,1205.0,1680.0,1871.0,1900.0,2141.0,2418.0,2512.0,2197.5,1826.0,704.5,830.5,1082.5,1202.0,1228.5,1325.0,1444.5,1496.0,2195.5,1812.0,665.5,808.5,1085.0,1183.0,1209.0,1299.5,1417.0,1455.0,2144.0,1839.0,707.0,839.0,1057.0,1182.0,1206.0,1309.0,1417.0,1465.0,2080.0,1743.0,602.5,772.0,1007.5,1124.5,1174.5,1260.0,1409.0,1452.5,0.0,0.0,0.0,0.0,0.0,0.0,0.0,0.0,0.0,0.0,0.0,0.0,0.0,0.0,0.0,0.0,0.0,0.0,0.0,0.0,1846.0,1651.0,599.0,622.0,785.0,884.0,886.0,956.0,1047.0,1108.0,0.0,0.0,0.0,0.0,0.0,0.0,0.0,0.0,0.0,0.0,1340.0,1178.0,380.5,494.0,509.5,672.0,883.5,920.0,1000.5,1015.0,4835.0,4708.0,4178.0,4194.0,4268.0,4449.0,4420.0,4479.0,4631.0,4449.0,1321.0,1151.0,245.0,311.0,407.0,537.0,672.0,794.0,883.0,886.0,0.0,0.0,0.0,0.0,0.0,0.0,0.0,0.0,0.0,0.0,0.0,0.0,0.0,0.0,0.0,0.0,0.0,0.0,0.0,0.0,1232.0,1089.0,202.0,287.0,389.0,473.0,579.0,639.0,689.0,720.0,1460.0,1256.0,278.5,395.5,493.5,621.5,781.5,841.5,947.0,927.0,1559.0,1342.0,401.0,500.0,571.0,711.0,904.0,973.0,1083.0,1064.0,1581.0,1221.0,1454.0,1352.5,1347.0,1394.0,1325.0,1338.5,1678.0,1333.5,1639.5,1409.5,464.5,554.5,699.5,782.5,801.0,874.5,989.0,989.5,1842.0,1610.0,578.0,697.0,869.0,946.0,989.0,1051.0,1149.0,1175.0,"{""type"":""MultiPoint"",""coordinates"":[]}"
1685,3,2056.5,1652.5,958.0,968.5,1141.5,1372.5,1469.5,1632.5,1541.0,1796.5,2546.0,2344.0,811.0,1077.0,1339.0,1447.0,1511.0,1606.0,1748.0,1737.0,307.0,303.0,442.0,661.0,690.0,771.0,531.0,613.0,551.0,431.0,666.0,617.0,1030.0,1315.0,1492.0,1701.0,1502.0,1471.0,1428.0,1333.0,430.0,350.0,505.5,647.5,701.0,856.5,792.5,916.0,902.0,888.5,673.0,444.0,350.0,590.0,532.0,846.0,1041.0,1132.0,1140.0,1132.0,1158.5,770.0,441.5,672.0,616.0,937.5,1468.0,1636.0,1607.5,1653.0,1398.0,801.5,329.5,598.0,362.0,834.0,2097.0,2504.0,2530.0,2527.5,1690.0,794.0,259.5,536.0,248.0,770.0,2819.5,3812.0,3683.0,3883.5,1510.0,664.0,198.0,418.0,190.0,614.0,2896.0,4159.0,4125.0,4274.0,1371.5,593.5,212.0,399.5,178.5,575.0,2727.5,4084.0,4181.0,4242.0,2817.5,2318.0,542.0,796.5,1119.0,1318.5,1416.0,1538.0,1726.0,1731.5,1326.0,592.0,217.0,406.0,186.0,584.0,2635.0,4021.0,4233.0,4181.0,1328.0,588.0,153.0,341.0,137.0,511.5,2692.5,4198.5,4350.5,4463.5,1561.5,681.5,2077.0,2061.5,1598.5,1988.0,3086.0,3961.5,4001.5,4153.0,1390.5,577.5,856.5,1042.0,658.5,1199.5,3112.0,4232.5,4390.0,4519.0,1394.0,651.0,440.0,768.0,456.0,1135.0,3103.0,4071.0,4349.0,4351.0,1461.0,696.0,365.0,794.0,424.0,1364.0,3350.0,4167.0,4388.0,4454.0,1672.0,863.0,213.5,758.0,474.0,1563.0,3291.0,3872.0,4171.5,4277.0,2302.0,1387.0,563.0,1192.0,1284.0,2391.0,3188.0,3632.0,4022.0,4105.0,4844.0,3129.0,1329.5,1925.5,2773.5,3422.5,3751.5,4043.5,4553.0,4601.5,0.0,0.0,0.0,0.0,0.0,0.0,0.0,0.0,0.0,0.0,2612.0,2172.0,1560.5,1643.5,1870.5,2060.5,2086.5,2172.5,2247.5,2297.5,1494.0,968.0,485.0,724.0,1032.0,1260.0,1331.0,1433.0,1538.0,1632.0,2524.5,2400.5,1892.0,1949.0,2101.5,2337.5,2314.0,2421.5,2385.5,2486.0,1609.5,1120.0,509.0,679.5,957.0,1182.0,1275.5,1366.5,1495.0,1512.5,1971.0,1351.0,657.0,851.0,1131.0,1332.0,1405.0,1547.0,1575.0,1677.0,2549.0,1915.0,637.0,884.0,1218.0,1474.0,1562.0,1691.0,1940.0,1900.0,0.0,0.0,0.0,0.0,0.0,0.0,0.0,0.0,0.0,0.0,2608.0,2073.0,511.0,715.0,1071.0,1248.0,1307.0,1419.0,1664.0,1668.0,2909.0,2412.5,571.5,802.0,1140.5,1342.5,1415.5,1564.5,1782.5,1782.0,3291.0,2906.0,685.0,952.0,1304.0,1450.0,1556.0,1679.0,1923.0,1944.0,3262.0,2842.0,644.0,899.0,1268.0,1435.0,1533.0,1725.0,1935.0,1991.0,1072.0,947.5,145.0,252.5,370.0,421.5,454.5,511.0,591.5,588.0,2051.5,1805.0,462.0,598.0,812.5,904.5,979.0,1063.0,1208.0,1240.5,2308.0,2115.0,588.0,748.0,1018.0,1126.0,1205.0,1311.0,1446.0,1448.0,"{""type"":""MultiPoint"",""coordinates"":[]}"
1698,54,2941.0,2638.0,504.0,747.0,1045.0,1207.0,1241.0,1351.0,1470.0,1526.0,3397.5,3132.0,709.0,991.5,1306.0,1487.0,1661.5,1815.0,1951.5,1991.5,3250.0,2837.0,595.0,891.0,1131.0,1398.0,1785.0,1953.0,2093.0,2198.0,3104.0,2738.0,612.0,901.0,1045.0,1387.0,2105.0,2342.0,2431.0,2482.0,2636.0,2058.5,512.0,816.0,839.5,1265.5,2689.5,3181.5,3310.5,3337.5,2393.5,1702.5,444.5,745.0,674.5,1224.0,3323.5,4074.0,4184.5,4271.0,1984.5,1151.5,314.5,635.0,434.5,1063.5,3789.5,4811.5,4997.5,4972.0,1859.0,962.0,277.5,608.5,338.0,1085.5,4167.5,5296.5,5417.0,5493.5,2074.0,1254.5,355.5,742.5,513.0,1267.5,3770.5,4658.0,4777.5,4902.5,1971.0,1146.0,395.0,827.0,630.0,1467.0,3614.0,4316.0,4590.0,4641.0,1928.0,1155.5,438.0,844.5,656.5,1531.0,3457.5,4120.5,4297.0,4448.5,3164.0,2859.0,543.0,838.0,1174.0,1309.0,1390.0,1512.0,1680.0,1697.0,1896.0,1138.5,420.5,820.5,739.5,1599.5,3123.5,3627.0,3892.5,4007.5,3331.5,2352.5,1287.5,1523.5,1545.5,2134.0,2885.0,3258.0,3499.0,3657.0,3686.0,3377.0,1452.0,1605.0,1739.0,1937.0,2102.0,2227.0,2265.0,2385.0,4129.0,3824.0,1158.5,1392.0,1698.0,1923.0,2022.0,2200.0,2341.0,2417.5,4050.0,3808.0,825.0,1193.0,1662.0,1850.0,1945.0,2085.0,2294.0,2330.0,3469.5,3192.5,692.0,971.5,1329.0,1499.5,1581.5,1727.0,1830.0,1931.5,3443.0,3151.0,701.0,1005.0,1369.5,1525.0,1625.0,1761.0,1897.5,1965.0,3369.0,3199.0,754.0,1016.0,1350.0,1496.0,1607.0,1743.0,1828.0,1894.0,3309.0,3046.5,693.5,1016.5,1370.5,1520.0,1617.0,1750.5,1898.5,1920.5,1489.0,1049.0,2618.0,2296.0,2129.0,2197.0,2126.0,2163.0,1988.0,2084.0,0.0,0.0,0.0,0.0,0.0,0.0,0.0,0.0,0.0,0.0,1856.0,1546.0,689.0,783.0,958.0,1074.0,1120.0,1212.0,1218.0,1259.0,1625.0,1235.0,431.0,537.0,680.0,834.0,838.0,935.0,895.0,1012.0,3276.0,2951.5,711.5,1042.5,1278.0,1559.5,1723.0,1837.0,1984.0,2024.5,0.0,0.0,0.0,0.0,0.0,0.0,0.0,0.0,0.0,0.0,3605.0,3413.0,793.0,1142.0,1461.0,1713.0,1835.0,1975.0,2159.0,2104.0,0.0,0.0,0.0,0.0,0.0,0.0,0.0,0.0,0.0,0.0,0.0,0.0,0.0,0.0,0.0,0.0,0.0,0.0,0.0,0.0,4035.0,3847.0,914.0,1257.0,1710.0,1885.0,2013.0,2161.0,2370.0,2374.0,4077.0,3760.0,906.0,1361.0,1804.0,2003.0,2119.0,2260.0,2433.0,2464.0,3964.0,3783.0,1000.0,1376.0,1806.0,1969.0,2118.0,2271.0,2459.0,2439.0,3896.0,3547.0,835.0,1215.0,1620.0,1827.0,2022.0,2153.0,2339.0,2353.0,3368.0,3138.5,592.5,848.0,1180.5,1334.5,1441.5,1612.5,1782.0,1811.5,2606.0,2393.0,526.0,767.0,1012.0,1145.0,1259.0,1393.0,1471.0,1558.0,"{""type"":""MultiPoint"",""coordinates"":[]}"
1782,208,1453.0,1084.5,530.5,744.5,803.5,1028.5,1483.0,1585.0,1641.5,1621.5,1311.5,715.5,486.0,807.0,551.5,1163.0,3191.0,3845.0,3945.5,3893.0,1340.5,740.5,526.0,837.0,570.5,1189.0,3194.0,3824.5,3949.5,3876.5,1691.0,970.0,619.0,1059.0,856.5,1611.0,3178.5,3740.5,3879.5,3852.0,1889.5,1213.0,792.0,1154.5,1215.5,1764.0,3098.5,3468.0,3745.0,3684.0,2861.5,1884.5,1148.5,1628.0,2137.0,2786.5,3189.5,3465.5,3725.0,3704.0,3410.0,2292.0,1421.0,1971.0,2779.5,3142.5,3260.5,3450.0,3690.5,3762.0,3538.5,2404.0,1530.5,2085.5,2910.0,3293.5,3392.0,3602.5,3891.0,3852.5,3578.0,2498.0,1591.5,2200.5,3064.0,3447.0,3465.0,3670.0,3808.5,3901.0,3609.0,2506.0,1652.0,2259.0,3135.0,3515.5,3490.0,3668.0,3772.5,3909.5,3649.5,2558.0,1624.0,2246.0,3056.5,3448.0,3384.0,3584.5,3641.5,3805.0,1555.0,1151.5,572.0,814.5,878.0,1111.5,1599.0,1734.5,1798.0,1773.0,3052.0,2513.5,1166.0,1634.0,2013.0,2176.5,2037.5,2124.0,2129.0,2193.5,3098.0,2667.5,1291.5,1788.0,2137.0,2314.0,2208.5,2279.5,2303.5,2272.5,3131.0,2613.0,1321.0,1828.0,2189.5,2413.5,2208.5,2279.5,2303.5,2288.0,2987.0,2568.5,1286.0,1739.5,2062.0,2235.5,2228.0,2280.0,2324.0,2312.0,2879.5,2504.0,1249.0,1690.5,2020.0,2163.5,2143.0,2212.5,2287.0,2267.5,2813.0,2393.5,1212.0,1652.0,1967.5,2122.5,2071.0,2135.0,2199.0,2177.0,2772.5,2307.5,1187.5,1610.0,1911.5,2077.5,1998.0,2090.5,2139.0,2127.5,2684.0,2249.0,1187.5,1610.0,1886.0,2017.5,1966.0,2048.0,2137.5,2085.0,2565.5,2175.5,958.5,1403.0,1704.5,1805.0,1827.0,1878.5,1951.0,1898.5,2212.0,1810.0,822.5,1213.0,1463.0,1579.5,1495.5,1589.0,1639.0,1618.5,1501.0,1109.5,507.5,757.0,830.0,1059.5,1586.5,1734.5,1821.5,1780.5,2622.0,2202.0,988.0,1397.0,1688.0,1851.5,1781.5,1832.0,1837.0,1928.5,2689.5,2385.5,1146.5,1558.5,1866.0,2000.0,1942.0,2029.5,2125.5,2099.5,2309.0,2036.0,776.0,1110.5,1366.5,1501.5,1504.5,1581.0,1685.0,1663.5,2320.0,1982.0,764.5,1129.5,1400.5,1508.0,1514.5,1597.0,1678.0,1655.0,2645.0,1802.0,3064.0,3014.0,2984.0,3144.0,3157.0,3196.0,3341.0,3249.0,2180.0,1867.0,1360.0,1444.0,1559.0,1658.0,1709.0,1803.0,1967.0,1829.0,1639.5,1231.0,532.5,793.0,866.5,1134.5,1717.0,1919.5,1974.0,1966.0,2139.5,1789.5,946.0,1159.0,1192.5,1501.5,2257.5,2523.0,2592.5,2553.5,2098.0,1705.0,924.5,1172.0,1182.5,1529.5,2432.0,2699.5,2838.5,2768.5,1104.5,718.5,465.5,651.0,552.0,891.0,1972.0,2275.5,2326.0,2280.0,1199.0,768.0,507.5,720.5,599.0,977.5,2211.5,2572.5,2631.0,2573.5,1292.5,814.5,507.0,772.0,613.0,1064.0,2661.5,3083.0,3183.0,3113.0,1274.0,721.0,483.5,769.5,567.5,1080.0,2832.0,3379.0,3488.0,3417.5,"{""type"":""MultiPoint"",""coordinates"":[]}"
1796,204,2327.5,1975.5,751.0,809.0,972.0,1117.5,1211.0,1330.5,1511.5,1549.0,1905.5,1254.0,422.0,682.0,553.0,1021.0,2403.0,2773.5,2958.5,2972.5,1770.0,1190.5,407.0,623.5,495.5,970.5,2519.5,2992.5,3263.0,3239.0,1744.0,1184.0,416.5,634.0,537.0,984.5,2439.0,2958.0,3245.5,3168.5,1940.0,1303.0,501.5,744.0,707.5,1139.5,2484.0,2993.5,3222.0,3224.5,1940.0,1351.5,499.0,730.0,717.0,1139.5,2450.0,2953.0,3192.5,3197.0,1887.5,1258.5,487.0,716.5,709.5,1089.5,2376.0,2869.5,3162.5,3150.0,1867.0,1258.5,478.0,724.0,722.5,1091.0,2351.0,2869.0,3155.0,3157.5,2061.5,1363.5,511.5,734.0,744.0,1166.0,2336.0,2882.0,3074.0,3157.5,2136.5,1431.5,487.5,733.0,787.0,1220.5,2336.0,2853.5,3035.5,3125.5,2003.5,1334.5,470.5,720.5,779.5,1169.5,2208.5,2697.0,2843.5,2965.0,2430.5,2060.5,607.5,727.5,933.5,1078.0,1186.0,1305.0,1498.5,1536.0,2157.0,1503.5,439.5,705.5,771.0,1160.0,2230.0,2730.5,2853.5,3013.0,2130.5,1437.5,432.0,699.0,758.5,1154.0,2215.5,2627.5,2831.0,2896.0,2080.5,1401.0,468.5,702.0,775.5,1168.5,2215.0,2637.5,2803.0,2922.5,1935.5,1318.5,523.5,686.5,793.5,1128.0,2063.5,2470.5,2730.0,2759.5,1935.5,1318.5,488.5,686.0,773.5,1118.0,2035.5,2460.5,2690.5,2709.0,2093.5,1465.0,509.0,700.0,816.5,1144.5,2002.0,2430.0,2638.5,2708.5,2186.0,1487.5,592.5,785.5,887.5,1237.0,2040.5,2414.5,2625.5,2718.0,2217.5,1490.0,707.5,894.0,1029.5,1347.5,2043.5,2414.5,2625.5,2667.0,2113.5,1410.5,401.5,635.5,767.0,1126.5,2111.5,2436.5,2701.0,2783.5,2204.0,1546.5,572.5,774.5,884.5,1369.0,2254.0,2555.5,2816.5,2899.5,2213.5,1860.0,460.0,587.0,818.0,954.0,1074.5,1204.0,1388.0,1411.5,2013.5,1355.5,476.5,678.0,790.0,1277.0,1887.0,2120.5,2292.5,2453.0,2154.5,1456.5,696.5,860.5,1064.5,1475.0,1788.0,1986.5,2218.0,2295.5,3753.5,3172.0,1730.0,1779.5,1982.0,2201.5,2259.0,2422.0,2655.5,2665.5,2321.5,1862.5,539.5,644.0,841.0,1018.5,1115.0,1246.5,1450.5,1476.5,3672.0,2846.0,2604.5,2516.0,2680.5,2961.0,3078.5,3240.5,3343.5,3419.5,0.0,0.0,0.0,0.0,0.0,0.0,0.0,0.0,0.0,0.0,2526.5,2182.0,503.5,642.5,844.0,1026.5,1138.0,1276.5,1440.5,1484.5,3304.5,3014.0,1653.5,1724.5,1863.0,2061.0,2231.5,2335.5,2575.0,2482.5,3450.0,3145.5,1722.0,1805.0,1943.5,2141.0,2398.0,2503.5,2757.5,2642.5,2039.5,1598.5,479.5,559.0,637.0,845.5,1286.0,1429.0,1656.5,1605.0,2349.5,1930.5,615.5,710.0,773.5,1014.5,1533.0,1724.5,1935.5,1898.5,2163.5,1702.5,576.5,687.0,727.0,976.5,1544.5,1759.5,1906.5,1908.5,2421.0,1916.5,618.0,772.0,840.5,1112.5,1654.0,1877.5,2086.0,2047.5,"{""type"":""MultiPoint"",""coordinates"":[]}"
1817,36,2101.0,1111.0,361.0,617.5,434.5,1033.0,2899.5,3325.0,3545.5,3534.5,3470.0,2338.5,740.0,1053.0,1103.0,1676.5,2682.5,3022.5,3334.0,3375.0,2926.5,1837.0,664.0,945.0,879.5,1451.0,3062.0,3509.0,3755.5,3766.5,2007.5,1036.0,297.5,549.0,332.5,899.0,3198.5,3727.5,3963.0,3892.0,2003.0,1029.5,297.5,529.5,323.0,851.5,3296.5,4069.0,4235.0,4174.5,3998.5,2727.5,958.5,1248.0,1412.0,1943.5,2790.5,3106.5,3279.0,3408.0,2508.0,1451.0,374.0,665.5,488.5,1103.0,3233.5,3692.0,3820.0,3872.0,1821.0,869.5,340.0,588.0,394.0,933.0,3297.0,3950.0,4174.0,4123.0,3858.5,2875.0,752.0,1043.0,1319.0,1766.0,2391.5,2689.5,2859.0,2989.0,2767.5,1735.5,491.5,803.5,795.5,1322.0,2430.5,2748.5,2878.0,3009.5,2420.0,1272.5,354.0,630.0,462.5,1030.0,3220.0,3883.0,3909.0,4041.5,2294.5,1265.0,392.5,671.0,505.5,1095.0,2853.5,3243.0,3461.5,3505.0,2002.0,1036.5,326.5,548.0,442.5,1021.0,3220.0,3887.0,3961.5,4087.5,4145.5,3147.5,834.0,1146.0,1511.0,1933.5,2289.5,2497.5,2737.0,2870.5,3566.0,2409.5,982.5,1256.0,1219.0,1733.0,2289.5,2497.5,2737.0,2870.5,2930.5,1882.5,594.5,873.5,808.0,1280.0,2682.5,3097.0,3276.5,3259.5,2031.5,1033.0,403.0,590.5,416.0,887.0,2672.0,3155.0,3296.0,3310.0,2418.0,1482.5,411.0,645.0,536.0,1028.0,2454.5,2885.0,3099.0,3073.5,3676.0,2812.0,852.0,1079.0,1271.5,1650.0,2035.0,2267.5,2469.0,2583.0,3434.0,2601.5,1863.5,1966.0,1877.0,2306.5,3466.0,3785.5,3947.5,3962.5,2042.0,1040.0,262.5,534.0,297.0,861.0,3439.0,4038.0,4242.0,4126.5,2036.0,954.0,262.5,528.0,266.5,861.0,3439.0,4038.0,4203.5,4149.0,2260.0,1254.5,275.5,552.5,449.0,1016.0,2702.5,3080.0,3375.0,3359.5,1955.5,877.5,235.0,492.5,256.5,806.0,3263.0,3902.5,3979.5,4019.0,1963.0,910.0,202.0,469.0,288.5,802.0,3221.0,3808.0,3993.5,3993.0,2681.5,1700.0,625.5,815.0,823.0,1256.5,2489.5,2884.5,3165.5,3145.5,3522.0,2620.5,920.0,1228.5,1532.5,1891.0,2149.0,2364.5,2683.0,2741.0,3888.5,2834.5,865.5,1170.0,1547.5,1963.5,2398.5,2657.0,2897.0,3018.0,0.0,0.0,0.0,0.0,0.0,0.0,0.0,0.0,0.0,0.0,3084.0,2428.5,564.0,781.5,984.0,1296.5,1623.5,1810.5,2000.5,2076.5,2917.5,2183.5,474.0,713.5,784.0,1172.5,2095.5,2402.5,2599.5,2637.5,2510.0,1571.5,344.0,611.0,533.0,1000.5,2697.5,3075.0,3377.5,3306.0,2501.5,1518.0,332.0,597.5,499.5,952.5,2697.5,3192.5,3531.5,3409.0,2480.0,1540.0,371.5,590.0,515.0,933.0,2675.0,3144.0,3415.5,3390.5,2151.0,1216.5,325.5,575.5,426.5,924.0,2675.0,3144.0,3415.5,3390.5,2151.0,1216.5,328.5,598.0,426.5,941.5,2764.5,3247.0,3517.5,3433.0,"{""type"":""MultiPoint"",""coordinates"":[]}"
1907,1,2703.0,2423.0,589.0,759.0,1048.0,1199.0,1269.0,1335.0,1475.0,1531.0,3175.0,2972.0,683.5,828.0,1109.5,1255.5,1363.5,1492.5,1653.5,1729.5,3034.5,2976.5,663.5,783.0,1066.5,1236.5,1379.0,1528.5,1516.0,1721.5,3038.0,3172.0,675.0,779.0,1008.0,1151.0,1227.0,1361.0,1475.0,1589.0,2953.0,2906.0,727.5,844.5,1040.0,1227.0,1406.5,1536.5,1663.0,1732.5,2978.0,2921.0,706.0,844.5,1034.0,1232.5,1452.5,1586.5,1685.0,1798.0,2696.5,2453.5,618.5,775.0,875.5,1070.5,1585.5,1814.0,1897.5,1984.5,2302.5,1770.0,459.0,642.0,621.5,870.5,1942.5,2378.0,2362.0,2552.5,1883.5,1063.5,299.0,513.0,351.0,682.0,2595.0,3534.5,3425.0,3658.0,1667.0,731.0,194.0,437.0,226.0,580.0,3100.0,4532.0,4631.0,4683.0,1673.0,706.5,221.0,444.0,231.5,609.5,3217.5,4992.0,5023.5,5138.0,2717.0,2494.0,516.0,700.0,963.0,1098.0,1191.0,1236.0,1435.0,1463.0,1620.0,671.0,284.0,486.0,284.0,662.0,3046.0,4864.0,5004.0,5069.0,1783.5,753.5,1362.0,1411.0,1112.5,1411.5,3222.0,4552.5,4784.0,4903.0,1681.0,752.5,1786.0,1849.0,1587.5,1856.5,2963.5,3793.0,3854.5,4010.0,1760.5,825.0,750.0,892.5,725.0,1064.0,2735.0,3805.5,4037.5,4144.5,1694.0,881.0,320.0,539.0,458.0,847.0,2339.0,3166.0,3446.0,3538.0,1884.5,1042.0,353.0,580.0,608.5,1018.5,2041.5,2538.5,2803.0,2951.5,2211.5,1316.5,393.5,639.5,832.0,1287.5,1965.5,2327.5,2588.5,2796.0,2388.0,1477.0,424.0,622.0,957.0,1362.0,1786.0,2131.0,2471.0,2615.0,2829.0,1712.0,511.5,814.5,1356.0,1808.0,2234.0,2594.0,2994.5,3151.0,2671.0,2034.0,2283.0,2330.0,2518.0,2763.0,2875.0,3025.0,2725.0,3159.0,449.0,307.0,328.0,309.0,307.0,335.0,352.0,378.0,394.0,442.0,1785.0,1313.0,749.0,814.0,976.0,1109.0,1133.0,1194.0,1277.0,1267.0,0.0,0.0,0.0,0.0,0.0,0.0,0.0,0.0,0.0,0.0,2910.0,2770.0,589.0,724.0,990.0,1140.0,1209.0,1306.0,1415.0,1497.0,2947.0,2733.0,697.0,783.0,987.0,1141.0,1237.0,1308.0,1411.0,1550.0,2013.0,1680.0,426.0,534.0,686.0,820.5,903.0,990.5,1134.5,1182.5,0.0,0.0,0.0,0.0,0.0,0.0,0.0,0.0,0.0,0.0,3052.0,2605.0,703.0,887.0,1158.0,1308.0,1414.0,1536.0,1687.0,1786.0,3028.0,2619.0,647.0,786.0,1062.0,1221.0,1326.0,1474.0,1604.0,1712.0,3121.0,2714.0,682.5,834.0,1101.0,1253.5,1381.0,1511.0,1704.0,1769.5,3320.0,2886.0,777.0,931.0,1190.0,1385.0,1485.0,1645.0,1819.0,1892.0,3363.0,3106.5,2922.0,2815.0,2823.5,2978.5,2993.5,3003.0,3299.0,3036.0,2016.5,1765.0,464.0,539.5,694.5,773.5,856.5,935.0,1059.0,1049.0,3333.0,2918.0,718.0,888.0,1137.0,1312.0,1442.0,1555.0,1704.0,1821.0,"{""type"":""MultiPoint"",""coordinates"":[]}"
1990,69,3154.0,2377.5,695.5,874.0,1368.5,1634.5,1787.5,2007.5,2350.0,2422.5,4782.5,4039.0,1276.0,1636.0,2037.0,2370.5,2716.5,2938.0,3202.0,3284.0,4287.0,3472.0,1136.0,1465.0,1797.0,2179.0,2640.0,2927.0,3210.0,3241.0,4064.0,3199.0,1014.0,1361.0,1605.0,1997.0,2764.0,3061.0,3333.0,3384.0,4001.0,3199.0,1014.0,1348.0,1571.0,2017.0,3025.0,3443.0,3794.0,3819.0,3914.0,2832.0,847.0,1232.0,1423.0,1987.0,3138.0,3642.0,3908.0,3976.0,3638.0,2436.0,691.0,1077.0,1128.0,1775.0,3455.0,4147.0,4454.0,4462.0,3430.0,2177.0,576.0,917.0,903.0,1598.0,3570.0,4408.0,4581.0,4722.0,3323.0,2101.0,568.0,875.0,897.0,1537.0,3570.0,4367.0,4637.0,4672.0,3211.0,2024.0,452.0,781.0,802.0,1403.0,3308.0,4149.0,4334.0,4455.0,3148.0,2024.0,452.0,750.0,784.0,1340.0,3128.0,3927.0,4146.0,4321.0,3558.0,2822.0,756.0,956.0,1400.0,1630.0,1755.0,1986.0,2305.0,2352.0,3213.0,2040.0,550.0,831.0,938.0,1483.0,3071.0,3921.0,4056.0,4310.0,3366.0,2221.0,546.0,828.0,999.0,1538.0,3036.0,3739.0,4052.0,4251.0,3366.0,2152.0,569.0,868.0,1078.0,1598.0,2923.0,3670.0,4020.0,4143.0,3217.5,2061.5,570.5,854.5,1097.5,1584.0,2890.0,3533.5,3938.0,4023.0,3102.0,2001.0,545.0,792.0,1027.0,1496.0,2787.0,3477.0,3871.0,3962.0,3094.0,2000.0,556.0,790.0,1036.0,1510.0,2702.0,3366.0,3684.0,3809.0,3040.5,1958.5,548.5,804.5,1043.5,1514.0,2688.0,3307.0,3635.0,3789.5,2963.5,1905.0,581.5,821.5,1050.0,1494.0,2552.0,3095.0,3521.0,3605.0,3167.0,1953.0,523.0,764.0,1011.0,1553.0,2577.0,3099.0,3544.0,3597.0,3057.0,1856.0,455.0,709.0,1019.0,1615.0,2470.0,2976.0,3291.0,3563.0,3546.5,2773.5,650.5,874.0,1325.0,1561.0,1702.0,1935.5,2246.0,2317.5,2671.0,1624.0,379.0,679.0,921.0,1482.0,2424.0,2852.0,3051.0,3365.0,2512.0,1631.0,379.0,611.0,696.0,1238.0,2044.0,2385.0,2659.0,2777.0,2588.0,1660.0,404.0,615.0,670.0,1214.0,2034.0,2349.0,2643.0,2747.0,3136.0,2139.0,488.0,717.0,970.0,1452.0,1976.0,2309.0,2576.0,2709.0,3079.0,2065.0,695.5,925.0,1328.0,1714.5,2232.0,2528.5,2852.5,2926.5,2345.0,1463.0,472.0,652.0,1018.0,1349.0,1829.0,2110.0,2424.0,2463.0,4629.0,3910.0,1951.0,2231.0,2622.5,2921.5,2999.0,3191.5,3422.0,3452.0,4216.5,3507.0,1848.0,2063.0,2384.0,2669.0,2750.5,2912.5,3118.5,3173.5,4296.0,3602.0,1081.0,1405.0,1858.0,2061.0,2221.0,2389.0,2691.0,2744.0,5027.0,4255.0,1979.5,2281.0,2687.0,2995.0,3224.0,3406.5,3653.5,3719.0,4978.0,4229.5,1971.0,2255.5,2652.0,2978.0,3218.0,3403.0,3581.5,3676.0,4383.0,3781.0,1175.0,1492.0,1903.0,2153.0,2290.0,2551.0,2779.0,2836.0,4444.5,3776.5,1232.0,1552.5,1960.5,2214.0,2436.0,2660.0,2899.0,2978.0,"{""type"":""MultiPoint"",""coordinates"":[]}"
2009,69,1927.0,1682.0,306.0,437.0,584.0,732.0,814.0,915.0,1013.0,1098.0,2918.0,2663.0,829.5,1128.5,1400.0,1609.0,1906.5,2057.0,2172.5,2214.0,2434.0,2126.0,682.5,939.0,1160.5,1365.0,1680.5,1863.5,1853.0,2003.5,2970.5,2650.0,838.0,1153.0,1406.5,1650.0,2038.0,2226.5,2341.0,2420.0,3033.5,2710.5,835.5,1166.5,1432.0,1711.5,2181.0,2406.0,2511.0,2582.0,3003.5,2621.5,846.5,1148.0,1368.0,1688.5,2257.0,2557.5,2607.0,2722.0,3116.0,2678.0,838.5,1181.5,1421.5,1714.5,2387.0,2712.5,2810.5,2901.0,3228.5,2794.5,866.0,1219.0,1475.0,1780.5,2415.0,2733.5,2803.0,2907.0,3206.0,2725.5,879.0,1221.0,1493.5,1798.5,2457.0,2814.5,2903.5,2992.0,3137.0,2575.0,839.0,1206.0,1464.0,1786.0,2505.0,2866.0,3034.0,3043.0,3106.0,2609.0,785.0,1155.0,1405.0,1717.0,2468.5,2837.5,2911.5,3021.0,2433.0,2263.0,396.0,646.0,853.0,1012.0,1115.0,1221.0,1368.0,1413.0,2995.0,2638.0,730.0,1012.0,1257.0,1528.0,2238.0,2593.0,2700.0,2775.0,2961.0,2444.0,1847.0,2008.5,1990.0,2281.0,2790.5,3098.5,3169.5,3211.0,2727.0,2193.0,3034.0,3213.0,3145.0,3328.0,3394.0,3422.0,3347.0,3429.0,2639.5,2193.5,855.0,1088.5,1222.0,1510.5,2186.0,2542.0,2645.5,2740.0,2550.0,2123.0,683.0,923.0,1133.0,1386.0,2036.0,2420.0,2576.0,2646.0,2241.5,1786.5,615.0,827.5,970.5,1227.5,1836.0,2162.0,2263.0,2374.5,2320.0,1821.5,547.5,774.5,922.0,1218.5,1858.5,2191.5,2325.5,2416.0,2613.0,2043.0,667.0,893.0,1066.0,1369.0,1979.0,2329.0,2474.0,2581.0,2280.0,1771.5,538.5,772.0,963.0,1245.5,1741.5,1981.0,2203.5,2270.0,1780.0,1279.0,1996.0,1915.0,1833.5,2022.5,2150.0,2229.5,2351.5,2292.0,0.0,0.0,0.0,0.0,0.0,0.0,0.0,0.0,0.0,0.0,0.0,0.0,0.0,0.0,0.0,0.0,0.0,0.0,0.0,0.0,0.0,0.0,0.0,0.0,0.0,0.0,0.0,0.0,0.0,0.0,1625.0,1164.0,230.0,413.0,407.0,778.0,1080.0,1211.0,1396.0,1431.0,0.0,0.0,0.0,0.0,0.0,0.0,0.0,0.0,0.0,0.0,1763.0,1366.0,276.0,462.0,488.0,811.0,1134.0,1282.0,1409.0,1425.0,0.0,0.0,0.0,0.0,0.0,0.0,0.0,0.0,0.0,0.0,2512.0,2139.0,539.0,770.0,897.0,1169.0,1296.0,1429.0,1552.0,1623.0,2272.0,1979.0,450.0,606.0,764.0,966.0,1084.0,1225.0,1323.0,1370.0,3103.5,2796.0,766.5,1054.5,1274.5,1545.5,1726.5,1876.0,2072.5,2055.0,0.0,0.0,0.0,0.0,0.0,0.0,0.0,0.0,0.0,0.0,2807.5,2419.5,701.5,879.5,1132.0,1338.0,1430.5,1565.0,1676.5,1823.5,3491.0,3210.5,958.5,1248.5,1596.0,1809.0,1931.0,2053.5,2236.0,2249.5,2967.0,2712.0,787.0,1103.0,1394.0,1627.0,1788.0,1906.0,2009.0,2090.0,"{""type"":""MultiPoint"",""coordinates"":[]}"
2040,69,1550.0,1321.0,246.0,408.0,429.0,690.0,1050.0,1237.0,1228.0,1276.0,2644.5,2155.0,724.5,926.0,1124.5,1402.5,1701.0,1854.0,2021.0,2060.5,2539.0,2128.0,677.0,879.0,1035.0,1297.0,1598.0,1721.0,1860.0,1945.0,2570.0,2224.0,718.0,898.0,1030.0,1277.0,1665.0,1821.0,1914.0,2059.0,2571.0,2073.0,687.0,949.0,1068.0,1409.0,1923.0,2082.0,2228.0,2344.0,2650.0,2150.0,739.5,998.5,1089.5,1463.0,2054.5,2293.5,2356.5,2494.0,2623.0,2081.0,712.5,984.5,1033.0,1419.0,2147.5,2417.5,2506.5,2589.0,2645.0,2059.5,697.0,974.0,1018.0,1475.5,2194.5,2457.0,2513.0,2637.5,2646.5,2043.5,696.5,987.5,1051.0,1525.0,2224.0,2491.0,2586.0,2723.0,1853.0,1185.0,358.0,621.0,621.0,1056.0,1831.0,2026.0,2169.0,2216.0,2388.0,1597.0,491.0,832.5,800.0,1405.0,2416.0,2714.0,2821.0,2969.0,1841.0,1462.0,267.0,476.0,473.0,790.0,1526.0,1683.0,1843.0,1831.0,2231.5,1415.5,677.5,971.5,839.0,1449.0,2743.0,3132.0,3258.0,3375.5,2160.5,1183.5,1431.0,1616.5,1385.5,1911.0,3184.5,3669.0,3835.0,3899.5,2261.0,1258.0,3136.0,3296.0,3095.0,3288.0,3628.0,3778.0,3789.0,3845.0,2285.5,1403.5,856.0,1090.5,1028.0,1632.0,2605.5,2971.5,3171.0,3273.0,2196.0,1326.0,517.0,800.0,821.0,1424.0,2410.0,2781.0,3035.0,3149.0,2311.0,1447.0,519.5,754.0,818.0,1324.0,2059.0,2385.5,2595.5,2701.0,2247.0,1357.5,447.5,700.0,738.0,1242.0,2102.5,2393.0,2632.0,2738.5,1551.0,954.0,291.0,478.5,495.0,863.5,1534.5,1779.0,1973.5,1973.0,2402.5,1609.5,482.5,726.5,867.0,1296.0,1932.0,2203.5,2524.5,2541.0,0.0,0.0,0.0,0.0,0.0,0.0,0.0,0.0,0.0,0.0,3015.0,2651.0,2177.0,2271.0,2298.0,2629.0,3129.0,3234.0,3079.0,3331.0,2361.0,1818.0,639.0,746.0,857.0,1122.0,1353.0,1562.0,1672.0,1767.0,0.0,0.0,0.0,0.0,0.0,0.0,0.0,0.0,0.0,0.0,1910.0,1151.0,279.0,616.0,353.0,1077.0,2392.0,2581.0,2657.0,2691.0,1865.0,1067.0,458.0,777.0,434.0,1227.0,2938.0,3204.0,3227.0,3318.0,2136.5,1191.0,347.5,832.0,393.0,1435.0,3751.5,4086.0,4217.0,4288.5,0.0,0.0,0.0,0.0,0.0,0.0,0.0,0.0,0.0,0.0,0.0,0.0,0.0,0.0,0.0,0.0,0.0,0.0,0.0,0.0,1804.0,1116.0,306.0,594.0,387.0,976.0,2508.0,2801.0,2938.0,2909.0,1769.0,1018.5,303.5,620.5,402.5,1072.0,2949.5,3378.5,3509.0,3561.5,1890.0,1081.0,404.0,745.0,462.0,1251.0,3091.0,3508.0,3772.0,3765.0,2035.0,1178.0,521.5,968.5,715.0,1693.5,3163.5,3494.5,3791.5,3753.0,2260.0,1435.0,474.0,844.0,856.0,1521.0,2609.0,2926.0,3292.0,3290.0,2598.0,2098.0,671.0,877.0,1076.0,1364.0,1641.0,1779.0,1970.0,2030.0,"{""type"":""MultiPoint"",""coordinates"":[]}"
2114,176,2217.0,1819.0,467.5,771.5,963.0,1371.0,1676.0,1774.5,1903.5,1977.5,3268.5,2272.0,691.0,1092.5,1262.5,1924.5,2930.5,3303.0,3633.5,3690.0,3585.5,2610.5,1013.5,1448.0,1795.5,2359.5,2993.0,3363.0,3648.0,3732.0,3825.5,2910.5,915.5,1357.0,1810.0,2358.5,2972.5,3301.0,3596.5,3726.5,3834.0,2877.5,953.5,1454.5,1874.0,2462.0,3144.0,3495.0,3743.5,3831.0,3890.0,2886.5,1107.5,1607.0,1997.0,2597.5,3326.5,3598.5,3804.0,3949.5,3962.0,3004.0,1119.0,1609.5,2045.0,2651.0,3320.0,3655.0,3897.5,3976.0,4030.0,3085.5,1099.5,1610.0,2032.0,2629.0,3276.0,3615.5,3820.5,3953.5,3934.5,3059.5,1059.5,1560.5,1981.0,2569.0,3152.5,3482.0,3647.5,3808.5,3983.5,3060.0,1088.0,1600.0,2101.5,2693.0,3183.5,3502.0,3769.0,3851.0,4017.5,3166.5,1099.0,1592.0,2088.0,2680.5,3213.0,3489.0,3686.5,3787.5,2805.0,2408.5,710.5,1085.5,1318.0,1786.0,2208.0,2385.0,2551.5,2592.5,3943.0,3083.0,1215.0,1643.0,2065.5,2587.5,3165.0,3491.0,3669.5,3854.5,4036.5,3435.5,2015.0,2325.5,2603.5,2954.5,3238.5,3477.5,3625.0,3682.5,3861.5,3273.0,1752.0,1988.5,2233.5,2553.5,2831.0,3045.0,3130.5,3326.5,3874.5,3344.0,1352.5,1671.0,2055.0,2514.0,2878.5,3113.0,3303.5,3405.0,3794.0,3225.0,969.5,1448.0,1931.0,2475.5,2818.0,3031.0,3241.5,3333.0,3278.5,2755.0,842.0,1197.5,1592.0,2056.5,2404.5,2582.5,2703.5,2829.5,3341.0,2871.0,850.5,1261.0,1669.0,2110.5,2492.0,2713.0,2846.5,2923.0,3246.5,2842.0,839.5,1203.0,1561.5,1964.5,2333.0,2586.5,2704.0,2861.0,3250.0,2776.0,822.5,1231.5,1619.0,2033.5,2462.0,2679.0,2863.5,2876.0,0.0,0.0,0.0,0.0,0.0,0.0,0.0,0.0,0.0,0.0,0.0,0.0,0.0,0.0,0.0,0.0,0.0,0.0,0.0,0.0,2523.0,2152.5,718.5,1062.5,1290.0,1690.0,2116.0,2350.5,2507.0,2523.5,2421.5,1685.0,922.0,1176.0,1091.5,1714.0,2447.0,2629.5,2700.0,2833.5,1973.0,1310.0,374.5,778.0,638.0,1303.5,2478.5,2765.5,2880.5,2855.5,2193.0,1427.0,611.0,973.0,878.0,1569.0,3080.5,3317.5,3553.5,3520.0,2004.5,1233.5,339.0,705.0,505.5,1336.0,2840.5,3150.5,3374.0,3419.0,0.0,0.0,0.0,0.0,0.0,0.0,0.0,0.0,0.0,0.0,1128.0,719.0,636.0,718.5,632.5,873.5,1323.0,1432.0,1652.0,1453.5,219.5,127.5,7.0,35.5,44.5,118.5,252.0,310.5,281.5,315.5,2606.0,1850.5,587.5,1010.0,1054.0,1701.5,3108.0,3394.5,3624.5,3617.0,2577.0,1865.5,572.5,953.0,955.0,1685.0,3152.0,3577.0,3783.0,3787.5,1867.0,974.0,305.5,693.0,450.5,1290.5,3379.5,3855.5,4106.5,4044.0,2108.5,1341.5,378.5,762.0,615.0,1306.0,3405.0,4003.0,4291.5,4179.5,2588.0,1736.0,517.0,904.5,943.0,1690.0,2973.5,3393.5,3693.0,3722.5,"{""type"":""MultiPoint"",""coordinates"":[]}"
2285,3,225.5,210.5,635.0,917.5,1110.5,1251.5,938.0,927.5,853.5,726.5,2012.0,1821.0,627.0,817.0,1115.5,1260.0,1316.5,1394.0,1509.0,1543.0,1984.0,1810.5,681.0,866.0,1193.5,1319.0,1400.5,1470.5,1540.0,1581.5,2018.5,1894.0,769.5,957.0,1260.0,1388.0,1437.0,1528.5,1584.5,1621.5,260.5,238.5,452.0,569.5,681.5,918.0,791.5,841.0,838.5,786.5,367.5,269.5,401.0,598.5,619.0,902.0,940.5,990.0,979.0,902.5,798.5,496.0,368.0,605.0,487.0,910.5,1467.5,1685.0,1683.0,1563.0,1467.0,781.0,334.5,625.5,374.5,995.0,2466.0,3015.0,3083.5,3021.0,1262.5,640.0,275.0,434.0,299.0,670.0,2159.5,3073.0,3162.0,3128.0,1093.0,500.0,139.5,282.0,161.0,420.5,2008.0,3286.0,3410.0,3426.0,1093.0,508.5,202.0,301.5,178.0,428.0,2029.5,3604.0,3700.5,3768.5,252.0,241.0,623.5,904.5,1054.0,1131.5,882.0,887.5,889.5,714.0,1297.0,596.5,1114.0,1089.5,818.0,1071.5,2511.0,3896.0,4097.5,4000.0,1466.5,669.0,964.5,1154.0,876.5,1383.5,3103.5,4412.5,4610.5,4723.0,1752.5,845.5,1778.0,1930.5,1570.5,2115.5,3527.5,4362.0,4422.5,4644.5,1543.0,739.0,1151.0,1417.5,1039.0,1778.5,3563.0,4557.0,4751.0,4834.5,1558.5,797.5,370.5,845.0,634.0,1571.5,3455.5,4257.5,4533.0,4607.0,1846.5,1016.5,481.0,987.5,925.5,1902.0,3264.5,3773.0,4053.5,4201.5,2562.5,1560.0,693.5,1276.0,1466.0,2485.5,3445.0,3898.5,4210.5,4382.5,5178.5,3506.0,1431.5,2005.5,2709.5,3405.0,3832.5,4187.5,4642.0,4734.5,3455.0,2555.0,953.0,1354.0,1979.0,2304.0,2530.5,2735.5,2994.0,3041.0,0.0,0.0,0.0,0.0,0.0,0.0,0.0,0.0,0.0,0.0,1821.0,1518.0,2604.0,2543.0,2568.0,2629.0,2440.0,2425.5,2410.5,2308.5,2328.5,2265.0,1494.5,1613.5,1866.0,2029.5,2053.5,2068.5,1809.0,2044.5,223.0,156.0,435.5,565.0,647.0,779.0,566.5,629.5,661.0,506.5,213.0,158.0,368.0,557.5,689.0,803.5,675.5,689.5,724.0,545.0,0.0,0.0,0.0,0.0,0.0,0.0,0.0,0.0,0.0,0.0,366.5,317.5,2608.0,2462.5,2432.5,2628.0,2440.0,2399.0,2513.5,2311.0,0.0,0.0,0.0,0.0,0.0,0.0,0.0,0.0,0.0,0.0,0.0,0.0,0.0,0.0,0.0,0.0,0.0,0.0,0.0,0.0,471.5,353.5,302.5,393.5,600.0,755.0,767.5,881.0,995.0,984.5,1926.0,1414.5,543.5,759.0,1034.5,1161.5,1222.5,1331.5,1521.0,1499.5,0.0,0.0,0.0,0.0,0.0,0.0,0.0,0.0,0.0,0.0,2807.5,2220.5,1892.0,2017.5,2258.5,2451.5,2506.5,2632.5,2745.0,2764.5,3198.0,2798.5,924.0,1193.5,1611.5,1789.5,1860.5,1998.0,2235.5,2200.5,1861.0,1669.5,524.5,707.0,990.0,1102.5,1171.0,1272.5,1364.5,1370.5,"{""type"":""MultiPoint"",""coordinates"":[]}"
2353,76,2731.0,2134.0,795.0,899.0,1050.0,1300.0,1531.0,1679.0,1812.0,1875.0,2880.0,2241.0,746.5,1145.5,1223.5,1769.5,3098.0,3429.0,3715.5,3655.0,2974.5,2194.0,772.0,1200.5,1247.0,1848.0,3295.5,3810.5,4001.0,3996.5,3130.0,2448.5,808.5,1196.5,1366.5,1837.0,2566.0,2817.0,3045.0,3097.5,3576.0,2716.0,1028.0,1421.0,1752.0,2288.0,2828.0,3070.0,3319.0,3377.0,3040.0,2349.0,831.0,1190.0,1474.0,1909.0,2796.0,3252.0,3385.0,3450.0,2994.0,2103.0,831.0,1164.0,1324.0,1838.0,2876.0,3252.0,3533.0,3504.0,3063.0,2162.0,826.0,1213.0,1280.0,1843.0,3282.0,3761.0,4035.0,4002.0,2864.0,2107.0,676.0,1043.0,1280.0,1711.0,2782.0,3134.0,3252.0,3525.0,3765.5,2834.0,892.0,1289.5,1681.0,2240.5,2762.5,3145.5,3271.5,3515.5,3201.0,2330.0,802.0,1139.0,1476.0,1892.0,2702.0,3089.0,3229.0,3435.0,3245.0,2973.0,731.0,991.0,1382.0,1598.0,1752.0,1897.0,2070.0,2076.0,3230.5,2265.5,694.5,1052.0,1289.0,1795.5,2774.0,3250.0,3395.0,3541.0,3055.5,2135.0,712.0,1085.5,1261.0,1807.0,2970.0,3378.0,3449.0,3561.5,2965.0,2229.0,738.0,1027.0,1244.0,1641.0,2491.0,2927.0,3076.0,3268.0,3205.0,2353.0,685.0,1001.0,1262.0,1709.0,2441.0,2912.0,3024.0,3122.0,2654.0,2029.0,568.0,874.0,1110.0,1449.0,2342.0,2659.0,2891.0,2914.0,2541.0,1848.0,532.0,792.0,1016.0,1401.0,2194.0,2506.0,2779.0,2837.0,2387.5,1713.5,594.0,817.0,966.0,1394.0,2186.5,2510.5,2725.5,2808.0,2418.5,1708.5,518.0,761.5,910.5,1320.5,2244.5,2626.5,2856.0,2888.5,2298.5,1585.5,418.5,650.0,787.5,1196.5,2056.5,2412.0,2665.0,2729.0,1692.0,1060.0,364.0,528.0,484.0,928.0,1891.0,2216.0,2371.0,2511.0,2847.0,2313.0,497.0,732.0,1031.0,1281.0,1458.0,1609.0,1788.0,1894.0,2034.0,1251.0,364.0,560.0,484.0,994.0,2239.0,2610.0,2914.0,2849.0,1524.0,1004.0,623.5,683.0,556.5,903.5,1694.5,1989.0,2150.0,2124.0,1813.0,1123.0,410.0,621.0,535.0,961.0,2051.0,2306.0,2537.0,2581.0,1872.0,1197.0,388.0,579.5,484.0,953.5,2011.0,2386.0,2550.5,2613.5,1865.5,1120.0,273.5,556.0,491.5,1048.0,2102.5,2365.5,2616.0,2623.0,0.0,0.0,0.0,0.0,0.0,0.0,0.0,0.0,0.0,0.0,2564.0,2003.0,480.0,736.0,947.0,1215.0,1522.0,1597.0,1833.0,1857.0,3129.0,2652.0,689.0,990.0,1189.0,1606.0,1902.0,2072.0,2105.0,2198.0,3177.0,2671.0,756.0,1140.0,1383.0,1833.0,2261.0,2522.0,2633.0,2625.0,2559.0,1989.0,632.0,892.0,1006.0,1425.0,1996.0,2234.0,2434.0,2491.0,2270.5,1695.0,484.5,779.0,825.0,1276.5,2062.5,2263.5,2502.5,2494.0,3316.0,2868.0,795.0,1198.0,1457.0,1862.0,2240.0,2465.0,2681.0,2631.0,3207.0,2570.0,795.0,1217.0,1396.0,1862.0,2802.0,3017.0,3279.0,3301.0,"{""type"":""MultiPoint"",""coordinates"":[]}"
2536,61,1770.0,1497.0,278.0,459.0,658.0,748.0,776.0,858.0,946.0,983.0,1941.0,1147.0,432.0,790.5,623.5,1259.0,2934.5,3309.0,3427.0,3424.0,3382.0,2790.5,2258.0,2362.0,2344.5,2757.0,3339.0,3530.0,3738.0,3623.0,2705.0,2431.0,616.0,884.0,1118.0,1366.0,1598.0,1697.0,1815.0,1874.0,2929.5,2569.0,723.5,1008.5,1413.0,1620.5,1713.5,1828.5,1919.0,2001.5,3005.0,2709.5,749.5,1040.0,1435.0,1601.5,1697.0,1821.0,1892.0,1994.0,3093.5,2841.0,788.0,1103.5,1496.0,1669.5,1683.5,1815.5,1934.5,1990.5,3170.5,2900.0,886.0,1193.5,1602.0,1763.5,1792.0,1902.0,1977.0,2075.0,3172.5,2887.5,883.5,1209.5,1614.0,1770.0,1774.5,1899.5,1964.5,2061.0,3126.0,2777.0,865.0,1224.0,1633.0,1743.0,1785.0,1896.0,2059.0,2049.0,3120.5,2821.0,881.5,1200.5,1609.0,1765.0,1781.5,1905.0,1974.5,2065.5,1984.0,1688.0,311.0,538.0,733.0,854.0,917.0,1014.0,1148.0,1151.0,3058.0,2805.0,899.0,1206.0,1593.0,1728.0,1768.0,1887.0,2026.0,2040.0,3049.0,2711.0,1650.0,1820.0,1986.0,2125.5,2212.5,2316.5,2379.5,2412.5,2850.0,2500.0,1702.0,1848.0,1915.0,2087.0,2214.0,2298.0,2261.0,2353.0,2980.0,2649.0,1162.5,1383.0,1646.5,1831.5,1817.5,1892.5,1973.5,2037.5,2902.0,2639.0,752.0,1058.0,1464.0,1592.0,1590.0,1706.0,1818.0,1849.0,2609.0,2339.0,600.5,851.0,1170.5,1301.5,1331.5,1435.5,1513.5,1573.0,2577.0,2308.0,618.0,882.5,1208.0,1328.0,1347.5,1429.0,1532.0,1568.5,2551.0,2367.0,642.0,880.0,1180.0,1308.0,1328.0,1514.0,1542.0,1595.0,2521.0,2271.0,595.0,885.0,1194.0,1298.0,1373.0,1471.5,1619.5,1637.5,0.0,0.0,0.0,0.0,0.0,0.0,0.0,0.0,0.0,0.0,0.0,0.0,0.0,0.0,0.0,0.0,0.0,0.0,0.0,0.0,1029.0,862.0,477.0,465.0,517.0,584.0,630.0,707.0,657.0,699.0,1500.0,1436.0,1063.0,1036.0,1043.0,1121.0,1254.0,1347.0,1244.0,1303.0,1838.5,1488.5,318.0,526.0,629.0,857.0,1110.5,1188.5,1209.0,1272.0,0.0,0.0,0.0,0.0,0.0,0.0,0.0,0.0,0.0,0.0,1733.0,1342.0,731.0,878.0,796.0,1174.0,1905.5,2056.0,2110.5,2006.5,0.0,0.0,0.0,0.0,0.0,0.0,0.0,0.0,0.0,0.0,2120.0,1604.0,626.0,734.0,865.0,1002.0,1121.0,1239.0,1318.0,1370.0,2061.0,1775.0,370.0,554.0,735.0,892.0,1078.0,1159.0,1290.0,1304.0,2278.0,1846.0,369.0,619.0,826.0,1019.0,1308.0,1479.0,1534.0,1577.0,2170.0,1804.0,470.0,694.0,836.0,1055.0,1448.0,1690.0,1719.0,1794.0,1613.5,1185.5,1070.0,1230.0,1244.0,1461.0,1829.0,1976.5,2044.0,1985.0,2055.5,1500.5,412.0,682.5,685.5,1092.0,2099.5,2330.5,2436.0,2453.5,0.0,0.0,0.0,0.0,0.0,0.0,0.0,0.0,0.0,0.0,"{""type"":""MultiPoint"",""coordinates"":[]}"
2553,3,74.5,79.0,670.0,936.5,1018.0,1046.5,701.5,669.5,631.0,451.0,2079.5,1874.5,616.0,793.5,1106.5,1237.5,1320.5,1417.0,1517.5,1553.5,2336.0,2133.5,801.0,1015.0,1365.5,1531.0,1585.0,1692.0,1784.5,1838.0,222.5,222.0,401.0,581.5,600.5,759.5,503.5,537.0,523.5,410.5,143.0,126.5,551.5,732.5,720.5,878.0,669.0,704.5,643.5,542.0,278.0,199.5,324.0,504.0,437.5,676.0,669.0,744.5,683.5,611.0,923.5,526.5,248.0,455.5,299.5,673.0,1523.0,1789.0,1741.0,1732.5,1151.5,552.0,195.0,360.5,189.0,538.5,1857.5,2550.5,2489.0,2514.5,1354.0,599.5,180.5,304.5,137.0,455.5,2411.0,4008.5,3975.0,4117.0,1253.0,511.5,136.0,244.0,120.5,382.5,2297.5,4292.5,4440.0,4489.0,1199.0,501.5,194.0,289.5,150.5,413.5,2276.5,4307.0,4406.0,4550.5,89.5,95.5,631.5,1018.5,1137.5,1169.5,827.0,780.5,738.5,551.5,1225.5,534.5,404.0,471.5,300.0,541.5,2203.5,4012.0,4277.0,4322.5,1434.5,604.0,1085.0,1216.0,924.0,1406.0,3050.5,4407.0,4572.5,4714.0,1738.5,827.0,1637.5,1822.5,1448.5,1989.0,3489.0,4513.5,4521.5,4802.5,1529.5,737.5,1053.0,1269.0,898.5,1590.5,3398.0,4492.0,4670.0,4787.0,1527.0,771.5,304.0,720.5,502.0,1355.5,3305.5,4161.0,4434.5,4507.5,1907.0,1062.0,499.5,1006.0,991.5,1956.5,3151.5,3636.5,3901.0,4090.5,2660.5,1651.5,766.5,1312.0,1647.0,2576.0,3341.0,3763.5,4085.0,4308.5,5084.5,3508.0,1291.5,1848.5,2502.0,3305.0,3699.0,4106.0,4453.0,4626.5,3797.0,2782.5,1122.0,1608.0,2348.5,2658.5,2826.0,3028.0,3309.5,3346.0,1712.0,1269.5,2573.5,2380.0,2323.5,2416.5,2314.5,2430.0,2289.0,2430.5,2855.5,2181.0,4206.0,4073.0,4062.5,4164.5,3922.0,3845.0,3945.0,3745.5,23.0,34.0,197.0,290.5,379.5,415.5,172.0,220.5,191.5,124.5,71.0,97.0,470.5,571.0,607.0,645.5,396.5,427.0,306.5,293.5,123.5,95.5,674.5,982.0,1107.0,1185.5,830.5,816.0,774.5,611.0,0.0,0.0,0.0,0.0,0.0,0.0,0.0,0.0,0.0,0.0,13.5,3.0,781.0,1171.0,1389.0,1439.5,1020.0,978.5,908.5,677.5,0.0,0.0,0.0,0.0,0.0,0.0,0.0,0.0,0.0,0.0,0.0,0.0,0.0,0.0,0.0,0.0,0.0,0.0,0.0,0.0,2.0,6.5,858.5,1350.0,1622.5,1632.5,1084.5,1037.0,914.0,669.0,1876.0,1528.5,476.5,685.0,976.0,1122.5,1202.5,1312.5,1471.0,1505.0,2768.5,2469.5,803.5,1022.0,1368.5,1555.5,1637.5,1753.0,1898.0,1970.0,4995.0,4356.0,4251.5,4218.5,4401.0,4687.5,4704.0,4729.0,4886.0,4819.0,3207.0,2744.5,906.5,1191.5,1654.5,1864.0,1947.5,2106.0,2362.5,2381.0,2664.5,2362.0,761.0,983.0,1333.0,1519.5,1615.0,1740.5,1896.5,1953.5,"{""type"":""MultiPoint"",""coordinates"":[]}"
2554,75,3155.5,2880.0,1815.0,1914.0,2039.5,2264.0,2374.0,2476.5,2631.5,2609.5,2780.5,2186.0,758.0,1086.0,1174.5,1684.0,2744.5,3096.0,3352.0,3249.0,2742.5,2145.0,724.0,1081.5,1144.0,1584.0,2561.5,2910.5,3254.5,3109.5,2792.0,2163.5,710.5,1116.0,1151.0,1619.5,2694.5,2963.5,3276.5,3208.5,2959.0,2278.5,849.5,1222.5,1298.0,1776.0,2697.0,3070.5,3370.5,3284.0,3009.0,2351.5,855.0,1216.5,1345.5,1758.0,2700.5,3031.5,3356.5,3251.0,3033.0,2321.5,823.5,1195.0,1302.5,1746.5,2709.5,3018.5,3343.0,3272.5,3139.0,2564.0,1000.5,1375.0,1531.5,1907.0,2682.0,3034.0,3251.5,3258.0,3048.0,2310.5,862.0,1173.5,1301.0,1847.5,2722.5,3036.5,3264.0,3293.5,3020.0,2276.5,743.5,1114.0,1226.5,1743.0,2722.5,3047.5,3250.0,3289.5,3042.0,2354.0,818.0,1172.5,1313.0,1807.0,2708.0,3016.0,3239.5,3265.0,2833.5,2625.0,1304.0,1413.0,1512.5,1632.5,1742.0,1802.0,1994.5,1990.0,2980.0,2352.5,852.5,1211.0,1325.0,1797.0,2651.5,2977.5,3211.5,3177.5,2994.0,2333.0,821.5,1223.0,1378.5,1882.0,2632.0,2919.0,3129.5,3216.0,2963.5,2208.5,921.5,1307.5,1372.5,1882.0,2646.0,2978.5,3150.5,3234.0,2933.5,2244.0,928.5,1290.5,1376.5,1765.0,2440.0,2842.0,3023.0,3093.0,2876.5,2234.0,819.0,1168.0,1367.0,1776.0,2445.5,2700.0,2974.0,2940.5,2959.5,2254.5,904.5,1264.5,1471.0,1926.0,2475.5,2727.5,3002.5,3086.5,3339.5,2645.0,1008.0,1330.5,1624.5,2042.5,2462.0,2739.0,2946.5,3043.0,3359.0,2725.5,1004.5,1359.0,1767.5,2048.5,2482.5,2739.0,2946.5,3043.0,4241.0,3965.0,1251.5,1718.5,2285.0,2525.0,2638.5,2812.0,3094.0,3066.0,4268.0,3923.0,1253.5,1705.0,2284.0,2491.0,2624.0,2759.0,3052.0,2983.0,2489.0,2173.5,611.5,830.5,1054.0,1237.5,1358.5,1541.0,1738.0,1733.5,3781.5,3565.5,1013.5,1384.5,1833.0,2104.0,2117.5,2311.0,2480.5,2490.0,3640.5,3456.5,1023.0,1422.0,1844.0,1977.0,2024.0,2348.5,2505.0,2577.5,3703.0,3721.5,1108.5,1448.0,1865.5,2008.0,2031.5,2186.5,2497.0,2414.5,3703.0,3641.0,1099.5,1484.5,1886.0,2139.0,2054.5,2242.5,2527.5,2486.5,2759.0,1976.5,2711.0,2577.0,2526.0,2791.5,2923.0,2997.5,3213.0,3052.5,0.0,0.0,0.0,0.0,0.0,0.0,0.0,0.0,0.0,0.0,2702.0,2329.0,795.0,1024.0,1245.0,1420.5,1567.0,1633.0,1949.5,1802.5,2848.0,2542.0,771.0,992.5,1187.5,1376.5,1608.5,1706.0,1957.5,1843.0,2848.0,2262.0,1131.5,1349.0,1662.0,1781.0,2093.0,2198.0,2560.5,2314.0,3026.0,2225.5,1295.5,1615.0,1699.0,2193.0,2950.5,3212.0,3565.5,3440.5,2712.5,2034.0,1031.5,1329.0,1414.5,1872.0,2600.5,2860.5,3125.0,3044.0,2449.0,1905.0,677.0,1003.0,1046.0,1461.5,2490.0,2732.5,3007.0,2896.5,2519.5,1980.0,662.0,1002.0,1035.5,1455.0,2509.5,2852.5,3174.0,3008.5,"{""type"":""MultiPoint"",""coordinates"":[]}"
2721,3,99.0,97.0,116.0,248.0,397.0,488.0,424.0,488.0,488.0,447.0,3375.5,3263.5,992.5,1237.5,1551.0,1678.5,1737.5,1857.5,2026.5,2030.5,4696.0,4409.0,5185.0,4910.0,4754.0,5085.0,5207.0,5193.0,5467.0,5080.0,3251.0,3246.0,1005.0,1208.0,1495.0,1630.0,1662.0,1777.0,1923.0,1945.0,157.0,162.0,278.5,440.0,450.0,605.0,428.5,500.0,462.5,380.0,241.0,199.0,191.0,403.0,324.0,578.0,531.0,578.0,553.0,482.0,505.0,362.5,167.5,411.0,255.5,606.5,757.0,824.0,820.5,728.5,1119.5,647.0,257.0,550.0,266.5,828.0,1845.5,2080.5,2090.0,2040.0,1241.5,668.0,241.0,481.0,238.0,782.5,2192.0,2769.5,2779.5,2749.0,1072.0,509.0,126.0,291.0,117.0,487.0,2177.0,3254.0,3382.0,3289.0,1042.5,471.5,218.5,332.0,166.5,458.0,2080.0,3361.5,3481.0,3484.0,203.0,199.0,531.0,700.0,861.0,919.0,814.0,869.0,931.0,787.0,1169.5,514.5,147.0,289.5,103.0,434.5,2327.0,3734.5,3870.5,3934.0,1463.0,655.5,1560.0,1694.0,1410.5,1772.0,3066.5,3977.0,4125.5,4129.5,1728.0,824.5,1229.5,1489.5,1122.0,1873.5,3408.5,4192.0,4291.0,4522.0,1581.0,779.5,934.5,1281.5,935.0,1759.0,3243.5,3859.0,4024.0,4092.5,1842.5,1018.5,452.0,1068.0,943.5,1940.0,3255.0,3652.0,3967.0,3940.0,2360.0,1367.0,705.0,1366.0,1342.0,2390.0,3476.5,3847.5,4088.0,4141.0,3588.5,2358.5,901.5,1512.5,1803.5,2603.0,3171.0,3477.5,3778.5,3821.0,4252.0,2977.0,1004.0,1409.0,2050.0,2443.0,2549.0,2861.0,3081.0,3200.0,4295.5,2921.0,963.0,1428.5,2146.5,2515.0,2715.0,2920.0,3289.0,3323.0,0.0,0.0,0.0,0.0,0.0,0.0,0.0,0.0,0.0,0.0,959.0,821.0,1474.0,1369.0,1341.0,1393.0,1291.0,1314.0,1491.0,1290.0,3028.0,2530.0,1151.0,1386.0,1704.0,1896.0,2045.0,2187.0,2265.0,2383.0,3231.0,2296.0,892.0,1133.0,1545.0,1802.0,1927.0,2106.0,2206.0,2389.0,3792.0,2812.0,869.5,1132.5,1564.0,1806.5,1901.5,2071.5,2305.0,2308.0,3775.0,2790.0,1006.0,1210.0,1650.0,1880.0,2023.0,2178.0,2436.0,2487.0,3840.0,2924.0,816.0,1086.0,1527.0,1759.0,1848.0,2033.0,2338.0,2312.0,0.0,0.0,0.0,0.0,0.0,0.0,0.0,0.0,0.0,0.0,0.0,0.0,0.0,0.0,0.0,0.0,0.0,0.0,0.0,0.0,2274.0,1745.0,545.0,720.0,1034.0,1194.0,1258.0,1385.0,1546.0,1573.0,3655.0,3156.0,1020.0,1269.5,1666.0,1870.0,1916.0,2034.5,2283.0,2273.5,4284.0,3910.0,1422.0,1689.0,2068.0,2272.0,2339.0,2491.0,2742.0,2723.0,3543.0,2961.0,927.0,1191.0,1573.0,1771.0,1835.0,2015.0,2159.0,2182.0,3328.0,3090.5,934.0,1153.5,1460.5,1604.0,1667.5,1780.5,1978.5,2006.0,2760.5,2654.0,745.0,933.0,1176.5,1314.0,1350.0,1443.5,1583.5,1617.5,"{""type"":""MultiPoint"",""coordinates"":[]}"
2831,3,105.0,93.0,304.0,447.0,495.0,530.0,303.0,315.0,264.0,201.0,2887.5,2714.0,832.0,1055.5,1384.0,1528.0,1591.0,1714.0,1873.5,1879.5,0.0,0.0,0.0,0.0,0.0,0.0,0.0,0.0,0.0,0.0,1220.0,804.0,417.0,511.0,644.0,759.0,795.0,871.0,933.0,955.0,444.0,398.0,523.0,742.5,699.5,956.5,828.0,901.5,863.0,756.0,571.0,403.0,324.0,623.0,462.0,914.0,1135.0,1255.0,1211.0,1133.0,856.5,522.5,243.5,515.5,278.5,773.0,1493.5,1705.5,1770.0,1556.0,1159.5,634.5,161.5,370.0,229.0,651.0,1839.5,2303.0,2367.0,2227.0,1299.0,641.5,96.0,294.0,104.5,517.5,2353.0,3352.0,3440.5,3349.0,1280.0,595.0,109.0,304.0,116.0,540.0,2606.0,3871.0,4132.0,4032.0,1259.0,574.0,108.5,295.5,100.5,517.0,2679.5,4095.0,4222.5,4229.5,167.0,131.0,527.0,657.0,718.0,705.0,448.0,428.0,414.0,307.0,1263.0,575.0,141.0,322.0,97.0,532.0,2714.0,4138.0,4420.0,4348.0,1514.5,653.0,1504.0,1687.0,1343.5,1795.0,3455.0,4506.0,4761.5,4788.5,1634.0,797.5,1324.0,1539.5,1184.0,1844.5,3436.0,4232.5,4368.5,4513.5,1610.0,816.0,1019.0,1361.5,1033.5,1856.0,3419.0,4048.5,4331.0,4314.5,1737.0,964.5,418.5,1020.5,915.5,1949.5,3260.5,3669.0,4072.5,4067.0,2069.0,1193.5,652.5,1205.5,1199.0,2129.5,3099.5,3444.0,3774.5,3817.0,3378.0,2155.0,1023.0,1597.5,1991.5,2747.0,3343.5,3668.5,4045.5,4124.5,4974.0,3342.0,1470.0,2015.0,2822.0,3366.0,3629.0,3973.0,4345.0,4461.0,4083.0,2892.0,1332.0,1844.5,2662.5,2955.5,3182.0,3370.5,3839.5,3799.5,0.0,0.0,0.0,0.0,0.0,0.0,0.0,0.0,0.0,0.0,0.0,0.0,0.0,0.0,0.0,0.0,0.0,0.0,0.0,0.0,1776.0,1194.0,637.0,804.0,1092.0,1211.0,1292.0,1387.0,1548.0,1573.0,4070.0,3786.0,3782.0,3602.0,3594.0,3761.0,3658.0,3701.0,3745.0,3692.0,47.0,52.0,147.0,244.0,324.0,392.0,238.0,256.0,252.0,168.0,0.0,0.0,0.0,0.0,0.0,0.0,0.0,0.0,0.0,0.0,54.0,62.0,318.0,430.0,482.0,514.0,272.0,291.0,219.0,175.0,0.0,0.0,0.0,0.0,0.0,0.0,0.0,0.0,0.0,0.0,0.0,0.0,0.0,0.0,0.0,0.0,0.0,0.0,0.0,0.0,325.0,190.0,170.0,310.0,498.0,631.0,677.0,782.0,869.0,873.0,2607.0,2031.5,609.0,856.0,1161.0,1349.5,1440.5,1527.5,1768.0,1716.5,3340.0,2932.0,886.0,1154.0,1498.0,1699.0,1744.0,1931.0,2107.0,2144.0,3558.0,2913.0,1015.0,1259.5,1615.0,1814.5,1916.5,2085.0,2295.0,2375.0,3089.5,2795.5,698.0,951.0,1285.5,1448.0,1525.0,1655.5,1872.5,1894.0,2490.0,2288.0,562.0,789.0,1060.0,1190.0,1266.0,1361.0,1519.0,1522.0,"{""type"":""MultiPoint"",""coordinates"":[]}"
2839,176,2662.0,2257.0,657.0,933.0,1230.0,1493.0,1646.0,1508.0,1787.0,1811.0,2996.0,2386.0,810.5,1248.0,1436.5,1885.5,2443.0,2789.0,3167.5,2949.5,3314.5,2666.5,942.5,1413.0,1774.0,2039.0,2528.0,3008.5,3166.0,3141.0,3265.0,2724.0,970.0,1407.0,1786.0,2202.0,2627.0,2665.0,2961.0,2798.0,3517.5,2736.5,1072.0,1560.0,2122.0,2306.5,2629.0,2867.0,3171.0,3189.5,3732.0,2904.5,1175.0,1662.0,2299.5,2517.0,2620.0,2872.0,3277.0,3208.0,3810.5,3020.0,1225.5,1738.5,2449.5,2612.5,2788.5,3130.0,3316.0,3206.0,3879.0,2935.5,1223.5,1739.5,2421.5,2794.5,2915.5,2924.0,3288.0,3184.5,3962.5,3107.0,1243.0,1783.5,2534.5,2749.0,3064.5,3080.5,3341.5,3298.0,3912.0,2994.0,1149.0,1732.0,2534.0,2650.0,2908.0,3242.0,3476.0,3189.0,3948.0,3074.5,1205.5,1756.5,2478.0,2800.5,2797.5,2845.0,3361.5,3164.0,3160.0,2732.0,678.0,1135.0,1518.0,1648.0,1913.0,2017.0,2208.0,2233.0,3669.0,3056.0,1239.0,1792.0,2462.0,2420.0,2847.0,2977.0,3452.0,3027.0,3897.0,3043.5,1789.5,2099.0,2559.5,2812.5,3120.5,3249.5,3472.0,3476.0,3861.0,2838.0,1533.0,1795.0,2278.0,2600.0,2697.0,2940.0,3112.0,3298.0,3921.0,2923.0,1389.0,1793.5,2477.0,2858.5,2751.0,3014.0,3399.0,3389.5,3853.5,3002.5,1129.5,1711.5,2447.0,2608.5,2544.5,3102.5,3459.0,3322.5,3704.5,2837.0,1026.0,1529.5,2208.5,2423.0,2532.0,2799.5,3104.0,3010.0,3638.0,2839.5,1029.5,1556.0,2238.5,2511.0,2618.0,2644.0,3155.5,3062.0,3681.0,2966.0,1046.0,1505.0,2185.0,2324.0,2450.0,2850.0,3173.0,3308.0,3522.0,2828.5,1007.5,1483.0,2143.0,2427.0,2632.0,2784.5,3062.0,2848.0,0.0,0.0,0.0,0.0,0.0,0.0,0.0,0.0,0.0,0.0,0.0,0.0,0.0,0.0,0.0,0.0,0.0,0.0,0.0,0.0,638.0,408.0,586.0,523.0,530.0,553.0,634.0,680.0,654.0,673.0,2265.0,2227.0,1722.0,1683.0,1621.0,1849.0,1985.0,2021.0,2072.0,2073.0,2527.0,2009.0,658.0,1054.0,1122.0,1381.0,1958.0,1950.0,2263.0,2240.0,0.0,0.0,0.0,0.0,0.0,0.0,0.0,0.0,0.0,0.0,2108.5,1606.5,929.0,1164.0,1174.5,1601.0,2096.0,2242.5,2412.5,2369.0,0.0,0.0,0.0,0.0,0.0,0.0,0.0,0.0,0.0,0.0,0.0,0.0,0.0,0.0,0.0,0.0,0.0,0.0,0.0,0.0,2978.0,2542.0,663.0,934.0,1287.0,1512.0,1722.0,2096.0,2063.0,2013.0,3494.0,2918.0,745.0,1206.0,1459.0,1992.0,2487.0,2440.0,2700.0,2659.0,0.0,0.0,0.0,0.0,0.0,0.0,0.0,0.0,0.0,0.0,3189.5,2321.0,1183.0,1589.0,1700.0,2128.0,2814.0,3121.5,3325.5,3197.0,2791.0,2422.0,773.0,1183.0,1338.0,1759.0,2272.0,2835.0,2939.0,2764.0,0.0,0.0,0.0,0.0,0.0,0.0,0.0,0.0,0.0,0.0,"{""type"":""MultiPoint"",""coordinates"":[]}"
2923,3,102.0,125.0,126.0,310.0,440.0,523.0,373.0,378.0,419.0,313.0,2833.5,2668.0,834.0,1045.5,1279.0,1380.5,1385.0,1524.5,1666.5,1633.5,3549.0,3394.0,1092.0,1301.0,1605.0,1757.0,1771.0,1895.0,2078.0,2095.0,3467.0,3348.0,1105.0,1351.0,1661.0,1810.0,1825.0,2000.0,2133.0,2133.0,3591.0,3375.0,1175.5,1461.5,1766.5,1938.0,1936.5,2096.5,2248.5,2240.5,3631.0,3328.0,1250.0,1547.0,1856.0,2042.0,2038.0,2115.0,2249.0,2376.0,386.0,332.5,446.0,557.5,623.5,694.0,471.5,565.0,574.0,522.5,360.0,312.5,458.0,567.0,620.0,724.0,460.0,550.0,532.5,458.0,448.5,291.0,270.0,457.0,370.0,697.5,707.5,821.0,780.5,744.0,620.0,364.0,338.0,518.0,430.0,833.0,1138.0,1237.0,1316.0,1271.0,822.5,497.0,481.5,667.0,554.5,1061.0,1775.5,1982.5,1975.0,1834.0,261.0,217.0,285.0,494.0,652.0,676.0,579.0,624.0,649.0,504.0,743.5,432.5,319.0,488.5,358.5,784.5,1599.0,1796.5,1826.5,1647.0,962.5,442.5,1770.0,1850.0,1583.5,1840.5,2540.0,2802.5,2794.0,2735.0,930.5,418.0,1148.0,1237.0,920.5,1179.5,2084.5,2602.5,2488.5,2513.0,905.5,395.5,515.5,589.5,372.5,584.0,1802.5,2648.5,2642.5,2665.5,997.0,479.5,67.5,238.0,86.5,420.5,1854.5,2803.0,2897.5,2904.5,1194.5,567.0,239.5,564.5,262.0,908.5,2517.5,3335.0,3414.0,3431.0,1320.5,672.5,252.5,615.5,378.0,1087.5,2663.5,3352.5,3473.0,3529.5,1430.0,789.0,319.0,665.0,525.0,1239.0,2583.0,3079.0,3289.0,3355.0,1983.5,1195.0,374.0,830.5,931.0,1682.5,2541.5,2913.0,3256.5,3288.0,0.0,0.0,0.0,0.0,0.0,0.0,0.0,0.0,0.0,0.0,335.0,333.0,695.0,728.0,770.0,745.0,619.0,661.0,646.0,580.0,1217.0,1317.0,892.0,875.0,947.0,1118.0,1144.0,1258.0,1195.0,1282.0,21.0,39.0,611.0,754.0,882.0,1069.0,953.0,993.0,958.0,918.0,83.5,82.5,415.0,601.0,676.0,827.5,651.0,683.0,675.0,537.5,58.0,65.0,339.0,454.0,437.0,578.0,359.0,370.0,327.0,225.0,39.0,38.0,332.0,449.0,533.0,592.0,297.0,345.0,320.0,189.0,0.0,0.0,0.0,0.0,0.0,0.0,0.0,0.0,0.0,0.0,79.0,74.0,515.0,559.0,615.0,689.0,552.0,584.0,622.0,545.0,85.0,74.0,131.0,227.0,364.0,493.0,389.0,439.0,493.0,449.0,970.5,629.0,361.5,578.0,736.5,902.5,896.5,1009.5,1182.5,1139.0,2701.0,2062.0,910.0,1199.0,1448.0,1644.0,1717.0,1750.0,1965.0,1983.0,2403.0,1816.0,676.0,870.0,1067.0,1202.0,1287.0,1373.0,1447.0,1500.0,3611.5,3119.5,1221.0,1487.5,1782.5,1940.5,1953.0,2093.5,2312.5,2323.5,2645.0,2461.0,715.0,915.0,1147.0,1252.0,1249.0,1308.0,1492.0,1491.0,"{""type"":""MultiPoint"",""coordinates"":[]}"
2988,33,2831.5,2629.0,1262.0,1372.0,1530.0,1652.0,1677.5,1773.5,1914.5,1913.5,3240.0,3002.0,1272.5,1526.0,1678.0,1899.5,2127.5,2233.0,2354.5,2389.5,3154.0,2896.0,1172.5,1428.0,1516.5,1806.5,2313.0,2466.5,2605.0,2577.0,2897.0,2353.0,909.0,1233.5,1207.5,1667.5,2811.0,3077.5,3175.5,3206.5,2272.0,1680.0,640.0,935.5,819.0,1311.0,2883.5,3285.0,3356.0,3362.0,1845.0,1207.0,451.0,737.5,518.0,1061.5,3062.0,3620.0,3741.5,3649.0,1891.0,1189.5,448.0,747.0,519.0,1078.5,3172.5,3758.0,3887.0,3828.0,1958.5,1189.5,462.5,913.0,839.0,1446.5,3245.0,3758.0,3979.5,3906.0,2510.5,1581.0,547.0,1111.5,1206.0,1957.5,3185.5,3548.5,3737.5,3822.5,2758.5,1800.5,609.0,1193.0,1540.5,2263.0,3054.0,3346.0,3585.0,3656.5,3251.0,2178.0,697.5,1152.5,1996.5,2444.5,2695.0,2934.5,3170.0,3349.0,2896.0,2700.5,1311.0,1425.0,1593.0,1690.5,1727.0,1827.0,1968.5,1946.5,3318.0,2226.0,727.0,1137.5,2033.0,2405.5,2572.0,2843.0,3039.0,3238.0,3404.0,2198.0,751.0,1166.0,2105.5,2471.0,2639.5,2899.0,3154.0,3278.0,4204.5,3559.5,2047.0,2675.5,2936.5,3197.0,3330.5,3510.0,3576.0,3633.5,4163.5,3553.0,1820.5,2243.5,2755.0,3010.5,3065.0,3191.0,3311.5,3365.5,3580.0,3154.5,1505.0,1817.0,2191.5,2429.5,2515.0,2654.0,2742.5,2760.0,3818.5,3310.5,1534.5,1895.5,2250.5,2497.5,2638.5,2782.0,2902.5,2971.0,3769.5,3195.5,1493.0,1841.5,2208.5,2470.0,2638.5,2765.5,2882.5,2943.0,3270.0,3065.0,1234.5,1434.0,1670.0,1808.5,1848.0,1967.0,2042.5,2087.0,3266.0,3174.5,1183.5,1393.5,1654.0,1808.0,1844.5,1962.5,2042.5,2087.0,3081.5,2886.0,1075.0,1336.5,1564.0,1716.5,1734.5,1841.0,1907.0,2006.0,2781.5,2546.0,1048.0,1254.0,1466.5,1574.5,1625.5,1723.0,1874.0,1872.5,2904.0,2718.5,987.0,1172.5,1366.0,1520.5,1561.0,1649.0,1706.0,1797.5,3772.5,3542.0,1241.5,1553.0,1819.0,2013.5,2057.0,2164.0,2285.0,2395.5,3487.0,3448.0,1238.5,1463.0,1705.0,1820.5,1860.0,1980.5,2142.0,2141.0,3487.0,3448.0,1238.5,1463.0,1705.0,1820.5,1860.0,1980.5,2142.0,2141.0,3129.5,2841.5,1057.5,1332.5,1572.5,1725.0,1754.5,1843.5,1970.0,2051.5,0.0,0.0,0.0,0.0,0.0,0.0,0.0,0.0,0.0,0.0,177.0,156.5,384.5,593.0,516.0,751.5,556.0,560.0,528.0,434.5,1149.0,851.5,493.5,710.0,696.5,1002.0,941.0,1015.5,1034.5,1009.0,2488.0,1967.0,980.0,1238.0,1345.5,1552.0,1617.5,1684.5,1799.5,1778.0,3148.0,2756.0,1380.0,1595.5,1806.0,1918.0,1979.5,2054.5,2230.0,2216.5,3297.0,2963.5,1382.0,1598.5,1805.0,1956.0,1981.0,2082.0,2223.5,2236.5,3425.5,3252.5,1381.0,1616.5,1832.5,1979.0,2009.5,2120.5,2268.0,2271.0,3044.0,2847.0,1186.5,1392.5,1590.0,1726.5,1778.0,1872.0,1982.0,2028.5,"{""type"":""MultiPoint"",""coordinates"":[]}"
3257,36,2016.0,1120.0,410.5,745.5,631.5,1229.5,3079.0,3447.0,3598.5,3589.0,2635.0,1908.0,618.0,919.0,970.0,1431.0,2222.0,2401.0,2726.0,2645.0,2003.0,1001.0,410.5,740.5,474.5,1141.5,3523.5,4039.0,4242.5,4119.5,2452.0,1467.0,584.0,870.0,741.0,1287.0,3516.5,4249.5,4267.5,4398.0,2839.0,2054.5,781.0,1087.0,1209.0,1670.0,2720.0,3031.5,3174.5,3209.5,2300.0,1290.0,550.0,817.0,739.0,1212.0,3199.0,3793.0,3852.0,3938.0,1814.0,880.0,494.0,729.0,528.0,1053.0,3236.0,3746.0,3785.0,3881.0,1832.0,823.5,501.5,713.5,492.5,1194.0,3973.0,4798.5,4802.0,4929.5,2765.5,1697.5,765.0,1006.5,985.5,1647.5,3448.5,4138.0,4087.5,4453.5,2407.0,1551.0,761.0,1042.0,1192.0,1644.0,2270.0,2409.0,2279.0,2578.0,2774.0,1863.0,896.0,1205.0,1335.5,1806.0,2782.5,3120.5,2965.0,3321.5,1847.0,923.0,359.0,659.0,504.0,1017.0,3015.0,3340.0,3556.0,3487.0,2230.0,1394.0,626.0,901.0,897.0,1464.0,2585.0,2981.0,2830.0,3214.0,2368.5,1543.0,725.5,960.0,1015.0,1499.5,2567.5,2941.0,2909.5,3225.5,2313.5,1459.0,681.5,944.0,1001.5,1508.5,2324.0,2598.0,2537.5,2851.0,2542.0,1756.0,597.0,879.0,1052.0,1483.0,2157.0,2403.0,2539.0,2722.0,3274.0,2399.0,949.5,1248.5,1647.0,1994.5,2321.5,2562.0,2593.0,2855.0,2402.5,1575.0,802.5,1064.5,1250.0,1630.5,1922.5,2093.0,2181.0,2241.5,3075.5,2245.5,935.0,1235.5,1516.5,1856.0,2314.5,2581.0,2693.5,2849.0,0.0,0.0,0.0,0.0,0.0,0.0,0.0,0.0,0.0,0.0,2949.0,2270.0,827.0,1104.0,1289.0,1664.0,2262.0,2513.0,2834.0,2784.0,2482.0,2073.0,744.0,1036.0,1375.0,1641.0,1896.0,2001.0,2088.0,2146.0,1933.0,934.0,276.5,704.5,380.5,1241.0,3496.5,3926.0,3953.5,4049.5,2044.0,1400.0,596.0,937.0,1125.0,1510.0,1886.0,1972.0,2057.0,2024.0,2309.0,1739.0,673.0,1017.0,1169.0,1544.0,2087.0,2252.0,2297.0,2344.0,1875.0,1182.0,448.0,752.0,820.0,1250.0,2069.0,2234.0,2363.0,2338.0,2004.0,1196.0,356.0,755.0,599.0,1238.0,2691.0,2913.0,3023.0,3017.0,1849.0,998.0,321.0,668.0,460.5,1114.0,2847.0,3083.5,3304.0,3243.5,1933.0,956.0,291.0,694.0,405.0,1212.0,3480.0,3774.0,3917.0,3954.0,1980.0,929.0,298.0,626.0,335.0,1013.0,3564.0,4016.0,4247.0,4165.0,1850.0,824.0,212.0,523.0,275.0,888.0,3742.0,4392.0,4652.0,4609.0,2296.5,1338.0,437.0,692.5,587.0,1104.5,2953.5,3483.5,3803.0,3752.0,2420.0,1621.0,587.0,931.0,808.0,1458.0,2674.0,2916.0,3225.0,3086.0,1818.5,946.0,371.0,689.0,462.0,1094.5,3277.5,3726.5,3983.5,3850.5,1746.5,823.0,414.0,660.0,438.5,992.0,3465.5,4077.0,4361.5,4250.0,1641.0,753.0,293.0,554.0,329.0,860.0,3368.0,4029.0,4220.0,4264.0,"{""type"":""MultiPoint"",""coordinates"":[]}"
3342,3,2645.0,2164.0,3015.0,2961.0,3011.0,3222.0,3188.0,3307.0,3210.0,3308.0,3433.5,2947.0,874.5,1193.5,1576.0,1740.0,1799.0,1967.0,2154.5,2182.0,3734.0,3262.5,1038.0,1418.0,1825.5,2017.0,2059.5,2204.0,2407.5,2431.0,309.0,273.0,575.0,872.0,890.0,1052.0,747.0,815.0,834.0,715.0,377.5,301.5,534.5,822.0,910.0,1033.5,848.0,956.5,1019.5,826.5,529.0,393.0,406.0,719.0,724.0,974.0,999.0,1112.0,1079.0,995.0,832.5,506.0,343.0,672.5,488.5,1018.0,1602.5,1798.5,1841.0,1671.0,1591.0,836.5,287.0,590.5,326.0,949.0,2621.0,3232.5,3220.5,3233.5,1291.5,677.0,208.0,414.0,226.0,706.5,2021.5,2633.0,2601.0,2557.0,1311.0,697.0,115.0,295.0,139.0,459.0,2204.0,3147.0,3284.0,3163.0,1264.5,611.5,118.0,285.0,130.0,432.0,2239.0,3377.5,3442.5,3472.0,2567.0,1734.0,533.0,891.0,1391.0,1762.0,1919.0,2054.0,2271.0,2318.0,1161.0,609.5,156.5,321.0,146.0,468.0,2289.0,3449.0,3512.5,3617.5,1460.0,699.0,1179.0,1299.0,1028.5,1391.0,2977.5,3983.0,4151.0,4159.0,1624.5,748.0,1076.5,1299.5,928.5,1568.5,3403.0,4488.0,4595.0,4816.0,1575.5,775.5,680.5,1125.0,667.5,1720.5,3771.5,4681.5,4780.0,4829.0,1565.0,830.0,303.0,957.0,569.0,1734.0,3705.0,4360.0,4570.0,4558.0,1801.5,1002.0,511.0,1129.0,1106.5,2186.0,3237.0,3599.5,3786.0,3892.0,3257.0,2112.5,1088.5,1635.5,2102.5,2904.0,3411.0,3680.0,3914.5,4018.5,4255.0,2936.0,1462.0,1998.0,2847.0,3329.0,3488.0,3789.0,4084.0,4188.0,4784.5,3196.0,1560.5,2209.0,3204.0,3705.5,3947.0,4227.5,4657.5,4658.5,0.0,0.0,0.0,0.0,0.0,0.0,0.0,0.0,0.0,0.0,0.0,0.0,0.0,0.0,0.0,0.0,0.0,0.0,0.0,0.0,4684.0,3510.0,1501.0,1923.0,2591.0,3047.0,3064.0,3292.0,3464.0,3591.0,4187.0,3079.0,1388.0,1691.0,2214.0,2562.0,2645.0,2833.0,2910.0,3115.0,4300.0,3277.0,1232.0,1568.0,2131.0,2441.0,2475.0,2639.0,2902.0,2865.0,0.0,0.0,0.0,0.0,0.0,0.0,0.0,0.0,0.0,0.0,124.0,145.0,69.0,175.0,315.0,381.0,350.0,523.0,514.0,469.0,0.0,0.0,0.0,0.0,0.0,0.0,0.0,0.0,0.0,0.0,0.0,0.0,0.0,0.0,0.0,0.0,0.0,0.0,0.0,0.0,4519.0,3383.0,1222.0,1583.0,2217.0,2516.0,2782.0,2886.0,3222.0,3198.0,4834.0,3603.0,1243.0,1663.0,2318.0,2614.0,2866.0,3064.0,3395.0,3365.0,3159.5,2332.5,950.0,1195.5,1641.5,1886.5,2037.5,2236.0,2408.5,2555.0,4768.0,3598.0,1313.0,1657.0,2244.0,2591.0,2694.0,2950.0,3177.0,3286.0,4862.0,3838.0,1334.0,1659.0,2192.0,2547.0,2640.0,2907.0,3161.0,3270.0,0.0,0.0,0.0,0.0,0.0,0.0,0.0,0.0,0.0,0.0,"{""type"":""MultiPoint"",""coordinates"":[]}"
3463,3,107.0,136.0,415.0,865.0,1021.0,1033.0,538.0,432.0,408.0,238.0,3173.0,2817.0,682.0,948.0,1396.0,1587.0,1687.0,1824.0,2010.0,2014.0,3653.0,3181.0,897.0,1325.0,1869.0,2078.0,2145.0,2325.0,2531.0,2555.0,435.0,307.0,430.0,570.0,568.0,637.0,429.0,448.0,542.0,423.0,286.5,261.0,167.5,297.0,318.5,459.0,278.5,314.0,291.0,207.0,819.0,531.0,268.0,475.0,322.0,666.0,932.0,1080.0,1043.0,1043.0,1415.0,829.5,324.0,588.5,344.0,835.5,1965.5,2227.0,2317.0,2206.0,1567.0,758.0,194.0,450.5,201.0,686.5,2480.5,3279.5,3325.0,3309.5,1302.0,615.5,168.5,276.5,139.5,455.5,2280.0,3841.5,3924.0,4016.5,1183.0,586.0,126.0,256.0,129.0,425.0,2300.0,4147.0,4428.0,4440.0,1282.0,585.5,320.5,419.0,249.0,551.0,2408.5,4275.0,4384.5,4492.0,345.5,269.5,476.0,930.0,1181.0,1212.5,678.5,626.0,543.5,469.5,1269.0,599.0,200.0,300.0,168.0,451.0,2305.0,4211.0,4475.0,4533.0,1474.0,634.0,1384.5,1489.0,1154.0,1584.0,3207.0,4490.0,4680.0,4756.0,1647.5,797.5,1138.5,1388.5,1009.5,1733.0,3338.0,4193.0,4308.5,4478.5,1687.0,821.0,905.5,1223.5,878.5,1739.5,3469.5,4294.0,4490.5,4564.5,1799.0,932.0,459.0,965.0,751.0,1709.0,3481.0,4190.0,4505.0,4498.0,2063.5,1154.0,569.0,1066.0,1002.5,1961.5,3248.0,3832.5,4116.0,4279.0,2691.0,1600.5,693.0,1309.0,1412.5,2471.5,3653.5,4133.5,4534.0,4622.0,3262.0,2056.0,881.0,1516.0,1751.0,2696.0,3673.0,4114.0,4589.0,4730.0,3960.0,2836.5,980.0,1405.5,2016.5,2474.0,2695.5,2880.5,3217.5,3258.5,1050.0,819.0,1285.0,1333.0,1302.0,1388.0,1358.0,1374.0,1478.0,1359.0,1519.0,1445.0,1952.0,2102.0,2254.0,2416.0,2171.0,2200.0,2054.0,2064.0,187.0,165.0,174.0,190.0,194.0,252.0,249.0,270.0,215.0,219.0,4876.0,4778.0,4794.0,4706.0,4704.0,4955.0,4660.0,4729.0,4419.0,4589.0,326.0,278.0,380.5,624.0,930.0,1067.0,908.5,887.0,767.5,710.0,0.0,0.0,0.0,0.0,0.0,0.0,0.0,0.0,0.0,0.0,136.0,66.0,460.0,879.0,1509.0,1625.0,1269.0,1202.0,1078.0,795.0,0.0,0.0,0.0,0.0,0.0,0.0,0.0,0.0,0.0,0.0,0.0,0.0,0.0,0.0,0.0,0.0,0.0,0.0,0.0,0.0,502.0,345.0,323.0,517.0,640.0,703.0,589.0,713.0,598.0,706.0,688.0,502.5,141.5,259.0,437.0,569.5,583.0,609.5,705.5,716.0,1185.0,735.0,359.0,477.0,672.0,755.0,808.0,880.0,990.0,1005.0,744.0,490.0,299.0,441.0,645.0,813.0,897.0,869.0,1037.0,999.0,3386.5,2771.0,682.5,993.5,1431.0,1655.0,1755.0,1873.5,2079.0,2048.5,2648.0,2376.0,522.0,773.0,1116.0,1312.0,1412.0,1477.0,1623.0,1632.0,"{""type"":""MultiPoint"",""coordinates"":[]}"
3508,3,49.0,35.0,346.0,558.0,615.0,653.0,381.0,356.0,322.0,198.0,3928.0,3570.0,718.0,1242.0,1972.0,2239.0,2332.0,2487.0,2668.0,2631.0,0.0,29.0,0.0,206.0,405.0,486.0,22.0,90.0,27.0,0.0,113.0,113.0,242.0,464.0,497.0,693.0,313.0,365.0,309.0,200.0,104.5,90.0,204.0,461.0,458.0,782.0,523.5,595.5,522.5,369.5,471.0,334.0,299.0,534.0,358.0,796.0,987.0,1068.0,988.0,930.0,941.0,539.0,239.0,462.0,220.5,697.0,1546.0,1827.5,1821.0,1738.0,1208.5,592.0,166.5,361.5,126.5,586.0,2233.0,2978.5,2961.5,2969.5,1183.5,552.0,158.0,308.5,122.5,509.0,2259.5,3300.0,3316.5,3358.0,1015.0,430.0,125.0,239.0,92.0,400.0,2157.0,3429.0,3584.0,3547.0,986.0,419.0,267.0,357.0,173.5,468.5,2211.5,3586.0,3700.0,3727.0,94.5,73.5,471.0,744.5,820.5,846.0,527.0,511.5,464.0,291.0,1239.0,558.0,1254.0,1246.0,995.0,1244.0,2659.0,3799.0,3922.0,3901.0,1426.0,583.0,1533.5,1686.0,1368.5,1859.0,3325.5,4397.0,4538.0,4609.0,1513.5,716.0,1046.5,1332.0,969.0,1733.0,3330.5,4150.0,4230.0,4384.5,1500.0,731.5,959.0,1289.0,961.0,1845.0,3373.5,3990.5,4171.0,4248.5,1558.0,828.0,431.0,1013.0,781.0,1823.0,3255.0,3791.0,4080.0,4070.0,1873.5,1021.5,575.0,1131.5,1058.5,2091.5,3116.0,3503.5,3774.5,3836.0,2216.5,1268.5,632.5,1256.0,1255.0,2372.0,3294.0,3686.5,3982.5,4043.0,4200.0,2874.0,1275.0,1694.0,2303.0,2798.0,2969.0,3286.0,3673.0,3761.0,2261.5,1642.5,790.0,1192.5,1784.5,2041.0,2004.0,2174.5,2383.5,2274.0,1873.0,1484.0,1932.0,1960.0,1984.0,2158.0,2142.0,2194.0,2337.0,2193.0,2328.0,1812.0,2788.0,2935.0,3092.0,3273.0,3153.0,3087.0,3327.0,2923.0,80.0,71.0,743.0,1202.0,1558.0,1599.0,1029.0,1010.0,892.0,677.0,0.0,0.0,0.0,0.0,0.0,0.0,0.0,0.0,0.0,0.0,40.5,29.0,651.0,1044.0,1058.0,1125.0,769.5,729.0,648.0,463.0,0.0,0.0,0.0,0.0,0.0,0.0,0.0,0.0,0.0,0.0,0.0,10.0,720.0,1377.0,2003.0,2279.0,1961.0,1945.0,1837.0,1471.0,0.0,0.0,0.0,0.0,0.0,0.0,0.0,0.0,0.0,0.0,116.0,97.0,1105.0,1798.0,2467.0,2637.0,2010.0,1939.0,1710.0,1364.0,44.0,55.0,258.0,448.0,657.0,848.0,730.0,818.0,827.0,790.0,1823.0,1228.5,402.5,680.0,1046.5,1194.0,1267.5,1373.5,1520.0,1499.0,3053.0,2401.0,673.0,991.0,1446.0,1684.0,1768.0,1881.0,1999.0,1997.0,2159.0,1324.0,462.0,756.0,1171.0,1401.0,1488.0,1635.0,1748.0,1771.0,3139.5,2644.5,602.5,986.0,1518.5,1722.5,1832.0,1974.5,2123.5,2139.0,2971.0,2731.0,496.5,888.5,1425.0,1602.0,1684.5,1770.5,1904.5,1910.0,"{""type"":""MultiPoint"",""coordinates"":[]}"
3551,72,2188.0,1800.0,416.0,596.0,1006.0,1143.0,1219.0,1321.0,1379.0,1348.0,3649.0,3028.5,1404.0,1677.5,2185.5,2458.5,2721.0,2798.5,3029.5,2873.5,3727.0,3225.0,869.0,1309.0,2191.0,2541.0,2616.0,2708.0,2782.0,2801.0,3614.0,3225.0,785.0,1203.0,1938.0,2171.0,2308.0,2391.0,2433.0,2524.0,3668.0,3296.0,816.0,1214.0,1961.0,2178.0,2304.0,2416.0,2553.0,2536.0,3695.0,3296.0,819.0,1214.0,1961.0,2217.0,2304.0,2416.0,2548.0,2536.0,3803.0,3371.0,846.0,1257.0,2069.0,2306.0,2363.0,2469.0,2548.0,2588.0,3809.0,3384.0,854.0,1257.0,2078.0,2306.0,2369.0,2497.0,2550.0,2601.0,3850.0,3451.0,858.0,1262.0,2045.0,2305.0,2357.0,2480.0,2498.0,2578.0,3602.0,3207.0,780.0,1120.0,1837.0,2045.0,2118.0,2256.0,2265.0,2369.0,3593.0,3207.0,765.0,1111.0,1841.0,2058.0,2149.0,2275.0,2283.0,2345.0,2521.0,2160.0,510.5,770.0,1227.5,1372.0,1471.5,1546.0,1595.5,1606.5,3593.0,3231.0,765.0,1105.0,1860.0,2083.0,2149.0,2275.0,2293.0,2364.0,3540.5,3074.0,736.5,1109.5,1803.5,2045.5,2112.0,2244.5,2277.5,2332.0,3592.0,3175.0,780.0,1131.0,1870.0,2084.0,2135.0,2284.0,2314.0,2359.0,3527.0,3128.0,754.0,1097.0,1801.0,2012.0,2101.0,2237.0,2316.0,2341.0,3478.0,3074.0,746.0,1094.0,1758.0,1971.0,2059.0,2221.0,2271.0,2336.0,3153.5,2723.5,644.0,963.5,1544.5,1740.0,1865.0,1979.0,2066.0,2080.0,3179.0,2792.0,815.0,1037.0,1564.0,1753.0,1924.0,2058.0,2133.0,2139.0,3011.0,2502.0,2123.0,2190.0,2438.0,2697.0,3138.0,3372.0,3422.0,3551.0,2910.0,2446.0,509.0,836.0,1443.0,1524.0,1629.0,1769.0,1911.0,1771.0,2757.0,2234.5,461.0,737.0,1329.5,1516.5,1604.5,1706.5,1754.0,1777.0,2477.0,2088.5,1627.0,1622.5,1791.5,1927.5,2101.0,2176.5,2323.5,2225.0,3020.5,2451.0,538.0,882.0,1525.0,1773.5,1829.0,1971.0,1972.0,2045.5,2833.0,2262.0,537.0,858.0,1345.0,1593.0,1742.0,1850.0,1849.0,1919.0,3358.0,2961.0,681.0,1055.0,1653.0,1921.0,2140.0,2203.0,2298.0,2325.0,3358.0,2961.0,681.0,1055.0,1653.0,1921.0,2140.0,2203.0,2298.0,2325.0,1551.0,1075.0,751.0,846.0,991.0,1219.0,1516.0,1621.0,1689.0,1713.0,0.0,0.0,0.0,0.0,0.0,0.0,0.0,0.0,0.0,0.0,2774.0,2396.5,654.0,899.0,1380.5,1535.5,1648.0,1772.0,1788.5,1815.5,1878.0,1588.0,528.0,665.5,951.5,1061.0,1157.5,1250.0,1253.0,1267.5,2852.0,2446.0,544.0,847.0,1442.0,1568.0,1670.0,1765.0,1904.0,1839.0,2852.0,2561.0,544.0,847.0,1444.0,1568.0,1670.0,1765.0,1904.0,1839.0,2722.0,2375.0,620.5,923.0,1416.0,1619.5,1842.5,1973.5,1920.5,2086.5,3364.0,2944.0,672.0,1051.0,1711.0,1942.0,2071.0,2164.0,2216.0,2261.0,3506.0,3101.0,716.0,1090.0,1798.5,1999.0,2117.5,2196.0,2326.0,2306.0,"{""type"":""MultiPoint"",""coordinates"":[]}"
3632,3,2932.0,2451.0,3546.0,3481.0,3404.0,3490.0,3426.0,3446.0,3546.0,3409.0,2020.0,1826.0,644.0,829.0,1073.0,1157.0,1210.0,1284.0,1412.0,1370.0,213.0,200.0,313.0,568.0,609.0,706.0,466.0,521.0,511.0,364.0,284.0,282.0,477.0,679.0,683.0,923.0,698.0,727.0,694.0,557.0,310.0,246.0,433.5,657.5,671.5,900.0,799.0,891.0,888.5,779.0,489.0,320.0,279.0,529.0,422.0,768.0,957.0,1033.0,972.0,917.0,1396.0,778.0,369.5,643.0,487.5,1015.5,1977.5,2282.0,2330.5,2401.0,1415.5,798.5,322.5,535.0,459.5,897.0,1869.0,2359.5,2395.0,2521.0,1336.5,669.0,233.5,384.5,260.5,580.5,1973.0,2874.0,2903.5,3076.5,1203.0,547.0,158.0,303.0,168.0,468.0,2068.0,3453.0,3526.0,3639.0,1153.5,521.5,199.5,324.0,189.0,478.5,2094.0,3647.5,3710.5,3797.0,290.0,237.0,750.0,955.0,1121.0,1251.0,1214.0,1334.0,1434.0,1374.0,1194.0,537.0,182.0,316.0,149.5,486.5,2287.0,3939.5,4062.5,4157.5,1430.5,606.0,1584.5,1677.0,1382.5,1753.5,3127.0,4300.5,4504.0,4512.0,1586.0,717.5,1073.0,1307.5,948.5,1622.5,3282.0,4395.5,4556.0,4748.0,1486.5,692.0,805.0,1071.0,737.5,1433.0,3302.5,4344.5,4599.0,4628.0,1454.0,739.0,255.0,679.0,510.0,1293.5,3008.5,3758.0,4078.0,4082.5,1653.5,869.5,363.0,777.5,691.0,1518.5,2823.5,3323.5,3605.0,3716.0,2474.5,1501.5,710.0,1212.5,1482.0,2290.0,3036.0,3414.0,3749.0,3864.5,3169.0,2103.0,1014.0,1529.0,2090.0,2785.0,3230.0,3612.0,3920.0,4047.0,4389.5,2885.5,1140.0,1667.5,2509.0,2993.5,3268.0,3483.0,3899.5,3969.5,0.0,0.0,0.0,0.0,0.0,0.0,0.0,0.0,0.0,0.0,0.0,0.0,0.0,0.0,0.0,0.0,0.0,0.0,0.0,0.0,3279.0,2377.0,1519.0,1704.0,2086.0,2300.0,2344.0,2497.0,2711.0,2607.0,2101.0,1500.0,770.0,923.0,1185.0,1336.0,1342.0,1464.0,1476.0,1588.0,1408.0,1101.0,481.0,648.5,904.0,1074.0,1139.0,1180.5,1314.5,1337.5,272.0,218.0,400.0,487.0,643.0,794.0,762.0,823.0,880.0,858.0,148.0,146.0,125.0,147.0,265.0,355.0,281.0,333.0,343.0,247.0,0.0,0.0,0.0,0.0,0.0,0.0,0.0,0.0,0.0,0.0,159.0,81.0,479.0,450.0,453.0,481.0,410.0,400.0,399.0,331.0,135.0,123.0,784.0,1002.0,1052.0,1152.0,939.0,965.0,986.0,845.0,1653.5,1120.0,712.0,912.5,1032.0,1153.0,1210.0,1293.5,1455.0,1433.0,2138.0,1586.0,783.0,993.0,1063.0,1208.0,1290.0,1396.0,1516.0,1467.0,3676.0,2937.0,2159.0,2423.0,2612.0,2824.0,2865.0,2987.0,2982.0,3123.0,3062.5,2745.5,1191.0,1471.0,1651.0,1783.0,1845.5,1950.0,2108.5,2066.0,2058.0,1792.0,582.0,803.0,1053.0,1178.0,1204.0,1281.0,1381.0,1415.0,"{""type"":""MultiPoint"",""coordinates"":[]}"
3667,2,1537.0,1205.0,474.0,593.0,685.5,768.0,832.0,891.0,957.0,970.5,2301.0,1992.0,770.0,1024.5,1225.0,1336.5,1374.0,1460.0,1551.0,1560.5,2405.0,2055.0,842.0,1069.0,1256.0,1373.0,1473.0,1577.0,1644.0,1676.0,2537.0,2192.0,826.5,1091.0,1310.0,1439.0,1535.5,1637.0,1714.0,1743.5,2321.0,1916.0,774.0,1062.0,1201.0,1416.0,1674.0,1793.0,1823.0,1872.0,2597.0,2056.0,847.0,1128.0,1216.0,1500.0,1993.0,2120.0,2243.0,2210.0,2514.0,1861.0,741.0,1092.0,1085.0,1484.0,2188.0,2409.0,2547.0,2554.0,2440.0,1683.0,708.0,1012.0,965.0,1348.0,2627.0,2922.0,3139.0,3037.0,2227.0,1375.0,491.0,765.0,641.0,1110.0,2868.0,3377.0,3483.0,3480.0,2117.0,1176.0,381.0,693.5,516.5,1066.5,3356.0,4126.0,4170.0,4254.0,2051.0,1010.5,267.0,578.0,404.5,1001.5,3678.0,4723.0,4767.5,4853.5,1827.0,1545.0,604.0,775.0,916.0,1006.0,1049.0,1104.0,1219.0,1201.0,2011.0,930.0,320.0,559.0,361.0,932.0,3851.0,4961.0,5043.0,5218.0,1963.0,890.0,275.0,545.0,343.0,1043.0,4050.0,5225.0,5423.0,5497.0,2018.0,931.0,295.0,571.0,394.0,1043.0,3841.0,4660.0,4875.0,4954.0,1974.0,952.0,414.0,706.0,553.0,1350.0,3406.0,4289.0,4476.0,4586.0,2023.0,1067.0,474.0,725.0,705.0,1353.0,2890.0,3403.0,3833.0,3888.0,2244.0,1307.5,540.5,840.0,990.0,1655.5,2751.5,3186.5,3574.0,3727.5,2557.0,1455.0,921.0,1166.0,1372.0,1927.0,2685.0,3021.0,3292.0,3541.0,2885.0,1834.0,891.5,1143.0,1652.5,2094.0,2495.0,2819.0,3205.0,3356.5,3024.0,2029.0,1081.0,1358.0,1882.0,2248.0,2496.0,2769.0,3168.0,3338.0,2974.0,1885.0,760.0,1074.0,1787.0,2359.5,2682.5,3030.0,3400.5,3587.0,1684.5,1316.0,575.5,759.0,925.0,998.0,1032.5,1103.0,1184.0,1190.5,2036.0,1687.0,483.0,632.0,861.0,971.0,1043.0,1157.0,1295.0,1336.0,1394.5,1009.5,532.0,617.0,756.0,837.5,867.0,948.5,1023.0,1061.5,1605.0,1190.0,403.0,601.0,557.0,841.0,1162.0,1268.0,1362.0,1392.0,1528.5,1103.0,396.0,581.0,501.5,832.5,1355.5,1508.0,1555.0,1563.5,1255.0,661.0,195.0,426.0,184.0,716.0,2638.0,3048.0,3240.0,3079.0,0.0,0.0,0.0,0.0,0.0,0.0,0.0,0.0,0.0,0.0,1979.0,1555.0,653.0,858.0,1019.5,1131.5,1167.5,1249.0,1370.0,1337.0,2543.0,2159.0,1142.0,1340.0,1409.0,1556.0,1649.0,1695.0,2011.0,1779.0,2676.0,2338.0,925.0,1231.0,1446.0,1596.0,1615.0,1669.0,1799.0,1771.0,2410.5,2097.0,850.0,1059.5,1255.0,1357.5,1393.0,1476.0,1576.5,1577.0,2363.0,1999.0,759.0,947.0,1140.0,1245.0,1268.0,1341.0,1422.0,1440.0,2147.0,1905.5,674.0,861.0,1021.5,1136.0,1191.0,1258.5,1348.0,1366.5,2129.0,1865.0,668.5,872.0,1031.0,1135.5,1188.5,1266.5,1360.5,1381.0,"{""type"":""MultiPoint"",""coordinates"":[]}"
3748,33,2275.5,2047.5,1085.5,1181.0,1295.5,1392.5,1425.5,1469.0,1576.5,1559.0,2520.5,2201.0,1070.5,1291.0,1368.5,1591.0,2061.5,2216.5,2274.5,2292.0,2457.5,2070.5,986.5,1207.5,1220.0,1505.0,2372.5,2597.0,2702.0,2674.5,2267.0,1718.0,776.0,1037.0,1006.0,1343.0,2568.0,2958.0,3001.0,3041.0,1949.0,1387.0,700.0,915.0,833.0,1191.0,2643.0,3135.0,3118.0,3195.0,1895.0,1303.0,685.0,893.0,782.0,1143.0,2726.0,3227.0,3307.0,3342.0,2043.0,1340.0,690.0,1042.0,973.0,1390.0,2781.0,3235.0,3324.0,3414.0,2266.0,1496.0,703.0,1145.0,1192.0,1671.0,2812.0,3187.0,3342.0,3371.0,2759.0,1871.5,792.5,1297.0,1634.5,2190.0,2731.5,2985.0,3166.5,3288.5,2939.5,2029.5,848.0,1302.5,1829.0,2281.5,2627.0,2867.5,3003.0,3154.5,3134.0,2170.0,834.0,1231.0,1933.0,2287.0,2434.0,2646.0,2769.0,2938.0,2006.0,1977.0,784.0,890.0,1018.0,1064.0,1082.0,1169.0,1270.0,1279.0,3393.5,2672.0,1219.0,1529.5,2085.5,2364.0,2449.5,2646.0,2726.5,2888.5,3774.0,3172.0,1793.0,2208.0,2629.0,2870.0,2883.0,3019.0,3094.0,3122.0,3262.0,3005.0,1802.0,2208.0,2550.0,2663.0,2621.0,2670.0,2634.0,2600.0,3379.0,3149.0,1547.0,1748.0,2030.0,2161.0,2177.0,2299.0,2387.0,2466.0,3335.0,3220.0,1513.0,1748.0,2020.0,2184.0,2206.0,2280.0,2393.0,2418.0,2760.0,2589.0,1215.0,1373.0,1546.0,1684.0,1722.0,1828.0,1860.0,1905.0,2645.0,2529.0,1157.0,1297.0,1447.0,1558.0,1579.0,1674.0,1721.0,1756.0,2502.0,2321.0,1133.0,1284.0,1443.0,1558.0,1578.0,1671.0,1721.0,1756.0,2384.0,2237.0,908.0,1106.0,1274.0,1378.0,1391.0,1467.0,1504.0,1572.0,2357.0,2236.0,867.0,952.0,1141.0,1236.0,1279.0,1370.0,1457.0,1468.0,1894.5,1801.0,695.0,802.0,954.0,996.5,1029.5,1113.0,1206.0,1208.0,2209.5,2042.0,858.0,980.0,1113.5,1224.0,1233.0,1313.0,1306.0,1392.0,2363.0,2171.0,802.0,1002.0,1164.0,1245.0,1286.0,1366.0,1403.0,1471.0,3337.0,3216.0,1758.0,1885.5,2047.5,2180.5,2167.5,2246.5,2349.5,2340.5,1769.0,1637.5,874.5,1003.5,1077.5,1142.0,1141.0,1214.5,1238.0,1265.5,1612.5,1423.0,744.5,820.5,972.5,1047.5,1053.5,1113.0,1141.5,1163.0,0.0,0.0,0.0,0.0,0.0,0.0,0.0,0.0,0.0,0.0,2749.5,2590.5,1043.5,1246.5,1431.5,1567.5,1593.0,1697.0,1764.5,1792.5,1913.5,1774.0,791.5,912.5,1034.5,1121.5,1128.0,1210.0,1269.0,1239.5,2295.0,2147.0,927.0,1101.0,1258.0,1330.0,1357.0,1416.0,1529.0,1545.0,2293.0,2168.0,956.5,1075.0,1206.5,1295.5,1318.5,1397.0,1482.0,1476.5,2277.0,2151.5,917.5,1032.0,1156.5,1260.0,1293.0,1368.0,1432.5,1458.0,2368.0,2239.0,948.0,1088.0,1226.0,1327.0,1379.0,1450.0,1530.0,1562.0,2178.5,2021.0,988.5,1151.5,1260.0,1356.5,1410.0,1485.0,1537.0,1562.5,"{""type"":""MultiPoint"",""coordinates"":[]}"
3775,204,2275.0,1768.0,1003.0,981.0,1085.0,1263.0,1448.0,1563.0,1692.0,1761.0,3224.5,2216.5,853.5,1223.0,1309.0,1888.5,3089.0,3474.5,3700.0,3733.0,2917.0,1930.0,778.0,1085.0,1250.0,1735.0,3089.0,3501.0,3810.0,3813.0,2928.0,1930.0,778.0,1136.0,1303.0,1803.0,3048.0,3555.0,3878.0,3919.0,2957.0,1981.0,839.0,1212.0,1374.0,1881.0,3155.0,3635.0,3942.0,4013.0,3022.0,2053.0,889.0,1225.0,1427.0,1902.0,3139.0,3646.0,3943.0,3995.0,3118.0,2066.0,889.0,1244.0,1475.0,1949.0,3139.0,3677.0,3964.0,3995.0,3235.0,2265.0,978.0,1339.0,1562.0,2011.0,3073.0,3631.0,3938.0,4029.0,3235.0,2229.0,974.0,1334.0,1572.0,2033.0,3227.0,3692.0,3937.0,4087.0,3227.0,2195.0,907.0,1317.0,1572.0,2033.0,3227.0,3771.0,3937.0,4152.0,3189.0,2176.0,903.0,1277.0,1545.0,2083.0,3179.0,3772.0,3971.0,4107.0,2816.0,2426.5,676.0,830.5,923.5,1222.5,1709.0,1869.5,2039.0,2065.5,3128.0,2122.0,903.0,1253.0,1540.0,2010.0,3148.0,3768.0,3874.0,4103.0,3083.0,2033.0,807.0,1214.0,1484.0,2010.0,3142.0,3654.0,3824.0,4003.0,3007.0,1948.0,821.0,1187.0,1445.0,1945.0,3100.0,3649.0,3789.0,4023.0,2879.0,1882.0,809.0,1085.0,1389.0,1864.0,2904.0,3358.0,3596.0,3780.0,2756.0,1840.0,777.0,1076.0,1351.0,1773.0,2699.0,3119.0,3407.0,3495.0,2754.0,1825.5,744.5,1056.5,1321.5,1697.5,2570.5,2950.0,3230.0,3342.5,2726.0,1857.0,814.0,1070.0,1322.0,1698.0,2416.0,2777.0,3018.0,3182.0,2668.0,1834.0,842.0,1090.0,1363.0,1698.0,2345.0,2734.0,3018.0,3079.0,2663.0,1829.0,663.0,920.0,1235.0,1571.0,2221.0,2593.0,2884.0,2946.0,1517.0,1127.0,757.0,813.5,877.0,1095.5,1387.5,1564.0,1627.5,1720.5,2798.0,2361.0,538.5,758.5,867.0,1199.5,1740.0,1907.5,2149.0,2114.0,2864.0,1989.0,622.0,876.0,1146.0,1594.0,1968.0,2190.0,2483.0,2588.0,3731.5,2936.5,1750.0,1935.0,2137.0,2604.0,2841.5,3027.5,3255.5,3350.5,2873.5,2378.0,594.5,750.0,898.5,1168.0,1424.5,1578.0,1785.0,1852.0,2890.0,2411.5,592.0,762.5,921.0,1181.5,1460.0,1634.5,1819.5,1895.5,2768.0,2087.0,799.0,929.0,1012.0,1292.0,1648.0,1807.0,1958.0,2097.0,0.0,0.0,0.0,0.0,0.0,0.0,0.0,0.0,0.0,0.0,3131.0,2664.0,721.0,976.0,1168.5,1532.0,1987.0,2193.0,2401.0,2426.5,2618.0,2305.0,932.5,1035.0,1156.0,1411.5,1662.0,1812.0,1967.0,1997.0,2630.0,2181.5,959.0,1094.5,1186.5,1492.0,1866.0,2002.5,2196.5,2201.0,3403.0,2584.0,865.0,1184.0,1381.0,1895.0,2445.0,2685.0,2905.0,2974.0,3528.0,2781.5,997.0,1335.5,1553.0,2034.5,2545.5,2794.5,3012.5,3044.0,3607.0,2913.0,1117.0,1453.0,1707.0,2135.0,2646.0,2904.0,3120.0,3097.0,3591.5,2843.0,1079.5,1440.0,1709.5,2123.0,2633.0,2880.5,3129.0,3121.0,"{""type"":""MultiPoint"",""coordinates"":[]}"
3874,123,2347.5,1832.5,766.0,1013.5,1038.5,1484.5,2129.5,2322.5,2424.0,2409.0,3096.0,2172.0,689.0,1015.0,1445.5,1926.0,2310.0,2645.0,2893.5,3068.0,3372.5,2402.5,909.0,1255.5,1792.5,2044.5,2196.0,2383.5,2624.5,2619.5,3670.0,3263.5,980.5,1394.0,1973.5,2244.5,2378.0,2575.0,2714.5,2820.0,3770.0,3268.5,1128.0,1536.5,2069.0,2345.0,2511.0,2700.5,2798.5,2931.0,3827.5,3374.5,1154.0,1566.0,2159.0,2442.0,2603.5,2806.0,2906.0,3024.0,3883.0,3434.5,1182.0,1620.0,2190.0,2490.5,2692.5,2850.5,2965.0,3034.5,3869.5,3431.0,1193.0,1633.5,2198.5,2537.0,2634.5,2794.0,2939.0,3018.0,3923.5,3432.5,1208.0,1661.0,2255.5,2585.5,2656.0,2884.0,2970.5,3123.0,3936.0,3458.5,1180.5,1639.0,2261.0,2572.5,2674.0,2888.5,2957.5,3066.5,3893.5,3445.5,1147.0,1594.5,2221.5,2547.0,2651.0,2829.0,2899.0,3044.0,2323.5,1736.0,858.0,1075.0,1015.0,1410.0,2131.5,2350.5,2499.0,2452.0,4002.0,3553.5,1218.5,1662.5,2288.5,2605.5,2765.0,2907.0,2950.0,3134.0,3826.5,3344.5,1118.0,1569.0,2181.0,2484.5,2586.5,2805.5,2872.0,3026.0,3904.5,3392.0,1183.5,1622.5,2199.5,2492.5,2643.0,2813.0,2912.5,3059.5,3787.0,3288.0,1095.5,1499.5,2132.5,2503.5,2568.5,2764.0,2881.5,3030.0,3614.0,3215.0,1068.5,1475.5,2070.5,2330.5,2457.5,2612.0,2747.0,2829.0,3573.5,3075.5,1025.0,1454.0,2022.0,2328.5,2446.0,2599.5,2711.0,2797.5,3457.0,3044.5,1046.5,1418.0,1944.5,2200.0,2370.5,2545.5,2627.5,2704.0,3345.5,2906.5,991.0,1389.0,1944.5,2208.5,2370.5,2554.5,2623.5,2701.5,3346.0,2944.5,787.5,1204.5,1747.0,1990.0,2130.5,2342.5,2479.5,2507.0,3205.5,2838.5,836.0,1163.5,1669.5,1943.5,2106.5,2295.0,2481.0,2507.0,2167.0,1605.0,509.0,756.5,784.0,1282.0,2100.0,2290.0,2447.0,2415.5,2885.5,2312.0,658.0,1048.5,1267.5,1791.5,2039.5,2203.0,2384.0,2438.0,2145.5,1648.0,675.0,904.0,972.5,1349.5,1948.0,2097.0,2182.5,2205.5,2518.0,2001.0,647.5,847.0,975.5,1426.0,2042.5,2274.5,2399.0,2380.0,2576.0,2029.0,639.0,871.0,1001.0,1464.0,2025.0,2242.0,2388.5,2406.5,2234.0,1604.5,2411.0,2386.0,2365.5,2557.0,2664.0,2696.5,2764.0,2691.5,0.0,0.0,0.0,0.0,0.0,0.0,0.0,0.0,0.0,0.0,1841.5,1124.0,492.5,806.0,594.0,1329.5,2746.0,3137.0,3156.5,3255.0,1824.5,1141.5,414.5,747.5,513.0,1299.0,2855.0,3262.5,3418.0,3355.0,1757.5,1095.0,288.5,644.0,462.0,1242.5,2858.5,3175.0,3427.0,3321.0,713.0,429.5,237.5,366.0,250.0,573.5,1177.0,1364.5,1422.0,1447.5,1248.0,775.5,360.0,564.0,408.0,887.0,1824.0,2084.0,2186.0,2198.5,1956.5,1251.5,391.0,696.5,596.0,1264.5,2279.5,2608.5,2748.0,2896.5,2639.5,1766.0,489.5,801.5,1005.0,1523.5,2086.5,2414.0,2568.0,2658.0,"{""type"":""MultiPoint"",""coordinates"":[]}"
3919,61,40.0,60.0,333.0,561.0,581.0,546.0,250.0,261.0,215.0,100.0,3631.5,3421.5,1396.0,1760.0,2011.0,2165.0,2256.5,2383.5,2560.0,2545.5,3211.0,2880.0,1594.5,1797.5,2027.0,2273.0,2427.0,2568.0,2430.0,2683.0,3522.5,3267.0,1273.0,1637.5,1897.5,2121.5,2210.0,2365.0,2473.0,2506.5,3679.5,3420.5,1356.5,1727.5,1997.5,2255.5,2376.0,2517.0,2659.0,2653.5,3711.0,3347.0,1319.0,1723.0,1996.0,2304.0,2470.0,2602.0,2683.0,2745.0,3708.5,3384.5,1336.0,1724.0,1997.5,2300.0,2484.0,2669.5,2803.5,2783.5,3740.0,3387.0,1328.0,1720.0,2010.5,2340.5,2540.0,2684.0,2782.5,2862.0,3739.5,3380.0,1329.5,1729.5,2035.0,2380.0,2514.5,2693.5,2775.5,2855.5,3695.0,3269.0,1303.0,1717.0,2021.0,2349.0,2524.0,2663.0,2849.0,2854.0,3723.5,3374.0,1316.5,1711.5,2027.0,2372.5,2531.5,2693.0,2801.0,2843.5,147.0,121.0,637.0,935.0,1082.0,1127.0,1069.0,1131.0,1192.0,1092.0,3667.0,3360.0,1333.0,1702.0,2027.0,2357.0,2507.0,2682.0,2822.0,2838.0,3862.0,3341.0,2102.0,2412.5,2497.0,2838.5,3119.0,3376.5,3471.0,3473.5,3582.0,3219.5,1675.5,1882.0,2005.5,2339.0,2740.5,2974.5,3026.0,3104.5,3591.0,3175.0,1552.0,1814.5,2048.0,2408.5,2603.5,2795.5,2936.0,2931.0,3559.5,3178.5,1215.5,1597.5,1976.5,2278.0,2421.0,2583.0,2787.0,2766.5,3388.5,3038.5,1134.5,1452.5,1791.0,2096.5,2216.0,2393.0,2531.5,2581.0,3388.5,3026.0,1047.0,1373.0,1742.5,2035.0,2146.5,2321.5,2508.5,2532.0,3330.0,3051.0,1013.0,1311.0,1688.0,1970.0,2090.0,2267.0,2419.0,2462.0,3304.5,2970.0,901.5,1233.5,1650.0,1935.5,2068.0,2211.5,2454.5,2444.5,0.0,0.0,0.0,0.0,0.0,0.0,0.0,0.0,0.0,0.0,0.0,0.0,0.0,0.0,0.0,0.0,0.0,0.0,0.0,0.0,2084.0,1671.0,569.0,736.0,972.0,1182.0,1309.0,1431.0,1550.0,1604.0,0.0,0.0,0.0,0.0,0.0,0.0,0.0,0.0,0.0,0.0,2016.0,1547.0,406.0,650.0,711.0,1116.0,1383.0,1500.0,1632.0,1649.0,0.0,0.0,0.0,0.0,0.0,0.0,0.0,0.0,0.0,0.0,2176.0,1563.0,389.0,694.0,642.0,1248.0,1944.0,2091.0,2246.0,2225.0,0.0,0.0,0.0,0.0,0.0,0.0,0.0,0.0,0.0,0.0,0.0,0.0,0.0,0.0,0.0,0.0,0.0,0.0,0.0,0.0,15.0,24.0,684.0,975.0,969.0,991.0,550.0,579.0,524.0,356.0,1868.0,1376.5,609.0,818.5,917.0,1025.5,1046.0,1157.5,1280.5,1260.0,2054.0,1692.0,717.0,896.0,993.0,1094.0,1119.0,1215.0,1303.0,1330.0,3267.0,3064.0,1866.5,2111.5,2398.0,2642.0,2707.0,2856.0,2491.5,2991.5,3714.0,3341.0,2038.5,2231.0,2386.0,2634.5,2728.0,2818.0,2982.5,2897.5,3641.0,3381.0,1359.0,1738.0,1981.0,2158.0,2223.0,2345.0,2480.0,2473.0,"{""type"":""MultiPoint"",""coordinates"":[]}"
4013,69,0.0,0.0,0.0,0.0,0.0,0.0,0.0,0.0,0.0,0.0,2844.5,2308.5,844.0,1097.5,1414.5,1683.5,1890.0,2085.5,2278.5,2304.0,2468.5,1892.0,862.0,1096.5,1349.0,1591.5,1753.5,1891.5,2161.0,2113.5,2945.5,2384.0,908.0,1192.0,1545.5,1836.0,2032.0,2177.0,2373.5,2429.0,2817.5,2312.0,905.0,1171.5,1471.0,1764.0,2022.5,2165.5,2337.0,2394.0,2931.0,2473.0,933.0,1194.0,1511.0,1778.0,2080.0,2283.0,2402.0,2448.0,2883.0,2323.0,893.0,1203.0,1482.0,1817.0,2231.0,2422.0,2571.5,2608.5,2866.0,2298.5,860.0,1168.0,1432.0,1757.0,2295.5,2508.5,2602.0,2703.5,2851.5,2220.0,840.5,1144.5,1370.5,1757.0,2405.5,2690.0,2777.5,2886.0,2860.0,2208.0,835.0,1157.0,1457.0,1819.0,2248.0,2488.0,2710.0,2745.0,2306.0,1820.0,637.5,920.5,1183.5,1506.0,1900.0,2099.0,2200.0,2314.5,2234.0,1844.0,485.0,683.0,899.0,1128.0,1292.0,1408.0,1605.0,1572.0,2795.0,2198.0,840.0,1134.0,1376.0,1749.0,2294.0,2572.0,2752.0,2781.0,2782.5,2007.5,1514.5,1696.5,1761.5,2163.0,2834.5,3127.0,3253.5,3305.0,1815.5,1275.5,1501.0,1582.5,1546.0,1856.5,2518.5,2767.0,2718.0,2912.5,2487.5,1761.5,965.5,1187.5,1258.0,1690.0,2629.0,2992.5,3154.5,3179.0,2364.0,1677.5,623.0,914.5,1043.5,1486.5,2435.0,2797.5,3024.5,3038.0,2161.5,1503.0,525.0,802.0,888.5,1346.0,2337.5,2684.0,2860.5,2922.5,2193.5,1497.0,541.0,818.0,935.5,1396.0,2398.0,2742.5,2928.5,3022.0,0.0,0.0,0.0,0.0,0.0,0.0,0.0,0.0,0.0,0.0,2567.5,1805.5,620.0,901.5,1199.5,1677.5,2312.5,2606.5,2941.0,2994.5,2319.0,1623.0,1996.0,2073.0,2116.0,2493.0,2779.0,2954.0,2974.0,3146.0,0.0,0.0,0.0,0.0,0.0,0.0,0.0,0.0,0.0,0.0,2660.0,2027.0,741.0,972.0,1175.0,1623.0,2174.0,2426.0,2357.0,2680.0,0.0,0.0,0.0,0.0,0.0,0.0,0.0,0.0,0.0,0.0,1891.0,1297.0,447.0,704.0,700.0,1213.0,1732.0,1914.0,2059.0,2121.0,1978.0,1323.0,486.0,702.0,671.0,1171.0,1901.0,2051.0,2214.0,2250.0,2054.0,1493.5,970.5,1180.5,1222.0,1762.0,2575.0,2748.0,2622.0,2901.5,0.0,0.0,0.0,0.0,0.0,0.0,0.0,0.0,0.0,0.0,0.0,0.0,0.0,0.0,0.0,0.0,0.0,0.0,0.0,0.0,2162.0,1713.0,548.0,747.0,860.0,1156.0,1626.0,1750.0,1870.0,1934.0,2371.0,1893.0,583.0,880.5,964.0,1371.5,2169.0,2326.5,2553.5,2494.0,2461.0,1960.0,682.0,936.0,1021.0,1401.0,2389.0,2647.0,2822.0,2756.0,1816.0,1224.0,393.0,619.0,593.0,1087.0,2443.0,2758.0,2978.0,2929.0,3374.0,2679.5,2267.0,2365.5,2316.5,2755.5,3846.0,4162.0,4466.5,4239.0,2610.0,2115.0,725.0,1025.0,1185.0,1580.0,1964.0,2161.0,2345.0,2313.0,"{""type"":""MultiPoint"",""coordinates"":[]}"
4113,61,326.0,254.0,239.0,449.0,669.0,836.0,837.0,904.0,1007.0,988.0,2766.5,2453.5,572.0,888.5,1299.5,1443.5,1497.0,1609.5,1724.5,1716.5,2951.0,2530.0,513.0,893.0,1396.0,1489.0,1487.0,1564.0,1732.0,1751.0,2975.0,2657.0,654.0,971.0,1431.0,1566.0,1569.0,1704.0,1782.0,1810.0,3076.5,2700.5,699.0,1044.0,1512.5,1681.5,1680.5,1794.5,1900.5,1959.0,3124.5,2705.0,797.0,1145.0,1639.0,1810.0,1804.5,1928.0,2012.0,2082.0,3228.0,2821.0,712.0,1095.0,1608.0,1777.5,1773.0,1906.0,2037.0,2041.0,3275.0,2872.5,714.0,1093.0,1620.5,1796.5,1786.0,1913.5,2010.5,2059.5,3270.5,2863.0,742.0,1120.5,1622.0,1828.0,1805.5,1922.5,1999.5,2075.5,3486.0,3011.0,736.0,1148.0,1698.0,1899.0,1948.0,2065.0,2238.0,2232.0,3525.5,3071.0,749.5,1155.0,1726.0,1925.0,1956.0,2059.0,2161.0,2231.0,1447.0,941.0,407.0,636.0,921.0,1077.0,1125.0,1241.0,1412.0,1391.0,3457.0,3078.0,783.0,1144.0,1708.0,1887.0,1921.0,2077.0,2178.0,2251.0,3533.0,2992.0,1835.5,2096.0,2298.5,2514.0,2690.5,2835.5,2881.5,2847.0,3299.0,2842.0,1306.5,1506.0,1701.5,1958.0,2218.5,2394.0,2410.0,2472.5,3248.0,2802.5,1211.0,1421.5,1709.0,1956.0,2112.0,2235.5,2320.0,2330.0,3104.0,2671.5,615.0,980.5,1495.5,1653.5,1671.0,1791.0,1953.5,1939.5,2923.5,2520.5,596.0,895.5,1293.5,1457.0,1503.5,1640.5,1748.5,1774.5,2896.5,2485.0,563.5,846.0,1257.5,1405.0,1448.5,1569.0,1680.5,1710.0,2846.0,2530.0,591.0,870.0,1265.0,1403.0,1429.0,1572.0,1694.0,1715.0,2735.0,2376.5,512.5,808.5,1202.5,1341.0,1400.0,1503.0,1674.5,1659.5,1533.0,1012.0,1891.0,1873.0,1856.0,2050.0,2173.0,2251.0,2380.0,2307.0,0.0,0.0,0.0,0.0,0.0,0.0,0.0,0.0,0.0,0.0,1440.0,980.0,422.0,532.0,724.0,903.0,961.0,1079.0,1151.0,1210.0,0.0,0.0,0.0,0.0,0.0,0.0,0.0,0.0,0.0,0.0,1682.5,1196.5,347.0,529.0,680.0,925.5,1064.0,1151.0,1231.5,1259.5,0.0,0.0,0.0,0.0,0.0,0.0,0.0,0.0,0.0,0.0,1905.0,1458.0,320.0,503.0,729.0,931.0,1074.0,1193.0,1352.0,1366.0,0.0,0.0,0.0,0.0,0.0,0.0,0.0,0.0,0.0,0.0,0.0,0.0,0.0,0.0,0.0,0.0,0.0,0.0,0.0,0.0,570.0,396.0,269.0,538.0,781.0,952.0,973.0,1065.0,1138.0,1142.0,2505.5,1796.5,549.0,904.5,1248.5,1402.5,1493.5,1619.5,1787.5,1765.0,3382.0,2877.0,855.0,1282.0,1705.0,1885.0,1925.0,2094.0,2270.0,2214.0,2628.0,1924.0,598.0,929.0,1276.0,1439.0,1495.0,1613.0,1767.0,1773.0,3917.5,3392.0,959.5,1420.0,1909.0,2113.0,2185.5,2336.5,2554.0,2519.0,2664.0,2325.0,454.0,788.0,1187.0,1328.0,1359.0,1500.0,1600.0,1661.0,"{""type"":""MultiPoint"",""coordinates"":[]}"
4145,2,1783.0,1513.5,691.5,853.5,1045.0,1153.0,1156.5,1246.5,1335.5,1324.0,2721.5,2427.5,897.0,1253.5,1586.0,1732.5,1813.5,1905.5,2014.5,1986.5,2639.0,2335.0,893.5,1262.0,1585.0,1740.5,1816.5,1931.0,2043.5,2000.5,2725.5,2339.0,900.0,1318.5,1631.0,1797.0,1930.0,2014.0,2111.5,2085.0,2881.0,2503.5,982.0,1360.5,1663.5,1878.5,2118.5,2266.5,2333.5,2354.5,2892.5,2458.0,967.5,1361.5,1654.5,1892.0,2165.5,2310.5,2432.0,2397.5,2845.5,2258.0,908.0,1353.0,1531.0,1895.0,2566.5,2792.5,2959.0,2882.5,2760.0,2058.0,839.5,1230.0,1337.5,1779.5,2820.5,3102.0,3245.5,3221.5,2584.5,1684.5,531.5,959.0,836.5,1440.0,2852.0,3247.0,3348.5,3290.5,2457.5,1398.0,361.0,821.5,584.5,1309.0,3696.5,4604.5,4569.0,4685.0,2170.0,1057.5,278.5,598.5,336.5,976.0,4187.0,5248.5,5348.5,5408.5,1874.0,1575.5,604.5,838.5,1083.5,1169.5,1198.5,1283.0,1366.5,1359.5,2174.0,956.5,156.5,475.0,156.0,836.0,4471.0,5908.0,5905.5,6034.5,2142.0,960.0,176.0,494.0,189.0,880.5,4518.0,6061.0,6186.0,6323.5,2187.5,957.0,255.0,593.5,287.5,954.0,4500.0,6009.5,6131.0,6296.5,2058.5,963.0,366.0,667.5,432.0,1069.5,4161.0,5404.5,5665.5,5703.0,1921.5,931.0,350.0,651.0,449.0,1041.0,3857.5,4908.0,5214.0,5118.0,1867.0,955.5,391.0,666.5,500.0,1077.5,3674.0,4609.5,4879.5,4858.5,1849.5,961.0,447.0,729.5,594.0,1144.0,3401.0,4204.5,4447.5,4479.0,1857.5,989.0,480.5,759.0,635.5,1164.0,3497.0,4115.5,4269.5,4317.5,2013.0,1095.5,395.0,692.0,628.5,1293.5,2727.5,3225.0,3606.0,3756.5,2545.5,1530.5,694.0,916.5,1225.0,1827.0,2372.5,2737.0,3123.5,3343.0,1788.5,1530.5,485.5,723.0,983.0,1079.5,1125.5,1196.5,1327.5,1294.0,2564.0,1553.5,701.0,931.5,1363.0,1798.5,2117.5,2471.0,2789.5,3088.5,2636.5,1809.0,399.5,635.0,1044.0,1358.5,1589.5,1846.5,2166.0,2364.5,2071.0,1794.0,541.0,753.0,999.0,1112.0,1167.0,1258.5,1372.0,1371.0,2090.0,1822.0,593.5,827.5,1090.0,1181.5,1212.5,1322.5,1427.0,1414.0,1854.0,1515.5,1170.0,1183.0,1293.5,1392.0,1408.0,1475.5,1594.5,1564.0,1513.0,1181.5,813.0,810.0,915.0,962.0,996.0,1080.0,1173.5,1174.0,2097.0,1848.5,571.5,875.5,1166.5,1312.0,1334.5,1426.0,1512.0,1523.5,2151.0,1932.0,595.0,882.0,1186.0,1325.0,1355.0,1456.0,1511.0,1541.0,2341.0,2011.0,694.0,1031.0,1365.0,1493.0,1549.0,1629.0,1762.0,1699.0,2261.0,1929.0,787.5,1084.5,1364.5,1499.5,1541.0,1630.0,1744.5,1728.0,2393.5,2086.0,851.0,1152.5,1439.5,1572.0,1619.5,1719.5,1815.5,1794.0,2522.5,2245.0,859.0,1185.5,1498.5,1633.5,1684.0,1796.0,1881.0,1859.0,2417.5,2140.5,714.5,1006.0,1289.5,1419.5,1479.0,1592.5,1695.5,1680.0,"{""type"":""MultiPoint"",""coordinates"":[]}"
4244,3,0.0,0.0,0.0,0.0,0.0,0.0,0.0,0.0,0.0,0.0,2464.0,2167.0,637.0,843.0,1166.0,1306.0,1452.5,1525.0,1665.5,1695.5,2606.5,2301.5,776.5,968.0,1293.5,1462.5,1602.0,1706.0,1804.5,1886.0,2405.5,2169.5,775.0,953.5,1278.0,1417.0,1485.0,1613.5,1675.5,1793.5,1482.5,1378.5,595.5,740.5,985.5,1114.5,1160.0,1219.0,1266.5,1327.0,160.0,147.5,435.0,559.0,604.0,668.5,451.0,521.5,446.0,412.0,362.0,274.5,431.0,654.5,603.5,835.5,766.0,830.0,780.5,720.5,697.0,460.5,349.5,665.0,530.5,1003.0,1360.5,1479.0,1447.5,1385.0,1228.5,663.5,239.5,485.0,256.5,749.0,2098.5,2673.5,2595.0,2605.5,1549.5,707.5,153.0,366.0,138.5,612.0,2977.5,4503.0,4720.0,4594.5,1391.5,631.5,200.0,351.0,158.5,572.5,2771.0,4482.0,4586.0,4624.0,2464.5,2032.5,643.0,896.5,1262.0,1436.5,1512.5,1654.0,1793.0,1785.5,1251.5,570.5,195.5,309.5,129.5,458.5,2485.5,4428.0,4720.0,4661.5,1469.5,629.5,1846.5,1883.5,1497.5,1773.5,3173.0,4581.0,4691.0,4771.0,1512.5,714.0,1066.0,1242.0,940.0,1487.5,3071.5,4187.5,4245.5,4534.0,1568.0,734.0,1079.0,1326.5,925.0,1694.0,3529.0,4660.5,4889.0,4933.5,1630.0,831.0,345.5,863.5,472.5,1480.0,3699.5,4871.0,5082.0,5110.5,1800.0,945.5,469.0,1025.5,720.0,1822.0,3872.5,4690.5,4911.5,5016.0,2534.5,1424.5,673.0,1473.5,1212.0,2703.5,4758.0,5288.5,5651.5,5657.0,2859.0,1751.0,890.5,1801.0,1659.0,3223.5,4702.0,5260.0,5663.5,5641.5,3832.5,2598.5,976.5,1695.0,2049.0,3070.5,3848.5,4199.0,4644.5,4644.5,0.0,0.0,0.0,0.0,0.0,0.0,0.0,0.0,0.0,0.0,0.0,0.0,0.0,0.0,0.0,0.0,0.0,0.0,0.0,0.0,6124.5,5967.5,5932.5,5917.0,6127.5,6362.0,6332.5,6399.5,6199.0,6440.5,2181.0,2237.5,1670.0,1699.5,1838.5,2031.5,2023.0,2125.5,1959.0,2186.0,2939.0,2114.5,975.5,1263.0,1648.5,1955.0,2078.5,2236.5,2390.5,2460.0,3936.0,2918.0,1243.5,1509.5,1972.5,2289.0,2428.0,2585.5,2815.5,2905.5,3944.5,3002.5,1064.0,1337.0,1833.0,2085.5,2214.0,2400.0,2744.0,2771.0,0.0,0.0,0.0,0.0,0.0,0.0,0.0,0.0,0.0,0.0,0.0,0.0,0.0,0.0,0.0,0.0,0.0,0.0,0.0,0.0,1499.5,1054.0,448.5,578.0,831.5,1004.5,1079.0,1224.5,1289.5,1353.5,2480.0,2051.5,717.0,930.0,1271.5,1441.0,1552.5,1691.5,1835.5,1847.0,2619.5,2231.0,791.5,1002.0,1323.5,1497.0,1645.5,1775.0,1895.0,1945.5,345.5,241.5,134.5,151.0,171.5,188.0,230.0,230.5,247.0,263.5,2614.5,2199.0,768.0,967.5,1265.0,1457.5,1622.5,1780.5,1906.0,1939.5,2570.0,2184.0,704.0,908.0,1203.0,1403.5,1574.5,1712.0,1816.0,1884.0,"{""type"":""MultiPoint"",""coordinates"":[]}"
4309,69,0.0,0.0,0.0,0.0,0.0,0.0,0.0,0.0,0.0,0.0,3502.5,3113.0,1043.0,1462.5,2044.5,2271.5,2645.5,2789.5,3105.5,3015.0,3555.0,3178.5,1055.5,1460.5,2083.5,2275.5,2614.5,2769.5,3018.5,2988.0,3525.5,3061.5,1073.5,1472.0,2087.0,2324.5,2581.0,2730.5,2991.0,2999.5,3575.0,3084.0,1089.0,1509.5,2172.0,2407.5,2590.5,2783.5,3014.5,2991.5,3247.0,2774.5,940.5,1344.5,1946.5,2207.5,2350.5,2538.5,2686.5,2705.0,3641.0,3130.0,1125.5,1546.0,2237.5,2459.0,2664.0,2855.0,3079.0,3072.0,3976.0,3459.0,1236.5,1712.0,2486.5,2756.0,2875.5,3038.5,3195.5,3256.5,3950.5,3401.5,1248.0,1737.5,2494.0,2794.0,2968.0,3107.5,3292.0,3316.0,3923.0,3321.0,1208.0,1685.0,2471.0,2768.0,2974.0,3140.0,3336.0,3271.0,3878.0,3354.0,1224.0,1703.0,2464.0,2712.0,2912.0,3113.0,3290.0,3352.0,2691.0,2432.0,451.0,767.0,1161.0,1375.0,1648.0,1767.0,2028.0,1952.0,3884.0,3350.0,1198.0,1648.0,2393.0,2675.0,2856.0,3074.0,3191.0,3291.0,3999.5,3323.0,1671.5,1968.0,2432.0,2677.5,3042.0,3217.0,3419.5,3508.0,3764.0,3169.0,1165.0,1511.0,2016.0,2360.0,2742.0,2979.0,3069.0,3153.0,3762.0,3229.0,1280.5,1623.5,2229.0,2504.0,2757.5,2950.0,3234.5,3161.5,3698.5,3161.5,1048.5,1490.5,2208.5,2447.0,2640.0,2835.5,3092.5,3088.0,3565.0,2980.0,1023.5,1426.5,2100.5,2376.0,2541.5,2701.5,2917.0,2923.5,3568.5,2996.5,1002.0,1417.0,2087.5,2351.0,2531.0,2730.0,2941.0,2976.5,3618.0,2991.0,1004.0,1410.0,2082.0,2381.0,2514.0,2682.0,2944.0,2891.0,3391.0,2887.5,906.5,1304.0,1947.0,2180.0,2391.0,2574.0,2838.5,2795.0,2374.0,1833.0,811.0,1089.0,1431.0,1745.0,2004.0,2159.0,2261.0,2292.0,0.0,0.0,0.0,0.0,0.0,0.0,0.0,0.0,0.0,0.0,2895.0,2361.0,782.0,1129.0,1407.0,1850.0,2215.0,2390.0,2397.0,2452.0,0.0,0.0,0.0,0.0,0.0,0.0,0.0,0.0,0.0,0.0,2659.0,1969.0,726.5,1119.5,1038.0,1732.5,2777.0,3084.0,3346.0,3199.5,2596.0,1945.0,772.0,1112.0,1048.0,1689.0,2842.0,3123.0,3372.0,3257.0,2258.0,1506.5,585.0,964.5,861.0,1560.0,3093.5,3311.5,3660.0,3528.0,0.0,0.0,0.0,0.0,0.0,0.0,0.0,0.0,0.0,0.0,0.0,0.0,0.0,0.0,0.0,0.0,0.0,0.0,0.0,0.0,3580.0,3531.0,2604.0,2656.0,2685.0,2888.0,3293.0,3458.0,3720.0,3621.0,3657.0,3271.5,1177.0,1715.5,2242.5,2619.0,3128.5,3348.0,3684.5,3473.5,3776.0,3374.0,1282.0,1830.0,2433.0,2817.0,3231.0,3407.0,3639.0,3497.0,3254.5,2889.0,1870.5,2147.5,2375.5,2719.0,3288.5,3499.5,3515.5,3706.5,3287.0,2958.0,814.0,1211.0,1753.0,2010.0,2349.0,2553.0,2892.0,2805.0,3331.0,2980.0,931.0,1339.0,1856.0,2163.0,2582.0,2694.0,2978.0,2876.0,"{""type"":""MultiPoint"",""coordinates"":[]}"
4314,3,2248.5,1851.0,1623.5,1679.0,1804.5,1940.0,1945.0,2006.5,2134.0,2136.0,3414.0,3242.0,741.0,1074.0,1446.0,1583.0,1686.0,1820.0,2025.0,1984.0,486.0,426.0,415.0,599.5,777.5,881.0,840.0,910.5,956.0,917.0,681.0,548.5,381.5,616.5,747.0,949.5,1023.5,1103.5,1174.5,1192.5,300.0,231.0,373.0,642.0,641.0,883.0,848.0,930.0,892.0,804.0,540.0,390.0,313.0,555.0,595.0,848.0,1038.0,1158.0,1153.0,1053.0,1071.0,661.0,345.0,597.5,424.0,865.5,1575.0,1824.0,1843.5,1813.5,1199.0,654.0,306.0,501.0,367.0,702.0,1835.0,2290.0,2309.0,2265.0,1340.0,680.5,234.0,403.0,225.0,581.5,2192.5,3233.5,3275.5,3323.5,1279.0,606.0,167.0,271.0,146.0,442.0,2323.0,3895.0,4018.0,4077.0,1218.0,566.0,206.5,325.0,170.5,462.0,2414.0,4042.0,4195.5,4236.5,2854.0,2416.5,565.0,851.5,1214.5,1341.0,1415.5,1521.5,1729.0,1708.0,1216.0,591.0,196.0,359.0,164.0,538.0,2519.0,4006.0,4294.0,4198.0,1351.5,648.0,278.5,651.0,332.0,1066.5,3007.5,4098.0,4375.0,4347.0,1761.0,870.5,1672.0,1898.5,1549.5,2221.0,3246.5,3940.5,4079.5,4241.0,1605.0,799.5,911.5,1306.5,946.5,1914.5,3568.5,4205.0,4452.0,4507.5,1609.0,874.0,565.0,1007.0,883.0,1794.0,3081.0,3573.0,3798.0,3877.0,1953.0,1116.0,681.0,1159.0,1221.0,2173.0,3138.0,3434.0,3717.0,3833.0,3274.5,2179.5,849.0,1361.0,1781.5,2489.0,2991.0,3262.0,3527.5,3664.5,4004.0,2948.0,896.0,1262.0,1884.0,2194.0,2318.0,2515.0,2798.0,2870.0,3513.0,2676.5,725.5,1095.0,1656.0,1910.5,2018.0,2169.5,2380.5,2459.5,0.0,0.0,0.0,0.0,0.0,0.0,0.0,0.0,0.0,0.0,2406.0,2126.0,2452.0,2288.0,2225.0,2242.0,2182.0,2172.0,2479.0,2189.0,1778.0,1274.0,492.0,677.0,956.0,1111.0,1179.0,1224.0,1319.0,1381.0,1574.0,1149.0,640.5,753.0,927.5,1070.0,1141.5,1207.0,1340.0,1308.0,1837.5,1346.5,495.0,681.0,904.5,1055.5,1124.5,1224.0,1359.0,1342.5,1991.5,1467.0,617.5,783.5,967.5,1143.0,1219.0,1314.0,1389.5,1454.0,2112.0,1602.0,546.0,730.0,942.0,1102.0,1198.0,1311.0,1480.0,1487.0,0.0,0.0,0.0,0.0,0.0,0.0,0.0,0.0,0.0,0.0,2649.0,2250.0,517.0,782.0,1104.0,1230.0,1321.0,1415.0,1627.0,1560.0,2872.5,2460.5,594.0,823.0,1158.5,1284.5,1378.5,1474.0,1677.0,1652.5,2915.0,2492.0,450.0,781.0,1158.0,1301.0,1374.0,1512.0,1658.0,1686.0,0.0,0.0,0.0,0.0,0.0,0.0,0.0,0.0,0.0,0.0,3231.0,2822.5,605.0,957.5,1344.0,1503.0,1584.5,1705.5,1894.5,1879.5,2910.5,2727.0,521.0,787.5,1108.0,1225.0,1319.0,1421.0,1583.0,1571.0,3046.0,2815.5,628.0,930.5,1252.5,1397.0,1473.0,1562.5,1710.0,1723.0,"{""type"":""MultiPoint"",""coordinates"":[]}"
4354,76,1440.0,1035.0,1958.0,1759.0,1658.0,1715.0,1705.0,1723.0,1791.0,1713.0,3699.5,3020.5,974.0,1295.5,1520.0,1955.5,2485.5,2719.0,2875.5,2975.0,3830.0,3104.0,992.0,1286.0,1461.0,1993.0,2733.0,3078.0,3229.0,3361.0,1667.0,995.0,353.0,524.0,545.0,842.0,1585.0,1834.0,1923.0,1991.0,3352.0,2628.5,826.5,1175.0,1286.5,1720.5,2702.0,3066.0,3209.5,3329.5,2760.0,2011.0,568.0,852.0,884.0,1398.0,2361.0,2651.0,2745.0,2906.0,3291.5,2492.0,806.0,1166.0,1212.0,1655.5,2829.0,3252.5,3375.0,3548.0,2948.0,2116.0,668.0,974.5,997.5,1500.0,2637.0,2984.5,3063.0,3273.0,3155.5,2248.0,780.5,1156.5,1116.5,1701.5,3119.5,3560.5,3581.5,3817.0,3005.0,1983.0,746.0,1132.0,1021.0,1698.0,3280.0,3647.0,3825.0,3974.0,2868.0,1985.5,678.5,978.0,1018.0,1543.0,2430.0,2770.0,2892.0,3089.0,2852.5,2389.0,668.0,900.5,1147.5,1366.0,1496.5,1677.0,1864.5,1910.5,3003.0,2032.0,739.5,1057.0,995.0,1596.5,2865.5,3284.0,3420.5,3638.0,2788.0,1777.0,1918.5,2098.0,1938.5,2347.5,3162.5,3490.5,3650.0,3720.0,2321.5,1401.0,1377.0,1568.5,1404.5,1869.5,2680.5,3066.5,3108.5,3284.5,2620.5,1716.0,947.0,1122.5,1056.5,1490.5,2280.5,2594.0,2681.5,2876.5,2112.5,1235.0,314.5,613.0,558.5,1105.0,2043.5,2320.5,2444.5,2518.5,2815.5,1952.0,549.0,829.0,960.0,1435.0,1985.0,2231.5,2381.5,2534.0,2755.0,1963.0,565.5,823.5,966.0,1405.0,1983.5,2215.5,2395.5,2545.0,2877.0,2125.0,586.0,815.0,1041.0,1392.0,1883.0,2177.0,2280.0,2442.0,2914.0,2100.5,555.5,833.0,1076.0,1434.0,1883.5,2124.0,2369.5,2442.0,0.0,0.0,0.0,0.0,0.0,0.0,0.0,0.0,0.0,0.0,0.0,0.0,0.0,0.0,0.0,0.0,0.0,0.0,0.0,0.0,5328.0,4125.0,3226.0,3217.0,3189.0,3534.0,4046.0,4229.0,4913.0,4465.0,2649.0,1894.0,542.0,701.0,873.0,1227.0,1513.0,1770.0,1870.0,2005.0,2500.5,1807.0,452.0,661.0,799.5,1153.0,1488.0,1610.0,1797.0,1853.0,3816.0,3501.0,2506.0,2608.0,2724.0,3012.0,3153.0,3270.0,3456.0,3413.0,2334.0,1742.0,400.0,622.0,716.0,1117.0,1457.0,1649.0,1879.0,1894.0,0.0,0.0,0.0,0.0,0.0,0.0,0.0,0.0,0.0,0.0,1165.0,833.0,448.0,485.0,551.0,664.0,714.0,772.0,881.0,900.0,2364.0,1933.0,540.0,719.0,907.0,1135.0,1266.0,1374.0,1521.0,1555.0,3308.5,2913.5,939.0,1217.0,1504.5,1729.0,1899.0,2078.5,2304.0,2282.0,3116.0,2784.0,966.0,1231.0,1500.0,1741.0,1920.0,2074.0,2244.0,2258.0,2511.0,1896.0,636.0,844.0,1020.0,1263.0,1519.0,1671.0,1821.0,1878.0,3540.5,3081.0,1066.5,1361.0,1619.0,1920.5,2277.5,2497.5,2719.0,2724.0,3944.0,3279.0,1034.0,1361.0,1702.0,2023.0,2245.0,2400.0,2634.0,2696.0,"{""type"":""MultiPoint"",""coordinates"":[]}"
4371,69,3170.0,2750.5,1254.5,1403.5,1463.0,1809.0,2114.0,2210.0,2299.5,2353.0,2321.0,1513.5,475.5,751.5,843.5,1311.0,1839.5,2110.5,2249.5,2323.5,2650.0,1785.5,471.0,801.0,865.0,1371.5,2120.5,2285.5,2512.0,2582.5,2999.0,2135.5,569.0,939.0,956.5,1475.0,2517.0,2869.0,3100.5,3058.0,3085.0,2191.5,651.0,1019.5,1046.0,1605.0,2681.5,3015.5,3253.5,3244.0,3226.5,2328.0,729.5,1119.0,1237.0,1780.0,2677.0,3016.0,3246.5,3282.5,3437.0,2476.0,750.5,1166.0,1370.0,1923.0,2699.5,3042.0,3237.0,3326.0,3546.0,2572.5,799.5,1242.5,1543.5,2095.5,2773.0,3063.5,3339.5,3405.0,3329.5,2313.0,712.5,1183.5,1469.5,2019.5,2706.5,2900.5,3123.5,3342.5,2704.0,1678.0,415.5,831.0,785.0,1488.5,2534.0,2894.5,3012.5,3237.5,2749.5,1678.0,333.5,785.0,634.5,1321.5,3171.0,3840.0,3942.0,4069.0,3169.0,2695.0,1226.0,1429.0,1416.5,1828.0,2435.0,2568.5,2683.5,2703.5,3527.5,2502.5,620.0,1083.5,1156.5,1840.5,2857.0,3224.0,3390.0,3627.0,3524.0,2495.0,716.5,1144.5,1328.5,1973.5,2771.0,3054.0,3307.5,3476.5,3530.5,2504.5,853.5,1256.0,1519.5,2115.0,2743.5,3045.0,3289.5,3407.0,3542.5,2509.0,910.5,1220.5,1566.5,2088.5,2546.0,2870.5,3080.0,3169.5,3758.0,2871.5,889.0,1262.5,1664.0,2111.0,2505.0,2751.0,2985.0,3123.0,3860.5,3033.0,921.0,1285.5,1703.5,2118.5,2463.5,2686.5,2920.0,3057.0,3935.5,3183.5,967.0,1336.5,1777.5,2195.0,2464.5,2695.0,2939.0,3031.5,3762.0,3080.5,971.5,1339.5,1795.5,2216.5,2472.0,2686.0,2957.5,3017.0,3667.0,2903.0,884.0,1263.0,1726.0,2160.5,2394.5,2635.0,2897.0,2978.0,3543.0,2796.5,872.0,1204.0,1655.0,2081.5,2358.0,2589.0,2769.0,2893.0,1897.0,1310.0,286.5,541.0,423.5,940.5,1868.5,1992.0,2152.0,2158.0,3364.0,2605.0,709.0,1024.0,1321.0,1736.0,2086.5,2237.5,2462.0,2526.0,3084.0,2342.5,690.0,975.0,1146.5,1559.0,2062.5,2232.5,2394.0,2450.0,2799.0,2060.0,569.5,833.0,785.0,1272.0,2092.5,2327.5,2434.5,2458.5,2830.5,2022.0,567.5,833.0,824.0,1337.0,2116.0,2359.5,2483.0,2514.0,3016.0,1864.5,3650.0,3562.5,3442.5,3734.5,3932.0,3975.5,4107.5,4030.0,0.0,0.0,0.0,0.0,0.0,0.0,0.0,0.0,0.0,0.0,1855.5,1161.0,278.5,565.0,366.0,1096.5,2551.0,2780.5,2816.5,2846.5,1916.0,1207.5,264.0,650.0,382.5,1170.0,2806.0,3141.5,3186.0,3273.5,1879.5,1144.5,258.5,691.5,416.5,1229.5,2993.5,3462.5,3553.0,3534.0,1705.5,954.5,275.5,713.0,402.5,1275.5,3243.0,3548.5,3842.0,3826.5,1692.5,978.5,327.0,686.5,440.5,1209.0,2789.0,3096.5,3323.5,3321.5,1792.5,1040.0,355.5,697.5,539.5,1275.0,2524.5,2854.5,3059.0,3109.5,3096.0,2387.0,682.5,1023.0,1238.0,1659.5,2161.5,2447.0,2675.5,2735.5,"{""type"":""MultiPoint"",""coordinates"":[]}"
4503,72,1162.5,749.0,158.5,429.5,280.5,821.0,2522.5,2884.5,3112.5,3140.0,2460.0,1559.5,628.0,1128.0,1025.0,1932.5,3334.5,3688.0,4043.5,3874.0,2361.0,1562.5,641.5,1260.0,1047.0,2028.5,3667.0,3996.0,4353.0,4224.5,2477.0,1580.0,695.0,1236.0,1156.0,2009.0,3657.0,4115.0,4371.0,4373.0,2556.0,1685.0,701.0,1255.0,1213.0,2094.0,3715.0,4178.5,4475.5,4415.0,2689.0,1829.0,729.0,1278.0,1320.0,2137.0,3748.0,4196.0,4472.0,4405.0,2748.0,1841.0,832.0,1380.0,1384.0,2248.0,3770.0,4181.0,4447.0,4458.0,2810.0,1836.0,880.5,1467.0,1470.0,2480.0,3731.5,4096.5,4336.5,4437.5,2818.5,1875.0,801.0,1354.5,1399.0,2455.5,3674.0,4052.5,4138.5,4372.5,2880.0,1938.0,825.5,1369.0,1397.0,2401.5,3695.0,4150.0,4138.5,4369.0,2771.5,1836.0,791.0,1305.0,1332.0,2292.0,3559.0,3985.5,3931.0,4236.0,1112.0,704.0,187.0,418.0,305.0,794.0,2460.0,2917.0,3157.0,3023.0,2697.0,1704.0,641.0,1148.0,1139.0,2106.0,3593.0,3963.0,4064.0,4294.0,2542.5,1701.5,706.5,1171.5,1165.5,2093.0,3405.5,3830.0,3956.0,4071.5,2437.0,1611.5,629.5,1062.0,1037.0,1831.0,3316.5,3802.5,3795.5,4106.0,2238.0,1418.5,615.5,988.0,950.0,1776.5,3135.0,3602.0,3724.5,3868.0,1995.0,1321.5,499.0,871.5,757.0,1469.0,2936.5,3367.0,3396.5,3585.0,1875.0,1260.0,525.0,833.0,766.0,1576.0,2872.0,3310.0,3322.0,3431.0,1722.5,1181.0,251.0,608.5,438.5,1108.0,2704.5,3114.5,3240.5,3332.5,1561.0,971.0,431.0,658.0,565.0,1117.0,2605.0,3109.0,3240.0,3208.0,1510.5,1032.0,358.5,684.5,534.5,1190.5,2730.5,3130.5,3325.0,3330.0,1273.0,827.0,178.0,529.0,303.0,950.0,2727.0,3138.0,3199.0,3291.0,1108.0,624.0,127.5,378.5,240.5,875.0,2497.0,2968.5,3051.5,3164.0,1252.0,869.0,222.0,557.0,281.0,854.0,2580.0,3043.0,3287.0,3249.0,1181.0,770.0,189.0,511.0,269.0,1055.0,2584.0,3111.0,3266.0,3248.0,1152.0,720.0,207.0,504.5,311.5,1019.0,2670.0,3152.5,3412.0,3417.5,1144.0,675.0,261.0,524.0,289.0,971.0,2621.0,3083.0,3350.0,3305.0,1189.0,804.5,228.0,558.0,368.5,1147.5,2749.5,3198.5,3458.5,3449.0,1370.0,837.0,251.0,582.0,501.0,1201.0,2383.0,2744.0,2970.0,3027.0,1172.0,770.0,178.0,412.0,239.0,803.0,2404.0,2871.0,3107.0,3139.0,1436.0,1012.0,314.0,589.0,476.0,1032.0,2453.0,2704.0,2968.0,2927.0,1344.5,804.0,201.5,489.5,311.0,852.0,2382.5,2858.5,3068.5,3032.5,1673.0,1048.0,345.0,669.0,474.0,1101.0,2443.0,2856.0,3055.0,3007.0,1954.0,1315.0,490.0,817.5,730.5,1414.5,2534.0,2832.0,3061.5,3076.0,0.0,0.0,0.0,0.0,0.0,0.0,0.0,0.0,0.0,0.0,2199.0,1447.5,594.0,981.0,1009.5,1703.0,2856.0,3109.5,3404.5,3377.5,"{""type"":""MultiPoint"",""coordinates"":[]}"
4553,204,2054.5,1734.0,460.5,670.5,928.5,1066.5,1144.0,1274.5,1383.5,1414.0,2998.5,2434.5,845.5,1256.5,1456.5,1822.0,2475.0,2776.5,2938.0,2902.0,3022.5,2400.0,823.0,1246.5,1415.5,1839.0,2633.0,2965.5,3166.5,3124.0,3161.0,2486.5,887.5,1303.0,1490.5,1899.0,2661.0,3029.0,3239.0,3238.0,3215.5,2494.0,944.0,1353.5,1618.5,1972.0,2693.5,3088.0,3232.0,3273.5,3236.5,2550.0,971.0,1424.0,1724.0,2121.0,2777.5,3124.0,3390.0,3314.0,3433.5,2686.0,1042.5,1549.5,1921.0,2322.0,2921.5,3257.5,3499.5,3515.0,3410.0,2581.0,1050.0,1549.5,1931.0,2326.5,2976.0,3326.5,3579.0,3522.0,3378.0,2553.5,1054.0,1533.0,1934.0,2353.5,2986.0,3366.5,3557.5,3626.0,3501.5,2698.0,1080.5,1587.0,2008.5,2449.0,3061.0,3493.0,3580.0,3684.0,3340.0,2576.5,1032.5,1511.5,1929.5,2354.5,3023.0,3455.5,3561.0,3660.5,2290.0,1985.0,570.5,808.5,1084.5,1218.5,1301.0,1393.5,1547.5,1531.5,3275.0,2487.5,972.0,1434.5,1822.0,2275.0,2968.0,3422.5,3493.0,3614.5,3124.5,2328.0,947.5,1413.0,1797.0,2191.0,2920.0,3334.0,3453.0,3538.5,3055.0,2211.5,888.5,1337.5,1699.0,2102.5,2853.0,3263.5,3358.5,3494.5,2921.5,2131.5,877.0,1256.5,1600.0,1993.5,2770.0,3130.5,3296.0,3368.0,2812.0,2085.0,825.5,1223.0,1571.0,1962.0,2680.5,3079.5,3254.0,3320.0,2777.0,1973.5,777.5,1188.5,1529.5,1936.5,2637.0,3024.0,3198.5,3274.5,2686.5,1981.0,824.5,1184.5,1535.5,1941.0,2643.0,2979.0,3175.5,3258.5,2638.5,1891.5,763.5,1098.5,1454.0,1841.5,2488.0,2833.5,3058.5,3112.5,2596.0,1891.5,711.5,1042.5,1369.5,1776.0,2428.0,2752.5,2973.0,3038.0,2471.5,1825.5,657.0,969.5,1320.5,1759.0,2228.5,2482.5,2685.5,2839.5,2072.5,1603.0,547.5,780.0,1022.5,1177.5,1265.5,1357.5,1478.0,1497.0,2998.0,2288.0,740.0,1093.0,1598.5,2025.0,2362.5,2612.5,2885.5,2908.0,2915.0,2674.0,1782.0,1978.5,2150.5,2351.0,2339.0,2412.0,2461.5,2576.5,2313.5,1955.0,492.0,737.0,1001.0,1129.0,1238.0,1371.5,1467.5,1519.0,2545.0,2174.5,583.5,859.0,1145.5,1313.0,1404.0,1553.5,1672.5,1703.0,2184.0,1641.0,1440.5,1568.0,1774.0,1953.5,1999.0,2153.5,2097.0,2269.0,1007.0,812.0,674.0,749.5,788.0,805.5,839.0,899.0,873.5,954.0,2516.0,2121.5,691.5,1032.0,1335.0,1462.0,1539.5,1674.5,1823.5,1789.0,2988.0,2641.5,888.5,1222.5,1569.0,1727.5,1798.0,1932.0,2063.5,2062.5,3278.5,2831.5,1013.0,1457.5,1829.5,2015.5,2105.5,2249.0,2399.5,2364.5,2906.0,2436.0,730.0,1069.5,1366.5,1606.5,1757.0,1909.0,2064.5,2048.5,2736.0,2248.5,680.5,1009.5,1273.0,1502.5,1722.5,1881.5,2007.0,2010.0,3213.0,2727.5,912.5,1333.0,1592.0,1841.5,2320.5,2563.5,2722.5,2677.5,3184.5,2609.5,893.5,1331.5,1590.5,1847.0,2330.5,2602.0,2785.5,2733.0,"{""type"":""MultiPoint"",""coordinates"":[]}"
4677,121,2068.5,1555.0,308.0,513.5,595.0,909.0,1353.0,1461.0,1635.0,1708.0,2263.0,1554.5,544.5,800.5,909.5,1364.0,2060.5,2250.0,2665.0,2599.5,2522.0,1776.0,649.0,945.5,1210.5,1585.0,2203.0,2415.0,2731.5,2658.0,2890.5,2063.5,799.5,1141.5,1556.0,1861.5,2135.0,2454.5,2771.0,2666.0,3045.0,2263.5,955.5,1270.0,1714.0,1951.5,2310.0,2550.0,2773.5,2734.5,3233.0,2465.5,914.5,1254.0,1738.5,1951.5,2248.5,2393.0,2694.5,2598.0,3332.5,2577.0,954.5,1304.0,1804.0,2007.0,2248.0,2586.5,2770.5,2643.5,3451.0,2539.0,881.0,1293.0,1804.0,2013.0,2211.5,2580.5,2752.5,2760.5,3390.5,2586.0,881.0,1270.5,1812.5,1963.5,2213.5,2569.0,2717.5,2725.5,3491.5,2522.0,795.5,1220.0,1773.0,2040.5,2243.5,2338.5,2660.0,2829.5,3257.0,2458.0,890.5,1264.5,1845.5,2078.5,2223.5,2340.5,2780.0,2763.5,2110.5,1622.0,371.0,566.0,623.5,949.5,1486.0,1572.0,1759.5,1792.5,3254.5,2516.5,871.0,1233.5,1784.0,1984.0,2093.5,2448.0,2736.5,2572.0,3500.0,2615.0,1326.0,1505.5,1833.5,2082.5,2405.0,2473.5,2751.5,2783.5,3269.0,2511.5,784.5,1129.5,1668.0,1877.5,2140.5,2351.0,2509.0,2535.0,3133.5,2457.0,771.0,1095.5,1590.0,1715.5,1995.5,2230.0,2559.5,2507.5,3144.5,2408.5,834.0,1124.0,1611.0,1751.0,1878.5,2241.0,2494.5,2445.5,3156.0,2415.0,718.0,1040.5,1541.0,1740.0,1943.0,2089.0,2368.0,2322.5,3161.5,2392.5,797.0,1089.5,1525.5,1710.0,1918.5,2205.0,2366.0,2426.0,3064.0,2330.0,697.5,1020.0,1506.0,1600.5,1830.0,2040.0,2333.5,2403.0,3143.5,2334.0,658.0,1010.0,1512.5,1731.0,1862.0,2161.0,2367.5,2352.0,2841.5,2211.5,643.5,886.0,1268.5,1440.0,1598.5,1819.0,1898.0,1974.0,1619.5,1086.5,247.0,472.5,452.5,930.0,1627.0,1777.0,1895.5,1914.0,0.0,0.0,0.0,0.0,0.0,0.0,0.0,0.0,0.0,0.0,1755.0,1311.5,494.0,779.0,644.5,1157.5,2175.0,2380.5,2426.0,2278.0,1802.5,1169.0,267.0,597.5,426.0,1029.5,2358.0,2682.0,2914.5,2869.0,1781.5,1160.5,318.5,647.5,500.0,1078.5,2527.0,2731.5,2996.0,2757.0,1574.5,977.0,311.5,615.0,422.5,1063.5,2635.5,2976.5,3397.0,3385.5,1786.5,1008.5,685.0,954.5,632.5,1448.5,3633.5,3950.5,3901.0,3995.0,1854.5,1274.5,283.5,484.5,496.0,881.0,1561.5,1602.0,1837.5,1780.5,1929.5,1396.0,288.0,506.5,493.0,906.0,1614.0,1830.0,2072.5,2002.0,2229.0,1508.5,302.5,516.0,555.0,908.0,1639.5,1724.0,2013.5,1989.0,1967.5,1458.0,307.5,536.0,552.0,950.5,1842.5,2047.0,2311.5,1995.0,1072.0,714.5,268.0,389.5,336.5,609.5,1192.0,1285.5,1589.0,1511.5,1865.0,1282.0,352.0,604.5,565.5,984.0,1761.5,2129.5,2551.5,2513.0,2110.0,1426.0,396.5,639.0,673.0,1095.5,1794.5,2116.5,2360.5,2334.0,"{""type"":""MultiPoint"",""coordinates"":[]}"
4707,69,2800.0,2635.0,790.5,974.0,1253.5,1429.5,1481.0,1640.0,1795.0,1857.5,3089.0,2410.5,826.5,1263.5,1266.0,1885.0,3126.0,3450.5,3589.0,3647.0,2932.0,2244.5,786.0,1202.5,1176.5,1803.0,3179.5,3646.5,3903.0,3878.5,3102.5,2267.5,730.0,1178.5,1180.5,1805.5,3314.5,3825.0,3994.0,4068.5,2874.0,1988.0,692.5,1099.0,1007.5,1693.0,3397.0,3999.0,4214.5,4249.0,2898.5,1961.5,646.0,1066.5,970.0,1666.5,3521.0,4141.5,4360.5,4378.5,2916.5,1909.0,694.0,1117.0,961.0,1669.0,3849.5,4578.0,4836.5,4799.5,2864.0,1812.5,663.0,1098.0,903.0,1634.0,3914.5,4702.5,4905.0,4911.5,2843.0,1721.0,576.5,996.5,753.5,1546.5,3945.5,4845.0,4942.5,5064.5,2781.5,1601.5,529.0,946.5,665.0,1458.5,3947.0,4894.0,4941.5,5102.5,2708.5,1566.5,511.5,927.5,656.5,1483.5,3764.5,4609.5,4758.5,4861.5,3185.0,3104.5,950.5,1165.5,1463.5,1633.0,1738.0,1859.5,1986.5,2077.0,2689.5,1569.5,525.5,923.5,673.5,1525.5,3633.0,4488.0,4612.0,4768.5,2734.5,1604.5,531.0,962.5,796.0,1578.0,3425.0,4056.0,4287.0,4417.0,3050.0,1879.5,698.5,1109.5,1199.0,1967.0,3292.5,3967.0,4202.0,4372.5,2975.0,1897.0,723.5,1035.0,1317.5,1908.5,2772.5,3177.0,3428.0,3636.0,2832.0,1842.0,675.5,980.5,1248.5,1798.0,2642.5,3024.0,3338.5,3440.0,2790.0,1793.0,645.0,952.5,1178.0,1696.0,2532.0,2946.0,3183.0,3349.0,2941.0,1997.0,743.5,1062.0,1285.0,1872.0,2655.5,3042.5,3297.5,3436.0,2939.5,1976.0,799.5,1108.0,1344.0,1879.0,2655.5,3042.5,3297.5,3436.0,2948.0,1956.5,537.5,917.5,1125.0,1780.5,2628.0,3032.0,3311.5,3477.5,2759.5,1951.5,587.5,907.0,1138.5,1692.0,2247.5,2524.0,2784.0,2933.5,2789.0,2592.0,741.5,950.0,1247.0,1413.5,1516.0,1648.0,1816.5,1849.5,2855.0,2392.5,576.0,864.5,1129.5,1502.0,1940.5,2148.0,2316.0,2374.5,3826.5,3431.5,2101.5,2316.5,2549.0,2869.5,2999.0,3143.5,3232.5,3314.0,3053.5,3046.5,873.0,1120.0,1410.5,1601.5,1688.5,1857.5,1949.0,2015.0,3149.5,3054.0,900.0,1174.0,1480.0,1670.5,1764.0,1918.0,2025.0,2091.0,3139.5,2191.5,3858.0,3660.5,3644.5,3880.5,3869.0,3874.5,3974.5,3961.5,0.0,0.0,0.0,0.0,0.0,0.0,0.0,0.0,0.0,0.0,3245.5,3062.0,852.5,1136.0,1443.5,1668.0,1795.5,1959.0,2119.5,2164.5,3721.0,3572.5,1048.5,1365.5,1702.0,1955.0,2178.0,2324.0,2518.0,2590.5,3795.0,3635.0,1082.5,1432.0,1788.0,2034.0,2280.5,2441.5,2639.0,2686.5,2491.0,2075.5,787.0,1000.5,1250.5,1457.5,1665.0,1818.0,1953.0,1998.5,3244.0,2943.0,1075.5,1375.0,1666.5,1920.5,2209.0,2383.5,2535.0,2574.0,3873.0,3721.0,1258.5,1667.5,1978.0,2329.5,2649.0,2868.5,3027.5,3075.5,3647.5,3356.0,1138.0,1567.5,1812.0,2214.5,2640.5,2814.5,2984.0,3001.5,"{""type"":""MultiPoint"",""coordinates"":[]}"
4716,33,2378.0,2182.0,1566.5,1615.5,1678.5,1774.0,1712.0,1782.5,1847.0,1784.0,3153.5,2830.0,1186.0,1455.0,1563.0,1861.5,2330.5,2482.5,2646.0,2608.0,2861.0,2448.5,984.5,1253.0,1254.0,1638.5,2571.0,2779.5,2987.0,2885.0,2369.0,1800.0,678.0,947.0,869.0,1321.0,2647.0,3037.0,3156.0,3148.0,1836.0,1234.0,516.0,757.0,607.0,1109.0,2906.0,3290.0,3377.0,3380.0,1635.0,929.0,464.0,721.0,478.0,982.0,3096.0,3723.0,3887.0,3823.0,1748.0,970.0,464.0,785.0,569.0,1130.0,3234.0,3847.0,3970.0,4010.0,1928.0,1069.0,480.0,929.0,929.0,1539.0,3275.0,3821.0,3977.0,4015.0,2375.0,1395.5,597.0,1128.0,1211.5,1943.5,3190.5,3579.5,3788.5,3861.5,2691.5,1663.0,685.5,1248.0,1607.0,2321.0,3096.0,3394.5,3591.5,3750.0,3269.0,2096.0,801.0,1196.0,2114.0,2523.0,2554.0,2787.0,3020.0,3226.0,1983.0,1362.0,762.0,946.0,948.0,1174.0,1239.0,1320.0,1418.0,1421.0,3284.0,2133.0,805.0,1176.0,2089.0,2422.0,2479.0,2661.0,2920.0,3072.0,3264.0,2066.5,789.0,1180.5,2071.5,2426.0,2489.0,2741.0,2988.5,3126.5,4855.0,3546.0,2217.0,2844.0,3362.0,3714.0,3894.0,4119.0,4337.0,4432.0,4683.0,3501.0,1914.0,2455.0,3412.0,3766.0,3845.0,4060.0,4298.0,4363.0,3694.0,3294.0,1478.0,1771.0,2235.0,2427.0,2441.0,2577.0,2742.0,2809.0,3694.0,3288.0,1478.0,1771.0,2215.0,2443.0,2475.0,2577.0,2724.0,2777.0,3772.0,3227.0,1586.0,1954.5,2425.0,2668.0,2705.0,2789.0,2936.0,2969.0,3491.0,3032.5,1461.0,1751.5,2136.0,2379.5,2375.0,2500.0,2636.0,2687.5,3436.0,2998.0,1422.0,1697.0,2089.0,2342.0,2333.0,2465.0,2549.0,2643.0,3185.0,2731.0,1208.0,1516.0,1911.0,2120.0,2120.0,2239.0,2321.0,2434.0,2158.5,1578.5,666.0,913.5,955.0,1226.5,1312.5,1392.5,1494.5,1540.5,3026.5,2624.5,1180.5,1450.0,1783.5,2006.0,2008.0,2098.0,2171.0,2274.0,2950.0,2525.0,1054.0,1403.0,1763.0,1987.0,2019.0,2078.0,2201.0,2263.0,2928.0,2598.0,1083.0,1329.0,1664.0,1775.0,1821.0,1964.0,2071.0,2102.0,2928.0,2598.0,1083.0,1329.0,1664.0,1775.0,1821.0,1964.0,2071.0,2102.0,2639.0,2254.0,904.0,1183.0,1513.0,1670.0,1729.0,1777.0,1901.0,1963.0,0.0,0.0,0.0,0.0,0.0,0.0,0.0,0.0,0.0,0.0,2266.0,1616.5,823.5,1075.0,1134.0,1406.0,1440.5,1550.5,1632.0,1669.5,2343.5,1672.5,877.5,1142.0,1207.0,1489.0,1558.0,1682.5,1762.5,1781.5,2466.0,1795.0,977.0,1277.0,1385.0,1621.0,1737.0,1828.0,1967.0,1928.0,4147.5,3658.0,1914.5,2279.5,2615.5,2725.0,2766.0,2872.0,3275.0,3057.0,3062.0,3033.0,1109.0,1281.0,1505.0,1606.0,1644.0,1755.0,1899.0,1882.0,3089.5,3007.5,1122.5,1311.5,1536.0,1655.0,1686.0,1783.5,1946.5,1926.0,3240.0,3025.0,1245.0,1494.0,1694.0,1854.0,1995.0,2100.0,2247.0,2234.0,"{""type"":""MultiPoint"",""coordinates"":[]}"
4785,176,0.0,0.0,0.0,0.0,0.0,0.0,0.0,0.0,0.0,0.0,2914.5,1876.5,525.0,871.5,952.5,1569.0,2878.5,3316.5,3723.5,3719.5,2801.5,1707.5,1228.5,1371.0,1486.0,1799.0,2324.0,2531.0,3094.0,2836.0,3884.0,2518.0,843.0,1221.0,1671.0,2106.0,2857.0,3338.0,3627.0,3781.0,4151.5,2753.5,982.0,1408.5,2035.5,2471.5,3086.0,3544.0,3822.5,4010.0,4234.0,2916.0,1022.5,1473.0,2132.5,2581.5,3199.5,3662.0,3927.0,4142.5,4513.0,3095.0,1045.0,1531.5,2231.0,2602.0,3224.0,3637.5,3909.0,4074.0,4619.0,3442.0,1034.5,1540.0,2277.0,2698.5,3238.5,3568.5,3694.0,3986.5,4587.0,3274.5,1039.0,1523.0,2241.0,2731.0,3204.0,3548.0,3707.0,3995.0,4252.0,2987.0,1023.0,1472.0,2201.0,2571.0,2948.0,3444.0,3542.0,3738.0,4518.0,3269.0,1063.0,1566.0,2290.0,2726.0,3281.0,3532.0,3760.0,4077.0,2891.0,2297.0,372.0,712.0,1016.0,1279.0,1965.0,2327.0,2444.0,2534.0,4615.0,3463.0,1009.0,1464.0,2178.0,2683.0,3126.0,3438.0,3598.0,3727.0,4796.5,3492.0,1455.5,1771.0,2299.0,2686.0,3132.5,3438.5,3670.0,3963.5,4545.5,3618.0,1243.0,1555.0,2104.0,2524.0,2975.0,3238.5,3383.0,3812.5,4545.0,3469.0,1068.0,1424.5,2053.0,2454.5,2927.5,3317.0,3534.0,3879.0,4232.0,3312.5,740.5,1183.0,1881.5,2319.5,2750.0,3070.0,3225.0,3427.5,4001.5,2948.0,665.5,1041.5,1666.0,2101.5,2634.5,2867.0,2866.0,3261.5,4004.0,3031.0,762.0,1121.0,1703.0,2144.5,2521.0,2781.5,2893.0,3345.5,3844.0,2881.0,657.0,1004.0,1597.0,2038.0,2610.0,2888.0,2967.0,3345.0,3901.5,2942.5,664.0,1074.0,1704.0,2143.0,2596.0,2748.0,3055.0,3297.5,3924.0,3175.0,3802.0,3799.0,3905.0,4303.0,4295.0,4316.0,4275.0,4406.0,3088.0,2183.0,779.0,1016.0,1133.0,1665.0,2728.0,3000.0,3151.0,3382.0,2335.0,1657.0,447.0,725.0,937.0,1381.0,1776.0,2050.0,2036.0,2297.0,0.0,0.0,0.0,0.0,0.0,0.0,0.0,0.0,0.0,0.0,2012.0,1181.0,299.0,744.0,526.0,1309.0,2950.0,3250.0,3514.0,3418.0,1901.0,1065.0,354.0,733.0,507.0,1286.0,3039.0,3452.0,3532.0,3581.0,1998.5,1069.0,295.5,723.0,437.5,1375.0,3767.5,4179.5,4386.0,4328.5,0.0,0.0,0.0,0.0,0.0,0.0,0.0,0.0,0.0,0.0,0.0,0.0,0.0,0.0,0.0,0.0,0.0,0.0,0.0,0.0,2070.0,1217.0,575.0,808.0,721.0,1370.0,2878.0,3305.0,3434.0,3515.0,2418.0,1534.0,408.5,756.5,750.5,1386.0,2721.0,3151.0,3321.5,3399.0,2759.0,1926.0,540.0,886.0,974.0,1592.0,2866.0,3293.0,3489.0,3603.0,2326.0,1332.0,425.0,790.0,732.0,1379.0,3136.0,3488.0,3691.0,3890.0,2838.5,1837.5,694.0,1009.0,977.5,1620.5,3317.0,3831.0,4075.0,4174.0,0.0,0.0,0.0,0.0,0.0,0.0,0.0,0.0,0.0,0.0,"{""type"":""MultiPoint"",""coordinates"":[]}"
4787,69,2930.5,2697.0,1860.5,1873.5,1952.5,2130.0,2168.5,2246.0,2363.5,2390.5,3744.0,3425.0,1062.5,1416.5,1687.0,2058.0,2531.5,2771.0,2960.0,2999.0,3468.0,2990.0,874.0,1250.5,1452.5,1898.0,2648.5,2942.0,3125.5,3152.0,3316.5,2714.0,772.0,1177.0,1279.5,1801.5,2908.0,3304.0,3514.0,3549.5,3305.0,2666.0,735.5,1161.0,1148.0,1788.0,3294.0,3810.5,3964.5,4091.5,3290.5,2473.0,688.5,1125.5,1059.0,1749.0,3579.5,4199.0,4435.0,4439.0,3272.5,2315.5,636.5,1075.0,933.0,1691.0,3792.0,4561.5,4806.0,4775.0,3301.5,2374.5,642.0,1071.0,974.0,1680.0,3742.0,4596.5,4880.0,4851.0,3287.5,2319.0,628.0,1039.5,958.0,1640.5,3756.0,4704.5,4869.5,4987.5,3248.0,2297.0,544.0,976.0,834.5,1578.0,3819.0,4801.0,4929.5,5049.5,3401.0,2535.0,610.0,1022.5,1009.5,1669.0,3601.0,4467.0,4688.5,4755.0,2892.5,2545.5,1523.5,1525.0,1535.5,1754.5,1858.0,1915.5,2121.5,2068.0,2970.0,2180.5,502.5,871.0,869.5,1454.0,3141.5,3997.5,4136.5,4198.5,3172.0,2348.0,552.0,944.5,913.0,1506.0,3245.0,4058.0,4252.0,4345.0,3097.0,2157.5,675.5,1020.0,965.0,1548.0,3303.5,4094.0,4293.5,4435.5,2815.0,2040.0,593.5,896.5,854.5,1401.0,3154.0,3888.0,4096.0,4187.0,2687.0,1945.0,568.0,856.0,863.5,1339.5,2708.5,3299.0,3596.0,3644.5,2159.5,1398.0,550.5,814.0,814.0,1261.5,2427.5,2970.5,3273.0,3350.0,2153.0,1398.0,614.0,809.5,808.5,1216.5,2264.0,2741.5,2939.5,3011.0,2218.5,1369.0,572.5,774.5,796.5,1126.5,2129.5,2602.5,2809.0,2938.0,1680.0,949.5,180.5,369.5,326.0,751.0,1970.0,2439.0,2683.5,2781.5,1676.0,951.0,225.0,379.5,333.5,750.0,1602.5,2001.5,2236.0,2388.5,1973.5,1794.5,328.0,453.5,577.0,728.0,846.0,946.0,1118.0,1137.0,1429.0,863.0,214.0,345.0,289.0,688.0,1390.0,1683.0,1811.0,1985.0,1478.0,893.0,260.0,434.0,355.0,748.0,1439.0,1680.0,1851.0,1931.0,1749.5,1183.5,301.0,403.0,436.5,822.0,1172.0,1368.5,1556.0,1663.0,1911.5,1290.0,311.5,449.0,535.0,906.5,1243.0,1453.5,1656.0,1768.0,3134.5,2149.0,3364.5,3306.5,3296.0,3641.5,3686.5,3788.5,3800.5,3855.5,0.0,0.0,0.0,0.0,0.0,0.0,0.0,0.0,0.0,0.0,2989.5,2708.5,525.0,704.5,986.0,1210.0,1403.0,1556.5,1782.5,1853.5,2140.5,1964.0,422.0,551.0,752.0,900.0,1030.5,1150.0,1261.0,1345.0,3546.0,3453.0,787.5,1070.5,1427.5,1638.5,1726.0,1912.5,2155.0,2160.0,3042.5,2854.5,851.5,1063.0,1372.0,1562.5,1719.0,1875.0,2053.5,2113.5,3130.5,2923.0,934.5,1145.5,1460.0,1671.0,1809.5,1985.5,2124.0,2195.0,4067.5,4021.5,1113.0,1431.5,1849.0,2061.0,2194.5,2373.5,2607.0,2642.5,4123.0,3952.0,1168.5,1526.0,1915.0,2183.0,2354.5,2514.0,2765.0,2800.5,"{""type"":""MultiPoint"",""coordinates"":[]}"
4820,75,3400.0,3219.0,1190.0,1539.0,1870.0,2233.0,2424.0,2544.0,2706.0,2729.0,3673.0,3406.5,1073.5,1513.0,1869.5,2227.0,2754.5,2961.0,3178.0,3189.0,3213.0,2754.0,913.5,1330.5,1521.0,1974.5,2805.0,3023.0,3230.5,3279.0,3387.0,2844.0,882.0,1316.0,1493.0,2022.0,2937.0,3265.0,3412.0,3520.0,3024.0,2304.0,724.5,1161.5,1189.0,1730.5,3082.5,3457.5,3693.5,3723.0,2793.5,2195.5,674.0,1068.5,1129.5,1646.0,2629.5,2943.0,3072.5,3182.0,3123.0,2618.0,748.0,1093.5,1497.5,1816.5,2161.5,2380.0,2585.0,2689.0,3654.0,3076.0,880.0,1289.0,1621.5,2047.0,2714.0,3025.5,3168.0,3344.5,3209.5,2437.0,706.5,1115.0,1247.0,1774.5,2937.0,3364.0,3517.0,3649.5,3955.0,3614.0,1094.0,1488.0,1984.0,2337.0,2700.0,2901.0,3105.0,3213.0,3009.5,2448.5,706.0,1037.0,1337.0,1724.5,2290.0,2561.5,2727.0,2855.5,3303.0,3151.0,1290.0,1621.0,1894.5,2187.5,2364.0,2516.0,2695.5,2659.5,2905.5,2155.5,737.5,1071.0,1096.0,1614.0,2866.5,3255.0,3398.0,3472.5,2954.0,2152.5,1455.0,1623.5,1581.0,1966.5,2801.0,3129.5,3296.5,3371.0,3341.0,2518.0,1106.0,1340.0,1394.0,1871.5,2816.5,3200.5,3324.0,3547.5,2602.0,1931.5,695.0,990.5,966.0,1517.0,2722.0,3088.0,3251.0,3318.5,2604.5,1965.5,487.5,851.5,828.5,1387.5,2689.5,3068.5,3289.5,3362.5,2712.0,2056.5,522.5,816.0,889.0,1386.5,2265.0,2588.0,2770.5,2893.5,3112.5,2523.5,742.0,1015.0,1212.5,1629.5,2106.0,2353.5,2533.0,2652.5,3046.0,2543.0,652.0,912.0,1139.0,1540.0,2045.0,2280.0,2478.0,2575.0,2687.0,2387.0,629.0,885.0,1092.0,1412.0,1863.0,2021.5,2230.5,2283.5,2461.0,2023.0,536.0,800.0,1033.0,1328.0,1726.0,1884.0,2003.0,2127.0,0.0,0.0,0.0,0.0,0.0,0.0,0.0,0.0,0.0,0.0,2775.0,2598.0,682.0,992.0,1285.0,1585.0,1951.0,2122.0,2253.0,2336.0,0.0,0.0,0.0,0.0,0.0,0.0,0.0,0.0,0.0,0.0,3200.0,2928.0,841.5,1151.5,1414.5,1814.0,2262.5,2426.5,2603.0,2660.5,3216.0,2935.0,866.0,1155.0,1454.0,1830.0,2256.0,2465.0,2593.0,2682.0,2215.5,1936.5,546.5,804.0,984.0,1268.5,1690.5,1835.5,1887.5,1989.0,2738.0,2259.0,1184.0,1335.0,1525.0,1836.0,2194.0,2366.0,2476.0,2558.0,3268.0,2954.0,1171.0,1521.0,1881.0,2182.0,2467.0,2580.0,2791.0,2757.0,3334.0,3063.0,1158.0,1497.0,1848.0,2203.0,2521.0,2631.0,2824.0,2820.0,3352.0,3268.0,981.5,1351.0,1780.5,2019.0,2227.0,2356.0,2599.0,2598.5,0.0,0.0,0.0,0.0,0.0,0.0,0.0,0.0,0.0,0.0,3574.0,3425.0,1036.0,1442.0,1883.0,2176.0,2384.0,2540.0,2757.0,2799.0,3929.0,3844.0,1173.0,1605.0,2128.0,2405.0,2709.0,2846.0,3165.0,3119.0,3599.0,3397.0,991.0,1383.0,1837.0,2152.0,2433.0,2616.0,2809.0,2832.0,"{""type"":""MultiPoint"",""coordinates"":[]}"
4860,69,1863.0,1135.0,187.0,461.0,388.0,877.0,1839.0,2064.0,2275.0,2251.0,3091.5,2687.5,727.0,955.0,1256.5,1436.0,1542.5,1711.5,1888.0,1940.0,3212.0,2758.0,2523.0,2537.0,2618.0,2938.0,3264.0,3376.0,3579.0,3451.0,2934.5,2383.5,616.5,922.5,1058.0,1429.5,2033.0,2246.0,2455.0,2424.5,3082.0,2386.5,659.0,952.0,1083.0,1502.0,2196.0,2444.0,2693.5,2710.5,3017.0,2281.0,601.5,918.0,1029.5,1481.0,2384.0,2674.0,2878.5,2919.0,3084.0,2363.5,627.5,959.5,1120.0,1520.0,2408.0,2740.0,2977.5,2982.0,3016.5,2243.0,571.0,878.0,996.5,1435.5,2456.0,2874.5,3056.0,3116.0,3057.5,2237.0,553.0,884.5,981.5,1427.5,2602.5,3060.0,3235.5,3272.5,2896.0,2214.0,529.0,809.0,945.0,1280.0,2227.0,2579.0,2807.0,2801.0,2892.0,2231.0,545.0,813.0,933.5,1310.0,2233.0,2596.0,2786.0,2825.0,2111.0,1394.0,282.0,530.0,514.0,938.0,1898.0,2117.0,2408.0,2374.0,2795.5,2116.0,526.5,805.5,905.0,1252.5,2187.0,2564.5,2744.0,2806.0,2672.0,1994.5,1400.5,1504.0,1476.0,1741.5,2400.5,2668.5,2825.0,2837.5,2500.0,1820.0,706.5,867.5,910.5,1233.0,2066.5,2456.0,2570.5,2667.0,2202.0,1532.0,448.0,630.0,679.5,986.0,1890.5,2255.0,2421.0,2459.0,2004.0,1428.0,340.0,519.0,577.0,887.0,1779.0,2162.0,2350.0,2315.0,1725.0,1157.0,230.5,409.0,410.5,741.5,1633.0,1966.0,2104.0,2170.0,1662.0,1072.0,240.5,410.0,395.0,741.0,1626.5,1943.5,2130.0,2149.0,1608.0,1057.0,241.0,424.0,395.0,741.0,1589.0,1964.0,2102.0,2159.0,1759.0,1140.0,230.5,461.0,484.5,891.0,1768.0,2068.0,2311.0,2310.0,2923.0,2242.0,2786.0,2849.0,2921.0,3183.0,3373.0,3400.0,3287.0,3533.0,1832.0,1041.0,393.0,593.0,445.0,991.0,2174.0,2451.0,2598.0,2634.0,0.0,0.0,0.0,0.0,0.0,0.0,0.0,0.0,0.0,0.0,1806.0,1147.0,416.0,658.0,546.0,1210.0,2111.0,2350.0,2413.0,2564.0,1297.0,649.0,165.0,435.0,354.0,1061.0,1782.0,1975.0,2242.0,2242.0,0.0,0.0,0.0,0.0,0.0,0.0,0.0,0.0,0.0,0.0,2006.0,1271.0,1977.0,1975.0,1858.5,2246.5,2849.0,2975.0,3146.0,3050.0,0.0,0.0,0.0,0.0,0.0,0.0,0.0,0.0,0.0,0.0,2443.0,1967.0,2436.0,2411.0,2191.0,2507.0,3012.0,3130.0,3400.0,3074.0,1952.0,1275.0,288.0,556.0,418.0,921.0,2131.0,2403.0,2632.0,2594.0,2167.0,1417.5,332.5,638.0,506.0,1053.0,2450.0,2795.0,3101.0,2971.0,1813.0,1212.0,389.0,633.0,502.0,1011.0,2185.0,2476.0,2676.0,2662.0,2193.0,1382.0,485.0,742.0,745.0,1293.0,1822.0,2103.0,2437.0,2488.0,2877.5,2137.0,638.5,869.0,1105.5,1410.5,1672.5,1879.0,2223.0,2152.5,2960.0,2489.0,649.0,877.0,1191.0,1352.0,1460.0,1611.0,1840.0,1866.0,"{""type"":""MultiPoint"",""coordinates"":[]}"
4896,69,2899.5,2425.5,893.5,1196.5,1260.0,1783.0,2333.0,2545.5,2660.5,2697.5,4301.0,4139.5,1543.0,2076.5,2571.0,3030.0,3475.0,3694.0,3775.5,3864.0,4260.5,3839.5,1602.5,2149.5,2529.0,2970.5,3625.5,3793.0,4053.5,4024.5,4756.5,4586.5,1646.5,2242.5,2840.0,3274.0,3702.5,3920.0,4167.0,4123.5,4715.5,4438.5,1643.5,2221.5,2802.5,3227.0,3767.0,3995.0,4167.0,4227.5,4566.5,4123.0,1538.5,2102.0,2615.5,3101.0,3806.5,4160.0,4369.0,4370.5,4286.0,3805.5,1403.0,1949.0,2339.0,2849.0,3930.0,4333.5,4447.5,4573.5,3917.5,3224.5,1166.0,1644.0,1828.0,2465.5,3991.5,4504.5,4746.5,4691.5,3733.0,3007.5,1063.0,1568.0,1721.0,2338.0,4089.5,4623.5,4803.5,4836.5,4304.0,3881.5,1234.5,1787.0,2201.5,2722.5,3601.5,3999.5,4108.0,4206.5,5207.0,5085.5,1538.0,2134.5,2869.5,3292.0,3391.5,3580.0,3717.5,3844.0,3152.0,2768.5,945.0,1282.0,1405.5,1891.5,2510.5,2731.5,2853.5,2901.5,5254.5,5310.5,1620.5,2224.0,2982.0,3406.0,3435.0,3612.5,3734.5,3865.5,5224.0,5141.5,1607.0,2228.5,2985.0,3361.0,3478.0,3665.0,3810.5,3910.5,5313.0,5234.5,1614.5,2277.0,3046.0,3431.5,3576.5,3791.5,3845.5,4055.5,5242.5,5144.0,1683.0,2306.5,3106.0,3529.5,3610.0,3794.5,3984.0,4025.5,5133.0,5102.0,1638.5,2271.5,3043.0,3401.5,3512.5,3691.0,3877.0,3918.5,4369.0,4265.5,1246.0,1758.0,2399.0,2646.5,2821.0,2982.0,3152.0,3244.0,4359.5,4286.0,1291.5,1758.0,2365.0,2661.0,2820.5,3002.5,3117.5,3216.0,4221.5,4199.0,2594.5,2849.0,3025.0,3168.5,3248.0,3325.0,3486.0,3391.5,4630.5,4445.5,1432.0,2058.5,2768.5,3083.5,3201.5,3362.5,3551.5,3627.0,3961.0,3750.5,1246.5,1728.0,2325.5,2689.0,2818.5,2998.5,3029.0,3223.5,2931.5,2579.0,774.0,1121.5,1377.0,1761.5,2425.0,2621.0,2758.0,2798.5,4015.0,3759.0,1200.5,1752.0,2214.5,2639.0,2859.0,3032.5,3082.0,3201.5,3581.0,3383.0,838.0,1290.5,1677.0,2070.0,2392.5,2566.5,2645.5,2763.0,3858.5,4024.0,1005.0,1388.0,1882.0,2131.0,2241.5,2426.0,2601.5,2646.5,3884.5,3997.5,1007.5,1394.5,1886.5,2136.0,2246.5,2435.0,2603.0,2650.5,2482.5,1891.5,1543.0,1661.5,1769.0,2075.0,2456.5,2589.0,2673.0,2722.5,0.0,0.0,0.0,0.0,0.0,0.0,0.0,0.0,0.0,0.0,3565.0,3376.0,1041.0,1440.0,1754.5,2192.0,2622.5,2750.0,2946.0,3011.5,3639.0,3595.5,1036.0,1403.0,1808.5,2086.0,2352.5,2515.0,2727.0,2725.5,3927.0,3927.0,1006.5,1455.5,1972.5,2192.5,2316.5,2502.5,2732.5,2711.5,5417.0,5498.0,1734.0,2322.0,3110.0,3522.5,3620.0,3822.0,4082.0,4094.0,5058.5,5158.5,1653.5,2209.5,2922.0,3300.0,3397.5,3580.0,3821.0,3817.5,4852.0,4863.0,1627.5,2224.5,2875.5,3201.0,3365.5,3513.5,3666.5,3731.5,4819.0,4777.0,1666.5,2275.0,2919.0,3236.5,3450.0,3591.5,3795.5,3763.5,"{""type"":""MultiPoint"",""coordinates"":[]}"
4996,69,2609.5,2436.5,698.0,843.0,1045.5,1332.5,1633.5,1751.5,1923.5,1948.5,2969.0,2372.0,901.0,1183.0,1326.5,1737.5,2819.0,3180.0,3471.0,3406.0,3299.0,2477.0,795.5,1147.5,1315.0,1788.0,2892.5,3324.0,3672.0,3617.0,3406.5,2719.0,833.5,1189.0,1447.5,1878.5,2949.0,3378.0,3628.5,3697.0,3459.5,2791.0,910.5,1274.5,1537.0,1972.5,3032.0,3464.5,3636.0,3763.5,3577.5,2906.5,929.0,1293.5,1594.5,2001.0,3030.0,3443.0,3691.0,3754.5,3838.0,3324.5,965.0,1365.0,1725.0,2110.5,3086.5,3524.5,3695.5,3827.0,3765.0,3282.5,951.5,1343.0,1648.0,2079.5,3174.5,3561.0,3749.5,3877.0,3716.0,3170.0,910.5,1315.5,1622.5,2056.5,2929.0,3324.0,3511.0,3630.5,3805.5,3257.0,936.5,1359.0,1719.0,2149.5,2992.5,3388.0,3523.0,3728.0,3613.5,3066.0,871.0,1257.5,1602.0,2036.0,2829.5,3211.5,3350.5,3502.5,2819.5,2645.5,781.5,985.0,1210.5,1507.0,1787.0,1950.0,2068.5,2148.5,3573.0,3066.0,871.0,1257.5,1577.5,1995.5,2829.5,3211.5,3346.0,3497.0,3868.5,3232.5,914.0,1340.0,1743.5,2213.5,2926.5,3266.5,3436.5,3618.0,3873.5,3133.0,962.0,1357.0,1771.5,2263.5,3040.5,3421.0,3603.0,3823.5,3682.5,3021.0,891.0,1282.0,1684.0,2150.0,3024.0,3420.0,3610.5,3761.0,3482.0,2895.0,882.5,1258.5,1633.0,2044.0,2891.5,3233.5,3453.0,3564.5,3017.0,2400.5,727.0,1067.0,1306.5,1713.5,2594.0,2984.5,3176.0,3277.5,3025.0,2448.0,766.0,1087.0,1333.0,1727.0,2550.5,2934.5,3066.0,3218.0,2977.5,2367.5,2199.5,2346.5,2354.0,2549.0,2989.0,3220.5,3377.0,3331.5,3087.0,2523.0,679.5,1014.5,1299.0,1712.5,2656.5,3062.0,3311.5,3393.5,2805.0,2259.0,608.5,885.0,1128.5,1523.0,2408.5,2809.0,3005.0,3119.5,1700.5,1566.0,467.0,597.5,727.0,899.0,1070.5,1169.0,1292.5,1276.5,2512.5,1993.0,490.0,796.5,950.0,1354.0,2180.0,2497.5,2592.0,2795.5,2100.0,1529.0,446.5,759.5,719.0,1228.5,2188.0,2457.0,2605.5,2714.0,2335.0,1727.5,522.5,829.5,733.0,1322.5,2364.0,2648.5,2845.0,2932.5,2381.5,1742.0,522.5,850.5,753.5,1368.0,2387.5,2700.0,2917.5,2972.0,2768.5,1962.5,1454.0,1642.0,1562.5,2114.0,2926.5,3181.5,3347.5,3443.5,0.0,0.0,0.0,0.0,0.0,0.0,0.0,0.0,0.0,0.0,2847.5,2513.0,797.5,1073.0,1219.5,1647.5,2110.5,2272.5,2434.5,2473.5,3055.0,2696.5,845.5,1146.5,1293.5,1777.5,2360.5,2549.5,2737.5,2761.5,2863.0,2438.0,773.0,1115.0,1263.5,1784.5,2442.5,2636.5,2941.0,2865.5,2870.0,2185.0,1018.0,1331.0,1416.5,2062.5,3294.5,3622.5,3873.5,3874.0,2744.0,2162.5,807.0,1108.0,1184.0,1729.0,2769.0,3083.5,3309.0,3326.0,2832.5,2257.0,658.0,989.5,1060.0,1541.0,2580.5,2888.5,3123.0,3158.0,2912.5,2351.5,696.5,1047.0,1158.0,1575.0,2742.0,3105.5,3366.0,3360.5,"{""type"":""MultiPoint"",""coordinates"":[]}"
