system:index,cropland,d0_B11,d0_B12,d0_B2,d0_B3,d0_B4,d0_B5,d0_B6,d0_B7,d0_B8,d0_B8A,d10_B11,d10_B12,d10_B2,d10_B3,d10_B4,d10_B5,d10_B6,d10_B7,d10_B8,d10_B8A,d11_B11,d11_B12,d11_B2,d11_B3,d11_B4,d11_B5,d11_B6,d11_B7,d11_B8,d11_B8A,d12_B11,d12_B12,d12_B2,d12_B3,d12_B4,d12_B5,d12_B6,d12_B7,d12_B8,d12_B8A,d13_B11,d13_B12,d13_B2,d13_B3,d13_B4,d13_B5,d13_B6,d13_B7,d13_B8,d13_B8A,d14_B11,d14_B12,d14_B2,d14_B3,d14_B4,d14_B5,d14_B6,d14_B7,d14_B8,d14_B8A,d15_B11,d15_B12,d15_B2,d15_B3,d15_B4,d15_B5,d15_B6,d15_B7,d15_B8,d15_B8A,d16_B11,d16_B12,d16_B2,d16_B3,d16_B4,d16_B5,d16_B6,d16_B7,d16_B8,d16_B8A,d17_B11,d17_B12,d17_B2,d17_B3,d17_B4,d17_B5,d17_B6,d17_B7,d17_B8,d17_B8A,d18_B11,d18_B12,d18_B2,d18_B3,d18_B4,d18_B5,d18_B6,d18_B7,d18_B8,d18_B8A,d19_B11,d19_B12,d19_B2,d19_B3,d19_B4,d19_B5,d19_B6,d19_B7,d19_B8,d19_B8A,d1_B11,d1_B12,d1_B2,d1_B3,d1_B4,d1_B5,d1_B6,d1_B7,d1_B8,d1_B8A,d20_B11,d20_B12,d20_B2,d20_B3,d20_B4,d20_B5,d20_B6,d20_B7,d20_B8,d20_B8A,d21_B11,d21_B12,d21_B2,d21_B3,d21_B4,d21_B5,d21_B6,d21_B7,d21_B8,d21_B8A,d22_B11,d22_B12,d22_B2,d22_B3,d22_B4,d22_B5,d22_B6,d22_B7,d22_B8,d22_B8A,d23_B11,d23_B12,d23_B2,d23_B3,d23_B4,d23_B5,d23_B6,d23_B7,d23_B8,d23_B8A,d24_B11,d24_B12,d24_B2,d24_B3,d24_B4,d24_B5,d24_B6,d24_B7,d24_B8,d24_B8A,d25_B11,d25_B12,d25_B2,d25_B3,d25_B4,d25_B5,d25_B6,d25_B7,d25_B8,d25_B8A,d26_B11,d26_B12,d26_B2,d26_B3,d26_B4,d26_B5,d26_B6,d26_B7,d26_B8,d26_B8A,d27_B11,d27_B12,d27_B2,d27_B3,d27_B4,d27_B5,d27_B6,d27_B7,d27_B8,d27_B8A,d28_B11,d28_B12,d28_B2,d28_B3,d28_B4,d28_B5,d28_B6,d28_B7,d28_B8,d28_B8A,d29_B11,d29_B12,d29_B2,d29_B3,d29_B4,d29_B5,d29_B6,d29_B7,d29_B8,d29_B8A,d2_B11,d2_B12,d2_B2,d2_B3,d2_B4,d2_B5,d2_B6,d2_B7,d2_B8,d2_B8A,d30_B11,d30_B12,d30_B2,d30_B3,d30_B4,d30_B5,d30_B6,d30_B7,d30_B8,d30_B8A,d31_B11,d31_B12,d31_B2,d31_B3,d31_B4,d31_B5,d31_B6,d31_B7,d31_B8,d31_B8A,d32_B11,d32_B12,d32_B2,d32_B3,d32_B4,d32_B5,d32_B6,d32_B7,d32_B8,d32_B8A,d33_B11,d33_B12,d33_B2,d33_B3,d33_B4,d33_B5,d33_B6,d33_B7,d33_B8,d33_B8A,d34_B11,d34_B12,d34_B2,d34_B3,d34_B4,d34_B5,d34_B6,d34_B7,d34_B8,d34_B8A,d35_B11,d35_B12,d35_B2,d35_B3,d35_B4,d35_B5,d35_B6,d35_B7,d35_B8,d35_B8A,d3_B11,d3_B12,d3_B2,d3_B3,d3_B4,d3_B5,d3_B6,d3_B7,d3_B8,d3_B8A,d4_B11,d4_B12,d4_B2,d4_B3,d4_B4,d4_B5,d4_B6,d4_B7,d4_B8,d4_B8A,d5_B11,d5_B12,d5_B2,d5_B3,d5_B4,d5_B5,d5_B6,d5_B7,d5_B8,d5_B8A,d6_B11,d6_B12,d6_B2,d6_B3,d6_B4,d6_B5,d6_B6,d6_B7,d6_B8,d6_B8A,d7_B11,d7_B12,d7_B2,d7_B3,d7_B4,d7_B5,d7_B6,d7_B7,d7_B8,d7_B8A,d8_B11,d8_B12,d8_B2,d8_B3,d8_B4,d8_B5,d8_B6,d8_B7,d8_B8,d8_B8A,d9_B11,d9_B12,d9_B2,d9_B3,d9_B4,d9_B5,d9_B6,d9_B7,d9_B8,d9_B8A,.geo
4,3,2290.0,1449.0,949.0,1267.0,1531.0,1926.0,2092.0,2233.0,2568.0,2520.0,4835.5,4031.5,2071.5,2517.5,2951.0,3425.5,3617.0,3804.0,4102.5,4054.5,3295.0,2418.0,1110.0,1431.0,1831.0,2217.0,2360.0,2562.0,2822.0,2853.0,3517.0,2652.0,883.0,1032.0,824.0,1850.0,2451.0,2637.0,2825.0,2965.0,4296.5,3461.0,1024.0,1632.0,1736.5,2657.0,3002.0,3248.0,3395.5,3552.5,6857.0,6205.0,2126.0,2798.0,3235.0,4262.0,4811.0,5192.0,5233.0,5509.0,2363.0,1573.0,2936.0,2549.0,1870.0,2518.0,2871.0,2927.0,3602.0,2608.0,2205.5,1180.5,350.5,624.5,254.0,888.0,3515.5,4821.5,4718.0,4876.0,2011.0,1044.5,337.0,571.5,252.0,823.0,3350.5,5196.5,5085.0,5311.5,1795.0,895.0,303.0,442.0,204.0,681.0,3399.0,5298.0,5203.0,5434.0,1596.0,724.0,422.0,566.5,277.5,751.0,3241.0,5231.0,5769.5,5325.0,3432.0,2689.0,1150.0,1461.0,1825.0,2189.0,2334.0,2505.0,2811.0,2764.0,1261.0,567.0,380.0,558.0,329.0,789.0,2753.0,4503.0,4445.0,4792.0,1483.5,730.0,542.5,775.0,447.0,1118.5,3176.0,4668.5,4771.5,4978.5,1688.0,872.0,501.0,806.0,500.0,1258.0,3413.0,4657.0,4662.0,4989.0,2140.5,1075.5,565.0,989.0,587.5,1560.5,3874.5,4904.5,4792.0,5316.0,2530.0,1432.0,679.0,1136.0,914.0,1887.0,3361.0,3794.0,4111.0,4252.0,4062.0,2853.5,971.0,1396.0,2007.0,2422.5,2745.5,3080.5,3089.0,3570.5,3967.5,2777.0,866.5,1195.0,1597.0,1977.0,2386.5,2606.0,2770.5,2943.5,3468.5,2627.5,1648.0,1769.0,1911.0,2394.5,2695.0,2907.0,2970.5,3205.0,3574.0,2325.0,712.0,994.0,1196.0,1615.0,2080.0,2417.0,2503.0,2671.0,3033.0,1909.0,587.0,864.0,975.0,1401.0,2129.0,2376.0,2589.0,2720.0,3807.0,3131.0,3762.0,3841.0,3878.0,4080.0,4034.0,4056.0,4054.0,4138.0,2674.0,1705.5,573.5,854.5,924.5,1434.0,2142.0,2388.5,2703.0,2730.0,1395.5,903.0,578.5,791.0,928.0,1411.5,1786.5,1991.0,2031.0,2193.0,1909.5,1169.5,478.5,779.5,1043.0,1485.5,1803.0,2026.0,2262.5,2319.5,2489.0,1804.0,790.0,1186.0,1359.0,1755.0,1933.0,2221.0,2258.0,2515.0,0.0,0.0,0.0,0.0,0.0,0.0,0.0,0.0,0.0,0.0,1010.0,569.0,388.0,565.0,841.0,1156.0,1334.0,1488.0,1616.0,1818.0,0.0,0.0,0.0,0.0,0.0,0.0,0.0,0.0,0.0,0.0,608.0,650.0,10650.0,10394.0,10246.0,10299.0,9904.0,9395.0,9764.0,8938.0,173.0,153.0,8534.0,8688.0,8802.0,9106.0,8603.0,8137.0,8338.0,7627.0,2970.0,2101.5,923.5,1284.0,1533.5,2003.5,2210.5,2363.5,2615.5,2607.0,3472.0,2646.0,1011.0,1343.0,1734.0,2072.0,2240.0,2422.0,2722.0,2741.0,3353.0,2409.0,968.0,1349.0,1735.0,2156.0,2311.0,2488.0,2791.0,2769.0,3226.0,2315.0,1091.0,1418.0,1877.0,2183.0,2355.0,2510.0,2724.0,2811.0,"{""type"":""MultiPoint"",""coordinates"":[]}"
24,5,2737.5,1988.5,633.5,880.5,1153.0,1470.0,1777.0,1913.0,2153.5,2163.5,4474.0,3996.5,1197.5,1724.5,2358.5,2847.0,2994.0,3205.5,3363.0,3416.5,2684.0,1941.0,714.0,994.0,1535.0,1796.0,1913.0,2116.0,2279.0,2321.0,3623.5,2959.5,967.0,1391.0,1947.5,2378.5,2714.0,2895.5,3085.0,3116.5,2848.0,2036.0,628.0,999.0,1320.0,1803.0,2187.0,2376.0,2539.0,2549.0,4532.0,3407.5,1070.5,1580.5,1658.0,2585.0,4033.0,4596.5,4552.5,4825.0,2601.0,1454.0,571.0,864.0,705.0,1559.0,3255.0,3675.0,3232.0,3917.0,3147.5,1678.5,493.0,813.0,570.5,1320.0,4077.5,5056.0,5041.0,5356.0,3031.0,1387.0,336.0,556.0,279.0,866.0,4781.0,6433.0,6394.0,6793.0,2688.0,1173.0,312.0,503.0,258.0,719.0,4438.0,6359.0,6299.0,6712.0,2495.0,1085.0,274.0,417.0,231.0,707.0,4072.0,6093.0,6091.0,6372.0,3129.0,2292.0,651.0,889.0,1188.0,1500.0,1800.0,2003.0,2181.0,2220.0,2318.0,908.0,451.0,449.0,283.0,655.0,3962.0,5731.0,5609.0,6155.0,2571.0,1061.0,727.5,872.5,538.0,1059.5,4390.5,6085.0,6246.5,6550.5,2591.0,1065.0,498.0,747.0,368.0,1155.0,4687.0,5980.0,5932.0,6430.0,1538.0,919.0,337.0,675.0,315.0,1015.0,2435.0,2976.0,2659.0,3203.0,2057.5,962.5,350.5,770.5,434.5,1403.5,3297.0,3953.5,3998.5,4395.5,2089.0,1087.5,330.5,721.0,522.0,1416.0,2588.5,3004.0,3236.0,3433.5,2007.5,1177.0,319.0,615.5,533.0,1158.0,1703.0,1938.0,2116.0,2301.0,2455.0,1696.0,367.0,509.0,701.0,957.0,1115.0,1260.0,1328.0,1486.0,2801.0,2211.5,523.5,765.0,1107.5,1383.5,1539.5,1729.5,1830.5,2029.0,3443.0,2767.0,719.0,1034.0,1478.0,1825.0,2007.0,2220.0,2340.0,2483.0,2629.5,2000.0,843.5,1007.5,1182.5,1453.0,1780.5,1886.5,2060.0,2059.0,2444.0,2232.0,785.0,1213.0,1695.0,2054.0,2258.0,2373.0,2267.0,2569.0,3962.0,3653.0,980.0,1466.0,1938.0,2472.0,2740.0,2883.0,3049.0,3069.0,2510.5,1823.5,550.0,931.0,1169.0,1712.0,2218.0,2354.5,2548.5,2535.5,2335.5,1615.0,509.0,903.0,958.5,1650.0,2372.0,2555.5,2633.0,2689.5,0.0,0.0,0.0,0.0,0.0,0.0,0.0,0.0,0.0,0.0,1292.0,654.5,305.5,568.0,302.0,996.0,2519.0,2823.0,2825.5,2906.5,0.0,0.0,0.0,0.0,0.0,0.0,0.0,0.0,0.0,0.0,268.0,250.0,9006.0,8965.0,9068.0,9226.0,8852.0,8231.0,8356.0,7560.0,896.0,596.0,2210.0,2526.0,2800.0,3020.0,3126.0,3384.0,3441.0,3149.0,3133.0,2329.0,668.0,934.0,1145.0,1540.0,1948.5,2111.5,2340.5,2343.5,3877.0,2901.5,920.5,1218.0,1647.5,1964.5,2139.0,2330.0,2563.5,2668.0,2881.0,2162.0,766.0,1074.0,1647.0,1885.0,2024.0,2201.0,2413.0,2412.0,2886.0,2131.0,796.0,1087.0,1574.0,1937.0,2078.0,2245.0,2398.0,2509.0,"{""type"":""MultiPoint"",""coordinates"":[]}"
29,1,2139.0,1390.0,673.0,901.0,1229.0,1453.0,1549.0,1717.0,1933.0,1913.0,3915.0,3294.0,1034.0,1393.0,1836.0,2105.0,2225.0,2386.0,2591.0,2613.0,2204.0,1401.0,627.0,808.5,1081.0,1270.5,1369.0,1526.0,1656.0,1700.0,2549.0,1796.0,706.0,909.0,1199.0,1400.0,1513.0,1686.0,1843.0,1872.0,0.0,0.0,0.0,0.0,0.0,0.0,0.0,0.0,0.0,0.0,4285.0,3523.0,1190.0,1538.0,1861.0,2275.0,2777.0,3070.0,3163.0,3300.0,2459.0,1349.0,585.0,833.0,740.0,1177.0,2470.0,2944.0,2983.0,3110.0,2360.0,1269.0,339.0,611.0,378.0,821.0,3121.0,4277.0,4418.0,4392.0,0.0,0.0,0.0,0.0,0.0,0.0,0.0,0.0,0.0,0.0,1787.0,776.0,417.0,610.0,328.0,731.0,3249.0,4750.0,4851.0,4868.0,3035.0,2384.0,1751.0,2075.0,2088.0,2492.0,3895.0,4596.0,3996.0,4642.0,2564.0,2006.0,647.0,832.0,1158.0,1333.0,1414.0,1559.0,1779.0,1779.0,2053.5,849.5,471.5,724.0,395.0,920.0,3527.0,4908.0,4879.0,5219.5,1901.0,866.0,420.0,748.0,389.0,1020.0,3343.0,4380.0,4431.0,4569.0,909.0,627.0,672.0,647.0,523.0,802.0,1261.0,1426.0,1512.0,1536.0,2798.5,1976.5,569.5,725.5,966.0,1275.0,1569.5,1817.0,1850.5,2120.5,4386.5,3314.0,864.0,1246.0,1848.5,2278.5,2564.5,2844.0,3075.0,3253.0,0.0,0.0,0.0,0.0,0.0,0.0,0.0,0.0,0.0,0.0,3220.5,2432.0,838.0,1120.0,1584.0,1853.0,2009.0,2176.5,2355.5,2419.5,2663.0,1849.0,711.0,948.0,1264.0,1569.0,1710.0,1840.0,1923.0,2034.0,3153.5,2336.5,751.0,994.5,1339.5,1635.5,1820.5,1981.5,2178.0,2245.5,3317.0,2457.5,860.0,1148.5,1452.5,1814.0,2064.0,2264.5,2485.0,2520.0,0.0,0.0,0.0,0.0,0.0,0.0,0.0,0.0,0.0,0.0,2957.0,2062.0,706.0,915.0,1274.0,1539.0,1719.0,1861.0,2093.0,2117.0,0.0,0.0,0.0,0.0,0.0,0.0,0.0,0.0,0.0,0.0,2002.0,1288.0,530.0,738.0,1088.0,1297.0,1426.0,1542.0,1723.0,1830.0,2946.0,2269.0,1595.5,1579.5,1812.5,2081.5,2192.0,2355.0,2422.0,2493.5,0.0,0.0,0.0,0.0,0.0,0.0,0.0,0.0,0.0,0.0,1883.0,1281.0,597.0,744.0,998.0,1162.0,1291.0,1384.0,1586.0,1607.0,0.0,0.0,0.0,0.0,0.0,0.0,0.0,0.0,0.0,0.0,1015.0,1130.0,10601.0,10328.0,10358.0,10476.0,10172.0,9794.0,10219.0,9469.0,0.0,0.0,0.0,0.0,0.0,0.0,0.0,0.0,0.0,0.0,2656.0,1877.0,733.0,945.0,1231.0,1489.0,1598.0,1724.0,1920.0,1920.0,2397.0,1686.0,553.0,777.0,1061.0,1206.0,1327.0,1433.0,1645.0,1643.0,2085.0,1478.5,931.0,1049.5,1310.5,1512.5,1611.0,1711.0,1717.5,1873.5,2358.0,1431.0,841.0,968.0,1238.0,1419.0,1513.0,1668.0,1797.0,1863.0,"{""type"":""MultiPoint"",""coordinates"":[]}"
45,5,2767.5,1999.5,751.5,1017.0,1354.5,1713.0,2031.0,2231.0,2467.5,2482.0,4180.5,3515.0,1196.0,1600.5,2006.0,2312.0,2502.5,2679.5,2873.5,2958.5,3144.5,2294.5,894.0,1134.0,1453.0,1778.0,1952.0,2123.5,2373.5,2422.5,4034.0,3606.0,1031.0,1356.0,1735.5,2029.0,2201.0,2403.5,2598.5,2635.5,2685.5,2071.5,622.0,861.0,1183.0,1329.5,1461.5,1579.5,1758.0,1799.0,3655.5,2940.0,2064.5,2284.0,2046.5,2408.0,2626.5,2820.0,3340.5,2754.0,0.0,0.0,0.0,0.0,0.0,0.0,0.0,0.0,0.0,0.0,3834.0,2659.5,995.0,1232.0,1070.5,1787.5,3558.0,4161.5,4110.0,4398.5,3054.0,1888.0,517.0,778.0,601.0,1171.0,3834.0,4925.0,4849.0,5062.0,2526.5,1278.5,407.5,596.0,313.5,884.5,3888.5,5159.0,5233.0,5344.5,2638.5,1214.0,358.0,604.0,303.5,930.5,4396.0,6230.0,6125.0,6463.5,3159.5,2478.0,852.0,1112.5,1497.5,1866.5,2169.0,2339.0,2589.5,2581.5,2257.0,980.0,270.5,428.0,224.5,644.0,4041.5,5944.0,5835.5,6354.5,2234.0,929.5,442.0,563.0,332.5,746.0,3923.5,5872.5,5939.5,6167.0,2038.5,936.0,310.0,491.0,246.0,782.5,3812.5,5388.0,5254.5,5725.0,2472.5,1056.0,535.5,711.5,411.0,1003.0,4079.5,5387.0,5234.0,5738.0,2144.5,1050.0,319.5,714.0,406.0,1191.0,3515.5,4366.0,4320.5,4704.0,2205.0,1259.0,432.0,825.5,704.0,1592.5,2605.5,2967.5,3039.5,3305.5,2861.0,2010.5,526.5,730.0,951.0,1311.5,1515.5,1746.0,1948.0,2073.5,2361.5,1785.5,862.5,972.0,1159.5,1392.0,1537.5,1677.0,1530.0,1870.5,3782.0,2997.5,887.5,1131.5,1453.5,1797.5,1963.0,2135.5,2215.0,2338.0,3073.5,2479.0,795.0,1069.5,1349.5,1571.5,1694.0,1786.0,1941.5,2014.5,3962.0,2967.0,2445.0,2552.0,2713.5,3117.0,3450.0,3595.5,3987.0,3816.5,2923.0,2262.0,752.5,1066.5,1280.5,1600.5,1773.5,1933.0,2107.0,2121.5,2920.5,2277.0,768.5,1065.5,1239.5,1632.5,1962.0,2114.5,2256.5,2280.0,2633.5,1826.0,588.0,950.5,1057.0,1533.0,2108.5,2256.5,2496.5,2457.0,2815.0,1973.5,632.5,1011.5,1105.5,1684.5,2352.0,2524.5,2676.0,2718.0,2415.5,1668.0,1124.5,1234.5,1182.0,1682.0,2398.5,2664.0,2464.5,2929.0,2425.0,1528.0,597.5,913.5,853.0,1548.5,2573.5,2790.0,3016.0,2983.5,0.0,0.0,0.0,0.0,0.0,0.0,0.0,0.0,0.0,0.0,346.0,379.5,12760.0,11925.0,11416.0,11335.5,10766.5,10164.0,10428.0,9513.0,185.0,162.5,8137.0,8316.0,8497.0,8837.0,8394.5,7911.5,8029.0,7363.0,3071.5,2277.5,795.0,1050.0,1380.5,1781.5,2163.0,2356.5,2640.5,2647.0,3166.5,2346.5,911.5,1194.5,1428.0,1884.5,2321.5,2527.5,2768.0,2753.5,2996.5,2167.0,737.0,1018.0,1303.5,1801.0,2131.0,2289.5,2491.5,2555.0,3257.5,2406.5,818.5,1109.0,1460.5,1857.0,2038.5,2241.5,2427.5,2492.5,"{""type"":""MultiPoint"",""coordinates"":[]}"
48,5,147.5,130.5,749.5,1000.0,1104.0,1274.0,907.5,914.0,857.0,646.5,5471.0,4918.5,1716.0,2242.5,2795.5,3254.0,3423.5,3604.5,3780.5,3877.0,2103.0,1317.5,855.0,1037.5,1441.5,1698.0,1812.0,1993.5,2247.5,2297.0,3748.5,2936.5,1125.0,1431.0,1874.5,2229.0,2426.5,2597.0,2876.5,2974.0,2963.0,2128.0,1015.0,1301.0,1775.5,2016.0,2149.5,2310.5,2532.0,2578.0,7201.5,6993.0,2910.0,3384.0,4101.0,4701.5,4783.0,5184.0,5227.0,5546.0,0.0,0.0,0.0,0.0,0.0,0.0,0.0,0.0,0.0,0.0,5125.5,4525.5,2506.5,2893.0,3078.5,3816.5,4447.5,4865.0,4715.0,5138.0,4854.0,3893.0,1349.0,1813.0,1883.0,2665.5,4347.0,4946.0,4932.5,5298.5,2648.5,1537.5,524.5,904.0,618.0,1546.0,3606.5,4290.0,4530.0,4590.5,2406.5,1575.5,1357.5,1380.5,1053.5,1581.0,3677.5,4680.0,4411.5,4724.0,214.0,219.5,702.0,984.0,1103.0,1328.5,1090.5,1056.5,1030.5,898.0,2416.0,1093.0,338.5,518.0,268.5,783.5,4201.5,5931.5,5891.0,6304.0,2381.5,1032.5,478.0,622.5,340.0,836.0,4229.0,5999.0,6096.5,6274.0,2262.5,976.0,302.0,462.0,209.5,691.0,4037.5,5803.0,5735.5,6097.5,2200.5,1068.0,395.5,663.0,335.5,1007.5,3920.5,5375.0,5137.0,5666.5,2193.0,987.0,270.5,651.5,262.5,1055.5,4139.5,5004.5,5176.5,5305.0,2295.5,1063.5,488.5,1097.0,609.5,1980.5,4235.5,4831.5,4891.0,5216.0,2691.5,1713.5,526.5,935.5,934.5,1710.5,2185.0,2470.0,2499.0,2802.0,2685.5,1892.5,892.5,973.5,1106.5,1349.0,1450.0,1553.0,1823.0,1799.5,3151.5,2363.5,545.5,726.5,922.5,1196.0,1291.0,1432.5,1606.0,1687.5,2955.5,2153.0,675.0,803.0,1022.5,1245.5,1384.0,1542.0,1717.5,1831.0,2968.0,2516.5,2488.0,2558.5,2609.5,2798.0,2764.5,2775.0,3190.5,2774.0,3353.0,2605.5,1023.5,1271.0,1650.5,1934.0,2072.0,2249.0,2460.0,2529.5,1747.5,1226.5,863.5,1071.0,1388.0,1678.5,1781.5,1970.5,2140.5,2198.0,2930.0,2120.0,864.0,1134.5,1469.0,1768.0,1958.0,2103.5,2380.5,2375.5,3025.0,2190.0,927.5,1204.5,1498.0,1905.5,2070.5,2196.5,2403.0,2481.0,2453.0,2060.5,1780.5,1983.0,2005.5,2330.0,2302.0,2480.5,2385.0,2637.5,2233.5,1430.0,777.0,1026.5,1224.0,1629.0,1815.5,1976.0,2224.5,2233.0,0.0,0.0,0.0,0.0,0.0,0.0,0.0,0.0,0.0,0.0,549.5,595.0,12034.5,11387.0,10966.0,11020.5,10493.0,9909.0,10233.0,9394.0,147.0,133.0,7728.0,7755.0,7918.0,8018.5,7709.5,7484.0,7632.0,7031.0,1146.5,786.0,442.5,693.0,876.0,1289.5,1347.5,1469.5,1641.5,1689.0,3010.5,2118.5,844.5,1170.5,1427.5,1848.5,1973.0,2159.5,2369.0,2379.5,2592.0,1790.0,730.0,1049.0,1357.0,1727.5,1832.0,1981.0,2144.0,2188.5,2546.5,1700.0,808.0,1073.0,1351.5,1686.5,1831.0,1929.0,2126.0,2178.5,"{""type"":""MultiPoint"",""coordinates"":[]}"
61,2,2049.0,1578.0,557.5,735.5,1033.0,1212.0,1296.5,1375.5,1584.5,1587.0,5585.0,5201.5,2098.0,2687.0,3387.0,3794.0,3921.0,4077.5,4320.0,4370.5,2678.5,1963.5,807.0,1076.5,1431.5,1703.0,1862.0,1992.5,2151.5,2199.0,0.0,0.0,0.0,0.0,0.0,0.0,0.0,0.0,0.0,0.0,0.0,0.0,0.0,0.0,0.0,0.0,0.0,0.0,0.0,0.0,4758.5,4134.0,1529.5,2000.0,2643.5,3058.5,3226.5,3485.5,3620.5,3784.5,0.0,0.0,0.0,0.0,0.0,0.0,0.0,0.0,0.0,0.0,0.0,0.0,0.0,0.0,0.0,0.0,0.0,0.0,0.0,0.0,0.0,0.0,0.0,0.0,0.0,0.0,0.0,0.0,0.0,0.0,4406.5,3426.5,1067.5,1523.5,1609.0,2455.0,4021.0,4518.0,4535.5,4773.5,3313.5,2246.5,1013.0,1305.5,1096.5,1842.5,4436.0,5179.5,5131.0,5390.5,3266.0,2994.0,920.5,1234.0,1637.0,1890.5,2101.0,2205.0,2340.0,2340.0,4695.5,3726.0,3341.5,3367.5,3271.0,3858.5,5053.5,5592.5,5452.5,5704.0,2189.5,874.5,459.5,671.5,365.5,987.5,4559.0,5755.0,5812.0,5891.0,0.0,0.0,0.0,0.0,0.0,0.0,0.0,0.0,0.0,0.0,2133.0,824.0,418.0,619.0,342.0,1036.5,4475.5,5691.5,5615.0,5973.0,2028.5,853.5,325.5,521.0,364.5,1093.0,3622.5,4354.0,4581.0,4757.5,0.0,0.0,0.0,0.0,0.0,0.0,0.0,0.0,0.0,0.0,3167.0,2259.0,728.5,945.5,1066.0,1593.0,2168.0,2511.0,2637.5,2870.5,3449.0,2495.0,1269.0,1341.5,1401.0,1775.0,2087.5,2281.5,2443.5,2652.5,2903.0,2151.5,876.0,1010.5,1181.5,1408.5,1593.0,1778.0,1986.5,2096.5,1583.5,1426.5,639.0,730.5,800.5,929.5,1080.5,1177.0,1255.0,1326.5,0.0,0.0,0.0,0.0,0.0,0.0,0.0,0.0,0.0,0.0,3564.0,2653.0,783.5,1044.0,1342.5,1707.0,1969.0,2150.0,2432.0,2528.0,0.0,0.0,0.0,0.0,0.0,0.0,0.0,0.0,0.0,0.0,2156.5,1346.5,386.5,627.0,796.0,1170.5,1543.5,1772.0,1988.5,2093.0,1943.0,1189.0,382.5,653.0,764.0,1142.5,1701.5,1893.5,2092.5,2154.5,0.0,0.0,0.0,0.0,0.0,0.0,0.0,0.0,0.0,0.0,2349.0,1560.5,515.0,764.0,783.5,1215.5,1921.5,2118.0,2440.5,2396.0,0.0,0.0,0.0,0.0,0.0,0.0,0.0,0.0,0.0,0.0,988.0,1041.5,10035.5,9889.5,9941.0,10149.5,9911.0,9557.0,9948.0,9237.5,1335.0,958.5,883.5,827.0,869.0,975.0,1037.0,1156.5,1150.5,1194.5,2782.0,2251.0,840.5,1119.0,1472.5,1720.0,1898.0,1998.0,2206.5,2206.0,3564.5,3083.0,1263.5,1644.5,2111.5,2396.0,2486.5,2631.5,2830.0,2809.5,2935.0,2325.5,915.5,1242.5,1679.0,1920.0,1990.5,2148.5,2343.0,2361.0,5362.0,5198.5,1880.0,2387.0,3048.5,3433.5,3562.0,3776.0,3906.0,3973.5,"{""type"":""MultiPoint"",""coordinates"":[]}"
105,5,3121.0,2247.0,829.0,1096.0,1490.0,1671.0,1813.0,2093.0,2401.0,2229.0,3482.0,2643.0,800.0,1220.0,1563.0,2025.0,2571.0,2737.0,2858.0,2933.0,3039.0,2101.0,779.0,1055.0,1457.0,1804.0,2081.0,2251.0,2606.0,2568.0,3510.0,2734.0,899.5,1244.0,1643.5,1949.0,2254.5,2387.0,2583.5,2620.5,3283.0,2436.0,870.0,1261.0,1652.0,1899.0,2256.0,2450.0,2600.0,2583.0,3798.0,2778.0,1070.0,1527.0,1843.0,2333.0,3100.0,3442.0,3468.0,3613.0,2968.0,1782.0,809.0,1082.0,1104.0,1637.0,2742.0,3239.0,3068.0,3320.0,3380.0,2171.0,798.0,1206.0,1213.0,1836.0,3510.0,4120.0,3937.0,4352.0,3602.0,2175.0,1033.0,1350.0,1694.0,2117.0,3415.0,4081.0,3697.0,4381.0,3164.5,2245.5,958.0,1245.5,1531.0,1762.0,2852.0,3499.5,3338.0,3774.0,3479.0,2511.0,1041.0,1417.0,1692.0,2146.0,3066.0,3825.0,3583.0,3860.0,3093.0,2359.0,771.0,1055.0,1438.0,1574.0,1720.0,1895.0,2264.0,2140.0,3144.0,1916.5,958.5,1244.0,1444.5,1851.5,3022.0,3971.5,3521.0,3936.5,3263.0,2229.0,841.0,1133.0,1320.0,1793.0,2725.0,3168.0,3145.0,3572.0,3277.0,2346.0,902.0,1238.0,1578.0,1948.0,2746.0,3287.0,3138.5,3531.0,3330.5,2518.0,1298.5,1465.0,1630.0,2002.0,2806.0,3223.0,3142.0,3560.5,2790.5,1815.5,691.0,991.0,1151.0,1567.0,2335.0,2771.5,2681.0,2957.5,2826.0,1790.0,797.0,1148.0,1324.0,1805.0,2534.0,2730.0,2848.0,2985.0,2862.0,2048.5,741.5,1046.5,1370.5,1652.0,2118.0,2225.0,2292.5,2475.5,3267.0,2519.5,845.0,1084.5,1486.0,1724.0,1820.0,2007.0,2080.5,2182.0,3112.5,2421.5,677.5,988.5,1388.0,1621.0,1786.0,1953.5,2101.5,2137.0,3014.0,2413.5,738.5,1013.0,1411.5,1591.0,1789.5,1908.5,2123.0,2121.0,2950.0,2215.0,729.0,969.0,1244.0,1453.0,1727.0,1836.0,2251.0,2076.0,2260.0,1680.0,537.0,753.0,1030.5,1219.5,1472.0,1574.0,1709.0,1755.5,4183.0,3793.5,2938.5,3135.5,3462.5,3882.0,4011.5,4106.5,3547.5,4222.0,2340.0,1516.0,566.0,824.0,1145.0,1363.0,1692.0,1814.0,2177.0,2053.0,2471.0,1679.0,528.0,808.0,1126.0,1328.0,1604.0,1803.0,2017.0,2029.0,0.0,0.0,0.0,0.0,0.0,0.0,0.0,0.0,0.0,0.0,2425.0,1614.5,559.0,832.5,876.0,1373.5,2365.0,2607.0,2683.0,2681.0,0.0,0.0,0.0,0.0,0.0,0.0,0.0,0.0,0.0,0.0,131.0,132.0,8075.0,8089.0,8132.0,8352.0,8109.0,7096.0,7350.0,6775.0,1136.0,730.0,1585.0,1832.0,2203.0,2368.0,2460.0,2543.0,2768.0,2617.0,3141.0,2321.0,891.0,1171.0,1530.0,1715.0,2019.0,2039.0,2522.0,2390.0,2835.5,2408.0,1094.0,1229.0,1402.5,1782.5,2007.0,2189.0,2188.0,2312.5,3650.0,2865.0,901.0,1289.0,1699.0,2054.0,2267.0,2439.0,2636.0,2671.0,3479.0,2663.0,793.0,1232.0,1584.0,1975.0,2307.0,2574.0,2791.0,2738.0,"{""type"":""MultiPoint"",""coordinates"":[]}"
115,3,2036.5,1391.5,617.0,921.0,1230.5,1490.5,1622.5,1749.5,1973.5,1995.5,4768.0,4507.0,1479.0,1945.0,2478.0,2746.0,2862.0,3037.0,3276.0,3287.0,2513.5,1793.0,689.0,935.5,1170.5,1445.0,1569.5,1730.0,1871.5,1942.5,4092.5,3534.5,1227.5,1673.5,1991.5,2469.0,2616.5,2805.5,2992.0,3089.0,3579.0,2876.0,1067.0,1467.0,1796.0,2079.0,2377.0,2506.0,2774.0,2702.0,4280.0,3563.0,2777.0,2900.0,2824.0,3271.0,3449.0,3535.0,3958.0,3493.0,1102.0,634.0,637.0,688.0,598.0,821.0,1001.0,1081.0,1051.0,1171.0,2928.0,2366.0,1201.5,1496.0,1448.5,1873.5,2506.5,2804.5,2867.0,2929.0,1235.0,680.0,340.0,585.0,349.0,817.0,1988.0,2676.0,2466.0,2580.0,1324.0,680.0,383.0,523.0,316.0,779.0,2316.0,3076.0,3071.0,2985.0,1297.0,630.0,583.0,694.0,427.5,834.5,2373.5,3320.0,3275.0,3363.5,2757.0,2126.0,924.0,1183.0,1496.0,1727.0,1803.0,1923.0,2170.0,2143.0,1374.0,636.0,434.0,557.0,338.0,809.0,2570.0,3621.0,3477.0,3756.0,1419.0,696.0,480.0,719.0,412.0,1066.0,2812.0,3733.0,3741.0,3858.0,1575.0,779.0,545.0,893.0,566.0,1376.0,3183.0,3874.0,3768.0,4089.0,1682.0,922.5,571.5,967.5,720.5,1650.0,2913.0,3359.0,3261.5,3612.0,2044.0,1219.0,646.0,1101.0,1027.0,1922.0,2723.0,3074.0,3247.0,3394.0,4000.0,2703.0,1185.0,1557.0,2042.5,2669.5,3042.0,3378.0,3392.5,3735.5,3979.0,2894.5,1174.5,1592.0,2152.0,2554.0,2723.5,2918.0,3025.5,3188.5,3299.0,2321.0,974.0,1270.0,1603.0,2007.0,2299.0,2416.0,2489.0,2717.0,3864.0,2791.0,1024.0,1374.0,1709.0,2152.0,2480.0,2647.0,2764.0,2950.0,2926.0,1971.0,892.0,1053.0,1304.0,1762.0,2123.0,2307.0,2495.0,2580.0,3055.0,2637.5,1530.5,1727.5,1939.0,2129.5,2222.5,2306.5,2445.5,2476.5,2963.0,2062.0,822.0,1113.0,1346.0,1804.0,2175.0,2349.0,2550.0,2601.0,1716.0,1097.5,866.5,978.5,1178.0,1534.5,1729.5,1876.0,1850.5,2127.5,1889.0,1171.0,653.5,935.5,1348.0,1646.0,1835.5,1996.5,2290.5,2287.5,3053.0,2138.0,905.0,1234.0,1666.0,1987.0,2168.0,2349.0,2552.0,2624.0,0.0,0.0,0.0,0.0,0.0,0.0,0.0,0.0,0.0,0.0,1430.0,893.0,588.0,803.0,1183.0,1459.0,1572.0,1764.0,1982.0,2001.0,0.0,0.0,0.0,0.0,0.0,0.0,0.0,0.0,0.0,0.0,909.0,1001.0,10746.0,10492.0,10416.0,10483.0,10152.0,9738.0,10162.0,9368.0,1841.5,1528.5,2197.5,2271.0,2367.5,2601.0,2493.5,2492.0,2728.5,2453.5,2754.5,1973.5,811.5,1128.0,1458.0,1732.0,1855.5,1988.0,2208.0,2214.5,3681.0,2930.0,2540.0,2682.5,2849.0,3187.5,3239.0,3353.5,3525.0,3506.5,2834.0,1985.0,861.0,1257.0,1462.0,1877.0,2018.0,2158.0,2386.0,2364.0,3069.0,2334.0,1021.0,1417.0,1730.0,2074.0,2210.0,2319.0,2519.0,2530.0,"{""type"":""MultiPoint"",""coordinates"":[]}"
133,1,2645.0,1799.0,829.0,1059.0,1182.0,1580.0,2098.0,2288.0,2539.0,2493.0,4407.0,3869.0,1999.0,2126.0,2578.0,2986.0,3100.0,3288.0,3354.0,3508.0,2931.0,2218.0,886.0,1128.0,1509.0,1725.0,1829.0,1997.0,2180.0,2225.0,3085.0,2438.0,931.0,1235.0,1458.0,1834.0,2000.0,2144.0,2358.0,2372.0,4962.0,4507.5,1999.5,2512.5,2994.5,3433.5,3592.5,3800.0,4010.5,4079.5,6729.0,6088.0,2498.0,3130.0,3596.0,4341.0,5199.0,5739.0,5722.0,6009.0,2713.0,2448.0,1355.0,1482.0,1557.0,2039.0,2735.0,3020.0,2556.0,3206.0,2388.0,1280.0,574.0,786.0,535.0,965.0,3569.0,5349.0,5344.0,5706.0,1716.0,788.0,205.0,368.0,209.0,530.0,2961.0,4575.0,4764.0,4743.0,1766.0,738.0,272.0,431.0,215.0,563.0,2987.0,4887.0,4836.0,5106.0,1831.5,736.0,356.0,502.5,295.0,618.5,3196.0,5275.0,5246.5,5560.5,3153.0,2307.0,907.0,1147.0,1326.0,1772.0,2270.0,2439.0,2654.0,2665.0,1679.0,676.5,342.0,495.0,295.0,655.5,2898.5,4574.5,4520.5,4872.0,1225.0,522.5,449.5,553.0,347.0,661.5,2311.0,3430.0,3400.0,3587.0,2079.0,1029.0,389.0,623.0,473.0,1001.0,2693.0,3619.0,3618.0,4060.0,1638.5,980.0,437.0,510.5,550.5,796.5,1116.0,1338.5,1281.0,1514.5,2289.5,1455.5,274.0,402.5,594.0,824.5,1026.5,1188.5,1332.0,1487.0,2208.5,1485.5,404.0,508.0,646.0,829.0,1003.0,1196.0,1282.5,1423.5,2331.0,1667.5,380.0,496.5,666.5,879.0,1115.5,1276.0,1423.5,1511.5,2539.5,1760.0,907.0,1073.5,1398.0,1639.0,1757.0,1929.0,2008.5,2200.5,3448.0,3034.0,1044.5,1369.5,1870.5,2216.5,2329.0,2551.5,2586.5,2854.5,3312.0,2407.0,843.0,1219.0,1548.0,1992.0,2330.0,2546.0,2758.0,2849.0,3427.0,2402.0,1107.0,1354.0,1533.0,2009.0,2601.0,2817.0,3105.0,3090.0,3366.0,2419.0,896.0,1263.0,1605.0,2081.0,2425.0,2665.5,2917.0,2960.0,2719.0,1865.5,858.0,1162.0,1587.0,1938.5,2184.0,2399.0,2620.5,2698.5,3225.0,2259.0,853.0,1243.0,1704.0,2074.0,2342.0,2550.0,2915.0,2882.5,3237.0,2268.0,880.0,1261.0,1622.0,2045.0,2406.0,2550.0,2787.0,2883.0,0.0,0.0,0.0,0.0,0.0,0.0,0.0,0.0,0.0,0.0,2166.0,1380.0,630.0,939.0,1152.0,1638.0,2130.0,2343.0,2616.0,2638.0,0.0,0.0,0.0,0.0,0.0,0.0,0.0,0.0,0.0,0.0,555.0,600.0,10734.0,10420.0,10270.0,10322.0,9951.0,9466.0,9770.0,8967.0,223.0,156.0,6111.0,6224.0,6345.0,6663.0,6355.0,6092.0,6241.0,5847.0,2754.5,1852.5,777.0,1078.5,1149.0,1712.0,2321.5,2542.5,2777.5,2778.0,2906.0,2298.0,905.0,1185.0,1509.0,1737.0,1877.0,2023.0,2250.0,2246.0,2739.0,2049.0,787.0,1088.0,1434.0,1672.0,1738.0,1884.0,2098.0,2146.0,3004.0,2276.0,913.0,1220.0,1588.0,1831.0,1946.0,2114.0,2304.0,2354.0,"{""type"":""MultiPoint"",""coordinates"":[]}"
148,1,2635.5,2106.5,843.0,1104.5,1423.0,1650.5,1733.5,1861.5,2075.5,2014.0,5390.5,5158.5,1925.5,2448.0,3021.0,3341.5,3458.5,3638.0,3872.0,3868.5,2868.0,2243.5,896.5,1159.5,1460.0,1707.5,1829.5,1956.5,2111.0,2140.5,3245.5,2510.5,1108.5,1402.5,1694.0,1990.0,2178.0,2325.0,2526.5,2512.5,0.0,0.0,0.0,0.0,0.0,0.0,0.0,0.0,0.0,0.0,4002.5,3313.5,1239.0,1647.0,1824.0,2241.5,3303.0,3750.5,3850.5,3963.0,0.0,0.0,0.0,0.0,0.0,0.0,0.0,0.0,0.0,0.0,0.0,0.0,0.0,0.0,0.0,0.0,0.0,0.0,0.0,0.0,0.0,0.0,0.0,0.0,0.0,0.0,0.0,0.0,0.0,0.0,1721.0,708.5,373.5,509.5,326.0,575.0,2824.0,4425.5,4472.0,4612.0,1770.0,741.0,346.0,481.5,332.5,599.0,2685.0,4159.0,4124.0,4506.0,3091.0,2659.0,1012.0,1326.0,1678.5,1894.0,2019.0,2137.5,2358.0,2317.0,2895.0,1606.0,1247.5,1393.5,1208.5,1581.5,3605.5,5125.5,4961.0,5387.0,1966.0,881.5,493.0,637.0,433.0,811.0,2952.5,4301.0,4311.0,4481.0,0.0,0.0,0.0,0.0,0.0,0.0,0.0,0.0,0.0,0.0,2205.5,1514.0,466.0,622.0,639.0,991.0,1528.5,1801.0,1844.0,2017.5,2861.5,2328.5,486.5,669.5,906.0,1150.5,1356.5,1573.5,1702.0,1808.5,0.0,0.0,0.0,0.0,0.0,0.0,0.0,0.0,0.0,0.0,2874.0,2471.5,550.0,705.5,920.0,1126.5,1232.5,1402.5,1538.0,1646.0,0.0,0.0,0.0,0.0,0.0,0.0,0.0,0.0,0.0,0.0,3797.5,3366.5,1048.0,1408.0,1943.5,2213.5,2300.5,2476.0,2700.5,2724.5,3530.5,3147.5,1121.0,1461.5,1883.5,2136.5,2253.0,2397.5,2546.0,2584.5,0.0,0.0,0.0,0.0,0.0,0.0,0.0,0.0,0.0,0.0,4593.0,4181.5,1432.5,1861.0,2407.0,2733.5,2865.5,3024.5,3310.0,3319.0,0.0,0.0,0.0,0.0,0.0,0.0,0.0,0.0,0.0,0.0,2576.0,1929.0,681.5,974.5,1405.5,1599.0,1714.5,1848.5,2050.5,2091.0,4214.0,3661.0,1858.5,2162.0,2496.5,2805.0,2967.5,3087.0,3419.0,3391.5,0.0,0.0,0.0,0.0,0.0,0.0,0.0,0.0,0.0,0.0,2843.0,2291.0,815.5,1100.0,1446.5,1645.5,1774.0,1924.5,2150.5,2153.5,0.0,0.0,0.0,0.0,0.0,0.0,0.0,0.0,0.0,0.0,930.5,1051.0,10728.0,10429.5,10410.0,10509.5,10217.0,9845.5,10225.5,9465.0,0.0,0.0,0.0,0.0,0.0,0.0,0.0,0.0,0.0,0.0,2958.0,2454.0,982.0,1307.0,1604.0,1857.0,2032.0,2137.5,2342.0,2333.0,3402.0,2892.5,1154.5,1528.5,1836.5,2112.0,2361.0,2511.0,2764.5,2728.0,2874.0,2286.0,943.5,1284.5,1581.5,1862.0,1982.0,2118.0,2339.5,2333.5,5050.5,4932.0,1758.5,2215.0,2739.0,3053.5,3143.0,3333.0,3515.5,3569.0,"{""type"":""MultiPoint"",""coordinates"":[]}"
153,3,901.0,531.0,548.0,753.0,945.0,1176.0,1231.0,1350.0,1484.0,1520.0,4274.5,3784.0,1723.5,2180.5,2674.0,3066.0,3279.5,3485.0,3418.0,3741.5,762.5,499.0,602.0,896.0,1256.5,1435.0,1153.5,1239.0,1228.0,1132.0,2196.0,2102.0,1925.0,2103.5,2203.0,2393.5,2129.0,2187.5,2159.0,2124.5,1349.0,705.0,751.0,1161.0,1171.0,1881.0,2053.0,2165.0,2354.0,2365.0,6445.0,5984.0,2463.0,3190.0,3803.0,4456.0,4605.0,4861.0,4846.0,5081.0,0.0,0.0,0.0,0.0,0.0,0.0,0.0,0.0,0.0,0.0,6281.0,5418.0,1445.0,1940.0,2268.0,2847.0,3271.0,3706.0,3986.0,4513.0,979.0,629.5,436.5,703.5,620.5,1122.0,1880.5,2209.5,2137.5,2220.5,2284.0,1211.0,407.0,641.5,353.0,910.5,2982.0,3864.0,3848.5,4028.5,2095.0,1003.0,507.0,668.0,410.0,930.0,3091.0,4578.0,4454.0,4743.0,2934.0,2219.5,798.0,1020.0,1322.0,1586.5,1709.5,1854.5,2104.5,2110.5,1642.0,740.0,360.0,503.0,242.0,697.0,2951.0,4699.0,4609.0,4972.0,1841.0,864.0,446.0,586.0,311.0,773.0,3204.0,5195.0,5139.0,5432.0,1536.0,663.0,315.0,406.0,201.0,641.0,2889.0,4471.0,4348.0,4751.0,1697.5,885.0,402.5,749.0,407.0,1225.0,2953.0,3814.0,3740.0,3990.0,1883.0,1026.0,490.0,947.0,665.0,1632.0,3509.0,4429.0,4579.0,4747.0,1459.5,806.0,539.0,838.5,709.0,1448.0,2529.5,2988.5,3059.0,3344.0,2314.5,1568.0,593.5,810.5,1137.5,1529.0,1819.0,2020.0,2110.0,2409.0,2830.0,2057.0,660.0,892.0,1242.0,1564.0,1758.0,1939.0,2044.0,2203.0,3525.0,2388.0,754.0,1061.0,1434.0,1793.0,2097.0,2347.0,2481.0,2664.0,1887.0,2062.0,300.0,398.0,582.0,671.0,732.0,867.0,928.0,943.0,2243.5,1912.5,730.5,914.0,1087.5,1302.0,1359.5,1493.5,1672.0,1649.0,2814.5,2680.0,635.5,834.5,1191.5,1325.5,1450.0,1606.5,1768.0,1858.0,1681.0,1176.0,471.0,611.0,923.0,1146.0,1209.0,1355.0,1519.0,1641.0,1678.5,1271.5,408.5,627.0,921.0,1117.0,1194.5,1318.5,1454.0,1518.0,2859.0,2423.0,663.0,925.0,1283.0,1493.0,1581.0,1719.0,1838.0,1935.0,0.0,0.0,0.0,0.0,0.0,0.0,0.0,0.0,0.0,0.0,512.0,337.0,498.0,602.5,718.0,890.0,920.5,1016.5,1077.5,1071.0,0.0,0.0,0.0,0.0,0.0,0.0,0.0,0.0,0.0,0.0,910.0,987.0,10100.0,9912.0,9980.0,10143.0,9799.0,9430.0,9854.0,9084.0,886.5,565.0,2459.0,2572.5,2780.5,3115.5,2986.0,3059.0,3123.0,3067.0,2792.0,2086.0,711.0,985.0,1234.0,1530.0,1600.0,1756.0,1932.0,1963.0,145.0,105.0,637.5,913.5,906.5,958.0,483.0,500.0,454.0,328.0,126.0,85.0,468.0,797.0,670.0,960.0,438.0,481.0,403.0,241.0,3240.5,2556.5,956.5,1261.5,1543.0,1854.0,1986.0,2133.5,2277.0,2324.0,"{""type"":""MultiPoint"",""coordinates"":[]}"
154,3,1640.5,953.5,603.5,711.5,869.0,1254.0,1555.0,1723.0,2014.5,1976.5,3422.5,2599.5,1060.5,1359.5,1454.0,2033.5,2737.5,2923.5,3096.5,3140.5,1581.0,1013.5,611.5,761.0,999.5,1168.5,1258.0,1357.5,1486.5,1509.5,1583.5,1017.5,838.0,1022.0,1291.5,1507.5,1557.0,1710.5,1863.0,1884.0,4194.5,3831.0,1453.5,1795.0,2250.5,2544.0,2623.5,2758.0,2956.0,2986.5,2535.5,1704.5,810.5,1015.0,1177.0,1466.5,1682.5,1809.5,1953.5,2011.5,0.0,0.0,0.0,0.0,0.0,0.0,0.0,0.0,0.0,0.0,4512.0,3716.0,1315.5,1767.5,1949.0,2574.0,3143.5,3373.5,3469.0,3669.5,1142.0,746.5,856.0,1171.0,1129.5,1549.5,1756.0,1854.0,1873.5,1681.0,601.0,359.5,452.0,708.5,556.5,1012.5,1381.5,1574.0,1418.5,1411.5,802.0,509.0,713.5,838.0,645.5,1058.5,1568.0,1864.0,1695.5,1769.5,2390.0,1614.0,679.5,865.0,1082.0,1430.0,1725.5,1880.5,2182.5,2150.5,685.5,378.5,429.0,516.5,368.0,678.0,1572.5,1829.0,1644.5,1709.0,1183.0,585.5,436.5,605.5,330.5,820.5,2237.5,2964.5,2939.5,2992.5,1230.0,630.0,383.0,625.5,371.0,945.0,2411.5,3054.5,2961.5,3166.5,1466.0,760.5,493.5,811.0,585.5,1282.5,2768.0,3239.5,3151.5,3403.5,1609.5,873.5,504.0,868.5,663.5,1433.0,2804.0,3240.5,3321.0,3429.5,2364.5,1662.5,1323.0,1533.5,1456.0,2079.0,2808.0,3105.5,3201.0,3283.5,2487.5,1871.5,627.5,850.0,1032.0,1377.0,1706.5,1887.0,2005.0,2053.5,1440.5,966.5,414.5,554.0,624.0,935.5,1319.5,1497.0,1523.5,1618.5,2326.5,1506.0,488.5,747.5,803.5,1233.5,1812.5,2030.5,2151.5,2248.0,2430.5,1558.5,486.5,755.0,815.0,1289.5,1810.0,1989.5,2118.0,2213.0,1662.5,1274.0,472.0,583.5,726.0,922.5,1103.5,1211.5,1318.5,1366.0,2141.5,1449.5,553.5,782.0,813.0,1210.0,1630.0,1747.5,2006.5,2036.0,1439.0,926.0,566.5,760.0,1015.0,1359.0,1545.0,1710.0,1883.5,1872.5,1649.5,1048.0,486.5,734.0,1066.0,1318.0,1451.0,1567.5,1779.5,1811.5,1809.0,1178.0,558.0,814.5,1163.5,1405.0,1525.0,1604.5,1781.5,1861.5,0.0,0.0,0.0,0.0,0.0,0.0,0.0,0.0,0.0,0.0,1501.5,1059.0,677.5,817.5,1032.5,1212.0,1275.0,1360.0,1538.5,1512.5,0.0,0.0,0.0,0.0,0.0,0.0,0.0,0.0,0.0,0.0,994.5,1081.0,10735.0,10392.0,10311.0,10426.5,10047.5,9657.0,10028.0,9251.0,854.5,514.5,3812.5,3817.5,3926.0,4273.5,4296.0,4236.0,4318.0,4117.5,2383.0,1573.5,643.0,856.5,1014.5,1483.5,1829.0,2041.5,2303.0,2280.5,2100.5,1267.5,653.0,893.5,954.0,1476.0,2096.0,2287.5,2536.0,2470.5,2050.5,1110.5,548.5,824.0,886.0,1433.0,2190.5,2427.5,2694.0,2632.0,3141.5,2254.5,723.5,1036.0,1171.0,1769.0,2526.0,2761.0,3060.5,2999.0,"{""type"":""MultiPoint"",""coordinates"":[]}"
160,5,2542.0,1847.0,665.0,940.0,1282.0,1650.0,1956.0,2109.0,2412.0,2350.0,3484.5,2793.0,1007.5,1406.5,1904.0,2294.0,2434.5,2600.0,2748.0,2822.5,2944.0,2197.0,881.0,1191.0,1594.0,1989.0,2155.0,2362.0,2502.0,2497.0,3212.0,2455.0,989.0,1376.0,1645.0,2136.0,2368.0,2560.0,2746.0,2722.0,3027.0,2216.0,743.0,1139.0,1423.0,1879.0,2287.0,2494.0,2680.0,2673.0,5235.0,4528.0,1578.0,2093.0,2498.0,3200.0,4213.0,4593.0,4727.0,4914.0,0.0,0.0,0.0,0.0,0.0,0.0,0.0,0.0,0.0,0.0,2736.5,1545.5,403.5,747.5,686.0,1316.0,3405.0,4130.0,4099.5,4284.5,2166.5,992.5,295.0,526.5,308.5,848.0,3432.0,4376.5,4596.5,4535.0,2666.0,1317.0,364.0,598.0,358.5,927.5,4272.5,5468.0,5473.0,5750.5,2318.0,1053.0,290.0,469.0,269.0,730.0,3781.0,5419.0,5328.0,5629.0,2644.0,2019.0,661.0,951.0,1347.0,1681.0,1975.0,2132.0,2338.0,2328.0,2203.0,917.0,326.0,495.0,263.5,757.5,3847.0,5150.0,5077.5,5445.0,2317.0,990.0,599.0,744.0,435.0,1000.0,3794.0,5127.0,5257.0,5608.0,4455.0,3353.0,3183.0,3211.0,3095.0,3754.0,4965.0,5686.0,5446.0,5952.0,2063.0,1021.0,344.0,621.0,382.0,1044.0,3087.0,3794.5,3697.5,4176.5,2174.0,1155.0,308.0,571.0,404.0,1064.0,2439.0,2950.0,3023.0,3340.0,1701.0,1010.0,306.0,479.5,443.0,869.5,1427.5,1646.5,1806.0,1948.5,2763.0,1971.5,469.5,623.0,761.0,1117.0,1497.0,1745.5,1927.0,2122.0,4366.5,3118.5,1009.5,1255.5,1662.0,2016.5,2187.5,2390.5,2486.5,2808.5,3874.5,3586.0,1029.0,1401.0,1986.0,2237.5,2323.5,2493.0,2681.5,2712.0,3933.0,3698.0,1124.0,1525.0,2124.0,2434.0,2554.0,2686.0,2829.0,2930.0,2673.0,2111.0,1575.5,1738.0,1899.0,2200.5,2373.0,2466.0,2671.5,2580.0,3457.5,3036.0,920.0,1334.0,1786.0,2157.5,2336.0,2483.5,2757.0,2718.5,3252.5,3123.5,949.0,1316.5,1725.5,2119.0,2384.5,2571.0,2355.0,2798.0,3031.5,2484.0,769.5,1178.5,1550.5,1904.0,2309.5,2473.0,2775.0,2669.0,2469.0,1855.0,808.0,1071.0,1189.0,1632.0,2026.0,2143.0,2347.0,2306.0,0.0,0.0,0.0,0.0,0.0,0.0,0.0,0.0,0.0,0.0,2046.0,1291.0,516.0,778.0,747.0,1309.0,2294.0,2488.0,2726.0,2672.0,0.0,0.0,0.0,0.0,0.0,0.0,0.0,0.0,0.0,0.0,94.0,127.0,13852.0,12733.0,11935.0,11838.0,11223.0,10368.0,10630.0,9630.0,604.0,407.0,4972.0,5301.0,5718.0,6013.0,5935.0,5653.0,5936.0,5514.0,2589.5,1896.0,712.5,997.5,1387.5,1728.5,1963.5,2156.5,2390.0,2383.0,3236.0,2499.0,883.0,1222.0,1694.0,2002.0,2157.0,2330.0,2656.0,2600.0,3010.0,2244.0,792.0,1099.0,1557.0,1875.0,2029.0,2208.0,2446.0,2457.0,2887.0,2140.0,723.0,986.0,1504.0,1757.0,1886.0,2080.0,2240.0,2327.0,"{""type"":""MultiPoint"",""coordinates"":[]}"
164,1,2646.0,1877.0,762.0,1084.0,1403.0,1791.0,2133.0,2317.0,2606.0,2603.0,2988.0,2027.0,687.0,1095.0,1014.0,1824.0,2366.0,2551.0,2638.0,2669.0,2885.0,1952.0,739.0,1128.0,1188.0,1824.0,2414.0,2661.0,2836.0,2825.0,2491.5,1446.0,461.0,780.0,606.0,1201.5,2761.5,3315.5,3419.5,3412.5,1900.0,948.0,272.0,550.0,346.0,831.0,2706.0,3380.0,3555.0,3514.0,2346.0,1137.0,305.0,518.0,264.0,689.0,3402.0,5272.0,5276.0,5460.0,527.0,247.0,356.0,329.0,182.0,254.0,1120.0,1861.0,1778.0,1911.0,4223.0,3293.5,2924.5,2953.5,2788.0,3297.0,4724.5,5777.5,5782.0,5895.0,1761.0,1191.0,205.0,378.0,458.0,802.0,2849.0,4423.0,4579.0,4659.0,2054.0,921.0,450.0,586.0,359.0,730.0,2938.0,4390.0,4544.0,4750.0,2221.0,1062.0,451.0,659.0,458.0,931.0,3013.0,4406.0,4441.0,4721.0,2666.0,1920.0,708.0,1050.0,1373.0,1787.0,2220.0,2390.0,2652.0,2648.0,2409.0,1093.0,938.0,1108.0,819.0,1316.0,3159.0,3968.0,4111.0,4528.0,2183.0,1290.0,630.0,855.0,710.0,1019.0,1502.0,1840.0,2012.0,2220.0,3012.0,1992.5,482.5,635.0,900.0,1237.0,1476.5,1759.0,1856.0,2149.0,2652.0,1775.0,546.0,591.0,710.0,1083.0,1256.0,1475.0,1520.0,1755.0,4186.5,2727.5,815.0,1229.5,1554.0,2183.5,3138.5,3515.5,3704.0,3984.0,3652.0,2319.0,912.0,1271.0,1847.0,2422.0,2733.0,3142.0,3434.0,3637.0,3722.0,2668.5,818.0,1107.5,1595.0,1980.0,2152.0,2408.0,2610.5,2778.0,2791.5,1869.0,706.5,863.0,1061.5,1372.0,1547.5,1703.5,1830.5,1891.5,4218.5,2949.5,968.0,1310.5,1729.0,2229.0,2536.5,2810.5,2925.0,3155.0,4343.5,3890.0,1104.0,1469.0,2050.0,2366.5,2517.0,2698.5,2891.0,3008.5,2946.0,2140.0,813.0,1171.0,1441.0,1915.0,2589.0,2823.0,3211.0,3098.0,3366.0,2946.0,1078.0,1432.0,1944.0,2271.0,2332.0,2538.0,2545.0,2724.0,4706.5,4432.0,1457.5,1994.5,2525.0,3082.0,3270.5,3393.5,3536.5,3667.5,2604.0,1972.0,681.0,1060.0,1414.0,1765.0,2025.0,2173.0,2395.0,2371.0,2647.0,2078.0,892.0,1199.0,1313.0,1781.0,2074.0,2128.0,2270.0,2295.0,4050.0,3811.0,3708.0,3650.0,3540.0,4013.0,4031.0,4036.0,4022.0,4042.0,2686.5,1873.0,651.0,1033.5,964.0,1704.0,2742.5,2987.5,3089.0,3177.5,0.0,0.0,0.0,0.0,0.0,0.0,0.0,0.0,0.0,0.0,68.0,71.0,8492.0,8498.0,8468.0,8543.0,8104.0,7394.0,7516.0,6756.0,1092.0,707.0,2270.0,2567.0,2904.0,3030.0,2914.0,2901.0,3081.0,2872.0,2943.0,2223.0,969.0,1300.0,1733.0,2043.0,2150.0,2318.0,2592.0,2567.0,4108.0,3410.5,2184.0,2359.0,2432.0,3031.5,3243.5,3449.0,3621.0,3700.0,3320.0,2503.0,855.0,1246.0,1466.0,2034.0,2278.0,2451.0,2637.0,2661.0,3038.0,2213.0,751.0,1202.0,1448.0,1980.0,2215.0,2383.0,2560.0,2572.0,"{""type"":""MultiPoint"",""coordinates"":[]}"
167,1,2203.0,1539.0,627.0,864.0,1175.0,1431.0,1556.0,1655.0,1857.0,1866.0,4674.0,4417.0,1499.0,2042.0,2678.0,2965.0,3018.0,3178.0,3333.0,3364.0,2473.5,1771.0,693.0,978.5,1336.5,1565.0,1663.0,1795.0,1897.5,1907.5,2797.5,2018.5,765.0,1098.5,1399.0,1766.0,1937.0,2073.0,2175.5,2235.0,4142.0,3477.0,1239.0,1801.0,2274.0,2700.0,2921.0,3124.0,3335.0,3317.0,5175.0,4134.0,3876.0,4028.0,3955.0,4489.5,5204.0,5415.5,5660.5,5480.0,4716.0,3363.0,3031.0,6862.0,6806.0,6179.0,6562.0,7254.0,7218.0,7408.0,1909.0,865.0,335.0,512.0,308.0,717.0,3385.0,5366.0,5225.0,5525.0,1590.0,616.0,163.0,361.0,165.0,507.0,3163.0,5742.0,5623.0,5966.0,1625.5,622.0,342.5,480.5,250.0,573.0,3106.5,5415.5,5487.5,5684.5,1420.0,699.0,1080.0,989.0,718.0,981.0,2511.0,3848.0,3822.0,3821.0,2891.0,2348.0,816.0,1080.0,1371.0,1628.0,1707.0,1848.0,2083.0,2018.0,1599.0,604.0,291.0,447.0,253.0,568.0,2983.0,4916.0,4888.0,5311.0,1719.0,731.0,483.0,605.0,387.0,706.0,2980.0,4668.0,4779.0,4938.0,1602.0,666.0,529.0,514.0,321.0,635.0,2769.0,3951.0,3967.0,4222.0,2082.0,1092.0,457.0,615.0,498.0,966.0,2145.0,2739.0,2687.0,2974.0,2597.0,1799.0,408.0,580.0,853.0,1118.0,1536.0,1812.0,1883.0,2131.0,2148.5,1505.5,582.5,737.0,827.5,1008.5,1189.0,1274.0,1297.5,1417.0,2203.0,1721.0,391.0,493.0,731.0,853.0,937.0,1048.0,1144.0,1208.0,3657.0,2645.0,1031.5,1272.0,1710.0,2038.5,2181.5,2339.5,2407.0,2617.0,3748.0,2694.0,843.0,1192.0,1600.0,1940.0,2421.0,2670.0,2871.0,2949.0,3368.5,2948.5,810.0,1124.0,1540.0,1794.5,1919.0,2056.5,2218.5,2288.5,0.0,0.0,0.0,0.0,0.0,0.0,0.0,0.0,0.0,0.0,3116.5,2602.5,958.0,1263.5,1660.0,1882.0,1981.5,2087.5,2246.0,2253.0,3574.0,2954.0,1477.0,1806.0,2272.0,2583.0,2755.0,2883.0,2888.0,3120.0,2476.5,1764.5,614.5,936.5,1394.0,1594.0,1695.0,1832.5,2079.0,2070.5,2536.5,1902.0,656.5,980.0,1427.0,1654.5,1757.5,1904.0,2098.0,2128.0,1382.0,915.0,1080.0,1054.0,1108.0,1185.0,1235.0,1281.0,1337.0,1360.0,2488.0,1762.0,753.0,991.0,1379.0,1607.0,1719.0,1874.0,2112.0,2084.0,0.0,0.0,0.0,0.0,0.0,0.0,0.0,0.0,0.0,0.0,1085.0,1163.0,10947.0,10574.0,10498.0,10578.0,10276.0,9966.0,10408.0,9569.0,1784.0,1267.5,906.5,1185.0,1503.0,1722.5,1750.0,1822.0,1968.0,1921.0,2928.0,2185.0,708.0,1042.0,1387.0,1711.0,1780.0,1913.0,2137.0,2121.0,3052.0,2305.5,893.0,1218.0,1584.5,1884.5,2009.5,2152.0,2359.0,2367.0,2937.0,2168.0,850.0,1179.0,1587.0,1910.0,2052.0,2153.0,2392.0,2385.0,4150.0,3657.0,1311.0,1823.0,2364.0,2594.0,2747.0,2926.0,3237.0,3185.0,"{""type"":""MultiPoint"",""coordinates"":[]}"
184,5,2028.0,1457.0,521.0,660.0,902.0,1003.0,1116.0,1235.0,1390.0,1381.0,3365.5,2752.0,989.0,1219.5,1558.0,1787.0,1971.5,2132.5,2151.5,2354.5,2393.0,1736.0,681.0,812.0,1034.0,1187.0,1322.0,1432.0,1560.0,1603.0,2347.0,1693.0,689.0,806.0,998.0,1176.0,1269.0,1414.0,1498.0,1588.0,0.0,0.0,0.0,0.0,0.0,0.0,0.0,0.0,0.0,0.0,4001.5,3082.0,1446.5,1699.5,1813.0,2325.5,3029.0,3366.5,3445.0,3543.0,0.0,0.0,0.0,0.0,0.0,0.0,0.0,0.0,0.0,0.0,3039.5,1664.5,463.0,810.5,510.0,1265.0,4009.5,4867.0,4679.5,5010.5,0.0,0.0,0.0,0.0,0.0,0.0,0.0,0.0,0.0,0.0,2248.0,1133.0,394.5,622.0,475.0,929.0,3517.0,4756.0,4769.5,4966.0,2465.0,1092.0,194.0,399.0,179.0,702.0,4135.0,5904.0,5885.0,6147.0,1574.0,1165.0,487.5,602.0,764.0,888.0,940.5,1052.5,1157.5,1168.0,2294.5,923.5,298.0,453.5,236.0,720.5,3924.5,5544.0,5588.0,5996.0,2309.0,937.0,316.0,494.0,238.0,722.0,3966.0,5584.0,5699.0,5973.0,2172.0,949.0,409.0,556.0,326.0,813.0,3549.0,5032.0,4974.0,5327.0,1720.0,756.5,329.5,501.5,294.0,788.5,2860.5,3827.5,3750.0,4165.0,2069.5,992.0,336.5,627.0,389.5,1089.5,3013.5,3733.0,3918.0,4167.0,2980.0,1868.0,430.0,599.0,897.0,1311.0,1574.0,1909.0,2197.0,2539.0,2522.0,1821.5,365.0,490.0,754.5,946.0,1075.5,1235.0,1369.0,1508.0,2192.0,1702.0,481.0,634.0,852.0,981.0,1099.0,1175.0,1194.0,1320.0,2861.0,2553.5,1427.5,1537.5,1684.5,1933.0,2005.0,2127.0,2196.5,2263.5,2538.0,2252.0,731.0,890.0,1159.0,1323.0,1370.0,1492.0,1594.0,1660.0,2248.0,1705.0,3301.0,2684.0,2304.0,2180.0,2103.0,2041.0,3477.0,2005.0,3485.0,2978.0,2679.0,2601.0,2627.0,2839.0,3017.0,3061.0,3443.0,3169.0,2428.0,1978.0,569.0,760.0,985.0,1163.0,1274.0,1358.0,1389.0,1490.0,1449.0,1007.0,249.0,399.0,549.0,661.0,730.0,850.0,949.0,985.0,2279.0,1899.0,560.0,716.0,941.0,1091.0,1214.0,1365.0,1448.0,1508.0,0.0,0.0,0.0,0.0,0.0,0.0,0.0,0.0,0.0,0.0,1722.0,1099.0,510.0,643.0,649.0,934.0,1410.0,1535.0,1652.0,1687.0,0.0,0.0,0.0,0.0,0.0,0.0,0.0,0.0,0.0,0.0,70.0,80.0,6292.0,6217.0,6215.0,6370.0,6019.0,5485.0,5417.0,4875.0,2189.0,1552.0,727.0,796.0,995.0,1128.0,1203.0,1302.0,1437.0,1489.0,2311.5,1728.0,661.0,827.0,1046.0,1196.5,1301.0,1411.0,1587.5,1590.5,3180.0,2667.0,897.0,1149.0,1468.0,1644.0,1718.0,1855.0,2057.0,2072.0,2172.0,1885.5,957.5,1282.0,1437.0,1612.0,1680.0,1833.0,1601.0,1976.5,0.0,0.0,0.0,0.0,0.0,0.0,0.0,0.0,0.0,0.0,"{""type"":""MultiPoint"",""coordinates"":[]}"
189,3,1722.0,1106.5,644.5,859.0,1171.0,1402.5,1553.0,1678.5,1952.0,1917.5,3399.0,2567.5,1094.0,1388.5,1749.5,2074.5,2264.5,2414.0,2595.0,2682.5,2192.0,1453.0,751.5,976.0,1338.5,1560.5,1689.5,1859.0,2034.0,2083.5,3436.0,2596.0,2794.5,2741.0,2809.5,3104.5,3281.5,3431.0,3731.5,3543.0,5039.5,4167.5,1532.0,1921.5,2482.5,2858.0,2991.5,3216.0,3291.5,3527.0,4325.0,3567.5,1888.0,2128.5,2509.0,2791.5,2875.5,3031.5,3399.5,3253.5,0.0,0.0,0.0,0.0,0.0,0.0,0.0,0.0,0.0,0.0,2359.5,1905.0,823.0,1085.0,1357.0,1878.5,2026.0,2276.0,2110.0,2550.0,2126.0,1223.0,327.0,598.5,495.0,1142.5,1853.0,2124.5,2092.0,2350.5,3399.0,2555.5,2275.0,2254.5,2073.0,2624.0,3442.5,3802.0,3664.0,3934.0,1407.0,718.0,357.0,524.0,298.0,749.0,2361.0,3193.0,3178.0,3244.0,3208.5,2511.0,988.5,1240.5,1652.0,1821.5,2008.5,2129.5,2412.5,2305.5,1567.5,737.0,325.5,463.5,235.5,691.0,2471.0,3563.0,3417.5,3688.5,1388.0,655.0,399.0,526.0,280.0,733.0,2594.0,3645.5,3629.5,3698.0,0.0,0.0,0.0,0.0,0.0,0.0,0.0,0.0,0.0,0.0,1532.5,740.0,414.0,716.0,385.5,1107.5,2974.5,3815.5,3709.5,4003.0,1598.0,798.5,416.0,799.0,515.5,1341.0,2953.0,3593.0,3792.5,3856.5,0.0,0.0,0.0,0.0,0.0,0.0,0.0,0.0,0.0,0.0,1967.5,1099.5,590.0,1021.0,974.5,1749.5,2485.5,2768.0,3024.5,3140.0,2854.5,1831.5,904.5,1255.5,1465.5,2159.5,2448.0,2671.0,2747.5,3035.5,3265.5,2175.0,831.5,1155.5,1581.5,1924.0,2146.0,2366.0,2635.0,2672.5,2470.5,1743.0,989.0,1191.5,1466.0,1754.0,1925.0,2121.0,2247.5,2304.5,0.0,0.0,0.0,0.0,0.0,0.0,0.0,0.0,0.0,0.0,3097.5,2056.0,777.5,1083.5,1452.0,1764.5,1990.5,2162.5,2441.5,2428.0,5291.5,5226.0,5198.0,5017.0,5091.0,5382.0,5274.5,5248.0,5662.0,5271.5,2372.5,1527.0,630.5,919.5,1313.0,1605.5,1729.5,1929.5,2160.5,2168.0,1996.0,1307.5,595.5,844.0,1251.5,1483.5,1649.5,1785.5,2017.0,2010.5,0.0,0.0,0.0,0.0,0.0,0.0,0.0,0.0,0.0,0.0,1721.0,1175.0,570.0,767.5,1019.0,1268.5,1383.0,1510.0,1731.5,1704.0,0.0,0.0,0.0,0.0,0.0,0.0,0.0,0.0,0.0,0.0,1185.5,1255.0,10525.0,10206.5,10198.0,10376.0,10075.5,9698.0,10093.0,9392.5,1947.5,1300.5,814.0,1052.0,1428.5,1709.5,1804.0,1993.5,2174.0,2199.5,3032.5,2260.5,951.5,1245.5,1637.5,1941.0,2069.0,2234.0,2504.0,2512.5,2219.0,1462.0,766.0,1034.5,1313.0,1647.5,1820.5,1974.5,2224.5,2234.5,1343.0,790.5,608.5,852.5,1143.0,1486.5,1654.5,1852.5,2058.0,2099.5,3215.0,2294.5,1155.0,1398.0,1735.0,2131.0,2351.5,2499.5,2695.0,2779.5,"{""type"":""MultiPoint"",""coordinates"":[]}"
201,1,2286.0,1596.0,628.0,837.0,1139.0,1365.0,1476.0,1577.0,1843.0,1781.0,4604.5,4099.5,1286.0,1796.5,2323.0,2745.0,2884.0,3057.5,3178.5,3276.0,2557.0,1882.0,650.0,887.0,1191.0,1412.0,1527.0,1677.0,1840.0,1854.0,4032.0,3380.0,1025.0,1468.0,1745.0,2259.0,2740.0,2964.0,3081.0,3100.0,2876.0,2106.0,628.0,1012.0,1175.0,1577.0,2059.0,2264.0,2496.0,2462.0,1492.0,954.0,630.0,693.0,560.0,803.0,1730.0,2313.0,2145.0,2331.0,2014.0,885.0,275.0,520.0,236.0,696.0,3523.0,5198.0,5206.0,5297.0,2657.5,1599.0,916.5,1089.0,1082.5,1518.5,3677.5,5687.0,5647.0,5794.5,1843.5,806.0,232.5,428.0,239.5,583.5,3174.0,5117.5,5270.0,5405.5,1667.5,727.0,359.5,473.0,284.5,577.5,2811.0,4502.5,4495.0,4836.5,2908.0,1876.0,2254.0,2215.5,1967.0,2300.5,4035.0,5499.5,5489.0,5793.0,2438.0,1815.0,567.0,825.0,1120.0,1333.0,1431.0,1618.0,1719.0,1767.0,2093.0,907.0,415.0,604.0,390.0,793.0,3156.0,5090.0,5016.0,5499.0,1799.0,932.0,672.0,817.0,597.5,1017.0,2641.5,3589.5,3540.0,3882.5,3003.0,1941.0,544.0,689.0,921.0,1257.0,1721.0,2101.0,2260.0,2525.0,3209.5,2399.5,563.5,683.0,937.5,1185.5,1364.5,1595.5,1715.0,1894.0,3232.0,2429.0,515.0,644.0,957.0,1175.0,1344.0,1579.0,1828.0,1907.0,3083.5,2190.0,903.0,1112.5,1480.0,1802.5,2019.0,2266.5,2306.0,2578.5,4160.0,3154.0,860.5,1142.5,1606.0,2008.5,2202.5,2426.5,2592.0,2790.5,3898.5,2697.5,2104.5,2209.0,2257.5,2747.0,3096.0,3263.0,3570.0,3508.5,3832.0,2812.0,761.0,1025.0,1312.0,1719.0,2147.0,2331.0,2609.0,2673.0,3209.5,2197.5,707.0,990.5,1174.0,1591.5,2101.0,2340.0,2397.5,2613.0,2828.0,2082.0,985.0,1208.5,1461.0,1725.0,1867.5,2019.5,2223.5,2197.5,3112.0,2150.0,647.0,902.0,1122.0,1613.0,2059.0,2200.0,2478.0,2554.0,2587.0,1701.0,1502.0,1383.0,1443.0,1738.0,1749.0,1939.0,2235.0,2167.0,3394.0,2341.0,719.0,1039.5,1522.0,1862.0,2159.0,2392.0,2645.0,2694.5,3481.5,2433.0,768.0,1060.0,1486.5,1841.5,2160.5,2339.5,2540.5,2688.0,0.0,0.0,0.0,0.0,0.0,0.0,0.0,0.0,0.0,0.0,2622.0,1919.0,808.0,988.5,1216.0,1486.0,1822.5,1981.5,2192.5,2215.0,0.0,0.0,0.0,0.0,0.0,0.0,0.0,0.0,0.0,0.0,943.0,1044.0,10720.0,10378.0,10354.0,10385.0,10254.0,9702.0,10130.0,9468.0,1520.0,1068.0,3852.0,3928.0,4149.0,4457.0,4432.5,4333.0,4444.0,4340.0,2650.5,1920.0,676.0,990.0,1290.5,1602.5,1768.0,1935.5,2104.5,2148.5,2172.0,1551.0,844.5,1050.5,1216.0,1494.5,1599.0,1732.0,1858.0,1864.0,2753.0,1927.0,674.0,1083.0,1360.0,1726.0,1895.0,2003.0,2178.0,2225.0,2430.0,1806.0,802.0,998.0,1266.0,1502.0,1643.0,1780.0,1671.0,1948.0,"{""type"":""MultiPoint"",""coordinates"":[]}"
213,1,2156.5,1509.5,569.0,815.5,1133.5,1306.0,1374.0,1460.0,1701.5,1569.0,4384.5,3884.0,1336.5,1843.0,2356.5,2696.0,2875.5,3055.0,3226.5,3247.0,3204.5,2530.0,870.5,1245.0,1645.0,1952.5,2058.5,2225.0,2328.5,2407.0,3335.5,2565.0,1130.0,1433.5,1857.5,2184.0,2313.5,2476.5,2740.5,2659.0,4999.5,4184.0,1458.5,2078.0,2388.0,3035.5,3679.0,3967.0,3901.5,4131.0,3656.0,2761.5,717.0,1195.0,1363.0,1977.5,3088.5,3506.0,3623.0,3566.5,0.0,0.0,0.0,0.0,0.0,0.0,0.0,0.0,0.0,0.0,2793.0,1777.5,498.0,753.5,610.0,1049.5,3114.5,4486.0,4615.5,4677.5,0.0,0.0,0.0,0.0,0.0,0.0,0.0,0.0,0.0,0.0,2208.5,1022.0,373.0,577.5,377.5,798.0,3077.5,4478.5,4516.0,4735.0,2163.5,1019.0,418.5,596.5,413.0,803.5,2842.5,4229.0,4294.5,4423.0,4160.5,3874.5,1133.5,1591.5,2126.0,2440.0,2552.5,2653.5,2932.5,2840.5,1977.0,954.0,365.5,539.0,354.0,755.5,2589.5,3938.5,3826.5,4098.5,2016.0,1075.5,477.5,693.0,495.5,966.5,2709.5,3559.5,3655.0,3747.0,0.0,0.0,0.0,0.0,0.0,0.0,0.0,0.0,0.0,0.0,3021.5,2293.0,668.5,837.5,984.0,1355.5,1657.5,1924.0,1978.5,2169.0,2784.0,2151.5,460.5,642.0,883.0,1142.0,1337.5,1529.5,1634.0,1772.5,0.0,0.0,0.0,0.0,0.0,0.0,0.0,0.0,0.0,0.0,4308.0,3908.5,1135.0,1582.0,2125.5,2450.0,2612.5,2797.0,2931.5,3023.0,959.5,594.5,420.0,511.5,602.5,691.5,726.5,771.5,779.5,817.0,4528.5,4043.0,1269.0,1789.0,2333.0,2630.0,2848.0,3032.0,3274.5,3242.5,3045.5,2823.0,1188.5,1394.0,1801.0,2035.5,2122.0,2282.0,2404.0,2410.5,0.0,0.0,0.0,0.0,0.0,0.0,0.0,0.0,0.0,0.0,4258.0,3956.0,1158.0,1671.0,2308.5,2605.0,2638.0,2805.5,2999.5,2939.0,0.0,0.0,0.0,0.0,0.0,0.0,0.0,0.0,0.0,0.0,2646.0,2117.5,585.5,964.5,1437.0,1608.5,1752.0,1839.5,1988.0,1974.0,2165.0,1545.0,468.5,829.0,1268.0,1504.0,1591.5,1675.0,1804.0,1821.5,0.0,0.0,0.0,0.0,0.0,0.0,0.0,0.0,0.0,0.0,2792.5,2280.0,696.0,1015.0,1459.0,1644.5,1807.0,1886.5,2062.5,2074.5,0.0,0.0,0.0,0.0,0.0,0.0,0.0,0.0,0.0,0.0,1098.5,1167.0,10130.5,9819.5,9826.0,10136.0,9738.5,9451.0,9815.0,9112.5,3237.5,2791.5,800.5,1170.0,1629.0,1883.0,2005.0,2101.5,2224.0,2274.5,4197.5,3839.0,1148.0,1633.5,2217.5,2463.5,2590.5,2771.5,2960.5,2977.5,3504.0,2876.5,917.5,1318.5,1758.0,2086.5,2207.5,2368.0,2531.0,2501.0,2733.5,2028.5,722.0,1023.5,1405.5,1657.5,1853.0,1946.5,2099.5,2132.0,4964.5,4692.0,1504.0,2031.0,2603.5,2989.0,3193.0,3356.5,3498.0,3537.0,"{""type"":""MultiPoint"",""coordinates"":[]}"
219,3,2575.0,1908.0,752.0,997.0,1254.0,1516.0,1622.0,1722.0,1915.0,1876.0,5836.0,5361.0,1966.0,2722.0,3252.0,3746.0,3817.0,3967.0,4170.0,4189.0,2766.5,2035.5,796.5,1104.0,1501.0,1720.0,1774.5,1908.5,2053.5,2096.0,3915.5,3409.5,1270.0,1749.5,2244.5,2537.5,2603.0,2765.0,2932.5,2978.0,4490.0,4068.0,1491.0,2044.0,2588.0,2894.0,3063.0,3154.0,3446.0,3421.0,0.0,0.0,0.0,0.0,0.0,0.0,0.0,0.0,0.0,0.0,2476.0,1755.0,799.0,1109.0,1202.0,1656.0,2026.0,2218.0,2305.0,2364.0,793.5,523.0,620.0,765.5,587.0,924.0,1312.0,1467.0,1391.5,1341.5,1413.5,793.5,320.0,567.5,358.0,837.5,2205.5,2836.0,2724.5,2802.5,1425.0,695.5,403.0,541.0,311.0,714.5,2555.0,3701.5,3601.5,3733.5,1695.0,1026.5,1418.0,1352.5,1091.5,1351.5,2692.0,3669.0,3636.5,3760.5,3530.0,3022.0,1068.0,1386.0,1744.0,2028.0,2107.0,2241.0,2493.0,2467.0,1528.5,727.0,374.0,495.5,285.0,686.5,2787.0,4568.5,4400.0,4750.0,1505.0,695.5,432.0,689.5,362.5,1063.5,3104.0,4374.0,4407.5,4583.5,1499.5,695.0,384.5,711.5,396.0,1155.0,3199.0,4231.5,4198.5,4494.5,1821.0,933.0,514.0,911.0,606.0,1488.0,3479.0,4311.0,4210.0,4678.0,2053.0,1114.0,605.0,1097.0,891.0,1897.0,3251.0,3669.0,3876.0,4069.0,3388.5,2445.5,1982.5,2208.0,2256.5,2843.0,3371.0,3647.5,3990.5,3979.5,2860.5,2480.5,803.5,1040.0,1364.0,1576.0,1646.0,1785.5,1926.5,1954.5,1749.5,1237.5,614.5,780.5,940.5,1193.5,1317.0,1451.5,1484.5,1576.5,2629.0,2097.0,646.0,942.0,1121.0,1412.0,1680.0,1800.0,1976.0,2004.0,3013.5,2480.5,838.5,1174.5,1393.5,1758.0,2002.0,2187.5,2313.0,2371.0,2939.0,2163.0,1045.0,1311.0,1627.0,1864.0,1988.0,2140.0,2384.0,2326.0,2350.0,1719.0,585.5,864.0,1029.0,1399.5,1681.5,1823.0,1988.0,1999.5,2910.0,2899.0,1842.0,2002.0,2201.0,2516.0,2701.0,2891.0,2556.0,3054.0,1586.0,1043.5,412.0,722.5,981.5,1252.0,1405.5,1546.0,1736.0,1695.0,1865.0,1295.0,555.0,861.0,1114.0,1419.0,1520.0,1639.5,1822.5,1846.0,0.0,0.0,0.0,0.0,0.0,0.0,0.0,0.0,0.0,0.0,1587.0,1039.0,592.0,805.0,1058.0,1299.0,1407.0,1507.0,1713.0,1697.0,0.0,0.0,0.0,0.0,0.0,0.0,0.0,0.0,0.0,0.0,1137.0,1248.0,10618.0,10338.0,10232.0,10374.0,9999.0,9642.0,10072.0,9264.0,256.0,189.0,1369.0,1656.0,1858.0,2144.0,2025.0,1977.0,2043.0,1874.0,1108.0,647.0,738.0,1138.0,1316.0,1398.0,1415.0,1529.0,1688.0,1581.0,1006.0,710.0,704.0,1027.0,1215.0,1546.0,1418.0,1534.0,1596.0,1467.0,2705.0,1948.0,784.0,1173.0,1411.0,1793.0,1906.0,2024.0,2168.0,2181.0,3554.5,2942.0,1748.0,2017.5,2222.5,2571.0,2733.5,2834.5,2928.0,3021.0,"{""type"":""MultiPoint"",""coordinates"":[]}"
231,5,425.0,260.0,617.0,802.0,977.0,1224.0,1129.0,1227.0,1351.0,1264.0,3382.0,2739.0,1095.0,1388.0,1734.0,1984.0,2143.0,2236.0,2376.0,2475.0,1211.0,712.0,670.5,812.5,941.0,1134.0,1231.5,1359.0,1434.5,1487.0,1717.0,1030.0,888.0,1065.0,1191.0,1384.0,1586.0,1672.0,1857.0,1901.0,0.0,0.0,0.0,0.0,0.0,0.0,0.0,0.0,0.0,0.0,3343.0,2621.0,1399.5,1571.0,1820.5,2040.5,2241.5,2400.5,2419.0,2651.0,2903.0,2285.0,1046.0,1234.0,1437.0,1685.0,1854.0,2051.0,2099.0,2262.0,2979.0,2378.0,1070.0,1328.0,1489.0,1717.0,1972.0,2139.0,2312.0,2344.0,0.0,0.0,0.0,0.0,0.0,0.0,0.0,0.0,0.0,0.0,2606.0,1797.0,730.0,959.0,944.0,1298.0,2346.0,2622.0,2741.0,2845.0,1984.0,1047.0,549.0,773.0,580.0,1144.0,2607.0,3150.0,3014.0,3184.0,1168.0,710.0,741.0,921.0,1168.0,1280.0,1351.0,1473.0,1641.0,1629.0,2391.0,1240.0,502.0,750.0,488.0,1100.0,3505.0,4075.0,4115.0,4359.0,2175.0,1185.0,384.0,613.0,391.0,937.0,3217.0,4166.0,4195.0,4303.0,2008.0,1046.0,458.0,601.0,470.0,917.0,2660.0,3549.0,3479.0,3918.0,1925.0,986.0,375.5,553.5,377.0,843.5,2833.5,3759.5,3580.5,3944.5,1887.5,1010.0,345.5,588.0,396.0,920.0,2691.0,3326.5,3426.0,3525.0,0.0,0.0,0.0,0.0,0.0,0.0,0.0,0.0,0.0,0.0,2614.0,1739.0,480.0,754.0,850.0,1248.0,1751.0,1988.0,2039.0,2290.0,1774.0,1192.0,493.0,570.0,631.0,855.0,984.0,1084.0,1070.0,1226.0,2573.5,1910.5,490.0,615.5,773.5,1003.5,1207.5,1404.5,1542.5,1706.5,2647.0,1974.0,548.0,675.0,800.0,975.0,1317.0,1537.0,1562.0,1690.0,0.0,0.0,0.0,0.0,0.0,0.0,0.0,0.0,0.0,0.0,2141.0,1411.0,471.0,583.0,691.0,848.0,1152.0,1244.0,1394.0,1475.0,0.0,0.0,0.0,0.0,0.0,0.0,0.0,0.0,0.0,0.0,1406.0,888.0,302.0,389.0,534.0,591.0,788.0,860.0,892.0,1066.0,1131.0,796.5,402.0,430.5,510.0,572.5,589.0,640.0,709.5,811.0,0.0,0.0,0.0,0.0,0.0,0.0,0.0,0.0,0.0,0.0,1104.0,654.0,467.0,564.0,682.0,843.0,864.0,945.0,1018.0,1088.0,0.0,0.0,0.0,0.0,0.0,0.0,0.0,0.0,0.0,0.0,934.0,998.0,11008.0,10594.0,10499.0,10543.0,10301.0,9808.0,10200.0,9647.0,0.0,0.0,0.0,0.0,0.0,0.0,0.0,0.0,0.0,0.0,725.0,490.0,474.0,596.0,760.0,860.0,977.0,1053.0,1124.0,1160.0,1762.5,1083.5,735.5,960.0,1145.5,1348.0,1457.5,1618.0,1788.5,1804.5,1204.0,680.0,681.0,861.0,1041.0,1283.0,1358.0,1487.0,1648.0,1653.0,0.0,0.0,0.0,0.0,0.0,0.0,0.0,0.0,0.0,0.0,"{""type"":""MultiPoint"",""coordinates"":[]}"
235,1,2642.0,1737.0,562.0,853.0,917.0,1483.0,2211.0,2435.0,2867.0,2789.0,4495.0,3469.0,1003.0,1330.0,1713.0,2109.0,2315.0,2527.0,2837.0,2918.0,3945.0,2913.0,933.0,1183.0,1487.0,1897.0,2072.0,2307.0,2606.0,2733.0,3773.0,2803.0,785.0,1040.0,1240.0,1652.0,2008.0,2247.0,2534.0,2604.0,3836.0,3360.0,995.0,1333.0,1557.0,1953.0,2570.0,2898.0,3015.0,3075.0,3483.0,2578.0,787.0,1100.0,1054.0,1498.0,3355.0,4162.0,4288.0,4310.0,0.0,0.0,0.0,0.0,0.0,0.0,0.0,0.0,0.0,0.0,1777.0,744.0,192.0,435.0,153.0,543.0,3422.0,5319.0,5413.0,5416.0,2819.0,2211.5,1261.0,1292.5,1165.0,1761.0,3552.0,5242.0,4832.0,5680.0,1793.5,751.5,264.5,463.5,223.0,579.0,3141.0,5236.5,5277.5,5535.5,1771.0,747.0,332.0,487.0,251.0,585.0,2980.0,5025.0,5089.0,5317.0,2928.0,2004.0,617.0,900.0,1025.0,1626.0,2320.0,2555.0,2966.0,2934.0,1842.0,751.0,298.0,512.0,316.0,709.0,3010.0,4498.0,4689.0,4928.0,3519.0,3058.0,3024.0,3143.0,2890.0,3316.5,4591.5,5321.5,5262.0,5614.5,2472.0,1383.0,463.0,768.0,706.0,1304.0,2434.0,2992.0,3144.0,3478.0,3111.0,2188.0,676.0,889.0,1072.5,1377.0,1620.5,2315.5,2037.5,2701.0,4059.0,2935.5,820.5,1121.5,1597.0,1934.0,2113.5,2357.0,2574.5,2743.0,0.0,0.0,0.0,0.0,0.0,0.0,0.0,0.0,0.0,0.0,4533.5,3417.0,974.5,1304.5,1852.5,2185.5,2338.0,2534.5,2774.0,2901.0,3898.0,2798.0,833.0,1114.0,1483.0,1813.0,2002.0,2178.0,2297.0,2497.0,3728.0,2647.5,752.0,1057.0,1330.0,1715.5,2096.5,2316.0,2549.0,2610.0,3227.0,2175.0,767.5,1075.5,1181.0,1669.0,2330.0,2535.5,2701.5,2788.0,0.0,0.0,0.0,0.0,0.0,0.0,0.0,0.0,0.0,0.0,2981.0,1874.0,556.0,866.0,920.0,1510.0,2276.0,2528.0,2824.0,2869.0,0.0,0.0,0.0,0.0,0.0,0.0,0.0,0.0,0.0,0.0,2358.0,1481.0,448.0,798.0,966.0,1622.0,2474.0,2702.0,2992.0,3016.0,2729.0,1715.0,650.5,925.5,1020.5,1636.0,2657.0,2925.5,3201.0,3202.0,0.0,0.0,0.0,0.0,0.0,0.0,0.0,0.0,0.0,0.0,2452.0,1571.0,487.0,787.0,759.0,1466.0,2636.0,2880.0,3276.0,3178.0,0.0,0.0,0.0,0.0,0.0,0.0,0.0,0.0,0.0,0.0,574.0,611.0,10678.0,10376.0,10236.0,10356.0,9985.0,9503.0,9878.0,9082.0,0.0,0.0,0.0,0.0,0.0,0.0,0.0,0.0,0.0,0.0,2914.0,2002.0,508.0,832.0,935.0,1523.0,2202.0,2416.0,2793.0,2780.0,3043.5,2021.0,669.0,1041.0,1136.0,1773.5,2362.5,2603.5,2933.0,2939.0,2911.0,1940.0,603.0,977.0,1301.0,1757.0,2023.0,2231.0,2634.0,2648.0,0.0,0.0,0.0,0.0,0.0,0.0,0.0,0.0,0.0,0.0,"{""type"":""MultiPoint"",""coordinates"":[]}"
236,5,1113.0,634.0,572.0,708.0,790.0,870.0,942.0,996.0,1087.0,1113.0,2055.0,1577.0,711.0,825.0,982.0,1127.0,1201.0,1281.0,1365.0,1413.0,1743.0,1042.0,664.0,790.0,974.0,1121.0,1150.0,1249.0,1348.0,1367.0,2045.0,1449.5,805.5,937.5,1128.5,1259.5,1346.5,1457.0,1509.5,1568.0,1825.0,1344.0,498.0,653.0,813.0,933.0,1071.0,1130.0,1239.0,1227.0,2560.0,1803.0,726.0,1007.0,1046.0,1444.0,1941.0,2144.0,2122.0,2239.0,1991.0,1129.0,598.0,800.0,603.0,1067.0,2111.0,2289.0,2354.0,2397.0,2463.0,1275.0,410.0,671.0,448.0,1056.0,3310.0,3884.0,3823.0,4028.0,2630.0,1201.0,292.0,472.0,245.0,756.0,4025.0,5360.0,5246.0,5555.0,2793.0,1259.0,417.0,614.0,296.0,873.0,4770.5,6351.5,6341.0,6607.0,2641.0,1175.0,323.0,483.0,265.0,735.0,4324.0,6262.0,6319.0,6607.0,1463.5,978.5,547.5,684.5,882.0,1000.5,1041.5,1109.5,1211.5,1214.5,2746.5,1123.5,355.0,533.0,276.0,811.0,4580.5,6610.0,6510.5,7115.0,2329.0,1130.0,304.0,541.0,263.0,930.0,4040.0,5799.0,5904.0,6194.0,2331.5,955.5,298.5,495.5,245.5,779.0,4031.5,5549.5,5458.5,5991.0,2362.5,1020.5,386.0,604.5,313.5,906.5,3825.5,5035.5,4961.5,5301.5,2073.0,1008.0,280.0,617.0,322.0,1019.0,3197.0,4008.0,3975.0,4329.0,2266.0,1167.0,408.0,804.0,580.0,1449.0,2795.0,3274.0,3438.0,3698.0,2274.5,1536.0,364.0,525.5,620.5,1019.5,1297.5,1477.0,1644.0,1798.5,1672.5,1172.0,2889.5,2673.0,2620.5,2852.0,2763.5,2753.5,2704.5,2785.0,3828.0,2720.0,676.0,938.0,1383.0,1650.0,1762.0,1923.0,2117.0,2307.0,1596.5,1258.5,402.5,473.5,627.0,714.5,765.0,838.5,882.5,925.5,1997.0,1308.0,818.0,973.0,1167.0,1248.0,1357.0,1452.0,1668.0,1549.0,1266.0,921.0,338.0,412.0,520.5,574.0,598.0,649.5,739.5,744.0,1334.0,1055.0,363.0,457.0,562.0,622.0,662.0,698.0,765.0,777.0,1151.5,781.0,286.0,414.0,547.0,594.5,631.0,691.5,803.5,793.0,1227.5,833.5,402.0,477.0,536.5,604.5,626.5,700.5,884.0,792.0,0.0,0.0,0.0,0.0,0.0,0.0,0.0,0.0,0.0,0.0,1307.5,833.0,421.5,482.5,580.5,671.5,687.5,765.0,847.0,854.5,0.0,0.0,0.0,0.0,0.0,0.0,0.0,0.0,0.0,0.0,51.0,62.0,10698.0,10435.0,10250.0,10371.0,9779.0,8895.0,9010.0,8074.0,291.0,198.0,6016.0,6084.0,6186.0,6288.0,6007.0,5712.0,5888.0,5414.0,1631.0,1030.0,583.0,739.0,936.0,1047.0,1096.5,1179.0,1293.5,1302.0,2175.0,1709.0,680.0,883.0,1121.0,1207.0,1285.0,1348.0,1499.0,1485.0,1701.0,1102.0,588.0,715.0,919.0,1028.0,1075.0,1159.0,1264.0,1291.0,1483.0,895.0,602.0,794.0,994.0,1104.0,1122.0,1189.0,1272.0,1297.0,"{""type"":""MultiPoint"",""coordinates"":[]}"
258,10,2547.0,1668.0,597.5,809.0,1022.5,1524.0,2186.5,2354.5,2715.0,2678.0,3639.0,2895.5,857.0,1180.0,1466.0,1875.0,2073.5,2243.5,2447.5,2529.0,3444.0,2631.5,829.5,1117.0,1343.0,1763.5,1995.5,2164.5,2393.5,2439.0,2870.0,2153.5,893.5,1207.0,1666.5,1889.0,2026.5,2190.0,2367.5,2389.5,0.0,0.0,0.0,0.0,0.0,0.0,0.0,0.0,0.0,0.0,2888.5,2766.0,1329.0,1498.0,1690.0,1873.5,1986.0,2142.0,2220.5,2273.0,0.0,0.0,0.0,0.0,0.0,0.0,0.0,0.0,0.0,0.0,3555.0,2812.5,932.0,1416.5,1601.0,2207.5,2817.0,3057.0,3156.5,3232.5,0.0,0.0,0.0,0.0,0.0,0.0,0.0,0.0,0.0,0.0,2844.0,1618.0,566.5,967.0,672.0,1490.0,4447.5,5320.0,5305.0,5556.0,2411.0,1347.5,1423.5,1516.5,1079.0,1717.5,4552.5,5522.5,5429.5,5669.5,2702.5,1842.5,648.0,857.5,1104.0,1648.0,2274.5,2478.0,2795.5,2747.0,2639.5,1032.5,423.5,776.5,276.0,1143.5,5725.0,7437.0,7329.5,7691.5,2486.5,985.5,458.0,728.0,297.5,1117.0,5387.5,7189.5,7191.5,7361.5,2588.5,1002.0,409.0,675.0,280.5,1023.0,5370.5,7494.0,7204.5,7709.0,2442.0,982.5,393.5,687.0,309.5,1030.5,5617.5,7520.5,7353.5,7728.5,2028.0,780.5,294.0,561.5,221.5,871.0,4928.5,6497.5,6681.0,6728.0,0.0,0.0,0.0,0.0,0.0,0.0,0.0,0.0,0.0,0.0,1939.5,763.0,258.5,488.0,199.0,793.5,4657.5,6080.5,6327.0,6318.5,2850.5,2008.0,698.0,1075.5,1304.0,1870.0,2153.5,2343.5,2487.5,2671.5,3198.0,2374.5,649.5,973.0,1318.5,1721.0,1944.0,2152.0,2411.0,2505.5,4007.0,2986.5,794.0,1062.0,1505.0,1831.0,2023.5,2325.5,2629.0,2693.0,0.0,0.0,0.0,0.0,0.0,0.0,0.0,0.0,0.0,0.0,3144.0,2493.5,631.0,883.5,1121.5,1454.0,1711.0,1881.5,2072.5,2125.0,0.0,0.0,0.0,0.0,0.0,0.0,0.0,0.0,0.0,0.0,2395.0,1652.0,458.0,776.5,809.0,1322.0,2060.0,2235.0,2469.0,2449.0,2477.5,1719.5,466.5,823.5,759.0,1370.0,2565.5,2735.5,2966.0,2910.5,0.0,0.0,0.0,0.0,0.0,0.0,0.0,0.0,0.0,0.0,2266.5,1384.5,471.0,784.0,540.0,1321.5,3006.5,3332.5,3532.5,3421.5,0.0,0.0,0.0,0.0,0.0,0.0,0.0,0.0,0.0,0.0,710.0,780.0,10363.0,10190.0,10150.5,10314.0,10005.5,9598.5,10007.5,9222.0,0.0,0.0,0.0,0.0,0.0,0.0,0.0,0.0,0.0,0.0,2662.5,1807.0,560.5,792.0,974.0,1537.5,2269.5,2521.5,2809.5,2813.5,2907.5,1993.0,697.5,1027.5,1258.5,1851.0,2255.0,2478.0,2735.5,2796.0,2978.5,2121.0,671.5,956.0,1320.0,1758.0,1934.5,2121.0,2417.5,2468.5,1477.5,957.5,667.5,794.0,880.0,984.5,1046.0,1091.5,1673.5,1131.0,"{""type"":""MultiPoint"",""coordinates"":[]}"
278,5,1914.0,1290.0,471.0,608.0,733.0,1023.0,1471.0,1588.0,1780.0,1739.0,3105.0,2588.5,886.5,1140.0,1444.0,1633.0,1743.5,1858.5,1985.5,2048.0,2313.0,1670.0,646.0,808.0,1025.0,1186.0,1316.0,1429.0,1565.0,1583.0,2351.0,1542.0,709.0,847.0,1002.0,1248.0,1519.0,1667.0,1787.0,1837.0,0.0,0.0,0.0,0.0,0.0,0.0,0.0,0.0,0.0,0.0,3559.0,2822.0,948.0,1229.0,1320.0,1744.0,2638.0,2989.0,2988.0,3167.0,0.0,0.0,0.0,0.0,0.0,0.0,0.0,0.0,0.0,0.0,2588.0,1305.0,356.0,632.0,406.0,1000.0,3325.0,4030.0,4004.0,4181.0,0.0,0.0,0.0,0.0,0.0,0.0,0.0,0.0,0.0,0.0,2217.0,993.0,321.0,481.0,244.0,724.0,3641.0,4940.0,5152.0,5230.0,2245.0,957.0,206.0,384.0,183.0,666.0,3781.0,5300.0,5269.0,5539.0,2036.0,1492.0,512.0,642.0,795.0,1065.0,1497.0,1598.0,1811.0,1767.0,2238.0,938.0,282.0,456.0,218.0,739.0,3673.0,5104.0,5010.0,5389.0,2380.0,981.0,388.0,590.0,284.0,867.0,3966.0,5308.0,5364.0,5638.0,2717.5,1413.5,787.5,987.0,719.5,1396.5,4199.5,5243.0,5190.0,5681.5,2126.5,1016.0,318.5,586.5,340.0,1014.0,3092.0,3835.5,3774.5,4220.0,2025.5,1031.0,325.0,565.5,394.5,990.0,2357.5,2823.5,3014.5,3231.5,2849.0,1919.0,410.0,586.0,805.0,1209.0,1521.0,1835.0,2085.0,2327.0,2935.0,1971.5,538.0,726.5,1048.0,1352.5,1516.0,1688.5,1908.0,2057.5,3769.0,2908.0,690.0,961.0,1336.0,1623.0,1740.0,1885.0,1988.0,2148.0,2004.5,1663.0,606.0,721.0,900.5,996.0,1045.0,1158.0,1244.5,1256.5,2548.0,2261.0,657.0,823.0,1077.0,1232.0,1267.0,1367.0,1491.0,1525.0,0.0,0.0,0.0,0.0,0.0,0.0,0.0,0.0,0.0,0.0,4467.0,4174.0,3611.0,3469.0,3558.0,3779.0,3813.0,3799.0,4031.0,3930.0,3027.0,2457.0,758.0,968.0,1257.0,1436.0,1489.0,1606.0,1679.0,1761.0,1678.0,1168.0,356.0,484.0,692.0,776.0,850.0,922.0,1069.0,1101.0,2459.0,2169.0,600.0,765.0,1019.0,1158.0,1192.0,1296.0,1416.0,1472.0,0.0,0.0,0.0,0.0,0.0,0.0,0.0,0.0,0.0,0.0,1815.0,1320.0,507.0,593.0,776.0,869.0,945.0,1019.0,1153.0,1155.0,0.0,0.0,0.0,0.0,0.0,0.0,0.0,0.0,0.0,0.0,178.0,160.0,5762.0,5881.0,5982.0,6171.0,5943.0,5490.0,5628.0,5183.0,1547.0,1041.0,737.0,660.0,728.0,798.0,822.0,942.0,1129.0,1092.0,2178.5,1561.5,618.0,777.5,1003.5,1139.0,1233.0,1319.5,1525.0,1516.0,3347.0,2890.0,873.0,1170.0,1496.0,1660.0,1749.0,1890.0,2072.0,2053.0,2101.0,1570.0,752.5,860.5,1029.5,1110.0,1118.5,1194.0,1465.5,1334.0,0.0,0.0,0.0,0.0,0.0,0.0,0.0,0.0,0.0,0.0,"{""type"":""MultiPoint"",""coordinates"":[]}"
285,4,1038.5,576.0,507.5,634.0,563.0,938.0,1338.0,1407.0,1548.5,1534.0,2222.0,1762.0,441.0,618.0,744.5,1004.5,1200.5,1282.0,1355.5,1452.5,0.0,0.0,0.0,0.0,0.0,0.0,0.0,0.0,0.0,0.0,0.0,0.0,0.0,0.0,0.0,0.0,0.0,0.0,0.0,0.0,1801.0,1310.5,394.0,489.0,617.0,705.5,823.5,908.0,993.0,1043.5,1995.5,1322.5,488.5,598.0,707.5,870.5,981.5,1085.0,1116.0,1236.0,0.0,0.0,0.0,0.0,0.0,0.0,0.0,0.0,0.0,0.0,2581.5,1869.5,527.0,726.0,746.5,1036.5,2029.0,2367.0,2273.5,2535.0,1920.5,1086.5,298.0,529.0,393.0,725.0,1955.0,2343.5,2350.0,2462.0,3104.0,2221.5,1944.0,2003.5,1782.5,2212.5,3578.5,4198.0,4091.5,4334.0,2714.0,1882.0,1900.0,1960.5,1872.5,2174.0,2767.5,3114.0,2974.5,3226.0,2182.0,1429.5,419.5,706.0,702.5,1220.5,1771.5,1858.0,2116.0,2072.5,2337.5,1180.0,529.5,838.5,491.0,1068.0,3302.0,4260.5,4075.0,4475.0,2409.5,1254.0,651.5,999.5,673.0,1372.5,3294.0,4044.0,4006.0,4377.0,531.5,266.0,306.0,377.0,247.0,435.0,885.0,1028.5,1007.0,1098.5,2465.5,1411.5,497.5,899.5,692.5,1398.0,2576.0,2950.5,2895.5,3258.5,2449.5,1412.0,428.0,845.5,728.5,1424.0,2513.0,2810.0,2817.0,3091.5,2419.0,1376.0,413.5,854.5,773.5,1488.5,2415.5,2713.0,2744.0,2969.0,2712.0,1930.0,473.0,628.0,994.0,1277.0,1447.5,1678.5,1814.5,2078.0,3101.5,2447.5,569.5,727.5,1090.5,1367.0,1546.5,1770.5,1886.0,2052.5,3010.0,2272.0,494.0,720.5,1019.5,1325.5,1564.5,1727.5,1829.5,2025.5,2528.0,1967.5,574.0,782.0,1120.0,1331.5,1447.0,1609.5,1723.0,1841.0,2454.0,1876.0,1026.5,1246.0,1410.0,1819.5,2214.5,2344.5,2404.5,2495.0,2327.0,1768.0,557.0,747.0,1106.0,1291.5,1384.0,1510.0,1673.0,1731.5,0.0,0.0,0.0,0.0,0.0,0.0,0.0,0.0,0.0,0.0,2362.0,1762.5,572.0,808.5,1175.0,1312.0,1442.0,1517.5,1759.5,1755.0,2453.5,1871.0,589.5,805.5,1148.5,1277.5,1401.5,1522.5,1658.5,1698.0,0.0,0.0,0.0,0.0,0.0,0.0,0.0,0.0,0.0,0.0,980.5,686.5,455.5,529.5,637.0,732.5,825.0,894.5,811.0,946.5,2008.5,1200.0,422.0,700.5,676.0,1225.0,1836.0,1920.0,2150.5,2126.0,0.0,0.0,0.0,0.0,0.0,0.0,0.0,0.0,0.0,0.0,164.0,146.0,8786.5,8833.5,8909.5,9232.0,8798.0,8241.5,8366.5,7763.0,2231.0,1319.0,476.5,810.5,697.5,1302.5,2074.5,2205.5,2396.0,2378.0,2167.5,1271.0,490.0,885.5,582.0,1362.0,2407.0,2556.5,2737.5,2675.5,2128.5,1266.0,445.5,892.0,619.5,1448.0,2413.5,2503.5,2716.0,2650.0,2057.0,1385.0,859.5,1047.5,789.5,1384.0,1994.0,2161.0,2475.5,2333.0,"{""type"":""MultiPoint"",""coordinates"":[]}"
319,1,2709.5,1956.5,601.5,889.0,1162.5,1506.5,1827.5,1960.5,2214.5,2219.0,3320.0,2677.0,1146.0,1570.0,1978.0,2368.0,2703.0,2945.0,3107.0,3237.0,731.0,480.0,381.0,420.0,466.0,564.0,624.0,662.0,712.0,710.0,3569.0,2607.0,1179.0,1674.0,1728.0,2380.0,3116.0,3398.0,2985.0,3698.0,3736.0,3034.5,1018.0,1429.5,1626.5,2121.5,2740.5,3017.0,3057.5,3287.0,4933.0,4132.0,1364.0,1739.0,1865.0,2484.0,3765.0,4434.0,4423.0,4723.0,2668.0,1818.0,945.0,1170.0,1091.0,1608.0,2954.0,3441.0,3427.0,3661.0,2566.0,1437.0,396.0,645.0,421.0,945.0,3216.0,4578.0,4606.0,4774.0,2040.5,1138.5,391.5,609.0,397.0,872.5,2967.5,4314.5,4423.0,4574.5,2268.0,1115.0,376.0,511.0,302.0,795.0,3142.0,4743.0,4798.0,5075.0,2296.0,1044.0,379.0,596.0,367.0,844.0,3291.0,4810.0,4782.0,5089.0,3159.0,2491.0,760.0,1023.0,1330.0,1716.0,2028.0,2149.0,2404.0,2401.0,2065.5,956.5,411.0,624.5,432.5,887.0,3013.0,4177.0,4207.0,4593.0,2237.0,1061.0,555.0,741.0,501.0,952.0,3149.0,4417.0,4468.0,4731.0,2744.0,1537.0,582.0,898.0,825.0,1329.0,2792.0,3555.0,3567.0,4015.0,2603.0,1646.0,527.0,674.0,712.0,1088.0,1897.0,2407.0,2274.0,2570.0,2701.5,1804.0,420.5,609.0,714.5,1077.5,1822.0,2031.0,2108.0,2424.5,3956.5,2598.5,872.0,1216.0,1604.0,2088.0,2777.0,3175.0,3316.5,3612.5,3650.5,2697.0,776.0,1059.5,1435.0,1744.0,1987.0,2210.0,2384.0,2527.5,3325.0,2369.0,725.0,974.0,1262.0,1646.0,2043.0,2174.0,2281.0,2493.0,3922.0,3083.0,826.0,1143.0,1420.0,1841.0,2325.0,2543.0,2733.0,2824.0,3194.0,2234.0,644.0,939.0,999.0,1522.0,2332.0,2641.0,2897.0,2943.0,1932.0,1464.0,701.0,831.0,903.0,1157.0,1501.0,1621.0,1797.0,1744.0,2907.0,2019.0,581.0,863.0,965.0,1458.0,2279.0,2561.0,2923.0,2836.0,3265.0,2331.0,726.0,1034.0,1314.0,1783.0,2283.0,2517.0,2841.0,2868.0,3123.0,2130.5,730.5,1094.5,1491.0,1901.5,2338.0,2590.5,2991.0,2942.0,3252.0,2188.5,813.0,1196.0,1597.0,2016.5,2447.0,2630.0,2994.0,3044.0,0.0,0.0,0.0,0.0,0.0,0.0,0.0,0.0,0.0,0.0,2659.0,1794.0,706.0,1030.0,1201.0,1647.0,2337.0,2548.0,2821.0,2746.0,0.0,0.0,0.0,0.0,0.0,0.0,0.0,0.0,0.0,0.0,491.0,530.0,10514.0,10292.0,10202.0,10296.0,9946.0,9446.0,9722.0,9026.0,184.0,126.0,1159.0,1445.0,1525.0,1955.0,2006.0,2080.0,2054.0,1938.0,3044.0,2273.0,655.0,942.5,1190.0,1553.5,1719.0,1900.0,2119.5,2144.0,3874.0,3156.0,875.0,1228.0,1465.0,1968.0,2280.0,2516.0,2661.0,2740.0,2867.0,2091.0,600.0,898.0,986.0,1487.0,1966.0,2129.0,2373.0,2359.0,2816.0,2005.0,685.0,998.0,1036.0,1640.0,2218.0,2357.0,2533.0,2654.0,"{""type"":""MultiPoint"",""coordinates"":[]}"
324,2,2586.0,1928.0,701.5,973.0,1282.5,1593.5,1798.5,1927.0,2186.0,2147.0,5185.0,4960.0,1559.0,2018.0,2607.0,3010.5,3145.5,3327.5,3588.0,3672.0,2428.0,1806.0,656.5,838.0,1135.0,1350.5,1457.5,1634.0,1743.0,1831.5,2689.0,2059.5,741.5,934.0,1285.0,1536.0,1663.5,1837.0,1998.0,2057.0,0.0,0.0,0.0,0.0,0.0,0.0,0.0,0.0,0.0,0.0,5448.0,4712.5,2425.5,2706.0,3102.0,3495.5,3719.5,3944.0,4202.5,4264.0,0.0,0.0,0.0,0.0,0.0,0.0,0.0,0.0,0.0,0.0,5322.5,5010.0,1674.0,2184.5,2667.0,3251.5,3612.5,3921.5,4088.5,4169.5,5752.0,4796.5,1849.0,2435.0,2752.5,3582.0,4881.0,5317.0,5325.0,5720.5,4707.5,3516.0,2066.0,2307.0,2189.5,2963.0,4843.0,5513.0,5381.0,6001.0,3691.0,2404.0,814.0,1167.5,977.0,1852.0,4620.5,5516.5,5535.5,5838.5,2806.5,2224.5,783.0,1070.0,1386.5,1691.5,1905.0,2040.0,2291.5,2254.5,373.5,138.5,210.5,222.5,99.5,240.5,1020.0,1404.0,1227.5,1295.0,2582.5,1073.0,526.0,721.0,427.5,1071.5,4758.0,6243.0,6336.0,6457.5,4235.5,3486.0,3933.5,3830.5,3307.0,4030.0,5392.0,6168.5,6157.5,6356.0,2645.5,1170.0,557.5,775.5,512.5,1331.0,4442.0,5505.0,5341.5,5983.5,2387.5,1229.0,371.5,576.0,450.0,1172.5,3138.5,3726.5,3885.5,4138.0,0.0,0.0,0.0,0.0,0.0,0.0,0.0,0.0,0.0,0.0,2627.0,1600.5,501.5,628.0,672.0,1335.0,2509.5,2896.0,3069.0,3226.0,2153.5,1848.0,1352.0,1382.0,1397.0,1643.5,1781.5,1872.5,1905.0,2076.0,3285.5,2552.5,639.5,787.5,1049.5,1312.5,1516.5,1760.5,1978.0,2115.5,3893.0,3180.0,677.0,905.5,1307.5,1634.0,1832.0,2092.5,2338.0,2541.0,0.0,0.0,0.0,0.0,0.0,0.0,0.0,0.0,0.0,0.0,3965.5,3634.5,1088.5,1433.5,1919.0,2209.0,2340.5,2522.0,2671.5,2782.5,0.0,0.0,0.0,0.0,0.0,0.0,0.0,0.0,0.0,0.0,2025.5,1507.0,398.5,606.0,919.0,1103.5,1194.5,1339.5,1485.5,1536.5,3227.5,2829.0,786.5,1061.0,1480.5,1743.0,1866.0,2077.5,2169.5,2325.0,0.0,0.0,0.0,0.0,0.0,0.0,0.0,0.0,0.0,0.0,2110.0,1626.5,556.0,733.5,986.0,1200.5,1325.0,1461.0,1618.0,1666.5,0.0,0.0,0.0,0.0,0.0,0.0,0.0,0.0,0.0,0.0,915.5,1010.0,11061.0,10643.5,10526.5,10620.0,10287.5,9870.5,10278.5,9481.0,0.0,0.0,0.0,0.0,0.0,0.0,0.0,0.0,0.0,0.0,2759.0,2162.5,760.5,1026.0,1304.5,1651.5,1938.5,2097.0,2288.5,2335.5,2764.5,2102.0,816.0,1080.0,1400.5,1646.5,1783.5,1941.0,2171.0,2206.0,2719.0,2059.5,736.5,1010.0,1401.5,1667.0,1769.0,1937.0,2166.0,2196.0,0.0,0.0,0.0,0.0,0.0,0.0,0.0,0.0,0.0,0.0,"{""type"":""MultiPoint"",""coordinates"":[]}"
331,5,1852.0,1191.0,566.0,767.0,1040.0,1308.0,1532.0,1622.0,1857.0,1901.0,4808.0,4341.5,2895.5,3157.5,3461.0,3775.5,3786.5,3872.0,4185.5,4032.5,2742.0,1808.0,831.5,1121.5,1383.0,1758.0,1928.0,2096.5,2306.5,2355.0,2695.0,1688.0,951.0,1280.0,1455.0,1881.0,1970.0,2131.0,2211.0,2376.0,2789.0,1938.0,744.0,1081.0,1333.0,1679.0,1907.0,2032.0,2229.0,2289.0,0.0,0.0,0.0,0.0,0.0,0.0,0.0,0.0,0.0,0.0,3036.5,2378.5,1453.5,1608.5,1843.0,2243.5,2523.5,2709.0,2453.0,2921.5,3408.5,2533.5,847.5,1316.0,1385.5,1990.5,2646.0,2830.0,2902.5,3026.5,4249.5,3202.0,1090.0,1591.5,1625.5,2341.5,4120.5,4637.0,4741.0,4886.5,3443.0,2224.5,647.0,984.5,842.0,1484.0,4130.5,5022.0,5113.5,5290.5,2870.0,1383.0,446.0,712.0,370.0,1064.0,4542.0,5984.0,5942.0,6112.0,2484.0,1828.0,630.0,905.0,1200.0,1473.0,1675.0,1809.0,1964.0,2021.0,2653.0,1185.5,397.0,570.5,293.5,854.0,4538.0,6056.5,6054.5,6431.5,2523.5,1484.0,1004.0,1121.0,910.5,1384.5,4138.5,5597.5,5693.5,5828.5,2289.0,949.0,343.0,490.0,254.0,728.0,3543.0,4764.0,4650.0,5049.0,2482.0,1266.0,682.0,856.0,648.0,1128.0,3300.0,4212.0,4085.0,4530.0,2051.0,994.0,339.0,636.0,341.0,993.0,2700.0,3189.0,3173.0,3432.0,1388.0,800.0,416.5,578.0,517.0,976.0,1351.0,1553.5,1610.0,1789.5,2835.0,2172.0,507.0,609.0,851.0,1062.0,1180.0,1342.0,1461.0,1573.0,2632.0,2019.0,552.0,651.0,808.0,1030.0,1073.0,1227.0,1210.0,1369.0,3461.0,2698.0,872.0,1049.0,1373.0,1630.0,1755.0,1883.0,1977.0,2121.0,3117.0,2785.0,956.0,1135.0,1426.0,1680.0,1811.0,1964.0,2060.0,2191.0,2667.0,1963.0,672.0,971.0,1266.0,1582.0,1775.0,1876.0,2058.0,2094.0,2571.5,2055.0,647.0,837.5,1086.5,1273.5,1345.5,1499.5,1609.5,1646.5,2501.5,1823.5,1366.0,1418.5,1565.0,1692.5,1718.5,1794.0,1985.0,1906.5,2262.0,1701.0,478.0,705.0,978.0,1143.0,1238.0,1333.0,1553.0,1540.0,2480.5,1938.5,519.5,772.5,1000.5,1248.0,1325.0,1434.0,1586.5,1629.5,0.0,0.0,0.0,0.0,0.0,0.0,0.0,0.0,0.0,0.0,2374.0,1746.0,596.0,770.0,973.0,1220.0,1376.0,1498.0,1634.0,1663.0,0.0,0.0,0.0,0.0,0.0,0.0,0.0,0.0,0.0,0.0,733.0,828.0,10336.0,10038.0,9782.0,9960.0,9651.0,9230.0,9532.0,8946.0,249.0,196.0,6873.0,6956.0,7138.0,7552.0,7129.0,6973.0,6949.0,6496.0,2520.0,1710.0,592.0,896.0,1168.0,1567.0,1895.0,2082.0,2283.0,2291.0,3014.0,2132.0,821.0,1166.0,1424.0,1831.0,2109.0,2277.0,2537.0,2527.0,2543.0,1768.0,696.0,991.0,1340.0,1626.0,1837.0,1983.0,2221.0,2267.0,3233.0,2484.0,876.0,1166.0,1521.0,1841.0,1967.0,2140.0,2341.0,2372.0,"{""type"":""MultiPoint"",""coordinates"":[]}"
366,1,2076.0,1357.0,462.0,735.0,1062.0,1364.0,1651.0,1812.0,2031.0,2054.0,3324.5,2797.5,1392.5,1549.5,1837.5,2214.5,2422.5,2656.0,2744.5,2867.0,0.0,0.0,0.0,0.0,0.0,0.0,0.0,0.0,0.0,0.0,3167.0,2508.0,776.0,1124.0,1308.0,1777.0,2291.0,2528.0,2629.0,2705.0,2929.0,2157.0,661.0,1043.0,1174.0,1675.0,2309.0,2522.0,2713.0,2742.0,0.0,0.0,0.0,0.0,0.0,0.0,0.0,0.0,0.0,0.0,0.0,0.0,0.0,0.0,0.0,0.0,0.0,0.0,0.0,0.0,1971.0,1139.0,1003.0,1018.0,805.0,1156.0,2699.0,3910.0,3711.0,4092.0,1644.0,758.0,212.0,414.0,226.0,559.0,3120.0,4958.0,5182.0,5111.0,2932.0,1998.0,1524.0,1744.0,1674.0,2235.0,3663.0,4550.0,4733.0,4776.0,0.0,0.0,0.0,0.0,0.0,0.0,0.0,0.0,0.0,0.0,2882.0,2236.5,634.0,952.0,1331.5,1645.5,1934.0,2144.5,2406.0,2419.0,0.0,0.0,0.0,0.0,0.0,0.0,0.0,0.0,0.0,0.0,0.0,0.0,0.0,0.0,0.0,0.0,0.0,0.0,0.0,0.0,2765.0,1605.0,398.0,715.0,847.0,1412.0,2153.0,2582.0,2789.0,3161.0,2996.0,2361.0,1366.0,1459.0,1650.0,2133.0,3070.0,3566.0,3055.0,3846.0,2832.0,1974.0,298.0,486.0,718.0,987.0,1159.0,1336.0,1410.0,1619.0,5663.5,3717.0,1298.5,1791.0,2768.0,3284.0,3559.0,4002.0,4216.0,4657.0,4620.5,3325.0,902.5,1270.5,1941.0,2323.0,2509.0,2760.5,2944.5,3212.5,0.0,0.0,0.0,0.0,0.0,0.0,0.0,0.0,0.0,0.0,4027.0,2810.0,743.0,1080.0,1467.0,1864.0,2324.0,2530.0,2695.0,2894.0,3060.5,2170.0,565.0,861.5,1211.0,1559.5,2029.5,2251.0,2418.0,2538.5,5064.0,4904.0,3136.0,3224.0,3492.0,3760.0,3966.0,4076.0,4335.0,4235.0,2716.5,2215.5,593.5,866.0,1327.0,1555.5,1696.5,1848.0,2042.5,2070.0,3074.0,2609.0,719.0,1047.0,1597.0,1834.0,1945.0,2129.0,2291.0,2324.0,3743.0,3207.5,1104.0,1492.5,2024.0,2362.0,2569.5,2757.5,2972.0,3047.0,4153.0,3824.0,1044.0,1576.0,2119.0,2583.0,2765.0,2946.0,3153.0,3243.0,0.0,0.0,0.0,0.0,0.0,0.0,0.0,0.0,0.0,0.0,2785.0,2029.0,903.0,1187.0,1489.0,1873.0,2159.0,2334.0,2630.0,2603.0,0.0,0.0,0.0,0.0,0.0,0.0,0.0,0.0,0.0,0.0,0.0,0.0,0.0,0.0,0.0,0.0,0.0,0.0,0.0,0.0,185.0,164.0,9045.0,9125.0,9245.0,9708.0,9058.0,8635.0,8623.0,7977.0,3076.5,2273.5,915.5,1213.0,1460.0,1914.5,2413.5,2615.0,2868.5,2865.5,0.0,0.0,0.0,0.0,0.0,0.0,0.0,0.0,0.0,0.0,2603.0,1933.5,659.5,948.0,1310.5,1602.5,1808.0,1975.0,2173.5,2203.5,2773.0,2166.5,751.5,1053.0,1456.0,1727.5,1929.5,2082.0,2256.5,2289.0,"{""type"":""MultiPoint"",""coordinates"":[]}"
399,1,2345.5,1641.0,613.5,816.5,1066.5,1319.5,1674.5,1753.0,2061.5,2047.5,4728.5,4385.0,1487.5,1895.5,2386.5,2689.0,2890.0,3065.0,3345.0,3354.5,2450.0,1726.5,778.0,979.5,1214.5,1466.0,1659.5,1814.0,1986.5,2034.0,2667.5,1930.0,884.5,1123.5,1276.5,1608.5,1940.5,2172.5,2319.0,2347.5,0.0,0.0,0.0,0.0,0.0,0.0,0.0,0.0,0.0,0.0,3934.0,2954.5,1043.0,1419.5,1542.0,2017.0,3364.5,3882.0,3986.0,4103.0,0.0,0.0,0.0,0.0,0.0,0.0,0.0,0.0,0.0,0.0,2166.5,1177.5,308.0,533.0,342.5,715.5,3109.0,4607.0,4753.5,4790.5,2025.5,1087.5,194.5,446.5,312.0,764.0,3119.5,4936.0,4961.0,5379.5,1954.0,1019.5,332.5,513.5,334.0,745.5,2901.5,4574.0,4645.0,4798.5,1900.0,907.0,404.5,560.0,343.0,716.0,2808.5,4291.5,4395.0,4545.0,2765.5,2253.5,714.5,958.5,1184.5,1465.5,1772.0,1882.0,2237.5,2143.0,0.0,0.0,0.0,0.0,0.0,0.0,0.0,0.0,0.0,0.0,2139.0,1276.0,526.5,660.5,567.0,868.5,2548.5,3458.0,3639.5,3693.5,0.0,0.0,0.0,0.0,0.0,0.0,0.0,0.0,0.0,0.0,2814.0,2110.5,507.5,654.5,847.5,1115.5,1501.0,1707.5,1714.5,1941.5,2828.0,2272.5,446.5,609.0,845.5,1116.0,1267.5,1433.0,1577.5,1683.0,0.0,0.0,0.0,0.0,0.0,0.0,0.0,0.0,0.0,0.0,4644.0,3573.5,970.5,1351.0,1999.0,2387.5,2570.0,2810.0,3053.0,3168.0,4455.5,3403.5,1028.0,1321.0,1724.5,2129.0,2325.0,2551.5,2595.0,2899.5,4193.5,3190.5,880.5,1210.5,1668.0,2026.5,2324.0,2527.5,2809.0,2844.0,4257.0,3287.0,896.5,1247.0,1614.5,2057.5,2475.0,2719.5,2918.5,3038.5,0.0,0.0,0.0,0.0,0.0,0.0,0.0,0.0,0.0,0.0,3858.5,2714.5,851.0,1167.0,1552.5,2005.5,2414.0,2722.0,3006.0,3065.0,0.0,0.0,0.0,0.0,0.0,0.0,0.0,0.0,0.0,0.0,2538.0,1596.5,540.0,871.5,1149.5,1534.5,2351.0,2698.0,2932.5,2971.0,3131.0,2125.0,727.5,1057.0,1362.0,1766.0,2339.0,2580.5,2943.0,2875.0,0.0,0.0,0.0,0.0,0.0,0.0,0.0,0.0,0.0,0.0,2823.5,1975.5,706.5,986.5,1176.5,1600.0,2468.5,2579.0,2965.0,2959.5,0.0,0.0,0.0,0.0,0.0,0.0,0.0,0.0,0.0,0.0,1087.5,1147.5,11066.5,10663.0,10503.5,10565.0,10234.5,9862.5,10307.5,9440.5,3354.5,2888.5,1934.5,2734.0,3087.5,3315.0,3183.5,3148.0,2772.0,3212.0,2619.0,1959.5,668.5,886.5,1091.5,1402.0,1727.0,1965.0,2238.5,2174.5,3366.5,2927.0,1062.5,1364.0,1695.5,2007.0,2447.5,2562.0,2819.5,2833.5,2421.5,1794.0,736.0,1014.5,1271.5,1584.0,2116.5,2170.5,2392.0,2401.5,3663.0,3151.5,1133.0,1428.0,1689.0,2187.0,2505.0,2678.5,2870.5,2940.0,"{""type"":""MultiPoint"",""coordinates"":[]}"
405,5,2081.0,1429.0,486.0,642.0,882.0,1006.0,1122.0,1268.0,1443.0,1406.0,3432.0,2914.0,941.5,1193.0,1550.5,1770.5,1926.0,2105.0,2263.5,2277.5,2184.0,1362.5,581.0,738.0,955.0,1164.0,1422.0,1561.5,1715.5,1737.5,2310.0,1458.0,596.0,782.0,936.0,1230.0,1659.0,1813.0,2001.0,2002.0,0.0,0.0,0.0,0.0,0.0,0.0,0.0,0.0,0.0,0.0,3202.5,2021.5,694.5,994.0,866.0,1499.5,3113.0,3574.5,3689.5,3745.5,0.0,0.0,0.0,0.0,0.0,0.0,0.0,0.0,0.0,0.0,2454.0,1231.0,277.0,542.0,285.0,869.0,3590.0,4445.0,4558.0,4634.0,2326.0,1249.0,354.0,615.0,519.0,1019.0,2928.0,3775.0,3763.0,4158.0,2123.0,1112.0,306.0,533.0,377.0,852.0,2859.0,3638.0,3832.0,3982.0,0.0,0.0,0.0,0.0,0.0,0.0,0.0,0.0,0.0,0.0,2215.0,1754.0,495.0,612.0,839.0,993.0,1112.0,1176.0,1356.0,1342.0,2172.0,999.0,299.0,481.0,264.0,750.0,3277.0,4335.0,4266.0,4701.0,1983.0,1001.0,442.0,608.0,409.0,894.0,2807.0,3601.0,3705.0,3838.0,0.0,0.0,0.0,0.0,0.0,0.0,0.0,0.0,0.0,0.0,2810.0,1818.5,512.0,762.0,752.5,1298.0,2189.5,2579.5,2538.5,2971.0,2737.0,1901.0,434.5,638.5,722.5,1125.5,1641.0,1892.0,2076.5,2219.0,0.0,0.0,0.0,0.0,0.0,0.0,0.0,0.0,0.0,0.0,2925.0,2187.0,491.0,625.5,863.0,1035.5,1202.5,1345.0,1534.5,1611.0,1728.0,1274.0,678.0,786.0,850.0,1049.0,1203.0,1322.0,1206.0,1439.0,2497.5,1731.0,483.0,707.5,733.0,1107.5,1749.5,1956.0,2139.5,2125.0,2532.0,1671.0,475.0,743.0,688.0,1138.0,2062.0,2367.0,2447.0,2463.0,0.0,0.0,0.0,0.0,0.0,0.0,0.0,0.0,0.0,0.0,2763.0,1901.0,553.0,781.0,921.0,1279.0,1732.0,1941.0,2142.0,2111.0,0.0,0.0,0.0,0.0,0.0,0.0,0.0,0.0,0.0,0.0,1940.0,1071.0,274.0,588.0,475.0,1048.0,2133.0,2419.0,2667.0,2628.0,2032.0,1092.0,278.0,608.0,488.0,1044.0,2262.0,2610.0,2799.0,2747.0,0.0,0.0,0.0,0.0,0.0,0.0,0.0,0.0,0.0,0.0,1901.0,1012.0,313.0,597.0,348.0,936.0,2557.0,3012.0,3300.0,3105.0,0.0,0.0,0.0,0.0,0.0,0.0,0.0,0.0,0.0,0.0,1111.0,1185.0,10748.0,10342.0,10274.0,10374.0,10032.0,9707.0,10134.0,9415.0,2587.0,1740.0,2209.0,1982.0,1901.0,2027.0,1971.0,1989.0,2773.0,2049.0,2442.0,1818.0,479.0,659.0,940.0,1117.0,1229.0,1335.0,1525.0,1564.0,2751.0,2126.0,692.5,864.5,1163.5,1339.5,1450.5,1591.5,1771.5,1763.0,2305.0,1542.0,502.0,675.0,972.0,1145.0,1231.0,1333.0,1552.0,1568.0,2991.0,2313.0,906.0,1089.5,1400.0,1620.5,1713.5,1850.0,1975.0,2022.5,"{""type"":""MultiPoint"",""coordinates"":[]}"
419,3,1127.0,648.0,583.0,751.0,998.0,1172.0,1334.0,1469.0,1611.0,1520.0,2287.0,1786.0,797.0,987.0,1180.5,1351.5,1473.5,1610.5,1720.5,1827.0,1891.0,1284.0,884.0,1010.0,1197.0,1353.0,1477.0,1646.0,1592.0,1714.0,2385.0,1986.0,784.0,948.0,1127.0,1326.0,1452.0,1570.0,1621.0,1732.0,3036.0,2614.0,1141.0,1366.0,1587.0,1815.0,1935.0,2083.0,2130.0,2222.0,3334.0,2806.0,1243.0,1480.0,1709.0,2005.0,2194.0,2292.0,2411.0,2505.0,4353.0,4299.0,2793.0,2796.0,2975.0,3590.0,3874.0,4182.0,3671.0,4488.0,3484.0,2971.0,1510.0,1821.0,1941.0,2344.0,2500.0,2662.0,2677.0,2802.0,5924.0,4931.0,6510.0,6235.0,5958.0,6539.0,6470.0,6347.0,6526.0,6189.0,2157.5,1133.5,354.0,651.5,323.5,972.5,3022.0,3836.0,3893.0,3923.5,0.0,0.0,0.0,0.0,0.0,0.0,0.0,0.0,0.0,0.0,1486.0,908.0,541.0,742.0,1012.0,1199.0,1342.0,1403.0,1624.0,1621.0,1754.0,767.0,410.0,563.0,300.0,808.0,3253.0,4838.0,4934.0,4985.0,1736.0,744.0,310.0,457.5,210.5,660.0,3109.5,5168.5,5156.0,5228.0,1979.0,967.0,808.0,906.0,567.0,1045.0,3229.0,5212.0,5027.0,5268.0,1450.0,682.0,371.0,665.0,320.0,1009.0,3184.0,4676.0,4656.0,5082.0,1656.5,829.5,395.5,797.0,417.5,1316.0,3667.5,4763.5,4946.5,5005.5,0.0,0.0,0.0,0.0,0.0,0.0,0.0,0.0,0.0,0.0,1998.5,1134.5,587.5,1095.5,1061.0,2008.5,3123.0,3542.5,3847.0,3926.0,2902.0,1982.0,924.0,1278.0,1807.0,2138.0,2265.0,2446.0,2519.0,2721.0,3465.0,2380.0,976.0,1334.5,1887.5,2236.5,2370.5,2584.5,2783.5,2836.5,3053.0,2273.0,852.0,1109.0,1495.0,1770.0,1878.0,2052.0,2228.0,2246.0,0.0,0.0,0.0,0.0,0.0,0.0,0.0,0.0,0.0,0.0,2685.5,1893.5,923.5,1151.5,1548.5,1817.5,2008.5,2162.0,2374.0,2410.0,3131.0,2197.0,1094.0,1390.0,1791.0,2138.0,2185.0,2375.0,2516.0,2627.0,1492.0,869.0,581.0,815.0,1286.0,1588.0,1668.0,1807.0,2063.0,2094.0,1960.0,1305.5,705.0,953.0,1326.0,1605.5,1665.0,1812.0,1967.0,2030.5,0.0,0.0,0.0,0.0,0.0,0.0,0.0,0.0,0.0,0.0,1418.0,938.0,582.0,801.0,1108.0,1355.0,1460.0,1557.0,1774.0,1793.0,0.0,0.0,0.0,0.0,0.0,0.0,0.0,0.0,0.0,0.0,363.0,409.0,10786.0,10452.0,10385.0,10422.0,10114.0,9635.0,9986.0,9221.0,0.0,0.0,0.0,0.0,0.0,0.0,0.0,0.0,0.0,0.0,1588.0,963.0,715.0,905.0,1106.0,1315.0,1428.0,1581.0,1755.0,1729.0,2558.0,1774.0,888.0,1192.0,1483.0,1709.0,1802.0,1923.0,2205.0,2110.0,1019.0,562.0,613.0,807.0,1005.0,1197.0,1345.0,1492.0,1599.0,1667.0,1661.0,953.0,882.0,1076.0,1245.0,1510.0,1533.0,1802.0,1852.0,1933.0,"{""type"":""MultiPoint"",""coordinates"":[]}"
424,5,1753.0,1263.0,548.0,676.0,891.0,1002.0,1047.0,1149.0,1303.0,1303.0,3710.0,3375.0,1100.0,1418.0,1836.0,2052.0,2146.0,2269.0,2417.0,2479.0,2373.5,1748.0,848.5,992.0,1230.0,1431.0,1535.0,1667.0,1687.0,1840.5,2566.0,2127.0,1714.0,1742.0,1828.0,2018.0,2176.0,2390.0,2440.0,2460.0,0.0,0.0,0.0,0.0,0.0,0.0,0.0,0.0,0.0,0.0,4050.0,3186.5,1019.5,1383.0,1445.5,2048.5,3120.0,3434.0,3559.5,3640.5,0.0,0.0,0.0,0.0,0.0,0.0,0.0,0.0,0.0,0.0,2847.0,1852.0,509.0,893.0,680.0,1403.0,3251.0,3766.0,3898.0,3969.0,0.0,0.0,0.0,0.0,0.0,0.0,0.0,0.0,0.0,0.0,2104.0,1212.0,463.0,686.0,497.0,1047.0,2860.0,3541.0,3600.0,3700.0,1879.0,932.0,449.0,708.0,435.0,1049.0,3201.0,4057.0,4047.0,4252.0,2210.0,1935.0,603.0,751.0,1017.0,1131.0,1167.0,1293.0,1408.0,1399.0,1929.5,1063.5,635.0,810.5,570.5,1156.0,3056.0,3806.0,3748.5,4065.5,1820.0,1100.0,412.0,687.0,507.0,1099.0,2822.0,3427.0,3486.0,3622.0,2243.0,1311.0,562.0,875.0,659.0,1440.0,3229.0,3873.0,3807.0,4174.0,2332.5,1427.0,697.5,1055.0,854.5,1600.5,3211.0,3750.5,3623.0,4040.5,2253.0,1375.0,531.0,980.0,843.5,1677.5,2846.5,3209.0,3352.0,3493.0,0.0,0.0,0.0,0.0,0.0,0.0,0.0,0.0,0.0,0.0,2999.0,2205.0,577.5,824.5,1045.0,1470.0,1813.5,2037.5,2175.0,2336.5,639.0,423.0,392.0,421.0,410.0,530.0,552.0,578.0,565.0,623.0,3812.5,2908.5,811.0,1062.0,1519.5,1826.5,1923.5,2079.0,2261.5,2442.0,3968.0,3206.0,992.0,1223.0,1723.0,1942.0,2083.0,2238.0,2415.0,2511.0,0.0,0.0,0.0,0.0,0.0,0.0,0.0,0.0,0.0,0.0,3860.5,3079.0,1049.0,1271.0,1689.0,1906.5,1978.5,2171.5,2340.0,2390.0,0.0,0.0,0.0,0.0,0.0,0.0,0.0,0.0,0.0,0.0,1367.0,1006.0,231.0,373.0,539.0,635.0,671.0,743.0,828.0,859.0,1538.0,1281.0,469.5,538.5,692.5,794.0,833.5,937.5,912.5,1036.5,0.0,0.0,0.0,0.0,0.0,0.0,0.0,0.0,0.0,0.0,1835.0,1493.0,441.0,572.0,754.0,848.0,925.0,992.0,1118.0,1124.0,0.0,0.0,0.0,0.0,0.0,0.0,0.0,0.0,0.0,0.0,979.0,1056.0,10979.0,10575.0,10534.0,10605.0,10211.0,9869.0,10284.0,9500.0,0.0,0.0,0.0,0.0,0.0,0.0,0.0,0.0,0.0,0.0,2080.0,1587.0,616.0,749.0,980.0,1114.0,1161.0,1252.0,1405.0,1413.0,2362.0,1975.5,651.0,827.5,1075.0,1224.0,1273.0,1397.5,1505.0,1553.5,2300.0,1670.5,1614.5,1635.5,1573.0,1666.0,1668.0,1776.0,2328.5,1891.0,0.0,0.0,0.0,0.0,0.0,0.0,0.0,0.0,0.0,0.0,"{""type"":""MultiPoint"",""coordinates"":[]}"
450,5,3382.0,3036.5,2213.5,2337.0,2625.5,2775.5,2804.0,2952.5,3183.5,3067.5,4628.5,4296.0,1722.5,2154.5,2635.0,3029.5,3232.0,3379.0,3511.0,3622.5,1476.0,1104.0,871.0,1200.5,1470.5,1709.0,1644.0,1794.0,1884.5,1711.0,2402.5,1751.0,1414.0,1700.5,1962.5,2271.5,2332.0,2497.0,2443.5,2544.5,4313.0,3795.0,1432.0,1927.0,2239.0,2727.0,3063.0,3231.0,3502.0,3482.0,5121.0,4604.0,1678.0,2190.0,2486.0,3150.5,3720.0,4027.0,4125.0,4222.0,0.0,0.0,0.0,0.0,0.0,0.0,0.0,0.0,0.0,0.0,4662.0,4022.0,1439.0,1908.0,2069.0,2649.0,3432.0,3713.0,3679.0,4030.0,3776.5,2908.5,1061.0,1428.0,1537.5,2085.0,3136.0,3479.0,3492.5,3739.5,3355.0,2616.0,899.0,1261.0,1375.5,1898.0,2927.0,3306.5,3405.5,3573.5,2742.0,1725.0,757.0,995.0,955.0,1501.0,2763.0,3467.0,3411.0,3554.0,2410.0,1779.5,790.5,1029.5,1360.5,1545.0,1635.0,1750.0,2025.0,1978.0,2956.0,1979.0,676.0,1001.0,839.0,1499.0,3262.0,3989.0,3960.0,4334.0,2089.0,1056.0,494.0,735.0,445.0,1022.0,3188.0,4041.0,4057.0,3989.0,2866.5,1950.0,2312.5,2339.5,2059.0,2599.0,3964.5,4654.5,4492.0,4787.5,2663.0,1628.0,1414.0,1585.5,1278.0,1865.5,3503.0,4167.0,4152.5,4320.5,2919.5,1816.0,540.5,835.5,795.0,1440.0,2609.0,3067.0,3238.0,3496.5,2823.0,1886.0,636.5,877.0,1005.5,1420.0,2134.5,2498.0,2489.0,2819.5,2863.5,2074.0,670.5,881.0,1097.0,1456.0,1872.0,2092.5,2177.0,2393.5,3074.5,2367.0,1365.5,1461.0,1641.5,2005.0,2148.5,2292.5,2348.5,2491.0,3467.0,2650.0,701.0,974.0,1214.0,1585.0,1869.0,2085.0,2265.0,2329.0,2314.0,1843.0,808.0,1089.0,1367.0,1711.0,1815.5,1886.5,2036.0,2002.0,2416.5,1999.5,1065.5,1412.5,1828.5,1998.5,2045.5,2111.0,2337.5,2208.0,2705.0,2022.0,668.0,893.0,1120.0,1392.0,1619.0,1797.0,2118.0,2055.0,538.0,324.0,505.0,410.0,398.0,474.0,470.0,567.0,580.0,586.0,1763.5,1161.5,550.0,834.5,1050.0,1285.5,1489.5,1575.0,1760.0,1699.0,1715.0,1628.0,690.0,946.0,1188.0,1466.0,1622.0,1734.0,1957.0,2018.0,0.0,0.0,0.0,0.0,0.0,0.0,0.0,0.0,0.0,0.0,883.0,593.0,734.0,938.0,1127.0,1341.0,1342.0,1413.0,1335.0,1311.0,3747.0,3380.0,2587.0,2701.0,2967.0,3195.0,3235.0,3321.0,3673.0,3515.0,1032.0,1121.0,9592.0,9526.0,9698.0,9942.0,9712.0,9304.0,9670.0,8928.0,1809.5,1339.5,1350.0,1626.0,2017.0,2258.5,2043.0,2265.0,2289.0,2306.0,2211.0,1744.0,720.0,965.0,1230.0,1417.0,1501.0,1550.0,1718.0,1726.0,1586.5,1230.0,842.0,1128.0,1470.5,1717.5,1649.5,1743.0,1839.0,1686.5,2376.0,1812.0,888.0,1124.0,1462.0,1691.0,1747.0,1886.0,2066.0,2015.0,3922.0,3649.0,1376.0,1794.0,2196.0,2430.0,2605.0,2588.0,2851.0,2868.0,"{""type"":""MultiPoint"",""coordinates"":[]}"
464,5,1008.0,612.0,526.0,687.0,988.0,1182.0,1257.0,1377.0,1573.0,1559.0,3771.0,2853.0,1002.0,1314.0,1748.0,2156.0,2337.0,2531.0,2755.0,2800.0,1903.0,1262.5,761.5,1005.0,1404.5,1658.5,1743.0,1902.0,2055.5,2120.5,2745.5,2139.0,2550.0,2683.5,2923.0,3271.5,3279.0,3385.5,3312.5,3508.0,4744.0,3734.0,1959.0,2591.0,3295.0,3599.0,3759.0,3813.0,4374.0,3938.0,4876.0,4313.0,1524.0,1911.0,2474.0,2836.0,2898.0,3107.0,3215.0,3425.0,0.0,0.0,0.0,0.0,0.0,0.0,0.0,0.0,0.0,0.0,4968.5,4111.5,1702.0,2214.5,2779.0,3210.5,3502.0,3680.0,3821.0,4027.5,5490.0,4653.0,1720.0,2322.0,2936.0,3418.0,3819.0,4017.0,4113.0,4353.0,2874.0,1734.0,661.5,950.0,1112.5,1579.0,2261.0,2456.5,2501.0,2661.0,4258.5,3148.0,2202.5,2429.5,2401.5,3029.0,4476.5,5100.0,4970.0,5258.5,1089.0,634.5,568.0,718.5,947.0,1058.0,1138.5,1211.0,1550.5,1358.5,2489.0,1190.0,660.0,777.0,536.0,1017.0,3438.0,4131.0,4107.0,4397.0,1648.5,724.0,455.5,555.5,336.0,785.0,3022.0,3990.5,3768.0,4126.5,1953.0,796.0,238.5,403.5,195.5,645.5,3563.5,4837.5,4884.5,5133.5,2349.5,957.0,373.0,515.5,277.5,769.5,3843.0,5291.0,5169.0,5635.0,1992.0,849.0,238.0,482.0,247.0,721.0,3466.0,4511.0,4609.0,4925.0,2214.5,960.0,365.0,645.0,342.5,1077.0,3715.5,4625.0,4705.5,5010.0,2442.0,1496.0,418.0,744.0,713.0,1422.0,2077.0,2440.0,2804.0,2925.0,1591.0,1014.0,344.0,410.0,537.0,736.0,829.0,965.0,1103.0,1222.0,2449.0,1699.0,360.0,506.0,701.0,900.0,1029.0,1162.0,1362.0,1438.0,1554.0,1004.0,633.0,718.0,971.0,1170.0,1256.0,1382.0,1529.0,1589.0,1938.0,1386.0,563.0,817.0,1124.0,1290.0,1418.0,1497.0,1698.0,1683.0,3320.0,2596.0,828.0,1047.0,1368.0,1584.0,1717.0,1842.0,2088.0,2045.0,404.0,236.0,385.0,311.0,323.0,367.0,393.0,422.0,468.0,460.0,1809.5,1099.5,475.0,681.0,898.5,1123.5,1270.5,1378.5,1562.5,1601.0,2183.5,1499.5,586.0,803.0,1060.5,1315.5,1429.0,1586.0,1772.5,1775.5,0.0,0.0,0.0,0.0,0.0,0.0,0.0,0.0,0.0,0.0,1838.0,1084.0,581.0,696.0,896.0,1165.0,1405.0,1503.0,1691.0,1731.0,2684.0,2384.0,1769.5,1935.0,2256.0,2505.0,2591.0,2722.5,2971.0,2878.5,1060.0,1157.0,10092.0,9914.0,10028.0,10221.0,9859.0,9508.0,9888.0,9231.0,859.0,567.5,2422.5,2452.5,2688.5,3017.5,2995.5,2921.0,3054.5,3011.5,1379.0,840.0,514.0,713.0,1019.0,1281.0,1386.0,1503.0,1702.0,1713.0,1081.5,683.5,576.5,797.5,1041.0,1333.0,1437.5,1548.5,1714.0,1706.0,1748.0,1095.0,595.0,830.0,1103.0,1393.0,1563.0,1691.0,1891.0,1850.0,3641.0,2804.0,1041.0,1368.0,1732.0,2149.0,2290.0,2477.0,2619.0,2719.0,"{""type"":""MultiPoint"",""coordinates"":[]}"
465,1,2698.0,1971.0,745.0,1034.0,1303.0,1585.0,1780.0,1907.0,2196.0,2135.0,4814.0,4327.0,1721.0,2351.0,2925.0,3295.0,3432.0,3538.0,3843.0,3759.0,2825.0,2017.0,858.0,1151.0,1553.0,1785.0,1897.0,2032.0,2193.0,2221.0,2743.0,2024.0,755.0,1152.0,1230.0,1742.0,1959.0,2074.0,2238.0,2222.0,5748.0,5394.0,2024.0,2835.0,3379.0,4022.0,4214.0,4447.0,4536.0,4619.0,3739.0,3093.0,1383.0,1829.5,1983.5,2510.0,3338.5,3583.0,3636.5,3717.5,3902.0,2708.0,1025.0,1556.0,1452.0,2236.0,3819.0,4357.0,4516.0,4625.0,2231.0,1140.0,356.0,660.0,405.0,898.0,3179.0,4118.0,4181.0,4198.0,0.0,0.0,0.0,0.0,0.0,0.0,0.0,0.0,0.0,0.0,1899.5,868.5,283.0,501.0,293.5,678.5,3150.0,4891.0,4974.5,5201.0,2893.5,2068.5,2362.5,2326.0,2045.5,2423.5,4047.0,5075.0,5077.0,5291.5,2917.0,2255.0,844.0,1176.0,1462.0,1738.0,1964.0,2109.0,2348.0,2292.0,1333.5,538.5,358.5,471.5,268.5,540.0,2246.0,3619.5,3546.0,3797.5,1827.5,812.5,347.0,552.0,333.5,743.5,2871.0,4265.5,4357.5,4628.0,2141.0,1125.0,501.0,703.0,553.0,1030.0,2720.0,3743.0,3798.0,4172.0,2269.0,1537.0,717.0,956.0,914.5,1296.5,2231.5,2715.5,2596.0,3025.0,2897.5,2081.5,436.0,630.5,857.5,1134.5,1453.5,1663.0,1886.0,2010.5,0.0,0.0,0.0,0.0,0.0,0.0,0.0,0.0,0.0,0.0,3076.5,2460.0,646.0,904.0,1270.0,1534.5,1712.5,1883.0,2024.5,2107.5,3181.0,2283.0,791.0,1111.0,1506.0,1848.0,1972.0,2136.0,2187.0,2368.0,3314.0,2444.5,794.0,1161.5,1510.0,1878.0,2156.5,2348.5,2511.0,2557.5,3209.0,2323.0,752.0,1135.0,1366.0,1821.0,2185.0,2366.0,2525.0,2587.0,0.0,0.0,0.0,0.0,0.0,0.0,0.0,0.0,0.0,0.0,3000.5,2024.0,701.5,1092.5,1192.0,1766.0,2264.0,2489.0,2700.0,2741.0,0.0,0.0,0.0,0.0,0.0,0.0,0.0,0.0,0.0,0.0,2672.0,1771.0,633.0,1015.0,1349.0,1777.0,2140.0,2357.0,2630.0,2627.0,2596.5,1741.5,703.5,1039.5,1209.0,1629.5,2059.5,2213.5,2500.0,2462.5,0.0,0.0,0.0,0.0,0.0,0.0,0.0,0.0,0.0,0.0,2753.0,1910.0,620.0,952.0,1048.0,1530.0,2244.0,2482.0,2741.0,2657.0,0.0,0.0,0.0,0.0,0.0,0.0,0.0,0.0,0.0,0.0,622.0,671.0,10578.0,10314.0,10222.0,10288.0,9945.0,9537.0,9880.0,9085.0,0.0,0.0,0.0,0.0,0.0,0.0,0.0,0.0,0.0,0.0,2826.0,2037.0,659.0,1031.0,1228.0,1651.0,2146.0,2329.0,2577.0,2562.0,2865.0,1979.5,748.5,1138.0,1217.5,1801.0,2514.0,2722.5,2937.0,2901.0,2502.0,1571.0,567.0,1018.0,1019.0,1723.0,2597.0,2817.0,3025.0,2952.0,2460.0,1742.0,900.0,1298.0,1690.0,2035.0,2162.0,2360.0,2330.0,2537.0,"{""type"":""MultiPoint"",""coordinates"":[]}"
481,3,71.0,59.0,424.0,669.0,736.0,907.0,465.0,470.0,462.0,254.0,4203.0,3531.5,2168.0,2475.0,2611.5,3127.0,3302.5,3398.5,3690.5,3597.5,2810.0,1975.0,1209.0,1560.0,1873.0,2324.0,2435.0,2658.0,2897.0,2938.0,4554.5,3909.0,1932.0,2432.0,2785.5,3345.5,3553.0,3729.0,3956.0,4018.5,4549.0,3696.0,1811.0,2353.5,2627.5,3250.5,3548.0,3626.0,3944.0,3941.0,7430.0,6737.0,3194.0,3848.0,4189.0,5137.0,5756.0,6192.0,6258.0,6545.0,0.0,0.0,0.0,0.0,0.0,0.0,0.0,0.0,0.0,0.0,2057.0,1097.0,288.0,643.0,259.0,955.0,3320.0,4161.0,4147.0,4123.0,1752.0,871.0,205.0,447.0,173.5,665.0,2836.0,4110.5,4073.5,4139.5,1905.0,818.0,478.0,526.0,275.0,595.0,3177.0,5382.0,5372.0,5657.0,1836.0,813.5,677.0,784.0,580.5,983.0,3080.5,5166.0,5166.5,5406.5,85.0,98.0,620.0,925.0,980.0,1161.0,728.0,716.0,663.0,432.0,1546.0,657.5,371.0,548.5,280.5,795.5,3136.5,5388.5,5287.0,5759.0,1632.5,741.5,488.0,760.5,414.5,1065.5,3487.5,5268.0,5430.5,5610.5,1802.0,839.5,371.5,717.0,346.5,1100.5,3644.5,5217.5,5200.0,5555.0,2173.0,1059.0,506.0,902.0,457.0,1387.5,3974.0,5171.5,5092.5,5554.0,2460.5,1288.5,521.0,1140.5,669.5,1890.5,3957.0,4585.5,4795.5,4922.5,2957.0,1840.0,673.5,1125.5,1206.0,2014.0,2867.0,3246.5,3390.5,3609.0,3007.0,2120.0,665.0,910.0,1200.0,1524.0,1823.0,1986.0,2236.0,2262.0,2299.0,1509.0,623.0,803.5,915.0,1284.5,1720.0,1945.5,2023.5,2229.0,2696.0,1674.0,525.0,772.0,864.0,1255.0,1851.0,2082.0,2183.0,2374.0,2151.0,1262.0,453.0,673.0,710.0,1119.0,1721.0,1954.0,2213.0,2190.0,889.0,768.0,805.5,1051.0,944.5,1315.5,1056.5,1080.5,1084.5,935.0,2051.5,1212.0,357.5,595.5,607.5,1055.0,1743.5,1963.5,2196.0,2243.0,2214.0,1312.0,367.0,663.0,711.0,1307.0,1825.0,2017.0,2262.0,2318.0,2083.5,1249.5,393.5,654.0,931.0,1317.5,1600.0,1783.0,2083.0,2113.5,2408.0,1458.0,512.0,765.0,1154.0,1410.0,1549.0,1742.0,1961.0,2086.0,0.0,0.0,0.0,0.0,0.0,0.0,0.0,0.0,0.0,0.0,1790.0,1242.0,448.0,628.0,884.0,1073.0,1174.0,1283.0,1476.0,1497.0,0.0,0.0,0.0,0.0,0.0,0.0,0.0,0.0,0.0,0.0,492.0,522.0,10560.0,10400.0,10288.0,10313.0,9962.0,9496.0,9874.0,9056.0,150.0,129.0,7001.0,7005.0,7137.0,7517.0,7030.0,6800.0,6903.0,6362.0,2880.5,2068.0,1153.5,1528.0,1823.0,2204.5,2360.0,2501.5,2791.5,2759.0,3759.0,2998.0,1350.0,1828.0,1911.0,2547.0,2859.0,3016.0,3327.0,3215.0,2483.0,1648.0,1040.0,1473.0,1621.0,2184.0,2397.0,2554.0,2810.0,2770.0,2868.0,2023.0,1236.0,1516.0,1927.0,2135.0,2257.0,2372.0,2569.0,2600.0,"{""type"":""MultiPoint"",""coordinates"":[]}"
484,5,2221.0,1654.0,610.0,765.0,996.0,1147.0,1227.0,1342.0,1525.0,1520.0,3463.0,3026.0,997.0,1283.0,1621.0,1832.0,1988.0,2121.0,2275.0,2331.0,2148.0,1496.0,655.0,768.0,988.0,1154.0,1230.0,1351.0,1495.0,1540.0,2358.0,1791.0,646.0,772.0,995.0,1146.0,1226.0,1337.0,1467.0,1510.0,3848.0,3467.0,1119.0,1434.0,1819.0,2054.0,2159.0,2258.0,2429.0,2488.0,3866.0,3455.0,1186.0,1442.0,1796.0,2036.0,2096.0,2274.0,2339.0,2458.0,0.0,0.0,0.0,0.0,0.0,0.0,0.0,0.0,0.0,0.0,4257.5,3510.5,1219.0,1587.0,1814.0,2295.5,2845.0,3067.0,3074.0,3332.0,1398.0,970.0,994.0,985.0,794.0,1042.0,1434.0,1585.0,1463.0,1582.0,2902.0,1736.0,447.5,751.5,565.5,1135.5,3432.0,4083.0,4069.0,4248.5,3302.0,2102.0,720.0,1030.0,876.0,1536.0,4164.0,5253.0,5403.0,5344.0,2425.0,1965.0,680.0,813.0,1044.0,1221.0,1321.0,1392.0,1571.0,1581.0,2933.0,1311.0,630.0,805.5,410.5,1015.0,4972.0,6714.5,6735.5,7062.5,2627.0,1121.0,409.0,539.0,282.0,778.0,4397.0,6268.0,6321.0,6647.0,0.0,0.0,0.0,0.0,0.0,0.0,0.0,0.0,0.0,0.0,2341.0,1165.0,786.5,908.0,681.0,1065.5,3502.0,4560.0,4683.5,4838.5,2170.5,1021.0,266.0,562.0,298.0,951.5,3586.0,4452.0,4674.5,4826.0,0.0,0.0,0.0,0.0,0.0,0.0,0.0,0.0,0.0,0.0,2988.0,2221.5,478.5,644.5,938.5,1182.0,1318.0,1479.0,1671.0,1776.0,2968.0,2307.0,491.0,640.0,865.0,1064.0,1158.0,1288.0,1359.0,1496.0,2589.5,2223.0,630.0,809.5,1071.5,1222.0,1317.0,1403.5,1497.0,1590.0,2671.0,2351.0,714.0,871.0,1155.0,1347.0,1395.0,1493.0,1589.0,1655.0,0.0,0.0,0.0,0.0,0.0,0.0,0.0,0.0,0.0,0.0,2366.5,2005.0,636.5,778.0,1003.0,1142.5,1223.0,1338.5,1437.0,1475.0,2370.0,1957.0,656.0,838.0,1013.0,1194.0,1296.0,1388.0,1447.0,1534.0,1515.0,1048.0,349.0,500.0,642.0,790.0,952.0,1042.0,1157.0,1184.0,2280.5,1764.0,659.5,804.5,950.0,1153.5,1361.5,1463.5,1599.0,1621.5,0.0,0.0,0.0,0.0,0.0,0.0,0.0,0.0,0.0,0.0,1811.0,1165.0,447.0,624.0,606.0,932.0,1461.0,1598.0,1746.0,1721.0,0.0,0.0,0.0,0.0,0.0,0.0,0.0,0.0,0.0,0.0,109.0,138.0,14376.0,13166.0,12254.0,12121.0,11419.0,10626.0,10842.0,9744.0,0.0,0.0,0.0,0.0,0.0,0.0,0.0,0.0,0.0,0.0,2536.0,1920.0,738.0,885.0,1128.0,1321.0,1427.0,1540.0,1715.0,1694.0,2549.0,2060.0,631.0,835.0,1076.0,1213.0,1349.0,1451.0,1598.0,1631.0,2208.0,1557.0,590.0,741.0,953.0,1139.0,1245.0,1362.0,1490.0,1517.0,1757.0,1155.0,560.0,727.0,927.0,1127.0,1236.0,1309.0,1410.0,1512.0,"{""type"":""MultiPoint"",""coordinates"":[]}"
495,5,2909.5,2228.0,827.0,1097.0,1455.5,1671.5,1842.5,1995.0,2280.5,2262.5,3385.5,2778.0,1129.0,1469.5,1689.5,2069.5,2358.0,2499.0,2685.0,2723.0,2950.5,2204.5,822.5,1142.5,1368.0,1782.0,2066.5,2239.5,2398.0,2448.0,3003.5,2220.0,856.5,1194.5,1372.0,1825.0,2222.0,2416.5,2586.0,2615.0,2868.5,2275.0,835.0,1156.5,1434.0,1708.5,1876.0,2026.0,2160.5,2240.0,3988.5,3367.0,1370.0,1730.0,2022.5,2401.0,2949.5,3286.5,3268.0,3539.5,0.0,0.0,0.0,0.0,0.0,0.0,0.0,0.0,0.0,0.0,2915.0,1760.5,548.5,1022.5,787.0,1600.0,3244.5,3963.5,3904.5,4326.5,2062.5,1178.5,319.5,613.0,424.5,909.5,2915.5,3696.5,3681.0,3926.0,2433.5,1057.0,356.0,615.5,277.0,904.5,4215.0,5450.0,5689.5,5645.0,3264.5,2016.5,2068.0,2054.5,1745.0,2273.0,4749.5,6055.5,6026.0,6169.0,3146.0,2564.0,977.5,1253.0,1614.0,1897.0,2071.5,2236.0,2495.0,2461.5,3317.5,2101.0,1322.5,1490.0,1356.0,1926.5,4422.5,5835.5,5698.0,6149.5,2603.5,1131.0,402.5,570.0,284.5,828.0,4546.5,6332.0,6530.5,6588.0,2409.0,1057.0,386.0,539.0,319.5,806.0,3970.0,5646.0,5789.5,5900.0,2534.5,1133.5,362.0,596.0,369.5,916.0,3820.0,5318.0,5302.0,5545.0,2316.5,1138.0,337.0,548.5,318.0,955.0,3483.0,4137.5,4480.5,4341.5,2970.0,2133.5,1791.0,1921.0,1821.0,2505.5,3682.0,4140.5,4174.5,4343.5,2629.0,1893.5,499.0,788.5,892.0,1420.0,1750.0,1982.5,2073.0,2255.0,2971.0,2220.5,739.0,829.0,998.0,1242.5,1424.0,1552.0,1587.5,1741.5,3589.5,2740.5,830.5,1083.5,1497.0,1744.5,1901.5,2055.5,2284.5,2289.0,3620.0,2785.5,858.0,1119.5,1482.0,1770.0,1894.0,2045.5,2164.5,2273.0,1064.0,817.5,470.0,527.0,593.5,657.5,769.0,799.0,885.5,861.5,3425.5,2650.5,843.5,1059.0,1321.0,1529.0,1687.0,1831.5,2048.0,2030.5,4374.0,4194.5,3382.5,3410.0,3556.0,3898.5,3999.0,4067.5,4438.5,4120.5,2050.0,1516.0,450.0,670.5,982.0,1145.5,1198.0,1323.5,1500.0,1527.5,2462.0,1865.0,627.0,882.0,1175.0,1397.5,1478.5,1617.0,1773.5,1829.0,3300.0,2861.5,2439.5,2406.5,2608.5,3021.0,3062.5,3219.5,3045.5,3382.5,2566.5,1884.0,779.5,1010.0,1257.5,1473.5,1725.0,1830.0,2058.0,2051.5,0.0,0.0,0.0,0.0,0.0,0.0,0.0,0.0,0.0,0.0,1019.5,1142.0,10887.5,10461.5,10415.0,10516.5,10181.5,9736.5,10184.0,9418.5,834.5,562.5,761.0,940.5,1121.0,1348.5,1338.5,1401.0,1473.5,1408.5,3100.0,2379.5,797.0,1115.5,1421.0,1775.0,2135.0,2333.5,2525.5,2545.5,2843.5,2181.5,859.0,1075.0,1392.0,1590.0,1754.0,1900.0,2082.5,2131.5,2897.0,2169.0,798.5,1112.5,1419.0,1687.5,1862.5,2008.0,2223.0,2234.5,4160.0,3282.5,1404.0,1804.5,2226.5,2584.5,2760.0,2893.0,3052.5,3122.5,"{""type"":""MultiPoint"",""coordinates"":[]}"
496,3,1488.5,976.0,548.5,752.5,974.0,1129.0,1212.5,1305.5,1475.5,1470.0,3545.0,3348.0,1042.5,1372.5,1729.5,1934.5,2015.0,2135.0,2269.5,2303.5,2043.0,1436.5,671.5,830.5,1036.0,1196.5,1261.0,1374.5,1488.5,1513.5,2629.5,1923.0,947.5,1123.5,1386.5,1575.0,1611.5,1786.0,1929.0,1970.5,4701.5,4361.5,1562.0,2065.0,2508.5,2917.5,2999.5,3088.5,3065.5,3307.0,3482.0,2956.0,1250.5,1581.0,1896.5,2151.0,2132.0,2259.0,2502.5,2359.5,0.0,0.0,0.0,0.0,0.0,0.0,0.0,0.0,0.0,0.0,1156.0,826.0,768.0,1110.0,932.5,1519.0,1707.0,1836.0,1829.0,1810.5,0.0,0.0,0.0,0.0,0.0,0.0,0.0,0.0,0.0,0.0,1183.0,595.0,573.0,689.0,466.0,835.5,2105.0,2840.0,2697.5,2771.5,1279.0,612.5,440.5,557.0,389.0,725.5,2219.0,3450.5,3280.0,3442.0,2079.5,1727.0,524.0,674.5,908.0,1052.0,1090.0,1187.0,1341.0,1345.0,1025.0,460.5,331.0,402.5,247.0,502.0,2000.5,3483.0,3286.5,3566.0,1308.0,652.0,411.0,556.0,379.0,795.5,2493.5,3673.5,3517.0,3816.5,0.0,0.0,0.0,0.0,0.0,0.0,0.0,0.0,0.0,0.0,1589.0,735.5,660.0,873.5,620.5,1361.5,3251.5,4267.0,4076.0,4485.0,1519.5,762.5,397.5,781.0,546.0,1391.5,3059.5,3735.5,3869.5,4032.0,0.0,0.0,0.0,0.0,0.0,0.0,0.0,0.0,0.0,0.0,1256.5,780.5,472.5,657.0,777.0,1149.0,1437.0,1636.0,1739.0,1874.5,0.0,0.0,0.0,0.0,0.0,0.0,0.0,0.0,0.0,0.0,3272.0,2390.5,789.5,1150.5,1598.0,1999.0,2225.5,2414.5,2646.0,2707.0,3770.5,2806.5,1021.5,1351.5,1844.0,2248.0,2472.5,2689.0,2961.5,3084.0,0.0,0.0,0.0,0.0,0.0,0.0,0.0,0.0,0.0,0.0,3870.0,2855.5,1022.5,1461.5,2099.5,2446.5,2593.0,2795.0,3100.5,3140.5,6088.0,5407.5,5891.5,5620.5,5611.5,5967.0,5727.5,5596.5,5671.5,5647.0,868.5,544.5,316.0,478.5,763.0,877.0,927.5,1017.5,1133.5,1155.0,1528.0,1046.0,417.0,639.5,954.5,1083.5,1126.0,1236.0,1419.0,1393.0,0.0,0.0,0.0,0.0,0.0,0.0,0.0,0.0,0.0,0.0,743.0,447.0,439.5,601.0,846.5,998.0,1014.5,1103.0,1238.0,1227.0,0.0,0.0,0.0,0.0,0.0,0.0,0.0,0.0,0.0,0.0,1033.0,1136.5,10262.0,10064.0,10173.0,10333.5,10036.0,9671.0,10099.0,9382.0,0.0,0.0,0.0,0.0,0.0,0.0,0.0,0.0,0.0,0.0,2416.0,1914.0,647.5,874.0,1111.5,1268.5,1385.5,1494.0,1629.5,1637.0,2300.5,1711.0,697.0,919.5,1154.5,1321.5,1403.0,1511.0,1670.0,1653.5,2005.5,1378.5,608.0,852.5,1097.0,1283.5,1339.0,1461.5,1600.0,1597.0,4665.0,4545.5,1580.0,2041.0,2499.0,2802.0,2845.5,3015.5,3149.5,3221.5,"{""type"":""MultiPoint"",""coordinates"":[]}"
505,5,2276.5,1595.5,657.5,840.0,1146.0,1234.5,1405.5,1552.5,1799.5,1897.5,4630.5,3465.5,1631.5,2124.5,2512.0,3036.0,3330.0,3587.0,3783.5,3828.5,2855.0,2106.5,843.5,1095.0,1473.0,1698.0,1790.5,1932.5,2090.5,2167.0,2957.0,2169.0,1010.5,1273.5,1615.5,1868.5,2028.0,2183.0,2366.0,2391.5,3306.5,2646.0,1034.5,1380.5,1763.5,2073.0,2212.0,2340.0,2515.0,2576.5,1952.5,1691.0,972.5,1042.0,1138.0,1309.0,1451.0,1568.0,1533.0,1631.5,0.0,0.0,0.0,0.0,0.0,0.0,0.0,0.0,0.0,0.0,3611.0,2501.0,1303.5,1604.0,1552.5,2172.5,3122.0,3557.5,3677.5,3902.0,5769.0,4338.5,1422.5,1930.0,2609.5,3337.5,3938.5,4450.5,4517.5,5028.0,4122.0,3054.0,789.0,1226.0,1562.0,2139.5,2935.5,3280.5,3584.0,3736.0,3062.0,1976.5,610.5,922.5,692.0,1343.5,3114.0,3766.0,3673.5,3880.0,2850.5,2366.0,936.5,1161.5,1479.0,1755.5,1858.5,1965.0,2129.5,2141.0,3941.0,3033.0,751.0,1038.5,1195.0,1759.5,2649.5,3040.0,3096.5,3456.5,3688.5,2736.0,749.0,1002.0,1100.5,1587.5,2795.5,3207.0,3348.0,3608.0,3806.0,2079.5,904.0,1147.5,855.5,1619.0,4385.5,4965.0,5004.5,5054.0,2837.5,1467.5,398.5,640.5,408.0,963.0,3760.5,4722.0,4678.5,5219.5,2134.5,1043.0,384.5,537.0,431.5,855.5,3394.0,4439.5,4404.0,4661.5,2051.0,1001.0,238.0,503.0,331.0,845.0,3296.5,4283.5,4335.0,4497.5,2440.0,1212.0,430.0,644.0,416.0,1011.5,3680.0,4581.5,4721.5,4672.0,1976.5,961.0,412.5,852.5,498.0,1435.5,3208.0,3716.0,3715.5,3958.0,2477.0,1433.5,459.0,881.0,823.5,1596.5,2526.0,2760.0,2835.0,2928.5,3357.0,2577.0,664.0,856.5,1177.0,1397.5,1580.0,1791.0,1964.0,2112.0,2675.5,2365.0,1038.0,1189.5,1488.5,1823.0,1896.0,2086.5,1913.5,2248.0,3972.5,3030.0,905.5,1197.5,1639.0,1866.0,1987.5,2167.5,2399.0,2529.5,0.0,0.0,0.0,0.0,0.0,0.0,0.0,0.0,0.0,0.0,2391.0,1816.5,547.5,797.5,1151.5,1326.5,1394.5,1527.5,1725.5,1744.0,2766.0,2183.5,702.5,1002.0,1375.5,1578.0,1673.0,1795.5,1978.0,1996.5,2136.0,1632.0,2642.5,2201.0,2190.0,2473.5,2509.0,2605.0,2270.5,2653.5,2871.5,2235.5,893.0,1167.0,1535.0,1771.0,1818.0,1986.5,2218.0,2228.5,0.0,0.0,0.0,0.0,0.0,0.0,0.0,0.0,0.0,0.0,941.0,1049.0,10522.0,10193.0,10173.0,10273.0,9990.0,9598.0,9991.0,9288.5,1568.0,1101.5,777.5,934.5,1201.5,1336.5,1393.0,1485.5,1661.5,1668.0,3469.0,2702.5,1084.0,1413.0,1799.0,2145.5,2236.5,2378.0,2522.0,2599.0,2767.5,2072.0,878.0,1132.5,1452.5,1732.5,1887.5,2029.5,2200.0,2264.0,2685.0,1987.5,810.5,1146.5,1464.0,1753.0,1927.0,2058.5,2237.0,2281.0,3258.0,2496.0,1055.0,1384.0,1695.5,2123.5,2383.0,2560.0,2694.0,2785.5,"{""type"":""MultiPoint"",""coordinates"":[]}"
506,5,93.0,77.0,320.5,377.5,449.5,485.0,344.5,381.0,391.0,282.5,3381.5,2874.5,1126.0,1386.5,1722.0,1977.0,2062.0,2215.0,2297.5,2391.5,1117.5,652.5,534.5,626.0,782.5,925.0,956.0,1058.5,1099.5,1172.0,1502.0,884.5,805.0,916.5,1129.5,1270.5,1372.0,1511.5,1620.0,1629.5,0.0,0.0,0.0,0.0,0.0,0.0,0.0,0.0,0.0,0.0,2970.0,2682.5,2040.5,1702.5,1588.5,1712.0,1683.0,1823.0,2641.0,1942.0,0.0,0.0,0.0,0.0,0.0,0.0,0.0,0.0,0.0,0.0,0.0,0.0,0.0,0.0,0.0,0.0,0.0,0.0,0.0,0.0,0.0,0.0,0.0,0.0,0.0,0.0,0.0,0.0,0.0,0.0,2310.5,1779.0,802.0,970.0,1117.5,1331.0,1511.5,1610.0,1645.0,1731.0,2537.0,1778.5,1698.0,1713.5,1617.5,2005.5,2548.5,2896.5,2982.0,2984.0,267.0,223.0,512.5,645.5,788.5,841.5,732.5,750.0,799.5,692.5,2617.5,2044.5,781.0,1005.5,996.5,1415.0,1910.0,2102.5,2033.5,2236.0,2463.5,1941.0,741.5,926.0,959.0,1333.0,1954.0,2179.0,2191.0,2272.0,0.0,0.0,0.0,0.0,0.0,0.0,0.0,0.0,0.0,0.0,1819.0,1070.0,477.0,641.5,575.5,968.5,1713.5,2085.5,2001.0,2173.0,1707.5,993.5,412.5,604.0,519.0,923.5,1977.0,2402.0,2490.5,2496.0,0.0,0.0,0.0,0.0,0.0,0.0,0.0,0.0,0.0,0.0,2066.5,1303.0,443.0,644.5,539.0,978.0,2131.5,2453.0,2589.5,2690.0,2556.0,1791.5,1164.0,1262.0,1274.0,1668.0,2076.5,2266.0,2254.5,2481.5,2329.0,1715.5,470.5,633.0,783.0,1050.5,1310.0,1471.0,1628.0,1730.0,2610.5,2092.0,594.0,732.0,952.0,1170.5,1335.0,1473.5,1617.0,1726.0,0.0,0.0,0.0,0.0,0.0,0.0,0.0,0.0,0.0,0.0,2646.0,2181.5,603.0,797.0,1090.5,1272.0,1354.0,1476.0,1590.0,1661.0,0.0,0.0,0.0,0.0,0.0,0.0,0.0,0.0,0.0,0.0,197.0,134.5,469.0,722.5,941.5,1176.5,1111.0,1170.5,1287.0,1238.0,901.0,572.0,591.5,809.0,1029.0,1244.5,1280.5,1417.5,1555.5,1550.0,0.0,0.0,0.0,0.0,0.0,0.0,0.0,0.0,0.0,0.0,56.0,49.5,918.0,1125.0,1172.5,1213.0,855.5,847.0,816.5,612.5,0.0,0.0,0.0,0.0,0.0,0.0,0.0,0.0,0.0,0.0,973.5,1047.0,11075.5,10605.0,10503.0,10570.0,10262.5,9887.5,10348.0,9496.5,2297.5,2136.0,1934.0,2170.5,2167.0,2222.5,2124.0,2106.5,2392.0,2172.5,2020.0,1382.5,715.0,922.5,1185.0,1389.5,1439.0,1565.5,1735.5,1752.5,2319.0,1625.5,800.5,1029.5,1273.0,1499.0,1603.0,1723.0,1878.0,1897.0,1631.0,1016.5,660.5,838.5,1066.0,1284.5,1334.0,1463.5,1596.0,1635.0,2408.5,1862.0,966.5,1171.0,1418.0,1574.0,1604.0,1723.5,1904.5,1856.5,"{""type"":""MultiPoint"",""coordinates"":[]}"
523,3,1283.0,749.0,405.0,578.0,741.0,956.0,1104.0,1203.0,1379.0,1418.0,3139.0,2664.0,806.0,1089.0,1460.0,1677.0,1821.0,1939.0,2014.0,2113.0,0.0,0.0,0.0,0.0,0.0,0.0,0.0,0.0,0.0,0.0,0.0,0.0,0.0,0.0,0.0,0.0,0.0,0.0,0.0,0.0,5417.0,4998.0,1933.0,2605.0,3273.0,3637.0,3812.0,3977.0,4294.0,4188.0,0.0,0.0,0.0,0.0,0.0,0.0,0.0,0.0,0.0,0.0,0.0,0.0,0.0,0.0,0.0,0.0,0.0,0.0,0.0,0.0,5245.0,4476.0,1494.0,2054.0,2266.0,2927.0,3478.0,3896.0,3963.0,4358.0,1544.0,1294.0,710.5,1248.0,1259.0,1673.5,2194.5,2491.0,2470.5,2558.0,1218.5,595.5,274.5,419.0,239.5,607.0,2394.5,3443.0,3466.5,3545.5,0.0,0.0,0.0,0.0,0.0,0.0,0.0,0.0,0.0,0.0,2701.0,2168.0,1015.5,1171.0,1351.0,1572.0,1803.0,1944.0,2126.0,2132.5,1205.0,516.0,377.5,460.0,243.0,573.0,2615.0,4116.0,4053.0,4306.5,0.0,0.0,0.0,0.0,0.0,0.0,0.0,0.0,0.0,0.0,865.0,401.0,191.0,305.0,160.0,438.0,1819.0,2687.0,2614.0,2958.0,1287.0,632.0,472.0,743.0,426.0,1215.0,3025.0,3756.0,3747.0,4012.0,0.0,0.0,0.0,0.0,0.0,0.0,0.0,0.0,0.0,0.0,2555.0,1781.0,1280.0,1590.0,1454.0,2306.0,3337.0,3717.5,3710.5,3996.0,2438.5,1732.0,1201.5,1540.0,1610.0,2277.5,2824.0,3055.0,3126.5,3244.5,2124.0,1410.0,554.0,752.0,1145.0,1454.0,1608.0,1825.0,1952.0,2112.0,3992.0,2952.0,1000.0,1376.0,2009.0,2416.0,2653.0,2844.0,2948.0,3156.0,2413.0,2197.0,567.0,698.0,997.0,1241.0,1303.0,1454.0,1574.0,1690.0,5016.0,4661.0,4312.0,4176.0,4232.0,4444.5,4458.5,4496.5,5068.0,4528.5,2114.0,1581.0,614.0,836.0,1210.0,1416.0,1503.0,1655.0,1845.0,1891.0,0.0,0.0,0.0,0.0,0.0,0.0,0.0,0.0,0.0,0.0,1675.0,1090.0,556.0,843.0,1254.0,1445.0,1563.0,1694.0,1966.0,1971.0,2817.0,2063.0,859.0,1181.0,1619.0,1904.0,1946.0,2089.0,2300.0,2382.0,0.0,0.0,0.0,0.0,0.0,0.0,0.0,0.0,0.0,0.0,1608.0,1304.0,1336.0,1381.0,1528.0,1682.0,1788.0,1863.0,2142.0,1989.0,0.0,0.0,0.0,0.0,0.0,0.0,0.0,0.0,0.0,0.0,948.0,998.0,9984.0,9952.0,10010.0,10232.0,9875.0,9491.0,9992.0,9157.0,1850.5,1516.5,1367.5,1563.5,1798.5,1918.5,2081.0,2221.0,2369.0,2348.0,2486.0,1785.0,676.0,917.0,1144.0,1391.0,1606.0,1735.0,1925.0,1927.0,2552.0,1902.0,771.0,1014.0,1169.0,1472.0,1764.0,1839.0,2028.0,2059.0,2658.5,1985.5,759.0,1060.0,1306.0,1603.0,1766.5,1894.5,2067.5,2068.0,4151.0,3636.0,1245.0,1644.5,2027.0,2366.0,2472.5,2613.0,2848.5,2859.0,"{""type"":""MultiPoint"",""coordinates"":[]}"
528,1,2004.5,1206.5,343.5,604.0,567.0,1337.5,2308.0,2525.5,2910.5,2892.0,2994.0,2201.0,739.0,1137.0,1211.0,1987.0,2250.0,2423.0,2549.0,2657.0,2914.0,2101.0,781.0,1157.0,1268.0,1925.0,2218.0,2390.0,2567.0,2600.0,2948.5,2036.0,623.0,1010.0,878.0,1665.5,2435.0,2687.0,2777.0,2815.5,2347.0,1413.0,442.0,815.0,653.0,1368.0,2340.0,2622.0,2759.0,2731.0,3450.0,2568.0,1453.0,1649.0,1524.0,2069.5,3937.0,4819.0,4840.0,4913.5,2352.0,1380.0,1362.0,1420.0,1153.0,1596.0,3793.0,5071.0,4467.0,5381.0,1846.0,907.0,375.0,596.0,411.0,922.0,3507.0,5763.0,5880.0,6007.0,1819.5,918.5,309.0,494.5,364.5,726.5,2925.0,4475.0,4555.0,4754.0,1811.0,879.0,389.5,500.0,326.0,700.0,2676.0,4100.5,4206.5,4464.0,2360.0,1403.0,484.0,712.0,588.0,1064.0,2832.0,3771.0,3878.0,4253.0,2069.0,1281.0,339.0,595.0,606.0,1380.0,2204.0,2449.0,2829.0,2766.0,2385.0,1366.0,808.0,975.0,851.0,1420.0,2458.0,2810.0,2854.0,3229.0,2050.0,1221.0,664.0,756.0,729.0,1086.0,1292.0,1449.0,1500.0,1713.0,1718.0,1166.0,378.0,440.0,573.0,800.0,894.5,1040.5,988.0,1199.0,4394.0,3533.0,1016.0,1458.0,1951.0,2712.0,3283.0,3569.0,3547.0,4109.0,3918.0,2464.0,665.0,1109.5,1256.5,2052.0,3016.0,3345.5,3406.0,3769.5,4002.0,3498.0,1250.0,1535.0,2002.0,2398.0,2593.0,2780.0,2960.0,3020.0,3137.0,2165.0,867.0,1236.5,1648.5,2197.5,2400.5,2662.0,2700.5,2897.5,1937.5,1356.0,595.0,787.5,862.0,1256.5,1491.5,1631.0,1626.0,1745.5,3582.0,2588.0,788.0,1242.0,1492.0,2236.0,2622.0,2863.0,3030.0,3130.0,3406.5,2419.5,671.5,1064.5,1074.5,1773.5,2683.0,2952.0,3114.0,3254.0,924.0,516.0,225.0,323.0,310.0,715.0,1127.0,1234.0,1426.0,1347.0,2573.0,1602.0,646.0,900.0,774.0,1550.0,2695.0,2960.0,3267.0,3254.0,2618.0,1739.5,929.0,1237.0,1208.5,1836.0,2489.0,2635.5,2862.0,2798.5,2556.5,1593.0,651.0,1023.5,1191.0,1993.0,2769.0,3045.0,3508.5,3339.0,2507.0,1549.0,516.0,918.0,1105.0,1914.0,2717.0,2962.0,3229.0,3294.0,3189.0,2778.5,2840.0,2781.5,2661.0,3011.0,3114.5,3242.0,3311.0,3304.5,2752.5,1948.5,691.5,1018.0,1115.5,1770.5,2384.5,2595.5,2752.0,2884.5,0.0,0.0,0.0,0.0,0.0,0.0,0.0,0.0,0.0,0.0,219.0,186.0,5102.0,5512.0,5959.0,6550.0,6387.0,6092.0,6217.0,5860.0,1100.0,663.0,1168.0,1544.0,1853.0,2401.0,2595.0,2753.0,2986.0,2905.0,3171.0,2245.0,738.0,998.0,1390.0,1665.0,1859.0,2074.0,2436.0,2410.0,3564.0,2695.5,1458.5,1667.5,1953.5,2305.0,2429.5,2647.0,2803.0,2877.5,2896.0,2246.0,819.0,1127.0,1607.0,1829.0,2008.0,2157.0,2444.0,2420.0,2922.0,2194.0,798.0,1135.0,1621.0,1937.0,2092.0,2268.0,2453.0,2524.0,"{""type"":""MultiPoint"",""coordinates"":[]}"
545,5,2701.0,1738.0,702.0,1036.0,1253.0,1848.0,2577.0,2820.0,3169.0,3062.0,3413.0,2253.0,800.0,1157.0,1384.0,2056.0,2567.0,2846.0,3050.0,3153.0,3891.5,2694.0,1057.0,1419.0,1889.0,2402.0,2735.5,2961.5,3268.0,3353.0,4331.5,3356.5,1045.5,1349.5,1863.5,2199.0,2432.0,2632.5,2881.5,2954.5,4446.5,3341.0,1077.0,1432.0,1911.0,2325.5,2637.0,2837.0,3076.5,3189.0,5074.0,3762.0,1203.0,1566.0,1820.0,2444.0,3203.0,3556.0,3710.0,3927.0,4577.0,3880.0,3664.0,3721.0,3665.0,4239.0,5016.0,5259.0,5126.0,5426.0,3377.0,1978.5,532.5,875.0,682.5,1403.5,3508.0,4129.5,4191.5,4376.0,3245.0,1864.0,575.0,840.0,752.0,1319.0,3435.0,4311.0,4235.0,4637.0,2827.0,1346.0,487.0,734.0,535.0,1110.0,4260.0,5358.0,5309.0,5723.0,3455.0,1760.0,1083.0,1580.0,1247.0,2056.0,4988.0,6491.0,6435.0,6794.0,3008.0,1948.0,671.0,1019.0,1285.0,1824.0,2568.0,2775.0,3061.0,3050.0,2699.0,1115.5,357.0,568.5,272.5,882.5,4929.5,6571.5,6498.0,7030.5,2220.5,937.5,405.5,559.0,298.0,814.0,3958.5,5489.0,5559.0,5799.5,2245.0,974.0,457.0,537.0,249.0,868.0,3064.0,3677.0,2959.0,4024.0,2326.0,1012.0,333.0,566.0,289.0,894.0,3959.0,5320.0,5109.0,5572.0,2042.5,951.5,308.0,650.0,324.5,1133.0,3566.0,4333.0,4538.0,4652.5,2236.5,1212.5,420.0,815.5,633.0,1539.0,2771.0,3197.0,3353.0,3661.0,2784.0,1852.0,414.0,636.0,767.0,1208.0,1594.0,1814.0,2049.0,2181.0,4398.0,3808.0,2567.0,2644.5,2752.5,3186.5,3494.0,3569.5,3617.5,3767.0,4052.0,2832.0,715.0,964.0,1354.0,1684.0,1870.0,2086.0,2281.0,2418.0,3575.0,2528.0,695.0,960.0,1238.0,1555.0,1781.0,1938.0,2065.0,2217.0,2824.0,1806.0,678.0,1050.0,1305.0,1863.0,2505.0,2709.0,3002.0,2980.0,2432.0,1909.0,688.0,831.0,1166.0,1374.0,1503.0,1624.0,1772.0,1766.0,2694.0,2117.0,658.0,927.0,1259.0,1525.0,1645.0,1766.0,1910.0,1947.0,2370.0,1756.0,473.5,759.0,1082.0,1333.0,1513.0,1634.0,1854.0,1829.5,2567.0,1942.5,523.5,825.0,1115.0,1442.5,1704.0,1825.0,2005.0,1986.5,0.0,0.0,0.0,0.0,0.0,0.0,0.0,0.0,0.0,0.0,2343.0,1585.0,497.0,845.0,874.0,1457.0,2215.0,2337.0,2623.0,2537.0,0.0,0.0,0.0,0.0,0.0,0.0,0.0,0.0,0.0,0.0,735.0,771.0,9808.0,9666.0,9720.0,9827.0,9519.0,9072.0,9478.0,8735.0,1651.0,1087.5,3236.5,3421.0,3679.0,4174.0,4373.0,4465.5,4654.0,4468.5,3069.0,1987.0,708.5,1081.5,1310.0,1961.0,2760.0,3026.5,3365.5,3312.5,3017.5,1878.0,746.5,1157.0,1198.0,2030.0,3054.5,3348.0,3677.0,3616.5,2691.0,1639.0,580.0,1023.0,1064.0,1978.0,2836.0,3093.0,3415.0,3366.0,2731.0,1720.0,658.0,1055.0,1210.0,2036.0,2723.0,2924.0,3257.0,3252.0,"{""type"":""MultiPoint"",""coordinates"":[]}"
551,5,1591.0,903.0,498.0,722.0,801.0,1453.0,1927.0,2116.0,2258.0,2374.0,3384.0,2340.0,747.0,1390.0,1463.0,2338.0,2972.0,3171.0,3386.0,3410.0,2109.0,1291.5,546.5,842.5,1064.5,1561.5,1853.5,2106.0,2280.5,2347.5,1996.0,1358.0,633.0,882.0,1133.0,1551.0,1729.0,1852.0,2102.0,2061.0,3483.0,2836.0,822.0,1179.0,1486.0,1781.0,1953.0,2226.0,2546.0,2372.0,0.0,0.0,0.0,0.0,0.0,0.0,0.0,0.0,0.0,0.0,0.0,0.0,0.0,0.0,0.0,0.0,0.0,0.0,0.0,0.0,4884.0,3865.0,1003.0,1360.0,1650.0,2192.0,2414.0,2769.0,2907.0,3111.0,4324.0,3563.0,976.0,1375.0,1795.0,2096.0,2465.0,2706.0,2990.0,3160.0,4332.5,3330.0,1036.5,1280.0,1586.0,1984.0,2377.5,2731.0,2708.5,3100.5,4018.0,3317.0,2002.0,2211.5,2342.0,2760.0,3288.0,3547.5,3498.5,3709.0,3275.0,2395.0,591.0,942.0,1114.0,1787.0,2442.0,2624.0,2789.0,2825.0,4621.0,3699.5,1231.5,1719.0,1990.5,2492.5,3090.0,3335.5,3389.0,3690.0,2960.5,2434.0,889.0,1177.5,1390.5,1709.0,2082.0,2334.0,2310.0,2461.5,2469.0,1922.0,842.0,1084.5,1252.5,1481.5,1866.0,2064.0,2000.5,2226.5,4211.0,3138.5,1016.0,1525.0,1651.5,2363.0,3363.5,3854.0,3708.5,4155.0,3033.0,1904.0,550.0,888.0,933.0,1550.0,2708.0,2934.0,3022.0,3280.0,3395.5,2502.5,759.0,1171.0,1307.0,1774.5,2891.0,3362.5,3341.5,3560.0,2745.0,1781.0,655.0,962.0,976.0,1524.5,2656.0,3120.5,3158.0,3319.5,2670.0,1642.0,516.0,831.0,782.0,1426.0,2370.0,2708.0,2667.0,2858.0,2970.0,1984.0,520.0,928.0,966.0,1642.0,2362.0,2551.0,2798.0,2869.0,3744.0,2872.0,730.0,1112.0,1332.0,1956.0,2313.0,2552.0,2693.0,2881.0,3020.0,2482.5,1558.0,1652.5,1745.0,2068.0,2356.0,2474.0,2740.0,2639.5,2790.0,1949.0,479.0,724.0,861.0,1357.0,1766.0,1951.0,2059.0,2198.0,1750.0,950.0,461.0,730.0,827.0,1351.0,1914.0,2119.0,2268.0,2356.0,2575.5,1630.0,454.0,833.0,911.5,1505.0,2143.0,2325.0,2516.0,2596.5,2670.0,1723.5,541.0,931.5,996.0,1669.0,2329.0,2475.5,2649.5,2744.0,0.0,0.0,0.0,0.0,0.0,0.0,0.0,0.0,0.0,0.0,2261.0,1392.0,569.0,895.0,817.0,1511.0,2340.0,2524.0,2751.0,2720.0,0.0,0.0,0.0,0.0,0.0,0.0,0.0,0.0,0.0,0.0,1013.0,1072.0,10406.0,10114.0,10090.0,10347.0,9929.0,9657.0,9926.0,9139.0,1035.0,610.0,4168.5,4307.0,4337.0,4997.5,4904.5,4784.0,4874.0,4679.5,2745.5,1812.0,518.5,880.5,991.5,1692.0,2378.0,2537.5,2764.5,2754.0,2760.0,1691.0,655.0,1065.0,1007.0,1811.0,2667.0,2973.0,3189.0,3207.0,2163.0,1343.0,545.0,962.0,992.0,1767.0,2695.0,2918.0,3193.0,3067.0,1828.0,1057.0,612.0,1077.0,983.0,1837.0,2672.0,2964.0,3119.0,3075.0,"{""type"":""MultiPoint"",""coordinates"":[]}"
564,5,1954.5,1485.0,774.5,911.0,1092.0,1365.5,1684.0,1791.0,1867.5,1933.5,4697.0,4297.0,1374.0,1729.5,2217.5,2567.0,2719.5,2939.5,3179.5,3262.5,2152.5,1615.5,577.0,705.0,937.5,1073.0,1187.5,1302.0,1443.0,1490.5,2718.0,2017.5,859.5,1020.5,1312.5,1515.0,1616.0,1787.5,1967.5,2027.5,0.0,0.0,0.0,0.0,0.0,0.0,0.0,0.0,0.0,0.0,3924.5,3564.0,1094.5,1336.5,1737.5,2006.5,2099.0,2322.0,2499.5,2590.0,0.0,0.0,0.0,0.0,0.0,0.0,0.0,0.0,0.0,0.0,3963.5,3313.0,950.0,1302.5,1430.5,1950.5,2585.0,2873.0,3031.5,3131.5,4224.5,3359.0,1000.0,1374.5,1515.0,2059.5,3459.0,3960.0,3950.0,4252.5,3836.0,2923.5,706.0,1012.0,1074.0,1645.5,3285.5,3951.0,4049.0,4215.0,0.0,0.0,0.0,0.0,0.0,0.0,0.0,0.0,0.0,0.0,2576.0,1981.0,688.0,888.5,1163.0,1476.0,1805.5,1952.5,2184.0,2161.5,1306.5,587.5,252.5,331.0,152.5,449.5,2245.5,3290.5,3177.5,3131.5,2398.5,1126.0,426.0,562.5,306.5,790.0,3960.5,5720.5,5799.0,5940.5,0.0,0.0,0.0,0.0,0.0,0.0,0.0,0.0,0.0,0.0,2184.0,938.0,303.0,470.0,248.0,755.0,3746.5,5234.5,5101.5,5534.5,1994.0,887.0,259.0,500.0,238.0,834.5,3598.5,4648.5,4847.5,4950.5,0.0,0.0,0.0,0.0,0.0,0.0,0.0,0.0,0.0,0.0,1764.5,1025.0,387.0,758.5,600.5,1301.5,1911.0,2075.0,2988.0,2405.0,0.0,0.0,0.0,0.0,0.0,0.0,0.0,0.0,0.0,0.0,3471.0,2585.0,658.5,878.0,1267.5,1518.5,1695.0,1837.0,2048.0,2154.0,3908.0,2941.0,938.5,1180.5,1610.0,1939.5,2009.5,2201.0,2356.5,2489.0,0.0,0.0,0.0,0.0,0.0,0.0,0.0,0.0,0.0,0.0,2274.0,1967.5,477.0,632.0,885.5,1033.5,1108.5,1210.5,1352.5,1403.0,0.0,0.0,0.0,0.0,0.0,0.0,0.0,0.0,0.0,0.0,1861.5,1319.5,392.5,572.5,818.5,996.5,1128.5,1261.0,1399.0,1453.5,1303.5,1005.5,423.5,541.0,695.0,853.0,938.5,1073.5,1083.0,1211.0,0.0,0.0,0.0,0.0,0.0,0.0,0.0,0.0,0.0,0.0,2141.5,1563.0,548.0,721.0,874.0,1121.0,1400.0,1526.0,1699.5,1742.5,0.0,0.0,0.0,0.0,0.0,0.0,0.0,0.0,0.0,0.0,937.5,1021.0,10867.0,10421.0,10368.5,10492.0,10143.5,9749.5,10189.0,9410.5,4916.0,4418.5,4755.0,4454.0,4270.5,4667.5,4544.5,4546.0,5067.5,4398.5,3515.0,3009.0,1875.5,2080.5,2246.0,2715.0,2997.5,3127.0,3234.5,3316.0,2725.0,1983.5,758.5,1025.0,1314.5,1664.5,1884.0,2067.5,2307.0,2345.5,2641.0,1900.0,680.0,946.0,1276.5,1607.0,1795.0,1963.0,2196.5,2240.5,3842.5,3283.0,1039.0,1315.5,1723.0,2054.0,2169.0,2369.5,2548.5,2661.5,"{""type"":""MultiPoint"",""coordinates"":[]}"
576,3,1611.0,994.0,514.0,606.0,700.0,1044.0,1373.0,1553.0,1676.0,1690.0,3039.0,2243.0,765.5,1088.0,1254.5,1885.0,2317.5,2473.5,2594.5,2726.5,1603.5,1012.5,638.5,789.0,1061.0,1244.5,1301.5,1407.5,1512.5,1576.5,2284.0,1652.0,763.5,931.5,1187.5,1366.0,1416.0,1547.0,1674.5,1718.5,3901.0,3491.0,1022.0,1316.0,1718.0,2004.0,2094.0,2249.0,2351.0,2432.0,5091.0,4552.0,3137.0,3169.0,3368.0,3903.0,4243.0,4558.0,4562.0,4693.0,3086.0,2487.0,3260.0,3106.0,2980.0,3326.0,3390.0,3450.0,3585.0,3503.0,2943.0,1937.0,652.0,775.0,771.0,1341.0,1738.0,1930.0,1968.0,2251.0,2222.5,1844.0,644.5,792.5,851.0,1145.5,1416.0,1606.5,1646.5,1751.5,1325.0,692.0,480.0,664.0,433.0,945.0,2146.0,2899.0,2592.0,2710.0,1893.5,922.5,551.5,723.5,422.5,921.0,2864.0,4079.0,3805.0,4083.5,2774.0,2233.0,735.0,885.0,1055.0,1394.0,1765.0,1884.0,2086.0,2083.0,4416.0,3459.0,3118.0,3095.0,3012.0,3433.0,4413.0,5016.0,5015.0,4889.0,1432.5,671.0,376.5,487.5,277.0,609.0,2489.0,4233.5,4155.0,4429.0,1501.0,696.0,419.0,548.0,322.0,756.0,2746.0,4505.0,4192.0,4727.0,1525.0,736.0,370.0,674.0,361.0,1031.0,3025.0,4378.0,4143.0,4638.0,1712.0,855.0,356.0,742.0,405.0,1201.0,3398.0,4418.0,4497.0,4718.0,2327.5,1444.5,760.0,1198.5,919.5,1906.0,3759.0,4508.0,4439.0,4799.0,2355.5,1426.0,718.0,1218.5,1158.5,2147.0,3102.0,3453.5,3720.0,3801.0,3802.0,2816.5,1084.0,1431.5,1937.0,2325.0,2432.5,2556.5,2573.0,2838.0,4051.0,3008.0,1141.0,1528.0,2021.0,2415.0,2560.0,2734.0,2963.0,3032.0,1975.0,1958.0,577.0,757.0,875.0,1024.0,1188.0,1336.0,1242.0,1389.0,1817.0,1141.0,646.0,730.0,861.0,1239.0,1643.0,1781.0,1975.0,2002.0,2227.0,1994.0,626.0,763.0,1021.0,1171.0,1286.0,1379.0,1475.0,1533.0,1886.0,1551.5,665.0,784.5,1053.0,1205.5,1324.0,1416.0,1476.0,1570.5,1259.0,808.0,317.5,505.0,718.0,939.0,1047.0,1123.5,1228.5,1264.0,1715.0,1214.5,457.0,671.5,873.5,1136.5,1264.0,1323.5,1422.5,1522.5,2110.0,1934.0,3117.0,2530.0,2360.0,2574.0,2478.0,2547.0,2559.0,2544.0,933.5,554.0,624.0,751.0,889.0,1152.5,1248.0,1380.0,1465.0,1495.0,0.0,0.0,0.0,0.0,0.0,0.0,0.0,0.0,0.0,0.0,1076.0,1174.0,10742.0,10426.0,10384.0,10480.0,10133.0,9759.0,10120.0,9321.0,1068.5,666.5,439.0,610.5,740.0,1060.0,1280.0,1359.0,1491.0,1499.5,2727.0,1980.0,723.5,981.0,1109.0,1604.0,1962.5,2085.0,2312.5,2218.0,2046.0,1356.0,619.0,795.0,863.0,1283.0,1813.0,1953.0,2094.0,2146.0,2036.0,1223.0,525.5,763.5,831.5,1333.0,1982.0,2091.0,2269.5,2263.0,2209.5,1448.5,621.0,881.5,950.5,1575.0,2116.0,2233.5,2389.5,2450.5,"{""type"":""MultiPoint"",""coordinates"":[]}"
578,5,1441.5,845.5,728.0,989.0,1464.5,1723.5,1865.0,2060.5,2372.5,2379.0,4459.5,3598.5,2227.0,2526.5,2790.5,3210.0,3418.5,3539.0,3811.5,3802.0,1727.0,1146.0,729.0,915.0,1188.0,1394.0,1466.0,1627.0,1796.0,1795.0,2873.0,2178.0,1220.0,1250.0,1503.0,1772.0,1876.0,1988.0,2208.0,2216.0,3108.0,2335.0,936.0,1210.0,1592.0,1807.0,1904.0,2051.0,2266.0,2304.0,0.0,0.0,0.0,0.0,0.0,0.0,0.0,0.0,0.0,0.0,0.0,0.0,0.0,0.0,0.0,0.0,0.0,0.0,0.0,0.0,4182.0,3466.5,2168.5,2375.5,2502.5,3015.5,3499.0,3830.0,3648.5,4028.5,4741.0,4065.0,1753.0,1992.0,2294.0,2834.0,3693.0,3931.0,4204.0,4209.0,2869.0,1704.0,642.0,907.0,744.0,1413.0,3351.0,3907.0,3754.0,4124.0,3344.5,2200.0,2671.0,2763.5,2619.5,3147.5,4572.0,5173.5,5088.5,5288.5,3641.0,2769.0,1429.0,1730.0,2235.0,2515.0,2618.0,2763.0,3048.0,3081.0,2505.0,1142.0,365.0,540.0,302.0,814.0,4228.0,5929.0,5930.0,5832.0,2300.5,985.5,439.5,549.0,305.5,734.5,3964.0,5840.0,5881.0,6096.0,2259.0,939.0,273.0,409.0,213.0,650.0,3895.0,5888.0,5770.0,6181.0,2530.0,1071.0,490.0,691.0,420.0,961.0,4623.0,5823.0,5649.0,6072.0,1942.5,838.0,236.0,449.0,221.0,741.5,3675.0,4880.5,4923.5,5144.0,1853.0,827.5,323.0,612.5,313.5,990.5,3634.5,4588.0,4581.0,4845.5,2005.5,1052.0,387.5,836.0,527.0,1613.0,2715.5,3038.0,3244.0,3463.5,2791.0,2051.0,496.0,681.0,870.0,1238.0,1437.0,1595.0,1699.0,1861.0,2977.0,2268.0,983.0,1289.0,1487.0,1678.0,1952.0,2157.0,2083.0,1849.0,3749.5,2855.0,1076.0,1348.5,1814.5,2118.0,2213.5,2383.5,2545.5,2645.5,4763.5,4155.5,3874.5,3961.5,4140.5,4481.0,4612.0,4673.0,4862.5,4844.5,3467.0,2626.5,983.0,1209.5,1539.5,1815.0,1970.5,2121.0,2289.5,2348.0,3461.0,2637.0,1034.0,1254.0,1558.0,1840.0,2001.0,2164.0,2314.0,2371.0,3011.5,2047.5,876.0,1124.0,1360.0,1663.0,1968.0,2118.5,2372.5,2337.5,3342.0,2340.0,921.0,1186.0,1405.0,1779.0,2122.0,2264.0,2459.0,2505.0,1681.0,1204.0,1044.0,1120.0,1239.0,1448.0,1768.0,1924.0,1524.0,2047.0,2133.0,1332.0,705.0,919.0,880.0,1357.0,2085.0,2299.0,2538.0,2458.0,0.0,0.0,0.0,0.0,0.0,0.0,0.0,0.0,0.0,0.0,256.0,301.0,12162.0,11527.0,11178.0,11119.0,10604.0,10042.0,10316.0,9494.0,257.0,170.0,5339.0,5326.0,5577.0,5759.0,5414.0,5394.0,5475.0,5145.0,2213.0,1408.0,1025.0,1339.0,1760.0,2075.0,2200.0,2357.0,2715.0,2595.0,4320.0,3289.0,1634.0,2027.0,2501.0,2889.0,3074.0,3252.0,3630.0,3571.0,1409.0,766.0,709.0,1000.0,1338.0,1739.0,1940.0,2145.0,2393.0,2390.0,1778.0,1007.0,745.0,1028.0,1372.0,1785.0,2040.0,2199.0,2367.0,2451.0,"{""type"":""MultiPoint"",""coordinates"":[]}"
616,2,2432.0,1573.0,518.5,929.0,1004.5,1713.5,2544.5,2751.5,2990.5,2947.0,4325.0,3976.0,1218.0,1754.0,2387.0,2698.0,2902.0,3082.0,3264.0,3290.0,3075.0,2296.0,823.0,1152.0,1601.0,1915.0,2100.0,2241.0,2429.0,2542.0,4063.0,3567.5,1237.0,1745.5,2218.0,2616.0,2882.5,3086.5,3219.5,3281.0,4302.0,3781.5,1406.0,1985.0,2520.5,2994.0,3234.0,3397.0,3587.0,3609.5,6304.0,6023.0,2292.0,3124.0,3943.0,4478.0,4503.0,4806.0,4888.0,4924.0,3495.0,2704.5,1046.5,1464.5,1890.5,2286.0,2569.0,2747.0,2780.5,2938.0,4629.0,3919.0,1293.0,1958.0,2247.0,2846.0,3405.0,3640.0,3835.0,3913.0,4594.0,3589.0,1516.0,2213.5,2601.5,2960.5,3816.0,4143.5,4109.5,4343.0,4894.0,3880.0,1341.0,2039.0,2323.0,3081.0,4412.0,4821.0,5004.0,5282.0,3120.0,2153.0,1005.0,1538.0,1465.0,2482.0,4373.0,4684.0,4361.0,4754.0,2929.0,2029.0,598.0,989.0,1097.0,1822.0,2528.0,2788.0,3035.0,3008.0,3277.0,1698.0,475.0,826.0,559.0,1351.0,4870.0,6007.0,6075.0,6406.0,2788.0,1422.0,443.0,754.5,506.0,1221.0,4499.0,5772.5,5794.5,6038.5,2625.0,1274.0,548.0,782.0,538.0,1152.0,4414.0,5467.0,5478.0,5752.0,3036.0,2012.0,2397.0,2296.0,1704.0,2302.0,4553.0,5359.0,5403.0,5599.0,2700.0,1441.0,429.5,664.0,512.5,1132.0,3837.0,4794.0,4936.5,5009.0,2757.0,1616.0,791.5,954.5,860.0,1493.0,3420.5,4128.5,4227.5,4434.0,2821.0,1727.0,622.0,806.0,824.5,1424.5,2882.5,3334.5,3538.5,3791.5,3293.0,2432.0,841.0,1031.0,1229.0,1636.0,1947.0,2092.0,2182.0,2446.0,3503.0,2557.0,875.0,1050.0,1270.0,1624.0,1888.0,1992.0,2293.0,2409.0,3889.0,3026.0,728.0,996.0,1259.0,1599.0,2079.0,2258.0,2520.0,2624.0,0.0,0.0,0.0,0.0,0.0,0.0,0.0,0.0,0.0,0.0,3560.0,2485.0,641.0,927.0,1237.0,1620.0,2045.0,2285.0,2576.0,2679.0,0.0,0.0,0.0,0.0,0.0,0.0,0.0,0.0,0.0,0.0,2950.0,2183.5,640.5,1038.0,1450.0,1773.5,2060.5,2256.5,2495.5,2492.5,3187.0,2452.0,682.0,1096.0,1467.0,1893.0,2219.0,2369.0,2577.0,2631.0,0.0,0.0,0.0,0.0,0.0,0.0,0.0,0.0,0.0,0.0,2888.0,2072.0,643.0,1007.0,1198.0,1642.0,2221.0,2441.0,2643.0,2654.0,0.0,0.0,0.0,0.0,0.0,0.0,0.0,0.0,0.0,0.0,1887.0,1969.5,9899.0,9722.0,9747.0,9660.0,9490.0,9345.5,9769.0,9078.5,718.5,457.0,2660.5,2748.0,2793.0,2958.5,3153.5,3185.5,3348.5,3042.0,2657.0,1844.0,609.0,1007.0,1088.0,1711.0,2428.0,2597.0,2853.0,2832.0,3298.0,2395.0,825.0,1275.0,1532.0,2092.0,2713.0,2990.0,3212.0,3267.0,3032.5,2110.0,768.5,1175.0,1565.5,2001.5,2316.5,2411.5,2746.0,2624.5,3337.0,2493.0,803.0,1205.0,1581.0,1926.0,2155.0,2298.0,2561.0,2562.0,"{""type"":""MultiPoint"",""coordinates"":[]}"
638,5,1050.0,658.0,535.0,661.0,766.0,993.0,1130.0,1206.0,1377.0,1354.0,2399.5,1929.0,784.0,914.5,1110.0,1233.5,1371.0,1457.5,1594.5,1591.5,1132.0,661.5,569.5,661.5,785.0,903.5,975.5,1056.5,1160.0,1166.0,335.0,230.0,343.0,312.0,290.0,340.0,318.0,361.0,404.0,360.0,0.0,0.0,0.0,0.0,0.0,0.0,0.0,0.0,0.0,0.0,2756.5,2248.5,914.5,1064.5,1283.5,1446.5,1524.5,1689.0,1802.0,1807.0,2391.0,1842.0,1033.0,1087.0,1153.0,1256.0,1360.0,1533.0,1700.0,1601.0,3066.0,2549.0,1094.0,1312.0,1493.0,1767.0,1969.0,2109.0,2279.0,2281.0,3098.0,2308.0,1171.0,1433.0,1572.0,1925.0,2395.0,2544.0,2541.0,2735.0,1741.0,1324.0,793.0,825.0,753.0,993.0,1504.0,1725.0,1981.0,1775.0,2048.0,1112.0,672.0,854.0,785.0,1147.0,1936.0,2302.0,2291.0,2458.0,2066.0,1421.0,666.0,812.0,993.0,1242.0,1332.0,1496.0,1642.0,1668.0,2171.5,1016.5,419.5,614.5,361.5,875.5,3102.5,3964.0,3922.5,4119.5,2130.0,1000.0,350.0,525.0,304.0,718.0,3498.0,4572.0,4726.0,4754.0,1754.0,812.0,347.0,444.0,267.0,617.0,2814.0,4051.0,3939.0,4201.0,1619.0,852.5,304.0,420.5,264.0,586.0,2535.0,3546.5,3400.5,3743.0,1810.5,908.5,297.5,486.0,304.5,756.0,2784.5,3515.5,3698.5,3739.0,0.0,0.0,0.0,0.0,0.0,0.0,0.0,0.0,0.0,0.0,2618.5,1930.0,474.5,658.0,855.5,1084.5,1300.5,1519.5,1665.0,1730.0,2723.0,2116.0,549.0,671.0,822.0,968.0,1095.0,1217.0,1303.0,1392.0,3371.5,2610.5,809.5,1003.5,1316.5,1508.0,1630.0,1783.0,1948.0,2006.0,2182.0,1836.0,591.0,689.0,881.0,971.0,1069.0,1095.0,1267.0,1265.0,0.0,0.0,0.0,0.0,0.0,0.0,0.0,0.0,0.0,0.0,2073.0,1626.0,595.5,703.5,862.5,954.5,1046.5,1137.0,1248.5,1288.0,0.0,0.0,0.0,0.0,0.0,0.0,0.0,0.0,0.0,0.0,1467.0,930.0,315.0,448.0,605.0,695.0,777.0,838.0,1002.0,1031.0,2471.5,1987.0,962.0,974.5,1217.5,1386.5,1486.5,1624.0,1587.0,1804.5,0.0,0.0,0.0,0.0,0.0,0.0,0.0,0.0,0.0,0.0,1762.0,1265.0,511.0,592.0,746.0,824.0,887.0,1024.0,1137.0,1113.0,0.0,0.0,0.0,0.0,0.0,0.0,0.0,0.0,0.0,0.0,878.0,948.0,11030.0,10643.0,10519.0,10551.0,10241.0,9814.0,10252.0,9474.0,0.0,0.0,0.0,0.0,0.0,0.0,0.0,0.0,0.0,0.0,1761.0,1112.0,647.0,791.0,908.0,1174.0,1376.0,1463.0,1615.0,1654.0,2417.5,1612.0,756.0,965.5,1062.5,1392.0,1738.5,1877.0,2062.5,2036.0,1110.0,626.0,571.0,746.0,789.0,1166.0,1426.0,1515.0,1727.0,1684.0,0.0,0.0,0.0,0.0,0.0,0.0,0.0,0.0,0.0,0.0,"{""type"":""MultiPoint"",""coordinates"":[]}"
661,5,2802.5,2402.0,2149.0,2225.5,2467.0,2655.5,2696.5,2773.5,3046.5,2947.0,3014.0,2003.0,1179.0,1498.0,1801.0,2268.0,2466.0,2630.0,2829.0,2864.0,1126.5,631.5,646.0,905.0,1119.0,1538.5,1760.0,1912.5,2047.0,2102.0,894.0,496.0,696.0,901.0,1068.0,1497.0,1730.0,1905.0,2103.0,2066.0,3921.0,3059.0,1151.0,1558.0,1903.0,2346.0,2627.0,2806.0,3054.0,3085.0,5610.0,5298.5,1695.0,2245.5,2962.5,3334.0,3462.5,3679.0,3790.5,3962.5,0.0,0.0,0.0,0.0,0.0,0.0,0.0,0.0,0.0,0.0,5702.0,5416.5,2150.0,2790.0,3364.0,3827.5,4036.5,4255.0,4292.0,4497.0,5567.0,4919.0,1831.0,2405.0,2914.0,3470.0,3963.0,4313.0,4216.0,4588.0,4574.0,3738.5,1230.0,1779.5,2094.0,2674.0,3603.5,3889.0,4046.0,4162.5,3332.0,2330.0,764.0,1106.0,1130.0,1689.0,3591.0,4373.0,4360.0,4667.0,2900.5,2046.5,917.0,1166.0,1558.5,1760.5,1908.0,2031.0,2321.5,2274.0,2646.0,1528.0,558.0,785.0,605.0,1144.0,3427.0,4360.0,4261.0,4613.0,2850.0,1901.0,1341.5,1432.5,1199.5,1762.5,4247.5,5420.0,5490.0,5611.5,1926.0,806.5,275.5,409.0,216.0,609.0,3380.0,4759.0,4721.0,4974.0,2159.0,944.0,328.0,462.0,248.0,676.0,3607.0,5021.0,4833.0,5258.0,1891.0,884.0,359.0,546.0,305.0,829.0,3389.0,4221.0,4398.0,4515.0,1857.0,840.0,319.0,579.0,307.0,956.0,3384.0,4220.0,4336.0,4591.0,2380.0,1476.0,451.0,843.0,763.0,1462.0,1922.0,2150.0,2402.0,2596.0,3500.0,2900.0,2320.5,2370.0,2455.0,2785.5,2832.0,2899.5,2953.0,2983.0,2772.0,2042.0,500.0,666.0,820.0,1056.0,1268.0,1386.0,1547.0,1589.0,2700.0,1962.0,519.0,681.0,821.0,1057.0,1264.0,1407.0,1512.0,1618.0,2270.0,1567.5,706.0,942.0,1312.0,1509.0,1668.0,1796.5,1994.0,2043.5,2802.0,2055.0,688.0,933.0,1091.0,1403.0,1645.0,1732.0,1899.0,1940.0,375.0,206.0,428.0,310.0,232.0,283.0,346.0,383.0,390.0,366.0,2060.0,1325.5,447.0,697.0,761.0,1128.5,1503.5,1645.5,1804.0,1812.5,2630.0,1850.0,574.0,847.0,930.0,1338.0,1713.0,1841.0,1977.0,2030.0,0.0,0.0,0.0,0.0,0.0,0.0,0.0,0.0,0.0,0.0,2149.5,1426.0,1949.5,1909.5,1940.0,2165.5,2371.5,2432.0,2435.5,2558.0,3068.0,2725.0,2882.0,2768.0,2836.0,2964.0,2936.0,2940.0,3234.0,3013.0,1082.0,1169.0,10014.0,9886.0,10011.0,10201.0,9935.0,9538.0,9982.0,9246.0,1171.0,724.5,849.0,1091.0,1484.5,1816.5,1915.0,1988.0,2091.0,2163.0,1499.0,918.0,696.0,936.0,1337.0,1501.0,1657.0,1821.0,2144.0,2087.0,1280.0,798.0,718.5,952.0,1265.5,1506.5,1632.0,1780.0,1995.5,1976.0,1508.0,906.0,689.0,966.0,1268.0,1563.0,1685.0,1842.0,1981.0,2045.0,4012.5,3147.5,1475.0,1816.5,2212.5,2605.5,2760.5,2923.0,3091.0,3167.5,"{""type"":""MultiPoint"",""coordinates"":[]}"
663,10,2046.5,1509.0,491.5,633.0,810.0,1043.5,1230.5,1382.0,1581.0,1607.0,3729.0,3071.5,1041.0,1377.0,1884.5,2246.5,2423.5,2609.5,2830.5,2913.0,2313.5,1632.5,704.5,899.0,1217.0,1454.5,1563.5,1727.5,1900.0,1945.5,2439.0,1779.5,758.5,859.5,1092.0,1281.0,1337.5,1501.5,1657.0,1719.0,0.0,0.0,0.0,0.0,0.0,0.0,0.0,0.0,0.0,0.0,2701.0,2071.0,623.0,820.0,992.0,1268.5,1499.0,1608.0,1771.5,1854.0,0.0,0.0,0.0,0.0,0.0,0.0,0.0,0.0,0.0,0.0,3742.0,3496.0,1055.0,1338.0,1494.0,1889.0,2344.0,2591.0,2746.0,2814.0,2897.5,2095.0,589.5,954.0,882.5,1509.5,3026.0,3363.5,3240.0,3665.5,2996.5,1831.0,815.0,1200.5,848.0,1689.5,4027.5,4619.5,4557.5,4864.5,2767.5,1397.0,1144.0,1420.5,948.0,1912.0,5121.5,5928.0,5994.5,6026.5,2498.5,2005.5,590.0,758.5,969.5,1225.5,1501.0,1626.5,1834.0,1828.0,2231.0,896.0,432.5,716.5,289.0,1084.0,4542.5,5795.0,5572.5,5932.5,2080.5,860.5,471.0,704.5,324.0,977.0,4783.5,6234.5,6260.0,6346.0,2740.5,1307.5,1462.0,1632.5,1237.5,1849.0,5585.0,7297.0,6899.5,7551.0,2133.0,816.0,366.5,585.5,264.5,915.5,4869.5,6489.0,6243.0,6673.0,1849.5,698.0,284.5,537.0,216.0,851.5,4562.0,5991.0,6163.5,6186.0,0.0,0.0,0.0,0.0,0.0,0.0,0.0,0.0,0.0,0.0,1950.0,760.5,327.0,535.0,244.0,895.5,4609.5,6030.5,6221.5,6270.5,1901.0,728.5,429.0,616.0,335.5,959.0,4130.0,5204.0,5187.5,5583.0,1913.5,778.0,239.0,497.0,218.0,886.0,4110.0,5219.5,5534.5,5481.0,3120.5,2690.0,645.5,858.0,1098.0,1442.0,1688.5,1879.0,2111.0,2204.5,0.0,0.0,0.0,0.0,0.0,0.0,0.0,0.0,0.0,0.0,3541.5,2564.0,502.5,698.0,958.5,1315.5,1524.5,1773.5,2038.0,2147.0,767.5,529.5,592.0,500.0,515.0,583.0,611.5,678.5,712.5,792.0,1865.0,1383.5,356.5,522.0,754.5,883.5,919.5,1039.0,1217.5,1283.0,1787.0,1294.5,355.5,522.5,709.0,860.5,946.0,1049.5,1198.5,1244.5,0.0,0.0,0.0,0.0,0.0,0.0,0.0,0.0,0.0,0.0,1845.0,1388.5,473.5,556.5,734.5,903.0,977.5,1075.5,1246.5,1283.5,0.0,0.0,0.0,0.0,0.0,0.0,0.0,0.0,0.0,0.0,1086.5,1172.5,10650.5,10323.0,10327.0,10469.5,10160.0,9814.0,10209.0,9470.5,3384.0,3050.0,1728.0,1859.0,2173.5,2595.0,2760.0,2739.5,2300.0,2752.0,2544.5,1846.5,655.5,904.0,931.5,1377.5,2090.0,2267.5,2399.5,2485.5,0.0,0.0,0.0,0.0,0.0,0.0,0.0,0.0,0.0,0.0,1884.0,1127.5,377.5,683.5,535.5,1140.5,2157.5,2451.5,2630.0,2596.0,2352.0,1608.0,628.0,921.5,858.0,1560.0,2441.5,2647.5,2785.0,2802.0,"{""type"":""MultiPoint"",""coordinates"":[]}"
664,5,1833.0,1343.0,491.0,632.0,809.0,963.0,1159.0,1268.0,1431.0,1410.0,3303.5,2710.0,945.5,1235.0,1562.0,1784.5,1893.5,2027.0,2194.0,2239.5,2162.0,1585.0,589.0,745.0,969.0,1109.0,1194.0,1295.0,1456.0,1481.0,2543.0,1706.0,733.0,974.0,1175.0,1481.0,1687.0,1864.0,1992.0,2058.0,0.0,0.0,0.0,0.0,0.0,0.0,0.0,0.0,0.0,0.0,4443.0,3801.5,2560.5,2695.5,2741.5,3215.5,3953.0,4207.5,4315.5,4340.0,0.0,0.0,0.0,0.0,0.0,0.0,0.0,0.0,0.0,0.0,2810.0,1446.5,454.5,799.0,489.0,1235.0,4059.0,4990.0,5150.0,5076.0,2657.0,1696.0,1967.0,1750.0,1436.0,1576.0,2728.0,3054.0,3784.0,2988.0,2122.0,980.0,319.0,496.0,275.0,772.0,3579.0,4960.0,5142.0,5169.0,2072.0,909.0,194.0,377.0,177.0,654.0,3796.0,5447.0,5357.0,5638.0,1763.5,1454.5,657.5,782.5,949.5,1101.5,1242.0,1333.0,1363.0,1444.5,2041.0,829.5,413.0,534.0,303.5,780.0,3633.0,5165.5,4996.0,5425.5,2242.0,924.0,317.0,495.0,239.0,757.0,4000.0,5546.0,5580.0,5816.0,2427.0,1019.0,407.0,663.0,334.0,1035.0,4290.0,5450.0,5289.0,5850.0,2207.0,1047.5,466.5,772.0,513.5,1249.0,3434.5,4258.5,4148.0,4606.0,2423.5,1475.0,439.0,693.5,705.0,1312.5,2172.0,2531.0,2717.0,2941.5,3236.0,2271.0,555.0,738.0,1129.0,1385.0,1494.0,1760.0,1924.0,2137.0,2087.5,1521.5,579.0,736.5,984.0,1140.5,1181.0,1299.0,1394.5,1474.5,2562.0,1998.0,601.0,788.0,1031.0,1201.0,1306.0,1387.0,1464.0,1534.0,2452.0,1977.0,651.0,827.0,1086.5,1211.0,1274.0,1413.0,1470.0,1562.5,2270.0,1936.0,622.0,781.0,1010.0,1143.0,1183.0,1290.0,1422.0,1426.0,3960.0,3530.0,2922.0,3543.0,3636.0,3966.0,3951.0,4053.0,3681.0,4044.0,0.0,0.0,0.0,0.0,0.0,0.0,0.0,0.0,0.0,0.0,581.0,476.0,192.0,236.0,265.0,305.0,337.0,334.0,346.0,369.0,1257.0,918.0,240.0,376.0,500.0,564.0,666.0,765.0,867.0,853.0,2037.0,1652.0,510.0,682.0,853.0,1039.0,1208.0,1334.0,1456.0,1481.0,0.0,0.0,0.0,0.0,0.0,0.0,0.0,0.0,0.0,0.0,1612.0,970.0,449.0,598.0,530.0,870.0,1654.0,1739.0,1887.0,1852.0,0.0,0.0,0.0,0.0,0.0,0.0,0.0,0.0,0.0,0.0,232.0,184.0,4729.0,4759.0,4840.0,4849.0,4656.0,4325.0,4566.0,4132.0,2209.0,1553.0,692.0,773.0,1005.0,1163.0,1214.0,1351.0,1465.0,1554.0,2115.5,1496.5,598.0,740.5,960.5,1142.0,1200.5,1338.5,1514.5,1499.5,2680.5,2271.0,1177.0,1288.5,1495.0,1710.0,1761.5,1857.5,1869.5,1957.5,2871.0,2486.0,749.0,983.0,1296.0,1441.0,1543.0,1651.0,1805.0,1841.0,0.0,0.0,0.0,0.0,0.0,0.0,0.0,0.0,0.0,0.0,"{""type"":""MultiPoint"",""coordinates"":[]}"
676,5,1704.5,894.5,428.5,866.0,649.0,1461.5,2916.0,3180.5,3431.0,3336.5,3426.0,2527.0,806.0,1115.0,1358.0,1760.0,1931.0,2124.0,2314.0,2370.0,2455.0,1708.0,573.0,765.0,1109.0,1308.0,1401.0,1574.0,1739.0,1776.0,2889.0,2119.5,677.5,934.0,1247.0,1567.0,1699.5,1877.0,1977.5,2064.5,2841.0,1956.0,734.0,1047.0,1370.0,1688.0,1847.0,1993.0,2174.0,2228.0,4194.0,3158.0,1451.0,1892.0,2332.0,2758.0,3135.0,3523.0,3191.0,3804.0,0.0,0.0,0.0,0.0,0.0,0.0,0.0,0.0,0.0,0.0,4030.0,3242.0,815.0,1297.0,1357.0,2026.0,3427.0,3801.0,3892.0,4096.0,3626.0,2294.0,756.0,1091.0,982.0,1694.0,3962.0,4826.0,4791.0,5083.0,2640.5,1189.0,436.0,670.0,334.5,1040.0,4426.5,5400.0,5287.0,5556.0,0.0,0.0,0.0,0.0,0.0,0.0,0.0,0.0,0.0,0.0,1876.0,1066.0,436.0,878.0,701.0,1574.0,2774.0,2979.0,3280.0,3196.0,2955.0,1183.0,600.0,707.0,411.0,895.0,4879.0,6801.0,6721.0,7379.0,2457.0,946.0,452.0,578.0,325.0,797.0,4285.0,6093.0,6111.0,6431.0,2170.0,886.0,181.0,363.0,177.0,640.0,3840.0,5241.0,5233.0,5629.0,2679.5,1158.5,513.0,695.0,376.5,1028.0,4391.0,5948.5,5927.0,6468.0,2231.5,1050.5,320.5,679.0,339.5,1132.5,3657.5,4503.5,4625.5,4947.0,2283.5,1182.0,443.0,907.5,596.0,1652.5,3364.5,3896.0,4140.0,4378.0,2743.5,1882.5,428.5,637.5,932.0,1291.5,1529.0,1751.5,1954.0,2083.5,2997.0,2112.0,517.0,686.0,983.0,1237.0,1368.0,1515.0,1614.0,1803.0,4046.5,3141.0,1244.0,1511.0,1912.5,2272.0,2508.5,2737.5,2833.5,3107.5,4205.5,3289.0,1008.0,1275.0,1740.0,2052.5,2185.5,2389.0,2565.0,2653.0,1721.0,983.0,429.0,838.0,666.0,1444.0,2630.0,2827.0,3152.0,3039.0,3447.5,2527.0,979.5,1211.0,1543.5,1853.5,2055.5,2190.0,2307.0,2455.0,3808.0,2889.0,1043.0,1289.0,1630.0,1993.0,2208.0,2383.0,2533.0,2599.0,2963.0,2020.0,858.0,1132.0,1389.0,1744.0,2014.0,2160.0,2402.0,2415.0,3338.0,2324.0,1935.0,2028.0,2139.0,2381.0,2450.0,2523.0,2422.0,2623.0,0.0,0.0,0.0,0.0,0.0,0.0,0.0,0.0,0.0,0.0,2917.5,2147.0,760.0,1079.5,1053.5,1716.0,2595.5,2848.0,3059.5,3048.0,2005.0,1139.0,473.0,996.0,848.0,1745.0,2885.0,3091.0,3349.0,3401.0,71.0,75.0,9889.0,9804.0,9706.0,9877.0,9340.0,8469.0,8487.0,7678.0,561.0,336.0,495.0,877.0,1184.0,1652.0,1788.0,1868.0,2073.0,1977.0,1731.0,1120.5,517.0,666.5,942.0,1147.0,1275.5,1453.0,1698.5,1707.5,2715.0,1969.0,584.0,826.0,1066.0,1330.0,1502.0,1623.0,1860.0,1874.0,2801.0,2066.0,663.0,897.0,1102.0,1380.0,1540.0,1674.0,1811.0,1878.0,2848.0,2255.5,670.0,926.5,1174.5,1512.0,1691.5,1842.5,1991.0,2060.5,"{""type"":""MultiPoint"",""coordinates"":[]}"
682,5,599.0,335.5,576.0,816.5,1119.5,1502.0,1653.5,1802.0,2019.5,2008.0,2545.0,1711.0,1084.0,1373.0,1705.0,2222.0,2427.0,2589.0,2757.0,2923.0,839.5,458.0,524.5,772.5,946.5,1347.0,1603.0,1761.0,1945.0,1959.0,1278.0,710.5,684.5,900.5,1039.0,1490.5,1741.5,1948.5,2095.0,2121.5,3014.0,1911.0,1046.0,1350.0,1604.0,1973.0,2227.0,2499.0,2736.0,2664.0,3782.0,2723.0,1237.0,1508.0,1885.0,2210.0,2481.0,2688.0,2978.0,3060.0,0.0,0.0,0.0,0.0,0.0,0.0,0.0,0.0,0.0,0.0,5706.0,4741.0,1922.0,2440.0,2568.0,3258.0,3766.0,4122.0,4481.0,4622.0,4957.0,3741.0,1630.0,1969.0,1904.0,2582.0,3741.0,4086.0,4431.0,4587.0,3289.0,1939.0,731.0,1007.0,788.0,1494.0,3815.0,4701.0,4790.0,5113.0,3244.5,1679.5,1187.0,1354.0,971.5,1586.5,4890.5,6445.5,6357.0,6829.5,1142.0,694.0,781.0,994.0,1349.0,1770.0,1967.0,2105.0,2343.0,2386.0,2510.0,1052.0,327.0,544.0,239.0,889.0,4570.0,6265.0,6155.0,6726.0,2408.0,1095.5,436.5,600.0,387.0,834.0,4170.5,6103.0,6102.0,6447.5,2616.0,1228.0,541.0,691.0,490.0,920.0,3988.0,5900.0,5483.0,6196.0,2416.0,1236.0,422.0,666.0,551.0,918.0,3686.0,5047.0,4884.0,5342.0,2186.0,1149.0,354.0,577.0,449.0,942.0,3430.0,4545.0,4397.0,4803.0,2946.5,2239.5,2045.5,2145.5,1919.0,2562.0,3908.5,4299.0,4389.0,4520.0,2534.0,1682.0,556.5,952.0,949.5,1592.0,1934.5,2116.0,2343.0,2465.5,2303.0,1643.5,789.0,897.0,1017.5,1211.0,1331.0,1398.0,1603.5,1582.5,2964.0,2234.0,636.0,793.0,987.0,1147.0,1241.0,1413.0,1589.0,1598.0,3987.0,2952.0,1014.0,1282.0,1689.0,1935.0,2079.0,2281.0,2445.0,2532.0,775.0,454.0,814.0,1043.0,1344.0,1764.0,1943.0,2107.0,2379.0,2288.0,3316.0,2808.0,1233.0,1519.0,1835.0,2155.0,2246.0,2416.0,2481.0,2665.0,3997.5,3573.5,2011.5,2215.0,2550.0,2866.5,2978.5,3144.0,3259.5,3389.5,2517.5,1802.5,729.5,958.0,1228.0,1446.5,1586.5,1708.5,1984.5,1939.5,2833.0,2158.0,869.0,1118.0,1362.5,1665.5,1787.5,1928.5,2132.0,2200.0,2337.0,1685.0,1983.0,1732.0,1554.0,1735.0,1731.0,1745.0,2474.0,1973.0,1626.0,1009.0,756.0,933.0,1090.0,1397.0,1586.0,1730.0,1953.0,1915.0,0.0,0.0,0.0,0.0,0.0,0.0,0.0,0.0,0.0,0.0,1044.0,1118.0,10988.0,10568.0,10396.0,10531.0,10140.0,9746.0,10158.0,9359.0,376.0,238.0,3074.0,3167.5,3355.0,3716.5,3626.0,3481.5,3779.0,3455.0,803.5,482.5,650.0,826.5,1084.5,1519.5,1728.5,1863.0,2083.5,2090.5,1147.0,674.0,747.5,1012.5,1196.5,1663.0,1950.0,2124.5,2334.0,2310.0,1142.0,668.0,653.0,971.0,1167.0,1648.0,1955.0,2128.0,2331.0,2356.0,2916.0,2118.0,1278.0,1652.0,1906.0,2585.0,2984.0,2818.0,3386.0,2897.0,"{""type"":""MultiPoint"",""coordinates"":[]}"
696,5,1196.0,754.0,711.0,934.0,1282.0,1522.0,1598.0,1763.0,1982.0,1945.0,4979.0,4213.0,1683.0,2135.0,2622.0,3033.0,3260.0,3430.0,3730.0,3778.0,3094.0,2127.0,1062.0,1312.0,1808.0,2068.0,2188.0,2396.0,2632.0,2717.0,3888.5,3060.5,1331.0,1681.0,2187.5,2499.5,2632.0,2841.0,3073.0,3167.5,4376.0,3527.5,1572.5,2009.0,2584.0,2961.5,3122.5,3372.5,3527.5,3629.0,6176.0,5920.0,2337.0,2758.0,3395.0,3872.0,3889.0,4174.0,4148.0,4526.0,0.0,0.0,0.0,0.0,0.0,0.0,0.0,0.0,0.0,0.0,5893.0,5339.0,1786.0,2325.0,2750.0,3368.0,4006.0,4345.0,4333.0,4676.0,4404.0,3449.0,2087.0,2413.0,2606.0,3235.0,4026.0,4265.0,4291.0,4604.0,4588.0,3251.0,1212.0,1603.0,1592.0,2390.0,4505.0,5096.0,5274.0,5450.0,3831.0,2291.0,780.0,1106.0,833.0,1676.0,4568.0,5771.0,5758.0,6138.0,1906.0,1258.0,817.0,1015.0,1403.0,1652.0,1712.0,1881.0,2110.0,2105.0,2423.0,1037.0,260.0,493.0,174.0,775.0,4318.0,5632.0,5428.0,5834.0,2427.5,1053.5,469.0,600.5,326.0,809.0,4098.5,5871.5,5888.5,6137.5,2397.0,1044.0,338.0,483.0,249.0,732.0,4020.0,5798.0,5644.0,6054.0,2275.5,1085.0,697.0,719.0,424.5,898.5,3772.0,5092.0,4710.0,5458.0,2136.0,965.0,340.5,593.0,305.5,972.5,3760.0,4792.5,4858.5,5062.5,2016.0,1124.5,636.5,958.5,658.0,1423.0,3291.0,3790.5,3825.0,4055.5,2298.5,1453.5,516.5,862.5,838.5,1561.5,2084.5,2313.0,2566.5,2700.5,1649.5,1124.0,1412.0,1399.0,1369.0,1499.0,1584.5,1703.5,1830.5,1803.0,3433.0,2692.0,726.0,864.0,1105.0,1380.0,1490.0,1675.0,1788.0,1903.0,4706.0,4256.0,1599.0,2008.0,2533.0,2868.0,2979.0,3183.0,3312.0,3469.0,2073.0,1389.5,901.5,1118.0,1481.0,1703.0,1825.5,1956.0,2198.0,2191.5,3347.5,2668.5,1027.5,1282.5,1659.0,1954.5,2092.0,2268.0,2386.0,2516.5,3684.0,3052.0,2362.5,2414.5,2603.5,2879.0,3038.5,3157.5,3548.0,3380.0,3082.5,2343.0,887.5,1195.5,1572.0,1830.0,1998.5,2160.5,2448.0,2423.0,2885.0,2432.0,859.0,1188.0,1538.0,1842.0,2003.0,2141.0,2308.0,2443.0,3791.0,2540.0,1282.0,1545.0,1929.0,2426.0,2678.0,2904.0,2959.0,3245.0,2668.0,1829.0,773.0,1040.0,1310.0,1672.0,1899.0,2090.0,2349.0,2339.0,0.0,0.0,0.0,0.0,0.0,0.0,0.0,0.0,0.0,0.0,501.0,546.0,10466.0,10224.0,10158.0,10212.0,9813.0,9393.0,9776.0,8958.0,535.0,338.0,4798.5,4867.5,5012.5,5269.0,5015.0,4851.5,4948.5,4637.0,1739.0,1108.0,656.0,911.0,1250.0,1510.0,1600.0,1767.0,2022.0,2010.0,3167.0,2326.0,1018.0,1341.0,1666.0,2015.0,2182.0,2326.0,2606.0,2570.0,1527.0,929.0,718.0,953.0,1284.0,1602.0,1697.0,1826.0,2073.0,2046.0,1262.0,777.0,760.0,997.0,1306.0,1574.0,1694.0,1829.0,2024.0,2046.0,"{""type"":""MultiPoint"",""coordinates"":[]}"
717,1,2015.0,1286.0,383.0,508.0,663.0,1219.0,2090.0,2238.0,2556.0,2436.0,4251.0,3775.0,1045.0,1373.0,1853.0,2130.0,2215.0,2390.0,2680.0,2677.0,2288.0,1563.0,543.0,703.0,967.0,1124.0,1239.0,1386.0,1557.0,1586.0,4399.0,3963.0,1099.0,1451.0,1897.0,2177.0,2386.0,2571.0,2842.0,2825.0,4520.0,3989.0,1126.0,1526.0,1895.0,2273.0,2664.0,2890.0,3046.0,3149.0,3911.0,3098.0,895.0,1261.0,1361.0,1803.0,2863.0,3284.0,3395.0,3453.0,0.0,0.0,0.0,0.0,0.0,0.0,0.0,0.0,0.0,0.0,2271.0,1130.0,297.0,550.0,326.0,720.0,3098.0,4236.0,4253.0,4344.0,2064.0,926.0,345.0,566.0,349.0,698.0,3253.0,4778.0,4734.0,5006.0,1884.0,818.0,235.0,446.5,247.0,590.5,2955.5,4353.0,4431.5,4588.0,0.0,0.0,0.0,0.0,0.0,0.0,0.0,0.0,0.0,0.0,2302.0,1620.0,440.0,592.0,817.0,1376.0,2148.0,2336.0,2606.0,2484.0,2235.5,1137.5,1639.0,1483.5,1036.0,1415.0,3191.0,4225.0,4408.0,4401.0,1921.0,911.0,499.0,742.0,502.0,952.0,2815.0,3664.0,3707.0,3871.0,0.0,0.0,0.0,0.0,0.0,0.0,0.0,0.0,0.0,0.0,3857.5,3060.0,1718.0,1950.0,2144.0,2621.5,3043.5,3340.5,3136.5,3583.0,2944.5,2809.0,649.5,831.0,1123.5,1312.0,1392.5,1532.5,1661.5,1739.0,0.0,0.0,0.0,0.0,0.0,0.0,0.0,0.0,0.0,0.0,3405.0,2791.5,775.5,1041.5,1428.0,1673.0,1801.0,1960.5,2118.0,2194.5,3587.0,2956.0,790.0,1107.0,1367.0,1734.0,2009.0,2155.0,2217.0,2364.0,3658.0,3023.0,762.0,1099.0,1323.0,1703.5,2136.5,2316.0,2487.0,2539.5,3521.5,2983.5,751.5,1050.0,1293.0,1618.5,1943.5,2116.0,2267.0,2343.0,0.0,0.0,0.0,0.0,0.0,0.0,0.0,0.0,0.0,0.0,3061.0,2642.0,694.5,912.0,1253.5,1465.5,1584.0,1722.5,1882.0,1899.5,5337.0,4824.0,2300.0,2633.0,3100.0,3555.0,3670.0,3876.0,3490.0,4229.0,1718.0,1150.0,264.0,468.0,696.0,853.0,981.0,1086.0,1239.0,1240.0,2405.0,1838.5,508.5,701.0,937.5,1160.5,1362.0,1510.5,1637.0,1707.0,0.0,0.0,0.0,0.0,0.0,0.0,0.0,0.0,0.0,0.0,2149.0,1435.0,415.0,656.0,723.0,1047.0,1605.0,1786.0,1978.0,1939.0,0.0,0.0,0.0,0.0,0.0,0.0,0.0,0.0,0.0,0.0,304.0,367.0,10746.0,10452.0,10242.0,10380.0,9996.0,9535.0,9912.0,9085.0,0.0,0.0,0.0,0.0,0.0,0.0,0.0,0.0,0.0,0.0,2184.0,1428.0,340.0,499.0,726.0,1225.0,1783.0,1974.0,2262.0,2239.0,2459.0,1683.0,524.0,756.0,891.0,1349.0,1858.0,2007.0,2265.0,2267.0,2099.0,1315.0,311.0,519.0,668.0,1109.0,1503.0,1718.0,1912.0,1927.0,2342.0,1536.0,529.0,693.0,960.0,1124.0,1266.0,1417.0,1623.0,1694.0,"{""type"":""MultiPoint"",""coordinates"":[]}"
736,5,2848.0,2049.5,693.5,1011.5,1396.0,1855.5,2254.5,2431.0,2699.5,2721.0,5066.0,4937.0,1647.0,2301.0,3198.0,3675.0,3786.0,3988.0,4017.0,4061.0,2828.0,2070.0,857.0,1177.0,1805.0,2070.0,2178.0,2320.0,2487.0,2525.0,3991.5,3472.0,1248.5,1741.5,2373.0,2832.0,2973.5,3135.5,3283.5,3342.0,3134.0,2415.0,886.0,1334.0,1835.0,2259.0,2487.0,2658.0,2833.0,2825.0,6635.0,6102.0,2185.0,2884.0,3658.0,4522.0,4974.0,5454.0,5371.0,5681.0,2965.0,2154.0,3058.0,2745.0,2559.0,2918.0,3444.0,3609.0,3966.0,3667.0,3699.0,2523.0,767.0,1287.0,1280.0,2191.0,4140.0,4742.0,4771.0,5011.0,2884.0,1605.0,425.0,792.0,487.0,1289.0,3718.0,4549.0,4705.0,4760.0,2872.5,1386.0,437.0,659.5,358.0,1004.5,4578.5,6361.0,6298.0,6690.5,2807.0,1275.0,332.0,568.0,277.0,917.0,4629.0,6772.0,6809.0,7180.0,3210.0,2529.0,750.0,1061.0,1495.0,1924.0,2322.0,2535.0,2805.0,2796.0,2306.0,960.0,345.0,487.5,269.5,774.0,4100.5,5989.5,5969.0,6570.5,3685.0,2621.0,2247.0,2199.0,1943.0,2520.0,4684.0,5922.0,6094.0,6339.0,2244.0,996.0,389.0,571.0,306.0,925.0,3847.0,5417.0,5323.0,5675.0,1705.5,1043.0,418.5,799.0,475.0,1159.0,2924.0,3526.0,3414.5,3886.0,2968.5,1862.0,527.5,915.5,986.0,1804.5,2798.0,3246.5,3380.0,3699.0,3162.0,2120.5,479.0,721.5,1065.0,1442.5,1703.0,1966.5,2170.0,2411.5,3624.5,2782.0,630.5,834.0,1249.5,1531.5,1648.0,1868.0,2059.0,2197.5,2945.0,2295.0,750.0,1074.0,1683.0,1969.0,2048.0,2206.0,2224.0,2432.0,5173.0,4979.0,1453.0,2066.0,3006.0,3457.0,3544.0,3720.0,3775.0,3944.0,4995.0,4641.0,1500.0,2112.0,2969.0,3490.0,3630.0,3781.0,3935.0,4028.0,2623.0,2290.5,1801.5,1797.0,1883.0,2197.5,2423.0,2543.5,2650.5,2708.0,2844.0,2257.0,833.0,1263.0,1790.0,2203.0,2466.0,2626.0,2749.0,2758.0,3478.0,2825.5,1028.5,1511.5,1872.5,2507.5,3128.5,3290.0,3481.0,3482.0,2765.0,1950.0,659.0,1140.0,1372.0,1956.0,3292.0,3507.0,3839.0,3616.0,2767.0,1847.0,587.0,1062.0,1078.0,1904.0,3325.0,3575.0,3727.0,3776.0,0.0,0.0,0.0,0.0,0.0,0.0,0.0,0.0,0.0,0.0,2051.0,1121.0,475.0,818.0,634.0,1523.0,3488.0,3870.0,4117.0,4032.0,0.0,0.0,0.0,0.0,0.0,0.0,0.0,0.0,0.0,0.0,125.0,161.0,10560.0,10428.0,10314.0,10475.0,9959.0,9389.0,9666.0,8889.0,1866.0,1693.5,3077.5,3213.0,3485.0,3893.5,3838.5,3839.5,3744.0,3872.0,3099.5,2263.0,765.5,1073.5,1441.5,1894.5,2253.5,2465.5,2736.5,2743.0,4333.0,3907.0,1294.0,1858.0,2715.0,2992.0,3134.0,3302.0,3612.0,3541.0,3204.0,2701.0,935.0,1392.0,2057.0,2300.0,2445.0,2578.0,2778.0,2731.0,3614.0,2928.0,1350.0,1747.0,2330.0,2697.0,2957.0,3107.0,3187.0,3268.0,"{""type"":""MultiPoint"",""coordinates"":[]}"
749,2,2449.0,1810.0,733.0,944.0,1245.0,1454.0,1574.0,1754.0,1972.0,1988.0,5075.0,4553.0,1466.0,1872.0,2404.0,2786.0,2919.0,3145.0,3393.0,3453.0,3031.0,2248.0,860.0,1041.0,1332.0,1615.0,1731.0,1934.0,2112.0,2195.0,3193.0,2488.0,909.0,1114.0,1418.0,1664.0,1823.0,2001.0,2194.0,2229.0,0.0,0.0,0.0,0.0,0.0,0.0,0.0,0.0,0.0,0.0,5167.0,5038.0,1482.0,1838.0,2390.0,2740.0,2877.0,3090.0,3198.0,3377.0,0.0,0.0,0.0,0.0,0.0,0.0,0.0,0.0,0.0,0.0,5645.0,5220.0,1617.0,2134.0,2570.0,3172.0,3489.0,3777.0,3964.0,4089.0,3439.0,2695.0,1102.0,1372.0,1589.0,2111.0,2998.0,3342.0,2785.0,3736.0,3817.0,2719.0,844.0,1240.0,1194.0,1986.0,3387.0,3801.0,3941.0,4056.0,2780.0,1466.0,668.0,948.0,711.0,1442.0,3863.0,4558.0,4488.0,4774.0,3231.0,2642.0,964.0,1240.0,1620.0,1853.0,2033.0,2157.0,2445.0,2403.0,2650.5,1104.0,435.0,754.0,353.5,1215.0,4899.5,6106.0,5965.5,6353.0,2565.0,1065.0,429.0,741.0,334.0,1209.0,5096.0,6555.0,6602.0,6793.0,2472.0,929.0,389.0,713.0,303.0,1199.0,5236.0,7000.0,6735.0,7225.0,2369.0,903.0,388.0,694.0,304.0,1134.0,5055.0,6656.0,6328.0,6880.0,2279.0,872.0,373.5,698.0,325.5,1252.0,4962.5,6052.0,6278.0,6341.0,0.0,0.0,0.0,0.0,0.0,0.0,0.0,0.0,0.0,0.0,2067.5,839.0,318.5,580.5,353.0,1382.0,4133.0,4788.0,5060.0,5159.5,2652.5,1557.5,582.0,720.5,811.5,1551.0,2244.5,2523.5,2686.0,3008.5,3079.0,2033.0,892.0,1002.0,1244.0,1619.5,1872.0,2126.0,2428.5,2578.0,3295.0,2307.0,488.0,625.0,904.0,1235.0,1519.0,1813.0,2111.0,2268.0,0.0,0.0,0.0,0.0,0.0,0.0,0.0,0.0,0.0,0.0,3352.0,2118.0,505.0,759.0,1076.0,1527.0,2037.0,2323.0,2696.0,2833.0,0.0,0.0,0.0,0.0,0.0,0.0,0.0,0.0,0.0,0.0,2463.0,1410.0,349.0,646.0,816.0,1396.0,2109.0,2407.0,2754.0,2884.0,3539.0,2181.5,966.0,1157.0,1241.0,1889.0,2747.0,3123.5,3424.0,3646.0,0.0,0.0,0.0,0.0,0.0,0.0,0.0,0.0,0.0,0.0,2699.0,1648.0,525.0,784.0,783.0,1316.0,2217.0,2477.0,2807.0,2868.0,0.0,0.0,0.0,0.0,0.0,0.0,0.0,0.0,0.0,0.0,974.0,1034.0,10584.0,10320.0,10339.0,10407.0,10138.0,9782.0,10144.0,9393.0,0.0,0.0,0.0,0.0,0.0,0.0,0.0,0.0,0.0,0.0,2908.0,2296.0,871.0,1090.0,1382.0,1658.0,1869.0,2056.0,2271.0,2267.0,3285.0,2522.0,905.0,1189.0,1477.0,1834.5,2212.0,2423.0,2645.0,2680.0,2569.0,1809.0,685.0,946.0,1137.0,1525.0,1925.0,2119.0,2308.0,2339.0,4012.0,3135.0,1278.0,1621.5,2005.5,2495.0,2690.5,2874.5,3150.0,3142.0,"{""type"":""MultiPoint"",""coordinates"":[]}"
761,5,1920.0,1215.0,642.0,870.0,1149.0,1388.0,1520.0,1518.0,1744.0,1829.0,2675.0,1925.0,732.0,1081.0,1420.0,1713.0,1829.0,1985.0,1970.0,2159.0,2241.0,1416.0,693.0,959.0,1266.0,1529.0,1645.0,1701.0,1810.0,1820.0,2827.5,2101.0,839.0,1182.0,1484.5,1791.5,2008.5,2164.5,2232.0,2238.0,2351.0,1534.0,614.0,935.0,1168.0,1538.0,1748.0,1965.0,1992.0,2068.0,3850.0,2903.0,1023.0,1487.0,1604.0,2237.0,2954.0,3181.0,3201.0,3319.0,2600.0,1560.0,675.0,946.0,818.0,1403.0,2634.0,2969.0,2901.0,3033.0,2497.0,1328.0,435.0,746.0,507.0,1152.0,3351.0,3961.0,3993.0,4189.0,2554.0,1398.0,444.0,651.0,494.0,1070.0,3357.0,4391.0,4253.0,4507.0,2457.0,1324.0,431.0,662.0,425.0,935.0,3622.0,4766.0,4912.0,4771.0,2155.0,1052.0,333.0,522.0,335.0,882.0,3442.0,4834.0,4834.0,4901.0,1914.0,1252.0,499.0,763.0,998.0,1198.0,1314.0,1425.0,1472.0,1539.0,2377.0,1112.5,438.0,598.5,389.5,934.0,3802.5,5221.0,5223.5,5536.0,2337.0,1141.0,390.0,598.0,354.0,975.0,3578.0,4920.0,4875.0,5139.0,2014.0,1011.0,452.0,610.0,409.0,934.0,3204.0,4266.0,4234.0,4474.0,2231.0,1194.0,506.5,756.0,543.0,1241.5,2931.5,3544.0,3539.5,3942.0,2234.5,1319.5,460.0,690.0,609.5,1181.5,2274.0,2646.5,2616.0,3011.5,2671.0,1749.0,489.0,690.0,802.0,1253.0,1823.0,1905.0,2095.0,2374.0,2621.0,1745.0,609.0,698.5,905.5,1080.0,1267.0,1336.5,1438.5,1667.0,3122.0,2417.0,641.0,882.0,1226.0,1451.0,1575.0,1725.0,1664.0,1862.0,3104.0,2320.0,676.0,904.0,1226.0,1530.0,1581.0,1741.0,1687.0,1889.0,2450.0,1980.5,590.5,791.5,1105.5,1237.5,1339.5,1369.5,1498.0,1558.0,1992.0,1330.0,633.0,887.0,1154.0,1317.0,1439.0,1537.0,1750.0,1666.0,1890.0,1438.0,507.5,686.5,920.0,1055.5,1069.5,1220.5,1268.5,1314.5,1622.0,1219.0,469.0,613.0,793.5,854.5,855.5,982.5,1065.5,967.5,1968.5,1366.0,446.0,667.5,952.5,1043.0,1274.5,1289.0,1432.0,1526.5,1925.0,1241.0,376.0,591.0,842.0,1064.0,1114.0,1277.0,1271.0,1391.0,0.0,0.0,0.0,0.0,0.0,0.0,0.0,0.0,0.0,0.0,1935.5,1325.5,518.0,713.0,915.5,1095.5,1293.5,1417.5,1408.0,1559.0,0.0,0.0,0.0,0.0,0.0,0.0,0.0,0.0,0.0,0.0,114.0,132.0,7657.0,7802.0,7932.0,8179.0,7810.0,7222.0,7298.0,6603.0,872.0,518.0,1188.0,1487.0,1797.0,1926.0,1906.0,1892.0,1984.0,1871.0,2321.0,1518.0,748.0,1055.0,1386.0,1618.0,1750.0,1876.0,2024.0,1976.0,2537.5,2066.5,730.0,1150.0,1550.5,1730.0,1752.5,1805.5,1723.5,1893.5,3316.0,2643.0,941.0,1315.0,1731.0,1941.0,2008.0,2212.0,2306.0,2322.0,2447.0,1599.0,702.0,986.0,1302.0,1486.0,1614.0,1744.0,1838.0,1914.0,"{""type"":""MultiPoint"",""coordinates"":[]}"
765,3,841.0,570.0,498.0,627.0,847.0,951.0,1029.0,1119.0,1258.0,1143.0,2528.0,2009.0,1002.0,1310.0,1657.0,1891.0,1982.0,2136.0,2207.0,2242.0,1169.0,617.5,853.0,1221.0,1577.5,1836.5,1900.5,2050.5,2145.5,2127.5,2691.5,2035.5,1441.0,1873.5,2256.0,2608.0,2725.0,2888.0,3039.0,3074.0,4707.0,3915.0,1757.0,2375.0,3016.0,3318.0,3454.0,3628.0,3941.0,3826.0,0.0,0.0,0.0,0.0,0.0,0.0,0.0,0.0,0.0,0.0,0.0,0.0,0.0,0.0,0.0,0.0,0.0,0.0,0.0,0.0,4989.0,3429.0,3707.0,3601.0,3606.0,4332.0,5187.0,5656.0,6019.0,6029.0,1266.0,681.0,662.0,826.0,610.0,1084.0,1465.0,1606.0,2342.0,1678.0,1664.0,809.0,518.0,724.0,488.5,1001.0,2765.5,3568.0,3443.0,3713.5,1706.0,842.0,584.0,818.0,517.0,1072.0,2929.0,4087.0,3786.0,4015.0,2178.0,1767.5,912.5,1075.0,1307.5,1483.0,1531.5,1629.5,1893.5,1828.5,1470.0,661.0,427.0,571.0,335.0,777.0,2757.5,4036.0,3855.5,4208.0,1709.5,804.0,475.0,730.5,419.5,1028.5,3304.5,4641.5,4464.5,4847.5,1522.0,730.5,487.0,780.0,417.0,1178.0,3215.5,4267.5,4108.0,4515.5,1746.0,910.0,512.0,979.0,614.0,1602.0,3514.0,4197.0,3990.0,4424.0,2066.0,1138.5,658.5,1231.0,1085.0,2199.5,3423.5,3802.0,3896.0,4045.5,1825.0,1056.0,745.5,1035.0,1212.0,1833.5,2173.0,2409.0,2512.5,2693.5,3556.0,2553.0,1094.0,1498.0,1919.0,2191.0,2332.0,2548.0,2899.0,2834.0,3149.5,2212.0,948.0,1239.5,1658.0,1995.5,2087.5,2264.5,2374.0,2515.0,3524.0,2399.5,1015.5,1334.5,1784.5,2123.5,2319.5,2412.5,2755.5,2676.5,1845.0,1818.0,564.0,788.0,1077.0,1227.0,1266.0,1371.0,1524.0,1530.0,3768.0,3404.0,2494.0,2587.0,2788.0,2978.0,2995.0,3116.0,3473.0,3315.0,1599.0,1160.5,656.0,869.0,1157.5,1372.5,1460.5,1543.5,1649.0,1676.0,2939.5,2571.5,2393.0,2528.0,2709.5,2945.5,2952.0,3046.0,3016.5,3193.5,1055.5,648.0,666.5,953.0,1226.0,1389.0,1427.0,1502.0,1662.0,1613.0,1730.0,1195.0,851.0,1194.0,1485.0,1641.0,1713.0,1813.0,2011.0,1924.0,0.0,0.0,0.0,0.0,0.0,0.0,0.0,0.0,0.0,0.0,763.0,458.0,721.0,978.0,1210.0,1479.0,1503.0,1568.0,1695.0,1596.0,0.0,0.0,0.0,0.0,0.0,0.0,0.0,0.0,0.0,0.0,938.0,935.0,9720.0,9520.0,9642.0,9662.0,9426.0,9074.0,9534.0,8732.0,632.5,451.0,1447.0,1696.0,1869.0,1993.5,1756.0,1841.5,2085.0,1884.5,1360.0,910.0,781.0,1046.0,1291.0,1458.0,1477.0,1603.0,1772.0,1726.0,1659.0,1201.0,842.5,1123.0,1297.5,1587.0,1645.5,1754.0,1823.5,1779.5,1116.0,765.0,731.0,983.0,1178.0,1423.0,1472.0,1553.0,1607.0,1552.0,3699.0,3272.0,1589.0,1996.0,2357.5,2605.0,2691.0,2837.0,2998.0,2954.0,"{""type"":""MultiPoint"",""coordinates"":[]}"
766,5,579.0,374.0,251.5,307.0,401.0,428.0,458.5,498.5,560.5,554.5,4687.5,4572.0,1428.0,1842.5,2336.5,2642.5,2805.0,2990.0,3179.5,3256.0,2538.5,1885.5,712.0,901.0,1199.5,1404.0,1502.5,1650.5,1790.0,1854.5,3052.5,2320.0,974.5,1207.0,1507.5,1784.0,1960.0,2128.0,2299.5,2355.5,0.0,0.0,0.0,0.0,0.0,0.0,0.0,0.0,0.0,0.0,4227.5,3525.5,1182.5,1623.0,1807.0,2362.5,3162.0,3440.5,3558.0,3670.0,0.0,0.0,0.0,0.0,0.0,0.0,0.0,0.0,0.0,0.0,3773.0,2635.0,672.5,1075.0,912.0,1648.0,3982.5,4654.0,4778.0,4855.0,2857.5,1393.5,283.5,559.0,298.5,964.0,4535.0,5815.0,5741.5,6093.0,2474.5,1160.5,311.5,536.0,239.0,835.5,4297.0,5903.0,5979.0,6117.5,0.0,0.0,0.0,0.0,0.0,0.0,0.0,0.0,0.0,0.0,2798.5,2367.5,786.5,1017.5,1380.0,1579.5,1667.5,1795.5,2004.0,2026.0,2250.5,973.0,303.0,449.0,193.0,707.5,3877.0,5670.5,5470.0,5987.0,2225.5,953.5,421.0,563.0,320.5,797.5,4054.0,5651.5,5734.0,5898.5,0.0,0.0,0.0,0.0,0.0,0.0,0.0,0.0,0.0,0.0,1387.5,593.0,290.0,412.5,228.5,608.0,2536.5,3308.0,3222.0,3498.0,1885.5,818.0,295.0,572.0,303.0,1030.5,3492.0,4303.0,4473.0,4567.0,0.0,0.0,0.0,0.0,0.0,0.0,0.0,0.0,0.0,0.0,2540.0,1636.0,444.0,762.5,911.5,1517.0,1987.0,2259.5,2475.5,2663.0,2265.0,1765.0,976.5,1067.5,1223.5,1453.5,1565.0,1699.0,1425.0,1921.0,3377.0,2583.5,646.0,874.5,1280.0,1509.5,1639.5,1809.5,2020.0,2109.5,3563.5,3278.5,763.5,1002.0,1416.0,1624.0,1749.0,1906.5,2034.5,2150.0,0.0,0.0,0.0,0.0,0.0,0.0,0.0,0.0,0.0,0.0,3562.0,2994.0,840.0,1114.0,1426.5,1744.5,1973.0,2105.0,2289.0,2365.5,0.0,0.0,0.0,0.0,0.0,0.0,0.0,0.0,0.0,0.0,2081.0,1271.5,372.5,607.5,728.5,1153.5,1752.5,1902.5,2082.0,2106.0,2872.5,1933.5,589.5,880.5,967.5,1537.0,2397.0,2661.5,2749.5,2837.5,0.0,0.0,0.0,0.0,0.0,0.0,0.0,0.0,0.0,0.0,2290.0,1447.5,523.0,791.0,721.5,1232.5,2248.5,2460.5,2694.0,2603.0,0.0,0.0,0.0,0.0,0.0,0.0,0.0,0.0,0.0,0.0,900.0,984.5,11040.5,10588.5,10502.5,10612.5,10272.0,9858.0,10254.0,9450.0,0.0,0.0,0.0,0.0,0.0,0.0,0.0,0.0,0.0,0.0,2821.0,2267.0,886.0,1100.0,1427.0,1627.0,1726.0,1862.0,2066.0,2081.0,3558.5,2990.5,1038.0,1342.0,1725.5,1962.0,2098.5,2294.0,2490.5,2499.5,2758.0,2125.0,792.5,1052.0,1403.5,1600.5,1704.5,1838.0,2025.0,2035.0,5311.0,5208.0,1765.5,2218.0,2772.5,3118.0,3230.5,3446.0,3621.0,3723.0,"{""type"":""MultiPoint"",""coordinates"":[]}"
775,5,1763.0,1230.5,545.5,755.5,995.5,1185.5,1263.5,1363.5,1510.5,1516.0,2794.0,2128.5,842.0,1177.5,1522.0,1793.0,1895.0,1937.0,2127.5,2024.5,1663.0,1073.0,767.0,1023.0,1273.0,1538.0,1600.0,1714.0,1793.0,1813.0,2646.5,2035.0,868.5,1193.5,1441.0,1818.5,2013.0,2156.5,2250.0,2291.5,2162.0,1303.0,717.0,1039.0,1225.0,1625.0,1930.0,2019.0,2153.0,2191.0,3529.0,2785.0,934.0,1294.0,1471.0,1929.0,2550.0,2769.0,2792.0,2942.0,380.0,203.0,321.0,309.0,236.0,326.0,480.0,502.0,473.0,545.0,3449.5,2542.5,1835.5,1982.0,1874.5,2381.0,3340.5,3705.5,3719.5,3793.5,1413.0,663.0,394.0,703.0,472.0,1104.0,2666.0,3146.0,3244.0,3300.0,2553.0,1471.0,473.0,727.0,521.0,1086.0,3028.0,3586.0,3816.0,3869.0,2083.0,980.0,323.0,556.0,339.0,861.0,2993.0,3846.0,3862.0,4079.0,1996.0,1464.0,502.0,706.0,916.0,1127.0,1173.0,1273.0,1396.0,1343.0,3288.5,2633.0,2754.5,2828.5,2704.0,3259.0,4436.0,4935.5,4624.0,5081.5,1469.0,640.0,500.0,688.0,456.0,907.0,2274.0,2860.0,2940.0,3062.0,1716.0,915.0,387.5,572.0,455.5,992.0,2428.5,2977.5,2934.5,3162.5,1770.0,926.0,513.0,659.0,563.0,1147.0,2027.0,2455.0,2412.0,2729.0,1891.5,1091.5,397.0,613.0,609.0,1080.0,1666.0,1915.5,2006.0,2213.0,3083.0,2162.0,551.0,725.0,953.0,1290.0,1565.0,1818.0,1941.0,2154.0,1687.0,1049.5,439.0,567.5,615.0,970.5,1397.5,1553.5,1597.5,1721.0,1593.0,1053.0,560.5,713.5,771.5,1221.0,1650.0,1820.0,1834.5,1908.0,1975.0,1201.0,389.0,581.0,620.0,1060.0,1664.0,1865.0,2061.0,2065.0,2433.0,1736.0,449.0,640.0,770.0,1202.0,1724.0,1874.0,2015.0,2121.0,3779.0,3475.0,1774.0,1976.0,2250.0,2501.0,2667.0,2788.0,2884.0,2982.0,1864.0,1471.0,524.0,665.5,881.5,1018.5,1090.0,1210.5,1312.5,1333.5,2725.5,2220.0,966.5,1154.5,1490.0,1672.5,1713.0,1774.0,1808.0,1945.5,1583.5,1161.0,397.0,556.0,785.5,893.5,950.0,1032.5,1177.5,1160.5,1963.0,1545.0,544.0,655.0,897.0,1035.0,1073.0,1133.0,1179.0,1296.0,0.0,0.0,0.0,0.0,0.0,0.0,0.0,0.0,0.0,0.0,1526.5,1135.0,427.0,527.5,690.5,803.5,860.5,947.5,1008.5,1030.5,0.0,0.0,0.0,0.0,0.0,0.0,0.0,0.0,0.0,0.0,155.0,159.0,8463.0,8438.0,8424.0,8614.0,8160.0,7509.0,7614.0,6823.0,268.0,159.0,844.0,1152.0,1319.0,1400.0,1175.0,1183.0,1218.0,1034.0,2341.0,1541.0,697.0,962.0,1200.0,1469.0,1586.0,1705.0,1890.0,1884.0,3108.0,2548.5,865.0,1153.0,1498.5,1721.5,1840.0,1986.5,2029.5,2153.5,2971.0,2480.0,750.0,994.0,1324.0,1536.0,1623.0,1758.0,1873.0,1909.0,2168.5,1519.0,652.0,913.5,1202.0,1403.0,1486.0,1596.0,1738.0,1756.0,"{""type"":""MultiPoint"",""coordinates"":[]}"
803,5,1795.0,1231.0,426.0,561.0,684.0,947.0,1268.0,1376.0,1536.0,1496.0,2981.0,2557.0,878.0,1091.5,1397.0,1610.5,1686.5,1800.0,1931.0,1977.0,2086.0,1525.0,600.0,721.0,927.0,1101.0,1182.0,1276.0,1402.0,1402.0,2302.0,1625.0,663.0,799.0,934.0,1206.0,1444.0,1566.0,1687.0,1742.0,0.0,0.0,0.0,0.0,0.0,0.0,0.0,0.0,0.0,0.0,3614.0,2867.0,1029.0,1365.0,1473.0,1954.0,2749.0,3047.0,3151.0,3263.0,0.0,0.0,0.0,0.0,0.0,0.0,0.0,0.0,0.0,0.0,1853.5,1005.0,372.0,527.0,327.0,733.0,2545.5,3362.0,3383.0,3275.0,2874.0,1484.0,441.0,720.0,389.0,1157.0,4649.0,6287.0,6597.0,7074.0,2577.0,1310.0,352.0,561.0,283.0,819.0,3890.0,5302.0,5965.0,5649.0,2255.0,1194.0,242.0,435.0,249.0,831.0,3641.0,5168.0,5474.0,5408.0,1751.0,1267.0,453.0,571.0,705.0,967.0,1286.0,1364.0,1516.0,1477.0,718.0,373.0,461.0,489.0,301.0,503.0,1796.0,2298.0,2179.0,2353.0,3286.0,1682.0,1609.0,1653.0,1276.0,1767.0,4633.0,6019.0,6309.0,6551.0,2250.0,1158.0,466.0,592.0,375.0,841.0,3503.0,4825.0,4820.0,4982.0,1537.5,725.0,278.0,444.0,250.5,738.5,2429.0,3033.5,3019.0,3357.5,2328.0,1570.5,432.0,586.0,701.0,1107.0,1448.5,1648.5,1740.5,1927.0,2898.0,2113.0,550.0,699.0,957.0,1264.0,1444.0,1756.0,1780.0,2052.0,2790.0,1946.0,596.0,761.0,1058.0,1336.5,1511.5,1636.0,1799.5,1908.5,2802.0,2082.0,596.0,795.0,1044.0,1274.0,1373.0,1498.0,1608.0,1770.0,3407.5,3284.0,2542.5,2461.0,2458.5,2674.5,2649.5,2648.5,2982.0,2767.5,2341.0,2044.0,632.0,771.0,996.0,1130.0,1244.0,1346.0,1419.0,1489.0,0.0,0.0,0.0,0.0,0.0,0.0,0.0,0.0,0.0,0.0,790.0,576.0,467.0,450.0,469.0,543.0,519.0,542.0,624.0,580.0,2480.0,2080.0,667.0,840.0,1060.0,1280.0,1338.0,1475.0,1492.0,1594.0,1433.0,994.0,302.0,457.0,601.0,771.0,843.0,901.0,1031.0,1091.0,2152.0,1796.0,557.0,688.0,861.0,1067.0,1212.0,1315.0,1390.0,1433.0,0.0,0.0,0.0,0.0,0.0,0.0,0.0,0.0,0.0,0.0,1245.0,861.0,410.0,455.0,572.0,706.0,829.0,910.0,934.0,977.0,0.0,0.0,0.0,0.0,0.0,0.0,0.0,0.0,0.0,0.0,337.0,331.0,7800.0,7904.0,7849.0,8055.0,7771.0,7248.0,7414.0,6665.0,0.0,0.0,0.0,0.0,0.0,0.0,0.0,0.0,0.0,0.0,2079.0,1456.0,592.0,727.0,936.0,1146.0,1287.0,1344.0,1520.0,1523.0,2616.0,2123.0,771.5,951.5,1205.5,1346.5,1416.0,1540.5,1708.0,1730.0,3019.0,2644.0,823.0,1026.0,1351.0,1558.0,1598.0,1743.0,1902.0,1920.0,3851.0,3454.0,1218.0,1481.0,1870.0,2123.0,2139.0,2318.0,2427.0,2491.0,"{""type"":""MultiPoint"",""coordinates"":[]}"
828,3,1973.5,1299.5,582.5,824.5,1047.0,1320.0,1543.0,1747.0,1918.0,1942.0,4219.0,3720.5,1322.5,1710.0,2069.5,2393.5,2527.5,2714.0,2911.5,2962.5,2265.0,1563.0,715.5,950.0,1128.5,1430.0,1564.0,1691.5,1837.5,1884.5,2140.5,1415.5,771.5,998.0,1142.0,1450.0,1657.0,1784.5,1953.5,1963.5,0.0,0.0,0.0,0.0,0.0,0.0,0.0,0.0,0.0,0.0,814.0,571.0,883.0,1158.0,1147.0,1567.0,1651.0,1811.0,1704.0,1829.0,0.0,0.0,0.0,0.0,0.0,0.0,0.0,0.0,0.0,0.0,1546.5,829.0,338.0,555.0,294.5,794.0,2359.0,2908.0,2720.0,2727.5,0.0,0.0,0.0,0.0,0.0,0.0,0.0,0.0,0.0,0.0,1615.0,810.0,391.5,717.5,369.0,1090.0,3027.5,3890.5,3655.5,3825.0,0.0,0.0,0.0,0.0,0.0,0.0,0.0,0.0,0.0,0.0,2911.0,2329.0,846.5,1113.0,1439.0,1719.0,1914.0,2061.5,2260.0,2290.5,1165.0,519.5,360.0,524.5,266.0,820.0,2481.5,3333.0,3117.5,3205.5,1542.0,757.5,533.0,846.0,490.0,1223.5,3155.5,4137.0,4131.0,4272.0,0.0,0.0,0.0,0.0,0.0,0.0,0.0,0.0,0.0,0.0,2702.0,1675.0,844.0,1255.5,1343.5,2234.0,3036.0,3521.0,3408.5,3847.0,4557.5,3481.5,1180.5,1638.0,2316.0,2759.5,2949.5,3286.5,3316.5,3635.0,0.0,0.0,0.0,0.0,0.0,0.0,0.0,0.0,0.0,0.0,3529.0,3152.0,1013.5,1306.0,1718.5,1917.5,2011.5,2141.5,2270.0,2396.0,693.0,444.0,555.0,580.0,570.5,634.0,660.0,704.5,685.5,692.5,3725.0,3294.5,1008.0,1373.5,1703.0,2037.5,2190.5,2336.5,2534.5,2548.0,4440.0,4212.5,1408.5,1794.0,2205.5,2542.5,2702.5,2930.0,3077.5,3164.5,0.0,0.0,0.0,0.0,0.0,0.0,0.0,0.0,0.0,0.0,3604.5,3611.5,881.0,1170.5,1565.0,1772.0,1843.0,2013.5,2136.5,2174.0,0.0,0.0,0.0,0.0,0.0,0.0,0.0,0.0,0.0,0.0,2008.5,1437.0,494.5,760.5,1042.5,1214.5,1286.5,1392.0,1534.5,1553.0,2626.0,1998.5,787.5,1051.5,1350.0,1573.5,1640.5,1760.5,1881.0,1933.5,0.0,0.0,0.0,0.0,0.0,0.0,0.0,0.0,0.0,0.0,2191.5,1661.5,620.0,838.5,1072.5,1272.0,1352.5,1447.0,1635.0,1613.0,0.0,0.0,0.0,0.0,0.0,0.0,0.0,0.0,0.0,0.0,980.0,1051.5,10973.5,10568.0,10492.0,10586.0,10281.5,9877.0,10198.5,9466.5,4457.5,3915.5,4152.0,4007.0,4017.5,4184.0,4009.0,3965.5,4478.0,3906.0,2680.5,1990.5,753.0,1027.5,1269.0,1587.5,1879.0,2011.0,2209.0,2234.5,2826.0,2102.5,837.0,1149.0,1435.5,1725.5,1872.0,2004.0,2262.5,2187.5,1972.5,1249.0,614.0,898.0,1177.5,1461.0,1568.5,1745.5,1956.0,1994.5,3171.5,2509.0,1031.0,1293.0,1565.5,1839.5,1914.0,2092.5,2241.5,2288.5,"{""type"":""MultiPoint"",""coordinates"":[]}"
840,5,1885.0,1212.0,655.0,844.0,1177.0,1368.0,1515.0,1641.0,1872.0,1864.0,3921.0,3539.0,1080.0,1414.0,1817.0,2093.0,2208.0,2370.0,2520.0,2584.0,2420.0,1649.5,746.0,934.0,1213.0,1446.0,1588.0,1738.5,1882.5,1942.5,949.0,544.0,554.0,601.0,702.0,807.0,820.0,887.0,1068.0,955.0,0.0,0.0,0.0,0.0,0.0,0.0,0.0,0.0,0.0,0.0,5244.5,4556.0,1506.0,1947.5,2400.0,2853.0,3170.5,3392.5,3593.0,3726.0,0.0,0.0,0.0,0.0,0.0,0.0,0.0,0.0,0.0,0.0,4035.0,3248.0,986.0,1347.0,1572.0,2040.0,2382.0,2631.0,2730.0,2852.0,0.0,0.0,0.0,0.0,0.0,0.0,0.0,0.0,0.0,0.0,3514.0,2570.0,777.0,1109.0,1051.0,1671.0,3033.0,3511.0,3591.0,3674.0,4066.0,2799.5,1654.5,2039.5,1972.0,2771.5,5566.0,6444.5,5890.5,6608.0,2398.0,1766.0,776.0,1000.0,1350.0,1572.0,1662.0,1798.0,2038.0,2022.0,1637.5,689.5,405.0,509.0,258.0,669.5,3095.0,4141.0,3964.0,4283.0,2400.0,1065.0,255.0,461.0,187.0,749.0,4497.0,6303.0,6398.0,6452.0,2159.0,915.0,333.0,499.0,242.0,758.0,4069.0,5762.0,5576.0,6089.0,2145.5,929.5,396.0,663.5,407.0,935.5,3762.0,4966.0,4866.5,5276.5,2031.0,906.0,262.5,520.5,243.5,899.0,3612.5,4573.0,4702.5,4852.5,0.0,0.0,0.0,0.0,0.0,0.0,0.0,0.0,0.0,0.0,2615.0,1657.0,422.5,776.5,816.5,1484.5,2002.5,2241.0,2427.0,2609.5,3072.0,2347.0,582.0,688.0,921.0,1102.0,1200.0,1316.0,1312.0,1588.0,3492.5,2660.0,674.5,851.5,1186.0,1372.0,1468.5,1608.0,1806.5,1893.0,3317.0,3274.0,901.0,1138.0,1481.0,1663.0,1699.0,1830.0,1936.0,2018.0,0.0,0.0,0.0,0.0,0.0,0.0,0.0,0.0,0.0,0.0,2584.5,2061.0,715.0,928.5,1132.0,1379.5,1523.0,1677.0,1767.5,1829.0,0.0,0.0,0.0,0.0,0.0,0.0,0.0,0.0,0.0,0.0,1948.0,1301.0,426.0,644.0,740.0,1046.0,1478.0,1598.0,1738.0,1719.0,2207.5,1597.5,837.0,1014.5,1123.0,1383.5,1740.0,1839.5,1870.5,1937.0,0.0,0.0,0.0,0.0,0.0,0.0,0.0,0.0,0.0,0.0,2039.0,1324.0,538.0,772.0,778.0,1129.0,1841.0,2040.0,2229.0,2206.0,0.0,0.0,0.0,0.0,0.0,0.0,0.0,0.0,0.0,0.0,972.0,1055.0,10955.0,10595.0,10532.0,10617.0,10253.0,9931.0,10260.0,9493.0,0.0,0.0,0.0,0.0,0.0,0.0,0.0,0.0,0.0,0.0,2368.0,1713.0,785.0,993.0,1314.0,1516.0,1627.0,1776.0,1977.0,2019.0,2941.0,2145.5,946.5,1216.0,1545.5,1796.0,1947.0,2125.5,2311.5,2347.5,3550.5,2977.5,2755.5,2920.0,3082.0,3446.5,3525.0,3608.5,3730.5,3790.5,0.0,0.0,0.0,0.0,0.0,0.0,0.0,0.0,0.0,0.0,"{""type"":""MultiPoint"",""coordinates"":[]}"
842,5,1476.0,963.0,391.0,608.0,948.0,1152.0,1219.0,1394.0,1506.0,1589.0,2583.0,1936.5,799.5,974.5,1162.0,1446.5,1629.0,1765.0,1830.0,1948.5,0.0,0.0,0.0,0.0,0.0,0.0,0.0,0.0,0.0,0.0,3457.0,2635.0,812.0,1066.0,1259.0,1821.0,2398.0,2619.0,2787.0,2935.0,3153.0,2233.0,687.0,1002.0,1145.0,1697.0,2333.0,2566.0,2833.0,2922.0,0.0,0.0,0.0,0.0,0.0,0.0,0.0,0.0,0.0,0.0,0.0,0.0,0.0,0.0,0.0,0.0,0.0,0.0,0.0,0.0,3021.5,2145.0,775.0,1003.0,1259.5,1613.5,1807.0,2050.0,2098.0,2343.0,5978.0,5479.5,1717.0,2142.0,2765.5,3213.5,3435.5,3742.5,3913.5,4215.0,6130.0,5793.0,1872.0,2242.0,2822.0,3192.0,3403.0,3781.0,3793.0,4212.0,1810.0,1335.0,834.0,879.0,1034.0,1311.0,1489.0,1637.0,1307.0,1818.0,2494.0,1769.5,645.0,866.5,1196.5,1413.0,1503.0,1665.5,1829.5,1888.0,4372.0,3353.0,1840.0,2166.5,2171.0,2848.0,3680.0,4091.0,4082.5,4432.5,3226.5,2267.5,1065.5,1382.0,1233.5,1880.5,3437.5,3914.0,3850.0,4229.5,2632.5,1680.0,703.0,974.5,834.5,1340.0,2971.5,3570.0,3477.5,3827.0,2916.5,1719.0,568.0,846.0,655.0,1270.5,3596.5,4500.5,4345.5,4875.0,2831.0,1747.0,518.0,837.0,724.0,1332.0,3210.0,3926.0,3905.0,4320.0,3748.0,2929.5,2935.5,3064.0,2892.5,3533.5,4831.5,5345.5,5116.5,5441.0,2309.5,1062.0,346.0,576.5,298.5,901.5,3929.5,4945.0,4837.5,5148.5,0.0,0.0,0.0,0.0,0.0,0.0,0.0,0.0,0.0,0.0,2126.0,951.0,297.0,653.0,304.0,1093.0,3807.0,4507.0,4450.0,4720.0,2537.0,1507.5,369.0,786.5,714.5,1513.5,2461.5,2769.0,3097.0,3289.0,4960.5,4505.0,3282.0,3388.5,3666.5,3962.5,4042.5,4106.5,4454.5,4321.5,2901.5,2100.5,425.5,641.5,825.0,1200.5,1580.5,1765.5,2013.0,2114.5,3280.0,2499.0,535.0,709.0,1028.0,1228.0,1400.0,1564.0,1773.0,1882.0,3073.0,2238.0,484.0,688.0,1006.0,1181.0,1337.0,1503.0,1814.0,1854.0,3080.0,2285.0,480.0,683.0,957.0,1171.0,1310.0,1464.0,1680.0,1791.0,0.0,0.0,0.0,0.0,0.0,0.0,0.0,0.0,0.0,0.0,0.0,0.0,0.0,0.0,0.0,0.0,0.0,0.0,0.0,0.0,0.0,0.0,0.0,0.0,0.0,0.0,0.0,0.0,0.0,0.0,0.0,0.0,0.0,0.0,0.0,0.0,0.0,0.0,0.0,0.0,498.0,364.0,5436.0,5657.0,5908.0,6213.0,6007.0,5729.0,6005.0,5598.0,1933.0,1280.0,642.0,879.0,1198.0,1460.0,1593.0,1724.0,1936.0,2011.0,4856.0,4367.0,4146.0,4170.0,4271.0,4610.0,4708.0,4736.0,4924.0,4828.0,2377.0,1611.5,697.0,944.0,1286.0,1588.5,1759.5,1900.5,2121.0,2203.0,2827.0,2047.0,836.0,1099.0,1448.5,1779.5,1953.0,2149.0,2352.0,2434.5,"{""type"":""MultiPoint"",""coordinates"":[]}"
844,5,2611.0,1788.0,632.0,882.0,1012.0,1468.0,2096.0,2275.5,2542.0,2423.5,3067.5,2413.0,974.5,1327.0,1721.5,2042.5,2192.0,2359.5,2503.5,2580.5,2843.0,2074.0,850.0,1181.5,1580.0,1907.5,2005.0,2200.0,2345.0,2385.5,2787.0,1917.5,1251.5,1543.0,2035.5,2391.0,2513.5,2691.0,2892.5,2971.0,0.0,0.0,0.0,0.0,0.0,0.0,0.0,0.0,0.0,0.0,5625.0,5308.5,2018.5,2642.0,3404.0,3825.5,3912.5,4092.5,4171.0,4356.5,0.0,0.0,0.0,0.0,0.0,0.0,0.0,0.0,0.0,0.0,5971.5,5663.0,1904.0,2663.0,3069.0,3955.0,4256.0,4506.5,4676.0,4726.5,5182.0,3929.5,3923.0,4205.0,4126.5,4572.0,5129.5,5338.0,5641.5,5403.0,4824.0,3938.5,1326.0,1795.0,2142.0,2852.0,3794.0,4182.0,4236.5,4527.0,4507.0,3488.0,1013.0,1486.5,1526.5,2335.5,4150.5,4775.5,4868.0,5061.0,2932.0,2141.0,770.0,983.0,1161.5,1639.5,2217.0,2435.5,2701.0,2621.0,3408.5,1995.5,520.0,824.0,668.0,1437.5,4054.5,5179.5,5144.5,5443.5,2556.5,1324.0,424.5,608.5,364.0,934.0,3753.0,4998.0,5141.0,5132.0,0.0,0.0,0.0,0.0,0.0,0.0,0.0,0.0,0.0,0.0,2581.5,1176.5,368.5,558.5,314.0,941.0,4035.5,5302.0,5190.5,5610.0,2309.5,1079.5,294.5,582.0,279.0,1033.5,3760.5,4593.0,4829.0,4923.0,0.0,0.0,0.0,0.0,0.0,0.0,0.0,0.0,0.0,0.0,3081.0,2156.0,527.0,839.0,987.5,1551.5,2157.5,2370.5,2608.0,2860.5,3030.5,2089.5,722.0,902.0,1140.0,1436.0,1663.0,1813.0,1840.0,2078.5,2927.0,2217.0,521.0,726.0,982.0,1308.0,1494.5,1675.5,1793.0,1932.5,3716.0,2890.5,1246.0,1451.5,1701.5,2032.5,2237.0,2444.5,2764.5,2766.0,0.0,0.0,0.0,0.0,0.0,0.0,0.0,0.0,0.0,0.0,3150.0,2286.0,717.0,1008.0,1225.5,1592.5,1882.0,2012.5,2198.0,2207.0,808.5,476.0,758.0,635.0,559.5,642.5,661.0,732.0,808.5,746.0,2543.0,1643.5,525.5,799.0,866.0,1351.0,1961.5,2191.0,2361.5,2349.0,2325.5,1472.0,474.5,788.0,825.0,1321.5,2046.0,2238.5,2484.0,2439.5,0.0,0.0,0.0,0.0,0.0,0.0,0.0,0.0,0.0,0.0,2385.0,1540.0,591.5,835.5,789.5,1320.5,2274.5,2552.5,2767.5,2721.0,0.0,0.0,0.0,0.0,0.0,0.0,0.0,0.0,0.0,0.0,1109.5,1203.5,10684.0,10283.0,10285.0,10451.0,10100.5,9705.5,10074.0,9368.0,2679.5,1882.5,719.5,955.5,1135.5,1610.5,2134.5,2318.5,2489.0,2555.0,2935.0,2091.5,700.5,961.5,1118.5,1661.0,2347.0,2586.5,2867.0,2817.0,2755.0,1828.0,720.5,1057.0,1060.0,1767.5,2668.5,2927.0,3191.0,3151.0,2568.0,1629.0,617.0,998.0,899.0,1792.5,2921.5,3191.5,3489.5,3419.5,3646.0,2774.0,1878.5,2375.5,2481.5,3246.0,3905.0,4012.5,4013.5,4218.5,"{""type"":""MultiPoint"",""coordinates"":[]}"
865,5,2330.5,1586.5,701.0,876.0,1136.0,1333.5,1423.0,1584.5,1778.0,1794.0,3526.5,3164.5,1075.0,1352.5,1666.5,1868.5,1976.5,2090.5,2265.5,2312.0,1872.5,1220.5,634.5,782.0,946.0,1113.5,1211.0,1353.5,1458.5,1519.0,2600.0,1703.0,1048.0,1176.0,1335.0,1574.0,1783.0,1941.0,2122.0,2124.0,0.0,0.0,0.0,0.0,0.0,0.0,0.0,0.0,0.0,0.0,3260.0,2518.0,926.5,1208.0,1300.0,1727.0,2272.0,2484.5,2571.0,2692.0,0.0,0.0,0.0,0.0,0.0,0.0,0.0,0.0,0.0,0.0,2998.0,2138.0,672.0,1018.5,912.5,1472.5,2640.5,2951.5,3059.0,3180.0,0.0,0.0,0.0,0.0,0.0,0.0,0.0,0.0,0.0,0.0,2671.5,1812.0,581.5,844.0,808.5,1298.5,2595.0,3075.5,3145.5,3296.5,0.0,0.0,0.0,0.0,0.0,0.0,0.0,0.0,0.0,0.0,2499.5,2037.0,593.0,749.5,976.5,1114.5,1216.5,1317.5,1489.5,1490.5,2243.5,1043.5,333.5,523.5,301.5,821.5,3448.5,4627.0,4460.5,4927.5,2032.0,992.0,459.5,602.0,395.5,847.5,3123.0,4138.5,4228.0,4382.0,0.0,0.0,0.0,0.0,0.0,0.0,0.0,0.0,0.0,0.0,2500.5,1488.5,453.5,739.5,604.5,1243.0,2574.5,3040.0,3057.0,3397.0,2666.5,1834.5,443.5,698.0,725.5,1231.0,1942.0,2278.0,2456.5,2520.5,0.0,0.0,0.0,0.0,0.0,0.0,0.0,0.0,0.0,0.0,2773.5,2086.5,481.5,674.0,811.5,1132.0,1491.0,1669.5,1842.0,1904.0,3437.5,2889.5,2963.0,2747.0,2697.5,2993.5,2923.5,2899.0,3101.0,2952.0,2695.5,2037.5,448.5,587.0,758.5,1012.0,1317.0,1471.5,1640.5,1723.5,3701.0,2851.0,804.5,1009.5,1386.5,1666.0,1862.0,2067.0,2238.0,2366.5,0.0,0.0,0.0,0.0,0.0,0.0,0.0,0.0,0.0,0.0,2540.0,2131.0,590.0,745.5,1031.5,1171.5,1226.0,1356.5,1473.0,1511.5,0.0,0.0,0.0,0.0,0.0,0.0,0.0,0.0,0.0,0.0,1335.0,871.5,225.0,359.5,540.5,605.0,667.5,746.5,852.0,906.0,2083.5,1641.0,504.0,646.0,883.0,1008.5,1030.5,1133.5,1241.0,1326.5,0.0,0.0,0.0,0.0,0.0,0.0,0.0,0.0,0.0,0.0,1812.0,1473.0,431.5,547.0,738.5,840.5,883.0,959.0,1114.0,1105.5,0.0,0.0,0.0,0.0,0.0,0.0,0.0,0.0,0.0,0.0,952.0,1007.5,11115.5,10667.5,10537.0,10600.5,10233.0,9874.0,10274.5,9467.0,1344.5,1281.5,1031.0,929.0,917.5,1028.5,1076.5,1229.5,1214.0,1405.0,2373.5,1666.0,703.0,906.5,1132.0,1334.5,1432.0,1556.0,1738.0,1731.5,2513.0,1786.5,744.0,959.0,1176.5,1372.0,1460.0,1613.5,1808.0,1778.5,2150.0,1380.0,653.0,869.0,1083.5,1292.5,1433.5,1565.0,1727.0,1680.0,3849.0,3544.0,1245.0,1550.5,1906.5,2138.0,2193.5,2392.0,2506.0,2580.5,"{""type"":""MultiPoint"",""coordinates"":[]}"
874,1,2614.0,2032.0,657.0,801.0,1072.0,1270.0,1354.0,1500.0,1695.0,1733.0,4772.5,4406.5,1666.0,2080.5,2616.0,2924.5,3064.5,3210.5,3357.5,3480.5,2212.5,1592.5,723.5,964.0,1267.0,1479.0,1572.5,1698.0,1827.5,1853.0,2325.0,1662.0,749.0,1038.0,1263.0,1586.0,1763.0,1878.0,2071.0,2060.0,2967.0,2282.0,744.0,1153.0,1262.0,1652.0,2033.0,2127.0,2372.0,2341.0,4386.0,3071.0,1144.0,1545.0,1343.0,2170.0,3974.0,4799.0,4646.0,4989.0,0.0,0.0,0.0,0.0,0.0,0.0,0.0,0.0,0.0,0.0,2652.0,1379.0,1101.0,1028.0,629.0,1044.0,3857.0,5652.0,5619.0,5857.0,1721.5,735.0,207.0,418.0,217.5,556.0,3364.5,5315.0,5399.5,5563.5,1705.0,725.0,405.0,541.5,408.5,675.0,2666.0,3893.5,4142.5,4080.0,1947.0,836.0,439.0,605.0,400.0,749.0,2866.0,4528.0,4521.0,4870.0,3618.5,3328.0,2268.0,2305.5,2451.5,2596.5,2603.0,2597.0,3099.5,2728.0,1627.0,703.0,355.0,510.0,301.0,641.0,2811.0,4269.0,4236.0,4595.0,1884.0,864.0,448.0,652.0,391.0,855.0,3031.0,4394.0,4498.0,4735.0,1754.0,932.0,506.0,757.0,571.0,1067.0,2576.0,3299.0,3342.0,3586.0,2066.0,1274.0,390.0,615.0,673.0,1074.0,1439.0,1665.0,1694.0,1966.0,2180.0,1614.0,400.0,516.0,701.0,946.0,1152.0,1351.0,1466.0,1609.0,2139.5,1562.0,949.0,1008.0,1045.5,1271.5,1534.5,1711.0,1785.5,1887.5,4548.0,3307.0,930.0,1280.0,1896.0,2281.0,2435.0,2668.0,2827.0,3099.0,3830.5,2886.5,1684.0,1740.5,1963.0,2335.5,2506.0,2659.5,2848.0,2892.0,4050.0,2945.5,801.0,1094.5,1531.5,1888.5,2133.0,2333.5,2548.0,2646.5,3887.0,2704.0,815.0,1086.0,1479.0,1881.0,2155.0,2416.0,2570.0,2719.0,3239.0,2671.0,835.0,1087.5,1349.0,1620.0,1723.0,1886.5,2107.0,2128.0,2637.5,2652.5,635.5,785.0,1028.0,1227.0,1270.5,1426.0,1528.5,1583.5,2281.0,1975.0,531.0,672.0,931.0,1065.0,1100.0,1251.0,1413.0,1459.0,2328.0,2003.0,507.0,714.0,965.5,1137.5,1222.0,1342.5,1499.5,1517.5,2238.0,1860.0,531.0,740.0,938.0,1166.0,1275.0,1348.0,1505.0,1519.0,3243.0,2567.0,3251.0,3239.0,3407.0,3882.0,3774.0,3893.0,3813.0,4039.0,2037.5,1598.5,657.0,826.5,1035.0,1243.0,1323.0,1410.5,1604.5,1585.5,0.0,0.0,0.0,0.0,0.0,0.0,0.0,0.0,0.0,0.0,863.0,916.0,10430.0,10156.0,10126.0,10205.0,9976.0,9553.0,9996.0,9130.0,1752.0,1250.5,1029.5,1276.5,1473.0,1679.0,1785.5,1819.0,1998.0,1912.0,3237.0,2728.0,771.0,1042.0,1367.0,1696.0,1774.0,1891.0,2106.0,2082.0,2727.0,2124.0,788.0,1016.0,1243.0,1499.5,1614.0,1713.5,1924.5,1922.5,2663.0,1977.0,726.0,988.0,1213.0,1478.0,1641.0,1745.0,1899.0,1963.0,3450.0,2906.0,1271.0,1428.0,1695.0,1917.0,2033.0,2165.0,2402.0,2414.0,"{""type"":""MultiPoint"",""coordinates"":[]}"
879,5,200.0,157.0,465.0,602.0,839.0,1051.0,911.0,972.0,1109.0,985.0,4715.0,3698.0,1523.0,1984.0,2506.0,2816.0,2930.0,3131.0,3345.0,3353.0,718.5,404.5,559.0,816.0,1094.5,1333.0,1427.0,1553.0,1705.0,1690.0,1157.0,712.0,1150.0,1413.0,1610.0,1903.0,1892.0,2060.0,2052.0,2177.0,3243.0,2352.0,1150.0,1534.0,1939.0,2121.0,2199.0,2390.0,2740.0,2639.0,5584.0,5188.0,3753.0,3698.0,3780.0,4225.0,4251.0,4433.0,4692.0,4644.0,0.0,0.0,0.0,0.0,0.0,0.0,0.0,0.0,0.0,0.0,5066.0,4863.0,1771.0,2096.0,2668.0,2984.0,3016.0,3310.0,3022.0,3581.0,4639.0,4325.0,1526.0,2056.5,2585.5,2898.5,3079.0,3238.0,3316.0,3460.5,4659.0,4196.0,1322.0,1800.5,2261.0,2650.5,3132.5,3387.5,3455.0,3585.5,3970.0,2693.0,1207.0,1657.0,1798.0,2432.0,3869.0,4415.0,4410.0,4675.0,574.0,381.0,559.0,780.0,1084.0,1282.0,1321.0,1388.0,1578.0,1537.0,3664.0,2574.0,832.0,1206.0,1240.0,1770.0,3596.0,4226.0,4205.0,4578.0,2766.0,1834.0,743.0,1046.0,1111.0,1477.0,3319.0,4097.0,4114.0,4261.0,2238.0,1134.0,493.0,553.0,419.0,871.0,3240.0,4152.0,4051.0,4379.0,2118.5,974.0,390.5,548.5,409.5,744.0,3273.5,4455.0,4313.0,4734.0,2344.0,1200.0,342.0,563.0,476.0,832.0,3419.0,4668.0,4697.0,5027.0,3292.5,2609.0,1968.0,2058.0,1922.0,2486.5,4215.5,4934.0,4949.5,5197.0,1866.0,854.0,364.0,659.0,452.0,1090.0,3086.0,3743.0,3905.0,4072.0,2063.5,1254.0,477.5,797.5,853.5,1392.5,1753.5,1929.5,2115.0,2360.0,3100.0,2256.0,524.0,775.0,1066.0,1302.0,1440.0,1637.0,1910.0,1933.0,3511.0,2622.0,685.0,983.0,1397.0,1690.0,1815.0,2011.0,2137.0,2249.0,288.0,238.0,534.0,545.0,623.0,691.0,647.0,709.0,758.0,663.0,2630.0,2236.0,718.0,959.0,1272.0,1439.0,1520.0,1620.0,1851.0,1818.0,5858.0,5529.0,5317.0,5274.0,5512.0,5842.0,5778.0,5782.0,6122.0,5871.0,2090.5,1493.0,645.0,995.5,1368.5,1562.5,1691.5,1809.0,2019.5,2008.0,2194.5,1580.0,775.5,1166.0,1520.5,1755.0,1856.5,1973.5,2128.5,2176.5,0.0,0.0,0.0,0.0,0.0,0.0,0.0,0.0,0.0,0.0,2488.0,1771.0,863.0,1216.0,1468.0,1788.0,1884.0,2017.0,2248.0,2220.0,0.0,0.0,0.0,0.0,0.0,0.0,0.0,0.0,0.0,0.0,999.0,1102.0,11042.0,10594.0,10448.0,10557.0,10166.0,9763.0,10204.0,9391.0,276.0,232.5,2193.0,2163.5,2207.0,2230.0,2044.5,2235.0,2218.0,2040.0,1582.5,1097.5,857.5,1065.0,1357.0,1582.0,1627.0,1759.0,1755.0,1845.5,1355.5,925.5,1101.0,1319.5,1543.0,1790.5,1825.0,1950.5,2120.5,2095.5,549.0,349.0,571.0,799.0,1078.0,1240.0,1340.0,1432.0,1649.0,1622.0,1975.0,1257.0,913.0,1158.0,1484.0,1785.0,1813.0,1944.0,2138.0,2098.0,"{""type"":""MultiPoint"",""coordinates"":[]}"
896,5,1456.0,885.0,740.0,1068.0,1283.0,1450.0,1460.0,1570.0,1542.0,1622.0,2680.0,1894.0,796.5,1087.0,1371.0,1577.5,1647.0,1759.0,1858.5,1940.5,1917.0,1158.0,926.0,1256.0,1537.0,1637.0,1712.0,1746.0,1907.0,1871.0,2232.0,1287.0,907.0,1178.0,1432.0,1569.0,1531.0,1630.0,1701.0,1770.0,2176.0,1387.0,888.0,1213.0,1485.0,1663.0,1758.0,1921.0,2041.0,2003.0,3164.0,2268.0,901.0,1206.0,1444.0,1738.0,1992.0,2214.0,2182.0,2341.0,1524.0,771.0,661.0,713.0,653.0,900.0,1239.0,1256.0,1465.0,1316.0,2480.0,1531.0,874.0,1201.0,1323.0,1676.0,2106.0,2341.0,2330.0,2467.0,2390.0,1534.0,561.0,751.0,811.0,1154.0,1986.0,2357.0,2266.0,2488.0,2826.0,1856.0,654.0,903.0,974.0,1312.0,2358.0,2823.0,2911.0,2952.0,2583.0,1493.0,538.0,788.0,736.0,1165.0,2727.0,3424.0,3322.0,3534.0,1521.0,946.0,603.0,836.0,1015.0,1187.0,1330.0,1309.0,1404.0,1424.0,2051.0,1058.0,685.0,925.0,780.0,1301.0,3152.0,3855.0,3625.0,3893.0,1777.0,828.0,513.0,753.0,586.0,1118.0,2790.0,3570.0,3340.0,3783.0,2257.0,1231.0,492.0,702.5,642.5,1094.0,2523.5,3166.0,3080.5,3385.0,1912.0,957.0,857.0,797.0,584.0,1157.0,2466.0,3104.0,2985.0,3153.0,2212.5,1309.0,415.5,663.5,620.5,1126.0,1966.0,2327.0,2334.0,2521.5,2701.5,1848.5,509.0,734.0,885.5,1295.5,1629.0,1837.5,2039.5,2152.0,1869.0,1228.0,561.0,738.0,929.0,1155.0,1236.0,1375.0,1484.0,1539.0,1696.5,1056.0,648.5,779.0,860.5,1103.0,1167.0,1245.0,1330.0,1378.5,2364.0,1958.0,640.0,865.0,1189.0,1382.0,1507.0,1643.0,1501.0,1869.0,3000.5,2152.5,738.5,937.5,1238.5,1425.5,1547.0,1679.0,1793.0,1915.0,2271.5,1819.0,2122.0,2251.5,2111.0,2240.0,2270.5,2321.0,2680.0,2302.5,2382.0,1769.0,576.0,716.0,967.0,1121.0,1214.0,1338.0,1416.0,1473.0,1885.0,1323.0,458.5,576.5,759.0,899.0,950.5,1035.5,1043.5,1180.5,1436.0,935.0,289.0,434.5,609.5,726.0,747.0,844.5,929.5,946.5,1336.0,893.0,243.0,364.0,542.0,618.0,676.0,702.0,770.0,775.0,0.0,0.0,0.0,0.0,0.0,0.0,0.0,0.0,0.0,0.0,1418.0,933.5,367.0,448.0,580.0,689.0,792.5,840.5,856.0,967.5,5830.0,5346.0,5950.0,5763.0,5849.0,6030.0,5932.0,5903.0,6360.0,5950.0,121.0,125.0,7607.0,7636.0,7724.0,7889.0,7546.0,6903.0,7033.0,6355.0,650.0,363.0,910.0,1262.0,1391.0,1535.0,1573.0,1494.0,1564.0,1475.0,2160.0,1273.0,879.0,1193.0,1489.0,1675.0,1796.0,1920.0,2090.0,2035.0,1754.5,1225.5,368.5,560.0,798.0,887.0,962.5,1070.0,1149.5,1190.5,2153.0,1564.0,535.0,727.0,975.0,1093.0,1165.0,1265.0,1407.0,1429.0,2233.0,1449.0,951.0,1200.0,1407.0,1588.0,1628.0,1672.0,1846.0,1780.0,"{""type"":""MultiPoint"",""coordinates"":[]}"
909,1,1707.0,1123.5,465.5,646.5,808.0,1058.0,1253.5,1344.5,1488.0,1491.0,4338.0,4149.0,1548.0,1751.0,2151.0,2390.0,2374.0,2479.0,2654.0,2706.0,2172.5,1528.0,681.5,842.5,1050.5,1217.0,1308.5,1406.0,1503.0,1539.0,2701.5,2000.0,807.5,1065.5,1189.5,1522.0,1699.0,1817.5,1927.5,1976.0,3804.0,3250.0,1149.0,1551.0,1781.0,2234.0,2359.0,2495.0,2714.0,2736.0,2688.0,1637.0,682.0,961.0,844.0,1311.0,2496.0,2814.0,2944.0,3007.0,0.0,0.0,0.0,0.0,0.0,0.0,0.0,0.0,0.0,0.0,0.0,0.0,0.0,0.0,0.0,0.0,0.0,0.0,0.0,0.0,2010.0,963.0,188.0,488.0,276.0,715.0,3658.0,5350.0,5329.0,5605.0,1666.0,832.0,487.5,577.5,346.0,604.5,2692.5,3719.5,3839.0,3878.0,1854.0,860.0,342.0,523.0,317.0,730.5,3177.5,4664.0,4693.5,4835.5,2728.0,2228.0,783.0,966.0,1188.0,1463.0,1746.0,1789.0,1987.0,2042.0,1894.0,980.0,437.0,612.0,361.0,861.0,3184.0,4501.0,4407.0,4818.0,2102.5,1124.5,509.0,755.0,512.0,1113.0,3147.0,4080.5,4198.0,4326.0,1974.5,1085.5,454.0,712.5,587.5,1172.5,2269.5,2686.5,2746.5,2920.5,2265.0,1618.0,477.0,632.0,703.0,1026.0,1538.0,1845.0,1810.0,2022.0,2581.0,1969.0,435.5,606.5,801.5,1101.0,1284.5,1516.0,1639.5,1823.5,2106.0,1513.0,401.0,500.0,635.0,783.0,1042.0,1123.0,1204.0,1374.0,3146.5,2716.0,875.0,1113.0,1507.5,1764.0,1899.0,2021.5,2122.0,2222.5,2459.0,1894.0,1224.5,1349.0,1486.0,1780.0,1963.0,2066.5,2009.0,2182.0,2648.5,2035.0,845.0,1124.0,1304.0,1505.0,1642.5,1808.5,1860.0,1927.5,3614.0,3129.0,943.5,1280.5,1575.0,1969.0,2192.5,2344.5,2459.5,2564.0,2778.5,2213.5,1147.0,1382.5,1596.0,1843.5,2017.5,2137.0,2288.0,2295.5,3227.0,3019.0,874.0,1160.0,1509.0,1743.0,1761.0,1864.0,1988.0,2036.0,1458.0,1111.0,1027.0,1034.0,1105.0,1212.0,1318.0,1432.0,1360.0,1472.0,1784.5,1270.5,462.5,665.0,944.0,1081.5,1132.0,1212.0,1377.5,1373.5,2121.5,1605.0,541.0,770.5,1059.0,1265.0,1303.5,1417.5,1501.0,1522.5,2572.0,1755.0,2880.0,2662.0,2509.0,2762.0,2748.0,2679.0,3280.0,2570.0,2046.0,1405.0,708.0,851.0,1111.0,1281.0,1374.0,1474.0,1622.0,1600.0,0.0,0.0,0.0,0.0,0.0,0.0,0.0,0.0,0.0,0.0,1055.0,1141.0,11084.0,10692.0,10550.0,10618.0,10320.0,9989.0,10351.0,9511.0,1191.5,804.5,3126.5,3209.0,3341.0,3751.0,3703.0,3630.5,3671.0,3525.5,2383.0,1716.0,575.0,782.0,944.0,1309.0,1652.0,1759.0,1984.0,1977.0,2416.0,1720.0,782.0,1002.0,1193.0,1494.0,1740.0,1850.0,1983.0,2002.0,2216.0,1532.0,650.0,906.0,1125.0,1416.0,1564.0,1686.0,1843.0,1846.0,3476.0,2978.0,1029.0,1382.0,1695.0,2019.0,2070.0,2220.0,2441.0,2452.0,"{""type"":""MultiPoint"",""coordinates"":[]}"
911,5,626.0,489.0,450.0,621.0,953.0,1199.0,1284.0,1381.0,1522.0,1554.0,4303.0,3249.0,1182.0,1577.0,1899.0,2469.0,2905.0,3098.0,3386.0,3398.0,2054.0,1312.5,722.0,949.0,1196.5,1530.0,1765.5,1949.0,2125.0,2143.0,2288.0,1510.0,756.0,1044.0,1312.0,1620.0,1927.0,2071.0,2266.0,2272.0,0.0,0.0,0.0,0.0,0.0,0.0,0.0,0.0,0.0,0.0,4851.0,4364.0,1442.0,1855.0,2310.0,2753.0,3060.0,3361.0,3463.0,3582.0,0.0,0.0,0.0,0.0,0.0,0.0,0.0,0.0,0.0,0.0,4622.0,3816.0,1238.0,1748.0,1896.0,2548.0,3432.0,3769.0,4015.0,4072.0,4675.0,3507.0,2807.0,3076.0,3181.0,3677.0,4403.0,4713.0,4805.0,4871.0,4371.0,3257.0,974.0,1396.0,1677.0,2310.0,3146.0,3560.0,3781.0,3952.0,0.0,0.0,0.0,0.0,0.0,0.0,0.0,0.0,0.0,0.0,1432.0,938.0,664.0,916.0,1284.0,1613.0,1719.0,1877.0,2071.0,2126.0,3391.5,2361.5,2954.0,2736.0,2335.5,2806.0,4336.5,5070.0,5363.5,5294.0,2606.0,1464.0,534.0,686.0,563.0,1054.0,3359.0,4429.0,4649.0,4751.0,2586.0,1411.0,432.0,628.0,520.0,1093.0,3526.0,4643.0,4723.0,5063.0,2533.5,1412.5,485.0,729.0,585.5,1124.5,3381.5,4375.0,4301.5,4745.0,2324.5,1194.0,354.5,573.5,402.0,977.5,3261.5,4146.0,4399.0,4427.0,0.0,0.0,0.0,0.0,0.0,0.0,0.0,0.0,0.0,0.0,2591.0,1554.5,404.0,784.5,673.0,1407.5,2480.5,2853.0,3113.0,3226.5,2765.0,1925.0,490.0,655.0,770.0,1132.0,1569.0,1838.0,1900.0,2045.0,2820.0,2046.0,427.0,608.5,781.5,1096.5,1498.0,1781.0,1949.0,1996.0,3606.0,2739.0,780.0,1026.0,1386.0,1724.0,2012.0,2293.0,2479.0,2563.0,0.0,0.0,0.0,0.0,0.0,0.0,0.0,0.0,0.0,0.0,3437.0,2541.0,779.0,990.0,1315.0,1592.0,1780.0,1965.0,2138.0,2175.0,0.0,0.0,0.0,0.0,0.0,0.0,0.0,0.0,0.0,0.0,2387.0,1501.0,551.0,732.0,955.0,1238.0,1503.0,1646.0,1796.0,1894.0,3129.5,2200.5,797.5,1029.0,1265.0,1618.5,1980.0,2116.0,2320.0,2383.5,0.0,0.0,0.0,0.0,0.0,0.0,0.0,0.0,0.0,0.0,2176.0,1388.0,559.0,721.0,793.0,1173.0,1815.0,1954.0,2171.0,2165.0,0.0,0.0,0.0,0.0,0.0,0.0,0.0,0.0,0.0,0.0,1054.0,1128.0,11036.0,10630.0,10532.0,10804.0,10363.0,10011.0,10319.0,9638.0,0.0,0.0,0.0,0.0,0.0,0.0,0.0,0.0,0.0,0.0,3298.0,2457.0,1231.0,1609.0,2021.0,2344.0,2582.0,2690.0,3018.0,2976.0,3586.0,2649.0,1140.0,1498.0,1812.0,2207.0,2545.0,2692.0,3082.0,2973.0,1721.0,1053.0,626.0,923.0,1200.0,1608.0,1947.0,2120.0,2406.0,2408.0,800.0,487.0,433.0,490.0,513.0,663.0,732.0,730.0,939.0,789.0,"{""type"":""MultiPoint"",""coordinates"":[]}"
930,26,1977.5,1385.5,533.0,784.0,887.0,1219.5,1689.0,1820.0,1982.5,1949.0,1560.0,775.0,368.0,662.0,351.0,942.0,3511.0,4655.0,4910.0,4847.0,1381.0,645.5,323.5,607.0,285.0,911.0,3479.5,4624.5,4875.0,4845.5,1399.5,747.5,400.5,680.5,405.5,943.0,3156.0,4282.5,4419.5,4479.5,1200.0,564.0,253.0,505.0,244.0,781.0,2969.0,3893.0,4191.0,4113.0,0.0,0.0,0.0,0.0,0.0,0.0,0.0,0.0,0.0,0.0,0.0,0.0,0.0,0.0,0.0,0.0,0.0,0.0,0.0,0.0,1836.0,1136.0,827.0,934.0,1154.0,1334.0,1431.0,1537.0,1553.0,1711.0,3839.0,3832.0,1194.0,1471.0,1874.0,2145.0,2181.0,2349.0,2322.0,2530.0,4360.0,3628.0,1272.0,1686.0,2161.0,2460.0,2572.0,2768.0,2814.0,2944.0,2702.0,1978.0,1722.0,2035.0,1920.0,2240.0,2660.0,3113.0,2882.0,3119.0,2623.0,2062.0,743.0,988.0,1136.0,1486.0,2051.0,2254.0,2426.0,2417.0,2740.5,1956.0,719.0,1001.0,950.0,1476.5,2535.5,2918.5,2839.5,3100.5,2714.0,1548.0,545.0,762.0,519.0,1093.0,3384.0,4063.0,4014.0,4172.0,2487.5,1193.0,367.0,578.0,292.0,840.5,3957.0,5201.0,5071.5,5379.5,702.0,395.0,190.0,227.0,143.0,313.0,1219.0,1627.0,1421.0,1639.0,2312.0,1040.0,251.0,429.0,195.0,674.0,3991.0,5335.0,5534.0,5623.0,2069.0,891.0,272.0,454.0,251.0,730.0,3770.0,4979.0,5091.0,5288.0,2259.0,1089.0,315.0,610.0,296.0,1047.0,3758.0,4361.0,4529.0,4698.0,3499.0,2571.5,2690.5,2815.0,2585.0,3347.0,3751.5,3778.0,4141.5,3921.5,2581.5,1790.5,474.5,721.0,926.5,1340.5,1528.0,1704.5,1892.0,1973.5,4030.0,3067.0,895.0,1152.0,1665.0,1933.0,2032.0,2250.0,2483.0,2607.0,3258.0,2983.0,2318.0,2352.5,2449.5,2631.0,2704.0,2742.0,2997.0,2783.0,3330.0,2609.0,881.0,1082.0,1423.0,1619.0,1706.0,1839.0,2072.0,2076.0,3410.0,2475.0,1389.0,1520.0,1886.0,2215.0,2313.0,2539.0,2676.0,2818.0,2735.0,2008.5,693.5,911.0,1221.5,1403.5,1529.5,1676.0,1869.0,1894.5,2831.5,2191.5,752.5,971.0,1234.0,1449.0,1571.5,1695.5,1866.0,1898.5,0.0,0.0,0.0,0.0,0.0,0.0,0.0,0.0,0.0,0.0,2597.0,2033.0,778.0,937.0,1133.0,1345.0,1523.0,1656.0,1811.0,1774.0,0.0,0.0,0.0,0.0,0.0,0.0,0.0,0.0,0.0,0.0,1088.0,1175.0,10968.0,10570.0,10466.0,10554.0,10237.0,9848.0,10266.0,9482.0,1079.0,669.0,1109.0,1441.0,1507.0,1811.0,2210.0,2311.0,2465.0,2316.0,2131.5,1401.5,477.5,791.0,749.0,1222.5,2251.0,2504.5,2713.0,2642.0,668.0,371.0,249.0,349.0,244.0,467.0,1240.0,1497.0,1587.0,1490.0,1227.0,526.0,179.0,409.0,155.0,642.0,2907.0,3721.0,3884.0,3788.0,1559.0,846.0,497.0,704.0,554.0,979.0,3094.0,4086.0,4277.0,4188.0,"{""type"":""MultiPoint"",""coordinates"":[]}"
936,5,2342.5,1464.5,489.5,883.0,814.0,1460.0,2433.5,2676.0,2884.0,2819.0,3376.0,2593.5,772.0,1116.0,1309.5,1768.0,2054.0,2226.0,2423.5,2463.0,3118.5,2282.5,751.0,1050.5,1247.5,1697.5,1982.0,2135.0,2377.5,2432.0,3112.5,2487.5,802.5,1109.5,1419.0,1745.5,1904.5,2066.5,2203.5,2256.5,2939.0,2188.5,811.0,1203.0,1526.5,1876.0,2145.5,2307.5,2454.5,2503.0,3895.0,2980.0,998.5,1469.0,1572.0,2311.5,3060.5,3331.0,3399.0,3558.0,0.0,0.0,0.0,0.0,0.0,0.0,0.0,0.0,0.0,0.0,3164.0,1712.0,602.5,901.0,595.5,1366.0,4622.5,5833.0,5921.5,5965.5,2922.5,1317.0,333.0,552.5,266.0,901.5,4812.5,6712.5,6708.0,7025.0,2676.0,1140.0,350.0,462.5,225.0,779.0,4554.5,6680.5,6690.0,6949.5,0.0,0.0,0.0,0.0,0.0,0.0,0.0,0.0,0.0,0.0,2317.0,1500.0,452.5,838.5,750.5,1499.5,2504.5,2717.5,2915.0,2873.0,2551.5,1080.5,620.0,693.0,435.0,950.5,4301.5,6114.5,6077.0,6584.5,2246.5,981.5,392.5,588.5,303.0,935.0,3840.0,5051.5,5028.0,5526.5,1975.5,866.5,208.0,459.0,219.0,850.5,3339.0,4273.5,4195.5,4605.0,1327.0,736.0,363.0,550.5,363.0,891.0,1836.0,2169.5,2113.5,2371.5,3285.5,2459.0,519.5,742.0,938.5,1337.5,1618.0,1782.0,1943.5,2140.0,3928.5,3087.5,683.5,924.0,1268.0,1595.0,1730.5,1964.5,2072.0,2261.0,3914.5,3248.5,838.0,1015.0,1313.5,1593.0,1698.5,1860.0,1982.0,2145.0,4961.5,4748.0,1286.5,1737.5,2253.5,2633.0,2736.5,2916.5,2963.0,3171.0,4482.5,4276.0,1305.0,1642.0,2089.0,2384.5,2508.5,2716.5,2682.5,3006.0,4506.0,4318.5,1209.5,1649.5,2147.5,2451.0,2584.0,2744.5,2768.5,2984.0,2190.5,1305.5,491.0,912.0,660.0,1501.0,2959.5,3185.0,3525.0,3405.0,4135.5,3671.0,1033.0,1422.5,1856.0,2152.0,2309.5,2475.0,2640.5,2720.5,4529.5,4411.0,1224.5,1655.5,2161.0,2485.5,2645.5,2827.0,2997.5,3037.0,4546.0,4156.5,1287.0,1764.5,2264.5,2542.0,2711.5,2883.0,3189.5,3135.0,3495.5,2986.5,2905.5,2908.0,2569.5,2531.5,2377.0,2364.0,2233.0,2326.0,0.0,0.0,0.0,0.0,0.0,0.0,0.0,0.0,0.0,0.0,3500.5,2878.0,1013.0,1309.5,1446.5,1893.0,2330.0,2544.5,2644.5,2779.5,1567.5,858.0,354.5,735.0,512.5,1253.5,2448.0,2637.5,2851.0,2745.0,58.0,71.0,8961.0,9156.0,9217.0,9450.5,9060.5,8278.5,8326.0,7526.0,1149.0,638.0,1362.0,1838.0,1734.5,2513.0,3261.0,3423.5,3669.0,3509.0,2450.5,1501.5,616.5,1077.0,956.5,1818.0,2727.0,2964.0,3342.5,3242.5,2870.0,1921.5,619.5,965.5,1171.5,1699.0,2103.5,2319.5,2613.5,2665.0,2859.5,1994.5,637.0,971.0,1217.5,1665.0,1924.5,2129.0,2323.5,2465.5,2908.5,2150.0,652.5,929.0,1197.0,1558.0,1770.5,1948.5,2124.5,2203.0,"{""type"":""MultiPoint"",""coordinates"":[]}"
940,5,1906.5,1301.5,490.5,607.0,807.0,947.0,1037.0,1174.5,1337.0,1351.5,3518.5,3013.5,911.0,1149.0,1443.0,1675.5,1799.5,1934.5,2081.0,2151.0,2314.0,1608.0,578.5,705.5,936.0,1103.0,1205.0,1310.0,1450.5,1520.5,2646.0,1858.0,780.0,878.0,1109.5,1279.0,1378.5,1511.0,1696.0,1705.0,0.0,0.0,0.0,0.0,0.0,0.0,0.0,0.0,0.0,0.0,3876.0,3211.5,1131.0,1333.0,1647.0,1873.0,1970.0,2116.5,2344.0,2348.5,0.0,0.0,0.0,0.0,0.0,0.0,0.0,0.0,0.0,0.0,0.0,0.0,0.0,0.0,0.0,0.0,0.0,0.0,0.0,0.0,0.0,0.0,0.0,0.0,0.0,0.0,0.0,0.0,0.0,0.0,2854.0,1821.0,623.0,861.0,707.0,1223.5,2868.5,3415.5,3430.0,3596.0,2730.0,1273.5,399.0,647.5,350.5,1013.0,4070.0,5292.5,5229.5,5532.0,2673.0,2290.0,641.5,778.5,1026.0,1174.5,1270.0,1387.5,1553.0,1559.0,2830.0,1264.0,448.5,619.5,326.0,903.5,4423.0,6192.0,5845.0,6523.5,2567.5,1135.0,368.0,519.0,274.0,771.5,4195.5,5945.5,6078.5,6258.5,0.0,0.0,0.0,0.0,0.0,0.0,0.0,0.0,0.0,0.0,1563.5,640.0,298.0,373.0,209.0,523.0,2655.0,3787.0,3770.0,3989.0,2019.0,926.5,267.5,460.0,251.5,772.5,3173.5,4180.5,4385.5,4520.0,0.0,0.0,0.0,0.0,0.0,0.0,0.0,0.0,0.0,0.0,1784.5,1133.0,393.0,509.0,606.0,836.0,1028.0,1183.5,1349.5,1448.5,0.0,0.0,0.0,0.0,0.0,0.0,0.0,0.0,0.0,0.0,2801.0,2127.5,403.5,543.0,787.0,950.0,1066.0,1192.0,1361.5,1427.5,3906.5,2851.5,875.5,1127.0,1443.5,1775.0,2020.0,2221.0,2378.5,2535.0,0.0,0.0,0.0,0.0,0.0,0.0,0.0,0.0,0.0,0.0,3811.5,2690.0,903.5,1186.5,1473.5,1866.0,2272.0,2417.5,2608.5,2654.5,0.0,0.0,0.0,0.0,0.0,0.0,0.0,0.0,0.0,0.0,2857.0,1777.0,703.0,929.0,1189.5,1642.5,2253.0,2392.0,2594.0,2637.0,2913.5,1825.0,713.0,931.0,1134.5,1653.5,2328.0,2522.0,2724.5,2726.0,0.0,0.0,0.0,0.0,0.0,0.0,0.0,0.0,0.0,0.0,3091.5,2115.0,780.0,960.0,1119.0,1629.0,2450.0,2683.5,2887.5,2873.5,0.0,0.0,0.0,0.0,0.0,0.0,0.0,0.0,0.0,0.0,990.5,1072.0,10937.5,10489.5,10426.0,10488.5,10206.5,9856.0,10206.0,9436.0,3273.0,2893.5,1434.0,1741.0,2717.5,3341.0,3425.5,3481.0,1779.0,3476.0,2661.0,2126.5,600.0,740.5,977.5,1147.5,1242.0,1374.5,1527.0,1574.5,2641.0,2012.0,641.5,795.0,1019.5,1197.5,1303.0,1433.0,1596.0,1624.0,3200.5,2322.5,1782.5,1784.5,1905.0,2158.0,2258.5,2368.0,2699.5,2499.0,3476.5,3077.0,906.5,1083.0,1358.5,1599.5,1703.0,1845.0,1968.5,2044.0,"{""type"":""MultiPoint"",""coordinates"":[]}"
946,2,2133.0,1456.0,580.0,767.0,977.0,1376.0,1744.0,1887.0,2113.0,2087.0,4551.0,3974.0,1274.0,1640.0,2080.0,2371.0,2547.0,2648.0,2945.0,2979.0,2934.0,2165.0,856.0,1027.0,1303.0,1552.0,1675.0,1838.0,2039.0,2092.0,2916.0,2155.0,835.0,1025.0,1285.0,1524.0,1712.0,1872.0,2083.0,2130.0,0.0,0.0,0.0,0.0,0.0,0.0,0.0,0.0,0.0,0.0,4451.0,3633.0,1741.0,2020.0,2286.0,2646.0,2994.0,3318.0,3539.0,3617.0,0.0,0.0,0.0,0.0,0.0,0.0,0.0,0.0,0.0,0.0,5386.0,4919.0,1565.0,1985.0,2462.0,2864.0,3094.0,3334.0,3543.0,3667.0,4807.5,4205.5,1505.5,1844.5,2164.5,2616.5,3116.0,3428.5,3445.0,3706.5,3543.5,2518.0,858.0,1199.0,1151.5,1846.5,3082.0,3367.5,3374.0,3636.5,2843.5,1621.0,1965.0,1830.5,1419.5,2004.5,3841.0,4472.0,4247.5,4617.0,2449.0,1812.0,648.0,860.0,1117.0,1508.0,1849.0,2005.0,2226.0,2236.0,2925.5,1363.0,527.5,803.5,506.0,1266.0,4747.0,5859.5,5752.5,6091.5,2630.5,1064.0,561.0,859.5,469.5,1397.0,5160.5,6297.5,6219.0,6602.0,2558.0,1067.0,524.0,864.0,465.0,1407.0,4868.0,6042.0,5780.0,6237.0,2521.0,1092.0,484.0,812.5,459.0,1443.0,4478.0,5319.0,5137.0,5566.5,2462.0,1306.0,397.5,668.0,506.5,1395.0,3280.5,3757.5,3942.0,4087.0,0.0,0.0,0.0,0.0,0.0,0.0,0.0,0.0,0.0,0.0,2913.0,2038.5,663.5,837.0,987.5,1565.5,2085.0,2300.5,2550.5,2648.0,2862.0,2037.0,817.0,946.0,1093.0,1403.0,1604.0,1755.0,1867.0,2043.0,2803.5,1961.0,786.5,964.5,1058.5,1396.5,1761.5,1971.0,2179.5,2232.0,2638.0,1801.0,802.0,961.0,975.0,1395.0,1946.0,2183.0,2374.0,2493.0,0.0,0.0,0.0,0.0,0.0,0.0,0.0,0.0,0.0,0.0,2568.5,1551.5,554.5,874.0,796.0,1439.0,2316.5,2578.0,2781.0,2878.0,0.0,0.0,0.0,0.0,0.0,0.0,0.0,0.0,0.0,0.0,2137.0,1198.0,431.0,775.0,755.0,1443.0,2366.0,2616.0,2881.0,2864.0,1977.0,1250.5,702.0,909.5,822.0,1364.5,2068.5,2301.0,2403.5,2507.5,0.0,0.0,0.0,0.0,0.0,0.0,0.0,0.0,0.0,0.0,2263.0,1331.0,538.0,866.0,732.0,1402.0,2453.0,2693.0,2960.0,2956.0,0.0,0.0,0.0,0.0,0.0,0.0,0.0,0.0,0.0,0.0,703.0,729.0,9357.0,9272.0,9384.0,9626.0,9302.0,8954.0,9283.0,8687.0,0.0,0.0,0.0,0.0,0.0,0.0,0.0,0.0,0.0,0.0,2487.0,1811.0,689.0,877.0,1106.0,1466.0,1817.0,2000.0,2200.0,2201.0,2674.0,1875.5,721.5,986.5,1163.0,1640.0,2021.5,2217.0,2411.5,2424.5,2621.5,1800.0,1105.0,1336.0,1586.5,1961.5,2164.0,2306.5,2420.5,2490.0,0.0,0.0,0.0,0.0,0.0,0.0,0.0,0.0,0.0,0.0,"{""type"":""MultiPoint"",""coordinates"":[]}"
960,3,1335.0,714.0,525.0,800.5,1053.0,1655.5,2157.0,2336.5,2643.0,2638.5,3240.0,2199.0,747.0,1112.0,1205.0,1907.0,2601.0,2823.0,3080.0,3229.0,1479.5,873.0,737.0,1072.5,1409.0,1757.0,1951.5,2102.5,2220.0,2230.0,1370.5,747.5,971.5,1270.5,1615.5,1956.0,2139.0,2317.0,2347.0,2394.0,2736.0,1759.0,824.0,1226.0,1634.0,2060.0,2359.0,2544.0,2744.0,2704.0,3037.5,2714.0,2954.0,2865.5,2678.0,2950.5,3170.5,3301.5,3615.5,3382.5,0.0,0.0,0.0,0.0,0.0,0.0,0.0,0.0,0.0,0.0,5536.5,4655.5,1659.0,2308.5,2967.0,3677.0,4076.5,4459.0,4481.0,4755.5,919.0,687.0,673.0,1106.0,1027.0,1492.0,1723.0,2142.0,1864.0,1810.0,1360.5,658.0,386.5,605.5,392.0,841.0,2504.5,3401.5,3163.0,3253.0,1665.5,728.5,750.5,809.0,487.5,896.0,2950.5,4562.5,4408.5,4692.5,2143.0,1313.5,568.5,837.5,1087.5,1595.5,2104.0,2364.5,2633.5,2639.5,1556.0,659.0,400.0,476.0,268.0,598.0,2728.0,4546.0,4472.0,4753.0,1413.5,605.5,452.0,511.5,306.5,601.5,2606.5,4461.5,4630.0,4793.0,1304.0,522.0,264.5,340.0,154.5,460.0,2696.5,4723.5,4641.0,5076.0,1318.0,564.0,381.0,475.0,267.0,638.0,2496.0,4049.0,4037.0,4447.0,1421.0,640.0,282.0,579.0,332.0,940.0,2991.0,4113.0,4384.0,4614.0,1328.0,609.0,393.0,615.0,409.0,1008.0,2765.0,3686.0,3852.0,4075.0,1682.5,824.0,395.0,649.0,513.5,1077.0,2324.5,2785.0,3020.5,3197.5,1989.5,1142.5,598.5,845.0,871.0,1354.5,2108.0,2469.0,2393.0,2733.5,2054.0,1171.0,354.0,619.0,660.0,1122.0,1874.0,2203.0,2363.0,2495.0,2081.0,1207.0,348.0,594.0,742.0,1165.0,1797.0,2047.0,2208.0,2388.0,2143.0,1372.0,679.5,966.5,1244.5,1786.0,2226.0,2462.0,2774.5,2855.5,3363.0,2316.0,696.0,955.0,1317.0,1557.0,1814.0,1989.0,2364.0,2352.0,0.0,0.0,0.0,0.0,0.0,0.0,0.0,0.0,0.0,0.0,2588.5,1743.5,570.5,856.0,1333.5,1585.5,1720.0,1869.5,2172.0,2241.5,2602.5,1793.5,571.0,868.5,1299.0,1562.0,1707.5,1771.5,2059.5,2165.0,0.0,0.0,0.0,0.0,0.0,0.0,0.0,0.0,0.0,0.0,2222.0,1494.0,617.0,739.0,1054.0,1226.0,1326.0,1460.0,1642.0,1740.0,0.0,0.0,0.0,0.0,0.0,0.0,0.0,0.0,0.0,0.0,1087.0,1165.0,10430.0,10158.0,10166.0,10445.0,10187.0,9881.0,10116.0,9444.0,716.0,458.5,5092.5,5119.5,5228.5,5712.0,5528.5,5380.5,5553.0,5218.5,2013.0,1358.0,573.0,837.0,1090.0,1679.0,2055.0,2276.0,2535.0,2546.0,1660.0,947.0,714.0,1039.0,1224.0,1847.0,2298.0,2480.0,2741.0,2769.0,1596.0,872.0,595.0,952.0,1091.0,1775.0,2373.0,2616.0,2885.0,2890.0,2537.0,1551.0,696.0,987.0,1153.0,1849.0,2355.0,2610.0,2942.0,2946.0,"{""type"":""MultiPoint"",""coordinates"":[]}"
976,3,1219.0,748.0,760.0,994.0,1290.0,1512.0,1535.0,1617.0,1842.0,1742.0,3988.0,2959.0,1839.0,2304.0,2667.0,2980.0,3050.0,3256.0,3436.0,3452.0,1597.5,958.0,962.0,1302.5,1590.0,1888.0,1954.5,2070.5,2210.0,2218.0,2248.0,1490.5,1185.5,1530.0,1811.5,2149.5,2239.5,2402.5,2525.0,2519.0,4275.0,3667.5,3044.0,3267.0,3403.0,3823.5,3875.5,3959.5,4200.5,4091.5,0.0,0.0,0.0,0.0,0.0,0.0,0.0,0.0,0.0,0.0,0.0,0.0,0.0,0.0,0.0,0.0,0.0,0.0,0.0,0.0,3574.5,3134.0,1450.0,1710.5,1907.5,2173.0,2284.5,2441.0,2424.0,2624.5,3017.5,2544.0,1419.5,1878.5,2025.5,2489.0,2737.5,2918.5,2949.5,2934.0,649.0,349.0,372.0,645.0,536.0,1001.0,1410.0,1644.0,1521.0,1433.0,2499.5,1713.5,1732.0,1737.5,1441.0,1944.0,3413.0,4351.0,3989.0,4371.5,1834.0,1356.0,910.0,1137.0,1366.0,1536.0,1522.0,1636.0,1760.0,1759.0,1439.0,603.0,306.0,448.0,217.0,593.0,2565.0,3950.0,3908.0,3950.0,1452.5,667.0,419.5,509.5,271.0,661.0,2786.0,4601.0,4376.0,4839.0,1463.0,645.0,280.0,423.5,213.5,624.0,2714.0,4459.0,4292.5,4647.5,1419.0,663.0,307.0,577.0,280.0,877.0,2951.0,4533.0,4410.0,4800.0,1555.0,747.0,324.0,690.0,338.0,1116.0,3372.0,4586.0,4818.0,4900.0,1716.5,849.0,463.0,862.5,554.5,1521.0,3577.0,4523.5,4533.5,4911.0,1831.5,945.5,483.0,948.5,715.0,1702.0,3085.0,3582.5,3844.5,3902.5,1368.0,837.5,477.5,716.0,718.0,1184.0,1732.5,1914.0,1804.5,2125.0,2766.0,1871.0,842.0,1199.0,1556.0,2003.0,2220.0,2377.0,2647.0,2647.0,2856.0,1924.5,928.5,1257.0,1711.5,2063.5,2162.5,2318.0,2480.5,2584.0,993.0,651.0,973.0,1216.0,1498.0,1706.0,1711.0,1789.0,2004.0,1881.0,2119.0,1514.0,796.5,1024.0,1377.0,1596.0,1684.0,1833.0,2052.0,2080.0,2317.0,1564.0,957.0,1209.5,1615.0,1874.0,1959.0,2128.0,2317.0,2339.0,1850.0,1196.0,622.5,894.5,1280.5,1454.5,1571.0,1688.5,1911.5,1904.5,1826.0,1231.0,645.0,900.0,1258.0,1452.0,1514.0,1673.0,1834.0,1906.0,1963.0,1287.0,2124.0,2068.0,2105.0,2227.0,2098.0,2107.0,1975.0,1986.0,1440.0,1037.0,1079.5,1246.5,1542.0,1733.0,1766.5,1893.0,2123.0,2016.0,0.0,0.0,0.0,0.0,0.0,0.0,0.0,0.0,0.0,0.0,1102.0,1204.0,10884.0,10498.0,10434.0,10501.0,10172.0,9787.0,10134.0,9370.0,777.0,478.5,1617.0,1873.0,2153.5,2425.5,2348.5,2447.0,2465.5,2457.0,1992.0,1287.0,907.0,1231.0,1552.0,1787.0,1822.0,1935.0,2172.0,2128.0,2041.0,1333.5,1034.5,1350.5,1631.5,1885.0,1958.0,2053.5,2243.0,2205.5,1688.0,1038.0,968.0,1325.0,1616.0,1901.0,1919.0,2032.0,2184.0,2191.0,2895.0,2028.0,1333.0,1693.0,2026.0,2313.0,2324.0,2432.0,2601.0,2624.0,"{""type"":""MultiPoint"",""coordinates"":[]}"
986,5,1195.0,753.0,433.0,546.0,706.0,822.0,872.0,964.0,1115.0,1067.0,2651.0,2158.5,891.5,1119.0,1360.0,1573.5,1762.5,1869.0,2001.5,1996.0,1554.0,952.5,569.0,690.5,882.5,1046.0,1135.0,1228.5,1309.0,1338.0,1744.0,1089.0,649.0,808.0,1012.0,1164.0,1290.0,1392.0,1528.0,1543.0,0.0,0.0,0.0,0.0,0.0,0.0,0.0,0.0,0.0,0.0,0.0,0.0,0.0,0.0,0.0,0.0,0.0,0.0,0.0,0.0,0.0,0.0,0.0,0.0,0.0,0.0,0.0,0.0,0.0,0.0,2502.0,1714.0,558.0,819.0,766.0,1220.0,2607.0,3010.0,3060.0,3085.0,0.0,0.0,0.0,0.0,0.0,0.0,0.0,0.0,0.0,0.0,2225.0,1398.0,451.0,678.0,586.0,1064.0,2660.0,3258.0,3315.0,3377.0,0.0,0.0,0.0,0.0,0.0,0.0,0.0,0.0,0.0,0.0,1474.0,1091.0,460.0,598.0,779.0,858.0,940.0,1002.0,1159.0,1129.0,2196.0,1023.0,392.0,565.0,319.0,825.0,3502.0,4803.0,4636.0,4971.0,1859.0,876.0,436.0,562.0,371.0,793.0,3048.0,4142.0,4185.0,4346.0,1865.0,1167.0,2015.0,1749.0,1362.0,1769.0,3139.0,4117.0,3929.0,4229.0,1386.0,660.5,282.0,379.5,236.5,628.5,2286.0,3038.5,2727.0,3159.5,1779.0,788.5,282.0,517.0,275.0,849.5,3143.0,3941.5,4066.5,4201.0,0.0,0.0,0.0,0.0,0.0,0.0,0.0,0.0,0.0,0.0,2230.5,1451.5,400.5,633.5,646.0,1156.5,1722.5,1913.5,2135.5,2254.0,3245.0,2296.0,2801.0,2577.0,2386.0,2706.0,2819.0,2790.0,3526.0,2981.0,2228.5,1709.0,452.0,573.5,762.5,893.0,985.5,1107.0,1265.5,1315.5,2199.0,1825.0,639.0,762.0,970.0,1106.0,1174.0,1283.0,1384.0,1442.0,0.0,0.0,0.0,0.0,0.0,0.0,0.0,0.0,0.0,0.0,1663.0,1281.0,431.0,547.0,714.0,798.0,838.0,928.0,1017.0,1031.0,0.0,0.0,0.0,0.0,0.0,0.0,0.0,0.0,0.0,0.0,975.0,594.0,232.0,353.0,492.0,564.0,600.0,663.0,768.0,733.0,1200.0,808.0,360.0,452.0,541.5,611.5,625.0,688.5,862.0,753.5,0.0,0.0,0.0,0.0,0.0,0.0,0.0,0.0,0.0,0.0,1156.0,749.0,320.0,436.0,503.0,611.0,674.0,744.0,823.0,830.0,0.0,0.0,0.0,0.0,0.0,0.0,0.0,0.0,0.0,0.0,905.0,975.0,10632.0,10185.0,10104.0,10125.0,9877.0,9551.0,9910.0,9184.0,476.0,333.0,449.0,402.0,394.0,442.0,426.0,499.0,484.0,495.0,2397.5,1948.0,2506.5,2277.5,2212.0,2320.5,2205.5,2184.0,2508.0,2234.5,1744.0,1109.0,582.0,749.0,925.0,1057.0,1180.0,1294.0,1403.0,1383.0,1305.0,808.0,476.0,631.0,832.0,1006.0,1111.0,1193.0,1309.0,1287.0,2388.0,1747.0,878.0,1060.5,1277.0,1480.5,1640.5,1742.0,1848.0,1891.0,"{""type"":""MultiPoint"",""coordinates"":[]}"
997,5,2661.0,1925.0,754.0,1000.0,1297.0,1567.0,1884.0,2050.0,2315.0,2332.0,4617.0,3858.0,1181.0,1615.0,2056.0,2564.0,2884.0,3105.0,3349.0,3446.0,2904.5,2123.0,1344.5,1558.0,1901.5,2176.0,2363.5,2562.5,2581.0,2815.0,3156.0,2234.0,835.0,1062.0,1391.0,1673.0,1920.0,2162.0,2355.0,2436.0,0.0,0.0,0.0,0.0,0.0,0.0,0.0,0.0,0.0,0.0,4390.0,3577.5,1257.5,1609.0,1952.5,2382.5,2899.0,3136.0,3300.5,3424.5,0.0,0.0,0.0,0.0,0.0,0.0,0.0,0.0,0.0,0.0,4302.0,3324.0,914.0,1310.0,1408.0,2031.0,3409.0,3966.0,4067.0,4215.0,3313.0,2046.0,663.0,917.0,859.0,1373.0,3567.0,4466.0,4416.0,4714.0,2618.0,1407.0,452.0,645.0,463.0,960.0,3313.0,4255.0,4470.0,4503.0,1913.5,882.5,836.5,830.0,554.0,971.5,3296.0,4423.5,4325.0,4673.5,3087.0,2345.0,807.0,1063.0,1411.0,1742.0,1982.0,2223.0,2423.0,2399.0,1709.5,794.5,331.5,438.5,263.5,629.5,2524.0,3508.5,3232.0,3843.0,1979.0,959.0,312.0,490.0,294.0,742.0,2874.0,3846.0,3947.0,4121.0,2796.0,1565.0,1166.0,1367.0,1038.0,1607.0,3487.0,4356.0,4314.0,4590.0,3165.0,2187.0,1135.0,1409.0,1300.5,1940.5,3093.5,3600.5,3576.0,3992.5,3929.0,3127.5,643.0,877.0,1160.0,1493.0,1748.5,2014.0,2153.0,2346.0,0.0,0.0,0.0,0.0,0.0,0.0,0.0,0.0,0.0,0.0,3962.0,2940.0,790.0,1018.0,1414.5,1686.0,1839.0,2051.5,2278.5,2435.0,4176.5,3170.5,924.5,1139.0,1477.5,1816.5,1954.0,2126.0,2187.0,2407.0,3963.0,3071.5,834.5,1070.0,1374.5,1684.0,1968.0,2124.0,2301.0,2391.0,4025.0,3121.0,861.0,1127.0,1374.0,1764.0,2200.0,2397.0,2547.0,2647.0,0.0,0.0,0.0,0.0,0.0,0.0,0.0,0.0,0.0,0.0,3291.0,2147.0,741.5,1033.5,1033.5,1628.0,2525.0,2776.0,2908.5,3027.5,0.0,0.0,0.0,0.0,0.0,0.0,0.0,0.0,0.0,0.0,1761.0,1160.0,360.0,553.0,752.0,974.0,1206.0,1324.0,1470.0,1516.0,3675.0,3279.0,1637.0,1952.0,2364.0,2649.5,2848.5,2930.5,2658.0,3054.0,0.0,0.0,0.0,0.0,0.0,0.0,0.0,0.0,0.0,0.0,1942.0,1270.0,546.0,748.0,875.0,1199.0,1726.0,1878.0,2073.0,2035.0,0.0,0.0,0.0,0.0,0.0,0.0,0.0,0.0,0.0,0.0,920.0,993.0,11033.0,10558.0,10471.0,10497.0,10208.0,9812.0,10214.0,9416.0,0.0,0.0,0.0,0.0,0.0,0.0,0.0,0.0,0.0,0.0,2857.0,2102.0,772.0,1000.0,1251.0,1585.0,1961.0,2208.0,2403.0,2424.0,3065.0,2182.0,772.0,1086.0,1221.5,1707.0,2398.5,2655.0,2876.0,2908.0,2533.0,1766.5,1105.5,1281.0,1337.0,1859.5,2446.5,2707.5,2838.0,2874.0,3882.0,2894.0,3127.0,2907.0,2880.0,3139.0,3172.0,3241.0,3867.0,3418.0,"{""type"":""MultiPoint"",""coordinates"":[]}"
1003,5,3032.0,2250.0,759.0,984.0,1265.0,1603.0,1835.0,2032.0,2273.0,2240.0,3360.0,2480.5,839.5,1154.0,1358.5,1945.5,2372.0,2553.0,2745.5,2822.5,3119.0,2231.5,740.0,1005.0,1292.5,1713.0,2008.0,2190.5,2373.0,2449.0,3444.0,2641.0,874.5,1092.5,1339.5,1731.0,1991.5,2186.5,2379.0,2467.0,3443.0,2671.0,720.0,980.0,1218.0,1587.0,1820.0,1991.0,2239.0,2311.0,0.0,0.0,0.0,0.0,0.0,0.0,0.0,0.0,0.0,0.0,0.0,0.0,0.0,0.0,0.0,0.0,0.0,0.0,0.0,0.0,4463.0,3916.0,1028.0,1332.0,1654.0,2005.0,2366.0,2579.0,2827.0,2909.0,4125.0,3503.0,868.0,1231.0,1497.0,1914.0,2316.0,2515.0,2748.0,2831.0,4475.5,3729.0,965.0,1225.5,1514.5,1891.5,2350.5,2586.0,2700.0,2912.0,3732.0,2865.0,2530.0,2571.0,2375.0,2956.0,4314.0,4896.0,4964.0,5140.0,2865.0,2248.5,876.5,1114.0,1351.0,1637.5,1916.5,2064.0,2253.0,2298.5,4140.0,3125.0,844.0,1182.0,1214.0,1778.0,2863.0,3198.0,3260.0,3614.0,3797.0,2861.0,760.0,1058.0,1124.0,1744.0,2706.0,3222.0,3285.0,3449.0,3642.0,2691.0,823.0,1042.0,1158.0,1708.0,2561.0,3073.0,3048.0,3460.0,2996.0,1942.0,536.0,875.0,660.0,1373.0,2853.0,3199.0,3202.0,3567.0,2864.0,1813.0,484.0,841.0,700.0,1392.0,2593.0,3051.0,3186.0,3418.0,1732.5,1090.5,432.5,627.5,528.0,973.0,1765.0,2007.5,2045.0,2185.0,2418.5,1473.5,410.0,696.5,498.0,1168.5,2561.0,2919.5,3059.0,3152.0,2362.0,1428.5,460.5,700.5,557.0,1179.0,2333.0,2648.5,2676.5,2923.5,2507.5,1577.0,438.5,740.0,680.0,1322.0,2290.0,2617.5,2762.5,2923.0,2539.0,1622.0,440.0,679.0,748.0,1382.0,2014.0,2304.0,2475.0,2630.0,1869.0,1412.0,745.0,857.0,982.0,1156.0,1383.0,1469.0,1661.0,1584.0,3795.0,3269.0,946.0,1285.0,1848.0,2102.0,2292.0,2438.0,2690.0,2732.0,2656.0,2002.0,693.0,961.0,1485.0,1690.0,1789.0,1953.0,2151.0,2127.0,3251.5,2671.5,779.0,1144.0,1716.5,1908.5,2010.5,2201.0,2466.5,2413.0,3341.5,2785.0,824.5,1212.0,1728.0,1946.0,2112.5,2240.5,2450.0,2435.5,0.0,0.0,0.0,0.0,0.0,0.0,0.0,0.0,0.0,0.0,3154.0,2543.0,913.0,1223.0,1679.0,1885.0,2036.0,2179.0,2426.0,2386.0,0.0,0.0,0.0,0.0,0.0,0.0,0.0,0.0,0.0,0.0,949.0,1036.0,10522.0,10198.0,10162.0,10260.0,9925.0,9534.0,9954.0,9194.0,1861.0,1346.5,2895.5,3024.0,3245.5,3650.5,3665.5,3615.0,3801.5,3657.0,3034.0,2255.0,702.0,987.0,1174.0,1545.0,1937.0,2117.0,2270.0,2363.0,2922.0,2124.5,750.0,1025.0,1108.5,1576.0,2204.0,2368.0,2557.0,2560.5,2730.0,1979.0,631.0,936.0,1005.0,1556.0,2258.0,2455.0,2654.0,2661.0,3298.0,2369.0,814.0,1115.0,1234.0,1898.0,2520.0,2727.0,2853.0,2964.0,"{""type"":""MultiPoint"",""coordinates"":[]}"
1010,5,2877.0,2139.0,830.0,1084.0,1447.0,1760.0,1975.0,2129.0,2432.0,2389.0,4768.0,4443.0,1431.0,1840.0,2421.0,2667.0,2812.0,3025.0,3300.0,3301.0,3335.0,2465.5,1606.0,1764.5,1983.5,2295.5,2499.0,2673.0,2885.5,2902.5,2894.0,2081.0,818.0,1075.0,1313.0,1698.0,1980.0,2229.0,2428.0,2448.0,0.0,0.0,0.0,0.0,0.0,0.0,0.0,0.0,0.0,0.0,4848.5,4206.0,1514.0,1912.5,2353.0,2873.0,3283.0,3604.0,3702.0,3929.0,0.0,0.0,0.0,0.0,0.0,0.0,0.0,0.0,0.0,0.0,4776.0,3928.0,1241.0,1751.0,1898.0,2477.0,3624.0,3992.0,4245.0,4333.0,0.0,0.0,0.0,0.0,0.0,0.0,0.0,0.0,0.0,0.0,3205.0,1879.0,608.0,1063.0,890.0,1618.0,4354.0,5178.0,5377.0,5432.0,0.0,0.0,0.0,0.0,0.0,0.0,0.0,0.0,0.0,0.0,3199.0,2605.0,968.0,1207.0,1545.0,1910.0,2067.0,2256.0,2513.0,2465.0,3035.0,1377.0,486.0,866.0,380.0,1355.0,5307.0,6857.0,6629.0,7327.0,2911.0,1380.0,500.0,854.0,404.0,1320.0,4971.0,6319.0,6421.0,6593.0,3162.0,1724.0,540.0,690.0,732.0,1244.0,2488.0,3228.0,3239.0,3906.0,2600.0,1730.0,726.0,840.5,804.0,1139.5,2181.5,2698.5,2583.5,3037.5,3122.0,2148.5,582.0,826.5,919.0,1341.0,2256.0,2517.5,2695.5,2923.5,0.0,0.0,0.0,0.0,0.0,0.0,0.0,0.0,0.0,0.0,3225.0,2201.0,590.5,861.5,911.5,1463.5,2290.0,2564.0,2882.5,2951.0,3623.0,2777.0,1519.0,1707.0,1911.0,2225.0,2468.0,2646.0,2578.0,2927.0,3979.5,3533.0,1022.5,1340.5,1857.5,2175.5,2270.5,2483.5,2674.0,2786.0,4952.0,4732.0,1487.0,1877.0,2496.0,2919.0,3008.0,3229.0,3393.0,3484.0,0.0,0.0,0.0,0.0,0.0,0.0,0.0,0.0,0.0,0.0,4451.0,3879.0,1288.0,1682.0,2240.0,2639.0,2799.0,2914.0,3186.0,3257.0,0.0,0.0,0.0,0.0,0.0,0.0,0.0,0.0,0.0,0.0,2318.0,1630.0,515.0,750.0,1091.0,1313.0,1434.0,1611.0,1812.0,1819.0,2612.0,1882.0,647.0,907.0,1285.0,1573.0,1723.0,1872.0,2097.0,2129.0,0.0,0.0,0.0,0.0,0.0,0.0,0.0,0.0,0.0,0.0,2540.0,1903.0,657.0,915.0,1182.0,1461.0,1678.0,1825.0,2084.0,2092.0,0.0,0.0,0.0,0.0,0.0,0.0,0.0,0.0,0.0,0.0,931.0,1013.0,10944.0,10530.0,10397.0,10525.0,10195.0,9799.0,10197.0,9425.0,0.0,0.0,0.0,0.0,0.0,0.0,0.0,0.0,0.0,0.0,3080.0,2385.0,802.0,1055.0,1365.0,1734.0,1963.0,2157.0,2396.0,2361.0,3319.0,2518.0,895.0,1194.0,1471.0,1843.0,2084.0,2286.0,2497.0,2517.0,3017.0,2234.0,800.0,1111.0,1396.0,1800.0,2036.0,2185.0,2445.0,2451.0,5570.0,4684.0,6129.0,5734.0,5580.0,5874.0,5641.0,5503.0,6204.0,5367.0,"{""type"":""MultiPoint"",""coordinates"":[]}"
1013,3,2260.5,1466.0,642.5,948.0,1340.5,1568.0,1662.5,1790.0,1919.5,1907.0,3749.0,3262.0,931.0,1398.5,1993.0,2229.0,2346.5,2459.0,2573.5,2599.0,2053.0,1319.0,755.5,1019.5,1364.0,1558.0,1613.0,1758.0,1826.0,1812.5,2614.0,1950.0,943.5,1345.0,1722.5,2011.0,2121.5,2205.5,2242.0,2247.5,2807.5,2106.0,861.0,1301.0,1652.5,2168.5,2243.5,2302.0,2335.0,2345.0,4299.0,3497.0,1245.5,1718.5,2156.0,2594.5,2869.5,3032.5,3194.0,3190.0,0.0,0.0,0.0,0.0,0.0,0.0,0.0,0.0,0.0,0.0,1828.5,955.5,425.5,637.5,401.5,935.5,2396.5,3215.5,3226.0,3251.5,1692.0,765.5,334.0,583.5,260.5,777.0,3095.5,3877.5,3896.5,3829.0,1453.0,636.0,356.5,459.5,223.0,598.5,2707.0,4446.0,4476.0,4546.5,1540.5,730.0,319.0,466.0,236.5,686.5,2863.0,4701.5,4686.5,4842.0,2254.5,1536.5,606.5,900.5,1254.5,1464.5,1552.5,1655.0,1809.5,1785.0,1664.0,754.0,529.0,728.0,379.5,966.0,3442.5,5343.5,5276.0,5672.0,3154.0,2688.5,3332.0,3212.0,2996.5,3430.5,4216.0,4571.0,4667.5,4824.5,1720.5,842.5,433.0,844.5,477.0,1400.5,3579.0,4572.5,4517.5,4870.0,2985.0,2083.5,2278.5,2557.0,2173.0,3137.5,4413.0,4893.5,4914.0,5115.5,2720.0,1806.0,899.0,1231.5,1554.5,2036.0,2457.0,2650.5,2624.0,2891.5,1991.5,1732.5,515.0,710.0,944.5,1113.0,1309.5,1416.5,1362.0,1418.0,1698.5,1295.5,621.5,793.0,1072.5,1301.5,1330.0,1481.5,1633.0,1654.0,2863.0,2344.0,1348.5,1587.5,1793.0,2172.5,2397.5,2571.5,2356.0,2760.5,3258.0,2668.5,1578.5,1678.5,1800.0,2110.5,2339.5,2516.5,2716.0,2732.0,2982.0,2319.5,742.5,1020.0,1260.0,1577.5,1879.0,2047.5,2144.5,2247.0,2437.0,1712.0,799.0,1081.0,1469.5,1693.0,1846.5,1984.5,1991.5,2089.0,1810.5,1269.5,511.0,712.5,844.0,1113.5,1364.5,1440.5,1559.0,1589.5,4143.5,3518.5,2543.0,2667.5,2853.0,3188.5,3282.5,3341.0,3495.0,3449.0,2143.5,1510.0,605.0,866.0,1191.5,1440.0,1598.0,1746.0,1984.0,1951.5,2282.0,1705.0,931.0,1202.0,1581.5,1840.5,1862.0,1898.5,1940.5,2009.5,0.0,0.0,0.0,0.0,0.0,0.0,0.0,0.0,0.0,0.0,1937.0,1332.0,671.0,871.5,1155.0,1376.5,1449.5,1569.0,1711.0,1743.0,0.0,0.0,0.0,0.0,0.0,0.0,0.0,0.0,0.0,0.0,34.5,53.5,9679.0,9709.0,9621.0,9715.0,9267.5,8377.5,8520.0,7656.0,194.0,203.0,7910.0,7976.0,8090.0,8261.5,7826.0,7360.0,7520.0,6817.5,2463.0,1626.5,735.5,1076.0,1466.5,1682.0,1776.5,1873.5,2036.5,2008.5,2093.0,1584.5,701.0,916.5,1212.0,1372.5,1425.5,1524.0,1605.5,1607.5,2478.0,1678.5,699.0,962.5,1337.0,1563.5,1649.5,1763.0,1885.0,1905.0,3390.0,2795.0,957.5,1334.5,1868.5,2139.0,2274.0,2389.5,2294.0,2562.0,"{""type"":""MultiPoint"",""coordinates"":[]}"
1017,5,2476.0,1691.0,824.0,1039.0,1181.0,1502.0,1764.0,1891.0,2179.0,2070.0,3398.0,2847.0,1143.0,1509.5,1778.0,2214.5,2516.0,2626.5,2644.0,2812.0,2099.5,1361.0,836.5,1053.0,1325.0,1574.0,1675.5,1858.0,2050.5,2072.5,2915.0,2041.0,1235.0,1500.0,1825.0,2108.0,2199.0,2368.0,2557.0,2582.0,3378.0,2630.0,1247.0,1542.0,1908.0,2082.0,2237.0,2454.0,2726.0,2658.0,4939.0,4616.0,3941.0,3835.0,3901.0,4426.0,4608.0,4708.0,4651.0,4553.0,3314.0,2328.0,1120.0,1368.0,1658.0,2033.0,2122.0,2371.0,2456.0,2593.0,5291.0,4802.5,2637.0,3047.5,3309.5,3804.5,4112.0,4330.0,4434.0,4620.5,6075.0,5392.0,2510.0,3033.0,3396.0,4052.0,4657.0,5000.0,4990.0,5315.0,3523.0,3001.5,1544.5,1828.0,1934.0,2330.0,2866.5,3176.5,3228.5,3305.5,4140.0,3646.0,1996.0,2320.0,2347.0,3069.0,4602.0,5106.0,4599.0,5381.0,3398.0,2625.0,965.0,1217.0,1428.0,1780.0,1994.0,2097.0,2365.0,2362.0,2774.0,1531.0,665.0,982.0,845.0,1386.0,3654.0,4558.0,4734.0,5042.0,2079.0,1007.5,440.0,615.5,421.0,947.0,3218.0,4177.0,4158.5,4495.5,2192.0,1010.0,326.0,537.0,329.0,828.0,3618.0,4742.0,4641.0,5081.0,2477.0,1244.0,480.0,655.0,448.0,888.0,4105.0,5597.0,5363.0,6060.0,1702.0,790.0,321.0,588.0,381.0,876.0,2787.0,3407.0,3600.0,3677.0,1726.5,1111.0,772.0,907.5,708.5,1232.5,2400.5,2842.5,2885.5,3074.5,2365.5,1488.5,447.5,718.5,665.0,1217.5,1826.5,2049.5,2228.5,2376.0,1606.5,941.0,494.0,630.0,715.5,942.5,1138.0,1238.5,1305.0,1432.5,3172.0,2334.0,1061.0,1266.0,1373.0,1658.5,1841.0,2001.5,2186.0,2175.0,3041.5,2124.5,647.5,872.5,1036.5,1361.0,1656.5,1821.5,2048.0,2104.5,3700.0,2756.0,1107.0,1376.0,1594.0,1990.0,2307.0,2393.0,2680.0,2677.0,3056.5,2117.0,672.0,970.0,1031.0,1480.5,2030.5,2185.0,2419.0,2337.0,1882.0,1045.0,856.0,1117.0,1037.0,1593.0,2340.0,2554.0,2824.0,2875.0,2050.0,1268.0,442.0,773.0,672.0,1251.0,1972.0,2241.0,2624.0,2512.0,2315.0,1377.5,465.0,835.5,717.5,1389.5,2330.0,2592.5,2869.0,2764.0,0.0,0.0,0.0,0.0,0.0,0.0,0.0,0.0,0.0,0.0,2282.0,1335.0,526.0,882.0,673.0,1359.0,2527.0,2786.0,3160.0,2962.0,0.0,0.0,0.0,0.0,0.0,0.0,0.0,0.0,0.0,0.0,1014.0,1118.0,10866.0,10592.0,10508.0,10594.0,10251.0,9834.0,10252.0,9412.0,1003.5,647.5,3086.0,3147.0,3062.0,3233.5,3212.0,2963.0,3555.5,3041.0,2655.5,1822.5,1068.5,1420.0,1505.0,1885.5,2173.0,2273.5,2551.5,2364.0,3035.0,2114.0,824.0,1175.0,1136.0,1726.0,2483.0,2577.0,2969.0,2811.0,2144.0,1325.0,571.0,938.0,810.0,1483.0,2385.0,2453.0,2807.0,2720.0,1940.0,1159.0,657.0,1023.0,1001.0,1696.0,2386.0,2604.0,2867.0,2764.0,"{""type"":""MultiPoint"",""coordinates"":[]}"
1021,1,2538.0,1858.0,652.0,839.0,1050.0,1296.0,1539.0,1670.0,1881.0,1827.0,4172.0,3531.0,1046.0,1464.0,1815.0,2346.0,2582.0,2736.0,2816.0,3010.0,2385.5,1780.5,550.0,769.5,1060.0,1257.0,1324.5,1446.5,1558.5,1649.0,2221.5,1662.5,759.5,1035.5,1173.0,1522.5,1764.0,1922.5,1786.0,2006.0,4451.0,3933.0,1244.0,1837.0,2180.0,2745.0,3065.0,3223.0,3466.0,3444.0,5412.0,4408.0,1424.0,2053.0,2160.0,2956.0,4469.0,4989.0,4953.0,5222.0,828.0,462.0,506.0,545.0,389.0,576.0,1344.0,1625.0,1505.0,1638.0,2980.5,2105.5,2293.0,2262.5,1975.0,2405.0,4039.0,5091.5,5164.0,5087.0,1667.0,752.0,284.0,447.5,302.0,602.0,3129.0,5178.5,5289.5,5507.5,1877.0,840.0,303.0,532.0,327.0,692.0,3324.0,5637.0,5672.0,5951.0,5412.0,4928.0,4528.0,4751.0,4821.0,5382.0,6131.0,6594.0,6158.0,6695.0,3033.0,2460.0,754.0,1012.0,1246.0,1532.0,1765.0,1873.0,2128.0,2088.0,1956.5,852.5,348.0,540.5,364.5,752.0,3256.0,5211.0,5180.5,5566.0,1855.5,820.5,393.5,570.0,365.0,758.5,3096.5,4780.0,4864.5,5142.5,1735.0,749.0,369.0,579.0,365.0,785.0,2882.0,4028.0,4065.0,4459.0,2127.5,1164.5,430.0,641.0,491.0,983.0,2440.5,3065.5,3088.5,3420.5,2417.0,1628.0,478.0,668.0,835.0,1245.0,1738.0,2017.0,2144.0,2278.0,1420.5,964.5,297.0,375.5,500.0,636.5,762.0,911.5,940.0,1068.5,4073.0,3317.0,861.0,1204.0,1712.0,2083.0,2258.0,2481.0,2624.0,2771.0,3387.0,2516.0,730.5,993.0,1227.5,1642.5,1951.0,2149.5,2178.5,2423.5,3447.0,2472.0,738.0,1054.0,1275.0,1705.0,2080.0,2235.0,2336.0,2515.0,3445.0,2836.0,795.0,1083.0,1525.0,1731.0,1906.0,2043.0,2164.0,2255.0,2572.0,1884.0,735.0,919.0,1104.0,1367.0,1657.0,1802.0,2024.0,1955.0,3175.0,2638.0,823.0,1159.0,1613.0,1861.0,1945.0,2119.0,2319.0,2378.0,3001.0,2194.0,1450.0,1597.0,1983.0,2294.0,2437.0,2619.0,2803.0,2909.0,2538.5,1843.0,628.5,964.5,1388.0,1631.0,1713.0,1868.5,2099.0,2082.5,2682.5,1990.0,695.0,1028.0,1416.0,1697.0,1761.5,1895.0,2089.0,2109.0,0.0,0.0,0.0,0.0,0.0,0.0,0.0,0.0,0.0,0.0,2466.0,1768.0,690.0,939.0,1276.0,1550.0,1689.0,1802.0,2038.0,2068.0,0.0,0.0,0.0,0.0,0.0,0.0,0.0,0.0,0.0,0.0,1184.0,1291.0,10612.0,10266.0,10176.0,10331.0,9960.0,9654.0,10042.0,9270.0,649.0,430.0,1212.0,1464.0,1634.0,1864.0,1875.0,1882.0,2115.0,1861.0,2461.0,1814.0,585.0,831.0,1049.0,1470.0,1833.0,1939.0,2156.0,2133.0,2815.5,2079.0,780.0,1072.0,1186.0,1678.5,2254.0,2379.0,2575.5,2549.5,2465.0,1765.0,539.0,891.0,977.0,1593.0,2039.0,2153.0,2313.0,2337.0,2894.0,2233.0,698.0,1059.0,1286.0,1759.0,1998.0,2094.0,2338.0,2294.0,"{""type"":""MultiPoint"",""coordinates"":[]}"
1036,5,2851.0,2018.0,676.0,940.0,1113.0,1596.0,2242.0,2475.0,2751.0,2657.0,3232.5,2930.0,846.5,1194.0,1683.5,1951.5,2039.0,2164.0,2305.5,2383.0,2534.0,1955.0,655.5,919.5,1342.5,1587.5,1679.5,1792.5,1947.5,1980.5,2690.0,2127.0,696.0,1006.0,1441.0,1706.0,1791.0,1926.0,2086.0,2092.0,2968.0,2489.0,810.0,1177.0,1539.0,1871.0,2036.0,2194.0,2345.0,2348.0,0.0,0.0,0.0,0.0,0.0,0.0,0.0,0.0,0.0,0.0,3529.0,2810.0,2784.0,3055.0,3047.0,3473.0,3684.0,3745.0,3878.0,3887.0,4783.5,4503.5,1621.5,2077.0,2562.0,3055.0,3384.0,3681.0,3743.5,3909.0,4150.5,3933.5,1529.5,1902.0,2436.0,2862.5,3209.0,3496.0,3350.0,3753.5,3297.0,2711.0,851.0,1232.0,1720.0,2087.0,2133.0,2246.0,2396.0,2487.0,4650.0,4113.5,2516.0,2746.5,2998.0,3518.5,4251.5,4655.0,4333.5,4965.5,2941.0,2178.0,672.0,942.0,1155.0,1671.0,2289.0,2429.0,2694.0,2688.0,5328.0,4723.0,1536.0,2163.0,2544.0,3233.0,4119.0,4553.0,4475.0,4807.0,4733.5,4127.5,1238.5,1701.0,2036.0,2634.0,3821.0,4371.5,4421.5,4653.0,2863.5,2485.0,2408.5,2457.5,2454.0,2797.0,3306.5,3580.0,3226.5,3616.5,3530.0,2689.5,836.5,1211.0,1270.0,1889.5,3545.5,4174.5,4053.0,4478.5,3333.0,2466.0,686.0,1084.0,1209.0,1730.0,3164.0,3678.0,3648.0,4002.0,3133.0,2346.0,581.0,995.0,1097.0,1672.0,3026.0,3540.0,3588.0,3843.0,2670.0,1911.0,556.5,929.5,884.5,1520.5,2685.5,3087.0,3239.0,3350.0,3535.0,2905.0,689.0,1001.0,1200.0,1648.5,2066.5,2284.0,2343.0,2541.5,4200.5,3716.5,888.0,1286.0,1625.0,2031.5,2337.0,2559.0,2815.5,2849.5,4276.0,3663.0,978.0,1328.0,1740.0,2147.0,2416.0,2582.0,2823.0,2879.0,3895.5,3643.0,2928.0,2959.5,3071.0,3281.0,3483.5,3556.0,3869.0,3694.5,3489.0,2773.5,781.5,1024.0,1371.0,1667.5,1901.5,2067.0,2261.5,2339.0,3202.0,2432.0,779.0,996.0,1377.0,1670.0,1904.0,2061.0,2246.0,2325.0,3131.5,2363.0,671.5,968.5,1304.0,1588.5,1854.5,1992.5,2223.5,2245.5,3053.0,2292.0,684.0,972.5,1268.5,1576.0,1851.0,1991.0,2168.5,2249.5,0.0,0.0,0.0,0.0,0.0,0.0,0.0,0.0,0.0,0.0,2450.0,1900.5,851.0,1013.5,1169.5,1433.0,1737.0,1842.5,2020.5,1999.0,0.0,0.0,0.0,0.0,0.0,0.0,0.0,0.0,0.0,0.0,1188.0,1284.0,10758.0,10430.0,10312.0,10456.0,10107.0,9792.0,10126.0,9428.0,1486.5,1046.5,1356.0,1590.5,1735.5,2170.5,2462.0,2598.0,2681.5,2546.0,2866.0,2030.0,608.0,938.0,1069.5,1619.0,2401.0,2620.0,2862.5,2860.5,1920.0,1239.0,573.0,837.5,774.0,1277.0,2128.0,2302.0,2526.5,2410.0,2399.0,1539.0,499.0,845.0,762.0,1506.0,2598.0,2840.0,3126.0,3019.0,2450.0,2214.0,716.0,866.0,1202.0,1428.0,1567.0,1672.0,1821.0,1856.0,"{""type"":""MultiPoint"",""coordinates"":[]}"
1039,61,1676.0,1142.0,724.0,946.0,1271.0,1468.0,1568.0,1670.0,2019.0,1877.0,3298.5,2395.0,1246.5,1516.0,1723.0,2115.5,2391.5,2627.5,2809.0,2750.5,2031.0,1284.5,804.0,1101.0,1251.5,1602.0,1978.0,2121.5,2321.5,2294.5,2400.0,1635.5,909.5,1182.0,1314.5,1716.0,2035.0,2208.0,2400.5,2361.5,2786.0,2042.0,908.0,1230.0,1397.0,1776.0,2186.0,2342.0,2480.0,2455.0,0.0,0.0,0.0,0.0,0.0,0.0,0.0,0.0,0.0,0.0,1828.0,1150.0,1265.0,1439.0,1523.0,1949.0,2202.0,2386.0,2463.0,2623.0,3524.5,2731.5,1584.0,1739.5,1802.0,2124.0,2315.5,2536.0,2714.0,2801.0,4196.0,3258.0,1286.5,1564.5,1773.5,2147.5,2541.0,2796.0,3032.0,3159.0,3792.0,2745.0,1174.0,1432.0,1501.5,1924.5,2682.5,3001.5,3135.0,3393.0,2726.5,2008.5,1602.0,1669.0,1722.5,1950.5,2378.5,2605.0,2695.0,2757.0,2813.0,2031.0,892.0,1137.0,1532.0,1681.0,1830.0,1924.0,2204.0,2141.0,4759.0,4734.0,1728.0,2060.0,2534.0,2830.0,2933.0,3143.0,3086.0,3373.0,5482.0,5419.0,2071.0,2462.0,3027.0,3423.0,3411.0,3628.0,3726.0,3841.0,4576.0,4285.0,1760.0,2117.0,2551.0,2859.0,2910.0,3022.0,3031.0,3283.0,4586.5,4690.5,1580.5,1893.5,2307.0,2614.0,2724.5,2882.0,2842.0,3164.0,4258.0,4197.0,1556.0,1876.0,2303.0,2572.0,2552.0,2686.0,2743.0,2884.0,5152.0,4913.0,2096.0,2517.0,3048.0,3405.0,3304.0,3479.0,3548.0,3677.0,4344.5,4015.0,1670.0,2018.0,2389.0,2721.0,2786.5,2954.5,3013.5,3157.5,3173.5,2453.5,1260.0,1537.0,1750.5,2172.0,2362.5,2499.0,2433.0,2676.0,3260.0,2702.0,1157.0,1494.0,1682.0,2060.0,2218.0,2357.0,2399.0,2553.0,3237.0,3129.0,1050.0,1276.5,1606.5,1790.5,1843.5,1970.0,2081.5,2162.5,1703.0,1132.0,786.0,950.0,1257.0,1398.0,1575.0,1648.0,1905.0,1807.0,2848.0,2460.0,899.0,1167.0,1457.0,1639.0,1701.0,1831.0,2025.0,2038.0,3060.0,2431.0,1006.0,1234.0,1574.0,1802.0,1873.0,1992.0,2224.0,2248.0,2756.5,2265.0,914.0,1224.5,1516.0,1710.5,1833.5,1954.5,2182.0,2150.5,2684.5,2179.5,897.0,1167.0,1470.5,1687.0,1747.5,1843.5,2036.0,2035.5,0.0,0.0,0.0,0.0,0.0,0.0,0.0,0.0,0.0,0.0,2725.0,2216.0,1071.0,1365.0,1640.0,1846.0,1960.0,2055.0,2291.0,2218.0,0.0,0.0,0.0,0.0,0.0,0.0,0.0,0.0,0.0,0.0,992.0,1001.0,9248.0,9026.0,9082.0,9151.0,8933.0,8636.0,9098.0,8461.0,638.0,418.0,873.0,1121.0,1465.0,1600.0,1627.0,1658.0,1819.0,1758.0,2320.0,1620.0,814.0,1080.0,1430.0,1668.0,1774.0,1926.0,2178.0,2148.0,2535.0,1852.0,1414.0,1575.0,1757.0,2065.0,2228.0,2320.0,2554.0,2496.0,1898.0,1254.5,784.0,1029.5,1254.0,1518.5,1730.5,1820.5,2042.0,2015.0,2579.0,1780.5,1222.0,1360.0,1577.0,1901.5,2118.5,2299.5,2395.5,2482.0,"{""type"":""MultiPoint"",""coordinates"":[]}"
1061,3,1129.0,639.0,348.0,526.0,704.0,908.0,1028.0,1106.0,1276.0,1312.0,2617.0,2157.0,717.0,962.0,1280.0,1444.0,1520.0,1647.0,1704.0,1779.0,0.0,0.0,0.0,0.0,0.0,0.0,0.0,0.0,0.0,0.0,2281.0,1887.0,652.0,790.0,1032.0,1177.0,1211.0,1360.0,1408.0,1481.0,1714.0,1226.0,435.0,593.0,787.0,908.0,986.0,1072.0,1185.0,1211.0,0.0,0.0,0.0,0.0,0.0,0.0,0.0,0.0,0.0,0.0,1787.0,1097.0,951.0,1069.0,1106.0,1398.0,1615.0,1747.0,1791.0,1904.0,4661.0,4315.0,5707.0,5255.0,4859.0,5289.0,5199.0,5123.0,5417.0,4945.0,2827.0,2262.0,736.0,1063.0,1293.0,1631.0,2001.0,2160.0,2322.0,2327.0,233.0,126.0,268.0,248.0,125.0,198.0,580.0,800.0,681.0,715.0,1732.0,794.0,296.0,481.0,233.0,695.0,2598.0,3602.0,3537.0,3733.0,2354.0,1790.5,510.5,708.0,934.0,1117.0,1259.0,1381.5,1537.5,1558.0,1894.0,1003.5,1080.5,1093.0,875.0,1159.5,2557.5,3835.0,3828.5,4019.5,0.0,0.0,0.0,0.0,0.0,0.0,0.0,0.0,0.0,0.0,1624.5,1083.0,511.0,680.0,472.0,1128.0,2912.5,3923.5,3471.0,4175.5,1737.5,832.5,450.5,765.5,460.0,1256.0,3244.5,4227.5,4230.5,4606.5,1779.0,894.0,332.0,714.0,464.0,1250.0,3121.0,3818.0,3930.0,4144.0,3091.0,1998.5,1053.0,1571.0,1850.5,2712.0,3567.0,3982.5,4158.5,4418.5,4381.0,3118.0,1185.0,1654.0,2278.0,2755.0,3229.0,3429.0,3769.0,3807.0,0.0,0.0,0.0,0.0,0.0,0.0,0.0,0.0,0.0,0.0,4455.0,3254.0,1167.0,1552.0,2148.0,2524.0,2692.0,2847.0,3006.0,3211.0,4105.5,2924.5,1179.0,1569.0,2018.0,2463.0,2800.0,3002.5,3233.5,3315.0,4361.0,4415.0,3932.0,3916.0,4019.0,4194.0,4149.0,4207.0,4394.0,4216.0,2838.0,2249.0,787.5,1071.5,1541.0,1786.5,1865.0,1999.5,2180.5,2245.0,2711.0,2072.0,878.0,1148.0,1648.0,1873.0,1978.0,2154.0,2233.0,2268.0,2944.5,2257.0,1033.5,1330.0,1804.0,2013.0,2114.0,2247.0,2458.5,2461.5,3145.0,2461.0,1063.0,1405.0,1876.0,2138.0,2164.0,2299.0,2500.0,2533.0,0.0,0.0,0.0,0.0,0.0,0.0,0.0,0.0,0.0,0.0,0.0,0.0,0.0,0.0,0.0,0.0,0.0,0.0,0.0,0.0,0.0,0.0,0.0,0.0,0.0,0.0,0.0,0.0,0.0,0.0,0.0,0.0,0.0,0.0,0.0,0.0,0.0,0.0,0.0,0.0,177.0,158.0,9296.0,9198.0,9168.0,9476.0,8929.0,8445.0,8531.0,7791.0,3162.5,2634.5,1446.5,1349.0,1376.5,1620.0,2573.0,1780.0,2263.0,1962.0,0.0,0.0,0.0,0.0,0.0,0.0,0.0,0.0,0.0,0.0,1398.5,931.5,359.5,475.0,663.0,760.0,825.0,899.5,1008.5,1017.0,1655.0,1177.0,414.0,545.0,755.5,854.5,933.5,1021.5,1122.0,1131.5,"{""type"":""MultiPoint"",""coordinates"":[]}"
1063,2,2156.0,1516.0,443.0,598.0,780.0,1074.0,1450.0,1622.0,1831.0,1827.0,4424.0,3742.0,1096.0,1478.0,1979.0,2354.0,2563.0,2733.0,2986.0,3096.0,2739.5,1981.5,653.5,866.5,1160.5,1439.0,1565.5,1729.5,1924.5,1983.0,516.0,404.0,258.0,220.0,247.0,289.0,251.0,295.0,326.0,362.0,0.0,0.0,0.0,0.0,0.0,0.0,0.0,0.0,0.0,0.0,4148.5,3539.5,1088.0,1330.5,1699.5,2037.5,2206.5,2424.5,2574.5,2729.0,0.0,0.0,0.0,0.0,0.0,0.0,0.0,0.0,0.0,0.0,0.0,0.0,0.0,0.0,0.0,0.0,0.0,0.0,0.0,0.0,4815.0,4071.0,1316.0,1747.0,2092.0,2620.0,3355.0,3650.0,3649.0,3985.0,4453.0,3778.0,1044.0,1448.0,1651.0,2261.0,3280.0,3599.0,3749.0,3867.0,3607.0,2566.0,774.0,1073.0,1026.0,1698.0,3206.0,3700.0,3756.0,3956.0,2660.0,2089.0,631.0,817.0,1022.0,1383.0,1782.0,1918.0,2166.0,2173.0,2490.0,1149.0,497.0,733.0,454.0,1151.0,3720.0,4599.0,4469.0,4820.0,2311.5,936.5,497.0,748.5,394.0,1068.5,4492.5,5688.0,5708.0,5807.5,3543.0,2349.0,2309.0,2407.0,2116.0,2683.0,5200.0,6452.0,6072.0,6611.0,2443.0,949.0,424.0,672.5,359.0,1091.0,4864.0,6310.5,6120.0,6633.0,2296.0,904.0,380.0,624.0,333.0,1060.5,4470.0,5576.5,5820.5,5948.0,0.0,0.0,0.0,0.0,0.0,0.0,0.0,0.0,0.0,0.0,2177.5,923.0,346.0,530.5,334.5,1126.5,3795.5,4525.5,4759.5,4869.5,2460.0,1444.0,531.0,634.0,647.0,1264.0,2055.0,2330.0,2435.0,2755.0,2800.0,1886.5,858.0,990.5,1179.5,1513.0,1765.5,1987.0,2297.5,2412.5,2856.0,1970.0,1057.0,1132.0,1345.0,1617.0,1759.0,1967.0,2224.0,2363.0,0.0,0.0,0.0,0.0,0.0,0.0,0.0,0.0,0.0,0.0,2725.0,1724.0,431.0,617.0,811.0,1119.0,1402.0,1628.0,1937.0,2081.0,2562.0,1505.0,795.0,918.0,1098.0,1557.0,1992.0,2281.0,2662.0,2861.0,2585.0,1571.0,422.0,709.0,936.0,1452.0,2004.0,2244.0,2597.0,2676.0,1700.0,1158.0,290.0,484.0,691.0,904.0,1065.0,1217.0,1376.0,1425.0,3324.0,2862.0,2095.0,2299.0,2581.0,2948.0,3214.0,3372.0,2682.0,3541.0,1992.0,1363.0,451.0,634.0,762.0,1088.0,1518.0,1683.0,1915.0,1912.0,0.0,0.0,0.0,0.0,0.0,0.0,0.0,0.0,0.0,0.0,1189.0,1251.0,10587.0,10232.0,10213.0,10357.0,10086.0,9722.0,10156.0,9420.0,746.0,511.0,315.0,339.0,391.0,533.0,659.0,696.0,769.0,805.0,2620.5,1944.5,664.5,923.5,1116.0,1560.5,2029.0,2208.0,2308.5,2455.5,0.0,0.0,0.0,0.0,0.0,0.0,0.0,0.0,0.0,0.0,2250.0,1460.0,437.0,734.0,808.0,1377.0,1996.0,2172.0,2398.0,2400.0,3068.0,2329.0,796.0,1118.0,1239.0,1933.0,2463.0,2646.0,2834.0,2942.0,"{""type"":""MultiPoint"",""coordinates"":[]}"
1066,2,2831.0,2113.0,701.0,962.0,1273.0,1524.0,1756.0,1879.0,2145.0,2091.0,5014.0,4243.5,1410.0,1847.0,2462.5,2886.5,3064.0,3239.5,3484.5,3613.0,3610.0,2703.0,999.0,1265.0,1756.0,2069.0,2200.0,2467.0,2703.0,2749.0,4229.5,3312.5,1485.0,1834.0,2301.0,2721.0,3069.5,3305.0,3507.0,3648.5,3631.0,2743.0,933.0,1251.0,1743.0,2067.0,2233.0,2423.0,2668.0,2731.0,6837.0,5921.5,1991.0,2531.0,3145.0,3847.5,4128.0,4458.5,4684.5,4879.5,4351.0,3263.0,1263.0,1556.0,1924.0,2462.0,2690.0,2902.0,2988.0,3286.0,5864.5,4747.0,1599.0,2111.5,2472.5,3321.0,3812.5,4125.5,4146.0,4535.0,5304.5,4092.5,1323.5,1794.0,2027.0,2881.0,3934.0,4400.0,4404.0,4782.0,4746.0,3541.0,1064.0,1537.0,1698.0,2449.0,4266.0,4868.0,4905.0,5199.0,3368.0,2049.0,577.0,959.0,735.0,1650.0,4113.0,4945.0,4995.0,5183.0,2794.0,2103.0,614.0,838.0,1135.0,1373.0,1588.0,1725.0,1909.0,1923.0,2654.0,1196.0,500.0,838.0,455.0,1348.0,4733.0,6008.0,5882.0,6232.0,2889.5,1277.0,673.0,1011.0,558.5,1559.5,5203.5,6646.0,6775.0,7026.5,1454.0,575.5,661.0,727.0,404.5,883.0,3462.5,4425.5,4333.5,4530.0,2717.5,1084.0,1035.0,998.0,489.5,1497.5,5953.5,6674.5,6158.0,6943.0,2278.0,912.5,356.0,683.0,324.0,1268.0,4587.0,5480.0,5529.0,5808.5,2153.5,895.5,342.0,638.5,376.0,1346.5,4235.0,5063.5,5185.5,5368.5,1997.5,885.5,315.0,506.5,388.0,1292.5,3597.0,4133.5,4378.0,4509.0,2104.0,1028.0,367.0,513.0,491.0,1222.0,2657.0,3024.0,3175.0,3439.0,1851.5,989.0,501.0,572.5,637.5,1266.0,1863.5,2097.5,2365.5,2499.5,3695.0,2539.0,921.0,1059.0,1502.0,1912.0,2132.0,2446.0,2796.0,3002.0,3188.0,2400.5,1830.0,2019.5,2199.0,2548.5,2807.5,2895.5,2996.5,3086.0,3375.0,2319.0,595.5,843.0,1307.0,1620.5,1877.0,2090.5,2462.0,2565.5,3502.0,2452.0,661.0,904.0,1310.0,1640.0,1873.0,2115.0,2402.0,2576.0,2500.0,1614.0,465.0,688.5,952.5,1307.5,1663.0,1881.5,2194.5,2303.5,3180.0,2195.5,594.0,845.0,1131.0,1572.0,1942.0,2199.0,2418.0,2578.5,0.0,0.0,0.0,0.0,0.0,0.0,0.0,0.0,0.0,0.0,1972.5,1207.5,809.0,1021.5,948.5,1270.5,1800.5,1935.5,2444.5,2179.0,0.0,0.0,0.0,0.0,0.0,0.0,0.0,0.0,0.0,0.0,324.0,306.0,8527.0,8503.0,8554.0,8824.0,8392.0,7787.0,7960.0,7257.0,1314.0,923.0,1722.0,2026.0,2329.0,2621.0,2644.0,2713.0,2857.0,2715.0,2661.5,1928.5,615.0,839.5,1059.0,1371.0,1681.0,1832.0,2056.5,2057.0,3622.0,2813.5,944.5,1259.0,1739.0,2049.5,2159.5,2364.0,2571.5,2632.0,3081.0,2291.0,809.0,1074.0,1571.0,1805.0,1951.0,2111.0,2358.0,2362.0,3174.0,2340.0,838.0,1092.0,1598.0,1882.0,2018.0,2209.0,2412.0,2510.0,"{""type"":""MultiPoint"",""coordinates"":[]}"
1073,3,1112.0,710.5,1159.5,1536.0,1837.0,2026.0,1655.5,1767.0,1933.5,1899.5,4322.0,4088.0,1742.5,2089.5,2545.5,2827.0,2936.5,3029.5,3194.0,3281.0,2436.5,1794.5,1117.0,1356.5,1696.0,2049.0,2085.5,2225.0,2354.0,2428.5,3002.0,2449.0,1588.0,1833.5,2127.0,2460.0,2467.5,2623.5,2773.5,2811.5,5476.5,5153.0,2787.5,3247.0,3764.5,4175.5,4306.0,4434.0,4754.5,4675.0,6597.5,6048.5,3111.5,3740.0,4113.5,4969.0,5378.5,5490.5,5809.0,5753.5,1327.0,803.5,1222.0,1323.0,1246.0,1622.5,1727.0,1833.0,1911.5,1932.5,5709.0,4960.5,2132.5,2623.0,2829.5,3623.0,4648.5,5098.0,5028.0,5439.5,4813.5,4154.5,1956.0,2389.5,2511.0,3315.5,4502.5,4820.0,4782.5,5168.0,826.0,444.5,387.0,573.5,381.5,824.0,1693.5,2058.0,2060.5,1823.5,740.5,323.5,335.0,395.0,217.0,432.0,1597.5,2523.0,2424.0,2405.0,3009.5,2540.5,1185.5,1425.5,1718.5,1986.5,2063.5,2168.5,2383.0,2368.5,1438.5,637.5,264.5,379.5,171.5,556.5,2598.0,4514.0,4377.5,4675.0,1378.5,624.0,379.0,561.0,311.5,753.5,2727.5,4651.5,4648.0,4758.0,1384.5,688.5,427.0,546.0,319.0,861.5,3030.5,4442.5,4154.5,4505.5,1437.0,686.0,472.0,704.5,430.0,1109.0,3209.0,4479.0,4374.5,4822.5,1654.0,848.5,419.5,799.0,521.0,1330.5,3258.0,3985.0,4154.5,4320.0,1643.5,925.5,558.0,787.5,825.0,1342.0,2101.5,2398.5,2536.5,2722.5,1900.5,1374.0,551.5,733.0,918.5,1223.5,1439.5,1571.0,1604.5,1744.5,1213.5,814.0,732.0,953.0,1209.5,1572.5,1684.0,1800.5,1829.0,1939.0,2869.5,2069.5,1052.0,1283.0,1580.0,1943.0,2185.5,2364.5,2536.5,2561.5,3175.5,2334.5,1030.0,1334.5,1624.5,2009.5,2242.0,2382.0,2561.0,2602.5,3239.0,2920.0,2628.0,2612.0,2691.5,2841.5,2815.5,2834.0,3127.5,2920.0,2765.0,1943.5,903.5,1206.5,1519.5,1883.0,2115.5,2234.5,2510.0,2481.0,1509.5,881.0,759.0,1017.0,1344.5,1755.5,1903.0,2116.0,2341.0,2390.5,1964.0,1194.0,697.5,1019.0,1368.5,1725.5,1885.0,2073.0,2355.5,2336.0,3008.0,2131.5,1032.0,1360.5,1748.5,2083.5,2221.5,2381.5,2624.0,2630.5,0.0,0.0,0.0,0.0,0.0,0.0,0.0,0.0,0.0,0.0,1456.5,896.0,654.5,894.0,1215.5,1534.0,1641.5,1781.5,2045.0,2024.0,0.0,0.0,0.0,0.0,0.0,0.0,0.0,0.0,0.0,0.0,1131.0,1242.5,10918.0,10563.0,10447.0,10548.5,10178.5,9825.5,10201.0,9452.5,1197.0,848.0,1733.5,1961.0,2149.5,2435.0,2251.0,2308.5,2322.0,2189.5,1873.5,1245.5,827.5,1090.5,1349.5,1651.5,1767.5,1928.5,2066.0,2106.0,3101.5,2378.0,1385.5,1649.0,1898.0,2295.0,2401.5,2556.5,2761.0,2733.5,1746.5,1161.0,1100.5,1427.5,1634.0,1916.5,2003.0,2183.5,2319.0,2286.0,2927.5,2233.0,1178.0,1480.0,1731.0,2098.0,2208.5,2375.0,2549.0,2564.0,"{""type"":""MultiPoint"",""coordinates"":[]}"
1077,3,581.0,412.0,1078.0,1512.0,1599.0,1771.0,1326.0,1296.0,1246.0,988.0,5669.5,5160.5,2119.5,2812.0,3528.5,3873.5,3910.5,4214.5,4419.0,4360.0,2515.5,1718.5,963.5,1249.5,1523.0,1840.0,1991.5,2140.5,2268.5,2324.0,3254.0,2202.0,1344.0,1834.0,2264.0,2512.0,2828.0,2976.0,3082.0,3039.0,3265.0,2405.0,1227.0,1627.0,1987.0,2256.0,2448.0,2627.0,2813.0,2786.0,4400.0,4181.0,2193.0,2796.0,3139.0,3687.0,4146.0,4524.0,3772.0,4759.0,2301.0,1545.0,1996.0,1780.0,1923.0,2609.0,2969.0,3164.0,2909.0,3202.0,2253.0,1543.0,912.0,1116.0,904.0,1468.5,2790.0,3301.0,3363.0,3426.0,1802.5,994.0,303.5,626.0,385.0,996.0,2612.5,3553.5,3414.5,3413.5,2128.0,1082.0,609.0,847.0,555.0,1152.0,3397.0,4453.0,4549.0,4823.0,1715.0,759.0,290.0,519.0,281.0,837.0,2965.0,4521.0,4473.0,4785.0,1068.0,698.0,952.0,1392.0,1351.0,1518.0,1007.0,995.0,1033.0,909.0,1690.0,837.0,390.0,669.0,420.0,941.0,2934.0,3868.0,4136.0,4316.0,1733.5,851.0,434.5,800.0,464.5,1192.5,3165.0,4183.0,4356.5,4352.0,1972.0,991.0,551.0,926.0,591.0,1421.0,3451.0,4049.0,4288.0,4557.0,2151.5,1150.0,645.0,1138.0,773.0,1636.5,3155.0,3887.5,3976.5,4083.5,2969.0,1933.0,831.0,1238.0,1413.0,1971.0,2828.0,3183.0,3384.0,3586.0,2926.0,2000.0,790.0,1148.0,1454.0,1758.0,2241.0,2551.0,2693.0,2840.0,3232.5,2229.0,841.0,1176.5,1465.0,1771.0,2250.5,2568.0,2642.0,2855.5,1482.0,911.5,556.0,766.0,941.0,1188.0,1503.0,1691.5,1719.0,1927.0,2233.0,1487.0,595.0,865.0,1077.0,1403.0,1785.0,1964.0,1992.0,2143.0,2450.0,1665.0,630.0,909.0,1124.5,1469.5,1886.0,2128.5,2308.0,2345.5,564.5,418.5,678.0,835.0,761.0,805.5,569.5,581.5,578.0,510.0,1909.5,1183.0,497.5,730.5,859.0,1260.5,1682.0,1932.5,2179.0,2201.5,1606.0,866.0,828.0,1015.0,1213.0,1647.0,1995.0,2144.0,2407.0,2492.0,1509.0,922.0,456.0,704.0,1005.0,1294.0,1485.0,1614.0,1851.0,1873.0,1924.0,1222.5,573.5,862.5,1205.0,1453.0,1608.0,1802.0,2043.5,2062.5,0.0,0.0,0.0,0.0,0.0,0.0,0.0,0.0,0.0,0.0,1571.0,1036.0,491.0,691.0,909.0,1149.0,1293.0,1451.0,1659.0,1615.0,0.0,0.0,0.0,0.0,0.0,0.0,0.0,0.0,0.0,0.0,854.0,915.0,10604.0,10228.0,10162.0,10162.0,9683.0,9405.0,9916.0,8951.0,679.5,502.5,1771.5,2042.0,2034.0,2269.0,1961.5,1910.5,1779.5,1567.0,2592.0,1796.0,758.0,1070.0,1233.0,1612.0,1746.0,1870.0,2125.0,2085.0,2858.0,2048.0,945.0,1297.0,1628.0,1913.0,2075.0,2213.0,2427.0,2402.0,2699.0,1909.0,972.0,1367.0,1652.0,2010.0,2149.0,2282.0,2558.0,2529.0,3124.0,2129.0,1185.0,1536.0,1929.0,2183.0,2363.0,2476.0,2716.0,2705.0,"{""type"":""MultiPoint"",""coordinates"":[]}"
1083,5,2131.0,1844.5,1509.5,1568.5,1756.5,1912.0,1951.5,2055.5,2193.5,2153.0,4163.0,3671.5,1251.5,1579.5,2036.0,2336.0,2439.0,2619.0,2711.0,2869.5,1850.5,1230.5,623.5,794.0,1067.0,1229.0,1264.5,1399.0,1498.5,1534.0,1990.0,1382.0,778.5,971.0,1253.0,1424.0,1466.0,1619.5,1735.5,1744.0,4118.5,3651.5,1192.0,1550.5,2009.0,2246.5,2356.5,2502.5,2676.5,2689.0,2493.0,1883.5,1400.5,1414.5,1648.0,1790.5,1891.5,1995.5,2055.0,2120.0,0.0,0.0,0.0,0.0,0.0,0.0,0.0,0.0,0.0,0.0,2807.0,2472.0,958.5,1189.0,1306.0,1619.0,1868.0,1997.0,2036.0,2125.0,4052.5,3359.5,1044.5,1424.5,1663.0,2153.0,2971.0,3330.0,3311.0,3578.0,2529.0,1682.5,580.5,786.5,792.0,1179.5,2347.5,2826.0,2768.5,2968.5,2693.5,1569.5,646.0,864.5,756.5,1246.0,2914.0,3609.5,3508.0,3752.5,2067.0,1493.5,673.5,841.5,1117.0,1289.0,1397.0,1483.5,1683.5,1675.5,2771.0,1655.0,611.5,796.5,667.5,1142.0,3433.5,4561.5,4391.5,4807.5,2191.0,1042.0,398.5,601.0,370.5,871.5,3378.5,4622.5,4597.5,4865.5,2012.5,917.5,313.0,474.5,285.5,750.0,3346.0,4582.0,4470.0,4821.5,2125.5,934.0,322.5,505.0,291.5,766.0,3482.5,4866.0,4681.0,5040.5,1413.0,671.0,192.0,321.0,179.0,497.5,2268.0,3086.5,3100.5,3227.5,1503.5,733.0,347.5,514.5,335.5,760.0,2628.5,3333.5,3264.0,3520.0,1594.5,863.5,309.5,573.5,397.0,1066.0,2092.5,2361.5,2357.5,2690.5,2786.0,2272.5,2479.5,2374.5,2180.0,2550.5,2714.0,2855.0,3056.0,2994.5,3226.5,2372.5,600.5,830.5,1060.5,1354.0,1563.0,1691.5,1869.0,1964.0,3147.5,2837.5,699.5,890.0,1188.0,1379.0,1449.0,1573.0,1697.0,1751.5,1702.0,1376.0,547.0,674.0,883.0,999.0,1049.5,1136.0,1232.0,1236.0,2954.5,2640.5,677.5,865.5,1160.5,1307.5,1398.5,1494.5,1672.0,1683.5,1562.0,1085.5,1265.5,1248.5,1401.5,1571.0,1550.0,1614.0,2130.0,1755.0,1614.5,981.5,402.5,581.0,814.5,955.5,1032.5,1130.5,1310.0,1299.0,1759.5,1211.5,496.0,694.0,920.0,1089.0,1141.0,1239.5,1384.5,1433.0,3243.0,2628.0,2318.0,2280.0,2763.0,3323.0,3435.0,3597.0,2636.0,3752.0,1389.0,810.0,586.0,722.5,921.0,1088.0,1178.0,1300.5,1462.5,1451.5,0.0,0.0,0.0,0.0,0.0,0.0,0.0,0.0,0.0,0.0,926.5,1026.5,10637.0,10273.0,10206.0,10313.5,9959.5,9614.5,9968.0,9233.5,1036.0,674.5,2863.5,2947.5,3124.5,3294.0,3194.5,3174.5,3332.0,3179.5,1818.5,1260.0,615.5,789.0,1076.5,1255.5,1341.0,1447.5,1610.0,1629.5,1678.0,1146.0,711.0,868.0,1123.0,1309.0,1406.0,1501.0,1660.0,1689.0,1828.5,1236.0,681.0,921.5,1187.0,1392.0,1459.5,1561.5,1700.0,1712.5,3486.0,2870.5,1033.5,1337.0,1721.5,1965.0,2089.0,2201.5,2386.0,2430.5,"{""type"":""MultiPoint"",""coordinates"":[]}"
1090,5,2126.0,1596.0,559.0,650.0,870.0,1035.0,1171.0,1286.0,1464.0,1463.0,3199.0,2623.0,884.0,1069.0,1334.5,1576.5,1716.0,1868.5,2060.0,2084.0,2905.5,2198.0,761.0,907.5,1205.0,1405.0,1494.0,1642.0,1795.5,1883.0,2929.0,2251.0,759.0,883.0,1168.0,1347.0,1495.0,1646.0,1822.0,1899.0,0.0,0.0,0.0,0.0,0.0,0.0,0.0,0.0,0.0,0.0,0.0,0.0,0.0,0.0,0.0,0.0,0.0,0.0,0.0,0.0,0.0,0.0,0.0,0.0,0.0,0.0,0.0,0.0,0.0,0.0,2531.0,1522.0,419.0,670.0,491.0,1023.0,2826.0,3424.0,3481.0,3532.0,0.0,0.0,0.0,0.0,0.0,0.0,0.0,0.0,0.0,0.0,2348.0,1125.0,316.0,542.0,280.0,837.0,3567.0,4754.0,4782.0,4874.0,0.0,0.0,0.0,0.0,0.0,0.0,0.0,0.0,0.0,0.0,2409.0,1993.0,685.0,798.0,1022.0,1180.0,1321.0,1435.0,1623.0,1609.0,2474.0,1008.0,397.0,520.0,254.0,732.0,4402.0,6693.0,6501.0,6953.0,2148.0,927.0,449.0,563.0,334.0,778.0,3727.0,5327.0,5440.0,5645.0,2534.0,1131.0,528.0,705.0,410.0,1062.0,4017.0,5703.0,5752.0,6261.0,3227.5,2439.5,1478.0,2065.0,1964.0,2528.5,4293.0,5081.5,4458.5,5467.5,2108.0,981.5,363.0,665.0,397.0,1094.5,3314.5,4030.5,4222.0,4398.5,0.0,0.0,0.0,0.0,0.0,0.0,0.0,0.0,0.0,0.0,2258.5,1427.5,383.0,594.0,626.0,1110.5,1748.5,2002.0,2168.5,2307.5,2399.0,1737.0,530.0,646.0,814.0,1001.0,1100.0,1255.0,1307.0,1428.0,3133.5,2337.5,691.5,901.5,1288.5,1527.5,1646.5,1815.5,2006.0,2112.0,2431.5,2142.5,913.5,953.5,1085.5,1289.0,1442.5,1650.0,1741.0,1826.0,0.0,0.0,0.0,0.0,0.0,0.0,0.0,0.0,0.0,0.0,2470.0,1949.0,646.0,788.0,1059.0,1190.0,1282.0,1377.0,1527.0,1563.0,0.0,0.0,0.0,0.0,0.0,0.0,0.0,0.0,0.0,0.0,1908.0,1295.0,420.0,608.0,802.0,1023.0,1170.0,1294.0,1436.0,1440.0,2373.5,1822.0,623.5,804.5,956.5,1240.0,1557.0,1722.5,1660.0,1860.0,0.0,0.0,0.0,0.0,0.0,0.0,0.0,0.0,0.0,0.0,2318.0,1653.0,567.0,770.0,796.0,1219.0,1798.0,1989.0,2129.0,2107.0,0.0,0.0,0.0,0.0,0.0,0.0,0.0,0.0,0.0,0.0,1105.0,1194.0,10943.0,10529.0,10359.0,10475.0,10158.0,9776.0,10162.0,9407.0,3281.0,3515.0,2391.0,2059.0,2215.0,2520.0,2723.0,2952.0,2468.0,3224.0,2563.0,2073.0,543.0,681.0,923.0,1161.0,1404.0,1516.0,1715.0,1715.0,2892.0,2278.0,746.0,918.0,1180.0,1403.0,1547.0,1683.0,1879.0,1878.0,2724.0,2084.0,621.0,764.0,1055.0,1293.0,1468.0,1610.0,1812.0,1833.0,3265.0,2612.5,915.0,1081.0,1332.5,1627.5,1773.0,1953.5,2092.5,2157.0,"{""type"":""MultiPoint"",""coordinates"":[]}"
1092,5,1917.0,1156.0,441.0,613.0,725.0,1144.0,1735.0,1894.0,2164.0,2110.0,3776.0,3175.5,1058.0,1381.0,1798.5,2102.0,2226.5,2377.5,2541.5,2622.5,2469.0,1668.0,704.0,904.0,1174.0,1420.0,1542.0,1696.0,1858.0,1903.0,2451.0,1602.0,680.0,857.0,1047.0,1354.0,1582.0,1729.0,1869.0,1948.0,0.0,0.0,0.0,0.0,0.0,0.0,0.0,0.0,0.0,0.0,4350.0,3634.0,1183.0,1578.0,1832.0,2364.0,3077.0,3325.0,3407.0,3592.0,0.0,0.0,0.0,0.0,0.0,0.0,0.0,0.0,0.0,0.0,2632.0,1318.0,373.0,712.0,405.0,1136.0,3576.0,4316.0,4253.0,4484.0,2461.0,1115.0,269.0,569.0,250.0,939.0,4351.0,5568.0,5325.0,5818.0,2301.0,1094.0,352.0,550.0,289.0,799.0,3780.0,5039.0,5192.0,5301.0,2121.0,905.0,249.0,444.0,214.0,706.0,3850.0,5339.0,5251.0,5569.0,1948.0,1249.0,469.0,607.0,775.0,1180.0,1698.0,1857.0,2115.0,2093.0,2592.0,1116.0,900.0,926.0,573.0,1031.0,4284.0,5655.0,5588.0,6112.0,0.0,0.0,0.0,0.0,0.0,0.0,0.0,0.0,0.0,0.0,2056.0,870.0,410.0,593.0,320.0,841.0,3486.0,4591.0,4486.0,4801.0,2364.0,1313.5,531.0,797.5,638.0,1227.5,3135.5,3806.0,3727.0,4156.0,2297.0,1339.0,437.5,694.0,571.0,1221.0,2313.5,2689.0,2836.0,3052.0,3494.0,2463.0,573.0,783.0,1057.0,1430.0,1695.0,1945.0,2144.0,2377.0,3417.0,2510.5,622.0,816.0,1141.0,1415.0,1540.5,1722.0,1861.0,2026.0,2384.0,1749.0,544.0,721.0,992.0,1185.0,1271.0,1388.0,1416.0,1566.0,3346.0,2812.0,798.0,1068.0,1455.0,1709.0,1824.0,2012.0,2156.0,2179.0,3374.0,2904.0,876.0,1125.0,1474.0,1752.0,1920.0,2102.0,2199.0,2293.0,0.0,0.0,0.0,0.0,0.0,0.0,0.0,0.0,0.0,0.0,3295.0,2530.0,907.0,1177.0,1327.0,1775.0,2397.0,2540.0,2723.0,2733.0,4517.0,3562.0,1582.0,1909.0,2034.0,2755.0,3885.0,4189.0,3913.0,4541.0,1785.0,995.0,370.0,631.0,599.0,1153.0,2155.0,2347.0,2558.0,2507.0,2025.0,1618.0,1161.0,1296.5,1347.0,1705.5,2103.5,2221.5,2272.0,2335.0,0.0,0.0,0.0,0.0,0.0,0.0,0.0,0.0,0.0,0.0,2006.0,1321.0,520.0,640.0,815.0,1053.0,1211.0,1359.0,1527.0,1574.0,0.0,0.0,0.0,0.0,0.0,0.0,0.0,0.0,0.0,0.0,257.0,250.0,6604.0,6770.0,6835.0,7207.0,6962.0,6565.0,6789.0,6281.0,0.0,0.0,0.0,0.0,0.0,0.0,0.0,0.0,0.0,0.0,2309.0,1546.0,612.0,806.0,1072.0,1284.0,1439.0,1588.0,1828.0,1815.0,3034.5,2522.0,1154.0,1257.0,1552.0,1817.5,1923.0,2053.5,2154.0,2279.0,3809.0,3228.0,965.0,1270.0,1710.0,1996.0,2130.0,2308.0,2502.0,2571.0,4934.0,4371.0,1450.0,1834.0,2350.0,2727.0,2867.0,3044.0,3187.0,3357.0,"{""type"":""MultiPoint"",""coordinates"":[]}"
1110,176,2957.0,2519.0,3084.0,3012.0,3051.0,3297.0,3412.0,3502.0,3439.0,3600.0,2487.5,1404.5,487.5,814.0,663.5,1371.5,2831.5,3236.5,3461.5,3495.5,0.0,0.0,0.0,0.0,0.0,0.0,0.0,0.0,0.0,0.0,1704.0,775.5,276.5,567.0,279.0,947.5,3368.0,4172.5,4311.0,4447.5,0.0,0.0,0.0,0.0,0.0,0.0,0.0,0.0,0.0,0.0,1253.5,712.0,795.5,841.0,704.5,927.0,1822.5,2240.5,2208.0,2366.5,2211.5,1025.5,449.5,812.0,389.0,1235.0,3980.5,5197.5,5387.5,5672.0,3600.5,2378.0,555.0,850.0,1049.0,1538.0,2395.5,2831.5,2968.0,3284.0,3654.0,2292.0,658.0,964.5,1082.0,1682.0,2676.5,3132.0,3175.5,3551.5,2684.5,1228.5,636.0,969.0,515.5,1330.0,4546.0,5602.0,5523.5,5973.0,557.0,229.0,1025.0,988.0,631.0,879.0,1885.0,2300.0,2137.0,2242.0,0.0,0.0,0.0,0.0,0.0,0.0,0.0,0.0,0.0,0.0,557.0,229.0,1025.0,988.0,631.0,879.0,1885.0,2300.0,2137.0,2242.0,3475.0,2071.5,951.5,1225.5,1188.0,1835.0,2983.5,3490.5,3465.5,3954.5,3137.5,1826.5,951.5,1279.0,1240.0,1837.5,3189.0,3822.0,3597.0,4215.0,3098.0,1619.0,478.5,796.0,582.5,1290.5,3149.5,3801.0,3803.5,4178.0,2935.0,1527.0,474.5,799.5,555.0,1295.5,3191.0,3905.5,3966.0,4289.0,2434.0,1231.0,334.0,664.5,400.5,1062.5,2702.5,3082.5,3205.0,3503.0,1956.5,1145.5,348.5,506.0,508.5,868.0,1494.0,1744.5,1824.5,1962.0,3896.0,3044.0,2144.5,2233.5,2160.5,2792.0,3702.5,4025.5,4043.0,4353.0,2511.0,1395.0,380.5,630.0,528.5,1107.5,2351.5,2803.0,2973.0,3173.5,2539.0,1356.5,395.5,643.0,560.0,1189.0,2517.0,2949.0,3146.5,3371.0,0.0,0.0,0.0,0.0,0.0,0.0,0.0,0.0,0.0,0.0,2631.5,1483.5,387.0,647.0,724.5,1294.5,2274.5,2700.0,3011.5,3121.0,2634.5,1518.0,401.0,703.5,837.0,1404.5,2404.0,2761.5,3105.5,3205.0,0.0,0.0,0.0,0.0,0.0,0.0,0.0,0.0,0.0,0.0,2944.5,1774.0,496.0,835.0,1038.5,1546.5,2419.5,2750.5,2998.0,3218.0,2942.5,1805.5,527.5,889.5,1024.0,1538.5,2642.0,3003.0,3377.5,3469.0,2740.0,1646.0,486.5,824.5,885.5,1436.5,2607.0,3001.5,3320.5,3356.0,1361.0,946.5,675.0,799.0,875.0,1083.0,1331.5,1440.0,1576.0,1584.0,492.0,426.0,8022.5,7882.0,7735.5,7976.5,7630.0,7301.0,7295.5,6880.0,3070.5,2101.0,820.5,1167.0,1439.0,1937.5,2519.5,2743.5,2984.0,3111.5,3070.5,2101.0,766.5,1039.5,1256.5,1655.0,2214.5,2491.5,2750.0,2750.0,0.0,0.0,0.0,0.0,0.0,0.0,0.0,0.0,0.0,0.0,2884.5,1692.0,563.5,903.5,866.5,1563.0,2792.0,3099.0,3197.0,3370.0,2487.5,1404.5,487.5,814.0,663.5,1371.5,2831.5,3236.5,3461.5,3495.5,"{""type"":""MultiPoint"",""coordinates"":[]}"
1112,2,2736.0,1668.0,759.0,1100.0,1176.0,1787.0,2993.0,3339.0,3763.0,3635.0,4907.0,3820.0,1249.0,1603.0,2087.0,2472.0,2652.0,2902.0,3197.0,3252.0,4201.0,3148.0,1154.0,1417.0,1844.0,2208.0,2404.0,2603.0,2899.0,2977.0,4595.0,3605.0,1078.0,1365.0,1841.0,2212.0,2370.0,2599.0,2904.0,3032.0,5552.0,4728.0,1410.0,1768.0,2309.0,2730.0,2939.0,3176.0,3445.0,3627.0,5675.0,4604.0,1448.0,1815.0,2357.0,2787.0,2970.0,3248.0,3480.0,3637.0,5451.0,4316.0,1337.0,1660.0,2056.0,2535.0,2796.0,3105.0,3344.0,3601.0,5627.0,4823.0,1360.0,1700.0,2116.0,2607.0,2864.0,3162.0,3384.0,3549.0,0.0,0.0,0.0,0.0,0.0,0.0,0.0,0.0,0.0,0.0,3477.5,2748.5,1013.0,1333.5,1393.0,1925.5,2924.5,3201.0,3261.0,3463.0,0.0,0.0,0.0,0.0,0.0,0.0,0.0,0.0,0.0,0.0,3089.0,1947.0,803.0,1113.0,1287.0,1864.0,3016.0,3360.0,3740.0,3653.0,2800.0,1283.0,496.5,805.0,474.5,1213.0,4574.5,5587.0,5519.0,5820.5,2499.0,1084.0,468.0,711.0,394.0,1042.0,4622.0,5853.0,5919.0,6038.0,1403.0,538.0,378.0,574.0,290.0,816.0,3174.0,3883.0,3806.0,3933.0,2591.0,1114.0,483.0,785.0,443.5,1270.5,4602.0,5519.0,5467.5,5869.0,2494.5,1239.0,407.0,686.5,471.5,1265.0,3512.0,4142.0,4456.5,4481.0,0.0,0.0,0.0,0.0,0.0,0.0,0.0,0.0,0.0,0.0,2675.0,1608.0,495.5,666.5,682.0,1421.0,2510.5,2800.5,3146.0,3156.0,3045.0,2194.0,852.0,1003.0,1167.0,1498.0,1676.0,1823.0,2006.0,2167.0,3206.0,2342.5,762.0,920.5,1126.5,1419.5,1648.0,1859.0,2105.5,2211.5,3468.0,2583.0,637.0,841.0,1000.0,1377.0,1767.0,1987.0,2243.0,2398.0,0.0,0.0,0.0,0.0,0.0,0.0,0.0,0.0,0.0,0.0,3095.0,1984.0,609.5,917.0,906.0,1461.0,2362.0,2664.0,2894.0,2999.5,0.0,0.0,0.0,0.0,0.0,0.0,0.0,0.0,0.0,0.0,2172.0,1174.0,372.0,722.0,586.0,1297.0,2700.0,2981.0,3324.0,3270.0,2725.0,1573.0,592.5,913.5,752.5,1488.0,2959.0,3355.0,3537.0,3638.0,0.0,0.0,0.0,0.0,0.0,0.0,0.0,0.0,0.0,0.0,2357.0,1338.0,464.0,773.0,588.0,1222.0,2682.0,3128.0,3398.0,3286.0,0.0,0.0,0.0,0.0,0.0,0.0,0.0,0.0,0.0,0.0,502.0,561.0,10172.0,10072.0,10175.0,10276.0,9957.0,9561.0,9942.0,9201.0,0.0,0.0,0.0,0.0,0.0,0.0,0.0,0.0,0.0,0.0,3437.0,2272.0,878.0,1196.0,1410.0,1990.0,2856.0,3179.0,3537.0,3488.0,3937.0,2764.0,1010.5,1362.0,1835.0,2333.0,2656.5,2905.0,3243.0,3300.0,3679.0,2634.0,1009.0,1313.0,1812.0,2205.0,2435.0,2651.0,3010.0,3052.0,1783.0,1083.0,1081.0,1172.0,1346.0,1512.0,1670.0,1712.0,1858.0,1934.0,"{""type"":""MultiPoint"",""coordinates"":[]}"
1120,2,2306.0,1516.0,497.0,699.0,893.0,1241.0,1646.0,1799.0,2002.0,2063.0,4267.0,3817.0,1667.0,2070.5,2550.0,2881.0,2973.0,3109.0,3338.0,3358.0,2717.0,1914.5,886.0,1219.0,1593.0,1905.5,2017.5,2174.0,2359.5,2412.0,2900.5,2165.0,992.0,1324.0,1677.5,2002.0,2149.5,2281.0,2442.5,2447.5,4996.0,4451.0,1657.0,2233.0,2823.0,3318.0,3444.0,3628.0,3887.0,3864.0,4124.0,3255.0,1326.0,1775.0,2112.0,2657.0,3036.0,3280.0,3638.0,3592.0,2764.0,1754.0,1265.0,1643.0,1744.0,2316.0,2873.0,3170.0,3122.0,3336.0,4138.0,3604.0,1383.0,1846.0,2155.0,2574.0,3273.0,3709.0,3615.0,3986.0,2156.5,1711.5,790.5,1042.0,1176.0,1380.5,2058.0,2478.0,2394.0,2626.5,3337.0,2473.5,973.5,1392.5,1699.0,2020.5,3107.5,3581.0,3713.0,3841.5,2958.0,1900.0,1455.0,1397.0,1381.0,1994.0,3677.0,4427.0,4414.0,4652.0,2512.5,1741.0,559.5,782.5,978.0,1341.0,1697.0,1814.0,2069.5,2122.0,2569.0,1514.0,685.0,945.0,879.0,1397.0,3670.0,4636.0,4540.0,4802.0,2780.5,1558.0,696.5,935.0,834.5,1476.5,4048.0,5047.0,5165.0,5248.0,2702.0,1540.0,893.0,1112.0,926.0,1521.0,4068.0,4965.0,5083.0,5239.0,1870.5,1130.0,608.5,782.0,702.5,1156.5,2645.0,3228.0,3091.0,3333.0,2590.0,1736.0,596.0,838.0,823.0,1549.0,3681.0,4379.0,4606.0,4552.0,2452.0,1575.0,605.0,813.0,860.0,1395.0,3189.0,3749.0,3968.0,4059.0,2768.0,1767.0,682.5,920.5,1002.5,1687.0,3069.0,3444.5,3577.5,3740.5,2771.0,2133.0,1213.5,1385.5,1537.5,1905.5,2163.5,2258.0,2199.0,2430.0,3654.0,3009.0,1095.0,1368.0,1604.0,2054.0,2305.0,2434.0,2707.0,2751.0,3814.0,3089.0,972.0,1275.0,1717.0,2133.0,2315.0,2508.0,2767.0,2876.0,2593.0,1774.5,745.0,999.5,1250.5,1634.5,1986.5,2147.5,2458.5,2468.5,4137.0,3283.0,918.0,1301.0,1674.0,2126.0,2509.0,2723.0,2973.0,3098.0,4385.5,3933.5,2715.5,2784.0,3010.5,3411.5,3594.5,3680.5,3998.5,3913.0,2409.5,1627.0,459.0,763.5,942.0,1373.5,1899.0,2114.5,2361.5,2340.0,2500.0,1718.5,470.0,794.0,914.5,1411.5,2135.5,2378.5,2520.0,2579.0,3642.0,2742.0,2252.0,2340.0,2525.0,2866.0,3093.0,3217.0,3159.0,3323.0,2379.0,1538.0,524.0,801.0,801.0,1359.0,2289.0,2457.0,2715.0,2743.0,0.0,0.0,0.0,0.0,0.0,0.0,0.0,0.0,0.0,0.0,1117.0,1214.0,10756.0,10330.0,10284.0,10350.0,10116.0,9777.0,10142.0,9350.0,1869.0,1264.0,1009.0,1217.0,1457.0,1806.0,2134.5,2197.0,2382.5,2414.5,2995.0,2187.0,667.0,1000.0,1242.0,1707.0,2172.0,2424.0,2555.0,2634.0,1116.0,761.0,556.0,715.0,814.0,983.0,1131.0,1202.0,1213.0,1269.0,2709.0,2059.0,838.0,1229.0,1545.0,1982.0,2286.0,2389.0,2603.0,2582.0,4517.5,3913.0,1430.5,1955.0,2353.0,2948.5,3333.0,3522.0,3726.0,3749.5,"{""type"":""MultiPoint"",""coordinates"":[]}"
1125,5,2184.5,1497.5,559.5,718.5,935.5,1213.5,1457.5,1666.0,1894.5,1901.5,4617.0,4183.0,1207.5,1574.0,2066.0,2436.0,2619.5,2851.5,3125.0,3173.5,2631.5,1771.0,779.5,942.0,1222.0,1481.0,1627.0,1820.5,2018.5,2138.0,1043.5,810.5,387.5,396.5,437.0,541.0,566.0,704.5,619.5,821.0,0.0,0.0,0.0,0.0,0.0,0.0,0.0,0.0,0.0,0.0,5290.5,4515.5,1390.0,1794.5,2110.0,2687.0,3478.5,3819.5,4048.5,4227.5,0.0,0.0,0.0,0.0,0.0,0.0,0.0,0.0,0.0,0.0,3347.5,2063.0,489.0,866.5,628.0,1384.5,3680.5,4387.5,4520.5,4671.0,0.0,0.0,0.0,0.0,0.0,0.0,0.0,0.0,0.0,0.0,2229.5,1018.0,342.5,527.0,271.5,754.0,3674.0,5119.5,5182.5,5281.5,2165.0,929.0,371.5,542.5,284.0,755.0,3786.0,5486.5,5454.5,5717.5,2535.5,1934.0,641.5,819.0,1055.5,1322.0,1597.0,1754.5,1992.5,2008.5,2077.0,849.0,485.5,574.0,317.5,731.5,3645.5,5141.0,5189.5,5463.0,2122.5,900.0,336.5,500.5,258.5,747.0,3707.5,5265.5,5338.0,5520.5,3968.0,4203.0,2707.0,3079.5,3141.0,3952.5,4947.0,5448.0,4836.5,5573.0,2997.0,1936.5,1852.0,2001.0,1756.0,2467.0,3871.0,4401.5,4346.5,4632.5,2639.5,1729.5,456.5,689.0,808.0,1282.0,1722.5,2022.5,2148.5,2359.5,0.0,0.0,0.0,0.0,0.0,0.0,0.0,0.0,0.0,0.0,3564.0,2602.5,751.0,978.5,1375.5,1628.0,1751.0,1948.5,2108.5,2285.0,4135.5,3046.5,1095.5,1333.0,1718.5,2043.5,2210.0,2408.0,2392.0,2667.0,3865.5,3336.5,907.5,1141.5,1537.5,1779.5,1914.5,2111.5,2302.5,2371.5,3685.5,3623.0,974.0,1187.5,1604.0,1820.0,1927.0,2106.5,2247.5,2364.0,0.0,0.0,0.0,0.0,0.0,0.0,0.0,0.0,0.0,0.0,2996.0,2533.0,692.5,911.0,1258.0,1447.5,1535.0,1737.0,1914.5,1997.0,0.0,0.0,0.0,0.0,0.0,0.0,0.0,0.0,0.0,0.0,2007.0,1428.5,368.0,539.5,797.5,943.5,1056.0,1211.5,1382.0,1432.5,1904.5,1480.5,509.0,635.0,833.0,986.0,1077.0,1209.0,1294.0,1364.0,0.0,0.0,0.0,0.0,0.0,0.0,0.0,0.0,0.0,0.0,2078.5,1513.5,491.5,606.0,828.5,999.5,1170.5,1310.0,1527.5,1558.0,0.0,0.0,0.0,0.0,0.0,0.0,0.0,0.0,0.0,0.0,929.0,1010.0,11032.5,10624.0,10512.0,10613.5,10274.5,9891.0,10273.0,9512.5,0.0,0.0,0.0,0.0,0.0,0.0,0.0,0.0,0.0,0.0,2526.0,1751.0,567.5,762.5,933.5,1263.0,1703.5,1907.0,2177.5,2174.0,2770.5,1936.0,656.5,872.5,1019.0,1390.5,1792.5,1991.0,2274.0,2298.0,2474.0,1642.0,540.5,798.5,923.5,1359.5,1917.5,2178.5,2416.5,2459.5,0.0,0.0,0.0,0.0,0.0,0.0,0.0,0.0,0.0,0.0,"{""type"":""MultiPoint"",""coordinates"":[]}"
1127,5,553.0,303.0,489.0,654.0,907.0,1055.0,1101.0,1196.0,1354.0,1356.0,3092.0,2561.0,1089.5,1342.5,1627.5,1890.5,1959.5,2110.5,2214.5,2292.5,601.0,325.0,612.5,777.0,918.5,1122.0,1166.0,1273.5,1321.5,1363.5,460.0,252.0,635.0,805.0,942.0,1152.0,1210.0,1330.0,1388.0,1398.0,0.0,0.0,0.0,0.0,0.0,0.0,0.0,0.0,0.0,0.0,2536.5,1905.5,961.0,1140.0,1346.5,1596.0,1707.0,1824.0,1896.5,2001.0,0.0,0.0,0.0,0.0,0.0,0.0,0.0,0.0,0.0,0.0,2915.0,2447.0,935.0,1167.0,1355.0,1620.0,1743.0,1924.0,1974.0,2105.0,4607.0,3543.0,3264.0,3049.0,2993.0,3533.0,4155.0,4427.0,4416.0,4616.0,2922.0,2336.0,903.0,1161.0,1318.0,1634.0,1995.0,2161.0,2199.0,2308.0,0.0,0.0,0.0,0.0,0.0,0.0,0.0,0.0,0.0,0.0,1028.0,616.0,537.0,704.0,970.0,1121.0,1231.0,1320.0,1500.0,1469.0,2546.0,1839.0,747.0,976.0,966.0,1431.0,2059.0,2301.0,2202.0,2458.0,2446.0,1628.0,727.0,940.0,852.0,1271.0,2682.0,3202.0,3154.0,3283.0,0.0,0.0,0.0,0.0,0.0,0.0,0.0,0.0,0.0,0.0,2081.0,1070.0,442.0,576.0,437.0,784.0,2863.0,3855.0,3696.0,3957.0,1894.5,995.5,356.5,534.5,411.5,794.5,2699.5,3420.5,3479.5,3583.0,0.0,0.0,0.0,0.0,0.0,0.0,0.0,0.0,0.0,0.0,2285.5,1347.0,718.5,1043.5,948.0,1663.5,2769.5,3061.0,3220.0,3300.0,2332.0,1633.0,1194.0,1202.0,1257.0,1453.0,1607.0,1722.0,1871.0,1838.0,3018.5,2350.5,736.0,956.0,1297.0,1505.5,1624.5,1794.0,1975.5,2063.5,2078.0,1757.0,585.0,694.0,909.0,1023.0,1084.0,1187.0,1238.0,1304.0,0.0,0.0,0.0,0.0,0.0,0.0,0.0,0.0,0.0,0.0,1913.0,1492.0,603.0,740.0,931.0,1043.0,1087.0,1165.0,1266.0,1272.0,0.0,0.0,0.0,0.0,0.0,0.0,0.0,0.0,0.0,0.0,1223.0,755.0,287.0,431.0,573.0,672.0,754.0,822.0,930.0,926.0,1496.0,996.0,394.0,524.0,708.0,791.0,899.0,945.0,1038.0,1075.0,0.0,0.0,0.0,0.0,0.0,0.0,0.0,0.0,0.0,0.0,1616.0,1270.0,454.0,552.0,689.0,783.0,844.0,897.0,996.0,1006.0,0.0,0.0,0.0,0.0,0.0,0.0,0.0,0.0,0.0,0.0,937.0,999.0,11032.0,10594.0,10450.0,10535.0,10223.0,9866.0,10226.0,9422.0,0.0,0.0,0.0,0.0,0.0,0.0,0.0,0.0,0.0,0.0,695.0,388.0,427.0,625.0,876.0,1057.0,1090.0,1218.0,1349.0,1339.0,1252.0,756.0,620.0,812.0,1025.5,1220.5,1305.0,1405.5,1521.0,1546.5,411.0,216.0,499.0,693.0,919.0,1116.0,1126.0,1251.0,1331.0,1299.0,4107.0,3430.0,3691.0,3623.5,3679.0,3994.5,3867.5,3847.0,4144.0,3895.0,"{""type"":""MultiPoint"",""coordinates"":[]}"
1130,2,2693.0,1788.0,665.0,945.0,1024.0,1538.0,2423.0,2676.0,2963.0,2911.0,4411.0,3266.0,1128.0,1407.0,1852.0,2181.0,2358.0,2590.0,2887.0,2925.0,3843.0,2835.0,1050.0,1287.0,1693.0,2037.0,2208.0,2447.0,2677.0,2813.0,4134.5,3433.0,1954.5,2165.5,2502.5,2969.5,3292.5,3524.5,3463.5,3789.0,0.0,0.0,0.0,0.0,0.0,0.0,0.0,0.0,0.0,0.0,3777.0,3236.0,1977.0,1910.0,2013.0,2578.0,3226.0,3516.0,3294.0,3554.0,0.0,0.0,0.0,0.0,0.0,0.0,0.0,0.0,0.0,0.0,5659.0,4631.0,1415.0,1764.0,2210.0,2689.0,2984.0,3227.0,3500.0,3672.0,5674.0,4381.0,1469.0,1768.0,2133.0,2630.0,3135.0,3542.0,3678.0,4017.0,4833.5,3287.5,1334.0,1612.5,1717.0,2319.0,3559.0,4034.5,4165.0,4477.5,4497.0,2851.0,1089.0,1380.0,1339.0,2091.0,4057.0,4776.0,4809.0,5188.0,3045.0,2089.0,686.0,953.0,1100.0,1622.0,2448.0,2661.0,2969.0,2920.0,3199.5,1588.5,608.5,860.0,625.0,1315.5,4476.0,5527.0,5518.5,5890.5,2661.0,1211.0,484.0,707.0,446.0,1099.0,4345.0,5482.0,5558.0,5681.0,2956.0,1555.0,1003.0,1134.0,821.0,1541.0,4196.0,5234.0,4901.0,5540.0,2663.5,1149.0,487.0,778.5,462.5,1293.5,4307.0,5250.0,5083.5,5525.0,2478.5,1092.0,399.5,655.0,422.0,1188.0,3648.5,4346.5,4488.5,4646.5,0.0,0.0,0.0,0.0,0.0,0.0,0.0,0.0,0.0,0.0,2448.5,1248.5,435.0,590.5,541.5,1290.5,2834.5,3202.5,3470.5,3588.0,3285.0,2153.0,819.0,960.0,1110.0,1572.0,1892.0,2137.0,2298.0,2559.0,3265.0,2306.0,913.5,1019.0,1251.0,1519.0,1694.0,1905.5,2163.0,2269.5,3118.0,2261.0,962.0,1071.0,1225.0,1500.0,1696.0,1894.0,2139.0,2230.0,0.0,0.0,0.0,0.0,0.0,0.0,0.0,0.0,0.0,0.0,3235.0,2216.5,621.0,797.5,947.5,1296.0,1656.0,1892.5,2144.0,2279.0,0.0,0.0,0.0,0.0,0.0,0.0,0.0,0.0,0.0,0.0,2586.0,1537.0,451.0,721.0,974.0,1481.0,2008.0,2254.0,2649.0,2782.0,2779.0,1695.0,526.0,815.0,971.0,1551.0,2292.0,2555.0,2790.0,2948.0,0.0,0.0,0.0,0.0,0.0,0.0,0.0,0.0,0.0,0.0,2787.0,1786.0,600.0,826.0,871.0,1457.0,2393.0,2623.0,2987.0,2994.0,0.0,0.0,0.0,0.0,0.0,0.0,0.0,0.0,0.0,0.0,752.0,818.0,9790.0,9661.0,9800.0,9865.0,9635.0,9240.0,9666.0,8956.0,0.0,0.0,0.0,0.0,0.0,0.0,0.0,0.0,0.0,0.0,3165.0,2176.0,744.0,976.0,1121.0,1607.0,2415.0,2734.0,3013.0,3002.0,3588.0,2493.5,875.5,1189.0,1555.5,2032.5,2428.5,2672.5,2932.0,3008.0,2030.5,1355.0,757.0,923.0,1190.5,1477.5,1686.0,1814.5,1990.0,2080.5,0.0,0.0,0.0,0.0,0.0,0.0,0.0,0.0,0.0,0.0,"{""type"":""MultiPoint"",""coordinates"":[]}"
1156,5,1221.0,730.0,406.5,586.0,712.5,1090.5,1466.5,1764.5,1770.5,1963.5,2861.5,2215.0,788.5,1090.0,1252.5,1734.5,2317.0,2560.5,2694.5,2693.0,1808.0,1108.5,526.5,751.5,886.0,1284.5,1681.5,1958.0,2110.0,2066.0,1868.5,1171.0,703.5,894.5,1008.0,1356.5,1774.5,1926.0,2125.0,2200.0,0.0,0.0,0.0,0.0,0.0,0.0,0.0,0.0,0.0,0.0,2460.5,1800.0,763.5,985.0,1228.0,1582.0,1892.5,2000.5,1950.5,2182.5,0.0,0.0,0.0,0.0,0.0,0.0,0.0,0.0,0.0,0.0,0.0,0.0,0.0,0.0,0.0,0.0,0.0,0.0,0.0,0.0,0.0,0.0,0.0,0.0,0.0,0.0,0.0,0.0,0.0,0.0,2859.0,1982.5,621.5,866.0,914.5,1307.5,2494.5,2850.0,2978.0,3072.5,2578.5,1495.5,531.0,747.0,717.5,1171.5,2781.5,3478.0,3483.0,3532.5,1557.5,1085.0,500.5,646.0,802.5,1122.5,1453.0,1633.0,1732.0,1914.0,2559.0,1595.5,553.0,679.0,650.5,1106.0,2517.0,3393.0,3364.0,3747.0,2224.5,1350.5,561.0,672.0,623.0,1053.0,2522.0,3433.5,3449.5,3613.5,0.0,0.0,0.0,0.0,0.0,0.0,0.0,0.0,0.0,0.0,1616.5,866.0,393.5,516.5,403.0,754.5,1919.5,2395.0,2377.5,2525.5,2393.5,1494.5,467.0,710.5,661.0,1175.5,2352.5,2718.5,2968.5,3078.5,0.0,0.0,0.0,0.0,0.0,0.0,0.0,0.0,0.0,0.0,2949.5,2155.0,566.5,759.0,943.0,1265.5,1700.0,1913.5,2039.5,2156.0,3374.0,2518.0,1118.5,1181.0,1312.5,1571.5,1805.5,2040.0,2042.5,2184.0,2644.5,2020.5,458.0,621.0,799.0,1077.0,1445.5,1626.0,1706.0,1749.5,3174.0,2367.0,689.0,921.0,1131.5,1476.0,1822.0,2047.5,2167.5,2362.5,0.0,0.0,0.0,0.0,0.0,0.0,0.0,0.0,0.0,0.0,3203.0,2362.5,717.0,953.5,1201.5,1506.0,1793.5,1928.0,2098.5,2149.0,0.0,0.0,0.0,0.0,0.0,0.0,0.0,0.0,0.0,0.0,1616.0,965.0,290.5,466.5,634.0,919.0,1141.0,1249.0,1285.5,1376.5,1919.0,1246.5,393.5,619.5,759.0,1064.0,1411.5,1526.5,1629.0,1720.5,0.0,0.0,0.0,0.0,0.0,0.0,0.0,0.0,0.0,0.0,1780.0,1188.5,424.0,582.5,683.0,1001.5,1345.5,1450.5,1599.5,1601.5,0.0,0.0,0.0,0.0,0.0,0.0,0.0,0.0,0.0,0.0,933.5,1006.0,10950.5,10450.5,10376.5,10530.0,10166.0,9813.0,10205.0,9374.0,0.0,0.0,0.0,0.0,0.0,0.0,0.0,0.0,0.0,0.0,1928.5,1268.0,479.5,691.5,841.5,1232.0,1801.5,2009.5,2114.0,2033.0,2051.0,1307.5,542.5,792.0,851.0,1311.5,2078.5,2324.0,2504.5,2468.5,1815.0,1107.5,455.5,761.0,809.0,1388.0,2224.5,2327.5,2628.5,2535.0,2122.5,1798.0,1139.0,1126.5,1213.0,1513.5,1751.0,1831.5,1991.0,1956.0,"{""type"":""MultiPoint"",""coordinates"":[]}"
1159,5,2526.0,1784.0,767.0,1111.0,1494.0,1875.0,2162.0,2316.0,2585.0,2440.0,4003.0,3326.0,1195.0,1699.0,2123.0,2552.0,2966.0,3092.0,3228.0,3248.0,2522.0,1727.0,870.0,1156.0,1647.0,1894.0,2027.0,2186.0,2370.0,2377.0,2831.0,2092.0,1211.0,1575.0,1789.0,2217.0,2365.0,2538.0,2432.0,2658.0,2679.0,1860.0,739.0,1087.0,1448.0,1859.0,2193.0,2351.0,2517.0,2516.0,0.0,0.0,0.0,0.0,0.0,0.0,0.0,0.0,0.0,0.0,1821.0,1273.0,985.0,1075.0,1202.0,1419.0,1648.0,1784.0,1574.0,1832.0,768.0,475.0,779.0,1167.0,1487.0,1965.0,1749.0,1952.0,1869.0,1802.0,5925.0,5544.0,1880.0,2443.0,3038.0,3656.0,3961.0,4260.0,4294.0,4653.0,4343.5,3707.5,1712.5,2121.0,2486.0,2943.5,3527.5,3758.5,3651.5,4042.5,3967.5,3093.5,1481.5,1870.0,2147.0,2629.0,3458.0,3878.0,3908.5,4146.5,2636.0,1961.0,774.0,1152.0,1542.0,1904.0,2211.0,2381.0,2627.0,2524.0,3793.0,2631.5,877.5,1307.5,1341.0,2044.5,3962.5,4589.5,4450.5,4899.5,3358.0,2100.0,1071.0,1288.0,1085.0,1739.0,4090.0,5144.0,5149.0,5417.0,2432.0,1230.0,363.0,629.0,395.0,966.0,3768.0,4890.0,4806.0,5123.0,2560.0,1212.0,442.0,665.0,416.0,1073.0,4162.0,4802.0,5166.0,5011.0,2020.0,935.0,209.0,462.0,221.0,798.0,3366.0,4162.0,4455.0,4539.0,2225.5,1269.0,387.0,659.5,333.0,904.0,3504.5,4093.5,4066.0,4482.0,2604.5,1780.0,472.0,784.0,825.5,1467.5,2686.5,3084.5,3282.0,3433.5,2488.0,1650.0,606.0,819.0,903.0,1257.0,1629.0,1775.0,1827.0,2061.0,3069.0,2234.0,555.0,755.0,961.0,1257.0,1499.0,1663.0,1838.0,1937.0,2842.0,2064.0,525.0,734.0,902.0,1185.0,1429.0,1614.0,1711.0,1880.0,1899.0,1316.5,687.5,950.0,1122.0,1489.0,1831.5,1937.5,2095.0,2035.0,2680.0,1843.5,586.5,776.5,859.5,1244.0,1616.0,1832.0,1989.0,2072.5,2131.0,1411.0,642.0,835.5,942.0,1326.5,1749.0,1957.0,1998.5,2158.5,2388.0,1482.0,564.0,891.0,968.0,1427.0,2085.0,2265.0,2486.0,2480.0,2606.0,1710.0,598.0,930.0,967.0,1518.0,2346.0,2475.0,2687.0,2671.0,0.0,0.0,0.0,0.0,0.0,0.0,0.0,0.0,0.0,0.0,2142.0,1286.0,619.0,992.0,712.0,1588.0,2841.0,3163.0,3376.0,3294.0,0.0,0.0,0.0,0.0,0.0,0.0,0.0,0.0,0.0,0.0,159.0,187.0,10337.0,10218.0,10224.0,10369.0,9906.0,9329.0,9677.0,8739.0,2057.5,1945.0,4621.5,4782.0,4892.5,5265.5,5046.5,4983.0,5019.0,4850.0,2414.0,1582.5,687.0,1077.0,1271.5,1819.0,2361.0,2559.5,2834.0,2750.0,2787.0,1910.0,802.0,1300.0,1481.0,2130.0,2574.0,2777.0,3095.0,2995.0,2784.0,1938.0,766.0,1176.0,1555.0,2062.0,2261.0,2464.0,2727.0,2704.0,2575.0,1839.0,920.0,1247.0,1540.0,2007.0,2248.0,2381.0,2599.0,2589.0,"{""type"":""MultiPoint"",""coordinates"":[]}"
1164,5,2423.0,1741.0,614.0,841.0,1145.0,1461.0,1727.0,1897.0,2164.0,2128.0,3357.0,2563.0,928.0,1277.0,1694.0,2045.0,2527.0,2715.0,2799.0,3020.0,2389.5,1665.5,573.5,833.0,1131.0,1427.5,1550.5,1696.0,1861.0,1936.0,3166.0,2496.0,2205.0,2232.0,2451.0,2775.0,2820.0,2907.5,2911.0,3042.5,3595.0,2994.0,838.0,1212.0,1530.0,2055.0,2201.0,2319.0,2447.0,2603.0,6898.0,6511.0,2310.0,2867.0,3762.0,4282.0,4312.0,4612.0,4817.0,4989.0,0.0,0.0,0.0,0.0,0.0,0.0,0.0,0.0,0.0,0.0,5306.0,4798.0,1881.0,2542.0,2704.0,3596.0,4370.0,4716.0,4624.0,4914.0,5052.5,4105.5,1468.0,2054.0,2245.5,3032.0,4200.5,4573.0,4660.5,4848.0,3943.0,2916.0,882.0,1285.0,1316.0,1947.0,3717.0,4297.0,4313.0,4635.0,3343.0,1976.0,630.0,964.0,749.0,1465.0,4143.0,5053.0,5031.0,5326.0,2822.0,2218.0,625.0,892.0,1229.0,1588.0,1863.0,2010.0,2224.0,2241.0,2506.0,1268.0,260.0,534.0,372.0,900.0,3594.0,4902.0,4718.0,5245.0,2026.0,928.5,373.0,519.0,293.5,797.0,3200.0,4288.0,4294.0,4589.5,2097.0,1062.0,313.0,496.0,350.5,801.5,2874.5,3848.5,3854.5,4245.0,2138.0,990.5,275.0,429.0,254.5,740.5,2782.5,3673.5,3637.5,4028.0,2175.0,1128.0,227.0,476.0,316.0,889.0,2723.0,3442.0,3614.0,3832.0,2131.0,1152.0,230.0,524.0,400.0,980.0,2614.0,3203.0,3279.0,3534.0,3076.0,2373.0,470.0,678.0,906.0,1272.0,1485.0,1706.0,1897.0,2055.0,2842.5,2285.0,524.5,645.0,842.5,1041.5,1171.5,1338.5,1428.0,1583.5,3068.5,2445.0,498.0,677.0,898.0,1113.0,1355.5,1504.0,1705.5,1757.5,2883.0,2190.0,477.5,660.0,825.5,1089.5,1441.5,1600.0,1751.0,1829.5,2154.5,1832.0,1424.0,1432.5,1493.5,1692.0,1814.0,1899.0,2109.0,2053.0,2892.0,1965.0,534.0,721.0,819.0,1181.0,1724.0,1971.0,2035.0,2190.0,431.0,297.0,136.0,147.0,157.0,246.0,355.0,415.0,451.0,480.0,2637.0,1658.5,445.5,775.5,827.5,1419.0,2357.0,2596.0,2865.0,2829.5,2606.0,1657.5,480.5,806.5,818.0,1465.5,2532.5,2749.0,2945.5,2935.5,0.0,0.0,0.0,0.0,0.0,0.0,0.0,0.0,0.0,0.0,2187.0,1261.5,573.0,822.0,723.0,1447.5,2707.5,3007.0,3276.5,3216.0,0.0,0.0,0.0,0.0,0.0,0.0,0.0,0.0,0.0,0.0,1173.0,1263.0,10750.0,10440.0,10358.0,10461.0,10120.0,9736.0,10104.0,9414.0,1350.5,958.5,2713.0,2971.0,3184.0,3575.5,3483.0,3581.0,3736.5,3581.0,2770.0,2039.0,622.5,900.0,1221.5,1560.0,1859.0,2030.5,2252.0,2269.5,2138.0,1554.0,663.0,890.5,1001.5,1374.5,1806.5,1991.0,2072.0,2163.5,2628.0,1843.0,598.0,914.0,1072.0,1593.0,2176.0,2381.0,2627.0,2628.0,2715.0,1866.5,687.0,1033.0,1184.5,1822.5,2444.5,2644.0,2850.5,2850.0,"{""type"":""MultiPoint"",""coordinates"":[]}"
1177,5,2201.0,1471.0,506.0,657.0,869.0,1075.0,1282.0,1455.0,1703.0,1664.0,4652.0,4361.0,1558.0,2011.0,2583.0,2804.0,2991.0,3201.0,3421.0,3355.0,2249.5,1577.0,612.5,795.0,1044.0,1249.5,1397.0,1546.0,1653.0,1714.5,2513.0,1772.0,759.0,951.0,1208.0,1429.0,1615.0,1870.0,1968.0,1975.0,0.0,0.0,0.0,0.0,0.0,0.0,0.0,0.0,0.0,0.0,5072.0,4613.0,1698.0,2146.0,2521.0,2940.0,3667.0,4038.0,4134.0,4305.0,0.0,0.0,0.0,0.0,0.0,0.0,0.0,0.0,0.0,0.0,3838.0,2881.0,802.0,1154.0,1097.0,1761.0,3412.0,4018.0,4311.0,4288.0,3402.0,1980.0,722.0,914.0,632.0,1381.0,4257.0,5393.0,5272.0,5654.0,2649.0,1329.0,480.0,665.0,395.0,985.0,3952.5,5393.0,5435.5,5657.5,2598.0,1325.0,398.0,568.0,334.0,882.0,3931.0,5486.0,5659.0,5903.0,3019.0,2315.0,716.0,896.0,1144.0,1407.0,1576.0,1751.0,2033.0,2008.0,5668.0,5029.0,6360.0,6029.0,5888.0,6615.0,6953.0,7318.0,6951.0,7281.0,2285.0,1083.0,446.0,543.0,326.0,759.0,3647.0,5162.0,5325.0,5471.0,0.0,0.0,0.0,0.0,0.0,0.0,0.0,0.0,0.0,0.0,2235.0,967.5,341.5,589.5,315.0,958.0,3682.5,4782.0,4710.5,5063.5,2054.5,1014.5,347.5,707.5,465.5,1223.5,3010.5,3528.5,3791.5,3996.0,0.0,0.0,0.0,0.0,0.0,0.0,0.0,0.0,0.0,0.0,2638.5,1917.5,512.0,649.5,886.5,1107.5,1406.0,1583.5,1690.5,1914.0,3436.0,2541.0,845.0,1039.0,1296.0,1604.0,1875.0,2024.0,2084.0,2345.0,3395.0,2524.5,814.5,1042.5,1305.5,1581.5,1917.0,2101.5,2266.0,2357.0,3353.0,2555.0,877.0,1093.0,1275.0,1573.0,2042.0,2279.0,2416.0,2527.0,0.0,0.0,0.0,0.0,0.0,0.0,0.0,0.0,0.0,0.0,3167.0,2217.0,706.0,933.0,1202.0,1558.0,1869.0,2107.0,2302.0,2394.0,711.0,479.0,547.0,425.0,404.0,505.0,578.0,690.0,678.0,756.0,1892.0,1258.0,283.0,437.0,675.0,881.0,1012.0,1123.0,1313.0,1410.0,1829.0,1261.0,368.0,550.0,757.0,930.0,1112.0,1224.0,1346.0,1404.0,0.0,0.0,0.0,0.0,0.0,0.0,0.0,0.0,0.0,0.0,2103.0,1527.0,505.0,657.0,881.0,1056.0,1257.0,1392.0,1510.0,1587.0,0.0,0.0,0.0,0.0,0.0,0.0,0.0,0.0,0.0,0.0,959.0,1021.0,10181.0,9930.0,10042.0,10039.0,9872.0,9473.0,9977.0,9245.0,0.0,0.0,0.0,0.0,0.0,0.0,0.0,0.0,0.0,0.0,2692.0,1988.0,568.0,772.0,1039.0,1346.0,1572.0,1734.0,1961.0,1965.0,0.0,0.0,0.0,0.0,0.0,0.0,0.0,0.0,0.0,0.0,2290.0,1513.0,507.0,757.0,928.0,1391.0,1712.0,1917.0,2123.0,2182.0,2794.0,2099.0,831.5,1057.0,1329.5,1624.0,1745.5,1912.5,2073.5,2117.5,"{""type"":""MultiPoint"",""coordinates"":[]}"
1221,5,1878.0,1246.0,640.0,785.0,1006.0,1112.0,1165.0,1257.0,1436.0,1409.0,2673.0,2299.0,874.0,1122.0,1363.0,1532.0,1635.0,1721.0,1825.0,1834.0,1703.0,1131.0,596.0,700.0,831.0,974.0,1035.0,1103.0,1215.0,1246.0,1685.0,1188.0,569.0,649.0,804.0,911.0,967.0,1030.0,1125.0,1142.0,2683.0,2345.0,972.0,1172.0,1440.0,1599.0,1645.0,1750.0,1801.0,1856.0,3058.0,2715.0,1140.0,1344.0,1624.0,1811.0,1876.0,1983.0,2026.0,2131.0,0.0,0.0,0.0,0.0,0.0,0.0,0.0,0.0,0.0,0.0,3014.0,2468.0,1161.0,1396.0,1611.0,1829.0,1864.5,2016.5,1998.0,2163.5,3161.0,2576.0,1335.0,1477.0,1690.0,1893.0,1972.0,2104.0,2070.0,2209.0,2243.5,1685.0,689.5,938.0,1031.5,1317.0,1796.0,1931.0,1888.5,2054.0,3305.0,2195.0,2111.0,2069.0,1773.0,2108.0,3041.0,3358.0,4051.0,3387.0,1693.0,1184.0,566.0,671.0,845.0,947.0,1007.0,1075.0,1215.0,1201.0,2602.0,1691.0,880.0,1129.0,1020.0,1520.0,2740.0,3175.0,2870.0,3307.0,2339.5,1200.0,533.0,806.5,519.0,1127.0,3486.0,4165.0,4082.5,4373.5,0.0,0.0,0.0,0.0,0.0,0.0,0.0,0.0,0.0,0.0,2213.0,1027.5,343.5,579.5,348.0,857.0,3623.5,4714.5,4409.5,4874.5,1852.5,909.5,239.0,445.5,271.5,730.5,2943.0,3835.5,3836.5,3970.5,0.0,0.0,0.0,0.0,0.0,0.0,0.0,0.0,0.0,0.0,2168.0,1368.0,472.0,795.0,850.5,1422.5,1988.5,2205.5,2437.0,2594.5,2289.0,1594.0,493.0,647.0,806.0,973.0,1069.0,1155.0,1269.0,1384.0,1807.0,1521.0,474.5,604.0,769.5,874.5,914.5,1004.0,1057.5,1094.0,2205.0,1937.0,743.0,886.0,1093.0,1227.0,1278.0,1355.0,1427.0,1496.0,0.0,0.0,0.0,0.0,0.0,0.0,0.0,0.0,0.0,0.0,1320.0,1035.5,447.5,517.5,632.5,736.5,766.5,822.5,887.5,897.0,1733.0,1425.0,586.0,684.0,839.0,977.0,1033.0,1042.0,1076.0,1173.0,1084.0,706.0,274.0,401.0,529.0,604.0,650.0,721.0,820.0,812.0,1697.5,1342.0,652.5,736.5,868.0,990.5,1048.5,1131.0,1194.5,1230.5,0.0,0.0,0.0,0.0,0.0,0.0,0.0,0.0,0.0,0.0,816.0,474.0,470.0,536.0,668.0,759.0,801.0,866.0,984.0,965.0,0.0,0.0,0.0,0.0,0.0,0.0,0.0,0.0,0.0,0.0,98.0,144.0,14442.0,13224.0,12280.0,12208.0,11443.0,10604.0,10868.0,9768.0,0.0,0.0,0.0,0.0,0.0,0.0,0.0,0.0,0.0,0.0,1910.0,1295.0,685.0,818.0,991.0,1134.0,1179.0,1262.0,1395.0,1395.0,1701.0,1200.0,482.0,643.0,799.0,905.0,973.0,1038.0,1151.0,1152.0,1696.0,1132.0,507.0,647.0,798.0,916.0,973.0,1072.0,1196.0,1188.0,1567.0,972.0,549.0,727.0,883.0,1019.0,1067.0,1138.0,1218.0,1270.0,"{""type"":""MultiPoint"",""coordinates"":[]}"
1261,61,1554.0,1070.0,489.0,660.0,811.0,1045.0,1316.0,1487.0,1730.0,1710.0,2380.0,1488.0,569.0,979.0,958.0,1516.0,1942.0,2114.0,2291.0,2364.0,1100.0,696.0,566.0,961.0,929.0,1412.0,1812.0,1954.0,2116.0,2080.0,1218.0,763.0,568.0,883.0,849.0,1370.0,1763.0,1920.0,2017.0,2084.0,1168.0,759.0,553.0,866.0,846.0,1356.0,1697.0,1865.0,1965.0,2010.0,3476.0,2831.5,1870.5,2050.5,2082.5,2501.0,2941.0,3197.0,3133.5,3381.0,2208.0,1330.0,581.0,743.0,703.0,1110.0,1516.0,1656.0,1767.0,1936.0,1083.0,807.5,683.5,893.5,840.5,1328.5,1500.5,1656.0,1546.5,1616.0,2308.0,1449.0,505.0,797.0,721.0,1282.0,1750.0,1941.0,1987.0,2195.0,2621.0,1702.5,527.5,798.0,740.0,1302.0,2023.0,2220.0,2356.5,2542.0,2499.0,1619.0,530.0,800.0,730.0,1269.0,1961.0,2217.0,2306.0,2533.0,1601.0,1148.0,494.0,672.0,836.0,1149.0,1377.0,1524.0,1746.0,1757.0,1546.0,861.0,473.0,700.0,592.0,1160.0,1740.0,1954.0,1992.0,2231.0,2296.0,1342.5,658.0,819.0,638.5,1146.5,1973.0,2279.0,2334.0,2601.5,2254.5,1290.5,431.5,635.5,540.0,1091.0,1951.5,2216.0,2303.5,2594.5,2052.0,1124.5,420.5,636.5,517.5,1107.0,2103.0,2350.5,2365.5,2648.0,2016.0,1131.0,320.5,532.5,443.0,1001.5,1898.0,2191.5,2268.0,2458.5,2012.5,1110.0,303.0,524.0,464.5,1000.0,1843.0,2149.5,2271.5,2442.5,1846.0,1095.0,324.5,486.5,467.5,992.0,1705.0,1935.0,2075.5,2155.5,2034.5,1147.5,499.5,599.5,644.5,1205.5,1924.0,2134.0,2182.5,2401.0,1205.5,704.0,444.5,562.0,693.5,1184.0,1603.0,1698.0,1686.0,1728.0,2130.0,1196.0,373.0,487.0,642.0,1076.0,1479.0,1701.0,1823.0,1954.0,1735.5,1321.5,1278.5,1322.0,1393.0,1627.0,1782.5,1853.0,1951.5,1997.5,2398.0,1444.0,351.0,485.0,676.0,1040.0,1337.0,1486.0,1685.0,1786.0,2162.0,1593.0,416.0,531.0,755.0,905.0,1013.0,1146.0,1300.0,1351.0,1818.5,1285.5,324.0,452.5,718.5,826.5,915.0,1011.5,1214.0,1241.5,2168.0,1658.5,441.5,562.0,830.0,988.5,1060.5,1190.5,1303.5,1400.0,2272.0,1886.0,1777.0,1690.0,1661.0,1775.0,1784.0,1915.0,2049.0,1987.0,1762.0,1363.0,433.0,485.0,669.0,780.0,846.0,975.0,1085.0,1121.0,0.0,0.0,0.0,0.0,0.0,0.0,0.0,0.0,0.0,0.0,484.0,384.0,7021.0,7225.0,7460.0,7718.0,7397.0,6970.0,7253.0,6582.0,581.0,429.0,318.0,620.0,794.0,1066.0,1003.0,1068.0,1158.0,1044.0,1226.5,826.5,518.0,741.0,783.0,1188.5,1487.0,1648.5,1831.5,1799.0,1976.0,1243.0,581.0,869.0,897.0,1398.0,1820.0,1968.0,2245.0,2217.0,1189.0,769.0,520.0,826.0,832.0,1302.0,1692.0,1820.0,2041.0,2000.0,1262.5,805.0,696.0,987.0,975.0,1500.5,1789.5,1933.0,2032.5,2017.5,"{""type"":""MultiPoint"",""coordinates"":[]}"
1266,3,2422.5,1684.5,642.0,795.0,926.0,1185.5,1486.5,1590.0,1831.5,1793.5,3988.5,3529.0,1545.0,1820.5,2153.5,2507.0,2736.5,2881.0,2987.5,3105.0,1237.5,784.0,633.5,954.5,1266.0,1452.0,1198.0,1306.5,1287.0,1228.0,72.0,42.5,609.5,917.5,920.0,887.0,302.0,354.5,290.0,175.0,2159.0,1370.0,718.0,1071.5,1252.0,1603.0,1753.5,1855.5,2053.5,2055.0,5162.5,4646.0,2562.0,2880.0,3031.5,3918.5,4417.5,4880.0,4407.5,5077.0,0.0,0.0,0.0,0.0,0.0,0.0,0.0,0.0,0.0,0.0,0.0,0.0,0.0,0.0,0.0,0.0,0.0,0.0,0.0,0.0,696.5,444.5,403.0,537.5,333.0,793.5,1350.5,1510.0,1508.0,1422.0,1279.5,613.5,318.5,465.5,269.0,657.0,2307.5,3275.5,3268.0,3223.0,1595.0,775.0,465.5,640.0,368.0,865.5,2842.5,4160.0,4157.0,4234.0,2596.5,1968.5,1680.5,1736.5,1829.5,2082.0,2264.0,2421.0,2698.5,2611.0,1190.0,550.5,414.0,555.0,275.0,717.5,2554.0,4188.0,4090.5,4363.5,1489.0,663.0,480.0,619.5,352.5,794.0,3046.5,4758.5,4898.5,4955.0,1534.5,724.5,575.5,832.5,464.5,1231.5,3353.5,4674.0,4675.0,4973.0,1528.0,752.0,426.0,804.5,502.5,1413.0,3295.0,4114.5,4072.0,4466.5,1577.0,802.5,476.0,878.5,731.5,1696.0,3206.5,3868.5,4104.5,4195.5,1270.5,719.0,608.0,843.5,738.5,1403.5,2325.5,2756.0,2730.0,2996.5,2023.0,1145.5,599.0,1002.0,1130.5,1866.0,2599.0,2855.5,3059.5,3294.5,2652.5,2082.5,2137.0,2153.0,1990.5,2481.5,2837.5,3067.0,3277.5,3327.5,3825.0,2625.5,920.0,1320.0,1771.0,2338.0,2785.5,3126.0,3473.5,3523.5,2712.5,2187.5,610.5,760.0,1099.0,1319.0,1533.5,1700.0,1622.5,1846.5,2501.5,1827.0,582.0,790.0,932.0,1240.5,1568.5,1709.5,1907.5,1946.0,2612.0,2408.0,787.5,964.0,1288.5,1444.0,1539.0,1647.5,1847.5,1866.5,1081.5,682.0,457.5,574.0,820.0,966.0,979.0,1171.5,1233.0,1280.0,1741.5,1233.5,448.5,677.5,959.0,1150.0,1275.0,1381.0,1475.5,1528.5,2860.5,2464.0,805.5,1101.0,1449.5,1687.0,1790.5,1858.0,2009.5,2082.0,2592.5,2182.0,1886.0,2007.0,2056.0,2441.5,2489.5,2532.5,2406.0,2549.0,1064.0,674.5,563.0,748.5,941.0,1139.5,1225.5,1302.0,1473.0,1442.0,2395.5,2156.5,1629.5,1631.0,1636.0,1776.0,1882.0,1942.0,2125.0,2030.5,876.5,960.0,9839.0,9763.0,9919.0,10257.0,9956.5,9352.0,9816.0,9121.0,1303.0,879.0,4292.0,4297.5,4377.5,4703.5,4752.0,4556.5,4745.0,4481.5,2837.0,2046.0,621.0,891.0,1011.5,1427.5,1872.0,2057.5,2238.0,2290.0,158.0,106.0,721.0,1099.5,1127.0,1049.5,484.5,465.5,445.0,290.0,160.5,112.5,561.0,889.5,872.5,995.5,610.0,660.5,622.0,350.0,4053.0,3488.0,1240.5,1601.5,1875.5,2362.0,2530.0,2681.5,2756.5,2908.5,"{""type"":""MultiPoint"",""coordinates"":[]}"
1277,5,2068.0,1453.0,688.0,921.0,1191.0,1419.0,1523.0,1641.0,1854.0,1807.0,3320.0,2552.5,1069.0,1528.0,1746.5,2449.0,3012.5,3191.0,3322.0,3359.0,2326.5,1447.5,689.0,1079.0,1186.0,1854.0,2447.0,2582.5,2715.5,2742.5,2296.0,1755.0,790.0,1174.0,1255.0,1889.0,2381.0,2571.0,2714.0,2784.0,2638.0,1731.0,754.0,1155.0,1279.0,1909.0,2401.0,2625.0,2842.0,2823.0,4951.0,4699.0,1529.0,2069.0,2710.0,3051.0,3231.0,3468.0,3273.0,3839.0,4747.0,4167.0,3260.0,3375.0,3520.0,4053.0,4399.0,4685.0,4393.0,4821.0,4730.5,4154.0,1970.5,2438.5,2687.5,3202.0,3579.5,3841.5,3912.5,4051.0,4543.0,4403.0,1453.0,1979.0,2549.0,2811.0,2876.0,2964.0,3177.0,3207.0,2706.0,2415.0,1295.0,1552.0,1665.0,2007.0,2720.0,3180.0,2366.0,3340.0,4027.0,3434.0,3755.0,3395.0,3156.0,3864.0,4701.0,5239.0,4971.0,5395.0,2641.0,2092.0,767.0,1070.0,1363.0,1578.0,1734.0,1807.0,1948.0,1961.0,3820.5,2515.0,682.5,1181.5,1002.5,1843.5,4617.5,5453.5,5374.5,5787.0,3196.5,2095.0,723.5,1045.5,970.0,1539.5,3777.0,4728.5,4758.0,4992.5,2099.0,1516.0,575.0,917.0,802.0,1293.0,3163.0,4051.0,3968.0,4222.0,2257.0,1038.0,347.5,527.5,275.0,822.0,3723.0,4855.5,4596.5,5041.5,1918.0,876.0,189.0,434.0,222.0,745.0,3314.0,4353.0,4452.0,4557.0,1626.0,735.0,139.0,445.0,210.0,870.0,3192.0,3930.0,3909.0,4116.0,2042.0,1015.0,320.0,662.5,450.5,1236.0,3077.0,3597.5,3760.5,3918.5,2713.5,1819.5,521.0,792.5,859.5,1405.5,1802.0,2023.0,2126.0,2406.0,3269.5,2514.5,545.0,735.0,969.0,1274.0,1478.5,1678.0,1819.5,1991.0,3189.0,2471.5,550.0,723.5,943.0,1171.5,1331.5,1505.0,1670.0,1773.5,3097.0,2340.0,1175.0,1427.0,1754.0,2032.0,2235.0,2368.0,2614.0,2580.0,3349.0,2479.0,719.0,960.0,1268.0,1531.0,1683.0,1852.0,2085.0,2159.0,2066.0,1418.0,642.0,761.0,1026.0,1220.0,1258.0,1352.0,1516.0,1593.0,2051.5,1495.0,491.5,729.5,1021.5,1172.0,1262.5,1373.0,1514.5,1541.5,2278.0,1729.0,580.0,846.0,1107.0,1334.5,1392.0,1504.5,1650.0,1651.5,0.0,0.0,0.0,0.0,0.0,0.0,0.0,0.0,0.0,0.0,2436.0,1765.0,721.0,963.0,1154.0,1429.0,1569.0,1693.0,1881.0,1870.0,0.0,0.0,0.0,0.0,0.0,0.0,0.0,0.0,0.0,0.0,1127.0,1226.0,10622.0,10322.0,10280.0,10419.0,10040.0,9672.0,10112.0,9334.0,1493.5,1032.5,1028.5,1316.5,1571.0,1980.0,1966.5,2041.0,2072.0,2053.0,2420.5,1731.5,684.5,1014.0,1279.0,1576.5,1770.5,1889.5,2093.5,2080.5,3031.0,2264.0,1050.0,1364.0,1583.0,2045.0,2354.0,2566.0,2655.0,2763.0,2461.0,1723.0,708.0,1025.0,1222.0,1680.0,2029.0,2175.0,2352.0,2318.0,2846.0,1962.0,977.0,1361.0,1558.0,2123.0,2712.0,2914.0,3045.0,3091.0,"{""type"":""MultiPoint"",""coordinates"":[]}"
1282,5,1583.5,1124.0,407.5,552.5,752.5,876.5,987.0,1053.0,1193.0,1225.0,2689.0,2220.0,665.0,1055.0,1261.0,1610.0,1938.5,2086.0,2162.5,2244.0,1925.0,1347.0,565.0,793.0,905.0,1194.0,1432.0,1578.0,1680.0,1670.0,2641.0,2079.0,599.0,801.0,1040.0,1333.0,1581.0,1710.0,1848.0,1949.0,2186.0,1641.0,481.0,703.0,930.0,1151.0,1369.0,1491.0,1614.0,1683.0,3292.0,2865.0,875.0,1118.5,1516.5,1752.0,1826.5,1997.5,2103.0,2226.5,2827.0,2295.0,1647.0,1743.5,1911.5,2235.0,2559.0,2765.5,2553.0,2968.0,2236.0,1712.0,533.0,738.0,990.0,1196.0,1258.0,1370.0,1362.0,1550.0,2569.5,2039.5,735.0,947.0,1209.0,1442.0,1568.5,1733.0,1793.5,1890.5,3148.0,2648.5,898.0,1123.5,1354.5,1674.5,2002.5,2146.5,2197.0,2336.0,3215.0,2784.0,835.0,1070.0,1430.0,1708.0,1899.0,2045.0,2104.0,2281.0,1838.0,1520.0,390.0,533.0,736.0,841.0,928.0,1025.0,1143.0,1138.0,3397.0,2864.0,940.0,1163.5,1440.0,1746.0,1938.5,2114.5,2106.0,2315.5,3121.5,2595.0,820.5,1021.5,1171.5,1515.5,2012.0,2248.0,2283.5,2425.0,3055.0,2318.0,850.0,1046.0,1126.0,1543.0,2345.0,2663.0,2533.0,2872.0,2488.0,1720.0,662.0,843.0,813.0,1227.0,2279.0,2682.0,2331.0,2798.0,2287.0,1533.5,441.0,728.0,696.0,1097.5,2346.0,2644.5,2703.0,2846.5,1950.0,1344.0,978.0,1144.0,1078.5,1379.0,2039.0,2304.0,2388.5,2375.0,2319.5,1504.5,442.0,761.5,675.5,1323.5,2526.5,2766.0,2917.0,2963.5,2489.5,1665.0,711.5,922.0,921.0,1494.5,2130.5,2349.5,2366.5,2594.5,2550.0,2015.0,457.0,711.0,831.0,1208.0,1546.0,1670.0,1756.0,1894.0,2449.0,1901.0,519.5,716.5,908.5,1099.0,1298.5,1499.5,1523.0,1786.5,1301.0,933.0,392.0,491.0,617.0,721.0,831.0,911.0,1000.0,1004.0,2688.0,2062.0,542.0,782.0,943.0,1272.0,1563.5,1684.5,1860.5,1895.5,2683.5,2323.5,1095.5,1271.0,1403.0,1711.5,1952.5,2028.5,1937.5,2200.0,2307.0,1575.0,458.5,776.5,833.5,1243.5,1792.5,1899.5,2179.5,2071.5,2325.0,1574.0,465.0,796.0,783.0,1301.0,1920.0,2038.0,2207.0,2195.0,0.0,0.0,0.0,0.0,0.0,0.0,0.0,0.0,0.0,0.0,2301.5,1388.0,537.5,928.0,655.0,1405.0,2624.5,2780.0,2886.0,2880.0,0.0,0.0,0.0,0.0,0.0,0.0,0.0,0.0,0.0,0.0,68.0,89.0,9958.0,9923.0,9968.0,10119.0,9633.0,8959.0,9182.0,8266.0,682.0,450.0,925.0,1297.0,1607.0,1730.0,1708.0,1717.0,1835.0,1698.0,2069.0,1517.5,548.5,724.5,940.0,1109.5,1249.0,1350.0,1509.5,1486.0,2467.0,2039.0,600.0,839.0,1062.0,1282.0,1538.0,1621.0,1785.0,1781.0,1946.0,1354.0,467.0,661.0,799.0,1032.0,1309.0,1426.0,1567.0,1548.0,1870.0,1271.0,528.0,827.0,955.0,1272.0,1585.0,1677.0,1764.0,1817.0,"{""type"":""MultiPoint"",""coordinates"":[]}"
1313,1,2499.0,1849.5,882.0,1141.0,1535.5,1802.0,1935.0,2053.5,2300.0,2310.0,3894.5,3560.5,1324.0,1720.5,2287.5,2588.0,2701.5,2868.0,2930.0,3007.5,0.0,0.0,0.0,0.0,0.0,0.0,0.0,0.0,0.0,0.0,3924.0,3387.0,1159.0,1616.0,2033.0,2471.0,2797.0,2993.0,3114.0,3200.0,3376.0,2724.0,955.0,1385.0,1795.0,2172.0,2565.0,2716.0,2924.0,2929.0,0.0,0.0,0.0,0.0,0.0,0.0,0.0,0.0,0.0,0.0,0.0,0.0,0.0,0.0,0.0,0.0,0.0,0.0,0.0,0.0,1527.0,848.0,553.0,685.0,530.0,745.0,2441.0,3703.0,3571.0,3836.0,1942.0,932.5,376.0,546.0,340.5,620.5,3166.5,5236.5,5308.5,5505.0,1860.0,793.0,469.0,595.0,358.0,649.0,3238.0,5357.0,5250.0,5605.0,0.0,0.0,0.0,0.0,0.0,0.0,0.0,0.0,0.0,0.0,3184.0,2735.0,934.0,1299.0,1740.0,1963.5,2105.5,2246.5,2510.0,2464.0,1945.5,832.0,387.5,591.0,383.5,763.0,3107.5,4880.0,4760.0,5172.5,0.0,0.0,0.0,0.0,0.0,0.0,0.0,0.0,0.0,0.0,2956.0,1937.0,467.0,773.0,1032.0,1560.0,2152.0,2622.0,2799.0,3091.0,2405.5,1795.5,346.5,472.0,651.0,827.5,970.5,1197.0,1227.5,1385.0,2656.0,1985.0,286.0,475.0,704.0,795.0,1062.0,1110.0,1286.0,1437.0,4822.0,3559.0,1030.0,1477.0,2159.0,2577.0,2800.0,3085.0,3295.0,3530.0,4340.5,3661.5,865.0,1169.0,1686.0,1940.0,2060.0,2268.5,2376.5,2551.0,0.0,0.0,0.0,0.0,0.0,0.0,0.0,0.0,0.0,0.0,3406.0,2936.0,591.0,833.0,1145.0,1348.0,1452.0,1594.0,1688.0,1817.0,3158.5,2683.5,717.0,1004.5,1410.5,1611.5,1712.0,1856.0,2017.5,2045.0,5725.0,5699.0,4420.0,4539.0,4795.0,5000.0,5033.0,5177.0,5518.0,5275.0,2539.5,1997.5,557.0,776.0,1112.0,1282.0,1387.5,1535.5,1710.0,1756.5,2425.0,1826.0,554.0,773.0,1121.0,1270.0,1355.0,1543.0,1711.0,1670.0,2108.0,1540.0,468.0,735.0,1085.0,1210.0,1382.0,1450.0,1752.0,1695.0,2781.0,2297.0,597.0,897.0,1239.0,1419.0,1523.0,1724.0,1869.0,1914.0,0.0,0.0,0.0,0.0,0.0,0.0,0.0,0.0,0.0,0.0,2017.0,1478.0,796.0,983.0,1296.0,1438.0,1574.0,1682.0,1862.0,1881.0,3341.0,2883.0,2448.0,2483.0,2607.0,2848.0,2874.0,2879.0,3090.0,2916.0,0.0,0.0,0.0,0.0,0.0,0.0,0.0,0.0,0.0,0.0,224.0,197.0,8316.0,8527.0,8641.0,8897.0,8409.0,8025.0,8160.0,7519.0,3106.5,2571.5,1039.0,1433.5,1832.0,2126.5,2221.0,2387.0,2324.0,2547.0,0.0,0.0,0.0,0.0,0.0,0.0,0.0,0.0,0.0,0.0,2856.0,2176.5,853.5,1185.5,1668.0,1881.5,1989.5,2192.0,2358.0,2360.0,3100.5,2562.5,891.0,1246.0,1702.5,1955.5,2090.5,2234.0,2413.5,2417.0,"{""type"":""MultiPoint"",""coordinates"":[]}"
1327,5,905.0,485.0,503.0,651.0,813.0,986.0,1058.0,1164.0,1304.0,1289.0,2404.0,1928.0,642.0,798.0,1005.0,1152.0,1233.0,1362.0,1428.0,1504.0,1568.0,944.5,751.5,776.5,903.0,987.5,1039.0,1101.0,1320.5,1234.5,1676.0,1020.0,725.0,822.0,993.0,1226.0,1327.0,1426.0,1397.0,1568.0,0.0,0.0,0.0,0.0,0.0,0.0,0.0,0.0,0.0,0.0,2893.0,2284.0,877.0,1063.0,1347.0,1511.0,1572.0,1710.0,1822.0,1900.0,2670.0,2165.0,933.0,1072.0,1290.0,1505.0,1624.0,1778.0,1783.0,1929.0,2783.0,2181.0,842.0,1113.0,1216.0,1554.0,1906.0,2059.0,2150.0,2199.0,0.0,0.0,0.0,0.0,0.0,0.0,0.0,0.0,0.0,0.0,2638.0,1853.0,755.0,997.0,984.0,1414.0,2295.0,2560.0,2625.0,2710.0,2006.0,1083.0,568.0,788.0,582.0,1128.0,2595.0,3117.0,3028.0,3245.0,1626.0,1049.0,539.0,690.0,870.0,1050.0,1136.0,1208.0,1375.0,1377.0,2072.5,1282.0,1348.5,1414.5,1268.5,1589.5,2891.0,3463.0,3311.5,3471.5,2332.0,1081.0,348.0,519.0,263.0,820.0,4036.0,5475.0,5470.0,5586.0,2018.0,901.0,342.0,458.0,264.0,684.0,3350.0,4851.0,4735.0,5163.0,1733.0,728.0,273.0,395.0,215.0,597.0,2961.5,4201.0,4034.5,4411.5,2084.0,1005.5,333.5,604.5,333.5,946.0,3372.5,4302.0,4445.0,4559.0,0.0,0.0,0.0,0.0,0.0,0.0,0.0,0.0,0.0,0.0,1853.5,1307.0,493.5,582.0,655.5,856.0,1038.0,1122.0,1218.5,1283.5,2871.0,2161.0,644.0,775.0,921.0,1166.0,1334.0,1480.0,1468.0,1631.0,2700.5,2044.0,554.5,687.0,871.0,1077.5,1239.0,1393.0,1497.0,1581.5,2681.0,2065.0,617.0,715.0,906.0,1096.0,1261.0,1408.0,1485.0,1578.0,0.0,0.0,0.0,0.0,0.0,0.0,0.0,0.0,0.0,0.0,3591.0,2671.5,1073.0,1242.5,1591.5,1835.0,1915.5,2073.0,2192.5,2287.5,0.0,0.0,0.0,0.0,0.0,0.0,0.0,0.0,0.0,0.0,1574.0,1011.0,401.0,538.0,735.0,855.0,948.0,1010.0,1112.0,1148.0,2339.0,1785.0,732.0,836.5,1092.5,1266.5,1293.0,1401.0,1443.0,1571.5,0.0,0.0,0.0,0.0,0.0,0.0,0.0,0.0,0.0,0.0,1873.0,1421.0,564.0,633.0,823.0,943.0,987.0,1071.0,1196.0,1199.0,0.0,0.0,0.0,0.0,0.0,0.0,0.0,0.0,0.0,0.0,979.0,1044.0,11090.0,10672.0,10524.0,10633.0,10278.0,9890.0,10282.0,9476.0,0.0,0.0,0.0,0.0,0.0,0.0,0.0,0.0,0.0,0.0,1661.0,1004.0,602.0,746.0,887.0,1092.0,1180.0,1287.0,1435.0,1441.0,2683.5,1925.0,736.5,926.5,1094.0,1319.5,1414.0,1569.5,1704.0,1741.5,1409.0,831.0,598.0,772.0,894.0,1133.0,1221.0,1329.0,1459.0,1485.0,0.0,0.0,0.0,0.0,0.0,0.0,0.0,0.0,0.0,0.0,"{""type"":""MultiPoint"",""coordinates"":[]}"
1362,5,2118.5,1477.0,541.0,789.0,886.0,1258.0,1667.5,1817.0,2032.0,1973.5,4297.5,3873.5,1395.5,1814.0,2263.0,2582.0,2695.5,2839.5,3028.0,3115.0,2619.5,1941.0,744.0,944.0,1267.0,1461.0,1570.5,1692.0,1863.0,1891.0,3231.5,2245.0,1410.5,1639.5,1764.0,2070.0,2569.5,2769.0,2954.5,2925.5,0.0,0.0,0.0,0.0,0.0,0.0,0.0,0.0,0.0,0.0,4200.5,3216.0,1089.0,1585.0,1561.0,2300.0,3970.5,4395.0,4655.5,4599.5,0.0,0.0,0.0,0.0,0.0,0.0,0.0,0.0,0.0,0.0,3025.0,1480.0,361.5,679.0,301.0,1076.5,4656.5,5900.5,5836.0,6043.0,2731.5,1230.5,255.5,520.0,233.0,835.0,4947.0,6746.0,6700.0,7144.0,2354.0,1042.5,333.0,493.0,238.5,717.5,4173.0,5950.0,6274.5,6302.5,0.0,0.0,0.0,0.0,0.0,0.0,0.0,0.0,0.0,0.0,2374.5,1780.0,604.5,885.0,1016.5,1409.0,1867.0,2018.0,2269.5,2222.5,761.5,303.5,425.5,455.5,261.5,447.5,1638.5,2116.5,2168.5,2113.0,2791.5,1251.5,1027.5,1146.0,729.0,1377.5,4458.5,5816.5,5890.0,6211.0,1862.5,922.0,575.5,829.0,519.5,1209.5,3010.0,3580.0,3508.5,3890.5,2995.5,2427.5,585.5,1020.5,1204.0,1994.5,2965.5,3466.0,2474.5,3861.5,2997.0,2144.0,520.0,762.5,882.0,1350.5,1762.5,2002.5,2178.5,2339.0,3473.0,2652.5,571.5,801.0,1015.0,1455.0,1760.0,1996.5,2151.5,2358.5,2922.5,2223.5,554.5,717.5,870.5,1185.5,1434.5,1614.5,1740.0,1878.5,3010.5,2383.0,516.5,664.5,857.5,1094.0,1252.5,1380.0,1467.5,1593.0,3684.5,2768.0,852.5,1088.0,1463.0,1739.5,1848.0,2039.5,2213.5,2239.0,4312.5,3588.5,997.0,1246.5,1689.5,2003.0,2121.0,2308.0,2496.0,2597.5,0.0,0.0,0.0,0.0,0.0,0.0,0.0,0.0,0.0,0.0,1860.5,1448.0,559.5,641.0,792.0,957.0,1030.5,1108.5,1204.0,1238.0,4488.5,3504.5,1163.5,1446.0,1767.5,2204.0,2521.0,2649.0,2775.0,2983.5,2984.5,2070.0,771.5,1045.0,1273.0,1596.0,1982.5,2142.0,2442.0,2410.0,3156.0,2608.0,2033.0,2069.0,2134.5,2416.0,2622.5,2678.5,2930.0,2764.0,0.0,0.0,0.0,0.0,0.0,0.0,0.0,0.0,0.0,0.0,2396.5,1481.0,609.5,944.5,764.0,1482.0,2861.5,3169.0,3371.5,3226.0,0.0,0.0,0.0,0.0,0.0,0.0,0.0,0.0,0.0,0.0,350.0,346.5,7214.0,7378.5,7498.5,7739.0,7438.0,6918.5,7066.0,6387.5,0.0,0.0,0.0,0.0,0.0,0.0,0.0,0.0,0.0,0.0,2682.5,2000.0,793.5,1043.5,1356.0,1555.5,1718.0,1844.0,2092.0,2062.5,3475.5,3328.0,934.5,1274.0,1666.0,1868.5,1960.0,2074.5,2287.5,2295.0,4371.5,4162.5,1264.5,1670.0,2210.5,2457.0,2591.0,2728.0,2977.5,3002.0,0.0,0.0,0.0,0.0,0.0,0.0,0.0,0.0,0.0,0.0,"{""type"":""MultiPoint"",""coordinates"":[]}"
1364,61,836.0,628.0,316.0,473.0,651.0,769.0,754.0,825.0,880.0,859.0,2095.5,1633.0,1028.0,1147.0,1205.0,1453.0,1741.5,1846.5,1871.0,1938.5,3059.0,2140.0,2630.0,3001.0,2643.0,2995.0,3039.0,2896.0,3781.0,2645.0,1969.0,1319.0,463.0,711.0,652.0,1135.0,1675.0,1817.0,1950.0,1974.0,2812.5,2166.0,2111.0,2188.0,2064.0,2522.5,2947.5,3084.0,3301.5,3162.0,0.0,0.0,0.0,0.0,0.0,0.0,0.0,0.0,0.0,0.0,0.0,0.0,0.0,0.0,0.0,0.0,0.0,0.0,0.0,0.0,2098.0,1312.0,438.0,754.0,620.0,1300.0,2189.0,2428.0,2480.0,2643.0,2120.0,1280.0,314.0,700.0,601.0,1248.0,2148.0,2359.0,2525.0,2626.0,0.0,0.0,0.0,0.0,0.0,0.0,0.0,0.0,0.0,0.0,2522.0,1645.5,614.5,868.0,942.5,1483.0,2294.0,2570.5,2665.0,2891.5,898.5,684.0,339.5,449.5,658.5,795.0,831.5,890.0,985.5,959.0,0.0,0.0,0.0,0.0,0.0,0.0,0.0,0.0,0.0,0.0,2448.5,1913.5,696.5,854.5,1192.5,1430.0,1525.5,1695.0,1712.5,1887.0,2426.0,1898.0,626.0,837.0,1273.0,1492.0,1549.0,1650.0,1667.0,1852.0,2462.0,1857.5,865.5,1045.0,1332.5,1605.0,1859.0,2077.5,2021.0,2200.0,2557.0,1927.5,778.0,974.0,1289.0,1588.5,2000.0,2254.5,1888.5,2432.0,1438.5,1091.5,483.0,550.0,722.0,865.5,1026.5,1147.0,1157.5,1233.5,2027.5,1517.0,510.5,684.0,906.5,1171.5,1557.0,1689.5,1702.0,1813.0,1872.0,1283.0,457.0,633.0,685.0,1092.0,1838.0,2053.0,2041.0,2103.0,4640.0,3969.5,3335.5,3531.0,3576.5,4312.0,4978.5,5134.0,4786.0,5256.5,1960.5,1204.5,366.0,651.5,609.5,1245.0,2316.0,2512.5,2593.0,2667.5,0.0,0.0,0.0,0.0,0.0,0.0,0.0,0.0,0.0,0.0,1721.0,1055.0,331.0,558.0,576.0,1098.0,1847.0,1998.0,2212.0,2200.0,2084.0,1570.0,473.0,637.0,869.0,1132.0,1390.0,1547.0,1667.0,1762.0,2227.5,1723.0,441.0,604.0,896.5,1097.5,1309.5,1463.0,1585.0,1645.0,1928.0,1458.0,341.0,505.0,744.0,914.0,1060.0,1132.0,1267.0,1358.0,0.0,0.0,0.0,0.0,0.0,0.0,0.0,0.0,0.0,0.0,1728.0,1208.0,383.0,534.0,751.0,912.0,1071.0,1173.0,1299.0,1366.0,1591.0,1063.0,446.0,604.0,821.0,1023.0,1103.0,1228.0,1407.0,1419.0,0.0,0.0,0.0,0.0,0.0,0.0,0.0,0.0,0.0,0.0,840.0,560.0,0.0,0.0,136.0,393.0,536.0,706.0,929.0,990.0,472.0,351.0,362.0,521.0,678.0,795.0,684.0,761.0,777.0,697.0,0.0,0.0,0.0,0.0,0.0,0.0,0.0,0.0,0.0,0.0,1208.0,785.5,443.0,655.0,814.5,1141.0,1337.0,1447.5,1582.0,1595.0,0.0,0.0,0.0,0.0,0.0,0.0,0.0,0.0,0.0,0.0,"{""type"":""MultiPoint"",""coordinates"":[]}"
1371,1,3133.5,2655.0,695.5,1000.0,1416.0,1723.5,2094.5,2259.0,2528.5,2464.0,3776.0,3157.0,942.5,1329.0,1783.0,2289.5,2690.5,2880.0,3126.0,3137.5,4211.5,3765.5,1058.5,1479.0,2135.0,2478.5,2604.5,2776.0,3008.5,3037.0,4315.0,3520.0,1466.0,1709.0,2308.0,2601.0,2767.0,2982.0,3267.0,3301.0,4937.0,4034.0,1059.5,1504.0,2112.0,2540.0,2839.0,3057.0,3208.0,3422.0,4862.0,3940.0,990.0,1436.0,1929.5,2395.5,2983.0,3267.5,3539.5,3641.0,0.0,0.0,0.0,0.0,0.0,0.0,0.0,0.0,0.0,0.0,2343.0,1384.0,448.0,697.5,572.5,921.0,2843.5,3756.0,3849.0,3939.0,1788.0,779.5,98.5,328.5,111.5,472.0,3197.0,4961.0,4906.0,5191.0,1842.5,837.5,543.0,704.5,463.5,798.5,3188.0,4875.0,4896.0,5100.5,1438.5,585.0,412.0,521.0,317.0,582.5,2450.0,3884.0,4005.5,4004.5,3869.0,3485.0,932.5,1298.5,1771.5,2156.0,2566.5,2735.0,3055.0,2970.0,1591.5,643.5,244.5,382.0,202.0,497.0,2550.0,4137.0,4131.5,4401.5,1624.5,711.0,387.5,545.5,335.5,655.5,2717.0,4053.0,4138.5,4301.5,0.0,0.0,0.0,0.0,0.0,0.0,0.0,0.0,0.0,0.0,1478.5,853.0,389.0,511.0,478.5,752.0,1363.5,1620.0,1661.0,1861.5,2318.5,1586.5,355.5,500.5,680.5,927.0,1218.5,1403.5,1572.0,1652.5,0.0,0.0,0.0,0.0,0.0,0.0,0.0,0.0,0.0,0.0,2509.5,1773.0,576.0,728.0,1059.0,1288.5,1411.0,1587.0,1716.0,1836.5,0.0,0.0,0.0,0.0,0.0,0.0,0.0,0.0,0.0,0.0,4219.0,3105.0,847.0,1175.5,1698.0,2054.5,2260.5,2486.0,2784.0,2853.0,3913.0,3640.0,801.5,1064.0,1595.0,1857.5,1979.5,2147.0,2329.5,2401.5,0.0,0.0,0.0,0.0,0.0,0.0,0.0,0.0,0.0,0.0,3566.5,3348.0,686.5,997.0,1488.5,1714.0,1840.5,1985.0,2183.5,2193.0,2257.0,2144.0,2229.5,2017.0,1951.5,2069.0,2104.0,2105.0,2359.5,2142.0,2957.5,2462.0,553.0,901.0,1424.0,1656.5,1721.0,1915.5,2082.0,2096.0,2449.0,1843.0,417.5,738.5,1173.5,1418.5,1554.0,1672.5,1884.0,1900.0,0.0,0.0,0.0,0.0,0.0,0.0,0.0,0.0,0.0,0.0,3253.5,2888.5,707.0,1037.0,1462.0,1759.0,1991.0,2100.5,2355.5,2288.0,0.0,0.0,0.0,0.0,0.0,0.0,0.0,0.0,0.0,0.0,1149.0,1239.5,10357.5,10117.0,10111.0,10282.5,10021.0,9690.5,10083.0,9395.0,3700.5,3263.5,888.0,1234.5,1704.5,2101.0,2438.0,2605.5,2816.5,2817.0,4005.0,3551.0,894.0,1305.5,1777.0,2162.5,2670.5,2912.5,3175.0,3107.5,3152.5,2388.5,763.5,1096.5,1404.0,1798.5,2375.0,2553.0,2855.5,2767.5,2239.5,1461.5,517.0,777.0,957.5,1318.5,1916.0,2132.0,2307.5,2294.0,3599.5,2971.5,917.5,1294.5,1567.5,2111.5,2763.0,3013.0,3176.0,3207.5,"{""type"":""MultiPoint"",""coordinates"":[]}"
1376,3,25.0,23.5,1567.0,1993.5,2241.5,2546.0,2067.5,2038.5,1948.0,1590.5,4158.5,3478.0,1656.5,2098.5,2396.5,2887.5,3040.0,3202.0,3385.0,3502.0,2865.5,1952.0,1248.0,1473.5,1823.0,2141.0,2255.5,2424.5,2618.0,2701.5,3272.0,2371.0,1446.0,1757.5,2088.0,2437.5,2580.5,2739.5,2915.5,2975.0,5610.0,5121.0,2658.5,3145.5,3734.0,4103.5,4224.0,4433.5,4731.0,4717.0,5466.5,4309.0,1927.0,2372.5,2842.5,3587.0,3901.5,3948.5,4034.0,4448.5,5825.5,5061.0,6104.0,5795.5,5741.0,6285.0,6093.5,6052.0,6124.5,6083.5,5327.0,4469.5,3257.0,3581.5,3649.5,4455.0,4786.5,4999.5,4784.0,5277.0,977.5,671.5,858.5,1037.0,906.5,1386.5,1753.5,2067.5,1519.0,1877.0,1225.5,604.0,299.0,478.0,257.5,699.0,2368.5,3209.5,3117.0,3139.5,2050.0,1263.0,658.0,843.5,672.5,1178.5,3089.5,4257.0,4097.0,4406.5,111.5,89.5,1516.5,1881.0,2043.5,2222.0,1898.5,1915.5,1863.5,1668.0,1219.5,502.0,229.0,358.5,145.0,519.0,2628.5,4348.0,4151.5,4521.5,1165.5,488.5,407.5,493.5,272.5,608.0,2536.0,4189.0,4202.5,4364.5,1053.0,444.5,140.5,273.0,120.0,442.5,2368.0,3781.5,3707.5,4045.0,1149.0,503.0,291.0,456.0,251.5,679.0,2414.5,3655.0,3541.0,3920.5,1275.5,607.5,323.0,666.5,363.0,1068.0,2907.0,3794.0,3791.0,4127.0,1197.0,549.0,274.5,648.5,449.5,1210.0,2751.5,3455.0,3529.0,3774.5,1535.0,786.0,425.5,753.0,691.5,1363.0,2300.0,2642.0,2837.0,2969.0,2259.5,1652.5,1358.5,1500.0,1473.5,1969.5,2434.0,2593.5,2581.5,2859.0,2213.0,1317.5,547.0,899.0,936.5,1562.0,2254.0,2546.5,2676.0,2848.5,4137.0,2977.5,1297.0,1714.0,2410.5,2866.5,3007.0,3239.5,3490.0,3607.0,2368.0,2139.5,2096.5,2333.0,2562.5,2773.5,2596.0,2579.5,2465.0,2523.5,4244.0,3092.5,1453.5,1889.5,2584.5,2851.5,3070.5,3258.0,3643.0,3572.0,2033.5,1445.0,1116.0,1401.5,1962.0,2233.0,2306.0,2459.0,2662.5,2682.5,352.5,222.0,238.0,423.5,739.5,1004.0,990.0,1126.0,1229.0,1248.0,337.5,243.0,240.0,398.0,657.5,865.5,831.5,975.0,1004.0,997.5,359.5,293.5,689.5,720.0,786.5,965.0,848.0,932.0,802.0,892.0,169.0,81.5,241.0,285.5,455.5,660.5,619.5,666.5,607.5,595.0,4948.0,4365.0,5204.5,5027.0,5138.5,5203.0,5152.0,5227.0,5649.5,5214.5,974.0,1073.0,10924.0,10519.0,10425.0,10514.5,10150.5,9790.0,10150.0,9455.5,170.0,119.0,1517.5,1719.0,1899.5,2100.0,1892.5,1780.0,1769.5,1607.5,2951.5,1959.0,1288.5,1721.0,1912.5,2449.5,2558.5,2678.5,2778.5,2853.0,596.5,353.0,1268.0,1661.5,1832.0,2332.5,2100.5,2193.5,2135.0,2041.0,2941.0,2021.0,1286.0,1757.5,2017.5,2562.5,2710.5,2836.5,3068.5,3055.5,4033.0,3296.0,1791.0,2239.0,2586.0,3138.5,3178.5,3322.5,3474.0,3520.0,"{""type"":""MultiPoint"",""coordinates"":[]}"
1411,5,1754.0,1217.0,513.0,662.0,844.0,995.5,1019.5,1172.5,1284.5,1265.0,2659.0,2114.0,839.0,1088.0,1354.5,1547.5,1657.5,1793.0,1937.0,1938.0,1879.0,1314.5,597.0,736.5,931.0,1092.5,1202.0,1303.5,1412.5,1413.0,1969.5,1372.0,553.0,713.0,876.0,1015.5,1171.5,1263.0,1429.0,1459.0,3417.0,3022.0,1074.0,1412.0,1717.0,2031.0,2213.5,2393.0,2528.0,2578.5,3241.5,2624.5,922.0,1237.0,1422.5,1768.5,2223.0,2411.0,2558.5,2600.0,0.0,0.0,0.0,0.0,0.0,0.0,0.0,0.0,0.0,0.0,3123.0,2348.5,800.0,1151.0,1191.5,1705.5,2526.0,2827.5,2936.5,3034.5,2917.5,1866.5,756.5,997.0,830.0,1369.5,2887.0,3552.0,3587.5,3667.5,2200.5,1247.0,376.0,621.0,479.5,997.0,3021.0,3681.5,3874.5,3948.0,2655.5,1442.0,521.5,791.0,497.0,1239.5,3973.5,5024.0,5216.0,5429.5,1851.0,1430.5,534.0,694.5,883.0,1076.0,1171.5,1230.5,1329.5,1396.0,3754.0,2785.5,2805.0,2835.5,2593.0,3187.5,5004.5,5810.5,5848.0,6003.0,1882.5,984.5,473.5,665.5,448.5,928.0,2911.0,3970.5,3963.0,3963.5,0.0,0.0,0.0,0.0,0.0,0.0,0.0,0.0,0.0,0.0,3996.0,2952.0,2607.5,2640.0,2422.0,2971.5,4266.0,4763.0,4882.0,5057.0,2407.5,1525.0,373.5,653.5,593.5,1167.5,2153.5,2551.5,2779.0,2906.0,0.0,0.0,0.0,0.0,0.0,0.0,0.0,0.0,0.0,0.0,2718.5,2150.5,412.0,552.0,768.5,942.0,1063.5,1168.5,1333.5,1413.0,3269.0,2517.0,614.5,791.0,1083.5,1322.5,1385.5,1551.5,1631.5,1753.5,2306.5,1940.5,520.5,693.0,907.0,1056.0,1152.0,1254.0,1356.0,1418.5,2602.0,2261.5,603.5,792.0,1110.0,1350.5,1510.5,1638.0,1419.0,1809.5,0.0,0.0,0.0,0.0,0.0,0.0,0.0,0.0,0.0,0.0,2095.5,1683.0,521.0,676.0,856.5,1029.5,1213.0,1251.5,1339.0,1482.5,2135.5,1655.5,545.0,701.5,902.0,1060.5,1168.0,1327.0,1288.0,1423.5,1616.5,1033.5,249.0,442.5,516.0,796.0,1347.0,1445.5,1497.5,1539.0,1876.0,1384.0,402.0,554.0,700.0,893.5,1214.5,1269.5,1281.5,1486.0,0.0,0.0,0.0,0.0,0.0,0.0,0.0,0.0,0.0,0.0,1563.5,1080.5,369.0,508.0,611.5,815.0,1141.5,1245.5,1272.5,1385.0,0.0,0.0,0.0,0.0,0.0,0.0,0.0,0.0,0.0,0.0,265.0,308.5,12510.0,11654.0,11215.0,11194.5,10599.5,10035.5,10327.0,9384.5,0.0,0.0,0.0,0.0,0.0,0.0,0.0,0.0,0.0,0.0,1986.0,1490.0,834.5,1000.0,1094.0,1313.0,1351.0,1421.5,1534.5,1539.5,2479.0,2013.5,689.0,947.5,1210.5,1362.5,1404.0,1520.5,1728.0,1672.0,1695.5,1153.0,420.5,583.0,777.5,948.0,1007.0,1079.5,1222.5,1236.5,2046.0,1354.0,610.0,826.5,1073.0,1253.5,1339.5,1432.0,1572.0,1644.0,"{""type"":""MultiPoint"",""coordinates"":[]}"
1413,1,2780.0,2011.0,819.0,1148.0,1592.0,1886.0,2068.0,2204.0,2461.0,2428.0,3767.0,3013.0,1065.0,1582.5,1943.0,2467.0,2834.0,3019.5,3114.0,3227.5,2780.0,1834.0,740.0,1095.0,1289.0,1713.0,2337.0,2533.0,2735.0,2728.0,2339.0,1289.5,463.0,736.0,592.0,1067.5,2800.5,3463.0,3546.0,3571.5,1635.0,720.0,243.0,496.0,318.0,699.0,2685.0,3467.0,3579.0,3571.0,1898.0,871.5,250.5,450.0,228.0,576.0,3352.0,5292.5,5209.0,5414.0,0.0,0.0,0.0,0.0,0.0,0.0,0.0,0.0,0.0,0.0,1422.0,587.0,148.0,274.0,135.0,401.0,2676.0,4575.0,3994.0,4843.0,1644.0,602.0,305.0,409.0,239.0,474.0,2672.0,4525.0,4409.0,4763.0,1735.0,766.0,337.0,478.0,281.0,546.0,2785.0,4344.0,4483.0,4630.0,1877.0,837.0,302.0,509.0,312.0,687.0,2860.0,4254.0,4208.0,4507.0,2710.0,2013.0,738.0,1110.0,1524.0,1804.0,2032.0,2109.0,2396.0,2353.0,1854.0,781.0,416.0,607.0,396.0,879.0,2784.0,3813.0,3733.0,4228.0,2370.0,1517.0,498.0,629.0,666.0,1015.0,1441.0,1630.0,1748.0,1952.0,4827.5,3392.5,1097.0,1485.0,2176.5,2503.0,2783.0,2972.0,3209.0,3571.5,5333.0,3850.0,1330.0,1724.0,2192.0,2708.0,2925.0,3172.0,3214.0,3633.0,4438.0,3610.0,1095.5,1445.5,2028.5,2407.5,2553.5,2794.5,2839.5,3118.0,5063.5,4355.5,1230.0,1670.5,2309.0,2695.5,2847.0,3070.5,3214.0,3425.0,3816.0,2814.5,897.5,1214.0,1587.0,2026.5,2341.0,2584.5,2766.0,2926.0,3423.0,2303.0,688.0,1045.0,1159.0,1723.0,2581.0,2892.0,2890.0,3161.0,3806.0,3691.0,934.0,1213.0,1619.0,2020.0,2932.0,3345.0,3044.0,3739.0,4435.0,4311.0,1076.0,1547.0,2138.0,2509.0,2576.0,2764.0,2881.0,3013.0,2989.0,2668.5,1562.0,1913.5,1932.5,2256.0,2533.5,2707.0,2875.0,2944.0,3157.0,2647.0,704.0,1019.0,1518.0,1759.0,1901.0,2031.0,2242.0,2272.0,5254.5,4969.5,1416.0,1945.0,2719.0,3089.5,3243.5,3422.0,3574.0,3709.0,2985.0,2241.0,739.0,1115.0,1594.0,1856.0,2011.0,2206.0,2439.0,2450.0,5176.0,4889.0,1470.0,2052.0,2734.0,3190.0,3288.0,3511.0,3753.0,3835.0,4715.0,3613.0,2439.5,2696.5,3130.5,3602.0,3689.0,3806.0,3914.5,3953.0,3690.0,3009.0,1051.5,1459.0,1901.0,2303.5,2565.0,2739.0,2920.0,2965.0,3025.0,2465.0,1632.0,1809.0,2039.0,2322.0,2481.0,2590.0,2834.0,2791.0,144.0,141.0,7410.0,7432.0,7514.0,7772.0,7382.0,6952.0,7088.0,6461.0,1386.0,894.0,931.0,1286.0,1757.0,1973.0,2004.0,2113.0,2297.0,2198.0,2890.0,2166.0,936.0,1299.0,1784.0,2011.0,2145.0,2291.0,2525.0,2468.0,3699.0,2978.0,1081.0,1547.0,2024.0,2379.0,2578.0,2681.0,2933.0,2905.0,4258.0,3662.0,1221.0,1732.0,2258.0,2707.0,2870.0,3042.0,3244.0,3258.0,3360.0,2599.0,890.0,1353.0,1782.0,2183.0,2348.0,2459.0,2681.0,2691.0,"{""type"":""MultiPoint"",""coordinates"":[]}"
1429,5,1655.0,1212.0,392.0,528.0,759.5,865.0,947.5,1029.5,1155.0,1158.0,3178.0,2840.0,773.0,1116.0,1524.0,1760.0,1836.0,1961.0,2055.0,2177.0,2033.0,1452.0,546.0,672.0,903.0,1032.0,1126.0,1238.0,1349.0,1399.0,2797.0,2466.0,689.0,904.0,1205.0,1406.5,1580.0,1715.5,1814.0,1870.5,3594.5,3039.5,1702.0,1913.0,2090.5,2350.5,2709.5,2865.5,3047.0,2985.5,4003.0,3673.5,1437.5,2317.0,2591.5,3102.0,3849.5,4086.0,3532.0,4220.5,0.0,0.0,0.0,0.0,0.0,0.0,0.0,0.0,0.0,0.0,1002.0,638.0,603.0,879.0,778.0,1227.0,1826.0,2033.0,1840.0,1952.0,3015.0,2587.0,762.0,1000.0,1238.0,1549.0,1900.0,2107.0,2169.0,2319.0,3257.5,2766.0,812.0,1077.0,1361.0,1658.5,1912.5,2135.0,2170.5,2327.5,3438.0,2883.0,817.0,1108.0,1395.0,1707.0,2203.0,2425.0,2479.0,2653.0,1844.0,1478.0,390.0,538.0,748.0,888.0,943.0,1045.0,1114.0,1164.0,3108.0,2475.0,730.0,1004.0,1145.0,1562.0,2092.0,2408.0,2381.0,2614.0,2814.0,1827.5,632.5,863.5,825.0,1307.0,2307.5,2648.0,2704.0,2876.0,1648.0,832.0,389.0,625.0,472.0,852.0,1760.0,2192.0,2039.0,2315.0,1793.0,1074.5,397.5,593.0,487.5,893.0,2126.0,2501.5,2413.0,2680.0,2031.5,1184.5,255.5,476.5,360.0,824.5,2339.5,2798.0,2862.5,2974.5,2046.0,1229.0,611.0,528.0,401.0,848.0,2265.0,2705.0,2839.0,2897.0,2102.0,1256.0,334.5,610.0,477.5,1098.0,2315.5,2611.0,2810.0,2866.5,2063.0,1455.5,541.5,686.0,718.5,1045.5,1361.5,1475.0,1543.5,1691.5,3092.0,2423.0,562.5,755.5,976.5,1267.5,1450.0,1620.0,1751.5,1915.5,3463.0,2619.0,747.0,1011.0,1417.0,1679.0,1824.0,1974.0,2156.0,2282.0,3352.5,2809.5,3559.5,3452.5,3389.5,3603.5,3476.0,3404.0,3694.0,3355.5,3209.0,2475.0,696.0,940.0,1233.0,1499.0,1622.0,1744.0,1927.0,1998.0,3019.5,2487.5,1038.0,1152.0,1388.5,1687.5,1693.5,1829.0,1895.5,1994.0,1868.5,1435.5,388.5,572.5,806.5,904.0,985.0,1082.0,1270.5,1254.5,1384.0,1066.0,384.0,545.0,769.0,908.0,960.0,1042.0,1143.0,1106.0,0.0,0.0,0.0,0.0,0.0,0.0,0.0,0.0,0.0,0.0,2170.5,1670.5,548.5,700.5,877.5,1085.5,1258.5,1370.0,1478.0,1525.5,0.0,0.0,0.0,0.0,0.0,0.0,0.0,0.0,0.0,0.0,71.0,84.0,9676.0,9774.0,9801.0,9998.0,9525.0,8837.0,9012.0,8176.0,845.0,565.0,703.0,928.0,1119.0,1246.0,1191.0,1191.0,1258.0,1179.0,1877.5,1353.0,475.5,647.5,855.5,986.0,1079.5,1178.5,1315.0,1309.0,2852.0,2541.0,695.0,957.0,1314.0,1479.0,1610.0,1733.0,1938.0,1924.0,1867.0,1414.0,438.0,596.0,794.0,934.0,1059.0,1144.0,1285.0,1295.0,1869.0,1338.0,551.0,765.0,1031.0,1183.0,1263.0,1351.0,1462.0,1511.0,"{""type"":""MultiPoint"",""coordinates"":[]}"
1445,5,2556.5,1774.5,902.5,1102.5,1499.0,1703.0,1769.0,1905.5,2212.5,2152.5,4088.5,3606.5,1388.0,1705.5,2114.0,2380.5,2506.0,2667.5,2869.0,2881.0,1328.5,842.5,546.5,647.0,854.0,979.0,1023.0,1106.0,1205.5,1230.0,1137.5,691.0,651.5,749.5,951.0,1090.5,1121.5,1219.5,1356.5,1368.0,0.0,0.0,0.0,0.0,0.0,0.0,0.0,0.0,0.0,0.0,4189.0,3876.0,1428.0,1665.0,2056.0,2325.0,2385.0,2536.0,2622.0,2786.0,0.0,0.0,0.0,0.0,0.0,0.0,0.0,0.0,0.0,0.0,3818.5,3489.5,1211.5,1521.5,1793.5,2096.0,2246.0,2449.5,2578.5,2617.0,3815.5,3250.0,1187.5,1508.5,1783.5,2106.0,2361.5,2516.0,2502.0,2746.5,3474.5,3016.5,935.5,1234.5,1403.5,1740.5,2245.5,2449.0,2549.0,2655.0,2328.0,1343.0,565.5,782.5,659.5,1132.0,2428.0,2842.5,2821.0,2889.0,2903.5,2058.5,971.0,1174.5,1579.0,1768.0,1871.5,2004.0,2293.5,2230.5,2763.5,1568.5,491.0,721.0,490.0,1039.5,3510.0,4557.5,4366.0,4636.5,2444.5,1132.5,471.5,651.0,338.0,881.5,4093.5,5472.0,5513.0,5653.0,0.0,0.0,0.0,0.0,0.0,0.0,0.0,0.0,0.0,0.0,2253.0,885.5,310.0,459.0,244.0,681.5,4171.5,5865.5,5738.0,6115.5,2001.5,821.5,266.0,427.0,218.5,667.0,3670.5,4966.5,5183.0,5278.0,0.0,0.0,0.0,0.0,0.0,0.0,0.0,0.0,0.0,0.0,2091.5,1058.5,454.0,835.0,542.0,1404.0,3205.0,3630.0,3917.0,3983.5,1912.0,1292.0,525.5,609.5,729.5,914.5,1042.5,1170.0,1223.0,1359.0,2215.0,1580.5,493.5,622.5,844.0,994.5,1091.5,1194.0,1359.5,1393.0,3493.0,2893.5,868.5,1055.0,1356.5,1558.0,1632.5,1778.0,1937.0,1959.0,0.0,0.0,0.0,0.0,0.0,0.0,0.0,0.0,0.0,0.0,3397.5,2672.5,829.5,1030.5,1292.5,1488.0,1597.0,1699.0,1901.5,1898.5,0.0,0.0,0.0,0.0,0.0,0.0,0.0,0.0,0.0,0.0,1539.5,930.0,383.0,537.0,698.5,862.0,935.5,1056.0,1197.5,1215.0,1998.5,1293.5,511.5,675.5,854.5,1040.5,1184.5,1255.0,1414.5,1436.0,0.0,0.0,0.0,0.0,0.0,0.0,0.0,0.0,0.0,0.0,1617.0,1032.0,479.5,601.5,724.5,926.0,1104.5,1161.5,1330.0,1346.0,0.0,0.0,0.0,0.0,0.0,0.0,0.0,0.0,0.0,0.0,1486.0,1252.0,5952.5,5963.5,6244.0,6417.0,6287.0,6219.0,6702.5,6341.5,3049.0,2174.0,1363.5,1555.0,1897.5,2144.5,2268.0,2500.5,2603.5,2752.5,2761.0,2021.5,1046.5,1327.5,1728.0,1937.5,2006.5,2158.5,2420.5,2385.5,2563.0,1910.0,1069.0,1321.5,1653.0,1830.0,1946.5,2100.0,2309.5,2246.0,1554.5,1058.5,777.5,1003.0,1325.5,1531.5,1629.5,1732.0,1971.5,1922.5,3166.5,2489.5,1283.5,1533.5,1872.5,2148.0,2218.0,2347.0,2550.0,2579.5,"{""type"":""MultiPoint"",""coordinates"":[]}"
1446,5,316.5,218.5,440.0,670.0,884.5,1206.5,1181.5,1231.5,1365.0,1293.5,3424.0,2548.0,1026.0,1290.0,1616.0,1962.0,2118.0,2278.0,2493.0,2547.0,2165.0,1472.0,1001.0,1200.0,1461.0,1650.0,1887.0,2003.0,2178.0,2178.0,2514.5,1767.0,822.5,1057.0,1392.5,1663.5,1772.5,1953.5,2130.5,2227.0,3052.0,2266.0,799.0,1088.0,1497.0,1730.0,1890.0,2069.0,2284.0,2339.0,0.0,0.0,0.0,0.0,0.0,0.0,0.0,0.0,0.0,0.0,2063.0,1307.0,994.0,1257.0,1384.0,1887.0,2422.0,2726.0,2725.0,2935.0,4041.0,3165.0,1598.0,2069.0,2388.0,3069.0,3769.0,4136.0,4163.0,4254.0,4891.0,3961.0,1457.5,2046.0,2252.0,2941.0,4522.0,5065.0,4933.5,5349.0,3100.0,1944.0,1285.5,1438.5,1225.5,1816.0,3556.0,4137.0,4256.5,4400.5,3028.0,1355.0,870.0,1090.0,660.0,1442.0,5143.0,5941.0,5537.0,6228.0,885.0,599.0,638.0,856.0,1119.0,1384.0,1449.0,1529.0,1744.0,1717.0,2524.0,1162.0,370.0,583.0,341.0,864.0,4045.0,5362.0,5365.0,5758.0,1976.0,859.5,448.0,568.0,318.5,787.5,3525.0,4943.5,4935.0,5156.5,2280.0,1061.0,386.0,558.0,331.0,839.0,3631.0,4938.0,5124.0,5251.0,2285.5,1013.0,375.5,564.5,318.0,838.5,3698.0,4608.5,4490.5,4814.0,2292.5,1223.0,414.0,729.5,473.0,1220.5,2831.5,3431.0,3537.0,3717.5,2123.5,1371.5,483.5,636.5,654.5,1067.5,1525.0,1791.0,1824.0,2088.0,2929.0,2406.5,508.0,633.0,830.5,1037.0,1194.5,1360.5,1501.0,1571.5,2751.0,2172.0,513.0,635.0,742.0,970.0,1136.0,1272.0,1308.0,1435.0,3592.5,2736.5,908.0,1146.0,1533.0,1774.0,1899.5,2061.0,2246.5,2325.5,3902.0,3802.0,1047.0,1312.0,1751.0,2020.0,2087.0,2258.0,2423.0,2493.0,1097.5,720.5,630.0,763.5,921.0,1105.5,1160.5,1269.5,1396.0,1396.0,2759.0,2099.0,742.0,940.0,1239.0,1482.0,1601.0,1787.0,1914.0,2027.0,2876.0,2261.0,711.0,948.0,1265.0,1536.0,1684.0,1827.0,1987.0,2050.0,2697.0,1975.5,560.0,839.5,1168.0,1426.5,1563.5,1718.0,1983.0,1991.0,2926.0,2224.0,630.5,914.5,1268.0,1523.5,1671.0,1844.5,2011.0,2103.5,0.0,0.0,0.0,0.0,0.0,0.0,0.0,0.0,0.0,0.0,1955.0,1277.0,582.0,863.0,1142.0,1501.0,1638.0,1791.0,2011.0,2027.0,0.0,0.0,0.0,0.0,0.0,0.0,0.0,0.0,0.0,0.0,657.0,729.0,10616.0,10394.0,10294.0,10387.0,10014.0,9554.0,9948.0,9145.0,567.5,419.5,2146.5,2169.0,2353.5,2680.5,2616.0,2607.5,2572.5,2566.0,1327.0,764.5,527.5,754.0,1015.5,1255.5,1378.0,1500.5,1733.0,1722.5,2935.0,2093.0,840.0,1132.0,1416.0,1732.0,1894.0,2058.0,2305.0,2305.0,1841.0,1149.0,668.0,969.0,1258.0,1545.0,1662.0,1813.0,2000.0,2031.0,1903.0,1179.0,737.0,958.0,1250.0,1563.0,1660.0,1819.0,1991.0,2049.0,"{""type"":""MultiPoint"",""coordinates"":[]}"
1448,5,823.0,483.0,472.0,645.0,866.0,1022.0,1061.0,1184.0,1286.0,1244.0,2821.0,2154.0,956.0,1231.0,1513.0,1707.0,1878.0,1898.0,2135.0,2103.0,1053.0,622.5,664.5,802.0,946.5,1091.5,1126.0,1202.0,1302.5,1237.0,940.0,530.0,659.0,821.0,993.0,1142.0,1206.0,1280.0,1448.0,1380.0,0.0,0.0,0.0,0.0,0.0,0.0,0.0,0.0,0.0,0.0,1812.5,1375.0,745.5,846.0,998.0,1120.5,1165.0,1224.5,1328.5,1309.5,0.0,0.0,0.0,0.0,0.0,0.0,0.0,0.0,0.0,0.0,2653.0,2078.0,980.0,1203.0,1454.0,1656.0,1757.0,1890.0,1958.0,1999.0,6528.0,5912.0,6788.0,6550.0,6407.0,7023.0,7121.0,7040.0,6790.0,7137.0,2476.0,1895.0,763.0,1023.0,1215.0,1421.0,1725.0,1876.0,1931.0,1964.0,0.0,0.0,0.0,0.0,0.0,0.0,0.0,0.0,0.0,0.0,1234.0,741.0,538.0,674.0,898.0,1042.0,1134.0,1188.0,1344.0,1314.0,1820.0,936.0,610.0,797.0,752.0,1203.0,2009.0,2340.0,2283.0,2454.0,2414.0,1529.0,611.0,851.0,707.0,1211.0,2732.0,3202.0,3241.0,3319.0,2214.0,1206.0,1297.0,1578.0,1351.0,1729.0,3119.0,3604.0,4036.0,3631.0,2097.5,1119.0,617.0,752.0,545.0,1013.5,3133.0,4009.0,3961.5,4150.5,1829.0,805.5,265.0,446.0,230.0,661.5,3256.0,4178.5,4475.5,4428.0,0.0,0.0,0.0,0.0,0.0,0.0,0.0,0.0,0.0,0.0,1848.0,888.5,342.5,690.0,427.0,1256.5,3284.0,3797.0,4135.5,4063.0,1770.0,1023.0,540.0,731.0,821.0,1223.0,1536.0,1697.0,1880.0,2040.0,2745.5,1943.0,529.0,729.0,992.0,1219.0,1419.5,1579.0,1826.5,1897.0,2048.0,1593.0,508.0,626.0,861.0,976.0,1055.0,1205.0,1307.0,1378.0,0.0,0.0,0.0,0.0,0.0,0.0,0.0,0.0,0.0,0.0,1995.0,1502.0,517.0,675.0,887.0,1010.0,1087.0,1151.0,1304.0,1278.0,0.0,0.0,0.0,0.0,0.0,0.0,0.0,0.0,0.0,0.0,918.0,502.0,359.0,505.0,708.0,835.0,880.0,960.0,1108.0,1082.0,950.0,549.0,690.0,979.0,1160.0,1316.0,1249.0,1364.0,1473.0,1378.0,0.0,0.0,0.0,0.0,0.0,0.0,0.0,0.0,0.0,0.0,1233.0,718.0,542.0,692.0,872.0,1066.0,1090.0,1209.0,1373.0,1340.0,0.0,0.0,0.0,0.0,0.0,0.0,0.0,0.0,0.0,0.0,1095.0,1182.0,10908.0,10503.0,10391.0,10576.0,10254.0,9904.0,10256.0,9429.0,0.0,0.0,0.0,0.0,0.0,0.0,0.0,0.0,0.0,0.0,1330.0,763.0,499.0,723.0,1004.0,1198.0,1261.0,1362.0,1533.0,1514.0,1769.0,1019.0,772.0,1026.0,1256.0,1439.0,1578.0,1670.0,1872.0,1790.0,953.0,534.0,640.0,910.0,1145.0,1422.0,1425.0,1596.0,1713.0,1621.0,1392.0,756.0,821.0,1053.0,1236.0,1441.0,1523.0,1617.0,1773.0,1726.0,"{""type"":""MultiPoint"",""coordinates"":[]}"
1463,3,2438.0,1554.0,693.0,986.0,1281.0,1603.0,1861.0,2002.0,2228.0,2212.0,3999.5,3363.0,1908.0,2220.0,2510.0,2976.5,3264.5,3446.0,3532.5,3653.0,2373.0,1448.0,685.0,907.0,1204.0,1624.0,1948.0,2128.0,2307.0,2383.0,3443.5,2672.5,898.0,1220.0,1608.0,2025.0,2244.5,2485.0,2662.0,2752.5,2685.0,1750.0,631.0,911.0,1233.0,1580.0,1810.0,2017.0,2204.0,2284.0,5207.0,3705.0,2885.0,3246.0,3378.0,3680.0,4107.0,4351.0,4527.0,4715.0,0.0,0.0,0.0,0.0,0.0,0.0,0.0,0.0,0.0,0.0,5236.0,4542.5,1827.0,2340.0,2983.5,3435.5,3451.0,3684.0,3637.5,3877.5,4777.0,4215.0,1573.0,2084.0,2634.0,3060.0,3192.0,3436.0,3331.0,3632.0,656.0,413.0,295.0,528.0,434.0,926.0,1180.0,1395.0,1199.0,1143.0,1469.0,796.0,411.0,636.0,312.0,884.0,2390.0,3087.0,2892.0,2878.0,3468.0,2840.0,983.0,1295.0,1688.0,1990.0,2181.0,2316.0,2593.0,2584.0,1688.0,762.0,325.0,464.0,172.0,667.0,3144.0,4821.0,4693.0,4929.0,1392.0,671.5,496.5,590.5,323.5,697.5,2732.5,4519.5,4440.5,4605.5,552.0,277.0,363.0,498.0,221.0,581.0,1314.0,2097.0,1988.0,2048.0,1508.0,723.0,372.0,563.0,290.0,842.0,3020.0,4231.0,4076.0,4482.0,1760.0,872.0,374.0,803.0,405.0,1247.0,3499.0,4729.0,4822.0,5028.0,1745.0,900.0,492.5,914.5,527.0,1579.5,3625.0,4477.5,4533.5,4793.5,1873.5,993.0,519.0,996.0,712.0,1750.5,3292.5,3762.0,3941.0,4113.5,2181.0,1311.0,658.0,1108.0,1073.0,1917.0,2661.0,2931.0,2994.0,3253.0,2277.0,1375.0,604.0,1029.0,1140.0,1838.0,2477.0,2762.0,2972.0,3028.0,2099.0,1263.0,610.0,1031.0,1175.0,1849.0,2276.0,2513.0,2732.0,2839.0,2464.0,1624.0,823.0,1066.0,1344.0,1685.0,1900.0,2043.0,2362.0,2171.0,2215.5,1427.5,676.5,1022.5,1294.0,1831.0,2154.5,2379.0,2524.5,2726.5,2505.5,1693.0,1106.0,1477.5,2167.0,2514.5,2625.0,2854.5,3134.5,3189.0,2403.5,1562.0,828.5,1203.0,1825.5,2085.0,2198.0,2368.0,2673.5,2647.0,1935.5,1267.5,751.0,1126.0,1622.5,1901.5,1943.5,2105.5,2235.5,2281.5,0.0,0.0,0.0,0.0,0.0,0.0,0.0,0.0,0.0,0.0,1435.0,941.0,627.0,916.0,1359.0,1610.0,1651.0,1764.0,1985.0,1962.0,0.0,0.0,0.0,0.0,0.0,0.0,0.0,0.0,0.0,0.0,515.0,567.0,9958.0,9966.0,10020.0,10206.0,9800.0,9391.0,9778.0,8948.0,1248.5,781.0,1281.5,1464.0,1639.0,1963.5,1992.5,1979.5,2075.0,2036.5,2875.0,1959.0,718.0,1033.0,1361.0,1727.0,2046.0,2251.0,2481.0,2430.0,3327.0,2416.5,847.0,1146.5,1449.5,1896.5,2361.5,2573.0,2740.5,2807.5,2455.0,1520.0,590.0,870.0,1123.0,1605.0,2076.0,2257.0,2489.0,2520.0,2433.0,1423.0,722.0,1023.0,1282.0,1768.0,2162.0,2355.0,2489.0,2574.0,"{""type"":""MultiPoint"",""coordinates"":[]}"
1473,5,1654.5,1185.0,677.0,742.5,884.5,1001.0,1058.5,1137.5,1228.5,1254.5,2558.5,2212.5,839.5,1022.0,1259.0,1400.0,1463.0,1555.0,1652.5,1688.0,1606.5,1069.5,574.0,686.0,855.0,986.5,1015.5,1102.5,1192.5,1227.5,1721.5,1163.5,785.5,903.0,1086.0,1223.5,1248.0,1353.0,1457.5,1489.0,0.0,0.0,0.0,0.0,0.0,0.0,0.0,0.0,0.0,0.0,2535.0,2082.5,856.0,1012.0,1238.0,1417.0,1468.5,1576.5,1633.0,1725.0,0.0,0.0,0.0,0.0,0.0,0.0,0.0,0.0,0.0,0.0,0.0,0.0,0.0,0.0,0.0,0.0,0.0,0.0,0.0,0.0,0.0,0.0,0.0,0.0,0.0,0.0,0.0,0.0,0.0,0.0,2337.0,1691.5,907.0,1027.0,954.5,1345.0,2136.5,2419.0,2237.0,2544.5,0.0,0.0,0.0,0.0,0.0,0.0,0.0,0.0,0.0,0.0,1470.5,1178.5,429.0,500.5,643.0,704.5,772.5,825.5,948.5,945.0,2602.5,1460.0,419.0,647.0,436.0,977.0,3443.5,4372.0,4102.0,4461.5,2419.0,1243.5,439.5,597.0,343.0,857.0,3681.5,4749.0,4793.5,4934.0,0.0,0.0,0.0,0.0,0.0,0.0,0.0,0.0,0.0,0.0,2277.0,987.5,295.0,460.5,238.0,735.5,3727.0,5028.5,4838.5,5264.0,2081.5,905.0,246.5,433.0,212.5,735.0,3501.0,4587.5,4740.5,4859.5,0.0,0.0,0.0,0.0,0.0,0.0,0.0,0.0,0.0,0.0,2365.0,1203.5,380.5,856.0,507.0,1552.0,3395.5,3904.5,4139.0,4287.0,7108.0,6793.0,7038.0,7126.0,7254.0,8081.0,7718.0,7466.0,6978.0,7384.0,2655.0,1989.0,383.0,526.5,827.5,996.0,1113.5,1254.5,1451.5,1574.5,2658.5,2045.0,473.0,585.5,888.0,1061.0,1148.5,1286.0,1438.0,1559.5,0.0,0.0,0.0,0.0,0.0,0.0,0.0,0.0,0.0,0.0,1913.5,1543.5,533.0,666.0,877.0,974.5,1016.5,1088.5,1179.5,1181.5,0.0,0.0,0.0,0.0,0.0,0.0,0.0,0.0,0.0,0.0,1056.0,678.0,216.5,335.0,477.0,543.0,595.0,660.5,729.0,742.5,1393.0,998.5,318.0,436.5,598.0,685.5,727.5,792.5,879.0,895.0,0.0,0.0,0.0,0.0,0.0,0.0,0.0,0.0,0.0,0.0,1200.5,805.5,354.5,439.5,557.0,637.5,690.0,758.5,843.5,869.5,0.0,0.0,0.0,0.0,0.0,0.0,0.0,0.0,0.0,0.0,931.0,1017.0,11052.0,10569.5,10454.5,10529.0,10247.5,9835.0,10246.5,9480.5,0.0,0.0,0.0,0.0,0.0,0.0,0.0,0.0,0.0,0.0,2739.5,2403.0,1577.0,1688.5,1836.0,2101.0,2141.0,2200.5,2196.0,2295.0,1827.5,1268.5,606.0,708.0,879.0,1005.0,1062.0,1141.5,1255.5,1290.5,1758.0,1186.0,651.5,793.0,1003.5,1111.0,1146.0,1274.0,1376.5,1396.0,2401.0,2071.5,821.0,977.5,1180.0,1321.5,1379.5,1481.0,1553.0,1595.5,"{""type"":""MultiPoint"",""coordinates"":[]}"
1478,10,2216.0,1432.0,411.5,590.0,693.0,1095.5,1586.5,1758.5,2058.5,2079.5,3740.5,3618.5,997.0,1271.0,1639.5,1861.5,1956.0,2100.0,2279.0,2354.0,2123.0,1625.0,582.5,707.0,919.5,1069.5,1160.0,1281.5,1399.5,1455.0,2760.0,2140.0,841.0,975.0,1243.5,1423.0,1490.0,1670.5,1853.0,1936.5,0.0,0.0,0.0,0.0,0.0,0.0,0.0,0.0,0.0,0.0,4845.0,4378.5,2198.5,2312.0,2603.0,3045.5,3478.5,3730.5,3828.5,3924.0,0.0,0.0,0.0,0.0,0.0,0.0,0.0,0.0,0.0,0.0,3520.0,3176.0,972.5,1277.0,1407.5,1813.5,2814.0,3225.0,3329.5,3370.5,3417.0,2491.5,714.5,1168.0,1053.5,1802.0,4177.5,4888.5,4796.5,5071.0,2953.5,2128.5,657.5,964.5,814.5,1445.5,3799.0,4684.5,4730.0,4822.0,2340.0,1225.5,532.5,822.5,533.5,1223.5,3999.0,4972.0,4971.5,5206.0,2529.5,1777.0,523.0,699.0,852.0,1258.5,1728.5,1889.5,2199.5,2186.0,2371.0,975.5,454.0,819.5,343.0,1202.0,4769.5,5916.0,5798.0,6182.0,1969.5,789.5,484.5,763.5,337.5,1075.5,4580.0,5821.5,5838.5,5906.5,2796.5,1633.0,2063.5,2093.5,1677.0,2272.0,5296.0,6596.0,6324.0,6697.5,1992.0,740.5,361.0,590.0,257.0,916.0,4646.0,6093.5,5907.5,6308.0,1880.0,717.0,306.0,573.5,239.5,937.5,4495.0,5710.0,5987.0,5997.0,0.0,0.0,0.0,0.0,0.0,0.0,0.0,0.0,0.0,0.0,1960.5,786.5,319.5,584.0,263.5,1000.5,4360.5,5480.5,5762.5,5778.5,1969.5,791.5,438.5,656.5,362.5,1064.0,3881.0,4708.0,4756.0,5158.0,3517.5,2961.0,724.5,952.5,1339.0,1617.5,1779.0,1988.0,2273.5,2366.0,3980.5,3145.5,674.5,868.5,1214.0,1497.0,1648.0,1912.5,2195.5,2330.0,0.0,0.0,0.0,0.0,0.0,0.0,0.0,0.0,0.0,0.0,3299.5,2948.0,627.5,816.5,1132.0,1318.5,1416.0,1561.5,1769.0,1813.0,3502.0,2866.0,3244.0,3067.0,3007.0,3228.0,3220.0,3253.0,3897.0,3332.0,2265.0,1860.5,337.5,510.5,667.5,902.0,1055.5,1199.0,1345.5,1386.5,2204.0,1634.5,349.0,521.5,652.0,918.5,1220.5,1333.5,1478.5,1495.0,0.0,0.0,0.0,0.0,0.0,0.0,0.0,0.0,0.0,0.0,2338.0,1748.5,502.5,693.0,690.5,1098.5,1684.5,1832.0,2065.5,2006.0,0.0,0.0,0.0,0.0,0.0,0.0,0.0,0.0,0.0,0.0,1071.0,1154.0,10357.0,10099.5,10178.5,10314.5,10048.5,9697.5,10095.0,9426.5,2281.5,1642.0,785.5,869.0,1161.5,1348.5,1501.5,1664.5,1660.5,1872.0,3239.0,2851.0,879.0,1089.5,1410.0,1636.5,1731.5,1880.0,2019.5,2133.0,0.0,0.0,0.0,0.0,0.0,0.0,0.0,0.0,0.0,0.0,2528.0,1975.5,666.0,815.5,1112.0,1266.5,1372.0,1479.0,1701.5,1748.0,4043.0,3691.5,1292.0,1561.0,1941.0,2228.0,2335.0,2511.5,2686.0,2778.0,"{""type"":""MultiPoint"",""coordinates"":[]}"
1489,3,1327.0,798.0,516.0,705.0,769.0,1157.0,1474.0,1634.0,1841.0,1854.0,4967.5,4384.0,2322.0,2560.5,2747.5,3271.0,3492.0,3638.5,3990.0,3900.0,2846.0,2134.0,761.0,984.0,1210.0,1495.0,1599.0,1749.0,1957.0,1972.0,3930.0,3437.5,1068.5,1394.0,1614.5,2003.5,2191.0,2402.0,2593.5,2645.0,4552.5,4100.5,1339.0,1792.5,2116.5,2587.0,2769.5,2978.0,3203.0,3207.0,0.0,0.0,0.0,0.0,0.0,0.0,0.0,0.0,0.0,0.0,0.0,0.0,0.0,0.0,0.0,0.0,0.0,0.0,0.0,0.0,1981.0,1105.0,656.0,860.0,482.0,1088.0,2669.0,3521.0,3415.0,3538.0,1513.0,743.5,337.5,486.0,248.0,654.5,2688.0,4152.0,4124.0,4293.5,1426.0,684.0,316.0,477.0,248.0,667.0,2826.0,4598.0,4655.0,4766.0,1406.0,658.0,349.0,476.0,250.0,674.0,2796.0,4838.0,4849.0,4952.0,2784.0,1979.0,561.0,836.0,925.0,1361.0,1697.0,1877.0,2069.0,2141.0,1179.5,519.5,272.5,438.0,226.5,672.5,2670.5,4276.0,4348.5,4655.5,1239.5,574.5,521.5,730.0,424.5,1046.5,2886.0,4130.5,4217.5,4408.5,1478.0,721.0,584.0,817.0,541.0,1299.0,3150.0,4243.0,4312.0,4626.0,1757.0,870.5,532.0,848.5,590.5,1365.0,3193.5,3848.5,3896.0,4127.5,3583.0,2420.0,797.0,1205.0,1370.0,2170.0,2558.0,2944.0,3023.0,3290.0,3237.0,2266.5,937.5,1211.0,1512.5,1943.0,2295.0,2567.5,2630.0,2880.5,2367.0,1629.0,560.5,745.5,973.0,1288.5,1535.0,1693.5,1829.5,1916.0,3005.0,2063.0,838.0,1132.0,1532.0,1873.0,2157.0,2346.0,2444.0,2627.0,3396.0,2321.0,901.0,1110.0,1488.0,1859.0,2267.0,2398.0,2700.0,2732.0,3805.0,2607.0,914.0,1211.0,1541.0,1976.0,2343.0,2575.0,2774.0,2892.0,4240.0,3541.0,2174.5,2341.5,2499.0,2891.5,3117.5,3272.5,3629.5,3498.5,3236.5,2219.0,833.5,1137.5,1366.5,1827.0,2292.0,2519.0,2747.0,2840.0,1919.5,1258.0,697.5,881.0,1029.0,1344.5,1595.5,1780.5,1938.0,1977.5,2479.5,1573.0,657.0,964.5,1317.0,1691.0,1959.5,2191.5,2518.5,2538.5,2154.5,1351.5,600.0,925.5,1292.0,1666.0,1872.5,2036.0,2291.0,2402.0,692.0,617.0,1382.0,936.0,812.0,951.0,1000.0,1171.0,1746.0,1291.0,375.0,258.0,222.0,310.0,497.0,754.0,809.0,943.0,1053.0,1094.0,0.0,0.0,0.0,0.0,0.0,0.0,0.0,0.0,0.0,0.0,479.0,529.0,10668.0,10358.0,10244.0,10358.0,9962.0,9484.0,9838.0,8992.0,764.0,475.0,4169.0,4255.0,4326.5,4633.0,4546.5,4419.5,4602.5,4297.0,2422.0,1720.0,470.0,715.0,812.0,1293.0,1641.0,1823.0,2014.0,2084.0,2810.0,2166.5,741.0,914.5,1229.0,1412.5,1496.0,1646.5,1849.5,1880.5,2998.0,2276.0,797.0,1071.0,1434.0,1635.0,1768.0,1880.0,2090.0,2127.0,3007.5,2340.5,825.0,1088.5,1425.5,1665.5,1780.0,1907.5,2114.0,2161.0,"{""type"":""MultiPoint"",""coordinates"":[]}"
1491,3,1905.0,1602.0,731.0,987.0,1302.0,1519.0,1619.0,1712.0,1934.0,1881.0,5520.0,5205.0,1903.0,2401.0,3047.5,3438.0,3534.0,3743.5,3911.5,3992.5,2311.0,1763.0,584.0,725.0,1003.0,1166.0,1219.0,1370.0,1459.0,1535.0,2942.5,2425.5,950.0,1261.0,1587.0,1859.5,1899.0,2037.5,2281.0,2309.0,2303.0,1702.0,849.0,1140.0,1443.0,1804.0,1792.0,2023.0,2090.0,2134.0,2522.0,2457.0,1037.0,1202.0,1423.0,1670.0,1827.0,2118.0,1540.0,2364.0,2887.0,1984.0,795.0,1033.0,1292.0,1635.0,1828.0,2018.0,2124.0,2236.0,3527.5,2674.0,1772.0,2045.5,2132.0,2497.0,3043.5,3314.5,3236.0,3528.0,910.0,602.0,676.0,900.0,1033.0,1316.0,1798.0,2004.0,1959.0,1924.0,1173.0,621.5,480.5,649.0,504.0,889.0,2130.0,2794.5,2612.0,2809.5,1423.0,673.5,595.5,683.5,448.5,875.5,2699.5,3881.5,3710.5,3983.5,2562.0,1951.0,673.0,946.0,1263.0,1456.0,1549.0,1657.0,1845.0,1790.0,1413.0,670.0,410.0,494.0,295.0,658.0,2477.0,4072.0,3855.0,4193.0,1278.0,589.0,406.0,488.0,290.0,607.0,2352.0,3815.0,3812.0,3914.0,1043.0,447.0,376.0,459.0,266.0,553.0,2321.0,3676.0,3566.0,3814.0,1412.0,661.5,476.5,705.0,374.0,1010.0,2977.0,4169.0,4068.5,4352.5,1569.0,792.5,412.0,774.5,485.5,1290.5,3303.0,3991.5,4190.5,4343.0,2200.5,1424.0,800.5,1196.5,1002.0,1999.0,3591.0,4210.0,4238.5,4577.0,1947.0,1058.5,525.5,952.0,812.5,1678.0,2892.5,3241.5,3403.0,3566.5,1882.0,1293.0,659.0,881.0,1164.0,1441.0,1640.0,1730.0,1811.0,1984.0,2777.0,1945.0,715.0,982.0,1284.0,1566.0,1850.0,2089.0,2244.0,2285.0,2734.0,1897.0,730.0,967.0,1188.0,1479.0,1791.0,1886.0,2095.0,2156.0,2599.0,2005.0,675.0,956.0,1248.0,1472.0,1575.0,1677.0,1823.0,1827.0,2371.0,1559.0,563.0,783.0,943.0,1265.0,1637.0,1833.0,1998.0,2037.0,0.0,0.0,0.0,0.0,0.0,0.0,0.0,0.0,0.0,0.0,2041.0,1309.5,586.5,839.0,1200.0,1490.0,1646.5,1817.0,2088.0,2070.5,2125.0,1414.5,652.0,922.0,1330.0,1563.5,1690.0,1816.0,2038.0,2101.5,0.0,0.0,0.0,0.0,0.0,0.0,0.0,0.0,0.0,0.0,1685.0,1172.0,607.0,733.0,1034.0,1216.0,1311.0,1426.0,1611.0,1629.0,0.0,0.0,0.0,0.0,0.0,0.0,0.0,0.0,0.0,0.0,745.0,823.0,10784.0,10506.0,10360.0,10497.0,10099.0,9670.0,10046.0,9265.0,856.5,607.5,4499.5,4642.0,4813.0,5080.0,4889.0,4720.5,4842.5,4556.5,2658.0,1915.0,794.0,1094.0,1397.0,1633.0,1733.0,1888.0,2058.0,2046.0,2957.0,2266.0,822.5,1108.5,1381.0,1667.0,1795.5,1921.0,2110.0,2111.5,2629.5,1920.0,809.0,1112.5,1438.0,1699.5,1800.5,1914.0,2085.0,2098.5,2751.0,2082.0,897.0,1200.0,1526.0,1803.0,1903.0,2055.0,2201.0,2272.0,"{""type"":""MultiPoint"",""coordinates"":[]}"
1524,26,2427.5,1582.5,608.0,946.0,980.5,1574.5,2344.5,2616.0,2844.0,2792.5,1586.0,780.0,360.5,555.0,329.5,803.5,2989.5,4180.5,4413.0,4344.5,1302.0,611.0,505.5,590.5,464.0,749.5,2260.5,3053.5,3158.5,3280.5,1371.5,635.5,307.0,461.0,257.5,703.5,2817.5,4125.5,4391.5,4406.5,0.0,0.0,0.0,0.0,0.0,0.0,0.0,0.0,0.0,0.0,1579.5,1057.0,401.0,585.5,654.5,1153.0,1787.5,2237.5,1890.5,2690.0,0.0,0.0,0.0,0.0,0.0,0.0,0.0,0.0,0.0,0.0,2625.0,1755.5,743.5,954.0,1288.5,1511.5,1672.0,1878.5,1979.5,2079.0,0.0,0.0,0.0,0.0,0.0,0.0,0.0,0.0,0.0,0.0,3939.5,2375.0,723.5,1142.0,1295.5,1894.5,3116.5,3548.0,3749.5,3862.0,3959.0,2473.5,836.0,1163.0,1444.5,2038.5,2676.5,3120.0,3240.5,3510.5,2735.0,1894.0,692.5,961.5,1088.5,1667.5,2420.5,2603.0,2934.5,2809.5,454.0,212.0,378.0,353.0,275.0,412.0,703.0,896.0,771.0,877.0,3313.5,1917.5,669.5,947.0,885.0,1493.0,3382.0,4054.0,4170.5,4391.0,3516.0,1808.0,586.0,864.5,728.5,1442.0,4191.0,5424.5,5359.5,5886.0,2229.5,1117.5,520.5,640.5,487.0,919.5,3146.0,4169.0,4007.5,4335.0,2232.5,1026.5,319.5,524.5,336.5,841.0,3448.5,4498.0,4656.0,4803.5,0.0,0.0,0.0,0.0,0.0,0.0,0.0,0.0,0.0,0.0,2314.5,1153.0,397.0,838.0,556.0,1477.0,3293.0,3746.5,4005.0,4154.0,2984.0,2264.0,1764.5,1857.0,1840.0,2295.5,2613.5,2750.0,2766.5,2918.0,3285.0,2208.0,537.0,733.0,1012.5,1315.5,1575.5,1805.0,2066.0,2198.0,3287.0,2257.5,587.5,750.5,1043.0,1280.0,1599.0,1821.5,1998.5,2100.0,0.0,0.0,0.0,0.0,0.0,0.0,0.0,0.0,0.0,0.0,4176.0,2901.5,950.0,1234.5,1757.5,2042.5,2240.0,2417.5,2704.0,2746.0,0.0,0.0,0.0,0.0,0.0,0.0,0.0,0.0,0.0,0.0,2584.0,1569.5,642.5,969.5,1326.5,1688.5,2037.0,2244.0,2538.5,2558.5,2890.5,2050.0,1374.5,1669.0,1945.5,2302.0,2666.0,2872.0,2935.0,3129.0,0.0,0.0,0.0,0.0,0.0,0.0,0.0,0.0,0.0,0.0,3143.5,2050.5,710.0,1020.5,1126.5,1648.0,2429.0,2642.0,2940.5,2899.5,0.0,0.0,0.0,0.0,0.0,0.0,0.0,0.0,0.0,0.0,934.5,1020.5,10679.0,10300.0,10261.0,10343.0,10003.0,9697.0,10072.0,9367.0,0.0,0.0,0.0,0.0,0.0,0.0,0.0,0.0,0.0,0.0,2403.5,1540.5,522.0,843.5,825.0,1405.0,2399.0,2635.5,2955.5,2913.0,1857.5,973.5,472.0,676.0,485.5,1015.5,2550.0,3102.0,3387.5,3267.0,1394.0,652.0,136.5,369.0,169.5,686.0,2533.0,3355.0,3550.0,3436.0,0.0,0.0,0.0,0.0,0.0,0.0,0.0,0.0,0.0,0.0,"{""type"":""MultiPoint"",""coordinates"":[]}"
1566,5,2331.0,1748.5,592.5,758.5,1031.0,1167.0,1253.0,1376.0,1616.5,1600.0,3847.5,3367.5,1084.5,1438.5,1857.5,2070.0,2201.0,2320.5,2552.0,2543.0,2454.5,1785.0,704.5,882.5,1155.0,1314.0,1389.5,1505.0,1715.0,1717.0,2505.0,1891.5,701.0,901.0,1124.5,1335.5,1465.5,1646.0,1835.0,1774.5,3963.5,3454.0,1095.0,1447.5,1792.5,2139.0,2510.0,2700.0,2818.0,2886.0,3723.5,3016.5,989.0,1324.5,1475.5,1934.0,2639.5,2978.0,3010.0,3088.5,0.0,0.0,0.0,0.0,0.0,0.0,0.0,0.0,0.0,0.0,3045.0,2027.0,781.5,1122.5,1046.5,1628.0,3089.0,3567.5,3600.0,3794.0,3096.0,1941.5,774.5,1032.0,954.5,1449.0,3508.0,4323.5,4224.0,4566.0,2621.5,1644.0,608.5,878.5,835.0,1240.0,2848.5,3611.0,3674.0,3875.5,2705.0,1706.0,844.0,1051.5,946.0,1383.0,3080.0,3994.0,4024.5,4237.0,2473.5,1992.0,637.0,825.5,1118.0,1294.5,1351.5,1477.5,1677.5,1647.0,2533.5,1382.0,601.5,863.0,695.0,1250.5,3160.0,3768.5,3811.5,3994.0,2416.0,1450.5,630.5,875.0,661.0,1259.0,3019.0,3621.0,3760.5,3858.0,0.0,0.0,0.0,0.0,0.0,0.0,0.0,0.0,0.0,0.0,3284.5,2464.5,692.5,950.5,1123.5,1620.0,1966.0,2281.5,2359.5,2513.0,3774.5,2937.5,795.5,1052.0,1446.0,1775.5,1939.5,2119.5,2281.0,2440.5,0.0,0.0,0.0,0.0,0.0,0.0,0.0,0.0,0.0,0.0,3102.0,2544.0,752.5,978.5,1273.0,1530.0,1703.5,1832.0,1974.0,2028.5,2685.0,2074.5,583.5,783.0,991.0,1231.0,1386.0,1497.0,1585.5,1680.5,2812.0,2413.0,704.5,896.0,1200.0,1375.0,1448.5,1569.0,1730.5,1746.5,1959.5,1693.0,576.5,725.5,929.0,1044.0,1076.5,1169.0,1259.0,1260.0,0.0,0.0,0.0,0.0,0.0,0.0,0.0,0.0,0.0,0.0,2440.5,2039.0,636.5,802.0,1065.0,1214.5,1276.0,1389.5,1537.0,1560.0,2573.0,2099.0,675.0,858.0,1124.0,1295.0,1380.0,1439.5,1557.5,1668.5,1494.0,1045.0,262.5,400.5,591.5,695.5,794.5,875.5,1000.5,1013.5,2004.5,1536.0,483.5,635.0,860.5,1009.5,1090.0,1176.5,1310.5,1335.0,0.0,0.0,0.0,0.0,0.0,0.0,0.0,0.0,0.0,0.0,1971.5,1469.0,417.0,580.5,736.0,947.0,1139.5,1306.5,1461.0,1403.5,0.0,0.0,0.0,0.0,0.0,0.0,0.0,0.0,0.0,0.0,181.5,222.5,12746.5,11910.0,11461.0,11433.0,10908.0,10278.5,10600.0,9619.0,0.0,0.0,0.0,0.0,0.0,0.0,0.0,0.0,0.0,0.0,2904.5,2304.5,1134.0,1379.0,1600.0,1778.0,1860.0,1978.5,2152.0,2140.5,3177.5,2632.0,819.0,1089.5,1437.0,1655.5,1731.5,1877.5,2088.5,2112.0,2314.5,1697.5,557.5,738.0,1025.5,1158.0,1233.0,1378.5,1610.0,1539.0,2456.0,1702.5,825.0,1027.0,1302.5,1453.0,1483.5,1694.0,1837.5,1841.5,"{""type"":""MultiPoint"",""coordinates"":[]}"
1576,3,282.5,160.5,485.5,561.0,648.5,858.5,820.5,900.5,984.0,884.5,3460.5,2936.0,1171.5,1405.0,1760.5,1998.0,2089.0,2215.5,2308.5,2438.5,2709.5,2011.5,925.5,1159.0,1372.5,1661.0,1762.5,1882.5,2037.0,2118.0,3005.0,2266.0,1083.5,1390.0,1496.5,1950.0,2110.0,2257.0,2340.5,2453.0,5195.5,4920.0,2026.0,2493.0,2920.5,3388.0,3533.0,3693.0,3984.0,3963.5,7818.5,7370.0,3233.0,3844.0,4332.5,5058.5,5557.0,5946.0,5956.5,6244.0,0.0,0.0,0.0,0.0,0.0,0.0,0.0,0.0,0.0,0.0,2947.0,2360.0,1073.0,1452.5,1452.0,2155.5,2977.5,3329.5,3231.0,3554.0,1215.5,669.0,349.0,530.0,343.5,727.5,2133.0,2848.0,2682.0,2740.0,1088.5,511.0,378.5,562.5,311.0,727.5,2340.5,3141.5,3047.0,3151.0,1390.5,602.5,628.0,704.5,620.5,994.0,2834.5,4161.5,3651.0,4363.0,1003.0,684.0,583.0,673.0,790.0,1024.0,1259.0,1284.5,1502.0,1463.0,1133.5,469.5,318.0,432.0,230.0,609.0,2399.0,3678.5,3496.0,3782.5,1239.5,555.5,432.5,587.5,340.0,799.5,2689.5,3780.0,3795.0,4013.0,1735.0,822.0,511.5,855.5,453.5,1354.0,3527.5,4518.0,4429.0,4930.5,1695.5,856.0,457.0,899.0,585.5,1508.0,3228.0,3680.0,3596.5,4016.5,1818.5,972.0,489.5,1004.5,850.0,1805.0,2954.5,3260.5,3462.0,3617.0,1874.5,967.0,450.5,930.5,915.5,1915.0,2745.5,3063.0,3187.5,3386.0,2075.5,1176.5,551.5,957.5,1040.5,1754.0,2352.5,2588.5,2814.0,2936.0,3370.0,2314.0,947.0,1301.0,1657.5,2266.0,2595.0,2828.0,2875.5,3148.0,3430.5,2287.0,829.5,1216.0,1588.5,2062.0,2509.0,2783.5,2996.0,3150.5,3463.5,2257.0,821.5,1170.5,1558.0,2078.5,2425.5,2661.5,2889.5,3025.5,339.5,233.5,467.0,570.5,641.5,881.5,941.5,1014.0,1102.5,1037.0,3156.5,2086.0,802.5,1100.5,1424.0,1826.5,2302.0,2501.0,2845.5,2821.0,2925.5,1921.5,990.0,1288.0,1677.5,2125.5,2454.0,2673.0,2914.0,3025.0,2884.5,1885.5,807.5,1159.0,1639.5,2042.0,2310.0,2491.5,2807.5,2855.0,3154.5,2105.5,909.0,1233.5,1746.0,2104.0,2274.5,2479.5,2715.0,2794.5,3085.0,2099.5,1506.0,1705.0,2099.5,2493.5,2580.5,2747.5,2642.0,3053.5,2201.5,1564.5,861.0,1092.0,1505.5,1766.0,1841.0,2014.0,2185.5,2188.5,0.0,0.0,0.0,0.0,0.0,0.0,0.0,0.0,0.0,0.0,1021.5,1106.0,11055.0,10638.0,10442.0,10582.0,10141.5,9851.5,10209.0,9437.0,272.0,195.0,1168.5,1322.5,1414.5,1880.0,1879.5,1792.5,1757.5,1771.5,1069.5,692.5,374.5,540.5,624.0,916.0,1073.5,1204.0,1336.0,1316.0,2497.0,1770.5,763.5,972.0,1106.0,1456.0,1726.0,1888.0,2056.0,2034.5,2144.0,1413.0,563.0,807.0,958.5,1311.0,1563.0,1700.0,1829.5,1915.5,3306.5,2587.0,873.5,1142.0,1387.5,1719.5,1870.5,2027.0,2256.5,2263.5,"{""type"":""MultiPoint"",""coordinates"":[]}"
1578,5,907.0,579.0,490.0,669.0,906.0,1131.0,1194.0,1318.0,1482.0,1441.0,4331.0,4143.0,1212.0,1646.0,2197.0,2500.0,2574.0,2722.0,2895.0,2953.0,2206.5,1467.5,592.0,835.0,1183.5,1378.5,1444.0,1596.0,1733.5,1778.5,2814.5,2172.5,790.0,1062.5,1379.0,1648.0,1752.0,1927.5,2083.0,2137.0,2919.0,2208.0,875.0,1193.0,1528.0,1780.0,1936.0,2101.0,2313.0,2312.0,10925.0,9286.0,8612.0,9496.0,9638.0,10344.0,9874.0,9818.0,10290.0,9910.0,0.0,0.0,0.0,0.0,0.0,0.0,0.0,0.0,0.0,0.0,4217.5,3603.0,1367.0,1826.0,2008.0,2563.0,3319.5,3681.0,3618.0,3923.0,4391.5,3459.0,1223.5,1739.5,1927.5,2437.0,3827.0,4347.0,4469.5,4661.5,2694.0,1558.5,588.0,893.5,717.5,1366.5,3324.0,3974.5,4015.5,4163.5,3193.0,1896.0,1575.0,1616.0,1229.5,1648.0,4480.5,5913.0,5674.0,6257.5,1925.0,1449.0,710.0,893.0,1183.0,1424.0,1494.0,1611.0,1802.0,1860.0,2176.0,1044.0,352.0,523.0,304.0,860.0,3598.0,5150.0,4905.0,5359.0,2265.0,964.5,426.0,573.5,351.0,813.5,3925.0,5479.0,5468.5,5820.0,1876.0,880.0,306.0,459.0,307.0,701.0,3150.0,4244.0,4255.0,4597.0,1940.5,834.5,305.0,523.5,292.0,806.0,3408.0,4603.0,4337.5,4781.5,2054.0,1047.0,302.0,617.0,399.0,980.0,3174.0,4022.0,4053.0,4346.0,2301.0,1295.0,361.0,767.0,591.0,1345.0,2833.0,3287.0,3401.0,3668.0,3265.0,2700.0,611.0,761.0,998.0,1222.0,1346.0,1501.0,1619.0,1739.0,3175.0,2693.0,917.5,1038.5,1214.0,1471.5,1595.0,1729.5,1957.0,1940.0,4601.0,4333.0,1145.0,1482.0,1844.0,2316.0,2443.0,2589.0,2715.0,2865.0,3816.0,3626.0,970.0,1332.0,1797.0,2050.0,2093.0,2270.0,2487.0,2521.0,4368.0,4061.0,3955.0,3912.0,4008.0,4151.0,4047.0,3893.0,4695.0,3907.0,3672.5,3367.0,950.0,1292.0,1775.0,2016.0,2137.5,2231.0,2523.0,2493.5,2481.0,1880.0,646.0,839.0,1235.0,1411.0,1513.0,1651.0,1898.0,1891.0,2587.0,1957.5,556.0,850.0,1228.5,1402.5,1542.0,1681.0,1926.5,1922.5,2640.0,2039.0,641.0,936.0,1241.0,1497.0,1623.5,1792.5,1955.0,1985.0,0.0,0.0,0.0,0.0,0.0,0.0,0.0,0.0,0.0,0.0,2715.0,2114.0,755.0,1018.0,1302.0,1579.0,1695.0,1877.0,2060.0,2057.0,0.0,0.0,0.0,0.0,0.0,0.0,0.0,0.0,0.0,0.0,1165.0,1280.0,10746.0,10398.0,10290.0,10421.0,10066.0,9707.0,10114.0,9332.0,220.5,150.5,633.0,749.0,913.0,991.5,823.5,893.0,961.5,767.5,1323.0,919.0,508.0,744.0,953.0,1163.0,1245.0,1409.0,1555.0,1499.0,3631.5,3083.5,2057.5,2241.0,2466.0,2758.5,2826.5,2923.0,3149.0,3079.5,1842.0,1247.0,628.0,925.0,1165.0,1426.0,1526.0,1657.0,1796.0,1762.0,2496.5,1824.5,827.5,1142.0,1430.0,1704.0,1831.5,1957.5,2141.5,2122.5,"{""type"":""MultiPoint"",""coordinates"":[]}"
1642,1,2296.5,1862.0,1115.5,1259.0,1517.5,1804.5,1930.0,2054.0,2151.0,2194.0,3318.0,2830.0,916.0,1258.0,1784.0,2145.0,2255.0,2403.0,2571.0,2631.0,0.0,0.0,0.0,0.0,0.0,0.0,0.0,0.0,0.0,0.0,2021.0,1466.5,771.0,974.5,891.5,1375.5,1733.0,1877.0,1916.0,2012.0,2792.0,1900.0,618.0,1100.0,1032.0,1772.0,2587.0,2786.0,2964.0,2947.0,0.0,0.0,0.0,0.0,0.0,0.0,0.0,0.0,0.0,0.0,3459.0,2844.0,4870.0,4087.0,3601.0,3772.0,3917.0,3947.0,4590.0,3895.0,0.0,0.0,0.0,0.0,0.0,0.0,0.0,0.0,0.0,0.0,1511.5,644.5,238.0,412.0,206.0,512.0,3122.5,5125.0,5234.0,5337.5,1171.0,1393.0,713.0,688.0,569.0,827.0,1694.0,2436.0,1636.0,2687.0,1500.0,587.0,758.0,781.0,472.0,717.0,3024.0,4581.0,4556.0,4728.0,2585.5,1971.0,651.5,951.0,1329.5,1647.0,1929.5,2102.5,2334.5,2275.5,1815.0,741.0,315.0,535.0,271.0,703.0,3468.0,5099.0,4987.0,5372.0,2045.0,1105.0,628.0,868.0,627.0,1212.0,2808.0,3520.0,3474.0,3832.0,2528.0,1508.0,504.0,796.0,855.0,1415.0,2291.0,2656.0,2750.0,3101.0,2364.0,1865.0,420.0,518.0,652.0,875.0,1056.0,1214.0,1265.0,1446.0,2530.0,1871.0,314.0,447.0,665.0,885.0,1063.0,1214.0,1281.0,1461.0,3366.5,2197.0,1151.5,1361.0,1758.5,2093.5,2363.5,2608.0,2817.5,2983.5,4280.0,3335.0,1381.0,1708.0,2156.5,2639.5,2972.0,3219.5,2994.5,3531.5,0.0,0.0,0.0,0.0,0.0,0.0,0.0,0.0,0.0,0.0,3904.0,2698.0,1299.0,1450.0,1541.0,1939.0,2472.0,2642.0,3054.0,2947.0,3195.0,2036.5,631.0,958.5,1067.0,1567.0,2392.0,2635.0,2848.5,2895.5,2810.5,2311.5,1855.5,1968.0,2229.5,2419.5,2467.5,2581.5,2788.5,2686.0,3252.0,2012.5,603.5,1010.5,1006.5,1639.5,2794.0,3087.5,3339.5,3386.0,0.0,0.0,0.0,0.0,0.0,0.0,0.0,0.0,0.0,0.0,3159.0,2017.0,638.0,957.0,1286.0,1723.0,2313.0,2570.0,2947.0,2931.0,3276.0,2146.0,698.0,1003.0,1340.0,1818.0,2340.0,2550.0,2849.0,2836.0,0.0,0.0,0.0,0.0,0.0,0.0,0.0,0.0,0.0,0.0,0.0,0.0,0.0,0.0,0.0,0.0,0.0,0.0,0.0,0.0,0.0,0.0,0.0,0.0,0.0,0.0,0.0,0.0,0.0,0.0,0.0,0.0,0.0,0.0,0.0,0.0,0.0,0.0,0.0,0.0,249.0,203.0,7584.0,7626.0,7738.0,7967.0,7567.0,7216.0,7496.0,6858.0,2877.0,2237.0,866.5,1211.0,1653.0,1985.5,2177.5,2338.5,2513.0,2535.5,0.0,0.0,0.0,0.0,0.0,0.0,0.0,0.0,0.0,0.0,2660.5,1988.5,717.0,1054.0,1513.0,1801.0,2009.5,2169.5,2353.0,2352.5,2683.5,2085.5,734.5,1042.0,1472.0,1733.5,1916.5,2040.0,2212.5,2250.0,"{""type"":""MultiPoint"",""coordinates"":[]}"
1647,5,2279.5,1607.0,588.0,811.5,1109.5,1341.0,1484.0,1626.0,1840.0,1894.0,4509.0,4368.0,1349.0,1743.0,2266.0,2491.0,2654.0,2806.0,3017.0,3104.0,2535.0,1858.5,721.5,908.0,1184.5,1390.5,1491.0,1628.5,1781.5,1866.0,2939.0,2045.0,1392.0,1532.0,1704.0,1987.0,2075.0,2231.0,2187.0,2450.0,3945.0,3382.0,1389.0,1768.0,2210.0,2512.0,2638.0,2795.0,3027.0,3069.0,3468.0,3325.0,1188.0,1393.0,1826.0,2150.0,2435.0,2644.0,2087.0,2906.0,3107.0,2303.0,953.0,1198.0,1491.0,1768.0,1948.0,2213.0,2219.0,2386.0,4121.5,3449.5,1422.5,1872.0,2205.0,2580.0,2924.0,3206.0,3328.0,3401.5,5107.0,4418.0,1658.0,2205.0,2474.5,3157.0,4241.0,4606.0,4695.0,4891.0,4058.0,3050.0,987.0,1344.0,1380.0,1978.0,3758.0,4485.0,4449.0,4742.0,3020.5,1735.5,493.0,764.5,534.0,1218.5,4297.0,5229.0,5194.0,5428.5,2688.0,2079.0,675.0,895.0,1218.0,1440.0,1570.0,1703.0,1933.0,1929.0,2771.0,1329.0,456.0,640.5,368.5,919.5,3876.5,5069.5,5113.5,5386.5,2333.5,1224.0,676.0,824.0,566.5,1083.0,3999.0,5308.0,5479.5,5483.5,2156.0,929.0,326.0,495.0,259.0,735.0,3836.0,5360.0,5216.0,5650.0,2273.0,944.0,312.0,472.0,249.0,720.0,3762.0,5224.0,5113.0,5439.0,1891.0,835.0,239.0,507.0,251.0,811.0,3400.0,4414.0,4491.0,4739.0,1692.0,751.0,327.0,654.0,348.0,1190.0,3483.0,4027.0,4183.0,4309.0,2411.5,1484.0,442.5,770.5,828.5,1385.5,2015.5,2256.5,2422.5,2560.5,2776.0,2033.0,535.0,713.0,878.0,1131.0,1344.0,1438.0,1527.0,1719.0,2945.0,2157.0,557.0,698.0,894.0,1131.0,1297.0,1454.0,1542.0,1719.0,3140.0,2263.0,779.0,958.0,1295.0,1500.0,1632.0,1821.0,1959.0,2039.0,3590.0,3208.5,2266.5,2341.5,2531.0,2740.0,2846.0,2960.0,3227.0,3086.5,3555.5,2667.5,911.5,1114.5,1392.5,1646.0,1797.0,1922.5,2126.0,2164.5,5886.5,5740.0,4797.0,4825.0,5116.0,5540.0,5565.5,5632.5,5340.5,5745.0,3123.5,2182.0,758.0,988.0,1228.5,1531.0,1796.5,1964.0,2186.5,2205.0,2695.0,2011.0,620.5,843.0,1094.0,1346.0,1508.5,1653.0,1791.0,1869.0,0.0,0.0,0.0,0.0,0.0,0.0,0.0,0.0,0.0,0.0,1999.0,1504.0,452.0,571.0,820.0,977.0,1091.0,1243.0,1380.0,1416.0,0.0,0.0,0.0,0.0,0.0,0.0,0.0,0.0,0.0,0.0,890.0,995.0,10750.0,10438.0,10356.0,10437.0,10077.0,9716.0,10164.0,9338.0,305.0,234.0,7018.0,6986.0,7208.0,7536.0,7192.0,6956.0,6993.0,6578.0,2699.0,1977.0,725.0,981.0,1229.0,1507.0,1713.0,1842.0,2080.0,2083.0,3211.0,2413.0,953.0,1231.0,1464.0,1863.0,2198.0,2384.0,2547.0,2669.0,2667.0,1893.0,758.0,1043.0,1281.0,1609.0,2042.0,2209.0,2380.0,2390.0,2791.0,1996.0,811.0,1126.0,1344.0,1780.0,2131.0,2327.0,2507.0,2553.0,"{""type"":""MultiPoint"",""coordinates"":[]}"
1652,5,217.0,125.0,1476.0,1835.0,2209.0,2463.0,2114.0,2167.0,2171.0,1887.0,3351.0,2602.0,1070.0,1382.0,1711.0,2003.0,2065.0,2242.0,2271.0,2459.0,1853.0,1161.0,738.0,977.0,1230.0,1484.0,1554.5,1679.0,1819.0,1849.5,1993.0,1325.0,869.0,1132.0,1373.0,1661.0,1784.0,1885.0,2048.0,2068.0,4587.0,4098.0,1641.0,2068.0,2506.0,2817.0,3098.0,3149.0,3460.0,3512.0,5553.0,5421.0,5836.0,5806.0,5694.0,6293.0,6030.0,5938.0,6017.0,5985.0,0.0,0.0,0.0,0.0,0.0,0.0,0.0,0.0,0.0,0.0,5294.5,4804.0,2062.0,2498.0,2914.0,3351.5,3635.5,3853.5,4029.0,4057.5,4742.0,4111.0,1677.0,2186.0,2460.0,3024.0,3602.0,3790.0,4005.0,4021.0,4228.0,3456.0,1186.0,1539.0,1701.0,2267.0,3246.0,3659.0,3699.0,3914.0,3170.0,2090.0,795.0,1109.0,1054.0,1603.0,2854.0,3240.0,3184.0,3560.0,261.0,186.0,1351.0,1740.0,2043.0,2158.0,1687.0,1636.0,1541.0,1245.0,3280.5,2208.5,737.0,1076.0,1067.5,1609.0,3271.0,3878.0,3843.0,4245.0,3012.0,2175.0,795.0,1038.0,1100.0,1581.0,2794.0,3375.0,3409.0,3723.0,3211.0,2162.5,1406.5,1595.5,1606.0,2095.5,3193.5,3794.0,3813.0,4148.0,2821.0,2059.0,623.0,844.0,928.0,1335.0,2268.0,2727.0,2688.0,3037.0,2759.0,1878.0,496.0,747.0,865.0,1346.0,2155.0,2489.0,2552.0,2882.0,2726.5,1924.5,531.0,774.5,869.0,1325.0,2042.0,2356.0,2385.5,2696.0,2638.0,2022.0,580.0,819.0,1038.0,1400.0,1738.0,1918.0,2085.0,2198.0,2553.5,1909.5,524.5,673.5,786.5,1083.5,1405.5,1566.5,1628.0,1754.0,2838.0,2152.5,543.5,728.5,901.0,1217.5,1514.5,1642.5,1774.5,1885.5,2963.0,2308.5,552.0,730.5,960.0,1256.0,1509.0,1679.5,1813.0,1969.5,2529.0,2023.0,2072.0,2284.0,2526.0,2684.0,2478.0,2511.0,2711.0,2485.0,2831.0,2130.0,584.0,724.5,999.5,1257.0,1442.5,1598.0,1846.0,1869.5,2361.0,1607.0,561.0,701.0,1067.0,1263.0,1361.0,1524.0,1777.0,1777.0,396.0,256.0,401.5,629.5,856.0,977.0,738.0,793.0,796.5,696.5,362.0,252.0,318.0,503.0,664.5,823.5,588.0,663.0,637.0,552.0,0.0,0.0,0.0,0.0,0.0,0.0,0.0,0.0,0.0,0.0,558.5,425.0,542.0,638.0,728.5,856.5,756.5,784.5,824.5,785.5,0.0,0.0,0.0,0.0,0.0,0.0,0.0,0.0,0.0,0.0,1138.0,1228.0,10840.0,10468.0,10346.0,10467.0,10122.0,9712.0,10146.0,9341.0,768.0,530.5,2566.5,2630.5,2756.5,3254.0,2785.0,2903.0,2880.0,2784.5,2109.0,1432.5,591.0,822.0,1116.5,1296.0,1343.0,1458.0,1603.5,1644.0,2558.0,1816.0,912.0,1132.0,1396.0,1626.0,1708.0,1844.0,1991.0,2026.0,2126.0,1451.0,742.0,999.0,1274.0,1484.0,1541.0,1648.0,1772.0,1833.0,3459.0,2795.0,1124.0,1449.0,1790.0,2037.0,2143.0,2219.0,2411.0,2464.0,"{""type"":""MultiPoint"",""coordinates"":[]}"
1667,5,1672.0,1024.0,553.0,687.0,881.0,1039.0,1134.0,1248.0,1457.0,1426.0,3774.0,3264.0,1163.5,1485.5,1839.5,2106.0,2276.0,2411.5,2624.0,2625.0,1929.5,1129.5,655.5,835.5,959.0,1280.0,1517.5,1607.0,1739.5,1771.0,2019.0,1168.0,701.0,935.0,1096.0,1447.0,1703.0,1806.0,1948.0,1977.0,0.0,0.0,0.0,0.0,0.0,0.0,0.0,0.0,0.0,0.0,3805.0,3325.0,1298.0,1607.0,2000.0,2203.0,2302.0,2452.0,2552.0,2625.0,0.0,0.0,0.0,0.0,0.0,0.0,0.0,0.0,0.0,0.0,3280.0,2747.0,997.0,1342.0,1571.0,1898.0,2236.0,2383.0,2521.0,2549.0,3452.0,2648.0,1054.0,1424.0,1611.0,2044.0,2712.0,2915.0,2917.0,3097.0,3175.0,2483.0,779.0,1105.0,1280.0,1655.0,2403.0,2647.0,2771.0,2843.0,0.0,0.0,0.0,0.0,0.0,0.0,0.0,0.0,0.0,0.0,2641.0,2100.0,731.0,890.0,1154.0,1342.0,1418.0,1501.0,1739.0,1655.0,2940.0,1715.0,660.0,859.0,696.0,1201.0,3519.0,4547.0,4574.0,4687.0,2330.0,1395.0,587.0,737.0,617.0,972.0,3038.0,4030.0,4117.0,4188.0,0.0,0.0,0.0,0.0,0.0,0.0,0.0,0.0,0.0,0.0,1904.0,837.0,346.0,469.0,266.0,708.0,3051.0,4056.0,3950.0,4202.0,1835.5,844.5,267.5,460.5,242.5,722.5,3076.0,3925.0,4144.0,4201.0,0.0,0.0,0.0,0.0,0.0,0.0,0.0,0.0,0.0,0.0,2162.5,1209.5,356.0,731.5,553.5,1320.0,2555.0,2879.0,3166.5,3251.0,2132.0,1413.0,519.0,652.0,730.0,957.0,1177.0,1259.0,1381.0,1466.0,2563.5,1900.5,474.0,604.5,766.5,954.5,1105.0,1241.0,1438.0,1496.0,2732.0,1991.0,1002.5,1076.5,1101.5,1250.0,1356.0,1476.0,2082.0,1710.0,0.0,0.0,0.0,0.0,0.0,0.0,0.0,0.0,0.0,0.0,3239.0,2406.0,783.0,983.0,1269.0,1448.0,1509.0,1636.0,1881.0,1841.0,1445.0,785.0,726.0,760.0,902.0,1026.0,1121.0,1234.0,1384.0,1424.0,1313.0,790.0,382.0,564.0,730.0,880.0,959.0,1058.0,1202.0,1212.0,1825.0,1166.0,536.0,730.0,905.0,1066.0,1187.0,1305.0,1455.0,1447.0,0.0,0.0,0.0,0.0,0.0,0.0,0.0,0.0,0.0,0.0,1565.0,985.0,597.0,684.0,837.0,1038.0,1167.0,1285.0,1423.0,1413.0,0.0,0.0,0.0,0.0,0.0,0.0,0.0,0.0,0.0,0.0,964.0,1052.0,10788.0,10465.0,10340.0,10467.0,10157.0,9786.0,10198.0,9393.0,2159.0,1509.0,1386.0,1428.0,1542.0,1772.0,1816.0,1967.0,2108.0,2097.0,2323.0,1600.0,621.0,840.0,1059.0,1317.0,1411.0,1538.0,1752.0,1720.0,2425.0,1743.0,747.0,970.0,1130.0,1384.0,1503.0,1616.0,1813.0,1804.0,23.0,24.0,840.0,1279.0,1535.0,1517.0,736.0,691.0,572.0,360.0,2793.0,2267.0,1365.0,1463.0,1595.0,1856.0,1931.0,1994.5,2361.5,2082.0,"{""type"":""MultiPoint"",""coordinates"":[]}"
1672,5,1256.0,839.5,447.0,549.5,723.0,887.5,943.5,1012.5,1122.0,1118.5,3183.5,2997.5,1046.5,1289.5,1612.5,1779.5,1850.0,1948.0,2102.5,2096.5,1633.5,1118.5,581.5,678.0,861.0,972.0,1007.0,1083.5,1174.0,1219.5,0.0,0.0,0.0,0.0,0.0,0.0,0.0,0.0,0.0,0.0,0.0,0.0,0.0,0.0,0.0,0.0,0.0,0.0,0.0,0.0,3002.5,2545.5,909.0,1144.0,1318.5,1600.0,1931.5,2092.5,2182.0,2258.0,0.0,0.0,0.0,0.0,0.0,0.0,0.0,0.0,0.0,0.0,0.0,0.0,0.0,0.0,0.0,0.0,0.0,0.0,0.0,0.0,0.0,0.0,0.0,0.0,0.0,0.0,0.0,0.0,0.0,0.0,2326.5,1320.0,370.5,597.5,388.0,899.5,2901.5,3744.0,3796.0,3958.5,0.0,0.0,0.0,0.0,0.0,0.0,0.0,0.0,0.0,0.0,1872.5,1615.0,598.5,717.5,944.0,1071.5,1111.5,1198.0,1313.5,1331.5,2528.0,1082.0,296.0,449.5,211.5,695.5,4097.0,6117.0,5941.0,6446.5,2185.5,943.5,417.5,518.0,303.5,709.0,3807.5,5486.5,5575.0,5707.0,0.0,0.0,0.0,0.0,0.0,0.0,0.0,0.0,0.0,0.0,2109.5,870.5,317.0,496.5,269.5,802.5,3717.5,5127.5,5040.5,5471.5,1945.0,850.0,275.5,502.5,264.0,888.0,3420.5,4506.5,4730.5,4882.5,0.0,0.0,0.0,0.0,0.0,0.0,0.0,0.0,0.0,0.0,2745.5,1903.0,1069.0,1229.5,1291.5,1734.0,2172.0,2353.0,2657.0,2651.0,2916.5,2293.0,1505.5,1489.0,1741.5,2072.0,2139.5,2172.5,2005.0,2270.5,2281.5,1861.0,429.0,571.5,777.0,969.5,1103.0,1240.5,1361.0,1438.0,2010.0,1949.0,485.0,594.0,777.0,877.0,933.5,1009.5,1087.5,1137.5,0.0,0.0,0.0,0.0,0.0,0.0,0.0,0.0,0.0,0.0,2038.5,1845.5,531.5,662.0,858.5,973.5,1033.5,1064.5,1157.5,1210.5,0.0,0.0,0.0,0.0,0.0,0.0,0.0,0.0,0.0,0.0,1167.5,793.5,224.0,331.5,486.0,557.5,605.5,681.5,746.0,786.0,1484.5,1085.0,310.5,456.5,611.5,728.0,745.0,843.5,911.0,954.0,2007.5,1465.5,3414.5,2899.5,2729.5,2728.0,2626.0,2630.0,2815.5,2677.5,1451.5,1072.5,383.0,447.5,595.0,689.5,728.0,789.0,903.0,928.5,0.0,0.0,0.0,0.0,0.0,0.0,0.0,0.0,0.0,0.0,977.0,1060.5,11095.0,10638.5,10482.0,10566.5,10209.0,9879.5,10293.0,9479.0,839.5,645.5,636.5,547.5,565.0,684.5,787.5,855.5,711.5,957.0,2483.5,2129.0,1342.0,1508.5,1560.5,1658.0,1655.5,1762.5,2044.5,1963.5,1849.0,1336.5,609.0,768.0,979.0,1096.0,1140.5,1246.0,1336.0,1359.5,1428.5,937.0,512.0,653.0,861.0,995.5,1031.0,1092.0,1225.0,1229.0,3320.5,3144.0,1134.5,1393.0,1715.5,1884.5,1917.0,2048.0,2152.0,2181.5,"{""type"":""MultiPoint"",""coordinates"":[]}"
1690,5,1209.5,769.5,332.0,442.5,602.0,742.0,806.0,895.5,993.5,1011.0,3199.0,2760.5,906.5,1169.5,1507.0,1696.0,1789.0,1896.5,2040.0,2086.5,1759.0,1132.0,639.0,742.5,929.0,1089.0,1169.5,1287.0,1425.0,1480.0,2301.0,1465.0,851.0,1009.0,1225.5,1442.0,1551.0,1709.5,1867.5,1899.5,3749.0,3132.5,1070.0,1405.0,1735.5,2032.5,2214.0,2385.0,2445.5,2629.5,3018.0,2377.5,836.0,1080.0,1289.0,1587.5,1883.0,2055.0,2140.0,2257.5,0.0,0.0,0.0,0.0,0.0,0.0,0.0,0.0,0.0,0.0,3086.5,2250.5,709.0,988.0,1001.5,1449.5,2660.5,3092.0,3224.0,3250.0,0.0,0.0,0.0,0.0,0.0,0.0,0.0,0.0,0.0,0.0,1611.5,897.5,624.0,719.0,515.5,976.0,2316.5,2760.0,2666.5,2946.5,2257.5,997.5,314.5,560.5,302.0,864.0,3497.0,4620.5,4618.5,4799.0,1968.5,1610.0,495.0,648.5,863.0,997.5,1094.5,1189.0,1315.5,1321.0,2358.5,967.0,393.5,525.0,298.0,757.0,3879.0,5682.5,5569.5,6041.5,2122.0,904.5,339.0,504.0,276.0,717.0,3739.0,5270.5,5294.5,5419.5,0.0,0.0,0.0,0.0,0.0,0.0,0.0,0.0,0.0,0.0,2137.0,882.5,332.5,547.5,279.5,833.5,3698.5,4951.5,4844.0,5272.0,1864.5,787.5,256.0,503.5,255.0,876.0,3338.5,4272.0,4521.5,4582.0,0.0,0.0,0.0,0.0,0.0,0.0,0.0,0.0,0.0,0.0,2900.5,2252.0,526.5,645.0,885.0,1105.5,1224.5,1415.0,1617.5,1736.5,0.0,0.0,0.0,0.0,0.0,0.0,0.0,0.0,0.0,0.0,2543.5,2062.0,562.0,743.0,931.0,1138.5,1371.5,1511.5,1646.0,1675.5,1382.5,968.5,471.0,526.0,640.0,738.5,806.5,885.0,993.5,958.0,0.0,0.0,0.0,0.0,0.0,0.0,0.0,0.0,0.0,0.0,2742.0,2265.0,699.5,875.5,1142.0,1310.5,1362.5,1459.5,1616.0,1641.0,3957.5,3164.5,1757.0,1839.0,2060.0,2375.5,2465.5,2560.5,2624.0,2831.5,1433.5,872.5,211.0,319.0,525.0,617.5,701.0,784.5,902.5,927.5,1896.0,1301.0,349.0,487.0,734.5,839.5,912.5,1027.5,1185.5,1223.0,0.0,0.0,0.0,0.0,0.0,0.0,0.0,0.0,0.0,0.0,1983.0,1399.5,426.0,538.5,750.0,847.5,951.0,1075.5,1213.0,1247.5,0.0,0.0,0.0,0.0,0.0,0.0,0.0,0.0,0.0,0.0,942.5,1058.0,10152.0,9991.5,10100.0,10289.0,9975.0,9644.0,10011.5,9338.0,0.0,0.0,0.0,0.0,0.0,0.0,0.0,0.0,0.0,0.0,2014.0,1366.0,508.5,684.0,915.0,1088.5,1229.0,1342.5,1504.5,1509.0,1886.0,1182.5,541.5,718.0,910.0,1121.0,1301.5,1387.5,1550.0,1560.0,1679.5,1073.5,527.5,708.0,955.5,1171.5,1300.5,1406.0,1578.5,1601.5,3433.5,2931.0,1486.5,1677.5,1922.5,2219.0,2333.5,2474.0,2680.0,2634.5,"{""type"":""MultiPoint"",""coordinates"":[]}"
1707,5,1787.0,1228.0,397.0,616.0,821.0,1175.0,1585.0,1780.0,1941.0,1955.0,4354.0,3812.0,1074.0,1430.0,1920.0,2366.0,2478.0,2650.0,2726.0,2943.0,0.0,0.0,0.0,0.0,0.0,0.0,0.0,0.0,0.0,0.0,4408.0,3950.0,1196.0,1576.0,2026.0,2492.0,2702.0,2899.0,3014.0,3177.0,3299.0,2595.0,802.0,1108.0,1411.0,1819.0,2046.0,2201.0,2375.0,2453.0,0.0,0.0,0.0,0.0,0.0,0.0,0.0,0.0,0.0,0.0,3071.0,2120.0,997.0,1204.0,1480.0,1868.0,2252.0,2458.0,2413.0,2694.0,4809.0,4194.0,5075.0,4783.0,4508.0,4956.0,5102.0,5294.0,5201.0,5267.0,4787.0,4078.0,1216.0,1700.0,2031.0,2646.0,3545.0,3857.0,4061.0,4157.0,566.0,312.0,396.0,434.0,317.0,477.0,997.0,1212.0,1064.0,1150.0,2774.0,1332.0,459.0,712.0,441.0,1080.0,4138.0,5090.0,4923.0,5324.0,2532.0,2010.0,570.0,813.5,1077.5,1462.5,1861.0,2042.5,2239.5,2221.5,2602.0,1144.0,391.5,625.0,317.5,914.0,4453.0,6090.5,5873.0,6417.5,0.0,0.0,0.0,0.0,0.0,0.0,0.0,0.0,0.0,0.0,2351.0,1011.0,578.0,711.0,447.5,934.0,4290.5,5953.5,5753.5,6280.0,1916.0,810.0,268.5,437.0,255.0,712.5,3326.5,4619.5,4463.0,4934.5,1702.0,816.0,188.0,397.0,260.0,691.0,2802.0,3624.0,3605.0,3860.0,2298.0,1640.0,1280.0,1358.0,1123.0,1607.0,2780.0,3226.0,3378.0,3521.0,2807.5,1979.0,443.5,708.5,845.0,1314.0,1673.5,1883.5,2009.5,2238.0,0.0,0.0,0.0,0.0,0.0,0.0,0.0,0.0,0.0,0.0,3785.0,2800.0,786.0,1078.0,1480.0,1755.0,1882.0,2065.0,2179.0,2364.0,3732.5,2885.0,831.5,1069.5,1441.0,1710.0,1858.0,2025.5,2167.5,2303.5,4048.0,3668.0,3224.5,3277.5,3454.0,3698.5,3743.5,3822.0,3899.0,3874.0,2633.5,2029.5,589.5,819.5,1173.5,1383.5,1510.0,1661.5,1774.5,1900.5,2705.0,2160.0,589.0,839.0,1175.0,1423.0,1532.0,1692.0,1832.0,1910.0,3578.0,2905.5,955.5,1261.5,1669.5,2033.5,2219.5,2424.0,2584.5,2666.0,3033.0,2469.0,669.0,1003.0,1304.0,1658.0,1868.0,2029.0,2164.0,2226.0,0.0,0.0,0.0,0.0,0.0,0.0,0.0,0.0,0.0,0.0,0.0,0.0,0.0,0.0,0.0,0.0,0.0,0.0,0.0,0.0,0.0,0.0,0.0,0.0,0.0,0.0,0.0,0.0,0.0,0.0,0.0,0.0,0.0,0.0,0.0,0.0,0.0,0.0,0.0,0.0,515.0,356.0,6274.0,6400.0,6432.0,6654.0,6634.0,6457.0,6745.0,6141.0,2840.0,2271.5,899.0,1077.5,1293.5,1744.0,2302.0,2548.0,2611.0,2797.5,0.0,0.0,0.0,0.0,0.0,0.0,0.0,0.0,0.0,0.0,2597.0,1886.5,623.5,925.0,1182.0,1616.0,1865.0,2049.5,2265.5,2319.5,2853.5,2378.0,684.0,925.5,1299.5,1547.5,1699.5,1849.5,1932.0,2126.0,"{""type"":""MultiPoint"",""coordinates"":[]}"
1716,5,1666.5,1169.0,419.0,558.5,788.0,878.0,955.5,1010.5,1234.5,1210.5,3889.0,3655.5,1199.5,1538.5,1919.5,2130.0,2210.5,2335.0,2502.0,2546.0,2001.0,1410.0,591.0,733.5,930.0,1054.5,1123.5,1204.5,1311.5,1344.5,2275.0,1586.0,790.0,964.5,1189.5,1347.0,1418.0,1540.5,1707.0,1712.0,0.0,0.0,0.0,0.0,0.0,0.0,0.0,0.0,0.0,0.0,2680.0,2219.5,880.5,1094.0,1324.5,1454.5,1477.5,1581.0,1769.5,1717.0,0.0,0.0,0.0,0.0,0.0,0.0,0.0,0.0,0.0,0.0,0.0,0.0,0.0,0.0,0.0,0.0,0.0,0.0,0.0,0.0,0.0,0.0,0.0,0.0,0.0,0.0,0.0,0.0,0.0,0.0,3144.5,2522.5,752.5,1078.5,1096.0,1568.5,2521.5,2839.0,2884.0,2954.5,0.0,0.0,0.0,0.0,0.0,0.0,0.0,0.0,0.0,0.0,2281.0,1952.5,564.5,731.5,985.5,1110.0,1196.5,1291.5,1442.5,1450.0,2897.5,1784.5,458.5,704.0,540.5,1062.0,3490.0,4468.5,4341.0,4660.5,2153.0,1064.5,470.0,631.0,381.0,837.5,3770.0,5019.0,4974.0,5083.5,0.0,0.0,0.0,0.0,0.0,0.0,0.0,0.0,0.0,0.0,2266.5,1033.0,305.0,479.5,262.0,714.0,3903.5,5358.5,5141.0,5518.5,2017.5,872.0,243.0,450.0,215.0,731.0,3720.5,4848.5,4962.0,5096.0,0.0,0.0,0.0,0.0,0.0,0.0,0.0,0.0,0.0,0.0,2315.0,1343.0,453.0,952.0,761.0,1764.5,3208.0,3594.0,3835.0,3988.5,3352.5,2761.5,1298.0,1472.5,1800.0,2228.0,2430.5,2546.0,2057.5,2740.0,3804.5,2949.5,931.0,1200.5,1666.0,1902.5,2007.5,2154.0,2388.5,2438.5,3844.0,3122.5,1028.0,1260.5,1663.5,1881.0,1966.0,2100.5,2286.5,2361.0,0.0,0.0,0.0,0.0,0.0,0.0,0.0,0.0,0.0,0.0,3702.0,2921.0,1007.0,1217.0,1548.5,1755.5,1856.5,1959.5,2162.0,2255.5,0.0,0.0,0.0,0.0,0.0,0.0,0.0,0.0,0.0,0.0,1386.0,888.5,275.0,410.5,574.5,685.5,747.0,811.0,898.0,909.5,2409.0,1955.5,579.0,761.5,1004.0,1126.5,1194.5,1331.0,1391.0,1484.0,0.0,0.0,0.0,0.0,0.0,0.0,0.0,0.0,0.0,0.0,1682.5,1217.5,423.0,528.0,678.5,763.0,845.5,915.5,1058.5,1056.5,0.0,0.0,0.0,0.0,0.0,0.0,0.0,0.0,0.0,0.0,951.0,1022.0,10961.5,10627.0,10505.0,10609.5,10288.0,9896.0,10336.5,9497.5,3267.5,3016.5,2832.5,2677.0,2758.0,2989.5,3138.0,3271.0,2955.0,3384.0,2584.5,2066.5,609.0,785.5,1071.0,1216.5,1323.0,1426.0,1598.0,1570.5,3170.5,2732.5,840.0,1096.5,1415.5,1609.0,1724.0,1856.5,2049.5,2055.0,2152.0,1531.0,530.5,706.0,951.0,1102.5,1183.5,1300.0,1441.5,1473.0,3100.0,2618.0,986.0,1201.0,1475.0,1675.0,1728.0,1841.0,1951.0,2007.5,"{""type"":""MultiPoint"",""coordinates"":[]}"
1730,5,1905.0,1194.0,686.0,774.0,1026.0,1261.0,1389.0,1540.0,1696.0,1732.0,3420.0,2612.5,1009.0,1287.5,1562.0,1937.0,2190.5,2338.5,2494.5,2566.0,2680.0,1904.0,851.0,1084.0,1468.0,1707.0,1834.0,2006.0,2190.0,2205.0,2703.0,1915.0,934.0,1191.0,1482.0,1786.0,1847.0,1990.0,2185.0,2195.0,3139.5,2349.5,865.0,1178.0,1613.0,1864.5,1986.5,2159.5,2327.0,2420.0,5896.0,5835.0,1797.0,2294.0,2965.0,3411.0,3476.0,3727.0,3814.0,4011.0,3737.0,2542.0,1155.0,1436.0,1770.0,2262.0,2436.0,2679.0,2740.0,3001.0,6484.0,5671.0,1670.0,2222.0,2577.0,3382.0,4209.0,4707.0,4838.0,5214.0,5436.0,4624.5,1449.0,2048.5,2375.5,3066.5,3986.0,4399.5,4550.5,4787.5,4803.0,3886.0,1233.0,1667.0,1870.0,2495.0,3973.0,4663.0,4690.0,5054.0,3164.0,1649.0,853.0,1127.0,890.0,1640.0,3589.0,4313.0,4247.0,4689.0,2844.0,1891.0,674.0,891.0,1247.0,1468.0,1649.0,1798.0,1971.0,2037.0,2499.0,1167.0,329.0,532.0,279.0,822.0,3764.0,5070.0,4963.0,5312.0,2498.5,1107.0,466.5,620.0,326.0,830.5,4196.0,5863.5,5845.0,6119.5,2331.0,1077.5,395.5,642.5,501.0,990.5,3904.0,5450.5,5353.0,5673.0,1082.0,432.0,290.0,347.0,211.0,499.0,2320.0,3232.0,2993.0,3379.0,2025.5,885.5,328.0,544.5,298.0,864.0,3501.5,4578.0,4695.5,4845.0,2072.5,908.0,366.0,657.5,373.5,1135.0,3482.5,4303.0,4377.0,4718.5,2060.5,1092.0,388.0,740.0,502.5,1408.5,2593.0,2994.5,3170.5,3466.5,2750.0,1953.0,537.0,675.0,877.0,1094.0,1224.0,1343.0,1452.0,1591.0,3271.0,2332.5,993.5,1061.0,1291.0,1539.5,1642.5,1792.5,1973.5,2072.0,3867.0,2766.0,1027.0,1306.0,1748.0,2052.0,2182.0,2320.0,2455.0,2598.0,1226.0,838.0,596.0,645.0,736.0,833.0,922.0,982.0,1120.0,1079.0,3616.5,2567.0,1073.5,1321.0,1623.0,1978.5,2193.0,2376.0,2536.5,2612.5,2247.5,1497.0,753.0,931.0,1107.0,1451.5,1773.5,1912.5,2038.5,2110.0,2950.5,1897.0,799.0,1104.5,1286.5,1766.5,2357.5,2511.5,2791.0,2772.5,3179.5,2085.0,869.0,1204.5,1321.0,1887.0,2544.5,2740.5,2929.5,2969.5,2816.0,1863.0,3218.0,3140.0,2861.0,3009.0,2770.0,2719.0,3672.0,2599.0,2303.0,1382.0,635.0,955.0,923.0,1554.0,2531.0,2777.0,3024.0,2955.0,0.0,0.0,0.0,0.0,0.0,0.0,0.0,0.0,0.0,0.0,927.0,801.0,6041.0,5979.0,6184.0,6426.0,6411.0,6115.0,6337.0,6113.0,1322.0,881.0,1038.0,1311.0,1621.0,1795.0,1994.0,2077.0,2278.0,2229.0,2592.0,1804.5,665.5,884.5,1117.0,1370.5,1560.0,1711.0,1894.5,1894.0,3016.5,2109.5,884.5,1101.0,1299.5,1594.0,1875.5,2020.5,2229.5,2225.5,2464.0,1676.0,643.0,880.0,1055.0,1410.0,1722.0,1878.0,2062.0,2118.0,2635.0,1676.0,738.0,998.0,1157.0,1551.0,1896.0,2014.0,2182.0,2223.0,"{""type"":""MultiPoint"",""coordinates"":[]}"
1733,2,2209.0,1353.0,354.0,529.0,631.0,1026.0,1528.0,1751.0,2115.0,2129.0,3537.0,2405.0,846.0,1163.0,1533.0,1999.0,2254.0,2502.0,2808.0,2915.0,2778.0,1867.0,791.0,1043.0,1400.5,1739.0,1895.5,2110.0,2366.0,2487.0,3018.0,2134.0,799.0,1016.0,1397.0,1708.0,1864.0,2050.0,2315.0,2507.0,0.0,0.0,0.0,0.0,0.0,0.0,0.0,0.0,0.0,0.0,4605.0,3296.0,1497.0,1723.0,2103.0,2519.0,2801.0,3025.0,3394.0,3431.0,0.0,0.0,0.0,0.0,0.0,0.0,0.0,0.0,0.0,0.0,0.0,0.0,0.0,0.0,0.0,0.0,0.0,0.0,0.0,0.0,5205.0,4150.0,1408.0,1749.0,2123.0,2535.0,2823.0,3118.0,3218.0,3521.0,5039.5,3955.0,1250.5,1544.5,1812.0,2268.5,2757.0,3061.5,3190.5,3503.5,3974.0,2659.0,745.0,1074.0,965.0,1684.0,2853.0,3303.0,3372.0,3628.0,2647.0,1741.0,521.0,688.0,820.0,1205.0,1704.0,1934.0,2285.0,2309.0,3222.0,1956.0,672.0,936.0,773.0,1437.0,3361.0,4060.0,3960.0,4261.0,2819.0,1531.0,615.0,861.0,607.0,1237.0,3939.0,4771.0,4836.0,5004.0,2735.0,1231.0,677.0,923.0,524.0,1341.0,4865.0,6057.0,5996.0,6536.0,2358.5,984.5,428.5,685.5,400.5,1079.0,4251.0,5332.0,5136.0,5533.0,2129.0,871.0,463.5,678.0,419.0,1063.0,3810.5,4671.5,4898.5,4995.5,0.0,0.0,0.0,0.0,0.0,0.0,0.0,0.0,0.0,0.0,1983.0,862.5,330.5,519.5,350.0,1119.5,3408.0,4025.0,4311.5,4358.0,2201.0,983.0,586.0,684.0,561.0,1256.0,3007.0,3522.0,3613.0,3951.0,1997.0,976.5,349.0,508.0,436.5,1065.0,2638.5,3084.0,3451.5,3510.0,2573.0,1541.0,619.0,733.0,797.0,1363.0,2121.0,2486.0,2867.0,2966.0,0.0,0.0,0.0,0.0,0.0,0.0,0.0,0.0,0.0,0.0,2808.0,1813.0,908.0,1042.0,1247.0,1563.0,1834.0,2016.0,2356.0,2420.0,2236.0,1311.0,614.0,670.0,832.0,1189.0,1456.0,1695.0,2093.0,2309.0,2463.0,1540.0,341.0,516.0,746.0,1038.0,1311.0,1516.0,1849.0,1976.0,2378.0,1466.0,375.0,557.0,730.0,1069.0,1388.0,1617.0,1937.0,2060.0,4642.0,3882.0,3137.0,2988.0,3128.0,3579.0,3836.0,3990.0,3990.0,4190.0,2417.0,1549.0,452.0,593.0,708.0,1012.0,1448.0,1654.0,1972.0,2004.0,0.0,0.0,0.0,0.0,0.0,0.0,0.0,0.0,0.0,0.0,1163.0,1085.0,8684.0,8396.0,8456.0,8563.0,8396.0,8169.0,8698.0,8124.0,1945.0,1144.0,553.0,725.0,800.0,1188.0,1611.0,1807.0,2115.0,2102.0,2629.0,1736.0,396.0,590.0,724.0,1159.0,1694.0,1941.0,2267.0,2278.0,0.0,0.0,0.0,0.0,0.0,0.0,0.0,0.0,0.0,0.0,1947.0,1136.0,372.0,655.0,599.0,1237.0,1999.0,2286.0,2561.0,2633.0,3364.0,2503.5,1723.5,1883.5,1945.5,2591.5,3010.5,3220.5,3451.5,3441.0,"{""type"":""MultiPoint"",""coordinates"":[]}"
1746,1,2643.0,1865.0,871.0,927.0,1119.0,1486.0,1789.0,1921.0,2128.0,2191.0,2910.5,2469.5,723.5,1006.5,1074.0,1541.0,1703.0,1808.5,1854.0,1961.5,2368.0,1828.0,634.5,857.5,988.5,1330.5,1444.0,1539.0,1626.0,1676.5,2568.0,1925.0,642.0,932.0,1022.0,1480.0,1782.0,1911.0,2035.0,2064.0,3144.0,2589.0,728.0,1105.0,1159.0,1712.0,2277.0,2467.0,2559.0,2643.0,0.0,0.0,0.0,0.0,0.0,0.0,0.0,0.0,0.0,0.0,0.0,0.0,0.0,0.0,0.0,0.0,0.0,0.0,0.0,0.0,1905.5,773.5,308.5,498.0,234.0,629.5,3674.5,6020.5,6148.5,6141.5,2896.5,1987.0,749.5,1056.0,1192.5,1756.0,3587.5,5087.0,4665.0,5407.5,1718.0,743.0,309.5,456.0,268.0,575.0,3077.5,4942.0,4992.0,5257.5,1933.0,848.0,427.0,601.0,386.0,733.0,3048.0,4977.0,5077.0,5432.0,3329.0,2688.0,878.0,1103.0,1355.0,1736.0,2096.0,2297.0,2517.0,2550.0,1802.5,792.0,364.5,525.5,333.0,694.5,2931.0,4431.0,4415.5,4865.0,1904.0,1034.0,490.5,694.5,568.0,1073.5,2501.5,3282.0,3453.0,3751.5,2928.0,1910.5,1030.0,1167.0,1280.0,1666.5,2152.5,2512.5,2752.5,2862.0,2795.0,2226.0,467.0,595.0,863.0,1093.0,1121.0,1321.0,1335.0,1549.0,3228.0,2598.0,492.0,629.0,915.0,1138.0,1275.0,1475.0,1580.0,1762.0,4421.0,3623.5,984.0,1381.0,2060.5,2424.0,2531.5,2779.5,2884.5,3153.0,4191.0,3498.5,1030.0,1412.5,1966.5,2347.0,2554.0,2768.0,2942.5,3112.0,3917.5,3118.5,875.0,1208.5,1471.0,1927.0,2446.0,2678.0,2742.0,2961.5,3949.0,3014.0,831.0,1191.0,1352.0,1878.0,2615.0,2896.0,3037.0,3149.0,3556.0,2622.0,675.0,1082.0,1096.0,1748.0,2716.0,3037.0,3223.0,3339.0,5002.5,4611.5,3529.5,3595.0,3753.0,4133.0,4438.0,4598.5,4865.5,4769.5,2574.0,1717.0,462.0,814.0,748.0,1325.0,2204.0,2507.0,2846.0,2943.0,2746.0,1824.0,689.0,967.0,1445.0,1911.0,2167.0,2444.0,2718.0,2785.0,3421.0,2454.0,862.0,1260.0,1818.0,2192.5,2494.0,2702.0,3076.0,3050.0,3518.0,2592.5,887.0,1294.0,1765.5,2170.0,2522.0,2697.5,2987.0,3038.5,0.0,0.0,0.0,0.0,0.0,0.0,0.0,0.0,0.0,0.0,3160.0,2572.0,807.0,1069.0,1254.0,1661.0,2060.0,2251.0,2449.0,2429.0,0.0,0.0,0.0,0.0,0.0,0.0,0.0,0.0,0.0,0.0,966.0,1046.0,10822.0,10524.0,10410.0,10553.0,10191.0,9822.0,10196.0,9419.0,1659.0,1237.0,2310.5,2494.5,2656.0,3362.5,3435.0,3209.0,3436.5,3356.5,2955.5,2169.5,709.5,960.5,1088.0,1598.5,2128.0,2336.0,2568.5,2570.5,2957.0,2085.0,800.0,1059.0,1125.0,1711.0,2172.0,2401.0,2650.0,2644.0,2928.0,2102.0,699.0,935.0,1182.0,1606.0,1862.0,2003.0,2231.0,2304.0,2266.0,1820.0,631.0,809.0,1090.0,1244.0,1294.0,1398.0,1487.0,1561.0,"{""type"":""MultiPoint"",""coordinates"":[]}"
1771,1,2506.0,1835.0,778.0,1105.0,1480.0,1731.0,1819.0,1980.0,2180.0,2179.0,6029.0,5685.0,2212.0,2912.0,3663.0,4086.0,4213.0,4377.0,4627.0,4612.0,2853.0,2107.0,907.0,1210.0,1593.0,1852.0,1954.0,2104.0,2266.0,2287.0,3455.0,2738.0,860.0,1251.0,1439.0,1877.0,2193.0,2401.0,2551.0,2594.0,4997.0,4284.0,1335.0,1926.0,2212.0,2927.0,3603.0,3887.0,3949.0,4115.0,3160.0,2278.0,758.0,1100.0,1116.0,1547.5,3066.0,3666.5,3756.0,3856.5,494.0,267.0,0.0,16.0,0.0,52.0,746.0,1085.0,998.0,1084.0,1816.0,801.0,272.0,503.0,265.0,650.0,2935.0,4320.0,4300.0,4461.0,2012.0,854.0,385.0,600.0,357.0,723.0,3412.0,5078.0,4908.0,5290.0,1884.0,767.0,239.5,467.5,250.5,587.5,3056.5,4608.0,4587.5,4809.5,2129.0,1080.0,977.0,1029.5,767.0,1104.0,3118.5,4510.5,4483.5,4786.5,2633.0,2032.0,757.0,1049.0,1383.0,1579.0,1693.0,1831.0,2075.0,1977.0,2479.0,1205.5,946.0,1211.0,949.5,1476.5,3628.5,4867.0,4752.5,5124.5,1915.0,803.0,516.0,773.0,525.0,1067.0,2941.0,3832.0,3784.0,3998.0,2928.0,1769.0,568.0,850.0,888.0,1458.0,2406.0,2892.0,2925.0,3383.0,3170.5,2377.0,739.5,946.0,1212.0,1567.5,1811.0,2049.5,2042.5,2294.0,4045.5,3768.5,1134.5,1524.5,2035.0,2299.5,2426.0,2585.5,2716.0,2777.5,0.0,0.0,0.0,0.0,0.0,0.0,0.0,0.0,0.0,0.0,4100.5,3662.0,1141.0,1542.0,2004.0,2337.5,2504.5,2671.0,2805.0,2867.0,2515.0,1809.0,549.0,824.0,916.0,1274.0,1610.0,1741.0,1756.0,1831.0,3380.0,2771.5,746.5,1143.0,1282.5,1793.5,2275.0,2510.0,2627.5,2666.0,4141.0,3352.0,921.5,1448.5,1555.5,2254.5,3083.5,3361.5,3462.0,3603.0,0.0,0.0,0.0,0.0,0.0,0.0,0.0,0.0,0.0,0.0,2415.5,1671.0,534.5,877.5,833.5,1359.5,2133.5,2339.0,2499.5,2494.0,1463.0,1005.0,590.0,741.0,652.0,989.0,1340.0,1436.0,1508.0,1413.0,2178.0,1395.0,411.0,714.0,968.0,1324.0,1709.0,1880.0,2083.0,2121.0,2767.0,1979.5,687.5,1009.0,1318.0,1719.0,2132.0,2300.5,2474.0,2568.0,0.0,0.0,0.0,0.0,0.0,0.0,0.0,0.0,0.0,0.0,2161.0,1528.0,509.0,730.0,906.0,1182.0,1642.0,1799.0,2004.0,1920.0,0.0,0.0,0.0,0.0,0.0,0.0,0.0,0.0,0.0,0.0,333.0,389.0,10796.0,10458.0,10332.0,10433.0,10062.0,9640.0,10008.0,9156.0,0.0,0.0,0.0,0.0,0.0,0.0,0.0,0.0,0.0,0.0,2891.0,2037.0,772.0,1170.0,1583.0,1837.0,1936.0,2097.0,2286.0,2281.0,3183.0,2470.0,890.0,1232.0,1587.0,1787.0,1948.0,2110.0,2289.0,2227.0,2734.0,1918.0,709.0,1086.0,1462.0,1784.0,1860.0,2018.0,2216.0,2224.0,2832.0,2086.0,917.0,1267.0,1689.0,1908.0,1993.0,2101.0,2236.0,2263.0,"{""type"":""MultiPoint"",""coordinates"":[]}"
1794,5,903.0,611.5,385.5,503.0,694.5,805.5,831.0,933.5,1062.0,1033.0,1484.0,938.0,799.0,1120.0,1057.0,1242.0,1239.0,1276.0,1907.0,1403.0,930.0,529.0,570.0,739.0,907.5,1115.0,1185.0,1281.0,1404.5,1355.5,1422.5,1023.5,699.5,863.0,1002.5,1185.5,1249.0,1406.0,1571.5,1486.5,1976.0,1365.0,765.0,973.0,1159.0,1351.0,1471.0,1600.0,1834.0,1789.0,4151.0,3657.0,2953.0,3288.0,3479.0,4009.0,4232.0,4523.0,3803.0,4583.0,0.0,0.0,0.0,0.0,0.0,0.0,0.0,0.0,0.0,0.0,1592.0,880.0,541.0,780.0,560.0,1094.0,1786.0,1995.0,2069.0,2107.0,3914.0,3294.5,1103.0,1449.0,1622.5,2134.0,2704.0,2961.5,3057.5,3193.5,3727.0,3352.0,1514.0,1819.0,2337.0,2613.0,2650.0,2844.0,2994.0,3107.0,4504.0,3688.0,1726.0,1977.0,2329.0,2690.0,3119.0,3511.0,3332.0,3790.0,1329.0,963.0,475.0,598.0,807.0,935.0,959.0,1083.0,1234.0,1257.0,3978.0,3646.0,1283.0,1534.0,1820.0,2120.0,2351.0,2544.0,2509.0,2846.0,4209.5,3984.5,1361.5,1616.0,1980.5,2316.5,2546.0,2789.0,2829.5,3017.0,3820.0,3536.0,1232.0,1458.0,1747.0,2064.0,2492.0,2733.0,2689.0,2953.0,3435.0,2792.0,905.0,1217.0,1178.0,1689.0,2366.0,2646.0,2752.0,2892.0,3700.0,2852.0,886.0,1258.0,1265.0,1906.0,2981.0,3358.0,3537.0,3626.0,3045.0,2124.0,617.0,884.0,797.0,1363.0,2984.5,3559.0,3599.0,3848.5,2101.0,1049.5,334.5,562.0,323.0,875.5,3252.5,3904.0,4089.5,4140.5,2046.5,982.5,428.5,718.5,405.0,1079.0,3419.5,4072.0,4049.5,4353.5,2070.0,1023.0,346.0,704.0,396.0,1198.0,3263.0,3823.0,4118.0,4090.0,2104.5,1166.0,350.5,720.0,560.0,1361.5,2393.5,2727.0,3056.5,3114.5,926.0,683.0,552.0,588.0,763.0,883.0,917.0,1005.0,1112.0,1086.0,2836.5,1946.0,561.0,817.0,1039.5,1475.5,1817.5,2011.5,2349.5,2362.0,3112.0,2183.0,780.5,1036.0,1472.0,1772.5,1909.0,2192.0,2422.0,2600.0,1701.0,1107.0,460.0,681.0,993.0,1118.5,1290.5,1433.5,1624.0,1648.0,1576.5,1013.0,466.0,646.5,885.5,1065.5,1146.0,1240.5,1416.5,1439.5,0.0,0.0,0.0,0.0,0.0,0.0,0.0,0.0,0.0,0.0,859.0,577.0,683.0,765.0,867.5,989.5,1039.5,1128.0,1310.5,1237.5,0.0,0.0,0.0,0.0,0.0,0.0,0.0,0.0,0.0,0.0,1032.0,1036.0,8426.0,8276.0,8422.0,8821.0,8499.0,8411.0,8608.0,8230.0,854.0,595.5,841.5,970.0,1167.5,1331.0,1351.0,1421.5,1498.0,1512.5,877.5,633.0,568.5,670.0,773.5,903.0,822.0,890.5,960.5,957.0,2038.5,1479.5,1312.0,1419.5,1546.5,1679.0,1746.5,1793.5,2139.5,1939.0,886.0,570.0,566.0,686.0,903.0,1055.0,1033.0,1155.0,1316.0,1304.0,2348.0,1752.5,859.5,1047.5,1311.5,1432.0,1503.5,1637.5,1836.5,1746.0,"{""type"":""MultiPoint"",""coordinates"":[]}"
1796,5,2423.5,1621.0,556.0,910.0,968.0,1617.0,2398.5,2581.0,2878.5,2775.0,5052.0,4878.0,1384.5,1975.5,2663.5,3064.5,3114.0,3286.5,3420.0,3600.0,3288.5,2608.5,1583.0,1825.0,2139.0,2459.5,2652.0,2795.0,2801.0,2947.5,3186.5,2546.0,1685.5,1727.0,1941.5,2248.5,2245.5,2352.5,2419.0,2493.5,5557.0,5238.0,1841.5,2584.0,3283.0,3685.5,3961.0,4167.0,4461.5,4418.0,5779.5,4784.0,2052.5,2779.5,3278.0,3805.0,3980.0,4016.5,4800.5,4005.5,3175.5,2068.0,967.5,1252.5,1477.0,1948.5,2427.0,2625.5,2717.5,2832.5,4518.0,3634.0,980.0,1527.5,1601.0,2463.5,4031.5,4573.0,4710.0,4899.5,4313.5,3656.0,2207.5,2331.0,2474.0,3203.0,4280.5,4762.5,4536.5,4971.5,3282.0,2255.0,550.0,910.5,914.0,1563.5,3361.0,4005.5,4121.5,4294.0,3069.0,2124.0,1688.5,1630.5,1423.5,1827.0,3900.0,4732.0,4690.5,4918.0,2830.5,2039.5,640.0,920.5,1120.5,1757.5,2448.5,2653.0,2916.0,2875.5,2868.0,2154.5,526.5,843.5,871.5,1528.5,2974.0,3770.0,3710.5,4090.0,2598.5,1693.0,506.5,748.5,699.5,1337.0,2676.0,3248.5,3413.5,3556.0,2886.5,1888.5,541.5,827.0,795.0,1399.5,2628.5,3083.5,3201.5,3489.0,3440.0,2528.0,1004.5,1249.5,1265.0,1903.5,2950.0,3426.5,3393.0,3720.5,2839.0,2121.5,495.0,777.5,982.0,1331.5,1812.5,2047.5,2156.0,2352.0,2932.0,2341.5,1176.5,1292.0,1414.0,1721.5,2164.0,2420.0,2444.5,2606.0,2923.5,2213.5,636.0,849.0,1135.5,1388.5,1739.5,1943.5,1967.5,2194.5,3232.5,2484.0,813.0,1070.5,1310.0,1645.5,1938.0,2146.5,2187.5,2375.0,3097.5,2403.0,747.0,1048.0,1251.5,1588.0,1858.5,1996.0,2190.5,2224.5,3808.0,3632.0,893.5,1297.5,1814.0,2026.0,2148.0,2335.0,2534.0,2522.0,2508.5,1916.0,757.5,1015.5,1132.5,1665.0,2240.5,2424.0,2659.5,2663.0,3147.0,2357.0,894.0,1147.5,1525.0,1759.5,1936.0,2082.5,2233.5,2340.0,552.0,365.0,453.5,362.5,369.0,384.5,408.0,467.0,482.0,498.5,2629.0,1946.5,516.5,870.0,1189.0,1478.5,1691.0,1787.5,2007.5,1989.5,2684.5,1986.5,531.5,913.5,1142.5,1538.0,1906.5,2034.0,2182.0,2189.0,2454.0,1692.5,2055.5,1964.0,2023.0,2428.5,2626.0,2719.0,2775.0,2859.5,2678.5,1840.0,993.5,1294.5,1181.5,1860.5,3127.5,3357.0,3369.0,3483.5,0.0,0.0,0.0,0.0,0.0,0.0,0.0,0.0,0.0,0.0,1098.5,1208.0,10597.0,10340.5,10325.0,10461.0,10104.5,9737.0,10211.5,9376.5,1648.5,1305.0,1216.0,1375.5,1432.5,1835.0,2155.5,2319.0,2468.5,2406.5,2546.0,1738.5,570.5,942.5,1090.0,1620.0,2205.0,2381.5,2719.0,2647.5,2972.0,2369.0,1251.0,1502.0,1655.0,2086.5,2467.0,2645.5,2862.0,2858.0,2596.0,1811.0,585.0,927.0,1097.5,1590.5,2000.0,2165.5,2410.0,2396.0,4455.0,3930.0,2253.0,2588.5,2845.5,3404.5,3735.5,3878.5,3903.5,4061.0,"{""type"":""MultiPoint"",""coordinates"":[]}"
1800,3,1839.0,1090.0,661.0,907.0,1169.0,1427.0,1538.0,1664.0,1885.0,1854.0,3100.0,2535.0,911.0,1183.0,1550.0,1757.0,1831.0,1968.0,2120.0,2138.0,1793.5,1090.5,598.0,752.5,969.0,1132.5,1214.0,1325.0,1431.0,1458.5,2181.0,1356.0,710.0,903.0,1120.0,1335.0,1439.0,1560.0,1711.0,1734.0,0.0,0.0,0.0,0.0,0.0,0.0,0.0,0.0,0.0,0.0,3262.0,2643.0,984.0,1253.0,1529.0,1861.0,2105.0,2304.0,2329.0,2409.0,3290.0,2524.0,973.0,1225.0,1426.0,1814.0,2405.0,2616.0,2653.0,2754.0,1344.0,734.0,306.0,500.0,281.0,720.0,2165.0,2726.0,2866.0,2878.0,0.0,0.0,0.0,0.0,0.0,0.0,0.0,0.0,0.0,0.0,1429.0,672.0,385.0,570.0,287.0,713.0,2769.0,4310.0,4391.0,4463.0,1428.0,725.0,993.0,946.0,642.0,938.0,2831.0,4452.0,4198.0,4611.0,2041.0,1368.0,626.0,829.0,1093.0,1264.0,1397.0,1527.0,1704.0,1654.0,1393.5,614.0,431.0,594.0,316.0,788.0,2961.0,4792.5,4836.5,5127.0,1420.0,658.0,396.0,659.0,323.0,964.0,3098.0,4598.0,4702.0,4875.0,1033.0,1044.0,597.0,549.0,297.0,651.0,1901.0,2813.0,2581.0,3077.0,1845.5,1006.5,918.5,1020.0,748.5,1353.5,2954.0,3687.5,3909.0,3987.5,2297.5,1287.5,498.0,873.5,710.5,1510.0,3079.5,3794.0,3955.5,4101.0,0.0,0.0,0.0,0.0,0.0,0.0,0.0,0.0,0.0,0.0,2257.5,2069.0,627.0,778.5,1005.5,1114.0,1259.0,1338.5,1495.0,1514.0,2791.0,2286.0,679.0,864.5,1091.0,1356.5,1529.0,1634.5,1691.0,1847.5,2562.5,2089.0,572.5,781.0,911.0,1221.0,1619.5,1766.0,1880.0,1896.5,2560.0,2053.0,584.0,809.0,880.0,1301.0,1763.0,1912.0,2024.0,2075.0,0.0,0.0,0.0,0.0,0.0,0.0,0.0,0.0,0.0,0.0,2064.5,1402.5,465.0,697.5,702.0,1148.5,1674.5,1846.0,1947.0,1990.5,0.0,0.0,0.0,0.0,0.0,0.0,0.0,0.0,0.0,0.0,1193.0,722.0,322.0,536.0,729.0,1033.0,1193.0,1300.0,1428.0,1445.0,2606.0,2173.5,990.5,1217.0,1546.0,1876.0,2062.0,2245.0,1986.0,2421.5,0.0,0.0,0.0,0.0,0.0,0.0,0.0,0.0,0.0,0.0,1071.0,650.0,423.0,548.0,709.0,832.0,945.0,1021.0,1156.0,1140.0,0.0,0.0,0.0,0.0,0.0,0.0,0.0,0.0,0.0,0.0,900.0,972.0,11001.0,10669.0,10507.0,10601.0,10232.0,9895.0,10302.0,9490.0,0.0,0.0,0.0,0.0,0.0,0.0,0.0,0.0,0.0,0.0,2357.0,1541.0,746.0,969.0,1215.0,1487.0,1599.0,1739.0,1897.0,1906.0,2243.0,1514.5,619.0,822.5,1076.5,1256.0,1362.0,1509.0,1628.0,1652.5,2739.5,2229.0,1622.5,1766.5,1935.0,2220.0,2371.0,2534.5,2574.0,2683.0,0.0,0.0,0.0,0.0,0.0,0.0,0.0,0.0,0.0,0.0,"{""type"":""MultiPoint"",""coordinates"":[]}"
1817,176,0.0,0.0,0.0,0.0,0.0,0.0,0.0,0.0,0.0,0.0,2841.5,1696.0,551.0,996.0,792.0,1606.5,2776.0,3043.0,3358.5,3343.0,2765.5,1648.5,562.5,996.0,777.0,1607.5,2776.5,3012.5,3353.0,3344.5,2478.5,1360.5,471.0,1116.0,888.0,1678.5,2852.5,3085.5,3248.5,3304.5,0.0,0.0,0.0,0.0,0.0,0.0,0.0,0.0,0.0,0.0,0.0,0.0,0.0,0.0,0.0,0.0,0.0,0.0,0.0,0.0,2557.0,1343.5,763.5,992.5,680.5,1336.5,2754.0,3293.5,3278.0,3616.5,2557.0,1343.5,763.5,992.5,680.5,1336.5,2754.0,3293.5,3278.0,3616.5,3216.0,2463.5,2462.5,2473.5,2324.5,2807.0,3634.0,3811.0,3957.0,3848.5,2358.5,1042.5,460.0,791.0,436.0,1128.0,3594.5,4343.5,4455.5,4688.0,0.0,0.0,0.0,0.0,0.0,0.0,0.0,0.0,0.0,0.0,965.0,648.0,450.0,529.0,630.0,734.0,824.0,883.0,990.0,995.0,2031.5,977.0,535.0,789.5,507.5,1126.0,3032.5,3769.5,3931.5,4162.0,2186.5,977.0,586.0,829.0,536.0,1179.5,3032.5,3769.5,3931.5,4185.5,4383.5,2734.0,1105.5,1415.0,1601.5,2347.5,2996.5,3525.0,3713.0,4174.0,2926.5,1613.5,448.5,739.5,619.0,1171.0,2540.0,2939.5,2925.0,3185.0,2607.5,1313.5,414.5,729.0,451.0,1092.5,3005.0,3600.0,3567.0,3836.0,2314.5,1105.0,422.5,695.5,439.5,1027.5,2981.5,3661.5,3626.5,3943.0,2403.5,1149.0,414.0,683.5,441.0,1088.0,2759.5,3249.0,3509.5,3604.0,2387.5,1273.0,427.0,696.5,587.0,1265.5,2579.5,3019.5,3159.0,3399.0,2386.5,1285.5,422.5,677.5,589.0,1219.0,2408.0,2785.0,2975.0,3110.0,2572.0,1425.0,442.0,742.0,733.0,1393.0,2623.0,3021.0,3281.0,3352.0,2474.5,1669.5,741.5,980.5,1291.5,1616.5,1928.5,2097.0,2379.0,2422.5,2737.0,1608.5,410.0,670.0,808.0,1336.0,2180.5,2481.0,2850.0,2912.5,2737.0,1608.5,410.0,670.0,808.0,1336.0,2180.5,2481.0,2850.0,2912.5,3042.5,1867.0,550.0,858.0,1237.5,1678.5,2102.5,2377.0,2654.0,2780.0,3417.0,2109.0,555.5,886.0,1401.0,1805.0,2139.0,2368.0,2677.0,2769.5,3276.0,2064.5,564.0,872.5,1355.0,1700.5,2029.5,2280.0,2607.5,2652.5,3373.5,2284.5,640.5,910.0,1319.0,1660.0,1933.5,2152.0,2385.0,2468.5,3542.0,2395.0,854.0,1182.0,1565.0,1978.0,2413.0,2630.0,2940.0,3013.0,937.5,737.5,5286.0,5383.5,5731.5,6095.0,6088.5,6094.5,6065.0,5969.5,937.5,737.5,5286.0,5383.5,5731.5,6095.0,6088.5,6094.5,6065.0,5969.5,0.0,0.0,0.0,0.0,0.0,0.0,0.0,0.0,0.0,0.0,0.0,0.0,0.0,0.0,0.0,0.0,0.0,0.0,0.0,0.0,2785.0,1698.5,629.0,1017.0,917.5,1614.5,2525.0,2751.5,2994.5,3057.5,2945.0,1805.5,572.5,1004.5,861.5,1609.5,2677.0,2949.5,3272.0,3259.5,"{""type"":""MultiPoint"",""coordinates"":[]}"
1832,3,1772.0,1050.0,540.0,697.0,782.0,1178.0,1691.0,1829.0,2000.0,1997.0,3638.0,3348.0,1110.0,1536.0,2058.0,2202.0,2406.0,2512.0,2816.0,2693.0,2250.0,1536.0,703.5,1002.0,1298.0,1625.0,1700.0,1853.0,1995.0,2029.5,3813.5,3220.5,1180.5,1625.0,2041.0,2486.0,2589.0,2786.5,2957.0,3000.5,5101.0,4567.0,1577.0,2184.0,2693.0,3235.0,3398.0,3605.0,3865.0,3885.0,7456.0,6900.0,2327.0,3074.0,3649.0,4408.0,4815.0,5159.0,5259.0,5570.0,0.0,0.0,0.0,0.0,0.0,0.0,0.0,0.0,0.0,0.0,4332.0,3266.0,665.0,1084.0,984.0,1749.0,3162.0,3747.0,3950.0,4035.0,3799.0,2849.5,787.5,1133.5,1211.5,1773.5,2877.5,3504.5,3610.0,3812.5,1517.0,782.0,403.0,598.0,305.0,800.0,2563.0,3372.0,3331.0,3300.0,0.0,0.0,0.0,0.0,0.0,0.0,0.0,0.0,0.0,0.0,2855.0,2070.0,660.0,872.0,1038.0,1474.0,1976.0,2127.0,2292.0,2321.0,1865.0,843.5,291.0,414.5,198.0,614.5,3160.0,5391.0,5347.5,5746.0,3022.0,1999.5,1872.5,1941.5,1707.5,2191.0,4011.5,5407.5,5718.0,5583.0,958.0,420.0,355.5,519.0,260.0,654.5,2093.5,3110.5,2984.5,3225.0,1792.0,859.0,416.0,746.0,403.0,1143.0,3443.0,4936.0,4809.0,5159.0,1860.0,930.0,364.0,793.0,437.0,1301.0,3726.0,4526.0,4807.0,4897.0,1871.0,945.0,445.5,909.5,642.5,1717.5,3490.0,4083.5,4254.0,4567.0,2830.5,1818.0,684.0,1116.5,1290.0,2060.5,2839.0,3169.5,3430.0,3557.5,2290.5,1593.5,649.5,865.0,1070.0,1457.0,1767.5,1922.5,1980.0,2155.0,2764.5,1875.5,629.5,860.0,1084.5,1487.5,1799.5,2029.0,2123.0,2247.5,2911.0,1999.0,641.0,878.0,1155.0,1526.0,1768.0,2047.0,2187.0,2266.0,2180.5,1428.0,751.0,904.0,989.0,1373.0,1770.0,1932.0,2111.0,2096.5,2513.0,1692.0,585.0,808.0,1070.0,1361.0,1672.0,1835.0,2064.0,2115.0,282.0,172.0,313.0,267.0,288.0,333.0,334.0,356.0,379.0,397.0,2165.0,1480.0,668.5,1005.0,1485.0,1764.5,1840.0,2035.5,2289.0,2264.0,2552.0,1847.0,819.0,1130.5,1588.0,1851.5,1950.0,2094.5,2292.0,2296.5,2878.0,2174.0,1406.0,1574.0,1868.0,2215.0,2318.0,2523.0,2458.0,2757.0,1694.0,1082.0,649.0,860.0,1210.0,1455.0,1565.0,1731.0,1914.0,1874.0,0.0,0.0,0.0,0.0,0.0,0.0,0.0,0.0,0.0,0.0,1202.0,1303.0,10658.0,10316.0,10210.0,10323.0,10008.0,9622.0,10064.0,9241.0,678.5,427.5,4864.0,4739.5,4637.0,4626.5,4571.5,4665.0,4827.5,4307.5,2022.5,1306.0,479.5,745.0,835.5,1322.0,1849.0,2008.0,2151.5,2192.0,2448.0,1728.0,663.0,967.0,1147.0,1561.0,1761.0,1914.0,2126.0,2147.0,1919.0,1354.0,504.0,758.0,904.0,1269.0,1424.0,1536.0,1731.0,1748.0,2859.0,2104.0,669.0,954.0,1112.0,1480.0,1657.0,1796.0,1944.0,1972.0,"{""type"":""MultiPoint"",""coordinates"":[]}"
1835,3,1748.0,1149.0,675.0,915.0,1236.0,1583.0,1816.0,2023.0,2392.0,2421.0,3728.0,2795.0,1065.0,1456.0,1635.0,2368.0,2997.0,3202.0,3477.0,3435.0,2792.0,1804.0,885.0,1179.0,1637.0,2016.0,2227.0,2446.0,2667.0,2734.0,3239.5,2288.5,910.5,1262.5,1655.0,2098.5,2336.5,2552.5,2761.5,2842.5,3357.0,2364.0,952.0,1347.0,1841.0,2213.0,2425.0,2610.0,2862.0,2943.0,7541.0,7057.0,2573.0,3256.0,4172.0,4920.0,4960.0,5344.0,5341.0,5721.0,0.0,0.0,0.0,0.0,0.0,0.0,0.0,0.0,0.0,0.0,4316.5,3294.0,1484.0,1885.5,2053.5,2711.0,3372.5,3594.0,3707.0,3943.5,5315.0,3998.0,1282.0,1891.0,2269.0,2982.0,3820.0,4140.0,4424.0,4472.0,1849.0,1004.0,313.0,431.0,185.0,852.0,2521.0,3276.0,3276.0,3327.0,1890.0,910.0,352.0,555.0,273.0,798.0,2995.0,4437.0,4283.0,4561.0,3179.0,2349.0,802.0,1107.0,1495.0,1821.0,2024.0,2209.0,2500.0,2566.0,1376.0,633.0,319.0,418.0,226.0,578.0,2565.0,4152.0,3953.0,4313.0,1407.0,622.5,456.0,552.0,307.5,696.0,2767.0,4575.5,4503.0,4776.0,1515.0,702.0,531.0,611.0,333.0,762.0,3031.0,4936.0,4758.0,5159.0,1528.0,698.0,441.0,718.0,353.0,1059.0,3193.0,4589.0,4465.0,5112.0,1855.0,924.0,431.5,768.5,446.0,1261.0,3427.0,4308.5,4395.0,4649.5,1926.0,1054.5,439.5,809.5,622.0,1433.5,2983.0,3668.0,3789.5,4089.0,2253.5,1324.5,531.0,890.5,827.0,1555.5,2629.0,2975.5,3138.5,3322.0,2378.0,1714.5,1039.5,1130.0,1306.0,1598.5,1725.0,1865.0,1849.0,2014.0,4559.0,3350.0,1038.0,1407.0,1966.0,2423.0,2554.0,2772.0,2873.0,3138.0,3648.0,2606.0,809.0,1112.0,1563.0,1959.0,2223.0,2328.0,2490.0,2749.0,3446.0,2859.0,2521.0,2649.5,2852.0,3148.0,3218.5,3311.5,3441.5,3468.0,2628.5,1850.5,781.0,1051.0,1421.0,1712.0,1988.0,2153.0,2382.5,2491.0,2082.0,1415.0,626.0,861.0,1219.0,1616.0,1778.0,1985.0,2145.0,2278.0,1730.0,1071.0,477.5,741.0,1113.5,1466.5,1660.0,1829.0,2112.5,2111.5,2254.0,1478.0,597.0,887.0,1293.0,1656.5,1820.5,1981.0,2212.5,2356.5,1040.0,645.0,1067.0,1059.5,1071.5,1191.0,1215.5,1289.5,1473.5,1421.0,335.0,235.0,262.0,360.0,580.0,806.0,799.0,944.0,1108.0,1144.0,0.0,0.0,0.0,0.0,0.0,0.0,0.0,0.0,0.0,0.0,558.0,611.0,10668.0,10402.0,10242.0,10306.0,9943.0,9483.0,9808.0,8967.0,199.0,171.0,8714.0,8792.0,8924.0,9206.0,8743.0,8153.0,8322.0,7685.0,2795.0,1867.0,702.0,1033.0,1413.0,1852.0,2063.0,2283.0,2632.0,2669.0,3525.5,2532.0,913.0,1258.5,1524.5,2036.5,2359.5,2588.5,2885.5,2910.5,2502.0,1661.0,724.0,1075.0,1349.0,1820.0,2150.0,2385.0,2695.0,2682.0,2478.0,1636.0,760.0,1081.0,1269.0,1805.0,2205.0,2428.0,2721.0,2750.0,"{""type"":""MultiPoint"",""coordinates"":[]}"
1846,5,2139.5,1374.0,556.0,835.0,906.0,1374.0,2027.5,2202.5,2401.5,2396.0,3822.0,2960.0,982.0,1344.0,1631.0,2031.0,2261.0,2419.0,2526.0,2675.0,2952.0,2117.0,881.0,1155.0,1358.0,1784.0,2050.0,2232.0,2389.0,2427.0,3317.0,2468.0,902.0,1217.0,1373.0,1791.0,2169.0,2358.0,2468.0,2542.0,3528.0,2706.0,845.5,1196.0,1314.0,1862.5,2343.5,2520.5,2668.5,2748.0,0.0,0.0,0.0,0.0,0.0,0.0,0.0,0.0,0.0,0.0,2803.0,2504.0,2384.0,2130.0,1984.0,2434.0,2845.0,3055.0,3009.0,3045.0,4537.0,4442.0,1386.0,1718.0,2161.0,2421.0,2520.0,2715.0,2730.0,2919.0,4446.5,3874.0,1541.5,1957.5,2355.5,2731.0,3091.5,3295.5,3312.0,3611.0,4604.0,4163.0,1508.0,1985.0,2377.0,2786.0,3300.0,3548.0,3577.0,3785.0,4590.0,3886.0,1317.0,1770.0,1985.0,2576.0,3528.0,3863.0,4065.0,4101.0,2810.0,2075.0,779.0,1020.0,1147.0,1627.0,2253.0,2433.0,2643.0,2701.0,2616.0,1455.0,530.0,754.0,576.0,1270.0,3323.0,4252.0,4087.0,4422.0,2781.0,1575.0,570.0,754.0,530.0,1219.0,3810.0,5133.0,5162.0,5254.0,2319.0,1153.0,383.0,559.0,331.0,972.0,3530.0,4830.0,4841.0,4987.0,2431.0,1150.0,497.5,680.0,455.0,992.0,3771.0,5082.0,5009.5,5418.5,2227.5,1054.5,313.5,516.0,311.0,851.5,3493.0,4607.0,4815.5,4872.0,2522.0,1264.5,365.5,603.0,395.0,1017.5,3662.5,4700.0,4757.5,5007.5,2281.5,1206.0,345.5,705.0,435.5,1322.5,3420.5,3778.0,4002.0,4068.0,2546.0,1709.0,475.0,753.0,873.0,1451.0,1874.0,2026.0,2173.0,2398.0,2770.0,1954.5,535.0,737.5,992.5,1306.5,1557.0,1769.0,1923.0,2116.5,3068.0,2191.0,630.0,799.0,1079.0,1395.0,1573.0,1767.0,1931.0,2095.0,3064.0,2627.5,1922.5,2017.5,2125.5,2444.0,2671.0,2748.5,2926.0,2910.5,3187.0,2290.0,901.0,1151.0,1468.0,1743.0,1942.0,2081.0,2315.0,2318.0,2922.0,2159.0,818.0,1062.0,1289.0,1615.0,1941.0,2098.0,2220.0,2259.0,2479.5,1646.5,668.0,955.5,1109.0,1485.5,1905.0,2073.0,2296.0,2273.5,2648.0,1756.5,705.0,999.0,1090.5,1557.0,2197.0,2350.0,2472.5,2569.0,0.0,0.0,0.0,0.0,0.0,0.0,0.0,0.0,0.0,0.0,2144.0,1334.0,610.0,895.0,840.0,1429.0,2256.0,2436.0,2585.0,2677.0,0.0,0.0,0.0,0.0,0.0,0.0,0.0,0.0,0.0,0.0,545.0,598.0,10696.0,10458.0,10302.0,10369.0,9993.0,9521.0,9800.0,9039.0,182.0,162.0,7860.0,7978.0,8258.0,8538.0,8167.0,7758.0,7920.0,7229.0,2618.5,1758.5,636.0,971.0,1029.5,1612.0,2320.0,2521.5,2763.5,2758.0,2962.5,2020.0,847.5,1242.0,1182.5,1974.0,2894.5,3122.0,3376.5,3352.0,2800.0,1897.0,742.0,1207.0,1367.0,2065.0,2609.0,2796.0,2946.0,2973.0,3014.0,2228.0,860.0,1174.0,1445.0,1894.0,2120.0,2289.0,2480.0,2504.0,"{""type"":""MultiPoint"",""coordinates"":[]}"
1922,1,2302.0,1782.0,602.0,847.0,1152.0,1398.0,1590.0,1698.0,1892.0,1843.0,4618.0,4447.0,1288.5,1829.5,2502.0,2841.0,3008.0,3093.0,3252.0,3296.0,2442.0,1875.0,642.0,902.0,1306.0,1531.0,1599.0,1753.0,1867.0,1893.0,2637.0,2013.0,793.0,1014.0,1304.0,1643.0,1882.0,2071.0,2199.0,2163.0,2702.0,2037.0,625.0,982.0,1331.0,1649.0,1915.0,2107.0,2240.0,2252.0,5523.0,4694.0,1769.0,2363.0,2758.0,3421.0,4506.0,5046.0,5068.0,5221.0,2618.5,1554.0,1036.0,1235.0,1052.0,1547.5,3254.5,3936.5,3867.5,4048.5,2778.5,1828.0,1581.5,1673.0,1401.0,1796.0,3693.0,4904.0,4905.5,4949.0,1945.0,855.5,492.5,657.0,358.0,763.0,3675.5,5722.5,5542.5,5854.0,1673.0,690.0,277.0,480.0,252.0,615.0,3177.0,5293.0,5233.0,5457.0,2200.0,1156.5,784.0,887.5,593.5,983.0,3716.5,5840.5,5870.5,6170.0,2766.0,2270.0,716.0,969.0,1333.0,1602.0,1799.0,1930.0,2128.0,2049.0,1718.0,708.0,373.0,519.0,295.0,657.0,2862.0,4611.0,4430.0,4873.0,1766.0,742.5,458.0,632.5,380.5,810.5,3044.0,4527.0,4631.0,4825.5,2128.5,1064.0,400.0,683.5,482.5,1080.0,2908.5,3861.5,3922.0,4271.0,2556.0,1765.0,434.5,635.5,703.0,1086.0,1777.0,2145.5,2203.0,2429.5,3639.0,2508.0,680.5,963.0,1463.5,1856.0,2076.0,2351.5,2585.0,2766.0,4739.5,3208.0,973.0,1318.5,2015.5,2466.5,2733.5,3074.0,3259.0,3631.0,3878.5,3016.5,748.0,1020.0,1473.0,1805.0,1988.5,2165.0,2363.5,2471.0,3139.0,2353.5,1339.0,1500.5,1907.5,2310.5,2492.0,2587.0,2361.0,2703.5,3634.0,2772.0,680.0,907.5,1234.5,1549.5,1834.5,2032.5,2214.5,2319.5,3284.0,2357.0,628.0,850.0,1146.0,1443.0,1736.0,1889.0,2080.0,2164.0,2403.0,1941.0,642.0,910.0,1211.0,1457.0,1628.0,1746.0,1900.0,1869.0,2886.0,2040.0,603.0,820.0,1140.0,1397.0,1634.0,1792.0,1980.0,2025.0,0.0,0.0,0.0,0.0,0.0,0.0,0.0,0.0,0.0,0.0,2908.5,2022.5,524.0,760.5,1115.0,1358.5,1537.5,1703.0,1954.5,1974.5,3048.5,2170.0,545.0,789.5,1112.5,1357.0,1530.0,1668.0,1870.5,1982.0,0.0,0.0,0.0,0.0,0.0,0.0,0.0,0.0,0.0,0.0,2954.0,2162.0,604.0,793.0,1075.0,1313.0,1547.0,1721.0,1942.0,1936.0,0.0,0.0,0.0,0.0,0.0,0.0,0.0,0.0,0.0,0.0,715.0,789.0,10734.0,10476.0,10392.0,10456.0,10100.0,9659.0,10034.0,9200.0,1230.5,917.0,4117.0,4282.0,4579.5,4811.5,4704.5,4610.0,4783.0,4468.5,2572.0,1976.5,596.0,894.5,1226.0,1519.5,1810.5,1965.0,2154.0,2133.5,3554.0,2992.0,1036.0,1450.0,1821.0,2270.0,2529.0,2735.0,2917.0,2885.0,2986.5,2378.0,708.5,1055.0,1473.0,1768.5,1896.5,2026.5,2196.0,2221.0,3269.0,2469.0,896.0,1258.0,1679.0,2020.0,2104.0,2267.0,2454.0,2493.0,"{""type"":""MultiPoint"",""coordinates"":[]}"
1933,3,2323.0,1570.0,580.0,833.0,914.0,1325.0,1741.0,1922.0,2125.0,2075.0,2406.0,1818.0,648.0,804.0,1117.0,1287.0,1424.0,1546.0,1691.0,1721.0,2489.5,1772.5,647.0,910.0,1240.0,1458.5,1590.5,1758.5,1877.0,1948.0,2713.0,1924.0,797.0,1098.0,1467.0,1723.0,1851.0,1994.0,2183.0,2226.0,3319.0,2716.0,909.0,1286.0,1653.0,1924.0,2154.0,2254.0,2459.0,2461.0,7336.0,6636.0,2626.0,3459.0,4110.0,4912.0,5244.0,5642.0,5609.0,5974.0,0.0,0.0,0.0,0.0,0.0,0.0,0.0,0.0,0.0,0.0,843.0,521.0,455.0,772.0,520.0,1159.0,1846.0,2067.0,1937.0,1897.0,2907.0,2629.0,1761.0,1645.0,1588.0,2002.0,2854.0,3253.0,3029.0,3475.0,1144.5,565.5,351.0,552.5,285.5,793.5,2382.0,3151.5,3112.5,3163.0,1724.0,829.0,1316.0,1381.0,972.0,1526.0,3296.0,4392.0,4234.0,4466.0,2350.0,1730.0,956.0,1144.0,1221.5,1569.0,1970.0,2087.0,2258.0,2248.0,942.0,452.0,454.0,541.0,303.0,613.0,2101.0,3203.0,3066.0,3289.0,1178.0,552.0,376.0,514.0,288.0,762.0,2414.0,3501.0,3545.0,3697.0,1074.0,486.0,421.0,659.0,400.0,1045.0,2428.0,3215.0,3192.0,3374.0,1418.0,726.0,461.0,777.0,589.0,1350.0,2698.0,3334.0,3296.0,3678.0,1658.0,900.0,507.0,798.0,798.0,1471.0,2623.0,3186.0,3241.0,3537.0,1568.5,857.0,685.0,866.5,879.5,1376.0,2183.0,2549.5,2681.0,2841.5,1522.5,863.0,385.5,610.0,566.0,1092.5,1931.5,2303.5,2373.5,2542.5,1707.0,1314.0,1411.5,1539.0,1772.0,2091.0,2278.5,2526.5,2470.0,2738.5,3675.0,2873.0,913.0,1198.0,1591.0,1892.0,2052.0,2162.0,2432.0,2530.0,3509.5,2897.0,902.5,1187.0,1535.5,1833.5,2047.0,2185.5,2348.0,2357.5,2303.0,1549.0,643.0,903.0,1007.0,1463.0,2057.0,2190.0,2435.0,2391.0,3354.5,2657.0,910.0,1173.0,1486.0,1741.0,1933.5,2059.5,2348.5,2292.0,2935.0,2154.0,962.0,1198.0,1548.0,1725.0,1859.0,2080.0,2309.0,2198.0,3232.5,2388.5,990.0,1245.0,1644.5,1865.0,2000.0,2118.0,2386.0,2348.5,3371.0,2535.0,1031.0,1292.0,1676.0,1892.0,2031.0,2199.0,2456.0,2399.0,0.0,0.0,0.0,0.0,0.0,0.0,0.0,0.0,0.0,0.0,1892.5,1300.5,786.5,922.5,1168.0,1410.5,1595.5,1739.0,1945.5,1959.0,0.0,0.0,0.0,0.0,0.0,0.0,0.0,0.0,0.0,0.0,808.0,880.0,10218.0,10044.0,10058.0,10205.0,9847.0,9439.0,9888.0,9181.0,1500.0,991.0,3134.5,3294.0,3383.5,3809.5,4051.5,4030.5,4186.0,3996.0,2927.0,2159.0,625.0,1032.0,1057.0,1730.0,2523.0,2757.0,2684.0,2925.0,2538.0,1622.0,657.5,1134.5,912.5,1767.0,2857.0,3024.5,3258.0,3202.0,2227.0,1316.0,571.0,1187.0,926.0,2022.0,2790.0,2965.0,3207.0,3162.0,3113.5,2482.5,849.0,1264.0,1432.0,1987.0,2369.0,2524.5,2711.0,2744.5,"{""type"":""MultiPoint"",""coordinates"":[]}"
1935,1,1951.0,1353.0,537.0,639.0,894.0,1042.0,1180.0,1322.0,1525.0,1500.0,4000.0,3528.0,1062.0,1373.0,1832.0,2078.0,2221.0,2354.0,2571.0,2566.0,2336.0,1641.0,674.0,798.0,1076.0,1224.0,1297.0,1497.0,1624.0,1680.0,2882.0,2241.0,765.0,965.0,1275.0,1461.0,1612.0,1766.0,1929.0,1965.0,0.0,0.0,0.0,0.0,0.0,0.0,0.0,0.0,0.0,0.0,2860.0,2287.0,1431.0,1370.0,1439.0,1752.0,2271.0,2463.0,2675.0,2606.0,2783.0,1623.0,551.0,777.0,628.0,1092.0,2893.0,3798.0,3855.0,3880.0,2048.0,940.0,281.0,456.0,249.0,603.0,3064.0,4621.0,4743.0,4713.0,0.0,0.0,0.0,0.0,0.0,0.0,0.0,0.0,0.0,0.0,1838.0,781.5,501.5,640.5,401.0,769.5,3055.0,4634.5,4602.0,4883.5,4963.0,4659.0,3075.0,3705.0,4125.0,5074.0,5961.0,6621.0,5875.0,6737.0,2564.0,2079.0,629.0,767.0,1034.0,1236.0,1354.0,1518.0,1701.0,1696.0,2772.0,1883.5,2831.0,2709.0,2297.0,2735.5,4022.5,4680.5,4935.5,4849.0,2051.0,977.0,419.0,648.0,422.0,921.0,2964.0,4003.0,4065.0,4214.0,2809.0,1760.0,564.0,862.0,893.0,1511.0,2460.0,3005.0,2962.0,3361.0,3128.0,2392.0,540.0,716.0,992.0,1318.0,1544.0,1828.0,1824.0,2107.0,3273.0,2548.5,530.5,733.0,1081.5,1326.0,1494.5,1667.0,1820.0,1941.0,0.0,0.0,0.0,0.0,0.0,0.0,0.0,0.0,0.0,0.0,3741.5,2725.5,733.5,1036.0,1557.5,1884.0,2025.0,2231.5,2453.5,2616.5,4420.0,3157.0,986.0,1330.0,1922.0,2324.0,2449.0,2658.0,2778.0,3058.0,3496.5,2653.5,776.5,1050.5,1521.5,1778.5,1891.5,2067.0,2287.0,2377.0,3515.0,2968.0,840.0,1096.0,1517.0,1750.0,1866.0,2018.0,2177.0,2263.0,0.0,0.0,0.0,0.0,0.0,0.0,0.0,0.0,0.0,0.0,3177.0,2532.0,770.0,998.5,1383.5,1621.5,1727.5,1880.5,2054.5,2132.0,0.0,0.0,0.0,0.0,0.0,0.0,0.0,0.0,0.0,0.0,1943.0,1287.0,411.0,611.0,865.0,1051.0,1172.0,1303.0,1452.0,1490.0,2969.0,2299.0,731.5,939.0,1225.5,1488.0,1676.0,1852.5,2008.0,2074.0,0.0,0.0,0.0,0.0,0.0,0.0,0.0,0.0,0.0,0.0,2174.0,1501.0,543.0,758.0,912.0,1172.0,1527.0,1642.0,1845.0,1817.0,0.0,0.0,0.0,0.0,0.0,0.0,0.0,0.0,0.0,0.0,667.0,733.0,10418.0,10197.0,10188.0,10314.0,9916.0,9628.0,9917.0,9311.0,0.0,0.0,0.0,0.0,0.0,0.0,0.0,0.0,0.0,0.0,3002.0,2401.0,787.0,961.0,1279.0,1512.0,1687.0,1808.0,2019.0,2034.0,3339.5,2646.0,872.5,1160.0,1446.0,1757.5,2055.5,2245.0,2464.0,2446.0,2263.0,1511.0,650.0,861.0,1126.0,1384.0,1535.0,1694.0,1846.0,1860.0,0.0,0.0,0.0,0.0,0.0,0.0,0.0,0.0,0.0,0.0,"{""type"":""MultiPoint"",""coordinates"":[]}"
1941,1,1935.0,1047.0,346.0,731.0,719.0,1668.0,2975.0,3220.0,3419.0,3439.0,4161.0,4071.0,1150.0,1573.0,2194.0,2510.0,2616.0,2792.0,2836.0,3013.0,0.0,0.0,0.0,0.0,0.0,0.0,0.0,0.0,0.0,0.0,3016.0,2229.0,659.0,1070.0,1047.0,1832.0,2283.0,2469.0,2547.0,2591.0,2835.0,1987.0,608.0,1049.0,1034.0,1761.0,2202.0,2419.0,2572.0,2572.0,0.0,0.0,0.0,0.0,0.0,0.0,0.0,0.0,0.0,0.0,0.0,0.0,0.0,0.0,0.0,0.0,0.0,0.0,0.0,0.0,3224.0,2539.0,2301.0,2335.0,2203.0,2557.0,3641.0,4493.0,4318.0,4579.0,1615.0,695.5,244.0,416.0,204.0,526.0,3108.5,5047.5,5168.0,5349.0,1931.0,789.0,413.0,562.0,317.0,640.0,3183.0,5153.0,5134.0,5442.0,1961.0,796.0,367.0,549.0,296.0,656.0,3539.0,5449.0,5327.0,5705.0,2241.5,1331.5,408.5,764.0,831.0,1812.5,2989.5,3280.5,3586.0,3559.5,1964.0,839.0,352.0,575.0,345.0,749.0,3153.0,4976.0,4795.0,5267.0,0.0,0.0,0.0,0.0,0.0,0.0,0.0,0.0,0.0,0.0,1922.5,874.0,597.5,851.5,628.5,1222.5,2946.0,3727.5,3616.0,4063.5,2436.5,1680.5,371.0,553.0,735.5,1065.5,1369.5,1594.0,1627.0,1887.0,2661.0,1907.0,298.0,454.0,741.0,953.0,1112.0,1303.0,1371.0,1583.0,5119.5,4578.5,1451.0,1894.0,2648.0,3065.0,3180.5,3448.0,3484.0,3790.5,4701.5,4271.5,1143.5,1546.0,2125.0,2542.0,2742.0,2954.0,2988.0,3285.5,0.0,0.0,0.0,0.0,0.0,0.0,0.0,0.0,0.0,0.0,3189.0,2277.0,540.0,951.0,975.0,1587.0,2420.0,2642.0,2685.0,2850.0,2935.5,1926.5,494.0,900.0,809.0,1470.5,2683.5,3009.5,3117.0,3244.5,2027.0,1551.5,1555.0,1650.5,1648.0,2018.0,2363.5,2494.0,2586.0,2611.5,2485.5,1500.5,372.5,792.5,609.0,1322.0,2757.0,3099.5,3301.0,3373.5,2845.0,1912.0,599.0,952.0,1249.0,1826.0,2351.0,2632.0,2831.0,2979.0,3338.0,2243.0,829.5,1174.5,1496.5,2083.0,2752.5,3042.0,3363.5,3426.0,2780.0,1812.0,568.0,952.0,1236.0,1844.0,2408.0,2666.0,2867.0,2978.0,0.0,0.0,0.0,0.0,0.0,0.0,0.0,0.0,0.0,0.0,0.0,0.0,0.0,0.0,0.0,0.0,0.0,0.0,0.0,0.0,0.0,0.0,0.0,0.0,0.0,0.0,0.0,0.0,0.0,0.0,0.0,0.0,0.0,0.0,0.0,0.0,0.0,0.0,0.0,0.0,181.0,157.0,9196.0,9174.0,9265.0,9581.0,9059.0,8516.0,8649.0,7983.0,2516.5,1529.0,569.0,945.0,985.0,1907.5,2909.0,3227.5,3489.5,3591.5,0.0,0.0,0.0,0.0,0.0,0.0,0.0,0.0,0.0,0.0,2981.5,2218.5,797.0,1143.5,1625.0,1951.0,2071.0,2238.5,2461.0,2476.0,3195.0,2500.0,962.5,1368.5,1764.0,2193.5,2372.0,2551.0,2710.5,2759.0,"{""type"":""MultiPoint"",""coordinates"":[]}"
1942,5,2359.0,1639.0,838.0,1057.0,1320.0,1679.0,1982.0,2160.0,2413.0,2346.0,2877.0,2016.5,871.5,1338.5,1402.5,2168.5,2974.5,3179.5,3278.5,3483.0,2242.0,1462.0,672.5,991.0,1251.5,1769.5,2077.5,2273.0,2422.0,2564.0,2695.0,1981.5,751.5,984.0,1156.5,1579.0,1822.0,1984.5,2134.5,2262.5,2906.0,2110.0,678.0,951.0,1094.0,1494.0,1730.0,1968.0,2109.0,2228.0,5191.0,4926.0,1831.0,2147.0,2663.0,3024.0,3215.0,3451.0,3562.0,3760.0,3864.0,2941.0,3193.0,3264.0,3261.0,3717.0,3819.0,3890.0,3954.0,3946.0,4986.5,4074.5,1420.0,1948.0,1797.5,2579.5,3896.0,4358.0,4564.5,4819.5,4527.0,4379.0,1835.0,2204.0,2716.0,2934.0,3201.0,3417.0,3630.0,3714.0,4889.0,4796.0,1994.0,2368.0,2863.0,3092.0,3502.0,3837.0,3811.0,4048.0,3773.0,3297.0,3229.0,3116.0,2890.0,3356.0,4226.0,4807.0,4641.0,4848.0,2918.0,2199.0,973.0,1224.0,1499.0,1853.0,2236.0,2352.0,2619.0,2580.0,5087.0,3979.0,1467.0,2111.0,2184.0,3125.0,4104.0,4530.0,4545.0,4917.0,4612.0,3428.0,1598.0,2078.0,2142.0,2718.0,4072.0,4564.0,4709.0,4897.0,2329.0,1451.5,687.0,948.0,849.5,1319.5,2845.0,3358.5,3340.0,3581.5,3046.0,1892.0,595.0,885.0,717.0,1266.0,3694.0,4596.0,4552.0,4933.0,2501.0,1404.0,364.0,632.0,460.0,1065.0,3376.0,4457.0,4552.0,4732.0,2050.0,1047.0,157.0,425.0,247.0,842.0,3366.0,4238.0,4393.0,4457.0,2148.0,1033.0,283.0,545.0,306.0,916.0,3511.0,4335.0,4503.0,4589.0,2080.0,1169.5,448.0,775.0,560.5,1315.5,3029.0,3566.5,3532.0,3857.0,2475.0,1427.0,402.0,866.0,617.0,1515.0,2927.0,3327.0,3532.0,3697.0,3319.0,2424.0,655.0,946.0,1142.5,1577.0,2074.0,2328.0,2519.5,2667.5,1826.5,1394.5,998.0,1066.0,1202.0,1377.0,1564.5,1597.0,1856.5,1712.5,3113.0,2162.0,636.0,848.0,1091.0,1406.0,1834.0,2039.0,2393.0,2431.0,2875.0,2422.5,1747.5,1815.0,2013.5,2312.0,2449.0,2615.5,2531.5,2905.0,2485.0,1758.5,717.5,979.5,1335.0,1566.5,1773.5,1962.0,2191.5,2187.5,2685.0,2022.5,846.5,1113.0,1433.5,1704.0,1831.5,2013.0,2217.5,2244.0,0.0,0.0,0.0,0.0,0.0,0.0,0.0,0.0,0.0,0.0,2216.0,1616.0,1003.5,1143.5,1336.5,1541.5,1674.0,1783.5,2027.0,1947.5,0.0,0.0,0.0,0.0,0.0,0.0,0.0,0.0,0.0,0.0,938.0,1025.0,10756.0,10366.0,10226.0,10364.0,9936.0,9560.0,9970.0,9153.0,1491.0,1021.0,1981.5,2137.5,2284.5,2703.5,2848.0,2910.5,2954.0,2992.5,2627.0,1907.0,689.0,965.0,1161.0,1490.0,1863.0,1989.0,2237.0,2231.0,2754.0,1883.0,946.0,1265.0,1260.0,1804.0,2742.0,2997.0,3182.0,3153.0,2130.0,1380.0,600.0,904.0,944.0,1635.0,2487.0,2718.0,2850.0,2869.0,2164.0,1319.0,668.0,999.0,1037.0,1711.0,2589.0,2872.0,3011.0,3043.0,"{""type"":""MultiPoint"",""coordinates"":[]}"
1944,3,1860.0,1257.0,665.0,940.0,1243.0,1524.0,1632.0,1773.0,2023.0,1947.0,4960.5,4422.5,1636.0,2237.0,2816.0,3210.5,3364.0,3518.5,3769.0,3704.0,1861.0,1189.5,680.0,983.0,1169.0,1529.5,1662.0,1800.5,1909.5,1939.5,2784.0,1829.0,1080.0,1361.0,1420.0,1914.0,2077.0,2208.0,2263.0,2427.0,2999.0,2174.0,844.0,1248.0,1494.0,1923.0,2101.0,2286.0,2436.0,2461.0,0.0,0.0,0.0,0.0,0.0,0.0,0.0,0.0,0.0,0.0,3032.0,2255.0,2790.0,2770.0,2762.0,3187.0,3205.0,3142.0,3225.0,2970.0,1905.0,1212.5,717.0,933.0,794.0,1256.5,1973.5,2251.5,2150.5,2321.0,1332.5,850.5,624.0,859.0,680.0,1182.5,2182.0,2575.0,2475.0,2451.5,1037.0,559.0,333.0,431.0,246.0,599.0,1718.0,2358.0,2110.0,2320.0,2059.5,1294.0,2602.5,2068.0,1567.0,1878.5,2909.0,3681.0,4008.5,3669.0,2619.0,1992.0,745.0,1052.0,1379.0,1616.0,1728.0,1883.0,2074.0,2049.0,1297.0,651.0,408.0,558.0,325.0,784.0,2486.0,3517.0,3360.0,3631.0,1283.0,653.0,460.5,698.0,405.5,977.0,2616.0,3548.0,3371.0,3740.5,1536.0,806.0,552.0,888.0,577.0,1377.0,3103.0,3834.0,3701.0,4073.0,1818.0,988.0,594.0,1005.0,744.0,1659.0,2969.0,3489.0,3388.0,3784.0,1908.0,1109.0,615.0,956.0,885.0,1794.0,2776.0,3130.0,3097.0,3487.0,2174.0,1547.0,728.0,994.0,1225.0,1537.0,1690.0,1874.0,1935.0,2026.0,2345.5,1906.5,748.5,1007.0,1257.5,1586.0,1740.0,1903.0,1966.5,2095.0,1738.0,1187.0,574.0,785.0,914.5,1266.5,1496.5,1629.5,1642.0,1742.0,2638.0,1997.0,660.0,933.0,1069.0,1532.0,1757.0,1934.0,2041.0,2140.0,1912.0,1253.0,474.0,728.0,861.0,1250.0,1563.0,1731.0,1835.0,1890.0,3673.0,3287.0,2252.0,2440.5,2680.5,2925.5,3004.0,3101.0,3277.0,3266.0,2127.5,1403.0,560.5,828.0,966.5,1391.0,1716.5,1866.5,2055.0,2039.5,3922.0,3461.5,2645.0,2941.0,3185.0,3741.0,3772.0,3903.5,3501.0,4052.0,1353.5,886.5,438.0,742.0,979.5,1311.5,1430.5,1589.0,1764.0,1716.5,1594.5,1080.5,527.5,826.0,1070.5,1418.5,1553.5,1630.0,1817.0,1804.5,0.0,0.0,0.0,0.0,0.0,0.0,0.0,0.0,0.0,0.0,1434.0,1010.0,509.0,692.0,919.0,1211.0,1296.0,1424.0,1557.0,1538.0,0.0,0.0,0.0,0.0,0.0,0.0,0.0,0.0,0.0,0.0,858.0,944.0,10982.0,10598.0,10542.0,10624.0,10228.0,9843.0,10230.0,9507.0,1637.0,1295.0,1877.5,2177.5,2499.0,2760.5,2737.0,2796.0,2675.0,2782.0,2643.5,1836.5,720.0,1071.5,1393.0,1703.0,1874.0,2019.5,2234.5,2238.5,2915.5,2343.5,1523.5,1708.0,1903.5,2213.0,2377.5,2491.0,2676.5,2647.5,2695.0,1836.0,785.0,1146.0,1387.0,1819.0,2129.0,2277.0,2456.0,2486.0,2822.0,2036.0,878.0,1325.0,1583.0,1874.0,2009.0,2198.0,2566.0,2381.0,"{""type"":""MultiPoint"",""coordinates"":[]}"
1949,5,2299.0,1584.0,936.0,1192.0,1563.0,1747.0,1919.0,2071.0,2326.0,2289.0,2913.5,2236.0,984.0,1222.5,1494.5,1711.0,1953.0,2099.5,2271.5,2295.0,1281.5,723.0,587.5,712.0,899.0,1060.0,1302.0,1477.5,1489.0,1629.0,1335.0,750.0,598.0,747.0,915.0,1102.0,1385.0,1584.0,1624.0,1723.0,0.0,0.0,0.0,0.0,0.0,0.0,0.0,0.0,0.0,0.0,2764.5,2110.0,902.5,1122.5,1390.5,1629.0,1811.5,1934.5,2020.5,2124.5,0.0,0.0,0.0,0.0,0.0,0.0,0.0,0.0,0.0,0.0,2444.0,1842.0,855.0,1092.0,1311.0,1540.0,1671.0,1782.0,1858.0,1927.0,3398.0,2376.0,1987.0,2046.0,2068.0,2370.0,2599.0,2701.0,3221.0,2833.0,2141.0,1439.0,708.0,892.0,1004.0,1281.0,1606.0,1767.0,1797.0,1915.0,2053.0,1199.0,747.0,936.0,1008.0,1358.0,1773.0,1957.0,1924.0,2091.0,2547.0,1843.0,959.0,1227.0,1550.0,1798.0,1970.0,2038.0,2343.0,2247.0,2233.5,1273.0,557.0,769.0,672.5,1122.0,2417.0,2775.0,2685.5,2928.0,2314.0,1481.0,563.0,768.0,701.0,1148.0,2440.0,2916.0,2945.0,3048.0,989.0,505.0,358.0,444.0,305.0,581.0,1807.0,2278.0,2105.0,2309.0,2251.5,1214.0,389.0,606.5,414.5,929.5,3220.0,4087.0,4177.0,4245.5,1979.0,1014.5,325.5,530.0,359.5,799.0,2916.0,3720.5,3855.0,3856.0,0.0,0.0,0.0,0.0,0.0,0.0,0.0,0.0,0.0,0.0,2072.0,1240.5,412.5,672.0,629.5,1147.5,2001.5,2273.0,2475.5,2552.5,2467.0,1753.0,553.0,706.0,816.0,1091.0,1331.0,1437.0,1490.0,1674.0,2454.5,1834.5,471.0,618.0,823.0,1028.0,1225.0,1370.0,1521.0,1601.0,2455.0,1871.0,510.0,645.0,861.0,1085.0,1240.0,1391.0,1523.0,1571.0,0.0,0.0,0.0,0.0,0.0,0.0,0.0,0.0,0.0,0.0,2773.0,2026.0,676.0,881.0,1167.0,1386.0,1500.0,1640.0,1791.0,1831.0,1703.0,1135.0,1592.0,1345.0,1278.0,1331.0,1245.0,1242.0,1372.0,1245.0,1751.0,1051.0,426.0,598.0,836.0,1017.0,1121.0,1263.0,1407.0,1439.0,2533.0,1799.5,731.5,860.5,1083.0,1315.0,1440.0,1555.5,1693.5,1772.0,0.0,0.0,0.0,0.0,0.0,0.0,0.0,0.0,0.0,0.0,1604.0,1032.0,560.0,715.0,903.0,1084.0,1217.0,1306.0,1461.0,1484.0,0.0,0.0,0.0,0.0,0.0,0.0,0.0,0.0,0.0,0.0,1045.0,1023.0,9827.0,9570.0,9505.0,9806.0,9473.0,9214.0,9513.0,8864.0,0.0,0.0,0.0,0.0,0.0,0.0,0.0,0.0,0.0,0.0,1652.0,1099.0,863.0,1102.0,1346.0,1571.0,1675.0,1807.0,1966.0,1948.0,2496.5,1798.5,1046.0,1346.5,1664.0,1864.5,2080.5,2217.0,2418.0,2409.0,1331.0,810.0,708.0,962.0,1214.0,1458.0,1687.0,1815.0,1944.0,1912.0,0.0,0.0,0.0,0.0,0.0,0.0,0.0,0.0,0.0,0.0,"{""type"":""MultiPoint"",""coordinates"":[]}"
1952,5,553.0,385.0,663.5,874.0,1178.5,1410.5,1428.0,1519.5,1645.5,1595.5,3214.0,2143.5,1057.5,1449.5,1864.0,2225.0,2318.0,2506.0,2652.5,2728.0,774.0,383.0,761.0,974.0,1259.0,1548.0,1583.0,1743.0,1892.0,1881.0,4034.0,3168.0,1209.0,1506.0,1866.0,2201.0,2331.0,2507.0,2696.0,2769.0,1610.0,908.0,585.0,774.0,1033.0,1182.0,1252.0,1377.0,1501.0,1528.0,3239.5,2426.0,1242.5,1450.0,1727.0,1963.0,2114.5,2317.5,2211.0,2518.0,0.0,0.0,0.0,0.0,0.0,0.0,0.0,0.0,0.0,0.0,52.0,47.0,958.0,1277.0,1224.0,1327.0,571.0,639.0,496.0,321.0,2451.0,1797.0,714.0,963.0,1254.0,1416.0,1509.0,1597.0,1714.0,1737.0,3115.0,2272.0,1082.0,1362.0,1714.0,1958.0,2173.0,2318.0,2401.0,2460.0,2807.0,1931.5,952.0,1184.0,1397.0,1720.0,2037.0,2243.5,2129.0,2406.5,777.0,441.0,645.0,917.0,1303.0,1532.0,1637.0,1829.0,2037.0,2023.0,2318.0,1462.0,585.0,835.0,893.0,1267.0,1981.0,2180.0,2198.0,2389.0,0.0,0.0,0.0,0.0,0.0,0.0,0.0,0.0,0.0,0.0,2263.0,1301.0,492.0,667.0,584.0,1028.0,2520.0,3104.0,3034.0,3308.0,2177.0,1119.0,440.0,519.0,384.0,859.0,2662.0,3423.0,3294.0,3591.0,1884.0,981.0,345.0,502.0,393.5,758.5,2497.0,3152.5,3196.5,3329.5,1547.5,713.0,256.0,413.0,278.5,662.0,2294.5,2882.5,2864.0,3034.0,1594.5,720.0,347.5,560.0,376.0,900.5,2418.5,2803.0,2897.0,3027.5,2676.0,1911.5,626.0,838.5,935.0,1360.5,1659.5,1843.5,1930.0,2138.0,2792.0,2170.0,514.0,694.0,930.0,1125.0,1246.0,1381.0,1530.0,1634.0,2612.0,1971.0,553.0,731.0,1013.0,1195.0,1279.0,1436.0,1568.0,1660.0,739.0,403.0,684.0,930.0,1261.0,1578.0,1663.0,1798.0,1929.0,2012.0,2948.5,2200.0,737.5,908.5,1164.5,1336.0,1417.0,1563.5,1711.0,1767.5,2568.5,1822.5,757.0,873.5,1097.0,1260.0,1334.0,1478.0,1615.0,1685.5,2145.0,1362.0,523.0,683.0,896.0,1052.0,1152.0,1279.0,1474.0,1475.0,1937.0,1181.0,523.0,718.0,947.0,1143.0,1213.0,1281.0,1415.0,1467.0,3882.0,3235.5,3357.0,3713.5,3940.5,4107.0,3928.0,3771.5,3834.5,3586.5,1445.0,817.0,626.0,778.0,965.0,1150.0,1230.0,1352.0,1467.0,1504.0,0.0,0.0,0.0,0.0,0.0,0.0,0.0,0.0,0.0,0.0,124.0,151.0,10128.0,10104.0,10086.0,10232.0,9847.0,9229.0,9524.0,8595.0,162.0,142.0,7355.0,7259.0,7345.0,7684.0,7605.0,6899.0,6988.0,6698.0,756.5,391.0,653.0,920.5,1205.5,1508.5,1597.5,1752.5,1940.5,1929.0,1299.0,686.0,758.0,1063.0,1403.0,1670.0,1804.0,1977.0,2196.0,2173.0,973.0,497.0,727.0,973.0,1315.0,1613.0,1716.0,1859.0,2080.0,2054.0,681.0,371.0,750.0,998.0,1284.0,1627.0,1606.0,1720.0,1845.0,1849.0,"{""type"":""MultiPoint"",""coordinates"":[]}"
1965,5,1603.5,1523.0,1399.5,1503.5,1620.0,1823.0,1789.0,1800.5,1873.5,1804.0,4056.0,4076.0,1472.0,1810.5,2081.0,2295.0,2404.0,2529.0,2660.5,2673.0,1696.5,1239.0,606.5,750.0,839.5,1031.0,1127.5,1191.0,1274.5,1275.5,1763.5,1267.0,685.0,821.0,867.5,1109.5,1174.0,1237.0,1405.0,1372.5,4256.5,4189.0,1560.5,1963.0,2227.5,2557.5,2756.5,2854.0,3082.5,3062.5,2674.5,2196.0,1565.0,1684.0,1690.0,2006.5,2361.5,2509.0,2525.5,2623.0,0.0,0.0,0.0,0.0,0.0,0.0,0.0,0.0,0.0,0.0,2204.5,1642.5,528.0,826.5,650.0,1145.0,2127.5,2427.0,2436.0,2517.5,3064.0,1842.0,481.5,835.5,604.5,1281.0,3673.0,4131.0,3834.5,4182.5,2647.0,1307.5,327.5,605.5,333.5,939.5,3859.5,5006.0,5073.5,5336.5,3540.5,2159.5,1735.0,1889.0,1691.0,2182.5,4529.0,5636.5,5612.0,5923.0,324.5,205.0,442.0,543.0,612.0,764.0,803.5,884.5,961.0,931.5,2343.0,1020.0,404.0,515.0,320.0,735.5,3857.5,5598.5,5587.0,6016.0,2525.0,1125.5,462.0,597.0,351.0,822.5,4119.5,5827.5,5995.0,6245.0,2235.0,950.0,343.5,482.5,281.5,724.0,3751.0,5401.5,5396.0,5701.0,2172.5,910.0,392.0,518.5,301.5,729.5,3446.0,4924.5,4837.5,5205.5,2302.5,1135.0,396.5,593.0,343.0,930.0,3486.0,4560.5,4830.5,4890.5,2264.5,1118.5,472.5,773.0,486.0,1261.5,3443.0,4220.5,4429.0,4591.5,2212.0,1429.0,336.0,589.5,551.5,1069.5,1668.0,1880.0,2317.5,2373.0,936.0,655.0,268.5,322.5,418.0,545.0,623.0,716.5,753.5,825.0,2423.0,1863.5,315.0,381.5,539.5,682.5,799.0,932.0,1042.0,1086.5,2912.0,2671.0,688.5,885.0,1141.5,1309.0,1384.5,1469.0,1614.0,1651.5,671.0,492.5,471.0,592.0,660.5,787.5,771.5,825.5,880.0,834.5,3152.0,2966.5,763.5,963.5,1231.0,1382.0,1493.0,1580.5,1811.0,1807.0,0.0,0.0,0.0,0.0,0.0,0.0,0.0,0.0,0.0,0.0,1188.5,749.0,321.0,460.5,631.5,769.5,851.0,928.5,1075.5,1076.5,1602.0,1239.5,453.5,628.0,820.0,995.5,1075.0,1056.0,1297.0,1145.5,1319.5,1021.0,1068.0,1073.0,1146.5,1325.5,1307.0,1340.5,1326.0,1382.0,91.5,91.0,479.5,556.5,590.0,709.0,573.0,581.0,622.5,504.5,0.0,0.0,0.0,0.0,0.0,0.0,0.0,0.0,0.0,0.0,1002.5,1095.0,10458.0,10198.0,10160.5,10313.0,9965.5,9608.5,10019.0,9234.5,202.5,160.0,1156.0,1279.0,1394.0,1320.5,1249.5,1293.5,1415.5,1180.0,1585.0,1155.5,480.0,626.0,712.0,883.0,961.5,995.5,1109.0,1070.0,1596.0,1171.0,590.0,716.0,773.0,973.0,1056.0,1126.5,1217.5,1221.5,1659.0,1267.5,525.0,693.0,795.5,973.0,1069.5,1110.0,1191.5,1195.0,3727.0,3650.5,1420.5,1729.0,2013.5,2217.0,2298.5,2437.0,2616.0,2545.5,"{""type"":""MultiPoint"",""coordinates"":[]}"
1987,1,2252.0,1656.5,530.0,893.0,1372.0,1711.0,1833.5,1951.0,2118.0,2105.5,4240.5,3822.5,1268.5,1774.0,2495.5,2894.5,3053.0,3261.0,3391.0,3448.5,0.0,0.0,0.0,0.0,0.0,0.0,0.0,0.0,0.0,0.0,3135.5,2327.5,677.5,1100.5,1156.0,1945.0,2539.5,2738.0,2834.5,2904.5,2561.0,1789.0,583.0,982.5,1123.0,1719.0,2286.0,2430.5,2568.5,2605.0,0.0,0.0,0.0,0.0,0.0,0.0,0.0,0.0,0.0,0.0,0.0,0.0,0.0,0.0,0.0,0.0,0.0,0.0,0.0,0.0,774.0,438.0,709.5,642.5,518.0,667.0,1286.5,1858.0,1644.0,1916.5,1480.5,588.5,170.5,328.5,154.5,443.5,3089.0,5490.0,5562.0,5711.5,0.0,0.0,0.0,0.0,0.0,0.0,0.0,0.0,0.0,0.0,3072.5,2721.0,17870.0,15007.0,13019.0,12898.0,11119.5,10728.0,11202.0,10364.5,2669.5,2154.0,727.5,1113.5,1646.0,1947.5,2108.0,2234.0,2427.5,2400.0,1567.5,605.0,264.5,425.0,245.0,554.5,2833.0,4686.5,4536.5,5059.5,0.0,0.0,0.0,0.0,0.0,0.0,0.0,0.0,0.0,0.0,3025.0,1976.5,1722.5,1840.0,1734.0,2223.0,3344.5,3920.0,3953.0,4210.5,417.0,267.0,216.5,215.5,232.0,315.5,385.0,434.0,389.5,405.5,2223.0,1465.5,238.0,389.0,625.0,844.0,976.0,1127.5,1195.5,1378.0,3153.5,2186.0,795.5,1005.5,1384.0,1695.0,1883.0,2239.0,2040.5,2595.0,4320.0,3527.0,993.0,1358.0,2011.0,2349.5,2471.0,2699.0,2730.5,2989.5,0.0,0.0,0.0,0.0,0.0,0.0,0.0,0.0,0.0,0.0,3325.0,2445.5,802.0,1202.0,1532.0,2042.0,2393.5,2536.5,2623.0,2796.0,3121.0,2184.5,676.0,1129.0,1234.0,1870.0,2635.5,2866.5,3009.0,3098.0,2788.5,2608.5,1855.5,1999.0,2128.5,2283.0,2301.0,2368.5,2478.0,2403.5,1547.5,1003.5,347.5,642.5,588.0,1016.5,1649.0,1788.5,1920.0,1924.5,3032.0,2161.5,702.0,1047.5,1420.5,1907.0,2317.0,2501.0,2740.0,2847.0,3058.5,2177.0,734.5,1092.5,1472.5,1946.0,2393.0,2621.0,2857.5,2898.5,2910.5,2054.5,624.5,1008.0,1341.0,1834.0,2326.0,2474.0,2691.0,2770.0,0.0,0.0,0.0,0.0,0.0,0.0,0.0,0.0,0.0,0.0,0.0,0.0,0.0,0.0,0.0,0.0,0.0,0.0,0.0,0.0,0.0,0.0,0.0,0.0,0.0,0.0,0.0,0.0,0.0,0.0,0.0,0.0,0.0,0.0,0.0,0.0,0.0,0.0,0.0,0.0,918.5,679.0,2914.5,3687.0,4522.0,4895.0,4783.0,4831.0,5111.0,4714.5,3962.0,3573.5,2378.5,2645.0,3053.0,3387.5,3453.5,3540.5,3572.5,3672.5,0.0,0.0,0.0,0.0,0.0,0.0,0.0,0.0,0.0,0.0,2578.0,1935.5,614.0,1054.5,1186.5,1815.5,2099.0,2206.0,2362.0,2340.5,2933.0,2278.0,754.5,1180.0,1310.0,1984.5,2343.0,2479.0,2607.0,2622.0,"{""type"":""MultiPoint"",""coordinates"":[]}"
1997,3,1537.0,988.0,569.0,695.0,888.0,1155.0,1217.0,1359.0,1549.0,1536.0,4093.0,3751.0,1414.0,1913.0,2419.0,2445.0,2343.0,2505.0,2641.0,2746.0,2398.0,1567.0,738.5,1048.5,1295.0,1651.5,1772.0,1951.5,2083.5,2089.5,2965.0,2125.0,908.5,1265.0,1525.0,1926.5,2104.5,2250.0,2388.0,2440.5,3233.0,2439.0,877.0,1333.0,1470.0,2077.0,2332.0,2425.0,2741.0,2658.0,7817.0,6821.0,2403.0,3410.0,4033.0,4993.0,5442.0,5901.0,5773.0,6382.0,2744.0,1646.0,653.0,1134.0,983.0,1815.0,2416.0,2677.0,2740.0,2764.0,2912.0,1782.0,597.0,1038.5,986.0,1632.5,2512.0,2831.0,2976.0,2977.5,2134.0,1490.0,558.0,848.5,775.0,1259.5,2456.0,3048.5,3159.5,3089.0,1230.0,573.0,346.0,467.0,247.0,682.0,2309.0,3373.0,3292.0,3339.0,1216.0,551.0,267.0,403.0,189.0,605.0,2483.0,3813.0,3867.0,4063.0,2969.0,2365.0,753.0,1002.0,1262.0,1545.0,1639.0,1777.0,1955.0,1974.0,1290.0,561.5,435.0,579.0,334.0,744.5,2743.5,4222.5,4165.5,4380.0,1382.0,664.0,548.0,790.0,454.0,1119.0,2964.0,4171.0,4235.0,4292.0,1577.0,784.0,499.0,788.0,455.0,1203.0,3133.0,4258.0,4185.0,4421.0,1729.5,899.0,580.5,912.0,658.0,1515.0,3276.0,4138.5,4109.5,4516.0,2169.0,1457.0,709.0,1041.0,1311.0,1791.0,2843.0,3314.0,3622.0,3682.0,3117.0,2311.0,1283.5,1551.0,1724.5,2276.5,2835.5,3247.0,3051.5,3553.0,2442.5,1633.0,643.5,890.0,1048.0,1427.0,1772.0,1969.0,2053.0,2176.5,2779.0,1997.0,826.5,1103.0,1445.0,1737.5,1935.5,2066.0,2122.0,2238.5,3380.0,2601.0,964.0,1301.0,1678.0,2020.0,2187.0,2330.0,2433.0,2596.0,3485.0,2831.0,1021.5,1366.0,1782.5,2104.0,2303.0,2474.0,2610.5,2754.5,3068.5,2737.0,1456.0,1630.0,1864.5,2123.5,2155.0,2267.5,2326.0,2408.0,3096.0,2176.0,941.0,1226.0,1580.0,1841.0,2070.0,2257.0,2426.0,2540.0,3148.0,2477.0,1651.0,1828.0,2174.0,2582.0,2704.0,2878.0,3021.0,3067.0,2227.5,1504.5,610.0,882.0,1258.0,1490.0,1620.5,1731.5,1978.0,1956.0,2634.0,1915.5,702.5,990.0,1350.0,1622.0,1756.5,1853.0,2033.0,2104.0,0.0,0.0,0.0,0.0,0.0,0.0,0.0,0.0,0.0,0.0,2200.0,1536.0,637.0,873.0,1210.0,1440.0,1543.0,1672.0,1905.0,1857.0,0.0,0.0,0.0,0.0,0.0,0.0,0.0,0.0,0.0,0.0,958.0,1058.0,10904.0,10620.0,10518.0,10593.0,10265.0,9895.0,10276.0,9456.0,385.5,258.5,4023.5,4037.0,4114.5,4384.5,4174.0,4040.0,4091.0,3848.0,2278.0,1568.0,617.5,845.5,1042.0,1388.0,1523.5,1645.0,1835.0,1886.5,3210.0,2379.0,803.0,1098.0,1289.0,1663.0,1869.0,1993.0,2243.0,2242.0,2454.0,1592.0,626.0,911.0,1091.0,1458.0,1620.0,1773.0,1912.0,1976.0,2795.0,1957.0,803.0,1049.0,1199.0,1638.0,1861.0,2007.0,2131.0,2246.0,"{""type"":""MultiPoint"",""coordinates"":[]}"
2011,1,2506.0,1989.0,673.0,894.0,1197.0,1364.0,1470.0,1547.0,1775.0,1748.0,4214.0,3468.5,1169.5,1595.5,1831.5,2310.5,2854.5,3080.5,3295.0,3300.5,2932.0,2061.0,705.0,981.0,1040.0,1489.0,2146.0,2355.0,2576.0,2568.0,2483.0,1382.0,537.0,799.0,632.0,1099.0,2927.0,3688.0,3790.0,3808.0,0.0,0.0,0.0,0.0,0.0,0.0,0.0,0.0,0.0,0.0,3168.0,2373.5,1657.5,1748.5,1594.5,1962.5,3877.5,5277.0,5375.0,5394.0,0.0,0.0,0.0,0.0,0.0,0.0,0.0,0.0,0.0,0.0,1955.0,808.5,300.0,464.5,259.5,617.5,3187.0,5167.5,5069.5,5420.5,2160.0,896.0,358.0,559.0,326.0,754.0,3554.0,5504.0,5383.0,5869.0,1857.0,799.0,372.0,545.0,317.0,692.0,2925.0,4598.0,4769.0,4895.0,1849.0,807.0,287.0,518.0,303.0,725.0,2925.0,4497.0,4497.0,4739.0,1936.5,1601.5,602.5,770.5,979.0,1120.5,1174.5,1271.0,1407.0,1410.0,2102.5,947.0,524.5,789.0,562.5,1127.0,2885.5,3812.0,3813.0,4165.0,2201.0,1252.0,492.0,734.0,705.0,1225.0,2000.0,2359.0,2475.0,2652.0,3485.0,2397.0,651.0,815.0,1142.0,1436.0,1585.0,1852.0,1978.0,2230.0,4641.5,3287.0,1281.5,1675.0,2223.5,2709.5,2924.5,3225.0,3233.5,3616.5,4601.5,3240.0,958.5,1344.5,1688.0,2220.0,2787.0,3116.5,3274.5,3454.0,3999.0,3436.0,980.0,1274.0,1717.0,2030.0,2139.0,2361.0,2419.0,2633.0,3706.5,3087.0,1048.0,1361.5,1831.0,2132.0,2185.0,2381.0,2489.0,2632.0,4377.0,3789.0,1106.0,1490.0,1957.0,2344.0,2449.0,2614.0,2720.0,2902.0,3245.0,2811.5,1168.0,1356.5,1650.5,1867.0,1988.5,2120.5,2227.0,2287.0,3858.0,3756.0,1099.0,1404.0,1848.0,2086.0,2161.0,2326.0,2504.0,2514.0,3713.0,2908.0,3700.0,3700.0,3804.0,4127.0,3865.0,3732.0,3876.0,3575.0,3899.0,3450.0,2419.0,2514.0,2722.0,2976.0,3032.0,3073.0,3288.0,3216.0,3755.0,3222.0,1931.0,2132.0,2349.0,2542.0,2523.0,2612.0,2895.0,2615.0,2064.0,1601.0,463.0,648.0,947.0,1054.0,1143.0,1274.0,1441.0,1403.0,4338.0,4125.0,1267.0,1636.0,2158.0,2419.0,2529.0,2657.0,2891.0,2917.0,0.0,0.0,0.0,0.0,0.0,0.0,0.0,0.0,0.0,0.0,2447.0,1880.0,697.0,873.0,1160.0,1326.0,1396.0,1547.0,1704.0,1736.0,0.0,0.0,0.0,0.0,0.0,0.0,0.0,0.0,0.0,0.0,312.0,225.0,3186.0,3353.0,3593.0,3808.0,3632.0,3506.0,3557.0,3280.0,2690.0,1981.0,800.0,908.0,1168.0,1393.0,1433.0,1589.0,1710.0,1724.0,2800.0,2288.5,833.0,1061.0,1370.0,1558.5,1682.0,1792.0,2028.0,1963.5,4912.0,4461.0,1442.0,1941.0,2495.0,2804.0,2938.0,3134.0,3449.0,3415.0,3807.0,3288.5,2784.0,2865.5,3060.0,3376.0,3248.5,3295.5,3264.0,3349.5,0.0,0.0,0.0,0.0,0.0,0.0,0.0,0.0,0.0,0.0,"{""type"":""MultiPoint"",""coordinates"":[]}"
2028,3,2405.0,1732.0,743.0,978.0,1274.0,1458.0,1549.0,1672.0,1887.0,1850.0,4209.0,3943.0,1235.0,1705.0,2145.0,2527.0,2663.0,2781.0,2854.0,3012.0,2013.5,1382.5,823.0,1171.0,1543.0,1793.5,1815.5,1913.5,1991.5,1995.0,2239.0,1578.0,1256.0,1685.0,1817.0,2052.0,1931.0,2056.0,2151.0,2150.0,3268.0,2729.0,1058.0,1527.0,1900.0,2212.0,2306.0,2406.0,2591.0,2558.0,2638.0,2467.0,1145.0,1274.0,1462.0,1736.0,1956.0,2261.0,1652.0,2487.0,0.0,0.0,0.0,0.0,0.0,0.0,0.0,0.0,0.0,0.0,4568.0,3670.0,1261.0,1894.0,2003.0,2655.0,3507.0,3933.0,4162.0,4057.0,3096.5,2565.5,2800.5,2848.5,2682.0,3143.5,3460.5,3577.5,3765.5,3509.0,751.0,386.0,330.0,431.0,278.0,669.0,1416.0,1874.0,1857.0,1708.0,1082.0,546.0,584.0,748.0,487.0,906.0,2123.0,2961.0,2949.0,2884.0,2818.0,2242.0,907.0,1152.0,1468.0,1681.0,1782.0,1896.0,2103.0,2028.0,1066.5,612.0,538.0,624.5,415.0,825.0,2027.0,2855.0,2688.5,2860.0,1095.5,575.5,473.0,633.0,404.5,849.5,2243.0,2943.5,3037.0,3073.0,1200.0,592.0,447.0,685.0,375.0,992.0,2340.0,2986.0,3020.0,3177.0,1307.0,648.0,409.0,771.0,467.0,1221.0,2572.0,3228.0,3151.0,3349.0,1724.0,954.0,488.0,933.0,672.0,1578.0,2731.0,2960.0,3218.0,3309.0,2078.0,1245.0,492.5,900.0,904.5,1663.5,2347.5,2649.0,2674.5,2881.5,2610.5,1694.0,702.0,1053.5,1238.0,1832.5,2289.0,2502.0,2590.5,2769.5,3463.0,2704.5,2262.0,2308.0,2425.5,2759.5,2905.0,3007.5,3212.5,3212.0,4170.0,3400.0,1264.0,1708.0,2214.0,2519.0,2580.0,2847.0,2959.0,2979.0,4520.0,3601.0,1358.0,1834.0,2364.0,2718.0,2886.0,3033.0,3214.0,3299.0,2661.0,1950.0,905.0,1137.0,1495.0,1683.0,1777.0,1920.0,2183.0,2164.0,2749.5,2380.5,710.0,972.5,1266.0,1541.0,1602.5,1729.5,1843.5,1860.5,2559.5,2098.0,845.5,1093.5,1366.0,1633.0,1723.5,1816.5,1944.5,1966.5,1757.0,1214.5,461.0,709.5,975.0,1152.0,1286.0,1360.0,1546.0,1545.5,1967.0,1383.0,556.0,807.0,1072.0,1264.0,1376.0,1486.0,1614.5,1666.0,0.0,0.0,0.0,0.0,0.0,0.0,0.0,0.0,0.0,0.0,1635.0,1122.0,947.5,1054.5,1267.5,1441.0,1518.0,1595.0,1801.0,1714.5,0.0,0.0,0.0,0.0,0.0,0.0,0.0,0.0,0.0,0.0,994.0,1097.0,10788.0,10404.0,10266.0,10363.0,10018.0,9613.0,9978.0,9210.0,1362.5,982.0,2409.0,2606.0,2797.0,2894.5,2786.5,2939.0,3044.5,2904.0,3604.0,2909.0,1275.0,1738.0,2148.0,2487.5,2568.0,2697.0,2729.0,2889.0,2640.5,2029.0,899.5,1218.0,1487.0,1758.5,1838.0,1961.5,2111.5,2147.5,2862.0,2137.0,882.0,1243.0,1567.0,1865.0,1993.0,2100.0,2242.0,2260.0,3789.0,3535.0,1830.0,2213.0,2604.0,2912.0,2921.0,3045.0,3050.0,3124.0,"{""type"":""MultiPoint"",""coordinates"":[]}"
2049,1,2549.0,1814.0,669.0,926.0,1187.0,1535.0,1918.0,2102.0,2339.0,2335.0,4485.0,4037.5,1324.0,1735.0,2177.0,2618.5,2839.0,3004.5,3223.0,3238.5,2724.0,1994.0,698.0,944.5,1203.0,1522.0,1781.0,1933.5,2044.0,2087.5,2791.0,2024.0,710.0,964.0,1211.0,1574.0,1950.0,2148.0,2297.0,2239.0,0.0,0.0,0.0,0.0,0.0,0.0,0.0,0.0,0.0,0.0,3627.0,2648.0,1023.5,1336.5,1428.0,1998.0,3258.0,3843.5,3881.5,4004.5,0.0,0.0,0.0,0.0,0.0,0.0,0.0,0.0,0.0,0.0,0.0,0.0,0.0,0.0,0.0,0.0,0.0,0.0,0.0,0.0,0.0,0.0,0.0,0.0,0.0,0.0,0.0,0.0,0.0,0.0,2348.5,1142.0,489.0,692.0,493.5,925.5,3336.0,4989.5,4990.0,5424.0,1927.0,887.0,446.0,594.0,375.0,745.0,2953.0,4485.0,4399.0,4686.0,2878.0,2100.0,740.0,1012.0,1260.0,1679.0,2050.0,2209.0,2526.0,2458.0,2017.0,1040.0,442.0,562.0,423.0,770.0,2705.0,4215.0,4039.0,4335.0,2014.0,1049.0,542.0,684.0,557.0,914.0,2718.0,3950.0,3882.0,4036.0,0.0,0.0,0.0,0.0,0.0,0.0,0.0,0.0,0.0,0.0,2496.0,1507.0,495.0,711.5,663.5,1156.5,2173.0,2635.0,2691.0,2982.0,2435.5,1685.0,417.0,583.0,696.5,1031.0,1526.5,1879.0,1989.0,2119.5,0.0,0.0,0.0,0.0,0.0,0.0,0.0,0.0,0.0,0.0,4012.0,3104.5,953.0,1240.5,1679.5,2021.5,2344.5,2590.0,2832.0,2895.5,3148.0,2671.0,2019.0,2118.0,2217.0,2613.0,2832.0,2966.0,2627.0,3093.0,3459.5,2423.0,615.5,929.5,1060.5,1546.5,2211.5,2550.0,2693.5,2702.5,3366.0,2324.0,586.0,925.0,974.0,1563.0,2424.0,2738.0,2960.0,2966.0,0.0,0.0,0.0,0.0,0.0,0.0,0.0,0.0,0.0,0.0,3287.0,2404.0,712.0,1029.0,1340.0,1785.0,2232.0,2472.0,2793.0,2715.0,0.0,0.0,0.0,0.0,0.0,0.0,0.0,0.0,0.0,0.0,2586.0,1684.0,608.0,948.0,1362.0,1693.0,2047.0,2298.0,2630.0,2580.0,2451.0,1704.0,524.0,792.0,1141.0,1444.0,1708.0,1813.0,1978.0,2085.0,0.0,0.0,0.0,0.0,0.0,0.0,0.0,0.0,0.0,0.0,2723.0,1968.0,717.0,950.0,1233.0,1517.0,1883.0,2113.0,2283.0,2279.0,0.0,0.0,0.0,0.0,0.0,0.0,0.0,0.0,0.0,0.0,1122.0,1210.0,10982.0,10592.0,10482.0,10528.0,10233.0,9928.0,10350.0,9522.0,0.0,0.0,0.0,0.0,0.0,0.0,0.0,0.0,0.0,0.0,3083.5,2246.0,1139.0,1411.5,1649.5,2100.5,2444.5,2628.0,2811.5,2819.0,0.0,0.0,0.0,0.0,0.0,0.0,0.0,0.0,0.0,0.0,2759.0,1961.0,677.0,960.0,1273.0,1692.0,1944.0,2133.0,2312.0,2344.0,3004.5,2360.5,1081.0,1316.0,1629.5,1901.0,2011.5,2170.0,2423.0,2455.0,"{""type"":""MultiPoint"",""coordinates"":[]}"
2063,5,2039.0,1432.0,514.0,703.0,788.0,1139.0,1712.0,1857.0,2058.0,1949.0,3863.5,3443.0,1202.5,1541.5,1935.0,2181.0,2269.0,2429.0,2591.5,2670.5,2555.0,1885.0,790.0,987.0,1287.0,1446.0,1537.0,1651.0,1809.0,1845.0,2678.0,1968.0,884.0,1082.0,1313.0,1545.0,1711.0,1841.0,1979.0,2015.0,0.0,0.0,0.0,0.0,0.0,0.0,0.0,0.0,0.0,0.0,4970.0,4236.5,1452.5,1980.5,2152.0,2839.5,3888.5,4221.0,4379.0,4484.5,0.0,0.0,0.0,0.0,0.0,0.0,0.0,0.0,0.0,0.0,4363.5,3360.0,2939.0,3054.0,2882.5,3623.5,5290.0,5899.5,5608.0,6074.0,3246.0,1466.0,318.0,618.0,286.0,1044.0,5511.0,7452.0,7311.0,7957.0,2512.0,1136.0,318.0,509.0,235.0,804.0,4312.0,5937.0,6162.0,6227.0,2394.0,1052.0,227.0,400.0,193.0,710.0,4099.0,5807.0,5784.0,6059.0,2394.0,1893.0,613.0,823.0,1000.0,1373.0,1906.0,2051.0,2301.0,2222.0,2478.5,1030.0,384.5,561.5,320.0,844.5,4026.5,5480.0,5357.0,5856.5,2693.0,1173.0,601.0,732.0,433.0,1009.0,4273.0,5674.0,5642.0,6115.0,0.0,0.0,0.0,0.0,0.0,0.0,0.0,0.0,0.0,0.0,2139.0,1087.0,387.0,690.0,464.0,1196.0,2843.0,3299.0,3283.0,3694.0,2126.0,1177.5,361.0,586.0,466.0,1068.5,2065.0,2403.0,2563.0,2811.5,2884.0,1969.0,432.0,594.0,745.0,1145.0,1477.0,1779.0,1996.0,2224.0,2653.0,1963.5,412.0,538.5,755.0,950.0,1081.0,1209.0,1379.5,1468.5,2375.0,1670.0,345.0,484.0,648.0,869.0,975.0,1091.0,1180.0,1267.0,4270.0,3148.0,1361.5,1540.5,1815.5,2208.0,2526.5,2795.5,3020.0,3108.0,3213.0,3057.0,858.0,1090.0,1443.0,1629.0,1694.0,1855.0,1990.0,2020.0,0.0,0.0,0.0,0.0,0.0,0.0,0.0,0.0,0.0,0.0,1406.0,1229.0,789.0,748.0,806.0,903.0,913.0,945.0,981.0,1051.0,3986.0,3567.0,1119.0,1491.0,1877.0,2251.0,2348.0,2458.0,2575.0,2689.0,2013.0,1451.0,491.0,665.0,928.0,1069.0,1133.0,1250.0,1395.0,1409.0,3504.0,3252.0,972.0,1257.0,1649.0,1891.0,1901.0,2087.0,2221.0,2266.0,0.0,0.0,0.0,0.0,0.0,0.0,0.0,0.0,0.0,0.0,897.0,744.0,401.0,470.0,569.0,636.0,661.0,697.0,740.0,748.0,0.0,0.0,0.0,0.0,0.0,0.0,0.0,0.0,0.0,0.0,489.0,459.0,5252.0,5343.0,5396.0,5744.0,5700.0,5562.0,5704.0,5331.0,3759.0,3176.0,2555.0,2554.0,2606.0,2847.0,2925.0,3021.0,3251.0,3105.0,2132.0,1518.0,584.0,766.0,925.0,1256.0,1595.0,1720.0,1921.0,1897.0,2990.0,2323.5,814.0,1135.5,1338.5,1807.5,2092.5,2261.5,2470.0,2482.5,2466.0,1877.0,653.0,876.0,1120.0,1383.0,1506.0,1663.0,1813.0,1837.0,0.0,0.0,0.0,0.0,0.0,0.0,0.0,0.0,0.0,0.0,"{""type"":""MultiPoint"",""coordinates"":[]}"
2078,5,1165.0,665.0,552.0,697.0,858.0,1009.0,1033.0,1104.0,1261.0,1242.0,2763.5,2357.5,876.0,1059.5,1292.5,1456.0,1519.5,1644.0,1756.5,1788.5,1336.0,849.5,646.5,759.0,909.0,1027.0,1055.5,1142.5,1226.5,1254.5,2057.0,1298.0,1404.0,1502.0,1662.0,1777.0,1964.0,2091.0,2331.0,2150.0,0.0,0.0,0.0,0.0,0.0,0.0,0.0,0.0,0.0,0.0,3247.0,2754.0,1153.5,1248.0,1487.0,1667.5,1744.0,1916.0,1963.0,2071.0,0.0,0.0,0.0,0.0,0.0,0.0,0.0,0.0,0.0,0.0,2908.0,2503.0,902.0,1147.0,1294.0,1593.0,1881.0,2028.0,2136.0,2124.0,3255.0,2481.0,1098.0,1421.0,1512.0,1914.0,2536.0,2671.0,2643.0,2814.0,2815.0,2192.0,742.0,1014.0,1057.0,1488.0,2202.0,2436.0,2470.0,2570.0,0.0,0.0,0.0,0.0,0.0,0.0,0.0,0.0,0.0,0.0,2079.0,1691.0,650.0,775.0,949.0,1111.0,1154.0,1287.0,1420.0,1397.0,0.0,0.0,0.0,0.0,0.0,0.0,0.0,0.0,0.0,0.0,2078.0,1011.0,516.0,634.0,393.0,841.0,3437.0,4900.0,4877.0,4968.0,3559.0,2954.0,4534.0,4032.0,3560.0,3795.0,4185.0,4586.0,5023.0,4575.0,1971.0,940.0,472.0,642.0,448.0,894.0,3180.5,4236.5,4109.0,4466.0,1592.0,707.0,318.0,629.5,334.0,1021.0,3238.5,3946.0,4095.0,4091.0,0.0,0.0,0.0,0.0,0.0,0.0,0.0,0.0,0.0,0.0,2535.0,1671.0,613.0,918.0,1161.0,1661.0,2019.0,2242.5,2478.5,2515.5,1560.0,939.0,586.0,706.0,826.0,1072.0,1264.0,1302.0,1345.0,1468.0,2379.5,1603.0,588.5,731.5,943.5,1200.5,1331.0,1433.0,1617.0,1665.0,3337.0,2458.0,1005.0,1226.0,1676.0,1956.0,2021.0,2247.0,2454.0,2427.0,0.0,0.0,0.0,0.0,0.0,0.0,0.0,0.0,0.0,0.0,2072.0,1661.0,548.0,678.0,894.0,1008.0,1040.0,1163.0,1255.0,1293.0,677.0,549.0,857.0,728.0,718.0,715.0,697.0,790.0,743.0,742.0,870.0,511.0,534.0,728.0,924.0,1063.0,1005.0,1086.0,1143.0,1088.0,1085.5,735.5,599.0,725.5,874.5,1007.0,1010.0,1102.5,1089.0,1175.0,0.0,0.0,0.0,0.0,0.0,0.0,0.0,0.0,0.0,0.0,953.0,661.0,632.0,784.0,967.0,1161.0,1115.0,1173.0,1268.0,1194.0,0.0,0.0,0.0,0.0,0.0,0.0,0.0,0.0,0.0,0.0,1039.0,1155.0,11110.0,10644.0,10512.0,10593.0,10318.0,9926.0,10248.0,9522.0,0.0,0.0,0.0,0.0,0.0,0.0,0.0,0.0,0.0,0.0,2185.0,1515.0,567.0,776.0,981.0,1185.0,1260.0,1355.0,1549.0,1524.0,2127.0,1426.0,653.0,839.0,959.0,1165.0,1234.0,1304.0,1465.0,1476.0,1625.0,1030.0,549.0,770.0,895.0,1117.0,1230.0,1276.0,1464.0,1450.0,3210.0,2927.5,2102.0,2133.5,2311.5,2563.0,2552.5,2676.5,2511.5,2851.5,"{""type"":""MultiPoint"",""coordinates"":[]}"
2092,2,2466.0,1745.0,718.0,866.0,1241.0,1500.0,1567.0,1676.0,1847.0,1879.0,5393.0,4994.0,1688.0,2257.0,2758.0,3270.0,3448.0,3628.0,3931.0,3935.0,3581.0,2813.0,1075.0,1333.0,1637.0,2019.0,2321.0,2437.0,2593.0,2684.0,4374.0,3845.5,1297.5,1739.5,2128.5,2573.5,2946.0,3156.0,3239.5,3321.0,4991.5,4458.0,1750.0,2367.0,2854.5,3217.0,3625.5,3801.5,3983.0,4049.0,6293.0,5578.0,2444.0,3002.0,3544.0,4052.0,4590.0,4963.0,4915.0,5161.0,3743.0,2765.5,1085.5,1466.0,1712.0,2239.0,2753.0,2979.5,2998.0,3146.5,4336.0,3519.0,1102.0,1623.0,1726.0,2373.0,3184.0,3500.0,3542.0,3719.0,4049.0,3268.0,1399.0,1746.0,1851.5,2386.5,3674.0,3971.0,3978.5,4322.0,4492.0,3483.0,1103.0,1693.0,1752.0,2583.0,4276.0,4806.0,5106.0,5263.0,2938.0,1560.0,582.0,894.0,659.0,1445.0,3923.0,4709.0,4772.0,4877.0,3205.0,2569.0,764.0,1106.0,1414.0,1736.0,1883.0,2007.0,2149.0,2239.0,2897.0,1428.5,752.5,1052.0,814.5,1560.5,4619.0,5520.5,5519.0,5956.0,2597.0,1205.0,407.0,741.0,497.0,1256.5,4396.5,5669.5,5588.5,5780.5,2450.0,1064.0,517.0,669.0,476.0,1207.0,4256.0,5406.0,5331.0,5691.0,2610.0,1215.0,580.0,761.5,485.0,1158.5,4362.0,5579.0,5500.0,5868.0,2589.0,1260.0,408.5,724.5,447.0,1292.0,4309.0,5199.5,5154.5,5369.0,2690.0,1414.0,479.5,736.0,584.0,1497.0,3854.0,4534.5,4684.5,4863.5,2661.0,1544.0,431.5,639.0,569.0,1412.0,3200.0,3599.0,3851.5,3994.5,3409.0,2452.0,745.0,923.0,1161.0,1561.0,1936.0,2157.0,2196.0,2444.0,3472.0,2418.5,597.0,794.0,1036.0,1441.5,2008.0,2202.5,2433.5,2660.5,3089.0,1994.5,529.0,748.5,894.5,1326.0,1999.5,2246.5,2486.0,2685.5,2954.0,2336.0,723.0,1072.0,1315.0,1614.0,1780.0,1827.0,2032.0,2020.0,3048.5,1988.5,508.0,749.0,860.5,1306.0,2037.0,2298.0,2588.5,2754.5,0.0,0.0,0.0,0.0,0.0,0.0,0.0,0.0,0.0,0.0,3155.5,2073.0,561.5,880.5,1298.5,1784.0,2163.0,2372.0,2815.0,2946.5,3510.0,2338.0,553.0,879.0,1419.0,1798.0,2159.0,2311.0,2662.0,2842.0,0.0,0.0,0.0,0.0,0.0,0.0,0.0,0.0,0.0,0.0,3500.0,2504.0,615.0,842.0,1214.0,1547.0,1951.0,2157.0,2434.0,2491.0,0.0,0.0,0.0,0.0,0.0,0.0,0.0,0.0,0.0,0.0,581.0,642.0,10738.0,10446.0,10348.0,10418.0,9993.0,9588.0,9986.0,9141.0,1546.5,1149.5,2338.5,2498.5,2715.0,3164.5,3230.5,3052.5,3107.5,3059.5,3145.0,2436.0,729.0,1038.0,1291.0,1700.0,1911.0,1979.0,2162.0,2271.0,3340.5,2600.5,823.5,1169.0,1367.5,1809.0,2108.0,2233.0,2409.0,2513.5,3128.0,2279.0,708.0,1063.0,1324.0,1714.0,2010.0,2135.0,2256.0,2316.0,2910.0,2206.0,816.0,1170.0,1453.0,1858.0,1974.0,2086.0,2330.0,2283.0,"{""type"":""MultiPoint"",""coordinates"":[]}"
2095,5,2282.0,1614.0,580.0,762.0,1084.0,1256.0,1364.0,1487.0,1657.0,1655.0,4235.0,3649.5,1069.5,1475.0,2022.5,2333.5,2446.5,2582.0,2742.0,2840.5,2870.0,2058.0,771.0,984.0,1358.0,1579.0,1696.0,1841.0,2031.0,2082.0,3671.0,3105.0,890.0,1138.0,1597.0,1855.0,1965.0,2116.0,2256.0,2331.0,3553.0,2907.0,856.0,1178.0,1674.0,1929.0,2037.0,2208.0,2415.0,2488.0,4942.0,4118.0,1405.0,1831.0,2356.0,2827.0,3173.0,3498.0,3560.0,3744.0,4627.0,3618.0,4090.0,3474.0,3251.0,3641.0,3829.0,4102.0,4880.0,4275.0,2969.0,1951.0,1153.0,1546.0,2107.0,2426.0,2540.0,2754.0,2172.0,2644.0,3749.0,3149.5,1828.5,2073.5,2314.5,2633.5,2980.0,3179.0,3235.0,3370.0,4677.0,3784.0,1287.0,1790.0,2364.0,2756.0,2984.0,3174.0,3133.0,3437.0,4157.0,3499.0,1112.0,1492.0,1984.0,2356.0,2598.0,2895.0,2918.0,3112.0,2581.0,2012.0,620.0,851.0,1204.0,1384.0,1492.0,1591.0,1746.0,1762.0,3815.0,3044.5,1286.0,1730.0,2029.5,2550.5,3037.0,3339.0,3286.5,3615.0,3433.0,2371.0,1624.0,1680.0,1486.5,2029.0,3114.0,3477.5,3791.0,3690.5,3308.0,2244.0,869.0,1282.0,1371.0,2053.0,3271.0,3788.0,3711.0,4055.0,2844.0,1800.0,551.5,859.0,701.5,1364.5,3108.5,3686.0,3516.5,3960.5,2842.0,1687.0,444.5,763.5,613.5,1236.0,3036.5,3653.0,3749.5,3974.0,2546.0,1620.0,398.0,670.0,600.0,1189.0,2580.0,3023.0,3155.0,3373.0,3086.5,2136.5,481.5,878.5,867.5,1532.0,2472.0,2789.5,3006.5,3143.5,3288.0,2425.0,462.0,731.0,841.0,1303.0,1900.0,2137.0,2187.0,2430.0,3372.5,2537.5,565.0,799.0,931.0,1355.0,1929.0,2171.5,2324.0,2469.0,2920.5,2457.0,650.0,903.5,1208.0,1532.5,1671.0,1841.0,1937.0,2042.5,2309.0,1734.5,2147.5,2066.5,2096.0,2267.5,2279.5,2326.5,2443.5,2376.5,2748.0,2294.0,590.0,858.0,1235.0,1423.0,1501.0,1636.0,1743.0,1779.0,2682.0,2258.5,658.0,881.0,1214.5,1369.5,1475.5,1597.5,1675.5,1752.5,2049.0,1539.0,404.0,625.5,906.5,1054.0,1153.0,1286.5,1448.0,1442.5,2266.0,1813.0,662.0,731.0,947.0,1115.0,1253.0,1318.0,1458.0,1501.0,2187.0,1400.0,1012.0,1122.0,1266.0,1501.0,1726.0,1887.0,1927.0,2025.0,2266.5,1605.5,609.5,790.0,998.5,1297.0,1590.0,1735.0,1796.0,1916.5,1052.0,637.0,1540.0,1345.0,1231.0,1121.0,1240.0,1303.0,1333.0,1364.0,91.0,106.0,10166.0,10112.0,10096.0,10256.0,9819.0,9173.0,9490.0,8585.0,651.0,439.0,2893.0,3298.0,3668.0,3943.0,3813.0,3801.0,3890.0,3762.0,2647.5,1948.5,720.0,971.5,1314.5,1526.5,1665.0,1806.0,1987.0,1978.0,3817.0,3211.0,956.0,1325.0,1830.0,2071.0,2277.0,2462.0,2715.0,2689.0,2740.0,2001.0,647.0,900.0,1236.0,1463.0,1556.0,1760.0,1926.0,1950.0,2581.0,1790.0,652.0,908.0,1281.0,1495.0,1602.0,1749.0,1895.0,1962.0,"{""type"":""MultiPoint"",""coordinates"":[]}"
2121,5,2786.0,2000.0,826.0,1152.0,1525.0,1812.0,2001.0,2146.0,2365.0,2311.0,4640.0,4271.0,1441.0,1919.0,2563.0,2810.0,2947.0,3108.0,3312.0,3335.0,2728.5,1911.5,814.5,1071.5,1483.5,1732.0,1861.0,1995.0,2130.5,2186.0,3123.0,2247.0,922.0,1269.0,1723.0,2030.0,2290.0,2494.0,2653.0,2632.0,0.0,0.0,0.0,0.0,0.0,0.0,0.0,0.0,0.0,0.0,5149.0,4163.0,1626.5,2157.0,2519.0,3179.0,4133.5,4460.5,4732.5,4685.5,0.0,0.0,0.0,0.0,0.0,0.0,0.0,0.0,0.0,0.0,3899.0,2517.0,577.0,1045.0,875.0,1705.0,4734.0,5760.0,5806.0,5935.0,0.0,0.0,0.0,0.0,0.0,0.0,0.0,0.0,0.0,0.0,2641.0,1175.0,194.0,442.0,144.0,751.0,4470.0,6228.0,6407.0,6598.0,2667.0,1145.0,523.0,664.0,406.0,924.0,4360.0,6389.0,6456.0,6812.0,2952.0,2303.0,912.0,1236.0,1585.0,1880.0,2080.0,2214.0,2420.0,2397.0,0.0,0.0,0.0,0.0,0.0,0.0,0.0,0.0,0.0,0.0,2441.0,1051.0,416.0,587.0,319.0,860.0,4083.0,5665.0,5816.0,6019.0,2508.0,1078.0,411.0,625.0,319.0,1005.0,4217.0,5789.0,5789.0,6347.0,2215.0,962.0,403.0,621.0,330.0,976.0,3676.0,4851.0,4754.0,5195.0,2069.5,996.5,352.5,735.5,437.0,1359.0,3282.5,3872.0,4105.0,4307.0,0.0,0.0,0.0,0.0,0.0,0.0,0.0,0.0,0.0,0.0,2660.5,1802.5,392.5,597.5,756.5,1161.0,1530.0,1757.0,1950.5,2101.0,1761.0,1186.0,755.0,793.0,918.0,1122.0,1208.0,1284.0,1290.0,1433.0,4219.5,3100.0,848.0,1156.0,1727.0,2055.0,2225.0,2458.0,2724.0,2847.5,4426.0,3437.0,1021.0,1319.0,1871.0,2215.0,2334.0,2593.0,2787.0,2932.0,0.0,0.0,0.0,0.0,0.0,0.0,0.0,0.0,0.0,0.0,3982.0,2910.0,1000.0,1329.0,1751.0,2085.0,2221.0,2423.0,2636.0,2714.0,0.0,0.0,0.0,0.0,0.0,0.0,0.0,0.0,0.0,0.0,1657.0,1137.0,382.0,609.0,936.0,1070.0,1158.0,1264.0,1379.0,1361.0,1625.0,1244.5,559.0,737.0,1007.0,1156.5,1196.5,1284.5,1338.0,1375.5,0.0,0.0,0.0,0.0,0.0,0.0,0.0,0.0,0.0,0.0,1909.0,1354.0,567.0,775.0,1079.0,1287.0,1359.0,1459.0,1617.0,1596.0,0.0,0.0,0.0,0.0,0.0,0.0,0.0,0.0,0.0,0.0,973.0,1043.0,11050.0,10603.0,10502.0,10588.0,10259.0,9839.0,10255.0,9427.0,0.0,0.0,0.0,0.0,0.0,0.0,0.0,0.0,0.0,0.0,2912.0,2135.0,800.0,1152.0,1466.0,1864.0,2177.0,2351.0,2560.0,2511.0,3612.0,2811.0,1172.0,1594.0,1924.0,2337.0,2785.0,2962.0,3225.0,3138.0,2881.0,2037.0,814.0,1246.0,1553.0,2044.0,2300.0,2438.0,2665.0,2642.0,1086.0,688.0,631.0,687.0,765.0,838.0,835.0,870.0,955.0,938.0,"{""type"":""MultiPoint"",""coordinates"":[]}"
2147,5,2311.5,1530.5,614.0,762.5,963.0,1189.5,1399.0,1553.5,1766.0,1780.5,2459.5,1966.0,807.0,998.0,1165.0,1353.5,1433.5,1562.5,1687.5,1700.5,1811.5,1246.5,524.0,645.5,790.0,912.0,957.5,1061.5,1147.5,1196.5,1979.5,1450.0,638.5,752.5,898.0,1037.0,1085.0,1185.0,1231.0,1308.5,0.0,0.0,0.0,0.0,0.0,0.0,0.0,0.0,0.0,0.0,2285.0,2388.0,940.5,856.5,966.5,1163.5,1444.0,1817.0,1563.0,2273.5,0.0,0.0,0.0,0.0,0.0,0.0,0.0,0.0,0.0,0.0,3282.0,2845.5,857.5,1182.0,1297.0,1691.5,2077.5,2279.5,2384.5,2448.5,3098.0,2280.0,739.5,1105.0,1116.0,1611.0,2541.5,2810.0,2784.0,3029.0,2729.5,1861.0,524.5,846.5,731.5,1280.0,2604.5,3008.5,3045.5,3143.0,0.0,0.0,0.0,0.0,0.0,0.0,0.0,0.0,0.0,0.0,0.0,0.0,0.0,0.0,0.0,0.0,0.0,0.0,0.0,0.0,3043.0,1408.0,319.5,590.0,234.5,969.5,4912.0,6738.5,6581.0,6994.0,2490.5,1132.5,431.5,577.0,323.0,843.0,4186.0,5877.0,5964.5,6137.5,0.0,0.0,0.0,0.0,0.0,0.0,0.0,0.0,0.0,0.0,2344.0,1318.5,630.0,780.5,531.5,1067.0,3569.5,4723.0,4612.0,5058.5,2120.0,982.0,282.5,535.5,269.5,929.5,3503.5,4479.5,4624.5,4803.0,0.0,0.0,0.0,0.0,0.0,0.0,0.0,0.0,0.0,0.0,2484.5,1637.0,399.5,664.5,819.0,1288.0,1762.5,2007.0,2172.0,2377.0,3096.0,2296.5,641.5,794.0,981.0,1258.5,1523.0,1696.5,1689.5,1970.0,2708.0,2061.5,468.5,620.5,883.5,1069.0,1291.0,1441.5,1572.5,1683.0,2763.5,2135.5,557.5,662.5,939.5,1125.0,1288.0,1466.5,1564.0,1676.0,0.0,0.0,0.0,0.0,0.0,0.0,0.0,0.0,0.0,0.0,3699.5,2607.0,957.0,1253.5,1726.0,1984.5,2193.5,2380.5,2612.5,2707.0,0.0,0.0,0.0,0.0,0.0,0.0,0.0,0.0,0.0,0.0,1313.0,873.5,256.5,384.5,563.5,679.5,727.5,814.0,924.5,969.5,1253.5,1022.0,367.5,470.5,576.0,701.0,742.0,805.5,826.5,935.0,0.0,0.0,0.0,0.0,0.0,0.0,0.0,0.0,0.0,0.0,1638.0,1268.5,408.5,482.0,638.0,749.0,866.0,951.0,1036.0,1055.0,0.0,0.0,0.0,0.0,0.0,0.0,0.0,0.0,0.0,0.0,938.0,1020.5,10749.0,10434.0,10408.0,10525.0,10191.5,9836.5,10230.0,9412.5,3925.5,3215.0,3621.0,3517.0,3581.5,3766.0,3762.0,3808.0,3772.5,3817.5,2948.0,2265.5,733.5,944.0,1121.5,1423.0,1752.5,1924.5,2137.0,2125.5,408.0,267.0,366.5,514.0,523.0,640.5,507.5,562.5,550.5,478.0,106.5,77.5,129.5,267.0,188.5,250.0,15.0,47.5,22.5,13.0,217.0,146.5,397.5,582.5,475.5,522.5,284.0,295.5,252.5,221.0,"{""type"":""MultiPoint"",""coordinates"":[]}"
2152,5,2616.0,1860.0,597.5,973.5,1167.0,1583.0,2192.5,2400.0,2590.5,2574.0,3134.0,2319.0,767.0,1193.0,1411.5,1928.0,2354.0,2587.5,2642.0,2741.5,3193.0,2375.5,878.5,1202.0,1558.5,1988.5,2245.5,2382.0,2581.0,2659.5,3100.5,2289.5,909.0,1238.0,1633.5,1926.5,2120.0,2254.5,2431.0,2554.0,2999.0,2211.5,911.0,1342.0,1707.5,2082.0,2234.0,2387.0,2506.0,2610.0,7169.0,6335.0,4596.0,5075.0,5460.5,6241.5,6338.0,6558.5,5704.0,6581.5,3157.5,2166.0,812.0,1152.5,1394.5,1839.0,2206.5,2380.5,2446.5,2608.5,3692.0,2674.0,1320.5,1673.0,1669.0,2255.0,3481.0,4038.0,4002.0,4256.5,4275.5,2539.5,767.0,1262.5,996.5,2013.0,5198.0,5699.0,5658.5,5733.5,3477.5,2012.0,636.5,1003.5,851.5,1616.5,4242.0,5198.0,5261.0,5552.5,3178.5,2143.0,621.0,908.5,837.0,1480.5,3705.5,5035.5,4966.5,5268.5,2729.0,1993.0,631.5,1035.0,1224.0,1677.5,2343.0,2610.5,2764.5,2764.0,3678.5,2764.0,1992.5,2386.5,2453.0,3009.5,4772.5,5697.0,5262.5,6037.0,2164.0,1054.5,641.0,742.5,521.5,1014.5,3276.0,4531.5,4535.5,4962.0,2009.0,980.5,240.5,430.0,312.0,762.5,2969.0,4004.5,3967.0,4283.5,2277.0,1167.0,322.5,566.0,346.0,983.5,3236.5,4247.5,4120.0,4501.0,2742.5,1748.5,522.0,999.0,894.0,1756.5,2854.5,3327.0,3372.0,3706.0,3726.0,2625.0,671.5,1036.0,1320.5,1881.5,2317.0,2649.5,2816.0,3078.0,4136.5,3092.0,884.0,1159.5,1631.0,1951.5,2090.0,2338.5,2535.0,2736.0,4034.0,3202.5,900.5,1174.0,1548.0,1844.0,2013.0,2163.5,2202.5,2450.5,4429.0,3642.5,1046.5,1347.5,1749.5,2036.5,2229.5,2453.0,2635.0,2665.5,4207.5,3419.0,1024.0,1319.0,1689.5,1949.0,2173.0,2368.5,2456.5,2655.5,2381.5,1689.0,573.0,935.0,1001.0,1531.0,2336.0,2645.0,2855.5,2793.0,4016.0,3201.0,996.5,1263.5,1600.0,1885.5,2189.0,2318.0,2502.5,2661.0,3707.5,2897.0,931.0,1179.5,1440.0,1788.0,2174.0,2391.5,2542.5,2650.5,3577.5,2609.5,854.5,1160.0,1349.5,1719.0,2384.0,2533.5,2798.5,2800.5,4798.5,4158.5,2942.0,3128.5,3228.0,3753.5,4196.5,4363.0,4425.0,4604.0,0.0,0.0,0.0,0.0,0.0,0.0,0.0,0.0,0.0,0.0,4218.0,3699.5,2264.5,2611.0,2495.5,3214.5,4139.0,4395.0,4461.0,4423.5,2391.5,1669.0,706.5,1058.5,1087.0,1634.5,2555.5,2765.0,3018.0,2883.5,82.5,86.0,9240.0,9326.0,9361.0,9514.0,9065.5,8382.5,8550.0,7678.0,1328.5,853.0,3147.0,3514.5,3559.5,4115.0,4661.5,4517.5,4609.5,4228.5,2547.5,1687.0,667.5,1077.5,1062.0,1759.0,2655.0,2958.5,3209.5,3168.5,2553.5,1601.0,589.5,1123.5,909.0,1822.5,2930.5,3179.5,3458.5,3446.5,2605.0,1738.0,610.0,1057.5,1048.0,1747.5,2654.0,2922.0,3055.5,3151.0,2803.0,1917.5,667.0,1074.5,1265.0,1846.0,2307.5,2510.0,2717.5,2788.5,"{""type"":""MultiPoint"",""coordinates"":[]}"
2156,3,1358.0,755.0,563.0,750.0,887.0,1349.0,1803.0,1963.0,2290.0,2242.0,3342.0,2399.0,1224.0,1534.5,1854.5,2321.0,2563.0,2766.5,3010.5,3139.5,1250.5,762.0,690.0,957.5,1095.5,1569.5,1694.5,1894.0,2066.5,2126.0,1950.0,1211.5,819.0,1120.0,1039.0,1642.0,1892.5,2119.5,2295.0,2354.0,4926.0,4333.0,1693.0,2134.0,2366.0,2942.0,3161.0,3412.0,3706.0,3719.0,1024.0,655.0,1410.0,1305.0,1140.0,1409.0,1538.0,1660.0,1770.0,1783.0,0.0,0.0,0.0,0.0,0.0,0.0,0.0,0.0,0.0,0.0,4807.0,3896.0,1369.0,1765.0,1757.0,2486.0,3445.0,3900.0,3953.0,4214.0,4448.0,3566.0,1200.0,1587.0,1710.0,2311.0,3067.0,3447.0,3790.0,3850.0,887.0,513.0,399.0,628.0,438.0,1089.0,1851.0,2210.0,2161.0,2047.0,2082.0,1153.0,1179.0,1156.0,774.0,1256.0,3223.0,4348.0,4191.0,4496.0,2598.0,1767.0,923.0,1073.0,1229.0,1714.0,2211.0,2446.0,2751.0,2705.0,1449.0,667.0,356.0,550.0,235.0,742.0,2749.0,4349.0,4177.0,4269.0,1498.0,699.5,432.5,574.5,294.5,776.0,2946.0,4878.5,4917.5,4974.0,1809.5,851.5,397.5,720.5,349.0,1088.5,3431.5,4869.5,4817.5,5118.0,1961.0,976.0,431.0,823.0,413.0,1280.0,3668.0,4903.0,4852.0,5160.0,1942.0,1010.0,425.0,857.0,474.0,1370.0,3738.0,4731.0,4911.0,5011.0,2216.5,1171.0,570.5,1099.0,778.5,1935.0,3852.5,4547.5,4654.0,4950.5,2412.5,1414.5,736.0,1358.5,1243.5,2360.5,3438.5,3824.5,4122.5,4187.0,2774.0,1801.0,907.5,1414.0,1498.5,2331.5,3135.0,3339.5,3438.5,3711.0,4054.0,2822.0,1087.0,1522.0,2195.0,2530.0,2764.0,2979.0,3361.0,3355.0,3987.0,2767.0,1041.0,1461.0,2081.0,2441.0,2625.0,2884.0,3160.0,3231.0,2427.0,2010.0,1466.5,1623.0,1927.0,2303.5,2592.0,2729.5,2695.5,2930.5,3003.0,2139.0,893.0,1187.0,1640.0,1895.0,2087.0,2323.0,2646.0,2610.0,1853.0,1194.0,809.0,1095.0,1598.0,1975.0,2084.0,2320.0,2596.0,2606.0,1155.0,723.5,507.5,791.0,1236.0,1511.0,1572.0,1758.5,1993.0,1943.0,496.0,322.0,346.0,575.0,923.0,1160.0,1236.0,1295.0,1466.0,1481.0,0.0,0.0,0.0,0.0,0.0,0.0,0.0,0.0,0.0,0.0,586.5,489.0,559.5,626.0,771.0,922.0,911.5,985.0,1102.5,1016.0,0.0,0.0,0.0,0.0,0.0,0.0,0.0,0.0,0.0,0.0,997.0,1096.0,10786.0,10428.0,10342.0,10433.0,10181.0,9736.0,10088.0,9308.0,852.0,520.5,517.0,772.0,879.0,1342.0,1611.0,1734.0,1934.5,1939.0,2249.0,1358.0,613.0,867.0,976.0,1505.0,2003.0,2227.0,2529.0,2533.0,2042.5,1277.5,758.5,1020.0,1060.5,1641.0,2264.0,2489.0,2708.0,2700.5,1584.5,906.0,705.0,915.5,945.5,1622.0,2332.0,2528.5,2712.5,2740.5,3384.5,2591.0,1146.5,1521.0,1641.5,2417.5,3103.5,3327.5,3600.0,3642.5,"{""type"":""MultiPoint"",""coordinates"":[]}"
2170,5,1559.0,995.0,436.0,548.0,730.0,871.0,960.0,1053.0,1177.0,1203.0,2708.0,2246.0,800.0,1001.5,1218.0,1402.0,1530.5,1643.5,1805.5,1799.5,1788.0,1094.5,590.0,720.0,901.0,1073.0,1193.0,1287.0,1428.5,1448.5,362.0,240.0,247.0,210.0,231.0,259.0,273.0,299.0,338.0,325.0,0.0,0.0,0.0,0.0,0.0,0.0,0.0,0.0,0.0,0.0,3738.0,3205.5,2421.0,2540.0,2684.0,2973.0,3136.5,3245.0,3345.0,3312.0,0.0,0.0,0.0,0.0,0.0,0.0,0.0,0.0,0.0,0.0,2860.0,2077.0,652.0,933.0,905.0,1346.0,2532.0,2862.0,2986.0,3026.0,1739.0,1123.0,349.0,505.0,460.0,776.0,1854.0,2270.0,2065.0,2458.0,2612.0,1576.0,431.0,688.0,537.0,1030.0,3113.0,3888.0,3948.0,4054.0,1706.0,982.0,1225.0,1196.0,886.0,1140.0,3025.0,3834.0,3622.0,3992.0,2173.0,1858.0,570.0,711.0,875.0,990.0,1073.0,1159.0,1324.0,1317.0,0.0,0.0,0.0,0.0,0.0,0.0,0.0,0.0,0.0,0.0,2194.0,963.0,415.0,554.0,314.0,697.0,3614.0,5067.0,5150.0,5302.0,0.0,0.0,0.0,0.0,0.0,0.0,0.0,0.0,0.0,0.0,2131.0,928.0,334.0,533.0,298.5,820.5,3361.5,4383.0,4357.5,4781.5,1967.5,910.0,274.5,531.5,303.0,894.0,2839.0,3476.5,3772.5,3872.5,0.0,0.0,0.0,0.0,0.0,0.0,0.0,0.0,0.0,0.0,2839.5,1966.0,400.0,584.0,792.5,1096.5,1335.0,1527.5,1745.0,1906.0,4118.0,3185.0,965.0,1139.0,1442.0,1700.0,1849.0,2038.0,2089.0,2318.0,3616.0,2763.5,735.5,943.5,1248.0,1486.5,1761.0,1911.5,2096.5,2194.5,2255.0,1912.0,519.0,637.0,868.0,985.0,1041.0,1187.0,1245.0,1315.0,0.0,0.0,0.0,0.0,0.0,0.0,0.0,0.0,0.0,0.0,2166.0,1705.0,528.0,674.0,887.0,1006.0,1051.0,1144.0,1279.0,1322.0,0.0,0.0,0.0,0.0,0.0,0.0,0.0,0.0,0.0,0.0,1272.0,760.0,315.0,463.0,649.0,767.0,825.0,901.0,1050.0,1107.0,1521.0,935.0,415.0,591.0,812.0,926.0,1005.0,1094.0,1189.0,1255.0,0.0,0.0,0.0,0.0,0.0,0.0,0.0,0.0,0.0,0.0,1562.0,1017.0,440.0,541.0,691.0,860.0,906.0,1026.0,1146.0,1167.0,0.0,0.0,0.0,0.0,0.0,0.0,0.0,0.0,0.0,0.0,1097.0,1153.0,11092.0,10696.0,10540.0,10609.0,10282.0,9907.0,10343.0,9519.0,3396.0,3578.0,5098.0,2244.0,2516.0,2893.0,3043.0,3298.0,5662.0,3479.0,2054.0,1352.0,489.0,681.0,890.0,1115.0,1178.0,1288.0,1464.0,1472.0,2105.5,1446.0,631.5,793.0,964.5,1135.5,1264.0,1370.0,1487.0,1536.0,1765.0,1094.0,520.0,666.0,831.0,1030.0,1135.0,1263.0,1385.0,1396.0,3014.0,2631.0,901.0,1119.0,1351.0,1570.0,1690.0,1800.0,1910.0,1943.0,"{""type"":""MultiPoint"",""coordinates"":[]}"
2171,2,2414.0,1651.0,671.5,932.5,1264.5,1587.0,1786.0,1961.0,2196.5,2248.5,3937.5,3005.0,1388.5,1677.0,2052.0,2618.0,2859.0,3013.5,3127.5,3314.5,2967.0,2044.0,973.0,1317.0,1745.0,2066.0,2194.0,2364.0,2541.0,2562.0,2900.0,1934.0,1507.0,1891.0,2285.0,2710.0,2682.0,2836.0,2672.0,3028.0,3206.0,2316.0,965.0,1358.0,1797.0,2088.0,2311.0,2491.0,2629.0,2666.0,6163.0,5704.0,1883.0,2478.0,3131.0,3731.0,3959.0,4215.0,4266.0,4455.0,0.0,0.0,0.0,0.0,0.0,0.0,0.0,0.0,0.0,0.0,5453.0,4909.0,1748.0,2332.0,2935.0,3427.0,3721.0,3969.0,3977.0,4199.0,3757.0,2932.0,1002.0,1444.0,1887.0,2278.0,2523.0,2758.0,2900.0,3011.0,5396.0,4800.0,1610.0,2163.0,2749.0,3245.0,3724.0,4102.0,4175.0,4235.0,4836.0,3971.0,1374.0,1884.0,2175.0,2822.0,3902.0,4405.0,4348.0,4640.0,3215.0,2326.0,788.0,1094.0,1442.0,1732.0,2034.0,2161.0,2391.0,2467.0,3171.0,2122.0,2041.0,2105.0,1890.0,2363.5,3834.5,4354.5,4282.0,4692.0,2747.0,1333.0,880.0,1103.0,833.0,1543.0,3740.0,4526.0,4394.0,4653.0,2822.0,1514.0,685.0,965.0,844.0,1574.0,3784.0,4539.0,4475.0,4831.0,2634.0,1342.0,561.0,710.0,559.0,1110.0,3779.0,4847.0,4449.0,4923.0,2251.5,1107.0,414.5,646.5,484.0,1060.0,3233.5,4033.0,4000.5,4348.5,2848.0,1662.0,586.0,843.0,751.0,1466.0,3331.0,4002.0,3905.0,4191.0,2641.5,1626.5,567.0,865.5,939.5,1583.0,2557.0,2867.0,3018.0,3212.0,3376.0,2552.0,744.0,964.0,1278.0,1617.0,1774.0,1951.0,2136.0,2323.0,3247.0,2439.5,916.0,1183.5,1543.5,1791.5,1847.0,1964.5,2428.0,2111.0,4331.0,3565.0,1058.0,1367.0,1798.0,2110.5,2286.0,2500.5,2690.5,2755.5,3931.0,2903.0,1033.0,1393.0,1740.0,2201.0,2720.0,2972.0,3291.0,3229.0,3237.0,2378.0,1096.0,1278.0,1347.0,1528.0,1784.0,1959.0,2149.0,2194.0,4213.5,3280.0,1187.5,1499.5,1791.5,2254.5,2554.0,2718.5,3005.5,2969.5,2412.0,1617.5,602.5,846.5,989.0,1298.0,1718.0,1877.5,2089.5,2159.0,3217.0,2320.5,1098.5,1328.5,1462.5,1814.5,2201.0,2425.0,2669.0,2677.0,0.0,0.0,0.0,0.0,0.0,0.0,0.0,0.0,0.0,0.0,2407.0,1495.0,693.0,1010.0,954.0,1545.0,2367.0,2677.0,2904.0,2825.0,0.0,0.0,0.0,0.0,0.0,0.0,0.0,0.0,0.0,0.0,180.0,155.0,7362.0,7620.0,7822.0,8353.0,7651.0,7438.0,7375.0,6621.0,1170.0,785.0,1122.0,1488.0,1830.0,2092.0,2119.0,2280.0,2362.0,2250.0,2695.0,2000.0,844.0,1188.0,1451.0,1807.0,2062.0,2238.0,2543.0,2495.0,4124.0,3189.5,1664.0,1992.5,2373.5,2884.5,3146.5,3336.5,3348.5,3623.0,3273.0,2491.0,949.0,1299.0,1610.0,2145.0,2428.0,2558.0,2735.0,2831.0,3815.0,2921.0,1046.0,1477.0,1809.0,2427.0,2562.0,2868.0,3021.0,3060.0,"{""type"":""MultiPoint"",""coordinates"":[]}"
2226,1,1104.0,735.0,385.0,513.0,641.0,841.5,907.0,999.0,1095.0,1095.5,3010.0,2463.0,978.5,1157.0,1345.5,1598.0,1696.0,1800.5,1958.5,2017.5,1661.5,1119.0,620.0,757.5,902.0,1062.5,1174.5,1298.5,1390.0,1425.0,2182.0,1421.0,895.0,1109.0,1140.0,1496.0,1779.0,1925.0,1949.0,2063.0,2090.0,1387.0,550.0,807.0,761.0,1149.0,1469.0,1563.0,1707.0,1692.0,3410.0,2402.0,2336.0,2335.0,2121.0,2452.0,3306.0,3591.0,3948.0,3724.0,1793.0,1278.0,1765.0,1559.0,1287.0,1566.0,2304.0,2468.0,2548.0,2540.0,1518.0,797.0,208.0,364.0,194.0,546.0,2243.0,3479.0,3379.0,3613.0,1682.5,709.5,234.0,446.5,211.0,557.0,3204.5,5041.0,4921.0,5140.0,1673.0,709.5,284.0,478.5,235.5,562.0,3219.0,4946.5,5013.0,5126.5,2187.5,1188.5,667.5,889.0,717.5,1158.0,3479.5,4918.5,4938.0,5148.0,2136.0,1661.0,694.5,817.5,976.5,1134.5,1255.5,1353.5,1528.5,1519.0,2978.0,1613.0,2295.0,2204.0,1772.0,2073.5,4070.5,5327.5,5463.5,5511.5,1785.0,760.5,461.5,770.0,434.5,1028.5,3373.0,4394.0,4366.5,4552.5,1780.0,863.5,399.0,761.5,531.5,1148.5,2583.5,3035.0,3015.0,3325.5,2064.0,1372.0,482.0,616.0,735.0,1060.0,1394.0,1600.0,1589.0,1942.0,2166.0,1630.0,420.0,518.0,645.0,863.0,1097.0,1280.0,1364.0,1471.0,1771.0,1229.0,386.0,491.0,599.0,762.0,925.0,1106.0,1153.0,1226.0,4141.5,3116.0,933.0,1272.5,1830.0,2213.0,2467.0,2678.0,2886.0,3031.0,2581.5,1812.5,1263.5,1346.0,1488.5,1840.5,2060.0,2162.0,2261.0,2269.5,2892.0,2024.0,633.5,887.0,1141.0,1520.0,1873.0,2011.5,2224.5,2344.5,2794.0,1837.5,606.0,859.0,1083.5,1398.5,1749.0,2017.0,1843.5,2233.0,0.0,0.0,0.0,0.0,0.0,0.0,0.0,0.0,0.0,0.0,2637.0,1859.5,586.5,828.0,1067.0,1475.0,1752.0,1890.5,2093.5,2177.0,3713.0,3542.0,2894.0,2884.0,3023.0,3233.0,3242.0,3315.0,3432.0,3463.0,1783.0,1204.5,463.0,667.0,1006.0,1252.5,1395.0,1486.5,1738.0,1786.0,2012.0,1415.0,521.5,729.0,1046.5,1276.5,1373.0,1498.0,1712.5,1750.0,0.0,0.0,0.0,0.0,0.0,0.0,0.0,0.0,0.0,0.0,1729.0,1190.0,554.0,675.0,920.0,1117.0,1272.0,1348.0,1551.0,1598.0,0.0,0.0,0.0,0.0,0.0,0.0,0.0,0.0,0.0,0.0,1095.0,1174.0,10760.0,10368.0,10237.0,10302.0,10042.0,9731.0,10148.0,9370.0,636.0,421.0,5550.0,5525.0,5609.0,5832.0,5552.0,5242.0,5547.0,5025.0,1381.0,938.0,410.0,577.0,662.0,865.0,974.0,1081.0,1172.0,1188.0,1476.0,1017.0,590.5,745.5,816.0,1075.5,1222.0,1344.5,1425.0,1484.5,1340.0,947.0,484.0,681.0,800.0,1040.0,1109.0,1207.0,1316.0,1313.0,2667.0,1660.0,772.0,947.0,1093.0,1342.0,1485.0,1619.0,1712.0,1786.0,"{""type"":""MultiPoint"",""coordinates"":[]}"
2228,5,1405.0,932.0,547.0,700.0,847.0,1049.0,1123.0,1195.0,1371.0,1359.0,3579.5,3327.0,1250.0,1552.0,1853.5,2109.0,2236.5,2363.5,2579.0,2565.0,1878.5,1342.5,680.5,816.5,1034.5,1172.5,1260.5,1345.0,1467.0,1506.5,2082.0,1446.0,793.0,978.0,1190.0,1414.0,1557.0,1668.0,1831.0,1858.0,0.0,0.0,0.0,0.0,0.0,0.0,0.0,0.0,0.0,0.0,2926.0,2034.0,842.0,1141.0,1124.0,1619.0,2465.0,2678.0,2894.0,2879.0,0.0,0.0,0.0,0.0,0.0,0.0,0.0,0.0,0.0,0.0,3966.0,2965.0,878.0,1293.0,1138.0,1857.0,4098.0,4817.0,5041.0,5025.0,2448.0,1211.0,295.0,629.0,294.0,1002.0,4235.0,5293.0,5289.0,5500.0,2818.0,1295.0,428.5,635.0,294.0,947.0,4692.5,6355.0,6381.0,6826.0,2463.0,1099.0,452.0,608.0,350.0,866.0,3985.0,5641.0,5688.0,6008.0,1861.0,1396.0,613.0,743.0,923.0,1087.0,1190.0,1268.0,1426.0,1459.0,294.0,141.0,164.0,152.0,67.0,132.0,680.0,1038.0,924.0,1044.0,2177.0,972.0,452.0,572.0,324.0,805.0,3643.0,4950.0,5086.0,5301.0,3339.0,1976.0,7320.0,4509.0,3851.0,4172.0,5090.0,5605.0,6804.0,5474.0,2092.5,956.0,354.0,603.5,328.5,977.5,3385.5,4271.0,4200.0,4605.0,2175.5,1197.0,364.0,669.0,485.5,1172.0,2536.0,2976.5,3243.5,3468.5,0.0,0.0,0.0,0.0,0.0,0.0,0.0,0.0,0.0,0.0,3199.0,2594.5,500.5,652.0,921.5,1115.5,1230.5,1378.0,1552.0,1682.5,747.0,487.0,446.0,454.0,423.0,482.0,483.0,512.0,510.0,518.0,2609.5,2072.0,483.5,593.0,741.0,914.5,1032.5,1150.5,1282.0,1331.5,2753.0,2175.0,539.0,632.0,771.0,982.0,1090.0,1230.0,1330.0,1424.0,0.0,0.0,0.0,0.0,0.0,0.0,0.0,0.0,0.0,0.0,3523.0,2740.0,872.0,1106.0,1430.0,1665.0,1799.0,1943.0,2155.0,2206.0,2649.0,1866.0,1797.0,1640.0,1680.0,1887.0,1978.0,2018.0,2520.0,2262.0,1667.0,1017.0,400.0,575.0,737.0,957.0,1133.0,1253.0,1421.0,1468.0,2537.0,1787.0,590.0,851.0,960.0,1287.0,1643.0,1791.0,1943.0,1968.0,0.0,0.0,0.0,0.0,0.0,0.0,0.0,0.0,0.0,0.0,2381.0,1608.0,629.0,809.0,857.0,1197.0,1708.0,1863.0,2014.0,1982.0,0.0,0.0,0.0,0.0,0.0,0.0,0.0,0.0,0.0,0.0,1066.0,1170.0,11106.0,10717.0,10572.0,10591.0,10302.0,9937.0,10389.0,9596.0,0.0,0.0,0.0,0.0,0.0,0.0,0.0,0.0,0.0,0.0,2262.5,1629.0,1530.5,1558.0,1595.5,1793.5,1836.5,1891.0,2102.0,1993.5,2038.0,1409.0,798.0,990.0,1163.0,1373.0,1485.0,1618.0,1805.0,1779.0,1455.0,966.0,612.0,798.0,1010.0,1241.0,1317.0,1416.0,1580.0,1570.0,2799.0,2196.0,1011.0,1259.0,1468.0,1736.0,1814.0,1937.0,2051.0,2110.0,"{""type"":""MultiPoint"",""coordinates"":[]}"
2263,5,2353.5,2212.0,1844.5,1928.0,2127.5,2251.5,2255.5,2336.0,2480.5,2395.0,3692.0,2861.5,1245.5,1615.5,2023.5,2271.5,2341.0,2474.5,2611.5,2686.0,888.5,526.5,638.5,897.0,1121.5,1358.0,1368.5,1474.0,1555.0,1540.0,995.5,573.5,686.0,952.5,1174.0,1457.5,1462.5,1581.5,1693.0,1669.5,4301.0,3709.0,1334.0,1824.5,2257.5,2609.0,2771.0,2873.5,3081.0,3074.5,5564.5,4840.0,1992.0,2511.0,3003.5,3573.0,3670.5,3954.0,3917.5,4151.0,0.0,0.0,0.0,0.0,0.0,0.0,0.0,0.0,0.0,0.0,3422.5,3094.0,1064.5,1397.5,1704.0,2028.5,2109.5,2272.5,2189.5,2450.0,4111.5,3723.5,1243.5,1591.0,2056.0,2349.0,2414.0,2601.5,2522.5,2762.5,2851.0,2088.5,888.0,1122.5,1459.0,1711.5,1924.5,2075.5,2204.5,2224.0,2905.5,2286.5,1066.5,1397.0,1728.5,1984.5,2433.5,2672.0,2745.0,2755.5,1242.0,866.5,760.5,994.0,1269.5,1427.5,1445.5,1479.5,1712.0,1553.5,4565.0,3947.5,1253.5,1694.5,2081.0,2569.5,3041.5,3341.5,3240.5,3522.0,4353.0,3717.0,1202.5,1604.0,1897.0,2386.0,3058.0,3408.0,3476.0,3594.5,3706.0,2820.5,1318.5,1638.0,1766.5,2208.0,3252.5,3721.5,3670.5,3893.0,3077.0,2345.0,823.5,1112.0,1164.0,1630.5,2817.5,3295.5,3180.0,3494.5,891.0,495.0,521.5,729.5,630.0,945.5,1678.5,2001.0,1931.0,1872.5,2450.0,1614.5,489.0,841.5,854.0,1335.5,2577.0,2970.5,3086.5,3176.0,2198.5,1373.0,476.0,693.0,648.5,1090.5,2460.0,2908.5,3049.0,3101.5,1893.5,976.0,613.5,882.5,720.0,1394.0,2569.0,2914.0,2928.5,3099.5,2971.0,2151.0,682.5,1129.0,1341.0,1762.0,2224.0,2435.0,2512.0,2695.0,3747.5,3085.5,866.0,1238.5,1589.5,1927.5,2115.0,2264.0,2437.5,2549.5,2560.5,2285.0,1744.5,1946.0,2198.0,2363.0,2411.5,2484.0,2690.0,2612.5,3695.0,3065.5,872.0,1176.0,1569.0,1783.0,1907.5,2071.5,2333.5,2301.5,1413.5,792.0,689.0,768.5,1005.5,1209.5,1305.0,1432.0,1694.0,1694.0,1707.0,1024.5,432.5,662.0,919.5,1083.0,1186.0,1311.0,1495.0,1496.5,2709.0,2065.0,626.5,886.0,1170.0,1369.0,1465.0,1573.5,1707.5,1769.0,4204.0,3857.0,3358.0,3383.0,3468.5,3753.0,3696.0,3824.0,3760.5,3920.0,1106.0,668.5,549.5,656.5,773.5,908.0,986.5,1066.5,1168.0,1138.0,0.0,0.0,0.0,0.0,0.0,0.0,0.0,0.0,0.0,0.0,1099.5,1153.5,10021.0,9844.0,9786.5,9918.0,9593.5,9272.5,9700.0,8942.5,991.0,704.0,1715.0,1955.5,2121.5,2428.0,2371.0,2291.0,2394.5,2265.0,954.5,576.0,752.0,1025.0,1288.5,1469.5,1453.5,1600.0,1659.0,1648.5,1243.5,783.0,711.5,939.5,1188.5,1420.5,1468.5,1567.5,1727.0,1725.0,1461.5,956.5,677.0,991.0,1234.5,1525.5,1547.5,1663.0,1772.0,1783.0,3173.5,2452.0,1200.5,1482.5,1847.5,2101.5,2170.5,2266.0,2492.0,2469.5,"{""type"":""MultiPoint"",""coordinates"":[]}"
2277,3,1658.0,1008.0,504.0,723.0,865.0,1389.0,1819.0,1980.0,2201.0,2213.0,2275.0,1348.5,592.5,969.0,934.5,1693.0,2404.5,2619.5,2853.0,2887.5,1456.0,813.5,477.0,943.0,929.0,1636.5,2292.0,2479.0,2701.5,2691.5,1050.5,597.5,683.0,954.0,837.0,1367.5,1790.5,1908.0,2093.0,2044.0,2468.0,1534.0,488.0,742.0,891.0,1348.0,1696.0,1905.0,2153.0,2200.0,0.0,0.0,0.0,0.0,0.0,0.0,0.0,0.0,0.0,0.0,0.0,0.0,0.0,0.0,0.0,0.0,0.0,0.0,0.0,0.0,4081.0,3319.5,1642.0,1944.5,2183.0,2568.0,2901.0,3146.5,3238.0,3337.0,4821.0,4297.0,1235.0,1708.0,2200.0,2575.0,2833.0,3004.0,3266.0,3318.0,334.0,254.0,472.0,588.0,538.0,748.0,791.0,912.0,856.0,765.0,3148.0,2892.5,3359.5,3238.5,3058.0,3400.0,3761.0,4048.0,3865.0,4008.0,2417.0,1613.0,478.0,728.0,909.0,1438.0,2027.0,2258.0,2462.0,2473.0,1192.0,556.0,347.0,445.0,232.0,608.0,2231.0,3194.0,3115.0,3205.0,1223.0,554.0,328.0,527.0,257.0,660.0,2427.0,3601.0,3688.0,3702.0,1075.0,476.5,277.0,390.0,204.5,559.0,2200.5,3285.0,3209.5,3421.5,1162.5,554.0,287.5,453.0,255.5,670.5,2228.0,3189.0,3107.0,3397.5,1256.0,598.0,322.0,611.0,344.0,1052.0,2737.0,3471.0,3538.0,3658.0,1332.5,649.5,386.0,706.0,495.0,1255.5,2759.0,3395.5,3389.0,3701.5,1410.0,782.5,414.0,728.5,660.5,1336.5,2335.0,2694.5,2826.0,3003.5,1617.5,924.5,467.5,737.5,775.5,1315.0,1908.5,2161.5,2189.0,2390.5,2789.0,1779.5,660.0,1007.0,1214.5,1878.0,2416.5,2671.5,2833.5,3060.5,3435.0,2387.0,907.0,1279.0,1820.0,2274.0,2540.5,2725.5,2979.5,3089.5,1962.0,1333.0,803.0,975.5,1077.5,1524.0,2015.0,2177.0,2434.0,2395.0,2503.0,1669.0,710.0,994.0,1439.0,1765.0,1881.0,2084.0,2208.0,2284.0,1977.0,1382.0,740.0,976.0,1407.0,1680.0,1773.0,1931.0,2147.0,2185.0,1721.0,1121.5,621.5,930.5,1409.0,1647.0,1742.0,1845.5,2084.0,2111.0,1828.5,1220.0,708.0,1021.5,1454.5,1739.0,1787.5,1894.5,2052.5,2124.0,0.0,0.0,0.0,0.0,0.0,0.0,0.0,0.0,0.0,0.0,1326.0,977.5,862.0,955.5,1187.0,1306.5,1372.0,1473.5,1665.5,1642.5,0.0,0.0,0.0,0.0,0.0,0.0,0.0,0.0,0.0,0.0,1185.0,1260.0,10550.0,10238.0,10170.0,10346.0,9998.0,9648.0,10004.0,9282.0,904.0,600.0,1553.0,1738.5,1878.5,2185.5,2548.0,2597.0,2796.0,2587.5,2001.5,1203.0,428.0,725.5,800.5,1424.5,2148.0,2372.0,2650.5,2590.5,2134.0,1274.0,547.0,893.0,836.0,1564.0,2584.0,2812.0,3110.0,3004.0,1645.0,950.0,427.0,753.0,673.0,1488.0,2494.0,2711.0,2898.0,2922.0,1864.0,1088.5,514.5,868.5,797.0,1615.0,2514.0,2768.0,2987.5,2993.5,"{""type"":""MultiPoint"",""coordinates"":[]}"
2280,5,1770.5,1124.5,760.5,1099.0,1474.0,1710.0,1843.0,1969.5,2213.5,2140.0,3372.0,2375.0,943.0,1296.0,1547.0,1881.0,2319.0,2503.0,2762.0,2600.0,1956.5,1228.5,672.5,989.0,1131.5,1506.5,2002.0,2203.5,2368.0,2294.5,2460.0,1736.0,756.0,1076.0,1055.0,1511.0,2360.0,2663.0,2796.0,2730.0,2541.0,1653.0,659.0,1008.0,995.0,1492.0,2444.0,2583.0,2904.0,2726.0,4703.0,4289.0,2012.0,2772.0,3271.0,3930.0,3988.0,4174.0,3241.0,4341.0,0.0,0.0,0.0,0.0,0.0,0.0,0.0,0.0,0.0,0.0,3577.5,2883.0,1073.0,1385.0,1330.5,2177.5,3008.5,3307.0,3368.0,3648.5,3314.0,2545.0,911.5,1218.0,1346.5,2081.5,2650.0,2984.5,3053.5,3283.0,2903.0,2141.0,805.0,1016.0,1069.0,1562.0,2303.0,2577.0,2595.0,2802.0,2839.5,1845.0,850.0,1060.0,1069.5,1566.5,2493.5,2873.0,2805.0,3072.5,2602.0,1857.0,920.0,1241.0,1645.0,1886.0,2042.0,2132.0,2350.0,2387.0,2881.0,1920.0,790.0,993.0,950.0,1471.0,2587.0,3044.0,2894.0,3209.0,2326.0,1435.0,622.0,821.0,791.5,1279.0,2414.5,2897.5,2809.0,3086.5,2461.0,1579.0,708.0,903.0,882.0,1364.0,2429.0,2870.0,2857.0,3138.0,2478.0,1536.0,468.0,716.0,696.0,1205.0,2386.0,2992.0,2881.0,3217.0,2294.0,1365.0,426.0,695.0,577.0,1173.0,2519.0,2905.0,3052.0,3222.0,1934.5,1113.0,430.5,637.0,555.0,1053.0,2219.5,2561.5,2555.0,2817.5,2175.5,1274.5,409.0,650.5,547.0,1143.5,2419.0,2803.5,2981.5,3129.0,3383.5,2607.0,1872.5,2035.5,1960.5,2580.0,3205.0,3412.0,3491.0,3613.0,2320.0,1409.0,360.0,583.0,534.0,1072.0,2066.0,2439.0,2581.0,2617.0,2465.0,1692.0,423.0,638.0,656.0,1150.0,1933.0,2294.0,2552.0,2497.0,537.0,382.0,398.0,386.0,464.0,504.0,553.0,626.0,593.0,623.0,2168.0,1479.0,415.0,601.0,612.0,1081.0,1943.0,2185.0,2504.0,2538.0,2168.0,1463.5,533.0,724.0,843.5,1287.0,1854.5,2103.0,2288.0,2362.5,1926.5,1226.5,351.0,560.0,758.5,1076.5,1492.0,1749.0,1945.5,1949.5,2070.5,1388.0,460.0,681.0,900.5,1174.5,1532.5,1743.0,1922.5,1998.5,0.0,0.0,0.0,0.0,0.0,0.0,0.0,0.0,0.0,0.0,2076.0,1398.0,762.0,968.5,1172.0,1395.5,1656.0,1832.0,2040.0,1972.5,0.0,0.0,0.0,0.0,0.0,0.0,0.0,0.0,0.0,0.0,942.0,1015.0,10228.0,9842.0,9884.0,10079.0,9750.0,9414.0,9624.0,8853.0,1238.0,859.5,2044.0,2299.0,2532.5,2860.5,2627.0,2665.0,2791.0,2693.0,2482.5,2032.5,1133.5,1323.0,1563.0,1767.0,1875.0,2028.5,2196.0,2262.5,2181.0,1577.0,816.0,1062.0,1306.0,1571.0,1769.0,1936.0,2108.0,2106.0,2049.0,1369.5,749.0,1052.0,1327.5,1579.5,1687.0,1852.0,2034.5,2019.0,3159.0,2367.0,867.0,1171.0,1502.0,1787.0,1936.0,2057.0,2264.0,2211.0,"{""type"":""MultiPoint"",""coordinates"":[]}"
2296,2,2494.5,2118.0,631.0,826.0,1167.0,1320.5,1444.0,1565.5,1773.0,1792.5,4174.0,3866.0,1115.0,1496.0,1933.5,2274.5,2526.5,2710.0,2902.5,2987.0,2454.5,1910.5,686.5,910.0,1137.5,1386.0,1639.0,1782.0,1970.5,1953.0,0.0,0.0,0.0,0.0,0.0,0.0,0.0,0.0,0.0,0.0,0.0,0.0,0.0,0.0,0.0,0.0,0.0,0.0,0.0,0.0,3866.0,2953.0,1727.0,1901.5,2156.0,2416.0,2487.0,2628.5,3357.5,2791.5,0.0,0.0,0.0,0.0,0.0,0.0,0.0,0.0,0.0,0.0,0.0,0.0,0.0,0.0,0.0,0.0,0.0,0.0,0.0,0.0,4822.5,4088.5,1203.5,1642.0,1974.5,2486.0,3232.5,3495.5,3570.5,3858.5,0.0,0.0,0.0,0.0,0.0,0.0,0.0,0.0,0.0,0.0,3790.5,2699.5,706.5,1085.0,964.0,1726.5,3800.5,4458.5,4436.5,4679.5,3721.5,3629.0,1048.5,1350.0,1820.0,2014.0,2145.0,2311.0,2584.0,2557.5,2723.5,1401.0,512.0,733.0,524.5,1144.5,3513.5,4250.5,4050.5,4447.0,2870.0,1749.0,607.5,816.5,650.0,1266.0,3718.5,4561.0,4601.5,4801.0,0.0,0.0,0.0,0.0,0.0,0.0,0.0,0.0,0.0,0.0,1741.0,981.5,401.0,502.0,424.5,823.0,2138.5,2574.5,2446.0,2795.5,2895.0,1938.0,543.0,745.0,852.0,1373.0,2453.0,2874.5,3036.5,3240.0,0.0,0.0,0.0,0.0,0.0,0.0,0.0,0.0,0.0,0.0,2636.5,1703.5,552.5,708.5,796.0,1299.5,2353.0,2646.5,2781.0,3051.5,2459.0,1626.5,637.5,718.5,802.5,1157.5,1521.5,1735.0,1779.0,2052.0,3105.5,2362.5,689.5,856.5,1065.5,1362.0,1584.0,1798.0,2007.5,2129.5,3097.0,2369.0,770.0,916.5,1122.5,1384.0,1520.0,1730.0,2003.0,1993.5,0.0,0.0,0.0,0.0,0.0,0.0,0.0,0.0,0.0,0.0,3312.5,2509.0,574.0,796.0,1032.5,1310.0,1522.0,1707.0,1990.0,2093.0,3630.0,2379.0,2867.5,2279.5,1908.0,2134.5,2092.0,2232.0,3851.0,2562.5,2120.0,1801.5,452.0,648.5,950.0,1117.0,1200.0,1277.0,1419.5,1456.5,1828.0,1393.0,382.5,580.5,844.5,960.0,1057.0,1180.5,1307.0,1304.5,0.0,0.0,0.0,0.0,0.0,0.0,0.0,0.0,0.0,0.0,2216.0,1813.0,551.0,728.5,995.5,1176.0,1281.0,1426.0,1607.5,1632.5,0.0,0.0,0.0,0.0,0.0,0.0,0.0,0.0,0.0,0.0,1096.0,1153.5,10229.5,9946.0,10055.0,10222.5,9927.0,9640.0,10006.0,9300.0,1821.0,1570.0,1067.5,1188.5,1222.0,1326.5,1384.0,1490.5,1540.5,1606.0,3033.5,2438.0,804.5,1052.0,1348.5,1606.5,1754.5,1916.0,2034.5,2151.0,0.0,0.0,0.0,0.0,0.0,0.0,0.0,0.0,0.0,0.0,2113.5,1550.0,513.0,737.0,998.0,1232.0,1420.5,1598.5,1763.0,1777.5,4238.0,3978.5,1279.0,1664.0,2104.5,2495.0,2814.0,3026.0,3133.0,3223.5,"{""type"":""MultiPoint"",""coordinates"":[]}"
2306,5,1193.0,722.5,432.5,589.5,833.0,1025.0,1108.5,1227.0,1394.0,1387.0,3101.5,2812.0,896.0,1121.0,1402.5,1582.0,1663.5,1788.5,1940.0,1982.5,1200.0,763.0,472.5,564.5,718.0,823.0,851.0,935.5,1020.5,1047.0,4853.0,2522.0,4036.0,4057.0,4122.0,4461.0,4440.0,4480.0,4585.0,4664.0,0.0,0.0,0.0,0.0,0.0,0.0,0.0,0.0,0.0,0.0,2054.5,1454.0,728.5,820.5,967.5,1100.0,1163.0,1241.5,1373.0,1345.0,0.0,0.0,0.0,0.0,0.0,0.0,0.0,0.0,0.0,0.0,3850.0,3479.0,1200.0,1511.5,1742.0,2077.5,2381.0,2591.5,2731.0,2777.0,3821.5,3141.0,1175.5,1518.0,1744.5,2074.0,2617.0,2800.0,2834.0,3020.5,3799.5,2839.0,3082.5,3041.5,2959.0,3327.0,3779.0,3988.0,3767.5,4117.5,2699.5,1584.5,813.0,1025.0,914.0,1404.5,2786.5,3261.5,3242.5,3399.5,2752.5,2268.0,788.0,1038.0,1364.5,1555.5,1655.0,1785.0,2037.5,1984.5,3067.5,2017.0,566.0,781.5,648.5,1108.0,3247.5,4178.0,4010.0,4347.0,2217.0,1089.5,477.0,627.5,372.5,820.0,3356.0,4387.0,4377.5,4508.0,0.0,0.0,0.0,0.0,0.0,0.0,0.0,0.0,0.0,0.0,2078.5,869.5,334.0,418.0,228.0,595.5,3537.5,5126.5,4977.0,5337.0,1974.0,850.0,269.0,444.0,236.0,661.0,3484.5,4713.0,4897.0,5014.5,0.0,0.0,0.0,0.0,0.0,0.0,0.0,0.0,0.0,0.0,2006.5,999.0,378.0,780.0,502.0,1394.5,3504.0,4048.5,4236.5,4341.0,2111.0,1386.0,580.0,744.0,858.5,1195.0,1397.0,1558.5,1602.0,1813.5,2155.0,1489.5,436.5,588.0,820.5,1016.5,1179.0,1311.0,1466.0,1572.0,2526.0,1835.0,564.0,698.0,933.0,1158.0,1292.5,1433.0,1551.5,1682.0,0.0,0.0,0.0,0.0,0.0,0.0,0.0,0.0,0.0,0.0,2209.5,1509.5,509.5,660.0,841.0,1032.5,1158.0,1281.5,1408.5,1463.5,3203.0,2460.0,3394.0,2868.0,2666.0,2821.0,2711.0,2692.0,2989.0,2755.0,1167.5,683.5,387.5,561.5,755.5,949.0,1103.0,1113.5,1259.5,1238.5,1777.5,1117.5,540.5,768.0,943.5,1195.0,1294.0,1394.5,1524.5,1536.5,0.0,0.0,0.0,0.0,0.0,0.0,0.0,0.0,0.0,0.0,1368.0,788.0,473.5,595.0,730.5,938.5,1094.0,1151.5,1289.5,1315.0,0.0,0.0,0.0,0.0,0.0,0.0,0.0,0.0,0.0,0.0,1013.5,1066.5,10763.0,10406.5,10371.0,10440.0,10151.5,9831.5,10206.5,9390.5,0.0,0.0,0.0,0.0,0.0,0.0,0.0,0.0,0.0,0.0,1767.0,1152.5,752.5,971.5,1216.0,1369.0,1433.5,1517.0,1699.0,1688.5,2110.5,1443.5,753.0,945.0,1143.5,1321.0,1407.5,1534.0,1718.0,1690.0,1947.0,1294.0,1509.5,1640.5,1701.0,1778.5,1841.5,1876.5,2369.5,2003.0,2760.5,2205.0,903.0,1113.5,1343.5,1594.0,1647.5,1786.5,1893.0,1966.5,"{""type"":""MultiPoint"",""coordinates"":[]}"
2310,5,1466.5,929.0,502.5,740.5,1062.0,1283.0,1374.0,1486.5,1659.5,1657.0,4232.0,3572.0,1460.5,1969.0,2339.5,2747.5,2824.0,3006.0,3220.0,3197.0,2295.0,1518.5,692.5,1006.0,1304.5,1630.5,1763.0,1898.0,2014.0,2063.5,2402.5,1680.5,730.0,1034.0,1293.5,1623.0,1768.5,1945.5,2059.0,2105.0,2632.0,1780.0,743.0,1098.0,1350.0,1685.0,1891.0,1999.0,2194.0,2190.0,0.0,0.0,0.0,0.0,0.0,0.0,0.0,0.0,0.0,0.0,0.0,0.0,0.0,0.0,0.0,0.0,0.0,0.0,0.0,0.0,4168.5,3648.5,1093.5,1464.0,1831.0,2223.5,2401.0,2655.0,2750.5,2915.5,4074.0,3957.0,1154.0,1595.0,2097.0,2319.0,2379.0,2526.0,2677.0,2721.0,3932.0,3430.0,1056.0,1511.0,1924.0,2295.0,2256.0,2489.0,2598.0,2715.0,3950.0,3201.0,1351.0,1727.0,2009.0,2409.0,2765.0,3088.0,2902.0,3184.0,2028.0,1437.0,539.0,753.0,1094.0,1275.0,1335.0,1490.0,1619.0,1622.0,4488.0,3702.0,1209.0,1630.0,1830.0,2404.0,3326.0,3657.0,3572.0,3925.0,2840.5,1675.5,609.5,942.5,690.0,1417.0,3804.5,4510.5,4509.5,4640.5,2464.0,1165.0,439.0,602.0,341.0,943.0,4024.0,5323.0,5259.0,5463.0,2536.0,1101.0,312.0,456.0,227.0,744.0,4246.0,5697.0,5732.0,5917.0,2069.0,859.0,188.0,361.0,173.0,628.0,3821.0,5503.0,5663.0,5695.0,2263.0,945.0,261.5,444.0,232.0,735.0,4156.0,5763.0,5695.5,6036.0,2066.0,924.0,277.0,505.0,267.0,839.0,3819.0,4703.0,4826.0,4999.0,3482.0,2343.5,2061.0,2390.5,2206.0,3009.0,3870.5,4086.5,4300.5,4300.0,2640.0,1821.0,452.0,656.0,936.0,1132.0,1297.0,1411.0,1678.0,1730.0,2884.0,2185.0,546.0,716.0,991.0,1195.0,1304.0,1425.0,1616.0,1722.0,1924.0,1312.0,702.0,944.0,1312.0,1545.0,1672.0,1791.0,2032.0,1973.0,2529.0,2181.0,629.0,837.0,1142.5,1269.0,1352.0,1460.5,1614.5,1618.5,2412.0,2076.0,629.0,832.0,1112.5,1259.5,1322.0,1448.5,1545.0,1603.0,2104.0,1545.0,431.5,673.0,973.0,1121.0,1184.5,1283.5,1449.5,1460.0,2349.5,1806.5,566.0,809.0,1117.0,1282.5,1374.0,1456.0,1614.0,1661.0,0.0,0.0,0.0,0.0,0.0,0.0,0.0,0.0,0.0,0.0,1877.5,1340.5,778.0,948.0,1154.5,1314.0,1424.0,1493.5,1681.0,1631.5,0.0,0.0,0.0,0.0,0.0,0.0,0.0,0.0,0.0,0.0,1101.0,1199.0,10918.0,10514.0,10440.0,10528.0,10129.0,9773.0,10174.0,9397.0,961.0,607.0,1388.0,1596.0,1875.5,2068.5,2062.5,2098.0,2255.0,2062.0,2921.5,2021.5,753.0,1150.0,1538.5,1880.5,1982.5,2125.0,2218.0,2291.0,2389.0,1632.0,793.0,1073.0,1372.0,1655.0,1775.0,1902.0,2079.0,2057.0,2070.0,1343.5,730.5,948.5,1262.5,1567.0,1682.5,1822.0,1993.0,1988.5,2661.0,1897.0,748.0,1114.0,1463.0,1741.0,1846.0,2001.0,2155.0,2169.0,"{""type"":""MultiPoint"",""coordinates"":[]}"
2313,5,629.0,370.0,473.0,605.0,769.0,938.0,1031.0,1115.0,1286.0,1246.0,3832.5,3454.5,1223.0,1518.0,1823.0,2107.5,2249.5,2365.5,2538.0,2574.0,1066.0,651.0,523.0,663.5,847.5,1001.0,1064.5,1140.5,1227.5,1240.0,1980.0,1457.5,1259.0,1292.5,1403.5,1628.5,1642.0,1734.5,1763.0,1894.5,3507.0,3129.0,1028.0,1344.0,1700.0,1918.0,2007.0,2147.0,2332.0,2331.0,3580.0,3102.0,2269.0,2407.0,2465.0,2655.0,2593.0,2661.0,3069.0,2625.0,0.0,0.0,0.0,0.0,0.0,0.0,0.0,0.0,0.0,0.0,4544.0,4099.0,1698.5,2125.5,2434.5,2857.0,3134.5,3290.0,3376.0,3452.0,2234.0,1516.0,905.0,904.0,1041.0,1267.0,1545.0,1639.0,1729.0,1780.0,3575.5,2941.0,970.5,1284.5,1375.5,1815.0,2791.0,3068.0,3047.0,3232.5,3318.0,2440.0,802.0,1087.0,1018.0,1532.0,3019.0,3611.0,3564.0,3766.0,2544.5,2079.5,2867.0,2625.5,2555.5,2641.5,2615.5,2609.5,3373.0,2657.5,2634.0,1625.0,455.0,710.0,524.0,1070.0,3164.0,3902.0,3791.0,4069.0,2539.0,1252.0,385.0,636.0,302.0,932.0,4194.0,5564.0,5602.0,5722.0,2158.0,982.0,361.0,502.0,251.0,734.0,3782.0,5452.0,5503.0,5693.0,2272.0,1006.0,266.0,467.0,213.0,729.0,3945.0,5323.0,5235.0,5625.0,2122.0,946.0,288.0,502.0,232.0,796.0,3984.0,5197.0,5369.0,5448.0,2351.5,1145.5,634.0,910.0,644.0,1334.0,4104.5,5175.5,5255.0,5533.5,2412.5,1342.5,498.0,1056.0,867.5,1835.5,3200.0,3451.5,3579.5,3749.0,323.0,272.0,179.0,156.0,154.0,177.0,205.0,237.0,216.0,225.0,2664.0,2028.5,474.5,600.5,825.5,984.0,1062.0,1187.0,1312.0,1418.5,3774.0,2728.0,938.0,1160.0,1572.0,1796.0,1902.0,2088.0,2297.0,2411.0,1902.0,1576.5,726.0,932.5,1143.5,1326.5,1412.0,1506.5,1716.0,1688.0,2557.0,2400.0,703.0,857.0,1096.0,1234.0,1282.0,1392.0,1515.0,1527.0,1456.0,974.0,419.0,494.0,669.0,790.0,839.0,919.0,1044.0,1063.0,1416.0,923.0,329.0,455.0,621.0,723.0,807.0,868.5,976.0,1009.5,1763.5,1315.5,471.5,633.5,800.5,927.0,1026.0,1076.0,1197.5,1225.0,0.0,0.0,0.0,0.0,0.0,0.0,0.0,0.0,0.0,0.0,926.5,557.5,624.0,763.0,933.0,1084.0,1143.5,1211.5,1354.5,1348.5,0.0,0.0,0.0,0.0,0.0,0.0,0.0,0.0,0.0,0.0,957.0,1040.0,10842.0,10420.0,10336.0,10435.0,10105.0,9714.0,10086.0,9332.0,485.0,299.0,2203.5,2244.0,2343.5,2460.0,2432.0,2385.5,2557.0,2415.0,1565.0,963.0,565.0,765.0,943.0,1149.0,1231.0,1315.0,1466.0,1460.0,1408.0,895.5,646.0,819.0,956.5,1178.0,1260.0,1374.0,1486.0,1519.5,928.0,552.0,560.0,780.0,933.0,1146.0,1234.0,1295.0,1375.0,1431.0,3766.0,3048.0,1297.0,1610.0,1880.0,2194.0,2306.0,2478.0,2594.0,2688.0,"{""type"":""MultiPoint"",""coordinates"":[]}"
2319,1,2761.0,1870.5,681.5,910.0,1023.0,1483.0,2003.0,2206.0,2446.5,2404.0,5676.0,5386.5,2149.5,2768.0,3412.5,3801.5,3930.5,4037.5,4279.0,4305.0,2861.0,2074.5,927.5,1222.5,1629.5,1876.5,1960.5,2119.5,2299.0,2333.5,3003.0,2227.0,879.0,1286.0,1363.0,1928.5,2156.5,2334.5,2499.0,2507.0,4441.0,3713.5,1524.5,2011.5,2365.5,2854.0,3187.5,3454.5,3278.5,3546.0,5907.0,5193.5,1961.5,2609.5,3011.5,3682.0,4499.0,4926.0,5038.5,5153.0,3073.5,1805.5,647.5,1007.5,740.5,1436.5,3299.0,3995.0,4108.0,4296.5,2000.5,923.5,316.0,539.0,309.5,773.5,2847.0,4126.0,4023.5,4114.5,0.0,0.0,0.0,0.0,0.0,0.0,0.0,0.0,0.0,0.0,1142.0,488.5,300.5,392.0,247.0,464.0,2107.5,3274.0,3238.0,3462.0,1418.5,578.5,436.0,515.0,323.0,600.0,2484.0,4162.5,4077.5,4352.5,3308.0,2405.5,806.0,1069.0,1246.0,1703.5,2258.0,2441.5,2668.0,2712.5,1835.0,744.0,408.5,528.5,328.0,660.5,2932.5,4854.5,4774.5,5171.5,1825.0,899.0,700.5,791.0,629.0,1001.5,2789.0,4189.5,3864.0,4439.5,2477.0,1426.0,472.5,692.5,587.0,1084.5,2682.5,3674.5,3711.0,4074.5,2255.0,1466.0,522.0,641.5,667.0,1032.0,1669.5,1986.5,2058.0,2223.0,3995.0,2891.0,714.0,1003.5,1473.0,1867.0,2093.5,2332.0,2580.0,2736.0,0.0,0.0,0.0,0.0,0.0,0.0,0.0,0.0,0.0,0.0,4114.5,3286.0,754.0,1025.5,1479.0,1772.0,1905.5,2113.0,2319.0,2417.0,3666.0,2768.5,695.0,908.0,1260.5,1531.0,1692.5,1859.0,1947.5,2103.5,3578.5,2700.0,635.0,859.5,1195.0,1491.5,1646.0,1835.0,2038.0,2126.5,3644.5,2748.5,664.0,863.0,1163.0,1477.0,1700.0,1887.0,2055.5,2133.5,0.0,0.0,0.0,0.0,0.0,0.0,0.0,0.0,0.0,0.0,3450.5,2421.0,631.0,868.0,1092.0,1469.5,1787.0,1979.0,2182.5,2264.5,0.0,0.0,0.0,0.0,0.0,0.0,0.0,0.0,0.0,0.0,2266.5,1386.0,372.5,607.5,861.0,1216.0,1557.5,1736.5,1985.5,2095.0,2685.0,1827.0,710.5,938.5,1148.5,1528.5,1845.0,2036.0,2214.0,2328.0,0.0,0.0,0.0,0.0,0.0,0.0,0.0,0.0,0.0,0.0,2870.5,1985.5,506.5,773.5,851.5,1295.0,1861.5,2089.5,2343.0,2311.5,0.0,0.0,0.0,0.0,0.0,0.0,0.0,0.0,0.0,0.0,459.5,516.0,10304.0,10157.5,10189.5,10363.5,9994.0,9577.5,9967.0,9169.5,0.0,0.0,0.0,0.0,0.0,0.0,0.0,0.0,0.0,0.0,3153.0,2240.5,743.0,1056.0,1156.0,1683.0,2334.5,2576.0,2815.0,2834.0,3184.0,2258.0,856.5,1201.5,1467.5,1925.5,2206.5,2412.5,2650.5,2654.5,2022.0,1336.5,705.0,1004.0,1407.5,1699.5,1790.5,1973.5,2130.5,2164.5,0.0,0.0,0.0,0.0,0.0,0.0,0.0,0.0,0.0,0.0,"{""type"":""MultiPoint"",""coordinates"":[]}"
2323,5,1970.0,1238.0,622.0,826.0,1077.0,1302.0,1423.0,1614.0,1790.0,1738.0,3433.0,3114.0,886.0,1203.0,1586.0,1777.0,1877.0,1994.0,2178.0,2164.0,1749.5,1078.0,544.0,706.5,902.0,1067.0,1141.5,1244.0,1348.0,1394.0,2368.0,1522.0,802.0,1003.0,1282.0,1516.0,1611.0,1762.0,1885.0,1895.0,0.0,0.0,0.0,0.0,0.0,0.0,0.0,0.0,0.0,0.0,3529.0,3107.0,1076.0,1403.0,1757.0,2036.0,2224.0,2396.0,2424.0,2562.0,2396.0,1540.0,744.0,937.0,1091.0,1353.0,1616.0,1803.0,1864.0,1996.0,4319.0,3818.0,1171.0,1651.0,1906.0,2386.0,2844.0,3088.0,3247.0,3249.0,3487.0,2383.0,757.0,1185.0,1173.0,1932.0,3161.0,3519.0,3426.0,3711.0,3765.0,2412.0,682.0,1088.0,803.0,1655.0,4229.0,4898.0,5110.0,5087.0,3080.0,1391.0,626.0,827.0,432.0,1133.0,5157.0,6626.0,6588.0,6930.0,2503.0,1911.0,681.0,907.0,1195.0,1432.0,1572.0,1667.0,1839.0,1819.0,2984.5,1318.0,400.0,597.0,297.5,891.0,4851.5,6813.5,6745.0,7097.5,2635.0,1150.0,370.0,524.0,265.0,769.0,4546.0,6491.0,6613.0,6739.0,2164.0,946.0,359.0,458.0,244.0,671.0,3687.0,5520.0,5374.0,5804.0,2518.0,1079.5,567.5,624.0,309.5,862.0,4280.0,5933.5,5400.0,6206.5,2032.0,927.0,291.0,539.0,254.5,919.0,3574.0,4496.0,4678.5,4758.0,0.0,0.0,0.0,0.0,0.0,0.0,0.0,0.0,0.0,0.0,2886.0,2018.5,796.0,1037.0,1193.5,1596.0,2004.5,2253.0,2357.0,2529.0,2192.0,1529.0,441.0,544.0,666.0,838.0,929.0,1013.0,1073.0,1214.0,2563.0,1902.0,444.5,556.0,721.5,896.0,1005.0,1157.0,1270.0,1322.0,2122.5,1569.5,412.5,489.5,621.0,777.5,874.5,1002.0,1068.5,1183.0,0.0,0.0,0.0,0.0,0.0,0.0,0.0,0.0,0.0,0.0,3410.0,2404.0,856.0,1062.0,1405.0,1640.0,1780.0,1919.0,2166.0,2206.0,0.0,0.0,0.0,0.0,0.0,0.0,0.0,0.0,0.0,0.0,1997.0,1163.0,482.0,657.0,861.0,1066.0,1239.0,1385.0,1550.0,1603.0,3190.5,2269.5,880.0,1043.0,1240.0,1549.0,1774.5,1936.5,2054.0,2167.5,0.0,0.0,0.0,0.0,0.0,0.0,0.0,0.0,0.0,0.0,2315.0,1550.0,651.0,793.0,849.0,1163.0,1532.0,1686.0,1870.0,1823.0,0.0,0.0,0.0,0.0,0.0,0.0,0.0,0.0,0.0,0.0,1025.0,1119.0,10864.0,10499.0,10437.0,10543.0,10148.0,9837.0,10224.0,9484.0,0.0,0.0,0.0,0.0,0.0,0.0,0.0,0.0,0.0,0.0,2177.0,1431.0,686.0,913.0,1144.0,1384.0,1537.0,1674.0,1838.0,1837.0,0.0,0.0,0.0,0.0,0.0,0.0,0.0,0.0,0.0,0.0,3098.0,2591.5,1864.0,2320.0,2420.0,2809.0,2961.0,3123.5,3045.5,3265.0,0.0,0.0,0.0,0.0,0.0,0.0,0.0,0.0,0.0,0.0,"{""type"":""MultiPoint"",""coordinates"":[]}"
2338,5,1473.5,1033.5,393.5,595.5,770.5,961.5,1145.5,1217.5,1333.0,1328.5,4551.0,3974.0,1338.0,1898.0,2559.0,2911.0,3022.0,3231.0,3297.0,3432.0,2856.0,1987.0,797.0,1127.0,1514.0,1815.0,2017.0,2167.0,2309.0,2295.0,4857.0,4315.0,2698.0,2803.0,2871.0,3360.0,3792.0,3957.0,3865.0,4012.0,2690.0,1748.0,622.0,978.0,1187.0,1616.0,2308.0,2501.0,2620.0,2665.0,3843.0,2586.0,723.0,1163.0,1174.5,1874.5,3922.0,4546.0,4582.5,4740.0,3338.0,2283.0,3397.0,3194.0,2362.0,2575.0,4034.0,4354.0,4964.0,4525.0,3102.0,1494.0,383.0,648.0,364.0,1032.0,4529.0,5808.0,5748.0,6028.0,3111.0,1361.0,343.0,555.0,264.0,855.0,4891.0,6763.0,6613.0,7081.0,2453.0,1081.0,345.0,488.0,257.0,708.0,4023.0,5538.0,5755.0,5922.0,2372.0,1020.0,256.0,458.0,229.0,739.0,3980.0,5406.0,5386.0,5648.0,2517.0,1820.0,696.0,986.0,1280.0,1587.0,1919.0,2047.0,2241.0,2193.0,2456.0,1082.0,478.0,712.5,410.0,1113.0,3860.5,4938.5,4910.0,5323.0,2320.0,1037.0,393.0,650.0,310.0,1015.0,3412.0,4039.0,3719.0,4296.0,2621.5,1484.0,519.0,863.5,728.0,1478.0,2677.0,3164.0,3283.0,3675.5,3584.0,2607.5,661.0,864.0,1226.5,1576.0,1734.0,2014.0,2103.5,2494.0,4328.5,3406.5,889.5,1159.5,1587.0,1914.5,2099.5,2296.5,2382.5,2601.0,4488.5,3526.0,951.5,1250.5,1685.5,2024.0,2186.0,2404.5,2509.0,2706.5,3471.5,2981.5,923.0,1251.5,1736.0,1984.0,2101.0,2280.0,2393.0,2444.0,3843.0,3138.0,1096.0,1483.0,1855.0,2321.0,2475.0,2624.5,2626.5,2785.0,4716.5,4225.5,1262.0,1848.0,2361.5,2902.0,3098.0,3260.0,3296.5,3446.5,4447.0,4026.0,1213.5,1752.0,2226.5,2696.5,3058.5,3252.5,3381.5,3394.5,2323.0,1611.0,575.0,868.0,1048.0,1455.0,1905.0,2037.0,2250.0,2201.0,2677.0,1959.0,1067.0,1131.0,1218.0,1565.0,2105.0,2243.0,2409.0,2384.0,3818.0,3306.5,1032.5,1502.0,1927.0,2300.5,2825.0,3061.0,3204.0,3258.5,3136.0,2530.0,732.5,1122.5,1553.5,1786.0,2071.5,2202.5,2517.0,2480.0,3202.0,2531.0,916.0,1126.0,1543.0,1869.0,2099.0,2216.0,2420.0,2457.0,2548.5,1855.0,1185.0,1284.5,1440.0,1714.0,1962.0,2167.5,2025.0,2333.5,2844.5,2117.0,739.0,1055.0,1226.0,1710.5,2183.0,2374.5,2486.5,2526.5,1534.0,1107.0,397.0,620.0,782.0,1003.0,1150.0,1262.0,1371.0,1405.0,170.0,147.0,4779.0,4920.0,5161.0,5325.0,5241.0,4918.0,5114.0,4619.0,3352.5,2792.5,2819.0,2958.5,3168.0,3441.0,3390.0,3402.0,3495.0,3460.0,2517.0,1772.5,713.5,1023.5,1369.5,1623.5,1757.0,1881.5,2073.0,2040.0,4170.0,3734.0,1142.0,1674.0,2171.0,2579.0,2764.0,2967.0,3160.0,3104.0,4065.0,3481.0,1097.0,1576.0,2056.0,2476.0,2677.0,2831.0,3036.0,3041.0,4180.0,3558.0,1177.0,1782.0,2404.0,2817.0,3031.0,3211.0,3445.0,3438.0,"{""type"":""MultiPoint"",""coordinates"":[]}"
2349,3,1244.0,760.0,554.0,718.0,1055.0,1284.0,1383.0,1543.0,1754.0,1789.0,4068.0,3132.0,1254.0,1601.0,1933.0,2377.0,2578.0,2732.0,2912.0,2977.0,1946.0,1261.0,796.0,1068.0,1366.0,1605.0,1643.0,1724.0,1811.0,1823.0,1984.5,1392.0,884.0,1153.0,1448.0,1675.5,1723.5,1875.0,1967.5,1980.5,2491.0,1691.0,768.0,1047.0,1354.0,1600.0,1681.0,1809.0,1958.0,1991.0,4977.0,5194.0,3657.0,3661.0,3654.0,4091.0,4053.0,4124.0,4610.0,4339.0,0.0,0.0,0.0,0.0,0.0,0.0,0.0,0.0,0.0,0.0,3448.0,2312.0,1293.0,1381.0,1653.0,2151.0,2281.0,2452.0,2412.0,2702.0,3406.0,3104.0,1534.0,2045.0,2416.0,2535.0,2805.0,3125.0,3385.0,3001.0,1216.0,715.0,310.0,605.0,383.0,990.0,2103.0,2516.0,2605.0,2481.0,2160.0,1060.0,490.0,715.0,354.0,1004.0,3217.0,4635.0,4655.0,4652.0,3396.0,2710.0,988.0,1249.0,1696.0,1923.0,2061.0,2184.0,2437.0,2468.0,1775.0,816.5,363.0,544.5,264.0,764.5,2911.0,4346.5,4259.5,4432.0,1560.0,711.0,377.0,494.0,229.0,652.0,2834.5,4702.5,4746.5,4800.5,1367.0,599.5,244.5,376.0,170.0,557.0,2631.5,4200.5,4213.0,4379.0,1505.0,711.0,330.0,657.0,325.0,999.0,3144.0,4633.0,4592.0,4923.0,1746.0,862.0,340.0,799.0,357.0,1249.0,3624.0,4623.0,4914.0,4954.0,1849.0,942.5,433.5,960.5,529.0,1699.5,3655.5,4358.5,4504.5,4772.0,1847.0,1007.0,510.0,1081.0,809.0,1913.0,2957.0,3328.0,3586.0,3762.0,1436.5,880.0,539.0,842.0,846.0,1352.0,1687.5,1842.5,1923.0,2080.0,2909.0,1916.0,885.0,1296.0,1601.0,2120.0,2382.0,2640.0,2875.0,3020.0,3710.0,2563.0,963.0,1337.0,1930.0,2239.0,2376.0,2607.0,2832.0,2946.0,438.0,290.0,395.0,408.0,476.0,550.0,559.0,634.0,692.0,724.0,3595.0,2440.0,1000.0,1390.0,1970.0,2226.0,2399.0,2542.0,2882.0,2850.0,1855.0,1188.0,781.0,1072.0,1571.0,1830.0,1927.0,2117.0,2405.0,2383.0,2037.5,1273.0,682.0,989.0,1497.5,1685.0,1809.5,1972.5,2238.0,2260.0,2419.0,1554.0,787.5,1091.0,1572.5,1792.5,1904.5,2052.5,2295.0,2335.0,0.0,0.0,0.0,0.0,0.0,0.0,0.0,0.0,0.0,0.0,1259.0,804.5,681.5,802.0,1085.5,1249.0,1325.0,1436.5,1616.5,1591.5,0.0,0.0,0.0,0.0,0.0,0.0,0.0,0.0,0.0,0.0,1132.0,1238.0,10898.0,10510.0,10424.0,10510.0,10198.0,9786.0,10176.0,9435.0,766.5,510.5,3273.5,3369.5,3544.5,3695.0,3600.0,3486.0,3814.0,3541.5,2318.5,1664.5,880.0,1105.5,1337.0,1631.0,1782.0,1919.0,2061.0,2099.0,2298.0,1623.5,854.5,1092.0,1345.0,1672.0,1943.0,2071.5,2288.0,2277.0,1508.0,861.0,533.0,769.0,1040.0,1369.0,1609.0,1751.0,1877.0,1993.0,2234.0,1594.5,850.0,1117.0,1395.5,1800.0,1986.0,2163.5,2336.5,2387.5,"{""type"":""MultiPoint"",""coordinates"":[]}"
2356,3,2091.0,1420.0,544.0,636.0,822.0,976.0,1101.0,1185.0,1421.0,1397.0,3931.5,3425.5,1284.5,1540.0,1980.5,2209.5,2337.5,2505.0,2665.5,2785.0,2293.0,1655.0,722.5,915.5,1183.5,1400.0,1508.5,1637.5,1819.0,1860.5,2462.0,1792.0,878.0,1078.0,1396.0,1635.0,1722.0,1891.0,2088.0,2109.0,5338.0,4981.0,1990.0,2464.0,3021.0,3400.0,3585.0,3782.0,4034.0,4028.0,2961.0,2105.0,864.0,1112.0,1333.0,1674.0,1933.0,2104.0,2303.0,2343.0,0.0,0.0,0.0,0.0,0.0,0.0,0.0,0.0,0.0,0.0,2357.0,1340.0,556.0,814.0,638.0,1163.0,2471.0,2916.0,2960.0,3081.0,2061.0,1089.0,333.0,529.0,333.0,869.0,2113.0,2628.0,2778.0,2803.0,1808.5,867.5,413.0,574.0,309.5,755.5,2634.0,3843.0,3897.5,3956.5,1925.5,924.5,596.0,729.5,493.5,940.5,2979.0,4481.5,4402.0,4700.0,2155.5,1639.5,670.5,757.0,934.5,1061.0,1153.0,1253.5,1437.0,1415.5,1453.0,636.0,389.0,542.0,279.0,753.0,2661.0,3960.0,3836.0,4210.0,1059.5,491.0,593.5,653.0,405.5,815.0,2346.0,3419.0,3401.0,3556.5,840.0,381.5,366.5,513.5,283.0,715.0,1910.5,2497.0,2430.5,2642.0,1628.0,832.0,535.0,959.0,774.0,1580.0,2980.0,3554.0,3445.0,3774.0,2268.0,1448.0,681.0,949.0,1288.0,1791.0,2174.0,2508.0,2771.0,2991.0,3795.0,2536.0,909.5,1225.5,1648.0,2085.5,2420.0,2718.0,2804.5,3146.5,3169.0,2169.0,749.0,983.5,1291.5,1645.0,1947.5,2143.0,2340.5,2438.0,3218.5,2396.5,1947.0,1992.0,2057.5,2402.0,2592.0,2679.0,2793.5,2820.5,3037.5,2013.0,661.0,901.0,1126.0,1478.0,1915.0,2151.0,2387.5,2415.5,2928.0,1864.0,598.0,806.0,988.0,1373.0,1827.0,2083.0,2277.0,2380.0,3098.5,2378.0,830.5,1000.0,1254.0,1467.0,1657.0,1776.0,2012.5,2026.5,2904.0,1887.0,620.0,864.0,1143.0,1497.0,1848.0,2051.0,2327.0,2345.0,2690.0,1760.0,736.0,932.0,1261.0,1588.0,1813.0,2021.0,2297.0,2334.0,2876.0,1831.5,663.5,923.5,1362.5,1631.0,1799.0,1982.5,2244.0,2282.0,2741.0,1804.0,729.0,959.0,1413.0,1644.0,1764.0,1892.0,2188.0,2217.0,0.0,0.0,0.0,0.0,0.0,0.0,0.0,0.0,0.0,0.0,2345.5,1591.0,703.5,875.0,1208.5,1385.5,1494.0,1631.0,1844.5,1828.5,0.0,0.0,0.0,0.0,0.0,0.0,0.0,0.0,0.0,0.0,948.0,1017.0,10460.0,10166.0,10098.0,10154.0,9803.0,9453.0,9820.0,9113.0,1529.0,1054.0,2138.5,2227.0,2422.0,2562.5,2561.5,2549.5,2804.0,2730.5,3187.0,2640.0,836.0,990.0,1194.0,1410.0,1586.0,1727.0,1945.0,1923.0,2905.5,2226.5,817.5,985.5,1194.5,1426.5,1615.0,1771.0,1971.0,1980.5,2601.0,1880.0,685.0,879.0,1072.0,1323.0,1492.0,1600.0,1754.0,1803.0,4234.0,4188.0,1345.0,1648.5,2107.0,2357.5,2443.0,2617.0,2820.5,2852.0,"{""type"":""MultiPoint"",""coordinates"":[]}"
2357,5,1573.0,1017.0,603.0,839.0,1125.0,1432.0,1578.0,1705.0,1948.0,1928.0,3473.0,2730.0,1162.0,1536.0,1863.0,2265.0,2423.0,2589.0,2776.0,2803.0,2385.0,1675.0,847.0,1187.5,1504.0,1862.5,1988.5,2146.5,2284.0,2357.5,2049.0,1329.5,928.5,1215.5,1416.0,1800.5,2002.5,2161.0,2299.0,2322.0,2594.0,1715.0,814.0,1169.0,1385.0,1785.0,1977.0,2151.0,2293.0,2349.0,5752.0,5637.0,2159.0,2615.0,3154.0,3545.0,3668.0,3857.0,4126.0,3991.0,0.0,0.0,0.0,0.0,0.0,0.0,0.0,0.0,0.0,0.0,0.0,0.0,0.0,0.0,0.0,0.0,0.0,0.0,0.0,0.0,3273.0,2528.0,950.0,1217.0,1299.0,1759.0,2973.0,3316.0,3262.0,3513.0,3506.5,2250.5,1495.5,1646.0,1296.0,2000.5,3934.5,4593.5,4561.5,4964.0,2753.0,1298.0,457.0,762.0,376.5,1134.5,4432.5,5565.5,5415.0,5733.0,2182.0,1595.0,816.0,1045.0,1351.0,1567.0,1670.0,1784.0,1976.0,1932.0,2899.0,1365.0,444.0,620.0,337.0,883.0,4728.0,5585.0,5237.0,5682.0,2344.0,1038.0,474.0,592.0,342.0,780.0,4006.0,5554.0,5608.0,5800.0,2275.5,955.0,360.0,522.0,282.0,776.5,3891.5,5268.0,5182.5,5544.0,2201.0,960.0,363.0,547.0,269.0,811.0,3543.0,4756.0,4554.0,4950.0,2043.0,951.0,332.0,634.0,325.0,983.0,3342.0,3762.0,3935.0,4077.0,2056.0,1046.0,414.0,915.0,639.0,1724.0,2973.0,3276.0,3405.0,3671.0,2608.5,1915.0,537.0,700.0,880.5,1184.5,1377.5,1545.0,1675.5,1785.0,1905.0,1340.0,494.0,574.0,681.0,896.0,1025.0,1133.0,1183.0,1274.0,2349.0,1705.0,503.0,630.0,802.0,992.0,1092.0,1231.0,1389.0,1463.0,2388.0,1973.0,583.0,761.0,1031.0,1214.0,1287.0,1380.0,1468.0,1546.0,4697.0,4044.0,3002.0,3122.0,3413.0,3662.0,3819.0,3960.0,4435.0,4214.0,3517.0,3088.0,1048.0,1405.0,1802.0,2041.0,2124.0,2236.0,2395.0,2398.0,2402.0,1723.0,811.0,932.0,1185.0,1376.0,1467.0,1575.0,1724.0,1727.0,2230.5,1629.0,562.0,823.5,1129.0,1327.5,1438.5,1556.5,1716.0,1702.5,2405.0,1811.5,646.5,927.5,1201.5,1457.5,1566.0,1668.5,1821.5,1848.0,2087.0,1613.5,2016.0,1998.0,1924.0,2101.0,2135.5,2171.5,2188.0,2240.5,1640.0,1060.0,630.0,881.0,1129.0,1423.0,1530.0,1697.0,1850.0,1843.0,0.0,0.0,0.0,0.0,0.0,0.0,0.0,0.0,0.0,0.0,1047.0,1135.0,11010.0,10576.0,10444.0,10569.0,10261.0,9866.0,10272.0,9566.0,402.0,272.0,625.0,767.5,909.0,1084.0,1082.5,1106.0,1103.5,1080.5,2491.0,1678.0,676.0,992.0,1317.0,1623.0,1810.0,1978.0,2187.0,2207.0,2262.0,1520.0,869.0,1201.0,1390.0,1832.0,2192.0,2354.0,2502.0,2543.0,2208.0,1447.0,721.0,1109.0,1308.0,1755.0,2082.0,2247.0,2412.0,2457.0,2800.0,2064.0,993.0,1325.0,1588.0,1977.0,2228.0,2395.0,2608.0,2621.0,"{""type"":""MultiPoint"",""coordinates"":[]}"
2385,3,850.0,524.5,555.0,730.5,999.5,1194.5,1265.5,1363.0,1520.5,1558.0,3876.5,3469.0,1296.0,1536.5,1864.0,2135.0,2275.5,2410.0,2512.0,2635.5,1544.0,949.0,722.0,916.5,1086.5,1386.0,1479.5,1627.5,1787.5,1848.5,3435.5,2724.5,1988.5,2176.0,2320.5,2700.5,2880.0,3036.0,3179.5,3210.0,4987.5,4562.0,2082.0,2503.5,2922.0,3281.0,3549.0,3633.0,3953.5,3979.0,0.0,0.0,0.0,0.0,0.0,0.0,0.0,0.0,0.0,0.0,0.0,0.0,0.0,0.0,0.0,0.0,0.0,0.0,0.0,0.0,774.0,551.5,713.0,1033.5,853.0,1487.5,1468.0,1597.5,1425.5,1386.0,1336.5,791.5,466.5,749.0,485.0,1070.5,2155.5,2548.0,2364.0,2334.0,1701.0,875.5,431.0,710.0,353.0,1005.5,2705.5,3324.5,3453.5,3153.5,1900.5,913.5,560.5,853.5,489.5,1142.5,3095.0,4102.0,3903.5,4004.5,1344.0,961.0,614.5,725.5,950.0,1094.0,1144.0,1249.5,1410.5,1440.0,1495.0,656.5,373.5,575.0,284.0,812.0,2854.5,4030.5,3819.5,4107.0,1722.5,820.5,515.0,661.0,371.0,922.0,3188.0,4594.0,4566.5,4764.5,2004.0,977.5,635.5,1025.0,529.0,1485.5,3914.5,5282.0,4941.0,5294.5,1858.0,948.0,539.0,967.0,548.0,1539.5,3635.0,4498.5,4292.5,4701.0,2286.5,1263.0,613.0,1153.5,982.5,1995.0,3352.5,3896.5,4059.5,4263.5,2207.5,1427.5,813.5,1037.0,1325.5,1750.0,2061.0,2334.0,2350.5,2692.5,4551.0,3394.5,1055.5,1480.0,2167.5,2549.0,2729.0,2925.0,3125.5,3295.0,1725.5,1591.5,460.0,542.5,642.0,787.5,835.0,893.5,954.5,1050.0,3207.5,3136.0,954.0,1176.5,1423.5,1613.5,1745.5,1890.5,2006.0,2031.0,2944.0,2961.0,834.0,1030.5,1251.5,1474.0,1629.0,1784.0,1880.0,1928.0,1535.0,1159.0,708.0,778.5,923.0,1047.5,1061.5,1145.0,1309.5,1234.0,3180.0,3127.0,988.0,1214.5,1444.0,1701.5,1862.0,1959.0,2197.0,2159.5,1462.0,980.0,455.0,563.0,728.0,906.0,996.0,1071.5,1247.5,1272.0,1261.5,885.5,391.5,554.0,747.5,914.0,974.0,1088.5,1241.5,1240.5,2095.5,1728.5,565.0,791.0,1014.5,1203.0,1269.5,1351.0,1509.0,1561.5,4297.0,4219.0,14037.0,14461.0,14640.0,14684.0,14704.5,14723.5,14049.0,14768.0,1006.5,654.0,580.0,717.5,871.5,1068.0,1124.0,1191.5,1340.0,1321.0,0.0,0.0,0.0,0.0,0.0,0.0,0.0,0.0,0.0,0.0,943.0,1017.5,10622.0,10298.0,10209.0,10309.0,9956.5,9550.0,10029.0,9212.0,675.5,419.0,2876.5,2988.5,3188.5,3338.5,3308.5,3245.0,3440.5,3266.0,1978.0,1376.5,1001.0,1208.0,1468.5,1672.5,1691.0,1804.5,1982.0,1971.5,2641.0,2092.0,1061.5,1250.5,1522.0,1745.5,1839.0,1956.5,2161.0,2199.0,2396.0,1780.5,1066.5,1317.0,1616.5,1815.0,1910.0,2065.0,2229.0,2235.5,4812.5,4311.0,2205.5,2535.5,3007.0,3331.5,3432.0,3512.5,3841.0,3730.5,"{""type"":""MultiPoint"",""coordinates"":[]}"
2410,5,3065.0,2799.5,2093.0,2181.5,2446.0,2604.0,2666.5,2732.0,3096.0,2934.0,4513.5,3837.0,2904.5,3088.5,3302.0,3644.0,3791.0,3916.0,4161.5,4127.0,870.5,575.0,657.5,888.0,1147.5,1324.5,1208.0,1330.0,1391.0,1311.0,99.5,61.5,466.5,558.0,653.0,732.5,485.0,496.0,489.5,355.0,2725.5,1845.5,644.0,902.0,1194.5,1499.0,1648.0,1781.5,1919.5,2028.0,4400.5,3881.5,1387.5,1839.5,2302.0,2731.0,2861.5,3094.5,3176.0,3386.0,0.0,0.0,0.0,0.0,0.0,0.0,0.0,0.0,0.0,0.0,4610.5,3832.0,1274.5,1881.0,2437.0,2969.0,3000.0,3197.0,3247.0,3396.5,4528.5,4015.5,1286.0,1770.0,2338.5,2719.5,2853.0,3090.5,2951.0,3229.5,4166.5,3540.0,1075.0,1582.5,2086.5,2428.5,2685.0,2934.0,2944.0,3118.0,3416.0,2455.5,809.0,1136.5,1414.5,1848.0,2344.0,2719.5,2700.0,2844.0,2225.5,1451.5,611.0,862.5,1249.0,1408.5,1522.5,1695.0,1922.0,1946.0,3131.5,2061.5,645.0,971.0,1049.0,1629.5,2522.0,2950.0,2893.0,3144.0,3146.0,1986.0,612.0,917.0,854.0,1502.5,3106.0,3679.5,3700.5,3818.5,2906.0,1682.0,454.5,772.0,629.0,1217.0,3506.0,4367.5,4315.5,4578.0,2394.0,1112.0,420.0,566.5,336.0,857.5,3604.5,4762.0,4647.0,4972.0,2245.0,1157.5,337.0,560.5,411.0,868.0,3211.5,4317.5,4471.0,4578.0,2249.0,1035.0,349.5,586.0,339.5,951.0,3673.5,4689.0,4624.5,4951.0,2033.5,1092.5,336.5,744.5,458.0,1344.5,3171.0,3632.0,3873.0,3971.5,2137.0,1370.0,548.0,767.0,971.0,1294.5,1501.0,1702.5,1800.0,1998.5,3212.5,2482.0,638.5,880.0,1182.0,1415.5,1602.0,1782.5,1968.0,1996.5,2637.0,1874.5,709.5,953.5,1218.0,1495.0,1740.5,1957.0,2032.0,2201.0,1963.0,1395.5,641.5,864.5,1205.5,1400.5,1438.5,1541.0,1737.0,1718.5,3402.5,2531.0,790.5,1073.5,1465.5,1756.0,1905.0,2104.0,2353.0,2359.5,1858.5,1103.5,561.5,765.5,1147.0,1327.0,1443.5,1578.5,1733.0,1755.5,1820.0,1122.5,508.5,822.0,1202.5,1373.5,1502.5,1639.0,1806.0,1808.0,1991.5,1272.0,576.0,933.5,1296.5,1517.0,1626.0,1754.5,1902.5,1937.5,0.0,0.0,0.0,0.0,0.0,0.0,0.0,0.0,0.0,0.0,3209.0,2587.0,1964.5,2149.0,2428.0,2668.0,2707.0,2788.5,3165.0,2974.0,0.0,0.0,0.0,0.0,0.0,0.0,0.0,0.0,0.0,0.0,1236.0,1065.0,5774.0,5782.5,6094.5,6624.0,6367.0,6013.5,6421.0,6108.0,1608.5,1089.5,930.5,1194.0,1592.5,1836.5,1879.5,2012.5,2188.5,2236.5,1971.5,1369.5,717.0,904.5,1204.0,1430.5,1510.5,1634.0,1839.0,1813.5,443.0,349.5,606.5,844.5,1030.5,1126.0,869.0,896.0,919.0,779.5,1141.0,844.5,537.0,702.5,923.5,1145.5,1211.0,1315.0,1416.5,1396.0,3060.0,2353.5,824.5,1084.0,1364.5,1640.0,1732.5,1846.0,1994.0,2033.5,"{""type"":""MultiPoint"",""coordinates"":[]}"
2414,5,2489.0,1750.0,627.5,885.5,1245.5,1517.0,1672.0,1808.5,2053.0,2062.5,4674.0,4053.0,1264.0,1724.0,2284.0,2646.0,2773.0,2999.0,3088.0,3315.0,2426.0,1868.0,647.0,873.0,1185.0,1410.0,1583.0,1807.0,1736.0,2040.0,4564.5,4052.5,1344.5,1836.5,2268.5,2697.0,3053.0,3269.5,3459.0,3532.0,4737.0,4131.0,1440.0,1986.0,2413.0,2907.0,3313.0,3616.5,3768.0,3885.0,4722.0,3654.5,1562.5,1929.5,2029.0,2704.5,3988.0,4617.0,4602.5,4961.0,3598.0,3259.0,2903.0,2935.0,2724.0,3206.0,3972.0,4281.0,4211.0,4430.0,3224.0,1777.5,546.5,813.5,541.0,1215.0,4473.5,5851.0,5866.5,6091.0,2618.0,1184.0,310.0,506.0,273.0,787.0,4413.0,6136.0,5966.0,6373.0,2566.0,1058.0,306.0,514.0,263.0,800.0,4513.0,6579.0,6533.0,6830.0,2370.0,993.0,291.0,432.0,250.0,698.0,4080.0,6307.0,6425.0,6630.0,2953.0,2362.0,733.0,1021.0,1369.0,1639.0,1814.0,1968.0,2191.0,2175.0,2386.0,928.5,319.0,456.0,276.0,726.0,4193.0,6158.5,6147.5,6569.5,2393.0,1019.0,489.0,588.0,379.0,848.0,3881.0,5719.0,5785.0,5995.0,2024.0,915.0,343.0,514.0,296.0,843.0,3566.0,4932.0,4912.0,5324.0,2017.0,926.0,430.0,604.0,362.0,947.0,3240.0,4035.0,4142.0,4380.0,2561.0,1537.5,456.0,692.5,682.0,1305.5,2209.0,2741.5,2951.5,3299.0,2960.0,1912.0,517.0,739.0,1011.0,1376.0,1640.0,1911.0,2081.0,2349.0,3332.0,2546.0,665.5,876.5,1222.0,1503.5,1638.5,1790.0,1958.5,2060.5,3549.0,2719.0,774.0,983.0,1295.0,1595.0,1752.0,1874.0,1935.0,2114.0,3575.0,3161.0,804.0,1035.0,1417.0,1645.0,1719.0,1907.0,2007.0,2110.0,2897.0,2138.0,624.0,896.0,1098.0,1426.0,1637.0,1777.0,1931.0,2021.0,3227.5,2712.0,2097.0,2271.5,2503.0,2794.5,2974.5,3097.0,2974.0,3237.0,3043.0,2240.0,707.0,1028.0,1139.0,1638.0,1836.0,1972.0,2168.0,2199.0,2970.0,2270.0,757.0,1047.0,1258.0,1636.0,1824.0,1961.0,2106.0,2125.0,2901.5,2118.5,666.5,1020.0,1236.5,1607.5,1800.5,1949.0,2180.5,2142.5,2918.0,2124.0,673.0,1028.5,1220.0,1645.0,1816.0,1954.5,2104.5,2131.0,2175.0,1457.0,1430.0,1625.0,1656.0,1903.0,2069.0,2159.0,2174.0,2357.0,2621.0,1849.0,584.0,884.0,1027.0,1480.0,1654.0,1823.0,2015.0,2047.0,0.0,0.0,0.0,0.0,0.0,0.0,0.0,0.0,0.0,0.0,546.0,582.0,10456.0,10256.0,10170.0,10266.0,9867.0,9381.0,9714.0,8930.0,268.0,194.0,7248.0,7156.0,7204.0,7330.0,7057.0,6748.0,7012.0,6418.0,2924.5,2163.5,747.0,1060.0,1390.5,1716.5,1990.5,2164.5,2408.5,2404.5,3354.0,2617.0,831.0,1153.0,1506.0,1788.0,1953.0,2150.0,2418.0,2402.0,3097.0,2234.0,668.0,1010.0,1296.0,1685.0,1854.0,2036.0,2289.0,2310.0,2595.0,1718.0,564.0,815.0,1139.0,1318.0,1441.0,1546.0,1686.0,1721.0,"{""type"":""MultiPoint"",""coordinates"":[]}"
2423,5,2504.0,1854.0,529.0,720.0,915.0,1195.0,1500.0,1629.0,1741.0,1813.0,3980.0,3321.0,910.5,1249.5,1636.0,1925.0,2107.0,2296.5,2415.0,2506.0,3136.0,2450.0,700.0,926.0,1256.0,1651.0,1798.0,1904.0,2056.0,2095.0,2754.0,2086.0,653.0,814.0,1127.0,1322.0,1467.0,1626.0,1716.0,1840.0,0.0,0.0,0.0,0.0,0.0,0.0,0.0,0.0,0.0,0.0,4833.0,3801.0,1202.5,1664.5,1918.5,2551.0,3527.0,3883.5,3985.0,4146.0,0.0,0.0,0.0,0.0,0.0,0.0,0.0,0.0,0.0,0.0,3569.0,2205.0,510.0,902.0,722.0,1726.0,3879.0,4375.0,4430.0,4678.0,2530.0,1822.0,3586.0,2786.0,1811.0,2089.0,2425.0,2660.0,4607.0,2767.0,2922.0,1891.0,611.0,858.0,690.0,1465.0,3807.0,4736.0,4956.0,5023.0,2713.0,1664.0,436.0,681.0,601.0,1002.0,3897.0,5195.0,5024.0,5372.0,2597.0,2064.0,568.0,771.0,1011.0,1339.0,1662.0,1697.0,1797.0,1798.0,2828.0,1476.0,599.0,788.0,605.0,1112.0,4239.0,5477.0,5347.0,5832.0,1766.0,1149.0,1128.0,1155.0,977.0,1300.0,2839.0,3490.0,3157.0,3537.0,1889.5,983.0,460.0,599.0,429.5,910.0,2490.5,3055.0,3037.0,3316.5,2763.5,1741.0,511.5,876.5,681.5,1586.0,3143.5,3692.5,3618.5,4028.5,2697.0,1703.5,481.0,759.0,777.0,1474.0,2277.0,2625.5,2624.5,2907.5,3297.0,2360.0,580.0,813.0,984.0,1616.0,2243.0,2319.0,2483.0,2666.0,2845.0,1965.0,525.0,702.0,855.5,1222.5,1647.0,1843.0,1960.5,2171.0,2620.0,1826.0,488.0,629.0,785.0,1159.0,1484.0,1666.0,1637.0,1914.0,3552.0,2597.0,709.0,966.0,1302.0,1586.0,1954.0,2163.0,2288.0,2448.0,3681.0,2836.0,857.0,1052.0,1373.0,1675.0,2037.0,2251.0,2328.0,2421.0,0.0,0.0,0.0,0.0,0.0,0.0,0.0,0.0,0.0,0.0,3442.0,2681.0,786.0,1009.0,1308.0,1663.0,1809.5,2083.0,2126.0,2316.5,2559.0,2050.0,1114.0,1264.0,1480.0,1606.0,1664.0,1766.0,1828.0,1877.0,2124.0,1415.0,467.0,641.0,917.0,1105.0,1253.0,1468.0,1491.0,1638.0,2264.0,1950.5,941.0,1041.0,1216.0,1455.0,1526.0,1584.0,1655.0,1768.5,0.0,0.0,0.0,0.0,0.0,0.0,0.0,0.0,0.0,0.0,2315.0,1574.0,621.0,786.0,891.0,1218.0,1578.0,1740.0,1851.0,1870.0,0.0,0.0,0.0,0.0,0.0,0.0,0.0,0.0,0.0,0.0,293.0,289.0,7815.0,7999.0,7943.0,8132.0,7570.0,6978.0,7202.0,6486.0,0.0,0.0,0.0,0.0,0.0,0.0,0.0,0.0,0.0,0.0,2758.0,2111.0,642.0,835.0,1076.0,1473.0,1741.0,1824.0,1957.0,1976.0,3835.5,3113.0,880.5,1254.0,1621.5,2075.0,2379.5,2627.0,2689.0,2782.0,3181.0,2549.0,712.0,966.0,1288.0,1600.0,1803.0,1918.0,2083.0,2190.0,4766.0,4081.0,1129.0,1494.0,2021.0,2348.0,2516.0,2780.0,2737.0,3097.0,"{""type"":""MultiPoint"",""coordinates"":[]}"
2430,1,1390.5,907.5,445.0,608.0,784.5,980.5,1133.0,1294.0,1446.0,1453.0,2939.0,2361.5,923.0,1162.5,1431.0,1657.5,1730.0,1881.5,2031.0,2067.5,1681.0,1144.0,688.5,847.5,1057.5,1183.0,1196.0,1323.5,1455.5,1457.5,2789.0,2176.5,654.0,909.0,936.0,1381.0,1530.0,1699.0,1870.5,1905.0,3625.0,2981.5,837.0,1198.5,1246.5,1854.0,2111.5,2341.5,2409.5,2578.0,3105.5,2323.0,894.5,1127.5,1154.5,1499.5,2293.5,2621.5,2721.0,2789.5,0.0,0.0,0.0,0.0,0.0,0.0,0.0,0.0,0.0,0.0,1776.0,778.0,313.0,525.0,272.5,655.0,2936.5,4265.0,4137.0,4221.0,1991.0,1085.5,447.0,685.0,517.5,876.5,2853.5,4191.0,4121.0,4407.0,1995.5,1132.5,403.0,658.5,529.0,965.0,2714.5,3868.0,3975.5,4186.5,2113.5,1145.0,535.0,753.0,589.5,999.5,2747.0,3954.5,3993.5,4169.0,1711.5,1198.0,560.0,720.0,934.5,1089.0,1237.5,1299.5,1559.5,1520.0,2430.5,1409.0,724.5,966.0,785.5,1245.5,2725.0,3531.5,3541.5,3803.0,3149.0,2138.0,749.5,1022.5,1291.0,1712.0,2221.5,2569.0,2725.0,3015.0,0.0,0.0,0.0,0.0,0.0,0.0,0.0,0.0,0.0,0.0,3349.0,2736.0,833.5,1058.0,1415.5,1655.0,1766.5,1945.5,1972.5,2225.5,3008.5,2689.5,816.5,1040.5,1370.5,1563.5,1633.5,1767.0,1866.0,1929.5,0.0,0.0,0.0,0.0,0.0,0.0,0.0,0.0,0.0,0.0,2849.0,2465.0,744.5,973.0,1276.0,1452.5,1531.0,1648.0,1770.0,1823.0,2470.0,1902.5,597.0,786.5,987.0,1197.0,1345.5,1472.5,1511.5,1677.5,3024.0,2498.5,741.0,1034.0,1198.0,1555.0,1977.5,2151.5,2252.0,2312.5,2715.0,1871.5,617.0,1018.5,857.5,1516.0,2805.5,3075.0,3169.0,3229.0,0.0,0.0,0.0,0.0,0.0,0.0,0.0,0.0,0.0,0.0,1930.5,1046.0,407.5,850.5,517.0,1384.0,3197.5,3557.0,3786.5,3708.5,2121.0,1107.5,492.0,1055.0,662.0,1719.0,3895.5,4302.0,4328.0,4439.5,1748.5,865.5,414.0,1006.0,629.5,1658.0,3831.5,4138.0,4389.0,4399.0,2030.5,1021.5,519.5,1167.0,677.5,1844.5,4114.0,4470.0,4702.5,4608.0,0.0,0.0,0.0,0.0,0.0,0.0,0.0,0.0,0.0,0.0,1762.5,879.0,429.0,1038.5,469.0,1590.5,4035.0,4353.5,4603.5,4466.5,0.0,0.0,0.0,0.0,0.0,0.0,0.0,0.0,0.0,0.0,307.0,352.5,10471.0,10207.0,10155.0,10272.0,9853.0,9466.0,9847.5,9056.0,0.0,0.0,0.0,0.0,0.0,0.0,0.0,0.0,0.0,0.0,3625.0,2907.0,2151.0,2474.5,2831.0,3226.5,3255.5,3230.0,3143.0,3350.0,2366.5,1656.5,672.5,914.5,1107.5,1275.0,1385.0,1519.0,1731.5,1722.0,1683.0,1121.5,591.5,850.0,1027.0,1229.5,1275.0,1409.5,1557.5,1542.0,2981.0,2536.0,1088.0,1434.0,1882.0,2290.0,2478.5,2699.0,2224.0,3029.0,"{""type"":""MultiPoint"",""coordinates"":[]}"
2431,5,45.0,40.0,425.0,538.0,651.0,888.0,800.0,863.0,918.0,819.0,2374.0,1941.0,1333.0,1414.0,1564.0,1692.0,1690.0,1824.0,1769.0,1899.0,1127.0,649.0,756.0,963.0,1203.5,1523.5,1623.0,1755.0,1908.0,1947.5,1984.0,1398.0,1006.0,1246.0,1596.0,1866.0,1945.0,2129.5,2252.5,2307.0,2863.0,2088.0,1064.0,1388.0,1759.0,2069.0,2204.0,2396.0,2563.0,2594.0,4952.0,4209.0,2173.0,2381.0,2775.0,3221.0,3157.0,3432.0,3604.0,3556.0,2777.0,2569.0,2027.0,2167.0,2314.0,2964.0,3088.0,3291.0,2915.0,3583.0,6139.0,5765.0,2566.0,3153.0,3559.0,4048.0,4388.0,4645.0,4942.0,4976.0,5080.0,4498.0,2284.0,2727.0,3257.0,3675.0,3928.0,4062.0,4336.0,4400.0,4111.0,3416.5,1693.0,1960.5,2067.5,2593.0,3763.5,4222.0,4072.0,4535.0,2910.5,1723.0,784.0,1076.5,931.5,1583.5,2918.0,3328.5,3359.0,3663.5,422.0,316.0,554.0,700.0,887.0,1069.0,1183.0,1259.0,1404.0,1349.0,2593.0,1388.0,372.0,672.0,333.0,1037.0,3687.0,4729.0,4645.0,5053.0,2875.0,1357.0,352.0,572.0,302.0,854.0,4533.0,6177.0,6254.0,6534.0,2656.0,1082.0,437.0,588.0,313.0,795.0,4380.0,6282.0,6311.0,6667.0,2385.0,977.5,263.5,436.0,231.5,691.5,4066.0,5797.5,5657.0,6171.0,2272.0,966.0,169.0,397.0,180.0,683.0,4021.0,5476.0,5641.0,5822.0,2104.0,868.0,128.0,364.0,155.0,705.0,4012.0,5345.0,5416.0,5624.0,2352.5,1112.5,305.5,684.0,387.5,1233.5,3717.5,4493.5,4603.0,4840.0,1365.0,792.5,380.5,587.0,462.5,948.5,1409.5,1597.0,1590.5,1778.5,2839.0,1920.0,338.5,525.5,723.0,1061.5,1305.5,1501.5,1741.5,1890.5,3147.0,2315.0,397.0,536.0,790.0,1060.0,1209.0,1419.0,1609.0,1759.0,312.0,233.0,397.0,409.0,434.0,513.0,551.0,616.0,659.0,623.0,3301.0,2840.0,894.0,1121.0,1492.0,1676.0,1795.0,1932.0,2197.0,2189.0,2182.0,1352.0,837.0,989.0,1319.0,1548.0,1693.0,1841.0,2107.0,2163.0,2597.5,1891.5,749.5,1023.0,1324.5,1585.5,1736.5,1883.5,2156.0,2163.5,3035.0,2412.5,941.0,1253.5,1524.0,1866.5,2007.5,2149.0,2360.0,2377.5,0.0,0.0,0.0,0.0,0.0,0.0,0.0,0.0,0.0,0.0,2444.0,1733.0,2497.5,2406.5,2308.0,2518.5,2476.5,2464.0,2751.0,2500.5,0.0,0.0,0.0,0.0,0.0,0.0,0.0,0.0,0.0,0.0,998.0,1076.0,10948.0,10546.0,10402.0,10497.0,10098.0,9762.0,10090.0,9319.0,191.0,132.0,505.0,674.0,885.0,1123.5,1111.0,1181.5,1296.0,1231.5,922.5,586.0,452.5,629.0,747.5,1105.5,1224.5,1329.5,1519.0,1499.5,1441.5,915.5,781.5,1012.5,1190.5,1551.0,1679.0,1839.0,2008.0,1985.0,463.0,294.0,438.0,699.0,872.0,1209.0,1291.0,1384.0,1533.0,1502.0,3087.0,2321.0,987.0,1317.0,1595.0,1959.0,2121.0,2255.0,2489.0,2504.0,"{""type"":""MultiPoint"",""coordinates"":[]}"
2432,5,360.0,242.5,114.0,148.0,198.0,244.0,260.0,289.5,325.5,324.5,3408.5,3165.5,1064.0,1325.5,1687.5,1870.5,1966.5,2066.0,2218.0,2236.0,1795.0,1213.5,613.0,737.5,938.0,1072.0,1143.0,1253.0,1350.0,1369.0,1953.0,1354.0,741.0,869.5,1046.0,1211.5,1323.0,1446.0,1568.5,1612.0,0.0,0.0,0.0,0.0,0.0,0.0,0.0,0.0,0.0,0.0,3168.0,2590.0,957.0,1231.5,1397.5,1738.5,2208.0,2394.5,2465.5,2559.5,0.0,0.0,0.0,0.0,0.0,0.0,0.0,0.0,0.0,0.0,0.0,0.0,0.0,0.0,0.0,0.0,0.0,0.0,0.0,0.0,0.0,0.0,0.0,0.0,0.0,0.0,0.0,0.0,0.0,0.0,2303.0,1457.0,478.0,687.0,571.0,972.0,2668.0,3357.0,3363.0,3510.0,0.0,0.0,0.0,0.0,0.0,0.0,0.0,0.0,0.0,0.0,1701.0,1331.5,450.5,570.5,782.5,897.5,953.5,1015.0,1167.5,1153.5,2229.5,1035.0,297.5,424.5,227.0,644.5,3438.0,4764.5,4670.5,5073.5,2103.5,946.5,422.0,557.5,326.5,736.0,3487.5,4721.0,4810.5,5001.5,0.0,0.0,0.0,0.0,0.0,0.0,0.0,0.0,0.0,0.0,2131.5,955.0,345.5,582.0,309.5,912.0,3444.0,4396.0,4317.5,4701.5,1972.0,926.0,296.5,590.5,324.0,1029.5,3097.5,3757.0,3968.0,4106.5,0.0,0.0,0.0,0.0,0.0,0.0,0.0,0.0,0.0,0.0,2933.0,2222.5,455.0,589.5,834.0,1050.0,1218.0,1401.0,1563.5,1730.5,4818.5,3874.5,1979.0,1969.5,2043.5,2326.0,2383.0,2530.5,3026.5,2819.5,2901.5,2413.0,578.5,733.0,989.0,1144.0,1243.5,1376.5,1499.5,1561.0,2233.0,2077.0,544.5,672.5,876.5,980.5,1044.5,1166.0,1210.5,1268.0,0.0,0.0,0.0,0.0,0.0,0.0,0.0,0.0,0.0,0.0,2171.0,1902.5,559.5,691.0,906.5,1018.5,1053.0,1140.5,1236.5,1292.0,0.0,0.0,0.0,0.0,0.0,0.0,0.0,0.0,0.0,0.0,1341.5,859.0,270.0,380.5,543.5,632.5,701.5,776.0,878.5,929.5,1193.0,851.5,321.5,404.5,537.0,587.0,608.0,683.5,806.5,788.0,0.0,0.0,0.0,0.0,0.0,0.0,0.0,0.0,0.0,0.0,1724.0,1278.5,448.0,545.0,713.0,832.5,880.5,956.0,1087.5,1107.0,0.0,0.0,0.0,0.0,0.0,0.0,0.0,0.0,0.0,0.0,945.0,1013.0,10959.5,10476.5,10380.0,10478.0,10121.5,9773.5,10217.0,9399.5,0.0,0.0,0.0,0.0,0.0,0.0,0.0,0.0,0.0,0.0,1966.0,1397.0,559.0,721.0,952.0,1090.5,1183.5,1272.0,1412.5,1414.0,2021.5,1411.0,633.0,821.5,1030.0,1146.0,1226.5,1313.0,1471.0,1464.5,1595.5,1077.5,609.0,786.0,1020.5,1171.5,1223.5,1318.5,1445.5,1441.0,3095.0,2647.0,1098.5,1357.5,1715.0,1970.5,2072.5,2227.0,2028.0,2408.5,"{""type"":""MultiPoint"",""coordinates"":[]}"
2434,5,2443.5,1952.0,1484.0,1692.0,2040.5,2326.0,2493.0,2609.0,2850.5,2875.0,4323.5,3302.0,1608.5,2009.5,2292.0,2977.5,3413.5,3582.0,3734.0,3872.5,1538.0,868.5,694.0,985.5,1218.0,1711.0,2016.5,2185.5,2404.0,2419.0,1232.0,715.5,652.0,896.5,1150.5,1494.0,1705.0,1850.5,2131.5,2124.5,3416.0,2881.5,874.0,1156.5,1489.5,1703.5,1811.5,1965.5,2174.0,2180.5,2361.5,2253.0,1484.0,1459.5,1311.5,1570.0,1790.5,2191.0,1973.0,2316.5,0.0,0.0,0.0,0.0,0.0,0.0,0.0,0.0,0.0,0.0,5037.0,4440.5,1571.0,2062.5,2396.0,2882.0,3369.0,3621.5,3730.0,3841.5,4804.5,3960.0,1337.5,1817.0,1977.0,2664.0,3586.5,3980.5,3895.5,4246.0,4074.5,3282.0,981.0,1296.0,1388.0,1989.5,3408.5,3949.5,3966.0,4202.5,3273.5,2082.5,756.0,1007.5,795.5,1437.5,3771.5,4674.5,4600.5,4863.5,3185.5,2286.5,1299.0,1555.0,1973.0,2252.5,2442.0,2601.0,2940.5,2910.5,2774.0,1393.0,432.5,656.0,380.0,1016.0,3752.0,4854.0,4668.0,5162.0,3423.0,2487.0,1859.5,1854.0,1542.0,2359.5,4612.5,5711.0,5782.0,5835.5,2330.0,1063.5,308.5,531.5,259.0,830.5,4193.0,5902.5,5746.5,6004.0,2188.0,991.0,326.5,498.0,280.5,728.5,3908.5,5445.0,5341.5,5798.0,2107.5,938.5,287.0,499.0,277.5,787.0,3943.5,5313.5,5421.0,5526.5,1908.5,1082.0,654.5,829.0,702.0,1115.0,3101.0,3990.5,3831.0,4165.0,2164.5,1087.0,409.0,834.0,524.0,1417.5,3700.0,4466.0,4701.0,4812.5,1196.0,961.0,358.0,482.0,517.5,776.0,935.5,1122.5,843.5,1388.0,2453.0,1703.0,407.5,567.0,758.0,952.5,1119.0,1273.5,1428.0,1514.5,3388.5,2571.0,722.5,939.0,1334.5,1557.0,1679.0,1841.5,2013.5,2107.0,2713.5,1876.5,1067.5,1301.5,1715.0,2006.0,2188.5,2337.0,2612.0,2652.0,2994.5,2714.0,742.5,972.0,1275.0,1409.5,1476.0,1590.0,1797.5,1801.0,1585.5,1043.0,395.0,512.0,707.0,823.5,849.0,1018.0,1158.5,1113.5,1614.0,1043.5,347.0,492.5,710.0,824.0,881.5,973.0,1130.5,1155.0,2084.0,1582.0,475.0,635.0,857.0,994.5,1075.0,1167.5,1241.0,1287.5,2533.5,1619.5,2745.5,2661.0,2554.5,2569.0,2254.5,2138.5,3043.0,2027.0,1756.0,1123.5,587.0,718.5,891.5,1038.0,1172.0,1242.5,1473.0,1446.0,0.0,0.0,0.0,0.0,0.0,0.0,0.0,0.0,0.0,0.0,939.0,972.0,9051.0,8894.0,8868.0,9089.5,8880.0,8522.5,8857.0,8334.5,1204.0,738.5,1846.5,2061.5,2392.5,2745.0,2889.5,2954.5,3027.0,3007.5,2658.0,1856.0,1015.5,1306.5,1674.0,1975.0,2226.0,2341.5,2659.0,2647.0,2464.5,1732.5,955.5,1247.0,1512.5,1904.0,2222.5,2420.0,2632.5,2629.5,1686.0,979.0,701.0,1023.0,1272.5,1631.5,1963.5,2161.5,2400.0,2434.0,3771.0,2793.5,1570.0,1926.5,2238.0,2632.0,2924.0,3143.5,3384.5,3372.5,"{""type"":""MultiPoint"",""coordinates"":[]}"
2435,5,1431.5,1094.0,1070.0,1217.0,1435.5,1623.0,1690.5,1823.0,2071.0,1949.0,2776.0,2024.5,1695.5,1973.0,2055.5,2247.0,2322.0,2393.0,2794.0,2560.5,810.5,502.5,547.5,781.5,1025.5,1175.0,1045.5,1102.5,1177.5,1122.5,94.0,73.0,535.0,758.0,861.0,894.0,458.0,468.0,423.0,260.0,1960.0,1164.0,620.0,873.0,1101.0,1337.0,1471.0,1568.0,1758.0,1746.0,3643.0,2754.0,1127.5,1544.0,1775.0,2205.0,2358.0,2597.0,2739.0,2839.0,0.0,0.0,0.0,0.0,0.0,0.0,0.0,0.0,0.0,0.0,5392.0,4402.0,1363.0,1954.0,2227.0,2854.0,3280.0,3567.0,3847.0,4094.0,5014.0,4334.0,1907.0,2467.0,3026.0,3401.0,3584.0,3939.0,3865.0,4157.0,5254.0,4830.0,1663.0,2240.5,2882.5,3338.5,3520.0,3780.0,3887.0,4030.0,4019.0,3015.0,1151.0,1615.0,1891.0,2363.0,2914.0,3320.0,3282.0,3472.0,1257.0,722.0,531.0,824.0,1175.0,1402.0,1474.0,1550.0,1828.0,1780.0,4486.0,3365.0,1224.0,1682.0,1924.0,2681.0,3521.0,4088.0,4024.0,4297.0,3612.0,2734.0,909.0,1273.0,1413.0,1907.0,2970.0,3355.0,3475.0,3617.0,2701.5,1704.0,632.0,901.0,869.5,1324.5,2937.0,3493.0,3440.0,3635.5,2409.0,1224.0,478.0,673.0,527.0,1057.0,3301.0,4225.0,4119.0,4464.0,2284.5,1142.0,377.0,604.0,459.0,997.0,3269.5,4106.0,4263.0,4338.5,2328.0,1326.5,1094.5,1233.0,1026.0,1509.0,3226.5,3919.0,3922.5,4079.5,2330.0,1105.0,369.0,676.0,376.0,1072.0,3426.0,3912.0,4040.0,4246.0,3415.0,2630.0,2475.5,2683.0,2556.0,3344.0,4095.0,4348.5,4314.0,4495.0,2779.5,1877.5,517.0,833.0,1034.5,1535.0,1860.5,2111.0,2354.5,2505.5,2953.0,2133.0,589.0,857.0,1128.0,1479.0,1658.0,1848.0,2022.0,2132.0,2131.5,1521.5,738.0,1053.5,1432.0,1697.0,1782.5,1881.5,2126.0,2107.0,2293.0,1675.0,705.0,936.0,1276.0,1461.0,1608.0,1745.0,1921.0,1915.0,1621.0,1093.0,707.0,1014.0,1324.0,1566.0,1555.0,1726.0,1911.0,1883.0,1731.5,1146.5,606.0,900.0,1199.0,1396.5,1478.0,1591.5,1763.0,1701.5,2009.5,1458.0,720.5,1074.0,1406.0,1687.0,1727.0,1836.0,1960.0,1947.0,0.0,0.0,0.0,0.0,0.0,0.0,0.0,0.0,0.0,0.0,1194.0,768.0,642.5,893.0,1123.5,1346.5,1426.5,1520.5,1707.0,1622.0,4455.0,4404.0,4222.0,4067.0,4136.0,4247.0,4236.0,4246.0,4564.0,4325.0,959.0,1048.0,9820.0,9718.0,9774.0,9867.0,9700.0,9343.0,9642.0,8967.0,938.0,596.0,3457.5,3615.0,3877.5,4210.0,4099.0,4021.5,4153.5,3991.0,2385.0,1642.0,846.0,1153.0,1502.0,1816.0,1887.0,2071.0,2274.0,2213.0,128.5,95.0,629.0,968.0,1064.5,1025.0,479.0,470.0,438.5,314.0,903.0,497.0,449.0,616.0,839.0,1054.0,1119.0,1242.0,1387.0,1372.0,3689.5,3076.5,1026.5,1370.0,1735.5,2035.5,2127.0,2265.0,2387.5,2465.0,"{""type"":""MultiPoint"",""coordinates"":[]}"
2436,1,2273.0,1672.0,636.0,972.0,1382.0,1663.0,1861.0,1939.0,2111.0,2065.0,4152.5,3687.5,1529.5,2050.5,2541.5,3037.0,3255.0,3337.5,3535.5,3520.5,2800.0,2118.0,869.0,1226.0,1654.0,2016.0,2173.0,2364.0,2521.0,2523.0,3659.0,3067.0,1240.0,1631.0,2066.0,2506.0,2863.0,3018.0,3186.0,3212.0,2932.0,2158.0,820.0,1214.0,1654.0,1961.0,2413.0,2531.0,2755.0,2778.0,3850.0,2862.5,893.0,1322.5,1367.0,2068.0,4035.5,4955.5,4850.5,5167.0,3094.0,1903.0,1572.0,1766.0,1498.0,1989.0,3829.0,4676.0,4595.0,4870.0,1875.0,825.0,322.0,547.0,288.0,702.0,3256.0,4915.0,4894.0,5008.0,2326.0,1360.0,1053.0,1165.0,894.0,1194.0,3238.0,4740.0,4502.0,4913.0,1931.0,879.0,358.0,529.0,318.0,692.0,2993.0,4347.0,4540.0,4627.0,1932.0,908.0,362.0,542.0,370.0,733.0,2849.0,4415.0,4486.0,4619.0,2423.0,1883.0,698.0,1030.0,1484.0,1779.0,1976.0,2078.0,2299.0,2165.0,1887.5,983.5,1041.0,1060.0,788.0,1147.0,2466.5,3231.5,3512.0,3466.5,0.0,0.0,0.0,0.0,0.0,0.0,0.0,0.0,0.0,0.0,3119.0,1950.0,540.0,832.0,1047.5,1584.0,2219.0,2636.5,2823.0,3188.5,3705.0,3257.5,1158.5,1500.5,2012.5,2520.5,2841.0,3188.0,3251.5,3644.0,4914.0,3446.0,1045.0,1485.0,2161.0,2611.0,2967.0,3210.0,3505.0,3624.0,4503.0,3093.0,917.0,1324.0,1900.0,2341.0,2767.0,3043.0,3184.0,3395.0,3784.0,2538.5,825.5,1186.0,1474.0,2010.5,2898.0,3175.0,3390.5,3520.0,3469.0,2118.0,775.0,1151.0,1202.0,1862.5,3125.0,3479.5,3490.0,3830.5,3073.0,1875.0,586.5,977.0,940.5,1589.0,2941.0,3383.0,3525.0,3692.0,2854.5,1751.5,566.0,934.5,908.0,1609.5,2786.5,3189.5,3391.0,3524.5,2441.0,2150.0,1266.0,1414.0,1594.0,1909.0,2123.0,2227.0,2191.0,2358.0,2651.5,1620.0,538.5,892.0,924.0,1620.0,2631.0,2980.0,3311.0,3321.0,2287.0,1422.0,595.0,852.0,970.5,1545.0,2115.0,2380.0,2389.5,2755.5,2877.0,1796.0,613.0,943.0,1402.0,1884.0,2311.0,2579.0,2936.0,3028.0,3537.0,2392.5,763.0,1088.0,1617.0,2052.5,2322.0,2621.0,2872.5,3037.5,2554.0,1779.0,2944.0,2907.0,2836.0,2863.0,3042.0,3192.0,2958.0,3294.0,2413.5,1825.5,768.5,857.0,1106.5,1413.5,1651.0,1864.0,1851.0,2042.0,0.0,0.0,0.0,0.0,0.0,0.0,0.0,0.0,0.0,0.0,119.0,135.0,10218.0,10167.0,10132.0,10257.0,9831.0,9172.0,9416.0,8542.0,913.0,632.0,2471.0,3024.0,3523.0,3762.0,3717.0,3731.0,3975.0,3788.0,2586.0,1930.0,750.0,1115.5,1539.0,1886.5,2104.5,2219.5,2429.0,2383.5,3328.0,2797.0,1039.0,1504.0,1985.0,2360.0,2502.0,2689.0,2937.0,2868.0,2979.0,2446.0,876.0,1250.0,1749.0,2058.0,2230.0,2405.0,2611.0,2533.0,2751.0,2087.5,859.0,1208.0,1760.5,2026.5,2157.5,2284.0,2416.0,2434.0,"{""type"":""MultiPoint"",""coordinates"":[]}"
2447,1,2880.0,1963.0,705.0,903.0,1087.0,1688.0,2318.0,2509.0,2816.0,2774.0,4738.0,4554.0,1483.0,1945.0,2491.0,2748.0,2860.0,3002.0,3200.0,3227.0,1993.0,1497.0,724.0,857.0,1030.0,1163.0,1213.0,1247.0,1480.0,1395.0,3096.0,2451.0,922.0,1233.0,1429.0,1798.0,2019.0,2169.0,2336.0,2371.0,5375.0,4895.0,1755.0,2356.0,2647.0,3315.0,3982.0,4235.0,4271.0,4445.0,4710.0,3888.0,1271.0,1740.0,1952.0,2510.0,3902.0,4599.0,4581.0,4841.0,2229.0,1255.0,378.0,613.0,449.0,870.0,2921.0,3973.0,4000.0,4101.0,1750.0,814.0,180.0,366.0,166.0,499.0,2976.0,4723.0,4834.0,4904.0,2151.0,993.0,1255.0,1229.0,865.0,1161.0,3586.0,5778.0,5760.0,6196.0,1724.0,728.5,287.0,467.0,260.0,588.5,2991.5,4733.0,4736.0,5041.0,1771.0,727.0,375.0,502.0,303.0,626.0,2886.0,4730.0,4751.0,4982.0,3082.0,2170.0,761.0,947.0,1199.0,1781.0,2419.0,2595.0,2887.0,2837.0,1871.5,782.5,393.0,598.5,352.5,768.0,3224.5,4915.5,4840.5,5264.5,2237.0,1110.5,439.5,788.0,620.0,1198.5,3094.0,4001.0,4027.5,4418.0,2733.0,1684.0,540.0,805.0,910.0,1416.0,2308.0,2732.0,2748.0,3125.0,2302.0,1784.0,546.5,658.0,835.0,1097.0,1355.5,1560.0,1307.0,1789.5,3927.0,2957.0,717.5,981.0,1493.5,1811.0,2006.0,2253.5,2438.0,2637.0,0.0,0.0,0.0,0.0,0.0,0.0,0.0,0.0,0.0,0.0,4276.5,3384.0,823.0,1116.5,1618.5,1933.5,2072.5,2268.0,2490.0,2619.0,3799.0,2803.0,742.0,1015.0,1303.0,1659.0,1978.0,2142.0,2222.0,2412.0,3592.5,2529.0,631.5,959.5,1113.0,1575.5,2114.0,2335.5,2543.0,2597.0,2922.0,1874.0,596.5,960.0,873.0,1454.0,2290.5,2503.0,2702.0,2717.5,0.0,0.0,0.0,0.0,0.0,0.0,0.0,0.0,0.0,0.0,2958.0,1878.0,492.0,817.0,905.0,1587.0,2128.0,2347.0,2639.0,2738.0,0.0,0.0,0.0,0.0,0.0,0.0,0.0,0.0,0.0,0.0,2500.0,1822.0,594.0,892.0,1289.0,1552.0,1696.0,1808.0,1991.0,2038.0,3051.5,2384.5,852.0,1118.0,1492.0,1823.0,1951.0,2081.5,2215.5,2304.5,0.0,0.0,0.0,0.0,0.0,0.0,0.0,0.0,0.0,0.0,2890.0,2186.0,819.0,1117.0,1456.0,1762.0,1951.0,2085.0,2281.0,2296.0,0.0,0.0,0.0,0.0,0.0,0.0,0.0,0.0,0.0,0.0,521.0,576.0,10746.0,10464.0,10312.0,10431.0,10028.0,9598.0,9986.0,9148.0,0.0,0.0,0.0,0.0,0.0,0.0,0.0,0.0,0.0,0.0,3060.0,2141.0,625.0,854.0,1055.0,1591.0,2260.0,2543.0,2770.0,2800.0,3246.5,2313.5,781.5,1078.5,1307.0,1839.0,2220.5,2422.0,2692.0,2735.0,2929.5,2081.0,1272.5,1535.0,1717.0,2030.0,2157.5,2232.5,2524.0,2415.5,3331.0,2347.0,1073.0,1258.0,1571.0,1825.0,1958.0,2144.0,2397.0,2482.0,"{""type"":""MultiPoint"",""coordinates"":[]}"
2512,5,2099.0,1432.0,693.0,930.0,1002.0,1309.0,1536.0,1654.0,1831.0,1902.0,3885.0,3595.5,1196.5,1602.0,2050.0,2387.5,2577.0,2677.5,2820.5,2906.5,2399.5,1717.0,625.5,871.5,1193.5,1449.5,1591.0,1706.0,1836.5,1895.5,3201.5,2638.5,1945.0,2121.0,2333.5,2702.0,2837.5,2968.0,2878.5,3108.0,3246.0,2689.0,955.0,1306.0,1665.0,1952.0,2167.0,2253.0,2511.0,2449.0,0.0,0.0,0.0,0.0,0.0,0.0,0.0,0.0,0.0,0.0,0.0,0.0,0.0,0.0,0.0,0.0,0.0,0.0,0.0,0.0,5271.0,4920.0,1835.0,2401.0,2886.0,3451.0,3783.0,4049.0,4197.0,4220.0,5467.0,4982.0,1988.0,2667.0,3148.0,3680.0,4296.0,4483.0,4760.0,4738.0,5065.0,4429.0,1418.0,1898.0,2211.0,2862.0,3917.0,4403.0,4391.0,4626.0,4226.5,3150.0,955.0,1351.0,1294.0,2068.5,3867.0,4485.0,4498.0,4747.5,2875.0,2382.0,762.0,1055.0,1300.0,1657.0,2030.0,2159.0,2328.0,2319.0,2887.0,1404.0,301.0,450.0,168.0,862.0,4290.0,5258.0,5064.0,5466.0,1719.0,892.0,329.0,481.0,268.5,670.5,2839.5,3824.5,3822.5,3939.5,2329.0,1050.0,470.5,604.5,269.0,769.5,4011.0,5354.0,5252.0,5593.5,2318.0,985.0,314.0,491.0,243.5,736.0,3935.5,5377.0,5214.0,5601.0,2222.0,1003.0,224.0,502.0,222.0,807.0,3760.0,5032.0,5100.0,5216.0,1925.0,881.5,262.0,631.0,303.0,1046.5,3545.0,4266.5,4331.5,4505.5,2402.0,1493.0,439.0,899.0,717.0,1553.0,2346.0,2614.0,2825.0,2991.0,3135.5,2447.0,585.5,768.5,916.5,1285.0,1589.0,1754.0,1839.0,2024.5,3247.5,2431.0,599.0,767.5,949.5,1281.5,1568.0,1768.5,1897.5,2039.0,2761.0,2119.0,461.0,621.0,778.0,1048.0,1297.0,1516.0,1652.0,1735.0,1293.0,949.0,772.0,802.0,827.0,1012.0,1222.0,1239.0,1443.0,1310.0,3126.0,2340.0,761.0,993.0,1238.0,1564.0,1862.0,2027.0,2289.0,2307.0,2595.0,1969.0,2093.0,2001.0,2039.0,2264.0,2492.0,2630.0,2896.0,2775.0,2066.0,1524.5,451.5,680.5,997.0,1155.0,1267.0,1375.0,1562.0,1559.0,2301.5,1744.0,582.5,828.0,1142.0,1319.5,1447.5,1552.0,1698.5,1717.5,0.0,0.0,0.0,0.0,0.0,0.0,0.0,0.0,0.0,0.0,2040.5,1536.5,925.5,1049.5,1208.0,1421.0,1516.5,1608.0,1817.5,1736.5,0.0,0.0,0.0,0.0,0.0,0.0,0.0,0.0,0.0,0.0,1028.0,1104.0,10400.0,10158.0,10128.0,10232.0,9933.0,9521.0,9944.0,9249.0,1368.0,936.0,920.0,1188.0,1331.0,1765.0,1973.0,2033.5,2162.0,2037.5,2644.5,1896.5,652.0,984.5,1144.5,1594.5,2064.0,2203.5,2432.0,2372.0,2604.0,1745.0,723.0,1076.0,1110.0,1726.0,2484.0,2672.0,2931.0,2844.0,2218.0,1430.0,582.0,952.0,908.0,1661.0,2557.0,2744.0,2937.0,2893.0,2222.5,1408.5,592.0,999.5,953.5,1779.0,2630.5,2824.5,2997.5,3005.0,"{""type"":""MultiPoint"",""coordinates"":[]}"
2540,5,2632.0,1765.5,577.5,771.0,932.5,1420.5,2068.5,2288.5,2539.0,2493.0,3373.5,2317.0,722.5,1112.0,1293.5,1991.5,2549.5,2820.0,3084.0,3142.5,2277.5,1645.5,655.0,851.5,1093.5,1335.0,1464.5,1592.5,1728.5,1768.5,2719.0,2006.0,893.5,1074.0,1363.0,1591.0,1668.0,1813.0,1980.0,2024.0,0.0,0.0,0.0,0.0,0.0,0.0,0.0,0.0,0.0,0.0,4179.0,3718.0,1234.0,1589.0,2002.5,2295.0,2456.0,2690.0,2788.0,2923.5,0.0,0.0,0.0,0.0,0.0,0.0,0.0,0.0,0.0,0.0,0.0,0.0,0.0,0.0,0.0,0.0,0.0,0.0,0.0,0.0,0.0,0.0,0.0,0.0,0.0,0.0,0.0,0.0,0.0,0.0,3910.0,3056.0,1115.5,1367.0,1472.0,1965.5,2802.0,3131.5,3167.5,3364.0,3451.5,2460.0,717.0,1063.5,986.5,1627.0,3169.0,3617.5,3683.0,3814.0,3159.0,2316.5,769.0,980.5,1183.0,1672.5,2258.0,2471.5,2760.5,2722.0,2805.0,1335.0,473.5,780.5,391.5,1108.5,4026.0,4961.0,4731.0,5093.0,2372.5,1129.5,421.5,653.5,364.5,967.5,3666.5,4646.0,4684.0,4767.0,0.0,0.0,0.0,0.0,0.0,0.0,0.0,0.0,0.0,0.0,2553.5,1051.5,348.5,535.5,291.0,818.5,4206.5,5748.0,5560.0,6004.0,2157.5,901.0,248.0,414.0,216.5,673.0,3780.5,5166.0,5355.5,5418.5,0.0,0.0,0.0,0.0,0.0,0.0,0.0,0.0,0.0,0.0,2135.5,1006.5,336.0,739.5,435.5,1385.5,3530.5,4096.0,4284.5,4506.5,360.0,168.0,240.5,273.5,256.5,372.5,445.5,500.0,491.5,543.5,2781.5,1991.5,457.5,660.0,934.5,1198.0,1409.0,1598.0,1833.0,1880.5,2955.0,2158.0,555.5,743.0,963.0,1261.5,1558.5,1742.5,1940.5,2005.5,0.0,0.0,0.0,0.0,0.0,0.0,0.0,0.0,0.0,0.0,3580.5,2485.5,898.5,1227.5,1446.0,1939.5,2475.0,2639.5,2876.5,2911.0,6508.0,5541.0,5819.5,5677.0,5705.0,6079.0,5896.0,5775.0,6118.0,5805.0,2347.0,1402.0,523.0,798.5,937.0,1513.5,2212.5,2401.5,2651.5,2640.0,1816.0,1298.5,343.0,532.5,730.0,936.5,1087.0,1189.5,1324.0,1318.0,0.0,0.0,0.0,0.0,0.0,0.0,0.0,0.0,0.0,0.0,2131.0,1549.0,551.0,726.0,915.5,1170.5,1378.0,1531.0,1687.0,1678.5,0.0,0.0,0.0,0.0,0.0,0.0,0.0,0.0,0.0,0.0,982.5,1093.0,10374.5,10143.5,10202.5,10361.0,10032.0,9678.0,10091.5,9327.0,0.0,0.0,0.0,0.0,0.0,0.0,0.0,0.0,0.0,0.0,2910.0,2035.0,589.5,813.5,964.0,1497.5,2216.5,2493.5,2774.0,2739.5,2550.0,1645.0,540.0,818.0,824.0,1474.0,2477.5,2708.0,3001.5,2973.5,2370.0,1443.0,432.0,770.0,695.5,1531.5,2679.0,2933.0,3209.0,3174.0,2983.5,1924.5,716.0,1071.0,1051.5,2005.0,2875.5,3142.5,3320.5,3426.5,"{""type"":""MultiPoint"",""coordinates"":[]}"
2543,5,1698.5,797.0,396.5,742.0,597.0,1637.5,3567.0,4011.0,4346.5,4178.5,2470.0,1692.5,578.5,837.5,845.0,1363.5,2029.0,2243.5,2449.5,2482.5,1507.5,840.5,421.0,636.5,661.5,1096.5,1612.0,1760.0,1940.5,1977.0,1296.0,685.0,510.5,663.5,682.5,1068.0,1479.0,1649.0,1818.0,1828.5,0.0,0.0,0.0,0.0,0.0,0.0,0.0,0.0,0.0,0.0,3838.5,2726.5,1392.0,1825.5,2513.0,2899.0,3031.0,3269.5,3452.0,3570.5,0.0,0.0,0.0,0.0,0.0,0.0,0.0,0.0,0.0,0.0,0.0,0.0,0.0,0.0,0.0,0.0,0.0,0.0,0.0,0.0,0.0,0.0,0.0,0.0,0.0,0.0,0.0,0.0,0.0,0.0,3134.0,2024.5,827.5,1040.0,1048.0,1509.5,2238.5,2503.0,2515.0,2742.0,3017.0,2003.0,624.0,843.5,852.5,1309.5,2102.5,2371.0,2393.5,2497.5,2363.5,1359.5,521.0,728.5,756.5,1709.5,3353.0,3796.0,4102.5,3995.5,2826.0,1717.0,512.5,741.0,577.5,1117.5,2678.5,3228.0,3071.5,3404.5,2360.5,1282.0,450.5,639.5,436.0,900.5,2964.5,3636.5,3726.0,3843.5,0.0,0.0,0.0,0.0,0.0,0.0,0.0,0.0,0.0,0.0,2160.5,1048.0,348.0,514.5,327.5,759.0,2906.5,3716.0,3656.5,3946.5,2146.5,1182.0,348.5,588.0,430.5,949.5,2460.5,2932.0,3122.5,3215.0,0.0,0.0,0.0,0.0,0.0,0.0,0.0,0.0,0.0,0.0,2224.5,1591.0,534.5,602.0,760.5,879.0,940.0,1036.0,1224.5,1219.5,0.0,0.0,0.0,0.0,0.0,0.0,0.0,0.0,0.0,0.0,3429.0,2684.5,622.5,765.0,1051.5,1237.0,1329.0,1469.5,1658.0,1750.5,1481.5,1093.5,304.0,382.5,529.5,630.0,684.0,767.0,785.5,889.0,0.0,0.0,0.0,0.0,0.0,0.0,0.0,0.0,0.0,0.0,3635.5,2728.0,787.0,939.0,1256.5,1451.0,1610.0,1766.0,1961.5,2029.0,0.0,0.0,0.0,0.0,0.0,0.0,0.0,0.0,0.0,0.0,2684.0,1700.5,547.5,801.0,930.5,1304.0,1862.0,2052.5,2267.5,2292.0,2519.5,1536.0,489.5,763.0,788.5,1237.5,2124.0,2332.0,2554.0,2610.5,0.0,0.0,0.0,0.0,0.0,0.0,0.0,0.0,0.0,0.0,2581.5,1572.0,544.5,822.5,666.5,1209.5,2572.0,2902.5,3156.5,3084.5,0.0,0.0,0.0,0.0,0.0,0.0,0.0,0.0,0.0,0.0,998.0,1083.5,10827.0,10449.0,10399.5,10526.0,10255.0,9916.5,10326.0,9502.5,0.0,0.0,0.0,0.0,0.0,0.0,0.0,0.0,0.0,0.0,2475.5,1498.5,481.5,721.5,897.5,1688.0,2793.5,3117.5,3447.5,3395.0,2349.0,1388.5,508.0,783.5,853.5,1501.5,2433.5,2739.5,3053.0,3049.5,1501.5,726.0,325.0,619.5,611.0,1275.5,2314.0,2686.0,2933.0,2941.5,2350.5,1445.0,597.0,882.0,818.5,1466.0,2339.0,2599.0,2776.5,2873.0,"{""type"":""MultiPoint"",""coordinates"":[]}"
2553,3,37.0,44.0,1356.0,1924.0,2451.0,2749.0,2473.0,2521.0,2550.0,2277.0,3601.5,3143.0,1121.5,1393.5,1779.0,1982.5,2096.5,2244.0,2380.0,2472.5,0.0,0.0,0.0,0.0,0.0,0.0,0.0,0.0,0.0,0.0,3290.0,2959.0,986.0,1264.0,1597.0,1803.0,1884.0,2022.0,2124.0,2175.0,2449.0,1795.0,691.0,899.0,1186.0,1333.0,1430.0,1571.0,1747.0,1846.0,0.0,0.0,0.0,0.0,0.0,0.0,0.0,0.0,0.0,0.0,0.0,0.0,0.0,0.0,0.0,0.0,0.0,0.0,0.0,0.0,1823.0,1395.0,2891.0,2528.0,2060.0,2295.0,2603.0,2850.0,2677.0,2703.0,2597.0,2237.0,730.0,1110.5,1037.5,1750.5,3145.0,3789.5,3349.5,3789.5,2241.0,1427.0,1227.0,1408.0,1068.0,1506.0,3433.0,4547.0,4521.0,4582.0,1853.0,848.0,478.0,679.0,306.0,938.0,3448.0,4786.0,4643.0,4947.0,65.0,48.0,1552.5,2095.0,2569.5,2777.0,2517.0,2536.0,2547.5,2196.0,1505.5,672.5,318.5,448.5,218.0,641.0,2848.5,4563.0,4366.5,4761.0,1373.0,695.0,472.0,753.0,422.0,1110.0,3037.0,4238.0,4232.0,4505.0,1599.0,749.0,432.0,737.0,400.0,1145.0,3118.0,4134.0,4065.0,4432.0,2738.5,1911.0,1815.5,2001.5,1676.5,2483.0,3893.5,4564.5,4505.0,4855.0,1817.0,963.0,354.0,806.0,489.0,1469.0,2855.0,3384.0,3503.0,3839.0,3397.0,2213.5,1106.5,1588.0,1897.5,2715.5,3183.0,3574.0,3728.0,4025.5,4442.0,3292.5,1111.0,1523.5,2133.0,2493.0,2647.0,2860.5,2933.0,3159.5,0.0,0.0,0.0,0.0,0.0,0.0,0.0,0.0,0.0,0.0,2555.0,1998.0,603.0,808.0,1038.0,1295.0,1420.0,1556.0,1650.0,1755.0,2003.0,1620.5,491.0,661.5,863.5,1111.5,1276.0,1410.5,1528.0,1614.0,1395.0,1124.5,2822.5,2967.0,3116.5,3295.5,3110.5,3155.0,3216.5,2962.5,1171.0,743.0,405.5,551.0,723.0,930.5,1091.0,1207.0,1323.0,1384.0,2079.0,1484.0,598.0,799.0,1075.0,1305.0,1417.0,1552.0,1711.0,1753.0,1650.0,1039.0,423.0,623.0,912.0,1078.0,1207.0,1326.0,1571.0,1533.0,2100.0,1473.0,544.0,769.0,1064.0,1298.0,1407.0,1517.0,1694.0,1705.0,0.0,0.0,0.0,0.0,0.0,0.0,0.0,0.0,0.0,0.0,0.0,0.0,0.0,0.0,0.0,0.0,0.0,0.0,0.0,0.0,0.0,0.0,0.0,0.0,0.0,0.0,0.0,0.0,0.0,0.0,0.0,0.0,0.0,0.0,0.0,0.0,0.0,0.0,0.0,0.0,142.0,133.0,3790.0,3792.0,3746.0,3862.0,3557.0,3471.0,3478.0,3169.0,1336.0,870.0,672.0,877.0,1093.0,1238.0,1255.0,1334.0,1549.5,1429.0,0.0,0.0,0.0,0.0,0.0,0.0,0.0,0.0,0.0,0.0,1326.5,855.0,611.5,829.5,1092.5,1239.5,1310.5,1423.0,1559.5,1554.0,2453.5,1907.0,734.0,955.0,1238.0,1400.0,1482.5,1593.0,1731.0,1779.0,"{""type"":""MultiPoint"",""coordinates"":[]}"
2559,3,2555.5,1857.0,707.0,855.5,1077.0,1258.5,1425.0,1516.5,1724.5,1736.0,3684.0,3083.5,1450.5,1570.0,1825.0,2295.0,2336.5,2343.0,2562.0,2379.0,2787.5,2113.0,775.0,1051.0,1376.0,1560.0,1600.5,1721.5,1842.5,1873.5,4148.0,3810.5,1441.0,1952.5,2383.5,2663.0,2700.5,2832.0,2967.0,2978.5,5296.0,5123.5,1935.0,2619.0,3203.5,3527.0,3566.5,3713.0,3975.5,3920.5,6245.0,6121.0,2252.0,2981.5,3547.5,4055.5,4164.0,4402.0,4420.5,4585.5,4404.5,3652.0,5474.5,5106.0,4844.0,5048.5,5039.0,5069.5,5610.0,5094.5,4732.5,3960.5,1361.0,1917.0,2099.5,2735.0,3507.5,3915.0,3974.0,4144.0,1882.0,1444.5,604.0,881.5,711.5,1238.5,2429.0,2863.5,2773.5,2948.0,1608.5,794.0,336.0,542.0,303.0,768.0,2712.0,3755.0,3892.5,3727.0,1491.0,683.0,415.5,527.5,290.5,732.0,2724.0,3951.5,3989.0,3999.5,3269.5,2668.5,855.0,1096.5,1358.5,1580.0,1736.5,1862.5,2003.0,2046.0,1505.0,704.5,327.0,429.0,232.0,616.0,2670.0,4432.0,4360.0,4335.0,1341.0,630.5,411.0,653.0,376.0,882.5,2860.5,4294.0,4450.0,4565.5,1465.0,687.0,388.0,667.0,350.0,1026.5,3088.0,4226.5,4301.0,4483.0,2523.0,1680.5,1007.0,1585.0,1260.0,2107.5,3947.5,4704.0,4760.0,4992.0,1715.5,880.5,438.0,894.0,535.5,1476.0,3245.5,3768.5,3949.0,4036.0,2257.0,1645.5,750.0,1167.0,1081.5,2117.0,3175.5,3596.5,3582.0,3965.0,2554.0,1778.0,730.0,1021.5,1436.0,1813.5,2073.0,2252.5,2501.5,2594.5,1784.0,1195.0,661.5,816.0,1012.5,1211.5,1313.0,1418.5,1460.0,1514.0,3122.5,2295.0,732.5,1016.0,1385.5,1642.0,1783.5,1968.5,2051.5,2171.0,3155.5,2347.0,736.5,992.0,1331.5,1604.5,1749.0,1923.5,2077.0,2143.5,5704.0,5367.0,5022.0,4985.0,5138.5,5326.0,5358.0,5384.0,5761.5,5447.0,2357.5,1601.0,705.0,944.5,1040.0,1257.0,1445.0,1582.5,1786.0,1770.5,1824.5,1580.5,1808.5,1686.5,1690.5,1790.5,1849.0,2029.0,2067.0,2021.0,1862.0,1201.5,477.5,712.5,1071.0,1267.5,1362.5,1517.0,1704.5,1713.5,2121.5,1420.5,558.5,821.5,1145.5,1349.5,1438.5,1559.0,1752.5,1773.5,0.0,0.0,0.0,0.0,0.0,0.0,0.0,0.0,0.0,0.0,3659.0,3091.5,2678.5,2691.0,2866.0,3211.5,3180.0,3244.0,3253.5,3354.5,0.0,0.0,0.0,0.0,0.0,0.0,0.0,0.0,0.0,0.0,996.0,1095.5,10521.0,10262.0,10217.0,10327.0,9949.0,9604.0,10040.0,9232.0,1364.0,910.0,963.5,1127.0,1253.5,1488.5,1587.5,1652.5,1729.5,1757.5,2677.0,2008.0,722.5,957.0,1123.5,1357.0,1520.5,1618.0,1773.0,1780.0,3249.0,2724.0,1511.0,1688.0,1855.5,2141.0,2269.0,2388.0,2538.0,2541.5,2735.0,2034.0,665.0,929.5,1127.5,1409.0,1529.5,1647.5,1748.0,1814.5,2965.5,1973.0,940.0,1256.5,1550.5,1871.0,1952.5,2136.5,2068.0,2297.5,"{""type"":""MultiPoint"",""coordinates"":[]}"
2560,5,2032.0,1273.0,631.0,1038.0,912.0,1589.0,2650.0,2917.0,3199.0,3107.0,3044.0,2389.5,1512.0,1665.5,1839.0,2171.5,2466.0,2658.5,2858.0,2841.5,2549.0,1769.0,906.0,1191.0,1619.0,1898.0,1982.0,2205.0,2379.0,2411.0,2893.5,2196.0,979.5,1313.0,1654.5,2009.0,2132.0,2335.0,2492.0,2532.0,2518.5,1803.5,935.0,1224.5,1609.0,1930.0,2051.0,2293.0,2213.5,2369.0,5062.0,4288.0,1975.0,2440.0,2770.0,3575.0,3737.0,4115.0,4189.0,4357.0,4393.0,4177.0,3305.0,3436.0,3537.0,4148.0,4452.0,4591.0,4035.0,4692.0,2877.5,1873.5,746.5,1183.0,1212.0,1873.0,2677.5,2973.5,2944.0,3127.0,3582.0,2469.0,801.0,1292.0,1081.0,1931.0,4141.0,4893.0,4748.0,5129.0,4354.5,3374.5,1204.5,1771.5,1965.5,2773.5,4262.5,4818.5,4684.0,5158.5,4054.0,3031.0,975.0,1435.0,1468.0,2221.0,3898.0,4528.0,4547.0,4883.0,2557.0,1695.0,577.0,967.0,916.0,1755.0,2811.0,3117.0,3383.0,3335.0,2934.0,1651.0,565.0,898.0,647.0,1381.0,3613.0,4292.0,4279.0,4548.0,2995.0,1670.0,805.0,1038.0,745.0,1458.0,3839.0,4838.0,4786.0,5059.0,2328.0,1217.0,544.0,694.0,418.0,1146.0,3594.0,4396.0,4287.0,4698.0,2326.5,1247.0,466.0,775.5,544.0,1315.0,3092.0,3801.5,3733.5,4145.0,2782.0,1747.5,572.0,947.5,819.0,1594.5,2921.5,3366.5,3427.5,3760.5,3254.0,2380.5,1536.5,1785.0,1705.0,2296.0,3197.5,3550.0,3822.5,3883.5,3269.5,2505.5,762.0,1029.0,1314.0,1689.0,1910.5,2134.0,2377.0,2477.0,2454.0,1961.5,794.5,914.0,1029.0,1300.5,1425.0,1528.5,1550.0,1694.0,3762.0,3030.0,819.0,1097.0,1392.0,1739.0,2001.0,2135.0,2413.0,2427.0,3426.0,2607.0,878.0,1149.0,1372.0,1777.0,2066.0,2205.0,2406.0,2475.0,3111.0,2525.0,1482.5,1820.5,1986.0,2708.5,3416.5,3582.0,3427.0,3747.5,3275.5,2402.0,838.0,1130.0,1274.0,1737.0,2183.0,2356.5,2547.0,2594.5,2860.5,1988.0,809.0,1084.5,1185.0,1680.5,2264.5,2439.0,2636.0,2659.0,2432.0,1843.0,628.0,878.0,1073.0,1375.0,1696.0,1845.0,2092.0,2086.0,2436.0,1688.0,631.0,902.0,1162.0,1531.0,1916.0,2072.0,2172.0,2268.0,0.0,0.0,0.0,0.0,0.0,0.0,0.0,0.0,0.0,0.0,2051.0,1302.0,662.0,908.0,1015.0,1476.0,2122.0,2317.0,2470.0,2506.0,0.0,0.0,0.0,0.0,0.0,0.0,0.0,0.0,0.0,0.0,366.0,383.0,10108.0,10122.0,10156.0,10382.0,9947.0,9407.0,9802.0,8932.0,385.0,255.0,5446.0,5510.0,5504.0,6114.0,6099.0,6046.0,6253.0,5803.0,2450.5,1514.5,599.5,995.5,875.0,1699.5,2791.0,3035.5,3384.5,3278.0,2903.0,1826.0,673.0,1134.0,1019.0,1908.0,2873.0,3134.0,3543.0,3382.0,2475.0,1564.0,613.0,1049.0,936.5,1755.0,2604.5,2816.0,3160.0,3119.5,2136.0,1381.0,630.0,985.0,1157.0,1678.0,1923.0,2088.0,2264.0,2308.0,"{""type"":""MultiPoint"",""coordinates"":[]}"
2562,5,697.0,436.0,658.0,865.0,1094.0,1281.0,1323.0,1455.0,1578.0,1550.0,3788.0,3435.0,1182.0,1508.0,1953.0,2174.0,2269.0,2401.0,2544.0,2605.0,1765.5,1182.0,629.5,776.5,1029.0,1210.5,1284.0,1393.0,1479.5,1534.0,1398.0,977.0,536.0,680.0,924.0,1068.0,1154.0,1271.0,1253.0,1413.0,0.0,0.0,0.0,0.0,0.0,0.0,0.0,0.0,0.0,0.0,4572.0,4229.0,1535.0,1929.0,2420.0,2751.0,2862.0,3080.0,3099.0,3284.0,0.0,0.0,0.0,0.0,0.0,0.0,0.0,0.0,0.0,0.0,4556.0,3970.0,1433.0,1922.0,2197.0,2725.0,3286.0,3592.0,3728.0,3804.0,0.0,0.0,0.0,0.0,0.0,0.0,0.0,0.0,0.0,0.0,3208.0,2226.0,1682.5,1874.5,1819.0,2264.5,3325.5,3732.0,3758.0,3903.5,2478.0,1405.0,579.0,817.0,703.0,1215.0,2790.0,3401.0,3373.0,3547.0,1390.0,873.0,623.0,802.0,1093.0,1239.0,1303.0,1383.0,1637.0,1595.0,3056.0,1996.5,1679.5,1757.0,1578.0,2059.5,4083.0,5151.5,4893.0,5279.5,2452.0,1348.0,487.0,621.0,446.0,883.0,3421.0,4861.0,4852.0,4995.0,2487.0,1343.0,869.0,972.0,683.0,1207.0,3765.0,5322.0,5104.0,5588.0,2027.5,1104.5,751.5,874.0,733.5,1144.5,3119.0,4012.5,3816.0,4191.0,2017.0,899.5,292.0,536.0,271.0,843.5,3441.0,4416.0,4554.5,4708.5,0.0,0.0,0.0,0.0,0.0,0.0,0.0,0.0,0.0,0.0,2380.5,1404.0,424.0,779.0,692.5,1451.5,2427.5,2685.0,2837.0,3017.0,2575.0,1820.0,816.0,921.0,1009.0,1336.0,1567.0,1719.0,1753.0,1964.0,2511.5,1813.0,466.0,616.0,765.5,1065.5,1294.0,1461.0,1611.5,1699.5,3591.0,2562.0,860.0,1107.0,1455.0,1849.0,2041.0,2267.0,2455.0,2612.0,0.0,0.0,0.0,0.0,0.0,0.0,0.0,0.0,0.0,0.0,2907.0,2078.0,665.0,828.0,1073.0,1303.0,1401.0,1514.0,1648.0,1735.0,0.0,0.0,0.0,0.0,0.0,0.0,0.0,0.0,0.0,0.0,1543.0,1004.0,315.0,478.0,696.0,848.0,902.0,987.0,1095.0,1170.0,2738.0,2157.0,856.0,1009.5,1328.5,1492.0,1572.5,1703.0,1856.5,1907.5,0.0,0.0,0.0,0.0,0.0,0.0,0.0,0.0,0.0,0.0,1714.0,1133.0,543.0,717.0,940.0,1102.0,1193.0,1273.0,1444.0,1438.0,0.0,0.0,0.0,0.0,0.0,0.0,0.0,0.0,0.0,0.0,905.0,988.0,11092.0,10654.0,10501.0,10591.0,10237.0,9830.0,10202.0,9446.0,0.0,0.0,0.0,0.0,0.0,0.0,0.0,0.0,0.0,0.0,1450.0,850.0,479.0,709.0,972.0,1241.0,1306.0,1386.0,1567.0,1563.0,2476.0,1672.0,809.0,1079.0,1356.0,1703.0,1849.0,1929.0,2090.0,2123.0,879.0,475.0,480.0,690.0,926.0,1208.0,1288.0,1427.0,1541.0,1616.0,400.0,248.0,376.0,333.0,351.0,425.0,406.0,445.0,430.0,492.0,"{""type"":""MultiPoint"",""coordinates"":[]}"
2563,5,2525.0,1823.0,743.0,1079.0,1524.5,1798.5,1911.5,2038.0,2242.5,2221.5,5753.0,5348.0,1897.0,2557.5,3366.0,3817.0,3969.0,4159.0,4338.0,4386.0,3094.0,2264.0,892.0,1243.0,1675.0,1989.0,2163.0,2372.0,2570.0,2536.0,4367.0,3587.0,1090.5,1567.0,1958.5,2545.5,3079.0,3301.0,3479.5,3597.5,3180.0,2305.0,651.0,1032.0,1251.0,1780.0,2353.0,2608.0,2772.0,2813.0,4988.0,4056.0,1384.0,1836.0,2113.0,2778.0,4086.0,4662.0,4645.0,4980.0,0.0,0.0,0.0,0.0,0.0,0.0,0.0,0.0,0.0,0.0,2881.0,1484.0,412.0,745.0,476.0,1202.0,3902.0,4585.0,4694.0,4744.0,2973.0,1385.5,1296.5,1100.5,702.5,1162.0,4493.0,5883.5,5473.0,6327.5,2382.0,1034.0,321.0,472.0,240.0,719.0,3919.0,5572.0,5768.0,5964.0,2326.0,982.0,305.0,471.0,265.0,733.0,3816.0,5455.0,5455.0,5778.0,2639.0,1966.0,729.0,1063.0,1463.0,1764.0,1904.0,2018.0,2178.0,2198.0,2294.0,931.0,380.0,560.0,291.5,829.5,3955.5,5304.5,5281.0,5807.0,2304.5,998.5,622.0,796.5,454.5,1091.0,3754.0,4859.0,4918.0,5267.0,1944.5,887.5,343.5,657.5,351.5,1121.0,3194.0,3906.5,3866.0,4272.0,3331.5,2267.5,1903.0,2103.5,1889.0,2573.0,3410.5,3693.5,3906.5,4045.0,2248.5,1501.0,380.5,602.5,640.0,1093.0,1550.5,1782.0,1982.0,2145.0,3223.0,2274.5,403.0,647.0,766.0,1218.5,1610.0,1851.5,2021.0,2195.0,4131.0,3756.0,1497.0,1881.5,2390.5,2766.0,2945.5,3131.5,2875.5,3352.0,4939.0,4496.0,1278.0,1830.0,2413.0,2910.0,3100.0,3265.0,3291.0,3513.0,4936.0,4573.0,1366.0,1937.0,2648.0,2998.0,3168.0,3326.0,3565.0,3508.0,4415.0,4065.0,1196.0,1680.0,2293.0,2658.0,2744.0,2877.0,2983.0,3126.0,2015.0,1642.0,795.0,978.0,1192.0,1372.0,1533.0,1633.0,1716.0,1741.0,4556.0,4102.0,1308.0,1789.0,2340.0,2792.0,2935.0,3119.0,3244.0,3333.0,4981.0,4772.0,1445.0,2017.0,2644.0,3078.0,3192.0,3328.0,3522.0,3526.0,2615.0,1892.0,596.0,952.0,1369.0,1616.0,1760.0,1902.0,2103.0,2095.0,2936.0,2473.0,1125.0,1571.0,1985.0,2186.0,2291.0,2348.0,2954.0,2582.0,3088.0,3039.0,1629.0,1964.0,2149.0,2417.0,2520.0,2719.0,2319.0,2881.0,2904.0,2198.5,793.5,1094.5,1414.5,1782.0,1950.0,2079.0,2192.5,2269.5,0.0,0.0,0.0,0.0,0.0,0.0,0.0,0.0,0.0,0.0,45.0,61.0,10342.0,10200.0,10038.0,10177.0,9650.0,8920.0,9128.0,8126.0,578.0,423.0,5919.0,6080.0,6289.0,6544.0,6182.0,5858.0,6079.0,5517.0,2690.0,1957.0,1001.5,1384.5,1613.5,1913.0,2060.5,2191.0,2390.0,2368.5,3900.0,3365.5,2018.0,2316.0,2731.0,3213.0,3306.0,3444.0,3219.0,3528.5,3488.0,2754.0,979.0,1372.0,1793.0,2219.0,2341.0,2541.0,2683.0,2712.0,5285.0,4831.0,1767.0,2421.0,3182.0,3610.0,3725.0,3902.0,4134.0,4097.0,"{""type"":""MultiPoint"",""coordinates"":[]}"
2584,5,1551.0,1006.0,510.0,790.0,1191.0,1466.0,1573.0,1665.0,1851.0,1914.0,3520.5,2625.5,1021.5,1379.0,1710.0,2207.0,2378.5,2543.0,2628.5,2797.0,0.0,0.0,0.0,0.0,0.0,0.0,0.0,0.0,0.0,0.0,3669.0,3024.0,1013.0,1364.0,1769.0,2172.0,2307.0,2521.0,2591.0,2804.0,3318.0,2542.0,904.0,1263.0,1690.0,2019.0,2180.0,2365.0,2570.0,2632.0,0.0,0.0,0.0,0.0,0.0,0.0,0.0,0.0,0.0,0.0,0.0,0.0,0.0,0.0,0.0,0.0,0.0,0.0,0.0,0.0,3507.0,2578.0,973.0,1396.0,1871.0,2495.0,2452.0,2591.0,2500.0,2875.0,5100.5,4750.0,1768.5,2197.5,2771.5,3148.0,3370.0,3664.5,3854.5,3927.5,5306.0,4985.0,1513.0,1999.0,2543.0,3032.0,3328.0,3677.0,3576.0,3940.0,3522.0,2366.0,914.0,1223.0,1566.0,2059.0,2409.0,2676.0,2676.0,2994.0,2582.5,1879.5,714.5,1008.5,1402.0,1650.0,1794.5,1908.0,2107.5,2133.0,2957.5,2068.0,717.0,1037.0,956.0,1681.5,2748.5,3149.0,2941.0,3318.5,0.0,0.0,0.0,0.0,0.0,0.0,0.0,0.0,0.0,0.0,2915.5,1530.0,609.5,845.0,549.0,1333.5,4294.5,5494.0,5341.0,5650.5,2591.5,1258.0,324.0,502.5,252.5,848.5,4122.0,5673.5,5383.5,5891.5,2245.0,1039.0,155.0,336.0,150.0,617.0,3886.0,5320.0,5037.0,5595.0,2124.0,1009.0,331.0,483.0,274.0,776.0,3644.0,4954.0,4949.0,5159.0,2446.0,1142.5,366.0,557.0,280.0,893.0,4251.0,5502.0,5481.5,5836.0,3552.0,3047.0,1607.0,1970.0,2107.0,2784.0,4452.0,5029.0,4213.0,5331.0,693.0,340.0,259.0,596.0,395.0,831.0,1181.0,1218.0,1717.0,1259.0,2984.5,2111.0,484.0,733.0,1072.5,1436.0,1615.0,1790.0,2006.0,2169.0,1933.0,1441.0,726.5,868.5,1059.5,1216.5,1285.0,1398.5,1505.5,1542.0,2992.5,2166.5,686.5,954.0,1350.5,1658.0,1778.0,1933.5,2153.5,2210.0,3469.0,2602.0,902.0,1172.0,1602.0,1895.0,2031.0,2202.0,2356.0,2458.0,2925.0,2032.0,772.0,1050.0,1434.0,1649.0,1782.0,1972.0,2192.0,2176.0,3337.0,2461.0,886.0,1141.0,1489.0,1754.0,1847.0,2003.0,2119.0,2170.0,0.0,0.0,0.0,0.0,0.0,0.0,0.0,0.0,0.0,0.0,5841.0,5926.0,4475.0,4606.0,4945.0,5370.0,5231.0,5288.0,5110.0,5329.0,0.0,0.0,0.0,0.0,0.0,0.0,0.0,0.0,0.0,0.0,0.0,0.0,0.0,0.0,0.0,0.0,0.0,0.0,0.0,0.0,277.0,198.0,7423.0,7510.0,7674.0,8459.0,7970.0,7524.0,7458.0,6917.0,3378.5,2699.0,2181.5,2287.0,2450.5,2710.0,2804.0,2831.0,3155.5,2951.0,3398.0,2906.0,2533.0,2570.0,2667.0,2942.0,2987.0,3074.0,3276.0,3176.0,2396.5,1583.5,684.0,994.0,1331.0,1703.5,1890.5,2044.0,2172.5,2240.5,2683.5,1899.0,798.5,1127.5,1480.0,1838.5,2043.0,2177.5,2328.5,2416.0,"{""type"":""MultiPoint"",""coordinates"":[]}"
2616,5,132.0,82.0,422.0,424.0,482.0,600.0,420.0,473.0,418.0,342.0,3508.0,2870.0,981.0,1286.0,1679.0,1931.0,2080.0,2212.0,2385.0,2485.0,2322.0,1555.0,823.0,1051.5,1337.5,1606.5,1736.0,1907.0,2074.0,2154.5,2552.0,1690.0,1013.0,1273.0,1554.0,1871.0,2005.0,2198.0,2240.0,2416.0,1566.0,1007.0,749.0,1053.0,1330.0,1618.0,1732.0,1885.0,2059.0,2096.0,4925.0,4961.0,3660.0,3248.0,3004.0,3946.0,4766.0,5173.0,4421.0,5277.0,2336.5,1711.0,1664.5,2042.0,2270.5,2689.0,2726.0,2931.5,2799.5,2954.0,2798.0,1819.0,747.0,1120.0,1259.0,1721.0,1874.0,1991.0,2077.0,2171.0,4908.5,4545.0,1955.0,2449.5,2989.5,3325.0,3375.5,3573.5,3634.5,3784.0,5591.0,5120.0,2091.0,2613.0,3138.0,3614.0,3932.0,4193.0,4202.0,4495.0,3013.0,1852.0,1024.0,1372.0,1429.0,2006.0,2277.0,2534.0,2405.0,2684.0,454.0,341.0,335.0,507.0,681.0,955.0,985.0,1091.0,1172.0,1088.0,2998.5,1663.0,659.0,868.5,742.0,1358.0,2047.0,2392.5,2452.0,2827.5,3476.0,2697.0,1104.0,1378.5,1279.5,1731.5,3011.5,3772.0,3782.0,4326.5,2431.0,1273.0,469.0,682.0,523.0,1004.0,2161.0,2591.0,2538.0,2794.0,2104.5,1140.0,785.0,932.0,759.0,1225.5,2560.5,2995.0,2870.5,3201.0,1731.0,817.0,288.0,575.0,416.0,943.0,2120.0,2548.0,2571.0,2669.0,1858.0,948.0,370.0,638.0,466.0,998.0,2225.0,2503.0,2558.0,2809.0,1995.5,1129.5,428.5,693.0,608.5,1075.5,2071.5,2464.0,2554.5,2640.5,2199.0,1334.0,453.0,715.0,661.0,1197.0,1741.0,1952.0,2027.0,2278.0,2507.0,1643.0,424.0,695.0,697.0,1191.0,1613.0,1886.0,2070.0,2166.0,3601.5,2562.0,806.0,1082.0,1410.0,1861.0,2141.0,2356.5,2552.0,2736.0,746.0,545.0,422.0,623.0,807.0,1106.0,1165.0,1307.0,1430.0,1448.0,3280.0,2394.0,802.0,1051.0,1364.0,1667.0,1793.0,2010.0,2222.0,2277.0,3118.5,2407.0,2520.0,2302.5,2325.5,2589.5,2628.0,2774.5,3082.0,2929.5,2440.0,1566.5,504.0,780.5,1009.5,1345.0,1528.5,1714.5,1959.5,1977.0,2893.5,2038.0,601.5,876.5,1105.5,1462.5,1695.0,1837.0,2048.0,2133.0,0.0,0.0,0.0,0.0,0.0,0.0,0.0,0.0,0.0,0.0,1872.0,1097.0,465.0,643.0,739.0,1088.0,1428.0,1578.0,1828.0,1826.0,0.0,0.0,0.0,0.0,0.0,0.0,0.0,0.0,0.0,0.0,947.0,1030.0,10804.0,10496.0,10366.0,10478.0,10076.0,9695.0,10094.0,9315.0,1467.0,1314.5,4407.5,4372.5,4502.5,4931.0,4726.5,4412.0,4465.0,4305.5,132.0,92.0,241.0,365.0,438.0,580.0,386.0,409.0,432.0,330.0,1194.0,777.0,492.0,676.0,827.0,1161.0,1309.0,1444.0,1613.0,1627.0,795.0,521.0,365.0,522.0,635.0,997.0,1188.0,1307.0,1478.0,1467.0,1563.0,940.0,522.0,700.0,862.0,1251.0,1464.0,1596.0,1747.0,1802.0,"{""type"":""MultiPoint"",""coordinates"":[]}"
2636,1,2168.0,1531.0,673.0,901.0,1153.0,1417.0,1617.0,1750.0,2004.0,1987.0,5171.0,4791.0,1772.0,2227.0,2789.0,3160.0,3362.0,3547.0,3813.0,3835.0,2699.0,1932.0,820.0,1025.0,1362.0,1637.0,1766.0,1943.0,2143.0,2214.0,3479.5,2781.5,1016.0,1359.5,1614.0,2054.5,2322.5,2563.0,2732.0,2861.5,3261.0,2490.0,980.0,1335.0,1622.0,1989.0,2358.0,2521.0,2766.0,2784.0,4970.0,4540.0,3245.0,3298.0,3478.0,3910.0,4174.0,4334.0,4594.0,4465.0,0.0,0.0,0.0,0.0,0.0,0.0,0.0,0.0,0.0,0.0,1857.5,808.0,171.5,441.0,160.0,592.5,3438.5,4950.5,4961.5,5052.5,1743.0,828.0,182.5,383.0,191.5,547.5,3135.5,5197.0,5263.0,5403.5,1806.0,824.0,329.0,484.0,230.0,591.0,3361.0,5236.0,5312.0,5410.0,1879.5,800.5,553.5,767.0,455.5,815.5,3449.0,5133.0,5286.5,5329.0,2507.0,1889.0,599.0,854.0,1116.0,1352.0,1517.0,1668.0,1913.0,1890.0,1906.0,848.0,390.0,572.0,344.0,716.0,3224.0,4880.0,4879.0,5216.0,1934.5,918.0,572.5,790.0,542.0,1024.5,3200.0,4533.0,4651.0,4872.5,2425.0,1392.0,524.0,812.0,765.0,1291.0,2675.0,3336.0,3456.0,3794.0,2793.0,1996.0,527.0,702.0,865.0,1216.0,1620.0,1827.0,1943.0,2135.0,2643.5,1938.5,425.5,582.0,854.0,1097.5,1288.5,1496.0,1643.5,1818.0,1523.5,1086.5,389.0,415.0,490.0,612.5,720.5,832.5,862.0,987.0,2163.0,1660.0,360.0,440.0,600.0,766.0,856.0,971.0,1099.0,1162.0,2096.0,1520.0,405.0,497.0,590.0,766.0,874.0,1010.0,1057.0,1130.0,4262.0,3192.0,1091.0,1484.0,2091.0,2436.0,2559.0,2799.0,3018.0,3109.0,3003.0,2097.0,756.0,1085.0,1426.0,1778.0,2177.0,2383.0,2602.0,2625.0,3219.0,2783.0,2120.0,2182.5,2302.5,2503.0,2614.0,2682.5,2983.0,2828.0,3047.5,2092.0,755.0,1134.5,1277.5,1827.0,2423.0,2650.5,2981.0,2981.5,3174.0,2580.0,2449.0,2324.0,2343.0,2544.0,2581.0,2663.0,2865.0,2756.0,2885.0,2029.0,730.0,1046.0,1481.0,1771.0,1967.0,2139.0,2487.0,2497.0,3354.0,2552.0,807.5,1141.0,1601.5,1900.0,2060.5,2244.0,2509.0,2561.5,0.0,0.0,0.0,0.0,0.0,0.0,0.0,0.0,0.0,0.0,2323.0,1797.5,1824.5,1807.5,1968.0,2153.0,2208.0,2299.0,2376.5,2393.5,0.0,0.0,0.0,0.0,0.0,0.0,0.0,0.0,0.0,0.0,819.0,907.0,10898.0,10560.0,10448.0,10540.0,10191.0,9775.0,10212.0,9353.0,1457.0,1209.5,3435.5,3493.0,3680.5,4005.5,3881.0,4001.0,3913.5,3854.5,2596.5,1792.5,687.0,984.0,1220.0,1589.5,1869.0,2042.5,2291.5,2309.5,2776.0,1938.0,773.0,1095.0,1273.0,1708.0,2089.0,2240.0,2512.0,2501.0,2725.0,1878.0,765.0,1084.0,1296.0,1751.0,2154.0,2354.0,2567.0,2595.0,2741.0,1947.0,814.0,1136.0,1412.0,1833.0,2102.0,2267.0,2511.0,2515.0,"{""type"":""MultiPoint"",""coordinates"":[]}"
2643,2,1578.5,1134.5,666.0,912.0,1213.0,1454.0,1475.0,1563.5,1734.5,1667.0,2520.0,1852.0,869.0,1145.0,1474.0,1805.0,1931.0,2086.0,2202.0,2272.0,2424.0,1779.0,887.0,1180.0,1518.0,1843.0,1944.0,2117.0,2296.0,2271.0,2784.0,1967.0,1111.0,1347.0,1578.0,2012.0,2271.0,2437.0,2591.0,2643.0,2224.0,1521.0,768.0,1054.0,1347.0,1689.0,1851.0,2037.0,2180.0,2240.0,6233.0,5811.0,2080.0,2634.0,3305.0,3813.0,3896.0,4088.0,4193.0,4447.0,3706.0,2596.0,1191.0,1470.0,1847.0,2267.0,2363.0,2601.0,2577.0,2934.0,6207.0,5685.0,2040.0,2691.0,3235.0,3844.0,4211.0,4426.0,4479.0,4731.0,5055.5,4320.5,1624.0,2141.5,2626.5,3187.5,3694.0,3969.0,3989.5,4250.5,5295.5,4451.0,1714.0,2240.5,2571.5,3251.0,4408.0,4776.0,4861.0,5107.5,4366.0,3191.0,1097.0,1616.0,1499.0,2465.0,4837.0,5481.0,5435.0,5684.0,2017.0,1475.0,594.0,848.0,1141.0,1362.0,1448.0,1567.0,1738.0,1730.0,2894.5,1373.5,1000.0,1254.5,892.5,1755.0,4611.5,5462.0,5269.0,5808.0,2469.0,1036.0,454.0,788.0,342.0,1227.0,4972.0,6106.0,6027.0,6215.0,2761.0,1138.0,528.0,865.0,412.0,1332.0,5624.0,7108.0,6849.0,7296.0,2514.0,1343.5,1068.0,1241.0,972.5,1595.5,4130.0,5118.0,4792.0,5476.5,2198.5,914.0,301.5,547.5,303.0,1056.0,4265.5,5162.5,5264.0,5485.0,2420.0,1081.0,304.0,487.0,315.0,1164.0,4053.0,4869.0,4855.0,5320.0,2110.5,960.0,307.5,486.0,335.5,1125.5,3416.5,3972.0,4178.5,4427.0,2614.0,1594.5,1829.5,1807.0,1735.5,2372.0,3333.5,3657.5,3683.0,3871.5,2595.5,2145.0,1690.5,1467.0,1364.0,1864.5,2470.5,2730.5,2827.5,3049.5,3712.0,2651.0,980.0,1118.0,1534.0,1932.0,2178.0,2422.0,2758.0,2934.0,2222.5,1901.0,786.0,1008.5,1358.5,1702.5,1961.5,2204.0,1897.5,2390.5,2446.0,2023.0,947.5,1056.0,1284.0,1497.5,1649.0,1769.5,1917.5,1981.0,2984.0,2759.5,961.0,1162.5,1503.0,1708.0,1775.0,1907.0,2098.0,2131.5,2568.0,1981.0,560.0,806.0,1221.0,1401.0,1549.0,1701.0,1937.0,1968.0,4271.0,3887.0,1249.0,1614.0,2153.0,2457.0,2587.0,2744.0,2959.0,3030.0,0.0,0.0,0.0,0.0,0.0,0.0,0.0,0.0,0.0,0.0,3273.5,2344.0,1721.0,1841.5,1955.0,2158.5,2178.5,2164.5,2974.5,2158.5,0.0,0.0,0.0,0.0,0.0,0.0,0.0,0.0,0.0,0.0,192.0,181.0,6193.0,6314.0,6476.0,6643.0,6373.0,5978.0,6106.0,5594.0,1090.0,737.0,619.0,855.0,1148.0,1295.0,1213.0,1287.0,1432.0,1334.0,2132.0,1540.0,775.0,1024.0,1367.0,1604.0,1671.0,1809.0,2031.0,1972.0,3843.0,3254.0,1177.0,1575.0,1985.0,2347.0,2477.0,2596.0,2894.0,2873.0,4641.0,4164.0,1531.0,2019.0,2554.0,2952.0,3061.0,3184.0,3367.0,3450.0,3237.0,2595.0,1004.0,1344.0,1754.0,2024.0,2160.0,2299.0,2507.0,2576.0,"{""type"":""MultiPoint"",""coordinates"":[]}"
2645,5,1570.5,1038.0,645.0,884.5,1260.5,1446.0,1589.0,1730.5,1822.0,1925.0,4842.0,4148.0,2347.0,2621.0,2955.5,3313.5,3442.0,3577.0,3914.0,3814.5,0.0,0.0,0.0,0.0,0.0,0.0,0.0,0.0,0.0,0.0,4936.0,4346.0,1218.0,1723.0,2195.0,2706.0,2952.0,3199.0,3329.0,3490.0,2901.0,2208.0,604.0,914.0,1303.0,1514.0,1673.0,1824.0,2008.0,2066.0,0.0,0.0,0.0,0.0,0.0,0.0,0.0,0.0,0.0,0.0,0.0,0.0,0.0,0.0,0.0,0.0,0.0,0.0,0.0,0.0,4703.0,3627.0,2554.0,2688.0,2551.0,3148.0,4371.0,5018.0,4866.0,5235.0,4301.5,3446.5,1059.5,1628.0,1692.0,2472.0,4479.5,5171.5,5153.0,5465.0,1658.0,1004.0,752.0,855.0,652.0,983.0,2300.0,2955.0,2766.0,2923.0,2292.0,1107.0,452.0,647.0,393.0,931.0,3568.0,4476.0,4431.0,4730.0,2439.0,1764.0,662.0,935.0,1326.0,1536.0,1647.0,1806.0,2030.0,2015.5,1303.5,651.0,336.5,396.0,244.5,518.5,2138.5,3028.5,2908.0,3220.0,0.0,0.0,0.0,0.0,0.0,0.0,0.0,0.0,0.0,0.0,5819.0,5324.0,3165.0,3966.0,4356.0,5315.0,6141.0,6613.0,5537.0,6866.0,2107.0,919.0,323.5,457.5,258.0,677.5,3535.0,4959.5,4689.0,5208.0,1807.0,804.0,173.0,375.0,186.0,612.0,3202.0,4360.0,4269.0,4549.0,1892.0,883.0,347.0,565.0,322.0,849.0,3447.0,4406.0,4449.0,4558.0,2082.0,1513.5,754.5,1113.5,1013.0,1691.0,2576.5,2959.0,2836.0,3219.5,1176.0,935.0,1440.0,1344.0,1243.0,1355.0,2015.0,2082.0,1483.0,2143.0,3084.0,2067.0,864.0,1282.0,1448.0,1780.0,2066.0,2102.0,2535.0,2357.0,3196.5,2335.0,746.0,1005.0,1411.5,1712.5,1879.5,2060.0,2252.5,2334.5,3076.0,2327.0,862.0,1151.0,1550.0,1795.0,1926.0,2078.0,2238.0,2271.0,3400.0,2537.5,907.5,1151.5,1563.0,1787.5,1915.0,2047.5,2235.5,2288.5,3375.0,2576.0,953.0,1192.0,1560.0,1777.0,1907.0,2032.0,2199.0,2232.0,4761.0,4354.5,3248.5,3318.5,3520.0,3876.5,3957.0,4135.0,4350.5,4339.5,2820.5,2494.0,4891.5,4971.5,5025.5,5470.0,5253.5,5200.0,5332.0,5190.5,0.0,0.0,0.0,0.0,0.0,0.0,0.0,0.0,0.0,0.0,2820.0,2628.0,2030.0,1965.0,2254.0,2422.0,2421.0,2486.0,2315.0,2572.0,0.0,0.0,0.0,0.0,0.0,0.0,0.0,0.0,0.0,0.0,0.0,0.0,0.0,0.0,0.0,0.0,0.0,0.0,0.0,0.0,285.0,239.0,7662.0,7922.0,8150.0,8461.0,8039.0,7663.0,7814.0,7172.0,2913.5,2106.5,839.5,1135.5,1504.0,1788.5,1929.0,2092.5,2262.5,2323.5,0.0,0.0,0.0,0.0,0.0,0.0,0.0,0.0,0.0,0.0,3000.5,2130.5,755.0,1115.0,1512.5,1832.5,1976.0,2147.5,2379.0,2391.5,3523.5,2709.5,887.0,1268.0,1685.5,1980.0,2172.0,2340.5,2545.5,2578.0,"{""type"":""MultiPoint"",""coordinates"":[]}"
2667,5,1742.5,1079.5,412.0,517.5,697.5,832.0,901.5,1026.5,1183.0,1209.5,2359.0,1643.5,732.5,946.5,1097.5,1305.0,1341.0,1463.5,1564.5,1610.5,1871.5,1136.5,669.0,883.5,970.5,1267.5,1371.5,1480.0,1569.5,1626.0,225.0,144.0,213.0,169.5,149.0,155.0,153.0,161.5,181.0,188.5,4565.0,3822.0,1241.0,1680.5,1873.5,2451.5,2722.5,2882.5,2947.0,3173.5,3563.5,2949.0,1053.5,1356.0,1575.0,1892.0,2089.0,2286.0,2390.0,2494.0,0.0,0.0,0.0,0.0,0.0,0.0,0.0,0.0,0.0,0.0,4405.5,3654.5,1020.5,1451.0,1469.0,2064.5,2726.5,3007.0,3202.0,3341.0,0.0,0.0,0.0,0.0,0.0,0.0,0.0,0.0,0.0,0.0,2489.5,1620.5,669.5,875.5,888.5,1291.5,1698.5,1901.0,1983.0,2091.0,2359.0,1341.0,479.0,739.5,618.5,1099.0,2068.5,2435.5,2406.5,2569.0,2916.5,2448.5,777.5,924.5,1190.5,1322.0,1430.5,1523.0,1719.0,1697.5,3616.0,2114.0,600.0,877.0,584.5,1284.0,3832.5,4825.5,4737.0,5146.5,2434.5,1141.5,389.5,600.0,354.0,891.0,3493.5,4455.0,4514.0,4644.5,0.0,0.0,0.0,0.0,0.0,0.0,0.0,0.0,0.0,0.0,2338.5,999.0,302.5,472.5,251.0,735.5,3718.0,5124.5,5020.0,5429.5,2100.0,928.0,230.0,424.5,224.0,736.5,3446.0,4547.5,4834.0,4891.0,0.0,0.0,0.0,0.0,0.0,0.0,0.0,0.0,0.0,0.0,2693.5,1729.0,410.0,737.0,887.5,1558.0,1991.5,2276.0,2508.5,2733.0,2266.0,2263.5,2119.5,1833.5,1588.0,1787.5,1928.5,2155.0,2398.5,2635.0,2807.5,2200.5,446.0,586.5,862.0,1040.5,1147.0,1313.0,1479.5,1544.5,3346.0,2563.5,819.5,1077.0,1417.0,1678.5,1938.5,2139.5,2030.0,2431.5,0.0,0.0,0.0,0.0,0.0,0.0,0.0,0.0,0.0,0.0,3678.0,2732.5,861.5,1132.5,1607.5,1891.5,2012.0,2210.5,2455.5,2526.5,1906.5,1277.5,753.0,827.5,970.0,1111.0,1173.0,1217.0,1272.0,1469.0,2626.0,1774.5,660.0,921.5,1260.0,1512.5,1736.0,1890.0,2062.5,2122.0,2749.0,1886.5,720.0,978.0,1267.5,1547.5,1837.0,1946.5,2175.5,2181.5,0.0,0.0,0.0,0.0,0.0,0.0,0.0,0.0,0.0,0.0,2855.0,2143.0,751.0,956.5,1164.0,1468.0,1823.5,2009.0,2183.0,2169.5,0.0,0.0,0.0,0.0,0.0,0.0,0.0,0.0,0.0,0.0,870.0,975.5,10241.0,10095.5,10161.0,10333.5,10046.5,9665.5,10065.5,9407.5,0.0,0.0,0.0,0.0,0.0,0.0,0.0,0.0,0.0,0.0,2622.0,2050.0,680.0,880.0,1086.0,1291.0,1409.0,1507.0,1692.0,1710.5,132.5,81.5,382.5,562.0,635.5,726.5,552.0,609.0,588.5,476.0,13.0,12.5,549.5,839.0,1008.0,1009.5,476.5,451.0,390.5,236.5,1071.0,909.0,1229.0,1473.0,1513.5,1581.0,1280.0,1293.0,1066.5,1189.5,"{""type"":""MultiPoint"",""coordinates"":[]}"
2683,5,1996.5,1375.5,505.0,699.0,879.5,1143.5,1386.0,1512.0,1689.5,1691.5,3197.0,2827.5,942.0,1236.5,1564.5,1804.0,1883.5,1984.0,2084.5,2172.0,1726.5,1130.5,591.0,750.5,937.5,1103.0,1153.5,1253.0,1360.5,1407.5,1919.0,1264.5,823.0,1003.0,1191.5,1374.5,1470.0,1567.0,1727.5,1722.0,0.0,0.0,0.0,0.0,0.0,0.0,0.0,0.0,0.0,0.0,3401.5,2718.5,1140.0,1420.0,1674.0,1958.5,2308.0,2470.5,2583.0,2650.0,0.0,0.0,0.0,0.0,0.0,0.0,0.0,0.0,0.0,0.0,0.0,0.0,0.0,0.0,0.0,0.0,0.0,0.0,0.0,0.0,0.0,0.0,0.0,0.0,0.0,0.0,0.0,0.0,0.0,0.0,2604.5,1378.0,576.0,804.0,504.5,1128.5,3744.0,4659.5,4628.5,4930.5,2180.5,1091.0,366.0,618.5,368.5,915.0,3537.0,4708.5,4636.5,4782.5,2561.0,2113.0,725.5,884.5,1112.5,1331.0,1559.5,1688.5,1877.5,1846.0,2260.5,1120.5,351.5,526.0,282.0,723.5,3654.0,5280.5,5168.0,5543.5,1995.5,912.5,362.5,490.0,275.5,671.0,3540.5,4972.5,5118.5,5176.5,0.0,0.0,0.0,0.0,0.0,0.0,0.0,0.0,0.0,0.0,2238.0,1112.5,400.5,609.0,362.5,925.0,3697.5,4947.5,4825.0,5259.0,2025.5,996.5,277.0,573.0,294.0,979.5,3328.0,4114.5,4286.0,4390.0,0.0,0.0,0.0,0.0,0.0,0.0,0.0,0.0,0.0,0.0,2857.0,1948.0,447.0,663.5,868.5,1164.5,1359.0,1554.5,1725.0,1906.5,1235.0,865.0,701.0,746.5,759.0,867.0,916.0,944.5,949.0,999.0,2088.0,1736.5,486.0,626.5,842.0,961.0,1050.0,1144.5,1232.0,1306.0,2530.0,2196.5,665.0,815.5,1067.0,1236.0,1304.0,1398.0,1485.5,1538.5,0.0,0.0,0.0,0.0,0.0,0.0,0.0,0.0,0.0,0.0,2341.0,1936.0,624.5,826.0,1056.5,1190.0,1283.5,1327.0,1441.5,1497.5,0.0,0.0,0.0,0.0,0.0,0.0,0.0,0.0,0.0,0.0,1297.0,840.0,254.0,402.0,540.0,658.5,751.5,825.0,939.0,962.0,1623.0,1111.0,332.0,507.5,671.0,820.0,938.5,1030.0,1108.5,1186.5,0.0,0.0,0.0,0.0,0.0,0.0,0.0,0.0,0.0,0.0,1770.5,1189.0,491.5,635.0,769.0,963.5,1166.5,1285.0,1409.0,1411.0,0.0,0.0,0.0,0.0,0.0,0.0,0.0,0.0,0.0,0.0,978.0,1035.5,10658.0,10360.5,10299.0,10533.0,10275.5,9891.5,10219.0,9426.0,0.0,0.0,0.0,0.0,0.0,0.0,0.0,0.0,0.0,0.0,2502.5,1972.0,671.0,899.0,1059.0,1361.0,1663.5,1812.0,1967.0,1938.5,1991.0,1427.0,581.0,766.5,948.0,1107.0,1218.0,1322.5,1441.0,1451.0,370.5,229.5,77.0,115.0,165.0,192.5,211.0,241.0,275.5,285.0,2653.0,2030.0,858.5,1083.0,1321.0,1539.5,1630.5,1674.5,1899.0,1810.5,"{""type"":""MultiPoint"",""coordinates"":[]}"
2690,176,2764.0,1877.0,620.0,852.0,1275.0,1522.0,1694.0,1841.0,2106.0,2209.0,3336.0,2274.0,1886.0,2026.0,1729.0,2426.0,3963.0,4374.0,4656.0,4650.0,0.0,0.0,0.0,0.0,0.0,0.0,0.0,0.0,0.0,0.0,0.0,0.0,0.0,0.0,0.0,0.0,0.0,0.0,0.0,0.0,1771.0,808.0,317.0,796.0,331.0,1255.0,4398.0,5225.0,5348.0,5279.0,5221.0,4803.0,4916.0,4686.0,4461.0,5086.0,5926.0,6381.0,6667.0,6486.0,0.0,0.0,0.0,0.0,0.0,0.0,0.0,0.0,0.0,0.0,0.0,0.0,0.0,0.0,0.0,0.0,0.0,0.0,0.0,0.0,3538.0,2353.5,1427.5,1615.0,1726.5,2134.0,2862.5,3246.5,3421.0,3559.0,2996.0,1625.5,517.0,830.0,608.5,1237.0,3317.5,4063.0,4050.0,4282.0,1708.0,1162.0,1425.0,1363.0,1056.0,1399.0,2618.0,3034.0,3039.0,3110.0,0.0,0.0,0.0,0.0,0.0,0.0,0.0,0.0,0.0,0.0,2250.5,1013.5,852.0,1046.0,597.5,1216.5,3652.0,4614.0,4465.5,4970.5,2562.0,1770.0,1117.0,1198.0,967.0,1600.0,3116.0,3745.0,3690.0,4121.0,2695.5,1412.5,572.0,899.5,673.5,1471.0,3286.5,3814.0,3784.5,4143.5,799.0,437.0,535.0,535.0,476.0,655.0,853.0,994.0,926.0,1061.0,760.0,442.0,311.0,336.0,297.0,419.0,687.0,777.0,755.0,854.0,3848.0,2899.0,2330.5,2320.0,2199.5,2741.5,3650.5,3952.5,4045.0,4220.5,3029.0,1670.5,506.0,833.5,633.0,1385.5,3136.5,3593.5,3590.5,3885.5,0.0,0.0,0.0,0.0,0.0,0.0,0.0,0.0,0.0,0.0,2253.0,1162.0,332.0,625.0,485.0,1150.0,2699.0,3182.0,3360.0,3584.0,2788.0,1643.0,482.0,740.5,846.5,1537.0,2468.5,2846.0,3067.5,3277.0,3481.0,2581.0,810.0,1010.0,1373.0,1558.0,1744.0,1922.0,2191.0,2171.0,2911.5,1782.5,532.0,771.0,971.0,1526.5,2231.5,2577.5,2955.0,3010.5,0.0,0.0,0.0,0.0,0.0,0.0,0.0,0.0,0.0,0.0,3620.0,2393.0,751.0,1104.0,1627.0,2028.0,2424.0,2709.0,3138.0,3161.0,3709.0,2452.0,810.0,1161.0,1675.0,2077.0,2488.0,2700.0,2960.0,3137.0,0.0,0.0,0.0,0.0,0.0,0.0,0.0,0.0,0.0,0.0,3083.0,2171.0,789.0,1040.0,1344.0,1658.0,1994.0,2239.0,2562.0,2528.0,0.0,0.0,0.0,0.0,0.0,0.0,0.0,0.0,0.0,0.0,0.0,0.0,0.0,0.0,0.0,0.0,0.0,0.0,0.0,0.0,1186.0,814.0,3818.0,3853.0,4144.0,4042.0,4152.0,3978.0,4432.0,3955.0,3554.0,2693.0,746.0,982.0,1302.0,1543.0,1761.0,1934.0,2121.0,2192.0,3413.0,2550.0,759.0,948.0,1191.0,1491.0,1766.0,1949.0,2164.0,2242.0,3427.5,2479.5,698.5,948.5,1156.5,1527.0,1875.0,2093.0,2325.5,2341.5,3581.0,2542.0,852.5,1090.5,1260.5,1678.0,2211.0,2450.5,2612.0,2743.0,"{""type"":""MultiPoint"",""coordinates"":[]}"
2693,3,2517.0,1812.0,793.0,1051.0,1347.0,1557.0,1638.0,1723.0,1995.0,1956.0,5197.0,4977.0,1736.0,2228.0,2843.0,3135.0,3235.0,3393.0,3580.0,3636.0,2585.0,1932.0,695.0,865.0,1135.0,1311.0,1405.0,1537.0,1643.0,1714.0,3893.5,3417.0,1255.0,1661.5,1984.0,2331.0,2482.5,2632.5,2760.0,2831.0,2409.0,1634.0,898.0,1264.0,1444.0,1907.0,2056.0,2171.0,2307.0,2342.0,6580.0,5910.0,2042.0,2628.0,2983.0,3858.0,4563.0,4914.0,4799.0,5127.0,0.0,0.0,0.0,0.0,0.0,0.0,0.0,0.0,0.0,0.0,1907.0,1044.0,420.0,752.0,461.0,1146.0,3049.0,3794.0,3820.0,3717.0,1658.0,759.0,315.0,514.0,218.0,793.0,3065.0,4224.0,4119.0,4334.0,1525.0,700.5,365.0,509.5,244.0,733.5,2917.5,4330.5,4280.5,4376.0,1700.0,795.0,576.0,659.0,391.0,833.0,3084.0,4933.0,4889.0,5105.0,2667.0,2137.0,795.0,1047.0,1319.0,1489.0,1589.0,1682.0,1881.0,1884.0,1394.0,643.0,413.0,646.0,332.0,901.0,3003.0,4568.0,4450.0,4815.0,1531.0,751.5,487.0,866.0,509.0,1257.0,3336.5,4500.5,4521.0,4754.0,1432.5,729.0,432.5,768.0,498.5,1329.0,3153.0,3899.0,3848.5,4192.0,2325.0,1430.5,999.0,1357.5,1166.5,2039.5,3440.5,3889.5,3858.0,4240.0,3975.0,2833.0,900.0,1327.0,1812.0,2354.0,2559.0,2729.0,2858.0,3120.0,3489.0,2413.0,768.0,1096.0,1486.0,1954.0,2231.0,2387.0,2472.0,2714.0,4401.5,3330.0,1205.0,1616.5,2262.5,2661.0,2888.5,3125.5,3311.5,3482.5,3310.0,2186.0,1004.0,1375.0,1799.0,2304.0,2579.0,2752.0,2814.0,3113.0,4141.5,2958.0,1100.0,1485.5,1893.5,2387.5,2814.5,3086.0,3314.5,3408.0,3350.0,2255.0,872.0,1232.0,1483.0,2063.0,2613.0,2775.0,3065.0,3080.0,2684.0,2158.0,783.0,1055.0,1311.0,1545.0,1620.0,1726.0,1831.0,1844.0,3189.0,2202.0,916.0,1247.0,1456.0,1972.0,2495.0,2823.0,3032.0,3055.0,0.0,0.0,0.0,0.0,0.0,0.0,0.0,0.0,0.0,0.0,2071.0,1610.0,755.0,965.0,1325.0,1565.0,1636.0,1761.0,1960.0,1987.0,2726.5,2110.0,864.0,1164.0,1571.5,1777.0,1866.0,1977.5,2126.5,2159.5,0.0,0.0,0.0,0.0,0.0,0.0,0.0,0.0,0.0,0.0,2282.0,1623.0,752.0,998.0,1339.0,1539.0,1592.0,1720.0,1911.0,1945.0,0.0,0.0,0.0,0.0,0.0,0.0,0.0,0.0,0.0,0.0,721.0,804.0,10834.0,10568.0,10404.0,10521.0,10112.0,9694.0,10080.0,9258.0,1119.0,786.5,4089.0,4168.5,4337.5,4589.0,4500.0,4361.0,4510.5,4291.5,2625.0,1848.0,746.0,1104.0,1356.0,1671.0,1790.0,1905.0,2065.0,2073.0,3258.5,2605.0,842.0,1153.5,1436.0,1695.0,1817.5,1964.0,2125.0,2149.0,2861.0,2096.0,723.0,1049.0,1369.0,1644.0,1732.0,1861.0,2008.0,2024.0,3486.5,3047.0,950.5,1348.5,1771.0,1963.0,2014.0,2160.0,2403.0,2369.0,"{""type"":""MultiPoint"",""coordinates"":[]}"
2694,3,2458.0,1594.0,513.0,864.0,1187.0,1546.0,1847.0,1986.0,2244.0,2243.0,4566.5,3990.5,1398.5,1925.5,2377.5,2736.0,3130.5,3320.5,3578.5,3642.5,2750.0,1837.0,718.0,981.0,1276.0,1519.0,1957.0,2160.0,2331.0,2427.0,3762.0,2885.0,1295.0,1840.0,2251.0,2731.0,3052.0,3440.0,3639.0,3765.0,2916.0,1993.0,633.0,987.0,1167.0,1538.0,2167.0,2345.0,2501.0,2641.0,3548.0,2569.5,2519.0,2365.5,2085.5,2426.5,2909.0,3093.5,4350.0,3162.0,2730.0,2012.0,2249.0,2222.0,2106.0,2526.0,2801.0,2984.0,2846.0,3006.0,2683.0,1638.0,747.0,1062.0,823.0,1426.0,3140.0,4022.0,3952.0,4137.0,2273.0,1294.0,388.0,653.0,511.0,986.0,2982.0,4216.0,4131.0,4176.0,2462.0,1316.0,528.0,704.0,596.0,1143.0,3290.0,4466.0,4549.0,4886.0,2367.0,1214.5,462.0,670.5,518.5,1061.0,3229.5,4697.5,4833.5,5098.5,2964.0,2216.0,805.0,1146.0,1486.0,1696.0,1940.0,2169.0,2509.0,2445.0,1892.0,853.0,380.5,571.0,326.5,875.0,3212.5,4772.0,4664.0,5086.0,2091.5,1056.5,549.0,784.0,554.5,1112.5,3272.5,4592.5,4557.5,4935.0,2133.5,1148.5,427.5,737.0,589.5,1178.0,2982.5,3966.5,3901.5,4312.0,2304.0,1167.0,516.0,874.0,550.0,1324.0,3469.0,4468.0,4308.0,4739.0,2557.5,1363.0,677.0,1055.5,894.0,1684.5,3401.0,4034.0,4145.5,4414.0,3309.0,1989.0,803.0,1191.0,1450.0,2135.0,3169.0,3561.0,3774.0,4121.0,3415.0,2490.0,879.0,1238.0,1568.0,1932.5,2669.0,2972.5,3177.5,3319.0,3320.5,2309.5,1850.0,2130.5,2349.5,2717.5,3047.5,3282.0,3390.0,3473.0,3214.5,2351.5,901.0,1290.5,1492.5,1943.0,2821.0,3127.0,3219.0,3340.0,3048.0,1921.0,749.0,1100.0,1235.0,1676.0,2619.0,2915.0,3143.0,3266.0,3147.0,2834.0,2004.0,2064.0,2143.0,2343.0,2421.0,2468.0,2869.0,2546.0,3087.5,2061.5,757.5,1157.5,1286.0,1771.5,2572.5,2869.0,3154.5,3176.5,2211.0,1625.5,671.5,914.5,1100.0,1579.5,2048.0,2267.0,2244.0,2476.0,2737.0,1697.0,699.0,1072.0,1378.5,1821.0,2378.5,2615.0,2919.5,2891.0,3182.0,2089.0,803.0,1198.0,1552.0,2013.0,2496.0,2697.0,2922.0,2988.0,0.0,0.0,0.0,0.0,0.0,0.0,0.0,0.0,0.0,0.0,2116.0,1278.0,592.0,875.0,1086.0,1552.0,2089.0,2280.0,2625.0,2580.0,0.0,0.0,0.0,0.0,0.0,0.0,0.0,0.0,0.0,0.0,750.0,761.0,10448.0,10126.0,10038.0,9930.0,9309.0,8919.0,9558.0,8338.0,1673.0,1635.0,5519.0,5478.5,5442.5,5612.5,5458.0,5076.0,5489.5,5241.5,2731.0,1852.0,614.0,972.0,1142.0,1482.0,1980.0,2289.0,2524.0,2517.0,3033.5,2194.0,701.0,972.0,1289.5,1534.0,1840.0,2005.5,2257.5,2258.0,2936.0,2027.0,593.0,920.0,1234.0,1599.0,1886.0,2076.0,2343.0,2386.0,2787.0,1995.0,1153.0,1657.0,2090.0,2222.0,2126.0,2151.0,3175.0,2462.0,"{""type"":""MultiPoint"",""coordinates"":[]}"
2707,5,2359.0,1634.0,832.0,1096.0,1516.0,1764.0,1864.0,2054.0,2256.0,2296.0,5695.0,5207.0,2344.0,2972.0,3593.0,3961.0,4098.0,4269.0,4442.0,4484.0,2658.5,1988.0,969.5,1253.5,1611.5,1834.5,1929.0,2044.5,2200.0,2263.0,3181.5,2463.0,1252.0,1623.5,2028.0,2294.5,2389.5,2518.0,2647.0,2704.0,3495.0,2806.0,1352.0,1790.0,2221.0,2503.0,2607.0,2745.0,2895.0,2949.0,6512.0,6401.0,2682.0,3280.0,3959.0,4354.0,4462.0,4769.0,4759.0,5032.0,2926.0,2092.0,1461.0,1793.0,2080.0,2460.0,2414.0,2522.0,2521.0,2710.0,0.0,0.0,0.0,0.0,0.0,0.0,0.0,0.0,0.0,0.0,4161.0,3408.0,1594.0,2189.0,2500.5,3067.5,3615.0,3832.0,4015.5,4008.5,2397.5,1594.0,875.0,1154.5,1181.5,1620.0,2608.0,2855.5,2783.0,2982.0,2996.0,1675.0,705.0,1049.0,965.0,1660.0,3492.0,4082.0,3961.0,4264.0,2811.0,2138.0,982.5,1278.0,1694.0,1943.0,2056.0,2195.0,2458.0,2431.0,2976.0,1459.0,592.0,783.0,588.0,1153.0,3625.0,4381.0,4515.0,4571.0,2303.0,1039.0,453.5,587.5,353.0,813.5,3657.0,5060.0,5029.0,5256.0,2097.0,921.0,433.0,503.0,238.0,613.0,3549.0,4890.0,4824.0,5184.0,2169.0,956.5,292.5,446.0,245.5,670.5,3753.5,5233.5,5026.5,5487.0,1842.0,813.0,223.0,450.0,222.0,675.0,3451.0,4391.0,4533.0,4645.0,1784.0,797.0,335.0,561.0,316.0,910.0,3346.0,4194.0,4274.0,4475.0,2308.5,1265.5,439.0,910.0,774.0,1887.0,3311.5,3731.0,3726.5,4084.5,3018.5,2548.5,1580.0,1611.5,1696.0,2040.5,2174.0,2263.0,2386.5,2427.5,3694.0,2736.0,972.0,1275.0,1754.0,2036.0,2132.0,2311.0,2566.0,2612.0,3693.0,2797.0,1016.0,1299.0,1735.0,2000.0,2106.0,2236.0,2396.0,2490.0,2980.0,2232.5,1103.5,1419.5,1862.5,2130.5,2220.5,2370.5,2650.0,2591.5,3644.0,2739.0,1093.0,1326.0,1691.0,1918.0,2026.0,2133.0,2356.0,2397.0,1813.5,1353.0,731.0,870.5,1101.5,1232.5,1320.5,1421.0,1452.5,1602.0,2433.0,1821.0,819.5,1134.5,1485.5,1652.0,1734.0,1871.0,2066.0,2046.0,2620.5,2039.5,925.0,1248.5,1597.5,1843.5,1894.0,2007.0,2178.5,2161.0,2183.5,1616.5,1777.5,1656.5,1631.5,1842.5,1911.5,1981.0,2246.0,2092.5,2585.0,1923.0,979.0,1259.0,1570.0,1770.0,1880.0,1976.0,2175.0,2164.0,4312.0,4142.0,3366.0,3307.0,3475.0,3742.0,3836.0,3958.0,4081.0,4072.0,1114.0,1208.0,10895.0,10502.0,10375.0,10512.0,10259.0,9857.0,10242.0,9456.0,1608.5,1156.5,924.0,1249.5,1628.0,1914.0,1978.0,2041.5,2170.0,2185.0,3141.0,2391.0,1102.0,1447.0,1894.0,2186.0,2293.0,2438.0,2682.0,2665.0,2999.0,2246.0,1108.0,1445.0,1840.0,2151.0,2261.0,2388.0,2598.0,2624.0,2930.0,2213.0,1098.0,1493.0,1890.0,2183.0,2270.0,2413.0,2632.0,2611.0,3701.0,3028.5,1492.5,1906.0,2338.5,2613.0,2732.5,2858.0,3042.5,3054.0,"{""type"":""MultiPoint"",""coordinates"":[]}"
2710,3,1585.0,975.0,1237.0,1514.0,1559.0,1628.0,1746.0,1796.0,1983.0,1815.0,2526.5,2022.5,637.5,857.5,1084.5,1271.5,1422.5,1535.5,1625.0,1701.5,1928.0,1244.0,554.0,688.0,834.0,1044.0,1277.0,1397.0,1497.0,1547.0,2631.0,2231.0,699.5,890.0,1127.0,1355.5,1512.5,1652.0,1769.0,1800.0,2500.5,1942.5,630.5,802.0,1062.5,1247.5,1353.5,1479.0,1599.0,1651.0,2121.0,1342.0,641.0,807.0,1051.0,1207.0,1248.0,1360.0,1478.0,1516.0,3748.0,3588.0,3370.0,3109.0,2988.0,3363.0,3523.0,3576.0,3540.0,3821.0,513.0,398.0,1372.0,1793.0,1861.0,1960.0,1200.0,1223.0,1079.0,882.0,2528.0,2068.5,788.0,996.0,1247.5,1434.5,1528.5,1651.5,1690.5,1791.5,1187.0,754.0,1346.0,1826.0,1734.0,2464.0,2577.0,2457.0,2437.0,2456.0,975.5,628.0,852.5,1049.5,891.5,1348.5,1767.0,1974.5,1863.0,1887.0,2034.0,1538.0,448.0,606.0,800.0,919.0,1011.0,1120.0,1240.0,1286.0,1280.0,617.0,370.5,540.0,317.0,768.5,2410.0,3273.0,3117.5,3301.0,1476.5,717.5,554.0,694.0,418.0,910.5,2884.0,4119.0,3956.0,4185.0,1177.0,539.0,266.0,391.0,187.0,565.0,2510.0,3780.0,3591.0,3838.0,1304.0,604.5,383.0,524.5,277.5,739.5,2740.5,4037.5,4035.0,4152.5,1526.0,733.0,342.0,701.0,343.0,1155.0,3335.0,4278.0,4493.0,4515.0,1484.0,721.5,360.0,701.0,400.5,1204.5,3181.5,4109.5,4111.0,4365.5,1567.0,830.0,436.0,824.0,645.0,1521.0,3049.0,3536.0,3730.0,3875.0,2191.5,1525.5,1246.5,1490.0,1436.5,2076.0,2775.5,3035.5,3163.0,3315.5,3554.0,2394.0,855.0,1326.0,1479.0,2413.0,2637.0,2944.0,3297.0,3372.0,3534.0,2312.0,852.0,1262.0,1791.0,2270.0,2586.0,2837.0,3042.0,3233.0,2744.0,2111.0,994.0,1131.5,1307.0,1465.0,1642.0,1764.5,1932.0,1954.5,2181.0,1422.5,797.0,1106.5,1539.5,1923.0,2164.0,2345.0,2593.5,2679.0,2902.0,1961.0,2376.0,2363.5,2315.0,2440.5,2397.5,2413.5,3404.5,2558.0,1711.5,1082.5,653.5,943.0,1399.0,1665.0,1817.5,1984.5,2302.5,2297.5,1597.0,993.0,608.0,841.0,1256.0,1529.0,1655.0,1819.0,2020.0,2095.0,0.0,0.0,0.0,0.0,0.0,0.0,0.0,0.0,0.0,0.0,1082.0,604.0,761.0,1038.0,1404.0,1593.0,1698.0,1830.0,1962.0,1959.0,0.0,0.0,0.0,0.0,0.0,0.0,0.0,0.0,0.0,0.0,128.0,148.0,10098.0,10062.0,10088.0,10245.0,9849.0,9285.0,9568.0,8737.0,155.0,138.0,8474.0,8566.0,8674.0,8969.0,8513.0,7960.0,8078.0,7390.0,2114.0,1354.0,519.0,720.0,947.0,1098.0,1222.0,1326.0,1505.0,1522.0,2359.0,1910.0,585.0,769.0,1006.0,1127.0,1252.0,1342.0,1511.0,1503.0,1965.5,1476.5,462.0,596.5,789.5,921.0,1022.0,1120.5,1248.5,1252.5,1841.0,1218.0,498.0,632.0,841.0,967.0,1082.0,1213.0,1304.0,1345.0,"{""type"":""MultiPoint"",""coordinates"":[]}"
2715,1,2381.0,1719.0,436.0,606.0,827.0,1002.0,1197.0,1287.0,1534.0,1548.0,4072.0,3570.0,842.0,1147.0,1579.0,1909.0,2127.0,2336.0,2454.0,2655.0,4716.0,4012.0,1502.0,1778.0,2048.0,2596.0,3213.0,3580.0,3533.0,3918.0,4182.0,3621.0,820.0,1167.0,1302.0,1792.0,2611.0,2914.0,3070.0,3223.0,2531.0,1466.5,537.5,792.0,634.5,1072.0,2354.0,2739.0,2823.0,2918.5,0.0,0.0,0.0,0.0,0.0,0.0,0.0,0.0,0.0,0.0,0.0,0.0,0.0,0.0,0.0,0.0,0.0,0.0,0.0,0.0,2458.0,1536.0,521.0,773.0,604.0,1093.0,2811.0,3743.0,3824.0,4066.0,2539.0,1548.0,455.0,769.0,671.0,1151.0,2771.0,3518.0,3695.0,3840.0,2472.0,1312.0,571.0,808.0,514.0,1027.0,3001.0,3986.0,3889.0,4262.0,2226.5,1098.0,444.0,746.5,449.5,960.5,3002.5,3883.0,3873.5,4135.5,2929.5,2481.0,525.0,727.5,995.5,1222.5,1414.5,1538.0,1810.5,1829.5,0.0,0.0,0.0,0.0,0.0,0.0,0.0,0.0,0.0,0.0,2456.0,1470.0,527.0,801.0,785.0,1268.5,2182.0,2564.5,2579.0,2852.5,3736.0,2465.0,1654.0,1938.0,2054.0,2589.0,3234.0,3451.0,3559.0,3698.0,1738.0,1258.5,267.0,343.5,413.0,553.5,752.5,878.0,919.5,1014.0,4650.5,3991.0,4169.0,3985.5,3875.5,4399.0,4556.0,4674.5,4543.0,4745.5,2263.0,1956.5,517.0,640.0,879.5,1031.0,1129.0,1244.5,1354.0,1426.5,3634.5,3153.0,680.0,917.5,1284.0,1555.0,1781.0,1984.5,2085.5,2264.0,3011.0,2514.0,1763.5,1845.0,1832.0,2210.5,2483.0,2628.0,2645.5,2691.5,0.0,0.0,0.0,0.0,0.0,0.0,0.0,0.0,0.0,0.0,3364.0,3030.0,578.5,811.5,1133.5,1392.0,1588.5,1773.0,1956.0,2073.0,0.0,0.0,0.0,0.0,0.0,0.0,0.0,0.0,0.0,0.0,2621.5,1958.0,613.5,864.0,1182.5,1404.0,1604.5,1766.5,1968.0,1977.0,3038.0,2449.0,681.0,929.0,1118.0,1462.0,1762.0,1928.0,2132.0,2187.0,3820.5,3111.5,837.5,1218.5,1387.0,1939.5,2475.0,2688.0,2931.5,2955.5,2672.0,1788.0,523.0,929.0,881.0,1500.0,2330.0,2464.0,2671.0,2713.0,0.0,0.0,0.0,0.0,0.0,0.0,0.0,0.0,0.0,0.0,2140.0,1448.0,503.0,662.0,823.0,1066.0,1325.0,1455.0,1655.0,1711.0,3013.0,2342.0,555.0,766.0,985.0,1297.0,1694.0,1849.0,2085.0,2126.0,0.0,0.0,0.0,0.0,0.0,0.0,0.0,0.0,0.0,0.0,510.0,338.0,1959.0,2417.0,2753.0,3140.0,3240.0,3330.0,3345.0,3191.0,2383.0,1609.0,435.0,631.0,744.0,1075.0,1530.0,1709.0,1915.0,1948.0,0.0,0.0,0.0,0.0,0.0,0.0,0.0,0.0,0.0,0.0,2266.5,1492.5,453.0,738.0,705.5,1247.0,1934.0,2098.5,2298.5,2350.0,0.0,0.0,0.0,0.0,0.0,0.0,0.0,0.0,0.0,0.0,"{""type"":""MultiPoint"",""coordinates"":[]}"
2722,5,1283.0,842.0,397.5,513.5,675.0,773.5,819.0,918.5,1032.5,1040.0,2811.0,2480.0,907.5,1118.0,1378.0,1519.0,1583.0,1670.5,1806.0,1817.5,1592.5,1064.0,512.5,606.0,758.5,868.0,918.5,993.5,1084.0,1118.0,2103.5,1370.0,761.5,857.5,987.5,1140.0,1252.5,1372.5,1499.0,1511.5,3214.0,2718.5,1057.0,1312.0,1522.5,1812.0,1998.5,2117.0,2156.5,2294.0,2646.5,2103.5,825.5,1027.5,1149.0,1425.0,1759.5,1902.0,1962.5,2048.5,0.0,0.0,0.0,0.0,0.0,0.0,0.0,0.0,0.0,0.0,2884.5,2212.5,764.5,1004.5,1009.5,1404.5,2405.0,2761.5,2857.0,2918.5,0.0,0.0,0.0,0.0,0.0,0.0,0.0,0.0,0.0,0.0,1755.5,843.0,563.0,651.5,462.5,868.5,2381.0,2894.5,2912.5,3003.0,2216.0,1001.5,305.0,530.5,300.0,812.5,3416.0,4539.0,4560.0,4691.0,1458.5,1160.5,445.0,536.0,689.0,764.0,842.0,883.0,1005.0,969.0,2317.0,1023.5,569.0,656.0,400.0,854.5,3664.5,5178.5,4903.0,5460.0,2100.5,897.0,345.5,512.0,288.0,739.0,3557.5,4889.5,4958.0,5051.5,0.0,0.0,0.0,0.0,0.0,0.0,0.0,0.0,0.0,0.0,2151.0,942.5,326.0,590.5,300.0,971.5,3491.0,4370.0,4314.0,4710.5,1937.0,892.5,275.5,575.0,313.5,1028.5,3046.5,3710.0,3950.5,4049.0,0.0,0.0,0.0,0.0,0.0,0.0,0.0,0.0,0.0,0.0,2709.5,1942.0,437.5,610.5,867.5,1133.5,1266.0,1457.0,1639.0,1801.0,0.0,0.0,0.0,0.0,0.0,0.0,0.0,0.0,0.0,0.0,2735.0,2161.5,573.5,721.0,1015.5,1171.0,1251.0,1400.0,1559.5,1620.5,2493.0,2158.5,691.5,816.5,1051.0,1187.5,1223.5,1340.5,1447.0,1486.0,0.0,0.0,0.0,0.0,0.0,0.0,0.0,0.0,0.0,0.0,2376.5,1979.0,676.5,802.5,1023.5,1159.5,1194.5,1294.5,1402.5,1425.0,2418.0,1972.0,765.5,844.0,1035.0,1172.0,1199.0,1259.5,1318.0,1390.0,1298.0,835.5,230.0,347.5,501.5,589.0,657.0,718.5,828.0,856.5,1675.5,1149.0,347.0,477.5,657.5,777.5,840.0,898.5,1039.0,1051.5,0.0,0.0,0.0,0.0,0.0,0.0,0.0,0.0,0.0,0.0,1830.5,1395.5,442.0,549.5,722.5,818.0,843.5,947.0,1085.0,1094.5,0.0,0.0,0.0,0.0,0.0,0.0,0.0,0.0,0.0,0.0,947.5,1059.0,10159.0,9991.5,10092.5,10285.0,9993.0,9635.0,10021.0,9315.5,0.0,0.0,0.0,0.0,0.0,0.0,0.0,0.0,0.0,0.0,1648.0,1133.5,458.5,588.5,774.0,891.0,958.5,1057.5,1177.0,1180.5,1669.0,1099.0,529.0,671.0,825.0,945.0,1020.5,1111.5,1241.0,1247.5,1468.0,948.5,510.5,640.0,843.5,991.5,1048.0,1143.0,1269.0,1277.5,2571.0,2141.0,951.0,1087.0,1303.0,1509.0,1550.0,1679.0,1731.0,1804.0,"{""type"":""MultiPoint"",""coordinates"":[]}"
2731,3,1637.0,903.5,355.5,601.5,660.5,1124.5,1815.5,1992.5,2144.5,2178.0,4997.5,4359.5,1250.0,1632.5,2153.0,2744.5,2845.5,3089.5,3245.5,3362.5,0.0,0.0,0.0,0.0,0.0,0.0,0.0,0.0,0.0,0.0,5948.0,5789.0,1895.5,2419.0,3117.5,3622.0,3775.5,4050.5,4333.0,4464.0,4325.0,3661.0,1279.0,1723.5,2160.0,2679.5,2815.0,3079.0,3322.0,3436.0,0.0,0.0,0.0,0.0,0.0,0.0,0.0,0.0,0.0,0.0,0.0,0.0,0.0,0.0,0.0,0.0,0.0,0.0,0.0,0.0,803.0,460.5,264.0,430.0,228.0,626.5,1585.0,1966.5,1767.0,1796.0,1249.0,620.0,195.0,393.5,188.5,639.0,2409.0,3256.5,3234.5,3126.0,2449.0,1580.5,2067.0,1966.0,1633.0,1984.5,3332.0,4219.0,4126.0,4280.0,3994.5,2649.0,3570.5,3308.5,2897.5,3316.5,4519.5,5357.5,5564.0,5467.5,2711.0,1828.0,553.0,809.5,917.5,1428.0,2132.5,2372.5,2593.5,2597.5,1229.5,550.0,377.5,542.0,294.0,735.0,2548.0,3922.5,3856.0,4211.5,0.0,0.0,0.0,0.0,0.0,0.0,0.0,0.0,0.0,0.0,2099.5,1246.0,992.5,1214.0,918.0,1693.0,3461.5,4329.5,4423.5,4596.5,1022.5,523.0,370.0,607.0,441.5,977.5,1951.5,2332.0,2235.5,2543.5,2713.0,1631.0,1161.5,1515.5,1446.0,2186.0,3266.0,3678.0,3681.0,3981.5,4290.5,2921.5,1127.0,1591.5,2207.5,2786.5,3124.0,3380.5,3553.0,3829.0,4305.5,3464.0,1061.5,1421.5,2001.0,2373.0,2486.5,2692.0,2734.5,2984.0,0.0,0.0,0.0,0.0,0.0,0.0,0.0,0.0,0.0,0.0,3199.5,2346.0,829.0,1091.5,1441.5,1794.0,1980.5,2151.0,2253.5,2395.5,3377.0,2473.5,838.0,1109.0,1416.5,1822.5,2097.5,2280.5,2434.0,2571.5,3050.0,2441.5,1428.0,1552.5,1697.0,2086.0,2466.0,2647.0,2741.5,2861.0,2654.5,1811.5,671.5,930.5,1198.5,1565.0,1908.0,2075.5,2231.0,2311.5,3011.0,2131.5,846.0,1077.5,1403.0,1790.0,2046.5,2285.0,2393.5,2512.5,2504.5,1713.0,705.5,965.5,1306.0,1593.0,1864.0,2052.5,2329.5,2336.0,3228.0,2317.0,868.5,1159.5,1533.5,1866.0,2100.0,2281.0,2463.0,2557.0,0.0,0.0,0.0,0.0,0.0,0.0,0.0,0.0,0.0,0.0,0.0,0.0,0.0,0.0,0.0,0.0,0.0,0.0,0.0,0.0,0.0,0.0,0.0,0.0,0.0,0.0,0.0,0.0,0.0,0.0,0.0,0.0,0.0,0.0,0.0,0.0,0.0,0.0,0.0,0.0,175.5,139.5,8426.0,8578.5,8764.0,9060.5,8587.0,8158.0,8361.0,7634.5,3414.0,2696.0,2297.0,2366.5,2301.5,2653.0,3063.5,3175.5,3674.5,3373.5,3266.5,2676.5,2582.0,2536.0,2562.0,2801.0,2897.5,2956.0,3385.0,3064.5,2748.5,1922.0,765.5,1029.5,1433.0,1689.5,1843.0,2022.0,2282.5,2343.0,3892.5,3362.0,1077.5,1394.0,1907.5,2198.0,2345.5,2537.5,2768.0,2862.5,"{""type"":""MultiPoint"",""coordinates"":[]}"
2746,3,1371.0,925.5,485.5,570.5,684.5,821.5,858.5,936.5,1027.0,1050.5,2066.0,1788.0,521.0,708.0,886.0,1008.0,1056.0,1091.0,1169.0,1223.0,1086.5,635.0,530.0,729.5,880.0,1051.0,1035.5,1098.5,1141.5,1142.0,1712.0,1100.0,727.0,1010.0,1222.0,1393.0,1408.0,1516.0,1615.0,1534.0,2995.0,2552.0,906.0,1277.0,1590.0,1768.0,1850.0,1912.0,2024.0,2058.0,2915.0,2321.5,1191.0,1520.5,1765.5,2039.5,2084.0,2191.5,2241.0,2290.0,0.0,0.0,0.0,0.0,0.0,0.0,0.0,0.0,0.0,0.0,1187.0,835.0,606.0,969.0,744.0,1395.0,2089.0,2256.0,2075.0,2086.0,1229.0,619.0,384.0,662.0,360.0,882.0,2199.0,2993.0,2418.0,2759.0,1317.5,632.0,387.0,592.5,302.0,820.0,2530.5,3264.0,3175.0,3235.5,1721.0,1060.5,1175.5,1259.5,954.0,1448.5,3021.0,4005.5,3764.0,4041.0,1937.5,1540.5,1013.5,1050.5,1201.0,1300.5,1341.5,1399.5,1541.5,1460.5,1262.0,564.0,375.0,630.0,317.0,901.0,2842.0,3720.0,3556.0,3786.0,1611.0,899.0,803.0,961.0,640.0,1248.0,3135.0,4026.0,4225.0,4259.0,1279.0,641.0,484.0,773.0,408.0,1219.0,2828.0,3432.0,3292.0,3640.0,1549.0,822.0,533.0,987.0,689.0,1690.0,2853.0,3169.0,3164.0,3505.0,1913.0,1140.0,597.0,1077.0,987.0,1884.0,2624.0,2868.0,2931.0,3239.0,3662.5,2553.5,1547.0,1908.5,2390.0,2896.5,3302.5,3624.5,3664.5,4036.5,4331.0,3205.5,1166.0,1609.5,2279.0,2652.0,2803.0,3018.5,3205.5,3313.5,1414.0,1138.0,367.0,460.0,604.0,722.0,750.0,818.0,843.0,923.0,2528.0,2338.0,592.5,798.0,1056.5,1230.0,1287.0,1379.0,1456.0,1522.5,2632.5,2582.5,583.0,783.0,1049.5,1253.5,1344.5,1436.0,1548.5,1566.0,2294.5,1773.5,695.0,852.0,1050.0,1187.0,1277.5,1352.5,1521.5,1491.5,2786.0,2648.0,662.0,908.0,1194.0,1387.5,1481.0,1582.5,1729.0,1722.0,1000.0,642.0,379.0,483.0,653.0,787.0,827.0,909.0,996.0,1003.0,1401.0,982.5,321.0,496.5,694.0,845.0,921.5,992.5,1097.5,1114.0,1485.5,1176.0,426.0,618.0,825.5,982.5,1039.5,1118.0,1203.0,1212.5,3871.0,3033.0,3448.0,3766.0,4161.0,4798.0,4660.0,4620.0,3954.0,4553.0,1108.0,695.5,533.0,671.0,827.0,977.5,1067.5,1135.5,1251.0,1206.0,0.0,0.0,0.0,0.0,0.0,0.0,0.0,0.0,0.0,0.0,929.0,1013.0,10620.0,10260.0,10186.0,10316.0,9979.0,9537.0,9954.0,9215.0,1315.5,884.0,2219.0,2273.5,2363.0,2593.0,2529.0,2562.5,2621.5,2469.0,2405.0,1893.0,590.0,798.0,959.0,1178.0,1287.0,1401.0,1560.0,1538.0,2207.5,1597.5,709.0,912.5,1071.5,1276.5,1393.5,1485.5,1615.5,1593.0,1879.0,1257.0,554.0,768.0,923.0,1143.0,1228.0,1308.0,1408.0,1442.0,2908.0,2370.0,864.0,1106.0,1324.0,1522.0,1621.0,1719.0,1854.0,1853.0,"{""type"":""MultiPoint"",""coordinates"":[]}"
2748,1,1482.0,852.0,385.0,629.5,741.5,1092.5,1485.5,1598.0,1778.0,1822.0,4533.5,4344.5,1409.5,1843.5,2407.0,2707.0,2808.0,2977.0,3077.0,3209.5,0.0,0.0,0.0,0.0,0.0,0.0,0.0,0.0,0.0,0.0,4265.5,3753.0,1323.5,1803.0,2161.5,2619.0,2877.5,3078.0,3219.5,3275.0,3531.5,2843.0,1106.0,1544.0,1889.5,2292.5,2608.0,2727.5,2916.5,2952.5,0.0,0.0,0.0,0.0,0.0,0.0,0.0,0.0,0.0,0.0,0.0,0.0,0.0,0.0,0.0,0.0,0.0,0.0,0.0,0.0,0.0,0.0,0.0,0.0,0.0,0.0,0.0,0.0,0.0,0.0,3021.5,2390.5,1830.0,1810.5,1624.0,2078.5,3575.5,4659.0,4749.0,4744.0,1295.5,597.5,456.0,510.5,335.0,583.0,2070.0,3203.5,2913.0,3397.5,0.0,0.0,0.0,0.0,0.0,0.0,0.0,0.0,0.0,0.0,2657.0,1931.0,611.0,867.5,1044.5,1422.5,1818.0,1998.5,2231.5,2207.0,3365.5,2183.0,1406.0,1699.0,1647.5,2190.0,4053.0,5144.5,4713.5,5433.5,0.0,0.0,0.0,0.0,0.0,0.0,0.0,0.0,0.0,0.0,3446.5,2322.0,773.0,925.0,1209.5,1587.5,1899.0,2225.0,2312.5,2701.0,1889.5,1654.5,310.5,389.0,466.5,627.5,729.0,818.5,828.0,934.0,2667.5,2286.0,369.5,530.0,702.5,930.5,1096.0,1235.0,1270.0,1430.5,4689.5,3634.5,951.0,1309.5,1891.0,2257.0,2467.5,2679.0,2842.5,3064.5,4078.0,3580.5,961.0,1273.0,1706.0,1988.5,2107.5,2277.0,2303.0,2504.5,0.0,0.0,0.0,0.0,0.0,0.0,0.0,0.0,0.0,0.0,4535.0,4017.5,1204.5,1640.5,2027.5,2509.0,2731.0,2899.0,2994.5,3174.0,3498.5,2871.0,827.0,1213.0,1466.0,1845.5,2295.5,2513.0,2630.5,2688.5,1696.0,1329.5,861.0,939.0,986.5,1197.5,1448.5,1556.5,1641.5,1663.5,2511.5,1764.5,508.5,826.0,926.5,1332.0,1906.0,2103.0,2240.0,2301.5,2834.5,2274.5,819.0,1083.0,1480.0,1705.5,1820.0,1942.0,2088.0,2185.5,2647.0,2013.0,666.0,986.5,1426.5,1621.0,1725.5,1882.0,2109.0,2093.0,2743.0,2132.5,673.0,1023.0,1394.0,1645.5,1760.0,1888.5,2045.5,2132.0,0.0,0.0,0.0,0.0,0.0,0.0,0.0,0.0,0.0,0.0,0.0,0.0,0.0,0.0,0.0,0.0,0.0,0.0,0.0,0.0,0.0,0.0,0.0,0.0,0.0,0.0,0.0,0.0,0.0,0.0,0.0,0.0,0.0,0.0,0.0,0.0,0.0,0.0,0.0,0.0,196.0,172.5,9244.0,9200.5,9279.5,9541.5,8995.5,8501.5,8663.0,7871.0,2811.5,2078.5,756.0,1070.0,1263.0,1690.5,2153.0,2371.5,2547.5,2605.0,0.0,0.0,0.0,0.0,0.0,0.0,0.0,0.0,0.0,0.0,2796.5,2014.0,711.0,1033.0,1314.0,1660.5,1855.5,2014.0,2223.0,2266.5,3764.5,3112.0,976.5,1318.5,1682.0,1972.5,2151.0,2291.0,2529.0,2570.0,"{""type"":""MultiPoint"",""coordinates"":[]}"
2750,1,2346.5,1673.5,1024.0,1321.0,1662.5,1891.0,1992.5,2105.5,2322.0,2322.5,4049.0,3709.0,1690.0,2021.0,2448.0,2765.0,2829.0,2961.0,3156.0,3199.0,2816.0,2117.5,1102.5,1370.5,1702.0,1937.5,2024.5,2160.0,2315.5,2369.5,3133.0,2357.5,1312.5,1651.0,1821.5,2237.5,2428.0,2569.0,2723.5,2756.0,4302.0,3749.0,1815.0,2328.0,2663.0,3131.0,3350.0,3467.0,3693.0,3670.0,5676.0,5015.0,7087.0,6410.0,6088.0,6637.0,6361.0,6415.0,6527.0,6249.0,0.0,0.0,0.0,0.0,0.0,0.0,0.0,0.0,0.0,0.0,2677.0,1488.0,610.0,890.0,681.5,1194.0,3779.0,5235.0,5248.0,5427.5,1761.0,874.0,310.0,566.0,386.0,717.0,3088.0,4686.0,4873.0,4915.0,1460.0,617.0,357.0,546.0,357.0,655.0,2738.0,4173.0,4374.0,4388.0,1817.0,789.0,495.0,644.0,442.0,806.0,2912.0,4411.0,4335.0,4664.0,2510.0,1819.0,1113.0,1372.0,1735.0,1935.0,2024.0,2145.0,2377.0,2343.0,1636.0,681.0,362.0,509.0,321.0,687.0,2646.0,3955.0,3858.0,4252.0,1762.5,783.5,427.5,646.0,437.0,911.0,2855.0,3890.0,3949.0,4175.5,1998.0,1067.0,554.0,735.0,620.0,1089.0,2374.0,2937.0,2963.0,3348.0,2618.0,1811.0,412.0,615.0,779.0,1157.0,1454.0,1682.0,1693.0,1968.0,3328.0,2987.0,888.0,1137.0,1524.0,1752.0,1851.0,1967.0,2107.0,2212.0,3948.0,3900.5,2163.0,2394.0,2593.5,3067.5,3383.5,3644.5,3305.5,3849.0,3146.0,2427.0,1093.0,1420.0,1648.0,2030.0,2290.0,2457.0,2522.5,2644.5,2582.5,1696.0,827.0,1164.5,1107.5,1647.5,2435.5,2614.5,2620.5,2793.5,2512.0,1633.0,691.0,1106.0,985.0,1667.0,2543.0,2772.0,2984.0,2930.0,2747.0,1810.0,632.0,1147.0,950.0,1710.0,2972.0,3210.0,3350.0,3398.0,2335.0,1741.0,1195.0,1441.0,1820.0,2039.0,2072.0,2228.0,2547.0,2430.0,2234.0,1489.0,453.0,842.0,808.0,1479.0,2426.0,2569.0,2858.0,2770.0,1449.0,1001.0,550.5,755.0,881.5,1240.5,1484.5,1616.5,1774.0,1803.0,2397.0,1669.0,621.5,1008.0,1341.5,1794.0,2067.5,2230.0,2523.5,2498.0,2645.5,1949.0,745.0,1130.0,1508.0,1895.5,2085.5,2232.0,2424.5,2471.5,2443.0,1840.0,1524.0,1735.0,1845.0,2106.0,2146.0,2186.0,2106.0,2191.0,2409.0,1947.0,753.0,969.0,1152.0,1414.0,1619.0,1705.0,1850.0,1855.0,0.0,0.0,0.0,0.0,0.0,0.0,0.0,0.0,0.0,0.0,1050.0,1145.0,10896.0,10482.0,10382.0,10464.0,10095.0,9691.0,10084.0,9296.0,1097.5,792.0,1746.0,1965.0,2222.5,2493.0,2360.5,2282.5,2450.5,2302.0,2727.0,2020.5,1326.5,1565.0,1904.5,2123.5,2234.0,2339.5,2596.0,2573.5,2216.0,1575.0,1079.5,1345.5,1581.0,1823.5,1901.0,1997.5,2183.5,2140.5,2947.0,2182.0,1404.0,1819.0,2140.0,2518.0,2610.0,2692.0,2931.0,2894.0,3240.0,2611.0,1732.0,2148.0,2487.0,2747.0,2815.0,2925.0,3185.0,3104.0,"{""type"":""MultiPoint"",""coordinates"":[]}"
2754,176,2895.5,2058.0,1024.5,1291.5,1675.5,2054.5,2340.5,2554.0,2832.0,2911.5,2566.5,1466.5,551.0,843.0,720.5,1365.5,2640.0,2937.0,3126.0,3288.0,2403.0,1382.0,411.0,711.0,607.0,1218.0,2366.0,2673.0,2935.0,3011.0,1474.0,840.0,563.0,776.5,613.5,1097.5,2001.0,2214.0,2223.0,2369.0,3159.0,2568.0,1484.5,1683.0,1590.0,2260.0,3389.5,3721.5,3706.0,3958.5,1858.0,955.0,349.0,680.0,477.0,1187.0,2464.0,2823.0,2800.0,3083.0,783.0,396.0,592.0,555.0,414.0,615.0,948.0,1122.0,1000.0,1165.0,2532.0,1438.5,511.5,730.0,593.0,1245.0,2382.5,2718.5,2776.0,3048.5,3199.0,1902.0,735.0,995.0,1013.0,1584.0,2697.0,3165.0,3080.0,3541.0,3216.0,1902.0,724.0,995.0,1013.0,1584.0,2583.0,2994.0,3011.0,3409.0,3404.5,2025.0,766.5,1142.0,1127.5,1786.0,3055.0,3469.0,3299.5,3911.5,3223.0,2333.0,861.0,1162.0,1671.0,2081.0,2265.0,2489.0,2798.0,2884.0,3056.5,1722.5,1047.0,1165.0,963.0,1486.5,2883.5,3380.5,3202.0,3757.5,3004.5,1528.5,531.5,851.0,626.5,1308.0,3272.0,3934.5,3876.5,4208.0,2785.0,1480.0,665.0,977.0,649.0,1444.0,3376.0,3980.0,3872.0,4255.0,2378.5,1184.5,408.5,725.5,452.0,1183.0,3209.5,3831.5,3719.0,4111.0,1999.5,932.5,392.5,627.5,358.5,992.0,2777.5,3339.0,3215.0,3550.5,2620.5,1305.0,403.0,751.0,480.5,1233.0,3422.0,4199.0,4245.0,4516.5,2371.0,1256.0,476.0,729.0,550.0,1180.0,2945.0,3565.0,3712.0,3963.0,2330.0,1221.0,416.0,689.0,527.0,1109.0,2593.0,3134.0,3198.0,3439.0,2341.0,1253.0,432.0,689.0,527.0,1109.0,2593.0,3134.0,3253.0,3439.0,2772.0,1728.0,902.0,1174.5,1151.5,1669.5,2689.5,3077.5,3094.0,3473.0,2343.0,1595.0,695.0,906.0,1235.0,1529.0,1765.0,1927.0,2111.5,2221.0,2646.0,1424.0,455.5,726.5,751.0,1328.0,2590.5,3015.5,3290.0,3438.0,2694.0,1478.0,436.0,707.0,783.0,1355.0,2328.0,2688.0,3060.0,3178.0,3368.0,2131.0,672.0,1021.0,1490.0,1999.0,2411.0,2716.0,3121.0,3198.0,3473.0,2199.0,687.5,1048.0,1585.5,2009.0,2324.0,2580.5,2863.0,3057.5,3220.0,2126.0,616.0,941.0,1433.0,1774.0,2048.0,2225.0,2634.0,2682.0,3100.0,2074.0,621.0,940.0,1359.0,1729.0,1941.0,2123.0,2443.0,2533.0,2448.0,1679.0,824.0,980.0,1273.0,1534.0,1793.0,1940.0,2110.0,2242.0,673.0,652.0,8922.0,9060.0,9366.0,9547.0,9201.0,8853.0,9138.0,8419.0,1419.0,943.0,1292.0,1550.0,1962.0,2296.0,2461.0,2752.0,2909.0,2965.0,2661.0,1790.0,683.0,955.0,1294.0,1639.0,1897.0,2131.0,2372.0,2435.0,2207.0,1673.0,1484.0,1410.0,1337.0,1709.0,2136.0,2327.0,2361.0,2462.0,2395.5,1481.0,585.5,859.0,872.5,1325.5,2100.5,2310.5,2584.0,2660.5,2431.0,1771.0,579.0,866.0,853.0,1427.0,2403.0,2660.0,2748.0,2872.0,"{""type"":""MultiPoint"",""coordinates"":[]}"
2755,5,905.0,490.5,406.0,624.5,774.0,1003.5,1131.5,1281.0,1446.0,1441.0,397.0,373.0,795.0,1114.0,1162.0,1479.0,985.0,976.0,852.0,712.0,608.5,349.5,654.0,996.5,1176.0,1503.0,1361.5,1513.0,1532.0,1448.0,451.0,411.0,1078.5,1394.0,1421.5,1400.0,796.5,800.5,788.5,644.0,820.0,761.0,1234.0,1614.0,1644.0,1675.0,1158.0,1125.0,1050.0,1021.0,0.0,0.0,0.0,0.0,0.0,0.0,0.0,0.0,0.0,0.0,0.0,0.0,0.0,0.0,0.0,0.0,0.0,0.0,0.0,0.0,5467.5,5027.5,1442.5,1804.5,2141.0,2559.0,2707.5,2978.5,3061.0,3341.5,5414.0,4794.0,1672.0,2272.0,2814.0,3200.5,3342.5,3504.5,3634.5,3827.0,4160.5,3316.0,1215.0,1632.5,1940.0,2353.5,2720.5,2994.5,2984.5,3240.5,3966.5,3077.5,1000.0,1390.5,1611.5,2072.0,2620.0,2929.0,2968.0,3095.0,2364.0,1709.0,517.0,737.0,916.0,1106.0,1230.0,1366.0,1493.0,1524.0,3204.5,2172.5,689.0,1024.5,983.5,1601.0,2614.0,3029.5,2974.5,3270.0,3693.0,2619.0,778.0,1119.0,1091.0,1687.0,3249.0,3959.0,4050.0,4252.0,1594.5,767.0,414.0,576.5,408.0,840.5,2615.5,3338.5,3180.5,3372.5,1431.0,668.5,275.0,454.0,272.0,695.5,2245.5,2882.5,2753.0,3078.0,2060.0,1052.0,330.0,555.0,385.0,867.0,3149.0,4132.0,4019.0,4355.0,1927.0,1012.5,332.0,549.5,375.0,879.0,2836.5,3660.0,3667.5,3922.0,1875.5,975.5,373.5,654.0,435.5,1111.0,2760.0,3243.0,3312.0,3572.5,2943.0,2238.0,515.0,695.0,805.0,1127.0,1349.0,1524.0,1586.0,1789.0,3832.0,3156.0,790.0,994.0,1320.0,1638.0,1773.0,2012.0,2176.0,2379.0,3715.0,3154.0,702.0,933.0,1227.0,1446.0,1571.0,1704.0,1928.0,1989.0,5060.0,4824.0,3748.0,3823.0,4026.0,4308.0,4315.0,4437.0,4787.0,4529.0,3171.0,2564.0,638.0,809.0,1052.5,1235.5,1362.5,1491.5,1680.5,1734.0,2785.0,1969.0,562.0,697.0,953.0,1155.0,1270.0,1413.0,1600.0,1687.0,3208.0,2461.0,632.0,835.0,1126.0,1307.0,1433.0,1556.0,1786.5,1811.0,3161.0,2396.0,689.0,885.0,1166.0,1351.0,1472.0,1604.0,1790.0,1826.0,0.0,0.0,0.0,0.0,0.0,0.0,0.0,0.0,0.0,0.0,804.0,433.0,430.0,535.0,684.0,815.0,888.0,1003.0,1139.0,1152.0,0.0,0.0,0.0,0.0,0.0,0.0,0.0,0.0,0.0,0.0,1017.0,1080.0,10428.0,10212.0,10256.0,10348.0,10017.0,9656.0,10042.0,9306.0,614.5,357.0,2781.0,2880.0,3023.0,3197.5,3130.5,3035.0,3347.0,3172.5,23.5,26.0,775.5,1239.5,1447.0,1515.0,829.0,810.0,692.0,448.0,1237.5,780.0,784.5,1131.5,1320.5,1519.0,1267.5,1353.5,1383.5,1335.0,116.0,95.0,638.0,1057.0,989.0,973.0,386.0,396.0,352.0,252.0,200.0,176.0,759.0,1163.0,1050.0,980.0,383.0,387.0,355.0,304.0,"{""type"":""MultiPoint"",""coordinates"":[]}"
2767,3,1144.0,678.0,607.0,749.0,940.0,1048.0,1073.0,1175.0,1311.0,1317.0,2297.5,1776.5,806.0,981.5,1181.5,1316.5,1406.5,1491.5,1603.5,1628.0,911.0,534.0,615.0,715.5,825.0,937.0,934.5,1009.0,1020.5,1047.0,1379.0,823.0,952.0,1164.0,1371.0,1517.0,1538.0,1648.0,1769.0,1738.0,0.0,0.0,0.0,0.0,0.0,0.0,0.0,0.0,0.0,0.0,2802.0,2208.0,1098.0,1292.0,1536.0,1693.0,1772.0,1907.0,1916.0,2031.0,0.0,0.0,0.0,0.0,0.0,0.0,0.0,0.0,0.0,0.0,2598.0,2017.0,1053.0,1269.0,1401.0,1640.0,1807.0,1900.0,1965.0,2036.0,716.0,462.0,459.0,734.0,663.0,1018.0,1309.0,1493.0,1452.0,1434.0,865.0,477.0,440.0,680.0,528.0,972.0,1648.0,1987.0,1957.0,1953.0,0.0,0.0,0.0,0.0,0.0,0.0,0.0,0.0,0.0,0.0,1485.0,979.0,586.0,686.0,878.0,956.0,1061.0,1152.0,1274.0,1261.0,283.0,166.0,298.0,264.0,154.0,230.0,586.0,948.0,818.0,900.0,1150.0,532.0,408.0,484.0,297.0,581.0,2059.0,3583.0,3446.0,3627.0,0.0,0.0,0.0,0.0,0.0,0.0,0.0,0.0,0.0,0.0,1684.0,860.5,451.5,682.5,447.5,1019.5,3108.5,4462.0,4375.0,4740.0,1067.0,494.0,268.5,472.0,261.0,729.5,2363.0,3253.5,3335.0,3459.5,0.0,0.0,0.0,0.0,0.0,0.0,0.0,0.0,0.0,0.0,3218.5,2193.0,701.5,1037.5,1344.5,1867.0,2512.5,2839.0,3105.0,3327.5,2755.0,1827.0,1417.0,1559.0,1615.0,2032.0,2442.0,2676.0,2658.0,2869.0,2848.0,1898.5,649.5,932.0,1137.0,1611.5,2238.5,2512.0,2785.0,2867.0,3053.0,2061.0,668.0,937.0,1223.0,1710.0,2265.0,2576.0,2751.0,2915.0,0.0,0.0,0.0,0.0,0.0,0.0,0.0,0.0,0.0,0.0,3289.0,2138.0,759.0,1060.0,1396.0,1855.0,2306.0,2571.0,2849.0,2978.0,0.0,0.0,0.0,0.0,0.0,0.0,0.0,0.0,0.0,0.0,1836.0,1188.0,552.0,848.0,1295.0,1603.0,1793.0,1968.0,2212.0,2326.0,2164.0,1427.0,671.0,991.0,1483.0,1759.0,1914.0,2098.0,2369.0,2447.0,0.0,0.0,0.0,0.0,0.0,0.0,0.0,0.0,0.0,0.0,2117.0,1495.0,723.0,965.0,1376.0,1618.0,1750.0,1964.0,2186.0,2197.0,0.0,0.0,0.0,0.0,0.0,0.0,0.0,0.0,0.0,0.0,987.0,1069.0,11006.0,10582.0,10470.0,10536.0,10227.0,9849.0,10273.0,9406.0,781.0,578.0,997.0,737.0,662.0,735.0,720.0,803.0,930.0,824.0,1919.0,1194.0,637.0,855.0,1080.0,1270.0,1358.0,1462.0,1608.0,1619.0,1828.5,1193.5,675.0,858.0,1025.0,1171.5,1260.0,1353.5,1482.0,1499.5,1322.0,793.0,767.0,980.0,1168.0,1338.0,1349.0,1477.0,1575.0,1556.0,2441.0,1878.0,890.0,1066.0,1254.0,1447.0,1540.0,1641.0,1706.0,1765.0,"{""type"":""MultiPoint"",""coordinates"":[]}"
2824,5,2069.5,1246.5,432.0,790.0,655.0,1446.5,2589.5,2918.5,3210.5,3170.5,4059.5,3680.0,1418.5,1791.5,2282.5,2606.0,2725.0,2888.5,3015.0,3065.0,2334.5,1711.0,787.5,990.5,1295.5,1500.5,1581.5,1703.0,1890.0,1900.5,559.5,405.5,336.0,328.5,366.5,407.5,412.0,438.5,453.5,480.0,0.0,0.0,0.0,0.0,0.0,0.0,0.0,0.0,0.0,0.0,4822.0,4177.5,1511.0,2029.0,2294.0,2918.0,3809.5,4078.0,4215.5,4325.0,0.0,0.0,0.0,0.0,0.0,0.0,0.0,0.0,0.0,0.0,2871.0,1563.5,545.5,876.0,566.5,1242.5,4092.0,5047.5,5019.0,5205.0,2917.5,1340.0,341.0,638.0,358.0,896.0,4724.0,6108.0,6008.0,6387.0,2494.0,1195.5,382.5,597.5,316.5,855.5,4252.5,5673.5,5964.0,5910.5,0.0,0.0,0.0,0.0,0.0,0.0,0.0,0.0,0.0,0.0,1971.5,1201.0,491.5,845.5,764.5,1563.5,2599.5,2854.5,3136.5,3107.5,2702.0,1166.0,490.5,674.0,384.0,887.5,4801.5,6697.0,6536.5,7031.5,0.0,0.0,0.0,0.0,0.0,0.0,0.0,0.0,0.0,0.0,3139.5,2165.0,1058.0,1294.5,963.0,1533.5,4854.5,6227.0,6262.5,6567.0,2505.5,1393.5,985.0,1128.0,741.0,1476.0,3776.0,4593.5,4373.0,4834.0,2316.5,1369.0,429.5,763.5,671.5,1370.5,2436.0,2799.0,2925.5,3159.5,2998.0,2083.0,514.5,762.0,918.0,1403.0,1869.0,2165.0,2361.5,2617.0,2706.5,1959.5,481.0,634.5,819.0,1073.0,1322.5,1430.5,1563.5,1681.5,3942.5,2955.0,873.0,1182.0,1610.5,1915.0,2071.5,2267.0,2357.5,2510.5,4256.0,3311.0,1606.5,1835.5,2153.0,2485.5,2770.0,2985.5,3166.0,3222.0,2648.5,2008.5,967.0,1059.0,1218.5,1453.5,1713.5,1844.5,1958.5,2061.0,0.0,0.0,0.0,0.0,0.0,0.0,0.0,0.0,0.0,0.0,3250.0,2625.5,1334.5,1567.5,1787.0,2186.5,2649.0,2853.5,2747.5,3065.5,1335.0,811.0,617.5,714.5,693.5,906.5,1122.0,1158.5,1469.5,1327.0,2183.5,1317.5,552.5,818.5,996.0,1383.0,2040.0,2257.5,2621.0,2540.0,2919.0,2246.0,1852.0,1920.0,1988.5,2300.0,2642.5,2731.5,2889.5,2861.5,0.0,0.0,0.0,0.0,0.0,0.0,0.0,0.0,0.0,0.0,2347.5,1437.5,620.0,916.5,772.5,1403.5,2775.5,2987.0,3265.5,3267.0,0.0,0.0,0.0,0.0,0.0,0.0,0.0,0.0,0.0,0.0,402.0,404.5,9180.5,8995.5,8863.0,9039.5,8678.0,7853.5,8062.0,7217.5,0.0,0.0,0.0,0.0,0.0,0.0,0.0,0.0,0.0,0.0,2772.5,2064.5,633.5,836.0,1151.5,1469.0,1698.5,1818.0,2155.0,2122.0,3461.0,2661.5,677.5,968.5,1210.0,1483.5,1948.5,2143.5,2440.5,2425.5,3255.0,2439.0,631.0,891.0,1079.0,1502.5,1917.5,2112.5,2368.5,2403.5,0.0,0.0,0.0,0.0,0.0,0.0,0.0,0.0,0.0,0.0,"{""type"":""MultiPoint"",""coordinates"":[]}"
2831,3,152.5,103.5,927.5,1298.5,1349.5,1497.0,901.5,857.5,792.0,540.5,4631.5,4129.0,2032.5,2461.5,2778.5,3190.0,3399.0,3483.5,3744.5,3682.0,2386.0,1650.5,987.5,1225.5,1518.0,1821.5,1890.0,2049.5,2262.5,2267.0,2025.0,1428.5,1110.5,1274.0,1393.5,1642.0,1697.5,1795.5,1871.5,1948.5,5107.0,4765.0,2449.0,2943.5,3416.0,3761.0,3972.5,4022.0,4495.5,4416.0,0.0,0.0,0.0,0.0,0.0,0.0,0.0,0.0,0.0,0.0,0.0,0.0,0.0,0.0,0.0,0.0,0.0,0.0,0.0,0.0,4346.5,3457.5,1584.0,2060.0,2143.0,2874.5,3753.5,4199.5,4170.5,4477.5,4292.5,3450.0,1459.0,1860.0,1988.5,2671.5,3879.0,4342.0,4561.0,4734.0,1408.5,857.0,493.5,781.5,580.5,1216.5,2177.5,2629.5,2541.5,2556.0,2332.5,1794.5,955.5,1238.5,1146.0,1607.5,3039.0,3941.0,3778.0,4055.0,199.5,208.5,1072.5,1371.0,1412.0,1723.5,1259.0,1236.0,1164.5,838.0,2180.0,1124.0,589.5,802.0,550.0,1061.5,3249.0,4987.0,4867.0,5269.0,1818.5,896.5,391.5,520.5,290.5,806.0,3004.5,4801.5,5241.5,5078.5,1912.0,956.0,485.0,739.0,414.5,1162.5,3310.5,4643.0,4647.5,4751.5,1826.5,986.5,542.0,785.0,465.0,1174.5,3360.5,4686.5,4607.5,4928.5,1908.5,1023.5,407.5,782.5,492.5,1276.0,3437.5,4440.0,4665.0,4791.5,2177.0,1367.5,1123.0,1283.5,1056.0,1788.5,3129.5,3655.5,3887.0,3924.0,2155.0,1291.5,560.5,1006.5,887.0,1747.0,2899.5,3286.0,3534.0,3667.5,3009.5,2102.0,934.0,1255.0,1601.5,1939.5,2294.5,2457.5,2594.5,2760.5,3395.5,2413.0,998.0,1255.5,1560.0,2041.0,2457.0,2660.5,2821.5,3005.0,2882.5,1919.0,651.0,910.5,1167.0,1599.5,2067.0,2298.0,2478.5,2508.0,1724.5,1337.0,2104.5,2038.0,1782.0,1862.5,1651.0,1568.0,2272.0,1472.5,2765.0,1711.5,664.5,936.0,1134.0,1530.0,2048.5,2211.5,2505.5,2498.0,2064.0,1250.5,836.0,1081.5,1461.0,1873.5,2118.5,2393.0,2736.0,2711.0,1649.5,1097.0,479.5,740.0,1085.0,1363.5,1497.5,1653.5,1895.5,1819.5,1632.0,1119.0,483.5,742.5,1070.5,1357.0,1430.5,1530.0,1753.0,1733.5,0.0,0.0,0.0,0.0,0.0,0.0,0.0,0.0,0.0,0.0,1422.5,1014.0,506.5,661.0,900.0,1103.5,1130.0,1286.5,1420.0,1404.0,0.0,0.0,0.0,0.0,0.0,0.0,0.0,0.0,0.0,0.0,1055.5,1154.5,10827.0,10528.0,10390.0,10353.0,10077.5,9789.0,10101.0,9341.5,215.5,182.5,3200.5,3259.5,3370.5,3651.0,3215.5,3195.0,3121.0,2676.0,1984.0,1772.0,1496.0,1617.5,1674.0,1999.5,1772.0,1855.5,1595.0,1890.5,2347.5,1726.0,1214.5,1370.5,1421.5,1776.5,1912.5,1979.0,2122.0,2130.0,452.5,443.0,968.5,1289.5,1369.0,1754.5,1222.5,1112.5,978.0,868.5,2451.5,1657.0,934.0,1195.0,1341.5,1704.5,1871.5,1965.5,2113.5,2192.0,"{""type"":""MultiPoint"",""coordinates"":[]}"
2833,3,48.0,52.0,1037.0,1481.0,1666.0,1677.0,889.0,793.0,680.0,458.0,5206.0,4499.5,1835.5,2290.0,2753.5,3249.5,3435.5,3614.5,3963.0,3932.0,3086.0,2164.0,818.0,1089.0,1446.0,1763.0,1930.0,2115.0,2327.0,2417.0,3032.0,2110.0,1552.0,2059.0,2111.0,2587.0,2510.0,2626.0,3146.0,2821.0,4703.5,4049.0,1404.0,1891.5,2388.5,2880.5,3088.0,3369.5,3493.5,3640.0,6002.0,4863.0,2257.0,2888.0,3399.0,4065.0,4573.0,4942.0,4870.0,5114.0,0.0,0.0,0.0,0.0,0.0,0.0,0.0,0.0,0.0,0.0,1912.0,1018.5,604.0,834.5,524.0,1065.5,2735.0,3523.5,3395.0,3511.0,1944.0,993.0,338.5,563.5,280.0,802.5,3011.5,4462.0,4145.0,4621.5,1813.0,852.0,315.0,407.0,155.0,645.0,2964.0,4898.0,4829.0,5044.0,4173.0,2551.0,3227.0,3178.0,2908.0,3361.0,4486.0,5325.0,5566.0,5509.0,58.0,47.0,962.0,1423.0,1469.0,1472.0,793.0,687.0,614.0,391.0,1195.0,499.0,384.0,386.0,274.0,412.0,2492.0,3657.0,3863.0,3892.0,1517.5,717.5,532.5,776.0,443.5,1116.5,3154.5,4513.0,4567.5,4863.5,1664.0,787.0,498.0,806.0,467.0,1244.0,3364.0,4567.0,4490.0,4888.0,2078.5,1054.5,661.0,992.5,618.0,1528.5,3544.5,4396.0,4281.0,4803.0,2866.0,1901.5,605.5,970.0,1156.5,1729.0,2328.0,2646.0,2731.5,2954.5,3361.0,2342.0,755.5,1074.0,1395.0,1881.0,2259.5,2526.5,2586.5,2871.5,3019.0,2180.0,731.0,969.0,1239.5,1613.5,1971.5,2205.0,2222.5,2436.0,2921.0,1941.0,698.0,983.0,1116.0,1639.0,2158.0,2275.0,2299.0,2514.0,3454.0,2470.0,720.0,1004.0,1103.0,1617.0,2212.0,2409.0,2494.0,2681.0,3315.0,2182.0,618.0,945.0,1031.0,1596.0,2184.0,2442.0,2508.0,2648.0,106.5,91.0,543.5,615.0,547.5,516.0,316.5,299.5,274.0,202.5,2660.0,1776.5,577.0,888.0,968.5,1521.0,2017.5,2255.0,2512.0,2446.5,1209.0,786.0,385.0,590.0,726.0,1117.0,1366.0,1505.0,1552.0,1573.0,1344.0,871.0,379.0,652.0,824.0,1167.0,1414.0,1453.0,1709.0,1711.0,1156.0,743.5,317.5,534.0,691.0,989.0,1107.0,1251.5,1281.5,1343.5,636.0,478.0,457.0,454.0,501.0,622.0,658.0,768.0,709.0,799.0,551.0,387.0,301.0,400.0,514.0,750.0,771.0,782.0,891.0,841.0,0.0,0.0,0.0,0.0,0.0,0.0,0.0,0.0,0.0,0.0,562.0,592.0,10868.0,10550.0,10334.0,10417.0,10065.0,9571.0,9910.0,9032.0,655.0,428.0,4362.0,4428.5,4615.0,4802.5,4644.0,4474.5,4566.0,4349.0,2687.0,1839.0,590.0,859.0,1092.0,1399.0,1536.0,1685.0,1934.0,1949.0,3383.0,2585.5,853.0,1185.5,1330.5,1770.5,1962.5,2134.0,2349.5,2351.0,2916.0,2029.0,694.0,1026.0,1252.0,1611.0,1774.0,1933.0,2149.0,2129.0,3556.0,2441.0,1040.0,1407.0,1785.0,2123.0,2266.0,2379.0,2645.0,2645.0,"{""type"":""MultiPoint"",""coordinates"":[]}"
2851,3,1391.5,857.5,544.5,758.5,1032.5,1269.0,1393.0,1530.0,1697.5,1748.5,3691.0,2963.0,1054.0,1391.0,1746.0,2062.0,2283.0,2432.0,2553.0,2659.0,1243.5,755.5,736.0,912.0,1179.5,1391.0,1431.5,1501.5,1587.5,1618.5,2113.0,1370.0,914.5,1106.0,1416.0,1667.5,1702.5,1823.0,2020.0,1965.0,4000.0,3518.0,1221.0,1574.0,2035.0,2297.0,2435.0,2602.0,2770.0,2819.0,4634.0,4121.0,1563.0,1846.0,2323.0,2642.0,2717.0,2960.0,2969.0,3185.0,0.0,0.0,0.0,0.0,0.0,0.0,0.0,0.0,0.0,0.0,4463.0,4101.0,2146.5,2366.5,2581.5,3145.5,3564.0,3816.5,3701.5,4004.0,3939.0,3186.5,1218.0,1599.0,1943.0,2322.0,2715.0,2925.5,3031.0,3209.5,1389.0,794.0,509.5,700.5,684.5,1071.5,1668.0,1955.5,1909.0,2022.0,2687.0,1628.0,1643.0,1714.5,1390.5,1884.5,3558.5,4416.0,4296.0,4606.5,2547.0,1894.0,821.0,1025.0,1338.0,1563.0,1676.0,1812.5,2019.5,2015.5,1673.0,803.0,346.0,604.0,278.0,867.0,2889.0,3905.0,3683.0,4047.0,2485.5,1804.0,2296.0,2329.5,2128.0,2597.5,3713.0,4305.0,4330.5,4443.0,1615.0,740.0,438.0,638.0,360.0,782.0,2682.0,3675.0,3479.0,3857.0,1593.0,743.0,328.0,567.0,277.0,902.0,2908.0,3989.0,3772.0,4150.0,1693.0,830.0,353.0,700.0,381.0,1192.0,3115.0,3995.0,4157.0,4295.0,1924.5,966.5,723.0,1057.5,824.5,1688.5,3300.5,3947.0,3942.0,4267.5,1913.0,1000.0,510.5,961.0,788.5,1703.5,2888.0,3268.5,3467.5,3586.5,2134.5,1203.0,569.0,953.0,939.0,1665.0,2466.5,2724.0,2811.5,3035.5,2372.0,1399.0,554.0,931.0,1055.0,1659.0,2288.0,2560.0,2859.0,2908.0,2325.0,1437.0,549.0,926.0,1121.0,1750.0,2179.0,2450.0,2619.0,2779.0,1553.0,976.0,773.0,952.0,1216.0,1465.0,1582.0,1689.0,2010.0,1902.0,2574.5,1708.0,570.5,875.0,1177.5,1614.5,1956.0,2174.0,2386.0,2478.0,2184.0,1455.0,588.0,837.0,1211.0,1594.0,1812.0,2051.0,2245.0,2321.0,2173.5,1448.5,513.0,783.5,1190.5,1458.5,1618.5,1800.0,2049.0,2065.0,2256.0,1515.0,633.0,898.0,1271.0,1494.0,1626.0,1769.0,1930.0,2013.0,0.0,0.0,0.0,0.0,0.0,0.0,0.0,0.0,0.0,0.0,2039.0,1438.0,672.0,833.0,1135.0,1323.0,1413.0,1535.0,1689.0,1738.0,0.0,0.0,0.0,0.0,0.0,0.0,0.0,0.0,0.0,0.0,996.0,1071.0,10418.0,10192.0,10138.0,10240.0,9957.0,9609.0,10012.0,9221.0,930.0,587.5,558.5,817.5,1052.5,1478.0,1397.0,1594.5,1577.0,1590.0,2632.0,1782.0,716.0,1003.0,1263.0,1609.0,1707.0,1863.0,2058.0,2097.0,2364.0,1604.5,792.5,1036.5,1239.0,1563.0,1721.0,1844.0,2008.5,2056.0,1738.0,1057.0,735.0,1001.0,1224.0,1518.0,1635.0,1727.0,1879.0,1926.0,3337.0,2662.0,1006.0,1367.0,1703.0,1970.0,2186.0,2312.0,2554.0,2526.0,"{""type"":""MultiPoint"",""coordinates"":[]}"
2859,3,1915.0,1234.0,606.0,751.0,1035.0,1226.0,1346.0,1506.0,1652.0,1674.0,3829.0,3153.0,1152.0,1547.0,2082.0,2377.0,2461.0,2662.0,2927.0,2859.0,2513.5,1732.0,776.0,1108.5,1356.5,1705.0,1849.5,1989.5,2152.5,2183.5,2689.0,1924.0,926.0,1230.0,1512.0,1828.0,2000.0,2108.0,2301.0,2263.0,5742.0,5458.0,2063.0,2747.0,3344.0,3817.0,4045.0,4165.0,4512.0,4449.0,5768.0,5059.5,2389.5,2955.5,3354.5,4016.5,4418.5,4685.0,4724.5,4914.5,0.0,0.0,0.0,0.0,0.0,0.0,0.0,0.0,0.0,0.0,2251.0,1218.0,414.0,712.0,331.0,972.0,3154.0,4237.0,4216.0,4067.0,2349.0,1154.0,255.0,714.0,245.0,1130.0,4338.0,5508.0,5273.0,5524.0,1894.0,875.5,300.5,647.5,257.0,987.5,3575.0,4847.5,4839.5,4937.0,1990.0,895.5,598.0,785.5,434.5,1019.0,3551.5,5213.5,5131.0,5422.0,2434.0,1673.0,625.0,811.0,1112.0,1325.0,1463.0,1572.0,1781.0,1795.0,1665.0,711.0,447.0,636.0,346.0,845.0,3305.0,5034.0,4894.0,5324.0,1979.0,1167.0,696.5,1001.0,681.5,1486.0,3833.0,5176.5,5071.0,5406.5,1566.5,742.0,411.5,817.0,453.5,1357.0,3531.5,4391.5,4370.5,4699.0,1868.0,980.0,664.0,1129.0,810.0,1930.0,3477.0,4092.0,3882.0,4472.0,2017.0,1144.0,650.0,1118.0,1039.0,1985.0,2887.0,3171.0,3358.0,3499.0,2919.0,1999.5,843.0,1150.0,1635.0,1978.5,2160.0,2336.5,2426.5,2642.0,4010.5,3104.5,1112.5,1492.0,2053.5,2354.5,2496.0,2657.5,2791.0,2943.5,2461.0,1932.5,1664.5,1777.0,1960.5,2226.5,2274.5,2357.5,2474.0,2530.5,2595.0,1881.0,786.0,1034.0,1386.0,1610.0,1743.0,1901.0,2029.0,2106.0,2540.5,1878.5,809.0,1062.5,1437.0,1728.5,1832.5,2020.0,2169.0,2230.5,1979.5,1411.5,488.0,643.5,874.0,1008.5,1092.0,1192.5,1386.0,1390.0,3028.0,2269.0,945.0,1232.0,1621.0,1894.0,2060.0,2144.0,2384.0,2426.0,2154.0,1342.0,889.0,1090.0,1436.0,1698.0,1832.0,1971.0,2246.0,2240.0,1757.5,1118.0,597.5,868.5,1225.0,1437.5,1570.5,1687.0,1960.5,1944.5,2323.0,1584.5,732.5,1013.5,1387.0,1604.0,1730.5,1883.5,2064.5,2109.5,0.0,0.0,0.0,0.0,0.0,0.0,0.0,0.0,0.0,0.0,1663.5,1220.5,1254.5,1307.5,1476.0,1643.5,1695.0,1800.0,2051.5,1936.0,3470.0,3445.0,2743.0,2626.0,2706.0,2916.0,2963.0,3020.0,3266.0,3194.0,994.0,1081.0,10244.0,10072.0,10032.0,10245.0,9971.0,9537.0,9945.0,9225.0,744.0,501.5,444.5,600.0,809.0,1167.5,1149.5,1239.5,1121.0,1304.0,2723.0,2312.0,754.0,936.0,1213.0,1450.0,1539.0,1635.0,1782.0,1807.0,2329.0,1582.0,839.0,1138.0,1517.0,1726.0,1838.0,1990.0,2192.0,2176.0,2528.0,1785.0,862.0,1228.0,1608.0,1864.0,1980.0,2106.0,2269.0,2297.0,4020.0,3871.0,1137.0,1561.0,2055.0,2253.0,2360.0,2501.0,2737.0,2768.0,"{""type"":""MultiPoint"",""coordinates"":[]}"
2890,5,2205.5,1521.0,625.5,904.5,1305.5,1486.5,1585.5,1694.5,1938.5,1921.0,4839.0,4735.0,1077.0,1540.0,2132.0,2412.0,2557.0,2686.0,2902.0,2990.0,1725.5,1257.0,479.5,626.0,799.0,942.5,989.5,1086.5,1178.5,1217.0,3264.0,2228.0,1371.0,1649.0,1763.0,2070.0,2087.0,2175.0,2298.0,2362.0,3315.0,2682.0,767.0,1110.0,1487.0,1769.0,1885.0,2046.0,2157.0,2250.0,5510.0,5063.0,1771.0,2236.0,2710.0,3028.0,3310.0,3562.0,3915.0,3867.0,1956.5,1434.0,603.5,748.0,893.5,1114.5,1220.0,1346.5,1357.0,1470.5,4602.0,4042.0,2036.5,2413.5,2552.0,3091.5,3790.0,4237.0,4287.5,4449.5,4311.0,3595.0,2693.0,2930.5,2877.0,3290.0,3881.5,4202.5,4651.0,4253.0,4690.0,3792.0,1042.0,1449.0,1613.0,2269.0,3825.0,4387.0,4409.0,4655.0,2991.0,1816.0,668.5,854.0,713.5,1246.5,3346.5,4158.5,4198.5,4420.0,3453.0,2736.0,947.0,1244.0,1664.0,1839.0,1990.0,2086.0,2298.0,2300.0,4088.0,3175.5,3189.0,3041.0,2762.5,3264.5,4758.0,5522.5,5586.5,5708.5,2117.0,978.5,360.0,541.0,329.0,801.0,3387.5,4528.0,4688.0,4808.5,2377.0,1086.0,395.0,545.0,328.0,805.0,3633.0,4965.0,4856.0,5329.0,2569.5,1181.0,392.5,568.0,361.0,861.5,3845.0,5277.5,5152.5,5612.0,2263.0,1074.0,237.0,456.0,269.0,794.0,3520.0,4631.0,4793.0,4968.0,2772.5,1637.5,1028.0,1213.0,1042.5,1624.5,3669.0,4528.5,4551.5,4936.0,2234.5,1228.0,369.0,772.5,621.0,1539.0,2962.0,3282.0,3530.0,3686.0,2655.5,1826.5,429.0,670.0,778.5,1269.0,1673.5,1896.5,2022.5,2264.5,2798.5,1978.0,431.5,640.5,803.0,1235.5,1623.5,1825.0,2001.0,2167.0,2563.0,1792.0,378.0,574.0,761.5,1092.5,1428.5,1624.0,1819.5,1909.5,4025.0,3543.5,2503.5,2598.5,2801.5,2974.0,3034.0,3082.5,3456.0,3235.5,3274.0,2341.0,592.0,896.0,1253.0,1585.0,1815.0,1972.0,2324.0,2445.0,1906.0,1159.0,895.0,992.0,1249.0,1486.0,1675.0,1872.0,2112.0,2090.0,2691.0,1886.5,581.0,863.5,1192.0,1436.0,1597.5,1739.5,2014.0,1951.5,3103.0,2316.0,711.5,1014.5,1300.0,1598.5,1761.0,1918.5,2130.0,2183.5,0.0,0.0,0.0,0.0,0.0,0.0,0.0,0.0,0.0,0.0,2707.0,1961.0,648.0,838.0,1025.0,1312.0,1642.0,1687.0,1935.0,1943.0,0.0,0.0,0.0,0.0,0.0,0.0,0.0,0.0,0.0,0.0,924.0,1022.0,10712.0,10436.0,10338.0,10470.0,10078.0,9658.0,10086.0,9292.0,468.0,326.0,4887.0,4586.0,5006.0,5211.0,4899.0,4762.0,5133.0,4403.0,3672.0,2896.0,1000.0,1365.0,1851.0,2131.0,2217.0,2369.0,2637.0,2579.0,3703.0,2911.0,1048.0,1413.0,1814.0,2093.0,2240.0,2368.0,2663.0,2630.0,3029.0,2271.0,823.0,1150.0,1580.0,1857.0,1952.0,2136.0,2284.0,2370.0,3653.0,2905.0,1040.0,1382.0,1816.0,2110.0,2233.0,2350.0,2578.0,2619.0,"{""type"":""MultiPoint"",""coordinates"":[]}"
2892,1,2693.0,1981.0,742.0,1078.0,1511.0,1722.0,1834.0,1974.0,2150.0,2127.0,4244.0,3944.0,1125.0,1623.0,2208.0,2480.0,2564.0,2713.0,2913.0,2903.0,2079.0,1494.0,566.0,759.0,1097.0,1242.0,1344.0,1450.0,1532.0,1562.0,2500.0,1785.0,667.0,966.0,1268.0,1553.0,1728.0,1830.0,1942.0,1924.0,5653.0,5257.0,1703.0,2492.0,3048.0,3658.0,4032.0,4280.0,4329.0,4413.0,4521.0,3555.0,1269.0,1882.0,2124.0,2710.0,3873.0,4329.0,4482.0,4363.0,994.0,657.0,1126.0,767.0,575.0,629.0,1208.0,1574.0,2031.0,1570.0,1957.0,883.0,346.0,575.0,307.0,717.0,3385.0,4877.0,4880.0,4968.0,4314.0,3659.0,1328.0,1872.0,2258.0,3074.0,4658.0,5524.0,5295.0,5756.0,1827.5,763.0,344.0,516.0,276.0,647.0,3212.5,5027.0,4996.5,5257.0,3157.0,1676.0,2382.0,2212.0,1890.0,2304.0,4699.0,6413.0,6071.0,6875.0,2762.0,2163.0,794.0,1171.0,1568.0,1791.0,1877.0,2026.0,2209.0,2167.0,1032.5,423.0,353.0,450.0,227.5,467.5,2103.5,3219.0,3132.5,3254.0,1932.0,852.0,468.5,755.5,443.5,1034.5,3248.5,4295.0,4287.5,4650.0,1927.0,957.0,396.0,677.0,537.0,1087.0,2284.0,2929.0,2826.0,3112.0,1920.5,1236.5,504.0,582.5,650.5,981.5,1527.0,1714.5,1650.0,1904.0,2531.0,1868.0,339.5,448.5,647.0,858.0,1014.5,1174.0,1284.0,1387.5,0.0,0.0,0.0,0.0,0.0,0.0,0.0,0.0,0.0,0.0,3877.0,3147.0,905.0,1293.5,1803.5,2136.0,2302.5,2433.0,2625.5,2700.0,2763.0,1790.0,625.0,999.0,1149.0,1617.0,1996.0,2175.0,2150.0,2351.0,2746.5,1814.5,584.0,968.5,1097.0,1592.5,2036.0,2203.5,2320.5,2412.5,2413.0,1556.5,580.5,965.0,956.0,1497.0,2024.0,2174.5,2279.0,2353.5,0.0,0.0,0.0,0.0,0.0,0.0,0.0,0.0,0.0,0.0,2705.0,1713.0,597.0,1010.0,1049.5,1698.0,2217.5,2375.5,2549.5,2624.0,0.0,0.0,0.0,0.0,0.0,0.0,0.0,0.0,0.0,0.0,2618.0,1738.0,609.0,921.0,1364.0,1729.0,1901.0,2079.0,2293.0,2302.0,2808.5,1935.5,727.5,1019.5,1376.5,1773.5,1959.0,2138.0,2265.0,2382.5,0.0,0.0,0.0,0.0,0.0,0.0,0.0,0.0,0.0,0.0,2505.0,1796.0,571.0,781.0,974.0,1330.0,1622.0,1751.0,1950.0,1962.0,0.0,0.0,0.0,0.0,0.0,0.0,0.0,0.0,0.0,0.0,379.0,437.0,10260.0,10164.0,10224.0,10312.0,9965.0,9555.0,9962.0,9182.0,0.0,0.0,0.0,0.0,0.0,0.0,0.0,0.0,0.0,0.0,2786.0,2084.0,844.0,1182.0,1513.0,1823.0,1988.0,2097.0,2288.0,2240.0,3398.0,2678.0,1037.0,1479.5,1877.5,2223.0,2455.5,2566.0,2736.5,2746.5,2771.0,1964.0,812.0,1212.0,1576.0,1906.0,2061.0,2190.0,2375.0,2327.0,4050.0,3358.0,3359.0,3328.0,3285.0,3725.0,3949.0,4048.0,4349.0,4092.0,"{""type"":""MultiPoint"",""coordinates"":[]}"
2909,2,1536.5,991.5,591.5,795.0,897.5,1298.5,1673.5,1839.0,2024.5,1966.0,4000.5,3325.0,1122.5,1514.0,1957.5,2372.0,2597.0,2814.0,3025.0,3138.0,2983.0,2202.0,1467.5,1609.5,1896.0,2159.0,2291.5,2420.0,2541.5,2627.0,1150.5,810.0,584.5,555.0,639.0,719.0,716.0,748.5,761.0,845.0,0.0,0.0,0.0,0.0,0.0,0.0,0.0,0.0,0.0,0.0,2996.0,3766.0,1155.0,1318.0,1468.0,1842.0,2202.5,2859.5,1711.0,3661.0,0.0,0.0,0.0,0.0,0.0,0.0,0.0,0.0,0.0,0.0,0.0,0.0,0.0,0.0,0.0,0.0,0.0,0.0,0.0,0.0,0.0,0.0,0.0,0.0,0.0,0.0,0.0,0.0,0.0,0.0,4250.5,3347.5,1032.5,1428.0,1474.5,2077.0,3668.5,4174.0,4241.0,4452.5,2550.5,1658.5,767.0,968.5,754.5,1477.0,3705.0,4429.0,4074.5,4730.5,2207.0,1570.0,579.5,772.5,906.0,1259.0,1723.0,1885.0,2044.5,2067.0,2889.0,1410.0,536.5,803.0,471.0,1260.5,4413.5,5561.5,5280.0,5808.5,2344.0,1023.0,516.5,692.5,397.0,1031.0,4106.5,5094.0,4991.0,5113.5,0.0,0.0,0.0,0.0,0.0,0.0,0.0,0.0,0.0,0.0,2781.0,1379.5,1126.5,1216.0,888.0,1583.0,4214.5,5025.5,4945.0,5341.5,2574.0,1355.5,452.0,702.5,525.0,1302.0,3482.0,4141.0,4296.5,4530.0,0.0,0.0,0.0,0.0,0.0,0.0,0.0,0.0,0.0,0.0,3494.5,2634.5,915.0,1068.5,1316.5,1696.0,1941.0,2172.0,2420.5,2598.5,2666.0,1962.5,1652.5,1639.5,1711.5,1894.5,1951.5,1984.0,2146.0,2106.5,3106.5,2763.0,735.5,942.0,1269.5,1448.0,1519.5,1703.5,1829.0,1898.0,4015.0,3793.5,1065.5,1345.0,1749.5,2035.5,2103.5,2250.0,2372.0,2513.0,0.0,0.0,0.0,0.0,0.0,0.0,0.0,0.0,0.0,0.0,3553.5,3136.0,939.5,1210.5,1545.0,1796.0,1966.5,2176.5,2281.5,2424.0,0.0,0.0,0.0,0.0,0.0,0.0,0.0,0.0,0.0,0.0,1939.5,1275.0,380.0,574.0,713.5,967.5,1274.5,1420.5,1561.5,1656.5,1952.0,1310.5,424.0,640.0,779.5,1066.5,1470.5,1584.0,1737.5,1836.5,0.0,0.0,0.0,0.0,0.0,0.0,0.0,0.0,0.0,0.0,2038.0,1392.0,482.0,665.5,786.5,1073.0,1562.0,1777.0,1935.0,1966.0,0.0,0.0,0.0,0.0,0.0,0.0,0.0,0.0,0.0,0.0,1073.5,1129.5,11090.5,10584.0,10462.0,10530.0,10233.5,9867.5,10215.5,9435.5,0.0,0.0,0.0,0.0,0.0,0.0,0.0,0.0,0.0,0.0,2761.5,2151.0,1055.0,1339.5,1486.5,1886.0,2241.5,2384.0,2350.5,2606.5,2410.5,1641.0,686.5,932.0,1003.5,1455.5,1969.5,2186.5,2353.0,2404.5,612.0,370.5,116.0,236.5,251.5,449.5,676.5,773.5,829.0,819.5,2838.0,2071.0,818.0,1173.0,1260.0,1929.0,2430.5,2665.5,2792.0,2880.0,"{""type"":""MultiPoint"",""coordinates"":[]}"
2912,2,2055.0,1294.0,467.0,686.0,752.0,1329.0,2023.0,2164.0,2437.0,2396.0,3285.0,2323.0,781.0,1115.0,1405.0,1952.0,2162.0,2443.0,2601.0,2714.0,1761.0,1258.0,551.0,716.0,946.0,1095.5,1209.0,1293.5,1400.0,1449.5,2014.0,1587.0,1014.0,1103.0,1291.0,1494.0,1440.0,1657.0,1668.0,1696.0,0.0,0.0,0.0,0.0,0.0,0.0,0.0,0.0,0.0,0.0,2776.0,2386.0,951.5,1173.0,1456.0,1687.5,1804.5,1955.5,2055.5,2120.5,0.0,0.0,0.0,0.0,0.0,0.0,0.0,0.0,0.0,0.0,0.0,0.0,0.0,0.0,0.0,0.0,0.0,0.0,0.0,0.0,4633.0,4003.0,1346.0,1837.0,2192.0,2723.0,3406.0,3702.0,3666.0,3882.0,3967.5,3001.0,1093.5,1459.5,1498.0,2198.0,3582.5,3955.0,4101.5,4349.0,3035.0,1904.0,635.0,956.0,746.0,1511.0,3507.0,4108.0,4103.0,4240.0,2446.0,1696.0,581.0,812.0,927.0,1526.0,2212.0,2394.0,2640.0,2596.0,2620.0,1231.0,523.0,753.0,459.0,1173.0,4115.0,5136.0,5030.0,5371.0,2499.0,1197.0,566.0,760.0,470.0,1098.0,4299.0,5374.0,5492.0,5620.0,1629.0,1207.0,2203.0,1939.0,1679.0,1848.0,2573.0,3133.0,2872.0,3103.0,2407.5,1011.5,455.5,730.0,408.0,1340.5,4754.5,5778.5,5618.0,6107.5,2222.0,997.5,365.5,602.5,376.0,1230.5,3911.0,4659.5,4865.0,4910.0,0.0,0.0,0.0,0.0,0.0,0.0,0.0,0.0,0.0,0.0,2385.0,1330.0,440.5,608.0,580.0,1360.0,2819.5,3227.0,3465.5,3565.0,2511.0,1716.0,783.0,915.0,1030.0,1364.0,1703.0,1868.0,1925.0,2229.0,2674.5,1877.5,834.5,983.0,1127.0,1403.5,1744.0,1958.0,2141.5,2276.5,3752.0,2900.0,803.0,1070.0,1425.0,1822.0,2185.0,2423.0,2676.0,2813.0,0.0,0.0,0.0,0.0,0.0,0.0,0.0,0.0,0.0,0.0,3363.0,3126.0,774.0,1061.0,1469.0,1679.0,1802.0,1945.0,2154.0,2164.0,1508.0,1099.0,1302.0,1076.0,1033.0,1107.0,1155.0,1257.0,1493.0,1284.0,2290.0,1702.0,520.0,776.0,1097.0,1347.0,1452.0,1585.0,1754.0,1755.0,2223.0,1585.0,526.0,817.0,1095.0,1356.0,1488.0,1648.0,1808.0,1858.0,3182.0,2249.0,1722.0,1618.0,1646.0,1986.0,2273.0,2447.0,2684.0,2769.0,2386.0,1763.0,643.0,897.0,1106.0,1436.0,1752.0,1881.0,2145.0,2074.0,0.0,0.0,0.0,0.0,0.0,0.0,0.0,0.0,0.0,0.0,1155.0,1227.0,10704.0,10338.0,10316.0,10420.0,10093.0,9775.0,10118.0,9394.0,4268.0,3609.0,1385.0,1821.0,2651.0,3380.0,3681.0,3782.0,3022.0,3787.0,2251.0,1509.0,432.0,712.0,801.0,1470.0,2176.0,2392.0,2625.0,2658.0,2148.0,1329.0,556.0,851.0,838.0,1554.0,2311.0,2512.0,2799.0,2790.0,2029.0,1203.0,419.0,758.0,698.0,1567.0,2456.0,2651.0,2877.0,2839.0,2441.0,1537.0,640.0,944.0,996.0,1833.0,2406.0,2671.0,2766.0,2875.0,"{""type"":""MultiPoint"",""coordinates"":[]}"
2919,3,1827.0,1172.5,545.5,753.5,1014.5,1270.5,1379.5,1542.5,1720.5,1757.5,4473.0,4265.0,1186.0,1611.0,2171.0,2470.0,2584.0,2729.0,2909.0,2991.0,2780.0,1942.0,773.0,1068.0,1476.0,1753.5,1866.0,2035.0,2173.0,2246.0,3027.0,2231.0,839.0,1187.0,1630.0,1914.0,2055.0,2236.0,2435.0,2453.0,6052.0,5715.0,2179.0,2915.0,3600.0,4051.0,4226.0,4438.0,4737.0,4678.0,5317.0,4811.0,1771.0,2363.5,2938.5,3522.5,3627.0,3995.0,3961.0,4087.5,0.0,0.0,0.0,0.0,0.0,0.0,0.0,0.0,0.0,0.0,5080.5,4237.5,1621.0,2222.0,2510.5,3039.5,3804.5,4144.5,4222.0,4548.5,5016.0,4171.0,1436.0,2006.0,2345.0,2911.0,3872.0,4122.0,4496.0,4488.0,719.0,399.0,449.0,605.0,618.0,1021.0,1645.0,2063.0,2008.0,2010.0,1536.0,729.0,563.0,685.0,403.0,831.0,2617.0,3803.0,3734.0,3872.0,2405.0,1715.5,650.5,867.0,1156.0,1395.0,1521.5,1628.5,1858.0,1851.5,1454.0,628.0,499.0,604.0,350.0,709.0,2696.0,4308.0,4172.0,4517.0,1170.5,505.5,383.5,460.5,243.0,562.5,2477.5,4137.0,4168.0,4321.5,1166.0,474.0,396.0,473.0,253.0,497.0,2320.0,4012.0,3897.0,4243.0,1128.0,495.0,256.0,462.0,227.0,641.0,2563.0,4001.0,3986.0,4329.0,1233.0,578.0,268.0,604.0,292.0,966.0,2848.0,4092.0,4182.0,4378.0,2767.5,2023.5,1745.0,2011.5,1873.5,2564.0,3899.0,4590.5,4595.5,4802.5,1425.0,701.0,364.5,652.0,529.0,1156.5,2311.5,2786.5,3007.5,3087.0,2780.0,2234.5,1338.0,1547.0,1582.5,2154.5,2861.0,3240.5,2866.0,3526.0,2117.0,1292.0,506.5,821.5,920.5,1419.5,2139.5,2432.0,2634.5,2731.5,2234.0,1443.0,516.0,819.0,1156.0,1574.0,1954.0,2234.0,2402.0,2495.0,1511.0,1063.0,524.0,662.0,802.0,951.5,1023.5,1107.0,1256.0,1211.0,3797.0,2613.5,983.5,1345.5,1956.5,2269.0,2419.5,2587.0,2906.5,2968.0,2766.0,1801.0,1002.0,1356.0,2002.0,2282.0,2402.0,2630.0,2907.0,2918.0,3357.5,2239.0,942.0,1338.0,1925.5,2210.5,2324.5,2492.0,2764.0,2805.5,2247.0,1579.0,582.5,791.0,1127.0,1292.0,1343.5,1467.5,1589.5,1640.0,4135.0,3415.0,4091.0,4368.0,4393.0,4817.0,4529.0,4450.0,4615.0,4466.0,764.5,510.0,448.5,487.0,656.5,753.5,781.5,854.0,987.0,991.5,0.0,0.0,0.0,0.0,0.0,0.0,0.0,0.0,0.0,0.0,1038.0,1128.0,10852.0,10510.0,10450.0,10537.0,10199.0,9836.0,10158.0,9472.0,1459.5,1009.5,1506.0,1808.0,2064.0,2356.0,2346.0,2470.0,2531.0,2570.0,2918.0,2132.0,728.0,1025.0,1368.0,1652.0,1781.0,1934.0,2132.0,2171.0,2884.0,2150.0,836.0,1144.5,1444.0,1766.5,1899.0,2045.5,2244.5,2262.5,2732.0,1901.0,769.0,1129.0,1425.0,1777.0,1918.0,2073.0,2192.0,2254.0,4826.0,4386.5,1642.0,2176.5,2675.0,3098.0,3204.0,3363.0,3585.5,3573.0,"{""type"":""MultiPoint"",""coordinates"":[]}"
2929,5,2366.5,2141.5,1800.0,1894.0,2192.5,2395.5,2423.0,2503.0,2727.5,2682.5,3656.0,2538.0,1242.0,1473.0,1838.0,2159.0,2248.0,2472.0,2694.0,2733.0,1056.0,642.0,641.0,831.0,1051.5,1339.5,1484.5,1556.0,1755.0,1755.0,1273.0,745.0,805.0,991.0,1301.0,1566.0,1675.0,1800.0,2058.0,2034.0,4457.0,3520.0,1319.0,1708.0,2127.0,2508.0,2676.0,2913.0,3139.0,3177.0,3621.0,3185.0,1480.0,1744.0,2143.0,2391.0,2408.0,2574.0,2553.0,2714.0,0.0,0.0,0.0,0.0,0.0,0.0,0.0,0.0,0.0,0.0,5197.0,4664.0,2136.0,2675.5,3119.5,3619.0,3824.0,4042.0,4077.0,4294.5,4249.0,3522.0,1518.0,1974.5,2352.5,2796.5,3233.5,3442.0,3508.0,3667.5,3797.5,2856.0,1459.5,1917.0,2193.0,2753.5,3587.5,3912.0,3952.0,4076.5,2821.0,1579.0,829.0,1107.0,997.0,1549.0,2880.0,3343.0,3350.0,3497.0,1389.5,892.5,690.0,772.5,977.5,1070.5,1114.5,1197.5,1421.0,1340.0,3243.0,2143.0,826.0,1122.0,1037.0,1639.0,3595.0,4500.0,4393.0,4771.0,2372.0,1157.0,486.0,696.0,441.0,991.0,3616.0,4656.0,4667.0,4819.0,2154.5,936.0,317.5,507.5,276.5,750.0,3870.5,5293.5,5268.0,5583.0,2188.0,935.0,329.0,469.0,252.0,689.0,3757.0,5245.0,5110.0,5494.0,2159.0,943.0,281.0,506.0,277.0,744.0,3777.0,5203.0,5390.0,5512.0,2763.5,1840.0,1338.0,1413.0,1125.5,1745.0,4025.0,4982.5,4998.0,5282.0,2043.0,927.0,361.5,692.0,336.0,1218.0,3867.0,4686.0,4921.5,4952.5,2994.0,2421.0,3268.0,3304.0,3128.0,3421.0,3660.0,3801.0,4196.0,4012.0,2915.0,2074.0,467.0,675.0,969.0,1210.0,1393.0,1572.0,1804.0,1927.0,3929.0,2822.0,782.0,1074.0,1585.0,1889.0,2014.0,2242.0,2514.0,2664.0,2214.5,1503.0,805.5,1034.5,1415.5,1637.5,1726.0,1885.0,2077.0,2086.0,3341.0,2629.0,985.0,1113.0,1431.0,1641.0,1764.0,1877.0,2167.0,2134.0,625.0,310.0,488.0,497.0,550.0,628.0,604.0,683.0,896.0,723.0,2087.0,1377.5,649.5,869.0,1142.0,1347.5,1465.5,1580.0,1803.0,1797.5,3288.0,2543.0,964.0,1275.0,1565.0,1869.0,1980.0,2061.0,2278.0,2310.0,0.0,0.0,0.0,0.0,0.0,0.0,0.0,0.0,0.0,0.0,1892.0,1219.0,829.5,1007.5,1218.5,1457.5,1620.0,1728.0,1926.5,1956.0,3440.0,3168.0,2803.0,2738.0,2905.0,3101.0,3117.0,3187.0,3409.0,3295.0,1125.0,1110.0,7094.0,7293.0,7632.0,8305.0,7861.0,7819.0,7850.0,7442.0,1044.5,647.0,645.0,917.5,1220.0,1492.0,1549.0,1671.5,1822.0,1871.0,1611.0,981.0,578.0,763.0,1072.0,1305.0,1342.0,1507.0,1652.0,1750.0,958.0,580.0,535.0,701.0,940.0,1152.0,1235.0,1331.0,1510.0,1529.0,1303.0,737.0,626.0,756.0,1011.0,1243.0,1293.0,1422.0,1581.0,1645.0,3508.0,2634.0,1000.0,1292.0,1664.0,1966.0,2070.0,2216.0,2394.0,2419.0,"{""type"":""MultiPoint"",""coordinates"":[]}"
2955,2,1962.0,1376.0,504.0,703.5,836.0,1117.5,1676.0,1826.0,2028.5,1986.5,4081.5,3754.5,1145.5,1552.5,1905.5,2204.0,2646.0,2888.5,3091.5,3130.0,2225.5,1558.5,583.5,790.0,935.5,1258.5,1695.0,1850.5,1938.0,2012.0,2618.5,1958.0,758.5,973.0,1133.0,1490.5,1910.5,2114.5,2252.0,2301.5,0.0,0.0,0.0,0.0,0.0,0.0,0.0,0.0,0.0,0.0,3756.0,3255.5,1132.5,1486.5,1810.0,2218.5,2567.5,2816.0,2885.5,3044.0,0.0,0.0,0.0,0.0,0.0,0.0,0.0,0.0,0.0,0.0,4405.5,4005.5,1321.5,1749.0,2085.0,2503.0,2853.5,3098.5,3257.5,3336.0,0.0,0.0,0.0,0.0,0.0,0.0,0.0,0.0,0.0,0.0,3915.0,3008.5,1142.0,1431.5,1445.5,2047.5,3241.0,3563.5,3637.0,3851.5,0.0,0.0,0.0,0.0,0.0,0.0,0.0,0.0,0.0,0.0,2678.5,2259.5,689.0,925.5,1157.5,1498.5,1986.5,2177.5,2382.0,2332.0,2638.0,1301.5,449.5,720.0,440.0,1165.0,3938.5,4887.5,4790.0,4903.0,2561.5,1188.0,469.5,709.0,436.5,1194.5,4190.5,5447.0,5600.0,5770.5,0.0,0.0,0.0,0.0,0.0,0.0,0.0,0.0,0.0,0.0,2552.5,1176.0,471.5,694.5,432.5,1161.0,4344.0,5706.0,5603.5,5947.5,2272.5,1060.5,332.0,564.0,366.0,1014.0,3880.5,4917.5,5123.5,5162.5,0.0,0.0,0.0,0.0,0.0,0.0,0.0,0.0,0.0,0.0,2326.5,1286.0,367.5,553.5,440.5,1130.0,3006.5,3549.0,3826.5,3956.5,3518.0,2435.0,1093.0,1530.5,1581.5,2235.0,3316.5,3652.5,3723.5,3992.5,2634.5,1772.5,654.0,795.0,926.0,1425.0,2073.5,2349.5,2586.5,2706.0,2701.0,1907.0,818.0,962.5,1176.5,1487.0,1731.5,1941.5,2091.0,2324.5,0.0,0.0,0.0,0.0,0.0,0.0,0.0,0.0,0.0,0.0,2970.5,2145.0,528.5,720.0,948.0,1251.0,1520.5,1723.5,1988.5,2110.0,5094.0,4422.0,2618.0,2680.0,3082.0,3734.0,3996.0,4236.0,3686.0,4543.0,2136.5,1317.0,325.5,569.0,939.5,1287.0,1594.5,1893.0,2193.0,2297.0,1971.5,1186.0,331.5,604.5,822.0,1239.0,1803.0,2061.5,2347.5,2434.0,0.0,0.0,0.0,0.0,0.0,0.0,0.0,0.0,0.0,0.0,2384.0,1579.0,439.5,690.5,820.0,1232.5,1791.0,2053.0,2371.5,2370.5,0.0,0.0,0.0,0.0,0.0,0.0,0.0,0.0,0.0,0.0,893.0,1003.5,10471.0,10157.5,10155.5,10321.0,10010.0,9658.5,10049.0,9330.5,0.0,0.0,0.0,0.0,0.0,0.0,0.0,0.0,0.0,0.0,2374.0,1795.5,600.0,805.5,968.0,1370.0,2029.5,2265.5,2456.5,2443.0,2800.5,2200.5,709.5,1040.0,1206.5,1687.5,2166.5,2374.0,2637.0,2640.0,2148.0,1513.5,516.5,760.5,922.5,1391.5,1777.5,1924.5,2095.5,2115.5,3428.5,2781.5,1020.0,1298.5,1554.0,1936.0,2458.0,2765.0,2891.0,2980.5,"{""type"":""MultiPoint"",""coordinates"":[]}"
2957,1,2443.0,1456.0,461.0,764.5,816.0,1390.5,2088.0,2315.5,2725.5,2807.0,4620.5,4382.0,1354.5,1882.5,2479.0,2900.0,3069.0,3246.5,3446.5,3532.5,1743.5,1152.5,575.5,686.0,868.0,1058.0,1186.0,1297.0,1427.5,1350.0,2472.5,1634.0,736.5,1114.5,1281.0,1774.5,2026.5,2263.5,2432.5,2391.0,0.0,0.0,0.0,0.0,0.0,0.0,0.0,0.0,0.0,0.0,896.5,645.5,571.5,641.5,548.0,681.0,1161.0,1346.5,1306.5,1338.5,0.0,0.0,0.0,0.0,0.0,0.0,0.0,0.0,0.0,0.0,1801.5,865.5,237.5,437.0,221.0,620.5,2974.5,4501.5,4594.0,4673.5,954.5,520.5,404.5,453.5,286.5,478.0,1549.0,2330.0,2762.5,2326.0,1950.5,882.0,382.5,555.0,320.5,678.5,3138.0,4766.0,4776.5,5017.5,2048.5,902.0,574.0,692.0,427.0,802.0,3398.0,5410.5,5439.0,5684.0,2704.0,1780.0,553.0,825.5,926.0,1559.5,2151.0,2395.0,2770.0,2832.5,1940.0,819.0,407.0,608.5,335.5,760.0,3277.0,4988.0,4943.5,5279.5,2063.5,955.0,405.0,665.5,378.5,890.0,3196.0,4377.0,4531.0,4719.0,3149.0,1917.5,616.5,936.5,1053.5,1709.5,2680.5,3254.0,3355.0,3724.5,3077.0,2392.0,2152.5,2139.0,2103.0,2487.5,2769.0,2916.5,2904.0,3077.5,3868.0,2855.0,669.5,946.5,1378.0,1784.0,2016.5,2275.5,2469.5,2611.0,0.0,0.0,0.0,0.0,0.0,0.0,0.0,0.0,0.0,0.0,3947.5,3262.0,985.5,1334.0,1871.5,2194.5,2376.5,2597.5,2801.5,2914.0,3026.0,2151.0,746.5,1016.0,1305.5,1668.0,1866.5,2053.0,2118.5,2292.0,3377.5,2540.5,805.0,1146.5,1420.5,1837.5,2194.5,2399.5,2612.5,2639.5,3600.0,2795.0,848.0,1261.5,1436.0,1975.5,2575.5,2839.5,3047.5,3108.5,0.0,0.0,0.0,0.0,0.0,0.0,0.0,0.0,0.0,0.0,3565.5,2897.5,1031.0,1439.5,1904.0,2197.5,2412.5,2582.0,2881.5,2760.0,0.0,0.0,0.0,0.0,0.0,0.0,0.0,0.0,0.0,0.0,2680.0,1855.0,698.5,1054.0,1495.5,1853.5,2063.0,2191.0,2437.0,2490.0,4488.5,3844.5,2376.0,2678.5,2995.5,3459.0,3578.0,3794.5,3674.0,3978.5,0.0,0.0,0.0,0.0,0.0,0.0,0.0,0.0,0.0,0.0,2959.0,2166.5,881.5,1281.0,1685.5,2075.0,2189.0,2407.5,2647.0,2671.0,0.0,0.0,0.0,0.0,0.0,0.0,0.0,0.0,0.0,0.0,640.0,671.5,9821.5,9840.5,9965.0,10326.0,9951.0,9730.0,9983.5,9414.5,0.0,0.0,0.0,0.0,0.0,0.0,0.0,0.0,0.0,0.0,2968.5,1934.0,621.5,957.5,1100.0,1739.0,2440.0,2693.5,3026.5,2992.0,3423.0,2305.5,849.5,1215.0,1580.5,2121.5,2476.0,2684.0,3038.0,3087.5,2826.5,2093.5,1277.0,1495.5,1746.0,2159.5,2381.0,2534.5,2691.5,2833.0,704.0,425.5,518.0,503.0,490.5,560.5,634.5,708.0,762.5,799.5,"{""type"":""MultiPoint"",""coordinates"":[]}"
2976,5,80.5,65.5,115.5,141.5,139.0,243.0,152.5,129.0,138.5,120.0,4711.5,3822.0,786.0,1039.5,1358.5,1772.0,1966.0,2222.0,2370.5,2561.5,1838.0,973.5,437.5,511.0,650.0,920.5,1187.0,1348.5,1480.0,1621.5,4144.5,3176.0,719.5,878.5,1005.0,1394.0,1842.5,2029.5,2205.5,2396.0,4129.0,3146.5,586.5,787.5,1020.5,1487.0,1790.0,2130.5,2216.0,2405.0,0.0,0.0,0.0,0.0,0.0,0.0,0.0,0.0,0.0,0.0,0.0,0.0,0.0,0.0,0.0,0.0,0.0,0.0,0.0,0.0,5717.0,5112.0,1512.0,1858.0,2261.5,2743.5,2919.0,3153.0,3291.5,3577.0,5755.0,5175.5,1542.5,1901.5,2275.0,2738.5,3088.0,3478.0,3596.0,3853.0,5021.0,4321.0,1241.0,1619.5,1863.0,2419.5,3040.5,3368.0,3393.5,3748.0,3693.5,2587.0,918.0,1243.5,1184.0,1829.0,3235.0,3687.5,3744.5,3986.0,136.0,117.0,113.5,181.5,181.0,306.5,213.0,220.0,201.0,124.5,2748.0,1418.5,459.5,699.0,395.0,1094.0,3890.0,4955.0,4740.0,5222.5,2591.0,1213.0,531.0,726.5,392.5,1016.5,4242.5,5561.5,5514.5,5773.0,2568.0,1164.0,331.0,564.5,265.5,861.5,4209.5,5663.0,5570.0,5936.0,2469.5,1081.5,354.5,533.5,274.5,813.5,4237.5,5708.5,5565.0,6045.0,2392.0,1080.0,242.5,486.5,258.0,815.5,4004.5,5176.0,5304.0,5566.5,1721.0,775.5,254.0,442.5,238.5,722.5,2859.5,3715.5,3725.5,3875.5,2406.5,1172.5,329.0,732.5,368.0,1276.0,3625.0,4305.0,4392.5,4749.5,2363.5,1419.0,481.0,877.0,686.0,1507.5,2255.0,2469.0,2606.5,2822.0,3114.5,2279.0,404.5,663.5,791.5,1243.5,1585.5,1777.0,1951.0,2136.5,3115.0,2282.0,410.0,623.5,836.5,1119.5,1378.0,1563.5,1742.5,1913.0,1786.5,1471.0,1803.0,1731.5,1700.5,1830.5,1787.0,1797.0,1876.0,1782.0,3719.5,2954.5,792.5,1038.0,1420.0,1680.0,1796.0,1966.5,2206.0,2233.0,154.0,118.0,664.5,902.0,994.0,1178.5,850.0,886.5,795.5,622.5,188.5,110.0,216.0,501.5,381.0,756.5,584.0,594.0,557.0,422.5,180.5,143.0,380.0,662.5,636.5,977.5,747.0,737.5,635.5,462.0,947.0,924.0,1038.0,967.0,908.0,1105.0,1081.0,1145.5,1052.0,1030.5,99.5,71.0,404.5,641.0,484.5,877.5,717.5,651.0,589.0,424.5,0.0,0.0,0.0,0.0,0.0,0.0,0.0,0.0,0.0,0.0,506.0,556.0,12726.0,11904.0,11342.0,11235.5,10758.0,10073.0,10428.0,9515.5,189.0,163.0,5600.5,5655.0,5786.0,6557.5,5854.5,5752.5,5471.5,5145.0,757.5,438.5,249.5,375.5,475.0,752.0,870.5,1004.0,1131.0,1165.0,3730.0,2797.5,655.5,907.0,1196.5,1581.5,1825.0,1979.0,2238.5,2245.0,1441.5,899.5,349.0,461.0,617.0,929.5,1034.5,1180.5,1337.0,1386.0,1860.5,1083.0,392.5,504.0,684.5,941.0,1111.5,1259.0,1405.0,1523.0,"{""type"":""MultiPoint"",""coordinates"":[]}"
3001,3,96.5,74.0,673.0,854.5,862.0,1072.0,863.5,862.0,888.5,695.5,3229.5,2902.0,1057.5,1330.0,1608.5,1837.5,1919.5,2038.5,2154.5,2256.5,1517.5,973.5,583.5,715.0,793.5,995.0,1061.5,1153.5,1245.5,1273.0,1886.0,1182.0,1086.0,1197.0,1238.5,1506.5,1594.5,1730.0,1929.0,1798.0,3538.0,3231.5,1258.0,1534.5,1832.0,2057.5,2175.5,2310.0,2502.0,2498.0,2608.5,2679.5,967.5,1057.0,1235.0,1658.5,2021.0,2223.5,1367.5,2397.5,0.0,0.0,0.0,0.0,0.0,0.0,0.0,0.0,0.0,0.0,1076.0,661.5,742.5,1012.0,773.0,1282.0,2050.0,2239.5,2211.5,2122.5,1105.5,633.0,335.0,549.0,306.0,768.0,2063.0,2546.0,2508.0,2418.0,1172.0,540.5,291.5,490.5,234.0,663.0,2434.5,3327.5,3275.0,3311.5,1124.0,509.0,776.5,780.0,516.5,786.0,2402.5,3557.0,3456.5,3636.5,135.0,122.5,583.5,802.0,863.5,1065.5,915.0,951.5,969.5,806.0,993.5,430.5,335.0,441.5,246.5,618.5,2256.5,3444.0,3316.0,3562.0,1046.5,499.0,448.0,569.5,334.5,769.5,2268.0,3241.0,3256.0,3370.5,1150.0,525.5,352.5,647.5,358.0,1067.5,2767.0,3549.5,3503.0,3691.5,1624.0,864.5,529.5,932.0,787.0,1598.5,2867.0,3317.5,3279.5,3590.0,1758.5,960.0,525.5,891.5,834.5,1585.0,2626.0,3011.5,3166.0,3302.0,1481.5,764.0,1512.0,1331.0,990.5,1411.0,1884.0,2092.5,3061.5,2311.0,3205.5,2209.0,904.5,1322.5,1754.0,2375.5,2695.5,2984.0,3084.5,3313.5,2532.0,1630.0,1643.5,1745.5,1882.0,2214.0,2439.5,2579.0,2916.0,2775.0,3457.0,2357.0,878.5,1201.0,1555.5,2002.0,2498.5,2734.0,2961.5,3059.5,3403.5,2177.0,783.0,1096.0,1419.5,1869.0,2337.5,2538.0,2730.5,2879.5,42.0,28.0,480.5,718.5,768.0,1047.5,829.5,837.0,819.0,667.5,3695.5,2609.5,1004.5,1360.0,1881.5,2181.5,2456.5,2692.5,3043.5,2989.0,0.0,0.0,0.0,0.0,0.0,0.0,0.0,0.0,0.0,0.0,1244.5,778.0,357.5,541.0,800.0,960.5,1066.0,1167.5,1346.5,1343.0,2398.0,1904.0,609.5,844.5,1176.0,1331.0,1442.0,1574.5,1722.5,1760.5,2620.0,2154.5,2269.5,2212.5,2320.0,2500.0,2448.5,2488.5,2517.0,2546.0,1598.5,1192.0,1824.0,1786.0,1866.5,1997.5,1985.5,2055.5,2325.0,2127.0,0.0,0.0,0.0,0.0,0.0,0.0,0.0,0.0,0.0,0.0,1007.5,1092.0,10322.0,10098.0,10052.0,10165.5,9863.5,9471.0,9922.0,9159.0,86.0,76.0,2027.0,2154.5,2032.0,2258.0,1778.0,1549.5,1429.5,1166.5,1855.0,1196.5,637.5,835.5,921.5,1213.0,1361.5,1411.5,1591.5,1613.0,1975.0,1389.5,662.5,826.0,950.5,1146.5,1276.0,1374.5,1512.5,1530.0,1799.0,1208.5,621.5,764.5,855.0,1093.5,1176.0,1292.0,1427.5,1420.0,3287.5,3006.5,1088.0,1349.0,1599.5,1815.0,1905.0,2034.0,2165.0,2183.0,"{""type"":""MultiPoint"",""coordinates"":[]}"
3004,3,2278.0,1538.0,778.0,1017.0,1337.0,1587.0,1702.0,1839.0,2072.0,2034.0,4616.0,4103.0,1692.0,2146.0,2693.0,2977.0,3126.0,3291.0,3566.0,3546.0,1627.0,1158.5,806.5,1152.5,1345.5,1800.0,1918.5,2052.0,2196.5,2208.0,2629.5,1776.0,1452.5,1742.5,1872.5,2365.0,2525.0,2670.5,2798.5,2884.0,6882.0,6507.0,2985.0,3759.0,4426.0,4985.0,5075.0,5276.0,5632.0,5547.0,6593.0,6339.0,2757.0,3456.0,3918.0,4575.0,4855.0,5081.0,5072.0,5284.0,0.0,0.0,0.0,0.0,0.0,0.0,0.0,0.0,0.0,0.0,2446.0,1620.5,532.5,824.5,723.5,1286.5,2080.0,2398.5,2335.0,2722.0,2443.0,1198.0,232.0,577.0,297.0,898.0,3744.0,4874.0,4641.0,4924.0,2102.0,988.5,328.0,557.0,242.5,819.5,3652.5,5346.5,5249.0,5459.0,2435.0,1405.0,2011.5,1991.0,1690.5,2104.5,3813.0,5046.0,4931.0,5137.5,2697.0,1924.0,967.0,1244.5,1586.0,1794.5,1897.0,1967.5,2331.0,2167.0,1811.0,737.0,353.0,455.0,222.0,579.0,3121.0,5345.0,5285.0,5590.0,1711.0,747.5,476.5,657.0,357.5,879.0,3367.0,5473.0,5488.0,5794.0,1672.0,763.0,389.0,751.5,371.0,1172.5,3397.0,4582.5,4633.5,4921.0,1981.5,966.0,542.5,865.5,500.5,1329.0,3594.5,4765.5,4702.5,5176.0,1979.0,1004.0,507.0,909.0,593.0,1456.0,3464.0,4362.0,4567.0,4818.0,1853.0,947.5,544.0,1002.0,747.0,1787.5,3188.5,3753.5,3838.5,4188.5,2445.5,1370.5,750.0,1292.5,1224.0,2295.5,3304.5,3750.0,3887.0,4214.5,2386.0,1689.0,748.0,1007.0,1322.0,1718.0,1961.0,2105.0,2156.0,2331.0,3038.0,2076.0,766.0,1073.0,1393.0,1823.0,2166.0,2389.0,2615.0,2659.0,1560.0,957.0,546.0,731.0,1010.0,1346.0,1695.0,1816.0,2056.0,2091.0,3421.0,2947.0,1007.0,1407.0,1780.0,2056.0,2204.0,2307.0,2556.0,2548.0,2774.0,1909.0,702.0,951.0,1257.0,1597.0,1834.0,1994.0,2327.0,2300.0,4062.0,4043.0,3321.0,3339.0,3519.0,3747.0,3880.0,3888.0,4308.0,4109.0,1882.5,1172.5,566.0,803.5,1232.0,1480.0,1657.0,1792.0,2078.0,2128.5,2345.5,1569.0,649.0,912.5,1385.0,1619.0,1769.0,1914.5,2181.5,2251.5,0.0,0.0,0.0,0.0,0.0,0.0,0.0,0.0,0.0,0.0,3332.0,2889.0,3701.5,3457.5,3541.0,3753.5,3662.5,3685.5,4055.5,3753.5,2827.0,2344.5,1528.5,1780.0,2104.5,2366.5,2456.0,2580.5,2853.5,2764.5,998.0,1088.0,10236.0,10030.0,10050.0,10228.0,9928.0,9531.0,9866.0,9282.0,1381.0,992.0,764.5,1052.5,1329.0,1593.0,1621.0,1724.5,1845.5,1850.5,2897.0,2236.0,917.0,1272.0,1590.0,1887.0,1981.0,2074.0,2303.0,2296.0,2497.5,1851.5,952.5,1289.5,1639.5,1888.0,2019.0,2164.0,2359.5,2337.0,2943.0,2255.0,1015.0,1427.0,1769.0,2073.0,2200.0,2289.0,2462.0,2480.0,5594.0,5326.0,2812.0,3436.0,4096.0,4533.0,4590.0,4744.0,4882.0,4907.0,"{""type"":""MultiPoint"",""coordinates"":[]}"
3043,5,240.0,165.0,188.0,221.0,253.0,334.0,291.0,305.0,300.0,228.0,4372.0,3725.0,1339.5,1832.0,2314.5,2668.0,2730.5,2871.0,2971.5,3114.5,1672.5,973.0,610.5,867.5,1150.0,1388.5,1401.5,1524.0,1660.5,1683.5,1965.0,1234.0,1369.0,1153.0,1284.0,1593.0,1687.0,1815.0,1928.0,1986.0,5109.0,4600.0,1564.0,2165.0,2743.0,3193.0,3270.0,3429.0,3687.0,3674.0,4826.0,3476.0,2011.0,2414.0,2867.0,3304.0,3764.0,3986.0,4203.0,4238.0,0.0,0.0,0.0,0.0,0.0,0.0,0.0,0.0,0.0,0.0,4932.0,4379.5,2532.5,2961.5,3172.0,3820.0,4256.5,4484.0,4380.5,4633.0,3891.0,3132.5,1370.5,1830.5,2093.0,2634.0,3178.0,3439.5,3322.5,3663.5,2964.0,1817.0,757.5,1058.5,1154.0,1682.5,2282.5,2493.0,2527.0,2742.5,3077.5,2527.5,2466.5,2492.5,2419.0,2935.5,3842.5,4263.0,3762.5,4407.0,317.0,275.0,311.0,386.0,429.0,466.0,401.0,489.0,556.0,449.0,3015.0,1670.0,533.0,770.0,667.0,1239.0,3172.0,3931.0,3718.0,4191.0,1553.5,810.0,448.5,590.5,457.5,825.0,2547.5,3441.0,3262.0,3571.5,2048.0,1008.0,401.0,513.0,343.0,708.0,2946.0,3958.0,3844.0,4237.0,2309.5,1204.5,457.0,604.0,428.5,791.5,3243.0,4214.5,4108.5,4563.5,2262.0,1247.0,363.0,628.0,468.0,943.0,2845.0,3604.0,3480.0,3930.0,2151.0,1105.0,414.5,742.0,592.0,1350.5,2895.0,3342.5,3224.5,3649.5,2422.5,1460.5,442.5,751.0,685.5,1368.0,2309.5,2580.0,2634.0,2848.5,1583.0,922.0,452.0,582.5,657.5,976.0,1214.5,1357.0,1406.5,1577.0,1689.0,1046.0,413.0,609.0,725.0,1002.0,1180.0,1322.0,1522.0,1465.0,2660.0,1777.0,572.0,793.0,1019.0,1340.5,1506.0,1644.5,1836.5,1937.0,1012.0,963.5,692.5,743.5,806.0,900.0,930.0,980.0,990.0,1051.0,1648.0,1004.0,507.0,677.0,826.0,1014.0,1162.0,1311.0,1436.0,1533.0,127.0,92.0,250.0,380.0,396.0,647.0,413.0,317.0,403.0,163.0,172.0,146.0,109.0,271.0,386.5,484.0,357.0,508.5,520.0,449.0,270.5,183.5,211.0,383.0,492.5,583.5,485.5,549.0,656.5,540.0,0.0,0.0,0.0,0.0,0.0,0.0,0.0,0.0,0.0,0.0,603.0,453.5,549.5,632.5,646.0,788.0,805.0,835.5,908.0,751.5,0.0,0.0,0.0,0.0,0.0,0.0,0.0,0.0,0.0,0.0,1100.0,1185.0,10826.0,10438.0,10328.0,10483.0,10076.0,9739.0,10110.0,9289.0,2435.5,2556.5,2993.0,3207.5,3373.0,3823.5,3526.5,3470.5,2988.0,3410.0,826.0,486.0,400.0,543.0,646.0,823.0,844.0,907.0,932.0,990.0,1514.5,995.5,667.0,824.0,949.5,1183.0,1244.5,1330.0,1380.5,1404.5,1398.0,864.5,491.0,704.0,887.0,1075.0,1126.0,1214.5,1312.0,1318.0,2409.0,1662.0,781.0,1103.0,1385.0,1545.0,1636.0,1771.0,1900.0,1910.0,"{""type"":""MultiPoint"",""coordinates"":[]}"
3061,5,743.0,458.0,938.0,1056.0,1091.0,1163.0,1180.0,1224.0,1326.0,1246.0,3179.0,2633.5,853.0,1156.0,1494.0,1725.0,1883.5,2044.0,2129.5,2242.5,1437.0,802.0,689.0,858.0,1056.0,1256.0,1360.0,1486.0,1589.0,1618.0,2301.5,1784.0,722.0,924.5,1180.5,1376.5,1460.0,1603.0,1670.0,1697.0,2302.0,1671.0,596.0,841.0,1103.0,1326.0,1481.0,1567.0,1728.0,1685.0,3644.5,2920.0,1068.0,1362.0,1626.0,2072.0,2625.0,2947.0,2726.0,3123.5,0.0,0.0,0.0,0.0,0.0,0.0,0.0,0.0,0.0,0.0,1434.0,756.0,786.0,1101.0,1061.0,1447.0,1487.0,1630.0,1643.0,1771.0,3077.5,2298.0,1111.0,1442.5,1718.5,2029.0,2113.5,2232.5,2269.0,2422.5,3689.0,3227.0,1156.0,1544.0,1957.0,2230.0,2320.0,2443.0,2434.0,2570.0,3580.0,3118.0,1158.0,1463.0,1843.0,2148.0,2219.0,2401.0,2385.0,2510.0,1072.0,659.5,539.5,744.0,1033.5,1259.0,1317.0,1425.0,1550.0,1564.5,1107.0,582.0,995.0,868.0,758.0,893.0,736.0,805.0,1186.0,736.0,1602.5,1009.0,964.5,1012.0,958.5,1184.0,1393.0,1519.0,1426.0,1566.0,2075.5,1592.0,646.0,789.5,984.5,1128.0,1196.0,1302.0,1249.5,1414.0,3602.0,3290.5,3472.0,3355.0,3210.5,3645.0,4011.5,4144.5,3812.5,4249.5,2095.5,1583.5,544.5,741.0,935.5,1080.0,1165.0,1310.5,1286.5,1364.5,2383.0,1860.0,681.0,895.0,1151.0,1322.0,1427.0,1588.0,1580.0,1652.0,1821.5,1303.5,534.5,696.0,894.0,1016.0,1181.0,1287.5,1332.0,1401.5,1876.0,1311.0,446.0,619.0,762.0,962.0,1241.0,1318.0,1306.0,1453.0,1955.5,1403.0,541.0,681.5,837.5,1032.0,1329.5,1493.5,1518.5,1568.0,1843.0,1358.0,436.0,614.0,777.0,1004.0,1278.0,1388.0,1407.0,1507.0,1350.5,961.0,863.0,1031.0,1260.0,1429.5,1472.0,1557.5,1670.0,1655.5,1978.0,1414.0,450.0,646.0,833.0,1046.0,1313.0,1455.0,1507.0,1559.0,1940.0,1458.0,471.0,627.0,822.0,1009.0,1203.0,1328.0,1389.0,1445.0,1650.0,1093.5,349.0,546.5,774.5,918.0,1026.5,1134.0,1297.5,1285.0,2010.0,1529.0,476.0,638.0,826.0,1018.0,1055.0,1202.0,1232.0,1305.0,2153.0,1578.0,1937.0,1801.0,1768.0,1951.0,1920.0,1897.0,2220.0,1844.0,1490.5,853.5,553.0,684.5,838.5,943.5,975.5,1034.0,1260.5,1071.5,0.0,0.0,0.0,0.0,0.0,0.0,0.0,0.0,0.0,0.0,68.0,85.0,10878.0,10605.0,10351.0,10407.0,9880.0,9079.0,9234.0,8262.0,222.0,211.0,8436.0,8492.0,8562.0,8799.0,8321.0,7814.0,8034.0,7304.0,886.0,514.5,655.5,893.0,1093.0,1288.0,1313.0,1417.0,1509.5,1457.0,3247.0,2782.5,974.5,1310.0,1678.0,1918.0,2033.0,2164.0,2294.0,2332.5,1962.0,1245.0,636.0,867.0,1120.0,1297.0,1420.0,1521.0,1694.0,1689.0,1187.0,711.0,683.0,907.0,1103.0,1298.0,1384.0,1495.0,1581.0,1610.0,"{""type"":""MultiPoint"",""coordinates"":[]}"
3080,5,1823.0,1210.0,605.0,954.0,1396.0,1599.0,1734.0,1782.0,1970.0,1906.0,4089.0,4133.0,1173.0,1684.0,2280.0,2707.0,3039.0,3146.0,3345.0,3337.0,4089.0,4133.0,956.0,1375.0,2008.0,2243.0,2477.0,2636.0,2821.0,2887.0,3322.0,2887.0,1102.0,1580.0,2145.0,2506.0,2547.0,2827.0,2929.0,2875.0,2724.0,2110.0,789.0,1119.0,1461.0,1781.0,1999.0,2140.0,2258.0,2298.0,0.0,0.0,0.0,0.0,0.0,0.0,0.0,0.0,0.0,0.0,2514.0,1584.0,715.0,1044.0,1028.0,1609.0,2301.0,2552.0,2521.0,2738.0,4820.0,4219.0,1178.0,1688.0,2308.5,2851.0,3114.0,3354.0,3429.5,3705.5,4802.0,4235.0,1056.0,1514.0,1779.0,2592.0,3089.0,3475.0,3438.0,3879.0,4825.0,4235.0,1072.0,1514.0,1925.0,2592.0,2928.0,3243.0,3327.0,3626.0,3010.0,2035.0,1048.0,1053.0,1279.0,1754.0,2190.0,2502.0,2490.0,2794.0,2551.0,1931.0,875.0,1307.0,1781.0,1908.0,2069.0,2142.0,2424.0,2369.0,2924.5,1781.0,885.0,1089.5,1089.5,1643.5,2258.5,2535.0,2534.0,2773.0,3027.0,2244.0,623.0,901.0,990.0,1433.0,2424.0,2753.0,2766.0,3007.0,2687.0,1823.0,788.0,871.0,751.0,1204.0,2635.0,3306.0,3459.0,3631.0,3066.5,2004.0,580.5,781.5,738.0,1205.0,3142.5,4020.5,3884.0,4329.0,3000.0,1896.0,456.0,740.0,711.0,1174.0,3044.0,3782.0,3741.0,4249.0,2626.0,1681.0,380.0,650.0,597.0,1065.0,2886.0,3702.0,3647.0,3906.0,2580.0,1694.0,488.0,684.0,675.0,1233.0,2345.0,2677.0,2804.0,3126.0,2825.0,2071.5,563.5,826.0,913.0,1346.5,2042.5,2289.5,2423.0,2664.0,2613.0,1962.0,526.0,739.0,851.0,1178.0,1584.0,1751.0,1836.0,2047.0,3148.0,2406.5,618.0,867.5,1104.5,1432.0,1740.5,1895.0,2074.0,2204.5,2919.0,2365.5,900.5,1312.0,1766.5,1987.5,2166.0,2218.0,2476.0,2397.5,3141.0,2482.0,654.0,902.0,1178.0,1431.0,1602.0,1787.0,2002.0,2013.0,3141.0,2482.0,654.0,884.0,1161.0,1431.0,1602.0,1787.0,2002.0,2013.0,2199.5,1694.0,765.5,828.0,936.5,1093.0,1188.0,1311.0,1428.5,1433.5,3294.0,2533.5,604.5,876.0,1197.0,1456.5,1624.0,1779.5,2004.0,2064.0,3188.0,2428.0,579.0,873.0,1188.0,1439.0,1738.0,1918.0,2145.0,2167.0,2838.0,2112.0,649.0,876.0,1058.0,1432.0,1778.0,1963.0,2097.0,2139.0,4080.0,3800.0,1359.0,2000.0,2623.0,2856.0,3015.0,3103.0,3514.0,3171.0,613.0,645.0,9060.0,9156.0,9448.0,9594.0,9300.0,8904.0,9226.0,8686.0,873.5,680.0,5888.0,6023.5,6343.5,6519.0,6309.0,6065.0,6369.0,6020.5,2744.0,2102.0,988.0,1437.0,1912.0,2147.0,2272.0,2330.0,2576.0,2465.0,3137.0,2637.0,1106.0,1572.0,2045.0,2288.0,2418.0,2538.0,2883.0,2744.0,2568.0,1916.0,963.0,1379.0,1753.0,2118.0,2422.0,2507.0,2541.0,2637.0,5214.0,5094.0,1690.0,2347.0,3090.0,3569.0,3835.0,4059.0,4289.0,4211.0,"{""type"":""MultiPoint"",""coordinates"":[]}"
3101,5,2290.0,1558.0,731.0,934.0,1340.0,1725.0,1869.0,2057.0,2255.0,2348.0,5003.0,4366.0,1468.0,2049.0,2580.0,3010.0,3502.0,3676.0,3870.0,4039.0,2965.0,2052.0,806.0,1137.0,1397.0,1863.0,2359.0,2688.0,2822.0,2887.0,4406.0,3719.5,1250.5,1812.5,2003.0,2622.5,3443.0,3728.5,4013.0,4047.0,3492.0,2513.0,804.0,1302.0,1406.0,2027.0,3020.0,3307.0,3513.0,3480.0,1044.0,843.0,594.0,633.0,631.0,754.0,949.0,1087.0,1066.0,1087.0,3434.0,2246.0,751.0,1184.0,1248.0,1920.0,3011.0,3605.0,3627.0,3671.0,4644.0,4109.0,1364.0,1905.0,2195.0,2825.0,3261.0,3569.0,3732.0,3840.0,4341.0,3707.0,1218.0,1701.0,2081.5,2696.5,3179.0,3477.5,3567.0,3777.0,4971.0,4220.0,1330.0,1909.5,2412.5,3072.0,3385.5,3671.0,3731.5,4003.0,3211.0,2054.0,823.0,1204.0,1327.0,1813.0,2419.0,2605.0,2748.0,2995.0,3203.0,2490.0,951.0,1311.0,1736.0,2009.0,2161.0,2306.0,2587.0,2532.0,3166.0,1870.0,773.0,1143.0,1015.0,1669.0,2960.0,3556.0,3365.0,3734.0,3839.0,2760.0,941.0,1329.0,1399.0,1942.0,3216.0,3702.0,3867.0,4091.0,4054.0,2995.0,1101.0,1508.0,1671.0,1992.0,3468.0,4107.0,4085.0,4353.0,2697.5,1627.0,712.5,984.0,860.5,1356.5,3106.0,3861.5,3694.5,4113.5,3170.0,2122.0,795.0,1221.0,1260.0,1714.0,3253.0,3801.0,4043.0,4177.0,3276.5,2140.5,856.5,1246.5,1277.5,1794.0,3291.0,3820.0,3943.5,4297.0,3163.5,2063.5,706.5,1106.5,1112.5,1738.5,2943.5,3289.0,3525.5,3667.0,2844.0,1856.0,624.0,926.0,954.0,1538.0,2382.0,2634.0,2777.0,2822.0,3291.5,2296.0,639.0,998.5,1096.5,1658.5,2559.0,2921.5,3190.0,3241.0,3333.0,2239.0,637.0,1024.0,1154.0,1755.0,2618.0,2986.0,3329.0,3313.0,4107.5,3462.0,2401.5,2591.5,2856.5,3116.0,3341.5,3465.0,3806.5,3643.5,2937.5,1970.5,669.0,1005.0,1085.0,1636.5,2502.0,2727.5,2993.0,3096.5,2914.0,1955.0,624.0,971.0,1140.0,1809.0,2487.0,2763.0,3001.0,3007.0,2684.5,1690.0,546.0,905.5,1152.0,1617.0,2202.0,2365.0,2687.5,2745.5,3046.5,2091.0,681.5,1057.5,1379.5,1817.0,2312.5,2553.0,2793.5,2808.0,0.0,0.0,0.0,0.0,0.0,0.0,0.0,0.0,0.0,0.0,2679.0,1827.0,705.0,1045.0,1299.0,1748.0,2146.0,2380.0,2690.0,2601.0,0.0,0.0,0.0,0.0,0.0,0.0,0.0,0.0,0.0,0.0,671.0,740.0,10480.0,10322.0,10254.0,10387.0,10020.0,9578.0,9954.0,9199.0,2694.5,2429.0,4934.5,4992.5,5103.0,5302.0,4959.5,5260.5,5394.5,4951.0,3110.5,2274.0,766.5,1146.5,1512.5,1827.5,1997.0,2174.0,2419.5,2407.5,3906.0,3122.0,1122.0,1549.0,1960.0,2284.0,2508.0,2586.0,2965.0,2946.0,2967.0,2135.0,736.0,1086.0,1478.0,1781.0,1980.0,2161.0,2328.0,2412.0,2938.0,2162.0,794.0,1124.0,1481.0,1790.0,2148.0,2302.0,2475.0,2534.0,"{""type"":""MultiPoint"",""coordinates"":[]}"
3110,5,1621.0,1046.0,662.0,856.0,1177.0,1418.0,1500.0,1679.0,1921.0,1906.0,4007.5,3124.5,1350.0,1792.0,2248.0,2664.0,2849.5,3029.5,3189.5,3252.0,2121.5,1297.0,776.5,1108.0,1468.0,1897.5,2080.5,2237.5,2407.0,2498.0,2028.5,1230.5,1179.0,1467.0,1774.0,2227.5,2324.0,2473.5,2640.5,2667.0,4140.0,3272.0,1447.0,1911.0,2401.0,2814.0,3010.0,3169.0,3475.0,3434.0,5645.0,5442.0,1874.0,2354.0,2977.0,3351.0,3456.0,3654.0,3752.0,4019.0,4137.0,3564.0,2465.0,2814.0,3166.0,3731.0,3837.0,3906.0,3501.0,4000.0,6037.0,5656.0,2215.5,2888.0,3428.5,4047.5,4292.0,4572.0,4622.0,4818.5,5551.0,4986.0,2176.0,2864.0,3400.0,3900.0,4295.0,4533.0,4772.0,4746.0,4913.0,4022.0,1479.0,1981.0,2224.0,2922.0,4228.0,4644.0,4655.0,4921.0,1386.5,688.0,731.0,792.0,547.0,859.0,2109.0,2570.5,2636.5,2519.0,3053.0,2225.0,866.0,1147.0,1531.0,1738.0,1857.0,2007.0,2256.0,2263.0,2643.5,1326.5,608.5,772.5,506.0,1091.5,4094.0,5378.0,5234.0,5679.0,2249.0,1081.5,432.5,585.0,379.0,837.0,3638.5,5062.0,5100.0,5362.5,2017.5,966.5,338.0,508.0,346.0,766.0,3263.0,4530.0,4487.0,4929.5,2053.0,911.0,336.0,534.0,309.0,765.0,2950.0,4024.0,3915.0,4365.0,1928.0,926.0,227.0,550.0,303.0,890.0,3082.0,3953.0,4119.0,4276.0,1379.5,674.0,335.0,585.0,368.5,869.5,2362.5,2808.5,2882.5,3064.5,2552.0,1729.0,479.0,867.0,853.0,1489.0,1978.0,2258.0,2360.0,2611.0,2735.0,2163.0,621.5,754.0,920.5,1151.0,1278.5,1387.0,1468.0,1595.0,3155.0,2631.0,581.0,764.0,994.0,1175.0,1314.0,1432.0,1586.0,1696.0,3444.0,2808.0,697.0,884.0,1183.5,1398.0,1477.0,1646.5,1819.0,1893.5,960.0,665.0,615.0,708.0,874.0,999.0,1050.0,1081.0,1285.0,1189.0,3225.0,2540.0,775.0,936.0,1230.0,1366.0,1497.0,1611.0,1826.0,1814.0,2056.0,1345.0,671.0,733.0,932.0,1122.0,1185.0,1349.0,1480.0,1525.0,2789.5,2059.5,657.5,863.0,1137.0,1317.0,1416.5,1575.5,1744.5,1752.5,2811.0,2142.0,743.0,956.0,1215.0,1391.0,1445.0,1584.0,1782.0,1808.0,0.0,0.0,0.0,0.0,0.0,0.0,0.0,0.0,0.0,0.0,2179.0,1631.0,883.5,966.5,1092.0,1255.5,1393.0,1472.0,1632.5,1584.0,0.0,0.0,0.0,0.0,0.0,0.0,0.0,0.0,0.0,0.0,1098.0,1200.0,10918.0,10504.0,10374.0,10440.0,10077.0,9681.0,10134.0,9342.0,1084.0,680.5,1194.0,1433.0,1740.5,1927.5,1932.0,2126.0,2248.5,2237.0,2523.0,1773.0,801.0,1144.0,1565.0,1818.0,1957.0,2091.0,2378.0,2300.0,2600.0,1909.5,1085.0,1361.0,1736.5,2008.0,2127.0,2274.0,2544.0,2516.5,2227.0,1480.0,782.0,1109.0,1494.0,1863.0,1970.0,2094.0,2258.0,2362.0,2778.0,1809.0,1247.0,1659.0,2115.0,2409.0,2516.0,2739.0,3006.0,2909.0,"{""type"":""MultiPoint"",""coordinates"":[]}"
3125,5,1433.0,893.0,478.0,717.5,1070.5,1275.0,1383.5,1497.5,1659.5,1717.5,3279.5,2416.0,816.0,1148.5,1525.0,1875.5,2023.5,2207.5,2328.5,2468.0,0.0,0.0,0.0,0.0,0.0,0.0,0.0,0.0,0.0,0.0,3336.5,2551.0,837.0,1153.5,1496.5,1879.5,2094.0,2282.5,2434.0,2515.0,3221.0,2388.5,812.0,1153.5,1498.5,1874.0,2134.5,2314.0,2515.0,2562.0,0.0,0.0,0.0,0.0,0.0,0.0,0.0,0.0,0.0,0.0,0.0,0.0,0.0,0.0,0.0,0.0,0.0,0.0,0.0,0.0,4111.0,3608.0,1133.5,1527.0,2045.5,2397.5,2477.0,2692.0,2690.0,2947.0,2591.0,2281.0,850.0,1068.5,1373.0,1540.0,1642.0,1764.5,1840.0,1920.5,5956.0,5346.5,1824.0,2330.5,2834.0,3445.5,4099.0,4500.0,4518.5,4869.5,0.0,0.0,0.0,0.0,0.0,0.0,0.0,0.0,0.0,0.0,2272.0,1638.5,585.0,835.5,1193.5,1396.0,1502.0,1637.0,1829.5,1851.0,3806.5,2483.5,718.0,1101.0,977.0,1694.0,4234.0,5118.0,4931.5,5409.0,0.0,0.0,0.0,0.0,0.0,0.0,0.0,0.0,0.0,0.0,2862.5,1270.5,355.5,547.5,274.5,831.0,4663.5,6486.5,6273.5,6765.5,2318.5,966.5,219.0,366.5,186.0,617.0,3988.5,5787.0,5511.5,5979.0,2018.0,826.5,182.0,339.5,186.0,560.5,3736.0,5346.0,5194.0,5604.0,2087.0,902.5,363.0,527.0,275.0,815.0,3894.5,5332.0,5230.0,5593.0,1952.0,863.5,312.5,645.0,324.0,1170.5,3901.5,4757.5,4694.5,4994.0,0.0,0.0,0.0,0.0,0.0,0.0,0.0,0.0,0.0,0.0,3068.5,2135.0,1939.5,2077.0,2105.0,2443.5,2538.5,2685.5,3079.5,2908.5,2807.5,2047.5,555.5,779.0,1093.5,1397.0,1562.0,1751.5,1912.0,2054.0,3138.0,2776.5,1759.0,1810.0,2022.5,2209.0,2281.0,2406.0,2569.5,2597.0,2967.5,2125.5,762.5,1027.5,1414.5,1716.0,1872.5,2036.5,2244.0,2323.0,3406.5,2537.0,1041.0,1320.0,1757.5,2097.0,2207.0,2357.0,2508.0,2596.5,3030.0,2161.5,914.0,1219.5,1623.0,1846.5,2019.0,2147.0,2389.0,2378.5,3268.0,2418.0,955.5,1258.0,1606.0,1927.0,2033.0,2146.0,2316.0,2396.0,0.0,0.0,0.0,0.0,0.0,0.0,0.0,0.0,0.0,0.0,0.0,0.0,0.0,0.0,0.0,0.0,0.0,0.0,0.0,0.0,0.0,0.0,0.0,0.0,0.0,0.0,0.0,0.0,0.0,0.0,0.0,0.0,0.0,0.0,0.0,0.0,0.0,0.0,0.0,0.0,416.0,302.0,6729.0,6859.5,7085.5,7288.5,7084.5,6761.5,6887.5,6365.0,3026.0,2576.0,1373.5,1771.5,2326.5,2636.0,2635.5,2637.0,2328.5,2777.0,3757.5,3368.5,3168.0,3244.5,3356.5,3629.5,3570.0,3645.0,3774.5,3696.5,2195.0,1435.0,628.5,890.0,1258.5,1519.0,1650.0,1804.0,2000.0,2024.0,3223.0,2456.0,852.5,1168.5,1576.5,1881.0,2026.5,2199.5,2403.5,2432.0,"{""type"":""MultiPoint"",""coordinates"":[]}"
3127,2,3038.5,2189.0,766.5,1054.0,1377.0,1798.5,2139.5,2321.5,2507.0,2530.0,3266.0,2571.0,1031.0,1416.0,1904.0,2268.0,2460.0,2614.0,2757.0,2751.0,2916.0,2208.0,867.0,1193.0,1665.0,2001.0,2182.0,2313.0,2514.0,2496.0,3276.0,2279.0,1251.0,1557.0,1946.0,2439.0,2573.0,2713.0,2699.0,2929.0,2800.0,2027.0,792.0,1176.0,1653.0,2005.0,2187.0,2329.0,2493.0,2532.0,5482.0,5329.5,2457.0,2891.0,3523.0,4074.5,4288.0,4487.0,4504.0,4704.0,4312.0,3259.0,1614.0,2141.0,2457.0,3282.0,3544.0,3737.0,3781.0,4012.0,3879.5,3038.0,1039.0,1564.0,1869.0,2561.5,3004.0,3243.0,3281.5,3444.0,3481.0,2547.0,765.0,1271.0,1421.0,2154.0,3026.0,3207.0,3404.0,3491.0,4414.0,3721.0,1099.0,1585.0,1889.0,2561.0,4303.0,4859.0,4935.0,5073.0,2645.0,1336.0,459.0,855.0,665.0,1455.0,4243.0,5095.0,4958.0,5223.0,3376.0,2519.0,826.0,1121.0,1507.0,1928.0,2197.0,2359.0,2624.0,2608.0,2301.0,1085.0,595.0,806.0,587.0,1201.0,4819.0,5656.0,5277.0,6196.0,3610.0,2646.0,2389.5,2562.5,2259.0,2932.5,5293.5,6106.0,6059.5,6201.5,2225.0,852.5,362.5,755.5,309.5,1285.5,4835.5,5960.0,5822.0,6194.5,2194.0,806.0,357.0,800.0,297.0,1309.0,4651.0,5701.0,5499.0,5986.0,2129.5,906.5,319.0,626.0,347.5,1235.0,3767.5,4390.5,4550.0,4781.5,2215.0,1054.0,331.5,558.0,418.0,1360.5,3536.0,4101.5,4328.0,4531.0,2052.0,995.0,310.0,490.0,451.0,1222.0,2925.0,3328.0,3530.0,3795.0,3144.0,2135.0,738.0,901.0,1212.0,1600.0,1839.0,2103.0,2320.0,2599.0,3305.0,2178.0,827.0,982.0,1288.0,1628.0,1864.0,2101.0,2450.0,2586.0,3756.0,2676.5,646.0,865.5,1264.0,1658.0,1950.0,2229.5,2543.5,2740.0,4645.0,3983.0,2647.0,2745.0,2978.0,3396.0,3808.0,3971.0,4558.0,4182.0,3274.0,2241.0,635.0,904.0,1284.0,1639.0,1862.0,2115.0,2486.0,2558.0,4152.5,2892.0,1369.0,1540.0,1759.5,2307.5,2887.5,3139.0,3611.5,3622.0,2519.5,1662.0,756.5,953.5,1050.0,1498.5,2158.0,2396.0,2783.0,2647.0,2689.0,1664.0,676.0,833.0,906.0,1517.0,2245.0,2500.0,2671.0,2823.0,0.0,0.0,0.0,0.0,0.0,0.0,0.0,0.0,0.0,0.0,2036.0,1291.0,544.0,813.0,805.0,1414.0,2268.0,2467.0,2718.0,2719.0,0.0,0.0,0.0,0.0,0.0,0.0,0.0,0.0,0.0,0.0,179.0,151.0,7636.0,7814.0,7906.0,8179.0,7846.0,7250.0,7426.0,6704.0,1672.0,1149.0,2977.0,3196.0,3487.0,3827.0,3805.0,3739.0,3955.0,3737.0,3321.0,2411.0,923.0,1213.0,1611.0,1964.0,2265.0,2448.0,2816.0,2729.0,2953.0,2307.0,879.0,1282.0,1850.0,2097.0,2208.0,2348.0,2596.0,2566.0,2845.0,2214.0,826.0,1163.0,1698.0,1974.0,2087.0,2235.0,2469.0,2436.0,2995.0,2323.0,860.0,1278.0,1855.0,2183.0,2235.0,2421.0,2563.0,2579.0,"{""type"":""MultiPoint"",""coordinates"":[]}"
3134,5,2215.5,1549.0,519.5,781.0,1004.0,1324.5,1760.0,1916.0,2123.0,2090.0,4907.0,4594.5,1377.0,1855.0,2438.5,2743.0,2922.0,3084.0,3325.5,3391.5,1788.0,1262.0,567.5,730.0,942.5,1123.0,1291.5,1424.0,1403.5,1542.0,4328.0,3379.0,3935.5,3753.5,3708.5,3836.0,3889.5,3850.0,4479.0,3849.5,0.0,0.0,0.0,0.0,0.0,0.0,0.0,0.0,0.0,0.0,4636.5,3953.0,1212.0,1689.0,2020.0,2482.0,3331.5,3630.0,3825.5,3845.5,0.0,0.0,0.0,0.0,0.0,0.0,0.0,0.0,0.0,0.0,3565.0,2519.5,736.0,1107.0,1050.0,1592.5,3810.0,4530.5,4704.5,4724.0,2635.0,1318.5,222.0,543.5,317.5,891.0,4016.5,5129.0,4970.0,5274.0,2224.5,1046.5,261.5,463.0,210.0,699.5,3750.0,5136.5,5129.0,5264.5,2310.0,1010.0,289.0,452.0,239.5,655.5,3960.5,5573.5,5527.0,5768.5,2885.5,2326.5,728.0,1009.0,1322.5,1668.5,2035.5,2239.0,2469.0,2431.0,2347.0,986.5,302.5,498.5,239.5,747.5,4141.5,5763.5,5653.5,6112.0,2072.0,899.5,426.5,585.0,309.5,771.5,3707.5,5030.0,5094.5,5289.5,523.0,205.5,300.0,357.5,165.0,396.5,1459.5,1928.0,1689.0,1862.0,1794.0,901.5,514.0,749.5,510.0,1212.5,2831.5,3347.0,3352.0,3558.5,2706.5,1772.5,464.0,833.0,862.5,1580.5,2305.5,2554.0,2860.5,2946.5,0.0,0.0,0.0,0.0,0.0,0.0,0.0,0.0,0.0,0.0,4027.5,3041.5,904.5,1211.5,1753.5,2079.0,2244.5,2461.0,2708.5,2850.5,4198.0,3709.5,1164.5,1529.5,1959.0,2323.5,2444.5,2600.0,2655.0,2832.0,4304.0,3971.5,1171.5,1629.5,2079.0,2436.5,2645.5,2802.0,3040.0,3039.0,4241.5,3866.0,1131.0,1548.0,1936.0,2325.5,2731.5,2931.0,3071.0,3125.5,0.0,0.0,0.0,0.0,0.0,0.0,0.0,0.0,0.0,0.0,3036.5,2349.0,1685.5,1744.0,1757.5,2000.5,2370.0,2491.0,2782.5,2615.5,0.0,0.0,0.0,0.0,0.0,0.0,0.0,0.0,0.0,0.0,1906.0,1103.0,291.0,626.5,613.5,1174.0,2315.5,2425.0,2689.0,2632.5,2359.5,1576.0,457.0,786.0,802.5,1419.5,2593.5,2878.5,2998.0,3059.5,0.0,0.0,0.0,0.0,0.0,0.0,0.0,0.0,0.0,0.0,1849.0,1082.5,357.5,615.0,542.5,1168.5,2475.0,2722.5,3010.5,2908.5,0.0,0.0,0.0,0.0,0.0,0.0,0.0,0.0,0.0,0.0,1017.5,1122.0,10460.0,10217.5,10189.5,10401.0,10020.0,9695.5,10084.5,9336.0,0.0,0.0,0.0,0.0,0.0,0.0,0.0,0.0,0.0,0.0,2949.5,2355.5,761.5,1059.0,1371.0,1735.5,2171.5,2348.0,2643.5,2546.5,3010.0,2274.5,854.0,1172.5,1480.0,1872.5,2190.5,2373.5,2633.5,2636.5,2408.0,1676.5,560.5,820.5,1183.0,1411.5,1559.0,1679.5,1946.5,1935.0,3871.0,3708.0,1285.0,1634.0,2088.0,2368.0,2464.0,2684.0,2556.0,2834.0,"{""type"":""MultiPoint"",""coordinates"":[]}"
3142,5,1865.0,1374.0,503.0,660.0,852.0,1022.0,1180.0,1308.0,1476.0,1466.0,3747.0,2902.0,967.0,1380.0,1549.0,2254.0,2827.0,3013.0,3226.0,3267.0,2753.0,2073.0,650.0,859.0,1166.0,1362.0,1489.0,1648.0,1808.0,1866.0,3305.0,2430.0,1277.0,1468.0,1770.0,2066.0,2077.0,2210.0,2274.0,2485.0,3187.0,2586.0,921.0,1255.0,1681.0,1907.0,2000.0,2130.0,2333.0,2363.0,6377.0,6193.0,2123.0,2686.0,3325.0,3822.0,4031.0,4341.0,4409.0,4582.0,1501.0,1081.0,679.0,670.0,742.0,1022.0,1226.0,1533.0,939.0,1678.0,3434.5,2714.5,976.0,1406.5,1374.5,2045.5,2997.0,3327.5,3334.5,3514.5,4626.0,3582.0,1078.0,1579.0,1696.0,2429.0,4452.0,5210.0,5138.0,5509.0,3452.0,2344.0,648.0,1095.0,956.0,1709.0,4509.0,5354.0,5375.0,5776.0,2124.0,1095.5,879.5,905.0,558.5,1007.0,3170.0,4023.0,4285.5,4216.5,2354.0,1977.0,585.0,775.0,1032.0,1236.0,1366.0,1470.0,1633.0,1633.0,2341.0,1026.0,302.0,463.0,203.0,794.0,3984.0,5400.0,5218.0,5698.0,2228.0,966.0,467.5,654.0,345.0,847.5,3987.0,5614.5,5782.0,6034.0,2056.0,866.0,286.5,496.0,235.5,748.5,3738.5,5209.5,5126.0,5546.0,2285.5,982.5,401.0,646.5,335.5,944.0,3986.5,4950.5,4832.0,5260.5,1994.5,926.0,380.5,736.5,403.5,1033.0,3395.5,4114.5,4215.0,4504.0,2347.5,1341.5,418.0,895.0,739.5,1661.5,2765.5,3124.0,3231.0,3557.5,3106.5,2359.0,443.5,605.5,883.5,1097.0,1249.0,1415.5,1609.5,1716.0,2814.5,2211.0,1166.0,1217.5,1335.0,1577.0,1648.0,1775.5,1811.5,1917.5,4065.0,2942.0,836.0,1095.0,1501.0,1789.0,1884.0,2077.0,2232.0,2329.0,3284.0,2639.0,714.0,943.0,1258.0,1520.0,1608.0,1768.0,1866.0,1998.0,2080.0,1689.5,909.5,1021.0,1167.5,1359.0,1499.0,1596.0,1707.5,1709.0,3361.5,2778.5,784.0,1053.5,1370.5,1603.5,1752.5,1916.5,2078.0,2136.5,3010.0,2426.0,679.0,886.0,1170.0,1397.0,1552.0,1686.0,1859.0,1917.0,3100.0,2420.0,635.0,929.0,1219.0,1448.0,1661.0,1844.0,2064.0,2052.0,2796.5,2044.0,554.0,861.5,1053.5,1417.5,1762.0,1925.5,2064.5,2144.0,2527.0,1803.0,1309.0,1345.0,1342.0,1704.0,2091.0,2305.0,2180.0,2539.0,2661.0,1798.0,573.0,884.0,875.0,1430.0,2244.0,2404.0,2677.0,2609.0,0.0,0.0,0.0,0.0,0.0,0.0,0.0,0.0,0.0,0.0,626.0,694.0,10798.0,10510.0,10338.0,10418.0,10009.0,9569.0,9940.0,9042.0,604.5,368.5,4070.5,4142.0,4210.5,4393.0,4219.0,3979.0,4262.5,3850.0,2619.0,2048.0,642.0,871.0,1134.0,1396.0,1569.0,1665.0,1887.0,1895.0,3116.0,2460.0,857.0,1132.5,1362.5,1705.5,2027.5,2174.0,2378.5,2385.0,2763.0,2013.0,659.0,950.0,1165.0,1545.0,1875.0,2012.0,2220.0,2272.0,2914.0,1949.0,750.0,1057.0,1205.0,1688.0,2105.0,2271.0,2410.0,2464.0,"{""type"":""MultiPoint"",""coordinates"":[]}"
3147,61,1320.0,820.0,503.0,795.0,994.0,1276.0,1589.0,1696.0,1789.0,1740.0,2731.0,2047.0,665.0,908.0,1122.0,1435.0,1649.0,1783.0,1838.0,1975.0,0.0,0.0,0.0,0.0,0.0,0.0,0.0,0.0,0.0,0.0,2460.0,1723.0,653.0,896.0,1019.0,1445.0,1890.0,2105.0,2126.0,2278.0,1453.0,852.0,612.0,905.0,1037.0,1345.0,1715.0,1861.0,1914.0,1939.0,0.0,0.0,0.0,0.0,0.0,0.0,0.0,0.0,0.0,0.0,0.0,0.0,0.0,0.0,0.0,0.0,0.0,0.0,0.0,0.0,2427.0,1673.0,565.0,826.0,828.0,1359.0,1956.0,2219.0,2206.0,2477.0,3236.0,2400.5,976.0,1310.5,1687.0,2071.5,2358.5,2580.0,2692.5,2795.0,3043.0,2436.0,915.0,1116.0,1499.0,1782.0,1942.0,2085.0,2091.0,2297.0,2651.0,2003.5,801.5,1001.0,1336.0,1567.0,1726.5,1869.5,1859.5,2070.5,1631.0,1073.0,458.0,650.0,811.5,1124.5,1478.0,1627.5,1749.5,1786.0,0.0,0.0,0.0,0.0,0.0,0.0,0.0,0.0,0.0,0.0,1495.5,1109.5,1069.0,1009.0,927.0,1106.5,1135.0,1157.0,1565.5,1116.0,3092.0,2481.0,684.0,976.0,1267.0,1595.0,1948.0,2085.0,2047.0,2256.0,2284.0,1524.0,505.5,723.5,799.0,1233.5,1791.0,1962.0,1873.0,2144.0,2472.0,1749.0,516.0,801.0,855.0,1334.0,2242.0,2436.0,2225.0,2603.0,2483.5,1709.5,730.5,1021.5,921.0,1615.0,2765.0,3029.5,2864.5,3210.0,2275.5,1554.0,511.0,773.0,793.5,1347.5,2112.5,2308.5,2297.5,2444.0,1392.5,1132.0,527.0,554.5,688.5,804.0,817.5,900.0,892.5,983.5,2797.0,2126.5,1695.5,1690.5,1800.0,2082.5,2076.0,2101.5,2221.5,2160.0,2133.0,1771.0,470.0,620.0,902.5,1027.5,1110.5,1197.0,1268.0,1347.0,0.0,0.0,0.0,0.0,0.0,0.0,0.0,0.0,0.0,0.0,1935.5,1486.0,426.0,562.0,817.5,948.5,1000.0,1132.5,1253.5,1260.5,2184.0,1853.0,510.0,629.0,899.0,1062.0,1168.0,1286.0,1326.0,1379.0,1748.5,1333.0,393.5,537.0,715.5,867.5,1034.0,1088.5,1178.5,1202.0,1831.0,1313.0,374.0,572.0,664.0,903.0,1182.0,1293.0,1472.0,1383.0,0.0,0.0,0.0,0.0,0.0,0.0,0.0,0.0,0.0,0.0,1670.0,1013.0,906.0,1278.0,1230.0,1683.0,2682.0,2811.0,2879.0,2848.0,1655.0,1005.0,526.0,759.0,915.0,1252.0,1695.0,1781.0,1963.0,1980.0,0.0,0.0,0.0,0.0,0.0,0.0,0.0,0.0,0.0,0.0,302.0,187.0,1639.0,2171.0,2413.0,2978.0,2682.0,2899.0,2515.0,2908.0,1818.0,1144.5,644.0,871.0,1024.5,1399.0,1741.0,1913.5,2017.5,2057.5,0.0,0.0,0.0,0.0,0.0,0.0,0.0,0.0,0.0,0.0,1612.0,1075.5,620.0,917.5,1240.5,1498.0,1596.0,1753.5,1899.5,1841.0,2460.0,1753.0,730.0,984.0,1276.0,1548.0,1738.0,1870.0,2023.0,2079.0,"{""type"":""MultiPoint"",""coordinates"":[]}"
3154,3,1278.0,785.0,377.5,485.5,628.0,778.5,849.0,971.5,1082.5,1113.5,2973.0,2733.5,904.0,1108.0,1360.5,1527.5,1589.5,1658.0,1809.5,1825.5,1371.0,868.0,551.5,652.0,777.5,920.0,947.5,1029.5,1117.5,1156.5,1686.0,1082.0,814.5,928.0,1070.5,1257.5,1266.5,1380.0,1486.5,1516.5,3763.0,3385.0,1252.5,1550.5,1838.0,2110.0,2147.5,2265.0,2300.0,2455.0,2871.5,2440.5,947.0,1149.0,1347.5,1577.0,1649.0,1770.0,1841.0,1900.5,0.0,0.0,0.0,0.0,0.0,0.0,0.0,0.0,0.0,0.0,2925.5,2720.0,927.5,1133.0,1304.0,1519.5,1659.0,1796.5,1903.5,1933.5,0.0,0.0,0.0,0.0,0.0,0.0,0.0,0.0,0.0,0.0,3393.5,2622.0,2251.5,2416.0,2374.0,2831.5,3458.0,3785.5,3471.5,3881.0,1605.5,784.5,363.5,553.0,347.5,799.0,2078.0,2636.5,2620.0,2701.5,1792.0,1370.5,431.5,554.5,685.5,825.5,887.5,985.0,1141.5,1143.0,301.0,127.5,333.5,303.5,176.5,314.0,858.0,1226.0,1095.5,1154.5,1046.5,453.5,301.5,369.0,213.5,509.5,2034.5,3409.5,3418.0,3533.5,0.0,0.0,0.0,0.0,0.0,0.0,0.0,0.0,0.0,0.0,1273.0,574.0,344.5,576.0,306.0,954.5,2647.0,3593.5,3566.5,3861.5,1304.5,606.5,295.5,626.0,355.0,1143.0,2858.0,3603.5,3809.0,3887.0,0.0,0.0,0.0,0.0,0.0,0.0,0.0,0.0,0.0,0.0,2060.5,1237.0,521.5,850.0,1215.5,1791.0,2178.0,2470.0,2737.5,2939.5,0.0,0.0,0.0,0.0,0.0,0.0,0.0,0.0,0.0,0.0,1878.5,1754.0,367.5,474.5,669.5,821.0,887.5,989.5,1047.0,1093.5,1536.5,1506.5,401.5,455.0,600.5,689.0,719.0,775.5,851.5,863.5,0.0,0.0,0.0,0.0,0.0,0.0,0.0,0.0,0.0,0.0,1877.5,1683.0,551.0,679.5,874.0,973.0,1001.0,1060.5,1179.0,1186.0,1895.5,1664.0,697.5,732.0,881.0,984.0,997.5,1037.5,1140.0,1147.5,1015.5,726.0,179.0,282.0,433.0,509.5,517.5,584.5,651.0,689.5,1271.0,972.0,232.0,374.5,532.5,606.0,651.0,711.0,795.5,822.5,0.0,0.0,0.0,0.0,0.0,0.0,0.0,0.0,0.0,0.0,1082.0,741.5,380.5,479.5,638.5,731.5,757.0,823.5,934.5,931.0,0.0,0.0,0.0,0.0,0.0,0.0,0.0,0.0,0.0,0.0,949.0,1056.5,10354.0,10173.0,10219.0,10393.5,10084.0,9728.5,10135.0,9417.5,0.0,0.0,0.0,0.0,0.0,0.0,0.0,0.0,0.0,0.0,1800.5,1199.0,502.0,637.5,790.5,950.5,1006.5,1110.0,1253.5,1243.0,1839.5,1220.0,576.5,747.0,881.0,1038.5,1121.0,1218.0,1358.0,1360.5,1279.0,797.5,497.0,649.5,823.0,994.0,1007.0,1096.5,1210.0,1243.0,2645.5,2111.5,1662.5,1657.5,1729.0,1967.0,1992.0,2069.5,2138.0,2154.0,"{""type"":""MultiPoint"",""coordinates"":[]}"
3158,5,2207.0,1475.0,538.5,742.0,871.0,1200.5,1554.0,1684.0,1918.0,1909.0,5443.5,4960.5,1937.0,2617.0,3297.5,3678.5,3786.0,3993.0,4098.0,4238.5,2617.0,1854.5,742.0,1075.5,1409.5,1677.5,1826.0,1958.5,2088.5,2143.0,3028.0,2296.0,914.5,1292.5,1585.0,1932.5,2160.5,2324.0,2448.5,2505.5,4470.5,3895.5,1370.5,1992.0,2408.5,2857.0,3155.5,3325.0,3561.5,3554.5,1688.5,1585.5,924.5,1035.0,1047.5,1275.5,1621.0,1795.5,1421.5,1883.5,2905.0,1801.0,1084.0,1370.5,1433.0,1984.5,2744.5,2963.0,2982.5,3223.5,4734.0,3692.5,1171.5,1826.0,1842.5,2645.0,4683.5,5289.0,5452.5,5467.0,2774.0,1482.0,556.5,765.0,596.5,1136.5,3852.0,4702.0,4636.0,4919.5,2376.5,1098.5,478.0,668.5,446.5,879.0,3803.5,5301.0,5274.5,5548.0,3660.0,2659.0,2837.0,2626.5,2221.5,2690.5,5022.5,6277.0,6024.0,6549.5,2953.0,2322.5,686.5,986.0,1126.0,1536.5,1913.0,2069.5,2256.0,2274.5,2462.5,1041.5,297.5,431.0,220.0,651.5,4072.5,6052.5,5925.0,6401.5,1981.0,846.0,329.5,468.0,272.0,639.0,3560.5,5250.0,5336.5,5535.0,1869.5,767.5,278.5,450.5,222.5,683.0,3547.5,5030.0,4958.5,5266.5,1977.5,847.5,378.0,571.5,298.5,858.5,3590.0,4851.0,4709.0,5116.0,2025.0,966.0,374.0,786.5,463.5,1316.0,3393.5,4130.0,4125.5,4449.0,2801.0,1701.5,532.0,878.0,1025.0,1699.5,2275.5,2618.5,2816.5,3103.5,2733.5,2056.0,548.5,740.0,1031.0,1310.0,1469.0,1658.0,1816.0,1937.5,1776.5,1138.5,510.0,619.0,735.0,966.0,1101.5,1202.5,1245.5,1343.5,2488.5,1710.5,549.5,732.0,919.0,1140.0,1312.0,1444.0,1551.0,1632.0,2647.0,1861.5,629.5,782.5,1005.5,1204.5,1384.0,1532.5,1678.5,1742.0,2355.0,1583.5,653.0,872.0,973.0,1333.5,1800.0,1951.5,2212.0,2160.5,2685.5,2173.5,803.5,1108.5,1418.0,1632.5,1719.5,1833.0,1981.5,1994.0,3870.0,3525.0,4413.0,4103.0,4025.5,4352.5,4324.5,4274.0,4585.0,4255.0,2199.0,1540.0,566.5,891.0,1160.5,1415.5,1543.0,1656.0,1856.0,1836.5,2238.0,1563.0,593.5,943.0,1183.5,1499.5,1673.0,1746.0,1909.0,1940.5,0.0,0.0,0.0,0.0,0.0,0.0,0.0,0.0,0.0,0.0,2214.5,1435.5,705.0,1024.0,1189.0,1583.5,1856.5,2002.0,2162.0,2170.0,0.0,0.0,0.0,0.0,0.0,0.0,0.0,0.0,0.0,0.0,1123.0,1216.0,10590.0,10250.0,10217.0,10359.5,9978.0,9639.5,10055.0,9250.5,471.5,305.0,1494.5,1761.0,1848.5,2141.5,2228.5,2248.0,2325.0,2161.0,2671.0,1886.5,587.0,929.5,1073.5,1534.0,2076.5,2274.0,2488.0,2473.5,2717.5,1861.0,776.5,1119.0,1123.5,1708.5,2477.0,2720.5,2905.0,2936.0,2455.0,1546.5,584.0,971.5,921.0,1616.5,2572.0,2823.0,3036.0,2998.5,2884.0,1994.0,876.0,1260.0,1467.5,2015.0,2529.0,2748.5,2969.5,2960.0,"{""type"":""MultiPoint"",""coordinates"":[]}"
3175,5,2219.5,1549.0,610.5,815.5,1057.5,1213.0,1340.5,1429.0,1630.0,1587.0,3083.0,2705.5,942.5,1246.5,1625.0,1790.0,1907.5,2016.5,2100.5,2157.0,1833.5,1228.5,566.0,667.0,865.0,997.5,1057.0,1151.5,1274.5,1284.5,1840.0,1236.0,492.5,651.0,768.5,937.0,1135.5,1255.0,1363.5,1357.5,2946.0,2456.0,854.5,1150.0,1344.5,1678.0,2031.0,2161.0,2223.0,2287.0,2846.5,2241.0,799.0,1106.0,1165.0,1562.0,2221.5,2422.0,2463.0,2538.5,0.0,0.0,0.0,0.0,0.0,0.0,0.0,0.0,0.0,0.0,1761.5,949.5,317.5,592.5,402.5,965.0,2310.5,2739.5,2742.5,2748.0,0.0,0.0,0.0,0.0,0.0,0.0,0.0,0.0,0.0,0.0,2232.0,1108.5,298.5,507.5,313.5,805.0,3515.0,4619.0,4701.0,4829.0,2223.5,961.5,888.5,956.0,594.5,1121.0,4491.0,6256.5,6314.5,6688.0,2276.5,1824.0,581.0,760.0,1010.5,1148.5,1227.0,1327.0,1498.5,1482.0,2054.5,843.0,429.0,639.0,351.5,930.5,3934.5,4938.0,5053.5,5245.0,2263.5,944.0,438.5,628.5,341.0,882.0,3991.0,5243.5,5348.0,5446.5,0.0,0.0,0.0,0.0,0.0,0.0,0.0,0.0,0.0,0.0,2212.5,1169.0,462.5,745.5,543.5,1153.5,3073.0,3799.5,3766.0,4125.0,2615.5,1647.5,473.5,739.5,834.5,1336.0,2001.5,2338.0,2520.0,2728.0,0.0,0.0,0.0,0.0,0.0,0.0,0.0,0.0,0.0,0.0,2899.0,2290.5,491.0,616.5,861.5,1029.0,1138.5,1296.0,1436.5,1544.5,2661.5,2053.5,448.5,563.5,751.5,918.0,995.5,1110.0,1174.5,1300.5,3820.5,2923.5,874.5,1121.0,1564.5,1795.5,1916.5,2090.0,2301.0,2394.0,3334.5,2742.0,973.5,1158.5,1490.0,1678.0,1819.5,2049.5,2080.5,2306.5,0.0,0.0,0.0,0.0,0.0,0.0,0.0,0.0,0.0,0.0,2002.5,1663.0,521.0,638.5,849.5,961.0,1032.0,1106.0,1194.5,1219.5,897.5,625.0,376.0,427.5,491.0,543.0,549.5,556.0,682.5,593.5,1383.0,957.5,255.0,359.5,543.5,616.5,689.0,761.0,852.0,883.0,1780.0,1393.5,421.5,554.5,734.0,847.0,904.5,961.0,1048.0,1077.5,0.0,0.0,0.0,0.0,0.0,0.0,0.0,0.0,0.0,0.0,1645.0,1298.0,363.5,476.5,657.0,752.0,789.5,882.0,990.5,1013.0,0.0,0.0,0.0,0.0,0.0,0.0,0.0,0.0,0.0,0.0,206.5,251.0,12741.0,11846.5,11348.0,11331.0,10778.5,10260.0,10504.0,9582.5,0.0,0.0,0.0,0.0,0.0,0.0,0.0,0.0,0.0,0.0,2162.0,1487.5,563.5,767.0,998.5,1192.5,1275.0,1392.5,1533.5,1519.5,2474.0,1948.5,640.5,856.5,1110.0,1253.0,1331.5,1473.5,1585.5,1580.0,1775.5,1159.5,393.5,557.0,769.5,904.0,944.5,1047.0,1199.0,1227.0,1939.5,1198.5,717.5,851.5,1041.5,1158.0,1178.0,1244.0,1466.0,1390.0,"{""type"":""MultiPoint"",""coordinates"":[]}"
3194,5,1647.0,1042.0,664.0,881.0,1144.0,1323.0,1371.0,1459.0,1620.0,1582.0,2396.0,1768.0,633.0,937.0,1159.0,1403.0,1547.0,1633.0,1704.0,1796.0,2085.0,1300.0,673.0,932.0,1062.0,1350.0,1683.0,1794.0,1900.0,1879.0,2570.5,2007.5,834.0,1102.5,1437.5,1628.0,1686.5,1804.0,1881.5,1936.0,1996.0,1261.0,619.0,874.0,1138.0,1319.0,1386.0,1525.0,1610.0,1636.0,2625.0,2294.0,736.0,972.0,1229.0,1550.0,1775.0,1943.0,1968.0,2125.0,1571.0,1297.0,547.0,636.0,747.0,1092.0,1520.0,1858.0,888.0,2095.0,2675.0,1793.5,660.5,960.0,971.5,1453.5,2415.0,2678.5,2682.5,2815.0,2054.0,1176.0,460.0,663.0,566.0,1012.0,2424.0,2938.0,2874.0,3029.0,2673.5,1684.0,588.0,829.0,724.0,1247.5,3096.5,3796.0,3794.5,3966.0,1731.0,792.0,337.0,525.0,347.0,787.0,3057.0,4008.0,4014.0,4187.0,1722.0,1119.0,554.0,807.0,1037.0,1229.0,1283.0,1338.0,1469.0,1451.0,1370.5,615.5,442.0,515.0,351.5,726.5,2516.0,3335.5,3297.5,3650.5,1930.0,822.0,411.0,529.0,327.0,763.0,3194.0,4225.0,4231.0,4462.0,2596.0,1291.0,911.0,962.0,706.0,1153.0,3638.0,4684.0,4457.0,4934.0,2151.0,984.0,303.0,500.0,308.0,827.0,3115.0,3829.0,3840.0,4142.0,2120.5,1190.0,325.5,554.5,456.0,955.5,2128.5,2561.5,2679.5,2835.5,2336.0,1525.0,543.0,592.0,643.0,1132.0,1711.0,1985.0,2172.0,2316.0,2570.0,1870.5,525.0,641.5,851.0,1079.0,1140.0,1303.0,1391.5,1533.0,3749.0,2912.5,877.0,1062.0,1404.5,1653.5,1752.5,1913.0,1997.5,2169.0,3224.0,2501.5,794.5,979.0,1291.0,1497.5,1559.0,1690.5,1770.0,1885.5,2442.5,2108.0,643.5,831.0,1107.0,1263.5,1308.0,1420.0,1484.0,1532.0,2154.0,1437.0,727.0,1000.0,1310.0,1506.0,1610.0,1721.0,1914.0,1853.0,1771.0,1469.0,534.0,644.0,859.0,972.0,1039.0,1103.0,1138.0,1192.0,1558.5,1452.5,492.0,564.0,710.5,800.5,853.0,988.5,958.5,1122.0,1652.0,1073.0,427.0,603.0,842.0,942.0,1023.0,1112.0,1242.0,1224.0,1650.0,1179.0,353.0,539.0,764.0,857.0,916.0,986.0,1073.0,1088.0,3690.0,2946.0,4433.0,4029.0,3795.0,3894.0,3695.0,3566.0,4779.0,3526.0,1909.5,1429.0,526.5,673.5,882.5,1032.0,1071.5,1152.5,1251.0,1259.5,0.0,0.0,0.0,0.0,0.0,0.0,0.0,0.0,0.0,0.0,93.0,102.0,8604.0,8600.0,8569.0,8714.0,8230.0,7545.0,7591.0,6811.0,245.0,165.0,2194.0,2430.0,2640.0,2723.0,2479.0,2360.0,2478.0,2198.0,2237.0,1473.0,756.0,1015.0,1309.0,1496.0,1578.0,1681.0,1851.0,1845.0,2304.5,1961.5,656.5,973.0,1238.0,1433.5,1475.5,1570.5,1555.5,1690.0,3186.0,2706.0,941.0,1313.0,1728.0,1932.0,1980.0,2068.0,2157.0,2190.0,3112.0,2613.0,908.0,1280.0,1709.0,1905.0,1983.0,2092.0,2239.0,2236.0,"{""type"":""MultiPoint"",""coordinates"":[]}"
3200,1,2160.5,1316.5,445.0,767.0,821.5,1429.5,2219.5,2421.0,2682.5,2634.5,3807.0,2914.5,1394.0,1722.5,1843.5,2361.5,2750.5,2934.0,3084.0,3153.5,2588.0,1838.0,620.0,847.0,1182.0,1375.0,1504.0,1643.0,1824.0,1831.0,3789.0,3109.5,846.5,1303.5,1434.5,2053.0,2422.0,2621.0,2729.0,2804.5,4313.5,3601.5,1058.5,1614.5,1931.0,2497.5,2952.5,3141.5,3263.5,3354.0,5171.0,4019.0,1293.0,1860.0,2032.0,2772.0,4254.0,4900.0,5027.0,5008.0,2617.0,1437.0,373.0,693.0,433.0,986.0,3705.0,4952.0,4964.0,5042.0,2022.0,918.0,274.0,489.0,244.0,623.0,3287.0,5200.0,5267.0,5384.0,1741.5,740.5,238.0,414.5,230.0,562.0,3174.5,5271.0,5292.0,5498.5,1912.0,845.0,343.0,522.0,306.0,632.0,3137.0,5120.0,5156.0,5489.0,2126.0,1280.5,1273.0,1321.5,1078.0,1367.5,3323.0,4790.5,4696.0,5002.5,2758.0,1908.0,574.0,872.0,995.0,1602.0,2346.0,2531.0,2773.0,2781.0,2029.0,844.0,382.0,618.0,359.0,783.0,3300.0,5231.0,5211.0,5634.0,1899.0,825.5,494.0,724.0,448.5,967.5,3255.0,4495.5,4567.5,4806.0,2297.0,1163.5,403.0,757.0,621.0,1310.0,2898.5,3611.5,3651.0,4065.5,2522.0,1637.0,695.0,792.0,832.0,1149.0,1762.0,2110.0,2220.0,2318.0,2910.0,2095.5,448.5,603.5,865.0,1080.0,1321.0,1525.0,1684.0,1811.0,3431.0,2434.0,1040.0,1236.5,1532.5,1910.5,2244.5,2505.5,2614.0,2855.5,4367.0,3108.0,977.5,1343.0,1972.5,2376.0,2565.0,2811.5,2998.0,3137.0,3456.0,2568.0,863.0,1221.0,1717.0,2047.0,2239.0,2403.0,2487.0,2721.0,3696.0,2650.0,929.0,1267.0,1703.0,2135.0,2282.0,2481.0,2603.0,2782.0,3532.0,2518.0,828.0,1168.0,1483.0,1933.0,2262.0,2450.0,2613.0,2708.0,2631.0,1743.5,677.5,933.5,1003.5,1617.0,2380.5,2579.5,2866.5,2831.5,3175.0,2268.0,774.0,1124.0,1447.0,1912.0,2240.0,2416.0,2709.0,2707.0,3359.0,2359.0,820.0,1137.0,1560.0,1985.0,2247.0,2463.0,2705.0,2754.0,2892.5,1932.0,711.0,1057.5,1444.5,1847.5,2239.5,2407.5,2768.5,2737.0,3182.0,2192.0,745.0,1117.0,1477.0,1965.0,2383.0,2611.0,2834.0,2869.0,0.0,0.0,0.0,0.0,0.0,0.0,0.0,0.0,0.0,0.0,2490.0,1586.0,644.0,931.0,1130.0,1698.0,2321.0,2566.0,2763.0,2806.0,2428.0,1570.0,2615.0,2610.0,2561.0,2764.0,2835.0,2912.0,2923.0,2947.0,502.0,510.0,10336.0,10208.0,10176.0,10256.0,9860.0,9510.0,9858.0,8989.0,503.0,315.0,3318.0,3511.0,3516.0,4056.0,4208.0,4258.0,4433.0,4159.0,2545.5,1641.0,520.0,866.0,912.5,1598.0,2418.5,2639.0,2928.0,2902.0,3106.0,2098.0,698.0,1082.0,1194.0,1822.0,2411.0,2624.0,3010.0,2951.0,2785.0,1835.0,552.0,937.0,1075.0,1689.0,2193.0,2389.0,2647.0,2709.0,2818.0,1914.0,621.0,954.0,1041.0,1595.0,2050.0,2222.0,2482.0,2495.0,"{""type"":""MultiPoint"",""coordinates"":[]}"
3210,3,796.0,585.0,726.0,867.0,876.0,1004.0,772.0,772.0,724.0,694.0,3534.0,2832.5,1096.5,1360.5,1653.5,2141.5,2374.5,2423.5,2528.5,2677.5,1229.5,798.5,702.5,875.5,1140.5,1341.5,1429.0,1566.5,1621.0,1707.0,1722.0,1140.5,823.0,1009.5,1247.5,1521.0,1624.0,1827.0,1911.0,2008.0,3951.0,3400.0,1315.0,1704.0,2161.0,2633.0,2780.0,2968.0,3060.0,3138.0,4360.0,3814.0,1736.0,2000.0,2443.0,2727.0,2851.0,3069.0,3148.0,3284.0,0.0,0.0,0.0,0.0,0.0,0.0,0.0,0.0,0.0,0.0,4052.0,3436.0,1548.0,1841.0,2127.0,2634.0,2909.0,2975.0,3086.0,3211.0,4562.0,3913.5,1631.0,2051.0,2504.0,2908.0,3178.0,3321.5,3431.5,3591.5,2374.0,1498.0,703.0,1031.5,1052.0,1672.0,2147.5,2297.0,2202.0,2527.5,1229.0,678.0,1133.0,1308.0,1096.0,1552.0,2045.0,2346.0,2096.0,2188.0,1505.0,1374.0,859.0,977.0,1128.0,1301.0,1309.0,1344.0,1374.0,1441.0,1561.0,937.0,576.0,833.0,586.0,1244.0,2118.0,2599.0,2440.0,2623.0,1485.0,855.0,427.0,691.0,440.0,1060.0,2246.0,2684.0,2535.0,2782.0,1399.0,731.0,469.0,631.0,424.0,1024.0,1952.0,2557.0,2322.0,2606.0,1457.0,751.0,335.0,600.0,348.0,902.0,2249.0,2942.0,2744.0,3085.0,1598.0,824.0,354.0,742.0,414.0,1189.0,2765.0,3343.0,3443.0,3515.0,1715.5,901.0,494.5,938.0,620.0,1566.5,2892.0,3323.0,3282.5,3549.5,1650.0,951.0,498.0,903.0,783.5,1580.5,2446.0,2688.5,2831.0,2935.0,1992.5,1157.5,638.5,971.5,1016.5,1654.0,2249.5,2491.0,2545.5,2778.5,2461.0,1531.0,619.0,979.0,1165.0,1816.0,2257.0,2570.0,2796.0,2857.0,3569.0,2435.0,1002.0,1430.0,2136.0,2610.0,2851.0,3136.0,3500.0,3588.0,1524.0,1183.0,1292.0,1541.0,1619.0,1769.0,1558.0,1618.0,1593.0,1525.0,3302.0,2297.0,930.0,1294.0,1922.0,2298.0,2534.0,2801.0,3040.0,3225.0,1430.0,948.0,451.0,601.0,897.0,1120.0,1174.0,1305.0,1419.0,1495.0,1384.5,901.0,352.0,565.0,841.5,1100.5,1193.0,1289.5,1383.5,1537.0,1651.0,1216.0,486.0,719.0,1066.0,1251.0,1368.0,1432.0,1608.0,1686.0,0.0,0.0,0.0,0.0,0.0,0.0,0.0,0.0,0.0,0.0,1115.5,705.0,576.0,716.5,925.5,1127.0,1187.0,1297.0,1370.5,1474.0,0.0,0.0,0.0,0.0,0.0,0.0,0.0,0.0,0.0,0.0,950.0,1020.0,10444.0,10048.0,9992.0,10334.0,9813.0,9548.0,9842.0,9113.0,1016.5,721.0,1843.0,1907.5,2081.5,2051.0,1937.5,1940.5,2290.0,2095.0,2201.0,1513.0,543.0,791.0,1066.0,1405.0,1520.0,1622.0,1686.0,1833.0,2151.5,1495.5,746.5,978.5,1196.0,1560.0,1638.5,1821.5,1953.5,2025.5,1416.0,895.0,639.0,908.0,1074.0,1392.0,1492.0,1567.0,1639.0,1727.0,3463.5,2788.0,1008.5,1298.5,1621.0,2085.0,2271.0,2479.0,2381.5,2538.5,"{""type"":""MultiPoint"",""coordinates"":[]}"
3222,5,684.5,453.0,328.5,450.5,502.0,742.5,817.5,883.0,968.5,918.0,2080.5,1466.0,877.5,1101.0,1211.5,1448.0,1536.5,1627.5,1730.0,1760.5,675.5,395.5,491.5,583.0,624.0,764.0,733.0,799.5,812.0,824.5,1167.0,710.5,781.0,973.5,1081.0,1272.5,1272.5,1392.5,1436.5,1442.0,0.0,0.0,0.0,0.0,0.0,0.0,0.0,0.0,0.0,0.0,2251.5,1621.5,1044.0,1270.5,1419.5,1681.0,1764.5,1868.5,1935.5,1988.5,0.0,0.0,0.0,0.0,0.0,0.0,0.0,0.0,0.0,0.0,2313.0,1742.5,913.5,1132.0,1153.0,1507.0,1838.0,2000.5,2067.5,2097.5,2342.0,1672.0,870.5,1113.0,1260.0,1521.5,1798.5,1931.5,1908.5,2091.5,2398.5,1718.5,1703.5,1598.5,1487.0,1782.0,2207.0,2449.5,2368.0,2586.0,0.0,0.0,0.0,0.0,0.0,0.0,0.0,0.0,0.0,0.0,1194.0,824.0,513.5,662.5,780.5,968.5,1073.5,1158.0,1302.5,1312.0,2199.5,1125.5,396.0,583.0,394.5,889.0,2864.5,3666.5,3472.0,3734.0,2214.0,1162.0,490.5,617.5,386.0,851.5,3334.5,4415.5,4409.0,4450.5,0.0,0.0,0.0,0.0,0.0,0.0,0.0,0.0,0.0,0.0,2042.0,905.0,298.0,436.5,245.0,668.5,3477.0,4752.0,4623.5,4976.5,1870.5,845.5,251.0,417.5,222.0,687.5,3275.5,4356.0,4516.0,4559.0,0.0,0.0,0.0,0.0,0.0,0.0,0.0,0.0,0.0,0.0,2088.0,1145.0,399.0,806.5,653.5,1485.5,2604.5,3099.0,3397.0,3278.5,1274.0,866.0,516.5,557.0,640.0,746.0,801.0,855.0,866.5,945.0,2316.5,1793.0,441.5,557.0,789.0,916.5,1000.5,1101.0,1247.5,1320.0,3398.0,2581.5,915.0,1132.0,1571.5,1757.5,1856.5,2050.5,2202.0,2269.0,0.0,0.0,0.0,0.0,0.0,0.0,0.0,0.0,0.0,0.0,1970.5,1525.5,595.0,725.0,920.5,1018.5,1056.5,1113.5,1232.5,1252.5,0.0,0.0,0.0,0.0,0.0,0.0,0.0,0.0,0.0,0.0,759.5,444.0,315.0,427.0,577.0,684.0,728.0,804.5,850.0,893.5,1280.5,786.5,441.0,592.0,759.5,870.0,936.5,1028.5,1119.5,1121.5,0.0,0.0,0.0,0.0,0.0,0.0,0.0,0.0,0.0,0.0,939.5,536.5,467.5,582.0,696.5,852.0,888.5,973.5,1050.5,1022.0,0.0,0.0,0.0,0.0,0.0,0.0,0.0,0.0,0.0,0.0,1087.5,1169.0,11032.0,10587.5,10459.0,10593.0,10227.5,9848.5,10233.5,9482.0,880.0,534.5,696.5,744.5,841.0,952.5,956.0,1048.5,1068.5,1123.0,1495.5,925.0,623.5,801.0,942.5,1108.0,1217.0,1267.0,1417.5,1454.0,1502.5,912.5,679.0,889.5,979.0,1195.5,1318.5,1406.5,1515.5,1513.0,965.0,570.0,842.5,1119.0,1210.0,1487.0,1418.0,1550.5,1592.5,1534.5,3539.0,2776.0,2672.5,2810.5,2897.0,3233.5,3230.0,3258.0,3286.0,3324.0,"{""type"":""MultiPoint"",""coordinates"":[]}"
3232,1,2501.0,1873.0,756.5,1042.5,1416.0,1651.0,1865.0,1954.0,2175.0,2094.5,3782.5,3077.5,1310.0,1765.0,2258.0,2578.0,2689.0,2833.5,2991.5,3036.0,3011.0,2227.0,926.0,1338.0,1676.0,2049.0,2188.0,2340.5,2506.5,2518.0,0.0,0.0,0.0,0.0,0.0,0.0,0.0,0.0,0.0,0.0,0.0,0.0,0.0,0.0,0.0,0.0,0.0,0.0,0.0,0.0,4129.5,2732.0,2686.0,2541.5,2539.5,3225.5,4110.0,4222.0,4554.0,3941.5,0.0,0.0,0.0,0.0,0.0,0.0,0.0,0.0,0.0,0.0,1799.0,803.5,224.0,398.0,172.0,508.0,3294.5,5284.0,5373.5,5359.0,1789.5,709.5,141.5,304.5,123.5,442.5,3455.0,6085.5,6064.5,6440.5,1633.0,643.5,238.0,370.0,162.5,423.0,2909.5,5187.0,5205.0,5487.0,1858.5,723.5,409.0,531.5,335.0,613.0,2949.5,5239.5,5371.0,5586.0,2904.0,2365.5,903.0,1223.5,1587.0,1846.0,2063.0,2204.0,2419.5,2352.5,1661.0,659.0,297.0,386.5,215.0,494.0,2616.0,4684.0,4678.5,5017.0,1626.5,670.0,397.0,506.5,321.5,643.0,2803.0,4531.5,4657.0,4771.0,0.0,0.0,0.0,0.0,0.0,0.0,0.0,0.0,0.0,0.0,2216.5,1234.5,437.0,642.5,584.0,995.5,2049.0,2529.0,2551.5,2879.5,2485.5,1698.5,378.0,528.5,760.5,1033.5,1240.0,1425.0,1626.0,1715.5,0.0,0.0,0.0,0.0,0.0,0.0,0.0,0.0,0.0,0.0,3342.5,2728.5,833.0,1090.0,1517.0,1767.0,1857.0,2006.0,2154.5,2260.0,3158.0,2013.5,1104.0,1427.0,1823.5,2172.5,2315.5,2475.0,2599.5,2778.5,3758.0,3196.0,1118.5,1560.5,2061.0,2378.5,2495.0,2658.0,2880.0,2867.5,3435.5,3034.0,1269.5,1590.0,1970.5,2241.0,2373.5,2504.5,2659.0,2740.0,0.0,0.0,0.0,0.0,0.0,0.0,0.0,0.0,0.0,0.0,4489.5,4025.0,1541.0,2075.5,2704.5,3046.0,3131.0,3264.0,3524.0,3481.5,0.0,0.0,0.0,0.0,0.0,0.0,0.0,0.0,0.0,0.0,2595.5,1867.0,701.5,1112.0,1562.5,1881.0,2024.0,2134.0,2332.5,2339.0,2522.5,1809.5,760.0,1195.5,1648.0,1995.0,2153.0,2290.0,2492.0,2450.5,0.0,0.0,0.0,0.0,0.0,0.0,0.0,0.0,0.0,0.0,2639.5,1931.5,784.0,1116.5,1516.5,1825.5,2044.5,2208.5,2427.0,2350.0,0.0,0.0,0.0,0.0,0.0,0.0,0.0,0.0,0.0,0.0,1120.0,1159.5,9288.0,9045.0,9124.5,9349.0,9085.5,8832.5,9203.0,8589.0,2631.0,1985.0,832.5,1129.0,1478.0,1768.0,1906.0,2061.5,2161.5,2197.5,2849.0,2198.0,862.5,1210.0,1565.0,1866.5,2087.5,2223.0,2448.0,2396.5,2923.5,2190.0,946.5,1298.0,1669.0,1979.0,2169.0,2328.5,2522.5,2485.0,3333.0,2426.0,1480.0,1808.0,2110.0,2513.5,2795.5,2940.0,3147.5,3114.0,4960.0,4867.0,1718.5,2204.5,2811.5,3159.5,3231.0,3393.5,3521.0,3571.0,"{""type"":""MultiPoint"",""coordinates"":[]}"
3248,1,2325.0,1488.0,609.0,836.5,884.0,1359.5,2334.5,2594.0,2844.5,2763.5,3289.0,2696.0,958.0,1202.0,1557.5,1774.5,1885.5,2038.0,2198.0,2258.5,2568.0,1788.0,767.5,922.0,1231.0,1430.5,1541.0,1679.0,1850.5,1897.5,3995.5,3485.0,1069.5,1366.0,1747.5,2015.5,2131.5,2281.5,2502.0,2529.5,4479.0,4025.0,1243.5,1587.5,1996.5,2322.5,2449.5,2640.0,2778.0,2867.0,4093.0,3321.0,1070.0,1406.0,1641.5,2058.0,2536.0,2800.5,2943.0,3028.5,0.0,0.0,0.0,0.0,0.0,0.0,0.0,0.0,0.0,0.0,2384.0,1363.0,424.0,658.0,467.5,882.0,2776.0,3707.0,3708.0,3828.5,1960.5,955.0,359.5,575.5,368.5,770.5,3079.5,4437.5,4354.5,4644.0,3341.0,2168.5,2313.5,2410.0,2171.0,2469.5,3943.5,4768.5,5262.5,4901.0,2557.0,1565.0,683.0,942.5,864.0,1293.5,3486.5,4990.5,4871.5,5236.5,2651.0,1868.5,671.5,887.0,1021.0,1486.5,2329.0,2563.5,2815.5,2735.0,1979.0,835.5,498.5,665.0,405.0,821.0,3243.5,4824.0,4738.0,5146.0,2014.0,923.0,462.5,727.5,493.5,1035.5,3127.5,4160.5,4167.0,4511.0,0.0,0.0,0.0,0.0,0.0,0.0,0.0,0.0,0.0,0.0,2933.5,2035.5,780.0,904.5,1068.0,1388.5,1719.5,2009.0,2095.5,2266.5,2616.0,1961.5,419.5,565.0,808.0,1007.5,1139.5,1285.5,1424.5,1515.5,0.0,0.0,0.0,0.0,0.0,0.0,0.0,0.0,0.0,0.0,2579.0,2381.5,541.0,682.5,932.5,1072.0,1138.5,1258.5,1382.5,1431.0,2361.0,1962.5,599.5,756.5,1007.0,1176.0,1205.0,1323.5,1360.0,1462.0,2502.5,2163.0,620.5,829.0,1080.0,1237.5,1332.5,1458.5,1579.0,1619.5,2535.0,2217.0,665.0,867.5,1090.0,1272.0,1416.5,1568.0,1659.5,1697.5,0.0,0.0,0.0,0.0,0.0,0.0,0.0,0.0,0.0,0.0,2337.5,1852.5,619.0,834.0,962.5,1234.0,1542.5,1652.5,1807.0,1811.0,2434.0,2019.5,611.0,808.0,1077.0,1240.5,1313.0,1392.5,1468.0,1567.5,1455.0,1025.5,260.0,406.5,594.0,686.5,812.5,901.5,1040.0,1043.5,2100.0,1672.5,488.0,671.5,879.5,1053.0,1197.0,1327.0,1404.5,1471.5,0.0,0.0,0.0,0.0,0.0,0.0,0.0,0.0,0.0,0.0,1956.0,1449.5,415.5,598.5,676.0,957.0,1362.5,1477.5,1635.5,1632.0,0.0,0.0,0.0,0.0,0.0,0.0,0.0,0.0,0.0,0.0,267.5,311.5,10577.0,10202.0,10098.0,10245.5,9806.5,9425.5,9722.0,8932.5,0.0,0.0,0.0,0.0,0.0,0.0,0.0,0.0,0.0,0.0,3084.5,2287.5,1080.5,1393.0,1674.5,2118.5,2658.5,2847.0,2739.5,3033.5,3308.0,2512.0,833.0,1143.0,1541.5,1874.0,2031.5,2188.5,2471.0,2453.0,2605.5,1812.0,668.5,933.5,1326.5,1584.5,1706.0,1865.0,2106.0,2151.0,485.5,284.5,219.5,262.0,305.0,335.5,339.0,364.0,399.0,418.0,"{""type"":""MultiPoint"",""coordinates"":[]}"
3254,3,1638.5,1117.5,638.5,831.5,1113.0,1311.5,1405.5,1525.0,1742.5,1753.0,4703.0,4331.0,1907.0,2147.0,2549.0,2850.0,2985.0,3122.0,3442.0,3519.0,3014.0,2290.0,974.5,1210.5,1358.5,1756.5,1847.0,2004.5,2192.0,2255.0,2999.0,2353.0,1512.0,1583.0,1527.0,1861.0,1939.0,2077.0,2249.0,2250.0,3225.0,2562.0,954.0,1308.0,1468.0,1879.0,2093.0,2221.0,2340.0,2425.0,6758.0,6347.0,2615.0,3147.0,3398.0,4282.0,4728.0,5148.0,5068.0,5382.0,1363.0,808.0,645.0,888.0,594.0,1180.0,2481.0,2982.0,2737.0,2828.0,2316.0,1193.0,637.0,723.0,451.0,890.0,3168.0,4352.0,4336.0,4468.0,1891.0,966.0,372.0,587.0,293.0,864.0,3321.0,4916.0,4738.0,4962.0,1736.0,881.0,338.0,565.0,251.0,832.0,3273.0,4892.0,4788.0,4977.0,2183.0,1148.0,717.0,953.0,657.0,1340.0,3674.0,5540.0,5082.0,5622.0,2594.0,1999.0,885.0,1107.0,1387.0,1580.0,1645.0,1794.0,1960.0,2003.0,1619.0,780.0,496.0,764.0,431.0,1085.0,3369.0,4867.0,4883.0,5146.0,1442.0,712.5,562.5,855.0,493.5,1239.0,3410.5,4675.0,4654.0,4876.5,1773.0,902.0,587.0,1013.0,620.0,1639.0,3718.0,4632.0,4530.0,4916.0,2080.5,1112.0,986.0,1428.0,987.5,2001.0,3500.5,4112.5,3985.0,4430.5,3923.0,2736.0,1192.0,1657.0,2172.0,2919.0,3318.0,3654.0,3734.0,4026.0,4487.0,3197.0,1310.0,1815.0,2535.0,3010.0,3242.0,3494.0,3659.0,3913.0,4157.5,3077.5,1139.0,1498.5,1944.5,2384.0,2668.5,2926.0,3028.5,3232.0,2503.0,1666.0,761.0,1022.0,1240.0,1670.0,2181.0,2363.0,2401.0,2616.0,3329.5,2323.0,806.5,1099.5,1266.0,1785.0,2366.0,2642.0,2711.0,2913.0,3009.0,1968.0,733.0,1051.0,1242.0,1800.0,2406.0,2668.0,2861.0,2946.0,2821.5,2157.0,1110.5,1339.5,1638.0,1884.0,1997.5,2141.5,2361.0,2385.0,2752.0,2120.5,926.0,1157.0,1534.5,1776.0,1892.0,2048.0,2204.5,2245.5,3283.5,2769.5,2321.5,2398.0,2661.5,2903.0,2950.5,3064.0,3284.0,3249.0,2391.0,1678.5,749.5,1009.0,1383.0,1563.5,1681.0,1821.0,2067.0,2079.0,2781.0,2111.0,854.0,1129.5,1502.0,1718.5,1813.5,1940.0,2119.5,2198.5,0.0,0.0,0.0,0.0,0.0,0.0,0.0,0.0,0.0,0.0,1107.0,674.0,549.0,687.0,982.0,1188.0,1235.0,1389.0,1562.0,1576.0,0.0,0.0,0.0,0.0,0.0,0.0,0.0,0.0,0.0,0.0,633.0,688.0,10804.0,10532.0,10404.0,10425.0,10050.0,9611.0,9990.0,9223.0,2032.0,1878.0,6638.5,6394.0,6293.0,6526.5,6246.5,6022.5,6365.0,5811.5,2351.0,1638.5,779.5,1021.0,1273.5,1513.0,1649.0,1778.5,1989.0,2004.5,3135.0,2516.0,1015.0,1274.0,1558.0,1811.0,1908.0,2054.0,2272.0,2276.0,3115.0,2373.0,1076.0,1398.0,1773.0,2005.0,2110.0,2254.0,2422.0,2477.0,2974.0,2271.0,970.0,1169.0,1470.0,1697.0,1779.0,1919.0,2099.0,2150.0,"{""type"":""MultiPoint"",""coordinates"":[]}"
3317,3,1879.5,1246.5,568.5,741.5,957.0,1220.5,1411.5,1564.5,1813.0,1772.0,3914.0,3403.0,1165.0,1456.0,1822.0,2182.0,2482.0,2629.0,2784.0,2860.0,2133.0,1393.5,624.0,833.0,1053.0,1411.5,1612.0,1780.0,1930.5,1971.0,2619.5,1917.5,1533.5,1580.5,1666.0,1962.5,2042.0,2163.5,2229.0,2328.5,4012.0,3563.0,1223.0,1582.0,1957.0,2270.0,2503.0,2662.0,2897.0,2889.0,3380.0,2709.0,1436.5,1678.0,1880.0,2337.5,2613.5,2868.0,2982.0,3005.0,0.0,0.0,0.0,0.0,0.0,0.0,0.0,0.0,0.0,0.0,1993.5,1217.5,501.5,753.5,583.0,1148.5,2370.0,2933.5,2821.0,3037.5,1690.0,939.0,353.0,596.0,429.0,960.5,2423.5,2985.0,3050.5,3284.0,1850.5,1068.0,431.5,622.5,412.5,926.5,2580.5,3510.5,3558.0,3679.5,1955.0,1073.0,573.0,769.0,553.0,1060.0,2744.0,3801.0,3757.0,3973.0,1708.5,1261.5,671.5,756.5,895.5,1020.5,1168.0,1290.0,1495.0,1368.5,1653.0,848.0,390.0,580.0,368.0,870.0,2498.0,3525.0,3402.0,3694.0,1779.0,976.5,448.0,677.0,425.5,1050.0,2728.0,3771.0,3843.5,3937.5,1914.0,1009.0,614.0,910.0,592.0,1400.0,3010.0,3767.0,3799.0,4136.0,1903.0,1048.0,526.0,872.0,648.0,1418.0,2724.0,3305.0,3384.0,3577.0,1965.0,1172.0,496.0,909.0,836.0,1569.0,2623.0,3104.0,3354.0,3355.0,2039.0,1144.0,481.0,839.0,903.0,1591.0,2418.0,2677.0,2884.0,3010.0,4092.0,2846.0,1140.5,1555.0,2238.5,2569.5,2811.5,2993.5,3359.0,3474.0,2575.5,2361.0,1218.0,1231.0,1361.5,1612.5,1681.0,1812.0,1777.5,2025.0,2592.0,2354.5,648.5,806.5,1024.0,1221.5,1325.0,1410.0,1502.0,1575.0,2735.0,2500.5,695.0,897.0,1213.5,1372.0,1491.0,1592.5,1758.0,1804.0,2532.0,1994.5,720.0,909.0,1171.0,1413.0,1633.0,1736.5,2048.0,1973.0,2734.0,2346.0,625.5,809.5,1094.5,1280.5,1515.5,1621.5,1828.0,1790.0,1847.0,1325.0,438.0,588.0,804.0,930.0,1157.0,1228.0,1476.0,1455.0,1843.0,1316.5,362.5,544.0,790.0,953.0,1125.5,1254.0,1452.0,1411.5,1999.5,1474.5,479.5,679.5,904.5,1085.5,1269.5,1422.5,1573.0,1528.0,3606.0,2518.0,4271.0,4418.0,4499.0,4930.0,4428.0,4222.0,4746.0,4175.0,1578.0,1067.5,617.5,786.5,951.0,1189.5,1371.5,1505.0,1717.5,1630.5,0.0,0.0,0.0,0.0,0.0,0.0,0.0,0.0,0.0,0.0,870.0,919.0,10080.0,9596.0,9610.0,9598.0,9283.0,9045.0,9584.0,8647.0,1708.0,1178.5,826.0,997.5,1259.5,1584.0,1694.0,1768.0,1923.0,2009.0,2773.0,2040.0,667.0,910.0,1139.0,1453.0,1685.0,1856.0,2193.0,2033.0,2650.0,1931.5,763.5,983.5,1168.0,1483.5,1820.5,1935.5,2119.0,2115.5,2201.0,1450.0,649.0,880.0,1078.0,1388.0,1688.0,1827.0,2077.0,2068.0,3837.0,3304.0,1079.0,1458.0,1788.0,2156.0,2509.0,2708.0,2905.0,2867.0,"{""type"":""MultiPoint"",""coordinates"":[]}"
3319,5,2498.0,1677.0,591.0,864.0,964.0,1538.0,2455.0,2636.0,2931.0,2864.0,5648.0,5507.0,1834.0,2454.0,3174.0,3522.0,3670.0,3870.0,4139.0,4128.0,2111.5,1550.0,607.5,799.0,1011.0,1223.0,1427.5,1553.5,1652.5,1698.0,3573.0,2972.5,911.0,1334.5,1516.5,2031.0,2566.5,2779.0,2902.5,2978.0,3481.0,2732.0,885.0,1315.0,1523.0,2028.0,2653.0,2866.0,3074.0,3117.0,4278.0,3470.0,1070.0,1477.0,1500.0,2176.0,4039.0,4656.0,4598.0,4928.0,3235.0,1743.5,632.0,972.0,670.5,1466.0,4437.0,5337.5,5247.5,5539.0,3841.5,2726.0,2102.5,2213.5,1946.0,2553.5,5044.0,6136.0,6178.0,6329.0,2871.0,1417.0,477.5,772.5,651.0,1199.5,4442.5,5946.5,6127.5,6352.0,2555.5,1066.0,497.0,603.0,341.0,788.0,4290.0,6274.5,6152.0,6667.0,2902.0,1185.0,410.0,558.0,298.5,779.5,5040.5,7218.0,7125.5,7704.0,2651.0,1879.0,616.0,888.0,1083.0,1686.0,2574.0,2770.0,3039.0,2892.0,2328.0,952.0,367.0,484.0,266.0,715.0,3958.0,5439.0,5485.0,5895.0,2342.0,954.5,334.0,545.5,305.5,835.5,4019.0,5427.5,5509.0,5910.0,2322.0,991.0,425.0,585.0,348.0,893.0,3622.0,4847.0,4785.0,5244.0,2266.0,1046.0,400.0,572.0,344.0,871.0,3351.0,4428.0,4309.0,4774.0,2173.0,1057.0,255.0,547.0,353.0,925.0,3086.0,3910.0,3969.0,4314.0,1954.0,966.0,348.0,582.0,402.0,995.0,2678.0,3302.0,3514.0,3711.0,2195.5,1151.0,334.5,611.0,412.5,1106.0,2568.5,3023.5,3317.5,3433.5,3308.5,2725.5,1326.5,1429.5,1539.5,1853.0,2144.5,2349.5,2412.0,2562.5,4393.0,3900.0,1025.0,1418.0,1927.0,2272.0,2397.0,2625.0,2674.0,2909.0,4362.0,3958.5,1076.5,1480.0,2020.0,2321.5,2517.0,2689.0,2873.0,2948.0,2498.5,1924.5,858.5,1001.0,1114.0,1633.0,2304.0,2510.5,2632.5,2656.0,3837.0,3204.0,935.0,1344.0,1628.0,2091.5,2403.0,2598.0,2771.0,2813.0,2382.0,1906.0,2364.0,2237.0,2231.0,2308.0,2389.0,2507.0,2723.0,2552.0,2427.0,1446.0,458.0,829.0,637.0,1502.0,2522.0,2783.0,2948.0,2917.0,2475.5,1475.5,395.5,847.0,644.5,1532.5,3281.5,3618.5,3711.0,3797.0,0.0,0.0,0.0,0.0,0.0,0.0,0.0,0.0,0.0,0.0,2105.0,1059.0,323.0,670.0,318.0,1178.0,4192.0,4666.0,4943.0,4947.0,0.0,0.0,0.0,0.0,0.0,0.0,0.0,0.0,0.0,0.0,789.0,867.0,10714.0,10428.0,10320.0,10474.0,10070.0,9685.0,10064.0,9294.0,1784.0,1307.5,4164.0,4227.0,4340.0,4777.5,5018.5,5021.5,5225.0,4994.5,2158.0,1291.0,404.0,678.0,687.0,1402.0,2640.0,2911.0,3181.0,3139.0,2507.0,1610.0,602.0,964.0,1123.0,1874.0,2465.0,2701.0,2994.0,2951.0,2499.0,1594.0,496.0,854.0,1090.0,1762.0,2231.0,2419.0,2650.0,2679.0,2609.0,1979.0,661.0,894.0,1214.0,1373.0,1504.0,1613.0,1766.0,1807.0,"{""type"":""MultiPoint"",""coordinates"":[]}"
3323,5,1346.0,881.0,486.0,614.0,854.0,1031.0,1120.0,1235.0,1397.0,1408.0,3489.5,2591.5,1084.0,1354.0,1691.5,1984.0,2067.5,2220.0,2422.5,2512.5,1091.5,676.0,536.0,746.0,1003.0,1256.5,1340.0,1476.0,1589.5,1646.0,1266.5,1217.0,1105.5,1148.5,1220.0,1417.5,1354.0,1529.5,1342.5,1514.0,1516.0,963.0,512.0,702.0,836.0,1058.0,1175.0,1270.0,1428.0,1452.0,0.0,0.0,0.0,0.0,0.0,0.0,0.0,0.0,0.0,0.0,0.0,0.0,0.0,0.0,0.0,0.0,0.0,0.0,0.0,0.0,4387.0,4227.0,1408.0,1710.0,2114.0,2402.0,2503.0,2692.0,2646.0,2911.0,4227.0,3984.0,1876.0,1977.0,2253.0,2829.0,3227.0,3539.0,2815.0,3738.0,4392.0,3693.0,1220.0,1612.0,2018.0,2383.0,2734.0,2961.0,3081.0,3182.0,5705.0,4821.0,1706.0,2195.0,2396.0,3122.0,4051.0,4613.0,4590.0,4930.0,3585.0,2827.0,1229.0,1434.0,1777.0,2025.0,2158.0,2316.0,2616.0,2632.0,4087.0,2996.0,933.0,1372.0,1189.0,1961.0,3530.0,4201.0,4107.0,4486.0,3291.0,2095.0,604.0,943.0,723.0,1439.0,4010.0,4984.0,5038.0,5183.0,2702.0,1347.0,466.0,757.0,395.0,1103.0,4179.0,5431.0,5244.0,5613.0,2316.0,1031.0,275.0,514.0,229.0,824.0,4127.0,5404.0,5236.0,5700.0,2032.0,899.0,193.0,453.0,209.0,759.0,3929.0,5138.0,5211.0,5389.0,2008.0,885.5,315.5,575.0,287.0,909.5,3759.0,4940.0,4901.0,5235.0,2109.5,985.0,375.5,847.0,395.5,1400.0,3885.5,4608.5,4858.5,4921.0,2268.0,1439.5,456.0,807.5,860.0,1454.5,1799.5,2004.5,2100.5,2343.5,3055.0,2316.0,466.0,665.0,953.0,1199.0,1304.0,1497.0,1659.0,1834.0,3151.0,2486.0,527.0,691.0,973.0,1192.0,1299.0,1479.0,1638.0,1749.0,638.0,486.0,445.0,517.0,657.0,851.0,777.0,790.0,844.0,788.0,2759.0,2252.0,837.0,1042.0,1350.0,1511.0,1595.0,1723.0,1923.0,1907.0,1771.0,1114.0,587.0,760.0,1049.0,1223.0,1324.0,1422.0,1605.0,1637.0,2482.0,1788.5,679.0,932.0,1238.0,1448.5,1531.0,1675.0,1882.5,1879.5,3944.0,3479.0,1263.0,1605.0,2013.0,2316.0,2367.0,2535.0,2617.0,2743.0,0.0,0.0,0.0,0.0,0.0,0.0,0.0,0.0,0.0,0.0,733.5,463.5,959.5,1193.5,1377.0,1474.5,1199.5,1243.0,1250.0,1101.5,0.0,0.0,0.0,0.0,0.0,0.0,0.0,0.0,0.0,0.0,1079.0,1063.0,8460.0,8252.0,8422.0,8411.0,8303.0,8140.0,8482.0,7902.0,950.0,656.5,616.5,762.0,1017.0,1274.0,1313.0,1442.0,1474.5,1483.5,245.0,199.0,265.0,411.0,507.0,601.0,378.0,434.0,405.0,350.0,272.5,208.5,449.0,572.0,674.0,787.5,606.5,646.5,633.0,541.5,768.0,577.0,339.0,531.0,750.0,975.0,998.0,1110.0,1281.0,1280.0,2774.0,1968.0,1047.0,1299.0,1612.0,1925.0,1981.0,2107.0,2277.0,2354.0,"{""type"":""MultiPoint"",""coordinates"":[]}"
3329,5,1707.0,1101.0,573.0,731.0,917.0,1119.0,1238.0,1365.0,1561.0,1512.0,3851.0,3083.0,1039.0,1471.0,1755.0,2236.0,2609.0,2776.0,2976.0,3011.0,1664.5,1057.0,702.0,913.0,1153.0,1381.0,1480.0,1583.5,1691.5,1737.0,1439.0,870.0,804.0,1080.0,1382.0,1641.0,1714.0,1824.0,1986.0,1977.0,0.0,0.0,0.0,0.0,0.0,0.0,0.0,0.0,0.0,0.0,4531.0,4221.0,4717.0,4438.0,4028.0,4293.0,4299.0,4223.0,5088.0,4298.0,0.0,0.0,0.0,0.0,0.0,0.0,0.0,0.0,0.0,0.0,4512.0,4002.0,1496.0,2006.0,2345.0,2783.0,3108.0,3337.0,3492.0,3488.0,0.0,0.0,0.0,0.0,0.0,0.0,0.0,0.0,0.0,0.0,2731.0,1841.0,1595.0,1767.0,1463.5,1901.5,2998.5,3367.0,3620.0,3536.0,2301.0,1196.0,564.0,837.0,668.0,1233.0,2776.0,3333.0,3303.0,3433.0,2845.0,2250.0,772.0,999.0,1215.0,1426.0,1610.0,1718.0,1934.0,1897.0,2614.0,1281.0,420.0,656.0,394.0,1049.0,3733.0,4771.0,4608.0,4880.0,2305.0,1162.0,477.0,606.0,375.0,852.0,3499.0,4825.0,4874.0,4946.0,0.0,0.0,0.0,0.0,0.0,0.0,0.0,0.0,0.0,0.0,2230.5,981.0,280.0,464.5,235.5,753.5,3606.5,4886.0,4736.0,5131.5,2198.0,1006.5,373.5,583.5,323.5,904.5,3560.5,4523.0,4688.0,4820.5,0.0,0.0,0.0,0.0,0.0,0.0,0.0,0.0,0.0,0.0,3058.5,2002.0,525.0,870.5,1028.0,1631.5,2049.5,2336.0,2643.0,2772.0,2343.0,1639.0,816.0,912.0,1079.0,1295.0,1400.0,1502.0,1558.0,1720.0,3092.0,2276.5,697.0,888.0,1189.0,1395.5,1493.0,1656.0,1841.0,1888.0,3904.0,3036.0,996.0,1234.0,1606.0,1852.0,1957.0,2121.0,2293.0,2359.0,0.0,0.0,0.0,0.0,0.0,0.0,0.0,0.0,0.0,0.0,3368.0,2495.0,887.0,1102.0,1401.0,1625.0,1759.0,1895.0,2097.0,2111.0,0.0,0.0,0.0,0.0,0.0,0.0,0.0,0.0,0.0,0.0,1419.0,847.0,505.0,754.0,1030.0,1222.0,1280.0,1410.0,1564.0,1582.0,2095.0,1383.0,590.0,849.0,1136.0,1379.0,1441.0,1584.0,1740.0,1764.0,0.0,0.0,0.0,0.0,0.0,0.0,0.0,0.0,0.0,0.0,1960.0,1231.0,691.0,951.0,1214.0,1422.0,1561.0,1685.0,1885.0,1883.0,0.0,0.0,0.0,0.0,0.0,0.0,0.0,0.0,0.0,0.0,1170.0,1271.0,11071.0,10636.0,10516.0,10641.0,10301.0,9925.0,10285.0,9495.0,0.0,0.0,0.0,0.0,0.0,0.0,0.0,0.0,0.0,0.0,2199.0,1508.0,546.0,756.0,990.0,1239.0,1421.0,1581.0,1768.0,1742.0,2290.0,1569.0,710.0,943.0,1086.0,1419.0,1739.0,1856.0,2068.0,2006.0,1541.0,991.0,510.0,749.0,873.0,1259.0,1534.0,1693.0,1854.0,1786.0,2425.0,1683.5,762.5,1049.5,1163.5,1637.5,2007.0,2154.0,2256.0,2342.5,"{""type"":""MultiPoint"",""coordinates"":[]}"
3330,3,45.0,36.0,985.0,1191.0,1131.0,1099.0,564.0,538.0,471.0,280.0,2639.0,2314.0,736.0,918.0,1159.0,1308.0,1370.0,1497.0,1638.0,1649.0,839.5,484.5,556.0,651.5,771.0,885.0,933.5,1015.5,1104.5,1115.0,1089.0,647.0,709.0,836.0,987.0,1141.0,1176.0,1239.0,1365.0,1376.0,0.0,0.0,0.0,0.0,0.0,0.0,0.0,0.0,0.0,0.0,3295.0,2998.0,1154.0,1354.0,1597.0,1829.0,1884.0,2044.0,2114.0,2197.0,0.0,0.0,0.0,0.0,0.0,0.0,0.0,0.0,0.0,0.0,1153.0,697.0,640.0,926.0,719.0,1225.0,1787.0,1893.0,1904.0,1912.0,0.0,0.0,0.0,0.0,0.0,0.0,0.0,0.0,0.0,0.0,1224.0,643.0,444.0,670.0,429.0,1010.0,2154.0,2594.0,2486.0,2638.0,0.0,0.0,0.0,0.0,0.0,0.0,0.0,0.0,0.0,0.0,168.0,151.0,1047.0,1239.0,1363.0,1458.0,1171.0,1180.0,1165.0,989.0,1356.0,629.0,433.0,557.0,291.0,725.0,2394.0,3543.0,3247.0,3596.0,1530.0,740.0,524.0,746.0,419.0,1055.0,2985.0,3866.0,3878.0,4019.0,1931.0,937.0,522.0,955.0,463.0,1446.0,3626.0,4525.0,4415.0,4769.0,2437.0,1501.0,1027.5,1457.5,1008.5,2009.5,3886.0,4433.5,4363.0,4692.5,1961.5,1154.0,581.0,1024.0,991.0,1850.5,2804.0,3147.5,3370.0,3461.0,0.0,0.0,0.0,0.0,0.0,0.0,0.0,0.0,0.0,0.0,1698.0,1076.5,475.5,696.5,901.5,1232.0,1524.5,1703.5,1867.5,1905.0,1134.0,702.0,480.0,632.0,681.0,1002.0,1198.0,1336.0,1372.0,1485.0,1384.5,864.0,374.5,545.0,615.5,929.0,1271.5,1423.5,1594.0,1596.0,1996.0,1207.0,459.0,629.0,718.0,1131.0,1520.0,1696.0,1777.0,1892.0,0.0,0.0,0.0,0.0,0.0,0.0,0.0,0.0,0.0,0.0,1755.0,1049.0,485.0,701.0,798.0,1150.0,1444.0,1602.0,1847.0,1852.0,0.0,0.0,0.0,0.0,0.0,0.0,0.0,0.0,0.0,0.0,201.0,113.0,277.0,473.0,663.0,899.0,868.0,942.0,987.0,940.0,352.0,230.0,525.0,727.0,900.0,1158.0,1091.0,1171.0,1247.0,1205.0,0.0,0.0,0.0,0.0,0.0,0.0,0.0,0.0,0.0,0.0,207.0,141.0,387.0,478.0,616.0,775.0,770.0,852.0,931.0,854.0,0.0,0.0,0.0,0.0,0.0,0.0,0.0,0.0,0.0,0.0,1012.0,1101.0,10982.0,10581.0,10461.0,10543.0,10203.0,9828.0,10282.0,9434.0,0.0,0.0,0.0,0.0,0.0,0.0,0.0,0.0,0.0,0.0,1505.0,875.0,449.0,608.0,780.0,1009.0,1091.0,1200.0,1368.0,1378.0,2199.0,1481.0,765.0,961.0,1143.0,1348.0,1445.0,1555.0,1790.0,1746.0,961.0,516.0,495.0,641.0,769.0,975.0,1080.0,1146.0,1314.0,1317.0,3264.0,2313.0,2960.0,2580.0,2399.0,2658.0,2607.0,2544.0,3558.0,2589.0,"{""type"":""MultiPoint"",""coordinates"":[]}"
3340,5,1787.5,1179.0,505.0,774.0,1166.5,1447.5,1574.0,1771.5,1999.5,2014.5,4566.0,4409.5,1388.0,1744.5,2398.0,2691.5,2857.5,3073.5,3248.5,3382.5,0.0,0.0,0.0,0.0,0.0,0.0,0.0,0.0,0.0,0.0,3099.5,2535.5,823.0,1092.0,1423.5,1770.0,1926.0,2102.0,2227.5,2331.0,2941.5,2309.5,725.5,1034.0,1357.0,1686.0,1868.5,2040.5,2205.5,2264.0,0.0,0.0,0.0,0.0,0.0,0.0,0.0,0.0,0.0,0.0,0.0,0.0,0.0,0.0,0.0,0.0,0.0,0.0,0.0,0.0,4346.5,3376.0,2039.5,2079.5,1956.5,2542.0,3418.5,4025.0,3946.0,4330.0,4798.5,4016.5,1148.5,1570.5,1867.0,2472.0,3475.0,3911.0,4039.5,4298.5,4243.0,3188.0,854.0,1291.5,1442.0,2171.0,3903.0,4648.0,4629.0,5010.0,3061.5,1995.0,1724.0,1835.0,1706.0,2170.5,3884.0,4742.5,4676.0,4925.5,2885.0,2210.0,694.0,975.5,1420.5,1693.5,1851.5,2038.0,2304.0,2336.5,2184.0,1078.0,268.5,500.5,302.0,824.0,3141.5,4187.5,4033.5,4492.5,0.0,0.0,0.0,0.0,0.0,0.0,0.0,0.0,0.0,0.0,2231.0,1001.5,314.5,486.0,309.0,787.0,3447.0,4678.5,4676.5,5190.5,2001.0,874.0,268.5,450.0,224.0,716.5,3204.0,4346.5,4278.5,4625.0,2027.5,985.5,212.5,462.0,261.0,817.5,3119.5,4023.5,3998.5,4361.0,2217.0,1183.0,397.5,826.0,568.5,1593.5,3328.5,3800.0,3962.5,4213.5,3279.0,2401.0,934.5,1078.5,1292.5,1690.5,1924.5,2125.5,2320.0,2513.0,3241.5,2493.5,1740.5,1912.5,2168.5,2620.0,2765.0,2902.5,2761.0,3161.0,2329.0,1681.5,436.5,591.5,813.5,1089.5,1247.5,1423.5,1238.0,1643.0,2872.0,2497.0,619.0,860.5,1270.5,1499.0,1589.0,1746.5,1880.0,1998.0,4630.5,4462.5,3551.5,3584.5,3767.0,3978.5,4064.5,4137.5,4422.5,4240.5,2776.0,2162.0,661.5,915.0,1332.0,1556.5,1698.0,1867.0,2046.5,2118.0,3124.5,2549.0,842.0,1145.5,1465.5,1822.0,1991.0,2150.0,2294.5,2396.5,3711.0,3152.5,951.5,1325.5,1676.0,2132.5,2314.5,2530.5,2754.0,2834.5,3180.5,2590.0,732.5,1085.0,1496.5,1835.0,1997.5,2163.5,2373.0,2463.5,0.0,0.0,0.0,0.0,0.0,0.0,0.0,0.0,0.0,0.0,2872.0,2130.5,2372.5,2254.5,2115.0,2242.5,2332.0,2379.0,3126.5,2413.5,0.0,0.0,0.0,0.0,0.0,0.0,0.0,0.0,0.0,0.0,0.0,0.0,0.0,0.0,0.0,0.0,0.0,0.0,0.0,0.0,211.0,197.5,8467.5,8619.0,8816.0,9050.5,8614.0,8163.5,8331.5,7633.5,2789.5,2152.5,724.5,951.5,1299.0,1654.5,1899.0,2158.0,2123.0,2481.5,0.0,0.0,0.0,0.0,0.0,0.0,0.0,0.0,0.0,0.0,2893.0,2176.0,755.5,1018.5,1435.5,1665.5,1793.0,1977.0,2199.0,2274.5,3287.5,2629.0,903.5,1196.0,1611.0,1898.5,2033.5,2219.5,2429.5,2498.0,"{""type"":""MultiPoint"",""coordinates"":[]}"
3342,5,1499.0,990.5,629.5,847.0,1033.5,1268.0,1334.0,1454.5,1587.0,1551.0,2700.0,1834.0,922.0,1210.0,1357.0,1798.0,2128.0,2313.0,2409.0,2456.0,2442.0,1607.0,838.0,1057.0,1378.0,1602.0,1690.0,1844.0,2016.0,2044.0,3550.5,2974.0,1249.5,1610.5,2040.5,2334.5,2480.0,2648.5,2797.0,2860.0,2696.0,1778.0,936.0,1228.0,1550.0,1826.0,2015.0,2197.0,2345.0,2401.0,5518.5,4683.0,1799.0,2299.5,2592.0,3221.5,4115.5,4459.0,4597.5,4745.5,0.0,0.0,0.0,0.0,0.0,0.0,0.0,0.0,0.0,0.0,2896.0,1634.0,480.0,842.0,652.0,1298.0,3262.0,3780.0,3774.0,3968.0,3291.0,1910.0,641.0,972.0,841.5,1473.5,4174.0,4997.0,5033.5,5357.5,2492.5,1286.5,394.5,588.5,371.5,900.5,3482.5,4556.0,4614.5,4881.0,2563.0,1282.0,304.0,527.0,328.0,791.0,3661.0,4947.0,4960.0,5293.0,1898.0,1344.0,548.0,759.0,954.0,1137.0,1222.0,1316.0,1459.0,1444.0,2284.0,1031.0,485.0,647.0,375.0,894.0,3692.0,4726.0,4779.0,5233.0,2008.0,905.0,466.0,625.0,403.0,892.0,3166.0,4117.0,4106.0,4610.0,1833.0,856.0,293.0,455.0,254.0,811.0,2857.0,3614.0,3563.0,3937.0,1964.0,1000.0,363.0,598.0,355.0,1064.0,2603.0,3139.0,3156.0,3507.0,2236.0,1322.5,387.5,618.5,628.0,1153.0,1823.0,2088.5,2242.5,2461.0,3064.0,2096.5,460.5,672.5,829.5,1233.5,1687.0,1928.0,2082.0,2260.5,1844.0,1073.0,400.0,554.5,585.0,946.5,1444.0,1644.0,1786.5,1897.0,2207.0,1310.0,371.0,567.0,563.0,1001.0,1706.0,1876.0,1984.0,2160.0,3680.0,2695.0,808.5,1034.5,1324.5,1747.5,2124.5,2385.0,2514.0,2695.5,3261.0,2500.0,705.0,970.0,1224.0,1571.0,1855.0,1971.0,2140.0,2261.0,1546.0,1240.0,729.0,816.0,937.0,1041.0,1163.0,1237.0,1331.0,1275.0,2901.5,2475.5,843.0,1094.5,1428.5,1606.0,1697.0,1824.5,1975.0,2012.5,3379.5,2930.5,1014.5,1277.0,1632.5,1849.0,1927.5,2060.5,2169.0,2260.5,2712.5,2216.0,810.5,1000.0,1325.5,1493.0,1572.5,1715.0,1925.5,1906.0,2958.5,2567.5,820.5,1076.5,1426.5,1624.5,1691.0,1805.5,1927.5,2018.5,0.0,0.0,0.0,0.0,0.0,0.0,0.0,0.0,0.0,0.0,2218.5,1556.5,685.0,869.0,1064.0,1315.5,1415.0,1561.0,1649.0,1740.0,0.0,0.0,0.0,0.0,0.0,0.0,0.0,0.0,0.0,0.0,78.0,106.0,8236.0,8271.0,8304.0,8476.0,8061.0,7387.0,7486.0,6797.0,772.0,522.0,2408.0,2601.0,2796.0,2939.0,2862.0,2774.0,2893.0,2674.0,2024.5,1350.5,784.5,1066.0,1311.0,1572.0,1687.5,1804.0,1991.5,1962.5,2954.5,2286.5,988.5,1281.5,1570.5,1831.0,1972.0,2113.5,2179.0,2251.5,2517.0,1670.0,827.0,1105.0,1358.0,1638.0,1795.0,1959.0,2152.0,2142.0,2529.0,1721.0,836.0,1176.0,1458.0,1744.0,1975.0,2072.0,2241.0,2286.0,"{""type"":""MultiPoint"",""coordinates"":[]}"
3345,1,3281.5,2948.0,2804.0,2853.5,3042.0,3205.5,3224.5,3323.0,3658.0,3427.5,3916.5,3624.5,3354.5,3183.0,3188.5,3385.5,3334.0,3599.5,4512.5,3917.0,2335.5,1550.0,709.0,935.0,1242.0,1492.5,1636.0,1767.5,1936.0,1987.5,2588.0,1772.0,826.5,1079.0,1288.5,1635.0,1854.5,2046.5,2246.0,2230.5,5249.0,4722.0,1681.0,2274.0,2642.0,3251.5,3739.5,3952.5,4247.0,4201.5,4291.0,3153.0,1152.0,1547.0,1547.0,2142.0,3800.0,4523.0,4504.5,4802.0,0.0,0.0,0.0,0.0,0.0,0.0,0.0,0.0,0.0,0.0,4081.5,3071.0,2267.5,2461.0,2370.5,2918.5,4540.0,5559.5,5450.5,5797.5,1751.0,810.5,211.5,462.5,283.0,640.0,3169.0,4997.5,4927.0,5249.0,1847.5,801.0,330.0,511.0,314.0,611.5,2744.5,4155.0,4176.5,4443.0,1890.0,827.0,450.0,618.5,414.0,697.0,2747.5,4357.0,4333.0,4516.0,2390.0,1591.5,528.5,786.5,1070.0,1291.0,1394.5,1558.5,1838.5,1812.0,1896.0,811.0,428.0,562.5,375.0,682.5,2584.5,4101.0,3951.0,4435.0,1808.5,825.5,471.0,625.5,419.5,780.5,2640.5,3892.0,3846.5,4069.0,1760.0,906.5,371.5,568.0,526.5,868.5,2127.5,2630.0,2587.0,2962.0,2089.0,1392.5,454.0,611.5,584.0,911.0,1453.0,1836.5,1843.0,2032.0,2561.0,1815.0,442.0,606.0,712.5,986.5,1471.5,1616.5,1797.0,2011.0,5097.0,3759.0,1214.5,1643.5,2328.0,2898.5,3196.0,3499.0,3602.5,3944.0,4453.5,3470.5,1012.5,1351.0,1872.5,2300.0,2490.5,2706.5,2883.5,3028.0,2207.0,1843.5,955.5,1063.5,1224.0,1526.5,1683.0,1842.5,2033.0,2100.0,3824.0,2968.5,719.0,993.5,1341.0,1703.0,1941.0,2161.5,2422.0,2464.5,2661.0,1987.5,601.0,814.5,1095.0,1409.0,1639.0,1861.0,2087.5,2152.5,2296.0,1987.5,555.0,784.0,1005.5,1224.5,1275.5,1419.5,1555.0,1592.0,3840.5,2943.0,759.0,996.0,1388.0,1659.0,1863.0,2041.0,2382.0,2392.0,2691.0,1757.0,696.0,877.0,1274.0,1488.0,1647.5,1827.0,2178.0,2114.0,2736.0,1897.5,568.0,819.0,1234.0,1378.0,1577.0,1754.0,2066.0,2104.5,3083.0,2200.0,629.5,851.0,1266.0,1463.0,1601.5,1772.5,2054.0,2111.0,0.0,0.0,0.0,0.0,0.0,0.0,0.0,0.0,0.0,0.0,1619.5,1028.5,570.0,678.0,948.0,1102.5,1198.0,1388.0,1581.5,1632.0,1103.5,785.5,783.0,814.0,867.0,955.5,1022.5,1059.5,1206.0,1186.0,962.5,1072.0,10453.0,10192.0,10126.5,10216.5,9860.0,9532.5,9892.0,9233.5,1223.5,783.0,1003.5,1248.5,1436.0,1652.5,1747.0,1845.0,2002.0,2038.5,3551.5,3203.0,896.0,1159.0,1534.0,1809.0,1873.5,2033.0,2199.0,2293.5,2140.5,1457.5,783.5,1053.5,1410.5,1620.0,1741.5,1929.5,2156.0,2109.0,2647.0,1820.5,895.0,1243.5,1612.0,1945.0,1989.0,2175.0,2354.0,2425.0,4200.0,3997.5,1265.5,1606.0,2095.0,2420.5,2429.0,2646.0,2773.0,2845.0,"{""type"":""MultiPoint"",""coordinates"":[]}"
3361,5,1372.5,860.0,603.0,809.0,1106.0,1400.5,1531.5,1665.0,1870.5,1866.0,3450.0,2496.0,1178.0,1519.0,1776.0,2297.0,2634.0,2849.0,3022.0,3102.0,1555.5,916.0,697.5,1001.0,1209.0,1704.5,1998.5,2174.5,2310.5,2352.5,1510.0,917.0,661.0,910.0,1115.0,1573.0,1858.0,2025.0,2204.0,2220.0,3527.0,3048.0,1187.0,1522.0,1934.0,2192.0,2339.0,2457.0,2683.0,2691.0,6744.0,6633.0,2301.0,2769.0,3504.0,4007.0,4029.0,4340.0,4463.0,4679.0,2855.0,2325.0,2615.0,2428.0,2442.0,2779.0,2963.0,3092.0,3188.0,3169.0,7011.0,6412.0,2967.5,3618.5,4119.5,4825.5,5131.0,5452.5,5563.0,5828.5,6260.0,5407.0,2869.0,3490.0,3912.0,4596.0,5271.0,5513.0,5460.0,5889.0,5373.0,4712.0,1925.0,2438.0,2817.0,3407.0,4472.0,4913.0,4963.0,5214.0,2800.0,1851.0,834.0,1114.0,1017.0,1591.0,3230.0,3729.0,3611.0,4063.0,2291.0,1621.0,865.0,1101.0,1393.0,1661.0,1849.0,1965.0,2183.0,2169.0,2900.0,1613.5,537.5,816.5,602.5,1171.0,4134.0,5314.5,5197.0,5667.5,2642.0,1186.0,353.0,579.0,304.0,884.0,4428.0,6157.0,6192.0,6345.0,2100.0,860.5,263.5,429.0,217.5,646.5,3875.0,5486.5,5365.5,5697.0,2175.0,897.0,257.0,454.0,238.0,651.0,4074.0,5411.0,5281.0,5740.0,2031.0,828.0,184.0,460.0,209.0,736.0,3783.0,5132.0,5162.0,5397.0,2984.5,1842.5,1202.0,1479.5,1308.0,1990.0,4242.0,5104.0,5071.0,5364.5,2392.0,1281.5,456.0,877.5,675.0,1584.5,2686.5,3038.5,3243.0,3333.5,2780.0,2288.5,681.5,801.5,950.0,1121.5,1244.0,1352.0,1502.5,1522.0,3038.0,2573.0,580.0,705.0,897.0,1097.0,1196.0,1338.0,1444.0,1520.0,3610.5,2884.5,789.5,990.0,1252.5,1446.0,1545.0,1684.5,1809.0,1896.0,2700.0,2464.5,1751.5,1822.5,1997.5,2216.0,2262.5,2370.5,2479.0,2446.0,3512.0,2705.0,784.0,949.0,1178.0,1389.0,1522.0,1643.0,1768.0,1801.0,1712.0,1282.0,967.5,922.0,954.0,1162.0,1281.5,1348.5,1475.0,1513.0,2133.0,1378.5,408.0,580.5,694.5,972.0,1241.5,1365.5,1525.5,1533.5,2592.5,1806.0,551.5,760.0,841.0,1193.0,1583.0,1697.5,1844.5,1905.0,0.0,0.0,0.0,0.0,0.0,0.0,0.0,0.0,0.0,0.0,2162.0,1424.0,540.0,690.0,727.0,1087.0,1442.0,1609.0,1764.0,1740.0,0.0,0.0,0.0,0.0,0.0,0.0,0.0,0.0,0.0,0.0,1117.0,1231.0,10636.0,10294.0,10222.0,10307.0,9995.0,9668.0,10004.0,9290.0,1029.0,662.0,2715.5,2862.0,3070.5,3302.5,3309.5,3249.5,3449.5,3240.5,1841.0,1180.0,664.0,919.0,1243.0,1574.0,1799.0,1940.0,2177.0,2188.0,1921.0,1374.0,810.0,1099.0,1345.0,1727.0,2014.0,2111.0,2224.0,2120.0,1513.0,952.0,643.0,887.0,1127.0,1581.0,1825.0,2007.0,2125.0,2204.0,1886.0,1089.0,835.0,1124.0,1340.0,1853.0,2183.0,2347.0,2485.0,2540.0,"{""type"":""MultiPoint"",""coordinates"":[]}"
3362,5,1335.0,868.0,459.0,624.0,786.0,952.0,1055.0,1116.0,1376.0,1282.0,2874.0,2225.0,769.0,1089.0,1228.0,1622.0,1880.0,2112.0,2276.0,2224.0,1466.0,944.0,582.0,729.0,855.0,984.0,1168.0,1224.0,1375.0,1288.0,1796.0,1208.0,562.0,725.0,816.0,1009.0,1180.0,1307.0,1443.0,1468.0,2308.0,1715.0,546.0,781.0,908.0,1173.0,1362.0,1502.0,1645.0,1619.0,3941.0,3687.0,1333.0,1616.0,1962.0,2211.0,2235.0,2462.0,2531.0,2606.0,0.0,0.0,0.0,0.0,0.0,0.0,0.0,0.0,0.0,0.0,3672.0,3109.0,1162.5,1485.5,1701.5,1966.5,2231.0,2394.5,2430.0,2562.0,5521.0,4824.0,5084.0,4989.0,4915.0,5292.0,5517.0,5734.0,5558.0,5697.0,3505.5,2935.5,985.0,1306.5,1550.0,1865.5,2185.0,2361.0,2466.0,2560.0,3327.0,2705.0,910.0,1181.0,1289.0,1668.0,2238.0,2625.0,2652.0,2764.0,1512.0,1082.0,477.0,637.0,823.0,919.0,1112.0,1243.0,1382.0,1283.0,3510.0,2436.0,896.0,1189.0,1085.0,1695.0,3198.0,3459.0,3737.0,3756.0,3179.5,2058.5,667.5,947.0,764.0,1394.5,3376.5,3969.5,4172.5,4277.0,0.0,0.0,0.0,0.0,0.0,0.0,0.0,0.0,0.0,0.0,2330.0,1287.5,337.5,600.5,386.0,928.5,2985.5,3831.5,3850.5,4088.5,2340.5,1295.0,276.0,516.0,319.5,828.0,3020.0,3698.0,4070.0,3905.0,0.0,0.0,0.0,0.0,0.0,0.0,0.0,0.0,0.0,0.0,2039.0,1139.5,370.0,748.5,612.0,1250.5,2309.0,2567.5,2886.0,2864.0,2013.0,1204.0,420.0,571.0,711.0,939.0,1181.0,1356.0,1425.0,1621.0,3014.5,2173.5,544.0,726.0,874.0,1116.0,1442.0,1622.5,1793.0,1914.0,3023.0,2266.0,594.0,765.0,923.0,1166.0,1505.0,1716.0,1890.0,2028.0,0.0,0.0,0.0,0.0,0.0,0.0,0.0,0.0,0.0,0.0,1818.0,1469.0,447.0,580.0,743.0,824.5,913.0,1001.0,1106.5,1076.0,2252.0,1913.0,618.0,790.0,973.0,1089.0,1195.0,1243.0,1394.0,1423.0,1272.0,845.0,256.0,378.0,474.0,583.0,694.0,735.0,879.0,878.0,1482.5,1013.0,399.5,522.0,598.0,691.0,815.0,848.5,1088.5,951.5,0.0,0.0,0.0,0.0,0.0,0.0,0.0,0.0,0.0,0.0,1531.0,1024.0,423.0,574.0,613.0,813.0,1037.0,1105.0,1317.0,1316.0,0.0,0.0,0.0,0.0,0.0,0.0,0.0,0.0,0.0,0.0,125.0,148.0,11004.0,10746.0,10558.0,10661.0,10244.0,9569.0,9778.0,8827.0,0.0,0.0,0.0,0.0,0.0,0.0,0.0,0.0,0.0,0.0,1635.0,1068.0,564.0,772.0,917.0,1105.0,1341.0,1369.0,1609.0,1505.0,1707.0,1073.0,564.0,818.0,922.0,1193.0,1390.0,1551.0,1801.0,1748.0,1101.0,661.0,506.0,744.0,856.0,1126.0,1338.0,1505.0,1658.0,1528.0,981.0,612.0,524.0,779.0,870.0,1155.0,1332.0,1528.0,1634.0,1550.0,"{""type"":""MultiPoint"",""coordinates"":[]}"
3363,1,2174.5,1374.5,531.0,710.5,855.5,1190.5,1626.0,1784.0,2018.5,1986.5,3791.0,2825.0,808.5,1017.5,1328.5,1754.0,2038.5,2241.5,2487.5,2581.5,2986.0,2064.5,633.0,833.0,1064.5,1443.0,1642.5,1826.5,2053.5,2158.5,3074.5,2254.5,651.0,833.5,995.0,1373.0,1618.5,1782.5,1983.0,2068.5,3455.5,2625.5,683.0,928.0,1079.5,1495.0,1787.5,1954.5,2205.0,2197.0,4849.5,3695.5,1054.5,1320.0,1394.0,1920.5,2934.0,3360.5,3484.0,3682.0,2275.0,1102.5,512.0,694.5,476.0,914.5,2460.5,2997.0,2978.0,3210.0,2470.5,1477.5,958.0,1033.5,823.0,1229.5,3618.5,5202.5,5101.5,5342.0,1515.5,589.0,229.5,379.0,193.5,464.5,2933.5,4923.5,4962.5,5135.5,1588.0,635.0,233.5,391.5,211.0,513.5,2924.0,4874.5,5032.0,5108.0,3734.0,2854.0,3356.0,3366.0,3230.0,3750.5,4641.5,5517.0,5266.0,5602.0,3141.5,2374.0,772.5,969.5,1156.0,1541.5,2046.5,2175.5,2438.5,2415.0,2357.5,1434.0,2119.5,2058.5,1792.0,2056.0,3417.0,4542.0,4594.0,4673.0,1721.0,735.5,386.0,574.5,362.5,751.5,2916.5,4351.5,4448.0,4608.0,1725.0,766.5,341.5,567.5,381.0,817.5,2535.5,3462.5,3441.0,3815.5,2097.5,1131.0,416.0,640.0,547.0,984.0,2151.0,2675.0,2608.0,2905.5,2012.0,1269.0,310.5,544.5,596.5,929.0,1632.5,1950.0,1985.5,2228.0,3756.0,2611.0,904.0,1224.5,1694.5,2141.0,2465.5,2732.0,2797.0,3161.5,4495.5,3564.0,1062.5,1420.0,1982.5,2374.0,2471.0,2639.5,2720.5,2941.0,3765.5,2893.5,915.5,1174.5,1545.0,1900.5,2128.0,2312.0,2344.0,2558.5,4086.5,3022.0,887.0,1204.0,1598.0,1996.0,2276.5,2445.5,2562.0,2747.5,4212.0,3032.0,941.0,1299.0,1709.5,2156.5,2582.5,2783.5,3072.0,3110.0,644.5,440.0,357.5,350.5,344.0,450.5,619.5,660.5,759.0,714.0,3731.0,2619.5,868.0,1200.5,1620.0,2059.5,2352.5,2567.0,2865.0,2898.0,0.0,0.0,0.0,0.0,0.0,0.0,0.0,0.0,0.0,0.0,2678.0,1765.0,728.5,1089.5,1586.5,1893.5,2168.5,2342.5,2692.5,2653.5,2846.5,1936.0,779.0,1106.5,1513.0,1848.5,2160.5,2332.5,2558.0,2599.5,0.0,0.0,0.0,0.0,0.0,0.0,0.0,0.0,0.0,0.0,2360.5,1528.0,691.0,943.0,1190.0,1526.0,1980.0,2170.0,2419.0,2388.5,0.0,0.0,0.0,0.0,0.0,0.0,0.0,0.0,0.0,0.0,1158.0,1267.0,10877.5,10459.5,10398.0,10479.0,10130.0,9798.5,10168.0,9360.5,850.5,461.5,654.5,894.0,1010.5,1382.0,1696.5,1731.0,1903.5,1848.0,2991.5,2147.0,601.5,835.5,995.0,1443.5,2127.0,2343.5,2639.5,2635.0,2814.0,1975.5,724.0,962.0,1018.5,1538.0,2281.0,2511.0,2750.5,2764.0,2695.0,1765.5,596.5,906.0,972.0,1573.0,2300.5,2514.0,2619.5,2766.5,3168.5,2199.0,857.5,1085.5,1277.0,1799.5,2233.5,2446.0,2719.0,2816.5,"{""type"":""MultiPoint"",""coordinates"":[]}"
3374,5,2672.0,1997.0,651.0,794.0,1014.0,1174.0,1335.0,1447.0,1598.0,1629.0,3562.0,3110.0,1007.0,1253.0,1606.0,1819.0,1905.0,2051.0,2175.0,2260.0,2247.0,1616.0,607.0,703.0,917.0,1064.0,1166.0,1270.0,1408.0,1456.0,4238.0,3755.0,3473.0,3420.0,3472.0,3807.0,3776.0,3830.0,3878.0,3902.0,0.0,0.0,0.0,0.0,0.0,0.0,0.0,0.0,0.0,0.0,2452.0,2218.0,1226.0,1136.0,1191.0,1480.0,1824.0,2004.0,2066.0,2145.0,0.0,0.0,0.0,0.0,0.0,0.0,0.0,0.0,0.0,0.0,3340.0,2474.0,753.0,1109.0,1092.0,1663.0,3068.0,3555.0,3649.0,3773.0,3031.0,2001.0,778.0,1065.0,1101.0,1604.0,3086.0,3640.0,3538.0,3925.0,2337.0,1427.0,505.0,708.0,638.0,1071.0,2538.0,3144.0,3231.0,3433.0,2599.0,1359.0,565.0,770.0,553.0,1088.0,3628.0,4803.0,4683.0,5061.0,3239.0,2634.0,747.0,912.0,1153.0,1361.0,1456.0,1581.0,1805.0,1792.0,2187.5,979.0,456.0,629.5,406.5,919.5,3374.0,4450.0,4360.5,4770.5,1919.0,858.0,343.0,541.0,320.0,798.0,3157.0,4120.0,4164.0,4399.0,0.0,0.0,0.0,0.0,0.0,0.0,0.0,0.0,0.0,0.0,2357.0,1153.5,391.0,660.5,421.5,1089.5,3206.5,3959.0,3879.0,4372.0,2130.5,1178.0,362.0,634.0,478.0,1104.5,2381.0,2832.5,2960.5,3203.0,0.0,0.0,0.0,0.0,0.0,0.0,0.0,0.0,0.0,0.0,2395.0,1649.0,469.5,595.0,737.5,947.5,1096.5,1192.0,1563.0,1453.5,3812.5,2773.5,692.0,892.0,1222.5,1517.0,1668.5,1829.5,1920.5,2140.5,3420.0,2520.0,621.0,822.5,1163.5,1388.0,1515.0,1692.0,1861.0,1991.5,3735.0,3034.0,745.0,949.0,1296.0,1483.0,1620.0,1783.0,1922.0,2052.0,0.0,0.0,0.0,0.0,0.0,0.0,0.0,0.0,0.0,0.0,3633.0,2761.0,774.0,961.0,1233.0,1504.0,1583.0,1781.0,1922.0,2044.0,0.0,0.0,0.0,0.0,0.0,0.0,0.0,0.0,0.0,0.0,1165.0,776.0,211.0,323.0,475.0,528.0,622.0,644.0,739.0,759.0,1941.0,1561.0,476.0,586.0,760.5,915.5,954.5,1044.0,1093.0,1156.0,0.0,0.0,0.0,0.0,0.0,0.0,0.0,0.0,0.0,0.0,1691.0,1226.0,426.0,538.0,710.0,808.0,904.0,1024.0,1132.0,1132.0,0.0,0.0,0.0,0.0,0.0,0.0,0.0,0.0,0.0,0.0,864.0,918.0,10835.0,10455.0,10433.0,10491.0,10137.0,9737.0,10149.0,9375.0,0.0,0.0,0.0,0.0,0.0,0.0,0.0,0.0,0.0,0.0,3101.0,2594.0,756.0,898.0,1161.0,1331.0,1418.0,1552.0,1714.0,1746.0,3273.0,2629.0,788.5,999.0,1278.0,1477.5,1577.5,1708.5,1884.5,1925.5,2639.0,1947.0,628.0,769.0,998.0,1201.0,1280.0,1425.0,1611.0,1634.0,0.0,0.0,0.0,0.0,0.0,0.0,0.0,0.0,0.0,0.0,"{""type"":""MultiPoint"",""coordinates"":[]}"
3393,1,2967.0,2067.0,665.0,873.5,1038.0,1466.0,1991.5,2176.5,2428.5,2399.0,4244.5,3925.5,1153.0,1503.0,2061.0,2370.0,2492.5,2640.0,2868.0,2922.0,2872.5,2255.5,736.0,985.0,1359.5,1594.0,1715.0,1875.0,2054.0,2111.0,1860.0,1269.5,758.0,836.5,989.0,1185.5,1322.5,1449.0,1588.5,1542.0,4920.5,4204.0,1201.0,1787.5,1957.0,2747.5,3501.5,3729.0,3714.0,3994.0,4799.5,4081.5,1044.5,1568.0,1929.5,2510.5,3290.0,3570.0,3817.5,3860.5,0.0,0.0,0.0,0.0,0.0,0.0,0.0,0.0,0.0,0.0,3031.5,2227.5,541.5,774.0,757.5,1171.0,2790.0,3702.5,3864.0,3902.0,1843.0,872.0,204.0,408.5,211.0,573.5,3079.5,4772.0,4685.5,4964.0,1501.5,580.0,271.0,398.5,174.5,463.0,2756.5,4553.5,4608.0,4747.0,1637.5,667.5,319.0,465.5,255.5,553.5,2716.0,4380.0,4345.5,4540.5,3257.0,2363.0,764.5,943.5,1177.5,1595.0,2076.0,2290.0,2553.0,2479.0,1676.0,682.0,281.5,414.0,229.5,536.0,2648.0,4263.0,4208.0,4534.0,1673.0,789.0,413.0,562.0,359.5,703.0,2540.5,3659.0,3749.5,3880.0,0.0,0.0,0.0,0.0,0.0,0.0,0.0,0.0,0.0,0.0,2400.5,1614.5,435.5,601.5,660.5,1018.0,1571.0,1837.0,1867.0,2146.0,2428.0,1780.5,367.0,481.5,698.5,941.0,1085.0,1275.0,1428.0,1546.0,0.0,0.0,0.0,0.0,0.0,0.0,0.0,0.0,0.0,0.0,4410.0,3788.0,982.5,1324.5,1820.0,2206.5,2430.0,2643.5,2802.0,2968.0,3370.5,2372.0,697.0,1037.5,1225.5,1739.5,2171.0,2385.0,2395.0,2635.0,3708.0,2932.5,685.0,1069.0,1261.5,1784.0,2302.5,2490.0,2747.5,2772.0,3653.0,2765.5,884.5,1318.5,1379.5,2053.5,2677.0,2909.0,3110.5,3211.0,0.0,0.0,0.0,0.0,0.0,0.0,0.0,0.0,0.0,0.0,3067.0,3005.0,653.5,938.5,1403.5,1554.5,1663.5,1749.0,1955.0,1943.5,1009.0,739.5,744.5,664.0,753.5,781.5,785.0,897.0,945.0,916.0,2340.5,1874.5,512.5,787.0,1228.5,1397.5,1465.0,1593.0,1753.0,1749.0,2036.5,1514.0,413.5,682.0,1054.5,1222.5,1325.5,1454.0,1620.5,1640.5,0.0,0.0,0.0,0.0,0.0,0.0,0.0,0.0,0.0,0.0,2242.5,1787.0,570.5,793.5,1150.5,1380.0,1512.0,1631.0,1812.5,1818.5,0.0,0.0,0.0,0.0,0.0,0.0,0.0,0.0,0.0,0.0,1103.0,1192.5,10673.5,10301.0,10273.0,10410.5,10099.5,9701.0,10069.5,9310.0,3141.0,2240.5,766.0,981.0,1175.0,1641.0,2047.0,2253.5,2429.5,2493.5,3184.0,2273.5,670.5,897.5,1050.0,1580.0,2184.0,2395.5,2659.0,2626.5,2927.0,1945.5,708.0,978.5,1046.0,1725.0,2435.5,2667.0,2920.5,2920.0,2752.5,1814.5,630.5,925.0,946.0,1737.5,2510.0,2746.0,2964.5,3014.0,3171.0,2270.0,877.5,1114.5,1400.5,1998.0,2338.0,2534.5,2646.5,2823.0,"{""type"":""MultiPoint"",""coordinates"":[]}"
3424,5,1693.0,1114.0,628.0,819.0,1148.0,1325.0,1436.0,1503.0,1787.0,1724.0,4951.5,4022.0,1501.5,1931.0,2472.5,2854.5,3009.5,3175.0,3325.5,3469.0,1581.5,883.0,719.0,940.5,1275.0,1559.5,1671.5,1837.5,2034.0,2037.5,3448.0,2637.0,1144.0,1469.0,1893.0,2232.0,2383.0,2591.0,2783.5,2814.0,3158.0,2288.0,1119.0,1470.0,1884.0,2214.0,2344.0,2549.0,2812.0,2702.0,0.0,0.0,0.0,0.0,0.0,0.0,0.0,0.0,0.0,0.0,2440.0,1595.0,610.0,792.0,1138.0,1354.0,1440.0,1585.0,1673.0,1776.0,5687.5,5071.0,1668.0,2238.5,2863.0,3353.5,3560.5,3778.5,3873.5,4042.0,5088.0,4378.0,1383.0,1991.5,2490.5,2993.0,3420.5,3662.0,3728.5,3871.5,4221.5,3451.0,1191.5,1679.0,1855.5,2350.0,3130.0,3482.5,3448.5,3679.0,1966.0,1045.0,908.0,831.0,821.0,1289.0,1990.0,2229.0,2218.0,2402.0,3076.0,2222.0,772.0,991.0,1393.0,1689.0,1769.0,1819.0,2008.0,2168.0,1322.0,728.0,428.0,565.0,442.0,751.0,1794.0,2121.0,1996.0,2157.0,2545.0,1350.0,482.0,689.0,423.0,1022.0,3567.0,4420.0,4534.0,4635.0,1905.0,812.0,345.0,552.0,326.0,757.0,3070.0,3940.0,3881.0,4241.0,2114.0,969.5,346.0,482.0,272.0,761.5,2842.0,3696.5,4167.0,3830.5,1793.0,810.0,227.0,465.0,240.0,751.0,3019.0,3945.0,4068.0,4159.0,2090.5,1358.5,1171.5,1272.0,1097.0,1606.5,3040.5,3536.0,3588.0,3705.0,2345.0,1541.0,430.0,667.0,735.0,1288.0,1730.0,1998.0,2216.0,2444.0,2341.0,1703.5,457.5,585.0,730.0,882.5,985.5,1076.0,1167.5,1282.5,3683.0,2991.5,724.0,914.0,1205.5,1458.5,1524.5,1694.5,1779.5,1920.0,3907.0,3342.0,780.0,1024.0,1361.0,1614.0,1685.0,1882.0,1996.0,2116.0,3619.0,3177.5,2334.5,2440.5,2698.5,2870.0,2888.5,2974.5,3159.0,3145.5,2805.5,2345.5,618.0,845.0,1191.0,1355.0,1445.0,1556.0,1722.5,1728.0,2532.0,2032.0,1843.0,1786.5,1887.0,2070.5,2122.0,2169.0,2392.5,2317.0,2154.5,1404.5,430.5,685.0,990.5,1178.5,1267.5,1399.0,1577.5,1560.5,2402.5,1710.5,494.5,771.0,1070.0,1296.0,1383.0,1484.5,1647.0,1639.5,2118.0,1759.0,2221.0,2092.0,2022.0,2126.0,2014.0,2124.0,2040.0,2177.0,2331.0,1557.0,571.0,800.0,1065.0,1326.0,1463.0,1531.0,1755.0,1738.0,0.0,0.0,0.0,0.0,0.0,0.0,0.0,0.0,0.0,0.0,1155.0,1250.0,10686.0,10486.0,10420.0,10533.0,10174.0,9826.0,10224.0,9425.0,752.0,493.0,3481.5,3574.5,3829.5,3943.0,3793.5,3811.0,4011.0,3684.0,1875.5,1179.5,775.0,1050.5,1432.0,1643.5,1681.5,1852.5,2126.5,2092.0,2262.0,1634.5,981.0,1181.0,1447.5,1646.5,1722.5,1808.0,2030.0,1977.5,1803.0,1074.0,674.0,975.0,1341.0,1598.0,1683.0,1809.0,1994.0,2087.0,4148.0,3431.5,1870.0,2188.0,2474.0,2808.5,3006.0,3151.0,3230.0,3374.0,"{""type"":""MultiPoint"",""coordinates"":[]}"
3445,5,2421.0,1791.0,697.5,1056.0,1400.0,1646.5,1757.5,1837.0,2078.5,1993.0,4393.0,4000.5,1233.5,1712.5,2268.5,2550.0,2696.5,2868.5,3025.0,3027.5,2622.0,1907.0,782.0,1039.0,1357.0,1563.0,1731.0,1856.0,1942.0,1992.0,4046.0,3697.0,1110.0,1489.0,1924.0,2234.0,2443.0,2581.0,2810.0,2765.0,3046.0,2345.0,682.0,999.0,1274.0,1618.0,1876.0,2071.0,2096.0,2176.0,4708.5,4138.0,1267.5,1764.0,2160.5,2679.5,3115.0,3365.5,3453.5,3530.5,0.0,0.0,0.0,0.0,0.0,0.0,0.0,0.0,0.0,0.0,4017.0,3125.0,1040.0,1565.0,1833.0,2398.0,2934.0,3214.0,3329.0,3413.0,2430.0,1570.0,429.0,734.0,732.0,1228.0,2179.0,2457.0,2609.0,2617.0,2841.0,1903.0,688.0,1027.0,1072.5,1612.0,2865.5,3289.5,3345.0,3483.5,2414.0,1717.5,1260.5,1406.0,1340.0,1758.5,3085.0,3639.5,3561.0,3817.5,3001.0,2469.0,902.0,1310.0,1732.0,1831.0,1941.0,2013.0,2377.0,2180.0,2493.5,1538.0,673.5,970.5,845.5,1453.5,3107.0,3706.5,3678.5,3971.0,3390.0,2230.0,812.0,1084.0,1052.0,1608.0,3458.0,4207.0,4276.0,4553.0,2418.0,1525.0,707.0,1072.0,1039.0,1546.0,2891.0,3451.0,3412.0,3614.0,2975.0,2174.5,1623.5,1766.5,1595.5,2133.5,3247.0,3706.0,3649.0,3824.5,3003.0,2185.0,629.0,1031.0,1178.0,1696.0,2311.0,2521.0,2712.0,2849.0,3087.0,2314.0,822.0,1092.0,1334.0,1752.0,2181.0,2437.0,2469.0,2741.0,3002.5,2228.0,641.5,905.5,1088.5,1504.0,1968.5,2065.5,2129.5,2269.0,2827.5,2055.5,637.0,888.5,1076.5,1402.5,1768.5,1926.0,1985.0,2083.5,3776.5,3009.5,787.5,1100.0,1479.5,1791.5,1966.0,2172.5,2304.0,2443.5,3539.0,2895.0,781.0,1105.0,1489.0,1776.0,1940.0,2095.0,2158.0,2303.0,2366.0,1929.0,1340.5,1529.0,1719.0,1914.0,2014.5,2128.5,2003.5,2204.0,2820.5,2253.5,728.5,1062.5,1411.0,1587.0,1798.0,1877.0,2146.0,2056.0,4341.5,3872.0,2173.0,2297.5,2521.5,2884.0,3120.5,3230.0,3370.5,3419.0,2525.0,1821.5,631.5,1010.0,1324.5,1560.0,1866.5,2003.0,2232.0,2144.0,2617.0,1970.0,645.0,1016.0,1329.0,1481.0,1892.0,2114.0,2163.0,2277.0,0.0,0.0,0.0,0.0,0.0,0.0,0.0,0.0,0.0,0.0,2419.5,1639.0,756.0,1094.5,1160.0,1608.0,2334.5,2537.5,2555.5,2733.0,0.0,0.0,0.0,0.0,0.0,0.0,0.0,0.0,0.0,0.0,92.0,115.0,11232.0,10936.0,10690.0,10706.0,10212.0,9535.0,9895.0,8890.0,192.0,153.0,7080.0,7216.0,7330.0,7448.0,7208.0,6847.0,6950.0,6422.0,2691.5,2089.0,826.0,1195.0,1530.0,1727.5,1837.0,2004.0,2201.0,2075.0,3632.0,3085.0,972.0,1384.0,1804.0,2122.0,2214.0,2399.0,2593.0,2608.0,2720.0,2070.0,740.0,1075.0,1405.0,1615.0,1697.0,1909.0,2076.0,2032.0,2345.0,1720.0,742.0,1007.0,1323.0,1571.0,1702.0,1795.0,1894.0,1921.0,"{""type"":""MultiPoint"",""coordinates"":[]}"
3463,176,0.0,0.0,0.0,0.0,0.0,0.0,0.0,0.0,0.0,0.0,3861.5,2949.0,844.0,1271.5,1590.0,2314.0,2879.5,3151.5,3361.5,3315.0,3808.5,2823.0,809.0,1220.5,1466.0,2253.5,2919.5,3089.0,3371.5,3308.0,3276.0,2481.0,646.5,1095.5,1229.5,1810.5,2979.5,3149.5,3253.0,3330.5,0.0,0.0,0.0,0.0,0.0,0.0,0.0,0.0,0.0,0.0,3384.0,2851.0,3114.5,3089.0,2927.5,3341.5,4140.0,4369.0,4187.5,4486.5,2684.5,1687.5,576.5,922.5,797.0,1612.0,3049.5,3494.0,3482.5,3739.5,2885.5,1878.5,570.0,942.0,918.5,1687.0,2990.0,3410.0,3425.0,3728.5,3303.5,1962.5,773.0,1175.0,1036.5,1857.0,3877.5,4485.0,4369.0,4884.0,3656.5,2541.0,2083.5,2211.0,2024.5,2681.0,4105.0,4514.5,4678.0,4784.5,1694.5,910.5,568.0,731.0,571.5,1015.5,2070.0,2383.5,2418.0,2576.0,0.0,0.0,0.0,0.0,0.0,0.0,0.0,0.0,0.0,0.0,2683.5,1591.5,664.5,905.5,820.5,1410.5,2613.5,3031.5,3038.5,3294.0,3034.5,1856.0,650.5,869.5,905.0,1386.0,2414.0,2710.5,2678.5,3009.5,3066.5,1856.0,723.5,989.5,999.5,1552.5,2670.5,3086.5,2975.5,3418.5,1666.0,935.0,388.0,553.0,449.5,800.0,1699.5,1957.0,1939.5,2114.5,1499.0,817.0,382.5,541.0,405.0,784.0,1723.5,2025.0,2074.0,2185.5,2311.5,1281.5,575.0,825.0,802.5,1102.5,2513.5,2934.0,3050.5,3193.5,2858.0,1657.5,514.5,768.0,802.5,1410.0,2258.5,2575.0,2762.5,2971.0,2482.5,1440.5,514.5,768.0,801.0,1170.0,2195.0,2509.0,2614.0,2805.0,2407.0,1382.5,417.0,666.5,598.0,1145.5,2236.0,2527.0,2735.0,2856.0,2592.5,1482.0,454.5,699.5,699.0,1265.0,2254.0,2557.0,2752.0,2908.5,4743.5,4347.5,3953.0,3879.5,3967.5,4232.0,4372.0,4455.0,4669.5,4547.5,3092.5,2023.0,545.5,808.0,1074.5,1525.0,2089.0,2338.0,2689.5,2747.5,3092.5,2023.0,545.5,808.0,1074.5,1525.0,2089.0,2338.0,2689.5,2747.5,0.0,0.0,0.0,0.0,0.0,0.0,0.0,0.0,0.0,0.0,3285.5,2192.0,522.5,807.5,1211.5,1510.0,1725.0,1953.5,2157.5,2291.0,3223.5,2119.0,526.0,805.5,1175.0,1488.0,1761.0,1940.5,2322.0,2284.0,3122.0,2085.0,607.5,860.0,1159.5,1441.5,1748.0,1910.0,2188.0,2222.0,4001.0,3152.5,977.5,1468.0,2053.5,2249.5,2587.5,2746.5,3035.0,3016.5,1104.5,837.5,6349.5,6321.5,6673.0,7687.5,6873.5,6664.0,6696.5,6653.5,1777.5,1385.5,3851.0,3913.5,4194.0,4791.0,4476.5,4435.5,4559.5,4511.0,2474.5,1952.5,1395.5,1544.0,1750.0,1958.5,2121.0,2235.5,2441.5,2389.5,0.0,0.0,0.0,0.0,0.0,0.0,0.0,0.0,0.0,0.0,4221.0,3288.5,3159.0,3234.5,3204.0,3590.5,3829.0,3908.5,4136.5,3969.0,3913.0,3075.5,880.0,1323.5,1716.5,2377.0,2839.5,3212.5,3350.5,3321.5,"{""type"":""MultiPoint"",""coordinates"":[]}"
3464,3,1628.0,1068.5,572.5,689.5,846.5,1019.5,1107.5,1235.0,1374.5,1438.5,4294.0,4117.0,1832.0,2052.0,2364.5,2657.5,2774.0,2857.5,2971.5,3099.0,2187.0,1568.0,784.5,926.5,1158.0,1351.5,1448.5,1540.0,1676.5,1732.5,2393.0,1763.0,848.0,1001.0,1204.0,1423.0,1522.0,1611.0,1789.0,1851.0,3902.0,3518.0,1370.0,1711.0,1964.0,2331.0,2461.0,2574.0,2763.0,2783.0,6649.0,6448.0,2683.0,3041.0,3453.0,4016.0,4183.0,4556.0,4527.0,4803.0,0.0,0.0,0.0,0.0,0.0,0.0,0.0,0.0,0.0,0.0,2077.0,1481.0,1627.0,1597.0,1431.0,1946.0,2734.0,3104.0,3132.0,3230.0,1629.0,855.5,415.5,719.0,426.5,1034.0,2618.5,3178.0,3087.5,3220.5,1782.0,844.0,426.0,679.0,297.0,950.0,3100.0,4299.0,4248.0,4337.0,2773.0,2002.0,2039.5,2124.5,1867.0,2396.5,4101.0,5182.0,5085.0,5315.5,1553.5,1169.5,569.5,605.5,714.5,828.0,901.0,946.5,1127.5,1103.0,1573.0,658.0,356.0,536.0,242.0,752.0,3084.0,4555.0,4463.0,4761.0,1718.0,780.5,412.0,600.5,313.5,844.5,3040.5,4410.5,4454.5,4700.0,1437.0,668.0,418.0,610.0,307.0,877.0,2899.0,4064.0,4140.0,4394.0,1760.0,850.0,385.0,745.0,429.0,1163.0,3002.0,3960.0,3824.0,4256.0,2018.0,1089.0,465.5,821.0,689.0,1470.5,2831.5,3298.5,3492.5,3668.0,1434.5,815.0,454.0,654.0,625.5,1077.0,1769.0,2036.5,2084.0,2279.5,2713.5,1775.5,533.5,778.0,935.0,1457.0,2010.0,2275.0,2467.0,2589.5,2461.0,1730.5,679.5,798.0,977.5,1289.5,1538.0,1664.5,1624.5,1888.0,3594.0,2550.0,728.0,979.0,1273.0,1638.0,1951.0,2127.0,2334.0,2425.0,3471.0,2418.0,709.0,981.0,1284.0,1618.0,1936.0,2123.0,2245.0,2428.0,1691.5,1457.0,577.0,670.5,771.0,895.0,999.0,1041.0,1165.0,1188.0,3312.0,2366.0,711.0,930.0,1232.0,1523.0,1723.0,1897.0,2160.0,2193.0,3297.0,2360.0,890.0,1124.0,1596.0,1912.0,2068.0,2299.0,2496.0,2593.0,3216.0,2216.0,750.5,1021.0,1493.0,1735.0,1878.5,2068.5,2351.0,2361.5,3437.0,2368.0,859.0,1108.0,1576.0,1827.0,2009.0,2129.0,2273.0,2418.0,0.0,0.0,0.0,0.0,0.0,0.0,0.0,0.0,0.0,0.0,2107.0,1426.5,730.0,913.5,1264.5,1501.5,1610.5,1754.0,1978.0,1974.5,0.0,0.0,0.0,0.0,0.0,0.0,0.0,0.0,0.0,0.0,934.0,1011.0,10704.0,10364.0,10302.0,10419.0,10113.0,9696.0,10092.0,9304.0,1098.5,711.5,2873.5,2953.5,3084.5,3286.0,3218.5,3301.5,3395.5,3227.5,2604.0,2026.0,716.0,898.0,1123.0,1373.0,1458.0,1575.0,1803.0,1814.0,2208.5,1635.5,802.0,972.5,1132.5,1369.0,1550.5,1650.0,1812.0,1823.0,2142.0,1511.0,758.0,969.0,1145.0,1424.0,1648.0,1825.0,1951.0,2032.0,2982.0,2466.0,1045.0,1309.0,1540.0,1795.0,1848.0,1992.0,2093.0,2204.0,"{""type"":""MultiPoint"",""coordinates"":[]}"
3465,1,2155.0,1410.0,585.0,815.0,1105.0,1312.0,1425.0,1598.0,1775.0,1765.0,2779.5,2102.0,884.5,1225.0,1446.0,1693.0,1841.0,1918.0,2085.5,2060.5,2367.0,1453.0,689.0,982.0,1167.0,1460.0,1724.0,1886.0,2005.0,2075.0,2583.0,1656.0,837.0,1173.0,1317.0,1786.0,2397.0,2610.0,2656.0,2857.0,2278.0,1350.0,454.0,758.0,803.0,1225.0,2095.0,2319.0,2405.0,2420.0,0.0,0.0,0.0,0.0,0.0,0.0,0.0,0.0,0.0,0.0,0.0,0.0,0.0,0.0,0.0,0.0,0.0,0.0,0.0,0.0,2626.5,1401.5,517.0,830.0,612.0,1289.5,3566.5,4675.0,4644.0,4951.0,1927.0,985.0,285.0,566.0,395.0,879.0,2761.0,3351.0,3554.0,3554.0,2507.0,1359.5,258.0,576.0,426.0,1057.0,3028.5,3871.5,3819.0,4116.5,0.0,0.0,0.0,0.0,0.0,0.0,0.0,0.0,0.0,0.0,2140.0,1444.0,591.0,780.0,1051.0,1234.0,1363.0,1502.0,1706.0,1699.0,2997.0,1861.0,984.0,1122.0,1214.0,1600.0,1856.0,2068.0,2021.0,2389.0,2332.0,1558.0,592.0,777.0,918.0,1296.0,1638.0,1808.0,1794.0,1950.0,3245.5,2299.5,644.0,850.5,1005.5,1464.5,2020.5,2196.0,2183.0,2557.0,4096.0,2769.0,898.0,1260.0,1528.0,2145.0,2928.0,3387.0,3235.0,3775.0,3398.0,2210.0,688.0,995.0,1169.0,1829.0,2570.0,2865.0,3032.0,3238.0,3416.5,2291.5,640.0,946.5,1175.0,1737.5,2481.5,2762.0,2917.0,3110.5,2844.0,1662.0,541.0,794.0,932.0,1584.0,2508.0,2759.0,2887.0,3093.0,2954.0,2238.0,639.0,893.0,1279.0,1575.0,1737.0,1887.0,1965.0,2110.0,3041.0,2336.0,707.5,947.5,1321.5,1537.0,1694.0,1889.0,1976.5,2107.5,3117.0,2474.0,741.0,977.0,1363.0,1585.0,1733.0,1880.0,2050.0,2130.0,3940.0,3867.0,3635.0,3798.0,3733.0,3883.0,3795.0,3790.0,4196.0,3874.0,0.0,0.0,0.0,0.0,0.0,0.0,0.0,0.0,0.0,0.0,3383.0,2608.0,828.0,1087.0,1511.0,1735.0,1865.0,2065.0,2075.0,2338.0,2208.0,1629.5,483.0,695.5,1000.0,1139.5,1219.0,1319.5,1547.0,1558.0,2896.0,2293.0,687.0,892.0,1246.0,1460.0,1561.0,1684.0,1816.0,1913.0,3502.0,2953.0,2572.0,2600.0,2888.0,2984.0,2902.0,3001.0,2792.0,3146.0,1798.0,1144.0,606.0,769.0,1074.0,1247.0,1351.0,1510.0,1662.0,1682.0,0.0,0.0,0.0,0.0,0.0,0.0,0.0,0.0,0.0,0.0,101.0,123.0,6720.0,6775.0,6944.0,6990.0,6686.0,6385.0,6567.0,5924.0,0.0,0.0,0.0,0.0,0.0,0.0,0.0,0.0,0.0,0.0,2431.0,1607.5,660.0,904.5,1204.5,1421.0,1497.0,1656.5,1879.0,1867.0,2919.0,2287.0,749.0,1051.0,1399.0,1604.0,1695.0,1832.0,2029.0,2029.0,3473.0,2884.0,894.0,1219.0,1628.0,1877.0,1961.0,2093.0,2266.0,2278.0,3144.0,2486.0,767.0,1137.0,1531.0,1757.0,1865.0,1973.0,2181.0,2197.0,"{""type"":""MultiPoint"",""coordinates"":[]}"
3484,5,1009.0,638.0,633.0,851.0,1107.0,1290.0,1311.0,1403.0,1565.0,1507.0,3182.0,2892.0,927.0,1236.0,1605.0,1819.0,1912.0,2074.0,2167.0,2215.0,1771.0,1128.0,626.0,765.0,1032.0,1182.0,1271.0,1372.0,1491.0,1515.0,1404.5,884.0,914.5,1154.0,1420.5,1659.5,1660.0,1762.0,1832.0,1847.5,1731.0,1077.0,909.0,1178.0,1452.0,1732.0,1812.0,1900.0,2004.0,2034.0,1415.0,802.0,728.0,705.0,802.0,888.0,885.0,955.0,1220.0,1023.0,1448.0,942.0,608.0,645.0,786.0,899.0,943.0,1031.0,1026.0,1150.0,2592.0,1670.0,1324.0,1624.0,1900.0,2223.0,2396.0,2564.0,2452.0,2725.0,3921.0,3393.0,1618.0,1793.0,1904.0,2259.0,2651.0,3049.0,3154.0,3123.0,3618.0,2689.0,1096.0,1475.0,1751.0,2212.0,2811.0,3095.0,3159.0,3259.0,3281.0,2482.0,757.0,1109.0,1159.0,1709.0,2776.0,3130.0,3090.0,3306.0,1179.0,798.0,561.0,779.0,1084.0,1242.0,1371.0,1438.0,1608.0,1587.0,2941.0,2067.0,623.0,889.0,844.0,1385.0,2921.0,3492.0,3395.0,3779.0,2655.0,1610.0,840.0,1058.0,838.0,1286.0,3341.0,4222.0,4169.0,4477.0,2695.0,1594.5,509.0,721.0,647.5,1077.0,3375.5,4408.5,4322.0,4717.0,1819.0,838.0,381.0,535.0,423.0,864.0,2592.0,3254.0,3669.0,3291.0,2256.0,1280.0,368.0,661.5,482.5,1117.0,3013.5,3700.0,3784.0,3982.0,2687.5,1718.5,512.0,952.5,887.0,1728.5,2718.5,3097.5,3285.0,3502.0,3102.0,2521.0,730.5,836.5,1149.0,1350.5,1436.0,1607.5,1779.0,1862.5,3595.0,3032.0,723.0,960.0,1281.0,1543.0,1642.0,1769.0,1881.0,2076.0,4254.5,3253.0,1085.5,1370.0,1772.0,2027.5,2188.5,2439.5,2640.0,2779.5,3592.0,2813.0,883.0,1123.0,1499.0,1764.0,1833.0,1967.0,2108.0,2223.0,650.0,445.0,446.0,485.0,546.0,641.0,697.0,730.0,828.0,761.0,3100.0,2610.0,1009.0,1283.0,1673.0,1914.0,1990.0,2095.0,2196.0,2286.0,3404.0,3187.0,1048.0,1345.0,1769.0,1918.0,1995.0,2071.0,2318.0,2307.0,2287.5,1876.5,786.5,1055.5,1399.5,1512.5,1579.0,1674.5,1877.0,1833.5,2271.0,1649.0,657.0,864.0,1135.0,1308.0,1422.0,1492.0,1622.0,1676.0,0.0,0.0,0.0,0.0,0.0,0.0,0.0,0.0,0.0,0.0,2555.5,2084.5,772.5,1001.0,1275.5,1492.5,1608.5,1710.0,1806.5,1864.0,0.0,0.0,0.0,0.0,0.0,0.0,0.0,0.0,0.0,0.0,71.0,69.0,9446.0,9460.0,9467.0,9648.0,9158.0,8445.0,8568.0,7751.0,419.0,297.0,5326.0,5426.0,5614.0,5757.0,5452.0,5273.0,5454.0,4992.0,1248.0,804.0,695.0,913.0,1123.0,1376.0,1452.0,1561.0,1749.0,1684.0,2445.0,1654.0,771.0,1089.0,1323.0,1635.0,1794.0,1934.0,2128.0,2105.0,1729.0,1069.0,798.0,1102.0,1347.0,1690.0,1819.0,1948.0,2044.0,2037.0,2272.0,1470.0,874.0,1198.0,1441.0,1729.0,1818.0,1960.0,2029.0,2053.0,"{""type"":""MultiPoint"",""coordinates"":[]}"
3486,3,37.0,51.0,900.5,1335.0,1369.0,1317.5,554.0,480.0,424.0,239.5,4620.0,4142.0,1577.0,2055.0,2439.0,2899.0,3114.0,3214.0,3398.0,3444.0,966.0,586.5,799.0,1222.0,1532.5,1923.0,1726.0,1836.0,1802.0,1646.5,4361.0,3539.0,4665.0,4505.0,4328.0,4568.0,4405.0,4423.0,5115.0,4478.0,2445.0,1542.0,987.0,1337.0,1471.0,1881.0,2061.0,2175.0,2315.0,2339.0,3882.5,3194.5,1706.0,1959.5,2290.5,2638.0,2756.0,2973.0,3106.0,3201.0,0.0,0.0,0.0,0.0,0.0,0.0,0.0,0.0,0.0,0.0,5148.0,4588.0,1783.0,2240.0,2519.0,3101.0,3483.0,3759.0,3707.0,4044.0,2465.0,1834.0,858.0,1204.0,1440.0,2021.0,2397.0,2450.0,2466.0,2752.0,438.0,274.0,428.0,639.0,428.0,950.0,1253.0,1418.0,1311.0,1126.0,1787.0,935.0,864.0,839.0,561.0,1062.0,2898.0,3661.0,3507.0,3621.0,63.0,55.0,863.0,1257.0,1182.0,1143.0,502.0,444.0,420.0,252.0,1646.0,779.0,375.0,590.0,254.0,851.0,3003.0,4273.0,4022.0,4278.0,1500.5,696.5,448.0,553.5,312.5,719.5,2764.5,4525.0,4534.5,4734.5,1701.0,791.0,451.0,553.0,323.0,743.0,2907.0,4904.0,4038.0,5019.0,1447.0,679.0,307.0,575.0,315.0,903.0,2887.0,4283.0,4199.0,4571.0,1539.0,766.0,273.0,583.0,320.0,934.0,2961.0,4211.0,4407.0,4520.0,1861.0,1093.0,660.5,1041.0,815.5,1465.0,3200.0,4028.0,4063.5,4299.5,1801.5,980.0,458.0,890.0,641.0,1595.5,3260.5,3846.5,3887.0,4190.0,2288.5,1419.0,678.0,1065.5,1037.0,1809.0,2790.0,3097.0,3180.5,3437.0,3310.0,2215.0,839.0,1322.0,1242.0,2245.0,2952.0,3202.0,3519.0,3537.0,4092.0,2993.0,1117.0,1635.0,2315.0,2831.0,3078.0,3434.0,3679.0,3822.0,54.5,37.5,901.0,1310.5,1369.5,1379.0,764.0,708.0,610.0,406.5,4418.5,3289.0,1297.0,1756.0,2460.5,2906.5,3017.5,3220.0,3575.0,3551.0,2629.0,1765.0,1220.0,1570.0,2132.0,2587.0,2653.0,2845.0,3133.0,3206.0,499.0,344.5,352.5,554.0,909.0,1095.0,1050.5,1170.5,1204.0,1166.0,239.5,179.0,182.5,308.0,530.5,673.5,639.5,692.5,746.5,742.0,2858.0,2140.0,3502.0,3396.0,3058.0,3264.0,3099.0,3082.0,3813.0,2981.0,113.0,87.5,640.5,793.5,917.0,950.0,749.5,785.0,811.0,666.0,0.0,0.0,0.0,0.0,0.0,0.0,0.0,0.0,0.0,0.0,998.0,1080.0,10794.0,10412.0,10368.0,10511.0,10124.0,9743.0,10082.0,9356.0,95.5,98.0,1832.0,2144.5,2170.5,2395.5,1842.5,1533.0,1381.0,1089.0,39.0,65.0,968.0,1435.0,1863.0,2048.0,1492.0,1475.0,1366.0,1035.0,186.0,148.0,1063.0,1590.5,2017.0,2131.0,1450.5,1421.0,1293.5,986.5,1381.0,713.0,732.0,1114.0,1311.0,1733.0,1894.0,2071.0,2270.0,2270.0,2557.0,1753.0,1186.0,1438.0,1592.0,1984.0,2168.0,2255.0,2552.0,2421.0,"{""type"":""MultiPoint"",""coordinates"":[]}"
3502,176,0.0,0.0,0.0,0.0,0.0,0.0,0.0,0.0,0.0,0.0,3034.5,1723.0,599.5,1024.5,861.5,1649.5,3221.0,3649.5,3970.0,4031.0,3024.5,1710.0,599.5,1044.5,836.5,1679.0,3361.0,3809.0,4160.0,4230.0,2843.5,1570.0,502.5,975.0,819.5,1592.0,3071.5,3387.5,3672.5,3733.0,0.0,0.0,0.0,0.0,0.0,0.0,0.0,0.0,0.0,0.0,0.0,0.0,0.0,0.0,0.0,0.0,0.0,0.0,0.0,0.0,2862.0,1604.0,630.0,953.0,844.0,1520.5,2884.0,3384.5,3355.0,3812.0,2837.0,1555.0,595.0,907.5,721.5,1384.5,2886.5,3384.5,3505.0,3812.0,2746.5,1441.0,568.5,900.0,636.5,1346.0,3303.5,4020.5,4031.0,4470.0,2695.5,1325.0,586.5,932.5,600.5,1334.0,3573.5,4367.5,4362.5,4822.5,2645.5,1310.0,1003.5,1253.0,811.0,1514.0,3561.0,4402.5,4414.5,4771.0,0.0,0.0,0.0,0.0,0.0,0.0,0.0,0.0,0.0,0.0,2401.0,1160.5,723.0,998.0,626.0,1316.5,3370.0,4126.0,4178.5,4503.0,2172.0,1011.0,510.0,795.5,489.0,1159.0,3202.0,3942.5,3988.0,4389.0,2249.5,1058.5,587.5,886.5,598.0,1307.5,3212.5,4045.0,4020.5,4497.0,2051.0,959.0,327.0,656.5,389.5,1015.0,2846.5,3466.5,3575.0,3857.0,2384.5,1236.0,460.0,758.5,591.0,1209.5,2672.5,3210.0,3376.0,3661.0,2679.5,1462.0,460.0,780.5,725.5,1356.5,2519.5,2934.5,3135.5,3444.0,3045.5,1776.5,465.5,787.0,925.5,1451.5,2218.5,2576.0,2747.0,3031.0,2984.0,1805.0,562.0,801.0,887.0,1405.5,2146.5,2509.0,2586.5,2856.5,2853.5,1708.5,518.5,773.5,830.0,1334.0,2193.5,2564.0,2743.5,2940.5,2788.0,1589.0,502.5,766.0,788.5,1323.0,2338.5,2684.0,2881.0,3093.5,2660.0,1700.0,1047.5,1197.0,1508.0,1878.5,2102.5,2302.0,2568.0,2673.0,2706.0,1543.0,450.5,753.5,780.0,1308.5,2283.0,2718.0,3022.5,3081.5,2706.0,1543.0,450.5,753.5,780.0,1308.5,2283.0,2718.0,3022.5,3081.5,2725.5,1612.0,411.0,729.0,935.0,1446.0,2275.0,2557.0,2884.5,3144.5,3425.5,2087.0,566.0,885.5,1243.5,1661.5,2184.5,2534.0,2809.5,3040.0,3577.0,2222.0,629.0,950.5,1419.0,1830.0,2276.5,2578.5,2984.5,3109.5,3785.0,2415.0,745.0,1086.0,1506.0,1923.5,2419.5,2735.0,3004.5,3216.5,0.0,0.0,0.0,0.0,0.0,0.0,0.0,0.0,0.0,0.0,1148.0,825.0,6518.0,6467.5,6536.5,6978.5,6695.5,6700.5,7147.5,6553.0,1148.0,825.0,6518.0,6467.5,6536.5,6978.5,6695.5,6700.5,7147.5,6553.0,0.0,0.0,0.0,0.0,0.0,0.0,0.0,0.0,0.0,0.0,0.0,0.0,0.0,0.0,0.0,0.0,0.0,0.0,0.0,0.0,3630.5,2205.5,855.0,1218.5,1249.5,1907.5,3054.5,3400.0,3700.0,3756.0,3196.0,1882.5,650.5,1044.0,989.5,1684.0,2990.5,3366.5,3711.5,3715.0,"{""type"":""MultiPoint"",""coordinates"":[]}"
3523,2,1784.0,1227.5,361.5,462.0,586.5,828.0,1166.0,1321.0,1540.0,1501.5,3749.5,3115.0,953.5,1302.5,1559.0,2044.0,2431.0,2658.0,2888.0,2920.0,2238.5,1539.5,536.5,741.5,860.5,1209.0,1537.0,1695.0,1881.5,1912.5,2196.0,1496.5,633.0,770.5,853.0,1145.5,1454.0,1632.5,1929.5,1851.0,0.0,0.0,0.0,0.0,0.0,0.0,0.0,0.0,0.0,0.0,3752.5,3094.5,1395.0,1626.0,1957.0,2238.5,2402.0,2613.5,2746.0,2878.5,0.0,0.0,0.0,0.0,0.0,0.0,0.0,0.0,0.0,0.0,4320.0,3872.5,1111.5,1434.5,1642.0,2138.0,2472.5,2681.0,2863.5,2952.5,4084.5,3113.0,967.5,1346.0,1516.5,2119.0,2918.0,3187.5,3208.0,3506.0,3949.5,3093.5,901.5,1230.0,1311.5,1934.0,3017.5,3381.5,3508.0,3657.0,3176.5,1936.0,594.0,935.0,697.5,1437.5,3608.5,4220.0,4199.0,4419.5,2142.0,1640.0,466.0,615.0,750.0,1033.0,1379.5,1525.5,1781.0,1763.5,2565.0,1110.5,447.0,736.0,385.0,1151.5,4220.5,5211.5,5021.5,5377.0,2256.5,906.5,504.0,756.5,378.0,1112.5,4593.5,5686.5,5752.5,5797.0,2484.0,1357.0,1377.0,1500.0,1114.0,1831.0,5113.0,6594.0,5992.5,6748.5,2313.0,883.5,445.5,727.5,382.5,1235.0,4764.0,5917.5,5743.0,6172.5,2154.5,836.5,360.0,642.5,347.0,1246.5,4507.0,5453.0,5667.0,5691.0,0.0,0.0,0.0,0.0,0.0,0.0,0.0,0.0,0.0,0.0,2166.0,966.0,383.0,543.5,436.5,1414.0,3671.5,4237.0,4527.0,4655.0,2165.0,1062.5,575.0,671.0,610.5,1358.0,2809.5,3152.0,3240.5,3542.0,2682.0,1735.5,846.0,995.0,1135.5,1588.5,2081.0,2357.5,2636.5,2739.5,2916.0,2042.5,1092.5,1197.5,1409.5,1743.0,1926.0,2159.0,2407.5,2500.5,0.0,0.0,0.0,0.0,0.0,0.0,0.0,0.0,0.0,0.0,2894.5,2376.0,679.0,859.5,1202.5,1416.0,1565.5,1726.0,1974.5,2032.0,0.0,0.0,0.0,0.0,0.0,0.0,0.0,0.0,0.0,0.0,1700.5,1118.0,219.5,380.5,566.5,756.0,931.0,1086.5,1294.0,1350.0,1706.5,1100.0,254.5,428.5,577.0,833.0,1088.5,1219.5,1412.0,1448.5,0.0,0.0,0.0,0.0,0.0,0.0,0.0,0.0,0.0,0.0,1699.5,1093.5,369.0,483.5,565.5,869.0,1202.0,1359.5,1606.5,1597.5,0.0,0.0,0.0,0.0,0.0,0.0,0.0,0.0,0.0,0.0,1093.0,1096.5,9182.0,8977.5,9046.5,9274.5,9013.5,8755.5,9198.5,8549.5,2283.0,1729.0,788.5,843.0,967.0,1304.0,1740.5,2030.0,2032.5,2275.5,2493.0,1786.0,566.0,762.5,868.0,1280.5,1840.5,2030.0,2186.0,2273.0,0.0,0.0,0.0,0.0,0.0,0.0,0.0,0.0,0.0,0.0,1793.5,1093.0,312.0,540.0,515.5,1034.0,1808.0,2034.5,2222.0,2226.0,2586.5,1826.0,718.5,985.0,1001.0,1628.0,2245.5,2456.5,2616.5,2766.0,"{""type"":""MultiPoint"",""coordinates"":[]}"
3531,3,794.0,435.0,516.0,645.0,800.0,987.0,1068.0,1150.0,1283.0,1329.0,3261.0,3003.0,1134.0,1365.0,1635.0,1846.0,1941.0,2040.0,2170.0,2261.0,308.0,188.0,374.0,488.5,596.0,752.0,767.5,839.5,888.0,890.5,167.0,113.0,377.0,488.0,560.0,733.0,744.0,823.0,878.0,838.0,2907.0,2571.0,891.0,1103.0,1265.0,1508.0,1603.0,1749.0,1870.0,1942.0,0.0,0.0,0.0,0.0,0.0,0.0,0.0,0.0,0.0,0.0,0.0,0.0,0.0,0.0,0.0,0.0,0.0,0.0,0.0,0.0,1410.5,783.0,402.0,615.5,368.0,873.0,2286.5,2777.5,2764.5,2806.0,1683.0,887.0,402.0,632.0,329.0,887.0,3016.0,3882.0,3730.0,3860.0,1334.0,643.0,364.5,546.0,288.5,772.5,2681.0,3748.0,3609.5,3745.5,2578.0,1660.0,2658.0,2752.0,2566.0,2659.0,3437.0,4239.0,4407.0,4112.0,1320.0,839.0,443.0,644.0,853.0,1012.0,1102.0,1180.0,1352.0,1343.0,1012.0,480.0,342.0,499.0,280.0,683.0,2319.0,3360.0,3209.0,3536.0,1362.0,690.0,424.0,724.0,382.0,1050.0,2890.0,3937.0,3853.0,4037.0,1372.5,688.5,428.0,728.0,443.0,1161.5,2913.5,3671.5,3606.5,3875.5,1687.0,913.0,515.0,896.0,644.0,1484.0,2978.0,3531.0,3447.0,3820.0,2021.0,1191.0,613.0,1044.0,914.0,1820.0,2926.0,3375.0,3505.0,3693.0,4027.5,2984.0,2034.5,2225.5,2568.0,3101.0,3462.0,3720.0,4006.5,4019.0,2822.0,2674.0,730.0,917.0,1195.0,1393.0,1514.0,1608.0,1676.0,1806.0,1516.0,1090.5,509.0,580.0,684.5,863.0,963.5,1061.0,1085.5,1188.0,2556.0,2161.0,694.5,880.0,1029.0,1294.0,1559.5,1656.5,1819.5,1769.5,2703.0,2286.0,657.0,882.0,980.0,1311.0,1625.0,1750.0,1841.0,1922.0,1795.0,1465.5,762.0,921.0,1122.0,1293.5,1402.5,1457.5,1646.0,1625.0,2549.0,2196.0,639.0,800.0,906.0,1212.0,1531.0,1653.0,1859.0,1840.0,1977.0,1277.0,1030.0,1069.0,1220.0,1415.0,1468.0,1531.0,2042.0,1706.0,1285.0,856.5,353.0,513.5,732.5,890.5,994.5,1105.5,1236.0,1261.0,1492.0,1055.5,470.0,639.0,866.0,1034.5,1133.5,1235.0,1333.5,1348.5,0.0,0.0,0.0,0.0,0.0,0.0,0.0,0.0,0.0,0.0,601.5,362.5,433.5,480.0,558.0,683.0,741.0,804.5,887.5,879.0,0.0,0.0,0.0,0.0,0.0,0.0,0.0,0.0,0.0,0.0,983.0,1048.0,10650.0,10334.0,10242.0,10361.0,10008.0,9644.0,10050.0,9280.0,558.0,341.5,826.5,967.5,1126.0,1287.0,1297.0,1384.5,1487.0,1453.5,1550.0,1021.0,537.0,729.0,872.0,1133.0,1245.0,1341.0,1488.0,1477.0,1339.0,866.5,649.0,804.5,903.0,1144.5,1310.0,1402.0,1512.0,1495.5,953.0,558.0,522.0,709.0,821.0,1067.0,1229.0,1303.0,1393.0,1407.0,3115.0,2739.0,1101.0,1283.0,1475.0,1788.0,2051.0,2153.0,2232.0,2291.0,"{""type"":""MultiPoint"",""coordinates"":[]}"
3535,5,1086.0,641.0,589.0,710.5,987.5,1212.5,1308.5,1418.0,1598.5,1572.5,4455.0,3813.5,1537.0,1906.0,2489.0,2798.0,2856.0,2953.5,3251.0,3181.5,2380.5,1664.5,754.0,970.5,1257.0,1474.0,1619.0,1753.5,1880.0,1937.0,2689.5,1825.0,1115.0,1289.0,1620.5,1862.0,2007.0,2165.5,2390.0,2349.5,5439.0,5076.0,1971.0,2511.5,3116.0,3493.0,3760.5,3908.5,4198.0,4118.5,5622.5,5114.0,1972.0,2478.5,3016.5,3540.5,3941.0,4152.5,4263.0,4458.5,0.0,0.0,0.0,0.0,0.0,0.0,0.0,0.0,0.0,0.0,2893.5,2164.5,772.0,1067.5,982.0,1519.5,2676.5,3032.5,3046.0,3232.5,3141.5,2011.5,465.5,816.5,665.0,1295.0,3946.0,4789.5,4765.5,5015.0,2169.5,1069.5,344.5,588.5,311.0,870.0,3653.5,4766.0,4765.5,4934.5,2018.5,843.0,419.0,595.5,296.5,744.0,3589.5,4860.0,5290.5,5057.0,2036.5,1706.0,1031.5,1184.0,1410.0,1519.5,1607.0,1736.5,1928.5,1839.5,2182.0,913.0,540.5,656.5,390.0,783.5,3822.5,5364.0,5188.0,5546.5,2622.0,1588.5,1775.5,1745.0,1308.0,1743.0,4150.5,5409.0,5556.5,5666.0,2255.5,960.5,327.5,540.5,272.0,849.5,4101.0,5541.0,5519.0,5824.0,2029.0,889.5,442.0,623.5,329.0,897.5,3350.5,4449.0,4177.0,4766.5,2234.5,1174.0,361.0,681.5,421.5,1106.0,3013.0,3614.0,3826.0,3972.5,1397.0,789.0,328.5,549.0,468.0,934.0,1521.0,1787.5,1721.5,2068.5,2647.0,1953.0,489.5,635.0,767.0,1080.0,1243.5,1410.0,1546.5,1670.5,2837.5,2253.5,1792.5,1908.5,1955.5,2274.0,2315.5,2339.0,2224.0,2384.5,3115.5,2736.5,750.0,966.0,1316.0,1514.0,1605.0,1751.0,1940.0,1954.5,3430.0,3056.0,1064.5,1340.0,1683.5,1939.0,2033.5,2113.5,2246.0,2331.0,1058.5,715.0,705.5,894.5,1172.5,1363.0,1426.5,1524.5,1733.0,1679.5,1962.5,1483.5,579.5,755.0,941.5,1151.5,1214.5,1297.5,1379.0,1448.5,0.0,0.0,0.0,0.0,0.0,0.0,0.0,0.0,0.0,0.0,2325.0,1659.5,617.0,862.0,1142.5,1372.5,1469.5,1563.0,1781.5,1773.5,2003.0,1400.0,741.0,1012.0,1277.0,1498.0,1494.0,1543.0,1844.0,1698.0,0.0,0.0,0.0,0.0,0.0,0.0,0.0,0.0,0.0,0.0,2281.0,1556.5,695.5,861.5,1091.5,1339.0,1417.5,1539.0,1731.0,1724.0,0.0,0.0,0.0,0.0,0.0,0.0,0.0,0.0,0.0,0.0,1079.0,1184.5,10327.5,10147.0,10176.0,10339.0,10019.0,9621.5,10070.5,9287.5,1211.5,887.0,484.0,720.5,1043.5,1260.5,1321.5,1385.5,1379.0,1498.5,2406.0,1757.0,778.0,992.0,1284.5,1514.5,1580.0,1674.5,1881.0,1864.5,1930.5,1362.0,780.0,1026.0,1322.0,1547.0,1625.0,1736.5,1966.5,1932.5,2420.0,1735.0,829.0,1105.0,1411.5,1646.5,1736.0,1858.0,2021.0,2056.0,3095.5,2888.0,907.5,1172.0,1500.5,1673.0,1765.5,1897.0,2057.0,2042.5,"{""type"":""MultiPoint"",""coordinates"":[]}"
3542,3,63.0,53.0,991.0,1272.0,1412.0,1500.0,933.0,911.0,796.0,559.0,3279.0,2476.0,1084.0,1422.0,1589.0,2113.0,2200.0,2354.0,2420.0,2636.0,1971.0,1326.0,780.0,1002.0,1225.5,1508.5,1594.0,1726.0,1887.5,1971.0,2697.0,1957.0,884.5,1187.0,1286.5,1735.0,1888.0,2033.5,2181.0,2257.0,3015.0,2319.0,914.0,1269.0,1383.0,1814.0,2016.0,2145.0,2207.0,2381.0,6630.0,6616.0,3081.0,3869.0,4725.0,5602.0,5933.0,6231.0,4875.0,6545.0,0.0,0.0,0.0,0.0,0.0,0.0,0.0,0.0,0.0,0.0,3723.0,2550.0,1010.0,1452.0,1336.0,2103.0,2932.0,3399.0,3172.0,3672.0,1027.0,672.0,551.0,792.0,587.0,1121.0,1822.0,2207.0,1978.0,2039.0,1142.5,565.0,348.5,465.0,238.0,596.5,2107.5,3072.5,2961.0,2985.5,995.0,478.5,488.5,547.5,357.5,608.0,1723.5,2576.0,2390.0,2578.0,187.0,152.0,960.0,1257.0,1293.0,1433.0,975.0,905.0,833.0,624.0,1148.0,483.0,300.0,375.0,199.0,502.0,2324.0,3866.0,3757.0,4050.0,878.0,388.0,344.0,410.0,227.5,489.5,1911.0,3127.5,3070.5,3200.5,1370.0,561.0,441.0,576.0,309.0,740.0,2742.0,4141.0,4247.0,4576.0,1481.0,668.0,352.5,623.5,310.0,1022.5,3008.5,4254.5,4143.5,4596.5,1647.0,793.0,320.0,744.0,454.0,1273.0,3288.0,4021.0,4306.0,4494.0,1516.0,708.0,247.0,666.0,485.0,1411.0,3169.0,3860.0,4004.0,4210.0,1806.5,974.0,420.0,807.5,642.5,1469.5,2878.0,3317.0,3441.5,3734.5,4362.0,3674.0,3341.0,3369.0,3472.5,3959.5,4126.0,4230.0,4419.5,4445.0,2065.0,1409.0,618.0,862.0,1166.0,1486.0,1802.0,1963.0,2121.0,2129.0,2426.0,1612.0,613.0,841.0,1159.0,1487.0,1718.0,1884.0,2059.0,2157.0,52.0,44.0,563.0,634.0,562.0,623.0,369.0,318.0,318.0,175.0,2705.0,1819.0,717.0,999.0,1344.0,1670.0,1959.0,2105.0,2337.0,2417.0,2209.0,1421.0,1085.0,1249.0,1520.0,1888.0,2129.0,2341.0,2544.0,2493.0,1262.5,824.5,378.0,613.0,853.5,1127.0,1203.5,1310.5,1451.5,1473.0,1182.5,794.5,379.5,581.5,804.5,1054.5,1086.0,1216.0,1293.0,1297.0,0.0,0.0,0.0,0.0,0.0,0.0,0.0,0.0,0.0,0.0,1058.0,748.0,1457.0,1331.5,1256.5,1353.5,1308.0,1375.5,1305.0,1328.0,0.0,0.0,0.0,0.0,0.0,0.0,0.0,0.0,0.0,0.0,928.0,1014.0,10848.0,10462.0,10358.0,10421.0,10145.0,9739.0,10078.0,9281.0,232.0,175.5,1221.5,1382.0,1513.0,1709.5,1511.0,1503.0,1513.5,1432.5,2260.5,1577.0,1017.0,1310.5,1441.5,1766.5,1899.5,2006.0,2156.5,2182.0,2219.0,1513.0,904.0,1184.0,1292.0,1695.0,1801.0,1958.0,2120.0,2121.0,890.0,528.0,659.0,962.0,1077.0,1541.0,1606.0,1721.0,1823.0,1897.0,2636.0,1960.0,1110.0,1396.0,1528.0,2017.0,2076.0,2212.0,2254.0,2290.0,"{""type"":""MultiPoint"",""coordinates"":[]}"
3545,26,3152.0,2229.5,713.5,1036.5,1314.5,1824.0,2440.0,2644.5,2955.0,2948.5,1827.0,842.0,431.5,701.0,351.5,1033.0,4075.5,5522.5,5741.5,5712.0,1593.0,698.5,299.5,599.0,253.5,943.0,3903.0,5324.5,5494.0,5524.0,1446.0,660.0,303.0,573.0,266.0,865.0,3525.0,4949.0,5209.0,5203.0,1350.0,652.0,242.0,506.0,282.0,844.0,3063.0,4002.0,4309.0,4343.0,0.0,0.0,0.0,0.0,0.0,0.0,0.0,0.0,0.0,0.0,0.0,0.0,0.0,0.0,0.0,0.0,0.0,0.0,0.0,0.0,3156.0,2124.0,900.0,1226.0,1761.0,2046.0,2157.0,2332.0,2550.0,2665.0,3873.0,2324.0,740.0,1110.0,1504.0,1709.0,1733.0,1881.0,2005.0,2180.0,3906.0,3931.0,858.0,1072.0,1464.0,1699.0,1923.0,2140.0,2223.0,2407.0,3429.5,3079.5,1020.0,1202.5,1424.5,1766.0,2335.0,2674.0,2439.0,2939.5,3817.0,3031.0,822.0,1165.0,1519.0,2025.0,2632.0,2877.0,3249.0,3245.0,3728.0,2873.5,721.0,1084.5,1199.0,1777.5,2896.5,3297.5,3209.5,3607.5,3915.0,3054.0,3195.5,3141.5,2765.5,3330.0,4314.5,4685.0,4897.0,4787.0,2785.5,1663.5,523.0,750.5,615.0,1133.0,3223.5,4048.5,3915.0,4292.0,2574.0,1236.0,351.0,594.0,346.0,922.0,3768.0,4913.0,4641.0,5233.0,2054.0,948.0,329.0,513.0,340.0,826.0,3444.0,4235.0,4401.0,4608.0,1847.5,878.5,258.0,503.0,295.5,792.5,3187.0,4071.5,3999.0,4366.0,1980.0,992.0,387.0,721.5,508.0,1271.0,3138.5,3724.0,3856.5,4097.5,2534.5,1621.0,581.0,924.0,993.0,1726.5,2497.0,2805.5,2898.5,3229.0,3201.0,2388.0,487.0,753.0,1005.0,1350.0,1753.0,2015.0,2326.0,2367.0,3005.0,2304.5,548.5,763.5,1013.0,1333.5,1659.5,1896.0,2130.0,2216.0,4170.5,3584.0,2540.5,2687.5,2791.0,3088.5,3373.0,3449.0,3902.5,3571.0,3589.0,2759.0,845.0,1101.0,1569.0,1800.0,1961.0,2134.0,2450.0,2439.0,3521.0,2619.0,880.0,1117.0,1592.0,1887.0,1972.0,2179.0,2448.0,2564.0,3447.5,2635.0,790.0,1046.0,1487.0,1696.5,1806.5,1980.0,2213.5,2262.5,3428.5,2641.5,820.0,1059.0,1458.5,1683.5,1795.0,1918.0,2119.0,2186.0,0.0,0.0,0.0,0.0,0.0,0.0,0.0,0.0,0.0,0.0,3372.5,2676.5,983.0,1150.0,1453.5,1669.0,1793.0,1948.0,2149.0,2181.0,0.0,0.0,0.0,0.0,0.0,0.0,0.0,0.0,0.0,0.0,1010.0,1103.0,10526.0,10314.0,10228.0,10405.0,10085.0,9694.0,10090.0,9269.0,1851.5,1294.5,4402.0,4521.5,4661.5,5044.5,5241.0,5221.0,5414.0,5116.0,3588.5,2614.0,725.5,1125.0,1307.5,1875.5,2770.5,3093.0,3460.0,3422.0,2128.0,1152.0,449.0,738.0,520.0,1130.0,3156.0,3762.0,3987.0,4043.0,1593.0,713.0,215.0,421.0,184.0,726.0,3111.0,4198.0,4543.0,4400.0,1359.0,612.0,228.0,435.0,183.0,687.0,3228.0,4341.0,4643.0,4575.0,"{""type"":""MultiPoint"",""coordinates"":[]}"
3559,10,3711.5,3115.0,1819.5,1953.5,2245.0,2532.5,2710.0,2833.0,3117.0,3080.5,3741.0,3023.5,1033.0,1394.5,1637.5,2159.0,2579.0,2782.5,2794.0,3085.0,3404.5,2597.0,764.0,1016.5,1282.5,1731.0,2057.5,2236.5,2439.5,2538.5,3477.0,2706.0,802.5,1076.0,1308.0,1726.0,2136.5,2315.5,2547.0,2621.0,4099.0,3968.5,937.5,1283.0,1808.0,2088.0,2257.0,2426.5,2651.0,2693.0,5583.5,5487.5,1664.5,1920.5,2524.0,2964.0,3075.5,3348.0,3580.0,3721.5,0.0,0.0,0.0,0.0,0.0,0.0,0.0,0.0,0.0,0.0,5971.0,5350.0,1654.0,2207.5,2805.5,3472.5,3916.5,4130.0,4227.0,4528.0,4222.0,3422.0,1032.5,1515.0,1761.5,2464.5,3307.0,3534.0,3604.5,3824.5,4052.5,3120.0,930.5,1379.5,1406.0,2243.0,3699.5,4083.5,4129.0,4310.5,3606.0,2606.5,787.0,1161.5,1048.0,1839.5,3754.0,4413.0,4449.0,4746.0,4265.0,3568.5,1038.5,1317.0,1752.5,2126.0,2407.5,2612.5,2962.0,2969.0,2766.0,1632.0,627.5,1004.5,666.5,1494.0,4143.5,5064.5,4890.5,5236.5,2870.0,1384.0,616.5,992.0,556.5,1436.5,4929.5,6153.0,6182.0,6667.5,2461.5,1078.5,593.0,885.5,499.0,1313.5,4475.0,5775.0,5529.5,6042.5,2126.0,958.0,408.5,691.0,395.0,1064.5,3984.0,4746.5,4666.0,5033.5,2097.5,934.0,395.5,685.0,349.0,1046.5,4072.5,5013.5,5085.5,5371.0,2858.5,1845.5,1214.5,1426.0,1255.0,1886.5,3882.5,4526.0,4552.0,4795.5,2095.0,1044.0,342.0,593.0,346.0,983.5,2922.0,3387.5,3510.0,3758.0,2698.0,1982.5,1114.5,1513.5,1499.5,2012.0,2986.0,3191.5,2981.0,3434.0,3791.5,3087.5,611.5,868.0,1228.0,1578.5,1829.5,2083.5,2286.0,2491.0,4292.5,3697.5,657.5,944.0,1369.5,1660.0,1791.5,2014.0,2233.5,2375.5,3681.0,3039.0,808.5,1069.0,1469.5,1793.0,2080.5,2276.0,2552.0,2579.5,4153.0,4247.5,1032.0,1348.5,1883.5,2104.5,2253.0,2400.5,2652.0,2657.5,4043.0,3412.0,1465.5,1740.0,2162.5,2533.5,2782.5,3079.5,3097.0,3415.5,3645.5,3157.5,719.0,1097.0,1477.5,1854.5,2196.0,2359.5,2595.5,2629.5,3955.0,3561.0,775.0,1164.0,1529.5,1994.5,2388.5,2548.0,2761.0,2869.0,2834.5,2256.5,2364.5,2339.5,2515.5,2918.0,2903.5,2914.5,2741.5,2927.0,2809.0,2010.0,664.5,993.5,1005.0,1626.0,2590.0,2789.0,3052.5,2972.0,3405.0,3183.0,2527.5,2536.5,2643.5,2816.0,2887.5,3004.5,3064.5,3122.0,893.5,966.5,9844.0,9652.0,9738.0,9865.0,9527.5,9173.5,9631.0,8828.0,2114.0,1653.5,3151.0,3201.5,3505.5,3718.5,3867.5,3886.5,4074.0,3930.0,3640.5,3079.0,817.5,1068.0,1407.0,1771.0,2182.5,2390.0,2588.0,2685.5,3292.5,2530.5,757.5,997.5,1243.5,1694.0,2229.5,2469.0,2700.5,2698.0,3145.5,2269.5,642.0,880.5,1138.0,1626.0,2153.5,2312.5,2566.5,2613.5,3696.5,2941.5,868.0,1161.5,1471.5,1957.5,2335.0,2549.0,2769.5,2867.5,"{""type"":""MultiPoint"",""coordinates"":[]}"
3574,5,2542.0,1902.0,694.0,890.0,1250.0,1370.0,1481.0,1655.0,1900.0,1917.0,3677.0,3028.0,961.0,1235.0,1629.0,1870.0,1965.0,2095.0,2292.0,2393.0,3408.0,2630.0,1835.5,1973.5,2266.5,2467.0,2628.0,2722.5,2930.0,2985.5,3744.0,2879.0,1793.0,1898.0,2183.0,2355.0,2452.0,2657.0,2995.0,2958.0,0.0,0.0,0.0,0.0,0.0,0.0,0.0,0.0,0.0,0.0,3850.0,3022.5,979.5,1275.0,1485.5,1919.0,2483.0,2681.5,2795.5,2952.0,0.0,0.0,0.0,0.0,0.0,0.0,0.0,0.0,0.0,0.0,2870.0,1770.0,538.0,860.0,680.0,1282.0,3117.0,3551.0,3621.0,3721.0,2522.0,1327.0,441.0,681.0,492.0,1047.0,3162.0,3861.0,3762.0,4143.0,2411.0,1180.0,451.0,677.0,419.0,978.0,3585.0,4607.0,4671.0,4889.0,2387.0,1050.0,479.0,687.0,375.0,987.0,4091.0,5604.0,5455.0,5791.0,3117.0,2514.0,838.0,1027.0,1463.0,1641.0,1742.0,1884.0,2185.0,2153.0,2335.5,1005.0,411.0,601.5,321.5,895.5,4048.5,5539.0,5416.5,5881.5,2102.0,974.0,351.0,574.0,318.0,894.0,3563.0,4755.0,4831.0,5089.0,0.0,0.0,0.0,0.0,0.0,0.0,0.0,0.0,0.0,0.0,2423.5,1350.5,471.5,820.5,567.0,1363.5,2889.5,3393.0,3343.0,3700.5,2541.5,1647.5,438.5,734.0,714.0,1297.0,1978.5,2264.5,2431.0,2557.0,0.0,0.0,0.0,0.0,0.0,0.0,0.0,0.0,0.0,0.0,3986.5,2959.5,803.0,1019.0,1459.5,1695.0,1837.5,2079.5,2278.5,2425.5,3995.0,3151.5,843.0,1009.5,1313.5,1581.0,1661.0,1784.0,1840.5,2062.5,3567.0,2851.5,766.0,945.5,1238.5,1461.5,1573.5,1724.0,1899.0,1978.0,2471.0,2131.0,609.0,747.0,980.0,1120.0,1198.0,1308.0,1417.0,1475.0,0.0,0.0,0.0,0.0,0.0,0.0,0.0,0.0,0.0,0.0,2540.0,2080.0,600.0,763.0,1005.0,1145.0,1213.0,1332.0,1470.0,1535.0,0.0,0.0,0.0,0.0,0.0,0.0,0.0,0.0,0.0,0.0,1734.0,1196.0,355.0,488.0,708.0,836.0,927.0,1038.0,1158.0,1201.0,2192.5,1702.0,572.5,695.0,918.0,1056.0,1153.5,1276.0,1346.0,1433.0,0.0,0.0,0.0,0.0,0.0,0.0,0.0,0.0,0.0,0.0,2210.0,1738.0,533.0,679.0,859.0,1005.0,1209.0,1298.0,1469.0,1467.0,0.0,0.0,0.0,0.0,0.0,0.0,0.0,0.0,0.0,0.0,929.0,994.0,11201.0,10779.0,10705.0,10790.0,10408.0,10008.0,10428.0,9569.0,0.0,0.0,0.0,0.0,0.0,0.0,0.0,0.0,0.0,0.0,3326.0,2631.0,889.0,1097.0,1472.0,1657.0,1787.0,1972.0,2247.0,2236.0,3276.5,2572.5,854.5,1077.5,1439.0,1622.0,1775.0,1911.0,2137.0,2186.5,2021.0,1469.5,729.0,843.5,1056.0,1160.0,1235.5,1369.5,1556.5,1536.5,0.0,0.0,0.0,0.0,0.0,0.0,0.0,0.0,0.0,0.0,"{""type"":""MultiPoint"",""coordinates"":[]}"
3594,176,0.0,0.0,0.0,0.0,0.0,0.0,0.0,0.0,0.0,0.0,3670.0,2461.5,667.0,956.0,1143.5,1656.0,2621.5,2922.5,3180.5,3407.0,3509.0,2378.5,670.0,956.0,1108.5,1663.0,2671.5,2959.0,3232.5,3487.0,2867.5,1762.5,426.5,727.5,737.5,1298.0,2254.5,2766.5,2833.5,3225.5,0.0,0.0,0.0,0.0,0.0,0.0,0.0,0.0,0.0,0.0,0.0,0.0,0.0,0.0,0.0,0.0,0.0,0.0,0.0,0.0,1006.5,527.5,620.0,660.0,490.5,719.0,1439.5,1747.0,1536.0,1866.5,1006.5,527.5,514.5,651.0,490.5,719.0,1439.5,1747.0,1536.0,1866.5,1899.0,1067.0,600.5,739.5,568.0,938.0,2175.0,2728.0,2750.5,2977.5,2857.0,1506.0,567.0,827.0,602.5,1173.0,3305.5,4079.5,4237.5,4618.0,359.0,165.5,685.0,649.5,414.5,571.0,1200.5,1390.0,1247.5,1359.0,5542.5,4750.5,4201.5,4282.0,4519.5,4914.0,5204.0,5247.5,5393.5,5505.0,1341.5,694.0,606.0,697.5,459.0,787.5,2090.5,2545.0,2520.0,2701.5,2392.5,1221.5,529.5,739.5,504.0,1031.0,3053.0,3767.5,3853.0,4150.5,0.0,0.0,0.0,0.0,0.0,0.0,0.0,0.0,0.0,0.0,2527.5,1285.0,440.0,721.0,501.5,1124.5,3186.0,3908.5,3938.5,4304.5,2526.5,1311.0,451.0,723.0,524.0,1149.5,3097.0,3830.0,3885.0,4286.0,2291.0,1209.5,381.0,633.5,489.0,1050.5,2732.5,3350.5,3508.5,3800.0,2791.5,1511.0,403.5,692.5,713.5,1248.0,2489.5,2920.5,3186.5,3354.0,2882.5,1717.0,517.0,753.5,791.0,1364.5,2345.0,2784.5,2889.0,3177.0,2831.5,1680.5,518.0,752.5,783.0,1296.0,2309.5,2740.0,2919.0,3094.0,3025.0,1749.5,556.5,804.5,842.0,1363.0,2569.5,2971.5,3168.5,3395.0,2912.0,1864.0,582.0,744.5,1073.5,1329.0,1689.5,1979.0,2138.0,2350.0,2816.5,1700.0,453.5,672.5,773.0,1261.5,2320.0,2648.0,2879.0,3001.0,2816.5,1700.0,453.5,672.5,773.0,1261.5,2320.0,2648.0,2879.0,3001.0,3413.5,2056.5,613.0,921.0,1225.5,1705.5,2336.5,2709.0,3152.0,3263.5,3679.0,2234.0,688.5,1034.5,1482.5,1917.0,2306.0,2644.5,3141.5,3257.0,2436.0,1670.0,4810.0,4650.0,4446.5,4661.5,4633.5,4768.5,5623.5,4938.0,3515.0,2275.5,896.0,1227.5,1740.5,2094.0,2510.0,2802.0,3187.0,3373.5,3943.5,2737.0,872.5,1097.0,1467.0,1861.5,2193.0,2373.0,2657.5,2763.0,1028.5,773.0,4105.0,4253.5,4474.0,4627.0,4616.5,4611.0,4834.5,4784.0,1028.5,773.0,4105.0,4253.5,4474.0,4627.0,4616.5,4611.0,4834.5,4784.0,0.0,0.0,0.0,0.0,0.0,0.0,0.0,0.0,0.0,0.0,0.0,0.0,0.0,0.0,0.0,0.0,0.0,0.0,0.0,0.0,3652.0,2420.0,757.0,1018.5,1236.0,1711.5,2365.0,2693.0,2876.0,3128.5,3835.5,2588.0,679.0,955.5,1205.5,1668.0,2474.5,2816.5,3010.0,3216.0,"{""type"":""MultiPoint"",""coordinates"":[]}"
3664,5,1095.0,608.0,452.0,602.0,803.0,980.0,1085.0,1240.0,1434.0,1391.0,2490.0,2171.0,817.0,977.0,1163.0,1280.0,1376.0,1466.0,1574.0,1565.0,1195.5,739.5,564.0,657.0,789.0,910.5,956.0,1022.5,1119.0,1157.5,1093.0,650.0,627.0,745.0,915.0,1041.0,984.0,1133.0,1208.0,1167.0,0.0,0.0,0.0,0.0,0.0,0.0,0.0,0.0,0.0,0.0,2986.0,2618.0,1083.0,1286.0,1512.0,1687.0,1788.0,1963.0,2012.0,2109.0,0.0,0.0,0.0,0.0,0.0,0.0,0.0,0.0,0.0,0.0,2976.0,2500.0,968.0,1242.0,1389.0,1692.0,1959.0,2149.0,2235.0,2269.0,1103.0,846.0,330.0,440.0,458.0,632.0,856.0,1054.0,859.0,1087.0,2521.0,1818.0,603.0,866.0,847.0,1258.0,2231.0,2550.0,2580.0,2642.0,3060.0,1962.5,1890.0,1983.0,1688.5,2295.5,4341.5,5101.5,4959.5,5245.0,3096.0,2546.0,1025.0,1262.0,1585.0,1785.0,1955.0,2020.0,2290.0,2278.0,3063.0,1397.5,2396.5,2303.5,1620.0,1818.0,4847.0,6518.5,6148.0,6801.0,2479.0,1124.0,474.0,622.0,346.0,852.0,4146.0,5968.0,6028.0,6218.0,2281.0,941.0,238.0,400.0,169.0,632.0,4125.0,6130.0,6036.0,6455.0,2323.0,976.0,330.0,524.5,286.5,814.5,4188.0,5765.0,5549.0,5948.5,2014.5,865.0,279.0,532.5,245.5,855.0,3911.0,5072.0,5208.0,5306.0,0.0,0.0,0.0,0.0,0.0,0.0,0.0,0.0,0.0,0.0,2121.0,1197.5,464.5,927.5,1014.5,1894.5,2597.0,2899.0,3154.5,3287.5,2533.0,1750.0,544.0,689.0,941.0,1178.0,1252.0,1400.0,1488.0,1631.0,3622.0,2624.5,864.0,1122.0,1598.0,1859.0,1962.0,2146.0,2381.5,2425.5,2126.0,1704.5,634.0,761.0,977.5,1113.5,1224.0,1295.0,1439.0,1454.0,0.0,0.0,0.0,0.0,0.0,0.0,0.0,0.0,0.0,0.0,2157.0,1699.0,614.0,782.0,1002.0,1154.0,1176.0,1266.0,1402.0,1377.0,0.0,0.0,0.0,0.0,0.0,0.0,0.0,0.0,0.0,0.0,1302.0,853.0,327.0,444.0,629.0,745.0,772.0,841.0,942.0,967.0,2471.5,1918.0,1338.5,1368.0,1505.5,1733.5,1779.5,1938.5,1928.0,2083.5,0.0,0.0,0.0,0.0,0.0,0.0,0.0,0.0,0.0,0.0,1344.0,928.0,427.0,514.0,646.0,747.0,784.0,855.0,956.0,954.0,0.0,0.0,0.0,0.0,0.0,0.0,0.0,0.0,0.0,0.0,1211.0,1296.0,10758.0,10398.0,10345.0,10489.0,10178.0,9807.0,10217.0,9448.0,0.0,0.0,0.0,0.0,0.0,0.0,0.0,0.0,0.0,0.0,2528.0,1852.0,801.0,1051.0,1297.0,1513.0,1603.0,1694.0,1933.0,1947.0,2850.0,2152.0,957.0,1181.0,1442.0,1660.0,1806.0,1895.0,2109.0,2096.0,1456.0,815.0,564.0,725.0,931.0,1075.0,1112.0,1234.0,1382.0,1361.0,0.0,0.0,0.0,0.0,0.0,0.0,0.0,0.0,0.0,0.0,"{""type"":""MultiPoint"",""coordinates"":[]}"
3665,1,1977.0,1386.0,487.5,659.0,855.5,1086.5,1339.0,1453.5,1698.5,1679.5,4644.0,4137.0,1344.0,1768.0,2312.0,2639.5,2803.5,2935.0,3162.0,3216.0,2473.0,1728.0,592.0,804.0,1069.5,1323.5,1455.5,1608.5,1782.5,1845.0,2894.5,2064.0,874.5,1067.0,1404.5,1685.0,1895.0,2063.5,2310.0,2367.0,0.0,0.0,0.0,0.0,0.0,0.0,0.0,0.0,0.0,0.0,4546.0,3909.0,2080.5,2461.5,2548.0,2924.0,3776.0,4099.5,4428.0,4362.0,0.0,0.0,0.0,0.0,0.0,0.0,0.0,0.0,0.0,0.0,2002.5,1032.0,336.5,534.0,309.0,684.0,3143.0,4875.0,5007.0,5021.0,0.0,0.0,0.0,0.0,0.0,0.0,0.0,0.0,0.0,0.0,1662.0,706.0,218.0,405.0,182.5,528.5,2836.5,4604.0,4608.5,4866.5,1628.0,686.5,280.0,432.5,227.0,571.0,2711.5,4512.5,4539.5,4752.0,2878.0,2408.0,768.0,985.5,1257.0,1529.5,1820.0,1941.5,2216.5,2184.5,5452.0,4768.0,6596.0,6158.5,5830.5,6352.0,6493.0,6737.5,6564.5,6718.5,1571.0,691.0,416.5,588.5,358.5,750.5,2637.0,3857.0,3910.5,4063.5,0.0,0.0,0.0,0.0,0.0,0.0,0.0,0.0,0.0,0.0,2402.0,1672.0,441.0,567.5,766.0,1030.5,1225.5,1441.0,1484.0,1720.0,2252.5,1615.0,362.5,481.0,687.5,885.5,1011.0,1168.5,1305.5,1385.5,0.0,0.0,0.0,0.0,0.0,0.0,0.0,0.0,0.0,0.0,3478.0,2705.0,1083.0,1382.0,1769.5,2099.5,2402.5,2615.5,2719.5,2881.5,2832.5,1852.5,742.0,1055.5,1217.5,1733.5,2135.5,2344.0,2333.0,2581.5,3636.0,2713.0,840.5,1308.0,1447.5,2055.0,2635.0,2843.5,3120.0,3124.5,3680.0,2774.5,886.0,1399.0,1448.5,2185.5,2971.5,3252.0,3449.0,3526.5,0.0,0.0,0.0,0.0,0.0,0.0,0.0,0.0,0.0,0.0,3784.0,3223.0,1017.5,1357.0,1870.5,2130.0,2261.0,2399.5,2637.0,2647.0,5939.0,5760.5,5474.5,5405.5,5539.0,5888.0,5805.0,5761.5,6282.5,5834.5,1775.5,1247.0,377.5,567.5,868.5,1003.5,1074.5,1182.0,1330.5,1330.5,1799.0,1265.0,386.0,604.5,938.5,1097.5,1191.5,1307.0,1448.5,1461.0,0.0,0.0,0.0,0.0,0.0,0.0,0.0,0.0,0.0,0.0,2033.5,1481.0,614.5,783.0,1094.5,1262.0,1320.5,1455.0,1637.5,1653.5,0.0,0.0,0.0,0.0,0.0,0.0,0.0,0.0,0.0,0.0,1117.0,1189.5,10311.0,9932.0,9928.0,10071.0,9780.5,9464.0,9846.5,9140.0,2240.5,1593.5,543.5,755.5,960.5,1229.0,1492.0,1662.0,1817.0,1868.5,2614.0,1962.5,593.5,814.5,1046.5,1361.5,1720.0,1937.0,2165.5,2147.0,0.0,0.0,0.0,0.0,0.0,0.0,0.0,0.0,0.0,0.0,2397.5,1617.5,547.0,809.0,933.0,1387.0,1947.5,2175.0,2370.5,2362.5,3649.0,2970.0,1133.0,1495.5,1895.5,2345.5,2607.0,2787.5,3039.0,3106.5,"{""type"":""MultiPoint"",""coordinates"":[]}"
3671,5,2390.0,1701.5,838.0,1073.0,1330.5,1536.0,1613.0,1715.5,1973.0,1899.0,3821.0,3335.0,1466.5,1785.5,2162.0,2424.0,2596.0,2806.0,2857.5,2867.5,2599.5,1821.0,950.5,1155.0,1413.5,1637.5,1746.5,1878.5,2022.0,2063.0,3378.5,2793.5,1354.5,1693.5,1942.0,2155.0,2454.5,2566.0,2854.0,2788.5,5273.0,4923.0,2010.5,2518.0,2894.0,3392.5,3726.5,3917.0,4060.0,4109.0,5081.0,4535.0,1877.0,2352.0,2624.5,3205.5,3864.5,4179.5,4254.0,4379.5,4601.0,3902.5,1553.5,1964.0,2150.0,2681.5,3663.0,4110.5,4250.5,4325.5,3095.0,2188.5,778.5,1114.5,1057.5,1645.0,2772.0,3232.5,3289.0,3389.0,0.0,0.0,0.0,0.0,0.0,0.0,0.0,0.0,0.0,0.0,2504.5,1486.5,438.5,704.0,565.0,1159.5,3430.0,4433.5,4554.5,4695.5,2897.0,2321.0,1200.0,1351.5,1419.5,1907.0,3871.0,4833.0,4604.0,5011.5,2177.0,1580.0,750.0,934.5,1172.5,1328.0,1396.5,1522.0,1709.0,1694.5,2117.0,927.0,338.0,482.0,290.0,765.0,3493.0,4788.5,4901.5,5215.0,2090.5,844.0,419.0,564.0,314.0,750.5,3657.0,4985.0,5164.0,5253.0,1698.0,689.0,319.5,467.5,259.5,736.0,3296.5,4573.0,4474.0,4814.5,1819.5,777.0,311.5,532.0,276.5,829.0,3159.5,4226.5,4071.5,4378.5,2414.5,1421.5,458.5,826.5,735.0,1507.0,2731.5,3191.0,3450.0,3588.5,0.0,0.0,0.0,0.0,0.0,0.0,0.0,0.0,0.0,0.0,2897.0,2358.5,550.0,712.5,933.0,1131.5,1257.0,1394.0,1549.5,1626.5,2366.5,1727.0,493.0,610.5,744.0,924.0,1034.5,1138.5,1194.5,1309.5,2513.0,2119.0,740.5,918.0,1181.0,1311.0,1396.0,1497.5,1618.5,1644.5,4142.0,3694.0,1272.0,1601.0,1957.5,2240.5,2417.0,2582.0,2694.0,2837.5,0.0,0.0,0.0,0.0,0.0,0.0,0.0,0.0,0.0,0.0,2308.0,1770.5,674.0,877.0,1006.0,1249.5,1428.0,1534.5,1658.0,1682.5,2357.0,1725.5,1409.5,1366.5,1180.5,1458.0,1799.5,1854.0,2459.5,1924.5,1786.5,1036.5,318.5,612.0,499.0,981.5,1962.5,2137.0,2320.5,2344.5,2287.0,1449.5,504.5,809.0,649.0,1222.0,2570.0,2942.5,3056.5,3033.0,0.0,0.0,0.0,0.0,0.0,0.0,0.0,0.0,0.0,0.0,1899.0,967.5,374.5,680.5,386.5,997.5,2939.0,3556.0,3813.5,3666.5,0.0,0.0,0.0,0.0,0.0,0.0,0.0,0.0,0.0,0.0,308.0,357.5,10702.5,10404.0,10296.0,10344.5,9982.5,9543.0,9941.5,9154.5,0.0,0.0,0.0,0.0,0.0,0.0,0.0,0.0,0.0,0.0,2543.0,1834.0,865.0,1113.5,1370.0,1589.5,1637.0,1789.5,1970.0,1989.5,2800.5,2172.0,977.0,1237.0,1498.0,1649.0,1747.5,1896.5,2078.5,2025.5,2508.5,1737.0,812.5,1069.0,1316.5,1543.0,1637.5,1758.0,1954.5,1944.5,2256.5,1431.5,821.5,1056.0,1331.0,1586.0,1634.5,1684.5,1735.0,1846.0,"{""type"":""MultiPoint"",""coordinates"":[]}"
3681,2,2613.0,1966.0,617.0,830.0,1042.0,1314.0,1631.0,1799.0,2058.0,2039.0,4378.0,4222.0,1249.0,1720.0,2321.0,2626.0,2741.0,2885.0,3072.0,3062.0,3366.0,2703.0,945.0,1261.0,1727.0,1981.0,2199.0,2252.0,2357.0,2410.0,2765.0,2073.0,789.0,1123.0,1446.0,1747.0,1901.0,2056.0,2197.0,2201.0,4682.0,4250.0,1615.0,2153.0,2645.0,3088.0,3259.0,3485.0,3605.0,3671.0,5613.0,5325.0,1881.0,2456.0,3090.0,3606.0,3845.0,4099.0,4259.0,4344.0,0.0,0.0,0.0,0.0,0.0,0.0,0.0,0.0,0.0,0.0,3411.0,2412.0,789.0,1288.0,1264.0,2022.0,3215.0,3413.0,3551.0,3563.0,4335.0,3062.5,1861.5,2165.0,2174.0,2758.0,4395.0,5053.0,5021.5,5293.0,2886.5,1645.5,548.5,910.0,724.5,1438.5,4104.5,4718.5,4766.0,4949.5,2520.0,1169.0,452.0,755.0,431.0,1192.0,4429.0,5496.0,5467.0,5654.0,3100.0,2516.0,728.0,955.0,1238.0,1521.0,1894.0,2043.0,2291.0,2248.0,2502.0,1035.5,477.5,749.5,367.0,1111.5,5075.5,6556.0,6190.5,6893.0,3702.5,2493.0,3029.0,3221.5,2772.5,3426.5,5832.5,6645.0,6677.5,6886.5,2574.0,1058.0,459.0,781.0,398.0,1342.0,5053.0,6401.0,6275.0,6605.0,2283.0,1108.5,534.0,828.0,436.5,1219.0,4374.5,5302.5,5141.0,5530.0,2391.5,1060.0,359.0,648.0,373.5,1294.5,4324.5,5106.5,5329.0,5455.0,0.0,0.0,0.0,0.0,0.0,0.0,0.0,0.0,0.0,0.0,3211.5,2204.0,777.0,922.0,1135.5,1580.0,2075.5,2343.5,2666.0,2786.5,2909.0,1974.0,736.0,867.0,1045.0,1356.0,1616.0,1803.0,1972.0,2213.0,2967.0,2027.0,447.5,610.5,816.0,1164.0,1554.5,1809.5,2087.0,2211.5,2276.5,1572.5,430.5,626.5,728.5,1033.0,1469.5,1684.5,1914.0,2015.0,0.0,0.0,0.0,0.0,0.0,0.0,0.0,0.0,0.0,0.0,2468.0,1561.0,373.0,544.0,679.0,1023.0,1512.0,1774.0,2053.0,2170.0,0.0,0.0,0.0,0.0,0.0,0.0,0.0,0.0,0.0,0.0,2226.0,1366.0,221.0,409.0,599.0,907.0,1225.0,1483.0,1800.0,1886.0,2633.0,1618.5,430.0,603.5,759.0,1100.5,1416.0,1632.0,1925.5,2059.0,0.0,0.0,0.0,0.0,0.0,0.0,0.0,0.0,0.0,0.0,2376.0,1514.0,299.0,487.0,600.0,917.0,1290.0,1487.0,1801.0,1837.0,0.0,0.0,0.0,0.0,0.0,0.0,0.0,0.0,0.0,0.0,632.0,674.0,10730.0,10440.0,10284.0,10398.0,10005.0,9559.0,9884.0,9014.0,0.0,0.0,0.0,0.0,0.0,0.0,0.0,0.0,0.0,0.0,2842.0,2142.0,547.0,839.0,1038.0,1445.0,1993.0,2158.0,2455.0,2416.0,2964.0,2130.0,661.5,975.0,1029.0,1610.5,2330.5,2548.0,2832.5,2782.5,2556.0,1709.0,512.0,907.0,970.0,1606.0,2174.0,2414.0,2649.0,2604.0,0.0,0.0,0.0,0.0,0.0,0.0,0.0,0.0,0.0,0.0,"{""type"":""MultiPoint"",""coordinates"":[]}"
3682,5,0.0,0.0,0.0,0.0,0.0,0.0,0.0,0.0,0.0,0.0,2149.0,1314.0,639.5,1080.5,917.5,1862.0,3139.0,3391.0,3446.0,3635.5,0.0,0.0,0.0,0.0,0.0,0.0,0.0,0.0,0.0,0.0,1989.0,1355.0,501.0,782.0,794.0,1299.0,1851.0,2027.0,2117.0,2193.0,2120.0,1412.0,449.0,754.0,802.0,1306.0,1824.0,2005.0,2180.0,2244.0,0.0,0.0,0.0,0.0,0.0,0.0,0.0,0.0,0.0,0.0,0.0,0.0,0.0,0.0,0.0,0.0,0.0,0.0,0.0,0.0,3158.0,2376.0,960.0,1367.5,1593.0,1990.5,2505.0,2730.5,2837.5,2927.5,4133.0,3436.0,902.0,1467.0,1731.0,2328.0,3383.0,3634.0,3872.0,3920.0,4262.0,3369.0,954.0,1380.0,1564.0,2195.0,3613.0,4111.0,4180.0,4481.0,3712.0,3123.0,1959.0,2558.0,2897.0,3588.0,4340.0,4541.0,4360.0,4635.0,2785.5,1979.0,663.5,921.0,1090.0,1544.5,2204.5,2350.5,2569.5,2664.5,2908.0,1785.0,531.0,841.5,695.0,1330.5,3690.0,4556.0,4355.5,4802.0,0.0,0.0,0.0,0.0,0.0,0.0,0.0,0.0,0.0,0.0,2867.0,1689.5,588.5,925.5,859.5,1448.0,3232.0,4084.5,3832.5,4367.0,3064.5,2252.5,1584.5,1766.5,1652.5,2190.5,3514.0,4053.0,3807.0,4187.0,2578.0,1641.0,423.0,757.0,686.0,1203.0,2681.0,3202.0,3160.0,3561.0,2700.5,1740.0,483.5,795.5,806.5,1318.5,2430.0,2689.0,2738.5,3173.5,2834.0,2009.0,474.5,738.5,854.0,1329.0,1985.0,2206.0,2242.0,2606.0,0.0,0.0,0.0,0.0,0.0,0.0,0.0,0.0,0.0,0.0,2715.0,2826.0,1763.5,1998.0,2362.0,2912.5,3118.0,3241.0,2154.0,3283.0,2641.0,1840.0,414.0,637.0,697.0,1163.5,1850.0,2089.5,2257.0,2386.0,2138.0,1442.0,662.0,804.0,879.0,1268.0,1952.0,2113.0,2227.0,2196.0,2778.0,1897.5,510.5,771.0,846.5,1335.0,2063.0,2246.5,2420.0,2523.5,2912.0,1920.0,577.0,836.0,919.0,1465.0,2304.0,2551.0,2689.0,2797.0,2621.0,1668.0,455.0,772.0,840.0,1404.0,2280.0,2464.0,2732.0,2722.0,2794.0,1808.0,532.0,904.0,924.0,1578.0,2539.0,2749.0,2841.0,3003.0,0.0,0.0,0.0,0.0,0.0,0.0,0.0,0.0,0.0,0.0,0.0,0.0,0.0,0.0,0.0,0.0,0.0,0.0,0.0,0.0,2847.0,1962.0,712.0,1004.0,1092.0,1629.0,2390.0,2578.0,2813.0,2824.0,1480.0,1127.0,2793.0,2604.0,2472.0,2347.0,2377.0,2434.0,2401.0,2466.0,224.0,174.0,8998.0,8847.0,8851.0,9209.0,8684.0,8256.0,8349.0,7707.0,2662.0,1759.0,649.0,965.0,979.0,1577.0,2525.0,2736.0,2897.0,2882.0,2368.0,1440.0,611.0,978.0,774.0,1526.0,3040.0,3258.0,3399.0,3431.0,2156.5,1295.5,502.0,913.5,731.0,1558.0,2981.0,3160.0,3386.0,3437.0,2359.0,1433.5,575.0,1041.0,846.0,1828.5,3271.0,3542.0,3745.5,3832.5,"{""type"":""MultiPoint"",""coordinates"":[]}"
3686,5,2214.5,1385.0,650.0,874.5,1228.5,1529.0,1721.5,1844.5,2126.5,2115.0,4239.5,4130.5,1208.0,1606.0,2060.0,2299.5,2413.0,2523.5,2740.0,2763.5,2493.0,1867.5,671.0,897.5,1203.0,1397.0,1504.0,1629.5,1732.5,1805.0,3044.5,2439.5,894.5,1175.5,1472.0,1732.0,1897.0,2058.0,2179.5,2227.5,4500.0,4027.0,1386.5,1885.5,2305.0,2718.0,2905.5,3119.5,3326.0,3384.5,5620.5,5455.5,1875.5,2352.0,2756.0,3314.5,3711.0,4003.0,3990.5,4316.0,0.0,0.0,0.0,0.0,0.0,0.0,0.0,0.0,0.0,0.0,4033.0,3316.5,1516.0,1911.0,1911.0,2531.5,3857.0,4331.5,4346.5,4546.0,3382.5,2302.5,761.0,1168.5,1126.0,1751.0,3882.0,4587.5,4768.5,4950.5,2496.5,1159.0,321.5,571.0,324.0,887.0,3603.5,4603.5,4753.5,4823.0,3727.0,2596.5,2472.5,2452.5,2181.0,2709.5,5008.0,6226.5,6235.5,6360.0,3819.0,2723.5,964.0,1261.0,1689.0,1992.5,2092.0,2296.5,2626.0,2486.5,2373.5,986.5,293.5,424.5,210.0,666.0,4209.0,6121.5,6138.0,6546.5,2220.0,944.0,328.5,468.0,260.5,660.0,4104.0,5927.0,5980.0,6191.5,1998.0,815.0,300.0,469.0,244.0,688.5,3847.5,5490.0,5448.5,5776.0,2061.5,965.5,408.0,654.5,365.5,933.5,3649.5,5082.5,4968.0,5360.0,2125.5,1020.5,408.5,827.5,455.0,1351.0,3619.5,4522.0,4505.5,4837.5,2539.5,1532.0,420.5,733.5,946.0,1674.5,2182.5,2498.0,2777.5,3050.5,3947.5,3278.5,908.5,1145.5,1575.5,1837.0,1928.0,2109.5,2230.0,2333.0,3796.0,3222.0,856.0,1034.0,1311.0,1580.5,1719.5,1859.5,1899.5,2057.5,3734.0,3133.0,762.0,994.0,1230.5,1503.5,1722.0,1845.5,1950.5,2071.0,3898.0,3154.5,835.5,1049.5,1262.5,1557.0,1870.0,1996.5,2142.0,2219.0,2911.5,2003.0,831.0,1064.5,1410.5,1734.5,1947.0,2094.0,2403.5,2387.5,3400.5,2699.5,756.0,940.5,1132.0,1430.0,1686.0,1837.0,2075.5,2068.0,3273.0,2276.0,1518.5,1678.0,1904.0,2239.0,2629.5,2924.0,2998.0,3235.5,3073.0,2259.5,615.5,860.5,1032.5,1365.0,1772.0,1954.5,2191.0,2180.0,3088.0,2260.0,636.0,884.5,1015.5,1414.0,1970.0,2143.5,2355.0,2351.5,0.0,0.0,0.0,0.0,0.0,0.0,0.0,0.0,0.0,0.0,3262.0,2454.5,1585.5,1684.5,1642.0,2090.5,2693.0,2850.5,3016.0,3007.5,0.0,0.0,0.0,0.0,0.0,0.0,0.0,0.0,0.0,0.0,1092.5,1178.0,10139.0,9916.0,9905.0,10088.0,9768.5,9352.0,9784.0,9086.5,1337.0,845.5,1382.0,1494.5,1831.0,2223.5,2216.5,2388.5,2460.5,2530.0,2194.0,1448.5,506.5,753.5,1069.5,1373.0,1581.5,1767.5,1933.0,2064.0,2520.0,1878.0,981.0,1170.5,1368.5,1736.5,1995.5,2135.5,2330.5,2365.0,1406.5,915.5,428.5,632.0,874.5,1237.5,1399.5,1516.0,1681.0,1705.0,2621.0,1899.0,768.5,1017.5,1334.0,1580.5,1747.0,1837.0,2143.5,2146.0,"{""type"":""MultiPoint"",""coordinates"":[]}"
3690,5,945.0,512.0,519.0,661.0,854.0,1013.0,1052.0,1163.0,1306.0,1249.0,2264.0,1669.0,727.0,938.0,1138.0,1255.0,1332.0,1415.0,1540.0,1509.0,901.0,465.0,639.0,757.5,904.0,1025.0,1038.0,1108.5,1176.0,1197.5,1109.0,593.0,972.0,1226.0,1437.0,1665.0,1699.0,1771.0,1833.0,1837.0,0.0,0.0,0.0,0.0,0.0,0.0,0.0,0.0,0.0,0.0,2624.0,1963.0,1593.0,1655.0,1425.0,1532.0,1594.0,1742.0,2538.0,1888.0,0.0,0.0,0.0,0.0,0.0,0.0,0.0,0.0,0.0,0.0,2365.0,1738.0,844.0,1078.0,1190.0,1435.0,1706.0,1828.0,1911.0,1949.0,2055.0,1209.0,756.0,1000.0,949.0,1267.0,1917.0,2052.0,2158.0,2060.0,2603.5,1633.5,1214.0,1349.5,1223.5,1749.5,2833.0,3164.5,3008.0,3297.0,0.0,0.0,0.0,0.0,0.0,0.0,0.0,0.0,0.0,0.0,1583.0,948.0,585.0,715.0,879.0,1027.0,1084.0,1175.0,1319.0,1288.0,2593.0,1184.0,351.0,612.0,239.0,900.0,4600.0,6174.0,6014.0,6341.0,2042.0,918.0,440.0,574.0,313.0,749.0,3631.0,5152.0,5196.0,5322.0,1769.0,815.0,286.0,437.0,222.0,672.0,3088.0,4466.0,4340.0,4703.0,1972.0,937.0,387.0,600.5,333.0,850.5,3234.5,4295.0,4189.5,4500.0,1793.5,888.5,355.5,604.5,345.5,913.0,3069.0,3828.5,3962.0,4028.0,0.0,0.0,0.0,0.0,0.0,0.0,0.0,0.0,0.0,0.0,2280.5,1435.5,440.5,787.0,835.5,1455.5,2019.0,2240.5,2450.5,2571.0,849.0,499.0,390.0,452.0,532.0,676.0,725.0,768.0,815.0,861.0,2997.0,2190.0,720.0,912.5,1291.0,1491.0,1607.0,1778.0,1960.0,2022.0,1538.5,1169.0,390.0,489.5,650.5,747.5,813.0,903.0,919.5,1029.0,0.0,0.0,0.0,0.0,0.0,0.0,0.0,0.0,0.0,0.0,1417.0,1040.0,382.0,503.0,651.0,718.0,752.0,808.0,906.0,918.0,1215.0,707.0,693.0,671.0,728.0,793.0,812.0,883.0,965.0,979.0,972.0,557.0,244.0,333.0,470.0,549.0,577.0,634.0,727.0,739.0,1187.0,767.0,268.0,395.0,528.0,613.0,661.0,699.0,798.0,806.0,0.0,0.0,0.0,0.0,0.0,0.0,0.0,0.0,0.0,0.0,984.0,578.0,353.0,424.0,540.0,614.0,665.0,722.0,798.0,817.0,0.0,0.0,0.0,0.0,0.0,0.0,0.0,0.0,0.0,0.0,1099.0,1183.0,11015.0,10643.0,10499.0,10617.0,10278.0,9930.0,10318.0,9502.0,2142.0,1675.0,2080.0,1954.0,1939.0,2074.0,1996.0,2088.0,2477.0,2152.0,1698.0,952.0,512.0,714.0,924.0,1103.0,1156.0,1264.0,1424.0,1418.0,1530.0,944.5,513.5,657.0,804.0,933.5,996.0,1081.5,1185.5,1192.0,1080.0,537.0,583.0,788.0,966.0,1161.0,1208.0,1314.0,1439.0,1419.0,0.0,0.0,0.0,0.0,0.0,0.0,0.0,0.0,0.0,0.0,"{""type"":""MultiPoint"",""coordinates"":[]}"
3733,5,1690.0,1103.0,722.0,1005.0,1278.0,1562.0,1685.0,1821.0,2021.0,1939.0,4214.0,3637.0,1414.0,1942.0,2361.0,2792.0,3081.0,3247.0,3282.0,3493.0,1350.0,879.5,771.5,1095.0,1417.0,1659.5,1718.5,1837.0,1957.5,1936.0,784.0,708.5,1801.5,2356.5,2707.0,2997.5,2585.0,2720.0,2619.5,2376.5,2484.0,1685.0,933.0,1301.0,1641.0,1873.0,2037.0,2137.0,2333.0,2357.0,2556.0,2426.0,1076.0,1230.0,1282.0,1519.0,1813.0,2158.0,1963.0,2490.0,0.0,0.0,0.0,0.0,0.0,0.0,0.0,0.0,0.0,0.0,3487.0,3025.0,1240.0,1614.5,1919.0,2252.5,2280.0,2510.5,2539.5,2706.0,3693.5,3523.0,1469.0,1865.5,2264.0,2524.5,2615.5,2838.0,2664.5,2964.5,5078.5,4638.0,1744.0,2305.5,2841.5,3307.5,3601.0,3807.5,3893.0,4049.5,0.0,0.0,0.0,0.0,0.0,0.0,0.0,0.0,0.0,0.0,1741.0,1653.0,1213.0,1424.0,1569.0,1735.0,1795.0,1907.0,1757.0,1945.0,2229.0,1345.0,663.0,870.0,717.0,1200.0,2417.0,2914.0,2684.0,3064.0,3507.0,2334.0,765.0,1118.0,953.0,1724.0,4183.0,4971.0,4995.0,5164.0,2757.0,1436.0,510.0,725.0,452.0,1082.0,4110.0,5380.0,5116.0,5563.0,2548.0,1171.0,275.0,467.0,242.0,780.0,4048.0,5665.0,5371.0,5809.0,2393.0,1038.0,279.0,459.0,250.0,796.0,4114.0,5489.0,5412.0,5616.0,2175.5,945.5,343.5,535.5,279.0,850.5,3973.5,5356.5,5290.5,5617.5,2225.5,999.5,300.0,621.0,265.5,1053.5,4053.0,5083.5,5096.0,5427.0,2420.5,1436.0,486.0,920.0,768.0,1766.0,2665.0,3029.0,3042.5,3455.5,3580.0,2541.0,503.0,729.0,1063.0,1447.0,1753.0,1944.0,2170.0,2369.0,4122.0,2949.0,790.0,1074.0,1506.0,1778.0,1933.0,2165.0,2383.0,2557.0,1481.0,1031.0,792.0,1064.0,1377.0,1626.0,1780.0,1887.0,2072.0,2011.0,3126.0,2878.5,931.5,1197.0,1547.0,1754.0,1826.0,1955.5,2073.0,2115.0,2183.0,1603.0,551.0,748.0,1076.0,1240.0,1336.0,1433.0,1590.0,1597.0,2140.0,1680.0,489.0,733.0,1013.5,1143.5,1245.5,1345.0,1486.5,1508.0,3335.0,3013.0,929.0,1275.0,1672.0,1855.0,1926.0,2078.0,2187.0,2233.0,0.0,0.0,0.0,0.0,0.0,0.0,0.0,0.0,0.0,0.0,1929.0,1401.0,784.5,918.0,1161.0,1295.0,1306.5,1434.0,1584.5,1551.0,0.0,0.0,0.0,0.0,0.0,0.0,0.0,0.0,0.0,0.0,990.0,1044.0,10426.0,10204.0,10154.0,10345.0,10001.0,9621.0,10020.0,9235.0,1034.0,679.5,2722.0,2909.5,3147.0,3364.5,3359.0,3315.0,3479.5,3295.0,2613.0,1832.0,763.0,1125.0,1418.0,1718.0,1834.0,2008.0,2199.0,2189.0,2207.0,1535.5,823.0,1166.0,1414.0,1728.5,1871.5,2022.0,2197.0,2183.5,1354.0,904.0,739.5,1115.5,1423.0,1761.5,1848.5,1975.0,2096.5,2102.0,2747.5,2030.0,1025.0,1359.5,1657.0,1999.0,2143.5,2317.0,2450.5,2463.0,"{""type"":""MultiPoint"",""coordinates"":[]}"
3755,5,2886.0,2005.0,597.0,825.0,925.0,1312.0,1832.0,2006.0,2331.0,2230.0,3367.0,2352.0,800.0,1169.5,1342.0,1942.5,2430.5,2648.5,2852.5,2907.5,2419.0,1811.0,645.0,832.0,1149.0,1365.0,1448.0,1611.0,1733.0,1767.0,2571.0,1644.0,758.0,966.0,1336.0,1553.0,1656.0,1849.0,2004.0,2048.0,0.0,0.0,0.0,0.0,0.0,0.0,0.0,0.0,0.0,0.0,5035.0,4232.0,1893.0,2240.0,2570.0,3072.5,3540.0,3836.5,4077.5,4072.0,0.0,0.0,0.0,0.0,0.0,0.0,0.0,0.0,0.0,0.0,3649.0,2553.0,723.0,1173.0,1161.0,1876.0,3206.0,3695.0,3681.0,3879.0,3144.0,1895.0,555.0,915.0,846.0,1480.0,3241.0,3880.0,3825.0,4200.0,2978.0,1965.0,604.0,897.0,859.0,1398.0,3155.0,3848.0,4015.0,4099.0,2755.0,1757.0,546.0,824.0,826.0,1336.0,2906.0,3662.0,3732.0,3939.0,2928.0,2087.0,609.0,829.0,968.0,1342.0,1840.0,2023.0,2323.0,2279.0,2051.5,962.0,427.5,638.0,413.5,973.0,3139.5,4054.0,3964.5,4295.0,2221.0,1181.0,937.0,1081.0,843.0,1347.0,3510.0,4355.0,4247.0,4593.0,0.0,0.0,0.0,0.0,0.0,0.0,0.0,0.0,0.0,0.0,3776.0,3065.0,3122.5,3141.5,2937.5,3582.5,4357.0,4614.5,4605.0,4765.5,2623.5,1716.0,497.0,787.0,747.0,1361.0,2095.5,2404.5,2570.5,2736.0,3436.0,2521.0,644.0,943.0,1077.0,1704.0,2160.0,2447.0,2613.0,2793.0,3079.0,2189.5,535.5,762.0,872.5,1324.0,1713.5,1886.0,2068.0,2152.5,2466.0,1539.0,391.0,611.0,646.0,1038.0,1416.0,1542.0,1720.0,1880.0,3923.0,2955.0,729.0,998.0,1286.0,1713.0,1989.0,2190.0,2488.0,2506.0,3909.0,3048.0,830.0,1067.0,1331.0,1737.0,2030.0,2225.0,2463.0,2477.0,0.0,0.0,0.0,0.0,0.0,0.0,0.0,0.0,0.0,0.0,0.0,0.0,0.0,0.0,0.0,0.0,0.0,0.0,0.0,0.0,3934.0,3028.0,835.0,1104.0,1428.0,1802.0,1943.0,2156.0,2286.0,2401.0,2363.0,1466.0,513.0,675.0,936.0,1182.0,1329.0,1505.0,1747.0,1758.0,3130.0,2361.0,663.0,887.0,1123.0,1457.0,1642.0,1795.0,1999.0,2103.0,0.0,0.0,0.0,0.0,0.0,0.0,0.0,0.0,0.0,0.0,2036.0,1486.0,697.0,793.0,816.0,1082.0,1487.0,1660.0,1797.0,1829.0,0.0,0.0,0.0,0.0,0.0,0.0,0.0,0.0,0.0,0.0,396.0,406.0,7726.0,7704.0,7820.0,7986.0,7792.0,7301.0,7329.0,6760.0,1394.0,951.0,567.0,594.0,584.0,783.0,1011.0,1120.0,1149.0,1210.0,2912.5,2016.0,673.0,949.0,1046.0,1522.5,2093.0,2263.0,2609.5,2550.5,3390.0,2390.0,710.0,1152.0,1161.0,1907.0,2717.0,2964.0,3283.0,3270.0,2878.0,1909.0,633.0,999.0,974.0,1693.0,2473.0,2706.0,2934.0,2919.0,0.0,0.0,0.0,0.0,0.0,0.0,0.0,0.0,0.0,0.0,"{""type"":""MultiPoint"",""coordinates"":[]}"
3768,5,1103.5,781.5,747.0,941.0,1228.0,1384.5,1412.5,1522.0,1648.0,1624.5,3707.0,2962.0,1322.5,1660.5,1935.5,2386.5,2675.0,2859.5,2928.5,3076.0,0.0,0.0,0.0,0.0,0.0,0.0,0.0,0.0,0.0,0.0,2864.0,2322.0,881.0,1107.0,1380.0,1587.0,1676.5,1818.5,1931.0,2002.5,2963.0,2347.0,924.5,1222.5,1579.5,1834.5,1955.0,2067.5,2246.5,2277.5,0.0,0.0,0.0,0.0,0.0,0.0,0.0,0.0,0.0,0.0,1712.0,1252.0,1272.5,1525.5,1896.5,2150.0,2140.0,2233.0,2209.5,2284.5,5632.0,5353.0,1964.0,2521.0,2937.0,3531.5,3908.0,4178.5,4178.0,4494.0,5218.5,4765.5,2227.5,2699.5,2969.0,3583.5,4254.5,4553.0,4612.0,4801.0,4395.5,3589.5,1259.5,1749.5,1775.0,2588.5,4081.0,4602.5,4580.0,4904.5,2080.0,1148.0,736.5,884.5,690.0,1164.5,2495.0,2945.5,2659.5,3180.5,1802.5,1367.5,680.5,899.0,1216.5,1382.5,1451.0,1554.0,1706.0,1700.5,2191.5,1166.5,514.0,739.5,437.5,996.0,3417.0,4410.0,4156.0,4557.5,0.0,0.0,0.0,0.0,0.0,0.0,0.0,0.0,0.0,0.0,4899.0,4055.5,4291.0,4018.0,3783.0,4471.0,5642.5,6169.0,6345.0,6334.5,2329.0,992.5,258.0,470.0,241.0,756.0,4047.5,5640.0,5417.0,5907.0,2007.5,875.0,210.0,409.0,229.5,692.5,3561.0,4809.0,4653.0,5060.5,1957.0,882.5,312.0,554.5,315.5,865.0,3573.0,4634.5,4609.5,4909.5,2201.5,1180.5,452.0,972.0,669.0,1795.5,3302.0,3815.5,3877.0,4034.0,1591.0,956.0,618.5,760.5,736.0,1169.5,1429.0,1607.5,1540.0,1818.0,3984.0,3164.5,755.0,992.0,1339.0,1601.0,1685.0,1851.0,1948.5,2136.5,3913.5,3219.0,796.5,990.5,1337.0,1539.0,1632.5,1800.5,1935.5,2047.0,2941.0,2313.0,1020.0,1319.5,1653.5,1923.0,2025.0,2146.0,2260.0,2339.0,2856.5,2320.0,591.0,753.5,1014.5,1173.5,1267.0,1407.5,1516.5,1574.5,2803.5,2359.0,745.5,948.5,1296.0,1469.0,1508.5,1635.0,1782.0,1846.5,2683.5,2157.0,658.5,917.5,1278.0,1424.0,1524.5,1624.5,1867.5,1872.0,3809.0,3439.0,1131.0,1531.5,1992.0,2215.5,2320.5,2432.0,2645.5,2608.0,0.0,0.0,0.0,0.0,0.0,0.0,0.0,0.0,0.0,0.0,4040.0,3760.0,3830.5,3640.5,3644.0,3817.5,3805.5,3813.5,4146.0,3884.5,0.0,0.0,0.0,0.0,0.0,0.0,0.0,0.0,0.0,0.0,0.0,0.0,0.0,0.0,0.0,0.0,0.0,0.0,0.0,0.0,356.0,286.5,7104.0,7291.5,7501.0,7707.5,7299.5,6912.0,7277.0,6639.0,3547.0,3205.5,2511.0,2588.0,2870.0,3148.5,3190.0,3273.0,3334.0,3342.5,0.0,0.0,0.0,0.0,0.0,0.0,0.0,0.0,0.0,0.0,2070.0,1510.5,786.5,1069.0,1325.0,1626.0,1786.5,1914.0,2052.0,2080.0,2821.0,2139.0,904.5,1228.0,1506.5,1866.5,2065.0,2220.5,2355.0,2403.5,"{""type"":""MultiPoint"",""coordinates"":[]}"
3775,3,190.5,140.5,480.5,602.0,796.5,992.5,918.0,987.0,1047.5,960.5,4304.0,3400.0,1173.5,1574.5,2080.5,2412.0,2545.5,2698.0,2878.0,2994.5,690.5,394.5,791.0,1081.5,1352.5,1550.0,1389.0,1537.0,1569.5,1464.5,129.5,116.0,1021.5,1500.0,1916.5,2184.5,1611.5,1643.5,1502.0,1181.0,2415.0,1395.0,778.5,1174.0,1460.0,1833.5,1975.5,2167.5,2338.0,2330.5,4459.0,3906.5,1708.5,2231.0,2520.0,2900.5,3208.0,3482.0,3476.0,3681.0,0.0,0.0,0.0,0.0,0.0,0.0,0.0,0.0,0.0,0.0,3580.5,2419.5,1336.5,1854.5,2012.5,2642.0,3203.0,3507.5,3524.0,3771.0,1239.5,763.5,612.5,936.0,992.5,1380.5,1865.5,2192.0,2012.5,2167.0,1116.0,566.0,339.0,512.5,326.5,779.0,1817.5,2220.0,2168.0,2236.5,1377.0,667.5,477.0,680.5,428.0,894.0,2422.5,3152.5,2996.5,3209.0,1298.5,969.0,606.0,792.5,1105.5,1299.0,1372.5,1456.5,1643.0,1634.5,1300.5,605.0,369.5,494.5,277.0,689.5,2464.0,3549.0,3421.5,3736.0,1351.5,633.0,392.5,555.5,313.0,774.0,2607.0,3707.5,3744.0,3870.0,1390.0,665.5,341.0,563.0,323.5,871.0,2672.5,3534.0,3532.5,3843.5,1636.5,872.0,443.5,771.0,562.5,1343.0,2813.5,3344.5,3269.5,3595.5,1646.5,857.0,465.5,811.0,659.0,1384.0,2572.5,3099.5,3249.5,3348.5,3628.0,3044.0,2722.0,3023.5,3125.5,3931.0,4489.5,4631.5,4340.0,4802.5,2017.0,1311.0,536.5,738.5,1043.0,1343.0,1587.0,1775.0,1898.0,2033.0,1846.0,1284.0,609.5,818.5,1050.0,1318.0,1494.0,1635.5,1580.5,1802.0,2344.5,1595.5,594.0,850.5,1135.0,1426.5,1645.0,1801.0,1998.5,2005.0,2504.5,1677.5,634.5,884.5,1185.5,1470.0,1651.5,1818.5,1906.0,2033.5,676.5,428.0,608.0,828.0,1042.5,1180.5,1071.5,1116.5,1164.5,1075.5,2371.0,1628.0,605.5,817.5,1127.0,1381.0,1605.0,1756.0,1964.5,1995.5,2216.5,1492.5,841.0,1060.5,1386.5,1735.0,1860.0,2038.5,2250.5,2246.0,1936.5,1301.5,597.0,858.5,1201.5,1450.5,1555.5,1657.5,1876.5,1860.0,2056.0,1377.5,762.0,1018.5,1385.5,1615.0,1638.5,1756.0,1943.0,1890.0,3779.5,3015.0,4422.0,4287.5,4278.5,4588.0,4289.0,4278.0,4234.5,4220.0,1341.5,956.5,772.5,942.5,1225.0,1384.0,1298.0,1369.5,1488.0,1457.5,0.0,0.0,0.0,0.0,0.0,0.0,0.0,0.0,0.0,0.0,1067.5,1145.5,10561.0,10214.0,10200.0,10270.0,9995.5,9580.5,9973.0,9243.5,468.5,300.0,2127.0,2241.0,2392.5,2434.5,2368.0,2348.0,2576.5,2303.0,935.0,527.0,729.5,1028.0,1247.0,1511.5,1518.0,1621.5,1700.0,1660.0,196.0,147.0,611.5,803.5,915.5,1064.5,825.0,887.5,879.0,722.0,773.0,448.5,516.0,751.5,1008.5,1238.0,1365.0,1469.0,1616.5,1597.0,2602.0,1754.0,747.0,1068.5,1410.0,1671.5,1785.5,1928.5,2135.5,2093.5,"{""type"":""MultiPoint"",""coordinates"":[]}"
3793,3,2595.0,1925.5,750.0,939.5,1199.5,1450.0,1561.5,1744.0,1970.5,1920.0,5076.5,4900.0,1800.0,2221.0,2789.5,3168.0,3280.5,3463.5,3672.5,3708.5,2958.0,2217.0,836.5,1120.5,1437.5,1728.5,1867.5,2020.5,2169.5,2238.0,3411.0,2586.5,978.0,1399.0,1617.0,2241.0,2419.0,2614.0,2407.0,2893.0,3652.0,2991.5,988.0,1422.0,1582.5,2232.5,2465.0,2510.0,2735.0,2781.5,7210.5,6737.0,2570.0,3264.0,3769.5,4544.0,4992.0,5250.5,5284.0,5655.0,0.0,0.0,0.0,0.0,0.0,0.0,0.0,0.0,0.0,0.0,0.0,0.0,0.0,0.0,0.0,0.0,0.0,0.0,0.0,0.0,1710.0,1608.0,862.0,1132.5,934.0,1235.0,2816.5,3516.0,3424.0,3610.5,1283.0,557.0,286.5,458.5,227.0,633.5,2279.5,3060.0,3012.0,3023.0,1484.0,654.5,372.0,505.5,266.0,661.0,2745.5,4277.5,4052.0,4403.0,3314.0,2603.0,942.0,1164.0,1489.0,1744.5,1905.0,2011.5,2286.5,2281.5,2606.5,1729.0,1589.5,1655.0,1446.5,1867.0,3581.5,4979.5,4852.0,5160.0,1625.0,882.0,453.5,601.5,361.5,810.5,2964.5,4702.5,4721.5,4945.0,1423.0,640.5,354.0,605.5,310.0,914.0,2922.0,4180.5,4095.0,4485.0,1672.0,830.0,452.0,768.5,449.5,1210.0,3253.0,4400.5,4203.5,4705.5,1818.5,947.0,456.5,892.0,612.0,1450.0,3349.0,4002.5,4167.0,4353.5,3877.0,3460.5,2803.0,2986.5,2978.0,3956.5,4904.5,5322.5,4968.5,5593.5,2163.5,1253.5,614.0,1052.0,965.5,1849.5,2921.5,3207.5,3394.0,3572.0,3674.0,2806.0,2520.0,2652.0,2700.5,3245.0,3653.5,3780.0,3950.0,4001.5,2754.5,1846.0,853.5,1308.0,1591.5,2203.5,2731.0,2958.5,3147.0,3207.5,2939.0,2002.0,793.5,1190.0,1550.5,2032.0,2387.0,2567.0,2827.0,2955.5,3095.0,2470.0,1734.0,1837.0,1998.5,2207.0,2332.0,2455.5,2757.5,2633.5,2767.0,1897.0,790.5,1083.5,1453.5,1774.5,2180.5,2370.0,2673.0,2645.5,0.0,0.0,0.0,0.0,0.0,0.0,0.0,0.0,0.0,0.0,2209.5,1445.0,674.5,992.5,1452.5,1724.5,1885.0,2066.5,2345.5,2303.5,2085.0,1397.5,661.5,955.0,1364.0,1656.0,1750.5,1949.0,2117.5,2149.0,2656.5,2126.0,2074.0,2178.5,2319.0,2569.0,2527.5,2634.5,2606.0,2760.0,1904.5,1380.0,1998.0,1870.5,1921.0,2069.5,2083.0,2086.5,2142.0,2136.5,3445.0,2780.0,2897.5,2763.5,2834.5,2900.0,3034.5,3140.0,3546.5,3240.5,916.0,1006.0,10804.5,10394.0,10285.0,10218.5,10018.0,9544.0,10078.0,9285.0,697.5,396.5,465.5,712.5,972.5,1141.0,1290.0,1373.0,1582.5,1524.5,2956.5,2296.5,784.0,1056.5,1338.0,1627.5,1799.0,1954.0,2173.5,2170.5,2972.0,2236.5,932.5,1184.5,1415.5,1770.5,1995.0,2129.5,2346.0,2330.0,2731.5,1999.0,776.0,1083.5,1322.5,1676.5,1866.0,2023.5,2207.5,2215.0,3464.5,2724.0,1709.5,1730.5,1889.0,2241.0,2421.0,2597.0,2879.5,2800.5,"{""type"":""MultiPoint"",""coordinates"":[]}"
3808,1,2449.5,1808.0,679.0,924.0,1154.5,1405.5,1668.5,1806.0,1975.0,1974.5,5227.5,4916.5,1667.0,2141.5,2722.0,3029.0,3161.5,3362.5,3616.0,3609.5,2648.5,1936.5,739.5,963.0,1237.0,1482.0,1616.0,1758.0,1903.5,1949.0,3293.5,2582.5,1674.5,1880.0,2053.5,2400.0,2660.0,2808.5,2812.0,2974.5,0.0,0.0,0.0,0.0,0.0,0.0,0.0,0.0,0.0,0.0,3202.0,2571.0,865.0,1167.5,1272.0,1622.5,2584.5,2966.0,3066.5,3138.0,0.0,0.0,0.0,0.0,0.0,0.0,0.0,0.0,0.0,0.0,1741.0,813.0,317.5,485.5,274.5,583.5,2894.5,4441.0,4525.0,4527.5,0.0,0.0,0.0,0.0,0.0,0.0,0.0,0.0,0.0,0.0,1510.0,608.5,378.5,489.5,295.0,564.0,2733.0,4432.0,4495.0,4650.0,1555.0,630.5,323.0,449.0,295.5,565.0,2524.5,4172.0,4190.5,4399.0,2642.0,2150.5,732.0,943.0,1177.5,1448.0,1687.5,1792.5,2023.5,2002.5,1661.5,691.5,395.5,506.5,308.5,597.5,2697.0,4577.0,4488.5,4859.5,1555.0,677.5,355.5,548.0,350.0,724.5,2647.5,3944.5,3987.5,4237.0,0.0,0.0,0.0,0.0,0.0,0.0,0.0,0.0,0.0,0.0,1658.0,900.5,382.5,563.5,447.5,833.0,1812.0,2268.5,2278.0,2533.5,2501.5,1861.5,408.5,561.0,774.0,1003.0,1187.0,1331.5,1509.5,1605.0,0.0,0.0,0.0,0.0,0.0,0.0,0.0,0.0,0.0,0.0,2460.0,1956.0,451.0,546.5,727.5,898.5,1011.5,1123.5,1257.0,1340.5,0.0,0.0,0.0,0.0,0.0,0.0,0.0,0.0,0.0,0.0,3242.0,2718.5,780.0,1090.5,1539.0,1765.5,1884.5,2056.5,2252.5,2314.0,3026.0,2610.5,883.0,1176.0,1494.0,1770.5,1953.5,2095.5,2220.5,2292.0,0.0,0.0,0.0,0.0,0.0,0.0,0.0,0.0,0.0,0.0,3977.5,3313.5,999.5,1381.5,1770.5,2176.0,2437.0,2600.5,2835.5,2900.5,0.0,0.0,0.0,0.0,0.0,0.0,0.0,0.0,0.0,0.0,2072.5,1420.0,473.5,706.5,1109.0,1302.5,1380.0,1558.0,1739.0,1754.0,2667.0,2027.0,629.5,940.0,1386.0,1641.5,1728.5,1911.0,2026.5,2183.5,0.0,0.0,0.0,0.0,0.0,0.0,0.0,0.0,0.0,0.0,2472.0,1856.5,673.0,906.0,1264.5,1468.5,1553.0,1704.5,1939.5,1928.5,0.0,0.0,0.0,0.0,0.0,0.0,0.0,0.0,0.0,0.0,920.5,1041.5,10532.0,10279.0,10290.0,10418.0,10160.0,9725.5,10156.5,9410.5,0.0,0.0,0.0,0.0,0.0,0.0,0.0,0.0,0.0,0.0,2552.0,1922.5,655.0,896.5,1070.5,1395.0,1858.5,2032.5,2233.5,2205.5,2752.5,1998.0,712.5,1014.0,1118.5,1596.5,2269.0,2519.0,2707.0,2692.5,2620.5,1858.0,677.0,1023.5,1244.5,1702.0,1986.5,2159.5,2389.5,2403.5,5114.5,4802.5,1552.5,1999.5,2579.5,2917.5,3032.0,3259.0,3466.5,3527.5,"{""type"":""MultiPoint"",""coordinates"":[]}"
3809,5,747.0,608.0,352.0,423.0,588.0,862.0,1002.0,946.0,1034.0,1022.0,3185.5,2737.0,1068.5,1335.0,1600.0,1918.5,2184.5,2342.5,2460.0,2563.5,2010.5,1271.5,1089.0,1207.5,1359.5,1599.5,1788.0,1889.0,2152.5,2017.5,1582.0,954.0,859.0,1055.0,1317.0,1538.0,1719.0,1839.0,1950.0,2055.0,0.0,0.0,0.0,0.0,0.0,0.0,0.0,0.0,0.0,0.0,2439.0,2037.0,2162.0,1602.0,1454.0,1730.0,1812.0,1928.0,2598.0,1950.0,0.0,0.0,0.0,0.0,0.0,0.0,0.0,0.0,0.0,0.0,4752.0,4312.0,1761.0,2214.0,2549.0,2939.0,3251.0,3287.0,3618.0,3522.0,5095.0,4330.0,1891.0,2401.0,2736.0,3343.0,3848.0,4133.0,4057.0,4432.0,2809.0,1901.0,763.0,1062.0,1183.0,1566.0,2172.0,2445.0,2440.0,2596.0,0.0,0.0,0.0,0.0,0.0,0.0,0.0,0.0,0.0,0.0,1336.0,964.0,548.0,663.0,865.0,1150.0,1191.0,1383.0,1398.0,1486.0,0.0,0.0,0.0,0.0,0.0,0.0,0.0,0.0,0.0,0.0,2331.0,1329.0,557.0,748.0,550.0,1095.0,2833.0,3610.0,3625.0,3869.0,0.0,0.0,0.0,0.0,0.0,0.0,0.0,0.0,0.0,0.0,2604.0,1410.0,509.0,738.0,521.0,1100.5,3355.0,4301.5,4157.5,4511.5,2205.5,1231.5,397.0,642.5,440.5,999.0,2881.0,3441.5,3649.5,3814.0,0.0,0.0,0.0,0.0,0.0,0.0,0.0,0.0,0.0,0.0,2349.5,1453.5,488.5,801.5,673.5,1315.0,2281.0,2653.5,2744.0,2882.0,2119.0,1242.0,1069.0,1026.0,946.0,1332.0,1859.0,1999.0,2170.0,2145.0,2216.0,1411.5,416.5,590.0,652.5,1056.0,1528.0,1765.5,1847.5,1966.5,3397.5,2319.5,715.5,959.0,1168.0,1670.5,2091.5,2293.0,2491.5,2678.5,0.0,0.0,0.0,0.0,0.0,0.0,0.0,0.0,0.0,0.0,2871.0,2008.0,639.0,888.0,1134.0,1514.0,1672.0,1866.0,2072.0,2143.0,1464.0,817.0,698.0,765.0,893.0,1199.0,1326.0,1578.0,1610.0,1766.0,1654.0,965.0,427.0,603.0,832.0,1121.0,1273.0,1405.0,1578.0,1601.0,1497.0,967.0,490.0,718.0,832.0,1219.0,1417.0,1518.0,1678.0,1747.0,0.0,0.0,0.0,0.0,0.0,0.0,0.0,0.0,0.0,0.0,1724.0,1073.0,523.0,680.0,749.0,1041.0,1424.0,1601.0,1698.0,1714.0,0.0,0.0,0.0,0.0,0.0,0.0,0.0,0.0,0.0,0.0,1013.0,1069.0,10730.0,10430.0,10276.0,10780.0,9954.0,9552.0,10154.0,9201.0,0.0,0.0,0.0,0.0,0.0,0.0,0.0,0.0,0.0,0.0,2018.0,1362.0,677.0,910.0,1129.0,1442.0,1519.0,1729.0,1829.0,1826.0,2537.0,1827.0,942.0,1213.0,1376.0,1652.0,1981.0,2032.0,2275.0,2214.0,1542.0,946.0,606.0,822.0,959.0,1363.0,1564.0,1746.0,1828.0,1967.0,2636.5,1898.0,1048.5,1307.5,1464.5,1746.0,2072.5,2173.0,2429.5,2286.5,"{""type"":""MultiPoint"",""coordinates"":[]}"
3812,5,1509.0,965.0,454.0,576.0,742.0,898.0,1232.0,1208.0,1391.0,1549.0,1945.0,1426.0,585.0,758.0,848.0,1083.0,1572.0,1597.0,1746.0,1927.0,1152.5,673.0,566.0,700.5,749.5,939.0,1437.0,1581.5,1586.5,1663.5,1250.0,723.0,688.0,910.0,982.0,1189.0,1834.0,1954.0,2117.0,2036.0,0.0,0.0,0.0,0.0,0.0,0.0,0.0,0.0,0.0,0.0,0.0,0.0,0.0,0.0,0.0,0.0,0.0,0.0,0.0,0.0,0.0,0.0,0.0,0.0,0.0,0.0,0.0,0.0,0.0,0.0,2647.0,2077.0,869.0,1055.0,1184.0,1438.0,1698.0,1786.0,1913.0,1980.0,0.0,0.0,0.0,0.0,0.0,0.0,0.0,0.0,0.0,0.0,2489.0,1723.0,577.0,816.0,831.0,1341.0,1938.0,2100.0,2162.0,2244.0,0.0,0.0,0.0,0.0,0.0,0.0,0.0,0.0,0.0,0.0,1762.0,1234.0,494.0,611.0,773.0,946.0,1177.0,1338.0,1356.0,1410.0,2982.0,1632.0,493.0,783.0,468.0,1202.0,4034.0,4857.0,4879.0,5253.0,2467.0,1360.0,546.0,722.0,481.0,1010.0,3363.0,4354.0,4468.0,4596.0,2447.0,1487.0,505.0,727.0,560.0,1272.0,2993.0,3953.0,3886.0,4189.0,1971.0,1089.0,450.0,650.5,465.0,979.0,2674.0,3342.5,3181.0,3527.5,2121.5,1119.5,347.5,620.0,361.5,1018.0,3314.5,4020.0,4085.0,4177.5,0.0,0.0,0.0,0.0,0.0,0.0,0.0,0.0,0.0,0.0,2060.0,1124.0,379.0,733.0,528.0,1396.5,3003.5,3402.5,3609.5,3630.5,1885.0,1122.0,416.0,636.0,532.0,1136.0,2194.0,2497.0,2431.0,2450.0,2457.0,1582.5,424.0,663.5,725.0,1196.0,2012.5,2249.0,2485.5,2526.0,2521.5,1751.0,514.0,722.5,925.5,1261.5,1745.0,1946.5,2009.0,2134.0,0.0,0.0,0.0,0.0,0.0,0.0,0.0,0.0,0.0,0.0,2416.0,1726.0,469.0,644.0,901.0,1192.0,1302.0,1547.0,1570.0,1635.0,0.0,0.0,0.0,0.0,0.0,0.0,0.0,0.0,0.0,0.0,1212.0,765.0,260.0,380.0,564.0,746.0,862.0,803.0,892.0,929.0,1637.0,1064.0,348.0,506.0,694.0,870.0,1078.0,1112.0,1155.0,1200.0,0.0,0.0,0.0,0.0,0.0,0.0,0.0,0.0,0.0,0.0,1387.0,913.0,389.0,454.0,586.0,783.0,878.0,884.0,1017.0,1117.0,0.0,0.0,0.0,0.0,0.0,0.0,0.0,0.0,0.0,0.0,1042.0,1131.0,10669.0,10284.0,10216.0,10343.0,10048.0,9687.0,10089.0,9325.0,3349.0,2846.0,2847.0,2820.0,2926.0,3147.0,3137.0,3153.0,3179.0,3117.0,1947.0,1227.0,439.0,629.0,745.0,1030.0,1330.0,1450.0,1548.0,1639.0,1500.0,996.5,471.5,595.0,658.5,852.5,1202.0,1410.0,1412.5,1538.5,2403.0,1783.5,1685.0,1777.5,1874.0,2184.5,2488.5,2708.5,2787.5,2755.5,3121.0,2810.0,1230.0,1364.0,1660.0,2095.0,2798.0,3118.0,2495.0,3475.0,"{""type"":""MultiPoint"",""coordinates"":[]}"
3837,3,2021.0,1350.0,680.5,904.5,1178.0,1382.0,1471.5,1586.5,1803.5,1788.0,5233.0,4710.0,1885.0,2365.0,2847.0,3311.5,3431.0,3504.0,3636.0,3822.0,2976.5,2128.5,968.5,1235.0,1530.5,1851.5,1913.5,2029.5,2175.5,2261.5,3129.0,2447.0,1085.0,1393.0,1654.0,1949.0,2050.0,2196.0,2329.0,2421.0,4381.0,3852.0,1406.0,1801.0,2124.0,2790.0,3013.0,2934.0,3057.0,3442.0,0.0,0.0,0.0,0.0,0.0,0.0,0.0,0.0,0.0,0.0,490.0,313.0,497.0,935.0,700.0,1533.0,1631.0,1866.0,1558.0,1627.0,2462.5,1929.0,1447.0,1654.5,1507.5,2074.5,2985.0,3507.5,3265.5,3407.5,1412.0,747.0,285.0,550.0,305.0,806.0,2464.0,3439.0,3086.0,3302.0,4333.0,3795.0,4153.0,4010.0,3795.0,4228.0,4780.0,5034.0,4972.0,5053.0,1111.0,511.5,556.5,640.5,384.5,797.0,2386.5,3391.0,3236.5,3374.0,2861.0,2234.0,1014.0,1257.0,1564.0,1768.0,1835.0,1943.0,2185.0,2155.0,1694.0,933.0,512.5,766.5,516.0,1110.0,3058.5,4171.0,3995.0,4362.5,1393.5,690.0,497.0,763.0,446.5,1157.0,2913.0,3824.5,3788.5,4012.5,1483.0,735.0,511.0,848.0,584.0,1389.0,3131.0,3747.0,3709.0,4042.0,1786.0,972.5,581.0,956.5,761.5,1619.5,2947.5,3414.5,3142.0,3762.0,3900.0,2811.0,1037.0,1510.0,2083.0,2726.0,3167.0,3242.0,3263.0,3740.0,4111.0,2949.0,1067.0,1475.0,1987.0,2446.0,2700.0,2995.0,3059.0,3228.0,4121.0,2955.0,1096.5,1443.5,1843.0,2298.0,2641.0,2858.5,2984.5,3138.5,2122.0,1269.0,711.0,985.0,1231.0,1672.0,2099.0,2315.0,2324.0,2555.0,3466.0,2371.5,925.0,1187.5,1442.0,1916.5,2388.0,2719.0,2838.5,2973.5,3368.0,2330.0,860.5,1177.5,1427.5,1937.5,2362.0,2623.5,2842.0,2952.5,2388.0,1967.0,944.0,1270.0,1479.0,1675.0,1698.0,1718.0,1685.0,1788.0,3231.0,2169.0,851.0,1193.0,1414.0,1918.0,2429.0,2706.0,3055.0,2982.0,1512.0,805.0,853.0,1125.0,1448.0,1990.0,2293.0,2446.0,3028.0,2760.0,1765.5,1023.0,624.0,952.5,1404.0,1768.5,2007.5,2203.0,2528.0,2559.5,2156.5,1366.5,761.0,1104.5,1547.0,1846.0,2074.0,2235.5,2499.0,2494.5,0.0,0.0,0.0,0.0,0.0,0.0,0.0,0.0,0.0,0.0,2897.5,2514.5,2115.0,2287.5,2579.5,2846.0,2918.5,3019.5,3287.5,3190.0,0.0,0.0,0.0,0.0,0.0,0.0,0.0,0.0,0.0,0.0,1021.0,1113.0,10904.0,10628.0,10520.0,10636.0,10269.0,9891.0,10286.0,9503.0,1134.5,769.0,3164.0,3238.5,3358.0,3607.5,3560.5,3481.0,3648.5,3444.0,2755.0,1978.0,932.0,1211.0,1503.0,1757.0,1845.0,1961.0,2188.0,2173.0,3199.5,2657.0,1945.0,2064.0,2273.5,2485.5,2553.0,2628.0,2763.5,2815.5,2953.0,2170.0,949.0,1283.0,1552.0,1837.0,1952.0,2072.0,2274.0,2281.0,3175.0,2835.0,932.0,1250.0,1566.0,1744.0,1829.0,1934.0,2131.0,2172.0,"{""type"":""MultiPoint"",""coordinates"":[]}"
3864,5,1355.5,781.0,516.0,645.0,798.0,958.5,1026.5,1110.0,1276.0,1279.0,2027.5,1591.5,671.0,839.0,1003.5,1119.0,1188.0,1253.0,1341.0,1353.5,1467.0,884.0,585.0,684.0,811.0,918.0,959.5,1067.0,1141.0,1175.0,1468.5,905.5,567.0,639.5,769.0,871.0,919.0,1006.5,1107.5,1119.5,0.0,0.0,0.0,0.0,0.0,0.0,0.0,0.0,0.0,0.0,2553.0,1897.5,1057.5,1217.5,1352.5,1588.5,1828.0,1978.5,2017.5,2100.5,0.0,0.0,0.0,0.0,0.0,0.0,0.0,0.0,0.0,0.0,2396.0,1788.5,799.5,1044.0,1087.0,1370.5,1889.0,2031.5,2123.0,2125.0,2715.5,1759.0,655.5,1054.5,1027.5,1583.5,2861.5,3141.0,3089.0,3307.0,2448.0,1498.0,594.5,849.5,706.5,1186.5,2828.0,3271.0,3363.5,3432.0,2606.0,1226.5,668.5,864.0,543.5,1061.0,4001.5,5129.5,5079.0,5254.0,1505.5,1041.0,489.0,610.0,744.5,873.0,914.0,995.5,1152.5,1137.5,2515.0,1141.0,322.5,460.5,211.0,733.5,4148.5,5754.5,5349.0,6074.5,2677.0,1191.0,367.0,539.0,260.0,764.5,4480.0,6279.0,6446.0,6573.5,2384.0,990.5,329.0,463.5,239.5,690.5,4061.5,5921.0,5912.5,6409.0,2210.0,1136.0,362.5,632.5,566.5,1000.5,3471.5,4680.5,4479.0,4926.0,2124.5,911.0,267.5,475.0,232.0,773.0,3706.5,4916.0,5134.5,5253.0,0.0,0.0,0.0,0.0,0.0,0.0,0.0,0.0,0.0,0.0,2701.5,2093.5,443.5,616.5,949.0,1181.5,1299.0,1515.5,1474.0,1799.5,3477.5,2769.0,823.0,1039.5,1355.0,1607.5,1720.0,1831.0,1886.0,2034.0,1811.0,1437.0,482.0,600.5,775.5,877.0,951.5,1036.0,1131.0,1162.5,1845.0,1497.5,594.0,718.0,897.0,993.5,1044.5,1140.0,1197.0,1212.0,0.0,0.0,0.0,0.0,0.0,0.0,0.0,0.0,0.0,0.0,1517.5,1144.0,510.5,591.0,724.5,803.5,847.5,929.5,996.0,1019.5,0.0,0.0,0.0,0.0,0.0,0.0,0.0,0.0,0.0,0.0,1054.0,617.5,242.0,344.5,496.5,573.5,611.5,676.5,779.0,772.5,1371.0,979.5,445.5,535.5,688.0,797.5,834.5,892.5,967.5,1008.5,0.0,0.0,0.0,0.0,0.0,0.0,0.0,0.0,0.0,0.0,1274.0,784.5,419.0,503.0,613.0,741.0,806.0,869.5,986.5,1002.0,0.0,0.0,0.0,0.0,0.0,0.0,0.0,0.0,0.0,0.0,996.0,1086.5,11045.5,10687.0,10542.5,10648.5,10289.5,9961.0,10287.5,9544.0,0.0,0.0,0.0,0.0,0.0,0.0,0.0,0.0,0.0,0.0,1847.5,1193.5,615.5,769.5,939.5,1124.5,1216.5,1286.0,1459.5,1449.5,1912.0,1213.0,664.0,844.0,1008.0,1158.0,1256.0,1346.0,1481.5,1472.0,1625.0,942.5,625.5,782.5,943.0,1116.5,1197.5,1291.0,1427.0,1430.0,2434.5,2115.0,1384.5,1601.0,1698.0,2011.0,1957.5,2172.0,1978.5,2296.5,"{""type"":""MultiPoint"",""coordinates"":[]}"
3867,5,1573.0,1237.0,840.0,1210.0,1574.0,1717.0,1791.0,1901.0,2133.0,2127.0,3839.0,2898.0,1229.0,1682.0,2297.0,2636.0,2752.0,2895.0,2957.0,3116.0,2413.0,1496.0,879.0,1220.0,1718.0,1986.0,2092.0,2278.0,2443.0,2453.0,2327.0,1392.0,1033.0,1285.0,1715.0,1965.0,2072.0,2232.0,2340.0,2397.0,3273.0,2302.0,981.0,1406.0,1869.0,2241.0,2453.0,2627.0,2774.0,2813.0,4478.0,3223.0,1986.0,2372.0,2712.0,3128.0,3576.0,3809.0,3928.0,3976.0,3371.0,2076.0,1112.0,1442.0,1581.0,2163.0,3109.0,3345.0,3355.0,3595.0,3329.0,2303.0,764.0,1185.0,1240.0,1850.0,3061.0,3498.0,3520.0,3655.0,2096.5,1249.5,414.5,625.5,577.5,1041.0,2321.0,2758.0,2747.0,2905.0,2899.0,1643.5,648.0,845.0,664.5,1184.0,3709.5,4765.0,4728.0,4953.5,2528.0,1359.0,333.0,542.0,423.0,900.0,3477.0,4674.0,4631.0,4861.0,3320.0,2399.0,1221.0,1621.0,2230.0,2472.0,2607.0,2769.0,3053.0,2970.0,2352.5,1039.5,448.5,569.0,349.5,855.0,3801.5,5050.0,4963.5,5412.0,1977.0,865.0,364.0,524.0,306.0,778.0,3263.0,4311.0,4364.0,4545.0,1739.0,719.0,427.0,555.0,294.0,718.0,3118.0,3918.0,3915.0,4162.0,2138.5,1081.5,503.5,769.5,492.5,1284.0,3233.0,3825.0,3701.0,4149.0,2603.5,1676.0,491.0,656.0,765.5,1216.5,1841.0,2149.5,2237.0,2524.0,3410.0,2528.0,634.0,815.0,1165.0,1376.0,1409.0,1573.0,1703.0,1878.0,2464.5,1756.0,675.5,852.0,1196.5,1387.5,1464.0,1636.0,1760.5,1839.5,2102.0,1505.5,688.0,811.5,968.0,1159.0,1241.0,1336.5,1359.5,1465.0,3437.0,2631.0,820.0,1110.0,1399.0,1697.0,1841.0,1989.0,2061.0,2189.0,3200.0,2393.0,782.0,1026.0,1329.0,1614.0,1806.0,1929.0,2035.0,2148.0,2951.0,2530.0,1773.5,1967.0,2207.5,2526.0,2733.0,2992.5,3226.0,3273.5,2945.0,2223.0,678.0,898.0,1139.0,1437.0,1800.0,2003.0,2122.0,2165.0,3001.0,2173.0,727.5,981.5,1197.0,1546.0,1958.5,2112.0,2236.5,2323.5,2425.5,1637.0,584.5,823.0,1105.5,1311.5,1479.0,1648.5,1890.5,1870.0,2660.0,1853.0,820.0,999.0,1192.0,1407.0,1504.0,1675.0,1815.0,1857.0,0.0,0.0,0.0,0.0,0.0,0.0,0.0,0.0,0.0,0.0,2703.5,2099.5,717.0,897.0,1163.5,1394.5,1474.0,1626.5,1717.5,1755.5,0.0,0.0,0.0,0.0,0.0,0.0,0.0,0.0,0.0,0.0,168.0,164.0,8153.0,8276.0,8326.0,8500.0,8115.0,7391.0,7516.0,6801.0,466.0,252.0,1072.0,1437.0,1913.0,2171.0,2196.0,2277.0,2457.0,2329.0,2402.0,1547.0,1029.0,1419.0,1951.0,2252.0,2384.0,2537.0,2821.0,2789.0,4179.0,3163.0,1443.0,1910.0,2496.0,2769.0,2913.0,3097.0,3376.0,3316.0,3507.0,2693.0,1080.0,1476.0,1987.0,2239.0,2342.0,2508.0,2703.0,2700.0,3531.0,2598.0,1097.0,1533.0,2115.0,2435.0,2525.0,2658.0,2869.0,2948.0,"{""type"":""MultiPoint"",""coordinates"":[]}"
3868,5,2028.5,1455.0,618.0,769.5,1014.5,1143.5,1213.0,1335.5,1537.5,1488.0,5118.0,4765.5,1598.0,2054.5,2609.0,2921.0,3058.0,3212.5,3448.0,3481.5,2543.5,1800.0,778.0,1008.0,1278.0,1477.0,1616.0,1734.0,1906.5,1941.0,0.0,0.0,0.0,0.0,0.0,0.0,0.0,0.0,0.0,0.0,0.0,0.0,0.0,0.0,0.0,0.0,0.0,0.0,0.0,0.0,4884.0,4199.5,1539.0,2051.0,2383.5,2887.0,3561.5,3873.0,4060.0,4101.0,0.0,0.0,0.0,0.0,0.0,0.0,0.0,0.0,0.0,0.0,3299.5,2284.0,763.5,1127.0,993.0,1530.5,3478.5,4226.5,4374.5,4411.0,2748.5,1548.5,776.5,1066.0,1013.5,1479.0,3922.0,4913.5,4879.0,5111.0,2663.5,1649.5,679.5,1008.0,929.0,1351.5,3658.0,4678.0,4831.5,4981.5,2691.0,1710.5,692.0,878.5,846.5,1166.0,3437.0,4685.5,4865.5,4996.5,2888.5,2483.0,857.0,1050.5,1366.0,1579.0,1638.5,1795.5,1955.0,1976.0,2349.0,1296.0,599.0,768.5,750.5,1013.5,3372.5,4625.5,4708.5,4958.0,2439.5,1339.5,665.5,870.5,776.5,1250.0,3411.5,4474.0,4762.0,4821.0,0.0,0.0,0.0,0.0,0.0,0.0,0.0,0.0,0.0,0.0,2554.5,1599.5,641.0,913.0,774.5,1309.5,3346.5,4190.0,4194.0,4513.0,2534.5,1730.0,639.0,950.5,966.5,1568.0,2635.0,3039.5,3236.5,3387.0,0.0,0.0,0.0,0.0,0.0,0.0,0.0,0.0,0.0,0.0,3010.0,2314.0,674.5,861.0,1130.0,1497.0,1686.0,1826.5,1932.5,2117.0,3209.5,2540.0,2314.0,2269.0,2262.0,2673.0,2804.5,2946.5,3066.5,3137.0,3567.5,2822.0,873.0,1125.5,1491.5,1834.0,1896.0,2118.0,2281.5,2364.5,4087.0,3251.5,1092.0,1333.0,1801.5,2086.5,2199.5,2426.5,2610.0,2704.5,0.0,0.0,0.0,0.0,0.0,0.0,0.0,0.0,0.0,0.0,3939.5,3217.5,1123.0,1402.5,1805.5,2062.5,2234.5,2353.0,2565.5,2504.0,0.0,0.0,0.0,0.0,0.0,0.0,0.0,0.0,0.0,0.0,1972.0,1379.0,459.5,631.5,890.5,1076.5,1150.0,1189.0,1345.5,1385.0,2056.0,1411.0,499.0,740.0,1056.0,1209.5,1312.0,1442.0,1609.0,1613.5,0.0,0.0,0.0,0.0,0.0,0.0,0.0,0.0,0.0,0.0,2632.5,1933.0,1995.5,2039.0,2184.0,2349.0,2358.0,2419.0,2475.5,2480.0,0.0,0.0,0.0,0.0,0.0,0.0,0.0,0.0,0.0,0.0,1074.5,1154.0,10183.5,9924.0,9920.5,10176.5,9907.5,9532.0,9840.5,9214.0,2415.0,1801.5,707.0,881.0,1146.0,1350.5,1382.0,1535.5,1634.5,1701.5,2980.0,2461.5,843.0,1093.0,1420.0,1711.0,1824.0,1816.0,2003.0,2033.0,3132.0,2533.0,1028.0,1281.5,1614.5,1859.5,1956.0,2077.5,2281.5,2265.5,2553.0,1850.0,713.0,913.5,1207.5,1429.5,1553.5,1643.0,1848.5,1878.5,1929.0,1402.5,716.0,831.5,1006.5,1166.5,1201.5,1266.5,1378.5,1419.5,"{""type"":""MultiPoint"",""coordinates"":[]}"
3881,3,1621.0,1097.0,595.0,820.0,1104.5,1305.0,1401.5,1499.5,1700.5,1689.0,3142.5,2343.0,944.5,1301.0,1515.5,1961.5,2119.5,2265.0,2381.0,2473.5,2130.0,1386.5,754.5,1067.5,1392.0,1705.0,1805.0,1958.5,2108.5,2127.5,3021.5,2097.0,1469.0,1730.5,1973.5,2346.5,2469.5,2623.0,2781.0,2810.5,4176.0,3469.0,1187.0,1668.0,2008.0,2472.0,2650.0,2831.0,3034.0,3082.0,7050.0,6489.0,2728.0,3447.0,4056.0,4808.0,4961.0,5200.0,5284.0,5513.0,0.0,0.0,0.0,0.0,0.0,0.0,0.0,0.0,0.0,0.0,2065.0,1186.0,695.0,937.0,577.0,1223.0,3126.0,3918.0,3639.0,3949.0,1749.0,929.0,319.0,512.0,219.0,803.0,2905.0,3752.0,3729.0,3722.0,1548.0,726.0,359.0,615.0,263.0,880.0,3055.0,4078.0,4051.0,4199.0,1058.5,491.5,550.5,658.0,372.0,798.5,2346.0,3223.0,2981.0,3188.5,2693.0,2122.0,864.0,1045.0,1327.0,1516.0,1611.0,1711.0,1906.0,1892.0,1367.0,587.0,310.0,472.0,214.0,682.0,2722.0,4168.0,4030.0,4487.0,1576.0,719.5,450.5,642.0,327.0,839.5,3178.5,4705.0,4704.5,4976.5,1708.0,786.5,420.0,741.0,379.5,1186.0,3380.5,4538.0,4405.0,4836.0,1776.0,858.0,498.0,965.0,620.0,1596.0,3562.0,4268.0,4119.0,4585.0,1850.0,974.0,532.0,1081.0,871.0,1899.0,3407.0,3913.0,3925.0,4203.0,2107.5,1117.0,887.5,1240.0,1174.5,2171.0,3170.0,3572.5,3760.5,3955.0,2227.0,1338.5,639.5,1014.5,1302.5,1914.0,2329.5,2628.0,2809.0,2958.5,2840.0,2051.5,1461.0,1567.5,1806.0,2170.0,2445.5,2577.0,2475.0,2810.0,2872.0,2042.0,668.0,948.0,1318.0,1614.0,1760.0,1913.0,2135.0,2158.0,2967.0,2224.0,749.0,988.0,1377.0,1657.0,1781.0,1986.0,2131.0,2234.0,2515.0,2114.0,1066.5,1353.5,1678.5,1892.0,1978.5,2048.5,2117.5,2193.0,2819.0,2017.5,749.5,1001.0,1396.5,1622.5,1737.5,1885.5,2122.5,2109.5,1132.0,639.0,606.0,649.0,816.0,869.0,852.0,923.0,1366.0,917.0,2106.0,1397.0,532.5,775.0,1173.5,1354.0,1458.5,1557.5,1762.5,1792.0,2128.5,1424.5,614.0,849.0,1230.5,1420.0,1477.0,1618.5,1814.5,1843.5,0.0,0.0,0.0,0.0,0.0,0.0,0.0,0.0,0.0,0.0,1642.0,1152.0,808.0,975.5,1250.5,1384.0,1411.5,1505.5,1677.0,1655.0,0.0,0.0,0.0,0.0,0.0,0.0,0.0,0.0,0.0,0.0,987.0,1074.0,10826.0,10472.0,10416.0,10471.0,10144.0,9837.0,10152.0,9388.0,1319.5,903.5,789.0,1036.0,1299.5,1634.5,1677.0,1637.0,1830.0,1826.0,2825.0,2123.0,815.0,1122.0,1447.0,1685.0,1796.0,1926.0,2114.0,2113.0,2851.0,2111.0,966.0,1247.0,1589.0,1872.0,1970.0,2110.0,2326.0,2343.0,2710.5,1879.0,883.5,1221.0,1535.5,1846.5,1949.5,2090.0,2253.5,2279.0,3347.0,2630.5,1046.0,1405.5,1715.0,2051.5,2150.5,2304.5,2458.0,2489.5,"{""type"":""MultiPoint"",""coordinates"":[]}"
3883,3,906.0,457.0,619.0,794.0,851.0,1086.0,1139.0,1238.0,1373.0,1344.0,2490.0,2184.5,900.0,1104.5,1240.5,1397.5,1451.5,1538.5,1581.0,1634.0,923.0,536.0,593.5,773.0,813.5,1006.5,1072.5,1123.0,1188.0,1191.5,561.0,381.0,671.0,876.0,879.0,1105.0,1154.0,1217.0,1299.0,1251.0,3497.0,3300.0,1270.0,1598.0,1764.0,2032.0,2154.0,2225.0,2373.0,2385.0,4585.0,3964.0,2715.0,2658.0,2916.0,3621.0,3896.0,3858.0,3504.0,3652.0,0.0,0.0,0.0,0.0,0.0,0.0,0.0,0.0,0.0,0.0,1752.0,913.0,327.0,624.0,268.0,885.0,2954.0,3670.0,3754.0,3695.0,1525.0,803.0,388.0,470.0,223.0,725.0,2665.0,3426.0,3562.0,3473.0,1669.0,848.0,431.0,662.0,344.5,970.0,3358.5,4612.5,4557.5,4713.0,1566.5,814.0,1488.5,1397.0,964.5,1340.0,2982.0,4190.5,4169.5,4184.5,1362.0,918.0,999.5,1082.0,1102.0,1247.5,1277.5,1331.5,1524.5,1419.0,1307.0,585.0,367.0,579.0,298.0,780.0,2798.0,4183.0,4099.0,4459.0,1506.0,759.0,478.0,776.0,411.0,1177.0,3301.0,4530.0,4656.0,4786.0,1464.5,736.5,436.0,767.0,478.0,1246.0,3260.5,4156.0,4150.5,4487.5,1729.0,933.0,526.0,924.0,713.0,1573.0,3127.0,3651.0,3503.0,3961.0,2023.0,1187.0,589.0,1002.0,917.0,1801.0,2909.0,3305.0,3473.0,3725.0,3265.0,2581.5,1035.5,1333.0,1849.0,2261.0,2440.0,2674.5,2732.5,2950.0,2559.0,2553.0,656.0,801.0,1038.0,1263.0,1332.0,1487.0,1467.0,1639.0,2060.5,1895.0,811.5,839.5,1081.0,1496.0,1815.0,1993.5,1379.0,2173.5,2662.0,2409.0,699.0,885.0,1039.0,1294.0,1444.0,1595.0,1749.0,1732.0,2829.0,2539.0,767.0,960.0,1103.0,1405.0,1642.0,1792.0,1890.0,1906.0,1935.5,1471.5,763.5,957.0,1065.0,1247.0,1300.5,1378.0,1555.0,1535.0,2689.5,2362.0,749.0,919.5,1107.0,1389.5,1591.5,1685.0,1864.5,1852.0,934.0,604.0,350.0,445.0,601.0,751.0,824.0,932.0,1042.0,1051.0,1268.0,855.5,341.0,507.5,693.5,855.0,937.0,1006.0,1130.5,1159.0,1533.0,1142.5,483.0,667.5,885.5,1007.0,1082.0,1180.0,1268.5,1285.5,0.0,0.0,0.0,0.0,0.0,0.0,0.0,0.0,0.0,0.0,282.5,206.0,576.0,678.5,750.0,844.0,738.0,754.5,795.0,696.5,0.0,0.0,0.0,0.0,0.0,0.0,0.0,0.0,0.0,0.0,897.0,978.0,10510.0,10094.0,10060.0,10263.0,9937.0,9557.0,9868.0,9141.0,824.5,468.5,512.0,672.5,840.5,1014.5,1241.5,1144.0,1242.0,1425.0,1752.0,1138.0,771.0,999.0,1066.0,1251.0,1329.0,1396.0,1465.0,1483.0,1769.5,1204.0,754.0,965.0,994.5,1218.5,1315.0,1389.5,1481.5,1471.5,1659.0,1122.0,669.0,879.0,914.0,1184.0,1269.0,1348.0,1436.0,1424.0,2831.5,2483.0,1081.0,1345.0,1474.5,1661.0,1760.0,1802.5,1892.0,1905.0,"{""type"":""MultiPoint"",""coordinates"":[]}"
3895,26,1915.0,1063.0,433.0,740.0,600.0,1346.0,2741.0,3157.0,3519.0,3329.0,1466.5,748.0,392.5,617.5,369.5,915.5,2945.5,3889.5,4132.5,4068.0,2399.5,1583.0,1246.0,1430.5,1276.5,1756.5,3312.0,4067.5,4296.0,4251.5,1373.0,625.0,336.0,575.0,296.0,885.0,3098.0,4181.0,4522.0,4377.0,0.0,0.0,0.0,0.0,0.0,0.0,0.0,0.0,0.0,0.0,658.0,382.0,298.0,421.0,374.0,678.0,1041.0,1220.0,1253.0,1345.0,0.0,0.0,0.0,0.0,0.0,0.0,0.0,0.0,0.0,0.0,4037.0,2850.0,937.0,1335.0,1916.0,2314.0,2518.0,2768.0,3041.0,3086.0,4523.0,3818.0,1080.0,1426.0,1811.0,2306.0,2684.0,2888.0,2951.0,3233.0,4437.0,3970.0,1001.0,1333.0,1764.0,2223.0,2422.0,2660.0,2869.0,3018.0,0.0,0.0,0.0,0.0,0.0,0.0,0.0,0.0,0.0,0.0,2294.0,1484.0,557.0,771.0,819.0,1454.0,2667.0,2999.0,3346.0,3183.0,4509.0,3506.0,1027.0,1375.0,1488.0,2095.0,3245.0,3672.0,3711.0,4040.0,3632.0,2901.0,846.0,1087.0,1179.0,1659.0,2648.0,3088.0,3208.0,3380.0,2931.0,1859.0,570.0,751.0,715.0,1197.0,2740.0,3417.0,3289.0,3673.0,2904.5,1808.0,810.0,1011.5,886.5,1413.5,3430.5,4325.0,4117.0,4552.0,2245.5,1289.5,367.0,566.5,445.5,897.0,2833.0,3556.0,3715.0,3893.0,0.0,0.0,0.0,0.0,0.0,0.0,0.0,0.0,0.0,0.0,2120.0,1093.5,332.0,607.0,363.0,1040.5,3135.0,3823.0,3979.5,4064.5,2327.0,1349.0,471.0,816.0,632.0,1475.0,2586.0,2907.0,3001.0,3206.0,2987.5,2168.5,472.5,753.5,832.5,1329.0,1921.5,2171.0,2514.0,2478.0,2605.5,1954.0,487.5,679.0,898.0,1155.0,1379.0,1573.0,1775.5,1823.0,0.0,0.0,0.0,0.0,0.0,0.0,0.0,0.0,0.0,0.0,3557.0,2675.0,759.0,997.0,1386.0,1596.0,1747.0,1919.0,2208.0,2260.0,0.0,0.0,0.0,0.0,0.0,0.0,0.0,0.0,0.0,0.0,2020.0,1213.0,448.0,634.0,893.0,1093.0,1270.0,1417.0,1624.0,1700.0,2478.0,1642.0,557.0,784.0,989.0,1269.0,1621.0,1752.0,1962.0,2037.0,0.0,0.0,0.0,0.0,0.0,0.0,0.0,0.0,0.0,0.0,2503.0,1815.0,646.0,826.0,949.0,1233.0,1640.0,1807.0,2006.0,2011.0,0.0,0.0,0.0,0.0,0.0,0.0,0.0,0.0,0.0,0.0,1127.0,1207.0,10676.0,10280.0,10134.0,10228.0,9965.0,9582.0,9957.0,9189.0,4332.0,4439.0,3763.0,3432.0,3552.0,4057.0,4156.0,4350.0,4018.0,4370.0,2259.0,1337.0,403.0,732.0,597.0,1275.0,2637.0,3065.0,3310.0,3201.0,1457.0,758.0,321.0,536.0,342.0,826.5,2378.0,2934.5,3194.0,3095.5,1249.0,549.0,125.0,347.0,138.0,660.0,2583.0,3407.0,3768.0,3595.0,1173.0,615.0,680.0,835.0,594.0,858.0,2073.0,2598.0,2990.0,2676.0,"{""type"":""MultiPoint"",""coordinates"":[]}"
3900,5,1725.0,1245.0,376.0,503.5,748.0,843.0,918.5,1020.0,1153.0,1177.0,2804.0,2405.5,655.5,923.5,1215.0,1513.0,1719.0,1838.0,1942.0,2047.0,2107.0,1499.0,554.0,707.0,890.0,1157.0,1334.0,1441.0,1568.0,1630.0,2297.0,1834.0,693.0,830.0,986.0,1232.0,1294.0,1391.0,1497.0,1577.0,2047.0,1463.0,425.0,610.0,756.0,993.0,1280.0,1351.0,1485.0,1496.0,4893.5,3909.5,3502.5,3581.0,3534.0,3967.5,4223.0,4200.0,4681.0,4277.0,3283.0,2159.0,2149.0,2227.0,1944.0,2411.0,3932.0,4435.0,4333.0,4593.0,911.0,810.0,867.0,1115.0,1229.0,1532.0,1069.0,1190.0,980.0,1044.0,2881.5,2381.5,822.0,996.5,1240.5,1468.0,1515.0,1630.0,1682.5,1818.0,3297.5,2961.5,823.0,1076.0,1449.5,1682.5,1715.5,1847.5,1906.0,2068.5,2001.0,1434.0,504.0,616.0,782.0,969.0,1052.0,1155.0,1208.0,1301.0,1810.0,1503.0,356.0,476.0,685.0,770.0,866.0,931.0,1025.0,1036.0,2552.5,1826.0,1694.5,1647.5,1618.0,1896.0,2229.0,2485.0,2426.5,2630.5,3359.0,2622.0,777.0,1003.0,1072.0,1581.0,2263.0,2549.0,2634.0,2795.0,2828.0,2089.0,609.0,881.0,829.0,1428.0,2444.0,2752.0,2805.0,3053.0,2463.5,1540.0,462.0,670.5,490.5,1004.5,2695.0,3344.0,3228.5,3539.5,2195.0,1325.0,311.0,528.5,416.0,863.5,2483.5,3017.5,3140.5,3236.5,1560.0,762.0,352.5,500.5,302.5,724.0,2253.5,2673.5,2732.5,2825.0,1903.0,960.5,312.0,507.5,353.5,802.5,2500.5,2916.5,3032.0,3126.0,2128.0,1187.0,374.0,629.0,391.0,1049.0,2584.0,2987.0,3028.0,3241.0,2347.5,1518.0,427.5,664.0,593.0,1182.0,1908.0,2143.5,2331.5,2459.0,2534.5,1815.5,413.5,596.0,784.0,1074.0,1321.0,1505.0,1663.0,1788.5,2200.5,1751.5,1510.0,1499.5,1603.5,1765.0,1783.0,1810.0,1911.5,1905.5,3079.0,2327.0,668.5,889.0,1185.0,1408.5,1582.5,1722.5,1937.0,1986.5,1475.5,1248.0,519.0,551.0,639.5,705.5,724.5,806.0,877.5,912.5,1485.0,1181.0,254.5,386.0,588.0,664.0,710.5,794.0,928.0,921.5,1992.0,1713.0,467.0,535.0,751.0,853.0,915.0,993.0,1061.0,1119.0,0.0,0.0,0.0,0.0,0.0,0.0,0.0,0.0,0.0,0.0,1535.0,1109.5,391.0,494.5,585.5,767.5,994.0,1063.0,1121.0,1171.5,0.0,0.0,0.0,0.0,0.0,0.0,0.0,0.0,0.0,0.0,77.0,84.0,10332.0,10216.0,10118.0,10215.0,9776.0,9054.0,9296.0,8407.0,700.0,487.0,699.0,994.0,1282.0,1431.0,1301.0,1309.0,1355.0,1323.0,2039.5,1515.5,491.0,653.0,875.0,1026.5,1119.5,1196.5,1338.0,1364.0,2786.0,2473.0,645.0,878.0,1189.0,1358.0,1482.0,1594.0,1750.0,1761.0,1914.0,1424.0,429.0,560.0,756.0,906.0,1028.0,1130.0,1258.0,1277.0,1912.0,1309.0,460.0,647.0,817.0,1048.0,1226.0,1310.0,1407.0,1478.0,"{""type"":""MultiPoint"",""coordinates"":[]}"
3903,3,1763.5,1279.0,1287.5,1401.5,1538.0,1769.5,1882.0,1952.5,2131.0,2001.5,2638.0,1860.5,949.0,1273.5,1671.0,1911.5,2020.0,2124.0,2252.0,2295.0,1880.5,1041.5,625.0,915.5,1096.5,1546.0,1725.5,1910.0,2140.0,2198.5,1581.5,1018.0,923.5,1198.5,1405.5,1778.5,1858.0,1961.5,2147.0,2026.0,5004.5,4437.5,1702.0,2234.5,2653.5,3093.5,3292.0,3443.5,3757.0,3683.5,5551.5,4659.5,1936.5,2446.0,2806.0,3459.0,3529.0,3725.0,4008.0,3961.5,0.0,0.0,0.0,0.0,0.0,0.0,0.0,0.0,0.0,0.0,1965.5,983.0,421.0,715.0,322.0,1041.0,3078.5,3921.5,3821.0,4037.0,1685.0,864.5,294.5,510.0,284.5,746.5,2811.5,3960.0,4035.0,3999.5,1554.0,693.0,243.0,393.5,173.0,590.5,2785.0,4589.0,4687.0,4774.0,3591.0,2851.0,3329.0,3268.5,3096.5,3536.5,4724.0,5882.0,5800.0,6011.0,2403.5,1718.5,774.5,1104.5,1386.5,1660.0,1837.5,1947.0,2158.5,2084.0,1229.0,516.0,332.0,441.5,230.5,612.5,2605.0,4377.0,4330.0,4625.0,1552.0,701.0,735.0,960.5,565.5,1268.5,3481.5,5042.0,5114.0,5413.0,1334.5,616.0,356.0,649.5,341.0,1042.0,3186.5,4345.5,4370.5,4635.0,1516.5,812.0,475.5,787.0,509.0,1280.5,3133.0,3966.0,3886.5,4341.5,1718.0,931.0,514.0,895.5,733.5,1512.5,2981.0,3501.5,3571.5,3882.0,2199.5,1426.0,1017.0,1324.0,1371.0,2000.0,2743.5,3091.0,3126.5,3410.0,2863.5,2151.0,1099.0,1405.5,1669.5,2166.0,2511.5,2703.5,2961.5,3023.5,2490.0,1756.0,807.5,1036.5,1353.0,1655.0,1917.5,2060.5,2130.5,2254.0,2781.5,1856.5,742.5,1003.0,1163.0,1558.5,2083.0,2230.5,2506.5,2452.5,3126.0,2147.5,761.5,1048.5,1207.5,1688.0,2137.5,2332.5,2465.5,2516.0,2674.0,2088.5,959.0,1379.0,1777.0,2110.5,2266.0,2380.0,2632.5,2497.5,3096.5,2139.0,735.5,1010.0,1283.0,1651.5,1971.0,2162.0,2412.5,2434.5,1917.0,1167.5,788.5,1007.5,1381.5,1717.5,1834.5,2024.0,2227.0,2345.0,1971.5,1310.0,662.5,926.0,1363.5,1615.5,1735.0,1900.5,2134.5,2124.5,2262.0,1344.0,712.0,1000.5,1437.5,1708.5,1797.0,1937.0,2150.0,2133.0,3889.0,3172.0,3872.0,3816.0,3891.5,4164.0,4072.5,4211.5,3954.0,4265.0,1755.5,1319.5,980.0,1140.0,1446.5,1627.5,1711.0,1844.0,1990.5,2028.5,0.0,0.0,0.0,0.0,0.0,0.0,0.0,0.0,0.0,0.0,1039.5,1138.0,10055.5,9924.0,9944.0,10102.0,9791.5,9422.5,9871.0,9105.5,1217.5,828.0,1673.0,1981.5,2251.0,2558.5,2478.0,2458.0,2665.5,2545.0,2522.5,1785.0,812.5,1194.5,1477.5,1820.0,1958.5,2063.0,2266.5,2240.5,2595.0,1808.0,899.5,1276.0,1558.0,1899.5,2101.5,2230.5,2399.0,2372.5,2378.0,1599.0,844.0,1206.5,1482.5,1845.0,2024.5,2130.0,2291.0,2264.0,4238.5,3950.5,1451.5,1929.5,2444.0,2730.0,2874.0,3034.0,3239.0,3194.5,"{""type"":""MultiPoint"",""coordinates"":[]}"
3922,1,2357.0,1585.0,601.0,777.0,1047.0,1242.0,1381.0,1523.0,1760.0,1775.0,2889.0,2504.0,1178.0,1553.0,1904.0,2125.0,2157.0,2240.0,2449.0,2327.0,2560.0,1852.0,672.5,925.0,1259.5,1453.5,1558.0,1697.0,1811.0,1863.0,4254.5,3734.5,1432.5,1893.5,2345.0,2704.0,2883.0,3049.0,3220.0,3261.0,5403.0,5014.0,1858.0,2526.0,3114.0,3553.0,3803.0,4003.0,4266.0,4230.0,2476.0,2038.0,930.0,1123.0,1156.0,1528.0,2194.0,2605.0,1994.0,2783.0,0.0,0.0,0.0,0.0,0.0,0.0,0.0,0.0,0.0,0.0,2110.0,954.0,192.0,420.0,187.0,559.0,3502.0,5210.0,5339.0,5398.0,1589.0,707.0,184.0,344.0,175.0,496.0,3045.0,4868.0,5124.0,5099.0,1620.0,649.0,236.0,361.0,197.0,493.0,2981.0,4784.0,4796.0,5000.0,2011.0,960.0,1542.0,1515.0,1181.0,1523.0,3644.0,5156.0,5064.0,5383.0,3124.0,2763.0,795.0,1067.0,1406.0,1634.0,1729.0,1874.0,1941.0,2090.0,2053.0,845.0,469.0,624.0,393.0,778.0,3303.0,5106.0,4977.0,5478.0,1915.0,815.0,369.5,592.5,351.5,763.0,3166.0,4694.0,4771.0,4974.0,1901.0,828.0,409.0,614.0,406.0,886.0,2929.0,3878.0,3930.0,4173.0,2334.0,1295.0,535.5,775.0,694.0,1232.0,2601.0,3013.0,3291.0,3226.5,3369.0,2365.0,562.0,748.0,1109.0,1468.0,1753.0,2023.0,2212.0,2412.0,2325.5,1645.0,466.5,605.0,770.0,1014.0,1243.0,1440.5,1503.0,1662.0,2256.0,1739.0,375.5,480.5,685.5,837.5,960.5,1101.0,1176.0,1275.0,3425.0,2584.0,865.0,1086.0,1454.0,1746.0,1903.0,2074.5,2109.5,2280.0,3923.0,2917.0,724.0,1065.0,1441.0,1805.0,2160.0,2355.0,2505.0,2629.0,3875.5,2709.0,726.0,1107.0,1350.5,1819.5,2239.0,2454.5,2615.5,2746.0,3409.0,2852.0,1715.0,1914.5,2098.0,2369.0,2533.5,2652.0,2991.0,2858.5,2519.0,1982.0,563.0,766.0,1106.0,1308.0,1432.0,1565.0,1756.0,1763.0,5679.0,5103.0,4848.0,4761.0,4884.0,5256.0,5219.0,5220.0,5242.0,5339.0,2867.0,2022.5,744.0,1081.5,1641.5,1890.5,2026.5,2219.5,2480.0,2495.5,3122.0,2289.0,765.0,1134.5,1587.0,1894.0,2092.0,2264.0,2470.5,2518.5,0.0,0.0,0.0,0.0,0.0,0.0,0.0,0.0,0.0,0.0,3829.0,3201.5,2119.0,2289.5,2383.5,2838.5,3249.5,3385.0,3487.5,3533.5,0.0,0.0,0.0,0.0,0.0,0.0,0.0,0.0,0.0,0.0,1111.0,1222.0,10756.0,10398.0,10310.0,10406.0,10057.0,9672.0,10080.0,9281.0,1641.5,1170.5,787.0,992.0,1186.0,1454.5,1531.0,1642.0,1775.0,1821.0,3459.0,2711.0,788.0,1086.0,1402.0,1740.0,1878.0,2032.0,2288.0,2303.0,3797.5,2955.5,966.0,1266.5,1541.0,1928.0,2175.0,2367.5,2602.5,2626.5,3155.0,2314.0,729.0,1044.0,1313.0,1664.0,1880.0,2036.0,2224.0,2255.0,3596.0,3001.0,1497.0,1740.0,2144.0,2621.0,2818.0,3064.0,2615.0,3342.0,"{""type"":""MultiPoint"",""coordinates"":[]}"
3934,3,2464.0,2140.0,2008.5,2017.0,2174.0,2349.5,2370.0,2427.0,2689.5,2587.0,3680.5,2997.0,1129.5,1330.5,1692.0,1908.5,2054.0,2228.5,2473.5,2537.0,1506.5,875.5,645.0,797.5,999.0,1207.5,1308.5,1427.0,1568.0,1614.5,2098.0,1314.0,954.0,1219.0,1495.0,1808.0,1969.0,2104.0,2337.0,2310.0,4774.0,4308.0,1654.0,2054.0,2596.0,2917.0,3083.0,3250.0,3543.0,3538.0,5351.0,4658.0,1514.0,1933.0,2413.0,2885.0,3274.0,3454.0,3765.0,3811.0,0.0,0.0,0.0,0.0,0.0,0.0,0.0,0.0,0.0,0.0,3276.0,2381.0,870.0,1155.0,1187.0,1707.0,2176.0,2305.0,2442.0,2565.0,3758.0,3064.0,950.0,1394.0,1573.0,2174.0,2757.0,2875.0,3048.0,3054.0,891.0,541.0,342.0,578.0,242.0,808.0,1865.0,2203.0,2138.0,2000.0,2178.0,1052.0,467.0,673.0,344.0,844.0,3314.0,4803.0,4821.0,4918.0,1511.0,989.0,402.0,557.0,757.0,854.0,929.0,1022.0,1185.0,1229.0,1956.0,887.0,376.0,494.0,238.0,653.0,3226.0,5070.0,4922.0,5349.0,1821.0,830.0,432.0,577.0,289.0,713.0,3190.0,5285.0,5409.0,5464.0,1795.5,784.5,277.0,511.0,223.5,767.5,3441.5,5417.0,5347.0,5690.5,1712.0,801.0,432.0,721.0,375.0,1045.0,3437.0,5130.0,4991.0,5394.0,1770.0,841.0,397.5,798.0,391.5,1236.5,3584.0,4701.0,4881.5,5060.0,1122.5,543.0,353.0,645.5,382.5,995.5,2366.5,2911.5,2950.5,3199.5,2374.5,1372.5,724.5,1206.5,1185.5,2076.0,3240.0,3744.5,3939.0,4187.0,2646.5,2105.0,1354.5,1592.5,1813.0,2370.0,2575.0,2765.5,2484.5,3022.0,2883.0,2083.0,780.0,1074.0,1477.0,1776.0,1859.0,2079.0,2158.0,2336.0,2166.0,1522.0,704.0,928.0,1314.5,1545.0,1597.5,1767.0,1880.5,1971.5,1882.0,1493.5,621.0,795.0,1068.5,1207.5,1288.0,1403.5,1611.5,1599.0,1441.0,1008.0,565.0,732.0,976.0,1140.0,1157.0,1312.0,1429.0,1429.0,1229.0,799.0,634.0,769.0,1011.0,1179.0,1220.0,1335.0,1449.0,1516.0,969.5,643.5,393.5,567.5,802.0,959.0,992.0,1104.5,1227.5,1192.0,980.5,677.5,386.5,552.5,804.5,955.5,968.0,1037.0,1220.0,1217.0,0.0,0.0,0.0,0.0,0.0,0.0,0.0,0.0,0.0,0.0,638.0,442.0,450.0,551.0,742.0,891.5,871.0,1006.5,1164.0,1124.0,2504.5,2410.5,2136.5,2060.5,2154.5,2297.0,2333.5,2378.0,2453.0,2448.0,1048.0,1132.0,10480.0,10206.0,10198.0,10434.0,10052.0,9596.0,10000.0,9282.0,796.5,510.5,628.5,759.5,952.5,1105.5,1163.5,1264.0,1368.5,1361.5,2319.0,1647.0,674.0,882.0,1112.0,1304.0,1377.0,1509.0,1681.0,1686.0,1632.0,1036.0,743.0,924.0,1188.0,1381.0,1482.0,1628.0,1798.0,1780.0,2336.0,1605.0,842.0,995.0,1258.0,1477.0,1580.0,1682.0,1865.0,1862.0,3644.0,3091.0,976.0,1208.0,1673.0,1884.0,2017.0,2179.0,2425.0,2476.0,"{""type"":""MultiPoint"",""coordinates"":[]}"
3936,5,1544.0,948.0,557.0,726.0,950.0,1123.0,1257.0,1313.0,1538.0,1524.0,2936.0,2390.0,869.0,1078.0,1340.0,1530.0,1637.0,1739.0,1915.0,1934.0,1700.0,1054.5,622.0,744.5,929.5,1105.0,1196.5,1310.0,1414.5,1497.0,1865.0,1202.0,724.0,892.0,1119.0,1332.0,1420.0,1551.0,1716.0,1764.0,0.0,0.0,0.0,0.0,0.0,0.0,0.0,0.0,0.0,0.0,3244.0,2677.0,1066.0,1264.0,1490.0,1757.0,1984.0,2186.0,2226.0,2367.0,0.0,0.0,0.0,0.0,0.0,0.0,0.0,0.0,0.0,0.0,2950.0,2103.0,751.0,1054.0,996.0,1469.0,2434.0,2683.0,2844.0,2856.0,2767.0,1646.0,686.0,980.0,866.0,1409.0,3234.0,3758.0,3713.0,3929.0,2449.0,1415.0,470.0,702.0,544.0,1027.0,2981.0,3687.0,3782.0,3792.0,0.0,0.0,0.0,0.0,0.0,0.0,0.0,0.0,0.0,0.0,2644.0,2045.0,702.0,813.0,1065.0,1215.0,1313.0,1427.0,1648.0,1616.0,3860.0,3349.0,2325.0,2482.0,2450.0,3153.0,5100.0,6090.0,5813.0,6315.0,2230.0,953.0,422.0,542.0,294.0,726.0,4048.0,5884.0,5997.0,6104.0,1874.0,827.0,329.0,467.0,226.0,702.0,3613.0,5313.0,5260.0,5717.0,1998.0,874.0,379.0,549.0,288.0,793.0,3649.0,5088.0,4930.0,5361.0,2062.5,940.5,323.0,637.0,308.0,1036.0,3938.0,4906.0,5001.5,5172.5,0.0,0.0,0.0,0.0,0.0,0.0,0.0,0.0,0.0,0.0,2432.5,1549.5,408.0,662.0,746.0,1256.0,1878.0,2110.5,2276.5,2395.0,2724.0,1955.0,618.0,722.0,920.0,1131.0,1227.0,1364.0,1436.0,1576.0,3429.0,2569.0,841.5,1077.5,1481.5,1747.0,1865.0,2013.5,2188.0,2268.0,3060.0,2446.0,882.0,1047.0,1381.0,1605.0,1680.0,1818.0,1933.0,2003.0,0.0,0.0,0.0,0.0,0.0,0.0,0.0,0.0,0.0,0.0,820.0,625.0,319.0,365.0,447.0,500.0,555.0,658.0,500.0,724.0,0.0,0.0,0.0,0.0,0.0,0.0,0.0,0.0,0.0,0.0,1724.0,1031.0,412.0,575.0,819.0,981.0,1049.0,1187.0,1308.0,1378.0,1235.0,728.0,543.0,702.0,958.0,1143.0,1184.0,1287.0,1379.0,1413.0,0.0,0.0,0.0,0.0,0.0,0.0,0.0,0.0,0.0,0.0,1636.0,963.0,489.0,561.0,780.0,952.0,1008.0,1147.0,1283.0,1299.0,0.0,0.0,0.0,0.0,0.0,0.0,0.0,0.0,0.0,0.0,1127.0,1203.0,10659.0,10328.0,10260.0,10287.0,9999.0,9687.0,10113.0,9288.0,0.0,0.0,0.0,0.0,0.0,0.0,0.0,0.0,0.0,0.0,1721.0,1030.0,538.0,778.0,1065.0,1235.0,1358.0,1473.0,1707.0,1681.0,0.0,0.0,0.0,0.0,0.0,0.0,0.0,0.0,0.0,0.0,1713.0,1052.0,559.0,743.0,971.0,1236.0,1366.0,1463.0,1641.0,1660.0,2113.0,1317.0,787.0,953.0,1185.0,1400.0,1470.0,1579.0,1710.0,1797.0,"{""type"":""MultiPoint"",""coordinates"":[]}"
3950,3,2183.0,1473.0,559.0,789.0,1031.0,1381.0,1712.0,1852.0,2025.0,2084.0,3791.0,3137.5,1309.0,1829.0,2347.0,2749.0,2844.0,2985.0,3110.5,3104.5,2364.5,1594.5,770.0,1151.5,1520.0,1834.0,1909.5,2048.5,2164.5,2201.5,3125.0,2460.0,949.5,1365.5,1793.5,2111.0,2232.0,2394.0,2496.5,2536.0,5220.0,4838.0,1570.0,2297.0,2929.0,3402.0,3550.0,3717.0,3904.0,3929.0,0.0,0.0,0.0,0.0,0.0,0.0,0.0,0.0,0.0,0.0,0.0,0.0,0.0,0.0,0.0,0.0,0.0,0.0,0.0,0.0,1582.0,982.5,882.0,1097.0,964.5,1418.0,1990.5,2255.5,2143.5,2204.0,2107.0,1061.0,484.0,784.0,648.0,1227.0,2352.0,2987.0,3023.0,3003.0,1239.0,654.0,376.0,605.0,397.0,858.0,2141.0,2966.0,2786.0,2726.0,2192.0,1572.0,1690.0,1711.5,1424.0,1908.5,3314.5,4234.0,4050.5,4236.5,3213.0,2341.0,714.0,989.0,1278.0,1622.0,1963.0,2104.0,2352.0,2402.0,1254.0,592.0,411.0,587.0,355.0,812.0,2429.0,3559.0,3350.0,3499.0,1321.0,632.0,437.0,679.0,405.0,1005.0,2752.0,3804.0,3690.0,3862.0,1535.0,751.0,598.0,927.0,549.0,1370.0,3310.0,4252.0,3957.0,4292.0,1614.0,848.0,511.0,948.0,625.0,1612.0,3152.0,3823.0,3721.0,4018.0,2147.0,1232.0,608.0,1162.0,954.0,2015.0,3170.0,3506.0,3727.0,3810.0,2323.0,1390.0,556.0,1091.0,1157.0,2090.0,2969.0,3216.0,3384.0,3613.0,2520.5,1662.5,711.5,1126.0,1299.0,1992.0,2576.5,2822.0,3026.0,3069.0,2795.5,1907.5,945.0,1277.0,1519.5,2106.0,2572.5,2719.0,2783.5,3003.5,3321.0,2210.0,840.0,1251.0,1729.0,2222.0,2499.0,2731.0,3030.0,3074.0,3652.0,2524.0,925.0,1383.0,1916.0,2408.0,2645.0,2929.0,3060.0,3280.0,1812.0,1213.0,622.0,822.0,1067.0,1408.0,1627.0,1831.0,2050.0,2123.0,2921.0,2043.5,876.5,1176.5,1574.5,1963.5,2216.0,2450.5,2679.0,2738.0,2791.5,1891.0,915.0,1274.0,1751.0,2112.5,2369.5,2567.0,2747.0,2840.0,2724.0,1755.5,729.0,1098.5,1580.5,1911.5,2110.0,2268.0,2493.5,2574.5,2765.0,1833.0,826.0,1156.0,1643.0,1969.0,2128.0,2228.0,2470.0,2554.0,0.0,0.0,0.0,0.0,0.0,0.0,0.0,0.0,0.0,0.0,2000.0,1421.0,907.0,1095.0,1387.0,1624.0,1738.5,1850.0,2003.5,2003.0,0.0,0.0,0.0,0.0,0.0,0.0,0.0,0.0,0.0,0.0,1085.0,1149.0,10080.0,9810.0,9788.0,9880.0,9594.0,9282.0,9668.0,8957.0,1313.5,844.5,2406.0,2626.0,2759.0,2910.0,2950.0,3010.0,3323.5,3032.0,3275.5,2317.0,722.0,1025.0,1247.5,1740.5,2123.0,2341.0,2529.0,2640.5,2076.0,1375.0,599.0,868.0,960.0,1445.0,1865.0,2055.0,2181.0,2276.0,2155.0,1349.0,500.0,822.0,926.0,1455.0,1973.0,2188.0,2296.0,2367.0,2720.0,1800.0,801.0,1210.0,1312.0,2079.0,2482.0,2598.0,2684.0,2626.0,"{""type"":""MultiPoint"",""coordinates"":[]}"
3955,3,1697.5,1052.0,526.5,740.5,890.5,1181.5,1452.0,1601.0,1800.5,1777.0,4455.0,3837.5,1428.0,1890.5,2451.5,2815.0,2968.0,3135.0,3249.5,3378.0,2463.0,1623.0,762.0,1054.5,1378.0,1738.5,1862.0,2010.0,2144.5,2222.0,4057.5,3437.0,1357.5,1799.0,2256.0,2681.0,2806.0,2984.5,3177.0,3219.0,5009.0,4504.0,1658.0,2222.0,2773.0,3293.0,3402.0,3584.0,3836.0,3879.0,4153.0,3550.0,2327.0,2496.0,2654.0,3061.0,3242.0,3484.0,3531.0,3564.0,2864.0,2367.0,2548.0,2588.0,2614.0,3030.0,3159.0,3278.0,3089.0,3378.0,2492.0,2136.0,813.0,1263.0,1127.0,2012.0,2744.0,2989.0,2884.0,3038.0,1418.0,751.5,277.0,444.0,255.0,675.0,2451.5,3457.0,3452.0,3416.0,1318.0,593.0,300.0,427.0,196.0,567.0,2587.0,4245.0,4262.0,4321.0,1823.0,1012.0,675.0,786.0,531.0,991.0,3086.0,3841.0,3928.0,3984.0,3009.0,2364.0,892.0,1118.0,1334.0,1701.0,2012.0,2151.0,2391.0,2351.0,1330.0,621.0,333.0,431.0,244.0,629.0,2625.0,4351.0,4284.0,4647.0,1354.0,644.0,422.0,632.0,350.5,894.0,2823.0,4401.5,4484.5,4713.5,1443.0,683.0,449.0,634.0,372.0,926.0,2929.0,4302.0,4341.0,4656.0,1591.0,780.0,379.0,628.0,411.0,1035.0,2958.0,4207.0,4158.0,4595.0,1820.0,948.0,400.0,774.0,564.0,1286.0,3068.0,3833.0,3952.0,4230.0,1453.0,810.5,427.5,665.0,595.5,1144.0,1975.0,2364.0,2403.0,2618.0,4081.0,2925.5,1149.5,1546.0,2051.0,2562.5,2770.5,2975.0,3163.5,3310.0,2976.5,2012.0,778.0,1022.5,1198.0,1635.0,2167.5,2429.5,2458.5,2652.5,3314.0,2177.0,682.0,983.0,1093.0,1599.0,2357.0,2615.0,2747.0,2822.0,3112.0,2042.0,586.0,909.0,966.0,1580.0,2338.0,2624.0,2780.0,2867.0,3154.5,2667.0,2443.5,2395.5,2487.0,2778.0,3030.5,3162.0,3314.5,3365.0,2891.0,1855.5,613.5,885.0,1025.0,1605.0,2205.5,2447.0,2676.5,2735.0,2741.0,1742.0,730.5,1017.5,1323.0,1843.0,2145.0,2375.5,2549.0,2658.0,2251.0,1445.5,668.5,981.5,1450.5,1828.5,1994.0,2205.0,2428.5,2470.5,2579.5,1701.5,786.0,1096.5,1595.0,1919.5,2075.0,2277.0,2422.5,2551.0,0.0,0.0,0.0,0.0,0.0,0.0,0.0,0.0,0.0,0.0,994.0,795.0,828.0,935.0,1084.0,1214.0,1196.0,1264.0,1357.0,1272.0,0.0,0.0,0.0,0.0,0.0,0.0,0.0,0.0,0.0,0.0,1034.0,1154.0,10828.0,10450.0,10366.0,10483.0,10112.0,9790.0,10124.0,9367.0,1366.0,891.5,1111.5,1345.5,1450.5,1728.0,1964.0,2100.5,2252.5,2144.5,2718.0,1934.0,680.0,979.0,1159.0,1616.0,2148.0,2407.0,2601.0,2573.0,2757.0,2003.5,853.0,1205.0,1418.0,1845.0,2156.0,2330.0,2554.0,2527.0,2745.5,1862.5,822.0,1170.5,1474.5,1824.5,2009.5,2182.5,2438.5,2433.0,4135.0,3455.0,1170.0,1559.0,1970.0,2326.0,2498.0,2693.0,2949.0,2974.0,"{""type"":""MultiPoint"",""coordinates"":[]}"
3956,1,2400.0,1737.0,437.0,665.0,891.0,1168.0,1437.0,1580.0,1770.0,1832.0,4342.0,3746.0,907.0,1248.0,1748.0,2151.0,2396.0,2611.0,2792.0,3044.0,4018.0,3144.0,2089.0,2447.0,2639.0,3242.0,3835.0,4223.0,4082.0,4510.0,4327.0,3684.0,844.0,1195.0,1330.0,1866.0,2744.0,3094.0,3256.0,3367.0,2739.0,1612.5,580.5,857.5,727.0,1218.5,2614.5,3098.0,3175.0,3293.0,0.0,0.0,0.0,0.0,0.0,0.0,0.0,0.0,0.0,0.0,0.0,0.0,0.0,0.0,0.0,0.0,0.0,0.0,0.0,0.0,1897.0,870.0,384.0,562.0,341.0,687.0,3122.0,4949.0,4951.0,5115.0,2027.0,1008.0,259.0,530.0,316.0,718.0,3203.0,4620.0,4829.0,4861.0,2093.0,907.0,501.0,686.0,391.0,797.0,3275.0,4889.0,4792.0,5166.0,2134.5,942.5,424.0,678.0,394.5,860.5,3489.0,4962.0,4951.5,5285.0,3058.5,2508.5,573.0,832.5,1154.0,1494.0,1839.5,2005.5,2270.0,2265.0,2432.0,1015.0,1211.0,1316.0,839.0,1284.0,4076.0,5542.0,5493.0,6000.0,2273.5,1175.5,503.0,809.5,640.0,1229.5,2653.5,3214.0,3296.5,3643.5,2659.0,1669.0,427.0,675.0,838.0,1304.0,1889.0,2156.0,2277.0,2654.0,1189.0,711.0,270.5,298.5,339.0,440.5,534.0,613.0,676.0,647.0,4889.0,4155.5,4351.0,4490.0,4388.5,4972.0,4934.0,4980.0,4195.0,5023.0,2473.5,2183.5,549.0,688.5,987.0,1162.0,1269.0,1404.5,1502.5,1603.0,3928.0,3365.5,721.0,1009.5,1396.0,1735.5,2095.5,2302.0,2430.5,2620.0,3177.5,2621.0,2185.5,2208.5,2138.5,2534.5,2972.5,3093.0,3176.5,3263.0,0.0,0.0,0.0,0.0,0.0,0.0,0.0,0.0,0.0,0.0,3821.5,3400.5,652.5,940.5,1332.0,1667.5,1934.5,2145.5,2327.0,2473.5,0.0,0.0,0.0,0.0,0.0,0.0,0.0,0.0,0.0,0.0,3069.5,2245.5,783.5,1106.5,1485.5,1834.0,2108.0,2311.5,2559.5,2594.5,3102.0,2473.0,735.0,1035.0,1237.0,1678.0,1994.0,2210.0,2381.0,2422.0,3982.0,3216.5,877.0,1275.5,1455.5,2060.0,2671.5,2884.0,3134.5,3173.5,2939.0,2030.0,613.0,1007.0,1068.0,1651.0,2419.0,2544.0,2755.0,2760.0,0.0,0.0,0.0,0.0,0.0,0.0,0.0,0.0,0.0,0.0,2392.0,1657.0,546.0,740.0,972.0,1208.0,1457.0,1635.0,1823.0,1885.0,3073.0,2280.0,558.0,869.0,1051.0,1553.0,2206.0,2406.0,2685.0,2690.0,0.0,0.0,0.0,0.0,0.0,0.0,0.0,0.0,0.0,0.0,287.0,202.0,5765.0,5951.0,6155.0,6561.0,6323.0,6126.0,6231.0,5792.0,2392.0,1537.0,420.0,660.0,751.0,1231.0,1956.0,2156.0,2411.0,2408.0,0.0,0.0,0.0,0.0,0.0,0.0,0.0,0.0,0.0,0.0,2534.0,1638.0,496.5,849.5,761.0,1474.5,2392.0,2616.0,2891.5,2929.0,0.0,0.0,0.0,0.0,0.0,0.0,0.0,0.0,0.0,0.0,"{""type"":""MultiPoint"",""coordinates"":[]}"
3977,5,1888.0,1367.5,793.5,950.5,1248.0,1418.0,1528.0,1621.0,1767.5,1770.5,4317.5,4103.5,1965.5,2201.0,2485.5,2801.0,2881.0,2986.0,3149.0,3183.0,1760.5,1290.0,455.5,609.5,716.0,960.5,1107.5,1217.0,1174.5,1338.0,1973.0,1487.0,525.0,699.0,785.0,1064.0,1301.0,1443.0,1377.0,1508.0,4161.0,4047.0,1432.0,1822.0,2108.0,2340.0,2680.0,2799.0,3021.0,3036.0,2236.0,1877.5,907.5,1024.5,1186.5,1329.0,1404.0,1580.5,1570.0,1750.5,0.0,0.0,0.0,0.0,0.0,0.0,0.0,0.0,0.0,0.0,5637.0,5144.0,1829.0,2322.0,2660.0,3226.0,3665.0,3911.0,4045.0,4342.0,1869.0,1323.0,743.0,921.0,1035.0,1170.0,1478.0,1502.0,1665.0,1612.0,4110.0,3496.0,1214.0,1595.0,1679.0,2283.0,3305.0,3613.0,3643.0,3890.0,4075.0,3321.0,1096.0,1445.0,1461.0,2084.0,3531.0,4135.0,4151.0,4429.0,3271.5,2428.5,1086.0,1303.5,1708.0,1958.5,2023.0,2164.0,2399.0,2429.0,2877.0,1890.0,572.0,829.0,666.0,1197.0,3550.0,4596.0,4406.0,4707.0,2665.0,1305.0,444.0,688.0,385.0,979.0,3891.0,5186.0,5140.0,5386.0,2422.0,1148.0,357.0,594.0,323.0,928.5,3978.0,5288.0,5143.5,5526.0,2446.0,1146.0,273.0,493.0,277.0,821.0,3872.0,5213.0,5004.0,5433.0,2313.0,1087.0,315.0,532.0,296.0,830.0,3761.0,4815.0,4955.0,5102.0,3050.5,2069.5,1508.5,1637.5,1487.0,2057.5,3900.5,4593.0,4670.0,4883.0,2400.0,1262.0,350.0,686.5,376.5,1143.5,3375.5,4083.0,4428.5,4418.5,2347.0,1555.0,332.0,638.0,502.0,1208.0,1897.0,2126.0,2384.0,2611.0,2729.0,1896.0,363.0,640.0,697.0,1136.0,1676.0,1829.0,2087.0,2238.0,2668.0,1947.0,368.0,576.0,719.0,1054.0,1350.0,1482.0,1706.0,1891.0,1705.5,1514.5,500.5,558.0,693.0,726.0,817.5,884.0,973.0,979.0,3617.0,2659.0,749.0,1037.5,1483.5,1791.5,2085.5,2208.0,2573.5,2644.0,3240.0,2243.0,972.0,1205.0,1620.0,1960.0,2145.0,2314.0,2743.0,2679.0,3156.5,2197.5,716.0,1004.5,1440.0,1715.0,1857.0,2059.5,2318.5,2321.0,2986.0,2095.0,749.0,1034.0,1436.0,1637.0,1667.0,1765.0,1985.0,2056.0,3264.0,2461.0,2725.0,2794.0,2931.0,3237.0,3098.0,3021.0,3299.0,2975.0,1429.0,876.5,441.0,536.5,687.0,858.0,964.0,1029.0,1116.5,1178.5,0.0,0.0,0.0,0.0,0.0,0.0,0.0,0.0,0.0,0.0,863.0,915.0,10396.0,10086.0,10050.0,10181.0,9831.0,9478.0,9954.0,9103.0,837.0,622.5,183.0,239.0,388.0,495.0,501.5,547.5,594.5,688.0,2395.0,2337.0,488.0,609.0,839.0,1011.0,1140.0,1192.0,1239.0,1375.0,1981.5,1703.5,585.5,706.5,839.0,999.5,1043.5,1151.0,1200.5,1273.0,1577.0,1159.0,407.0,567.0,710.0,885.0,905.0,992.0,992.0,1079.0,3292.0,3192.0,1075.0,1348.0,1622.0,1847.0,1914.0,2031.0,2170.0,2342.0,"{""type"":""MultiPoint"",""coordinates"":[]}"
3996,1,2207.0,1402.0,643.0,970.0,1191.0,1507.0,1856.0,2020.0,2243.0,2198.0,4587.0,3967.0,1428.0,1957.0,2475.0,2867.0,2996.0,3174.0,3404.0,3352.0,2135.0,1343.0,746.5,1044.5,1355.0,1666.0,1822.5,1970.0,2103.0,2125.0,2467.0,1603.0,843.0,1174.0,1531.0,1856.0,2082.0,2248.0,2472.0,2434.0,0.0,0.0,0.0,0.0,0.0,0.0,0.0,0.0,0.0,0.0,1836.0,1112.5,599.5,744.5,688.0,967.0,1973.5,2293.5,2305.0,2422.5,0.0,0.0,0.0,0.0,0.0,0.0,0.0,0.0,0.0,0.0,2088.0,1051.0,334.0,552.0,323.0,694.0,3139.0,4670.0,4831.0,4826.0,0.0,0.0,0.0,0.0,0.0,0.0,0.0,0.0,0.0,0.0,1846.0,776.0,314.0,556.0,279.0,703.0,3197.0,4747.0,4833.0,4874.0,0.0,0.0,0.0,0.0,0.0,0.0,0.0,0.0,0.0,0.0,2427.0,1757.0,725.0,983.0,1204.0,1495.0,1825.0,1896.0,2161.0,2087.0,2039.0,857.0,438.0,697.0,373.5,856.5,3414.0,4965.0,4932.0,5222.5,1726.0,763.0,476.0,707.0,410.0,929.0,3066.0,4019.0,4244.0,4343.0,2403.0,1325.0,505.0,854.0,710.0,1373.0,2698.0,3396.0,3447.0,3764.0,2495.5,1582.0,508.5,716.0,717.5,1154.5,1893.0,2194.5,2102.5,2490.0,1785.5,1187.5,334.5,456.5,551.5,764.5,1072.5,1213.0,1301.5,1391.5,0.0,0.0,0.0,0.0,0.0,0.0,0.0,0.0,0.0,0.0,3783.0,3037.5,895.5,1198.5,1661.0,1967.5,2112.0,2254.0,2458.5,2526.5,2791.0,1920.0,789.0,1016.0,1349.0,1630.0,1735.0,1886.0,1967.0,2108.0,3851.5,3135.5,896.0,1219.0,1682.5,1957.5,2104.5,2290.5,2519.5,2586.5,4198.0,3620.0,1070.0,1403.0,1853.0,2127.0,2291.0,2457.0,2706.0,2740.0,0.0,0.0,0.0,0.0,0.0,0.0,0.0,0.0,0.0,0.0,1410.0,933.0,415.0,526.0,635.0,733.0,785.0,882.0,975.0,986.0,0.0,0.0,0.0,0.0,0.0,0.0,0.0,0.0,0.0,0.0,1694.0,1085.0,473.0,696.0,994.0,1208.0,1330.0,1464.0,1715.0,1627.0,1909.0,1264.0,580.0,841.0,1102.0,1362.0,1506.0,1604.0,1840.0,1877.0,0.0,0.0,0.0,0.0,0.0,0.0,0.0,0.0,0.0,0.0,1843.0,1223.0,573.0,770.0,963.0,1219.0,1417.0,1536.0,1801.0,1755.0,0.0,0.0,0.0,0.0,0.0,0.0,0.0,0.0,0.0,0.0,955.0,1030.0,10941.0,10531.0,10398.0,10497.0,10235.0,9773.0,10198.0,9420.0,0.0,0.0,0.0,0.0,0.0,0.0,0.0,0.0,0.0,0.0,2484.0,1608.0,639.0,975.0,1219.0,1617.0,2043.0,2185.0,2427.0,2379.0,2268.0,1399.0,800.0,1121.0,1463.0,1703.0,1909.0,2062.0,2286.0,2250.0,1747.0,1128.0,666.0,1027.0,1284.0,1659.0,1841.0,1968.0,2148.0,2070.0,2161.0,1371.0,855.0,1206.0,1515.0,1862.0,1962.0,2121.0,2243.0,2253.0,"{""type"":""MultiPoint"",""coordinates"":[]}"
4005,5,1208.0,680.0,541.0,706.0,997.0,1260.0,1483.0,1655.0,1843.0,1816.0,2644.0,1901.0,875.0,1048.0,1345.0,1690.0,1893.0,2019.0,2172.0,2262.0,1499.0,986.0,627.0,856.5,1172.0,1407.0,1514.0,1644.5,1764.5,1805.0,1066.0,631.5,907.5,1021.5,1244.5,1473.0,1506.5,1613.0,1694.0,1765.5,3258.0,2407.0,864.0,1192.0,1589.0,1845.0,1958.0,2092.0,2237.0,2308.0,4788.0,4263.0,1492.0,1929.0,2481.0,2811.0,2893.0,3061.0,3157.0,3310.0,0.0,0.0,0.0,0.0,0.0,0.0,0.0,0.0,0.0,0.0,5889.0,5325.0,2006.0,2632.0,3203.0,3719.0,4014.0,4253.0,4262.0,4585.0,5838.0,5169.0,1773.0,2370.0,2905.0,3438.0,3882.0,4200.0,4101.0,4494.0,4895.0,4332.0,1372.5,1882.0,2327.0,2789.5,3322.0,3573.0,3710.5,3881.5,2315.0,1732.0,734.0,984.0,1040.0,1515.0,2567.0,2934.0,2911.0,3069.0,2466.5,1699.0,828.5,1073.0,1401.0,1715.0,1967.5,2073.0,2338.5,2351.0,3127.0,2216.0,873.0,1124.0,1062.0,1560.0,3088.0,3621.0,3631.0,3828.0,1991.0,1082.5,524.0,691.0,473.0,908.0,3019.5,3853.5,3776.5,3921.0,1586.5,785.5,257.0,406.5,248.5,596.0,2464.5,3263.0,3178.0,3309.5,2430.0,1185.0,396.5,573.0,365.0,845.5,3490.5,4607.5,4455.5,4805.0,2293.0,1188.0,358.0,624.0,394.0,993.0,3157.0,4085.0,4093.0,4383.0,2055.0,1104.0,360.0,669.0,441.0,1138.0,2934.0,3431.0,3510.0,3721.0,3408.0,2751.0,762.0,1056.0,1356.0,1760.0,2016.0,2251.0,2362.0,2589.0,3659.0,2974.0,2178.0,2216.0,2233.0,2512.0,2790.0,2903.0,3327.0,3059.0,2942.0,2194.0,551.0,750.0,918.0,1200.0,1404.0,1543.0,1725.0,1756.0,2726.0,2021.5,695.5,907.0,1161.0,1443.0,1614.0,1762.0,1907.5,1991.0,2905.5,2199.5,1213.0,1471.5,1825.5,2104.5,2274.5,2414.5,2687.5,2661.5,2933.0,2223.0,682.0,895.0,1045.0,1341.0,1611.0,1738.0,1937.0,1922.0,2428.0,1614.0,885.0,1127.0,1513.0,1754.0,1898.0,2015.0,2240.0,2255.0,2272.5,1516.0,637.0,974.0,1382.5,1617.5,1752.0,1888.5,2097.5,2121.5,2398.0,1736.0,714.5,1059.5,1457.0,1740.0,1845.5,1990.5,2161.5,2198.0,0.0,0.0,0.0,0.0,0.0,0.0,0.0,0.0,0.0,0.0,2361.0,1605.0,728.0,1006.0,1297.0,1658.0,1843.0,1979.0,2157.0,2169.0,3683.0,3406.0,3053.5,2985.0,3098.5,3303.5,3384.5,3416.0,3722.5,3517.5,1024.0,1116.0,9823.0,9706.0,9788.0,10032.0,9738.0,9363.0,9730.0,9047.0,1081.5,688.0,2691.0,2788.0,3048.0,3415.0,3434.0,3427.5,3547.0,3508.0,1523.0,930.0,484.0,714.0,982.0,1318.0,1555.0,1769.0,1964.0,1980.0,896.0,529.0,516.0,705.0,891.0,1216.0,1514.0,1648.0,1832.0,1833.0,1598.0,979.0,548.0,817.0,1005.0,1424.0,1788.0,1996.0,2111.0,2184.0,3707.0,2520.0,1105.0,1406.0,1643.0,2248.0,2764.0,2962.0,3137.0,3299.0,"{""type"":""MultiPoint"",""coordinates"":[]}"
4006,3,2828.0,2196.0,818.0,1051.0,1332.0,1558.0,1649.0,1756.0,1992.0,1913.0,3880.0,3133.5,1122.0,1564.0,1792.0,2386.5,2936.0,3123.5,3270.5,3352.5,1460.5,1047.0,466.5,633.5,819.5,966.0,1034.5,1094.0,1178.0,1197.0,3993.5,3438.5,1297.5,1766.0,2144.5,2578.0,2836.0,3007.0,3156.0,3215.5,4825.0,4550.0,1660.0,2205.0,2842.0,3117.0,3224.0,3382.0,3608.0,3619.0,3765.0,2789.0,1142.0,1550.0,1855.0,2297.0,2532.0,2680.0,2897.0,3046.0,0.0,0.0,0.0,0.0,0.0,0.0,0.0,0.0,0.0,0.0,4343.0,3797.0,1811.0,2130.0,2223.0,2822.0,3406.0,3791.0,3457.0,4047.0,3239.5,2635.5,1030.0,1421.5,1561.5,2060.0,2613.5,2894.0,2958.5,3096.5,1388.5,771.5,495.5,728.0,583.5,1086.5,2339.0,2923.5,2769.5,2867.5,1621.0,788.0,589.0,707.0,450.0,846.0,2769.0,3891.0,3769.0,4065.0,3250.0,2702.0,949.0,1218.0,1539.0,1730.0,1891.0,1929.0,2178.0,2158.0,1469.0,635.0,376.0,449.0,245.0,599.0,2713.0,4553.0,4419.0,4650.0,1520.0,680.0,325.0,517.0,240.0,656.0,2917.0,4905.0,4951.0,5004.0,1909.0,1098.0,819.0,965.0,753.5,1233.5,3244.5,4574.0,4465.0,4762.0,1415.0,675.0,453.0,720.0,390.0,1111.0,3289.0,4646.0,4543.0,4877.0,1571.0,794.0,371.0,761.0,450.0,1172.0,3391.0,4403.0,4600.0,4714.0,1629.5,844.5,407.5,838.5,646.5,1602.5,3278.5,3924.0,3984.0,4257.5,2183.5,1206.5,629.5,1077.0,1023.0,1944.5,3136.0,3579.5,3692.5,4013.5,2138.0,1332.5,606.5,918.0,944.0,1577.0,2373.0,2626.5,2699.5,2922.5,2407.0,1522.0,681.0,1072.0,1078.0,1762.0,2558.0,2860.0,3016.0,3184.0,3132.0,2074.0,806.0,1142.0,1531.0,1978.0,2312.0,2498.0,2687.0,2864.0,5465.0,5507.5,3951.5,4119.0,4383.0,4724.0,4901.5,5013.5,4738.0,5087.5,3012.0,2044.0,794.0,1098.0,1501.0,1879.0,2164.0,2346.0,2643.0,2664.0,2077.0,1345.0,747.0,1005.0,1435.0,1805.0,1982.0,2178.0,2458.0,2457.0,2604.5,1709.0,707.0,1009.5,1483.5,1722.5,1883.5,2056.5,2348.5,2359.5,2098.5,1406.0,622.5,874.0,1272.5,1486.5,1597.0,1712.5,1881.5,1923.5,0.0,0.0,0.0,0.0,0.0,0.0,0.0,0.0,0.0,0.0,2618.0,2131.0,1295.0,1417.0,1677.0,1881.5,1935.0,2042.0,2259.0,2231.0,0.0,0.0,0.0,0.0,0.0,0.0,0.0,0.0,0.0,0.0,1090.0,1183.0,10654.0,10362.0,10284.0,10382.0,10110.0,9732.0,10118.0,9362.0,1911.5,1395.5,1890.0,2119.5,2388.5,2592.5,2609.0,2631.5,2809.0,2739.5,3123.0,2511.0,885.0,1190.0,1520.0,1764.0,1914.0,2016.0,2267.0,2206.0,3130.0,2509.0,986.0,1312.0,1571.0,1863.0,2096.0,2184.0,2450.0,2368.0,2856.0,2103.0,752.0,1085.0,1349.0,1701.0,1982.0,2132.0,2314.0,2327.0,3484.0,2904.0,1144.0,1592.0,1904.0,2343.0,2643.0,2742.0,3076.0,2966.0,"{""type"":""MultiPoint"",""coordinates"":[]}"
4010,5,2112.0,1338.0,740.0,771.0,1076.0,1277.0,1392.0,1505.0,1664.0,1755.0,3652.0,2533.0,1080.0,1395.0,1665.0,2079.0,2433.0,2579.0,2874.0,2743.0,2536.0,1718.0,855.0,1095.0,1530.0,1809.0,1898.0,2123.0,2302.0,2329.0,3242.0,2465.0,918.5,1185.0,1608.0,1869.0,1971.0,2132.5,2340.0,2387.5,3356.5,2461.5,933.0,1220.5,1698.5,1975.0,2040.0,2271.0,2490.0,2531.0,1595.5,1251.5,905.0,875.0,932.0,1023.5,1118.5,1312.5,1516.5,1498.0,3058.0,2282.0,2410.0,2452.0,2356.0,2632.0,2913.0,3076.0,3386.0,3227.0,5716.5,5077.0,1776.0,2379.5,2858.5,3487.0,4049.5,4453.0,4560.5,4732.5,4670.0,3556.0,1595.0,2170.0,2604.0,3207.0,4154.0,4591.0,4520.0,4832.0,3742.0,2641.0,885.0,1342.0,1530.0,2078.0,3445.0,3915.0,3839.0,4185.0,2409.5,1420.5,493.0,751.5,636.0,1199.5,2695.5,3251.0,3178.5,3440.0,3294.0,2353.0,729.0,979.0,1394.0,1632.0,1715.0,1911.0,2059.0,2130.0,2764.5,1512.0,499.0,729.0,505.0,1118.5,3526.5,4659.0,4435.0,4790.5,2507.0,1408.5,481.0,640.5,413.5,951.5,3523.0,4687.5,4704.0,4993.5,2517.5,1319.0,308.0,492.0,306.0,847.5,3529.0,4846.0,4776.0,5152.0,2489.0,1246.0,404.5,635.5,378.5,1010.0,3913.5,5035.5,4953.0,5359.5,2099.5,1042.5,331.0,566.5,330.0,932.5,3319.0,4116.5,4191.5,4435.5,1935.0,1009.0,407.0,750.0,485.5,1282.0,2803.5,3303.0,3224.5,3712.0,2788.5,1852.0,532.5,861.5,947.0,1560.5,2127.0,2364.0,2490.5,2742.5,2649.5,1807.0,1136.0,1279.5,1519.5,1831.0,2043.0,2136.5,2266.5,2354.0,3754.5,2731.0,960.5,1224.0,1601.0,1966.5,2128.5,2303.0,2413.0,2554.5,3528.0,2567.0,865.0,1140.0,1395.0,1773.0,2073.0,2289.0,2372.0,2495.0,4706.0,4069.0,2517.0,2686.0,2967.0,3281.0,3463.0,3628.0,3957.0,3806.0,3145.5,2097.0,720.0,1032.5,1060.5,1637.5,2344.5,2597.5,2727.5,2839.0,1867.5,1159.0,453.5,687.5,625.5,1105.5,1744.5,1955.0,2099.5,2090.0,2652.0,1603.5,459.5,870.0,806.0,1515.0,2565.5,2826.0,3118.5,3069.5,2770.0,1683.0,498.5,961.0,828.0,1666.5,2886.0,3145.0,3361.0,3393.5,3274.0,3028.0,2904.0,3033.0,2890.0,3207.0,3167.0,3157.0,3555.0,3263.0,2362.0,1474.0,507.0,986.0,658.0,1610.0,3088.0,3422.0,3704.0,3614.0,0.0,0.0,0.0,0.0,0.0,0.0,0.0,0.0,0.0,0.0,762.0,710.0,7247.0,7220.0,7387.0,7729.0,7443.0,7230.0,7360.0,6988.0,1300.0,890.0,1232.0,1420.0,1741.0,1935.0,1903.0,2060.0,2244.0,2178.0,2444.0,1656.0,613.0,824.0,1119.0,1321.0,1430.0,1533.0,1704.0,1764.0,3443.0,2480.0,936.0,1172.0,1468.0,1693.0,1932.0,2082.0,2334.0,2318.0,2676.0,1761.0,688.0,938.0,1181.0,1469.0,1697.0,1878.0,2082.0,2074.0,2595.0,1666.0,815.0,1101.0,1362.0,1691.0,1924.0,2096.0,2243.0,2296.0,"{""type"":""MultiPoint"",""coordinates"":[]}"
4021,3,1600.0,922.0,551.0,701.0,815.0,1150.0,1520.5,1633.0,1730.0,1840.0,2485.5,2081.0,717.5,856.5,1054.5,1221.0,1388.5,1437.0,1455.0,1586.5,1624.0,1050.0,488.0,589.0,756.5,936.5,1033.0,1132.0,1126.0,1272.5,3301.5,2697.5,2695.5,2640.0,2674.5,2937.5,2960.0,2968.5,3022.5,3067.5,2770.0,2325.0,784.0,1005.0,1242.0,1441.0,1559.0,1716.0,1809.0,1840.0,0.0,0.0,0.0,0.0,0.0,0.0,0.0,0.0,0.0,0.0,0.0,0.0,0.0,0.0,0.0,0.0,0.0,0.0,0.0,0.0,2069.0,1178.0,620.0,903.0,736.0,1353.0,2471.0,2683.0,2614.0,2820.0,2006.5,1101.0,538.5,792.0,625.0,1181.0,2376.0,2834.0,2690.0,2989.0,1908.0,973.0,488.0,791.5,501.5,1131.5,2912.0,3462.0,3305.0,3588.0,3882.0,2706.5,2395.0,2472.0,2244.0,2851.0,4377.0,5239.5,5153.0,5414.0,1897.0,1157.0,464.0,644.0,786.0,1101.0,1507.0,1574.0,1791.0,1851.0,1607.0,722.0,448.0,657.0,417.0,921.0,2798.0,3673.0,3411.0,3814.0,1605.0,797.0,487.0,733.0,477.0,1027.0,2985.0,3945.0,3841.0,4226.0,1750.0,855.0,440.0,695.0,387.0,1186.0,3031.0,3796.0,3635.0,3976.0,1828.0,957.0,573.0,1076.0,716.0,1736.0,3338.0,3685.0,3614.0,3988.0,2080.0,1223.0,636.0,1065.0,1022.0,2023.0,3065.0,3474.0,3383.0,3797.0,4114.5,3195.0,2399.0,2894.0,3322.5,3889.0,4202.0,4330.5,4022.5,4536.5,3504.0,2395.5,894.0,1257.5,1787.0,2098.0,2417.5,2623.5,2916.5,3010.5,3487.0,2359.0,967.5,1265.0,1693.0,2038.5,2326.5,2512.5,2649.5,2875.5,3354.0,2241.0,943.0,1254.0,1687.5,2023.0,2379.5,2590.5,2865.5,2914.5,3483.0,2320.0,946.0,1259.0,1666.0,1992.0,2371.0,2620.0,2839.0,2954.0,1987.0,1421.5,627.5,772.5,930.5,1243.0,1623.0,1708.0,1827.5,1882.5,2384.5,1794.5,664.0,827.0,1122.5,1310.0,1428.0,1566.5,1730.5,1806.0,1075.0,668.0,379.0,464.0,700.0,869.0,879.0,988.0,1109.0,1161.0,1700.5,1091.5,439.0,632.5,941.5,1119.0,1190.5,1345.5,1489.0,1508.0,1462.0,1189.0,667.0,808.0,1049.0,1274.0,1335.0,1439.0,1586.0,1636.0,0.0,0.0,0.0,0.0,0.0,0.0,0.0,0.0,0.0,0.0,1386.0,810.5,611.5,755.0,1002.5,1189.0,1301.5,1418.5,1577.0,1634.0,0.0,0.0,0.0,0.0,0.0,0.0,0.0,0.0,0.0,0.0,1059.0,1106.0,10180.0,10008.0,9978.0,10101.0,9907.0,9500.0,9836.0,9169.0,1087.0,674.5,933.5,1028.5,1227.5,1794.5,1668.0,1937.5,1781.0,1775.5,2166.0,1390.0,628.0,837.0,1025.0,1274.0,1418.0,1524.0,1644.0,1718.0,2154.0,1443.5,719.0,872.0,1053.5,1269.0,1394.5,1522.0,1652.5,1680.5,2146.0,1385.0,605.0,825.0,1004.0,1251.0,1370.0,1498.0,1668.0,1699.0,3358.0,2897.0,1156.0,1411.0,1701.5,1861.5,2027.5,2145.0,2308.5,2313.0,"{""type"":""MultiPoint"",""coordinates"":[]}"
4022,5,771.0,426.0,362.0,501.0,734.0,916.0,988.0,1101.0,1273.0,1300.0,2344.0,1748.0,1514.5,1652.0,1747.5,1984.5,2114.5,2317.0,2422.0,2488.0,869.0,482.0,510.0,669.5,846.0,1090.5,1163.5,1277.0,1393.0,1455.5,747.0,414.0,537.0,668.0,819.0,1029.0,1139.0,1280.0,1388.0,1389.0,4161.0,3618.0,1233.0,1590.0,1964.0,2263.0,2435.0,2613.0,2831.0,2901.0,4487.0,4075.0,1494.0,1949.0,2488.0,2814.0,2989.0,3143.0,3204.0,3381.0,0.0,0.0,0.0,0.0,0.0,0.0,0.0,0.0,0.0,0.0,3616.0,3078.0,995.0,1387.0,1579.0,2003.0,2625.0,3021.0,2508.0,3200.0,4298.0,4060.0,1339.0,1826.0,2418.0,2714.0,2815.0,2986.0,3134.0,3213.0,3559.5,3148.5,972.5,1331.0,1712.5,2034.5,2358.5,2551.0,2601.0,2765.0,2463.0,1618.5,821.0,1096.5,1183.0,1543.0,1911.0,2161.0,2329.5,2191.5,1346.5,977.0,539.5,640.5,826.5,967.5,1028.0,1117.0,1276.0,1257.5,4542.0,3652.0,1090.0,1558.0,1604.0,2374.0,3614.0,4086.0,4019.0,4433.0,2390.0,1365.0,507.0,721.0,525.0,1104.0,3049.0,3808.0,3794.0,3878.0,2199.5,1068.0,358.0,547.5,314.0,814.0,3503.0,4600.5,4582.5,4800.0,2213.0,1034.0,337.0,527.0,300.0,811.0,3530.0,4983.0,4736.0,5066.0,2096.5,963.5,278.0,455.5,263.0,710.5,3644.0,4984.0,5145.5,5190.5,2053.0,897.5,310.0,485.0,264.0,772.0,3778.0,5119.5,5081.5,5382.0,2038.0,997.5,344.5,583.5,295.0,933.5,3856.5,4908.5,5152.0,5106.0,2053.5,1091.0,690.0,1111.5,917.5,2193.5,3446.5,3780.0,3899.0,4147.5,3073.0,2203.0,511.0,850.0,1124.0,1697.0,1938.0,2224.0,2614.0,2724.0,2242.5,1570.0,572.5,811.5,1205.5,1485.0,1611.5,1778.5,2038.5,2097.0,1660.0,1374.5,488.5,631.0,838.5,967.5,1028.5,1092.0,1202.0,1208.0,3195.0,2517.0,865.0,1116.0,1501.0,1711.0,1846.0,1994.0,2208.0,2215.0,2457.0,1612.0,781.0,1002.0,1352.0,1643.0,1714.0,1891.0,2102.0,2114.0,2585.5,1810.5,680.0,933.5,1267.0,1471.0,1591.0,1707.0,1902.0,1916.5,2593.0,1869.0,676.0,930.0,1223.5,1476.5,1562.5,1700.5,1841.0,1917.5,2088.0,1529.0,874.0,972.0,1187.0,1408.0,1522.0,1637.0,1587.0,1757.0,1930.0,1289.5,603.5,756.0,997.5,1195.5,1282.0,1403.0,1584.0,1571.0,702.0,496.0,545.0,567.0,603.0,649.0,713.0,766.0,862.0,858.0,862.0,964.0,10200.0,9960.0,10038.0,10139.0,9827.0,9478.0,9812.0,9095.0,522.5,339.5,2865.5,2881.5,3057.0,3266.5,3158.5,3174.0,3275.0,3131.0,1536.0,1030.0,506.0,667.0,890.0,1085.0,1196.0,1347.0,1435.0,1506.0,668.0,401.0,490.0,615.0,795.0,961.0,1114.0,1245.0,1371.0,1358.0,1045.0,601.0,469.0,666.0,885.0,1093.0,1205.0,1353.0,1446.0,1500.0,3928.0,3173.0,1249.0,1516.0,1901.0,2188.0,2277.0,2471.0,2581.0,2677.0,"{""type"":""MultiPoint"",""coordinates"":[]}"
4028,3,1308.0,849.0,455.0,542.0,709.0,846.0,884.0,956.0,1095.0,1074.0,2566.5,2199.0,759.5,905.5,1132.0,1270.0,1348.0,1447.0,1594.0,1592.5,1458.0,915.5,491.0,547.0,701.0,783.0,821.0,910.5,989.5,1028.5,5110.0,4453.0,5273.0,5101.0,5072.0,5253.0,5043.0,4972.0,5300.0,4950.0,0.0,0.0,0.0,0.0,0.0,0.0,0.0,0.0,0.0,0.0,1973.0,1246.0,815.0,934.0,1023.0,1218.0,1321.0,1436.0,1531.0,1580.0,0.0,0.0,0.0,0.0,0.0,0.0,0.0,0.0,0.0,0.0,2611.0,2049.0,754.0,993.0,1045.0,1363.0,1717.0,1846.0,1952.0,1994.0,2266.0,1446.0,759.0,982.0,930.0,1486.0,2722.0,3380.0,3039.0,3543.0,1339.0,630.0,412.0,641.0,438.0,778.0,2198.0,3207.0,2882.0,2749.0,0.0,0.0,0.0,0.0,0.0,0.0,0.0,0.0,0.0,0.0,1924.0,1535.0,603.0,683.0,851.0,985.0,1014.0,1102.0,1259.0,1187.0,1383.0,627.0,385.0,484.0,290.0,650.0,2504.0,4223.0,4178.0,4497.0,1381.5,645.0,417.5,638.0,353.5,935.5,2989.0,4387.0,4357.5,4731.0,0.0,0.0,0.0,0.0,0.0,0.0,0.0,0.0,0.0,0.0,1801.0,888.0,512.5,926.0,538.5,1527.5,3595.5,4422.0,4326.0,4729.0,1818.5,953.0,493.5,971.5,699.0,1724.5,3247.5,3780.0,3954.5,4065.0,0.0,0.0,0.0,0.0,0.0,0.0,0.0,0.0,0.0,0.0,2597.5,1811.0,706.0,1013.0,1392.0,1778.0,2004.0,2173.0,2365.5,2507.0,2306.0,1542.0,725.0,942.0,1171.0,1540.0,1813.0,1909.0,1972.0,2248.0,2494.5,1699.0,688.0,920.0,1202.5,1602.5,1806.0,2001.5,2198.5,2259.5,2802.0,1913.0,778.0,1036.0,1348.0,1663.0,1994.0,2133.0,2393.0,2480.0,0.0,0.0,0.0,0.0,0.0,0.0,0.0,0.0,0.0,0.0,2741.0,1772.0,828.0,1125.0,1472.0,1759.0,2039.0,2188.0,2498.0,2480.0,0.0,0.0,0.0,0.0,0.0,0.0,0.0,0.0,0.0,0.0,1777.0,1117.0,606.0,887.0,1293.0,1451.0,1673.0,1763.0,2111.0,2038.0,1688.0,1068.5,684.5,887.0,1207.0,1386.5,1504.5,1570.5,1880.5,1844.5,0.0,0.0,0.0,0.0,0.0,0.0,0.0,0.0,0.0,0.0,2015.0,1394.0,773.0,971.0,1311.0,1468.0,1666.0,1669.0,1989.0,1995.0,0.0,0.0,0.0,0.0,0.0,0.0,0.0,0.0,0.0,0.0,950.0,1043.0,10944.0,10490.0,10368.0,10629.0,10205.0,9862.0,10144.0,9445.0,0.0,0.0,0.0,0.0,0.0,0.0,0.0,0.0,0.0,0.0,2062.0,1490.0,497.0,614.0,797.0,960.0,997.0,1127.0,1279.0,1253.0,2134.0,1573.0,616.0,760.0,909.0,1027.0,1127.0,1177.0,1393.0,1366.0,1710.0,1124.0,467.0,573.0,729.0,873.0,951.0,1070.0,1191.0,1179.0,2967.0,2599.0,916.0,1074.0,1280.0,1494.0,1543.0,1711.0,1780.0,1816.0,"{""type"":""MultiPoint"",""coordinates"":[]}"
4042,5,2574.0,1756.0,726.0,941.0,1084.0,1485.0,1996.0,2158.0,2464.0,2409.0,4834.0,4474.5,1327.5,1736.5,2189.5,2564.0,2652.0,2836.0,3030.5,3118.5,2810.0,2141.0,761.0,964.0,1182.0,1421.0,1555.0,1690.0,1857.0,1902.0,3516.0,3234.0,962.0,1226.0,1496.5,1794.0,1963.5,2110.5,2262.5,2319.0,2550.0,2013.0,592.0,794.0,1068.0,1225.0,1304.0,1424.0,1596.0,1642.0,0.0,0.0,0.0,0.0,0.0,0.0,0.0,0.0,0.0,0.0,3378.0,2670.0,3155.0,2832.0,2535.0,2768.0,3221.0,3328.0,3814.0,3335.0,2800.0,1907.0,974.0,1059.0,928.0,1369.0,2040.0,2213.0,2414.0,2434.0,3410.0,2181.5,566.0,895.0,755.0,1385.5,3668.5,4332.0,4391.0,4609.5,2804.0,1425.5,389.5,622.0,362.0,1014.0,3945.5,4968.0,4996.0,5125.0,3274.5,2289.5,1224.5,1759.5,1755.0,2196.5,4742.5,5995.5,5737.5,6161.0,2973.0,2149.0,747.0,1025.0,1172.0,1578.0,2078.0,2276.0,2473.0,2515.0,3033.5,1281.0,392.0,563.0,277.0,856.0,5165.0,7554.0,7424.0,7993.5,2384.5,976.5,430.0,542.5,303.0,754.0,4009.5,5818.0,5945.5,6222.0,2152.0,910.0,235.0,384.0,184.0,651.0,3731.0,5270.0,5228.0,5704.0,2121.0,946.0,336.0,478.0,228.0,776.0,3467.0,4693.0,4609.0,5035.0,2056.5,979.0,261.5,591.0,283.0,1068.0,3229.5,3977.5,3973.0,4344.5,4139.5,3416.0,2760.0,2954.5,2749.0,3545.0,4492.0,4770.0,4788.5,5004.5,2403.0,1622.0,365.0,533.0,688.0,1014.0,1265.0,1402.0,1577.0,1739.0,2195.0,1452.0,406.0,533.0,714.0,939.0,1065.0,1171.0,1258.0,1377.0,3279.0,2454.0,680.0,912.0,1237.0,1502.0,1661.0,1789.0,1973.0,2029.0,2522.0,2199.0,587.0,753.0,978.0,1113.0,1210.0,1302.0,1425.0,1521.0,2876.5,2329.5,1348.5,1536.5,1670.0,2075.0,2398.5,2466.0,2594.0,2694.0,2998.0,2539.0,683.0,901.0,1133.0,1390.0,1538.0,1632.0,1769.0,1795.0,2720.0,2275.0,657.0,850.0,1059.0,1293.0,1395.0,1512.0,1625.0,1682.0,2286.0,1789.0,527.0,737.0,889.0,1124.0,1267.0,1337.0,1564.0,1545.0,2480.0,1899.0,539.0,774.0,930.0,1224.0,1523.0,1667.0,1779.0,1862.0,0.0,0.0,0.0,0.0,0.0,0.0,0.0,0.0,0.0,0.0,2196.0,1427.0,559.0,798.0,724.0,1247.0,1898.0,2094.0,2276.0,2262.0,0.0,0.0,0.0,0.0,0.0,0.0,0.0,0.0,0.0,0.0,176.0,215.0,11538.0,11178.0,10928.0,10990.0,10453.0,9905.0,10222.0,9311.0,149.0,136.0,8166.0,8148.0,8204.0,8322.0,8059.0,7553.0,7776.0,7055.0,2630.5,1789.0,684.0,974.5,1050.5,1539.0,2081.5,2284.5,2524.0,2494.5,2757.0,2168.0,713.0,943.0,1237.0,1434.0,1517.0,1648.0,1846.0,1830.0,2458.0,1822.0,576.0,715.0,996.0,1137.0,1212.0,1338.0,1535.0,1560.0,2952.0,2282.0,715.0,982.0,1245.0,1442.0,1522.0,1676.0,1822.0,1892.0,"{""type"":""MultiPoint"",""coordinates"":[]}"
4063,5,2772.5,2280.0,1505.5,1614.0,1674.0,2122.0,2739.0,2905.0,3230.5,3100.0,3656.0,3126.0,1024.0,1359.0,1995.0,2246.0,2302.0,2433.0,2636.0,2669.0,2509.0,1873.0,665.5,927.5,1356.0,1585.0,1682.0,1797.0,1944.0,1981.0,2648.0,1991.0,781.0,1038.0,1454.0,1712.0,1865.0,2004.0,2194.0,2231.0,4158.0,3790.0,1351.0,1884.0,2438.0,2863.0,3062.0,3236.0,3473.0,3367.0,5086.5,4294.5,2018.5,2513.0,2856.0,3582.5,4257.5,4575.0,4744.5,4892.5,0.0,0.0,0.0,0.0,0.0,0.0,0.0,0.0,0.0,0.0,4021.0,2760.0,806.0,1298.0,1222.0,2015.0,4486.0,5151.0,5255.0,5465.0,2747.0,1489.0,332.0,679.5,450.0,1108.5,4065.0,4931.5,5005.5,5174.0,2242.5,1000.5,296.5,534.0,243.5,799.0,4179.0,5496.5,5589.0,5682.0,2962.0,1319.0,586.5,825.5,449.0,1088.5,5147.0,7148.0,7131.5,7499.0,1952.5,1197.0,415.0,638.5,748.5,1362.5,2300.5,2557.5,2772.0,2754.5,2711.0,1142.0,396.0,601.0,289.0,903.0,4624.0,6399.0,6343.0,6891.0,2614.0,1148.0,476.0,618.0,358.0,857.0,4283.0,6047.0,6106.0,6293.0,3055.5,2018.0,1634.5,1735.0,1602.0,2098.5,4194.0,5200.5,5039.5,5386.5,2389.0,1028.0,347.0,567.0,297.0,880.0,3822.0,4876.0,4729.0,5145.0,2076.0,964.0,364.0,724.0,388.0,1144.0,3546.0,4499.0,4641.0,4822.0,2243.5,1219.0,566.0,932.0,754.0,1601.5,2878.0,3237.0,3382.5,3671.5,3437.5,2789.0,724.0,1017.5,1394.0,1736.0,1965.0,2137.5,2320.0,2438.0,3113.5,2531.0,1935.0,1933.5,2003.5,2347.5,2610.0,2770.5,2746.0,2954.5,3889.0,3372.0,916.5,1270.0,1655.0,2067.5,2264.5,2439.5,2613.5,2675.0,4134.0,3534.0,969.0,1365.0,1736.0,2190.0,2480.0,2722.0,2801.0,2918.0,2706.0,1883.5,827.0,1060.5,1240.5,1821.5,2746.0,3012.5,3344.5,3237.5,3639.0,3630.0,715.0,1029.0,1592.0,1810.0,1956.0,2085.0,2339.0,2340.0,2340.0,1637.0,521.0,729.0,1175.0,1354.0,1442.0,1593.0,1790.0,1762.0,2504.5,1875.0,522.0,824.5,1251.5,1500.5,1613.5,1737.5,1964.5,1936.5,2147.0,1562.0,623.0,859.0,1221.0,1526.0,1639.0,1811.0,2006.0,1957.0,2743.0,1870.0,2923.0,2705.0,2680.0,3072.0,2993.0,2989.0,3072.0,2947.0,2526.0,1901.0,723.5,1024.0,1406.5,1664.0,1779.5,1920.5,2153.0,2082.0,0.0,0.0,0.0,0.0,0.0,0.0,0.0,0.0,0.0,0.0,913.0,997.0,9628.0,9540.0,9604.0,9716.0,9529.0,9166.0,9584.0,8863.0,1319.5,830.5,1957.5,2260.5,2295.5,2701.5,3437.0,3377.5,3704.5,3610.5,2332.0,1500.0,493.0,711.0,786.0,1462.0,2561.0,2935.0,3144.0,3131.0,1956.0,1141.0,456.0,704.0,652.0,1353.0,2613.0,2873.0,3246.0,3221.0,2095.0,1216.0,463.0,799.0,715.0,1663.0,2659.0,2972.0,3247.0,3237.0,4317.0,3720.0,3498.0,3436.0,3337.0,3630.0,3709.0,3732.0,4214.0,3799.0,"{""type"":""MultiPoint"",""coordinates"":[]}"
4072,3,2393.0,1722.0,799.0,1051.0,1348.0,1643.0,1685.0,1798.0,1999.0,1992.0,5079.0,4875.0,1844.0,2336.0,2913.0,3205.0,3312.0,3436.0,3712.0,3692.0,2032.0,1460.5,878.5,1043.5,1179.0,1363.0,1439.0,1543.0,1731.5,1658.5,2774.0,1970.0,1873.0,2132.0,2162.0,2521.0,2508.0,2629.0,2748.0,2778.0,3024.0,2302.0,921.0,1291.0,1465.0,1933.0,2101.0,2204.0,2350.0,2442.0,4174.0,3667.0,2128.0,2445.0,2658.0,3014.0,3207.0,3428.0,3651.0,3540.0,1581.5,1445.5,1471.5,1660.0,1549.0,2093.0,2397.5,2546.0,2174.0,2517.0,1763.0,916.0,267.0,544.0,237.0,829.0,2858.0,3751.0,3705.0,3711.0,1721.0,834.0,210.0,407.0,144.0,690.0,2990.0,4380.0,4118.0,4310.0,1656.0,770.5,332.0,475.5,237.5,711.5,3085.5,4580.0,4505.5,4746.5,2896.0,2284.5,1956.0,1994.0,1909.0,2391.5,3623.5,4400.5,4166.0,4542.5,2749.0,2224.0,933.0,1203.0,1522.0,1729.0,1827.0,1915.0,2160.0,2141.0,1266.0,584.0,370.0,581.0,292.0,821.5,2839.5,4246.0,4337.0,4528.0,1368.5,655.5,472.0,746.5,432.0,1085.0,3137.0,4347.0,4404.5,4632.0,1402.0,653.0,480.0,687.0,402.0,1158.0,3212.0,4108.0,4184.0,4441.0,1794.0,931.0,570.0,890.0,619.0,1485.0,3281.0,3981.0,3938.0,4466.0,3395.0,2289.0,767.0,1183.0,1507.0,2264.0,2797.0,3069.0,3209.0,3546.0,3095.0,2028.0,659.0,971.0,1286.0,1732.0,2090.0,2249.0,2424.0,2617.0,4035.5,3094.0,1189.0,1616.5,2151.0,2606.5,2871.0,3109.5,3349.0,3388.0,4010.0,3421.0,1266.0,1627.0,2085.0,2450.0,2564.0,2660.0,2757.0,2944.0,4812.0,4262.0,1714.0,2123.0,2636.0,2997.0,3087.0,3288.0,3376.0,3533.0,4730.0,4154.0,1622.0,2025.0,2507.0,2868.0,2974.0,3204.0,3422.0,3434.0,2922.0,2358.0,903.0,1244.0,1527.0,1824.0,1905.0,2020.0,2215.0,2194.0,3239.5,2898.0,943.0,1238.5,1589.0,1820.0,1968.5,2077.5,2278.0,2286.5,4963.0,4676.0,5661.0,5074.0,4856.0,5007.0,4888.0,4823.0,5114.0,4896.0,2446.0,1983.0,629.0,897.0,1249.0,1405.0,1497.0,1600.0,1834.0,1811.0,2625.0,2148.0,729.0,1008.0,1354.0,1555.0,1648.0,1744.0,1959.0,1982.0,0.0,0.0,0.0,0.0,0.0,0.0,0.0,0.0,0.0,0.0,2508.0,1876.0,793.0,1032.0,1360.0,1566.0,1675.0,1812.0,2009.0,1986.0,0.0,0.0,0.0,0.0,0.0,0.0,0.0,0.0,0.0,0.0,840.0,928.0,10914.0,10660.0,10522.0,10574.0,10252.0,9784.0,10238.0,9493.0,992.5,691.0,3711.0,3883.0,4019.5,4256.0,4115.5,4104.5,4275.0,4031.5,2698.0,1915.0,782.0,1149.0,1388.0,1709.0,1861.0,1967.0,2180.0,2207.0,3046.0,2364.5,883.0,1251.5,1411.0,1812.0,1999.0,2146.0,2338.0,2332.0,2995.0,2258.0,1037.0,1391.0,1708.0,2004.0,2169.0,2255.0,2479.0,2467.0,3427.0,2683.0,1396.0,1741.0,2038.0,2370.0,2477.0,2583.0,2848.0,2793.0,"{""type"":""MultiPoint"",""coordinates"":[]}"
4077,1,1770.0,1201.0,320.0,409.0,540.0,622.0,680.0,766.0,857.0,916.0,3381.5,3122.0,848.0,993.0,1262.5,1419.5,1515.5,1683.0,1765.0,1933.5,3728.0,3569.0,812.0,1020.0,1321.0,1496.0,1598.0,1759.0,1950.0,2000.0,2943.0,2302.0,1158.0,1233.0,1273.0,1493.0,1757.0,1892.0,2024.0,2046.0,2466.0,1598.0,479.0,685.0,675.0,984.0,1546.0,1696.0,1805.0,1878.0,0.0,0.0,0.0,0.0,0.0,0.0,0.0,0.0,0.0,0.0,1745.0,944.0,656.0,788.0,582.0,930.0,2296.0,3056.0,3020.0,3155.0,1867.5,1181.5,439.5,650.5,522.0,864.0,2126.0,2823.0,2807.5,2945.0,2206.0,1339.0,411.0,645.5,522.0,975.5,2538.5,3207.5,3172.5,3392.0,2291.5,1176.0,1299.5,1468.0,1185.5,1562.0,2902.0,3680.5,3609.0,3842.5,1487.0,716.0,687.5,796.5,501.5,829.0,2380.5,2978.0,2869.0,3115.0,2370.0,2002.0,393.0,532.0,722.0,813.0,869.0,961.0,1097.0,1122.0,2245.0,1139.0,513.0,842.5,539.0,1078.5,2651.0,3226.0,3191.0,3508.5,2730.5,1736.5,600.0,917.5,872.5,1447.0,2148.0,2489.5,2534.0,2857.5,3663.0,2606.0,818.0,1051.0,1373.0,1748.0,2060.0,2364.0,2394.0,2754.0,2828.0,1972.0,576.0,701.0,963.0,1197.0,1222.0,1392.0,1489.0,1594.0,3079.0,2428.0,464.0,606.0,820.0,1023.0,1155.0,1264.0,1334.0,1542.0,3796.5,3199.0,2159.5,2176.0,2291.5,2638.0,2887.5,3066.0,3096.5,3224.0,3214.0,2796.5,679.5,850.0,1149.5,1328.0,1373.5,1521.0,1584.0,1732.0,2560.0,2300.0,561.0,678.0,896.0,1017.0,1084.0,1194.0,1260.0,1372.0,2564.0,2300.0,561.0,678.0,896.0,1017.0,1084.0,1194.0,1285.0,1372.0,2564.0,2318.0,533.0,656.0,823.0,943.0,1069.0,1165.0,1285.0,1320.0,1888.0,1357.0,346.0,440.0,615.0,691.0,744.0,818.0,972.0,985.0,2630.0,2354.0,539.0,666.0,904.0,991.0,1061.0,1213.0,1363.0,1374.0,2630.0,2321.0,542.0,666.0,904.0,991.0,1061.0,1213.0,1363.0,1374.0,2969.0,2624.5,617.0,793.0,1053.5,1199.0,1263.5,1406.5,1541.5,1614.5,2879.0,2561.0,488.0,656.5,903.5,1001.5,1077.0,1167.5,1326.5,1384.5,1454.5,1207.5,333.0,361.0,463.5,502.0,531.5,593.5,675.0,692.5,2108.5,1601.5,1454.5,1387.5,1331.0,1398.0,1384.0,1376.0,1827.0,1397.0,2922.0,2541.0,539.0,693.5,913.5,1025.0,1107.5,1211.5,1394.5,1408.0,561.0,666.0,9583.0,9642.0,9754.0,9975.0,9584.0,9167.0,9328.0,8681.0,1595.0,1022.0,475.0,580.0,753.0,843.0,934.0,1007.0,1150.0,1194.0,2823.5,2309.0,637.5,792.0,1017.5,1141.0,1207.5,1313.5,1500.0,1534.0,0.0,0.0,0.0,0.0,0.0,0.0,0.0,0.0,0.0,0.0,3242.0,2891.0,694.0,837.0,1080.0,1208.0,1320.0,1430.0,1641.0,1637.0,3242.0,3016.0,694.0,837.0,1080.0,1208.0,1329.0,1473.0,1641.0,1637.0,"{""type"":""MultiPoint"",""coordinates"":[]}"
4099,5,2613.5,1820.5,832.0,1060.0,1313.0,1665.0,1913.5,2053.0,2375.5,2306.0,4541.5,4285.0,1369.0,1821.0,2342.5,2645.5,2757.5,2898.5,3080.0,3159.5,2460.0,1722.0,717.5,966.0,1299.5,1518.5,1615.5,1759.0,1878.5,1953.5,4213.0,3717.0,1457.5,1910.5,2419.5,2711.5,2848.0,2993.0,3184.5,3192.0,4102.5,3923.5,1163.0,1557.0,2045.0,2280.5,2392.0,2549.0,2753.5,2774.0,5843.5,5089.0,6037.5,5932.0,5745.0,5978.5,5729.5,5523.5,6685.0,5413.5,0.0,0.0,0.0,0.0,0.0,0.0,0.0,0.0,0.0,0.0,4405.5,3488.5,1093.0,1579.5,1620.5,2272.0,3327.5,3673.0,3843.0,4048.0,3614.5,2327.5,728.5,1158.5,991.0,1731.0,3745.5,4564.0,4495.0,4884.0,2490.0,1145.0,333.0,615.5,335.0,943.0,3726.0,4535.0,4691.5,4773.5,2474.0,1066.5,525.5,681.5,381.0,897.5,4559.5,6330.5,6203.0,6609.5,3187.5,2361.0,871.0,1103.5,1412.5,1740.5,2004.0,2235.0,2501.0,2390.5,2824.0,1275.0,380.0,561.0,317.0,891.0,4661.0,6195.5,6133.5,6619.5,2725.5,1359.0,930.0,1105.5,866.0,1398.0,4567.0,6217.5,6340.0,6417.0,2471.5,1331.5,1473.5,1559.5,1315.0,1616.5,3885.5,5465.0,5364.0,5804.5,2375.5,1140.0,446.5,621.5,362.5,922.5,3755.0,4824.0,4809.5,5030.0,2129.5,967.0,224.0,512.5,266.0,829.0,3440.0,4553.0,4626.5,4785.0,1774.0,823.5,257.5,562.0,300.5,1002.5,3221.5,3868.0,4010.0,4191.0,2265.5,1408.0,415.5,728.5,704.0,1392.5,1973.0,2205.0,2442.5,2553.5,2761.5,2009.5,553.5,680.0,854.0,1117.0,1289.0,1421.5,1485.5,1653.5,2865.0,2185.0,560.0,684.0,891.0,1128.0,1261.0,1405.0,1500.0,1636.5,3963.0,3034.0,1007.0,1233.5,1648.5,1918.5,2054.0,2207.5,2361.5,2461.5,3247.0,2431.0,1491.5,1640.5,1827.0,2121.5,2391.0,2584.5,2872.0,2744.0,2527.0,2059.5,631.5,858.0,1131.5,1294.0,1401.0,1505.5,1638.0,1667.5,3673.0,3177.5,1219.0,1586.5,1920.0,2247.0,2409.0,2491.0,2728.5,2710.0,2395.0,1602.5,506.5,890.0,882.5,1413.0,2056.0,2228.5,2406.0,2361.0,2341.0,1439.0,486.5,908.0,749.5,1405.0,2554.5,2744.0,2915.5,2916.5,0.0,0.0,0.0,0.0,0.0,0.0,0.0,0.0,0.0,0.0,3430.5,2655.0,2421.5,2641.5,2439.0,3024.5,4404.0,4675.0,4676.0,4700.5,0.0,0.0,0.0,0.0,0.0,0.0,0.0,0.0,0.0,0.0,1047.5,1066.0,9669.0,9344.0,9354.0,9105.0,8945.0,8624.0,9201.0,8100.0,1651.0,1105.0,934.5,1156.0,1387.0,1694.0,1945.0,2048.5,2261.0,2192.0,2445.5,1780.0,856.5,1060.5,1330.0,1622.0,1888.5,1982.5,2199.5,2187.5,3323.5,2686.0,1498.5,1739.5,1948.0,2362.0,2737.0,2893.0,3102.5,3078.5,2583.0,1750.5,751.5,1106.5,1350.0,1846.0,2299.5,2472.5,2666.0,2719.5,2613.0,1795.0,829.0,1164.0,1417.0,1977.5,2386.5,2562.5,2727.5,2776.0,"{""type"":""MultiPoint"",""coordinates"":[]}"
4111,5,2028.0,1480.5,455.0,548.0,754.0,905.0,1008.0,1110.0,1290.5,1316.5,3376.0,2864.0,875.0,1114.0,1468.0,1659.5,1762.5,1887.5,2048.5,2101.0,2399.0,1687.5,611.0,725.0,978.5,1135.5,1228.5,1339.0,1483.0,1545.5,3051.5,2486.0,1628.5,1778.5,1951.5,2210.5,2470.0,2631.0,2622.5,2826.5,0.0,0.0,0.0,0.0,0.0,0.0,0.0,0.0,0.0,0.0,3634.0,3013.5,949.5,1178.0,1495.0,1735.0,1919.0,2092.0,2243.0,2331.5,0.0,0.0,0.0,0.0,0.0,0.0,0.0,0.0,0.0,0.0,3348.5,2588.5,748.0,1066.5,1138.5,1598.5,2403.5,2669.5,2767.0,2827.5,3013.0,1940.5,561.0,862.0,844.5,1354.0,2868.0,3330.0,3242.5,3466.0,2440.5,1498.5,460.0,672.0,551.0,1000.0,2692.5,3275.0,3275.5,3392.0,2400.0,1146.0,721.5,835.0,548.0,1017.0,3759.0,4778.5,4664.0,4858.5,2409.0,1984.5,527.0,673.0,894.5,1074.5,1199.5,1323.0,1428.0,1464.5,0.0,0.0,0.0,0.0,0.0,0.0,0.0,0.0,0.0,0.0,2180.0,957.5,385.5,514.5,276.0,693.5,3891.0,5651.0,5757.0,5898.0,2669.5,1928.5,1390.0,1566.5,1348.5,1807.0,3475.0,4432.5,4261.5,4589.5,2454.5,1494.0,1031.0,1042.5,758.0,1256.0,3638.5,4732.0,4608.5,4963.5,2193.0,941.0,312.5,513.0,280.5,844.0,3647.5,4700.0,4905.0,5050.5,0.0,0.0,0.0,0.0,0.0,0.0,0.0,0.0,0.0,0.0,2803.0,1943.5,497.5,728.5,931.5,1337.5,1654.0,1879.0,2045.0,2238.0,3317.0,2445.5,796.5,884.0,1074.0,1270.5,1373.5,1502.0,1560.0,1791.0,2875.0,2183.5,487.0,617.0,875.5,1032.5,1146.0,1281.5,1410.0,1507.0,3986.5,2888.5,1026.0,1268.0,1752.0,2039.5,2169.5,2351.5,2522.5,2680.0,0.0,0.0,0.0,0.0,0.0,0.0,0.0,0.0,0.0,0.0,3387.5,2528.5,963.5,1133.5,1445.0,1678.5,1788.5,1947.5,2065.5,2175.5,0.0,0.0,0.0,0.0,0.0,0.0,0.0,0.0,0.0,0.0,2760.5,1806.0,703.0,917.5,1184.0,1457.5,1657.5,1784.0,1972.5,2026.0,3242.5,2263.0,868.0,1075.5,1338.0,1613.0,1857.5,2006.0,2115.5,2253.5,0.0,0.0,0.0,0.0,0.0,0.0,0.0,0.0,0.0,0.0,2967.5,2167.0,766.0,968.0,1084.5,1387.0,1901.5,2055.0,2211.0,2183.0,0.0,0.0,0.0,0.0,0.0,0.0,0.0,0.0,0.0,0.0,920.5,1002.0,10693.5,10395.0,10358.5,10448.0,10182.0,9783.5,10168.0,9438.0,0.0,0.0,0.0,0.0,0.0,0.0,0.0,0.0,0.0,0.0,2705.5,2160.0,605.0,756.0,980.5,1146.5,1321.0,1495.0,1635.0,1652.0,2737.5,2076.5,661.5,848.5,1087.5,1303.5,1481.5,1631.0,1787.5,1804.5,2288.0,1609.5,512.0,661.0,904.0,1082.5,1160.0,1296.5,1490.0,1511.5,3747.0,3174.0,1080.0,1283.5,1655.0,1946.5,2192.5,2422.0,2258.0,2689.5,"{""type"":""MultiPoint"",""coordinates"":[]}"
4125,5,2476.5,1669.0,778.0,1153.5,1550.5,1895.5,2109.0,2232.5,2488.0,2496.0,5048.0,4449.0,2003.5,2559.0,3110.5,3521.0,3633.0,3756.0,3965.0,3984.5,2704.5,1958.5,974.5,1285.5,1644.0,1936.0,2044.5,2171.0,2344.0,2399.5,4317.0,3742.5,1546.0,2063.5,2512.0,2975.5,3183.5,3360.5,3459.0,3570.5,5185.0,4576.0,2000.5,2657.0,3169.0,3731.0,4002.0,4193.0,4312.0,4411.5,5256.0,4195.0,2069.0,2660.0,2970.0,3602.0,4234.0,4552.0,4513.0,4666.0,3226.0,2381.5,1977.0,2199.0,2148.0,2576.0,3261.0,3377.0,3637.0,3509.5,2649.0,1718.0,942.5,1239.5,1189.5,1747.0,2852.0,3304.5,3230.0,3440.5,3721.0,2519.0,763.5,1177.0,1117.5,1739.0,4162.5,5196.0,5142.5,5534.5,2756.0,1404.0,444.0,720.0,533.0,1084.0,4218.0,5597.0,5378.0,5960.0,2735.0,1271.0,374.0,572.0,293.0,886.0,4603.0,6459.0,6360.0,6747.0,3064.0,2298.0,971.0,1339.0,1761.0,2115.0,2267.0,2395.0,2610.0,2609.0,2403.5,1003.5,357.0,544.0,287.5,807.0,4498.5,6519.0,6332.5,6878.5,2082.0,899.0,302.0,440.0,214.0,645.0,3807.0,5666.0,5673.5,5863.0,2135.0,936.0,339.0,516.0,282.0,747.0,3714.0,5299.0,5135.0,5636.0,2141.5,1017.5,620.0,822.5,576.0,962.5,3401.5,4523.0,4387.5,4879.0,2257.0,1249.0,432.0,759.0,550.0,1242.0,2921.0,3554.0,3549.0,3892.0,2955.5,1817.5,530.5,806.5,1073.5,1561.5,1962.0,2274.0,2469.5,2799.5,3548.0,2704.5,724.5,932.0,1346.5,1598.5,1716.0,1908.5,2095.0,2252.5,3886.0,3080.0,859.0,1103.0,1437.0,1731.0,1852.0,1999.0,2049.0,2253.0,2760.0,1862.0,695.0,881.0,1138.0,1452.0,1664.0,1815.0,2031.0,2082.0,3866.0,2818.0,870.0,1218.0,1373.0,1894.0,2182.0,2355.0,2508.0,2601.0,3017.0,2201.0,1007.0,1404.0,1793.0,2113.0,2327.0,2461.0,2699.0,2654.0,3276.5,2301.5,748.0,1052.0,1157.5,1619.0,2105.0,2277.5,2505.0,2507.5,0.0,0.0,0.0,0.0,0.0,0.0,0.0,0.0,0.0,0.0,2614.0,1629.0,499.5,837.5,868.0,1409.5,2183.5,2381.0,2635.5,2622.5,2953.0,1918.0,533.0,902.0,907.0,1513.0,2494.0,2796.0,2949.0,2950.0,0.0,0.0,0.0,0.0,0.0,0.0,0.0,0.0,0.0,0.0,2412.0,1450.0,458.0,818.0,616.0,1371.0,2937.0,3268.0,3513.0,3428.0,0.0,0.0,0.0,0.0,0.0,0.0,0.0,0.0,0.0,0.0,568.0,627.0,10762.0,10432.0,10332.0,10420.0,9987.0,9572.0,9930.0,9100.0,511.0,350.0,4843.0,4948.0,5040.0,5381.0,5209.0,5137.0,5303.0,4949.0,2450.5,1635.0,862.0,1251.0,1587.0,1950.5,2147.0,2306.5,2522.5,2506.0,3301.5,2403.0,1048.0,1474.5,1719.5,2198.5,2485.0,2665.0,2867.0,2878.5,2726.0,1882.0,910.0,1346.0,1625.0,2101.0,2228.0,2381.0,2596.0,2597.0,2585.0,1864.0,860.0,1172.0,1602.0,1837.0,1902.0,2035.0,2188.0,2231.0,"{""type"":""MultiPoint"",""coordinates"":[]}"
4136,1,1633.5,1209.5,311.0,492.5,584.0,819.0,1215.0,1318.5,1465.0,1407.5,3299.5,2933.0,965.0,1234.5,1598.0,1817.5,1958.5,2071.0,2251.5,2271.5,2042.0,1499.0,546.5,691.0,927.5,1077.0,1165.5,1270.5,1387.0,1415.0,4179.5,3517.5,3138.5,3128.5,3271.5,3511.0,3580.0,3640.0,3803.0,3732.0,0.0,0.0,0.0,0.0,0.0,0.0,0.0,0.0,0.0,0.0,2651.5,1980.5,712.5,994.0,1018.5,1349.0,2392.5,2794.0,2966.0,2931.5,0.0,0.0,0.0,0.0,0.0,0.0,0.0,0.0,0.0,0.0,1786.0,823.0,283.0,444.0,258.5,548.5,2918.5,4459.5,4561.0,4480.0,1904.0,874.0,436.0,583.0,386.0,729.5,3115.0,4884.0,4824.0,5145.0,1690.0,683.5,518.0,606.0,385.5,703.5,2888.0,4495.5,4456.0,4685.5,0.0,0.0,0.0,0.0,0.0,0.0,0.0,0.0,0.0,0.0,2219.0,1862.0,533.5,713.0,925.0,1190.5,1564.0,1703.5,1872.0,1828.0,1688.0,680.0,371.5,480.5,303.0,595.5,2636.0,4282.0,4186.5,4473.5,1597.5,694.5,440.5,563.0,371.0,685.0,2679.5,4037.5,4101.0,4212.0,0.0,0.0,0.0,0.0,0.0,0.0,0.0,0.0,0.0,0.0,1827.0,1108.0,502.0,655.5,565.5,919.0,1756.0,2098.5,2104.0,2300.0,1974.5,1471.0,363.5,504.5,678.5,882.5,1073.0,1235.0,1333.0,1418.5,0.0,0.0,0.0,0.0,0.0,0.0,0.0,0.0,0.0,0.0,3799.0,3088.0,947.0,1270.5,1813.5,2105.0,2240.5,2420.5,2645.5,2740.5,5111.0,4517.5,4361.0,4337.0,4509.5,5040.0,4859.0,4842.5,4728.0,4929.0,3100.5,2507.0,682.5,947.0,1236.5,1490.0,1798.0,1952.0,2139.5,2183.5,2590.5,1862.0,563.0,857.5,932.5,1323.0,1962.0,2148.0,2257.5,2304.5,0.0,0.0,0.0,0.0,0.0,0.0,0.0,0.0,0.0,0.0,2865.0,2046.5,655.5,933.0,1148.5,1611.5,2034.5,2244.0,2496.0,2546.0,0.0,0.0,0.0,0.0,0.0,0.0,0.0,0.0,0.0,0.0,2250.5,1485.0,475.5,760.0,1129.0,1448.0,1735.5,1889.0,2082.0,2077.0,2750.5,1950.5,601.0,898.0,1223.0,1578.0,1926.5,2095.5,2326.0,2358.5,0.0,0.0,0.0,0.0,0.0,0.0,0.0,0.0,0.0,0.0,2665.0,2041.0,605.0,814.0,986.5,1305.0,1824.5,1977.5,2240.5,2155.0,0.0,0.0,0.0,0.0,0.0,0.0,0.0,0.0,0.0,0.0,929.5,1041.5,10552.5,10244.0,10207.5,10366.5,10046.5,9713.0,10082.5,9350.5,0.0,0.0,0.0,0.0,0.0,0.0,0.0,0.0,0.0,0.0,2173.5,1680.5,504.0,686.0,897.0,1198.5,1697.0,1862.0,2036.5,1986.5,2518.5,1960.0,655.5,930.5,1111.0,1531.0,1923.5,2050.0,2248.0,2218.0,1974.5,1448.0,412.0,663.5,816.0,1180.0,1474.0,1611.5,1762.5,1743.5,3091.0,2731.5,893.0,1152.0,1455.0,1765.5,1929.0,2066.5,2186.0,2254.0,"{""type"":""MultiPoint"",""coordinates"":[]}"
4146,5,221.5,123.5,813.0,1017.5,1246.0,1464.0,1297.0,1367.5,1422.5,1317.0,3355.0,2721.5,1046.5,1284.5,1585.0,1817.5,1922.5,2064.0,2264.0,2268.0,990.5,561.0,599.5,726.5,980.0,1157.5,1206.0,1345.5,1461.5,1505.5,815.0,461.5,688.0,817.5,1082.5,1261.0,1311.5,1401.5,1556.5,1572.5,0.0,0.0,0.0,0.0,0.0,0.0,0.0,0.0,0.0,0.0,3600.0,2997.5,1376.5,1630.5,2006.0,2289.0,2476.0,2654.5,2792.0,2868.0,0.0,0.0,0.0,0.0,0.0,0.0,0.0,0.0,0.0,0.0,3721.5,3072.5,1202.0,1476.0,1742.5,2078.0,2344.5,2536.5,2647.5,2770.5,4778.5,3529.0,2881.0,3281.0,3388.0,3963.0,4584.0,4837.5,4452.5,5055.0,3285.0,2482.0,917.5,1198.0,1325.5,1745.0,2464.5,2747.5,2820.5,2958.0,0.0,0.0,0.0,0.0,0.0,0.0,0.0,0.0,0.0,0.0,335.5,259.0,472.0,600.5,819.0,996.0,972.5,1049.5,1144.5,1133.0,2811.0,1668.0,508.0,770.5,476.0,1174.0,3952.5,4984.0,4791.0,5106.5,2513.0,1212.5,489.5,633.0,403.5,891.5,3801.0,5107.0,5071.5,5304.5,0.0,0.0,0.0,0.0,0.0,0.0,0.0,0.0,0.0,0.0,2111.0,946.5,359.5,543.5,311.5,839.5,3551.0,4737.5,4507.0,4994.0,1877.5,852.5,296.0,544.0,290.5,909.5,3372.0,4264.5,4362.0,4560.5,0.0,0.0,0.0,0.0,0.0,0.0,0.0,0.0,0.0,0.0,2540.0,1495.5,564.5,973.0,942.0,1794.0,2825.5,3183.0,3345.5,3517.5,1965.0,1218.0,582.5,686.0,830.0,1120.5,1305.5,1497.0,1544.5,1754.5,3216.5,2423.0,603.5,795.0,1145.5,1387.5,1543.5,1690.5,1898.0,2000.0,3665.0,2916.5,830.5,1041.0,1443.0,1704.5,1849.0,1998.0,2161.5,2278.0,0.0,0.0,0.0,0.0,0.0,0.0,0.0,0.0,0.0,0.0,2230.5,1741.5,571.0,716.5,950.5,1101.5,1153.0,1246.0,1350.0,1418.0,0.0,0.0,0.0,0.0,0.0,0.0,0.0,0.0,0.0,0.0,1153.0,676.0,277.5,399.5,570.5,674.0,735.0,800.5,886.5,931.0,1599.5,1103.5,476.0,559.0,735.0,891.5,969.0,1071.0,1078.0,1195.5,0.0,0.0,0.0,0.0,0.0,0.0,0.0,0.0,0.0,0.0,1342.5,836.0,427.5,504.5,658.5,783.0,838.5,931.0,1019.0,1048.5,0.0,0.0,0.0,0.0,0.0,0.0,0.0,0.0,0.0,0.0,948.5,1018.0,10745.5,10394.5,10327.0,10448.0,10078.0,9674.5,10123.0,9335.5,3304.5,2792.0,3398.5,3251.5,3345.0,3524.0,3409.0,3433.5,3468.0,3451.5,1405.0,897.0,494.0,631.0,846.0,976.5,1034.5,1130.5,1278.5,1301.5,2925.0,2200.5,1030.5,1278.5,1587.0,1818.0,1880.5,1998.0,2230.5,2190.0,1671.0,1034.5,654.5,862.0,1133.5,1339.0,1403.5,1531.5,1717.5,1735.5,3828.0,3071.0,1413.5,1613.0,1915.5,2168.5,2225.0,2363.0,2584.0,2590.0,"{""type"":""MultiPoint"",""coordinates"":[]}"
4147,5,116.0,95.0,449.0,587.0,739.0,1002.0,965.0,1051.0,1156.0,1031.0,4440.0,3733.5,1400.5,1831.5,2352.0,2744.0,2886.5,3092.0,3380.0,3444.0,1749.0,1134.0,739.0,944.0,1283.0,1591.0,1705.0,1877.0,2081.0,2132.0,3387.5,2656.0,901.5,1176.5,1559.5,1915.5,2030.0,2280.0,2503.0,2605.5,1874.0,1178.0,783.0,1011.0,1381.0,1598.0,1739.0,1905.0,2095.0,2147.0,6386.0,6394.0,2042.0,2490.0,3239.0,3694.0,3787.0,4087.0,4221.0,4439.0,4515.0,4171.0,4070.0,3947.0,3870.0,4429.0,4665.0,4710.0,4671.0,4703.0,6521.0,6161.0,2377.0,3016.0,3722.0,4359.0,4589.0,4882.0,5028.0,5199.0,5960.0,5466.0,1959.0,2532.0,3033.0,3694.0,4320.0,4717.0,4705.0,5099.0,5174.0,4365.0,1515.0,2092.0,2279.0,2987.0,4515.0,4975.0,5062.0,5371.0,3451.0,2279.0,1106.0,1493.0,1270.0,2139.0,4127.0,5029.0,5039.0,5257.0,701.0,479.0,573.0,742.0,1055.0,1264.0,1352.0,1478.0,1777.0,1782.0,2605.0,1270.0,404.5,641.5,413.0,981.5,4000.0,5312.5,5259.0,5730.0,1816.0,872.0,521.0,649.0,402.0,813.5,3072.0,4245.5,4267.0,4516.5,2095.0,941.5,300.5,488.5,292.0,755.0,3438.0,4818.5,4762.0,5269.0,2189.5,989.5,386.0,569.5,345.5,821.5,3590.0,4682.0,4361.5,4972.5,2076.5,1055.0,287.0,533.0,341.0,877.5,3083.0,3978.5,4008.5,4443.5,2207.5,1212.5,395.0,811.0,737.0,1536.0,2713.0,3184.0,3235.5,3548.5,3177.5,2526.0,515.5,716.0,977.5,1285.5,1452.0,1614.0,1827.5,1940.0,3372.0,2675.0,566.0,727.0,973.0,1217.0,1332.0,1450.0,1554.0,1693.0,3545.0,2968.0,660.0,821.0,1079.0,1286.0,1396.0,1567.0,1718.0,1807.0,4114.0,3074.0,963.0,1207.0,1643.0,1916.0,2046.0,2231.0,2360.0,2548.0,1538.0,1302.0,1013.0,1083.0,1186.0,1332.0,1404.0,1487.0,1575.0,1548.0,3665.5,3022.5,1205.0,1550.5,2041.5,2344.5,2431.5,2555.0,2944.5,2721.0,2330.5,1848.5,760.0,915.5,1225.5,1394.5,1461.5,1619.5,1745.0,1802.5,3310.5,2603.0,886.5,1192.5,1653.5,1902.5,2054.5,2221.0,2541.5,2543.0,2805.0,2015.0,998.0,1009.0,1412.0,1686.0,1843.0,2006.0,2224.0,2303.0,0.0,0.0,0.0,0.0,0.0,0.0,0.0,0.0,0.0,0.0,2882.0,2135.0,859.0,1104.0,1467.0,1700.0,1851.0,2030.0,2271.0,2280.0,0.0,0.0,0.0,0.0,0.0,0.0,0.0,0.0,0.0,0.0,307.0,356.0,12976.0,12106.0,11534.0,11509.0,10898.0,10236.0,10528.0,9658.0,121.0,123.0,5908.0,5946.0,5928.0,6367.0,5990.0,5663.0,5720.0,5304.0,1471.0,883.5,475.5,671.5,875.0,1163.5,1253.5,1432.0,1683.5,1652.0,3400.0,2589.0,812.0,1132.0,1424.0,1797.0,1950.0,2109.0,2424.0,2374.0,2058.0,1333.0,641.0,845.0,1168.0,1353.0,1445.0,1579.0,1758.0,1817.0,2171.0,1405.0,738.0,997.0,1357.0,1656.0,1776.0,1951.0,2150.0,2225.0,"{""type"":""MultiPoint"",""coordinates"":[]}"
4154,3,1164.5,648.5,487.0,649.0,822.0,974.0,1043.0,1120.0,1255.0,1268.0,2347.0,1930.5,747.0,934.0,1148.5,1298.5,1357.0,1449.0,1546.0,1567.5,1529.0,901.5,597.5,740.5,911.0,1061.5,1104.0,1187.5,1294.0,1301.5,3377.0,2735.0,2965.5,2883.0,2916.0,3100.5,3105.0,3137.0,3282.5,3151.0,0.0,0.0,0.0,0.0,0.0,0.0,0.0,0.0,0.0,0.0,2901.0,2299.0,1227.5,1395.0,1586.5,1822.0,1890.0,1982.0,2049.0,2161.5,0.0,0.0,0.0,0.0,0.0,0.0,0.0,0.0,0.0,0.0,2447.0,1978.5,835.0,1022.5,1143.5,1372.5,1491.5,1616.5,1707.5,1754.5,1061.5,645.0,475.5,738.5,565.0,1036.5,1832.5,2124.0,1989.5,2041.0,1092.0,556.5,378.5,543.0,326.0,754.0,2083.0,2721.0,2543.0,2556.5,0.0,0.0,0.0,0.0,0.0,0.0,0.0,0.0,0.0,0.0,1584.0,1101.0,470.0,588.5,753.0,876.5,914.5,1002.5,1120.5,1142.0,1194.0,538.5,275.0,347.0,194.0,481.0,2153.5,3982.5,3743.0,4182.0,1134.0,506.0,390.0,435.0,256.0,532.0,2232.0,3936.5,3961.0,4060.0,0.0,0.0,0.0,0.0,0.0,0.0,0.0,0.0,0.0,0.0,1489.0,707.0,405.0,711.0,398.0,1152.5,3356.0,4673.0,4540.0,4996.0,1558.0,767.0,394.0,761.0,499.5,1341.5,3379.5,4269.0,4489.0,4642.5,0.0,0.0,0.0,0.0,0.0,0.0,0.0,0.0,0.0,0.0,2451.5,1612.5,727.5,1108.5,1565.5,2120.5,2420.0,2727.0,2953.5,3199.0,1869.0,1280.0,1027.5,1081.0,1211.0,1363.5,1413.5,1477.5,1484.0,1612.5,3829.0,2723.5,1035.0,1438.0,2017.0,2422.5,2621.5,2872.0,3137.5,3257.0,1945.5,1693.5,550.5,707.5,971.0,1135.5,1185.5,1285.5,1348.5,1445.0,0.0,0.0,0.0,0.0,0.0,0.0,0.0,0.0,0.0,0.0,2172.5,1708.5,752.0,981.5,1301.0,1427.0,1505.5,1578.5,1676.5,1739.5,0.0,0.0,0.0,0.0,0.0,0.0,0.0,0.0,0.0,0.0,1041.5,628.5,406.0,580.0,824.5,970.5,1012.0,1076.0,1188.5,1184.0,1405.5,907.5,475.0,687.0,935.0,1063.0,1118.0,1181.5,1287.0,1355.5,0.0,0.0,0.0,0.0,0.0,0.0,0.0,0.0,0.0,0.0,1103.0,670.0,467.5,619.5,802.0,955.0,975.0,1053.0,1163.0,1145.0,0.0,0.0,0.0,0.0,0.0,0.0,0.0,0.0,0.0,0.0,983.5,1060.5,11175.0,10658.0,10536.0,10617.5,10288.5,9876.0,10304.0,9491.0,1392.5,808.0,1188.0,1055.0,1177.5,1300.5,1306.0,1381.5,1587.0,1450.5,1723.0,1064.5,526.0,713.5,900.5,1071.0,1137.5,1256.0,1380.0,1382.5,1738.5,1104.5,570.0,734.0,903.0,1047.0,1126.0,1205.0,1311.5,1350.5,1337.0,761.5,601.0,807.0,1004.5,1169.0,1220.0,1330.0,1443.5,1419.0,2583.0,2151.0,900.5,1120.0,1343.5,1544.0,1579.5,1656.5,1750.5,1781.0,"{""type"":""MultiPoint"",""coordinates"":[]}"
4161,2,3154.0,2166.0,799.0,1060.0,1462.0,1824.0,2127.0,2339.0,2705.0,2647.0,3968.0,3614.0,1057.0,1369.0,1838.0,2099.0,2184.0,2348.0,2531.0,2622.0,2253.0,1570.5,624.0,809.5,1114.5,1303.5,1406.0,1544.0,1689.5,1713.0,2633.0,1919.0,805.0,1025.0,1362.0,1568.0,1695.0,1857.0,2044.0,2067.0,0.0,0.0,0.0,0.0,0.0,0.0,0.0,0.0,0.0,0.0,0.0,0.0,0.0,0.0,0.0,0.0,0.0,0.0,0.0,0.0,0.0,0.0,0.0,0.0,0.0,0.0,0.0,0.0,0.0,0.0,5203.0,4878.0,1491.0,1981.0,2374.0,2915.0,3234.0,3497.0,3697.0,3810.0,3739.0,2765.0,921.0,1324.0,1509.0,2100.0,2963.0,3194.0,3215.0,3502.0,4503.0,3582.0,963.0,1444.0,1518.0,2307.0,3630.0,4033.0,4157.0,4345.0,2681.0,1353.0,524.0,893.0,560.0,1393.0,3751.0,4442.0,4393.0,4550.0,3586.0,2565.0,895.0,1134.0,1566.0,1918.0,2277.0,2419.0,2758.0,2719.0,3975.0,3365.0,4717.0,4659.0,4400.0,4889.0,5455.0,5808.0,5648.0,5638.0,2401.0,981.0,510.0,783.0,388.0,1154.0,4845.0,6048.0,6118.0,6209.0,0.0,0.0,0.0,0.0,0.0,0.0,0.0,0.0,0.0,0.0,2352.5,901.5,415.0,722.0,351.0,1233.5,5007.0,6139.0,5979.0,6429.0,2125.0,859.0,335.0,610.0,311.0,1166.0,4299.5,5104.0,5351.5,5402.0,0.0,0.0,0.0,0.0,0.0,0.0,0.0,0.0,0.0,0.0,2375.0,1242.5,448.0,630.0,566.5,1461.0,3077.0,3537.5,3840.0,3948.0,2847.0,1945.0,877.0,965.0,1191.0,1518.0,1686.0,1890.0,2013.0,2248.0,3050.5,2115.5,704.5,846.5,1183.0,1486.5,1687.5,1906.5,2211.5,2330.0,3592.0,2688.0,664.0,887.0,1318.0,1658.0,1866.0,2165.0,2436.0,2558.0,0.0,0.0,0.0,0.0,0.0,0.0,0.0,0.0,0.0,0.0,2944.0,2310.0,485.0,700.0,1098.0,1330.0,1436.0,1616.0,1872.0,1955.0,2444.0,2267.0,2680.0,2335.0,2164.0,2243.0,2198.0,2192.0,2700.0,2210.0,1938.0,1331.0,358.0,553.0,841.0,1038.0,1136.0,1294.0,1488.0,1536.0,1865.0,1291.0,376.0,594.0,840.0,1059.0,1211.0,1305.0,1490.0,1524.0,0.0,0.0,0.0,0.0,0.0,0.0,0.0,0.0,0.0,0.0,2211.0,1596.0,520.0,680.0,938.0,1166.0,1421.0,1538.0,1769.0,1748.0,0.0,0.0,0.0,0.0,0.0,0.0,0.0,0.0,0.0,0.0,1080.0,1168.0,10880.0,10477.0,10404.0,10495.0,10194.0,9822.0,10234.0,9473.0,0.0,0.0,0.0,0.0,0.0,0.0,0.0,0.0,0.0,0.0,3652.0,2584.0,808.0,1101.0,1473.0,1947.0,2400.0,2625.0,2969.0,2933.0,3415.0,2327.0,839.0,1125.0,1371.0,1925.0,2481.0,2696.0,3006.0,2985.0,3458.0,2389.0,852.0,1220.0,1550.0,2181.0,2556.0,2744.0,3097.0,3124.0,3739.5,2990.5,1028.0,1326.0,1901.0,2387.0,2615.5,2910.5,2264.5,3258.5,"{""type"":""MultiPoint"",""coordinates"":[]}"
4239,3,2182.5,1518.0,690.0,948.5,1265.5,1564.5,1695.0,1854.0,2064.5,2069.5,5636.0,5469.0,1958.0,2483.0,3058.0,3556.0,3671.0,3825.0,3974.0,4134.5,2404.0,1682.0,813.0,975.0,1267.0,1481.0,1566.0,1741.0,1860.0,1965.0,4113.5,3583.5,1249.0,1670.0,1903.0,2463.5,2671.0,2845.5,3000.5,3098.0,3088.0,2330.0,844.0,1175.0,1428.0,1782.0,2009.0,2154.0,2308.0,2375.0,0.0,0.0,0.0,0.0,0.0,0.0,0.0,0.0,0.0,0.0,630.0,465.0,707.0,917.0,768.0,1248.0,1566.0,1837.0,1565.0,1647.0,2915.0,1779.0,810.0,1139.0,897.0,1578.0,3386.0,4225.0,4080.0,4481.0,1451.0,787.0,347.0,640.0,440.0,996.0,2599.0,3577.0,3292.0,3523.0,1657.0,873.0,578.0,785.0,502.0,1077.0,3190.0,4337.0,4023.0,4432.0,1754.0,876.0,479.0,746.0,415.0,1122.0,3222.0,4707.0,4445.0,4791.0,2851.0,2217.0,932.0,1226.0,1566.0,1840.0,1947.0,2085.0,2307.0,2310.0,1220.0,520.0,400.0,614.0,388.0,813.0,2662.0,3897.0,3693.0,4126.0,1074.0,515.5,476.0,596.5,356.0,807.0,2390.5,3354.5,3234.0,3515.5,1313.5,603.0,366.0,639.0,361.5,1105.5,2696.0,3548.5,3402.5,3838.0,1539.0,765.0,492.0,866.0,567.0,1447.0,2968.0,3687.0,3480.0,3876.0,1745.0,946.0,510.0,998.0,796.0,1713.0,2849.0,3201.0,3342.0,3441.0,2106.5,1217.5,765.5,1064.5,1108.5,1841.5,2551.0,2898.0,3100.5,3259.5,2880.0,1913.0,719.0,998.0,1358.5,1845.5,2082.0,2333.5,2392.5,2675.0,2187.0,1506.0,740.0,966.0,1289.0,1706.0,1843.0,1949.0,1885.0,2129.0,2492.0,1638.0,713.0,1008.0,1377.0,1692.0,2017.0,2100.0,2265.0,2488.0,2119.0,1521.0,614.0,883.0,1176.0,1550.0,1763.0,1997.0,2126.0,2294.0,3010.5,2293.0,1070.0,1374.0,1692.0,2006.0,2177.5,2314.0,2556.5,2558.5,2468.5,1770.0,774.5,1054.5,1343.0,1728.0,2001.0,2125.0,2323.0,2455.5,1410.5,916.5,566.0,688.0,831.0,1116.0,1206.5,1286.5,1403.5,1459.5,1742.0,1064.5,562.0,829.5,1111.5,1489.5,1701.5,1865.0,2068.5,2179.0,2317.5,1477.0,619.5,918.5,1210.0,1643.5,1869.5,1986.0,2119.0,2324.5,0.0,0.0,0.0,0.0,0.0,0.0,0.0,0.0,0.0,0.0,1248.0,807.0,502.0,699.0,932.0,1301.0,1549.0,1673.0,1814.0,1883.0,0.0,0.0,0.0,0.0,0.0,0.0,0.0,0.0,0.0,0.0,655.0,706.0,10852.0,10512.0,10420.0,10483.0,10108.0,9701.0,10060.0,9195.0,177.0,169.0,8316.0,8342.0,8492.0,8826.0,8359.0,7924.0,8062.0,7485.0,2709.5,1914.0,798.0,1128.0,1353.5,1740.0,1957.0,2119.0,2361.5,2364.5,3490.0,2739.0,1041.0,1424.0,1700.0,2127.0,2357.0,2417.0,2728.0,2730.0,3136.0,2439.0,960.0,1349.0,1689.0,2012.0,2203.0,2368.0,2563.0,2572.0,3089.0,2432.0,991.0,1322.0,1661.0,2024.0,2182.0,2354.0,2509.0,2589.0,"{""type"":""MultiPoint"",""coordinates"":[]}"
4254,1,2545.5,1938.5,591.5,853.0,1262.0,1549.5,1718.5,1813.5,2034.5,2083.5,2772.5,2212.5,797.5,1029.5,1380.0,1688.0,1878.5,2013.0,2129.5,2221.5,2624.0,1913.5,624.5,894.0,1204.0,1558.0,1792.5,1955.5,2108.5,2150.0,2636.0,1848.0,629.0,956.0,1105.0,1575.0,2021.0,2229.0,2417.0,2384.0,2924.0,2142.0,611.0,947.0,1202.0,1603.0,1977.0,2171.0,2370.0,2396.0,0.0,0.0,0.0,0.0,0.0,0.0,0.0,0.0,0.0,0.0,0.0,0.0,0.0,0.0,0.0,0.0,0.0,0.0,0.0,0.0,1919.0,869.0,426.0,491.0,293.0,574.0,3173.0,4816.0,4925.0,4998.0,1620.5,654.0,240.0,400.0,244.0,542.5,2874.5,4505.0,4564.5,4737.5,1667.0,683.0,235.0,390.0,232.0,506.0,2650.0,4287.0,4305.0,4539.0,1752.5,751.5,666.0,718.5,510.0,792.0,2688.0,4265.5,4308.5,4613.0,2908.0,2402.0,703.0,1006.0,1415.0,1746.0,1843.0,1949.0,2200.0,2199.0,1791.0,778.5,335.5,498.5,320.0,664.0,2815.5,4295.0,4355.5,4577.5,1796.0,815.0,545.0,606.0,382.0,763.0,2817.0,4043.0,4205.0,4228.0,3303.0,2681.5,2737.0,2700.0,2628.0,2933.5,3360.0,3565.5,3612.0,3581.0,2247.0,1427.0,379.0,583.0,616.0,1028.0,1704.0,1996.0,1988.0,2303.0,2564.0,1705.0,333.0,507.0,692.0,963.0,1443.0,1658.0,1695.0,1948.0,2514.5,1924.0,664.0,886.0,1278.0,1529.0,1687.5,1836.5,1905.0,2101.5,3702.5,2958.0,863.0,1189.5,1586.0,1947.5,2285.5,2476.0,2668.5,2749.0,3524.5,3177.0,827.5,1102.0,1530.0,1858.5,2011.0,2217.5,2279.5,2414.5,3800.0,3369.0,888.0,1218.0,1730.0,2037.0,2170.0,2354.0,2496.0,2631.0,3850.0,3389.0,914.0,1245.0,1774.5,2085.5,2240.0,2420.0,2571.0,2655.5,1932.0,1625.0,543.0,669.0,894.0,1175.0,1398.0,1522.0,1320.0,1645.0,2855.5,2229.0,697.0,916.5,1325.5,1578.0,1707.5,1885.0,2037.5,2115.0,3442.0,2513.5,2500.5,2471.0,2577.5,2743.5,2720.5,2732.0,3616.5,2818.5,2682.5,2026.5,566.0,850.0,1308.5,1539.5,1689.5,1839.0,2055.0,2099.0,2762.0,2103.5,616.0,889.0,1273.5,1565.5,1711.5,1851.5,1994.0,2071.5,0.0,0.0,0.0,0.0,0.0,0.0,0.0,0.0,0.0,0.0,2513.5,1928.0,875.5,1044.0,1295.0,1571.0,1745.5,1891.5,2106.5,2099.0,0.0,0.0,0.0,0.0,0.0,0.0,0.0,0.0,0.0,0.0,1085.0,1176.0,10124.0,9958.0,9950.0,9986.0,9810.0,9460.0,9852.0,9011.0,1048.5,751.5,5168.5,5129.0,5291.5,5549.5,5440.0,5183.5,5311.5,4984.0,2774.0,2132.5,607.5,902.0,1266.5,1566.5,1757.0,1917.0,2129.5,2114.5,2165.0,1700.0,685.0,959.0,1172.0,1338.0,1542.0,1734.0,1671.0,1865.0,2597.0,1935.0,639.0,958.0,1337.0,1651.0,1803.0,1921.0,2106.0,2132.0,2601.0,1998.0,682.0,933.0,1399.0,1565.0,1711.0,1854.0,2024.0,2048.0,"{""type"":""MultiPoint"",""coordinates"":[]}"
4260,3,1259.5,734.0,583.0,774.5,933.0,1236.0,1415.0,1557.5,1699.5,1684.0,4135.0,3609.0,1501.5,1915.0,2217.5,2620.5,3066.0,3230.5,3307.0,3444.0,1556.0,950.0,703.5,968.0,1064.5,1532.5,1734.5,1789.0,1894.5,2038.0,1449.5,908.5,910.5,1171.5,1331.5,1695.0,1838.0,1945.0,2038.5,2060.5,4258.0,3862.0,1681.0,2124.5,2437.0,2607.5,2814.5,3098.5,3262.0,3227.0,4085.0,2774.0,2188.0,2394.0,2598.5,3020.5,3382.5,3554.5,3736.0,3722.5,0.0,0.0,0.0,0.0,0.0,0.0,0.0,0.0,0.0,0.0,4942.0,4224.5,1408.0,1818.0,1939.0,2463.5,2936.5,3191.5,3415.5,3511.5,2815.0,2112.5,2179.5,2404.5,2404.0,2966.0,3283.5,3474.0,3255.0,3375.5,2991.0,1838.5,1300.0,1465.5,1195.5,1748.5,3498.5,4467.0,4593.5,4534.0,2132.5,1156.0,512.5,695.5,410.5,870.0,3198.0,4778.0,4699.0,4795.5,2387.0,1752.5,760.0,991.0,1198.0,1467.5,1671.5,1748.5,1992.0,2006.5,1840.0,929.0,332.5,432.0,244.0,679.0,2746.5,4749.5,4774.0,5091.5,1717.0,812.0,451.0,534.0,301.0,695.0,2802.0,4990.0,5132.0,5091.0,1794.0,883.0,281.5,555.5,263.0,935.5,3314.0,5053.5,5074.0,5292.5,1791.5,924.5,416.5,773.0,410.0,1205.5,3448.5,4766.0,4790.0,5041.0,1836.0,994.5,426.5,793.0,485.5,1334.0,3537.0,4468.5,4800.5,4960.5,2322.0,1282.0,758.5,1147.5,895.5,1927.5,3899.5,4786.5,4820.0,5161.0,2104.5,1352.5,669.0,1020.0,1038.0,1622.0,2194.0,2440.5,2454.5,2490.0,1583.0,1136.5,572.5,761.5,974.0,1235.0,1295.5,1371.5,1343.5,1544.0,2447.5,1875.0,737.0,933.5,1152.0,1439.0,1497.5,1638.0,1767.0,1754.5,3309.0,2573.5,941.5,1255.5,1476.5,1817.0,1938.5,2096.0,2223.5,2309.5,2324.5,1923.0,869.5,1126.0,1341.0,1569.5,1787.5,1967.5,2114.0,2101.0,3283.5,2603.0,1014.0,1292.0,1561.0,1846.5,2024.5,2188.5,2413.5,2393.5,1345.0,823.0,665.0,818.0,1061.0,1336.0,1432.0,1525.0,1669.5,1690.5,1281.0,830.5,431.0,684.5,915.5,1176.5,1317.5,1366.5,1547.0,1507.5,1280.5,842.5,510.5,775.5,960.0,1255.5,1384.0,1500.0,1631.5,1597.5,2996.0,2359.0,3817.0,3423.5,3274.5,3429.5,3358.5,3381.0,3460.5,3354.0,442.0,292.5,356.0,491.0,634.5,876.0,782.5,904.5,858.0,825.0,0.0,0.0,0.0,0.0,0.0,0.0,0.0,0.0,0.0,0.0,1029.0,1120.0,10616.0,10318.0,10238.0,10397.0,10091.0,9690.0,10033.0,9342.5,968.0,624.0,541.5,752.0,915.0,1124.5,1309.0,1452.0,1470.0,1442.0,1989.0,1314.5,744.0,1046.0,1195.0,1463.5,1639.0,1826.0,1913.5,1961.0,1296.5,790.5,774.0,1078.5,1178.5,1550.0,1785.0,1945.5,1997.5,2051.5,1548.5,899.0,714.0,1054.5,1155.0,1598.0,1887.5,2013.0,2015.0,2154.5,3859.5,3352.5,1553.0,1930.0,2182.5,2584.5,2925.5,3234.0,3295.0,3495.5,"{""type"":""MultiPoint"",""coordinates"":[]}"
4280,122,2523.5,1846.5,740.0,895.5,1253.0,1547.0,1807.5,1998.5,2181.0,2151.5,2977.0,2203.0,846.5,1109.0,1220.0,1726.5,2254.5,2399.5,2620.5,2662.5,2658.5,1877.0,743.0,1012.0,1083.5,1621.5,2244.0,2498.0,2663.5,2747.0,2871.5,1973.5,938.5,1247.0,1168.0,1778.5,2802.5,3249.0,3346.0,3398.0,2806.0,1997.0,754.5,1044.5,1138.5,1567.0,2247.5,2358.0,2670.5,2593.0,3364.0,2549.0,1038.0,1321.0,1362.0,1908.5,2813.0,3221.5,3191.0,3362.0,801.0,501.5,914.5,889.0,699.5,979.0,1415.5,1531.0,1480.5,1629.0,2917.0,1996.0,817.5,1107.5,1045.0,1629.5,2807.0,3229.5,3177.0,3337.0,3193.5,2079.0,786.5,1165.5,1067.0,1755.0,3002.0,3686.5,3634.5,3750.5,2752.5,1922.0,914.5,1151.5,1058.5,1583.5,2780.5,3078.5,3245.5,3216.5,3685.0,2938.5,1725.5,1937.0,1875.5,2630.5,3757.5,4183.5,3922.0,4472.5,2720.5,1974.0,738.0,979.5,1275.0,1564.0,1740.0,1915.0,2128.5,2188.0,2573.0,1609.5,706.5,969.5,830.5,1460.5,2759.5,3231.5,3174.0,3320.0,2697.0,1702.5,744.5,995.5,864.5,1482.5,2825.5,3252.5,3356.5,3502.0,2562.0,1582.0,601.0,863.5,731.5,1330.0,2666.0,3138.5,3217.0,3317.5,2699.0,1682.5,646.0,897.0,784.0,1416.5,2781.5,3125.0,3276.0,3466.5,2692.0,1736.5,639.0,880.0,846.5,1424.5,2553.5,2811.0,3114.5,3255.5,2164.5,1390.5,742.0,884.0,815.0,1250.5,1881.0,2188.0,2222.5,2390.5,2746.0,1837.0,611.5,867.0,824.5,1305.5,2040.5,2305.5,2481.0,2633.0,2620.5,1730.5,618.0,843.0,800.5,1327.5,2061.5,2302.5,2353.5,2542.0,2580.0,1694.0,550.5,807.0,779.5,1281.5,2112.5,2420.0,2586.5,2728.5,2431.0,1595.5,470.5,732.5,658.0,1245.0,2184.5,2449.5,2651.0,2601.5,1611.0,1198.0,527.0,653.5,823.0,1000.0,1053.0,1162.5,1321.0,1331.5,2566.5,1603.0,472.0,742.5,725.0,1238.0,2211.0,2482.5,2889.0,2789.5,2611.0,1572.0,847.5,1071.0,1109.5,1761.0,2564.0,2857.5,3366.0,3359.0,2521.0,1689.0,585.0,912.0,1142.0,1530.5,2133.0,2318.0,2630.0,2605.5,2520.5,1768.5,634.0,946.0,1244.5,1606.0,1930.5,2170.5,2392.5,2426.5,0.0,0.0,0.0,0.0,0.0,0.0,0.0,0.0,0.0,0.0,2567.0,1846.5,721.0,979.5,1173.5,1557.5,1987.5,2116.5,2293.0,2327.5,0.0,0.0,0.0,0.0,0.0,0.0,0.0,0.0,0.0,0.0,907.0,932.5,7792.0,7787.5,8087.5,8257.0,8245.0,7202.5,8107.0,7154.5,2259.5,1684.0,829.5,1064.0,1386.0,1718.0,1795.5,1897.0,2080.5,2155.5,2757.0,2176.5,785.0,1010.5,1249.0,1519.0,1726.0,1833.5,1877.0,2086.5,2508.5,1857.5,786.0,974.0,1187.5,1464.5,1718.0,1941.0,2036.5,2187.5,2639.5,1919.0,700.5,958.0,1201.5,1509.5,1875.5,2026.5,2159.5,2298.0,2627.0,1914.5,752.0,965.5,1147.0,1544.5,1870.0,2005.5,2225.5,2345.5,"{""type"":""MultiPoint"",""coordinates"":[]}"
4282,3,17.0,34.0,726.0,1020.0,1045.0,1059.0,638.0,592.0,517.0,366.0,3702.0,2794.0,1072.0,1463.0,1768.0,2197.0,2601.0,2809.0,2802.0,3100.0,0.0,0.0,0.0,0.0,0.0,0.0,0.0,0.0,0.0,0.0,2997.0,2277.0,741.0,963.0,1266.0,1560.0,1759.0,1928.0,2081.0,2234.0,3943.0,3242.0,851.0,1199.0,1585.0,1955.0,2120.0,2352.0,2633.0,2666.0,0.0,0.0,0.0,0.0,0.0,0.0,0.0,0.0,0.0,0.0,0.0,0.0,0.0,0.0,0.0,0.0,0.0,0.0,0.0,0.0,1663.0,942.0,537.0,772.0,468.0,1012.0,2701.0,3362.0,3159.0,3359.0,1529.0,760.0,191.0,439.0,157.0,658.0,2717.0,3448.0,3561.0,3487.0,1400.0,664.0,267.0,493.0,194.5,699.5,2911.0,4045.0,3973.5,4041.5,0.0,0.0,0.0,0.0,0.0,0.0,0.0,0.0,0.0,0.0,23.0,27.0,646.0,834.0,807.0,839.0,520.0,495.0,478.0,328.0,1196.5,529.0,355.0,509.5,259.0,694.5,2772.5,4033.0,3898.0,4207.5,0.0,0.0,0.0,0.0,0.0,0.0,0.0,0.0,0.0,0.0,1638.0,849.0,774.0,1033.0,645.0,1413.0,3678.0,4747.0,4707.0,5052.0,1584.0,814.0,530.0,868.0,583.0,1441.0,3080.0,3684.0,3652.0,4015.0,496.0,247.0,233.0,335.0,243.0,479.0,927.0,1099.0,1083.0,1223.0,3430.0,2211.0,886.0,1339.0,1791.0,2352.0,2859.0,3077.0,3251.0,3500.0,3601.0,2804.0,860.0,1194.0,1552.0,1997.0,2280.0,2550.0,2675.0,2801.0,893.0,786.0,346.0,376.0,427.0,478.0,512.0,568.0,636.0,610.0,3168.0,2762.0,2224.5,2111.5,2108.0,2304.0,2331.5,2421.5,2634.5,2550.0,2957.0,2586.0,619.0,841.0,1126.5,1355.5,1584.0,1723.5,1888.0,1954.0,2104.0,1819.0,2292.0,2473.0,2595.0,2673.0,2384.0,2411.0,2607.0,2191.0,2707.5,2110.5,675.5,921.5,1324.5,1546.0,1670.5,1818.5,2012.0,2055.0,0.0,0.0,0.0,0.0,0.0,0.0,0.0,0.0,0.0,0.0,1913.0,1256.0,484.0,718.0,1110.0,1314.0,1394.0,1563.0,1809.0,1837.0,3055.0,2436.0,727.0,1017.0,1428.0,1684.0,1780.0,1957.0,2143.0,2238.0,0.0,0.0,0.0,0.0,0.0,0.0,0.0,0.0,0.0,0.0,1287.0,1093.0,1193.0,1178.0,1242.0,1353.0,1354.0,1414.0,1741.0,1447.0,0.0,0.0,0.0,0.0,0.0,0.0,0.0,0.0,0.0,0.0,0.0,0.0,0.0,0.0,0.0,0.0,0.0,0.0,0.0,0.0,375.0,246.0,419.0,644.0,763.0,835.0,943.0,1002.0,1088.0,1051.0,358.0,224.0,306.0,440.0,563.0,779.0,836.0,933.0,1057.0,1021.0,597.0,394.0,428.0,554.0,693.0,935.0,1012.0,1146.0,1272.0,1309.0,1046.0,615.0,438.0,603.0,814.0,1061.0,1193.0,1319.0,1484.0,1518.0,2515.0,1758.0,697.0,934.5,1197.5,1497.0,1677.5,1857.0,2061.5,2127.5,"{""type"":""MultiPoint"",""coordinates"":[]}"
4287,5,2190.0,1526.0,476.0,680.0,912.0,1185.0,1513.0,1644.0,1955.0,1959.0,4027.0,3479.0,1132.0,1485.0,1953.0,2345.0,2503.0,2680.0,2906.0,2935.0,2585.0,1796.5,639.0,856.5,1129.5,1424.0,1665.0,1841.0,2049.0,2112.5,3373.0,2483.0,2719.0,2731.0,2738.0,2989.0,3425.0,3587.0,3986.0,3685.0,0.0,0.0,0.0,0.0,0.0,0.0,0.0,0.0,0.0,0.0,4464.0,3237.0,2627.0,2805.0,2906.0,3348.0,3995.0,4280.0,4512.0,4491.0,0.0,0.0,0.0,0.0,0.0,0.0,0.0,0.0,0.0,0.0,0.0,0.0,0.0,0.0,0.0,0.0,0.0,0.0,0.0,0.0,0.0,0.0,0.0,0.0,0.0,0.0,0.0,0.0,0.0,0.0,2755.5,1526.5,480.5,724.0,472.5,1176.5,3927.0,5326.0,5339.5,5396.0,2629.5,1696.0,2496.0,1557.5,1117.5,1702.0,3953.5,5152.0,5386.0,5485.5,2613.0,1972.0,627.0,848.0,1087.0,1395.0,1732.0,1925.0,2124.0,2102.0,2536.0,1225.0,421.0,581.0,396.0,887.0,3564.0,5266.0,5379.0,5358.0,2269.5,1208.0,503.5,628.5,453.5,969.0,3331.0,4695.0,5109.0,5045.5,2518.0,1251.0,579.0,715.0,546.0,1052.0,3683.0,5473.0,5362.0,5580.0,2048.0,1161.5,545.5,715.0,553.0,1076.5,3040.0,4091.0,3909.5,4127.5,2044.0,1112.5,394.0,702.0,468.0,1110.0,3173.0,4005.5,4276.5,4183.5,0.0,0.0,0.0,0.0,0.0,0.0,0.0,0.0,0.0,0.0,2582.5,1908.5,541.5,676.0,927.0,1162.0,1326.5,1462.0,1655.5,1756.0,4224.0,3612.0,1829.0,1989.0,2176.0,2784.0,3254.0,3617.0,3248.0,4065.0,3194.5,2316.5,768.0,1034.0,1248.5,1561.5,2049.0,2203.0,2421.5,2444.0,3168.0,2508.0,778.0,1099.0,1188.0,1722.0,2312.0,2472.0,2795.0,2743.0,0.0,0.0,0.0,0.0,0.0,0.0,0.0,0.0,0.0,0.0,2794.0,1840.0,638.0,949.0,992.0,1487.0,2389.0,2429.0,2814.0,2704.0,0.0,0.0,0.0,0.0,0.0,0.0,0.0,0.0,0.0,0.0,2077.0,1433.0,427.0,653.0,885.0,1222.0,1557.0,1583.0,1744.0,1941.0,1875.0,1231.0,410.0,654.0,861.0,1136.0,1529.0,1562.0,1833.0,1775.0,0.0,0.0,0.0,0.0,0.0,0.0,0.0,0.0,0.0,0.0,2038.0,1415.0,556.0,726.0,903.0,1296.0,1634.0,1922.0,2056.0,1998.0,0.0,0.0,0.0,0.0,0.0,0.0,0.0,0.0,0.0,0.0,1075.0,1116.0,10232.0,9990.0,9996.0,9812.0,9723.0,9322.0,9956.0,9040.0,2320.0,1611.0,602.0,815.0,1023.0,1363.0,1708.0,1897.0,1993.0,2121.0,2664.0,1934.0,540.0,794.0,1047.0,1460.0,1874.0,2033.0,2267.0,2333.0,2616.0,1808.0,655.0,918.0,1054.0,1514.0,2072.0,2236.0,2540.0,2410.0,2391.0,1564.0,705.0,939.0,1037.0,1566.0,2157.0,2379.0,2664.0,2577.0,3102.0,2352.0,878.0,1186.0,1474.0,1931.0,2176.0,2461.0,2605.0,2697.0,"{""type"":""MultiPoint"",""coordinates"":[]}"
4292,1,1525.0,1023.0,530.5,718.5,948.0,1133.5,1167.5,1285.5,1429.0,1434.0,5370.0,5165.0,1844.0,2394.5,3035.0,3377.5,3458.5,3603.5,3729.5,3839.0,2229.5,1613.5,729.5,998.0,1322.5,1513.0,1594.5,1731.0,1819.0,1846.5,2613.0,1882.0,1203.0,1416.0,1597.0,1960.0,2063.0,2175.0,2475.0,2319.0,5008.0,4478.0,1716.0,2348.0,2795.0,3285.0,3584.0,3754.0,3958.0,3944.0,4304.5,3421.0,1270.5,1746.5,1912.5,2463.0,3472.5,3842.0,3952.5,4050.0,0.0,0.0,0.0,0.0,0.0,0.0,0.0,0.0,0.0,0.0,1817.0,794.0,310.0,455.0,203.0,582.0,3208.0,4465.0,4284.0,4569.0,1697.0,711.0,199.0,407.0,200.0,559.0,3240.0,4950.0,4888.0,5041.0,1609.0,642.5,290.0,455.5,239.5,561.0,2954.5,4672.5,4673.0,4910.0,1782.0,741.0,521.0,652.0,442.0,780.0,2943.0,4671.0,4679.0,4846.0,2301.5,1701.5,719.5,891.0,1140.0,1281.0,1352.5,1473.5,1665.5,1637.5,1744.0,691.0,392.0,549.0,333.0,702.0,2937.0,4617.0,4509.0,4835.0,1754.0,820.0,442.0,660.0,406.0,880.0,3015.0,4293.0,4238.0,4462.0,2456.0,1355.0,562.0,799.0,868.0,1470.0,2347.0,3023.0,3114.0,3408.0,2232.0,1640.0,411.0,543.0,771.0,1039.0,1213.0,1371.0,1427.0,1653.0,2674.0,2144.0,396.0,574.0,859.0,1068.0,1151.0,1277.0,1413.0,1535.0,3757.5,2838.0,808.5,1063.5,1574.5,1902.5,2047.0,2271.0,2314.5,2632.5,3981.0,3223.5,1020.0,1343.0,1901.5,2229.5,2307.5,2509.5,2714.0,2812.5,4679.5,4235.5,3584.0,3352.5,3255.5,3692.0,3823.0,3986.5,4304.5,4283.5,3719.5,2724.5,789.5,1099.5,1421.5,1788.0,2027.5,2196.0,2344.0,2474.5,3754.0,2967.0,867.0,1182.0,1382.0,1823.0,2192.0,2388.0,2621.0,2686.0,2278.5,1815.0,669.5,884.5,1158.5,1340.5,1403.5,1531.0,1681.0,1677.5,3508.0,3558.0,826.5,1078.5,1432.0,1604.5,1693.0,1815.0,2036.5,2055.5,1619.0,1179.0,426.0,555.0,781.0,874.0,959.0,1055.0,1195.0,1224.0,1601.0,1179.0,349.5,561.0,797.0,953.0,1005.0,1089.5,1230.0,1228.0,2090.0,1708.0,447.0,668.0,848.0,1038.0,1133.0,1198.0,1340.0,1379.0,0.0,0.0,0.0,0.0,0.0,0.0,0.0,0.0,0.0,0.0,1113.5,795.0,660.0,834.5,1027.5,1232.0,1247.0,1305.0,1436.5,1365.5,0.0,0.0,0.0,0.0,0.0,0.0,0.0,0.0,0.0,0.0,1080.0,1176.0,10876.0,10462.0,10414.0,10509.0,10208.0,9801.0,10152.0,9419.0,1273.5,871.0,922.0,1125.0,1353.0,1512.0,1517.5,1599.5,1717.0,1680.0,2561.0,1959.0,644.0,908.0,1179.0,1390.0,1464.0,1585.0,1734.0,1783.0,2536.0,1886.0,814.5,1065.5,1331.0,1536.0,1635.5,1721.5,1890.0,1906.0,2254.0,1662.0,734.0,1029.0,1323.0,1514.0,1593.0,1719.0,1849.0,1887.0,4221.0,3741.0,1463.0,1920.0,2369.0,2603.0,2674.0,2831.0,3120.0,3046.0,"{""type"":""MultiPoint"",""coordinates"":[]}"
4303,5,1192.0,752.0,500.0,634.0,818.0,1007.0,1074.0,1189.0,1366.0,1353.0,3670.0,3461.0,958.0,1208.0,1572.0,1835.0,1910.0,2060.0,2146.0,2305.0,1878.5,1233.0,642.5,786.0,1004.5,1200.0,1278.5,1382.0,1541.0,1612.0,1910.0,1313.0,690.0,844.0,1089.0,1258.0,1366.0,1518.0,1670.0,1701.0,4544.0,4292.0,1525.0,1921.0,2362.0,2766.0,2803.0,3088.0,3249.0,3227.0,5940.0,6056.0,2124.0,2441.0,2964.0,3395.0,3413.0,3689.0,3751.0,4004.0,0.0,0.0,0.0,0.0,0.0,0.0,0.0,0.0,0.0,0.0,5833.0,5291.0,2199.0,2638.0,3052.0,3603.0,3963.0,4141.0,4190.0,4470.0,3436.0,3091.0,1735.0,2120.0,2287.0,2773.0,3280.0,3482.0,3699.0,3745.0,4195.0,3421.0,1001.0,1311.0,1293.0,1878.0,3246.0,3773.0,3942.0,4184.0,3037.0,1772.0,693.0,912.0,651.0,1269.0,3196.0,3877.0,3898.0,4166.0,1806.5,1397.0,622.0,761.5,961.0,1113.5,1235.5,1325.5,1484.5,1487.0,2868.0,1460.0,387.0,535.0,288.0,888.0,3578.0,4744.0,4569.0,4887.0,2228.0,1060.5,395.5,559.5,301.5,807.0,3756.5,5062.0,4971.5,5245.5,2053.0,1007.0,403.0,465.0,253.0,712.0,3219.0,4738.0,3676.0,5088.0,2613.0,1125.0,275.0,505.0,252.0,762.0,4233.0,5975.0,5748.0,6195.0,2464.0,1042.0,250.0,525.0,221.0,860.0,4325.0,5664.0,5725.0,5938.0,2211.0,946.0,239.0,546.0,226.0,972.0,4154.0,5206.0,5258.0,5473.0,2498.5,1309.5,354.5,749.5,500.0,1390.0,3083.0,3478.5,3176.0,3858.0,2166.0,1587.5,494.0,587.0,703.5,926.0,1048.0,1174.5,1204.5,1374.0,2782.0,2104.0,428.0,566.0,762.0,919.0,1014.0,1139.0,1261.0,1369.0,3555.0,2752.0,786.0,1002.0,1345.0,1547.0,1633.0,1772.0,1963.0,2029.0,1162.0,778.0,710.0,833.0,1046.0,1239.0,1339.0,1474.0,1632.0,1634.0,3436.0,2688.5,802.0,966.5,1234.0,1409.0,1503.5,1657.5,1821.0,1855.0,1358.0,752.0,432.0,480.0,675.0,824.0,922.0,1025.0,1166.0,1212.0,2775.0,1967.5,602.0,753.0,984.5,1201.5,1332.0,1444.0,1620.5,1659.0,3337.0,2531.0,738.0,934.0,1178.0,1431.0,1541.0,1687.0,1806.0,1894.0,0.0,0.0,0.0,0.0,0.0,0.0,0.0,0.0,0.0,0.0,2118.0,1439.0,584.0,685.0,782.0,1071.0,1266.0,1408.0,1561.0,1604.0,0.0,0.0,0.0,0.0,0.0,0.0,0.0,0.0,0.0,0.0,935.0,999.0,10512.0,10244.0,10266.0,10370.0,10069.0,9687.0,10042.0,9296.0,801.0,511.0,1527.5,1657.0,1848.5,2014.0,2005.5,2021.0,2219.5,2134.5,1463.0,1094.0,567.0,728.0,964.0,1184.0,1242.0,1352.0,1492.0,1531.0,1829.5,1237.5,729.0,929.5,1132.0,1391.5,1527.5,1664.5,1828.0,1840.0,1626.0,1079.0,649.0,900.0,1130.0,1385.0,1511.0,1626.0,1791.0,1792.0,2877.5,2316.0,947.5,1220.0,1512.5,1828.0,2065.0,2157.0,2345.0,2359.0,"{""type"":""MultiPoint"",""coordinates"":[]}"
4308,5,2857.0,1952.0,794.0,1114.0,1527.0,1926.0,2353.0,2563.0,2940.0,2928.0,4067.5,2975.0,1102.0,1435.5,1920.0,2315.5,2556.5,2773.5,3045.5,3137.5,2425.0,1718.5,719.5,946.0,1326.5,1555.5,1648.0,1820.5,1959.5,2022.5,2289.0,1599.0,857.0,1118.0,1524.0,1754.0,1828.0,2030.0,2191.0,2159.0,0.0,0.0,0.0,0.0,0.0,0.0,0.0,0.0,0.0,0.0,3173.0,2330.0,893.0,1145.0,1450.0,1743.0,2016.0,2258.0,2419.0,2554.0,0.0,0.0,0.0,0.0,0.0,0.0,0.0,0.0,0.0,0.0,0.0,0.0,0.0,0.0,0.0,0.0,0.0,0.0,0.0,0.0,0.0,0.0,0.0,0.0,0.0,0.0,0.0,0.0,0.0,0.0,3591.5,2467.5,1037.5,1325.5,1192.5,1869.0,3524.5,4116.0,4123.5,4312.0,2750.0,1587.0,493.0,751.0,544.0,1122.0,3250.0,3983.0,3934.0,4247.0,3680.0,2651.0,977.0,1293.0,1730.0,2151.0,2543.0,2786.0,3125.0,3054.0,2928.0,1508.0,420.0,653.0,368.0,956.0,3949.0,5254.0,5053.0,5557.0,2467.0,1278.0,488.0,628.0,387.0,918.0,3812.0,5171.0,5209.0,5310.0,0.0,0.0,0.0,0.0,0.0,0.0,0.0,0.0,0.0,0.0,2469.0,1206.5,400.0,602.0,378.0,906.0,3698.5,4830.0,4750.5,5140.0,2268.5,1104.5,325.5,591.5,340.0,925.5,3342.5,4093.0,4443.5,4501.0,0.0,0.0,0.0,0.0,0.0,0.0,0.0,0.0,0.0,0.0,2796.5,1799.0,435.5,740.5,766.0,1365.0,2007.5,2303.0,2555.5,2727.5,2371.0,1716.0,1423.0,1409.0,1452.0,1720.0,1917.0,2016.0,1897.0,2110.0,3630.0,2684.0,704.5,947.0,1328.5,1565.0,1726.5,1963.0,2203.5,2280.0,3807.0,3057.0,855.0,1076.0,1417.0,1650.0,1825.0,2048.0,2254.0,2301.0,0.0,0.0,0.0,0.0,0.0,0.0,0.0,0.0,0.0,0.0,3603.0,2675.0,777.0,1017.0,1274.0,1542.0,1807.0,2068.0,2292.0,2274.0,0.0,0.0,0.0,0.0,0.0,0.0,0.0,0.0,0.0,0.0,2019.0,1376.0,462.0,693.0,988.0,1249.0,1356.0,1522.0,1716.0,1696.0,2266.0,1617.0,576.0,826.0,1119.0,1389.0,1624.0,1769.0,1963.0,1979.0,0.0,0.0,0.0,0.0,0.0,0.0,0.0,0.0,0.0,0.0,2409.0,1739.0,599.0,830.0,1027.0,1327.0,1689.0,1836.0,2074.0,2083.0,0.0,0.0,0.0,0.0,0.0,0.0,0.0,0.0,0.0,0.0,1154.0,1237.0,10838.0,10419.0,10386.0,10493.0,10120.0,9833.0,10216.0,9441.0,821.0,550.0,454.0,487.0,579.0,695.0,807.0,916.0,980.0,1016.0,4427.0,3451.0,3032.5,3013.5,3106.5,3570.5,3922.5,4030.5,4282.5,4226.5,0.0,0.0,0.0,0.0,0.0,0.0,0.0,0.0,0.0,0.0,2441.0,1543.0,615.0,976.0,1080.0,1866.0,2658.0,2884.0,3180.0,3214.0,2141.5,1492.5,676.0,902.5,1064.0,1491.5,1785.5,1905.0,1915.0,2133.0,"{""type"":""MultiPoint"",""coordinates"":[]}"
4318,5,2400.0,1447.0,558.0,910.0,867.0,1588.0,2680.0,2888.0,3229.0,3111.0,3244.0,2361.0,698.0,984.0,1127.0,1579.0,1879.0,2051.0,2328.0,2282.0,2313.0,1497.0,605.0,809.0,904.0,1314.0,1601.0,1796.0,2076.0,2111.0,2941.0,1977.0,594.0,865.0,877.0,1365.0,1930.0,2045.0,2405.0,2342.0,3635.0,2474.0,674.0,1007.0,953.0,1639.0,2518.0,2809.0,3038.0,3161.0,6176.0,5098.0,4430.0,4272.0,4225.0,4830.0,5343.0,5615.0,5910.0,5696.0,3007.0,2040.0,1090.0,1361.0,1694.0,2137.0,2334.0,2476.0,2932.0,2547.0,2904.0,1807.0,603.0,977.0,978.0,1748.0,2047.0,2210.0,2405.0,2536.0,5700.0,4865.0,2274.0,2811.0,3458.0,4006.0,4629.0,5042.0,4934.0,5397.0,5970.0,5258.0,2017.5,2625.5,3383.5,3934.5,4234.5,4494.5,4569.5,4826.0,3260.0,2202.5,1036.5,1363.0,1480.5,2145.5,2756.5,3099.5,3009.5,3370.5,2824.0,1850.0,667.0,955.0,1033.0,1642.0,2554.0,2857.0,3139.0,3134.0,4715.0,3553.0,943.0,1408.0,1560.0,2274.0,3750.0,4229.0,4307.0,4705.0,4270.0,3196.0,914.0,1264.0,1256.0,2052.0,3818.0,4626.0,4741.0,4974.0,3810.0,2566.0,878.0,1221.0,1133.0,1862.0,3805.0,4847.0,4763.0,5274.0,2339.0,1327.5,841.5,1053.5,818.5,1328.5,2915.5,3558.0,3523.5,3697.5,2572.5,1428.5,473.5,793.0,595.0,1268.5,3203.5,4002.5,4230.0,4348.5,0.0,0.0,0.0,0.0,0.0,0.0,0.0,0.0,0.0,0.0,3534.0,2709.0,631.0,877.0,1214.5,1570.0,1906.5,2125.0,2364.0,2412.5,3289.0,2555.0,669.0,896.0,1183.0,1486.0,1682.0,1867.0,2057.0,2186.0,3343.5,2588.0,655.5,871.5,1178.5,1476.5,1763.5,1960.5,2196.5,2272.0,3809.0,2804.5,804.5,1086.0,1399.5,1783.5,2159.0,2400.0,2628.5,2767.0,0.0,0.0,0.0,0.0,0.0,0.0,0.0,0.0,0.0,0.0,3288.0,2334.0,677.0,956.0,1207.0,1674.0,2141.0,2286.0,2612.0,2599.0,0.0,0.0,0.0,0.0,0.0,0.0,0.0,0.0,0.0,0.0,2199.0,1512.0,564.0,865.0,1228.0,1597.0,1856.0,2042.0,2219.0,2304.0,2421.5,1730.5,691.5,994.0,1268.0,1603.5,1921.0,2121.5,2268.0,2371.0,0.0,0.0,0.0,0.0,0.0,0.0,0.0,0.0,0.0,0.0,2003.0,1290.0,574.0,894.0,1021.0,1527.0,2108.0,2250.0,2542.0,2479.0,0.0,0.0,0.0,0.0,0.0,0.0,0.0,0.0,0.0,0.0,514.0,553.0,10126.0,9932.0,9896.0,10300.0,9775.0,9294.0,9702.0,8750.0,0.0,0.0,0.0,0.0,0.0,0.0,0.0,0.0,0.0,0.0,2463.0,1513.0,444.0,803.0,733.0,1510.0,2516.0,2839.0,3062.0,3151.0,2454.0,1467.5,594.5,988.5,874.0,1664.5,2716.0,3019.0,3273.5,3291.0,1878.0,1090.0,380.0,765.0,848.0,1550.0,2068.0,2302.0,2537.0,2573.0,1536.0,863.0,534.0,775.0,929.0,1296.0,1523.0,1736.0,1886.0,1937.0,"{""type"":""MultiPoint"",""coordinates"":[]}"
4354,5,2022.0,1512.0,530.5,614.0,828.5,947.0,976.5,1091.0,1273.5,1277.0,3680.0,3362.5,1106.5,1426.5,1748.0,2036.0,2165.0,2280.0,2412.5,2458.0,1939.0,1354.0,545.0,660.0,848.5,953.5,1011.0,1129.0,1227.0,1275.5,0.0,0.0,0.0,0.0,0.0,0.0,0.0,0.0,0.0,0.0,0.0,0.0,0.0,0.0,0.0,0.0,0.0,0.0,0.0,0.0,2443.0,2105.0,996.0,1066.0,1114.0,1328.0,1505.0,1696.0,1982.0,1783.0,0.0,0.0,0.0,0.0,0.0,0.0,0.0,0.0,0.0,0.0,0.0,0.0,0.0,0.0,0.0,0.0,0.0,0.0,0.0,0.0,0.0,0.0,0.0,0.0,0.0,0.0,0.0,0.0,0.0,0.0,2890.5,1305.5,589.0,804.5,422.5,1106.0,4757.5,6139.5,6074.5,6500.5,3216.0,2077.0,1513.5,1660.5,1425.5,1995.5,4824.5,6244.5,6061.0,6440.5,2675.0,2409.5,671.5,820.5,1067.5,1206.0,1265.0,1370.5,1562.5,1564.5,2623.0,1099.5,440.5,596.5,302.0,789.5,4595.0,6774.5,6527.5,7089.0,2273.5,973.0,382.5,517.5,275.5,704.5,4093.5,5765.5,5895.5,6001.5,0.0,0.0,0.0,0.0,0.0,0.0,0.0,0.0,0.0,0.0,1304.0,560.5,217.5,346.0,174.0,506.5,2430.0,3323.0,3200.5,3507.5,2169.0,1056.5,349.5,759.0,402.0,1307.0,3747.0,4507.5,4730.5,4887.0,0.0,0.0,0.0,0.0,0.0,0.0,0.0,0.0,0.0,0.0,2947.5,1948.0,569.0,755.0,1171.5,1445.5,1577.5,1812.5,2096.0,2227.5,3097.5,2344.0,852.5,959.0,1203.5,1444.5,1538.5,1672.0,1768.5,1948.0,4051.5,2916.0,1006.5,1335.0,1970.5,2296.0,2480.0,2693.5,2991.5,3104.5,4058.5,3049.0,1144.5,1435.0,2017.5,2325.5,2458.5,2665.5,2899.0,3022.0,0.0,0.0,0.0,0.0,0.0,0.0,0.0,0.0,0.0,0.0,2304.0,1971.0,521.5,700.0,941.0,1088.0,1139.0,1252.5,1344.5,1407.0,0.0,0.0,0.0,0.0,0.0,0.0,0.0,0.0,0.0,0.0,1559.5,1084.0,360.5,493.5,730.5,846.5,887.0,985.0,1086.5,1133.0,1847.0,1369.5,461.5,610.5,842.0,945.0,1015.5,1118.0,1241.5,1246.5,0.0,0.0,0.0,0.0,0.0,0.0,0.0,0.0,0.0,0.0,2069.0,1579.0,612.5,743.0,1000.0,1112.0,1199.0,1290.5,1458.5,1458.5,0.0,0.0,0.0,0.0,0.0,0.0,0.0,0.0,0.0,0.0,981.5,1054.0,11057.0,10649.5,10530.5,10639.0,10370.0,9965.0,10320.0,9522.0,0.0,0.0,0.0,0.0,0.0,0.0,0.0,0.0,0.0,0.0,2294.5,1680.0,649.0,851.5,1077.5,1253.0,1326.5,1458.0,1624.0,1633.0,2378.0,1785.0,659.5,830.0,1025.0,1182.0,1299.5,1427.5,1545.5,1587.5,2000.5,1405.0,512.5,670.0,863.5,1023.0,1135.5,1231.0,1360.0,1397.5,2698.0,1916.5,1147.0,1210.5,1332.0,1581.0,1672.0,1832.5,2053.5,2028.5,"{""type"":""MultiPoint"",""coordinates"":[]}"
4359,5,2239.0,1514.0,716.0,970.0,1375.0,1587.0,1625.0,1811.0,2150.0,2066.0,2951.5,2088.5,1208.0,1356.0,1452.0,1830.0,2084.5,2312.5,2711.0,2589.5,2832.0,1858.0,727.0,1010.0,1173.0,1585.0,1964.0,2117.0,2454.0,2433.0,3081.5,2179.5,726.0,1009.0,1110.0,1520.5,2123.0,2331.5,2556.0,2552.5,2754.0,1905.0,770.0,1121.5,1310.5,1764.0,2182.0,2379.5,2646.0,2659.0,4054.5,3187.0,1197.0,1572.0,1960.5,2448.5,2923.0,3202.5,3429.5,3470.5,3182.0,2419.0,1337.0,1494.0,1678.0,2072.0,2236.5,2483.0,2768.5,2764.5,2992.0,2140.0,947.0,1325.0,1663.0,2233.0,2340.0,2537.0,2604.0,2833.0,3341.0,2171.0,841.5,1264.0,1258.5,1916.0,3152.5,3623.0,3617.5,4008.0,4767.0,3489.0,1038.0,1381.0,1686.0,2267.0,2939.0,3377.0,3433.0,3915.0,3853.0,2712.0,844.0,1146.0,1274.0,1823.0,2449.0,2715.0,2885.0,3141.0,2620.0,1869.0,681.0,932.0,1330.0,1472.0,1584.0,1787.0,2046.0,1999.0,3707.5,2420.5,1069.0,1344.5,1325.0,1838.0,3248.0,3864.0,3839.0,4227.0,3200.0,2104.5,762.5,1044.5,1061.0,1587.5,2864.0,3324.0,3357.0,3594.0,3074.5,2025.5,704.5,949.5,1100.5,1503.5,2189.0,2544.0,2591.0,2856.0,2886.0,2024.0,788.0,966.0,984.0,1421.0,2276.0,2835.0,2796.0,2908.0,3695.0,2733.0,757.5,1107.0,1327.5,1796.0,2573.5,2875.5,3098.5,3200.5,3814.0,2885.5,859.5,1142.0,1356.0,1771.0,2371.5,2692.5,2824.0,2998.0,3385.0,2497.0,642.5,944.0,1043.5,1508.0,2295.5,2540.5,2780.5,2863.5,2585.0,1733.0,600.0,839.0,848.0,1350.0,2472.0,2689.0,2819.0,2916.0,2665.0,1678.5,560.5,781.0,746.5,1299.0,2359.5,2732.5,2890.0,2917.0,2709.0,1747.0,548.0,807.0,825.0,1383.0,2462.0,2748.0,3000.0,3077.0,3279.0,3066.5,1869.0,2009.5,2254.0,2470.0,2612.0,2725.0,2861.0,2827.0,2254.0,1369.0,378.5,651.5,645.5,1217.0,2147.5,2411.5,2640.0,2652.0,1962.0,1262.0,383.0,629.0,714.0,1172.0,1674.0,1814.0,2076.0,1975.0,1486.0,1010.0,280.0,547.0,719.0,1081.5,1419.0,1602.0,1866.5,1785.5,1720.0,1112.0,303.0,604.0,748.0,1129.0,1368.0,1507.0,1743.0,1746.0,1580.0,1237.0,929.0,871.0,878.0,1106.0,1252.0,1336.0,1482.0,1364.0,1646.0,1045.0,361.0,573.0,627.0,1017.0,1465.0,1625.0,1907.0,1867.0,0.0,0.0,0.0,0.0,0.0,0.0,0.0,0.0,0.0,0.0,874.0,744.0,6272.0,6438.0,6777.0,6891.0,6867.0,6621.0,7193.0,6387.0,1102.0,754.0,908.0,1402.0,1877.0,2181.0,2320.0,2482.0,2770.0,2617.0,2316.5,1673.5,676.5,980.5,1296.5,1583.5,1594.0,1661.0,1964.0,1809.5,1536.0,1154.0,549.0,722.0,858.0,1049.0,1198.5,1284.0,1446.0,1344.5,1965.0,1493.0,623.0,917.0,1162.0,1453.0,1578.0,1690.0,1992.0,1851.0,1833.0,1330.0,676.0,957.0,1194.0,1440.0,1473.0,1596.0,1980.0,1758.0,"{""type"":""MultiPoint"",""coordinates"":[]}"
4381,5,2529.0,1639.0,747.0,1054.0,1343.0,1714.0,2274.0,2506.0,2796.0,2785.0,4409.0,3396.0,1081.0,1496.0,1983.0,2327.0,2522.0,2719.0,2968.0,3050.0,2997.0,2223.0,825.0,1136.0,1571.0,1796.0,1902.0,2046.0,2214.0,2234.0,3982.5,3417.5,1102.0,1574.0,2115.0,2430.0,2527.0,2699.5,2828.5,2894.0,3893.0,3173.5,1162.0,1672.5,2256.0,2542.0,2638.5,2818.5,2956.5,3003.5,6803.0,6478.0,1892.0,2705.0,3602.0,4133.0,4247.0,4523.0,4580.0,4771.0,0.0,0.0,0.0,0.0,0.0,0.0,0.0,0.0,0.0,0.0,5477.0,4742.0,1623.0,2441.0,3020.0,3609.0,3943.0,4059.0,4274.0,4364.0,5376.5,4446.0,1534.5,2285.5,2674.0,3405.5,4212.5,4608.5,4593.0,4873.0,4090.0,3096.0,1177.0,1774.5,1938.5,2759.0,4339.0,4793.5,4354.5,5088.5,2946.5,1584.5,558.5,906.5,684.5,1427.0,3711.0,4349.0,4282.0,4553.0,3297.0,2271.0,846.0,1212.0,1596.0,2023.0,2460.0,2685.0,2927.0,2912.0,2215.0,950.0,624.0,678.0,362.0,1077.0,3778.0,4569.0,4364.0,4798.0,2221.0,980.0,287.0,511.0,273.0,848.0,4018.0,5373.0,5196.0,5676.0,1736.5,747.0,252.5,404.5,200.0,612.5,3222.0,4335.0,4051.5,4614.0,2192.5,999.0,447.5,602.0,327.0,865.5,3658.5,4948.5,4737.0,5194.0,2061.0,915.0,257.0,496.0,249.0,806.0,3536.0,4524.0,4542.5,4863.5,1637.5,729.5,321.0,597.5,310.0,998.0,2907.5,3441.5,3425.0,3710.5,2330.5,1297.0,418.5,884.5,724.0,1630.0,2571.5,2863.5,3079.0,3245.5,2848.0,2191.0,545.0,634.0,824.5,1017.5,1123.5,1265.0,1330.5,1497.0,3264.0,2504.0,522.0,673.0,893.0,1094.0,1200.0,1345.0,1469.0,1580.0,3265.0,2360.5,623.0,781.0,1081.0,1281.0,1419.0,1580.5,1769.0,1866.5,4108.5,3506.5,2738.5,2854.5,3065.0,3363.0,3610.0,3721.5,4072.0,3888.5,3435.0,2550.0,858.0,1074.0,1383.0,1624.0,1779.0,1911.0,1977.0,2114.0,0.0,0.0,0.0,0.0,0.0,0.0,0.0,0.0,0.0,0.0,2917.0,1959.5,694.0,910.5,1144.0,1417.5,1681.5,1840.0,2071.0,2074.5,3253.0,2248.0,755.0,1007.0,1193.0,1502.0,1808.0,1970.0,2138.0,2241.0,0.0,0.0,0.0,0.0,0.0,0.0,0.0,0.0,0.0,0.0,2814.0,1880.0,634.0,873.0,926.0,1336.0,1946.0,2155.0,2353.0,2358.0,0.0,0.0,0.0,0.0,0.0,0.0,0.0,0.0,0.0,0.0,625.0,664.0,10358.0,10086.0,10028.0,10151.0,9806.0,9380.0,9746.0,8944.0,1594.5,1059.0,2648.5,2896.0,3187.0,3566.0,3814.0,3847.5,3966.0,3875.5,3252.0,2302.0,820.0,1194.0,1513.0,1937.0,2365.0,2624.0,2825.0,2908.0,3442.0,2434.0,878.0,1284.0,1632.0,2122.0,2556.0,2851.0,3000.0,3126.0,2552.0,1656.0,730.0,1106.0,1541.0,1865.0,2144.0,2281.0,2524.0,2578.0,3437.0,2490.0,885.0,1246.0,1714.0,2014.0,2167.0,2342.0,2614.0,2597.0,"{""type"":""MultiPoint"",""coordinates"":[]}"
4401,3,2389.0,1593.5,639.5,884.5,1148.0,1429.0,1616.5,1795.0,1962.5,1962.0,4407.0,3989.0,1327.5,1837.5,2378.5,2673.0,2842.5,2977.0,3093.5,3179.0,2608.0,1847.5,733.0,1077.5,1408.0,1732.5,1907.0,2045.5,2105.0,2207.0,2718.0,2095.0,846.0,1221.0,1578.0,1878.0,2076.0,2225.0,2353.0,2349.0,4968.0,4447.0,1484.0,2171.0,2705.0,3150.0,3327.0,3501.0,3744.0,3690.0,4753.0,4044.5,1483.5,2004.0,2407.5,3016.0,3349.5,3585.5,3692.0,3877.0,0.0,0.0,0.0,0.0,0.0,0.0,0.0,0.0,0.0,0.0,2856.5,2018.5,945.5,1281.0,1209.0,1833.0,2626.0,3087.0,2699.0,3165.0,2375.0,1583.0,526.0,892.0,861.0,1455.0,2542.0,3115.0,2992.0,3320.0,2065.0,1292.0,527.0,743.0,610.0,1068.0,2529.0,3424.0,3207.0,3364.0,2321.0,1509.5,888.0,1045.5,853.0,1388.5,3157.5,4303.0,4082.5,4277.0,3410.5,2615.5,863.5,1187.5,1500.5,1851.0,2009.5,2179.0,2410.0,2408.5,2171.0,1252.0,446.0,686.0,565.0,1099.0,2764.0,3904.0,3858.0,4264.0,2273.0,1426.0,519.0,732.0,640.0,1168.0,2791.0,4121.0,4113.0,4261.0,2133.0,1333.0,598.0,843.0,647.0,1317.0,3032.0,4188.0,4152.0,4479.0,2277.0,1373.0,465.0,841.0,600.0,1456.0,3005.0,3941.0,3941.0,4134.0,2375.0,1609.0,504.0,922.0,797.0,1686.0,3105.0,3935.0,4076.0,4133.0,3583.5,2507.0,1962.5,2238.5,2165.0,2828.0,3966.5,4430.0,4659.5,4704.5,2706.5,1769.0,580.5,968.0,1030.0,1688.5,2568.5,2950.5,3126.0,3285.0,4097.0,3091.0,1053.0,1418.0,1945.0,2374.5,2613.0,2788.0,2803.5,3019.0,4222.0,3195.0,1091.0,1554.0,2041.0,2470.0,2731.0,2886.0,3125.0,3158.0,3335.0,3035.0,821.0,1081.0,1452.0,1728.0,1878.0,2032.0,2137.0,2187.0,2984.0,2209.0,797.0,1111.5,1400.0,1754.0,1908.0,2005.5,2251.0,2248.0,3112.0,2836.0,691.0,965.0,1356.5,1550.0,1662.5,1830.0,1954.0,2018.0,1839.0,1327.0,568.0,755.0,1141.0,1330.0,1406.0,1648.0,1714.0,1681.0,2580.5,1937.0,557.5,897.5,1313.0,1508.0,1665.0,1813.5,1978.5,1981.5,2725.5,2020.5,630.0,952.0,1379.0,1639.0,1668.0,1866.0,2020.5,2078.5,2432.0,2063.0,1995.0,2055.0,2170.0,2425.0,2419.0,2539.0,2228.0,2628.0,3749.5,3052.5,2150.5,2352.5,2685.0,2929.5,3033.0,3202.0,3508.0,3389.0,0.0,0.0,0.0,0.0,0.0,0.0,0.0,0.0,0.0,0.0,986.0,1087.0,10902.0,10604.0,10602.0,10677.0,10452.0,10031.0,10396.0,9616.0,2033.5,1457.5,884.5,1239.5,1489.5,1760.5,1948.0,2092.5,2194.0,2154.5,3380.0,2673.0,839.0,1199.0,1559.0,2016.0,2122.0,2463.0,2552.0,2441.0,3393.0,2661.5,888.0,1237.0,1544.5,1961.0,2093.0,2286.5,2432.0,2483.0,3076.0,2219.0,736.0,1095.0,1384.0,1833.0,2000.0,2149.0,2263.0,2244.0,4790.0,4211.0,1381.0,1911.0,2400.5,2819.5,2943.5,3121.5,3296.0,3330.0,"{""type"":""MultiPoint"",""coordinates"":[]}"
4424,3,1789.0,1080.0,646.0,1006.0,1390.0,1851.0,2114.0,2280.0,2717.0,2567.0,2696.0,1953.0,814.0,1050.0,1219.0,1603.0,1720.0,1938.0,1909.0,2082.0,2169.0,1336.5,659.0,896.0,1021.5,1426.5,1638.5,1730.0,1830.0,1918.0,2465.5,1711.5,785.5,983.5,1129.5,1475.0,1764.5,1973.5,1964.5,2060.0,4413.0,3788.0,1387.0,1832.0,2142.0,2523.0,2790.0,2976.0,3200.0,3273.0,3185.0,2628.0,1849.0,1952.5,1995.0,2375.5,2609.0,2902.0,2950.5,3055.0,0.0,0.0,0.0,0.0,0.0,0.0,0.0,0.0,0.0,0.0,1566.0,1241.0,1007.0,1040.0,874.0,1137.0,1779.0,2046.0,1892.0,2018.0,1901.5,997.5,218.0,482.0,210.0,729.0,2876.5,3987.0,4019.0,4059.0,1616.0,825.0,298.0,434.5,170.5,610.5,2730.0,4246.0,4304.0,4499.5,2148.0,1342.5,1383.5,1353.5,960.5,1384.0,3231.0,4731.0,4628.5,4948.0,3072.0,2215.0,860.0,1121.0,1490.0,1911.0,2151.0,2298.0,2681.0,2575.0,1628.0,871.0,355.0,506.0,276.0,842.0,2905.0,4370.0,4370.0,4791.0,1723.5,849.5,449.0,782.0,397.5,1207.0,3518.5,4780.0,4983.5,5023.5,1933.0,964.0,451.0,833.0,495.0,1446.0,3654.5,4689.5,4703.0,5069.0,2129.0,1081.0,487.0,974.0,662.0,1701.0,3640.0,4217.0,4176.0,4541.0,2280.0,1263.0,560.0,989.0,932.0,1864.0,3079.0,3685.0,3826.0,4117.0,4188.0,3288.5,2075.0,2451.5,2694.5,3334.5,4025.5,4344.5,4443.5,4587.0,2230.0,1614.5,662.0,871.0,1157.0,1368.5,1691.5,1861.5,1921.0,2111.5,2853.0,2074.0,831.5,1044.5,1317.0,1564.5,1865.5,2025.0,2044.0,2350.0,3456.0,2625.0,927.0,1236.0,1535.0,1836.0,2228.0,2475.0,2605.0,2708.0,3369.0,2535.0,896.0,1204.0,1463.0,1754.0,2317.0,2465.0,2594.0,2782.0,1838.0,1203.0,872.0,1252.0,1430.0,2047.0,2267.0,2439.0,2829.0,2720.0,2896.0,1981.0,765.0,1019.0,1135.0,1520.0,2260.0,2322.0,2631.0,2614.0,1879.0,1152.0,566.0,750.0,1071.0,1481.0,1783.0,1921.0,2090.0,2389.0,2241.0,1499.5,636.5,896.5,1247.5,1521.0,1773.5,1932.5,2021.0,2166.0,2352.5,1617.0,702.0,971.5,1336.0,1589.5,1786.0,1950.5,1990.0,2099.5,0.0,0.0,0.0,0.0,0.0,0.0,0.0,0.0,0.0,0.0,1730.0,1189.0,914.5,1046.0,1310.0,1490.0,1608.5,1712.0,1901.5,1888.0,0.0,0.0,0.0,0.0,0.0,0.0,0.0,0.0,0.0,0.0,1019.0,1125.0,10964.0,10602.0,10440.0,10599.0,10170.0,9773.0,10126.0,9431.0,1175.5,765.0,567.0,997.0,1126.0,1709.5,1818.0,1988.0,2023.5,2170.0,2714.0,1961.0,713.0,1107.0,1254.0,1656.0,1875.0,1977.0,2177.0,2188.0,2190.0,1447.0,768.0,1066.0,1153.0,1655.0,1818.0,2018.0,2135.0,2202.0,2266.0,1425.0,703.0,1009.5,1127.0,1590.0,1762.0,1957.0,2073.5,2112.0,2751.0,1933.0,728.0,1053.0,1187.0,1518.0,1771.0,1866.0,2054.0,2151.0,"{""type"":""MultiPoint"",""coordinates"":[]}"
4434,176,0.0,0.0,0.0,0.0,0.0,0.0,0.0,0.0,0.0,0.0,1955.0,883.0,313.0,741.0,300.0,1155.0,4607.0,5829.0,6298.0,6074.0,2172.0,989.0,409.0,837.0,342.0,1258.0,4877.0,6241.0,6827.0,6708.0,2080.0,953.5,354.0,777.5,319.0,1200.0,4695.5,6041.5,6437.0,6448.5,0.0,0.0,0.0,0.0,0.0,0.0,0.0,0.0,0.0,0.0,2904.0,1658.0,1509.0,1775.0,1280.0,2168.0,4983.0,5902.0,5963.0,6404.0,2382.0,1264.0,565.0,948.5,641.5,1587.5,3922.0,4733.5,4992.5,5355.0,2681.0,1462.0,570.0,868.0,753.0,1543.0,3138.0,3731.0,4052.0,4290.0,2001.0,1320.5,800.5,932.5,933.5,1436.0,2267.5,2576.0,2747.0,2907.0,2215.5,1408.0,853.5,1011.5,953.0,1446.5,2554.5,2919.5,3047.0,3157.0,3259.0,1798.0,1234.0,1389.0,1078.0,1728.0,3859.0,4600.0,4925.0,5018.0,0.0,0.0,0.0,0.0,0.0,0.0,0.0,0.0,0.0,0.0,2581.0,1346.0,920.0,1085.5,780.0,1366.5,3512.0,4287.0,4418.0,4629.5,1397.0,686.5,581.5,682.0,505.0,871.0,2170.0,2674.5,2604.0,2859.5,891.0,479.0,557.0,582.0,528.0,737.0,1175.0,1375.0,1297.0,1478.0,3664.0,2337.0,659.0,963.0,1214.0,1612.0,2483.0,2795.0,2903.0,3209.0,3741.0,2464.0,713.0,987.0,1271.0,1630.0,2513.0,2845.0,3057.0,3279.0,4309.5,2797.0,1000.5,1260.0,1566.0,1989.5,2852.5,3254.0,3419.0,3743.5,3834.5,2439.0,785.0,1104.5,1379.0,1809.0,2746.0,3183.0,3407.5,3761.0,3272.0,1929.0,664.5,967.0,973.0,1534.5,3008.5,3574.5,3688.0,4022.0,2467.5,1259.0,462.5,794.0,529.5,1252.0,3452.5,4086.5,4284.5,4360.0,2253.0,1077.0,384.0,745.0,414.0,1184.0,3745.0,4310.0,4698.0,4660.0,0.0,0.0,0.0,0.0,0.0,0.0,0.0,0.0,0.0,0.0,2326.0,1170.0,330.0,694.0,425.0,1235.0,3540.0,4281.0,4553.0,4635.0,2267.5,1122.5,285.5,678.5,431.0,1232.0,3608.0,4192.5,4703.0,4621.5,2330.0,1236.0,341.0,673.0,559.0,1238.0,3015.0,3561.0,4067.0,3930.0,2509.0,1320.0,325.5,695.5,620.0,1378.0,3235.5,3816.5,4338.5,4312.5,2460.0,1305.0,277.0,692.0,559.0,1321.0,3522.0,4053.0,4926.0,4561.0,2572.5,1376.5,343.5,751.5,544.5,1406.0,3834.0,4476.0,5125.0,4980.5,0.0,0.0,0.0,0.0,0.0,0.0,0.0,0.0,0.0,0.0,685.0,663.0,9354.0,9288.0,9471.0,9766.0,9325.0,9135.0,9263.0,8650.0,1840.0,1289.0,4943.5,5072.0,5164.5,5626.5,6031.5,6168.5,6392.5,5996.5,2970.0,1864.5,547.0,872.5,875.0,1505.5,2844.0,3252.0,3621.5,3507.5,0.0,0.0,0.0,0.0,0.0,0.0,0.0,0.0,0.0,0.0,2150.5,1029.0,337.0,695.0,374.5,1160.5,3793.5,4408.5,4982.0,4778.0,1970.5,908.5,323.0,705.5,317.0,1127.5,4204.5,5260.0,5809.5,5487.0,"{""type"":""MultiPoint"",""coordinates"":[]}"
4440,1,2015.5,1164.5,435.5,810.5,759.5,1644.0,2649.0,2917.5,3233.0,3223.0,3189.0,2462.0,824.0,1264.0,1601.0,2175.0,2407.0,2598.0,2680.0,2769.0,2830.0,2103.0,767.0,1137.0,1493.0,1986.0,2178.0,2359.0,2560.0,2540.0,3323.0,2571.0,795.5,1248.5,1533.5,2154.5,2623.0,2824.0,2984.5,3041.5,2584.0,1760.0,597.0,998.0,1210.0,1695.0,2298.0,2521.0,2671.0,2695.0,3807.0,2707.0,1534.0,1847.0,1838.0,2363.0,3700.0,4451.0,4398.0,4661.0,0.0,0.0,0.0,0.0,0.0,0.0,0.0,0.0,0.0,0.0,1758.5,727.5,239.5,391.5,161.0,522.5,3090.5,5100.0,5051.0,5233.5,1780.0,788.0,278.5,431.5,246.5,570.5,2904.5,4703.0,4760.0,4999.0,1059.0,470.5,292.0,351.0,191.5,369.5,1703.0,2758.0,2811.5,2856.5,1874.0,836.0,303.0,471.0,277.0,650.0,2801.0,4497.0,4488.0,4731.0,2246.0,1314.0,433.0,813.0,795.0,1687.0,2636.0,2905.0,3191.0,3168.0,1715.0,760.0,470.0,530.0,331.0,750.0,2796.0,4110.0,4025.0,4511.0,1781.0,861.0,373.0,650.0,502.0,1092.0,2446.0,2958.0,3130.0,3341.0,2778.5,1739.0,853.0,967.5,1022.0,1400.0,1971.5,2356.5,2571.5,2773.5,2716.0,1804.0,662.0,713.0,863.0,1098.0,1320.0,1518.0,1538.0,1725.0,2604.5,1748.0,449.5,616.0,845.5,1110.0,1278.0,1444.0,1551.0,1693.0,2911.0,2053.5,487.0,657.5,928.0,1190.5,1363.5,1534.5,1646.0,1784.0,4304.0,3041.0,1292.0,1774.0,2582.5,3059.0,3256.5,3526.5,3770.5,3949.0,2973.5,1885.5,1016.5,1271.5,1603.5,1981.5,2323.5,2530.5,2569.0,2800.5,3977.5,3109.5,1114.0,1562.5,1978.0,2594.0,3118.5,3376.5,3593.0,3730.5,3802.0,2508.0,821.5,1217.0,1544.5,2102.5,2849.0,3183.5,3471.5,3586.5,2346.0,1368.0,506.0,915.0,840.0,1826.0,2880.0,3164.0,3579.0,3493.0,3763.0,2580.5,939.0,1287.0,1807.0,2230.5,2562.0,2805.5,3140.5,3213.5,4666.0,3615.5,2415.0,2561.0,2795.0,3155.5,3375.0,3504.5,3973.0,3852.0,3050.0,2267.5,914.5,1208.0,1551.0,1973.5,2371.0,2584.5,2707.5,2937.5,3244.0,2223.0,916.0,1230.0,1455.0,1930.0,2373.0,2569.0,2780.0,2914.0,0.0,0.0,0.0,0.0,0.0,0.0,0.0,0.0,0.0,0.0,2735.0,1748.5,661.5,989.0,1028.5,1699.0,2581.0,2835.5,3039.0,3125.0,5875.0,5506.0,4970.0,4954.0,5090.0,5532.0,5737.0,5845.0,6250.0,5951.0,86.0,112.0,8767.0,8795.0,8775.0,9012.0,8647.0,7841.0,7930.0,7202.0,968.0,566.0,3005.0,3227.0,3502.0,3940.0,3999.0,3956.0,4179.0,3978.0,2702.0,1799.0,731.0,1023.0,1505.0,1812.0,1955.0,2182.0,2493.0,2508.0,3561.0,2710.5,2382.0,2424.5,2576.5,2889.5,2940.0,3061.0,3157.5,3144.5,3255.0,2369.0,679.0,953.0,1304.0,1645.0,1811.0,1959.0,2253.0,2291.0,3283.0,2386.0,646.0,949.0,1370.0,1654.0,1825.0,2027.0,2247.0,2353.0,"{""type"":""MultiPoint"",""coordinates"":[]}"
4446,5,1732.0,1137.5,630.5,856.5,1121.5,1416.0,1543.0,1678.5,1890.0,1923.0,5503.5,5114.5,1901.0,2357.5,2881.0,3344.5,3591.0,3815.0,3996.5,4151.0,2273.0,1468.0,785.0,1022.5,1237.0,1601.5,1804.5,1967.5,2097.0,2222.0,2939.0,2142.0,1172.0,1430.0,1842.0,2060.0,2137.0,2356.0,2436.0,2588.0,2800.0,2282.0,802.0,1014.0,1348.0,1504.0,1599.0,1715.0,1943.0,1944.0,0.0,0.0,0.0,0.0,0.0,0.0,0.0,0.0,0.0,0.0,0.0,0.0,0.0,0.0,0.0,0.0,0.0,0.0,0.0,0.0,4289.0,3552.0,1893.0,2087.0,2068.0,2547.0,3246.0,3626.0,3565.0,3820.0,4219.0,3373.0,1125.0,1549.0,1601.0,2202.0,3315.0,3653.0,3902.0,4016.0,3479.0,2485.0,900.0,1244.0,1095.0,1569.0,3824.0,4834.0,4838.0,5179.0,2659.0,1397.0,485.0,811.0,518.0,1228.0,3724.0,4860.0,4657.0,5004.0,2530.0,1872.0,846.0,1091.0,1399.0,1648.0,1771.0,1924.0,2077.0,2104.0,2322.5,1099.0,452.0,703.5,376.0,1023.5,4098.0,5384.5,5054.5,5705.0,2292.5,1056.5,489.0,665.5,395.0,908.0,3866.5,5510.0,5396.5,5776.5,2335.0,1394.5,877.5,977.5,874.5,1475.0,3836.5,5056.5,4692.0,5222.5,2736.0,1597.5,1439.5,1492.5,1162.5,1797.5,3874.5,4704.0,4709.5,4843.0,2009.0,980.0,355.0,731.0,462.0,1113.0,3201.0,3987.0,4009.0,4344.0,1623.0,833.0,408.0,743.0,550.0,1315.0,2645.0,2988.0,3137.0,3337.0,2415.0,1705.5,454.5,641.0,780.5,1125.0,1337.0,1534.0,1719.0,1837.5,2077.0,1568.0,958.5,1011.0,1060.0,1307.0,1484.0,1590.5,1527.0,1749.0,3346.0,2422.0,725.0,965.0,1251.0,1606.0,1828.0,1993.0,2183.0,2258.0,3381.0,2478.0,797.0,1050.0,1332.0,1665.0,1893.0,2056.0,2205.0,2316.0,2088.0,1551.0,851.0,1037.0,1238.5,1479.0,1598.0,1712.5,1847.0,1913.0,2470.5,1946.0,761.0,943.0,1191.0,1394.5,1520.5,1650.0,1805.5,1843.0,2676.0,2068.5,920.5,1094.0,1338.5,1597.5,1740.5,1880.0,2038.5,2104.0,2609.0,1898.0,698.0,933.5,1257.0,1482.5,1627.5,1766.0,2015.5,2029.5,2999.5,2334.0,832.5,1114.5,1441.5,1712.5,1851.5,1989.5,2186.5,2246.0,0.0,0.0,0.0,0.0,0.0,0.0,0.0,0.0,0.0,0.0,2456.0,1648.0,727.0,972.0,1209.0,1556.0,1750.0,1920.0,2157.0,2177.0,0.0,0.0,0.0,0.0,0.0,0.0,0.0,0.0,0.0,0.0,775.0,836.0,10890.0,10560.0,10430.0,10532.0,10142.0,9710.0,10078.0,9319.0,165.0,158.0,8656.0,8658.0,8810.0,9108.0,8611.0,8181.0,8282.0,7644.0,2512.0,1702.0,794.0,1052.5,1284.0,1631.5,1854.0,1999.0,2216.5,2244.0,2642.0,1788.0,765.0,1038.0,1175.0,1593.0,1937.0,2160.0,2336.0,2394.0,2448.0,1664.0,766.0,1023.0,1157.0,1605.0,2081.0,2226.0,2389.0,2466.0,2633.0,1846.0,803.0,1052.0,1242.0,1611.0,1798.0,1969.0,2157.0,2249.0,"{""type"":""MultiPoint"",""coordinates"":[]}"
4447,5,2449.0,1787.0,610.0,793.0,1034.5,1256.0,1418.0,1525.0,1742.0,1732.0,4640.5,3844.0,2382.5,2603.5,2960.0,3377.5,3555.5,3716.5,4010.5,4010.0,2389.5,1660.5,666.0,840.5,1097.0,1321.5,1420.0,1567.5,1705.5,1748.5,2612.0,1870.0,711.0,895.0,1147.0,1395.0,1500.5,1663.0,1813.0,1861.0,4723.0,4290.5,1296.5,1778.0,2186.5,2583.5,2915.0,3135.0,3288.5,3355.5,4552.0,3981.0,1211.5,1636.5,1961.5,2411.5,2928.0,3186.5,3283.0,3380.0,0.0,0.0,0.0,0.0,0.0,0.0,0.0,0.0,0.0,0.0,2199.5,1423.5,468.0,736.5,549.0,1027.5,2311.5,2715.5,2757.5,2843.5,0.0,0.0,0.0,0.0,0.0,0.0,0.0,0.0,0.0,0.0,2319.0,1062.0,268.5,489.0,269.5,747.5,3647.5,4795.0,4871.5,5099.5,2468.0,1054.0,611.5,739.5,436.5,942.5,4356.0,6181.5,6233.0,6572.0,2393.5,1891.0,558.0,759.0,983.5,1178.5,1370.5,1471.0,1663.0,1635.0,3051.0,1429.5,1219.5,1310.0,982.0,1520.0,4841.0,6547.0,6522.0,7120.0,2307.0,959.5,450.0,599.5,336.5,800.5,3798.0,5207.5,5369.5,5590.0,0.0,0.0,0.0,0.0,0.0,0.0,0.0,0.0,0.0,0.0,2261.0,1027.0,387.5,655.0,374.0,1024.5,3569.0,4572.0,4477.0,4954.0,2184.0,1138.5,322.5,686.5,446.5,1201.0,2943.0,3525.0,3784.0,3969.5,0.0,0.0,0.0,0.0,0.0,0.0,0.0,0.0,0.0,0.0,3345.5,2721.0,552.5,734.0,1087.5,1307.5,1411.0,1561.0,1777.0,1869.5,3589.0,3124.5,855.5,1149.5,1515.5,1746.0,1871.5,1995.0,2084.0,2190.0,3536.5,3105.5,884.5,1177.0,1519.5,1756.5,1962.0,2128.5,2288.5,2316.0,3718.0,3496.5,1411.0,1601.5,1812.0,2128.5,2341.5,2472.5,2598.0,2695.0,0.0,0.0,0.0,0.0,0.0,0.0,0.0,0.0,0.0,0.0,2875.0,2518.5,670.0,920.0,1212.0,1423.5,1559.5,1671.5,1856.5,1861.0,2809.0,2345.0,647.0,935.0,1090.5,1399.0,1751.5,1880.5,1966.0,2037.5,1642.5,1045.0,266.0,516.0,460.5,853.5,1507.0,1616.0,1761.0,1731.0,2199.5,1409.0,453.0,760.0,597.0,1175.5,2334.5,2570.0,2662.0,2714.0,0.0,0.0,0.0,0.0,0.0,0.0,0.0,0.0,0.0,0.0,1802.0,858.5,318.0,659.0,285.0,995.5,3278.0,3897.5,4081.5,3927.5,0.0,0.0,0.0,0.0,0.0,0.0,0.0,0.0,0.0,0.0,198.0,244.5,12758.0,11937.0,11301.0,11274.5,10748.0,10159.0,10469.0,9508.0,0.0,0.0,0.0,0.0,0.0,0.0,0.0,0.0,0.0,0.0,2557.0,1763.5,608.5,858.0,958.0,1380.5,1909.0,2072.5,2290.5,2280.5,2977.0,2324.0,687.5,970.5,1261.5,1654.0,2015.5,2154.5,2400.0,2367.5,2350.0,1596.0,554.0,782.0,1050.5,1393.5,1594.5,1704.5,1931.5,1945.0,2212.0,1444.5,621.5,865.5,1101.0,1356.0,1541.0,1669.0,1818.0,1878.5,"{""type"":""MultiPoint"",""coordinates"":[]}"
4449,5,2378.0,1451.0,537.0,858.0,945.0,1651.0,2541.0,2785.0,3168.0,3049.0,4609.0,4412.0,1367.0,1970.0,2629.0,2904.0,3033.0,3076.0,3420.0,3284.0,2775.0,1925.0,832.0,1102.0,1541.0,1784.0,1927.0,2100.0,2263.0,2283.0,3008.0,2254.0,870.0,1310.0,1630.0,2013.0,2200.0,2356.0,2531.0,2488.0,5663.0,5086.0,2036.0,2894.0,3488.0,4054.0,4354.0,4575.0,4852.0,4823.0,5652.0,4934.0,1665.0,2471.0,2704.0,3617.0,4627.0,4915.0,5036.0,5140.0,0.0,0.0,0.0,0.0,0.0,0.0,0.0,0.0,0.0,0.0,2930.0,1377.0,287.0,698.0,243.0,1097.0,4868.0,5892.0,5910.0,6012.0,3491.0,1507.0,390.0,652.0,301.0,980.0,6037.0,8350.0,8214.0,8648.0,2574.5,1091.5,217.0,438.5,191.0,700.5,4502.5,6566.0,6647.5,6910.0,2727.0,1160.0,434.0,565.0,321.0,805.0,4578.0,6937.0,6934.0,7346.0,2502.0,1607.0,591.0,876.0,1012.0,1703.0,2502.0,2775.0,3142.0,3031.0,2675.0,1041.0,374.5,515.0,282.0,730.5,4644.0,6983.5,6956.5,7516.5,2240.0,914.0,430.0,540.0,326.0,696.0,3839.0,5631.0,5724.0,5994.0,2071.0,855.0,318.0,491.0,271.0,717.0,3631.0,5198.0,5131.0,5563.0,2334.0,1114.0,534.5,774.0,504.5,1131.5,3802.0,4870.0,4760.5,5236.5,2234.0,1217.0,405.0,797.5,659.5,1436.0,2920.0,3420.5,3631.0,3788.5,0.0,0.0,0.0,0.0,0.0,0.0,0.0,0.0,0.0,0.0,2898.5,2167.5,463.5,652.0,946.0,1191.5,1340.5,1498.5,1668.0,1768.0,3942.0,3056.0,897.0,1158.0,1543.0,1824.0,1906.0,2067.0,2105.0,2274.0,3924.5,3051.0,921.0,1179.5,1542.5,1821.5,1966.5,2116.5,2284.5,2352.5,3117.5,2377.5,764.5,972.0,1202.0,1507.5,1749.0,1941.5,1953.0,2192.0,0.0,0.0,0.0,0.0,0.0,0.0,0.0,0.0,0.0,0.0,3711.0,2605.5,892.5,1212.0,1390.0,1845.0,2300.0,2489.0,2681.5,2710.0,4304.0,3635.0,3016.0,3178.0,3084.0,3548.0,3947.0,3928.0,4113.0,3945.0,2797.0,1737.0,624.0,979.0,1112.0,1684.0,2464.0,2661.0,2926.0,2910.0,2853.0,1779.0,680.0,986.0,1026.0,1659.5,2606.0,2820.0,3000.0,3024.0,0.0,0.0,0.0,0.0,0.0,0.0,0.0,0.0,0.0,0.0,2541.0,1490.0,529.0,894.0,793.0,1604.0,2977.0,3204.0,3600.0,3475.0,0.0,0.0,0.0,0.0,0.0,0.0,0.0,0.0,0.0,0.0,446.0,512.0,10618.0,10316.0,10198.0,10290.0,9977.0,9484.0,9908.0,9078.0,0.0,0.0,0.0,0.0,0.0,0.0,0.0,0.0,0.0,0.0,2560.0,1635.0,524.0,922.0,1002.0,1674.0,2407.0,2594.0,2958.0,2951.0,2859.0,2016.0,787.0,1204.0,1639.0,1867.0,1998.0,2168.0,2396.0,2345.0,2717.0,1873.0,704.0,1144.0,1613.0,1900.0,1977.0,2171.0,2379.0,2372.0,3206.0,2296.0,1067.0,1516.0,1964.0,2305.0,2430.0,2564.0,2794.0,2794.0,"{""type"":""MultiPoint"",""coordinates"":[]}"
4453,5,1564.0,940.0,575.0,772.0,1043.0,1221.0,1323.0,1453.0,1684.0,1650.0,3529.0,3189.0,951.0,1235.0,1576.0,1790.0,1877.0,2019.0,2194.0,2255.0,1918.0,1244.0,572.0,671.0,842.0,985.0,1085.0,1191.0,1313.0,1337.0,2158.0,1475.0,588.0,714.0,914.0,1089.0,1225.0,1335.0,1493.0,1522.0,0.0,0.0,0.0,0.0,0.0,0.0,0.0,0.0,0.0,0.0,4757.0,4116.0,1235.0,1592.0,1917.0,2347.0,2858.0,3141.0,3266.0,3433.0,0.0,0.0,0.0,0.0,0.0,0.0,0.0,0.0,0.0,0.0,3131.0,2315.0,683.0,1014.0,995.0,1532.0,2677.0,3072.0,3189.0,3249.0,0.0,0.0,0.0,0.0,0.0,0.0,0.0,0.0,0.0,0.0,1713.0,945.0,674.0,816.5,517.0,1002.5,2609.5,3164.0,3234.0,3329.0,2445.0,1193.5,1364.0,1321.0,926.5,1427.5,4274.5,5683.0,5507.5,5919.5,2910.0,2359.0,862.0,1121.0,1478.0,1661.0,1758.0,1867.0,2141.0,2124.0,2383.5,1248.5,953.0,1022.0,783.5,1229.5,3719.0,5032.5,4975.5,5310.5,1981.0,971.0,403.0,588.0,342.0,836.0,3226.0,4506.0,4552.0,4728.0,1882.0,880.0,486.0,609.0,376.0,890.0,3155.0,4286.0,4187.0,4563.0,1847.5,900.0,412.5,671.5,419.5,1082.5,2921.5,3588.0,3501.5,3930.0,2047.0,1194.0,400.0,716.0,595.5,1257.5,2288.0,2607.0,2833.0,3022.5,0.0,0.0,0.0,0.0,0.0,0.0,0.0,0.0,0.0,0.0,3459.0,2581.0,679.5,863.0,1215.0,1419.0,1514.5,1698.5,1884.0,2017.0,3617.0,2704.0,837.0,1030.0,1359.0,1607.0,1690.0,1809.0,1892.0,2112.0,3709.5,2849.5,864.0,1049.5,1383.5,1611.5,1759.0,1911.5,2079.5,2148.5,3776.0,2927.0,932.0,1092.0,1397.0,1666.0,1820.0,2002.0,2151.0,2237.0,0.0,0.0,0.0,0.0,0.0,0.0,0.0,0.0,0.0,0.0,3496.0,2541.5,928.5,1121.0,1366.5,1646.0,1836.5,2005.0,2179.0,2243.5,0.0,0.0,0.0,0.0,0.0,0.0,0.0,0.0,0.0,0.0,1788.0,994.0,493.0,643.0,890.0,1084.0,1160.0,1322.0,1490.0,1550.0,4217.5,3467.0,2952.5,3034.5,3234.0,3467.0,3396.5,3488.0,3673.0,3585.5,0.0,0.0,0.0,0.0,0.0,0.0,0.0,0.0,0.0,0.0,1734.0,1023.0,531.0,634.0,852.0,1014.0,1137.0,1261.0,1437.0,1452.0,0.0,0.0,0.0,0.0,0.0,0.0,0.0,0.0,0.0,0.0,655.0,721.0,10853.0,10572.0,10493.0,10540.0,10234.0,9808.0,10171.0,9381.0,0.0,0.0,0.0,0.0,0.0,0.0,0.0,0.0,0.0,0.0,2466.0,1760.0,757.0,969.0,1227.0,1417.0,1541.0,1662.0,1847.0,1862.0,3998.0,3451.5,1091.0,1424.0,1851.0,2119.0,2249.5,2421.5,2642.0,2687.0,2040.5,1266.5,710.0,854.5,1083.0,1315.0,1391.0,1524.0,1689.0,1726.5,0.0,0.0,0.0,0.0,0.0,0.0,0.0,0.0,0.0,0.0,"{""type"":""MultiPoint"",""coordinates"":[]}"
4454,3,2068.0,1714.5,1435.5,1509.5,1630.0,1800.5,1786.5,1833.5,1975.0,1943.5,2628.5,2176.5,1303.0,1511.5,1786.0,2007.5,2072.5,2179.5,2210.0,2337.5,2503.5,1830.5,885.0,1136.5,1371.0,1628.5,1710.0,1846.5,1971.5,2022.5,151.5,117.0,989.0,1419.0,1747.5,1947.5,1642.0,1706.5,1660.0,1425.5,5615.0,5460.5,2363.0,2930.5,3479.0,3833.5,3987.5,4138.0,4457.0,4369.0,6193.0,5969.0,2488.5,3026.5,3586.5,4090.0,4286.5,4477.0,4516.0,4726.0,0.0,0.0,0.0,0.0,0.0,0.0,0.0,0.0,0.0,0.0,5357.0,5032.5,2047.5,2550.5,2930.0,3460.0,3777.5,4077.5,4119.5,4252.0,982.5,724.0,536.5,783.5,769.5,1145.5,1312.5,1605.5,1468.0,1787.5,973.5,487.5,374.0,562.5,403.0,770.5,1965.5,2643.0,2517.5,2536.0,1473.0,665.0,561.0,663.5,424.5,771.5,2547.5,4013.5,3912.5,4136.0,2751.0,2226.0,910.0,1173.5,1474.5,1702.0,1794.0,1909.0,2138.5,2110.0,1206.5,501.5,326.5,431.0,211.5,581.0,2465.0,3910.5,3764.0,4003.0,1259.0,584.0,678.5,718.5,431.0,804.0,2720.5,4377.5,4356.0,4562.0,1152.5,490.5,261.5,425.0,205.0,636.0,2627.0,3987.0,3962.5,4236.0,1370.5,634.5,388.5,659.0,360.0,1037.0,2895.5,4007.5,3955.5,4314.0,1499.5,754.5,437.0,753.0,543.0,1295.5,2905.0,3610.0,3807.0,3914.0,1970.5,1242.5,1109.0,1298.0,1143.5,1779.0,2847.5,3296.0,3506.5,3557.5,1831.0,1048.0,461.0,730.0,807.0,1360.5,2055.5,2341.0,2530.5,2692.0,4492.5,3640.5,2903.5,3288.0,3524.5,4079.0,4380.0,4489.5,4229.0,4635.0,3648.0,2495.0,781.0,1207.0,1574.0,2080.0,2599.0,2813.0,3140.5,3111.5,3476.0,2331.5,778.0,1184.5,1564.0,2071.0,2437.0,2606.5,2840.5,2999.5,3160.0,2744.5,1159.5,1459.0,1807.5,2050.5,2153.0,2293.0,2515.0,2456.0,3675.5,2601.5,897.5,1241.5,1744.5,2101.0,2325.0,2461.5,2774.5,2800.0,2853.0,1916.5,1069.5,1335.0,1932.5,2288.5,2391.5,2606.5,2866.5,2952.0,3009.5,2078.0,874.0,1225.5,1766.5,2048.5,2167.0,2332.0,2621.0,2655.0,3452.5,2386.5,949.0,1323.0,1838.5,2144.5,2239.5,2467.0,2647.0,2739.5,2333.0,1765.5,1807.5,1888.5,1968.0,2133.0,2111.5,2232.0,2270.5,2364.0,1919.0,1379.0,908.0,1055.0,1378.0,1619.5,1628.5,1754.0,1886.5,1947.0,0.0,0.0,0.0,0.0,0.0,0.0,0.0,0.0,0.0,0.0,1073.0,1204.0,10697.0,10347.0,10277.0,10384.5,10033.0,9687.0,10081.0,9340.5,1271.5,907.0,2384.0,2506.5,2708.5,2861.5,2864.0,2920.0,3010.5,2908.0,2744.5,2366.5,1051.5,1299.0,1625.0,1896.5,1951.0,2108.5,2027.0,2249.0,2612.5,2025.0,998.5,1226.5,1541.0,1758.5,1846.0,1971.5,2132.0,2137.5,2816.0,2190.5,1020.5,1329.0,1638.0,1861.5,1954.5,2053.5,2255.5,2249.0,4795.0,4690.0,1856.0,2255.5,2756.5,3047.0,3105.5,3227.5,3485.0,3458.5,"{""type"":""MultiPoint"",""coordinates"":[]}"
4460,5,1695.0,1261.0,689.0,844.0,1124.0,1394.0,1504.0,1573.0,1776.0,1780.0,4032.0,3211.0,1371.0,1790.0,2128.0,2570.0,2815.0,2944.0,3051.0,3138.0,1967.5,1196.5,867.5,1152.0,1389.5,1804.0,2016.5,2113.5,2226.0,2295.5,2301.0,1477.0,1111.0,1383.5,1544.5,1996.0,2113.0,2268.5,2390.5,2564.5,3219.0,2337.0,1050.0,1427.0,1679.0,2054.0,2313.0,2403.0,2643.0,2685.0,4300.0,3864.0,2582.0,2695.0,2812.0,3173.0,3365.0,3660.0,3724.0,3869.0,959.0,569.0,1086.0,1187.0,1393.0,1621.0,1775.0,1866.0,1807.0,1938.0,4147.5,3411.0,2185.5,2364.5,2454.5,2885.0,3194.0,3426.5,3446.0,3602.5,4052.0,3655.0,1464.0,1751.0,2126.0,2427.0,2559.0,2780.0,2843.0,3047.0,3565.0,2850.5,1457.5,1701.0,1989.0,2218.5,2526.5,2727.0,2699.5,2921.0,5000.5,4206.5,3886.5,3834.0,3917.5,4291.0,4496.0,4631.5,4838.0,4769.5,2183.0,1627.0,701.0,945.0,1196.0,1426.0,1656.0,1789.0,1865.0,1841.0,3906.0,2990.0,1678.0,1930.0,2099.5,2442.0,3020.5,3337.5,3345.0,3586.0,4870.0,4101.5,1740.0,2120.0,2426.5,2969.5,3565.0,3851.0,3975.0,4128.5,4683.0,3681.0,1803.0,2184.0,2433.0,2970.0,3599.0,4028.0,3993.0,4360.0,3925.0,3038.0,1224.0,1558.0,1778.0,2232.0,2989.0,3375.0,3231.0,3589.0,3780.0,2811.0,1111.0,1466.0,1671.0,2142.0,3023.0,3509.0,3437.0,3743.0,2273.5,1529.5,930.0,1120.0,1068.5,1541.0,2413.0,2698.0,2695.5,2856.5,3163.0,2308.0,867.5,1204.0,1228.0,1765.0,2926.0,3262.0,3385.0,3525.5,2087.0,1151.0,573.0,868.0,769.0,1372.0,2412.0,2722.0,2667.0,2909.0,3194.0,2305.0,804.0,1159.0,1220.5,1833.0,2574.0,2929.0,2997.0,3169.5,3789.5,3039.5,984.5,1302.0,1599.5,1992.0,2378.5,2599.0,2784.0,2912.5,1465.5,1122.0,672.0,808.5,967.5,1141.0,1224.5,1313.0,1332.0,1390.0,2921.0,2162.0,775.0,973.0,1205.0,1512.0,1850.0,2074.0,2135.0,2255.0,0.0,0.0,0.0,0.0,0.0,0.0,0.0,0.0,0.0,0.0,2038.5,1294.5,531.0,765.0,983.5,1272.5,1540.0,1663.5,1909.0,2027.5,2392.5,1679.5,649.0,876.5,1106.0,1428.5,1648.5,1840.5,1960.5,2065.0,0.0,0.0,0.0,0.0,0.0,0.0,0.0,0.0,0.0,0.0,2259.0,1615.5,1171.5,1315.5,1453.5,1750.5,1872.0,1969.5,2243.5,2119.0,0.0,0.0,0.0,0.0,0.0,0.0,0.0,0.0,0.0,0.0,1137.0,1227.0,10780.0,10524.0,10462.0,10568.0,10186.0,9823.0,10276.0,9455.0,1114.0,754.0,2538.0,2714.0,2986.5,3281.5,3257.0,3265.5,3331.5,3175.0,1873.5,1257.5,766.5,1036.0,1331.0,1580.5,1739.5,1909.5,2064.5,2037.5,2094.0,1519.0,1065.5,1326.0,1604.5,1953.5,2137.0,2279.5,2399.5,2401.0,1156.0,773.0,660.0,922.0,1184.0,1601.0,1609.0,1786.0,1845.0,1868.0,2160.0,1479.0,929.0,1242.0,1527.0,1908.0,1967.0,2207.0,2169.0,2287.0,"{""type"":""MultiPoint"",""coordinates"":[]}"
4471,5,2061.0,1448.0,563.0,664.0,896.0,1002.0,1089.0,1202.0,1405.0,1360.0,0.0,0.0,0.0,0.0,0.0,0.0,0.0,0.0,0.0,0.0,2354.0,1621.0,682.0,812.0,1075.0,1218.0,1305.0,1418.0,1606.0,1612.0,3462.0,2893.0,931.0,1185.0,1479.0,1744.0,1982.0,2123.0,2311.0,2333.0,4728.0,3977.0,1434.0,1883.0,2244.0,2674.0,3080.0,3360.0,3492.0,3560.0,4170.0,3360.0,1146.0,1524.0,1666.0,2133.0,2993.0,3341.0,3433.0,3589.0,0.0,0.0,0.0,0.0,0.0,0.0,0.0,0.0,0.0,0.0,3103.5,1762.5,710.0,1034.0,657.5,1420.0,4415.5,5280.5,5330.0,5505.0,2654.5,1300.5,496.5,728.5,428.5,1080.5,4017.5,5250.0,5446.0,5670.5,2177.0,1021.5,277.0,498.0,273.5,760.0,3652.5,4908.5,5201.0,5267.5,2033.0,889.0,377.0,555.0,297.0,791.0,3805.0,5370.0,5379.0,5642.0,2223.0,1782.0,565.0,731.0,953.0,1065.0,1170.0,1235.0,1455.0,1427.0,2167.0,936.0,457.0,636.0,396.0,899.0,3910.0,5319.0,5371.0,5736.0,3779.5,2869.5,2173.5,2629.5,2633.5,3218.5,5210.0,6109.5,5660.0,6403.5,0.0,0.0,0.0,0.0,0.0,0.0,0.0,0.0,0.0,0.0,2167.5,1066.5,406.0,662.5,439.0,1048.0,3316.0,4234.5,4136.5,4519.5,2077.5,1104.0,266.0,582.0,384.5,1111.0,2649.0,3219.0,3456.0,3599.0,0.0,0.0,0.0,0.0,0.0,0.0,0.0,0.0,0.0,0.0,2681.5,1881.5,436.0,580.0,781.0,1029.0,1210.0,1367.0,1544.0,1642.5,2895.0,2044.0,497.0,623.0,789.0,1016.0,1180.0,1306.0,1418.0,1538.0,3546.5,2547.0,784.5,969.0,1294.0,1541.5,1699.0,1885.5,2106.0,2170.5,4078.0,2946.0,1059.0,1299.0,1769.0,2030.0,2190.0,2365.0,2600.0,2671.0,0.0,0.0,0.0,0.0,0.0,0.0,0.0,0.0,0.0,0.0,2970.0,2237.0,744.5,909.0,1195.5,1373.5,1467.5,1583.5,1781.0,1806.5,2612.0,2232.0,618.0,792.0,1063.0,1208.0,1278.0,1377.0,1469.0,1551.0,1383.0,892.0,280.0,403.0,589.0,671.0,731.0,815.0,940.0,950.0,2327.5,1833.0,558.0,706.5,951.0,1100.5,1155.5,1278.0,1392.5,1485.5,0.0,0.0,0.0,0.0,0.0,0.0,0.0,0.0,0.0,0.0,1724.0,1155.0,460.0,531.0,703.0,794.0,894.0,954.0,1101.0,1100.0,0.0,0.0,0.0,0.0,0.0,0.0,0.0,0.0,0.0,0.0,135.0,176.0,14415.0,13132.0,12248.0,12142.0,11407.0,10635.0,10866.0,9824.0,0.0,0.0,0.0,0.0,0.0,0.0,0.0,0.0,0.0,0.0,2380.0,1751.0,667.0,810.0,1048.0,1213.0,1265.0,1372.0,1589.0,1606.0,3255.0,2737.0,873.0,1116.0,1466.0,1655.0,1737.0,1827.0,2132.0,2042.0,1619.5,1095.0,620.5,712.0,844.5,960.0,1018.0,1106.0,1232.5,1254.5,2335.0,1532.0,651.0,853.0,1118.0,1295.0,1380.0,1474.0,1656.0,1705.0,"{""type"":""MultiPoint"",""coordinates"":[]}"
4482,5,1678.0,1075.0,504.0,786.0,818.0,1631.0,2924.0,3119.0,3378.0,3375.0,4579.0,3796.0,1135.5,1462.5,1992.5,2330.5,2479.5,2681.5,2894.0,2989.5,2924.0,2158.0,780.0,957.0,1346.0,1542.0,1699.0,1841.0,2011.0,2081.0,4393.0,3972.5,1100.5,1429.0,1925.5,2248.5,2418.0,2607.5,2805.0,2912.0,3578.0,2887.0,831.0,1145.0,1545.0,1870.0,2138.0,2364.0,2611.0,2663.0,5124.0,4188.0,1127.0,1632.0,1859.0,2590.0,3825.0,4193.0,4462.0,4529.0,0.0,0.0,0.0,0.0,0.0,0.0,0.0,0.0,0.0,0.0,2901.5,1632.0,403.5,688.5,464.5,1099.5,3589.0,4369.5,4347.5,4531.5,2238.0,1052.0,158.0,395.0,178.0,709.0,3583.0,4526.0,4675.0,4674.0,2802.5,1266.0,274.0,507.0,231.5,815.5,4775.0,6588.5,6553.0,6852.5,2618.0,1116.0,290.0,450.0,219.0,709.0,4497.0,6497.0,6518.0,6755.0,2042.0,1135.0,450.0,724.0,815.0,1805.0,2898.0,3205.0,3498.0,3454.0,2353.0,968.0,316.0,430.0,257.0,671.0,4315.0,6238.0,6097.0,6636.0,2450.5,1000.5,404.5,595.0,342.0,917.5,4293.5,6057.0,6106.0,6432.0,2486.0,1000.0,384.0,572.0,294.0,869.0,4369.0,6000.0,5883.0,6420.0,1718.5,768.5,399.0,659.0,384.5,892.5,3036.5,3850.0,3720.5,4072.5,2142.5,1095.5,328.5,727.5,470.0,1361.0,3185.5,3789.0,3787.0,4066.5,1395.0,843.0,314.0,489.5,456.0,891.0,1333.0,1499.5,1570.5,1749.0,2708.0,1915.0,525.5,669.5,937.5,1174.0,1286.5,1438.0,1598.0,1706.0,2691.0,1966.0,515.0,711.0,859.0,1180.0,1325.0,1481.0,1543.0,1709.0,3272.5,3021.5,804.5,976.0,1326.0,1571.0,1677.5,1840.0,1882.5,2026.5,3491.0,3214.0,816.0,1089.0,1454.5,1747.0,2020.0,2186.5,2258.0,2403.5,1884.0,1060.0,474.0,696.0,760.0,1677.0,2845.0,3131.0,3478.0,3370.0,2729.5,2098.5,592.5,903.0,973.0,1488.0,2303.5,2480.5,2674.5,2674.0,4890.5,4332.5,3680.5,3688.5,3678.5,4216.0,4669.5,4745.0,5035.0,4826.5,2109.5,1346.5,395.0,711.5,652.5,1275.5,2687.5,2956.0,3254.5,3114.5,1835.0,1380.0,525.0,786.0,650.0,1436.0,2552.0,2798.0,2970.0,2969.0,0.0,0.0,0.0,0.0,0.0,0.0,0.0,0.0,0.0,0.0,1588.5,761.0,399.5,594.5,418.0,1223.0,3238.5,3595.5,3767.0,3754.5,0.0,0.0,0.0,0.0,0.0,0.0,0.0,0.0,0.0,0.0,80.0,109.0,11004.0,10672.0,10512.0,10555.0,10093.0,9385.0,9655.0,8731.0,786.0,399.0,2842.0,3041.0,3066.0,3845.0,4386.0,4408.0,4766.0,4516.0,2451.5,1530.5,568.0,876.5,1009.5,1675.0,2315.5,2523.0,2854.0,2846.5,3824.0,2810.0,846.0,1147.0,1677.0,1952.0,2130.0,2307.0,2655.0,2685.0,3645.0,2805.0,900.0,1180.0,1651.0,1871.0,2030.0,2196.0,2513.0,2490.0,3288.0,2411.0,869.0,1112.0,1544.0,1830.0,1976.0,2131.0,2325.0,2420.0,"{""type"":""MultiPoint"",""coordinates"":[]}"
4483,2,2573.0,1888.0,511.0,695.0,969.0,1264.0,1560.0,1738.0,2016.0,2060.0,4099.0,3364.0,1022.0,1414.0,1875.0,2349.0,2563.0,2803.0,3034.0,3117.0,2962.0,2166.5,679.0,908.5,1282.5,1549.5,1691.5,1874.5,2105.5,2172.5,3086.0,2354.0,776.0,945.0,1305.0,1562.0,1677.0,1870.0,2081.0,2108.0,0.0,0.0,0.0,0.0,0.0,0.0,0.0,0.0,0.0,0.0,1632.0,1192.0,591.0,706.0,892.0,1018.0,1048.0,1172.0,1338.0,1275.0,0.0,0.0,0.0,0.0,0.0,0.0,0.0,0.0,0.0,0.0,0.0,0.0,0.0,0.0,0.0,0.0,0.0,0.0,0.0,0.0,4709.0,3463.0,2898.0,2930.0,2899.0,3319.0,3927.0,4164.0,4438.0,4474.0,4418.0,3775.0,989.0,1432.0,1649.0,2270.0,3496.0,3891.0,4046.0,4159.0,3590.0,2465.0,707.0,1035.0,933.0,1651.0,3884.0,4629.0,4613.0,4796.0,3159.0,2617.0,732.0,943.0,1247.0,1615.0,1955.0,2099.0,2384.0,2374.0,2326.0,1014.0,467.0,707.0,378.0,1089.0,3996.0,5294.0,5142.0,5232.0,2357.0,1007.0,506.5,730.5,386.0,1105.5,4479.0,5680.5,5723.0,5807.0,2590.0,1100.0,754.0,968.0,547.0,1409.0,5386.0,6891.0,6495.0,7387.0,2377.0,988.0,455.0,697.0,369.0,1133.0,4508.0,5708.0,5433.0,5831.0,2321.5,1010.5,376.0,630.0,388.5,1231.0,4018.5,4664.5,4917.5,5085.0,0.0,0.0,0.0,0.0,0.0,0.0,0.0,0.0,0.0,0.0,3074.0,2069.5,2352.0,2320.5,2250.5,2869.5,3763.5,4024.0,4224.5,4206.0,3231.0,2174.0,825.0,920.0,1122.0,1568.0,1870.0,2104.0,2219.0,2551.0,3364.5,2392.5,848.5,1001.5,1248.0,1580.0,1819.5,2019.5,2351.5,2475.0,3493.0,2512.0,930.0,1060.0,1317.0,1626.0,1888.0,2138.0,2431.0,2560.0,0.0,0.0,0.0,0.0,0.0,0.0,0.0,0.0,0.0,0.0,3278.0,2187.0,497.0,747.0,963.0,1381.0,1766.0,1985.0,2331.0,2436.0,1519.0,1064.0,723.0,687.0,759.0,984.0,1188.0,1316.0,1455.0,1525.0,2531.0,1857.0,430.0,711.0,1085.0,1370.0,1532.0,1736.0,1962.0,2023.0,2262.0,1582.0,409.0,679.0,990.0,1297.0,1520.0,1658.0,1903.0,1951.0,0.0,0.0,0.0,0.0,0.0,0.0,0.0,0.0,0.0,0.0,2393.0,1746.0,531.0,733.0,991.0,1320.0,1677.0,1847.0,2079.0,2113.0,0.0,0.0,0.0,0.0,0.0,0.0,0.0,0.0,0.0,0.0,1132.0,1200.0,11063.0,10674.0,10578.0,10733.0,10439.0,10021.0,10374.0,9670.0,0.0,0.0,0.0,0.0,0.0,0.0,0.0,0.0,0.0,0.0,3994.0,3254.0,1936.0,2077.0,2400.0,2940.0,3339.0,3462.0,3386.5,3678.0,0.0,0.0,0.0,0.0,0.0,0.0,0.0,0.0,0.0,0.0,2546.0,1693.0,467.0,764.0,896.0,1474.0,2149.0,2351.0,2646.0,2669.0,3406.0,2683.0,883.0,1226.0,1439.0,2112.0,2755.0,2976.0,3203.0,3225.0,"{""type"":""MultiPoint"",""coordinates"":[]}"
4487,1,2300.0,1595.0,679.0,968.0,996.0,1549.0,2273.0,2455.0,2752.0,2641.0,4973.5,4512.5,2699.5,3054.5,3387.0,3757.5,3883.0,3984.5,4182.0,4148.0,2816.0,2049.0,959.0,1193.0,1517.0,1795.0,1888.0,2025.0,2191.0,2232.0,2942.0,2161.0,883.0,1227.0,1314.0,1795.0,2112.0,2255.0,2441.0,2456.0,3387.0,2536.0,959.0,1394.0,1541.0,2032.0,2598.0,2765.0,2975.0,3042.0,4235.0,3087.0,1266.0,1620.0,1561.0,2139.0,4348.0,5472.0,5420.0,5709.0,1806.0,780.0,858.0,873.0,529.0,907.0,3301.0,4698.0,4223.0,4882.0,1767.5,745.0,417.5,551.5,297.5,646.5,3316.0,5618.0,5561.0,5832.5,2071.0,904.0,373.0,584.0,346.0,776.0,3674.0,6007.0,5881.0,6331.0,1985.0,818.0,298.0,491.0,243.0,626.0,3420.0,5452.0,5467.0,5788.0,3456.5,2643.0,3100.0,2942.0,2662.0,3053.5,4674.0,5963.0,5929.5,6155.5,2707.0,1979.0,695.0,974.0,1076.0,1614.0,2321.0,2513.0,2734.0,2688.0,2592.0,1352.5,673.5,922.0,798.0,1353.5,3795.5,5178.5,5035.5,5477.0,2101.0,988.0,561.0,828.5,578.0,1196.5,3151.0,4019.5,4080.0,4386.0,3008.0,1755.0,570.0,917.5,1064.5,1722.5,2540.0,3016.0,3100.0,3534.0,2537.0,1904.0,503.0,621.0,834.0,1054.0,1199.0,1424.0,1382.0,1623.0,2350.0,2289.0,573.5,643.5,823.0,1015.5,1218.0,1309.0,1135.5,1398.0,2194.0,2280.5,594.0,694.0,837.0,962.5,1055.5,1154.5,1191.0,1295.5,3741.5,3431.0,1123.5,1417.5,1797.5,2077.0,2200.5,2369.0,2492.5,2609.0,2769.0,2113.0,765.0,999.0,1194.0,1530.0,1694.0,1805.0,1869.0,1988.0,5129.0,4707.0,1561.0,2092.0,2489.0,3019.0,3230.0,3413.0,3476.0,3719.0,3809.0,3404.0,1236.0,1578.5,1940.5,2426.0,2881.5,3112.5,2863.0,3284.0,2991.0,2081.5,883.0,1206.0,1247.0,1854.5,2581.0,2795.0,3042.5,3004.0,2869.0,2166.5,690.5,1040.0,1063.5,1585.0,2168.5,2342.0,2531.0,2521.5,2236.5,1691.5,853.5,1081.0,1057.0,1459.0,2028.5,2186.0,2311.0,2276.0,2394.0,1611.5,472.5,871.5,805.5,1413.0,2348.5,2521.0,2793.5,2723.5,2447.0,1660.0,484.0,909.0,826.0,1516.0,2515.0,2703.0,2856.0,2844.0,0.0,0.0,0.0,0.0,0.0,0.0,0.0,0.0,0.0,0.0,2385.0,1581.0,580.0,906.0,909.0,1526.0,2590.0,2851.0,3062.0,3045.0,0.0,0.0,0.0,0.0,0.0,0.0,0.0,0.0,0.0,0.0,537.0,590.0,10302.0,10110.0,10054.0,10191.0,9814.0,9337.0,9802.0,8913.0,1252.0,801.5,4219.5,4350.0,4375.0,4656.5,4869.5,4718.0,4983.5,4656.5,2833.0,1937.0,705.0,1039.0,1076.0,1779.0,2644.0,2897.0,3179.0,3120.0,3416.0,2440.5,1043.5,1409.5,1672.5,2254.0,2609.0,2827.5,3091.5,3104.5,2859.0,1943.0,781.0,1096.0,1416.0,1869.0,2114.0,2290.0,2530.0,2568.0,2972.0,2144.0,932.0,1258.0,1567.0,1894.0,1957.0,2119.0,2258.0,2336.0,"{""type"":""MultiPoint"",""coordinates"":[]}"
4493,5,1795.0,1203.0,502.0,661.0,879.0,1051.0,1165.0,1283.0,1464.0,1398.0,3222.5,2655.5,978.0,1311.0,1690.0,1912.5,1992.5,2123.0,2251.0,2299.0,2163.0,1442.0,666.0,867.0,1153.0,1306.0,1393.0,1511.0,1633.0,1639.0,2338.0,1519.0,675.0,922.0,1122.0,1376.0,1649.0,1782.0,1891.0,1930.0,0.0,0.0,0.0,0.0,0.0,0.0,0.0,0.0,0.0,0.0,3584.5,2633.0,991.5,1378.0,1503.0,1987.5,3182.5,3481.0,3581.0,3659.5,0.0,0.0,0.0,0.0,0.0,0.0,0.0,0.0,0.0,0.0,2146.0,1132.5,409.0,583.0,447.5,884.5,2954.5,3694.5,3345.5,3922.0,3937.0,3241.0,3897.0,3672.0,3395.0,3834.0,4851.0,5367.0,5031.0,5523.0,2520.0,1189.0,371.0,555.0,307.0,799.0,3968.0,5480.0,5555.0,5704.0,2272.0,979.0,240.0,374.0,208.0,579.0,3760.0,5640.0,5570.0,5949.0,1840.0,1294.0,508.0,677.0,885.0,1049.0,1203.0,1293.0,1467.0,1425.0,2640.0,1093.5,852.0,901.5,581.5,1008.5,4421.5,6311.0,6189.5,6776.5,2465.0,1024.0,527.0,626.0,363.0,828.0,3984.0,5623.0,5644.0,5995.0,6779.0,5784.0,8632.0,8136.0,7938.0,8794.0,8838.0,8798.0,7924.0,8978.0,2279.5,1039.5,385.5,679.0,378.5,1103.5,3634.0,4518.5,4439.0,4897.0,2105.0,1173.0,358.5,635.0,497.5,1133.5,2324.5,2719.0,2882.0,3138.5,3140.0,2097.0,496.0,674.0,1020.0,1331.0,1544.0,1806.0,1969.0,2233.0,2922.5,2090.0,631.5,813.0,1146.5,1368.0,1469.5,1621.5,1744.5,1898.5,2086.0,1665.0,436.0,614.0,840.0,1019.0,1082.0,1182.0,1215.0,1298.0,2448.0,2007.0,583.0,850.0,1151.0,1298.0,1377.0,1486.0,1599.0,1626.0,2524.0,2121.0,698.0,898.0,1201.0,1366.0,1399.0,1501.0,1598.0,1634.0,0.0,0.0,0.0,0.0,0.0,0.0,0.0,0.0,0.0,0.0,0.0,0.0,0.0,0.0,0.0,0.0,0.0,0.0,0.0,0.0,2530.0,2064.0,652.0,897.0,1177.0,1345.0,1423.0,1537.0,1552.0,1677.0,1590.0,1028.0,386.0,586.0,794.0,915.0,995.0,1061.0,1229.0,1263.0,2296.0,1886.0,615.0,794.0,1053.0,1207.0,1298.0,1401.0,1454.0,1506.0,1062.0,685.0,914.0,879.0,829.0,858.0,953.0,982.0,961.0,1008.0,2131.0,1363.0,722.0,870.0,1018.0,1261.0,1508.0,1614.0,1742.0,1755.0,0.0,0.0,0.0,0.0,0.0,0.0,0.0,0.0,0.0,0.0,228.0,240.0,7282.0,7327.0,7436.0,7559.0,7259.0,6786.0,6956.0,6277.0,0.0,0.0,0.0,0.0,0.0,0.0,0.0,0.0,0.0,0.0,2223.0,1504.0,681.0,902.0,1205.0,1368.0,1460.0,1581.0,1770.0,1716.0,2736.5,2140.5,736.5,998.0,1334.5,1517.5,1589.5,1704.0,1812.5,1868.5,3026.0,2553.0,851.0,1147.0,1517.0,1708.0,1773.0,1881.0,2028.0,2031.0,3766.0,3206.0,1191.0,1582.0,2000.0,2289.0,2320.0,2495.0,2561.0,2650.0,"{""type"":""MultiPoint"",""coordinates"":[]}"
4504,5,2487.5,1608.5,657.0,1003.0,1058.5,1633.5,2374.0,2553.5,2932.5,2818.5,4697.0,3832.5,1135.0,1566.0,1943.5,2387.5,2636.5,2852.5,3107.0,3109.0,2701.0,1769.5,811.5,1067.5,1329.0,1695.0,1883.5,2066.0,2269.5,2321.5,3337.5,2455.0,895.5,1161.0,1405.5,1783.0,2029.0,2210.5,2456.5,2460.5,5214.0,4564.0,1388.5,1788.5,2140.5,2695.5,2972.0,3216.5,3395.5,3541.0,5413.5,4662.5,1416.0,1818.5,2116.5,2689.0,3055.5,3319.0,3480.5,3667.0,0.0,0.0,0.0,0.0,0.0,0.0,0.0,0.0,0.0,0.0,3757.0,2986.0,997.5,1450.5,1677.5,2197.5,2319.0,2498.0,2595.0,2652.5,5639.5,5303.0,1835.5,2264.5,2746.5,3150.5,3275.5,3634.5,3619.0,3913.0,4303.5,3475.5,1223.0,1682.5,1964.5,2514.5,3024.5,3237.0,3308.0,3514.0,3351.5,2126.0,761.5,1164.5,974.5,1759.5,2979.0,3395.0,3371.0,3602.5,2934.0,2024.0,753.5,1061.0,1189.0,1814.5,2521.5,2754.5,3083.5,2980.0,3690.0,2246.5,746.0,1142.5,842.0,1701.5,4394.5,5274.5,5167.5,5529.0,2714.5,1298.0,415.0,642.5,328.0,1016.0,4089.5,5137.0,5194.5,5291.5,2640.0,1168.5,326.5,524.5,221.0,843.5,4249.5,5845.0,5677.0,6066.5,2214.0,1108.0,461.0,567.5,416.0,868.5,3327.0,4427.5,4266.0,4761.0,2198.5,994.0,253.5,481.5,242.5,833.5,3381.5,4258.5,4457.5,4631.0,0.0,0.0,0.0,0.0,0.0,0.0,0.0,0.0,0.0,0.0,2256.0,1163.0,330.0,742.0,448.5,1365.0,2926.0,3330.0,3628.5,3783.0,2827.5,1920.0,442.0,583.5,805.0,1079.5,1270.5,1417.0,1547.5,1752.5,3592.5,2577.0,711.0,940.0,1335.5,1621.0,1775.0,1998.5,2208.0,2320.5,3865.5,2957.5,851.0,1094.0,1444.0,1742.5,1935.0,2128.5,2300.5,2378.0,0.0,0.0,0.0,0.0,0.0,0.0,0.0,0.0,0.0,0.0,3480.5,2467.0,830.0,1085.0,1274.0,1681.5,2040.5,2216.0,2424.5,2474.0,0.0,0.0,0.0,0.0,0.0,0.0,0.0,0.0,0.0,0.0,2101.5,1190.5,441.0,768.5,790.0,1353.0,2026.0,2236.0,2474.5,2490.0,1886.0,1110.5,573.0,804.5,744.0,1260.0,1916.0,2088.5,2330.0,2210.0,0.0,0.0,0.0,0.0,0.0,0.0,0.0,0.0,0.0,0.0,2591.0,1642.0,625.0,968.5,834.0,1570.0,2578.0,2867.0,3166.0,3071.5,0.0,0.0,0.0,0.0,0.0,0.0,0.0,0.0,0.0,0.0,594.5,646.5,10148.0,10054.0,10092.5,10282.5,9905.0,9513.0,9873.0,9081.0,0.0,0.0,0.0,0.0,0.0,0.0,0.0,0.0,0.0,0.0,2761.0,2097.0,680.0,981.5,1226.0,1552.0,1846.5,2031.5,2262.0,2234.5,3091.0,2180.5,772.5,1164.5,1290.5,1850.0,2359.5,2573.5,2825.5,2820.5,2397.0,1492.5,626.0,996.0,1231.0,1741.0,2043.0,2240.5,2516.0,2510.0,2078.5,1210.0,909.5,1193.0,1453.5,1884.5,2089.0,2278.0,2454.0,2531.0,"{""type"":""MultiPoint"",""coordinates"":[]}"
4511,61,816.5,434.5,514.5,702.0,959.5,1176.5,1270.5,1407.5,1589.0,1586.5,3912.5,3304.0,1504.0,1883.0,2316.5,2605.5,2693.0,2823.5,2968.0,3013.0,1113.5,623.0,724.5,965.0,1201.5,1405.5,1477.0,1605.0,1754.5,1719.0,5728.0,5256.0,5079.0,5036.0,5043.0,5458.0,5460.0,5470.0,5533.0,5538.0,4697.0,4233.0,1702.0,2158.0,2607.0,2960.0,3105.0,3226.0,3490.0,3445.0,5110.0,4423.0,2732.0,3221.0,3345.0,3740.0,3978.0,4245.0,4563.0,4352.0,0.0,0.0,0.0,0.0,0.0,0.0,0.0,0.0,0.0,0.0,4486.0,3547.0,1350.0,1836.0,1979.0,2588.0,3219.0,3505.0,3646.0,3821.0,3788.5,3122.0,1231.0,1606.5,1922.5,2329.0,2596.0,2745.5,2889.0,2986.0,4524.5,4115.0,1655.0,2090.0,2628.0,2955.0,3040.0,3207.0,3295.5,3421.0,4688.0,4269.0,1717.0,2128.0,2566.0,2970.0,3135.0,3438.0,3471.0,3623.0,1374.0,770.0,534.0,771.0,1059.0,1265.0,1377.0,1485.0,1738.0,1681.0,3840.0,3522.0,1338.0,1664.0,2082.0,2379.0,2637.0,2950.0,2935.0,3093.0,3712.0,3429.0,1236.0,1572.0,1956.0,2252.0,2382.0,2556.0,2591.0,2657.0,3154.0,2936.0,1132.0,1400.0,1738.0,1985.0,2037.0,2161.0,2166.0,2321.0,3702.0,3337.0,1329.0,1677.0,2045.0,2358.0,2375.0,2574.0,2492.0,2676.0,3671.0,3221.0,1278.0,1655.0,2107.0,2407.0,2460.0,2599.0,2593.0,2752.0,3411.0,2937.0,1281.5,1616.0,1983.0,2243.5,2326.5,2467.5,2482.5,2587.5,3573.0,3315.0,1213.0,1544.0,1959.0,2178.0,2243.0,2416.0,2445.0,2510.0,2019.0,1329.0,1380.5,1366.0,1434.0,1623.0,1646.5,1683.5,2033.5,1762.5,2866.5,2120.5,930.5,1245.5,1372.5,1824.0,1944.0,2108.0,2142.5,2181.0,3563.0,3271.0,1272.0,1693.0,1999.0,2345.0,2406.0,2587.0,2730.0,2672.0,2745.0,2100.0,1180.5,1439.5,1801.5,2019.0,2201.5,2333.0,2584.0,2583.5,2599.0,2340.0,853.0,1098.0,1396.0,1507.0,1592.0,1695.0,1862.0,1795.0,1817.0,1237.0,648.0,861.0,1132.0,1260.0,1272.0,1440.0,1563.0,1531.0,1777.5,1222.5,514.5,755.5,1031.0,1121.0,1204.5,1270.0,1437.5,1402.0,2451.0,1933.5,773.0,1065.5,1370.5,1553.5,1603.5,1700.0,1843.5,1839.5,0.0,0.0,0.0,0.0,0.0,0.0,0.0,0.0,0.0,0.0,1971.0,1434.0,1074.5,1244.5,1487.0,1653.0,1709.5,1817.0,1999.5,1929.0,0.0,0.0,0.0,0.0,0.0,0.0,0.0,0.0,0.0,0.0,1052.0,1132.0,10790.0,10424.0,10362.0,10495.0,10153.0,9754.0,10112.0,9383.0,698.5,413.5,1513.5,1699.0,1915.5,2032.0,2153.5,2164.5,2387.5,2249.5,1683.0,1032.0,746.0,1017.0,1266.0,1480.0,1576.0,1699.0,1878.0,1844.0,1933.0,1356.5,968.0,1262.0,1519.0,1736.5,1828.0,1953.0,2160.5,2083.5,1455.0,851.0,733.0,1029.0,1302.0,1565.0,1572.0,1680.0,1849.0,1845.0,3504.0,2701.0,1600.0,1913.0,2251.0,2542.0,2615.0,2750.0,2951.0,2948.0,"{""type"":""MultiPoint"",""coordinates"":[]}"
4517,2,2477.0,1674.0,458.5,659.0,755.5,1245.0,1972.0,2193.5,2461.5,2382.0,3286.5,2280.0,832.0,1217.5,1495.5,2113.0,2498.5,2657.5,2920.0,2975.5,3125.0,2219.0,823.0,1122.5,1511.5,1852.5,2035.5,2235.0,2436.0,2542.5,3664.5,2827.5,1043.0,1312.5,1669.0,1960.0,2119.5,2281.5,2502.5,2546.5,0.0,0.0,0.0,0.0,0.0,0.0,0.0,0.0,0.0,0.0,3859.0,2980.0,970.0,1242.0,1573.0,1895.5,2084.0,2315.0,2512.5,2590.0,0.0,0.0,0.0,0.0,0.0,0.0,0.0,0.0,0.0,0.0,0.0,0.0,0.0,0.0,0.0,0.0,0.0,0.0,0.0,0.0,4427.5,3740.0,1251.5,1636.0,1976.5,2413.5,3055.5,3322.5,3322.0,3573.5,4021.0,3327.0,962.0,1325.5,1496.5,2054.0,3024.0,3390.0,3520.5,3636.0,3345.0,2169.5,675.5,1014.5,840.5,1579.0,3755.5,4434.5,4412.0,4642.5,2849.5,2099.5,607.5,797.0,956.5,1441.5,2160.5,2386.5,2689.0,2589.0,2512.5,1060.0,448.5,728.0,379.0,1149.5,4448.5,5457.5,5273.5,5659.0,2305.5,947.5,509.5,756.0,381.0,1132.0,4712.0,6016.5,6073.0,6152.5,3674.0,2399.0,2105.0,2203.0,1916.5,2644.5,5605.5,7000.5,6702.0,7162.5,2339.5,943.5,425.5,671.0,375.5,1097.5,4799.0,6144.5,5943.5,6384.0,2158.0,877.0,344.0,578.5,315.5,1053.5,4386.5,5521.0,5704.0,5805.5,0.0,0.0,0.0,0.0,0.0,0.0,0.0,0.0,0.0,0.0,2063.5,926.0,338.5,461.0,410.5,1200.5,3461.5,4111.0,4233.5,4453.5,2209.0,1016.5,831.0,848.0,707.0,1354.5,3154.0,3646.5,3653.0,4005.5,2659.5,1697.5,881.0,1008.0,1153.5,1661.0,2274.5,2542.0,2883.0,3014.5,2979.0,2110.0,1080.0,1215.0,1462.0,1807.0,2051.0,2266.5,2554.0,2699.0,0.0,0.0,0.0,0.0,0.0,0.0,0.0,0.0,0.0,0.0,2887.0,1951.5,490.5,676.0,928.0,1242.0,1432.0,1653.5,1982.0,2051.5,0.0,0.0,0.0,0.0,0.0,0.0,0.0,0.0,0.0,0.0,2360.5,1476.0,308.5,514.0,732.0,1057.0,1458.5,1643.0,1956.5,2010.0,2328.0,1462.5,338.0,549.0,711.0,1035.0,1433.5,1628.5,1880.0,2011.5,0.0,0.0,0.0,0.0,0.0,0.0,0.0,0.0,0.0,0.0,2296.5,1503.5,421.0,584.0,685.5,1002.5,1476.5,1664.0,1914.5,1985.5,0.0,0.0,0.0,0.0,0.0,0.0,0.0,0.0,0.0,0.0,1083.5,1172.5,10573.0,10302.0,10330.5,10449.0,10143.5,9826.0,10154.5,9490.5,2490.5,1893.5,618.5,694.0,820.0,1319.5,2019.5,2404.5,1677.0,2732.5,2874.0,1941.5,663.5,917.5,1010.5,1604.5,2575.5,2875.0,3035.5,3153.0,0.0,0.0,0.0,0.0,0.0,0.0,0.0,0.0,0.0,0.0,2150.0,1270.5,390.5,694.5,580.0,1398.0,2726.0,3021.0,3256.5,3225.5,2759.5,1665.0,1366.5,1419.0,1200.5,2061.5,3060.0,3277.0,3313.5,3667.5,"{""type"":""MultiPoint"",""coordinates"":[]}"
4543,5,2488.0,1690.5,447.0,630.0,780.5,1225.5,2008.5,2308.0,2597.0,2551.5,3300.5,2514.0,788.0,1027.5,1313.0,1632.5,1921.5,2150.5,2419.5,2497.0,2584.5,1722.5,668.5,881.5,1120.0,1427.5,1779.0,1976.0,2241.5,2291.5,492.5,293.0,291.5,269.0,246.0,318.5,465.5,517.0,548.0,542.5,0.0,0.0,0.0,0.0,0.0,0.0,0.0,0.0,0.0,0.0,3490.0,2464.5,778.5,1107.0,1096.5,1744.0,3146.0,3594.5,3856.0,3937.5,0.0,0.0,0.0,0.0,0.0,0.0,0.0,0.0,0.0,0.0,0.0,0.0,0.0,0.0,0.0,0.0,0.0,0.0,0.0,0.0,0.0,0.0,0.0,0.0,0.0,0.0,0.0,0.0,0.0,0.0,2791.5,1821.0,620.5,920.0,868.5,1387.0,2940.0,3562.0,3679.0,3866.5,0.0,0.0,0.0,0.0,0.0,0.0,0.0,0.0,0.0,0.0,2631.0,1903.0,528.0,691.5,837.5,1272.0,2072.5,2276.0,2513.0,2517.5,2694.0,1565.5,557.5,839.5,644.5,1240.5,3211.0,3982.0,3905.5,4296.5,2478.5,1539.0,607.0,827.5,635.5,1224.0,3035.5,3782.0,3857.0,4062.0,0.0,0.0,0.0,0.0,0.0,0.0,0.0,0.0,0.0,0.0,2502.5,1592.5,540.5,797.5,691.0,1237.5,2564.0,3153.5,3065.0,3402.0,2403.0,1514.0,447.0,695.5,607.0,1110.5,2390.5,2851.0,2975.5,3154.0,0.0,0.0,0.0,0.0,0.0,0.0,0.0,0.0,0.0,0.0,2589.5,1690.5,447.5,663.0,656.0,1129.0,2119.0,2525.5,2724.0,2801.0,3669.5,3330.5,2521.5,2475.0,2561.5,2907.0,2891.0,2969.0,2818.5,3121.0,2506.5,1864.5,469.5,636.5,838.5,1090.5,1389.0,1548.5,1726.0,1834.0,2610.5,2045.5,615.0,757.5,992.5,1169.5,1439.5,1597.5,1741.5,1853.0,0.0,0.0,0.0,0.0,0.0,0.0,0.0,0.0,0.0,0.0,2350.5,1804.5,573.0,715.0,918.0,1109.0,1304.5,1477.5,1572.0,1686.0,0.0,0.0,0.0,0.0,0.0,0.0,0.0,0.0,0.0,0.0,1792.0,1129.0,315.5,490.0,644.0,898.0,1135.0,1227.0,1390.0,1443.0,2781.0,2075.5,1301.5,1307.5,1460.0,1746.0,2011.5,2153.0,2311.0,2363.5,0.0,0.0,0.0,0.0,0.0,0.0,0.0,0.0,0.0,0.0,2179.5,1463.0,441.5,638.0,690.0,1077.0,1688.5,1944.5,2106.5,2087.5,0.0,0.0,0.0,0.0,0.0,0.0,0.0,0.0,0.0,0.0,972.5,955.5,9696.5,9333.5,9292.0,9228.0,9018.5,8903.5,9382.5,8620.0,1748.5,1789.5,1355.5,1246.5,1122.0,1385.5,1652.5,1947.0,1692.0,2162.0,2640.0,1861.0,623.0,783.0,958.0,1325.0,2424.0,2720.0,2981.0,2850.0,2345.0,1613.0,514.5,735.0,902.5,1247.0,1676.5,1928.0,2206.0,2237.5,2532.0,1690.5,511.0,768.0,1003.5,1479.5,1889.0,2151.0,2570.0,2465.5,3259.0,2444.5,728.5,956.0,1233.5,1624.5,1976.5,2173.5,2473.5,2547.5,"{""type"":""MultiPoint"",""coordinates"":[]}"
4552,2,2119.0,1524.0,519.5,747.5,975.5,1246.0,1526.5,1675.5,1911.0,1874.0,3129.5,2347.5,881.0,1208.5,1512.5,1946.5,2177.5,2340.0,2557.0,2590.5,2879.5,2080.5,703.5,1004.5,1245.0,1648.0,1837.0,1985.0,2188.0,2238.0,3404.5,2497.0,1109.5,1369.5,1710.0,2110.0,2291.0,2523.0,2647.5,2802.0,0.0,0.0,0.0,0.0,0.0,0.0,0.0,0.0,0.0,0.0,5525.0,4981.0,1731.5,2304.5,3027.5,3442.5,3586.0,3772.0,4104.0,4122.0,3252.5,2317.5,1362.5,1601.0,1526.0,2157.0,2555.5,2785.0,2671.5,3000.0,5508.0,4882.5,1314.0,1919.0,2135.5,3053.0,3596.5,3861.0,4077.5,4161.5,0.0,0.0,0.0,0.0,0.0,0.0,0.0,0.0,0.0,0.0,3940.5,2675.0,751.0,1233.5,1158.0,2073.5,4103.5,4582.0,4589.0,4886.5,0.0,0.0,0.0,0.0,0.0,0.0,0.0,0.0,0.0,0.0,2378.0,1846.0,639.5,830.5,1081.5,1381.0,1661.0,1843.5,2059.5,2025.0,2648.5,1185.0,369.0,648.5,335.0,1078.5,4492.0,5760.5,5669.0,5962.0,2205.0,866.0,430.5,654.0,320.5,1043.0,4668.0,6030.0,6089.0,6170.0,0.0,0.0,0.0,0.0,0.0,0.0,0.0,0.0,0.0,0.0,2321.0,875.0,403.0,639.0,338.0,1100.5,4670.0,5979.0,5824.5,6358.5,2275.5,911.5,331.0,582.5,317.0,1104.5,4278.5,5251.5,5538.0,5689.5,0.0,0.0,0.0,0.0,0.0,0.0,0.0,0.0,0.0,0.0,2279.0,1029.0,369.0,519.0,400.0,1225.0,3470.5,4082.0,4374.5,4548.5,4397.0,3770.5,3364.0,3356.5,3403.0,3892.5,3968.5,4013.0,4173.0,4199.0,3084.0,2142.0,698.5,855.5,1095.0,1427.0,1694.0,1919.5,2233.0,2351.5,3332.5,2365.0,575.0,736.5,959.5,1396.0,1738.0,2002.5,2312.5,2458.5,0.0,0.0,0.0,0.0,0.0,0.0,0.0,0.0,0.0,0.0,3437.0,2254.5,552.5,848.0,1189.0,1687.0,2116.5,2387.0,2760.0,2800.0,0.0,0.0,0.0,0.0,0.0,0.0,0.0,0.0,0.0,0.0,2160.0,1520.5,386.0,630.0,934.5,1161.5,1355.0,1492.0,1700.0,1743.5,2159.0,1517.0,419.0,701.0,1006.0,1306.5,1523.5,1687.5,1895.5,1898.0,0.0,0.0,0.0,0.0,0.0,0.0,0.0,0.0,0.0,0.0,2106.0,1472.5,530.5,722.0,916.5,1245.0,1602.5,1752.5,1971.0,1973.5,0.0,0.0,0.0,0.0,0.0,0.0,0.0,0.0,0.0,0.0,1150.0,1213.5,9896.0,9530.0,9531.0,9735.0,9453.0,9274.0,9556.0,8917.0,2370.5,1711.0,643.0,881.0,1140.0,1456.5,1728.5,1896.0,2042.5,2082.0,2461.5,1806.0,619.5,859.5,1098.0,1516.5,1904.5,2082.5,2328.0,2304.5,2443.5,1653.5,654.0,948.0,1092.0,1622.0,2220.5,2434.0,2678.0,2630.5,2986.0,2029.0,1372.5,1640.5,1701.5,2287.0,2974.0,3189.0,3496.0,3352.5,2982.0,2184.5,908.0,1296.5,1398.5,2203.5,2724.0,2962.5,3121.5,3179.0,"{""type"":""MultiPoint"",""coordinates"":[]}"
4558,2,2372.0,1621.0,474.0,617.0,778.0,1174.0,1594.0,1748.0,2031.0,2038.0,4749.0,4480.0,1422.0,1885.0,2462.0,2792.0,2964.0,3105.0,3300.0,3352.0,2648.5,2034.5,718.5,952.0,1298.5,1534.0,1625.0,1780.5,1957.0,1999.0,2849.0,2141.0,765.0,945.0,1322.0,1523.0,1683.0,1854.0,2070.0,2120.0,0.0,0.0,0.0,0.0,0.0,0.0,0.0,0.0,0.0,0.0,2846.0,2447.5,912.5,1124.0,1486.5,1648.0,1740.5,1903.0,1958.0,2052.5,0.0,0.0,0.0,0.0,0.0,0.0,0.0,0.0,0.0,0.0,0.0,0.0,0.0,0.0,0.0,0.0,0.0,0.0,0.0,0.0,5283.0,4724.0,1619.0,2153.0,2662.0,3162.0,3669.0,3774.0,3813.0,4130.0,4936.0,4498.0,1309.0,1780.0,2215.0,2759.0,3378.0,3717.0,3803.0,3935.0,4297.0,3394.0,976.0,1401.0,1426.0,2183.0,3821.0,4387.0,4358.0,4612.0,2820.0,2100.0,642.0,793.0,1010.0,1378.0,1765.0,1966.0,2241.0,2216.0,4662.0,4135.0,4355.0,4237.0,4003.0,4596.0,5512.0,6034.0,5732.0,6041.0,2683.5,1195.5,512.0,816.0,406.0,1240.5,4902.5,6015.0,6081.5,6156.5,0.0,0.0,0.0,0.0,0.0,0.0,0.0,0.0,0.0,0.0,3531.0,2522.0,1966.0,2159.0,1978.0,2633.0,5090.0,6009.5,5867.0,6274.5,2276.0,954.0,330.5,540.0,335.5,1127.5,4066.5,5020.0,5317.5,5403.0,0.0,0.0,0.0,0.0,0.0,0.0,0.0,0.0,0.0,0.0,1335.0,704.0,249.0,287.5,291.0,784.5,1714.0,1958.5,2099.5,2204.5,2441.0,1341.0,530.0,613.0,611.0,1296.0,2466.0,2816.0,2947.0,3154.0,3035.5,2125.0,784.0,923.0,1114.5,1553.0,2033.5,2287.5,2630.5,2708.0,3270.0,2445.0,962.0,1081.0,1336.0,1630.0,1835.0,2067.0,2348.0,2485.0,0.0,0.0,0.0,0.0,0.0,0.0,0.0,0.0,0.0,0.0,3315.0,2417.0,534.0,720.0,1025.0,1334.0,1549.0,1775.0,2082.0,2148.0,575.0,367.0,466.0,344.0,317.0,365.0,395.0,474.0,542.0,567.0,2693.0,1786.0,333.0,546.0,784.0,1096.0,1397.0,1616.0,1906.0,1999.0,2471.0,1568.0,341.0,565.0,761.0,1110.0,1433.0,1640.0,1916.0,1991.0,0.0,0.0,0.0,0.0,0.0,0.0,0.0,0.0,0.0,0.0,2445.0,1656.0,433.0,611.0,739.0,1073.0,1484.0,1683.0,1971.0,2022.0,0.0,0.0,0.0,0.0,0.0,0.0,0.0,0.0,0.0,0.0,1119.0,1151.0,9924.0,9558.0,9540.0,9646.0,9440.0,9051.0,9476.0,8823.0,729.0,485.0,289.0,301.0,351.0,463.0,556.0,618.0,661.0,706.0,2015.5,1418.0,368.5,531.0,652.5,961.5,1262.0,1401.5,1583.0,1620.5,0.0,0.0,0.0,0.0,0.0,0.0,0.0,0.0,0.0,0.0,2425.0,1698.0,511.0,771.0,1009.0,1440.0,1717.0,1895.0,2125.0,2148.0,3698.0,3047.0,1003.0,1340.0,1622.0,2124.0,2403.0,2655.0,2849.0,2884.0,"{""type"":""MultiPoint"",""coordinates"":[]}"
4564,5,2292.0,1449.0,907.5,1234.0,1787.5,2110.5,2244.0,2416.0,2752.5,2770.0,3807.0,3340.0,1063.5,1443.5,1932.5,2198.0,2349.5,2473.0,2620.5,2720.5,1925.5,1194.5,679.5,965.0,1316.0,1559.5,1700.0,1847.0,1970.0,2052.5,3071.5,2329.0,1079.5,1450.5,1857.0,2127.5,2272.5,2412.5,2568.5,2623.5,4171.5,3849.0,1279.0,1748.5,2251.5,2462.0,2604.0,2750.0,2953.0,2982.0,6515.0,6074.5,2103.5,2715.5,3335.5,3855.5,4140.5,4427.0,4524.5,4741.0,2853.0,1833.0,1308.0,1535.0,1737.0,2136.5,2456.5,2653.0,2685.5,2840.5,4529.0,3852.0,1528.5,2142.5,2509.5,2975.0,3434.5,3642.0,3722.5,3839.0,3534.0,2667.5,1138.5,1617.0,1769.0,2310.0,3396.0,3749.0,3820.0,3940.5,2673.0,1601.0,508.0,871.0,796.0,1390.0,2894.5,3267.5,3355.5,3471.5,2612.5,1351.0,436.0,667.0,428.0,1011.5,3734.5,4448.5,4424.5,4603.0,4250.0,3116.5,1375.0,1700.5,2276.0,2611.5,2738.5,2908.5,3195.0,3218.5,2373.0,1051.5,346.5,511.0,258.5,789.0,3841.5,5081.0,5071.0,5233.0,2513.0,1138.5,567.5,541.5,274.5,786.0,4348.0,6049.5,6001.0,6220.0,1993.5,950.0,759.0,795.5,566.0,884.5,3779.0,5009.0,4998.0,5164.0,2969.0,1777.0,1335.0,1443.0,1216.0,1809.5,4447.5,5867.5,5669.0,6103.0,2117.5,924.0,215.5,546.5,249.5,845.0,3878.0,5167.0,5102.0,5429.0,1840.0,845.0,390.5,786.0,419.5,1336.0,3623.0,4167.5,4250.0,4508.5,2392.5,1370.5,460.5,945.5,920.5,1782.5,2373.0,2665.0,2879.5,3014.5,2554.0,1865.5,526.5,680.0,880.5,1123.0,1266.0,1382.0,1439.5,1599.5,2874.5,2109.0,601.5,737.0,969.5,1197.0,1337.5,1470.0,1594.0,1704.5,3711.0,3015.5,850.0,1115.5,1512.5,1757.0,1894.0,2043.5,2223.0,2317.0,2081.5,1346.0,1055.5,1211.5,1546.5,1805.0,1915.0,2049.5,2210.5,2234.0,2912.0,2402.0,787.5,1028.0,1338.5,1528.0,1599.0,1724.5,1887.0,1911.0,1800.0,1039.0,736.5,848.5,1090.0,1276.5,1389.0,1490.5,1669.5,1713.5,2002.5,1331.0,472.5,732.5,976.5,1154.0,1265.0,1381.0,1554.5,1548.5,2438.0,1838.5,689.0,941.0,1184.5,1394.5,1498.0,1614.0,1758.5,1783.5,0.0,0.0,0.0,0.0,0.0,0.0,0.0,0.0,0.0,0.0,2136.0,1406.5,639.0,823.5,1000.0,1229.5,1391.5,1521.0,1657.0,1669.0,0.0,0.0,0.0,0.0,0.0,0.0,0.0,0.0,0.0,0.0,1016.5,1084.0,9883.0,9604.0,9637.0,9744.5,9516.5,9214.5,9644.0,8911.0,2058.5,1396.5,1717.0,1993.0,2452.0,2829.5,2899.5,2990.5,3166.5,3178.0,2486.0,1633.0,1032.0,1346.5,1796.5,2137.5,2272.0,2425.0,2684.5,2708.0,4171.5,3258.5,1473.5,1865.0,2367.5,2723.0,2928.0,3132.0,3448.0,3436.5,2101.5,1372.5,904.0,1247.5,1698.0,2062.0,2318.0,2470.0,2730.0,2774.0,3031.0,2141.0,1188.5,1554.5,2033.0,2413.5,2640.5,2801.0,3073.0,3097.0,"{""type"":""MultiPoint"",""coordinates"":[]}"
4568,2,2363.0,1653.5,412.0,569.0,691.0,1043.0,1469.5,1639.5,1914.5,1926.5,4118.0,3871.5,1076.5,1357.0,1754.0,1986.5,2074.0,2220.5,2423.5,2492.5,1997.5,1490.0,465.5,556.5,724.0,839.5,910.0,1038.5,1164.0,1252.0,2470.0,1886.0,683.0,752.0,974.0,1052.0,1105.0,1262.0,1465.0,1535.0,0.0,0.0,0.0,0.0,0.0,0.0,0.0,0.0,0.0,0.0,3294.5,2755.5,801.5,989.0,1284.0,1472.0,1576.5,1745.5,1980.5,1995.0,0.0,0.0,0.0,0.0,0.0,0.0,0.0,0.0,0.0,0.0,0.0,0.0,0.0,0.0,0.0,0.0,0.0,0.0,0.0,0.0,4085.5,3300.0,905.5,1300.5,1399.0,2012.0,3042.5,3347.5,3336.0,3631.5,4388.5,3421.5,3088.5,3090.5,2929.0,3472.0,4408.5,4587.0,4715.0,4783.0,2794.0,1689.0,563.5,859.5,612.0,1325.0,3403.5,4040.0,4009.0,4155.0,2840.0,2158.5,560.5,724.0,906.5,1262.0,1662.0,1886.5,2168.0,2151.0,2455.0,1057.5,469.5,744.5,374.5,1136.5,4229.0,5312.5,5115.0,5470.5,2242.0,925.5,493.0,747.5,368.0,1128.5,4574.5,5785.0,5815.0,5844.5,3045.5,2152.5,2576.5,2479.0,2202.5,2707.5,4695.0,5773.0,5331.5,5801.5,2341.0,918.5,415.0,744.5,354.0,1309.5,5105.5,6294.0,6081.5,6532.5,2218.0,880.5,363.5,672.5,334.5,1327.5,4791.0,5765.5,5952.0,6008.5,0.0,0.0,0.0,0.0,0.0,0.0,0.0,0.0,0.0,0.0,1233.0,548.0,235.0,309.5,253.5,908.5,2200.0,2473.0,2529.0,2702.0,1967.0,1136.0,3227.0,3113.5,3118.5,3352.5,3647.5,3923.0,3699.0,4031.0,3091.5,2116.5,923.0,1030.5,1314.0,1645.0,1864.5,2103.5,2426.0,2566.0,3170.0,2260.0,1024.0,1108.5,1384.5,1663.0,1812.0,2061.5,2340.5,2489.5,0.0,0.0,0.0,0.0,0.0,0.0,0.0,0.0,0.0,0.0,3593.5,2531.0,564.0,796.0,1281.5,1575.5,1786.5,2048.5,2408.5,2507.0,4534.5,4180.5,3740.5,3699.0,3893.0,4265.0,4338.5,4391.0,4509.0,4572.5,2408.5,1661.5,344.5,516.0,841.0,1046.5,1207.0,1416.0,1663.0,1758.0,2231.0,1527.5,343.0,519.5,805.0,994.5,1186.5,1364.0,1611.0,1695.5,0.0,0.0,0.0,0.0,0.0,0.0,0.0,0.0,0.0,0.0,2334.0,1711.0,481.0,603.0,810.0,1010.0,1253.5,1430.5,1675.0,1748.5,0.0,0.0,0.0,0.0,0.0,0.0,0.0,0.0,0.0,0.0,1092.0,1169.0,10459.0,10170.5,10197.0,10332.0,10033.5,9683.5,10093.0,9390.0,2723.0,2749.0,3292.0,2514.0,2162.0,2297.0,2311.0,2467.0,3337.0,2646.0,2700.0,2010.0,587.0,783.5,902.5,1304.5,1688.0,1881.0,2058.0,2203.0,0.0,0.0,0.0,0.0,0.0,0.0,0.0,0.0,0.0,0.0,2302.0,1648.0,459.0,646.5,933.0,1139.0,1263.5,1425.0,1688.5,1744.0,2276.0,1955.0,501.0,606.0,796.0,860.0,991.0,1119.0,1237.0,1228.0,"{""type"":""MultiPoint"",""coordinates"":[]}"
4572,5,2394.0,1689.0,704.0,848.0,1156.0,1305.0,1419.0,1521.0,1729.0,1716.0,4401.0,3693.0,1205.0,1609.0,2102.0,2443.0,2546.0,2714.0,2954.0,2960.0,2841.5,2013.5,771.0,955.0,1253.5,1483.0,1635.5,1759.0,1913.5,2002.5,3341.0,2619.0,946.0,1195.0,1514.0,1731.0,1849.0,2027.0,2316.0,2286.0,0.0,0.0,0.0,0.0,0.0,0.0,0.0,0.0,0.0,0.0,4721.0,4049.0,1362.0,1759.0,2232.0,2623.0,2868.0,3128.0,3203.0,3322.0,3989.0,3067.0,1088.0,1400.0,1691.0,2097.0,2547.0,2891.0,3037.0,3080.0,4301.0,3369.0,1007.0,1502.0,1612.0,2261.0,3335.0,3633.0,3814.0,3839.0,0.0,0.0,0.0,0.0,0.0,0.0,0.0,0.0,0.0,0.0,3504.0,2345.0,839.0,1181.0,1104.0,1759.0,3579.0,4259.0,4371.0,4384.0,2948.0,1551.0,749.0,959.0,675.0,1303.0,4056.0,5146.0,5192.0,5330.0,3066.0,2510.0,892.0,1119.0,1490.0,1675.0,1754.0,1863.0,2132.0,2028.0,2773.5,1248.5,427.5,632.0,315.0,925.5,4432.0,5939.0,5916.0,6136.5,2206.0,950.0,326.0,483.0,252.0,720.0,3805.0,5290.0,5408.0,5512.0,1878.0,827.0,344.0,515.0,289.0,810.0,3322.0,4447.0,4418.0,4784.0,1975.0,869.0,307.0,499.0,254.0,768.0,3309.0,4445.0,4378.0,4635.0,1980.0,895.5,292.5,590.5,282.0,1013.0,3446.5,4156.0,4348.0,4408.0,0.0,0.0,0.0,0.0,0.0,0.0,0.0,0.0,0.0,0.0,2560.5,1592.5,438.0,749.5,777.5,1387.0,2008.5,2243.5,2460.0,2603.0,2637.0,1812.5,531.0,670.0,832.5,1081.0,1305.0,1459.5,1516.0,1672.5,3687.0,2722.0,804.5,1041.0,1443.5,1687.0,1872.0,2103.5,2286.5,2336.0,3056.0,2591.0,696.0,927.0,1287.0,1476.0,1547.0,1702.0,1840.0,1901.0,0.0,0.0,0.0,0.0,0.0,0.0,0.0,0.0,0.0,0.0,2941.0,2354.0,714.0,966.0,1309.0,1495.0,1587.0,1718.0,1895.0,1858.0,0.0,0.0,0.0,0.0,0.0,0.0,0.0,0.0,0.0,0.0,1728.0,1137.0,365.0,526.0,770.0,871.0,948.0,1041.0,1207.0,1237.0,3454.5,2905.5,2249.0,2186.0,2361.0,2567.5,2554.0,2698.0,2774.0,2741.5,0.0,0.0,0.0,0.0,0.0,0.0,0.0,0.0,0.0,0.0,2045.0,1489.0,556.0,680.0,889.0,1032.0,1190.0,1284.0,1436.0,1444.0,0.0,0.0,0.0,0.0,0.0,0.0,0.0,0.0,0.0,0.0,916.0,1007.0,10813.0,10509.0,10493.0,10563.0,10243.0,9893.0,10262.0,9520.0,0.0,0.0,0.0,0.0,0.0,0.0,0.0,0.0,0.0,0.0,3131.0,2461.0,886.0,1097.0,1449.0,1616.0,1738.0,1873.0,2099.0,2075.0,3784.5,3127.5,1034.0,1358.5,1772.5,2041.0,2170.0,2341.0,2579.5,2572.5,3048.5,2514.0,1630.0,1666.0,1950.0,2341.5,2494.0,2595.0,2519.0,2776.5,4194.0,3394.0,1284.0,1552.0,1991.0,2377.5,2560.5,2817.0,2844.0,3040.0,"{""type"":""MultiPoint"",""coordinates"":[]}"
4585,5,42.0,33.0,327.0,421.0,500.5,667.5,593.5,655.5,661.0,528.5,3261.5,2671.0,1205.5,1516.0,1732.0,2099.0,2204.0,2368.0,2402.0,2577.0,1824.0,1187.0,697.5,929.0,1007.0,1360.5,1565.0,1702.5,1799.0,1828.5,1928.5,1365.0,701.0,962.5,981.0,1386.5,1695.5,1809.5,1929.5,1953.0,2386.0,1756.0,662.0,966.0,1016.0,1400.0,1674.5,1827.0,1979.5,2005.5,0.0,0.0,0.0,0.0,0.0,0.0,0.0,0.0,0.0,0.0,0.0,0.0,0.0,0.0,0.0,0.0,0.0,0.0,0.0,0.0,4891.5,4335.0,1344.5,1558.0,1706.0,2173.5,2423.5,2729.5,2871.5,3186.5,4186.0,4123.5,1509.5,1877.0,2362.5,2583.0,2632.5,2790.0,2986.5,2996.0,5669.0,5348.5,2125.0,2587.0,2957.0,3523.5,4013.5,4256.5,4298.5,4549.0,3629.0,1927.0,1252.0,1674.5,1751.0,2484.5,3626.5,4092.5,4130.5,4108.5,193.0,159.0,424.5,534.5,646.5,859.0,812.0,885.5,927.0,871.0,4211.5,2592.5,966.5,1365.0,1152.5,1913.0,4855.5,5827.0,5723.0,6250.5,2636.5,1252.0,546.5,784.0,539.5,1164.5,4348.0,5513.0,5572.5,5724.5,2401.0,1043.5,362.5,562.5,315.0,814.0,4227.5,5842.0,5747.0,6167.5,2350.0,982.0,352.5,453.5,236.5,666.5,4059.5,5853.5,5658.0,6129.0,2150.0,915.0,227.5,410.5,209.5,635.5,3858.5,5569.5,5636.0,5870.0,2892.0,2207.0,1583.0,1728.0,1637.0,2156.0,4075.0,4910.5,4840.5,5062.5,2137.5,973.5,394.0,691.5,371.5,1126.5,3487.0,4226.5,4476.0,4538.5,2311.5,1574.0,535.5,747.0,834.0,1223.0,1479.0,1640.0,1762.5,1919.5,2954.5,2240.0,491.0,644.0,901.0,1149.0,1270.5,1402.0,1580.5,1664.0,3348.0,2372.5,810.5,1008.0,1321.5,1502.0,1640.5,1720.0,2015.0,1917.0,5771.0,5704.0,3599.5,3920.5,4378.0,4728.5,4860.0,5070.0,4696.0,5209.0,3433.0,2623.0,860.5,1083.5,1350.5,1602.0,1791.0,1911.5,2077.0,2124.5,2399.5,2240.5,1357.0,1412.5,1629.5,1839.0,1906.5,2054.0,2041.0,2215.0,1855.0,1357.0,610.5,826.0,1108.0,1292.5,1388.5,1476.5,1685.0,1680.0,2246.5,1633.0,745.5,1001.0,1252.5,1484.5,1595.0,1713.5,1879.0,1895.0,2070.5,1781.0,2229.0,1941.5,1780.5,1957.0,1957.0,2052.0,2400.5,2193.0,1923.5,1295.0,770.0,975.5,1177.0,1433.5,1639.0,1681.5,1882.5,1877.5,0.0,0.0,0.0,0.0,0.0,0.0,0.0,0.0,0.0,0.0,1041.0,1134.5,11009.0,10599.0,10455.5,10545.5,10213.5,9799.5,10240.0,9455.0,71.0,74.5,1485.5,1619.0,1742.5,2088.5,1856.0,1774.0,1684.5,1598.5,1781.0,1230.5,640.5,869.5,1027.5,1313.5,1407.5,1499.5,1661.0,1607.0,2297.5,1729.0,906.5,1131.0,1220.0,1588.0,1717.5,1827.5,1978.5,1961.0,1892.0,1368.5,723.0,1003.5,1125.0,1443.0,1558.5,1648.0,1780.0,1792.0,2519.0,1937.0,1161.0,1378.0,1509.0,1819.0,1978.0,2054.5,2185.0,2177.5,"{""type"":""MultiPoint"",""coordinates"":[]}"
4596,1,1895.5,1184.0,427.0,663.0,757.5,1126.5,1558.5,1709.5,1907.5,1879.5,4304.5,3878.5,1017.5,1372.5,1823.5,2137.5,2292.0,2459.5,2607.0,2724.0,1967.0,1301.5,489.0,631.0,822.5,1026.0,1089.5,1191.5,1360.0,1341.0,3355.5,2839.0,816.5,1134.0,1362.5,1819.0,2002.5,2155.5,2275.0,2322.0,2514.0,1790.0,542.0,777.0,992.0,1265.0,1460.0,1592.0,1752.0,1764.0,5790.0,5197.0,1555.0,2064.0,2379.0,3092.0,3887.0,4298.0,4278.0,4582.0,2538.0,1384.0,434.0,726.0,528.0,1159.0,2501.0,3009.0,2997.0,3122.0,2291.0,1187.0,299.0,608.0,326.0,903.0,3155.0,4190.0,4183.0,4337.0,2254.5,1410.0,450.5,728.0,589.0,1060.0,3051.0,4116.0,3999.0,4356.5,1970.0,922.5,379.5,658.5,389.5,935.0,3130.0,4179.5,4148.5,4459.5,2012.0,891.0,583.5,765.0,446.0,928.0,3168.5,4376.5,4361.5,4663.5,3396.0,2714.0,737.0,1015.0,1270.0,1609.0,1865.0,1997.0,2200.0,2229.0,2217.0,1050.0,478.0,765.0,478.0,1059.0,3247.0,4164.0,4107.0,4473.0,2271.0,1214.0,557.0,872.0,642.0,1311.0,2954.0,3704.0,3748.0,3965.0,3184.0,2131.5,675.5,962.5,1132.5,1712.5,2336.0,2707.0,2862.5,3135.5,3831.0,2872.0,657.5,893.5,1254.0,1632.5,1804.5,2076.5,2137.5,2490.5,4796.0,3761.0,1104.0,1533.0,2333.0,2719.0,2882.0,3146.0,3368.0,3555.0,4351.0,3373.0,1011.0,1422.0,2086.0,2442.0,2648.0,2874.0,3074.0,3259.0,3898.5,3236.5,914.0,1225.5,1645.5,1946.5,2111.5,2263.5,2358.5,2528.5,1962.0,1354.0,485.0,658.0,701.0,1078.0,1438.0,1616.0,1340.0,1735.0,3101.5,2185.0,606.5,966.0,981.5,1520.0,2206.5,2406.0,2517.5,2618.5,3033.0,2054.0,559.0,1006.0,912.0,1535.0,2420.0,2612.0,2737.0,2874.0,4110.5,3631.0,2429.0,2507.0,2679.5,2947.5,3117.5,3209.5,3514.0,3360.5,2326.0,1416.0,463.0,750.0,886.0,1480.0,1864.0,2067.0,2344.0,2363.0,424.0,217.0,327.0,319.0,399.0,472.0,509.0,574.0,610.0,619.0,2638.0,1754.5,679.0,998.0,1448.5,1746.5,1964.0,2139.0,2391.5,2387.0,2840.5,1998.0,699.5,1013.0,1377.5,1715.5,1876.0,2029.5,2251.5,2296.5,0.0,0.0,0.0,0.0,0.0,0.0,0.0,0.0,0.0,0.0,2896.0,2732.0,1421.5,1567.5,1774.5,2064.0,2261.5,2406.0,2383.5,2574.0,0.0,0.0,0.0,0.0,0.0,0.0,0.0,0.0,0.0,0.0,1159.0,1248.0,10418.0,10260.0,10314.0,10405.0,10072.0,9714.0,10192.0,9418.0,1518.5,1012.0,1047.5,1268.5,1405.0,1732.0,1951.0,2037.0,2122.0,2128.0,2580.5,1763.5,550.0,813.0,922.0,1344.5,1890.5,2028.0,2280.0,2255.5,2102.0,1550.0,733.0,956.0,913.0,1366.0,1865.0,2008.0,2166.0,2166.0,2325.0,1538.0,540.0,876.0,1038.0,1544.0,1807.0,1991.0,2155.0,2226.0,2411.0,1569.0,747.0,941.0,1216.0,1519.0,1675.0,1801.0,1964.0,2085.0,"{""type"":""MultiPoint"",""coordinates"":[]}"
4611,5,1054.0,533.0,577.0,792.0,1280.0,1558.0,1684.0,1876.0,2093.0,2182.0,4732.0,4271.0,1528.0,1915.0,2420.0,2693.0,2809.0,2971.0,3192.0,3257.0,3194.0,2513.0,1025.0,1216.0,1566.0,1766.0,1914.0,2030.0,2204.0,2268.0,2669.0,2055.0,1579.0,1928.0,2159.0,2452.0,2540.0,2645.0,2274.0,2737.0,2549.0,1866.0,817.0,1077.0,1376.0,1573.0,1677.0,1790.0,1959.0,1994.0,4324.0,3781.0,2871.0,2389.0,2493.0,2890.0,3359.0,3588.0,4142.0,3587.0,3097.0,2268.0,1081.0,1331.0,1632.0,1874.0,1948.0,2142.0,2260.0,2361.0,4015.0,3359.5,1331.0,1790.0,2032.0,2484.0,2815.0,2971.0,3051.0,3196.0,5190.0,4487.0,1698.0,2283.0,2579.0,3108.0,4372.0,4838.0,4684.0,5088.0,3789.0,2649.0,889.0,1258.0,1158.0,1817.0,4108.0,4862.0,4791.0,5140.0,3386.0,1736.0,629.0,913.0,543.0,1287.0,4651.0,5926.0,5835.0,6158.0,3928.0,3026.0,1299.0,1634.0,2095.0,2351.0,2522.0,2663.0,2921.0,2918.0,2574.0,1184.0,361.0,593.0,259.0,937.0,4128.0,5618.0,5895.0,6006.0,2748.5,1195.0,323.5,490.0,244.0,767.0,4477.0,6412.5,6523.5,6758.0,2515.0,1057.0,264.0,405.5,205.0,655.5,4187.5,5993.0,5890.5,6376.5,2733.0,1235.0,575.5,705.0,497.5,1005.5,4193.5,5665.5,5781.0,6074.5,2197.5,980.5,271.0,473.5,248.0,791.0,3656.0,4827.5,5038.5,5219.0,2837.5,1745.5,2489.5,2404.5,2075.0,2529.0,3999.0,4559.5,4925.5,4766.0,2169.0,1064.5,351.0,774.5,439.5,1446.0,3617.5,4177.5,4446.0,4544.0,2544.0,1664.0,419.0,623.0,757.0,1228.0,1542.0,1751.0,1884.0,2123.0,2625.0,1976.5,404.5,604.0,847.0,1215.5,1495.0,1710.5,1797.5,2074.5,4253.0,3027.0,825.0,1144.0,1720.0,2137.0,2327.0,2579.0,2845.0,3053.0,3762.5,3211.5,2063.5,2175.5,2453.5,2643.5,2765.5,2866.5,3123.0,3046.5,3440.0,2633.0,830.0,1059.0,1421.0,1698.0,1824.0,1947.0,2184.0,2191.0,0.0,0.0,0.0,0.0,0.0,0.0,0.0,0.0,0.0,0.0,2316.0,1625.0,657.0,879.0,1193.0,1394.0,1500.0,1627.0,1813.0,1827.0,2796.0,2202.0,808.0,1093.0,1416.0,1660.0,1751.0,1877.0,2047.0,2084.0,0.0,0.0,0.0,0.0,0.0,0.0,0.0,0.0,0.0,0.0,2587.0,1870.0,804.0,1058.0,1301.0,1586.0,1729.0,1859.0,2025.0,2008.0,0.0,0.0,0.0,0.0,0.0,0.0,0.0,0.0,0.0,0.0,709.0,792.0,10800.0,10472.0,10400.0,10470.0,10069.0,9655.0,10064.0,9307.0,697.0,408.5,4147.0,4273.0,4487.0,4767.5,4664.0,4554.0,4736.0,4524.0,2070.0,1274.0,764.0,1041.0,1436.0,1750.0,1960.0,2176.0,2424.0,2489.0,4376.5,3340.0,1468.5,1858.0,2256.5,2658.5,3010.0,3200.0,3471.0,3516.5,2216.0,1338.0,826.0,1178.0,1528.0,1968.0,2335.0,2527.0,2812.0,2828.0,3463.5,2553.5,1275.5,1656.0,2099.5,2510.5,2688.0,2891.0,3174.0,3167.0,"{""type"":""MultiPoint"",""coordinates"":[]}"
4621,5,1541.0,1057.0,623.0,828.0,1182.0,1330.0,1398.0,1499.0,1774.0,1768.0,2346.0,1734.0,765.0,1021.0,1363.0,1563.0,1675.0,1823.0,1993.0,1967.0,1746.5,1232.0,721.5,972.5,1338.5,1543.0,1605.5,1746.5,1850.5,1897.0,1222.0,798.0,712.0,981.0,1312.0,1532.0,1592.0,1704.0,1873.0,1900.0,3897.0,3223.0,1216.0,1668.0,2173.0,2492.0,2588.0,2727.0,2983.0,3031.0,4876.0,4414.0,1813.5,2188.5,2717.0,3153.5,3249.5,3437.0,3733.0,3682.0,0.0,0.0,0.0,0.0,0.0,0.0,0.0,0.0,0.0,0.0,5959.5,5691.5,2280.0,2953.0,3670.0,4144.5,4197.5,4406.5,4481.0,4646.5,5904.0,5304.0,2171.0,2785.0,3364.0,3919.0,4234.0,4605.0,4472.0,4846.0,3499.0,2841.5,871.0,1211.5,1467.5,1936.5,2585.0,2823.0,2839.0,3037.5,3201.0,2091.0,1439.0,1581.0,1489.0,2079.0,3201.0,3549.0,3739.0,3804.0,2042.0,1341.0,654.0,894.0,1274.0,1425.0,1538.0,1660.0,1932.0,1879.0,3547.0,2350.0,812.0,1139.0,1016.0,1658.0,3713.0,4440.0,4346.0,4729.0,2529.0,1255.0,446.0,632.0,369.0,944.0,3744.0,4963.0,4993.0,5135.0,2383.0,1044.5,347.5,510.0,278.5,765.0,3867.5,5390.5,5352.0,5698.5,2339.0,974.0,315.0,472.0,267.0,706.0,3756.0,5422.0,5350.0,5800.0,2310.0,1003.0,343.0,523.0,291.0,812.0,3943.0,5426.0,5547.0,5708.0,2864.5,1619.0,850.0,1074.5,865.5,1455.5,4255.0,5515.0,5453.5,5807.5,2252.5,1059.0,349.5,668.5,342.0,1212.5,4040.5,5040.5,5345.0,5362.5,2177.0,1201.5,698.0,1060.0,823.0,1987.5,3135.5,3477.0,3635.0,3851.0,2800.0,1942.0,363.0,628.0,872.0,1395.0,1723.0,1984.0,2311.0,2496.0,4067.0,3320.5,2357.0,2566.5,2856.0,3209.5,3373.0,3533.5,3791.5,3766.5,2777.0,1960.0,728.0,1017.0,1392.0,1578.0,1676.0,1788.0,2072.0,2061.0,2921.0,2378.0,816.0,1084.0,1441.0,1665.0,1746.0,1904.0,2087.0,2073.0,2678.0,2318.0,822.0,1176.0,1558.0,1947.0,2171.0,2412.0,1981.0,2696.0,2462.0,1747.0,619.0,941.5,1273.5,1507.0,1647.0,1752.5,1949.5,1960.5,2691.5,2015.5,685.0,1020.0,1348.0,1637.5,1741.5,1893.5,2051.5,2064.0,2592.0,1887.0,1447.0,1517.0,1631.0,1859.0,1941.0,2127.0,2346.0,2326.0,2082.5,1342.0,630.0,906.0,1096.5,1450.0,1649.0,1829.0,2027.5,2011.0,0.0,0.0,0.0,0.0,0.0,0.0,0.0,0.0,0.0,0.0,1156.0,1042.0,6833.0,6925.0,7175.0,7359.0,7200.0,6983.0,7343.0,6842.0,1562.0,1041.0,903.0,1154.0,1464.0,1695.0,1826.0,1916.0,2173.0,2154.0,1825.0,1297.0,702.0,875.0,1156.0,1337.0,1465.0,1539.0,1770.0,1744.0,1418.5,959.5,605.5,783.0,995.0,1208.5,1314.0,1437.0,1623.0,1606.0,1920.0,1366.0,779.0,1077.0,1406.0,1618.0,1723.0,1844.0,1985.0,2004.0,3736.5,3059.0,1176.5,1511.0,1935.5,2236.5,2350.0,2517.5,2689.5,2723.0,"{""type"":""MultiPoint"",""coordinates"":[]}"
4633,1,1861.0,1252.0,498.0,670.0,773.0,1056.0,1385.0,1529.0,1690.0,1664.0,3788.5,3158.0,1131.0,1549.0,1692.0,2250.5,2583.5,2748.0,2942.5,2992.0,2564.0,1762.0,769.0,1025.0,1187.0,1518.0,1802.0,1940.0,2122.0,2156.0,2610.0,1628.0,658.0,932.0,878.0,1359.0,2302.0,2660.0,2790.0,2815.0,0.0,0.0,0.0,0.0,0.0,0.0,0.0,0.0,0.0,0.0,4321.0,3289.0,1968.0,2470.0,2618.0,3035.0,3712.0,4154.0,3921.0,4284.0,0.0,0.0,0.0,0.0,0.0,0.0,0.0,0.0,0.0,0.0,1774.0,740.0,322.0,467.0,268.0,644.0,2931.0,4648.0,4655.0,4923.0,2094.0,915.0,400.0,635.0,362.0,791.0,3760.0,5556.0,5513.0,5870.0,1788.0,766.0,389.0,562.0,324.0,734.0,3011.0,4493.0,4653.0,4730.0,1930.0,871.0,364.0,704.0,403.0,1012.0,3235.0,4252.0,4306.0,4470.0,1936.0,1362.0,556.0,701.0,865.0,1168.0,1499.0,1599.0,1814.0,1782.0,3385.0,2561.0,2544.0,2486.0,2300.0,2747.0,3884.0,4435.0,4392.0,4614.0,988.0,617.0,730.0,718.0,678.0,892.0,1005.0,1191.0,1053.0,1232.0,3318.5,2497.0,1004.5,1112.5,1269.5,1577.0,1853.0,2138.0,2235.5,2406.5,3117.5,2405.0,804.0,1023.5,1360.5,1690.5,1921.0,2133.5,2082.0,2361.0,3387.5,2714.0,925.0,1218.0,1605.5,1916.0,2116.0,2306.5,2396.0,2541.5,3585.0,3300.0,942.0,1217.0,1628.0,1930.0,1994.0,2160.0,2215.0,2366.0,2691.0,2127.0,790.5,1028.0,1370.0,1644.0,1705.5,1871.5,1938.5,2066.0,2610.0,2019.0,640.0,861.0,1125.0,1405.0,1495.0,1610.0,1687.0,1824.0,3961.0,3494.0,1129.0,1517.0,1917.0,2176.0,2367.0,2504.0,2818.0,2762.0,3680.0,3391.0,1040.0,1326.0,1696.0,1960.0,2133.0,2309.0,2462.0,2519.0,0.0,0.0,0.0,0.0,0.0,0.0,0.0,0.0,0.0,0.0,4005.0,3424.0,1216.0,1546.0,1865.0,2315.0,2692.0,2876.0,3095.0,3104.0,1250.0,1252.0,470.0,565.0,579.0,772.0,942.0,1054.0,899.0,1197.0,2146.0,1429.0,479.0,769.0,874.0,1272.0,1859.0,1998.0,2229.0,2212.0,3107.0,2422.0,788.0,1083.0,1239.0,1733.0,2374.0,2560.0,2707.0,2782.0,0.0,0.0,0.0,0.0,0.0,0.0,0.0,0.0,0.0,0.0,2335.0,1461.0,639.0,902.0,888.0,1463.0,2304.0,2480.0,2697.0,2723.0,0.0,0.0,0.0,0.0,0.0,0.0,0.0,0.0,0.0,0.0,322.0,304.0,6833.0,6858.0,6922.0,7154.0,6815.0,6464.0,6647.0,6027.0,0.0,0.0,0.0,0.0,0.0,0.0,0.0,0.0,0.0,0.0,2259.0,1616.0,698.0,868.0,1126.0,1347.0,1444.0,1566.0,1761.0,1744.0,3237.5,2789.0,846.0,1101.5,1481.5,1704.0,1770.5,1949.0,2116.5,2146.5,4406.0,4126.0,1241.0,1601.0,2153.0,2425.0,2521.0,2700.0,2951.0,2954.0,5655.0,5299.0,1897.0,2413.0,2988.0,3417.0,3563.0,3791.0,3914.0,4043.0,"{""type"":""MultiPoint"",""coordinates"":[]}"
4638,5,1652.0,1151.0,510.0,670.0,884.0,995.0,1091.0,1182.0,1342.0,1307.0,3460.0,2961.0,1028.0,1326.0,1675.0,1893.0,1970.0,2083.0,2256.0,2284.0,1711.0,1107.0,527.0,622.0,841.0,952.0,1013.0,1123.0,1241.0,1252.0,2467.0,2020.0,649.0,811.0,1040.0,1204.0,1311.0,1446.0,1579.0,1581.0,3413.0,2939.0,1027.0,1309.0,1578.0,1875.0,2098.0,2305.0,2375.0,2428.0,3181.0,2481.5,848.5,1147.0,1250.5,1652.5,2344.5,2554.5,2649.5,2704.0,0.0,0.0,0.0,0.0,0.0,0.0,0.0,0.0,0.0,0.0,2246.0,1427.0,392.0,657.0,524.0,1044.0,2114.0,2455.0,2487.0,2597.0,0.0,0.0,0.0,0.0,0.0,0.0,0.0,0.0,0.0,0.0,2488.0,1283.5,234.0,517.0,285.0,883.5,3848.5,4946.0,4921.0,5129.5,2185.0,1016.0,332.0,471.0,264.0,697.0,3584.0,5210.0,5114.0,5437.0,1772.0,1296.0,523.0,663.0,890.0,1005.0,1094.0,1175.0,1327.0,1304.0,2540.0,1237.0,490.0,592.0,408.0,927.0,4187.0,6286.0,6262.0,6532.0,2261.0,927.5,356.5,553.0,334.5,823.5,4069.5,5758.5,5739.0,6154.5,0.0,0.0,0.0,0.0,0.0,0.0,0.0,0.0,0.0,0.0,1996.0,851.0,356.0,546.0,303.0,835.0,3450.0,4642.0,4524.0,4955.0,1987.0,977.5,320.0,626.5,407.5,1123.0,2784.0,3370.0,3606.0,3735.0,0.0,0.0,0.0,0.0,0.0,0.0,0.0,0.0,0.0,0.0,2811.5,2143.0,471.5,600.5,845.5,1025.5,1124.5,1268.0,1418.5,1504.0,2795.0,2165.0,508.0,625.0,821.0,978.0,1051.0,1152.0,1235.0,1348.0,3295.0,2482.0,703.0,885.0,1202.5,1385.5,1466.5,1610.5,1781.5,1851.5,2332.0,2026.0,600.0,734.0,970.0,1129.0,1148.0,1268.0,1355.0,1404.0,0.0,0.0,0.0,0.0,0.0,0.0,0.0,0.0,0.0,0.0,2198.0,1846.0,604.5,739.5,951.5,1090.0,1146.5,1233.0,1347.0,1378.0,2219.0,1785.0,616.0,762.0,961.0,1120.0,1110.0,1199.0,1265.0,1354.0,1377.0,869.0,239.0,391.0,575.0,672.0,741.0,832.0,948.0,972.0,1902.5,1485.5,499.5,627.5,816.0,911.5,962.0,1032.0,1152.0,1152.0,0.0,0.0,0.0,0.0,0.0,0.0,0.0,0.0,0.0,0.0,1656.0,1206.0,354.0,467.0,642.0,730.0,825.0,899.0,1000.0,1035.0,0.0,0.0,0.0,0.0,0.0,0.0,0.0,0.0,0.0,0.0,362.0,415.0,10626.0,10302.0,10226.0,10305.0,9938.0,9515.0,9878.0,9074.0,0.0,0.0,0.0,0.0,0.0,0.0,0.0,0.0,0.0,0.0,2170.0,1511.0,538.0,750.0,987.0,1158.0,1250.0,1356.0,1527.0,1541.0,2028.0,1436.0,539.0,694.0,903.0,1029.0,1118.0,1205.0,1359.0,1348.0,1772.0,1180.0,460.0,623.0,848.0,1027.0,1075.0,1208.0,1344.0,1375.0,2308.0,1704.0,986.0,1265.0,1545.0,1785.0,1849.0,1998.0,1984.0,2183.0,"{""type"":""MultiPoint"",""coordinates"":[]}"
4649,3,1520.0,980.0,443.0,554.0,743.0,879.0,966.0,1027.0,1238.0,1211.0,3655.0,3313.0,1008.0,1254.0,1570.0,1770.0,1852.0,1993.0,2170.0,2171.0,2294.5,1640.5,630.0,749.5,922.5,1078.0,1165.5,1272.0,1410.5,1458.5,2301.0,1660.0,592.0,743.0,882.0,1081.0,1164.0,1282.0,1442.0,1458.0,0.0,0.0,0.0,0.0,0.0,0.0,0.0,0.0,0.0,0.0,3530.0,3286.0,1927.0,2129.0,2012.0,2454.0,3271.0,3658.0,3599.0,3795.0,0.0,0.0,0.0,0.0,0.0,0.0,0.0,0.0,0.0,0.0,1481.0,735.0,303.0,499.0,222.0,709.0,2623.0,3524.0,3604.0,3488.0,1509.0,715.0,372.0,608.0,308.0,903.0,3240.0,4365.0,4267.0,4397.0,927.5,438.0,904.0,852.0,509.0,833.0,2279.5,3065.0,2978.0,3128.0,0.0,0.0,0.0,0.0,0.0,0.0,0.0,0.0,0.0,0.0,2541.0,2151.0,616.0,757.0,941.0,1090.0,1169.0,1263.0,1453.0,1423.0,1486.5,700.0,477.5,821.5,458.0,1265.0,3466.0,4652.5,4600.0,4876.0,1475.0,731.0,580.0,879.0,566.0,1326.0,3351.0,4219.0,4383.0,4531.0,1984.0,1073.0,561.0,1022.0,838.0,1776.0,3199.0,3833.0,3902.0,4344.0,3736.5,2420.0,895.0,1289.5,1637.5,2223.0,2814.5,3195.0,3227.5,3598.0,4491.5,3124.5,1190.5,1694.0,2295.0,2912.5,3366.0,3654.5,3932.0,4100.5,0.0,0.0,0.0,0.0,0.0,0.0,0.0,0.0,0.0,0.0,2903.0,2326.0,675.0,892.5,1197.0,1436.5,1603.0,1758.0,1907.0,2009.0,3089.0,2373.0,699.0,927.0,1121.0,1416.0,1674.0,1812.0,1890.0,2034.0,3292.5,2717.5,730.5,959.5,1158.0,1479.0,1810.5,1990.5,2190.0,2234.0,3006.0,2442.5,730.5,936.5,1088.5,1434.5,1824.0,1978.0,2102.0,2230.0,0.0,0.0,0.0,0.0,0.0,0.0,0.0,0.0,0.0,0.0,2923.0,2296.0,682.0,878.0,1078.0,1390.0,1619.0,1805.0,2020.0,2056.0,1355.0,1349.0,1072.0,1033.0,1062.0,1129.0,1183.0,1292.0,1164.0,1352.0,1756.0,1139.0,421.0,610.0,901.0,1117.0,1201.0,1341.0,1494.0,1524.0,1847.0,1218.0,521.0,728.0,1026.0,1213.0,1316.0,1434.0,1583.0,1638.0,0.0,0.0,0.0,0.0,0.0,0.0,0.0,0.0,0.0,0.0,1820.0,1323.0,540.0,665.0,862.0,1042.0,1115.0,1259.0,1412.0,1427.0,0.0,0.0,0.0,0.0,0.0,0.0,0.0,0.0,0.0,0.0,1155.0,1250.0,10818.0,10538.0,10427.0,10569.0,10224.0,9858.0,10259.0,9449.0,0.0,0.0,0.0,0.0,0.0,0.0,0.0,0.0,0.0,0.0,2578.0,2026.0,574.0,732.0,971.0,1127.0,1228.0,1331.0,1502.0,1510.0,2943.0,2391.0,715.0,887.0,1115.0,1297.0,1408.0,1524.0,1721.0,1736.0,2092.0,1470.0,472.0,614.0,827.0,949.0,1020.0,1126.0,1288.0,1301.0,3465.0,2810.0,967.0,1131.0,1412.0,1543.0,1630.0,1760.0,1996.0,2001.0,"{""type"":""MultiPoint"",""coordinates"":[]}"
4658,3,675.5,365.0,394.0,616.0,939.0,1179.0,1259.0,1389.5,1563.0,1582.5,4374.5,3559.5,1175.0,1513.5,1944.5,2277.0,2419.0,2607.5,2782.5,2910.0,0.0,0.0,0.0,0.0,0.0,0.0,0.0,0.0,0.0,0.0,2961.5,2360.0,715.5,980.0,1250.5,1550.5,1668.5,1812.0,1886.0,2020.5,2182.0,1479.0,543.0,798.0,1041.5,1263.5,1373.5,1503.5,1657.5,1683.0,0.0,0.0,0.0,0.0,0.0,0.0,0.0,0.0,0.0,0.0,0.0,0.0,0.0,0.0,0.0,0.0,0.0,0.0,0.0,0.0,0.0,0.0,0.0,0.0,0.0,0.0,0.0,0.0,0.0,0.0,2074.5,1730.5,493.5,729.0,661.5,1293.0,2908.5,3704.5,3328.0,3850.5,1512.5,723.0,481.0,625.5,374.0,802.0,2657.0,3918.5,3706.0,4076.5,800.0,449.5,499.0,463.5,284.0,457.0,1363.5,2102.5,2078.5,2209.0,1974.0,1436.0,625.0,866.5,1233.0,1434.5,1530.0,1700.0,1899.0,1955.0,0.0,0.0,0.0,0.0,0.0,0.0,0.0,0.0,0.0,0.0,1407.5,655.0,483.5,728.5,367.0,1055.0,3089.0,4440.0,4327.0,4748.5,1843.0,1078.0,597.0,900.0,573.0,1360.0,3566.5,4727.0,4554.5,4994.5,1389.0,925.5,590.0,802.5,540.0,1041.5,2324.5,2957.0,2963.0,3173.0,1767.0,946.0,312.5,721.0,466.0,1320.0,2967.5,3540.5,3486.0,3818.5,2685.0,1656.5,654.0,1120.5,1295.0,2148.0,3013.5,3395.5,3479.5,3780.5,4887.5,3912.5,2588.0,2803.0,3147.0,3624.0,3794.0,3947.0,3883.0,4173.0,945.0,542.5,5065.0,4723.0,4525.5,4934.0,4519.0,4289.0,4115.0,4071.5,3869.0,3440.0,995.0,1406.5,1858.5,2128.5,2256.5,2415.5,2470.5,2626.5,2921.0,2546.0,651.5,938.0,1327.5,1510.5,1610.5,1718.5,1841.5,1914.0,4833.5,4691.0,4082.5,4103.0,4272.5,4390.5,4400.5,4448.5,4806.5,4544.0,2151.5,1629.0,477.0,668.5,975.5,1111.5,1224.0,1344.5,1459.5,1534.0,2536.0,2049.5,562.5,815.0,1160.0,1326.0,1393.5,1530.0,1657.0,1734.0,2025.5,1473.0,401.5,643.0,968.0,1084.0,1188.5,1265.5,1491.0,1463.0,2565.5,2084.0,544.0,828.5,1173.0,1345.0,1432.5,1525.5,1677.0,1753.0,0.0,0.0,0.0,0.0,0.0,0.0,0.0,0.0,0.0,0.0,0.0,0.0,0.0,0.0,0.0,0.0,0.0,0.0,0.0,0.0,0.0,0.0,0.0,0.0,0.0,0.0,0.0,0.0,0.0,0.0,0.0,0.0,0.0,0.0,0.0,0.0,0.0,0.0,0.0,0.0,185.5,146.5,8151.0,8185.0,8297.0,8629.0,8178.0,7764.0,7971.0,7269.0,2146.0,1602.5,766.0,1008.5,1302.5,1590.5,1723.5,1906.0,1992.5,2130.5,0.0,0.0,0.0,0.0,0.0,0.0,0.0,0.0,0.0,0.0,1245.0,708.5,511.0,741.5,1003.5,1260.0,1383.0,1506.5,1668.0,1731.0,3550.5,2724.0,913.0,1234.0,1605.5,1936.0,2088.5,2218.5,2428.0,2499.0,"{""type"":""MultiPoint"",""coordinates"":[]}"
4661,2,2211.0,1402.5,638.0,940.5,1370.5,1650.5,1792.5,1915.5,2141.0,2099.5,4780.5,4145.0,1375.5,1901.0,2540.5,3069.0,3236.5,3356.0,3398.0,3558.5,2797.0,1839.0,846.0,1134.0,1577.0,1900.0,2034.0,2140.0,2329.0,2363.0,5357.5,5050.5,1656.5,2206.0,2919.5,3344.0,3407.5,3608.0,3805.5,3842.0,3050.0,2149.0,723.0,1073.0,1492.0,1801.0,2103.0,2127.0,2230.0,2397.0,6798.0,6069.0,2111.0,2816.0,3593.0,4253.5,4547.0,4908.0,4928.5,5273.0,0.0,0.0,0.0,0.0,0.0,0.0,0.0,0.0,0.0,0.0,3136.0,1899.0,650.0,1126.0,1038.0,2050.0,2402.0,2739.0,2710.0,2930.0,3874.0,3004.5,1117.5,1608.5,1965.0,2539.5,3141.0,3549.5,3492.5,3754.5,5122.0,4056.0,1363.0,1966.0,2415.0,3187.0,4295.0,4574.0,4636.0,4844.0,3411.0,2063.0,649.0,1113.0,983.0,1991.0,3473.0,3898.0,4026.0,4131.0,2812.0,2057.0,818.0,1142.0,1566.0,1810.0,1961.0,2157.0,2411.0,2328.0,3706.0,2385.0,838.0,1303.0,964.0,2441.0,4734.0,5711.0,5549.0,5974.0,1604.0,690.0,1034.0,1102.0,723.0,1304.0,3270.0,4175.0,3561.0,4189.0,3112.0,1884.0,468.0,800.0,619.0,1491.0,4284.0,5259.0,5193.0,5504.0,2362.0,1320.0,493.0,711.0,546.0,1429.0,4211.0,5093.0,5017.0,5389.0,2920.0,1507.0,385.0,709.0,485.0,1531.0,4305.0,5002.0,5434.0,5382.0,3639.0,2724.0,2071.5,2151.5,1996.5,2703.5,4185.0,4643.5,4877.5,4855.0,2329.0,1444.0,422.0,585.0,587.0,1456.0,3108.0,3548.0,3760.0,3823.0,3344.5,2673.5,1993.5,2073.0,2118.5,2619.5,2917.5,3075.5,3051.0,3292.5,4051.0,2940.0,1022.0,1209.0,1711.0,2131.0,2501.0,2735.0,2984.0,3205.0,4319.0,3369.0,822.0,1150.0,1656.0,2092.0,2357.0,2555.0,2728.0,2991.0,2605.0,1810.0,815.0,1109.0,1487.0,1791.0,1952.0,2072.0,2265.0,2290.0,3269.0,2256.5,691.5,916.0,1258.0,1569.5,1807.5,2016.5,2242.5,2435.0,3490.0,2564.0,813.0,1057.0,1388.0,1744.0,2019.0,2218.5,2471.0,2665.5,2547.0,1655.5,502.0,750.0,1052.5,1306.0,1590.5,1747.0,2077.5,2143.5,3264.5,2310.0,686.0,942.5,1212.0,1536.0,1806.5,2018.0,2184.0,2361.5,0.0,0.0,0.0,0.0,0.0,0.0,0.0,0.0,0.0,0.0,2344.0,1549.0,558.0,783.0,897.0,1318.0,1739.0,1964.0,2176.0,2247.0,0.0,0.0,0.0,0.0,0.0,0.0,0.0,0.0,0.0,0.0,110.0,151.0,10178.0,10146.0,10144.0,10269.0,9794.0,9234.0,9526.0,8684.0,422.0,317.0,5584.0,5956.0,6119.0,6003.0,5857.0,5587.0,5897.0,5344.0,2698.0,1808.0,747.5,1056.0,1451.0,1753.0,1870.0,2059.0,2256.5,2273.0,3984.0,3151.0,1038.0,1498.0,2032.0,2314.0,2587.0,2670.0,2955.0,2887.0,3612.0,2798.0,904.0,1288.0,1786.0,2117.0,2268.0,2472.0,2581.0,2696.0,2449.0,1588.0,852.0,1272.0,1849.0,2201.0,2255.0,2438.0,2512.0,2551.0,"{""type"":""MultiPoint"",""coordinates"":[]}"
4670,5,57.0,47.0,440.0,613.0,612.0,751.0,402.0,392.0,390.0,257.0,3240.0,2628.0,770.0,1090.0,1384.0,1656.0,1785.0,1897.0,1952.0,2063.0,2459.0,1683.0,707.0,901.0,1132.0,1344.0,1480.0,1587.0,1752.0,1778.0,2423.0,1650.0,661.0,815.0,1058.0,1259.0,1356.0,1512.0,1646.0,1699.0,0.0,0.0,0.0,0.0,0.0,0.0,0.0,0.0,0.0,0.0,3807.5,3274.5,1090.0,1416.0,1704.0,2088.5,2471.5,2725.5,2617.0,2932.0,0.0,0.0,0.0,0.0,0.0,0.0,0.0,0.0,0.0,0.0,3359.0,2567.5,1637.5,1802.0,1772.5,2267.5,3135.0,3440.0,3368.0,3587.5,2609.0,1494.0,597.0,861.0,805.0,1330.0,2696.0,3075.0,3028.0,3317.0,2288.0,1275.0,463.0,686.0,579.0,1015.0,2514.0,2869.0,3050.0,3030.0,2598.0,1519.0,423.0,668.0,537.0,1015.0,3132.0,4026.0,3964.0,4183.0,163.0,132.0,799.0,1238.0,1209.0,1462.0,960.0,913.0,872.0,605.0,2467.0,1204.0,528.0,744.0,461.0,1081.0,3758.0,4713.0,4654.0,5048.0,4723.0,3706.0,3806.0,3703.0,3498.0,4034.0,5391.0,6048.0,6090.0,6151.0,2465.5,1243.5,534.5,760.0,458.0,1107.0,3565.5,4425.5,4360.5,4783.5,2176.5,1158.0,390.0,636.5,442.5,1070.0,2705.5,3252.5,3174.0,3562.0,2106.0,1209.0,426.5,670.5,561.0,1150.5,2142.0,2470.0,2594.5,2810.0,3047.0,2153.0,519.0,754.0,884.0,1385.0,1774.0,2042.0,2171.0,2415.0,2268.0,1635.5,497.5,631.5,835.5,1054.5,1173.5,1308.5,1423.5,1561.5,3169.0,2306.0,590.0,775.0,1069.0,1341.0,1451.0,1595.0,1672.0,1830.0,3630.0,2900.5,1751.5,1975.5,2136.0,2383.0,2380.5,2418.0,2682.5,2555.5,2661.0,2284.0,669.0,832.0,1112.0,1273.0,1386.0,1479.0,1576.0,1635.0,0.0,0.0,0.0,0.0,0.0,0.0,0.0,0.0,0.0,0.0,2578.0,2169.0,644.0,796.0,1070.0,1248.0,1328.0,1464.0,1543.0,1613.0,4667.0,3857.0,2689.0,2715.0,2861.0,3195.0,3216.0,3272.0,3763.0,3535.0,1565.0,1071.0,341.0,509.0,724.0,828.0,918.0,1003.0,1131.0,1144.0,2208.0,1810.0,552.0,683.0,953.0,1076.0,1130.0,1243.0,1344.0,1391.0,1649.0,1256.0,1585.0,1547.0,1504.0,1527.0,1482.0,1542.0,1539.0,1583.0,1732.0,1191.0,512.0,602.0,795.0,904.0,991.0,1067.0,1206.0,1226.0,0.0,0.0,0.0,0.0,0.0,0.0,0.0,0.0,0.0,0.0,324.0,323.0,9096.0,9050.0,8911.0,9010.0,8502.0,7592.0,7629.0,6849.0,0.0,0.0,0.0,0.0,0.0,0.0,0.0,0.0,0.0,0.0,1762.0,1252.0,659.0,840.5,1008.0,1178.5,1247.0,1352.0,1444.5,1486.5,3805.0,3305.0,1029.0,1397.0,1767.0,2028.0,2132.0,2272.0,2467.0,2449.0,2734.0,2023.0,646.0,838.0,1081.0,1286.0,1412.0,1546.0,1673.0,1743.0,3921.0,3349.0,1111.0,1372.0,1731.0,2042.0,2084.0,2241.0,2324.0,2423.0,"{""type"":""MultiPoint"",""coordinates"":[]}"
4694,176,0.0,0.0,0.0,0.0,0.0,0.0,0.0,0.0,0.0,0.0,3114.0,1777.0,705.0,1148.0,1067.0,1851.0,3588.0,4120.0,4464.0,4493.0,2760.0,1446.0,599.0,1028.0,758.0,1597.0,3702.0,4408.0,4658.0,4746.0,2621.0,1341.5,516.0,952.5,674.0,1500.0,3647.0,4320.5,4528.0,4646.5,0.0,0.0,0.0,0.0,0.0,0.0,0.0,0.0,0.0,0.0,4035.0,2627.0,2317.0,2584.0,2226.0,3032.0,5318.0,6051.0,5978.0,6473.0,2515.0,1235.0,598.0,918.0,578.0,1296.0,3657.0,4500.0,4559.0,4925.0,2333.0,1134.0,405.0,712.0,429.0,1092.0,3282.0,4057.0,4153.0,4380.0,2333.0,1134.0,405.0,712.0,429.0,1092.0,3314.0,4057.0,4153.0,4436.0,1904.0,868.5,516.0,776.0,414.5,1024.0,3082.0,3778.5,3808.5,4139.0,0.0,0.0,0.0,0.0,0.0,0.0,0.0,0.0,0.0,0.0,3906.0,2583.0,1133.0,1590.0,2164.0,2648.0,3072.0,3323.0,3660.0,3800.0,0.0,0.0,0.0,0.0,0.0,0.0,0.0,0.0,0.0,0.0,1205.0,512.0,416.0,592.0,359.0,790.0,2121.0,2662.0,2587.0,2771.0,2127.0,1058.5,1435.5,1439.0,904.0,1373.5,3106.5,3878.5,3662.5,4205.5,2554.0,1236.0,885.0,1041.0,832.0,1440.0,3290.0,3923.0,4063.0,4373.0,2372.0,1211.5,664.5,901.0,711.0,1338.0,3052.5,3699.0,3829.0,4093.0,2654.0,1370.0,481.0,761.0,590.0,1236.0,3005.0,3669.0,3946.0,4090.0,1913.0,960.0,470.5,662.0,566.0,982.0,2042.5,2432.5,2707.0,2662.5,3059.0,2201.5,2128.5,2138.5,1942.5,2363.5,3224.0,3516.5,3920.0,3732.0,2936.5,1683.5,550.0,845.0,829.5,1371.5,2825.5,3317.0,3561.5,3751.5,2871.0,1651.0,524.0,825.0,800.0,1338.0,2912.0,3355.0,3673.0,3806.0,0.0,0.0,0.0,0.0,0.0,0.0,0.0,0.0,0.0,0.0,3114.0,1861.0,572.0,912.0,976.0,1574.0,2834.0,3222.0,3598.0,3648.0,2974.5,1751.0,534.5,895.5,982.5,1586.0,2838.0,3233.5,3617.5,3669.0,0.0,0.0,0.0,0.0,0.0,0.0,0.0,0.0,0.0,0.0,3666.0,2282.0,745.0,1164.0,1637.0,2122.0,2858.0,3225.0,3496.0,3697.0,3532.0,2224.0,794.0,1231.0,1703.0,2150.0,2865.0,3189.0,3685.0,3734.0,2348.0,1443.5,603.0,898.0,1220.5,1538.0,2055.5,2261.0,2560.0,2556.5,0.0,0.0,0.0,0.0,0.0,0.0,0.0,0.0,0.0,0.0,702.0,700.0,10318.0,10039.0,9947.0,10129.0,9732.0,9349.0,9432.0,8809.0,2466.5,1781.5,5760.0,5829.5,6035.5,6338.5,6426.5,6398.0,6613.5,6295.5,4204.0,2781.0,1181.5,1611.5,2108.0,2546.0,3159.0,3471.5,3826.0,3867.5,0.0,0.0,0.0,0.0,0.0,0.0,0.0,0.0,0.0,0.0,3410.0,2024.0,829.5,1253.0,1276.5,1925.5,3482.0,3923.5,4203.0,4274.0,3251.5,1898.5,775.5,1189.5,1164.0,1875.5,3509.0,4001.0,4403.0,4387.5,"{""type"":""MultiPoint"",""coordinates"":[]}"
4707,5,1858.0,1152.0,570.0,729.0,867.0,1008.0,1176.0,1291.0,1442.0,1476.0,3217.0,2426.0,822.0,1031.0,1201.0,1648.0,2017.0,2154.0,2296.0,2378.0,2855.0,1960.0,780.0,1000.0,1297.0,1532.0,1747.0,1930.0,2145.0,2201.0,3125.0,2200.0,919.0,1142.0,1464.0,1733.0,1877.0,2040.0,2176.0,2247.0,3170.0,2462.0,761.0,994.0,1269.0,1503.0,1687.0,1817.0,2013.0,2042.0,4178.5,3228.5,1582.5,1782.0,2010.5,2373.5,2806.5,3082.5,3078.5,3279.5,3005.0,1954.0,887.0,1040.0,1231.0,1540.0,1825.0,2030.0,2101.0,2309.0,3145.0,2309.0,706.0,908.0,1088.0,1417.0,1786.0,2051.0,2043.0,2275.0,2958.0,2256.0,651.0,886.0,999.0,1337.0,2078.0,2379.0,2324.0,2553.0,3073.0,2228.0,638.0,871.0,955.0,1324.0,2587.0,2995.0,2925.0,3229.0,2955.0,1937.0,586.0,848.0,806.0,1276.0,2968.0,3581.0,3516.0,3785.0,2868.0,2185.0,546.0,741.0,935.0,1163.0,1322.0,1441.0,1614.0,1684.0,2582.0,1314.0,360.0,604.0,423.0,962.0,3263.0,4165.0,3948.0,4263.0,2264.0,1150.0,664.0,755.0,500.0,978.0,3389.0,4137.0,4123.0,4323.0,2041.0,883.0,251.5,414.0,224.5,639.5,3246.5,4331.0,4223.5,4560.0,2179.0,938.0,372.0,533.0,307.5,818.0,3429.0,4511.5,4453.0,4876.0,1925.0,888.0,216.0,458.0,234.0,778.0,3071.0,3781.0,3998.0,4076.0,1927.0,930.0,303.5,573.5,353.0,1024.0,2890.5,3459.0,3642.0,3812.5,2502.5,1653.0,448.5,681.0,902.5,1272.0,1667.0,1878.0,2121.0,2238.5,3117.0,2372.0,596.5,703.5,939.0,1138.0,1247.5,1412.5,1504.0,1676.5,3184.5,2437.0,634.0,810.0,1138.5,1367.5,1504.0,1689.5,1835.0,1998.5,3464.0,2497.0,659.0,875.0,1230.0,1487.0,1625.0,1760.0,1908.0,2083.0,3132.0,2310.0,738.0,936.0,1104.0,1394.0,1600.0,1786.0,2035.0,1963.0,2034.5,1460.5,471.0,609.5,814.0,953.5,1029.5,1142.0,1269.5,1317.5,2140.0,1677.0,526.0,659.0,865.0,1005.0,1079.0,1148.0,1293.0,1323.0,1748.0,1206.5,398.5,559.0,782.5,899.0,988.0,1090.0,1271.5,1261.0,2040.0,1480.0,548.0,629.0,832.0,1017.0,1104.0,1198.0,1284.0,1323.0,2057.0,1950.0,1953.0,1560.0,1274.0,1528.0,1691.0,1963.0,2124.0,2101.0,1921.0,1348.5,498.5,624.0,704.0,959.0,1234.0,1353.0,1440.0,1482.0,0.0,0.0,0.0,0.0,0.0,0.0,0.0,0.0,0.0,0.0,78.0,80.0,9582.0,9577.0,9552.0,9772.0,9221.0,8408.0,8621.0,7767.0,567.0,378.0,4430.0,4602.0,4719.0,4919.0,4827.0,4722.0,4905.0,4477.0,2510.0,1770.0,566.0,772.5,911.5,1192.5,1440.0,1587.5,1809.0,1783.0,3268.0,2506.0,683.0,961.0,1118.0,1484.0,1859.0,2028.0,2303.0,2260.0,2761.5,1928.0,620.0,884.0,979.0,1393.0,1807.5,1982.5,2165.5,2192.0,2769.5,1959.0,620.5,898.0,1024.5,1452.5,1835.0,1992.0,2180.5,2195.5,"{""type"":""MultiPoint"",""coordinates"":[]}"
4712,5,2846.5,2052.0,689.5,921.0,1305.0,1542.0,1682.0,1864.5,2086.0,2115.0,4475.0,3801.5,1002.0,1385.0,1904.5,2225.5,2375.0,2560.5,2713.0,2864.0,2751.5,1850.5,638.5,896.0,1310.5,1572.5,1706.0,1891.0,2059.0,2142.5,3627.0,2544.0,1278.0,1865.0,1993.0,2396.0,2632.0,2647.0,3006.0,2951.0,4278.0,3490.0,984.0,1489.0,1947.0,2405.0,2763.0,2984.0,3247.0,3286.0,0.0,0.0,0.0,0.0,0.0,0.0,0.0,0.0,0.0,0.0,4536.0,4238.0,4850.0,4587.0,4467.0,4983.0,5175.0,5230.0,5219.0,5242.0,3356.0,1930.0,443.0,848.0,652.0,1435.0,3977.0,4774.0,4853.0,4961.0,2538.0,1260.0,499.0,665.0,409.0,939.0,4486.0,6532.0,5162.0,6815.0,2982.0,1307.0,379.0,545.0,287.0,904.0,4955.0,6779.0,6608.0,7211.0,2804.0,1261.0,402.0,568.0,307.0,847.0,4437.0,6614.0,6700.0,6989.0,3571.0,2872.0,799.0,1018.0,1413.0,1618.0,1785.0,1941.0,2163.0,2178.0,2817.5,1144.5,476.5,595.0,350.5,851.5,4552.0,6195.5,6162.0,6609.0,2299.5,940.5,455.0,576.0,333.0,799.0,4044.5,5993.5,6028.5,6396.5,2280.0,950.0,422.0,569.0,310.0,837.0,4119.0,5908.0,5898.0,6293.0,2402.0,1041.0,457.0,661.0,397.0,1029.5,4024.5,5359.0,5240.5,5750.5,2248.0,1062.0,388.0,779.0,482.0,1235.0,3682.0,4625.0,4680.0,4973.0,2222.0,1332.0,477.0,797.0,772.0,1537.0,2296.0,2647.0,2845.0,3144.0,3535.5,2659.0,787.0,1042.0,1502.5,1816.5,1932.0,2175.0,2310.0,2458.5,3602.0,2971.0,997.0,1270.0,1648.0,1977.0,2137.0,2305.0,2309.0,2539.0,4005.0,3210.0,890.0,1206.0,1547.0,1881.0,2144.0,2305.0,2429.0,2542.0,3904.0,3053.0,894.0,1203.0,1517.0,1876.0,2123.0,2311.0,2472.0,2539.0,4011.0,3268.0,1537.5,1789.5,2016.0,2315.5,2543.5,2704.0,3051.5,2966.5,3276.5,2328.0,792.5,1067.0,1221.5,1632.0,2158.0,2356.5,2515.0,2565.5,3058.0,1830.0,892.0,1119.0,1258.0,1771.0,2543.0,2727.0,2954.0,3026.0,2515.0,1607.0,564.0,825.5,942.5,1371.0,2145.0,2273.0,2480.0,2511.5,2566.0,1630.0,616.0,906.0,885.0,1466.0,2221.0,2495.0,2563.0,2727.0,0.0,0.0,0.0,0.0,0.0,0.0,0.0,0.0,0.0,0.0,3637.0,3034.0,2270.5,2461.5,2533.5,3029.0,3657.5,3811.0,3899.0,3897.5,0.0,0.0,0.0,0.0,0.0,0.0,0.0,0.0,0.0,0.0,1066.0,1130.0,10542.0,10336.0,10278.0,10425.0,10073.0,9699.0,10152.0,9340.0,2244.0,1614.5,1912.0,2060.5,2395.5,2560.0,2691.5,2725.0,2993.5,2902.5,3665.0,2784.5,790.0,1063.0,1420.0,1715.0,1987.0,2164.0,2397.0,2419.5,3962.5,3089.0,963.0,1215.0,1577.5,1886.5,2061.0,2228.5,2485.5,2520.5,3673.0,2815.0,818.0,1059.0,1460.0,1715.0,1857.0,2014.0,2279.0,2294.0,3239.0,2308.0,870.0,1160.0,1552.0,1822.0,1966.0,2130.0,2345.0,2440.0,"{""type"":""MultiPoint"",""coordinates"":[]}"
4713,5,895.5,540.0,503.5,641.0,813.0,936.5,996.0,1066.0,1137.0,1142.5,1921.5,1496.5,523.5,706.0,942.5,1092.0,1142.5,1207.5,1247.0,1330.5,1527.0,1005.5,609.5,698.0,870.5,993.5,1041.5,1103.0,1194.5,1210.0,1835.5,1395.0,692.0,834.0,1024.0,1194.0,1298.5,1377.0,1414.0,1483.5,1560.0,1013.0,504.5,666.0,823.5,1016.5,1127.5,1235.0,1284.5,1334.0,4423.0,3666.0,3805.0,3791.5,3916.0,4187.5,4174.5,4149.0,4766.0,4123.0,276.5,202.0,340.0,278.5,229.0,227.5,150.5,137.5,131.5,144.0,1947.5,1609.5,635.5,785.5,941.0,1094.0,1207.5,1276.5,1277.0,1368.0,2080.0,1637.0,732.5,898.0,1085.0,1292.0,1291.0,1371.5,1343.0,1510.0,1966.5,1593.0,704.5,827.5,954.5,1135.5,1312.5,1466.5,1451.5,1517.5,2129.5,1665.5,679.5,844.0,987.0,1252.0,1518.5,1695.5,1713.0,1849.0,984.0,623.5,449.0,610.0,793.0,903.5,935.5,1031.5,1109.5,1109.5,2079.5,1279.5,651.0,852.0,848.0,1224.5,1817.5,2074.0,2025.5,2026.0,2060.0,1334.5,654.5,830.5,796.5,1196.5,2064.5,2379.5,2238.5,2479.0,2288.5,1358.0,491.5,710.0,553.0,1065.0,2664.0,3211.0,3204.0,3361.0,2020.0,960.0,302.5,522.5,329.0,855.0,2937.5,3806.5,3651.0,3827.5,1954.0,919.5,294.0,480.5,295.5,761.0,3036.0,3841.5,3821.5,4006.5,1920.5,942.0,256.5,455.5,305.0,700.0,2923.5,3718.0,3728.0,3920.0,1887.0,925.0,301.5,546.0,319.5,894.5,2981.0,3553.5,3654.5,3750.5,1289.5,722.0,467.0,648.5,475.5,978.5,1618.0,1803.0,1798.0,1927.0,3007.0,2532.5,1863.0,1998.0,1904.0,2108.0,2320.5,2480.0,2877.0,2811.5,2311.5,1826.5,552.0,672.5,923.0,1084.5,1134.0,1283.5,1361.0,1469.5,1533.0,976.0,674.0,827.5,1053.0,1182.0,1288.5,1347.5,1465.0,1434.0,1559.0,1247.5,482.0,551.5,705.5,786.5,822.5,865.5,937.5,981.0,1501.5,1193.0,478.0,552.5,682.5,761.0,829.0,890.5,931.5,978.5,1151.5,829.5,291.5,420.5,555.5,615.0,685.0,762.0,870.5,861.0,1540.5,1255.0,486.0,560.0,690.5,776.5,796.0,891.5,897.0,956.0,2818.0,2483.0,3026.0,2799.5,2579.5,2719.5,2573.5,2579.5,3185.5,2532.5,1270.5,908.0,425.5,493.5,584.0,665.0,753.5,825.0,852.0,907.0,0.0,0.0,0.0,0.0,0.0,0.0,0.0,0.0,0.0,0.0,72.5,75.0,9741.0,9540.5,9376.0,9417.5,8938.5,8067.0,8242.0,7393.5,317.5,216.5,2064.5,2267.5,2458.0,2482.0,2321.5,2304.0,2403.0,2236.5,1460.0,902.0,613.0,764.5,954.0,1102.5,1158.5,1208.0,1338.5,1307.5,2581.5,2203.5,1918.5,1982.0,2137.5,2294.0,2284.0,2352.0,2482.0,2425.0,1833.0,1487.0,535.0,678.5,891.5,1006.0,1051.0,1119.0,1175.5,1235.5,1723.0,1239.0,521.0,695.5,910.0,1039.5,1049.5,1107.5,1193.5,1180.5,"{""type"":""MultiPoint"",""coordinates"":[]}"
4728,2,2501.5,1735.0,635.0,954.5,1167.5,1684.5,2252.0,2432.0,2706.0,2620.0,3214.0,2372.0,950.0,1303.0,1669.5,2156.0,2392.0,2598.5,2795.0,2852.5,3023.0,2163.5,812.0,1154.5,1471.5,1893.0,2113.0,2304.5,2491.5,2527.0,0.0,0.0,0.0,0.0,0.0,0.0,0.0,0.0,0.0,0.0,0.0,0.0,0.0,0.0,0.0,0.0,0.0,0.0,0.0,0.0,4237.5,3525.0,1570.5,2170.0,2616.5,2972.5,3001.5,3089.5,3297.5,3226.0,0.0,0.0,0.0,0.0,0.0,0.0,0.0,0.0,0.0,0.0,5229.5,5020.0,1623.5,2220.5,2772.5,3276.0,3563.0,3834.0,3914.5,4049.5,4243.0,3038.0,1107.0,1731.0,1819.5,2839.5,4404.0,4794.0,4734.0,5095.0,3969.5,2622.0,746.5,1285.0,1174.0,2215.5,4441.5,5015.0,5028.5,5325.0,3665.5,2094.0,615.0,979.5,720.0,1645.5,4731.0,5813.0,5863.5,6095.0,2799.5,2094.0,744.0,1057.0,1324.0,1835.0,2381.0,2552.0,2863.5,2754.0,2546.0,1187.5,370.0,633.0,357.0,1080.0,4246.0,5548.0,5412.0,5777.0,2229.5,914.0,446.5,724.5,338.0,1157.5,4589.0,5863.0,5876.0,5994.0,0.0,0.0,0.0,0.0,0.0,0.0,0.0,0.0,0.0,0.0,2341.5,927.5,424.0,711.0,373.5,1297.0,4781.5,5926.0,5762.0,6311.0,2300.0,944.0,330.5,629.0,342.0,1348.5,4389.5,5205.0,5539.5,5612.5,0.0,0.0,0.0,0.0,0.0,0.0,0.0,0.0,0.0,0.0,2445.5,1387.5,611.0,730.5,693.5,1615.5,3107.5,3525.0,3588.0,3915.5,3541.0,2323.5,1340.0,1461.5,1667.5,2163.5,2412.5,2681.5,2944.5,3137.5,3233.0,2186.5,900.0,1079.0,1359.0,1730.0,2006.5,2259.5,2583.0,2729.5,3385.5,2309.0,1003.5,1177.0,1441.5,1846.0,2153.5,2431.5,2743.0,2901.0,0.0,0.0,0.0,0.0,0.0,0.0,0.0,0.0,0.0,0.0,3757.5,3402.5,980.5,1371.0,1911.5,2159.5,2280.5,2427.5,2661.5,2629.5,0.0,0.0,0.0,0.0,0.0,0.0,0.0,0.0,0.0,0.0,2600.0,1893.0,547.0,864.0,1301.5,1587.0,1751.5,1908.5,2146.0,2149.0,2346.5,1693.0,525.5,862.5,1301.0,1622.5,1848.5,2011.0,2243.0,2236.0,0.0,0.0,0.0,0.0,0.0,0.0,0.0,0.0,0.0,0.0,2535.0,1857.5,631.5,933.5,1254.0,1577.5,1857.0,2042.5,2297.0,2272.0,0.0,0.0,0.0,0.0,0.0,0.0,0.0,0.0,0.0,0.0,1135.0,1231.0,10536.0,10213.0,10175.0,10371.5,10005.5,9655.5,10065.0,9388.0,2586.0,1836.5,712.5,1020.0,1317.5,1778.0,2162.5,2360.5,2547.5,2587.5,2739.5,1948.0,672.0,1003.5,1256.5,1834.0,2388.0,2588.5,2874.5,2825.5,2661.5,1768.5,744.5,1076.5,1233.0,1873.0,2579.5,2816.5,3086.0,3007.0,2498.5,1611.0,624.5,969.0,1111.5,1879.0,2645.5,2891.5,3145.0,3141.5,3253.5,2393.0,1019.0,1441.5,1625.5,2518.5,3017.5,3245.0,3422.0,3555.5,"{""type"":""MultiPoint"",""coordinates"":[]}"
4734,3,1116.0,831.5,1221.0,1130.0,1087.0,1176.5,1244.5,1276.5,1395.5,1331.5,2876.0,2371.0,1227.0,1447.0,1853.0,2106.0,2145.0,2222.0,1753.0,2419.0,1506.5,965.5,605.0,762.0,944.0,1138.0,1199.5,1291.0,1393.0,1423.0,2236.0,1510.0,824.0,1045.0,1284.0,1508.0,1602.0,1722.0,1892.0,1893.0,4279.0,3641.0,1790.0,2337.0,2813.0,3205.0,3479.0,3669.0,3587.0,3925.0,4677.0,4018.0,1619.0,2010.5,2380.0,2789.5,3019.5,3155.5,3282.0,3433.0,0.0,0.0,0.0,0.0,0.0,0.0,0.0,0.0,0.0,0.0,2360.0,1470.0,533.0,773.0,768.0,1228.0,1738.0,1894.0,1978.0,2112.0,1997.0,1156.0,446.0,823.0,486.0,1207.0,3232.0,3794.0,3647.0,3706.0,1878.0,919.5,311.0,615.5,255.5,933.0,3228.5,4148.5,4105.0,4206.0,1877.0,924.0,571.0,781.0,424.0,989.0,3420.0,4602.0,4421.0,4659.0,1771.0,1219.0,442.0,591.0,752.0,975.0,1172.0,1253.0,1434.0,1400.0,1607.0,721.0,368.0,575.0,264.0,842.0,3139.0,4345.0,4232.0,4536.0,1538.0,730.0,449.0,653.0,323.0,876.0,3257.0,4537.0,4656.0,4608.0,1773.0,821.5,459.5,912.5,426.0,1410.0,3855.0,4773.5,4759.5,5004.5,1874.0,971.0,607.0,1101.0,635.0,1844.0,3719.0,4232.0,4184.0,4515.0,2025.0,1094.0,691.0,1298.0,928.0,2168.0,3286.0,3648.0,4122.0,3836.0,2247.5,1335.5,759.0,1190.5,1491.5,2241.0,2674.0,2982.5,3088.0,3364.0,3430.0,2403.5,865.5,1190.0,1753.0,2098.5,2281.0,2481.0,2707.5,2824.5,1751.0,1363.5,1532.5,1635.0,1611.0,1866.5,1939.0,1942.5,2067.0,1980.5,2916.0,2016.0,831.0,1131.0,1586.0,1865.0,2037.0,2192.0,2452.0,2504.0,2852.5,1945.0,794.5,1082.5,1503.0,1854.0,2016.0,2195.5,2441.5,2490.0,1889.5,1466.5,548.0,704.5,894.0,1100.0,1277.5,1357.0,1520.5,1487.0,2999.0,2073.0,936.0,1173.0,1499.0,1823.0,1961.0,2138.0,2403.0,2454.0,2160.0,1448.0,934.0,1184.0,1639.0,1874.0,1994.0,2189.0,2491.0,2491.0,2444.0,1596.0,834.0,1161.0,1659.0,1892.0,2028.0,2204.0,2514.5,2463.5,2724.0,1866.0,918.0,1244.5,1731.0,1976.0,2104.5,2261.5,2539.0,2558.0,0.0,0.0,0.0,0.0,0.0,0.0,0.0,0.0,0.0,0.0,2388.0,1722.0,1238.5,1459.5,1845.0,2095.5,2215.0,2372.0,2642.5,2612.0,2392.0,2196.0,2105.0,2072.0,2106.0,2187.0,2172.0,2246.0,2517.0,2260.0,1033.0,1129.0,10376.0,10151.0,10170.0,10285.0,10027.0,9605.0,9998.0,9271.0,914.0,583.5,423.0,543.5,716.0,801.5,850.5,915.5,1032.5,1033.5,2257.0,1592.0,686.0,917.0,1164.0,1345.0,1423.0,1536.0,1701.0,1701.0,1782.0,1225.0,745.0,973.0,1228.0,1403.0,1517.0,1623.0,1776.0,1775.0,2182.0,1516.0,746.0,1006.0,1274.0,1510.0,1624.0,1726.0,1894.0,1905.0,4369.0,4065.0,1767.0,2199.0,2674.0,3038.0,3137.0,3328.0,3474.0,3533.0,"{""type"":""MultiPoint"",""coordinates"":[]}"
4749,1,2586.0,1852.0,767.5,1052.5,1508.0,1825.5,1969.5,2160.5,2385.0,2419.0,4601.0,4279.0,1308.0,1841.0,2584.0,2945.0,3061.0,3233.0,3317.0,3490.0,0.0,0.0,0.0,0.0,0.0,0.0,0.0,0.0,0.0,0.0,3652.0,3114.0,956.0,1375.0,1743.0,2236.0,2547.0,2706.0,2813.0,2912.0,3319.0,2664.0,833.0,1279.0,1658.0,2098.0,2410.0,2562.0,2741.0,2757.0,0.0,0.0,0.0,0.0,0.0,0.0,0.0,0.0,0.0,0.0,0.0,0.0,0.0,0.0,0.0,0.0,0.0,0.0,0.0,0.0,1755.0,735.0,371.0,510.0,241.0,593.0,3293.0,5427.0,5356.0,5715.0,1373.0,553.0,122.0,313.0,129.0,414.0,3056.0,4995.0,5206.0,5218.0,0.0,0.0,0.0,0.0,0.0,0.0,0.0,0.0,0.0,0.0,0.0,0.0,0.0,0.0,0.0,0.0,0.0,0.0,0.0,0.0,2987.0,2402.0,679.5,1039.5,1563.0,1856.5,2002.5,2157.0,2411.0,2386.0,1682.0,663.0,337.0,459.0,257.0,564.0,3124.0,5282.0,5221.0,5626.5,0.0,0.0,0.0,0.0,0.0,0.0,0.0,0.0,0.0,0.0,1807.0,841.0,235.0,501.0,427.0,881.0,2343.0,3039.0,3071.0,3369.0,2080.0,1304.0,275.0,449.0,607.0,892.0,1114.0,1308.0,1375.0,1615.0,2179.0,1527.0,209.0,345.0,547.0,728.0,851.0,973.0,1066.0,1194.0,5221.0,3612.0,1113.0,1573.0,2397.0,2860.0,3002.0,3287.0,3525.0,3806.0,5222.0,3857.5,1087.0,1498.0,2163.5,2579.0,2795.5,3060.0,3204.0,3471.0,0.0,0.0,0.0,0.0,0.0,0.0,0.0,0.0,0.0,0.0,4053.0,3010.0,738.0,1055.0,1461.0,1870.0,2157.0,2391.0,2547.0,2728.0,3788.5,2658.0,676.0,1019.5,1317.0,1772.0,2232.5,2482.5,2688.5,2827.0,754.0,539.0,518.0,528.0,579.0,663.0,714.0,764.0,819.0,802.0,3512.5,2421.5,639.5,964.0,1232.5,1688.0,2194.5,2425.5,2723.0,2773.0,3937.0,2856.0,805.0,1108.0,1630.0,1947.0,2136.0,2373.0,2639.0,2779.0,3351.0,2317.0,717.0,1069.0,1598.0,1917.0,2118.0,2360.0,2736.0,2751.0,3819.0,2755.0,827.0,1165.0,1655.0,2016.0,2173.0,2382.0,2658.0,2779.0,0.0,0.0,0.0,0.0,0.0,0.0,0.0,0.0,0.0,0.0,1148.0,719.0,620.0,663.0,755.0,898.0,1090.0,1169.0,1309.0,1306.0,2487.0,2020.0,1751.0,1694.0,1759.0,1927.0,2008.0,2107.0,2364.0,2162.0,0.0,0.0,0.0,0.0,0.0,0.0,0.0,0.0,0.0,0.0,183.0,170.0,8414.0,8628.0,8902.0,9215.0,8750.0,8310.0,8471.0,7813.0,3894.0,3246.5,1406.0,1995.5,2470.0,2851.5,3017.0,3125.5,3209.0,3264.5,0.0,0.0,0.0,0.0,0.0,0.0,0.0,0.0,0.0,0.0,2566.0,1919.5,671.0,996.0,1453.5,1709.0,1848.5,1968.5,2156.5,2148.0,3111.0,2570.0,843.5,1230.5,1717.0,2025.0,2183.5,2354.5,2497.0,2541.0,"{""type"":""MultiPoint"",""coordinates"":[]}"
4754,5,2169.0,1262.0,544.0,885.0,789.0,1444.0,3007.0,3433.0,3717.0,3571.0,4874.0,4223.0,1614.0,2180.0,2636.0,3090.0,3195.0,3473.0,3779.0,3736.0,2822.0,1966.0,879.0,1193.0,1442.0,1824.0,2027.0,2199.0,2416.0,2420.0,3090.0,2220.0,768.0,1134.0,1208.0,1717.0,2166.0,2344.0,2531.0,2532.0,5033.0,4315.0,1539.0,2104.0,2311.0,2957.0,3415.0,3681.0,3975.0,4044.0,5150.0,4023.0,1342.5,1887.5,1917.0,2686.5,4107.5,4575.5,4829.5,4885.0,0.0,0.0,0.0,0.0,0.0,0.0,0.0,0.0,0.0,0.0,2924.0,1573.0,413.0,727.0,461.0,1157.0,3682.0,4562.0,4558.0,4641.0,3217.0,1454.0,371.0,613.0,308.0,933.0,5159.0,6922.0,6749.0,7212.0,2403.0,1043.5,190.5,386.5,168.5,632.0,4037.5,5589.5,5574.5,5829.0,2386.0,1627.0,1640.0,1687.0,1553.0,1893.0,3610.5,4565.0,4049.5,4699.5,2311.0,1399.0,563.0,870.0,852.0,1527.0,3015.0,3358.0,3640.0,3549.0,2587.5,1036.5,370.0,556.5,271.5,800.5,4449.5,6278.5,6188.0,6617.0,2359.0,996.0,445.0,603.0,338.0,852.0,4051.0,5557.0,5597.0,5805.0,2228.0,960.0,358.0,626.0,321.0,989.0,3916.0,5207.0,5031.0,5478.0,2030.0,1030.5,406.0,712.0,507.5,1206.5,2889.0,3499.0,3344.0,3900.0,3405.5,2297.0,568.0,836.0,1015.5,1532.0,2043.0,2367.5,2694.0,2868.5,0.0,0.0,0.0,0.0,0.0,0.0,0.0,0.0,0.0,0.0,4229.5,3456.0,943.5,1205.0,1610.5,1886.0,2016.5,2188.0,2366.0,2428.5,3881.0,2949.0,866.0,1125.0,1423.0,1763.0,1929.0,2092.0,2173.0,2334.0,3407.0,2964.0,958.0,1283.0,1710.0,1947.5,2057.0,2206.5,2362.0,2397.5,3537.0,2814.5,995.0,1486.0,1865.0,2309.0,2616.0,2786.0,2599.0,2917.0,0.0,0.0,0.0,0.0,0.0,0.0,0.0,0.0,0.0,0.0,2745.0,1915.0,768.5,1136.5,1198.5,1703.0,2285.5,2457.0,2605.0,2639.5,0.0,0.0,0.0,0.0,0.0,0.0,0.0,0.0,0.0,0.0,2348.0,1378.0,470.0,871.0,796.0,1482.0,2777.0,3132.0,3310.0,3300.0,2570.5,1544.0,608.0,994.5,855.0,1544.0,3083.5,3554.0,3565.0,3660.0,0.0,0.0,0.0,0.0,0.0,0.0,0.0,0.0,0.0,0.0,2296.0,1257.0,440.0,842.0,608.0,1257.0,3166.0,3654.0,3925.0,3895.0,0.0,0.0,0.0,0.0,0.0,0.0,0.0,0.0,0.0,0.0,388.0,439.0,10730.0,10456.0,10340.0,10474.0,10123.0,9627.0,10046.0,9165.0,0.0,0.0,0.0,0.0,0.0,0.0,0.0,0.0,0.0,0.0,2584.0,1599.0,623.0,997.0,1078.0,1718.0,2887.0,3259.0,3529.0,3468.0,3099.0,2115.0,888.0,1294.0,1750.0,2137.0,2345.0,2562.0,2919.0,2922.0,2897.0,1924.0,782.0,1183.0,1678.0,2007.0,2169.0,2406.0,2739.0,2716.0,2995.0,2032.0,950.0,1309.0,1665.0,2041.0,2192.0,2407.0,2609.0,2645.0,"{""type"":""MultiPoint"",""coordinates"":[]}"
4765,3,1609.0,1087.0,598.0,904.0,1104.0,1430.0,1559.0,1717.0,1973.0,1881.0,4251.0,3531.0,1234.0,1680.0,1919.0,2565.0,2788.0,2998.0,3189.0,3150.0,2111.5,1256.0,746.5,1151.0,1450.0,1933.5,2093.5,2250.0,2435.0,2434.5,2344.0,1432.0,978.0,1305.0,1626.0,2048.0,2235.0,2481.0,2686.0,2632.0,3259.0,2469.0,1059.0,1469.0,1768.0,2163.0,2368.0,2500.0,2791.0,2716.0,0.0,0.0,0.0,0.0,0.0,0.0,0.0,0.0,0.0,0.0,0.0,0.0,0.0,0.0,0.0,0.0,0.0,0.0,0.0,0.0,1596.0,842.0,328.0,589.0,320.0,804.0,2566.0,3537.0,3557.0,3365.0,1498.0,738.0,388.0,535.0,263.0,747.0,2835.0,3968.0,4045.0,4092.0,1334.0,683.0,276.0,494.0,200.0,675.0,2568.0,3843.0,3964.0,3895.0,1750.5,946.0,722.5,791.5,550.0,973.5,3019.5,4799.0,4830.0,5016.5,2339.0,1746.0,700.0,968.0,1197.0,1514.0,1669.0,1828.0,2024.0,1968.0,1308.0,608.0,373.0,607.0,322.0,923.0,2771.0,4044.0,4016.0,4338.0,1408.5,704.5,520.5,776.0,487.0,1188.5,3120.0,4342.0,4423.0,4592.0,3031.0,2049.0,1996.0,2085.0,1862.0,2463.0,3762.0,4596.0,4615.0,4870.0,1818.0,979.0,529.0,946.0,679.0,1635.0,3319.0,3938.0,3934.0,4330.0,3032.0,1871.0,775.0,1270.0,1142.0,2277.0,3509.0,3980.0,4235.0,4393.0,4647.0,3239.0,1275.0,1807.0,2630.0,3126.0,3283.0,3538.0,3701.0,3968.0,2431.0,2092.0,714.0,887.0,1157.0,1263.0,1348.0,1435.0,1643.0,1670.0,1356.0,1049.5,748.0,734.0,752.5,995.5,1141.5,1262.0,1251.5,1365.0,1938.0,1454.0,468.0,677.0,709.0,992.0,1160.0,1339.0,1474.0,1396.0,2664.0,2492.0,801.0,1065.0,1356.0,1537.0,1672.0,1818.0,1915.0,1863.0,1420.0,906.0,761.0,1034.0,1200.0,1606.0,1738.0,1927.0,2114.0,1983.0,2353.0,1914.0,707.0,918.0,1253.0,1416.0,1525.0,1665.0,1846.0,1795.0,2029.0,1428.0,618.0,816.0,1141.0,1337.0,1394.0,1548.0,1705.0,1691.0,1816.0,1208.0,514.0,790.0,1083.5,1314.5,1416.5,1567.0,1749.0,1698.0,1977.5,1348.0,579.5,856.5,1151.5,1412.5,1537.5,1639.0,1813.0,1822.5,0.0,0.0,0.0,0.0,0.0,0.0,0.0,0.0,0.0,0.0,1540.5,959.5,752.0,984.5,1150.0,1454.5,1619.5,1701.5,1971.5,1828.0,0.0,0.0,0.0,0.0,0.0,0.0,0.0,0.0,0.0,0.0,1084.0,1163.0,10746.0,10376.0,10276.0,10462.0,10144.0,9635.0,10062.0,9388.0,665.5,460.5,3843.0,3812.0,3904.0,4045.5,3986.5,3755.0,4035.0,3731.5,2313.0,1601.5,744.5,1118.0,1312.0,1692.5,1912.5,2114.5,2236.5,2135.0,2095.0,1476.0,609.0,945.0,1133.0,1634.0,1871.0,2077.0,1671.0,2285.0,2389.0,1544.0,747.0,1159.0,1342.0,1864.0,2070.0,2184.0,2431.0,2377.0,2041.0,1789.0,884.0,1268.0,1669.0,1922.0,1967.0,2088.0,2210.0,2105.0,"{""type"":""MultiPoint"",""coordinates"":[]}"
4767,2,2276.0,1658.0,590.0,829.0,1051.0,1357.0,1718.0,1873.0,2081.0,2062.0,3818.0,3200.5,1090.5,1512.5,1817.0,2284.5,2516.0,2690.0,2913.0,2945.0,3287.0,2499.0,854.0,1174.0,1448.0,1850.0,2029.0,2207.0,2397.0,2461.0,3257.0,2530.0,870.0,1178.0,1445.0,1807.0,2058.0,2195.0,2400.0,2441.0,5158.0,4580.0,1593.0,2146.0,2466.0,3102.0,3437.0,3644.0,3807.0,3938.0,5874.0,5687.0,1915.0,2489.0,3192.0,3611.0,3675.0,3932.0,3937.0,4183.0,0.0,0.0,0.0,0.0,0.0,0.0,0.0,0.0,0.0,0.0,4112.0,3369.0,1047.0,1528.0,1703.0,2348.0,2486.0,2650.0,2839.0,2945.0,0.0,0.0,0.0,0.0,0.0,0.0,0.0,0.0,0.0,0.0,4656.5,3801.5,1370.5,1890.5,2281.0,2854.5,3488.0,3716.5,3812.0,4039.5,4461.0,3683.0,3570.5,3590.5,3455.5,4264.0,5133.5,5343.0,5193.0,5441.0,2458.0,1853.0,645.0,915.0,1136.0,1504.0,1875.0,2025.0,2255.0,2195.0,3293.0,1751.5,575.5,1015.0,633.0,1608.0,4991.0,5961.5,5794.0,6178.0,2694.0,1182.0,508.0,823.0,410.0,1226.0,5144.0,6328.0,6365.0,6512.0,2467.0,981.0,469.0,744.0,340.0,1167.0,5133.0,6519.0,6329.0,6717.0,2485.0,993.0,461.0,700.0,391.0,1107.0,4907.0,6352.0,6066.0,6572.0,2386.5,994.5,371.0,632.5,359.0,1113.0,4588.5,5700.0,5886.0,6073.0,0.0,0.0,0.0,0.0,0.0,0.0,0.0,0.0,0.0,0.0,2355.0,1135.0,317.5,510.0,400.0,1275.5,3634.0,4200.0,4477.0,4624.5,2853.0,1883.0,579.0,740.0,853.0,1440.0,2126.0,2381.0,2484.0,2744.0,3175.0,2231.0,780.5,919.0,1191.5,1511.0,1756.5,1989.0,2277.5,2442.0,3616.5,2561.5,561.0,798.5,1078.0,1495.0,1870.5,2163.5,2456.0,2713.5,0.0,0.0,0.0,0.0,0.0,0.0,0.0,0.0,0.0,0.0,2760.0,1843.0,426.0,618.0,826.0,1186.0,1584.0,1805.0,2085.0,2242.0,0.0,0.0,0.0,0.0,0.0,0.0,0.0,0.0,0.0,0.0,2396.0,1491.0,269.0,523.0,684.0,1099.0,1573.0,1816.0,2098.0,2242.0,2719.5,1753.0,500.0,732.0,876.5,1363.0,1947.5,2219.0,2481.0,2652.0,0.0,0.0,0.0,0.0,0.0,0.0,0.0,0.0,0.0,0.0,2687.0,1697.0,425.0,719.0,784.0,1367.0,2195.0,2467.0,2785.0,2875.0,0.0,0.0,0.0,0.0,0.0,0.0,0.0,0.0,0.0,0.0,584.0,625.0,10568.0,10306.0,10164.0,10269.0,9947.0,9479.0,9846.0,8992.0,0.0,0.0,0.0,0.0,0.0,0.0,0.0,0.0,0.0,0.0,2507.0,1768.0,561.0,905.0,1091.0,1573.0,2237.0,2433.0,2694.0,2640.0,2568.0,1768.0,686.0,1115.0,1136.5,1832.5,2566.5,2787.0,2993.0,2997.0,2599.0,1773.0,615.0,1043.0,1249.0,1843.0,2208.0,2366.0,2639.0,2635.0,1148.0,751.0,509.0,618.0,700.0,876.0,953.0,960.0,999.0,1001.0,"{""type"":""MultiPoint"",""coordinates"":[]}"
4774,3,1977.5,1274.5,567.5,931.5,1229.5,1577.0,1740.0,1904.5,2102.5,2101.0,4268.0,3497.0,1122.0,1679.0,2224.0,2682.0,2794.0,2953.0,3033.0,3183.0,2599.5,1650.5,744.0,1188.5,1437.0,1949.5,2120.0,2304.5,2440.0,2483.0,3023.0,1835.0,1287.0,1675.0,1554.0,2358.0,2716.0,2882.0,2857.0,3102.0,3388.0,2570.0,954.0,1494.0,1820.0,2375.0,2573.0,2751.0,2929.0,2913.0,4916.0,4413.0,3840.0,3837.0,3871.0,4484.0,4555.0,4710.0,4882.0,4773.0,0.0,0.0,0.0,0.0,0.0,0.0,0.0,0.0,0.0,0.0,4698.0,3788.0,3976.0,3906.0,3568.5,4299.5,5054.5,5315.0,5511.5,5372.0,1321.0,816.0,337.0,593.0,408.0,998.0,2257.0,2702.0,2678.0,2574.0,1386.0,621.0,215.0,375.0,123.0,570.0,2693.0,4179.0,4103.0,4322.0,1706.0,811.0,583.0,707.0,438.0,886.0,3162.0,4837.0,4729.0,5017.0,2902.0,2232.0,755.0,1084.0,1392.0,1718.0,1924.0,2050.0,2276.0,2245.0,1276.5,534.5,289.0,376.0,195.0,489.0,2514.0,4409.0,4232.5,4618.5,1317.5,590.5,421.0,624.0,332.0,926.5,2933.0,4491.5,4537.0,4774.5,1363.0,613.0,359.0,552.0,275.0,883.0,2906.0,4169.0,4048.0,4408.0,1501.5,732.5,418.0,697.5,433.5,1130.5,3191.5,4324.5,4214.0,4652.0,1859.0,976.0,482.0,885.0,640.0,1536.0,3265.0,3717.0,3978.0,4112.0,4116.0,3343.5,2070.0,2407.0,2693.5,3493.5,3885.5,4210.5,4115.0,4551.0,4338.0,3457.5,1006.5,1337.0,1841.0,2134.5,2265.0,2428.0,2568.0,2722.5,3367.0,2490.0,899.5,1127.5,1467.5,1785.5,1962.0,2109.0,2173.0,2359.0,3905.0,2851.0,851.0,1146.0,1456.0,1803.0,2030.0,2261.0,2368.0,2507.0,4062.0,2892.0,959.0,1288.0,1551.0,1994.0,2295.0,2479.0,2716.0,2750.0,2750.0,1849.0,866.0,1249.0,1593.0,2011.0,2293.0,2477.0,2798.0,2750.0,3707.0,2696.5,912.0,1173.5,1475.5,1871.5,2134.0,2296.5,2587.5,2593.5,3096.0,2108.5,957.0,1213.0,1637.0,1963.0,2142.0,2331.0,2598.0,2674.0,1960.0,1239.0,626.0,884.0,1318.5,1570.0,1703.0,1867.5,2166.5,2175.5,2329.0,1534.0,764.5,1045.5,1440.5,1706.5,1835.0,2018.0,2245.5,2294.0,0.0,0.0,0.0,0.0,0.0,0.0,0.0,0.0,0.0,0.0,1228.0,686.0,556.0,726.0,1048.0,1278.0,1415.0,1612.0,1842.0,1856.0,0.0,0.0,0.0,0.0,0.0,0.0,0.0,0.0,0.0,0.0,1056.0,1150.0,10910.0,10482.0,10384.0,10463.0,10141.0,9730.0,10134.0,9355.0,910.0,618.0,3586.0,3732.0,3862.0,4127.0,3993.5,3983.0,4182.0,3857.0,2402.0,1729.0,635.0,1015.0,1337.0,1725.0,1973.0,2142.0,2347.0,2286.0,2836.5,1979.5,859.5,1295.5,1577.0,2004.0,2226.0,2390.0,2593.5,2554.5,2564.0,1730.0,737.0,1215.0,1509.0,1947.0,2123.0,2287.0,2461.0,2461.0,3872.0,3306.0,1105.0,1690.0,2090.0,2521.0,2738.0,2869.0,3032.0,3059.0,"{""type"":""MultiPoint"",""coordinates"":[]}"
4780,5,1328.5,1001.0,668.5,829.0,1010.0,1160.5,1229.5,1259.5,1400.5,1416.0,4292.5,4042.0,1531.5,1964.0,2392.5,2669.0,2752.0,2900.5,3081.5,3083.0,1806.5,1284.0,681.0,867.0,1092.0,1256.0,1291.0,1381.5,1484.0,1478.0,1982.5,1418.5,935.0,1136.5,1379.0,1586.0,1605.0,1712.0,1823.5,1805.5,0.0,0.0,0.0,0.0,0.0,0.0,0.0,0.0,0.0,0.0,3361.5,2982.5,1407.0,1632.0,1877.0,2092.5,2205.5,2359.5,2440.0,2520.5,0.0,0.0,0.0,0.0,0.0,0.0,0.0,0.0,0.0,0.0,0.0,0.0,0.0,0.0,0.0,0.0,0.0,0.0,0.0,0.0,0.0,0.0,0.0,0.0,0.0,0.0,0.0,0.0,0.0,0.0,2626.0,2007.0,755.0,1015.0,1055.5,1382.5,2043.0,2225.5,2256.5,2335.0,3041.0,2106.0,717.0,1069.0,995.0,1441.0,3242.0,3819.0,3824.0,3938.0,2105.5,1627.5,735.5,932.5,1210.0,1359.5,1423.5,1509.0,1703.5,1638.5,2586.0,1279.5,423.5,630.0,342.0,903.5,3843.0,5003.0,4784.0,5079.5,2465.0,1172.5,419.5,580.5,309.5,807.0,4101.0,5563.5,5664.0,5739.0,0.0,0.0,0.0,0.0,0.0,0.0,0.0,0.0,0.0,0.0,2286.5,996.0,313.5,441.5,229.0,613.5,3742.5,5429.5,5341.0,5643.0,2228.0,972.5,249.0,450.5,223.0,698.5,3821.0,5068.0,5314.5,5343.0,0.0,0.0,0.0,0.0,0.0,0.0,0.0,0.0,0.0,0.0,2375.5,1230.0,441.5,828.5,539.0,1515.0,3450.0,3921.0,4194.5,4373.0,1173.5,1013.0,515.5,670.0,784.5,921.5,947.0,987.0,766.0,1049.0,3479.0,2570.0,719.5,968.0,1380.5,1616.0,1777.5,1956.5,2177.0,2285.0,3913.5,3104.0,975.0,1222.5,1606.5,1841.5,1964.5,2144.5,2276.0,2420.0,0.0,0.0,0.0,0.0,0.0,0.0,0.0,0.0,0.0,0.0,3445.0,2808.5,867.5,1072.0,1346.0,1558.0,1672.0,1759.0,1941.5,1969.0,0.0,0.0,0.0,0.0,0.0,0.0,0.0,0.0,0.0,0.0,1864.0,1190.5,403.5,569.0,780.0,907.0,1021.5,1161.0,1293.0,1331.0,2476.0,1729.5,617.0,822.0,1003.0,1257.0,1458.5,1581.5,1724.0,1792.5,0.0,0.0,0.0,0.0,0.0,0.0,0.0,0.0,0.0,0.0,2194.5,1526.0,721.0,840.5,978.5,1155.0,1422.5,1569.0,1717.5,1700.5,0.0,0.0,0.0,0.0,0.0,0.0,0.0,0.0,0.0,0.0,992.5,1107.5,10635.5,10341.0,10311.0,10437.5,10135.5,9791.5,10198.0,9433.0,5858.5,5553.5,7251.0,6355.0,5865.0,6326.0,6118.0,5893.5,6802.0,5578.0,2021.0,1415.5,677.0,904.5,1200.0,1348.0,1429.0,1527.0,1718.5,1689.0,2150.5,1480.0,764.0,1023.5,1288.5,1480.0,1608.5,1686.5,1894.5,1867.0,1629.0,1048.0,641.5,887.5,1190.0,1366.0,1438.5,1550.0,1725.5,1722.5,2882.0,2174.0,1193.0,1532.0,1852.5,2079.0,2099.5,2212.0,2432.5,2258.5,"{""type"":""MultiPoint"",""coordinates"":[]}"
4785,3,1990.0,1376.0,677.0,938.0,1327.0,1638.0,1750.0,1916.0,2171.0,2165.0,4644.0,4001.0,1216.5,1701.5,2219.5,2736.0,2929.5,3163.5,3377.0,3440.0,2608.0,1747.0,649.5,919.0,1234.0,1607.0,1772.5,1970.0,2130.0,2224.5,3551.0,2852.5,826.5,1208.5,1520.5,2055.5,2281.0,2497.0,2655.0,2787.5,2847.0,1990.0,602.0,920.0,1216.0,1617.0,1883.0,2073.0,2254.0,2316.0,6507.0,5513.0,1662.0,2245.0,2631.0,3559.0,4504.0,5063.0,5111.0,5451.0,0.0,0.0,0.0,0.0,0.0,0.0,0.0,0.0,0.0,0.0,3106.0,1763.0,596.0,918.0,607.0,1370.0,3883.0,5060.0,4997.0,5356.0,2468.0,1663.0,646.0,1006.0,852.0,1558.0,3095.0,4003.0,4258.0,4307.0,2187.0,1043.5,335.5,582.5,243.0,838.0,3510.0,5225.0,5213.5,5417.0,2183.0,1005.0,400.0,596.0,275.0,808.0,3486.0,5735.0,5732.0,6040.0,2533.0,1851.0,594.0,858.0,1216.0,1467.0,1624.0,1760.0,1959.0,1974.0,1965.0,879.0,421.0,724.0,377.0,1120.0,3778.0,5889.0,5722.0,6279.0,1836.0,864.0,548.5,833.0,435.0,1225.0,3618.0,5160.0,5207.5,5518.0,2146.0,1060.0,525.0,897.0,483.0,1393.0,3816.0,5136.0,5063.0,5346.0,2396.0,1263.0,585.0,1024.0,619.0,1662.0,3596.0,4334.0,4311.0,4672.0,2530.0,1420.0,616.0,1157.0,860.0,1943.0,3508.0,4015.0,4195.0,4432.0,3948.0,3216.0,2421.5,2621.5,2707.5,3410.5,3898.5,4244.0,4322.5,4583.0,3969.0,2906.5,900.5,1218.5,1699.5,2073.0,2252.5,2447.0,2560.5,2784.5,3389.0,2628.5,2041.5,2183.5,2320.5,2756.0,3028.5,3186.0,3178.5,3457.0,2853.5,2062.5,816.5,1140.5,1408.5,1775.5,2111.5,2373.5,2336.5,2615.0,3463.0,2345.0,732.0,1070.0,1371.0,1855.0,2305.0,2531.0,2568.0,2839.0,3856.5,3400.0,2391.0,2522.5,2800.0,3063.5,3131.5,3276.0,3464.0,3451.5,3295.0,2243.5,808.5,1111.0,1362.5,1802.0,2264.5,2519.0,2741.0,2795.5,1990.0,1326.5,684.5,853.0,1058.5,1396.5,1629.0,1819.0,1931.5,2013.5,2246.5,1365.5,625.0,927.0,1303.0,1720.0,2009.5,2188.5,2485.0,2494.5,2243.0,1394.0,712.0,1042.0,1359.0,1748.0,1924.0,2107.0,2324.0,2394.0,0.0,0.0,0.0,0.0,0.0,0.0,0.0,0.0,0.0,0.0,1687.0,1059.0,559.0,738.0,1075.0,1384.0,1569.0,1720.0,1931.0,1993.0,0.0,0.0,0.0,0.0,0.0,0.0,0.0,0.0,0.0,0.0,613.0,651.0,10310.0,10150.0,10090.0,10230.0,9859.0,9432.0,9806.0,9038.0,188.0,147.0,9086.0,9030.0,9040.0,9447.0,8921.0,8340.0,8400.0,7796.0,3002.0,2166.0,763.0,1095.0,1563.0,1926.0,2040.0,2235.0,2417.0,2517.0,3129.0,2321.0,841.0,1192.0,1543.0,1904.0,2092.0,2266.0,2532.0,2484.0,3106.0,2291.0,802.0,1201.0,1668.0,1995.0,2167.0,2326.0,2593.0,2586.0,2589.0,1755.0,629.0,888.0,1310.0,1532.0,1667.0,1843.0,2003.0,2081.0,"{""type"":""MultiPoint"",""coordinates"":[]}"
4803,5,2266.0,1570.5,464.0,673.5,1024.0,1254.5,1440.0,1618.0,1845.5,1948.5,4341.5,3684.5,1409.0,1704.0,2171.0,2629.5,2879.0,3112.5,3374.0,3446.0,0.0,0.0,0.0,0.0,0.0,0.0,0.0,0.0,0.0,0.0,3237.5,2640.0,773.0,1069.5,1391.5,1772.0,1981.0,2185.0,2372.5,2461.0,3143.0,2432.0,708.0,1033.5,1342.0,1756.5,2018.0,2219.0,2452.5,2459.5,0.0,0.0,0.0,0.0,0.0,0.0,0.0,0.0,0.0,0.0,0.0,0.0,0.0,0.0,0.0,0.0,0.0,0.0,0.0,0.0,3515.0,2707.5,3571.5,3358.5,3137.0,3492.5,3886.0,4308.0,4190.5,4384.0,4161.5,3139.5,726.5,1158.0,1239.5,1957.0,3768.5,4310.5,4622.5,4767.0,5045.5,4486.5,5978.0,5521.0,5254.5,5827.0,6223.0,6530.0,6534.5,6526.5,2831.5,1270.0,387.5,600.0,298.0,922.5,5068.0,6732.5,6592.5,7043.5,2665.5,2046.5,513.5,754.0,1128.0,1389.0,1582.0,1781.0,2042.5,2107.5,394.5,141.5,82.5,110.0,53.0,135.0,1018.0,1477.0,1319.5,1492.0,2818.0,1817.0,2085.0,2016.5,1638.5,2199.5,4659.0,6120.0,5969.0,6419.0,0.0,0.0,0.0,0.0,0.0,0.0,0.0,0.0,0.0,0.0,1897.5,845.5,287.0,488.5,239.0,754.0,3197.5,4171.0,3984.0,4406.5,2154.5,1042.0,217.5,526.5,260.0,963.5,3456.5,4180.0,4156.5,4484.0,2066.0,1101.0,467.0,799.0,598.0,1403.0,2464.5,2782.5,3106.5,3125.0,2743.0,1922.5,403.5,623.0,745.5,1213.0,1526.0,1763.5,1873.5,2101.0,0.0,0.0,0.0,0.0,0.0,0.0,0.0,0.0,0.0,0.0,3992.0,3015.5,706.5,995.0,1397.5,1735.5,1897.0,2107.5,2226.5,2415.0,3738.0,3325.0,690.0,943.5,1427.0,1694.5,1846.5,2075.0,2257.0,2408.5,1891.0,1280.5,698.0,807.0,1000.5,1234.0,1385.0,1534.0,1903.5,1709.0,3098.0,2494.5,623.0,860.5,1288.5,1547.5,1728.5,1907.5,2110.5,2208.0,3041.5,2518.0,609.5,859.0,1339.0,1564.0,1724.5,1925.5,2095.0,2232.5,2971.0,2353.5,535.5,814.0,1288.5,1524.0,1715.5,1914.0,2213.0,2258.5,3911.0,3395.0,747.5,1134.5,1611.5,2073.0,2270.5,2458.0,2697.0,2801.5,0.0,0.0,0.0,0.0,0.0,0.0,0.0,0.0,0.0,0.0,0.0,0.0,0.0,0.0,0.0,0.0,0.0,0.0,0.0,0.0,0.0,0.0,0.0,0.0,0.0,0.0,0.0,0.0,0.0,0.0,0.0,0.0,0.0,0.0,0.0,0.0,0.0,0.0,0.0,0.0,222.5,188.0,8698.0,8739.5,8882.5,9113.0,8702.0,8202.5,8331.0,7616.5,3000.5,2493.0,686.5,909.0,1276.0,1553.5,1786.0,1992.0,2211.0,2261.5,0.0,0.0,0.0,0.0,0.0,0.0,0.0,0.0,0.0,0.0,2735.0,2038.5,574.5,820.0,1219.0,1486.0,1642.5,1844.5,2093.0,2144.5,3191.0,2547.5,753.0,1057.0,1495.5,1811.0,2010.0,2214.5,2449.5,2510.5,"{""type"":""MultiPoint"",""coordinates"":[]}"
4814,3,1957.0,1374.0,663.0,844.0,981.0,1220.0,1395.0,1525.0,1687.0,1687.0,5769.0,5384.0,2398.0,2951.0,3418.0,3943.0,4087.0,4239.0,4482.0,4517.0,4183.5,3337.5,2706.0,2888.0,2991.0,3484.5,3730.0,3873.5,4050.5,4000.5,3132.0,2426.5,1049.0,1397.5,1537.0,1998.0,2162.5,2304.5,2463.0,2516.5,4234.0,3663.0,1595.0,2080.0,2395.0,2875.0,2971.0,3094.0,3385.0,3325.0,1507.0,1036.0,1360.0,1245.0,1033.0,1252.0,1785.0,2035.0,2136.0,2127.0,769.0,455.0,612.0,906.0,686.0,1311.0,1830.0,2167.0,2050.0,1922.0,2255.5,1119.0,453.0,741.0,337.0,997.0,3522.5,4623.5,4589.0,4648.5,1931.0,896.0,318.0,580.0,230.0,873.0,3356.0,4589.0,4556.0,4726.0,2953.0,2138.5,2413.5,2409.0,2153.0,2654.0,4138.5,5096.5,5021.0,5175.0,1835.5,798.5,438.5,590.5,294.0,758.0,3517.5,5390.0,5293.5,5562.5,2579.0,1975.0,768.0,1007.0,1192.0,1443.0,1614.0,1716.0,1906.0,1916.0,1548.0,693.0,400.0,651.0,347.0,1001.5,3287.0,4931.0,4894.5,5246.0,1733.0,839.5,441.5,809.0,428.5,1266.0,3387.5,4722.0,4763.0,4951.5,1617.0,760.0,467.0,747.0,387.0,1271.0,3581.0,4610.0,4487.0,4912.0,2054.0,1072.0,610.0,1096.0,716.5,1825.0,3484.5,4095.0,4015.5,4428.5,2391.0,1375.0,663.0,1248.0,1047.0,2119.0,3044.0,3445.0,3455.0,3880.0,2254.0,1459.5,973.5,1191.5,1446.0,1727.0,2007.5,2147.5,2352.5,2381.0,2196.0,1497.5,736.5,987.0,1289.0,1601.5,1907.5,2045.5,2244.0,2308.0,2313.5,1552.5,812.0,1109.0,1465.0,1872.0,2038.0,2208.5,2219.0,2416.0,2357.0,1574.0,791.0,1083.5,1362.5,1694.0,1902.0,2066.5,2288.5,2229.5,1671.0,1238.5,714.0,857.5,1006.5,1279.5,1486.0,1669.5,1959.5,1933.0,2119.0,1612.0,712.5,871.0,980.0,1223.5,1418.0,1527.0,1692.0,1714.5,2159.0,1408.0,903.0,1218.0,1271.0,1664.0,1847.0,2055.0,2223.0,2316.0,2072.5,1244.5,993.0,1249.0,1567.5,1992.5,2192.0,2439.0,2648.0,2686.0,1291.0,777.0,581.0,853.0,1203.0,1571.0,1671.0,1828.0,2095.0,2095.0,1904.0,1221.5,724.0,1010.5,1387.0,1687.5,1785.0,1954.0,2185.5,2238.0,0.0,0.0,0.0,0.0,0.0,0.0,0.0,0.0,0.0,0.0,1314.0,794.0,572.0,777.0,1080.0,1371.0,1483.0,1653.0,1821.0,1848.0,0.0,0.0,0.0,0.0,0.0,0.0,0.0,0.0,0.0,0.0,965.0,1034.0,10204.0,10026.0,10058.0,10192.0,9917.0,9500.0,9908.0,9142.0,1287.5,985.0,2752.5,2814.0,2896.5,3132.0,3159.5,3132.5,3229.0,3173.5,2642.0,1930.0,693.0,980.0,1122.0,1480.0,1847.0,1946.0,2157.0,2166.0,3443.0,2778.0,2281.5,2396.0,2491.5,2800.5,2899.5,2995.5,3187.0,3142.0,2418.0,1706.0,685.0,977.0,1139.0,1493.0,1625.0,1730.0,1903.0,1925.0,2698.0,1988.0,898.0,1127.0,1478.0,1667.0,1771.0,1889.0,2052.0,2086.0,"{""type"":""MultiPoint"",""coordinates"":[]}"
4827,61,1222.0,786.0,408.0,603.0,886.0,1136.0,1241.0,1426.5,1600.5,1659.0,3660.5,2576.0,749.0,1073.5,1456.5,1915.0,2162.5,2412.5,2568.5,2752.0,1714.0,1037.0,705.0,993.0,1392.0,1637.0,1712.0,1906.0,1981.0,1965.0,3691.0,2951.5,859.0,1239.5,1786.5,2137.5,2284.5,2516.0,2640.0,2693.5,2038.0,1272.0,493.0,747.0,1110.0,1367.0,1581.0,1747.0,1873.0,1927.0,0.0,0.0,0.0,0.0,0.0,0.0,0.0,0.0,0.0,0.0,0.0,0.0,0.0,0.0,0.0,0.0,0.0,0.0,0.0,0.0,99.0,113.0,897.0,1143.0,1222.0,1398.0,804.0,888.0,781.0,635.0,3660.5,2905.0,1010.0,1486.5,1926.0,2521.0,2750.0,3000.5,2933.5,3234.5,4285.5,3872.0,1168.5,1524.0,2222.0,2441.0,2549.5,2821.5,2890.0,2990.0,5258.0,4613.0,1400.0,1988.0,2716.0,3090.0,3201.0,3439.0,3609.0,3721.0,1808.0,1149.0,488.0,694.0,1025.0,1299.0,1426.0,1615.0,1820.0,1850.0,3751.5,3223.5,927.0,1263.0,1749.0,2127.0,2189.5,2342.0,2237.0,2597.5,0.0,0.0,0.0,0.0,0.0,0.0,0.0,0.0,0.0,0.0,4200.0,3775.0,926.0,1387.0,2007.0,2317.0,2446.0,2567.0,2563.0,2763.0,4188.0,3420.0,763.0,1066.0,1571.0,2063.0,2261.0,2416.0,2297.0,2702.0,5102.0,4696.0,1156.0,1692.0,2425.0,2886.0,2999.0,3231.0,3230.0,3430.0,4811.0,4506.0,1116.5,1635.5,2432.5,2781.5,2853.0,3021.0,3057.0,3241.5,4103.5,3491.0,969.0,1396.0,1912.5,2356.0,2506.0,2646.0,2749.5,2849.0,3240.0,2308.0,1093.0,1383.0,1544.0,1977.0,2148.0,2290.0,2555.0,2488.0,5184.0,4650.0,1188.0,1811.0,2420.0,2941.0,3170.0,3336.0,3474.0,3549.0,4547.0,4274.0,921.0,1434.0,2192.0,2565.0,2671.0,2811.0,2952.0,3033.0,2304.0,1838.5,1062.5,1228.5,1489.5,1723.0,1851.0,1985.0,2141.0,2179.0,2616.0,1757.5,496.5,779.0,1042.0,1451.5,1604.5,1789.0,1981.0,2006.0,2788.0,2058.0,597.5,912.5,1126.5,1649.5,1824.5,2004.0,2192.5,2261.5,2238.5,1417.5,391.0,734.0,876.5,1334.0,1716.5,1876.5,2143.5,2092.5,2603.0,1732.0,396.0,768.0,869.0,1408.0,1912.0,2116.0,2276.0,2260.0,0.0,0.0,0.0,0.0,0.0,0.0,0.0,0.0,0.0,0.0,1641.0,890.0,496.0,890.0,629.0,1418.0,2673.0,2894.0,3126.0,2997.0,0.0,0.0,0.0,0.0,0.0,0.0,0.0,0.0,0.0,0.0,155.0,170.0,10610.0,10392.0,10338.0,10426.0,9946.0,9361.0,9632.0,8755.0,269.0,191.0,5111.0,5257.0,5328.0,5603.0,5166.0,5069.0,5166.0,4628.0,1402.5,864.5,465.5,657.0,949.0,1233.0,1395.5,1589.5,1788.0,1795.5,2218.0,1389.0,572.0,842.0,1192.0,1503.0,1721.0,1910.0,2135.0,2229.0,1485.0,968.0,572.0,798.0,1091.0,1423.0,1604.0,1782.0,2013.0,2009.0,1263.0,785.0,575.0,832.0,1092.0,1454.0,1634.0,1777.0,1917.0,1994.0,"{""type"":""MultiPoint"",""coordinates"":[]}"
4835,5,974.5,567.0,604.0,848.5,1222.0,1531.0,1654.5,1798.5,2041.0,2032.0,4267.5,3297.5,1346.0,1761.0,2203.0,2640.5,2830.0,2997.0,3265.0,3308.0,1475.0,843.0,691.5,985.0,1311.0,1696.5,1870.5,2067.0,2241.5,2302.5,2440.5,1742.5,1342.0,1602.0,1877.0,2317.0,2536.5,2692.0,2795.0,2891.0,4560.0,3568.0,1583.0,2010.0,2408.0,2831.0,3042.0,3210.0,3498.0,3557.0,3834.0,3098.0,2301.0,2503.5,2729.5,3051.0,3141.5,3310.5,3460.0,3462.5,0.0,0.0,0.0,0.0,0.0,0.0,0.0,0.0,0.0,0.0,3718.5,2982.5,1464.0,1918.5,2330.0,2702.0,2851.5,3041.5,3004.5,3237.5,5161.0,4677.5,1741.0,2391.5,3092.5,3470.5,3557.5,3719.0,3807.5,3945.5,5811.0,5108.0,1890.0,2583.5,3257.5,3798.5,4236.5,4454.5,4444.0,4766.5,4442.0,3095.0,1297.0,1783.0,1898.0,2669.0,3784.0,4332.0,4294.0,4593.0,3325.0,2538.0,1259.0,1574.0,2006.0,2287.0,2404.0,2555.0,2907.0,2866.0,4115.0,2957.0,910.0,1347.0,1365.0,2088.0,3987.0,4584.0,4568.0,4966.0,2894.0,1863.0,754.5,1066.5,974.5,1583.0,3568.0,4411.5,4391.5,4617.5,1660.5,792.5,326.5,507.5,294.5,742.5,2646.5,3378.5,3050.5,3629.0,1773.0,786.0,265.0,461.0,247.0,726.0,3150.0,4322.0,4121.0,4470.0,1572.0,674.0,199.0,402.0,231.0,660.0,3104.0,4068.0,4143.0,4318.0,1951.0,832.5,290.5,512.0,274.0,812.5,3658.5,4765.5,4729.5,5117.5,1667.5,755.5,267.0,518.5,244.5,841.5,3155.0,3788.0,3940.0,4157.0,2175.5,1326.5,752.5,965.5,830.5,1560.0,2345.5,2585.0,2676.0,2879.0,2714.0,1886.0,416.0,638.0,794.0,1182.0,1478.0,1703.0,1876.0,2002.0,3104.0,2280.0,502.0,683.0,946.0,1182.0,1328.0,1488.0,1659.0,1790.0,2513.0,2252.5,1613.0,1795.0,2019.5,2236.0,2305.5,2417.5,2509.0,2524.5,3488.0,2670.5,753.5,981.0,1339.5,1531.0,1676.5,1820.0,2053.5,2091.5,3862.0,3551.0,3044.0,3094.0,3229.0,3427.0,3451.0,3456.0,4017.0,3605.0,2263.5,1512.5,520.0,713.5,972.5,1160.5,1281.0,1426.5,1619.5,1659.0,2326.5,1667.0,615.0,836.5,1075.0,1297.5,1418.0,1539.0,1664.0,1720.5,2453.0,1851.0,2830.0,2613.0,2677.0,2895.0,2874.0,2915.0,2683.0,2984.0,1494.5,958.5,783.0,864.0,997.0,1170.5,1228.5,1341.5,1503.5,1459.0,0.0,0.0,0.0,0.0,0.0,0.0,0.0,0.0,0.0,0.0,1022.0,1123.0,10894.0,10512.0,10392.0,10527.0,10190.0,9794.0,10148.0,9390.0,787.0,491.5,2489.0,2592.5,2831.5,2996.0,2987.5,2988.0,3270.5,3047.5,2604.5,1872.0,920.5,1242.0,1662.5,1992.0,2097.5,2263.0,2248.0,2475.0,1740.5,1194.0,823.0,1115.0,1455.0,1796.5,1903.0,2052.5,2293.5,2308.5,1056.5,644.5,680.0,943.5,1230.0,1593.5,1751.0,1942.5,2017.0,2175.0,3786.0,2864.0,1176.0,1586.0,2010.5,2391.5,2533.5,2741.0,2944.5,2970.0,"{""type"":""MultiPoint"",""coordinates"":[]}"
4840,5,1983.0,1781.0,1684.5,1782.0,1981.5,2130.5,2180.0,2278.5,2388.0,2382.0,3310.0,2369.0,1009.0,1307.0,1753.0,1976.0,2124.0,2296.0,2562.0,2553.0,777.0,398.5,573.5,751.5,1006.5,1234.5,1295.5,1443.5,1556.5,1612.0,830.0,432.0,694.0,877.0,1129.0,1373.0,1450.0,1621.0,1768.0,1757.0,4645.0,4062.0,1391.0,1844.0,2412.0,2723.0,2890.0,3038.0,3297.0,3307.0,4068.5,3558.5,1144.0,1549.5,2084.0,2363.0,2471.5,2615.0,2614.0,2805.0,0.0,0.0,0.0,0.0,0.0,0.0,0.0,0.0,0.0,0.0,3600.0,3063.0,1229.0,1563.0,1917.0,2209.0,2386.0,2610.0,2554.0,2743.0,3490.0,2914.0,1042.0,1345.0,1648.0,1960.0,2331.0,2555.0,2463.0,2738.0,2526.0,1804.5,740.5,982.5,1105.5,1416.5,1889.0,2062.5,2126.0,2164.5,2242.0,1298.0,607.0,856.0,884.0,1255.0,1987.0,2274.0,2211.0,2343.0,1851.5,1292.0,613.5,794.5,1083.0,1257.0,1357.0,1461.5,1646.5,1642.5,2847.0,2032.0,666.0,976.0,1013.0,1478.0,2573.0,3045.0,2958.0,3183.0,2032.0,1088.0,524.0,707.0,610.0,1035.0,2452.0,3034.0,2982.0,3045.0,2332.5,1244.0,690.5,845.5,690.0,1150.5,3174.0,3999.0,3971.5,4227.5,1954.0,896.0,360.0,501.0,307.0,731.0,3020.0,4004.0,3943.0,4230.0,1730.0,815.0,241.0,450.0,269.0,760.0,2988.0,3907.0,3961.0,4022.0,1551.5,730.0,374.0,547.5,346.0,800.0,2730.5,3404.0,3412.0,3635.0,1695.5,805.5,313.5,613.5,354.5,1056.5,2651.0,3023.5,3215.5,3326.0,3189.0,2734.0,2755.0,2719.0,2672.0,3209.0,3438.0,3525.0,3617.0,3731.0,2618.0,1884.0,469.0,596.0,818.0,1034.0,1206.0,1335.0,1500.0,1595.0,2128.0,1744.0,596.0,780.0,998.0,1169.0,1236.0,1317.0,1339.0,1401.0,1821.0,1425.0,698.5,935.0,1250.5,1420.0,1513.5,1608.0,1804.5,1777.5,2656.0,2196.0,602.0,826.0,1132.0,1283.0,1346.0,1493.0,1640.0,1630.0,236.0,139.0,540.0,576.0,636.0,621.0,643.0,690.0,633.0,609.0,97.0,71.0,1109.5,1775.0,2384.5,2622.0,2425.0,2437.5,2465.5,2105.0,138.0,98.0,1233.0,1767.0,2282.0,2608.0,2305.0,2340.0,2259.0,1887.0,0.0,0.0,0.0,0.0,0.0,0.0,0.0,0.0,0.0,0.0,60.0,60.0,1206.0,1819.0,2425.0,2717.0,2525.0,2588.0,2604.0,2250.0,4785.0,4563.0,5004.0,4764.0,4761.0,4918.0,4841.0,4818.0,5131.0,4764.0,1087.0,1171.0,10126.0,9955.0,10012.0,10200.0,9898.0,9554.0,9888.0,9219.0,815.0,497.5,495.0,698.5,957.0,1163.5,1212.0,1336.0,1429.0,1448.0,1615.0,961.0,527.0,749.0,1012.0,1234.0,1332.0,1419.0,1657.0,1635.0,838.0,504.0,606.0,791.0,1050.0,1277.0,1384.0,1497.0,1655.0,1629.0,1590.0,950.0,659.0,884.0,1206.0,1417.0,1532.0,1650.0,1828.0,1861.0,3909.0,3259.0,1207.0,1598.0,2078.0,2296.0,2432.0,2557.0,2875.0,2825.0,"{""type"":""MultiPoint"",""coordinates"":[]}"
4850,5,2733.0,1788.0,743.0,1096.0,1285.0,1885.0,2614.0,2828.0,3175.0,3099.0,3675.5,3285.0,1643.5,2025.5,2482.5,2902.0,3050.0,3194.0,2786.5,3260.5,2772.0,1988.0,791.0,1077.0,1520.0,1763.0,1839.0,1989.0,2146.0,2213.0,3667.5,2964.5,1070.0,1510.0,1877.5,2292.0,2536.0,2703.5,2837.5,2905.0,3894.5,3105.5,1244.0,1762.0,2112.0,2584.0,2912.0,3081.5,3238.0,3311.0,4602.0,3483.0,2573.0,2817.0,2923.0,3565.0,4466.0,4811.0,4823.0,4987.0,3429.0,1994.0,653.0,1161.0,1048.0,1897.0,3815.0,4203.0,4215.0,4403.0,2666.0,1429.0,404.0,805.0,568.5,1294.5,3925.5,4624.0,4613.0,4739.0,2907.5,1606.5,410.5,641.5,438.0,1037.5,4292.0,5679.0,5848.0,5847.5,2509.0,1316.0,317.0,538.0,305.0,853.0,4037.0,5583.0,5519.0,5798.0,3393.0,2041.5,1939.0,1925.0,1644.5,2150.5,4894.0,6312.5,6246.0,6589.0,2998.0,2002.0,818.0,1155.0,1381.0,1992.0,2697.0,2893.0,3245.0,3201.0,3786.0,2337.0,1984.0,2034.0,1839.0,2377.5,5070.5,6423.5,6302.0,6655.0,2199.0,902.5,206.0,384.5,174.0,693.5,3893.0,5457.0,5548.5,5728.5,2159.0,951.0,348.0,541.0,280.0,857.0,3630.0,4851.0,4759.0,5091.0,2070.0,999.0,450.0,663.5,423.0,1067.5,2991.5,3704.5,3684.5,4041.0,2425.5,1489.5,387.5,690.0,620.0,1243.5,2359.0,2751.5,2860.0,3047.0,2609.5,1762.5,403.0,614.5,728.0,1126.5,1488.0,1690.0,1850.0,2016.5,2836.5,2107.5,479.0,594.5,774.5,1033.0,1203.5,1371.5,1492.5,1641.5,2622.0,1976.0,496.0,634.0,773.0,996.0,1126.0,1249.0,1295.0,1449.0,2618.5,1960.5,475.0,613.5,759.0,979.5,1125.0,1258.0,1379.5,1458.0,2835.5,2059.0,581.5,751.5,870.0,1156.0,1441.5,1586.5,1667.0,1776.0,0.0,0.0,0.0,0.0,0.0,0.0,0.0,0.0,0.0,0.0,3297.0,2304.0,757.0,1037.0,1277.0,1660.0,2008.0,2151.0,2352.0,2399.0,0.0,0.0,0.0,0.0,0.0,0.0,0.0,0.0,0.0,0.0,2697.5,1735.5,578.5,881.0,961.5,1463.0,2220.5,2413.5,2635.0,2609.5,2701.0,1717.0,555.0,870.0,927.0,1511.0,2567.0,2758.0,2917.0,2973.0,0.0,0.0,0.0,0.0,0.0,0.0,0.0,0.0,0.0,0.0,2386.0,1405.0,483.0,769.0,640.0,1341.0,2848.0,3165.0,3376.0,3350.0,0.0,0.0,0.0,0.0,0.0,0.0,0.0,0.0,0.0,0.0,677.0,713.0,9788.0,9556.0,9602.0,9743.0,9409.0,8978.0,9314.0,8582.0,3477.0,2764.0,3747.0,3571.0,3497.0,3770.0,3702.0,3694.0,3829.0,3710.0,2906.0,1951.0,741.0,1114.0,1359.0,1982.0,2626.0,2830.0,3149.0,3114.0,3114.0,2046.0,773.0,1174.0,1258.0,1991.0,2834.0,3048.0,3312.0,3311.0,2696.0,1671.0,621.0,1105.0,1109.0,2013.0,2753.0,2950.0,3244.0,3185.0,2887.0,1857.5,722.0,1147.5,1306.0,2039.0,2514.5,2710.5,2983.5,2987.0,"{""type"":""MultiPoint"",""coordinates"":[]}"
4851,2,2632.0,1882.0,724.0,936.0,1257.0,1501.0,1714.0,1904.0,2149.0,2222.0,4514.0,3745.0,1115.0,1455.0,1968.0,2226.0,2403.0,2589.0,2840.0,2911.0,3541.0,2555.0,943.0,1177.0,1635.0,1905.0,2061.0,2291.0,2551.0,2685.0,3868.0,2915.0,989.0,1242.0,1689.0,1939.0,2110.0,2330.0,2641.0,2711.0,0.0,0.0,0.0,0.0,0.0,0.0,0.0,0.0,0.0,0.0,6077.0,5209.0,1536.0,1903.0,2514.0,2881.0,3016.0,3338.0,3669.0,3766.0,0.0,0.0,0.0,0.0,0.0,0.0,0.0,0.0,0.0,0.0,5562.0,4914.0,1490.0,1860.0,2382.0,2753.0,2906.0,3144.0,3400.0,3522.0,6455.0,5425.0,1911.0,2213.0,2665.0,3143.0,3576.0,4012.0,4099.0,4545.0,4988.0,4219.0,2491.0,2677.0,2813.5,3403.5,4084.0,4404.5,4246.0,4739.5,4901.0,3554.0,1212.0,1597.0,1574.0,2342.0,3846.0,4371.0,4514.0,4803.0,3182.0,2385.0,814.0,1051.0,1360.0,1629.0,1873.0,2015.0,2334.0,2320.0,3874.0,2293.5,676.0,1015.5,770.5,1601.5,4423.5,5367.5,5353.5,5676.0,3183.0,1797.0,584.0,876.0,621.0,1355.0,4231.0,5188.0,5347.0,5424.0,2592.0,1354.0,624.0,853.0,622.0,1288.0,3845.0,4845.0,4753.0,5005.0,3288.0,2300.0,1885.0,1981.0,1787.5,2478.0,4189.5,4849.0,4619.5,5035.0,2546.0,1297.0,445.5,736.0,521.5,1290.0,3681.5,4390.0,4584.0,4667.0,1930.0,1429.0,3548.0,3411.0,3272.0,3476.0,3383.0,3353.0,3331.0,3362.0,2339.5,1210.0,404.0,617.0,524.5,1365.5,2970.5,3391.0,3610.0,3737.0,3191.0,2115.0,721.0,858.0,1010.0,1564.0,2091.5,2320.5,2437.0,2732.0,3467.0,2510.5,885.5,1021.0,1276.5,1600.5,1823.0,2054.5,2325.5,2429.0,3433.0,2570.0,904.0,1040.0,1279.0,1574.0,1777.0,1981.0,2249.0,2388.0,0.0,0.0,0.0,0.0,0.0,0.0,0.0,0.0,0.0,0.0,3434.0,2398.0,525.0,692.0,969.0,1241.0,1430.0,1655.0,2005.0,2114.0,0.0,0.0,0.0,0.0,0.0,0.0,0.0,0.0,0.0,0.0,2612.0,1611.0,360.0,555.0,777.0,1044.0,1296.0,1521.0,1868.0,1937.0,3909.5,2957.5,2954.0,2781.0,2682.5,2894.5,3077.5,3194.0,3911.5,3450.5,0.0,0.0,0.0,0.0,0.0,0.0,0.0,0.0,0.0,0.0,2852.0,1896.0,550.0,746.0,914.0,1265.0,1781.0,2000.0,2367.0,2400.0,0.0,0.0,0.0,0.0,0.0,0.0,0.0,0.0,0.0,0.0,747.0,833.0,10464.0,10214.0,10257.0,10365.0,10024.0,9610.0,10004.0,9285.0,0.0,0.0,0.0,0.0,0.0,0.0,0.0,0.0,0.0,0.0,3135.0,2299.0,827.0,1049.0,1314.0,1607.0,1932.0,2148.0,2415.0,2449.0,3537.0,2617.0,894.0,1197.0,1465.5,1868.5,2186.0,2395.5,2636.5,2694.0,2971.0,1969.5,931.0,1172.0,1502.5,1848.5,2038.0,2243.5,2488.0,2593.0,2076.0,1300.0,1155.0,1194.0,1356.0,1507.0,1556.0,1642.0,1883.0,1908.0,"{""type"":""MultiPoint"",""coordinates"":[]}"
4884,1,2245.0,1260.0,457.5,769.5,569.0,1266.0,2982.5,3528.0,3783.5,3639.5,3525.0,2690.5,822.0,1130.0,1393.0,1783.5,1995.5,2159.5,2392.0,2401.0,3279.0,2431.5,752.0,1019.0,1250.0,1667.5,1874.5,2090.0,2281.0,2304.0,3331.5,2460.0,671.5,972.0,1047.5,1535.0,1982.5,2206.5,2390.0,2400.5,4033.5,3155.0,815.5,1237.5,1311.5,1925.5,2362.0,2614.0,2758.5,2865.5,3940.5,2891.5,811.5,1155.0,1169.5,1658.0,2774.0,3246.5,3311.5,3468.0,0.0,0.0,0.0,0.0,0.0,0.0,0.0,0.0,0.0,0.0,2048.5,943.5,267.0,492.0,229.5,649.0,3243.5,4690.5,4695.0,4771.0,1977.5,864.0,461.0,615.0,396.0,761.0,3126.0,4771.5,4678.5,5000.0,1930.0,860.5,359.0,543.5,388.5,717.0,2877.0,4333.0,4337.5,4505.5,2010.5,898.0,452.0,616.5,539.0,853.0,2836.5,4322.0,4245.5,4445.0,2372.5,1391.0,472.0,741.0,649.5,1354.0,3050.0,3494.5,3775.0,3658.5,2086.5,910.5,441.0,640.0,609.0,1044.0,2856.5,3818.0,3774.0,4043.0,3175.5,2463.0,2731.0,2673.0,2410.5,2846.5,3835.5,4320.5,4480.5,4430.5,0.0,0.0,0.0,0.0,0.0,0.0,0.0,0.0,0.0,0.0,2039.0,1437.5,497.0,595.5,743.5,953.5,1052.0,1179.5,1283.0,1342.0,3871.5,2808.0,749.5,1053.5,1570.0,1919.5,2053.5,2271.5,2477.5,2655.0,0.0,0.0,0.0,0.0,0.0,0.0,0.0,0.0,0.0,0.0,3337.0,3027.0,861.5,1148.5,1446.0,1714.0,1820.5,1972.0,2077.0,2156.0,2541.0,1940.5,623.5,892.0,1012.0,1315.5,1520.5,1622.5,1656.0,1769.5,3847.5,3802.0,1053.5,1397.0,1777.5,2011.0,2098.0,2254.0,2404.5,2417.5,1533.5,1229.0,406.0,532.0,605.0,759.5,939.5,1054.0,1075.5,1155.0,0.0,0.0,0.0,0.0,0.0,0.0,0.0,0.0,0.0,0.0,2215.0,1553.0,488.0,777.0,687.0,1163.0,2074.0,2313.0,2426.5,2422.0,2232.0,1246.5,363.5,716.0,432.5,1137.5,3069.5,3563.5,3543.5,3674.5,1775.5,850.5,229.5,610.0,304.0,1014.0,3229.0,3838.5,4072.5,3909.0,1989.0,1047.0,385.5,689.0,414.0,1090.5,3256.0,3997.0,4080.0,4107.5,0.0,0.0,0.0,0.0,0.0,0.0,0.0,0.0,0.0,0.0,1645.0,756.5,214.0,516.5,189.5,820.5,3307.5,4124.5,4388.5,4307.0,0.0,0.0,0.0,0.0,0.0,0.0,0.0,0.0,0.0,0.0,163.0,217.0,12320.0,11545.0,11148.0,11134.5,10629.0,10021.5,10278.0,9355.5,0.0,0.0,0.0,0.0,0.0,0.0,0.0,0.0,0.0,0.0,3719.0,2909.0,2064.5,2282.0,2357.0,3035.0,3732.0,3975.5,3934.0,4088.5,2918.0,1863.0,617.0,996.5,1211.0,1832.0,2336.5,2551.5,2880.0,2904.0,2934.5,1951.0,573.5,902.0,1229.5,1731.5,2093.0,2327.0,2654.0,2680.0,1999.5,1162.5,667.0,925.0,1225.0,1649.0,1804.0,1987.5,2192.0,2297.5,"{""type"":""MultiPoint"",""coordinates"":[]}"
4912,5,2210.5,1381.5,431.0,722.0,809.0,1483.5,2440.0,2646.5,2912.5,2782.0,4448.0,4042.0,1023.0,1445.0,1996.0,2374.0,2667.0,2760.0,2895.0,3071.0,2645.5,1916.5,579.0,875.0,1278.5,1470.5,1673.0,1817.5,1879.0,1914.0,4292.0,3821.0,1278.5,1808.0,2328.0,2714.0,2942.5,3153.0,3212.5,3256.5,5161.0,4684.0,1529.0,2296.0,2903.0,3272.0,3738.0,3882.0,4150.0,4096.0,6593.0,5817.0,1825.0,2636.0,3064.0,3868.0,4793.0,5282.0,5325.0,5442.0,0.0,0.0,0.0,0.0,0.0,0.0,0.0,0.0,0.0,0.0,3604.0,2400.5,920.0,1263.0,1088.0,1896.0,4106.5,4987.5,5074.5,5147.5,2931.0,1749.0,484.0,804.0,789.0,1363.0,3814.0,4781.0,4844.0,5100.0,3009.0,1804.0,484.0,761.0,723.0,1496.0,3691.0,4666.0,4798.0,4928.0,2245.0,1136.0,454.0,721.0,539.0,1059.0,4357.0,5069.0,4825.0,5672.0,2758.0,1938.0,509.0,802.0,1004.0,1642.0,2680.0,2926.0,3016.0,3059.0,3395.5,2317.5,753.5,1177.5,1273.5,2018.0,4632.0,5937.5,5898.5,6227.0,2527.0,1496.0,571.0,764.0,657.0,1387.0,3777.0,5313.0,5557.0,5512.0,1501.5,742.5,333.0,479.5,403.5,875.0,2498.0,3385.0,3321.0,3459.5,2552.0,1490.5,476.5,694.0,558.0,1090.0,3595.0,4845.5,4878.0,5255.5,2958.0,1967.0,500.0,799.0,880.0,1607.0,2530.0,3048.0,3508.0,3700.0,3475.0,2366.5,654.5,936.0,1365.0,1812.0,1980.0,2356.5,2366.0,2677.5,2886.0,2300.5,552.5,743.0,1025.5,1417.5,1480.5,1650.5,1572.0,1853.5,2996.5,2358.0,1022.5,1195.0,1398.5,1709.0,2058.0,2238.0,2057.0,2378.5,3950.0,3348.0,777.0,1197.0,1766.0,2029.0,2262.0,2362.0,2548.0,2556.0,4875.0,4589.0,1174.0,1775.0,2447.0,2801.0,2838.0,3084.0,3222.0,3310.0,2002.0,1319.0,838.0,943.0,1022.0,1511.0,2183.0,2289.0,2459.0,2462.0,2997.0,2406.0,1046.0,1255.0,1533.0,1832.0,2057.0,2238.0,2205.0,2431.0,2628.0,1864.0,607.0,892.0,1240.0,1509.0,1759.0,1872.0,2010.0,2065.0,2677.5,1820.0,472.0,911.0,1023.5,1566.5,2164.0,2294.5,2471.0,2491.5,2658.5,1777.0,499.5,941.0,931.5,1641.5,2503.5,2722.0,2824.5,2837.0,0.0,0.0,0.0,0.0,0.0,0.0,0.0,0.0,0.0,0.0,2799.5,1756.0,708.0,1086.0,905.0,1802.5,3589.5,3838.5,4252.0,4068.0,0.0,0.0,0.0,0.0,0.0,0.0,0.0,0.0,0.0,0.0,1022.0,1143.0,10664.0,10310.0,10210.0,10309.0,9936.0,9649.0,10028.0,9220.0,1719.5,1239.0,4371.0,4402.0,4493.5,4948.0,5193.5,5103.5,5317.5,5025.5,2616.0,1749.0,440.5,776.0,913.5,1556.5,2618.5,2895.5,3169.0,3088.5,2852.0,1934.0,666.0,1114.0,1198.0,2025.0,2835.0,2985.0,3368.0,3212.0,2983.0,2137.0,614.0,1024.5,1358.0,1990.0,2442.0,2666.5,2919.0,2882.0,3563.5,2636.0,821.0,1202.0,1627.5,2089.5,2311.0,2473.5,2714.0,2770.5,"{""type"":""MultiPoint"",""coordinates"":[]}"
4928,176,3107.0,2504.0,1963.0,1963.0,2037.0,2411.0,2860.0,3042.0,3381.0,3268.0,2359.0,1349.0,431.0,830.0,623.0,1481.0,3329.0,3845.0,3880.0,4166.0,2319.0,1355.0,557.5,928.5,721.5,1534.0,3203.5,3689.0,3913.5,3995.5,2068.0,1146.5,444.0,794.5,594.0,1325.0,2792.0,3153.0,3368.5,3454.5,2476.0,1408.0,503.0,917.0,736.0,1592.0,3133.0,3479.0,3723.0,3810.0,2648.0,1665.0,472.0,749.0,822.0,1352.0,1836.0,2030.0,2158.0,2403.0,1963.0,1904.0,1945.0,1778.0,1565.0,1978.0,2814.0,3263.0,2522.0,3423.0,3046.0,1939.0,688.0,1010.0,972.0,1646.0,2814.0,3263.0,2859.0,3423.0,3046.0,1939.0,608.0,928.0,799.0,1434.0,3229.0,3592.0,3800.0,3930.0,2772.0,1252.0,609.0,1085.0,487.0,1425.0,4814.0,5895.0,5899.0,6239.0,2518.0,1132.0,571.0,1114.0,532.0,1544.0,4309.0,4995.0,5005.0,5439.0,0.0,0.0,0.0,0.0,0.0,0.0,0.0,0.0,0.0,0.0,2192.0,1144.0,481.0,780.0,522.0,1131.0,2794.0,3398.0,3324.0,3581.0,3032.5,1965.0,1117.0,1282.0,1261.5,1905.0,2949.5,3411.5,3635.0,3846.0,3672.0,2520.5,681.0,931.5,969.0,1555.5,2502.0,2901.5,2913.0,3231.0,3320.5,2216.5,544.0,820.0,825.5,1364.5,2445.0,2805.0,2846.0,3106.5,3283.5,2151.0,502.5,787.0,823.5,1362.0,2475.0,2813.0,2946.0,3160.0,3597.0,2431.0,666.0,911.0,1052.5,1569.5,2384.0,2727.5,2884.0,3138.0,4082.0,3222.0,733.0,984.0,1389.0,1764.0,2125.0,2376.0,2647.0,2738.0,4058.5,3128.5,893.5,1092.0,1315.0,1744.5,2258.0,2520.5,2680.5,2888.5,3518.0,2573.0,515.0,820.0,931.0,1405.0,2225.0,2550.0,2717.0,2729.0,2752.5,1587.0,414.5,727.5,611.5,1220.5,2771.0,2835.5,3262.5,2955.0,2617.0,1907.5,1697.0,1553.0,1495.0,1766.0,2223.5,2439.5,3025.0,2692.5,2307.0,1181.0,246.0,634.0,339.0,1091.0,3271.0,3857.0,4200.0,4094.0,1443.5,727.5,186.0,404.0,209.0,701.5,2183.5,2592.5,2791.0,2749.0,3168.0,2050.0,518.0,876.0,846.0,1532.0,2744.0,3181.0,3305.0,3509.0,3148.5,2025.5,485.5,871.5,875.5,1599.5,2746.0,3050.5,3230.0,3384.5,2659.5,1561.5,382.5,752.0,622.0,1354.5,3024.0,3449.5,3670.0,3735.5,1889.5,1036.5,181.5,478.5,350.5,931.5,2528.0,2969.5,3108.0,3153.0,2498.0,1761.0,441.0,720.0,887.0,1349.0,1920.0,2123.0,2343.0,2381.0,725.0,704.0,9082.0,9249.0,9444.0,9866.0,9516.0,9119.0,9253.0,8695.0,800.0,704.0,1445.0,1612.0,1807.0,2237.0,2529.0,2677.0,2842.0,2778.0,2584.0,1836.0,571.0,823.0,936.0,1447.0,2132.0,2377.0,2592.0,2686.0,0.0,0.0,0.0,0.0,0.0,0.0,0.0,0.0,0.0,0.0,2066.0,1196.0,423.0,745.0,568.0,1280.0,2868.0,3293.0,3621.0,3520.0,2327.0,1368.0,502.0,851.0,692.0,1467.0,3118.0,3594.0,3800.0,3847.0,"{""type"":""MultiPoint"",""coordinates"":[]}"
4944,5,1668.0,1066.0,854.0,897.0,1251.0,1456.0,1620.0,1712.0,1913.0,1959.0,4074.0,3789.0,1107.0,1444.0,1889.0,2114.0,2210.0,2343.0,2554.0,2570.0,1871.0,1223.0,575.0,695.0,955.0,1124.0,1189.0,1319.0,1455.0,1493.0,4067.0,3793.0,1163.0,1497.0,1944.0,2199.0,2275.0,2472.0,2604.0,2689.0,2943.0,2100.0,737.0,1033.0,1422.0,1648.0,1768.0,1914.0,2127.0,2179.0,6402.0,6285.0,1698.0,2163.0,2836.0,3261.0,3372.0,3632.0,3737.0,3978.0,3899.0,3006.0,1017.0,1313.0,1761.0,2089.0,2121.0,2359.0,2466.0,2639.0,6017.5,5617.0,1951.0,2469.5,3087.0,3501.0,3545.0,3755.5,3794.5,4085.5,4570.0,4481.0,1317.0,1680.0,2168.0,2481.0,2590.0,2766.0,2757.0,3023.0,4953.5,4529.5,1360.5,1805.5,2288.0,2687.0,2999.0,3184.5,3250.5,3460.5,3755.0,2431.0,1276.0,1650.0,1882.0,2424.0,3217.0,3614.0,3669.0,3868.0,2795.0,2064.0,1006.0,1279.0,1647.0,1928.0,2009.0,2185.0,2378.0,2369.0,3214.0,1897.0,604.0,960.0,747.0,1479.0,3177.0,3590.0,3444.0,3865.0,3340.0,2169.0,696.0,959.0,806.0,1394.0,3779.0,4707.0,4785.0,4948.0,2031.5,1114.5,535.5,676.5,502.0,915.5,2919.5,3857.0,3825.0,4111.5,2095.5,1013.0,357.5,513.0,318.0,749.5,3077.0,4321.0,4173.5,4585.0,2067.0,1033.5,340.5,549.5,350.0,865.5,3132.0,4169.0,4153.5,4423.0,2069.0,1032.0,355.0,603.0,384.0,972.0,3200.0,4061.0,4099.0,4399.0,2013.0,1018.0,336.5,673.0,353.0,1135.0,3101.0,3613.0,3784.0,3957.5,2585.0,1731.0,529.0,873.0,908.0,1549.0,1948.0,2121.0,2207.0,2353.0,3175.0,2500.0,515.0,726.0,969.0,1219.0,1377.0,1504.0,1749.0,1821.0,4046.0,3217.0,844.0,1067.0,1485.0,1750.0,1868.0,2095.0,2251.0,2370.0,3028.0,2170.0,967.0,1228.0,1612.0,1855.0,1995.0,2097.0,2275.0,2266.0,3322.0,2772.0,785.0,964.0,1238.0,1415.0,1510.0,1646.0,1868.0,1865.0,1847.0,1070.0,677.0,710.0,885.0,1058.0,1177.0,1307.0,1403.0,1552.0,2493.0,1781.5,528.5,703.5,922.5,1125.0,1248.0,1385.0,1559.5,1577.5,2606.0,1838.0,705.0,891.0,1155.0,1398.0,1367.0,1485.0,1638.0,1686.0,0.0,0.0,0.0,0.0,0.0,0.0,0.0,0.0,0.0,0.0,1960.5,1587.0,1086.0,1097.5,1166.0,1372.5,1496.5,1620.0,1532.0,1716.0,0.0,0.0,0.0,0.0,0.0,0.0,0.0,0.0,0.0,0.0,724.0,782.0,10264.0,10044.0,10042.0,10179.0,9851.0,9454.0,9858.0,9126.0,2263.5,1920.5,3421.0,3473.0,3562.5,3845.5,3732.5,3754.0,4089.5,3794.0,1964.0,1364.0,683.0,916.5,1211.5,1417.5,1567.0,1668.0,1861.5,1851.5,3149.5,2509.0,1759.5,1924.5,2162.0,2410.0,2493.0,2626.5,2777.0,2773.5,1760.0,1146.0,700.0,942.0,1280.0,1499.0,1594.0,1702.0,1913.0,1923.0,2554.0,1738.0,948.0,1210.0,1544.0,1799.0,1879.0,1998.0,2183.0,2222.0,"{""type"":""MultiPoint"",""coordinates"":[]}"
4946,5,1457.0,824.5,756.0,1018.0,1364.5,1714.5,1953.0,2083.0,2419.0,2357.0,3934.5,2900.5,1328.5,1746.5,2131.0,2582.0,2801.0,2968.5,3135.5,3235.5,1611.5,1025.5,718.0,962.5,1317.0,1586.5,1683.5,1828.0,1981.5,2032.5,2363.0,1513.5,833.5,1102.0,1437.0,1717.5,1877.5,2040.0,2224.0,2265.0,3437.5,2733.5,1108.5,1512.5,1927.5,2240.0,2393.5,2521.5,2769.0,2744.0,8393.5,7806.0,3311.5,4013.0,4900.5,5587.0,5631.5,6011.5,6075.0,6394.0,0.0,0.0,0.0,0.0,0.0,0.0,0.0,0.0,0.0,0.0,4910.0,4023.5,1287.0,1794.0,2042.5,2656.5,2921.5,3274.0,3509.5,3609.5,4836.0,4695.0,1569.0,2039.0,2608.5,2880.0,2969.5,3138.5,3290.0,3418.0,3198.5,2467.5,969.0,1278.5,1650.5,1958.0,2098.5,2234.0,2374.0,2460.5,5011.5,4061.0,2114.5,2595.0,2677.0,3371.0,4643.0,5194.5,5232.0,5584.0,3464.0,2570.0,1181.5,1529.5,1944.0,2358.0,2539.0,2674.0,2968.5,2992.0,3182.5,1660.5,497.5,870.5,555.0,1367.5,3927.0,4692.0,4591.5,4935.5,2975.5,1425.0,475.0,689.0,421.0,1008.5,4508.5,5996.5,6095.5,6273.0,2676.5,1168.0,425.0,566.5,291.5,846.0,4344.0,6031.5,5786.5,6333.5,2506.0,1034.0,285.0,461.5,237.5,680.5,4170.0,6098.0,5914.5,6427.0,2228.5,918.5,182.5,364.5,182.0,617.5,3898.0,5553.0,5673.0,5935.0,2588.5,1585.5,1642.0,1674.0,1461.0,1923.0,3855.5,4673.5,4716.0,4885.0,2105.0,943.0,297.0,604.5,274.5,1065.5,3939.0,4844.0,5032.5,5174.5,2252.5,1199.0,538.5,1183.5,1017.0,2340.0,3728.5,4067.0,4199.5,4042.5,3069.0,2047.0,432.0,693.5,1012.5,1514.5,1836.5,2166.5,2403.5,2702.0,3780.0,2875.5,760.5,1124.5,1717.0,1996.0,2073.5,2249.0,2429.0,2523.0,0.0,0.0,0.0,0.0,0.0,0.0,0.0,0.0,0.0,0.0,2629.0,2058.5,702.0,900.0,1217.0,1423.0,1533.5,1639.5,1791.5,1877.0,2235.0,1461.5,701.0,891.0,1253.5,1507.5,1639.0,1794.0,1995.5,2005.5,2499.5,1809.5,652.5,972.5,1239.0,1546.5,1727.0,1848.5,2088.5,2066.5,2714.5,2057.0,749.0,1082.0,1317.0,1673.5,1890.0,2018.0,2187.0,2207.5,0.0,0.0,0.0,0.0,0.0,0.0,0.0,0.0,0.0,0.0,2426.5,1809.5,1022.0,1207.5,1388.5,1676.5,1854.5,1976.5,2216.0,2159.0,0.0,0.0,0.0,0.0,0.0,0.0,0.0,0.0,0.0,0.0,1109.0,1211.0,10846.0,10568.0,10412.0,10517.5,10165.0,9786.5,10150.0,9435.5,580.0,355.5,2991.0,3112.5,3356.0,3673.0,3517.5,3510.5,3733.5,3498.5,1288.0,698.0,572.5,867.0,1186.0,1530.0,1773.0,1966.0,2209.5,2223.5,1754.5,1060.5,926.5,1207.0,1494.5,1886.0,2131.0,2322.0,2575.5,2598.0,1083.0,618.5,617.5,878.5,1153.5,1482.5,1679.0,1902.5,2085.5,2125.0,1579.0,878.0,915.0,1174.0,1463.0,1905.0,2043.0,2329.0,2349.0,2595.5,"{""type"":""MultiPoint"",""coordinates"":[]}"
4953,5,1615.0,1100.5,538.0,656.5,923.5,1046.5,1122.5,1181.0,1404.5,1476.0,2389.0,1669.5,783.5,989.5,1212.0,1500.5,1781.5,1920.5,1860.5,2087.0,1289.5,758.0,529.5,743.0,885.0,1193.0,1414.0,1665.5,1533.0,1677.0,218.5,153.5,370.5,316.5,286.5,363.0,367.5,452.0,361.5,430.5,0.0,0.0,0.0,0.0,0.0,0.0,0.0,0.0,0.0,0.0,4426.5,3664.0,1200.5,1555.0,1918.5,2179.0,2685.0,2976.5,3054.0,3359.5,0.0,0.0,0.0,0.0,0.0,0.0,0.0,0.0,0.0,0.0,3793.0,3226.0,1188.0,1517.5,1757.0,2065.5,2505.0,2810.0,2805.5,3001.5,0.0,0.0,0.0,0.0,0.0,0.0,0.0,0.0,0.0,0.0,3544.0,2669.5,929.0,1254.5,1493.5,1895.5,2279.0,2448.5,2487.0,2855.0,3993.0,3372.5,1121.0,1494.0,1740.5,2094.5,2591.0,2855.0,2995.0,3116.0,1843.0,1326.0,625.5,737.0,1009.0,1131.0,1199.0,1278.0,1513.0,1536.5,3900.5,3191.5,1114.5,1460.5,1824.0,2072.0,2511.0,2766.5,2822.0,3064.5,2488.5,1554.5,689.5,890.0,998.5,1368.0,1889.5,2178.5,2176.5,2392.5,0.0,0.0,0.0,0.0,0.0,0.0,0.0,0.0,0.0,0.0,2832.5,1929.5,749.0,1015.5,1077.5,1475.0,2250.5,2583.0,2394.5,2835.0,2461.0,1570.0,572.5,847.0,886.5,1316.0,2177.5,2473.5,2406.0,2716.0,0.0,0.0,0.0,0.0,0.0,0.0,0.0,0.0,0.0,0.0,3118.5,2137.0,1247.5,1440.5,1359.0,1934.5,2832.0,3162.0,3310.0,3434.0,1856.5,924.0,479.0,769.0,724.0,1270.0,1835.5,2040.5,1950.0,2412.0,3196.0,2432.0,693.5,981.0,1097.5,1434.5,1897.5,2137.5,2340.5,2415.5,3702.0,2965.5,887.5,1152.5,1353.5,1660.0,2020.5,2256.5,2462.0,2582.0,0.0,0.0,0.0,0.0,0.0,0.0,0.0,0.0,0.0,0.0,2231.0,1737.5,462.0,668.0,915.5,1039.5,1162.0,1290.5,1396.0,1439.5,0.0,0.0,0.0,0.0,0.0,0.0,0.0,0.0,0.0,0.0,1340.5,791.0,245.0,398.5,596.0,726.0,770.5,887.0,995.5,1056.0,1563.0,983.5,440.0,702.5,946.0,1140.0,1232.5,1365.0,1437.5,1487.0,0.0,0.0,0.0,0.0,0.0,0.0,0.0,0.0,0.0,0.0,267.0,172.5,999.5,1447.0,1715.0,1730.5,1207.5,1193.5,1093.0,846.0,0.0,0.0,0.0,0.0,0.0,0.0,0.0,0.0,0.0,0.0,1430.0,1219.0,6116.0,5905.5,6157.0,6338.5,6265.0,6243.0,6510.5,6151.5,2036.5,1440.5,671.0,815.5,1059.5,1243.0,1243.0,1393.0,1505.0,1587.5,2113.0,1580.5,760.0,905.5,1203.0,1355.0,1455.5,1548.5,1722.0,1807.5,1445.5,942.5,705.5,937.0,1142.0,1336.5,1439.0,1557.0,1684.5,1779.0,875.5,550.5,472.5,655.0,881.5,1129.5,1154.5,1368.0,1331.0,1393.5,1816.5,1175.0,784.0,984.0,1177.0,1486.5,1641.5,1832.0,1785.5,2000.5,"{""type"":""MultiPoint"",""coordinates"":[]}"
4954,5,2792.0,2092.0,701.0,926.0,1321.0,1598.5,1691.0,1858.5,2188.5,2164.0,3253.5,2648.5,1012.5,1331.0,1730.0,2032.0,2163.5,2360.0,2571.0,2569.0,2857.0,2154.5,812.0,1076.0,1426.0,1711.5,1874.0,2029.5,2196.0,2238.0,3004.5,2359.5,923.5,1185.0,1545.0,1819.5,1982.5,2172.5,2359.5,2355.0,5296.0,4937.0,1663.5,2190.5,2791.5,3237.0,3506.5,3676.0,3936.0,3966.5,6002.0,5350.5,1848.5,2424.0,3010.5,3655.5,4007.5,4313.5,4482.0,4616.0,0.0,0.0,0.0,0.0,0.0,0.0,0.0,0.0,0.0,0.0,5378.0,5192.0,1741.5,2302.5,2740.5,3303.5,3328.5,3433.5,3517.0,3672.5,5046.5,4423.5,1852.0,2399.5,2948.5,3400.0,3700.0,3834.5,3864.5,4080.0,4396.0,3905.5,1177.5,1600.0,1948.5,2403.0,3352.5,3664.5,3645.5,3929.0,2905.5,1750.5,627.5,922.5,812.0,1402.5,2914.5,3349.5,3357.0,3548.0,2484.5,1930.5,1079.5,1208.0,1515.5,1692.0,1792.5,1891.0,1996.0,2059.0,2912.5,1566.5,432.5,713.5,426.5,1143.5,3752.0,4541.0,4432.5,4790.5,2659.0,1264.0,431.0,614.5,324.0,891.0,4220.0,5774.0,5750.0,5889.5,2910.5,1828.0,1342.0,1456.5,1290.0,1789.0,4104.0,5377.5,5225.5,5531.5,2400.5,1034.0,321.0,466.0,241.5,712.0,3979.5,5921.0,5609.5,6071.0,2345.5,961.5,273.0,426.5,217.5,669.0,4138.0,5998.5,6031.5,6261.0,2160.0,910.5,327.5,519.0,276.5,811.0,4037.5,5437.5,5352.0,5692.5,2079.0,981.5,339.0,600.0,274.0,1074.0,3935.5,4760.5,4958.0,5012.5,2049.0,1263.5,774.5,1085.0,1016.0,1896.0,2592.5,2803.5,2746.0,3147.5,2767.0,2012.5,518.5,766.5,1081.5,1401.0,1681.0,1943.5,2070.0,2295.5,1410.0,929.5,403.0,496.0,697.0,879.0,998.5,1088.5,1210.5,1275.0,4345.0,3587.5,1876.5,2140.0,2542.5,2844.5,2947.5,3096.5,3431.5,3387.0,2580.0,1889.5,618.0,831.5,1107.0,1351.5,1526.0,1653.5,1890.0,1889.5,2680.0,1815.0,982.0,1286.5,1760.5,2145.0,2299.5,2459.5,2719.5,2735.0,3016.0,2099.0,970.5,1312.5,1699.5,2033.5,2311.5,2483.0,2726.0,2700.5,2951.0,2051.0,929.5,1259.0,1598.0,1975.5,2272.0,2406.5,2636.0,2602.5,3500.5,2593.0,1301.5,1603.0,1838.0,2251.0,2573.5,2746.0,2763.0,2996.5,2435.0,1625.0,802.0,1052.0,1192.0,1558.0,2021.5,2148.5,2370.5,2306.0,0.0,0.0,0.0,0.0,0.0,0.0,0.0,0.0,0.0,0.0,1009.5,1099.0,10493.0,10194.0,10160.0,10321.0,9952.0,9552.0,9943.5,9272.0,1767.5,1293.5,820.5,1050.0,1411.5,1705.5,1765.0,1939.5,2125.5,2157.5,3542.5,2841.5,840.0,1106.0,1457.0,1758.0,2021.5,2204.5,2372.5,2465.5,2510.0,1940.0,662.0,863.0,1216.5,1386.0,1493.5,1653.5,1847.5,1830.0,2898.5,2237.0,850.5,1143.0,1555.0,1808.0,1941.0,2069.5,2295.0,2290.5,4759.0,4267.0,1800.5,2348.5,2996.5,3361.0,3492.5,3645.0,3866.5,3822.5,"{""type"":""MultiPoint"",""coordinates"":[]}"
4957,5,1381.0,882.0,544.0,790.0,1030.0,1216.0,1153.0,1230.0,1383.0,1350.0,3229.0,2825.5,785.5,1075.5,1465.0,1687.5,1800.0,1904.0,2038.0,2131.5,2231.0,1508.0,608.0,770.0,1023.0,1182.0,1272.0,1422.0,1568.0,1592.0,3137.0,2734.0,763.0,994.0,1318.0,1521.0,1745.0,1902.0,1996.0,2091.0,3401.5,2872.5,832.0,1107.0,1448.5,1725.0,2018.0,2198.0,2340.0,2421.5,3310.5,2655.5,814.5,1098.0,1295.5,1719.5,2335.5,2560.0,2565.5,2799.0,3040.0,2214.0,800.0,1040.0,1083.0,1516.0,2381.0,2673.0,2693.0,2917.0,2554.0,1925.0,855.0,1021.0,1129.0,1396.0,1682.0,1885.0,1917.0,2066.0,2971.0,2488.0,864.5,1029.5,1338.0,1492.5,1474.5,1597.5,1713.0,1864.5,3227.0,2700.5,848.0,1119.0,1457.0,1683.5,1854.5,1991.0,2052.5,2172.5,2598.0,1961.0,677.0,901.0,1082.0,1325.0,1609.0,1727.0,1830.0,1940.0,1660.0,1209.0,435.0,618.0,806.0,969.0,1047.0,1135.0,1292.0,1253.0,3127.5,2387.5,808.5,1061.5,1223.5,1579.0,1909.5,2129.5,2072.0,2362.0,3029.0,2158.0,724.0,966.0,1006.0,1494.0,2306.0,2645.0,2510.0,2899.0,2032.5,1263.5,455.0,672.0,616.5,1035.0,2155.0,2550.0,2389.0,2673.0,2192.0,1250.5,402.5,601.0,435.5,891.0,2740.0,3356.5,3101.5,3464.5,1828.0,1055.0,239.0,431.0,321.0,694.0,2408.0,2923.0,2865.0,2876.0,2257.5,1338.5,531.5,705.5,527.5,1026.0,2963.5,3556.0,3543.5,3814.0,1747.0,911.0,327.5,516.5,338.0,799.5,2319.5,2716.0,2812.0,2969.0,2279.0,1495.0,381.0,691.0,634.0,1190.0,1919.0,2111.0,2157.0,2335.0,2831.0,2143.5,518.0,714.0,918.0,1233.5,1528.0,1705.5,1875.0,2012.0,2746.0,2009.5,532.5,708.0,919.5,1163.5,1359.0,1520.5,1676.0,1776.5,1974.5,1434.5,1436.0,1392.0,1406.5,1583.0,1640.5,1708.0,1932.0,1855.5,2996.0,2318.5,639.0,827.0,1131.5,1340.0,1500.0,1641.5,1854.5,1905.5,2432.0,1935.0,1401.5,1387.0,1397.0,1446.5,1456.5,1368.5,1989.5,1509.5,1482.5,1099.0,255.5,400.5,572.5,643.5,707.5,777.5,937.0,935.5,1973.0,1617.0,463.0,533.0,746.0,844.0,926.0,1009.0,1104.0,1192.0,2636.0,2656.0,1316.0,1494.0,1597.0,1760.0,1914.0,2130.0,1872.0,2314.0,1112.5,740.5,489.5,611.0,756.0,920.0,922.5,1015.0,1097.5,1090.0,0.0,0.0,0.0,0.0,0.0,0.0,0.0,0.0,0.0,0.0,81.0,94.0,10243.0,10203.0,10115.0,10242.0,9806.0,9039.0,9297.0,8407.0,272.0,199.0,5413.0,5476.0,5465.0,5791.0,5412.0,5342.0,5504.0,5123.0,2070.0,1380.5,528.5,725.0,912.0,1127.5,1306.5,1424.5,1590.0,1598.5,3076.0,2785.0,1385.5,1542.5,1778.5,2003.5,2145.0,2276.0,2464.0,2430.5,2000.0,1356.0,477.0,628.0,867.0,1021.0,1136.0,1254.0,1410.0,1424.0,2022.0,1357.0,521.0,723.0,981.0,1121.0,1194.0,1350.0,1461.0,1538.0,"{""type"":""MultiPoint"",""coordinates"":[]}"
4971,5,2174.0,1698.0,532.5,705.5,980.5,1082.5,1178.5,1276.0,1474.5,1449.5,4485.0,4312.5,1410.5,1844.0,2326.0,2575.0,2693.0,2837.0,3072.5,3070.0,2427.5,1824.5,686.0,867.0,1138.5,1308.5,1419.0,1542.0,1674.5,1715.5,2819.5,2137.5,873.0,1095.0,1328.5,1557.5,1798.5,1947.5,2119.0,2143.5,0.0,0.0,0.0,0.0,0.0,0.0,0.0,0.0,0.0,0.0,4108.5,3449.5,1085.0,1498.5,1711.5,2184.0,2918.0,3218.0,3314.0,3441.0,0.0,0.0,0.0,0.0,0.0,0.0,0.0,0.0,0.0,0.0,0.0,0.0,0.0,0.0,0.0,0.0,0.0,0.0,0.0,0.0,0.0,0.0,0.0,0.0,0.0,0.0,0.0,0.0,0.0,0.0,2024.5,987.5,399.0,591.0,350.0,816.0,3157.5,4084.5,4091.0,4308.5,2177.0,943.0,307.0,505.5,260.0,715.5,3767.0,5100.5,5100.0,5407.5,2985.5,2816.5,872.5,1138.5,1466.5,1592.5,1709.5,1775.5,2038.0,1932.0,2149.5,863.5,343.5,486.5,243.0,658.5,3666.5,5209.0,5060.5,5459.5,2083.0,885.0,387.0,535.0,291.5,727.5,3612.5,4971.0,5049.5,5256.0,0.0,0.0,0.0,0.0,0.0,0.0,0.0,0.0,0.0,0.0,2125.5,1008.5,423.0,698.0,408.0,1081.0,3487.5,4344.5,4173.5,4672.5,2345.5,1342.5,409.0,771.5,628.0,1371.5,2788.0,3198.5,3464.5,3641.0,0.0,0.0,0.0,0.0,0.0,0.0,0.0,0.0,0.0,0.0,3162.0,2423.0,580.0,795.0,1103.0,1369.0,1515.0,1699.0,1916.0,2037.0,725.0,562.5,559.5,561.0,551.5,612.0,607.5,627.5,582.5,632.0,3079.0,2765.0,726.0,977.5,1326.5,1498.5,1584.0,1720.5,1893.0,1915.5,3811.0,3578.0,986.5,1311.0,1695.5,1970.5,2067.5,2292.0,2405.5,2471.5,0.0,0.0,0.0,0.0,0.0,0.0,0.0,0.0,0.0,0.0,3416.5,2757.0,807.5,1169.5,1341.0,1811.0,2462.0,2642.5,2854.5,2831.0,0.0,0.0,0.0,0.0,0.0,0.0,0.0,0.0,0.0,0.0,1775.5,974.5,276.0,669.0,416.0,1101.0,2768.0,3083.5,3313.5,3200.0,1965.0,1020.0,284.0,683.0,391.5,1114.5,3170.5,3624.5,3751.5,3735.0,0.0,0.0,0.0,0.0,0.0,0.0,0.0,0.0,0.0,0.0,1720.0,866.5,287.0,608.0,285.5,896.0,2828.0,3348.0,3542.0,3503.5,0.0,0.0,0.0,0.0,0.0,0.0,0.0,0.0,0.0,0.0,1034.5,1131.0,10489.5,10184.5,10166.0,10353.0,10080.0,9712.5,10146.0,9400.0,2127.0,1219.5,3669.0,2578.5,2084.0,1911.5,1599.5,1431.5,3448.5,1232.0,2556.0,2043.5,692.0,909.5,1200.0,1352.5,1442.0,1566.0,1742.0,1747.0,2976.5,2493.0,821.5,1083.5,1382.5,1626.5,1687.5,1822.0,2010.5,2047.0,2380.0,1786.5,646.0,902.0,1210.0,1397.0,1481.0,1642.0,1802.0,1785.0,4995.5,4880.0,1604.0,2097.5,2641.5,2938.5,3044.0,3208.0,3409.0,3431.0,"{""type"":""MultiPoint"",""coordinates"":[]}"
