system:index,cropland,d0_B11,d0_B12,d0_B2,d0_B3,d0_B4,d0_B5,d0_B6,d0_B7,d0_B8,d0_B8A,d10_B11,d10_B12,d10_B2,d10_B3,d10_B4,d10_B5,d10_B6,d10_B7,d10_B8,d10_B8A,d11_B11,d11_B12,d11_B2,d11_B3,d11_B4,d11_B5,d11_B6,d11_B7,d11_B8,d11_B8A,d12_B11,d12_B12,d12_B2,d12_B3,d12_B4,d12_B5,d12_B6,d12_B7,d12_B8,d12_B8A,d13_B11,d13_B12,d13_B2,d13_B3,d13_B4,d13_B5,d13_B6,d13_B7,d13_B8,d13_B8A,d14_B11,d14_B12,d14_B2,d14_B3,d14_B4,d14_B5,d14_B6,d14_B7,d14_B8,d14_B8A,d15_B11,d15_B12,d15_B2,d15_B3,d15_B4,d15_B5,d15_B6,d15_B7,d15_B8,d15_B8A,d16_B11,d16_B12,d16_B2,d16_B3,d16_B4,d16_B5,d16_B6,d16_B7,d16_B8,d16_B8A,d17_B11,d17_B12,d17_B2,d17_B3,d17_B4,d17_B5,d17_B6,d17_B7,d17_B8,d17_B8A,d18_B11,d18_B12,d18_B2,d18_B3,d18_B4,d18_B5,d18_B6,d18_B7,d18_B8,d18_B8A,d19_B11,d19_B12,d19_B2,d19_B3,d19_B4,d19_B5,d19_B6,d19_B7,d19_B8,d19_B8A,d1_B11,d1_B12,d1_B2,d1_B3,d1_B4,d1_B5,d1_B6,d1_B7,d1_B8,d1_B8A,d20_B11,d20_B12,d20_B2,d20_B3,d20_B4,d20_B5,d20_B6,d20_B7,d20_B8,d20_B8A,d21_B11,d21_B12,d21_B2,d21_B3,d21_B4,d21_B5,d21_B6,d21_B7,d21_B8,d21_B8A,d22_B11,d22_B12,d22_B2,d22_B3,d22_B4,d22_B5,d22_B6,d22_B7,d22_B8,d22_B8A,d23_B11,d23_B12,d23_B2,d23_B3,d23_B4,d23_B5,d23_B6,d23_B7,d23_B8,d23_B8A,d24_B11,d24_B12,d24_B2,d24_B3,d24_B4,d24_B5,d24_B6,d24_B7,d24_B8,d24_B8A,d25_B11,d25_B12,d25_B2,d25_B3,d25_B4,d25_B5,d25_B6,d25_B7,d25_B8,d25_B8A,d26_B11,d26_B12,d26_B2,d26_B3,d26_B4,d26_B5,d26_B6,d26_B7,d26_B8,d26_B8A,d27_B11,d27_B12,d27_B2,d27_B3,d27_B4,d27_B5,d27_B6,d27_B7,d27_B8,d27_B8A,d28_B11,d28_B12,d28_B2,d28_B3,d28_B4,d28_B5,d28_B6,d28_B7,d28_B8,d28_B8A,d29_B11,d29_B12,d29_B2,d29_B3,d29_B4,d29_B5,d29_B6,d29_B7,d29_B8,d29_B8A,d2_B11,d2_B12,d2_B2,d2_B3,d2_B4,d2_B5,d2_B6,d2_B7,d2_B8,d2_B8A,d30_B11,d30_B12,d30_B2,d30_B3,d30_B4,d30_B5,d30_B6,d30_B7,d30_B8,d30_B8A,d31_B11,d31_B12,d31_B2,d31_B3,d31_B4,d31_B5,d31_B6,d31_B7,d31_B8,d31_B8A,d32_B11,d32_B12,d32_B2,d32_B3,d32_B4,d32_B5,d32_B6,d32_B7,d32_B8,d32_B8A,d33_B11,d33_B12,d33_B2,d33_B3,d33_B4,d33_B5,d33_B6,d33_B7,d33_B8,d33_B8A,d34_B11,d34_B12,d34_B2,d34_B3,d34_B4,d34_B5,d34_B6,d34_B7,d34_B8,d34_B8A,d35_B11,d35_B12,d35_B2,d35_B3,d35_B4,d35_B5,d35_B6,d35_B7,d35_B8,d35_B8A,d3_B11,d3_B12,d3_B2,d3_B3,d3_B4,d3_B5,d3_B6,d3_B7,d3_B8,d3_B8A,d4_B11,d4_B12,d4_B2,d4_B3,d4_B4,d4_B5,d4_B6,d4_B7,d4_B8,d4_B8A,d5_B11,d5_B12,d5_B2,d5_B3,d5_B4,d5_B5,d5_B6,d5_B7,d5_B8,d5_B8A,d6_B11,d6_B12,d6_B2,d6_B3,d6_B4,d6_B5,d6_B6,d6_B7,d6_B8,d6_B8A,d7_B11,d7_B12,d7_B2,d7_B3,d7_B4,d7_B5,d7_B6,d7_B7,d7_B8,d7_B8A,d8_B11,d8_B12,d8_B2,d8_B3,d8_B4,d8_B5,d8_B6,d8_B7,d8_B8,d8_B8A,d9_B11,d9_B12,d9_B2,d9_B3,d9_B4,d9_B5,d9_B6,d9_B7,d9_B8,d9_B8A,.geo
7,5,1880.0,1221.5,842.5,1160.5,1599.0,1872.5,2055.5,2204.5,2500.0,2518.0,4078.0,2906.0,1443.0,1897.0,2288.0,2845.0,3220.0,3404.0,3699.0,3702.0,1549.0,1028.0,577.0,756.0,927.0,1238.0,1540.0,1739.0,1278.0,1842.0,3581.0,2760.0,1405.0,1648.0,1578.0,1857.0,1919.0,2113.0,2197.0,2352.0,2826.0,2108.0,829.0,1100.0,1467.0,1686.0,1788.0,1952.0,2113.0,2172.0,0.0,0.0,0.0,0.0,0.0,0.0,0.0,0.0,0.0,0.0,0.0,0.0,0.0,0.0,0.0,0.0,0.0,0.0,0.0,0.0,4040.0,4189.0,1668.0,1934.0,2396.0,2771.0,2905.0,3156.0,2823.0,3357.0,6131.0,5550.0,2378.0,2987.0,3484.0,4150.0,4766.5,5081.5,4977.0,5383.0,4703.0,3610.0,1322.0,2008.0,2120.0,3012.0,4455.0,4819.0,4818.0,5208.0,3071.5,1770.0,816.5,1066.0,867.5,1549.5,3484.5,4144.5,4159.5,4411.0,3652.0,2855.0,1447.0,1733.0,2218.0,2406.0,2616.0,2779.0,3060.0,3011.0,3077.0,1371.0,341.0,700.0,329.0,1127.0,4919.0,6156.0,5842.0,6355.0,2354.0,1034.0,479.0,632.0,358.0,849.0,3936.0,5592.0,5523.0,5799.0,2223.0,937.0,342.0,482.0,271.0,693.0,3760.0,5675.0,5482.0,5959.0,2193.0,911.0,345.0,477.0,283.0,720.0,3560.0,5314.0,5023.0,5529.0,1837.5,776.0,306.5,489.5,273.0,759.5,3321.5,4471.0,4471.5,4727.5,1835.5,797.5,304.0,533.0,286.0,880.5,3370.0,4290.5,4307.5,4670.5,1959.0,994.0,379.0,703.0,504.0,1324.0,2589.0,2959.0,3132.0,3328.0,2733.0,1935.0,534.0,688.0,855.0,1186.0,1397.0,1561.0,1667.0,1843.0,3184.5,2290.0,729.0,937.5,1269.0,1568.0,1698.5,1880.0,2079.5,2172.0,3655.0,2543.0,971.0,1249.0,1668.0,1956.0,2114.0,2269.0,2431.0,2558.0,3326.5,2416.0,1442.0,1752.0,2229.0,2541.5,2778.5,2948.0,3275.5,3270.5,3173.0,2334.5,985.5,1203.0,1523.0,1773.0,1960.5,2105.5,2260.5,2319.0,2396.0,1838.0,676.0,855.0,1153.0,1336.0,1447.0,1559.0,1699.0,1757.0,2345.0,1706.5,605.5,839.0,1117.0,1310.5,1444.0,1562.5,1744.5,1770.5,2458.5,1784.5,670.5,901.0,1167.0,1404.5,1534.5,1652.0,1823.0,1862.0,0.0,0.0,0.0,0.0,0.0,0.0,0.0,0.0,0.0,0.0,2485.0,1751.0,662.0,929.0,1144.0,1488.0,1740.0,1854.0,2109.0,2119.0,0.0,0.0,0.0,0.0,0.0,0.0,0.0,0.0,0.0,0.0,852.0,919.0,10394.0,10178.0,10118.0,10223.0,9901.0,9419.0,9772.0,8962.0,838.5,511.5,4662.5,4761.5,5027.0,5320.5,5156.0,5053.0,5175.0,4866.5,3040.0,2384.0,1482.0,1857.0,1990.0,2255.0,2413.0,2516.0,2928.0,2717.0,3787.5,2825.5,1376.0,1754.0,2103.5,2549.0,2881.0,3093.5,3381.0,3364.5,2617.0,1749.5,919.5,1266.0,1565.0,2011.0,2413.0,2559.0,2807.5,2848.5,2061.0,1265.0,896.0,1220.0,1511.0,2109.0,2507.0,2685.0,2929.0,2984.0,"{""type"":""MultiPoint"",""coordinates"":[]}"
27,5,2175.0,1366.0,517.0,733.0,878.0,1332.0,1998.0,2171.0,2395.0,2352.0,5087.0,4596.0,1455.0,1931.0,2535.0,2838.0,2997.0,3199.0,3466.0,3457.0,2709.0,1820.0,763.0,985.0,1283.0,1542.0,1692.0,1858.0,2047.0,2073.0,4171.0,3582.0,1159.0,1486.0,1976.0,2276.0,2356.0,2572.0,2789.0,2860.0,3136.0,2292.0,754.0,1031.0,1446.0,1706.0,1803.0,1943.0,2133.0,2193.0,5529.0,4872.0,1547.5,2034.5,2567.0,3055.0,3409.5,3718.5,3840.0,3993.0,0.0,0.0,0.0,0.0,0.0,0.0,0.0,0.0,0.0,0.0,3415.0,2484.0,1329.0,1692.5,1809.5,2361.0,3216.5,3644.5,3541.5,3795.5,3194.0,1981.0,746.0,990.0,884.0,1427.0,3701.0,4369.0,4497.0,4617.0,2968.5,1920.0,566.0,892.0,855.0,1398.5,3251.0,3922.5,4003.0,4182.5,2855.0,1641.0,425.0,698.0,503.0,1145.0,3641.0,4747.0,4751.0,4983.0,2257.0,1563.0,568.0,773.0,965.0,1445.0,2013.0,2167.0,2377.0,2336.0,2413.0,1148.0,354.0,549.0,320.0,866.0,3951.0,5307.0,5163.0,5657.0,1979.0,833.0,505.0,655.0,394.0,877.0,3647.0,4939.0,4835.0,5336.0,1821.0,857.0,236.0,426.0,263.0,703.0,2946.0,3915.0,3918.0,4275.0,1969.0,1100.0,394.0,647.0,436.0,1022.0,3045.0,3696.0,3652.0,4048.0,1979.5,1185.5,361.5,728.5,522.5,1214.5,2551.5,2976.5,3098.5,3344.5,2263.0,1357.0,462.0,720.0,723.0,1392.0,1677.0,1840.0,2130.0,2273.0,3269.0,2470.0,547.5,696.0,967.0,1174.5,1313.5,1463.0,1575.5,1735.5,2362.0,2151.0,624.0,892.5,1142.5,1329.5,1441.0,1654.5,1202.0,2031.0,3898.0,2832.0,899.0,1161.0,1564.0,1847.0,1948.0,2117.0,2291.0,2416.0,3670.5,2833.5,845.5,1070.5,1453.5,1714.0,1798.0,1954.5,2065.5,2200.5,2208.0,1671.0,1464.5,1536.5,1614.0,1942.5,2267.0,2371.5,2500.0,2471.0,3003.0,2315.5,855.0,1137.5,1512.0,1768.5,1868.5,1968.5,2164.5,2192.5,3661.5,3225.0,1723.5,1798.0,2013.0,2249.0,2389.0,2504.0,2792.0,2606.0,2857.5,2195.0,766.5,1110.0,1446.0,1727.5,1948.5,2063.5,2330.0,2262.0,2275.0,1511.0,814.0,1109.0,1194.0,1407.0,1694.0,1766.0,1945.0,1898.0,3278.0,2857.0,2547.0,2617.0,2778.0,3001.0,3244.0,3316.0,2910.0,3448.0,2201.5,1284.5,680.0,964.0,959.0,1504.0,2391.5,2557.5,2667.0,2723.0,0.0,0.0,0.0,0.0,0.0,0.0,0.0,0.0,0.0,0.0,83.0,89.0,10101.0,10056.0,9966.0,10157.0,9656.0,8972.0,9248.0,8350.0,774.0,463.0,623.0,928.0,1086.0,1440.0,1567.0,1617.0,1735.0,1636.0,2317.0,1537.5,608.5,834.5,1102.0,1439.5,1628.0,1801.5,2010.5,2037.5,4004.5,3544.5,1803.5,2036.5,2352.0,2608.0,2731.0,2891.0,3182.0,3088.5,2498.0,1779.0,621.0,817.0,1095.0,1330.0,1432.0,1614.0,1768.0,1843.0,2483.5,1630.0,671.0,894.5,1231.0,1467.5,1597.0,1738.0,1897.5,1969.0,"{""type"":""MultiPoint"",""coordinates"":[]}"
53,3,1975.0,1226.0,614.0,946.0,1023.0,1595.0,2228.0,2396.0,2550.0,2515.0,3857.0,3342.5,1307.0,1673.5,2069.0,2424.0,2559.5,2707.5,2851.0,2915.0,1931.5,1204.5,777.0,1041.5,1320.5,1590.0,1637.5,1734.0,1864.5,1887.5,2456.5,1776.0,924.5,1164.0,1457.5,1712.5,1748.5,1880.0,2011.5,2048.0,4614.0,4252.0,1561.0,2048.0,2515.0,2867.0,3018.0,3124.0,3348.0,3385.0,0.0,0.0,0.0,0.0,0.0,0.0,0.0,0.0,0.0,0.0,0.0,0.0,0.0,0.0,0.0,0.0,0.0,0.0,0.0,0.0,1295.0,733.5,487.0,658.5,416.5,811.5,1864.0,2245.5,2102.5,2309.0,3642.5,3043.0,2500.5,2552.0,2451.5,3010.0,4085.5,4504.0,4426.5,4593.5,1700.5,805.5,471.0,659.5,339.5,841.0,3209.5,4326.0,4504.0,4484.0,1597.5,835.5,632.5,772.5,453.0,928.5,3136.5,4660.0,4714.5,4796.5,2640.5,2030.5,851.0,1170.0,1332.0,1822.0,2371.5,2493.0,2809.0,2693.0,1321.0,580.0,408.0,550.0,282.0,680.0,2841.0,4168.0,4038.0,4392.0,1446.0,666.0,356.0,569.0,280.0,819.0,3092.0,4493.0,4528.0,4695.0,1551.0,714.0,529.0,809.0,427.0,1273.0,3330.0,4498.0,4241.0,4782.0,1702.0,855.0,462.0,938.0,507.0,1582.0,3593.0,4161.0,4082.0,4451.0,1907.0,1034.0,550.0,1076.0,803.0,1901.0,3159.0,3636.0,3761.0,3953.0,2440.0,1481.5,700.0,1172.0,1301.5,2131.5,2902.0,3241.0,3376.5,3563.5,3392.0,2433.0,986.0,1471.0,1856.0,2476.0,2800.0,3074.0,3277.0,3327.0,4021.0,2922.5,1124.0,1566.5,2052.0,2601.0,2951.0,3122.5,3195.0,3400.5,4405.0,3062.0,1085.0,1564.0,2235.0,2670.0,2910.0,3142.0,3472.0,3527.0,4359.0,2966.0,1063.0,1505.0,2181.0,2610.0,2808.0,3020.0,3257.0,3339.0,459.0,330.0,328.0,372.0,361.0,503.0,694.0,752.0,810.0,761.0,3654.0,2586.5,1179.5,1524.0,2164.5,2493.5,2625.0,2841.5,3137.0,3190.0,3473.0,2323.0,1286.0,1666.0,2290.0,2661.5,2812.0,3039.0,3291.0,3402.0,3006.0,1983.0,1030.0,1415.0,2035.0,2301.0,2498.0,2656.5,2956.5,2980.0,3666.0,2560.0,1175.0,1547.0,2191.0,2501.0,2635.0,2795.0,3041.0,3096.0,0.0,0.0,0.0,0.0,0.0,0.0,0.0,0.0,0.0,0.0,2507.0,1738.0,1032.0,1278.0,1779.0,2069.0,2135.0,2258.0,2488.0,2538.0,0.0,0.0,0.0,0.0,0.0,0.0,0.0,0.0,0.0,0.0,950.0,1038.0,10550.0,10258.0,10260.0,10348.0,10047.0,9684.0,10096.0,9308.0,1071.5,700.5,642.5,965.5,1159.5,1724.0,1966.0,2150.5,2219.0,2229.5,2543.0,1685.0,658.0,1014.0,1167.0,1747.0,2351.0,2594.0,2828.0,2793.0,2550.5,1817.0,859.5,1237.5,1521.5,1976.0,2182.0,2369.5,2546.0,2596.0,1915.0,1206.0,710.0,1064.0,1401.0,1801.0,2024.0,2098.0,2293.0,2283.0,3483.5,2991.0,1313.5,1655.0,2009.0,2253.0,2387.5,2490.5,2700.0,2589.0,"{""type"":""MultiPoint"",""coordinates"":[]}"
90,3,431.0,291.0,679.0,1009.0,985.5,1288.0,993.0,953.0,892.0,748.0,2558.0,1866.0,1296.0,1653.0,1901.0,1995.0,2097.0,2138.0,2653.0,2165.0,414.0,260.5,901.0,1249.5,1510.5,1701.0,1468.5,1554.5,1495.5,1355.0,1619.0,1411.0,2148.5,2344.0,2251.0,2590.5,2304.0,2336.0,2287.0,2146.0,785.0,526.0,721.0,1188.0,1196.0,1836.0,2033.0,2129.0,2234.0,2132.0,1551.0,820.0,1096.0,1207.0,1183.0,1455.0,1638.0,1719.0,2183.0,1650.0,0.0,0.0,0.0,0.0,0.0,0.0,0.0,0.0,0.0,0.0,1004.0,655.0,629.0,904.0,640.0,1196.0,1807.0,2088.0,1893.0,1812.0,1134.5,647.5,352.5,563.0,396.0,733.0,1783.0,2387.0,2229.5,2239.0,1556.0,828.0,357.0,481.0,261.5,627.5,2476.5,3951.0,3856.5,4064.5,1506.0,728.5,637.5,682.0,451.0,754.5,2488.5,4066.5,3889.5,4255.5,543.5,433.5,737.5,959.0,902.5,1133.0,945.5,957.0,1046.5,766.5,1408.0,634.0,321.0,435.0,216.0,590.0,2565.0,4386.0,4224.0,4601.0,1874.0,936.5,480.0,682.5,428.0,964.5,3164.5,4996.0,4985.0,5273.0,1618.0,779.0,389.0,676.5,365.5,1083.0,3173.0,4377.0,4314.0,4709.0,1853.0,959.0,481.0,898.0,630.0,1522.0,3409.0,4364.0,4299.0,4697.0,1884.0,1001.0,469.0,954.0,723.0,1652.0,3437.0,4199.0,4393.0,4535.0,2133.5,1154.5,599.0,1042.0,964.5,1954.0,3350.0,3892.0,3962.5,4318.0,2146.5,1194.0,554.5,987.5,998.0,1857.5,2739.0,3095.0,3391.5,3505.0,2150.0,1457.0,637.0,825.5,1131.0,1484.0,1722.0,1915.0,1925.5,2163.5,2741.0,1980.0,696.0,987.0,1338.0,1655.0,1901.0,2058.0,2160.0,2437.0,3075.0,2220.0,815.0,1105.0,1509.0,1867.0,1974.0,2135.0,2204.0,2367.0,450.5,379.0,958.5,1438.5,1684.0,1921.5,1580.5,1582.5,1479.0,1244.5,3220.5,2390.0,907.5,1176.5,1651.5,1900.5,2023.5,2173.0,2417.5,2458.0,1742.0,1125.0,797.0,996.0,1444.0,1673.0,1732.0,1926.0,2071.0,2126.0,1756.0,1195.5,561.0,831.0,1232.0,1450.0,1534.5,1644.5,1838.5,1844.0,1533.0,1065.0,658.0,881.0,1226.0,1435.0,1448.0,1612.0,1702.0,1723.0,0.0,0.0,0.0,0.0,0.0,0.0,0.0,0.0,0.0,0.0,442.0,318.5,939.0,1301.5,1602.5,1714.0,1217.0,1147.0,1109.5,886.0,0.0,0.0,0.0,0.0,0.0,0.0,0.0,0.0,0.0,0.0,908.0,1004.0,10564.0,10170.0,10180.0,10385.0,10079.0,9623.0,9938.0,9217.0,496.5,417.5,1327.5,1685.5,1638.5,1952.0,1653.0,1408.0,1359.0,1191.5,520.0,442.0,998.0,1478.0,1423.0,1716.0,1220.0,1082.0,935.0,719.0,545.0,413.0,1225.0,1764.0,2070.0,2309.0,1694.0,1703.0,1575.0,1289.0,347.0,231.0,518.0,984.0,907.0,1620.0,1600.0,1697.0,1700.0,1544.0,2594.0,1730.0,1029.0,1456.0,1498.0,2056.0,2314.0,2460.0,2623.0,2526.0,"{""type"":""MultiPoint"",""coordinates"":[]}"
93,3,3588.5,3216.0,2513.0,2600.5,2822.5,2960.0,3004.5,3077.0,3368.0,3196.5,2477.5,1862.5,721.5,920.5,1218.0,1376.0,1442.0,1566.0,1695.0,1686.5,2361.5,1634.0,674.0,916.0,1206.0,1380.0,1451.0,1561.5,1679.5,1693.5,2331.5,1631.5,703.0,887.0,1183.5,1353.0,1418.5,1554.5,1662.0,1672.0,4592.0,4269.0,1363.0,1853.5,2415.0,2701.5,2817.5,2971.0,3194.0,3177.0,4457.0,4066.0,1474.0,1837.5,2325.0,2680.0,2742.5,2945.0,2945.0,3152.5,0.0,0.0,0.0,0.0,0.0,0.0,0.0,0.0,0.0,0.0,2692.5,2073.5,1035.0,1394.5,1572.5,1998.0,2168.0,2312.0,2363.0,2316.0,969.5,638.5,364.0,630.5,564.0,919.0,1427.5,1700.5,1614.5,1679.0,1174.5,588.5,340.0,577.5,411.5,857.0,2011.5,2721.0,2588.5,2615.0,1267.5,619.0,497.0,667.0,471.0,919.0,2306.0,3336.0,3121.5,3283.5,1581.5,1161.0,586.0,719.5,894.0,1012.5,1038.0,1093.5,1226.0,1185.5,1198.5,550.0,346.5,482.5,295.0,748.5,2263.0,3302.0,3095.0,3369.0,1357.5,657.0,446.0,567.5,344.5,723.5,2400.0,3721.0,3704.0,3898.5,1441.5,673.5,350.0,615.5,325.0,935.0,2877.0,3964.0,3859.5,4122.5,1581.5,787.0,450.5,787.0,451.0,1179.5,3134.5,4109.0,3924.5,4343.0,1713.5,894.0,520.5,965.0,666.0,1649.0,3304.5,3992.5,4116.5,4260.0,3407.0,2766.5,2374.5,2566.5,2367.0,3260.0,4220.5,4580.5,4608.5,4779.5,1877.5,1129.0,560.5,915.0,1043.0,1736.5,2306.0,2572.0,2780.5,2959.0,2403.0,1697.5,1445.0,1400.0,1572.0,1842.5,1961.0,2077.5,2202.5,2217.0,2538.5,1757.0,605.5,840.5,1176.5,1420.5,1536.0,1675.5,1795.5,1891.5,2961.5,2003.0,637.5,888.5,1223.5,1495.0,1633.5,1807.0,1946.0,2057.0,3250.5,3094.5,1423.5,1671.5,1983.0,2160.0,2224.5,2330.5,2426.0,2453.0,2690.0,1790.0,636.5,869.0,1208.0,1445.5,1629.0,1755.0,1977.0,2014.0,1826.5,1202.5,738.0,941.5,1350.5,1608.5,1667.5,1854.5,2069.0,2080.0,1690.0,1071.5,485.5,715.0,1065.0,1276.5,1354.5,1474.5,1688.5,1715.0,1592.5,1055.5,537.5,742.5,1102.0,1301.0,1371.0,1431.5,1637.5,1631.0,0.0,0.0,0.0,0.0,0.0,0.0,0.0,0.0,0.0,0.0,1348.0,871.5,593.0,712.0,986.0,1121.5,1175.5,1284.0,1477.0,1478.0,2501.5,2196.0,1995.5,1940.5,2021.5,2126.5,2145.0,2173.5,2314.5,2240.0,902.0,1006.5,10589.0,10232.0,10211.0,10357.0,9969.0,9620.0,9981.0,9287.0,1218.0,854.5,527.0,788.5,1084.5,1262.5,1269.5,1366.0,1506.0,1479.5,2413.0,1759.0,645.0,888.0,1207.5,1365.5,1445.0,1541.5,1658.5,1640.5,2427.5,1862.5,735.5,973.0,1266.0,1428.0,1500.5,1614.0,1797.0,1744.0,2435.0,1811.5,659.0,886.5,1191.0,1367.0,1433.0,1549.5,1701.5,1662.5,3894.5,3380.5,1490.0,1800.0,2173.5,2404.5,2530.5,2679.5,2851.5,2831.0,"{""type"":""MultiPoint"",""coordinates"":[]}"
100,5,1264.5,849.0,698.0,912.5,1305.5,1528.5,1642.0,1852.0,2099.5,2092.5,4044.5,3117.5,1525.0,1811.0,2213.5,2548.5,2702.5,2840.5,3058.5,3088.5,1343.0,814.0,798.0,1000.5,1285.5,1562.5,1671.0,1820.5,1977.0,2028.5,0.0,0.0,0.0,0.0,0.0,0.0,0.0,0.0,0.0,0.0,0.0,0.0,0.0,0.0,0.0,0.0,0.0,0.0,0.0,0.0,3075.0,2329.0,1111.5,1312.5,1668.0,1925.5,1990.0,2141.5,2233.5,2343.5,0.0,0.0,0.0,0.0,0.0,0.0,0.0,0.0,0.0,0.0,0.0,0.0,0.0,0.0,0.0,0.0,0.0,0.0,0.0,0.0,0.0,0.0,0.0,0.0,0.0,0.0,0.0,0.0,0.0,0.0,2905.0,2150.5,1227.5,1361.0,1451.0,1774.0,2076.0,2334.0,2123.5,2515.0,2261.0,1331.5,1122.0,1283.0,1250.5,1681.0,2224.5,2464.0,2393.5,2658.0,1942.5,1327.0,840.5,1054.0,1454.0,1622.5,1746.0,1950.0,2208.0,2199.0,2148.0,1645.0,803.5,954.0,947.5,1325.5,1671.0,1856.0,1684.5,1972.0,2912.5,2251.5,791.5,988.0,1008.5,1395.0,2201.0,2529.0,2546.5,2679.0,0.0,0.0,0.0,0.0,0.0,0.0,0.0,0.0,0.0,0.0,2518.0,1397.0,456.0,666.0,484.0,1002.5,3058.0,3744.0,3576.0,3953.5,2051.5,1116.0,345.5,520.0,401.5,828.5,2638.0,3239.0,3381.5,3514.5,0.0,0.0,0.0,0.0,0.0,0.0,0.0,0.0,0.0,0.0,2198.5,1230.0,413.5,702.0,492.5,1150.5,2787.5,3209.0,3375.0,3499.5,3791.5,3338.5,3097.0,2944.5,2946.5,3271.0,3330.0,3315.5,3443.0,3407.0,2928.5,2291.0,499.5,680.0,946.5,1156.0,1287.0,1467.5,1646.0,1761.0,3132.0,2529.0,781.5,938.0,1264.0,1430.5,1544.5,1722.5,1818.5,2007.0,0.0,0.0,0.0,0.0,0.0,0.0,0.0,0.0,0.0,0.0,3256.0,2438.0,696.5,922.0,1274.0,1487.5,1648.0,1804.5,2018.5,2114.0,0.0,0.0,0.0,0.0,0.0,0.0,0.0,0.0,0.0,0.0,2298.5,1493.5,510.0,703.5,907.5,1164.5,1475.5,1614.5,1780.5,1842.0,2203.0,1378.5,479.5,684.5,850.5,1118.0,1405.0,1565.5,1690.5,1772.0,0.0,0.0,0.0,0.0,0.0,0.0,0.0,0.0,0.0,0.0,1646.5,964.5,423.5,561.0,602.5,873.0,1326.0,1452.5,1578.5,1599.5,0.0,0.0,0.0,0.0,0.0,0.0,0.0,0.0,0.0,0.0,939.5,951.5,9594.0,9228.5,9274.0,9362.5,9152.5,8821.5,9320.5,8658.5,0.0,0.0,0.0,0.0,0.0,0.0,0.0,0.0,0.0,0.0,1369.5,908.0,791.0,1016.0,1351.5,1543.5,1711.5,1804.5,2068.5,2005.0,1736.0,1127.0,931.5,1137.5,1426.0,1689.0,1845.5,1959.0,2162.5,2128.5,769.5,487.0,517.0,644.5,844.0,1007.0,1025.0,1134.0,1229.0,1254.0,2092.5,1466.5,1001.5,1148.5,1360.5,1580.5,1616.5,1701.5,1969.0,1866.0,"{""type"":""MultiPoint"",""coordinates"":[]}"
101,176,2559.0,1655.0,496.0,764.0,1062.0,1495.0,1875.0,2072.0,2279.0,2411.0,2973.0,1873.5,604.5,1001.0,875.5,1646.0,3164.0,3508.0,3722.5,3741.0,0.0,0.0,0.0,0.0,0.0,0.0,0.0,0.0,0.0,0.0,2509.0,1426.0,891.0,1272.0,991.0,1857.0,3649.0,4102.0,4102.0,4423.0,2695.0,1670.0,491.0,848.0,765.0,1546.0,2596.0,2961.0,3196.0,3282.0,0.0,0.0,0.0,0.0,0.0,0.0,0.0,0.0,0.0,0.0,0.0,0.0,0.0,0.0,0.0,0.0,0.0,0.0,0.0,0.0,4082.0,3092.0,801.0,1087.0,1367.0,1897.0,2498.0,2873.0,2907.0,3286.0,3768.0,2842.0,648.0,1022.0,1252.0,1839.0,2585.0,2897.0,3007.0,3249.0,4107.0,2778.0,769.0,1110.0,1089.0,1831.0,3278.0,3836.0,3869.0,4221.0,3308.5,1937.0,647.0,1064.0,833.0,1705.5,3599.5,4143.0,4109.0,4410.0,3229.0,2284.5,638.5,914.0,1245.0,1693.0,2173.5,2365.5,2556.0,2664.0,3182.0,1900.0,524.0,979.0,665.0,1619.0,3706.0,4232.0,4232.0,4643.0,3522.0,2538.0,597.0,892.0,931.0,1594.0,2730.0,3206.0,3256.0,3496.0,3241.0,2352.0,639.0,937.5,1071.0,1680.0,2550.0,2994.0,2805.5,3187.0,3397.5,2333.5,629.0,1014.5,997.0,1739.5,3089.5,3473.5,3544.0,3819.0,3081.0,2032.0,465.0,847.0,770.0,1504.0,3023.0,3423.0,3390.0,3722.0,2099.5,1279.5,422.0,651.0,669.0,1139.0,2012.5,2311.5,2367.5,2532.0,2955.5,2021.5,576.5,879.0,968.0,1600.0,2401.0,2723.0,2863.5,3089.5,3189.5,2303.5,738.0,991.0,1144.0,1724.0,2431.5,2718.5,2806.0,3123.5,2974.0,2136.0,605.0,833.0,932.0,1471.5,2217.0,2466.5,2503.5,2812.0,3491.5,2618.5,759.0,1024.5,1282.0,1791.0,2345.0,2622.0,2800.5,2962.5,0.0,0.0,0.0,0.0,0.0,0.0,0.0,0.0,0.0,0.0,2489.0,1790.0,441.5,662.0,971.0,1243.5,1531.0,1710.5,1895.0,1958.5,3082.0,2327.0,585.0,821.0,1185.0,1542.0,1887.0,2089.0,2282.0,2418.0,2205.5,1676.0,473.5,659.5,935.5,1186.0,1394.5,1573.0,1694.0,1760.0,2954.0,2294.0,478.0,784.0,1155.0,1480.0,1827.0,1958.0,2163.0,2263.0,0.0,0.0,0.0,0.0,0.0,0.0,0.0,0.0,0.0,0.0,0.0,0.0,0.0,0.0,0.0,0.0,0.0,0.0,0.0,0.0,0.0,0.0,0.0,0.0,0.0,0.0,0.0,0.0,0.0,0.0,0.0,0.0,0.0,0.0,0.0,0.0,0.0,0.0,0.0,0.0,1327.0,847.0,1352.0,1849.0,2138.0,2328.0,2641.0,2891.0,3112.0,3141.0,3221.0,2207.0,670.5,980.0,1161.5,1698.5,2475.0,2758.0,2924.5,3037.5,0.0,0.0,0.0,0.0,0.0,0.0,0.0,0.0,0.0,0.0,2676.5,1667.5,510.0,868.0,841.5,1502.0,2552.5,2820.5,3112.0,3086.5,3140.5,2131.5,598.5,980.5,957.0,1669.5,2839.5,3137.5,3417.5,3478.0,"{""type"":""MultiPoint"",""coordinates"":[]}"
121,3,1398.0,823.0,648.0,899.0,1155.0,1472.0,1560.0,1608.0,1769.0,1765.0,2378.0,1550.0,797.0,1146.0,1212.0,1798.0,2217.0,2314.0,2427.0,2529.0,1623.5,908.0,624.5,926.0,1098.0,1512.0,1645.0,1807.0,1947.0,1965.0,2201.5,1392.5,836.0,1152.5,1283.0,1687.0,1781.0,1953.0,2071.5,2075.0,4282.0,3627.0,1302.0,1794.0,2130.0,2465.0,2700.0,2877.0,3089.0,3049.0,4325.0,4119.0,2389.0,2548.0,2965.0,3552.0,4100.0,4419.0,3757.0,4426.0,0.0,0.0,0.0,0.0,0.0,0.0,0.0,0.0,0.0,0.0,1351.0,953.0,546.0,816.0,676.0,1400.0,2247.0,2556.0,2569.0,2654.0,2396.0,1164.0,351.0,636.0,239.0,944.0,3313.0,3715.0,3610.0,3778.0,1949.0,956.0,455.5,616.0,294.5,821.5,3089.0,4581.0,4614.0,4548.0,1828.5,837.5,969.0,1019.5,665.5,1144.0,3273.0,4818.0,4647.5,5073.5,2016.0,1497.0,767.0,993.0,1263.0,1493.0,1610.5,1759.0,1864.5,1872.0,1474.0,649.5,469.5,553.5,282.0,710.5,2667.0,4285.0,4512.5,4551.0,2575.5,1715.5,1264.5,1449.5,1293.0,1844.5,3726.0,5153.5,5051.5,5421.0,1845.0,916.0,512.0,796.0,405.0,1163.0,3152.0,4451.0,4302.0,4741.0,1834.0,919.0,393.0,725.0,407.0,1209.0,3439.0,4546.0,4401.0,4836.0,1974.0,1046.0,440.0,850.0,591.0,1556.0,3419.0,4173.0,4201.0,4556.0,1978.0,1074.0,424.0,866.0,790.0,1655.0,2835.0,3254.0,3415.0,3708.0,3277.0,2513.0,794.0,1098.0,1438.0,1782.0,2103.0,2304.0,2364.0,2521.0,2499.0,1785.0,627.0,830.0,996.5,1321.5,1666.0,1835.5,1854.5,2076.0,2951.0,2018.0,551.0,809.0,965.0,1371.0,1851.0,2076.0,2167.0,2330.0,2805.0,1865.0,524.0,738.0,867.0,1263.0,1707.0,1907.0,2054.0,2187.0,3573.0,3076.0,3374.0,3203.0,3185.0,3307.0,3344.0,3387.0,4054.0,3426.0,2113.0,1373.5,478.5,670.0,801.0,1158.0,1572.5,1745.0,1935.5,2007.5,1716.0,1137.0,439.0,631.0,811.0,1198.0,1533.0,1653.0,1845.0,1903.0,1760.0,1125.5,364.5,582.5,828.0,1176.5,1353.5,1532.0,1710.0,1792.5,2015.0,1288.0,524.0,731.0,1090.0,1324.0,1420.0,1552.0,1764.0,1797.0,0.0,0.0,0.0,0.0,0.0,0.0,0.0,0.0,0.0,0.0,1741.0,1210.0,549.0,679.0,917.0,1176.0,1219.0,1317.0,1444.0,1504.0,0.0,0.0,0.0,0.0,0.0,0.0,0.0,0.0,0.0,0.0,919.0,975.0,10078.0,9904.0,9928.0,10435.0,9845.0,9651.0,9866.0,9432.0,831.5,546.5,758.5,1054.0,1269.0,1540.5,1590.5,1633.5,1641.0,1603.0,2270.0,1467.0,680.0,1031.0,1232.0,1588.0,1696.0,1825.0,1935.0,1943.0,1941.0,1244.5,780.5,1117.0,1257.5,1658.5,1904.0,1980.5,2105.0,2149.0,1690.0,1084.0,756.0,1117.0,1296.0,1752.0,1966.0,2114.0,2201.0,2205.0,2573.0,1766.0,1158.0,1611.0,1699.0,2290.0,2602.0,2702.0,2938.0,2840.0,"{""type"":""MultiPoint"",""coordinates"":[]}"
149,5,2402.0,1612.0,828.5,1228.5,1620.5,2018.5,2303.0,2500.5,2647.0,2739.5,3828.0,2709.0,1081.0,1528.0,1753.0,2472.0,2970.0,3271.0,3518.0,3628.0,2504.0,1643.0,826.0,1155.0,1302.5,1914.5,2383.0,2657.5,2762.5,2851.0,3602.0,2625.0,934.5,1271.5,1477.0,2013.5,2571.0,2844.0,3007.0,3081.5,4137.5,3509.0,1347.0,1749.5,2264.0,2593.5,2703.0,2987.0,3143.0,3190.5,5883.0,5611.0,1968.0,2508.0,3175.0,3704.0,3736.0,4022.0,4073.0,4299.0,2205.0,1611.0,782.0,949.0,1143.5,1423.5,1617.0,1852.5,1829.0,2049.0,4738.0,3808.0,1639.0,2261.0,2512.0,3316.0,3819.0,4207.0,4229.0,4333.0,5038.5,4166.5,1583.5,2172.5,2380.5,3212.0,4513.5,5102.0,4995.0,5442.0,3806.5,2503.5,1003.0,1376.0,1246.0,2099.0,4350.5,5155.0,4884.0,5461.5,3438.5,1707.0,1659.5,1705.5,803.5,1370.5,5181.0,6642.5,5694.0,6896.0,3601.0,2736.0,1056.0,1509.0,1893.0,2383.0,2531.0,2808.0,2973.0,2925.0,3138.0,1399.0,359.5,581.5,278.0,925.0,5266.5,7315.5,7152.0,7707.5,2602.5,1104.5,326.5,483.5,247.5,743.0,4369.0,6369.5,6456.0,6787.0,2395.0,1047.0,292.0,418.0,218.0,691.0,4150.0,5942.0,5897.0,6458.0,2877.5,2048.0,1088.0,1319.5,1196.5,1738.0,3861.5,4874.0,4624.0,5105.5,2150.0,1027.0,239.0,525.0,289.0,836.0,3266.0,4163.0,4168.0,4543.0,1980.0,963.0,289.0,587.0,342.0,1054.0,2998.0,3648.0,3756.0,4015.0,2374.5,1492.5,361.5,659.0,654.0,1301.0,1966.0,2223.0,2372.0,2626.5,2733.0,2053.5,549.0,653.0,793.0,1053.0,1278.0,1455.5,1533.0,1709.5,2796.0,2149.0,424.0,540.0,718.0,946.0,1086.0,1232.0,1337.0,1464.0,3844.0,2974.0,823.0,1058.0,1407.0,1746.0,1926.0,2055.0,2235.0,2312.0,3353.0,2424.0,1097.0,1453.0,1879.0,2413.0,2620.0,2645.0,2842.0,2878.0,3187.0,2382.5,724.0,972.0,1172.0,1514.5,1840.0,2025.5,2193.5,2162.0,3171.0,2300.0,748.0,1006.0,1145.0,1541.0,2013.0,2125.0,2328.0,2372.0,2798.0,1877.5,569.5,853.0,951.5,1429.5,2050.0,2146.5,2431.0,2443.0,3007.0,2033.0,587.0,884.0,976.0,1497.0,2385.0,2673.0,2819.0,2871.0,0.0,0.0,0.0,0.0,0.0,0.0,0.0,0.0,0.0,0.0,2570.0,1589.0,494.0,831.0,656.0,1418.0,3100.0,3385.0,3549.0,3481.0,0.0,0.0,0.0,0.0,0.0,0.0,0.0,0.0,0.0,0.0,549.0,581.0,10116.0,9922.0,9906.0,10062.0,9680.0,9535.0,9628.0,8900.0,1303.0,1003.5,4761.5,4712.0,4798.0,5284.5,5100.5,4878.0,5007.5,4822.5,2827.5,1998.0,913.5,1289.0,1580.0,1999.0,2402.5,2587.0,2813.0,2787.0,3710.0,2741.0,1077.0,1494.5,1702.5,2391.5,2991.0,3224.5,3427.0,3423.0,2541.0,1706.0,736.0,1139.0,1251.0,1952.0,2594.0,2818.0,3022.0,3035.0,2882.0,1949.5,808.0,1200.5,1339.5,2085.5,2647.0,2884.0,3060.5,3136.5,"{""type"":""MultiPoint"",""coordinates"":[]}"
171,3,1311.0,739.0,455.5,658.5,728.0,1233.5,1610.5,1777.0,1980.5,2025.5,2259.0,1340.0,640.0,947.0,992.0,1692.0,2282.5,2482.5,2672.5,2762.0,744.0,471.0,1057.5,1386.0,1779.0,2019.5,1868.5,1997.0,2004.5,1885.0,2377.5,1882.0,1630.5,1837.0,2058.5,2424.0,2566.5,2703.5,2734.5,2846.5,3835.0,3273.0,1405.0,1716.0,2154.0,2429.0,2520.0,2697.0,2920.0,2950.0,0.0,0.0,0.0,0.0,0.0,0.0,0.0,0.0,0.0,0.0,0.0,0.0,0.0,0.0,0.0,0.0,0.0,0.0,0.0,0.0,2390.0,1961.0,1127.0,1260.0,1259.0,1566.0,1788.0,1914.0,1830.0,2043.0,3916.0,3149.0,1232.0,1546.0,1735.0,2111.0,2656.0,3017.0,2957.0,3228.0,2546.0,1870.0,770.5,1008.0,1032.0,1391.0,2261.0,2653.5,2669.5,2853.0,1102.0,605.0,541.0,702.0,485.0,922.0,1987.0,2644.0,2452.0,2461.0,2080.0,1344.0,642.0,812.0,884.0,1289.0,1706.0,1839.0,2099.0,2127.0,1436.0,701.0,719.0,826.0,574.0,974.0,2500.0,3506.0,3462.0,3805.0,1141.5,545.5,441.5,520.0,298.5,606.5,2433.5,4081.0,4094.0,4242.5,1298.0,596.0,410.0,519.0,274.0,664.0,2672.0,4663.0,4450.0,4782.0,1215.0,577.0,281.5,438.5,218.0,717.0,2681.5,4200.0,4144.0,4479.0,1261.0,583.0,252.0,576.0,282.0,928.0,2921.0,4221.0,4394.0,4563.0,1821.0,965.0,724.0,1118.0,873.5,1505.0,3306.5,4249.5,4276.0,4591.5,1344.0,667.5,344.0,632.0,470.5,1082.0,2616.5,3151.5,3325.0,3452.0,1404.5,822.5,778.5,808.5,663.5,1114.5,1819.5,2063.5,2244.0,2191.0,1939.0,1144.0,419.0,766.0,803.0,1339.0,2210.0,2502.0,2603.0,2761.0,3572.0,2462.0,895.0,1272.0,1599.0,2267.0,2636.0,2889.0,3167.0,3239.0,1487.5,967.0,505.5,647.5,742.0,1146.0,1557.5,1723.5,1813.5,1927.0,3758.0,2629.0,1133.5,1485.5,2137.5,2426.5,2536.5,2763.0,3109.5,3077.0,2723.0,1863.0,1180.0,1474.0,2071.0,2352.0,2501.0,2748.0,3035.0,3046.0,2644.5,1735.0,855.5,1189.0,1726.5,1960.5,2037.0,2205.0,2529.5,2501.0,2647.0,1720.0,850.0,1165.0,1627.0,1826.0,1945.0,2128.0,2330.0,2417.0,0.0,0.0,0.0,0.0,0.0,0.0,0.0,0.0,0.0,0.0,1349.0,1000.0,1032.5,1129.0,1352.0,1475.0,1501.0,1550.0,1744.5,1622.5,0.0,0.0,0.0,0.0,0.0,0.0,0.0,0.0,0.0,0.0,963.0,1043.0,10182.0,9844.0,9810.0,9936.0,9603.0,9288.0,9676.0,8945.0,905.0,545.5,2445.5,2554.5,2627.5,3035.5,3112.5,3158.0,3376.5,3225.0,1096.0,603.0,722.0,909.0,979.0,1336.0,1620.0,1793.0,2005.0,2031.0,575.0,345.0,720.0,923.0,919.0,1427.0,1694.0,1841.0,1938.0,1846.0,1786.0,954.0,543.0,844.0,856.0,1490.0,2145.0,2309.0,2583.0,2576.0,2357.0,1414.5,638.0,950.5,987.5,1689.5,2288.5,2526.0,2666.5,2735.5,"{""type"":""MultiPoint"",""coordinates"":[]}"
190,3,2493.5,2389.0,2097.0,2204.0,2476.0,2716.0,2724.0,2816.0,2999.0,2864.5,3531.5,2497.5,1279.0,1578.0,1868.5,2242.0,2378.0,2535.5,2694.5,2796.0,1205.5,750.0,599.0,812.5,1007.5,1324.5,1390.0,1521.5,1645.5,1680.0,780.0,464.0,717.0,910.0,1050.0,1405.0,1453.0,1572.0,1668.0,1672.0,3597.0,3020.0,962.0,1327.0,1650.0,2085.0,2272.0,2418.0,2489.0,2676.0,5954.0,5709.0,1845.0,2366.0,2988.0,3390.0,3491.0,3778.0,3838.0,4089.0,0.0,0.0,0.0,0.0,0.0,0.0,0.0,0.0,0.0,0.0,4089.0,3159.0,1414.0,1896.0,2004.0,2363.0,2887.0,3144.0,3106.0,3367.0,1806.0,1083.0,473.0,742.0,512.0,1097.0,2585.0,3098.0,2848.0,3014.0,2115.0,1071.0,354.5,669.0,296.0,950.5,3235.5,4624.5,4408.5,4565.0,2030.0,931.0,425.0,677.0,336.0,901.0,3421.0,4965.0,4802.0,4965.0,2055.0,1754.0,1086.5,1299.5,1636.0,1884.0,1975.0,2092.0,2296.0,2322.0,1705.0,742.0,328.0,490.0,225.0,687.0,3022.0,4659.0,4519.0,4831.0,1677.0,764.0,430.0,579.0,301.0,743.0,2990.0,4724.0,4810.0,4900.0,868.5,392.0,222.0,363.0,157.5,493.0,1850.0,2766.5,2736.5,2909.5,1511.0,704.0,397.0,687.0,357.0,1072.0,3313.0,4711.0,4513.0,4925.0,1669.5,829.0,354.5,730.0,420.0,1234.0,3565.5,4686.5,4790.0,5049.0,2011.0,1237.0,1135.5,1376.0,1112.5,1866.0,3330.0,3822.0,4087.5,4142.0,2056.5,1091.0,525.0,1012.5,816.5,1900.0,3139.5,3578.0,3886.5,4024.5,2563.5,2046.0,1625.5,1839.0,1901.0,2422.5,2670.0,2833.5,2771.5,2961.0,2741.0,1937.0,843.0,1232.0,1577.0,1947.0,2197.0,2447.0,2616.0,2615.0,3135.0,2291.0,874.0,1240.0,1622.0,2020.0,2283.0,2400.0,2603.0,2702.0,1965.0,1441.0,913.0,1176.0,1533.0,1780.5,1849.5,1986.0,2199.5,2130.0,2958.0,2110.5,893.5,1219.5,1655.5,1981.5,2181.0,2357.0,2630.5,2606.5,1636.0,936.0,1015.0,1202.0,1664.0,1963.0,2117.0,2272.0,2594.0,2542.0,1062.5,629.5,485.5,766.5,1161.0,1440.5,1518.0,1705.0,1912.0,1935.0,1548.0,985.0,579.0,861.0,1265.0,1519.0,1626.0,1769.0,2003.0,2034.0,1593.0,1275.0,1059.0,1281.0,1666.0,1962.0,2012.0,2198.0,2207.0,2368.0,742.5,456.0,729.5,829.5,1029.0,1276.5,1290.0,1398.5,1515.5,1519.0,0.0,0.0,0.0,0.0,0.0,0.0,0.0,0.0,0.0,0.0,1096.0,1196.0,10102.0,9928.0,10058.0,10266.0,9981.0,9629.0,9968.0,9320.0,781.0,458.0,668.0,911.5,1227.5,1451.0,1523.0,1637.0,1777.5,1773.0,960.0,502.0,508.0,777.0,1003.0,1305.0,1348.0,1491.0,1646.0,1642.0,905.0,501.0,586.0,799.0,993.0,1317.0,1426.0,1507.0,1685.0,1637.0,1059.0,640.0,622.0,805.0,1001.0,1343.0,1435.0,1492.0,1642.0,1690.0,4092.0,3259.0,1330.0,1663.0,2025.0,2417.0,2546.0,2690.0,2852.0,2915.0,"{""type"":""MultiPoint"",""coordinates"":[]}"
191,5,153.0,96.5,596.0,745.0,891.0,1020.0,876.5,915.0,987.5,847.0,4479.0,4058.0,1233.5,1571.0,1960.0,2235.0,2392.5,2558.5,2764.0,2852.5,2277.0,1492.5,663.0,792.5,1012.0,1199.0,1343.0,1498.0,1639.0,1680.0,4194.5,3314.5,2682.0,2768.0,2964.0,3270.5,3363.0,3491.5,3672.0,3776.5,4905.0,4527.5,1378.0,1699.0,2108.5,2454.5,2565.0,2770.0,2921.5,3025.0,4936.0,4293.0,1912.0,1925.5,2141.0,2497.5,2851.0,3084.5,3454.0,3365.5,0.0,0.0,0.0,0.0,0.0,0.0,0.0,0.0,0.0,0.0,3871.5,2801.0,790.5,1177.0,1120.0,1804.0,3002.5,3362.0,3330.5,3638.5,1891.0,1521.0,1107.5,1104.0,859.0,1225.0,2172.5,2634.5,2205.5,2928.5,2338.5,1382.5,376.0,625.0,493.5,994.5,2885.0,3560.5,3627.0,3851.5,0.0,0.0,0.0,0.0,0.0,0.0,0.0,0.0,0.0,0.0,430.0,297.5,475.5,616.0,778.5,1017.5,1080.0,1181.5,1294.0,1338.5,2448.5,1140.0,631.0,885.5,526.5,1193.5,4257.0,5318.5,5464.0,5798.0,2101.0,1059.0,463.0,621.0,416.5,913.5,3174.5,4186.5,4210.0,4541.5,0.0,0.0,0.0,0.0,0.0,0.0,0.0,0.0,0.0,0.0,1288.0,607.5,216.5,346.0,209.0,537.0,1891.0,2453.0,2335.5,2580.0,2518.0,1548.5,398.0,682.5,686.0,1228.0,2110.5,2476.0,2700.5,2886.5,0.0,0.0,0.0,0.0,0.0,0.0,0.0,0.0,0.0,0.0,3663.5,2756.0,623.0,826.0,1222.0,1447.0,1585.0,1755.0,1970.0,2117.0,4014.0,3236.0,811.5,1037.0,1372.5,1630.5,1783.5,1937.5,2031.0,2246.0,4021.5,3179.5,820.0,1044.5,1352.5,1633.5,1886.0,2078.5,2251.5,2326.0,3500.0,2809.5,835.0,1033.0,1313.5,1583.5,1871.0,2056.5,2127.5,2274.5,0.0,0.0,0.0,0.0,0.0,0.0,0.0,0.0,0.0,0.0,2925.0,2532.5,779.0,973.0,1296.0,1477.5,1557.0,1676.5,1809.5,1870.0,3409.0,2794.0,1037.5,1243.5,1566.0,1818.0,1910.0,2023.5,2003.5,2228.5,1667.5,1203.5,340.0,470.0,677.5,788.0,843.5,946.0,1072.5,1075.0,2251.0,1846.5,540.0,694.0,952.0,1100.5,1167.0,1257.5,1337.0,1398.0,0.0,0.0,0.0,0.0,0.0,0.0,0.0,0.0,0.0,0.0,1979.0,1519.0,469.0,562.0,769.5,891.0,962.0,1061.5,1188.0,1230.5,0.0,0.0,0.0,0.0,0.0,0.0,0.0,0.0,0.0,0.0,236.0,304.0,12781.0,11980.0,11344.0,11369.5,10775.0,10196.0,10585.0,9580.0,0.0,0.0,0.0,0.0,0.0,0.0,0.0,0.0,0.0,0.0,356.0,205.0,429.0,593.5,763.5,977.5,1004.5,1104.0,1219.5,1222.5,3082.0,2385.0,781.5,1058.5,1286.5,1535.0,1665.5,1826.0,2068.5,2035.5,2208.0,1465.0,575.0,769.5,978.5,1236.5,1399.5,1505.5,1717.0,1715.0,2028.5,1262.5,713.0,904.0,1134.5,1388.0,1478.0,1610.0,1768.0,1794.0,"{""type"":""MultiPoint"",""coordinates"":[]}"
234,3,1245.0,859.0,513.5,663.0,909.5,1087.0,1131.5,1226.5,1369.5,1366.5,2760.0,1922.5,1176.0,1499.0,1850.5,2185.0,2320.0,2459.5,2680.5,2679.0,1285.0,795.5,794.0,1093.5,1373.5,1725.0,1790.0,1932.5,2119.5,2092.0,3239.0,3253.0,2653.0,2791.0,2528.0,2972.0,3322.0,3755.0,3331.0,3889.0,3182.0,2314.0,1169.0,1545.0,1808.0,2192.0,2483.0,2664.0,2983.0,2855.0,5682.0,5443.0,2232.0,2639.0,3237.0,3678.0,3852.0,4215.0,4293.0,4467.0,0.0,0.0,0.0,0.0,0.0,0.0,0.0,0.0,0.0,0.0,2033.0,1385.5,844.5,1118.5,1225.0,1576.5,1871.5,2105.0,2231.0,2250.0,2844.0,1724.0,736.0,1066.0,1118.0,1707.0,2626.0,2888.0,3099.0,3155.0,1902.0,1163.0,1255.0,1473.5,1435.5,2004.0,2562.5,2823.0,2599.0,2737.0,3125.5,2002.5,2941.5,2828.0,2351.0,2801.5,4424.5,5300.0,5258.5,5396.0,2156.0,1764.0,1157.0,1259.0,1456.0,1655.0,1711.0,1864.0,2085.0,2059.0,1523.0,818.0,619.0,781.0,537.0,1114.0,2437.0,3036.0,2990.0,3167.0,1282.0,746.5,626.5,754.0,597.5,1089.5,2121.5,2500.5,2512.0,2713.5,1385.0,714.0,441.0,539.0,420.0,946.0,2176.0,2734.0,2675.0,2870.0,1904.0,992.0,470.0,718.0,523.0,1173.0,2729.0,3480.0,3426.0,3813.0,2086.0,1140.0,473.0,738.0,560.0,1218.0,2783.0,3438.0,3574.0,3774.0,2053.5,1109.5,482.5,776.5,605.5,1249.5,2692.0,3242.5,3284.0,3514.5,1972.5,1140.0,440.0,771.0,549.5,1199.5,2544.0,2899.5,3246.5,3257.0,1982.0,1122.5,525.0,862.5,647.0,1398.0,2464.5,2820.5,2846.5,2966.0,2248.0,1262.0,458.0,912.0,732.0,1586.0,2743.0,3066.0,3115.0,3395.0,2183.0,1237.0,459.0,919.0,802.0,1654.0,2420.0,2801.0,3019.0,3105.0,1281.0,899.0,639.5,784.0,980.0,1129.0,1174.0,1252.5,1459.5,1382.5,1841.0,1257.0,694.0,975.0,1324.0,1581.0,1663.0,1882.0,2057.0,2018.0,1370.0,883.0,837.0,1151.0,1499.0,1814.0,1806.0,1957.0,2143.0,2090.0,1468.0,985.5,559.5,834.0,1188.5,1386.5,1488.0,1653.5,1818.5,1796.5,1734.0,1222.0,855.0,1042.0,1409.0,1678.0,1709.0,1907.0,1976.0,2035.0,0.0,0.0,0.0,0.0,0.0,0.0,0.0,0.0,0.0,0.0,885.5,539.0,754.0,930.0,1168.5,1370.0,1411.0,1498.5,1711.5,1587.0,0.0,0.0,0.0,0.0,0.0,0.0,0.0,0.0,0.0,0.0,946.0,1010.0,9664.0,9404.0,9404.0,9668.0,9334.0,9030.0,9314.0,8804.0,1154.0,827.5,1643.0,1837.0,2080.0,2366.5,2361.0,2394.0,2494.5,2429.0,1206.0,852.0,1011.0,1261.0,1594.0,1856.0,1869.0,1987.0,2091.0,2058.0,1513.0,1022.5,862.5,1115.5,1377.0,1643.0,1732.0,1859.5,2062.5,1981.0,1249.0,824.0,823.0,1106.0,1363.0,1650.0,1713.0,1839.0,1995.0,1986.0,2248.0,1543.0,1171.0,1478.0,1750.0,2155.0,2130.0,2288.0,2449.0,2369.0,"{""type"":""MultiPoint"",""coordinates"":[]}"
246,3,1827.0,1018.5,536.0,971.5,1108.0,1729.5,2414.0,2649.5,2864.0,2803.5,4104.5,3370.5,1375.0,1851.5,2229.0,2683.0,2891.0,3051.0,3159.0,3252.5,2156.0,1276.0,777.0,1096.0,1374.0,1715.0,1955.0,2130.0,2269.0,2320.0,2329.0,1353.0,1175.0,1521.0,1443.0,2121.0,2517.0,2729.0,2653.0,2921.0,2761.0,1766.0,677.0,1053.0,1223.0,1669.0,1996.0,2143.0,2347.0,2344.0,5877.0,5157.0,1762.0,2311.0,2752.0,3401.0,3713.0,3980.0,4002.0,4294.0,2566.0,1428.0,705.0,1097.0,1132.0,1724.0,2155.0,2415.0,2437.0,2583.0,5179.0,4187.0,1505.0,1966.0,2148.0,2946.0,3484.0,3884.0,3920.0,4198.0,1616.0,1437.0,1287.0,1396.0,1052.0,1601.0,2254.0,2583.0,2880.0,2314.0,1974.5,970.0,319.0,606.0,266.0,898.5,3108.5,4038.0,3896.5,4069.0,1887.5,889.0,479.0,652.5,341.0,885.5,3097.0,4566.0,4183.0,4664.5,2321.0,1476.0,519.0,862.0,1014.0,1554.0,2175.0,2370.0,2636.0,2569.0,2375.0,1505.0,1009.5,1204.5,1055.5,1556.5,3257.5,4219.5,4057.0,4253.5,1561.5,708.0,401.5,531.0,270.5,698.5,2909.5,4788.5,4661.0,4942.0,1668.0,779.0,415.0,701.0,366.0,1055.0,3200.0,4771.0,4650.0,4960.0,1983.0,991.5,502.0,887.0,487.5,1421.5,3798.5,5037.0,4585.0,5263.5,1894.0,973.0,449.0,883.0,531.0,1462.0,3546.0,4433.0,4405.0,4762.0,1876.0,982.0,484.0,960.0,787.0,1835.0,3139.0,3636.0,3733.0,3943.0,3432.0,2392.0,803.5,1114.0,1547.0,1942.5,2198.5,2410.0,2543.5,2642.0,2978.0,2004.0,717.0,1004.0,1246.0,1631.0,1855.0,1967.0,2092.0,2244.0,3063.0,2037.0,647.0,899.0,1157.0,1486.0,1835.0,2031.0,2209.0,2236.0,2975.0,1899.0,621.0,880.0,1129.0,1476.0,1820.0,2032.0,2145.0,2269.0,2241.0,1381.0,520.0,834.0,994.0,1469.0,2025.0,2225.0,2401.0,2437.0,2394.0,1588.0,647.0,872.0,1065.0,1421.0,1823.0,2027.0,1995.0,2301.0,684.0,480.0,540.0,495.0,509.0,613.0,689.0,790.0,875.0,839.0,2177.5,1368.5,524.5,767.5,1082.5,1386.0,1618.0,1778.0,2004.5,2063.5,2477.5,1583.0,586.5,874.0,1183.5,1496.0,1691.0,1817.0,2023.5,2082.5,0.0,0.0,0.0,0.0,0.0,0.0,0.0,0.0,0.0,0.0,2168.0,1452.0,576.0,779.0,1062.0,1281.0,1509.0,1670.0,1835.0,1823.0,0.0,0.0,0.0,0.0,0.0,0.0,0.0,0.0,0.0,0.0,820.0,873.0,10322.0,10180.0,10168.0,10278.0,9935.0,9555.0,9902.0,9127.0,1680.5,1658.0,4497.5,4366.5,4434.5,4780.5,4719.5,4708.0,4606.0,4616.0,2369.5,1391.5,644.5,1090.5,1239.0,1871.5,2584.0,2838.0,3054.5,3010.0,2779.0,1790.0,826.0,1253.0,1562.0,2004.0,2277.0,2490.0,2772.0,2699.0,2296.0,1354.0,735.0,1175.0,1530.0,1981.0,2199.0,2355.0,2558.0,2576.0,2752.0,1643.0,976.0,1392.0,1688.0,2216.0,2466.0,2653.0,2810.0,2826.0,"{""type"":""MultiPoint"",""coordinates"":[]}"
276,1,1724.0,1175.0,613.0,819.0,1069.0,1278.0,1422.0,1558.0,1762.0,1704.0,4933.0,4528.0,1629.0,2098.0,2599.0,2946.0,3136.0,3296.0,3489.0,3562.0,2908.0,2133.0,852.0,1081.0,1310.0,1613.0,1888.0,2033.0,2211.0,2265.0,3259.0,2431.5,735.0,1058.0,1085.0,1550.5,2644.5,3044.0,3186.0,3260.0,2008.0,1138.0,315.0,558.0,444.0,843.0,2213.0,2678.0,2884.0,2845.0,2324.0,1446.0,479.0,669.0,471.0,906.0,3398.0,5080.0,5104.0,5250.0,0.0,0.0,0.0,0.0,0.0,0.0,0.0,0.0,0.0,0.0,1856.5,754.0,312.0,474.5,261.0,592.0,3212.0,5146.5,5075.5,5359.5,1745.5,684.0,249.0,402.5,208.5,522.5,3040.5,4877.5,4952.0,5116.5,1948.0,793.0,262.0,507.0,280.0,638.0,3215.0,5027.0,4950.0,5170.0,1966.0,845.0,419.0,625.0,381.0,783.0,3236.0,4834.0,4822.0,5070.0,1977.0,1436.5,630.0,820.0,1061.5,1275.5,1422.5,1521.0,1676.5,1716.5,2050.0,904.0,396.0,749.0,459.0,1056.0,3274.0,4319.0,4269.0,4646.0,2449.5,1452.0,661.0,853.0,867.0,1284.5,1947.5,2249.5,2344.0,2632.5,1155.0,739.0,667.0,586.0,551.0,671.0,795.0,891.0,871.0,969.0,4468.0,3029.5,1286.0,1573.0,2243.5,2678.5,2814.0,3078.5,3253.0,3460.0,3479.0,2434.0,997.0,1211.5,1776.0,2154.0,2352.5,2586.5,2726.5,2977.5,5109.0,3748.0,1066.0,1394.0,1997.0,2454.0,2689.0,2958.0,3178.0,3426.0,4289.0,3401.0,994.5,1253.5,1779.5,2100.5,2247.0,2456.0,2632.0,2842.0,3581.5,2584.0,1034.0,1185.5,1518.5,1785.5,1856.5,2041.0,2219.5,2293.5,3722.0,3234.0,930.0,1201.0,1654.0,1863.0,2000.0,2182.0,2391.0,2457.0,3417.0,2858.0,909.0,1136.0,1521.0,1748.0,1859.0,1986.0,2089.0,2244.0,1858.5,1368.5,1645.5,1653.5,1690.5,1815.5,1842.5,1824.5,2022.5,1929.0,3013.0,2380.5,863.5,1092.0,1470.5,1688.5,1801.5,1936.5,2165.0,2223.5,3892.0,3519.0,1159.0,1436.0,1871.0,2123.0,2234.0,2377.0,2604.0,2637.0,1807.0,1215.0,583.0,808.0,1112.0,1325.0,1446.0,1607.0,1792.0,1819.0,2432.0,1777.0,869.0,1079.0,1261.0,1483.0,1651.0,1827.0,1841.0,1975.0,2154.0,1476.0,2558.0,2200.0,2085.0,2173.0,2128.0,2081.0,2704.0,2043.0,2530.5,1891.5,807.0,1023.0,1197.5,1536.0,1897.5,2059.5,2187.0,2224.0,0.0,0.0,0.0,0.0,0.0,0.0,0.0,0.0,0.0,0.0,59.0,63.0,10044.0,9916.0,9840.0,9945.0,9484.0,8735.0,8902.0,8067.0,927.0,632.0,1779.0,1959.0,2201.0,2239.0,2099.0,2092.0,2269.0,2017.0,2625.0,1975.0,810.5,1043.0,1331.0,1527.0,1630.0,1749.0,1931.5,1927.5,4780.0,4496.0,1602.0,2002.0,2542.0,2795.0,2886.0,3064.0,3416.0,3343.0,3292.0,2798.0,899.0,1172.0,1515.0,1712.0,1822.0,1943.0,2086.0,2173.0,3312.0,2776.0,1593.0,2049.0,2282.0,2630.0,2759.0,2888.0,2911.0,2959.0,"{""type"":""MultiPoint"",""coordinates"":[]}"
277,2,2355.0,1697.0,746.0,996.0,1330.0,1572.0,1808.0,1914.0,2154.0,2099.0,5472.0,5079.0,1798.0,2321.0,2957.0,3394.0,3514.0,3714.0,3989.0,4007.0,2945.5,2176.5,925.0,1194.0,1562.0,1834.5,1989.5,2159.0,2337.0,2413.5,3342.0,2610.0,1099.0,1404.0,1806.0,2156.0,2240.0,2453.0,2667.0,2719.0,0.0,0.0,0.0,0.0,0.0,0.0,0.0,0.0,0.0,0.0,5981.5,5543.5,1994.0,2490.5,3211.0,3631.5,3796.0,4024.0,4345.5,4288.5,0.0,0.0,0.0,0.0,0.0,0.0,0.0,0.0,0.0,0.0,4659.0,4015.0,1222.0,1735.0,1927.0,2697.0,3229.0,3387.0,3701.0,3618.0,0.0,0.0,0.0,0.0,0.0,0.0,0.0,0.0,0.0,0.0,3661.0,2683.0,815.0,1258.0,1264.0,2031.0,3501.0,3870.0,4216.0,4188.0,3065.0,1813.0,605.0,997.0,743.0,1660.0,3714.0,4572.0,4558.0,4669.0,2654.0,2057.0,840.0,1140.0,1484.0,1714.0,1940.0,2096.0,2325.0,2244.0,3075.5,1689.0,706.5,1015.5,709.0,1708.5,4829.5,6080.0,6225.5,6193.5,3248.0,1962.0,606.0,880.0,628.0,1475.0,4566.0,5817.0,5860.0,6037.0,2215.0,1507.0,919.0,867.0,671.0,1488.0,3236.0,4102.0,3798.0,4176.0,3546.0,2635.0,1944.5,2065.0,1928.0,2755.0,4861.0,5526.0,5452.5,5809.0,2422.0,1183.0,368.5,643.0,433.5,1467.5,4089.0,4857.0,5029.0,5049.0,0.0,0.0,0.0,0.0,0.0,0.0,0.0,0.0,0.0,0.0,2689.5,1590.5,509.5,685.0,716.5,1549.0,2785.0,3165.0,3410.5,3584.0,3508.0,2554.0,1022.0,1153.0,1396.0,1794.0,2016.0,2231.0,2337.0,2668.0,4193.0,3263.0,751.0,1028.0,1451.0,1918.5,2131.0,2450.5,2648.5,2865.5,4417.0,3682.0,870.0,1130.0,1623.0,2007.0,2239.0,2501.0,2669.0,2909.0,0.0,0.0,0.0,0.0,0.0,0.0,0.0,0.0,0.0,0.0,3010.0,2436.0,681.0,923.0,1294.0,1557.0,1680.0,1871.0,2073.0,2138.0,0.0,0.0,0.0,0.0,0.0,0.0,0.0,0.0,0.0,0.0,2035.0,1458.0,522.0,783.0,1161.0,1336.0,1451.0,1562.0,1716.0,1763.0,3453.5,2823.5,2308.0,2414.5,2581.5,2824.5,2810.5,2907.0,3047.5,3078.0,0.0,0.0,0.0,0.0,0.0,0.0,0.0,0.0,0.0,0.0,2129.0,1519.0,630.0,890.0,1230.0,1436.0,1533.0,1692.0,1879.0,1858.0,0.0,0.0,0.0,0.0,0.0,0.0,0.0,0.0,0.0,0.0,935.0,1007.0,10678.0,10318.0,10299.0,10340.0,10052.0,9748.0,10126.0,9384.0,0.0,0.0,0.0,0.0,0.0,0.0,0.0,0.0,0.0,0.0,2641.0,1987.0,823.0,1102.0,1429.0,1708.0,2039.0,2213.0,2423.0,2360.0,3005.0,2242.0,971.0,1317.0,1617.0,1959.0,2230.0,2432.0,2707.0,2631.0,2663.0,1947.0,798.0,1149.0,1486.0,1832.0,2049.0,2240.0,2451.0,2409.0,0.0,0.0,0.0,0.0,0.0,0.0,0.0,0.0,0.0,0.0,"{""type"":""MultiPoint"",""coordinates"":[]}"
281,1,2289.0,1693.0,559.0,828.0,1269.0,1510.0,1656.0,1832.0,1964.0,1962.0,4483.0,3707.0,2958.0,3143.0,3273.0,3786.0,4148.0,4280.0,4374.0,4411.0,0.0,0.0,0.0,0.0,0.0,0.0,0.0,0.0,0.0,0.0,3281.5,2570.5,1483.5,1764.0,1775.0,2335.5,3024.5,3261.5,3206.0,3368.0,2580.0,1701.0,501.0,875.0,798.0,1439.0,2449.0,2749.0,2920.0,2898.0,1007.0,527.0,183.0,304.0,159.0,376.0,1652.0,2188.0,1897.0,2281.0,0.0,0.0,0.0,0.0,0.0,0.0,0.0,0.0,0.0,0.0,3021.0,2089.0,1925.0,2067.0,1891.0,2289.0,3861.0,5060.0,4926.0,5292.0,3183.5,2323.5,2572.5,2663.5,2425.5,2645.0,3816.5,4627.0,4980.0,4681.0,1141.0,617.0,507.0,527.0,387.0,598.0,1847.0,2858.0,2640.0,3052.0,1909.0,845.0,586.0,716.0,491.0,821.0,3145.0,4682.0,4644.0,5039.0,2982.5,2509.5,735.5,1118.0,1634.5,1872.0,2080.0,2209.5,2443.0,2401.5,1974.0,894.0,332.5,590.5,390.5,865.0,2859.0,3914.5,3849.0,4269.0,0.0,0.0,0.0,0.0,0.0,0.0,0.0,0.0,0.0,0.0,5653.0,3731.0,1210.0,1764.0,2791.0,3466.0,3719.0,4147.0,4368.0,5009.0,3726.5,2868.5,893.5,1128.0,1500.0,1788.0,1921.0,2085.0,2213.5,2299.0,3961.0,3051.0,661.0,984.0,1329.0,1693.0,2018.0,2209.0,2224.0,2462.0,3742.0,2738.0,578.0,904.0,1142.0,1565.0,2131.0,2351.0,2415.0,2609.0,3092.5,2019.0,469.5,814.0,782.5,1318.0,2308.5,2578.5,2592.0,2816.0,0.0,0.0,0.0,0.0,0.0,0.0,0.0,0.0,0.0,0.0,3292.0,2802.0,671.0,1049.0,1401.0,1823.0,2228.0,2453.0,2485.0,2630.0,3362.5,2716.0,752.0,1112.5,1584.0,1969.5,2213.0,2429.0,2558.0,2680.0,2681.0,2093.0,840.0,1103.0,1497.0,1788.0,1958.0,2123.0,2351.0,2291.0,2769.5,2096.5,624.5,922.0,1314.0,1626.5,1885.0,2028.0,2210.5,2240.5,3117.0,2479.0,803.0,1091.0,1594.0,1887.0,1987.0,2148.0,2307.0,2391.0,3147.0,2526.5,755.5,1062.0,1575.5,1829.5,1980.5,2127.0,2338.0,2365.0,3032.0,2392.0,660.0,995.0,1432.0,1726.0,1825.0,2006.0,2187.0,2260.0,0.0,0.0,0.0,0.0,0.0,0.0,0.0,0.0,0.0,0.0,4303.0,3876.0,3582.0,3730.0,3876.0,4087.0,4055.0,4056.0,4077.0,4007.0,0.0,0.0,0.0,0.0,0.0,0.0,0.0,0.0,0.0,0.0,0.0,0.0,0.0,0.0,0.0,0.0,0.0,0.0,0.0,0.0,220.0,187.0,8719.0,8624.0,8682.0,8804.0,8399.0,7934.0,8106.0,7371.0,3517.5,3108.0,2134.0,2306.0,2568.0,2913.0,3019.5,3137.5,3210.0,3337.0,0.0,0.0,0.0,0.0,0.0,0.0,0.0,0.0,0.0,0.0,2724.0,2057.5,696.0,1049.5,1416.5,1782.0,1969.5,2095.0,2277.0,2272.0,3279.0,2642.5,847.0,1267.0,1640.5,2105.0,2341.5,2472.5,2649.0,2686.0,"{""type"":""MultiPoint"",""coordinates"":[]}"
282,5,1383.0,823.0,578.0,695.0,999.0,1270.0,1375.0,1512.0,1753.0,1768.0,4389.5,3689.0,1180.5,1606.0,2008.5,2453.5,2636.5,2832.0,3009.0,3132.5,2046.0,1348.0,716.0,871.0,1196.0,1397.0,1502.0,1685.0,1861.0,1917.0,4521.0,4041.5,1315.5,1691.5,2125.0,2532.0,2704.0,2919.5,3140.0,3212.0,4075.0,3635.0,1121.0,1444.5,1882.5,2229.0,2330.5,2533.5,2733.0,2821.0,3369.0,2557.0,818.0,1062.0,1357.0,1688.0,2041.0,2241.0,2476.0,2526.0,0.0,0.0,0.0,0.0,0.0,0.0,0.0,0.0,0.0,0.0,4424.0,3466.0,1000.5,1441.0,1448.0,2246.0,3333.0,3676.5,3794.0,4004.0,4812.0,3865.0,4695.0,4528.0,4190.0,4594.0,5246.0,5836.0,5668.0,5880.0,3276.5,2000.5,658.5,893.5,720.5,1373.5,3963.5,4945.5,4980.0,5223.5,2510.0,1407.0,586.0,725.0,535.5,1067.0,3722.5,4955.5,4998.5,5119.5,2868.0,2280.0,736.0,965.0,1298.0,1515.0,1624.0,1750.0,1978.0,2012.0,2573.0,1061.0,258.0,431.0,200.0,685.0,4128.0,5795.0,5644.0,6139.0,1857.0,807.0,478.0,557.0,321.0,705.0,3233.5,4619.0,4666.0,4920.5,2092.0,943.0,285.0,445.0,259.0,709.0,3363.0,4810.0,4811.0,5245.0,2201.5,968.0,391.0,528.0,325.5,766.5,3541.0,4867.0,4848.5,5304.0,2092.0,988.0,276.0,582.0,306.0,987.0,3406.5,4318.0,4332.0,4686.0,2113.5,1042.5,373.0,816.5,521.5,1477.0,3290.0,3822.0,3863.5,4237.0,2742.0,1740.5,458.5,731.0,852.5,1433.5,1913.0,2160.0,2368.0,2543.0,3515.5,2631.5,747.0,958.0,1349.5,1592.5,1703.0,1895.0,1962.0,2182.5,4004.0,3160.0,831.0,1065.0,1478.0,1774.0,1856.0,2053.0,2272.0,2301.0,3157.0,2841.0,734.0,934.0,1294.0,1516.0,1589.0,1707.0,1823.0,1938.0,2516.5,1990.0,1814.0,1841.5,1930.0,2144.0,2215.5,2271.5,2399.0,2388.0,3306.0,2655.5,867.5,1071.5,1436.5,1666.0,1784.5,1936.5,2113.5,2213.0,3410.0,2932.0,834.0,1106.0,1423.0,1714.0,1862.0,2007.0,2190.0,2245.0,2868.0,2223.0,676.0,918.0,1242.0,1462.0,1604.0,1713.0,1996.0,1979.0,2998.0,2325.0,692.0,977.0,1238.0,1577.0,1689.0,1815.0,2012.0,2106.0,1490.0,1005.0,2049.0,1836.0,1695.0,1694.0,1777.0,1879.0,1814.0,1962.0,2650.0,1980.0,707.0,921.0,1177.0,1456.0,1608.0,1736.0,1971.0,1982.0,0.0,0.0,0.0,0.0,0.0,0.0,0.0,0.0,0.0,0.0,141.0,174.0,10016.0,10048.0,10066.0,10310.0,9876.0,9369.0,9620.0,8896.0,197.0,161.0,7083.0,7069.0,7242.0,7387.0,7044.0,6782.0,6898.0,6383.0,2058.0,1530.0,736.0,962.0,1226.0,1419.0,1530.0,1649.0,1895.0,1924.0,3463.0,2685.0,899.0,1226.0,1516.0,1865.0,2046.0,2211.0,2500.0,2492.0,2537.5,1861.0,823.0,1119.0,1417.5,1765.0,1935.0,2095.5,2335.0,2377.5,3458.0,2686.0,913.0,1251.0,1589.0,1926.0,2094.0,2257.0,2451.0,2549.0,"{""type"":""MultiPoint"",""coordinates"":[]}"
297,5,2372.5,1735.5,718.5,981.0,1392.0,1556.5,1759.5,1846.5,2218.0,2087.5,4613.0,4049.5,1515.5,1986.5,2507.0,2812.5,3027.5,3236.5,3624.5,3645.5,2795.0,1931.5,882.5,1167.0,1473.5,1747.5,2058.5,2285.5,2405.5,2588.0,2958.5,2059.5,988.0,1259.5,1561.0,1836.5,2145.0,2372.0,2622.0,2649.0,0.0,0.0,0.0,0.0,0.0,0.0,0.0,0.0,0.0,0.0,4968.0,4208.0,1605.0,2076.0,2500.5,2846.5,3590.0,3863.0,4182.5,4127.0,0.0,0.0,0.0,0.0,0.0,0.0,0.0,0.0,0.0,0.0,3688.5,2645.5,805.5,1259.5,1130.0,1894.0,3670.0,4090.5,4337.5,4355.5,3177.0,2354.0,2129.0,2096.0,1762.5,2102.0,2963.0,3463.0,4044.5,3633.5,2891.0,1504.0,367.5,665.5,400.0,1121.0,4198.0,5460.0,5512.0,5689.0,2868.5,1375.5,403.5,661.0,360.0,1050.0,4519.0,6310.5,6326.5,6491.0,2879.5,2244.5,845.0,1106.5,1520.0,1692.0,1868.5,2032.0,2324.5,2232.5,2783.5,1254.0,343.5,555.0,262.0,902.0,4467.5,6479.0,6408.5,6764.0,2534.0,1168.5,450.0,620.0,342.0,922.0,4171.0,5834.0,5997.0,6041.5,5187.0,4163.0,6352.0,5557.0,5111.0,5964.0,6570.0,6680.0,6954.0,6539.0,2373.0,1166.5,483.5,692.0,479.0,1053.5,3711.0,4750.0,4768.0,5064.0,2241.5,1043.5,315.0,628.0,328.0,1072.0,3629.5,4441.0,4666.0,4752.5,0.0,0.0,0.0,0.0,0.0,0.0,0.0,0.0,0.0,0.0,2436.5,1642.0,424.5,645.0,804.0,1215.5,1694.0,1914.5,2009.5,2248.5,2508.5,1855.0,545.0,682.5,810.5,1049.5,1366.0,1486.0,1510.0,1723.5,2787.0,2116.0,540.0,713.5,992.0,1157.5,1462.0,1658.0,1748.0,1900.0,3442.0,2678.5,776.5,987.5,1347.5,1514.5,1762.5,1987.5,2099.5,2170.0,0.0,0.0,0.0,0.0,0.0,0.0,0.0,0.0,0.0,0.0,3314.0,2503.0,752.0,972.0,1254.5,1453.5,1676.0,1882.0,2081.5,2029.0,0.0,0.0,0.0,0.0,0.0,0.0,0.0,0.0,0.0,0.0,2272.5,1416.5,500.5,726.5,897.0,1196.0,1663.0,1839.0,2094.5,2074.0,4287.5,3683.0,2435.5,2611.5,2701.0,3191.5,3474.0,3552.5,3912.5,3728.0,0.0,0.0,0.0,0.0,0.0,0.0,0.0,0.0,0.0,0.0,2494.0,1647.5,510.0,736.5,719.0,1140.5,1970.0,2255.0,2521.0,2451.0,0.0,0.0,0.0,0.0,0.0,0.0,0.0,0.0,0.0,0.0,931.0,969.5,10078.5,9730.0,9603.5,9216.5,9016.5,8941.5,9514.0,8604.0,0.0,0.0,0.0,0.0,0.0,0.0,0.0,0.0,0.0,0.0,2954.0,2301.0,900.5,1191.5,1587.5,1736.5,1999.5,2162.0,2458.0,2333.0,3299.0,2521.0,1072.5,1425.5,1762.5,1995.0,2337.5,2568.0,2853.0,2766.0,2724.5,1957.5,788.0,1110.5,1402.0,1680.0,2027.0,2249.0,2491.5,2434.0,0.0,0.0,0.0,0.0,0.0,0.0,0.0,0.0,0.0,0.0,"{""type"":""MultiPoint"",""coordinates"":[]}"
315,176,2213.0,1522.0,983.0,1027.0,1165.0,1444.0,1734.0,1913.0,2150.0,2157.0,3285.0,2006.0,589.0,990.0,901.0,1601.0,3052.0,3482.0,3728.0,3821.0,3034.0,1799.0,589.0,969.0,803.0,1571.0,3052.0,3482.0,3790.0,3821.0,2762.5,1475.0,483.0,927.5,603.5,1467.0,3462.5,3971.0,4142.0,4272.0,2851.0,1529.0,490.0,1016.0,658.0,1603.0,3766.0,4271.0,4544.0,4598.0,2608.5,1237.0,514.0,985.5,542.5,1438.5,3997.5,4682.0,4744.0,5009.0,2590.0,1225.0,449.0,793.0,432.0,1179.0,3497.0,4230.0,4209.0,4545.0,2590.0,1225.0,459.0,793.0,432.0,1179.0,3589.0,4487.0,4442.0,4842.0,2679.0,1289.0,465.0,876.0,430.0,1314.0,3703.0,4487.0,4640.0,4862.0,3364.0,1766.0,585.0,886.0,712.0,1438.0,3358.0,4036.0,4089.0,4504.0,6680.0,5787.0,5785.0,5949.0,6194.0,6860.0,7204.0,7224.0,7290.0,7154.0,3236.5,2336.0,893.0,1128.5,1494.0,1846.0,2213.5,2431.5,2711.0,2836.0,4931.5,3655.5,3285.0,3506.5,3434.5,4146.0,5542.5,6109.5,6071.0,6271.5,3217.0,1684.0,563.5,824.5,719.0,1343.0,2991.0,3618.5,3706.5,4146.5,3443.0,1944.0,506.0,772.0,796.0,1337.0,2452.0,2838.0,3002.0,3438.0,3623.5,2297.5,517.0,729.0,862.0,1288.0,1952.5,2297.5,2370.0,2679.0,3601.0,2314.0,514.0,771.0,919.0,1284.0,1907.0,2193.0,2327.0,2590.0,3630.0,2271.0,561.0,825.0,962.5,1330.5,2025.0,2330.0,2477.0,2696.5,3597.5,2177.5,651.5,911.5,1015.5,1374.0,2296.5,2618.5,2828.5,3061.5,2558.0,1458.0,984.5,1078.5,895.0,1280.0,2482.5,2831.5,3130.5,3081.0,2868.0,1489.0,377.0,673.0,483.0,1040.0,2987.0,3601.0,3731.0,3914.0,2584.5,1252.0,362.5,663.5,411.5,1060.5,3177.5,3815.5,3941.5,4136.0,3538.5,2403.5,830.0,1171.0,1582.5,1932.0,2382.0,2607.5,2987.0,3080.5,2655.0,1345.0,395.0,758.0,485.0,1156.0,3316.0,3858.0,4191.0,4253.0,2772.0,1426.0,395.0,761.0,558.0,1267.0,3026.0,3584.0,3996.0,3996.0,3019.0,1697.0,522.0,972.0,972.0,1751.0,3150.0,3636.0,4146.0,4123.0,3121.0,1806.0,563.0,1065.5,1122.5,1924.5,3266.5,3659.0,3953.5,4054.0,2949.0,1708.0,498.0,940.0,1018.0,1653.0,3026.0,3395.0,3815.0,3859.0,2996.0,1748.0,697.0,1137.0,973.0,1771.0,3501.0,3834.0,4306.0,4218.0,3760.0,2563.0,796.5,1153.5,1588.0,1923.0,2341.5,2595.5,2978.0,3070.5,653.0,647.0,9118.0,9212.0,9484.0,9735.0,9416.0,9002.0,9146.0,8578.0,964.5,752.0,5463.0,5625.5,6005.5,6584.5,6603.0,6202.0,6392.0,6258.5,3933.0,2712.0,764.0,1122.0,1466.0,1867.0,2371.0,2683.0,2976.0,3087.0,3636.0,2364.0,720.0,1125.0,1152.0,1745.0,2952.0,3213.0,3585.0,3602.0,3450.0,2179.0,673.0,1114.0,1089.0,1839.0,3148.0,3489.0,3679.0,3851.0,3433.5,2149.0,644.0,1069.0,979.5,1712.5,3038.5,3447.5,3748.5,3803.0,"{""type"":""MultiPoint"",""coordinates"":[]}"
316,3,784.0,448.0,537.0,644.0,900.0,1084.0,1136.0,1230.0,1417.0,1398.0,3908.0,3537.0,1132.0,1423.5,1825.0,2090.0,2213.5,2331.0,2455.0,2573.0,1101.0,624.5,528.0,676.0,892.5,1101.5,1185.0,1327.0,1430.0,1474.0,1175.0,717.0,595.0,760.0,976.0,1232.0,1320.0,1483.0,1623.0,1636.0,4938.0,4403.0,1487.0,1879.0,2396.0,2762.0,2929.0,3128.0,3399.0,3496.0,6130.0,5531.0,2087.0,2447.0,2883.0,3473.0,3698.0,4038.0,4105.0,4392.0,0.0,0.0,0.0,0.0,0.0,0.0,0.0,0.0,0.0,0.0,1818.0,1016.0,724.0,874.0,596.0,1016.0,2750.0,3466.0,3254.0,3531.0,1729.5,1054.0,576.0,752.5,496.0,951.5,2711.0,3589.5,3500.5,3687.0,1626.5,722.0,345.0,536.5,236.0,732.0,3168.0,4834.5,4788.0,4981.0,2379.0,1875.5,1824.0,1915.0,1701.0,2148.5,3506.0,4459.5,4259.0,4504.0,1898.0,1384.0,845.0,1030.0,1277.5,1439.0,1525.0,1593.0,1819.0,1801.5,1380.0,566.0,351.0,534.0,285.0,788.0,2978.0,4612.0,4517.0,4991.0,1703.0,772.0,376.0,602.0,295.0,871.0,3309.0,4988.0,5093.0,5253.0,1556.0,721.0,486.0,849.0,446.0,1280.0,3439.0,4495.0,4576.0,4808.0,1811.0,896.0,491.0,961.0,619.0,1600.0,3578.0,4244.0,4215.0,4595.0,1910.0,992.0,477.0,1004.0,784.0,1790.0,3315.0,3823.0,4013.0,4178.0,2823.0,1729.5,697.0,1051.0,1300.0,2061.5,2751.0,3186.0,3269.0,3693.5,3405.5,2486.5,738.0,996.0,1382.0,1763.0,2060.0,2311.0,2326.5,2530.0,1418.0,1009.5,653.0,812.0,1086.0,1301.0,1371.5,1468.5,1581.5,1681.5,2046.0,1459.0,676.0,920.0,1216.0,1422.0,1512.0,1733.0,1903.0,1910.0,3534.0,2869.0,978.0,1282.0,1682.0,1951.0,2162.0,2282.0,2479.0,2565.0,2333.0,2081.0,1581.0,1657.0,1818.0,1986.0,2061.0,2122.0,2313.0,2301.0,2702.0,2011.5,885.5,1079.0,1353.5,1619.5,1804.0,1977.5,2123.0,2182.0,1092.0,666.0,473.0,640.0,929.0,1253.0,1297.0,1437.0,1596.0,1658.0,1352.0,813.5,479.5,702.0,1005.0,1234.0,1359.0,1493.5,1664.5,1664.5,1734.0,1147.0,598.5,841.0,1149.0,1398.5,1498.0,1651.5,1781.0,1847.5,0.0,0.0,0.0,0.0,0.0,0.0,0.0,0.0,0.0,0.0,1397.5,1140.0,987.0,1089.5,1275.5,1445.0,1512.0,1619.5,1777.5,1795.0,0.0,0.0,0.0,0.0,0.0,0.0,0.0,0.0,0.0,0.0,1006.0,1069.0,10828.0,10472.0,10360.0,10450.0,10153.0,9734.0,10166.0,9364.0,631.5,385.5,1223.0,1387.0,1552.5,1672.0,1773.0,1812.0,1888.5,1904.5,1315.0,817.0,481.0,662.0,886.0,1088.0,1180.0,1297.0,1414.0,1458.0,1527.5,1004.0,719.0,895.0,1076.0,1257.5,1359.0,1504.5,1656.0,1661.0,938.5,544.5,449.5,645.5,857.5,1119.0,1185.0,1293.5,1398.5,1443.5,3290.0,2589.0,1198.0,1415.0,1740.0,1979.0,2080.0,2199.0,2449.0,2407.0,"{""type"":""MultiPoint"",""coordinates"":[]}"
439,5,729.0,553.0,383.0,495.0,688.0,835.0,875.0,882.0,1029.0,1000.0,3435.0,2822.0,1062.0,1351.0,1675.0,1902.0,2018.0,2157.0,2337.0,2335.0,1108.5,651.0,566.5,676.5,841.5,1008.5,1014.0,1138.5,1249.5,1229.5,1089.0,614.0,578.0,726.0,896.0,1074.0,1026.0,1188.0,1387.0,1340.0,0.0,0.0,0.0,0.0,0.0,0.0,0.0,0.0,0.0,0.0,1362.0,1163.0,656.0,715.0,798.0,935.0,928.0,967.0,1075.0,1060.0,0.0,0.0,0.0,0.0,0.0,0.0,0.0,0.0,0.0,0.0,2811.0,2324.0,945.0,1160.0,1368.0,1627.0,1778.0,1963.0,2056.0,2052.0,0.0,0.0,0.0,0.0,0.0,0.0,0.0,0.0,0.0,0.0,2720.0,2167.0,772.0,962.0,1198.0,1409.0,1680.0,1809.0,1941.0,1953.0,0.0,0.0,0.0,0.0,0.0,0.0,0.0,0.0,0.0,0.0,712.0,492.0,651.0,799.0,979.0,1198.0,1136.0,1224.0,1290.0,1184.0,2615.0,1667.5,556.5,799.0,721.5,1206.0,2509.0,2951.0,2883.0,3129.5,2166.0,1374.0,628.0,753.0,671.0,1038.0,2270.0,2818.0,2812.0,2876.0,2210.0,1206.0,378.0,581.0,385.0,912.0,2938.0,3687.0,3624.0,3867.0,1675.0,900.0,363.0,493.5,341.5,685.5,2434.5,3198.0,3006.5,3325.0,1798.5,792.0,260.5,436.0,259.5,668.5,3042.5,4035.0,4145.5,4192.5,0.0,0.0,0.0,0.0,0.0,0.0,0.0,0.0,0.0,0.0,1957.0,883.0,276.0,553.5,285.5,964.5,3425.5,4195.5,4379.0,4430.5,2014.0,1048.0,436.0,874.0,769.0,1672.0,2605.0,2797.0,2926.0,3187.0,2558.5,1790.0,434.0,645.0,841.0,1195.0,1429.0,1643.5,1862.5,1971.0,3803.0,2736.0,814.0,1081.0,1561.0,1858.5,1998.5,2211.0,2425.0,2591.5,0.0,0.0,0.0,0.0,0.0,0.0,0.0,0.0,0.0,0.0,2514.0,1866.0,564.0,736.0,1034.0,1163.0,1162.0,1315.0,1525.0,1544.0,0.0,0.0,0.0,0.0,0.0,0.0,0.0,0.0,0.0,0.0,1076.0,642.0,194.0,297.0,433.0,505.0,501.0,638.0,736.0,685.0,1240.0,772.0,266.0,379.0,520.0,604.0,602.0,670.0,839.0,774.0,0.0,0.0,0.0,0.0,0.0,0.0,0.0,0.0,0.0,0.0,480.0,265.0,464.0,541.0,652.0,753.0,719.0,855.0,936.0,834.0,0.0,0.0,0.0,0.0,0.0,0.0,0.0,0.0,0.0,0.0,1023.0,1100.0,10898.0,10471.0,10342.0,10399.0,10144.0,9761.0,10163.0,9332.0,0.0,0.0,0.0,0.0,0.0,0.0,0.0,0.0,0.0,0.0,1452.0,841.0,625.0,798.0,1009.0,1144.0,1189.0,1270.0,1431.0,1435.0,2053.0,1234.0,801.0,1041.0,1250.0,1532.0,1592.0,1712.0,1957.0,1906.0,1156.0,672.0,979.5,1098.0,1205.5,1417.0,1416.0,1549.5,1838.0,1648.0,0.0,0.0,0.0,0.0,0.0,0.0,0.0,0.0,0.0,0.0,"{""type"":""MultiPoint"",""coordinates"":[]}"
441,3,1517.0,968.5,478.5,687.0,885.5,1176.5,1340.5,1453.0,1614.5,1641.5,4400.0,4251.0,1109.0,1495.0,2004.0,2293.0,2385.0,2550.0,2724.0,2773.0,2470.0,1674.0,659.5,919.0,1258.0,1530.0,1631.0,1773.5,1911.5,1979.5,2780.0,2015.0,755.0,1083.0,1432.0,1735.0,1852.0,1991.0,2209.0,2217.0,5869.0,5563.0,1939.0,2648.0,3319.0,3808.0,3960.0,4142.0,4431.0,4432.0,3523.5,2817.5,1496.5,1727.5,1861.0,2273.5,2411.0,2438.0,3054.5,2630.0,0.0,0.0,0.0,0.0,0.0,0.0,0.0,0.0,0.0,0.0,4711.5,3822.5,1128.0,1609.0,1770.5,2446.0,3133.5,3523.5,3533.0,3909.5,1344.0,992.0,1055.0,1304.0,1223.0,1789.0,2170.0,2421.0,2278.0,2322.0,688.0,356.0,330.0,436.0,292.0,610.0,1493.0,1849.0,1812.0,1750.0,1654.0,767.0,559.0,671.0,366.0,856.0,3048.0,4447.0,4309.0,4576.0,2169.5,1520.5,561.0,767.5,982.0,1224.5,1409.0,1530.0,1733.5,1720.0,1441.0,629.0,504.0,614.0,363.0,729.0,2776.0,4480.0,4329.0,4645.0,1208.0,532.0,412.5,487.5,266.5,589.5,2575.0,4302.5,4269.5,4495.0,1126.0,504.0,413.0,509.0,274.0,617.0,2570.0,4311.0,4307.0,4672.0,1095.0,490.0,268.0,523.0,261.0,776.0,2667.0,4038.0,3937.0,4269.0,1217.0,578.0,302.0,655.0,355.0,1090.0,2940.0,4019.0,3959.0,4250.0,2402.0,1658.0,2159.0,2043.5,1646.5,2267.5,3622.0,4227.0,4754.0,4540.0,1503.0,775.5,430.5,760.0,687.5,1367.0,2276.0,2636.5,2829.5,2892.5,1785.5,1054.0,540.0,793.0,880.5,1375.0,1910.5,2153.0,2202.0,2385.0,2181.5,1343.0,554.0,869.5,1038.5,1533.5,2060.0,2306.0,2527.5,2566.5,2224.0,1457.0,531.0,842.0,1162.0,1588.0,1958.0,2209.0,2344.0,2504.0,1437.5,961.5,509.5,660.5,823.0,1023.5,1172.0,1281.5,1451.0,1407.0,3601.5,2447.0,892.0,1208.0,1807.0,2146.5,2315.0,2455.0,2726.0,2794.0,2465.0,1565.0,890.0,1179.0,1800.0,2140.0,2228.0,2377.0,2653.0,2691.0,2916.0,1880.0,805.5,1131.0,1722.5,1974.0,2103.0,2317.5,2561.0,2611.0,2132.0,1460.5,494.5,682.5,1022.0,1180.5,1253.0,1346.5,1485.0,1571.0,3649.0,2936.0,3639.0,3676.0,3852.0,4332.0,4203.0,4157.0,3914.0,4129.0,661.0,412.5,473.5,504.5,685.0,766.0,808.5,901.5,1006.0,994.0,0.0,0.0,0.0,0.0,0.0,0.0,0.0,0.0,0.0,0.0,1054.0,1143.0,10892.0,10498.0,10432.0,10569.0,10209.0,9792.0,10136.0,9387.0,1268.0,842.5,2457.5,2637.0,2826.5,2891.0,3045.0,2930.0,3198.5,2971.5,2667.0,1897.0,599.0,914.0,1157.0,1471.0,1663.0,1840.0,2006.0,1970.0,2616.5,1902.5,745.0,1050.0,1315.5,1637.0,1775.5,1937.5,2113.0,2126.5,2314.0,1587.0,650.0,993.0,1275.0,1626.0,1738.0,1866.0,1992.0,2032.0,4156.5,3561.5,1169.0,1596.0,1999.5,2481.5,2621.0,2744.5,2828.5,2932.5,"{""type"":""MultiPoint"",""coordinates"":[]}"
447,3,2427.0,1773.0,676.0,917.0,1182.0,1493.0,1793.0,1923.0,2165.0,2108.0,2922.0,2750.0,1103.0,1401.0,1781.0,1933.0,2031.0,2108.0,2279.0,2252.0,2145.0,1529.5,784.5,1066.5,1377.5,1569.0,1679.5,1810.0,1930.0,1985.0,2418.0,1751.0,1198.0,1402.5,1632.5,1841.5,1947.0,2031.5,2136.0,2180.0,5344.0,5268.0,2147.0,2781.0,3410.0,3668.0,3860.0,3971.0,4289.0,4265.0,4980.0,4414.0,1849.0,2430.0,2881.0,3448.0,3968.0,4162.0,4358.0,4413.0,0.0,0.0,0.0,0.0,0.0,0.0,0.0,0.0,0.0,0.0,2257.0,1310.0,792.0,1047.0,626.0,1282.0,3374.0,4064.0,3966.0,4133.0,2102.0,1062.0,203.0,559.0,209.0,930.0,3478.0,4568.0,4573.0,4737.0,1874.0,849.0,304.0,548.0,229.5,782.5,3296.0,4880.5,4989.5,5015.0,1551.5,682.0,517.5,639.5,356.0,774.5,3007.5,4533.0,4474.5,4525.5,2367.5,1677.0,730.5,970.5,1211.5,1497.5,1738.5,1858.0,2145.0,2029.5,1805.0,793.0,408.0,573.0,286.0,828.0,3451.0,4936.0,4847.0,5138.0,1851.5,859.0,591.5,962.5,515.0,1409.0,4012.0,5297.5,5395.0,5664.0,1782.5,865.5,450.0,932.5,455.0,1525.0,3959.0,4851.0,4879.5,5122.5,2097.0,1059.0,688.0,1218.0,769.0,2048.0,3857.0,4639.0,4523.0,4954.0,2158.0,1206.0,674.0,1314.0,1005.0,2227.0,3263.0,3685.0,3743.0,4040.0,2772.0,1794.5,2475.5,2320.5,2317.0,2919.0,3368.5,3636.0,4027.0,3927.0,3565.5,2499.5,983.0,1231.5,1794.5,2158.0,2387.5,2580.5,2765.0,2928.5,2043.0,1427.0,581.0,774.0,1123.0,1334.0,1484.0,1616.0,1725.0,1851.0,2535.0,1729.0,634.0,871.0,1254.0,1528.0,1713.0,1901.0,2030.0,2157.0,2302.5,1575.0,592.5,805.5,1130.0,1406.5,1601.0,1745.5,1910.0,2001.0,2178.0,1877.5,673.5,930.5,1153.5,1434.0,1648.0,1748.5,1933.0,1864.0,2753.0,1788.0,610.0,821.0,1141.0,1398.0,1593.0,1735.0,2022.0,2037.0,2757.0,2311.0,1262.0,1491.0,1847.0,2275.0,2512.0,2738.0,2721.0,3067.0,1664.0,1069.5,442.5,666.0,1010.5,1234.5,1344.0,1513.0,1741.0,1765.5,2086.0,1360.5,481.0,721.0,1088.5,1337.0,1463.0,1597.0,1810.5,1865.5,0.0,0.0,0.0,0.0,0.0,0.0,0.0,0.0,0.0,0.0,1460.0,974.0,542.0,637.0,926.0,1123.0,1244.0,1407.0,1580.0,1608.0,4641.0,4473.0,3615.0,3599.0,3798.0,4029.0,4102.0,4171.0,4503.0,4281.0,951.0,1040.0,9854.0,9712.0,9800.0,10037.0,9688.0,9310.0,9686.0,8987.0,1478.0,1098.0,965.0,1197.0,1438.0,1746.5,1924.5,2036.5,2164.5,2100.5,3357.0,2713.0,949.0,1320.0,1659.0,2056.0,2568.0,2747.0,2986.0,2933.0,2546.0,1876.0,765.0,1044.0,1244.0,1691.0,2203.0,2322.0,2557.0,2486.0,2583.0,1812.0,767.0,1060.0,1213.0,1764.0,2362.0,2493.0,2690.0,2683.0,3925.0,3277.0,1207.0,1685.0,2010.0,2757.0,3386.0,3574.0,3915.0,3833.0,"{""type"":""MultiPoint"",""coordinates"":[]}"
452,3,1585.0,999.5,734.0,1022.5,1333.5,1607.0,1732.5,1901.5,2106.5,2075.0,4306.0,3820.5,1410.0,1863.0,2392.0,2648.5,2776.0,2884.5,3097.0,3119.5,1868.5,1097.5,760.0,1005.5,1308.5,1551.5,1652.0,1765.0,1896.5,1911.0,2535.0,1630.0,894.5,1201.5,1536.0,1833.5,1959.0,2117.5,2283.5,2287.5,0.0,0.0,0.0,0.0,0.0,0.0,0.0,0.0,0.0,0.0,4373.0,3668.0,1687.0,1999.0,2386.5,2712.5,2958.5,3159.0,3299.5,3365.0,3287.0,2149.0,1143.5,1453.0,1593.0,2169.0,2644.0,2906.0,3000.0,3100.0,1420.5,849.0,470.0,817.0,480.0,1062.5,2186.0,2572.5,2460.0,2365.0,5882.0,5307.0,5586.0,5504.5,5473.0,6115.5,6399.0,6492.0,6260.0,6481.5,4193.0,3175.5,3157.5,3034.0,2788.5,3340.5,4434.5,4997.5,5304.5,5143.5,2810.0,2001.0,2115.5,2205.0,1948.5,2479.0,4004.5,4815.0,4769.0,4850.5,2388.0,1618.5,797.5,1082.0,1403.0,1678.5,1827.0,1967.0,2163.0,2183.0,1598.0,708.5,342.5,611.5,315.5,925.0,3437.5,4921.0,4909.5,5165.5,1617.5,769.5,439.5,738.5,371.5,1094.0,3391.5,4789.0,4810.0,4918.5,1877.5,925.0,497.5,858.0,465.0,1342.0,3851.0,5114.0,4994.0,5404.0,2543.5,1775.5,1448.5,1661.0,1360.0,2243.0,4020.5,4650.0,4610.5,4934.5,2063.0,1209.5,542.5,958.0,988.5,1797.5,2809.5,3247.0,3511.5,3677.0,0.0,0.0,0.0,0.0,0.0,0.0,0.0,0.0,0.0,0.0,2318.0,1588.0,612.5,888.0,1193.5,1560.0,1865.5,2054.0,2198.5,2318.0,2029.5,1288.0,609.5,809.5,928.5,1324.5,1673.5,1904.0,1912.0,2105.5,2377.5,1490.5,522.0,784.5,918.0,1318.5,1832.0,2083.0,2223.5,2305.5,2589.0,1683.5,590.0,840.0,998.0,1444.5,1956.0,2204.0,2362.5,2475.0,0.0,0.0,0.0,0.0,0.0,0.0,0.0,0.0,0.0,0.0,2000.5,1227.0,526.0,781.0,912.5,1373.5,1835.0,2041.5,2217.0,2269.5,0.0,0.0,0.0,0.0,0.0,0.0,0.0,0.0,0.0,0.0,1812.5,1128.5,475.5,802.0,1085.5,1531.5,1748.5,1910.5,2110.5,2129.0,2167.0,1738.0,877.5,1045.5,1307.5,1689.5,1903.0,2135.0,2059.5,2414.0,874.0,578.5,2980.0,2599.5,2404.0,2378.5,2311.5,2307.5,2166.5,2268.5,1891.0,1328.5,578.0,786.0,1079.5,1289.0,1452.5,1546.0,1743.5,1762.0,0.0,0.0,0.0,0.0,0.0,0.0,0.0,0.0,0.0,0.0,904.5,980.0,10959.0,10549.5,10460.0,10516.0,10220.0,9834.0,10192.0,9409.0,0.0,0.0,0.0,0.0,0.0,0.0,0.0,0.0,0.0,0.0,2457.0,1550.5,749.5,1115.0,1377.5,1757.5,2034.5,2213.0,2413.5,2391.0,2621.5,1632.0,775.5,1124.5,1279.5,1743.5,2246.5,2421.0,2637.0,2605.5,1576.5,936.0,748.5,1151.5,1291.5,1854.5,2306.0,2464.0,2640.0,2589.5,870.0,577.5,514.0,570.0,646.5,721.5,726.0,720.5,841.0,830.5,"{""type"":""MultiPoint"",""coordinates"":[]}"
476,2,2266.0,1605.5,475.5,638.5,803.0,1068.0,1451.5,1590.5,1826.5,1827.5,3536.5,2921.0,965.5,1278.0,1648.5,2057.5,2259.5,2468.5,2646.0,2731.0,2489.0,1806.5,690.0,895.5,1202.0,1399.0,1540.5,1666.0,1859.5,1920.0,2461.5,1807.0,772.5,901.0,1158.0,1325.0,1402.5,1540.0,1729.0,1765.5,0.0,0.0,0.0,0.0,0.0,0.0,0.0,0.0,0.0,0.0,4379.0,3984.5,1221.0,1486.0,1892.5,2160.0,2218.5,2407.0,2487.0,2676.0,0.0,0.0,0.0,0.0,0.0,0.0,0.0,0.0,0.0,0.0,0.0,0.0,0.0,0.0,0.0,0.0,0.0,0.0,0.0,0.0,0.0,0.0,0.0,0.0,0.0,0.0,0.0,0.0,0.0,0.0,4413.0,3633.0,1032.5,1415.5,1587.0,2175.0,3099.5,3421.0,3504.0,3656.0,2948.0,1986.5,1196.5,1306.0,1141.0,1665.5,3506.0,4137.0,4021.5,4312.5,2843.0,2328.5,629.0,822.5,1006.0,1301.5,1668.5,1807.5,2032.5,2025.5,3232.5,1703.5,653.0,939.5,660.0,1421.0,4845.0,6012.0,5763.5,6179.0,2422.0,1076.5,524.0,715.5,427.0,1028.0,4429.0,5701.5,5724.5,5840.0,0.0,0.0,0.0,0.0,0.0,0.0,0.0,0.0,0.0,0.0,2314.5,923.5,481.5,705.0,440.0,1153.0,4604.5,5881.0,5660.0,6090.5,2088.5,871.5,356.0,581.0,366.5,1076.0,3920.5,4821.0,4994.0,5100.5,0.0,0.0,0.0,0.0,0.0,0.0,0.0,0.0,0.0,0.0,2323.5,1305.5,442.0,591.5,570.0,1326.5,2764.5,3156.5,3361.0,3565.0,0.0,0.0,0.0,0.0,0.0,0.0,0.0,0.0,0.0,0.0,2826.5,2057.0,824.5,954.0,1171.5,1466.0,1777.0,1973.0,2214.0,2329.5,2939.5,2192.0,988.5,1108.0,1334.0,1568.5,1723.0,1923.5,2073.0,2277.5,0.0,0.0,0.0,0.0,0.0,0.0,0.0,0.0,0.0,0.0,3434.0,2551.5,702.0,957.5,1352.0,1700.5,1896.0,2132.0,2356.0,2485.0,0.0,0.0,0.0,0.0,0.0,0.0,0.0,0.0,0.0,0.0,2303.0,1474.0,388.0,609.0,930.5,1254.0,1541.5,1714.5,1999.5,2106.0,2334.0,1505.0,454.0,685.5,951.5,1307.5,1663.5,1837.5,2112.0,2213.5,0.0,0.0,0.0,0.0,0.0,0.0,0.0,0.0,0.0,0.0,2493.0,1748.5,505.5,708.5,861.5,1204.0,1699.5,1881.5,2160.5,2169.0,0.0,0.0,0.0,0.0,0.0,0.0,0.0,0.0,0.0,0.0,933.0,1020.5,10751.0,10325.5,10279.0,10342.0,10026.0,9665.0,10077.5,9247.5,1498.5,1237.5,1133.5,1111.0,1093.5,1185.0,1194.0,1261.5,1422.5,1313.5,2555.0,1944.0,553.5,765.0,928.0,1272.0,1712.0,1869.0,2101.5,2109.5,2408.0,1722.5,580.0,807.5,887.5,1320.0,1920.5,2127.0,2335.5,2331.0,2103.0,1371.5,435.5,698.5,725.5,1312.5,2042.0,2208.0,2442.0,2412.0,2968.5,2400.5,1334.5,1406.5,1479.5,1958.0,2446.5,2635.0,2735.0,2812.5,"{""type"":""MultiPoint"",""coordinates"":[]}"
480,3,4382.0,4518.0,3748.0,3720.0,3850.0,3981.0,4026.0,4016.0,4409.0,4096.0,3232.0,2702.0,890.0,1113.0,1481.0,1681.5,1748.5,1902.0,2029.0,2083.0,1233.0,785.0,594.5,754.5,921.0,1138.5,1167.5,1257.0,1364.5,1328.5,639.0,428.0,910.0,1165.0,1365.0,1661.0,1682.0,1794.0,1934.0,1780.0,3911.0,3472.0,1427.0,1785.0,2218.0,2483.0,2595.0,2754.0,3020.0,3013.0,2859.5,2479.0,1265.5,1533.5,1744.5,2042.0,2155.5,2370.0,2342.0,2352.0,0.0,0.0,0.0,0.0,0.0,0.0,0.0,0.0,0.0,0.0,1959.0,1102.0,413.0,669.0,352.5,921.0,2917.0,3814.5,3868.5,3774.0,1851.0,897.0,259.0,558.0,222.0,848.0,3463.0,4669.0,4262.0,4775.0,1612.0,752.0,408.0,574.5,282.5,804.0,3185.0,4735.0,4676.0,4802.5,1061.5,472.5,402.0,523.5,296.5,661.5,2312.0,3552.5,3408.0,3590.5,1769.0,1213.0,444.0,632.0,821.0,978.0,1061.0,1140.0,1303.0,1254.0,1474.0,591.0,354.0,467.0,262.0,652.0,2851.0,4530.0,4438.0,4777.0,1572.0,768.0,516.0,804.0,424.0,1160.0,3342.0,4743.0,4896.0,5049.0,1545.5,736.0,427.0,720.5,409.0,1118.0,3337.0,4589.5,4616.0,4872.5,1781.0,904.0,508.0,968.0,631.0,1557.0,3720.0,4504.0,4544.0,4876.0,1888.0,985.0,540.0,1027.0,718.0,1787.0,3668.0,4319.0,4601.0,4748.0,1792.0,1155.5,791.5,1149.5,1022.0,1791.5,2827.0,3253.0,3291.0,3626.0,2287.0,1590.0,573.0,784.0,1037.0,1353.0,1701.0,1922.0,2135.0,2234.0,1031.0,768.0,2570.0,2505.0,2542.5,2792.5,2776.0,2876.5,2777.0,2901.0,1959.5,1276.5,489.5,705.0,917.5,1169.0,1453.5,1572.5,1744.0,1759.0,1960.0,1286.0,472.0,676.0,862.0,1138.0,1401.0,1518.0,1634.0,1723.0,1978.0,1631.5,639.5,848.0,1080.5,1293.0,1341.0,1441.5,1639.5,1579.0,2044.0,1351.5,485.5,688.0,927.5,1127.5,1364.0,1495.0,1730.5,1722.5,2050.0,1405.0,656.0,824.0,1131.0,1365.0,1521.0,1612.0,1881.0,1787.0,1932.5,1247.0,457.5,679.0,987.5,1171.5,1264.5,1396.5,1605.5,1662.0,2030.5,1340.0,505.5,715.5,1053.0,1228.5,1337.5,1471.5,1630.0,1678.0,0.0,0.0,0.0,0.0,0.0,0.0,0.0,0.0,0.0,0.0,1787.5,1238.0,610.5,728.5,981.5,1110.0,1170.5,1250.0,1378.5,1354.5,0.0,0.0,0.0,0.0,0.0,0.0,0.0,0.0,0.0,0.0,993.0,1063.0,10120.0,9866.0,9840.0,9900.0,9494.0,9328.0,9668.0,8951.0,505.0,316.0,3041.5,3086.0,3258.5,3231.0,3163.5,3109.0,3421.5,3144.0,2257.0,1519.0,721.0,959.0,1127.0,1402.0,1511.0,1625.0,1750.0,1724.0,811.0,528.0,748.0,994.0,1162.0,1458.0,1540.0,1590.0,1786.0,1663.0,1896.0,1204.0,799.0,1050.0,1271.0,1538.0,1611.0,1708.0,1875.0,1849.0,2944.0,2424.5,1367.5,1565.0,1772.0,1895.0,1986.5,2053.5,2231.0,2224.5,"{""type"":""MultiPoint"",""coordinates"":[]}"
508,5,2448.5,1711.0,631.5,924.5,1231.0,1543.5,1727.0,1889.0,2127.0,2140.5,4674.5,3969.0,2234.5,2591.0,2878.0,3295.0,3466.5,3584.0,3977.0,3769.0,2780.0,1871.0,890.0,1184.0,1415.0,1879.0,2128.0,2303.0,2519.0,2518.0,3363.0,2324.0,1045.0,1440.0,1448.0,2151.0,2600.0,2763.0,2671.0,3045.0,4515.5,3784.0,1325.5,1856.5,2116.0,2798.5,3059.0,3243.0,3462.5,3496.5,0.0,0.0,0.0,0.0,0.0,0.0,0.0,0.0,0.0,0.0,3317.0,2430.0,1065.0,1377.0,1608.0,2075.0,2317.0,2506.0,2666.0,2790.0,3778.0,2988.0,1338.0,1965.0,2033.0,2715.0,3578.0,3879.0,3948.0,4110.0,5016.0,3927.0,1259.0,1863.0,1893.0,2804.0,4667.0,5253.0,5151.0,5583.0,4124.0,2929.0,1135.0,1484.0,1476.0,2129.0,4414.0,5178.0,5379.0,5502.0,2778.5,1647.0,601.0,881.0,846.5,1714.5,4047.5,4912.0,4772.5,5102.5,2955.0,2302.0,811.0,1090.0,1402.0,1709.0,1961.0,2127.0,2373.0,2346.0,2263.5,976.0,349.0,530.0,307.5,820.0,3861.5,5299.5,5149.5,5571.0,1708.5,719.5,374.0,479.5,269.0,649.0,3278.0,4794.0,4739.5,4948.5,2092.0,850.0,277.5,445.5,228.0,671.5,3873.5,5560.0,5427.0,5841.0,2205.0,1072.0,1357.0,1248.0,1089.0,1323.0,3823.0,5485.0,5191.0,5629.0,1960.5,904.5,323.0,569.5,307.0,887.0,3655.0,4890.5,4919.0,5172.0,2045.5,1031.5,445.5,927.5,598.5,1644.5,3490.0,4017.5,4143.0,4430.0,2997.0,2124.5,512.5,761.0,947.5,1353.0,1657.5,1879.5,2098.0,2200.5,2838.0,2024.0,532.0,689.0,854.0,1109.0,1274.0,1407.0,1515.0,1660.0,2705.0,1871.5,572.0,712.0,906.5,1155.0,1309.5,1478.5,1584.5,1708.0,3896.0,2816.0,978.0,1216.0,1676.0,1986.0,2138.0,2328.0,2537.0,2615.0,3740.5,3198.5,1830.5,2046.5,2273.0,2610.0,2905.5,3050.0,3284.5,3281.0,3392.5,2409.0,906.5,1145.0,1452.5,1743.5,1976.5,2132.5,2347.0,2321.5,3222.0,2280.0,844.0,1092.0,1316.0,1682.0,2022.0,2154.0,2355.0,2401.0,2548.5,1619.0,591.0,885.5,1006.5,1438.5,2000.0,2163.0,2431.0,2364.5,2891.0,1906.0,644.0,964.0,1063.0,1542.0,2198.0,2418.0,2577.0,2626.0,2294.0,1818.0,2769.0,2636.0,2517.0,2536.0,2543.0,2605.0,2596.0,2636.0,2159.0,1285.0,462.0,823.0,629.0,1371.0,2598.0,2867.0,3077.0,3035.0,0.0,0.0,0.0,0.0,0.0,0.0,0.0,0.0,0.0,0.0,492.0,526.0,10426.0,10242.0,10160.0,10243.0,9844.0,9403.0,9722.0,8948.0,161.0,153.0,7934.0,8018.0,8118.0,8201.0,7816.0,7488.0,7752.0,6949.0,2766.5,1936.5,750.5,1082.5,1330.5,1739.5,2070.5,2265.5,2504.5,2471.0,4123.0,3387.0,1273.0,1716.0,2094.0,2523.0,2757.0,2910.0,3291.0,3208.0,3002.0,2200.0,855.0,1216.0,1529.0,1871.0,2088.0,2247.0,2514.0,2496.0,3085.0,2270.0,885.0,1189.0,1459.0,1880.0,2091.0,2253.0,2463.0,2488.0,"{""type"":""MultiPoint"",""coordinates"":[]}"
522,5,1620.0,1067.0,510.0,828.0,1010.0,1454.0,1853.0,1998.0,2213.0,2157.0,1691.0,1256.0,567.5,898.5,871.0,1280.5,1659.5,1740.0,1767.0,1846.0,0.0,0.0,0.0,0.0,0.0,0.0,0.0,0.0,0.0,0.0,4120.0,4022.0,1304.0,1669.0,2131.0,2452.0,2612.0,2786.0,2943.0,3036.0,2726.0,1973.0,800.0,1093.0,1514.0,1771.0,1895.0,2058.0,2252.0,2337.0,0.0,0.0,0.0,0.0,0.0,0.0,0.0,0.0,0.0,0.0,0.0,0.0,0.0,0.0,0.0,0.0,0.0,0.0,0.0,0.0,0.0,0.0,0.0,0.0,0.0,0.0,0.0,0.0,0.0,0.0,4942.5,4003.5,1274.5,1781.0,1957.5,2719.0,3677.5,4062.0,4294.0,4540.5,5536.0,4629.0,1540.0,1959.0,2303.0,2867.0,3736.0,4281.0,4394.0,4806.0,0.0,0.0,0.0,0.0,0.0,0.0,0.0,0.0,0.0,0.0,2221.5,1556.5,623.5,918.5,1109.5,1524.5,1907.0,2061.0,2305.5,2246.0,2084.0,1099.0,576.0,759.0,538.0,1036.0,2399.0,2841.0,2812.0,3168.0,2391.0,1215.0,589.0,730.0,541.0,1052.0,3091.0,3986.0,3914.0,4309.0,2951.0,2037.0,2333.0,2299.5,1987.0,2366.0,3518.0,3930.0,4368.0,4034.5,2228.0,1287.0,406.0,560.0,436.0,849.0,2758.0,3597.0,3634.0,3973.0,2410.0,1473.0,359.0,621.0,536.0,1006.0,2709.0,3363.0,3406.0,3711.0,2267.0,1274.0,508.0,709.5,538.5,1091.0,2631.5,3171.5,3197.0,3552.5,3144.5,2181.5,1406.0,1686.5,1609.5,2077.5,2874.0,3072.0,3261.5,3340.0,639.0,567.0,4395.0,4171.0,3719.0,3938.0,3839.0,3789.0,3881.0,3616.0,4839.0,4462.0,4072.0,4223.0,4179.0,4828.0,5078.0,5161.0,5049.0,5282.0,3085.5,1971.5,605.5,1048.5,928.5,1677.0,2677.5,2893.0,3154.0,3177.5,1624.5,1268.0,1009.5,1053.5,1080.0,1280.5,1494.5,1584.0,1711.0,1668.5,2720.0,1701.5,556.5,1034.0,764.0,1573.0,2938.0,3054.5,3314.5,3287.0,2642.0,1616.0,584.0,1158.0,784.0,1744.0,3113.0,3351.0,3589.0,3572.0,2448.0,1398.0,458.0,1017.0,703.0,1625.0,3052.0,3345.0,3688.0,3553.0,2477.0,1459.0,502.0,1093.0,825.0,1808.0,3160.0,3391.0,3530.0,3569.0,0.0,0.0,0.0,0.0,0.0,0.0,0.0,0.0,0.0,0.0,0.0,0.0,0.0,0.0,0.0,0.0,0.0,0.0,0.0,0.0,4228.0,3993.0,3701.0,3670.0,3764.0,3932.0,4008.0,4019.0,4386.0,4162.0,0.0,0.0,0.0,0.0,0.0,0.0,0.0,0.0,0.0,0.0,272.0,212.0,6528.0,6623.0,6734.0,7012.0,6943.0,6647.0,6842.0,6323.0,2399.5,1579.0,687.5,1039.0,1030.0,1660.5,2419.5,2578.0,2845.5,2798.0,0.0,0.0,0.0,0.0,0.0,0.0,0.0,0.0,0.0,0.0,2569.5,1754.5,750.0,1122.5,1345.0,1799.5,2171.5,2332.0,2581.5,2583.0,2724.0,1934.0,814.5,1274.0,1429.5,1965.0,2424.5,2581.5,2793.5,2785.5,"{""type"":""MultiPoint"",""coordinates"":[]}"
534,5,1622.5,964.0,442.0,617.5,837.5,1036.5,1107.0,1240.0,1396.0,1435.0,3643.5,2925.0,1002.0,1366.5,1711.5,2078.5,2195.5,2339.0,2452.5,2601.5,2327.5,1547.0,641.5,847.5,1168.0,1337.5,1411.0,1585.0,1698.0,1746.5,46.0,42.0,612.0,905.0,996.0,1054.0,431.0,436.0,382.0,202.0,2412.0,1441.0,753.0,1099.0,1293.0,1681.0,1837.0,1994.0,2181.0,2227.0,0.0,0.0,0.0,0.0,0.0,0.0,0.0,0.0,0.0,0.0,0.0,0.0,0.0,0.0,0.0,0.0,0.0,0.0,0.0,0.0,4742.0,4074.0,1709.0,2116.0,2483.0,2934.0,3254.0,3658.0,3567.0,3891.0,5074.0,4352.5,1630.5,2171.0,2623.5,3090.0,3414.0,3687.0,3718.0,3921.5,4387.5,3628.0,1170.0,1613.5,1968.5,2424.0,2935.0,3213.0,3245.0,3459.0,4459.0,3563.0,2088.0,2317.5,2452.0,2884.0,3471.0,3791.0,3814.5,4016.0,3429.0,2993.0,907.0,1126.0,1448.0,1671.0,1745.0,1898.0,2081.0,2078.0,3180.0,2279.0,749.0,1040.0,1052.0,1537.0,2924.0,3321.0,3220.0,3562.0,3132.0,2129.0,719.0,979.0,964.0,1490.0,3211.0,3933.0,3904.0,4091.0,2288.0,1378.0,542.0,759.0,681.0,1157.0,2625.5,3254.0,3219.0,3506.0,2333.5,1297.0,671.5,898.5,809.5,1316.0,2825.5,3379.0,3301.5,3560.0,2370.0,1472.0,392.0,745.0,669.0,1326.0,2343.0,2617.0,2777.0,2965.0,2923.0,2087.5,595.0,982.0,1095.0,1693.0,2285.5,2585.5,2683.0,2890.0,3436.0,2961.0,749.0,960.0,1287.5,1506.5,1587.0,1757.0,1847.5,1994.0,3322.0,2690.0,782.0,970.0,1248.0,1476.0,1552.0,1705.0,1719.0,1908.0,3933.5,3460.5,1020.5,1254.5,1620.5,1894.0,1970.0,2112.0,2160.0,2373.0,3592.0,3148.0,877.0,1091.0,1434.0,1619.0,1724.0,1858.0,2027.0,2079.0,3813.0,3206.0,1938.0,2071.0,2299.0,2585.0,2766.0,2908.0,3082.0,3112.0,3157.5,2505.5,857.0,1022.5,1298.5,1498.0,1631.5,1770.5,1893.0,1964.0,2409.0,1579.0,599.0,696.0,941.0,1123.0,1195.0,1339.0,1499.0,1554.0,2865.0,2155.5,664.0,859.0,1155.0,1291.5,1390.5,1542.5,1721.0,1751.5,3247.0,2624.0,781.0,978.0,1285.0,1449.0,1542.0,1653.0,1797.0,1876.0,0.0,0.0,0.0,0.0,0.0,0.0,0.0,0.0,0.0,0.0,2216.0,1492.0,576.0,687.0,904.0,1102.0,1173.0,1322.0,1445.0,1506.0,0.0,0.0,0.0,0.0,0.0,0.0,0.0,0.0,0.0,0.0,1014.0,1079.0,10434.0,10244.0,10198.0,10360.0,10010.0,9680.0,10054.0,9256.0,935.0,583.5,4224.0,4283.5,4369.5,4649.5,4494.0,4425.0,4485.5,4259.5,2759.5,1957.5,637.5,919.0,1199.0,1420.5,1529.0,1660.5,1881.0,1889.5,1946.0,1398.0,567.0,726.0,969.0,1123.0,1192.0,1311.0,1419.0,1467.0,2001.0,1332.0,517.0,719.0,1006.0,1149.0,1203.0,1335.0,1460.0,1474.0,703.0,448.0,647.0,971.0,1217.0,1556.0,1534.0,1700.0,1730.0,1707.0,"{""type"":""MultiPoint"",""coordinates"":[]}"
548,3,1902.5,1219.0,757.0,972.0,1368.0,1612.0,1720.0,1870.5,2131.5,2155.0,4527.0,3784.0,1535.0,1905.0,2333.0,2763.0,2892.0,3138.0,3181.0,3444.0,1316.5,836.0,819.5,1035.0,1256.5,1499.0,1580.5,1671.5,1783.0,1835.0,1627.0,1038.0,977.0,1209.0,1469.0,1749.0,1805.0,1938.0,2084.0,2121.0,4461.0,4100.0,1849.0,2238.0,2674.0,3014.0,3170.0,3357.0,3537.0,3523.0,1982.5,1403.5,1007.0,1136.0,1222.0,1416.0,1517.5,1614.5,1796.5,1677.0,0.0,0.0,0.0,0.0,0.0,0.0,0.0,0.0,0.0,0.0,1656.0,1173.0,1098.5,1402.5,1228.0,1762.0,2508.5,2786.5,2686.5,2726.0,1743.0,951.0,379.0,770.0,385.0,1128.0,3155.0,3703.0,3554.0,3864.0,1520.5,787.0,352.0,722.5,331.0,1054.0,2914.5,3515.0,3381.5,3618.0,1556.0,806.0,685.0,790.0,478.0,946.0,2894.0,4001.0,3918.0,4269.0,3193.5,2266.0,1105.0,1349.0,1813.5,2108.0,2236.5,2413.0,2707.5,2676.5,1389.0,692.0,393.0,507.0,292.0,713.0,2595.0,3954.0,3871.0,4190.0,1403.0,721.0,388.0,585.0,299.0,820.0,2890.0,4189.0,4294.0,4466.0,2596.0,1895.0,1557.5,1830.0,1665.0,2307.5,3689.5,4462.5,4305.0,4622.0,1505.0,768.0,456.0,848.0,655.0,1436.0,3036.0,3581.0,3536.0,3909.0,1693.0,956.0,495.0,969.0,861.0,1721.0,2868.0,3320.0,3451.0,3619.0,2391.0,1341.0,1253.5,1659.0,1573.0,2243.5,2929.5,3205.0,3590.5,3469.0,2091.0,1369.0,577.5,879.5,1102.0,1562.5,1935.5,2167.5,2381.0,2479.0,2583.5,1785.5,1061.5,1190.0,1419.0,1689.0,1893.5,2059.5,2123.0,2292.5,2467.0,1732.0,566.0,794.0,1097.0,1338.0,1518.0,1660.0,1827.0,1869.0,2772.0,1957.0,628.0,842.0,1160.0,1430.0,1577.0,1759.0,1942.0,2043.0,2869.5,2094.0,1022.5,1277.5,1664.5,1957.0,2050.0,2224.0,2501.0,2441.0,3375.5,2437.0,881.0,1185.5,1687.0,1942.0,2129.5,2331.0,2635.0,2643.0,603.0,388.0,426.0,512.0,699.0,852.0,894.0,952.0,1086.0,1051.0,1235.0,806.5,434.5,623.5,914.0,1060.5,1175.0,1269.0,1422.0,1438.5,2257.0,1800.0,764.0,1025.0,1348.0,1541.0,1634.0,1756.0,1886.0,1890.0,0.0,0.0,0.0,0.0,0.0,0.0,0.0,0.0,0.0,0.0,673.0,414.0,648.0,740.5,916.5,1116.5,1115.0,1213.0,1358.5,1371.0,0.0,0.0,0.0,0.0,0.0,0.0,0.0,0.0,0.0,0.0,1055.0,1159.0,10740.0,10404.0,10336.0,10450.0,10095.0,9789.0,10092.0,9340.0,1402.0,973.0,1440.5,1737.0,2141.5,2647.5,2671.5,2747.0,2837.0,3003.0,1555.0,1012.0,622.0,889.0,1232.0,1521.0,1624.0,1829.0,2088.0,2067.0,1403.5,947.5,869.5,1049.5,1290.5,1490.0,1574.5,1694.0,1822.0,1819.0,1210.0,756.0,698.0,918.0,1158.0,1419.0,1486.0,1614.0,1732.0,1787.0,3285.0,2520.0,1576.0,1905.0,2332.0,2553.0,2603.0,2615.0,2772.0,2659.0,"{""type"":""MultiPoint"",""coordinates"":[]}"
563,5,1228.0,714.0,509.0,618.0,809.5,958.0,1067.0,1180.5,1380.5,1383.5,3775.0,3076.0,1032.5,1265.0,1536.5,1824.5,1990.0,2124.0,2330.0,2396.0,2477.0,1834.5,1518.5,1625.0,1816.0,2034.0,2089.5,2191.5,2236.5,2380.0,3985.0,3454.0,3367.5,3338.0,3395.0,3613.0,3643.0,3726.5,3798.5,3883.0,0.0,0.0,0.0,0.0,0.0,0.0,0.0,0.0,0.0,0.0,0.0,0.0,0.0,0.0,0.0,0.0,0.0,0.0,0.0,0.0,2655.0,2107.0,924.0,1046.0,1194.0,1420.0,1613.0,1789.0,1846.0,1961.5,3151.0,2604.5,1087.0,1352.0,1478.5,1832.0,2112.5,2269.0,2372.5,2435.5,0.0,0.0,0.0,0.0,0.0,0.0,0.0,0.0,0.0,0.0,1180.0,755.5,495.5,629.5,529.0,830.5,1524.5,1695.5,1700.5,1642.0,3028.0,1650.5,1117.5,1276.5,930.0,1581.0,4445.5,5462.5,5306.5,5712.5,2462.0,1798.5,757.0,913.5,1167.5,1336.0,1442.0,1580.0,1805.5,1809.0,2479.0,1054.0,318.0,528.5,264.0,825.0,4264.5,5747.5,5666.5,6075.5,2237.5,999.0,315.0,468.5,227.0,707.0,3833.0,5366.0,5434.5,5602.5,2391.5,1794.5,1432.5,1281.0,999.0,1562.0,3430.5,4495.0,4473.0,4754.5,2421.0,1200.5,451.5,644.5,417.0,992.0,3705.0,4907.0,4797.5,5291.5,1939.0,921.0,263.5,494.5,267.5,840.0,2926.5,3720.5,3886.0,4062.0,0.0,0.0,0.0,0.0,0.0,0.0,0.0,0.0,0.0,0.0,2887.5,2141.5,447.0,629.0,869.5,1137.5,1269.5,1471.5,1637.5,1793.5,3675.0,2890.0,1137.0,1263.0,1581.5,1826.5,1888.0,2016.0,1832.5,2205.5,3884.0,2903.5,877.5,1116.5,1559.0,1791.0,1903.0,2094.5,2276.5,2390.5,3892.0,2990.5,1013.5,1214.0,1636.5,1879.5,1960.0,2136.5,2277.5,2369.5,0.0,0.0,0.0,0.0,0.0,0.0,0.0,0.0,0.0,0.0,3779.0,2846.0,1080.5,1235.0,1600.0,1816.5,1891.5,2034.0,2185.5,2259.0,0.0,0.0,0.0,0.0,0.0,0.0,0.0,0.0,0.0,0.0,1668.5,1117.0,431.5,559.0,762.0,878.5,953.0,1029.0,1133.5,1177.5,2745.5,2329.5,1345.5,1502.5,1714.0,1877.5,1868.0,2004.5,1892.5,2177.5,0.0,0.0,0.0,0.0,0.0,0.0,0.0,0.0,0.0,0.0,1651.5,1097.5,491.0,594.5,776.0,868.5,937.0,1022.0,1148.0,1182.0,0.0,0.0,0.0,0.0,0.0,0.0,0.0,0.0,0.0,0.0,926.0,999.5,11128.5,10688.0,10560.0,10618.0,10282.0,9918.5,10275.0,9499.5,0.0,0.0,0.0,0.0,0.0,0.0,0.0,0.0,0.0,0.0,1918.0,1241.0,591.0,748.0,935.0,1144.0,1268.5,1401.0,1593.0,1572.0,2768.0,1909.0,774.0,947.0,1147.5,1387.0,1541.0,1677.5,1890.5,1878.5,1417.0,855.0,553.0,709.0,854.0,1113.5,1242.5,1359.5,1534.5,1546.0,0.0,0.0,0.0,0.0,0.0,0.0,0.0,0.0,0.0,0.0,"{""type"":""MultiPoint"",""coordinates"":[]}"
578,5,1516.0,1012.5,469.0,625.5,839.5,972.0,1022.5,1119.0,1247.5,1268.0,2791.0,2384.0,730.0,1004.0,1363.0,1564.0,1588.0,1691.0,1755.0,1847.0,1950.0,1319.0,590.0,724.0,975.0,1111.0,1141.0,1282.0,1356.0,1412.0,2818.0,1873.0,1007.0,1147.0,1521.0,1741.0,1836.0,1956.0,2122.0,2195.0,2464.0,1815.0,609.0,843.0,1125.0,1283.0,1351.0,1487.0,1591.0,1679.0,3407.0,2960.0,1000.0,1295.5,1655.5,1918.0,2143.0,2275.0,2349.5,2452.5,2169.0,1450.0,615.0,754.0,868.0,1164.0,1489.0,1628.0,1578.0,1751.0,2780.5,1936.0,702.5,989.0,1109.5,1522.5,2093.5,2306.5,2310.5,2500.0,2269.5,1622.0,454.5,665.0,725.5,1045.0,1864.5,2123.5,2121.0,2283.5,2153.0,1216.0,554.0,633.0,505.0,1010.0,2623.0,2963.0,3026.0,3181.0,2516.0,1472.0,441.0,684.0,527.0,1016.0,3316.0,4164.0,4002.0,4188.0,1580.0,1074.5,478.0,619.5,837.5,952.0,1022.0,1096.5,1241.5,1246.5,3349.0,1983.0,2221.0,2176.0,1937.0,2416.0,4308.0,5077.0,4839.0,5290.0,2435.0,1100.0,767.0,820.0,541.0,902.0,3859.0,5281.0,5262.0,5556.0,2155.0,1043.5,345.0,496.0,339.5,753.0,3471.0,4879.0,4703.5,5111.5,2261.0,1058.5,391.5,565.0,375.5,855.5,3664.5,4850.5,4720.5,5108.0,2030.0,887.0,257.0,497.0,261.0,801.0,3563.0,4565.0,4762.0,4789.0,1537.0,775.0,395.0,551.5,323.5,889.0,2615.0,3154.5,3245.5,3360.5,2011.0,1089.0,407.5,722.0,516.0,1291.0,2398.5,2690.5,2810.0,3032.0,2556.0,1811.0,800.0,888.0,1018.0,1329.0,1609.0,1780.0,1835.0,2025.0,2420.0,1989.0,531.0,735.0,1060.0,1207.0,1281.0,1378.0,1501.0,1589.0,2250.0,1829.0,552.0,732.0,994.0,1146.0,1207.0,1275.0,1339.0,1418.0,2178.0,1514.0,705.0,867.0,1105.0,1268.0,1370.0,1434.0,1653.0,1630.0,1948.5,1542.0,500.5,629.0,860.0,983.5,1017.0,1103.5,1246.0,1271.5,2108.0,1780.0,529.0,677.0,917.0,1046.0,1099.0,1196.0,1274.0,1319.0,1756.0,1287.5,425.0,603.5,851.5,962.0,1047.0,1114.5,1281.5,1284.5,1854.0,1425.5,439.0,593.0,802.5,936.0,1004.0,1054.5,1171.5,1200.0,2324.0,2151.0,1831.0,1714.0,1677.0,1778.0,1841.0,1928.0,2164.0,2038.0,1727.0,1277.0,466.0,584.5,745.5,891.5,1001.0,1079.5,1152.0,1193.5,0.0,0.0,0.0,0.0,0.0,0.0,0.0,0.0,0.0,0.0,51.0,57.0,11142.0,10774.0,10494.0,10565.0,9953.0,9028.0,9225.0,8244.0,515.0,350.0,1786.0,1943.0,2220.0,2523.0,2533.0,2424.0,2114.0,2212.0,1916.0,1280.0,588.0,789.5,1021.5,1180.0,1254.0,1351.5,1493.0,1489.0,2604.0,2207.0,672.0,925.0,1244.0,1373.0,1429.0,1558.0,1710.0,1671.0,2020.0,1427.0,504.0,684.0,931.0,1070.0,1119.0,1184.0,1268.0,1371.0,1860.5,1396.5,707.0,876.0,1089.0,1205.5,1199.5,1288.0,1315.0,1410.5,"{""type"":""MultiPoint"",""coordinates"":[]}"
580,5,1986.0,1131.0,576.0,870.0,1158.0,1900.0,2807.0,3008.0,3307.0,3335.0,3118.0,2004.0,876.0,1253.0,1678.0,2317.0,2690.0,2999.0,3165.0,3428.0,0.0,0.0,0.0,0.0,0.0,0.0,0.0,0.0,0.0,0.0,4455.0,3893.0,1072.0,1385.0,1832.0,2167.0,2313.0,2517.0,2639.0,2830.0,4263.0,3595.0,964.0,1322.0,1778.0,2092.0,2254.0,2432.0,2656.0,2733.0,0.0,0.0,0.0,0.0,0.0,0.0,0.0,0.0,0.0,0.0,0.0,0.0,0.0,0.0,0.0,0.0,0.0,0.0,0.0,0.0,5122.0,4275.0,1199.0,1605.0,2014.0,2473.0,2823.0,3079.0,3090.0,3434.0,5095.0,4101.5,1157.0,1563.0,1951.0,2431.0,3057.5,3401.5,3486.5,3738.5,3677.0,2530.0,661.0,979.0,1056.0,1575.5,2840.5,3182.5,3294.5,3488.5,0.0,0.0,0.0,0.0,0.0,0.0,0.0,0.0,0.0,0.0,2933.0,1872.0,774.0,1096.0,1432.0,2065.0,2920.0,3093.0,3481.0,3439.0,2462.0,1095.0,387.0,572.0,285.5,829.0,4099.0,5529.0,5255.0,5720.0,0.0,0.0,0.0,0.0,0.0,0.0,0.0,0.0,0.0,0.0,2607.0,1081.0,297.0,477.0,235.0,742.0,4633.0,6559.0,6338.0,6856.0,0.0,0.0,0.0,0.0,0.0,0.0,0.0,0.0,0.0,0.0,2312.0,930.0,282.0,441.0,221.0,676.0,4095.0,5706.0,5606.0,6016.0,2244.5,987.5,416.5,714.5,397.5,1251.0,3875.5,4758.0,4825.5,5149.0,4789.5,4083.0,3596.5,3725.5,3900.0,4520.5,4634.5,4738.0,4411.0,4942.5,0.0,0.0,0.0,0.0,0.0,0.0,0.0,0.0,0.0,0.0,3202.0,2405.0,568.0,732.0,991.0,1223.0,1381.0,1541.0,1608.0,1784.0,3472.0,2555.5,957.5,1197.5,1530.5,1825.0,2068.0,2199.5,2349.0,2437.0,3542.0,2707.5,1744.0,1857.0,2096.0,2570.0,3085.5,3215.5,3497.0,3470.5,3467.0,2513.0,1022.0,1266.5,1489.0,1872.0,2320.5,2435.5,2624.5,2655.0,0.0,0.0,0.0,0.0,0.0,0.0,0.0,0.0,0.0,0.0,2990.0,1978.0,861.0,1171.0,1307.0,1826.0,2705.0,2848.0,3078.0,3103.0,3226.0,2187.0,880.0,1175.0,1313.0,1937.0,2735.0,2927.0,3092.0,3143.0,0.0,0.0,0.0,0.0,0.0,0.0,0.0,0.0,0.0,0.0,3055.0,2492.0,1900.0,1969.0,2009.0,2425.0,3037.0,3197.0,3475.0,3272.0,0.0,0.0,0.0,0.0,0.0,0.0,0.0,0.0,0.0,0.0,0.0,0.0,0.0,0.0,0.0,0.0,0.0,0.0,0.0,0.0,1230.0,742.0,3663.0,3778.0,4162.0,4353.0,4835.0,4803.0,5223.0,5015.0,3123.0,2047.0,778.0,1099.0,1409.0,2013.0,2732.0,3006.0,3271.0,3339.0,2738.0,1746.0,719.0,1032.0,1134.0,1829.0,2914.0,3127.0,3438.0,3402.0,2719.5,1672.0,648.0,1009.5,1084.0,1876.0,3018.5,3278.0,3564.5,3577.5,2942.0,1863.5,753.0,1157.5,1286.0,2149.5,2962.0,3230.5,3508.0,3558.0,"{""type"":""MultiPoint"",""coordinates"":[]}"
599,5,175.0,113.0,235.0,318.0,368.0,543.0,559.0,653.0,744.0,704.0,3555.0,2936.0,952.0,1238.0,1389.0,1666.0,1847.0,2043.0,2234.0,2218.0,627.0,350.0,551.0,666.0,747.0,967.0,1041.0,1205.0,1281.0,1307.0,1792.0,1198.0,510.0,621.0,617.0,886.0,1020.0,1173.0,1387.0,1355.0,2587.0,1864.0,545.0,733.0,846.0,1132.0,1283.0,1450.0,1562.0,1643.0,4025.0,3493.0,1183.0,1407.0,1575.0,1915.0,2199.0,2398.0,2485.0,2640.0,0.0,0.0,0.0,0.0,0.0,0.0,0.0,0.0,0.0,0.0,3104.5,2326.0,891.5,1112.5,1204.5,1611.0,1842.5,2041.0,2091.0,2316.5,5228.0,4222.0,4805.0,4551.0,4427.0,4715.0,4700.0,4742.0,4976.0,4617.0,3639.0,2968.0,888.0,1171.0,1314.5,1696.5,2239.5,2457.5,2536.5,2706.5,830.0,565.0,447.0,435.0,359.0,486.0,745.0,935.0,893.0,929.0,909.0,553.0,376.0,487.0,576.0,773.0,879.0,1000.0,1189.0,1198.0,3279.0,2136.0,719.0,1025.0,756.0,1540.0,3209.0,3631.0,3610.0,3951.0,3231.5,1743.5,728.5,1007.0,657.5,1310.0,4376.5,5286.0,5190.0,5553.5,1991.0,942.0,1384.0,1238.0,887.0,1197.0,2690.0,3338.0,3899.0,3300.0,2096.0,1093.5,324.5,543.0,356.5,840.5,3084.5,3947.5,3860.5,4176.0,1991.5,1071.5,327.5,555.5,372.0,879.0,2789.0,3438.5,3520.0,3582.5,0.0,0.0,0.0,0.0,0.0,0.0,0.0,0.0,0.0,0.0,2725.0,1927.5,461.5,776.0,827.0,1353.0,1919.5,2101.0,2316.0,2415.5,3266.0,2761.0,552.0,701.0,929.0,1140.0,1254.0,1355.0,1429.0,1591.0,3735.5,3013.5,768.0,963.5,1273.5,1485.5,1590.0,1765.0,1926.0,2023.0,3733.0,3059.0,876.0,1019.0,1331.0,1572.0,1630.0,1802.0,1941.0,2059.0,0.0,0.0,0.0,0.0,0.0,0.0,0.0,0.0,0.0,0.0,2092.0,1786.0,583.0,692.5,864.0,998.5,1056.0,1140.5,1253.0,1280.5,2261.0,1939.0,596.0,730.0,906.0,1079.0,1132.0,1188.0,1259.0,1384.0,1263.0,843.0,267.0,376.0,514.0,587.0,640.0,696.0,821.0,831.0,1972.0,1571.0,513.5,610.0,779.5,900.5,989.0,1088.0,1146.5,1238.5,0.0,0.0,0.0,0.0,0.0,0.0,0.0,0.0,0.0,0.0,1421.0,946.0,418.0,447.0,560.0,641.0,714.0,823.0,916.0,945.0,0.0,0.0,0.0,0.0,0.0,0.0,0.0,0.0,0.0,0.0,100.0,141.0,14364.0,13104.0,12194.0,12048.0,11331.0,10577.0,10820.0,9690.0,0.0,0.0,0.0,0.0,0.0,0.0,0.0,0.0,0.0,0.0,520.0,302.0,385.0,470.0,519.0,735.0,839.0,949.0,1056.0,1095.0,1158.0,640.0,412.0,592.0,649.0,904.0,1067.0,1180.0,1358.0,1346.0,409.0,250.0,353.0,500.0,550.0,827.0,940.0,1044.0,1168.0,1180.0,365.0,211.0,412.0,577.0,652.0,879.0,943.0,1058.0,1123.0,1142.0,"{""type"":""MultiPoint"",""coordinates"":[]}"
627,3,2337.0,1505.0,694.0,1013.0,1284.0,1616.0,1803.0,1892.0,2119.0,2058.0,4412.5,3806.0,1472.0,2100.0,2618.0,3065.5,3242.0,3377.0,3517.5,3562.5,2139.5,1337.5,733.0,1121.0,1337.0,1753.5,1924.5,2064.0,2155.5,2145.0,0.0,0.0,0.0,0.0,0.0,0.0,0.0,0.0,0.0,0.0,5116.0,4671.0,1572.0,2305.0,2934.0,3333.0,3517.0,3672.0,3890.0,3882.0,5844.5,5354.5,1894.0,2705.0,3331.5,3897.5,4114.0,4402.5,4444.5,4502.0,0.0,0.0,0.0,0.0,0.0,0.0,0.0,0.0,0.0,0.0,4803.5,4034.5,1273.0,1810.5,1964.5,2600.0,3430.0,3816.5,3857.0,4067.5,1324.5,745.5,304.0,609.0,364.0,970.0,2335.0,2822.5,2695.5,2786.0,2037.0,978.0,291.0,530.5,223.5,801.0,3182.5,4515.5,4366.5,4554.5,1999.0,939.0,544.0,691.0,377.0,800.0,3087.0,4610.0,4386.0,4601.0,2885.0,2153.5,757.5,1154.0,1469.0,1790.0,1942.5,2071.0,2335.5,2249.5,1743.0,756.0,374.0,478.0,237.0,650.0,3016.0,4957.0,4730.0,5136.0,1708.0,773.0,387.0,516.0,262.0,645.0,2918.0,4753.0,4810.0,4968.0,1460.5,610.0,331.5,595.5,276.0,915.0,3103.5,4645.0,4610.5,4930.0,1693.0,815.0,471.0,786.0,427.0,1169.0,3418.0,4753.0,4564.0,4963.0,1695.0,843.0,433.0,777.0,481.0,1235.0,3290.0,4233.0,4452.0,4662.0,1214.0,594.0,391.0,684.0,471.0,1164.5,2416.0,2946.0,2915.0,3269.5,1848.5,1020.0,493.5,927.0,831.5,1658.5,2658.0,2979.0,3120.5,3349.0,1896.0,1158.0,519.0,821.0,900.0,1450.0,1908.0,2166.0,2241.0,2386.0,2363.0,1559.0,590.0,891.0,1171.0,1562.0,1892.0,2104.0,2335.0,2367.0,2087.5,1448.0,559.5,830.0,1205.0,1506.5,1666.5,1864.0,2039.5,2102.5,3207.5,2591.5,961.5,1496.5,1909.5,2281.5,2448.0,2546.0,2839.0,2688.5,1967.0,1311.0,508.0,722.0,1051.0,1310.0,1460.0,1581.0,1829.0,1825.0,5354.0,5132.0,5533.0,5230.0,5172.0,5454.0,5418.0,5257.0,5733.0,5335.0,1812.0,1204.0,523.0,779.5,1195.0,1434.5,1530.0,1660.5,1906.5,1923.0,2236.0,1551.0,738.0,1086.0,1595.0,1875.0,2046.0,2140.0,2416.0,2466.0,0.0,0.0,0.0,0.0,0.0,0.0,0.0,0.0,0.0,0.0,2111.0,1482.0,859.0,1115.0,1574.0,1824.0,1862.0,2082.0,2313.0,2223.0,2881.5,2515.0,2056.5,2074.0,2223.0,2409.0,2480.5,2563.5,2887.5,2670.5,1041.0,1155.0,10182.0,10016.0,10030.0,10288.0,9915.0,9574.0,9905.0,9188.0,1278.5,860.5,593.5,916.0,1173.0,1443.0,1545.0,1635.0,1730.0,1717.5,2997.0,2296.0,714.0,1166.0,1550.0,1799.0,1990.0,2063.0,2357.0,2286.0,3051.5,2421.5,969.0,1439.0,1770.0,2121.0,2244.5,2415.0,2615.5,2534.0,2432.0,1691.0,753.0,1089.0,1358.0,1679.0,1832.0,1975.0,2110.0,2111.0,4695.0,4358.0,1584.0,2248.0,2848.0,3227.0,3392.0,3568.0,3649.0,3694.0,"{""type"":""MultiPoint"",""coordinates"":[]}"
650,5,2993.5,2652.0,2268.5,2311.5,2539.0,2677.0,2684.0,2767.0,3078.0,2876.0,2800.0,2021.0,909.0,1179.0,1555.0,1824.0,1975.0,2169.0,2432.0,2430.0,1953.0,1387.0,721.0,981.5,1352.5,1571.5,1662.0,1788.5,1929.5,1952.0,2200.0,1585.0,1250.0,1525.5,1820.5,2190.0,2409.0,2561.5,2604.5,2731.0,3093.0,2374.0,760.0,1103.0,1535.0,1819.0,1949.0,2128.0,2263.0,2332.0,4721.0,4080.0,1448.0,1901.0,2402.0,2843.0,3020.0,3229.0,3273.0,3474.0,0.0,0.0,0.0,0.0,0.0,0.0,0.0,0.0,0.0,0.0,5936.5,5425.0,2091.0,2767.5,3442.0,4010.0,4136.5,4337.0,4447.5,4607.0,6215.0,5451.0,2293.0,2972.0,3554.0,4159.0,4490.0,4839.0,4833.0,5138.0,3718.5,3133.0,1007.5,1420.0,1730.0,2186.5,2710.5,2945.0,3032.0,3144.0,2686.0,1680.5,729.5,1040.0,1106.5,1632.0,2467.0,2762.5,2794.0,2892.5,1517.0,998.0,398.0,615.0,926.0,1065.0,1179.0,1307.0,1441.0,1449.0,4083.0,2909.0,920.0,1292.0,1240.0,2009.0,3931.0,4646.0,4549.0,4861.0,2439.0,1174.0,453.0,649.0,359.0,969.0,3670.0,4793.0,4899.0,4875.0,2441.0,1052.0,328.5,516.0,260.5,788.0,4062.5,5517.0,5510.0,5817.0,2540.0,1097.0,331.0,563.0,302.0,752.0,4046.0,5770.0,5598.0,6078.0,2368.5,1011.0,299.0,478.5,262.0,768.5,4108.0,5610.5,5775.0,5917.5,2482.0,1068.5,362.5,590.0,326.0,927.5,4301.5,5745.0,5731.0,6165.0,2187.0,1039.0,345.0,614.0,275.0,977.0,3935.0,4757.0,5034.0,5108.0,2194.0,1114.5,724.5,1078.5,785.5,1993.5,3304.5,3681.5,3737.5,4060.0,2554.5,1699.5,348.0,635.0,802.0,1381.0,1783.0,2048.0,2278.0,2489.0,2423.0,1795.0,559.5,820.0,1203.0,1416.5,1539.5,1720.5,1808.5,1890.5,1553.5,1095.0,439.0,592.0,886.0,1053.0,1100.0,1198.0,1341.0,1343.5,2500.0,1930.0,729.0,1038.0,1406.0,1646.0,1705.0,1881.0,2048.0,2055.0,3038.0,2556.0,1065.0,1473.0,1941.0,2294.0,2491.0,2697.0,2661.0,2952.0,2314.0,1607.5,646.5,1026.5,1396.5,1626.5,1777.5,1896.5,2103.0,2050.0,2570.5,1917.5,698.0,1095.0,1457.5,1736.5,1865.5,1980.0,2137.0,2175.5,0.0,0.0,0.0,0.0,0.0,0.0,0.0,0.0,0.0,0.0,2335.0,1617.0,803.0,1148.5,1460.0,1786.5,1920.5,2069.0,2278.0,2222.5,4374.0,4075.0,2990.0,3119.0,3399.0,3578.0,3621.0,3766.0,3926.0,3907.0,1281.0,1047.0,4733.0,4797.0,5189.0,5540.0,5556.0,5496.0,5655.0,5554.0,1294.0,903.5,772.5,986.0,1300.5,1510.5,1530.0,1697.0,1714.5,1752.5,1578.0,1110.0,537.0,625.0,836.0,1035.0,1096.0,1186.0,1248.0,1330.0,2002.0,1363.5,768.0,1015.5,1392.0,1617.5,1744.5,1885.5,2081.0,2083.0,1930.0,1245.0,651.0,922.0,1290.0,1524.0,1629.0,1760.0,1941.0,2016.0,4189.0,3475.0,1223.0,1572.0,2018.0,2358.0,2462.0,2647.0,2845.0,2955.0,"{""type"":""MultiPoint"",""coordinates"":[]}"
670,5,1806.0,1050.0,474.0,772.0,765.0,1396.0,2168.0,2345.0,2752.0,2665.0,2625.0,1695.0,808.0,1357.0,1348.0,2030.0,2677.0,2945.0,3341.0,3123.0,2208.0,1558.0,712.0,939.0,1174.0,1459.0,1603.0,1801.0,1958.0,1938.0,3164.0,2620.0,932.0,1197.0,1566.0,1780.0,1894.0,2074.0,2310.0,2289.0,3856.0,3343.0,1097.0,1393.0,1840.0,2046.0,2178.0,2361.0,2632.0,2724.0,4662.5,4280.5,1503.5,1874.5,2421.0,2705.0,2837.0,3025.5,3216.5,3291.0,4918.0,4659.0,1688.0,2076.0,2661.0,2988.0,2999.0,3193.0,3385.0,3496.0,2738.0,1963.0,639.0,861.0,1055.0,1368.0,1456.0,1622.0,1742.0,1888.0,3550.0,2659.0,1439.0,1596.0,1648.0,2027.0,2115.0,2564.0,2512.0,2558.0,5117.0,4331.0,1598.0,2123.0,2494.0,3106.5,3512.0,3769.5,3847.5,4068.5,2464.0,1755.0,1430.0,1461.0,1386.0,1763.0,2535.0,2878.0,2985.0,2950.0,2260.0,1449.0,561.0,852.0,885.0,1518.0,2410.0,2567.0,2861.0,2785.0,3672.5,2568.5,1546.5,1701.0,1574.0,2151.5,3444.5,3938.5,3973.0,4238.0,3336.0,2564.0,832.0,1103.0,1123.0,1677.0,2972.0,3554.0,3635.0,3691.0,0.0,0.0,0.0,0.0,0.0,0.0,0.0,0.0,0.0,0.0,2076.0,969.0,363.0,518.0,318.0,804.0,3069.0,3861.0,3901.0,4128.0,2083.5,1083.5,323.5,549.0,359.0,883.0,2818.5,3571.0,3738.5,3751.5,0.0,0.0,0.0,0.0,0.0,0.0,0.0,0.0,0.0,0.0,2529.5,1561.5,443.0,818.5,718.5,1371.0,2457.0,2774.0,3041.0,3108.5,2760.0,2004.0,509.0,656.0,829.0,1088.0,1287.0,1402.0,1505.0,1686.0,3042.5,2344.0,520.5,690.5,875.0,1117.0,1323.0,1475.0,1665.0,1737.5,2537.5,1914.5,526.0,681.0,828.0,1063.5,1253.5,1387.0,1496.0,1593.5,0.0,0.0,0.0,0.0,0.0,0.0,0.0,0.0,0.0,0.0,3081.0,2204.5,700.0,904.5,1048.0,1376.5,1658.5,1818.5,2035.5,2064.5,2255.0,1536.0,580.0,725.0,739.0,1076.0,1542.0,1696.0,1469.0,1998.0,1900.0,1085.0,368.0,625.0,627.0,1112.0,1769.0,1920.0,2161.0,2152.0,2186.5,1365.5,498.0,764.0,718.5,1251.5,1995.0,2225.5,2358.0,2432.0,0.0,0.0,0.0,0.0,0.0,0.0,0.0,0.0,0.0,0.0,1699.0,953.0,359.0,696.0,526.0,1176.0,2140.0,2333.0,2644.0,2593.0,0.0,0.0,0.0,0.0,0.0,0.0,0.0,0.0,0.0,0.0,336.0,389.0,10752.0,10386.0,10278.0,10240.0,9956.0,9462.0,9912.0,9108.0,0.0,0.0,0.0,0.0,0.0,0.0,0.0,0.0,0.0,0.0,2173.0,1324.0,447.0,786.0,783.0,1477.0,2334.0,2651.0,2902.0,2844.0,2296.0,1317.0,502.0,904.0,763.0,1535.0,2757.0,3079.0,3409.0,3150.0,1428.0,731.0,263.0,687.0,486.0,1412.0,2692.0,2905.0,3303.0,3124.0,1451.0,756.0,475.0,870.0,742.0,1485.0,2387.0,2635.0,2879.0,2781.0,"{""type"":""MultiPoint"",""coordinates"":[]}"
691,5,39.0,26.0,492.0,695.0,744.0,747.0,433.0,440.0,424.0,244.0,4844.5,4460.0,1245.0,1609.0,2123.0,2464.5,2550.0,2770.0,2916.5,3057.5,2730.0,1930.0,754.0,967.0,1330.0,1580.0,1685.0,1857.0,2068.0,2115.0,2762.0,1996.0,849.0,1154.0,1465.0,1939.0,2096.0,2320.0,2483.0,2683.0,4415.5,3842.0,1389.5,1798.0,2382.5,2740.5,2823.0,3046.0,3244.0,3340.0,0.0,0.0,0.0,0.0,0.0,0.0,0.0,0.0,0.0,0.0,0.0,0.0,0.0,0.0,0.0,0.0,0.0,0.0,0.0,0.0,4744.5,3964.0,1198.0,1602.0,1890.5,2441.5,2909.0,3257.0,3339.5,3590.5,3824.5,3096.5,1151.5,1457.0,1584.5,2051.0,2864.0,3135.5,3085.0,3495.5,2562.0,1554.0,570.0,725.0,577.0,1204.0,2596.0,2804.0,2864.0,3180.0,2850.0,1594.0,756.0,976.0,740.0,1395.0,3492.0,4053.0,3940.0,4482.0,57.0,54.0,568.0,826.0,914.0,1009.0,692.0,727.0,675.0,494.0,2069.0,907.0,208.0,450.0,213.0,755.0,3276.0,4115.0,3999.0,4388.0,2250.5,1066.5,485.0,614.0,374.0,817.5,3546.5,4952.0,4959.0,5176.5,2140.0,1008.0,464.0,659.0,461.0,947.0,3133.0,4300.0,4198.0,4527.0,1950.0,904.0,345.0,524.0,282.0,796.0,3045.0,3988.0,3886.0,4216.0,2255.5,1240.0,416.5,769.0,495.0,1228.0,3052.5,3555.5,3744.5,3840.0,2522.0,1623.0,462.5,772.0,720.0,1330.5,2015.0,2308.5,2412.5,2643.5,2481.5,1754.0,513.5,648.5,816.5,1070.0,1205.5,1377.5,1514.0,1608.5,3128.0,2290.0,740.0,936.0,1207.0,1453.0,1567.0,1683.0,1760.0,1915.0,3912.0,2918.0,947.0,1201.0,1535.0,1827.5,1930.0,2123.0,2240.0,2388.0,3905.0,3082.0,917.0,1149.0,1464.0,1760.0,1864.0,2044.0,2179.0,2296.0,74.5,70.0,357.5,397.0,383.5,442.5,312.5,324.5,316.0,253.5,2880.5,2460.0,772.0,1000.0,1337.5,1549.5,1646.5,1814.5,1971.0,1988.0,2541.5,1832.0,827.5,998.5,1315.5,1492.5,1561.5,1748.5,1952.0,1959.5,2782.5,2095.0,614.0,894.0,1296.0,1487.0,1643.0,1794.0,2053.0,2033.5,2686.5,1941.5,578.0,861.0,1245.0,1496.5,1615.0,1775.0,1946.5,2030.5,0.0,0.0,0.0,0.0,0.0,0.0,0.0,0.0,0.0,0.0,2258.0,1569.0,651.0,943.0,1292.0,1580.0,1705.0,1932.0,2184.0,2183.0,0.0,0.0,0.0,0.0,0.0,0.0,0.0,0.0,0.0,0.0,584.0,641.0,10876.0,10548.0,10356.0,10397.0,10074.0,9577.0,9932.0,9136.0,403.5,260.5,4167.0,4178.0,4346.0,4524.5,4335.0,4159.0,4317.5,4060.0,1534.0,904.0,292.0,417.0,518.0,683.0,728.0,813.0,928.0,948.0,3579.0,3034.0,722.0,997.0,1269.0,1494.0,1599.0,1743.0,2013.0,2003.0,2250.0,1416.0,403.0,597.0,824.0,1018.0,1113.0,1228.0,1323.0,1436.0,2391.0,1461.0,720.0,985.0,1289.0,1517.0,1634.0,1783.0,1954.0,2005.0,"{""type"":""MultiPoint"",""coordinates"":[]}"
708,1,2288.5,1515.5,525.5,714.5,903.5,1221.5,1531.0,1678.5,1894.0,1894.5,3212.0,2721.5,1748.0,2007.0,2109.5,2378.5,2404.5,2580.0,2670.0,2779.0,2850.5,2214.5,884.0,1120.0,1453.5,1662.0,1735.0,1886.0,2063.5,2105.0,3753.0,3153.0,1246.5,1424.5,1567.5,2073.0,2289.5,2543.5,2739.5,2720.5,2873.5,2208.0,717.5,1029.0,1240.0,1560.5,1779.0,1921.5,2074.0,2132.5,4660.0,3852.0,1586.5,1966.5,2117.0,2665.5,3628.5,4055.5,4286.5,4314.5,4112.5,3723.0,3605.5,3523.0,3454.0,3972.0,4232.5,4344.5,4112.0,4449.5,1839.5,776.0,236.0,446.0,220.5,596.5,3228.5,4939.0,4961.5,5048.5,1763.0,748.0,304.0,485.5,249.0,629.5,3468.0,4907.5,5420.0,5070.5,1624.5,653.0,314.0,461.0,249.0,580.0,3014.0,4976.0,5071.5,5251.0,1775.5,730.0,368.0,517.0,304.5,651.0,3002.0,5140.5,5131.0,5352.0,3062.0,2400.5,736.0,937.0,1192.0,1505.0,1817.5,1977.5,2163.5,2193.5,1692.5,666.0,373.0,545.5,319.0,697.0,3022.0,4699.5,4690.5,4931.5,1630.5,677.0,482.0,648.0,382.0,769.0,2934.5,4419.5,4474.0,4692.0,2072.0,1002.0,407.0,667.5,448.0,1033.5,2852.0,3909.0,3894.5,4219.0,2061.5,1229.0,522.5,650.0,682.0,1017.5,1606.0,1985.5,2021.5,2235.5,2962.0,2126.5,444.5,600.0,874.0,1099.5,1277.0,1460.0,1596.5,1739.5,2411.5,1713.0,352.0,442.0,647.0,816.0,919.0,1080.5,1155.5,1286.5,3988.5,2973.0,944.0,1223.5,1816.5,2125.0,2258.0,2458.5,2770.0,2798.5,3384.0,2608.0,778.5,1045.0,1464.5,1742.5,1851.5,2005.5,2120.5,2285.5,3606.5,2986.5,956.0,1233.0,1732.5,2031.0,2142.5,2354.5,2463.5,2650.5,3356.5,2488.5,841.0,1127.0,1543.0,1824.0,1966.5,2135.0,2311.5,2416.0,2566.5,1954.0,1908.5,1895.5,1940.0,2196.5,2353.5,2439.0,2612.0,2562.0,3150.0,2404.0,864.0,1114.5,1526.0,1779.0,1925.5,2077.5,2341.5,2367.0,3266.5,2496.0,899.0,1171.0,1596.0,1891.0,2033.0,2169.5,2392.5,2474.5,3064.5,2217.5,814.0,1111.5,1521.5,1770.5,1959.0,2103.5,2401.0,2401.5,3174.0,2348.5,811.5,1122.0,1536.5,1807.0,1977.5,2141.5,2321.5,2394.0,4041.5,3115.5,2861.0,2943.5,3016.5,3345.0,3630.0,3864.0,3914.5,4262.5,2339.5,1600.0,699.0,905.5,1217.5,1503.5,1752.0,1951.5,2165.5,2198.0,2776.0,2330.0,1962.5,1924.0,1987.0,2210.5,2386.5,2447.5,2562.5,2525.5,301.0,344.0,12675.0,11821.5,11301.0,11235.5,10662.0,10074.0,10348.0,9513.5,171.5,151.0,7678.0,7797.0,7978.0,8385.0,7950.0,7519.5,7714.0,7140.0,2733.0,1932.0,581.0,850.5,998.0,1424.5,1910.0,2080.5,2332.0,2306.5,3485.5,3247.5,914.5,1175.0,1529.0,1693.5,1809.5,1946.0,2214.5,2184.0,2529.5,1872.5,558.5,750.0,1068.5,1226.5,1327.5,1483.0,1689.5,1739.5,2946.0,2263.5,786.0,1063.0,1346.0,1577.0,1682.0,1803.5,1998.5,2052.0,"{""type"":""MultiPoint"",""coordinates"":[]}"
717,1,2396.0,1772.5,703.0,946.0,1295.0,1492.5,1603.0,1683.0,1917.5,1868.0,3979.0,3491.5,1396.0,1852.5,2325.0,2676.5,2795.5,2934.0,3097.5,3098.0,2593.5,1920.5,742.5,1033.0,1362.5,1602.0,1675.5,1822.0,1954.0,1986.5,0.0,0.0,0.0,0.0,0.0,0.0,0.0,0.0,0.0,0.0,3107.5,2412.0,1298.0,1612.0,1789.0,2176.5,2572.5,2797.5,2756.0,2950.0,5173.0,4222.5,1566.0,2215.5,2570.0,3216.5,4278.5,4784.5,4724.5,4948.0,0.0,0.0,0.0,0.0,0.0,0.0,0.0,0.0,0.0,0.0,1763.0,761.5,257.5,413.0,220.5,523.0,3006.0,4576.5,4699.0,4736.5,645.5,344.5,53.5,106.5,60.5,155.0,1018.0,1798.5,1825.0,1785.5,1654.0,668.0,221.0,350.5,191.0,440.0,2794.0,4942.5,4939.5,5251.0,1672.0,659.0,319.5,433.5,265.5,538.5,2647.5,4611.0,4666.5,4878.0,2308.0,1769.5,674.5,890.5,1183.5,1327.0,1427.0,1574.5,1740.5,1663.0,1718.5,678.0,280.5,367.0,218.5,489.5,2626.0,4684.0,4668.0,5027.5,278.0,120.5,275.5,264.5,160.5,260.0,812.5,1272.5,1167.5,1184.0,0.0,0.0,0.0,0.0,0.0,0.0,0.0,0.0,0.0,0.0,2434.5,1556.0,443.5,617.0,753.5,1125.0,1535.0,1792.0,1840.5,2122.5,2728.0,1928.0,429.0,589.0,873.5,1114.0,1251.0,1446.0,1603.0,1716.5,0.0,0.0,0.0,0.0,0.0,0.0,0.0,0.0,0.0,0.0,3351.5,2661.5,1074.0,1350.5,1625.5,2029.0,2300.5,2581.5,2542.5,2703.0,2205.5,1400.5,617.5,883.5,1065.0,1471.0,1813.5,1924.5,1908.0,2140.5,3078.0,2194.5,687.5,1025.0,1258.5,1678.0,2048.0,2207.0,2422.5,2440.0,2290.0,1730.5,563.0,864.0,979.5,1364.5,1707.0,1876.5,1976.5,2023.0,0.0,0.0,0.0,0.0,0.0,0.0,0.0,0.0,0.0,0.0,3114.5,2231.0,678.5,1018.5,1294.0,1806.5,2066.0,2278.0,2559.5,2558.5,0.0,0.0,0.0,0.0,0.0,0.0,0.0,0.0,0.0,0.0,2517.5,1742.5,607.0,896.5,1323.0,1592.5,1744.0,1867.5,2099.5,2088.0,2313.5,1582.5,547.5,822.5,1204.0,1486.5,1608.5,1782.0,2007.0,2010.5,0.0,0.0,0.0,0.0,0.0,0.0,0.0,0.0,0.0,0.0,1922.0,1269.0,548.5,746.0,999.5,1266.5,1471.5,1621.0,1819.0,1819.5,0.0,0.0,0.0,0.0,0.0,0.0,0.0,0.0,0.0,0.0,1107.0,1214.0,10440.5,10206.0,10230.0,10417.5,10129.0,9756.5,10090.0,9429.5,2080.0,1439.5,737.5,1000.0,1332.0,1560.0,1626.0,1752.5,1888.0,1902.0,2819.0,2161.5,824.0,1149.0,1520.5,1763.5,1841.5,1958.0,2156.0,2104.0,2940.5,2203.5,884.0,1222.0,1594.0,1852.0,1976.0,2106.5,2302.0,2305.0,2914.5,2196.0,902.0,1235.5,1635.5,1903.5,1993.0,2161.0,2332.5,2317.5,3857.0,3049.0,1508.5,1893.5,2336.5,2730.5,2925.0,3097.5,3251.5,3258.5,"{""type"":""MultiPoint"",""coordinates"":[]}"
732,1,2561.0,1833.0,709.0,1022.0,1457.0,1722.0,1937.0,2082.0,2337.0,2300.0,5019.5,4336.0,1546.5,2181.5,2762.0,3357.0,3551.5,3754.0,3922.5,4011.5,3029.0,2136.0,906.0,1260.0,1729.0,2087.0,2246.0,2423.0,2656.0,2694.0,4001.5,3236.5,1114.5,1640.5,1919.5,2569.5,3130.0,3390.5,3593.5,3623.5,2757.0,1804.0,634.0,1040.0,1150.0,1751.0,2510.0,2753.0,2968.0,2974.0,4434.0,3246.0,1058.0,1516.0,1525.0,2303.0,4437.0,5341.0,5353.0,5634.0,0.0,0.0,0.0,0.0,0.0,0.0,0.0,0.0,0.0,0.0,2106.0,1031.0,621.0,840.0,540.0,1115.0,3415.0,5307.0,5339.0,5489.0,1743.0,749.0,292.0,452.0,234.0,582.0,2968.0,4820.0,4807.0,5051.0,2102.0,1008.0,348.0,613.0,428.0,854.0,3278.0,5138.0,5261.0,5366.0,2186.0,996.0,374.0,607.0,352.0,834.0,3398.0,5217.0,5223.0,5474.0,2866.0,2202.0,867.0,1187.0,1628.0,1934.0,2108.0,2259.0,2497.0,2494.0,2074.0,892.0,631.0,773.0,452.0,915.0,3562.0,5376.0,5298.0,5815.0,3222.0,1779.0,1450.0,1618.0,1427.0,1983.0,3590.0,4562.0,4611.0,4991.0,4386.0,2966.0,888.0,1147.0,1837.0,2397.0,2593.0,3114.0,3330.0,3846.0,3649.0,3018.0,866.0,1032.0,1271.0,1645.0,1877.0,2105.0,1981.0,2408.0,4702.0,3706.0,1018.0,1384.5,1927.5,2286.0,2451.0,2675.5,2861.0,3018.5,3735.0,3215.0,933.5,1286.5,1888.5,2287.5,2386.5,2603.0,2534.5,2876.0,4260.0,3804.0,1192.5,1630.0,2304.0,2625.0,2707.5,2917.5,3051.5,3144.5,3863.0,3176.0,929.0,1326.0,1918.0,2303.0,2404.0,2602.0,2626.0,2880.0,4523.0,3987.0,1194.0,1662.0,2287.0,2675.0,2796.0,2987.0,3090.0,3247.0,4193.0,3258.0,1128.0,1566.0,2076.0,2585.0,2920.0,3147.0,3348.0,3410.0,1142.0,914.0,530.0,621.0,752.0,882.0,993.0,1083.0,1227.0,1196.0,3010.0,2145.5,680.5,1060.5,1343.0,1829.5,2271.0,2474.0,2694.0,2764.0,2815.0,2043.5,746.5,1080.5,1400.5,1871.0,2252.0,2470.0,2670.5,2701.0,2853.0,2072.0,635.0,1027.0,1344.0,1809.0,2252.0,2465.0,2794.0,2736.0,2889.0,2155.0,661.0,1046.0,1380.0,1834.0,2388.0,2597.0,2733.0,2817.0,0.0,0.0,0.0,0.0,0.0,0.0,0.0,0.0,0.0,0.0,2254.0,1443.0,575.0,871.0,868.0,1493.0,2522.0,2791.0,2990.0,3000.0,0.0,0.0,0.0,0.0,0.0,0.0,0.0,0.0,0.0,0.0,170.0,209.0,10344.0,10284.0,10254.0,10419.0,10020.0,9446.0,9754.0,8893.0,2430.5,1911.5,2332.5,2521.5,2605.0,2892.0,2790.0,2832.5,3176.5,2856.0,2713.0,1955.0,797.0,1137.0,1545.0,1870.5,2131.0,2303.5,2530.0,2506.0,4927.0,4268.0,1581.0,2166.0,2797.0,3247.0,3524.0,3708.0,4040.0,4041.0,3550.0,2906.0,1060.0,1492.0,2051.0,2385.0,2555.0,2741.0,3053.0,3018.0,2764.0,2065.0,750.0,1053.0,1613.0,1914.0,2023.0,2294.0,2356.0,2521.0,"{""type"":""MultiPoint"",""coordinates"":[]}"
740,5,2475.0,1675.0,785.0,1002.0,1386.0,1588.0,1745.0,1829.0,2128.0,2137.0,3991.0,3044.0,1113.0,1492.0,1904.0,2192.0,2352.0,2496.0,2695.0,2778.0,2601.0,1774.0,807.5,1183.0,1607.0,1861.0,1896.5,2057.0,2161.5,2227.5,2496.0,1709.0,1098.0,1555.0,1891.0,2134.0,2145.0,2249.0,2427.0,2395.0,4349.0,3851.0,1389.0,1962.0,2509.0,2751.0,2879.0,3015.0,3203.0,3197.0,6355.0,5870.0,5060.0,5213.0,5255.0,5838.0,5888.0,5971.0,6153.0,5879.0,5576.0,5064.0,4883.0,4994.0,5142.0,5623.0,5887.0,5888.0,5904.0,6132.0,3541.0,2929.5,1283.5,1760.0,1869.5,2347.0,3075.5,3308.0,3385.5,3394.0,4101.0,3193.5,1065.0,1615.0,1826.5,2336.0,3499.5,3920.0,3993.0,4147.0,3570.5,2646.0,797.0,1266.0,1456.0,1927.5,3177.5,3592.5,3636.5,3762.5,0.0,0.0,0.0,0.0,0.0,0.0,0.0,0.0,0.0,0.0,3172.0,2373.0,816.0,1060.0,1481.0,1644.0,1776.0,1931.0,2140.0,2160.0,2511.5,1323.5,381.5,579.5,365.5,883.0,3806.0,5420.5,5296.0,5732.5,1979.0,917.0,350.5,500.0,299.5,707.0,3515.0,5102.5,5088.0,5345.5,1952.0,830.0,1052.0,816.0,473.0,829.0,3463.0,4509.0,4350.0,4669.0,2217.0,954.0,318.0,484.0,284.0,725.0,3809.0,5410.0,5225.0,5656.0,1798.0,813.0,193.0,474.0,228.0,712.0,3493.0,4668.0,4817.0,4900.0,1623.0,722.0,185.0,522.0,238.0,1021.0,3594.0,4463.0,4460.0,4663.0,2162.0,1226.5,429.5,887.0,691.0,1660.5,2396.0,2749.5,2760.5,3080.0,2249.5,1625.5,513.0,643.5,815.5,1018.0,1153.0,1280.5,1337.0,1467.0,2580.5,1905.0,529.5,684.5,905.0,1077.5,1192.0,1361.5,1397.5,1568.0,3761.0,3230.0,1269.5,1541.5,1883.5,2125.5,2269.0,2441.0,2680.5,2682.5,3467.5,2652.5,1540.0,1742.5,2094.0,2257.5,2387.5,2516.5,2819.5,2698.0,2117.0,1654.0,486.0,719.0,980.0,1079.0,1165.0,1208.0,1402.0,1372.0,2347.0,1550.0,677.0,908.0,1238.0,1383.0,1455.0,1616.0,1786.0,1698.0,2236.5,1564.5,504.0,852.5,1200.5,1359.5,1479.0,1593.5,1767.0,1723.0,2612.5,1995.0,644.5,1019.0,1346.0,1570.5,1651.5,1796.5,1946.5,1941.0,0.0,0.0,0.0,0.0,0.0,0.0,0.0,0.0,0.0,0.0,2535.0,1847.0,724.0,1043.0,1332.0,1557.0,1691.0,1819.0,1978.0,1954.0,0.0,0.0,0.0,0.0,0.0,0.0,0.0,0.0,0.0,0.0,1124.0,1222.0,10360.0,10044.0,10044.0,10146.0,9884.0,9447.0,9888.0,9192.0,1374.5,957.0,1276.5,1474.5,1767.5,1963.5,1981.0,2038.0,2092.5,2173.0,2998.0,2181.5,815.5,1151.5,1565.0,1791.5,1913.5,2049.0,2270.5,2287.5,3377.5,2517.5,1071.0,1364.5,1756.0,2000.0,2153.5,2301.0,2508.0,2517.0,2696.0,1913.0,754.0,1061.0,1439.0,1679.0,1792.0,1921.0,2107.0,2123.0,3930.5,3014.0,1652.5,1980.0,2356.5,2769.5,2954.0,3105.5,3266.0,3331.5,"{""type"":""MultiPoint"",""coordinates"":[]}"
741,1,2704.0,1940.0,818.0,1176.0,1580.0,1952.0,2238.0,2373.0,2576.0,2584.0,4734.0,4074.5,1884.5,2692.0,3245.5,3869.5,4079.5,4218.5,4237.0,4340.0,3132.0,2290.0,938.0,1390.0,1793.0,2210.0,2486.0,2658.0,2827.0,2842.0,3645.0,2720.0,972.5,1478.5,1687.0,2224.0,3464.0,3871.5,3995.0,4054.5,2590.0,1585.0,526.0,929.0,906.0,1437.0,3037.0,3595.0,3783.0,3726.0,2297.5,1112.5,404.5,657.5,420.0,845.5,3790.5,5561.5,5671.0,5756.0,1578.0,779.0,766.0,808.0,507.0,853.0,3395.0,5587.0,4987.0,5892.0,1773.0,722.0,312.0,473.0,284.0,608.0,3096.0,5125.0,5072.5,5376.5,1555.0,691.0,292.0,417.0,244.0,520.0,2727.0,4500.0,4708.0,4742.0,1899.0,789.0,367.0,517.0,319.0,691.0,3084.0,4782.0,4979.0,5087.0,1933.0,821.0,376.0,561.0,358.0,724.0,2992.0,4681.0,4732.0,4979.0,2729.5,2011.5,887.5,1286.0,1702.0,2058.5,2344.0,2495.5,2671.5,2663.5,2222.5,1143.0,714.5,899.5,674.5,1194.0,3326.5,4566.0,4499.0,4950.5,2540.0,1428.0,861.0,1048.5,978.0,1485.0,2504.5,3006.5,3340.5,3433.5,3280.0,2121.5,582.5,832.5,1138.5,1557.0,1936.5,2287.5,2418.0,2807.0,2164.5,1424.0,406.0,505.5,645.0,873.5,985.0,1119.0,1110.0,1282.0,5376.0,3789.0,1478.5,2015.5,2878.0,3336.0,3529.5,3833.0,3999.5,4254.5,4880.0,3397.0,1287.0,1802.0,2620.0,3123.0,3148.0,3341.0,3547.0,3728.0,3638.0,2902.0,1077.0,1477.0,2015.0,2390.0,2488.0,2697.0,2790.0,2920.0,4397.0,3588.0,1180.0,1726.0,2194.0,2775.0,3047.0,3209.0,3268.0,3476.0,4402.0,3466.0,954.0,1259.0,1598.0,1988.0,2307.0,2548.0,2659.0,2902.0,3644.0,3207.0,1053.5,1473.0,2065.0,2354.5,2435.5,2569.5,2686.5,2784.0,3000.0,2238.0,924.0,1312.0,1689.0,2107.0,2557.0,2683.0,2956.0,2885.0,3004.5,2392.0,926.5,1342.0,1743.0,2189.5,2313.0,2430.0,2630.0,2598.0,4235.0,3538.0,1148.0,1773.0,1979.0,2783.0,3089.0,3277.0,3443.0,3470.0,2635.0,1756.0,685.0,1145.0,1310.0,1906.0,2518.0,2715.0,2971.0,2893.0,2697.0,1832.0,779.0,1235.0,1280.0,1992.0,2701.0,2944.0,2998.0,3012.0,3039.0,2331.0,3211.0,3315.0,3151.0,3198.0,3136.0,3089.0,3757.0,3077.0,2147.5,1100.0,483.5,847.5,540.5,1338.5,3562.0,4067.5,4143.0,4170.0,1734.0,1100.0,2624.0,2380.0,2230.0,2081.0,2181.0,2306.0,2370.0,2353.0,40.0,56.0,11292.0,10826.0,10542.0,10541.0,9966.0,9089.0,9224.0,8296.0,859.0,588.0,2065.0,2446.0,2796.0,3012.0,2898.0,2838.0,2927.0,2701.0,2929.0,2200.5,994.0,1382.0,1906.5,2130.5,2254.5,2392.0,2602.0,2557.0,4229.0,3815.0,2232.0,2558.0,3024.5,3270.5,3364.5,3479.0,3738.5,3651.5,3149.0,2456.0,984.0,1430.0,2025.0,2244.0,2378.0,2527.0,2760.0,2691.0,3609.0,2929.5,1448.0,1806.5,2269.0,2632.0,2732.5,2873.5,3043.5,3066.0,"{""type"":""MultiPoint"",""coordinates"":[]}"
790,3,1797.5,1079.5,651.0,853.5,1144.0,1335.5,1441.0,1571.5,1768.5,1765.0,4077.5,3717.0,1228.5,1565.0,2058.5,2299.5,2389.0,2536.5,2723.5,2747.0,1876.0,1139.0,677.5,809.0,1029.0,1206.5,1282.5,1410.0,1472.5,1554.0,2800.0,1865.5,953.5,1204.0,1552.5,1780.5,1891.0,2047.0,2236.5,2280.5,0.0,0.0,0.0,0.0,0.0,0.0,0.0,0.0,0.0,0.0,1915.5,1240.5,758.0,1049.5,1103.0,1550.5,1748.0,1920.0,2025.5,2056.5,0.0,0.0,0.0,0.0,0.0,0.0,0.0,0.0,0.0,0.0,1246.5,671.0,289.5,538.0,261.5,845.0,2292.0,2806.0,2810.5,2774.0,0.0,0.0,0.0,0.0,0.0,0.0,0.0,0.0,0.0,0.0,1248.0,554.0,650.0,700.5,413.5,804.0,2735.5,4034.5,3939.0,4141.5,1480.0,647.5,428.0,547.0,315.5,706.5,2872.5,4665.0,4717.5,4831.0,2407.5,1840.5,731.0,953.5,1234.5,1383.0,1489.5,1597.5,1806.5,1755.5,1371.0,596.5,372.5,489.5,240.5,705.0,2827.5,4651.5,4657.5,5005.5,1351.5,638.0,409.0,649.5,338.0,1013.0,3012.0,4334.5,4451.5,4584.5,2115.0,1069.5,1622.5,1494.0,1284.5,1887.5,3235.0,4045.5,4270.0,4165.0,2781.5,1907.0,2359.0,2422.5,2126.5,2751.5,4138.0,4747.0,4980.0,4989.5,2598.5,1533.5,709.0,1179.0,1186.0,2184.5,3430.0,3916.5,4144.5,4373.5,0.0,0.0,0.0,0.0,0.0,0.0,0.0,0.0,0.0,0.0,2814.0,1926.0,797.5,1118.5,1447.5,1872.5,2300.5,2500.5,2677.0,2833.5,2511.0,1566.0,815.5,1072.0,1287.5,1768.0,2162.0,2447.0,2461.5,2740.0,3101.0,2068.0,772.5,1104.0,1355.0,1817.5,2297.5,2602.0,2804.0,2927.0,3097.0,2065.5,789.5,1086.0,1352.0,1796.0,2343.0,2544.0,2774.5,2896.5,0.0,0.0,0.0,0.0,0.0,0.0,0.0,0.0,0.0,0.0,2804.5,1804.5,847.5,1151.5,1386.5,1847.0,2287.5,2580.5,2775.0,2886.0,0.0,0.0,0.0,0.0,0.0,0.0,0.0,0.0,0.0,0.0,1997.5,1241.5,697.5,998.0,1449.0,1757.5,2048.5,2188.0,2470.0,2479.5,3528.0,2783.0,1678.0,2013.5,2539.0,2832.0,2884.0,3018.0,3078.5,3253.5,0.0,0.0,0.0,0.0,0.0,0.0,0.0,0.0,0.0,0.0,2102.5,1462.0,757.0,980.5,1331.5,1569.0,1640.0,1782.5,2040.0,2040.5,0.0,0.0,0.0,0.0,0.0,0.0,0.0,0.0,0.0,0.0,893.5,980.0,11111.5,10679.0,10561.0,10590.5,10255.5,9874.0,10274.5,9484.0,0.0,0.0,0.0,0.0,0.0,0.0,0.0,0.0,0.0,0.0,2422.5,1632.0,735.0,1027.5,1318.5,1560.5,1649.0,1809.0,1945.5,1947.0,2707.5,1885.5,850.5,1133.5,1424.5,1625.0,1730.0,1858.0,2065.0,2029.5,2281.5,1457.5,720.5,994.0,1298.0,1526.0,1607.0,1777.0,1939.0,1944.0,0.0,0.0,0.0,0.0,0.0,0.0,0.0,0.0,0.0,0.0,"{""type"":""MultiPoint"",""coordinates"":[]}"
792,3,994.0,599.5,517.5,718.0,1046.0,1232.0,1301.0,1427.0,1594.5,1603.0,3998.5,3455.5,1005.0,1358.0,1823.0,2166.0,2268.0,2465.5,2575.0,2741.5,1547.0,1042.0,567.0,682.0,916.0,1049.0,1092.0,1206.0,1314.0,1346.0,3117.0,2823.5,785.5,1009.0,1362.5,1594.5,1687.5,1814.5,1952.0,2051.0,2244.0,1772.0,514.0,713.0,978.0,1212.0,1362.0,1437.0,1447.0,1586.0,3287.5,2923.5,898.5,1133.0,1471.5,1747.5,1948.0,2118.5,2097.0,2302.0,0.0,0.0,0.0,0.0,0.0,0.0,0.0,0.0,0.0,0.0,2329.0,1355.0,900.5,1112.5,946.0,1488.5,2566.0,2939.0,2647.5,2937.5,1532.0,792.5,312.5,500.5,282.0,726.5,2390.5,3220.0,3082.0,3196.0,1580.0,766.0,335.0,500.5,279.0,745.5,2704.5,4082.0,3865.0,4018.5,1512.0,703.0,406.0,524.0,324.0,713.0,2488.0,4343.0,4145.0,4367.0,1571.0,1075.0,571.0,737.0,1039.0,1172.0,1266.0,1392.0,1564.0,1558.0,1444.0,742.0,453.0,567.0,375.5,774.0,2571.5,4272.0,4140.0,4498.0,1507.0,739.0,572.0,771.0,462.0,1096.0,2908.0,4260.0,4245.0,4513.0,1589.0,769.0,419.0,619.0,372.0,1070.0,3057.0,4335.0,4096.0,4522.0,1982.5,1050.5,539.5,948.0,667.0,1591.5,3307.0,4061.0,4024.5,4444.5,2478.5,1514.0,659.5,1132.5,1109.5,2069.0,3229.5,3670.0,3805.5,4234.0,2762.5,1917.0,767.5,1088.5,1564.0,2029.5,2273.0,2566.5,2660.5,2968.5,2092.0,1548.0,616.5,780.5,1107.0,1352.5,1456.0,1595.5,1697.0,1788.0,1104.0,684.0,522.0,599.0,790.0,1022.0,1131.0,1287.0,1304.0,1395.0,3243.0,2748.0,785.0,1059.0,1391.0,1677.0,1891.0,2010.0,2109.0,2252.0,3239.0,2704.0,753.0,1032.0,1325.0,1661.0,1811.0,1967.0,2082.0,2215.0,2730.0,2183.0,2597.0,2558.5,2702.5,2898.5,2876.0,2879.5,3033.0,2983.0,2626.0,2274.5,662.5,865.0,1192.5,1390.0,1480.0,1609.5,1739.0,1768.0,2339.0,2052.0,602.0,777.0,1082.0,1240.0,1330.0,1471.0,1546.0,1589.0,1397.5,983.0,352.0,501.5,748.5,865.5,899.0,1007.0,1150.0,1158.5,1690.0,1273.0,446.0,588.0,830.0,964.0,1015.0,1100.0,1200.0,1226.0,0.0,0.0,0.0,0.0,0.0,0.0,0.0,0.0,0.0,0.0,979.0,641.0,428.0,510.0,696.0,802.0,861.0,948.0,1042.0,1084.0,0.0,0.0,0.0,0.0,0.0,0.0,0.0,0.0,0.0,0.0,148.0,186.0,11016.0,10782.0,10598.0,10727.0,10260.0,9686.0,9990.0,9157.0,168.0,125.0,2940.0,3156.0,3288.0,3677.0,3468.0,3264.0,3022.0,3129.0,1529.0,925.0,612.0,746.0,968.0,1171.0,1253.0,1371.0,1498.0,1532.0,3256.0,2504.0,868.0,1152.0,1546.0,1854.0,2015.0,1991.0,2291.0,2296.0,1642.0,1048.0,593.0,769.0,1079.0,1297.0,1393.0,1487.0,1689.0,1729.0,1238.0,749.0,671.0,867.0,1158.0,1358.0,1412.0,1543.0,1643.0,1683.0,"{""type"":""MultiPoint"",""coordinates"":[]}"
834,3,304.0,188.5,506.5,690.5,992.5,1199.0,1178.5,1287.0,1441.5,1383.5,3412.0,2649.0,998.0,1262.0,1618.0,1858.0,1998.0,2121.0,2291.0,2340.0,1519.5,928.0,525.5,705.0,936.5,1112.0,1212.0,1347.0,1455.0,1506.5,1731.0,1040.0,704.0,904.0,1171.0,1364.0,1471.0,1650.0,1799.0,1822.0,4231.0,3808.0,1408.0,1823.0,2281.0,2574.0,2733.0,2898.0,3126.0,3098.0,4087.0,3701.0,3192.0,3268.5,3348.0,3670.5,3675.0,3819.0,3821.5,4059.5,0.0,0.0,0.0,0.0,0.0,0.0,0.0,0.0,0.0,0.0,5937.0,5391.0,4736.0,4669.0,4640.0,5362.0,5725.0,5871.0,5784.0,5925.0,2010.0,1186.0,687.0,910.0,1099.0,1355.0,1535.0,1672.0,1830.0,1918.0,3694.5,2994.0,1153.5,1499.0,1609.0,2086.0,2967.0,3406.5,3281.0,3725.5,1897.0,1016.0,535.0,725.0,553.0,1031.0,2159.0,2750.0,2715.0,2876.0,2602.0,2292.0,2030.5,2194.5,2568.0,2750.5,2764.5,2753.0,3016.0,2801.5,2289.0,1391.0,557.0,764.0,593.0,1071.0,2625.0,3543.0,3592.0,3827.0,1190.0,555.0,366.0,533.0,283.0,739.0,2356.0,3185.0,3218.0,3278.0,1003.0,445.5,299.5,437.0,234.5,620.5,2185.5,2941.0,2895.5,3082.5,1109.0,480.0,296.0,499.0,244.0,752.0,2271.0,3038.0,2971.0,3187.0,1356.0,670.0,340.0,671.0,436.0,1197.0,2553.0,3060.0,3214.0,3286.0,1900.0,1050.0,758.0,1054.0,850.5,1650.5,2832.0,3230.5,3427.0,3564.5,1608.0,938.0,469.5,807.5,816.5,1473.0,2173.5,2432.0,2611.5,2679.5,3177.0,2260.5,818.0,1074.5,1426.5,1759.5,1944.0,2132.0,2204.0,2392.5,3064.0,2091.0,714.0,995.0,1332.0,1575.0,1815.0,2005.0,2190.0,2249.0,3614.0,2706.0,1062.0,1415.0,2056.0,2332.0,2478.0,2648.0,2912.0,2998.0,507.5,326.0,534.0,717.5,994.0,1162.5,1161.0,1252.5,1438.0,1341.0,2400.0,2148.0,691.0,828.0,1147.0,1225.0,1388.0,1525.0,1636.0,1711.0,1313.0,828.0,561.0,693.0,992.0,1211.0,1244.0,1403.0,1523.0,1582.0,1315.0,802.0,402.0,606.0,918.5,1061.5,1137.5,1240.5,1428.0,1455.0,1667.0,1110.0,534.0,705.0,985.0,1221.0,1308.0,1391.0,1454.0,1613.0,4047.0,3639.0,3911.0,3926.0,4054.0,4269.0,4208.0,4177.0,4241.0,4200.0,346.5,206.0,495.5,597.5,759.5,889.0,876.5,956.5,999.5,995.5,0.0,0.0,0.0,0.0,0.0,0.0,0.0,0.0,0.0,0.0,974.0,1057.0,10696.0,10362.0,10316.0,10378.0,10074.0,9722.0,10102.0,9383.0,405.0,264.0,1011.0,1173.5,1360.5,1499.5,1412.0,1503.0,1587.5,1510.5,954.0,540.0,440.0,642.0,861.0,1066.0,1108.0,1250.0,1482.0,1475.0,968.0,563.0,652.0,846.0,1037.0,1237.0,1373.0,1472.0,1630.0,1663.0,1071.0,579.0,549.0,783.0,1006.0,1260.0,1363.0,1483.0,1576.0,1660.0,2802.0,1959.0,1062.0,1380.0,1671.0,1954.0,2066.0,2205.0,2402.0,2393.0,"{""type"":""MultiPoint"",""coordinates"":[]}"
846,5,2021.5,1342.5,837.0,1089.0,1582.0,1835.0,1914.5,2093.0,2329.5,2358.5,3375.5,2861.0,879.0,1076.0,1410.0,1650.5,1729.0,1904.0,2097.5,2196.5,2154.5,1576.0,876.5,1144.5,1465.5,1672.5,1711.5,1824.5,1907.0,1916.0,2335.0,1746.0,943.0,1223.0,1555.0,1769.0,1817.0,1946.0,2049.0,2031.0,4909.0,4824.0,1820.0,2311.0,2868.0,3159.0,3253.0,3382.0,3615.0,3588.0,3200.0,2623.0,2415.0,2412.0,2470.0,2764.0,2966.0,3129.0,3112.0,3250.0,0.0,0.0,0.0,0.0,0.0,0.0,0.0,0.0,0.0,0.0,4297.0,3724.0,1340.0,1788.0,1995.0,2546.0,3599.0,3911.0,3872.0,4128.0,4046.0,3191.0,1113.0,1448.0,1503.0,2064.0,3869.0,4537.0,4442.0,4652.0,2989.5,2044.0,586.5,918.0,786.0,1374.5,3490.5,4303.5,4331.5,4487.5,2723.0,1422.0,520.0,758.0,479.0,1092.0,4030.0,5417.0,5319.0,5616.0,3112.0,2093.0,1013.0,1338.0,1862.0,2069.0,2231.0,2398.0,2731.0,2723.0,2323.0,1023.0,352.0,477.0,241.0,712.0,3936.0,5778.0,5468.0,5934.0,2470.0,1084.0,310.0,474.0,219.0,737.0,4306.0,6257.0,6208.0,6483.0,2338.0,963.0,470.0,571.0,325.0,741.0,3731.0,5268.0,5201.0,5602.0,2155.0,967.0,282.0,456.0,242.0,708.0,3005.0,3984.0,3886.0,4276.0,1972.0,971.0,259.0,540.0,315.0,861.0,2593.0,3249.0,3379.0,3565.0,1959.0,1021.0,299.0,654.0,469.0,1205.0,2366.0,2725.0,2774.0,3021.0,2286.5,1684.5,412.0,598.0,686.0,1041.5,1270.0,1417.0,1516.0,1630.5,2623.0,2113.5,571.5,665.5,801.0,1026.0,1161.5,1261.5,1290.0,1465.5,2346.0,1842.0,451.0,569.0,745.0,900.0,993.0,1098.0,1225.0,1236.0,3784.0,3004.0,828.0,1059.0,1424.0,1689.0,1823.0,1962.0,2107.0,2232.0,3552.5,2619.5,1520.0,1800.5,2292.5,2573.0,2689.5,2834.0,3158.5,3137.5,3928.0,3975.0,1322.0,1661.0,2095.0,2319.0,2376.0,2483.0,2722.0,2684.0,2556.0,1866.0,725.0,964.0,1324.0,1547.0,1581.0,1735.0,1883.0,1968.0,2331.0,1858.5,592.0,822.5,1131.0,1294.5,1373.5,1453.5,1616.5,1603.5,3732.0,3450.0,1052.0,1407.0,1802.0,2095.0,2159.0,2260.0,2371.0,2498.0,3657.0,2874.0,3646.0,3813.0,3948.0,4264.0,3944.0,3805.0,4091.0,3713.0,2083.0,1543.5,735.5,911.5,1153.0,1306.0,1376.0,1486.0,1659.0,1649.0,0.0,0.0,0.0,0.0,0.0,0.0,0.0,0.0,0.0,0.0,1103.0,1113.0,9626.0,9336.0,9434.0,9568.0,9357.0,8969.0,9430.0,8759.0,2280.0,1605.5,1378.0,1718.0,2181.0,2481.0,2529.5,2633.5,2879.0,2903.5,3221.0,2427.0,1200.0,1472.5,1919.5,2201.0,2268.0,2433.5,2621.0,2676.5,2309.5,1719.0,997.5,1202.5,1482.5,1757.0,1879.0,2024.5,2077.5,2153.5,2350.0,1646.0,976.0,1225.0,1596.0,1854.0,1905.0,2060.0,2225.0,2282.0,4017.0,3055.5,1376.5,1666.0,2064.5,2387.0,2466.0,2634.5,2793.5,2856.0,"{""type"":""MultiPoint"",""coordinates"":[]}"
906,5,544.0,305.0,400.0,603.0,836.0,1132.0,1210.0,1343.0,1550.0,1604.0,4249.0,3538.0,1312.0,1679.0,2066.0,2418.0,2563.0,2740.0,2897.0,3024.0,0.0,0.0,0.0,0.0,0.0,0.0,0.0,0.0,0.0,0.0,3029.0,2188.0,945.0,1279.0,1393.0,1817.0,2187.0,2360.0,2555.0,2481.0,2872.0,2160.0,808.0,1162.0,1291.0,1641.0,2052.0,2138.0,2474.0,2459.0,0.0,0.0,0.0,0.0,0.0,0.0,0.0,0.0,0.0,0.0,0.0,0.0,0.0,0.0,0.0,0.0,0.0,0.0,0.0,0.0,4278.0,4142.0,1189.0,1541.0,1981.0,2249.0,2300.0,2523.0,2509.0,2764.0,4456.0,4184.5,1350.5,1694.5,2130.5,2443.5,2643.5,2859.0,2958.5,3105.5,3345.5,2814.5,743.5,1017.0,1338.5,1606.5,1919.0,2104.5,2208.0,2352.0,0.0,0.0,0.0,0.0,0.0,0.0,0.0,0.0,0.0,0.0,905.0,544.0,469.0,728.0,985.0,1235.0,1396.0,1494.0,1759.0,1751.0,3147.5,2086.5,838.5,1040.5,886.5,1393.0,3073.5,3672.0,3568.0,3921.0,0.0,0.0,0.0,0.0,0.0,0.0,0.0,0.0,0.0,0.0,2366.5,1055.5,429.0,587.5,310.0,810.0,3981.5,5315.0,5176.5,5529.5,2061.0,864.0,341.0,458.0,226.0,663.0,3787.0,5410.0,5210.0,5621.0,1998.0,818.0,375.0,537.0,276.0,780.0,4059.0,5392.0,5585.0,5449.0,1738.0,750.0,261.0,498.0,241.0,871.0,3641.0,4636.0,4648.0,4800.0,1933.0,959.0,297.0,735.0,436.0,1427.0,3210.0,3709.0,4006.0,4107.0,2801.0,2023.0,505.0,781.0,805.0,1298.0,1820.0,2002.0,2205.0,2304.0,3069.0,2271.0,489.0,718.0,881.0,1231.0,1483.0,1649.0,1797.0,1969.0,3217.0,2390.5,665.5,894.5,1249.0,1481.5,1599.5,1749.0,1924.0,2051.0,2100.5,1904.5,1486.5,1599.0,1665.0,1843.0,1928.0,1977.5,2147.5,2098.5,2653.5,2022.5,571.0,764.5,1080.5,1253.5,1360.0,1504.5,1692.5,1746.0,0.0,0.0,0.0,0.0,0.0,0.0,0.0,0.0,0.0,0.0,2517.0,1875.0,507.0,735.0,1073.0,1240.0,1364.0,1494.0,1731.0,1733.0,2663.0,2046.0,569.0,777.0,1061.0,1289.0,1405.0,1527.0,1677.0,1768.0,0.0,0.0,0.0,0.0,0.0,0.0,0.0,0.0,0.0,0.0,0.0,0.0,0.0,0.0,0.0,0.0,0.0,0.0,0.0,0.0,0.0,0.0,0.0,0.0,0.0,0.0,0.0,0.0,0.0,0.0,0.0,0.0,0.0,0.0,0.0,0.0,0.0,0.0,0.0,0.0,209.0,163.0,6621.0,6585.0,6723.0,6891.0,6603.0,6364.0,6673.0,6152.0,572.0,337.0,509.0,760.0,954.0,1283.0,1351.0,1470.0,1689.0,1613.0,946.0,549.0,599.0,831.0,1012.0,1304.0,1449.0,1536.0,1765.0,1678.0,1660.0,1153.5,740.5,1003.5,1273.0,1493.5,1634.5,1766.0,1998.0,1927.0,1962.0,1592.5,737.5,943.5,1122.5,1268.5,1347.5,1420.5,1580.0,1570.0,"{""type"":""MultiPoint"",""coordinates"":[]}"
936,1,2419.5,1620.0,477.0,755.0,839.0,1336.0,1978.0,2255.5,2621.0,2559.0,4451.5,3842.0,1172.5,1613.0,2080.5,2590.5,2849.0,3023.0,3234.5,3373.5,2423.5,1640.0,712.5,934.0,1226.0,1489.5,1635.0,1810.0,1971.5,2038.5,2459.5,1747.0,733.0,942.0,1220.0,1521.5,1674.0,1840.5,2052.0,2096.5,0.0,0.0,0.0,0.0,0.0,0.0,0.0,0.0,0.0,0.0,3537.0,2879.5,1162.5,1396.5,1543.0,1881.0,2406.5,2652.5,3099.0,2816.0,0.0,0.0,0.0,0.0,0.0,0.0,0.0,0.0,0.0,0.0,2210.0,1129.5,283.0,496.5,264.5,685.5,3170.0,4592.0,4670.0,4757.5,1964.0,918.5,226.5,456.5,246.0,663.0,3231.5,5198.0,5139.5,5408.0,1891.5,867.5,275.0,428.5,244.5,549.5,2909.0,4795.5,4910.5,4921.0,2099.0,937.5,457.5,625.5,440.5,803.5,2916.5,4689.5,4730.0,5009.0,2815.5,2032.5,617.5,877.0,1012.5,1499.0,2094.5,2278.5,2658.5,2618.5,1967.0,841.5,328.0,498.0,285.0,649.0,2903.0,4726.5,4668.0,4935.5,2056.0,985.0,471.5,642.5,402.0,806.5,2939.0,4256.5,4398.0,4505.5,0.0,0.0,0.0,0.0,0.0,0.0,0.0,0.0,0.0,0.0,3025.0,2014.0,1045.0,1080.5,1006.0,1485.0,2129.5,2529.5,2929.5,2908.0,3900.0,2788.5,748.0,1061.5,1615.0,2039.0,2276.0,2622.0,2849.5,3100.5,0.0,0.0,0.0,0.0,0.0,0.0,0.0,0.0,0.0,0.0,4198.0,3392.5,838.5,1125.0,1683.0,2010.0,2156.0,2396.5,2584.5,2748.5,4178.5,3195.0,860.5,1097.5,1465.0,1843.0,2078.5,2258.0,2298.5,2549.5,3820.0,2873.5,696.0,974.5,1327.0,1708.0,2030.5,2275.0,2447.0,2589.5,3683.0,2698.0,680.0,964.5,1192.5,1641.5,2152.0,2459.5,2563.0,2730.5,0.0,0.0,0.0,0.0,0.0,0.0,0.0,0.0,0.0,0.0,3333.5,2241.5,617.5,907.5,1059.0,1618.0,2219.0,2509.0,2783.5,2840.0,0.0,0.0,0.0,0.0,0.0,0.0,0.0,0.0,0.0,0.0,2556.0,1574.0,485.5,824.5,1118.0,1628.5,2234.0,2560.5,2875.0,2842.0,2330.5,1418.0,445.5,767.0,943.0,1479.0,2239.0,2485.0,2758.0,2828.5,0.0,0.0,0.0,0.0,0.0,0.0,0.0,0.0,0.0,0.0,2746.5,1918.5,524.5,776.5,877.0,1367.5,2144.5,2420.0,2727.5,2678.5,0.0,0.0,0.0,0.0,0.0,0.0,0.0,0.0,0.0,0.0,906.5,980.0,10512.0,10140.0,10092.5,10194.5,9864.5,9567.5,9940.5,9225.5,0.0,0.0,0.0,0.0,0.0,0.0,0.0,0.0,0.0,0.0,2868.5,2052.0,568.0,859.5,942.5,1525.0,2265.5,2544.5,2866.0,2866.5,2512.5,1723.5,657.5,914.0,1038.5,1498.0,1886.0,2059.0,2266.0,2289.0,1959.0,1326.0,515.5,811.5,947.0,1417.0,1807.5,1980.5,2200.5,2181.5,0.0,0.0,0.0,0.0,0.0,0.0,0.0,0.0,0.0,0.0,"{""type"":""MultiPoint"",""coordinates"":[]}"
943,5,1649.0,1152.0,394.5,625.0,722.5,1040.0,1439.0,1574.5,1725.5,1742.5,2339.5,1450.5,602.0,1008.5,945.5,1637.0,2146.5,2327.5,2514.0,2534.5,1641.5,1021.5,587.0,829.5,931.5,1400.5,1679.0,1818.5,1917.5,2080.5,1529.0,1028.0,616.0,781.5,932.0,1227.0,1357.0,1542.5,1595.0,1717.0,0.0,0.0,0.0,0.0,0.0,0.0,0.0,0.0,0.0,0.0,2716.5,2178.5,718.5,881.0,1078.0,1267.5,1428.5,1570.0,1653.0,1744.0,0.0,0.0,0.0,0.0,0.0,0.0,0.0,0.0,0.0,0.0,2824.5,2219.5,773.0,1015.5,1100.5,1506.5,1757.0,1828.0,1892.5,2018.0,3786.5,2947.5,1248.0,1640.0,1801.0,2242.0,2736.5,2938.0,2872.0,3203.5,3125.5,2402.0,823.5,1095.5,1159.5,1547.0,2237.5,2449.5,2457.5,2740.0,2827.5,1853.0,1630.0,1740.0,1561.0,2003.0,3540.0,4086.5,3931.5,4371.0,1979.5,1366.0,521.0,748.5,865.0,1171.0,1548.5,1740.5,1865.5,1908.0,2321.5,1103.5,406.0,665.5,362.0,908.0,3396.0,4200.0,3989.0,4568.5,2109.5,1078.0,514.5,723.0,447.5,952.0,3211.0,4109.0,4077.5,4304.5,2424.0,1326.0,500.0,723.0,515.0,1115.5,3314.0,4488.0,4248.5,4899.0,2108.0,1099.0,500.0,597.0,480.5,958.5,2714.0,3466.0,3428.0,3735.5,2113.0,1135.5,361.5,586.5,483.0,981.0,2599.5,3173.0,3368.0,3498.0,0.0,0.0,0.0,0.0,0.0,0.0,0.0,0.0,0.0,0.0,1421.0,855.0,278.5,423.0,405.0,746.5,1202.0,1347.0,1486.0,1564.5,2608.0,1775.5,560.5,713.5,759.5,1145.5,1644.5,1813.0,1896.5,2123.0,2577.0,1787.0,420.0,591.5,715.5,1047.5,1473.0,1687.0,1885.0,2005.5,3929.0,2799.5,791.5,1043.0,1356.5,1810.5,2149.0,2399.0,2718.0,2807.5,0.0,0.0,0.0,0.0,0.0,0.0,0.0,0.0,0.0,0.0,910.0,530.0,443.0,455.5,527.5,556.0,632.0,650.5,785.5,710.5,0.0,0.0,0.0,0.0,0.0,0.0,0.0,0.0,0.0,0.0,2604.0,1692.0,608.0,917.5,1219.0,1567.0,1819.5,2048.0,2265.0,2303.0,1605.5,1091.5,360.5,537.5,713.5,859.0,930.5,1065.5,1155.5,1200.0,0.0,0.0,0.0,0.0,0.0,0.0,0.0,0.0,0.0,0.0,1719.5,1332.5,427.0,576.5,676.5,841.0,1030.5,1136.5,1248.0,1254.0,0.0,0.0,0.0,0.0,0.0,0.0,0.0,0.0,0.0,0.0,1101.0,1127.0,8790.5,8648.0,8812.0,8977.0,8709.0,8666.5,8870.0,8405.5,0.0,0.0,0.0,0.0,0.0,0.0,0.0,0.0,0.0,0.0,1816.0,1163.5,446.0,676.0,689.5,1123.5,1658.5,1788.5,2028.0,2004.0,1913.5,1102.0,504.0,802.5,682.0,1243.5,1991.0,2100.0,2381.5,2335.5,1448.0,833.5,334.0,715.0,527.5,1176.5,2007.5,2118.0,2414.0,2308.0,2093.0,1110.5,715.5,1184.5,824.0,1871.0,2966.0,3271.0,3417.0,3513.5,"{""type"":""MultiPoint"",""coordinates"":[]}"
952,5,1614.0,1525.0,590.0,783.0,1032.0,1288.0,1395.0,1462.0,1591.0,1540.0,1534.0,1051.0,792.0,1123.0,1325.5,1547.0,1349.0,1424.5,1414.5,1368.5,2439.5,1507.0,577.5,842.0,1099.5,1404.0,1579.5,1715.5,1824.0,1855.0,513.0,459.0,1166.5,1506.0,1480.5,1492.5,835.5,825.5,810.0,641.0,357.0,330.0,684.0,1013.0,1056.0,1283.0,800.0,867.0,726.0,652.0,0.0,0.0,0.0,0.0,0.0,0.0,0.0,0.0,0.0,0.0,0.0,0.0,0.0,0.0,0.0,0.0,0.0,0.0,0.0,0.0,5188.0,4542.5,1238.0,1653.5,2129.0,2530.0,2740.5,3017.5,3063.5,3422.0,4585.0,3885.0,1010.0,1497.0,1992.0,2320.0,2515.0,2774.0,3000.0,3095.0,4804.5,3842.5,1047.5,1469.0,1836.0,2361.0,2760.5,3046.5,3184.0,3476.5,5148.5,4187.0,1180.5,1621.0,1893.5,2479.5,3139.5,3461.5,3557.0,3842.0,2966.0,2501.0,689.0,897.0,1188.0,1405.0,1504.0,1647.0,1796.0,1824.0,3851.5,2673.0,762.5,1127.5,1105.0,1783.0,2927.5,3406.5,3302.5,3707.0,3688.0,2479.0,713.0,1065.0,964.0,1691.0,3502.0,4178.0,4174.0,4453.0,2701.0,1642.0,505.0,778.0,687.0,1228.0,2931.0,3592.0,3474.0,3864.0,2332.0,1120.0,550.0,730.5,434.0,989.5,3611.5,4657.0,4646.5,4861.0,2170.0,920.0,262.0,476.0,245.0,777.0,3813.0,5163.0,5150.0,5385.0,1888.5,830.0,270.0,478.5,243.0,786.0,3493.0,4656.5,4604.0,4835.5,2019.5,923.0,346.0,773.0,355.5,1311.5,3586.0,4100.5,4248.0,4409.5,3239.0,2580.0,570.0,756.0,985.0,1251.0,1392.0,1560.0,1644.0,1840.0,3210.0,2640.0,569.0,711.0,970.0,1156.0,1280.0,1402.0,1613.0,1678.0,3477.0,2844.0,686.0,899.0,1246.0,1425.0,1548.0,1689.0,1901.0,1967.0,1154.0,932.0,615.0,650.0,739.0,879.0,906.0,963.0,1026.0,1055.0,3147.5,2578.0,681.0,824.0,1091.0,1256.5,1342.5,1453.0,1631.5,1667.5,2690.0,2026.5,1120.0,1117.5,1235.5,1394.5,1466.0,1571.0,1657.0,1746.0,3142.5,2437.5,680.0,860.5,1127.5,1286.5,1394.0,1487.5,1715.5,1705.0,3347.0,2620.0,774.0,964.0,1221.0,1406.0,1472.0,1615.0,1753.0,1801.0,0.0,0.0,0.0,0.0,0.0,0.0,0.0,0.0,0.0,0.0,2897.0,2308.0,741.0,852.0,1050.0,1212.0,1249.0,1434.0,1527.0,1582.0,0.0,0.0,0.0,0.0,0.0,0.0,0.0,0.0,0.0,0.0,1075.0,1151.0,10334.0,10128.0,10158.0,10271.0,9937.0,9619.0,10086.0,9246.0,1156.5,752.0,3974.0,4045.0,4246.5,4539.5,4423.0,4263.0,4423.5,4173.5,2929.0,2152.0,644.0,924.0,1192.0,1543.0,1714.0,1880.0,2103.0,2083.0,2118.0,1542.0,731.0,974.5,1246.5,1520.5,1585.5,1671.5,1811.0,1749.5,80.0,86.0,431.0,710.0,782.0,944.0,443.0,482.0,446.0,256.0,130.0,116.0,563.0,872.0,984.0,1097.0,590.0,648.0,409.0,389.0,"{""type"":""MultiPoint"",""coordinates"":[]}"
963,5,1521.0,928.0,675.0,913.0,1223.0,1440.0,1512.0,1657.0,1902.0,1716.0,3440.5,2682.5,980.5,1296.0,1614.5,1966.5,2374.0,2537.0,2726.0,2842.0,1959.0,1186.5,556.5,817.0,1022.0,1407.0,1774.0,1971.5,2081.5,2220.5,2164.5,1389.0,655.5,880.5,1059.0,1420.5,1811.5,2024.5,2163.5,2232.5,3483.0,2651.0,848.0,1214.0,1499.0,1885.0,2240.0,2490.0,2709.0,2762.0,5032.0,4722.0,2677.0,3035.0,3942.0,4575.0,4598.0,4683.0,3714.0,4700.0,0.0,0.0,0.0,0.0,0.0,0.0,0.0,0.0,0.0,0.0,1674.0,983.0,364.0,585.0,561.0,980.0,1339.0,1515.0,1538.0,1638.0,5315.5,4220.0,2850.5,3124.5,3291.5,3886.0,4351.5,4603.0,4796.5,4810.0,4522.0,3737.5,1316.0,1800.5,2261.5,2802.0,3660.0,4147.5,4281.5,4607.5,2857.0,1888.0,1789.5,1813.5,1656.5,2122.0,3114.0,3563.5,3509.0,3714.0,2363.0,1730.0,873.0,1058.0,1418.0,1624.0,1678.0,1897.0,2114.0,2007.0,3155.0,2111.0,698.0,952.0,926.0,1456.0,3068.0,3810.0,3696.0,4133.0,2152.0,1096.0,580.0,778.0,525.5,1103.5,3519.5,4536.0,4375.5,4800.5,2420.0,1246.0,526.0,736.0,516.0,1023.0,3603.0,4732.0,4618.0,5104.0,2283.0,1049.0,321.0,511.0,315.0,812.0,3573.0,4826.0,4729.0,5214.0,2339.0,1169.0,298.0,483.0,301.0,840.0,3475.0,4456.0,4681.0,4777.0,2610.5,1670.0,618.5,881.0,761.5,1361.5,3557.5,4491.5,4574.0,4801.5,2001.5,1079.5,343.0,660.0,456.0,1089.5,2957.5,3447.5,3736.5,3866.0,1962.0,1213.5,426.5,655.5,654.5,1203.5,1759.5,1989.0,2115.0,2267.5,2719.0,1836.0,424.0,607.0,797.0,1062.0,1388.0,1608.0,1785.0,1938.0,2949.0,2361.0,569.0,843.0,1144.0,1386.0,1655.0,1849.0,1984.0,2091.0,1461.0,1072.0,920.0,1079.0,1336.0,1511.0,1587.0,1669.0,1855.0,1764.0,2338.0,1814.0,481.0,649.0,909.0,1165.0,1476.0,1673.0,1977.0,1952.0,1745.0,1064.0,411.0,579.0,792.0,1068.0,1293.0,1501.0,1773.0,1787.0,1897.5,1275.5,340.5,570.0,802.0,1046.5,1290.0,1478.5,1661.0,1680.5,2087.0,1436.0,438.0,657.0,921.0,1199.0,1409.0,1538.0,1751.0,1729.0,0.0,0.0,0.0,0.0,0.0,0.0,0.0,0.0,0.0,0.0,1663.5,1063.5,615.0,793.0,920.0,1189.0,1490.0,1637.5,1837.5,1803.5,0.0,0.0,0.0,0.0,0.0,0.0,0.0,0.0,0.0,0.0,1037.0,1101.0,10470.0,10138.0,10086.0,9882.0,9775.0,9190.0,9952.0,9122.0,1188.5,795.5,1517.0,1726.5,2148.5,2644.0,2610.5,2648.5,2622.0,2805.0,1983.0,1458.0,524.0,784.0,1092.0,1263.0,1328.0,1480.0,1676.0,1636.0,2177.0,1609.0,678.0,898.0,1144.0,1387.0,1526.0,1628.0,1799.0,1829.0,2018.0,1326.0,555.0,827.0,1076.0,1328.0,1497.0,1654.0,1850.0,1848.0,4271.0,3461.0,1241.0,1644.0,2047.0,2511.0,2656.0,2995.0,3181.0,3187.0,"{""type"":""MultiPoint"",""coordinates"":[]}"
964,3,1941.0,1244.0,705.0,882.0,1052.0,1304.0,1522.0,1653.0,1887.0,1839.0,4303.0,3654.0,1336.0,1634.0,1894.0,2223.0,2427.0,2546.0,2810.0,2813.0,1669.5,1191.5,807.5,959.0,1152.5,1364.0,1412.0,1541.0,1613.5,1711.0,2165.5,1673.5,1034.0,1234.0,1480.5,1701.5,1755.5,1888.0,2008.0,2054.0,2508.0,1871.0,1113.0,1350.0,1590.0,1826.0,1922.0,2073.0,2227.0,2230.0,0.0,0.0,0.0,0.0,0.0,0.0,0.0,0.0,0.0,0.0,0.0,0.0,0.0,0.0,0.0,0.0,0.0,0.0,0.0,0.0,3095.0,2205.5,874.5,1207.0,1182.0,1770.0,2334.0,2564.0,2578.0,2753.5,3158.5,2370.0,993.5,1359.5,1348.0,1882.5,3038.5,3596.0,3615.0,3778.0,1369.0,695.0,469.0,710.0,439.0,990.0,2454.0,3423.0,3337.0,3361.0,2254.0,1407.5,875.5,1076.0,856.5,1364.0,3424.0,5002.0,4839.0,5087.5,3167.0,2489.0,888.0,1074.0,1319.0,1597.0,1865.0,1982.0,2220.0,2188.0,1526.0,688.0,339.0,486.0,237.0,697.0,3053.0,4600.0,4520.0,4714.0,1516.0,723.0,432.0,605.0,312.0,833.0,3046.0,4625.0,4674.0,4895.0,1621.0,770.0,478.0,786.0,423.0,1222.0,3336.0,4631.0,4487.0,4876.0,1707.0,850.0,478.0,831.0,446.0,1252.0,3318.0,4452.0,4297.0,4645.0,1914.0,992.0,454.0,959.0,566.0,1622.0,3590.0,4284.0,4328.0,4600.0,2829.0,1721.5,858.0,1323.5,1365.0,2355.0,3319.0,3748.0,3884.5,4159.5,3305.5,2349.0,798.5,1179.0,1497.0,2048.5,2419.0,2622.0,2835.5,2945.0,3116.0,2175.0,774.0,1063.0,1271.0,1785.0,2226.0,2384.0,2490.0,2655.0,2859.0,1918.0,724.5,1036.5,1235.5,1748.5,2160.5,2328.0,2561.5,2550.0,2615.0,1722.0,616.0,890.5,1123.0,1571.0,2014.5,2275.0,2500.5,2601.0,3249.5,2828.0,1962.5,2017.0,2122.5,2349.5,2503.0,2624.0,2819.5,2755.0,2494.5,1619.0,631.0,884.5,1090.0,1480.5,1959.5,2194.0,2465.5,2491.0,2861.5,2066.5,2453.0,2330.5,2361.0,2648.5,2676.5,2734.0,3388.5,2904.5,1798.5,1136.5,523.5,784.0,1169.5,1472.5,1677.0,1867.5,2153.0,2163.0,2429.5,1584.5,684.5,945.5,1365.5,1673.5,1851.5,2021.0,2278.5,2347.5,0.0,0.0,0.0,0.0,0.0,0.0,0.0,0.0,0.0,0.0,1565.5,1153.0,1758.0,1633.5,1652.5,1823.0,1870.5,1927.5,2063.5,1996.5,0.0,0.0,0.0,0.0,0.0,0.0,0.0,0.0,0.0,0.0,875.0,977.0,10850.0,10560.0,10434.0,10553.0,10211.0,9791.0,10180.0,9385.0,799.0,502.0,3251.5,3214.5,3366.0,3491.0,3503.0,3573.5,3744.5,3460.0,2737.0,2002.0,784.0,1021.0,1186.0,1538.0,1868.0,2047.0,2298.0,2268.0,3105.0,2311.0,931.0,1184.0,1395.0,1715.0,1932.0,2075.0,2341.0,2356.0,2629.0,1968.0,759.0,993.0,1212.0,1451.0,1570.0,1741.0,1942.0,1985.0,3039.0,2361.0,897.0,1125.0,1359.0,1590.0,1707.0,1822.0,2035.0,2054.0,"{""type"":""MultiPoint"",""coordinates"":[]}"
982,1,2429.0,1640.0,591.0,858.0,998.0,1738.0,2415.0,2626.0,2862.0,2854.0,4384.5,3510.0,1046.5,1393.0,1841.5,2229.5,2399.5,2603.0,2813.5,2898.0,3671.0,2726.0,955.0,1198.0,1579.0,1947.0,2140.0,2355.0,2617.0,2637.0,4508.0,3707.0,1017.0,1401.0,1688.0,2202.0,2787.0,3015.0,3219.0,3285.0,2782.0,1873.0,553.0,869.0,1055.0,1496.0,2060.0,2264.0,2472.0,2528.0,3207.5,2266.5,603.0,907.5,978.5,1507.0,3108.5,3791.5,3452.5,4035.0,0.0,0.0,0.0,0.0,0.0,0.0,0.0,0.0,0.0,0.0,3245.5,2333.0,1776.0,1936.5,1748.0,2236.5,4039.5,5135.0,5110.0,5238.0,1981.5,877.0,293.0,462.5,265.5,603.0,3238.5,5109.5,5133.0,5328.5,2127.0,950.0,327.0,515.0,292.0,657.0,3189.0,4901.0,4906.0,5144.0,2173.0,982.0,342.0,563.0,335.0,731.0,3208.0,4945.0,5014.0,5152.0,2622.0,1713.0,578.0,823.0,1003.0,1761.0,2474.0,2669.0,2942.0,2918.0,2274.0,1000.0,506.0,817.0,508.0,1100.0,3590.0,4810.0,4788.0,5116.0,1940.0,963.0,697.0,1005.0,702.0,1404.0,3039.0,3543.0,4436.0,3586.0,2681.0,1510.0,576.0,747.0,851.0,1480.0,2250.0,2639.0,2793.0,3194.0,3622.0,2454.0,687.0,885.0,1189.0,1524.0,1847.0,2108.0,2160.0,2483.0,3752.0,2846.0,798.0,1123.5,1653.5,2024.5,2239.5,2473.5,2711.5,2844.0,4914.0,3305.5,1564.0,1876.5,2414.5,2993.0,3430.5,3688.5,3888.5,4171.0,4015.0,2726.0,858.0,1263.0,1589.0,2119.0,2758.0,3024.0,3275.0,3384.0,2034.5,1717.5,429.5,608.0,871.5,1090.0,1258.5,1391.0,1453.0,1549.5,3401.0,2560.0,710.0,1055.0,1596.0,1884.0,2095.0,2314.0,2594.0,2591.0,4410.5,3334.0,1065.0,1501.5,2012.5,2490.0,2683.0,2932.0,3150.0,3235.0,2723.5,1858.0,1064.5,1264.5,1334.0,2035.0,2693.5,2892.5,3170.5,3183.5,3006.0,2139.0,711.0,1031.0,1310.0,1766.0,2251.0,2444.0,2710.0,2741.0,3434.0,2800.5,1552.0,1748.5,1915.0,2376.5,2900.0,3082.0,3091.0,3355.0,2817.5,1844.0,594.0,959.0,1115.5,1740.0,2638.0,2877.0,3251.0,3162.5,2651.0,1690.0,688.0,855.0,989.0,1663.0,2561.0,2815.0,3002.0,3083.0,0.0,0.0,0.0,0.0,0.0,0.0,0.0,0.0,0.0,0.0,2439.5,1427.5,542.0,789.5,766.5,1468.0,2615.5,2924.0,3181.5,3251.0,0.0,0.0,0.0,0.0,0.0,0.0,0.0,0.0,0.0,0.0,87.0,104.0,10382.0,10342.0,10232.0,10394.0,9859.0,9163.0,9360.0,8468.0,460.0,286.0,3325.0,3454.0,3618.0,4117.0,4316.0,4185.0,4328.0,4212.0,2930.5,2067.0,669.5,910.0,1165.5,1558.5,1854.5,2042.5,2327.5,2348.0,4019.0,3557.0,2990.0,3029.0,3208.0,3470.0,3514.0,3610.0,3869.0,3730.0,3555.0,2671.0,819.0,1065.0,1401.0,1708.0,1870.0,2056.0,2350.0,2354.0,3228.0,2341.0,754.0,986.0,1358.0,1660.0,1837.0,2027.0,2251.0,2341.0,"{""type"":""MultiPoint"",""coordinates"":[]}"
996,5,1961.0,1380.0,719.0,1006.0,1436.0,1611.0,1730.0,1867.0,2102.0,2107.0,5072.0,4481.0,1567.0,2193.0,2776.0,3315.0,3500.0,3746.0,3786.0,3988.0,2922.0,2013.0,836.5,1175.0,1549.0,1900.0,2117.5,2294.5,2425.5,2501.0,4172.5,3484.0,1282.0,1764.5,2215.0,2676.5,2931.5,3162.5,3309.0,3376.0,3330.0,2507.0,904.0,1318.0,1683.0,2075.0,2351.0,2514.0,2706.0,2781.0,6512.0,6417.0,1690.0,2261.0,3037.0,3542.0,3566.0,3879.0,3922.0,4195.0,3924.5,3241.0,2919.5,2932.0,3035.5,3377.0,3448.5,3573.0,3552.0,3686.0,5429.0,4963.0,2129.0,2937.0,3612.0,4392.0,4960.0,5218.0,5176.0,5565.0,5742.5,4962.5,1664.5,2375.0,2840.5,3574.5,4528.5,4911.0,4839.5,5224.5,4822.0,4053.0,1245.0,1853.0,2147.0,2804.0,4062.0,4682.0,4729.0,4984.0,2962.5,2240.0,1009.5,1184.0,1212.0,1615.0,2828.5,3357.5,3521.5,3550.0,2818.0,2241.0,818.0,1163.0,1592.0,1802.0,1871.0,2040.0,2237.0,2247.0,3261.0,2109.5,718.0,1020.5,992.5,1574.5,3667.0,4615.0,4587.0,4946.5,2039.5,977.0,485.0,638.0,393.5,871.5,3317.0,4499.0,4430.5,4668.5,2117.0,1057.0,427.0,577.0,354.0,867.0,3872.0,5079.0,4940.0,5232.0,2315.5,1378.0,747.5,873.5,725.5,1238.0,3492.5,4580.5,4394.5,4723.5,1777.0,801.0,268.0,507.0,273.0,791.0,3226.0,4158.0,4352.0,4400.0,1601.0,768.0,344.0,540.0,349.0,857.0,2919.0,3753.0,3875.0,4019.0,2043.0,1097.5,447.5,811.5,599.5,1492.0,2596.5,2926.5,3169.0,3278.5,2831.0,2068.0,557.0,712.0,850.0,1143.0,1331.0,1488.0,1583.0,1745.0,3593.0,2722.0,758.0,998.0,1385.0,1607.0,1729.0,1870.0,2102.0,2166.0,3499.0,2685.0,790.0,1031.0,1368.0,1608.0,1725.0,1868.0,2029.0,2087.0,1888.0,1442.5,723.5,914.0,1172.5,1310.0,1372.5,1477.0,1602.0,1580.5,3300.5,2463.0,773.0,1011.0,1249.0,1531.0,1699.5,1880.5,2039.5,2089.5,2156.0,1596.5,774.0,874.0,977.0,1190.5,1374.0,1506.5,1647.5,1614.5,2826.0,1900.0,598.5,875.0,1012.0,1410.0,1850.0,2020.0,2256.5,2244.0,2853.5,1918.0,625.0,931.0,970.0,1484.0,2089.0,2246.5,2420.0,2430.5,0.0,0.0,0.0,0.0,0.0,0.0,0.0,0.0,0.0,0.0,2543.0,1628.0,603.0,898.0,808.0,1423.0,2320.0,2579.0,2795.0,2737.0,0.0,0.0,0.0,0.0,0.0,0.0,0.0,0.0,0.0,0.0,791.0,850.0,10714.0,10424.0,10318.0,10412.0,10039.0,9656.0,10030.0,9231.0,297.0,221.0,7362.0,7484.0,7764.0,8051.0,7635.0,7248.0,7400.0,6930.0,2945.0,2174.0,834.0,1209.0,1661.0,1920.0,2025.0,2139.0,2403.0,2388.0,2370.5,1801.0,786.5,1051.5,1346.5,1577.5,1675.5,1804.0,1960.0,1998.0,2798.0,1998.0,716.0,1072.0,1473.0,1767.0,1933.0,2061.0,2254.0,2292.0,3295.0,2390.0,966.0,1360.0,1767.0,2123.0,2286.0,2460.0,2612.0,2697.0,"{""type"":""MultiPoint"",""coordinates"":[]}"
998,5,2546.0,1731.5,581.5,795.0,929.0,1330.5,1843.5,2081.5,2287.0,2272.5,3544.0,3000.5,1040.5,1384.5,1751.5,1988.0,2487.5,2473.0,2978.5,3034.0,0.0,0.0,0.0,0.0,0.0,0.0,0.0,0.0,0.0,0.0,2834.0,2001.5,739.0,1048.5,1181.5,1523.0,2106.0,2357.5,2589.5,2603.0,4164.5,3498.5,1227.0,1692.5,1906.5,2340.0,3298.0,3524.0,3853.0,3862.5,4641.5,4226.5,1400.5,1848.5,2354.5,2678.0,3057.5,3334.5,3553.0,3724.0,5029.0,4344.5,1503.5,2006.0,2436.0,2945.5,3377.0,3728.5,3969.0,4039.0,4932.5,4456.0,1570.5,2122.5,2517.0,2967.5,3370.0,3748.0,3939.5,3925.0,0.0,0.0,0.0,0.0,0.0,0.0,0.0,0.0,0.0,0.0,4415.5,3495.0,1272.0,1727.0,1940.5,2460.5,3611.0,4079.0,4232.0,4381.5,0.0,0.0,0.0,0.0,0.0,0.0,0.0,0.0,0.0,0.0,2936.0,2173.0,701.5,954.0,1130.5,1593.5,2116.5,2330.0,2672.5,2558.5,3190.0,1883.0,708.5,1034.5,906.0,1441.0,3665.0,4435.5,4556.0,4948.5,3293.0,2043.0,757.0,1066.0,1037.5,1632.5,3438.5,4256.5,4391.0,4574.0,3172.0,2051.0,701.0,970.5,960.0,1526.5,3043.5,3820.0,3975.5,4259.5,3214.0,2320.0,1752.0,1961.0,1731.5,2346.0,3878.5,4488.5,4416.0,4616.0,2585.0,1597.5,526.5,812.5,725.5,1176.0,3021.0,3580.0,3918.5,3834.5,0.0,0.0,0.0,0.0,0.0,0.0,0.0,0.0,0.0,0.0,2678.5,1829.0,515.0,774.5,839.0,1213.5,1815.5,2043.0,2340.5,2378.0,2328.5,1522.5,459.0,682.5,665.0,1031.5,1700.5,1706.0,2125.0,2312.0,2596.0,1758.5,506.0,747.0,841.0,1210.5,1697.5,1979.5,2255.0,2146.0,2800.0,2005.0,577.0,829.5,901.5,1284.0,1863.0,2274.0,2367.0,2314.0,0.0,0.0,0.0,0.0,0.0,0.0,0.0,0.0,0.0,0.0,2406.5,1683.5,564.5,811.0,866.0,1193.0,1701.0,1797.5,2191.5,2086.5,1109.5,745.0,591.0,573.0,510.5,671.5,942.5,1025.0,1063.0,1102.0,2209.0,1410.5,356.0,667.5,871.0,1258.0,1701.5,2071.0,2248.0,2142.5,2238.5,1516.5,457.0,678.5,810.0,1259.5,1533.5,1797.0,1898.5,2099.0,0.0,0.0,0.0,0.0,0.0,0.0,0.0,0.0,0.0,0.0,2309.0,1601.5,437.0,670.0,715.5,1138.5,1645.5,1925.0,2084.5,2060.5,0.0,0.0,0.0,0.0,0.0,0.0,0.0,0.0,0.0,0.0,494.0,496.0,9479.5,9318.0,9199.0,8985.0,8436.0,8471.5,8917.0,8137.0,0.0,0.0,0.0,0.0,0.0,0.0,0.0,0.0,0.0,0.0,2932.0,2084.0,669.0,940.0,1098.0,1585.0,2394.0,2655.0,3036.5,2828.5,2893.0,1972.5,730.5,1100.5,1159.0,1764.5,2475.0,2695.5,3150.5,3020.5,2730.0,1829.5,658.5,1007.5,1278.0,1708.5,2046.5,2353.5,2730.0,2535.5,827.0,493.5,392.5,410.5,442.0,551.0,647.5,779.0,740.0,862.5,"{""type"":""MultiPoint"",""coordinates"":[]}"
1024,1,2937.0,1902.0,616.0,794.0,1062.0,1548.0,2088.0,2339.0,2675.0,2803.0,4111.0,3127.0,905.0,1183.0,1561.0,1910.0,2113.0,2322.0,2638.0,2735.0,4211.0,3194.0,920.0,1162.0,1487.0,1904.0,2103.0,2334.0,2639.0,2803.0,4315.0,3078.0,2254.0,2406.0,2532.0,3022.0,3315.0,3538.0,3909.0,3809.0,4041.0,3486.0,921.0,1339.0,1634.0,2135.0,2653.0,2950.0,3034.0,3226.0,3053.0,2174.0,726.0,1058.0,1070.0,1502.0,2851.0,3401.0,3403.0,3528.0,0.0,0.0,0.0,0.0,0.0,0.0,0.0,0.0,0.0,0.0,1997.0,821.0,193.0,457.0,146.0,571.0,3798.0,5852.0,5936.0,6027.0,2388.0,1051.0,536.0,743.0,465.0,873.0,4366.0,7066.0,6925.0,7413.0,1891.5,822.5,265.5,453.5,227.5,575.0,3233.0,5250.0,5286.0,5575.5,1922.0,817.0,329.0,469.0,261.0,604.0,3090.0,5244.0,5225.0,5559.0,3192.0,2157.0,690.0,880.0,1173.0,1693.0,2230.0,2445.0,2803.0,2835.0,1934.0,799.0,322.0,588.0,346.0,775.0,3307.0,4922.0,5007.0,5340.0,3192.0,2314.0,3306.0,3111.5,2702.0,3129.0,4409.5,5091.0,5384.5,5287.0,2698.0,1605.0,483.0,784.0,852.0,1469.0,2251.0,2739.0,2790.0,3193.0,3125.5,2279.0,730.5,865.5,1077.5,1427.0,1854.0,2126.0,1987.0,2448.5,4354.0,3177.5,829.5,1145.0,1716.5,2050.5,2244.5,2487.0,2717.0,2909.0,0.0,0.0,0.0,0.0,0.0,0.0,0.0,0.0,0.0,0.0,4711.5,3609.0,959.0,1290.5,1917.5,2266.0,2428.5,2622.5,2891.5,3041.0,4114.0,2970.0,861.0,1164.0,1554.0,1961.0,2187.0,2390.0,2509.0,2704.0,3857.5,2705.5,750.5,1095.5,1370.0,1856.0,2271.0,2532.0,2725.5,2841.5,2639.5,1702.5,534.5,857.0,897.5,1380.0,1927.5,2124.0,2240.0,2340.0,0.0,0.0,0.0,0.0,0.0,0.0,0.0,0.0,0.0,0.0,3367.0,2141.0,667.0,1029.0,1216.0,1861.0,2465.0,2678.0,2982.0,3003.0,0.0,0.0,0.0,0.0,0.0,0.0,0.0,0.0,0.0,0.0,2844.0,1810.0,585.0,933.0,1266.0,1822.0,2423.0,2651.0,2949.0,3003.0,3359.0,2249.5,796.5,1065.0,1359.5,1937.0,2494.0,2700.5,2905.0,3043.0,0.0,0.0,0.0,0.0,0.0,0.0,0.0,0.0,0.0,0.0,3119.0,2105.0,670.0,927.0,1142.0,1650.0,2298.0,2494.0,2824.0,2866.0,0.0,0.0,0.0,0.0,0.0,0.0,0.0,0.0,0.0,0.0,566.0,608.0,10668.0,10398.0,10220.0,10282.0,9950.0,9441.0,9880.0,8987.0,0.0,0.0,0.0,0.0,0.0,0.0,0.0,0.0,0.0,0.0,3093.0,2093.0,564.0,764.0,1026.0,1564.0,2162.0,2438.0,2773.0,2850.0,3197.5,2131.0,680.5,962.0,1139.5,1764.5,2267.5,2533.5,2817.5,2922.0,3243.0,2162.0,598.0,899.0,1187.0,1725.0,2034.0,2260.0,2580.0,2674.0,2063.0,1337.0,1485.0,1378.0,1439.0,1617.0,1612.0,1731.0,2229.0,1915.0,"{""type"":""MultiPoint"",""coordinates"":[]}"
1047,3,2129.0,1431.0,640.0,795.0,1039.0,1275.0,1406.0,1501.0,1645.0,1716.0,4140.0,3748.0,1109.0,1510.0,1907.0,2172.0,2309.0,2435.0,2597.0,2702.0,2593.0,1997.0,668.0,830.0,1048.0,1240.0,1318.0,1415.0,1567.0,1600.0,3427.5,2945.5,902.0,1199.0,1421.0,1697.0,1816.0,1961.5,2123.0,2187.0,2798.0,2212.0,641.0,925.0,1110.0,1371.0,1491.0,1598.0,1735.0,1785.0,5733.0,5291.0,1800.0,2283.0,2572.0,3097.0,3361.0,3607.0,3839.0,3797.0,0.0,0.0,0.0,0.0,0.0,0.0,0.0,0.0,0.0,0.0,1989.0,1176.5,534.5,787.0,534.0,1073.0,2336.5,2856.5,2817.0,2910.0,1908.0,1013.0,326.0,617.0,352.0,985.0,2778.0,3570.0,3435.0,3604.0,1801.0,912.0,423.0,802.0,405.0,1148.0,3098.0,3789.0,3649.0,3939.0,1743.0,852.0,446.0,824.0,432.0,1209.0,3252.0,4210.0,4179.0,4398.0,3117.0,2464.0,890.0,1100.0,1332.0,1546.0,1726.0,1810.0,2036.0,2025.0,1590.0,720.0,497.0,738.0,420.0,1137.0,3333.0,4381.0,4120.0,4591.0,1601.0,778.0,518.0,795.0,479.0,1223.0,3071.0,3929.0,3943.0,4271.0,1707.0,965.0,583.0,1036.0,653.0,1618.0,3093.0,3654.0,3636.0,3873.0,2116.0,1140.0,664.0,1181.0,884.0,1949.0,3177.0,3617.0,3550.0,3877.0,2240.5,1225.5,652.5,1050.0,915.0,1799.0,2825.5,3079.0,3272.5,3491.5,2476.5,1751.5,753.0,1014.5,1320.0,1691.0,1924.0,2128.5,2205.5,2441.0,3113.0,2850.0,777.0,1013.5,1351.0,1532.5,1605.5,1746.5,1877.0,1942.0,2276.0,1775.0,1061.0,1211.5,1277.0,1577.0,1764.5,1897.5,1842.0,1999.0,4636.0,4159.0,1235.0,1795.0,2118.0,2655.0,2915.0,3045.0,3138.0,3327.0,4372.0,3801.0,1106.0,1602.0,1894.0,2418.0,2836.0,3062.0,3184.0,3343.0,2150.0,1596.0,789.5,902.5,1029.0,1198.5,1314.5,1375.5,1491.0,1526.5,2636.5,1838.5,593.0,943.0,966.0,1423.5,2109.5,2310.5,2407.5,2434.5,3224.0,2412.0,1541.5,1814.0,1796.0,2274.0,2998.5,3203.0,3451.0,3325.5,2366.0,1510.5,448.0,858.0,745.5,1350.5,2609.0,2870.5,3050.5,3002.5,2443.0,1560.0,477.0,905.0,765.0,1425.0,2761.0,3053.0,3216.0,3201.0,0.0,0.0,0.0,0.0,0.0,0.0,0.0,0.0,0.0,0.0,2267.0,1370.0,534.0,897.0,675.0,1328.0,2837.0,3178.0,3422.0,3380.0,0.0,0.0,0.0,0.0,0.0,0.0,0.0,0.0,0.0,0.0,633.0,690.0,10558.0,10320.0,10176.0,10243.0,9910.0,9461.0,9800.0,9043.0,1454.0,895.0,5024.5,5184.0,5333.0,5554.0,5353.0,5100.0,5357.5,4888.5,3010.5,2241.5,855.0,1111.0,1325.5,1669.0,1915.5,2051.5,2283.5,2275.0,3500.0,2679.0,1035.0,1308.0,1554.0,1904.0,2071.0,2208.0,2476.0,2468.0,3191.0,2387.0,913.0,1190.0,1440.0,1786.0,1899.0,2049.0,2182.0,2281.0,2857.0,2149.0,792.0,1040.0,1333.0,1528.0,1595.0,1704.0,1888.0,1924.0,"{""type"":""MultiPoint"",""coordinates"":[]}"
1049,1,2391.0,1519.0,568.5,790.5,947.5,1564.5,2386.5,2559.0,2826.5,2819.0,2818.5,2676.5,985.0,1219.0,1517.5,1683.5,1760.0,1858.5,1959.5,2004.0,2619.0,1987.0,732.0,942.0,1269.0,1490.0,1616.0,1754.0,1899.0,1960.0,4117.5,3510.0,1117.0,1595.5,1758.0,2431.5,2827.5,3042.5,3190.5,3246.0,4195.5,3483.5,1219.5,1747.5,1945.5,2543.5,3094.5,3330.5,3509.5,3560.5,3374.5,2653.0,1229.0,1547.5,1524.0,2018.0,3099.5,3483.5,3513.0,3672.0,3310.0,2582.0,2673.5,2649.5,2485.0,2979.5,3969.5,4339.0,4195.0,4492.0,2234.0,1176.0,699.5,815.0,536.0,938.5,3469.0,5101.5,5056.5,5277.0,1822.0,849.0,378.0,569.0,368.0,698.0,3282.0,5140.0,5015.0,5425.0,1737.0,756.0,297.0,485.0,294.0,639.0,2929.0,4571.0,4725.0,4851.0,1707.0,744.0,602.0,671.0,475.0,628.0,2945.0,4702.0,4434.0,5034.0,2780.0,1915.0,648.0,856.0,1067.0,1664.0,2366.0,2610.0,2867.0,2820.0,1660.5,821.0,600.5,714.0,554.0,801.0,2210.0,3242.0,3282.0,3399.5,1767.0,808.5,358.0,530.5,374.0,736.0,2344.5,3228.5,3485.0,3543.0,2900.0,1854.0,502.0,745.0,846.0,1161.0,2210.0,2664.0,2779.0,3217.0,2746.5,2017.5,912.5,935.5,967.0,1218.0,1467.5,1652.5,2034.5,1867.5,3109.5,2399.5,781.0,995.5,1143.0,1462.0,1796.0,2118.5,2116.0,2547.0,4756.0,3196.5,974.0,1338.0,2036.5,2494.5,2723.5,3063.5,3281.0,3643.0,4472.5,3189.5,841.0,1191.5,1771.0,2177.5,2449.5,2700.0,2901.5,3178.0,3254.5,2305.0,718.5,944.5,1251.5,1601.0,1867.5,2082.0,2150.5,2341.0,3670.0,2526.0,718.0,1033.0,1316.0,1782.0,2301.0,2571.0,2718.0,2868.0,3198.5,1925.0,555.0,973.5,933.5,1655.0,2768.0,3022.5,3290.5,3305.5,2247.0,1424.0,755.5,886.0,991.0,1536.5,2208.5,2393.5,2672.5,2546.0,2691.0,1558.0,514.0,919.0,762.0,1544.0,2850.0,3115.0,3460.0,3467.0,0.0,0.0,0.0,0.0,0.0,0.0,0.0,0.0,0.0,0.0,2579.5,1476.5,439.5,839.5,881.5,1706.5,3126.5,3448.0,3883.0,3797.0,2435.0,1376.0,452.0,819.0,837.0,1581.0,3099.0,3443.0,3698.0,3726.0,0.0,0.0,0.0,0.0,0.0,0.0,0.0,0.0,0.0,0.0,2514.0,1456.0,459.0,768.0,649.0,1367.0,3400.0,3793.0,4109.0,4058.0,0.0,0.0,0.0,0.0,0.0,0.0,0.0,0.0,0.0,0.0,665.0,717.0,10706.0,10404.0,10312.0,10387.0,9977.0,9573.0,9952.0,9157.0,1316.5,829.0,3404.0,3459.5,3601.5,4026.0,4382.5,4402.0,4573.0,4353.0,2751.0,1844.0,645.0,861.0,1021.0,1659.0,2431.0,2727.0,2946.0,3007.0,2951.0,1913.0,718.0,1079.0,1102.0,1830.0,2772.0,3052.0,3246.0,3265.0,2900.0,1897.0,638.0,1001.0,1154.0,1784.0,2300.0,2486.0,2692.0,2746.0,3042.0,2166.0,756.0,1070.0,1290.0,1754.0,2057.0,2263.0,2493.0,2507.0,"{""type"":""MultiPoint"",""coordinates"":[]}"
1062,5,2174.5,1456.5,566.5,712.0,924.0,1078.0,1276.5,1392.5,1613.0,1603.0,3602.5,3225.0,1064.5,1344.0,1699.5,1916.0,2028.0,2178.0,2336.0,2365.5,1887.5,1221.5,563.0,722.0,945.0,1074.5,1149.5,1274.5,1398.5,1417.0,0.0,0.0,0.0,0.0,0.0,0.0,0.0,0.0,0.0,0.0,0.0,0.0,0.0,0.0,0.0,0.0,0.0,0.0,0.0,0.0,3637.0,2957.0,951.0,1258.5,1473.0,1790.5,2261.5,2486.5,2600.0,2664.0,0.0,0.0,0.0,0.0,0.0,0.0,0.0,0.0,0.0,0.0,0.0,0.0,0.0,0.0,0.0,0.0,0.0,0.0,0.0,0.0,0.0,0.0,0.0,0.0,0.0,0.0,0.0,0.0,0.0,0.0,2847.0,1453.5,574.5,763.5,463.5,1031.0,4119.0,5325.0,5225.5,5553.5,2424.0,1094.0,303.5,516.5,226.0,785.0,4024.0,5767.5,5664.0,5899.5,2777.0,2407.5,674.5,857.0,1110.0,1308.0,1459.0,1551.5,1782.0,1772.0,2449.5,1045.0,300.0,444.5,183.0,667.5,4034.0,6175.5,6170.5,6529.5,2222.5,956.5,350.5,482.0,241.0,693.0,3979.0,5793.5,5927.0,6088.0,0.0,0.0,0.0,0.0,0.0,0.0,0.0,0.0,0.0,0.0,1416.0,605.0,308.5,427.0,225.0,551.0,2474.0,3396.0,3306.5,3595.0,2060.5,939.0,306.0,661.5,322.5,1092.0,3423.5,4136.5,4391.5,4488.0,0.0,0.0,0.0,0.0,0.0,0.0,0.0,0.0,0.0,0.0,2994.5,2106.0,514.5,680.5,971.0,1162.5,1277.0,1463.0,1583.0,1751.0,4030.0,2882.5,978.5,1197.5,1572.5,1891.0,2032.0,2191.5,2275.5,2524.5,2549.5,2036.5,558.5,730.5,999.5,1126.0,1230.0,1335.5,1475.5,1511.5,3008.5,2614.0,787.0,972.0,1275.0,1431.0,1499.5,1642.5,1774.5,1804.5,0.0,0.0,0.0,0.0,0.0,0.0,0.0,0.0,0.0,0.0,2936.5,2454.0,753.0,980.5,1266.5,1407.0,1515.0,1624.0,1772.0,1778.0,0.0,0.0,0.0,0.0,0.0,0.0,0.0,0.0,0.0,0.0,1675.5,1124.5,338.5,490.5,672.5,790.0,862.5,971.0,1108.0,1094.5,1893.5,1286.0,410.0,572.5,796.5,913.0,1012.5,1068.5,1232.5,1274.5,0.0,0.0,0.0,0.0,0.0,0.0,0.0,0.0,0.0,0.0,2123.5,1526.0,558.0,684.0,891.5,1016.5,1143.5,1278.0,1439.0,1428.0,0.0,0.0,0.0,0.0,0.0,0.0,0.0,0.0,0.0,0.0,967.5,1017.5,10478.0,10265.5,10253.5,10367.0,10081.0,9686.0,10175.5,9347.5,0.0,0.0,0.0,0.0,0.0,0.0,0.0,0.0,0.0,0.0,2481.5,1792.5,581.0,756.0,971.5,1212.5,1450.0,1618.0,1788.5,1786.5,2184.5,1513.0,587.0,764.5,987.5,1117.5,1231.0,1345.5,1511.5,1521.0,1618.0,1070.5,457.5,605.0,830.0,977.0,1058.0,1147.0,1293.0,1296.0,3046.0,2434.0,879.0,1100.0,1406.5,1611.0,1703.5,1846.5,1994.0,2058.5,"{""type"":""MultiPoint"",""coordinates"":[]}"
1071,3,1651.5,964.5,637.0,850.0,1057.0,1324.0,1601.5,1771.5,1966.0,1913.0,3194.0,2539.5,939.0,1207.0,1565.0,1788.5,1915.5,2019.5,2209.0,2226.5,1416.5,808.0,597.0,737.5,934.0,1102.0,1151.0,1280.5,1390.5,1429.5,0.0,0.0,0.0,0.0,0.0,0.0,0.0,0.0,0.0,0.0,0.0,0.0,0.0,0.0,0.0,0.0,0.0,0.0,0.0,0.0,3237.5,2583.0,1193.5,1447.5,1733.5,1977.0,2276.5,2417.0,2436.5,2627.0,0.0,0.0,0.0,0.0,0.0,0.0,0.0,0.0,0.0,0.0,1133.0,724.5,380.5,568.0,377.5,768.5,1559.0,1838.0,1948.0,1749.0,0.0,0.0,0.0,0.0,0.0,0.0,0.0,0.0,0.0,0.0,1399.0,745.0,847.5,881.5,638.0,997.5,2489.5,3426.5,3292.0,3451.5,1475.0,720.5,436.0,544.0,302.0,799.5,2524.5,4227.5,4217.5,4451.0,2266.0,1560.5,630.0,831.5,1033.0,1367.0,1553.0,1685.5,1876.5,1866.5,1457.5,677.0,369.0,430.5,242.0,613.5,2424.0,4515.5,4487.0,4722.5,1517.5,769.5,382.5,567.0,332.0,879.5,2749.0,4384.0,4531.0,4681.0,1754.5,831.0,383.0,651.5,354.5,1052.0,3249.5,5079.5,4961.0,5330.0,1763.0,867.0,441.5,697.0,436.5,1067.5,3143.5,4435.5,4399.0,4805.5,2814.5,1652.0,695.5,1050.0,1136.0,1845.0,2987.0,3603.5,4001.5,4107.0,0.0,0.0,0.0,0.0,0.0,0.0,0.0,0.0,0.0,0.0,2918.0,2026.5,840.0,1167.5,1611.5,1995.0,2359.0,2580.5,2776.0,2883.0,1236.5,660.0,622.0,755.0,875.5,1277.5,1633.0,1768.0,1764.0,1902.5,1574.5,916.0,389.0,591.0,673.5,1056.0,1586.5,1774.0,1926.5,1963.0,2797.0,1798.5,581.0,838.0,1003.5,1458.0,2141.0,2349.0,2504.5,2584.0,0.0,0.0,0.0,0.0,0.0,0.0,0.0,0.0,0.0,0.0,1555.5,855.0,405.5,617.5,653.5,1117.5,1718.0,1986.0,2144.5,2198.0,0.0,0.0,0.0,0.0,0.0,0.0,0.0,0.0,0.0,0.0,1083.0,614.5,287.0,531.5,701.5,1159.0,1539.5,1693.5,1855.5,1875.5,1043.5,626.0,405.0,589.5,726.0,1074.0,1220.0,1400.5,1461.5,1504.0,0.0,0.0,0.0,0.0,0.0,0.0,0.0,0.0,0.0,0.0,963.0,667.0,386.0,539.5,725.5,1022.0,1206.0,1342.5,1440.0,1425.0,0.0,0.0,0.0,0.0,0.0,0.0,0.0,0.0,0.0,0.0,943.5,1024.0,10700.0,10288.0,10205.0,10070.5,9973.5,9823.5,10067.5,9033.5,0.0,0.0,0.0,0.0,0.0,0.0,0.0,0.0,0.0,0.0,2314.0,1444.0,696.5,983.5,1208.0,1549.0,1869.5,1969.5,2209.0,2239.5,2304.0,1405.5,755.5,1028.5,1177.0,1519.5,1822.0,2057.5,2234.5,2247.5,1344.0,731.5,611.0,891.0,1022.0,1459.0,1779.0,1929.0,2132.5,2094.5,0.0,0.0,0.0,0.0,0.0,0.0,0.0,0.0,0.0,0.0,"{""type"":""MultiPoint"",""coordinates"":[]}"
1075,176,2546.0,1706.0,629.0,898.0,1246.0,1596.0,1926.0,2073.0,2303.0,2378.0,2859.0,2021.5,1013.5,1161.0,1193.5,1661.0,2369.0,2624.5,2567.0,2877.0,0.0,0.0,0.0,0.0,0.0,0.0,0.0,0.0,0.0,0.0,3083.0,1815.0,566.0,912.0,655.0,1354.0,3161.0,3672.0,3756.0,3807.0,2954.0,1619.0,448.0,871.0,577.0,1342.0,3302.0,3756.0,3937.0,3922.0,2647.0,1382.0,491.0,881.0,528.0,1301.0,3439.0,4063.0,4260.0,4232.0,3319.0,1710.0,1158.0,1499.0,1070.0,1989.0,4381.0,5138.0,5060.0,5464.0,2716.0,1318.0,608.0,954.0,585.0,1345.0,3607.0,4399.0,4365.0,4721.0,2482.0,1137.5,609.0,979.5,562.5,1371.5,3699.5,4375.0,4474.5,4673.5,1975.0,986.5,723.5,931.0,664.5,1284.0,2790.0,3275.5,3157.5,3582.0,0.0,0.0,0.0,0.0,0.0,0.0,0.0,0.0,0.0,0.0,3286.0,2308.0,680.0,976.0,1331.0,1697.0,2025.0,2231.0,2491.0,2503.0,2715.5,1614.0,1144.0,1413.0,993.0,1673.5,4017.0,4873.0,4723.0,5212.5,0.0,0.0,0.0,0.0,0.0,0.0,0.0,0.0,0.0,0.0,4191.5,3003.0,2349.5,2520.0,2358.0,2941.0,4019.0,4314.5,4467.5,4658.0,3595.0,2537.0,1597.0,1816.0,1720.0,2309.0,3590.0,4143.0,3924.0,4342.0,2844.0,1427.0,452.0,803.0,599.0,1267.0,3072.0,3546.0,3575.0,3981.0,2424.0,1131.0,285.0,731.0,471.0,1283.0,3238.0,3840.0,3870.0,4198.0,1572.0,761.5,272.0,491.0,388.5,874.5,1922.5,2309.5,2288.5,2571.0,1134.0,612.0,254.0,377.0,311.0,643.0,1258.0,1510.0,1568.0,1728.0,2762.0,1504.0,452.0,795.0,860.0,1563.0,2699.0,3099.0,3270.0,3566.0,3688.5,2376.0,608.5,883.0,1270.5,1701.5,2073.0,2353.5,2574.5,2786.0,2653.0,2099.0,735.5,941.5,1192.5,1490.0,1846.5,2051.0,2042.5,2305.0,3446.0,2236.0,520.0,796.5,1169.0,1549.5,1929.5,2166.5,2431.5,2525.0,0.0,0.0,0.0,0.0,0.0,0.0,0.0,0.0,0.0,0.0,3606.0,2324.0,588.0,910.0,1471.0,1720.0,1966.0,2202.0,2570.0,2587.0,2776.0,1956.5,600.5,798.0,1153.5,1456.5,1737.0,1945.5,1959.0,2184.5,0.0,0.0,0.0,0.0,0.0,0.0,0.0,0.0,0.0,0.0,2294.0,1414.0,559.0,750.0,1063.0,1288.0,1492.0,1658.0,1985.0,1919.0,797.0,590.0,358.0,410.5,449.5,541.0,669.0,725.5,774.0,777.5,0.0,0.0,0.0,0.0,0.0,0.0,0.0,0.0,0.0,0.0,564.0,374.0,4218.0,4495.0,4722.0,5133.0,5198.0,5089.0,5264.0,4994.0,3407.0,2434.0,690.0,993.0,1236.0,1668.0,2232.0,2441.0,2661.0,2727.0,3189.0,2198.0,661.0,961.0,1057.0,1602.0,2351.0,2525.0,2784.0,2801.0,3461.0,2468.5,686.5,990.5,1223.0,1697.0,2143.0,2355.5,2598.5,2684.5,3541.5,2553.0,694.5,991.5,1259.0,1662.5,2107.0,2329.5,2568.5,2674.0,"{""type"":""MultiPoint"",""coordinates"":[]}"
1093,3,1962.0,1371.0,672.0,809.0,907.0,1144.0,1236.0,1315.0,1511.0,1497.0,4174.0,4013.5,1754.5,2020.5,2348.0,2599.5,2700.0,2817.0,2982.0,3010.0,1175.0,835.5,787.5,927.0,1074.0,1236.5,1247.5,1309.0,1435.5,1403.0,2289.0,1626.0,1053.0,1210.0,1354.0,1609.0,1642.0,1759.0,1931.0,1936.0,0.0,0.0,0.0,0.0,0.0,0.0,0.0,0.0,0.0,0.0,321.0,212.0,634.0,908.0,775.0,1203.0,1156.0,1200.0,1186.0,1007.0,0.0,0.0,0.0,0.0,0.0,0.0,0.0,0.0,0.0,0.0,1357.0,797.0,377.0,645.0,351.0,886.0,2001.0,2255.0,2330.0,2155.0,1819.0,911.0,380.0,734.0,337.0,1060.0,3275.0,4168.0,4115.0,4068.0,1727.0,833.0,485.0,733.0,386.0,1073.0,3056.0,3962.0,4151.0,4172.0,1801.0,855.0,592.0,806.0,499.0,1160.0,3203.0,4413.0,4458.0,4554.0,2169.0,1709.0,755.0,863.0,985.0,1185.0,1266.0,1351.0,1499.0,1516.0,371.0,158.0,377.0,358.0,188.0,368.0,1003.0,1538.0,1351.0,1465.0,1592.5,768.5,513.5,732.5,413.5,1106.5,3221.0,4335.5,4522.0,4520.5,1778.0,867.0,667.0,1148.0,576.0,1740.0,4075.0,4957.0,4966.0,5365.0,2149.5,1249.5,1076.0,1533.0,1204.5,2341.0,3624.5,4068.5,4032.5,4373.5,2439.0,1580.5,711.5,1158.0,1365.5,2111.0,2661.5,2914.0,3164.0,3281.5,3870.0,2731.0,1001.0,1428.0,2031.0,2628.0,3086.0,3266.0,3428.0,3782.0,3184.0,2797.0,822.5,1091.0,1528.0,1772.0,1870.5,2046.5,2218.0,2240.0,2165.0,1550.0,837.0,999.0,1172.0,1373.0,1454.0,1556.0,1577.0,1705.0,3301.5,2913.5,1051.5,1302.5,1594.0,1847.5,1923.5,2062.5,2240.5,2264.5,2649.0,2713.0,876.0,1006.0,1245.0,1410.0,1390.0,1507.0,1636.0,1683.0,0.0,0.0,0.0,0.0,0.0,0.0,0.0,0.0,0.0,0.0,2838.0,2786.0,917.0,1114.0,1368.0,1513.0,1556.0,1671.0,1826.0,1856.0,2783.0,2090.0,1292.0,1460.0,1687.0,1886.0,2048.0,2157.0,2292.0,2289.0,1666.0,1347.0,442.0,574.0,755.0,864.0,897.0,973.0,1083.0,1112.0,1745.0,1345.0,503.0,651.0,843.0,952.0,1001.0,1101.0,1245.0,1260.0,0.0,0.0,0.0,0.0,0.0,0.0,0.0,0.0,0.0,0.0,1682.0,1244.0,691.0,800.0,969.0,1081.0,1166.0,1267.0,1407.0,1400.0,0.0,0.0,0.0,0.0,0.0,0.0,0.0,0.0,0.0,0.0,1056.0,1158.0,11062.0,10728.0,10560.0,10622.0,10315.0,9960.0,10422.0,9580.0,2003.0,1386.0,800.0,920.0,1013.0,1246.0,1295.0,1419.0,1475.0,1562.0,2236.0,1649.0,759.0,920.0,1053.0,1256.0,1351.0,1472.0,1617.0,1580.0,2370.0,1744.0,928.0,1122.0,1279.0,1478.0,1588.0,1656.0,1881.0,1857.0,1079.0,747.0,461.0,542.0,628.0,771.0,807.0,887.0,930.0,967.0,2186.5,2133.5,857.0,952.5,1127.5,1281.0,1347.0,1453.0,1376.0,1607.5,"{""type"":""MultiPoint"",""coordinates"":[]}"
1148,1,2276.0,1617.0,615.0,787.0,1060.0,1197.0,1262.0,1404.0,1608.0,1608.0,5116.0,4558.0,1550.0,2038.0,2622.0,2955.0,3106.0,3297.0,3574.0,3582.0,2537.0,1909.0,675.0,827.0,1107.0,1286.0,1367.0,1523.0,1660.0,1708.0,2390.0,1715.0,605.0,749.0,1037.0,1180.0,1262.0,1370.0,1554.0,1590.0,4652.0,4266.0,1462.0,1864.0,2396.0,2678.0,2800.0,3027.0,3186.0,3206.0,2972.0,2746.5,1352.5,1502.0,1741.5,1906.0,2132.5,2396.0,2510.0,2652.0,2746.0,1884.0,724.0,919.0,1169.0,1450.0,1667.0,1838.0,1946.0,2060.0,4657.0,3779.0,1140.0,1701.0,1744.0,2460.0,3620.0,4001.0,4165.0,4240.0,0.0,0.0,0.0,0.0,0.0,0.0,0.0,0.0,0.0,0.0,2310.0,1157.0,520.5,709.0,467.5,901.0,3208.0,4497.0,4532.0,4738.0,2302.0,1297.0,945.0,1138.0,1031.0,1404.0,3249.0,4683.0,4746.0,4822.0,2703.0,2213.0,707.0,929.0,1224.0,1384.0,1426.0,1593.0,1809.0,1751.0,4089.5,3261.5,2814.5,2999.5,3000.5,3546.0,4862.0,5739.5,5324.0,5963.0,1745.0,754.0,336.0,445.0,293.0,573.0,2541.0,4051.0,4169.0,4321.0,1883.0,823.0,364.0,503.0,353.0,696.0,2618.0,3972.0,3923.0,4233.0,2319.5,1206.0,492.0,722.5,601.0,1075.5,2532.5,3189.0,3214.0,3557.5,3081.0,1993.5,486.5,716.0,950.5,1381.0,1909.5,2210.0,2472.0,2657.0,0.0,0.0,0.0,0.0,0.0,0.0,0.0,0.0,0.0,0.0,4013.0,3172.5,975.0,1341.0,1905.5,2227.0,2359.0,2557.5,2797.0,2872.0,3394.0,2456.0,822.0,1105.0,1527.0,1839.0,2005.0,2186.0,2254.0,2467.0,3410.0,2580.0,834.0,1133.5,1571.0,1862.0,2009.5,2210.5,2423.0,2481.5,2870.0,2234.0,770.0,1025.0,1385.5,1636.5,1730.5,1910.0,2047.5,2139.5,0.0,0.0,0.0,0.0,0.0,0.0,0.0,0.0,0.0,0.0,3168.5,2320.0,830.0,1138.5,1440.0,1829.0,2010.5,2143.5,2386.5,2420.0,0.0,0.0,0.0,0.0,0.0,0.0,0.0,0.0,0.0,0.0,1901.0,1189.0,410.0,640.0,954.0,1147.0,1318.0,1438.0,1665.0,1689.0,2698.5,1950.5,665.0,926.0,1168.0,1507.0,1818.5,2006.0,2145.5,2237.5,0.0,0.0,0.0,0.0,0.0,0.0,0.0,0.0,0.0,0.0,2126.0,1228.0,519.0,772.0,766.0,1250.0,2158.0,2343.0,2603.0,2564.0,0.0,0.0,0.0,0.0,0.0,0.0,0.0,0.0,0.0,0.0,484.0,552.0,10476.0,10276.0,10280.0,10385.0,10006.0,9618.0,10013.0,9218.0,0.0,0.0,0.0,0.0,0.0,0.0,0.0,0.0,0.0,0.0,2809.0,2137.0,786.0,987.0,1295.0,1517.0,1621.0,1764.0,1970.0,1957.0,3620.0,2983.0,975.5,1281.0,1702.5,1911.5,2039.0,2230.5,2457.0,2468.5,2723.0,1914.0,728.0,949.0,1260.0,1472.0,1568.0,1757.0,1947.0,1941.0,3073.0,1992.0,1015.0,1221.0,1584.0,1864.0,1998.0,2164.0,2353.0,2427.0,"{""type"":""MultiPoint"",""coordinates"":[]}"
1152,3,1785.0,991.0,802.0,1098.0,1416.0,1607.0,1751.0,1864.0,2090.0,2070.0,2890.0,2258.0,951.0,1221.0,1518.0,1708.0,1759.0,1906.0,2009.0,2074.0,1799.0,1029.5,692.5,845.0,1041.0,1179.5,1265.5,1380.5,1510.0,1555.5,2790.0,1911.0,1667.0,1719.0,1860.0,2140.0,2228.0,2323.0,2506.0,2526.0,0.0,0.0,0.0,0.0,0.0,0.0,0.0,0.0,0.0,0.0,3779.5,2871.0,2091.0,2268.0,2393.0,2721.0,2921.5,3040.0,3173.0,3140.5,782.0,474.0,736.0,899.0,909.0,1218.0,1245.0,1373.0,1379.0,1405.0,708.0,485.0,592.0,970.0,610.0,1235.0,1554.0,1638.0,1626.0,1405.0,0.0,0.0,0.0,0.0,0.0,0.0,0.0,0.0,0.0,0.0,2981.0,1655.0,1947.0,2046.0,1984.0,2390.0,3439.0,3917.0,4265.0,3853.0,1721.0,905.5,1255.0,1187.5,906.0,1237.0,2688.0,3855.5,3844.0,3916.0,1932.0,1275.0,585.0,749.0,999.0,1074.0,1164.0,1301.0,1463.0,1459.0,767.0,346.5,363.5,394.0,235.5,485.5,1514.0,2452.5,2351.5,2497.5,1188.0,555.0,326.0,513.0,260.0,778.0,2521.0,3840.0,3930.0,3909.0,1499.0,736.0,457.0,723.0,402.0,1130.0,3223.0,4478.0,4352.0,4728.0,1946.0,985.5,500.5,928.5,622.5,1623.0,3667.5,4498.0,4424.0,4915.0,2187.5,1331.5,634.0,1098.0,1130.0,1984.5,3055.0,3493.0,3727.5,3877.5,0.0,0.0,0.0,0.0,0.0,0.0,0.0,0.0,0.0,0.0,4503.0,3276.5,1280.5,1792.0,2587.5,3030.0,3201.0,3457.5,3758.5,3854.5,3351.0,2584.0,1095.0,1391.0,1852.0,2122.0,2260.0,2397.0,2419.0,2654.0,3281.0,2586.5,1008.0,1332.0,1780.0,2080.0,2187.5,2322.5,2460.0,2517.0,3275.0,2614.0,1042.0,1321.0,1707.0,2058.0,2153.0,2310.0,2428.0,2533.0,0.0,0.0,0.0,0.0,0.0,0.0,0.0,0.0,0.0,0.0,2127.5,1383.0,699.0,938.5,1189.5,1505.5,1620.0,1791.5,1888.5,1959.0,0.0,0.0,0.0,0.0,0.0,0.0,0.0,0.0,0.0,0.0,1255.0,662.0,414.0,652.0,935.0,1165.0,1260.0,1377.0,1508.0,1541.0,1866.5,1242.5,960.5,1096.5,1314.5,1452.0,1484.0,1596.0,1713.0,1693.5,0.0,0.0,0.0,0.0,0.0,0.0,0.0,0.0,0.0,0.0,1098.0,565.0,557.0,751.0,995.0,1174.0,1289.0,1406.0,1569.0,1544.0,0.0,0.0,0.0,0.0,0.0,0.0,0.0,0.0,0.0,0.0,956.0,1028.0,11217.0,10675.0,10600.0,10694.0,10336.0,9885.0,10329.0,9478.0,0.0,0.0,0.0,0.0,0.0,0.0,0.0,0.0,0.0,0.0,2220.0,1357.0,851.0,1097.0,1370.0,1563.0,1656.0,1809.0,1981.0,1967.0,2255.0,1423.0,715.0,923.0,1162.0,1324.0,1441.0,1559.0,1745.0,1732.0,1397.0,737.0,691.0,877.0,1110.0,1272.0,1361.0,1499.0,1613.0,1603.0,0.0,0.0,0.0,0.0,0.0,0.0,0.0,0.0,0.0,0.0,"{""type"":""MultiPoint"",""coordinates"":[]}"
1164,2,1905.0,1202.0,540.0,817.0,861.0,1309.0,2090.0,2272.0,2524.0,2580.0,4132.5,3155.5,1932.0,2237.0,2410.0,2717.5,2939.5,3049.0,3396.5,3226.5,3829.0,2868.0,946.0,1197.0,1507.0,1849.0,2056.0,2248.0,2472.0,2547.0,3621.0,2818.0,868.0,1085.0,1267.0,1640.0,1875.0,2074.0,2210.0,2349.0,3707.0,2787.0,849.5,1147.5,1322.5,1752.0,2092.5,2289.5,2506.5,2600.5,4433.0,3706.0,1031.0,1304.0,1649.0,2042.0,2174.0,2389.0,2464.0,2671.0,3669.0,2530.0,1491.0,1475.0,1571.0,1954.0,2129.0,2327.0,2824.0,2709.0,4157.0,3271.0,890.0,1191.0,1452.0,1900.0,2002.0,2234.0,2420.0,2555.0,5037.5,4208.5,1550.0,1693.5,2078.5,2583.0,2928.0,3152.5,3255.0,3511.5,4763.0,3657.5,1000.0,1444.5,1680.0,2324.0,3121.5,3393.0,3468.0,3781.0,4871.0,3460.0,2016.0,2228.0,1970.0,2575.0,4904.0,5658.0,5416.0,5989.0,2695.0,1783.0,484.0,774.0,882.0,1496.0,2211.0,2426.0,2723.0,2707.0,2807.0,1546.0,1337.0,1528.5,1263.0,1910.5,4363.0,5217.0,5008.0,5457.0,2711.0,1089.0,376.0,717.0,345.0,1176.0,5256.0,6627.0,6465.0,6814.0,2477.0,923.0,439.0,734.0,361.0,1193.0,5189.0,6693.0,6490.0,6984.0,2623.5,1219.5,1000.5,1106.0,813.0,1587.0,4688.5,5837.5,5622.0,6221.0,2229.0,933.5,362.5,647.0,343.5,1127.5,4560.0,5592.0,5698.0,5968.0,2235.0,936.5,407.5,607.5,380.0,1214.5,4074.0,4969.5,5046.0,5320.0,2315.5,1029.5,335.0,517.5,369.5,1262.0,3667.0,4283.0,4515.0,4732.5,2033.5,1010.0,394.5,528.0,424.5,1218.5,2801.0,3111.0,3265.5,3539.0,2861.0,1787.0,470.0,606.0,680.0,1418.0,1788.0,2096.0,2502.0,2627.0,3144.0,2166.5,702.0,824.0,1118.5,1474.0,1732.0,2003.0,2325.5,2521.5,2919.0,2314.0,1325.5,1476.0,1550.0,1988.5,2423.0,2618.5,2813.5,2775.0,3010.0,2068.5,457.0,632.0,891.5,1185.5,1506.0,1727.0,2068.5,2212.0,0.0,0.0,0.0,0.0,0.0,0.0,0.0,0.0,0.0,0.0,3172.5,2074.5,533.5,875.0,1305.5,1785.0,2269.0,2567.5,3004.5,3076.5,3228.0,2106.0,569.0,884.0,1258.0,1788.0,2407.0,2684.0,2999.0,3146.0,0.0,0.0,0.0,0.0,0.0,0.0,0.0,0.0,0.0,0.0,2935.0,1879.0,552.0,842.0,945.0,1552.0,2429.0,2675.0,3003.0,3032.0,0.0,0.0,0.0,0.0,0.0,0.0,0.0,0.0,0.0,0.0,541.0,612.0,10522.0,10220.0,10158.0,10317.0,9908.0,9501.0,9880.0,9069.0,1466.5,957.5,2817.0,2975.0,3043.5,3584.0,3881.5,3919.5,4095.0,3987.0,2512.0,1687.0,547.0,849.0,910.0,1495.0,2155.0,2386.0,2617.0,2618.0,2930.0,1919.0,682.0,1086.0,1101.0,1834.0,2640.0,2926.0,3141.0,3244.0,2674.0,1712.0,607.0,986.0,1198.0,1734.0,2215.0,2349.0,2580.0,2698.0,3141.0,2092.0,736.0,1077.0,1405.0,1772.0,1982.0,2137.0,2423.0,2450.0,"{""type"":""MultiPoint"",""coordinates"":[]}"
1173,3,783.0,594.0,412.0,516.0,679.0,833.0,763.0,821.0,921.0,870.0,4168.0,3239.0,1457.0,1851.0,2212.0,2546.0,2453.0,2728.0,2977.0,3000.0,890.5,493.5,593.0,798.0,1029.0,1239.5,1310.5,1425.0,1568.5,1588.5,1774.5,1230.5,822.5,1068.0,1301.5,1537.0,1677.0,1786.5,1979.0,1964.0,2044.0,1232.0,781.0,1049.0,1275.0,1518.0,1712.0,1787.0,2017.0,2011.0,0.0,0.0,0.0,0.0,0.0,0.0,0.0,0.0,0.0,0.0,0.0,0.0,0.0,0.0,0.0,0.0,0.0,0.0,0.0,0.0,5199.0,4678.0,1766.0,2176.0,2506.0,2946.0,3107.0,3319.0,3558.0,3606.0,5161.5,4360.5,1871.5,2291.5,2713.0,3106.5,3297.5,3508.5,3661.5,3834.0,255.0,198.0,403.0,602.0,462.0,729.0,661.0,766.0,672.0,557.0,1890.0,1006.0,566.0,800.0,483.0,1067.0,2633.0,3570.0,3408.0,3501.0,795.0,610.0,553.0,694.0,881.0,990.0,906.0,910.0,1005.0,949.0,1898.0,931.5,315.0,512.0,206.5,746.0,3053.5,4545.5,4390.0,4714.0,1586.0,742.5,359.5,542.5,246.5,756.0,2836.5,4497.0,4409.0,4444.0,3176.0,1710.0,1428.0,1610.0,1614.0,2321.0,3638.0,4610.0,4784.0,4883.0,1721.0,817.0,303.0,513.0,266.0,726.0,2824.0,4530.0,4377.0,4694.0,1799.0,872.0,276.0,665.0,324.0,1077.0,3301.0,4476.0,4653.0,4744.0,1950.0,997.0,342.0,702.0,370.5,1223.5,3419.0,4394.5,4408.5,4773.5,1912.0,998.0,398.0,777.0,506.0,1398.0,3186.0,3739.0,3989.0,4170.0,2743.5,1930.0,1366.0,1686.0,1522.5,2342.0,3297.0,3615.5,3681.5,3872.5,2203.0,1269.0,502.0,968.0,776.0,1747.0,2948.0,3366.0,3478.0,3702.0,2467.5,1596.5,638.0,1053.0,1347.0,2031.5,2480.5,2760.5,3048.0,3164.0,140.0,106.0,258.0,208.0,210.0,224.0,193.0,220.0,216.0,198.0,2708.0,1742.0,861.0,1201.0,1747.0,2079.0,2349.0,2527.0,2791.0,2891.0,2683.5,1782.5,1029.5,1379.0,1946.5,2246.0,2378.5,2584.0,2905.0,2902.5,1648.5,1038.0,639.5,955.5,1458.0,1654.0,1766.0,1943.5,2243.0,2239.0,1513.0,963.5,634.5,906.5,1337.0,1537.0,1631.5,1758.0,2001.0,1989.5,0.0,0.0,0.0,0.0,0.0,0.0,0.0,0.0,0.0,0.0,693.0,490.0,590.0,691.0,880.0,980.5,979.5,1061.0,1124.0,1107.5,0.0,0.0,0.0,0.0,0.0,0.0,0.0,0.0,0.0,0.0,1089.0,1081.0,9098.0,8892.0,8908.0,8847.0,8592.0,8513.0,8842.0,8226.0,596.0,454.0,888.0,1088.0,1280.5,1442.5,1326.0,1333.5,1378.0,1306.5,1465.5,970.5,1202.0,1297.0,1385.0,1510.5,1501.5,1526.0,1744.5,1604.5,1154.0,725.0,765.0,953.0,1163.0,1386.5,1479.0,1574.0,1794.5,1729.0,950.0,599.0,590.0,781.0,1025.0,1219.0,1221.0,1405.0,1592.0,1482.0,2230.0,1434.0,796.0,1049.0,1328.0,1473.0,1637.0,1688.0,1958.0,1956.0,"{""type"":""MultiPoint"",""coordinates"":[]}"
1194,1,2221.0,1518.0,420.0,625.0,963.0,1144.0,1260.0,1406.0,1673.0,1768.0,3322.5,2459.0,733.5,982.0,1146.5,1564.5,1932.0,2143.0,2400.5,2528.0,0.0,0.0,0.0,0.0,0.0,0.0,0.0,0.0,0.0,0.0,2312.0,1488.0,933.0,1154.0,1271.0,1683.0,2000.0,2179.0,2222.0,2431.0,2238.0,1551.0,540.0,744.0,1007.0,1243.0,1442.0,1706.0,1899.0,1915.0,2818.0,1917.0,626.0,855.0,1158.0,1413.0,1763.0,1976.0,2144.0,2278.0,0.0,0.0,0.0,0.0,0.0,0.0,0.0,0.0,0.0,0.0,4200.0,3176.0,831.0,1254.0,1288.0,2025.0,3592.0,4248.0,4182.0,4533.0,3678.0,2649.0,598.0,1037.0,952.0,1562.0,3451.0,4057.0,4285.0,4438.0,2580.0,1523.0,765.0,1101.5,804.5,1392.0,3553.5,4390.0,4248.0,4662.0,3584.0,2683.5,3459.0,3274.0,2791.5,3372.5,4555.0,4957.5,5315.0,5010.5,2793.5,2185.0,517.5,690.5,1058.5,1260.5,1366.5,1573.0,1829.0,1846.0,1390.0,801.0,1210.0,1280.0,933.0,1178.0,2152.0,2437.0,2853.0,2346.0,2486.0,1232.0,501.0,933.0,551.0,1385.0,3492.0,4139.0,4092.0,4516.0,3084.0,1810.0,733.0,1153.0,950.0,1787.5,3134.5,3688.5,3608.0,4237.5,3073.0,1932.0,942.0,1143.0,1103.0,1666.0,2464.0,2821.0,2854.0,3101.5,2838.0,1826.0,384.0,645.0,692.0,1240.0,1924.0,2207.0,2229.0,2564.0,2950.5,1893.0,474.0,715.0,737.0,1211.5,2141.0,2512.0,2572.0,2880.0,3650.5,2305.0,690.0,1029.5,1166.0,1836.5,2716.0,3026.5,3185.5,3457.5,4326.0,3632.0,892.0,1194.0,1712.0,2110.0,2383.0,2651.0,2814.0,3017.0,3157.5,2596.0,808.5,988.5,1287.0,1576.5,1790.5,2028.0,2031.5,2360.5,3727.5,3001.0,950.5,1230.5,1638.0,2000.0,2290.5,2507.5,2616.0,2859.0,0.0,0.0,0.0,0.0,0.0,0.0,0.0,0.0,0.0,0.0,3254.5,2392.0,643.0,950.5,1304.5,1668.5,2033.5,2244.5,2481.5,2569.5,3697.0,2920.0,766.0,1025.0,1499.0,1813.0,1989.0,2214.0,2420.0,2598.0,4268.5,3551.5,884.5,1182.5,1704.5,2041.0,2179.5,2438.5,2679.5,2817.5,3999.0,3194.0,781.0,1101.0,1621.0,1893.0,2068.0,2285.0,2493.0,2623.0,0.0,0.0,0.0,0.0,0.0,0.0,0.0,0.0,0.0,0.0,0.0,0.0,0.0,0.0,0.0,0.0,0.0,0.0,0.0,0.0,3167.0,2462.0,694.0,935.0,1330.0,1571.0,1762.0,1958.0,2225.0,2249.0,0.0,0.0,0.0,0.0,0.0,0.0,0.0,0.0,0.0,0.0,193.0,178.0,8153.0,8286.0,8453.0,8784.0,7968.0,7600.0,8002.0,7378.0,2327.0,1650.0,496.0,712.0,1072.0,1221.0,1392.0,1616.0,1850.0,1815.0,3906.0,3313.0,3449.0,3280.0,3293.0,3529.0,3657.0,3726.0,3932.0,3895.0,2722.5,1958.0,569.5,774.5,1085.0,1332.0,1545.0,1706.5,1982.0,2059.5,3362.5,2653.0,694.0,940.0,1148.5,1568.0,1817.5,2060.5,2326.0,2391.0,"{""type"":""MultiPoint"",""coordinates"":[]}"
1205,5,2215.0,1677.0,610.0,731.0,967.0,1104.0,1194.0,1275.0,1435.0,1467.0,4158.0,3788.0,1142.0,1480.0,1872.0,2104.0,2233.0,2378.0,2590.0,2603.0,2478.0,1804.0,703.0,842.0,1074.0,1236.0,1313.0,1432.0,1577.0,1616.0,2819.0,2232.0,739.0,887.0,1129.0,1318.0,1455.0,1563.0,1730.0,1787.0,4629.0,4177.0,1226.0,1584.0,1972.0,2372.0,2667.0,2852.0,2980.0,3083.0,3364.0,2949.5,833.5,1142.5,1286.0,1714.0,2359.5,2579.5,2484.0,2845.0,0.0,0.0,0.0,0.0,0.0,0.0,0.0,0.0,0.0,0.0,2856.0,1761.0,458.0,782.0,586.0,1189.0,2964.0,3476.0,3512.0,3644.0,3269.0,1553.0,710.0,961.0,530.0,1326.0,4669.0,5951.0,5858.0,6318.0,2231.5,1013.5,248.0,473.5,221.5,764.0,3743.5,4992.0,4868.5,5330.0,0.0,0.0,0.0,0.0,0.0,0.0,0.0,0.0,0.0,0.0,2424.0,2018.0,641.0,768.0,1035.0,1177.0,1224.0,1325.0,1474.0,1497.0,2747.5,1594.0,2468.5,2197.5,1706.5,2049.0,4172.5,5312.5,5369.0,5679.0,2211.5,1037.0,480.0,682.0,437.0,1009.5,3657.0,4811.5,4864.5,5395.0,0.0,0.0,0.0,0.0,0.0,0.0,0.0,0.0,0.0,0.0,2283.0,1341.5,380.5,696.0,554.5,1213.0,2414.5,2877.0,2933.0,3266.5,2717.0,1793.5,357.5,668.5,728.5,1294.0,1886.5,2153.0,2382.0,2541.0,0.0,0.0,0.0,0.0,0.0,0.0,0.0,0.0,0.0,0.0,3647.5,2726.0,572.5,779.0,1173.0,1405.5,1542.5,1724.0,1947.5,2066.5,3463.0,3037.0,807.0,1057.0,1415.0,1652.0,1773.0,1866.0,1962.0,2067.0,3367.0,2989.0,838.0,1091.0,1437.5,1634.5,1730.0,1867.5,2024.0,2053.0,3260.0,2950.0,844.0,1077.0,1409.0,1592.0,1668.0,1829.0,1982.0,2011.0,0.0,0.0,0.0,0.0,0.0,0.0,0.0,0.0,0.0,0.0,2947.5,2553.5,745.5,950.0,1229.0,1429.5,1555.0,1686.0,1835.0,1857.5,2993.0,2549.0,793.0,1018.0,1255.0,1507.0,1669.0,1763.0,1910.0,1987.0,1840.0,1320.0,416.0,549.0,749.0,917.0,1079.0,1170.0,1280.0,1319.0,2736.5,2256.5,819.5,960.5,1149.0,1418.0,1708.0,1865.0,1938.5,2060.0,0.0,0.0,0.0,0.0,0.0,0.0,0.0,0.0,0.0,0.0,2008.0,1409.0,502.0,642.0,735.0,984.0,1605.0,1741.0,1787.0,1868.0,0.0,0.0,0.0,0.0,0.0,0.0,0.0,0.0,0.0,0.0,109.0,144.0,14366.0,13148.0,12238.0,12097.0,11398.0,10639.0,10802.0,9702.0,0.0,0.0,0.0,0.0,0.0,0.0,0.0,0.0,0.0,0.0,2549.0,1967.0,707.0,858.0,1081.0,1253.0,1338.0,1448.0,1613.0,1635.0,3018.0,2553.0,733.0,948.0,1241.0,1392.0,1503.0,1607.0,1816.0,1819.0,1987.0,1421.0,1194.0,1342.5,1376.0,1436.0,1401.5,1415.5,1824.5,1498.0,1952.0,1295.0,563.0,743.0,951.0,1107.0,1180.0,1298.0,1433.0,1457.0,"{""type"":""MultiPoint"",""coordinates"":[]}"
1206,5,2484.0,1522.5,577.5,1010.5,916.5,1809.5,2865.5,3129.5,3497.5,3318.0,4113.0,3778.5,1258.0,1687.0,2220.0,2499.5,2615.0,2779.0,2966.0,2955.5,668.5,446.0,434.0,431.0,509.0,577.5,598.5,679.0,701.0,699.0,2735.5,2000.0,757.5,1030.5,1322.5,1641.0,1767.5,1914.5,2088.5,2117.0,3523.0,2836.5,1037.0,1405.5,1689.0,2088.5,2242.5,2414.5,2515.0,2622.0,5923.5,5642.0,1883.0,2452.5,2896.5,3576.5,3981.0,4255.5,4374.0,4533.0,4865.0,3973.0,1291.0,1822.0,1932.5,2827.0,3414.0,3766.5,3820.0,4049.0,3226.0,2208.0,643.5,1067.0,961.5,1660.0,2652.0,2993.5,3068.0,3173.0,4076.0,2909.0,943.0,1378.0,1346.5,2149.5,3780.0,4360.0,4295.5,4722.5,4113.5,3026.5,899.5,1331.5,1350.0,2105.5,3751.0,4406.0,4428.5,4740.5,3179.5,2603.0,2824.5,2587.0,2311.0,2868.0,4185.0,4672.0,4579.0,4899.0,2784.0,1827.5,610.0,993.0,1018.0,1864.5,2849.0,3072.0,3439.5,3370.0,2933.0,1350.5,452.0,719.5,367.5,1085.5,4559.5,5868.0,5804.5,6136.5,3198.5,2420.5,868.0,1359.5,1618.5,2283.5,4536.0,5444.0,5353.5,5745.5,2575.5,1582.0,526.0,781.0,605.0,1226.0,3113.0,4013.0,3984.0,4312.5,2830.5,2145.5,1486.0,1522.5,1316.0,1942.0,3312.5,3831.5,3802.0,4101.5,2957.5,1976.0,588.5,1041.5,948.5,1774.0,2876.0,3247.5,3427.0,3548.5,0.0,0.0,0.0,0.0,0.0,0.0,0.0,0.0,0.0,0.0,3657.5,3112.0,602.0,782.5,1038.5,1298.5,1438.0,1630.5,1779.5,1898.0,3901.5,3094.0,798.0,1005.5,1301.0,1605.0,1750.5,1879.5,1946.5,2138.5,3780.0,3019.0,805.0,1027.5,1294.5,1574.5,1759.5,1977.5,2123.0,2191.0,3772.0,3037.5,832.0,1057.5,1290.0,1633.5,1948.5,2113.5,2247.5,2364.5,0.0,0.0,0.0,0.0,0.0,0.0,0.0,0.0,0.0,0.0,3086.5,2149.5,641.0,926.0,950.0,1472.5,1993.5,2201.0,2371.0,2390.5,0.0,0.0,0.0,0.0,0.0,0.0,0.0,0.0,0.0,0.0,2090.5,1476.0,431.5,708.0,993.0,1234.5,1401.5,1534.5,1719.0,1684.0,2642.5,1950.5,693.0,996.0,1289.5,1651.0,1855.0,1990.0,2091.0,2192.5,0.0,0.0,0.0,0.0,0.0,0.0,0.0,0.0,0.0,0.0,2534.0,1842.5,663.0,1002.5,1245.0,1623.5,1937.5,2079.5,2327.5,2262.5,0.0,0.0,0.0,0.0,0.0,0.0,0.0,0.0,0.0,0.0,485.0,534.5,10300.0,10130.0,10158.0,10378.0,9994.5,9564.0,9975.0,9171.5,0.0,0.0,0.0,0.0,0.0,0.0,0.0,0.0,0.0,0.0,2817.5,1843.0,640.0,1043.5,1034.5,1830.5,2703.0,2981.0,3328.5,3266.0,3013.5,1935.0,736.0,1186.5,1292.5,2081.0,2685.0,2930.5,3252.0,3258.0,2493.0,1552.5,660.0,1047.5,1381.5,1879.0,2199.5,2394.5,2710.0,2715.5,5296.5,4573.5,4914.0,4908.0,4896.5,5317.0,5288.0,5270.5,5858.0,5338.5,"{""type"":""MultiPoint"",""coordinates"":[]}"
1217,61,2419.0,1747.0,1429.0,1513.0,1684.0,1787.0,1871.0,1876.0,2118.0,2063.0,4185.0,3484.0,2155.5,2293.5,2565.5,2964.0,3146.5,3288.0,3330.5,3537.0,1642.0,1257.5,870.5,1052.0,1270.5,1463.5,1388.0,1489.0,1525.5,1505.5,2216.0,1534.0,1625.0,1628.0,1683.0,1936.0,1996.0,2055.0,2495.0,2171.0,3305.0,2592.0,1074.0,1307.0,1631.0,1881.0,2016.0,2142.0,2364.0,2394.0,4371.0,3348.0,1464.0,1687.0,2033.0,2431.0,2506.0,2763.0,2786.0,3058.0,0.0,0.0,0.0,0.0,0.0,0.0,0.0,0.0,0.0,0.0,5200.0,4213.0,1554.0,1919.0,2315.0,2672.0,2846.0,2998.0,3157.0,3355.0,4535.5,3671.0,1403.5,1735.0,2234.0,2555.0,2621.5,2790.0,2893.5,3053.0,4599.0,4242.5,1338.0,1745.0,2329.0,2632.0,2696.0,2888.0,2969.0,3115.0,3861.0,3180.5,1942.5,2086.0,2302.0,2606.5,2751.5,2997.5,3494.5,3098.5,2580.0,1711.0,654.0,894.0,1286.0,1502.0,1560.0,1667.0,1983.0,1966.0,4465.0,3180.0,1382.0,1794.0,2238.0,2681.0,3034.0,3275.0,3203.0,3554.0,5434.0,5017.0,1521.0,1956.0,2489.0,2997.0,3315.0,3669.0,3735.0,3934.0,3684.0,2861.0,1065.0,1295.0,1625.0,2020.0,2282.0,2618.0,2621.0,2812.0,3598.0,2565.0,1764.0,2315.0,2795.0,3462.0,3735.0,3955.0,3855.0,4305.0,5565.5,4996.0,1708.0,2277.0,2742.5,3413.5,3779.0,4032.0,4147.5,4310.0,6081.0,5337.0,4090.0,4292.0,4496.5,5216.5,5511.5,5745.5,5566.0,5944.0,4869.0,4020.0,1422.0,1911.0,2264.0,3014.0,3767.0,3973.0,4071.0,4273.0,2910.0,2196.5,1617.0,1813.5,1863.0,2427.5,2865.5,2949.5,2961.0,3114.5,4128.0,3154.0,1041.0,1591.0,1681.0,2567.0,3737.0,3984.0,4163.0,4228.0,4008.0,3011.0,997.0,1508.0,1620.0,2542.0,3632.0,3892.0,4055.0,4172.0,2633.5,1830.0,765.0,968.0,1338.0,1501.5,1647.0,1760.5,1979.0,1995.5,2573.0,1809.0,741.0,1028.0,1062.0,1852.0,2494.0,2683.0,2951.0,2843.0,2615.0,1718.0,660.0,1000.0,1234.0,1841.0,2224.0,2376.0,2628.0,2646.0,2513.5,1732.0,532.5,829.5,1160.5,1478.0,1652.5,1788.5,2023.0,2047.0,2833.0,2158.0,627.0,921.0,1232.0,1533.0,1693.0,1829.0,2043.0,2044.0,1879.0,1400.0,637.0,809.0,1010.0,1195.0,1293.0,1452.0,1340.0,1632.0,1968.0,1257.5,571.0,782.5,1036.0,1299.5,1397.0,1543.5,1738.0,1739.5,0.0,0.0,0.0,0.0,0.0,0.0,0.0,0.0,0.0,0.0,1443.0,1221.0,6211.0,6175.0,6424.0,6911.0,6814.0,6483.0,6887.0,6607.0,2435.5,1701.0,1183.5,1537.0,2026.5,2281.5,2316.5,2531.5,2709.5,2749.0,2738.0,1989.0,933.0,1119.0,1457.0,1722.0,1779.0,1889.0,1995.0,2075.0,2345.0,1727.0,901.5,1116.0,1415.0,1655.5,1709.5,1846.5,2016.5,2034.5,2448.0,1828.0,916.0,1143.0,1458.0,1704.0,1795.0,1871.0,2025.0,2074.0,3338.0,2513.0,1015.0,1250.0,1581.0,1806.0,1961.0,2089.0,2210.0,2284.0,"{""type"":""MultiPoint"",""coordinates"":[]}"
1239,5,2749.0,2042.0,892.0,1212.0,1557.0,1815.0,1931.0,2036.0,2302.0,2191.0,4634.0,3886.0,1563.0,2116.0,2556.0,3110.0,3214.0,3340.0,3546.0,3516.0,3757.0,2868.0,2303.0,2498.0,2688.0,3113.0,3477.0,3586.0,3828.0,3797.0,3258.0,2585.0,1179.0,1595.0,2048.0,2336.0,2390.0,2502.0,2670.0,2640.0,6208.0,5941.0,2727.0,3520.0,4260.0,4675.0,4659.0,4848.0,4901.0,4888.0,5341.0,4642.0,2303.0,2679.0,3204.0,3639.0,4025.0,4355.0,4433.0,4467.0,0.0,0.0,0.0,0.0,0.0,0.0,0.0,0.0,0.0,0.0,3926.0,3058.0,1252.0,1814.0,1975.0,2688.0,3129.0,3301.0,3328.0,3526.0,3411.0,2080.0,858.0,1318.0,1227.0,1972.0,3689.0,4141.0,4107.0,4323.0,3392.5,2026.5,580.0,1060.5,848.5,1607.0,4371.5,5092.5,5131.5,5350.0,2767.0,1308.0,438.0,698.0,377.0,998.0,4323.0,5733.0,5565.0,5835.0,2908.0,2296.0,978.0,1329.0,1705.0,1998.0,2073.0,2189.0,2462.0,2359.0,2945.0,1280.0,270.0,517.0,221.0,790.0,5032.0,6769.0,6825.0,7125.0,2504.5,1127.5,289.5,504.5,261.0,802.0,4369.0,6023.0,6074.0,6299.5,2459.0,1136.0,368.0,534.0,272.0,752.0,4067.0,5778.0,5616.0,5971.0,2399.5,1386.5,680.5,912.5,727.0,1227.5,3505.5,4422.0,4343.5,4679.5,2210.5,1051.5,311.5,628.0,329.5,1070.5,3424.0,4117.0,4296.5,4429.0,0.0,0.0,0.0,0.0,0.0,0.0,0.0,0.0,0.0,0.0,3091.5,2203.5,515.5,725.5,974.0,1305.5,1521.5,1711.0,1924.0,2051.5,2996.0,2234.0,578.0,717.0,915.0,1126.0,1236.0,1319.0,1436.0,1539.0,3725.5,2781.0,891.5,1121.5,1504.5,1753.5,1817.5,1983.5,2185.0,2229.5,3826.0,2982.0,1005.0,1219.0,1558.0,1830.0,1904.0,2033.0,2235.0,2260.0,0.0,0.0,0.0,0.0,0.0,0.0,0.0,0.0,0.0,0.0,2805.5,2113.0,935.5,1258.5,1595.5,1835.0,1940.5,2027.5,2204.0,2184.0,0.0,0.0,0.0,0.0,0.0,0.0,0.0,0.0,0.0,0.0,1893.0,1346.0,453.0,733.0,1071.0,1240.0,1351.0,1416.0,1565.0,1496.0,2394.5,1913.0,785.5,1114.0,1465.5,1690.5,1778.0,1887.0,1950.5,2064.5,0.0,0.0,0.0,0.0,0.0,0.0,0.0,0.0,0.0,0.0,2639.0,1973.0,865.0,1228.0,1638.0,1828.0,1920.0,2033.0,2258.0,2175.0,0.0,0.0,0.0,0.0,0.0,0.0,0.0,0.0,0.0,0.0,583.0,641.0,10500.0,10276.0,10190.0,10334.0,9968.0,9534.0,9924.0,9141.0,0.0,0.0,0.0,0.0,0.0,0.0,0.0,0.0,0.0,0.0,3040.0,2259.0,938.0,1353.0,1693.0,2023.0,2206.0,2320.0,2577.0,2473.0,3135.0,2361.5,1023.5,1435.0,1697.5,2077.5,2369.5,2475.0,2682.5,2605.0,2916.0,2000.0,896.0,1365.0,1607.0,2069.0,2372.0,2499.0,2725.0,2655.0,3251.0,2320.0,1702.0,2108.0,2351.0,2783.0,3148.0,3339.0,3420.0,3486.0,"{""type"":""MultiPoint"",""coordinates"":[]}"
1241,5,2077.0,1396.0,535.0,686.5,909.5,1090.0,1235.0,1360.0,1535.0,1528.0,3370.0,2679.5,774.5,1045.0,1319.5,1590.0,1790.5,1952.5,2064.0,2163.0,2492.0,1671.0,668.0,811.0,1049.0,1290.0,1370.0,1544.0,1692.0,1724.0,3087.0,2573.0,747.0,938.5,1225.5,1410.0,1521.5,1645.0,1778.0,1832.5,1755.0,1176.0,368.0,505.0,689.0,804.0,864.0,945.0,1062.0,1093.0,3362.0,2643.0,1178.0,1256.0,1457.0,1680.0,1827.0,2044.0,2215.0,2222.0,0.0,0.0,0.0,0.0,0.0,0.0,0.0,0.0,0.0,0.0,2141.0,1230.0,538.0,794.0,975.0,1287.0,1464.0,1638.0,1624.0,1802.0,1904.0,1086.0,412.0,580.0,741.0,940.0,1161.0,1274.0,1414.0,1448.0,3060.5,2288.5,837.5,1039.0,1211.0,1554.0,2033.5,2278.5,2337.5,2436.0,2903.0,2134.0,673.0,890.0,1031.0,1402.0,2050.0,2436.0,2464.0,2595.0,2523.0,1851.0,620.0,784.0,1020.0,1229.0,1339.0,1464.0,1630.0,1634.0,2706.0,1765.0,601.0,843.0,762.5,1288.5,2535.5,2971.5,2926.0,3236.0,2458.0,1381.0,800.0,900.0,700.0,1160.0,2839.0,3503.0,3502.0,3689.0,2338.0,1185.0,431.0,564.0,374.0,839.0,3012.0,3915.0,3799.0,4027.0,2362.0,1212.5,803.0,937.0,756.5,1173.0,3271.5,4192.0,4090.0,4383.0,1725.0,813.0,283.0,482.0,269.0,631.0,2451.0,3119.0,3073.0,3326.0,1855.0,1083.0,453.0,765.0,658.0,1411.0,2427.0,2868.0,2935.0,3089.0,2233.0,1434.0,447.0,691.0,694.0,1210.0,1816.0,2023.0,2117.0,2277.0,2861.0,2262.0,626.0,736.0,919.0,1180.0,1324.0,1501.0,1532.0,1712.0,2992.0,2452.0,679.0,810.0,1018.0,1217.0,1255.0,1413.0,1470.0,1592.0,2275.5,1741.5,716.0,814.5,987.5,1145.0,1198.5,1304.5,1490.0,1458.5,1859.5,1253.0,634.5,736.0,869.5,1048.0,1146.5,1244.5,1352.0,1372.5,2510.0,1870.0,631.5,778.0,1006.5,1146.0,1227.5,1336.5,1466.5,1498.5,2668.0,2106.0,765.0,885.0,1094.0,1286.0,1372.5,1502.5,1587.0,1611.0,1936.5,1282.0,446.5,617.5,801.0,964.0,1115.0,1229.5,1399.0,1403.5,2296.0,1687.5,559.5,709.0,886.0,1092.0,1230.0,1356.0,1445.0,1505.5,0.0,0.0,0.0,0.0,0.0,0.0,0.0,0.0,0.0,0.0,1628.0,978.0,519.0,661.0,749.0,992.0,1272.0,1418.0,1546.0,1569.0,0.0,0.0,0.0,0.0,0.0,0.0,0.0,0.0,0.0,0.0,114.0,137.0,10550.0,10426.0,10280.0,10415.0,9968.0,9359.0,9587.0,8792.0,192.0,180.0,8160.0,8150.0,8190.0,8286.0,7909.0,7532.0,7750.0,7065.0,2525.0,1672.0,680.0,825.0,1057.0,1271.0,1407.0,1534.0,1759.0,1787.0,3161.0,2429.0,691.0,925.0,1160.0,1390.0,1544.0,1689.0,1891.0,1887.0,2652.0,1890.0,612.0,812.0,1017.0,1250.0,1422.0,1539.0,1725.0,1766.0,2251.0,1517.0,621.0,787.0,999.0,1247.0,1437.0,1609.0,1734.0,1797.0,"{""type"":""MultiPoint"",""coordinates"":[]}"
1265,3,2414.0,1666.0,717.0,1050.0,1318.0,1693.0,1793.0,1953.0,2188.0,2146.0,3805.5,3157.0,1238.5,1721.0,2178.5,2548.0,2727.5,2886.0,2991.0,3097.5,564.0,311.5,763.0,1183.5,1415.0,1908.5,1872.5,2003.5,2077.5,2017.0,1680.5,1605.0,2397.5,2379.0,2272.5,2300.5,1821.0,1784.5,1833.0,1688.5,632.0,566.0,1320.0,1872.0,1954.0,1905.0,1058.0,1057.0,956.0,869.0,3139.5,2704.5,3245.0,3199.5,3031.5,3392.5,3516.0,3629.5,4086.0,3507.5,0.0,0.0,0.0,0.0,0.0,0.0,0.0,0.0,0.0,0.0,5653.0,4985.0,1789.0,2413.0,2754.0,3511.0,3882.0,4229.0,4402.0,4664.0,1447.0,1071.0,836.0,1065.0,1005.0,1715.0,2275.0,2584.0,2366.0,2606.0,1162.0,699.5,499.5,752.5,575.0,1091.0,2147.5,2649.5,2485.0,2481.5,0.0,0.0,0.0,0.0,0.0,0.0,0.0,0.0,0.0,0.0,2639.0,2345.5,1315.5,1547.0,1796.5,2016.5,2057.0,2174.5,2360.5,2284.5,2050.0,953.0,404.0,733.0,258.0,1036.0,3657.0,4934.0,4983.0,5096.0,1752.0,794.0,325.0,497.0,205.0,700.0,3090.0,4815.0,4847.0,5082.0,1663.0,778.0,360.0,552.0,232.0,819.0,3310.0,4965.0,4923.0,5320.0,1811.0,881.0,318.0,733.0,353.0,1146.0,3393.0,4718.0,4530.0,5009.0,1996.0,989.0,472.0,913.0,498.0,1471.0,3926.0,4742.0,4917.0,5048.0,1237.5,649.5,414.5,696.5,507.0,1248.0,2512.0,3007.0,3014.5,3220.0,2290.5,1305.5,598.0,982.5,971.5,1958.5,2914.0,3435.5,3271.5,3938.5,2020.0,1368.0,566.0,709.5,929.0,1271.5,1482.0,1637.5,1712.0,1889.0,3478.0,2452.0,584.0,856.0,1166.0,1567.0,1828.0,2060.0,2209.0,2330.0,1855.0,2012.0,372.0,470.0,665.0,738.0,783.0,842.0,973.0,950.0,3113.0,2340.0,1083.0,1437.0,1825.0,2142.0,2351.0,2519.0,2665.0,2766.0,2468.0,2296.5,630.5,775.5,1059.5,1205.0,1287.5,1403.5,1559.5,1591.0,1514.0,1036.0,428.0,570.0,887.0,1028.0,1130.0,1221.0,1405.0,1436.0,1327.0,892.5,372.5,567.0,860.5,1022.5,1100.0,1223.0,1394.5,1413.0,2069.0,1609.0,540.0,768.0,1042.0,1241.0,1366.0,1437.0,1612.0,1669.0,0.0,0.0,0.0,0.0,0.0,0.0,0.0,0.0,0.0,0.0,364.5,227.5,573.0,701.0,832.0,993.0,945.0,1011.0,1092.5,1025.0,0.0,0.0,0.0,0.0,0.0,0.0,0.0,0.0,0.0,0.0,935.0,1008.0,10264.0,10086.0,10110.0,10288.0,9928.0,9569.0,9916.0,9235.0,1423.0,1007.5,1264.0,1527.5,1858.0,2070.5,2159.0,2249.0,2405.5,2329.5,3011.0,2326.0,820.0,1223.0,1623.0,1964.0,2125.0,2296.0,2471.0,2513.0,125.0,123.0,835.0,1215.0,1249.0,1215.0,518.0,495.0,436.0,316.0,42.5,35.5,492.5,863.0,705.0,655.5,144.5,150.5,114.5,79.0,1351.5,853.5,891.5,1330.5,1567.5,1976.5,1804.5,1936.0,1988.0,1864.0,"{""type"":""MultiPoint"",""coordinates"":[]}"
1271,5,2070.5,1430.5,579.5,827.0,1181.0,1407.0,1522.0,1659.0,1873.5,1869.5,4073.0,3395.0,1113.0,1632.0,2136.0,2764.0,3106.0,3240.0,3427.0,3324.0,2382.0,1556.0,749.0,1042.0,1361.0,1786.0,2105.0,2233.0,2447.0,2439.0,4174.5,3513.0,1012.5,1411.5,1870.5,2395.0,2718.5,2949.5,3065.0,3179.0,2899.0,2075.0,707.0,1037.0,1351.0,1754.0,2069.0,2208.0,2455.0,2480.0,2420.0,1836.0,866.0,1093.0,1575.5,1800.0,1860.0,2009.0,2076.5,2081.0,0.0,0.0,0.0,0.0,0.0,0.0,0.0,0.0,0.0,0.0,5049.0,4726.0,1341.0,1933.0,2906.0,3444.0,3484.0,3744.0,3693.0,3865.0,5788.0,5204.5,1683.0,2411.5,3376.5,4038.5,4383.0,4712.5,4594.5,4921.0,3797.5,3035.5,1368.5,1901.5,2395.0,2969.0,3883.5,4235.5,4073.5,4419.0,4055.0,3120.0,903.0,1444.0,1636.0,2549.0,3770.0,4244.0,4221.0,4425.0,3151.0,2477.0,807.0,1131.0,1566.0,1824.0,1969.0,2130.0,2327.0,2322.0,2747.0,1416.0,796.0,1148.0,917.0,1233.0,3866.0,4813.0,4731.0,5001.0,3122.0,1644.0,1169.0,1230.0,918.0,1437.0,3885.0,5192.0,5382.0,5535.0,2229.0,1004.0,348.0,494.0,248.0,706.0,3508.0,4740.0,4672.0,4984.0,2183.0,982.0,386.0,554.0,304.0,735.0,3764.0,5223.0,5109.0,5513.0,2040.0,950.0,238.0,448.0,240.0,770.0,3414.0,4398.0,4615.0,4651.0,1137.0,569.5,190.0,329.0,176.5,525.5,1992.5,2497.5,2550.0,2663.5,2178.0,1362.0,451.0,868.0,761.0,1627.0,2402.0,2690.0,2963.0,3084.0,3197.0,2286.0,709.0,851.0,1085.0,1303.0,1467.0,1659.0,1719.0,1888.0,3229.0,2602.0,799.0,1009.0,1348.5,1598.0,1716.0,1889.0,2021.5,2098.0,3745.0,2852.0,896.0,1119.0,1496.0,1755.0,1880.0,1993.0,2152.0,2241.0,2355.0,1940.5,1332.0,1433.0,1593.0,1793.0,1886.0,1992.0,2255.0,2116.0,2684.5,1925.5,867.0,1078.0,1373.0,1615.5,1814.0,1938.0,1993.0,2046.5,2886.0,2075.0,914.5,1166.5,1402.0,1739.5,2030.0,2201.0,2245.5,2385.0,2086.0,1260.0,542.5,762.0,929.0,1243.5,1640.0,1785.5,1985.0,1940.0,2859.0,2003.0,659.0,971.0,1129.0,1505.0,1989.0,2119.0,2263.0,2321.0,0.0,0.0,0.0,0.0,0.0,0.0,0.0,0.0,0.0,0.0,1999.0,1165.0,558.0,855.0,784.0,1360.0,2161.0,2368.0,2557.0,2532.0,0.0,0.0,0.0,0.0,0.0,0.0,0.0,0.0,0.0,0.0,186.0,206.0,9862.0,9791.0,9815.0,10006.0,9637.0,9087.0,9462.0,8566.0,1139.5,837.5,1307.5,1374.0,1461.5,1621.0,1636.0,1696.0,1917.0,1720.0,2618.5,1982.5,751.5,1048.5,1370.0,1649.5,1874.0,1996.0,2204.0,2164.0,3560.0,2829.0,912.0,1313.0,1702.0,2078.0,2388.0,2563.0,2812.0,2746.0,2661.0,2040.0,685.0,1027.0,1329.0,1682.0,1972.0,2130.0,2315.0,2306.0,1904.0,1254.0,636.0,974.0,1253.0,1682.0,1981.0,2116.0,2159.0,2315.0,"{""type"":""MultiPoint"",""coordinates"":[]}"
1287,176,2641.0,1654.0,532.0,828.0,1261.0,1685.0,1981.0,2237.0,2562.0,2713.0,3000.0,1700.0,533.0,920.0,818.0,1618.0,2893.0,3245.0,3359.0,3667.0,0.0,0.0,0.0,0.0,0.0,0.0,0.0,0.0,0.0,0.0,0.0,0.0,0.0,0.0,0.0,0.0,0.0,0.0,0.0,0.0,2255.0,1208.0,319.0,665.0,487.0,1173.0,2395.0,2772.0,2974.0,3143.0,0.0,0.0,0.0,0.0,0.0,0.0,0.0,0.0,0.0,0.0,0.0,0.0,0.0,0.0,0.0,0.0,0.0,0.0,0.0,0.0,1874.0,948.5,399.0,621.5,426.5,982.0,2211.5,2603.0,2571.5,2881.5,2450.5,1184.0,368.5,738.0,408.0,1196.0,3209.0,3820.0,3891.5,4207.0,2495.5,1224.0,464.5,768.0,488.5,1237.5,3159.5,3719.5,3852.5,4110.5,4014.0,3384.0,4932.0,4383.0,4080.0,4452.0,4732.0,4914.0,4873.0,4988.0,0.0,0.0,0.0,0.0,0.0,0.0,0.0,0.0,0.0,0.0,2711.0,1390.0,809.0,1017.5,683.0,1497.0,3476.5,4176.5,4170.0,4599.0,1223.0,554.0,366.0,537.0,289.0,807.0,2196.0,2685.0,2645.0,2936.0,0.0,0.0,0.0,0.0,0.0,0.0,0.0,0.0,0.0,0.0,0.0,0.0,0.0,0.0,0.0,0.0,0.0,0.0,0.0,0.0,2331.0,1110.0,388.0,729.0,439.0,1262.0,3300.0,3956.0,3998.0,4380.0,2686.5,1433.0,1167.5,1336.0,1117.5,1762.5,3322.5,3909.5,3989.5,4369.5,3045.5,2119.5,1527.5,1689.5,1622.0,2185.0,3314.0,3668.5,3819.5,3990.0,1493.5,1073.5,1494.5,1464.5,1382.0,1587.0,1979.0,2137.5,2159.0,2222.0,2585.0,1433.0,322.0,590.0,627.0,1256.0,2233.0,2572.0,2846.0,3024.0,2737.5,1544.0,341.5,610.5,712.5,1291.0,2147.5,2501.5,2759.0,2975.5,3391.0,2262.0,744.0,1040.0,1483.0,1903.0,2174.0,2413.0,2838.0,2863.0,3204.0,2253.0,948.0,1154.0,1283.0,1750.0,2517.5,2832.5,3148.0,3236.5,0.0,0.0,0.0,0.0,0.0,0.0,0.0,0.0,0.0,0.0,3180.0,1896.0,440.0,739.0,1092.0,1527.0,2065.0,2365.0,2826.0,2867.0,3526.0,2159.0,512.0,821.0,1278.0,1686.0,2128.0,2384.0,2706.0,2906.0,0.0,0.0,0.0,0.0,0.0,0.0,0.0,0.0,0.0,0.0,2602.0,1619.0,537.0,800.0,1120.0,1496.0,1962.0,2264.0,2688.0,2625.0,3120.0,2657.0,1881.0,1905.0,2038.0,2304.0,2506.0,2637.0,2732.0,2766.0,0.0,0.0,0.0,0.0,0.0,0.0,0.0,0.0,0.0,0.0,494.0,318.0,5658.0,5647.0,5931.0,6143.0,6173.0,5921.0,6087.0,5659.0,3870.0,2587.0,795.0,1113.0,1466.0,1863.0,2319.0,2549.0,2834.0,2968.0,3215.0,2123.0,695.0,1000.0,1182.0,1572.0,2383.0,2611.0,3009.0,2898.0,3281.5,2057.5,633.0,992.5,1094.0,1666.5,2526.0,2800.0,3055.0,3151.5,3301.0,2051.0,607.0,972.0,1035.0,1682.0,2662.0,2923.0,3147.0,3235.0,"{""type"":""MultiPoint"",""coordinates"":[]}"
1302,1,2084.0,1499.0,564.5,777.0,1079.5,1234.0,1311.0,1443.5,1633.0,1610.5,4760.0,4467.5,1346.5,1863.5,2512.5,2853.0,2960.0,3127.0,3293.5,3362.5,2567.0,1833.0,746.0,971.0,1310.0,1530.0,1673.0,1794.0,1952.0,1952.0,4733.5,4436.0,1368.5,1857.5,2259.0,2803.0,3152.0,3362.5,3559.0,3546.5,3231.0,2628.0,831.0,1221.0,1502.0,1823.0,2223.0,2382.0,2576.0,2551.0,3384.0,2435.0,716.0,1092.0,1136.0,1585.0,3304.0,3882.0,4125.0,4081.0,0.0,0.0,0.0,0.0,0.0,0.0,0.0,0.0,0.0,0.0,1950.0,903.0,330.0,542.0,322.0,743.0,2934.0,4172.0,4144.0,4287.0,1654.0,703.0,203.0,426.0,237.0,592.0,2876.0,4090.0,4241.0,4244.0,2099.0,955.0,352.5,551.5,332.0,745.5,3065.0,4402.5,4422.0,4630.5,2117.0,938.0,395.0,608.0,384.0,819.0,3170.0,4611.0,4622.0,4775.0,2475.0,2013.0,705.0,921.0,1250.0,1474.0,1552.0,1653.0,1866.0,1861.0,2187.5,1006.0,439.5,736.0,432.5,1057.5,3462.0,4534.0,4462.0,4860.0,3230.0,2452.0,2615.0,2579.0,2318.0,2906.0,3831.0,4535.0,4389.0,4668.0,2940.0,1741.0,577.0,906.0,1023.0,1710.0,2562.0,2984.0,3058.0,3428.0,1182.0,831.0,489.0,504.0,563.0,635.0,862.0,1085.0,1020.0,1180.0,4365.0,3427.0,957.0,1313.0,1909.0,2179.0,2418.0,2528.0,2845.0,2990.0,4053.0,3115.0,823.0,1164.0,1694.0,1930.0,2158.0,2406.0,2528.0,2616.0,3609.0,2832.0,799.0,1048.0,1479.0,1711.0,1925.0,2115.0,2252.0,2377.0,2676.5,2113.0,917.0,1062.0,1334.5,1546.0,1652.5,1778.5,1820.0,1949.0,3377.5,2917.0,817.5,1097.0,1527.0,1764.5,1833.0,1999.5,2107.5,2226.5,2673.0,2128.0,641.0,883.0,1267.5,1448.5,1559.0,1705.5,1786.5,1886.0,1014.0,794.0,448.0,523.0,629.0,712.0,729.0,789.0,790.0,863.0,2855.5,2327.0,735.5,1007.5,1435.0,1620.0,1716.0,1864.0,2068.5,2084.5,3171.0,2859.5,840.5,1088.5,1508.5,1699.5,1798.5,1900.0,2052.0,2117.0,2175.0,1715.5,478.0,709.0,1048.0,1183.0,1268.0,1403.5,1603.0,1595.5,2347.0,1799.0,608.0,794.0,1142.0,1308.0,1361.0,1493.0,1615.0,1699.0,0.0,0.0,0.0,0.0,0.0,0.0,0.0,0.0,0.0,0.0,2826.0,2139.0,968.5,1150.5,1537.0,1762.5,1846.5,2035.0,2162.5,2202.5,0.0,0.0,0.0,0.0,0.0,0.0,0.0,0.0,0.0,0.0,116.0,137.0,10200.0,10168.0,10118.0,10377.0,9850.0,9244.0,9565.0,8752.0,269.0,219.0,6762.0,6954.0,7170.0,7373.0,7093.0,6766.0,6992.0,6359.0,2638.5,1961.5,781.5,1048.5,1412.0,1629.0,1727.0,1874.5,2049.5,2049.5,4334.0,3861.0,1295.0,1771.0,2406.0,2562.0,2667.0,2820.0,3275.0,2989.0,3080.0,2511.0,762.0,1060.0,1445.0,1696.0,1771.0,1920.0,2072.0,2122.0,2731.0,2001.0,934.0,1215.0,1585.0,1777.0,1900.0,2042.0,2183.0,2209.0,"{""type"":""MultiPoint"",""coordinates"":[]}"
1325,5,2938.0,2132.0,682.5,865.5,1169.5,1463.5,1763.0,1940.0,2189.5,2148.0,4113.0,3565.5,975.0,1295.5,1712.0,1949.0,2095.5,2258.0,2431.0,2516.5,3039.5,2250.5,717.0,915.5,1230.5,1445.5,1569.0,1723.0,1897.0,1986.0,3045.5,2277.5,834.5,1026.5,1336.5,1547.0,1661.0,1856.0,2028.5,2087.0,0.0,0.0,0.0,0.0,0.0,0.0,0.0,0.0,0.0,0.0,4542.5,3815.5,1070.5,1441.5,1727.5,2194.5,2672.0,2968.5,3079.5,3207.5,0.0,0.0,0.0,0.0,0.0,0.0,0.0,0.0,0.0,0.0,3606.5,2723.0,761.0,1139.0,1119.5,1712.0,2863.0,3147.5,3248.5,3386.5,3683.0,2050.5,538.0,981.0,711.0,1518.0,4524.5,5328.5,5187.0,5563.5,2755.0,1699.5,471.5,736.0,602.0,1168.5,3028.0,3713.0,3741.0,3944.0,2507.0,1130.5,488.5,710.5,429.5,1024.0,3768.0,4904.0,4886.5,5115.5,0.0,0.0,0.0,0.0,0.0,0.0,0.0,0.0,0.0,0.0,2445.5,1000.5,334.5,520.0,233.5,815.0,4323.5,5996.5,5756.0,6218.0,1891.5,858.0,431.5,568.0,336.0,783.5,3369.5,4644.5,4623.5,4813.0,2266.0,1000.5,616.0,811.5,453.0,1137.5,4034.0,5355.5,5165.5,5676.0,1857.0,912.5,434.5,679.5,419.0,1041.5,2885.5,3552.5,3454.5,3752.0,2446.5,1412.5,436.0,816.5,654.5,1475.0,2874.0,3302.0,3486.0,3596.5,0.0,0.0,0.0,0.0,0.0,0.0,0.0,0.0,0.0,0.0,3157.0,2425.5,544.0,741.5,1025.0,1340.5,1558.5,1772.5,1932.5,2070.5,3746.5,3095.0,1628.5,1799.5,2097.5,2462.0,2732.0,2872.5,2594.0,3061.5,4026.5,3053.0,926.0,1242.5,1757.5,2064.5,2227.5,2430.0,2651.5,2736.0,4065.5,3161.5,1035.5,1293.0,1725.5,2046.5,2233.5,2438.5,2579.0,2682.0,0.0,0.0,0.0,0.0,0.0,0.0,0.0,0.0,0.0,0.0,3732.5,2707.5,949.5,1227.0,1503.5,1922.5,2332.0,2487.5,2665.5,2721.5,0.0,0.0,0.0,0.0,0.0,0.0,0.0,0.0,0.0,0.0,2842.0,1790.5,640.5,894.5,1092.0,1622.5,2434.5,2564.0,2810.5,2808.0,1895.0,1198.0,493.5,645.5,740.0,1122.0,1640.0,1759.5,1807.0,1882.5,0.0,0.0,0.0,0.0,0.0,0.0,0.0,0.0,0.0,0.0,2846.0,1925.5,621.0,881.5,940.0,1532.5,2623.0,2845.0,3138.0,3016.0,0.0,0.0,0.0,0.0,0.0,0.0,0.0,0.0,0.0,0.0,945.0,1025.0,10832.5,10468.0,10417.5,10505.5,10177.5,9781.0,10210.5,9384.5,3004.0,2535.5,2328.5,2296.0,2398.5,2652.0,2757.5,2924.0,2737.0,3072.5,3349.0,2603.5,748.0,965.0,1231.5,1603.0,2086.5,2267.5,2500.5,2496.5,3642.0,2855.0,836.5,1134.0,1398.0,1793.0,2121.5,2274.0,2537.0,2555.5,3130.0,2341.0,657.0,911.5,1202.0,1579.5,1806.0,1982.0,2209.5,2256.0,2830.0,2297.5,1558.5,1610.5,1824.5,2053.5,2110.5,2192.0,2311.0,2321.5,"{""type"":""MultiPoint"",""coordinates"":[]}"
1339,5,1066.5,739.5,537.0,643.5,932.5,1081.5,1110.0,1218.0,1421.5,1355.5,4026.5,3359.0,1159.0,1499.5,1899.0,2111.5,2170.0,2339.5,2532.5,2540.0,994.0,574.5,567.5,717.5,949.5,1137.0,1181.0,1295.0,1402.5,1411.0,489.5,270.0,390.0,446.5,552.0,624.0,652.0,704.5,926.5,768.5,0.0,0.0,0.0,0.0,0.0,0.0,0.0,0.0,0.0,0.0,4263.5,3493.0,1247.0,1586.5,2127.0,2429.5,2512.5,2738.5,2869.0,2968.0,0.0,0.0,0.0,0.0,0.0,0.0,0.0,0.0,0.0,0.0,4397.5,3648.0,1194.5,1594.0,2002.5,2353.5,2503.5,2774.0,2897.5,2930.5,4779.0,3675.5,1406.5,1828.0,2356.0,2748.0,2881.5,3059.0,3164.5,3413.5,4708.5,3539.5,2952.5,2990.0,3010.0,3571.5,4597.5,5091.5,5328.5,5310.0,3014.0,1703.5,1425.5,1517.0,1580.0,1990.0,2355.5,2722.0,2692.0,2874.5,1288.0,887.0,597.0,777.5,1045.0,1166.5,1219.0,1309.5,1516.0,1454.0,4366.0,3230.0,1170.0,1561.0,1848.0,2456.5,3070.5,3407.0,3372.0,3707.0,3868.0,2992.0,1008.0,1344.5,1591.0,2060.0,2725.5,2987.0,3109.5,3202.0,3680.5,2757.5,955.0,1298.5,1545.0,2041.0,2634.0,2949.5,2922.5,3228.5,3789.5,3095.0,2100.0,2276.5,2241.5,2875.5,3792.0,4194.5,4095.0,4362.0,2345.0,1417.5,504.0,767.0,780.0,1251.0,2272.5,2640.0,2779.5,2855.0,0.0,0.0,0.0,0.0,0.0,0.0,0.0,0.0,0.0,0.0,2326.0,1376.0,509.5,826.5,816.5,1404.0,2264.0,2550.0,2724.5,2830.0,1821.0,947.5,540.0,766.5,915.0,1351.5,1634.0,1821.0,1848.0,2013.5,3407.0,2606.5,716.5,968.0,1278.5,1551.5,1714.0,1906.5,2120.5,2164.5,4105.0,3188.5,992.0,1273.5,1669.5,1967.5,2157.5,2343.0,2550.0,2653.5,0.0,0.0,0.0,0.0,0.0,0.0,0.0,0.0,0.0,0.0,3425.0,2537.0,739.0,1015.0,1374.0,1596.5,1721.0,1890.0,2062.0,2149.5,0.0,0.0,0.0,0.0,0.0,0.0,0.0,0.0,0.0,0.0,1947.5,1142.5,411.0,604.0,862.0,1062.0,1166.0,1263.0,1450.5,1504.0,2661.0,1874.0,639.0,850.5,1144.0,1354.0,1456.5,1590.5,1710.0,1778.0,0.0,0.0,0.0,0.0,0.0,0.0,0.0,0.0,0.0,0.0,1717.5,979.5,517.0,656.0,848.0,1021.0,1141.5,1266.5,1468.0,1456.5,0.0,0.0,0.0,0.0,0.0,0.0,0.0,0.0,0.0,0.0,1043.5,1018.0,8244.0,8054.0,8162.0,8463.5,8225.5,7898.5,8319.5,7988.0,0.0,0.0,0.0,0.0,0.0,0.0,0.0,0.0,0.0,0.0,1049.5,707.5,485.0,640.0,838.5,1005.5,1017.0,1119.0,1271.5,1247.0,1437.0,914.0,598.5,786.5,960.0,1123.5,1213.5,1290.5,1423.5,1429.5,600.5,357.5,440.0,584.0,818.0,979.5,1031.0,1132.0,1269.5,1240.5,1454.0,791.0,681.5,832.5,1037.5,1234.0,1244.5,1330.5,1476.0,1537.0,"{""type"":""MultiPoint"",""coordinates"":[]}"
1345,5,1797.0,1162.0,533.5,788.5,1099.0,1391.0,1660.5,1783.5,2012.0,2016.0,4509.0,4108.5,1153.0,1628.0,2115.5,2539.0,2706.5,2888.0,3074.5,3181.5,2331.0,1565.0,588.0,772.0,1077.0,1254.0,1374.0,1542.0,1704.0,1695.0,2765.0,2025.5,635.5,888.5,1085.0,1399.0,1583.0,1740.5,1889.0,1933.5,2890.0,2197.0,637.0,941.0,1208.0,1526.0,1728.0,1839.0,2073.0,2108.0,5597.0,5744.0,1546.0,1975.0,2561.0,2945.0,3021.0,3315.0,3314.0,3567.0,588.0,441.0,267.0,250.0,297.0,340.0,342.0,414.0,385.0,470.0,4147.0,3468.0,1256.0,1406.0,1540.0,2240.0,2480.0,2759.0,2807.0,2995.0,4942.0,4250.0,1585.0,2199.0,2282.0,3101.0,4352.0,5051.0,4930.0,5260.0,3825.0,2548.0,836.0,1269.0,1043.0,1876.0,3975.0,4602.0,4615.0,4825.0,2850.5,1821.5,1681.0,1705.0,1348.0,1910.0,3953.0,4742.0,4609.0,4873.5,2807.0,2188.0,782.0,1031.0,1347.0,1637.0,1904.0,2038.0,2288.0,2246.0,2884.0,1349.0,380.0,644.0,348.0,910.0,4767.0,6288.0,6129.0,6590.0,2828.0,1305.0,677.0,821.0,551.0,1086.0,4634.0,6327.0,6170.0,6892.0,1652.5,714.0,341.5,435.5,230.5,596.0,2942.0,4232.5,4049.0,4424.5,2374.0,1154.0,390.0,589.0,313.0,871.0,4130.0,5688.0,5542.0,6024.0,2415.0,1053.0,294.0,649.0,281.0,1005.0,4313.0,5635.0,5653.0,5859.0,2094.0,965.0,369.0,723.0,371.0,1216.0,4104.0,4993.0,5045.0,5341.0,2453.5,1416.0,460.0,965.0,921.0,1969.0,2747.0,3134.5,3282.0,3533.0,3388.0,2331.0,1089.0,1375.0,1569.0,2102.0,2883.0,3227.0,2996.0,3571.0,2966.0,2132.0,523.0,750.0,1044.0,1495.0,1778.0,2014.0,2230.0,2390.0,3635.0,2581.0,794.0,1084.0,1579.0,1903.0,2079.0,2244.0,2526.0,2587.0,2809.5,2088.0,941.0,1197.0,1465.5,1833.5,2105.5,2303.5,2563.0,2517.5,3086.0,2384.0,726.0,988.0,1302.0,1568.0,1732.0,1828.0,2016.0,2093.0,2754.0,2216.0,637.0,888.0,1233.0,1395.0,1473.0,1622.0,1806.0,1850.0,2838.0,2149.5,581.0,891.5,1251.5,1435.5,1559.5,1697.0,1962.0,1964.0,3214.5,2594.0,681.5,1043.5,1357.5,1644.0,1782.5,1968.0,2144.5,2196.0,0.0,0.0,0.0,0.0,0.0,0.0,0.0,0.0,0.0,0.0,2802.0,2068.0,675.0,938.0,1164.0,1513.0,1745.0,1944.0,2135.0,2134.0,0.0,0.0,0.0,0.0,0.0,0.0,0.0,0.0,0.0,0.0,1172.0,1226.0,10792.0,10502.0,10448.0,10530.0,10167.0,9813.0,10244.0,9418.0,284.0,215.0,7572.0,7742.0,7970.0,8287.0,7874.0,7468.0,7640.0,7018.0,2519.5,1750.5,651.5,944.0,1186.5,1638.5,2098.0,2247.5,2545.5,2509.5,3179.0,2503.5,1581.5,1788.5,1907.0,2376.0,2777.5,2945.0,3189.5,3113.0,2319.0,1481.0,558.0,928.0,1016.0,1661.0,2425.0,2602.0,2915.0,2822.0,2894.0,2078.0,702.0,1085.0,1183.0,1886.0,2121.0,2255.0,2565.0,2507.0,"{""type"":""MultiPoint"",""coordinates"":[]}"
1347,3,2800.0,2361.5,1498.5,1555.0,1745.0,1919.0,2060.0,2187.0,2406.5,2292.0,3462.0,2683.0,842.0,1138.0,1399.0,1823.0,1963.0,2090.0,2303.0,2366.0,2622.0,1818.0,685.0,945.0,1033.0,1511.0,1761.0,1881.0,2021.0,2053.0,3042.5,2344.0,1165.5,1603.0,1826.5,2293.0,2547.0,2633.5,2458.5,2783.0,4456.0,3865.0,1108.0,1595.0,1817.0,2467.0,2738.0,2937.0,3146.0,3163.0,5017.0,4019.0,2123.5,2607.0,2850.0,3495.5,3867.0,4013.0,3979.5,4126.0,0.0,0.0,0.0,0.0,0.0,0.0,0.0,0.0,0.0,0.0,1438.0,807.0,628.0,859.0,669.0,1128.0,2064.0,2423.0,2283.0,2318.0,1332.5,735.0,259.5,461.5,306.5,703.5,1906.5,2381.5,2294.0,2452.5,1341.0,633.0,333.0,419.5,241.0,602.0,2213.5,2958.5,2996.0,3079.0,3885.0,3150.5,3354.5,3505.5,3481.5,3983.5,5020.5,5839.5,5527.0,5936.5,2753.0,2017.0,616.0,856.0,1144.0,1324.0,1511.0,1620.0,1884.0,1883.0,1187.0,549.0,359.0,459.0,268.0,550.0,2308.0,3601.0,3492.0,3825.0,1286.0,623.0,462.0,618.0,348.0,853.0,2706.0,4102.0,4091.0,4148.0,876.5,395.0,375.0,534.5,290.5,737.0,2118.0,2924.0,2820.0,2970.0,1530.0,742.0,458.0,761.0,493.0,1224.0,3169.0,4117.0,3989.0,4428.0,1680.5,860.5,489.0,884.0,649.5,1552.0,3223.0,3804.0,3972.0,4178.5,2133.5,1306.5,739.0,1062.5,1186.5,1886.0,2746.5,3189.0,3313.5,3677.0,3606.0,2693.0,827.0,1125.0,1527.0,1876.0,2020.0,2283.0,2466.0,2563.0,3116.5,2343.0,1441.0,1567.0,1914.5,2366.5,2607.0,2783.0,2682.0,2962.5,3846.0,2829.0,961.0,1283.0,1716.0,2030.0,2278.0,2453.0,2623.0,2728.0,3944.0,2865.0,1014.0,1315.0,1693.0,2089.0,2394.0,2539.0,2717.0,2825.0,2604.0,1987.0,672.5,884.0,1145.0,1416.0,1600.5,1715.0,1943.5,1924.0,3043.5,2377.5,825.5,1108.0,1509.5,1801.5,1900.0,2065.0,2218.0,2280.5,2499.0,1799.0,675.0,923.0,1291.0,1573.0,1651.0,1844.0,1966.0,2054.0,2033.5,1304.0,494.0,756.0,1121.5,1360.0,1492.5,1603.5,1753.0,1831.5,2399.0,1667.5,601.0,862.5,1222.5,1486.0,1589.0,1702.0,1850.0,1965.5,0.0,0.0,0.0,0.0,0.0,0.0,0.0,0.0,0.0,0.0,2628.5,2223.5,1807.5,1929.0,2208.0,2392.0,2521.5,2681.5,2821.5,2837.0,2636.0,2179.0,1655.0,1639.0,1694.0,1787.0,1967.0,2071.0,2280.0,2142.0,849.0,929.0,9942.0,9770.0,9842.0,9999.0,9640.0,9265.0,9588.0,8893.0,1465.0,1089.0,1737.0,1896.5,2082.0,2358.5,2338.0,2422.0,2567.0,2508.0,3136.0,2548.0,828.0,1069.0,1307.0,1622.0,1840.0,1957.0,2167.0,2148.0,2709.0,2060.5,741.5,1001.0,1198.0,1545.5,1815.0,1968.0,2151.0,2130.0,2624.0,1863.0,631.0,952.0,1105.0,1502.0,1820.0,1941.0,2118.0,2166.0,3851.5,3051.0,1039.0,1419.0,1669.5,2201.0,2526.0,2711.0,2917.0,2982.5,"{""type"":""MultiPoint"",""coordinates"":[]}"
1359,5,2156.0,1496.0,646.0,784.0,1005.0,1163.0,1275.0,1391.0,1584.0,1606.0,3987.0,3536.0,1063.0,1358.0,1757.0,2006.0,2102.0,2265.0,2504.0,2478.0,1916.0,1242.0,504.5,591.0,786.5,923.5,1000.0,1119.5,1246.5,1313.5,1627.0,1242.0,726.0,750.0,843.0,1015.0,1168.0,1284.0,1244.0,1413.0,0.0,0.0,0.0,0.0,0.0,0.0,0.0,0.0,0.0,0.0,4218.0,3836.0,1164.0,1429.0,1796.0,2106.0,2292.0,2489.0,2589.0,2713.0,0.0,0.0,0.0,0.0,0.0,0.0,0.0,0.0,0.0,0.0,4249.0,3457.0,953.0,1391.0,1438.0,2056.0,3000.0,3316.0,3497.0,3574.0,3695.0,2543.0,808.0,1185.0,1178.0,1807.0,3262.0,3697.0,3729.0,4012.0,2788.0,1789.0,557.0,833.0,659.0,1221.0,2879.0,3350.0,3450.0,3520.0,2892.5,1777.5,1942.0,1982.5,1587.0,2206.5,4475.0,5218.5,5064.5,5343.5,2473.0,1912.0,656.0,798.0,1044.0,1189.0,1327.0,1402.0,1612.0,1568.0,2512.0,1106.5,395.0,656.5,308.0,1000.0,4306.0,5572.5,5429.5,5896.0,2049.0,1012.0,388.0,565.0,344.0,850.0,3332.0,4401.0,4430.0,4595.0,1786.0,806.0,360.0,532.0,300.0,800.0,3180.0,4194.0,3990.0,4394.0,2146.0,964.0,403.5,619.5,338.5,951.0,3754.5,4816.5,4406.0,5102.5,1868.0,893.5,310.5,614.0,346.0,1013.0,3180.0,3868.5,3972.0,4101.0,0.0,0.0,0.0,0.0,0.0,0.0,0.0,0.0,0.0,0.0,3145.5,2199.0,551.0,830.0,1153.5,1523.0,1746.5,1962.0,2224.0,2393.5,3173.5,2346.5,638.0,796.0,1095.0,1300.0,1445.0,1581.5,1661.5,1835.5,3485.0,2603.5,789.5,1020.0,1412.5,1648.0,1746.5,1910.5,2139.5,2238.5,2128.0,1761.5,537.5,669.5,885.5,1014.5,1077.0,1174.5,1316.0,1310.5,0.0,0.0,0.0,0.0,0.0,0.0,0.0,0.0,0.0,0.0,2600.0,2039.0,656.0,799.5,1056.5,1228.5,1293.5,1431.5,1582.5,1635.0,0.0,0.0,0.0,0.0,0.0,0.0,0.0,0.0,0.0,0.0,1730.0,1110.0,354.0,467.0,678.0,817.0,928.0,994.0,1146.0,1140.0,2389.5,1874.5,695.5,824.5,1060.5,1230.5,1299.0,1416.0,1527.0,1593.5,0.0,0.0,0.0,0.0,0.0,0.0,0.0,0.0,0.0,0.0,1989.0,1338.0,508.0,620.0,776.0,954.0,1144.0,1238.0,1421.0,1453.0,0.0,0.0,0.0,0.0,0.0,0.0,0.0,0.0,0.0,0.0,831.0,910.0,10919.0,10537.0,10485.0,10566.0,10214.0,9836.0,10210.0,9419.0,0.0,0.0,0.0,0.0,0.0,0.0,0.0,0.0,0.0,0.0,2595.0,1885.0,725.0,859.0,1075.0,1302.0,1486.0,1624.0,1810.0,1788.0,2806.5,2032.5,737.0,944.5,1125.5,1407.0,1661.5,1811.0,2007.0,2045.0,2274.0,1488.0,610.0,777.0,935.0,1217.0,1529.0,1656.0,1861.0,1883.0,2815.0,1824.0,889.0,1085.0,1182.0,1651.0,1997.0,2157.0,2294.0,2414.0,"{""type"":""MultiPoint"",""coordinates"":[]}"
1367,10,2083.0,1437.0,591.0,777.0,1084.0,1308.0,1407.0,1511.0,1680.0,1720.0,5784.0,5355.0,1973.0,2698.0,3305.0,3744.0,3877.0,4000.0,4284.0,4301.0,2828.5,2085.5,774.5,1073.5,1343.5,1617.5,1739.0,1856.5,1997.0,2025.0,2598.0,1994.0,1153.0,1385.0,1385.0,1553.0,1576.0,1564.0,1691.0,1702.0,2746.0,2088.0,778.0,1152.0,1495.0,1694.0,1769.0,1896.0,2010.0,2058.0,4742.0,3652.0,3457.0,3393.0,3458.0,3917.0,4356.0,4546.0,5371.0,4715.0,3106.0,2271.0,805.0,1162.0,1366.0,1722.0,2095.0,2260.0,2325.0,2449.0,4638.0,3894.0,1343.0,2039.0,2274.0,2914.0,3602.0,3846.0,3969.0,4053.0,4464.0,3776.0,1345.0,2029.0,2105.0,2667.0,3936.0,4230.0,4493.0,4477.0,2634.0,1335.0,631.0,916.0,786.0,1416.0,3708.0,4312.0,4185.0,4497.0,2545.0,1255.0,701.0,1079.0,607.0,1509.0,5049.0,6138.0,6093.0,6406.0,2522.0,1955.0,643.0,914.0,1223.0,1421.0,1497.0,1627.0,1801.0,1817.0,2657.5,1284.0,914.0,1180.5,793.5,1501.0,4732.0,6059.5,5753.0,6199.5,2503.0,1010.0,460.0,731.0,333.0,1029.0,5271.0,6882.0,6881.0,7085.0,2608.0,1037.0,659.0,826.0,448.0,1112.0,5096.0,6930.0,6636.0,7147.0,2360.5,943.5,414.5,626.5,312.5,928.5,4666.5,6478.0,6227.0,6734.0,1968.5,764.5,303.5,535.0,245.0,849.5,4787.0,6335.0,6322.5,6580.0,1750.0,686.0,284.0,502.0,250.0,825.0,4337.0,5788.0,5905.0,6129.0,1910.0,770.0,280.0,474.0,207.0,768.0,4526.0,5847.0,6024.0,6132.0,1932.5,844.0,418.5,579.0,346.5,895.5,3943.0,5071.0,5029.5,5403.0,1969.0,806.0,281.0,481.0,227.0,845.0,4111.0,5322.0,5396.0,5651.0,3433.0,2837.0,812.0,1162.0,1523.0,1829.0,2059.0,2277.0,2448.0,2557.0,2678.0,2004.5,870.0,1146.0,1424.5,1604.0,1757.5,1845.0,2126.0,2010.0,3275.5,2379.0,546.5,768.0,1052.5,1348.5,1537.5,1719.0,2043.0,2123.5,3138.5,2787.5,2579.0,2482.5,2601.0,2905.0,2945.0,3057.0,2783.0,3257.5,1897.0,1382.0,339.0,548.0,817.0,980.0,1018.0,1180.0,1299.0,1313.0,2168.0,1678.0,456.0,692.5,978.5,1111.5,1181.5,1281.0,1410.5,1438.5,0.0,0.0,0.0,0.0,0.0,0.0,0.0,0.0,0.0,0.0,2244.0,1693.0,578.0,801.0,1045.0,1223.0,1307.0,1407.0,1556.0,1578.0,0.0,0.0,0.0,0.0,0.0,0.0,0.0,0.0,0.0,0.0,766.0,853.0,10872.0,10598.0,10490.0,10544.0,10241.0,9803.0,10212.0,9397.0,1372.0,941.5,4234.5,4364.5,4577.5,4829.0,4695.5,4566.0,4777.5,4428.5,2789.0,2052.0,714.0,1056.0,1375.0,1627.0,1807.0,1894.0,2105.0,2116.0,3290.0,2557.0,936.0,1329.0,1608.0,1951.0,2107.0,2260.0,2383.0,2439.0,2710.0,1951.0,727.0,1077.0,1349.0,1667.0,1802.0,1956.0,2121.0,2139.0,3062.0,2397.0,860.0,1210.0,1493.0,1832.0,1977.0,2095.0,2257.0,2282.0,"{""type"":""MultiPoint"",""coordinates"":[]}"
1394,3,2254.0,1875.0,760.0,1073.0,1360.0,1680.0,1825.0,1997.0,2219.0,2249.0,5094.0,4754.0,1847.0,2407.0,2921.0,3307.0,3447.0,3593.0,3845.0,3854.0,2930.0,2120.0,828.0,1091.0,1407.0,1723.0,1867.0,2045.0,2228.0,2277.0,5492.5,5226.0,1634.5,2227.5,2721.5,3294.0,3461.5,3704.5,3872.5,3959.0,3894.0,3245.0,1350.0,1865.0,2235.0,2506.0,2957.0,3097.0,3334.0,3197.0,671.0,549.0,805.0,1152.0,1199.0,1730.0,1733.0,1944.0,1810.0,1791.0,0.0,0.0,0.0,0.0,0.0,0.0,0.0,0.0,0.0,0.0,1854.5,973.5,462.0,687.5,404.0,980.5,2948.0,3913.0,3765.0,4082.0,1864.0,995.0,452.0,674.5,352.0,985.5,3110.0,4417.5,4138.5,4495.5,1876.0,973.0,359.0,661.0,307.0,1031.0,3587.0,4827.0,4637.0,4965.0,3099.0,2395.0,2342.0,2316.0,2025.5,2577.0,4058.0,5019.0,4826.5,5156.5,3104.0,2457.0,895.0,1220.0,1553.0,1828.0,1998.0,2108.0,2359.0,2337.0,1386.0,748.0,442.0,707.0,421.0,1100.0,2805.0,3766.0,3620.0,4029.0,1530.0,800.5,602.5,905.5,601.0,1424.0,3104.5,3837.0,3835.0,4090.5,1675.0,854.0,700.0,1089.0,790.0,1658.0,3032.0,3505.0,3485.0,3751.0,2234.0,1290.0,732.0,1188.0,1033.0,2028.0,2998.0,3473.0,3323.0,3737.0,3831.0,2564.0,937.0,1369.0,1881.0,2448.0,2814.0,3079.0,3162.0,3434.0,4023.0,2801.0,980.5,1368.0,1833.5,2361.5,2696.0,2967.5,3061.5,3351.5,4110.0,2877.0,1060.5,1418.0,1833.0,2351.0,2770.0,3054.5,3189.5,3344.0,3376.0,2213.0,839.0,1136.0,1299.0,1857.0,2566.0,2813.0,2822.0,3078.0,3589.0,2331.0,800.0,1104.0,1244.0,1755.0,2557.0,2846.0,2952.0,3126.0,3262.0,2138.0,766.0,1061.0,1188.0,1839.0,2525.0,2844.0,2967.0,3143.0,3431.0,2770.5,2239.0,2354.5,2537.5,2796.5,2896.5,3009.0,3230.5,3210.0,2449.0,1519.0,616.0,922.5,995.0,1621.0,2339.0,2598.5,2815.0,2841.0,3140.0,2777.5,1882.0,2192.0,2469.5,2969.5,3199.0,3393.0,3340.0,3664.0,2256.0,1446.0,693.0,1063.0,1448.0,1961.0,2253.5,2459.0,2806.5,2770.5,2559.0,1691.5,834.5,1196.0,1692.0,2132.5,2293.0,2459.5,2712.5,2772.0,0.0,0.0,0.0,0.0,0.0,0.0,0.0,0.0,0.0,0.0,1183.0,818.0,605.0,796.0,1159.0,1400.0,1493.0,1649.0,1823.0,1815.0,0.0,0.0,0.0,0.0,0.0,0.0,0.0,0.0,0.0,0.0,557.0,606.0,10442.0,10244.0,10172.0,10228.0,9872.0,9370.0,9752.0,8880.0,378.5,261.5,1842.5,1961.0,2069.5,2031.0,1910.0,1959.0,2041.0,1660.5,2940.0,2110.0,791.0,1128.0,1412.0,1753.0,1944.0,2107.0,2351.0,2368.0,3740.0,3067.5,1138.0,1536.5,1938.0,2252.0,2398.0,2580.0,2884.0,2784.5,2852.0,2118.0,784.0,1111.0,1443.0,1836.0,2030.0,2178.0,2414.0,2413.0,3870.0,3246.5,1142.0,1541.5,2001.5,2319.0,2426.0,2655.0,2910.5,2965.0,"{""type"":""MultiPoint"",""coordinates"":[]}"
1398,176,3907.0,2582.0,1105.0,1441.0,1791.0,2402.0,3153.0,3469.0,3907.0,3987.0,2588.5,1408.5,533.5,876.0,706.5,1409.5,3035.0,3500.5,3795.5,3806.0,2463.0,1320.0,520.0,856.0,666.0,1371.0,3047.0,3525.0,3842.0,3835.0,1952.0,911.0,303.0,632.0,361.0,1103.0,3167.0,3865.0,3961.0,4125.0,0.0,0.0,0.0,0.0,0.0,0.0,0.0,0.0,0.0,0.0,0.0,0.0,0.0,0.0,0.0,0.0,0.0,0.0,0.0,0.0,2228.0,1002.0,502.0,788.0,445.0,1248.0,3806.0,4829.0,4881.0,5374.0,3367.0,2120.0,614.0,923.0,1055.0,1681.0,2526.0,2905.0,3080.0,3418.0,3367.0,2120.0,614.0,923.0,1055.0,1681.0,2470.0,2838.0,3024.0,3199.0,464.0,237.0,336.0,396.0,239.0,422.0,973.0,1116.0,1042.0,1144.0,2402.0,1130.0,760.0,986.0,648.0,1381.0,3593.0,4372.0,4472.0,4652.0,3907.0,2582.0,1105.0,1441.0,1791.0,2402.0,3153.0,3469.0,3907.0,3987.0,2398.5,1142.0,646.5,905.5,591.0,1310.0,3386.5,4170.5,4244.0,4498.0,2492.0,1185.0,635.0,931.5,625.0,1360.0,3334.0,4088.5,4193.5,4540.5,3258.0,1961.0,1475.0,1669.0,1409.0,2116.0,3694.0,4332.0,4230.0,4759.0,3258.0,1961.0,550.0,875.0,964.0,1548.0,2349.0,2682.0,2807.0,3119.0,2709.5,1637.0,546.0,768.5,877.0,1301.0,1966.5,2311.5,2400.5,2638.5,3446.0,2200.0,597.0,873.0,1038.0,1528.0,2276.0,2594.0,2822.0,2972.0,2153.5,1264.5,458.5,616.0,695.0,993.0,1454.0,1683.5,1774.0,1923.5,2893.0,1685.0,518.0,772.0,677.0,1217.0,2519.0,2975.0,3024.0,3270.0,2720.0,1516.0,452.0,727.5,591.0,1164.5,2669.5,3198.0,3301.5,3478.5,2610.0,1354.0,416.0,734.0,533.5,1200.0,3017.5,3574.0,3648.0,3861.5,0.0,0.0,0.0,0.0,0.0,0.0,0.0,0.0,0.0,0.0,2388.0,1212.0,356.0,685.0,460.0,1161.0,3158.0,3694.0,4014.0,4039.0,2533.5,1278.0,382.5,757.5,522.5,1321.0,3464.5,4063.0,4422.0,4451.5,2441.0,1363.0,403.0,752.0,673.5,1336.0,2698.0,3133.0,3393.0,3551.0,2563.0,1458.0,412.0,761.5,752.0,1390.0,2596.5,3043.0,3223.0,3409.5,2986.0,1752.0,484.0,863.0,956.0,1556.0,2706.0,3123.0,3503.0,3538.0,3482.5,2132.5,664.5,1058.0,1188.0,1821.0,3067.0,3500.5,3899.5,4016.0,0.0,0.0,0.0,0.0,0.0,0.0,0.0,0.0,0.0,0.0,741.0,740.0,8974.0,9023.0,9224.0,9550.0,9277.0,8958.0,9126.0,8636.0,3694.0,2542.0,1014.0,1417.0,1861.0,2337.0,2809.0,3121.0,3441.0,3537.0,3694.0,2542.0,914.0,1236.0,1590.0,2006.0,2472.0,2709.0,3007.0,3073.0,0.0,0.0,0.0,0.0,0.0,0.0,0.0,0.0,0.0,0.0,3051.5,1791.0,657.0,986.0,975.5,1578.0,2823.0,3192.5,3409.5,3526.5,2835.5,1617.0,595.0,928.5,843.5,1481.0,2926.0,3344.0,3657.5,3658.0,"{""type"":""MultiPoint"",""coordinates"":[]}"
1400,5,2893.0,1933.0,893.0,1161.0,1562.0,1878.0,2099.0,2270.0,2575.0,2497.0,3876.5,3424.0,1232.5,1555.0,1988.5,2180.0,2280.5,2413.0,2548.0,2656.5,3018.0,2348.0,761.0,964.0,1303.0,1517.0,1599.0,1791.0,1900.0,2024.0,4100.0,3689.0,1071.0,1419.0,1823.0,2135.0,2257.0,2426.5,2572.0,2659.0,3944.0,3358.0,1057.0,1451.0,1859.0,2143.0,2342.0,2469.0,2701.0,2723.0,6775.0,6319.0,2020.0,2568.0,3272.0,3779.0,3878.0,4210.0,4271.0,4543.0,993.0,722.0,333.0,363.0,414.0,525.0,582.0,629.0,580.0,694.0,4393.0,3647.5,1115.0,1595.0,1842.0,2362.5,2952.0,3188.5,3285.0,3430.0,4027.5,3163.0,966.5,1381.0,1531.0,2070.5,3342.5,3779.5,3863.5,4061.5,3820.0,2673.0,1013.0,1443.0,1485.0,1921.0,3419.0,4189.0,4106.0,4400.0,2130.0,1593.0,2026.0,1693.0,1630.0,1974.0,2879.0,3251.0,3217.0,3264.0,3528.0,2716.0,858.0,1129.0,1551.0,1826.0,2009.0,2155.0,2442.0,2446.0,2618.0,1462.0,544.0,756.0,565.0,1065.0,3916.0,5210.0,5113.0,5465.0,2375.0,1187.0,558.0,712.0,504.0,913.0,3589.0,5136.0,5163.0,5332.0,2060.5,1003.0,559.5,676.5,481.5,856.0,3084.5,4273.0,4251.0,4566.5,2410.5,1083.5,513.5,691.5,429.5,917.5,3849.0,5151.5,4886.5,5374.5,1972.0,922.0,298.0,553.0,316.0,821.0,3248.0,4158.0,4303.0,4468.0,1857.0,862.0,333.0,583.0,351.0,941.0,3127.0,3818.0,3906.0,4085.0,2220.5,1235.5,361.0,708.0,472.5,1291.5,2534.0,2848.5,2998.5,3163.5,2966.0,2231.0,511.0,680.0,785.0,1141.0,1452.0,1597.0,1724.0,1832.0,3697.0,2895.0,681.0,901.0,1237.0,1474.0,1616.0,1762.0,2023.0,2067.0,3837.0,2976.0,829.0,1011.0,1341.0,1573.0,1639.0,1834.0,2012.0,2105.0,1402.0,1122.0,395.0,524.0,701.0,803.0,895.0,947.0,952.0,1099.0,3443.5,2748.0,744.0,934.0,1183.5,1372.0,1485.0,1630.0,1841.5,1846.0,1413.0,1092.0,524.0,558.0,700.0,776.0,794.0,943.0,889.0,1056.0,3055.5,2252.0,618.0,818.5,1094.5,1270.0,1410.5,1536.5,1776.0,1786.5,3256.5,2488.5,687.5,899.5,1172.0,1380.5,1471.0,1620.0,1805.0,1844.5,0.0,0.0,0.0,0.0,0.0,0.0,0.0,0.0,0.0,0.0,3095.0,2421.0,692.0,863.0,1104.0,1328.0,1430.0,1577.0,1791.0,1803.0,0.0,0.0,0.0,0.0,0.0,0.0,0.0,0.0,0.0,0.0,736.0,816.0,10942.0,10628.0,10538.0,10570.0,10240.0,9795.0,10192.0,9410.0,1280.0,865.5,4285.0,4434.5,4685.5,4986.0,4803.0,4712.0,4840.5,4569.5,3661.0,2747.0,864.0,1183.0,1625.0,1954.0,2246.0,2429.0,2746.0,2727.0,3926.0,2932.0,991.0,1333.0,1728.0,2085.0,2265.0,2458.0,2754.0,2746.0,3652.5,2726.5,916.5,1229.5,1628.5,1997.5,2150.5,2335.0,2583.5,2620.0,3032.0,2314.0,767.0,971.0,1294.0,1490.0,1576.0,1714.0,1865.0,1961.0,"{""type"":""MultiPoint"",""coordinates"":[]}"
1433,5,965.5,670.5,360.5,515.0,801.5,1001.0,1063.5,1203.0,1324.5,1361.5,3024.0,2153.5,908.0,1117.5,1357.5,1694.0,1824.5,1928.5,2093.5,2152.5,1445.0,817.0,647.0,800.0,1100.0,1340.0,1491.0,1654.0,1804.0,1871.0,3735.5,2940.0,1030.0,1296.0,1664.0,1991.5,2174.0,2331.5,2485.5,2627.5,4250.0,3852.5,1259.5,1658.5,2181.5,2468.5,2569.5,2755.5,2890.5,2996.5,6042.0,5838.0,1998.0,2476.0,3127.0,3523.0,3578.0,3834.0,3879.0,4142.0,3730.0,3284.0,2901.0,2858.0,2849.0,3288.0,3530.0,3683.0,3718.0,3837.0,5860.0,5263.0,1994.0,2649.0,3049.0,3706.0,4220.0,4470.0,4543.0,4760.0,4972.0,4125.0,1499.0,2108.0,2344.0,3023.0,4034.0,4273.0,4545.0,4582.0,2423.0,1198.0,572.0,816.0,466.0,1085.0,3595.0,4369.0,4176.0,4418.0,2434.5,1103.0,562.5,827.0,470.5,1178.0,4289.5,5459.5,5073.5,5612.5,1853.0,1234.0,648.0,808.0,1101.0,1313.0,1441.0,1491.0,1777.0,1816.0,2679.0,1140.5,323.5,536.5,262.5,837.5,4631.5,6343.0,6120.0,6693.5,2575.5,1078.5,362.5,519.5,270.5,750.0,4476.0,6402.5,6365.0,6648.0,3235.0,2043.0,1606.0,1985.0,1918.0,2313.0,4448.0,5820.0,5612.0,5910.0,2835.0,1383.0,591.0,701.0,401.0,1068.5,4702.0,6236.0,6090.5,6506.5,2353.0,999.0,319.5,594.0,295.0,978.5,4199.5,5316.0,5456.5,5628.0,1910.5,1022.5,500.5,774.0,509.0,1275.5,3348.5,3975.0,3755.0,4351.5,2421.0,1548.5,461.5,806.0,898.0,1577.0,2042.5,2282.0,2534.0,2644.5,2788.5,2175.5,553.0,672.0,878.0,1075.0,1171.0,1300.0,1361.5,1496.5,2839.0,2121.0,777.0,867.5,1084.5,1333.0,1456.5,1658.5,1577.0,1877.0,3549.5,2760.0,804.0,997.0,1327.0,1594.5,1724.0,1865.5,2004.0,2080.5,3552.5,2965.0,1923.0,2046.0,2279.5,2509.5,2654.5,2765.5,2966.5,2950.5,3202.0,2441.0,756.0,948.0,1155.0,1428.0,1672.0,1809.0,1985.0,2018.0,2616.0,2084.0,641.0,830.0,1128.0,1309.0,1410.0,1550.0,1683.0,1732.0,2228.0,1568.0,459.0,702.0,983.5,1176.5,1317.0,1434.0,1623.0,1641.5,2563.0,1848.0,588.0,881.0,1096.0,1410.0,1590.0,1751.0,1919.0,1986.0,0.0,0.0,0.0,0.0,0.0,0.0,0.0,0.0,0.0,0.0,2066.0,1325.0,580.0,841.0,1036.0,1369.0,1647.0,1815.0,2006.0,1989.0,0.0,0.0,0.0,0.0,0.0,0.0,0.0,0.0,0.0,0.0,783.0,750.0,8632.0,8490.0,8666.0,8816.0,8502.0,8151.0,8646.0,7919.0,766.0,496.0,639.0,798.0,1076.0,1197.0,1286.0,1428.0,1556.0,1541.0,862.0,616.5,357.5,503.0,705.5,904.5,973.5,1092.5,1223.0,1238.0,2293.5,1524.0,688.0,853.5,1088.5,1333.5,1442.0,1616.5,1770.0,1784.0,975.0,713.0,389.0,508.0,733.0,985.0,1040.0,1198.0,1290.0,1309.0,1391.0,920.5,518.5,671.0,865.5,1105.0,1236.5,1341.0,1471.5,1523.5,"{""type"":""MultiPoint"",""coordinates"":[]}"
1444,176,0.0,0.0,0.0,0.0,0.0,0.0,0.0,0.0,0.0,0.0,1926.0,892.0,337.0,668.0,338.0,1135.0,3978.0,4882.0,5064.0,5266.0,1835.0,858.0,375.0,668.0,338.0,1135.0,3978.0,4882.0,5350.0,5266.0,0.0,0.0,0.0,0.0,0.0,0.0,0.0,0.0,0.0,0.0,1933.0,907.0,310.0,688.0,327.0,1216.0,4235.0,5086.0,5360.0,5440.0,2169.0,993.0,404.5,773.5,406.5,1305.5,4413.5,5389.0,5447.5,5804.5,2129.0,944.0,680.0,868.0,484.0,1225.0,3713.0,4684.0,4730.0,5079.0,3660.0,2285.5,652.0,871.5,1018.0,1527.5,2162.0,2537.0,2706.5,3031.0,3406.0,2041.5,574.5,904.5,953.5,1496.5,2631.5,2964.0,3073.0,3367.5,2838.0,1441.0,535.0,952.0,521.0,1396.0,3826.0,4460.0,4516.0,4785.0,2355.0,1023.0,749.0,1155.0,587.0,1517.0,4270.0,5470.0,5683.0,5933.0,0.0,0.0,0.0,0.0,0.0,0.0,0.0,0.0,0.0,0.0,2355.0,1023.0,543.0,775.0,480.0,1185.0,3672.0,4804.0,4674.0,5085.0,3198.5,2147.5,1942.5,2073.0,2009.0,2523.0,3598.0,4044.5,3951.5,4280.0,2111.0,1062.0,421.0,590.0,446.0,913.0,2060.0,2532.0,2667.0,2825.0,1566.5,848.0,272.0,400.0,362.0,675.0,1256.5,1532.0,1494.0,1708.5,3732.5,2503.0,525.5,778.0,989.5,1418.5,1982.5,2264.5,2417.0,2615.5,3487.0,2204.5,595.5,833.0,905.0,1364.5,2240.0,2674.5,2717.0,2989.5,3102.0,1813.0,469.0,733.0,681.0,1240.0,2362.0,2758.0,3016.0,3086.0,2938.5,1806.0,647.5,864.0,816.0,1380.5,2559.0,2997.5,3108.5,3178.5,3255.0,1936.0,450.0,732.0,728.0,1272.0,2420.0,2768.0,2937.0,3149.0,2846.0,1584.0,426.0,739.0,590.0,1299.0,2783.0,3189.0,3298.0,3534.0,3368.0,2242.0,695.0,1012.0,1327.0,1874.0,2452.0,2733.0,3087.0,3077.0,3115.0,1865.0,452.0,798.0,812.0,1475.0,2725.0,3096.0,3373.0,3456.0,3115.0,1891.0,452.0,798.0,812.0,1475.0,2560.0,2873.0,3230.0,3282.0,3403.5,2130.0,563.0,937.5,1042.5,1693.5,2721.5,3022.5,3390.5,3428.0,3379.0,2100.0,556.0,937.0,1053.0,1766.0,2791.0,3080.0,3362.0,3437.0,2681.5,1621.0,490.0,814.5,890.0,1465.0,2360.5,2630.5,2889.0,2923.0,2379.0,1447.0,511.5,798.5,836.0,1362.0,2244.0,2470.5,2750.0,2743.5,3482.5,2270.0,722.5,1042.5,1308.5,1834.0,2464.5,2717.5,3017.0,3080.0,625.0,639.0,9634.0,9512.0,9628.0,9838.0,9442.0,8939.0,9152.0,8551.0,3009.0,1885.0,690.0,959.0,1267.0,1809.0,2476.0,2787.0,3108.0,3191.0,3356.0,2089.0,690.5,987.5,1170.0,1743.0,2575.5,2897.0,3219.0,3301.5,0.0,0.0,0.0,0.0,0.0,0.0,0.0,0.0,0.0,0.0,2257.0,1082.0,399.0,744.0,450.5,1230.5,3609.5,4318.5,4504.5,4548.0,2221.0,1058.0,426.0,791.0,417.0,1272.0,3908.0,4573.0,4864.0,4934.0,"{""type"":""MultiPoint"",""coordinates"":[]}"
1458,5,1958.5,1373.5,496.0,683.5,939.5,1130.5,1262.0,1374.0,1569.5,1566.5,3490.0,2908.0,850.0,1335.0,1526.0,2085.0,2643.0,2871.0,3136.0,3058.0,2149.0,1377.0,644.0,1054.0,1056.0,1552.0,2139.0,2310.0,2567.0,2428.0,3146.5,2584.0,775.0,1342.0,1375.5,2015.0,2784.0,2982.5,3163.0,3172.0,2088.0,1302.0,516.0,959.0,910.0,1482.0,2166.0,2327.0,2547.0,2528.0,4365.0,3832.0,1081.0,1419.0,2015.0,2290.0,2411.0,2596.0,2886.0,2940.0,0.0,0.0,0.0,0.0,0.0,0.0,0.0,0.0,0.0,0.0,4540.0,4216.0,1393.0,1520.0,2021.0,2375.0,2471.0,2678.0,2807.0,2914.0,3634.0,3005.5,801.0,1082.5,1376.0,1705.0,2139.5,2348.5,2430.0,2604.5,4132.0,3528.0,940.0,1309.0,1631.0,2055.0,2784.0,3008.0,3129.0,3269.0,3299.0,2481.5,781.5,1054.5,1148.0,1630.5,2563.0,2933.0,2969.5,3186.5,2475.0,2099.0,599.0,759.0,1029.0,1225.0,1380.0,1501.0,1707.0,1655.0,2453.0,1477.5,446.5,664.0,529.0,1045.0,2844.5,3513.5,3472.5,3774.0,2455.0,1438.0,659.0,790.0,559.0,1043.0,3305.0,4345.0,4387.0,4475.0,2256.0,1208.0,424.0,610.0,471.0,903.0,2992.0,4080.0,4051.0,4292.0,2227.0,1058.0,494.5,631.0,429.0,867.0,3460.5,4527.0,4513.5,4813.5,1893.5,893.5,266.5,446.5,261.5,710.0,3041.0,3923.5,4076.5,4180.5,1974.5,998.5,342.5,611.0,387.5,1022.0,2910.0,3538.5,3640.0,3877.5,2601.0,1771.0,490.0,884.0,814.0,1528.0,2220.0,2418.0,2547.0,2758.5,3649.5,2766.5,633.5,813.5,1096.5,1385.5,1529.5,1722.5,1810.0,2062.5,3289.0,2849.0,642.0,873.0,1183.0,1390.0,1448.0,1630.0,1745.0,1854.0,3329.0,2895.0,729.0,950.0,1340.0,1542.0,1624.0,1766.0,1868.0,1992.0,3760.0,3297.5,2126.0,2225.5,2417.0,2712.5,2973.5,3149.0,3319.5,3277.5,2949.5,2228.0,627.5,894.0,1038.5,1424.5,1813.0,2003.0,2112.0,2194.5,2150.5,1525.5,710.5,866.5,759.5,1177.0,1985.5,2186.5,2215.0,2327.0,1958.0,1058.0,332.0,660.0,501.0,1057.0,2643.0,2957.0,3257.0,3095.0,1993.0,1043.0,265.0,639.0,360.0,1061.0,3012.0,3517.0,3555.0,3600.0,0.0,0.0,0.0,0.0,0.0,0.0,0.0,0.0,0.0,0.0,1461.0,642.0,293.0,593.0,226.0,870.0,3308.0,4038.0,4201.0,4129.0,0.0,0.0,0.0,0.0,0.0,0.0,0.0,0.0,0.0,0.0,127.0,164.0,11289.0,10942.0,10708.0,10725.0,10298.0,9732.0,9960.0,9085.0,140.0,132.0,8510.0,8628.0,8818.0,9049.0,8531.0,7999.0,8242.0,7514.0,2388.0,1677.0,584.0,814.0,1086.0,1314.0,1478.0,1628.0,1818.0,1817.0,3205.0,2681.0,740.0,1031.0,1312.0,1622.0,1972.0,2111.0,2418.0,2365.0,2391.0,1787.0,542.0,781.0,937.0,1281.0,1613.0,1763.0,1958.0,1952.0,2363.0,1430.0,743.0,1096.0,1358.0,1839.0,2301.0,2451.0,2662.0,2711.0,"{""type"":""MultiPoint"",""coordinates"":[]}"
1499,1,2702.0,2011.0,750.0,1065.0,1491.0,1756.0,1905.0,2061.0,2299.0,2224.0,4712.0,4310.5,2173.5,2542.5,3005.5,3346.5,3447.5,3562.5,3773.5,3733.0,2803.0,2038.0,813.0,1140.0,1563.0,1840.0,1975.0,2120.0,2261.0,2312.0,3712.0,3105.0,1138.0,1655.0,2102.0,2512.0,3090.0,3374.0,3483.0,3550.0,2471.0,1662.0,562.0,894.0,1044.0,1435.0,2209.0,2456.0,2592.0,2590.0,3261.5,2069.5,721.0,1073.0,909.5,1489.5,4201.5,5566.5,5594.0,5754.5,602.0,252.0,453.0,418.0,229.0,357.0,1342.0,1924.0,1881.0,1953.0,1788.0,733.0,520.0,497.0,323.0,583.0,3199.0,5315.0,5274.0,5421.0,2368.0,1392.5,1607.0,1607.0,1420.5,1641.0,3099.0,4127.0,4508.0,4162.5,1872.0,789.5,340.5,456.0,249.0,627.5,3137.0,4932.5,4958.0,5217.0,1842.0,777.5,440.0,591.5,367.5,753.5,3223.0,5190.0,5143.0,5464.5,2812.0,2233.0,845.0,1178.0,1612.0,1902.0,2068.0,2202.0,2437.0,2362.0,2024.0,874.0,428.0,667.0,391.0,886.0,3279.0,4681.0,4685.0,5042.0,2423.5,1458.0,1658.0,1726.5,1446.5,1797.5,2921.0,3620.0,3753.0,3711.5,2267.0,1459.0,563.0,771.0,825.0,1179.0,1710.0,2106.0,2099.0,2446.0,2423.0,2013.5,840.0,1050.0,1274.0,1628.0,2067.5,2318.0,1718.5,2542.0,4776.5,3665.5,1005.0,1379.5,2059.5,2467.0,2620.0,2899.0,3037.5,3258.5,4419.0,3467.0,875.5,1196.5,1722.0,2068.5,2242.0,2470.5,2558.0,2786.0,4313.0,3491.0,876.5,1181.5,1633.5,1956.0,2184.5,2367.0,2519.0,2677.5,3410.0,2523.5,1452.0,1593.0,1769.0,2119.0,2477.5,2662.0,2607.0,2862.0,3897.0,2846.0,796.0,1143.0,1657.0,1912.0,2197.0,2425.0,2581.0,2733.0,3491.0,2767.0,887.0,1304.0,1763.0,2150.0,2262.0,2409.0,2551.0,2666.0,2303.0,2045.5,1379.0,1478.0,1652.5,1885.0,2018.0,2097.5,2170.0,2222.0,3483.0,2751.0,903.0,1321.0,1685.0,2128.0,2266.0,2445.0,2588.0,2690.0,3238.5,2532.0,963.0,1311.0,1713.0,2101.5,2287.5,2465.0,2628.0,2697.0,2932.0,2517.0,837.0,1280.0,1498.0,1913.0,2209.0,2385.0,2620.0,2588.0,3019.0,2269.0,774.0,1176.0,1506.0,1942.0,2320.0,2497.0,2640.0,2710.0,0.0,0.0,0.0,0.0,0.0,0.0,0.0,0.0,0.0,0.0,2562.0,1711.0,733.0,1055.0,1111.0,1726.0,2602.0,2783.0,2985.0,3009.0,0.0,0.0,0.0,0.0,0.0,0.0,0.0,0.0,0.0,0.0,115.0,135.0,11030.0,10704.0,10508.0,10610.0,10141.0,9509.0,9792.0,8978.0,316.0,243.0,5277.0,5516.0,5776.0,6191.0,5894.0,5788.0,5806.0,5494.0,2611.0,1859.0,713.0,1098.0,1466.0,1822.0,2167.0,2302.0,2528.0,2499.0,4130.0,3520.0,1147.0,1672.0,2154.0,2551.0,2726.0,2898.0,3148.0,3107.0,3248.0,2665.0,915.0,1329.0,1777.0,2059.0,2205.0,2349.0,2574.0,2548.0,2988.0,2502.0,851.0,1185.0,1647.0,2007.0,2127.0,2366.0,2006.0,2604.0,"{""type"":""MultiPoint"",""coordinates"":[]}"
1512,2,1984.0,1229.0,470.0,794.0,686.0,1538.0,3099.0,3540.0,3807.0,3768.0,3665.0,2865.0,1038.0,1298.0,1663.0,1945.0,2085.0,2294.0,2476.0,2521.0,1216.0,838.0,968.0,831.0,741.0,826.0,880.0,923.0,1340.0,927.0,3973.5,3347.5,1268.5,1688.0,2100.0,2469.5,2688.5,2858.5,3015.5,3096.0,4567.0,4120.5,1329.0,1866.0,2420.5,2782.0,2892.0,3066.0,3230.5,3336.5,5109.0,4567.0,2911.0,3081.0,3447.0,3913.0,4311.0,4573.0,5184.0,4777.0,2239.0,1441.0,1169.0,1239.0,1343.0,1621.0,2012.0,2150.0,2372.0,2273.0,4870.5,3947.5,1273.0,1913.0,2106.5,2943.0,3603.0,3937.0,3986.0,4186.0,4435.5,3521.0,1275.0,1838.0,2194.0,2822.5,3473.0,3790.0,3902.5,4091.0,3748.0,2652.0,1022.0,1456.0,1570.0,2295.0,3715.0,4020.0,3980.0,4218.0,3082.0,1820.0,827.0,1179.0,1036.0,1726.0,3772.0,4360.0,4370.0,4572.0,2416.5,1437.0,459.5,782.0,738.0,1640.0,3021.5,3382.0,3792.5,3707.0,2728.0,1278.0,454.0,796.0,515.0,1320.0,4740.0,5734.0,5722.0,5982.0,2373.5,1028.0,342.5,634.0,353.0,1102.0,4608.0,5806.5,5840.0,5957.5,1983.0,764.0,479.0,760.0,421.0,1170.0,4509.0,5403.0,5301.0,5619.0,2428.5,1544.0,954.5,1104.5,1069.0,1716.5,3627.0,3974.5,3823.5,4126.5,2158.0,1198.0,404.5,691.0,526.0,1404.0,3724.0,4353.5,4409.0,4618.5,2525.5,1442.5,444.5,657.0,659.5,1429.5,2946.0,3413.5,3529.0,3883.5,2833.5,1916.5,573.5,776.5,854.5,1454.5,2349.5,2644.0,2839.5,3059.5,3095.5,2400.0,741.0,917.5,1136.0,1467.0,1671.5,1834.5,1917.0,2134.0,3283.0,2527.0,842.0,1019.0,1228.0,1543.0,1716.0,1907.0,2070.0,2195.0,3717.0,2936.0,758.0,1038.0,1276.0,1668.0,1945.0,2130.0,2377.0,2451.0,4923.0,4623.0,4969.0,4749.0,4653.0,4904.0,4947.0,4979.0,5434.0,4924.0,3448.0,2441.0,709.0,1053.0,1287.0,1731.0,2189.0,2372.0,2699.0,2739.0,0.0,0.0,0.0,0.0,0.0,0.0,0.0,0.0,0.0,0.0,2845.0,1872.0,565.0,893.0,1052.0,1521.0,2204.0,2433.0,2745.0,2791.0,2715.0,1815.0,494.0,818.0,956.0,1517.0,2189.0,2366.0,2636.0,2646.0,0.0,0.0,0.0,0.0,0.0,0.0,0.0,0.0,0.0,0.0,2371.0,1528.0,496.0,783.0,852.0,1403.0,2167.0,2414.0,2647.0,2620.0,0.0,0.0,0.0,0.0,0.0,0.0,0.0,0.0,0.0,0.0,580.0,644.0,10326.0,10108.0,10082.0,10209.0,9843.0,9410.0,9806.0,9041.0,552.0,319.0,3944.0,4212.0,4284.0,5119.0,5456.0,5512.0,5743.0,5426.0,2489.5,1527.0,527.5,927.5,936.0,1759.0,2774.5,3068.0,3427.5,3407.0,3094.0,2163.5,816.0,1212.5,1535.0,2078.5,2417.5,2663.0,2918.0,2978.5,2830.0,1894.0,722.0,1039.0,1472.0,1774.0,1982.0,2141.0,2367.0,2443.0,2580.0,1806.0,784.0,1060.0,1387.0,1715.0,1816.0,1970.0,2186.0,2266.0,"{""type"":""MultiPoint"",""coordinates"":[]}"
1514,3,1485.0,903.5,439.5,583.5,704.5,919.5,1134.0,1281.0,1340.0,1383.0,2737.0,2242.5,840.5,1057.0,1291.0,1479.0,1611.0,1756.5,1774.5,1868.5,1696.5,1037.5,554.0,665.0,820.0,962.5,1189.5,1223.0,1271.0,1388.5,2006.5,1251.5,689.0,795.5,903.0,1137.0,1324.0,1401.0,1543.0,1590.0,0.0,0.0,0.0,0.0,0.0,0.0,0.0,0.0,0.0,0.0,2263.5,1701.0,804.5,940.0,1073.0,1284.0,1456.5,1544.0,1654.0,1747.5,0.0,0.0,0.0,0.0,0.0,0.0,0.0,0.0,0.0,0.0,0.0,0.0,0.0,0.0,0.0,0.0,0.0,0.0,0.0,0.0,0.0,0.0,0.0,0.0,0.0,0.0,0.0,0.0,0.0,0.0,1550.5,949.0,461.0,632.5,416.0,857.5,2171.5,2894.0,2670.5,2772.0,253.0,127.0,263.5,304.5,180.5,315.5,898.5,1323.5,1095.5,1141.5,2211.5,1664.5,523.0,661.5,828.5,1016.0,1140.5,1321.0,1411.5,1430.5,1741.0,833.0,489.5,591.0,369.5,792.5,2625.0,4268.0,4037.5,4511.0,1503.5,756.5,422.0,544.0,324.5,764.5,2559.5,3926.0,3874.0,4119.0,0.0,0.0,0.0,0.0,0.0,0.0,0.0,0.0,0.0,0.0,1879.5,992.0,500.0,854.5,521.5,1359.0,3531.0,4587.5,4424.5,4924.0,1817.0,958.0,449.0,853.0,617.5,1430.5,3239.0,3900.0,4092.0,4235.5,0.0,0.0,0.0,0.0,0.0,0.0,0.0,0.0,0.0,0.0,3378.0,2644.0,903.5,1220.5,1730.5,2080.0,2232.0,2392.5,2523.0,2711.5,1814.5,1360.0,877.5,922.0,1007.0,1160.5,1208.5,1185.5,1211.5,1313.0,1918.5,1491.5,497.0,637.5,821.5,978.0,1071.0,1180.5,1202.0,1301.5,2259.0,1788.5,673.0,848.0,1045.0,1186.0,1392.5,1552.0,1484.5,1593.0,0.0,0.0,0.0,0.0,0.0,0.0,0.0,0.0,0.0,0.0,2040.5,1633.5,549.0,728.5,960.5,1081.5,1203.5,1370.5,1372.5,1414.5,0.0,0.0,0.0,0.0,0.0,0.0,0.0,0.0,0.0,0.0,1251.0,783.0,243.5,401.5,585.0,639.0,682.5,864.5,876.5,937.5,1427.0,940.5,380.0,585.5,775.5,980.0,1066.0,1139.0,1109.5,1162.0,0.0,0.0,0.0,0.0,0.0,0.0,0.0,0.0,0.0,0.0,1281.0,878.0,432.5,591.0,730.0,884.0,949.5,1036.0,1133.5,1178.5,0.0,0.0,0.0,0.0,0.0,0.0,0.0,0.0,0.0,0.0,942.0,1004.5,10836.5,10389.0,10268.5,10513.5,10002.0,9670.0,10037.0,9540.0,3421.0,3549.5,2936.0,2784.5,2790.5,3127.5,3171.0,3299.5,3061.5,3425.0,1963.5,1274.0,516.5,685.5,810.5,1092.5,1289.5,1399.0,1466.0,1494.5,2092.0,1343.0,601.0,798.0,905.0,1166.0,1381.0,1573.0,1644.0,1734.0,1821.0,1127.0,590.0,790.5,892.5,1225.5,1536.0,1715.0,1746.0,1840.5,2473.0,1853.5,774.0,955.5,1138.5,1368.5,1520.5,1692.5,1735.5,1876.5,"{""type"":""MultiPoint"",""coordinates"":[]}"
1537,5,1756.0,1245.0,489.5,589.0,792.0,928.5,1002.0,1085.5,1228.5,1211.5,2385.5,2021.5,727.5,909.0,1160.0,1323.5,1385.0,1500.5,1503.5,1656.5,2145.0,1512.0,652.5,786.0,1014.0,1172.0,1257.5,1344.0,1485.0,1500.5,2043.5,1370.0,637.0,763.0,972.0,1139.5,1189.5,1306.0,1415.5,1463.5,0.0,0.0,0.0,0.0,0.0,0.0,0.0,0.0,0.0,0.0,3164.5,2600.0,899.0,1152.0,1342.5,1676.0,2163.5,2344.5,2362.0,2495.5,0.0,0.0,0.0,0.0,0.0,0.0,0.0,0.0,0.0,0.0,1983.5,1112.5,451.0,650.5,476.0,926.5,2385.5,2843.5,2707.5,2913.5,2559.5,1404.5,512.0,752.5,545.5,1090.5,3557.0,4460.0,4287.0,4657.5,2433.5,1160.0,329.0,566.0,265.0,826.5,4022.5,5179.0,5356.5,5458.5,2409.5,1052.0,251.5,457.5,199.0,689.5,4278.0,6034.5,5989.0,6244.0,1526.5,1093.0,535.5,655.0,820.5,971.0,1004.5,1091.5,1210.5,1222.0,2431.5,967.5,310.0,472.5,239.5,702.5,4380.0,6384.5,6291.0,6762.0,3070.0,1238.5,1029.5,1041.0,677.5,1136.0,5119.5,7299.0,7378.5,7771.0,0.0,0.0,0.0,0.0,0.0,0.0,0.0,0.0,0.0,0.0,2396.5,1020.5,407.0,665.5,373.5,1077.0,4188.0,5363.0,5276.5,5794.0,2137.0,1022.5,347.0,755.0,451.0,1388.5,3397.0,3980.0,4160.5,4402.5,2982.0,1970.0,469.0,703.5,1032.0,1510.0,1790.0,2077.5,2351.0,2595.0,3051.5,2154.0,649.0,856.0,1257.5,1524.0,1616.5,1794.5,1915.5,2049.0,3942.0,3009.5,853.0,1120.0,1535.5,1863.0,2002.0,2170.5,2209.5,2424.5,3315.0,2867.5,1565.5,1716.0,1980.5,2222.0,2274.5,2361.5,2436.5,2523.0,2396.5,2084.0,664.0,780.5,1037.0,1194.0,1246.5,1366.0,1429.5,1510.0,0.0,0.0,0.0,0.0,0.0,0.0,0.0,0.0,0.0,0.0,2026.0,1708.5,538.5,659.5,876.5,990.0,1051.5,1125.5,1219.0,1259.5,2444.5,2021.5,677.0,814.0,1065.5,1216.5,1270.0,1367.5,1412.0,1520.0,1265.5,841.0,284.0,419.0,607.0,695.5,742.0,812.5,940.5,963.0,1902.0,1603.5,479.5,587.5,800.5,909.0,953.0,1056.0,1098.5,1151.0,0.0,0.0,0.0,0.0,0.0,0.0,0.0,0.0,0.0,0.0,1577.0,1061.5,484.0,544.5,723.5,819.5,883.5,960.0,1069.0,1075.0,0.0,0.0,0.0,0.0,0.0,0.0,0.0,0.0,0.0,0.0,232.5,225.5,8186.5,8314.5,8364.0,8545.5,8099.5,7524.5,7715.0,6909.5,0.0,0.0,0.0,0.0,0.0,0.0,0.0,0.0,0.0,0.0,2042.5,1434.0,607.5,744.0,976.5,1103.0,1179.5,1292.5,1465.0,1426.5,2806.0,2381.0,792.0,1031.0,1347.0,1480.0,1544.5,1669.0,1839.0,1851.0,2058.0,1544.5,537.0,645.5,876.0,987.5,1054.0,1166.0,1300.0,1333.5,0.0,0.0,0.0,0.0,0.0,0.0,0.0,0.0,0.0,0.0,"{""type"":""MultiPoint"",""coordinates"":[]}"
1554,1,2029.0,1331.0,552.0,837.0,873.0,1475.0,2242.0,2329.0,2661.0,2501.0,4456.0,3820.0,1040.0,1427.0,1988.0,2343.0,2532.0,2701.0,2986.0,3022.0,2565.0,1775.5,671.0,903.5,1230.5,1495.0,1621.5,1787.0,1966.0,2039.0,2858.0,2051.0,736.0,979.0,1278.0,1587.0,1790.0,1964.0,2164.0,2184.0,0.0,0.0,0.0,0.0,0.0,0.0,0.0,0.0,0.0,0.0,4004.5,3096.5,1099.0,1548.5,1820.0,2269.5,3010.0,3270.0,3369.5,3508.5,0.0,0.0,0.0,0.0,0.0,0.0,0.0,0.0,0.0,0.0,2110.0,956.0,291.0,534.0,262.0,655.0,3324.0,4670.0,4767.0,4761.0,5711.0,4355.0,5195.0,5014.0,4765.0,5243.0,5726.0,5934.0,6250.0,6101.0,1712.0,715.0,280.0,463.0,246.0,594.0,3127.0,5062.0,5249.0,5254.0,4201.0,3074.0,3057.0,3050.0,2852.0,3361.0,5026.0,6127.0,6048.0,6382.0,2344.0,1699.0,640.0,950.0,1048.0,1628.0,2322.0,2469.0,2774.0,2705.0,1930.5,779.5,368.0,514.0,315.0,656.5,3037.0,4861.5,4895.5,5233.0,1758.0,769.0,461.0,582.0,376.0,709.0,2825.0,4400.0,4509.0,4638.0,1868.0,814.0,354.0,561.0,317.0,778.0,2979.0,4376.0,4395.0,4683.0,1752.5,872.5,383.0,603.0,463.5,908.5,2310.0,2971.0,2934.5,3202.5,2086.5,1256.0,377.5,604.0,666.5,1070.0,1647.0,1956.0,2120.5,2217.5,0.0,0.0,0.0,0.0,0.0,0.0,0.0,0.0,0.0,0.0,2360.0,1701.0,373.0,504.5,721.0,905.0,1025.5,1153.5,1294.0,1374.0,4177.0,2878.0,985.0,1345.0,1971.0,2390.0,2613.0,2803.0,2979.0,3221.0,3245.5,2620.5,716.5,995.5,1439.5,1683.0,1811.0,1985.0,2171.5,2259.0,2469.5,1990.5,563.5,804.5,1101.0,1338.0,1500.0,1634.0,1756.0,1830.0,0.0,0.0,0.0,0.0,0.0,0.0,0.0,0.0,0.0,0.0,2985.0,2207.0,652.0,990.0,1262.0,1701.0,2003.0,2159.0,2432.0,2427.0,0.0,0.0,0.0,0.0,0.0,0.0,0.0,0.0,0.0,0.0,2125.0,1369.0,469.0,822.0,969.0,1476.0,2033.0,2285.0,2536.0,2438.0,2311.0,1618.0,563.0,904.5,961.0,1498.5,2115.0,2289.0,2629.5,2526.5,0.0,0.0,0.0,0.0,0.0,0.0,0.0,0.0,0.0,0.0,2167.0,1354.0,526.0,893.0,799.0,1463.0,2611.0,2797.0,3025.0,2986.0,0.0,0.0,0.0,0.0,0.0,0.0,0.0,0.0,0.0,0.0,1050.0,1137.0,11045.0,10572.0,10488.0,10590.0,10268.0,9866.0,10286.0,9482.0,0.0,0.0,0.0,0.0,0.0,0.0,0.0,0.0,0.0,0.0,2230.0,1502.0,453.0,834.0,882.0,1572.0,2360.0,2593.0,2877.0,2819.0,2169.0,1346.0,570.0,935.0,855.0,1622.0,2572.0,2743.0,3054.0,2979.0,2001.0,1175.0,400.0,843.0,730.0,1615.0,2619.0,2853.0,3051.0,3017.0,3400.0,2455.0,4785.0,4357.0,4122.0,4311.0,4075.0,3949.0,4406.0,3769.0,"{""type"":""MultiPoint"",""coordinates"":[]}"
1574,1,1923.0,1140.0,763.0,947.0,1011.0,1247.0,1508.0,1625.0,1802.0,1897.0,4186.0,4067.0,1200.0,1569.0,2063.0,2321.0,2433.0,2543.0,2718.0,2732.0,2495.0,1939.0,685.0,863.0,1176.0,1362.0,1442.0,1534.0,1681.0,1730.0,3747.0,3289.0,1010.5,1412.5,1609.5,2145.5,2413.5,2566.0,2643.5,2755.5,2907.0,2275.0,712.0,1063.0,1270.0,1643.0,1925.0,2015.0,2182.0,2239.0,0.0,0.0,0.0,0.0,0.0,0.0,0.0,0.0,0.0,0.0,2657.0,1540.0,447.0,775.0,570.0,1116.0,3150.0,3921.0,3928.0,4057.0,2285.5,1211.5,605.0,813.5,562.0,981.0,3465.5,4969.5,4914.0,5139.5,1779.0,798.0,241.0,405.0,193.0,504.0,3192.0,5339.0,5347.0,5523.0,1985.0,832.0,311.0,516.0,280.0,672.0,3382.0,5378.0,5281.0,5745.0,4251.5,3354.5,4725.5,4450.5,4171.5,4669.5,5652.5,6483.5,6645.0,6472.5,3311.0,2530.0,876.0,1073.0,1321.0,1653.0,1937.0,2037.0,2266.0,2303.0,2101.0,909.0,369.0,630.0,429.0,926.0,3314.0,4536.0,4657.0,5019.0,2345.0,1201.0,524.0,763.0,626.0,1181.0,2888.0,3793.0,3972.0,4243.0,4039.0,2724.0,802.0,1071.0,1652.0,2133.0,2379.0,2794.0,2995.0,3415.0,2676.0,2164.0,496.0,610.0,789.5,1040.5,1202.5,1378.5,1402.0,1581.0,2920.0,2231.0,423.0,586.0,803.0,1027.0,1249.0,1388.0,1538.0,1611.0,4545.0,3117.0,884.0,1291.0,1936.0,2357.0,2635.0,2899.0,3110.0,3408.0,4201.0,3132.0,857.0,1176.5,1662.5,2063.0,2379.0,2597.0,2847.0,2952.0,3528.0,2700.0,1490.0,1762.5,1977.0,2473.5,2974.5,3313.0,3145.0,3582.5,3401.5,2195.5,654.5,984.5,1089.5,1671.5,2715.5,3084.0,3305.0,3351.0,2614.0,1445.0,471.0,826.0,632.0,1308.0,3016.0,3511.0,3669.0,3754.0,3154.0,2268.0,844.0,1065.0,1329.0,1659.0,1936.0,2101.0,2262.0,2293.0,2019.0,1074.5,331.5,614.0,492.5,1162.5,2490.5,2955.0,3298.5,3418.5,2970.0,2241.0,867.0,1145.0,1628.0,1946.0,2126.0,2316.0,2488.0,2580.0,2778.5,1967.0,710.0,1050.5,1551.0,1818.5,2019.0,2193.5,2448.5,2480.5,3048.5,2240.5,756.0,1097.5,1555.5,1904.5,2026.5,2173.5,2379.0,2482.5,0.0,0.0,0.0,0.0,0.0,0.0,0.0,0.0,0.0,0.0,2702.0,1990.0,703.0,1016.0,1373.0,1730.0,1952.0,2098.0,2300.0,2326.0,0.0,0.0,0.0,0.0,0.0,0.0,0.0,0.0,0.0,0.0,688.0,765.0,10702.0,10424.0,10366.0,10475.0,10056.0,9671.0,10022.0,9282.0,1144.0,742.5,2927.5,2992.0,3134.5,3506.0,3608.0,3617.0,3699.0,3631.0,3133.0,2278.0,743.0,981.0,1182.0,1629.0,2267.0,2427.0,2664.0,2659.0,3979.5,3180.5,2580.0,2677.5,2786.5,3198.0,3405.0,3527.5,3750.5,3665.5,3003.0,2100.0,749.0,1018.0,1268.0,1659.0,1889.0,2064.0,2277.0,2295.0,3204.0,2441.0,834.0,1052.0,1248.0,1601.0,1798.0,1915.0,2102.0,2179.0,"{""type"":""MultiPoint"",""coordinates"":[]}"
1601,3,112.0,85.5,1255.0,1567.5,1902.5,2080.5,1762.0,1755.0,1716.0,1464.5,3724.0,3582.0,1474.5,1783.0,2182.0,2414.0,2467.5,2594.0,2694.0,2795.5,1940.0,1399.0,755.5,952.5,1172.0,1369.0,1443.0,1554.0,1659.0,1707.0,2472.5,1775.0,1758.0,1875.5,1974.0,2276.5,2273.5,2368.5,2549.0,2482.0,5072.0,4829.5,2096.0,2562.0,3084.0,3418.0,3513.0,3636.0,3912.5,3889.5,1647.5,2054.0,749.0,841.5,927.0,1030.0,1093.5,1276.5,1142.0,1642.0,0.0,0.0,0.0,0.0,0.0,0.0,0.0,0.0,0.0,0.0,2898.5,2207.0,1117.5,1433.5,1307.0,1883.0,2853.0,3240.0,3490.0,3274.0,1517.0,756.0,319.0,593.5,328.0,820.0,2510.0,3400.5,3262.0,3324.5,1336.0,632.0,292.0,479.5,236.5,687.0,2553.5,3747.0,3746.0,3781.0,1470.5,699.5,475.0,602.0,395.5,756.5,2497.5,3955.5,3953.0,4069.5,365.0,251.0,734.5,851.5,998.5,1147.5,1105.5,1141.5,1383.0,1190.0,1326.0,607.5,439.5,517.0,296.5,611.0,2580.5,4198.0,4131.5,4390.0,1350.0,633.0,487.0,654.0,369.0,877.0,2962.0,4456.0,4591.0,4640.0,1551.0,722.0,418.5,731.5,379.5,1135.5,3449.0,4646.5,4657.0,4956.5,1673.0,873.5,512.0,864.5,569.0,1483.5,3368.0,4012.5,2859.5,4231.0,2032.5,1137.0,606.0,1111.5,972.0,1951.5,3256.5,3743.5,4016.5,4119.0,1484.5,851.0,637.5,939.0,970.0,1575.0,2181.5,2439.5,2540.0,2735.0,2908.0,1963.0,860.0,1245.0,1439.5,2082.5,2727.0,2948.5,3248.5,3337.0,2059.5,1397.0,666.5,922.0,1168.5,1547.0,1841.0,1956.5,2042.0,2179.5,3110.0,2203.5,823.5,1180.5,1522.0,1928.5,2227.0,2477.5,2702.5,2746.5,3227.5,2129.5,773.5,1092.0,1475.5,1909.0,2306.5,2529.0,2730.5,2824.0,747.0,539.0,929.5,1133.0,1385.5,1543.5,1438.0,1515.0,1612.5,1489.5,3018.5,2028.0,803.0,1073.5,1443.5,1784.0,2105.0,2258.0,2555.5,2646.5,1908.0,1716.5,1891.5,1720.0,1708.5,1863.5,1854.5,1883.5,2352.0,1955.0,2011.5,1339.0,676.5,967.0,1388.5,1671.0,1782.5,1943.0,2207.0,2213.0,2211.5,1522.0,820.5,1121.5,1584.5,1852.5,1969.5,2120.5,2373.5,2365.0,2737.5,2139.5,3019.0,2987.5,3163.5,3148.5,3157.0,3193.5,3017.5,3080.0,1679.5,1214.5,918.5,1071.5,1367.5,1540.5,1561.5,1648.0,1764.5,1725.5,0.0,0.0,0.0,0.0,0.0,0.0,0.0,0.0,0.0,0.0,1012.5,1116.0,10391.0,10148.0,10093.0,10249.0,9955.0,9632.0,10002.0,9238.0,1483.0,1077.0,677.0,917.5,1195.5,1369.5,1427.5,1542.5,1667.5,1659.5,2416.0,1837.0,810.0,1049.5,1303.5,1502.0,1582.0,1690.0,1885.5,1888.5,3143.5,2699.0,1049.5,1346.5,1693.0,1942.5,2092.5,2175.5,2430.0,2410.0,2869.0,2288.0,971.0,1299.5,1623.5,1875.0,1978.0,2095.5,2236.0,2282.5,5212.0,4975.5,2158.5,2664.0,3246.5,3502.0,3669.0,3795.5,4113.0,3942.0,"{""type"":""MultiPoint"",""coordinates"":[]}"
1622,3,1983.0,1296.5,712.0,951.0,1278.5,1515.0,1605.0,1754.0,1959.0,1958.5,4667.0,4093.0,1872.0,2448.0,2950.0,3465.0,3876.0,4101.0,4267.0,4166.0,2223.5,1460.5,697.5,961.0,1296.5,1543.0,1632.5,1778.5,1905.0,1971.5,3581.5,2922.5,2667.5,2717.5,2896.5,3210.0,3154.5,3235.0,3336.0,3324.0,5371.0,5014.0,1890.0,2486.0,3101.0,3509.0,3659.0,3839.0,4124.0,4070.0,5142.5,4351.5,1984.0,2459.5,2904.0,3426.0,3653.5,3874.5,4027.5,4069.0,0.0,0.0,0.0,0.0,0.0,0.0,0.0,0.0,0.0,0.0,5844.0,4960.0,1812.0,2502.0,2891.0,3557.0,4439.0,4792.0,4956.0,5108.0,1026.5,588.5,477.5,740.5,586.5,1055.0,1876.0,2260.5,2116.0,2075.0,1886.5,942.0,368.0,647.5,282.5,915.0,3167.5,4310.0,4321.0,4357.0,2014.0,984.0,520.0,699.0,418.0,958.0,3124.0,4647.0,4609.0,4719.0,2783.5,2057.0,851.0,1128.0,1503.0,1759.0,1866.5,2006.5,2264.0,2242.0,1714.0,746.0,323.0,498.0,204.0,729.0,3124.0,4773.0,4649.0,4949.0,1756.5,797.0,364.0,563.5,259.5,818.0,3354.5,5268.0,5341.5,5457.5,1837.5,843.5,474.0,845.0,424.0,1269.0,3750.5,5003.0,4994.5,5350.0,1886.5,941.5,444.5,907.0,482.0,1461.5,3661.0,4597.0,4503.5,4896.5,1976.0,976.0,456.0,960.0,561.0,1619.0,3535.0,4207.0,4448.0,4530.0,2274.0,1252.0,681.0,1277.5,1004.5,2243.5,3549.0,3977.5,4066.0,4392.5,2210.5,1286.0,631.0,1175.0,1111.0,2061.5,2705.0,2969.5,3159.0,3269.0,1565.5,1017.0,537.0,786.5,860.5,1252.0,1476.5,1598.0,1636.5,1774.5,3548.0,2537.0,848.0,1175.0,1637.0,2023.0,2261.0,2472.0,2766.0,2764.0,3616.0,2456.0,826.0,1170.0,1685.0,2005.0,2194.0,2383.0,2609.0,2738.0,2767.5,2171.0,857.0,1171.0,1534.0,1800.5,1921.5,2066.5,2292.0,2281.5,3380.5,2413.5,814.5,1112.5,1604.5,1881.5,2058.5,2192.0,2496.0,2522.0,1401.0,863.0,615.0,821.0,1262.0,1540.0,1590.0,1754.0,1997.0,1980.0,1662.0,1051.0,458.0,717.5,1130.0,1331.5,1459.5,1586.0,1836.0,1849.5,2397.0,1626.0,573.0,842.0,1279.0,1477.0,1595.0,1718.0,1948.0,1991.0,0.0,0.0,0.0,0.0,0.0,0.0,0.0,0.0,0.0,0.0,975.5,596.0,576.5,704.0,972.5,1131.0,1224.0,1339.0,1553.0,1494.0,0.0,0.0,0.0,0.0,0.0,0.0,0.0,0.0,0.0,0.0,1018.0,1102.0,10836.0,10458.0,10374.0,10517.0,10169.0,9760.0,10150.0,9421.0,1403.0,949.5,874.5,1125.5,1435.5,1671.0,1704.0,1828.0,1936.5,1919.0,2711.0,1989.0,775.0,1118.0,1418.0,1688.0,1798.0,1934.0,2144.0,2135.0,2704.0,1948.0,1085.0,1361.0,1650.0,1916.0,2083.0,2224.0,2443.0,2391.0,2722.0,1938.0,889.0,1236.0,1580.0,1851.0,2007.0,2130.0,2301.0,2297.0,5049.0,4619.0,1852.0,2421.0,2991.0,3343.0,3528.0,3727.0,4011.0,3903.0,"{""type"":""MultiPoint"",""coordinates"":[]}"
1656,176,0.0,0.0,0.0,0.0,0.0,0.0,0.0,0.0,0.0,0.0,3341.5,2043.0,670.0,1028.0,1032.5,1806.5,3067.0,3470.0,3848.5,3867.0,3252.0,2007.0,669.0,1036.0,1014.0,1808.0,3052.0,3479.0,3861.0,3897.0,2969.0,1660.0,491.0,882.0,751.0,1554.0,3034.0,3364.0,3575.0,3689.0,0.0,0.0,0.0,0.0,0.0,0.0,0.0,0.0,0.0,0.0,0.0,0.0,0.0,0.0,0.0,0.0,0.0,0.0,0.0,0.0,944.0,453.0,520.5,542.5,385.5,554.0,1214.5,1434.5,1884.5,1551.5,3013.0,1692.0,495.0,778.0,656.0,1304.0,2697.0,3221.0,3314.0,3588.0,3067.0,1753.0,495.0,810.0,694.0,1323.0,2697.0,3222.0,3408.0,3631.0,3259.0,1755.0,551.0,901.0,748.0,1448.0,3139.0,3661.0,3855.0,4103.0,0.0,0.0,0.0,0.0,0.0,0.0,0.0,0.0,0.0,0.0,776.0,452.0,414.0,508.0,550.0,665.0,826.0,874.0,968.0,985.0,3407.0,1793.0,698.0,996.0,824.0,1486.0,3324.0,3980.0,4111.0,4477.0,3407.0,1793.0,698.0,1003.0,824.0,1486.0,3051.0,3687.0,3622.0,4113.0,3458.0,1945.0,676.0,1003.0,916.0,1557.0,3051.0,3687.0,3622.0,4113.0,3122.0,1677.0,448.0,829.0,717.0,1318.0,2920.0,3354.0,3422.0,3732.0,3378.0,1955.0,564.0,876.0,896.0,1464.0,2778.0,3210.0,3489.0,3595.0,2168.5,1219.0,488.0,654.0,648.0,1014.0,1827.5,2110.5,2257.0,2363.5,2745.0,1371.0,567.0,803.0,829.0,1304.0,2241.0,2525.0,2662.0,2885.0,2951.5,1558.0,567.0,841.5,803.0,1322.0,2488.5,2860.0,2981.0,3223.5,3031.0,1639.0,498.5,818.0,697.5,1280.0,2806.5,3282.5,3454.5,3624.5,2874.5,1738.5,1606.5,1702.0,1397.5,1860.0,2905.5,3240.5,3614.5,3445.5,0.0,0.0,0.0,0.0,0.0,0.0,0.0,0.0,0.0,0.0,2846.0,1521.0,448.0,775.0,702.0,1337.0,2847.0,3375.0,3649.0,3700.0,2765.0,1500.0,422.0,784.5,764.0,1428.5,2843.5,3336.0,3633.0,3637.5,0.0,0.0,0.0,0.0,0.0,0.0,0.0,0.0,0.0,0.0,3466.0,2002.0,586.0,995.0,1302.0,1854.0,2851.0,3214.0,3464.0,3651.0,3420.0,2037.0,660.0,1038.0,1371.0,1898.0,2717.0,3007.0,3491.0,3418.0,3439.0,2129.0,696.0,1067.0,1364.0,1818.0,2616.0,2902.0,3332.0,3332.0,0.0,0.0,0.0,0.0,0.0,0.0,0.0,0.0,0.0,0.0,690.0,685.0,9357.0,9280.0,9403.0,9740.0,9289.0,8996.0,9127.0,8602.0,2409.5,1787.0,5143.0,5259.5,5507.5,5895.5,5904.0,5883.0,6095.0,5831.0,4129.0,2889.0,929.0,1239.0,1612.0,2051.0,2519.0,2770.0,3063.0,3060.0,0.0,0.0,0.0,0.0,0.0,0.0,0.0,0.0,0.0,0.0,3807.0,2396.0,741.0,1114.0,1225.0,1917.0,3015.0,3312.0,3495.0,3660.0,3431.0,2079.0,671.0,1020.0,1051.0,1805.0,3082.0,3461.0,3836.0,3837.0,"{""type"":""MultiPoint"",""coordinates"":[]}"
1667,1,2027.5,1488.0,626.5,937.5,1304.0,1565.5,1691.5,1773.0,1952.5,1989.0,5122.5,4730.0,1790.5,2292.0,2910.5,3362.5,3510.5,3695.5,3818.0,3916.5,0.0,0.0,0.0,0.0,0.0,0.0,0.0,0.0,0.0,0.0,5502.0,5117.5,1823.0,2473.0,3000.0,3616.5,3936.0,4117.5,4294.5,4361.0,2952.5,2242.5,850.0,1243.5,1490.0,1899.0,2245.0,2367.0,2533.0,2564.0,0.0,0.0,0.0,0.0,0.0,0.0,0.0,0.0,0.0,0.0,0.0,0.0,0.0,0.0,0.0,0.0,0.0,0.0,0.0,0.0,0.0,0.0,0.0,0.0,0.0,0.0,0.0,0.0,0.0,0.0,2034.0,1002.0,269.5,515.0,321.5,711.5,3388.0,5191.0,5254.0,5410.5,0.0,0.0,0.0,0.0,0.0,0.0,0.0,0.0,0.0,0.0,0.0,0.0,0.0,0.0,0.0,0.0,0.0,0.0,0.0,0.0,2864.0,2408.5,833.0,1175.5,1622.5,1836.5,1940.5,2055.5,2290.5,2272.5,1909.0,865.0,374.0,580.0,350.0,742.5,2989.5,4536.0,4424.0,4831.0,0.0,0.0,0.0,0.0,0.0,0.0,0.0,0.0,0.0,0.0,2001.0,1068.0,311.5,584.5,544.5,1030.5,2182.5,2733.5,2771.0,3106.5,1412.0,958.5,261.0,342.0,422.0,583.0,753.0,896.0,878.0,1007.5,2441.0,1730.5,292.0,467.0,695.5,897.0,1120.5,1318.5,1365.0,1590.0,3719.0,2658.5,880.0,1119.5,1490.5,1816.5,2142.0,2399.5,2491.5,2721.0,3484.0,2784.0,884.5,1192.0,1660.0,1939.5,2108.0,2317.5,2383.0,2597.5,2322.5,1534.0,981.5,1115.0,1234.5,1542.0,1794.0,1935.5,1937.5,2137.5,3293.0,2297.5,652.0,1099.5,1040.0,1692.0,2712.0,2967.5,3082.5,3229.5,2427.0,1429.0,425.0,888.5,637.5,1343.0,2913.0,3268.5,3408.5,3450.5,1938.5,1498.5,841.0,1036.5,1309.0,1477.5,1604.5,1680.5,1865.0,1803.0,1956.5,1048.0,328.5,785.0,460.0,1187.0,2958.5,3264.5,3502.5,3503.5,2728.0,2092.0,783.0,1084.5,1543.5,1790.5,1913.0,2058.5,2261.5,2338.0,3244.0,2676.0,907.5,1244.0,1752.0,1981.0,2121.5,2277.5,2537.5,2532.5,3224.0,2603.5,801.5,1159.0,1623.0,1907.5,2026.5,2195.0,2375.5,2513.0,0.0,0.0,0.0,0.0,0.0,0.0,0.0,0.0,0.0,0.0,0.0,0.0,0.0,0.0,0.0,0.0,0.0,0.0,0.0,0.0,0.0,0.0,0.0,0.0,0.0,0.0,0.0,0.0,0.0,0.0,0.0,0.0,0.0,0.0,0.0,0.0,0.0,0.0,0.0,0.0,733.0,556.0,4313.0,4816.5,5397.0,5708.0,5553.5,5424.5,5689.0,5251.5,2613.0,2001.5,804.5,1158.5,1561.0,1800.0,1969.5,2087.0,2288.5,2261.5,0.0,0.0,0.0,0.0,0.0,0.0,0.0,0.0,0.0,0.0,2940.5,2339.5,859.5,1189.5,1617.0,1879.0,2013.0,2137.5,2352.5,2359.0,3277.5,2715.0,1001.0,1347.5,1805.0,2117.0,2238.0,2393.5,2574.5,2613.0,"{""type"":""MultiPoint"",""coordinates"":[]}"
1698,5,737.0,417.0,648.0,856.0,1249.0,1447.0,1492.0,1610.0,1858.0,1698.0,3438.0,2823.5,1657.0,1752.5,2029.0,2194.0,2290.5,2436.5,2834.5,2633.0,1555.0,983.0,531.0,652.0,926.0,1056.0,1138.0,1270.0,1380.0,1471.0,2921.0,2354.0,857.0,981.0,1357.0,1554.0,1651.0,1743.0,1964.0,2029.0,2962.5,2403.5,806.5,1027.5,1440.5,1648.5,1691.5,1882.0,2030.5,2111.0,4340.0,3985.0,1229.0,1508.0,2034.0,2300.0,2325.0,2553.0,2626.0,2820.0,3409.0,2796.0,3662.0,3421.0,3265.0,3684.0,4178.0,4347.0,4063.0,4472.0,3765.5,3448.5,1155.0,1397.0,1817.5,2063.5,2156.5,2304.0,2321.0,2531.0,2661.5,2000.5,1101.0,1207.0,1418.5,1621.5,1858.0,2117.0,2266.5,2293.5,3676.0,3308.0,957.0,1326.0,1756.0,2067.0,2278.0,2419.0,2436.0,2700.0,2805.0,2094.0,1653.0,1757.0,1722.0,2039.0,2727.0,2995.0,2937.0,3205.0,2577.0,1937.0,1107.0,1438.0,1922.0,2139.0,2183.0,2280.0,2671.0,2540.0,3570.0,2703.0,909.0,1165.0,1270.0,1709.0,2793.0,3144.0,3151.0,3421.0,3646.5,2550.0,1857.5,1976.0,1906.5,2392.0,3609.0,4225.0,4417.0,4384.0,2337.0,1496.0,455.0,678.0,663.0,1063.0,2412.0,2934.0,2809.0,3126.0,2332.0,1432.0,612.0,879.0,689.0,1350.0,3179.0,3871.0,3782.0,4169.0,1767.5,919.5,335.0,603.5,386.0,995.5,2641.0,3043.5,3112.5,3251.0,1794.5,901.5,316.5,550.5,353.0,895.5,2611.0,3121.5,3203.5,3277.5,1771.5,841.5,334.0,545.0,355.5,897.5,2567.5,3002.5,3129.5,3269.5,2179.5,1224.0,715.5,891.5,696.5,1260.5,2371.5,2682.0,2786.5,2982.5,2607.0,1744.0,444.0,704.0,693.0,1231.0,1974.0,2251.0,2420.0,2594.0,3005.0,2254.0,526.0,700.0,974.0,1204.0,1362.0,1556.0,1791.0,1905.0,3207.5,2801.0,2381.5,2488.0,2771.0,3058.0,3048.0,3130.0,3218.0,3280.0,3252.0,2543.5,709.0,895.5,1206.0,1428.0,1538.5,1695.0,1907.5,2004.5,1393.5,1055.5,436.0,503.0,632.5,729.5,781.5,837.0,963.5,966.5,1690.0,1179.0,327.5,462.0,686.5,779.5,863.0,977.5,1135.0,1145.5,1650.0,1272.0,434.0,585.0,841.0,974.0,1070.0,1159.0,1238.0,1310.0,1565.0,1529.0,1235.0,1243.0,1275.0,1422.0,1605.0,1815.0,1289.0,2014.0,1888.0,1259.0,509.0,627.0,829.0,1013.0,1086.0,1220.0,1349.0,1435.0,0.0,0.0,0.0,0.0,0.0,0.0,0.0,0.0,0.0,0.0,207.0,228.0,10496.0,10420.0,10306.0,10566.0,10124.0,9567.0,9804.0,8974.0,197.0,156.0,5785.0,5765.0,5943.0,6179.0,5806.0,5706.0,5820.0,5307.0,1207.5,675.0,614.0,841.5,1175.5,1395.0,1523.5,1664.0,1866.5,1864.5,3773.5,3044.5,1189.5,1529.5,1997.0,2297.5,2402.0,2543.0,2779.0,2831.0,1677.0,1108.0,512.0,684.0,978.0,1117.0,1194.0,1313.0,1493.0,1487.0,1841.0,1247.0,615.0,806.0,1147.0,1332.0,1407.0,1521.0,1683.0,1752.0,"{""type"":""MultiPoint"",""coordinates"":[]}"
1705,5,2195.5,1483.5,605.0,863.5,1133.0,1393.5,1558.0,1676.0,1889.0,1903.5,4301.5,3694.0,1853.0,2137.0,2447.5,2830.0,3022.0,3173.5,3364.0,3399.0,2719.0,1961.0,891.0,1081.0,1412.0,1572.0,1649.0,1833.0,2012.0,2038.0,3148.0,2429.0,1341.0,1581.0,1760.0,2136.0,2258.0,2392.0,2375.0,2685.0,4600.5,4106.0,1710.0,2145.5,2571.0,2968.5,3030.0,3222.5,3417.0,3464.5,0.0,0.0,0.0,0.0,0.0,0.0,0.0,0.0,0.0,0.0,0.0,0.0,0.0,0.0,0.0,0.0,0.0,0.0,0.0,0.0,3008.0,2488.0,1420.0,1620.0,1657.0,2131.0,2721.0,3119.0,2700.0,3360.0,3971.0,3124.5,1070.0,1466.5,1593.0,2186.5,3154.5,3466.5,3481.0,3775.5,1674.0,859.0,781.0,783.0,623.0,1266.0,2822.0,3139.0,3183.0,3318.0,2379.0,1333.0,510.0,789.0,604.0,1247.0,2757.0,3354.0,3407.0,3537.0,2629.0,2018.0,790.0,1044.0,1323.0,1558.0,1702.0,1829.0,1966.0,2067.0,2756.0,1475.0,385.0,631.0,409.0,981.0,3923.0,5212.0,5241.0,5595.0,2054.0,925.0,429.0,579.0,339.0,793.5,3572.5,4987.0,5059.5,5130.5,2156.0,927.0,334.0,488.0,259.0,745.0,3789.0,5435.0,5336.0,5577.0,2288.5,970.0,446.0,588.5,356.5,831.5,3815.5,5458.5,5306.0,5691.5,2003.0,905.5,305.5,530.0,307.0,867.5,3688.5,4863.0,5063.0,5082.0,3356.0,2542.0,2968.0,2928.5,2675.0,3223.5,4410.0,4897.0,5197.5,5005.0,2275.0,1344.0,469.0,896.0,731.0,1615.0,2390.0,2703.0,2964.0,3142.0,2955.0,2174.0,558.0,716.0,952.0,1155.0,1277.0,1453.0,1586.0,1734.0,3038.0,2217.0,602.0,734.0,971.0,1180.0,1311.0,1473.0,1632.0,1791.0,3208.0,2215.0,830.0,1075.0,1494.0,1747.0,1970.0,2161.0,2342.0,2415.0,1518.5,1119.5,650.5,757.5,896.0,1074.5,1184.0,1276.0,1365.5,1412.0,3206.5,2266.0,928.0,1187.0,1497.5,1749.5,1994.5,2094.0,2346.0,2402.0,2370.0,1821.0,647.0,817.0,1094.0,1236.0,1307.0,1432.0,1541.0,1596.0,2650.5,2079.5,729.0,974.0,1289.5,1475.0,1582.5,1661.5,1912.0,1877.0,2296.0,1768.0,578.0,789.0,1025.0,1226.0,1297.0,1442.0,1609.0,1612.0,0.0,0.0,0.0,0.0,0.0,0.0,0.0,0.0,0.0,0.0,2184.0,1461.0,641.0,862.0,1095.0,1372.0,1524.0,1666.0,1847.0,1870.0,0.0,0.0,0.0,0.0,0.0,0.0,0.0,0.0,0.0,0.0,453.0,477.0,10386.0,10282.0,10214.0,10283.0,9916.0,9483.0,9828.0,9006.0,378.0,234.0,924.0,1110.0,1248.0,1536.0,1571.0,1587.0,1693.0,1638.0,2497.5,1709.0,781.5,1073.5,1304.5,1631.5,1811.5,1969.0,2178.0,2187.0,4719.0,4180.0,1664.0,2122.0,2539.0,2911.0,3099.0,3222.0,3562.0,3471.0,2816.0,2004.0,918.0,1187.0,1497.0,1772.0,1891.0,2022.0,2207.0,2248.0,3170.0,2428.0,1043.0,1351.0,1672.0,1984.0,2102.0,2231.0,2386.0,2455.0,"{""type"":""MultiPoint"",""coordinates"":[]}"
1707,5,2627.0,2324.5,1578.0,1706.5,1994.5,2189.5,2213.5,2277.0,2531.0,2473.5,3663.0,2711.0,1376.0,1615.0,1986.0,2187.0,2334.0,2435.0,2771.0,2717.0,2063.5,1419.0,984.5,1205.0,1485.5,1695.0,1798.5,2021.5,2222.0,2166.0,1800.0,1235.0,953.0,1155.0,1429.0,1597.0,1702.0,1930.0,2224.0,2186.0,4090.0,3238.0,1204.0,1559.0,1956.0,2289.0,2408.0,2582.0,2938.0,2821.0,4074.0,3797.0,1391.0,1734.0,2221.0,2458.0,2616.0,2597.0,2346.0,2885.0,0.0,0.0,0.0,0.0,0.0,0.0,0.0,0.0,0.0,0.0,4854.0,4662.5,1559.0,2087.0,2552.0,2897.5,2955.5,3071.5,3286.5,3306.0,5540.0,5424.0,1759.0,2291.0,2833.0,3208.0,3441.0,3680.0,3583.0,3880.0,5196.5,4508.0,1580.0,2116.0,2654.5,3098.0,3480.0,3761.0,3890.5,4054.0,3544.0,2439.0,1061.0,1279.0,1322.0,1768.0,2751.0,3154.0,3113.0,3410.0,2762.5,1890.0,1052.5,1261.5,1655.0,1822.5,1894.0,1988.0,2371.0,2261.0,3765.0,2774.0,881.0,1249.0,1253.0,1850.0,3351.0,3908.0,3838.0,4087.0,2775.0,1540.0,504.0,760.0,497.0,1120.0,3686.0,4605.0,4596.0,4766.0,2408.0,1060.0,335.5,506.0,265.5,742.0,4100.5,5600.5,5542.5,5875.5,2279.0,985.0,328.0,465.0,235.0,685.0,3815.0,5570.0,5323.0,5721.0,2178.0,914.0,316.0,456.0,242.0,666.0,3934.0,5388.0,5602.0,5634.0,1876.5,784.0,326.5,489.5,251.5,711.5,3604.0,4871.0,4701.0,5119.0,2383.0,1067.0,355.0,702.0,366.0,1221.0,4077.0,4762.0,4864.0,5009.0,2461.0,1358.5,644.0,1215.5,1078.5,2386.5,3582.5,3840.5,4054.0,4295.0,2619.0,1856.0,459.0,670.0,976.0,1338.0,1584.0,1785.0,2030.0,2254.0,2535.0,1779.0,481.0,654.0,926.0,1150.0,1322.0,1465.0,1682.0,1785.0,2501.0,1720.5,831.0,1081.5,1458.5,1537.0,1664.5,1825.0,2140.0,2045.0,2349.0,1649.5,501.0,677.5,907.0,1116.5,1260.5,1390.0,1646.5,1655.0,4998.0,4729.0,5403.0,5262.0,5224.0,5530.0,5376.0,5351.0,5696.0,5356.0,2327.5,1583.5,725.0,1001.5,1350.5,1581.5,1699.5,1802.5,2081.5,2067.5,3100.0,2277.0,886.0,1187.0,1548.0,1811.0,1914.0,2019.0,2201.0,2284.0,0.0,0.0,0.0,0.0,0.0,0.0,0.0,0.0,0.0,0.0,1189.5,760.0,562.5,633.5,730.0,851.5,921.0,975.0,1118.5,1044.0,3530.0,3386.0,3972.0,3795.0,3772.0,3828.0,3719.0,3681.0,4012.0,3661.0,1196.0,1143.0,7786.0,7886.0,8087.0,8379.0,8163.0,8021.0,8384.0,7782.0,2019.5,1408.0,1831.0,2047.5,2404.0,2474.0,2584.5,2698.0,2976.5,2905.5,2369.0,1627.0,944.0,1162.0,1527.0,1734.0,1807.0,1881.0,2176.0,2172.0,1763.0,1249.0,846.0,1040.0,1345.0,1471.0,1494.0,1757.0,1957.0,1930.0,1937.0,1330.0,1001.0,1176.0,1477.0,1673.0,1726.0,1845.0,2148.0,2076.0,3851.0,2998.5,1259.0,1562.5,1951.5,2154.5,2328.0,2477.0,2701.5,2701.0,"{""type"":""MultiPoint"",""coordinates"":[]}"
1708,3,2792.5,2049.5,879.5,1278.5,1637.5,1932.5,2077.5,2217.5,2450.5,2414.5,5793.0,5401.0,2154.0,2799.0,3446.0,3856.0,3956.0,4096.0,4210.0,4386.0,2803.0,2007.0,881.0,1159.0,1411.0,1744.0,1863.0,1996.0,2187.0,2218.0,3230.0,2166.0,1430.0,1692.0,1858.0,2336.0,2519.0,2689.0,2715.0,2919.0,4673.5,4122.5,1740.0,2338.0,2729.0,3186.5,3353.0,3504.0,3680.5,3703.0,1705.0,1272.0,1176.0,1360.0,1350.0,1520.0,1685.0,1767.0,1858.0,1761.0,3203.0,2931.0,3051.0,3015.0,2857.0,3185.0,3313.0,3383.0,3622.0,3515.0,1543.0,878.0,464.0,662.0,355.0,943.0,2399.0,3001.0,2864.0,2855.0,1578.0,812.0,273.0,509.0,216.0,792.0,2619.0,3514.0,3308.0,3499.0,1687.0,851.0,346.0,650.0,275.0,966.0,3160.0,4064.0,4031.0,4177.0,1660.0,819.0,331.0,571.0,254.0,792.0,2929.0,4288.0,4185.0,4332.0,3019.0,2429.0,1088.0,1456.0,1805.0,2124.0,2222.0,2340.0,2604.0,2528.0,1725.0,792.0,433.0,750.0,395.0,1001.0,3406.0,4611.0,4546.0,4912.0,1708.0,849.0,585.0,861.0,485.0,1249.0,3252.0,4358.0,4341.0,4552.0,1815.0,931.0,511.0,961.0,553.0,1580.0,3484.0,4238.0,4176.0,4467.0,1996.0,1060.0,654.0,1209.0,799.0,2014.0,3426.0,3989.0,3822.0,4182.0,3578.0,2494.5,1080.5,1468.0,1822.5,2222.5,2595.5,2909.0,2997.5,3150.5,4248.0,3259.0,1640.5,2021.0,2458.0,2937.5,3383.5,3691.5,3592.0,4000.5,2273.5,1545.5,840.0,1120.5,1514.0,1769.5,1866.0,2026.5,2145.5,2195.0,2004.5,1530.5,1008.0,1179.0,1383.5,1697.5,1893.5,2067.0,1781.5,2267.0,2661.5,1801.0,931.5,1170.0,1483.0,1812.5,1993.5,2138.5,2230.0,2340.0,2239.5,1503.5,748.5,1002.0,1221.0,1538.0,1735.5,1847.0,1952.0,2038.5,2981.5,2252.0,1077.5,1403.0,1712.5,2008.5,2184.0,2301.0,2577.5,2534.5,2341.5,1609.0,818.0,1109.5,1281.5,1634.0,1938.5,2123.0,2156.5,2335.5,2479.0,1732.0,774.0,1125.0,1390.0,1788.0,2051.0,2192.0,2315.0,2391.0,2132.0,1338.0,616.5,1014.0,1267.0,1693.0,1995.0,2127.0,2362.0,2332.0,2355.5,1503.0,665.0,1078.5,1281.5,1783.5,2127.0,2260.0,2417.5,2455.5,0.0,0.0,0.0,0.0,0.0,0.0,0.0,0.0,0.0,0.0,1961.0,1145.0,620.0,1026.0,1083.0,1662.0,2198.0,2367.0,2551.0,2546.0,3035.0,2733.0,2383.0,2391.0,2487.0,2688.0,2719.0,2796.0,2894.0,2918.0,674.0,733.0,10574.0,10328.0,10238.0,10325.0,9953.0,9471.0,9798.0,8987.0,1927.5,1825.0,5930.0,5905.5,5930.5,6273.5,6048.0,5869.0,5917.0,5657.5,2930.0,2121.0,886.0,1306.0,1576.0,2004.0,2275.0,2401.0,2670.0,2625.0,3452.5,2656.5,1194.5,1642.0,1949.0,2378.5,2591.0,2744.0,2980.0,2954.5,3104.0,2293.0,1008.0,1445.0,1806.0,2162.0,2273.0,2418.0,2594.0,2640.0,3020.0,2196.0,1031.0,1360.0,1762.0,1998.0,2088.0,2230.0,2380.0,2487.0,"{""type"":""MultiPoint"",""coordinates"":[]}"
1717,5,2100.0,1362.0,561.0,853.0,1321.0,1581.0,1768.0,1928.0,2205.0,2216.0,3923.5,3233.5,1038.5,1430.0,1784.0,2312.5,2685.5,2908.5,3098.0,3192.0,0.0,0.0,0.0,0.0,0.0,0.0,0.0,0.0,0.0,0.0,4231.0,3918.0,1022.0,1426.0,1887.0,2379.0,2948.0,3200.0,3277.0,3435.0,3062.0,2340.0,753.0,1141.0,1446.0,1893.0,2439.0,2653.0,2958.0,2896.0,0.0,0.0,0.0,0.0,0.0,0.0,0.0,0.0,0.0,0.0,0.0,0.0,0.0,0.0,0.0,0.0,0.0,0.0,0.0,0.0,4125.0,3286.0,1022.0,1413.0,1530.0,2012.0,3625.0,4418.0,4390.0,4758.0,3773.0,2702.5,921.0,1345.5,1413.0,1957.0,3962.0,4892.5,4970.5,5258.5,1070.0,497.0,619.0,679.0,548.0,790.0,1627.0,2078.0,1917.0,2181.0,0.0,0.0,0.0,0.0,0.0,0.0,0.0,0.0,0.0,0.0,3316.0,2607.0,831.0,1172.5,1712.5,1958.0,2169.5,2323.5,2672.0,2606.0,2731.5,1438.5,554.5,835.5,675.0,1219.0,3801.0,5087.0,4791.5,5453.0,0.0,0.0,0.0,0.0,0.0,0.0,0.0,0.0,0.0,0.0,2646.0,1447.0,432.0,698.0,667.0,1115.0,3465.0,4468.0,4485.0,5014.0,2522.5,1382.5,449.5,677.0,599.5,1061.5,3127.0,4056.0,4064.0,4396.5,3159.0,2171.0,486.0,798.0,928.0,1513.0,3009.0,3617.0,3575.0,3935.0,2951.5,2517.0,683.5,1062.0,1302.5,2045.0,3069.5,3554.0,2792.0,4029.0,2235.5,1725.0,400.0,576.5,786.0,1045.0,1239.0,1401.5,1476.0,1631.0,0.0,0.0,0.0,0.0,0.0,0.0,0.0,0.0,0.0,0.0,3950.0,3025.0,652.0,968.0,1356.0,1788.0,2201.0,2449.0,2530.0,2753.0,3151.0,2628.0,624.5,926.5,1368.5,1638.5,1925.0,2105.5,2225.5,2346.0,3325.0,2467.0,994.0,1306.0,1810.0,2040.0,2255.0,2470.0,2848.0,2780.0,2699.0,2040.5,600.0,879.5,1297.0,1584.5,1815.5,1960.5,2090.0,2196.0,3378.0,2717.0,820.0,1158.0,1651.0,1968.0,2130.0,2316.0,2560.0,2620.0,3679.0,3126.0,885.0,1356.0,1836.0,2123.0,2368.0,2571.0,3003.0,2951.0,3167.0,2497.0,650.0,1057.0,1513.0,1824.0,2081.0,2269.0,2438.0,2488.0,0.0,0.0,0.0,0.0,0.0,0.0,0.0,0.0,0.0,0.0,0.0,0.0,0.0,0.0,0.0,0.0,0.0,0.0,0.0,0.0,0.0,0.0,0.0,0.0,0.0,0.0,0.0,0.0,0.0,0.0,0.0,0.0,0.0,0.0,0.0,0.0,0.0,0.0,0.0,0.0,234.0,204.0,8281.0,8572.0,8636.0,8686.0,8422.0,8014.0,8237.0,7359.0,2972.0,2392.0,1609.0,1607.0,1734.0,1976.0,2123.5,2307.0,2785.0,2515.5,0.0,0.0,0.0,0.0,0.0,0.0,0.0,0.0,0.0,0.0,3234.5,2408.0,794.0,1117.5,1506.0,1856.5,2140.5,2331.5,2619.5,2595.5,3693.5,2967.0,960.0,1334.5,1778.0,2127.0,2436.5,2618.5,2945.5,2965.5,"{""type"":""MultiPoint"",""coordinates"":[]}"
1738,1,2673.0,1723.0,641.0,983.0,1148.0,1766.0,2398.0,2601.0,2981.0,2968.0,5568.0,5279.0,1987.0,2747.0,3318.0,3866.0,4015.0,4175.0,4499.0,4381.0,2739.0,2001.0,846.0,1148.0,1575.0,1817.0,1913.0,2039.0,2165.0,2185.0,3209.0,2569.0,956.0,1412.0,1645.0,2097.0,2324.0,2476.0,2619.0,2617.0,5933.0,5623.0,2140.0,2941.0,3521.0,4083.0,4327.0,4539.0,4685.0,4712.0,5864.5,5110.0,1853.0,2632.5,3083.5,3770.0,4413.5,4686.5,4910.0,4924.0,0.0,0.0,0.0,0.0,0.0,0.0,0.0,0.0,0.0,0.0,2731.0,1677.0,507.0,896.0,716.0,1344.0,2808.0,3282.0,3311.0,3415.0,0.0,0.0,0.0,0.0,0.0,0.0,0.0,0.0,0.0,0.0,1664.0,719.0,177.5,410.0,168.5,531.0,3069.0,4687.0,4732.0,4858.0,1947.0,925.0,568.0,735.0,464.0,839.0,3214.0,4921.0,4945.0,5205.0,2933.0,2002.0,710.0,1013.0,1243.0,1850.0,2452.0,2679.0,3061.0,2993.0,1656.0,658.0,277.0,463.0,271.0,593.0,2921.0,4427.0,4442.0,4703.0,1657.0,705.0,450.0,573.0,359.0,663.0,2875.0,4393.0,4458.0,4640.0,1807.0,802.0,374.0,635.0,365.0,816.0,3032.0,4249.0,4219.0,4525.0,2170.0,1124.0,469.5,769.0,620.5,1178.0,2505.5,3029.5,3044.5,3342.0,2430.0,1557.0,388.5,583.5,767.5,1083.5,1414.5,1641.5,1793.5,1905.0,0.0,0.0,0.0,0.0,0.0,0.0,0.0,0.0,0.0,0.0,3449.0,2398.5,638.0,902.0,1375.0,1688.0,1874.0,2088.0,2326.5,2412.5,4041.0,2794.0,914.0,1275.0,1784.0,2170.0,2412.0,2595.0,2727.0,2909.0,3810.0,2579.0,840.0,1212.5,1641.5,2049.0,2438.0,2668.0,2912.5,2978.5,3982.0,2782.5,1070.0,1588.5,1892.0,2360.5,2912.0,3114.5,3354.5,3400.5,0.0,0.0,0.0,0.0,0.0,0.0,0.0,0.0,0.0,0.0,3209.5,2229.0,760.5,1134.0,1411.0,1850.5,2341.0,2536.5,2749.0,2808.0,0.0,0.0,0.0,0.0,0.0,0.0,0.0,0.0,0.0,0.0,2879.0,1984.0,788.0,1149.0,1672.0,1992.0,2108.0,2276.0,2590.0,2527.0,3186.5,2300.5,906.0,1298.5,1751.5,2098.0,2266.5,2390.5,2587.0,2660.5,0.0,0.0,0.0,0.0,0.0,0.0,0.0,0.0,0.0,0.0,2980.0,2138.0,790.0,1145.0,1543.0,1861.0,2107.0,2241.0,2503.0,2468.0,0.0,0.0,0.0,0.0,0.0,0.0,0.0,0.0,0.0,0.0,457.0,503.0,10634.0,10340.0,10240.0,10353.0,10002.0,9558.0,10002.0,9197.0,0.0,0.0,0.0,0.0,0.0,0.0,0.0,0.0,0.0,0.0,2938.0,2027.0,602.0,961.0,1158.0,1650.0,2197.0,2412.0,2756.0,2685.0,3174.0,2154.0,764.0,1132.0,1380.0,1838.0,2212.0,2412.0,2737.0,2707.0,2994.0,2029.0,624.0,990.0,1295.0,1728.0,2049.0,2238.0,2554.0,2566.0,3124.0,2284.0,948.0,1349.0,1818.0,2083.0,2158.0,2347.0,2478.0,2499.0,"{""type"":""MultiPoint"",""coordinates"":[]}"
1743,3,2462.0,1887.0,729.0,1043.0,1300.0,1615.0,1740.0,1856.0,2105.0,2081.0,5562.5,5276.5,1884.5,2490.5,3099.5,3492.5,3673.5,3822.5,4015.0,4104.0,2957.0,2247.0,786.0,1037.0,1383.0,1627.0,1733.0,1882.0,2075.0,2090.0,3038.0,2380.0,1224.0,1478.0,1579.0,2021.0,2105.0,2251.0,2387.0,2448.0,3539.0,2890.0,947.0,1366.0,1680.0,2047.0,2226.0,2384.0,2647.0,2651.0,677.0,475.0,699.0,992.0,917.0,1516.0,1795.0,2049.0,1974.0,2046.0,0.0,0.0,0.0,0.0,0.0,0.0,0.0,0.0,0.0,0.0,2084.5,1172.0,595.5,751.0,459.5,1030.5,3234.5,4449.0,4317.5,4511.5,1834.5,893.5,375.5,594.5,272.5,862.0,3462.0,5012.5,4837.0,5124.5,1798.5,842.5,317.5,545.0,252.0,796.0,3308.5,5121.5,5058.5,5278.0,1248.5,578.0,666.5,656.0,376.5,727.5,2525.0,4104.5,3988.0,4302.0,3192.0,2573.0,900.0,1255.0,1595.0,1864.0,1979.0,2126.0,2339.0,2298.0,1485.5,662.5,345.0,643.5,321.0,1011.0,3243.5,4620.5,4597.0,5010.0,1525.5,757.0,592.5,854.5,550.5,1307.0,3300.5,4478.0,4541.5,4798.0,1632.0,855.0,606.0,925.0,649.0,1493.0,3413.0,4334.0,4346.0,4717.0,2040.0,1216.0,787.5,1079.5,900.5,1735.5,3132.0,3770.5,3728.0,4110.0,2220.5,1342.5,641.5,1060.0,1001.5,1840.0,2890.5,3293.5,3446.0,3699.5,3338.5,2258.0,1073.0,1484.0,1716.0,2460.5,3124.5,3486.5,3634.0,3901.5,3955.0,3075.0,1123.0,1428.0,1886.0,2228.0,2509.0,2674.0,2834.0,2929.0,2227.0,1358.0,650.0,914.0,1033.0,1504.0,2138.0,2369.0,2401.0,2574.0,3036.0,1930.0,682.0,998.0,1082.0,1634.0,2449.0,2753.0,2958.0,2941.0,3316.0,2184.0,774.0,1051.0,1156.0,1749.0,2526.0,2822.0,2977.0,3066.0,2418.0,2063.0,1984.5,2030.5,2027.5,2116.5,2147.5,2119.5,2516.0,2147.5,2751.0,1757.0,607.0,918.5,984.5,1602.5,2481.5,2764.5,2858.0,3070.5,2831.5,2126.5,1001.0,1357.0,1506.0,2264.5,2767.0,3053.5,3203.0,3362.5,2372.0,1479.5,605.0,950.5,1274.5,1781.0,2092.5,2305.5,2636.5,2643.0,2431.5,1592.5,691.0,1032.0,1458.0,1869.5,2083.0,2265.0,2512.0,2580.5,1044.0,670.0,815.0,858.0,939.0,1129.0,1229.0,1320.0,1413.0,1440.0,705.0,536.0,394.0,548.0,833.0,1068.0,1158.0,1263.0,1409.0,1382.0,0.0,0.0,0.0,0.0,0.0,0.0,0.0,0.0,0.0,0.0,527.0,564.0,10488.0,10268.0,10188.0,10298.0,9862.0,9409.0,9774.0,8926.0,1047.5,682.5,4602.5,4737.0,4978.5,5237.5,5113.0,4963.5,5117.0,4769.5,2541.0,1748.0,747.0,1052.0,1303.0,1616.0,1804.0,1935.0,2135.0,2163.0,2984.0,2355.0,761.0,1019.5,1325.0,1564.5,1670.0,1815.5,2017.0,2064.0,3074.5,2384.0,791.0,1137.0,1444.5,1746.0,1897.0,2051.5,2284.5,2261.0,2990.0,2332.0,878.0,1190.0,1501.0,1849.0,2017.0,2181.0,2362.0,2381.0,"{""type"":""MultiPoint"",""coordinates"":[]}"
1751,5,1722.0,1278.0,432.0,577.0,719.0,902.0,1140.0,1217.0,1377.0,1384.0,3664.0,3329.0,913.5,1262.0,1742.0,1961.0,2072.0,2206.0,2372.0,2410.5,1939.0,1413.0,548.0,685.0,935.0,1061.0,1143.0,1225.0,1335.0,1360.0,1894.0,1358.0,472.5,612.5,821.0,979.0,1053.5,1148.5,1198.0,1301.0,3184.0,2801.5,811.0,1100.0,1485.0,1733.0,1882.0,2016.5,2129.0,2204.5,5124.5,4560.5,2277.5,2763.0,3182.5,3836.0,4435.5,4745.0,4229.0,4948.5,4738.0,4509.0,3996.0,3948.0,3904.0,4464.0,4969.0,5158.0,4919.0,5281.0,1408.5,1272.0,1727.5,2105.5,2233.5,2301.5,1647.0,1647.5,1449.0,1530.5,3695.0,3266.0,3924.0,4145.0,4351.0,4569.0,4233.0,4130.0,4009.0,4052.0,4296.0,4106.5,1076.0,1494.5,2038.0,2371.5,2509.5,2673.5,2723.0,2915.5,4136.0,3832.0,1005.0,1378.0,1778.0,2168.0,2555.0,2815.0,2772.0,2970.0,1827.0,1448.0,483.0,602.0,786.0,958.0,1184.0,1267.0,1434.0,1398.0,1006.0,720.0,477.0,531.0,518.0,661.0,760.0,827.0,780.0,834.0,3958.0,2822.0,956.0,1260.0,1334.0,1942.0,2905.0,3245.0,3216.0,3552.0,1750.0,899.0,328.0,566.0,422.0,872.0,2598.0,2984.0,2897.0,3079.0,2231.0,1029.5,249.0,440.5,308.0,742.0,3530.0,4338.0,4150.0,4514.5,1992.5,930.5,187.0,357.5,172.0,620.0,3511.0,4538.5,4566.0,4669.0,2291.5,982.0,295.5,496.5,225.0,792.5,4100.5,5163.0,5138.5,5456.5,2039.0,943.0,285.0,469.0,221.0,744.0,3519.0,4182.0,4325.0,4395.0,2067.0,1114.0,357.0,875.0,688.0,1786.0,2737.0,2982.0,3078.0,3299.0,2747.0,2058.0,501.0,695.0,977.0,1250.0,1425.0,1605.0,1778.0,1937.0,3072.0,2540.0,634.0,790.0,1103.0,1304.0,1419.0,1587.0,1696.0,1824.0,0.0,0.0,0.0,0.0,0.0,0.0,0.0,0.0,0.0,0.0,3288.5,2555.0,817.5,1029.5,1411.5,1628.5,1740.5,1886.5,2072.5,2158.5,1470.0,1177.0,706.0,714.0,773.0,876.0,899.0,903.0,989.0,1060.0,2539.5,1832.5,642.0,856.0,1149.5,1326.5,1496.0,1595.5,1853.0,1823.5,2590.0,1933.0,664.0,876.0,1113.0,1307.0,1453.0,1565.0,1718.0,1754.0,0.0,0.0,0.0,0.0,0.0,0.0,0.0,0.0,0.0,0.0,2260.0,1585.0,609.0,782.0,837.0,1167.0,1644.0,1771.0,1885.0,1920.0,0.0,0.0,0.0,0.0,0.0,0.0,0.0,0.0,0.0,0.0,68.0,75.0,9746.0,9787.0,9811.0,9982.0,9492.0,8813.0,8998.0,8145.0,0.0,0.0,0.0,0.0,0.0,0.0,0.0,0.0,0.0,0.0,1953.0,1378.0,493.0,646.0,859.0,1049.0,1238.0,1358.0,1527.0,1526.0,2218.0,1789.0,499.0,716.0,979.0,1145.0,1226.0,1361.0,1524.0,1518.0,1960.0,1439.5,458.0,622.0,879.0,1024.0,1104.5,1183.0,1311.5,1352.0,1956.0,1408.0,568.0,773.0,1065.0,1256.0,1324.0,1427.0,1535.0,1586.0,"{""type"":""MultiPoint"",""coordinates"":[]}"
1769,5,2313.0,1548.0,638.0,878.0,1128.0,1461.0,1794.0,1988.0,2241.0,2203.0,4047.0,3233.0,1143.0,1527.0,1929.0,2331.0,2521.0,2687.0,2824.0,2918.0,2873.5,1960.0,833.5,1133.0,1418.0,1818.0,1993.5,2171.5,2330.0,2412.0,2971.0,1961.0,931.0,1225.0,1404.0,1891.0,2197.0,2368.0,2480.0,2600.0,3335.0,2835.0,915.0,1274.0,1606.0,1935.0,2150.0,2302.0,2458.0,2479.0,3556.0,2974.0,1130.0,1483.0,1676.0,2150.0,2536.0,2690.0,2728.0,2867.0,0.0,0.0,0.0,0.0,0.0,0.0,0.0,0.0,0.0,0.0,3180.0,1916.0,447.0,817.0,576.0,1407.0,3774.0,4556.0,4438.0,4810.0,3021.0,1594.0,290.0,665.0,349.0,1176.0,4495.0,5903.0,5718.0,6152.0,2664.5,1347.5,405.0,683.5,319.5,978.5,4341.0,5936.0,5981.5,6185.5,4105.0,2747.0,4876.0,4486.0,3871.0,4316.0,5590.0,6299.0,6266.0,6619.0,2781.0,2125.0,817.0,1040.0,1307.0,1632.0,1990.0,2142.0,2386.0,2337.0,2158.0,865.0,384.0,496.0,277.0,721.0,3954.0,5709.0,5660.0,6195.0,2419.0,1032.0,440.0,569.0,307.0,791.0,4209.0,5893.0,6004.0,6190.0,2468.0,1023.0,440.0,670.0,291.0,1011.0,4582.0,6343.0,6303.0,6719.0,2332.0,1017.0,382.0,621.0,295.0,1000.0,4051.0,4894.0,4673.0,5079.0,2266.0,1098.0,402.0,867.0,495.0,1478.0,3022.0,3365.0,3634.0,3819.0,2567.0,1474.0,507.0,916.0,997.0,1809.0,2423.0,2713.0,2935.0,3246.0,2969.5,2409.0,532.5,665.0,973.5,1160.0,1268.0,1418.0,1586.5,1710.5,2892.5,2244.0,1212.0,1357.0,1567.0,1876.5,2070.0,2248.5,2250.5,2422.0,4787.0,4336.0,1388.0,1883.0,2305.0,2783.0,2991.0,3163.0,3241.0,3372.0,4536.0,4053.0,1367.0,1834.0,2247.0,2718.0,2950.0,3116.0,3251.0,3341.0,2587.5,1852.0,703.0,997.5,1238.0,1604.5,2014.0,2198.0,2459.5,2423.5,4016.0,3582.0,1324.0,1733.0,1976.0,2383.0,2713.0,2891.0,3168.0,3045.0,0.0,0.0,0.0,0.0,0.0,0.0,0.0,0.0,0.0,0.0,2798.5,2111.5,591.5,939.0,1102.5,1527.0,1969.0,2152.5,2358.0,2344.0,2990.0,2308.0,674.5,1035.0,1166.5,1648.0,2202.0,2419.5,2605.5,2614.0,0.0,0.0,0.0,0.0,0.0,0.0,0.0,0.0,0.0,0.0,2282.0,1499.0,547.0,790.0,808.0,1247.0,2093.0,2391.0,2579.0,2538.0,3889.0,3729.0,2719.0,2708.0,2854.0,3072.0,3215.0,3283.0,3481.0,3428.0,1120.0,1222.0,10787.0,10454.0,10504.0,10626.0,10307.0,9928.0,10358.0,9571.0,1828.0,1213.0,1575.5,1837.5,2032.0,2337.5,2677.0,2776.0,2953.5,2877.0,2610.0,2037.0,661.0,926.0,1120.0,1534.0,2023.0,2344.0,2424.0,2577.0,2690.5,1867.0,751.5,1094.5,1184.0,1745.5,2446.0,2670.0,2908.5,2892.5,2661.5,1757.5,731.0,1177.5,1330.0,1957.5,2403.5,2553.0,2839.0,2773.0,3007.0,2140.0,1092.0,1458.0,1928.0,2345.0,2492.0,2727.0,2987.0,3015.0,"{""type"":""MultiPoint"",""coordinates"":[]}"
1781,3,135.5,83.5,1495.0,1883.5,2232.5,2426.5,2225.5,2257.5,2260.5,2088.0,2981.5,2489.0,1536.5,1659.0,1898.0,2076.0,2215.0,2344.0,2378.5,2563.0,0.0,0.0,0.0,0.0,0.0,0.0,0.0,0.0,0.0,0.0,2749.5,2356.5,886.0,1047.5,1286.0,1485.0,1547.5,1654.5,1746.5,1842.0,2272.5,1688.5,677.5,853.5,1080.0,1268.0,1386.0,1479.0,1625.0,1676.5,0.0,0.0,0.0,0.0,0.0,0.0,0.0,0.0,0.0,0.0,0.0,0.0,0.0,0.0,0.0,0.0,0.0,0.0,0.0,0.0,0.0,0.0,0.0,0.0,0.0,0.0,0.0,0.0,0.0,0.0,1690.5,856.0,702.5,779.0,407.5,936.5,2546.5,3279.0,3415.0,3239.0,537.0,236.5,263.0,301.5,128.5,323.5,1124.0,1589.0,1490.0,1556.0,1839.5,957.5,739.0,897.5,574.5,1183.0,3673.0,5100.0,4860.0,5327.0,121.0,83.5,704.5,930.0,1093.0,1288.5,1166.5,1219.5,1278.5,1163.0,1280.0,583.0,204.5,428.0,191.5,682.5,2725.0,3840.0,3701.0,4007.5,0.0,0.0,0.0,0.0,0.0,0.0,0.0,0.0,0.0,0.0,5048.5,4515.5,4297.0,4397.0,4409.0,5170.5,6011.5,6472.0,6008.0,6605.5,1868.0,1027.0,532.5,957.0,798.5,1677.0,2687.0,3058.5,2995.5,3315.0,2173.5,1223.5,503.0,963.5,939.5,1803.5,2583.0,2901.5,2895.0,3221.0,2474.5,1495.0,635.0,1006.5,1262.5,1880.0,2347.0,2676.0,2769.0,3007.5,2912.0,2484.5,896.5,1029.5,1326.5,1545.5,1622.0,1779.0,1953.5,2026.0,2470.5,1783.0,1619.5,1718.0,1812.5,2147.0,2465.5,2694.5,2522.5,2946.0,2717.5,2118.0,638.0,896.5,1066.5,1394.5,1635.5,1779.0,1828.5,1985.5,2229.5,1640.0,516.5,737.5,886.5,1218.0,1514.0,1646.5,1771.0,1863.5,1517.0,1332.5,1339.0,1361.5,1429.5,1574.0,1599.5,1646.5,1843.0,1708.5,1522.5,990.5,379.0,555.5,651.5,964.0,1268.0,1371.5,1499.5,1526.0,1951.0,1396.0,554.0,734.5,937.0,1223.0,1381.0,1532.0,1638.5,1697.5,667.0,465.0,358.0,547.5,676.0,966.0,1065.0,1145.5,1219.0,1238.0,596.0,381.0,311.0,569.5,728.0,1064.5,1153.5,1248.0,1320.0,1359.5,0.0,0.0,0.0,0.0,0.0,0.0,0.0,0.0,0.0,0.0,0.0,0.0,0.0,0.0,0.0,0.0,0.0,0.0,0.0,0.0,0.0,0.0,0.0,0.0,0.0,0.0,0.0,0.0,0.0,0.0,0.0,0.0,0.0,0.0,0.0,0.0,0.0,0.0,0.0,0.0,205.0,180.5,9076.5,9122.0,9160.0,9447.5,8804.5,8466.0,8509.0,7821.0,2849.0,2564.0,2322.5,2256.5,2342.5,2622.5,2703.5,2798.5,3014.5,2966.0,0.0,0.0,0.0,0.0,0.0,0.0,0.0,0.0,0.0,0.0,1542.5,890.5,649.5,850.0,1022.5,1260.0,1365.5,1479.5,1618.5,1616.5,2659.5,2145.0,805.0,1013.0,1275.0,1490.5,1601.5,1734.0,1860.5,1914.5,"{""type"":""MultiPoint"",""coordinates"":[]}"
1787,3,3278.0,2945.0,2508.0,2484.0,2587.0,2803.0,2830.0,2857.0,3052.0,2930.0,4557.0,4170.0,1745.0,2165.0,2566.0,2831.0,2909.0,3019.0,3132.0,3219.0,1913.0,1277.0,825.0,1022.0,1213.0,1407.5,1443.0,1539.5,1652.0,1693.0,2063.0,1457.0,954.0,1150.0,1327.0,1510.0,1573.0,1697.0,1794.0,1788.0,4597.0,4260.0,1820.0,2238.0,2615.0,2921.0,3059.0,3144.0,3351.0,3387.0,1298.0,1121.0,960.0,1015.0,990.0,1078.0,1065.0,1102.0,1072.0,1105.0,0.0,0.0,0.0,0.0,0.0,0.0,0.0,0.0,0.0,0.0,1372.0,975.0,1015.0,1236.0,981.0,1606.5,2175.0,2452.5,2436.5,2225.0,1513.5,793.0,242.0,580.5,268.0,904.5,2569.0,3121.0,3013.0,3077.0,1496.0,716.0,250.0,501.5,198.0,787.0,2754.0,3884.5,3695.0,3746.0,1533.0,742.0,467.0,637.0,373.0,892.0,3124.0,4682.0,4641.0,4889.0,2751.0,2029.0,644.0,837.0,1045.0,1267.0,1381.0,1572.0,1758.0,1756.0,1258.0,572.0,341.0,490.0,241.0,706.0,2661.0,4043.0,3863.0,4154.0,1498.0,717.0,511.0,767.0,407.0,1108.0,3180.0,4393.0,4397.0,4606.0,1476.5,728.5,453.5,801.0,465.5,1288.0,3287.0,4207.5,4114.5,4408.5,1796.0,937.0,633.5,1035.0,770.0,1756.5,3410.0,4091.5,3945.0,4393.5,3084.5,2075.0,947.0,1292.5,1810.5,2357.0,2658.5,2983.0,3172.5,3389.0,3968.0,2751.0,2721.5,2728.5,2886.0,3291.0,3452.5,3584.5,4130.5,3699.0,2927.5,2062.5,927.5,1110.0,1523.5,1807.0,1972.5,2191.5,2261.5,2417.5,3241.0,2584.0,2190.0,2148.0,2303.5,2739.5,2933.5,3034.5,2948.0,3194.5,3252.0,2160.0,800.0,1039.0,1390.0,1675.0,1948.0,2103.0,2258.0,2333.0,3295.0,2178.0,801.0,1044.0,1353.0,1709.0,1965.0,2134.0,2263.0,2377.0,3388.0,2804.0,782.0,999.0,1251.0,1426.0,1602.0,1739.0,1880.0,1919.0,3053.0,2052.0,808.5,1036.0,1368.0,1654.5,1881.0,2007.0,2268.0,2304.0,954.0,661.0,522.0,639.0,890.0,880.0,924.0,1187.0,1316.0,1292.0,1244.5,902.5,390.5,584.0,816.5,958.5,1028.0,1158.5,1271.0,1205.0,1233.0,876.0,485.0,592.0,755.0,965.0,1023.0,1174.0,1211.0,1253.0,3155.0,2380.0,3172.0,3496.0,3647.0,3934.0,3742.0,3677.0,3193.0,3643.0,1138.5,787.0,545.5,671.0,804.5,1070.5,1155.0,1174.0,1264.5,1260.0,0.0,0.0,0.0,0.0,0.0,0.0,0.0,0.0,0.0,0.0,1038.0,1133.0,10550.0,10248.0,10178.0,10204.0,9849.0,9536.0,9866.0,9121.0,1050.0,622.5,1877.5,1922.0,2053.5,2273.0,2228.0,2340.5,2412.5,2389.0,3119.0,2538.0,838.0,1009.0,1182.0,1467.0,1643.0,1782.0,1932.0,1972.0,2560.0,1915.5,776.5,953.5,1065.5,1359.5,1645.0,1742.5,1928.5,1947.0,2313.0,1525.0,632.0,839.0,951.0,1231.0,1480.0,1609.0,1790.0,1880.0,2921.5,2248.5,1016.0,1175.5,1355.5,1644.0,1855.0,1999.5,2154.0,2181.0,"{""type"":""MultiPoint"",""coordinates"":[]}"
1807,1,1709.0,1077.0,687.0,980.0,1201.0,1536.0,1821.0,1954.0,2218.0,2149.0,4191.0,3503.0,1406.5,1984.0,2135.5,2742.5,3117.0,3251.5,3528.5,3454.0,2980.0,2132.0,906.0,1252.0,1602.0,1926.0,2117.0,2259.0,2462.0,2504.0,4448.5,3827.5,1399.0,1972.5,2264.0,2840.0,3179.5,3385.5,3541.5,3632.5,5294.5,4681.0,1916.0,2582.0,3097.5,3585.5,3928.5,4158.5,4319.0,4401.0,941.0,757.0,561.0,586.0,547.0,663.0,832.0,927.0,963.0,927.0,3649.5,2735.5,2361.0,2541.0,2340.0,2805.0,3966.0,4459.5,4610.0,4511.5,1974.5,904.5,254.0,444.0,207.0,586.5,3194.0,4892.5,4868.0,5052.0,1714.0,746.0,253.0,395.0,217.0,508.0,3018.0,5132.0,5000.0,5405.0,1981.0,971.5,481.5,611.5,393.0,751.0,3103.5,4866.5,4877.0,5197.5,1868.5,758.0,442.5,555.0,348.0,687.0,3137.0,5057.5,4990.5,5400.0,2758.0,2021.0,739.0,1082.0,1361.0,1682.0,1943.0,2091.0,2331.0,2295.0,1084.5,448.0,245.0,349.5,206.0,428.0,1888.5,2861.0,2840.5,3083.0,1946.0,950.5,367.5,593.5,442.0,921.5,2659.0,3606.0,3842.5,4094.0,3333.0,2129.0,529.0,822.0,991.0,1386.0,2235.0,2679.0,2802.0,3275.0,3415.0,2877.5,1335.5,1490.5,1644.0,2178.5,2837.0,3151.0,2911.0,3351.0,3640.0,2985.0,801.5,1114.5,1436.5,1848.0,2270.5,2532.5,2741.5,2978.0,4796.0,3199.0,1018.0,1466.0,2216.0,2686.0,2934.0,3223.0,3484.0,3773.0,4768.5,3613.0,1070.0,1462.0,2157.0,2561.0,2707.0,2981.0,3164.0,3398.5,4258.0,3112.0,1005.5,1306.5,1804.0,2179.0,2364.5,2594.5,2695.0,2941.5,3753.0,2701.0,829.0,1123.0,1502.0,1916.5,2211.0,2439.5,2649.0,2749.0,3333.5,2131.5,701.0,1064.5,1263.0,1750.0,2208.5,2438.5,2674.0,2733.0,3439.5,2907.5,1886.0,2082.0,2212.5,2532.5,2796.5,2910.5,3131.0,3070.5,3205.0,2110.0,668.0,990.0,1215.0,1717.0,2257.0,2461.0,2793.0,2836.0,3267.0,2171.0,762.0,1069.0,1290.0,1781.0,2374.0,2638.0,2879.0,2943.0,2636.5,1651.5,571.5,940.0,1131.0,1672.5,2428.0,2752.0,3081.5,3063.5,3050.0,1956.0,615.0,1006.0,1182.0,1738.0,2670.0,3030.0,3284.0,3275.0,0.0,0.0,0.0,0.0,0.0,0.0,0.0,0.0,0.0,0.0,2566.0,1647.0,579.0,952.0,867.0,1569.0,2889.0,3195.0,3508.0,3517.0,0.0,0.0,0.0,0.0,0.0,0.0,0.0,0.0,0.0,0.0,721.0,774.0,10472.0,10228.0,10146.0,10200.0,9836.0,9390.0,9782.0,8960.0,173.0,137.0,5172.0,5395.0,5360.0,5576.0,5136.0,5037.0,5360.0,4848.0,2481.5,1584.5,636.5,1018.5,1132.0,1654.0,2168.0,2365.5,2603.5,2611.5,3003.0,2084.0,814.0,1259.5,1333.5,1970.0,2492.5,2692.0,2912.5,2909.0,2621.0,1679.0,709.0,1176.0,1431.0,1972.0,2238.0,2358.0,2574.0,2604.0,3056.0,2208.0,817.0,1229.0,1486.0,1921.0,2147.0,2288.0,2505.0,2517.0,"{""type"":""MultiPoint"",""coordinates"":[]}"
1835,2,2152.0,1650.0,411.0,559.0,825.0,1004.0,1081.5,1253.0,1418.5,1421.5,4143.5,3712.5,1032.5,1423.0,1776.0,2214.5,2679.5,2854.5,3044.0,3126.5,2417.5,1744.5,540.0,782.0,854.0,1306.0,1820.5,1981.0,2134.5,2173.5,3540.0,2853.0,1767.0,1930.0,2151.0,2453.0,2749.5,2912.0,3081.0,3092.5,0.0,0.0,0.0,0.0,0.0,0.0,0.0,0.0,0.0,0.0,4679.5,4075.0,1588.0,1917.5,2364.5,2860.5,3136.0,3369.0,3586.0,3665.0,0.0,0.0,0.0,0.0,0.0,0.0,0.0,0.0,0.0,0.0,4096.5,3632.0,979.0,1379.0,1503.0,2153.0,3013.0,3303.5,3483.5,3558.0,2977.5,2092.5,586.5,898.5,1039.0,1494.5,2286.5,2511.0,2722.5,2684.5,4348.5,3235.0,1026.5,1350.5,1443.0,2091.5,3639.0,4152.0,4248.5,4531.5,3506.0,2343.5,665.0,977.5,854.5,1525.0,3751.0,4400.0,4439.0,4574.5,2990.0,2698.0,694.0,872.0,1185.5,1429.0,1531.5,1724.5,1894.5,1909.5,3071.5,1766.0,591.0,827.5,661.5,1281.5,3838.0,4750.0,4645.5,4923.5,2712.5,1525.5,573.5,783.0,577.0,1131.5,3936.5,4815.5,4956.0,5044.5,0.0,0.0,0.0,0.0,0.0,0.0,0.0,0.0,0.0,0.0,1638.5,879.5,403.5,515.0,375.0,722.5,2501.0,3147.0,3071.0,3354.0,2479.5,1349.0,419.0,626.0,499.5,1084.5,3348.5,3989.0,4259.0,4304.5,0.0,0.0,0.0,0.0,0.0,0.0,0.0,0.0,0.0,0.0,2782.5,1778.0,565.5,714.0,805.0,1360.5,2365.0,2689.0,2908.0,3197.5,2764.0,1960.0,732.5,838.5,936.0,1302.0,1700.5,1987.0,2006.5,2215.5,2972.0,2342.0,723.5,836.0,1056.5,1297.0,1480.5,1660.5,1885.0,1958.5,3149.5,2536.0,805.0,912.5,1147.5,1408.0,1580.5,1722.5,1938.5,2061.5,0.0,0.0,0.0,0.0,0.0,0.0,0.0,0.0,0.0,0.0,3475.5,3243.0,882.0,1178.5,1639.5,1894.5,2047.5,2149.0,2312.0,2375.5,0.0,0.0,0.0,0.0,0.0,0.0,0.0,0.0,0.0,0.0,2136.5,1677.0,385.0,580.0,884.5,1061.0,1176.5,1267.5,1433.5,1483.5,1967.0,1469.5,351.5,579.0,839.0,1042.5,1163.0,1276.0,1453.5,1421.5,0.0,0.0,0.0,0.0,0.0,0.0,0.0,0.0,0.0,0.0,2292.5,1868.0,519.5,676.5,941.5,1176.0,1337.5,1432.5,1625.0,1620.5,0.0,0.0,0.0,0.0,0.0,0.0,0.0,0.0,0.0,0.0,1079.0,1074.5,8631.0,8463.5,8575.5,8747.5,8671.5,8563.5,8769.0,8165.5,1281.5,1243.0,751.5,747.0,742.5,800.5,827.0,928.5,1125.0,1079.0,2503.5,1990.0,470.0,618.0,927.0,1149.5,1274.5,1414.5,1591.5,1655.5,0.0,0.0,0.0,0.0,0.0,0.0,0.0,0.0,0.0,0.0,2135.5,1577.5,414.0,602.0,901.0,1170.0,1318.0,1439.5,1599.5,1671.5,3989.5,3574.0,999.0,1311.5,1690.5,2107.5,2301.0,2546.0,2619.0,2837.0,"{""type"":""MultiPoint"",""coordinates"":[]}"
1839,61,2368.0,1574.5,803.5,1075.5,1552.5,1775.0,1906.0,2031.0,2308.5,2315.5,4294.5,3313.5,1441.5,1764.0,2192.0,2544.5,2634.5,2822.5,2960.5,3118.0,2371.5,1582.5,1069.0,1293.5,1630.5,1906.5,2010.5,2219.0,2468.0,2475.5,963.0,664.0,951.5,1047.5,1260.0,1427.0,1329.5,1424.0,1389.0,1390.0,3233.0,2469.0,930.0,1207.0,1474.0,1795.0,1948.0,2098.0,2366.0,2336.0,3408.0,2684.0,1952.0,1651.0,1657.0,1855.0,1892.0,2091.0,2654.0,2295.0,0.0,0.0,0.0,0.0,0.0,0.0,0.0,0.0,0.0,0.0,3901.5,3411.0,1275.5,1572.5,1876.5,2187.0,2342.0,2461.5,2687.5,2772.5,4416.0,4153.0,1624.0,1884.0,2324.0,2568.0,2696.0,2940.0,2890.0,3103.0,4781.0,4354.0,1657.5,2000.5,2563.0,2911.0,2980.5,3239.0,3361.0,3492.5,4987.0,4425.0,1597.0,1988.0,2366.0,2908.0,3123.0,3453.0,3520.0,3762.0,3020.5,2220.0,1103.5,1398.0,1851.0,2109.0,2214.5,2349.5,2621.5,2601.0,5556.0,5153.0,2061.0,2451.0,2962.0,3407.0,3650.0,3956.0,3907.0,4280.0,5377.0,4962.0,1962.0,2358.0,2867.0,3379.0,3698.0,3952.0,4033.0,4252.0,4215.0,3830.0,1485.0,1804.5,2230.0,2601.0,2706.5,2951.5,2897.5,3155.0,4295.0,3876.0,1329.0,1719.0,1946.0,2540.0,2790.0,2923.0,3005.0,3173.0,4870.0,4426.0,1720.0,2161.0,2568.0,3112.0,3223.0,3397.0,3590.0,3654.0,4172.0,3750.0,1600.5,1946.5,2334.0,2752.5,2866.5,3008.0,3045.5,3275.0,4986.5,4657.0,1919.5,2311.0,2761.0,3191.5,3303.0,3430.0,3631.0,3683.0,2595.0,1764.5,785.0,1042.5,1108.5,1554.5,1755.0,1873.0,1955.0,2100.0,4836.0,4363.0,1544.0,2028.0,2242.0,2985.0,3233.0,3438.0,3702.0,3657.0,4768.0,4362.0,1630.0,2099.0,2376.0,2990.0,3196.0,3378.0,3549.0,3633.0,3185.0,2392.0,1293.5,1588.0,2048.0,2310.5,2387.5,2564.5,2894.0,2829.5,4433.0,4106.0,1469.0,1869.0,2195.0,2686.0,2878.0,3076.0,3360.0,3337.0,2177.0,1528.0,667.0,876.0,1088.0,1389.0,1593.0,1706.0,1919.0,1893.0,2300.5,1558.5,551.5,827.5,972.0,1334.5,1694.5,1836.5,2037.0,2035.0,2450.0,1888.0,630.0,891.0,1041.0,1505.0,1897.0,1961.0,2090.0,2268.0,3562.0,3010.0,3393.0,3444.0,3705.0,4370.0,4201.0,4157.0,3666.0,4081.0,573.5,337.0,787.5,999.0,1002.5,1276.5,1368.0,1459.0,1525.5,1354.0,0.0,0.0,0.0,0.0,0.0,0.0,0.0,0.0,0.0,0.0,1122.0,1163.0,9814.0,9510.0,9590.0,9913.0,9435.0,9252.0,9560.0,9000.0,2531.5,1827.0,1594.5,1852.5,2369.5,2632.0,2713.5,2782.5,2945.0,2972.0,2235.0,1619.0,926.0,1213.0,1520.0,1765.0,1785.0,1848.0,2023.0,1974.0,2805.5,2128.5,1142.0,1397.5,1757.0,1993.0,2096.0,2215.0,2481.0,2441.0,2501.0,1770.0,984.0,1248.0,1614.0,1858.0,1959.0,2090.0,2367.0,2332.0,3939.0,3117.5,1375.0,1654.0,2055.0,2390.0,2458.0,2641.5,2836.5,2879.0,"{""type"":""MultiPoint"",""coordinates"":[]}"
1842,1,2407.5,1769.5,654.5,898.0,1153.0,1372.5,1568.5,1719.5,1916.5,1857.0,5162.0,4849.0,1602.0,2076.5,2649.5,2957.0,3104.0,3276.5,3530.5,3523.5,2624.5,1926.0,714.5,936.0,1214.0,1448.0,1563.5,1713.5,1867.0,1917.5,4188.5,3459.5,2603.5,2795.5,2966.5,3290.5,3655.0,3858.5,3723.0,3916.0,0.0,0.0,0.0,0.0,0.0,0.0,0.0,0.0,0.0,0.0,3099.0,2444.0,820.5,1115.5,1195.0,1547.0,2538.0,2982.5,3033.5,3135.5,0.0,0.0,0.0,0.0,0.0,0.0,0.0,0.0,0.0,0.0,1736.5,793.5,323.0,478.0,273.5,577.5,2915.5,4499.5,4564.0,4573.0,0.0,0.0,0.0,0.0,0.0,0.0,0.0,0.0,0.0,0.0,1483.0,597.0,367.0,460.5,285.0,534.0,2619.0,4351.0,4463.0,4544.0,1526.5,616.0,328.5,443.0,293.0,567.5,2469.0,4128.5,4149.5,4400.0,2952.0,2525.0,837.5,1094.0,1398.0,1628.0,1834.0,1962.0,2172.0,2122.5,1628.5,648.5,399.0,484.5,296.5,594.0,2674.0,4534.5,4415.0,4794.0,1497.5,636.0,340.5,500.5,307.5,674.0,2615.0,3914.0,3928.0,4155.0,0.0,0.0,0.0,0.0,0.0,0.0,0.0,0.0,0.0,0.0,1649.0,907.5,375.0,553.0,458.5,826.5,1676.0,2031.5,2064.5,2308.0,2435.0,1779.5,384.0,527.5,744.0,969.5,1104.0,1282.5,1443.5,1538.0,0.0,0.0,0.0,0.0,0.0,0.0,0.0,0.0,0.0,0.0,2462.0,1930.0,451.0,548.0,728.5,903.5,1011.5,1139.0,1283.0,1348.0,0.0,0.0,0.0,0.0,0.0,0.0,0.0,0.0,0.0,0.0,3149.5,2615.0,772.5,1062.0,1510.5,1732.5,1833.5,2017.0,2214.0,2241.0,3170.5,2731.5,915.5,1230.5,1574.0,1834.0,2038.0,2200.5,2299.5,2381.5,0.0,0.0,0.0,0.0,0.0,0.0,0.0,0.0,0.0,0.0,3928.5,3320.0,1006.5,1397.0,1803.0,2195.0,2408.0,2605.5,2851.5,2869.0,0.0,0.0,0.0,0.0,0.0,0.0,0.0,0.0,0.0,0.0,2079.5,1405.0,513.5,753.0,1146.5,1327.0,1408.0,1557.0,1762.0,1789.0,1423.0,912.5,344.5,531.0,745.5,837.5,895.5,967.0,1081.0,1121.0,0.0,0.0,0.0,0.0,0.0,0.0,0.0,0.0,0.0,0.0,2435.0,1843.5,661.5,900.0,1262.0,1453.0,1522.0,1665.5,1890.0,1900.0,0.0,0.0,0.0,0.0,0.0,0.0,0.0,0.0,0.0,0.0,922.5,1041.5,10411.0,10201.0,10237.5,10391.0,10053.5,9694.0,10147.5,9416.0,0.0,0.0,0.0,0.0,0.0,0.0,0.0,0.0,0.0,0.0,2717.0,2117.5,731.0,963.0,1197.0,1501.0,1852.0,2014.0,2223.0,2172.5,2926.0,2232.5,746.5,1042.0,1211.0,1684.5,2243.5,2430.0,2672.5,2650.5,2595.5,1873.5,636.5,935.5,1193.5,1588.0,1801.5,1940.5,2159.5,2160.5,5151.0,4891.0,1514.5,1975.5,2546.5,2871.0,2990.5,3228.5,3389.5,3508.5,"{""type"":""MultiPoint"",""coordinates"":[]}"
1847,26,2156.0,1364.0,537.0,902.0,824.0,1694.0,2726.0,3027.0,3270.0,3264.0,1521.0,721.0,396.0,710.0,408.0,1097.0,3278.0,3921.0,3984.0,4229.0,1397.0,655.0,429.0,706.0,405.0,1099.0,3194.0,4001.0,4262.0,4329.0,1635.0,886.5,411.5,700.5,462.0,1101.5,2617.0,3219.0,3470.0,3567.0,1515.0,815.0,302.0,594.0,487.0,1033.0,2081.0,2475.0,2764.0,2850.0,3517.0,2533.0,2221.0,1940.0,1856.0,2309.0,2995.0,3418.0,4191.0,3792.0,2397.0,1792.0,2211.0,2014.0,1811.0,2146.0,2613.0,2756.0,3215.0,2880.0,3296.0,2276.0,805.0,1025.0,1409.0,1657.0,1785.0,2020.0,2071.0,2274.0,4513.0,3924.0,908.0,1224.0,1497.0,2178.0,2589.0,2902.0,2910.0,3280.0,5078.0,4630.0,1264.0,1679.0,2147.0,2687.0,3250.0,3611.0,3770.0,3996.0,5007.0,4222.0,1084.0,1561.0,1737.0,2551.0,3669.0,4151.0,4188.0,4506.0,2505.0,1611.0,471.0,770.0,853.0,1716.0,2824.0,3091.0,3392.0,3427.0,3369.0,2341.5,663.5,1007.5,905.0,1640.0,3399.0,4079.5,4009.0,4399.0,3977.0,2751.0,1035.0,1220.0,1021.0,1715.0,3988.0,4912.0,4927.0,5388.0,2525.0,1374.0,552.0,713.0,475.0,1046.0,3556.0,4774.0,4512.0,5098.0,2535.0,1263.0,471.0,701.0,458.0,1057.0,3820.0,4769.0,4704.0,5244.0,2272.0,1118.0,365.0,575.0,363.0,906.5,3341.0,4278.0,4404.5,4718.0,2480.5,1626.5,1186.5,1258.5,1038.5,1616.5,3283.5,3933.5,4022.0,4215.0,1997.0,1078.0,369.5,747.0,492.0,1337.0,2612.0,2964.5,3183.5,3401.0,2753.5,1935.0,573.0,807.0,933.5,1399.5,1757.0,1966.5,2050.0,2348.0,3143.0,2416.0,508.0,713.0,988.0,1207.0,1447.0,1591.0,1818.0,1915.0,3246.0,2511.0,616.0,783.0,1010.0,1276.0,1472.0,1665.0,1832.0,1954.0,3568.0,2861.0,2847.0,2799.0,2721.5,3227.0,3689.0,3809.0,4235.0,3937.5,3155.5,2310.0,687.5,900.0,1156.5,1480.0,1759.0,1940.0,2164.0,2245.0,2826.0,1986.0,719.0,915.5,1125.0,1452.5,1742.0,1931.5,2106.0,2196.0,2976.0,2108.0,650.0,895.0,1094.0,1437.0,1888.0,2028.0,2252.0,2268.0,2768.0,1823.0,596.0,879.0,932.0,1443.0,1845.0,2016.0,2197.0,2262.0,0.0,0.0,0.0,0.0,0.0,0.0,0.0,0.0,0.0,0.0,2627.0,1748.0,628.0,921.0,822.0,1442.0,2288.0,2516.0,2693.0,2738.0,0.0,0.0,0.0,0.0,0.0,0.0,0.0,0.0,0.0,0.0,208.0,249.0,10942.0,10738.0,10734.0,11005.0,10500.0,9861.0,10114.0,9221.0,206.0,171.0,5974.0,5659.0,5679.0,6082.0,6043.0,5821.0,5954.0,5519.0,2194.0,1230.0,432.0,760.5,612.0,1307.0,2598.5,2955.0,3246.5,3217.0,1691.0,789.0,343.0,656.0,352.0,1041.0,3267.0,3957.0,4291.0,4200.0,1364.0,616.0,262.0,548.0,239.0,895.0,3028.0,3984.0,4314.0,4196.0,1073.0,513.0,312.0,480.0,267.0,805.0,3009.0,4005.0,4234.0,4246.0,"{""type"":""MultiPoint"",""coordinates"":[]}"
1859,176,2982.0,2456.5,1628.5,1691.0,1815.5,2075.0,2400.5,2512.0,2778.0,2674.0,2357.5,1395.5,492.5,835.5,685.5,1369.5,2423.5,2679.0,2769.5,2943.0,0.0,0.0,0.0,0.0,0.0,0.0,0.0,0.0,0.0,0.0,0.0,0.0,0.0,0.0,0.0,0.0,0.0,0.0,0.0,0.0,2434.0,1381.5,676.0,1141.5,920.5,1746.5,2894.5,3188.5,3437.5,3470.5,2733.0,1802.5,1043.0,1250.0,1269.0,1696.5,2572.5,2852.0,2991.5,3018.0,0.0,0.0,0.0,0.0,0.0,0.0,0.0,0.0,0.0,0.0,3023.5,1753.0,599.5,1039.5,751.5,1549.5,3462.0,4065.5,3945.0,4391.0,1586.5,888.5,420.5,646.0,443.0,898.5,2081.0,2453.5,2418.5,2571.5,4236.5,3626.0,829.5,1108.5,1538.5,1840.5,2399.0,2820.0,2767.5,3152.5,0.0,0.0,0.0,0.0,0.0,0.0,0.0,0.0,0.0,0.0,0.0,0.0,0.0,0.0,0.0,0.0,0.0,0.0,0.0,0.0,3027.5,1495.5,598.0,1071.0,551.0,1492.0,4256.5,5116.5,4784.0,5240.0,0.0,0.0,0.0,0.0,0.0,0.0,0.0,0.0,0.0,0.0,3697.5,2648.5,697.5,1018.0,1192.5,1731.0,2560.5,2913.0,2930.5,3361.0,3309.0,2293.0,651.0,933.0,832.5,1444.0,2853.5,3350.0,3279.0,3676.5,2679.5,1475.5,401.0,766.0,555.0,1250.5,3131.0,3596.0,3498.0,3811.5,3701.5,3242.5,716.5,959.5,1285.5,1565.5,1962.5,2216.5,2254.5,2517.0,3294.0,2624.0,779.0,910.0,1140.0,1402.5,1794.0,2026.5,2199.0,2308.0,2267.0,1537.5,535.0,677.0,707.5,1050.5,1532.5,1753.0,1719.0,1866.0,2578.0,1450.5,388.0,770.5,508.0,1230.0,3055.0,3487.5,3531.5,3669.5,2111.5,1018.0,361.5,753.5,379.0,1181.0,3534.0,4121.5,4251.5,4293.0,3104.5,2719.5,1234.0,1267.0,1422.0,1730.5,2154.0,2396.0,2488.0,2694.0,1800.0,834.5,284.5,653.0,296.5,1094.0,3425.5,4068.5,4352.0,4269.5,0.0,0.0,0.0,0.0,0.0,0.0,0.0,0.0,0.0,0.0,1274.0,658.5,257.0,469.5,270.5,708.0,1833.0,2142.5,2388.5,2242.5,2156.0,1179.5,311.5,692.0,484.5,1252.5,2757.0,3142.0,3475.5,3478.5,0.0,0.0,0.0,0.0,0.0,0.0,0.0,0.0,0.0,0.0,2049.0,1103.5,410.0,699.5,534.0,1170.0,2648.5,2897.5,3332.5,3160.5,2294.5,1499.5,583.5,741.0,839.5,1166.5,1642.0,1808.5,2067.5,1998.5,0.0,0.0,0.0,0.0,0.0,0.0,0.0,0.0,0.0,0.0,1379.0,839.0,1665.5,1890.0,2041.5,2204.5,2520.0,2713.5,2968.0,2791.5,2905.0,1975.0,840.0,1054.5,1132.5,1539.0,2126.0,2338.5,2605.5,2528.0,2434.0,1580.0,502.5,768.0,756.5,1204.0,1947.0,2201.0,2408.0,2326.0,2504.0,1587.0,502.5,812.0,771.5,1292.0,2177.0,2380.0,2583.0,2570.0,2785.5,1855.0,567.0,932.5,861.5,1512.0,2605.0,2841.0,3055.0,3073.0,"{""type"":""MultiPoint"",""coordinates"":[]}"
1877,3,948.5,528.0,510.0,670.0,920.0,1084.5,1112.0,1238.0,1450.0,1352.0,4419.0,4141.0,1447.5,1823.0,2295.5,2588.0,2694.0,2861.5,3049.0,3091.0,1775.5,1163.5,669.0,828.0,1038.0,1239.0,1302.0,1412.0,1523.5,1587.0,0.0,0.0,0.0,0.0,0.0,0.0,0.0,0.0,0.0,0.0,0.0,0.0,0.0,0.0,0.0,0.0,0.0,0.0,0.0,0.0,3774.5,3132.0,1006.5,1327.5,1584.0,1997.5,2327.0,2580.5,2696.5,2781.5,0.0,0.0,0.0,0.0,0.0,0.0,0.0,0.0,0.0,0.0,1487.0,916.0,412.0,644.0,453.5,908.5,2199.5,2687.5,2605.5,2612.0,0.0,0.0,0.0,0.0,0.0,0.0,0.0,0.0,0.0,0.0,1803.0,903.0,373.0,598.0,281.0,902.5,3020.0,4139.5,4067.5,4168.5,1994.5,1129.0,969.0,1156.5,826.0,1442.0,3375.5,4357.5,4166.0,4456.5,3095.0,2603.0,1030.5,1330.0,1736.5,1991.0,2085.0,2227.5,2408.5,2435.5,250.5,126.5,255.5,240.0,117.5,233.5,709.5,1058.0,861.5,942.0,1310.5,659.5,463.5,666.5,380.0,988.5,2711.5,3685.0,3696.5,3922.5,0.0,0.0,0.0,0.0,0.0,0.0,0.0,0.0,0.0,0.0,1793.0,1035.0,563.5,897.5,900.5,1637.5,2592.0,3018.0,2973.5,3357.5,4000.5,2703.5,999.0,1413.5,1955.0,2625.5,3027.5,3356.0,3479.0,3746.5,0.0,0.0,0.0,0.0,0.0,0.0,0.0,0.0,0.0,0.0,2042.5,2012.0,521.5,642.0,844.5,1022.5,1130.5,1299.5,1140.0,1533.5,2904.0,2152.0,984.0,1104.5,1315.5,1585.5,1664.0,1810.0,1871.0,2023.5,3139.5,2730.5,796.0,1056.0,1423.5,1685.0,1752.0,1903.5,2036.0,2123.0,3570.0,3327.5,947.0,1199.0,1625.0,1860.5,1943.5,2084.5,2199.0,2363.5,0.0,0.0,0.0,0.0,0.0,0.0,0.0,0.0,0.0,0.0,3479.5,3128.5,900.0,1206.5,1632.0,1911.5,1977.5,2134.5,2256.5,2300.5,0.0,0.0,0.0,0.0,0.0,0.0,0.0,0.0,0.0,0.0,1349.0,907.0,285.0,442.5,623.5,713.0,746.0,862.0,915.0,942.0,1384.0,954.0,364.5,522.0,739.0,838.0,875.0,959.0,1030.0,1046.0,0.0,0.0,0.0,0.0,0.0,0.0,0.0,0.0,0.0,0.0,1710.0,1236.5,560.5,734.5,941.0,1097.0,1132.0,1263.5,1342.0,1366.0,0.0,0.0,0.0,0.0,0.0,0.0,0.0,0.0,0.0,0.0,1039.5,1093.5,11087.0,10600.0,10473.0,10580.5,10451.5,10021.0,10287.0,9603.0,0.0,0.0,0.0,0.0,0.0,0.0,0.0,0.0,0.0,0.0,2576.5,1916.0,1072.5,1318.5,1610.0,1871.5,1961.0,2087.0,2113.0,2198.0,2438.0,1731.0,938.0,1180.0,1444.0,1690.5,1794.0,1927.0,2098.0,2126.0,1673.5,1045.5,621.5,840.5,1097.5,1326.5,1420.0,1576.5,1717.0,1764.5,3300.0,2787.0,1148.5,1430.0,1737.5,2054.5,2159.5,2302.0,2414.5,2493.5,"{""type"":""MultiPoint"",""coordinates"":[]}"
1893,5,1367.0,861.0,422.5,570.5,756.0,856.0,907.0,1005.5,1122.0,1105.5,2300.0,1790.0,589.5,780.0,1022.0,1161.5,1210.0,1325.0,1420.0,1455.0,1761.0,1125.0,525.0,642.0,841.0,962.0,1023.0,1127.0,1246.0,1265.0,2235.0,1810.0,595.0,759.0,946.0,1118.0,1304.5,1428.0,1499.5,1534.0,1836.0,1277.0,397.0,567.0,704.0,862.0,1118.0,1230.0,1320.0,1359.0,2556.0,1824.5,654.0,893.0,919.0,1306.0,2082.5,2275.5,2357.5,2401.5,0.0,0.0,0.0,0.0,0.0,0.0,0.0,0.0,0.0,0.0,2035.0,1340.0,1318.0,1569.0,1423.0,1560.0,1304.0,1481.0,1531.0,1655.0,2243.0,1737.0,609.0,759.0,1006.0,1149.0,1219.0,1339.0,1464.0,1505.0,1987.0,1528.5,685.0,794.5,984.5,1126.5,1215.0,1351.5,1330.0,1488.0,2655.0,2068.0,756.0,947.0,1170.0,1430.0,1670.0,1875.0,1913.0,2050.0,1490.0,1082.0,365.0,462.0,630.0,728.0,772.0,843.0,952.0,1000.0,2334.0,1554.5,802.5,901.5,792.0,1080.5,1970.0,2238.5,2134.0,2344.5,2642.0,1637.0,972.0,1051.0,859.0,1292.0,2853.0,3493.0,3424.0,3585.0,1753.0,869.0,362.0,502.0,372.0,774.0,2334.0,2845.0,2739.0,2967.0,2513.0,1418.0,832.5,976.0,755.5,1268.5,3439.0,4238.5,4063.0,4492.5,1746.0,873.0,252.0,434.0,316.0,718.0,2583.0,3300.0,3268.0,3436.0,1672.5,844.5,282.0,442.0,288.5,707.5,2415.0,3069.0,3074.0,3252.0,1623.0,870.5,322.5,553.5,345.5,876.5,2356.0,2709.0,2831.5,2932.5,2611.0,1970.0,457.0,595.0,822.0,1012.0,1111.0,1257.0,1366.0,1528.0,2826.0,2162.0,606.0,762.0,1083.0,1182.0,1321.0,1395.0,1627.0,1673.0,1766.0,1383.0,414.0,549.0,715.0,815.0,873.0,960.0,1003.0,1070.0,1682.5,1118.5,567.0,643.0,799.5,882.5,959.0,1044.5,1162.5,1182.5,1213.5,926.5,280.0,345.0,463.0,521.0,553.0,613.0,699.5,713.0,1648.0,1383.0,480.5,565.0,721.0,831.0,881.5,954.5,953.5,1079.5,1195.5,854.0,211.5,316.5,470.5,519.0,576.5,654.0,739.0,737.0,1201.0,909.0,218.0,295.0,437.0,517.0,567.0,607.0,652.0,686.0,0.0,0.0,0.0,0.0,0.0,0.0,0.0,0.0,0.0,0.0,1288.0,827.0,421.0,480.0,619.0,701.0,725.0,826.0,904.0,905.0,0.0,0.0,0.0,0.0,0.0,0.0,0.0,0.0,0.0,0.0,131.0,160.0,11054.0,10818.0,10604.0,10730.0,10260.0,9639.0,9956.0,9047.0,314.0,206.0,5847.0,5972.0,6072.0,6354.0,6086.0,5798.0,5975.0,5398.0,1949.5,1238.5,574.0,734.0,973.0,1118.0,1176.5,1291.5,1431.5,1429.5,1876.0,1268.0,495.0,635.0,841.0,935.0,1004.0,1119.0,1267.0,1258.0,1697.0,1113.0,490.0,622.0,844.0,953.0,1009.0,1107.0,1237.0,1269.0,1758.0,1093.0,696.0,855.0,1144.0,1264.0,1313.0,1389.0,1505.0,1551.0,"{""type"":""MultiPoint"",""coordinates"":[]}"
1897,5,1230.0,812.0,659.0,1100.0,1325.0,1541.0,1493.0,1637.0,1821.0,1775.0,3753.0,3222.0,1041.0,1369.0,1844.5,2116.0,2245.5,2456.0,2533.0,2685.0,2372.0,1508.5,640.5,883.5,1280.0,1541.0,1685.5,1864.5,2020.5,2098.5,2432.0,1935.0,742.0,1016.0,1426.0,1705.0,1837.0,2023.0,2192.0,2295.0,2709.0,1857.0,705.0,1032.0,1508.0,1753.0,1909.0,2063.0,2252.0,2285.0,0.0,0.0,0.0,0.0,0.0,0.0,0.0,0.0,0.0,0.0,0.0,0.0,0.0,0.0,0.0,0.0,0.0,0.0,0.0,0.0,5373.0,4570.0,1596.0,2165.0,2785.5,3351.0,3535.5,3783.5,3766.5,4058.0,6679.0,6229.5,2165.5,2847.5,3572.0,4212.0,4335.0,4691.0,4716.0,5055.5,6258.0,5532.0,2066.0,2831.0,3462.0,4147.0,4615.0,4793.0,4797.0,5128.0,4851.0,3858.0,1342.0,1888.5,2203.0,2931.5,3772.5,4173.5,4169.0,4498.0,2171.0,1678.0,783.0,1096.0,1514.0,1687.0,1781.0,1928.0,2211.0,2053.0,4287.0,3104.5,2175.0,2410.5,2273.0,2973.0,4505.0,5049.5,5030.0,5265.5,2970.0,1842.0,629.5,895.0,752.5,1340.5,3538.5,4510.5,4458.0,4724.5,2489.0,1265.0,423.0,641.0,441.0,1015.0,3402.0,4398.0,4281.0,4674.0,2145.0,1041.0,457.0,664.0,454.0,991.0,3474.0,4560.0,4479.0,4817.0,2047.0,943.0,279.0,507.0,293.0,848.0,3357.0,4257.0,4393.0,4652.0,1966.5,1055.5,785.0,850.0,563.0,1080.5,3106.0,3909.5,3839.0,4155.0,2132.0,983.0,368.5,767.0,369.5,1349.0,3706.0,4304.5,4300.0,4632.0,3144.0,2071.0,611.0,986.0,1196.0,1868.0,2214.0,2449.0,2578.0,2861.0,3611.0,2767.0,617.0,849.0,1141.0,1458.0,1654.0,1876.0,2097.0,2192.0,3446.0,2579.0,692.0,908.0,1172.0,1502.0,1676.0,1888.0,2067.0,2188.0,2435.5,2200.5,1870.5,1882.0,2025.0,2121.5,2162.5,2210.5,2288.0,2234.5,3406.5,2573.5,745.5,952.0,1238.0,1504.0,1684.0,1825.0,2023.0,2091.0,2763.0,2221.0,1093.0,1252.0,1483.5,1763.5,1965.5,2122.0,2001.0,2355.0,3088.5,2156.0,679.5,895.0,1151.0,1409.0,1620.5,1781.0,2021.5,2037.5,3105.0,2132.0,728.0,959.0,1136.0,1476.0,1697.0,1832.0,2016.0,2072.0,0.0,0.0,0.0,0.0,0.0,0.0,0.0,0.0,0.0,0.0,1439.0,936.0,444.0,551.0,656.0,917.0,1049.0,1170.0,1318.0,1279.0,0.0,0.0,0.0,0.0,0.0,0.0,0.0,0.0,0.0,0.0,487.0,535.0,10508.0,10346.0,10282.0,10435.0,10027.0,9592.0,9972.0,9114.0,1113.0,746.0,2301.0,2572.5,2775.5,2999.5,2958.5,2981.5,3046.0,2942.0,2459.0,1701.0,767.0,1088.0,1496.0,1782.0,1886.0,2072.0,2348.0,2310.0,3800.0,2912.0,1010.0,1388.0,1784.0,2141.0,2296.0,2462.0,2751.0,2707.0,2253.0,1600.0,678.0,1026.0,1360.0,1667.0,1814.0,1993.0,2138.0,2224.0,2520.0,1578.0,762.0,1087.0,1422.0,1776.0,1872.0,2066.0,2241.0,2354.0,"{""type"":""MultiPoint"",""coordinates"":[]}"
1910,1,1581.0,1075.0,364.0,540.0,833.0,972.0,1078.0,1160.0,1312.0,1331.0,4028.0,3068.0,1525.0,1526.0,1942.0,2270.0,2621.0,2974.0,3044.0,3266.0,0.0,0.0,0.0,0.0,0.0,0.0,0.0,0.0,0.0,0.0,3348.0,2633.0,860.0,1142.0,1396.0,1755.0,2145.0,2413.0,2557.0,2657.0,4053.0,3334.0,860.0,1314.0,1552.0,2042.0,2802.0,2996.0,3244.0,3301.0,0.0,0.0,0.0,0.0,0.0,0.0,0.0,0.0,0.0,0.0,0.0,0.0,0.0,0.0,0.0,0.0,0.0,0.0,0.0,0.0,1578.0,633.0,413.0,562.0,286.0,638.0,3451.0,5779.0,5520.0,5952.0,1548.0,602.0,299.0,509.0,260.0,657.0,3535.5,5555.0,5594.5,5842.0,1556.5,619.5,284.0,507.0,275.5,682.5,3119.0,4517.5,4612.5,4796.0,0.0,0.0,0.0,0.0,0.0,0.0,0.0,0.0,0.0,0.0,2302.0,1890.0,535.0,767.0,1108.0,1239.0,1317.0,1455.0,1644.0,1611.0,1772.0,763.0,531.5,739.5,459.5,946.0,2923.5,3823.0,3746.5,4179.0,951.0,506.0,305.0,432.0,389.0,619.0,1139.0,1414.0,1327.0,1564.0,2824.5,2015.5,1484.0,1525.5,1551.0,1903.0,2425.5,2703.5,2902.5,3026.0,2352.0,1682.0,427.0,523.0,648.0,842.0,1096.0,1291.0,1315.0,1498.0,0.0,0.0,0.0,0.0,0.0,0.0,0.0,0.0,0.0,0.0,3416.0,2241.5,821.5,1017.5,1323.5,1718.0,2067.0,2341.0,2382.0,2697.5,4284.0,3068.0,939.0,1261.0,1849.0,2240.0,2476.0,2717.0,2946.0,3101.0,0.0,0.0,0.0,0.0,0.0,0.0,0.0,0.0,0.0,0.0,3897.0,2634.0,764.0,1129.0,1401.0,1909.0,2602.0,2876.0,3015.0,3209.0,2468.0,1851.5,675.0,897.5,1139.5,1372.5,1667.5,1862.5,1934.5,2136.5,865.0,589.0,420.0,468.0,592.0,667.0,694.0,761.0,817.0,806.0,2790.0,2117.5,748.5,1021.5,1330.5,1625.0,1921.0,2098.0,2290.0,2355.5,0.0,0.0,0.0,0.0,0.0,0.0,0.0,0.0,0.0,0.0,2894.0,2214.0,739.0,1023.0,1429.0,1663.0,1865.0,2050.0,2332.0,2328.0,3202.0,2518.0,776.0,1087.0,1466.0,1767.0,1985.0,2149.0,2305.0,2435.0,0.0,0.0,0.0,0.0,0.0,0.0,0.0,0.0,0.0,0.0,2938.0,2117.0,805.0,1061.0,1357.0,1711.0,2203.0,2401.0,2686.0,2716.0,0.0,0.0,0.0,0.0,0.0,0.0,0.0,0.0,0.0,0.0,0.0,0.0,0.0,0.0,0.0,0.0,0.0,0.0,0.0,0.0,583.0,425.0,6412.0,6440.0,6591.0,6509.0,6356.0,6062.0,6433.0,5775.0,2955.0,2442.0,738.0,1035.0,1442.0,1622.0,1713.0,1832.0,2036.0,2051.0,2863.0,2301.0,752.0,998.0,1360.0,1551.0,1639.0,1775.0,1957.0,2005.0,2779.0,2144.0,663.0,921.0,1286.0,1475.0,1604.0,1735.0,1901.0,1951.0,3488.0,3279.5,823.5,1162.5,1619.0,1848.5,2007.5,2159.5,2104.0,2436.5,"{""type"":""MultiPoint"",""coordinates"":[]}"
1918,5,391.5,257.0,544.0,589.0,797.0,1090.5,1142.0,1245.0,1327.5,1313.5,4458.0,3452.5,1090.0,1462.5,1841.5,2289.5,2403.5,2611.5,2910.0,2917.5,2560.0,1757.0,833.0,1032.5,1453.5,1731.0,1878.5,2036.0,2261.0,2307.0,3555.0,2880.0,1026.5,1303.5,1749.5,2097.0,2258.0,2461.0,2646.5,2787.0,2993.5,2070.0,985.0,1241.0,1688.5,1954.5,2141.0,2309.0,2559.5,2650.0,3351.0,2995.5,1167.5,1394.0,1787.5,2070.5,2236.5,2480.5,2454.0,2772.0,3260.0,3137.0,2699.0,2597.5,2549.0,3064.5,3329.0,3524.5,3372.5,3667.0,4067.5,3177.5,1200.5,1620.0,1938.5,2562.5,2873.0,3130.0,3195.0,3500.0,4853.5,4047.0,1856.0,2239.0,2425.5,3024.0,3758.5,4120.0,4325.5,4392.0,3997.5,2729.5,792.5,1310.5,1178.5,2102.0,4283.5,4856.5,4753.5,5266.0,2761.0,1476.5,719.0,924.5,642.5,1259.5,4026.0,4949.0,4741.0,5314.5,2219.0,1776.5,895.5,1141.0,1576.0,1896.5,2006.0,2202.0,2495.0,2425.5,2683.5,1174.0,326.0,551.5,265.0,887.5,4619.0,6236.5,6191.0,6673.0,2567.5,1106.5,521.0,652.5,360.5,844.0,4244.5,5974.5,6059.0,6350.5,1444.5,595.0,195.0,304.0,147.0,471.0,2566.0,3609.5,3544.5,3821.0,2884.0,1220.5,498.0,709.5,399.0,1091.5,4681.0,5849.5,5755.5,6234.0,2325.0,1051.5,249.5,587.5,275.5,994.0,3788.0,4727.0,4859.5,5176.5,2456.5,1581.5,1019.0,1267.0,1120.0,1791.5,3247.5,3782.5,3749.0,4096.5,2378.0,1349.0,380.5,771.5,571.5,1530.5,2613.0,2959.5,3192.0,3407.0,3099.5,2389.0,422.0,557.5,763.0,994.5,1125.0,1299.5,1382.5,1538.5,3223.5,2414.0,438.0,591.0,804.5,1036.0,1172.0,1308.0,1442.0,1573.5,3927.0,2830.0,696.5,936.5,1335.5,1603.5,1754.0,1957.5,2165.0,2305.0,2717.0,2444.0,1748.5,1821.5,1993.5,2208.0,2245.0,2334.5,2557.5,2477.0,3591.0,2957.0,1022.0,1291.0,1717.5,2009.5,2164.0,2363.5,2587.5,2644.0,4023.5,3795.5,2156.5,2406.5,2756.5,2837.0,3028.0,3166.5,3692.0,3707.5,3519.0,2718.0,921.0,1259.5,1626.0,1970.0,2151.0,2339.5,2637.0,2662.0,3342.5,2570.5,882.5,1205.5,1560.0,1953.0,2105.0,2274.0,2472.0,2563.5,0.0,0.0,0.0,0.0,0.0,0.0,0.0,0.0,0.0,0.0,2938.5,2160.5,871.0,1158.5,1422.5,1794.5,1966.5,2147.5,2412.5,2420.0,0.0,0.0,0.0,0.0,0.0,0.0,0.0,0.0,0.0,0.0,382.5,425.5,10722.0,10511.0,10413.0,10511.5,10078.0,9632.5,9870.0,9034.0,175.5,154.5,5276.5,5379.0,5556.0,6026.0,5714.0,5623.0,5437.5,5197.0,995.5,591.5,395.5,608.0,817.0,1162.0,1312.5,1465.5,1668.5,1689.5,4253.5,3413.5,1024.5,1415.0,1779.0,2197.0,2381.5,2609.5,2953.5,2913.5,1783.0,1134.0,544.0,738.0,986.0,1281.5,1609.0,1716.0,1909.5,1962.5,2343.0,1502.5,568.0,765.5,1056.0,1370.5,1571.5,1756.5,1965.5,2098.0,"{""type"":""MultiPoint"",""coordinates"":[]}"
1972,2,2157.0,1345.0,425.0,796.5,843.5,1402.5,2273.0,2556.0,2881.0,2831.0,4849.0,4040.5,1666.5,2101.5,2649.5,2993.0,3195.5,3421.5,3579.0,3676.5,2696.0,1968.0,684.0,1029.0,1472.0,1688.0,1779.0,1930.0,2032.0,2047.0,3913.0,3444.5,1023.0,1541.0,2076.0,2402.0,2523.0,2688.5,2784.5,2829.0,5242.5,4780.0,1658.5,2445.5,3198.5,3599.5,3717.5,3884.5,3968.5,4089.5,6845.0,6607.0,2148.0,3091.0,3959.0,4488.0,4632.0,4919.0,4896.0,5103.0,3415.0,2532.5,1001.5,1457.5,1898.0,2270.0,2489.5,2676.5,2686.5,2800.0,5525.0,5008.0,1516.0,2287.0,2773.0,3518.0,4049.0,4399.0,4177.0,4631.0,5135.0,4337.0,1421.0,2247.0,2690.0,3326.0,4220.0,4467.0,4730.0,4646.0,3747.5,2657.0,871.5,1532.0,1517.0,2483.5,4301.0,4611.0,4446.0,4836.5,3242.0,1819.0,811.0,1264.5,888.0,1903.0,4612.5,5263.0,5155.0,5405.0,2868.0,1985.0,539.0,920.0,1027.0,1664.0,2489.0,2778.0,3035.0,3019.0,3120.0,1545.0,593.0,930.0,580.0,1603.0,5163.0,6079.0,6120.0,6459.0,2631.0,1126.5,380.0,855.5,406.5,1486.5,5040.0,6010.0,5993.5,6235.0,2454.0,1097.0,481.0,849.0,493.0,1547.0,4737.0,5578.0,5536.0,5797.0,2706.0,1593.0,1408.5,1620.0,1267.0,2109.5,4740.5,5599.5,5455.0,5790.5,2396.0,1168.0,400.5,744.5,494.5,1554.0,4187.0,4751.5,5012.5,5060.0,2288.0,1140.0,466.0,684.5,613.5,1634.0,3485.0,3929.5,4152.5,4234.0,2863.5,1794.5,565.5,791.5,917.0,1778.5,2898.5,3226.0,3463.5,3632.0,3049.0,2196.0,758.0,932.0,1230.0,1566.0,1775.0,1944.0,2078.0,2248.0,3455.0,2594.5,600.0,839.0,1186.5,1569.5,1801.0,2072.5,2266.0,2426.5,3250.5,2338.0,563.5,830.5,1183.5,1590.5,1963.0,2201.0,2435.0,2586.0,2528.0,1677.0,467.0,854.0,936.0,1537.0,2436.0,2695.0,2969.0,2833.0,2983.0,2087.0,582.0,775.0,1101.0,1463.0,1808.0,2022.0,2289.0,2332.0,0.0,0.0,0.0,0.0,0.0,0.0,0.0,0.0,0.0,0.0,2879.0,1945.0,480.0,787.0,1169.0,1455.0,1715.0,1931.0,2282.0,2321.0,2841.0,1942.0,488.0,789.0,1105.0,1428.0,1753.0,1988.0,2238.0,2320.0,0.0,0.0,0.0,0.0,0.0,0.0,0.0,0.0,0.0,0.0,2766.0,1862.0,505.0,791.0,968.0,1356.0,1851.0,2062.0,2297.0,2361.0,0.0,0.0,0.0,0.0,0.0,0.0,0.0,0.0,0.0,0.0,605.0,654.0,10668.0,10326.0,10248.0,10345.0,10008.0,9556.0,9960.0,9143.0,644.5,407.5,2693.0,2761.0,2796.5,3165.5,3387.5,3379.0,3549.5,3316.0,2553.0,1773.0,611.0,950.0,1031.0,1644.0,2348.0,2660.0,2972.0,2848.0,3148.0,2168.0,759.0,1242.0,1421.0,2142.0,2806.0,3136.0,3415.0,3391.0,2777.5,1937.0,744.0,1161.5,1557.0,2017.0,2274.5,2498.0,2833.5,2777.0,3569.0,2547.0,888.0,1321.0,1802.0,2123.0,2291.0,2457.0,2779.0,2745.0,"{""type"":""MultiPoint"",""coordinates"":[]}"
1978,5,1232.0,868.0,643.0,811.0,1115.0,1248.0,1341.0,1427.0,1514.0,1564.0,4300.5,3561.0,1355.5,1764.5,2229.5,2556.0,2712.0,2864.5,3029.0,3144.0,2272.0,1553.0,853.0,999.0,1200.0,1532.0,1720.0,1868.0,2004.0,2142.0,3680.0,2940.0,1127.5,1477.5,1802.0,2183.0,2419.0,2593.0,2750.0,2813.5,2301.0,1614.0,595.0,793.0,1057.0,1229.0,1340.0,1413.0,1566.0,1586.0,5868.0,5137.5,2936.5,3142.5,3424.0,3802.0,4017.5,4176.0,4433.5,4402.5,0.0,0.0,0.0,0.0,0.0,0.0,0.0,0.0,0.0,0.0,5024.0,4645.0,2164.0,2670.5,2922.5,3363.5,3761.5,4059.5,4132.0,4251.5,4424.0,3922.5,1190.5,1596.0,1995.0,2380.0,2698.0,2923.5,2989.5,3209.0,5816.0,5343.0,1709.0,2208.0,2627.0,3208.0,3874.0,4159.0,4333.0,4457.0,5268.0,4572.0,1389.0,1885.0,2125.0,2800.0,3854.0,4369.0,4392.0,4684.0,2528.0,1835.0,742.0,959.0,1311.0,1487.0,1595.0,1749.0,1919.0,1959.0,4123.0,2770.0,789.0,1202.0,1033.0,1789.0,4119.0,4710.0,4659.0,5061.0,2522.5,1358.5,512.0,696.5,445.5,962.5,3345.5,4279.5,4270.5,4478.0,2451.0,1587.0,471.0,720.0,578.0,1172.0,3272.0,4285.0,4199.0,4561.0,2743.0,1405.5,391.0,630.5,401.5,1013.5,3896.5,5035.5,4924.5,5353.0,2091.5,1006.0,239.0,463.0,263.5,805.0,3205.5,3984.5,4081.5,4232.5,1969.5,909.5,287.5,537.0,271.0,912.5,3137.5,3802.5,3839.5,4067.0,2280.0,1203.0,349.5,742.5,521.0,1355.5,2959.5,3423.0,3684.0,3793.0,3077.0,2376.0,1048.5,1279.0,1437.0,1784.5,2071.5,2195.5,2198.5,2473.0,3566.0,2738.0,606.0,770.0,1045.0,1310.0,1454.0,1597.0,1765.0,1980.0,3958.0,3674.0,978.0,1276.0,1691.0,1947.0,2041.0,2188.0,2309.0,2452.0,2157.0,1448.0,783.0,963.0,1272.0,1484.0,1622.0,1756.0,2020.0,2002.0,2469.5,1970.5,574.5,768.5,912.5,1179.0,1445.5,1584.0,1715.5,1754.0,2534.0,1897.0,550.0,832.0,854.0,1254.0,1893.0,2084.0,2197.0,2284.0,2457.0,1710.0,436.0,769.0,749.0,1226.0,2185.0,2399.0,2604.0,2519.0,2262.0,1448.0,409.0,726.0,629.0,1188.0,2475.0,2769.0,2853.0,2903.0,0.0,0.0,0.0,0.0,0.0,0.0,0.0,0.0,0.0,0.0,1977.0,1125.0,466.0,770.0,502.0,1172.0,2655.0,3032.0,3212.0,3166.0,0.0,0.0,0.0,0.0,0.0,0.0,0.0,0.0,0.0,0.0,352.0,345.0,10022.0,9598.0,9598.0,9852.0,9365.0,8885.0,9178.0,8496.0,533.0,374.0,3332.0,3519.0,3811.0,4065.0,3919.0,3857.0,3967.0,3758.0,2056.5,1470.0,634.0,822.5,1100.5,1252.5,1309.0,1403.5,1606.5,1595.0,3476.0,2745.0,998.0,1308.0,1709.0,1929.0,2070.0,2175.0,2456.0,2467.0,2684.0,1954.0,813.0,1064.0,1437.0,1649.0,1762.0,1935.0,2109.0,2133.0,2384.0,1674.0,788.0,1029.0,1379.0,1621.0,1727.0,1875.0,2035.0,2119.0,"{""type"":""MultiPoint"",""coordinates"":[]}"
1992,5,2528.0,1892.0,809.0,1114.0,1499.0,1819.0,2006.0,2164.0,2398.0,2373.0,5167.0,4500.0,1642.0,2237.0,2978.0,3380.0,3711.0,3913.0,4244.0,4237.0,3004.0,2099.0,848.0,1127.0,1530.0,1921.0,2146.0,2347.0,2504.0,2603.0,3715.0,2866.0,1007.0,1414.0,1696.0,2240.0,2775.0,2884.0,3118.0,3175.0,3584.0,2751.0,875.0,1334.0,1564.0,2137.0,2691.0,2900.0,3113.0,3146.0,5554.0,4634.0,1524.0,2052.0,2239.0,3149.0,4325.0,4812.0,4851.0,5176.0,2775.0,1832.0,826.0,1180.5,1016.0,1786.5,3531.0,4059.5,4104.5,4263.0,3980.0,2748.0,1369.0,1610.0,1498.0,2118.0,4561.0,5209.0,5034.0,5167.0,2748.0,1621.0,705.0,923.0,915.0,1063.0,3913.0,4915.0,5232.0,5148.0,3271.0,2075.5,725.0,1057.0,970.0,1633.0,3603.5,4505.0,4641.5,4902.5,2991.5,1640.0,680.0,909.5,717.0,1368.5,4136.5,5350.5,5442.5,5651.5,3815.0,3228.0,1390.0,1811.0,2263.0,2628.0,2837.0,2968.0,3338.0,3234.0,2704.0,1317.0,529.0,747.0,526.0,1116.0,3915.0,5425.0,5282.0,5688.0,2362.0,1277.0,554.0,753.0,588.0,1150.0,3287.0,4236.0,4296.0,4486.0,2447.0,1280.0,1063.0,1107.0,804.0,1242.0,3322.0,4217.0,4174.0,4488.0,2521.0,1427.5,1313.0,1397.5,1078.0,1648.0,3373.0,3915.5,3827.5,4213.5,2951.0,1919.0,685.0,1010.0,949.0,1670.0,2627.0,2891.0,3067.0,3379.0,3182.5,2206.5,797.0,1000.5,1322.0,1669.0,1929.0,2174.0,2271.0,2581.0,3965.0,3082.5,972.5,1238.0,1643.5,1991.5,2139.0,2325.0,2378.0,2647.5,3494.5,2873.0,1917.5,2006.5,2091.5,2529.0,2835.5,3055.0,2952.0,3344.0,4312.5,3472.0,1097.5,1348.0,1623.5,2047.5,2355.5,2541.0,2656.5,2802.0,3558.0,2637.0,853.0,1105.0,1339.0,1734.0,2139.0,2344.0,2449.0,2539.0,3260.5,2663.0,1597.5,1868.0,2143.5,2449.5,2590.5,2723.5,2986.5,2901.5,2968.5,2148.0,797.0,1072.5,1456.0,1753.5,1955.5,2155.5,2340.0,2404.0,3184.5,2357.0,985.5,1301.0,1649.5,2079.5,2330.0,2527.5,2802.5,2793.0,2934.5,2130.0,719.0,1062.0,1408.0,1803.0,2059.0,2217.5,2509.5,2539.0,3319.5,2531.5,807.0,1216.5,1531.5,1986.5,2275.5,2428.5,2663.0,2695.5,0.0,0.0,0.0,0.0,0.0,0.0,0.0,0.0,0.0,0.0,2888.0,2017.0,733.0,1100.0,1269.0,1807.0,2324.0,2492.0,2755.0,2727.0,0.0,0.0,0.0,0.0,0.0,0.0,0.0,0.0,0.0,0.0,606.0,655.0,10716.0,10414.0,10262.0,10495.0,10136.0,9562.0,9912.0,9170.0,1266.0,1053.5,4557.0,4602.5,4706.5,5045.5,4950.0,4797.5,4714.0,4601.0,2988.5,2294.5,896.0,1278.0,1620.5,1996.5,2203.5,2368.0,2597.0,2592.5,4595.0,3952.0,1487.0,2002.0,2450.0,2983.0,3479.0,3681.0,3983.0,3886.0,2900.0,2115.0,717.0,1091.0,1358.0,1874.0,2420.0,2654.0,2824.0,2789.0,3049.0,2155.0,806.0,1154.0,1477.0,1966.0,2206.0,2463.0,2599.0,2698.0,"{""type"":""MultiPoint"",""coordinates"":[]}"
1996,1,1938.0,1529.0,594.0,852.0,1010.0,1532.0,2097.0,2189.0,2383.0,2358.0,4820.5,4392.5,1471.0,2035.5,2647.0,3139.0,3269.0,3446.0,3634.5,3727.0,2685.0,1963.0,770.0,1057.0,1445.0,1760.0,1925.0,2114.0,2269.0,2321.0,3494.5,2999.5,900.0,1310.5,1638.0,2100.0,2635.5,2868.0,2987.5,3036.0,2396.0,1580.0,537.0,868.0,1021.0,1434.0,2247.0,2510.0,2655.0,2662.0,2445.0,1218.0,455.0,732.0,449.0,989.0,3811.0,5142.0,5325.0,5341.0,4432.0,3869.0,4713.0,4471.0,4303.0,4756.0,4858.0,4953.0,5075.0,4926.0,1807.0,1120.0,509.0,705.0,429.0,888.0,3181.0,5309.0,5299.0,5459.0,1547.5,660.5,225.0,370.5,199.0,485.0,2779.5,4678.5,4760.5,4915.5,1890.0,849.0,251.0,410.0,208.0,567.0,2991.0,4940.0,4831.0,5201.0,2050.0,912.0,359.0,533.0,316.0,713.0,3236.0,5251.0,5292.0,5577.0,2296.0,1694.0,569.0,873.0,1087.0,1666.0,2342.0,2553.0,2749.0,2711.0,1659.0,686.0,457.0,510.0,407.0,662.0,3000.0,3838.0,3570.0,4071.0,2265.0,1172.0,741.0,931.0,688.5,1225.0,2999.0,4003.5,4007.0,4391.0,3369.0,2485.0,1413.0,1641.0,1720.0,2247.0,3096.0,3553.0,3463.5,3959.0,2194.5,1651.5,424.5,489.0,684.5,930.0,1015.0,1183.5,1199.5,1426.5,5094.0,3842.5,1107.5,1531.5,2273.5,2720.0,2833.5,3107.0,3288.5,3540.0,4416.5,3436.0,929.0,1254.0,1844.5,2183.0,2328.0,2548.5,2664.0,2913.0,4080.0,3198.0,867.5,1160.5,1612.5,1952.0,2129.0,2316.0,2449.0,2665.0,2980.0,2168.0,755.0,1042.0,1540.0,1822.0,1948.0,2118.0,2140.0,2376.0,3034.0,2651.0,947.0,1188.0,1623.0,1927.0,2030.0,2279.0,2248.0,2435.0,3524.0,2932.0,954.0,1323.0,1868.0,2136.0,2258.0,2408.0,2571.0,2647.0,3069.5,2852.5,2007.0,2090.0,2226.0,2523.0,2767.5,2864.0,2979.0,2990.0,3388.0,2755.5,909.0,1246.0,1731.5,2072.0,2185.5,2365.5,2526.5,2609.5,3149.0,2558.5,888.0,1207.5,1680.5,1974.0,2180.5,2348.0,2522.5,2575.0,3041.0,2422.0,765.0,1123.0,1588.0,1834.0,2108.0,2261.0,2590.0,2502.0,2986.0,2310.0,723.0,1078.0,1440.0,1865.0,2234.0,2402.0,2554.0,2631.0,0.0,0.0,0.0,0.0,0.0,0.0,0.0,0.0,0.0,0.0,2334.0,1563.0,648.0,929.0,996.0,1557.0,2384.0,2538.0,2754.0,2782.0,0.0,0.0,0.0,0.0,0.0,0.0,0.0,0.0,0.0,0.0,132.0,163.0,9820.0,9895.0,9984.0,10144.0,9776.0,9254.0,9608.0,8811.0,2598.0,2144.0,3981.5,4258.5,4392.5,4783.0,4893.5,4854.5,5110.5,4776.0,2258.0,1513.0,629.0,943.0,1114.0,1746.5,2333.0,2523.0,2760.5,2748.5,3289.0,2546.0,867.0,1245.0,1673.0,2071.0,2292.0,2505.0,2766.0,2751.0,2846.0,2113.0,722.0,1043.0,1412.0,1788.0,1976.0,2129.0,2344.0,2390.0,2567.0,1909.0,651.0,946.0,1376.0,1636.0,1781.0,1888.0,2040.0,2108.0,"{""type"":""MultiPoint"",""coordinates"":[]}"
2064,5,1272.5,841.0,530.0,601.5,724.0,896.0,1137.0,1219.5,1360.0,1320.0,4493.0,3872.5,1000.0,1518.0,2010.0,2643.5,3248.5,3507.5,3614.5,3761.0,0.0,0.0,0.0,0.0,0.0,0.0,0.0,0.0,0.0,0.0,3363.0,2924.5,1439.5,1600.5,1857.5,2243.0,2497.0,2748.0,2666.0,2976.0,4460.0,3979.0,1127.5,1606.0,2286.5,2613.0,2882.5,3090.0,3299.5,3287.5,3770.5,2938.0,981.5,1377.0,1945.5,2333.0,2548.5,2681.0,2754.5,3007.5,0.0,0.0,0.0,0.0,0.0,0.0,0.0,0.0,0.0,0.0,5402.0,5083.0,1469.5,2005.5,2620.5,3192.0,3485.0,3838.0,3864.0,4107.0,3609.0,3155.0,2069.0,2208.0,2304.0,2775.5,3198.5,3419.5,3590.0,3516.5,4400.0,3532.5,810.5,1261.0,1294.5,2103.0,3800.0,4350.5,4465.5,4669.5,0.0,0.0,0.0,0.0,0.0,0.0,0.0,0.0,0.0,0.0,2254.5,1699.0,605.0,826.5,1052.0,1342.0,1623.0,1760.0,2023.5,1959.5,3259.0,1786.0,568.5,879.5,581.0,1368.5,4556.0,5787.0,5732.5,6168.0,2875.0,1606.0,527.5,735.0,492.5,1163.5,4144.5,5670.0,5727.0,6201.0,3105.5,1748.5,507.0,803.5,609.0,1233.0,4357.0,5800.5,5796.5,6306.5,2772.5,1479.0,398.5,629.5,458.5,1065.0,3844.0,5077.5,5121.0,5446.5,2723.5,1533.5,395.0,666.5,567.0,1190.5,3505.0,4525.0,4454.5,4763.5,2701.5,1557.5,558.0,890.0,648.5,1408.5,3578.5,4392.0,4348.0,4575.0,2959.0,1966.5,551.5,991.5,941.5,1761.0,2747.5,3089.5,3169.0,3485.5,2698.0,2128.0,452.0,609.5,742.5,1080.0,1255.5,1472.5,1576.0,1678.5,3491.5,2674.0,661.0,927.0,1202.5,1499.0,1783.0,1999.0,2123.5,2240.0,3338.5,3187.5,645.0,923.0,1390.5,1598.5,1694.5,1853.0,1973.5,2054.0,1856.5,1414.5,1405.0,1403.0,1478.0,1597.5,1645.0,1661.0,1905.5,1761.0,2081.0,1551.0,414.0,592.0,867.5,1071.5,1202.5,1303.0,1449.0,1463.5,0.0,0.0,0.0,0.0,0.0,0.0,0.0,0.0,0.0,0.0,2294.0,1526.5,442.0,749.0,889.0,1311.0,1914.5,2131.5,2429.0,2295.5,2433.0,1638.5,403.5,812.0,798.5,1446.5,2403.0,2593.0,2780.5,2825.0,0.0,0.0,0.0,0.0,0.0,0.0,0.0,0.0,0.0,0.0,0.0,0.0,0.0,0.0,0.0,0.0,0.0,0.0,0.0,0.0,2409.0,1894.5,519.0,776.0,1130.5,1335.0,1460.0,1607.5,1804.5,1800.0,0.0,0.0,0.0,0.0,0.0,0.0,0.0,0.0,0.0,0.0,335.0,249.5,7120.5,7170.5,7422.0,7674.5,7383.5,6975.5,7102.0,6631.0,2598.0,1903.0,618.5,888.0,1296.5,1503.0,1672.5,1821.0,2031.0,2035.0,3091.5,2464.5,742.5,1017.0,1431.5,1780.5,2027.5,2194.5,2411.5,2429.5,3208.5,2574.0,756.5,1104.0,1531.5,1919.5,2249.5,2411.5,2646.0,2655.5,4724.5,4191.0,1152.5,1671.5,2208.5,2805.0,3369.0,3601.0,3909.0,3908.5,"{""type"":""MultiPoint"",""coordinates"":[]}"
2066,1,2658.0,1970.0,676.0,1014.0,1271.0,1615.0,1931.0,2101.0,2350.0,2264.0,5654.0,5308.0,1873.0,2536.0,3248.0,3672.0,3787.0,3956.0,4247.0,4175.0,2495.0,1837.0,687.0,925.0,1254.0,1485.0,1606.0,1732.0,1838.0,1859.0,2833.0,2203.0,761.0,1074.0,1397.0,1684.0,1794.0,1943.0,2112.0,2106.0,5657.0,5320.0,1841.0,2524.0,3090.0,3655.0,4034.0,4285.0,4425.0,4459.0,4683.0,3820.0,1245.0,1766.0,1951.0,2580.0,4000.0,4616.0,4687.0,4776.0,2879.0,1781.0,599.0,913.0,755.0,1240.0,3716.0,4964.0,5091.0,5110.0,1801.0,798.0,313.0,505.0,259.0,625.0,3122.0,4668.0,4716.0,4778.0,2065.0,918.0,390.0,603.0,357.0,789.0,3704.0,5916.0,5892.0,6309.0,1774.0,774.0,339.5,499.5,281.5,632.0,3040.0,4771.5,4827.5,5051.0,0.0,0.0,0.0,0.0,0.0,0.0,0.0,0.0,0.0,0.0,2705.0,2083.0,719.0,1044.0,1302.0,1678.0,2082.0,2232.0,2486.0,2407.0,3332.0,2411.0,2206.5,2120.0,1826.5,2270.0,3968.0,5285.5,5380.5,5560.0,1874.0,813.5,421.5,705.5,408.5,944.0,3190.5,4328.0,4349.0,4654.5,2184.0,1132.0,524.0,835.0,698.0,1301.0,2719.0,3390.0,3405.0,3765.0,2653.5,1727.0,651.5,840.5,907.0,1285.0,1784.0,2045.5,2241.0,2284.0,2515.5,1921.5,392.0,522.0,737.5,946.5,1067.0,1234.0,1350.0,1424.0,0.0,0.0,0.0,0.0,0.0,0.0,0.0,0.0,0.0,0.0,3032.5,2273.5,662.0,882.0,1310.0,1518.5,1660.5,1779.5,1973.5,2059.0,3365.0,2439.0,890.0,1208.0,1683.0,2000.0,2108.0,2261.0,2325.0,2497.0,3625.0,2771.0,938.5,1340.0,1748.0,2119.5,2388.5,2612.0,2782.0,2796.0,3547.0,2640.0,873.0,1304.0,1565.0,2016.0,2404.0,2650.0,2845.0,2855.0,0.0,0.0,0.0,0.0,0.0,0.0,0.0,0.0,0.0,0.0,1774.0,1189.5,498.0,763.5,752.0,1114.5,1504.5,1623.0,1733.0,1758.0,1863.0,1245.0,902.0,1026.0,1175.0,1374.0,1543.0,1592.0,1686.0,1688.0,2687.0,1789.0,638.0,979.0,1461.0,1765.0,1965.0,2150.0,2407.0,2395.0,2988.5,2106.0,786.0,1103.0,1512.5,1872.5,2065.5,2268.5,2432.0,2488.5,0.0,0.0,0.0,0.0,0.0,0.0,0.0,0.0,0.0,0.0,2871.0,2122.0,723.0,995.0,1232.0,1560.0,1896.0,2071.0,2320.0,2300.0,0.0,0.0,0.0,0.0,0.0,0.0,0.0,0.0,0.0,0.0,434.0,483.0,10139.0,10016.0,10090.0,10217.0,9922.0,9413.0,9872.0,9033.0,0.0,0.0,0.0,0.0,0.0,0.0,0.0,0.0,0.0,0.0,2773.0,1951.0,762.0,1096.0,1208.0,1731.0,2527.0,2790.0,3033.0,2963.0,3090.5,2200.5,920.5,1374.5,1596.0,2247.5,2871.5,3116.0,3318.5,3259.5,2744.0,1902.0,775.0,1180.0,1581.0,1992.0,2176.0,2376.0,2575.0,2595.0,3557.0,2807.0,1957.0,2238.0,2472.0,2991.0,3715.0,3891.0,3397.0,4187.0,"{""type"":""MultiPoint"",""coordinates"":[]}"
2103,1,2177.5,1241.5,462.0,738.0,724.0,1315.0,2475.5,2790.0,3131.0,3042.0,4665.0,4139.0,1234.5,1661.0,2219.5,2586.5,2749.5,2943.5,3182.5,3251.5,2742.0,2030.5,671.0,893.5,1162.0,1462.5,1641.0,1803.0,1992.5,2058.0,3147.5,2294.0,871.0,1092.5,1329.0,1680.5,1952.5,2183.0,2416.0,2459.0,0.0,0.0,0.0,0.0,0.0,0.0,0.0,0.0,0.0,0.0,3012.5,2265.0,1128.0,1283.5,1349.0,1666.5,2453.5,2782.5,2901.5,2976.5,0.0,0.0,0.0,0.0,0.0,0.0,0.0,0.0,0.0,0.0,0.0,0.0,0.0,0.0,0.0,0.0,0.0,0.0,0.0,0.0,1985.5,871.5,326.5,514.5,296.0,659.5,3375.0,5470.0,5417.0,5735.5,1685.5,711.5,377.0,497.5,289.5,567.0,2830.0,4686.5,4816.5,4925.5,1718.0,714.5,425.5,535.5,346.5,640.5,2721.0,4539.0,4567.5,4771.0,2536.0,1602.0,585.5,812.0,852.5,1444.5,2537.5,2854.5,3171.5,3101.5,1766.0,719.5,375.5,511.0,306.0,619.5,2739.5,4643.5,4551.0,4910.5,1667.5,701.5,462.0,593.5,375.5,704.0,2807.0,4371.5,4417.5,4538.0,1935.0,875.5,799.0,956.0,603.5,1091.5,3499.5,5097.0,4966.0,5397.0,1910.5,1007.0,400.5,606.5,501.5,965.0,2062.5,2553.5,2537.5,2829.5,2119.5,1437.5,346.0,480.5,628.0,899.0,1188.5,1397.0,1549.0,1668.0,0.0,0.0,0.0,0.0,0.0,0.0,0.0,0.0,0.0,0.0,2434.5,2123.5,697.5,879.5,1153.0,1349.0,1438.5,1535.0,1632.0,1715.0,3278.0,2478.0,829.0,1033.5,1342.5,1662.0,1820.5,1964.5,2054.5,2252.0,4097.0,3537.5,947.5,1281.0,1723.5,2076.5,2237.0,2421.0,2676.5,2702.0,4518.5,4138.0,1120.0,1458.0,1926.0,2355.5,2523.0,2722.5,2941.0,3016.0,0.0,0.0,0.0,0.0,0.0,0.0,0.0,0.0,0.0,0.0,3854.5,3168.5,874.5,1253.5,1569.0,2059.5,2495.0,2704.5,2975.5,2999.0,0.0,0.0,0.0,0.0,0.0,0.0,0.0,0.0,0.0,0.0,2405.0,1588.0,481.0,814.5,898.5,1457.0,2290.5,2471.5,2690.0,2649.0,2195.0,1428.0,444.0,768.5,866.0,1341.0,2070.5,2268.0,2467.0,2495.0,0.0,0.0,0.0,0.0,0.0,0.0,0.0,0.0,0.0,0.0,2287.5,1518.0,582.5,866.0,890.0,1449.5,2328.5,2613.5,2838.0,2763.5,0.0,0.0,0.0,0.0,0.0,0.0,0.0,0.0,0.0,0.0,1174.0,1225.5,10093.0,9821.5,9879.5,10046.0,9739.0,9515.5,9852.0,9204.5,1086.5,687.5,480.0,540.0,534.0,774.0,1135.0,1260.0,1351.0,1315.0,2774.0,1731.0,631.0,894.5,926.5,1544.5,2643.0,2986.0,3169.0,3270.0,0.0,0.0,0.0,0.0,0.0,0.0,0.0,0.0,0.0,0.0,2474.5,1516.5,547.5,901.5,1022.5,1746.5,2392.5,2583.0,2890.0,2884.0,3278.5,2326.0,868.5,1132.5,1496.0,1938.5,2157.0,2364.5,2589.0,2684.5,"{""type"":""MultiPoint"",""coordinates"":[]}"
2111,5,410.0,287.0,643.0,864.0,1173.0,1416.0,1374.0,1417.0,1499.0,1446.0,3976.0,3095.0,957.0,1296.0,1661.0,2070.0,2285.0,2479.0,2571.0,2779.0,1138.0,595.0,541.0,684.0,866.0,1164.0,1329.0,1490.0,1687.0,1757.0,3127.5,2344.5,826.5,1044.5,1294.0,1652.0,1839.5,2054.0,2269.5,2362.0,2979.0,2106.0,791.0,1039.0,1293.0,1590.0,1792.0,2003.0,2230.0,2258.0,5020.0,4575.0,1533.0,1917.0,2527.0,2827.0,3012.0,3194.0,3400.0,3499.0,0.0,0.0,0.0,0.0,0.0,0.0,0.0,0.0,0.0,0.0,4139.0,3359.0,1280.0,1612.0,2005.0,2492.0,2625.0,2847.0,2890.0,3067.0,5206.0,4644.5,1845.0,2309.0,2705.5,3215.5,3642.5,3931.0,4002.0,4224.5,5435.0,4558.0,1861.0,2411.0,2765.0,3481.0,4123.0,4332.0,4316.0,4690.0,5427.0,4524.0,1727.0,2208.0,2526.0,3281.0,4204.0,4703.0,4750.0,5118.0,350.0,267.0,685.0,872.0,1117.0,1329.0,1307.0,1347.0,1446.0,1432.0,2776.0,1641.0,591.0,937.0,741.0,1430.0,3158.0,3656.0,3547.0,3948.0,3423.5,2340.5,885.0,1170.5,1217.0,1902.5,3346.0,4029.5,4112.5,4497.5,2069.0,1186.0,578.0,809.0,861.0,1379.0,2627.0,3111.0,3061.0,3403.0,2223.0,1442.5,546.0,763.0,635.0,1187.5,2265.5,2678.0,2565.0,2974.5,2554.0,1715.0,579.0,812.0,762.0,1271.0,2249.0,2532.0,2557.0,2828.0,1748.0,1018.0,490.0,693.0,657.0,1134.0,1894.0,2089.0,2151.0,2312.0,2069.0,1204.5,406.0,598.0,532.0,1050.5,2103.0,2394.0,2346.0,2640.0,3286.5,2653.0,1833.5,1967.5,1929.5,2534.5,3058.0,3284.5,3313.0,3533.0,2554.0,1674.0,389.0,638.0,655.0,1156.0,1746.0,1942.0,2163.0,2237.0,2734.0,1822.0,488.0,700.0,759.0,1241.0,1730.0,1938.0,2130.0,2260.0,1447.0,1217.0,1464.0,1479.5,1530.5,1636.5,1616.0,1669.0,1718.0,1675.5,2273.0,1493.5,415.5,611.5,677.5,1100.0,1522.0,1743.0,1963.5,2049.5,2004.0,1337.5,630.0,816.0,1062.5,1402.5,1603.5,1787.5,2151.5,2087.5,2339.0,1515.0,492.5,732.0,1043.0,1367.0,1632.0,1805.0,2095.0,2123.5,2414.5,1613.0,528.0,793.5,1039.5,1396.0,1697.5,1876.0,2079.5,2156.0,0.0,0.0,0.0,0.0,0.0,0.0,0.0,0.0,0.0,0.0,1765.0,1007.0,451.0,654.0,762.0,1193.0,1597.0,1811.0,2026.0,2035.0,5297.0,5219.0,4715.0,4761.0,4939.0,5135.0,5092.0,5118.0,5469.0,5209.0,602.0,650.0,10244.0,10092.0,10112.0,10271.0,9905.0,9482.0,9858.0,9029.0,918.0,729.5,3777.0,3747.5,3783.5,3986.0,3803.0,3656.5,3823.0,3447.0,67.0,40.0,335.0,491.0,586.0,673.0,454.0,502.0,471.0,359.0,1458.5,893.5,607.5,789.0,1010.5,1289.5,1408.5,1547.0,1733.0,1743.0,716.0,450.0,438.0,600.0,839.0,1088.0,1191.0,1336.0,1505.0,1516.0,1228.0,722.0,522.0,730.0,960.0,1230.0,1367.0,1544.0,1674.0,1720.0,"{""type"":""MultiPoint"",""coordinates"":[]}"
2120,3,802.0,636.0,531.0,703.0,771.0,869.5,689.0,750.5,679.5,706.5,3102.0,2476.0,792.5,1090.5,1389.0,1639.5,1872.0,2002.5,2125.0,2231.0,2219.0,1401.0,608.0,782.0,986.5,1246.5,1500.5,1592.0,1708.0,1924.5,2495.5,1872.0,690.0,906.0,1155.5,1393.0,1652.0,1828.5,1898.5,1987.0,2174.0,1609.0,648.0,814.0,1021.5,1189.5,1371.5,1507.5,1582.0,1650.0,2217.5,1789.5,870.0,1035.0,1265.5,1452.0,1569.0,1736.0,1569.5,1843.0,1706.0,945.0,635.0,789.0,874.5,1164.5,1323.5,1404.0,1349.5,1510.0,2319.0,1504.5,851.5,1139.0,1254.0,1575.0,1770.5,1942.0,1871.0,2057.0,1631.5,1142.5,478.5,761.5,787.5,1255.5,1464.5,1637.0,1511.0,1743.5,3454.5,2649.0,2491.5,2654.0,2399.5,3007.5,3974.5,4442.0,4310.0,4388.5,2067.5,1108.0,426.5,667.0,386.5,977.5,2928.0,3801.0,3683.0,3900.5,1054.0,736.5,421.0,556.0,718.0,803.0,679.5,721.0,779.5,800.0,2197.0,1092.5,504.0,719.5,384.5,988.5,3352.0,4757.5,4371.0,4830.0,1924.0,923.0,614.0,720.5,405.0,896.0,3278.5,4802.0,4737.5,4964.0,2062.0,1096.0,372.5,557.0,268.0,817.5,3111.5,4574.5,4519.0,4834.0,2100.0,1023.0,556.0,749.0,433.0,1194.5,3488.5,4798.0,4640.5,4912.5,2080.0,1015.5,422.0,859.0,439.5,1342.5,3636.0,4768.5,4908.0,5111.0,1911.0,925.0,393.0,773.0,445.5,1353.5,3233.5,4129.0,4365.0,4613.0,2109.5,1120.5,486.0,932.0,728.0,1598.5,2898.5,3398.0,3632.5,3961.0,2280.5,1312.0,505.5,871.0,888.5,1562.0,2264.0,2605.0,2774.5,3107.0,3381.0,2290.5,959.5,1308.0,1640.0,2107.0,2452.0,2800.0,2959.5,3301.0,3393.0,2326.5,790.5,1095.0,1604.0,1910.5,2234.0,2507.5,2768.0,2939.0,1803.0,1594.0,1127.0,1217.0,1336.0,1459.5,1362.5,1432.0,1474.5,1424.5,2182.5,1480.5,480.5,690.5,891.5,1097.5,1491.5,1680.5,1734.5,1945.5,1093.0,663.0,462.0,577.0,692.0,920.0,987.5,1074.5,926.5,1013.0,981.5,605.5,1166.5,1652.5,2012.5,2258.0,2228.0,2252.0,2457.0,2251.5,1256.0,861.5,1111.0,1561.5,1856.5,2071.0,1773.0,1720.5,1660.0,1570.5,2386.0,2146.0,2954.5,2694.5,2541.5,2585.0,2310.5,2344.0,3023.5,2429.0,965.0,634.0,896.0,1294.5,1459.5,1523.0,1132.0,1157.0,1034.5,986.0,0.0,0.0,0.0,0.0,0.0,0.0,0.0,0.0,0.0,0.0,148.5,131.0,5645.5,6296.5,6561.5,6992.0,6770.5,6053.5,5562.5,5312.0,323.0,255.0,3220.0,3665.5,3729.5,3790.0,3115.5,2714.0,2544.0,2085.5,1595.0,1088.5,582.0,778.0,999.0,1191.0,1294.5,1437.5,1576.0,1549.5,2449.5,2020.0,1559.5,1633.5,1765.5,1954.5,2017.0,2094.5,2263.0,2211.0,2342.0,1590.0,645.5,896.5,1137.0,1321.0,1459.0,1577.5,1692.5,1772.5,2590.0,1949.0,709.5,967.0,1242.5,1454.0,1644.5,1765.5,1911.5,1988.0,"{""type"":""MultiPoint"",""coordinates"":[]}"
2154,5,0.0,0.0,0.0,0.0,0.0,0.0,0.0,0.0,0.0,0.0,3091.0,2683.5,612.0,910.0,1108.0,1523.0,2111.5,2363.5,2614.0,2510.5,3394.0,3044.0,684.0,997.0,1214.0,1648.0,2263.0,2559.0,2754.0,2664.0,3187.0,2752.0,640.0,1019.0,1235.0,1777.0,2292.0,2494.0,2767.0,2847.0,0.0,0.0,0.0,0.0,0.0,0.0,0.0,0.0,0.0,0.0,0.0,0.0,0.0,0.0,0.0,0.0,0.0,0.0,0.0,0.0,3678.0,3133.0,963.0,1265.0,1532.0,2069.0,2377.0,2678.0,2653.0,2875.0,3779.0,3378.0,928.0,1217.0,1552.0,2069.0,2373.0,2569.0,2639.0,2815.0,4319.0,3748.0,965.0,1267.0,1814.0,2212.0,2483.0,2669.0,2620.0,2991.0,4362.0,3819.5,1219.0,1484.5,1990.5,2362.0,2630.5,2910.0,2865.0,3236.5,3287.0,2467.0,994.0,1250.0,1240.0,1827.0,2729.0,3143.0,3120.0,3346.0,0.0,0.0,0.0,0.0,0.0,0.0,0.0,0.0,0.0,0.0,3295.5,2499.0,888.5,1173.0,1176.0,1773.0,2856.0,3290.5,3273.0,3482.0,3450.5,2590.0,757.5,1093.0,1142.5,1764.0,2898.5,3325.0,3364.5,3584.5,0.0,0.0,0.0,0.0,0.0,0.0,0.0,0.0,0.0,0.0,3262.0,2242.0,605.5,885.0,926.5,1506.0,3031.5,3724.5,3607.0,4003.5,3095.5,2078.5,590.5,872.5,856.5,1503.0,3205.5,3981.5,3900.5,4215.0,2722.0,1880.0,551.0,838.0,802.0,1403.0,2953.0,3550.0,3508.0,3753.0,2722.0,1874.0,551.0,872.0,869.0,1646.0,2792.0,3216.0,3341.0,3476.0,2721.0,1837.0,503.0,870.0,869.0,1566.0,2318.0,2584.0,2764.0,2940.0,2830.0,2184.5,536.0,813.0,952.5,1479.0,1901.5,2163.5,2316.0,2392.5,3062.0,2410.5,595.0,847.0,1034.0,1505.0,1872.5,2087.5,2221.0,2374.5,4453.0,4186.0,4442.0,4148.0,4024.0,4159.0,4029.0,3977.0,4589.0,3937.0,2733.0,2074.0,542.0,741.0,973.0,1171.0,1461.0,1648.0,1788.0,1912.0,2733.0,2074.0,542.0,741.0,973.0,1171.0,1461.0,1648.0,1788.0,1912.0,2661.0,2032.5,538.0,780.5,1021.0,1324.5,1561.0,1739.0,1963.5,2025.5,2767.5,2133.0,592.5,841.0,1094.5,1416.0,1705.0,1886.0,2097.0,2155.5,2689.0,2020.0,416.0,703.0,937.0,1300.0,1717.0,1879.0,2051.0,2107.0,3032.5,2337.5,912.0,1142.0,1344.5,1734.5,2189.5,2375.5,2484.0,2627.0,0.0,0.0,0.0,0.0,0.0,0.0,0.0,0.0,0.0,0.0,567.0,580.0,8067.0,8179.0,8392.0,8673.0,8369.0,8077.0,8270.0,7623.0,567.0,580.0,8067.0,8179.0,8392.0,8673.0,8369.0,8077.0,8270.0,7623.0,0.0,0.0,0.0,0.0,0.0,0.0,0.0,0.0,0.0,0.0,0.0,0.0,0.0,0.0,0.0,0.0,0.0,0.0,0.0,0.0,2459.0,1753.0,639.0,934.0,1016.0,1510.0,2079.0,2282.0,2438.0,2480.0,2788.0,2323.0,540.0,823.0,1002.0,1398.0,1960.0,2168.0,2474.0,2357.0,"{""type"":""MultiPoint"",""coordinates"":[]}"
2159,1,2433.0,1597.5,601.0,817.0,1049.0,1453.5,1938.5,2102.0,2360.0,2334.0,4974.0,4638.0,1351.0,1957.0,2805.0,3195.0,3329.0,3474.0,3636.0,3645.0,2601.0,1884.0,613.0,884.0,1300.0,1540.0,1704.0,1880.0,1962.0,1981.0,4260.5,3841.5,1077.0,1620.0,2151.0,2606.5,2937.5,3138.0,3286.5,3302.5,4226.5,3620.0,1018.5,1613.5,2124.0,2626.0,3099.5,3317.5,3423.5,3479.5,4888.0,3946.0,1083.0,1592.0,1907.0,2542.0,3945.0,4691.0,4662.0,4866.0,0.0,0.0,0.0,0.0,0.0,0.0,0.0,0.0,0.0,0.0,1887.0,844.5,266.5,441.5,214.5,592.5,3194.5,5119.5,5120.5,5253.0,1868.0,722.0,285.0,422.0,220.0,546.0,3359.0,4882.0,5158.0,5094.0,1892.0,749.0,246.5,442.0,203.0,571.5,3280.5,5176.5,5226.5,5415.0,2068.0,825.0,606.0,837.0,561.0,861.0,3437.0,5697.0,5661.0,5936.0,3179.0,2310.0,791.0,1025.0,1299.0,1702.0,2200.0,2375.0,2625.0,2635.0,1992.5,791.5,386.5,583.0,326.5,750.0,3430.5,5053.5,5022.0,5405.5,2158.5,1043.0,483.0,712.0,538.0,1057.5,2797.0,3672.5,3757.0,4015.5,2985.0,1971.0,636.0,739.0,959.0,1235.0,1447.0,1739.0,1778.0,2097.0,2553.5,2010.0,463.0,548.5,722.0,944.5,1060.5,1246.5,1237.5,1421.5,4672.0,3784.0,973.5,1419.0,2144.0,2530.5,2698.5,2939.0,3164.0,3274.0,4429.0,3530.0,1161.0,1453.5,2000.5,2433.5,2690.0,2934.0,3083.0,3294.5,4322.0,3507.0,925.5,1321.5,1943.5,2303.0,2482.0,2689.0,2906.0,3029.0,4328.0,3343.0,942.0,1325.0,1910.0,2305.0,2496.0,2682.0,2790.0,3047.0,4425.0,3422.0,979.0,1366.0,1940.0,2350.0,2553.0,2746.0,2882.0,3056.0,4285.0,3243.0,946.0,1371.0,1851.0,2336.0,2664.0,2898.0,3105.0,3229.0,2362.0,1677.5,1036.0,1103.5,1227.5,1553.5,1922.0,2030.5,2248.5,2208.5,3158.0,2246.0,721.0,1056.0,1351.0,1791.0,2326.0,2496.0,2762.0,2755.0,3399.0,2400.0,799.0,1139.0,1515.0,1975.0,2462.0,2662.0,2899.0,2916.0,3074.5,2073.5,680.5,1049.0,1418.5,1924.0,2526.5,2748.5,3055.0,3026.0,3124.0,2115.0,701.0,1052.5,1371.5,1924.5,2557.0,2758.0,3011.0,3025.0,0.0,0.0,0.0,0.0,0.0,0.0,0.0,0.0,0.0,0.0,2886.0,1966.0,668.0,935.0,1117.0,1716.0,2530.0,2775.0,3032.0,3017.0,0.0,0.0,0.0,0.0,0.0,0.0,0.0,0.0,0.0,0.0,697.0,765.0,10374.0,10212.0,10166.0,10296.0,9946.0,9494.0,9846.0,9052.0,1482.5,1016.5,3638.5,3748.0,3939.5,4308.0,4407.5,4392.5,4542.0,4385.0,3100.0,2229.0,731.0,1008.0,1267.5,1715.5,2215.0,2400.0,2684.5,2676.0,3530.5,3017.5,897.5,1292.5,1822.0,2089.0,2198.5,2370.5,2608.5,2566.0,2667.0,2019.0,571.0,872.0,1354.0,1586.0,1690.0,1845.0,1997.0,2027.0,2578.0,1809.0,697.0,979.0,1440.0,1663.0,1766.0,1913.0,2031.0,2113.0,"{""type"":""MultiPoint"",""coordinates"":[]}"
2210,5,2765.5,2010.0,765.5,926.0,1226.5,1364.5,1448.0,1598.0,1798.5,1784.5,4168.0,3607.5,1306.5,1596.0,1978.5,2161.5,2267.5,2429.0,2654.0,2658.0,3020.0,2285.0,948.0,1127.5,1418.0,1602.5,1685.0,1803.5,1965.0,2003.5,2868.5,2253.0,976.5,1107.5,1390.5,1638.0,1728.0,1857.0,1824.5,2048.0,0.0,0.0,0.0,0.0,0.0,0.0,0.0,0.0,0.0,0.0,4535.0,3965.5,1457.0,1798.5,2202.0,2456.0,2555.0,2773.5,2919.5,2986.0,0.0,0.0,0.0,0.0,0.0,0.0,0.0,0.0,0.0,0.0,4374.5,3864.0,1369.0,1723.0,2057.5,2373.5,2603.0,2816.0,3056.5,3039.5,4024.0,3057.0,1087.5,1560.0,1595.0,2284.5,3243.0,3597.5,3344.5,3893.0,3868.0,2907.0,890.0,1269.0,1286.0,1887.0,2974.0,3366.5,3542.0,3578.5,0.0,0.0,0.0,0.0,0.0,0.0,0.0,0.0,0.0,0.0,3256.5,2652.5,952.0,1089.0,1393.0,1552.0,1627.0,1742.5,1937.5,1921.0,2634.5,1235.5,353.5,605.0,260.5,961.5,4060.0,5287.5,5135.5,5444.0,2173.0,1020.0,427.0,616.5,337.0,874.0,3611.5,4817.0,4820.5,4989.5,0.0,0.0,0.0,0.0,0.0,0.0,0.0,0.0,0.0,0.0,2288.5,1007.0,315.5,500.5,271.5,812.0,3686.5,4854.0,4705.5,5150.5,2102.5,930.0,236.5,467.5,230.5,798.0,3488.0,4390.0,4583.0,4675.0,0.0,0.0,0.0,0.0,0.0,0.0,0.0,0.0,0.0,0.0,2524.5,1460.0,421.5,842.0,692.5,1552.5,2631.0,2996.0,3290.5,3444.0,2720.5,1825.0,602.5,737.0,902.5,1124.5,1236.0,1384.0,1470.5,1560.5,2915.5,2106.0,499.5,643.5,909.0,1070.0,1180.5,1346.5,1524.0,1623.0,2988.5,2211.5,586.0,718.0,995.0,1148.0,1264.0,1416.0,1575.5,1704.5,0.0,0.0,0.0,0.0,0.0,0.0,0.0,0.0,0.0,0.0,0.0,0.0,0.0,0.0,0.0,0.0,0.0,0.0,0.0,0.0,4967.0,4350.0,4456.5,4175.0,4151.5,4416.5,4291.0,4281.5,4487.0,4351.0,2525.5,1638.0,715.0,948.5,1334.5,1519.0,1622.5,1834.0,2031.5,2126.0,2549.5,1645.0,737.0,1006.0,1379.0,1565.0,1717.5,1841.5,2081.5,2153.0,0.0,0.0,0.0,0.0,0.0,0.0,0.0,0.0,0.0,0.0,3123.5,2331.0,896.5,1070.5,1405.5,1566.5,1670.0,1781.5,2049.0,2036.0,0.0,0.0,0.0,0.0,0.0,0.0,0.0,0.0,0.0,0.0,1072.0,1186.0,10128.0,9995.5,10100.0,10303.5,9975.0,9608.5,10032.0,9253.5,3356.0,2922.0,2824.0,2611.0,2579.5,2765.5,2791.0,2927.0,2896.5,2973.5,3409.5,2844.0,951.5,1141.5,1477.5,1623.0,1728.0,1842.0,2102.0,2044.0,3647.0,2977.5,1038.0,1290.0,1623.5,1781.5,1880.5,2012.5,2266.0,2211.5,3012.0,2310.5,844.0,1045.5,1348.5,1512.0,1591.0,1744.5,1931.0,1926.0,3125.0,2639.5,1191.5,1364.5,1603.0,1835.0,1888.0,2029.0,2039.0,2214.5,"{""type"":""MultiPoint"",""coordinates"":[]}"
2215,5,1594.0,936.0,825.0,1026.0,1177.0,1365.0,1513.0,1679.0,1880.0,1960.0,4555.0,3391.0,1382.0,1734.0,2095.0,2615.0,3016.0,3232.0,3316.0,3538.0,2820.0,1901.0,1074.0,1337.0,1629.0,2076.0,2407.0,2588.0,2825.0,2903.0,4156.5,3259.0,1324.0,1614.5,1945.0,2355.5,2628.5,2797.0,2990.5,3082.0,4253.0,3270.0,1382.0,1683.0,2038.0,2481.5,2781.0,2961.0,3174.5,3287.5,5551.0,4316.0,1646.0,2030.0,2262.0,2908.0,3429.0,3723.0,3883.0,4060.0,0.0,0.0,0.0,0.0,0.0,0.0,0.0,0.0,0.0,0.0,5221.5,4843.5,1648.5,2150.0,2683.5,3198.0,3328.0,3537.0,3648.0,3890.0,5464.0,4892.5,1713.0,2227.5,2786.0,3210.0,3478.5,3694.0,3693.5,4021.5,4347.0,3576.0,1304.5,1595.0,1917.0,2343.0,2850.0,3123.5,3130.0,3415.0,3332.0,2153.0,828.0,1154.0,1218.0,1821.0,2928.0,3338.0,3342.0,3561.0,3119.0,2206.0,825.0,1047.0,1427.0,1721.0,1933.0,2053.0,2256.0,2347.0,3355.0,2080.5,638.5,1005.0,845.5,1688.0,3452.5,3899.5,3899.0,4233.0,2958.0,1726.0,595.0,846.0,625.0,1278.0,3607.0,4433.0,4553.0,4587.0,3004.0,1583.0,712.0,832.0,561.0,1180.0,4138.0,5096.0,5109.0,5337.0,2630.0,1386.0,378.0,558.5,353.0,958.5,3739.5,4940.0,4891.0,5175.5,2451.0,1398.0,277.5,502.0,335.0,990.5,3462.0,4505.5,4765.0,4801.0,2269.0,1169.0,318.0,554.0,386.0,1100.0,3327.0,4242.0,4376.0,4502.0,2319.0,1277.5,414.0,904.5,502.5,1593.5,3141.5,3534.0,3807.0,3941.5,2754.0,1884.0,515.0,693.0,880.0,1270.0,1556.0,1773.0,1774.0,2073.0,3217.0,2416.0,606.0,759.0,969.0,1342.0,1683.0,1938.0,1902.0,2177.0,3162.0,2253.0,643.0,823.0,1144.0,1382.0,1611.0,1710.0,1919.0,2050.0,2547.0,1715.0,760.0,1004.0,1327.0,1635.0,1800.0,1939.0,2086.0,2168.0,3112.5,2346.5,736.0,922.0,1156.5,1395.5,1595.0,1658.0,1888.5,1882.0,0.0,0.0,0.0,0.0,0.0,0.0,0.0,0.0,0.0,0.0,2325.5,1529.5,539.5,730.0,934.5,1211.0,1420.5,1563.5,1735.0,1757.5,2933.0,2120.0,676.0,906.0,1122.0,1404.0,1647.0,1854.0,2013.0,2009.0,0.0,0.0,0.0,0.0,0.0,0.0,0.0,0.0,0.0,0.0,2292.0,1575.0,575.0,770.0,923.0,1226.0,1462.0,1570.0,1814.0,1752.0,0.0,0.0,0.0,0.0,0.0,0.0,0.0,0.0,0.0,0.0,801.0,806.0,8914.0,8816.0,8934.0,9133.0,8862.0,8496.0,8890.0,8196.0,1243.0,828.5,2165.5,2335.5,2630.5,2925.5,2935.0,2954.0,3188.5,3091.5,3199.0,2337.0,910.0,1255.0,1534.0,1964.0,2234.0,2389.0,2671.0,2652.0,3541.5,2577.0,1051.0,1346.5,1657.0,2084.0,2343.0,2540.5,2741.5,2796.0,2633.5,1809.0,945.5,1240.0,1473.0,1778.0,2037.0,2187.0,2381.5,2468.5,3314.0,2400.5,1059.5,1347.0,1731.5,2126.0,2414.5,2542.5,2750.0,2846.5,"{""type"":""MultiPoint"",""coordinates"":[]}"
2252,5,1019.0,550.5,574.5,789.0,1177.5,1409.5,1542.0,1691.5,1910.5,1910.5,3418.5,2532.0,1336.0,1647.0,1996.5,2427.5,2656.0,2816.5,2978.5,3039.0,1009.5,526.0,550.5,804.0,1028.0,1392.5,1625.0,1782.0,1923.5,1974.0,755.0,425.0,532.0,745.0,945.0,1286.0,1466.0,1617.0,1799.0,1772.0,3891.0,3008.0,1327.0,1700.0,2061.0,2510.0,2745.0,2882.0,3116.0,3153.0,3788.0,3176.5,1135.5,1454.0,1902.5,2211.0,2293.5,2491.5,2612.0,2710.0,0.0,0.0,0.0,0.0,0.0,0.0,0.0,0.0,0.0,0.0,4771.0,4449.0,1572.0,1984.0,2464.0,2866.0,3027.0,3224.0,3189.0,3491.0,4433.0,3710.0,1748.0,1985.0,2186.0,2613.0,2940.0,2960.0,3265.0,3198.0,5134.0,4634.0,1669.0,2138.0,2627.0,3122.0,3565.0,3865.0,3893.0,4113.0,4467.0,3536.0,1317.0,1714.0,1785.0,2419.0,3591.0,4092.0,4057.0,4359.0,1673.0,1182.0,760.5,906.0,1151.5,1314.5,1402.0,1484.5,1625.5,1660.0,3852.0,2608.0,845.0,1186.0,1130.0,1727.0,3820.0,4441.0,4377.0,4736.0,2683.0,1358.0,449.0,747.0,472.0,1250.0,3891.0,4756.0,4656.0,4904.0,2615.0,1312.0,583.0,763.0,477.0,1174.0,4361.0,5763.0,5450.0,5978.0,2462.0,1156.0,280.0,480.0,241.0,803.0,4116.0,5571.0,5330.0,5830.0,2267.0,976.0,217.0,450.0,219.0,734.0,4179.0,5485.0,5574.0,5734.0,1760.5,759.0,323.5,507.5,275.5,746.0,3425.0,4541.0,4340.0,4636.5,2241.0,1052.0,280.5,580.5,251.5,993.5,4078.0,5002.0,5105.5,5292.0,1716.5,965.0,459.5,882.0,782.0,1546.5,2156.0,2349.5,2416.5,2591.5,3336.0,2456.0,520.0,796.0,1109.0,1493.0,1699.0,1947.0,2202.0,2340.0,3461.0,2657.0,598.0,813.0,1163.0,1434.0,1606.0,1785.0,2004.0,2145.0,2551.0,1871.0,1121.5,1389.0,1814.0,2103.0,2260.5,2355.5,2647.0,2622.0,3544.5,2591.5,876.0,1136.0,1602.0,1864.0,2041.5,2245.0,2544.5,2571.0,2602.0,1849.5,832.5,1020.0,1378.5,1608.5,1743.0,1887.0,2062.0,2170.5,2036.5,1432.0,473.0,689.5,998.0,1167.0,1250.5,1356.5,1521.5,1538.5,2597.0,2061.0,699.0,944.0,1272.5,1478.0,1565.5,1690.5,1814.5,1862.0,3330.0,2821.0,2843.0,2872.0,3013.0,3371.0,3325.0,3375.0,3197.0,3374.0,1698.5,1071.0,726.5,879.5,1124.0,1279.5,1403.0,1525.5,1669.5,1682.0,0.0,0.0,0.0,0.0,0.0,0.0,0.0,0.0,0.0,0.0,1016.0,1112.0,10740.0,10400.0,10386.0,10468.0,10146.0,9725.0,10120.0,9373.0,933.5,550.5,883.0,1143.5,1517.0,1767.0,1873.0,1977.0,2164.0,2182.5,2036.0,1339.0,690.0,995.0,1362.0,1742.0,1796.0,1963.0,2192.0,2213.0,1588.0,1054.5,745.0,960.0,1216.0,1493.0,1652.5,1784.0,1903.0,1980.5,1379.0,790.0,662.0,951.0,1280.0,1641.0,1832.0,1979.0,2136.0,2238.0,3620.0,2723.0,1392.0,1781.0,2184.0,2603.0,2849.0,2999.0,3195.0,3223.0,"{""type"":""MultiPoint"",""coordinates"":[]}"
2256,3,1916.0,1296.0,668.0,860.5,1123.5,1341.5,1405.0,1532.5,1751.0,1713.0,5212.5,4887.0,1859.0,2355.5,2850.5,3260.5,3357.5,3537.5,3683.5,3791.5,2375.5,1620.0,795.0,1019.5,1223.0,1521.5,1636.0,1777.5,1893.0,1941.0,2642.0,1829.5,1030.5,1245.5,1469.0,1772.0,1892.0,2031.0,2206.0,2226.0,0.0,0.0,0.0,0.0,0.0,0.0,0.0,0.0,0.0,0.0,5358.0,4915.0,2041.0,2605.0,3013.0,3704.0,3949.0,4054.0,4302.0,4294.0,0.0,0.0,0.0,0.0,0.0,0.0,0.0,0.0,0.0,0.0,1349.0,799.0,490.0,733.0,492.0,1082.0,2389.0,2958.5,2862.5,2753.0,0.0,0.0,0.0,0.0,0.0,0.0,0.0,0.0,0.0,0.0,1273.0,617.5,150.5,348.5,83.5,612.0,2588.0,3664.0,3576.0,3697.0,1109.0,517.0,263.0,409.5,176.0,631.0,2441.0,3504.0,3474.5,3511.0,2461.0,1912.0,767.5,960.5,1212.5,1430.0,1510.0,1639.0,1798.0,1790.5,1177.0,547.0,342.5,502.0,241.0,716.5,2597.5,3873.0,3784.0,4041.0,1145.0,539.0,443.0,695.0,360.5,1028.0,2825.0,3745.5,3757.5,3834.0,0.0,0.0,0.0,0.0,0.0,0.0,0.0,0.0,0.0,0.0,1701.5,875.5,553.5,987.0,741.5,1707.0,2985.0,3447.5,3415.5,3752.0,1927.5,1109.0,618.5,1055.0,1059.5,1869.5,2639.0,2973.0,3181.5,3302.0,0.0,0.0,0.0,0.0,0.0,0.0,0.0,0.0,0.0,0.0,2679.5,2210.5,803.0,1026.5,1341.5,1567.5,1710.5,1815.5,1961.5,1993.5,1278.5,833.0,437.5,540.5,655.0,789.0,854.0,924.0,950.0,1068.0,3172.5,2955.5,814.5,1023.5,1302.0,1538.0,1656.5,1786.0,1928.5,1997.5,2776.0,2763.5,778.5,970.5,1252.0,1418.0,1506.0,1597.0,1709.0,1749.5,0.0,0.0,0.0,0.0,0.0,0.0,0.0,0.0,0.0,0.0,3488.5,3163.5,1042.0,1352.0,1772.5,1966.0,2034.0,2161.0,2371.0,2325.0,0.0,0.0,0.0,0.0,0.0,0.0,0.0,0.0,0.0,0.0,1836.5,1267.0,451.0,645.5,931.0,1097.5,1151.0,1246.5,1389.5,1400.5,1937.0,1345.5,499.5,739.0,1027.5,1180.5,1285.0,1356.0,1515.0,1534.0,0.0,0.0,0.0,0.0,0.0,0.0,0.0,0.0,0.0,0.0,1860.5,1325.5,696.5,859.0,1131.5,1300.0,1360.0,1462.0,1610.0,1619.5,0.0,0.0,0.0,0.0,0.0,0.0,0.0,0.0,0.0,0.0,1116.0,1196.5,10805.0,10441.0,10348.5,10563.0,10160.0,9839.0,10156.0,9433.0,2264.0,1563.0,754.5,965.5,1197.0,1464.0,1524.0,1673.0,1772.0,1851.5,2582.5,1991.0,787.5,1021.5,1296.5,1533.5,1634.0,1747.5,1916.0,1920.0,0.0,0.0,0.0,0.0,0.0,0.0,0.0,0.0,0.0,0.0,4522.0,4122.5,4059.5,4049.5,4106.5,4452.0,4556.5,4583.5,4873.5,4624.5,3805.5,3395.0,1480.0,1834.0,2235.5,2610.0,2687.5,2872.5,2961.5,3095.0,"{""type"":""MultiPoint"",""coordinates"":[]}"
2258,61,45.5,27.0,1291.5,1676.0,1937.0,2200.5,1943.5,1930.0,1937.0,1727.0,4646.0,4050.0,1484.0,1864.0,2284.0,2567.0,2640.0,2788.0,2991.0,3055.0,1313.0,753.0,606.5,717.5,862.0,1009.5,1032.0,1102.0,1280.5,1215.0,1573.0,880.0,943.0,1010.0,1011.0,1266.0,1331.0,1455.0,1588.0,1584.0,1636.0,905.0,702.0,913.0,1119.0,1342.0,1408.0,1537.0,1687.0,1678.0,5803.0,4996.0,1881.0,2226.0,2597.0,3111.0,3292.0,3520.0,3578.0,3856.0,2066.0,1071.0,666.0,932.0,974.0,1424.0,1783.0,1972.0,2052.0,2153.0,3378.0,2299.0,963.5,1291.0,1259.0,1847.0,2430.0,2629.5,2705.0,2961.0,3627.0,2734.0,1366.0,1513.0,1300.0,1777.0,2490.0,2724.0,2970.0,3029.0,3808.0,3111.0,1132.0,1571.0,2021.0,2287.0,2297.0,2459.0,2285.0,2690.0,3317.0,2965.0,1196.0,1402.0,1779.0,2063.0,2042.0,2229.0,2285.0,2451.0,1165.0,684.0,703.0,937.0,1176.0,1378.0,1413.0,1520.0,1697.0,1666.0,2182.5,1236.5,777.5,1007.5,1055.5,1474.5,1771.0,1940.0,1875.0,2134.0,3219.5,2501.5,913.5,1184.5,1195.5,1667.0,2301.0,2524.5,2540.5,2694.5,3486.5,2998.5,1096.0,1311.5,1648.5,1915.5,1946.5,2109.5,2061.0,2270.0,3302.0,2867.5,1102.5,1333.0,1636.0,1902.0,1969.0,2125.5,2060.0,2279.0,3024.0,2420.0,845.0,1104.0,1358.0,1620.0,1967.0,2087.0,2184.0,2223.0,3545.5,2825.5,1989.0,2129.5,2143.5,2549.0,3086.0,3324.0,3485.5,3491.5,2459.0,1820.0,611.5,822.0,930.5,1272.0,1750.5,1949.5,1954.5,2114.5,1924.0,958.0,411.0,739.0,405.0,1033.0,2638.0,2918.0,2898.0,3052.0,2078.0,1109.0,353.0,719.0,386.0,1077.5,2888.5,3331.0,3332.5,3445.5,1819.0,955.0,376.0,760.0,558.0,1350.0,2450.0,2790.0,2967.0,2966.0,635.0,343.0,615.0,867.0,1062.0,1300.0,1301.0,1373.0,1479.0,1468.0,2076.0,1152.0,325.0,532.0,678.0,1204.0,1694.0,1973.0,2268.0,2288.0,536.0,303.0,315.0,306.0,426.0,509.0,550.0,645.0,796.0,777.0,2661.5,1790.0,486.0,742.5,1326.5,1574.0,1769.0,1981.0,2278.0,2353.0,2203.5,1564.0,424.5,630.0,1010.5,1214.0,1300.5,1453.5,1617.5,1699.5,0.0,0.0,0.0,0.0,0.0,0.0,0.0,0.0,0.0,0.0,1991.5,1566.5,2018.0,1960.0,1986.5,2139.5,2095.5,2139.5,2289.0,2151.5,0.0,0.0,0.0,0.0,0.0,0.0,0.0,0.0,0.0,0.0,766.0,842.0,10806.0,10496.0,10454.0,10514.0,10130.0,9732.0,10154.0,9351.0,151.0,138.0,5995.0,5954.0,6055.0,6363.0,6073.0,5763.0,5914.0,5507.0,1395.0,759.5,576.0,752.5,960.5,1145.5,1195.5,1284.0,1434.5,1449.0,2112.0,1288.0,797.0,1043.0,1265.0,1453.0,1539.0,1589.0,1825.0,1772.0,1389.0,793.0,647.0,847.0,1062.0,1280.0,1336.0,1418.0,1592.0,1576.0,2570.0,1616.0,902.0,1118.0,1350.0,1581.0,1638.0,1748.0,1887.0,1926.0,"{""type"":""MultiPoint"",""coordinates"":[]}"
2260,61,2299.0,1531.5,997.0,1215.0,1597.0,1828.5,1906.5,2059.0,2279.0,2260.0,4723.0,3859.5,1797.5,2231.0,2701.5,3118.5,3344.5,3498.5,3578.5,3780.5,1530.5,905.5,720.5,991.5,1256.0,1654.5,1841.0,2028.5,2137.0,2220.0,1248.0,727.5,685.5,954.5,1204.0,1577.0,1803.5,1958.0,2100.5,2127.5,4417.5,3491.5,1447.5,1924.0,2350.0,2769.5,3023.5,3175.5,3478.5,3505.5,5999.0,4994.0,2154.5,2644.5,3101.0,3713.0,3909.5,4233.0,4396.5,4610.0,0.0,0.0,0.0,0.0,0.0,0.0,0.0,0.0,0.0,0.0,4956.5,3764.0,1351.0,1757.5,1952.0,2622.5,3004.0,3244.0,3428.0,3653.5,1486.0,756.0,591.5,743.0,799.5,1249.0,1703.0,1849.0,2048.0,2116.0,4624.0,4333.5,1456.0,1836.0,2440.5,2787.5,2813.5,2979.5,3052.5,3198.0,6220.5,5549.5,3921.0,4094.5,4443.0,5027.5,5239.5,5639.5,5627.5,5798.0,3073.5,2198.5,1128.0,1372.5,1812.5,2026.5,2135.0,2246.5,2571.5,2554.0,4363.5,3853.0,1155.0,1542.5,1793.5,2306.5,2972.5,3294.0,3251.0,3509.5,4668.5,4349.0,1354.5,1735.0,2246.5,2641.5,2827.5,3036.5,3123.0,3269.0,4081.0,3819.0,1203.0,1526.5,1955.5,2305.5,2550.5,2769.0,2758.0,3010.0,4970.5,4506.5,1541.5,1944.5,2347.0,2908.0,3128.5,3372.5,3308.0,3637.0,4976.0,4664.5,1693.5,2134.5,2608.0,3070.5,3194.0,3392.0,3545.5,3638.0,3921.0,3606.5,1304.5,1690.0,2134.5,2490.0,2641.5,2871.0,2742.5,3033.5,3995.5,3857.5,1204.5,1575.0,2057.5,2325.5,2402.5,2525.5,2653.0,2723.0,3935.5,3143.5,3242.5,3083.0,3200.0,3591.5,3487.5,3472.5,3865.5,3520.0,4571.5,4133.0,1597.0,2116.0,2380.5,2860.0,2979.0,3114.0,3224.0,3320.5,4801.5,4430.0,1609.0,2163.0,2661.5,3112.5,3232.0,3351.5,3456.5,3552.5,2179.0,1592.0,887.5,1043.0,1307.5,1446.0,1524.5,1612.0,1783.0,1750.5,4801.0,4420.5,1698.0,2240.0,2638.5,3130.0,3502.0,3617.5,3924.0,3824.5,2130.5,1456.5,751.0,1063.0,1328.0,1692.5,2009.0,2206.5,2352.5,2356.0,2517.0,1713.0,619.5,1009.5,1172.5,1669.5,2259.5,2428.0,2632.5,2590.0,2405.0,1674.0,625.5,1017.5,1111.5,1684.0,2514.5,2727.0,2879.5,2887.5,0.0,0.0,0.0,0.0,0.0,0.0,0.0,0.0,0.0,0.0,2232.5,1313.5,624.0,955.0,915.0,1494.5,2785.0,3131.0,3145.5,3213.0,0.0,0.0,0.0,0.0,0.0,0.0,0.0,0.0,0.0,0.0,1040.0,1136.5,10676.0,10349.0,10275.0,10343.5,10000.5,9615.0,9993.0,9243.5,1391.0,965.0,2806.5,3019.5,3372.5,3687.5,3672.0,3649.0,3762.5,3701.0,2465.0,1795.5,1004.5,1273.0,1666.0,1880.5,2014.5,2085.5,2368.0,2333.5,1536.5,883.5,783.0,995.0,1295.5,1533.5,1661.0,1779.5,1954.5,1985.5,1723.0,1112.0,726.0,1030.5,1346.0,1616.5,1736.0,1901.5,2003.5,2059.0,3632.5,2764.0,1336.5,1669.5,2108.0,2518.0,2755.0,2909.5,3115.5,3239.0,"{""type"":""MultiPoint"",""coordinates"":[]}"
2266,176,0.0,0.0,0.0,0.0,0.0,0.0,0.0,0.0,0.0,0.0,2804.5,1550.0,547.5,1045.0,707.5,1687.0,3460.0,3815.5,4077.0,4072.0,2778.0,1546.5,570.0,1048.5,719.0,1690.0,3416.0,3785.0,4097.5,4066.5,2600.5,1353.0,428.5,965.0,613.5,1572.0,3473.5,3837.0,4009.5,4076.5,0.0,0.0,0.0,0.0,0.0,0.0,0.0,0.0,0.0,0.0,2899.5,2481.5,1968.0,2093.0,1890.5,2524.5,3752.0,4134.0,3779.5,4346.0,2820.0,1415.5,824.0,1203.0,770.0,1599.5,3895.5,4558.5,4532.0,4880.5,2524.5,1167.5,377.0,775.0,406.0,1195.5,3550.5,4218.0,4253.5,4420.5,2299.0,1051.0,450.0,814.5,374.0,1095.5,3568.5,4360.0,4326.0,4610.5,2483.5,1114.5,488.0,870.0,425.5,1203.5,3901.5,4718.5,4741.0,5031.0,2414.0,1069.0,633.0,948.0,497.0,1247.0,3927.5,4857.5,4963.0,5180.5,0.0,0.0,0.0,0.0,0.0,0.0,0.0,0.0,0.0,0.0,2314.0,1015.5,532.5,856.0,440.0,1157.5,3729.0,4631.5,4727.0,4953.0,2236.0,963.5,506.0,816.0,441.5,1193.0,3719.0,4545.5,4632.5,4873.5,2800.5,1718.5,949.0,1266.0,996.5,1733.0,3871.0,4678.0,4772.0,5092.5,2178.0,1012.5,339.0,673.0,395.5,1047.5,2979.5,3578.5,3599.0,3895.0,2265.0,1129.5,339.5,638.0,437.0,1026.5,2626.0,3142.0,3310.5,3460.5,3559.5,2624.5,1907.0,2167.5,2087.0,2701.0,3822.5,4213.0,4071.5,4446.0,2898.5,1653.5,430.0,672.0,699.0,1182.0,2059.5,2409.5,2635.5,2832.0,2683.0,1537.5,437.0,669.5,618.5,1117.0,2067.0,2307.0,2463.5,2681.5,2705.5,1551.5,422.5,660.0,632.5,1111.5,2023.5,2341.5,2519.5,2671.5,2818.0,1623.5,475.0,721.0,724.0,1223.5,2131.5,2429.0,2651.5,2802.0,3271.5,2326.5,1028.5,1281.5,1493.5,1968.5,2435.0,2651.5,3015.5,2953.5,2992.5,1857.0,443.0,676.5,829.0,1273.5,1968.0,2200.5,2534.0,2645.5,1713.0,1055.5,217.0,415.0,539.5,827.0,1264.0,1402.5,1615.5,1682.5,2684.0,1713.5,387.0,603.0,912.5,1239.5,1543.5,1784.5,2047.0,2175.5,3475.5,2243.0,484.0,793.5,1147.0,1494.0,1855.0,2123.0,2367.0,2502.0,3401.0,2201.0,484.5,793.5,1148.0,1471.0,1902.0,2118.0,2475.5,2561.5,2191.0,1417.5,362.5,568.5,748.0,1009.0,1333.0,1500.0,1696.0,1750.0,0.0,0.0,0.0,0.0,0.0,0.0,0.0,0.0,0.0,0.0,0.0,0.0,0.0,0.0,0.0,0.0,0.0,0.0,0.0,0.0,3188.5,2211.0,760.5,1024.0,1134.5,1608.0,2330.5,2494.5,2787.0,2785.0,3188.5,2211.0,760.5,1024.0,1134.5,1608.0,2330.5,2494.5,2787.0,2785.0,0.0,0.0,0.0,0.0,0.0,0.0,0.0,0.0,0.0,0.0,3060.0,1711.5,680.5,1120.5,840.5,1839.0,3390.0,3722.0,3801.5,3967.0,2830.5,1553.5,524.5,1040.5,696.5,1683.0,3506.5,3846.0,4057.5,4076.5,"{""type"":""MultiPoint"",""coordinates"":[]}"
2288,5,2181.0,1585.0,587.0,795.0,947.0,1223.0,1534.0,1647.0,1874.0,1837.0,2566.0,1848.0,700.0,1167.0,1054.0,1848.0,2975.0,3276.0,3493.0,3569.0,1885.5,1212.0,797.0,1062.0,1277.5,1733.5,1935.5,2111.5,2288.5,2320.0,2849.0,2010.0,1143.0,1450.0,1866.0,2248.0,2417.0,2625.0,2847.0,2855.0,0.0,0.0,0.0,0.0,0.0,0.0,0.0,0.0,0.0,0.0,4097.0,3183.5,1163.0,1463.5,1816.0,2173.0,2586.0,2813.0,3028.5,3111.0,0.0,0.0,0.0,0.0,0.0,0.0,0.0,0.0,0.0,0.0,3571.0,2801.0,641.0,957.0,955.0,1455.0,2342.0,2649.0,2779.0,2805.0,0.0,0.0,0.0,0.0,0.0,0.0,0.0,0.0,0.0,0.0,2939.0,1601.0,449.0,748.0,417.0,1104.0,4019.0,5001.0,5177.0,5146.0,3313.0,1652.0,461.0,716.0,359.0,1168.0,4904.0,6560.0,6639.0,6845.0,2574.0,2065.0,656.0,885.0,1071.0,1404.0,1732.0,1914.0,2107.0,2064.0,3338.5,1609.0,494.0,699.5,369.0,1064.0,4998.5,6920.0,6904.5,7296.0,2772.0,1312.0,291.0,491.0,254.0,772.0,4321.0,6021.0,6233.0,6341.0,2822.0,1263.0,402.0,555.0,300.0,908.0,4201.0,6144.0,5967.0,6509.0,1772.5,785.0,270.5,392.0,217.5,625.0,2834.5,3849.5,3728.0,4110.5,2293.5,1047.0,302.0,526.5,284.5,930.5,3538.0,4474.5,4665.5,4917.0,0.0,0.0,0.0,0.0,0.0,0.0,0.0,0.0,0.0,0.0,2395.5,1387.0,377.0,736.0,565.0,1382.0,2532.5,2897.5,3174.5,3329.5,2970.0,2126.0,519.0,650.0,847.0,1098.0,1344.0,1512.0,1575.0,1849.0,2947.5,2163.0,437.5,618.0,935.5,1167.0,1376.5,1548.5,1710.0,1901.5,3931.0,2966.0,784.0,1017.0,1507.0,1794.0,1984.0,2183.0,2418.0,2566.0,0.0,0.0,0.0,0.0,0.0,0.0,0.0,0.0,0.0,0.0,3706.5,2812.5,813.0,1040.0,1392.5,1671.5,1886.5,2059.0,2245.0,2340.0,0.0,0.0,0.0,0.0,0.0,0.0,0.0,0.0,0.0,0.0,2672.0,1745.0,560.0,780.0,1004.0,1346.0,1760.0,1960.0,2166.0,2194.0,3308.5,2317.0,720.5,933.5,1148.0,1600.0,2170.0,2365.5,2449.0,2652.5,0.0,0.0,0.0,0.0,0.0,0.0,0.0,0.0,0.0,0.0,2785.0,1918.0,597.0,839.0,843.0,1380.0,2249.0,2455.0,2642.0,2636.0,0.0,0.0,0.0,0.0,0.0,0.0,0.0,0.0,0.0,0.0,928.0,997.0,10812.0,10382.0,10338.0,10337.0,9986.0,9694.0,10078.0,9316.0,0.0,0.0,0.0,0.0,0.0,0.0,0.0,0.0,0.0,0.0,2422.0,1608.0,592.0,825.0,809.0,1303.0,2265.0,2548.0,2777.0,2693.0,2244.5,1379.0,531.5,831.5,710.0,1289.0,2635.5,2959.0,3111.5,3129.5,2516.0,1815.0,1420.0,1519.0,1549.0,2080.0,2927.0,3168.0,3080.5,3228.0,2902.0,2048.0,2520.0,2387.0,2157.0,2492.0,2845.0,2884.0,3334.0,2976.0,"{""type"":""MultiPoint"",""coordinates"":[]}"
2351,2,2324.5,1696.5,436.5,571.5,824.0,1057.5,1237.5,1394.0,1636.5,1667.5,3183.5,2501.0,720.5,946.5,1300.0,1609.5,1787.0,1989.5,2099.5,2298.0,2988.0,2278.0,652.0,829.0,1147.0,1415.0,1602.0,1784.0,2008.0,2064.0,3726.0,2720.0,796.0,1039.0,1448.0,1822.0,2014.0,2252.0,2393.0,2612.0,2857.0,2140.0,625.0,856.0,1260.0,1552.0,1701.0,1877.0,2099.0,2211.0,5776.0,5312.0,1588.0,2116.0,2723.0,3379.0,3694.0,3917.0,4137.0,4338.0,0.0,0.0,0.0,0.0,0.0,0.0,0.0,0.0,0.0,0.0,5028.0,4265.0,1055.0,1528.0,1791.0,2554.0,3578.0,3927.0,4045.0,4292.0,3329.0,2246.0,545.0,873.0,874.0,1556.0,2762.0,3103.0,3221.0,3408.0,3632.0,2415.0,693.0,1020.0,870.0,1709.0,4308.0,5182.0,5286.0,5479.0,2662.0,1237.0,494.0,837.0,477.0,1320.0,4900.0,6092.0,5899.0,6243.0,2472.0,1894.0,396.0,561.0,827.0,1075.0,1287.0,1458.0,1674.0,1699.0,2550.5,993.0,560.5,849.5,407.0,1291.5,5334.0,6713.5,6526.5,7117.0,2562.0,1033.0,392.0,722.0,301.0,1205.0,5087.0,6286.0,6283.0,6598.0,3246.5,1997.5,1732.5,1830.5,1486.0,2278.0,5106.5,5724.5,5594.5,5966.5,2322.5,931.5,359.0,626.0,313.0,1158.5,4331.0,5460.0,5306.0,5810.5,2175.5,947.5,310.0,536.5,341.0,1127.0,3645.5,4317.0,4480.0,4712.5,2185.0,995.5,313.5,499.5,386.0,1241.5,3322.5,3952.5,4097.0,4356.0,2463.0,1417.0,545.5,653.5,705.5,1243.5,2180.0,2499.5,2798.0,3033.5,2522.5,1716.0,1480.5,1409.0,1443.0,1624.0,1748.0,1869.5,2085.0,2090.5,3391.5,2298.5,614.5,771.5,984.5,1291.0,1572.5,1838.5,2076.5,2334.5,3051.5,2056.5,393.5,557.5,700.5,1062.5,1497.0,1710.0,1933.0,2147.0,2451.0,1868.0,503.0,652.0,879.0,1119.0,1396.0,1601.0,1861.0,1904.0,3475.0,2233.0,608.0,790.0,854.0,1307.0,2060.0,2392.0,2736.0,2934.0,2590.5,1526.0,840.5,971.0,959.5,1277.0,1814.5,1923.0,2514.0,2196.5,3032.0,1970.0,503.0,782.0,1071.0,1466.0,1970.0,2197.0,2660.0,2769.0,3355.0,2214.0,581.0,788.0,1103.0,1545.0,1950.0,2257.0,2593.0,2796.0,3299.0,3091.0,2482.0,2292.0,2330.0,2794.0,2887.0,3024.0,3114.0,3229.0,2812.0,1832.5,504.0,712.5,832.5,1306.0,1991.5,2271.0,2479.5,2585.0,0.0,0.0,0.0,0.0,0.0,0.0,0.0,0.0,0.0,0.0,474.0,332.0,4084.0,4162.0,4341.0,4561.0,4528.0,4306.0,4539.0,4209.0,1372.0,911.0,415.0,656.0,977.0,1198.0,1349.0,1479.0,1763.0,1758.0,2592.0,1913.0,531.5,729.5,1016.0,1280.5,1519.0,1701.0,1974.5,2013.5,2994.0,2360.0,507.0,742.5,1085.0,1359.5,1516.0,1715.5,1886.5,2033.5,3921.0,3371.0,834.0,1126.0,1542.0,1890.0,2051.0,2253.0,2472.0,2625.0,3178.0,2522.0,602.0,845.0,1180.0,1463.0,1603.0,1812.0,2013.0,2153.0,"{""type"":""MultiPoint"",""coordinates"":[]}"
2354,1,1463.0,1004.0,344.0,503.0,777.0,900.0,980.0,1102.0,1199.0,1244.0,4372.0,3761.0,1050.0,1455.0,1972.0,2293.0,2458.0,2680.0,2799.0,3001.0,0.0,0.0,0.0,0.0,0.0,0.0,0.0,0.0,0.0,0.0,3301.0,2607.0,898.0,1181.0,1407.0,1774.0,2244.0,2515.0,2556.0,2708.0,3923.0,3225.0,856.0,1322.0,1546.0,1983.0,2727.0,3011.0,3224.0,3290.0,0.0,0.0,0.0,0.0,0.0,0.0,0.0,0.0,0.0,0.0,0.0,0.0,0.0,0.0,0.0,0.0,0.0,0.0,0.0,0.0,0.0,0.0,0.0,0.0,0.0,0.0,0.0,0.0,0.0,0.0,1511.5,597.0,306.5,451.0,249.5,578.0,3114.5,5255.0,5265.5,5506.0,1509.0,593.5,263.5,414.5,234.5,540.5,2884.0,4702.5,4761.0,4960.5,648.0,270.0,507.0,435.0,257.0,374.0,1423.0,2296.0,2237.0,2401.0,2257.0,1887.0,537.0,748.0,1072.0,1215.0,1315.0,1423.0,1599.0,1608.0,1677.5,711.5,484.0,602.0,402.5,769.0,2728.0,4040.0,3981.5,4368.5,842.0,402.0,525.0,577.0,426.0,600.0,1279.0,1706.0,1731.0,1897.0,1883.5,1056.5,703.0,799.0,783.0,1086.5,1787.5,2165.5,2185.0,2448.0,2754.0,1941.0,504.0,612.0,813.0,1045.0,1283.0,1486.0,1541.0,1740.0,0.0,0.0,0.0,0.0,0.0,0.0,0.0,0.0,0.0,0.0,4418.0,3865.0,3687.0,3586.0,3588.0,4017.5,4148.0,4266.0,4201.5,4418.0,2441.0,1733.0,592.5,761.5,1048.0,1258.0,1435.0,1574.0,1635.0,1795.5,1089.0,653.0,490.0,553.0,631.0,764.0,852.0,958.0,940.0,1017.0,4169.0,2859.0,845.0,1223.0,1657.0,2108.0,2548.0,2790.0,2927.0,3135.0,3502.5,2320.5,752.0,1100.5,1338.0,1785.0,2494.5,2800.5,3018.5,3144.0,2228.0,1684.0,820.0,939.0,1239.0,1365.0,1467.0,1610.0,1818.0,1802.0,3150.5,2109.0,680.0,1006.5,1223.5,1695.0,2421.0,2707.0,2992.5,3060.5,0.0,0.0,0.0,0.0,0.0,0.0,0.0,0.0,0.0,0.0,3212.0,2195.0,719.0,1049.0,1433.0,1847.0,2418.0,2636.0,3041.0,3041.0,3307.0,2238.0,739.0,1082.0,1406.0,1921.0,2591.0,2837.0,3070.0,3215.0,0.0,0.0,0.0,0.0,0.0,0.0,0.0,0.0,0.0,0.0,2821.0,1940.0,997.0,1240.0,1380.0,1892.0,2838.0,3060.0,3486.0,3371.0,0.0,0.0,0.0,0.0,0.0,0.0,0.0,0.0,0.0,0.0,0.0,0.0,0.0,0.0,0.0,0.0,0.0,0.0,0.0,0.0,692.0,493.0,5697.0,5731.0,5886.0,5943.0,5658.0,5449.0,5693.0,5306.0,2796.0,2338.0,710.0,980.0,1364.0,1528.0,1605.0,1736.0,1923.0,1994.0,2718.0,2236.0,741.0,946.0,1311.0,1485.0,1598.0,1746.0,1884.0,1914.0,2633.0,2071.0,648.0,903.0,1243.0,1423.0,1564.0,1659.0,1804.0,1868.0,3707.0,3314.0,923.0,1267.0,1738.5,1952.0,2061.0,2216.5,2399.5,2453.0,"{""type"":""MultiPoint"",""coordinates"":[]}"
2395,1,2015.0,1514.5,531.0,763.0,1007.0,1200.5,1313.5,1392.5,1566.5,1577.5,3796.5,3235.0,1054.5,1535.5,1853.5,2273.5,2361.5,2500.0,2625.5,2684.0,2827.0,2204.0,793.0,1110.0,1380.0,1669.0,1758.0,1890.0,2034.0,2047.0,4761.0,4306.0,1428.0,2032.0,2452.0,2961.0,3220.0,3392.0,3543.0,3625.0,2756.0,2075.0,760.0,1157.0,1383.0,1723.0,2004.0,2107.0,2265.0,2285.0,0.0,0.0,0.0,0.0,0.0,0.0,0.0,0.0,0.0,0.0,1658.0,1005.0,2219.0,1759.0,1096.0,1216.0,1972.0,2298.0,3315.0,2405.0,2129.0,936.0,337.5,551.5,314.5,708.0,3277.5,4943.5,4873.5,5043.0,1008.0,414.0,150.0,210.0,104.0,275.0,1620.0,2507.0,2644.0,2659.0,2026.5,869.0,307.5,477.5,278.5,609.5,3135.5,5035.0,5142.5,5296.0,2042.0,891.0,328.0,514.0,315.0,657.0,3028.0,5106.0,5094.0,5384.0,2022.0,1571.0,517.0,765.0,979.0,1162.0,1291.0,1374.0,1490.0,1466.0,1992.0,833.5,434.0,593.0,359.0,720.0,3111.0,5021.0,4898.0,5347.0,2335.0,962.0,880.0,992.0,639.0,1117.0,3694.0,5514.0,5473.0,6056.0,2278.0,1112.0,334.0,655.0,504.0,1095.0,2792.0,3611.0,3572.0,3962.0,2672.0,1850.0,620.0,711.0,906.0,1282.0,1566.0,1833.0,1851.0,2082.0,2452.0,1856.0,503.0,685.0,941.0,1178.0,1283.5,1444.0,1540.5,1677.0,3947.5,2936.0,842.5,1131.0,1627.5,2001.0,2122.5,2317.0,2483.0,2672.5,3408.5,2641.0,1027.5,1386.5,1906.5,2191.5,2283.5,2438.5,2528.0,2720.0,3387.0,2813.0,1112.0,1329.0,1718.0,2001.0,2087.0,2273.0,2319.0,2493.0,4059.0,3749.5,1329.5,1787.0,2281.0,2641.5,2734.0,2898.5,3014.5,3133.5,3635.5,3654.0,1001.0,1366.5,1804.5,1998.5,2062.0,2214.0,2313.5,2354.5,2007.0,1536.0,573.0,803.0,976.0,1196.0,1326.0,1456.0,1606.0,1579.0,2982.0,2395.0,876.0,1145.0,1513.0,1682.0,1753.0,1943.0,2103.0,2204.0,3946.0,3800.0,1064.0,1497.0,1976.0,2229.0,2337.0,2468.0,2639.0,2675.0,2615.0,2236.0,700.0,935.0,1245.0,1401.0,1501.0,1619.0,1747.0,1761.0,1788.0,1640.0,909.0,840.0,1126.0,1332.0,1411.0,1536.0,1618.0,1724.0,0.0,0.0,0.0,0.0,0.0,0.0,0.0,0.0,0.0,0.0,2185.0,1642.0,717.0,877.0,1034.5,1234.5,1340.0,1442.5,1677.5,1518.0,1510.0,1017.0,583.0,696.0,784.0,964.0,1114.0,1150.0,1379.0,1251.0,63.0,77.0,11928.0,11333.0,10900.0,10918.0,10167.0,9134.0,9066.0,8209.0,892.0,645.0,4292.0,4571.0,4772.0,4912.0,4699.0,4376.0,4441.0,4029.0,2453.0,1929.0,731.0,1012.0,1295.0,1508.0,1572.0,1693.0,1892.0,1854.0,2641.0,2004.0,594.0,967.0,972.0,1494.0,1721.0,1817.0,1974.0,1971.0,2528.0,1881.0,651.0,976.0,981.0,1473.0,1720.0,1818.0,1957.0,1954.0,2445.5,1921.0,701.0,988.5,1109.0,1474.5,1568.0,1671.0,1726.5,1768.5,"{""type"":""MultiPoint"",""coordinates"":[]}"
2459,3,1760.0,1247.0,716.0,864.0,1054.0,1203.5,1265.0,1375.0,1504.0,1476.0,2935.0,2272.5,988.5,1322.5,1667.0,1908.0,2011.0,2133.0,2290.0,2275.0,2291.0,1655.5,1076.5,1282.5,1476.5,1649.5,1750.0,1820.5,2085.0,1947.0,3114.0,2374.0,1157.0,1532.0,1935.0,2206.0,2329.0,2393.0,2556.0,2593.0,3450.0,2931.0,1227.0,1742.0,2121.0,2461.0,2544.0,2699.0,2815.0,2795.0,5663.0,5052.5,2328.0,3029.0,3470.5,4009.0,4363.0,4604.5,4578.5,4791.0,0.0,0.0,0.0,0.0,0.0,0.0,0.0,0.0,0.0,0.0,1066.5,670.0,720.5,1016.0,1048.0,1485.0,1814.0,2004.0,1851.5,2016.5,1464.0,791.5,468.5,727.5,569.5,1103.0,2226.5,2706.0,2649.0,2690.0,1592.5,773.5,336.0,591.5,330.0,867.5,2710.0,3463.5,3435.5,3443.0,1807.5,841.0,653.0,789.5,493.5,986.5,3047.5,4308.5,4251.5,4422.0,2169.5,1643.0,654.5,904.5,1194.0,1353.5,1453.5,1506.0,1736.0,1728.0,1515.0,702.0,369.0,532.0,279.0,768.0,2800.0,4019.0,3949.0,4307.0,1434.0,687.0,463.0,602.0,339.0,795.0,2802.0,4036.0,4191.0,4191.0,1548.0,720.5,410.0,745.0,376.0,1130.0,3305.5,4386.0,4347.0,4487.0,1755.0,857.0,517.0,926.0,513.0,1428.0,3516.0,4459.0,4169.0,4541.0,1841.0,1015.0,570.5,1135.0,796.5,1967.0,3366.0,3733.0,3923.0,4007.5,2002.5,1304.5,902.5,1303.0,1306.5,2139.0,2791.0,3097.0,3094.0,3379.5,2819.0,1960.0,743.5,1012.0,1446.5,1781.0,1955.0,2129.5,2271.0,2358.5,1405.0,904.5,522.5,637.0,815.5,1003.5,1089.0,1185.0,1206.5,1338.0,3036.0,2047.0,723.0,1009.0,1386.0,1694.0,1941.0,2104.0,2257.0,2369.0,2731.0,1810.0,679.5,912.5,1287.0,1592.0,1775.0,1996.5,2121.5,2240.5,2322.0,1778.5,691.5,994.0,1325.5,1502.5,1598.5,1689.0,1877.5,1836.0,2810.5,1883.5,712.0,967.0,1326.0,1604.0,1817.0,1968.5,2180.0,2225.0,0.0,0.0,0.0,0.0,0.0,0.0,0.0,0.0,0.0,0.0,2007.0,1262.0,538.0,789.0,1185.0,1437.0,1553.5,1702.5,1910.0,1950.5,1654.5,1064.0,369.0,557.5,820.5,1007.0,1126.0,1206.5,1320.0,1430.5,1688.0,1271.0,530.0,620.0,823.0,950.0,1060.0,1144.0,1115.0,1257.0,1129.5,860.0,653.0,675.0,770.0,885.5,919.0,997.0,1041.0,1112.0,3943.0,3697.0,3312.0,3213.0,3261.0,3480.0,3505.0,3506.0,3770.0,3619.0,1064.0,1171.0,9729.0,9676.0,9816.0,10077.0,9711.0,9425.0,9790.0,9066.0,1843.5,1263.0,600.0,916.0,1228.0,1429.0,1471.5,1595.5,1725.0,1737.5,2463.0,1817.0,799.0,1158.0,1525.0,1725.0,1810.0,1901.0,2079.0,2084.0,2670.0,1997.5,944.5,1307.5,1654.5,1909.5,2015.0,2124.0,2295.0,2283.5,2640.0,1983.0,939.0,1345.0,1712.0,1986.0,2056.0,2149.0,2294.0,2308.0,3544.5,3228.0,1217.5,1664.5,2097.0,2355.0,2441.5,2552.0,2691.0,2682.5,"{""type"":""MultiPoint"",""coordinates"":[]}"
2470,2,2492.0,1773.5,641.5,949.5,1303.5,1702.5,2131.0,2284.0,2532.5,2497.5,3222.0,2520.0,893.0,1230.0,1695.0,2090.0,2203.0,2378.0,2509.0,2634.0,3210.0,2452.0,861.0,1164.0,1563.0,1950.0,2151.0,2336.0,2536.0,2580.0,4710.0,3566.0,1360.0,1842.0,2449.0,2911.0,3083.0,3329.0,3499.0,3594.0,2837.0,2053.0,817.0,1159.0,1657.0,1953.0,2121.0,2293.0,2445.0,2504.0,4919.0,4212.0,1415.5,2021.5,2440.0,3251.5,3602.5,3783.0,3844.0,4099.0,1612.0,1100.0,913.0,947.0,873.0,1195.0,1352.0,1453.0,1652.0,1546.0,3666.0,2639.0,860.0,1312.0,1389.0,2180.0,3284.0,3536.0,3549.0,3723.0,4349.0,3302.0,1088.0,1504.0,1682.0,2360.0,4472.0,5231.0,5084.0,5544.0,4344.0,3248.0,1447.0,1719.0,1637.0,2331.0,4853.0,5827.0,5665.0,6254.0,0.0,0.0,0.0,0.0,0.0,0.0,0.0,0.0,0.0,0.0,2694.0,2087.0,656.0,966.0,1358.0,1749.0,2170.0,2352.0,2562.0,2583.0,2478.5,1121.5,621.0,853.0,585.5,1324.5,4495.0,5569.0,5363.0,5834.0,2443.0,992.0,454.0,771.0,415.0,1162.0,4473.0,5638.0,5555.0,5847.0,2495.0,1233.5,442.5,758.5,472.0,1278.5,4287.5,5287.5,5109.0,5502.0,2564.0,1139.0,478.0,776.0,466.0,1262.0,4590.0,5435.0,5234.0,5755.0,2142.5,985.0,274.5,573.5,361.5,1169.0,3436.5,4004.5,4038.5,4325.0,2547.5,1424.5,367.0,626.5,531.0,1376.0,3400.0,3954.0,4031.5,4298.0,2875.0,1772.0,606.0,769.0,914.0,1620.0,2376.0,2679.0,2889.0,3184.0,3571.0,2457.0,885.0,1095.0,1332.0,1764.0,2117.0,2363.0,2535.0,2805.0,4748.0,4027.0,1277.0,1556.5,2090.5,2560.5,2951.5,3280.0,3495.5,3731.5,4405.0,4011.0,1164.0,1617.0,2206.0,2631.0,2843.0,3059.0,3159.0,3364.0,2567.5,2120.5,1621.0,1773.5,2003.0,2291.5,2455.5,2477.5,2508.5,2504.0,2571.5,1969.5,794.0,1034.5,1244.5,1611.0,2029.5,2169.5,2340.5,2393.0,4608.0,4169.5,1601.0,1979.5,2517.0,2989.5,3285.0,3474.5,3656.5,3776.5,3136.0,2569.0,745.0,1111.0,1687.0,1929.0,2079.0,2296.0,2567.0,2589.0,4348.0,4187.0,1359.0,1769.0,2391.0,2736.0,2824.0,3023.0,2992.0,3318.0,4032.5,3615.0,2361.5,2558.5,2860.0,3176.0,3283.5,3471.0,3214.5,3660.0,3986.0,3609.5,1141.5,1537.0,2117.0,2442.5,2609.0,2758.0,2938.0,3009.5,1590.0,1234.0,653.0,793.0,947.0,1261.0,1515.0,1650.0,1791.0,1776.0,219.0,183.0,4105.0,4431.0,4826.0,5109.0,5033.0,4885.0,5119.0,4755.0,1821.0,1153.0,387.0,682.0,1174.0,1431.0,1583.0,1756.0,2043.0,2071.0,2887.0,2203.0,833.0,1165.0,1681.0,1910.0,2049.0,2194.0,2475.0,2451.0,3534.0,2863.0,924.0,1340.0,1818.0,2217.0,2397.0,2530.0,2820.0,2776.0,3617.0,2962.0,955.0,1382.0,1800.0,2251.0,2419.0,2586.0,2736.0,2804.0,3227.0,2554.0,825.0,1225.0,1733.0,2083.0,2221.0,2387.0,2603.0,2573.0,"{""type"":""MultiPoint"",""coordinates"":[]}"
2475,5,1830.0,1141.0,663.0,917.0,1229.0,1491.0,1796.0,1941.0,2205.0,2205.0,571.0,418.0,399.0,449.0,444.0,523.0,551.0,571.0,614.0,608.0,1218.0,762.0,675.0,875.0,1115.0,1341.0,1452.0,1575.0,1727.0,1725.0,3118.0,2444.0,1050.0,1312.0,1649.0,1906.0,2033.0,2192.0,2396.0,2425.0,1843.0,1478.0,485.0,611.0,828.0,986.0,1081.0,1235.0,939.0,1327.0,4505.0,3926.0,1386.5,1730.0,2205.0,2523.0,2635.5,2849.0,3019.0,3087.5,0.0,0.0,0.0,0.0,0.0,0.0,0.0,0.0,0.0,0.0,4619.5,3829.0,1443.0,1847.0,2105.5,2576.0,2936.5,3161.0,3214.0,3420.5,4909.0,4015.0,1459.0,1832.0,1979.0,2556.0,3270.0,3647.0,3683.0,3943.0,3413.5,2377.0,730.0,1081.0,1030.5,1594.0,3171.5,3575.0,3655.5,3816.0,2808.0,1619.0,523.0,782.0,586.0,1142.0,3479.0,4349.0,4352.0,4510.0,3108.0,2241.0,983.0,1273.0,1631.0,1908.0,2232.0,2334.0,2619.0,2629.0,6113.0,5173.0,4945.0,5120.0,5252.0,6080.0,6540.0,6867.0,6400.0,6907.0,3154.0,2302.5,1289.5,1419.0,1472.0,2090.0,4543.0,5724.0,5836.5,5989.0,0.0,0.0,0.0,0.0,0.0,0.0,0.0,0.0,0.0,0.0,2281.5,937.0,267.0,463.0,248.0,729.0,4137.0,5725.5,5535.5,5978.0,2140.0,890.0,208.5,438.5,203.0,731.0,4055.0,5404.0,5568.0,5651.5,2742.0,1190.0,973.0,1593.0,840.0,2309.0,5743.0,6491.0,6261.0,6892.0,2003.5,1137.5,414.5,905.5,811.5,1743.0,2704.0,3014.0,3246.5,3352.0,781.0,513.0,257.0,336.0,470.0,608.0,685.0,763.0,789.0,842.0,2321.0,1652.5,423.5,551.5,729.0,908.0,1003.0,1126.0,1249.0,1310.0,3900.0,2838.0,940.0,1211.0,1683.0,2007.0,2111.0,2330.0,2524.0,2666.0,0.0,0.0,0.0,0.0,0.0,0.0,0.0,0.0,0.0,0.0,2499.0,2198.5,638.5,802.5,1035.0,1191.0,1246.0,1341.0,1467.5,1479.5,2571.0,2269.0,678.0,870.0,1086.0,1256.0,1295.0,1368.0,1460.0,1495.0,1336.0,926.0,275.0,395.0,532.0,607.0,677.0,736.0,867.0,893.0,2010.5,1725.5,571.0,697.5,853.0,987.5,1052.5,1130.0,1231.0,1238.0,0.0,0.0,0.0,0.0,0.0,0.0,0.0,0.0,0.0,0.0,1649.0,1165.0,429.0,513.0,656.0,792.0,875.0,966.0,1100.0,1096.0,0.0,0.0,0.0,0.0,0.0,0.0,0.0,0.0,0.0,0.0,345.0,303.0,7765.0,8070.0,8396.0,8500.0,8400.0,7976.0,8260.0,7468.0,0.0,0.0,0.0,0.0,0.0,0.0,0.0,0.0,0.0,0.0,1986.0,1348.0,771.0,992.0,1243.0,1555.0,1873.0,2042.0,2259.0,2274.0,2983.0,2182.0,923.0,1235.0,1485.0,1935.0,2329.0,2523.0,2742.0,2717.0,1482.0,926.0,640.0,892.0,1088.0,1546.0,1941.0,2108.0,2319.0,2310.0,1025.0,684.0,606.0,890.0,1122.0,1575.0,1799.0,1887.0,2093.0,2108.0,"{""type"":""MultiPoint"",""coordinates"":[]}"
2518,3,2745.0,2051.0,816.0,1110.5,1464.5,1717.5,1854.0,1995.5,2233.0,2204.0,4561.5,4103.0,1626.5,2089.5,2686.5,2989.0,3081.0,3200.5,3476.0,3397.5,2621.5,1941.5,786.0,1000.5,1363.0,1572.5,1664.5,1825.0,1953.5,1976.5,5017.0,4674.5,1519.0,2039.5,2498.0,3063.0,3252.5,3495.0,3649.0,3722.5,2706.0,1978.5,734.0,1041.5,1335.0,1623.0,1820.0,1976.0,2153.5,2147.0,3955.0,3532.0,1496.5,1915.0,2174.0,2674.0,3176.5,3231.5,3461.5,3523.0,2952.5,2698.5,2719.5,2640.5,2428.5,2860.0,3445.5,3656.5,3602.0,3726.0,2082.0,1056.0,372.5,598.0,266.0,878.0,3260.0,4718.0,4586.5,4685.5,1729.0,791.0,182.5,419.5,154.0,605.5,3078.0,4656.0,4659.0,4748.0,1831.0,877.5,374.0,535.0,240.5,765.0,3399.5,5265.5,5085.0,5495.0,1775.0,869.0,400.5,595.5,306.5,847.5,3133.0,5103.0,5020.0,5308.5,2978.0,2378.5,1005.0,1295.5,1656.5,1903.0,2050.5,2163.5,2405.5,2320.0,1749.5,850.0,718.0,995.5,559.5,1408.0,3916.5,5154.5,5216.0,5384.0,1542.5,741.0,654.5,943.0,590.5,1430.5,3560.0,4795.0,4808.0,5096.0,1586.0,808.5,493.0,880.5,632.5,1515.5,3524.5,4519.0,4453.5,4896.5,1887.0,1007.5,709.0,998.5,815.5,1770.0,3205.5,3835.0,3803.0,4234.5,4026.5,2612.5,1036.5,1497.0,1903.5,2658.0,3159.5,3593.5,3750.5,4038.0,1947.0,1337.0,464.0,656.0,893.0,1133.0,1324.0,1489.0,1551.0,1683.0,3046.0,2316.0,678.5,919.5,1160.0,1451.5,1738.0,1906.5,2043.5,2108.5,2554.0,2136.5,1195.5,1281.0,1399.5,1756.5,2020.5,2209.0,2095.0,2407.0,2271.0,1644.0,553.5,797.5,1124.0,1338.0,1459.0,1584.0,1719.5,1840.0,2407.0,1789.5,624.0,860.5,1134.0,1390.5,1493.5,1613.5,1713.5,1785.5,2849.5,2601.5,1988.0,2011.5,2104.0,2342.0,2413.5,2464.5,2577.5,2582.5,2284.5,1629.5,676.5,919.0,1230.0,1449.0,1553.5,1728.5,1852.0,1900.5,2047.0,1411.0,801.5,1008.0,1342.0,1579.5,1692.5,1837.5,1981.5,2013.5,2350.5,1669.5,636.5,894.0,1238.0,1429.0,1545.0,1649.5,1886.5,1862.0,2433.5,1749.5,676.5,960.0,1261.0,1548.5,1664.5,1760.5,1919.5,1972.0,0.0,0.0,0.0,0.0,0.0,0.0,0.0,0.0,0.0,0.0,1687.0,1095.0,569.0,777.0,1053.0,1280.0,1439.0,1567.5,1738.5,1756.5,0.0,0.0,0.0,0.0,0.0,0.0,0.0,0.0,0.0,0.0,547.0,581.0,10636.5,10425.5,10377.0,10534.5,10098.5,9558.5,9909.0,9050.0,140.5,122.5,5430.5,5429.5,5573.0,5858.0,5546.5,5237.0,5294.5,4836.5,2945.0,2251.5,893.5,1215.5,1574.0,1883.5,2044.0,2173.5,2373.0,2348.5,3846.5,3225.0,1154.0,1514.0,1920.5,2207.0,2419.5,2546.5,2824.0,2762.5,3219.5,2552.5,939.5,1291.0,1675.5,1961.5,2120.5,2263.0,2431.0,2488.0,2495.0,1821.5,766.0,1013.0,1414.5,1594.5,1667.0,1799.5,1909.0,1935.0,"{""type"":""MultiPoint"",""coordinates"":[]}"
2528,3,1790.0,1380.0,770.0,983.0,1244.0,1412.0,1589.0,1734.0,1973.0,2072.0,3934.0,3166.0,1014.0,1329.0,1670.0,2055.0,2180.0,2367.0,2491.0,2632.0,1447.0,797.0,758.5,1046.0,1306.0,1783.5,1889.0,2090.5,2252.0,2344.0,1544.0,1121.0,1667.0,1637.5,1589.5,2075.5,2113.0,2223.0,2548.5,2484.5,4699.0,3943.0,1336.0,1849.0,2263.0,2748.0,3021.0,3170.0,3465.0,3431.0,0.0,0.0,0.0,0.0,0.0,0.0,0.0,0.0,0.0,0.0,3536.0,3265.0,4216.0,3789.0,3547.0,3962.0,3982.0,3998.0,4361.0,3977.0,5262.0,4238.0,1426.0,1840.0,2141.0,2706.0,3168.0,3548.0,3524.0,3922.0,4496.0,3541.0,1062.0,1512.0,1886.0,2327.0,2769.0,3059.0,3310.0,3386.0,1184.5,722.0,609.0,795.0,566.0,1089.0,2144.0,2579.5,2496.5,2503.5,1709.0,794.5,530.5,645.0,362.5,820.0,2849.5,4141.0,4051.5,4278.5,3030.0,2338.0,740.0,1003.0,1365.0,1637.0,1911.0,2063.0,2299.0,2314.0,1420.5,667.5,299.0,425.5,188.0,587.0,2710.0,4438.0,4245.5,4558.5,1429.0,685.5,522.0,589.5,361.5,691.5,2719.0,4825.5,4799.5,5056.5,1158.5,504.5,287.0,393.5,187.0,572.0,2561.5,4280.0,4274.5,4570.0,1544.0,716.0,389.0,715.0,346.0,1184.0,3299.0,4719.0,4612.0,5082.0,1549.0,749.0,329.0,736.0,459.0,1330.0,3317.0,4270.0,4517.0,4649.0,1640.0,877.0,368.0,723.0,588.0,1397.5,2969.5,3680.0,3755.0,4087.5,2769.0,1793.5,784.0,1232.0,1316.0,2175.0,3034.5,3529.5,3755.0,3927.5,4895.0,3529.0,1149.0,1590.0,2284.0,2701.0,2841.0,3063.0,3152.0,3494.0,4849.0,3485.0,1172.0,1589.0,2289.0,2622.0,2819.0,3035.0,3303.0,3488.0,4634.0,3302.0,1232.5,1617.0,2245.0,2620.0,2796.5,3018.5,3264.5,3413.5,3247.0,2753.0,2411.0,2437.0,2578.0,2759.0,2931.0,3042.0,3451.0,3206.0,4395.0,3182.0,1269.0,1612.0,2150.0,2483.0,2671.0,2849.0,3178.0,3253.0,1189.0,642.0,635.0,909.0,1431.0,1759.0,1896.0,2098.0,2334.0,2409.0,264.0,165.5,207.0,387.5,673.0,876.5,907.5,1018.5,1150.5,1166.0,741.0,457.5,331.5,522.0,798.0,953.0,1062.5,1135.0,1299.5,1366.0,0.0,0.0,0.0,0.0,0.0,0.0,0.0,0.0,0.0,0.0,1104.0,997.0,1057.0,1105.0,1233.0,1354.0,1281.0,1312.0,1415.5,1254.0,0.0,0.0,0.0,0.0,0.0,0.0,0.0,0.0,0.0,0.0,1047.0,1122.0,10252.0,9940.0,9930.0,10066.0,9771.0,9463.0,9880.0,9121.0,1869.0,1361.5,499.5,864.0,1219.0,1544.0,1755.5,1927.0,2127.5,2151.0,2550.5,1809.0,675.5,1008.0,1161.5,1616.5,2091.0,2258.5,2428.0,2456.0,1851.0,1301.0,775.0,1039.0,1243.0,1698.0,1868.0,1993.0,2202.0,2293.0,1793.0,1263.0,606.0,860.0,1159.0,1423.0,1567.0,1739.0,1890.0,1962.0,1151.0,723.0,737.0,998.0,1248.0,1606.0,1709.0,1846.0,2026.0,2116.0,"{""type"":""MultiPoint"",""coordinates"":[]}"
2550,3,1914.0,1260.5,634.0,855.5,1127.0,1323.5,1414.5,1519.5,1653.5,1650.5,4797.5,4442.5,1540.0,2085.5,2617.0,2992.5,3143.5,3281.5,3373.0,3458.0,2115.5,1444.5,800.0,1123.0,1465.0,1694.5,1726.0,1855.0,1944.0,1923.0,2523.0,1832.0,1071.0,1479.0,1881.0,2222.0,2187.0,2332.0,2444.0,2430.0,4726.0,4275.0,1593.0,2194.0,2744.0,3099.0,3210.0,3372.0,3558.0,3516.0,6220.0,5777.0,2113.0,2817.0,3369.0,4008.0,4184.0,4458.0,4445.0,4625.0,0.0,0.0,0.0,0.0,0.0,0.0,0.0,0.0,0.0,0.0,2121.0,1215.0,521.0,853.0,527.0,1254.0,3015.0,3635.0,3446.0,3500.0,1896.0,997.0,319.0,716.0,327.0,1163.0,3325.0,3990.0,3859.0,4002.0,1656.0,763.0,272.0,539.5,233.5,891.5,3036.5,4090.5,4061.5,4157.0,4397.5,3589.5,3875.5,3921.0,3808.0,4366.0,5519.0,6430.0,6120.5,6552.0,2609.5,2006.5,971.0,1143.0,1392.0,1586.0,1693.0,1786.0,2114.0,1959.0,1427.0,589.0,382.0,505.0,260.0,648.0,2756.0,4380.0,4213.0,4594.0,1675.0,793.0,398.0,672.0,308.0,1023.0,3397.0,5109.0,5123.0,5303.0,1924.0,942.0,591.0,940.0,507.0,1436.0,4031.0,5368.0,5361.0,5713.0,1951.0,998.0,513.0,933.0,584.0,1561.0,3646.0,4338.0,4281.0,4676.0,2130.0,1182.0,587.0,1116.0,898.0,1982.0,3366.0,3913.0,3946.0,4255.0,3687.5,2388.0,1030.5,1529.5,2106.5,2829.0,3366.5,3756.5,3944.5,4336.5,3806.0,2717.5,924.0,1284.5,1875.5,2179.0,2315.0,2538.5,2846.5,2890.5,5480.5,4753.0,4866.0,4629.5,4638.0,5124.0,4994.5,5024.0,5556.0,5124.0,3830.0,2576.0,916.0,1238.0,1628.0,1984.0,2296.0,2534.0,2781.0,2855.0,3685.0,2431.0,859.0,1197.0,1528.0,1946.0,2295.0,2560.0,2827.0,2898.0,2853.5,2346.5,873.0,1168.0,1523.0,1730.5,1839.0,1922.5,2110.5,2101.5,3559.5,2392.0,841.0,1123.5,1529.0,1888.0,2126.5,2358.5,2674.5,2681.0,2582.0,1673.0,894.0,1110.0,1603.0,1946.0,2087.0,2360.0,2614.0,2687.0,3132.5,2066.0,892.0,1197.0,1705.5,1968.0,2142.0,2314.5,2648.5,2616.0,2863.0,1949.0,932.0,1239.0,1679.0,1908.0,2082.0,2208.0,2506.0,2461.0,0.0,0.0,0.0,0.0,0.0,0.0,0.0,0.0,0.0,0.0,1830.0,1216.5,853.0,1024.0,1377.0,1574.5,1641.0,1809.5,2031.5,1983.0,0.0,0.0,0.0,0.0,0.0,0.0,0.0,0.0,0.0,0.0,1009.0,1096.0,10814.0,10402.0,10310.0,10425.0,10113.0,9730.0,10048.0,9321.0,1436.0,991.5,1824.0,1984.5,2181.0,2543.5,2488.0,2441.5,2579.0,2544.5,2712.0,2072.0,773.0,1097.0,1419.0,1656.0,1711.0,1876.0,2028.0,2018.0,2811.5,2133.5,919.0,1242.0,1572.5,1815.5,1923.0,2032.0,2213.5,2168.0,2603.0,1845.0,770.0,1098.0,1423.0,1676.0,1809.0,1957.0,2101.0,2084.0,5081.0,4765.0,1848.0,2460.0,3037.0,3414.0,3539.0,3667.0,3944.0,3862.0,"{""type"":""MultiPoint"",""coordinates"":[]}"
2555,5,1882.0,1261.0,512.0,675.0,855.0,1082.0,1329.0,1477.0,1638.0,1649.0,3245.0,2669.0,867.0,1115.5,1414.0,1644.5,1761.5,1888.5,2055.5,2126.5,2413.0,1734.0,621.0,755.0,975.0,1153.0,1249.0,1382.0,1563.0,1591.0,1264.0,811.0,471.0,547.0,622.0,805.0,926.0,1051.0,1044.0,1185.0,0.0,0.0,0.0,0.0,0.0,0.0,0.0,0.0,0.0,0.0,4120.0,3315.5,1046.0,1433.5,1570.0,2097.5,2952.0,3261.0,3421.0,3494.0,0.0,0.0,0.0,0.0,0.0,0.0,0.0,0.0,0.0,0.0,1724.0,901.5,272.5,434.0,269.0,686.5,2121.5,2581.0,2553.0,2716.0,0.0,0.0,0.0,0.0,0.0,0.0,0.0,0.0,0.0,0.0,2414.0,1225.0,415.0,616.0,381.0,912.0,3514.0,4729.0,4946.0,5104.0,2001.0,906.0,223.0,416.0,241.0,682.0,3238.0,4557.0,4577.0,4786.0,2101.0,1551.0,519.0,675.0,870.0,1109.0,1405.0,1515.0,1703.0,1745.0,2213.5,946.5,370.0,559.0,315.0,834.5,3653.0,4851.0,4805.5,5182.0,4756.0,4022.0,5063.0,4827.0,4538.0,4874.0,5663.0,6043.0,6029.0,6110.0,2201.0,1063.0,429.0,667.0,377.0,1014.0,3425.0,4376.0,4308.0,4603.0,3646.0,2864.0,3250.0,3187.5,2859.0,3610.0,4272.0,4535.5,4561.0,4733.0,2998.0,2110.0,527.0,687.5,945.0,1231.0,1389.0,1598.0,1758.5,1960.5,4393.0,3217.0,913.0,1191.0,1693.0,2058.0,2214.0,2483.0,2641.0,2873.0,3165.5,2459.0,714.5,905.5,1224.5,1425.0,1551.0,1699.5,1804.0,1934.0,3175.0,2436.0,628.0,827.0,1080.0,1341.0,1515.0,1653.0,1716.0,1853.0,2825.5,2282.0,733.5,860.0,1038.0,1269.0,1545.0,1795.5,1760.0,1992.0,3381.0,2745.0,781.0,987.0,1173.0,1494.0,1917.0,2127.0,2279.0,2331.0,0.0,0.0,0.0,0.0,0.0,0.0,0.0,0.0,0.0,0.0,3853.0,3283.0,3474.0,3242.0,3206.0,3377.0,3268.0,3333.0,3628.0,3375.0,2765.0,2324.0,678.0,843.0,1127.0,1309.0,1349.0,1459.0,1546.0,1649.0,1783.0,1207.0,347.0,475.0,712.0,801.0,865.0,997.0,1138.0,1190.0,2760.0,2386.0,614.0,758.0,1063.0,1250.0,1308.0,1454.0,1596.0,1615.0,4438.0,3731.0,3638.0,3786.0,3878.0,4072.0,3912.0,3817.0,3868.0,3786.0,3397.0,3162.0,1884.0,1937.0,2068.0,2313.0,2475.0,2575.0,2836.0,2748.0,0.0,0.0,0.0,0.0,0.0,0.0,0.0,0.0,0.0,0.0,282.0,276.0,4576.0,4790.0,4981.0,5146.0,5036.0,4865.0,4953.0,4579.0,3317.0,2696.0,1546.0,1687.0,1967.0,2282.0,2392.0,2542.0,2544.0,2757.0,2189.0,1533.0,647.5,785.5,1018.0,1211.0,1318.5,1437.5,1662.0,1635.0,3800.0,3325.0,1101.0,1409.0,1792.0,1987.0,2099.0,2267.0,2528.0,2510.0,3696.0,3300.0,1010.0,1285.0,1657.0,1883.0,2004.0,2149.0,2384.0,2399.0,4346.0,3943.0,4440.0,4243.0,4138.0,4479.0,4308.0,4328.0,4461.0,4350.0,"{""type"":""MultiPoint"",""coordinates"":[]}"
2571,3,332.0,170.0,328.5,408.0,501.5,744.0,807.0,923.0,973.0,976.5,3595.5,2918.0,1487.0,1712.0,2061.0,2444.0,2681.5,2885.5,2980.5,3094.0,0.0,0.0,0.0,0.0,0.0,0.0,0.0,0.0,0.0,0.0,2061.0,1309.0,676.5,918.5,1139.5,1491.0,1693.5,1881.0,2001.0,2060.5,2289.0,1479.0,662.5,960.0,1207.5,1586.0,1873.0,2038.0,2208.0,2220.5,1668.0,974.0,778.5,1067.5,1147.0,1711.0,2027.5,2249.5,2309.5,2382.5,0.0,0.0,0.0,0.0,0.0,0.0,0.0,0.0,0.0,0.0,3163.5,2162.5,770.5,1098.0,1195.0,1726.5,2287.5,2666.5,2642.0,2885.5,2326.5,1984.5,2303.0,2219.0,1716.0,2125.0,2922.0,3273.5,3505.5,3225.0,1757.0,838.5,399.0,648.0,273.5,882.5,2994.5,3881.0,3884.5,3870.5,0.0,0.0,0.0,0.0,0.0,0.0,0.0,0.0,0.0,0.0,774.5,501.0,340.5,505.5,650.5,916.0,1030.0,1173.5,1257.5,1344.0,1904.5,851.5,409.0,657.0,295.5,906.5,3572.5,5142.5,5170.5,5374.5,1759.5,816.5,474.5,777.5,355.5,1116.5,3772.5,5214.5,5303.5,5511.5,1868.0,873.0,411.0,819.0,408.0,1305.5,3755.5,4824.0,4783.5,5166.5,1954.0,1037.0,486.0,957.0,683.0,1707.5,3459.0,4112.5,4116.0,4513.5,2239.5,1226.0,474.0,957.0,885.5,1875.0,3131.5,3558.5,3698.0,4021.5,2474.5,1700.5,889.0,1226.5,1370.5,1964.5,2776.5,3180.0,2862.5,3565.0,3990.0,2703.5,820.5,1124.0,1657.5,2068.5,2283.0,2663.5,2742.0,3030.0,2442.5,2195.5,406.5,487.5,732.0,906.5,1039.0,1135.5,1262.5,1400.0,2655.5,2117.5,387.0,546.0,812.5,1136.5,1434.5,1570.0,1373.5,1779.5,2565.0,2075.0,389.0,570.0,786.0,1022.5,1258.5,1448.0,1517.5,1653.5,618.5,381.0,387.0,539.5,720.0,928.5,1028.5,1170.5,1316.0,1274.0,2583.5,1942.5,379.5,607.0,777.0,1090.5,1485.0,1637.0,1752.5,1883.0,0.0,0.0,0.0,0.0,0.0,0.0,0.0,0.0,0.0,0.0,2316.0,1491.5,371.5,655.0,799.5,1231.5,1831.0,2094.0,2348.5,2388.0,2567.5,1616.5,354.0,692.5,728.5,1322.0,2277.0,2485.0,2639.0,2755.0,0.0,0.0,0.0,0.0,0.0,0.0,0.0,0.0,0.0,0.0,0.0,0.0,0.0,0.0,0.0,0.0,0.0,0.0,0.0,0.0,859.0,487.0,371.5,574.5,719.0,995.5,1149.5,1241.5,1392.5,1369.5,0.0,0.0,0.0,0.0,0.0,0.0,0.0,0.0,0.0,0.0,191.0,164.5,8274.5,8226.0,8145.5,8414.0,8004.5,7549.5,7731.0,7133.0,447.5,296.0,340.0,505.0,592.5,902.5,1004.5,1109.5,1212.0,1182.5,651.5,372.5,371.5,522.0,602.5,939.5,1141.0,1280.0,1403.5,1372.0,816.5,495.5,384.5,607.0,696.5,1066.0,1315.5,1458.0,1542.0,1537.5,3627.5,2738.0,1499.0,1767.0,1841.5,2376.0,2870.0,3041.5,3338.0,3253.0,"{""type"":""MultiPoint"",""coordinates"":[]}"
2572,3,44.0,66.5,677.5,892.5,908.0,1012.5,675.0,679.0,668.0,473.0,3601.5,3267.0,921.0,1240.5,1558.0,1850.5,1976.0,2121.0,2273.0,2324.0,1837.0,1279.0,575.0,717.0,862.5,1034.5,1141.0,1244.0,1419.5,1443.5,2831.0,2433.5,939.0,1188.0,1366.0,1648.0,1792.5,1924.0,2049.5,2067.5,2097.0,1537.0,502.0,695.5,831.5,1085.5,1251.5,1369.5,1492.5,1522.5,2155.5,1529.0,2173.0,2393.0,2362.0,2972.5,3356.5,3550.5,3179.5,3454.5,0.0,0.0,0.0,0.0,0.0,0.0,0.0,0.0,0.0,0.0,1935.0,968.5,320.0,520.0,249.0,748.0,3004.0,4275.0,4221.5,4307.0,1839.0,889.0,411.0,562.5,292.5,823.0,3257.0,4650.5,4688.0,4824.5,1675.5,820.0,365.5,564.5,260.5,791.0,3355.0,4884.0,4962.0,5086.5,1655.0,824.0,375.5,628.0,364.0,942.0,3268.0,4870.5,4911.5,5095.5,137.5,122.0,501.5,668.0,716.5,832.5,616.0,633.0,617.0,486.5,1684.0,788.0,603.0,912.5,477.0,1322.0,3943.0,5263.0,5147.0,5632.0,1654.0,792.0,607.0,981.0,604.5,1634.0,3652.5,4461.0,4669.0,4608.0,1869.0,993.5,545.5,1061.5,827.0,1914.0,3426.0,3980.0,3991.0,4279.0,2532.0,1552.0,730.0,1285.0,1138.0,2185.5,3293.0,3718.0,3719.0,3999.0,3013.0,2161.5,753.0,1101.0,1286.5,1789.0,2357.5,2658.0,2708.0,2935.0,3454.0,2535.5,760.5,1095.0,1335.5,1839.5,2401.5,2685.5,2866.5,2999.0,2960.0,2294.5,851.5,1143.5,1566.5,1876.0,1965.0,2118.0,2203.0,2326.0,3846.5,3093.5,2393.0,2536.5,2746.5,3177.0,3285.0,3403.0,3361.0,3566.0,3715.5,2989.0,942.5,1224.5,1621.0,1986.5,2159.0,2286.5,2444.0,2585.0,3482.5,2910.0,947.5,1171.5,1503.5,1811.5,1968.0,2134.5,2293.0,2390.0,77.0,62.0,532.0,605.5,605.5,677.0,563.5,548.5,533.0,395.0,2801.0,2354.0,703.5,891.0,1210.0,1417.0,1544.5,1655.0,1866.0,1931.5,4493.5,4044.5,2577.0,2736.0,2980.5,3272.0,3307.5,3351.0,3611.5,3518.0,2240.5,1678.5,572.5,781.5,1122.5,1268.0,1367.0,1529.0,1747.0,1729.0,3033.5,2596.0,911.5,1111.5,1431.0,1657.5,1722.5,1856.5,2073.5,2108.0,0.0,0.0,0.0,0.0,0.0,0.0,0.0,0.0,0.0,0.0,1942.5,1409.0,666.0,779.5,1012.0,1228.0,1308.5,1446.5,1543.0,1623.5,0.0,0.0,0.0,0.0,0.0,0.0,0.0,0.0,0.0,0.0,44.5,53.5,9405.5,9468.0,9458.5,9620.5,9238.5,8464.0,8645.5,7793.5,113.0,115.0,4561.0,4711.0,4678.0,4755.5,3990.0,3403.5,3238.0,2717.5,1807.5,1248.5,587.0,775.0,920.5,1159.0,1266.0,1379.5,1583.0,1516.0,2203.5,1589.5,589.0,828.5,982.0,1238.5,1369.5,1477.0,1673.0,1659.0,2074.5,1538.5,560.5,755.5,887.5,1153.0,1313.5,1395.0,1603.5,1558.5,2595.5,2190.0,993.5,1156.5,1258.5,1493.5,1538.5,1637.0,1776.0,1766.5,"{""type"":""MultiPoint"",""coordinates"":[]}"
2598,5,1757.0,996.0,496.0,687.0,974.0,1233.0,1427.0,1583.0,1761.0,1830.0,4702.0,4206.0,1152.0,1715.0,2339.0,2916.0,3232.0,3518.0,3552.0,3715.0,0.0,0.0,0.0,0.0,0.0,0.0,0.0,0.0,0.0,0.0,2816.5,2188.0,1473.0,1608.5,1751.0,2097.0,2374.5,2508.0,2586.5,2610.0,3017.0,2388.0,709.0,1014.0,1418.0,1733.0,1879.0,2074.0,2200.0,2306.0,3256.0,2473.0,806.0,1114.0,1582.0,1978.0,2037.0,2155.0,2223.0,2387.0,0.0,0.0,0.0,0.0,0.0,0.0,0.0,0.0,0.0,0.0,1481.0,1192.0,644.0,796.0,995.0,1153.0,1215.0,1231.0,1264.0,1305.0,3104.0,2351.0,636.0,968.0,1290.0,1732.0,2103.0,2276.0,2368.0,2541.0,4569.0,3817.0,1011.0,1524.0,1838.0,2504.0,3739.0,4204.0,4124.0,4496.0,4289.0,2983.0,1050.0,1483.0,1486.0,2272.0,4294.0,4788.0,4841.0,5142.0,2984.0,2245.0,886.5,1116.0,1397.0,1688.0,1876.5,2025.5,2305.0,2256.5,2670.0,1545.0,444.5,734.5,551.0,1177.5,3403.5,4150.0,4015.0,4426.0,2677.0,1407.0,425.0,687.0,463.0,1067.0,3937.0,5252.0,5158.0,5678.0,2502.5,1469.0,555.5,788.0,677.0,1196.0,3129.0,4033.0,3989.0,4399.0,2004.0,1048.5,242.5,450.5,322.0,789.5,2771.0,3560.0,3480.5,3824.0,2042.0,1178.0,284.0,527.0,457.0,922.0,2595.0,3242.0,3244.0,3550.0,2158.0,1274.5,405.5,640.5,535.5,1044.5,2548.5,3143.0,3161.0,3447.0,1227.0,697.5,254.5,457.0,349.5,767.5,1542.0,1759.0,1828.0,1906.5,2765.0,1987.0,454.0,773.0,982.0,1479.0,1791.0,2033.0,2171.0,2429.0,3059.0,2342.0,432.0,711.0,1044.0,1359.0,1533.0,1737.0,1895.0,2093.0,3184.5,2572.5,546.5,778.5,1141.0,1392.0,1518.0,1679.5,1835.5,1996.0,3156.5,2441.5,1204.5,1430.5,1716.5,2051.0,2326.5,2450.5,2614.5,2662.0,3252.0,2463.0,725.0,1004.5,1457.5,1698.0,1839.5,2014.0,2220.0,2318.0,2460.0,1816.0,873.0,1067.5,1379.5,1617.0,1734.0,1872.0,2012.0,2071.0,3308.0,2455.0,877.0,1148.0,1568.0,1814.0,1988.0,2139.0,2412.0,2382.0,3328.0,2483.0,910.0,1186.0,1568.0,1853.0,1996.0,2094.0,2315.0,2384.0,0.0,0.0,0.0,0.0,0.0,0.0,0.0,0.0,0.0,0.0,1113.0,711.0,132.0,376.0,530.0,733.0,986.0,1107.0,1217.0,1248.0,3035.0,2189.0,818.0,1105.0,1367.0,1711.0,2016.0,2132.0,2365.0,2335.0,0.0,0.0,0.0,0.0,0.0,0.0,0.0,0.0,0.0,0.0,173.0,150.0,9807.0,9701.0,9746.0,10066.0,9397.0,8870.0,8935.0,8190.0,2991.0,2169.0,727.0,1028.0,1240.0,1655.0,2087.0,2229.0,2432.0,2461.0,2526.0,1993.0,618.0,870.0,1206.0,1501.0,1744.0,1889.0,2049.0,2071.0,2806.0,2138.5,665.5,984.0,1337.5,1711.5,2018.5,2167.0,2316.5,2341.5,5026.5,4546.5,1264.0,1840.5,2471.5,3079.5,3521.5,3746.5,3967.0,4061.0,"{""type"":""MultiPoint"",""coordinates"":[]}"
2613,2,2473.5,1643.5,495.5,680.0,804.0,1256.0,1754.0,1979.0,2327.0,2325.5,3498.0,2538.0,855.5,1146.5,1532.0,1865.5,2029.0,2198.0,2460.0,2569.0,3259.5,2403.0,815.0,1053.0,1388.0,1656.5,1790.5,1979.5,2203.5,2272.5,0.0,0.0,0.0,0.0,0.0,0.0,0.0,0.0,0.0,0.0,0.0,0.0,0.0,0.0,0.0,0.0,0.0,0.0,0.0,0.0,4650.0,3746.5,1287.5,1505.0,1864.0,2208.5,2395.5,2649.0,2833.5,3025.0,0.0,0.0,0.0,0.0,0.0,0.0,0.0,0.0,0.0,0.0,0.0,0.0,0.0,0.0,0.0,0.0,0.0,0.0,0.0,0.0,0.0,0.0,0.0,0.0,0.0,0.0,0.0,0.0,0.0,0.0,3990.0,2952.0,752.5,1031.0,989.0,1561.5,2812.5,3176.5,3345.0,3533.0,3209.5,1907.0,558.5,818.5,569.5,1265.0,3514.0,4179.5,4149.0,4315.5,2904.5,2095.0,631.0,818.0,998.5,1435.5,1939.0,2157.0,2500.5,2464.0,2450.0,1137.5,441.5,677.0,363.0,1053.5,3718.0,4712.0,4709.0,4782.5,2392.5,1035.5,506.5,714.5,367.5,1066.5,4453.5,5619.5,5658.0,5735.0,0.0,0.0,0.0,0.0,0.0,0.0,0.0,0.0,0.0,0.0,2420.5,954.0,439.5,668.0,366.0,1082.0,4813.0,6052.5,5915.0,6342.5,2365.5,983.5,364.5,592.5,331.0,1040.0,4363.0,5342.0,5598.5,5703.0,0.0,0.0,0.0,0.0,0.0,0.0,0.0,0.0,0.0,0.0,2424.5,1330.5,583.5,761.0,668.5,1496.5,3715.0,4286.0,4412.0,4530.5,2554.5,1400.5,611.5,712.5,677.5,1422.0,3029.5,3452.0,3582.0,3789.5,3163.0,2066.0,743.5,872.5,1083.0,1615.0,2081.5,2355.0,2733.5,2847.0,3212.5,2284.0,978.5,1053.5,1311.0,1592.5,1774.0,2005.0,2296.5,2430.0,0.0,0.0,0.0,0.0,0.0,0.0,0.0,0.0,0.0,0.0,3117.5,2122.0,471.0,628.5,897.5,1193.5,1433.0,1659.5,1946.5,2079.5,0.0,0.0,0.0,0.0,0.0,0.0,0.0,0.0,0.0,0.0,2851.0,1814.0,436.0,727.0,1060.0,1555.0,1965.0,2267.5,2664.0,2816.5,1787.5,1292.5,330.0,487.0,745.0,866.0,982.0,1101.0,1244.0,1317.0,0.0,0.0,0.0,0.0,0.0,0.0,0.0,0.0,0.0,0.0,2154.0,1624.5,535.0,678.0,911.0,1101.0,1266.0,1387.5,1605.5,1640.5,0.0,0.0,0.0,0.0,0.0,0.0,0.0,0.0,0.0,0.0,1202.0,1267.0,10358.0,10093.0,10171.5,10297.0,10011.5,9699.0,10057.5,9391.5,2924.5,2127.0,945.5,1166.5,1360.5,1726.5,2076.0,2280.5,2432.5,2619.5,2713.0,1943.5,543.5,739.5,886.0,1337.0,1897.5,2126.5,2418.0,2441.0,0.0,0.0,0.0,0.0,0.0,0.0,0.0,0.0,0.0,0.0,2364.0,1494.5,441.0,759.0,712.0,1443.0,2264.5,2507.5,2799.0,2802.5,3039.0,1950.0,847.0,1183.5,1312.5,2074.5,2549.0,2801.5,3059.0,3156.0,"{""type"":""MultiPoint"",""coordinates"":[]}"
2618,2,2895.0,2133.0,777.0,1065.0,1430.0,1744.0,1960.0,2187.0,2364.0,2291.0,4447.0,3670.0,1099.0,1643.0,1870.0,2594.0,3051.0,3229.0,3355.0,3560.0,1829.0,1195.0,687.0,918.0,1024.0,1314.0,1748.0,1877.0,1956.0,1906.0,3096.0,2172.0,805.0,1319.0,1450.0,1890.0,2780.0,3018.0,3121.0,3115.0,3095.0,2290.0,834.0,1231.0,1364.0,1943.0,2869.0,3119.0,3276.0,3156.0,5117.0,4279.0,1232.0,1825.0,1943.0,2716.0,3912.0,4321.0,4321.0,4466.0,2677.0,1720.0,329.0,916.0,1035.0,1758.0,2883.0,3289.0,3173.0,3359.0,4374.0,3525.0,932.0,1441.0,1543.0,2266.0,3795.0,4289.0,4275.0,4488.0,4206.0,3202.0,906.0,1528.0,1728.0,2548.0,3361.0,3922.0,3881.0,3855.0,4171.0,3174.5,973.5,1466.5,1675.5,2370.0,3429.0,3703.5,3659.5,3980.0,3679.0,2792.0,3249.0,3084.0,2734.0,3342.0,5043.0,5749.0,5756.0,5901.0,3444.0,2776.0,985.0,1401.0,1735.0,2009.0,2372.0,2553.0,2695.0,2675.0,3521.0,2253.5,895.5,1346.0,1410.0,2009.0,3536.5,4145.5,3803.5,4324.0,3595.0,2546.0,933.0,1381.0,1433.0,1982.0,3536.0,4199.0,4013.0,4580.0,3339.0,2205.0,815.0,1276.5,1348.0,1935.5,3547.5,3996.0,3764.5,4163.0,3396.0,2186.0,842.0,1233.0,1302.0,1877.0,3604.0,4351.0,3919.0,4572.0,3228.5,2153.5,756.0,1207.0,1247.0,1842.0,3335.5,3955.5,3879.0,4186.0,2951.0,1865.0,726.0,1150.0,1254.0,1729.0,3020.0,3530.0,3446.0,3655.0,3209.0,2105.0,729.0,1121.0,1235.0,1806.0,2896.0,3227.0,3308.0,3556.0,3110.0,2162.0,672.0,1021.0,1114.0,1683.0,2521.0,2768.0,2814.0,2929.0,3365.5,2462.5,681.5,1100.0,1255.5,1759.5,2542.5,2949.5,3161.0,3141.0,3623.0,2703.0,813.0,1216.0,1385.0,1875.0,2699.0,2950.0,3096.0,3293.0,0.0,0.0,0.0,0.0,0.0,0.0,0.0,0.0,0.0,0.0,3568.0,2526.0,805.0,1280.0,1593.0,1935.0,2651.0,2913.0,3085.0,3028.0,0.0,0.0,0.0,0.0,0.0,0.0,0.0,0.0,0.0,0.0,2950.0,1999.0,545.0,925.5,1290.0,1648.5,2089.5,2329.5,2623.5,2597.0,3306.0,2354.0,616.0,1012.0,1436.0,1857.0,2186.0,2473.0,2649.0,2702.0,0.0,0.0,0.0,0.0,0.0,0.0,0.0,0.0,0.0,0.0,3230.0,2356.0,678.0,1027.0,1399.0,1709.0,2086.0,2221.0,2521.0,2452.0,0.0,0.0,0.0,0.0,0.0,0.0,0.0,0.0,0.0,0.0,752.0,802.0,9518.0,9246.0,9404.0,9687.0,9415.0,8885.0,9368.0,8757.0,2640.0,1906.0,960.0,1226.0,1424.0,1759.0,2078.0,2240.0,2265.0,2365.0,3402.0,2566.0,859.0,1272.0,1501.0,1883.0,2239.0,2407.0,2684.0,2725.0,3422.5,2600.0,902.5,1329.0,1622.0,2083.0,2395.0,2500.5,2689.0,2707.0,2980.0,2178.0,716.0,1172.0,1422.0,1855.0,2136.0,2282.0,2505.0,2379.0,2716.0,2021.0,715.0,1105.0,1386.0,1746.0,2121.0,2307.0,2352.0,2395.0,"{""type"":""MultiPoint"",""coordinates"":[]}"
2687,3,2059.0,1389.5,645.0,848.0,1073.5,1340.5,1510.0,1615.5,1846.5,1855.5,3611.5,2998.0,1044.0,1397.0,1852.0,2051.5,2160.5,2361.5,2571.0,2514.0,2132.0,1414.5,724.5,919.5,1217.5,1369.5,1453.5,1575.5,1791.5,1700.5,2298.5,1738.0,783.5,986.5,1277.0,1450.5,1599.5,1756.0,1956.5,1818.0,0.0,0.0,0.0,0.0,0.0,0.0,0.0,0.0,0.0,0.0,3793.5,3222.5,1201.0,1520.5,1921.5,2214.0,2359.0,2546.0,2664.0,2715.5,0.0,0.0,0.0,0.0,0.0,0.0,0.0,0.0,0.0,0.0,2501.0,1678.5,672.0,1005.0,939.5,1519.0,2616.0,3101.0,3419.5,3314.5,0.0,0.0,0.0,0.0,0.0,0.0,0.0,0.0,0.0,0.0,2257.5,1342.0,584.0,875.5,767.5,1271.0,2769.5,3528.0,3703.0,3722.0,1911.0,1007.0,507.0,741.0,492.0,985.0,3119.5,4419.5,4297.5,4570.0,2213.0,1690.5,624.0,797.0,1042.5,1284.0,1504.0,1512.0,1701.0,1660.0,2150.0,1130.5,506.5,727.0,629.0,1122.5,2925.0,4001.0,3773.0,4231.5,1984.0,1096.5,509.0,739.5,587.5,1127.0,2852.5,3940.0,3910.5,4173.5,3441.5,3825.5,2312.5,2474.5,2508.0,3159.5,4121.5,4766.5,4248.0,5026.0,1865.0,1048.0,459.5,723.5,596.0,1182.5,2815.5,3597.5,3321.5,3908.5,3091.0,2015.0,640.0,1009.5,1151.0,1711.5,2852.5,3340.0,3469.5,3658.0,1039.5,636.0,2585.0,2338.0,2100.5,2259.0,2408.0,2597.0,2460.0,2703.0,2443.0,1730.0,539.5,791.0,945.5,1319.0,1855.0,2106.0,2331.5,2323.5,2510.5,1760.0,695.0,881.5,1010.0,1318.0,1649.0,1915.0,2024.0,2005.5,2864.5,2144.0,632.5,882.5,1128.0,1455.0,1790.5,1907.5,2210.5,2144.0,2825.0,2288.5,693.5,897.5,1190.5,1501.5,1652.0,1839.0,2048.0,2101.0,0.0,0.0,0.0,0.0,0.0,0.0,0.0,0.0,0.0,0.0,2316.5,1693.5,596.0,799.5,1061.5,1268.0,1431.0,1436.5,1740.0,1657.0,0.0,0.0,0.0,0.0,0.0,0.0,0.0,0.0,0.0,0.0,1585.5,1011.0,361.5,545.0,795.0,918.0,1037.5,1128.0,1277.0,1391.0,1393.0,988.5,533.5,616.5,782.5,843.0,865.0,1043.5,1153.0,1165.0,0.0,0.0,0.0,0.0,0.0,0.0,0.0,0.0,0.0,0.0,1826.5,1217.0,508.5,693.0,902.0,1011.0,1127.0,1338.5,1530.5,1515.5,0.0,0.0,0.0,0.0,0.0,0.0,0.0,0.0,0.0,0.0,955.5,1048.5,10919.5,10453.5,10388.5,10590.5,10188.5,9911.5,10132.0,9525.0,0.0,0.0,0.0,0.0,0.0,0.0,0.0,0.0,0.0,0.0,2532.5,1827.5,689.0,931.5,1184.5,1430.5,1737.0,1940.5,2052.5,2069.0,2778.0,2007.5,784.0,1057.0,1270.0,1559.0,1835.5,2050.5,2484.5,2285.0,2236.0,1461.0,607.5,875.0,1056.0,1443.0,1694.0,1840.0,2217.0,2120.5,2798.0,1850.5,1018.0,1223.0,1575.0,1671.0,1804.0,2146.0,2364.5,2418.5,"{""type"":""MultiPoint"",""coordinates"":[]}"
2701,1,2444.0,1463.0,561.0,808.0,860.0,1679.0,2879.0,3167.0,3490.0,3419.0,4264.0,3306.0,923.0,1233.0,1636.0,1946.0,2132.0,2338.0,2582.0,2679.0,4313.0,3143.0,1295.0,1518.0,1940.0,2250.0,2462.0,2668.0,3008.0,3079.0,4170.0,3146.0,945.0,1212.0,1488.0,1885.0,2184.0,2384.0,2641.0,2701.0,4394.0,3363.0,973.0,1284.0,1465.0,1985.0,2460.0,2726.0,2921.0,3018.0,4379.0,3215.0,846.0,1194.0,1265.0,1758.0,2909.0,3390.0,3505.0,3730.0,0.0,0.0,0.0,0.0,0.0,0.0,0.0,0.0,0.0,0.0,2123.0,888.0,187.0,475.0,159.0,590.0,3900.0,5715.0,5847.0,5852.0,1582.5,873.5,794.5,839.0,639.0,867.5,2581.5,4100.5,3970.5,4250.0,1766.0,737.0,272.5,454.5,242.5,577.5,3135.0,5182.0,5228.0,5444.0,1835.0,765.0,343.0,494.0,298.0,607.0,3021.0,5099.0,5194.0,5437.0,2620.0,1629.0,585.0,835.0,966.0,1755.0,2842.0,3097.0,3484.0,3343.0,1901.0,780.0,416.0,574.0,342.5,701.0,3301.0,5433.5,5438.0,5817.0,1529.5,781.5,557.0,646.0,486.0,776.0,2520.5,3620.5,3529.5,3879.0,1946.0,919.0,411.0,651.0,453.0,962.0,2787.0,3724.0,3675.0,4070.0,3207.0,2389.0,1877.0,1916.5,1943.5,2428.5,3086.5,3306.0,3474.5,3544.5,2768.5,1972.5,388.5,528.5,797.0,977.5,1139.5,1291.0,1415.5,1536.0,0.0,0.0,0.0,0.0,0.0,0.0,0.0,0.0,0.0,0.0,4640.0,3343.0,973.5,1355.0,2040.5,2399.0,2574.5,2843.5,3091.5,3226.5,4225.0,2951.0,895.0,1228.0,1706.0,2109.0,2348.0,2545.0,2655.0,2916.0,3895.5,2570.5,763.5,1157.5,1442.5,1940.5,2511.5,2778.5,3004.0,3139.5,3078.0,1837.5,614.0,1032.5,1018.5,1679.0,2733.0,3006.5,3231.5,3298.0,0.0,0.0,0.0,0.0,0.0,0.0,0.0,0.0,0.0,0.0,3054.0,1773.0,524.0,902.0,941.0,1695.0,2628.0,2989.0,3289.0,3359.0,0.0,0.0,0.0,0.0,0.0,0.0,0.0,0.0,0.0,0.0,2644.0,1600.0,565.0,928.0,1280.0,1940.0,2720.0,3023.0,3338.0,3342.0,3134.0,1958.5,749.5,1062.0,1338.0,2020.0,2843.5,3094.5,3342.0,3464.0,0.0,0.0,0.0,0.0,0.0,0.0,0.0,0.0,0.0,0.0,2830.0,1844.0,574.0,871.0,982.0,1575.0,2565.0,2775.0,3120.0,3078.0,0.0,0.0,0.0,0.0,0.0,0.0,0.0,0.0,0.0,0.0,573.0,624.0,10706.0,10364.0,10266.0,10262.0,9890.0,9450.0,9940.0,9131.0,0.0,0.0,0.0,0.0,0.0,0.0,0.0,0.0,0.0,0.0,2835.0,1822.0,499.0,791.0,940.0,1665.0,2541.0,2813.0,3165.0,3160.0,3019.5,1932.5,666.0,1032.5,1129.5,1870.5,2480.5,2742.5,3039.0,3066.0,3098.5,2271.0,1508.0,1666.5,1842.5,2288.0,2509.0,2639.5,2836.0,2881.5,0.0,0.0,0.0,0.0,0.0,0.0,0.0,0.0,0.0,0.0,"{""type"":""MultiPoint"",""coordinates"":[]}"
2732,1,2423.0,1952.5,682.5,926.5,1214.0,1463.5,1594.0,1717.5,1854.5,1875.0,4797.0,4614.5,1649.5,2101.5,2599.5,2940.5,3061.0,3231.0,3441.0,3476.0,2369.0,1759.5,705.0,947.5,1176.5,1410.5,1582.0,1722.0,1842.5,1900.5,2599.0,1888.5,875.0,1146.0,1302.5,1635.5,1979.5,2194.0,2287.5,2325.5,0.0,0.0,0.0,0.0,0.0,0.0,0.0,0.0,0.0,0.0,3445.5,2762.0,915.0,1270.5,1369.0,1829.0,2786.0,3195.5,3253.0,3372.5,0.0,0.0,0.0,0.0,0.0,0.0,0.0,0.0,0.0,0.0,0.0,0.0,0.0,0.0,0.0,0.0,0.0,0.0,0.0,0.0,0.0,0.0,0.0,0.0,0.0,0.0,0.0,0.0,0.0,0.0,1855.0,896.5,369.5,521.0,336.5,613.5,2589.0,3830.5,3779.0,3973.5,1860.5,849.0,324.0,483.5,310.5,602.5,2582.5,3816.5,3664.0,4007.0,3091.0,2696.5,892.0,1195.0,1510.5,1753.0,1899.0,2002.0,2230.0,2199.5,5639.0,5040.0,6457.5,6299.0,6184.5,6803.0,6966.5,7288.5,6716.0,7254.5,2074.5,1057.0,397.0,635.5,438.5,882.5,2977.5,3943.5,3950.5,4226.5,0.0,0.0,0.0,0.0,0.0,0.0,0.0,0.0,0.0,0.0,2078.5,1363.5,419.5,579.0,584.5,916.0,1567.5,1936.5,1809.0,2159.5,2557.0,1949.5,429.5,618.5,757.0,1029.0,1429.0,1667.0,1769.0,1918.5,0.0,0.0,0.0,0.0,0.0,0.0,0.0,0.0,0.0,0.0,2607.0,2055.5,541.5,697.0,850.0,1115.5,1385.5,1581.5,1620.5,1870.5,0.0,0.0,0.0,0.0,0.0,0.0,0.0,0.0,0.0,0.0,3105.5,2705.0,808.5,1094.0,1511.0,1737.0,1849.5,2037.0,2214.5,2244.0,3574.0,3172.5,1030.5,1415.5,1821.5,2146.5,2349.0,2509.5,2623.5,2769.5,0.0,0.0,0.0,0.0,0.0,0.0,0.0,0.0,0.0,0.0,3833.5,3309.5,1059.0,1477.0,1831.0,2267.0,2503.0,2716.0,2917.5,2942.5,0.0,0.0,0.0,0.0,0.0,0.0,0.0,0.0,0.0,0.0,2302.0,1704.0,528.0,798.0,1186.0,1451.5,1549.0,1684.5,1831.0,1917.5,3758.5,3135.5,2974.5,2947.0,3022.0,3272.5,3333.0,3391.5,3752.5,3509.0,0.0,0.0,0.0,0.0,0.0,0.0,0.0,0.0,0.0,0.0,2721.5,2202.0,714.5,974.0,1341.5,1562.0,1705.5,1821.0,2011.5,2013.0,0.0,0.0,0.0,0.0,0.0,0.0,0.0,0.0,0.0,0.0,921.5,1011.5,10306.0,10083.0,10146.0,10410.5,10159.0,9679.5,10012.0,9366.0,0.0,0.0,0.0,0.0,0.0,0.0,0.0,0.0,0.0,0.0,2858.5,2391.0,838.0,1120.0,1380.0,1669.0,1843.5,1992.0,2182.5,2150.0,2916.0,2400.0,828.0,1150.0,1325.0,1694.0,2020.0,2187.0,2374.0,2371.0,2339.0,1756.0,617.5,914.5,1168.0,1526.5,1708.5,1834.5,2027.0,2017.0,4690.0,4579.5,1531.0,1979.5,2446.0,2845.5,2995.0,3180.0,3376.5,3413.5,"{""type"":""MultiPoint"",""coordinates"":[]}"
2734,3,1990.0,1329.5,641.5,926.0,1171.0,1435.5,1662.0,1761.0,2062.0,1947.5,5048.0,4623.0,1509.0,2118.0,2676.0,3174.0,3415.0,3615.0,3723.0,3804.0,2441.0,1696.5,724.5,1051.0,1303.5,1646.5,1836.5,1939.5,2218.0,2128.0,2880.5,2097.5,2550.5,2371.5,2329.0,2603.5,2643.5,2679.0,3297.0,2715.0,4815.0,4534.0,1536.0,2149.0,2649.0,3014.0,3178.0,3450.0,3682.0,3660.0,4508.0,4312.0,1479.0,1939.0,2383.0,2947.0,2980.0,3365.0,2947.0,3632.0,0.0,0.0,0.0,0.0,0.0,0.0,0.0,0.0,0.0,0.0,3578.0,2716.0,989.0,1489.0,1524.0,2131.0,3710.0,4321.0,4209.0,4378.0,2751.0,1920.0,852.0,1055.0,953.0,1529.0,3018.0,3466.0,3647.0,3640.0,3093.5,2133.5,758.5,1141.0,1108.5,1534.5,3450.5,4475.5,4479.5,4680.5,2958.0,2121.0,856.0,1198.0,1097.0,1669.0,3495.0,4766.0,4601.0,4991.0,3146.0,2670.5,1263.5,1586.0,1866.0,2121.5,2408.5,2476.0,2830.0,2676.0,2163.0,1365.0,718.0,944.0,853.0,1340.0,3121.0,4339.0,4076.0,4580.0,2396.0,1619.0,746.0,1071.0,970.0,1306.0,3360.0,4668.0,4447.0,4914.0,2293.0,1374.0,718.0,993.0,940.0,1588.0,3321.0,4293.0,4058.0,4468.0,2182.0,1336.0,628.0,995.0,828.0,1482.0,3113.0,4069.0,3781.0,4130.0,2481.0,1498.0,682.0,1094.0,1159.0,1766.0,3210.0,3908.0,3933.0,4080.0,3599.0,2365.0,961.0,1511.0,2014.0,2707.0,3451.0,4205.0,4119.0,4459.0,3802.0,2760.5,922.5,1349.5,1727.5,2253.0,3174.5,3561.5,3642.0,3905.0,2649.0,1958.5,897.5,1131.0,1334.5,1700.5,2077.5,2295.5,2323.0,2490.5,3900.0,2754.0,975.0,1350.0,1685.0,2252.0,2767.0,3068.0,3371.0,3421.0,4204.0,3184.0,1039.0,1477.0,2039.0,2509.0,2776.0,3029.0,3333.0,3391.0,2248.0,1676.0,810.5,1082.5,1318.5,1591.5,1788.0,1857.5,2164.0,2071.5,3125.0,2683.0,834.0,1165.0,1560.0,1564.0,1649.0,2130.0,2363.0,2026.0,1817.0,1243.0,625.0,832.0,1219.0,1333.0,1534.0,1545.0,1963.0,1970.0,2559.5,1870.5,658.0,967.0,1392.5,1495.0,1598.0,1753.0,2112.5,2025.0,3395.0,2788.0,941.0,1278.0,1746.0,1929.0,2056.0,2278.0,2456.0,2500.0,0.0,0.0,0.0,0.0,0.0,0.0,0.0,0.0,0.0,0.0,2184.0,1605.0,808.5,1044.5,1361.0,1585.0,1644.0,1863.5,2052.0,1942.5,0.0,0.0,0.0,0.0,0.0,0.0,0.0,0.0,0.0,0.0,925.0,1004.0,10266.0,10014.0,10026.0,10203.0,9917.0,9575.0,9912.0,9238.0,1758.0,1242.5,642.0,1001.5,1303.5,1501.0,1705.0,1858.5,2097.0,2029.0,3028.0,2461.0,905.0,1322.0,1622.0,1916.0,2266.0,2403.0,2758.0,2563.0,3009.5,2377.5,956.0,1345.0,1552.5,1983.0,2309.0,2524.5,2867.0,2637.0,2622.0,1866.0,734.0,1133.0,1313.0,1738.0,2228.0,2451.0,2691.0,2647.0,4760.0,4350.5,1571.0,2171.0,2584.0,3144.5,3542.5,3754.0,4018.5,3954.0,"{""type"":""MultiPoint"",""coordinates"":[]}"
2743,5,2359.0,1661.0,658.0,886.0,1189.0,1408.0,1595.0,1737.0,1963.0,1939.0,4623.0,4383.0,1292.0,1703.0,2306.0,2618.0,2743.0,2942.0,3130.0,3214.0,2530.5,1762.0,723.5,918.0,1281.0,1501.0,1605.5,1781.5,1917.5,2005.5,2826.0,2040.0,801.0,1061.0,1449.0,1725.0,1898.0,2071.0,2273.0,2285.0,0.0,0.0,0.0,0.0,0.0,0.0,0.0,0.0,0.0,0.0,3630.5,3249.5,1241.5,1564.5,1789.5,2247.0,2646.5,2872.5,2925.5,3001.0,0.0,0.0,0.0,0.0,0.0,0.0,0.0,0.0,0.0,0.0,3742.0,2500.0,547.0,994.0,814.0,1701.0,4031.0,4700.0,4904.0,4955.0,0.0,0.0,0.0,0.0,0.0,0.0,0.0,0.0,0.0,0.0,2029.5,870.0,1000.0,937.5,497.0,958.5,3727.5,5126.0,5267.0,5300.0,2649.0,1130.0,400.0,561.0,301.0,827.0,4506.0,6694.0,6676.0,6990.0,2474.0,1892.0,705.0,913.0,1234.0,1473.0,1646.0,1792.0,1944.0,1961.0,2477.5,967.0,294.0,423.5,210.0,669.5,4399.5,6711.0,6613.0,7148.0,1990.0,830.0,371.0,469.0,269.0,633.0,3633.0,5479.0,5595.0,5778.0,3020.0,1757.0,1252.0,1773.0,1434.0,1854.0,4461.0,6087.0,5658.0,6308.0,2168.0,911.0,398.0,536.0,298.0,788.0,3676.0,5150.0,4965.0,5450.0,1998.0,921.5,329.5,647.0,368.5,1124.5,3381.5,4154.0,4321.0,4432.5,0.0,0.0,0.0,0.0,0.0,0.0,0.0,0.0,0.0,0.0,2767.5,1994.5,487.5,696.5,993.5,1338.0,1525.0,1722.5,1907.0,2029.0,1091.0,795.0,608.0,628.0,652.0,754.0,781.0,805.0,798.0,845.0,3952.0,2949.0,981.5,1271.5,1804.5,2097.5,2245.0,2419.0,2605.5,2719.5,4208.0,3340.0,1110.0,1403.0,1879.0,2243.0,2368.0,2596.0,2712.0,2837.0,0.0,0.0,0.0,0.0,0.0,0.0,0.0,0.0,0.0,0.0,2270.0,1835.0,487.0,680.0,973.0,1178.0,1289.0,1378.0,1478.0,1561.0,0.0,0.0,0.0,0.0,0.0,0.0,0.0,0.0,0.0,0.0,2126.0,1432.0,524.0,735.0,1107.0,1315.0,1458.0,1613.0,1758.0,1757.0,2657.0,2027.5,885.0,1122.0,1428.5,1673.0,1753.0,1900.0,2108.0,2039.5,0.0,0.0,0.0,0.0,0.0,0.0,0.0,0.0,0.0,0.0,2419.0,1730.0,684.0,930.0,1219.0,1522.0,1777.0,1946.0,2122.0,2101.0,0.0,0.0,0.0,0.0,0.0,0.0,0.0,0.0,0.0,0.0,941.0,1008.0,10996.0,10510.0,10462.0,10511.0,10136.0,9816.0,10168.0,9375.0,0.0,0.0,0.0,0.0,0.0,0.0,0.0,0.0,0.0,0.0,2596.0,1844.0,636.0,943.0,1234.0,1589.0,1874.0,2080.0,2289.0,2275.0,2633.0,1799.0,691.0,997.0,1139.0,1592.0,2175.0,2384.0,2590.0,2558.0,2568.0,1665.0,587.0,966.0,1068.0,1645.0,2405.0,2672.0,2873.0,2850.0,0.0,0.0,0.0,0.0,0.0,0.0,0.0,0.0,0.0,0.0,"{""type"":""MultiPoint"",""coordinates"":[]}"
2757,5,2864.5,2089.0,928.5,1070.5,1379.5,1552.0,1648.5,1758.5,1927.0,1963.5,2862.0,2392.5,812.5,1010.0,1228.0,1382.0,1469.5,1588.0,1715.0,1766.0,2043.5,1492.5,504.5,603.5,773.0,883.0,933.5,1050.0,1136.0,1198.0,559.5,422.5,279.0,243.0,270.0,307.0,316.5,355.5,367.5,380.5,0.0,0.0,0.0,0.0,0.0,0.0,0.0,0.0,0.0,0.0,3216.5,2718.0,901.5,1192.5,1354.5,1661.5,2033.5,2192.5,2393.5,2373.0,0.0,0.0,0.0,0.0,0.0,0.0,0.0,0.0,0.0,0.0,2940.5,1920.0,598.5,1021.0,745.5,1430.5,3277.0,3666.0,3732.5,3794.5,3436.0,2707.5,989.5,1312.0,1754.5,2086.0,2098.0,2353.0,2388.0,2669.0,3117.5,2685.5,988.0,1215.0,1459.5,1737.5,1896.0,2059.0,2047.5,2287.5,0.0,0.0,0.0,0.0,0.0,0.0,0.0,0.0,0.0,0.0,3344.5,2673.5,1036.0,1207.5,1532.5,1718.5,1765.0,1925.0,2099.5,2088.5,3103.5,2193.5,735.0,1046.0,866.5,1425.5,2923.0,3382.5,3243.5,3558.5,2712.0,2055.0,652.5,920.5,929.5,1412.0,2156.5,2424.5,2441.0,2644.0,0.0,0.0,0.0,0.0,0.0,0.0,0.0,0.0,0.0,0.0,2486.0,1413.0,481.5,705.5,514.0,1073.5,2964.5,3545.0,3407.5,3720.0,1990.0,1051.0,275.0,469.0,309.0,781.5,2695.5,3323.0,3437.5,3483.5,0.0,0.0,0.0,0.0,0.0,0.0,0.0,0.0,0.0,0.0,2195.0,1185.0,419.0,640.5,438.0,997.0,2744.0,3298.0,3426.5,3555.5,2377.5,1539.5,620.5,814.0,727.0,1274.0,1891.5,2100.5,2134.0,2384.0,2448.5,1827.5,402.5,566.5,735.0,1008.0,1279.5,1454.5,1625.5,1734.5,2925.5,2278.5,555.0,721.0,968.5,1236.0,1425.5,1614.0,1755.5,1881.0,0.0,0.0,0.0,0.0,0.0,0.0,0.0,0.0,0.0,0.0,246.0,185.0,175.0,156.0,153.5,174.5,184.0,201.5,217.5,219.0,1107.0,763.0,496.5,465.0,516.0,587.0,674.5,694.0,777.0,785.0,1854.5,1188.0,264.5,437.5,629.5,840.0,1051.0,1167.0,1321.0,1410.5,4056.0,2860.0,1229.0,1554.0,1998.5,2443.5,2730.0,2988.5,3241.5,3336.5,0.0,0.0,0.0,0.0,0.0,0.0,0.0,0.0,0.0,0.0,2837.0,2152.5,681.0,880.5,1070.5,1381.0,1776.0,1951.0,2134.0,2098.0,0.0,0.0,0.0,0.0,0.0,0.0,0.0,0.0,0.0,0.0,1089.5,1190.5,9683.5,9620.0,9840.0,10061.5,9792.0,9420.0,9797.5,9164.5,0.0,0.0,0.0,0.0,0.0,0.0,0.0,0.0,0.0,0.0,69.5,52.5,377.5,634.5,527.5,611.5,240.5,245.0,201.5,117.5,106.0,83.5,199.5,325.0,258.0,307.0,126.5,131.5,122.0,94.5,4.0,4.0,0.5,71.0,64.5,55.0,0.0,0.0,0.0,0.0,58.0,64.0,233.5,324.0,236.0,249.5,73.5,70.0,77.0,47.0,"{""type"":""MultiPoint"",""coordinates"":[]}"
2765,3,959.0,516.0,317.0,568.5,597.0,992.5,1395.5,1544.5,1692.0,1739.5,2272.0,1447.0,576.5,905.5,1051.5,1652.5,2026.0,2263.5,2394.0,2556.5,1353.5,865.5,659.0,887.5,1222.5,1499.5,1546.0,1718.0,1820.0,1864.5,2278.5,1516.5,786.0,1038.0,1356.0,1662.5,1727.5,1899.0,2043.0,2138.5,4328.0,3601.0,999.0,1338.0,1721.0,2316.0,2403.0,2626.0,2593.0,2857.0,5970.0,5140.0,2238.0,2609.0,3146.0,3554.0,3718.0,4049.0,4212.0,4369.0,0.0,0.0,0.0,0.0,0.0,0.0,0.0,0.0,0.0,0.0,6030.5,5417.5,1868.0,2414.0,2765.0,3438.5,3771.5,4057.5,4295.5,4498.5,5828.0,5185.0,1803.0,2295.0,2708.0,3285.0,3864.0,4304.0,4236.0,4592.0,1072.0,639.0,646.0,821.0,567.0,1121.0,1706.0,1878.0,1894.0,1763.0,2449.0,1224.0,703.0,934.0,570.0,1194.0,3408.0,4832.0,4645.0,4990.0,2702.0,1954.0,647.0,868.0,931.0,1416.0,1886.0,2112.0,2352.0,2308.0,2060.0,976.0,413.0,614.0,290.0,849.0,3164.0,4639.0,4383.0,4820.0,1834.0,870.0,344.0,464.0,244.0,574.0,2864.0,5225.0,5305.0,5388.0,1806.0,862.0,405.0,549.0,282.0,679.0,2947.0,5297.0,5086.0,5304.0,1593.0,712.0,323.0,538.0,290.0,722.0,2848.0,4934.0,4819.0,5190.0,1672.0,789.0,311.0,706.0,349.0,1077.0,3320.0,4729.0,4917.0,5154.0,2173.5,1346.0,581.0,929.5,670.0,1433.0,3410.5,4477.0,4510.0,5034.0,2039.0,1044.0,471.0,873.0,659.5,1491.0,2913.0,3560.5,3936.5,4200.5,2796.0,1677.0,672.5,1099.5,1012.0,1873.0,2871.5,3204.0,3286.5,3704.5,3390.0,2202.0,835.0,1363.0,1388.0,2279.0,2994.0,3297.0,3635.0,3838.0,3416.0,2341.0,937.0,1405.0,1935.0,2456.0,2918.0,3159.0,3421.0,3620.0,1787.0,1332.5,1055.5,1179.5,1209.5,1487.0,1716.5,1834.5,2057.5,1910.5,4107.0,2862.0,1142.0,1499.0,2014.0,2278.0,2465.0,2657.0,2987.0,3006.0,224.0,125.0,224.0,243.0,312.0,339.0,313.0,367.0,375.0,375.0,1890.0,1167.0,492.5,784.5,1184.0,1451.5,1559.5,1708.0,1915.0,2035.0,2162.5,1359.5,569.5,850.5,1214.5,1489.0,1582.0,1757.5,1905.0,2031.0,1621.0,1244.0,1920.0,1802.0,1697.0,1721.0,1582.0,1555.0,1839.0,1522.0,1106.0,637.5,800.0,986.5,1254.0,1424.0,1496.5,1615.0,1806.0,1793.0,0.0,0.0,0.0,0.0,0.0,0.0,0.0,0.0,0.0,0.0,1019.0,1130.0,10886.0,10486.0,10452.0,10523.0,10175.0,9771.0,10164.0,9380.0,1062.5,663.0,361.5,603.5,686.0,1107.0,1391.5,1580.0,1654.5,1708.5,2671.5,1806.0,550.5,824.5,853.0,1406.0,2033.5,2292.0,2466.0,2527.0,1848.5,1130.0,519.0,824.5,740.0,1356.5,2141.0,2398.0,2519.5,2550.5,1401.0,896.5,405.0,748.5,651.5,1350.5,2211.0,2458.5,2603.0,2624.5,2247.0,1373.0,673.0,1054.0,1059.0,1892.0,2432.0,2655.0,2800.0,2761.0,"{""type"":""MultiPoint"",""coordinates"":[]}"
2808,1,2548.0,1898.0,567.0,834.0,1214.0,1436.0,1612.0,1772.0,1927.0,1904.0,4823.0,4149.0,1265.0,1811.0,2385.0,2918.0,3193.0,3297.0,3343.0,3505.0,3133.0,2471.0,760.0,1112.0,1578.0,1859.0,1993.0,2122.0,2268.0,2276.0,3238.0,2392.0,745.0,1057.0,1495.0,1804.0,1999.0,2184.0,2321.0,2423.0,0.0,0.0,0.0,0.0,0.0,0.0,0.0,0.0,0.0,0.0,5350.0,4400.0,1329.0,1936.0,2334.0,2948.0,4249.0,4792.0,4768.0,5072.0,0.0,0.0,0.0,0.0,0.0,0.0,0.0,0.0,0.0,0.0,2158.0,927.0,338.0,543.0,306.0,665.0,3290.0,4769.0,4625.0,4855.0,1975.0,1012.0,335.0,511.0,359.0,672.0,2767.0,4173.0,3622.0,4489.0,2085.0,977.5,422.0,571.0,401.5,766.5,3081.0,4469.5,4565.0,4692.0,2078.0,911.0,298.0,478.0,277.0,627.0,3095.0,4618.0,4608.0,4853.0,2571.0,1972.0,599.0,908.0,1270.0,1498.0,1678.0,1804.0,1983.0,1960.0,2390.0,1045.0,538.0,764.0,504.0,992.0,3417.0,4600.0,4582.0,4985.0,2183.0,1022.0,425.0,673.0,469.0,953.0,2844.0,3621.0,3720.0,3915.0,3316.0,2203.0,2875.0,2706.0,2307.0,2597.5,3280.0,3499.5,3994.0,3712.0,2888.0,2153.0,435.5,574.0,801.0,1074.5,1176.0,1335.0,1334.0,1563.5,1536.0,1075.5,355.5,433.5,535.0,703.0,841.0,917.5,945.5,1030.5,4263.0,3919.0,973.0,1398.0,2030.0,2360.0,2403.0,2606.0,2640.0,2855.0,3251.0,2495.0,760.0,1127.5,1538.5,1923.0,2176.5,2316.5,2392.0,2537.0,3243.0,2298.0,582.0,1016.0,1042.0,1759.0,2577.0,2874.0,2794.0,3022.0,2610.5,1827.0,757.5,1144.0,1060.0,1601.5,2609.5,2945.0,2907.5,3057.5,3156.0,2147.0,547.0,957.0,861.0,1541.0,3092.0,3576.0,3697.0,3738.0,0.0,0.0,0.0,0.0,0.0,0.0,0.0,0.0,0.0,0.0,0.0,0.0,0.0,0.0,0.0,0.0,0.0,0.0,0.0,0.0,4151.0,3022.0,1027.0,1480.0,2096.0,2597.0,2783.0,2992.0,3137.0,3327.0,3150.0,2288.0,844.0,1266.0,1837.0,2155.0,2312.0,2470.0,2748.0,2711.0,3590.0,2787.0,980.0,1399.0,1912.0,2236.0,2362.0,2510.0,2723.0,2735.0,0.0,0.0,0.0,0.0,0.0,0.0,0.0,0.0,0.0,0.0,2259.0,1680.0,655.0,807.0,1054.0,1254.0,1370.0,1506.0,1621.0,1606.0,0.0,0.0,0.0,0.0,0.0,0.0,0.0,0.0,0.0,0.0,322.0,253.0,2749.0,3053.0,3479.0,3700.0,3649.0,3510.0,3721.0,3473.0,4938.0,4569.0,3548.0,3705.0,4012.0,4444.0,4499.0,4590.0,4346.0,4704.0,2626.0,1978.0,645.0,919.0,1245.0,1508.0,1707.0,1870.0,2008.0,2028.0,3912.0,3202.0,1196.0,1498.0,1929.5,2371.0,2574.0,2640.0,2855.0,2894.5,2472.5,1965.0,986.5,1233.5,1483.5,1656.0,1631.5,1753.0,2037.5,1838.0,4414.0,3597.0,1586.0,2032.0,2476.0,2963.0,3181.0,3349.0,3497.0,3672.0,"{""type"":""MultiPoint"",""coordinates"":[]}"
2819,1,2044.5,1417.0,983.5,1140.5,1106.0,1697.5,2661.5,2862.5,3070.0,3018.0,3262.0,2233.0,1041.0,1548.0,2195.0,2849.0,3334.0,3641.0,4074.0,4045.0,0.0,0.0,0.0,0.0,0.0,0.0,0.0,0.0,0.0,0.0,3535.0,2859.0,839.0,1058.0,1262.0,1617.0,1951.0,2165.0,2242.0,2393.0,3620.0,2754.0,712.0,1009.0,1199.0,1582.0,2100.0,2285.0,2456.0,2529.0,0.0,0.0,0.0,0.0,0.0,0.0,0.0,0.0,0.0,0.0,0.0,0.0,0.0,0.0,0.0,0.0,0.0,0.0,0.0,0.0,1728.0,679.0,376.0,492.0,265.0,565.0,3193.0,5554.0,5312.0,5740.0,1688.0,667.0,316.5,453.5,264.0,560.5,3104.5,5307.0,5327.5,5550.5,1637.0,647.5,253.5,398.5,227.0,506.0,2811.5,4698.5,4778.0,4986.5,1793.0,1339.0,999.0,1052.0,998.0,1322.0,2814.0,3829.0,3424.0,4061.0,2536.0,1441.0,602.0,932.0,929.0,1750.0,3322.0,3663.0,4087.0,3838.0,1781.0,694.5,458.5,564.0,348.5,677.5,2917.5,4678.0,4585.5,5045.5,0.0,0.0,0.0,0.0,0.0,0.0,0.0,0.0,0.0,0.0,2855.5,1862.0,855.0,1033.5,1060.5,1585.5,2557.5,3051.0,3026.5,3506.0,5251.0,3716.0,1083.0,1441.0,2182.0,2661.0,2845.0,3246.0,3357.0,3828.0,0.0,0.0,0.0,0.0,0.0,0.0,0.0,0.0,0.0,0.0,4825.5,3722.5,1109.0,1458.0,2065.0,2470.0,2650.0,2934.5,3006.5,3346.5,5272.0,4595.5,3500.5,3502.5,3518.5,3982.5,3978.5,4007.0,4487.5,4151.5,0.0,0.0,0.0,0.0,0.0,0.0,0.0,0.0,0.0,0.0,4207.0,3588.0,805.0,1128.0,1550.0,1858.0,2028.0,2200.0,2315.0,2476.0,3338.0,2298.0,611.0,1034.0,1034.0,1666.0,2577.0,2841.0,2977.0,3059.0,3695.0,3308.0,3561.0,3340.0,3270.0,3674.5,4045.5,4185.5,4387.5,4224.5,2850.5,1700.5,564.5,1075.5,809.0,1721.0,3305.5,3519.0,3787.0,3724.5,0.0,0.0,0.0,0.0,0.0,0.0,0.0,0.0,0.0,0.0,2424.0,1321.0,427.0,936.0,678.0,1754.0,3673.0,4044.0,4307.0,4146.0,2428.0,1336.0,443.0,925.0,696.0,1877.0,3856.0,4187.0,4320.0,4337.0,0.0,0.0,0.0,0.0,0.0,0.0,0.0,0.0,0.0,0.0,2684.0,1788.0,1074.0,1382.0,1127.0,2023.0,4042.0,4412.0,4800.0,4597.0,0.0,0.0,0.0,0.0,0.0,0.0,0.0,0.0,0.0,0.0,0.0,0.0,0.0,0.0,0.0,0.0,0.0,0.0,0.0,0.0,593.0,314.0,4857.0,5057.0,5097.0,5644.0,6357.0,6258.0,6639.0,6204.0,2370.0,1289.0,529.0,832.0,772.0,1611.0,3404.0,3866.0,4209.0,4108.0,1822.0,931.0,415.0,697.0,488.0,1246.0,3259.0,3866.0,4160.0,4120.0,1748.0,843.0,335.0,671.0,450.0,1190.0,3385.0,4024.0,4245.0,4249.0,2057.0,1085.5,509.0,1034.0,771.0,1804.0,3528.0,4026.0,4323.5,4391.5,"{""type"":""MultiPoint"",""coordinates"":[]}"
2825,1,2313.5,1665.5,570.5,894.0,1360.0,1629.5,1862.5,2000.5,2215.5,2174.5,5144.0,4598.0,1455.0,2109.0,2900.0,3350.0,3834.0,3966.0,4143.0,4239.0,2499.0,1696.0,663.0,979.0,1369.0,1702.0,2143.0,2342.0,2516.0,2507.0,2612.5,1655.0,547.0,866.5,919.0,1381.0,3059.5,3703.0,3816.0,3835.0,1612.0,762.0,219.0,478.0,328.0,716.0,2673.0,3382.0,3579.0,3510.0,1474.0,634.0,395.0,510.0,346.0,662.0,2593.0,3677.0,4325.0,3730.0,0.0,0.0,0.0,0.0,0.0,0.0,0.0,0.0,0.0,0.0,1678.5,895.0,519.5,613.5,447.5,771.5,2663.0,4224.5,4117.0,4401.0,1764.0,687.0,305.0,455.0,232.0,572.0,3291.0,5373.0,5272.0,5615.0,1798.0,713.0,338.0,527.0,280.0,699.0,3284.0,4978.0,4931.0,5190.0,1914.0,836.0,401.0,658.0,387.0,910.0,3250.0,4545.0,4594.0,4769.0,2757.0,2181.0,770.0,1105.0,1614.0,1918.0,2215.0,2341.0,2589.0,2544.0,1532.5,845.5,573.0,687.5,675.0,1001.5,1430.5,1675.0,1701.5,1937.5,2676.0,1805.0,904.0,982.0,1015.0,1242.0,1507.0,1656.0,1652.0,1806.0,2109.5,1348.5,707.0,759.0,974.5,1152.5,1247.0,1427.5,1423.5,1631.0,4525.0,3435.0,1218.5,1600.5,2296.0,2753.0,3014.0,3303.0,3385.0,3808.5,4578.0,3091.0,963.0,1354.0,1930.0,2339.0,2771.0,3005.0,3327.0,3460.0,3872.5,3032.5,1040.0,1263.5,1682.0,2083.5,2420.5,2629.5,2791.0,2948.5,3209.0,2500.0,1020.0,1476.5,1877.5,2267.5,2588.5,2794.0,2802.0,2998.5,3089.0,2607.5,1589.5,1722.5,2048.5,2399.0,2603.5,2847.5,2871.0,3026.5,4031.0,3486.0,900.0,1324.0,1952.0,2266.0,2406.0,2622.0,2699.0,2873.0,3240.5,2665.5,908.5,1263.5,1933.0,2258.5,2366.0,2514.0,2553.5,2766.5,2669.0,2006.5,1304.0,1560.0,1905.5,2284.0,2581.5,2701.5,2664.0,2838.0,2906.5,2202.5,705.0,1004.0,1505.5,1798.0,1963.5,2123.5,2356.0,2331.5,3762.0,3187.0,873.0,1249.0,1797.0,2208.0,2508.0,2680.0,2841.0,2963.0,2092.5,1352.5,519.5,806.0,1060.5,1418.5,1941.5,2102.0,2321.0,2286.0,2704.0,1890.0,636.0,996.0,1218.5,1730.0,2428.0,2654.5,2786.0,2824.0,0.0,0.0,0.0,0.0,0.0,0.0,0.0,0.0,0.0,0.0,2497.0,1443.5,574.5,955.0,876.5,1606.0,3160.0,3637.0,3675.0,3717.5,0.0,0.0,0.0,0.0,0.0,0.0,0.0,0.0,0.0,0.0,64.0,80.0,10798.0,10607.0,10412.0,10528.0,10027.0,9195.0,9274.0,8374.0,437.0,323.0,5244.0,5436.0,5680.0,5540.0,5281.0,5242.0,5673.0,4976.0,2538.5,1876.5,723.0,1063.0,1610.5,1847.5,1962.5,2092.0,2305.0,2269.0,4451.0,3968.0,2202.0,2508.0,3033.5,3336.5,3461.0,3598.5,3873.0,3783.5,3641.0,3096.0,857.0,1284.0,1953.0,2260.0,2379.0,2496.0,2686.0,2765.0,2711.0,1998.0,781.0,1129.0,1721.0,1977.0,2139.0,2298.0,2474.0,2498.0,"{""type"":""MultiPoint"",""coordinates"":[]}"
2839,3,4416.0,4189.0,3829.0,3811.0,3913.0,4016.0,4031.0,4064.0,4482.0,4126.0,2943.0,2423.0,881.0,1029.0,1312.0,1507.0,1496.0,1614.0,1811.0,1840.0,1755.0,1187.0,568.0,744.5,875.0,1112.5,1222.0,1290.0,1428.5,1499.0,3171.5,2571.0,2106.5,1921.5,2157.5,2407.0,2513.0,2632.0,2876.0,2778.5,5125.0,4912.0,1620.0,2120.0,2582.0,2994.0,3230.0,3370.0,3653.0,3623.0,3747.5,2773.5,2087.0,2230.0,1998.0,2341.0,2552.0,2653.0,3694.5,2680.0,3474.0,3006.0,2207.0,2329.0,2184.0,2697.0,3519.0,3754.0,3509.0,3824.0,2388.0,1226.0,430.5,724.0,362.5,1016.5,3772.5,5073.5,4985.0,5213.5,2352.0,1098.0,306.0,638.0,257.0,903.0,4028.0,5207.0,5366.0,5282.0,1861.0,829.0,361.5,572.5,252.5,748.5,3549.0,5687.0,5846.0,5933.5,3169.5,2330.5,2513.0,2465.0,2174.0,2535.0,4309.5,5857.0,5844.0,6092.5,2359.5,1748.0,972.5,1206.5,1507.5,1752.5,1834.5,1944.5,2114.0,2098.5,1293.0,522.0,389.0,517.0,270.0,636.0,2673.0,4611.0,4547.0,4961.0,1405.0,658.0,524.0,762.0,416.0,1040.0,3172.0,4615.0,4756.0,4977.0,1379.0,615.0,287.0,618.0,328.0,1022.0,3144.0,4247.0,4187.0,4554.0,1747.5,862.0,460.0,810.0,588.5,1385.5,3104.0,3797.0,3732.0,4148.5,1875.0,995.0,411.0,697.0,708.0,1335.0,2089.0,2425.0,2646.0,2904.0,5058.0,3599.5,1272.5,1720.0,2348.5,3050.0,3389.5,3764.0,3858.0,4300.5,4521.0,3405.0,858.0,1130.0,1703.0,2036.0,2238.0,2418.0,2641.0,2757.0,2470.0,2066.0,2222.0,2301.0,2414.0,2900.0,3034.0,3284.0,2975.0,3436.0,2955.5,3009.0,777.5,980.5,1257.5,1422.0,1501.0,1625.0,1710.0,1791.5,2775.0,2787.0,722.0,952.0,1222.0,1354.0,1404.0,1523.0,1624.0,1641.0,1867.0,1558.0,450.5,603.0,831.0,988.0,1048.5,1159.0,1308.0,1320.5,3179.5,3129.0,1181.5,1486.5,1909.0,2075.5,2168.5,2269.5,2381.0,2434.5,1721.0,1321.0,448.0,574.0,784.0,887.0,894.0,1056.0,1168.0,1114.0,1677.5,1199.0,449.0,646.0,868.0,998.5,1083.5,1108.0,1271.5,1240.5,2084.0,1625.0,527.0,704.0,915.0,1097.0,1136.0,1288.0,1365.0,1377.0,2760.0,2186.0,2368.0,2336.0,2287.0,2554.0,2627.0,2818.0,2733.0,2995.0,953.0,663.5,725.5,923.5,1108.0,1254.0,1211.5,1223.5,1350.0,1233.0,0.0,0.0,0.0,0.0,0.0,0.0,0.0,0.0,0.0,0.0,908.0,981.0,10246.0,9948.0,10006.0,10083.0,9771.0,9352.0,9794.0,9029.0,747.5,434.5,2910.5,3048.0,3193.0,3607.0,3429.0,3400.5,3509.5,3396.5,3188.0,2597.0,873.0,1141.0,1426.0,1789.0,1846.0,2045.0,2222.0,2215.0,2113.0,1589.5,738.0,932.0,1152.5,1377.5,1458.5,1587.0,1787.5,1768.0,1499.0,915.0,510.0,708.0,922.0,1114.0,1203.0,1305.0,1455.0,1511.0,3578.5,3337.5,976.0,1215.5,1574.0,1780.5,1853.0,1998.0,2136.0,2182.5,"{""type"":""MultiPoint"",""coordinates"":[]}"
2848,3,1734.5,1137.5,610.0,753.0,937.0,1112.0,1198.0,1286.0,1450.5,1414.0,4905.0,4635.0,1507.0,1930.0,2498.0,2810.0,2951.0,3085.0,3173.0,3306.0,1942.0,1342.0,568.5,789.5,973.0,1228.0,1290.0,1411.0,1499.5,1520.0,2102.0,1438.0,611.0,848.0,991.0,1316.0,1409.0,1546.0,1668.0,1661.0,4687.0,4311.0,1304.0,1780.0,2170.0,2628.0,2772.0,2929.0,3174.0,3157.0,4476.5,3739.5,1397.5,1766.5,2006.5,2529.5,2845.5,3115.5,3205.0,3320.5,0.0,0.0,0.0,0.0,0.0,0.0,0.0,0.0,0.0,0.0,2976.5,2256.5,622.5,960.5,956.5,1495.0,2310.5,2719.0,2865.5,2894.0,772.0,451.5,292.0,497.0,365.5,739.0,1535.0,1868.5,1839.0,1809.5,777.0,352.0,290.0,401.0,240.0,497.0,1581.0,2456.0,2434.0,2437.0,1798.5,1205.5,1232.5,1219.5,1012.0,1358.0,2564.5,3538.5,3483.5,3642.0,1970.0,1549.0,612.5,770.5,932.5,1124.0,1203.5,1301.0,1438.5,1445.5,954.0,454.0,341.0,384.0,256.0,535.0,2047.0,3138.0,3095.0,3272.0,1118.5,525.5,412.0,533.5,311.5,725.5,2343.0,3725.5,3768.0,3849.5,1389.0,683.0,540.0,780.0,460.0,1118.0,2878.0,3938.0,3868.0,4176.0,1343.0,677.0,407.0,713.0,499.0,1094.0,2581.0,3309.0,3261.0,3554.0,1524.0,828.0,462.5,810.0,696.5,1336.5,2538.0,3029.5,3228.5,3311.5,1674.0,901.0,432.0,782.0,751.0,1426.0,2352.0,2736.0,2805.0,3018.0,3791.5,2911.0,962.5,1320.5,1832.5,2249.5,2467.0,2665.0,2863.0,2970.5,3407.0,2813.0,1962.0,2099.0,2377.5,2740.0,2822.5,2872.5,2904.5,2986.5,3939.5,3030.0,1080.0,1416.5,1871.0,2139.5,2300.0,2422.5,2577.5,2672.0,3838.5,3030.0,1094.0,1402.5,1818.5,2125.0,2293.0,2433.5,2617.0,2671.5,3084.5,2627.0,922.5,1221.5,1524.0,1783.0,1876.0,1988.0,2198.5,2172.0,3660.5,2797.5,1095.5,1385.0,1785.5,2075.0,2231.5,2347.0,2595.5,2576.5,1985.0,1266.0,761.0,1025.0,1396.0,1652.0,1753.0,1928.0,2172.0,2179.0,2203.5,1437.0,766.5,1044.0,1447.0,1662.5,1745.0,1891.0,2101.5,2093.0,2557.0,1774.0,868.0,1122.5,1557.0,1770.0,1884.0,1988.0,2204.5,2219.5,3153.0,2441.0,2519.0,2587.0,2789.0,3277.0,3225.0,3206.0,3031.0,3096.0,1327.0,736.5,638.0,825.0,1147.5,1336.0,1485.5,1607.0,1818.5,1811.5,0.0,0.0,0.0,0.0,0.0,0.0,0.0,0.0,0.0,0.0,914.0,1010.0,10830.0,10494.0,10448.0,10549.0,10227.0,9894.0,10236.0,9462.0,1243.5,922.5,2808.5,2899.5,3129.5,3079.0,3071.0,3149.0,3373.5,3043.0,2529.0,1995.0,609.0,851.0,1079.0,1272.0,1344.0,1462.0,1586.0,1586.0,2463.0,1839.5,696.0,896.5,1129.0,1319.5,1418.5,1523.5,1678.5,1683.5,2573.0,1827.0,625.0,883.0,1111.0,1387.0,1441.0,1592.0,1738.0,1770.0,4632.0,4360.0,1375.0,1747.0,2231.0,2541.0,2575.0,2803.0,2973.0,2987.0,"{""type"":""MultiPoint"",""coordinates"":[]}"
2850,1,2474.0,1757.0,768.0,1038.0,1297.0,1560.0,1728.0,1808.0,2054.0,2024.0,5847.0,5418.0,2207.0,2911.0,3513.0,3994.0,4142.0,4297.0,4557.0,4540.0,2683.0,1930.0,772.5,1034.0,1321.0,1560.0,1640.5,1777.0,1902.0,1943.5,2968.0,2067.0,1231.0,1424.0,1525.0,1949.0,2029.0,2141.0,2110.0,2345.0,3243.0,2636.0,1006.0,1385.0,1750.0,2009.0,2145.0,2277.0,2432.0,2429.0,4442.0,4222.0,3198.0,3145.0,3048.0,3498.0,4092.0,4462.0,4392.0,4624.0,2760.0,1720.0,564.0,888.0,770.0,1282.0,2608.0,3099.0,3077.0,3226.0,1983.5,957.5,218.0,486.5,254.0,699.5,2980.5,3998.5,3953.0,4072.0,1473.0,620.0,171.5,335.5,161.0,474.0,2757.0,4225.0,4244.0,4368.0,1633.0,702.5,329.5,490.0,272.0,620.0,3009.0,4690.5,4702.0,4953.5,1420.0,550.0,254.0,384.0,208.0,490.0,2777.0,4479.0,4383.0,4716.0,2663.0,2050.0,778.0,1093.0,1374.0,1629.0,1783.0,1911.0,2052.0,2037.0,1583.0,656.0,339.5,496.5,289.5,615.0,2794.0,4364.5,4306.0,4686.5,1551.0,647.0,334.0,568.0,319.0,723.0,2829.0,4111.0,4090.0,4320.0,1912.0,923.0,449.0,709.0,501.0,1032.0,2975.0,3858.0,3843.0,4229.0,2614.5,1726.0,537.5,767.5,853.5,1328.0,2052.0,2399.0,2411.5,2775.0,3145.0,2379.0,447.0,691.0,1047.0,1323.0,1485.0,1703.0,1872.0,2073.0,3061.0,2330.5,1266.0,1493.5,1824.5,2105.0,2283.5,2453.0,2585.5,2676.5,3990.5,3371.5,969.0,1302.5,1777.5,2095.5,2263.5,2433.5,2613.5,2695.5,3283.0,2403.0,731.0,1093.0,1163.0,1702.0,2275.0,2461.0,2441.0,2680.0,3265.5,2278.0,742.0,1161.5,1088.5,1630.5,2493.0,2717.0,2865.0,2951.0,3035.5,2010.0,548.5,1047.5,881.5,1591.5,2702.5,2986.5,3102.0,3175.5,3181.0,2727.0,1431.0,1619.0,1820.0,2090.5,2206.0,2337.0,2439.5,2453.0,2550.0,1626.0,432.0,737.0,795.0,1457.0,2005.5,2278.5,2532.0,2592.0,2941.0,2232.0,1796.5,1847.0,2100.0,2315.0,2426.5,2561.5,2822.0,2800.0,3232.0,2264.0,752.0,1141.0,1739.0,2006.0,2176.0,2359.0,2714.0,2711.0,3416.0,2510.0,826.5,1224.5,1732.5,2052.5,2238.0,2394.5,2601.5,2667.0,0.0,0.0,0.0,0.0,0.0,0.0,0.0,0.0,0.0,0.0,3215.0,2626.0,796.0,1049.0,1315.0,1573.0,1759.0,1888.0,2063.0,2040.0,0.0,0.0,0.0,0.0,0.0,0.0,0.0,0.0,0.0,0.0,877.0,958.0,10848.0,10498.0,10388.0,10524.0,10126.0,9703.0,10108.0,9365.0,235.0,184.0,6274.0,6327.0,6464.0,6717.0,6522.0,6217.0,6419.0,5976.0,2582.0,1820.0,805.0,1198.0,1361.0,1683.0,1925.0,2030.0,2224.0,2231.0,3307.0,2576.0,1843.5,2054.5,2176.0,2547.0,2775.0,2938.5,3128.0,3071.0,2771.0,1963.0,806.0,1228.0,1442.0,1912.0,2210.0,2347.0,2493.0,2538.0,3013.0,2296.0,951.0,1358.0,1664.0,2060.0,2238.0,2364.0,2574.0,2574.0,"{""type"":""MultiPoint"",""coordinates"":[]}"
2860,111,2312.0,2305.0,790.0,1145.0,1378.0,1784.0,1467.0,1551.0,1529.0,1527.0,117.0,80.0,406.0,614.0,535.0,552.0,291.0,303.0,250.0,212.0,1068.0,1077.0,661.0,936.0,989.0,1292.0,838.0,912.0,783.0,764.0,944.0,1000.0,869.0,1238.0,1447.0,1490.0,1073.0,1048.0,927.0,816.0,0.0,0.0,0.0,0.0,0.0,0.0,0.0,0.0,0.0,0.0,1271.0,1113.0,708.5,1000.0,1103.0,1260.5,1029.0,1114.5,919.5,992.0,0.0,0.0,0.0,0.0,0.0,0.0,0.0,0.0,0.0,0.0,1466.5,1161.5,604.5,798.5,816.5,1092.0,1001.0,1023.5,888.5,1098.5,2424.0,2079.0,762.5,973.0,1080.5,1500.0,1602.0,1710.5,1518.5,1855.5,830.0,772.5,498.5,733.0,684.0,864.5,674.0,715.5,580.0,653.0,1933.0,1699.0,688.0,906.0,1029.0,1381.0,1400.0,1537.0,1365.0,1485.0,2812.0,2710.0,1037.0,1428.0,1805.0,2044.0,2054.0,2182.0,2248.0,2094.0,2195.5,2060.5,1351.5,1575.5,1629.5,2075.5,2091.0,2267.5,1684.5,2401.0,2495.0,2234.0,1129.0,1285.0,1268.0,1702.0,1720.0,1885.0,1715.0,1890.0,0.0,0.0,0.0,0.0,0.0,0.0,0.0,0.0,0.0,0.0,3280.5,2853.0,855.5,1263.5,1359.5,2010.0,2460.5,2594.0,2419.5,2723.0,4012.0,3538.0,891.0,1335.5,1537.5,2201.5,3003.5,3125.5,3129.5,3365.0,3277.0,2169.0,839.0,1228.0,1286.0,2011.0,2781.0,3048.0,2814.0,3322.0,3783.0,3277.0,806.0,1265.0,1452.0,2157.5,2879.5,3138.5,3154.0,3338.0,3309.0,2693.0,625.0,1031.0,1139.0,1903.0,2489.0,2645.0,2622.0,2857.0,3889.0,3449.5,809.0,1237.0,1510.0,2146.5,2623.0,2797.5,2925.0,3105.5,4476.0,4077.0,972.0,1368.0,1761.0,2365.0,2709.0,3016.0,3056.0,3282.0,0.0,0.0,0.0,0.0,0.0,0.0,0.0,0.0,0.0,0.0,4226.0,3865.0,1031.5,1427.0,1895.0,2338.0,2659.5,2814.5,2977.0,3119.5,5077.0,4230.0,3432.0,3584.0,3820.0,4128.0,4159.0,4126.0,4422.0,4359.0,4315.0,3844.0,1232.0,1785.0,2327.0,2608.0,2900.0,3021.0,3322.0,3349.0,0.0,0.0,0.0,0.0,0.0,0.0,0.0,0.0,0.0,0.0,0.0,0.0,0.0,0.0,0.0,0.0,0.0,0.0,0.0,0.0,3963.0,3429.0,1005.0,1350.0,1843.0,2198.0,2409.0,2427.0,2611.0,2757.0,0.0,0.0,0.0,0.0,0.0,0.0,0.0,0.0,0.0,0.0,99.0,103.0,9826.0,9768.0,9685.0,9916.0,9635.0,8638.0,8736.0,7903.0,0.0,0.0,0.0,0.0,0.0,0.0,0.0,0.0,0.0,0.0,586.0,704.0,624.0,904.0,998.0,1054.0,664.0,650.0,487.0,526.0,67.0,44.0,446.0,719.0,667.0,632.0,273.0,263.0,228.0,175.0,39.0,27.0,510.0,775.0,829.0,844.0,369.0,349.0,308.0,191.0,100.0,66.0,567.0,797.0,742.0,725.0,342.0,334.0,285.0,237.0,"{""type"":""MultiPoint"",""coordinates"":[]}"
2863,3,104.0,83.0,340.0,474.0,520.0,634.0,525.0,582.0,580.0,489.0,3779.0,3880.0,1234.0,1541.0,1896.0,2085.0,2230.0,2332.0,2497.0,2529.0,1722.0,1275.5,602.0,701.0,798.0,955.5,1047.5,1121.0,1238.5,1276.5,3075.5,2954.0,995.5,1213.0,1438.0,1647.0,1755.5,1905.5,1990.0,2065.0,2282.0,1930.0,658.0,841.0,996.0,1160.0,1288.0,1402.0,1540.0,1520.0,4823.0,4802.0,1730.0,2026.0,2335.0,2724.0,2904.0,3125.0,3146.0,3340.0,0.0,0.0,0.0,0.0,0.0,0.0,0.0,0.0,0.0,0.0,1532.0,852.5,565.5,845.5,527.0,1109.5,2368.0,2719.5,2638.5,2707.0,1809.0,878.0,551.5,717.0,382.0,880.0,2752.0,3868.0,3898.0,3846.0,1944.0,889.0,448.0,572.0,296.0,698.0,3372.0,5190.0,5066.0,5263.0,1226.0,560.5,369.5,425.0,219.5,517.5,2145.5,3543.5,3399.0,3601.5,96.0,90.0,762.0,1028.0,1210.0,1239.0,1154.0,1223.0,1300.0,1213.0,1639.0,738.0,363.0,516.0,290.0,710.0,3020.0,4819.0,4913.0,5181.0,1476.0,676.0,615.0,766.0,470.0,966.0,2911.0,4518.0,4588.0,4759.0,1433.0,676.0,446.0,733.5,418.5,1105.0,3023.0,4313.0,4263.5,4544.0,1559.0,795.0,487.0,762.0,486.0,1153.0,3012.0,4137.0,4087.0,4389.0,1857.0,989.0,648.0,947.0,736.0,1487.0,3116.0,3570.0,3861.0,3992.0,2831.5,1822.5,793.0,1142.0,1477.0,2136.5,2720.5,3140.5,3328.5,3605.0,4334.5,3247.5,1109.0,1505.0,2195.5,2577.5,2709.5,2963.0,3194.5,3281.0,1548.0,1163.5,980.0,945.0,900.0,1054.5,1095.5,1144.0,1420.5,1189.0,2907.0,2696.0,714.0,923.0,1108.0,1373.0,1445.0,1567.0,1620.0,1760.0,1121.0,785.0,320.0,410.0,539.0,685.0,835.0,928.0,1012.0,1054.0,1156.5,973.0,1519.0,1549.5,1550.0,1704.0,1648.0,1688.5,1774.5,1660.0,1553.5,1131.0,438.0,569.0,665.0,862.0,1043.5,1147.5,1235.5,1289.5,1709.0,1335.0,484.0,637.0,792.0,975.0,1093.0,1186.0,1289.0,1320.0,1245.5,796.5,309.0,462.5,630.5,774.0,896.5,985.0,1136.0,1146.0,1630.0,1187.5,413.5,579.5,762.5,936.0,1015.0,1113.5,1229.0,1279.5,0.0,0.0,0.0,0.0,0.0,0.0,0.0,0.0,0.0,0.0,320.0,185.0,240.0,282.0,386.0,507.0,562.0,637.0,721.0,722.0,0.0,0.0,0.0,0.0,0.0,0.0,0.0,0.0,0.0,0.0,686.0,700.0,10178.0,10036.0,10002.0,10169.0,9786.0,9380.0,9768.0,8926.0,629.0,481.0,1784.5,1757.5,1804.0,1926.0,1895.5,1865.0,1766.5,1858.0,2028.0,1634.0,581.0,768.0,898.0,1131.0,1192.0,1260.0,1374.0,1405.0,2479.0,2114.0,814.0,1015.5,1194.5,1373.0,1477.5,1612.0,1719.5,1729.0,1680.0,1366.0,521.0,691.0,791.0,943.0,1020.0,1083.0,1182.0,1187.0,1564.0,1245.0,567.0,677.0,808.0,947.0,1034.0,1085.0,1184.0,1232.0,"{""type"":""MultiPoint"",""coordinates"":[]}"
2916,61,1942.0,1301.5,720.0,932.5,1308.5,1540.5,1637.5,1786.0,2018.0,2053.5,3846.0,2979.0,1227.0,1558.0,1967.0,2372.0,2477.0,2661.0,2759.0,2906.0,1337.0,744.0,608.0,827.0,1090.5,1419.5,1534.0,1704.0,1847.5,1901.5,198.0,114.0,487.0,681.0,878.0,1207.0,1178.0,1270.0,1338.0,1255.0,3394.0,2495.0,931.0,1274.0,1554.0,1929.0,2175.0,2360.0,2558.0,2595.0,3735.0,2662.0,1079.0,1387.0,1626.0,2062.0,2380.0,2601.0,2838.0,2942.0,0.0,0.0,0.0,0.0,0.0,0.0,0.0,0.0,0.0,0.0,4508.5,3505.0,1197.5,1489.0,1579.5,2102.0,2575.0,2831.5,2904.5,3278.5,4113.0,3085.0,1054.0,1320.0,1310.0,1876.0,2541.0,2677.0,2700.0,2872.0,4761.0,4524.0,1650.0,1982.0,2542.0,2829.0,2948.0,3135.0,3189.0,3395.0,5032.0,4565.0,1667.0,1999.0,2509.0,2891.0,3022.0,3283.0,3255.0,3591.0,2834.5,2033.5,950.0,1211.5,1620.5,1853.0,1980.0,2096.0,2428.0,2397.0,5255.0,4974.0,1845.0,2306.0,2877.0,3346.0,3335.0,3598.0,3535.0,3855.0,4668.0,4513.0,1460.5,1804.5,2298.5,2628.0,2841.0,3122.5,3118.5,3290.0,3807.0,3382.0,1283.0,1542.0,1920.0,2209.0,2251.0,2521.0,2437.0,2699.0,4660.0,4244.0,1445.0,1861.0,2160.0,2746.0,2942.0,3181.0,3118.0,3395.0,4048.0,3732.0,1309.0,1670.0,2133.0,2409.0,2490.0,2677.0,2791.0,2826.0,4023.0,3781.5,1322.0,1643.5,2097.5,2401.0,2453.0,2619.0,2599.0,2817.0,4159.0,3955.0,1356.5,1738.0,2221.5,2489.5,2557.0,2695.0,2822.0,2888.5,2270.5,1549.5,713.5,912.5,1097.0,1409.0,1534.0,1661.0,1686.5,1819.0,4279.0,3872.0,1281.0,1682.0,2021.0,2453.0,2631.0,2793.0,3038.0,3014.0,4203.0,3982.0,1310.0,1702.0,2099.0,2468.0,2643.0,2767.0,2884.0,3013.0,2178.0,1585.0,905.5,1128.5,1447.0,1674.0,1712.0,1811.5,1996.5,1976.0,4277.0,3906.5,1315.0,1779.5,2070.0,2545.5,2896.0,3049.0,3310.0,3273.5,2141.0,1483.0,701.0,885.0,1222.0,1431.0,1492.0,1623.0,1780.0,1815.0,2209.0,1570.5,597.5,865.5,1190.0,1401.0,1519.0,1641.0,1819.5,1842.0,2348.0,1750.0,663.5,927.5,1228.0,1486.0,1570.5,1722.5,1862.0,1898.0,2884.0,2321.0,3188.0,2971.0,2947.0,3172.0,3009.0,3000.0,3300.0,2950.0,335.0,233.0,1207.0,1503.0,1685.5,1896.5,1695.5,1758.5,1779.5,1547.5,0.0,0.0,0.0,0.0,0.0,0.0,0.0,0.0,0.0,0.0,1212.0,1200.0,9476.0,9250.0,9316.0,9439.0,9109.0,8880.0,9322.0,8631.0,1934.0,1335.5,1180.5,1419.0,1861.0,2191.0,2238.5,2352.0,2562.5,2549.0,932.0,649.0,670.0,931.0,1197.0,1397.0,1428.0,1560.0,1723.0,1684.0,218.0,150.0,899.0,1150.5,1275.5,1367.0,1077.0,1136.0,1097.5,922.0,967.0,572.0,532.0,769.0,1019.0,1278.0,1328.0,1438.0,1582.0,1635.0,3057.0,2315.0,1033.0,1354.0,1723.0,2009.0,2143.0,2256.0,2480.0,2439.0,"{""type"":""MultiPoint"",""coordinates"":[]}"
2918,2,2254.5,1350.0,542.5,912.0,981.5,1645.5,2550.5,2778.5,3349.5,3252.0,4007.0,3069.0,897.0,1204.5,1633.0,1927.0,2200.5,2386.0,2748.5,2711.0,4348.0,3340.5,2286.0,2439.5,2603.0,3001.5,3262.5,3485.5,3777.5,3745.5,3904.5,2948.5,871.0,1109.0,1439.5,1774.5,2096.0,2390.0,2718.0,2722.0,0.0,0.0,0.0,0.0,0.0,0.0,0.0,0.0,0.0,0.0,5507.5,4872.0,1320.0,1647.5,2208.0,2671.5,2827.5,3160.0,3387.0,3639.5,0.0,0.0,0.0,0.0,0.0,0.0,0.0,0.0,0.0,0.0,5402.5,4568.0,1230.5,1653.0,2031.0,2689.5,3009.5,3220.0,3546.0,3717.5,1197.0,833.5,400.0,472.5,530.0,635.0,784.5,912.5,905.5,1049.0,4733.5,3496.0,970.0,1416.0,1517.0,2343.5,3276.5,3721.0,3952.5,4177.5,582.0,334.0,485.0,481.0,339.0,504.5,999.0,1197.0,1126.0,1170.5,2746.5,1777.0,681.0,1007.0,1177.5,1807.0,2651.5,3039.0,3507.0,3286.0,3449.5,1820.0,608.5,1003.0,696.0,1530.5,4898.0,5943.0,5806.0,6295.5,3001.0,1472.0,525.5,886.5,558.5,1346.5,4965.0,6098.0,6126.5,6407.5,2612.0,1104.5,495.5,842.0,457.5,1378.5,4886.5,6040.0,5761.5,6272.5,2492.5,1097.5,484.5,815.5,491.0,1279.5,4770.0,5832.5,5578.5,6148.5,2408.5,1064.5,393.0,699.5,421.5,1234.5,4294.0,5129.0,5433.5,5575.0,0.0,0.0,0.0,0.0,0.0,0.0,0.0,0.0,0.0,0.0,2173.5,1082.5,363.0,584.0,465.0,1271.5,3381.5,3892.0,4320.0,4206.5,2371.0,1583.5,586.5,755.0,880.5,1297.5,1755.0,1943.0,2236.0,2272.5,2445.0,1634.5,696.0,845.5,960.5,1294.5,1765.0,1981.5,2407.5,2318.5,2555.0,1677.5,777.0,943.0,1026.0,1425.5,1911.0,2051.0,2613.5,2650.5,0.0,0.0,0.0,0.0,0.0,0.0,0.0,0.0,0.0,0.0,2297.5,1409.0,431.5,711.0,728.0,1242.5,1897.5,2319.5,2702.0,2519.0,0.0,0.0,0.0,0.0,0.0,0.0,0.0,0.0,0.0,0.0,2129.0,1231.5,426.0,763.0,945.0,1616.0,2223.0,2468.0,3084.0,3120.0,1814.0,1131.0,634.5,769.5,822.0,1215.5,1708.0,1884.0,2239.0,2170.5,0.0,0.0,0.0,0.0,0.0,0.0,0.0,0.0,0.0,0.0,2235.0,1350.5,416.5,704.0,727.0,1243.5,2154.0,2438.0,2808.5,2611.0,0.0,0.0,0.0,0.0,0.0,0.0,0.0,0.0,0.0,0.0,813.0,862.0,9997.5,9864.5,9957.0,9740.0,9397.0,9128.0,9825.5,9051.5,0.0,0.0,0.0,0.0,0.0,0.0,0.0,0.0,0.0,0.0,2819.0,1854.0,602.5,943.5,1056.5,1763.5,2629.5,2970.5,3268.5,3246.5,3058.5,1942.0,728.0,1112.5,1299.5,2004.5,2618.0,2860.0,3268.5,3311.5,3441.5,2564.5,2177.5,2295.5,2478.0,2806.5,2939.5,3015.0,3551.5,3317.5,1921.5,1125.5,670.5,824.5,1071.5,1264.5,1344.0,1469.0,1617.5,1678.5,"{""type"":""MultiPoint"",""coordinates"":[]}"
2927,3,3990.0,3952.5,3095.5,3322.0,3775.0,4009.0,4009.5,4080.0,4227.0,4081.5,3495.5,2847.5,935.5,1385.0,1874.0,2220.0,2359.5,2532.0,2557.0,2730.5,2253.5,1515.0,652.5,994.0,1318.0,1656.0,1827.0,1987.0,2023.0,2153.0,2211.0,1515.0,733.5,1064.0,1413.5,1682.0,1931.0,2040.0,2124.5,2149.5,4775.5,4382.5,1617.0,2303.5,2962.0,3240.0,3529.5,3692.5,3936.5,3811.5,5456.0,4876.5,1985.0,2733.5,3416.5,3883.5,4064.0,4308.5,4333.5,4521.5,0.0,0.0,0.0,0.0,0.0,0.0,0.0,0.0,0.0,0.0,2508.5,1585.5,526.0,897.5,685.5,1327.0,3294.5,4199.0,4122.5,4200.5,1654.0,822.0,361.0,543.5,320.5,895.0,2819.5,3728.0,3720.5,3669.0,1958.5,995.0,355.0,643.0,343.5,1046.5,3437.0,4827.5,4821.0,4952.0,1982.5,1019.0,560.0,753.5,483.0,1069.5,3321.0,4833.5,4839.0,4889.5,3457.0,3307.0,1547.0,1799.5,2246.0,2553.5,2696.0,2838.5,2821.5,3076.0,1725.5,852.5,382.5,586.0,330.5,937.0,3269.5,4697.0,4651.5,4976.5,1727.5,856.5,338.0,574.0,305.0,930.5,3205.5,4728.0,4861.0,4861.0,3146.5,2270.0,1871.0,2124.0,2001.0,2599.0,4059.0,4918.0,4823.0,5049.5,1734.0,884.5,511.5,916.0,680.0,1526.0,3386.0,4156.5,4102.0,4423.5,1981.0,1080.5,554.5,985.5,867.5,1837.5,3192.0,3505.5,3679.5,3834.5,3654.0,2315.5,884.0,1358.5,2129.5,2607.5,3067.0,3415.0,3525.0,3752.0,3232.5,2214.5,773.5,1115.5,1516.5,1877.0,2343.0,2586.0,2715.5,2841.5,2840.0,1811.5,800.5,1028.0,1295.5,1686.5,2138.0,2385.0,2475.5,2667.5,3272.5,2187.5,631.5,916.0,1251.5,1636.0,2026.0,2262.0,2495.5,2554.0,3301.5,2626.5,753.0,1133.5,1580.5,1933.5,2195.5,2447.5,2480.0,2661.0,2423.5,1762.0,701.5,1040.5,1453.5,1704.0,1839.5,1970.0,2161.0,2127.5,3331.0,2648.0,642.5,984.0,1429.5,1718.0,2089.5,2257.0,2542.5,2521.0,2248.5,1346.0,665.5,992.5,1508.5,1818.5,2124.0,2420.0,2767.5,2660.5,2048.0,1312.5,488.5,821.0,1337.0,1561.0,1755.5,2007.0,2244.0,2183.5,2886.5,1935.0,664.0,1042.5,1577.0,1785.0,1975.0,2184.0,2426.5,2486.5,0.0,0.0,0.0,0.0,0.0,0.0,0.0,0.0,0.0,0.0,1291.5,812.0,567.0,771.0,1159.5,1408.0,1526.5,1650.0,1843.0,1857.5,0.0,0.0,0.0,0.0,0.0,0.0,0.0,0.0,0.0,0.0,873.5,952.0,10477.0,10100.0,10116.0,9949.0,9732.5,9480.0,9909.0,9072.0,1473.0,956.5,506.0,879.0,1262.5,1474.0,1537.5,1658.5,1816.5,1832.5,2623.0,1851.0,706.5,1029.0,1404.5,1678.5,1863.5,2001.0,2182.0,2126.0,2295.0,1619.0,705.5,1034.5,1339.0,1642.0,1826.5,1926.5,2044.0,2053.5,2097.5,1391.5,638.5,1007.5,1319.0,1659.0,1818.0,1935.5,2055.5,2032.0,3042.5,2300.0,822.0,1257.0,1642.0,1908.5,2150.5,2275.5,2436.5,2418.0,"{""type"":""MultiPoint"",""coordinates"":[]}"
2967,5,2177.0,1581.0,463.0,641.0,784.0,1042.0,1401.0,1542.0,1694.0,1703.0,3716.0,3242.5,800.0,1103.0,1503.0,1795.5,1951.5,2094.0,2228.0,2337.5,2439.0,1640.0,576.0,741.0,972.0,1208.0,1383.0,1500.0,1683.0,1699.0,3615.0,3099.0,774.0,985.0,1359.0,1582.0,1772.0,1931.0,2106.0,2207.0,3287.0,2699.0,631.0,879.0,1234.0,1466.0,1669.0,1861.0,2002.0,2112.0,3468.0,2879.0,855.0,1119.0,1355.0,1765.0,2362.0,2604.0,2749.0,2775.0,3473.0,2657.0,775.0,1023.0,1144.0,1599.0,2320.0,2601.0,2591.0,2808.0,2716.0,1945.0,576.0,801.0,924.0,1341.0,1460.0,1495.0,1601.0,1737.0,4489.0,3834.0,980.0,1218.0,1689.0,1999.0,2125.0,2408.0,2414.0,2688.0,4106.0,3384.0,896.5,1164.5,1591.5,1860.0,2034.0,2271.5,2291.5,2557.5,3779.0,3303.0,842.0,1111.0,1497.0,1798.0,2025.0,2292.0,2312.0,2542.0,2435.0,1923.0,435.0,639.0,831.0,1088.0,1473.0,1599.0,1681.0,1735.0,4003.0,3068.0,751.0,1077.0,1327.0,1824.0,2337.0,2598.0,2533.0,2878.0,2437.0,1396.0,2397.0,2048.0,1500.0,1568.0,2254.0,2569.0,3831.0,2807.0,2157.0,1189.0,453.0,654.0,543.0,985.0,2592.0,3276.0,3087.0,3257.0,2379.0,1326.0,366.0,591.5,437.0,947.5,2985.0,3754.5,3683.0,3946.0,2353.0,1465.0,280.0,488.0,403.0,867.0,2682.0,3299.0,3567.0,3614.0,1253.0,697.5,279.5,353.5,245.0,540.0,1668.5,2129.5,2183.5,2194.0,2044.0,1120.0,328.5,575.5,351.5,977.5,2656.5,3046.0,3183.5,3215.5,2876.0,2169.0,451.0,696.0,853.0,1254.0,1513.0,1679.0,1742.0,1929.0,3147.0,2516.0,508.0,704.0,1013.0,1250.0,1434.0,1573.0,1737.0,1811.0,3027.5,2305.5,590.0,774.5,1091.0,1330.0,1458.5,1640.0,1767.5,1887.0,2057.0,1551.0,1298.5,1313.5,1335.0,1560.5,1794.0,1903.5,1968.5,2008.5,3164.0,2395.5,667.5,897.5,1085.5,1396.5,1739.0,1833.5,2069.5,2075.5,2189.5,1627.0,654.5,775.5,820.5,1107.0,1391.0,1467.0,1580.5,1606.5,2602.5,1720.0,507.0,782.5,855.5,1264.5,1913.0,2081.0,2278.5,2292.5,3208.0,2223.0,680.0,926.0,958.0,1567.0,2421.0,2685.0,2750.0,2846.0,4556.0,4554.0,3048.0,3193.0,3397.0,3792.0,3921.0,3973.0,3770.0,4043.0,2352.0,1430.0,517.5,758.0,639.5,1347.5,2532.5,2700.0,2810.5,2922.0,0.0,0.0,0.0,0.0,0.0,0.0,0.0,0.0,0.0,0.0,102.0,104.0,9940.0,9917.0,9972.0,10134.0,9668.0,8995.0,9162.0,8328.0,417.0,277.0,2726.0,2901.0,3084.0,3733.0,3592.0,3822.0,3625.0,3589.0,2252.5,1542.5,476.5,708.5,828.5,1196.5,1698.0,1855.0,2017.5,2029.0,3324.0,2878.0,1626.5,1809.5,1933.5,2310.0,2688.5,2848.0,3038.5,3005.0,2368.0,1600.0,532.0,733.0,1024.0,1369.0,1507.0,1665.0,1816.0,1923.0,2099.0,1415.0,513.0,701.0,953.0,1159.0,1287.0,1438.0,1539.0,1613.0,"{""type"":""MultiPoint"",""coordinates"":[]}"
2968,61,682.0,395.0,581.0,726.0,925.0,1113.0,1149.0,1187.0,1279.0,1275.0,3033.5,2334.5,1508.5,1737.0,1907.0,2188.5,2330.0,2398.0,2490.5,2447.5,1038.0,527.0,650.0,889.5,1075.5,1338.5,1357.5,1469.5,1532.5,1563.5,1307.0,787.0,1027.0,1294.0,1547.0,1874.0,1845.0,1966.0,1867.0,1977.0,3097.0,2500.0,959.0,1255.0,1543.0,1792.0,1986.0,1994.0,2133.0,2216.0,0.0,0.0,0.0,0.0,0.0,0.0,0.0,0.0,0.0,0.0,0.0,0.0,0.0,0.0,0.0,0.0,0.0,0.0,0.0,0.0,4253.5,3638.0,1528.0,1890.5,2146.5,2565.0,2858.0,3059.5,2998.0,3292.0,3113.0,2516.0,1245.0,1427.0,1732.0,1980.0,1892.0,1951.0,1971.0,2121.0,2986.0,2675.0,1077.0,1277.0,1562.0,1797.0,1810.0,1921.0,1909.0,2005.0,2618.0,2128.0,916.0,1073.0,1295.0,1484.0,1482.0,1612.0,1556.0,1708.0,2115.0,1498.0,833.0,993.0,1256.0,1456.0,1507.0,1643.0,1754.0,1776.0,2760.0,2433.0,978.0,1164.0,1414.0,1634.0,1686.0,1815.0,1762.0,1910.0,3210.0,2858.0,1090.0,1308.0,1611.0,1853.0,1909.0,2055.0,2014.0,2131.0,2822.0,2429.0,1060.0,1188.0,1446.0,1663.0,1716.0,1848.0,1788.0,1963.0,3476.0,3088.0,1225.0,1494.0,1804.0,2084.0,2059.0,2243.0,2125.0,2331.0,2905.0,2472.0,851.0,1090.0,1393.0,1579.0,1679.0,1728.0,1802.0,1893.0,2858.5,2509.0,954.5,1167.5,1436.5,1622.0,1671.0,1782.5,1773.5,1904.0,2978.0,2681.0,972.0,1231.0,1500.0,1736.0,1789.0,1906.0,1958.0,2042.0,2292.0,1533.0,831.5,1015.5,1111.0,1430.5,1541.0,1636.0,1680.5,1744.0,3102.0,2575.0,790.0,1043.0,1229.0,1624.0,1667.0,1823.0,1816.0,1988.0,2929.0,2473.0,910.0,1173.0,1403.0,1666.0,1760.5,1852.5,1936.5,1988.0,1787.0,1594.0,1525.5,1399.5,1336.5,1438.0,1491.0,1608.0,2061.5,1729.0,2141.0,1460.0,669.0,878.5,1086.5,1270.5,1377.5,1480.5,1611.0,1590.5,1828.0,1158.0,628.0,807.0,1029.0,1219.0,1274.0,1431.0,1544.0,1532.0,2114.5,1363.5,619.0,875.5,1100.5,1323.5,1436.0,1535.0,1723.5,1720.0,2138.0,1443.0,653.0,888.0,1079.0,1356.0,1458.0,1545.0,1645.0,1686.0,0.0,0.0,0.0,0.0,0.0,0.0,0.0,0.0,0.0,0.0,1956.0,1218.0,730.0,929.0,1086.0,1311.0,1400.0,1583.0,1678.0,1627.0,0.0,0.0,0.0,0.0,0.0,0.0,0.0,0.0,0.0,0.0,997.0,1067.0,10622.0,10352.0,10332.0,10428.0,10110.0,9753.0,10158.0,9342.0,659.0,407.0,2348.5,2443.5,2685.5,2982.5,2857.0,2829.5,2900.5,2743.0,1313.5,767.5,568.0,805.0,1053.0,1265.0,1318.5,1403.5,1550.5,1572.0,1498.5,952.5,708.0,934.5,1124.5,1401.5,1469.5,1562.0,1670.0,1690.5,1166.0,700.0,720.0,1004.0,1203.0,1494.0,1509.0,1631.0,1696.0,1701.0,917.0,579.0,772.0,972.0,1190.0,1406.0,1421.0,1510.0,1557.0,1610.0,"{""type"":""MultiPoint"",""coordinates"":[]}"
2983,5,1932.0,1297.0,471.0,632.0,741.0,1037.0,1470.0,1614.0,1787.0,1753.0,3053.5,2562.0,855.0,1068.0,1358.0,1540.0,1640.5,1766.5,1925.0,1962.5,2157.0,1539.0,574.0,709.0,922.0,1071.0,1152.0,1302.0,1418.0,1456.0,2185.0,1478.0,623.0,750.0,866.0,1094.0,1342.0,1501.0,1601.0,1683.0,0.0,0.0,0.0,0.0,0.0,0.0,0.0,0.0,0.0,0.0,3315.0,2441.5,803.0,1115.0,1147.5,1638.0,2665.0,2983.0,3093.0,3197.5,0.0,0.0,0.0,0.0,0.0,0.0,0.0,0.0,0.0,0.0,2773.5,1633.0,549.5,855.5,546.5,1275.5,4203.0,5201.5,5111.5,5345.5,3666.0,3196.0,4828.0,4223.0,3723.0,3983.0,4166.0,4206.0,4757.0,4183.0,2290.0,1017.0,283.0,471.0,227.0,738.0,4000.0,5563.0,5829.0,5901.0,2146.0,945.0,178.0,361.0,169.0,636.0,3741.0,5387.0,5457.0,5695.0,1909.0,1326.0,478.0,611.0,768.0,1045.0,1450.0,1547.0,1770.0,1731.0,2411.0,971.0,411.0,603.0,329.0,909.0,4094.0,5450.0,5461.0,5908.0,2509.0,1078.0,869.0,965.0,590.0,1188.0,4194.0,5634.0,5720.0,6067.0,2860.0,2359.0,2505.0,2517.0,2354.0,2776.0,3380.0,3768.0,3425.0,3808.0,2327.5,1124.5,416.5,804.0,478.5,1339.5,3489.0,4188.0,4189.5,4606.5,2545.5,1576.0,417.5,646.0,685.0,1170.5,1876.5,2196.0,2414.0,2628.0,3123.0,2200.0,514.0,651.0,977.0,1224.0,1337.0,1579.0,1770.0,1970.0,3979.0,2922.0,827.5,1061.0,1545.0,1834.5,1977.0,2154.5,2338.0,2466.5,2670.0,2120.0,623.0,814.0,1095.0,1305.0,1363.0,1471.0,1539.0,1640.0,2689.0,2143.0,1056.5,1325.0,1494.0,1728.5,1821.5,1916.5,2033.5,2018.5,2724.0,2252.0,771.0,915.0,1190.0,1360.0,1492.0,1652.0,1770.0,1789.0,0.0,0.0,0.0,0.0,0.0,0.0,0.0,0.0,0.0,0.0,3046.0,2357.0,952.0,1074.0,1333.0,1549.0,1716.0,1833.0,2031.0,2033.0,5962.0,5235.0,3167.0,3671.0,4229.0,4823.0,5073.0,5218.0,4599.0,5210.0,1917.0,1205.0,493.0,707.0,822.0,1132.0,1559.0,1688.0,1887.0,1827.0,2573.0,1937.0,674.0,926.0,1027.0,1424.0,1972.0,2133.0,2232.0,2231.0,0.0,0.0,0.0,0.0,0.0,0.0,0.0,0.0,0.0,0.0,1996.0,1117.0,526.0,809.0,625.0,1330.0,2789.0,3039.0,3174.0,3185.0,0.0,0.0,0.0,0.0,0.0,0.0,0.0,0.0,0.0,0.0,523.0,508.0,9443.0,9047.0,8903.0,9013.0,8618.0,7947.0,8113.0,7380.0,0.0,0.0,0.0,0.0,0.0,0.0,0.0,0.0,0.0,0.0,2215.0,1572.0,631.0,779.0,1031.0,1191.0,1284.0,1373.0,1585.0,1609.0,2555.0,1906.5,637.5,819.0,1107.0,1282.5,1347.5,1471.0,1619.5,1690.0,2430.0,1922.0,610.0,740.0,979.0,1111.0,1203.0,1327.0,1465.0,1498.0,0.0,0.0,0.0,0.0,0.0,0.0,0.0,0.0,0.0,0.0,"{""type"":""MultiPoint"",""coordinates"":[]}"
3004,3,238.5,200.0,1122.0,1338.5,1553.5,1750.0,1536.0,1565.0,1595.0,1475.0,3677.5,3655.0,1580.0,1831.5,2187.5,2407.5,2457.0,2549.5,2663.5,2725.5,1997.5,1497.0,818.5,952.0,1150.5,1307.5,1356.5,1474.5,1579.0,1623.5,2099.0,1565.5,1407.5,1530.5,1629.0,1880.0,1931.5,2016.0,2094.0,2151.0,4879.0,4675.0,2221.5,2610.5,3045.0,3374.5,3488.5,3560.0,3837.5,3849.5,2084.0,1676.0,1380.0,1583.0,1583.0,1620.5,1488.5,1385.5,2206.0,1351.0,0.0,0.0,0.0,0.0,0.0,0.0,0.0,0.0,0.0,0.0,2955.5,2330.5,1065.0,1358.5,1234.5,1752.5,2874.5,3297.5,3129.5,3384.5,1589.5,812.0,363.0,650.0,365.5,891.0,2546.5,3591.5,3258.5,3550.0,1408.0,665.0,398.0,582.5,310.0,774.0,2746.0,3845.5,3772.5,3925.0,2157.0,957.0,1740.5,1725.5,1348.0,1656.0,3589.5,4573.0,4438.5,4644.0,1502.5,1061.0,817.0,995.0,1218.0,1381.5,1475.5,1538.5,1762.5,1700.5,1220.5,540.0,336.5,483.5,239.0,665.5,2654.0,4038.0,3875.0,4218.0,1364.0,637.0,487.0,718.0,380.0,992.0,3119.0,4297.0,4361.0,4459.0,1299.0,583.5,441.5,783.0,408.0,1209.5,3209.0,3928.0,3950.0,4121.5,520.5,293.0,441.0,551.5,365.0,742.0,1377.0,1656.0,1457.0,1686.5,2204.5,1314.0,714.5,1320.0,1341.0,2296.5,3097.0,3467.0,3665.0,3800.0,1530.0,898.0,669.5,1016.0,1094.0,1687.5,2176.0,2402.5,2456.5,2667.5,3024.0,2058.0,858.5,1260.0,1489.0,2153.0,2719.5,2941.5,3194.0,3248.0,2334.0,1564.0,752.0,1045.0,1304.0,1701.5,2025.5,2200.0,2234.5,2425.0,3319.0,2244.0,870.5,1234.5,1567.5,1943.0,2446.0,2622.5,2884.0,2944.5,3390.0,2381.5,932.5,1271.5,1629.0,2025.5,2460.0,2718.5,2963.5,3022.0,1419.5,1194.0,979.5,1197.0,1418.0,1667.0,1615.0,1682.0,1826.5,1758.5,3217.0,2147.5,949.0,1269.5,1631.5,2075.5,2437.5,2643.0,2919.0,2979.0,4822.5,4878.5,4769.5,4661.5,4726.0,4985.5,4928.0,4995.0,5190.0,4983.5,2348.5,1526.5,805.0,1133.5,1612.0,1901.0,2048.5,2179.0,2548.5,2504.0,2441.0,1660.0,921.0,1238.5,1676.0,1890.5,2112.0,2209.0,2496.0,2501.5,3457.0,2851.5,4570.5,4274.0,3967.0,3841.5,3811.5,3785.0,4417.0,3854.0,2294.0,1851.5,1284.5,1471.0,1818.0,2060.0,2126.0,2196.0,2413.5,2369.5,0.0,0.0,0.0,0.0,0.0,0.0,0.0,0.0,0.0,0.0,1032.5,1111.0,10280.5,10019.0,9982.0,10127.0,9908.5,9511.5,9946.0,9239.0,1320.5,992.5,802.0,1005.5,1248.5,1446.5,1451.0,1545.5,1652.0,1663.5,2499.0,1955.0,990.5,1217.5,1481.0,1702.0,1767.5,1885.5,2043.0,2102.0,2935.0,2482.5,1186.0,1427.0,1670.0,1953.0,2016.5,2093.5,2302.5,2309.5,2847.5,2300.0,1108.0,1379.5,1660.0,1940.5,2030.0,2130.5,2258.0,2297.0,5332.0,5272.5,2403.5,2864.0,3381.0,3704.5,3849.5,3943.0,4291.5,4216.0,"{""type"":""MultiPoint"",""coordinates"":[]}"
3012,3,1817.0,1143.5,608.5,798.0,1139.5,1350.0,1462.5,1620.5,1883.5,1890.5,3334.0,3154.0,1122.0,1443.0,1804.0,2175.0,2278.0,2415.0,2561.0,2542.0,1923.0,1249.0,533.5,732.5,1051.5,1184.5,1333.5,1436.0,1574.0,1616.5,3208.0,2385.0,1039.5,1288.0,1621.0,1920.0,2065.5,2185.5,2371.0,2381.0,4745.0,4349.0,1256.0,1769.0,2323.0,2715.0,2895.0,3039.0,3322.0,3313.0,6772.0,6349.0,1931.0,2494.0,3099.0,3781.0,4015.0,4368.0,4404.0,4710.0,0.0,0.0,0.0,0.0,0.0,0.0,0.0,0.0,0.0,0.0,0.0,0.0,0.0,0.0,0.0,0.0,0.0,0.0,0.0,0.0,1707.5,957.5,497.5,806.0,655.5,1174.0,2491.5,2929.0,2876.0,2980.5,1935.5,1043.0,668.5,945.0,713.5,1257.0,3296.0,4073.5,3984.0,4076.0,2171.0,1085.0,638.0,904.0,591.0,1323.0,3401.0,4435.0,4288.0,4605.0,3747.5,2844.5,1003.5,1275.0,1720.5,1927.5,2063.0,2257.5,2575.5,2561.0,1785.0,778.0,418.0,693.0,370.0,907.0,3309.0,4673.0,4479.0,4821.0,1955.0,909.0,511.0,769.0,480.0,1105.0,3635.0,5049.0,5019.0,5200.0,1154.0,555.0,485.0,667.0,381.0,933.0,2807.0,3905.0,3377.0,4009.0,1873.0,953.0,465.0,866.0,552.0,1381.0,3454.0,4374.0,4201.0,4629.0,1805.0,964.0,525.0,957.0,734.0,1626.0,3227.0,3937.0,4066.0,4239.0,2198.5,1264.0,664.0,972.5,1065.5,1673.5,2544.0,3033.5,3178.0,3470.0,2803.5,1865.0,714.5,1015.0,1258.0,1618.0,1935.5,2250.0,2412.0,2469.0,3625.0,2743.0,1751.0,1649.0,1800.0,2115.0,2234.0,2444.0,2524.0,2727.0,4220.0,3014.0,865.0,1246.0,1755.0,2090.0,2348.0,2565.0,2843.0,2923.0,4072.5,3057.0,818.0,1183.0,1641.5,2057.0,2307.5,2547.5,2799.0,2887.5,2792.0,2061.5,810.5,1035.5,1426.0,1649.5,1783.5,1934.0,2187.5,2208.0,3220.5,2407.5,684.0,947.5,1298.0,1580.5,1829.0,2034.5,2264.5,2316.0,2686.0,1712.0,925.0,1135.0,1610.0,1923.0,2045.0,2236.0,2621.0,2618.0,3039.0,2100.0,714.0,1028.0,1547.0,1828.5,1977.0,2124.5,2505.5,2541.0,2584.0,1696.0,667.0,966.0,1418.0,1680.0,1835.0,2005.0,2328.0,2320.0,2537.0,1960.0,1596.0,1813.0,2118.0,2493.0,2508.0,2550.0,2227.0,2627.0,2000.0,1361.5,626.0,811.5,1156.5,1353.0,1481.0,1653.5,1914.5,1895.5,0.0,0.0,0.0,0.0,0.0,0.0,0.0,0.0,0.0,0.0,974.0,1040.0,10614.0,10268.0,10220.0,10236.0,9996.0,9632.0,10060.0,9297.0,1447.0,951.5,2423.5,2559.0,2958.5,3233.0,2999.0,3102.5,3431.5,3271.5,3613.0,2881.0,895.0,1194.0,1611.0,1869.0,2025.0,2213.0,2358.0,2431.0,2666.5,1950.5,799.0,1047.5,1353.5,1601.0,1777.5,1912.5,2211.0,2239.0,1870.0,1259.0,602.0,861.0,1129.0,1328.0,1530.0,1744.0,1966.0,1953.0,4106.0,3237.0,1034.5,1363.0,1739.5,2121.0,2354.0,2501.5,2739.5,2826.5,"{""type"":""MultiPoint"",""coordinates"":[]}"
3101,3,2153.0,1360.0,623.0,886.0,1088.0,1435.0,1651.0,1833.0,2043.0,2021.0,5150.0,4645.0,1624.0,2227.0,2684.0,3209.0,3318.0,3475.0,3644.0,3681.0,2538.0,1596.0,687.5,1006.0,1039.0,1598.5,1832.0,1973.5,2116.0,2144.5,3554.5,2832.5,906.0,1312.0,1386.0,2042.5,2336.5,2499.0,2574.5,2643.0,2374.0,1457.0,533.0,862.0,914.0,1380.0,1643.0,1773.0,1909.0,1905.0,0.0,0.0,0.0,0.0,0.0,0.0,0.0,0.0,0.0,0.0,1739.0,1033.5,904.5,1062.0,1045.5,1449.5,1466.5,1592.5,1627.0,1654.0,4135.5,3252.5,1246.0,1676.5,1843.0,2385.5,2556.0,2725.5,2753.5,2941.0,4950.5,4256.0,1512.0,2028.0,2381.0,2848.0,3060.0,3293.0,3463.5,3520.0,708.0,463.0,478.0,612.0,433.0,853.0,1561.0,1856.0,1656.0,1780.0,850.0,487.0,526.0,607.0,461.0,622.0,1082.0,1266.0,1363.0,1245.0,2312.0,1590.0,530.0,787.0,996.0,1273.0,1458.0,1593.0,1776.0,1766.0,1372.0,618.5,332.0,424.0,220.5,553.0,2377.0,3742.5,3605.0,3865.5,1383.5,618.5,422.0,503.0,278.5,608.0,2557.0,4295.5,4386.5,4504.0,1484.0,648.5,300.5,409.0,201.5,535.0,2645.5,4669.0,4537.5,4874.5,1451.5,680.5,376.0,590.5,296.0,892.0,2950.0,4594.0,4534.0,4867.5,1634.0,794.0,344.0,713.0,380.0,1168.0,3378.0,4698.0,4887.0,4942.0,1520.0,743.0,367.0,717.0,471.0,1268.0,3268.0,4279.0,4405.0,4657.0,1825.0,998.5,462.5,844.0,664.0,1489.5,3008.5,3511.5,3754.0,3904.5,3132.0,2221.0,898.0,1171.0,1504.0,1922.0,2150.0,2323.0,2356.0,2515.0,3279.5,2320.5,806.0,1082.0,1391.5,1790.0,2052.5,2253.5,2398.5,2501.0,3195.0,2136.0,764.0,1030.0,1321.0,1726.0,2028.0,2234.0,2357.0,2497.0,2415.0,1668.0,531.0,831.0,1025.0,1340.0,1549.0,1662.0,1802.0,1852.0,2803.5,1935.5,776.0,989.0,1255.5,1581.0,1830.0,1988.5,2208.5,2262.5,1271.0,1087.0,1562.0,1181.0,1090.0,1196.0,1193.0,1279.0,1807.0,1355.0,2112.5,1343.0,557.0,798.5,1209.5,1448.5,1567.5,1761.0,1973.0,1991.0,2409.5,1565.0,623.0,858.0,1267.5,1524.0,1638.0,1773.0,1944.0,2053.5,0.0,0.0,0.0,0.0,0.0,0.0,0.0,0.0,0.0,0.0,1697.0,1146.0,571.0,733.0,1077.0,1288.0,1385.0,1535.0,1723.0,1737.0,0.0,0.0,0.0,0.0,0.0,0.0,0.0,0.0,0.0,0.0,764.0,824.0,10750.0,10512.0,10416.0,10474.0,10143.0,9720.0,10094.0,9291.0,1364.0,1086.5,5199.0,5133.0,5058.5,5204.5,5027.5,4861.5,5321.5,4599.5,2392.5,1486.0,617.0,941.0,1115.0,1505.5,1784.5,1928.0,2137.0,2122.0,3041.5,2333.0,1897.5,2036.0,2208.5,2498.0,2591.5,2697.5,2811.5,2832.0,2528.0,1645.0,680.0,995.0,1232.0,1547.0,1696.0,1826.0,1991.0,1999.0,2541.5,1728.0,766.0,1075.0,1294.5,1603.5,1741.5,1851.0,2005.5,1986.0,"{""type"":""MultiPoint"",""coordinates"":[]}"
3121,5,3426.5,2703.5,806.0,998.5,1300.5,1491.0,1646.5,1770.5,2010.5,2003.5,3446.0,2897.5,1183.0,1519.5,1717.5,2120.5,2327.5,2460.5,2622.0,2656.5,2305.5,1630.5,612.5,827.0,984.5,1231.5,1425.0,1542.0,1667.0,1701.5,0.0,0.0,0.0,0.0,0.0,0.0,0.0,0.0,0.0,0.0,3919.0,3410.0,1121.0,1536.5,1828.0,2260.0,2468.5,2651.5,2684.0,2882.5,3955.5,3462.5,1089.5,1458.0,1817.5,2133.5,2306.0,2526.5,2652.0,2737.0,0.0,0.0,0.0,0.0,0.0,0.0,0.0,0.0,0.0,0.0,3871.0,3663.5,1173.5,1511.5,1884.0,2137.5,2270.5,2460.0,2567.0,2634.0,0.0,0.0,0.0,0.0,0.0,0.0,0.0,0.0,0.0,0.0,3656.0,3030.0,1092.0,1410.0,1624.5,1983.5,2368.5,2571.0,2576.0,2757.5,3358.0,2480.0,748.0,1104.5,1144.0,1641.5,2599.0,2912.0,2945.5,3079.0,3385.0,2862.5,874.0,1056.5,1357.0,1526.5,1630.5,1768.5,1972.5,1978.5,3186.5,1818.5,600.0,932.5,640.5,1373.0,3900.5,4692.0,4527.5,4859.5,2448.0,1253.5,437.0,657.5,396.0,1002.0,3646.5,4660.0,4693.0,4787.0,0.0,0.0,0.0,0.0,0.0,0.0,0.0,0.0,0.0,0.0,2325.5,974.5,299.5,444.5,232.0,704.5,3953.5,5615.5,5446.0,5850.5,2116.5,889.0,228.5,398.0,207.5,660.5,3683.5,5050.5,5240.0,5325.0,0.0,0.0,0.0,0.0,0.0,0.0,0.0,0.0,0.0,0.0,2283.0,1320.0,398.5,810.5,723.5,1560.5,2497.0,2850.0,3079.5,3253.5,2961.5,2163.5,741.0,850.0,1028.0,1234.5,1354.5,1515.5,1573.0,1757.5,2650.0,2001.0,442.0,579.0,834.5,977.0,1063.5,1211.5,1378.5,1439.5,1694.0,1191.0,474.0,524.0,664.0,756.0,751.0,833.0,1072.0,939.0,0.0,0.0,0.0,0.0,0.0,0.0,0.0,0.0,0.0,0.0,2621.0,1939.0,533.5,687.0,874.5,1020.0,1133.5,1233.0,1396.5,1468.5,3966.0,2878.0,1290.5,1527.5,1933.0,2226.0,2295.0,2461.0,2577.0,2772.0,2451.0,1565.5,771.0,1009.5,1383.5,1634.0,1714.5,1859.0,2109.0,2135.0,2866.0,1992.5,843.5,1086.5,1382.0,1620.0,1777.0,1934.0,2124.0,2115.5,0.0,0.0,0.0,0.0,0.0,0.0,0.0,0.0,0.0,0.0,3026.0,2325.5,872.0,1052.5,1277.5,1485.5,1720.0,1840.5,2079.5,2018.5,0.0,0.0,0.0,0.0,0.0,0.0,0.0,0.0,0.0,0.0,993.0,1102.5,10046.0,9894.0,10002.5,10214.0,9885.0,9565.0,9947.0,9234.5,1970.5,1757.5,3098.5,1867.5,1197.0,1212.0,1273.0,1416.5,2701.0,1637.0,3505.0,2991.5,922.0,1143.0,1436.0,1657.0,1840.0,1964.5,2200.0,2179.5,2174.5,1592.0,659.0,924.5,1094.5,1342.0,1519.0,1645.5,1782.5,1770.5,45.0,37.0,558.0,845.5,1038.5,1042.5,527.0,489.0,416.0,245.5,195.5,182.5,831.0,1069.5,1019.0,1028.0,467.5,452.5,395.5,280.5,"{""type"":""MultiPoint"",""coordinates"":[]}"
3134,5,1222.0,703.0,431.0,574.0,810.0,981.0,1029.0,1124.0,1270.0,1273.0,2313.0,1866.0,687.0,864.0,1105.0,1252.0,1302.0,1384.0,1478.0,1500.0,1032.5,579.5,435.0,504.5,607.0,711.5,740.5,770.0,830.0,875.5,1425.0,826.0,562.0,702.0,895.0,1015.0,1053.0,1165.0,1260.0,1259.0,0.0,0.0,0.0,0.0,0.0,0.0,0.0,0.0,0.0,0.0,2680.0,2177.0,978.0,1156.0,1377.0,1579.0,1669.0,1817.0,1843.0,1896.0,0.0,0.0,0.0,0.0,0.0,0.0,0.0,0.0,0.0,0.0,2513.0,1951.0,797.0,1036.0,1170.0,1474.0,1772.0,1888.0,1966.0,2009.0,966.0,544.0,266.0,385.0,337.0,511.0,1035.0,1147.0,1083.0,1235.0,2186.0,1313.0,453.0,706.0,581.0,1050.0,2528.0,2908.0,2946.0,2963.0,0.0,0.0,0.0,0.0,0.0,0.0,0.0,0.0,0.0,0.0,1780.0,1282.0,599.0,724.0,987.0,1080.0,1201.0,1273.0,1421.0,1399.0,2586.0,1120.5,372.0,579.5,281.0,897.0,4596.0,6310.0,6210.5,6589.0,2404.0,1044.0,437.0,555.0,303.0,768.0,4177.0,5901.0,5962.0,6099.0,2407.0,997.0,314.0,454.0,234.0,769.0,4107.0,5962.0,5823.0,6268.0,2278.5,952.0,383.0,593.5,342.0,862.0,3952.5,5287.0,5071.0,5614.5,2145.0,941.5,328.0,615.5,298.5,1028.0,3961.5,4974.5,5107.0,5269.0,0.0,0.0,0.0,0.0,0.0,0.0,0.0,0.0,0.0,0.0,2849.5,1901.5,518.5,796.5,1085.5,1550.5,1887.5,2122.0,2386.0,2525.5,2841.0,2122.0,621.0,785.0,1062.0,1301.0,1385.0,1510.0,1562.0,1741.0,2582.0,2060.0,690.5,890.0,1193.5,1369.5,1420.0,1532.0,1673.5,1691.0,1811.0,1407.5,540.5,675.0,894.5,1026.5,1063.0,1137.0,1200.0,1247.5,0.0,0.0,0.0,0.0,0.0,0.0,0.0,0.0,0.0,0.0,2119.0,1611.0,596.0,746.0,987.0,1099.0,1142.0,1225.0,1357.0,1337.0,0.0,0.0,0.0,0.0,0.0,0.0,0.0,0.0,0.0,0.0,1397.0,854.0,302.0,458.0,657.0,749.0,812.0,854.0,1028.0,1026.0,1905.0,1386.5,555.0,699.5,915.0,1045.5,1083.0,1181.5,1269.0,1293.5,0.0,0.0,0.0,0.0,0.0,0.0,0.0,0.0,0.0,0.0,1562.0,1110.0,441.0,506.0,706.0,813.0,842.0,912.0,1021.0,1021.0,0.0,0.0,0.0,0.0,0.0,0.0,0.0,0.0,0.0,0.0,1001.0,1092.0,10995.0,10578.0,10446.0,10515.0,10255.0,9835.0,10244.0,9480.0,0.0,0.0,0.0,0.0,0.0,0.0,0.0,0.0,0.0,0.0,1661.0,1010.0,479.0,663.0,911.0,1112.0,1163.0,1281.0,1432.0,1430.0,1814.0,1094.0,659.0,865.0,1082.0,1249.0,1362.0,1425.0,1608.0,1593.0,1459.0,831.0,554.0,734.0,990.0,1165.0,1235.0,1331.0,1464.0,1485.0,1947.0,1161.0,681.0,872.0,1092.0,1283.0,1386.0,1444.0,1572.0,1617.0,"{""type"":""MultiPoint"",""coordinates"":[]}"
3138,5,1730.0,1183.0,558.0,678.0,933.0,1043.0,1139.0,1202.0,1436.0,1428.0,3882.0,3376.0,942.0,1215.0,1607.0,1805.0,1904.0,2062.0,2265.0,2338.0,2148.5,1435.5,596.5,711.0,931.5,1088.5,1157.5,1301.0,1476.0,1519.0,2631.0,1774.0,702.0,853.0,1068.0,1304.0,1469.0,1657.0,1844.0,1934.0,0.0,0.0,0.0,0.0,0.0,0.0,0.0,0.0,0.0,0.0,4108.0,3412.0,1002.0,1256.0,1469.0,1859.0,2499.0,2740.0,2912.0,2997.0,0.0,0.0,0.0,0.0,0.0,0.0,0.0,0.0,0.0,0.0,3834.0,2758.0,685.0,1038.0,972.0,1570.0,3554.0,4223.0,4419.0,4466.0,0.0,0.0,0.0,0.0,0.0,0.0,0.0,0.0,0.0,0.0,2360.0,1218.0,408.0,570.0,355.0,843.0,3197.0,4222.0,4348.0,4466.0,2373.0,1060.0,391.0,505.0,306.0,745.0,3598.0,5032.0,5124.0,5276.0,2286.0,1771.0,591.0,728.0,985.0,1116.0,1193.0,1329.0,1535.0,1494.0,1266.0,504.0,292.5,332.5,196.5,451.0,2241.5,3157.5,3121.0,3340.5,2242.0,949.0,325.0,472.0,257.0,726.0,3817.0,5351.0,5483.0,5652.0,2255.0,943.0,369.0,568.0,314.0,871.0,3749.0,5208.0,5101.0,5533.0,1969.5,919.0,454.0,618.5,330.5,919.0,3250.0,4231.0,4207.0,4545.0,2009.5,945.5,322.5,668.5,405.5,1217.0,3169.5,3807.0,4044.5,4184.5,0.0,0.0,0.0,0.0,0.0,0.0,0.0,0.0,0.0,0.0,2354.0,1545.5,335.0,520.5,598.5,973.5,1358.5,1572.0,1796.5,1918.5,2241.0,1584.0,397.5,498.5,636.0,844.5,917.5,1049.0,1094.5,1215.5,3635.0,2784.5,632.0,826.0,1185.5,1417.5,1538.0,1690.0,1920.0,2012.0,2749.5,2288.0,566.5,676.0,906.5,1059.0,1200.0,1477.0,1447.5,1729.5,0.0,0.0,0.0,0.0,0.0,0.0,0.0,0.0,0.0,0.0,2546.0,2075.0,480.0,646.0,859.0,991.0,1042.0,1181.0,1314.0,1381.0,0.0,0.0,0.0,0.0,0.0,0.0,0.0,0.0,0.0,0.0,1290.0,825.0,182.0,286.0,433.0,517.0,578.0,640.0,757.0,799.0,2754.0,2317.5,1867.5,1844.5,1945.0,2062.5,2019.5,2091.0,2187.5,2183.0,0.0,0.0,0.0,0.0,0.0,0.0,0.0,0.0,0.0,0.0,1466.0,960.0,385.0,476.0,629.0,722.0,782.0,879.0,1024.0,1023.0,0.0,0.0,0.0,0.0,0.0,0.0,0.0,0.0,0.0,0.0,872.0,949.0,10404.0,10256.0,10295.0,10394.0,10059.0,9725.0,10090.0,9330.0,0.0,0.0,0.0,0.0,0.0,0.0,0.0,0.0,0.0,0.0,2386.0,1702.0,631.0,768.0,1018.0,1169.0,1271.0,1378.0,1584.0,1591.0,3015.5,2353.5,715.5,891.5,1202.5,1362.0,1440.0,1598.0,1805.5,1835.5,2936.0,2192.0,1665.0,1842.0,2044.5,2308.0,2398.5,2492.0,2579.0,2641.5,5086.0,4657.0,1325.0,1595.0,2078.0,2358.0,2475.0,2731.0,2917.0,3079.0,"{""type"":""MultiPoint"",""coordinates"":[]}"
3141,5,2396.0,1663.0,871.0,1106.0,1500.0,1728.0,1798.0,1962.0,2265.0,2223.0,3632.0,2738.0,1353.0,1633.0,1985.0,2387.0,2538.0,2696.0,2902.0,2946.0,1961.5,1224.5,806.5,1053.0,1382.5,1755.5,1856.0,2022.0,2186.0,2286.0,2940.5,2167.0,1105.0,1354.5,1705.5,2077.5,2178.0,2371.5,2506.0,2639.5,4658.0,3811.0,1548.0,1917.0,2348.0,2668.0,2833.0,2962.0,3241.0,3297.0,6262.0,5265.0,6498.0,6267.0,5994.0,6303.0,5892.0,5683.0,6740.0,5502.0,0.0,0.0,0.0,0.0,0.0,0.0,0.0,0.0,0.0,0.0,3408.0,2663.5,1110.0,1292.0,1457.5,1777.0,1945.5,2043.5,2108.0,2313.5,4819.0,3883.0,1875.0,2258.0,2277.0,2594.0,3027.0,3198.0,3226.0,3521.0,5128.0,4164.0,1528.0,1830.0,2299.0,2705.0,2996.0,3226.0,3351.0,3620.0,5474.0,4524.0,2199.0,2319.0,2597.5,3186.0,3751.0,4106.0,4116.5,4461.5,3967.0,3098.0,1273.0,1561.0,2034.0,2282.0,2436.0,2556.0,2826.0,2873.0,4230.5,3004.0,1001.5,1328.0,1373.5,1993.0,3232.0,3664.5,3636.0,4041.5,3459.0,2759.5,1658.5,1569.0,1385.5,1968.0,3521.0,4196.5,4082.0,4510.5,2811.0,1648.0,666.0,821.0,664.0,1259.0,3438.0,4231.0,4036.0,4312.0,2453.0,1231.0,420.0,634.0,394.0,972.0,3877.0,5341.0,5023.0,5461.0,2406.0,1263.0,362.0,589.0,493.0,898.0,3686.0,4950.0,4720.0,5115.0,2184.0,1109.5,417.0,628.5,447.5,944.0,3728.5,4858.0,4763.0,5068.5,2129.0,1094.5,414.0,661.0,461.5,954.5,3552.0,4466.0,4676.5,4752.5,1857.0,937.0,424.5,803.5,508.5,1334.5,2833.0,3224.0,3335.5,3620.5,2817.0,1940.0,656.0,1078.0,1045.0,1716.0,2332.0,2607.0,2940.0,3033.0,3950.0,2918.0,750.0,1046.0,1537.0,1793.0,1955.0,2189.0,2492.0,2605.0,2771.0,2026.0,1157.0,1399.0,1873.0,2102.0,2240.0,2399.0,2691.0,2613.0,3690.0,2861.0,978.0,1240.0,1629.0,1829.0,1973.0,2107.0,2369.0,2387.0,2791.0,1993.5,921.0,1129.0,1475.0,1687.0,1762.5,1941.5,2123.0,2177.0,2101.5,1430.5,639.0,879.5,1206.5,1392.0,1483.5,1573.5,1802.0,1768.5,2217.0,1533.0,712.0,966.0,1243.0,1455.0,1544.0,1675.0,1882.0,1908.0,2553.0,1688.0,1090.0,1390.0,1895.0,2524.0,2619.0,2369.0,1462.0,2190.0,2111.0,1549.5,1129.5,1239.5,1431.0,1637.5,1711.5,1802.0,2011.5,1967.5,0.0,0.0,0.0,0.0,0.0,0.0,0.0,0.0,0.0,0.0,1076.0,1152.0,10514.0,10272.0,10208.0,10243.0,9986.0,9659.0,10034.0,9267.0,1953.0,1385.5,2397.0,2617.5,2911.5,3271.5,3260.0,3332.5,3438.5,3382.0,2959.0,2121.0,1040.0,1285.0,1700.0,2028.0,2096.0,2230.0,2474.0,2496.0,2985.5,2243.5,1088.5,1356.5,1679.5,2013.5,2137.5,2282.0,2475.5,2509.0,2166.0,1430.0,817.0,1100.0,1437.0,1757.0,1905.0,1994.0,2148.0,2258.0,4686.5,3760.5,1504.0,1839.0,2267.5,2719.0,2857.5,3016.5,3214.5,3312.0,"{""type"":""MultiPoint"",""coordinates"":[]}"
3199,1,2742.0,1942.0,796.0,1042.0,1246.0,1675.0,2226.0,2405.0,2659.0,2557.0,3640.0,3221.5,1612.0,1903.0,2202.5,2578.5,2815.0,2996.0,3165.5,3178.0,2391.0,1749.0,717.0,964.0,1375.0,1580.0,1651.0,1788.0,1901.0,1901.0,3607.5,3049.5,957.5,1433.0,1618.0,2243.5,2542.5,2711.5,2806.0,2868.5,2675.0,1935.0,645.0,1060.0,1260.0,1707.0,2003.0,2141.0,2283.0,2299.0,4495.0,3343.0,1176.0,1707.0,1592.0,2524.0,4347.0,5133.0,5068.0,5320.0,0.0,0.0,0.0,0.0,0.0,0.0,0.0,0.0,0.0,0.0,2105.5,998.0,382.5,599.0,344.5,760.5,3435.5,5167.0,5245.0,5341.0,2057.0,1151.0,300.0,493.0,392.0,784.0,3218.0,4986.0,5154.0,5159.0,2055.0,961.0,360.0,511.0,295.0,657.0,3299.0,5037.0,4792.0,5331.0,1958.0,810.0,452.0,598.0,361.0,744.0,3338.0,5477.0,5157.0,5765.0,3014.0,2270.0,847.0,1117.0,1382.0,1845.0,2313.0,2495.0,2728.0,2662.0,2079.0,880.0,398.0,603.0,384.0,829.0,3365.0,4944.0,5030.0,5237.0,1350.0,619.0,398.0,518.5,333.5,689.0,2239.0,3204.0,3136.0,3458.0,2565.0,1517.0,514.0,756.0,752.0,1239.0,2356.0,3028.0,3074.0,3431.0,2689.5,1991.0,477.0,621.5,771.0,1056.5,1467.5,1701.5,1701.5,1994.5,2855.0,2158.0,410.0,599.0,857.0,1057.0,1215.0,1392.0,1537.0,1637.0,4499.5,3889.5,3641.5,3673.0,3812.0,4296.0,4330.0,4469.0,4109.0,4577.0,4451.0,3318.5,1006.0,1403.5,2122.5,2499.5,2678.5,2930.5,3156.5,3359.5,4116.0,3065.0,903.0,1213.0,1728.0,2069.0,2261.0,2414.0,2527.0,2741.0,3923.5,2899.0,816.0,1117.0,1491.0,1901.0,2317.0,2553.5,2742.0,2841.0,3527.0,2344.0,689.0,1076.0,1220.0,1774.0,2581.0,2797.0,3014.0,3109.0,2853.0,2031.0,791.0,1079.0,1296.0,1794.0,2305.0,2475.0,2637.0,2660.0,2915.0,1860.5,674.5,994.5,1026.0,1588.0,2451.5,2681.0,2965.5,3012.5,3122.5,2293.5,2294.0,2278.0,2369.0,2727.5,2958.0,3072.0,3410.5,3263.0,3221.5,2070.0,638.5,1017.0,1360.0,1935.5,2545.5,2735.5,3045.5,3033.5,3345.0,2183.0,683.0,1026.0,1309.0,1863.0,2582.0,2742.0,3007.0,3055.0,0.0,0.0,0.0,0.0,0.0,0.0,0.0,0.0,0.0,0.0,2976.0,2013.0,638.0,957.0,1082.0,1631.0,2553.0,2741.0,3037.0,2969.0,0.0,0.0,0.0,0.0,0.0,0.0,0.0,0.0,0.0,0.0,794.0,856.0,10330.0,10272.0,10220.0,10378.0,10011.0,9630.0,10032.0,9202.0,1692.5,1161.0,1338.0,1549.5,1665.5,2115.0,2421.5,2520.5,2667.5,2611.5,2958.0,2111.0,727.0,1024.0,1243.0,1816.0,2502.0,2737.0,3003.0,2905.0,2940.0,2051.0,797.0,1186.0,1287.0,1997.0,2536.0,2730.0,3041.0,2964.0,2793.0,1894.0,748.0,1154.0,1445.0,1963.0,2315.0,2431.0,2633.0,2667.0,2855.0,2143.0,869.0,1159.0,1438.0,1823.0,1957.0,2116.0,2329.0,2294.0,"{""type"":""MultiPoint"",""coordinates"":[]}"
3200,3,1225.5,729.5,572.5,661.0,814.5,956.0,1017.5,1090.5,1208.5,1239.5,3628.0,3296.0,1242.0,1484.0,1804.0,2059.0,2113.0,2221.0,2341.0,2387.0,1590.5,981.5,607.0,737.5,870.0,1065.0,1124.5,1233.0,1312.5,1371.0,2219.5,1563.0,1264.0,1320.0,1403.5,1676.0,1682.5,1773.5,1742.0,1929.0,3574.0,3203.0,1126.0,1430.0,1723.0,1965.0,2065.0,2177.0,2349.0,2367.0,4848.0,4431.0,1772.0,2069.0,2398.0,2795.0,2848.0,3072.0,3104.0,3273.0,0.0,0.0,0.0,0.0,0.0,0.0,0.0,0.0,0.0,0.0,1670.5,960.5,430.5,792.5,442.5,1197.0,2620.0,3074.5,3059.5,3011.0,1919.0,998.0,326.0,636.0,312.0,941.0,3137.0,4116.0,3565.0,4282.0,1668.0,815.5,351.5,577.0,248.5,789.0,3034.5,4356.0,4380.5,4355.5,1676.0,792.0,573.0,689.0,380.0,886.0,2988.0,4484.0,4496.0,4553.0,1026.5,724.0,414.5,437.5,515.5,578.5,619.5,667.0,762.5,755.5,1335.0,622.0,360.0,491.0,284.0,690.0,2621.0,3934.0,3824.0,4063.0,1555.5,755.5,476.5,627.5,355.0,866.5,2864.0,4301.5,4388.0,4560.0,737.0,365.5,308.5,526.5,264.5,742.5,1893.5,2459.0,2359.0,2505.0,1435.0,726.0,503.0,931.0,642.0,1530.0,3158.0,3801.0,3769.0,4108.0,1741.0,964.0,583.0,1026.0,974.0,1846.0,3072.0,3556.0,3569.0,3873.0,1975.0,1113.0,560.0,1005.0,1220.0,2013.0,2686.0,2990.0,3085.0,3301.0,4122.0,3199.0,1164.0,1603.0,2227.0,2553.0,2714.0,2902.0,3198.0,3219.0,1027.0,645.0,398.0,449.0,638.0,768.0,800.0,896.0,949.0,1031.0,3215.0,2786.0,843.5,1097.5,1431.5,1642.5,1721.5,1861.0,1967.0,2054.0,3432.0,2997.0,967.0,1218.0,1558.0,1797.0,1885.0,1997.0,2113.0,2230.0,1636.0,1411.0,591.0,674.5,815.5,907.0,970.0,1027.5,1102.5,1149.0,3270.0,2909.0,923.5,1160.5,1519.5,1735.0,1819.5,1942.5,2186.5,2189.5,1202.0,733.0,461.0,575.0,854.0,1038.0,1099.0,1206.0,1367.0,1388.0,1144.5,720.0,371.0,551.5,797.5,977.0,1082.5,1178.5,1352.5,1343.0,2109.0,1532.0,633.0,859.0,1120.0,1293.0,1396.0,1501.0,1647.0,1666.0,3379.0,2895.5,3219.5,3331.5,3438.5,3713.0,3588.5,3551.0,3508.0,3596.5,505.5,288.5,464.5,585.5,718.5,899.0,963.5,1054.0,1156.0,1161.5,0.0,0.0,0.0,0.0,0.0,0.0,0.0,0.0,0.0,0.0,1040.0,1130.0,10828.0,10394.0,10420.0,10503.0,10189.0,9753.0,10122.0,9415.0,885.5,548.0,2435.0,2434.0,2559.0,2683.5,2679.5,2635.0,2768.0,2594.0,2072.0,1493.0,640.0,840.0,983.0,1142.0,1200.0,1327.0,1441.0,1450.0,2155.5,1505.5,817.0,991.0,1160.5,1339.0,1435.0,1506.5,1661.0,1671.0,1942.0,1258.0,668.0,846.0,1032.0,1221.0,1274.0,1367.0,1480.0,1511.0,2594.0,2061.0,877.0,984.5,1200.5,1350.0,1455.5,1530.5,1683.5,1703.0,"{""type"":""MultiPoint"",""coordinates"":[]}"
3219,1,2467.0,1507.5,568.0,958.0,967.5,1953.5,3258.5,3485.5,3771.5,3708.5,3883.5,3245.0,1375.5,1770.5,2150.5,2551.5,2667.0,2809.0,3109.0,2995.5,2961.0,2253.5,759.0,1092.5,1480.5,1831.0,1955.5,2129.5,2243.0,2335.5,2992.5,2286.0,1015.0,1454.0,1491.5,1827.0,2097.0,2202.0,2389.0,2411.0,4230.0,3509.5,1097.5,1647.0,2032.5,2607.5,2977.5,3158.0,3374.5,3395.0,5209.0,4475.5,1455.5,1989.0,2347.5,2950.5,4018.5,4501.5,4563.0,4805.5,0.0,0.0,0.0,0.0,0.0,0.0,0.0,0.0,0.0,0.0,2090.0,896.0,273.0,479.5,213.0,623.5,3768.5,5761.0,5797.5,5969.0,1908.0,776.0,347.5,486.0,275.5,695.5,3645.5,6209.0,6134.0,6570.5,1960.0,819.0,348.5,526.0,308.0,667.0,3431.5,5679.0,5608.5,5853.0,1580.5,666.0,498.5,586.5,404.0,693.5,2630.0,4269.5,4269.0,4529.5,2672.0,1735.5,494.0,881.5,1004.5,2009.5,3192.0,3473.0,3792.5,3749.0,1923.0,790.0,365.0,431.0,275.5,681.5,3028.5,4463.5,3815.5,4577.5,1813.0,780.0,309.0,468.0,287.5,664.0,2926.5,4440.0,4559.5,4755.0,1954.0,849.0,426.0,569.0,396.0,849.0,2950.5,4125.0,4040.5,4579.0,2507.0,1496.0,733.5,736.0,750.0,1122.5,2252.5,2861.5,2824.0,3219.0,2906.0,2041.0,385.5,576.0,962.5,1222.0,1394.0,1640.0,1733.0,2042.0,4494.5,3047.5,878.0,1349.0,2109.0,2533.5,2733.5,3032.0,3324.0,3582.5,4359.5,3754.5,1004.5,1358.0,1914.0,2222.5,2337.5,2519.0,2598.5,2841.5,3131.5,2461.5,1156.5,1355.0,1599.0,1906.0,2182.0,2314.5,2349.0,2523.0,3509.5,2687.5,771.5,1137.5,1415.0,1900.5,2195.5,2440.0,2502.0,2652.5,3884.5,3031.5,874.0,1277.0,1465.5,2043.0,2558.0,2731.0,2876.5,2973.5,2979.0,2195.5,1104.5,1382.0,1528.5,2337.0,3238.5,3495.0,3821.0,3745.5,2638.0,2131.5,615.0,838.0,1202.0,1428.5,1589.0,1732.0,1909.5,1843.5,3395.5,2685.5,1055.0,1366.5,1811.0,2126.5,2323.5,2506.5,2749.5,2736.0,2774.0,2062.0,585.0,932.0,1260.5,1632.0,2007.5,2171.5,2353.0,2376.0,3018.5,2330.5,637.0,1022.0,1285.0,1761.0,2251.0,2455.0,2652.0,2661.5,0.0,0.0,0.0,0.0,0.0,0.0,0.0,0.0,0.0,0.0,2699.5,2068.5,1018.0,1232.5,1198.0,1766.0,2727.5,2921.5,2883.5,3081.5,0.0,0.0,0.0,0.0,0.0,0.0,0.0,0.0,0.0,0.0,1139.5,1236.0,10634.0,10382.0,10337.0,10479.0,10080.5,9727.5,10129.0,9315.0,3301.5,2878.0,2880.0,3036.0,3133.0,3769.0,4036.5,4165.5,4193.0,4193.5,2409.0,1488.0,530.0,927.5,1049.0,1899.5,2774.0,3053.5,3364.5,3360.5,3463.0,2697.0,1956.0,2162.5,2347.5,2855.0,3156.5,3346.5,3619.0,3580.5,3034.0,2101.5,734.0,1153.0,1579.0,2099.0,2396.0,2595.5,2894.5,2973.0,2890.5,2357.5,676.5,993.0,1488.0,1709.0,1822.5,1949.5,2128.5,2153.0,"{""type"":""MultiPoint"",""coordinates"":[]}"
3226,5,2016.0,1406.5,553.0,732.0,965.0,1151.0,1229.0,1335.5,1500.5,1502.0,3932.5,3456.5,2088.0,2151.5,2249.5,2550.0,2634.0,2755.5,2953.5,2901.0,2484.5,1705.5,629.5,753.0,958.0,1154.5,1225.0,1367.5,1511.5,1617.5,3141.0,2591.5,773.0,967.5,1225.0,1464.5,1557.5,1744.5,1823.0,1907.5,3774.0,3271.0,882.5,1171.0,1487.0,1766.0,1924.0,2072.5,2175.5,2290.0,4343.5,3779.0,1149.0,1434.0,1841.5,2148.0,2278.0,2517.0,2545.5,2707.5,1306.0,912.0,980.0,990.5,985.5,1141.5,1253.5,1379.0,1381.0,1469.5,3106.5,2606.0,863.5,1179.0,1450.5,1855.5,2140.0,2231.5,2170.5,2488.5,2605.5,1842.5,533.0,702.5,903.5,1272.0,1680.0,1897.0,1982.5,2090.0,3589.0,2522.0,689.5,1033.5,1064.5,1634.5,2730.5,3042.5,3101.5,3234.0,3353.0,2545.5,2147.5,2290.0,2257.5,2713.5,3474.5,3717.5,3644.0,3912.5,2886.5,2418.0,634.0,810.0,1063.5,1253.5,1348.5,1465.5,1619.5,1648.5,2992.0,1796.0,521.0,834.5,606.0,1333.5,3491.5,4067.5,3813.5,4344.5,2606.0,1665.5,786.5,1004.0,852.5,1374.5,2981.5,3568.5,3627.0,3747.5,2543.5,1592.0,1374.0,1413.0,1278.5,1752.0,3069.5,3405.5,3398.0,3458.5,2188.5,1197.5,407.5,580.5,380.0,904.0,2962.0,3665.0,3340.5,3893.0,2275.5,1342.0,347.5,645.0,502.5,1097.0,2570.5,3033.0,3204.5,3366.5,1653.5,957.5,291.5,526.0,443.5,927.5,1683.0,1951.5,2036.5,2170.0,3000.5,2303.5,506.0,690.0,805.0,1183.0,1663.5,1769.0,2045.5,2035.5,2409.5,1564.5,436.0,608.0,687.0,1028.0,1334.5,1507.0,1558.0,1663.5,3215.0,2427.0,572.0,770.5,917.5,1255.0,1547.5,1746.5,1794.5,1948.5,2565.5,1998.0,521.5,683.5,878.5,1109.5,1263.0,1370.5,1466.0,1561.5,3332.0,2518.0,823.5,1010.0,1281.0,1503.5,1656.0,1790.5,1987.5,2075.5,3736.0,3181.5,2181.0,2220.5,2342.5,2610.0,2758.0,2833.0,3014.0,3018.0,2125.5,1596.5,1012.5,956.5,979.0,1070.5,1084.0,1122.5,1631.0,1243.0,1918.5,1298.5,367.0,517.0,736.0,856.0,942.0,1039.5,1215.0,1223.0,2293.0,1698.5,463.5,607.0,841.5,997.0,1069.5,1173.0,1296.5,1367.0,0.0,0.0,0.0,0.0,0.0,0.0,0.0,0.0,0.0,0.0,2282.0,1606.0,528.5,627.0,842.5,995.5,1106.5,1226.5,1337.5,1389.5,0.0,0.0,0.0,0.0,0.0,0.0,0.0,0.0,0.0,0.0,253.5,310.0,12345.0,11610.0,11141.0,11112.0,10672.0,10040.5,10398.0,9461.0,191.0,162.5,5962.5,5877.0,5934.0,6193.5,5746.5,5404.0,5797.0,5174.0,2753.0,2038.5,576.5,775.0,1002.0,1243.0,1400.0,1504.0,1697.5,1701.5,3460.0,2897.0,778.5,1036.0,1323.5,1574.0,1744.5,1881.0,2057.0,2110.5,2539.5,1810.0,540.5,709.0,912.5,1138.0,1281.0,1400.5,1537.0,1608.0,2451.5,1682.5,641.5,811.0,1036.5,1239.0,1340.0,1425.5,1550.5,1658.5,"{""type"":""MultiPoint"",""coordinates"":[]}"
3255,2,2134.5,1660.0,588.0,791.5,1111.0,1326.0,1427.5,1602.5,1815.0,1748.5,3422.0,2821.5,1010.0,1381.5,1629.0,2105.0,2765.5,2986.0,3221.0,3176.5,2466.0,1794.5,620.0,943.0,1078.0,1513.5,2012.0,2211.0,2372.0,2398.0,4671.5,3955.0,3635.5,3729.5,3853.5,4206.0,4291.0,4345.0,4564.0,4386.5,4499.0,3797.5,1368.0,1847.0,2387.5,2923.5,3069.0,3332.0,3400.0,3726.5,4492.0,3942.5,1183.0,1652.5,2217.0,2655.5,2904.0,3070.5,3339.5,3357.0,0.0,0.0,0.0,0.0,0.0,0.0,0.0,0.0,0.0,0.0,4678.5,4425.0,1262.5,1672.0,2066.5,2587.0,2768.5,3009.5,3219.5,3256.5,0.0,0.0,0.0,0.0,0.0,0.0,0.0,0.0,0.0,0.0,3362.5,2245.5,641.5,996.0,984.0,1644.0,2876.5,3239.5,3218.5,3477.0,3742.0,2685.5,740.5,1107.5,1072.5,1796.5,3645.0,4383.0,4425.5,4633.5,3699.5,3460.5,1094.0,1453.5,1955.0,2316.0,2459.0,2531.0,2937.5,2836.5,2968.0,1714.5,556.0,819.5,667.0,1353.0,3846.5,4561.0,4582.0,4970.0,2812.0,1572.5,571.0,820.5,640.5,1247.5,3966.0,4968.0,5073.5,5141.0,0.0,0.0,0.0,0.0,0.0,0.0,0.0,0.0,0.0,0.0,2762.0,1428.5,501.0,736.5,569.0,1194.0,4010.5,5085.5,4872.0,5321.5,2585.0,1420.5,479.5,731.0,612.5,1254.0,3749.0,4601.5,4869.0,4993.0,0.0,0.0,0.0,0.0,0.0,0.0,0.0,0.0,0.0,0.0,2641.5,1539.5,517.5,723.0,661.0,1405.0,3470.0,4095.5,4369.5,4545.5,2831.0,1749.0,548.5,725.5,769.0,1342.5,2238.0,2541.0,2576.0,2881.5,3100.0,2257.0,789.0,977.0,1183.5,1562.0,2120.0,2372.0,2607.5,2676.5,2093.5,1541.5,687.5,810.0,997.0,1283.5,1491.5,1618.0,1862.0,1926.5,0.0,0.0,0.0,0.0,0.0,0.0,0.0,0.0,0.0,0.0,3268.0,3001.0,739.0,1052.0,1487.0,1635.5,1843.0,2042.0,2280.5,2266.0,3568.5,2941.5,2351.0,2320.0,2454.0,2619.0,2671.5,2720.0,3310.0,2868.5,2516.0,1906.0,500.5,795.0,1162.0,1395.0,1599.5,1761.5,1943.5,1989.0,2167.0,1535.0,392.0,661.5,995.0,1223.0,1426.0,1545.0,1749.0,1779.5,0.0,0.0,0.0,0.0,0.0,0.0,0.0,0.0,0.0,0.0,2385.5,1846.0,581.0,830.5,1121.0,1343.0,1661.5,1772.0,1984.0,1979.0,0.0,0.0,0.0,0.0,0.0,0.0,0.0,0.0,0.0,0.0,1106.5,1188.0,10140.0,9854.5,9921.0,10079.5,9930.5,9506.0,9917.0,9248.5,2555.5,1998.0,642.0,879.5,1243.5,1499.0,1657.0,1790.0,1930.0,2007.5,3197.0,2670.5,854.5,1173.0,1610.0,1840.5,2138.0,2371.0,2592.0,2553.5,3005.5,2382.0,799.5,1106.5,1421.5,1730.5,2107.5,2289.5,2546.0,2456.5,2525.0,1875.5,637.5,925.0,1200.5,1539.0,1916.0,2090.0,2343.0,2311.0,4004.5,3540.0,1192.5,1590.5,1925.0,2389.0,3054.5,3114.0,3372.0,3438.0,"{""type"":""MultiPoint"",""coordinates"":[]}"
3280,5,1832.0,1205.0,623.0,782.0,1042.0,1179.0,1278.0,1358.0,1485.0,1473.0,4360.0,3753.0,1269.0,1846.0,2384.0,2659.0,2768.0,2902.0,3027.0,3096.0,2645.0,1785.0,801.0,1091.0,1434.0,1621.0,1722.0,1836.0,1987.0,1998.0,2616.0,2223.5,768.0,1042.5,1298.5,1502.5,1662.5,1797.0,1857.0,1897.0,2635.0,1786.0,646.0,999.0,1255.0,1506.0,1853.0,1991.0,2166.0,2161.0,4287.0,3373.0,1048.0,1556.0,1753.0,2260.0,3305.0,3697.0,3681.0,3863.0,2876.0,1511.0,678.0,976.0,823.0,1435.0,3367.0,3811.0,3789.0,3937.0,3113.0,1720.0,424.0,772.0,537.0,1211.0,3749.0,4720.0,4732.0,4974.0,2514.0,1131.0,279.0,476.0,248.0,784.0,3836.0,5206.0,5042.0,5456.0,2451.0,1104.0,296.0,487.0,236.0,724.0,3922.0,5371.0,5544.0,5619.0,2270.0,967.0,217.0,361.0,175.0,591.0,3783.0,5434.0,5435.0,5736.0,2470.0,1857.0,667.0,932.0,1210.0,1368.0,1476.0,1595.0,1760.0,1743.0,2656.0,1119.0,552.0,698.0,424.0,968.0,4899.0,6500.0,6459.0,7018.0,2599.0,1088.0,520.0,643.0,374.0,870.0,4151.0,5704.0,5739.0,6080.0,2653.5,1647.5,1033.0,1238.5,1105.5,1752.0,4067.0,4887.5,4841.0,5205.5,2017.0,908.0,507.0,752.0,450.0,1107.0,3257.0,4240.0,4161.0,4653.0,2592.0,1813.0,410.5,535.5,749.5,961.0,1074.0,1240.5,1372.5,1530.5,3155.0,2586.0,751.0,1003.0,1529.0,1846.0,2003.0,2264.0,2482.0,2705.0,2705.5,1994.0,879.0,1190.5,1410.0,1631.0,1766.5,1889.0,2027.0,2063.0,1604.5,963.5,594.5,688.5,772.5,959.5,1027.0,1134.5,1166.0,1272.5,4083.0,3005.0,1275.0,1611.0,1862.0,2216.0,2475.0,2687.0,2741.0,2882.0,2756.0,2380.0,668.0,939.0,1218.0,1384.0,1442.0,1544.0,1641.0,1667.0,2421.0,1736.0,679.0,926.0,1213.0,1376.0,1499.0,1596.0,1788.0,1756.0,2273.0,1808.0,501.0,696.0,961.0,1118.0,1163.0,1260.0,1399.0,1401.0,2918.5,2588.5,684.5,980.0,1371.0,1581.0,1679.5,1824.0,1670.0,2005.0,2739.0,2292.0,615.0,970.0,1270.0,1417.0,1509.0,1623.0,1758.0,1798.0,2348.0,1858.0,451.0,720.0,1013.0,1161.0,1261.0,1343.0,1456.0,1469.0,2174.0,1742.0,2255.0,2003.5,1894.5,2068.0,2122.0,2166.0,2333.0,2206.0,2440.0,1877.5,588.5,831.0,1118.5,1292.0,1343.0,1466.0,1567.5,1589.0,0.0,0.0,0.0,0.0,0.0,0.0,0.0,0.0,0.0,0.0,214.0,221.0,8396.0,8228.0,8058.0,8166.0,7767.0,7087.0,7188.0,6510.0,1265.0,780.0,633.0,908.0,1173.0,1297.0,1308.0,1372.0,1531.0,1437.0,2390.0,1621.0,739.0,1052.0,1366.0,1544.5,1626.0,1756.0,1923.5,1896.5,4414.0,3863.0,1331.0,1884.0,2404.0,2671.0,2768.0,2909.0,3128.0,3104.0,3748.0,3140.0,1084.0,1507.0,1960.0,2174.0,2277.0,2416.0,2589.0,2559.0,4134.0,3496.0,1146.0,1722.0,2247.0,2483.0,2581.0,2702.0,2949.0,2922.0,"{""type"":""MultiPoint"",""coordinates"":[]}"
3303,2,2900.0,2096.0,676.0,860.0,1162.0,1406.0,1614.0,1804.5,2149.0,2145.5,4608.0,4450.0,1176.5,1575.5,2173.0,2413.5,2595.0,2805.5,3043.5,3079.5,2936.5,2178.0,904.5,1113.0,1391.5,1663.0,1885.0,2064.5,2272.0,2363.0,2962.0,2322.5,837.0,1072.5,1403.5,1653.0,1764.5,1928.0,2132.5,2180.0,0.0,0.0,0.0,0.0,0.0,0.0,0.0,0.0,0.0,0.0,5029.5,4998.5,1474.5,1859.5,2436.5,2830.5,2903.5,3190.0,3247.5,3468.0,0.0,0.0,0.0,0.0,0.0,0.0,0.0,0.0,0.0,0.0,5368.0,4926.5,1757.5,2323.0,2788.0,3373.0,3543.5,3767.0,3968.5,3984.5,0.0,0.0,0.0,0.0,0.0,0.0,0.0,0.0,0.0,0.0,5225.0,4391.0,1285.5,1817.5,2060.5,2778.0,4100.0,4577.5,4649.5,4995.0,3994.0,2506.0,1068.0,1483.5,1217.5,2165.0,5042.0,5772.5,5781.5,6125.5,3138.0,2333.0,757.0,933.0,1239.0,1553.0,1792.0,1924.5,2272.0,2292.0,2199.0,1339.5,703.5,752.0,536.5,1047.5,3306.0,4134.5,4021.5,4436.5,2601.5,1139.5,464.5,748.0,383.5,1170.5,4880.5,6159.0,6200.0,6387.0,2529.5,995.5,466.5,767.5,391.0,1270.0,5023.0,6397.0,6211.0,6721.0,2670.5,1317.5,704.5,985.5,688.5,1560.5,4724.5,5769.5,5648.5,6035.5,2203.5,983.0,325.0,565.5,364.5,1198.5,3795.0,4490.0,4806.0,4966.5,0.0,0.0,0.0,0.0,0.0,0.0,0.0,0.0,0.0,0.0,2469.5,1457.0,449.0,600.5,642.0,1331.0,2640.0,2996.5,3297.0,3448.0,2865.0,2014.0,693.5,849.5,996.5,1402.0,1791.0,1960.0,2118.0,2355.0,3208.0,2355.0,823.0,960.0,1220.5,1520.0,1725.0,1961.5,2193.5,2356.0,3411.5,2559.5,950.5,1112.0,1367.5,1691.5,1915.5,2137.5,2366.0,2514.0,0.0,0.0,0.0,0.0,0.0,0.0,0.0,0.0,0.0,0.0,3627.5,2511.0,686.0,973.5,1365.5,1805.5,2171.5,2438.0,2807.0,2964.0,0.0,0.0,0.0,0.0,0.0,0.0,0.0,0.0,0.0,0.0,3324.0,2304.0,606.0,886.5,1375.0,1651.5,1846.5,2104.0,2480.0,2590.5,3293.0,2361.0,633.0,898.5,1306.5,1585.0,1811.5,1996.0,2322.0,2411.5,0.0,0.0,0.0,0.0,0.0,0.0,0.0,0.0,0.0,0.0,3125.0,2226.0,620.5,828.0,1115.5,1405.5,1633.5,1835.0,2130.5,2153.0,0.0,0.0,0.0,0.0,0.0,0.0,0.0,0.0,0.0,0.0,746.5,811.0,10176.0,10060.0,10010.0,10122.0,9849.0,9455.0,9917.5,9123.0,0.0,0.0,0.0,0.0,0.0,0.0,0.0,0.0,0.0,0.0,3136.0,2323.0,671.5,878.0,1164.0,1511.5,1841.5,2029.5,2319.5,2358.0,3236.5,2348.5,757.0,1017.5,1246.5,1645.0,2080.5,2300.5,2578.0,2626.5,2931.5,2019.0,605.0,843.0,1067.0,1498.0,1831.5,2006.0,2290.5,2356.5,3240.0,2278.0,804.0,1017.0,1296.5,1650.0,1851.5,2055.0,2309.0,2458.5,"{""type"":""MultiPoint"",""coordinates"":[]}"
3325,1,2471.5,1901.5,744.5,1021.5,1303.0,1499.0,1601.5,1715.0,1918.5,1846.0,4882.5,4672.0,1555.5,2079.5,2646.0,2946.5,2993.0,3139.0,3367.0,3362.0,2795.0,2103.5,878.5,1158.0,1515.0,1734.5,1811.5,1949.5,2076.5,2100.5,2890.5,2165.5,664.5,1053.0,982.0,1611.5,1877.0,2011.0,2151.0,2202.5,5734.0,5428.5,2127.5,2816.0,3303.5,3889.5,4158.5,4347.0,4474.5,4562.0,5519.0,4965.0,1816.5,2456.5,2806.0,3381.5,4338.5,4784.5,4806.5,4945.5,4246.5,3370.5,1192.0,1672.5,1767.5,2312.0,3988.5,4844.5,4975.0,5067.5,2028.5,900.0,344.0,551.5,299.5,691.0,3329.0,4888.0,4857.5,4970.5,1830.0,796.0,282.0,457.5,270.0,618.5,3342.5,5371.0,5273.5,5601.5,1801.5,744.0,173.5,359.5,169.5,480.5,3112.0,5256.5,5297.0,5523.5,2737.5,1576.0,787.5,1029.5,908.0,1411.5,4031.5,5878.5,6241.0,6281.0,2705.5,2209.5,869.0,1172.5,1525.5,1734.0,1820.0,1924.5,2116.5,2048.0,1930.0,764.0,399.5,531.5,322.0,655.5,3132.5,5155.0,5105.5,5525.5,1763.5,736.5,440.0,569.0,353.0,691.0,2872.5,4496.5,4556.0,4774.5,1788.5,1053.5,429.0,597.5,443.5,817.5,2557.0,3662.0,3571.0,3956.5,1998.0,1129.5,384.5,575.0,524.5,956.0,1816.0,2234.0,2209.0,2511.5,3798.0,2738.0,695.0,973.0,1434.5,1806.5,2014.0,2205.0,2465.0,2576.0,0.0,0.0,0.0,0.0,0.0,0.0,0.0,0.0,0.0,0.0,3661.5,3357.0,1018.5,1377.5,1814.0,2053.0,2131.0,2256.0,2395.5,2450.5,2742.0,2105.0,712.5,996.0,1178.0,1550.5,1647.5,1776.0,1794.0,1932.5,3873.5,3727.0,1136.5,1538.5,2002.5,2234.5,2288.0,2438.5,2569.5,2624.0,5266.5,4966.0,1715.5,2276.0,2869.0,3221.0,3311.0,3476.0,3596.5,3722.5,0.0,0.0,0.0,0.0,0.0,0.0,0.0,0.0,0.0,0.0,4708.0,4459.5,1547.5,2049.5,2641.5,2925.5,3019.5,3135.0,3342.5,3309.5,5421.5,5014.0,1630.0,2203.0,2839.5,3213.0,3272.5,3426.0,3564.0,3717.0,2381.5,1846.0,524.0,818.0,1176.0,1343.0,1394.0,1534.0,1671.5,1658.0,3309.5,2916.0,985.5,1347.0,1753.0,2001.0,2037.5,2163.0,2286.5,2310.5,0.0,0.0,0.0,0.0,0.0,0.0,0.0,0.0,0.0,0.0,2422.5,1927.5,669.5,912.5,1243.0,1410.5,1455.5,1578.0,1750.5,1743.5,0.0,0.0,0.0,0.0,0.0,0.0,0.0,0.0,0.0,0.0,298.0,348.5,10751.0,10392.0,10331.0,10421.0,10052.5,9630.5,9980.0,9202.0,0.0,0.0,0.0,0.0,0.0,0.0,0.0,0.0,0.0,0.0,2810.5,2235.5,910.5,1260.5,1616.0,1853.5,1928.0,2073.5,2251.5,2185.0,4308.5,3773.0,1474.5,1955.0,2444.5,2743.5,2863.5,3028.0,3270.5,3231.5,3066.0,2452.5,908.5,1263.5,1637.0,1912.5,2043.5,2167.5,2359.0,2338.5,1079.5,809.5,502.0,597.0,663.5,736.0,766.5,826.5,876.0,869.5,"{""type"":""MultiPoint"",""coordinates"":[]}"
3335,5,978.0,851.0,891.0,1167.0,1554.0,1952.0,1942.0,2023.0,2161.0,2035.0,5244.0,4445.5,1851.0,2351.5,2894.0,3352.0,3610.0,3850.5,4135.0,4115.0,2636.0,1727.0,820.5,1106.5,1354.5,1743.5,2174.5,2320.5,2533.0,2531.5,3139.0,2204.0,1446.0,1854.0,1932.0,2177.0,2502.0,2808.0,3089.0,3035.0,3746.0,2832.0,1196.0,1582.0,1966.0,2264.0,2787.0,3034.0,3318.0,3300.0,0.0,0.0,0.0,0.0,0.0,0.0,0.0,0.0,0.0,0.0,2592.0,1723.0,750.0,1023.0,1166.0,1524.0,2056.0,2356.0,2437.0,2574.0,4474.5,3742.5,1771.5,2231.5,2512.0,2977.5,3737.5,4185.0,4298.5,4472.0,5068.0,4316.0,1893.0,2490.0,3017.0,3346.0,3942.0,4402.0,4556.0,4656.0,3917.0,2886.0,1392.0,1734.0,1872.5,2342.5,3553.5,4091.5,4137.5,4394.5,2644.0,1494.0,888.0,1037.0,966.0,1519.0,3115.0,3602.0,3468.0,3984.0,1285.0,996.0,891.0,1141.0,1421.0,1690.0,1559.0,1679.0,1873.0,1656.0,3142.0,1792.0,502.0,805.0,676.0,1342.0,3691.0,4701.0,4758.0,5085.0,2814.0,1525.0,588.0,778.0,639.0,1233.0,3573.0,4538.0,4669.0,4817.0,2900.0,1648.0,520.0,742.0,669.0,1133.0,3496.0,4626.0,4604.0,4949.0,2757.0,1647.5,463.0,667.0,563.0,1033.5,3179.5,4268.0,4215.0,4618.0,2655.0,1533.0,418.0,729.0,650.0,1194.0,3171.0,4066.0,4201.0,4457.0,2482.0,1408.0,442.0,708.0,627.0,1199.0,3011.0,3743.0,3916.0,4078.0,2588.5,1611.0,481.5,867.5,735.5,1508.5,2827.0,3212.5,3381.0,3607.0,2957.0,2154.0,546.0,751.0,1010.0,1290.0,1554.0,1695.0,1779.0,1951.0,3817.0,2837.0,766.0,1005.0,1417.0,1729.0,1994.0,2202.0,2373.0,2550.0,3146.0,2472.0,828.0,1091.0,1416.0,1654.0,1984.0,2215.0,2379.0,2465.0,2023.5,1863.5,1647.5,1755.5,1917.0,2128.0,2092.5,2126.0,2321.5,2188.5,2561.0,1863.0,638.0,960.0,1205.0,1482.0,1861.0,2047.0,2316.0,2272.0,3498.0,3504.0,2026.0,2262.0,2575.5,2986.5,3061.0,3215.5,2628.0,3370.0,2340.5,1537.0,620.0,949.5,1195.5,1559.5,1928.5,2169.0,2427.0,2339.0,2607.5,1842.0,709.5,1070.0,1317.5,1693.5,2125.5,2281.0,2526.5,2469.5,0.0,0.0,0.0,0.0,0.0,0.0,0.0,0.0,0.0,0.0,2461.0,1690.0,691.0,1001.0,1137.0,1602.0,2116.0,2456.0,2686.0,2614.0,0.0,0.0,0.0,0.0,0.0,0.0,0.0,0.0,0.0,0.0,1007.0,1108.0,10922.0,10710.0,10614.0,10594.0,10280.0,9870.0,10416.0,9408.0,939.0,684.0,2497.5,2705.5,2976.0,3554.0,3376.5,3562.0,3271.0,3424.5,3065.0,2256.0,944.0,1232.0,1614.0,1925.0,2086.0,2199.0,2619.0,2439.0,3600.5,2957.0,2180.0,2349.0,2627.5,2904.5,2977.5,3113.5,3270.5,3312.5,2661.0,1880.0,791.0,1120.0,1502.0,1807.0,1996.0,2156.0,2439.0,2403.0,3581.0,2577.0,1182.0,1495.0,1922.0,2288.0,2603.0,2746.0,3001.0,3050.0,"{""type"":""MultiPoint"",""coordinates"":[]}"
3429,1,2035.0,1420.5,456.0,652.5,834.0,1063.5,1234.5,1348.0,1529.0,1535.0,4444.0,4202.0,1248.0,1567.0,1925.0,2214.0,2338.0,2496.0,2519.0,2736.0,2534.0,2017.0,638.0,755.0,925.0,1074.0,1187.0,1249.0,1422.0,1456.0,3353.5,2895.5,781.0,1055.5,1095.0,1512.5,1841.5,1994.0,2105.0,2155.0,3229.5,2558.0,686.5,986.0,1005.0,1381.5,1927.0,2256.5,2259.0,2356.0,3646.0,2625.0,836.0,1152.0,973.0,1464.0,3656.0,4708.0,4671.0,4889.0,0.0,0.0,0.0,0.0,0.0,0.0,0.0,0.0,0.0,0.0,1716.0,757.5,256.0,424.5,181.0,510.5,3099.0,5310.0,5218.5,5416.0,2819.5,2171.5,1347.0,1495.0,1329.0,1743.5,3572.0,5237.0,5258.0,5418.5,1954.0,853.0,228.0,439.0,242.5,536.0,3153.5,5136.0,5199.0,5424.0,1567.0,787.0,468.0,561.0,397.0,688.0,2567.0,4225.0,4465.0,4433.0,2520.0,2082.0,617.0,810.0,1000.0,1227.0,1411.0,1559.0,1688.0,1691.0,2053.0,881.0,373.0,624.0,365.0,838.0,3373.0,5220.0,5064.0,5622.0,2065.0,955.0,579.0,798.0,515.0,938.0,3206.0,4659.0,4575.0,4858.0,2425.0,1336.0,625.0,887.0,765.0,1367.0,2822.0,3593.0,3618.0,4065.0,2331.5,1552.0,494.5,613.5,804.5,1048.0,1233.0,1389.0,1460.5,1625.5,2963.0,2150.5,504.0,646.5,939.5,1190.0,1273.5,1451.5,1575.0,1754.5,4581.5,3297.5,1097.0,1505.0,2257.0,2704.5,2840.5,3166.5,3273.5,3598.5,4216.5,3270.0,929.0,1264.0,1777.0,2131.5,2271.5,2468.0,2708.5,2806.5,2277.0,1527.0,552.0,777.0,950.0,1283.0,1527.0,1676.0,1763.0,1913.0,2839.5,1964.0,644.5,912.5,1012.5,1375.5,1667.5,1817.5,1962.5,2122.0,2201.0,1898.0,480.0,594.0,778.0,919.0,953.0,1094.0,1239.0,1239.0,2713.5,2116.5,819.5,981.5,1110.5,1393.0,1630.5,1728.5,1938.0,1984.5,2675.5,2199.5,724.0,897.0,1140.0,1324.0,1391.5,1523.5,1703.5,1756.5,2524.0,2120.0,622.0,780.0,1044.0,1201.0,1321.0,1366.0,1545.0,1634.0,2261.0,1726.5,461.0,654.0,920.0,1065.0,1163.0,1261.5,1452.5,1465.0,2252.0,1745.0,568.0,758.0,932.0,1072.0,1177.0,1261.0,1445.0,1475.0,0.0,0.0,0.0,0.0,0.0,0.0,0.0,0.0,0.0,0.0,1708.0,1250.0,448.0,617.0,805.0,963.0,1088.0,1203.0,1385.0,1389.0,0.0,0.0,0.0,0.0,0.0,0.0,0.0,0.0,0.0,0.0,777.0,841.0,10744.0,10452.0,10362.0,10448.0,10027.0,9553.0,9932.0,9154.0,1008.0,687.0,4375.0,4516.5,4621.0,4941.0,4988.0,4805.5,4857.0,4640.5,2490.0,1872.0,552.0,778.0,885.0,1159.0,1477.0,1597.0,1830.0,1807.0,2952.0,2339.0,794.0,1043.5,1239.5,1537.5,1691.0,1832.5,2043.0,2077.5,2626.0,2022.0,673.0,864.0,1066.0,1267.0,1387.0,1525.0,1684.0,1745.0,2045.0,1681.0,484.0,556.0,736.0,827.0,863.0,991.0,1113.0,1150.0,"{""type"":""MultiPoint"",""coordinates"":[]}"
3444,5,1781.0,1158.0,565.0,820.5,1145.5,1391.5,1523.0,1664.5,1885.5,1887.0,3476.5,3110.0,975.0,1286.0,1716.0,1911.5,2031.5,2171.5,2355.5,2402.5,1745.0,1160.5,572.0,722.0,987.5,1142.0,1214.5,1338.0,1446.0,1495.5,1845.0,1185.5,735.5,975.0,1310.5,1547.5,1590.5,1765.5,1912.0,1953.0,0.0,0.0,0.0,0.0,0.0,0.0,0.0,0.0,0.0,0.0,2660.0,2154.5,1136.0,1306.0,1583.0,1778.0,1956.0,2114.0,2256.5,2300.0,0.0,0.0,0.0,0.0,0.0,0.0,0.0,0.0,0.0,0.0,4864.0,4374.0,1554.5,2048.0,2487.0,2975.0,3303.5,3551.0,3740.0,3795.0,4643.5,3712.5,1612.5,2058.0,2319.0,2843.0,3742.5,4066.0,4073.5,4299.0,2317.0,1413.5,459.0,735.0,697.0,1167.5,2163.5,2406.5,2455.5,2594.0,2541.5,1308.0,515.5,844.0,564.5,1279.0,3565.0,4254.0,4088.0,4411.0,2725.0,2128.5,782.0,1050.5,1404.5,1638.5,1730.5,1888.0,2074.5,2107.5,2735.5,1230.0,336.5,585.5,237.5,904.0,4596.5,6147.5,5831.0,6285.0,2445.0,1109.0,448.0,595.5,329.0,832.0,4229.5,6036.5,6016.5,6180.5,3070.0,1284.5,380.0,559.5,304.5,875.5,5025.5,7465.0,7361.0,8006.0,2361.5,975.5,384.0,525.5,324.0,771.0,3956.5,5670.5,5475.0,5939.5,2141.5,888.0,270.5,464.5,244.0,734.0,3818.5,5172.5,5294.0,5470.5,0.0,0.0,0.0,0.0,0.0,0.0,0.0,0.0,0.0,0.0,2124.5,1058.5,384.5,875.0,583.0,1675.0,3402.0,3883.0,4143.0,4205.0,1541.0,954.5,1317.5,1099.0,872.0,1026.5,1083.5,1221.5,1804.5,1216.5,3058.5,2265.5,605.5,795.0,1134.5,1361.0,1485.5,1639.5,1797.0,1899.0,3784.0,3058.0,908.0,1126.5,1534.0,1777.0,1852.5,2039.0,2153.0,2255.5,0.0,0.0,0.0,0.0,0.0,0.0,0.0,0.0,0.0,0.0,3422.0,2648.5,846.5,1029.0,1338.0,1544.5,1661.5,1790.5,1929.5,2006.0,0.0,0.0,0.0,0.0,0.0,0.0,0.0,0.0,0.0,0.0,1414.5,794.0,332.0,482.5,687.5,831.5,965.0,1039.0,1182.0,1207.5,1253.5,860.5,460.5,568.5,717.0,860.0,893.5,970.0,1061.0,1078.5,0.0,0.0,0.0,0.0,0.0,0.0,0.0,0.0,0.0,0.0,1623.0,1060.5,486.0,608.0,778.5,982.0,1066.5,1197.5,1314.5,1318.0,0.0,0.0,0.0,0.0,0.0,0.0,0.0,0.0,0.0,0.0,934.0,1027.0,10820.5,10442.0,10366.0,10551.5,10162.0,9789.5,10190.0,9379.5,0.0,0.0,0.0,0.0,0.0,0.0,0.0,0.0,0.0,0.0,2761.5,2072.5,801.5,1097.5,1448.5,1670.5,1792.0,1936.5,2137.5,2173.0,3389.5,2697.0,988.5,1309.0,1672.0,1923.5,2076.0,2251.0,2482.5,2488.0,2023.0,1293.0,655.5,891.5,1240.5,1467.0,1569.0,1714.5,1900.0,1900.5,0.0,0.0,0.0,0.0,0.0,0.0,0.0,0.0,0.0,0.0,"{""type"":""MultiPoint"",""coordinates"":[]}"
3472,5,1849.0,1242.0,662.0,876.0,1182.0,1394.0,1549.0,1650.0,1892.0,1871.0,4005.0,3154.0,1220.0,1618.0,2032.0,2428.0,2612.0,2790.0,3021.0,3067.0,3175.5,2261.5,1003.0,1311.0,1628.5,2058.5,2296.0,2474.0,2602.5,2715.5,3112.0,2262.0,916.0,1225.0,1523.0,1938.0,2145.0,2327.0,2500.0,2554.0,3443.0,2582.0,936.0,1288.0,1619.0,2016.0,2261.0,2435.0,2671.0,2659.0,6144.0,5652.0,4426.0,4541.0,4613.0,5246.0,5142.0,5335.0,5384.0,5505.0,0.0,0.0,0.0,0.0,0.0,0.0,0.0,0.0,0.0,0.0,3853.0,3191.0,1634.0,1930.0,2165.5,2518.5,2805.0,3021.5,3122.5,3190.0,5723.0,5082.0,1753.0,2444.0,3044.0,3599.0,4147.0,4498.0,4485.0,4752.0,5180.5,4093.5,1077.0,1726.0,1848.0,2729.0,4418.0,4933.0,4991.0,5271.0,3906.0,2670.5,1403.5,1672.0,1482.5,2283.5,4573.5,5359.0,5247.0,5603.5,2289.0,1631.0,637.0,859.0,1185.0,1348.0,1522.0,1683.0,1901.0,1874.0,3272.0,1521.0,346.0,630.0,289.0,1059.0,5199.0,6758.0,6678.0,7079.0,2459.0,1150.0,476.5,602.0,337.5,842.0,3973.5,5676.5,5704.0,5943.5,2321.0,1159.5,513.0,641.5,405.0,911.0,3471.0,4949.5,4920.0,5256.0,2499.0,1117.0,354.0,533.0,288.0,829.0,3919.0,5266.0,5091.0,5491.0,2134.0,965.0,280.0,588.0,280.0,988.0,3584.0,4678.0,4759.0,4916.0,2610.0,1874.0,886.5,1169.0,1026.0,1730.5,3587.5,4298.0,3871.5,4543.5,2306.0,1122.5,407.0,873.0,498.5,1483.5,3406.0,3875.5,4037.0,4221.5,2686.0,1841.0,519.0,752.0,805.0,1305.0,1721.0,1873.0,1887.0,2140.0,2819.0,2066.0,463.0,658.0,782.0,1152.0,1439.0,1587.0,1738.0,1880.0,3061.0,2186.0,653.0,889.0,1178.0,1468.0,1676.0,1847.0,2015.0,2028.0,3265.0,2858.0,2648.0,2555.5,2559.0,2749.5,2853.0,2921.5,3306.0,3018.5,3473.0,2550.5,744.0,980.5,1234.5,1543.0,1744.0,1937.0,2094.0,2207.0,2630.0,1829.0,739.0,897.0,1034.5,1356.0,1652.5,1833.0,1919.0,2035.5,3018.5,2063.5,625.5,903.5,1012.0,1444.0,2002.0,2179.5,2424.0,2413.0,3002.0,2063.0,606.0,907.0,972.0,1467.0,2286.0,2482.0,2667.0,2692.0,0.0,0.0,0.0,0.0,0.0,0.0,0.0,0.0,0.0,0.0,2363.0,1478.0,538.0,807.0,752.0,1321.0,2088.0,2292.0,2503.0,2521.0,0.0,0.0,0.0,0.0,0.0,0.0,0.0,0.0,0.0,0.0,679.0,621.0,7347.0,7568.0,7870.0,8122.0,7951.0,7731.0,8118.0,7510.0,1275.0,871.0,1700.0,1909.0,2225.0,2617.0,2625.0,2684.0,2769.5,2817.5,2027.0,1371.0,647.0,857.0,1181.0,1408.0,1554.0,1681.0,1872.0,1936.0,2822.5,1968.0,800.5,1029.0,1313.0,1619.5,1808.5,1985.5,2155.0,2198.0,2149.0,1415.0,553.0,815.0,1098.0,1374.0,1552.0,1723.0,1883.0,1912.0,2689.5,1939.0,870.0,1180.5,1554.0,1866.0,2021.0,2181.0,2390.0,2437.5,"{""type"":""MultiPoint"",""coordinates"":[]}"
3497,2,2136.0,1406.0,481.0,711.0,807.0,1317.5,2097.0,2333.0,2571.5,2496.0,2352.5,1598.0,639.0,906.0,1000.0,1582.5,2222.5,2442.5,2650.0,2687.0,2424.5,1610.5,616.0,814.5,1228.5,1637.0,1887.0,2083.5,2284.0,2362.5,0.0,0.0,0.0,0.0,0.0,0.0,0.0,0.0,0.0,0.0,4167.0,3484.0,1081.0,1416.5,1783.0,2223.5,2421.5,2616.5,2692.0,2888.5,4405.0,3783.5,1062.0,1433.0,1847.5,2237.5,2509.0,2659.0,2959.0,2991.5,0.0,0.0,0.0,0.0,0.0,0.0,0.0,0.0,0.0,0.0,4226.0,3808.5,1101.0,1456.0,1777.5,2191.0,2684.5,2917.5,3102.0,3184.0,4267.0,3005.0,923.0,1314.5,1403.5,2173.5,4069.0,4634.0,4603.0,4969.5,3423.0,2075.0,708.0,1060.5,901.0,1677.5,4054.0,4853.0,4671.5,5075.0,3026.0,1717.0,548.5,806.0,629.5,1318.0,4016.0,4998.5,5031.5,5183.0,2935.0,2269.5,650.0,892.5,1101.0,1635.0,2410.5,2618.0,2895.5,2875.0,2496.5,1061.5,369.0,629.0,318.5,1028.0,4401.0,5667.5,5502.0,5814.0,2370.5,980.0,443.5,715.0,327.5,1121.5,4785.0,6121.0,6144.5,6206.5,0.0,0.0,0.0,0.0,0.0,0.0,0.0,0.0,0.0,0.0,2392.5,967.5,396.5,673.0,321.5,1181.0,4692.0,5928.5,5678.5,6088.0,2374.0,1000.0,333.0,608.5,356.5,1367.0,4362.5,5111.0,5305.0,5403.5,0.0,0.0,0.0,0.0,0.0,0.0,0.0,0.0,0.0,0.0,2451.0,1239.5,426.0,563.5,518.0,1343.5,3105.5,3580.5,3831.0,4032.0,3061.5,2091.5,782.0,901.0,1113.0,1464.5,1646.0,1857.5,2003.5,2275.5,3122.5,2544.0,765.5,949.5,1246.5,1494.0,1647.0,1848.5,2069.5,2144.0,3055.0,2844.5,1038.5,1272.0,1618.0,1839.5,1972.5,2134.5,2192.0,2396.5,0.0,0.0,0.0,0.0,0.0,0.0,0.0,0.0,0.0,0.0,3735.5,3307.0,803.5,1115.0,1540.0,1819.0,1991.5,2164.5,2414.5,2436.5,0.0,0.0,0.0,0.0,0.0,0.0,0.0,0.0,0.0,0.0,2124.5,1508.0,320.5,563.5,786.0,1083.0,1326.5,1469.5,1651.5,1713.5,1888.0,1233.0,268.0,529.0,683.0,1004.5,1361.5,1525.0,1721.0,1713.0,0.0,0.0,0.0,0.0,0.0,0.0,0.0,0.0,0.0,0.0,1921.5,1325.5,407.5,588.5,657.5,1018.0,1499.5,1674.0,1896.0,1874.0,0.0,0.0,0.0,0.0,0.0,0.0,0.0,0.0,0.0,0.0,1152.0,1228.0,10674.0,10286.0,10223.0,10379.5,10062.5,9737.0,10077.0,9418.5,2429.5,1653.5,569.5,776.5,963.0,1452.0,2022.0,2273.0,2418.0,2491.0,2813.5,2024.5,552.5,847.5,1002.0,1521.0,2319.5,2576.0,2863.5,2843.5,2299.5,1431.5,530.0,827.0,825.5,1374.5,2393.0,2675.0,2925.5,2851.5,1976.5,1138.0,396.5,674.0,626.5,1209.5,2290.0,2570.0,2770.0,2727.0,1712.5,1140.5,624.5,808.5,703.5,1171.5,1856.0,2093.5,2215.0,2262.0,"{""type"":""MultiPoint"",""coordinates"":[]}"
3520,5,2266.0,1543.0,576.0,753.0,967.0,1235.0,1517.0,1758.0,1922.0,1976.0,3922.0,3061.0,914.0,1222.0,1519.0,1815.0,2150.0,2333.0,2606.0,2672.0,2356.0,1551.0,679.0,885.0,1030.0,1391.0,1722.0,1909.0,2139.0,2180.0,3046.0,2164.0,639.0,902.0,933.0,1360.0,2063.0,2372.0,2580.0,2662.0,3613.0,2773.0,774.0,1120.0,1173.0,1715.0,2545.0,2810.0,2968.0,3103.0,3399.5,2719.5,1023.0,1360.0,1608.0,1973.0,2548.5,2829.0,2915.5,3033.5,0.0,0.0,0.0,0.0,0.0,0.0,0.0,0.0,0.0,0.0,3821.0,2933.0,1296.5,1765.0,1950.5,2326.5,3127.5,3449.0,3473.5,3699.0,0.0,0.0,0.0,0.0,0.0,0.0,0.0,0.0,0.0,0.0,3114.5,2207.0,791.0,1231.5,1293.5,1773.5,2761.0,3105.5,3201.0,3305.5,1481.0,1516.0,793.0,834.0,829.0,1126.0,1658.0,2065.0,1366.0,2416.0,2557.0,1870.0,585.0,733.0,942.0,1324.0,1509.0,1738.0,1872.0,2061.0,3410.0,2413.0,977.0,1335.0,1459.0,1932.0,2965.0,3326.0,3412.0,3545.0,3072.5,2140.0,879.0,1233.0,1331.0,1731.5,2762.5,3185.0,3220.5,3442.0,0.0,0.0,0.0,0.0,0.0,0.0,0.0,0.0,0.0,0.0,2711.0,1744.0,657.0,977.0,828.0,1361.0,2808.0,3228.5,3196.0,3392.5,2543.0,1658.0,569.0,856.0,917.5,1351.5,2221.5,2497.0,2714.0,2845.0,0.0,0.0,0.0,0.0,0.0,0.0,0.0,0.0,0.0,0.0,2673.0,1849.0,518.0,758.0,874.5,1228.0,1815.0,2065.0,2223.0,2361.0,2638.0,1853.0,556.0,787.0,909.0,1214.0,1659.0,1859.0,1942.0,2081.0,2953.0,2204.5,621.0,852.0,1038.0,1297.5,1681.5,1887.5,2165.0,2183.0,2117.0,1575.0,479.5,637.5,761.5,982.0,1255.5,1417.0,1584.0,1562.0,0.0,0.0,0.0,0.0,0.0,0.0,0.0,0.0,0.0,0.0,2746.0,1945.5,598.5,798.0,956.5,1241.5,1634.5,1864.5,2112.0,2138.5,3819.0,2924.0,1011.0,1275.0,1525.0,1833.0,2135.0,2327.0,2585.0,2665.0,1974.0,1186.0,306.0,485.0,657.0,966.0,1342.0,1487.0,1605.0,1680.0,2333.0,1586.0,549.5,719.0,932.5,1145.5,1405.0,1586.0,1789.0,1874.5,0.0,0.0,0.0,0.0,0.0,0.0,0.0,0.0,0.0,0.0,2093.0,1412.0,462.0,623.0,812.0,1058.0,1288.0,1454.0,1736.0,1811.0,0.0,0.0,0.0,0.0,0.0,0.0,0.0,0.0,0.0,0.0,459.0,468.0,9346.0,8956.0,8898.0,8703.0,8720.0,8527.0,8894.0,8083.0,0.0,0.0,0.0,0.0,0.0,0.0,0.0,0.0,0.0,0.0,2539.0,1826.0,526.0,768.0,951.0,1307.0,1594.0,1703.0,1986.0,1932.0,2972.0,2051.0,679.0,1028.0,1136.0,1624.0,1987.0,2197.0,2574.0,2399.0,2341.0,1543.0,535.0,861.0,1015.0,1419.0,1725.0,1969.0,2228.0,2245.0,2574.0,1669.0,1325.0,1501.0,1720.0,2021.0,2216.0,2348.0,2604.0,2559.0,"{""type"":""MultiPoint"",""coordinates"":[]}"
3532,2,2416.5,1867.5,533.0,683.0,988.5,1165.5,1278.0,1391.5,1586.5,1632.0,4534.5,4107.0,1276.0,1708.5,2187.5,2588.5,2927.5,3092.5,3345.5,3369.0,2659.0,1957.0,672.0,896.0,1136.0,1428.5,1708.0,1870.5,2018.0,2086.5,0.0,0.0,0.0,0.0,0.0,0.0,0.0,0.0,0.0,0.0,0.0,0.0,0.0,0.0,0.0,0.0,0.0,0.0,0.0,0.0,4327.0,3587.5,1478.5,1749.0,2204.5,2524.0,2751.5,2964.5,3164.0,3225.0,0.0,0.0,0.0,0.0,0.0,0.0,0.0,0.0,0.0,0.0,0.0,0.0,0.0,0.0,0.0,0.0,0.0,0.0,0.0,0.0,4180.5,2968.5,3472.5,3295.0,3193.0,3423.5,3712.5,3475.5,4517.5,3254.0,4203.0,3545.0,1029.0,1402.5,1673.0,2100.0,2786.5,3030.0,3178.5,3270.0,3840.0,2980.5,876.5,1217.5,1281.0,1872.0,3151.0,3569.0,3579.5,3830.5,3194.0,2902.5,772.5,1007.0,1325.0,1529.5,1680.0,1795.5,2037.0,2058.5,3064.5,1838.0,651.5,916.0,793.0,1320.0,3553.5,4156.0,3806.0,4297.0,2887.5,1696.5,642.0,928.5,744.5,1339.0,3962.0,4941.5,4742.5,5119.0,0.0,0.0,0.0,0.0,0.0,0.0,0.0,0.0,0.0,0.0,2874.0,1562.0,681.5,921.5,797.0,1296.0,4192.5,5161.0,5004.5,5560.0,2609.5,1523.5,545.5,796.5,715.0,1163.5,3515.5,4400.5,4501.5,4601.5,0.0,0.0,0.0,0.0,0.0,0.0,0.0,0.0,0.0,0.0,2273.0,1266.0,473.0,608.0,605.0,1142.0,2938.0,3390.0,3634.5,3798.5,2424.0,1366.0,599.5,710.0,694.5,1192.0,2486.0,2885.5,2928.5,3306.0,3355.0,2594.5,892.0,1112.0,1367.0,1770.5,2189.0,2406.5,2752.5,2774.5,3455.5,2767.5,1063.0,1248.0,1546.5,1816.0,2044.5,2247.5,2549.0,2626.0,0.0,0.0,0.0,0.0,0.0,0.0,0.0,0.0,0.0,0.0,3035.5,2290.5,917.0,1107.5,1335.0,1626.5,1776.0,1992.5,2222.0,2316.5,0.0,0.0,0.0,0.0,0.0,0.0,0.0,0.0,0.0,0.0,2557.5,1699.0,400.5,611.5,899.0,1186.0,1424.0,1640.0,2003.0,2017.5,2313.5,1524.5,344.5,635.5,779.5,1135.0,1509.0,1665.0,1915.0,1984.5,0.0,0.0,0.0,0.0,0.0,0.0,0.0,0.0,0.0,0.0,2500.5,1748.5,500.5,683.5,809.0,1142.0,1577.0,1738.5,2036.5,2026.0,0.0,0.0,0.0,0.0,0.0,0.0,0.0,0.0,0.0,0.0,1054.0,1098.5,10308.0,10136.0,10161.5,10341.0,10066.0,9701.5,10109.5,9284.5,0.0,0.0,0.0,0.0,0.0,0.0,0.0,0.0,0.0,0.0,2769.5,2348.0,1091.0,1300.5,1368.0,1642.0,1751.0,1864.0,2146.5,2066.5,2911.0,2386.5,813.5,1056.0,1362.5,1560.0,1737.5,1951.5,2159.5,2136.5,2746.5,2119.5,631.0,866.5,1155.5,1401.5,1630.0,1778.0,1972.5,2010.5,4724.0,4481.5,1403.0,1816.0,2269.5,2681.0,2940.0,3113.5,3299.0,3364.5,"{""type"":""MultiPoint"",""coordinates"":[]}"
3535,5,1347.0,849.0,602.0,771.0,1105.0,1315.0,1460.0,1601.0,1872.0,1890.0,4737.0,3700.0,1186.0,1495.0,1870.0,2236.0,2488.0,2645.0,2959.0,3086.0,2463.0,1642.0,768.0,995.0,1396.0,1676.0,1794.0,1991.0,2169.0,2216.0,1682.0,1049.0,671.0,881.0,1222.0,1511.0,1641.0,1833.0,1983.0,2012.0,2612.0,1778.0,693.0,993.0,1339.0,1652.0,1847.0,1996.0,2208.0,2253.0,5754.0,5607.0,1923.0,2381.0,3070.0,3513.0,3550.0,3840.0,3844.0,4140.0,0.0,0.0,0.0,0.0,0.0,0.0,0.0,0.0,0.0,0.0,5018.5,4228.5,1366.5,1804.0,2145.0,2807.0,3196.5,3505.0,3581.0,3901.5,5711.0,5078.0,1699.0,2272.0,2736.0,3324.0,4002.0,4378.0,4417.0,4731.0,3850.5,2531.5,1650.5,1881.0,1781.0,2529.0,3862.5,4385.0,4532.0,4754.5,3861.5,2905.0,2373.5,2368.5,2105.0,2659.0,4324.0,5060.5,5106.5,5325.5,1843.0,1257.0,779.0,933.0,1310.0,1502.0,1608.0,1774.0,2093.0,2016.0,2529.0,1184.0,416.0,691.0,375.0,1030.5,4086.0,5150.0,5099.5,5442.0,2239.0,1015.5,495.5,654.0,365.0,847.0,3896.0,5552.0,5573.5,5879.0,2171.0,902.0,377.0,527.0,287.0,727.0,3874.0,5767.0,5644.0,6128.0,2340.0,980.0,362.0,547.0,293.0,795.0,4012.0,5805.0,5546.0,6002.0,2024.5,869.5,349.5,587.0,308.5,879.0,3811.0,4996.5,5090.0,5248.0,1687.0,765.0,368.0,724.0,390.0,1183.0,3567.5,4332.5,4354.0,4585.0,2341.5,1369.0,517.0,968.0,865.0,1875.5,2497.0,2760.5,2998.5,3227.0,2219.0,1357.0,541.0,701.0,913.0,1162.0,1279.0,1428.0,1522.0,1702.0,4123.0,2836.0,1028.0,1344.0,1892.0,2259.0,2377.0,2648.0,2765.0,2952.0,3411.0,2522.0,1150.0,1396.0,1631.0,1862.0,2167.0,2314.0,2484.0,2608.0,2109.5,1856.5,1886.5,1819.5,1818.5,1943.5,1966.0,2021.0,2195.5,2077.0,3639.5,2673.5,1105.0,1330.0,1681.0,1991.0,2116.0,2275.5,2450.5,2486.0,3464.0,2636.0,1032.0,1267.0,1614.0,1875.0,2043.0,2196.0,2345.0,2396.0,2925.5,1992.0,847.0,1074.5,1379.5,1639.5,1850.0,1974.5,2228.5,2225.0,3065.0,2116.0,893.0,1138.5,1411.0,1731.0,1930.0,2056.5,2231.5,2297.0,2245.0,1792.0,1475.0,1290.0,1498.0,1901.0,2162.0,2382.0,1981.0,2501.0,2059.0,1243.0,605.0,764.0,954.0,1257.0,1519.0,1661.0,1868.0,1908.0,0.0,0.0,0.0,0.0,0.0,0.0,0.0,0.0,0.0,0.0,548.0,574.0,10152.0,10012.0,10012.0,10177.0,9754.0,9293.0,9686.0,8873.0,762.5,485.5,3720.0,3862.5,4093.5,4343.5,4205.5,4142.5,4371.0,4144.5,1456.0,872.0,510.0,675.0,975.0,1258.0,1342.0,1567.0,1811.0,1854.0,3111.5,2204.0,962.5,1201.5,1541.0,1770.5,1959.5,2167.5,2458.0,2456.5,1210.0,761.0,495.0,636.0,907.0,1181.0,1280.0,1441.0,1701.0,1765.0,1085.0,662.0,494.0,648.0,869.0,1093.0,1266.0,1410.0,1634.0,1683.0,"{""type"":""MultiPoint"",""coordinates"":[]}"
3537,5,1081.0,655.0,487.5,674.0,950.5,1136.0,1185.0,1259.5,1424.5,1443.5,3664.0,3317.0,1016.0,1371.0,1852.0,2076.0,2208.0,2311.0,2471.0,2516.0,1214.0,836.0,526.0,645.0,861.0,1005.0,1019.0,1124.0,1222.0,1246.0,1501.0,1028.0,638.0,835.0,926.0,1099.0,1142.0,1259.0,1353.0,1371.0,1313.0,892.0,522.0,694.0,921.0,1090.0,1152.0,1231.0,1345.0,1365.0,3926.0,3820.0,1130.0,1379.0,1831.0,2077.0,2093.0,2269.0,2312.0,2483.0,0.0,0.0,0.0,0.0,0.0,0.0,0.0,0.0,0.0,0.0,4145.5,3967.5,1245.0,1553.5,2001.0,2324.5,2442.0,2653.5,2670.0,2827.0,2290.0,1802.0,1139.0,1312.0,1501.0,1607.0,1518.0,1598.0,1664.0,1688.0,4436.0,4208.0,1206.0,1621.0,2225.0,2587.0,2672.0,2865.0,2839.0,3140.0,3291.0,2854.0,924.0,1156.0,1516.0,1812.5,1949.5,2139.5,2141.5,2338.5,1785.0,1169.0,595.0,770.0,1079.0,1261.0,1359.0,1404.0,1626.0,1603.0,4259.5,3636.0,1229.0,1557.0,1839.5,2302.0,2966.5,3275.5,3232.5,3534.5,3193.0,2534.0,882.0,1142.0,1196.0,1626.0,2549.0,2887.0,2937.0,2991.0,2221.0,1384.0,588.5,866.0,737.0,1271.0,2532.5,2892.5,2794.5,3059.0,2300.0,1348.0,484.0,861.0,574.0,1292.0,2964.0,3509.0,3284.0,3602.0,2165.0,1265.0,400.5,709.5,495.5,1066.5,3044.0,3703.5,3723.5,3881.0,1765.5,837.0,338.0,583.5,324.5,900.0,2960.5,3644.0,3582.0,3831.0,1837.0,836.0,345.5,611.0,350.0,962.0,2990.0,3536.5,3635.0,3796.0,1332.0,670.0,411.0,698.0,496.0,1160.5,2050.5,2291.5,2274.5,2522.5,2456.0,1676.0,447.0,799.0,828.0,1412.0,1789.0,2001.0,2169.0,2324.0,3041.0,2139.0,595.0,838.0,1118.0,1478.0,1729.0,1905.0,2105.0,2244.0,1764.0,1213.0,700.0,900.0,1199.0,1378.0,1467.0,1553.0,1772.0,1789.0,2896.0,2231.5,708.5,878.0,1180.0,1414.5,1546.5,1708.5,1886.5,1959.0,1067.0,664.0,501.0,616.5,807.0,978.0,1053.0,1178.0,1304.5,1365.0,823.0,476.5,314.5,458.5,586.5,780.0,859.5,960.5,1096.0,1098.5,2323.0,1688.0,558.0,780.0,984.0,1229.0,1334.0,1437.0,1581.0,1673.0,0.0,0.0,0.0,0.0,0.0,0.0,0.0,0.0,0.0,0.0,1558.0,964.0,502.0,602.0,787.0,946.0,1024.0,1153.0,1296.0,1334.0,0.0,0.0,0.0,0.0,0.0,0.0,0.0,0.0,0.0,0.0,172.0,196.0,9830.0,9919.0,9960.0,10161.0,9767.0,9254.0,9632.0,8755.0,200.0,152.0,6898.0,7021.0,7146.0,7441.0,6964.0,6697.0,6868.0,6271.0,1363.0,812.0,549.5,736.0,1002.0,1186.5,1264.5,1373.5,1538.5,1549.5,2969.0,2757.0,721.0,975.0,1382.0,1526.0,1620.0,1740.0,1922.0,1949.0,1732.0,1290.0,449.0,586.0,820.0,929.0,962.0,1064.0,1179.0,1213.0,1830.0,1349.0,511.0,668.0,1008.0,1157.0,1201.0,1324.0,1335.0,1452.0,"{""type"":""MultiPoint"",""coordinates"":[]}"
3541,5,2391.0,1607.0,578.5,894.0,1207.5,1595.5,2066.0,2218.5,2392.5,2309.0,4638.0,4068.0,1385.0,1971.0,2656.0,3058.5,3154.0,3332.5,3481.0,3514.5,2756.5,1974.0,743.0,1065.5,1527.0,1787.5,1918.5,2052.5,2184.5,2171.5,2960.5,2061.0,856.0,1212.0,1640.0,1956.5,2158.0,2374.0,2386.0,2513.0,0.0,0.0,0.0,0.0,0.0,0.0,0.0,0.0,0.0,0.0,4997.0,4145.5,1213.0,1867.0,2217.5,2931.5,4096.0,4515.5,4502.0,4657.5,0.0,0.0,0.0,0.0,0.0,0.0,0.0,0.0,0.0,0.0,3448.0,1824.5,525.0,921.5,653.5,1451.5,4822.0,5933.5,5861.5,6224.5,4632.5,3095.5,2991.5,2885.5,2543.5,2994.5,4569.5,5357.0,5403.0,5610.0,2659.0,1201.0,300.5,535.5,212.5,817.5,4435.5,5912.0,6139.5,6224.0,0.0,0.0,0.0,0.0,0.0,0.0,0.0,0.0,0.0,0.0,2053.0,1432.5,602.5,864.0,1169.5,1492.0,1844.0,1956.0,2117.5,2096.5,2791.0,1149.5,374.5,571.0,282.5,874.0,4731.0,6413.5,6371.5,6896.5,0.0,0.0,0.0,0.0,0.0,0.0,0.0,0.0,0.0,0.0,3412.0,2721.0,1796.0,2469.0,2502.5,3168.0,4447.5,4901.0,4581.5,5114.0,2767.0,1599.5,1286.0,1451.5,1108.5,1811.5,3807.5,4507.5,4456.0,4853.5,2148.0,1142.5,353.5,710.5,550.0,1332.0,2559.0,2982.5,3164.5,3421.5,2848.0,1809.5,375.0,659.5,730.5,1346.0,1850.0,2148.5,2358.5,2609.5,2875.5,2025.5,407.5,558.5,809.0,1028.0,1164.5,1336.0,1491.0,1638.5,4020.5,3048.0,746.0,1048.0,1478.5,1819.5,1932.5,2108.5,2202.5,2377.5,3800.5,3239.0,1748.5,1859.0,2144.5,2420.5,2546.5,2689.5,2909.0,2861.0,3587.5,3394.5,832.0,1202.5,1727.5,1998.5,2082.0,2210.5,2295.0,2347.0,0.0,0.0,0.0,0.0,0.0,0.0,0.0,0.0,0.0,0.0,4770.5,4336.5,2729.0,2938.0,3321.0,3635.5,3661.0,3717.0,4114.0,3867.0,1907.0,1552.5,787.5,1027.0,1257.5,1423.0,1436.5,1452.0,1562.5,1513.5,2253.0,1569.0,468.5,794.0,1209.0,1432.5,1605.0,1709.0,1897.0,1838.0,4094.0,3674.0,2240.0,2453.5,2786.0,3108.5,3186.5,3248.0,3381.0,3377.0,0.0,0.0,0.0,0.0,0.0,0.0,0.0,0.0,0.0,0.0,2469.5,1645.0,638.0,991.0,1138.5,1604.0,2135.5,2260.0,2447.0,2399.5,0.0,0.0,0.0,0.0,0.0,0.0,0.0,0.0,0.0,0.0,251.5,255.5,9081.0,9060.0,8968.5,9118.5,8647.5,7927.5,7988.0,7105.0,0.0,0.0,0.0,0.0,0.0,0.0,0.0,0.0,0.0,0.0,2703.0,2057.0,1095.5,1422.5,1786.0,2074.0,2184.0,2309.0,2399.0,2453.0,4681.0,4140.5,1204.0,1840.0,2535.0,2924.0,3012.0,3177.0,3472.0,3452.0,3594.5,2922.5,936.5,1424.0,1951.0,2288.5,2403.5,2551.0,2720.5,2715.0,0.0,0.0,0.0,0.0,0.0,0.0,0.0,0.0,0.0,0.0,"{""type"":""MultiPoint"",""coordinates"":[]}"
3551,5,2376.0,1593.0,526.0,704.0,956.0,1144.0,1274.0,1420.0,1664.0,1673.0,3811.0,3078.0,886.0,1149.0,1485.0,1704.0,1881.0,2010.0,2228.0,2258.0,2921.5,2048.0,694.5,878.0,1114.5,1359.5,1516.0,1676.0,1888.5,1939.5,2726.0,1912.0,646.0,853.0,1053.0,1332.0,1515.0,1692.0,1939.0,1956.0,0.0,0.0,0.0,0.0,0.0,0.0,0.0,0.0,0.0,0.0,4792.0,3957.5,2569.5,2699.5,2919.0,3271.5,3560.5,3711.5,3884.5,3919.0,0.0,0.0,0.0,0.0,0.0,0.0,0.0,0.0,0.0,0.0,3907.0,3217.0,930.0,1224.0,1486.0,1868.0,2164.0,2355.0,2533.0,2607.0,3791.0,2774.0,1032.0,1309.0,1510.0,1912.0,2468.0,2734.0,2785.0,3064.0,3561.0,2725.0,776.0,1054.0,1266.0,1636.0,2189.0,2468.0,2596.0,2733.0,0.0,0.0,0.0,0.0,0.0,0.0,0.0,0.0,0.0,0.0,0.0,0.0,0.0,0.0,0.0,0.0,0.0,0.0,0.0,0.0,1916.0,994.5,446.5,613.0,491.0,849.0,2248.0,2700.5,2754.0,2878.5,2096.0,1056.0,470.0,631.0,458.0,865.0,2873.0,3657.0,3679.0,3858.0,2262.0,1077.0,401.0,640.0,347.0,902.0,3373.0,4393.0,4360.0,4697.0,2567.0,1259.5,919.0,1031.5,630.5,1293.5,3886.0,4747.0,4678.0,5094.0,2192.0,1060.0,361.5,733.5,373.5,1174.5,3455.5,3988.0,4304.0,4308.5,0.0,0.0,0.0,0.0,0.0,0.0,0.0,0.0,0.0,0.0,2741.0,1870.0,413.5,637.5,686.5,1166.0,1732.0,1948.5,2205.0,2290.0,2982.0,2046.0,560.0,713.0,795.0,1184.0,1591.0,1800.0,1855.0,2040.0,2805.5,1990.5,410.5,584.5,729.5,1040.5,1384.5,1581.5,1737.0,1846.5,3657.0,2654.0,693.0,911.0,1232.0,1596.0,1803.0,2004.0,2246.0,2404.0,0.0,0.0,0.0,0.0,0.0,0.0,0.0,0.0,0.0,0.0,3459.0,2469.0,693.0,884.0,1202.0,1476.0,1637.0,1761.0,2017.0,2140.0,0.0,0.0,0.0,0.0,0.0,0.0,0.0,0.0,0.0,0.0,1368.0,759.0,289.0,450.0,655.0,798.0,889.0,984.0,1143.0,1179.0,1495.0,873.0,389.0,578.0,811.0,932.0,1033.0,1138.0,1272.0,1302.0,1196.0,729.0,8452.0,8018.0,7750.0,8122.0,7670.0,7564.0,7046.0,7232.0,1670.0,1068.0,433.0,571.0,746.0,888.0,970.0,1104.0,1249.0,1274.0,0.0,0.0,0.0,0.0,0.0,0.0,0.0,0.0,0.0,0.0,996.0,1045.0,10401.0,9997.0,9894.0,10038.0,9732.0,9363.0,9760.0,9057.0,0.0,0.0,0.0,0.0,0.0,0.0,0.0,0.0,0.0,0.0,2974.0,2251.0,555.0,753.0,1048.0,1271.0,1403.0,1561.0,1772.0,1799.0,3372.0,2655.0,777.0,1013.0,1288.0,1511.0,1660.0,1810.0,2028.0,2058.0,2746.0,1924.0,578.0,771.0,1048.0,1231.0,1366.0,1557.0,1789.0,1822.0,725.0,488.0,292.0,295.0,328.0,335.0,340.0,373.0,425.0,434.0,"{""type"":""MultiPoint"",""coordinates"":[]}"
3567,5,1358.0,872.5,405.5,540.5,729.0,856.0,990.5,1077.0,1326.5,1294.5,2944.5,2172.5,813.0,1112.0,1404.5,1716.5,2057.5,2200.0,2404.0,2484.5,1148.5,690.0,431.5,657.0,779.0,1099.5,1175.0,1394.0,1379.5,1474.5,0.0,0.0,0.0,0.0,0.0,0.0,0.0,0.0,0.0,0.0,3057.5,2120.5,590.5,967.0,988.5,1560.5,2262.0,2574.5,2539.0,2852.5,3422.0,2676.5,1031.0,1426.5,1700.5,2046.0,2476.0,2745.5,2984.0,2931.5,0.0,0.0,0.0,0.0,0.0,0.0,0.0,0.0,0.0,0.0,4175.0,3137.0,932.5,1362.5,1368.0,2012.5,3100.5,3766.0,3822.0,3958.5,3674.5,2557.5,1217.5,1668.0,1949.5,2502.0,3656.0,4417.0,4351.5,4668.0,3472.5,2349.5,887.5,1322.5,1379.0,1913.5,3586.5,4407.0,4480.5,4695.5,2694.5,1450.0,561.5,828.5,614.5,1254.5,3228.0,4135.0,4269.0,4454.0,2357.5,1734.5,585.0,718.5,966.5,1116.5,1182.5,1345.0,1627.0,1545.0,2436.0,1065.0,393.0,631.0,291.0,920.0,3821.0,5108.5,5182.5,5303.0,1988.5,844.0,456.0,677.5,327.0,946.0,3718.5,4905.0,5021.0,4976.5,0.0,0.0,0.0,0.0,0.0,0.0,0.0,0.0,0.0,0.0,1967.0,885.5,380.0,617.5,292.0,908.5,3340.5,4332.0,4359.0,4550.0,1837.0,926.5,317.5,547.0,333.0,894.5,2649.5,3261.0,3487.0,3513.0,1997.0,1026.5,614.0,784.0,534.5,1189.5,2712.0,3311.0,3456.5,3507.0,2344.5,1473.5,469.0,677.0,741.5,1120.0,1892.0,2214.5,2287.5,2434.5,3119.0,2156.5,1374.0,1451.0,1457.5,2018.5,2654.0,2901.0,2878.0,3250.5,2122.5,1403.5,339.0,465.0,594.5,841.0,1185.0,1474.0,1541.0,1613.5,2323.0,1558.0,401.5,513.5,676.5,900.0,1313.5,1468.0,1625.5,1712.5,0.0,0.0,0.0,0.0,0.0,0.0,0.0,0.0,0.0,0.0,1374.0,828.5,240.0,326.5,489.5,573.5,807.5,952.5,1127.5,1211.5,714.0,531.0,613.5,502.0,512.0,587.5,616.0,705.0,726.0,805.0,879.0,585.0,124.0,230.5,384.5,499.0,583.0,689.5,872.0,910.0,652.5,386.0,154.0,260.5,410.0,513.0,517.0,662.0,624.5,746.0,0.0,0.0,0.0,0.0,0.0,0.0,0.0,0.0,0.0,0.0,304.5,168.5,247.0,271.5,348.5,446.0,329.0,342.0,375.0,371.5,0.0,0.0,0.0,0.0,0.0,0.0,0.0,0.0,0.0,0.0,1153.5,1224.0,9980.0,9710.0,9792.0,9621.0,9405.0,9117.5,9706.0,8651.5,1586.0,1057.0,552.0,716.0,921.0,1165.5,1231.5,1324.5,1464.5,1565.0,2318.5,1586.5,566.5,810.0,1111.5,1334.0,1484.0,1644.5,1882.0,1870.5,724.5,499.5,476.0,681.5,802.0,1052.0,945.0,1092.0,1134.0,1046.0,1239.0,782.5,399.5,648.5,804.5,1126.0,1259.5,1401.0,1538.0,1537.5,1889.5,1344.5,655.5,788.5,930.5,1206.0,1406.0,1585.0,1486.5,1793.0,"{""type"":""MultiPoint"",""coordinates"":[]}"
3569,5,3823.0,3402.5,2534.0,2599.5,2901.5,3082.5,3119.0,3230.0,3593.5,3392.5,3603.5,3154.0,920.5,1348.0,2025.5,2154.5,2276.0,2439.0,2660.5,2802.5,3167.5,2356.5,854.5,1182.5,1707.0,1971.0,2098.0,2299.5,2454.5,2500.5,3379.5,2567.0,945.0,1253.0,1802.5,2102.0,2205.0,2415.5,2621.0,2614.0,5266.5,4608.0,1295.0,1826.0,2570.5,2954.0,3161.0,3335.0,3644.5,3685.5,5146.0,3766.5,2552.5,2854.5,3116.0,3570.0,4172.0,4452.0,4693.0,4654.0,0.0,0.0,0.0,0.0,0.0,0.0,0.0,0.0,0.0,0.0,4880.5,4221.0,1242.5,1757.0,2264.0,2787.0,3310.5,3641.5,3746.5,3898.5,4427.0,3503.0,1531.0,1832.5,2015.5,2523.5,3569.5,4032.0,4214.0,4299.5,2857.5,1843.5,593.5,877.5,957.5,1454.0,2963.0,3498.0,3419.0,3709.5,2850.5,1718.5,537.5,801.5,714.5,1249.5,3251.0,4049.5,3943.5,4236.5,2969.5,2130.5,675.0,947.5,1403.0,1606.5,1738.5,1909.0,2176.0,2174.0,2501.0,1364.0,457.0,696.0,545.0,1007.0,3486.5,4460.0,4336.0,4692.5,2056.5,980.5,410.5,582.5,340.5,811.0,3443.0,4634.5,4637.0,4867.0,1927.5,834.0,291.5,472.0,261.0,690.0,3259.5,4319.0,4248.5,4587.5,2088.0,943.0,346.0,543.5,309.5,775.5,3114.0,4081.0,3950.5,4371.0,1974.5,937.0,317.0,528.5,313.0,796.5,3004.5,3773.0,3864.5,4086.0,2170.0,1120.5,444.0,873.0,578.5,1509.5,3079.0,3542.5,3605.0,3882.0,2784.0,2004.0,516.5,771.5,915.5,1348.0,1727.5,1907.5,2106.0,2207.5,3484.0,2961.0,2609.5,2566.5,2569.5,2917.5,2944.0,2904.5,3161.5,2998.0,2933.5,2350.0,645.5,837.0,1137.5,1367.5,1507.5,1666.0,1829.0,1874.5,3484.5,2693.5,781.0,990.5,1342.5,1574.0,1701.0,1882.5,2022.5,2072.5,3448.5,2675.0,1056.5,1333.0,1790.0,2016.0,2200.5,2341.0,2595.5,2588.5,3654.0,2847.5,849.0,1099.0,1449.0,1693.5,1807.0,1950.0,2185.5,2203.0,3176.0,2204.0,820.5,1015.5,1348.5,1630.0,1762.0,1962.0,2118.0,2161.5,3002.5,2152.0,708.0,932.0,1254.5,1447.5,1627.5,1773.5,1977.5,1973.0,3029.0,2215.0,670.5,892.5,1214.5,1461.0,1629.5,1762.5,1943.0,1986.5,0.0,0.0,0.0,0.0,0.0,0.0,0.0,0.0,0.0,0.0,2966.5,2139.0,806.5,985.5,1300.0,1566.0,1751.0,1917.0,2127.5,2156.5,0.0,0.0,0.0,0.0,0.0,0.0,0.0,0.0,0.0,0.0,989.5,1011.5,9024.0,8851.0,8945.0,9092.5,8818.0,8513.0,8970.0,8286.5,2243.0,1582.0,1723.0,1950.5,2374.5,2656.0,2723.0,2787.5,2932.5,2935.5,3504.5,2752.5,803.5,1087.5,1572.0,1869.5,1987.0,2158.5,2392.0,2393.0,2943.0,2204.0,795.5,1034.0,1449.5,1703.5,1866.5,2034.5,2237.0,2231.0,3069.0,2241.5,793.5,1046.0,1496.5,1780.5,1946.0,2095.5,2329.0,2356.5,4214.5,3449.5,1126.0,1508.5,1968.5,2294.5,2475.0,2659.5,2893.5,2895.5,"{""type"":""MultiPoint"",""coordinates"":[]}"
3589,5,2191.0,1550.0,500.0,669.0,840.0,1070.0,1436.0,1552.0,1736.0,1724.0,2774.5,2244.0,700.5,912.0,1196.0,1368.5,1472.0,1599.5,1712.5,1777.0,2115.0,1540.0,516.0,654.0,882.0,1001.0,1052.0,1216.0,1325.0,1327.0,2300.0,1546.0,641.0,784.0,1032.0,1203.0,1287.0,1446.0,1579.0,1618.0,0.0,0.0,0.0,0.0,0.0,0.0,0.0,0.0,0.0,0.0,3454.0,2893.5,1074.0,1386.0,1663.5,2035.5,2289.5,2564.0,2540.5,2650.0,0.0,0.0,0.0,0.0,0.0,0.0,0.0,0.0,0.0,0.0,2742.0,1533.0,430.0,764.0,533.0,1213.0,2953.0,3411.0,3417.0,3500.0,2562.0,1323.0,340.0,594.0,414.0,1002.0,3278.0,3968.0,3925.0,4200.0,573.0,259.0,232.0,276.0,169.0,301.0,1008.0,1264.0,1249.0,1243.0,2273.0,1325.0,388.0,579.0,479.0,967.0,2821.0,3797.0,3802.0,4010.0,2336.0,1756.0,557.0,713.0,913.0,1161.0,1511.0,1677.0,1880.0,1844.0,2306.0,1040.5,439.0,621.0,365.5,969.0,3755.5,4823.0,4761.0,5163.0,2147.0,991.0,489.0,665.0,398.0,959.0,3514.0,4500.0,4563.0,4836.0,3888.0,2904.0,2943.0,3039.0,2815.0,3574.0,4956.0,5517.0,5280.0,5856.0,2415.5,1380.5,465.5,799.5,586.0,1337.5,2800.5,3366.0,3232.5,3584.5,2600.5,1696.0,458.5,722.5,721.0,1238.0,1963.0,2222.0,2364.0,2612.5,3645.0,2742.0,648.0,857.0,1173.0,1458.0,1659.0,1904.0,2092.0,2342.0,2810.5,2069.0,541.0,688.5,915.0,1111.0,1229.5,1394.0,1526.5,1620.0,2264.0,1438.0,406.0,530.0,662.0,871.0,1015.0,1157.0,1232.0,1343.0,3741.0,2824.0,793.0,1064.0,1441.0,1669.0,1786.0,1985.0,2241.0,2247.0,3789.0,2990.0,914.0,1131.0,1500.0,1728.0,1843.0,2053.0,2247.0,2274.0,0.0,0.0,0.0,0.0,0.0,0.0,0.0,0.0,0.0,0.0,0.0,0.0,0.0,0.0,0.0,0.0,0.0,0.0,0.0,0.0,3398.0,2328.0,915.0,1156.0,1460.0,1776.0,1878.0,1973.0,2148.0,2172.0,2466.0,1536.0,684.0,933.0,1075.0,1447.0,1872.0,2005.0,2354.0,2269.0,3288.0,2443.0,856.0,1096.0,1281.0,1648.0,2054.0,2243.0,2450.0,2431.0,0.0,0.0,0.0,0.0,0.0,0.0,0.0,0.0,0.0,0.0,2892.0,1895.0,770.0,977.0,1079.0,1564.0,2187.0,2387.0,2641.0,2568.0,0.0,0.0,0.0,0.0,0.0,0.0,0.0,0.0,0.0,0.0,319.0,312.0,6179.0,6396.0,6604.0,6774.0,6620.0,6311.0,6469.0,5832.0,3509.0,2886.0,1945.0,2134.0,2321.0,2651.0,2704.0,2856.0,2865.0,2995.0,2426.5,1739.0,601.5,795.0,1013.0,1268.5,1523.5,1668.0,1884.5,1851.0,3470.0,2785.5,4228.5,3615.5,3153.5,3422.0,3312.5,3238.0,4136.0,3157.5,2808.0,2373.0,726.0,909.0,1231.0,1404.0,1469.0,1600.0,1766.0,1792.0,0.0,0.0,0.0,0.0,0.0,0.0,0.0,0.0,0.0,0.0,"{""type"":""MultiPoint"",""coordinates"":[]}"
3624,5,2232.0,1543.0,656.0,861.0,1048.0,1371.0,1727.0,1858.0,2093.0,2067.0,3851.0,2930.0,1081.0,1377.0,1660.0,2089.0,2324.0,2497.0,2579.0,2823.0,3044.0,2129.0,995.0,1188.0,1395.0,1791.0,1965.0,2174.0,2387.0,2436.0,3560.0,2890.0,976.5,1275.5,1474.5,1923.0,2116.5,2287.0,2434.5,2551.0,4295.5,3785.0,1518.5,1883.5,2329.5,2621.5,2696.5,2882.0,3015.5,3118.0,2892.0,2494.0,896.0,1112.0,1440.0,1803.0,2271.0,2615.0,1546.0,2748.0,3843.5,3050.5,2048.5,2302.5,2442.0,2932.0,3383.0,3548.0,3437.0,3670.0,3818.5,2990.0,1225.0,1654.5,1705.0,2419.0,3255.0,3601.0,3547.0,3792.5,3958.0,2856.5,967.0,1421.0,1415.5,2124.5,3883.0,4364.5,4475.5,4657.0,3685.0,2334.5,706.0,1078.0,844.0,1593.0,4423.0,5310.0,5346.5,5634.0,2832.0,1316.0,346.0,544.0,270.0,866.0,4454.0,6015.0,5907.0,6278.0,2478.5,1868.5,665.5,870.0,1068.5,1378.0,1718.5,1864.0,2065.0,2062.0,2935.5,1273.5,329.5,526.0,236.5,837.5,5082.5,7246.0,7086.5,7594.0,2521.5,1080.5,221.0,381.0,167.0,669.0,4460.0,6470.0,6552.5,6759.5,2402.0,994.0,282.0,446.0,219.5,661.5,4307.0,6163.5,6022.5,6466.5,2470.0,1081.0,585.0,712.0,409.0,986.0,4076.0,5668.0,5363.0,5888.0,2141.5,1006.5,306.5,600.5,299.5,1028.5,3791.5,4637.0,4721.0,4967.0,2886.0,1732.5,2089.0,2116.0,1711.0,2398.5,3791.5,4178.0,4610.5,4387.0,2810.0,1886.0,517.0,739.0,1035.0,1365.5,1568.0,1765.0,1941.0,2078.5,2908.0,2189.5,693.0,840.5,1056.5,1315.5,1497.5,1654.0,1706.0,1864.5,4139.0,3106.0,949.0,1218.0,1637.0,1983.0,2119.0,2335.0,2425.0,2590.0,4004.5,3149.0,1006.0,1269.0,1582.0,1909.0,2103.5,2269.5,2370.5,2495.5,4215.0,3903.0,4002.0,3770.0,3739.0,3951.0,4017.0,4039.0,4456.0,4021.0,2633.5,2033.5,902.0,1019.5,1142.0,1448.0,1679.0,1812.0,1852.0,1973.5,0.0,0.0,0.0,0.0,0.0,0.0,0.0,0.0,0.0,0.0,1767.0,1275.0,387.0,574.5,793.0,945.0,1054.5,1157.0,1319.0,1323.5,2183.0,1786.0,536.0,767.0,1021.0,1249.0,1423.0,1537.0,1670.0,1693.0,0.0,0.0,0.0,0.0,0.0,0.0,0.0,0.0,0.0,0.0,2679.0,1919.0,799.0,1076.0,1309.0,1605.0,1882.0,2039.0,2247.0,2249.0,0.0,0.0,0.0,0.0,0.0,0.0,0.0,0.0,0.0,0.0,618.0,691.0,10520.0,10270.0,10182.0,10321.0,9927.0,9519.0,9902.0,9048.0,961.0,616.0,3405.0,3627.0,3894.0,4259.0,4413.0,4354.0,4628.0,4338.0,2268.5,1508.5,566.5,816.0,964.0,1357.0,1867.5,2057.0,2268.5,2254.5,2649.5,1791.5,692.0,1016.0,1068.0,1642.0,2340.0,2555.5,2773.0,2754.0,2109.0,1339.0,582.0,943.0,1042.0,1660.0,2129.0,2267.0,2420.0,2451.0,2107.0,1450.0,629.0,858.0,1095.0,1463.0,1600.0,1745.0,1914.0,1980.0,"{""type"":""MultiPoint"",""coordinates"":[]}"
3651,2,2547.0,1581.0,657.0,1068.0,1081.0,1852.0,2841.0,3108.0,3440.0,3365.0,6079.0,5778.0,2409.0,3097.0,3796.0,4221.0,4349.0,4497.0,4770.0,4746.0,3483.0,2682.0,1116.0,1478.0,1903.0,2260.0,2344.0,2503.0,2711.0,2746.0,4834.0,3842.0,3301.0,3465.0,3713.0,4068.0,4353.0,4507.0,4698.0,4712.0,6685.0,6494.0,2900.0,3664.0,4374.0,4874.0,4888.0,5102.0,5275.0,5335.0,6919.0,6840.0,2920.0,3669.0,4354.0,4876.0,4966.0,5213.0,5210.0,5447.0,0.0,0.0,0.0,0.0,0.0,0.0,0.0,0.0,0.0,0.0,4973.0,4323.0,1657.0,2309.0,2551.0,3207.0,3516.0,3660.0,3844.0,3961.0,3850.0,3111.0,2408.5,2558.5,2641.5,2993.0,3635.5,4085.0,3798.5,4269.0,4879.5,3794.5,1408.5,2052.5,2178.5,3042.5,4596.5,4979.5,5079.0,5309.5,3820.0,2384.0,739.0,1250.0,956.0,2022.0,4755.0,5463.0,5415.0,5653.0,2874.0,1913.0,722.0,1087.0,1202.0,1969.0,2847.0,3108.0,3469.0,3382.0,2921.5,1270.0,517.5,870.0,479.5,1324.0,5497.0,6903.0,6766.5,7202.5,2621.5,1061.0,502.0,868.0,461.5,1353.0,5760.0,7253.0,7094.5,7528.5,2545.0,1033.0,558.0,852.0,464.0,1269.0,5137.0,6635.0,6366.0,6869.0,2806.0,1315.0,1254.0,1407.5,941.5,1718.0,5224.0,6486.5,5819.5,6846.5,2381.0,1046.5,396.0,675.0,413.0,1184.0,4096.0,4924.0,5103.5,5291.0,0.0,0.0,0.0,0.0,0.0,0.0,0.0,0.0,0.0,0.0,2651.0,1447.5,441.5,651.5,595.0,1418.0,3061.5,3448.5,3729.0,3880.5,3175.0,2294.0,868.0,1027.0,1229.0,1603.0,1831.0,2043.0,2159.0,2439.0,3235.0,2292.0,980.5,1131.0,1346.5,1658.5,1867.5,2082.5,2330.5,2478.0,3850.5,2645.0,665.5,935.0,1163.0,1608.0,2079.5,2374.5,2602.0,2904.5,0.0,0.0,0.0,0.0,0.0,0.0,0.0,0.0,0.0,0.0,3540.0,2328.0,670.0,1021.0,1348.0,1874.0,2407.0,2695.0,3062.0,3210.0,0.0,0.0,0.0,0.0,0.0,0.0,0.0,0.0,0.0,0.0,2844.0,1754.0,502.0,874.0,1104.0,1776.0,2555.0,2819.0,3192.0,3308.0,2993.5,1824.0,648.0,967.5,1112.5,1840.5,2737.0,3016.5,3267.0,3468.0,0.0,0.0,0.0,0.0,0.0,0.0,0.0,0.0,0.0,0.0,2791.0,1748.0,547.0,875.0,895.0,1618.0,2676.0,2950.0,3266.0,3263.0,0.0,0.0,0.0,0.0,0.0,0.0,0.0,0.0,0.0,0.0,584.0,636.0,10690.0,10364.0,10274.0,10344.0,9975.0,9570.0,9942.0,9082.0,0.0,0.0,0.0,0.0,0.0,0.0,0.0,0.0,0.0,0.0,3029.0,2084.0,661.0,1063.0,1187.0,1874.0,2647.0,2924.0,3255.0,3213.0,3274.5,2274.0,823.5,1238.0,1479.5,2116.0,2560.0,2824.0,3081.5,3130.5,2258.0,1512.0,700.0,1061.0,1526.0,1771.0,1890.0,2041.0,2284.0,2279.0,3048.0,2166.0,1256.0,1625.0,2121.0,2401.0,2491.0,2685.0,2873.0,2917.0,"{""type"":""MultiPoint"",""coordinates"":[]}"
3653,5,2015.5,1341.5,506.5,774.0,897.0,1456.0,2078.0,2264.0,2476.0,2457.0,3710.0,3010.0,1146.5,1544.0,2079.5,2408.5,2523.0,2694.0,2844.5,2953.5,3071.0,2292.0,986.0,1302.0,1790.0,2091.0,2282.0,2484.0,2684.0,2702.0,4498.0,3920.5,1378.0,1872.5,2244.5,2844.0,3308.5,3538.0,3755.0,3798.0,3051.0,2183.0,723.0,1122.0,1324.0,1846.0,2464.0,2670.0,2862.0,2903.0,1450.0,1196.0,631.0,662.0,596.0,763.0,1383.0,1576.0,1460.0,1776.0,3344.0,1887.0,1300.0,1513.0,1215.0,2203.0,4423.0,4896.0,4712.0,5167.0,2979.5,1517.0,306.0,653.0,307.0,1078.0,4499.5,5545.0,5557.0,5811.0,2776.5,1252.0,234.5,483.5,203.0,816.0,4560.5,6140.5,6198.5,6414.0,2970.5,1480.5,336.5,553.0,294.5,899.5,4592.5,6418.0,6512.5,6714.0,2770.0,1354.0,789.5,879.5,668.0,1086.0,4328.5,6119.5,5972.0,6473.0,2166.0,1590.0,494.0,754.0,919.0,1500.0,2082.0,2287.0,2478.0,2457.0,2405.5,1012.0,395.0,478.0,270.0,745.0,4045.0,5671.0,5646.0,6118.5,2622.0,1125.0,676.0,822.0,485.0,1000.0,4127.0,5691.0,5838.0,6080.0,2152.0,957.0,349.0,584.0,313.0,956.0,3367.0,4365.0,4431.0,4794.0,1505.5,797.5,340.0,604.5,406.5,1012.5,2048.5,2489.5,2384.5,2716.0,2771.5,1864.5,470.0,783.5,779.0,1420.5,2178.0,2524.5,2662.5,2990.5,2685.5,1818.0,393.0,609.5,734.0,1161.5,1495.0,1736.0,1865.5,2111.5,2485.0,1874.0,443.0,602.0,756.0,1026.0,1244.0,1412.0,1596.0,1674.0,3652.0,2776.0,731.0,965.0,1288.0,1575.0,1792.0,1966.0,2031.0,2257.0,3721.0,2857.0,735.0,997.0,1206.0,1602.0,1975.0,2180.0,2313.0,2403.0,3406.0,2449.0,681.0,983.0,1089.0,1595.0,2131.0,2295.0,2476.0,2483.0,2025.0,1406.0,803.5,951.5,1011.0,1488.5,1989.0,2154.0,2322.0,2306.5,2623.5,2072.0,706.0,985.0,1256.0,1559.5,1799.0,1918.0,2097.0,2121.5,3389.5,2974.5,1366.5,1692.0,1953.0,2434.5,2795.0,2940.5,2667.0,3112.0,2319.5,1613.5,500.0,828.0,971.5,1422.0,2009.5,2189.5,2398.0,2361.5,2157.0,1484.0,470.0,784.0,824.0,1386.0,2242.0,2370.0,2486.0,2511.0,0.0,0.0,0.0,0.0,0.0,0.0,0.0,0.0,0.0,0.0,1984.0,1151.0,508.0,873.0,644.0,1412.0,2904.0,3175.0,3298.0,3300.0,0.0,0.0,0.0,0.0,0.0,0.0,0.0,0.0,0.0,0.0,134.0,167.0,9934.0,10010.0,10010.0,10188.0,9826.0,9260.0,9582.0,8719.0,570.0,366.0,4305.0,4489.0,4592.0,5025.0,5016.0,4936.0,5136.0,4801.0,2441.0,1704.0,637.0,940.0,1049.0,1639.0,2197.0,2438.0,2687.0,2659.0,3003.0,2161.0,784.0,1161.0,1510.0,1901.0,2114.0,2282.0,2593.0,2589.0,2419.0,1824.0,698.0,949.0,1370.0,1586.0,1682.0,1816.0,2005.0,1993.0,2594.0,1877.0,734.0,996.0,1473.0,1720.0,1825.0,1987.0,2136.0,2223.0,"{""type"":""MultiPoint"",""coordinates"":[]}"
3701,1,2329.0,1495.0,409.0,699.0,904.0,1438.0,2100.0,2334.0,2574.0,2617.0,4446.5,3675.5,1167.0,1472.0,2052.5,2415.0,2550.0,2831.5,3043.0,3229.5,0.0,0.0,0.0,0.0,0.0,0.0,0.0,0.0,0.0,0.0,4418.0,3713.0,1063.0,1483.0,1834.0,2380.0,2937.0,3192.0,3388.0,3535.0,2906.0,1875.0,613.0,949.0,1122.0,1607.0,2208.0,2411.0,2616.0,2694.0,0.0,0.0,0.0,0.0,0.0,0.0,0.0,0.0,0.0,0.0,0.0,0.0,0.0,0.0,0.0,0.0,0.0,0.0,0.0,0.0,2565.0,1407.0,459.0,650.0,500.0,904.0,3091.0,4550.0,4604.0,4846.0,2235.5,1022.5,344.0,551.5,349.0,774.0,3143.0,4485.0,4478.0,4728.0,2291.0,1009.0,546.0,657.0,406.0,815.0,3086.0,4600.0,4535.0,4867.0,533.0,280.0,315.0,314.0,230.0,312.0,914.0,1277.0,1264.0,1361.0,2651.0,1864.0,488.0,723.5,992.5,1501.5,2120.5,2331.5,2635.0,2637.5,2658.0,1136.0,929.0,1075.0,694.0,1214.0,3907.0,5325.0,5230.0,5783.0,2847.0,1612.0,726.0,938.0,865.0,1415.5,2602.5,3161.5,3219.0,3606.5,3163.5,2000.5,866.0,988.5,1065.0,1465.0,2081.5,2451.5,2595.5,2845.0,3480.0,2745.5,1444.0,1601.5,1664.5,2050.0,2604.0,2838.0,2811.0,3113.5,4080.0,2723.0,741.0,1122.0,1433.0,1975.0,2708.0,3034.0,3052.0,3431.0,4934.0,4633.0,1082.0,1497.0,2216.0,2574.0,2710.0,2981.0,3141.0,3293.0,4921.0,4704.0,1131.5,1526.5,2206.0,2548.5,2626.5,2869.5,3004.0,3214.0,2764.5,2145.5,752.5,931.0,1252.5,1552.0,1615.0,1828.5,1859.0,2034.5,0.0,0.0,0.0,0.0,0.0,0.0,0.0,0.0,0.0,0.0,4921.0,4822.5,1130.5,1580.5,2297.0,2642.0,2796.0,3056.0,3271.0,3398.5,0.0,0.0,0.0,0.0,0.0,0.0,0.0,0.0,0.0,0.0,2814.0,2122.0,584.0,871.0,1295.5,1597.5,1837.0,2005.5,2227.5,2286.5,2926.0,2210.0,630.0,969.0,1161.0,1692.0,2165.0,2349.0,2561.0,2574.0,4271.0,3547.5,947.5,1467.0,1681.5,2495.0,3412.0,3706.5,4022.0,4023.5,2473.0,1527.0,436.0,820.0,774.0,1524.0,2686.0,2888.0,3072.0,3124.0,0.0,0.0,0.0,0.0,0.0,0.0,0.0,0.0,0.0,0.0,2105.0,1178.0,365.0,687.0,558.0,1294.0,2806.0,3086.0,3413.0,3369.0,2646.0,1715.0,488.0,743.0,945.0,1518.0,2355.0,2577.0,2924.0,2930.0,0.0,0.0,0.0,0.0,0.0,0.0,0.0,0.0,0.0,0.0,1278.0,728.0,1117.0,1381.0,1553.0,2057.0,2726.0,2859.0,3173.0,3015.0,2350.0,1431.0,436.0,691.0,830.0,1412.0,2198.0,2401.0,2723.0,2662.0,0.0,0.0,0.0,0.0,0.0,0.0,0.0,0.0,0.0,0.0,2932.5,1998.5,651.5,970.0,1307.0,1732.0,1992.5,2234.5,2499.0,2561.5,1979.0,1769.0,537.0,744.0,1048.0,1200.0,1297.0,1402.0,1623.0,1538.0,"{""type"":""MultiPoint"",""coordinates"":[]}"
3720,5,1987.0,1663.0,587.0,858.0,1109.0,1520.0,1897.0,2136.0,2322.0,2321.0,3446.0,2707.0,1704.0,2054.5,2040.0,2756.5,3861.5,4130.0,4362.0,4342.5,2182.0,1472.0,704.0,970.0,1292.0,1683.0,2005.0,2211.0,2401.0,2457.0,3578.5,2973.5,899.0,1244.0,1673.0,2153.5,2425.0,2668.0,2876.5,2990.5,2515.0,1708.0,620.0,878.0,1194.0,1557.0,1814.0,2045.0,2233.0,2311.0,4011.0,3207.0,881.0,1193.0,1733.0,2150.0,2420.0,2650.0,2933.0,3046.0,0.0,0.0,0.0,0.0,0.0,0.0,0.0,0.0,0.0,0.0,5796.0,5069.5,1368.0,1945.0,2355.5,3234.0,4033.0,4366.5,4440.5,4803.5,3110.0,2130.0,813.0,1096.0,1103.0,1585.0,2634.0,2961.0,3493.0,3195.0,3510.0,2218.5,586.5,985.5,816.0,1650.0,4064.5,4891.5,4926.5,5202.0,3700.0,2633.5,1898.0,2034.5,1862.5,2537.0,4925.0,5992.5,5740.0,6215.5,2829.0,2134.0,596.0,901.0,1198.0,1653.0,2052.0,2298.0,2480.0,2562.0,1797.0,822.5,368.5,420.0,217.0,614.5,3511.0,4936.5,5041.5,5107.5,2791.0,1665.5,1177.0,1284.5,1109.5,1598.5,3913.0,5236.0,5224.0,5478.5,1982.0,941.0,291.5,486.5,284.0,768.5,3315.5,4714.5,4662.0,5068.5,2349.0,1129.5,486.0,710.0,449.5,999.0,4021.0,5587.5,5463.5,5876.0,2063.0,996.5,323.5,571.0,325.0,920.5,3387.0,4328.5,4282.5,4631.5,2259.5,1294.0,428.0,812.5,701.5,1480.0,2530.0,2904.0,3016.5,3271.0,2990.5,2178.5,504.5,638.0,868.5,1107.5,1235.5,1399.5,1536.0,1665.5,3133.0,2290.0,616.0,726.5,907.5,1123.5,1233.0,1375.5,1413.5,1585.5,3839.0,2853.0,874.0,1138.0,1467.0,1767.0,1983.0,2156.0,2319.0,2423.0,3866.0,2806.0,913.0,1141.0,1420.0,1779.0,2064.0,2295.0,2473.0,2532.0,3771.0,3347.0,2733.5,2709.5,2712.0,3071.0,3383.0,3483.0,3854.0,3626.0,3529.0,2692.5,764.5,1087.5,1312.0,1768.0,2413.5,2677.5,2853.5,2887.0,2441.5,1806.0,581.5,763.5,1081.0,1334.5,1509.0,1691.0,1858.0,1935.0,2557.0,1754.0,513.0,766.0,1073.0,1340.0,1732.0,1913.0,2150.0,2129.0,2911.0,2025.0,665.0,916.0,901.0,1545.0,2211.0,2452.0,2513.0,2669.0,0.0,0.0,0.0,0.0,0.0,0.0,0.0,0.0,0.0,0.0,1849.0,900.0,392.0,749.0,358.0,1188.0,3464.0,4005.0,4230.0,4172.0,0.0,0.0,0.0,0.0,0.0,0.0,0.0,0.0,0.0,0.0,140.0,173.0,9667.0,9808.0,9926.0,10191.0,9746.0,9255.0,9616.0,8796.0,185.0,157.0,8572.0,8720.0,8828.0,9024.0,8612.0,8107.0,8310.0,7601.0,2907.0,2146.0,690.0,974.0,1301.0,1710.0,2015.0,2201.0,2481.0,2495.0,3828.0,3010.0,843.0,1277.0,1553.0,2186.0,2940.0,3230.0,3549.0,3512.0,2608.0,1792.0,616.0,940.0,1118.0,1654.0,2522.0,2800.0,3086.0,3037.0,2392.0,1595.0,591.0,1009.0,998.0,1829.0,3030.0,3322.0,3544.0,3650.0,"{""type"":""MultiPoint"",""coordinates"":[]}"
3735,5,2504.0,1650.0,680.5,958.0,1109.5,1562.5,2157.0,2362.0,2604.0,2552.5,4176.5,3467.0,1059.5,1397.5,1782.5,2154.5,2336.0,2509.5,2770.0,2836.5,2454.5,1685.0,721.0,915.0,1198.0,1426.0,1532.0,1696.5,1872.0,1913.0,2985.0,2196.0,923.0,1140.0,1443.5,1692.0,1828.0,2007.0,2203.5,2219.5,0.0,0.0,0.0,0.0,0.0,0.0,0.0,0.0,0.0,0.0,4923.0,4250.0,1346.0,1776.0,2069.5,2603.0,3107.5,3361.0,3549.5,3631.0,0.0,0.0,0.0,0.0,0.0,0.0,0.0,0.0,0.0,0.0,4268.5,3487.0,904.0,1327.0,1351.5,1961.5,3105.5,3443.5,3581.5,3708.5,3789.0,2310.5,565.0,1019.0,846.5,1601.5,4395.0,5308.0,5153.0,5643.5,3526.5,2183.5,1534.5,1676.0,1402.0,1997.5,4584.5,5596.0,5453.0,5889.5,2414.0,1314.5,1191.0,1217.5,974.5,1387.0,3568.5,4545.0,4374.5,4740.5,3222.0,2382.5,853.5,1129.5,1341.0,1844.5,2441.5,2619.5,2882.0,2781.5,2691.0,1448.0,449.5,638.0,430.0,919.5,3920.5,5269.0,5192.0,5612.5,2399.5,1342.5,531.5,678.0,507.0,989.0,3477.5,4649.0,4687.5,4876.5,2113.5,1208.0,738.0,854.0,620.5,1125.0,3241.5,4259.0,4065.5,4717.5,2449.5,1591.5,756.5,915.5,825.0,1370.0,2986.0,3590.0,3587.5,3780.0,2931.0,2062.0,585.0,905.0,1019.5,1551.0,2291.0,2597.0,2787.5,2976.0,0.0,0.0,0.0,0.0,0.0,0.0,0.0,0.0,0.0,0.0,3178.5,2496.5,649.0,849.0,1152.0,1428.5,1625.5,1761.0,1943.0,2058.5,3847.5,2748.0,1949.0,1994.5,2093.0,2429.5,2677.5,2807.5,3004.5,3072.5,3982.5,3073.5,979.0,1332.0,1754.5,2146.5,2369.0,2567.0,2808.0,2886.5,4121.0,3316.5,1064.0,1412.5,1739.0,2175.0,2575.0,2744.5,2921.0,3052.0,0.0,0.0,0.0,0.0,0.0,0.0,0.0,0.0,0.0,0.0,3639.5,2608.0,922.5,1276.0,1414.0,2019.5,2763.5,2957.0,3128.5,3135.5,0.0,0.0,0.0,0.0,0.0,0.0,0.0,0.0,0.0,0.0,2462.0,1476.0,545.5,870.0,953.5,1655.0,2588.0,2799.5,2991.0,2972.0,1920.5,1112.5,490.5,757.5,806.5,1499.5,2398.0,2554.0,2719.5,2647.0,0.0,0.0,0.0,0.0,0.0,0.0,0.0,0.0,0.0,0.0,2539.0,1590.5,580.5,889.5,887.5,1634.5,2926.0,3179.5,3398.5,3316.0,0.0,0.0,0.0,0.0,0.0,0.0,0.0,0.0,0.0,0.0,1109.5,1188.0,10618.0,10384.0,10370.0,10459.0,10158.0,9803.5,10244.5,9430.0,3417.0,2593.5,2858.0,2862.0,2879.5,3142.0,3200.0,3266.0,3398.5,3219.5,3047.0,2170.5,709.5,990.5,1132.5,1712.0,2452.5,2670.0,2947.0,2915.0,3059.0,2129.0,776.0,1162.5,1233.0,1918.0,2575.0,2762.5,3071.5,3019.5,2547.5,1672.5,616.5,1020.0,1200.0,1836.0,2292.0,2450.5,2723.5,2711.0,4032.5,3288.0,1126.0,1471.5,1802.0,2255.5,2514.5,2715.0,2972.5,2988.0,"{""type"":""MultiPoint"",""coordinates"":[]}"
3784,5,1557.5,1054.5,555.0,755.0,905.0,1123.0,1218.5,1327.5,1513.5,1507.0,4155.0,3364.0,1566.0,2080.0,2341.0,3000.0,3465.0,3651.0,3843.0,3798.0,1730.0,1063.0,735.0,1032.0,1130.0,1645.0,1987.0,2129.0,2330.0,2270.0,2965.5,2459.0,849.5,1143.5,1291.0,1691.0,1986.0,2168.5,2327.0,2393.0,1609.0,1023.0,807.0,1010.0,1252.0,1460.0,1543.0,1649.0,1807.0,1855.0,2325.0,1940.0,1008.0,1113.0,1276.5,1425.5,1488.5,1594.0,1775.5,1737.5,5675.0,5299.0,2069.0,2490.0,2967.0,3372.0,3601.0,3771.0,3786.0,4204.0,3620.0,2894.0,1081.0,1437.0,1586.0,2033.0,2372.0,2534.0,2598.0,2740.0,5195.0,4224.0,1582.0,2056.0,2167.0,2900.0,4210.0,4658.0,4535.0,4924.0,3091.0,2002.0,662.0,1097.5,1001.5,1759.5,3257.5,3788.0,3489.5,4096.5,3631.0,2298.0,695.0,1045.0,844.0,1578.0,3998.0,4946.0,5054.0,5259.0,2286.0,1813.0,733.0,948.0,1139.0,1339.0,1451.0,1560.0,1782.0,1757.0,2461.0,1086.5,349.0,529.0,299.5,789.5,4064.5,5654.0,5547.5,5929.0,2236.0,950.0,470.0,572.5,316.0,761.5,3895.5,5612.0,5665.5,5886.0,2056.0,815.0,199.0,373.0,174.0,582.0,3839.0,5475.0,5389.0,5777.0,2548.0,987.0,387.0,541.0,279.0,848.0,4452.0,6236.0,6123.0,6650.0,2064.5,874.0,231.0,461.0,203.5,790.5,3831.0,5004.5,5009.0,5316.0,1935.5,838.5,300.5,637.5,300.0,1140.0,3740.5,4460.5,4491.5,4763.0,2469.0,1623.5,441.0,747.5,837.5,1441.5,2355.0,2691.5,2958.5,3093.0,2393.0,1569.5,588.0,688.0,888.5,1114.5,1189.5,1341.5,1430.0,1641.0,3708.0,2865.0,839.0,1146.0,1592.0,1915.0,1993.0,2156.0,2226.0,2426.0,3715.0,2816.0,869.0,1111.0,1448.0,1692.0,1874.0,1988.0,2116.0,2213.0,3128.0,2731.5,1608.5,1910.5,2169.5,2485.0,2675.5,2726.0,2666.5,2878.0,3513.0,3287.0,1128.0,1362.0,1649.0,1919.0,1965.0,2126.0,2234.0,2311.0,3366.0,3067.0,976.0,1224.0,1517.0,1741.0,1887.0,1965.0,2165.0,2173.0,2042.0,1568.0,526.0,729.0,924.0,1057.0,1194.0,1292.0,1494.0,1468.0,2713.0,2032.0,656.0,892.0,1068.0,1380.0,1702.0,1813.0,1993.0,2039.0,0.0,0.0,0.0,0.0,0.0,0.0,0.0,0.0,0.0,0.0,1566.0,993.0,627.0,803.0,860.0,1193.0,1554.0,1750.0,1872.0,1858.0,0.0,0.0,0.0,0.0,0.0,0.0,0.0,0.0,0.0,0.0,162.0,203.0,13218.0,12278.0,11716.0,11634.0,11050.0,10406.0,10642.0,9708.0,174.0,132.0,1345.0,1578.0,1790.0,1949.0,1840.0,1672.0,1778.0,1596.0,2012.0,1410.5,740.0,972.0,1136.0,1381.0,1525.0,1647.0,1843.5,1822.0,2509.0,1831.0,758.0,1019.0,1134.0,1439.0,1708.0,1850.0,2045.0,2040.0,2389.0,1664.0,751.0,1045.0,1140.5,1516.5,1857.0,1987.0,2194.5,2167.0,1857.0,1197.0,738.0,1064.0,1164.0,1583.0,1939.0,2085.0,2256.0,2259.0,"{""type"":""MultiPoint"",""coordinates"":[]}"
3823,5,1446.0,1013.5,419.0,543.0,723.0,834.0,861.5,958.0,1083.5,1081.0,3065.0,2769.0,868.0,1150.0,1481.0,1652.0,1758.0,1865.0,1827.0,2027.0,2019.0,1446.0,597.0,734.0,910.0,1081.0,1193.0,1322.0,1434.0,1446.0,2904.0,2528.0,781.0,1067.0,1234.0,1466.0,1882.0,2031.0,2091.0,2174.0,1983.0,1352.0,398.0,630.0,667.0,957.0,1534.0,1644.0,1801.0,1810.0,3399.0,2400.0,830.0,1092.0,1022.0,1569.0,3251.0,3816.0,3793.0,3925.0,0.0,0.0,0.0,0.0,0.0,0.0,0.0,0.0,0.0,0.0,2444.0,1423.0,414.0,674.0,496.0,1073.0,3183.0,3947.0,3986.0,4093.0,2397.0,1697.0,745.0,945.0,661.0,1337.0,3023.0,3739.0,3931.0,3921.0,2125.5,1072.5,342.5,539.5,362.5,857.0,3213.0,4153.0,4199.5,4436.0,1810.0,965.5,1035.0,1117.0,908.0,1285.5,3119.5,3998.0,4033.5,4201.0,1661.0,1230.0,388.0,522.0,684.0,766.0,849.0,896.0,993.0,1009.0,2401.0,1040.0,557.0,773.0,429.0,1085.0,4100.0,5268.0,4797.0,5488.0,2109.5,974.5,964.0,1039.5,677.5,1213.5,3499.5,4362.5,4323.5,4638.5,1808.0,904.0,435.0,718.0,458.0,1209.0,2991.0,3662.0,3622.0,3953.0,2799.0,1841.0,616.0,961.0,999.0,1688.0,2439.0,2668.0,2750.0,3073.0,3055.5,2203.5,583.5,848.5,1074.5,1501.5,1830.0,2062.5,2231.0,2382.0,2316.5,1929.0,621.5,773.5,1004.0,1163.0,1224.5,1357.5,1401.5,1508.5,2068.0,1755.5,558.5,667.5,858.0,986.0,1041.0,1123.5,1209.5,1247.0,2245.0,1969.0,604.0,757.0,944.0,1100.0,1164.0,1238.0,1281.0,1376.0,2411.5,2167.5,621.0,794.5,1027.0,1158.5,1228.5,1329.0,1430.0,1468.5,2355.0,2108.0,584.0,752.0,1000.0,1155.0,1221.0,1282.0,1359.0,1428.0,2057.5,1834.5,796.0,931.5,1121.5,1272.0,1388.0,1513.5,1375.5,1677.0,1960.0,1588.5,452.5,600.5,781.5,912.0,1001.5,1085.5,1210.5,1217.0,2223.0,1996.5,596.0,718.5,918.5,1066.0,1152.5,1228.0,1310.5,1353.5,1517.0,1025.0,342.0,476.0,645.0,752.0,836.0,933.0,1068.0,1102.0,1714.0,1214.0,464.0,598.0,747.0,888.0,964.0,1055.0,1145.0,1185.0,0.0,0.0,0.0,0.0,0.0,0.0,0.0,0.0,0.0,0.0,2052.5,1507.5,660.0,764.0,936.0,1088.0,1190.0,1326.5,1383.5,1487.5,1736.0,1094.0,2620.0,2365.0,2227.0,2022.0,2073.0,2134.0,2196.0,2203.0,73.0,100.0,12092.0,11516.0,11058.0,11102.0,10500.0,9812.0,10062.0,9146.0,158.0,146.0,7562.0,7628.0,7764.0,7984.0,7603.0,7234.0,7412.0,6789.0,1964.0,1395.5,596.5,775.5,975.0,1126.0,1206.0,1299.0,1437.0,1430.5,2181.0,1763.0,573.0,746.0,948.0,1086.0,1149.0,1220.0,1384.0,1365.0,1995.0,1486.0,539.0,670.0,876.0,1017.0,1093.0,1177.0,1313.0,1333.0,1939.0,1340.0,544.0,716.0,938.0,1074.0,1117.0,1218.0,1331.0,1387.0,"{""type"":""MultiPoint"",""coordinates"":[]}"
3828,5,1549.5,853.0,523.5,725.0,1008.0,1283.5,1444.5,1566.0,1794.0,1815.5,3070.0,2124.5,734.5,1106.5,1171.0,1764.5,2235.5,2434.0,2530.0,2664.0,0.0,0.0,0.0,0.0,0.0,0.0,0.0,0.0,0.0,0.0,2614.5,1852.0,693.0,993.0,1198.0,1623.5,1880.5,2030.5,2097.5,2190.0,2626.0,1785.5,688.5,1020.5,1259.0,1676.5,1987.5,2125.5,2264.5,2304.0,0.0,0.0,0.0,0.0,0.0,0.0,0.0,0.0,0.0,0.0,0.0,0.0,0.0,0.0,0.0,0.0,0.0,0.0,0.0,0.0,2436.5,1384.5,703.5,1092.0,1170.0,1770.0,2220.5,2385.0,2422.0,2660.0,3439.0,2920.0,2102.5,2111.0,2217.0,2437.5,2610.5,2783.0,3412.5,3005.5,3783.0,3183.5,985.5,1344.0,1672.0,2058.5,2399.5,2628.0,2632.0,2870.5,3713.5,2498.0,762.0,1155.5,1129.0,1858.0,2820.0,3088.0,3084.0,3348.5,2872.0,2073.0,855.0,1098.5,1399.0,1667.0,1817.0,1938.0,2211.0,2216.0,3104.0,1832.0,559.5,901.5,779.0,1438.0,3194.0,3743.5,3621.5,3992.5,0.0,0.0,0.0,0.0,0.0,0.0,0.0,0.0,0.0,0.0,1594.0,733.5,227.5,326.5,167.5,486.5,2488.0,3304.0,3156.0,3484.5,2250.0,1000.0,334.5,424.0,225.5,629.5,3509.5,4997.5,4872.5,5272.0,1182.5,730.0,440.0,513.5,482.5,655.5,1611.0,1943.0,1670.0,1959.0,2231.0,970.0,239.0,497.5,220.0,819.0,3809.0,4952.0,4925.0,5203.5,2284.5,1040.0,319.5,699.0,318.5,1278.0,4015.5,4757.5,4738.0,5047.0,3250.5,2400.0,528.5,842.5,1056.5,1688.5,2036.0,2318.0,2444.5,2701.0,3393.5,2624.5,514.0,715.5,998.5,1284.5,1432.5,1611.0,1744.0,1921.5,3640.0,2792.0,662.5,890.5,1222.0,1493.5,1644.0,1822.5,1974.5,2116.5,4109.5,3549.0,3111.5,3107.0,3240.0,3499.5,3583.0,3648.0,3987.0,3850.5,3631.0,2745.5,818.0,1030.0,1363.0,1611.0,1749.5,1889.5,2089.5,2147.0,0.0,0.0,0.0,0.0,0.0,0.0,0.0,0.0,0.0,0.0,3316.0,2360.0,791.0,1063.0,1301.5,1591.0,1887.0,2038.0,2311.5,2273.0,3355.0,2413.5,856.5,1090.0,1330.5,1655.5,2009.0,2123.5,2303.0,2383.5,0.0,0.0,0.0,0.0,0.0,0.0,0.0,0.0,0.0,0.0,0.0,0.0,0.0,0.0,0.0,0.0,0.0,0.0,0.0,0.0,3232.0,2250.5,1366.5,1536.0,1703.0,2067.5,2275.5,2445.0,2752.0,2761.0,0.0,0.0,0.0,0.0,0.0,0.0,0.0,0.0,0.0,0.0,151.0,138.5,9099.0,8989.0,9021.5,9129.0,8670.0,8271.5,8452.5,7679.5,2442.5,1671.0,726.0,1021.5,1210.0,1551.5,1720.0,1886.0,2097.0,2112.0,1986.5,1453.0,603.5,768.0,852.5,1188.0,1399.0,1600.5,1466.5,1817.5,2817.0,1930.0,766.5,1085.0,1250.5,1661.5,1936.5,2082.5,2327.5,2347.0,2780.0,1880.5,770.0,1108.5,1229.5,1672.0,2055.5,2197.0,2425.5,2418.0,"{""type"":""MultiPoint"",""coordinates"":[]}"
3829,26,2424.0,1582.0,559.5,816.5,793.5,1243.5,2139.0,2353.5,2580.5,2561.0,1316.0,669.5,323.5,498.5,299.0,713.0,2977.0,4188.0,4391.5,4341.5,1132.5,537.5,286.0,478.0,270.0,722.5,2917.5,4065.0,4265.0,4265.5,2577.0,1886.0,1676.5,1795.5,1692.0,2044.5,3206.0,3804.0,4063.5,3952.0,0.0,0.0,0.0,0.0,0.0,0.0,0.0,0.0,0.0,0.0,1822.5,1112.5,624.5,865.5,827.0,1470.5,2381.0,2791.0,3070.5,3219.5,0.0,0.0,0.0,0.0,0.0,0.0,0.0,0.0,0.0,0.0,0.0,0.0,0.0,0.0,0.0,0.0,0.0,0.0,0.0,0.0,0.0,0.0,0.0,0.0,0.0,0.0,0.0,0.0,0.0,0.0,4206.0,3801.5,1051.5,1378.0,1814.0,2142.5,2332.0,2515.0,2636.5,2756.0,0.0,0.0,0.0,0.0,0.0,0.0,0.0,0.0,0.0,0.0,2722.0,1978.5,652.0,865.0,898.0,1386.0,2233.0,2444.0,2681.5,2614.0,3755.5,2933.0,803.5,1122.0,1218.5,1715.5,2610.5,2956.5,2938.0,3189.5,3000.5,2115.5,673.5,909.0,848.5,1340.5,2782.5,3278.0,3365.0,3479.0,0.0,0.0,0.0,0.0,0.0,0.0,0.0,0.0,0.0,0.0,2218.0,1060.0,329.5,521.5,313.0,778.5,3339.5,4220.0,4212.5,4558.0,1930.0,907.0,242.0,443.5,244.0,698.5,3155.0,3989.5,4182.0,4291.0,0.0,0.0,0.0,0.0,0.0,0.0,0.0,0.0,0.0,0.0,1483.5,880.5,305.0,582.0,546.0,1017.0,1515.0,1676.5,1808.0,1960.0,4162.5,3339.5,2050.0,2283.0,2386.0,2619.0,2566.0,2522.0,2998.5,2649.0,3063.0,2548.0,470.0,618.0,918.5,1079.0,1176.0,1332.5,1509.0,1595.5,3844.5,3042.5,849.5,1081.5,1558.0,1810.5,1890.5,2103.5,2307.5,2452.5,0.0,0.0,0.0,0.0,0.0,0.0,0.0,0.0,0.0,0.0,3676.5,2919.0,898.5,1101.0,1436.5,1647.0,1757.5,1869.0,2069.5,2138.0,0.0,0.0,0.0,0.0,0.0,0.0,0.0,0.0,0.0,0.0,2542.0,1731.0,581.0,780.5,1089.0,1250.0,1350.0,1497.5,1678.5,1736.0,2843.5,2186.5,740.5,941.0,1224.0,1376.0,1442.5,1563.0,1766.0,1771.0,0.0,0.0,0.0,0.0,0.0,0.0,0.0,0.0,0.0,0.0,1369.5,1023.0,309.5,410.0,560.0,643.0,717.5,801.0,898.5,940.5,0.0,0.0,0.0,0.0,0.0,0.0,0.0,0.0,0.0,0.0,985.5,1074.5,10918.0,10609.5,10496.0,10582.5,10268.0,9911.5,10335.0,9479.5,0.0,0.0,0.0,0.0,0.0,0.0,0.0,0.0,0.0,0.0,2535.0,1676.0,495.0,784.0,696.0,1216.5,2520.5,2929.0,3171.5,3111.5,1815.5,967.0,365.0,617.0,442.5,899.5,2838.5,3515.5,3787.0,3691.0,1479.0,674.0,206.0,424.0,228.0,663.0,2989.0,3866.0,3873.0,3866.0,836.0,413.5,223.5,323.5,154.5,427.5,1758.5,2403.5,2442.5,2486.5,"{""type"":""MultiPoint"",""coordinates"":[]}"
3833,3,2033.5,1439.0,634.0,852.0,1149.0,1347.5,1440.5,1543.5,1698.5,1691.0,3805.5,3448.5,1278.5,1625.5,2032.5,2277.5,2388.5,2482.5,2632.0,2658.5,2346.5,1627.0,669.0,886.5,1130.5,1392.5,1504.5,1634.5,1710.0,1762.0,2417.0,1719.0,670.0,883.0,1064.0,1352.0,1464.0,1586.0,1726.0,1707.0,4479.0,4173.0,1375.0,1822.0,2261.0,2607.0,2745.0,2889.0,3112.0,3107.0,6025.0,5150.0,2235.0,2658.0,2995.0,3608.0,3966.0,4289.0,4320.0,4508.0,0.0,0.0,0.0,0.0,0.0,0.0,0.0,0.0,0.0,0.0,4213.0,3443.5,1075.0,1614.0,1763.5,2464.0,3227.0,3529.0,3643.5,3714.0,3566.0,2448.0,1243.0,1659.0,1738.0,2441.0,3070.0,3093.0,3482.0,3018.0,1201.5,633.5,450.0,662.5,560.5,1008.0,1858.0,2214.5,2092.5,2195.5,1379.0,669.0,536.0,685.0,492.0,874.0,2519.0,3669.0,3501.0,3723.0,1950.5,1580.0,825.5,954.0,1144.0,1307.5,1373.5,1429.5,1567.0,1536.0,1280.0,538.0,346.0,404.0,230.0,560.0,2521.0,4502.0,4385.0,4785.0,1496.0,650.5,394.0,529.0,266.5,681.0,2979.5,5068.0,5093.0,5282.0,1454.0,599.0,400.0,563.0,268.0,785.0,3127.0,4931.0,4975.0,5284.0,1548.0,714.0,343.0,637.0,338.0,1000.0,3034.0,4410.0,4341.0,4765.0,1615.0,775.0,362.0,767.0,475.0,1330.0,3381.0,4359.0,4500.0,4708.0,1854.0,1147.0,904.5,1126.5,980.0,1701.0,2891.5,3401.0,3539.0,3688.0,2472.5,1541.5,708.0,1109.0,1350.0,2117.0,2799.5,3154.0,3407.0,3575.5,3109.0,2237.0,1141.5,1458.5,1916.5,2201.0,2353.5,2494.0,2658.5,2751.0,4077.5,2990.0,1251.5,1683.0,2333.0,2770.5,2843.5,3137.0,3358.0,3431.0,4542.0,3202.0,1093.0,1516.0,2210.0,2571.0,2722.0,2940.0,3143.0,3263.0,2812.0,2556.0,1051.5,1317.0,1620.0,1828.0,1918.0,1999.5,2118.0,2109.0,4581.0,3249.0,1219.0,1654.0,2351.0,2682.0,2790.0,2967.0,3299.0,3299.0,2119.0,1318.0,936.0,1246.0,1871.0,2214.0,2277.0,2468.0,2746.0,2761.0,2535.0,1635.0,884.0,1244.5,1854.0,2106.0,2234.5,2352.0,2669.0,2683.0,2848.0,1933.5,900.5,1244.0,1826.0,2091.0,2198.5,2362.5,2602.0,2671.5,3810.0,3137.0,3330.0,3555.0,3896.0,4494.0,4361.0,4271.0,3960.0,4257.0,889.5,525.0,679.0,837.5,1178.0,1368.0,1436.0,1553.0,1762.5,1730.5,0.0,0.0,0.0,0.0,0.0,0.0,0.0,0.0,0.0,0.0,972.0,1038.0,10150.0,9832.0,9844.0,9939.0,9642.0,9342.0,9734.0,9014.0,1310.5,923.5,531.5,762.0,1057.0,1246.5,1275.5,1414.0,1530.0,1561.0,2405.0,1737.0,695.0,921.0,1141.0,1360.0,1481.0,1590.0,1716.0,1687.0,3059.5,2615.0,954.0,1240.0,1538.0,1789.0,1882.0,2019.0,2185.5,2166.5,2532.0,1869.0,665.0,942.0,1181.0,1422.0,1531.0,1638.0,1749.0,1792.0,4572.0,4376.0,1391.0,1875.0,2398.0,2662.0,2786.0,2898.0,3128.0,3113.0,"{""type"":""MultiPoint"",""coordinates"":[]}"
3932,1,2029.0,1333.5,488.5,755.5,962.5,1338.5,1829.5,1958.0,2145.5,2147.5,4053.5,3520.5,1078.0,1514.5,2034.5,2392.0,2555.5,2728.5,2938.0,2967.0,2416.0,1658.0,668.0,891.0,1305.0,1540.0,1658.0,1835.0,2008.0,2037.0,3814.5,3280.5,1058.0,1480.0,1955.5,2373.0,2606.5,2785.5,2956.5,2975.0,2072.5,1587.5,551.5,777.5,1034.5,1298.0,1496.5,1635.0,1714.5,1777.5,4963.0,4212.0,1317.0,1868.5,2346.5,2902.0,3729.5,4091.5,4243.5,4357.0,0.0,0.0,0.0,0.0,0.0,0.0,0.0,0.0,0.0,0.0,1882.0,919.0,356.0,606.0,377.0,804.0,3044.0,4218.0,4000.0,4361.0,1803.5,812.5,580.5,701.5,488.0,712.0,3355.0,4825.5,4985.5,4978.5,1613.0,671.0,300.0,419.0,234.0,563.0,3028.0,4686.0,4515.0,4885.0,1688.0,712.0,296.0,437.0,250.0,564.0,2865.0,4547.0,4510.0,4733.0,2100.5,1425.0,510.0,796.0,1040.0,1493.0,1931.5,2114.5,2233.5,2300.5,1782.0,746.0,411.0,594.0,382.0,806.0,2998.0,4340.0,4309.0,4715.0,1791.0,806.5,581.0,721.0,500.5,953.0,2802.5,3834.5,3868.5,4260.0,1822.5,1015.0,354.0,538.0,535.5,923.0,1808.0,2267.5,2236.0,2608.0,2410.0,1668.0,395.0,497.0,670.0,934.0,1092.0,1312.0,1318.0,1513.0,2789.0,1967.0,386.0,547.5,783.0,1055.0,1229.5,1381.5,1510.5,1620.5,2275.0,1552.0,271.0,411.0,549.0,731.0,915.0,1070.0,1177.0,1278.0,4010.0,2694.0,895.0,1281.0,1830.0,2340.0,2693.0,3020.0,3255.0,3375.0,3688.0,2316.0,963.0,1199.0,1328.0,1959.0,2848.0,3125.0,3273.0,3548.0,3293.0,1952.0,678.5,1039.5,1084.5,1753.5,2958.5,3347.0,3529.5,3687.5,3453.0,2796.0,787.0,1105.0,1614.0,1941.0,2130.0,2315.0,2459.0,2586.0,2162.0,1447.0,578.0,843.0,1026.0,1477.0,2062.0,2261.0,2472.0,2432.0,2889.0,2131.0,734.0,1052.0,1478.5,1791.0,2043.0,2203.0,2426.0,2441.5,3410.0,2958.0,853.0,1157.0,1737.0,1962.0,2104.0,2225.0,2486.0,2512.0,2336.5,1802.5,512.5,791.5,1271.5,1453.5,1575.0,1697.5,1954.0,1930.0,3036.5,2358.0,2462.5,2437.0,2590.0,2810.5,2859.0,2942.5,3121.0,3069.5,5181.0,4929.0,4080.0,4184.0,4387.0,4889.0,4919.0,5091.0,4951.0,5180.0,2573.5,1913.5,759.0,1011.0,1404.0,1693.5,1870.5,2003.5,2135.0,2201.5,0.0,0.0,0.0,0.0,0.0,0.0,0.0,0.0,0.0,0.0,89.0,84.0,10602.0,10324.0,10178.0,10299.0,9790.0,8941.0,9066.0,8119.0,665.0,424.0,3367.0,3634.0,3765.0,4065.0,4020.0,3998.0,4183.0,3810.0,2154.5,1420.5,573.5,871.5,1060.0,1493.0,2034.5,2173.5,2407.5,2405.5,3142.0,2591.0,1686.5,1942.5,2054.0,2535.0,2902.0,3040.5,3292.5,3236.5,2476.0,1680.0,671.0,1061.0,1319.0,1840.0,2129.0,2288.0,2472.0,2499.0,2369.0,1664.0,656.0,910.0,1270.0,1576.0,1728.0,1862.0,2026.0,2060.0,"{""type"":""MultiPoint"",""coordinates"":[]}"
3940,3,24.0,28.0,788.0,1163.0,1200.0,1191.0,606.0,590.0,507.0,339.0,1206.0,859.0,565.0,595.0,692.0,814.0,817.0,864.0,792.0,933.0,0.0,0.0,0.0,0.0,0.0,0.0,0.0,0.0,0.0,0.0,4711.0,4376.0,1271.0,1673.0,2112.0,2517.0,2657.0,2878.0,2981.0,3069.0,2364.0,1533.0,626.0,866.0,1063.0,1341.0,1501.0,1629.0,1778.0,1816.0,0.0,0.0,0.0,0.0,0.0,0.0,0.0,0.0,0.0,0.0,1808.0,1128.0,753.0,821.0,999.0,1176.0,1292.0,1427.0,1444.0,1556.0,4744.0,4333.0,1376.0,1825.0,2463.0,2845.0,2930.0,3156.0,3159.0,3391.0,2796.0,2355.0,1155.5,1649.0,1708.5,2327.0,2547.0,2697.5,2757.0,2787.5,1111.0,594.0,486.0,712.0,447.0,1052.0,2105.0,2546.0,2389.0,2521.0,0.0,0.0,0.0,0.0,0.0,0.0,0.0,0.0,0.0,0.0,40.5,39.0,696.5,983.5,1081.5,1129.5,723.0,687.5,618.5,427.5,1440.0,673.5,208.5,412.0,184.0,630.0,2698.5,3952.0,3763.5,4030.5,0.0,0.0,0.0,0.0,0.0,0.0,0.0,0.0,0.0,0.0,1575.0,802.0,557.5,713.0,471.0,922.0,3062.5,4417.5,4265.0,4599.0,1383.5,652.0,354.0,631.5,318.0,995.5,3151.0,4309.5,4171.0,4516.5,1427.0,696.0,255.0,651.0,318.0,1121.0,3256.0,4076.0,4059.0,4291.0,1535.0,799.0,400.0,922.0,642.0,1658.0,3343.0,3842.0,3986.0,4104.0,2094.0,1180.5,1157.5,1481.5,1226.0,2222.0,3187.0,3491.0,3660.0,3810.5,0.0,0.0,0.0,0.0,0.0,0.0,0.0,0.0,0.0,0.0,2995.0,2061.0,812.0,1281.0,1677.0,2169.0,2506.0,2659.0,2810.0,2941.0,2927.0,2069.0,783.5,1154.5,1667.0,1998.0,2178.5,2366.0,2558.0,2655.5,1396.0,1233.0,1205.0,1283.0,1363.0,1418.0,1331.0,1362.0,1411.0,1349.0,1908.0,1266.0,722.5,1023.0,1548.5,1811.0,1906.0,2083.5,2276.0,2328.5,2681.0,1944.0,962.0,1279.0,1783.0,2006.0,2094.0,2229.0,2402.0,2455.0,3569.5,2839.0,1039.0,1400.5,1999.0,2256.5,2405.5,2558.0,2805.0,2857.0,3323.0,2537.0,967.0,1391.0,1941.0,2210.0,2333.0,2501.0,2702.0,2786.0,0.0,0.0,0.0,0.0,0.0,0.0,0.0,0.0,0.0,0.0,0.0,0.0,0.0,0.0,0.0,0.0,0.0,0.0,0.0,0.0,0.0,0.0,0.0,0.0,0.0,0.0,0.0,0.0,0.0,0.0,0.0,0.0,0.0,0.0,0.0,0.0,0.0,0.0,0.0,0.0,47.0,56.0,3804.0,4187.0,4141.0,4349.0,3638.0,3048.0,2676.0,2165.0,305.0,165.0,277.0,521.0,693.0,981.0,1033.0,1108.0,1254.0,1262.0,0.0,0.0,0.0,0.0,0.0,0.0,0.0,0.0,0.0,0.0,1669.5,1051.0,658.0,958.0,1256.0,1487.5,1584.5,1687.5,1856.0,1827.0,3729.0,3177.0,971.5,1378.5,1853.5,2130.0,2256.0,2391.0,2585.0,2596.5,"{""type"":""MultiPoint"",""coordinates"":[]}"
3960,3,1959.0,1127.0,606.0,852.0,962.0,1489.0,2035.0,2221.0,2419.0,2420.0,2800.0,2446.0,1123.0,1308.0,1385.0,1752.0,1991.0,2129.0,1931.0,2366.0,2115.5,1401.0,807.5,1099.0,1372.0,1768.5,1870.5,2023.0,2169.0,2187.5,3632.0,2961.0,1347.0,1741.5,2092.0,2439.0,2629.5,2848.0,3088.0,3084.5,3988.0,3316.0,1408.0,1915.0,2262.0,2648.0,2793.0,3030.0,3328.0,3290.0,3347.0,2887.0,2049.0,2470.0,2423.0,2584.0,2675.0,2824.0,3110.0,3058.0,0.0,0.0,0.0,0.0,0.0,0.0,0.0,0.0,0.0,0.0,1514.5,899.5,566.0,815.5,396.5,1076.5,2540.0,3126.0,2886.5,3082.0,1915.5,988.5,277.0,572.5,229.0,876.5,3229.5,4255.0,4331.0,4327.0,1837.0,857.0,264.0,568.0,164.0,781.0,3269.0,4952.0,5030.0,5170.0,2158.0,978.0,649.0,857.0,472.0,1086.0,3961.0,5494.0,5575.0,5700.0,2430.0,1679.0,683.0,898.0,1057.0,1533.0,2101.0,2249.0,2467.0,2442.0,3989.0,3303.0,2749.0,2918.0,2784.0,3294.0,4081.0,4753.0,4696.0,4989.0,1341.0,628.0,421.5,665.0,345.0,986.5,2989.0,4183.5,4341.5,4492.0,1589.0,738.0,511.0,795.0,481.0,1265.0,3362.0,4329.0,4256.0,4536.0,1637.0,832.0,472.0,876.0,602.0,1525.0,3234.0,3834.0,3884.0,4236.0,1870.0,1017.0,516.0,981.0,901.0,1833.0,2899.0,3378.0,3391.0,3785.0,3057.5,2405.0,755.5,1024.0,1458.0,1829.5,1971.5,2170.0,2237.5,2471.0,3034.5,2575.0,747.5,970.5,1359.5,1541.5,1699.0,1839.5,2006.5,2100.0,1696.5,1305.5,528.0,658.0,800.0,1003.5,1157.5,1305.0,1245.5,1488.5,2940.0,2279.0,668.0,935.0,1089.0,1440.0,1763.0,1936.0,2048.0,2058.0,3212.5,2585.5,674.5,989.0,1080.5,1576.0,2071.0,2289.5,2415.0,2500.5,4326.0,3374.0,2710.0,2817.0,3064.0,3376.0,3691.0,3791.0,4398.0,4057.0,2557.0,1874.0,589.0,869.0,961.0,1435.0,1763.0,1932.0,2191.0,2193.0,2266.0,1840.5,600.5,773.0,1075.5,1258.0,1354.0,1477.5,1582.5,1656.5,1831.0,1256.5,510.0,727.0,1058.5,1222.0,1302.0,1427.0,1573.0,1609.5,1345.0,898.0,555.5,794.0,1090.0,1273.5,1341.0,1434.5,1560.0,1588.0,0.0,0.0,0.0,0.0,0.0,0.0,0.0,0.0,0.0,0.0,1840.0,1366.0,1611.0,1734.0,2004.0,2185.0,2212.0,2296.0,2652.0,2432.0,0.0,0.0,0.0,0.0,0.0,0.0,0.0,0.0,0.0,0.0,1077.0,1184.0,10860.0,10496.0,10396.0,10513.0,10183.0,9751.0,10146.0,9387.0,1059.0,644.0,948.0,1171.0,1230.5,1761.0,2151.0,2247.5,2347.5,2319.0,2196.0,1434.0,1048.0,1323.5,1467.0,2001.5,2104.5,2291.5,2440.5,2490.0,2784.0,1990.0,1264.5,1542.0,1746.0,2122.0,2339.0,2458.5,2721.5,2682.0,2374.0,1593.5,766.0,1081.0,1269.5,1692.5,1883.5,2032.5,2244.0,2247.5,2705.0,1891.0,803.0,1126.0,1319.0,1708.0,1854.0,1974.0,2185.0,2205.0,"{""type"":""MultiPoint"",""coordinates"":[]}"
3977,5,1440.0,879.0,422.0,640.5,778.0,1173.5,1503.0,1686.5,1932.0,1968.5,2474.0,1491.5,562.5,781.5,979.0,1379.5,1631.5,1852.5,2005.5,2157.0,1347.0,787.0,562.0,764.0,896.0,1315.0,1568.0,1729.0,1913.0,1983.0,2075.5,1218.0,534.5,789.0,788.5,1331.0,1826.5,2047.5,2201.5,2296.0,1570.0,887.0,479.0,757.0,727.0,1295.0,1871.0,2051.0,2220.0,2258.0,2781.5,1736.0,978.0,1183.5,1134.5,1736.5,2442.0,2741.5,2744.5,2956.5,3838.0,3626.0,3072.0,3077.0,3025.0,3603.0,4319.0,4638.0,4396.0,4782.0,1246.5,682.0,729.5,799.0,869.0,1093.5,1195.0,1343.5,1325.0,1406.0,1342.5,793.5,357.0,468.5,585.0,761.5,925.5,1005.0,1032.0,1131.5,3951.0,2879.0,1035.0,1441.0,1797.0,2288.0,2688.0,2932.0,2896.0,3170.0,3807.0,2801.0,958.0,1315.0,1592.0,2091.0,2742.0,3168.0,3152.0,3387.0,2056.0,1369.0,505.0,738.0,916.0,1304.0,1636.0,1783.0,2068.0,2084.0,3039.0,1954.0,611.0,921.0,880.0,1421.0,2797.0,3419.0,3276.0,3644.0,3835.0,2430.0,1056.0,1204.0,1101.0,1661.0,3441.0,4277.0,4363.0,4650.0,2863.0,1556.0,476.0,705.0,615.0,1159.0,3106.0,4034.0,4009.0,4343.0,2337.5,1195.5,476.0,566.5,499.0,930.5,2815.0,3724.0,3677.0,3959.0,2276.0,1272.0,443.0,667.5,585.5,1002.0,2613.5,3276.5,3371.5,3528.0,1692.5,978.5,682.5,772.5,648.0,922.0,1965.0,2361.5,2537.5,2495.5,2323.5,1366.0,458.5,740.0,642.0,1266.5,2379.5,2714.5,2891.0,3066.0,2154.5,1538.0,790.0,851.5,899.0,1146.0,1328.0,1516.0,1547.0,1704.0,3098.0,2293.0,501.0,707.0,985.0,1226.0,1398.0,1568.0,1746.0,1847.0,3064.0,2257.0,539.0,739.0,1010.0,1254.0,1378.0,1523.0,1669.0,1761.0,4580.0,4010.0,3635.5,3737.0,3826.0,4237.0,4385.5,4459.5,4637.0,4611.0,2626.5,1861.0,491.5,658.0,875.0,1101.0,1293.5,1436.5,1605.5,1673.5,2932.5,2008.5,679.0,876.0,1160.5,1445.0,1639.0,1832.0,2046.0,2151.0,2867.0,1927.0,586.0,818.0,1068.0,1315.0,1600.0,1777.0,2027.0,2029.0,2844.0,1927.0,565.0,839.0,1000.0,1322.0,1864.0,1991.0,2112.0,2172.0,0.0,0.0,0.0,0.0,0.0,0.0,0.0,0.0,0.0,0.0,1213.0,664.0,469.0,771.0,535.0,1196.0,2039.0,2171.0,2322.0,2228.0,0.0,0.0,0.0,0.0,0.0,0.0,0.0,0.0,0.0,0.0,152.0,176.0,11003.0,10648.0,10524.0,10576.0,10129.0,9479.0,9710.0,8890.0,2416.5,2269.0,2117.0,2230.0,2439.0,2872.0,2995.0,3079.0,2874.0,3093.0,1420.0,826.5,491.0,751.0,791.0,1311.0,1832.0,2016.5,2242.5,2238.5,2550.0,1522.0,519.0,866.0,824.0,1457.0,2254.0,2468.0,2753.0,2712.0,1679.0,921.0,502.0,815.0,736.0,1398.0,2128.0,2317.0,2514.0,2611.0,1481.0,925.0,509.0,710.0,951.0,1360.0,1591.0,1812.0,1974.0,2069.0,"{""type"":""MultiPoint"",""coordinates"":[]}"
3981,5,1930.0,1425.0,575.5,800.5,1059.5,1287.0,1496.0,1635.5,1734.0,1856.0,3679.0,2873.0,1087.0,1488.0,1968.0,2348.0,2485.0,2670.0,2739.0,2912.0,3304.0,2412.0,957.0,1292.0,1646.0,2026.0,2281.0,2469.0,2695.0,2720.0,3550.5,2423.0,1365.5,1836.0,2099.5,2602.5,2993.0,3150.5,3308.5,3360.5,3067.0,2146.0,828.0,1234.0,1503.0,1965.0,2391.0,2609.0,2769.0,2857.0,4461.0,3342.0,1150.5,1677.5,1727.5,2498.5,4087.5,4558.5,4586.5,4830.0,3294.0,2844.0,2314.0,2368.0,2332.0,2849.0,3621.0,3934.0,3591.0,4020.0,3132.0,1538.0,413.0,735.0,375.0,1118.0,4532.0,5733.0,5597.0,5925.0,1450.0,635.5,196.5,317.5,146.5,492.5,2601.0,3553.5,3509.0,3653.5,2325.0,1041.0,491.0,695.0,329.0,970.0,4198.0,5643.0,5784.0,5901.0,2366.0,1029.0,278.0,461.0,218.0,750.0,4175.0,5774.0,5678.0,5997.0,2859.0,2084.0,779.0,1130.0,1528.0,1819.0,2119.0,2288.0,2524.0,2515.0,2209.0,912.0,315.0,571.0,239.0,962.0,4119.0,5454.0,5269.0,5803.0,3636.0,2394.0,2425.5,2547.0,2246.5,2970.0,4904.0,5552.5,5539.5,5833.5,2827.5,1604.5,589.5,1022.5,802.5,1774.5,3217.5,3730.5,3816.5,4275.0,3670.5,2781.5,743.5,921.0,1194.5,1580.0,1736.5,1962.5,2052.5,2361.5,4081.5,3100.5,866.5,1103.5,1463.0,1787.0,1998.0,2225.5,2250.0,2537.5,4371.5,3438.5,992.5,1250.5,1668.5,2002.5,2181.5,2367.0,2481.0,2635.5,3200.5,2613.5,964.0,1302.5,1730.5,2025.0,2141.0,2311.5,2452.0,2531.5,4559.0,3761.5,1411.5,1943.5,2208.0,2929.0,3135.0,3314.0,3317.0,3534.0,6075.5,5623.5,1943.5,2631.5,3167.5,3898.0,4109.5,4341.0,4358.5,4601.5,5811.0,5449.0,1866.0,2548.0,3122.5,3730.0,4005.5,4198.5,4280.5,4445.0,3862.0,3464.5,1984.5,2443.0,3004.5,3351.0,3334.5,3469.0,3204.5,3619.5,4503.0,3981.0,2565.5,2853.5,3129.5,3569.5,3910.5,4014.0,4184.0,4226.0,4055.0,3525.0,1089.0,1653.0,1961.0,2708.0,3743.0,4109.0,3677.5,4368.5,2220.0,1575.0,488.0,841.0,857.0,1482.0,2564.0,2849.0,3122.0,3051.0,3174.0,2473.0,792.0,1239.0,1174.0,2010.0,3717.0,4053.0,4297.0,4247.0,3348.5,2820.5,1705.0,1889.0,1938.5,2446.0,3082.5,3298.5,3228.5,3456.5,1893.0,1048.5,450.5,803.0,543.5,1391.0,3285.5,3669.0,3890.0,3909.0,3125.0,2638.0,2181.0,2277.0,2465.0,2614.0,2704.0,2754.0,2993.0,2888.0,101.0,99.0,5656.0,5828.0,5950.0,6251.0,5990.0,5590.0,5657.0,5191.0,1980.0,1246.0,616.0,973.0,1410.0,1625.0,1772.0,1927.0,2209.0,2189.0,2915.0,2159.0,934.5,1292.5,1725.5,1977.5,2102.5,2237.0,2515.5,2470.0,3680.0,2938.0,1090.0,1521.0,1961.0,2304.0,2455.0,2613.0,2852.0,2861.0,4227.0,3550.0,1326.0,1775.0,2223.0,2624.0,2794.0,2949.0,3198.0,3195.0,4631.0,3997.0,1447.0,2010.0,2591.0,2964.0,3112.0,3260.0,3525.0,3557.0,"{""type"":""MultiPoint"",""coordinates"":[]}"
3998,5,475.0,320.0,216.0,273.0,341.5,470.0,453.5,518.0,471.0,532.0,3781.0,3271.5,1211.5,1576.5,1867.0,2146.5,2429.0,2546.5,2653.0,2820.0,1335.5,745.5,466.0,648.5,724.0,1013.0,1350.5,1486.0,1517.5,1613.0,1887.5,1287.0,1283.0,1371.0,1381.5,1668.0,1929.5,2064.0,2054.0,2141.5,2561.0,1916.0,691.0,965.0,1094.0,1396.0,1725.0,1873.0,2014.0,2030.0,4106.0,3669.0,1455.0,1817.0,2173.0,2496.0,2710.0,2985.0,2970.0,3174.0,0.0,0.0,0.0,0.0,0.0,0.0,0.0,0.0,0.0,0.0,4451.0,3892.0,1758.0,2332.0,2716.0,3107.0,3313.0,3541.0,3652.0,3675.0,2264.0,1421.0,781.0,1103.0,1324.0,1582.0,1791.0,1950.0,2058.0,2051.0,4039.5,3324.0,1227.5,1744.0,2001.5,2501.0,2967.0,3262.0,3357.0,3455.5,3516.0,2750.0,1101.0,1513.0,1579.0,2141.0,3110.0,3597.0,3564.0,3725.0,516.0,344.0,139.0,244.0,350.0,530.0,558.0,570.0,532.0,617.0,3298.0,2344.0,882.0,1231.0,1193.0,1746.0,3207.0,3886.0,3757.0,4047.0,2975.0,2023.5,786.0,1083.5,1035.0,1529.5,3063.0,3803.5,3778.0,3936.0,2532.0,1636.0,740.0,980.0,915.0,1350.0,2769.0,3447.0,3382.0,3616.0,2073.0,1076.0,440.0,676.0,491.0,1042.0,2819.0,3399.0,3320.0,3673.0,2341.0,1393.0,475.0,792.0,635.0,1153.0,2838.0,3414.0,3573.0,3674.0,2128.5,1177.0,497.5,779.0,626.0,1183.0,2721.0,3233.0,3294.5,3478.5,2436.0,1705.5,657.0,994.5,1002.5,1613.5,2583.0,2966.0,2958.5,3293.5,3534.5,2719.5,2330.5,2534.5,2601.0,3213.0,3435.5,3446.5,3466.0,3524.0,3091.0,2280.0,577.0,791.0,940.0,1311.0,1710.0,1952.0,2175.0,2258.0,3469.5,2550.5,699.0,934.0,1219.5,1556.0,1885.0,2139.5,2400.0,2535.0,409.0,307.5,224.5,264.0,310.5,429.5,396.0,450.0,426.0,459.0,3345.0,2529.0,641.0,876.0,1157.0,1400.0,1667.0,1832.0,2177.0,2221.0,1620.0,901.0,435.0,567.0,796.0,1010.0,1219.0,1385.0,1593.0,1705.0,1992.0,1266.0,387.0,585.0,809.0,999.0,1161.5,1332.0,1469.5,1544.5,2209.5,1517.0,491.0,681.5,891.0,1099.0,1243.5,1384.5,1524.5,1640.0,2535.0,1930.0,2339.0,2357.0,2442.0,2743.0,2660.0,2735.0,2749.0,2793.0,1424.0,866.5,557.5,682.0,800.0,987.5,1153.5,1264.0,1392.5,1378.5,0.0,0.0,0.0,0.0,0.0,0.0,0.0,0.0,0.0,0.0,930.0,971.0,10330.0,9982.0,9932.0,9955.0,9589.0,9243.0,9750.0,8992.0,804.0,523.0,1750.0,1789.0,1831.5,1915.0,1954.0,2052.0,2145.5,2062.5,1661.0,1010.0,427.0,606.0,709.0,947.0,1065.0,1167.0,1247.0,1328.0,1768.0,1175.5,605.5,800.0,891.0,1149.5,1310.0,1397.5,1487.5,1524.5,1441.0,862.0,489.0,707.0,823.0,1048.0,1201.0,1310.0,1331.0,1430.0,2744.0,2180.0,812.0,1085.0,1282.0,1547.0,1771.0,1863.0,1957.0,2010.0,"{""type"":""MultiPoint"",""coordinates"":[]}"
4030,3,1721.5,1229.5,471.5,627.0,864.5,986.0,1053.5,1143.5,1276.5,1283.5,3721.5,3516.0,1081.0,1380.5,1772.5,1977.5,2040.0,2173.5,2274.0,2352.0,2202.5,1566.5,547.5,711.5,896.0,1143.0,1218.5,1324.5,1434.5,1476.0,3513.0,2878.5,2913.0,2828.5,2799.0,3121.5,3113.5,3128.0,3215.5,3225.0,5077.0,4787.0,1448.0,2008.0,2381.0,2873.0,3028.0,3174.0,3397.0,3394.0,2764.0,1946.0,956.5,1123.0,1147.0,1524.0,1862.0,1994.0,2066.5,2148.5,0.0,0.0,0.0,0.0,0.0,0.0,0.0,0.0,0.0,0.0,1179.0,620.5,361.5,550.5,351.5,772.0,1959.0,2429.5,2513.0,2500.5,1354.0,696.0,288.0,524.0,221.0,728.0,2683.0,3552.0,3390.0,3712.0,1237.5,555.5,258.0,460.5,152.0,669.0,2660.0,3686.0,3641.0,3712.5,2723.5,1910.0,1941.5,1980.5,1768.0,2195.0,3769.0,4861.0,4770.0,5044.5,1742.5,1475.0,901.5,861.5,938.0,1067.0,1190.5,1284.0,1415.0,1392.0,1019.0,428.0,274.0,393.0,177.0,582.0,2393.0,3707.0,3544.0,3843.0,1182.0,523.0,346.0,483.0,242.0,737.0,2637.0,3933.0,3976.0,4083.0,1923.5,1298.0,1104.5,1347.5,1075.5,1745.0,3301.5,4071.5,4078.0,4348.5,1435.0,731.0,518.0,902.0,746.0,1546.0,2898.0,3279.0,3259.0,3546.0,1704.0,989.0,567.0,952.0,1013.0,1739.0,2606.0,2976.0,3159.0,3279.0,1652.0,969.5,570.0,824.0,1076.5,1547.0,1894.5,2153.5,2217.5,2418.0,3129.0,2262.5,747.5,1034.0,1496.5,1823.0,1977.5,2187.5,2396.0,2498.0,4466.5,3955.5,2203.0,2507.0,2942.5,3440.0,3590.0,3798.0,3498.0,4042.0,4398.0,3175.0,1269.0,1652.0,2293.0,2629.0,2743.0,2931.0,3112.0,3236.0,771.0,993.0,262.0,251.0,295.0,268.0,303.0,369.0,392.0,392.0,2471.5,2231.5,853.5,1031.0,1225.5,1382.0,1443.5,1536.5,1726.0,1643.5,1904.0,1996.0,382.0,480.0,649.0,698.0,716.0,790.0,953.0,1001.0,947.0,661.0,261.0,318.0,487.0,540.0,545.0,648.0,789.0,776.0,1747.5,1372.5,346.5,497.0,734.0,851.0,877.5,965.5,1116.5,1154.0,2017.5,1697.5,472.5,652.5,878.5,1015.5,1086.0,1151.5,1271.0,1313.0,3380.0,2767.0,3253.0,3309.0,3388.0,3894.0,3747.0,3740.0,3747.0,3758.0,989.0,657.5,474.0,553.5,680.5,761.0,822.0,887.5,1006.0,1006.5,0.0,0.0,0.0,0.0,0.0,0.0,0.0,0.0,0.0,0.0,987.0,1103.0,10728.0,10372.0,10310.0,10396.0,10102.0,9702.0,10046.0,9329.0,1335.5,1024.0,398.5,594.0,835.0,997.0,1025.5,1105.0,1243.5,1233.5,2487.0,2015.0,595.0,818.0,1036.0,1202.0,1271.0,1354.0,1493.0,1500.0,2605.0,2126.0,727.0,930.5,1142.0,1360.5,1442.5,1544.0,1680.5,1702.5,2660.0,2105.0,654.0,897.0,1128.0,1378.0,1470.0,1557.0,1657.0,1705.0,5094.0,4931.0,1641.0,2144.0,2676.0,2985.0,3091.0,3197.0,3463.0,3396.0,"{""type"":""MultiPoint"",""coordinates"":[]}"
4060,3,2806.0,2073.0,790.0,1118.0,1507.0,1797.0,1935.0,2073.0,2299.0,2243.0,3742.5,2940.5,1051.5,1551.5,1867.0,2370.5,2584.0,2689.5,2823.0,2835.0,2644.5,1673.0,779.0,1232.0,1454.0,1943.5,2182.0,2338.5,2474.5,2468.0,612.0,597.5,1114.5,1516.5,1464.0,1622.5,966.5,980.5,884.0,789.5,2688.0,1610.0,820.0,1243.0,1446.0,1886.0,2085.0,2216.0,2415.0,2385.0,0.0,0.0,0.0,0.0,0.0,0.0,0.0,0.0,0.0,0.0,0.0,0.0,0.0,0.0,0.0,0.0,0.0,0.0,0.0,0.0,1177.5,879.5,688.0,1084.0,1112.0,1729.0,1829.5,1979.5,1845.0,1867.5,1926.0,1624.0,973.0,1357.0,1520.0,2077.0,2192.0,2397.0,2369.0,2203.0,586.0,363.5,446.0,662.5,560.0,947.5,1368.5,1675.5,1547.0,1509.0,2345.0,1686.5,1398.0,1505.5,1323.0,1776.5,3042.5,3576.0,3375.5,3646.5,3452.0,2817.0,1007.0,1313.0,1715.0,2010.0,2122.0,2286.0,2495.0,2491.0,1296.0,618.5,436.5,623.5,332.5,840.0,2462.0,3328.0,3150.5,3459.0,1273.0,591.0,418.0,536.0,313.0,707.0,2374.0,3685.0,3575.0,3770.0,1337.5,630.0,434.5,556.0,325.5,759.5,2502.5,3780.5,3559.0,3881.5,1240.0,595.0,318.0,491.0,250.0,744.0,2429.0,3523.0,3335.0,3719.0,1322.0,636.0,311.0,646.0,352.0,1065.0,2829.0,3681.0,3755.0,3922.0,1151.0,537.0,276.0,577.0,383.0,1097.0,2578.0,3171.0,3264.0,3400.0,1555.0,845.5,433.5,816.0,729.0,1538.5,2580.0,2974.5,3052.0,3246.5,2017.0,1256.5,540.0,862.5,897.5,1551.0,2201.0,2484.0,2445.0,2710.5,3852.0,3469.5,2257.5,2432.0,2707.0,3269.5,3476.0,3664.0,3319.5,3823.5,2775.0,1984.0,679.0,999.0,1306.0,1810.0,2116.0,2313.0,2453.0,2592.0,2486.5,2224.5,1408.0,1478.0,1673.5,1876.5,1941.5,2031.0,2083.5,2092.0,2298.0,1609.0,672.0,988.0,1263.5,1671.5,1928.5,2098.0,2302.0,2346.0,1959.0,1307.0,688.0,985.0,1425.0,1736.0,1864.0,2055.0,2207.0,2253.0,2127.5,1421.5,589.0,898.5,1369.5,1620.0,1739.5,1861.0,2105.0,2091.0,2621.0,1769.0,747.0,1079.0,1561.0,1873.0,1926.0,2121.0,2275.0,2336.0,0.0,0.0,0.0,0.0,0.0,0.0,0.0,0.0,0.0,0.0,2176.0,1508.0,750.0,963.0,1332.0,1530.0,1592.0,1746.0,1915.0,1943.0,0.0,0.0,0.0,0.0,0.0,0.0,0.0,0.0,0.0,0.0,923.0,1008.0,10608.0,10348.0,10328.0,10390.0,10091.0,9707.0,10078.0,9333.0,1443.5,1040.5,709.5,1086.5,1455.5,1825.5,1811.5,1902.0,1943.5,1919.0,3039.5,2202.5,741.5,1151.5,1498.0,1890.5,2017.0,2168.5,2394.0,2377.5,3021.5,2268.0,834.0,1200.5,1533.5,1885.5,2017.5,2171.5,2383.5,2387.0,2849.0,2071.0,725.0,1122.0,1553.0,1885.0,1949.0,2121.0,2232.0,2308.0,353.0,322.0,1048.0,1471.0,1619.0,1957.0,1469.0,1510.0,1405.0,1209.0,"{""type"":""MultiPoint"",""coordinates"":[]}"
4085,1,2172.0,1401.0,517.0,621.0,811.0,1010.0,1186.0,1337.0,1554.0,1595.0,2459.0,1809.0,1209.0,1194.0,1002.0,1101.0,1198.0,1357.0,1873.0,1614.0,1614.0,1067.0,575.5,735.5,887.0,1122.0,1236.0,1359.5,1481.0,1512.5,2664.5,1948.5,1245.5,1434.5,1732.0,2123.0,2477.0,2576.0,2447.0,2847.5,4552.0,3848.0,1048.0,1450.0,1655.0,2331.0,3053.0,3338.0,3626.0,3663.0,4586.0,3581.0,1041.0,1356.0,1403.0,1967.0,3325.0,3777.0,4024.0,4195.0,0.0,0.0,0.0,0.0,0.0,0.0,0.0,0.0,0.0,0.0,1838.0,761.0,285.0,486.0,257.0,587.0,3369.0,5155.0,5109.0,5419.0,1817.0,794.0,215.0,457.0,269.0,608.0,3149.0,4963.0,5127.0,5361.0,1749.0,722.5,405.0,554.0,325.0,658.0,2850.0,4468.5,4588.5,4756.5,3722.5,2809.0,2738.0,3001.0,2979.5,3506.5,4955.5,5999.0,5722.5,6183.5,2696.0,1996.0,531.0,730.0,969.0,1179.0,1400.0,1497.0,1765.0,1756.0,1820.0,759.0,402.0,561.0,335.0,701.0,2871.0,4589.0,4500.0,4882.0,1768.0,776.0,477.0,651.0,419.0,848.0,2892.0,4125.0,4197.0,4343.0,2065.5,1107.0,418.5,672.0,642.0,1132.0,2229.0,2699.0,2786.5,3119.5,2266.0,1612.0,476.0,621.0,721.0,1036.0,1297.0,1426.0,1478.0,1698.0,2631.0,2058.0,412.5,526.5,725.5,945.0,1099.0,1273.5,1357.0,1492.0,4986.5,3621.0,1144.5,1504.5,2216.5,2621.0,2865.5,3155.0,3251.0,3579.5,4616.0,3604.0,954.0,1260.0,1750.0,2130.0,2361.0,2528.0,2669.0,2897.0,4403.5,3693.0,3207.5,3409.0,3559.5,4042.0,4175.5,4210.0,4163.0,4330.5,3872.5,2863.5,786.5,1052.0,1391.5,1741.5,2008.0,2203.0,2453.5,2534.0,3146.5,2210.0,664.0,936.0,1174.5,1570.5,1906.5,2107.5,2301.0,2388.0,2091.0,1663.5,477.0,600.5,768.0,939.0,1066.5,1195.5,1366.0,1350.0,3845.0,2777.0,766.0,1031.0,1420.0,1805.0,2027.0,2201.0,2502.0,2579.0,2689.0,1667.0,788.0,973.0,1444.0,1727.0,1848.0,2036.0,2311.0,2405.0,2667.0,1797.0,611.5,862.5,1303.5,1547.0,1676.0,1862.5,2141.0,2182.0,2849.5,2007.0,608.5,845.5,1252.0,1495.0,1611.0,1763.5,2012.0,2079.5,0.0,0.0,0.0,0.0,0.0,0.0,0.0,0.0,0.0,0.0,1839.5,1158.5,595.0,734.0,1036.0,1255.5,1422.5,1539.5,1823.5,1853.0,4184.0,3936.0,3737.0,3626.0,3695.0,3843.0,3849.0,3839.0,4153.0,3942.0,901.0,1004.0,9486.0,9550.0,9680.0,9947.0,9685.0,9316.0,9712.0,8995.0,1347.0,789.0,597.0,708.0,872.0,1132.0,1363.0,1523.0,1635.0,1727.0,3374.0,2641.0,671.0,860.0,1083.0,1455.0,1783.0,1995.0,2216.0,2228.0,2027.0,1356.0,585.0,721.0,950.0,1107.0,1226.0,1362.0,1570.0,1596.0,2338.0,1691.0,665.0,812.0,1036.0,1248.0,1394.0,1546.0,1738.0,1775.0,4181.0,4135.0,1012.0,1198.0,1532.0,1796.0,1872.0,2075.0,2219.0,2401.0,"{""type"":""MultiPoint"",""coordinates"":[]}"
4097,5,1768.0,1231.0,632.0,835.0,1148.0,1346.0,1448.0,1510.0,1831.0,1803.0,4649.0,4275.0,2079.5,2334.5,2806.5,3163.5,3295.0,3438.0,3674.5,3649.0,2695.0,1902.0,828.0,1081.0,1518.0,1766.0,1882.0,2053.0,2276.0,2334.0,3362.0,2618.0,1427.0,1859.0,2267.0,2717.0,2721.0,2883.0,2969.0,3253.0,3362.5,2635.5,957.0,1290.0,1796.5,2052.0,2196.0,2365.0,2610.5,2631.5,5502.5,5073.5,2133.5,2668.5,3175.0,3726.5,3960.5,4208.5,4441.5,4529.0,0.0,0.0,0.0,0.0,0.0,0.0,0.0,0.0,0.0,0.0,6577.5,5899.0,2222.0,2850.5,3375.5,4181.5,4634.5,4936.5,5034.5,5331.5,5973.0,5082.0,2136.0,2779.5,3203.0,3941.0,4889.0,5388.0,5189.0,5615.0,5064.0,4158.0,1462.0,1947.0,2147.0,2834.0,4506.0,5192.0,5199.0,5565.0,4403.0,3075.0,2828.5,2969.5,2849.0,3428.5,4918.0,5508.5,5544.5,5677.0,2731.0,1992.0,724.0,946.0,1335.0,1499.0,1599.0,1772.0,2004.0,2046.0,2565.5,1285.0,442.0,712.0,454.5,1044.0,3895.0,5149.5,4962.5,5409.5,2141.0,1025.0,489.0,616.5,379.5,826.0,3597.0,5100.5,5149.0,5353.5,2056.0,933.0,348.0,505.0,283.0,723.0,3607.0,5115.0,5124.0,5338.0,2515.0,1084.0,433.5,647.0,357.0,939.5,4538.5,5729.5,5728.0,5866.5,2047.5,924.5,330.0,581.5,298.0,918.5,3769.0,4818.5,5006.0,5110.0,1291.5,614.0,291.0,515.5,297.5,844.5,2354.0,2881.5,2888.0,3103.5,2947.5,2045.0,548.5,908.5,1025.0,1588.0,1921.5,2144.0,2392.5,2501.0,4186.5,3755.0,2348.0,2493.5,2744.0,3158.5,3196.5,3283.0,3252.0,3491.5,3354.0,2312.0,799.0,1094.0,1566.0,1794.0,1975.0,2127.0,2324.0,2178.0,3503.0,2870.0,1020.0,1363.0,1905.0,2205.0,2274.0,2474.0,2649.0,2714.0,3814.0,3335.0,2658.0,2710.5,2823.0,3109.5,3125.0,3291.5,3486.5,3441.5,4101.5,3518.0,1387.0,1827.0,2410.5,2744.5,2837.5,3020.0,3263.0,3275.0,2780.0,2459.0,1068.5,1352.0,1738.0,1973.5,2027.5,2152.0,2394.5,2351.0,4057.5,3455.0,1306.5,1798.0,2418.0,2742.5,2876.5,3059.5,3399.5,3321.0,4232.5,3649.0,1320.0,1861.0,2420.5,2832.5,2986.0,3121.0,3358.5,3432.0,2618.0,2285.0,2686.0,2430.0,2317.0,2536.0,2391.0,2445.0,3173.0,2518.0,3267.0,2612.0,1023.0,1412.0,1881.0,2195.0,2367.0,2521.0,2783.0,2762.0,0.0,0.0,0.0,0.0,0.0,0.0,0.0,0.0,0.0,0.0,590.0,653.0,10716.0,10414.0,10278.0,10309.0,9943.0,9439.0,9782.0,8940.0,198.0,167.0,6841.0,7028.0,7300.0,7728.0,7111.0,6956.0,7068.0,6625.0,2104.5,1499.0,605.0,849.5,1200.5,1455.5,1554.0,1672.5,1848.0,1904.0,3186.0,2620.5,988.5,1284.0,1727.5,1932.5,2065.5,2226.5,2477.5,2432.5,2604.0,1890.0,698.0,959.0,1417.0,1632.0,1764.0,1889.0,2125.0,2140.0,2599.0,1954.0,858.0,1095.0,1546.0,1817.0,1931.0,2151.0,2250.0,2419.0,"{""type"":""MultiPoint"",""coordinates"":[]}"
4125,3,2604.0,1805.0,1016.0,1273.0,1721.0,1974.0,2091.0,2197.0,2482.0,2410.0,3200.0,3000.0,903.0,1139.0,1423.0,1644.0,1738.0,1825.0,1872.0,2035.0,1078.5,645.5,416.0,499.0,641.5,784.5,829.0,904.0,982.5,1074.0,987.0,584.0,462.0,556.0,676.0,846.0,923.0,967.0,1061.0,1111.0,3654.0,3380.0,1074.0,1360.0,1663.0,1909.0,2073.0,2215.0,2337.0,2403.0,4748.0,4350.0,1438.0,1742.0,1906.0,2408.0,2777.0,3047.0,3065.0,3275.0,0.0,0.0,0.0,0.0,0.0,0.0,0.0,0.0,0.0,0.0,3473.0,2789.0,1115.0,1306.5,1367.0,1807.0,2277.5,2510.5,2568.5,2679.0,764.0,419.0,293.5,455.5,348.0,600.5,1171.0,1369.5,1407.0,1396.0,1930.0,945.5,379.0,634.5,285.5,862.0,3205.0,4317.0,4279.0,4381.5,2140.0,1000.0,607.0,861.0,509.0,1096.0,3574.0,5074.0,4989.0,5177.0,2880.0,2071.0,1216.5,1449.0,1796.0,2015.0,2117.5,2228.0,2515.0,2497.0,1875.0,821.0,377.0,649.0,278.0,943.0,3466.0,4951.0,4750.0,5205.0,1640.0,730.0,353.0,577.0,278.0,773.0,3209.0,4934.0,4937.0,5112.0,1616.0,751.0,471.0,756.0,387.0,1144.0,3449.0,4804.0,4835.0,5149.0,1736.0,856.0,436.0,826.0,500.0,1346.0,3547.0,4457.0,4380.0,4760.0,1758.0,902.0,486.0,991.0,652.0,1604.0,3451.0,4120.0,4232.0,4414.0,1808.5,1012.5,669.5,1125.0,1012.5,1930.0,2901.0,3318.5,3342.5,3654.5,2057.0,1243.0,580.0,1017.0,1025.0,1752.0,2580.0,2829.0,3145.0,3202.0,3043.0,2498.5,1533.0,1578.5,1718.0,2193.5,2530.5,2689.0,2701.0,2988.0,3026.0,2043.5,654.0,929.5,1248.0,1575.0,1943.5,2129.5,2276.0,2407.0,3043.0,2010.0,648.0,899.0,1197.0,1567.0,1900.0,2099.0,2240.0,2380.0,1421.0,997.5,863.5,921.0,1027.0,1134.0,1160.5,1206.5,1398.0,1295.5,2948.0,2025.0,681.0,922.0,1231.0,1563.0,1877.0,2102.0,2351.0,2377.0,2125.0,1351.0,619.0,823.0,1186.0,1560.0,1732.0,1922.0,2193.0,2241.0,2410.5,1545.5,571.5,845.5,1246.5,1522.0,1710.0,1879.5,2103.5,2156.5,2632.5,1706.0,670.0,943.5,1382.0,1645.5,1777.0,1941.5,2144.0,2224.0,0.0,0.0,0.0,0.0,0.0,0.0,0.0,0.0,0.0,0.0,2565.5,1913.5,1204.0,1365.0,1675.5,1860.5,1970.5,2080.5,2305.0,2272.0,0.0,0.0,0.0,0.0,0.0,0.0,0.0,0.0,0.0,0.0,1749.0,1436.0,5627.0,5688.0,5870.0,6377.0,5977.0,5942.0,6376.0,5918.0,2461.0,1688.0,1289.0,1633.0,2124.5,2430.0,2497.5,2609.5,2807.5,2893.5,2610.0,1867.0,1067.0,1321.0,1719.0,1998.0,2067.0,2179.0,2422.0,2436.0,2538.5,1809.5,1056.5,1261.0,1565.5,1797.5,1925.0,2043.0,2205.0,2213.0,2347.0,1700.0,927.0,1160.0,1476.0,1708.0,1814.0,1933.0,2101.0,2099.0,2947.0,2092.0,1029.0,1286.0,1612.0,1885.0,2003.0,2159.0,2292.0,2337.0,"{""type"":""MultiPoint"",""coordinates"":[]}"
4148,3,2302.0,1657.5,698.5,969.0,1265.5,1591.5,1837.0,1955.5,2113.0,2111.5,4810.0,4317.0,1865.0,2506.0,3151.0,3523.0,3360.0,3367.0,4113.0,3592.0,1803.5,1207.0,725.0,1036.0,1401.5,1653.0,1673.0,1811.0,1901.0,1895.0,2712.0,1960.0,797.0,1122.0,1491.0,1755.0,1899.0,2037.0,2244.0,2199.0,5466.0,5168.0,1816.0,2480.0,3146.0,3626.0,3768.0,3885.0,4164.0,4160.0,5365.0,4782.5,1660.0,2225.0,2765.0,3272.5,3606.0,3797.0,3993.0,4085.0,0.0,0.0,0.0,0.0,0.0,0.0,0.0,0.0,0.0,0.0,3372.5,2689.0,1365.0,1611.5,1574.5,2055.5,2742.0,3064.0,3454.5,3249.5,3397.0,2251.0,1169.0,1783.0,1977.0,2581.0,3420.0,3874.0,4142.0,3679.0,1431.5,824.5,638.5,903.0,753.5,1310.0,2493.5,2982.0,2862.5,2963.5,2357.0,1085.0,622.0,834.0,456.0,1089.0,3792.0,5072.0,4780.0,5272.0,2891.0,2200.0,779.0,1149.0,1470.0,1814.0,2031.0,2158.0,2423.0,2375.0,2018.0,885.0,342.0,639.0,237.0,909.0,3442.0,4929.0,4699.0,5155.0,1894.5,898.5,419.0,647.5,319.5,902.0,3545.5,5511.0,5493.0,5648.0,1939.0,875.0,500.0,858.0,396.0,1277.0,4035.0,5612.0,5601.0,5897.0,2037.0,1014.0,497.0,973.0,537.0,1594.0,4096.0,5208.0,5142.0,5612.0,2172.0,1147.0,561.0,1068.0,749.0,1905.0,3973.0,4866.0,4903.0,5250.0,2661.0,1513.0,850.0,1306.5,1265.0,2456.0,3863.5,4403.5,4490.5,4929.0,2640.0,1661.0,718.0,1192.0,1372.0,2132.0,2894.0,3182.0,3390.0,3550.0,2991.0,2167.0,840.0,1135.0,1604.0,1904.0,2014.0,2172.0,2265.0,2416.0,4185.0,2985.0,990.0,1324.0,1823.0,2131.0,2308.0,2531.0,2688.0,2766.0,4113.0,2991.0,951.0,1299.0,1771.0,2159.0,2322.0,2522.0,2703.0,2825.0,3682.5,3155.0,1233.5,1672.5,2069.0,2486.5,2770.0,2901.0,3197.0,3114.0,4081.0,2967.0,1082.0,1378.0,1854.0,2144.0,2360.0,2513.5,2855.0,2823.5,1779.0,1097.0,709.0,933.0,1425.0,1712.0,1872.0,2063.0,2269.0,2305.0,2238.5,1380.0,632.5,926.5,1382.0,1660.0,1790.5,1959.0,2175.0,2243.0,2684.0,1902.0,907.0,1207.0,1667.0,1931.0,1916.0,2128.0,2199.0,2261.0,0.0,0.0,0.0,0.0,0.0,0.0,0.0,0.0,0.0,0.0,1188.5,705.0,675.0,842.5,1200.0,1459.5,1492.5,1629.0,1825.5,1891.5,0.0,0.0,0.0,0.0,0.0,0.0,0.0,0.0,0.0,0.0,922.0,1023.0,10792.0,10420.0,10388.0,10500.0,10104.0,9745.0,10052.0,9389.0,1339.0,960.0,1621.5,1834.5,2076.5,2409.0,2555.5,2606.5,2668.0,2605.0,2951.0,2249.0,649.0,997.0,1243.0,1657.0,2127.0,2375.0,2531.0,2572.0,3852.5,3208.5,1220.0,1707.0,2032.5,2546.0,3051.0,3208.0,3538.0,3500.0,2952.0,2239.0,862.0,1385.0,1682.0,2248.0,2510.0,2693.0,2928.0,2911.0,5416.0,5070.0,1859.0,2535.0,3190.0,3639.0,3828.0,3998.0,4319.0,4264.0,"{""type"":""MultiPoint"",""coordinates"":[]}"
4153,1,2610.0,1871.0,740.5,886.5,1177.0,1406.0,1512.5,1622.5,1752.0,1832.5,4073.5,3765.0,1096.5,1482.0,1956.5,2208.0,2319.0,2474.5,2593.5,2682.0,2540.5,1806.5,632.0,856.5,1184.5,1437.0,1565.0,1640.5,1726.5,1890.0,2986.0,2226.0,864.0,1126.0,1486.0,1769.0,1925.0,2119.0,2205.0,2316.0,4813.0,4283.0,1486.0,2025.0,2527.0,2941.0,3228.0,3382.0,3708.0,3692.0,3386.5,2664.0,939.0,1303.5,1347.5,1795.5,2906.0,3311.5,3335.0,3469.5,0.0,0.0,0.0,0.0,0.0,0.0,0.0,0.0,0.0,0.0,2097.0,1058.0,593.0,764.0,602.0,1101.0,3535.0,5353.0,5201.0,5494.0,1698.0,754.0,186.0,419.0,218.0,697.0,3185.0,4695.0,4833.0,5056.0,1752.0,763.0,258.0,440.0,239.5,631.0,3182.5,4900.5,4947.5,5168.5,2004.0,830.0,596.0,694.0,427.0,865.0,3734.0,5694.0,5575.0,6008.0,2507.5,1998.5,790.5,915.5,1132.5,1320.0,1409.0,1550.0,1584.0,1772.5,1743.0,740.0,358.0,505.0,311.0,671.0,2981.0,4715.0,4611.0,5037.0,1898.0,857.0,446.0,635.0,400.0,861.0,3111.0,4755.0,4890.0,5049.0,1996.0,929.0,541.0,766.0,512.0,1089.0,3245.0,4383.0,4265.0,4459.0,2214.0,1337.0,391.0,653.0,698.0,1194.0,2159.0,2729.0,2459.0,2967.0,2479.0,1655.0,427.0,595.0,784.0,1103.0,1456.0,1641.0,1786.0,1991.0,3716.0,2515.0,756.0,1029.5,1450.5,1782.5,2054.5,2391.5,2420.0,2746.0,3825.0,2797.0,829.5,1112.5,1623.5,1852.5,2135.0,2344.0,2533.0,2669.0,3163.0,2158.0,1033.5,1140.5,1365.0,1647.5,2015.0,2162.0,2226.0,2404.0,3482.5,2388.5,659.5,940.5,1167.0,1574.0,2161.5,2405.5,2537.5,2691.0,3306.0,2067.0,600.0,938.0,1066.0,1531.0,2209.0,2480.0,2633.0,2748.0,3187.0,2458.5,881.0,1063.5,1345.5,1568.5,1694.5,1799.0,1985.5,2035.0,3182.5,2423.5,668.5,932.5,1261.5,1555.5,1910.5,2074.0,2357.0,2363.5,2507.0,1766.0,761.0,990.0,1449.0,1652.0,1786.0,1941.0,2177.0,2189.0,2863.0,2060.0,737.5,1037.0,1518.5,1727.5,1867.0,2006.5,2265.0,2336.5,3582.0,2855.0,951.0,1325.0,1852.0,2126.0,2195.0,2366.0,2566.0,2646.0,3365.0,2883.0,3144.0,3155.0,3202.0,3542.0,3457.0,3566.0,3520.0,3643.0,2487.5,1762.0,838.5,1040.0,1427.5,1631.0,1750.5,1911.0,2103.0,2123.5,0.0,0.0,0.0,0.0,0.0,0.0,0.0,0.0,0.0,0.0,997.0,1093.0,10722.0,10370.0,10270.0,10492.0,10293.0,9756.0,10114.0,9363.0,2135.0,1551.5,1542.5,1693.5,1981.0,2702.0,2631.5,2647.5,2420.5,2522.5,3397.0,2678.5,975.0,1203.5,1509.0,1768.0,1879.5,2030.0,2196.5,2244.0,3457.0,2724.5,950.0,1186.0,1469.0,1745.0,1868.5,2017.5,2214.0,2249.5,3361.0,2538.0,809.0,1089.0,1375.0,1702.0,1808.0,1968.0,2175.0,2259.0,3932.0,3222.0,1119.0,1371.0,1723.0,2056.0,2258.0,2361.0,2516.0,2702.0,"{""type"":""MultiPoint"",""coordinates"":[]}"
4158,5,2598.5,1811.5,696.0,809.5,1032.0,1241.0,1458.0,1580.5,1783.5,1789.5,3473.5,3069.0,956.5,1166.5,1470.0,1674.5,1780.5,1926.5,2069.5,2122.0,2146.5,1511.0,595.5,702.0,922.5,1078.0,1149.5,1271.5,1401.5,1461.5,2473.5,1756.5,751.5,853.0,1066.5,1253.0,1383.5,1517.0,1687.0,1705.0,0.0,0.0,0.0,0.0,0.0,0.0,0.0,0.0,0.0,0.0,3827.5,3403.0,1113.0,1359.5,1616.5,1937.0,2243.0,2435.5,2494.5,2632.0,0.0,0.0,0.0,0.0,0.0,0.0,0.0,0.0,0.0,0.0,0.0,0.0,0.0,0.0,0.0,0.0,0.0,0.0,0.0,0.0,0.0,0.0,0.0,0.0,0.0,0.0,0.0,0.0,0.0,0.0,2948.0,1655.0,972.0,1134.0,809.5,1413.5,3989.5,4826.0,4887.5,5153.0,2577.5,1286.0,1190.5,1219.0,830.5,1343.5,4339.5,5595.0,5427.0,5771.5,3186.5,2625.5,808.0,942.0,1203.0,1405.5,1619.5,1753.0,1922.5,1980.5,447.5,177.0,204.0,230.5,105.0,246.5,1252.5,1843.5,1588.5,1695.0,1999.0,842.5,364.5,519.0,304.0,739.5,3725.0,5305.5,5318.5,5632.0,0.0,0.0,0.0,0.0,0.0,0.0,0.0,0.0,0.0,0.0,1967.5,845.5,325.0,506.0,282.5,767.5,3462.5,4626.0,4486.0,4916.5,1889.5,900.0,317.5,606.5,345.0,1015.5,3199.5,3946.5,4092.5,4233.5,0.0,0.0,0.0,0.0,0.0,0.0,0.0,0.0,0.0,0.0,3347.5,2487.5,693.0,920.5,1378.5,1647.5,1787.0,1979.0,2146.5,2336.0,4481.0,3485.5,2029.0,2201.0,2422.5,2736.5,2907.5,3065.5,3048.5,3334.5,3500.5,2763.0,816.5,998.5,1298.5,1539.0,1756.0,1878.0,2050.5,2111.5,2504.5,1880.0,680.0,824.5,980.5,1222.5,1483.0,1616.5,1671.5,1778.5,0.0,0.0,0.0,0.0,0.0,0.0,0.0,0.0,0.0,0.0,3400.0,2535.0,830.0,1015.0,1280.0,1548.0,1752.0,1915.0,2075.0,2160.5,0.0,0.0,0.0,0.0,0.0,0.0,0.0,0.0,0.0,0.0,2510.5,1590.0,577.0,795.0,986.5,1323.5,1783.0,1912.0,2097.0,2153.0,2789.5,1876.5,695.5,899.5,1125.0,1444.0,1876.5,2001.5,2186.5,2241.0,0.0,0.0,0.0,0.0,0.0,0.0,0.0,0.0,0.0,0.0,2627.5,1865.5,697.0,921.0,958.0,1413.0,2130.5,2308.0,2508.0,2467.5,0.0,0.0,0.0,0.0,0.0,0.0,0.0,0.0,0.0,0.0,936.0,1032.5,10975.0,10575.5,10464.5,10594.5,10255.5,9870.0,10267.0,9476.5,756.5,518.0,468.0,424.0,447.5,494.0,562.0,598.5,631.5,670.5,2899.0,2285.5,687.0,857.0,1081.5,1347.0,1554.0,1724.5,1901.5,1944.5,2810.0,2138.5,706.5,889.0,1084.5,1321.5,1537.0,1632.5,1827.5,1858.0,2456.5,1733.5,561.0,725.0,944.5,1188.5,1355.5,1500.0,1673.0,1731.5,3640.0,3164.5,1053.0,1254.5,1565.0,1856.5,1946.0,2098.0,2277.0,2300.5,"{""type"":""MultiPoint"",""coordinates"":[]}"
4159,5,1948.5,1368.5,527.0,658.5,832.0,1025.0,1129.5,1234.0,1449.5,1425.5,4445.5,4048.0,1216.5,1526.0,1920.5,2188.5,2326.0,2475.5,2692.5,2722.5,2590.5,1835.0,703.0,881.5,1119.0,1321.5,1463.0,1581.0,1757.0,1804.0,448.0,309.0,263.5,235.5,221.5,259.5,265.5,289.0,311.0,296.5,0.0,0.0,0.0,0.0,0.0,0.0,0.0,0.0,0.0,0.0,4369.0,3740.5,1155.0,1511.5,1774.5,2182.5,2640.5,2832.0,3066.0,3131.0,0.0,0.0,0.0,0.0,0.0,0.0,0.0,0.0,0.0,0.0,0.0,0.0,0.0,0.0,0.0,0.0,0.0,0.0,0.0,0.0,0.0,0.0,0.0,0.0,0.0,0.0,0.0,0.0,0.0,0.0,3380.0,2326.5,2058.5,2104.5,1891.5,2325.0,3954.0,4632.5,4552.0,4850.0,2395.0,1148.0,388.0,563.0,334.0,854.0,3562.0,4886.0,4931.0,5064.0,3601.5,3022.0,911.5,1092.0,1369.0,1625.5,1761.5,1893.0,2123.5,2082.0,2479.5,1167.5,427.0,548.5,358.5,827.5,3754.5,5476.0,5428.5,5789.5,2222.0,955.5,397.5,514.0,293.0,726.0,3647.0,5081.5,5262.0,5346.0,0.0,0.0,0.0,0.0,0.0,0.0,0.0,0.0,0.0,0.0,2187.0,956.5,353.0,532.5,283.5,794.0,3391.5,4590.0,4526.5,4842.0,2098.5,995.0,304.0,569.5,317.5,945.5,3111.5,3815.5,4073.5,4206.5,0.0,0.0,0.0,0.0,0.0,0.0,0.0,0.0,0.0,0.0,3157.5,2313.5,498.5,686.5,886.0,1239.0,1505.5,1730.0,1954.5,2098.0,732.5,577.0,467.0,478.5,497.0,574.5,584.0,610.0,534.5,647.5,2878.5,2570.5,685.0,919.5,1217.5,1387.5,1451.0,1544.5,1724.5,1743.5,3937.5,3623.5,1065.0,1383.5,1773.0,2024.5,2106.0,2256.5,2401.5,2476.0,0.0,0.0,0.0,0.0,0.0,0.0,0.0,0.0,0.0,0.0,2457.5,2199.5,502.5,698.0,938.5,1085.0,1152.0,1238.0,1361.0,1409.5,0.0,0.0,0.0,0.0,0.0,0.0,0.0,0.0,0.0,0.0,1753.0,1266.0,355.0,513.0,731.0,837.5,903.0,1001.0,1115.0,1167.5,2494.0,2082.0,702.5,932.5,1201.0,1382.5,1486.0,1559.5,1694.0,1775.0,0.0,0.0,0.0,0.0,0.0,0.0,0.0,0.0,0.0,0.0,2360.5,1843.0,636.5,834.0,1105.0,1243.0,1298.0,1429.0,1566.0,1575.5,0.0,0.0,0.0,0.0,0.0,0.0,0.0,0.0,0.0,0.0,968.5,1056.0,10769.0,10422.5,10333.0,10415.0,10169.5,9783.0,10180.0,9406.0,2085.5,1774.5,2016.5,1674.5,1531.0,1731.0,1711.5,1769.0,2114.5,1870.5,3330.5,2687.0,786.5,1014.5,1256.5,1538.5,1655.5,1787.0,2019.0,2030.0,3329.0,2667.5,844.5,1079.0,1336.0,1574.0,1711.5,1835.5,2064.5,2046.5,2531.5,1786.0,628.0,802.0,1059.5,1296.0,1393.5,1494.5,1746.0,1735.5,2991.0,2764.5,1182.5,1149.0,1288.5,1518.5,1608.0,1777.0,1889.5,1984.5,"{""type"":""MultiPoint"",""coordinates"":[]}"
4165,5,2414.5,1576.5,550.5,776.5,936.0,1280.0,1772.5,1921.0,2156.0,2178.0,4107.0,3347.0,978.0,1288.0,1584.0,2014.0,2233.0,2425.0,2516.0,2674.0,3290.0,2444.0,837.0,1064.0,1259.0,1641.0,1818.0,1988.0,2184.0,2220.0,3446.0,2612.0,950.0,1247.0,1361.0,1768.0,2068.0,2203.0,2280.0,2415.0,3893.0,3009.5,894.0,1233.0,1378.5,1828.0,2145.5,2373.5,2543.5,2626.0,5065.0,3940.0,1327.0,1666.0,1792.0,2485.0,3064.0,3422.0,3496.0,3714.0,0.0,0.0,0.0,0.0,0.0,0.0,0.0,0.0,0.0,0.0,6116.0,5747.0,2231.0,3077.0,3704.0,4315.0,4362.0,4540.0,4576.0,4757.0,5510.0,5123.0,1946.0,2670.0,3229.0,3766.0,4088.0,4249.0,4326.0,4444.0,5777.5,5044.5,1874.5,2717.0,3218.5,3933.5,4542.5,4764.0,4771.0,4995.5,3772.0,2763.5,1281.0,1719.5,1791.5,2467.5,3564.5,3974.0,3923.5,4210.0,2840.0,2011.0,643.0,886.0,1047.0,1455.0,1946.0,2148.0,2311.0,2359.0,3863.0,2476.0,715.0,1133.0,1030.0,1774.0,4121.0,4929.0,4927.0,5282.0,2380.0,1257.0,563.0,754.0,520.0,1059.0,3423.0,4380.0,4334.0,4525.0,2145.0,1037.0,458.0,465.0,280.0,754.0,3333.0,4389.0,4088.0,4611.0,2938.0,2025.0,995.0,1348.0,1378.0,1872.0,3679.0,4697.0,4483.0,4898.0,2047.0,988.0,241.0,469.0,306.0,803.5,3096.5,3968.0,3984.0,4212.5,1169.0,557.5,238.5,375.0,215.5,567.0,1899.5,2374.0,2358.0,2517.0,2046.0,1086.0,398.0,762.5,523.5,1337.0,2576.0,2930.0,3101.5,3261.5,3007.0,2156.0,571.0,760.0,975.0,1272.0,1461.0,1609.0,1721.0,1893.0,3238.5,2421.5,632.5,825.5,1044.5,1338.0,1485.5,1660.5,1833.5,1940.5,2571.0,1694.0,688.0,883.0,1086.0,1367.0,1593.0,1740.0,1803.0,1954.5,1816.0,1251.0,535.0,651.5,721.5,1013.5,1412.0,1530.0,1678.5,1678.5,3069.0,2198.0,814.0,1019.0,1243.0,1534.0,1821.0,1956.0,2185.0,2171.0,2989.0,2144.0,811.0,1060.0,1214.0,1590.0,2050.0,2190.0,2331.0,2385.0,2539.5,1592.5,622.0,907.5,1002.5,1450.0,2074.0,2211.5,2478.0,2415.5,2522.5,1599.5,613.0,920.5,963.0,1519.0,2248.5,2360.0,2564.5,2599.0,0.0,0.0,0.0,0.0,0.0,0.0,0.0,0.0,0.0,0.0,2349.0,1440.0,620.0,952.0,841.0,1542.0,2516.0,2789.0,2970.0,2931.0,0.0,0.0,0.0,0.0,0.0,0.0,0.0,0.0,0.0,0.0,673.0,715.0,10342.0,10198.0,10260.0,10285.0,9961.0,9503.0,9824.0,9097.0,1946.5,1694.0,3862.5,3858.0,3864.0,4244.5,4234.5,4150.5,4353.5,4099.0,2562.0,1692.0,579.0,843.0,946.0,1401.0,1951.0,2141.0,2345.0,2346.0,2916.0,2004.5,768.0,1094.5,1131.5,1749.0,2456.5,2644.5,2873.5,2844.0,2796.0,1855.0,654.0,1002.0,1131.0,1702.0,2161.0,2299.0,2467.0,2515.0,3146.0,2128.0,810.0,1156.0,1424.0,1832.0,2111.0,2263.0,2428.0,2488.0,"{""type"":""MultiPoint"",""coordinates"":[]}"
4174,5,684.0,405.0,433.0,496.0,693.0,899.0,988.0,1131.0,1312.0,1281.0,4676.0,3740.0,1199.5,1590.0,2016.0,2415.0,2597.5,2837.0,3092.5,3197.0,1602.0,871.5,531.5,745.5,1006.5,1334.5,1525.5,1734.5,1959.0,2046.5,2377.0,1396.0,1219.0,1538.0,1625.0,1863.0,1962.0,2075.0,2435.0,2353.0,3461.0,2503.0,920.0,1248.0,1607.0,2040.0,2322.0,2506.0,2740.0,2870.0,0.0,0.0,0.0,0.0,0.0,0.0,0.0,0.0,0.0,0.0,0.0,0.0,0.0,0.0,0.0,0.0,0.0,0.0,0.0,0.0,5715.5,4980.0,2156.5,2604.5,3194.0,3681.0,3837.5,4076.0,4396.5,4408.0,5847.0,5409.0,2105.0,2501.0,3053.0,3548.0,3878.0,4215.0,4244.0,4508.0,5394.0,4769.0,1604.0,2036.0,2464.0,3002.0,3650.0,3961.0,4015.0,4311.0,2679.5,1794.0,865.5,1109.5,921.0,1471.5,2597.5,2959.5,3040.5,3162.5,1758.0,1238.0,621.0,744.0,1026.0,1271.0,1358.0,1479.0,1689.0,1737.0,3043.0,1501.0,362.0,757.0,319.0,1242.0,4321.0,5479.0,5326.0,5675.0,2712.0,1226.5,417.5,661.0,328.0,987.5,4617.5,6240.5,6229.5,6493.0,2543.0,1137.0,442.0,585.0,305.0,828.0,4191.0,5979.0,5880.0,6494.0,2269.0,1011.0,240.0,407.0,187.0,658.0,3969.0,5791.0,5703.0,6146.0,2173.0,954.0,156.0,402.0,172.0,664.0,3913.0,5605.0,5770.0,5824.0,2066.0,890.0,144.0,382.0,143.0,719.0,4088.0,5516.0,5632.0,5807.0,2360.0,1106.5,273.5,599.5,274.0,1069.0,4251.0,5207.5,5519.5,5514.5,2543.5,1368.5,692.0,1256.5,1048.5,2267.5,3291.5,3595.5,3785.0,4034.0,3035.0,2103.0,481.0,709.0,1023.0,1395.0,1579.0,1900.0,2135.0,2339.0,3791.0,2693.0,786.0,1063.0,1623.0,1914.0,2051.0,2274.0,2576.0,2662.0,1082.0,813.5,590.0,729.5,905.0,1076.0,1124.0,1265.5,1372.0,1404.0,3591.0,2938.0,933.0,1253.0,1703.0,1958.0,2090.0,2227.0,2441.0,2491.0,1943.0,1595.0,1174.0,1176.0,1264.0,1478.0,1541.0,1552.0,1809.0,1665.0,2121.5,1566.5,474.0,687.0,982.5,1179.5,1290.5,1391.5,1600.5,1617.0,2420.0,1886.5,609.0,832.0,1124.5,1346.0,1459.0,1553.0,1746.0,1809.0,3434.0,2969.0,1726.0,2012.0,2324.0,2724.0,2838.0,2915.0,2756.0,3093.0,1637.0,1148.0,635.0,806.0,1078.0,1324.0,1351.0,1447.0,1681.0,1668.0,0.0,0.0,0.0,0.0,0.0,0.0,0.0,0.0,0.0,0.0,1057.0,1145.0,10908.0,10542.0,10412.0,10465.0,10117.0,9734.0,10134.0,9364.0,625.0,387.0,2276.0,2417.0,2653.0,2888.5,2819.5,2884.5,3010.5,2873.5,1347.5,843.0,564.0,712.0,927.0,1207.0,1346.0,1513.5,1748.5,1749.0,1956.0,1279.5,695.0,924.5,1203.5,1492.0,1649.5,1811.5,2059.0,2074.0,1660.0,980.0,542.0,790.0,1085.0,1385.0,1538.0,1706.0,1853.0,1905.0,4038.0,3189.0,996.0,1369.0,1827.0,2173.0,2330.0,2562.0,2847.0,2888.0,"{""type"":""MultiPoint"",""coordinates"":[]}"
4178,5,2179.0,1497.0,809.0,1063.0,1438.0,1655.0,1752.0,1897.0,2131.0,2073.0,4518.5,3793.5,3287.0,3338.0,3431.5,3814.0,3963.5,3983.0,4490.5,4040.5,2064.5,1367.5,733.5,1000.0,1359.5,1599.0,1710.0,1858.5,1983.0,2029.5,2640.5,1968.0,793.0,1100.0,1456.5,1759.5,1853.5,1990.0,2116.0,2165.5,2460.0,1662.0,703.0,1021.0,1365.0,1634.0,1738.0,1908.0,2059.0,2087.0,6013.0,5751.0,1743.0,2297.0,3039.0,3525.0,3629.0,3935.0,3988.0,4202.0,3274.0,2736.0,2924.0,2868.0,2722.0,3205.0,3742.0,3976.0,4053.0,4044.0,4927.0,4224.0,1916.0,2504.0,3015.0,3502.5,3760.5,3984.5,4066.5,4199.0,5509.0,5125.0,1755.0,2385.0,3037.0,3500.0,3840.0,4130.0,4194.0,4340.0,3918.0,3315.0,1691.0,1951.0,2149.0,2550.5,3278.5,3668.5,3646.0,3894.5,1244.5,850.5,654.5,703.0,726.0,913.0,1245.5,1436.5,1345.0,1502.5,2743.0,2037.0,940.0,1178.0,1588.0,1852.0,1918.0,2034.0,2274.0,2237.0,4760.0,3810.0,1115.0,1665.0,1979.0,2670.0,3994.0,4586.0,4634.0,4876.0,1664.0,926.5,497.0,708.0,662.5,1066.5,2182.5,2632.5,2567.0,2756.5,2017.0,953.0,398.0,615.0,432.0,980.0,3034.0,3715.0,3578.0,3910.0,2388.0,1175.5,403.5,607.0,404.5,939.5,3552.0,4632.5,4443.0,4855.0,2279.0,1292.0,339.0,615.0,487.0,963.0,3149.0,4130.0,4162.0,4389.0,1444.0,660.0,294.0,494.0,319.0,762.0,2471.0,3049.0,3100.0,3250.0,1990.5,1011.0,408.0,811.0,541.0,1386.0,2793.5,3149.5,3263.5,3404.0,2740.0,1957.0,565.0,753.0,917.0,1225.0,1452.0,1560.0,1670.0,1812.0,3117.0,2447.0,587.0,778.0,957.0,1263.0,1450.0,1613.0,1761.0,1883.0,2847.0,2061.0,536.0,761.0,945.0,1244.0,1510.0,1713.0,1918.0,1952.0,2776.5,2075.0,1230.5,1382.5,1636.0,1818.0,1925.0,2013.0,2229.5,2198.0,2795.0,1943.0,551.0,789.0,867.0,1256.0,1726.0,1844.0,2077.0,2052.0,3008.0,2378.0,1745.0,1798.0,1829.5,2221.0,2553.0,2714.5,2837.5,2893.5,2175.5,1297.0,367.0,652.0,656.5,1145.5,1836.0,2005.0,2232.0,2192.5,2391.0,1485.5,423.5,748.0,710.0,1262.5,2111.5,2288.5,2428.5,2434.5,0.0,0.0,0.0,0.0,0.0,0.0,0.0,0.0,0.0,0.0,3628.5,3065.0,2645.5,2694.5,2640.0,2982.5,3445.0,3543.0,4220.0,3652.5,0.0,0.0,0.0,0.0,0.0,0.0,0.0,0.0,0.0,0.0,919.0,967.0,10092.0,9904.0,9930.0,10077.0,9758.0,9458.0,9790.0,9057.0,1616.5,1194.5,4748.5,4646.0,4700.5,4830.0,4586.5,4420.5,4892.5,4258.5,2332.5,1732.0,745.0,1089.0,1481.5,1687.5,1755.5,1862.0,2023.5,1977.5,3651.5,2944.0,2502.5,2642.5,2849.5,3107.5,3213.0,3299.5,3546.0,3444.5,2110.0,1436.0,734.0,1038.0,1388.0,1661.0,1735.0,1875.0,2054.0,2075.0,1904.0,1200.0,998.0,1393.0,1380.0,1616.0,1700.0,1803.0,2525.0,1951.0,"{""type"":""MultiPoint"",""coordinates"":[]}"
4187,5,3263.0,2256.0,993.0,1234.0,1645.0,1994.0,2263.0,2429.0,2735.0,2691.0,3185.5,2607.0,931.5,1237.5,1374.0,1916.5,2566.5,2741.0,2820.5,2925.0,2477.5,1870.0,751.5,974.0,1296.0,1520.5,1703.5,1828.0,1864.0,1999.0,2692.5,2083.5,907.0,1157.0,1466.0,1708.5,1958.0,2096.5,2061.0,2240.0,4533.0,4210.0,1526.0,2019.0,2436.0,2743.0,3171.0,3346.0,3525.0,3533.0,6418.0,6202.0,2915.0,3144.0,3680.0,4123.0,4214.0,4537.0,4624.0,4827.0,0.0,0.0,0.0,0.0,0.0,0.0,0.0,0.0,0.0,0.0,5472.0,4983.0,1880.0,2509.0,2709.0,3311.0,3818.0,4191.0,4471.0,4509.0,4681.0,4019.0,1450.0,2007.0,2200.0,2778.0,3748.0,4297.0,4433.0,4580.0,4179.0,3156.0,1079.0,1506.5,1488.5,2184.0,3809.0,4325.0,4481.0,4677.5,3941.0,2551.0,1311.0,1623.0,1304.0,2086.0,4623.0,5809.0,5826.0,6063.0,3289.0,2368.0,1102.0,1362.0,1734.0,2068.0,2314.5,2489.5,2740.5,2728.5,2821.0,1881.0,616.0,857.0,795.0,1325.0,3271.0,4306.0,4312.0,4645.0,3026.0,2072.0,680.0,927.0,845.0,1453.0,3472.0,4470.0,4643.0,4814.0,2960.0,1976.0,730.0,1001.0,925.0,1556.0,3575.0,4491.0,4447.0,4770.0,2696.0,1659.0,578.0,834.0,683.0,1230.0,3360.0,4306.0,4283.0,4605.0,2563.0,1600.0,511.0,850.0,701.0,1275.0,3223.0,3908.0,4086.0,4106.0,2147.5,1347.0,606.5,916.0,772.5,1378.5,2726.0,3154.0,3157.0,3386.0,2899.0,2067.5,578.5,972.5,919.5,1596.0,2486.0,2681.0,2958.5,3052.5,2972.0,2192.0,612.0,871.0,819.0,1342.0,2027.0,2109.0,2155.0,2489.0,3255.0,2532.5,638.0,896.0,988.0,1454.5,1881.0,2114.5,2206.0,2378.5,3601.0,3414.0,1001.0,1293.0,1673.0,1949.0,1981.0,2140.0,2202.0,2314.0,2056.0,1643.0,675.0,811.0,1011.0,1190.0,1301.0,1455.0,1712.0,1593.0,3547.5,3342.5,1047.0,1331.0,1673.5,1943.5,2084.5,2179.0,2341.0,2357.5,2406.0,1864.0,637.0,815.0,1079.0,1302.0,1350.0,1483.0,1642.0,1714.0,2696.0,2210.5,636.0,911.0,1178.5,1401.5,1543.5,1677.0,1801.5,1859.0,3196.0,2805.0,779.0,1119.0,1367.0,1661.0,1768.0,1905.0,2008.0,2078.0,0.0,0.0,0.0,0.0,0.0,0.0,0.0,0.0,0.0,0.0,2565.0,2057.0,699.0,903.0,1137.0,1376.0,1489.0,1631.0,1757.0,1801.0,0.0,0.0,0.0,0.0,0.0,0.0,0.0,0.0,0.0,0.0,1011.0,1065.0,10322.0,10080.0,10026.0,10278.0,9857.0,9593.0,9920.0,9186.0,1585.5,1217.5,1112.0,1307.5,1634.5,1940.5,2007.5,2217.0,2178.5,2217.0,2887.0,2374.0,736.0,1014.0,1270.0,1599.0,1818.0,1994.0,2104.0,2163.0,2673.5,2095.0,787.5,1046.5,1189.5,1574.5,1981.0,2134.5,2325.0,2339.0,2551.0,1879.0,648.0,963.0,1106.0,1567.0,2100.0,2226.0,2394.0,2339.0,2920.0,2220.0,820.0,1165.5,1253.0,1828.5,2432.5,2563.5,2706.0,2816.5,"{""type"":""MultiPoint"",""coordinates"":[]}"
4190,5,2714.0,2167.0,1712.0,1804.0,2044.5,2228.5,2361.5,2519.5,2764.5,2678.5,4189.5,3445.5,1626.0,1790.0,2187.5,2914.5,3239.0,3370.0,3060.5,3600.5,1788.0,998.5,612.0,861.0,1153.5,1665.0,1920.0,2225.0,2322.5,2488.5,1743.5,1032.0,647.0,849.0,1103.0,1593.5,1839.5,2068.0,2219.0,2342.0,4865.0,3610.0,1252.5,1631.5,2043.0,2497.5,2777.0,3012.0,3410.5,3448.5,5267.0,4622.0,1883.0,2175.0,2839.0,3301.0,3390.0,3617.0,3867.5,3875.5,0.0,0.0,0.0,0.0,0.0,0.0,0.0,0.0,0.0,0.0,5621.0,4736.0,1583.0,2170.5,2680.0,3330.0,3636.5,3933.0,4095.5,4217.0,4796.5,3891.0,1280.5,1827.5,2181.0,2828.5,3474.5,3757.5,3881.5,4025.0,3917.5,2788.5,857.0,1292.5,1265.5,2022.5,3319.5,3615.0,3800.5,3943.5,2454.5,1321.5,533.0,840.0,622.0,1294.5,2870.0,3399.5,3380.5,3546.5,3809.0,2760.5,916.5,1242.5,1660.5,1946.5,2156.5,2357.5,2607.5,2594.5,2528.0,1158.5,400.0,592.0,294.0,946.0,3884.5,5259.0,4991.0,5456.5,2497.0,1116.5,423.5,613.0,300.5,910.0,4395.0,6163.5,6182.5,6294.5,2267.0,980.0,276.5,452.0,239.5,752.0,4173.0,6062.5,5951.0,6256.0,2231.5,950.0,298.0,442.5,218.5,690.0,3908.5,5624.5,5162.0,5953.0,2180.5,892.0,247.5,481.0,235.5,738.0,3964.0,5532.5,5449.5,5700.0,2218.5,937.5,335.5,631.0,279.0,1046.5,4280.0,5388.5,5275.5,5721.0,2310.5,1080.5,410.0,918.0,423.0,1681.5,4181.0,4805.0,5064.0,5174.5,2217.5,1621.5,1060.5,1264.0,1298.5,1767.0,1954.5,2090.0,2247.5,2335.0,2792.0,1929.0,442.5,624.0,852.5,1166.0,1326.0,1504.5,1675.5,1829.0,2738.0,1884.0,702.0,934.5,1332.5,1650.5,1768.5,1980.5,2183.0,2307.0,2750.5,1978.0,1332.0,1622.5,2062.0,2479.5,2638.5,2798.5,3062.0,3133.0,3668.0,2776.5,888.0,1174.5,1539.5,1842.5,2022.0,2149.0,2374.0,2407.0,1924.0,1106.5,655.5,821.0,1092.5,1368.5,1522.5,1655.5,1859.0,1827.0,2452.0,1559.0,587.5,863.5,1118.5,1433.5,1709.5,1839.0,2057.0,2065.0,2632.5,1736.5,606.5,884.5,1114.5,1451.5,1811.5,1948.0,2101.0,2211.5,0.0,0.0,0.0,0.0,0.0,0.0,0.0,0.0,0.0,0.0,3621.5,2739.0,1671.0,1851.5,2028.5,2416.0,2748.5,2950.5,3191.5,3160.0,0.0,0.0,0.0,0.0,0.0,0.0,0.0,0.0,0.0,0.0,997.5,1074.5,10334.0,10109.0,10064.0,10501.5,10152.5,9787.5,9863.0,9212.0,1201.5,756.0,3266.5,3332.0,3623.5,4124.0,4111.0,4035.5,4123.5,4218.5,4213.5,3170.0,1135.5,1454.5,1875.0,2261.0,2571.0,2741.0,2941.0,3068.5,1679.5,1075.0,643.5,880.5,1159.5,1557.5,1830.0,2045.5,2266.0,2283.5,3531.0,2514.0,1001.5,1352.0,1743.0,2223.5,2565.5,2760.5,2964.5,3078.0,4490.0,3379.0,1185.0,1565.0,1966.5,2608.5,2951.5,3209.0,3473.5,3546.5,"{""type"":""MultiPoint"",""coordinates"":[]}"
4203,176,2938.0,1818.0,584.0,846.0,1323.0,1614.0,1788.0,2041.0,2381.0,2483.0,2016.0,1316.5,500.5,693.0,621.0,1027.5,1782.0,1985.5,2082.5,2156.5,0.0,0.0,0.0,0.0,0.0,0.0,0.0,0.0,0.0,0.0,2804.0,1739.0,724.0,1077.0,848.0,1547.0,3032.0,3443.0,3576.0,3633.0,2849.0,1640.0,528.0,957.0,706.0,1503.0,3159.0,3549.0,3821.0,3857.0,0.0,0.0,0.0,0.0,0.0,0.0,0.0,0.0,0.0,0.0,3382.0,2581.0,1527.0,2060.0,1957.0,2877.0,4322.0,4732.0,5055.0,5007.0,3079.0,1936.0,2231.0,2308.0,2017.0,2520.0,3721.0,4271.0,4151.0,4480.0,2529.5,1273.0,469.0,877.5,519.5,1296.5,3299.0,3916.0,4025.5,4209.5,0.0,0.0,0.0,0.0,0.0,0.0,0.0,0.0,0.0,0.0,2310.0,1134.0,550.0,919.0,559.0,1371.0,3217.0,3832.0,3869.0,4253.0,3716.5,2337.0,810.0,1070.5,1578.5,1860.5,2049.0,2290.0,2638.5,2677.0,279.0,127.0,261.0,277.0,149.0,297.0,652.0,778.0,720.0,797.0,2760.0,1308.0,884.0,1075.0,689.0,1529.0,3754.0,4632.0,4652.0,5218.0,2778.5,1743.5,2387.0,2208.5,1713.0,2209.5,3311.5,3700.0,4096.5,3933.5,2304.0,1159.0,549.0,786.0,575.0,1181.0,2541.0,3085.0,3189.0,3478.0,2694.0,1446.0,428.0,716.0,738.0,1297.0,2130.0,2462.0,2631.0,2930.0,2960.0,1659.0,464.0,724.0,772.0,1287.0,1905.0,2181.0,2440.0,2620.0,3075.0,1839.0,489.0,679.0,814.0,1212.0,1587.0,1851.0,2078.0,2235.0,1052.0,634.0,875.0,811.0,763.0,960.0,1199.0,1365.0,1192.0,1528.0,5264.0,4550.0,4040.0,4356.0,4564.0,5134.0,5516.0,5491.0,5194.0,5522.0,2962.5,1704.0,441.0,657.5,751.5,1146.5,1700.5,1935.5,2139.5,2261.5,1999.0,2099.0,305.0,324.0,496.0,564.0,595.0,692.0,830.0,854.0,2798.0,1598.5,396.5,630.5,727.5,1147.0,1723.0,1958.0,2232.0,2318.5,3063.0,1803.0,536.0,736.0,947.0,1317.0,1731.0,1979.0,2270.0,2370.0,3213.0,1876.0,450.0,671.0,949.0,1303.0,1644.0,1879.0,2279.0,2289.0,3385.0,2034.0,490.0,719.0,1075.0,1400.0,1674.0,1929.0,2219.0,2333.0,0.0,0.0,0.0,0.0,0.0,0.0,0.0,0.0,0.0,0.0,0.0,0.0,0.0,0.0,0.0,0.0,0.0,0.0,0.0,0.0,2253.0,2229.0,314.0,401.0,597.0,695.0,770.0,847.0,967.0,1019.0,0.0,0.0,0.0,0.0,0.0,0.0,0.0,0.0,0.0,0.0,1350.0,935.0,619.0,718.0,970.0,959.0,990.0,1058.0,1329.0,1192.0,3425.0,2946.5,645.5,812.0,1171.0,1393.0,1509.0,1690.5,1858.5,1957.5,0.0,0.0,0.0,0.0,0.0,0.0,0.0,0.0,0.0,0.0,3250.5,2501.0,654.5,923.0,1117.0,1526.5,2015.0,2235.5,2463.0,2508.0,3332.5,2396.5,637.0,970.5,1040.5,1592.5,2399.0,2630.0,2868.5,2898.5,"{""type"":""MultiPoint"",""coordinates"":[]}"
4209,1,2505.0,1759.5,827.0,1146.5,1509.0,1678.5,1759.5,1912.5,2153.5,2055.5,5144.5,4583.0,1617.5,2167.5,2777.5,3146.5,3246.0,3387.5,3626.5,3627.0,2666.5,1812.5,789.0,1070.5,1393.5,1645.5,1792.0,1935.0,2066.5,2110.0,3093.0,2304.5,922.0,1255.5,1555.0,1861.5,2100.0,2264.0,2458.5,2402.5,0.0,0.0,0.0,0.0,0.0,0.0,0.0,0.0,0.0,0.0,3968.5,2935.0,1217.0,1563.5,1690.0,2100.0,3457.5,3953.0,4259.5,4170.0,3504.0,2546.0,1380.0,1731.0,1778.0,2310.5,3828.0,4641.0,4682.0,4733.5,1990.5,931.0,266.5,452.0,248.5,541.0,3154.5,5025.5,5096.0,5042.0,2303.0,1027.0,385.0,598.5,396.5,780.5,3624.0,5662.5,5607.5,6087.5,2051.0,886.5,405.0,578.0,346.0,685.5,3251.0,5123.0,5229.5,5331.5,1241.5,507.5,616.5,631.5,406.0,638.5,2222.0,3284.5,3157.5,3404.5,3868.0,3464.0,1301.0,1706.0,2165.0,2483.5,2523.5,2692.5,2935.5,2838.0,1946.5,810.5,423.5,567.0,332.5,746.5,2971.5,4374.0,4355.5,4664.5,2022.5,924.0,442.5,664.5,428.0,865.5,2939.5,4075.5,4194.5,4394.5,2597.5,1487.0,500.5,813.0,750.0,1361.0,2533.5,3107.5,3179.0,3424.0,3195.5,2309.0,730.0,933.5,1181.0,1538.5,2075.0,2418.0,2236.0,2755.5,4184.0,3284.0,941.0,1303.5,1925.5,2286.0,2404.5,2668.0,2833.0,2988.0,0.0,0.0,0.0,0.0,0.0,0.0,0.0,0.0,0.0,0.0,3919.5,3050.0,964.0,1322.0,1861.0,2205.0,2317.5,2536.0,2655.5,2811.0,3302.5,2364.0,781.0,1035.5,1399.0,1727.0,1900.5,2065.5,2125.0,2336.5,3700.0,2839.5,822.0,1132.0,1486.5,1856.5,2118.0,2326.0,2537.0,2586.0,3618.5,2735.5,789.5,1160.0,1400.5,1893.0,2387.0,2643.0,2689.0,2911.0,0.0,0.0,0.0,0.0,0.0,0.0,0.0,0.0,0.0,0.0,3359.0,2396.5,710.5,1020.0,1299.5,1760.5,2175.5,2370.5,2605.0,2674.0,0.0,0.0,0.0,0.0,0.0,0.0,0.0,0.0,0.0,0.0,2548.0,1659.0,613.5,882.0,1241.0,1641.5,1970.5,2115.0,2381.5,2358.0,3232.0,2318.0,838.5,1086.5,1426.0,1836.5,2159.5,2364.0,2550.0,2621.0,0.0,0.0,0.0,0.0,0.0,0.0,0.0,0.0,0.0,0.0,2704.0,1926.0,695.5,922.0,1148.5,1526.0,1909.5,2122.0,2388.0,2318.0,0.0,0.0,0.0,0.0,0.0,0.0,0.0,0.0,0.0,0.0,895.5,983.0,10653.0,10197.0,10081.0,10132.5,9847.5,9423.5,9837.0,9064.5,0.0,0.0,0.0,0.0,0.0,0.0,0.0,0.0,0.0,0.0,3207.5,2609.5,1082.5,1418.5,1784.5,2023.0,2177.0,2322.0,2577.0,2469.0,4658.0,4073.0,1582.0,2098.5,2628.0,2954.0,3148.5,3337.5,3658.0,3534.5,3065.5,2400.0,2050.5,2148.5,2335.0,2490.0,2571.5,2695.0,3000.5,2875.0,0.0,0.0,0.0,0.0,0.0,0.0,0.0,0.0,0.0,0.0,"{""type"":""MultiPoint"",""coordinates"":[]}"
4220,5,2548.0,1814.0,711.0,1005.0,1286.0,1694.0,2022.0,2232.0,2436.0,2395.0,4680.0,4165.0,1353.0,1854.5,2412.5,2835.5,3014.5,3193.0,3423.5,3452.5,3150.0,2274.0,858.0,1158.0,1614.0,1938.0,2091.0,2286.0,2521.0,2539.0,3227.0,2296.0,1538.0,2103.0,2464.0,2704.0,2706.0,2708.0,3055.0,2826.0,3522.0,2686.0,972.0,1415.0,1808.0,2274.0,2623.0,2801.0,3080.0,3099.0,6861.0,6128.0,2237.0,2925.0,3394.0,4304.0,5255.0,5717.0,5780.0,6089.0,0.0,0.0,0.0,0.0,0.0,0.0,0.0,0.0,0.0,0.0,3264.0,1980.0,572.0,940.0,848.0,1600.0,3773.0,4525.0,4462.0,4725.0,3232.0,1974.0,742.0,989.0,891.0,1407.0,3984.0,5222.0,5110.0,5505.0,2907.0,1823.0,553.0,814.0,739.0,1217.0,3607.0,4871.0,4942.0,5308.0,2786.0,1733.0,523.0,762.0,700.0,1209.0,3229.0,4526.0,4596.0,4875.0,2375.5,1729.5,750.5,1086.5,1362.5,1769.0,2170.5,2317.5,2525.5,2511.5,2453.0,1145.0,344.0,516.0,340.0,805.0,3603.0,5119.0,4982.0,5418.0,2009.0,1046.5,716.0,903.0,617.5,1101.0,3135.5,4280.5,4490.0,4325.0,1996.0,1052.0,277.0,528.0,386.0,898.0,2856.0,3625.0,3561.0,3916.0,2412.5,1284.5,507.5,864.5,595.0,1380.0,3158.0,3556.0,3640.5,3709.0,2532.0,1432.0,379.0,761.5,543.5,1328.0,2645.5,2994.0,3121.5,3344.0,2596.0,1486.0,367.0,741.0,525.5,1297.0,2622.5,2995.0,3124.0,3293.0,2257.0,1279.5,397.0,748.5,502.5,1165.0,2464.5,2801.0,2911.5,3000.5,3346.0,2296.0,704.0,1034.0,1326.0,1833.0,2181.0,2341.0,2446.0,2667.0,3511.0,2408.0,681.5,1028.0,1278.0,1781.5,2222.0,2452.0,2520.0,2725.0,3427.0,2318.0,675.0,1031.0,1205.0,1776.0,2306.0,2571.0,2771.0,2842.0,2395.0,1748.0,830.0,1109.0,1305.0,1671.0,2160.0,2333.0,2524.0,2468.0,3049.5,1985.0,757.0,1105.0,1187.5,1718.5,2389.5,2589.5,2910.0,2891.5,3290.0,2245.0,716.0,1044.0,1309.0,1791.0,2291.0,2531.0,2751.0,2850.0,2834.0,1782.0,628.0,1019.0,1182.0,1799.0,2628.0,2870.0,3239.0,3164.0,3133.0,2031.5,720.5,1064.0,1264.5,1935.5,2699.0,2973.0,3181.5,3239.5,0.0,0.0,0.0,0.0,0.0,0.0,0.0,0.0,0.0,0.0,2275.5,1386.0,545.5,876.0,762.0,1641.0,2962.5,3249.0,3138.0,3463.5,0.0,0.0,0.0,0.0,0.0,0.0,0.0,0.0,0.0,0.0,74.0,82.0,9539.0,9670.0,9640.0,9826.0,9464.0,8686.0,8877.0,7967.0,1108.0,734.0,2721.0,3210.0,3619.0,4010.0,4184.0,4170.0,4418.0,4124.0,2349.5,1611.0,665.5,993.5,1207.0,1703.5,2182.5,2375.0,2596.0,2579.5,4079.0,3397.0,1682.5,2021.5,2414.5,2808.5,2994.5,3162.0,3449.0,3393.0,3388.0,2632.0,942.0,1324.0,1753.0,2122.0,2264.0,2421.0,2626.0,2680.0,3041.0,2211.0,833.0,1137.0,1623.0,1913.0,2044.0,2224.0,2409.0,2476.0,"{""type"":""MultiPoint"",""coordinates"":[]}"
4229,5,1776.5,1182.5,434.0,570.5,786.5,891.5,1006.5,1130.0,1287.5,1284.0,3519.0,2961.0,898.0,1261.0,1680.0,1915.0,2024.0,2132.0,2249.0,2344.0,2451.0,1663.0,689.0,904.0,1221.0,1397.0,1498.0,1638.0,1805.0,1813.0,2432.5,2051.0,675.5,881.0,1171.0,1344.5,1414.0,1537.0,1539.5,1727.0,2392.0,1683.0,578.0,816.0,1066.0,1288.0,1495.0,1591.0,1740.0,1791.0,2369.5,1884.5,515.0,729.0,936.0,1221.5,1632.5,1813.0,1841.0,1925.5,1661.0,847.0,577.0,723.0,643.0,916.0,1928.0,2023.0,1968.0,2055.0,3308.0,2023.0,512.0,902.0,704.0,1454.0,3734.0,4466.0,4436.0,4618.0,2680.0,1491.0,336.0,659.0,518.0,1080.0,3138.0,3755.0,3884.0,3914.0,2395.5,1108.0,334.0,527.5,268.5,826.5,3984.5,5375.0,5336.5,5553.5,2202.0,1101.0,272.0,444.0,271.0,730.0,3480.0,4905.0,4958.0,5181.0,2086.0,1554.0,461.0,657.0,907.0,1058.0,1155.0,1242.0,1385.0,1409.0,2253.0,956.5,360.5,522.0,266.5,740.0,4183.5,5630.5,5341.0,5902.0,2511.5,1034.0,449.5,609.5,329.0,850.0,4307.5,5943.5,5969.5,6237.5,2571.0,1105.0,456.0,661.0,335.0,946.0,4383.0,5879.0,5736.0,6168.0,2202.0,988.0,448.0,670.0,344.0,1033.0,3502.0,4117.0,4054.0,4486.0,2238.0,1277.5,386.5,723.0,628.0,1360.0,2316.0,2685.5,2795.0,3087.5,2696.0,1786.0,559.0,773.0,926.0,1251.0,1528.0,1762.0,1943.0,2118.0,2038.5,1423.0,436.0,509.5,680.5,827.0,899.0,1025.5,1149.0,1232.0,2255.0,1545.0,383.0,489.0,646.0,830.0,911.0,1013.0,1070.0,1223.0,2472.0,2014.0,524.0,719.0,1002.0,1138.0,1221.0,1346.0,1485.0,1515.0,1923.0,1593.5,480.0,616.0,835.5,946.5,1022.0,1107.0,1166.0,1199.5,1658.0,1191.0,534.0,626.0,800.0,991.0,1119.0,1198.0,1206.0,1315.0,2220.0,1868.0,563.0,693.0,941.0,1065.0,1127.0,1246.0,1331.0,1410.0,2323.0,1916.0,577.5,756.5,1030.5,1161.0,1225.0,1307.0,1365.5,1459.5,1794.5,1312.5,376.5,561.5,802.5,884.0,967.5,1045.0,1202.5,1203.0,1723.0,1306.0,345.0,516.0,721.0,815.0,908.0,972.0,1066.0,1092.0,976.0,544.0,451.0,424.0,485.0,607.0,662.0,708.0,733.0,766.0,1871.5,1372.5,449.0,588.0,730.5,916.5,1117.0,1277.0,1271.0,1376.5,0.0,0.0,0.0,0.0,0.0,0.0,0.0,0.0,0.0,0.0,226.0,226.0,8140.0,8100.0,8152.0,8288.0,7907.0,7248.0,7392.0,6669.0,1048.0,648.0,821.0,1020.0,1263.0,1371.0,1405.0,1441.0,1554.0,1512.0,2082.5,1377.0,563.0,767.0,1021.5,1179.0,1276.0,1391.5,1567.0,1556.0,3802.0,3179.0,1213.0,1556.0,1889.0,2104.0,2174.0,2369.0,2450.0,2538.0,2619.0,2070.0,628.0,835.0,1141.0,1271.0,1371.0,1503.0,1657.0,1689.0,3052.0,2520.0,704.0,1008.0,1386.0,1549.0,1648.0,1773.0,1941.0,1970.0,"{""type"":""MultiPoint"",""coordinates"":[]}"
4239,5,1334.0,1022.0,796.0,1104.0,1193.0,1359.0,1639.0,1671.0,1687.0,1582.0,2746.5,1960.0,667.0,965.0,1185.0,1498.0,1842.0,2094.0,2172.5,2285.5,2065.0,1277.0,668.0,881.0,1066.0,1332.0,1788.0,1892.0,2020.0,2085.0,2372.0,1631.0,635.5,871.5,1019.5,1311.0,1851.5,2033.0,2140.5,2269.5,2588.0,1791.0,687.5,957.5,1144.0,1476.0,2023.5,2338.0,2255.5,2398.0,3339.5,2454.0,1006.0,1336.5,1679.0,2077.5,2378.5,2563.5,2664.5,2917.0,2811.0,2587.0,2576.0,2274.0,2169.0,2426.0,2519.0,2628.0,2942.0,2777.0,2571.5,2187.0,1570.5,1732.0,1882.5,2252.0,2427.0,2514.0,2583.5,2677.0,3112.5,2449.5,932.5,1220.5,1562.5,1917.0,2318.5,2581.5,2193.5,2717.5,3234.0,2546.0,861.0,1150.0,1429.0,1767.0,2082.0,2324.0,2350.0,2400.0,3535.0,2735.0,960.0,1264.0,1642.0,1954.0,2234.0,2393.0,2463.0,2643.0,1873.0,1217.5,592.0,848.5,1105.5,1344.0,1655.0,1842.5,2075.0,2068.5,3205.0,2436.0,1057.0,1321.0,1602.0,2030.0,2069.0,2292.0,2165.0,2421.0,3585.0,2757.0,1058.0,1396.0,1660.0,2008.0,2416.0,2609.0,2553.0,2827.0,1982.0,1442.0,699.5,851.5,941.5,1185.5,1400.5,1555.5,1507.5,1656.5,2766.0,1764.0,640.0,994.0,877.0,1499.0,2777.0,3093.0,3127.0,3255.0,3044.0,2000.0,579.0,930.0,902.0,1477.5,2930.0,3292.5,3392.5,3397.0,2649.0,1760.0,473.0,782.0,801.0,1345.0,2543.0,2848.0,2985.0,2981.0,2490.0,1818.0,642.5,845.0,1097.0,1341.0,1593.5,1718.0,1768.0,1885.5,2365.0,1824.0,542.0,749.0,976.0,1160.0,1313.0,1486.0,1435.0,1592.0,2382.0,1783.0,552.0,759.5,1011.0,1186.0,1321.5,1445.5,1438.0,1591.0,2389.0,1781.0,595.0,799.0,1038.0,1249.0,1345.0,1523.0,1566.0,1679.0,2515.5,1892.0,2250.5,2180.5,2194.5,2405.5,2530.5,2662.0,2978.0,2676.0,2118.5,1488.0,515.5,696.5,926.5,1103.0,1352.0,1449.0,1697.0,1636.0,2368.0,1759.0,599.0,768.0,1011.0,1173.0,1310.0,1430.0,1637.0,1659.0,1999.0,1326.0,498.0,717.0,1009.5,1135.0,1248.5,1389.5,1710.0,1632.5,1986.0,1706.0,752.0,937.0,1301.0,1531.0,1646.0,1650.0,1786.0,1751.0,3426.0,2818.0,2762.0,2783.0,2839.0,3132.0,3287.0,3360.0,3593.0,3366.0,2029.0,1306.5,615.5,815.0,950.0,1248.5,1506.5,1658.0,1759.0,1771.0,0.0,0.0,0.0,0.0,0.0,0.0,0.0,0.0,0.0,0.0,74.0,82.0,9716.0,9817.0,9813.0,10024.0,9489.0,8834.0,9058.0,8204.0,438.0,291.0,5326.0,5325.0,5508.0,5644.0,5416.0,5277.0,5493.0,5072.0,1477.0,993.0,763.0,1046.5,1284.0,1531.5,1576.0,1735.5,1886.0,1772.0,2710.0,1874.0,780.0,1097.0,1381.0,1658.0,1869.0,2112.0,2245.0,2209.0,1915.0,1116.0,817.0,1082.0,1304.0,1604.0,1800.0,1967.0,2139.0,2124.0,1884.0,1163.0,837.0,1164.0,1355.0,1698.0,2009.0,2138.0,2250.0,2315.0,"{""type"":""MultiPoint"",""coordinates"":[]}"
4245,5,806.5,530.5,713.0,1042.5,1485.5,1619.0,1383.0,1433.0,1456.0,1264.0,1943.0,1498.0,529.0,690.0,896.0,1014.0,1035.0,1103.0,1180.0,1232.0,1691.0,1064.0,637.0,765.0,1001.0,1114.0,1153.0,1280.0,1394.0,1420.0,1904.0,1220.0,698.0,851.0,1011.0,1143.0,1140.0,1237.0,1206.0,1406.0,1751.0,1160.0,494.0,642.0,847.0,962.0,1035.0,1120.0,1218.0,1276.0,2821.5,2343.5,900.0,1082.0,1366.0,1552.0,1635.0,1758.5,1831.5,1939.0,3425.0,2683.0,2564.0,2495.0,2390.0,2727.0,3274.0,3511.0,3538.0,3719.0,2637.0,2435.0,2811.0,3442.0,3779.0,3872.0,3034.0,3134.0,2512.0,2975.0,2201.5,1654.5,787.0,924.0,1134.5,1282.5,1267.5,1362.0,1379.0,1509.0,2582.5,2114.5,766.5,960.5,1238.0,1406.5,1460.5,1563.5,1568.5,1718.5,2692.0,2234.0,819.0,1002.0,1257.0,1454.0,1623.0,1790.0,1804.0,1902.0,1535.0,1148.0,423.0,535.0,725.0,823.0,881.0,966.0,1079.0,1101.0,2831.0,2014.0,1135.0,1282.0,1372.0,1753.0,1769.0,1912.0,1910.0,2109.0,2731.0,2272.0,858.0,1036.0,1328.0,1516.0,1577.0,1694.0,1755.0,1892.0,2390.0,1858.0,894.0,1074.0,1241.0,1506.0,1979.0,2301.0,1743.0,2502.0,2729.5,2242.5,841.5,999.0,1166.0,1445.0,1729.5,1918.0,1852.5,2092.0,2539.0,2041.0,665.5,856.5,1073.0,1277.0,1430.0,1579.0,1601.5,1722.0,2137.0,1521.5,702.0,858.0,956.0,1196.5,1703.0,1855.0,1657.0,2130.5,1920.0,1187.0,510.0,678.0,774.0,1038.0,1414.0,1514.0,1581.0,1675.0,2277.0,1673.0,616.0,795.0,856.0,1174.0,1777.0,1942.0,1923.0,2109.0,2116.0,1593.5,551.0,712.5,807.0,1083.5,1528.0,1677.0,1703.5,1802.0,1363.0,1112.0,273.0,369.5,473.5,666.0,919.5,1109.0,985.0,1305.5,2504.5,1831.0,2247.5,2136.5,2179.0,2307.5,2263.5,2265.5,2633.0,2312.0,1704.0,1308.5,381.5,484.0,677.5,824.0,918.0,1018.0,1112.0,1153.5,1467.0,1204.0,404.0,475.0,620.0,686.0,739.0,814.0,880.0,875.0,1234.5,908.5,267.5,385.0,543.5,622.0,655.5,725.0,848.0,853.0,1467.0,1110.0,418.0,446.0,592.0,668.0,702.0,741.0,838.0,834.0,0.0,0.0,0.0,0.0,0.0,0.0,0.0,0.0,0.0,0.0,1368.5,901.0,413.5,485.5,631.0,720.5,791.0,867.0,940.0,980.5,0.0,0.0,0.0,0.0,0.0,0.0,0.0,0.0,0.0,0.0,76.0,79.0,10742.0,10570.0,10367.0,10516.0,9931.0,9159.0,9327.0,8505.0,347.0,250.0,5019.0,4962.0,5008.0,5115.0,4921.0,4664.0,4891.0,4481.0,1939.0,1218.5,633.5,857.0,1141.5,1355.0,1432.0,1574.0,1772.5,1748.0,1764.0,1269.0,444.0,582.0,771.0,865.0,928.0,1036.0,1157.0,1129.0,1694.0,1081.0,504.0,600.0,822.0,915.0,997.0,1096.0,1217.0,1233.0,1665.0,1066.0,586.0,775.0,1033.0,1161.0,1164.0,1273.0,1364.0,1367.0,"{""type"":""MultiPoint"",""coordinates"":[]}"
4265,3,1979.0,1264.0,554.0,683.0,886.0,1026.0,1127.0,1242.0,1472.0,1451.0,5701.0,5208.0,1621.0,1992.0,2509.0,2879.0,3027.5,3214.5,3468.0,3611.0,2565.0,1790.0,657.0,770.0,967.0,1162.0,1288.0,1437.0,1616.0,1662.0,3848.5,3375.5,1105.0,1320.5,1616.5,1896.5,2006.0,2184.5,2374.0,2435.0,3173.0,2501.0,788.0,1018.0,1238.0,1509.0,1669.0,1801.0,2021.0,2076.0,3097.0,2301.0,2126.0,1825.0,1672.0,1916.0,2138.0,2371.0,3036.0,2429.0,2657.5,1693.0,866.0,1030.0,977.0,1516.0,2077.0,2279.5,2335.5,2567.5,4251.5,3492.0,1544.0,1841.5,1879.0,2460.0,3289.5,3664.0,3565.5,3889.5,2956.5,2595.0,2653.5,2510.5,2106.0,2647.0,3430.5,3784.5,3948.5,3788.0,1813.0,907.0,315.0,518.0,230.0,676.0,3093.0,4856.0,4811.0,5003.0,2538.5,1339.0,1127.0,1509.5,1291.0,1637.5,3878.0,5757.0,5668.0,5976.0,2604.0,2052.0,734.0,839.0,1064.0,1211.0,1285.0,1417.0,1643.0,1638.0,1169.5,523.5,254.5,359.5,163.0,466.0,2181.0,3631.5,3628.0,3800.0,1610.0,716.0,411.5,620.0,306.5,859.0,3196.0,5023.5,5182.5,5275.0,1725.5,814.5,392.0,745.5,376.5,1175.5,3418.0,4671.0,4657.0,4965.0,1873.5,935.5,471.5,809.5,455.5,1264.0,3430.5,4363.0,4390.0,4673.0,1943.0,1142.5,474.0,824.0,649.5,1514.0,3329.5,3948.5,4117.0,4326.5,4254.5,2863.5,1241.0,1731.5,2353.0,3144.5,3680.0,4095.5,4274.5,4639.0,4800.0,3548.5,1189.0,1605.0,2324.0,2686.5,2814.5,3035.5,3245.0,3368.0,4504.0,3323.0,1193.0,1543.0,2082.0,2460.0,2579.0,2725.0,2849.0,3038.0,4824.0,4050.0,1749.5,2132.5,2633.5,3084.5,3304.5,3528.0,3444.5,3827.5,4442.0,3310.0,1167.0,1494.0,1923.0,2313.0,2590.0,2808.0,3050.0,3095.0,2713.0,2211.0,638.0,833.0,1076.0,1215.0,1295.0,1414.0,1574.0,1650.0,3913.0,2810.5,1118.0,1430.0,1807.5,2218.5,2481.0,2669.5,2931.5,2932.0,0.0,0.0,0.0,0.0,0.0,0.0,0.0,0.0,0.0,0.0,2155.0,1351.0,745.0,1067.0,1614.0,1876.0,2041.0,2199.5,2575.5,2546.5,2338.0,1820.0,1055.0,1404.0,1613.0,1898.0,1987.0,2186.0,2415.0,2456.0,0.0,0.0,0.0,0.0,0.0,0.0,0.0,0.0,0.0,0.0,1107.0,654.0,531.0,662.0,959.0,1144.0,1233.0,1363.0,1591.0,1589.0,0.0,0.0,0.0,0.0,0.0,0.0,0.0,0.0,0.0,0.0,617.0,703.0,10814.0,10596.0,10462.0,10525.0,10146.0,9689.0,10112.0,9314.0,631.0,399.5,4440.5,4481.5,4606.5,4815.5,4629.0,4465.0,4605.5,4336.5,2347.0,1907.0,661.0,839.0,1027.0,1231.0,1300.0,1419.0,1623.0,1667.0,3287.0,2655.0,888.0,1064.0,1305.0,1542.0,1651.0,1800.0,2017.0,2066.0,2560.0,1781.0,681.5,864.5,1097.0,1313.0,1423.0,1542.0,1733.5,1794.0,2837.0,2149.0,711.0,872.0,1100.0,1310.0,1452.0,1590.0,1747.0,1826.0,"{""type"":""MultiPoint"",""coordinates"":[]}"
4274,5,2162.5,1497.0,640.0,823.0,1151.0,1337.5,1395.5,1475.5,1717.5,1675.0,4834.5,4091.0,1441.0,2005.5,2494.5,2920.5,2982.5,3201.5,3466.5,3475.0,1733.5,1085.5,802.5,1149.5,1461.5,1800.5,1910.0,2068.5,2194.5,2241.5,1347.0,820.0,825.5,1137.0,1448.5,1815.5,1929.0,2086.0,2263.5,2276.5,0.0,0.0,0.0,0.0,0.0,0.0,0.0,0.0,0.0,0.0,4349.5,3529.0,1572.0,1942.5,2325.5,2681.0,2862.5,3101.0,3265.0,3360.5,0.0,0.0,0.0,0.0,0.0,0.0,0.0,0.0,0.0,0.0,5956.5,5372.0,1947.0,2564.5,3066.5,3695.0,3916.5,4170.0,4407.5,4514.0,6446.5,5682.5,2410.5,3201.0,4017.5,4567.0,4662.5,4916.5,4848.5,5184.0,5483.0,4459.0,1504.5,2058.0,2618.5,3246.0,3443.0,3761.0,3831.5,4142.5,3895.0,2860.5,952.0,1368.0,1639.5,2245.5,2726.0,2963.0,3040.5,3253.0,2461.5,1864.5,868.0,1125.5,1554.0,1795.5,1898.5,2008.0,2208.5,2218.5,0.0,0.0,0.0,0.0,0.0,0.0,0.0,0.0,0.0,0.0,2675.5,1545.0,602.5,873.0,785.5,1337.5,3021.5,3582.0,3579.5,3600.5,0.0,0.0,0.0,0.0,0.0,0.0,0.0,0.0,0.0,0.0,1788.0,828.0,276.5,409.0,236.5,580.5,2821.5,3869.0,3610.5,3917.5,2274.5,1028.0,263.5,436.0,227.5,645.5,3836.5,5258.0,5444.5,5442.0,0.0,0.0,0.0,0.0,0.0,0.0,0.0,0.0,0.0,0.0,1261.5,575.0,213.0,369.0,167.0,562.0,2353.5,2840.0,2928.0,2994.0,2471.0,1149.5,507.0,1152.0,723.0,2228.0,4389.0,4779.0,4770.0,5095.5,3334.5,2282.5,569.5,944.5,1226.5,1775.5,2159.0,2440.5,2799.0,2886.0,3853.0,2933.5,706.0,986.5,1382.5,1722.0,1928.0,2171.5,2442.5,2540.5,0.0,0.0,0.0,0.0,0.0,0.0,0.0,0.0,0.0,0.0,3820.0,2784.5,888.0,1230.5,1757.0,2050.5,2255.0,2415.5,2745.5,2758.0,1314.5,1084.5,702.5,727.0,908.5,1025.0,1113.0,1299.5,1039.0,1482.0,2154.0,1461.5,469.5,751.0,1164.5,1332.5,1453.5,1597.0,1760.0,1730.0,2310.5,1585.0,553.5,865.5,1287.0,1489.0,1600.0,1737.5,1962.0,1911.0,0.0,0.0,0.0,0.0,0.0,0.0,0.0,0.0,0.0,0.0,2088.0,1339.0,683.0,987.5,1422.0,1655.5,1812.5,1910.5,2133.0,2101.5,0.0,0.0,0.0,0.0,0.0,0.0,0.0,0.0,0.0,0.0,1180.0,1278.0,10857.0,10494.0,10445.0,10591.0,10254.0,9929.0,10256.0,9514.5,1951.5,1440.5,819.0,1074.5,1425.5,1691.0,1800.5,1892.5,2000.0,2026.0,2040.0,1417.5,735.5,1096.0,1443.5,1725.5,1789.0,1951.5,2118.5,2108.5,0.0,0.0,0.0,0.0,0.0,0.0,0.0,0.0,0.0,0.0,2172.0,1493.0,1572.0,1704.5,1895.5,2223.5,2307.5,2365.5,2611.5,2387.0,3928.5,3167.0,1209.5,1609.0,2027.5,2378.0,2494.5,2609.5,2760.0,2846.5,"{""type"":""MultiPoint"",""coordinates"":[]}"
4297,5,2857.0,1926.0,707.0,880.5,1141.0,1729.0,2300.0,2451.0,2794.5,2699.0,3045.5,2145.5,701.5,963.5,1169.0,1662.0,2062.0,2260.0,2465.0,2552.5,2473.5,1603.5,647.0,871.0,1165.0,1534.0,1710.5,1870.0,2050.5,2095.0,5575.0,4649.0,5439.0,5288.0,5303.0,5677.0,5663.0,5713.0,5940.0,5774.0,0.0,0.0,0.0,0.0,0.0,0.0,0.0,0.0,0.0,0.0,2560.0,1928.5,662.0,827.5,1010.5,1246.0,1473.0,1632.5,1694.5,1798.0,0.0,0.0,0.0,0.0,0.0,0.0,0.0,0.0,0.0,0.0,3150.5,2263.5,590.5,864.0,869.5,1384.5,2273.5,2585.5,2699.0,2835.5,3004.0,1890.5,490.0,790.0,759.5,1328.0,2881.5,3248.0,3274.5,3508.5,2698.0,1656.5,437.5,703.0,573.5,1107.0,2810.5,3452.5,3568.5,3636.5,0.0,0.0,0.0,0.0,0.0,0.0,0.0,0.0,0.0,0.0,3046.0,2149.0,687.0,873.0,1135.0,1723.5,2287.0,2466.0,2755.0,2699.5,2456.0,1058.0,295.0,484.0,217.0,753.5,4134.5,5862.5,5705.0,6034.5,2080.5,927.0,439.5,579.0,320.5,796.5,3604.5,5035.0,5039.0,5244.0,0.0,0.0,0.0,0.0,0.0,0.0,0.0,0.0,0.0,0.0,2457.0,1451.0,658.0,931.0,740.0,1397.0,3088.0,3739.5,3742.5,4033.0,2762.0,1832.0,440.5,673.5,790.0,1212.5,1682.5,2004.5,2160.5,2299.0,0.0,0.0,0.0,0.0,0.0,0.0,0.0,0.0,0.0,0.0,3355.0,2494.0,617.5,803.0,1083.5,1316.0,1508.5,1678.0,1830.5,1984.0,4004.5,2915.0,1167.5,1319.5,1487.0,1812.5,2190.0,2365.0,2390.0,2639.0,3318.5,2380.0,637.0,877.5,955.5,1380.0,1990.0,2168.0,2342.5,2396.5,3205.0,2232.5,623.0,860.0,876.0,1370.0,2171.0,2396.0,2507.5,2579.5,0.0,0.0,0.0,0.0,0.0,0.0,0.0,0.0,0.0,0.0,3023.5,1863.5,563.0,892.0,786.0,1455.5,2474.0,2674.5,2954.5,2963.0,0.0,0.0,0.0,0.0,0.0,0.0,0.0,0.0,0.0,0.0,2585.5,1519.5,402.5,658.0,717.5,1483.5,2579.5,2773.0,3091.0,2948.0,2701.0,1637.5,441.5,718.0,752.5,1558.5,2790.5,2959.0,3238.0,3254.0,0.0,0.0,0.0,0.0,0.0,0.0,0.0,0.0,0.0,0.0,2569.5,1557.5,476.5,709.5,699.5,1540.0,2829.0,3102.0,3492.0,3282.0,0.0,0.0,0.0,0.0,0.0,0.0,0.0,0.0,0.0,0.0,921.5,998.0,11146.0,10755.0,10635.0,10767.5,10364.5,9983.0,10381.0,9635.0,2784.5,2016.5,1093.5,1157.0,1351.5,1846.5,2228.0,2451.5,2487.0,2687.5,2874.5,2022.0,611.0,741.0,956.5,1507.0,2125.5,2415.5,2656.0,2636.0,2612.0,1712.5,587.5,805.5,869.5,1479.0,2284.5,2467.0,2741.5,2706.5,2278.0,1424.0,419.5,696.5,729.0,1461.0,2347.0,2536.0,2757.5,2720.0,2849.5,1991.0,636.5,884.0,983.5,1682.5,2230.0,2429.5,2572.5,2663.0,"{""type"":""MultiPoint"",""coordinates"":[]}"
4300,3,2444.0,1623.0,669.0,886.0,1102.0,1581.0,2214.0,2408.0,2686.0,2563.0,3735.0,3388.0,924.0,1250.0,1700.0,1912.0,2026.0,2157.0,2363.0,2393.0,2315.0,1546.5,620.5,788.5,1064.5,1286.0,1371.0,1505.0,1637.0,1694.5,2536.0,1811.0,1016.0,1166.0,1368.0,1670.0,1690.0,1841.0,1847.0,2020.0,3286.0,2641.0,866.0,1213.0,1631.0,1896.0,2006.0,2168.0,2303.0,2339.0,6051.0,5689.0,1980.0,2490.0,3119.0,3589.0,3691.0,3991.0,4015.0,4218.0,3435.0,2367.0,953.0,1264.0,1542.0,1921.0,2184.0,2365.0,2391.0,2621.0,4237.0,3492.0,1727.5,2068.0,2221.0,2747.5,3323.5,3653.5,3680.5,3797.0,2107.0,1708.5,885.5,1182.5,1023.5,1603.0,2521.5,3074.5,2847.0,3060.5,1544.5,763.0,279.5,487.5,221.5,701.0,2662.5,3817.5,3762.5,3851.0,1659.0,762.0,477.0,616.0,324.0,791.0,2950.0,4642.0,4705.0,4817.0,2422.0,1710.0,663.0,910.0,1133.0,1584.0,2223.0,2387.0,2642.0,2561.0,617.0,267.0,322.0,351.0,193.0,342.0,1456.0,2499.0,2449.0,2457.0,1350.0,598.0,403.5,515.5,288.0,689.0,2754.0,4519.5,4606.5,4794.5,1619.0,791.0,420.0,728.0,356.0,1118.0,3328.0,4863.0,4782.0,5242.0,1311.0,653.0,434.5,628.0,371.0,985.0,2740.5,3681.5,3518.5,3921.5,1773.0,897.0,419.0,805.0,496.0,1306.0,3292.0,4171.0,4353.0,4549.0,1538.0,838.0,773.0,971.5,772.5,1447.5,2598.0,3101.0,3224.0,3411.5,3113.0,2089.0,877.0,1288.5,1480.5,2289.5,3006.0,3392.5,3515.0,3748.5,2522.0,1690.0,742.0,1054.0,1231.0,1687.0,2047.0,2165.0,2229.0,2458.0,3033.5,2127.5,736.5,1031.5,1228.0,1686.5,2134.0,2339.0,2496.0,2573.0,2846.0,1887.0,612.0,910.0,1046.0,1538.0,1998.0,2217.0,2347.0,2434.0,2602.0,1817.0,614.0,904.0,1113.0,1662.0,2341.0,2476.0,2619.0,2659.0,2083.0,1351.0,507.0,721.0,863.0,1245.0,1676.0,1858.0,2045.0,2044.0,2534.0,1686.0,677.0,899.0,1179.0,1561.0,1802.0,1995.0,2149.0,2236.0,2184.0,1393.5,547.5,826.0,1169.0,1518.5,1683.5,1816.0,2033.0,2085.5,2554.5,1677.5,649.0,931.0,1344.0,1624.5,1739.5,1884.5,2059.5,2137.0,0.0,0.0,0.0,0.0,0.0,0.0,0.0,0.0,0.0,0.0,2072.0,1485.0,677.0,880.0,1201.0,1422.0,1487.0,1610.0,1848.0,1835.0,0.0,0.0,0.0,0.0,0.0,0.0,0.0,0.0,0.0,0.0,764.0,843.0,10606.0,10376.0,10364.0,10425.0,10049.0,9650.0,10060.0,9260.0,305.0,208.0,2611.0,2731.0,2786.0,3133.0,3375.0,3279.0,3412.0,3103.0,2437.0,1550.5,597.5,896.0,1032.5,1687.5,2560.0,2752.5,3000.5,2954.5,2703.0,1800.0,763.0,1135.0,1352.0,1938.0,2255.0,2436.0,2706.0,2696.0,2802.0,1901.0,761.0,1012.0,1425.0,1757.0,1933.0,2145.0,2389.0,2442.0,3504.5,2839.5,1052.5,1369.5,1798.5,2100.5,2225.5,2388.5,2589.0,2624.0,"{""type"":""MultiPoint"",""coordinates"":[]}"
4303,5,3437.0,3137.5,2504.0,2614.0,2906.5,3126.0,3198.0,3289.0,3493.0,3452.5,3313.0,2326.0,1135.0,1451.0,1840.0,2334.0,2499.0,2728.0,2815.0,2978.0,1021.0,552.0,631.0,894.5,1114.5,1531.5,1710.0,1876.5,2014.5,2067.5,751.0,429.0,697.0,901.0,1066.0,1436.0,1625.0,1831.0,1961.0,1947.0,5115.0,4052.0,1509.0,1986.0,2422.0,2930.0,3215.0,3435.0,3784.0,3776.0,4221.0,3562.0,1144.0,1548.0,2147.0,2452.0,2573.0,2743.0,2905.0,3026.0,0.0,0.0,0.0,0.0,0.0,0.0,0.0,0.0,0.0,0.0,5176.0,4603.0,1777.0,2273.0,2832.0,3276.0,3394.0,3680.0,3642.0,3926.0,4239.5,3722.0,1242.5,1626.5,2088.5,2439.5,2666.5,2875.0,2958.0,3122.5,4043.5,3402.0,1043.0,1410.0,1790.5,2170.5,2608.0,2817.0,2878.0,3086.0,4293.0,3275.5,1245.0,1577.5,1703.0,2269.0,3584.0,4156.5,4091.0,4431.0,1811.0,1354.0,951.0,1129.0,1449.0,1581.0,1625.0,1722.0,1839.0,1848.0,1964.0,1061.0,533.0,708.0,601.0,1042.0,2556.0,3165.0,2999.0,3247.0,1728.5,923.0,480.0,700.5,446.5,1000.0,2715.5,3231.5,3211.0,3312.5,1144.0,526.5,312.0,439.0,233.5,592.0,2245.5,2802.5,2709.0,2861.5,2196.0,992.0,391.5,563.5,314.0,824.0,3601.5,4805.5,4602.5,5027.0,2194.0,1163.0,355.0,554.0,379.0,908.0,3299.0,4153.0,4212.0,4404.0,1346.0,583.5,629.5,583.0,279.0,718.5,2544.5,3188.5,3271.5,3327.0,2127.0,1076.5,431.5,849.5,607.0,1214.5,2920.5,3339.5,3534.5,3733.0,1937.0,1217.0,1003.0,1096.0,1036.5,1295.0,1412.5,1544.0,1804.0,1661.5,2816.0,2042.5,551.5,745.5,934.0,1161.5,1380.5,1531.5,1604.5,1836.0,2229.0,1516.0,608.0,810.0,1040.0,1274.0,1417.0,1534.0,1628.0,1732.0,2042.0,1391.0,752.5,1015.0,1415.5,1626.0,1742.0,1907.0,2097.0,2069.5,3041.0,2350.0,699.0,928.0,1146.0,1399.0,1573.0,1709.0,1912.0,1926.0,0.0,0.0,0.0,0.0,0.0,0.0,0.0,0.0,0.0,0.0,1737.5,1071.5,436.5,645.5,757.0,1056.0,1339.0,1481.0,1659.0,1651.0,2056.0,1375.5,505.0,745.5,863.5,1246.0,1546.5,1693.5,1810.0,1842.5,1743.0,1148.0,452.0,582.0,666.0,968.0,1274.0,1418.0,1420.0,1524.0,1787.0,1073.0,521.0,720.0,737.0,1120.0,1603.0,1779.0,1949.0,1972.0,4000.0,3871.5,3401.0,3395.5,3614.0,3801.0,3809.0,3826.5,4045.0,3943.5,1098.0,1202.0,10141.0,9986.0,10024.0,10290.0,9957.0,9597.0,9950.0,9269.0,1117.0,712.0,1954.0,2105.0,2495.0,2853.0,2882.5,3004.5,3020.5,3113.5,1621.0,976.0,664.0,924.0,1291.0,1568.0,1701.0,1895.0,2076.0,2146.0,1249.0,770.0,681.0,923.5,1218.5,1495.0,1655.0,1817.0,1978.5,1992.0,1741.0,1111.0,745.0,1063.0,1381.0,1701.0,1857.0,1983.0,2167.0,2214.0,4010.0,3130.0,1791.0,2122.0,2472.0,2868.0,3053.0,3156.0,3129.0,3280.0,"{""type"":""MultiPoint"",""coordinates"":[]}"
4308,3,2082.0,1461.0,934.0,1146.0,1551.0,1766.0,1907.0,2028.0,2255.0,2259.0,3151.0,2240.0,1092.0,1235.0,1538.0,1838.0,1881.0,2200.0,2208.0,2413.0,521.5,338.5,313.0,367.0,459.5,555.0,511.5,613.5,656.0,651.0,1335.5,1110.5,503.5,597.0,736.5,887.5,979.5,1010.0,1043.5,1202.0,2778.0,2382.0,600.0,841.0,1031.0,1294.0,1387.0,1614.0,1622.0,1715.0,2842.0,2513.0,1040.0,1113.0,1308.0,1544.0,1571.0,1747.0,1708.0,1907.0,0.0,0.0,0.0,0.0,0.0,0.0,0.0,0.0,0.0,0.0,3924.0,3425.5,1280.0,1560.0,1762.0,2168.5,2461.5,2854.0,2598.0,3058.5,3077.0,1873.0,2701.0,2662.0,2604.0,3127.0,3871.0,3879.0,4749.0,3950.0,1811.5,1214.0,962.0,1215.0,972.5,1323.0,2672.0,3111.0,2967.0,3295.0,3565.0,3006.0,2319.0,2345.0,2178.0,2671.0,3941.0,4645.0,4492.0,4848.0,2941.0,2121.0,1159.0,1386.0,1847.0,2157.0,2275.0,2428.0,2626.0,2636.0,1356.0,608.0,323.0,443.0,241.0,613.0,2544.0,4103.0,3704.0,4051.0,1536.0,705.0,366.0,661.0,327.0,823.0,2909.0,4539.0,4441.0,4812.0,1968.0,965.0,720.0,1075.0,541.0,1465.0,4048.0,5275.0,5256.0,5712.0,2032.0,1016.0,466.0,914.0,475.0,1514.0,3776.0,4877.0,4697.0,5164.0,2107.0,1084.0,520.0,1110.0,699.0,1946.0,3956.0,4672.0,4661.0,4957.0,2070.5,1111.5,604.0,1203.5,919.5,2157.0,3667.0,4248.0,4198.5,4645.5,2274.0,1317.0,673.0,1231.0,1040.0,2084.0,3202.0,3551.0,3781.0,4012.0,2464.5,1597.0,729.5,1156.0,1224.0,1962.5,2614.0,2974.5,2939.0,3211.0,2812.0,1876.0,751.0,1142.0,1381.0,1954.0,2347.0,2496.0,2769.0,2811.0,2898.5,2092.5,800.0,1175.0,1516.0,2006.5,2360.5,2599.5,2782.0,2897.0,2025.0,1492.0,1009.0,1213.0,1596.0,1864.0,1932.0,2044.0,2314.0,2295.0,2164.0,1445.5,707.0,999.5,1303.0,1708.5,1953.0,2248.5,2322.0,2436.5,1875.0,1275.0,771.0,1063.0,1449.0,1873.0,1936.0,2094.0,2401.0,2316.0,1900.5,1258.0,610.0,915.5,1323.5,1598.0,1758.5,1891.5,2160.0,2095.5,1949.0,1265.0,605.0,888.0,1314.0,1497.0,1689.0,1791.0,1985.0,1957.0,0.0,0.0,0.0,0.0,0.0,0.0,0.0,0.0,0.0,0.0,1887.0,1368.0,815.0,1003.0,1296.0,1393.0,1605.0,1610.0,1840.0,1866.0,0.0,0.0,0.0,0.0,0.0,0.0,0.0,0.0,0.0,0.0,1487.0,1300.0,7612.0,7366.0,7630.0,7769.0,7704.0,7413.0,7832.0,7237.0,1884.5,1321.5,1255.5,1530.0,1944.5,2271.5,2267.0,2461.0,2606.0,2664.5,1874.0,1358.0,858.0,1049.0,1370.0,1584.0,1760.0,1847.0,1971.0,1967.0,1743.0,1270.5,851.0,1000.0,1226.5,1493.5,1572.5,1695.0,1790.0,1822.5,1678.0,1250.0,709.0,886.0,1110.0,1360.0,1425.0,1608.0,1671.0,1765.0,2074.0,1441.0,943.0,1085.0,1350.0,1624.0,1781.0,1802.0,1901.0,2105.0,"{""type"":""MultiPoint"",""coordinates"":[]}"
4347,5,1795.0,1132.0,564.0,836.0,1134.0,1317.0,1394.0,1496.0,1666.0,1592.0,3429.0,2745.5,1030.5,1404.5,1827.0,2063.5,2173.0,2296.0,2444.0,2434.5,2140.0,1321.5,681.0,927.0,1265.0,1457.5,1541.5,1650.5,1769.0,1761.5,2206.0,1345.0,725.0,989.0,1360.0,1546.0,1654.0,1740.0,1886.0,1863.0,0.0,0.0,0.0,0.0,0.0,0.0,0.0,0.0,0.0,0.0,4085.0,3444.0,1300.0,1721.0,2254.0,2523.0,2632.0,2817.0,2847.0,2902.0,0.0,0.0,0.0,0.0,0.0,0.0,0.0,0.0,0.0,0.0,3992.0,3231.0,1118.0,1616.0,2007.0,2419.0,2785.0,2965.0,3046.0,3104.0,0.0,0.0,0.0,0.0,0.0,0.0,0.0,0.0,0.0,0.0,3309.0,2345.0,999.0,1461.0,1648.0,2124.0,2850.0,3086.0,3148.0,3179.0,0.0,0.0,0.0,0.0,0.0,0.0,0.0,0.0,0.0,0.0,2391.0,1852.0,659.0,913.0,1253.0,1366.0,1469.0,1562.0,1756.0,1658.0,2653.0,1257.0,640.0,967.0,692.0,1260.0,3901.0,4643.0,4471.0,4704.0,2150.0,1021.0,574.0,770.0,538.0,1013.0,3518.0,4447.0,4502.0,4534.0,2010.0,1836.0,371.0,570.0,741.0,1432.0,3109.0,3873.0,2489.0,3969.0,2213.0,996.5,491.0,694.0,464.0,951.0,3678.5,4666.0,4415.0,4840.0,2096.0,938.5,412.0,641.5,424.0,939.0,3589.0,4452.5,4584.5,4707.0,0.0,0.0,0.0,0.0,0.0,0.0,0.0,0.0,0.0,0.0,2549.5,1427.5,608.0,1101.5,999.5,1880.5,3112.5,3428.0,3650.0,3772.0,3093.0,2271.0,801.0,988.0,1250.0,1530.0,1672.0,1777.0,1878.0,2017.0,3059.0,2334.5,747.5,945.5,1274.0,1428.5,1544.0,1741.5,1931.0,1997.5,3960.0,2888.0,1063.0,1365.0,1914.0,2253.0,2339.0,2588.0,2816.0,2936.0,0.0,0.0,0.0,0.0,0.0,0.0,0.0,0.0,0.0,0.0,2904.0,2185.0,749.0,1046.0,1414.0,1636.0,1709.0,1827.0,1971.0,1964.0,0.0,0.0,0.0,0.0,0.0,0.0,0.0,0.0,0.0,0.0,1371.0,802.0,357.0,586.0,863.0,997.0,1075.0,1176.0,1274.0,1280.0,1339.0,886.5,412.5,563.5,777.5,893.0,935.5,1031.5,1080.5,1118.5,0.0,0.0,0.0,0.0,0.0,0.0,0.0,0.0,0.0,0.0,1605.0,1029.0,472.0,652.0,893.0,1034.0,1128.0,1231.0,1334.0,1283.0,0.0,0.0,0.0,0.0,0.0,0.0,0.0,0.0,0.0,0.0,1025.0,1102.0,11053.0,10595.0,10467.0,10554.0,10202.0,9896.0,10304.0,9472.0,3554.0,2972.0,3235.0,3320.0,3398.0,3562.0,3510.0,3583.0,3351.0,3595.0,2396.0,1666.0,605.0,914.0,1321.0,1482.0,1590.0,1702.0,1859.0,1814.0,2992.0,2265.0,845.0,1165.0,1529.0,1730.0,1829.0,1998.0,2164.0,2149.0,2043.0,1235.0,598.0,874.0,1254.0,1450.0,1522.0,1592.0,1776.0,1740.0,3269.0,2397.0,1348.5,1524.5,1970.0,2241.5,2365.0,2502.5,2560.0,2652.0,"{""type"":""MultiPoint"",""coordinates"":[]}"
4360,5,2783.0,2165.0,701.0,933.0,1375.0,1572.0,1710.0,1859.0,2081.0,2069.0,4736.0,4257.0,2090.5,2502.5,2747.5,3323.0,3519.0,3652.0,3974.0,3864.0,2823.0,2061.0,720.0,1008.0,1329.0,1706.0,1881.0,2024.0,2233.0,2241.0,2867.0,2115.0,1109.0,1331.0,1514.0,1988.0,2190.0,2432.0,2358.0,2650.0,3625.5,2887.0,795.5,1245.5,1522.5,2061.0,2457.0,2648.0,2813.0,2909.5,5520.0,4822.0,1494.0,2160.0,2410.0,3233.0,4275.0,4656.0,4718.0,4955.0,3977.5,2943.0,1207.5,1635.0,1520.0,2401.0,3963.5,4404.5,4412.5,4660.0,2577.0,1493.0,403.0,782.0,515.0,1278.0,3220.0,3748.0,3763.0,3972.0,2651.5,1194.5,302.5,587.0,297.0,974.5,4444.5,5642.0,5614.0,5862.5,2391.0,1014.0,258.0,438.0,191.0,703.0,4103.0,5769.0,5760.0,6208.0,2510.0,1030.0,372.0,499.0,268.0,740.0,4304.0,6003.0,5992.0,6339.0,2849.0,2325.0,717.0,993.0,1399.0,1620.0,1756.0,1867.0,2089.0,2101.0,2761.0,1098.0,458.0,661.0,362.5,999.0,4820.5,6388.5,6310.5,6776.0,2304.5,974.5,363.0,576.5,302.5,873.0,3815.0,4945.5,5013.0,5222.0,2068.0,961.0,459.0,766.0,464.0,1053.0,3224.0,4027.0,3999.0,4414.0,1216.0,744.0,426.0,708.0,514.0,993.0,2172.0,2524.0,2351.0,2752.0,3576.0,2741.0,735.5,999.0,1385.0,1752.0,2025.5,2279.5,2463.0,2700.5,4347.0,3346.0,1126.5,1483.0,1988.5,2451.5,2751.0,3037.5,2712.5,3381.0,3876.5,3032.5,759.5,949.5,1294.0,1571.0,1700.5,1883.0,2023.5,2173.0,2811.0,2169.0,655.0,855.0,1093.0,1417.0,1616.0,1770.0,1862.0,2057.0,3917.0,3050.0,745.0,944.0,1197.0,1523.0,1720.0,1867.0,2000.0,2125.0,3919.0,2970.0,698.0,888.0,1119.0,1447.0,1737.0,1911.0,2082.0,2192.0,2951.5,2520.5,1490.0,1619.5,1843.5,2030.5,2094.5,2196.0,2400.5,2323.5,3378.5,2523.5,607.5,812.5,1010.0,1346.5,1620.0,1789.5,2006.0,2069.5,2112.5,1859.5,718.5,823.5,1041.5,1252.0,1342.0,1485.0,1411.0,1639.0,2279.0,1843.0,433.5,709.0,1078.0,1254.0,1382.5,1499.5,1677.0,1662.5,2368.0,1933.0,551.0,737.0,1064.0,1277.0,1387.0,1506.0,1555.0,1683.0,0.0,0.0,0.0,0.0,0.0,0.0,0.0,0.0,0.0,0.0,2776.0,2151.0,635.0,930.0,1315.0,1653.0,1839.0,2001.0,2187.0,2187.0,1367.0,805.0,2563.0,2174.0,1982.0,1976.0,1923.0,1945.0,2186.0,1933.0,360.0,409.0,10156.0,10028.0,10056.0,10178.0,9815.0,9341.0,9718.0,8931.0,225.0,177.0,2043.0,2251.0,2471.0,2627.0,2398.0,2398.0,2395.0,2278.0,2983.0,2327.0,694.5,1026.5,1440.0,1740.0,1875.5,2011.5,2235.5,2241.5,1978.0,1644.0,550.0,735.0,1030.0,1171.0,1250.0,1356.5,1487.0,1496.5,2867.0,2179.0,614.0,927.0,1384.0,1667.0,1774.0,1932.0,2150.0,2180.0,2392.0,1861.0,700.0,1028.0,1459.0,1764.0,1886.0,2021.0,2185.0,2217.0,"{""type"":""MultiPoint"",""coordinates"":[]}"
4362,61,2161.0,1497.0,726.0,888.0,1211.0,1440.0,1519.0,1669.0,1912.0,1868.0,2258.0,1705.0,1009.0,1097.0,1183.0,1464.0,1724.0,1737.0,1822.0,1912.0,2238.5,1598.0,692.0,909.0,1181.5,1447.0,1498.5,1603.5,1746.0,1812.5,3356.5,2846.5,1169.0,1513.0,1857.5,2138.0,2274.5,2398.0,2602.5,2658.5,3273.0,2604.0,1070.0,1418.0,1747.0,2013.0,2267.0,2431.0,2605.0,2584.0,4593.0,4407.0,3445.0,3120.0,3146.0,3545.0,3901.0,4320.0,4285.0,4528.0,0.0,0.0,0.0,0.0,0.0,0.0,0.0,0.0,0.0,0.0,3643.0,2671.0,1037.5,1502.0,1405.5,2112.5,2918.5,3203.5,3304.5,3491.0,3682.0,2460.0,853.5,1447.0,1120.5,2103.0,3974.0,4378.0,4573.0,4726.0,2059.0,1053.0,472.0,859.0,522.0,1266.0,2951.0,3353.0,3454.0,3433.0,2312.0,1171.0,741.0,1102.0,622.0,1496.0,3610.0,4165.0,4264.0,4465.0,3148.0,2268.0,896.0,1110.0,1470.0,1701.0,1821.0,1953.0,2161.0,2195.0,2420.0,1325.0,492.0,976.0,549.0,1486.0,3252.0,3817.0,3984.0,4325.0,4728.0,4105.0,1453.0,1864.0,2521.0,2929.0,2974.0,3233.0,3343.0,3465.0,4116.0,3553.0,1323.0,1606.0,2070.0,2440.0,2599.0,2882.0,2897.0,3165.0,4370.0,4087.5,1238.5,1583.0,1950.5,2345.5,2511.0,2722.5,2675.0,2922.5,4040.0,3631.0,1053.0,1441.0,1733.0,2119.0,2579.0,2743.0,2895.0,2975.0,3738.0,3208.0,982.5,1315.5,1536.5,1968.0,2538.5,2757.5,2746.5,2959.0,3008.0,2188.0,685.5,1065.0,958.5,1684.0,2989.5,3249.5,3331.5,3421.5,2105.5,1222.5,475.0,810.0,581.5,1331.5,2689.5,2904.0,2876.5,3062.5,2205.0,1339.0,422.0,794.0,619.0,1371.0,2691.0,2791.0,3027.0,2960.0,2632.0,1917.0,540.0,893.0,836.0,1580.0,2605.5,2833.5,2962.0,3088.0,2926.0,2395.0,1711.0,1768.0,1949.0,2122.0,2181.0,2245.0,2575.0,2446.0,2060.0,1372.0,399.0,593.0,656.0,1160.0,1704.0,1922.0,2059.0,2087.0,301.0,220.0,130.0,109.0,154.0,240.0,272.0,312.0,335.0,340.0,2090.5,1480.0,371.5,564.5,796.0,1062.0,1330.5,1455.0,1711.5,1726.5,2296.5,1663.0,436.0,649.0,884.5,1121.5,1320.5,1457.5,1639.0,1713.0,0.0,0.0,0.0,0.0,0.0,0.0,0.0,0.0,0.0,0.0,1890.5,1377.5,568.0,703.0,831.0,1048.5,1229.5,1352.0,1529.0,1489.0,0.0,0.0,0.0,0.0,0.0,0.0,0.0,0.0,0.0,0.0,951.0,1040.0,10602.0,10282.0,10202.0,10343.0,9971.0,9639.0,10012.0,9287.0,737.0,582.5,1843.0,1756.0,1910.5,1876.5,1650.5,1763.5,1974.0,1596.5,1733.0,1543.0,507.0,655.0,814.0,918.0,1007.0,1057.0,1165.0,1181.0,1880.0,1501.5,707.0,862.0,1011.5,1192.5,1277.5,1349.5,1464.0,1476.0,1823.0,1383.0,636.0,855.0,1051.0,1205.0,1311.0,1441.0,1511.0,1522.0,2994.0,2655.5,1287.5,1630.5,1916.5,2183.0,2317.5,2455.5,2613.0,2583.5,"{""type"":""MultiPoint"",""coordinates"":[]}"
4373,5,2270.0,1674.0,758.5,908.5,1142.0,1291.0,1410.0,1530.0,1723.0,1672.0,3740.5,3522.5,1061.0,1393.0,1792.0,2014.0,2087.0,2274.0,2442.5,2441.5,1966.0,1415.5,574.0,712.0,936.0,1059.0,1119.5,1240.0,1344.5,1382.0,2450.0,1780.5,801.5,987.0,1250.0,1381.5,1466.0,1608.0,1753.0,1764.5,0.0,0.0,0.0,0.0,0.0,0.0,0.0,0.0,0.0,0.0,2255.0,2006.5,570.5,702.5,915.0,1117.0,1177.0,1323.5,1173.5,1532.5,0.0,0.0,0.0,0.0,0.0,0.0,0.0,0.0,0.0,0.0,4892.5,4715.0,1583.0,2074.0,2509.5,2900.5,3090.5,3346.0,3391.0,3510.0,4212.0,3757.5,1362.5,1750.5,2181.0,2477.0,2576.0,2708.0,2759.5,2977.5,4184.5,3650.0,1257.0,1584.5,1803.0,2228.0,2733.0,2976.0,3027.0,3222.5,0.0,0.0,0.0,0.0,0.0,0.0,0.0,0.0,0.0,0.0,2398.0,2169.0,615.5,795.5,1074.0,1210.0,1273.5,1373.5,1555.5,1576.5,2748.0,1448.5,467.0,757.5,443.0,1119.5,3550.5,4248.0,4066.5,4345.0,2540.5,1337.0,475.5,719.5,503.0,1051.5,3369.5,4260.0,4239.5,4559.0,0.0,0.0,0.0,0.0,0.0,0.0,0.0,0.0,0.0,0.0,2186.5,938.0,302.5,465.0,232.0,730.5,3718.5,5068.5,4958.0,5288.0,2130.5,943.0,252.0,450.0,238.5,658.0,3644.0,4835.0,5019.0,5167.0,0.0,0.0,0.0,0.0,0.0,0.0,0.0,0.0,0.0,0.0,2386.0,1185.5,384.5,797.0,426.0,1356.0,4060.5,4853.0,5036.0,5187.0,4348.0,3829.0,2723.0,2792.0,2968.5,3571.5,3690.0,3760.0,3671.5,3959.5,2943.0,2113.0,407.0,637.5,1044.0,1282.0,1466.0,1674.0,1968.5,2134.0,3430.5,2531.0,720.5,1019.0,1538.0,1855.0,1986.5,2214.0,2349.0,2574.0,0.0,0.0,0.0,0.0,0.0,0.0,0.0,0.0,0.0,0.0,3970.5,2984.5,1054.5,1380.5,1896.5,2214.0,2291.5,2525.0,2748.5,2777.0,0.0,0.0,0.0,0.0,0.0,0.0,0.0,0.0,0.0,0.0,1845.0,1063.0,587.0,808.0,1138.0,1345.0,1503.5,1647.0,1849.0,1885.0,1660.0,1051.0,616.5,790.0,1040.0,1214.0,1337.0,1444.5,1572.5,1576.5,0.0,0.0,0.0,0.0,0.0,0.0,0.0,0.0,0.0,0.0,2705.0,1996.5,869.5,1089.5,1337.0,1598.0,1831.5,1936.5,2181.5,2102.0,0.0,0.0,0.0,0.0,0.0,0.0,0.0,0.0,0.0,0.0,980.0,1087.5,10847.0,10505.0,10454.0,10555.5,10209.0,9858.5,10251.0,9489.5,0.0,0.0,0.0,0.0,0.0,0.0,0.0,0.0,0.0,0.0,2415.0,1861.0,613.5,798.5,1061.5,1229.0,1324.0,1429.5,1611.0,1610.5,3256.5,2763.0,869.5,1146.0,1486.5,1767.5,1831.0,1969.5,2133.0,2156.0,2243.0,1620.5,576.0,783.0,1052.5,1199.5,1264.0,1411.5,1541.5,1554.5,2876.0,2580.0,1033.5,1248.5,1530.5,1678.5,1688.5,1812.0,1954.5,1944.0,"{""type"":""MultiPoint"",""coordinates"":[]}"
4411,3,2509.5,1713.0,741.0,1070.5,1430.0,1761.0,1927.0,2078.5,2340.5,2304.0,4947.0,4309.0,2055.5,2673.0,3368.5,3786.0,3902.0,4136.5,4350.0,4345.0,3233.0,2428.0,1124.5,1545.0,2052.0,2356.0,2476.0,2651.0,2878.5,2873.0,3397.0,2620.5,1252.0,1697.0,2151.5,2543.5,2676.0,2877.0,3126.0,3108.0,6481.5,6135.5,2853.5,3735.0,4492.5,4939.5,5230.0,5363.5,5687.0,5615.0,6777.5,6260.0,2890.5,3734.0,4373.0,5141.0,5254.0,5576.5,5663.5,5871.5,0.0,0.0,0.0,0.0,0.0,0.0,0.0,0.0,0.0,0.0,6405.5,5977.0,2499.0,3329.5,3887.0,4642.5,5033.5,5343.5,5588.5,5626.0,3648.5,3060.0,1846.5,2184.5,2143.0,2920.0,3765.5,4246.0,3448.0,4417.5,1183.0,678.5,344.0,604.5,371.0,894.5,2222.5,2896.0,2753.0,2675.5,1599.0,774.0,514.0,652.5,421.0,886.5,2737.5,3912.5,3805.5,3886.0,2247.5,1462.0,710.5,1022.5,1402.5,1684.5,1832.0,1992.0,2276.0,2235.0,1434.0,623.0,483.5,601.5,322.5,782.0,2774.5,4093.0,3905.5,4187.5,1491.5,710.5,444.0,559.0,293.0,722.0,2898.0,4455.5,4477.5,4540.0,1409.5,625.0,324.0,554.5,268.0,898.0,3050.0,4319.0,4288.0,4536.5,1548.0,754.5,505.5,796.0,458.5,1300.0,3259.5,4320.5,4197.5,4505.0,1603.5,868.5,527.0,945.5,765.0,1787.5,3249.5,3944.0,4155.5,4150.5,1831.0,1014.0,641.0,1068.5,1011.0,2001.0,2963.5,3349.0,3420.0,3724.5,1957.0,1194.5,618.5,1040.5,1185.5,1894.0,2372.5,2632.0,2810.0,2927.5,2666.5,1761.5,958.5,1307.0,1780.0,2203.0,2436.5,2603.0,2748.5,2884.0,3332.0,2305.0,973.5,1369.5,1943.5,2319.5,2489.0,2659.5,2941.5,2994.5,3529.5,2441.0,953.5,1330.0,1893.0,2202.5,2436.0,2627.0,2796.0,2946.0,2491.5,1825.0,770.5,1119.0,1495.5,1813.5,1983.0,2135.0,2409.0,2397.0,3127.0,2200.0,924.5,1245.0,1731.5,2039.5,2209.5,2374.0,2700.0,2649.5,1769.0,1138.0,839.5,1124.5,1642.5,1946.5,2059.5,2230.0,2582.0,2566.5,1800.0,1111.5,692.0,1027.5,1543.0,1780.5,1927.0,2086.5,2395.5,2423.5,1761.5,1102.0,727.5,1021.5,1546.0,1762.0,1916.5,2090.0,2375.0,2372.0,0.0,0.0,0.0,0.0,0.0,0.0,0.0,0.0,0.0,0.0,1365.5,848.0,681.0,914.5,1339.5,1601.5,1709.0,1871.0,2129.0,2108.5,0.0,0.0,0.0,0.0,0.0,0.0,0.0,0.0,0.0,0.0,877.0,986.5,10367.0,10094.0,10102.0,10259.5,9831.5,9536.5,9910.0,9186.0,1511.5,1041.0,1479.0,1754.0,2111.5,2488.5,2519.0,2608.5,2779.5,2841.0,2907.0,2088.5,830.0,1211.0,1569.0,1941.0,2126.0,2294.0,2517.5,2528.0,3338.5,2707.5,1415.5,1838.5,2357.0,2622.5,2757.0,2873.5,3096.5,3043.5,3362.0,2643.5,1362.5,1855.0,2302.0,2683.0,2829.0,2978.0,3170.0,3164.0,5797.5,5713.0,1940.5,2613.5,3429.5,3843.0,3955.5,4175.5,4466.5,4501.0,"{""type"":""MultiPoint"",""coordinates"":[]}"
4426,3,3176.5,2873.5,2821.0,2799.5,2901.5,3050.0,3056.5,3156.0,3249.0,3263.0,4271.5,3673.0,1455.5,1819.5,2336.5,2653.0,2771.5,2987.0,3061.0,3239.5,2512.5,1768.5,804.0,1039.0,1379.0,1595.5,1708.5,1803.5,1964.0,2043.5,2515.0,1768.5,828.0,1044.0,1360.0,1598.0,1664.5,1805.5,1968.0,2016.0,5319.0,4946.5,1877.0,2382.5,2937.5,3293.0,3383.5,3573.0,3819.0,3810.5,5459.5,4793.5,1677.0,2128.5,2609.0,3257.0,3277.0,3416.0,3658.0,3762.0,0.0,0.0,0.0,0.0,0.0,0.0,0.0,0.0,0.0,0.0,1495.5,950.5,1018.0,1195.5,1025.5,1512.5,2076.5,2259.0,2386.5,2159.0,1111.5,672.5,331.5,623.0,399.5,946.0,1739.0,1995.0,1878.0,1837.5,1195.0,662.0,447.0,636.0,356.0,831.5,2014.0,2461.0,2391.5,2408.5,1446.5,721.5,788.0,897.0,593.5,1050.5,2582.0,3491.0,3359.0,3515.5,3615.0,2707.5,1431.5,1636.5,2017.5,2325.0,2609.0,2718.5,3041.0,3022.0,1140.5,532.0,356.5,492.5,261.5,690.0,2287.5,3073.5,2928.0,3172.0,1375.5,666.0,471.0,671.5,365.5,955.0,2833.0,3837.0,3808.5,3940.5,1449.5,713.0,415.5,772.0,399.0,1222.0,3053.5,3730.5,3667.5,3924.0,1639.0,857.0,579.5,1033.5,729.0,1727.5,3162.0,3619.5,3494.5,3795.0,1940.0,1154.0,640.0,1162.0,956.5,1980.0,2991.0,3341.0,3379.5,3565.0,3040.0,2055.0,933.0,1266.0,1791.0,2292.5,2474.0,2748.0,2845.5,3126.0,3811.5,2820.0,943.5,1276.0,1761.0,2068.0,2221.5,2402.0,2481.0,2693.0,2797.0,2290.0,2642.0,2689.5,2675.0,3030.5,3164.5,3368.0,3353.0,3413.0,3324.0,2397.5,741.5,985.0,1265.5,1591.5,1839.0,2015.5,2162.0,2224.5,3273.5,2343.5,764.5,1021.0,1277.0,1606.0,1897.0,2089.5,2175.0,2328.5,4203.5,3434.0,2167.0,2409.0,2746.5,3091.0,3267.0,3422.5,3723.0,3641.0,3131.5,2254.0,815.5,1061.0,1342.0,1628.0,1891.0,2077.0,2367.5,2356.5,2217.0,1458.5,696.0,895.0,1179.0,1456.0,1741.5,1868.5,2096.5,2105.0,2745.5,1864.0,654.5,939.5,1239.0,1586.5,1828.0,1966.5,2159.0,2184.5,3050.0,2096.5,707.0,974.0,1296.5,1636.0,1835.0,1994.5,2160.5,2282.5,2909.5,2322.0,2707.5,2616.0,2566.0,2937.5,3031.5,3152.0,2882.0,3127.0,1683.5,1141.5,576.0,768.5,957.5,1176.0,1440.0,1553.0,1726.5,1744.0,0.0,0.0,0.0,0.0,0.0,0.0,0.0,0.0,0.0,0.0,920.0,1018.5,10551.0,10228.0,10205.0,10259.0,9888.5,9569.0,9924.0,9199.0,1248.0,845.0,3322.0,3445.0,3741.5,4087.5,4065.5,4085.0,4280.0,4107.0,3424.5,2559.0,1016.5,1342.5,1675.0,2046.0,2367.0,2485.0,2706.5,2780.0,3073.5,2236.5,958.5,1279.0,1434.0,1943.5,2451.5,2650.0,2877.0,2883.0,3058.5,2161.0,858.5,1236.0,1348.5,1997.0,2653.5,2866.0,3129.5,3112.0,3409.5,2456.5,1049.0,1398.0,1554.0,2259.0,2730.5,2891.0,3161.0,3196.0,"{""type"":""MultiPoint"",""coordinates"":[]}"
4468,2,2056.0,1240.5,463.0,746.0,731.5,1312.5,2224.0,2441.0,2854.5,2557.0,3256.0,2656.0,861.5,1194.0,1438.5,1904.5,2247.5,2425.5,2624.5,2675.5,2197.5,1623.5,618.5,797.0,1070.0,1216.5,1303.5,1405.5,1541.0,1574.5,0.0,0.0,0.0,0.0,0.0,0.0,0.0,0.0,0.0,0.0,0.0,0.0,0.0,0.0,0.0,0.0,0.0,0.0,0.0,0.0,4695.0,4424.5,1536.0,1948.0,2479.5,2772.5,2861.0,3023.5,3163.5,3266.0,0.0,0.0,0.0,0.0,0.0,0.0,0.0,0.0,0.0,0.0,4840.5,4611.5,1555.0,1996.0,2425.0,2825.0,2947.5,3156.0,3285.0,3388.5,5070.5,4452.0,1826.5,2320.5,2736.5,3195.5,3397.0,3615.0,3574.5,3850.5,4361.5,3697.0,2324.0,2569.5,2629.0,3182.0,3822.0,4119.0,4062.5,4351.5,4318.0,3406.5,884.0,1302.5,1334.5,2033.5,3362.0,3833.5,3845.0,4126.0,2968.0,2114.5,597.0,889.5,990.0,1566.5,2465.0,2778.0,3043.0,3032.0,3918.5,2661.0,858.0,1231.0,1113.5,1901.0,4310.0,5165.5,4955.5,5413.5,3143.5,1965.5,687.0,993.0,821.0,1493.5,4220.5,5159.5,5188.0,5392.5,0.0,0.0,0.0,0.0,0.0,0.0,0.0,0.0,0.0,0.0,1783.5,850.0,437.0,608.5,428.5,906.0,3066.0,3871.5,3707.5,4088.5,2290.0,1057.0,339.0,602.0,348.5,1046.5,4086.5,5072.5,5186.0,5353.0,0.0,0.0,0.0,0.0,0.0,0.0,0.0,0.0,0.0,0.0,2369.0,1180.5,403.0,601.5,443.5,1142.0,3522.5,4226.0,4426.5,4604.5,0.0,0.0,0.0,0.0,0.0,0.0,0.0,0.0,0.0,0.0,3015.5,2138.0,667.5,838.0,1025.0,1548.0,2013.5,2290.5,2606.5,2729.0,3727.5,2870.5,688.0,914.5,1247.0,1582.5,1811.0,2040.0,2326.5,2507.5,0.0,0.0,0.0,0.0,0.0,0.0,0.0,0.0,0.0,0.0,3341.0,2543.5,633.5,828.5,1082.0,1365.0,1580.5,1776.0,2045.5,2159.5,0.0,0.0,0.0,0.0,0.0,0.0,0.0,0.0,0.0,0.0,2150.5,1321.0,260.0,448.5,612.5,883.0,1232.0,1423.0,1669.0,1785.0,3531.0,2890.5,1684.5,1855.0,2070.0,2350.5,2592.5,2761.5,3022.0,2958.5,0.0,0.0,0.0,0.0,0.0,0.0,0.0,0.0,0.0,0.0,2236.0,1372.0,369.5,584.5,553.5,955.5,1866.0,2118.5,2357.5,2368.0,0.0,0.0,0.0,0.0,0.0,0.0,0.0,0.0,0.0,0.0,883.0,1013.5,10752.5,10431.5,10416.0,10532.5,10215.5,9822.5,10231.0,9502.0,0.0,0.0,0.0,0.0,0.0,0.0,0.0,0.0,0.0,0.0,2862.5,2003.0,520.0,783.0,898.0,1422.5,2200.5,2479.5,2762.5,2765.5,2434.0,1571.0,495.0,802.0,740.5,1417.0,2508.0,2839.5,3007.5,3106.5,2271.5,1286.5,395.0,787.5,654.0,1586.5,2918.5,3209.0,3501.0,3510.0,2881.5,1921.0,675.5,1018.0,1033.5,1887.0,2761.5,3036.0,3193.5,3290.0,"{""type"":""MultiPoint"",""coordinates"":[]}"
4471,3,1788.0,1187.0,706.0,860.0,1074.0,1246.0,1336.0,1436.0,1638.0,1597.0,4233.0,4079.0,1568.0,1927.0,2379.0,2605.0,2697.0,2819.0,3018.0,3079.0,1671.0,1080.5,795.5,991.0,1206.5,1438.5,1504.0,1633.5,1776.0,1779.5,1720.0,1097.0,987.0,1230.0,1482.0,1741.0,1871.0,1945.0,2136.0,2070.0,4863.0,4587.0,2025.0,2521.0,3024.0,3368.0,3407.0,3571.0,3812.0,3723.0,5509.0,4593.5,3045.0,3324.5,3676.5,4152.0,4355.5,4475.5,4696.5,4721.0,0.0,0.0,0.0,0.0,0.0,0.0,0.0,0.0,0.0,0.0,4794.0,4107.0,1282.0,1722.0,1833.0,2514.0,3065.0,3367.0,3598.0,3753.0,1967.5,1154.0,485.0,794.0,713.0,1177.0,2082.5,2363.5,2415.5,2501.5,2059.0,1083.0,366.5,562.5,324.0,833.5,2548.0,3275.0,3386.0,3403.0,2078.0,1042.0,518.0,690.0,424.0,925.0,2935.0,4136.0,4093.0,4241.0,2229.0,1739.0,745.0,893.0,1114.0,1211.0,1293.0,1369.0,1577.0,1598.0,2291.0,1452.0,794.5,1081.5,890.5,1382.5,3321.0,4440.0,4408.0,4651.0,1593.0,736.0,477.5,638.0,349.5,875.0,2953.5,4127.0,4152.0,4269.5,1457.5,670.5,362.5,651.0,318.0,1011.0,3041.0,3948.5,3881.0,4179.0,982.0,503.5,371.5,582.0,327.5,878.5,1911.5,2278.5,2186.5,2366.5,2000.0,1122.0,578.0,1039.0,920.0,1782.0,2964.0,3390.0,3566.0,3684.0,1957.0,1113.0,601.0,1012.0,982.0,1774.0,2667.0,2957.0,3135.0,3257.0,3145.0,2198.0,710.0,1006.0,1409.0,1828.0,2006.0,2249.0,2425.0,2550.0,5168.0,4405.0,3453.0,3686.0,3873.0,4414.0,4740.0,4850.0,4620.0,5072.0,3340.5,2307.5,765.0,1027.0,1359.0,1686.0,2111.0,2288.5,2472.5,2583.0,3328.0,2354.0,762.0,985.0,1305.0,1778.0,2082.0,2349.0,2446.0,2627.0,0.0,0.0,0.0,0.0,0.0,0.0,0.0,0.0,0.0,0.0,3177.0,2188.0,769.0,1022.0,1303.0,1706.0,2064.0,2242.0,2516.0,2605.0,615.0,409.0,512.0,425.0,457.0,516.0,554.0,601.0,631.0,645.0,1610.5,1095.0,494.0,696.5,1004.0,1194.5,1282.5,1346.5,1556.0,1562.5,1935.5,1423.5,641.0,877.5,1179.0,1390.5,1475.0,1562.5,1706.5,1735.5,0.0,0.0,0.0,0.0,0.0,0.0,0.0,0.0,0.0,0.0,1403.0,872.0,652.0,815.0,1094.0,1263.0,1394.0,1485.0,1667.0,1708.0,0.0,0.0,0.0,0.0,0.0,0.0,0.0,0.0,0.0,0.0,1064.0,1152.0,10934.0,10616.0,10498.0,10597.0,10260.0,9909.0,10331.0,9590.0,1478.0,958.0,697.0,844.0,1010.0,1214.0,1265.0,1358.0,1476.0,1475.0,2412.0,1675.0,798.0,1050.0,1305.0,1535.0,1615.0,1726.0,1934.0,1920.0,2408.0,1672.0,849.0,1109.0,1310.0,1532.0,1658.0,1786.0,1991.0,1931.0,2306.5,1589.0,931.5,1199.0,1447.5,1743.5,1820.0,1900.0,2125.0,2105.0,3720.0,3257.0,1553.0,1949.0,2340.0,2584.0,2589.0,2683.0,3121.0,2907.0,"{""type"":""MultiPoint"",""coordinates"":[]}"
4473,5,1336.5,743.5,397.0,503.0,652.5,821.0,945.0,1060.5,1201.0,1229.0,2636.5,2094.0,713.0,872.0,1077.0,1245.5,1351.0,1471.0,1567.0,1615.5,2238.0,1576.0,630.0,760.5,960.5,1095.0,1194.5,1312.5,1442.0,1462.5,2547.5,1828.0,838.5,978.0,1209.5,1401.0,1433.5,1624.0,1809.5,1806.5,0.0,0.0,0.0,0.0,0.0,0.0,0.0,0.0,0.0,0.0,2770.0,1997.0,1468.5,1511.0,1503.5,1579.0,1534.5,1611.0,2536.0,1658.5,0.0,0.0,0.0,0.0,0.0,0.0,0.0,0.0,0.0,0.0,3645.5,3300.5,975.0,1242.5,1518.5,1821.0,1998.0,2161.5,2264.5,2374.0,0.0,0.0,0.0,0.0,0.0,0.0,0.0,0.0,0.0,0.0,3526.5,2893.0,822.0,1116.5,1300.5,1663.0,2195.0,2417.5,2494.5,2652.0,3697.5,2998.0,3115.5,2953.5,2631.0,3100.0,4750.0,5419.5,5252.5,5582.5,2875.5,2359.5,901.5,1041.5,1216.5,1422.0,1568.0,1669.0,1919.0,1851.5,2790.0,1597.5,470.0,696.0,564.5,1062.0,3230.5,3929.5,3750.0,4396.0,2482.5,1338.0,526.5,689.5,505.0,966.5,3377.5,4444.0,4270.5,4587.5,0.0,0.0,0.0,0.0,0.0,0.0,0.0,0.0,0.0,0.0,2435.5,1552.0,818.0,1008.5,836.5,1358.0,3396.5,4244.5,4039.5,4504.0,2124.5,1019.5,331.5,649.0,331.5,1038.5,3493.0,4330.0,4525.5,4589.0,0.0,0.0,0.0,0.0,0.0,0.0,0.0,0.0,0.0,0.0,2563.0,1703.0,405.5,694.0,710.5,1284.5,2125.5,2377.5,2748.0,2667.5,3141.0,2319.5,670.5,839.5,935.5,1378.5,1805.0,2011.5,2140.5,2350.5,2734.0,2084.5,427.5,599.0,802.5,1067.0,1251.5,1382.0,1566.5,1623.5,2811.5,2210.0,477.5,587.0,830.5,1044.0,1185.0,1353.0,1464.0,1601.5,0.0,0.0,0.0,0.0,0.0,0.0,0.0,0.0,0.0,0.0,3710.5,2642.5,765.5,1007.5,1419.5,1771.5,1839.0,2088.5,2213.0,2370.0,0.0,0.0,0.0,0.0,0.0,0.0,0.0,0.0,0.0,0.0,1258.5,842.5,212.0,308.0,484.5,588.0,649.0,689.5,787.0,861.5,967.5,715.0,196.0,268.0,387.0,449.0,467.0,542.0,578.5,628.5,0.0,0.0,0.0,0.0,0.0,0.0,0.0,0.0,0.0,0.0,1576.0,1249.5,383.5,457.5,606.0,684.5,771.5,864.0,928.5,941.0,0.0,0.0,0.0,0.0,0.0,0.0,0.0,0.0,0.0,0.0,933.0,1016.5,10964.0,10646.5,10558.5,10661.0,10324.5,9942.0,10376.0,9561.0,0.0,0.0,0.0,0.0,0.0,0.0,0.0,0.0,0.0,0.0,2298.5,1698.0,578.0,751.0,937.0,1154.0,1351.0,1463.0,1675.0,1640.0,512.5,362.0,633.0,876.5,991.0,1085.5,791.5,866.5,848.5,734.0,40.5,34.0,422.0,745.0,569.5,646.0,127.5,158.0,114.0,45.0,127.5,116.0,672.0,961.0,777.5,939.5,373.5,394.5,338.0,224.0,"{""type"":""MultiPoint"",""coordinates"":[]}"
4492,5,3023.5,2237.5,918.5,1133.0,1424.5,1711.5,1999.5,2145.5,2408.0,2353.0,4111.5,3419.0,1109.5,1391.0,1777.5,2088.0,2242.5,2441.0,2646.5,2705.5,3617.0,2832.5,956.0,1171.5,1526.5,1804.5,1884.0,2063.5,2231.5,2310.0,4136.5,3321.5,2349.5,2440.5,2584.5,2967.0,3435.0,3743.5,3978.5,4029.5,0.0,0.0,0.0,0.0,0.0,0.0,0.0,0.0,0.0,0.0,5066.5,4452.5,1421.0,1753.5,2204.5,2599.5,2706.0,2874.5,3025.5,3174.5,0.0,0.0,0.0,0.0,0.0,0.0,0.0,0.0,0.0,0.0,4580.5,4036.0,1207.0,1532.5,1857.0,2249.5,2650.0,2890.5,2986.5,3129.5,4195.0,3199.5,1029.5,1454.0,1618.5,2246.0,3022.0,3276.0,3345.0,3492.0,3931.5,2596.5,1902.0,2036.0,2126.0,2720.0,3794.0,4382.5,4559.5,4555.5,0.0,0.0,0.0,0.0,0.0,0.0,0.0,0.0,0.0,0.0,0.0,0.0,0.0,0.0,0.0,0.0,0.0,0.0,0.0,0.0,3131.5,1502.5,404.5,646.0,296.0,1102.5,4735.0,6499.0,6224.5,6589.5,2738.0,1343.5,429.0,618.5,343.5,906.0,4319.0,5951.0,6098.0,6287.0,0.0,0.0,0.0,0.0,0.0,0.0,0.0,0.0,0.0,0.0,2643.0,1341.5,807.5,855.5,575.5,1029.0,3852.5,5183.0,4797.0,5648.0,2275.5,1115.0,244.0,467.5,252.0,887.5,3560.5,4696.0,4815.5,5037.0,0.0,0.0,0.0,0.0,0.0,0.0,0.0,0.0,0.0,0.0,2459.5,1332.0,374.5,905.0,599.5,1681.0,3381.0,3828.0,4013.5,4161.0,3500.5,2425.5,736.0,923.0,1109.0,1496.0,1861.0,2090.0,2158.0,2446.0,3130.0,2239.5,428.5,608.0,897.5,1163.5,1377.0,1545.0,1718.0,1904.0,3140.5,2287.0,498.0,645.0,939.5,1202.5,1384.5,1524.0,1713.0,1854.0,0.0,0.0,0.0,0.0,0.0,0.0,0.0,0.0,0.0,0.0,2861.0,1897.5,484.0,722.5,881.5,1183.0,1582.5,1691.0,1950.5,2023.0,0.0,0.0,0.0,0.0,0.0,0.0,0.0,0.0,0.0,0.0,2652.0,1619.5,711.5,1012.5,1338.0,1899.5,2474.0,2628.0,2996.0,2909.0,1808.5,1152.0,592.0,745.0,919.5,1250.0,1587.0,1670.0,1794.5,1862.0,0.0,0.0,0.0,0.0,0.0,0.0,0.0,0.0,0.0,0.0,3112.5,2190.5,836.5,1062.0,1273.5,1832.5,2504.5,2682.5,2962.5,2898.0,0.0,0.0,0.0,0.0,0.0,0.0,0.0,0.0,0.0,0.0,944.0,1022.0,11069.0,10624.0,10539.0,10599.5,10329.0,9908.5,10352.5,9499.5,4273.5,3308.5,3798.0,3770.5,3724.0,3898.5,3906.5,3930.0,4351.5,3957.5,3330.0,2647.0,816.5,1034.5,1359.0,1662.0,1922.5,2064.0,2300.0,2330.0,3748.5,2996.0,907.5,1192.5,1507.5,1849.0,2167.0,2362.0,2587.0,2611.5,3224.5,2420.0,785.5,1027.5,1313.5,1701.0,1974.0,2157.5,2338.5,2422.5,3885.0,2987.0,1102.0,1359.0,1669.5,2139.5,2358.0,2575.5,2744.5,2847.5,"{""type"":""MultiPoint"",""coordinates"":[]}"
4507,5,1884.0,1331.0,826.0,997.0,1281.0,1502.0,1573.0,1694.0,1898.0,1898.0,4522.0,4143.0,1385.0,1781.0,2311.0,2589.0,2686.0,2842.0,3022.0,3080.0,2130.5,1308.5,765.0,981.0,1324.5,1580.0,1674.0,1853.0,2068.5,2111.5,1776.0,1077.0,994.0,1277.0,1505.0,1829.0,1833.0,1977.0,2061.0,2265.0,2448.0,1499.0,929.0,1223.0,1602.0,1918.0,2029.0,2206.0,2429.0,2509.0,5678.0,5366.0,3455.0,3831.0,4072.0,4680.0,4995.0,5092.0,5149.0,5133.0,2108.0,1367.0,1175.0,1491.0,1914.0,2252.0,2125.0,2278.0,2320.0,2411.0,3233.0,2298.0,1077.0,1455.0,1801.0,2147.0,2213.0,2351.0,2362.0,2566.0,5456.0,5026.0,2118.0,2739.0,3436.0,3720.0,3782.0,3934.0,4172.0,4176.0,5756.0,5282.0,2001.0,2550.0,3154.0,3635.0,3968.0,4292.0,4228.0,4530.0,2963.0,1728.0,1003.0,1325.0,1423.0,2057.0,2707.0,2969.0,2956.0,3267.0,2221.0,1645.0,796.0,961.0,1309.0,1487.0,1613.0,1702.0,1915.0,1920.0,4279.0,3174.0,1098.0,1511.0,1451.0,2207.0,3931.0,4603.0,4511.0,4927.0,4401.0,3213.5,1075.0,1514.5,1512.0,2203.5,4218.5,5027.5,5036.5,5409.5,3626.0,2441.0,942.0,1262.0,1225.0,1833.0,3752.0,4555.0,4482.0,4920.0,3264.0,2254.0,808.0,1104.0,1020.0,1601.0,3293.0,4064.0,3922.0,4366.0,2477.5,1503.0,496.0,750.0,617.5,1151.0,2795.5,3381.5,3453.5,3665.5,2192.0,1329.0,523.0,800.0,647.0,1180.0,2669.0,3129.0,3244.0,3396.0,2111.0,1239.0,460.0,720.0,636.0,1130.0,2462.0,2794.0,2988.0,3183.0,2264.0,1672.0,480.0,724.0,734.0,1132.0,1670.0,1859.0,1825.0,2187.0,2940.0,2179.0,557.0,832.0,961.0,1363.0,1748.0,1957.0,2229.0,2311.0,3768.0,2933.0,780.5,1061.0,1337.0,1712.5,1929.5,2159.5,2395.0,2487.5,2455.0,1698.0,834.0,1034.0,1334.0,1565.0,1698.0,1788.0,1980.0,2026.0,3284.0,2514.0,688.0,882.0,1125.0,1400.0,1603.0,1745.0,1968.0,1991.0,1491.0,871.0,433.0,531.0,697.0,876.0,1022.0,1137.0,1293.0,1353.0,2632.0,1946.0,693.0,976.0,1131.0,1405.0,1759.0,1938.0,2143.0,2128.0,3126.5,2332.0,685.0,988.5,1156.0,1597.5,2043.0,2202.0,2406.5,2425.0,0.0,0.0,0.0,0.0,0.0,0.0,0.0,0.0,0.0,0.0,2549.0,1661.0,630.0,923.0,910.0,1531.0,2378.0,2586.0,2825.0,2699.0,0.0,0.0,0.0,0.0,0.0,0.0,0.0,0.0,0.0,0.0,845.0,890.0,10240.0,10000.0,9994.0,10080.0,9763.0,9386.0,9800.0,8946.0,977.0,662.0,2805.0,3114.0,3404.0,3549.0,3561.0,3578.0,3853.0,3671.0,1587.0,967.0,957.0,1302.0,1624.0,1879.0,1893.0,2014.0,2160.0,2090.0,2972.0,2136.0,1048.5,1397.0,1714.0,2064.0,2233.5,2400.5,2607.5,2591.0,1837.0,1137.0,771.0,1052.0,1330.0,1668.0,1798.0,1914.0,2124.0,2130.0,3199.5,2355.5,999.0,1342.5,1652.0,2023.5,2202.0,2298.0,2522.0,2539.5,"{""type"":""MultiPoint"",""coordinates"":[]}"
4526,1,2145.5,1426.0,533.0,834.5,993.0,1499.0,2131.0,2327.0,2530.5,2518.0,3108.0,2256.0,722.0,1179.0,1184.0,1950.0,2270.0,2439.0,2557.0,2581.0,3156.0,2327.0,877.0,1319.0,1410.0,2073.0,2455.0,2612.0,2840.0,2759.0,3486.0,2548.0,887.5,1327.5,1401.5,2072.5,2873.0,3124.5,3275.0,3301.5,2458.0,1466.0,434.0,856.0,672.0,1408.0,2519.0,2828.0,2984.0,2981.0,3437.0,2111.0,584.0,905.0,687.0,1329.0,3930.0,5373.0,5382.0,5635.0,0.0,0.0,0.0,0.0,0.0,0.0,0.0,0.0,0.0,0.0,2035.0,882.5,361.5,560.5,307.0,713.0,3412.5,5349.0,5297.0,5636.5,3300.0,2701.5,1993.5,2148.5,2103.5,2555.5,4059.0,5143.5,5120.0,5301.5,1875.0,801.0,390.5,535.5,305.0,654.5,2938.0,4706.5,4797.0,5054.5,1994.0,899.0,383.0,603.0,376.0,778.0,2996.0,4725.0,4700.0,5011.0,2347.0,1639.0,534.0,831.0,1030.0,1608.0,2265.0,2447.0,2674.0,2636.0,2040.0,914.0,528.0,752.0,484.0,1016.0,3240.0,4176.0,4260.0,4609.0,1799.0,814.0,462.0,721.0,518.0,1117.0,2656.0,3361.0,3369.0,3755.0,2194.0,1309.0,294.0,451.0,630.0,934.0,1229.0,1441.0,1522.0,1737.0,2396.0,1639.0,504.0,539.0,715.0,999.0,1118.0,1310.0,1253.0,1545.0,4272.0,3045.5,1053.0,1454.0,2083.5,2491.5,2640.5,2889.5,2920.0,3222.0,4752.5,4076.0,1285.0,1831.0,2326.5,2982.0,3182.0,3369.5,3454.5,3646.0,3370.0,2404.0,846.0,1260.0,1527.0,2037.5,2406.0,2600.5,2653.0,2865.0,2769.0,1848.0,609.0,1016.0,993.0,1641.0,2418.0,2628.0,2673.0,2794.0,3951.0,3556.5,1139.5,1578.5,2160.0,2449.0,2561.0,2710.5,2823.5,2913.5,3965.0,3889.0,1193.0,1622.0,2162.0,2466.0,2567.0,2695.0,2768.0,2891.0,2027.0,1290.0,550.0,826.0,897.0,1515.0,2324.0,2484.0,2929.0,2620.0,3297.5,3142.5,1003.5,1362.0,1827.5,2116.5,2188.5,2337.0,2435.0,2531.0,4698.5,4513.5,1424.0,1902.5,2498.5,2908.5,3075.5,3134.0,3267.0,3370.5,3473.0,2952.5,1034.5,1442.0,1961.0,2264.5,2413.5,2591.0,2762.5,2811.5,2876.0,2325.0,705.0,1078.0,1463.0,1799.0,1895.0,1991.0,2180.0,2243.0,0.0,0.0,0.0,0.0,0.0,0.0,0.0,0.0,0.0,0.0,3276.0,2688.0,848.5,1226.5,1409.5,1988.0,2301.5,2477.0,2596.5,2636.5,0.0,0.0,0.0,0.0,0.0,0.0,0.0,0.0,0.0,0.0,102.0,97.0,6400.0,6649.0,6773.0,7107.0,6898.0,6441.0,6629.0,6014.0,1088.0,659.0,1666.0,2008.0,2324.0,2720.0,2812.0,2833.0,3107.0,2957.0,2726.0,1951.0,797.0,1105.0,1501.0,1789.0,1947.0,2124.0,2377.0,2362.0,4306.5,3621.0,1322.5,1756.5,2219.5,2661.5,2821.0,3034.0,3203.5,3273.5,3347.0,2708.0,1002.0,1362.0,1894.0,2179.0,2275.0,2452.0,2616.0,2684.0,3077.0,2283.0,817.0,1275.0,1491.0,2048.0,2232.0,2374.0,2577.0,2617.0,"{""type"":""MultiPoint"",""coordinates"":[]}"
4535,5,2621.0,1972.0,708.0,981.0,1353.0,1691.0,1919.0,2057.0,2304.0,2282.0,3079.0,2338.0,863.0,1252.0,1686.0,2129.0,2256.0,2413.0,2496.0,2582.0,2958.0,2209.0,815.0,1145.0,1553.0,1894.0,2064.0,2232.0,2410.0,2450.0,3460.0,2413.0,955.0,1422.0,1602.0,2327.0,2608.0,2793.0,2759.0,2961.0,2674.0,1840.0,665.0,1043.0,1327.0,1800.0,2147.0,2332.0,2483.0,2504.0,3952.5,2997.0,873.5,1412.5,1417.5,2299.5,3567.5,3986.0,4034.0,4188.0,3108.0,2014.0,784.0,1193.0,1099.0,1879.0,3539.0,3924.0,3939.0,4209.0,3526.0,1911.0,684.0,1096.0,651.0,1654.0,4414.0,5245.0,5220.0,5362.0,2464.0,1203.0,289.0,569.0,248.0,994.0,4249.0,5374.0,5503.0,5540.0,2487.5,1107.0,369.5,579.5,278.5,865.0,4311.0,5894.0,5960.0,6268.0,2469.0,1122.0,280.0,465.0,266.0,746.0,4182.0,5852.0,5900.0,6323.0,2703.0,2101.0,692.0,1010.0,1425.0,1764.0,1947.0,2103.0,2317.0,2290.0,2421.0,1317.0,494.0,658.0,357.0,948.0,4471.0,6329.0,6164.0,6914.0,2470.5,1043.0,488.0,703.0,404.0,998.0,4181.0,5502.0,5412.5,6065.0,1832.0,790.0,402.0,589.0,341.0,936.0,3240.0,4163.0,4095.0,4516.0,2162.0,1191.0,491.0,814.0,626.0,1432.0,2413.0,2826.0,2840.0,3193.0,2766.5,1855.5,452.0,631.5,799.0,1153.0,1486.0,1745.5,1825.5,2094.0,4282.0,3108.0,832.0,1109.0,1630.0,1983.0,2208.0,2505.0,2638.0,2894.0,3556.5,2667.0,892.0,1208.5,1597.5,1974.0,2184.0,2326.0,2398.5,2544.5,2715.0,1985.0,661.0,973.0,1288.0,1675.0,1804.0,1915.0,1977.0,2166.0,3777.0,3227.0,960.0,1397.0,1726.0,2236.0,2564.0,2729.0,2975.0,2918.0,4371.5,3923.5,1152.5,1635.0,1976.5,2560.0,3070.5,3263.0,3399.5,3480.5,2588.0,2006.0,694.0,983.0,1318.0,1660.0,1888.0,2027.0,2295.0,2226.0,2989.0,2371.0,814.0,1181.0,1227.0,1856.0,2609.0,2811.0,2870.0,2964.0,3446.5,2526.5,915.0,1377.5,1401.5,2317.0,3663.0,3957.0,4042.5,4139.0,2055.0,1307.0,488.0,787.0,774.0,1510.0,2649.5,2860.5,3080.0,3041.0,2516.0,1674.0,596.0,896.0,905.0,1745.0,3137.0,3435.0,3584.0,3583.0,2592.0,2172.0,1481.0,1603.0,1761.0,2318.0,2896.0,3149.0,2569.0,3221.0,2141.0,1369.5,450.0,701.5,676.0,1367.5,2375.0,2611.5,2819.0,2859.0,0.0,0.0,0.0,0.0,0.0,0.0,0.0,0.0,0.0,0.0,168.0,156.0,6432.0,6595.0,6861.0,7034.0,6841.0,6320.0,6484.0,5901.0,1066.0,704.0,1864.0,2246.0,2739.0,3009.0,2919.0,2893.0,3046.0,2837.0,2921.0,2250.0,889.0,1209.0,1679.0,1951.0,2121.0,2263.0,2521.0,2477.0,3786.0,3337.5,1254.5,1592.0,2112.5,2530.5,2670.0,2849.5,2989.5,3051.0,3975.0,3685.0,1109.0,1564.0,2206.0,2506.0,2631.0,2763.0,2913.0,2922.0,3177.0,2532.0,878.0,1305.0,1894.0,2203.0,2309.0,2453.0,2623.0,2670.0,"{""type"":""MultiPoint"",""coordinates"":[]}"
4587,5,3089.0,2741.5,2230.0,2285.0,2504.5,2702.5,2761.0,2839.5,3100.0,2992.5,3071.5,2331.0,1298.5,1629.0,1961.0,2213.0,2356.5,2447.5,2606.5,2622.0,1971.0,1318.0,658.5,858.0,1145.0,1340.0,1546.5,1652.0,1784.5,1870.0,1953.0,1257.0,841.0,1027.0,1342.0,1556.0,1709.0,1836.0,2062.0,2060.0,5352.0,4884.0,1844.0,2430.0,3110.0,3301.0,3384.0,3698.0,4143.0,4011.0,5288.0,4884.5,1531.5,2000.5,2575.0,2895.5,3143.5,3444.0,3601.5,3709.5,0.0,0.0,0.0,0.0,0.0,0.0,0.0,0.0,0.0,0.0,4805.0,4165.0,1443.0,1885.5,2130.0,2598.0,3292.5,3620.5,3672.0,4004.0,3782.5,2927.0,953.0,1352.5,1530.5,2076.0,3133.0,3434.5,3540.5,3763.5,2421.5,1330.5,595.0,813.5,693.0,1226.5,2933.5,3442.0,3394.5,3668.5,2537.0,1300.0,666.0,788.0,598.0,1140.0,3320.0,4168.0,4073.0,4289.0,2151.0,1495.5,642.5,826.5,1125.0,1337.0,1469.0,1585.5,1807.5,1784.0,2207.0,1036.0,384.0,474.0,263.0,820.0,3577.0,4870.0,4643.0,5069.0,2369.0,1018.0,387.0,509.0,267.0,738.0,4062.0,5752.0,5773.0,5975.0,2129.0,871.0,218.0,386.0,205.0,676.0,3934.0,5495.0,5456.0,5879.0,2366.5,973.5,396.0,509.5,301.5,809.0,4036.0,5861.5,5744.0,6054.0,2178.0,942.0,310.0,480.0,276.0,767.0,3914.0,5555.0,5505.0,5640.0,2096.0,911.0,413.5,679.0,369.0,1104.0,4046.5,5165.5,5281.0,5419.5,2149.0,1066.0,424.0,955.0,667.0,1892.0,3241.0,3694.0,3920.0,4049.0,2188.0,1523.0,898.0,1012.5,1177.0,1399.5,1494.0,1581.0,1709.5,1811.0,2576.0,1840.0,477.0,663.0,920.0,1066.0,1303.0,1439.0,1601.0,1716.0,2750.0,1933.0,640.0,923.0,1270.0,1496.0,1748.0,1780.0,1926.0,2220.0,2111.5,1491.5,654.5,889.5,1228.0,1402.5,1545.5,1658.0,1894.0,1900.0,3086.0,2346.0,819.0,1070.0,1389.0,1714.0,1902.0,2061.0,2249.0,2401.0,1985.0,1275.0,910.0,1080.0,1383.0,1729.0,1829.0,2026.0,2069.0,2310.0,2433.5,1711.5,679.5,987.0,1358.5,1553.5,1702.5,1854.0,2058.0,2117.0,2647.5,1999.5,768.5,1071.5,1467.0,1705.5,1866.0,1962.5,2165.0,2208.5,0.0,0.0,0.0,0.0,0.0,0.0,0.0,0.0,0.0,0.0,2443.0,1701.0,745.0,994.0,1237.0,1532.0,1784.0,1932.0,2101.0,2104.0,4630.0,4279.0,3824.0,3830.0,3968.0,4179.0,4163.0,4141.0,4524.0,4266.0,1013.0,1119.0,10140.0,9966.0,10010.0,10243.0,9933.0,9583.0,9868.0,9150.0,1008.5,650.0,906.5,1117.5,1363.5,1641.5,1623.5,1682.5,1812.5,1806.5,2387.0,1822.0,592.0,804.0,1097.0,1324.0,1450.0,1507.0,1706.0,1725.0,2096.0,1410.0,698.5,916.5,1220.0,1431.5,1568.0,1736.0,1898.0,1917.5,2246.0,1496.0,649.0,904.0,1235.0,1445.0,1567.0,1669.0,1882.0,1882.0,3873.0,3231.0,1738.0,2164.0,2682.0,2927.0,3078.0,3110.0,3500.0,3279.0,"{""type"":""MultiPoint"",""coordinates"":[]}"
4599,5,2462.0,1623.0,458.0,672.0,775.0,1216.0,1885.0,2067.0,2365.0,2398.0,4398.0,3499.0,935.0,1322.0,1737.0,2098.0,2310.0,2555.0,2803.0,2919.0,1984.0,1646.0,1011.0,1042.0,1152.0,1354.0,1429.0,1563.0,1598.0,1679.0,3592.0,2687.0,827.0,1127.0,1449.0,1856.0,2057.0,2340.0,2560.0,2603.0,0.0,0.0,0.0,0.0,0.0,0.0,0.0,0.0,0.0,0.0,5779.0,5252.0,3599.0,3829.0,4023.0,4634.0,5213.0,5471.0,5463.0,5482.0,0.0,0.0,0.0,0.0,0.0,0.0,0.0,0.0,0.0,0.0,3683.0,2477.0,514.0,932.0,781.0,1569.0,3923.0,4590.0,4738.0,4846.0,6030.5,5188.5,4769.0,4706.5,4699.0,5225.5,5980.5,6474.5,6391.0,6658.0,2568.5,1233.0,344.0,540.5,295.5,758.0,4498.5,6386.5,6344.0,6647.0,2973.0,1297.0,604.5,765.5,434.5,970.5,5588.0,8217.5,8213.0,8741.0,2664.0,1797.0,547.0,744.0,908.0,1291.0,1903.0,2084.0,2392.0,2419.0,2907.5,1971.5,690.0,1062.5,1059.0,1578.0,4556.0,6197.5,6492.0,6487.5,2207.0,907.0,387.0,538.0,321.0,629.0,3975.0,5926.0,6023.0,6166.0,2108.0,1013.0,391.0,572.0,356.0,753.0,3697.0,5415.0,5269.0,5650.0,2067.0,996.0,384.0,567.0,361.0,795.0,3321.0,4475.0,4370.0,4759.0,2513.0,1510.5,454.0,840.5,755.5,1506.0,2532.5,2999.0,3253.5,3381.0,0.0,0.0,0.0,0.0,0.0,0.0,0.0,0.0,0.0,0.0,3631.5,2682.0,865.5,1135.5,1650.0,1927.0,2041.0,2261.5,2483.5,2619.5,3756.0,3008.0,898.0,1143.0,1483.0,1758.0,1921.0,2017.0,2115.0,2264.0,3675.5,2759.0,822.5,1141.0,1288.5,1723.0,2250.5,2357.5,2594.5,2584.5,3422.0,2352.0,711.0,1096.0,994.0,1672.0,2670.0,2941.0,3124.0,3099.0,0.0,0.0,0.0,0.0,0.0,0.0,0.0,0.0,0.0,0.0,3885.0,3576.0,1008.0,1419.0,1972.0,2247.0,2328.0,2531.0,2775.0,2816.0,0.0,0.0,0.0,0.0,0.0,0.0,0.0,0.0,0.0,0.0,2640.0,1976.0,566.0,946.0,1386.0,1643.0,1700.0,1897.0,2121.0,2178.0,2955.0,2289.0,650.0,1034.0,1469.0,1719.0,1892.0,2024.0,2240.0,2252.0,0.0,0.0,0.0,0.0,0.0,0.0,0.0,0.0,0.0,0.0,2895.0,2211.0,737.0,1080.0,1487.0,1804.0,1915.0,2044.0,2290.0,2217.0,0.0,0.0,0.0,0.0,0.0,0.0,0.0,0.0,0.0,0.0,571.0,649.0,10714.0,10458.0,10394.0,10486.0,10105.0,9706.0,10078.0,9272.0,2395.0,1876.0,1505.0,1464.0,1581.0,1927.0,2150.0,2282.0,2291.0,2410.0,2905.0,1928.0,537.0,837.0,1024.0,1679.0,2592.0,2851.0,3187.0,3164.0,3213.0,2173.0,706.0,1025.5,1325.0,1923.5,2370.0,2626.5,2947.5,3021.5,3174.0,2164.0,606.0,924.0,1327.0,1830.0,2122.0,2350.0,2675.0,2717.0,0.0,0.0,0.0,0.0,0.0,0.0,0.0,0.0,0.0,0.0,"{""type"":""MultiPoint"",""coordinates"":[]}"
4627,3,1719.0,1196.0,470.0,569.0,748.0,905.0,1021.0,1070.0,1207.0,1236.0,2488.0,1995.0,795.5,1000.5,1239.5,1368.0,1459.5,1564.5,1652.0,1698.5,1846.0,1286.0,621.0,752.0,929.0,1049.0,1110.0,1198.0,1290.0,1305.0,1869.0,1331.0,622.0,710.0,870.0,1004.0,1032.0,1127.0,1210.0,1267.0,0.0,0.0,0.0,0.0,0.0,0.0,0.0,0.0,0.0,0.0,2783.0,2260.0,938.0,1141.0,1383.0,1581.0,1634.0,1779.0,1780.0,1901.0,0.0,0.0,0.0,0.0,0.0,0.0,0.0,0.0,0.0,0.0,2218.0,1370.0,506.0,729.0,626.0,1091.0,1906.0,2136.0,2110.0,2215.0,2100.0,1127.0,445.0,717.0,469.0,1088.0,3043.0,3956.0,3983.0,4056.0,1845.0,1051.0,434.0,577.0,413.0,851.0,2521.0,3704.0,3855.0,3717.0,1780.0,979.0,375.0,523.0,393.0,787.0,2418.0,3888.0,3998.0,4080.0,1807.0,1300.0,506.0,614.0,792.0,961.0,1076.0,1150.0,1273.0,1338.0,1999.5,1060.5,647.0,774.0,560.0,1103.0,2993.0,4751.5,4798.0,5095.0,1938.0,980.0,667.0,885.0,555.0,1264.0,3322.0,4642.0,4883.0,4851.0,2072.0,1149.0,561.0,881.0,556.0,1332.0,3469.0,4703.0,4698.0,5025.0,2160.5,1175.0,558.0,973.5,682.5,1563.0,3598.5,4463.0,4452.5,4847.0,2643.0,1542.5,767.5,1294.0,1192.5,2190.5,3728.0,4224.5,4226.5,4459.5,3446.0,2382.0,1120.0,1570.0,2211.0,2789.0,3026.0,3366.0,3665.0,3919.0,2365.5,1770.5,746.0,969.0,1288.0,1556.0,1679.5,1781.0,1910.0,1981.5,1850.0,1278.0,455.0,630.0,801.0,1007.0,1220.0,1335.0,1300.0,1487.0,2159.0,1710.0,577.0,765.0,1021.0,1198.0,1323.0,1426.0,1513.0,1564.0,2268.0,1875.0,668.0,804.0,1032.0,1192.0,1271.0,1394.0,1460.0,1551.0,0.0,0.0,0.0,0.0,0.0,0.0,0.0,0.0,0.0,0.0,2269.0,1693.0,827.0,945.0,1162.0,1309.0,1410.0,1520.0,1553.0,1655.0,2031.0,1480.0,761.0,926.0,1096.0,1242.0,1244.0,1313.0,1509.0,1437.0,1583.0,1023.0,394.0,538.0,768.0,911.0,983.0,1071.0,1226.0,1213.0,1978.0,1536.0,590.0,711.0,923.0,1042.0,1121.0,1258.0,1274.0,1374.0,0.0,0.0,0.0,0.0,0.0,0.0,0.0,0.0,0.0,0.0,1779.0,1168.0,576.0,669.0,841.0,967.0,1057.0,1113.0,1208.0,1262.0,0.0,0.0,0.0,0.0,0.0,0.0,0.0,0.0,0.0,0.0,281.0,274.0,8294.0,8152.0,8016.0,7917.0,7620.0,6917.0,7113.0,6292.0,0.0,0.0,0.0,0.0,0.0,0.0,0.0,0.0,0.0,0.0,2184.0,1549.0,691.0,854.0,1062.0,1216.0,1350.0,1449.0,1646.0,1614.0,2455.0,1957.0,827.0,1053.0,1274.0,1423.0,1504.0,1599.0,1732.0,1747.0,2295.0,1877.0,689.0,836.0,1073.0,1207.0,1282.0,1371.0,1466.0,1525.0,2693.0,2211.0,933.0,1053.0,1303.0,1476.0,1475.0,1633.0,1679.0,1782.0,"{""type"":""MultiPoint"",""coordinates"":[]}"
4633,3,90.0,53.0,1001.0,1541.0,2197.0,2554.0,2492.0,2607.0,2684.0,2588.0,2911.5,2674.5,742.0,992.5,1294.5,1464.5,1536.0,1660.5,1773.0,1807.5,1967.0,1417.0,618.0,738.0,937.0,1079.0,1152.0,1252.0,1350.0,1365.0,3003.0,2848.0,822.0,1025.0,1319.0,1508.0,1607.0,1702.0,1873.0,1884.0,2265.0,1878.0,515.0,701.0,902.0,1059.0,1172.0,1292.0,1413.0,1452.0,2804.0,1959.0,886.0,1207.0,1342.0,1599.0,1888.0,2031.0,2072.0,2231.0,3524.0,2719.0,1994.0,1991.0,1907.0,2205.0,2590.0,2735.0,3186.0,2935.0,789.0,510.0,864.0,1174.0,1108.0,1460.0,1522.0,1714.0,1638.0,1597.0,1869.5,1097.0,510.5,669.5,496.5,924.5,2243.5,2810.5,2820.5,2934.5,1445.0,712.0,365.0,549.0,295.0,779.0,2499.0,3285.0,3139.0,3311.0,1419.0,727.0,326.0,540.0,265.0,776.0,2568.0,3549.0,3493.0,3554.0,1541.0,1118.0,640.0,835.0,1114.0,1237.0,1298.0,1376.0,1556.0,1538.0,1349.5,642.0,338.0,549.0,271.5,828.5,2884.5,4096.0,3950.5,4238.5,1595.0,765.0,945.0,987.0,617.0,1176.0,3500.0,4614.0,4594.0,4846.0,1599.0,777.0,511.0,982.0,511.0,1538.0,3621.0,4401.0,4279.0,4594.0,1741.0,946.0,581.0,1146.0,783.0,1900.0,3306.0,3596.0,3581.0,3905.0,2099.0,1208.5,664.5,1155.5,1136.0,1975.0,2672.5,2972.5,3148.0,3292.5,3517.5,2549.0,1300.0,1630.0,1965.5,2591.0,3104.5,3424.5,3219.0,3824.5,2559.5,1866.0,933.0,1222.0,1521.5,1794.5,2020.0,2139.5,2242.0,2329.0,3129.0,2496.0,1050.0,1339.5,1751.5,2054.0,2169.0,2270.5,2348.0,2505.5,2764.0,2386.0,744.5,978.5,1374.0,1558.5,1597.5,1764.0,1851.0,1956.0,2527.0,2169.0,718.0,960.0,1314.0,1482.0,1513.0,1679.0,1719.0,1797.0,2779.0,2382.0,1709.0,1787.5,1973.0,2150.5,2196.0,2272.5,2357.0,2449.5,1920.5,1441.5,608.0,799.0,1088.0,1240.0,1331.0,1392.5,1557.5,1548.0,1853.0,1576.5,710.0,837.5,1059.5,1209.0,1270.5,1325.5,1325.5,1435.0,1743.5,1326.0,560.5,761.0,1067.5,1162.0,1230.0,1330.5,1564.0,1483.0,1928.0,1436.0,648.0,800.0,1085.0,1256.0,1264.0,1406.0,1452.0,1552.0,0.0,0.0,0.0,0.0,0.0,0.0,0.0,0.0,0.0,0.0,1623.0,1093.0,629.5,765.5,1011.0,1183.0,1278.5,1381.0,1385.0,1525.5,0.0,0.0,0.0,0.0,0.0,0.0,0.0,0.0,0.0,0.0,77.0,99.0,10704.0,10524.0,10360.0,10498.0,9991.0,9321.0,9578.0,8681.0,159.0,137.0,8066.0,8132.0,8142.0,8265.0,7948.0,7447.0,7770.0,7056.0,1977.0,1502.0,606.0,761.0,970.0,1122.0,1210.0,1274.0,1425.0,1448.0,2527.0,2234.0,587.0,781.0,1046.0,1179.0,1261.0,1367.0,1539.0,1536.0,1824.0,1348.0,487.0,634.0,835.0,955.0,1006.0,1100.0,1205.0,1245.0,1959.0,1439.0,564.0,707.0,913.0,1044.0,1109.0,1193.0,1315.0,1330.0,"{""type"":""MultiPoint"",""coordinates"":[]}"
4671,3,1567.0,951.0,590.5,746.0,918.5,1124.5,1276.5,1369.0,1366.0,1456.0,2462.5,1957.0,696.5,935.0,1163.5,1445.5,1629.5,1808.5,1800.0,1911.5,1905.0,1335.0,683.0,853.5,1059.0,1277.0,1397.0,1603.0,1641.5,1618.0,2348.0,1776.0,786.5,977.0,1234.0,1500.5,1585.5,1664.0,1720.0,1853.5,2030.0,1564.5,539.5,720.5,933.5,1145.0,1269.0,1360.5,1351.0,1460.5,3449.5,2504.0,1535.0,1674.5,1836.0,2132.0,2433.0,2630.5,2628.5,2882.0,1583.5,1298.5,978.5,1178.0,1291.5,1808.0,2028.0,2162.0,1571.5,2221.0,1668.5,1096.0,415.0,636.5,472.0,1020.0,2136.0,2663.0,2244.5,2653.5,1914.0,1212.0,414.0,647.5,423.5,1090.5,2770.0,3681.0,3532.0,3694.5,2018.5,1172.5,430.0,633.0,397.0,913.0,3010.0,4234.5,4374.5,4276.5,1968.0,1106.0,418.0,646.5,427.5,946.5,3042.5,4409.0,4514.5,4640.0,1824.5,1232.5,470.5,602.5,774.0,968.5,1146.0,1339.5,1467.5,1392.0,1938.5,985.5,610.0,798.5,500.0,1169.0,3673.5,5310.0,5339.5,5368.5,1847.0,945.0,560.5,837.5,510.0,1285.5,3345.5,4538.5,4572.5,4945.0,2174.5,1193.5,669.5,1130.0,746.0,1756.5,3795.0,4826.5,4750.0,4885.0,2237.5,1250.5,734.5,1252.5,909.0,2078.0,3693.0,4293.0,4266.5,4697.5,2283.5,1272.0,714.0,1248.5,1128.5,2075.0,3157.5,3552.0,3661.5,3979.5,3823.0,2598.0,1221.0,1700.5,2395.5,2925.0,3444.0,3743.0,3992.0,4278.0,1917.0,1284.5,614.5,760.0,957.5,1241.5,1527.5,1648.5,1640.5,1899.5,1649.0,1039.0,447.0,626.0,808.0,1034.0,1259.5,1328.5,1334.5,1517.0,2356.0,1779.0,682.0,831.0,1026.5,1284.5,1462.0,1579.0,1648.5,1764.5,2318.5,1820.0,567.0,731.5,942.5,1179.0,1405.5,1531.5,1555.5,1708.0,1961.5,1321.0,617.0,750.0,920.5,1167.0,1429.5,1541.0,1697.5,1729.5,2304.5,1740.5,651.0,836.5,1048.0,1397.0,1556.5,1731.0,1764.0,1950.5,3975.5,3328.0,2233.0,2350.5,2592.5,2861.0,2857.5,2888.0,3014.5,3008.0,1622.5,1150.5,412.0,592.5,841.0,973.0,1058.5,1182.0,1319.5,1308.5,2442.0,2165.0,1281.0,1343.0,1508.0,1677.0,1700.5,1759.0,1899.0,1866.0,3356.0,3362.0,2378.5,2344.5,2443.0,2790.5,2859.5,3013.5,2723.0,3135.5,1631.0,1135.5,487.5,609.0,750.0,925.0,1057.0,1142.5,1230.5,1280.0,0.0,0.0,0.0,0.0,0.0,0.0,0.0,0.0,0.0,0.0,51.0,77.0,9753.0,9693.0,9583.0,9742.5,9108.0,8296.5,8442.5,7543.5,279.0,211.0,3891.0,4100.0,4316.5,4791.5,4382.5,4279.0,4197.5,4014.5,2037.0,1351.5,679.0,870.0,1068.0,1266.5,1462.0,1533.5,1830.0,1793.0,1942.0,1360.5,535.0,753.5,913.5,1168.0,1297.5,1477.5,1526.5,1517.0,1888.0,1383.0,526.0,688.5,833.0,1114.5,1251.0,1381.0,1465.0,1600.5,2101.5,1558.5,529.5,755.0,948.0,1169.0,1352.0,1436.5,1542.5,1554.5,"{""type"":""MultiPoint"",""coordinates"":[]}"
4686,3,2348.5,1985.0,1580.0,1682.5,1960.0,2159.0,2201.0,2344.0,2585.0,2473.0,4507.0,3401.0,1345.0,1699.5,2184.0,2575.5,2686.5,2883.5,3089.5,3147.0,1993.0,1234.5,693.5,916.0,1205.5,1573.5,1749.5,1884.0,2052.0,2195.0,1906.0,1251.0,770.0,951.0,1219.0,1644.0,1695.0,1954.0,2078.0,2143.0,4789.0,4027.0,1400.0,1805.0,2237.0,2556.0,2698.0,2947.0,3264.0,3225.0,5105.0,4878.0,1933.5,2265.5,2764.0,3124.5,3215.5,3443.0,3493.0,3605.5,0.0,0.0,0.0,0.0,0.0,0.0,0.0,0.0,0.0,0.0,4489.0,3739.0,1881.0,2278.0,2506.0,3006.0,3456.0,3750.0,3704.0,3919.0,2422.0,1861.5,800.0,1036.5,1181.0,1541.0,1955.5,2115.5,1959.5,2316.0,1650.0,945.0,448.0,716.5,503.0,1137.0,2417.5,2911.5,2796.0,2938.5,2390.0,1216.0,520.0,786.0,421.0,1078.0,3624.0,4690.0,4734.0,4829.0,3353.0,2439.5,1111.5,1418.0,1901.0,2120.0,2203.0,2358.5,2723.5,2601.0,2269.0,1173.0,383.0,636.0,321.0,909.0,3360.0,4839.0,4807.0,4974.0,2164.0,1101.0,567.5,671.5,412.5,934.0,3311.0,5454.0,5595.5,5738.5,2016.0,970.5,295.0,435.0,241.5,740.0,3155.0,5017.0,5250.5,5371.5,2066.0,1037.0,455.0,842.0,456.0,1318.0,3275.0,5181.0,5086.0,5448.0,1993.0,966.0,436.0,813.0,410.0,1218.0,3970.0,5141.0,5457.0,5510.0,1788.5,954.0,661.0,970.5,697.0,1430.5,3245.5,4088.5,4178.0,4393.0,2130.0,1085.0,473.5,918.0,506.5,1475.0,3315.5,3941.5,4250.5,4396.5,3046.0,1524.0,1640.0,2121.0,1722.0,2956.0,3890.0,4071.0,4064.0,4270.0,3165.0,2311.0,818.0,1147.0,1501.0,1798.0,2108.0,2464.0,2501.0,2727.0,3071.0,2109.0,928.0,1183.0,1471.0,1781.0,2132.0,2297.0,2450.0,2659.0,2761.0,1997.0,911.5,1220.0,1658.5,1896.0,1993.5,2189.0,2471.5,2417.0,3179.0,2293.0,780.0,1005.0,1466.0,1691.0,1794.0,2011.0,2205.0,2247.0,0.0,0.0,0.0,0.0,0.0,0.0,0.0,0.0,0.0,0.0,1818.0,1125.5,477.5,704.0,1060.5,1212.0,1346.5,1474.0,1693.0,1726.5,2072.0,1372.0,488.0,722.0,1092.0,1377.0,1474.0,1617.0,1720.0,1777.0,2207.0,1538.0,683.0,846.0,1183.0,1449.0,1526.0,1706.0,1711.0,1901.0,1701.0,1196.5,1124.5,1180.5,1396.0,1538.5,1578.5,1679.5,1906.5,1814.5,0.0,0.0,0.0,0.0,0.0,0.0,0.0,0.0,0.0,0.0,1043.0,1146.0,10072.0,9928.0,9988.0,10190.0,9870.0,9491.0,9874.0,9170.0,1622.5,1137.0,1339.5,1548.5,1876.0,2085.5,2126.0,2398.0,2462.5,2507.0,3119.0,2277.0,965.0,1231.0,1667.0,1991.0,2032.0,2245.0,2516.0,2420.0,1964.0,1339.0,699.0,913.0,1249.0,1514.0,1674.0,1861.0,1997.0,2033.0,2549.0,1824.0,726.0,982.0,1337.0,1602.0,1719.0,1956.0,2053.0,2184.0,3507.5,3018.5,1412.0,1767.5,2163.5,2436.5,2551.0,2708.5,2697.0,2903.5,"{""type"":""MultiPoint"",""coordinates"":[]}"
4704,5,1420.0,832.0,518.0,589.0,767.0,1109.0,1323.0,1432.0,1596.0,1681.0,4208.0,3364.0,1147.0,1591.0,1999.0,2430.0,2845.0,3028.0,3246.0,3394.0,2857.0,2002.0,887.0,1175.0,1425.0,1905.0,2149.0,2388.0,2525.0,2619.0,3357.0,2696.5,850.5,1173.5,1321.0,1752.0,2074.5,2265.5,2458.0,2525.5,3401.0,2703.5,908.5,1244.0,1415.0,1859.5,2256.5,2452.5,2631.5,2628.0,2657.0,2149.0,997.0,1167.0,1352.0,1677.0,1736.0,1869.0,1803.0,2040.0,0.0,0.0,0.0,0.0,0.0,0.0,0.0,0.0,0.0,0.0,4853.0,4212.0,1213.0,1573.0,1826.0,2206.0,2531.0,2651.0,2941.0,3125.0,5654.0,4916.5,1628.5,2014.5,2322.5,2817.0,3178.0,3480.5,3493.5,3865.0,5295.0,4497.0,1398.0,1828.0,2120.0,2636.0,3191.0,3438.0,3508.0,3793.0,4290.0,3170.5,1083.5,1369.5,1426.0,2031.5,2997.0,3406.5,3442.0,3747.0,2702.0,1886.0,646.0,948.0,1137.0,1504.0,1753.0,1916.0,2107.0,2143.0,2996.0,1893.0,692.0,958.0,831.0,1464.0,2677.0,3310.0,3267.0,3511.0,2690.5,1552.5,422.5,696.0,533.5,1140.0,2715.5,3245.5,3469.0,3506.5,3224.0,1858.0,539.0,734.0,657.0,1151.0,2888.0,3609.0,3623.0,3976.0,2073.0,1023.0,361.0,509.0,357.0,817.0,2630.0,3178.0,3248.0,3536.0,1951.0,1005.0,262.0,514.0,365.0,863.0,2576.0,3212.0,3285.0,3324.0,1212.5,588.0,315.5,463.0,301.5,716.0,1671.0,2014.5,2026.5,2163.0,2910.5,1849.0,490.0,808.0,815.5,1467.5,2093.5,2427.5,2672.5,2764.0,2013.0,1333.5,483.0,589.5,665.5,895.5,1089.0,1154.5,1241.0,1375.0,3179.0,2275.0,560.0,700.0,853.0,1136.0,1340.0,1544.0,1647.0,1795.0,3001.5,2134.5,521.0,727.0,804.5,1222.0,1629.5,1809.5,1995.0,2107.0,3343.0,2794.5,1753.5,1884.0,1999.0,2275.0,2517.0,2644.0,2865.5,2778.5,2800.0,1869.5,518.5,789.5,782.0,1291.0,1901.5,2042.0,2261.0,2275.5,0.0,0.0,0.0,0.0,0.0,0.0,0.0,0.0,0.0,0.0,1930.0,1121.0,327.0,665.0,629.5,1187.5,1882.5,2041.5,2271.0,2228.5,2119.0,1243.0,392.0,742.5,684.0,1347.0,2058.5,2244.0,2454.0,2433.5,0.0,0.0,0.0,0.0,0.0,0.0,0.0,0.0,0.0,0.0,1851.0,1154.0,442.0,729.0,661.0,1261.0,2063.0,2293.0,2417.0,2444.0,0.0,0.0,0.0,0.0,0.0,0.0,0.0,0.0,0.0,0.0,609.0,680.0,10834.0,10532.0,10384.0,10524.0,10147.0,9746.0,10056.0,9303.0,874.5,567.5,1993.0,2137.0,2245.5,2481.0,2504.5,2531.0,2694.0,2552.5,2479.0,1719.0,603.0,913.0,1093.0,1503.0,1833.0,2077.0,2232.0,2271.0,2735.5,1838.0,708.0,1058.0,1073.0,1654.5,2347.0,2604.0,2767.5,2781.5,1850.0,1106.0,510.0,824.0,852.0,1440.0,2153.0,2330.0,2514.0,2465.0,2144.0,1294.0,622.0,973.0,1042.0,1682.0,2302.0,2465.0,2693.0,2657.0,"{""type"":""MultiPoint"",""coordinates"":[]}"
4705,5,1947.0,1283.0,558.0,787.0,1022.0,1383.0,1683.0,1827.0,2066.0,1991.0,4109.0,3467.0,1307.0,1769.0,2110.0,2660.0,2915.0,3059.0,3319.0,3319.0,2280.5,1712.5,702.5,914.0,1201.5,1350.0,1437.0,1523.0,1666.0,1688.5,2971.0,2228.0,1130.0,1351.0,1715.0,1940.0,2027.0,2188.0,2333.0,2330.0,0.0,0.0,0.0,0.0,0.0,0.0,0.0,0.0,0.0,0.0,4851.5,4436.5,2023.0,2420.0,2923.5,3240.0,3393.0,3596.5,3735.0,3778.0,0.0,0.0,0.0,0.0,0.0,0.0,0.0,0.0,0.0,0.0,5069.0,4736.0,1815.0,2396.0,2620.0,3372.0,3800.0,4068.0,4174.0,4153.0,6206.0,5387.0,6307.0,6045.0,5891.0,6499.0,6592.0,6612.0,6474.0,6573.0,3857.5,2615.5,665.0,1089.5,967.0,1780.5,4257.5,5152.5,5198.0,5396.5,2990.0,1625.0,419.0,651.0,399.0,1104.0,4148.0,5459.0,5506.0,5617.0,2971.0,2414.0,855.0,1121.0,1402.0,1799.0,2155.0,2273.0,2502.0,2413.0,2090.0,926.0,298.0,420.0,195.0,660.0,3293.0,4826.0,4702.0,4804.0,2466.0,1180.0,364.0,506.0,285.0,783.0,3713.0,5261.0,5498.0,5447.0,0.0,0.0,0.0,0.0,0.0,0.0,0.0,0.0,0.0,0.0,2553.5,1253.5,301.0,468.0,266.5,791.0,3732.0,5002.0,4967.5,5513.0,2376.0,1110.5,267.5,467.5,246.5,742.0,3520.5,4608.5,4797.0,4943.5,0.0,0.0,0.0,0.0,0.0,0.0,0.0,0.0,0.0,0.0,2602.0,1449.0,389.5,802.0,560.5,1483.5,3002.5,3481.0,3738.5,3974.5,2673.0,1870.0,486.0,632.0,802.0,1121.0,1350.0,1437.0,1553.0,1777.0,3116.5,2392.5,443.5,606.5,879.5,1055.0,1238.0,1441.5,1613.0,1736.0,3235.0,2510.0,515.0,671.0,936.0,1179.0,1289.0,1457.0,1674.0,1816.0,0.0,0.0,0.0,0.0,0.0,0.0,0.0,0.0,0.0,0.0,3731.0,2765.0,855.0,1094.0,1487.0,1707.0,1804.0,2003.0,2229.0,2231.0,1880.0,1376.0,672.0,757.0,973.0,1120.0,1167.0,1234.0,1395.0,1466.0,2257.0,1722.0,551.0,795.0,1142.0,1305.0,1362.0,1484.0,1632.0,1655.0,2246.0,1661.0,567.0,834.0,1184.0,1355.0,1425.0,1549.0,1724.0,1702.0,0.0,0.0,0.0,0.0,0.0,0.0,0.0,0.0,0.0,0.0,2258.0,1730.0,644.0,862.0,1154.0,1345.0,1444.0,1590.0,1754.0,1732.0,0.0,0.0,0.0,0.0,0.0,0.0,0.0,0.0,0.0,0.0,1169.0,1245.0,10688.0,10348.0,10260.0,10484.0,10084.0,9793.0,10048.0,9402.0,1811.0,1192.0,630.0,838.0,1080.0,1456.0,1682.0,1825.0,1948.0,1948.0,2699.0,2063.0,690.0,979.0,1262.0,1718.0,2097.0,2212.0,2441.0,2421.0,0.0,0.0,0.0,0.0,0.0,0.0,0.0,0.0,0.0,0.0,1584.0,1005.0,597.0,787.0,927.0,1294.0,1574.0,1663.0,1824.0,1781.0,3666.0,2994.0,1202.0,1590.0,1826.0,2359.0,2831.0,2900.0,3123.0,3181.0,"{""type"":""MultiPoint"",""coordinates"":[]}"
4711,1,2202.0,1339.0,519.0,870.0,961.0,1583.0,2720.0,2994.0,3240.0,3147.0,4670.0,4083.0,1618.5,2413.0,2967.0,3815.0,4147.0,4327.5,4480.0,4464.0,2868.0,2059.0,826.0,1281.0,1661.0,2167.0,2561.0,2711.0,2876.0,2853.0,3227.0,2305.5,763.5,1219.0,1394.0,1975.5,3326.0,3815.0,3926.0,3952.0,2344.0,1413.0,430.0,804.0,783.0,1284.0,3052.0,3647.0,3810.0,3751.0,1364.0,624.5,236.5,377.0,194.5,465.5,2434.0,3650.0,3846.0,3661.5,0.0,0.0,0.0,0.0,0.0,0.0,0.0,0.0,0.0,0.0,1901.0,769.0,295.5,467.0,259.5,603.0,3242.0,5313.0,5205.5,5566.0,1745.0,697.0,271.0,450.0,247.0,573.0,3024.0,4865.0,5094.0,5087.0,2056.0,872.0,349.0,560.0,328.0,732.0,3318.0,5157.0,5269.0,5405.0,2067.0,894.0,356.0,597.0,371.0,773.0,3266.0,4947.0,4976.0,5249.0,2067.0,1286.0,536.0,836.0,1053.0,1698.0,2592.0,2825.5,3014.0,2968.0,2217.0,1011.0,437.5,689.0,452.0,1016.0,3359.5,4603.5,4570.5,5013.5,3230.5,1973.5,818.0,1037.0,1176.0,1680.5,2105.5,2388.5,2456.5,2814.5,3416.0,2311.0,655.0,744.0,1192.0,1498.0,1655.0,1872.0,1988.0,2254.0,4090.5,2950.5,984.0,1269.0,1777.5,2190.0,2367.0,2608.5,2653.0,2943.0,4182.0,3091.5,1425.5,1938.5,2502.0,2909.0,3032.5,3236.5,3343.0,3497.0,5469.5,4954.0,1509.5,2207.5,3164.5,3692.5,3881.5,4069.5,4184.5,4328.5,3826.0,2930.5,1189.5,1654.5,2185.0,2679.5,2939.5,3138.5,3125.0,3345.0,4858.5,4054.5,1456.0,2068.0,2567.5,3355.5,3880.0,4143.0,4118.0,4379.0,4103.0,3884.5,1073.0,1594.5,2338.0,2717.5,2779.0,2948.0,2942.0,3114.5,2935.0,2551.0,767.0,1145.0,1788.5,2058.5,2100.0,2222.5,2297.5,2320.5,3559.0,2785.0,1662.0,1945.0,2068.0,2526.0,3239.0,3428.0,3827.0,3633.0,3925.0,3397.0,1161.0,1745.0,2569.0,2968.0,3116.0,3268.0,3387.0,3456.0,4525.0,4233.0,1326.0,1991.0,2769.0,3249.0,3486.0,3602.0,3809.0,3760.0,2449.0,1738.0,607.0,1051.0,1502.0,1915.0,2353.0,2488.0,2699.0,2611.0,3079.0,2394.5,798.5,1298.0,1730.0,2251.0,2819.0,2988.5,3128.0,3134.5,4474.0,4008.0,4022.0,4425.0,4376.0,4585.0,4565.0,4527.0,4887.0,4533.0,2450.5,1486.5,557.5,944.5,816.5,1531.0,3317.0,3727.5,3845.5,3848.5,0.0,0.0,0.0,0.0,0.0,0.0,0.0,0.0,0.0,0.0,79.0,82.0,9481.0,9349.0,9264.0,9430.0,9043.0,8421.0,8602.0,7787.0,1412.0,893.0,1718.0,2101.0,2650.0,3006.0,3112.0,3194.0,3497.0,3352.0,2529.5,1876.0,748.5,1110.5,1578.0,1865.5,2007.5,2133.0,2337.0,2289.5,3778.0,3255.5,2222.5,2476.5,2951.0,3206.5,3257.0,3351.0,3600.0,3484.5,2946.0,2249.0,889.0,1361.0,1972.0,2288.0,2436.0,2558.0,2797.0,2695.0,4084.0,3564.5,1934.0,2552.0,2979.0,3453.0,3572.0,3633.0,3769.0,3801.5,"{""type"":""MultiPoint"",""coordinates"":[]}"
4729,5,59.0,39.0,371.0,510.0,522.0,560.0,180.0,196.0,189.0,106.0,4084.0,3304.0,1180.0,1568.0,1948.0,2281.0,2327.0,2506.0,2686.0,2764.0,1331.5,696.0,662.0,852.5,1032.5,1291.5,1392.5,1526.0,1627.0,1668.0,1581.0,864.0,792.0,1023.0,1183.0,1487.0,1648.0,1776.0,1924.0,1954.0,0.0,0.0,0.0,0.0,0.0,0.0,0.0,0.0,0.0,0.0,3650.0,3102.0,1158.0,1400.0,1755.0,2008.0,2074.0,2299.0,2333.0,2420.0,1871.0,1104.0,750.0,882.0,1078.0,1286.0,1420.0,1589.0,1633.0,1807.0,3717.0,3022.0,1214.0,1585.0,1881.0,2190.0,2442.0,2637.0,2752.0,2780.0,4428.0,3269.0,1640.0,2062.0,2435.0,2895.0,3202.0,3424.0,3395.0,3724.0,1831.0,1447.0,700.0,816.0,902.0,1146.0,1518.0,1656.0,1536.0,1779.0,3010.0,1656.0,965.0,1160.5,923.0,1549.0,3478.0,4034.5,3911.0,4210.0,122.0,123.0,712.0,951.0,899.0,865.0,406.0,415.0,363.0,252.0,2625.0,1233.0,471.5,658.5,403.0,960.0,3747.5,4808.0,4621.5,4954.0,2500.0,1377.0,1695.0,1584.0,1301.0,1740.0,3492.0,4282.0,4539.0,4237.0,1873.0,841.0,335.0,450.0,279.0,675.0,3016.0,4233.0,4103.0,4508.0,2636.0,1892.5,1355.0,1433.5,1272.0,1839.5,3701.0,4531.0,4415.5,4801.0,1923.5,844.0,268.0,495.5,246.0,824.0,3453.5,4447.0,4569.0,4696.5,0.0,0.0,0.0,0.0,0.0,0.0,0.0,0.0,0.0,0.0,2125.0,996.0,361.0,855.5,490.5,1494.5,3580.0,4135.0,4357.0,4427.0,2571.0,1666.0,408.0,638.0,744.0,1186.0,1544.0,1730.0,1889.0,2111.0,2649.5,1835.5,396.5,591.0,828.5,1116.5,1376.5,1568.5,1801.5,1875.5,3078.0,2206.0,992.0,1192.5,1425.5,1685.0,1867.0,2035.5,2476.0,2343.0,0.0,0.0,0.0,0.0,0.0,0.0,0.0,0.0,0.0,0.0,3511.0,2612.0,848.0,1097.0,1492.0,1736.0,1805.0,1966.0,2193.0,2208.0,0.0,0.0,0.0,0.0,0.0,0.0,0.0,0.0,0.0,0.0,50.0,33.0,377.0,627.0,668.0,841.0,654.0,666.0,698.0,554.0,116.0,98.0,372.5,511.5,593.0,737.5,583.0,634.5,621.5,566.5,665.0,251.0,3884.0,3578.0,3389.0,3434.0,3099.0,2977.0,3371.0,2899.0,49.0,36.0,451.0,594.0,623.0,799.0,641.0,691.0,702.0,586.0,0.0,0.0,0.0,0.0,0.0,0.0,0.0,0.0,0.0,0.0,955.0,1037.0,10781.0,10454.0,10431.0,10504.0,10196.0,9806.0,10203.0,9456.0,0.0,0.0,0.0,0.0,0.0,0.0,0.0,0.0,0.0,0.0,1275.0,655.0,586.0,738.0,941.0,1156.0,1221.0,1358.0,1519.0,1519.0,2056.0,1177.0,695.0,931.5,1156.5,1464.5,1554.5,1722.5,1860.0,1895.0,908.0,454.0,586.0,772.0,973.0,1272.0,1329.0,1459.0,1611.0,1628.0,321.0,187.0,434.0,394.0,384.0,401.0,382.0,407.0,424.0,435.0,"{""type"":""MultiPoint"",""coordinates"":[]}"
4759,3,2024.5,1323.5,504.5,677.5,835.0,1055.5,1247.5,1383.5,1552.0,1543.0,3076.0,2493.0,1072.0,1363.0,1666.0,1924.0,2010.0,2117.0,2247.0,2264.0,2265.0,1601.5,783.5,1032.0,1295.0,1541.5,1610.5,1731.0,1843.5,1883.5,3939.0,3336.0,3086.0,3232.0,2868.0,3240.0,3527.0,3800.0,3884.0,4002.0,4039.0,3959.0,1112.0,1500.0,1945.0,2160.0,2260.0,2406.0,2580.0,2614.0,3064.0,2450.0,1610.0,1658.0,1921.0,2115.0,2084.0,2226.0,2125.0,2310.0,0.0,0.0,0.0,0.0,0.0,0.0,0.0,0.0,0.0,0.0,4403.0,3668.0,1885.0,2179.0,1873.0,2603.0,3806.0,4352.0,4271.0,4598.0,3006.0,2285.5,792.5,1230.5,1188.5,1978.5,3002.0,3464.5,3457.0,3562.0,1559.5,808.0,355.0,561.0,288.0,813.5,2593.5,3529.5,3473.5,3494.0,1336.0,648.0,636.5,726.5,422.5,785.5,2412.0,3664.5,3640.5,3625.0,3184.0,2609.0,982.0,1161.0,1340.0,1647.0,1904.0,2089.0,2286.0,2305.0,1889.0,825.0,378.0,580.0,242.0,783.0,3233.0,5053.0,4918.0,5414.0,1796.0,879.0,664.0,769.5,352.0,769.5,3074.5,5177.5,5213.5,5396.5,1616.0,735.0,344.5,501.0,253.5,693.5,2878.0,4906.0,4788.0,5175.5,1615.0,746.0,343.0,595.0,262.0,903.0,3155.0,4830.0,4748.0,5162.0,1595.0,773.0,294.0,611.0,340.0,972.0,3123.0,4531.0,4518.0,4909.0,1482.0,705.5,757.5,897.5,694.0,1180.0,2428.5,2960.0,3467.5,3151.5,1828.0,1004.0,359.5,647.5,604.0,1269.0,2368.0,2810.5,3028.5,3220.0,2800.5,1820.0,619.5,849.5,1026.5,1533.5,2005.0,2276.5,2355.5,2577.0,2987.0,2047.0,575.0,842.0,1153.0,1500.0,1802.0,2037.0,2258.0,2316.0,2722.0,1726.0,460.0,710.0,948.0,1307.0,1629.0,1834.0,1979.0,2166.0,1714.5,1153.5,760.0,807.0,861.5,1024.0,1175.0,1267.5,1534.5,1369.0,2609.5,1697.0,490.0,693.5,879.5,1223.0,1535.0,1722.0,1952.0,2000.5,1581.0,949.0,434.0,582.0,957.0,1188.0,1307.0,1508.0,1736.0,1783.0,2473.5,1532.5,427.0,666.5,1070.5,1271.5,1410.0,1573.5,1834.5,1890.5,2116.0,1334.0,466.0,702.0,1088.0,1291.0,1412.0,1580.0,1797.0,1829.0,0.0,0.0,0.0,0.0,0.0,0.0,0.0,0.0,0.0,0.0,1692.0,1143.0,555.0,685.0,965.0,1110.5,1244.5,1353.0,1553.5,1588.5,0.0,0.0,0.0,0.0,0.0,0.0,0.0,0.0,0.0,0.0,1044.0,1120.0,10842.0,10434.0,10360.0,10539.0,10191.0,9766.0,10130.0,9356.0,1603.5,1089.0,2098.5,2309.5,2446.0,2746.0,2851.0,2894.5,3036.5,2933.5,3060.0,2374.0,815.5,1034.0,1180.0,1572.0,1959.5,2130.0,2271.0,2333.0,2809.5,2122.0,805.5,1081.0,1287.5,1626.0,1812.5,1949.0,2116.5,2157.0,2498.0,1755.0,666.0,930.0,1166.0,1469.0,1614.0,1721.0,1849.0,1920.0,3829.0,3169.0,1024.5,1331.5,1618.0,1942.5,2057.5,2216.0,2364.0,2456.5,"{""type"":""MultiPoint"",""coordinates"":[]}"
4760,5,2023.0,1384.0,636.0,835.0,1055.0,1305.0,1558.0,1718.0,1948.0,1942.0,3023.5,2027.5,851.5,1138.0,1272.0,1826.5,2288.5,2511.0,2615.0,2761.0,3052.0,2047.0,867.0,1189.0,1338.0,1954.0,2368.0,2545.0,2757.0,2833.0,3489.5,2480.0,874.5,1144.0,1451.5,1789.5,2029.5,2246.0,2391.0,2485.5,3885.0,2776.0,932.5,1228.5,1611.0,1939.5,2193.5,2380.5,2548.0,2679.0,5812.0,4477.0,1605.0,1930.0,2505.0,2995.0,3220.0,3506.0,3581.0,3856.0,1033.0,608.0,846.0,822.0,903.0,1024.0,1048.0,1151.0,1136.0,1272.0,5619.0,4515.0,1310.0,1632.0,2128.0,2697.0,2885.0,3229.0,3318.0,3635.0,5666.5,4351.0,1341.5,1737.0,2132.0,2711.0,3130.5,3427.0,3609.0,3916.0,5107.0,3684.0,1169.0,1460.0,1679.0,2376.0,3100.0,3421.0,3466.0,3926.0,4007.5,2730.5,2555.5,2528.0,2327.5,2900.0,3899.0,4433.5,4506.5,4716.0,2771.0,1841.0,560.0,785.0,1052.0,1308.0,1584.0,1743.0,1974.0,2007.0,4842.0,3246.0,864.0,1111.0,1235.0,1792.0,2943.0,3485.0,3603.0,4037.0,3762.0,2515.5,747.5,936.5,981.0,1408.5,2633.5,3192.5,3219.0,3584.0,2768.0,1683.0,570.0,793.0,615.0,1107.0,2809.0,3454.0,3392.0,3800.0,2619.5,1403.0,507.0,758.5,522.0,1112.0,3182.0,3959.0,3781.5,4195.5,2275.0,1232.5,433.5,713.5,477.5,1065.0,2942.5,3678.0,3678.0,3960.0,2698.0,1734.0,840.0,1141.0,977.0,1582.0,3161.0,3776.5,3723.0,4055.0,2221.0,1200.5,438.0,752.5,575.5,1321.0,2740.0,3181.0,3230.0,3577.0,2622.0,1618.0,511.0,793.0,758.0,1429.0,2157.0,2459.0,2499.0,2794.0,2939.0,1898.0,490.0,768.0,791.0,1360.0,1997.0,2305.0,2444.0,2678.0,3585.0,2534.0,695.0,954.0,1248.0,1727.0,2033.0,2343.0,2576.0,2733.0,2808.5,1996.0,1218.5,1322.0,1445.0,1698.5,1905.0,2024.0,2419.0,2257.5,3825.5,2721.5,730.0,994.5,1302.5,1708.5,2027.5,2238.0,2481.5,2585.0,3667.0,2708.0,747.0,997.0,1289.0,1661.0,1970.0,2202.0,2419.0,2511.0,2496.0,1711.0,632.0,935.0,1129.0,1457.0,1856.0,2120.0,2355.0,2453.0,2939.0,1904.5,576.5,877.0,1083.0,1541.5,2053.5,2260.5,2475.0,2598.0,3525.0,2121.0,2994.0,3119.0,3039.0,3381.0,3236.0,2871.0,3856.0,2527.0,2426.0,1451.0,491.0,801.0,833.0,1419.0,2226.0,2490.0,2746.0,2819.0,0.0,0.0,0.0,0.0,0.0,0.0,0.0,0.0,0.0,0.0,723.0,660.0,7972.0,7744.0,7836.0,7884.0,7609.0,7466.0,7826.0,7125.0,1958.0,1322.0,1292.5,1540.0,1818.0,2129.0,2297.0,2516.0,2692.0,2711.0,3087.0,2102.0,677.0,948.0,1168.0,1541.0,1945.0,2168.0,2347.0,2429.0,3249.0,2193.5,822.5,1125.5,1263.5,1723.5,2259.0,2480.5,2746.0,2764.5,2812.0,1850.5,626.5,962.0,1062.5,1607.0,2210.5,2432.0,2709.5,2691.0,2692.0,1735.0,646.5,952.5,1048.5,1603.5,2161.0,2371.0,2595.0,2628.5,"{""type"":""MultiPoint"",""coordinates"":[]}"
4783,3,2028.0,1341.0,609.0,905.0,1276.0,1619.0,1783.0,1956.0,2141.0,2230.0,5000.0,4760.0,1442.0,1866.0,2506.0,2807.0,2975.0,3210.0,3437.0,3477.0,2681.5,1798.5,773.5,1033.0,1265.0,1665.0,1824.0,1986.0,2180.5,2297.0,3135.0,2218.0,947.0,1055.0,1088.0,1741.0,2015.0,2188.0,2385.0,2470.0,3329.0,2541.0,853.0,1220.0,1621.0,1977.0,2145.0,2332.0,2527.0,2594.0,7358.0,6700.0,2556.0,3225.0,3834.0,4643.0,5076.0,5468.0,5479.0,5847.0,0.0,0.0,0.0,0.0,0.0,0.0,0.0,0.0,0.0,0.0,2923.0,1571.0,446.0,818.0,356.0,1172.0,3636.0,4900.0,4748.0,5166.0,2669.0,1380.5,551.5,843.5,454.0,1211.5,4099.0,5109.5,5096.0,5119.0,2387.0,1188.0,355.0,582.0,266.0,907.0,3800.0,5602.0,5536.0,5867.0,1651.0,805.0,457.5,557.0,308.5,714.5,2780.0,4540.5,4446.0,4709.5,3080.0,2370.0,916.0,1260.0,1636.0,1895.0,2093.0,2306.0,2518.0,2488.0,1815.0,814.5,360.0,538.5,307.0,801.0,3451.5,5499.0,5492.5,5857.5,1779.0,834.5,573.5,866.5,469.5,1256.0,3501.5,5074.5,5078.0,5261.5,2474.0,1771.0,1686.0,1791.0,1474.5,2184.5,3845.0,4822.5,4687.0,5031.5,2146.0,1122.0,567.0,1021.0,578.0,1631.0,3957.0,4540.0,4444.0,4826.0,2387.0,1334.0,698.0,1272.0,865.0,2111.0,3709.0,4370.0,4298.0,4756.0,3607.0,2271.0,1019.0,1469.0,1986.0,2707.0,3124.0,3494.0,3720.0,4022.0,4182.0,3158.5,1217.5,1618.0,2194.0,2517.0,2714.0,2939.5,3165.5,3248.5,3808.0,2690.0,1014.0,1373.0,1703.0,2159.0,2659.0,2799.0,2884.0,3173.0,3888.0,2715.5,930.5,1264.5,1532.0,2063.5,2659.0,2908.5,3140.5,3153.5,3446.0,2216.0,771.0,1106.0,1260.0,1846.0,2451.0,2732.0,2991.0,3061.0,3735.0,3129.0,1921.5,2166.5,2455.0,2780.5,2925.5,3052.5,3329.0,3268.5,3107.5,2024.5,760.0,1102.5,1191.0,1804.5,2537.5,2787.0,3093.0,3091.0,2498.0,1533.5,835.5,1147.5,1517.0,2055.0,2420.0,2645.0,2876.5,3062.0,2461.0,1593.5,695.0,1035.5,1521.5,1925.5,2197.5,2441.5,2673.0,2755.0,3234.5,2226.0,876.0,1242.5,1747.5,2128.0,2256.0,2485.0,2684.0,2808.0,0.0,0.0,0.0,0.0,0.0,0.0,0.0,0.0,0.0,0.0,1430.0,962.0,511.0,665.0,1023.0,1332.0,1370.0,1516.0,1629.0,1827.0,0.0,0.0,0.0,0.0,0.0,0.0,0.0,0.0,0.0,0.0,810.0,853.0,10784.0,10458.0,10350.0,10441.0,10110.0,9732.0,10024.0,9310.0,1808.5,1615.0,5024.0,4988.5,5101.0,5260.5,5094.5,5000.5,5090.5,4907.5,2757.5,1888.5,744.5,1064.0,1374.5,1744.5,1989.5,2167.5,2352.5,2413.0,3822.0,3240.5,2285.5,2436.0,2694.0,3006.0,3067.0,3224.0,3494.5,3377.0,3059.0,2239.0,845.0,1186.0,1601.0,1973.0,2089.0,2321.0,2501.0,2512.0,3375.0,2511.0,961.0,1340.0,1783.0,2119.0,2334.0,2502.0,2690.0,2775.0,"{""type"":""MultiPoint"",""coordinates"":[]}"
4844,5,1834.0,1179.0,670.0,874.0,1266.0,1496.0,1630.0,1763.0,2036.0,2066.0,4292.0,3564.0,1145.0,1518.0,1938.0,2331.0,2532.0,2721.0,2923.0,3043.0,2147.5,1343.5,639.0,892.0,1139.0,1537.0,1756.5,1978.0,2163.5,2273.0,2969.5,2216.0,797.0,1066.5,1284.0,1735.5,1997.0,2205.5,2393.0,2479.0,3701.0,2839.0,847.0,1196.0,1418.0,1836.0,2217.0,2371.0,2645.0,2680.0,8522.0,7215.0,8352.0,8018.0,8114.0,8953.0,8979.0,9164.0,8698.0,9133.0,0.0,0.0,0.0,0.0,0.0,0.0,0.0,0.0,0.0,0.0,4953.5,4696.5,1379.5,1814.5,2395.5,2710.0,2770.5,2966.5,3011.0,3277.5,3185.0,2511.0,750.0,909.0,1265.0,1479.0,1579.0,1742.0,1733.0,1889.0,3585.0,2964.0,863.0,1099.0,1433.0,1724.0,1813.0,1984.0,2080.0,2221.0,1658.0,1104.0,1364.5,1199.0,1061.5,1264.0,1536.0,1646.0,1803.0,1692.5,3060.0,2475.0,916.0,1189.0,1579.0,1795.0,1871.0,2031.0,2295.0,2284.0,4619.0,3967.0,1141.0,1521.0,1782.0,2280.0,2841.0,3143.0,3107.0,3458.0,4594.5,3337.5,879.0,1315.5,1269.0,2070.0,3809.5,4347.0,4301.5,4709.0,2637.0,1535.0,518.0,701.0,551.0,1087.0,2693.0,3400.0,3187.0,3559.0,2630.0,1339.0,358.0,560.0,335.0,840.0,3462.0,4602.0,4397.0,4792.0,2166.0,1002.0,255.0,438.0,241.0,700.0,3481.0,4520.0,4515.0,4722.0,1875.0,850.0,172.0,373.0,175.0,663.0,3220.0,4205.0,4221.0,4385.0,2395.0,1312.0,390.0,877.0,537.0,1543.0,3457.0,4087.0,4257.0,4391.0,3094.0,2317.0,571.0,850.5,1019.5,1510.5,1806.0,2019.0,2160.0,2367.0,3364.5,2598.0,695.0,926.0,1249.5,1485.0,1587.5,1779.5,1854.5,1978.5,3719.5,3147.5,901.5,1102.0,1454.5,1675.5,1779.0,1931.0,2094.0,2183.5,700.0,501.0,489.0,501.0,620.0,678.0,743.0,793.0,893.0,858.0,3034.0,2399.0,773.0,944.0,1167.5,1360.5,1464.5,1588.0,1740.5,1792.0,1776.0,1216.0,527.0,713.0,973.0,1192.0,1244.0,1396.0,1525.0,1569.0,2624.0,2008.5,517.5,742.0,1013.0,1183.5,1295.0,1423.0,1624.0,1635.0,3244.0,2735.0,693.0,955.0,1298.0,1505.0,1611.0,1749.0,1936.0,1973.0,0.0,0.0,0.0,0.0,0.0,0.0,0.0,0.0,0.0,0.0,2539.0,2062.0,1173.5,1261.5,1434.0,1616.5,1728.5,1838.0,2045.0,2006.5,0.0,0.0,0.0,0.0,0.0,0.0,0.0,0.0,0.0,0.0,1016.0,1091.0,10612.0,10348.0,10308.0,10436.0,10123.0,9749.0,10144.0,9372.0,1561.0,1009.5,1967.0,2249.0,2603.5,2909.0,2925.0,3087.0,3251.0,3197.5,2694.0,1914.0,733.0,1008.0,1409.5,1677.5,1785.0,1934.0,2205.5,2223.5,2923.5,2164.5,870.0,1137.0,1494.5,1737.5,1894.0,2054.5,2292.5,2327.0,2256.0,1525.0,680.0,964.0,1318.0,1565.0,1718.0,1874.0,2128.0,2192.0,3021.0,2117.0,917.0,1217.5,1627.0,1901.5,2045.5,2164.5,2482.5,2354.0,"{""type"":""MultiPoint"",""coordinates"":[]}"
4868,5,2513.0,1715.0,636.0,799.0,909.0,1216.0,1553.0,1680.0,1903.0,1844.0,3496.0,2867.0,862.0,1131.0,1461.0,1717.0,1891.0,2028.0,2154.0,2238.0,2573.0,1732.0,699.0,871.0,1101.0,1350.0,1504.0,1645.0,1822.0,1883.0,3111.0,2463.0,741.0,937.0,1155.0,1386.0,1551.0,1684.0,1872.0,1929.0,3956.0,3395.0,1010.0,1256.0,1567.0,1880.0,2042.0,2220.0,2322.0,2435.0,3907.0,3278.5,1029.0,1283.0,1611.5,1887.5,2040.0,2218.0,2341.0,2454.5,0.0,0.0,0.0,0.0,0.0,0.0,0.0,0.0,0.0,0.0,4238.0,3585.0,1026.0,1364.0,1628.0,2080.0,2368.0,2582.0,2666.0,2854.0,4278.0,3367.0,1229.0,1439.0,1570.0,2013.0,2541.0,2854.0,2872.0,3134.0,3435.5,2507.5,733.0,1043.0,1111.5,1595.5,2631.0,2982.0,3008.0,3158.0,3103.0,2092.0,711.0,942.0,917.0,1401.0,2575.0,3073.0,3034.0,3295.0,2810.0,2115.0,706.0,829.0,1030.0,1310.0,1631.0,1776.0,2020.0,1964.0,1685.0,848.0,553.5,629.5,417.0,830.0,2472.5,3109.0,3017.0,3285.0,2048.5,1266.5,940.5,899.0,629.5,1109.5,2909.0,3753.0,3612.5,3904.5,0.0,0.0,0.0,0.0,0.0,0.0,0.0,0.0,0.0,0.0,1932.0,966.0,275.0,465.0,301.0,727.0,2686.0,3510.0,3459.0,3799.0,2119.0,1132.0,327.0,634.0,422.0,1085.0,2786.0,3400.0,3514.0,3627.0,0.0,0.0,0.0,0.0,0.0,0.0,0.0,0.0,0.0,0.0,3161.0,2450.5,530.5,711.0,949.5,1209.5,1428.0,1603.5,1777.5,1916.5,3108.0,2435.0,513.0,659.0,855.0,1081.0,1231.0,1336.0,1421.0,1548.0,3226.5,2573.0,586.0,723.5,918.0,1123.0,1303.0,1444.0,1595.5,1663.0,3819.0,2954.0,870.0,1042.0,1358.0,1629.0,1784.0,1971.0,2162.0,2237.0,0.0,0.0,0.0,0.0,0.0,0.0,0.0,0.0,0.0,0.0,3487.0,2626.0,818.0,1017.0,1238.0,1557.0,1900.0,1992.0,2265.0,2236.0,3667.0,2694.0,924.0,1106.0,1292.0,1698.0,2119.0,2216.0,2421.0,2502.0,2750.0,1840.0,676.0,880.0,1043.0,1399.0,1845.0,2071.0,2222.0,2232.0,2770.0,1923.0,750.0,912.5,1035.5,1408.0,1890.0,2030.5,2317.0,2196.0,0.0,0.0,0.0,0.0,0.0,0.0,0.0,0.0,0.0,0.0,2426.0,1581.0,600.0,766.0,790.0,1214.0,1959.0,2170.0,2415.0,2330.0,0.0,0.0,0.0,0.0,0.0,0.0,0.0,0.0,0.0,0.0,154.0,195.0,14492.0,13247.0,12358.0,12253.0,11469.0,10691.0,11004.0,9925.0,0.0,0.0,0.0,0.0,0.0,0.0,0.0,0.0,0.0,0.0,2774.0,1987.0,701.0,869.0,1057.0,1305.0,1501.0,1627.0,1844.0,1862.0,3082.0,2397.0,687.0,926.0,1129.0,1412.0,1727.0,1845.0,2131.0,2075.0,2523.0,1692.0,580.0,767.0,864.0,1223.0,1650.0,1807.0,2024.0,2010.0,2080.0,1328.0,602.0,816.0,1067.0,1379.0,1506.0,1684.0,1801.0,1902.0,"{""type"":""MultiPoint"",""coordinates"":[]}"
4869,3,1420.0,915.0,600.0,783.0,1099.0,1237.0,1325.0,1465.0,1750.0,1716.0,4147.0,3332.0,1145.0,1462.0,1771.0,2169.0,2349.0,2501.0,2741.0,2787.0,1114.5,675.5,560.5,668.5,891.5,1044.5,1114.5,1235.5,1364.0,1414.5,842.0,505.0,545.0,636.0,819.0,985.0,1016.0,1119.0,1263.0,1279.0,0.0,0.0,0.0,0.0,0.0,0.0,0.0,0.0,0.0,0.0,3468.0,2845.0,1056.0,1246.5,1560.0,1835.5,1942.0,2124.5,2252.5,2366.0,0.0,0.0,0.0,0.0,0.0,0.0,0.0,0.0,0.0,0.0,4259.0,3826.0,1207.0,1447.0,1760.0,2093.0,2285.0,2462.0,2594.0,2729.0,467.0,307.0,43.0,99.0,51.0,183.0,523.0,689.0,633.0,669.0,1498.0,780.0,321.0,539.0,258.0,814.0,2555.0,3278.0,3288.0,3325.0,1421.0,683.0,559.0,754.0,474.0,1040.0,2827.0,3601.0,3527.0,3603.0,1880.0,1430.0,749.0,949.0,1315.0,1488.0,1570.0,1661.0,1967.0,1863.0,1317.0,598.0,316.0,366.0,186.0,495.0,2300.0,4022.0,3897.0,4259.0,1298.0,574.0,380.0,456.0,259.0,557.0,2429.0,4180.0,4207.0,4319.0,0.0,0.0,0.0,0.0,0.0,0.0,0.0,0.0,0.0,0.0,1773.0,899.0,475.0,752.0,432.0,1171.0,3337.0,4583.0,4446.0,4854.0,1906.0,996.0,461.0,880.5,601.0,1509.0,3448.0,4232.5,4384.5,4562.0,0.0,0.0,0.0,0.0,0.0,0.0,0.0,0.0,0.0,0.0,2541.5,1593.0,714.0,1184.5,1333.5,2092.0,2932.0,3299.5,3519.0,3693.0,1714.0,1192.0,688.0,843.0,1049.0,1235.0,1349.0,1432.0,1313.0,1533.0,4133.5,2850.5,934.5,1291.5,1818.5,2207.5,2468.5,2725.5,2981.5,3093.5,3840.0,2947.0,795.0,1098.0,1603.0,1902.0,2101.0,2372.0,2553.0,2716.0,0.0,0.0,0.0,0.0,0.0,0.0,0.0,0.0,0.0,0.0,2433.0,2098.0,754.0,948.0,1244.0,1382.0,1464.0,1538.0,1704.0,1725.0,0.0,0.0,0.0,0.0,0.0,0.0,0.0,0.0,0.0,0.0,1159.0,778.0,316.0,462.0,670.0,742.0,810.0,901.0,1012.0,992.0,2757.0,2328.5,1269.0,1478.5,1766.0,2052.0,2155.5,2183.0,2087.5,2282.0,0.0,0.0,0.0,0.0,0.0,0.0,0.0,0.0,0.0,0.0,1179.0,827.0,387.0,466.0,618.0,703.0,735.0,807.0,921.0,922.0,0.0,0.0,0.0,0.0,0.0,0.0,0.0,0.0,0.0,0.0,1005.0,1065.0,10888.0,10506.0,10395.0,10501.0,10196.0,9758.0,10184.0,9408.0,0.0,0.0,0.0,0.0,0.0,0.0,0.0,0.0,0.0,0.0,972.0,574.0,388.0,551.0,795.0,979.0,1054.0,1201.0,1417.0,1425.0,1153.0,673.0,589.0,758.0,945.0,1173.0,1353.0,1460.0,1675.0,1652.0,733.0,399.0,393.0,581.0,785.0,1021.0,1161.0,1266.0,1505.0,1458.0,0.0,0.0,0.0,0.0,0.0,0.0,0.0,0.0,0.0,0.0,"{""type"":""MultiPoint"",""coordinates"":[]}"
4876,3,2000.0,1244.0,647.0,905.0,1164.0,1460.0,1640.0,1777.0,1994.0,1940.0,3756.0,3333.0,1085.0,1465.0,2008.0,2309.0,2483.0,2699.0,2692.0,2888.0,1456.5,907.5,669.5,962.0,1233.5,1499.0,1557.0,1741.5,1841.0,1872.5,1717.0,992.0,837.0,1127.0,1424.0,1703.0,1830.0,1927.0,2101.0,2050.0,5618.0,5148.0,1852.0,2511.0,3150.0,3499.0,3736.0,3955.0,4252.0,4181.0,6158.0,5192.5,2435.0,3115.0,3687.5,4162.5,4355.5,4454.0,5028.5,4721.5,0.0,0.0,0.0,0.0,0.0,0.0,0.0,0.0,0.0,0.0,4627.0,4084.0,1328.0,1853.0,2080.0,2784.0,3127.0,3520.0,3589.0,3749.0,1068.5,607.0,429.0,826.0,556.5,1065.0,1822.0,2154.5,2036.0,1940.0,2145.5,1011.0,293.0,677.5,199.5,944.5,3545.5,4758.0,4596.5,4731.5,2115.0,1043.5,829.0,1050.5,620.5,1229.5,3621.5,4939.5,4704.5,5012.0,3056.5,2359.0,838.0,1108.0,1425.5,1720.5,1946.5,2157.0,2347.5,2394.5,1922.0,811.0,369.0,594.0,237.0,796.0,3549.0,5083.0,4885.0,5251.0,1891.0,847.0,637.5,827.0,451.5,1064.0,3673.0,5316.0,5293.0,5553.5,1790.0,810.0,366.0,722.5,306.5,1095.5,3815.5,5125.5,5097.0,5394.0,2052.0,960.0,564.0,986.0,458.0,1610.0,4311.0,5487.0,5315.0,5766.0,2024.0,1024.0,494.0,1036.0,589.0,1756.0,4076.0,4836.0,4929.0,5086.0,2227.0,1138.0,566.5,1141.0,848.5,2229.0,3854.5,4360.0,4369.5,4811.0,2554.5,1463.0,673.5,1209.5,1152.0,2197.5,3196.5,3545.5,3749.0,3871.0,2866.0,2399.5,1687.5,1815.5,1957.5,2379.0,2508.5,2606.5,2685.5,2796.5,2635.0,1811.0,677.0,960.0,1384.0,1668.0,1790.0,2055.0,2200.0,2263.0,2306.0,1633.0,710.0,976.0,1383.0,1692.0,1738.0,1923.0,2016.0,2107.5,2667.5,2199.5,845.5,1208.0,1567.0,1870.0,2061.5,2185.0,2427.0,2379.5,2533.0,1711.0,604.0,842.0,1200.0,1483.0,1574.0,1741.0,1901.0,1997.0,1946.0,1250.0,675.0,874.0,1201.0,1484.0,1558.0,1743.0,1905.0,1944.0,1849.0,1187.5,524.0,743.0,1102.0,1337.0,1460.0,1605.0,1775.5,1839.5,2159.5,1424.5,551.5,789.5,1143.0,1411.0,1503.5,1634.5,1820.5,1869.5,0.0,0.0,0.0,0.0,0.0,0.0,0.0,0.0,0.0,0.0,1654.5,1284.0,1021.0,1101.0,1274.5,1445.5,1486.0,1570.5,1801.0,1691.5,3042.0,2875.5,2256.5,2260.5,2380.0,2552.0,2566.5,2638.5,2788.0,2723.0,1045.0,1148.0,10550.0,10316.0,10220.0,10428.0,10116.0,9700.0,10034.0,9308.0,1439.5,964.5,947.0,1220.5,1525.0,1857.5,1979.0,2042.0,2154.5,2189.0,3557.0,2735.0,854.0,1213.0,1525.0,2053.0,2337.0,2412.0,2535.0,2646.0,2288.0,1502.0,743.0,1059.0,1322.0,1688.0,2006.0,2163.0,2363.0,2331.0,2703.0,1869.0,824.0,1154.0,1389.0,1804.0,2192.0,2383.0,2556.0,2540.0,4201.0,3942.0,1288.0,1674.0,2171.0,2452.0,2539.0,2684.0,2883.0,2867.0,"{""type"":""MultiPoint"",""coordinates"":[]}"
4886,5,2297.0,1671.0,526.0,658.0,892.0,1082.0,1298.0,1469.0,1645.0,1628.0,3006.5,2406.0,778.0,1024.5,1311.0,1530.0,1678.5,1828.5,1959.5,2008.0,1958.0,1346.0,504.0,618.0,843.0,980.0,1075.0,1199.0,1324.0,1366.0,2256.0,1636.0,626.0,738.0,951.0,1096.0,1220.0,1358.0,1474.0,1503.0,0.0,0.0,0.0,0.0,0.0,0.0,0.0,0.0,0.0,0.0,3577.0,3071.0,1068.0,1327.0,1708.0,1940.0,1988.0,2183.0,2230.0,2402.0,0.0,0.0,0.0,0.0,0.0,0.0,0.0,0.0,0.0,0.0,3754.0,2849.0,1013.5,1378.0,1527.0,2082.0,2760.0,3010.0,2994.0,3235.0,3731.0,2667.0,2387.0,2478.0,2209.0,2551.0,3864.0,4030.0,4422.0,4239.0,2558.5,1525.0,461.5,768.0,595.0,1164.5,2907.5,3414.0,3438.0,3583.5,2448.0,1361.0,356.0,623.0,436.0,983.0,3065.0,3758.0,3763.0,3943.0,2458.0,1933.0,561.0,710.0,935.0,1165.0,1389.0,1510.0,1709.0,1744.0,3688.0,2506.0,2089.0,2287.0,2204.0,2819.0,4618.0,5320.0,5143.0,5551.0,2322.0,999.0,647.0,772.0,450.0,978.0,4023.0,5295.0,5236.0,5460.0,2194.0,966.0,379.0,554.0,306.0,819.0,3587.0,4882.0,4796.0,5171.0,1926.5,994.0,891.5,916.5,554.5,1025.5,2844.5,3561.5,3740.0,3756.0,2198.0,1036.0,349.5,617.5,354.0,1045.0,3147.0,3783.0,3917.0,4120.5,2249.0,1186.0,381.0,718.0,470.0,1306.0,2815.0,3269.0,3409.0,3641.0,3019.5,2170.0,438.5,629.5,842.0,1164.0,1413.5,1618.0,1796.0,1936.5,3828.0,2874.0,713.0,974.0,1384.0,1648.0,1740.0,1925.0,2041.0,2193.0,3584.0,2987.0,1473.0,1630.5,1786.0,2124.5,2251.5,2403.5,2530.0,2586.0,3785.0,2857.0,875.0,1089.0,1471.0,1736.0,1899.0,2092.0,2295.0,2349.0,0.0,0.0,0.0,0.0,0.0,0.0,0.0,0.0,0.0,0.0,6903.0,6187.0,5142.0,5122.0,5355.0,5811.0,5836.0,5915.0,6211.0,6046.0,0.0,0.0,0.0,0.0,0.0,0.0,0.0,0.0,0.0,0.0,1722.0,1114.0,359.0,502.0,732.0,859.0,948.0,1041.0,1210.0,1236.0,2366.0,1930.0,575.0,738.0,1008.0,1143.0,1198.0,1316.0,1441.0,1520.0,0.0,0.0,0.0,0.0,0.0,0.0,0.0,0.0,0.0,0.0,476.0,303.0,199.0,173.0,217.0,254.0,273.0,301.0,339.0,347.0,0.0,0.0,0.0,0.0,0.0,0.0,0.0,0.0,0.0,0.0,407.0,411.0,7610.0,7783.0,7995.0,8238.0,7950.0,7384.0,7562.0,6861.0,0.0,0.0,0.0,0.0,0.0,0.0,0.0,0.0,0.0,0.0,2623.0,1888.0,598.0,810.0,1020.0,1266.0,1521.0,1641.0,1851.0,1902.0,3176.0,2446.0,761.0,1069.0,1313.0,1616.0,1978.0,2122.0,2346.0,2357.0,3055.5,2349.0,2642.5,2486.0,2305.5,2529.5,2599.5,2657.5,3127.5,2700.5,2889.0,2368.0,1254.0,1430.0,1660.0,1894.0,2045.0,2226.0,2160.0,2405.0,"{""type"":""MultiPoint"",""coordinates"":[]}"
4911,5,2921.0,2064.0,889.0,1113.0,1517.0,1707.0,1792.0,1951.0,2213.0,2192.0,4144.0,3242.0,1357.0,1637.0,1971.0,2407.0,2721.0,2919.0,3069.0,3151.0,1584.5,1297.0,469.0,567.5,773.0,908.0,940.5,1054.5,1080.5,1181.5,2074.0,1734.0,599.0,742.0,982.0,1155.0,1258.0,1320.0,1380.0,1437.0,3406.0,3193.0,1009.0,1273.0,1605.0,1841.0,1979.0,2152.0,2296.0,2336.0,0.0,0.0,0.0,0.0,0.0,0.0,0.0,0.0,0.0,0.0,0.0,0.0,0.0,0.0,0.0,0.0,0.0,0.0,0.0,0.0,5127.0,5046.0,1839.0,2340.0,2997.0,3304.0,3321.0,3476.0,3464.0,3674.0,3402.0,2463.5,2028.5,2122.5,2300.5,2713.0,3071.0,3269.0,3691.0,3487.0,5449.0,5296.5,1932.0,2522.5,3129.5,3687.0,3978.0,4178.0,4252.0,4422.0,5552.0,5267.0,1840.0,2379.0,2877.0,3530.0,3909.0,4315.0,4260.0,4551.0,1927.5,1359.5,664.0,773.5,1001.0,1105.0,1171.5,1247.5,1437.0,1405.0,4151.0,3482.0,1183.0,1585.0,1687.0,2372.0,3245.0,3579.0,3510.0,3771.0,4363.0,3370.0,958.0,1449.0,1425.0,2344.0,4401.0,5097.0,5126.0,5313.0,2988.0,1894.0,514.0,883.0,751.0,1469.0,4039.0,5220.0,5191.0,5442.0,2753.0,1426.0,333.0,606.0,339.0,974.0,3915.0,5202.0,4968.0,5386.0,2378.5,1165.5,283.0,526.0,280.5,867.0,3839.5,5009.0,5179.0,5295.0,1514.0,692.5,383.5,528.5,304.0,712.5,2838.0,3683.0,3637.5,3894.0,2100.5,1030.5,326.0,630.5,302.0,1059.0,3806.0,4626.0,4790.0,4955.5,2743.5,2511.5,1438.5,1752.5,1760.5,2488.0,3210.5,3407.5,2931.0,3505.5,3288.0,2212.0,535.0,964.0,1109.0,1809.0,2589.0,2887.0,3219.0,3384.0,3535.0,2707.0,590.0,858.5,1188.0,1543.5,1805.0,2031.0,2286.5,2454.5,3092.0,2193.5,938.0,1172.0,1542.0,1730.0,1875.0,1997.5,2295.0,2237.5,3115.5,2321.5,606.0,795.0,1045.5,1348.0,1566.0,1752.0,1985.0,2086.5,3429.0,2426.0,809.0,1045.0,1549.0,1883.0,2006.0,2237.0,2549.0,2640.0,3443.0,2460.5,789.5,1079.5,1530.0,1770.0,1904.5,2085.5,2371.0,2415.5,3311.0,2389.0,834.0,1068.0,1469.0,1700.0,1816.0,1965.0,2178.0,2248.0,0.0,0.0,0.0,0.0,0.0,0.0,0.0,0.0,0.0,0.0,2814.5,2150.5,826.5,957.0,1196.0,1351.5,1448.5,1576.5,1767.0,1778.5,0.0,0.0,0.0,0.0,0.0,0.0,0.0,0.0,0.0,0.0,1021.0,967.0,7758.0,7585.0,7738.0,8027.0,7787.0,7585.0,7920.0,7386.0,2354.5,1661.0,1397.5,1642.0,2040.5,2282.5,2386.0,2474.5,2666.0,2684.5,3560.0,2703.0,1032.0,1272.0,1631.0,1873.0,2023.0,2160.0,2334.0,2394.0,3188.5,2385.5,995.0,1245.5,1563.0,1815.5,2024.0,2179.0,2383.0,2432.0,2975.0,2147.0,878.0,1139.0,1547.0,1894.0,1973.0,2236.0,2391.0,2409.0,4177.0,3085.0,1274.0,1526.0,1881.0,2311.0,2496.0,2707.0,2834.0,2943.0,"{""type"":""MultiPoint"",""coordinates"":[]}"
4914,5,762.5,454.0,648.0,827.5,971.5,1077.0,1011.0,1067.5,1100.5,1036.0,2265.0,1332.0,823.0,1073.0,1348.0,1599.0,1624.0,1770.0,1807.0,1911.0,1708.0,990.0,683.0,856.0,1061.0,1213.0,1274.0,1401.0,1491.0,1518.0,1553.0,1111.0,772.0,963.0,1121.0,1385.0,1484.0,1616.0,1696.0,1769.0,1445.0,1359.0,2433.0,2921.0,3157.0,3454.0,2792.0,2797.0,2523.0,2438.0,3616.0,2663.5,1595.5,1787.5,1872.5,2228.5,2724.0,2937.5,3057.0,3087.0,2055.0,1228.0,929.0,995.0,1087.0,1341.0,1374.0,1509.0,1538.0,1670.0,523.5,334.0,958.0,1205.5,1164.0,1342.0,917.0,982.0,902.5,829.5,2200.0,1556.5,651.5,836.0,1026.5,1222.0,1295.0,1427.5,1453.0,1550.0,2669.0,2046.0,792.0,983.0,1210.0,1416.0,1616.0,1732.0,1789.0,1848.0,0.0,0.0,0.0,0.0,0.0,0.0,0.0,0.0,0.0,0.0,1493.0,952.0,544.0,684.0,894.0,1028.0,1131.0,1217.0,1362.0,1335.0,4972.0,4462.0,5333.0,5140.0,4909.0,5349.0,5716.0,5933.0,5507.0,5907.0,2335.0,1338.0,503.0,777.0,568.0,1208.0,2662.0,2946.0,2834.0,3022.0,2382.0,1719.0,671.0,929.0,1109.0,1412.0,1592.0,1751.0,1726.0,1939.0,1956.0,1301.0,719.0,899.0,1066.5,1279.0,1349.5,1530.5,1432.5,1688.0,1936.0,1313.0,551.5,704.0,848.5,1067.0,1206.0,1323.5,1355.5,1440.0,2258.5,1703.0,562.5,727.0,931.0,1102.5,1221.0,1327.0,1359.0,1470.0,1902.0,1179.0,539.0,691.0,834.0,1042.0,1195.5,1315.0,1383.5,1429.5,1853.0,1079.0,467.0,678.0,762.0,1081.0,1340.0,1438.0,1457.0,1600.0,1908.0,1435.5,519.5,625.0,788.0,938.0,1049.5,1163.5,1200.0,1286.0,1917.0,1525.0,480.0,604.0,801.0,951.0,1028.0,1130.5,1192.5,1226.5,1607.0,1034.0,573.0,734.0,938.0,1084.0,1171.0,1291.0,1435.0,1420.0,1602.5,1435.0,553.5,625.0,741.5,887.5,1056.0,1137.0,1026.0,1304.0,4558.5,3862.0,3843.5,3777.5,3832.0,4153.5,4103.5,4117.5,4474.0,4095.5,1542.5,1124.5,307.5,461.0,646.5,761.0,813.5,885.5,1024.5,1011.0,1882.0,1491.0,470.0,584.0,785.0,910.0,947.0,1035.0,1124.0,1158.0,0.0,0.0,0.0,0.0,0.0,0.0,0.0,0.0,0.0,0.0,1683.0,1231.5,435.5,511.5,686.5,778.0,820.0,907.5,993.0,1028.0,0.0,0.0,0.0,0.0,0.0,0.0,0.0,0.0,0.0,0.0,107.0,106.0,7026.0,6999.0,7064.0,7216.0,6901.0,6475.0,6597.0,6037.0,2020.0,1910.5,1914.5,1875.5,1942.5,2138.5,2128.0,2179.0,2272.0,2274.5,1810.5,1091.0,771.5,1023.0,1323.0,1531.5,1585.5,1700.5,1875.5,1854.0,1955.0,1200.0,589.0,799.0,1018.0,1171.0,1247.0,1335.0,1491.0,1528.0,2097.0,1529.0,570.0,760.0,954.0,1103.0,1164.0,1229.0,1342.0,1394.0,2132.0,1330.0,1092.0,1343.0,1590.0,1835.0,1913.0,2026.0,2160.0,2162.0,"{""type"":""MultiPoint"",""coordinates"":[]}"
4917,5,1811.0,1109.5,480.0,656.5,757.0,1092.5,1475.5,1650.5,1894.5,1849.0,3246.0,2366.5,765.0,1098.0,1258.5,1929.5,2504.0,2711.5,2909.0,3003.0,2327.5,1523.5,677.5,892.5,1226.5,1526.5,1681.0,1859.5,2078.0,2121.5,0.0,0.0,0.0,0.0,0.0,0.0,0.0,0.0,0.0,0.0,0.0,0.0,0.0,0.0,0.0,0.0,0.0,0.0,0.0,0.0,4151.5,3392.0,1003.5,1233.0,1555.0,1887.0,2153.0,2366.0,2489.0,2647.5,0.0,0.0,0.0,0.0,0.0,0.0,0.0,0.0,0.0,0.0,3720.5,3060.5,823.0,1076.5,1197.0,1582.5,2148.0,2438.5,2555.0,2626.5,0.0,0.0,0.0,0.0,0.0,0.0,0.0,0.0,0.0,0.0,3277.0,1846.5,825.0,1015.5,688.0,1390.5,3773.0,4532.5,4476.0,4911.0,2708.5,1513.5,409.5,644.5,392.0,975.5,3472.5,4555.0,4645.5,4864.0,3183.0,2483.0,694.0,892.5,1094.0,1491.5,1913.5,2110.0,2346.0,2338.5,572.0,257.5,336.5,374.5,199.0,363.5,1469.5,1872.0,1706.0,1754.0,2297.0,1030.5,378.5,536.0,272.0,763.5,3977.0,5397.5,5533.5,5660.5,2692.0,1257.0,1062.5,1053.5,643.5,1236.0,4747.5,6743.0,6473.5,7051.0,2157.5,978.0,303.5,480.5,243.5,755.5,3476.0,4860.5,4737.5,5142.5,2000.5,902.0,285.0,545.0,284.5,938.5,3259.5,4172.5,4324.5,4489.0,0.0,0.0,0.0,0.0,0.0,0.0,0.0,0.0,0.0,0.0,2979.5,2138.5,556.0,734.0,936.5,1306.0,1566.0,1778.5,1972.0,2157.0,0.0,0.0,0.0,0.0,0.0,0.0,0.0,0.0,0.0,0.0,2899.0,2194.5,481.0,624.0,860.5,1037.5,1162.5,1311.0,1462.0,1552.5,4432.5,3347.0,955.0,1238.5,1720.0,2021.0,2224.5,2420.5,2659.0,2804.5,0.0,0.0,0.0,0.0,0.0,0.0,0.0,0.0,0.0,0.0,3675.0,2686.5,795.5,1025.5,1315.0,1603.0,1802.5,2008.5,2179.5,2232.0,0.0,0.0,0.0,0.0,0.0,0.0,0.0,0.0,0.0,0.0,2536.5,1630.5,522.5,726.5,922.0,1251.5,1575.0,1741.0,1963.0,1932.5,1615.5,902.5,378.5,570.5,722.5,1051.0,1480.0,1568.0,1811.5,1827.0,0.0,0.0,0.0,0.0,0.0,0.0,0.0,0.0,0.0,0.0,2045.5,1367.0,535.0,717.5,789.5,1122.0,1697.5,1877.0,2150.5,2070.5,0.0,0.0,0.0,0.0,0.0,0.0,0.0,0.0,0.0,0.0,1002.5,1066.5,10895.5,10487.0,10467.0,10538.5,10220.5,9827.0,10228.0,9439.0,1120.0,732.0,510.5,546.5,650.5,907.0,1031.0,1116.5,986.0,1114.5,2893.0,2052.0,594.0,812.5,981.0,1374.5,1879.5,2093.0,2345.0,2364.5,2708.5,1871.5,610.5,845.0,959.5,1366.5,1853.5,2061.0,2293.5,2299.5,2028.5,1308.0,464.5,693.0,766.5,1265.0,1843.0,2028.0,2276.5,2267.0,3312.0,2530.5,783.5,1049.0,1155.5,1818.5,2461.0,2722.0,2847.5,2956.0,"{""type"":""MultiPoint"",""coordinates"":[]}"
4936,5,2931.0,2094.5,989.0,1192.0,1351.0,1905.0,2552.5,2761.0,2989.0,2957.0,3595.0,2609.5,758.0,1080.5,1513.0,1863.0,2067.5,2268.5,2505.0,2630.5,3362.5,2481.0,788.5,1039.0,1479.5,1757.0,1881.5,2097.5,2330.0,2443.0,0.0,0.0,0.0,0.0,0.0,0.0,0.0,0.0,0.0,0.0,0.0,0.0,0.0,0.0,0.0,0.0,0.0,0.0,0.0,0.0,2822.5,2405.0,685.5,842.0,1038.0,1279.0,1500.0,1678.0,1771.0,1885.5,0.0,0.0,0.0,0.0,0.0,0.0,0.0,0.0,0.0,0.0,3474.0,2538.5,540.0,852.0,807.0,1350.5,2609.0,3059.5,3214.0,3332.0,0.0,0.0,0.0,0.0,0.0,0.0,0.0,0.0,0.0,0.0,2242.0,1188.5,487.5,676.0,444.5,965.0,2910.0,3654.0,3707.0,3825.5,2138.5,959.5,338.5,586.5,299.5,889.5,3684.0,4820.5,4870.0,5023.0,2972.0,2089.0,722.5,917.5,1131.5,1751.0,2409.5,2661.0,2930.5,2875.5,2102.5,900.0,351.5,535.0,265.0,780.5,3648.5,5084.5,4972.5,5377.0,1813.0,819.0,342.0,522.0,300.5,760.0,3269.5,4384.5,4396.0,4688.0,0.0,0.0,0.0,0.0,0.0,0.0,0.0,0.0,0.0,0.0,1936.5,920.0,375.0,579.5,357.0,904.0,3110.0,3904.5,3834.5,4225.5,1867.0,992.0,311.0,605.0,398.0,1025.0,2624.0,3171.5,3347.5,3464.0,0.0,0.0,0.0,0.0,0.0,0.0,0.0,0.0,0.0,0.0,3295.5,2455.5,575.5,762.5,1075.0,1298.0,1427.5,1591.5,1741.0,1896.0,5139.0,4092.0,2243.5,2597.0,2933.0,3343.0,3721.0,3925.5,3574.0,4192.0,3635.0,2679.0,763.5,1061.0,1211.5,1651.0,2043.0,2208.0,2405.0,2466.0,2613.0,1753.5,529.0,816.0,760.5,1287.0,1945.5,2099.0,2192.5,2246.0,0.0,0.0,0.0,0.0,0.0,0.0,0.0,0.0,0.0,0.0,3146.5,1974.5,627.0,1025.5,903.5,1814.5,2800.0,2953.5,3176.5,3205.5,0.0,0.0,0.0,0.0,0.0,0.0,0.0,0.0,0.0,0.0,2665.5,1579.5,472.5,709.5,832.0,1800.0,2890.5,3034.0,3306.0,3301.0,2698.0,1594.0,458.0,711.5,817.0,1861.0,3097.5,3346.0,3579.0,3524.5,0.0,0.0,0.0,0.0,0.0,0.0,0.0,0.0,0.0,0.0,2656.5,1582.5,545.0,758.0,805.0,1725.0,3080.5,3316.0,3616.5,3531.0,0.0,0.0,0.0,0.0,0.0,0.0,0.0,0.0,0.0,0.0,928.0,1034.0,10205.5,10030.0,10131.0,10335.5,10017.5,9645.5,10037.5,9314.0,0.0,0.0,0.0,0.0,0.0,0.0,0.0,0.0,0.0,0.0,2752.0,1913.0,573.0,766.5,939.5,1515.0,2234.0,2506.0,2790.0,2791.5,2462.5,1532.0,516.0,786.5,786.5,1477.5,2455.0,2730.5,3030.5,2979.0,2461.5,1483.5,427.5,763.0,703.0,1572.5,2662.0,2992.5,3267.5,3243.0,2965.5,1846.5,700.5,1098.5,1100.5,1997.0,2754.5,3007.0,3248.5,3328.0,"{""type"":""MultiPoint"",""coordinates"":[]}"
4959,5,2478.0,1561.0,492.5,780.0,863.0,1465.5,2323.0,2545.5,2868.0,2849.0,4899.5,4616.0,1377.5,1833.5,2440.5,2740.5,2871.0,3065.5,3237.5,3310.0,2485.5,1750.0,680.0,878.0,1175.0,1412.0,1557.5,1707.5,1821.0,1907.0,887.5,611.0,379.5,402.5,466.0,505.5,580.0,646.0,664.0,685.5,0.0,0.0,0.0,0.0,0.0,0.0,0.0,0.0,0.0,0.0,5363.0,4700.5,1587.5,2019.5,2284.0,3002.5,3998.0,4393.5,4489.0,4632.0,0.0,0.0,0.0,0.0,0.0,0.0,0.0,0.0,0.0,0.0,3369.0,1966.5,374.0,741.0,433.0,1252.5,4638.5,5752.5,5930.5,5934.0,0.0,0.0,0.0,0.0,0.0,0.0,0.0,0.0,0.0,0.0,2564.5,1162.0,310.5,481.0,225.5,748.0,4316.5,6247.0,6499.5,6580.0,2638.0,1129.0,376.0,528.0,290.5,778.5,4390.5,6514.5,6519.0,6907.0,2843.5,1898.5,577.0,864.0,1004.0,1590.0,2339.5,2600.5,2905.0,2928.5,2717.5,1080.5,538.5,616.0,344.5,840.5,4562.0,6677.5,6617.0,7154.0,2309.5,983.0,357.5,492.0,268.0,735.0,3869.5,5571.0,5711.5,5947.5,0.0,0.0,0.0,0.0,0.0,0.0,0.0,0.0,0.0,0.0,2378.0,1242.0,662.5,1038.0,858.5,1459.0,3400.5,4193.5,4046.5,4428.0,2181.5,1193.0,361.5,676.5,515.5,1257.0,2533.0,2962.5,3199.0,3358.0,0.0,0.0,0.0,0.0,0.0,0.0,0.0,0.0,0.0,0.0,3541.5,2836.0,708.5,935.0,1387.0,1642.0,1741.5,1921.5,2090.5,2217.0,3820.0,3012.0,938.5,1171.0,1494.0,1849.5,1963.5,2126.0,2134.0,2373.5,4184.0,3621.5,1004.0,1326.5,1701.0,2044.5,2244.5,2405.5,2602.0,2668.0,4147.5,3438.5,915.5,1180.5,1563.0,1880.0,2143.5,2383.0,2588.0,2680.5,0.0,0.0,0.0,0.0,0.0,0.0,0.0,0.0,0.0,0.0,3516.5,3094.0,1016.5,1362.0,1774.0,2108.0,2199.0,2320.5,2464.5,2497.5,0.0,0.0,0.0,0.0,0.0,0.0,0.0,0.0,0.0,0.0,2005.5,1428.0,490.5,735.0,1004.5,1229.0,1351.0,1454.5,1590.0,1648.0,3080.0,2583.5,2116.0,2166.5,2365.5,2611.5,2652.0,2760.0,2725.5,2843.5,0.0,0.0,0.0,0.0,0.0,0.0,0.0,0.0,0.0,0.0,2150.5,1574.0,573.5,813.5,1005.0,1286.5,1616.5,1744.0,1913.0,1918.0,0.0,0.0,0.0,0.0,0.0,0.0,0.0,0.0,0.0,0.0,1041.5,1111.5,10887.0,10452.0,10375.5,10460.0,10177.5,9832.5,10165.0,9360.5,0.0,0.0,0.0,0.0,0.0,0.0,0.0,0.0,0.0,0.0,2836.5,1933.5,635.0,901.0,990.0,1573.0,2317.5,2583.0,2864.0,2886.5,0.0,0.0,0.0,0.0,0.0,0.0,0.0,0.0,0.0,0.0,2301.5,1627.0,679.5,930.0,1311.0,1554.0,1640.0,1799.5,1984.0,1993.0,0.0,0.0,0.0,0.0,0.0,0.0,0.0,0.0,0.0,0.0,"{""type"":""MultiPoint"",""coordinates"":[]}"
