system:index,cropland,d0_B11,d0_B12,d0_B2,d0_B3,d0_B4,d0_B5,d0_B6,d0_B7,d0_B8,d0_B8A,d10_B11,d10_B12,d10_B2,d10_B3,d10_B4,d10_B5,d10_B6,d10_B7,d10_B8,d10_B8A,d11_B11,d11_B12,d11_B2,d11_B3,d11_B4,d11_B5,d11_B6,d11_B7,d11_B8,d11_B8A,d12_B11,d12_B12,d12_B2,d12_B3,d12_B4,d12_B5,d12_B6,d12_B7,d12_B8,d12_B8A,d13_B11,d13_B12,d13_B2,d13_B3,d13_B4,d13_B5,d13_B6,d13_B7,d13_B8,d13_B8A,d14_B11,d14_B12,d14_B2,d14_B3,d14_B4,d14_B5,d14_B6,d14_B7,d14_B8,d14_B8A,d15_B11,d15_B12,d15_B2,d15_B3,d15_B4,d15_B5,d15_B6,d15_B7,d15_B8,d15_B8A,d16_B11,d16_B12,d16_B2,d16_B3,d16_B4,d16_B5,d16_B6,d16_B7,d16_B8,d16_B8A,d17_B11,d17_B12,d17_B2,d17_B3,d17_B4,d17_B5,d17_B6,d17_B7,d17_B8,d17_B8A,d18_B11,d18_B12,d18_B2,d18_B3,d18_B4,d18_B5,d18_B6,d18_B7,d18_B8,d18_B8A,d19_B11,d19_B12,d19_B2,d19_B3,d19_B4,d19_B5,d19_B6,d19_B7,d19_B8,d19_B8A,d1_B11,d1_B12,d1_B2,d1_B3,d1_B4,d1_B5,d1_B6,d1_B7,d1_B8,d1_B8A,d20_B11,d20_B12,d20_B2,d20_B3,d20_B4,d20_B5,d20_B6,d20_B7,d20_B8,d20_B8A,d21_B11,d21_B12,d21_B2,d21_B3,d21_B4,d21_B5,d21_B6,d21_B7,d21_B8,d21_B8A,d22_B11,d22_B12,d22_B2,d22_B3,d22_B4,d22_B5,d22_B6,d22_B7,d22_B8,d22_B8A,d23_B11,d23_B12,d23_B2,d23_B3,d23_B4,d23_B5,d23_B6,d23_B7,d23_B8,d23_B8A,d24_B11,d24_B12,d24_B2,d24_B3,d24_B4,d24_B5,d24_B6,d24_B7,d24_B8,d24_B8A,d25_B11,d25_B12,d25_B2,d25_B3,d25_B4,d25_B5,d25_B6,d25_B7,d25_B8,d25_B8A,d26_B11,d26_B12,d26_B2,d26_B3,d26_B4,d26_B5,d26_B6,d26_B7,d26_B8,d26_B8A,d27_B11,d27_B12,d27_B2,d27_B3,d27_B4,d27_B5,d27_B6,d27_B7,d27_B8,d27_B8A,d28_B11,d28_B12,d28_B2,d28_B3,d28_B4,d28_B5,d28_B6,d28_B7,d28_B8,d28_B8A,d29_B11,d29_B12,d29_B2,d29_B3,d29_B4,d29_B5,d29_B6,d29_B7,d29_B8,d29_B8A,d2_B11,d2_B12,d2_B2,d2_B3,d2_B4,d2_B5,d2_B6,d2_B7,d2_B8,d2_B8A,d30_B11,d30_B12,d30_B2,d30_B3,d30_B4,d30_B5,d30_B6,d30_B7,d30_B8,d30_B8A,d31_B11,d31_B12,d31_B2,d31_B3,d31_B4,d31_B5,d31_B6,d31_B7,d31_B8,d31_B8A,d32_B11,d32_B12,d32_B2,d32_B3,d32_B4,d32_B5,d32_B6,d32_B7,d32_B8,d32_B8A,d33_B11,d33_B12,d33_B2,d33_B3,d33_B4,d33_B5,d33_B6,d33_B7,d33_B8,d33_B8A,d34_B11,d34_B12,d34_B2,d34_B3,d34_B4,d34_B5,d34_B6,d34_B7,d34_B8,d34_B8A,d35_B11,d35_B12,d35_B2,d35_B3,d35_B4,d35_B5,d35_B6,d35_B7,d35_B8,d35_B8A,d3_B11,d3_B12,d3_B2,d3_B3,d3_B4,d3_B5,d3_B6,d3_B7,d3_B8,d3_B8A,d4_B11,d4_B12,d4_B2,d4_B3,d4_B4,d4_B5,d4_B6,d4_B7,d4_B8,d4_B8A,d5_B11,d5_B12,d5_B2,d5_B3,d5_B4,d5_B5,d5_B6,d5_B7,d5_B8,d5_B8A,d6_B11,d6_B12,d6_B2,d6_B3,d6_B4,d6_B5,d6_B6,d6_B7,d6_B8,d6_B8A,d7_B11,d7_B12,d7_B2,d7_B3,d7_B4,d7_B5,d7_B6,d7_B7,d7_B8,d7_B8A,d8_B11,d8_B12,d8_B2,d8_B3,d8_B4,d8_B5,d8_B6,d8_B7,d8_B8,d8_B8A,d9_B11,d9_B12,d9_B2,d9_B3,d9_B4,d9_B5,d9_B6,d9_B7,d9_B8,d9_B8A,.geo
22,1,1816.0,1140.0,438.0,758.0,640.0,1310.0,2356.0,2546.0,2814.0,2726.0,3903.0,3278.0,1133.0,1556.5,1776.0,2248.5,2676.0,2857.5,3035.5,3075.5,2283.0,1628.0,627.0,852.0,985.0,1288.0,1669.0,1808.0,1978.0,1958.0,3284.0,2461.0,1175.0,1512.0,1508.0,2036.0,3184.0,3566.0,3549.0,3683.0,0.0,0.0,0.0,0.0,0.0,0.0,0.0,0.0,0.0,0.0,2164.5,1183.0,392.5,601.5,380.5,838.5,3343.5,4909.0,5019.0,5035.0,0.0,0.0,0.0,0.0,0.0,0.0,0.0,0.0,0.0,0.0,3869.0,3191.5,2716.0,2715.5,2600.0,3099.0,4381.5,5360.5,5309.5,5503.5,2170.0,1075.0,382.0,601.0,385.0,774.0,3344.0,4999.0,4847.0,5202.0,2030.0,1126.0,378.0,562.0,359.0,755.0,2861.0,4374.0,4496.0,4555.0,2146.0,1240.0,339.0,604.0,415.0,844.0,2953.0,4219.0,4272.0,4408.0,1922.0,1268.0,474.0,805.0,700.0,1450.0,2447.0,2695.0,2977.0,2823.0,2402.5,1438.5,602.0,858.0,680.5,1253.0,2665.0,3451.0,3382.0,3682.5,653.0,350.0,783.0,764.0,618.0,771.0,1004.0,1196.0,1083.0,1097.0,3846.0,2828.0,1081.0,1260.0,1580.5,1992.5,2196.5,2513.5,2459.5,2833.5,2815.5,2324.5,783.5,983.5,1308.0,1548.5,1605.5,1732.5,1699.5,1929.5,3750.0,3121.5,1061.0,1387.0,1814.0,2153.0,2300.5,2464.5,2578.5,2727.5,3975.0,3713.0,1042.0,1373.0,1835.0,2128.0,2193.0,2369.0,2425.0,2563.0,3768.5,3291.5,1152.5,1484.0,1926.0,2241.0,2259.5,2405.0,2504.0,2627.0,4145.0,3696.0,1104.0,1498.0,1922.0,2343.0,2434.0,2557.0,2642.0,2840.0,3669.0,3123.0,1161.5,1496.5,1860.0,2149.5,2343.0,2560.0,2625.5,2774.0,4467.0,4178.0,1252.0,1656.0,2109.0,2508.0,2696.0,2887.0,3083.0,3147.0,0.0,0.0,0.0,0.0,0.0,0.0,0.0,0.0,0.0,0.0,4887.0,4143.0,2255.0,2563.0,2769.0,3222.0,3830.0,4035.0,4371.0,4327.0,4082.0,3209.0,1061.0,1507.0,1652.0,2362.0,3460.0,3796.0,3827.0,4003.0,1999.0,1248.0,422.0,731.0,696.0,1211.0,2342.0,2566.0,2883.0,2761.0,2796.0,2358.5,2030.0,2163.0,2183.5,2601.5,3139.0,3323.5,3405.0,3349.5,0.0,0.0,0.0,0.0,0.0,0.0,0.0,0.0,0.0,0.0,1891.0,1130.0,485.0,714.0,571.0,1224.0,2714.0,3078.0,3461.0,3329.0,0.0,0.0,0.0,0.0,0.0,0.0,0.0,0.0,0.0,0.0,292.0,280.0,6662.0,6699.0,6854.0,7149.0,6828.0,6375.0,6426.0,5933.0,0.0,0.0,0.0,0.0,0.0,0.0,0.0,0.0,0.0,0.0,2409.0,1811.0,726.0,939.0,1258.0,1423.0,1520.0,1640.0,1866.0,1819.0,3862.5,3305.0,2083.0,2123.5,2308.0,2537.5,2511.0,2570.0,3064.0,2676.5,3728.0,3088.0,2587.5,2627.5,2778.0,3002.5,2937.0,2938.0,3189.5,2967.0,3405.0,3038.0,2341.0,2446.0,2554.0,2856.0,2845.0,2936.0,2949.0,2970.0,"{""type"":""MultiPoint"",""coordinates"":[]}"
29,5,1126.0,647.0,714.0,966.0,1361.0,1677.0,1810.0,1968.0,2221.0,2271.0,4371.0,3671.5,1358.5,1790.5,2302.5,2686.5,2847.0,2991.0,3135.0,3265.5,2066.0,1372.5,696.0,948.5,1324.5,1546.5,1626.0,1771.0,1940.0,1969.0,2847.0,1889.0,1145.0,1517.0,1835.0,2155.0,2195.0,2321.0,2415.0,2514.0,3024.0,2186.0,912.0,1293.0,1676.0,2013.0,2242.0,2386.0,2616.0,2635.0,2964.0,2683.0,2066.0,2160.0,1916.0,2148.0,2366.0,2627.0,3078.0,2868.0,3138.0,2349.5,1707.0,2025.0,2134.5,2645.5,3174.0,3346.5,3206.5,3524.5,3613.0,2402.0,585.0,1074.0,946.0,1768.0,3737.0,4294.0,4497.0,4543.0,3329.0,2017.0,462.0,810.0,681.0,1302.0,4070.0,5297.0,5228.0,5666.0,2593.0,1238.0,397.0,584.0,300.0,882.0,4187.0,5036.0,5476.0,5209.0,3074.0,1302.0,530.0,767.0,382.0,976.0,5195.0,7582.0,7604.0,8110.0,3383.0,2570.0,1240.0,1571.0,2038.0,2351.0,2500.0,2625.0,2855.0,2823.0,2665.0,1081.0,434.0,659.0,352.0,796.0,4688.0,6769.0,6737.0,7373.0,2359.0,981.0,447.0,588.0,335.5,839.0,4101.5,5916.0,6038.0,6312.5,2230.0,924.0,350.0,540.0,281.0,810.0,3765.0,5366.0,5282.0,5704.0,2297.0,1330.0,454.5,664.0,419.0,1125.5,3416.0,4402.5,4149.5,4648.5,2112.0,929.0,305.0,645.0,336.0,1081.0,3464.0,4407.0,4549.0,4792.0,1290.5,612.5,380.5,611.0,403.5,970.5,2020.0,2402.5,2473.0,2695.5,2337.0,1421.5,336.0,606.0,541.5,1153.5,1861.5,2089.0,2348.5,2482.0,2485.5,1751.0,406.5,557.0,742.0,985.5,1159.5,1297.0,1397.5,1587.5,3953.0,2840.0,820.0,1137.0,1593.0,1848.0,1979.0,2150.0,2404.0,2452.0,3399.0,2719.0,1156.5,1426.0,1841.0,2163.5,2319.0,2475.0,2574.5,2689.0,4346.5,3742.5,2580.5,2734.5,3059.5,3347.0,3391.5,3506.5,3902.0,3685.5,3502.0,2537.0,1109.0,1419.0,1822.0,2211.0,2369.0,2529.0,2767.0,2834.0,5148.0,4402.5,5014.5,4991.0,5166.5,5501.5,5393.0,5377.5,5305.5,5457.5,2769.0,1942.0,773.0,1155.0,1460.0,1809.0,1994.0,2140.0,2455.0,2400.0,2926.5,2162.5,832.0,1204.5,1487.0,1921.0,2104.0,2247.5,2438.5,2489.5,0.0,0.0,0.0,0.0,0.0,0.0,0.0,0.0,0.0,0.0,2837.5,2362.0,1394.5,1614.0,1810.5,2155.5,2303.0,2382.0,2610.0,2582.0,0.0,0.0,0.0,0.0,0.0,0.0,0.0,0.0,0.0,0.0,975.0,1076.0,10948.0,10636.0,10518.0,10585.0,10263.0,9863.0,10284.0,9554.0,1072.5,872.0,3538.0,3670.0,3892.0,4139.5,4059.0,4021.5,4138.0,3961.5,1844.0,1094.0,684.0,1022.0,1412.0,1789.0,1912.0,2125.0,2379.0,2374.0,3041.0,2123.0,1075.0,1477.0,1848.0,2226.0,2442.0,2594.0,2835.0,2846.0,1694.0,978.0,708.0,1035.0,1409.0,1720.0,1870.0,2007.0,2231.0,2220.0,2864.0,1988.5,1076.0,1445.5,1851.0,2237.5,2353.0,2527.5,2725.5,2783.0,"{""type"":""MultiPoint"",""coordinates"":[]}"
45,5,2146.5,1334.5,562.0,812.0,964.5,1396.0,1883.5,2072.5,2273.5,2295.5,3763.0,2753.5,888.0,1282.0,1583.0,2163.0,2518.0,2720.5,2961.5,3056.0,2222.5,1476.0,645.0,827.5,1117.5,1343.0,1446.0,1601.0,1717.0,1808.0,2239.5,1538.0,734.5,928.5,1250.5,1472.0,1586.5,1749.0,1899.0,1977.5,0.0,0.0,0.0,0.0,0.0,0.0,0.0,0.0,0.0,0.0,5007.5,4371.0,1282.0,1636.0,2129.0,2537.5,2817.5,3046.5,3172.0,3412.0,0.0,0.0,0.0,0.0,0.0,0.0,0.0,0.0,0.0,0.0,4572.5,3941.5,1159.0,1583.5,1804.5,2365.0,2962.5,3232.5,3367.5,3495.0,4218.0,3117.0,1056.5,1491.0,1642.0,2265.0,3453.5,3825.5,3797.5,4173.0,3483.0,2571.0,720.5,1029.0,1069.0,1613.0,2960.0,3419.5,3541.5,3688.5,2517.5,1251.0,459.5,710.0,453.0,1007.5,3518.5,4436.5,4451.0,4621.0,3084.0,2261.5,764.0,998.5,1220.0,1643.0,2150.0,2309.0,2538.5,2556.0,3058.0,1665.5,2361.5,2073.0,1523.5,1861.0,4636.5,6104.0,5574.0,6412.0,2003.0,943.5,421.0,544.0,326.5,759.5,3492.5,4865.0,4964.0,5090.5,1600.0,856.5,770.5,892.5,590.0,929.0,2775.5,3815.5,3868.0,4053.5,1910.5,887.5,352.0,517.0,314.5,814.0,3168.5,4212.5,4064.5,4462.0,1962.0,1008.5,328.5,595.5,370.5,997.5,3063.0,3748.0,3934.5,4037.0,0.0,0.0,0.0,0.0,0.0,0.0,0.0,0.0,0.0,0.0,2886.5,2066.0,483.0,722.0,936.5,1334.5,1596.5,1783.5,1941.5,2153.5,3161.0,2391.5,671.0,800.5,977.0,1216.5,1357.0,1487.0,1506.0,1687.5,2960.5,2265.5,534.5,674.0,894.5,1091.0,1226.0,1351.0,1482.5,1594.0,3921.5,2886.0,977.5,1211.5,1620.0,1882.5,2042.0,2208.0,2383.0,2499.5,0.0,0.0,0.0,0.0,0.0,0.0,0.0,0.0,0.0,0.0,3577.5,2515.5,960.0,1178.5,1415.5,1724.0,2027.5,2159.5,2327.0,2395.0,0.0,0.0,0.0,0.0,0.0,0.0,0.0,0.0,0.0,0.0,1266.0,857.5,201.5,318.5,487.5,609.5,678.5,758.5,832.5,877.0,1624.5,1139.5,346.0,518.0,743.0,893.5,1001.5,1059.5,1164.0,1224.5,0.0,0.0,0.0,0.0,0.0,0.0,0.0,0.0,0.0,0.0,1737.5,1353.5,419.5,526.0,720.5,880.5,970.0,1057.0,1197.0,1211.0,0.0,0.0,0.0,0.0,0.0,0.0,0.0,0.0,0.0,0.0,935.5,1015.0,10527.0,10263.0,10236.5,10363.5,10047.5,9709.0,10100.0,9393.0,0.0,0.0,0.0,0.0,0.0,0.0,0.0,0.0,0.0,0.0,3262.5,2359.0,773.0,1056.5,1250.5,1750.5,2344.5,2552.5,2801.0,2804.5,3180.5,2179.5,743.0,1064.0,1144.0,1748.0,2497.0,2732.0,2939.0,2995.0,2209.0,1318.0,520.5,856.0,883.0,1557.5,2343.0,2550.5,2732.5,2771.0,0.0,0.0,0.0,0.0,0.0,0.0,0.0,0.0,0.0,0.0,"{""type"":""MultiPoint"",""coordinates"":[]}"
126,3,206.0,176.0,211.5,364.0,581.0,726.0,640.0,708.5,742.0,588.5,3701.0,3151.0,947.5,1204.5,1564.0,1849.5,1924.5,2097.5,2270.5,2372.5,0.0,0.0,0.0,0.0,0.0,0.0,0.0,0.0,0.0,0.0,2094.5,1484.5,558.0,696.5,919.0,1076.0,1118.5,1270.0,1397.0,1478.5,1858.0,1206.5,501.5,681.0,872.5,1007.0,1047.5,1160.5,1389.0,1353.0,0.0,0.0,0.0,0.0,0.0,0.0,0.0,0.0,0.0,0.0,0.0,0.0,0.0,0.0,0.0,0.0,0.0,0.0,0.0,0.0,2083.0,1469.0,2284.5,2014.0,1672.5,1826.5,2113.0,2260.5,2793.5,2211.5,1265.0,888.0,502.5,632.0,683.5,899.0,1010.5,1082.0,1138.0,1187.5,3799.0,3110.5,1133.5,1410.0,1509.5,2013.5,2391.0,2640.5,2671.5,2909.5,0.0,0.0,0.0,0.0,0.0,0.0,0.0,0.0,0.0,0.0,255.0,201.5,511.5,700.0,871.5,972.5,861.0,899.5,1013.0,898.5,3132.5,2508.0,2386.0,2417.0,2194.5,2617.0,3714.0,4271.5,4165.5,4259.5,0.0,0.0,0.0,0.0,0.0,0.0,0.0,0.0,0.0,0.0,1709.5,877.0,722.5,793.5,545.0,907.0,2809.0,4370.5,4037.5,4512.0,1488.0,641.5,212.5,313.5,141.0,456.5,2557.5,4315.5,4221.5,4497.5,1588.5,707.5,148.5,345.5,153.0,590.0,2844.5,4342.0,4236.5,4559.0,1658.0,778.0,385.5,732.0,417.0,1189.5,3273.5,4416.5,4363.0,4648.0,1793.5,897.5,379.0,767.5,427.5,1338.0,3437.0,4342.5,4275.5,4565.0,0.0,0.0,0.0,0.0,0.0,0.0,0.0,0.0,0.0,0.0,2037.5,1131.5,477.0,1031.5,758.0,1961.5,3264.5,3646.0,3737.5,3918.0,2905.0,1983.5,701.5,1025.5,1537.0,1927.5,2030.5,2218.5,2356.5,2511.0,77.5,38.0,298.5,285.5,308.5,323.0,257.5,305.0,326.5,291.5,2018.5,1339.0,640.5,900.5,1304.0,1595.0,1682.0,1865.0,1965.0,2046.5,2382.0,1619.0,757.5,1002.0,1443.5,1700.0,1789.5,1922.5,2060.0,2152.0,2947.0,2063.5,869.0,1141.0,1603.0,1918.5,1989.5,2173.5,2299.5,2424.5,1998.0,1284.0,590.0,862.5,1266.0,1492.0,1613.0,1742.0,1897.5,2013.0,0.0,0.0,0.0,0.0,0.0,0.0,0.0,0.0,0.0,0.0,0.0,0.0,0.0,0.0,0.0,0.0,0.0,0.0,0.0,0.0,0.0,0.0,0.0,0.0,0.0,0.0,0.0,0.0,0.0,0.0,0.0,0.0,0.0,0.0,0.0,0.0,0.0,0.0,0.0,0.0,218.0,207.0,8683.5,8664.5,8735.0,9069.0,8682.0,8259.5,8242.5,7626.0,3120.5,2776.5,3113.0,2985.0,3009.0,3191.5,3062.5,3026.0,3544.0,3013.5,0.0,0.0,0.0,0.0,0.0,0.0,0.0,0.0,0.0,0.0,1092.0,607.0,426.5,588.5,785.0,982.5,1043.0,1156.0,1309.0,1344.0,3430.5,2678.0,740.5,1014.5,1366.5,1617.0,1770.5,1945.0,2133.5,2209.0,"{""type"":""MultiPoint"",""coordinates"":[]}"
151,3,2284.0,1885.0,1596.5,1769.0,2116.0,2312.0,2355.5,2497.0,2768.5,2703.0,2364.0,2187.0,1036.5,1148.0,1316.5,1445.5,1500.5,1571.0,1733.5,1672.5,1014.0,642.0,479.5,600.5,701.5,903.5,928.5,999.5,1072.0,1115.0,2135.0,1645.5,1170.5,1279.0,1383.0,1618.5,1766.0,1861.0,1902.5,2005.0,3769.5,3682.5,1311.5,1616.5,1928.0,2129.5,2273.5,2377.0,2524.0,2569.0,2128.0,2013.5,845.0,939.5,991.0,1233.0,1417.0,1610.0,1408.5,1932.0,0.0,0.0,0.0,0.0,0.0,0.0,0.0,0.0,0.0,0.0,1677.0,883.0,431.0,644.0,411.0,845.5,2247.5,2735.0,2642.5,2826.5,1128.5,600.0,341.0,583.5,341.0,659.5,1894.0,2240.5,2303.5,2364.5,1119.0,526.0,404.5,623.5,362.5,826.5,2300.5,2843.5,2675.5,2847.0,1341.0,745.5,884.0,1008.0,713.0,1131.5,2531.0,3248.0,2964.0,3279.5,3706.0,2788.0,1550.5,1849.0,2309.0,2566.5,2671.0,2826.0,3154.0,3102.5,1060.0,485.0,403.0,563.5,332.5,799.0,2196.0,3097.5,2823.5,3096.0,1377.0,691.0,462.5,664.0,399.0,917.5,2594.5,3481.5,3391.5,3661.0,1398.5,704.0,576.0,892.5,507.5,1389.0,3125.5,3818.0,3652.0,3996.0,1383.5,751.5,496.0,899.0,608.0,1597.5,2849.5,3292.0,3170.0,3471.5,1687.0,993.5,600.5,1037.0,1067.0,1894.0,2733.0,2993.0,3037.0,3297.0,2166.5,1319.0,861.0,1246.0,1339.5,2074.5,2654.5,2943.5,2949.5,3213.0,2979.5,2111.0,787.0,1185.0,1482.0,2121.0,2411.0,2682.5,2757.0,2854.5,2061.5,1396.5,621.5,848.5,1185.5,1559.0,1697.5,1797.0,1857.0,2060.0,3393.0,2455.0,873.5,1186.5,1623.0,1929.0,2171.5,2286.0,2501.0,2576.5,3139.5,2280.5,777.0,1052.5,1478.5,1781.5,1914.5,2085.0,2224.5,2330.5,2615.5,1893.0,1171.5,1413.5,1859.5,2132.0,2217.5,2372.5,2622.0,2611.0,3114.0,2384.5,844.5,1096.0,1507.0,1776.0,1897.5,2079.0,2250.0,2268.5,1098.0,716.5,355.5,449.5,681.5,815.0,862.0,976.0,1095.5,1142.5,1354.5,946.5,323.0,512.5,763.0,884.5,979.0,1098.5,1211.5,1255.5,2552.5,2105.0,593.0,848.0,1184.0,1344.5,1440.5,1556.0,1699.0,1768.0,1751.5,1339.5,1042.5,1080.5,1205.5,1324.5,1347.5,1423.0,1483.5,1527.5,635.0,369.0,423.0,513.5,703.5,832.0,877.0,970.5,1089.5,1104.5,0.0,0.0,0.0,0.0,0.0,0.0,0.0,0.0,0.0,0.0,948.5,1005.5,10378.0,10128.0,10063.0,10154.0,9855.0,9488.0,9902.0,9098.0,880.5,547.0,3338.5,3436.5,3740.0,4034.0,3919.5,3928.5,4083.5,3905.5,1360.0,848.5,657.0,905.0,1249.5,1591.0,1678.5,1797.0,1999.5,2122.5,874.5,499.5,615.0,803.5,1097.0,1330.5,1423.5,1519.5,1723.0,1744.5,915.0,502.5,557.5,800.5,1133.0,1354.5,1435.5,1572.5,1742.0,1755.5,4615.5,3697.5,1888.0,2160.0,2641.0,2977.0,2999.5,3145.5,3322.5,3423.5,"{""type"":""MultiPoint"",""coordinates"":[]}"
161,5,4023.0,3971.0,3403.0,3325.0,3460.0,3601.0,3621.0,3697.0,4021.0,3734.0,3706.0,3476.0,1123.0,1466.0,1915.0,2184.0,2207.0,2409.0,2492.0,2590.0,2253.5,1782.0,636.0,846.0,1138.5,1295.0,1355.0,1471.5,1575.5,1620.0,2656.0,2083.0,883.0,1139.0,1516.0,1699.0,1759.0,1897.0,2045.0,2047.0,4331.0,4007.0,1415.0,1901.0,2396.0,2798.0,2886.0,2972.0,3174.0,3194.0,3745.0,3169.0,1120.0,1494.0,1838.0,2201.0,2487.0,2629.0,2810.0,2846.0,0.0,0.0,0.0,0.0,0.0,0.0,0.0,0.0,0.0,0.0,5076.0,4098.0,1470.0,2086.0,2239.0,3058.0,4640.0,5094.0,5119.0,5362.0,2901.0,1906.0,1036.0,1577.0,1590.0,2383.0,4479.0,4726.0,4873.0,4450.0,3121.0,1921.5,615.5,874.5,787.5,1332.0,3828.5,4664.5,4715.5,4919.5,2656.5,1614.0,946.0,1134.0,970.0,1494.0,3663.5,4893.5,4541.0,5001.0,1645.5,1297.5,516.5,681.5,898.5,1033.5,1091.0,1197.0,1297.5,1302.5,2562.0,1103.0,343.0,536.0,240.0,865.0,4310.0,6219.0,6033.0,6447.0,2658.0,1185.0,438.0,576.0,307.0,820.0,4448.0,6616.0,6711.0,6853.0,2445.0,998.5,334.0,474.5,257.5,698.5,4273.5,6409.5,6331.0,6674.5,2333.0,955.0,333.0,465.0,259.0,740.0,4061.0,6086.0,5834.0,6266.0,2204.0,917.0,340.0,510.0,273.0,802.0,3984.0,5614.0,5763.0,5829.0,2964.0,1787.0,1143.5,1390.5,1196.0,1887.0,4249.0,5191.0,5146.5,5475.0,2025.0,1079.0,462.5,941.5,749.5,1934.5,2686.5,2979.5,3163.5,3303.0,2970.0,2431.0,1742.0,1744.0,1876.0,2265.0,2398.5,2545.5,2479.0,2728.5,2793.5,2050.0,812.0,1025.5,1397.0,1625.0,1766.5,1919.5,2186.5,2127.5,3880.0,2791.0,1015.0,1339.0,1912.0,2255.0,2409.0,2614.0,2756.0,2932.0,2776.5,2331.5,794.0,1099.5,1440.5,1679.0,1785.0,1916.5,2135.5,2113.0,3499.5,3007.5,955.5,1248.0,1680.5,1916.5,2034.5,2176.0,2389.0,2363.5,1985.0,1515.0,526.0,691.0,990.0,1147.0,1219.0,1298.0,1437.0,1428.0,2562.5,2014.5,678.0,985.0,1357.0,1531.0,1602.0,1709.5,1902.5,1940.0,2913.0,2769.0,871.0,1243.0,1633.0,1893.0,1962.0,2097.0,2187.0,2312.0,3239.0,2504.0,3747.0,3350.0,3232.0,3384.0,3255.0,3249.0,3612.0,3266.0,2458.5,1887.5,772.0,1010.5,1341.5,1563.0,1651.0,1761.0,1951.0,1940.0,4805.0,4505.0,4715.0,4463.0,4494.0,4597.0,4573.0,4564.0,4857.0,4666.0,821.0,905.0,9968.0,9690.0,9688.0,9761.0,9441.0,9064.0,9470.0,8789.0,1396.0,1064.0,1297.0,1562.0,1850.5,2058.0,2033.5,2108.0,2229.0,2230.5,2559.0,2119.0,802.0,1048.0,1324.0,1580.0,1690.0,1835.0,1988.0,1971.0,1538.5,1172.5,622.5,838.5,1076.0,1262.5,1309.0,1411.5,1536.0,1504.5,2551.0,2014.0,785.0,1042.0,1379.0,1601.0,1669.0,1803.0,1963.0,1963.0,4440.0,3910.0,2188.0,2456.0,2824.0,3071.0,3156.0,3314.0,3260.0,3498.0,"{""type"":""MultiPoint"",""coordinates"":[]}"
164,5,1757.5,1194.0,634.5,845.0,1088.0,1248.0,1341.0,1457.5,1621.5,1611.0,4087.0,3378.0,953.5,1377.0,1785.5,2210.0,2339.0,2526.5,2507.0,2733.0,0.0,0.0,0.0,0.0,0.0,0.0,0.0,0.0,0.0,0.0,5417.5,5196.5,1346.0,1942.5,2558.0,2962.0,3117.0,3343.0,3478.5,3593.0,3419.5,2715.5,766.0,1155.0,1551.5,1853.5,1993.5,2135.5,2272.5,2393.5,0.0,0.0,0.0,0.0,0.0,0.0,0.0,0.0,0.0,0.0,0.0,0.0,0.0,0.0,0.0,0.0,0.0,0.0,0.0,0.0,4439.5,4313.5,1104.0,1505.0,2050.5,2330.0,2407.0,2618.5,2582.0,2810.0,2994.0,2562.0,1537.5,1680.0,1817.0,1949.5,1961.0,1970.0,2690.0,1942.0,4689.0,4383.5,1212.5,1637.5,2122.5,2506.5,2692.0,2933.0,2874.0,3145.5,2540.5,1702.0,746.5,1006.0,1316.0,1592.5,1686.5,1861.0,1805.0,2071.5,2612.0,2081.5,569.0,831.5,1139.5,1309.5,1391.5,1520.5,1689.5,1690.5,3085.5,2230.5,637.5,955.0,1043.0,1579.5,1996.0,2246.5,2118.5,2490.5,3304.0,2375.5,1646.5,1809.5,1577.0,2256.0,3574.5,4179.0,4269.5,4281.5,0.0,0.0,0.0,0.0,0.0,0.0,0.0,0.0,0.0,0.0,2455.5,1464.5,414.5,690.5,588.0,1101.5,2686.5,3247.0,3062.0,3453.0,1789.5,940.5,257.5,495.0,388.0,809.0,2497.5,3085.0,2867.5,3131.5,2780.5,1588.0,550.5,828.5,628.0,1219.5,3401.5,4151.0,4103.0,4453.0,2299.5,1274.0,393.0,718.5,542.0,1208.5,2835.5,3311.0,3200.0,3530.5,0.0,0.0,0.0,0.0,0.0,0.0,0.0,0.0,0.0,0.0,3331.0,2665.5,603.5,954.0,1189.5,1548.5,1780.0,1945.5,1970.0,2186.0,3573.0,2887.5,721.0,1023.5,1384.0,1623.5,1744.5,1884.0,2017.0,2128.0,3059.5,2484.0,1772.0,1863.5,2031.0,2245.0,2360.0,2477.5,2603.5,2640.0,2647.5,1937.5,569.0,794.0,1063.5,1240.5,1363.0,1478.0,1603.5,1655.0,2827.0,2184.0,629.5,843.0,1133.5,1354.0,1435.5,1595.0,1692.0,1749.5,2362.5,1916.5,620.0,841.0,1074.0,1288.0,1432.0,1601.5,1490.5,1811.0,3089.5,2400.0,624.5,929.0,1208.0,1464.5,1574.5,1702.0,1842.5,1888.0,0.0,0.0,0.0,0.0,0.0,0.0,0.0,0.0,0.0,0.0,0.0,0.0,0.0,0.0,0.0,0.0,0.0,0.0,0.0,0.0,0.0,0.0,0.0,0.0,0.0,0.0,0.0,0.0,0.0,0.0,0.0,0.0,0.0,0.0,0.0,0.0,0.0,0.0,0.0,0.0,332.0,241.5,7623.5,7526.0,7643.0,7867.0,7389.5,7138.0,7313.0,6652.5,2583.0,1973.0,1147.5,1298.5,1507.5,1687.0,1753.0,1809.0,2035.5,1900.0,0.0,0.0,0.0,0.0,0.0,0.0,0.0,0.0,0.0,0.0,2435.0,1767.0,616.0,906.5,1276.0,1452.5,1549.0,1684.5,1828.5,1834.5,2915.0,2192.5,797.5,1159.5,1565.0,1791.5,1903.0,2040.5,2190.0,2226.5,"{""type"":""MultiPoint"",""coordinates"":[]}"
169,5,1986.5,1454.5,556.0,699.5,881.0,1045.0,1141.5,1222.0,1412.0,1384.0,3852.0,3611.5,1058.0,1369.0,1710.0,2019.0,2210.5,2388.0,2565.5,2611.5,2156.5,1568.0,603.5,758.0,988.5,1147.5,1220.5,1339.5,1475.5,1527.0,0.0,0.0,0.0,0.0,0.0,0.0,0.0,0.0,0.0,0.0,0.0,0.0,0.0,0.0,0.0,0.0,0.0,0.0,0.0,0.0,3586.0,3113.0,896.0,1166.5,1312.5,1845.5,2589.0,2887.0,2631.5,3158.0,0.0,0.0,0.0,0.0,0.0,0.0,0.0,0.0,0.0,0.0,0.0,0.0,0.0,0.0,0.0,0.0,0.0,0.0,0.0,0.0,0.0,0.0,0.0,0.0,0.0,0.0,0.0,0.0,0.0,0.0,2175.5,1129.0,643.0,750.5,505.5,976.0,3279.0,4278.0,4250.0,4534.0,2690.0,1161.5,595.0,761.5,453.5,1063.0,4505.5,6117.0,6053.0,6368.0,2783.5,2576.0,814.0,995.5,1251.0,1426.5,1501.0,1630.0,1835.0,1816.5,2917.5,1540.5,943.0,1106.5,842.0,1424.0,4417.5,6031.0,5800.0,6314.0,2088.0,881.5,417.0,540.0,301.0,758.5,3838.0,5547.5,5608.5,5722.5,0.0,0.0,0.0,0.0,0.0,0.0,0.0,0.0,0.0,0.0,1937.5,838.5,362.5,587.0,342.0,914.0,3476.5,4621.0,4570.5,4872.5,1843.0,866.0,367.5,728.5,454.0,1271.5,3334.5,4011.5,4244.5,4316.0,0.0,0.0,0.0,0.0,0.0,0.0,0.0,0.0,0.0,0.0,2925.5,2249.5,552.0,715.0,1025.0,1259.5,1377.0,1549.0,1720.5,1890.5,3636.0,3127.0,2477.5,2285.5,2317.0,2644.5,2684.5,2839.5,2886.0,3080.0,3710.5,2846.5,942.0,1210.5,1679.0,1907.0,2012.5,2181.0,2393.5,2469.5,3867.0,3156.0,1099.0,1324.5,1761.5,2026.5,2086.0,2257.5,2415.5,2518.0,0.0,0.0,0.0,0.0,0.0,0.0,0.0,0.0,0.0,0.0,2963.0,2729.5,747.0,968.5,1262.5,1414.5,1496.5,1586.5,1723.5,1779.0,0.0,0.0,0.0,0.0,0.0,0.0,0.0,0.0,0.0,0.0,1710.0,1222.0,396.5,539.0,748.0,875.0,918.5,1013.5,1143.0,1165.5,1930.0,1404.0,465.0,646.5,894.5,1024.0,1080.5,1206.5,1312.5,1339.5,0.0,0.0,0.0,0.0,0.0,0.0,0.0,0.0,0.0,0.0,2119.0,1632.0,604.5,748.5,987.5,1122.5,1210.0,1318.0,1453.0,1464.5,0.0,0.0,0.0,0.0,0.0,0.0,0.0,0.0,0.0,0.0,1037.0,1112.5,11050.0,10549.0,10463.0,10564.5,10284.0,9885.5,10247.5,9506.5,1185.0,796.0,1025.0,813.5,814.5,880.5,900.5,949.5,1168.0,988.5,3445.5,3123.0,2057.5,2186.0,2275.5,2589.5,2664.0,2767.0,2943.5,2921.0,2619.0,2102.0,757.5,969.5,1168.0,1388.5,1609.0,1754.0,1912.0,1918.5,2213.5,1632.5,551.0,736.5,918.5,1165.0,1418.5,1568.5,1720.0,1730.0,3274.5,2734.5,1012.5,1287.0,1497.0,1848.0,2105.0,2230.5,2518.0,2343.0,"{""type"":""MultiPoint"",""coordinates"":[]}"
171,1,1859.0,1446.0,404.0,557.0,723.0,877.0,1071.0,1150.0,1361.0,1339.0,4371.0,4158.0,1205.0,1576.0,2013.0,2319.0,2494.0,2636.0,2826.0,2887.0,2052.0,1553.5,546.0,688.5,872.0,1041.5,1174.0,1293.5,1405.0,1455.0,1370.0,923.0,562.0,615.0,683.0,743.0,864.0,902.0,1159.0,980.0,0.0,0.0,0.0,0.0,0.0,0.0,0.0,0.0,0.0,0.0,4196.0,3418.0,1182.0,1460.0,1543.0,2088.0,3279.0,3856.0,3923.0,4124.0,0.0,0.0,0.0,0.0,0.0,0.0,0.0,0.0,0.0,0.0,0.0,0.0,0.0,0.0,0.0,0.0,0.0,0.0,0.0,0.0,2072.0,917.0,258.0,540.0,265.0,705.0,3497.0,5252.0,5117.0,5500.0,1101.0,486.5,368.5,478.5,245.5,492.0,2058.5,3081.0,2983.5,3091.5,1816.0,775.0,410.0,586.0,355.0,708.0,2874.0,4488.0,4390.0,4600.0,3228.0,3046.0,819.0,1052.0,1335.0,1623.0,1804.0,1923.0,2194.0,2123.0,2054.0,913.0,531.0,698.0,399.0,813.0,3126.0,4869.0,4679.0,5044.0,1725.0,779.0,499.0,682.0,410.0,830.0,2855.0,4001.0,4011.0,4231.0,0.0,0.0,0.0,0.0,0.0,0.0,0.0,0.0,0.0,0.0,2399.0,1698.5,424.5,555.0,738.5,982.0,1195.5,1380.5,1436.5,1649.0,3382.5,2530.0,620.5,841.5,1250.0,1525.5,1673.5,1872.5,2099.0,2244.5,0.0,0.0,0.0,0.0,0.0,0.0,0.0,0.0,0.0,0.0,3642.0,2816.5,686.5,925.0,1271.5,1559.0,1754.5,1948.5,2146.5,2241.0,3245.0,2309.0,709.0,934.0,1068.0,1448.0,1796.0,1959.0,2020.0,2193.0,3089.0,2154.5,526.5,837.5,908.0,1367.0,1918.0,2135.0,2355.0,2371.5,3048.0,2044.0,560.0,865.0,858.0,1389.0,2148.0,2352.0,2538.0,2579.0,0.0,0.0,0.0,0.0,0.0,0.0,0.0,0.0,0.0,0.0,2689.0,1652.0,498.0,808.0,870.0,1497.0,2158.0,2383.0,2649.0,2647.0,0.0,0.0,0.0,0.0,0.0,0.0,0.0,0.0,0.0,0.0,2479.0,1579.0,520.0,842.0,1071.0,1616.0,2166.0,2333.0,2539.0,2568.0,2034.0,1475.0,431.0,660.0,926.0,1139.0,1221.0,1371.0,1524.0,1578.0,0.0,0.0,0.0,0.0,0.0,0.0,0.0,0.0,0.0,0.0,2245.0,1730.0,599.0,785.0,1077.0,1290.0,1421.0,1523.0,1735.0,1746.0,0.0,0.0,0.0,0.0,0.0,0.0,0.0,0.0,0.0,0.0,1144.0,1212.0,10016.0,9750.0,9845.0,9979.0,9767.0,9495.0,9886.0,9137.0,0.0,0.0,0.0,0.0,0.0,0.0,0.0,0.0,0.0,0.0,3360.0,2764.0,991.5,1296.5,1547.5,1985.0,2406.5,2592.0,2737.0,2792.5,2616.0,2074.0,717.0,999.0,1124.0,1580.0,2080.0,2229.0,2460.0,2442.0,1192.0,748.0,483.0,586.0,561.0,862.0,1219.0,1282.0,1506.0,1399.0,2698.0,2119.0,815.0,1047.5,1225.5,1617.0,1854.5,1994.0,2228.5,2145.5,"{""type"":""MultiPoint"",""coordinates"":[]}"
191,5,145.0,103.0,643.0,864.0,978.0,1052.0,823.0,842.0,878.0,726.0,3363.0,2667.0,959.0,1243.5,1589.5,1855.0,1987.5,2163.0,2298.0,2378.5,1121.5,662.0,667.0,852.0,1065.5,1272.0,1269.5,1368.5,1440.5,1474.5,395.0,258.0,1087.0,1452.0,1740.0,1913.0,1785.0,1839.0,1901.0,1676.0,0.0,0.0,0.0,0.0,0.0,0.0,0.0,0.0,0.0,0.0,3562.0,2801.5,1108.5,1394.0,1749.5,2058.5,2217.0,2448.0,2527.0,2691.5,0.0,0.0,0.0,0.0,0.0,0.0,0.0,0.0,0.0,0.0,4419.0,3701.0,1268.0,1684.0,2000.0,2393.0,2761.0,2954.0,3132.0,3244.0,4367.0,3441.0,1263.0,1674.0,2116.0,2469.0,2711.0,3011.0,3020.0,3236.0,4053.0,3123.0,1168.0,1534.0,1894.0,2227.0,2823.0,3186.0,3241.0,3386.0,0.0,0.0,0.0,0.0,0.0,0.0,0.0,0.0,0.0,0.0,371.0,266.0,490.0,648.0,823.0,989.0,865.0,963.0,1041.0,944.0,2850.0,1823.0,707.0,987.0,1026.0,1463.0,2604.0,3421.0,3029.0,3354.0,2974.0,1949.0,773.0,1037.0,1073.0,1458.0,3016.0,3671.0,3708.0,3855.0,3243.0,1864.0,768.0,1043.0,940.0,1530.0,3789.0,5096.0,4897.0,5233.0,2436.0,1219.0,465.0,723.0,514.5,1059.5,3367.0,4342.5,3998.5,4511.0,2183.0,1137.5,366.0,671.0,446.0,1033.5,3090.0,3821.5,3834.0,4023.0,0.0,0.0,0.0,0.0,0.0,0.0,0.0,0.0,0.0,0.0,2459.5,1594.5,447.0,743.0,736.0,1274.5,2017.5,2219.0,2490.5,2565.5,1644.0,1142.0,978.0,1034.0,915.0,1149.0,1379.0,1449.0,1693.0,1514.0,2725.0,1945.0,481.5,708.5,828.0,1189.5,1654.0,1852.0,2120.0,2156.5,3748.0,2775.0,876.0,1155.0,1494.0,1911.0,2164.0,2406.0,2674.0,2710.0,0.0,0.0,0.0,0.0,0.0,0.0,0.0,0.0,0.0,0.0,3348.0,2437.0,787.0,1035.0,1357.0,1625.0,1833.0,1994.0,2237.0,2250.0,0.0,0.0,0.0,0.0,0.0,0.0,0.0,0.0,0.0,0.0,1589.0,937.0,397.0,585.0,838.0,1041.0,1224.0,1303.0,1489.0,1533.0,1671.5,1124.5,402.0,545.0,699.5,852.5,1025.0,1115.0,1210.5,1286.5,0.0,0.0,0.0,0.0,0.0,0.0,0.0,0.0,0.0,0.0,2005.0,1319.0,507.0,659.0,820.0,1048.0,1374.0,1520.0,1676.0,1679.0,0.0,0.0,0.0,0.0,0.0,0.0,0.0,0.0,0.0,0.0,961.0,1045.0,11078.0,10656.0,10526.0,10650.0,10289.0,9899.0,10293.0,9525.0,3063.0,3689.0,2098.0,2236.0,2384.0,2563.0,2733.0,3056.0,2584.0,3416.0,1548.0,999.0,531.0,768.0,1013.0,1167.0,1278.0,1399.0,1632.0,1552.0,1980.5,1304.0,665.5,877.5,1102.0,1353.5,1452.5,1561.5,1666.5,1782.0,1086.0,635.0,506.0,680.0,939.0,1154.0,1200.0,1296.0,1476.0,1474.0,2572.5,1916.0,1252.0,1255.0,1469.5,1722.0,1822.5,1947.0,1990.0,2126.0,"{""type"":""MultiPoint"",""coordinates"":[]}"
192,5,1965.0,1433.0,573.0,758.0,1083.0,1234.0,1317.0,1414.0,1565.0,1508.0,3486.0,2969.0,1091.0,1445.0,1886.0,2052.0,2085.0,2262.0,2366.0,2389.0,2643.5,2001.0,771.0,1041.0,1357.0,1562.0,1722.5,1845.5,1963.5,1990.0,0.0,0.0,0.0,0.0,0.0,0.0,0.0,0.0,0.0,0.0,5606.0,5344.0,1957.0,2586.0,3226.0,3652.0,3874.0,4043.0,4332.0,4284.0,5784.0,5312.0,2156.0,2667.0,3224.0,3763.5,4202.0,4416.0,4491.0,4654.5,0.0,0.0,0.0,0.0,0.0,0.0,0.0,0.0,0.0,0.0,4864.0,4231.0,1512.0,2038.0,2358.0,2865.0,3947.0,4322.0,4408.0,4601.0,3507.0,2748.0,844.0,1261.0,1437.0,1958.0,3029.0,3432.0,3516.0,3715.0,3325.0,2435.5,798.0,1168.5,1194.0,1756.0,3495.0,4131.5,4216.5,4359.0,2238.0,1209.0,621.0,786.0,637.0,1107.0,2916.0,3676.0,3559.0,3869.0,2176.5,1695.5,570.0,758.0,1057.5,1190.0,1257.0,1355.0,1538.0,1496.5,2006.0,1035.0,491.0,612.0,488.0,841.0,2699.0,3489.0,3512.0,3771.0,2026.0,1046.0,440.0,563.0,424.0,786.0,2767.0,3665.0,3711.0,3893.0,1295.5,663.0,285.5,413.5,295.5,582.0,1768.0,2290.0,2313.0,2433.0,2308.0,1402.0,452.0,625.0,529.0,953.0,2122.0,2621.0,2602.0,2856.0,2903.0,1976.0,486.0,777.0,915.0,1405.0,2217.0,2602.0,2703.0,2954.0,2567.0,1798.5,608.5,743.0,950.5,1190.0,1347.0,1522.0,1622.5,1813.0,2428.5,1707.0,532.0,645.0,875.5,1047.0,1150.5,1260.5,1472.5,1519.0,2839.0,2207.0,2165.0,2018.0,2005.0,2332.0,2504.0,2724.0,2471.0,2968.0,3482.0,2642.0,767.0,1021.0,1266.0,1534.0,1659.0,1837.0,1970.0,2023.0,3683.0,3471.0,969.0,1312.0,1777.0,2000.0,2070.0,2204.0,2375.5,2413.5,1963.5,1669.5,525.5,734.5,1009.0,1125.0,1166.0,1249.0,1401.5,1362.0,2792.0,2232.0,757.0,1026.0,1357.0,1541.0,1622.0,1719.0,1910.0,1898.0,1770.0,1335.0,1551.0,1485.0,1458.0,1450.0,1343.0,1317.0,1913.0,1302.0,2432.5,1813.0,640.0,969.0,1311.5,1503.5,1577.5,1681.5,1888.0,1883.0,2689.0,2143.0,709.0,1006.0,1374.0,1565.0,1653.0,1724.0,1867.0,1903.0,0.0,0.0,0.0,0.0,0.0,0.0,0.0,0.0,0.0,0.0,2463.0,1844.0,717.0,961.0,1277.0,1484.0,1541.0,1633.0,1821.0,1822.0,1216.0,1017.0,831.0,858.0,980.5,1056.5,1065.5,1108.5,1248.0,1188.5,1030.0,1131.0,9880.0,9780.0,9882.0,10093.0,9791.0,9489.0,9828.0,9134.0,1640.0,1201.5,560.5,777.0,1077.5,1247.5,1276.5,1339.0,1440.0,1414.5,2657.0,2070.0,653.0,916.0,1253.0,1444.0,1511.0,1617.0,1793.0,1788.0,2492.0,1882.0,796.5,1047.0,1383.0,1559.5,1639.5,1753.5,1951.5,1905.0,2634.0,2003.0,750.0,1033.0,1397.0,1623.0,1679.0,1798.0,1934.0,1958.0,3978.0,3960.0,1149.0,1539.0,2040.0,2211.0,2303.0,2394.0,2673.0,2587.0,"{""type"":""MultiPoint"",""coordinates"":[]}"
198,176,1987.5,1131.5,583.0,886.5,1308.5,1751.0,1865.0,2112.0,2310.5,2347.0,3234.5,2095.5,575.5,906.5,900.0,1557.0,2618.0,2936.0,2917.5,3218.0,0.0,0.0,0.0,0.0,0.0,0.0,0.0,0.0,0.0,0.0,2223.0,1395.5,793.0,966.0,875.5,1395.5,2225.5,2530.0,2506.5,2753.5,2626.5,1572.0,510.5,820.0,793.5,1416.5,2259.0,2589.0,2758.5,2975.5,2666.5,1644.0,573.5,826.0,847.0,1323.5,2053.5,2317.5,2344.0,2509.0,0.0,0.0,0.0,0.0,0.0,0.0,0.0,0.0,0.0,0.0,3638.5,2522.5,755.0,1049.5,989.0,1584.0,2721.5,3081.5,3043.0,3398.0,2700.5,1815.0,581.0,848.0,786.0,1369.0,2533.0,3044.0,2562.0,3244.5,3944.0,2572.5,905.0,1254.5,1173.5,1919.0,3381.5,3980.5,3885.0,4206.5,0.0,0.0,0.0,0.0,0.0,0.0,0.0,0.0,0.0,0.0,0.0,0.0,0.0,0.0,0.0,0.0,0.0,0.0,0.0,0.0,3528.0,2053.0,732.5,1119.0,938.5,1763.0,3260.5,3687.0,3633.5,4083.0,3240.5,2277.0,2929.5,2814.0,2545.5,2920.0,3740.0,4142.0,4032.5,4337.5,3364.5,2107.0,676.0,1017.5,1021.5,1755.0,2977.0,3445.5,2955.5,3897.0,3408.5,2022.5,665.0,1016.5,941.0,1671.0,2924.5,3328.5,3291.0,3618.5,3583.0,2205.5,625.0,992.0,1007.0,1680.0,2840.0,3174.5,3238.5,3546.5,3735.5,2257.0,652.5,1037.5,1072.5,1780.0,3007.0,3424.5,3453.0,3729.0,3768.5,2457.0,808.5,1182.0,1300.0,1941.5,3032.0,3377.5,3598.5,3759.5,3929.0,2655.0,799.5,1132.5,1275.0,1829.5,2686.5,3044.0,3200.5,3384.0,4024.5,2693.5,725.0,1087.0,1341.5,1901.5,2646.5,2950.0,3125.5,3314.0,3936.0,2631.0,743.5,1095.0,1286.5,1867.0,2696.5,2947.0,3197.5,3359.5,2482.5,1805.0,616.5,781.5,1092.5,1280.5,1492.0,1662.0,1900.0,1932.5,3492.5,2275.0,727.0,1108.0,1262.0,1826.0,2697.0,2961.0,3349.5,3325.5,0.0,0.0,0.0,0.0,0.0,0.0,0.0,0.0,0.0,0.0,3449.0,2879.0,1834.5,1969.5,2078.0,2470.5,2780.5,3003.0,3183.5,3218.0,3782.5,2538.5,870.5,1293.5,1759.0,2304.5,2595.5,2824.5,3145.5,3247.5,0.0,0.0,0.0,0.0,0.0,0.0,0.0,0.0,0.0,0.0,1562.0,1038.0,591.5,680.5,821.5,1031.5,1193.0,1337.0,1422.5,1473.0,2670.0,1919.0,553.5,741.0,1046.0,1273.0,1405.5,1628.0,1762.0,1849.0,0.0,0.0,0.0,0.0,0.0,0.0,0.0,0.0,0.0,0.0,330.5,246.0,4822.0,5027.0,5196.0,5824.5,5490.5,5645.5,5133.5,4864.5,2754.0,1994.0,571.0,805.5,1047.5,1385.0,1570.5,1702.0,1894.0,2050.0,3093.5,2225.0,617.0,852.5,1029.0,1460.0,1853.5,2104.0,2248.0,2368.0,3034.0,2159.0,563.0,863.0,986.5,1448.0,2108.5,2304.5,2440.0,2580.5,3181.0,2242.5,596.0,915.0,956.5,1511.0,2435.0,2718.5,2884.0,2988.0,"{""type"":""MultiPoint"",""coordinates"":[]}"
209,1,2758.0,1920.0,828.5,991.0,1261.5,1606.5,1955.0,2060.5,2356.5,2331.5,3764.0,3050.5,939.0,1266.0,1695.0,1919.0,2015.5,2178.0,2388.5,2431.0,1855.5,1213.5,550.0,690.5,934.0,1089.0,1163.5,1285.5,1323.0,1450.5,3129.0,2277.0,1298.5,1432.0,1685.5,1863.0,2014.0,2120.5,2437.0,2347.5,0.0,0.0,0.0,0.0,0.0,0.0,0.0,0.0,0.0,0.0,3853.5,3007.5,966.5,1280.0,1491.0,1826.0,2514.5,2833.5,2908.5,3007.5,0.0,0.0,0.0,0.0,0.0,0.0,0.0,0.0,0.0,0.0,1861.0,911.5,271.0,447.0,246.5,571.5,2902.5,4434.0,4591.0,4606.0,2056.5,991.5,413.0,644.0,487.0,889.0,3000.0,4480.5,4457.5,4719.0,1817.5,778.0,400.0,602.0,371.0,764.0,3224.5,4929.5,5101.0,5160.0,1684.5,1032.5,1424.5,1376.0,1139.0,1434.0,2745.0,3496.0,3375.5,3549.5,3297.5,2481.0,929.5,1107.0,1409.0,1748.5,2071.5,2229.5,2438.5,2415.5,1205.0,495.0,288.0,394.0,245.5,504.0,1988.5,2979.0,2941.0,3190.0,1717.5,739.5,439.0,555.0,374.0,704.0,2730.5,4107.5,4147.0,4314.5,2007.5,1053.5,438.5,645.5,555.0,992.5,2317.5,3046.0,3027.5,3398.0,2079.0,1369.5,572.5,674.5,701.5,1002.0,1612.5,1978.0,1924.5,2224.5,2545.0,1811.5,390.5,520.5,751.0,943.5,1109.5,1298.5,1408.5,1507.5,0.0,0.0,0.0,0.0,0.0,0.0,0.0,0.0,0.0,0.0,4364.0,3225.0,900.5,1232.5,1794.5,2147.5,2346.5,2557.0,2798.5,2942.0,3966.5,2764.0,782.0,1055.5,1424.5,1779.5,2039.0,2249.5,2325.5,2569.0,3858.0,2731.5,709.0,996.5,1343.5,1697.5,2067.5,2291.0,2531.5,2636.0,3889.0,2807.5,800.0,1102.0,1514.0,1868.5,2185.0,2416.0,2610.5,2741.0,0.0,0.0,0.0,0.0,0.0,0.0,0.0,0.0,0.0,0.0,3195.5,2366.5,767.0,1050.0,1524.0,1789.5,1856.5,2057.0,2249.5,2300.0,0.0,0.0,0.0,0.0,0.0,0.0,0.0,0.0,0.0,0.0,2260.5,1489.5,565.0,844.0,1218.5,1422.0,1568.5,1686.0,1865.0,1913.5,2809.5,2022.0,762.5,1028.0,1398.0,1662.5,1792.0,1956.0,2121.0,2193.5,0.0,0.0,0.0,0.0,0.0,0.0,0.0,0.0,0.0,0.0,2699.5,1947.0,691.5,949.0,1262.0,1536.0,1745.5,1880.0,2114.0,2116.5,0.0,0.0,0.0,0.0,0.0,0.0,0.0,0.0,0.0,0.0,960.0,1083.5,11025.5,10621.0,10532.5,10631.0,10210.0,9874.5,10243.5,9517.5,0.0,0.0,0.0,0.0,0.0,0.0,0.0,0.0,0.0,0.0,3073.5,2233.5,742.0,932.5,1199.5,1564.0,1981.0,2163.0,2393.5,2363.0,3016.0,2107.5,717.0,945.5,1096.0,1607.0,2163.5,2370.0,2636.0,2591.5,2942.0,2180.0,1641.0,1839.5,1981.5,2350.0,2670.0,2734.0,2990.5,2901.5,2904.0,2030.0,1077.5,1338.0,1617.0,1826.5,1889.0,1999.0,2259.5,2166.5,"{""type"":""MultiPoint"",""coordinates"":[]}"
214,3,2744.0,1956.5,944.0,1349.0,1797.5,2152.5,2339.0,2467.0,2727.0,2698.5,4570.0,3959.0,1608.0,2070.0,2387.0,3110.0,3323.0,3484.0,3561.0,3721.0,2912.0,2111.0,979.0,1267.0,1761.0,2016.0,2168.0,2316.0,2491.0,2529.0,3147.0,2311.0,1267.0,1768.0,2027.0,2508.0,2645.0,2816.0,2976.0,2996.0,3409.0,2718.0,1149.0,1577.0,2073.0,2417.0,2529.0,2710.0,2894.0,2931.0,7216.0,7022.0,2917.0,3571.0,4392.0,5109.0,5189.0,5447.0,5438.0,5746.0,0.0,0.0,0.0,0.0,0.0,0.0,0.0,0.0,0.0,0.0,4007.5,3192.0,2229.0,2480.5,2489.0,3026.5,3581.0,3811.5,3875.5,4017.0,1377.0,904.5,741.5,1024.0,941.5,1525.5,1994.0,2351.0,2144.0,2120.0,1556.5,791.0,312.5,602.5,369.5,930.5,2537.5,3359.0,3360.5,3367.0,1839.0,926.0,566.0,755.0,469.0,994.0,2903.0,4523.0,4400.0,4482.0,3045.0,2389.0,1172.0,1529.0,1975.0,2300.0,2433.0,2580.0,2838.0,2754.0,3042.0,2017.0,3273.0,3643.0,3550.0,3889.0,4316.0,5706.0,5708.0,6044.0,1390.5,656.0,700.0,768.0,441.5,836.0,2566.5,4059.0,4101.0,4188.0,1575.0,779.0,570.0,721.0,413.0,987.0,3094.0,4842.0,4747.0,5124.0,1580.0,752.0,422.0,673.0,344.0,992.0,3080.0,4548.0,4430.0,4825.0,1692.5,847.5,440.0,748.0,459.0,1222.0,3196.5,4232.5,4265.5,4501.5,1944.0,1434.5,934.5,1101.5,936.5,1584.0,2731.5,3296.0,3280.5,3625.0,1913.0,1075.0,504.0,891.5,845.5,1610.5,2675.0,3083.0,3258.0,3428.0,2542.5,1877.5,2433.5,2412.5,2286.0,2751.0,2987.0,3007.0,3353.0,3006.5,3259.0,2289.0,864.0,1221.0,1648.0,2127.0,2325.0,2569.0,2714.0,2868.0,3106.0,2181.0,876.0,1150.0,1513.0,1843.0,2135.0,2301.0,2521.0,2614.0,2846.5,2335.0,1896.0,1985.0,2140.5,2412.0,2573.0,2712.5,2908.0,2871.0,2456.0,1712.5,681.5,967.5,1253.5,1605.5,1861.0,2044.5,2208.0,2322.5,2274.0,1606.0,679.0,947.0,1238.0,1576.0,1783.0,1966.0,2116.0,2231.0,2321.0,1518.0,633.0,917.0,1273.0,1605.0,1806.0,2004.0,2232.0,2216.5,2604.5,1767.5,760.5,1047.5,1405.5,1730.0,1912.0,2081.0,2266.0,2361.5,0.0,0.0,0.0,0.0,0.0,0.0,0.0,0.0,0.0,0.0,1847.0,1247.0,684.0,924.0,1304.0,1592.0,1698.0,1845.0,2036.0,2042.0,0.0,0.0,0.0,0.0,0.0,0.0,0.0,0.0,0.0,0.0,412.0,447.0,9664.0,9688.0,9768.0,9972.0,9636.0,9205.0,9550.0,8814.0,1354.5,940.0,4294.0,4417.5,4622.0,4987.5,4861.0,4740.0,4856.5,4651.5,2986.0,2227.0,1050.0,1470.0,1848.0,2246.0,2528.0,2647.0,2907.0,2844.0,3128.5,2243.0,1053.5,1474.5,1657.5,2245.0,2802.0,3017.0,3206.0,3208.0,2918.0,2015.0,952.0,1428.0,1716.0,2274.0,2596.0,2772.0,2962.0,3006.0,3331.0,2483.0,1089.0,1525.0,1740.0,2358.0,2565.0,2754.0,2893.0,2936.0,"{""type"":""MultiPoint"",""coordinates"":[]}"
220,5,1755.0,1305.0,666.0,905.0,1261.0,1566.0,1687.0,1796.0,1998.0,2003.0,4383.5,3562.0,1301.0,1733.0,2167.0,2614.0,2862.0,3024.5,3104.5,3234.5,2655.5,1793.5,804.5,1097.5,1477.0,1744.0,1926.5,2116.0,2199.0,2310.5,3395.0,2270.0,1069.0,1429.0,1813.0,2148.0,2360.0,2580.0,2618.0,2749.0,3139.0,2356.0,984.0,1411.0,1809.0,2070.0,2261.0,2464.0,2660.0,2604.0,0.0,0.0,0.0,0.0,0.0,0.0,0.0,0.0,0.0,0.0,3248.0,2221.0,800.0,1175.0,1295.0,1927.0,2230.0,2530.0,2438.0,2751.0,4732.5,3972.5,2076.0,2459.0,2609.0,3152.0,3703.5,4045.5,4241.0,4268.5,4758.0,4493.0,1418.0,1906.0,2492.0,2824.0,3059.0,3246.0,3330.0,3506.0,4243.0,3648.0,1420.0,1728.5,1977.5,2434.5,3141.0,3498.0,3146.5,3688.0,2878.0,1801.0,1069.0,1315.0,1169.0,1740.0,3126.0,3638.0,3664.0,3857.0,3012.0,2308.0,881.0,1169.0,1581.0,1911.0,2050.0,2234.0,2387.0,2415.0,4963.0,3574.0,3353.5,3472.0,3262.5,3935.5,5810.0,6478.5,6496.0,6629.5,3121.5,1878.5,674.0,916.0,730.5,1392.0,4188.5,5302.5,5448.0,5508.0,3024.0,1855.0,506.0,702.0,599.0,1248.0,3781.0,5161.0,5185.0,5441.0,3476.0,1973.0,546.0,792.0,608.0,1334.0,4405.0,5535.0,5553.0,5986.0,2744.0,1557.0,297.0,527.0,453.0,1003.0,3533.0,4844.0,4963.0,5152.0,2648.0,1550.0,467.0,707.0,637.0,1172.0,3489.0,4471.0,4563.0,4727.0,2577.5,1584.0,472.0,897.0,683.5,1665.0,3563.0,4277.0,4371.5,4570.0,2644.5,1686.0,483.5,765.0,842.5,1448.0,1995.5,2217.5,2278.5,2559.0,3149.0,2273.0,513.5,752.0,991.0,1418.0,1844.5,2071.0,2123.5,2365.5,3605.0,2798.5,807.5,1119.0,1583.5,1869.0,2071.5,2301.5,2652.5,2716.5,3817.0,3200.0,1915.5,2149.0,2454.0,2770.0,2872.5,2999.5,3227.0,3132.5,3336.5,2532.0,705.0,955.0,1250.0,1603.0,1953.5,2134.5,2322.0,2429.5,3625.0,3302.0,1598.0,1984.0,2519.0,2899.0,3069.0,3268.0,3120.0,3566.0,3018.0,2209.0,738.0,1074.0,1505.0,1724.0,1934.0,2040.0,2297.0,2285.0,3237.0,2515.5,809.0,1197.0,1582.0,1902.5,2081.5,2214.0,2344.0,2432.5,0.0,0.0,0.0,0.0,0.0,0.0,0.0,0.0,0.0,0.0,2444.5,1826.5,866.0,1084.0,1308.0,1574.5,1702.5,1803.5,1982.0,1962.5,0.0,0.0,0.0,0.0,0.0,0.0,0.0,0.0,0.0,0.0,906.0,997.0,10716.0,10448.0,10370.0,10802.0,10209.0,9923.0,10158.0,9667.0,594.5,405.0,2842.0,2926.0,3072.5,3305.0,3113.5,3077.0,3240.5,3014.5,2589.5,1811.5,737.0,1027.5,1390.0,1754.5,1908.0,2098.0,2253.0,2290.5,3098.0,2333.0,1471.5,1679.0,1893.5,2158.0,2293.5,2411.0,2679.0,2583.5,2559.0,1730.0,775.0,1123.0,1453.0,1797.0,2014.0,2168.0,2350.0,2375.0,2576.0,1609.0,1003.0,1321.0,1636.0,2072.0,2285.0,2427.0,2675.0,2685.0,"{""type"":""MultiPoint"",""coordinates"":[]}"
262,5,2366.0,1613.0,802.0,1137.0,1455.0,1980.0,2452.0,2744.0,2918.0,2977.0,2925.0,1867.0,716.0,1107.0,1256.0,1973.0,2427.0,2642.0,2965.0,3027.0,3012.0,1999.5,762.5,1033.0,1329.5,1805.0,2143.0,2417.0,2671.0,2771.5,3563.0,2613.0,746.0,974.0,1177.0,1553.0,1826.0,2035.0,2198.0,2378.0,3710.0,3198.0,1102.0,1535.0,2099.5,2387.0,2494.5,2636.5,2801.0,2870.5,0.0,0.0,0.0,0.0,0.0,0.0,0.0,0.0,0.0,0.0,2928.0,1928.0,924.0,1250.0,1523.0,1957.0,2419.0,2617.0,2657.0,2874.0,4440.5,3449.0,1063.0,1640.5,1871.0,2606.0,3455.5,3744.0,3784.5,3953.0,3950.0,2847.5,1301.5,1802.5,1886.0,2552.0,3843.0,4329.0,4373.0,4588.5,3038.5,1580.0,639.5,972.0,678.0,1463.0,4090.5,4850.5,4825.0,5146.0,1715.0,814.0,1145.0,1105.0,756.0,1120.0,2936.0,3561.0,3499.0,3647.0,3433.0,2298.0,784.0,1096.0,1473.0,2000.0,2643.0,2806.0,3146.0,3193.0,2658.0,1134.0,328.0,571.0,250.0,844.0,5029.0,6708.0,6640.0,6967.0,2314.5,989.0,393.5,551.0,288.5,790.0,4110.5,5823.5,5903.0,6125.0,2219.0,952.0,298.0,481.0,240.0,758.0,4030.0,5438.0,5320.0,5775.0,1864.5,824.0,437.5,560.5,292.5,779.0,3242.5,4281.0,3959.0,4483.0,2118.0,977.0,326.5,602.0,305.5,977.0,3384.5,4001.5,4061.5,4365.5,2426.5,1360.0,459.0,815.0,837.0,1514.0,2183.0,2458.0,2661.5,2925.5,3027.5,2324.0,489.0,630.5,883.5,1063.0,1217.5,1368.0,1571.5,1655.0,3209.5,2379.0,883.0,984.5,1109.0,1371.0,1668.5,1856.5,1908.5,2092.0,3969.5,3048.5,839.0,1052.0,1402.5,1667.5,1820.0,2027.0,2135.5,2314.5,3382.5,2483.0,855.0,991.5,1254.5,1506.5,1653.0,1783.5,2031.5,1986.0,3134.0,2085.0,695.0,1025.0,1373.0,1901.0,2499.0,2733.0,2933.0,3040.0,3513.0,2616.0,808.0,986.0,1222.0,1487.0,1744.0,1874.0,2096.0,2099.0,3472.0,2535.0,811.0,1015.0,1204.0,1535.0,1889.0,2059.0,2187.0,2271.0,2948.0,1997.0,617.5,864.5,975.5,1418.0,1924.5,2053.0,2312.5,2299.0,2951.0,1965.0,598.5,882.5,936.5,1439.0,2129.0,2311.5,2512.5,2526.0,0.0,0.0,0.0,0.0,0.0,0.0,0.0,0.0,0.0,0.0,2742.0,1745.0,543.0,830.0,697.0,1388.0,2562.0,2845.0,3107.0,3002.0,0.0,0.0,0.0,0.0,0.0,0.0,0.0,0.0,0.0,0.0,691.0,741.0,10144.0,10032.0,9982.0,10109.0,9779.0,9371.0,9742.0,8962.0,1496.0,983.0,3456.5,3605.0,3877.0,4187.0,4384.5,4451.5,4675.0,4426.5,3287.0,2211.5,727.0,1080.0,1389.0,1926.5,2638.5,2883.0,3183.5,3193.5,3086.5,1962.0,680.5,1019.5,1110.5,1739.0,2980.0,3307.0,3589.5,3580.5,2420.0,1421.0,480.0,843.0,843.0,1539.0,2868.0,3213.0,3427.0,3398.0,2264.0,1343.0,592.0,1053.0,1015.0,1856.0,2958.0,3300.0,3450.0,3502.0,"{""type"":""MultiPoint"",""coordinates"":[]}"
265,2,2746.0,1750.0,609.5,878.0,1081.5,1533.0,2099.5,2305.5,2685.5,2638.5,4329.5,3333.5,1018.0,1444.5,1927.0,2303.5,2584.0,2756.5,3052.0,3085.0,1794.0,1165.5,696.0,886.0,1145.0,1354.5,1395.5,1477.5,1574.5,1609.0,3112.0,2426.0,885.5,1312.0,1816.0,2111.0,2242.0,2386.5,2554.0,2514.0,0.0,0.0,0.0,0.0,0.0,0.0,0.0,0.0,0.0,0.0,4362.5,4046.0,1943.5,2487.0,2761.5,3100.5,3543.0,3833.5,3804.5,3977.5,0.0,0.0,0.0,0.0,0.0,0.0,0.0,0.0,0.0,0.0,5431.5,5088.5,1588.0,2410.5,2979.0,3661.5,3897.5,4146.5,4329.5,4271.0,0.0,0.0,0.0,0.0,0.0,0.0,0.0,0.0,0.0,0.0,5137.0,4266.0,1300.0,1959.5,2348.5,3101.5,4327.0,4700.0,4710.0,4958.0,3191.0,1893.5,725.5,1170.5,1022.5,1885.0,3706.0,4294.5,4256.0,4431.5,2999.5,2075.0,691.5,936.5,1190.0,1640.5,2142.5,2372.0,2712.5,2651.0,3166.0,1750.0,562.5,894.5,722.0,1471.0,4397.5,5437.0,5324.5,5651.0,2905.0,1557.5,535.0,817.0,609.0,1299.0,4420.5,5560.5,5608.5,5710.0,2594.5,1208.5,505.0,769.5,508.0,1262.0,4369.0,5519.0,5436.5,5837.5,3263.0,2070.5,1415.0,1666.0,1520.5,2287.5,4631.0,5489.5,5247.0,5729.0,2509.5,1279.0,369.5,610.0,485.0,1256.0,3571.0,4241.5,4503.0,4600.0,0.0,0.0,0.0,0.0,0.0,0.0,0.0,0.0,0.0,0.0,2528.5,1444.0,409.5,589.0,651.0,1485.5,2907.0,3291.0,3571.5,3649.5,2984.5,2024.0,709.0,895.5,1148.0,1548.0,1821.0,2033.0,2176.5,2384.5,3280.5,2362.5,776.5,999.5,1303.0,1648.5,1866.5,2055.5,2311.5,2428.5,3603.5,2723.5,898.5,1145.0,1471.0,1843.0,2057.5,2274.5,2516.0,2678.0,0.0,0.0,0.0,0.0,0.0,0.0,0.0,0.0,0.0,0.0,3486.5,2372.5,669.0,1025.5,1349.0,1867.0,2243.5,2506.5,2823.5,2944.5,0.0,0.0,0.0,0.0,0.0,0.0,0.0,0.0,0.0,0.0,2695.5,1627.5,401.5,745.5,1084.5,1523.0,2044.0,2313.5,2640.5,2695.0,4010.0,2913.5,1897.0,2079.0,2287.0,2822.0,3304.0,3477.0,3711.5,3719.0,0.0,0.0,0.0,0.0,0.0,0.0,0.0,0.0,0.0,0.0,2713.0,1747.0,539.0,855.5,1007.5,1551.0,2189.5,2489.5,2821.5,2728.5,0.0,0.0,0.0,0.0,0.0,0.0,0.0,0.0,0.0,0.0,634.0,692.0,10337.5,10206.0,10201.0,10270.5,10004.5,9625.0,9997.0,9199.0,0.0,0.0,0.0,0.0,0.0,0.0,0.0,0.0,0.0,0.0,3043.0,2082.5,620.5,919.5,1112.5,1582.0,2156.0,2421.5,2747.5,2702.0,2833.5,1831.0,585.5,912.0,984.5,1538.0,2343.5,2635.0,2933.5,2887.0,2050.5,1220.0,639.0,925.5,988.5,1483.0,1943.0,2107.0,2341.0,2347.0,1265.5,703.0,700.0,842.0,968.5,1156.5,1184.0,1249.0,1717.5,1322.5,"{""type"":""MultiPoint"",""coordinates"":[]}"
275,3,2592.0,1816.0,627.0,868.0,1145.0,1431.0,1574.0,1698.0,1888.0,1896.0,1778.0,1121.5,745.0,1060.5,1289.5,1626.0,1766.0,1910.5,1993.0,2100.5,2261.0,1501.0,631.0,880.0,1170.5,1453.0,1558.0,1680.0,1795.0,1859.5,658.0,650.0,1381.0,1932.0,2042.0,2222.5,1349.5,1361.0,1185.0,1019.0,692.0,635.0,1446.0,2004.0,2233.0,2442.0,1625.0,1643.0,1450.0,1225.0,0.0,0.0,0.0,0.0,0.0,0.0,0.0,0.0,0.0,0.0,0.0,0.0,0.0,0.0,0.0,0.0,0.0,0.0,0.0,0.0,919.0,587.5,548.0,790.0,568.0,1205.5,2054.5,2422.0,2252.5,2332.0,2077.0,1054.0,619.0,809.0,514.0,1080.0,3379.0,4370.0,4318.0,4489.0,1435.0,664.0,378.0,515.0,262.0,693.0,2913.0,4362.0,4288.0,4454.0,0.0,0.0,0.0,0.0,0.0,0.0,0.0,0.0,0.0,0.0,2863.0,2258.0,739.0,940.0,1219.0,1478.0,1561.0,1675.0,1898.0,1872.0,1083.0,486.0,350.0,482.0,252.0,613.0,2504.0,3973.0,3883.0,4292.0,1350.0,653.0,440.0,575.0,324.0,818.0,2948.0,4597.0,4610.0,4740.0,1255.0,604.0,535.0,820.0,450.0,1165.0,3105.0,4375.0,4340.0,4689.0,1591.0,801.0,554.0,851.0,584.0,1436.0,3285.0,4194.0,4093.0,4507.0,1707.0,924.0,478.0,913.0,753.0,1628.0,2988.0,3396.0,3642.0,3777.0,1847.0,1053.0,593.0,971.0,962.5,1769.5,2731.0,3194.0,3270.5,3523.0,2506.0,1577.5,617.5,993.0,1106.5,1805.0,2506.0,2802.0,2924.0,3180.0,2542.0,1876.0,809.0,1082.0,1478.0,1720.0,1798.0,1959.5,1959.0,2163.5,3776.0,2945.0,1015.0,1385.0,1900.0,2275.0,2348.0,2537.0,2594.0,2805.0,3758.0,2997.0,1072.0,1395.0,1885.0,2210.0,2319.0,2512.0,2688.0,2798.0,0.0,0.0,0.0,0.0,0.0,0.0,0.0,0.0,0.0,0.0,2626.0,1932.0,883.0,1120.0,1464.5,1763.5,1837.5,2004.0,2158.0,2198.0,1856.0,1206.0,741.0,941.0,1357.0,1594.0,1675.0,1803.0,2010.0,2045.0,2098.5,1408.5,714.5,990.0,1390.0,1555.5,1647.5,1770.5,2011.0,1984.0,3120.0,2342.0,987.0,1266.0,1691.0,1885.0,1988.0,2053.0,2263.0,2313.0,0.0,0.0,0.0,0.0,0.0,0.0,0.0,0.0,0.0,0.0,1191.0,701.0,548.0,688.0,962.0,1147.0,1199.0,1311.0,1481.0,1492.0,0.0,0.0,0.0,0.0,0.0,0.0,0.0,0.0,0.0,0.0,976.0,1041.0,10678.0,10406.0,10350.0,10468.0,10124.0,9768.0,10110.0,9392.0,1404.5,966.0,498.5,809.5,1140.5,1339.0,1444.0,1598.5,1643.0,1641.0,2798.0,2003.5,620.5,929.0,1247.0,1561.0,1658.5,1820.0,1982.5,1960.0,1489.5,989.0,952.5,1378.5,1727.5,1960.5,1793.0,1895.5,1941.5,1791.5,190.0,182.0,941.0,1514.0,1969.0,2102.0,1671.0,1733.0,1616.0,1234.0,229.5,222.5,1151.5,1698.5,1906.5,2158.5,1431.5,1446.0,1282.0,1063.5,"{""type"":""MultiPoint"",""coordinates"":[]}"
284,3,2282.0,2163.0,1630.5,1697.5,1833.0,1996.5,2047.0,2143.5,2339.0,2285.5,3593.5,2974.5,1009.0,1264.0,1629.0,1893.5,1950.0,2198.0,2342.5,2378.5,0.0,0.0,0.0,0.0,0.0,0.0,0.0,0.0,0.0,0.0,168.5,131.0,464.5,492.0,523.0,674.5,513.5,582.0,577.0,436.5,111.5,79.5,224.0,321.0,348.0,538.0,458.0,519.0,515.0,397.5,1780.5,1072.5,470.5,632.0,730.5,1070.0,1167.0,1306.0,1337.0,1527.0,0.0,0.0,0.0,0.0,0.0,0.0,0.0,0.0,0.0,0.0,3166.0,2425.5,695.5,923.5,917.5,1418.5,1884.0,2183.0,2176.5,2501.5,499.0,290.0,349.5,549.5,378.0,759.0,1007.0,1115.0,1147.5,992.0,1660.0,816.5,375.5,629.5,267.0,826.5,2855.5,3695.0,3603.0,3679.5,593.5,270.5,519.5,454.0,262.5,448.5,1148.0,1530.5,1466.5,1595.5,1504.0,1023.0,558.0,695.5,917.0,1091.0,1150.5,1253.0,1528.0,1473.5,2020.5,973.5,429.5,666.5,336.0,944.0,3192.5,4631.0,4612.5,4955.5,1991.5,942.5,568.0,827.0,411.0,1109.0,3621.5,5321.0,5265.5,5660.5,2131.5,1326.5,821.5,1030.5,676.5,1409.5,3573.5,4784.0,4699.0,5041.0,1945.5,934.5,429.0,880.5,396.5,1392.5,3987.0,5211.5,5093.0,5536.0,2076.0,1016.0,401.0,948.5,493.5,1637.0,4060.0,5049.5,4966.5,5383.0,2274.5,1152.0,505.0,1092.5,745.5,1962.5,4063.5,4747.5,4819.0,5107.0,2516.5,1350.0,572.5,1122.0,848.5,1986.0,3608.5,4113.5,4177.0,4527.0,2576.5,1526.5,611.5,1044.0,959.0,1846.5,2950.5,3348.5,3478.0,3705.5,3863.0,2527.5,897.5,1295.0,1779.5,2390.5,2702.0,2949.0,3107.5,3393.0,3209.0,2115.5,706.5,1017.5,1377.5,1785.5,2126.0,2347.0,2526.0,2706.0,1516.0,1099.5,889.5,938.5,1083.5,1224.0,1315.5,1465.5,1683.0,1662.0,2595.5,1645.5,581.0,884.0,1136.5,1547.5,1988.5,2215.0,2406.5,2511.5,0.0,0.0,0.0,0.0,0.0,0.0,0.0,0.0,0.0,0.0,2321.0,1454.5,640.5,922.0,1348.0,1578.0,1794.5,1944.0,2206.5,2237.0,2533.0,1646.5,681.0,954.5,1391.0,1705.0,1820.0,1966.5,2125.5,2249.5,0.0,0.0,0.0,0.0,0.0,0.0,0.0,0.0,0.0,0.0,696.5,425.0,263.5,368.0,540.5,650.5,715.5,771.5,904.0,914.5,1331.0,804.5,456.5,626.5,838.5,1003.0,1176.0,1267.5,1471.0,1508.0,0.0,0.0,0.0,0.0,0.0,0.0,0.0,0.0,0.0,0.0,253.0,167.5,7478.0,7549.0,7755.0,8174.0,7628.5,7442.0,7377.5,6935.0,1119.5,631.5,480.0,642.5,793.5,1007.5,1096.5,1249.5,1390.0,1340.5,2048.0,1375.5,703.0,866.0,1095.0,1353.0,1411.0,1567.0,1793.5,1801.0,2357.5,1701.0,746.5,950.5,1208.5,1439.0,1550.5,1702.5,1925.5,1925.0,3511.5,2974.5,1008.0,1256.5,1622.0,1822.0,1987.0,2126.5,2407.0,2432.0,"{""type"":""MultiPoint"",""coordinates"":[]}"
286,1,2355.5,1497.0,575.5,879.5,1074.5,1696.0,2588.0,2806.0,3074.0,3026.5,3787.0,3143.0,993.0,1455.0,1609.0,2011.0,2282.0,2492.0,2578.0,2691.0,2981.0,2098.0,677.0,961.0,1141.0,1538.0,2006.0,2241.0,2458.0,2313.0,3310.0,2377.0,858.0,1092.0,1038.0,1622.0,2483.0,2632.0,2972.0,2897.0,4109.0,3273.0,951.0,1459.0,1648.0,2253.5,2944.5,3321.0,3525.5,3577.0,0.0,0.0,0.0,0.0,0.0,0.0,0.0,0.0,0.0,0.0,3389.0,2869.0,2629.0,2734.0,2616.0,2980.0,3691.0,3967.0,3913.0,4058.0,2002.5,1041.5,739.0,897.5,639.0,1028.5,3054.5,4241.5,4263.0,4410.5,1750.5,785.0,250.5,466.0,250.5,630.0,3164.5,4848.5,4917.0,5152.5,2036.0,928.0,336.0,569.0,340.0,718.0,3022.0,4584.0,4468.0,4845.0,2020.5,925.0,672.5,764.5,513.5,881.0,3055.5,4670.5,4689.0,4953.0,2690.0,1754.0,655.0,892.0,1137.0,1781.0,2576.0,2778.0,3028.0,3021.0,2079.0,973.5,446.0,669.0,530.5,866.5,2990.5,4405.5,4318.5,4773.5,2168.5,1009.0,568.5,749.5,597.0,1010.5,2936.5,4181.0,4255.0,4548.0,2389.0,1299.0,541.0,813.0,698.0,1299.0,2922.0,3913.0,3953.0,4277.0,2433.0,1371.0,509.0,755.0,673.0,1165.0,1951.0,2342.0,2776.0,2842.0,3122.0,2045.0,483.0,701.5,863.0,1250.5,1909.0,2220.5,2396.0,2538.5,1935.0,1206.5,392.0,509.5,628.0,874.5,1188.5,1453.5,1472.5,1621.0,3978.0,2883.5,784.0,1112.0,1454.5,1914.0,2521.0,2817.5,2968.5,3066.0,3418.0,2423.0,706.0,1018.0,1231.0,1778.0,2250.0,2610.0,2735.0,2819.0,3774.0,2949.0,843.0,1123.0,1411.0,1847.0,2367.0,2662.0,2953.0,2980.0,3479.0,2446.0,702.0,1022.0,1223.0,1773.0,2406.0,2796.0,3005.0,3058.0,3668.0,3132.0,2155.0,2281.0,2420.0,2729.0,3173.0,3356.0,3730.0,3483.0,3345.0,2246.0,690.0,1047.0,1280.0,1840.0,2491.0,2759.0,3033.0,3079.0,3250.0,2206.0,765.0,1114.0,1436.0,1947.0,2592.0,2790.0,3044.0,3170.0,3127.5,2015.5,733.0,1122.0,1504.5,2030.0,2697.0,2914.5,3260.0,3267.5,3273.0,2099.0,750.0,1146.0,1572.0,2070.0,2994.0,3225.0,3442.0,3564.0,0.0,0.0,0.0,0.0,0.0,0.0,0.0,0.0,0.0,0.0,2408.0,1566.0,644.0,968.0,1148.0,1690.0,2755.0,3016.0,3280.0,3260.0,0.0,0.0,0.0,0.0,0.0,0.0,0.0,0.0,0.0,0.0,448.0,490.0,10638.0,10444.0,10348.0,10425.0,10047.0,9572.0,9876.0,9062.0,441.0,279.0,2482.0,2734.0,2816.0,3374.0,3572.0,3582.0,3819.0,3603.0,2753.0,1842.0,624.0,927.5,1189.5,1695.0,2082.5,2273.5,2585.5,2613.0,3448.0,2592.0,788.0,1085.0,1358.0,1763.0,2024.0,2238.0,2522.0,2507.0,2854.0,2061.0,598.0,905.0,1123.0,1536.0,1860.0,2078.0,2328.0,2294.0,2485.0,1800.0,672.0,923.0,1152.0,1431.0,1604.0,1708.0,2237.0,1910.0,"{""type"":""MultiPoint"",""coordinates"":[]}"
292,3,2548.0,1930.0,827.0,974.0,1223.0,1394.0,1528.0,1610.0,1833.0,1788.0,5551.0,5305.5,2324.5,2863.5,3368.5,3817.0,3900.5,4015.0,4209.5,4246.0,2998.0,2349.0,927.0,1223.0,1473.0,1780.0,1868.0,2002.5,2142.0,2201.5,4522.0,4156.5,1694.5,2167.0,2523.0,2920.5,3115.0,3247.5,3433.5,3459.0,5236.0,4921.0,1953.0,2467.0,2954.0,3359.0,3533.0,3709.0,3998.0,3954.0,2784.0,2543.0,1579.0,1693.0,1805.0,1969.0,1969.0,2196.0,2040.0,2227.0,0.0,0.0,0.0,0.0,0.0,0.0,0.0,0.0,0.0,0.0,5172.0,4600.5,1779.0,2286.5,2453.5,3106.0,3644.0,3955.0,3919.0,4213.5,5046.0,4313.0,1643.0,2152.0,2379.0,2998.0,3806.0,4142.0,4408.0,4475.0,1525.5,924.0,605.5,898.0,616.5,1178.5,2516.5,3055.5,2998.5,2931.5,0.0,0.0,0.0,0.0,0.0,0.0,0.0,0.0,0.0,0.0,3088.0,2607.0,997.0,1208.0,1516.0,1723.0,1881.0,1950.0,2177.0,2136.0,1771.0,787.0,286.0,446.0,207.0,621.0,2955.0,4668.0,4596.0,4878.0,1831.0,837.0,325.0,475.0,219.0,656.0,3193.0,5161.0,5259.0,5265.0,1484.0,632.0,320.0,464.0,231.0,667.0,2911.0,4586.0,4744.0,4708.0,1455.5,651.5,385.0,676.0,341.5,1024.0,3183.0,4664.0,4673.5,4955.0,1594.0,790.0,315.0,738.0,373.0,1193.0,3484.0,4426.0,4692.0,4771.0,924.5,468.5,247.0,495.0,277.5,908.0,2171.0,2618.5,2653.0,2784.0,1860.0,1013.5,483.0,984.5,808.0,1818.5,2793.5,3154.0,3428.0,3511.0,2427.5,1590.5,761.5,1108.5,1353.0,1883.0,2262.0,2412.0,2545.0,2749.5,3574.0,2557.0,996.0,1418.0,2021.0,2400.0,2638.0,2781.0,3169.0,3232.0,3095.0,2154.0,856.0,1262.0,1894.0,2142.0,2369.0,2556.0,2878.0,2888.0,2193.0,1637.0,722.0,861.0,1099.0,1210.0,1279.0,1359.0,1554.0,1500.0,3445.0,2373.0,973.5,1335.0,1904.5,2209.0,2396.0,2570.0,2919.5,2954.0,2034.0,1235.0,879.0,1196.0,1749.0,2087.0,2228.0,2440.0,2669.0,2755.0,2465.5,1597.5,834.5,1195.0,1772.5,2011.0,2144.5,2349.5,2705.5,2656.0,2769.0,1888.5,926.0,1278.0,1828.5,2077.5,2187.0,2422.5,2671.5,2728.5,0.0,0.0,0.0,0.0,0.0,0.0,0.0,0.0,0.0,0.0,2420.0,1662.0,1021.0,1288.0,1711.0,1933.0,2062.0,2198.0,2524.0,2452.0,0.0,0.0,0.0,0.0,0.0,0.0,0.0,0.0,0.0,0.0,956.0,1045.0,10860.0,10518.0,10354.0,10497.0,10135.0,9799.0,10202.0,9351.0,527.0,389.0,806.0,1101.0,1362.0,1536.0,1484.0,1510.0,1619.0,1548.0,2880.0,2294.0,927.0,1251.0,1580.0,1795.0,1826.0,1947.0,2133.0,2117.0,2847.0,2254.0,907.0,1179.0,1474.0,1649.0,1733.0,1883.0,2077.0,2004.0,2932.0,2300.0,959.0,1265.0,1587.0,1842.0,1938.0,2044.0,2240.0,2230.0,3492.5,2805.5,1508.5,1890.0,2260.0,2582.0,2715.0,2768.0,2956.5,2999.5,"{""type"":""MultiPoint"",""coordinates"":[]}"
301,5,1969.0,1208.0,505.0,832.5,980.5,1586.5,2259.5,2485.0,2727.5,2721.0,4338.0,3843.0,1238.0,1729.0,2132.0,2470.0,2844.0,3048.0,3108.0,3359.0,2644.0,1887.0,701.0,956.0,1242.0,1512.0,1694.0,2027.0,2045.0,2139.0,2969.0,2286.0,1055.0,1316.0,1443.0,1842.0,2289.0,2461.0,2492.0,2740.0,4406.0,3818.5,1351.0,1877.5,2276.5,2596.5,3091.0,3267.0,3493.0,3509.5,5777.0,4791.0,1802.0,2454.0,2662.0,3395.0,4687.0,5139.0,5295.0,5497.0,2966.0,2547.0,3318.0,3021.0,2634.0,3004.0,3406.0,3538.0,3922.0,3637.0,3317.0,1899.0,572.0,962.0,815.0,1478.0,3976.0,5097.0,5057.0,5305.0,2756.5,1429.5,408.5,654.5,513.0,1055.0,3657.0,4914.0,4798.0,5115.5,2799.0,1464.0,431.0,678.0,508.0,938.0,3850.0,5276.0,5509.0,5647.0,2990.5,2060.0,2066.5,2084.5,1904.0,2346.0,4018.0,5011.5,5048.0,5279.5,2508.0,1751.0,616.0,922.0,1143.0,1730.0,2361.0,2535.0,2800.0,2739.0,2640.0,1234.0,506.0,690.0,530.0,1005.0,3944.0,5288.0,5565.0,5848.0,2431.0,1127.0,537.0,680.0,456.0,976.0,3592.0,5216.0,5348.0,5492.0,2261.0,1051.0,421.0,612.0,422.0,934.0,3413.0,4665.0,4644.0,5061.0,2202.5,1015.0,607.5,838.0,586.0,1159.5,3451.5,4420.0,4233.0,4858.0,2061.0,1042.5,430.5,735.5,556.0,1225.0,2694.5,3208.5,3304.0,3619.0,4447.5,3645.5,3983.0,4037.5,3951.5,4607.5,4982.5,5161.5,5070.0,5373.5,2269.0,1497.5,442.5,622.0,654.5,1085.5,1751.0,1963.5,2039.0,2247.5,2090.0,1329.0,439.0,602.0,607.0,992.0,1645.0,1679.0,1759.0,1954.0,3304.0,2394.5,702.0,949.5,1202.0,1548.0,1973.5,2246.5,2373.0,2572.5,2933.0,2197.0,662.0,868.0,1099.0,1360.0,1748.0,1948.0,2054.0,2232.0,1193.5,743.5,513.0,628.5,688.0,984.0,1361.0,1420.5,1639.0,1554.5,2874.0,2170.0,655.0,850.0,1001.0,1329.0,1686.0,1838.0,2004.0,2034.0,2836.0,2024.0,674.0,927.0,1029.0,1458.0,2066.0,2287.0,2406.0,2489.0,2525.0,1586.5,500.0,822.5,815.5,1391.5,2348.5,2534.0,2814.5,2768.0,2494.0,1520.0,480.0,835.5,756.0,1513.5,2656.0,2922.5,3152.0,3115.5,0.0,0.0,0.0,0.0,0.0,0.0,0.0,0.0,0.0,0.0,1952.0,1076.0,405.0,797.0,512.0,1450.0,3229.0,3578.0,3977.0,3673.0,0.0,0.0,0.0,0.0,0.0,0.0,0.0,0.0,0.0,0.0,548.0,593.0,10206.0,10044.0,10004.0,10077.0,9742.0,9248.0,9572.0,8842.0,1833.0,1651.0,3710.0,3641.0,3703.0,4090.5,4122.0,4136.0,4256.5,4091.5,2203.0,1385.0,571.0,851.0,1013.0,1529.0,2080.0,2297.0,2522.0,2523.0,3048.5,2299.0,776.5,1078.0,1372.5,1691.5,2088.0,2235.0,2412.5,2477.0,2723.0,1973.0,610.0,956.0,1285.0,1576.0,2011.0,2214.0,2366.0,2420.0,2407.0,1691.0,766.0,1052.0,1291.0,1522.0,1807.0,1829.0,2310.0,2076.0,"{""type"":""MultiPoint"",""coordinates"":[]}"
318,5,3218.5,2818.0,1717.0,1852.5,2112.0,2329.0,2392.0,2527.0,2627.5,2683.5,3698.0,3195.0,980.0,1287.0,1706.0,1965.0,2027.0,2164.0,2289.0,2383.0,2718.0,1957.0,739.0,923.0,1215.0,1424.0,1530.0,1663.0,1853.0,1883.0,3129.5,2571.0,823.0,1014.5,1350.0,1551.5,1610.0,1747.0,1901.0,1966.0,3022.0,2342.0,723.0,952.0,1265.0,1507.0,1713.0,1850.0,2022.0,2023.0,3819.0,3243.0,949.0,1260.0,1521.0,1865.0,2388.0,2612.0,2649.0,2852.0,1568.0,775.0,2360.0,1457.0,908.0,1039.0,1449.0,1407.0,3015.0,1417.0,3685.0,2466.0,897.0,1298.5,1079.0,1839.5,3970.5,4616.5,4535.5,4891.5,2763.5,1548.0,391.5,677.0,518.5,1078.0,3482.0,4246.5,4271.0,4482.0,2144.5,1328.0,1260.0,1355.0,1191.5,1608.0,3279.5,3906.5,3727.5,4051.0,2293.0,1209.0,320.0,551.0,367.0,854.0,3518.0,4678.0,4617.0,4907.0,2221.0,1701.0,599.0,745.0,979.0,1124.0,1235.0,1333.0,1511.0,1504.0,1959.0,790.0,66.0,301.0,105.0,594.0,3704.0,4950.0,4770.0,5215.0,1928.0,757.0,256.0,447.0,214.0,695.0,3626.0,4818.0,4767.0,5199.0,1882.5,807.0,292.0,465.5,247.0,718.0,3337.5,4383.0,4291.0,4641.0,2089.0,925.0,438.0,635.0,362.0,964.0,3323.0,4088.0,4011.0,4442.0,1942.0,1010.0,325.0,639.5,417.0,1160.5,2684.5,3181.5,3295.5,3537.0,2413.0,1461.0,458.0,785.0,721.0,1479.0,2210.0,2550.0,2761.0,2964.0,2151.0,1495.5,409.0,483.0,681.5,870.0,979.5,1121.5,1263.0,1402.0,1981.0,1254.0,411.0,520.0,670.0,856.0,941.0,1018.0,1115.0,1254.0,3913.0,3555.5,2062.0,1914.5,2338.0,2784.0,2966.0,3076.5,2759.5,3216.5,3649.0,2869.0,890.0,1080.0,1439.0,1674.0,1768.0,1935.0,2080.0,2197.0,0.0,0.0,0.0,0.0,0.0,0.0,0.0,0.0,0.0,0.0,2245.0,1655.0,701.0,791.5,977.0,1128.5,1194.0,1297.5,1398.5,1443.0,547.0,412.0,331.0,298.0,301.0,331.0,330.0,356.0,368.0,400.0,2079.0,1338.0,617.0,790.0,1064.0,1243.0,1350.0,1473.0,1656.0,1655.0,2473.0,1707.0,687.0,857.0,1098.0,1308.0,1383.0,1489.0,1656.0,1690.0,0.0,0.0,0.0,0.0,0.0,0.0,0.0,0.0,0.0,0.0,2853.0,2118.0,762.5,914.0,1121.5,1378.0,1487.5,1588.0,1724.5,1776.5,0.0,0.0,0.0,0.0,0.0,0.0,0.0,0.0,0.0,0.0,224.0,223.0,8244.0,8170.0,8134.0,8279.0,7842.0,7257.0,7364.0,6624.0,0.0,0.0,0.0,0.0,0.0,0.0,0.0,0.0,0.0,0.0,2300.0,1767.0,842.5,1022.0,1258.5,1438.5,1526.5,1627.5,1722.5,1779.5,4961.5,4288.5,3704.0,3594.5,3695.5,4002.0,3924.0,3976.0,4201.0,4007.5,2624.0,2060.0,639.0,797.0,1069.0,1219.0,1314.0,1442.0,1584.0,1623.0,3306.0,2812.0,827.0,1106.0,1492.0,1669.0,1775.0,1869.0,2064.0,2096.0,"{""type"":""MultiPoint"",""coordinates"":[]}"
327,1,1894.0,1134.0,368.0,590.0,699.0,1061.0,1449.0,1624.0,1825.0,1871.0,3692.5,3335.5,968.0,1380.0,2052.5,2346.0,2492.5,2666.5,2749.0,2865.0,0.0,0.0,0.0,0.0,0.0,0.0,0.0,0.0,0.0,0.0,3820.0,3334.0,2233.5,2380.5,2430.5,3120.0,3392.0,3552.0,3473.5,3701.0,2945.0,2232.0,816.0,1257.0,1671.0,2082.0,2358.0,2528.0,2681.0,2638.0,3467.0,2669.0,889.0,1410.0,1554.0,2339.0,2832.0,3067.0,3132.0,3289.0,0.0,0.0,0.0,0.0,0.0,0.0,0.0,0.0,0.0,0.0,6658.0,5840.0,8660.0,7930.0,7438.0,7984.0,7705.0,7980.0,7916.0,7978.0,1214.0,600.0,122.0,250.0,141.5,366.0,1905.0,2874.5,2911.5,2967.5,1640.0,650.0,357.0,482.0,257.0,613.0,3093.0,5189.0,5092.0,5355.0,0.0,0.0,0.0,0.0,0.0,0.0,0.0,0.0,0.0,0.0,2921.0,2087.0,584.0,811.5,1005.0,1395.5,1822.0,1974.0,2237.5,2229.0,1807.0,730.5,293.5,454.0,262.5,640.5,3149.0,5164.5,5016.5,5496.5,1859.0,803.0,318.0,571.0,316.0,805.0,3393.0,5130.0,5040.0,5537.0,2786.5,1928.0,2040.0,2053.5,1805.0,2221.0,3634.5,4452.5,4335.0,4691.5,2046.5,1141.5,390.0,624.0,587.5,1076.5,1973.5,2400.0,2379.0,2656.0,2258.0,1476.0,242.0,469.0,631.0,1003.0,1379.0,1552.0,1699.0,1929.0,3732.0,2706.0,647.5,924.0,1477.5,1784.5,1953.5,2235.0,2351.0,2664.5,4259.5,3714.0,1141.5,1652.5,2295.0,2866.5,3313.5,3616.0,2644.0,3983.0,0.0,0.0,0.0,0.0,0.0,0.0,0.0,0.0,0.0,0.0,3539.0,2463.0,619.0,935.0,1196.0,1612.0,2075.0,2277.0,2310.0,2509.0,3000.5,2166.0,605.0,922.0,1333.0,1697.5,1959.0,2168.5,2325.5,2414.0,2021.0,1416.0,964.0,1030.0,1052.0,1288.0,1556.0,1675.0,1947.0,1797.0,2849.5,2106.0,688.5,1033.5,1576.5,1867.0,2039.0,2200.5,2372.0,2401.5,3250.0,2579.0,816.0,1196.0,1750.0,2028.0,2206.0,2375.0,2546.0,2584.0,3218.5,2819.5,791.0,1189.0,1814.5,2067.5,2176.0,2331.0,2532.0,2542.0,3222.0,2709.0,660.0,1069.0,1676.0,1980.0,2092.0,2240.0,2395.0,2512.0,0.0,0.0,0.0,0.0,0.0,0.0,0.0,0.0,0.0,0.0,0.0,0.0,0.0,0.0,0.0,0.0,0.0,0.0,0.0,0.0,0.0,0.0,0.0,0.0,0.0,0.0,0.0,0.0,0.0,0.0,0.0,0.0,0.0,0.0,0.0,0.0,0.0,0.0,0.0,0.0,206.0,196.0,9172.0,9299.0,9393.0,9721.0,9166.0,8624.0,8761.0,7984.0,3300.0,2603.0,1305.0,1570.0,1750.5,2137.0,2471.5,2641.5,2870.0,2879.5,0.0,0.0,0.0,0.0,0.0,0.0,0.0,0.0,0.0,0.0,3004.5,2184.0,636.5,888.0,1204.0,1520.0,1713.0,1903.5,2135.5,2195.5,3239.0,2420.0,681.0,938.5,1249.0,1603.5,1810.5,2002.0,2199.0,2291.5,"{""type"":""MultiPoint"",""coordinates"":[]}"
347,5,2994.5,2328.0,741.0,1105.5,1646.0,1950.5,2066.0,2242.0,2493.5,2486.5,4607.0,4504.0,2043.0,2279.0,2361.0,2683.0,2795.0,2980.0,3223.0,3261.0,2641.0,2088.0,696.0,955.0,1436.0,1627.0,1735.0,1897.0,2034.0,2059.0,4121.5,3812.0,1137.0,1582.0,2088.0,2538.0,2724.0,2935.5,3064.5,3118.0,3624.0,3143.0,938.0,1427.0,1902.0,2313.0,2482.0,2672.0,2905.0,2903.0,5782.0,5461.0,1687.0,2287.0,2818.0,3529.0,4041.0,4382.0,4430.0,4648.0,3267.0,2200.0,665.0,1123.0,1207.0,1890.0,3161.0,3618.0,3568.0,3725.0,3523.0,2245.0,644.0,1101.0,876.0,1771.0,4345.0,5044.0,5179.0,5256.0,2846.0,1543.0,292.0,637.0,448.0,1114.0,4089.0,5207.0,5267.0,5492.0,2774.5,1347.5,503.5,711.0,448.5,1052.5,4233.5,5732.0,5681.5,6028.0,2661.0,1140.0,420.0,620.0,326.0,925.0,4473.0,6467.0,6464.0,6874.0,3363.0,2751.0,858.0,1251.0,1763.0,2118.0,2234.0,2403.0,2634.0,2632.0,2192.0,945.0,394.0,537.0,267.0,794.0,3797.0,5391.0,5216.0,5702.0,2431.0,1032.0,440.0,603.0,327.0,846.0,4089.0,5874.0,5979.0,6202.0,2173.0,962.0,424.0,606.0,367.0,879.0,3431.0,4890.0,4891.0,5368.0,2104.0,976.0,363.0,582.0,366.0,934.0,3171.0,4231.0,4179.0,4610.0,2381.0,1350.0,396.0,786.0,617.0,1298.0,2765.0,3319.0,3427.0,3830.0,2659.0,1608.0,429.0,748.0,854.0,1446.0,2030.0,2340.0,2534.0,2800.0,2940.0,2190.5,400.5,575.0,838.5,1061.0,1230.5,1439.5,1562.5,1738.0,1841.0,1375.0,749.0,676.0,713.5,833.0,915.5,1117.0,1257.0,1332.5,3962.5,3098.0,745.0,998.5,1432.5,1716.5,1847.5,2056.5,2244.0,2328.5,4004.0,3082.0,831.0,1115.0,1503.0,1822.0,1959.0,2163.0,2313.0,2425.0,3018.0,2387.0,833.0,1186.0,1629.0,1957.0,2089.0,2214.0,2368.0,2446.0,3166.0,2682.5,774.5,1045.0,1392.5,1664.0,1811.0,1953.5,2113.5,2131.5,1534.5,1282.0,459.5,566.5,805.5,899.0,953.0,1027.0,1116.0,1114.5,2302.0,1833.5,424.5,701.0,1107.0,1282.0,1398.5,1518.5,1692.0,1664.5,2567.0,2072.0,560.0,905.0,1281.0,1510.0,1651.0,1755.0,1915.0,1911.0,0.0,0.0,0.0,0.0,0.0,0.0,0.0,0.0,0.0,0.0,2435.0,1920.0,575.0,873.0,1242.0,1535.0,1754.0,1878.0,2082.0,2041.0,0.0,0.0,0.0,0.0,0.0,0.0,0.0,0.0,0.0,0.0,775.0,850.0,10410.0,10246.0,10206.0,10290.0,9856.0,9541.0,9908.0,9105.0,1987.5,1553.0,2638.5,2871.0,3184.0,3495.0,3404.5,3540.5,3632.5,3512.5,3398.0,2699.0,880.5,1280.0,1782.5,2124.5,2293.5,2447.5,2724.0,2691.0,3892.0,3216.5,2378.0,2552.5,2791.5,3112.0,3248.0,3361.5,3642.0,3507.0,3521.0,2797.0,916.0,1334.0,1800.0,2149.0,2280.0,2468.0,2711.0,2728.0,3587.0,2822.0,1008.0,1395.0,1779.0,2222.0,2398.0,2575.0,2763.0,2826.0,"{""type"":""MultiPoint"",""coordinates"":[]}"
349,61,3094.0,2211.0,621.0,777.0,1122.0,1314.0,1489.0,1642.0,1926.0,2004.0,298.0,264.0,468.0,577.0,478.0,601.0,400.0,422.0,384.0,341.0,1567.5,1196.5,648.5,861.5,953.0,1216.0,1131.0,1241.0,1286.5,1293.0,20.0,21.0,334.0,518.0,590.0,523.0,91.0,110.0,30.0,0.0,498.0,461.0,937.0,1307.0,1313.0,1311.0,805.0,804.0,704.0,671.0,0.0,0.0,0.0,0.0,0.0,0.0,0.0,0.0,0.0,0.0,0.0,0.0,0.0,0.0,0.0,0.0,0.0,0.0,0.0,0.0,2635.0,1757.0,1117.0,1649.0,1408.0,1555.0,1772.0,1819.0,2430.0,1852.0,3833.0,2848.0,796.0,1307.0,1221.0,1855.0,2935.0,3176.0,3437.0,3393.0,2422.0,1350.0,504.0,872.0,641.0,1419.0,2667.0,2909.0,2806.0,3107.0,2774.5,1343.0,687.0,1163.5,606.0,1700.5,4189.0,4756.0,4580.5,5082.5,3104.0,2200.0,595.0,751.0,1071.0,1306.0,1420.0,1620.0,1845.0,1972.0,2297.0,1127.5,483.5,965.0,504.5,1615.0,3535.5,3977.0,3841.0,4336.0,2824.0,1630.0,588.0,955.0,758.0,1691.0,3142.0,3494.0,3566.0,4019.0,2589.5,1469.0,546.0,867.5,751.5,1539.0,2654.5,3076.0,3007.5,3434.5,3122.5,2396.0,720.0,1032.5,1053.0,1654.5,2628.0,2949.5,2793.0,3271.5,2868.0,2629.0,545.0,784.0,1148.0,1399.0,1534.0,1740.0,1796.0,2011.0,4170.5,3672.5,936.0,1327.5,1809.0,2092.5,2212.0,2428.5,2482.0,2710.0,3876.0,3512.0,890.0,1237.0,1629.0,1898.0,2075.0,2247.0,2386.0,2490.0,2613.0,1839.0,574.0,811.0,939.0,1282.0,1660.0,1798.0,1813.0,2028.0,4032.5,3392.5,899.5,1318.0,1565.5,2096.0,2588.5,2839.0,2969.0,3097.0,2938.0,2397.0,681.0,986.0,1182.0,1518.0,2002.0,2140.0,2270.0,2359.0,3124.0,2747.0,2118.0,2098.0,2211.0,2323.0,2385.0,2487.5,2652.5,2674.5,2223.0,1508.0,457.0,668.0,801.0,1179.0,1588.0,1727.0,1874.0,1998.0,2222.0,1549.0,456.0,622.0,878.0,1086.0,1217.0,1334.0,1544.0,1587.0,2064.5,1460.0,332.5,523.5,749.0,937.0,1066.5,1187.5,1382.0,1384.5,2346.0,1710.0,442.0,654.0,916.0,1073.0,1163.0,1316.0,1506.0,1585.0,0.0,0.0,0.0,0.0,0.0,0.0,0.0,0.0,0.0,0.0,2173.0,1673.0,756.5,837.0,1010.5,1162.5,1229.0,1364.5,1530.5,1512.5,0.0,0.0,0.0,0.0,0.0,0.0,0.0,0.0,0.0,0.0,989.0,961.0,8084.0,8090.0,8306.0,8512.0,8383.0,8020.0,8470.0,7933.0,2842.5,1949.5,510.5,729.0,1091.0,1367.0,1518.5,1729.5,1959.0,2049.0,3164.0,2310.0,634.0,793.0,1132.0,1423.0,1616.0,1764.0,2041.0,2118.0,222.0,183.0,629.0,852.0,846.0,813.0,429.0,424.0,409.0,347.0,80.0,86.0,505.0,739.0,603.0,594.0,224.0,229.0,192.0,149.0,103.0,97.0,458.0,634.0,431.0,488.0,209.0,196.0,188.0,136.0,"{""type"":""MultiPoint"",""coordinates"":[]}"
355,1,2026.5,1318.0,476.0,819.0,874.0,1574.0,2529.0,2740.0,3000.0,2930.0,3294.5,2604.0,791.0,1208.5,1426.0,1965.0,2266.5,2425.5,2573.5,2629.0,2818.0,2070.0,742.0,1066.0,1305.0,1751.0,2010.0,2189.0,2384.0,2373.0,2662.0,1874.0,824.0,991.0,905.0,1495.0,2170.0,2381.0,2480.0,2523.0,2348.0,1476.0,433.0,811.0,707.0,1329.0,2244.0,2481.0,2636.0,2622.0,4373.0,4102.0,2752.0,2634.0,2355.0,2718.0,3877.0,4374.0,4504.0,4651.0,0.0,0.0,0.0,0.0,0.0,0.0,0.0,0.0,0.0,0.0,1648.0,721.0,242.0,384.0,208.0,518.0,3048.0,5146.0,5187.0,5361.0,1849.0,772.0,274.0,406.0,233.0,513.0,2894.0,4963.0,4936.0,5247.0,1983.0,799.0,324.0,463.0,257.0,584.0,3264.0,5083.0,4948.0,5274.0,1983.0,803.0,296.0,469.0,278.0,649.0,3095.0,4986.0,5016.0,5271.0,1914.0,1247.5,525.0,852.5,924.0,1693.5,2584.5,2782.0,2952.5,2905.5,1607.0,629.0,327.0,458.0,252.0,631.0,2944.0,4554.0,4480.0,4905.0,2114.5,937.0,471.5,761.5,499.5,1064.0,3302.5,4455.5,4518.5,4882.5,2305.5,1199.0,445.0,762.5,611.5,1253.5,2769.5,3432.5,3458.0,3783.0,788.0,403.0,242.0,407.0,405.0,545.0,747.0,861.0,742.0,891.0,4542.0,3618.0,1124.0,1565.5,2255.0,2788.5,2949.0,3226.0,3148.0,3633.5,4690.0,3316.5,967.0,1362.5,2020.5,2405.0,2614.0,2860.0,3028.0,3252.0,3917.5,2808.0,904.5,1253.0,1770.0,2155.0,2404.5,2633.0,2831.5,2995.5,2222.5,1500.0,608.0,772.5,973.0,1275.5,1539.5,1710.5,1747.0,1907.0,3974.0,3547.0,1036.0,1469.0,2083.0,2367.0,2518.0,2688.0,2889.0,2933.0,3013.5,2748.5,951.0,1171.0,1592.5,1840.0,1947.5,2189.0,2148.0,2437.0,1779.0,1185.0,838.0,976.0,975.5,1620.0,2387.0,2549.0,2765.0,2703.5,2752.5,2061.0,674.5,1004.5,1303.0,1705.5,1963.0,2127.0,2312.5,2374.5,2719.0,2003.0,601.0,968.0,1101.0,1673.0,2069.0,2210.0,2394.0,2425.0,2265.0,1456.0,490.0,920.0,947.0,1619.0,2603.0,2845.0,3058.0,2999.0,2382.0,1849.0,651.0,1040.0,1047.0,1849.0,2552.0,2726.0,2837.0,2911.0,0.0,0.0,0.0,0.0,0.0,0.0,0.0,0.0,0.0,0.0,1982.0,1152.0,540.0,904.0,686.0,1619.0,3138.0,3371.0,3607.0,3550.0,0.0,0.0,0.0,0.0,0.0,0.0,0.0,0.0,0.0,0.0,74.0,83.0,9157.0,9238.0,9291.0,9540.0,9135.0,8445.0,8674.0,7743.0,972.0,608.0,2994.0,3421.0,3597.0,4267.0,4613.0,4518.0,4751.0,4472.0,2269.5,1553.5,646.5,1000.5,1252.0,1857.5,2371.5,2518.0,2789.5,2738.5,2937.0,2196.0,751.0,1118.0,1564.0,1893.0,2123.0,2272.0,2629.0,2531.0,2750.0,2066.0,674.0,1014.0,1398.0,1750.0,1915.0,2084.0,2225.0,2299.0,2896.0,2114.5,953.5,1237.5,1645.0,1969.0,2104.5,2256.0,2486.0,2475.5,"{""type"":""MultiPoint"",""coordinates"":[]}"
360,5,773.0,483.5,565.5,774.0,970.0,1154.0,1114.0,1220.5,1266.0,1241.0,2365.0,1661.0,779.5,1076.0,1317.0,1598.5,1700.0,1795.0,1876.5,1906.5,1360.5,818.0,744.5,953.5,1173.5,1379.0,1423.5,1505.5,1594.5,1553.0,1818.0,1190.5,859.5,1137.5,1322.0,1660.5,1736.5,1831.5,1852.0,1896.5,1485.5,924.0,752.0,1061.0,1230.5,1516.5,1578.5,1688.5,1761.0,1746.0,4371.0,3965.0,2902.5,2999.0,3241.5,3584.0,3731.0,3908.5,3666.0,4057.0,0.0,0.0,0.0,0.0,0.0,0.0,0.0,0.0,0.0,0.0,2346.5,1708.0,673.0,866.5,1153.0,1349.5,1394.5,1523.0,1545.5,1604.5,2290.0,1602.5,790.5,942.5,1182.0,1316.0,1260.0,1351.0,1486.5,1451.5,2669.0,1979.0,767.0,1021.0,1322.0,1498.0,1674.0,1755.5,1851.5,1870.0,2612.5,1959.0,732.5,948.0,1160.0,1452.5,1796.0,1934.5,1964.0,2076.0,1047.0,680.0,487.0,690.5,941.5,1112.0,1110.5,1204.0,1328.0,1284.5,2927.5,1913.5,855.0,1114.0,1187.5,1592.0,2440.0,2664.0,2612.5,2823.0,2395.5,1353.5,836.5,998.5,876.0,1322.0,2434.0,2794.5,2785.5,2890.0,1787.0,849.0,391.0,606.0,515.5,979.5,2362.5,2892.0,2839.0,2956.5,2344.5,1428.5,994.0,1168.5,1032.5,1505.5,2973.5,3484.5,3318.0,3669.5,1757.0,806.0,259.0,422.5,307.0,720.5,2347.5,2896.5,2963.0,3085.5,1937.0,1043.0,326.0,502.5,369.0,799.5,2389.0,2866.0,2832.0,3006.0,1715.0,842.5,328.0,536.0,388.0,897.5,2061.5,2346.5,2450.0,2615.0,2465.5,1772.5,752.5,982.5,915.0,1478.0,2201.5,2454.0,2487.0,2725.5,2824.0,2037.0,591.5,769.5,945.0,1272.0,1544.0,1707.0,1837.0,1976.5,2628.5,2005.0,558.0,726.5,1031.0,1205.0,1293.5,1447.0,1566.0,1675.0,1034.5,680.0,686.0,812.5,969.0,1087.5,1090.5,1183.5,1264.0,1255.5,1694.0,1286.0,415.0,516.5,714.5,808.0,863.5,933.5,1021.0,1031.0,1690.5,1264.5,608.0,694.0,856.5,961.0,996.5,1032.0,1119.5,1102.5,1510.5,1030.0,342.0,483.5,690.0,781.5,843.5,921.0,1057.5,1026.0,1768.5,1387.5,478.0,549.5,745.5,864.0,895.0,961.5,1043.0,1071.0,0.0,0.0,0.0,0.0,0.0,0.0,0.0,0.0,0.0,0.0,1598.0,989.5,496.0,586.0,767.5,873.5,932.0,1023.0,1087.5,1084.5,0.0,0.0,0.0,0.0,0.0,0.0,0.0,0.0,0.0,0.0,160.0,135.5,8095.0,8269.0,8366.0,8565.0,8309.5,7527.0,7738.0,7079.0,408.0,268.5,2313.5,2657.0,2928.0,3108.0,2896.5,2841.0,2875.5,2714.0,1256.0,747.0,638.5,843.5,1029.0,1245.5,1283.5,1392.5,1512.5,1450.0,1264.5,765.5,618.0,779.0,911.0,1076.5,1106.5,1198.5,1251.0,1256.5,1687.5,1040.0,692.5,918.0,1128.5,1354.0,1431.5,1531.0,1604.0,1633.0,1832.5,1153.0,683.0,973.5,1206.0,1468.5,1534.5,1623.0,1704.5,1698.5,"{""type"":""MultiPoint"",""coordinates"":[]}"
384,2,1493.0,1081.5,459.0,562.0,735.5,865.5,916.5,1004.5,1166.0,1156.5,4150.0,3770.0,1090.5,1394.5,1719.5,2032.5,2280.5,2455.0,2663.0,2755.0,1748.5,1149.5,498.0,616.0,737.0,924.0,1133.5,1269.0,1406.5,1447.0,1867.0,1253.0,685.0,773.0,898.0,1116.0,1294.0,1491.5,1636.0,1659.0,0.0,0.0,0.0,0.0,0.0,0.0,0.0,0.0,0.0,0.0,3396.0,2773.0,826.0,1038.0,1350.0,1506.0,1659.0,1808.0,2083.0,2099.0,0.0,0.0,0.0,0.0,0.0,0.0,0.0,0.0,0.0,0.0,0.0,0.0,0.0,0.0,0.0,0.0,0.0,0.0,0.0,0.0,4712.0,4004.5,1146.0,1500.0,1781.5,2241.0,2755.0,2953.5,3020.5,3292.0,4245.5,3707.0,990.0,1299.0,1488.0,1929.5,2595.5,2918.5,3052.0,3209.5,2890.5,1825.0,551.0,835.0,623.0,1271.5,2796.5,3206.5,3180.0,3363.5,2528.0,2239.5,606.5,742.5,973.0,1088.5,1228.5,1309.0,1523.5,1532.0,335.5,168.5,293.0,314.5,157.0,320.0,891.0,1064.5,891.5,953.0,2256.0,1079.0,522.0,745.5,427.0,1067.5,3650.0,4287.0,4366.5,4394.0,4798.0,4852.0,7768.0,6824.0,6244.0,6812.0,6779.0,6679.0,7130.0,6575.0,2252.0,1019.5,464.5,715.5,455.5,1160.0,3834.5,4543.0,4388.5,4731.0,2013.0,948.0,381.0,598.0,389.0,1096.5,3170.5,3666.5,3793.0,3901.5,0.0,0.0,0.0,0.0,0.0,0.0,0.0,0.0,0.0,0.0,1336.0,801.5,318.5,389.0,390.5,768.0,1427.0,1604.5,1703.5,1833.5,1330.0,837.5,3310.0,3156.5,3014.0,3279.0,3526.0,3639.0,3723.0,3659.0,2972.0,2186.0,846.5,974.5,1192.5,1483.5,1723.0,1923.5,2183.5,2277.5,3196.0,2491.0,983.5,1073.5,1323.0,1570.0,1714.0,1907.0,2139.0,2220.0,0.0,0.0,0.0,0.0,0.0,0.0,0.0,0.0,0.0,0.0,3001.0,2258.5,543.0,711.0,980.0,1208.0,1374.5,1597.5,1835.0,1909.5,0.0,0.0,0.0,0.0,0.0,0.0,0.0,0.0,0.0,0.0,1951.5,1221.0,284.0,454.0,617.5,842.5,1062.0,1225.0,1457.0,1557.0,1948.0,1229.5,322.0,508.5,667.5,923.0,1190.5,1357.0,1595.0,1573.0,0.0,0.0,0.0,0.0,0.0,0.0,0.0,0.0,0.0,0.0,1817.5,1144.5,381.0,494.5,575.0,797.0,1083.5,1234.0,1470.5,1515.0,0.0,0.0,0.0,0.0,0.0,0.0,0.0,0.0,0.0,0.0,1056.0,1119.0,9461.0,9343.5,9464.5,9665.0,9441.0,9197.5,9608.0,8897.5,0.0,0.0,0.0,0.0,0.0,0.0,0.0,0.0,0.0,0.0,3120.0,2707.5,853.0,1043.0,1267.0,1475.0,1640.5,1829.5,1909.5,2085.5,0.0,0.0,0.0,0.0,0.0,0.0,0.0,0.0,0.0,0.0,1759.0,1207.5,455.5,592.0,763.5,949.0,1091.0,1225.0,1386.0,1423.5,5458.5,4956.0,4755.0,4576.5,4652.0,5078.0,5043.5,5057.5,5264.5,5100.0,"{""type"":""MultiPoint"",""coordinates"":[]}"
387,1,1970.5,1359.0,648.5,847.5,1123.5,1300.5,1365.0,1484.0,1647.0,1639.5,4626.0,4396.0,1502.0,1988.0,2532.0,2822.0,2924.0,3037.0,3202.0,3246.0,2283.5,1632.0,675.0,940.5,1268.5,1436.5,1518.0,1628.0,1732.0,1780.0,2814.0,2124.0,948.0,1251.0,1605.0,1819.0,1903.0,2071.0,2205.0,2255.0,5227.0,4835.0,1829.0,2487.0,3042.0,3469.0,3695.0,3881.0,4096.0,4062.0,5620.0,4735.0,1674.0,2283.0,2423.0,3169.0,4535.0,5122.0,5148.0,5366.0,0.0,0.0,0.0,0.0,0.0,0.0,0.0,0.0,0.0,0.0,1826.0,828.0,375.0,576.0,334.0,724.0,3417.0,5245.0,5140.0,5445.0,1476.0,585.0,215.0,402.0,211.0,532.0,2975.0,4770.0,4962.0,4907.0,1563.5,635.0,272.0,408.0,225.0,526.5,2959.0,4964.5,5051.5,5162.5,2279.0,1247.0,1244.5,1252.5,990.0,1323.5,3414.0,5306.5,5253.0,5543.0,2927.5,2471.0,1869.5,1918.0,1997.0,2175.0,2199.0,2297.5,2785.5,2462.0,1640.0,670.0,371.0,504.0,302.0,625.0,2900.0,4729.0,4644.0,5060.0,1795.0,795.0,589.5,744.0,490.5,898.0,3177.5,4947.5,5056.5,5259.5,1842.0,830.0,532.0,735.0,479.0,998.0,3021.0,4241.0,4348.0,4489.0,1867.0,1097.0,399.0,636.0,542.0,1023.0,1929.0,2298.0,2400.0,2695.0,2581.0,1809.0,468.0,628.0,834.0,1179.0,1455.0,1712.0,1910.0,2022.0,2662.0,2003.0,504.5,653.0,875.5,1096.0,1262.5,1447.5,1499.0,1704.5,3734.0,2741.0,797.0,1086.0,1648.0,1972.0,2134.0,2369.0,2587.0,2761.0,4088.5,4028.5,1777.5,2091.0,2500.5,3126.5,3397.0,3628.0,3051.0,3934.0,3896.0,3155.5,950.5,1335.5,1804.0,2137.0,2324.0,2515.0,2631.5,2774.5,3660.0,3014.0,912.0,1239.0,1774.0,2046.0,2200.0,2385.0,2582.0,2678.0,2868.0,2350.5,939.0,1241.5,1556.0,1778.0,1873.0,1985.5,2192.5,2162.0,3708.0,3034.0,1008.0,1374.0,1900.0,2144.0,2278.0,2468.0,2793.0,2761.0,2884.0,2203.0,1077.0,1345.0,1833.0,2080.5,2184.0,2338.0,2566.0,2607.0,2990.5,2185.5,801.0,1135.5,1666.0,1868.5,1983.5,2145.0,2407.5,2409.0,3320.0,2741.0,945.0,1307.0,1847.0,2096.0,2231.0,2363.0,2560.0,2620.0,0.0,0.0,0.0,0.0,0.0,0.0,0.0,0.0,0.0,0.0,2010.5,1404.5,886.5,1041.0,1360.5,1522.0,1595.0,1754.0,1936.5,1943.5,0.0,0.0,0.0,0.0,0.0,0.0,0.0,0.0,0.0,0.0,1107.0,1182.0,10776.0,10402.0,10328.0,10454.0,10150.0,9753.0,10074.0,9372.0,1471.0,1024.0,598.5,880.0,1142.0,1376.5,1392.0,1495.5,1625.0,1605.0,2733.0,2130.0,809.0,1116.0,1410.0,1643.0,1767.0,1889.0,2068.0,1998.0,2935.0,2309.5,961.5,1297.5,1572.0,1890.0,2126.0,2271.5,2455.5,2371.0,2707.0,2009.0,777.0,1151.0,1384.0,1752.0,2071.0,2227.0,2360.0,2276.0,4554.0,3996.0,1533.0,2088.0,2466.0,2991.0,3510.0,3686.0,3974.0,3868.0,"{""type"":""MultiPoint"",""coordinates"":[]}"
391,2,2216.5,1256.0,477.0,807.0,728.5,1564.5,2989.0,3297.5,3704.5,3608.0,4670.5,4023.5,1400.0,1906.0,2294.0,2815.0,2996.0,3176.5,3443.5,3433.5,2984.5,2139.0,864.5,1144.5,1498.5,1815.0,1968.0,2162.5,2339.5,2418.5,2952.0,2188.5,839.0,1119.5,1463.0,1746.0,1902.0,2091.5,2300.0,2326.5,0.0,0.0,0.0,0.0,0.0,0.0,0.0,0.0,0.0,0.0,6933.5,6775.0,2507.0,3161.5,3910.5,4472.0,4603.5,4959.0,5058.5,5251.5,0.0,0.0,0.0,0.0,0.0,0.0,0.0,0.0,0.0,0.0,4424.0,3707.0,1016.5,1579.5,1643.0,2481.5,2837.0,2999.5,3209.0,3286.5,6842.5,5823.5,2483.0,3196.5,3731.0,4509.0,5373.5,5703.5,5674.5,6095.0,3815.5,3045.0,2130.5,2322.5,2190.0,2815.5,3616.0,3938.5,4167.0,4188.0,4438.5,4254.0,4427.5,4365.5,4252.0,5158.5,5495.0,5881.5,5430.5,6104.0,2447.0,1492.5,541.0,837.0,832.5,1693.5,2910.5,3268.5,3695.5,3612.5,3424.5,1758.5,513.5,922.5,513.0,1526.0,5076.5,6157.5,6121.5,6484.0,2533.0,1083.5,452.0,702.5,362.5,1102.0,4589.0,5813.5,5807.0,5962.0,2261.0,889.5,442.5,644.5,355.5,991.0,4342.0,5697.0,5504.0,5942.0,3331.5,2322.0,1055.5,1361.5,1309.0,2038.0,4632.5,5609.0,5394.0,5883.5,2242.5,945.5,343.5,575.0,357.5,972.0,3903.0,4836.5,5076.0,5183.0,0.0,0.0,0.0,0.0,0.0,0.0,0.0,0.0,0.0,0.0,3280.0,2181.0,707.0,884.5,1028.5,1586.5,2352.0,2665.0,3002.0,3171.5,2921.5,1990.0,819.5,966.5,1136.5,1421.5,1595.0,1804.0,1906.5,2138.5,2986.5,2077.0,806.5,992.5,1138.5,1482.0,1737.0,1971.0,2203.5,2308.5,3037.5,2013.5,824.0,1065.0,1084.5,1543.5,2156.0,2368.5,2607.5,2726.0,0.0,0.0,0.0,0.0,0.0,0.0,0.0,0.0,0.0,0.0,2986.0,1747.0,580.0,982.0,965.5,1745.5,2749.0,3020.0,3393.0,3491.0,0.0,0.0,0.0,0.0,0.0,0.0,0.0,0.0,0.0,0.0,2097.5,1088.0,300.0,662.5,600.0,1514.5,3029.5,3333.0,3734.5,3716.5,2718.5,1834.5,1608.0,1631.5,1458.5,2087.0,3255.0,3510.0,3905.5,3735.5,0.0,0.0,0.0,0.0,0.0,0.0,0.0,0.0,0.0,0.0,1983.5,1035.5,405.0,767.5,499.0,1457.5,3410.0,3898.5,4222.0,4155.0,0.0,0.0,0.0,0.0,0.0,0.0,0.0,0.0,0.0,0.0,895.0,967.0,10447.0,10236.0,10250.5,10357.5,10024.5,9707.5,10120.0,9346.0,0.0,0.0,0.0,0.0,0.0,0.0,0.0,0.0,0.0,0.0,2474.5,1524.5,536.0,856.0,825.5,1637.0,2798.0,3155.0,3531.0,3464.5,2735.5,1909.0,720.0,1011.0,1365.5,1685.5,1890.5,2062.5,2321.0,2362.5,1353.0,855.0,510.5,755.5,1139.0,1402.0,1494.5,1665.0,1890.0,1864.5,866.5,545.5,523.5,555.5,645.5,722.5,758.5,840.5,866.0,899.5,"{""type"":""MultiPoint"",""coordinates"":[]}"
397,5,3082.0,2326.5,843.5,994.0,1284.0,1443.0,1673.0,1757.0,2069.0,1999.0,3231.5,2932.0,939.0,1167.5,1460.0,1630.5,1728.0,1819.0,1986.0,2031.0,1230.0,879.5,389.5,437.5,553.0,621.5,655.0,725.0,777.5,810.0,2352.0,1745.5,711.0,800.0,1019.5,1137.5,1233.5,1344.5,1525.5,1539.0,0.0,0.0,0.0,0.0,0.0,0.0,0.0,0.0,0.0,0.0,3357.0,2854.5,906.5,1193.5,1366.0,1700.0,2092.5,2288.5,2339.0,2444.0,0.0,0.0,0.0,0.0,0.0,0.0,0.0,0.0,0.0,0.0,0.0,0.0,0.0,0.0,0.0,0.0,0.0,0.0,0.0,0.0,3014.0,1658.0,447.5,777.5,517.0,1195.0,4130.5,4893.5,4838.0,5167.5,4264.5,3356.5,3601.0,3533.5,3262.0,3829.0,5347.5,5955.0,5834.0,6117.0,2655.5,1197.0,380.0,589.0,316.5,848.5,4007.5,5350.0,5515.5,5758.0,3283.0,2646.0,930.0,1082.5,1357.0,1539.0,1730.5,1834.5,2042.0,2003.5,2443.0,1025.5,330.5,493.5,238.5,705.5,4052.0,5728.0,5808.5,6277.5,2263.5,973.0,415.0,552.0,305.0,748.5,3872.0,5173.5,5404.0,5508.5,0.0,0.0,0.0,0.0,0.0,0.0,0.0,0.0,0.0,0.0,4144.5,3045.5,2698.0,2732.0,2555.5,3196.5,4907.0,5569.0,5493.5,5740.0,2082.0,960.0,297.0,579.0,331.5,994.5,3040.5,3639.0,3963.0,4093.5,0.0,0.0,0.0,0.0,0.0,0.0,0.0,0.0,0.0,0.0,2798.5,1844.5,414.5,631.5,807.0,1184.0,1530.5,1803.0,2015.0,2187.0,0.0,0.0,0.0,0.0,0.0,0.0,0.0,0.0,0.0,0.0,2768.0,2077.5,373.0,524.5,801.5,956.5,1065.5,1213.5,1419.0,1486.0,3165.5,2222.0,655.5,865.0,1239.5,1445.5,1545.5,1667.5,1965.0,1954.0,0.0,0.0,0.0,0.0,0.0,0.0,0.0,0.0,0.0,0.0,3723.0,2763.0,823.0,1095.5,1497.0,1734.5,1839.0,2002.0,2226.0,2264.5,0.0,0.0,0.0,0.0,0.0,0.0,0.0,0.0,0.0,0.0,2585.0,1715.0,612.5,834.0,1205.0,1392.5,1506.0,1665.0,1882.5,1948.0,3059.0,2142.5,690.0,960.0,1348.0,1586.0,1771.5,1924.0,2032.0,2258.5,0.0,0.0,0.0,0.0,0.0,0.0,0.0,0.0,0.0,0.0,3092.0,2401.5,783.5,977.5,1247.5,1426.0,1611.0,1762.5,1987.0,1960.0,0.0,0.0,0.0,0.0,0.0,0.0,0.0,0.0,0.0,0.0,973.0,1075.5,10903.5,10474.5,10452.5,10519.0,10212.5,9858.0,10213.0,9448.0,0.0,0.0,0.0,0.0,0.0,0.0,0.0,0.0,0.0,0.0,2343.0,2012.0,574.5,724.0,965.0,1056.5,1138.0,1245.5,1384.0,1388.0,2694.0,2353.5,742.0,940.5,1179.0,1293.5,1358.0,1483.0,1671.5,1615.0,1965.5,1459.5,433.5,555.5,781.5,883.0,941.5,1054.0,1193.5,1216.0,3159.0,2906.5,956.0,1158.0,1431.0,1610.0,1672.5,1782.5,1915.0,1945.5,"{""type"":""MultiPoint"",""coordinates"":[]}"
406,5,1367.0,863.0,485.0,649.0,819.0,985.0,1069.0,1176.0,1307.0,1269.0,3715.0,3405.5,1226.5,1548.5,1925.5,2137.5,2241.5,2353.0,2530.0,2541.0,1852.5,1180.0,695.0,863.5,1067.5,1250.0,1335.0,1448.5,1550.5,1582.0,1856.0,1173.0,755.0,973.0,1158.0,1385.0,1584.0,1714.0,1827.0,1827.0,0.0,0.0,0.0,0.0,0.0,0.0,0.0,0.0,0.0,0.0,3082.0,2739.5,1563.0,1513.0,1623.0,2065.0,2628.0,2886.5,2646.5,3095.0,0.0,0.0,0.0,0.0,0.0,0.0,0.0,0.0,0.0,0.0,3704.0,2917.0,957.0,1350.0,1381.0,1923.0,3159.0,3571.0,3742.0,3780.0,3336.0,2035.0,601.0,966.0,731.0,1399.0,4111.0,5146.0,5106.0,5477.0,2159.0,1068.0,342.0,570.0,338.0,869.0,3255.0,4285.0,4342.0,4401.0,2230.0,1218.0,1312.0,1307.0,1017.0,1364.0,3725.0,4919.0,4716.0,5095.0,1864.0,1414.0,614.0,737.0,936.0,1090.0,1157.0,1245.0,1400.0,1364.0,2292.0,964.0,294.0,403.0,211.0,608.0,3675.0,5404.0,5244.0,5627.0,1999.0,846.0,420.0,522.0,307.0,676.0,3416.0,4892.0,4935.0,5039.0,0.0,0.0,0.0,0.0,0.0,0.0,0.0,0.0,0.0,0.0,1863.5,820.0,313.0,549.0,314.5,879.5,3193.5,4125.5,4007.5,4445.5,2255.5,1343.0,414.0,793.5,702.0,1448.0,2437.5,2815.0,3059.0,3214.5,0.0,0.0,0.0,0.0,0.0,0.0,0.0,0.0,0.0,0.0,3005.5,2531.5,737.5,892.0,1154.0,1342.0,1434.5,1553.5,1700.5,1768.5,1706.0,1110.0,786.0,860.0,982.0,1155.0,1213.0,1271.0,1305.0,1412.0,2935.5,2544.0,812.0,1050.5,1264.5,1502.0,1683.5,1809.5,1941.5,1944.5,3028.0,2715.0,863.0,1083.0,1287.0,1540.0,1796.0,1937.0,2036.0,2041.0,0.0,0.0,0.0,0.0,0.0,0.0,0.0,0.0,0.0,0.0,2863.0,2408.0,753.0,1020.0,1221.0,1478.0,1604.0,1723.0,1872.0,1865.0,438.0,315.0,744.0,539.0,460.0,449.0,445.0,490.0,577.0,539.0,1160.0,728.0,436.0,641.0,788.0,983.0,1066.0,1131.0,1247.0,1243.0,1589.0,1052.0,524.0,737.0,908.0,1116.0,1183.0,1253.0,1385.0,1379.0,0.0,0.0,0.0,0.0,0.0,0.0,0.0,0.0,0.0,0.0,1574.0,1038.0,581.0,732.0,885.0,1075.0,1151.0,1253.0,1381.0,1372.0,0.0,0.0,0.0,0.0,0.0,0.0,0.0,0.0,0.0,0.0,1136.0,1209.0,11078.0,10638.0,10512.0,10607.0,10289.0,9901.0,10306.0,9470.0,3781.0,2948.0,5383.0,4891.0,4218.0,4040.0,3595.0,3369.0,5642.0,3260.0,2104.0,1396.0,630.0,872.0,1107.0,1304.0,1399.0,1518.0,1672.0,1672.0,2127.0,1439.0,777.0,999.0,1201.0,1382.0,1469.0,1577.0,1744.0,1708.0,1746.0,1117.0,672.0,874.0,1115.0,1290.0,1368.0,1475.0,1621.0,1610.0,3225.0,2684.0,1136.0,1433.5,1758.5,1998.0,2045.5,2176.0,2300.0,2336.0,"{""type"":""MultiPoint"",""coordinates"":[]}"
424,5,1771.0,1061.0,585.0,643.0,754.0,1199.0,1715.0,1884.0,2063.0,2112.0,5234.0,4582.0,1440.0,1921.0,2415.0,2895.0,3067.0,3258.0,3367.0,3595.0,3025.0,2096.0,826.0,1099.0,1357.0,1732.0,1932.0,2121.0,2315.0,2375.0,4460.5,3813.5,1188.0,1575.5,1887.0,2336.0,2607.5,2818.5,3018.0,3081.0,3792.0,2933.0,911.0,1267.0,1546.0,1968.0,2239.0,2433.0,2662.0,2714.0,6786.0,6415.0,2179.0,2808.0,3541.0,4100.0,4349.0,4755.0,4805.0,5065.0,3339.0,2358.0,884.0,1249.0,1479.0,1952.0,2401.0,2646.0,2783.0,2919.0,4486.0,4247.0,1378.0,1754.0,2204.0,2548.0,2706.0,2921.0,2944.0,3181.0,4771.0,4463.0,1681.0,2184.0,2613.0,2998.0,3119.0,3362.0,3442.0,3598.0,5298.0,4768.0,1593.5,2148.5,2722.0,3179.0,3655.5,3874.5,4041.0,4234.5,3086.5,2037.0,798.0,1063.5,1145.5,1615.0,2304.5,2610.0,2694.5,2921.5,3016.0,2219.0,768.0,1025.0,1164.0,1635.0,2282.0,2466.0,2752.0,2654.0,3439.0,2177.0,603.0,982.0,865.0,1539.0,3946.0,4752.0,4847.0,5102.0,2915.0,1780.0,667.0,914.0,741.0,1302.0,3591.0,4632.0,4602.0,4882.0,2301.0,1114.0,462.0,618.0,352.0,901.0,3743.0,5005.0,4845.0,5272.0,2203.5,983.5,418.5,548.0,341.0,741.5,3606.5,4726.0,4630.0,4971.0,1938.0,845.0,240.0,442.0,231.0,697.0,3455.0,4684.0,4721.0,4936.0,2047.5,945.0,367.0,622.5,345.5,1057.0,3751.0,4816.0,4825.5,5101.5,2356.0,1286.5,427.0,848.5,603.5,1570.0,3255.0,3809.0,4036.0,4082.5,2900.0,2103.0,632.0,830.0,1073.0,1377.0,1596.0,1737.0,1834.0,2024.0,2935.5,2137.5,629.5,832.5,1067.0,1339.0,1487.5,1629.0,1794.0,1940.5,3516.0,2485.0,910.0,1209.0,1628.0,1904.0,2033.0,2244.0,2427.0,2550.0,3660.5,3006.0,1741.0,1942.0,2024.0,2490.0,2990.0,3186.5,3476.5,3387.0,2941.0,2131.0,804.5,1047.5,1283.5,1592.0,1795.0,1945.5,2099.0,2156.0,2848.0,2049.0,783.0,1035.0,1229.0,1548.0,1889.0,2035.0,2177.0,2259.0,2335.5,1469.5,561.0,869.0,961.5,1361.5,1911.0,2094.0,2320.0,2266.5,2516.0,1772.5,557.5,841.5,1013.5,1370.5,1777.5,1946.5,2091.5,2129.0,0.0,0.0,0.0,0.0,0.0,0.0,0.0,0.0,0.0,0.0,2660.0,1839.0,647.0,963.0,1253.0,1590.0,1843.0,2016.0,2279.0,2259.0,0.0,0.0,0.0,0.0,0.0,0.0,0.0,0.0,0.0,0.0,704.0,755.0,10566.0,10394.0,10366.0,10426.0,10088.0,9651.0,10046.0,9252.0,3202.5,2970.5,4349.0,4414.5,4419.0,4802.0,4789.0,4829.5,4981.5,4686.5,2702.5,1817.0,602.0,942.0,998.5,1592.0,2368.0,2582.5,2839.0,2821.0,3491.0,2607.0,900.0,1259.0,1610.0,2002.0,2235.0,2436.0,2798.0,2746.0,2860.0,1922.0,663.0,1006.0,1371.0,1718.0,1892.0,2084.0,2348.0,2360.0,3174.0,2256.0,848.0,1148.0,1453.0,1799.0,1973.0,2144.0,2333.0,2397.0,"{""type"":""MultiPoint"",""coordinates"":[]}"
443,3,2032.0,1313.0,671.0,764.0,959.0,1116.0,1203.0,1314.0,1532.0,1469.0,3184.0,2505.0,1007.0,1258.0,1423.0,1725.0,1884.0,2048.0,2171.0,2206.0,2539.0,1856.0,728.5,926.5,1177.0,1386.5,1479.0,1587.0,1730.0,1796.5,2920.5,2228.5,924.5,1199.5,1406.5,1704.5,1821.5,1949.0,2083.5,2124.5,3132.0,2531.0,941.0,1297.0,1512.0,1854.0,2022.0,2163.0,2259.0,2356.0,0.0,0.0,0.0,0.0,0.0,0.0,0.0,0.0,0.0,0.0,0.0,0.0,0.0,0.0,0.0,0.0,0.0,0.0,0.0,0.0,1288.0,855.0,865.5,1038.0,821.0,1266.0,1980.0,2362.0,2179.0,2219.5,1620.0,877.0,350.5,665.5,419.0,1042.5,2551.0,3185.5,3136.0,3187.5,1320.0,692.0,399.0,706.0,378.0,1085.0,2484.0,3192.0,2938.0,2928.0,2892.0,2131.5,2567.5,2560.5,2223.0,2717.5,4038.5,4758.5,4587.5,4829.0,3146.0,2537.0,960.0,1114.0,1375.0,1563.0,1680.0,1804.0,2028.0,1994.0,1152.0,554.0,352.0,530.0,307.0,791.0,2241.0,3177.0,2828.0,3205.0,1032.0,509.0,444.0,691.5,409.5,980.5,2319.0,2971.0,2857.0,3003.5,1252.5,611.5,430.5,758.5,455.0,1219.5,2634.5,3152.0,3035.5,3309.0,1657.5,858.0,540.5,972.0,718.0,1658.0,2848.5,3164.5,3033.0,3437.5,2114.0,1237.0,544.0,1048.0,1024.0,1885.0,2525.0,2816.0,2905.0,3090.0,2009.0,1163.0,480.0,886.0,1036.0,1705.0,2230.0,2461.0,2605.0,2806.0,3549.5,2571.5,1029.5,1497.5,1928.0,2557.5,2942.0,3204.0,3433.5,3536.0,3655.5,2682.0,1085.5,1456.0,1957.0,2302.0,2455.0,2657.5,2720.0,2922.0,3817.0,2761.0,1126.0,1499.0,2008.0,2371.0,2598.0,2834.0,3012.0,3142.0,4027.0,3163.0,1122.0,1391.0,1915.0,2221.0,2366.0,2566.0,2775.0,2853.0,2366.0,1634.0,839.0,984.0,1180.0,1364.0,1409.0,1588.0,1811.0,1745.0,2722.0,2421.0,743.0,944.0,1316.0,1420.0,1547.0,1614.0,1901.0,1838.0,0.0,0.0,0.0,0.0,0.0,0.0,0.0,0.0,0.0,0.0,2220.5,1601.5,575.5,851.0,1195.5,1375.5,1494.0,1596.0,1864.0,1854.5,2700.0,2071.0,789.0,1070.5,1428.5,1649.5,1723.0,1871.0,2057.5,2094.5,3952.0,3528.0,3574.0,3537.0,3787.0,4102.0,3930.0,3884.0,3599.0,3800.0,1870.0,1277.0,1973.5,1895.0,1925.5,2086.0,2065.0,2103.5,2080.5,2201.5,0.0,0.0,0.0,0.0,0.0,0.0,0.0,0.0,0.0,0.0,996.0,1079.0,10910.0,10498.0,10390.0,10509.0,10136.0,9751.0,10138.0,9323.0,1427.0,955.5,671.5,833.5,995.0,1193.5,1268.0,1354.0,1500.5,1490.5,2917.0,2203.0,829.0,1036.0,1250.0,1499.0,1662.0,1802.0,1979.0,1975.0,1605.0,1236.0,520.0,652.0,780.0,945.0,1061.0,1134.0,1207.0,1258.0,2507.0,1785.0,730.0,1003.0,1176.0,1457.0,1587.0,1690.0,1818.0,1849.0,3033.0,2324.0,1151.0,1428.0,1518.0,1768.0,1770.0,1897.0,2215.0,2070.0,"{""type"":""MultiPoint"",""coordinates"":[]}"
461,5,2648.5,1980.0,726.0,879.0,1112.5,1290.5,1411.5,1525.0,1706.0,1708.5,2844.5,2193.5,825.0,1094.0,1210.5,1538.5,1673.5,1792.0,1949.5,1964.5,2457.5,1779.5,669.5,877.5,995.5,1256.0,1392.0,1510.5,1637.0,1677.5,657.0,463.5,296.5,315.5,301.5,372.0,410.0,449.5,490.0,490.0,4140.0,3564.5,1034.0,1371.5,1581.0,1965.0,2189.0,2365.0,2459.5,2637.0,3442.5,2992.5,885.5,1142.0,1367.0,1657.0,1828.5,2023.5,2130.0,2224.5,0.0,0.0,0.0,0.0,0.0,0.0,0.0,0.0,0.0,0.0,4303.0,3901.0,1052.0,1369.0,1541.5,1953.5,2355.5,2587.0,2732.5,2849.5,0.0,0.0,0.0,0.0,0.0,0.0,0.0,0.0,0.0,0.0,2142.0,1232.5,963.5,1057.0,755.5,1253.5,2537.5,2883.5,2820.0,2969.5,2729.5,1244.5,359.0,675.5,306.0,1040.5,4120.0,5209.0,5243.0,5362.5,3081.5,2527.0,856.0,1037.0,1267.0,1430.5,1597.0,1695.0,1889.5,1875.5,2953.0,1280.0,366.0,549.0,258.0,851.0,4557.0,6433.5,6265.5,6725.5,2635.5,1160.5,324.0,492.5,253.5,744.0,4251.0,6140.0,6232.5,6411.0,0.0,0.0,0.0,0.0,0.0,0.0,0.0,0.0,0.0,0.0,2352.5,971.5,277.0,407.5,215.0,656.5,3877.5,5595.0,5479.0,5902.0,2197.0,970.0,220.0,409.0,204.5,690.0,3724.0,5074.5,5370.0,5435.0,0.0,0.0,0.0,0.0,0.0,0.0,0.0,0.0,0.0,0.0,2562.5,1351.5,559.0,1134.5,887.0,2122.5,3618.5,4133.5,4494.5,4633.0,3466.5,2454.5,660.5,802.5,1107.5,1399.0,1564.0,1775.0,1934.0,2181.0,2768.0,1972.0,374.5,551.5,891.5,1094.0,1233.0,1428.0,1677.5,1773.0,2809.0,2012.0,496.0,670.0,1005.0,1180.0,1320.0,1501.0,1801.0,1820.0,0.0,0.0,0.0,0.0,0.0,0.0,0.0,0.0,0.0,0.0,4175.5,2979.5,1041.5,1386.5,2018.5,2351.0,2557.0,2745.5,3060.0,3120.0,4476.0,3191.0,1362.5,1711.5,2290.5,2703.5,2817.5,3044.5,3150.5,3397.0,2840.0,1892.5,938.5,1247.0,1719.5,2087.0,2181.5,2373.5,2581.5,2660.5,3065.0,2131.5,1009.5,1352.5,1784.0,2072.5,2280.5,2417.0,2701.5,2664.0,0.0,0.0,0.0,0.0,0.0,0.0,0.0,0.0,0.0,0.0,3118.5,2299.0,925.5,1210.5,1507.0,1812.0,2105.5,2282.0,2455.0,2449.5,0.0,0.0,0.0,0.0,0.0,0.0,0.0,0.0,0.0,0.0,1039.5,1146.5,10043.5,9983.0,10114.0,10232.5,9944.0,9623.0,10050.0,9317.0,0.0,0.0,0.0,0.0,0.0,0.0,0.0,0.0,0.0,0.0,2889.5,2294.0,726.0,889.5,1069.0,1356.0,1740.0,1842.0,2057.0,2038.0,2403.5,1830.0,638.0,881.5,983.5,1325.5,1592.0,1686.0,1891.0,1869.0,21.5,25.5,462.5,768.5,707.0,793.0,258.5,260.0,200.0,89.0,82.5,76.5,552.5,799.0,659.5,715.0,290.5,275.5,246.0,167.5,"{""type"":""MultiPoint"",""coordinates"":[]}"
473,3,2065.0,1836.0,706.0,910.0,1044.0,1452.0,1882.0,1979.0,2002.0,2041.0,2980.0,2747.5,1143.5,1297.0,1564.5,1746.5,1788.0,1896.5,2062.5,2101.0,2517.0,1724.5,736.0,944.0,1188.5,1464.5,1604.0,1765.0,1947.0,2030.0,2688.0,1886.0,1760.0,1791.0,1874.0,2210.0,2367.0,2435.0,2118.0,2596.0,2860.0,2051.0,727.0,1043.0,1195.0,1599.0,1881.0,2034.0,2240.0,2339.0,6136.0,5212.0,1683.0,2284.0,2444.0,3560.0,4365.0,4821.0,4931.0,5223.0,0.0,0.0,0.0,0.0,0.0,0.0,0.0,0.0,0.0,0.0,1709.5,923.5,355.5,714.0,343.5,1017.0,2952.0,3694.5,3631.5,3675.5,1620.0,846.0,276.0,577.0,271.0,889.0,3101.0,4101.0,3989.0,4139.0,2157.0,1147.5,643.0,896.5,639.0,1292.0,3431.0,4549.0,4556.0,4618.0,1785.0,875.0,804.0,947.0,570.0,1159.0,3526.0,5242.0,5313.0,5533.0,3319.0,2481.0,748.0,985.0,1146.0,1592.0,2046.0,2221.0,2424.0,2410.0,1297.0,695.0,452.0,569.0,376.0,818.0,2692.0,3690.0,3768.0,3955.0,1423.0,662.0,469.0,676.0,392.0,992.0,2687.0,3726.0,3810.0,3955.0,1580.0,711.0,466.0,808.0,493.0,1321.0,3280.0,4061.0,4014.0,4429.0,1767.0,947.0,585.0,1000.0,724.5,1660.5,2921.5,3355.0,3382.0,3721.0,2149.0,1304.0,610.0,972.0,949.0,1689.0,2452.0,2846.0,3028.0,3170.0,3740.0,2388.0,944.0,1316.5,1652.0,2180.5,2703.5,3038.0,3187.0,3468.5,3218.0,2127.5,716.0,1015.5,1341.5,1756.5,2155.5,2423.0,2664.0,2741.0,2448.0,1571.5,618.0,809.5,989.0,1325.0,1764.5,2017.5,2091.0,2244.0,2892.0,1861.0,638.0,857.0,1040.0,1361.0,1909.0,2239.0,2467.0,2512.0,2848.0,1778.0,570.0,787.0,949.0,1327.0,1917.0,2259.0,2452.0,2530.0,2581.5,1883.0,877.5,992.5,1084.5,1427.0,1800.0,1945.0,2064.0,2131.5,2421.0,1494.0,489.0,707.0,805.0,1249.0,1868.0,2111.0,2314.0,2348.0,3916.0,3443.0,3056.5,3128.0,3226.5,3668.0,3830.0,3904.0,3819.0,4052.0,2235.0,1343.5,493.5,783.0,1069.5,1494.5,1824.0,2017.5,2321.0,2311.0,2584.5,1616.5,622.0,903.0,1282.5,1642.0,1858.0,2041.5,2265.0,2345.0,0.0,0.0,0.0,0.0,0.0,0.0,0.0,0.0,0.0,0.0,2541.0,1796.0,693.0,874.0,1206.0,1435.0,1544.0,1648.0,1917.0,1886.0,0.0,0.0,0.0,0.0,0.0,0.0,0.0,0.0,0.0,0.0,929.0,1000.0,10526.0,10292.0,10268.0,10291.0,10023.0,9565.0,10014.0,9246.0,204.0,162.0,7730.0,7665.0,7790.0,8059.0,7733.0,7304.0,7510.0,6949.0,2897.5,1999.5,643.5,945.0,973.5,1573.0,2306.0,2522.5,2786.0,2757.5,3495.0,2568.5,882.5,1233.0,1397.5,1935.0,2290.0,2502.5,2760.5,2785.5,2962.0,2080.0,710.0,1004.0,1265.0,1592.0,1759.0,1952.0,2204.0,2232.0,3156.0,2229.0,839.0,1082.0,1269.0,1621.0,1816.0,1979.0,2172.0,2240.0,"{""type"":""MultiPoint"",""coordinates"":[]}"
491,5,2104.0,1264.0,505.0,767.0,838.0,1353.0,2220.0,2398.0,2630.0,2530.0,4227.5,3600.5,1320.5,1749.0,2298.0,2625.5,2750.0,2892.5,3116.0,3147.0,2839.0,1963.0,821.0,1121.0,1547.0,1786.0,1915.0,2066.0,2274.0,2269.0,3327.0,2281.0,1356.0,1618.0,1876.0,2188.0,2520.0,2754.0,2931.0,2956.0,0.0,0.0,0.0,0.0,0.0,0.0,0.0,0.0,0.0,0.0,6487.0,5915.0,2589.0,3737.0,4656.0,5463.0,5989.0,6251.0,4627.0,6259.0,0.0,0.0,0.0,0.0,0.0,0.0,0.0,0.0,0.0,0.0,2225.5,1198.5,421.5,652.5,540.0,981.5,2905.5,3591.0,3511.0,3680.0,2409.0,1090.0,352.0,607.0,427.0,944.0,3828.0,4992.0,4848.0,5298.0,2512.0,1349.0,416.0,651.0,451.0,979.0,3703.0,4892.0,5079.0,5147.0,2104.0,951.0,239.0,418.0,246.0,675.0,3371.0,4726.0,4713.0,5002.0,2158.0,1378.0,545.0,766.0,942.0,1480.0,2216.0,2391.0,2651.0,2532.0,2266.0,933.0,446.0,580.5,350.5,828.0,3667.5,5024.5,4937.0,5372.5,2515.0,1187.0,889.0,983.0,725.0,1190.0,3919.0,5178.0,5163.0,5530.0,2072.0,950.0,427.0,597.0,383.0,904.0,3123.0,4157.0,3989.0,4394.0,2008.0,985.0,371.0,627.0,417.0,1040.0,2810.0,3498.0,3416.0,3859.0,2548.0,1571.0,454.5,743.0,760.0,1356.5,2163.5,2475.5,2609.5,2844.0,3533.0,2559.0,610.0,851.0,1169.0,1576.0,1868.0,2162.0,2350.0,2607.0,2900.0,2071.0,543.0,724.0,964.5,1221.0,1375.0,1531.0,1691.5,1814.0,3815.0,2784.0,797.0,1087.0,1465.0,1841.0,1989.0,2147.0,2260.0,2409.0,3203.0,2729.0,825.0,1151.0,1589.0,1793.0,1903.0,1992.0,2205.0,2188.0,3198.0,2901.0,926.0,1203.0,1636.0,1829.0,1918.0,2071.0,2176.0,2204.0,0.0,0.0,0.0,0.0,0.0,0.0,0.0,0.0,0.0,0.0,4819.0,4363.0,3731.0,3704.0,3869.0,4127.0,4103.0,4027.0,4422.0,4167.0,3101.0,2817.0,787.0,1032.0,1407.0,1742.0,1848.0,2004.0,1787.0,2277.0,1965.0,1239.0,454.0,688.0,965.0,1183.0,1394.0,1459.0,1652.0,1654.0,2812.0,2243.0,688.0,958.0,1264.0,1580.0,1775.0,1905.0,2040.0,2071.0,0.0,0.0,0.0,0.0,0.0,0.0,0.0,0.0,0.0,0.0,2506.0,1524.0,690.0,1009.0,996.0,1580.0,2547.0,2706.0,2937.0,2840.0,0.0,0.0,0.0,0.0,0.0,0.0,0.0,0.0,0.0,0.0,271.0,266.0,6926.0,7015.0,7153.0,7413.0,7129.0,6691.0,6880.0,6318.0,0.0,0.0,0.0,0.0,0.0,0.0,0.0,0.0,0.0,0.0,2423.0,1621.0,663.0,897.0,1239.0,1444.0,1586.0,1727.0,2001.0,2001.0,4433.0,3839.0,1271.0,1720.0,2273.0,2579.0,2714.0,2858.0,3164.0,3104.0,4078.0,3522.0,1124.0,1530.0,2012.0,2320.0,2449.0,2599.0,2852.0,2875.0,0.0,0.0,0.0,0.0,0.0,0.0,0.0,0.0,0.0,0.0,"{""type"":""MultiPoint"",""coordinates"":[]}"
508,5,2452.0,1866.0,659.0,850.0,1092.0,1293.0,1473.0,1581.0,1836.0,1790.0,4186.0,3595.5,1131.0,1464.0,1891.0,2164.0,2281.5,2451.0,2675.0,2747.0,3012.0,2217.0,783.0,988.0,1305.0,1522.0,1633.0,1797.0,2021.0,2074.0,3212.0,2263.0,1216.0,1394.0,1597.0,1931.0,2190.0,2364.0,2608.0,2645.0,0.0,0.0,0.0,0.0,0.0,0.0,0.0,0.0,0.0,0.0,2734.0,2108.5,673.0,942.0,936.0,1346.0,2314.0,2639.5,2702.5,2790.0,0.0,0.0,0.0,0.0,0.0,0.0,0.0,0.0,0.0,0.0,3392.0,2223.0,1174.5,1453.0,1148.0,1900.5,4365.0,5196.0,5136.5,5443.0,3370.0,1527.0,390.0,738.0,339.0,1172.0,5960.0,8007.0,7824.0,8406.0,2538.0,1141.0,321.0,545.0,243.0,852.0,4534.0,6427.0,6696.0,6761.0,2287.0,968.0,198.0,387.0,192.0,687.0,4054.0,5956.0,6002.0,6267.0,2684.0,2143.0,735.0,925.0,1193.0,1406.0,1575.0,1688.0,1927.0,1902.0,2719.0,1195.5,564.0,746.5,461.0,1062.0,4613.0,6334.5,6376.5,6831.0,2408.0,1027.0,780.0,892.0,551.0,1122.0,4005.0,5374.0,5415.0,5709.0,1209.0,614.0,415.0,556.0,348.0,813.0,2154.0,2698.0,2656.0,2829.0,2763.0,1730.0,525.5,844.5,873.5,1556.5,2146.0,2488.5,2575.5,2911.0,3048.0,2411.5,617.5,785.0,1070.5,1284.5,1403.5,1571.5,1699.5,1820.5,3198.0,2908.0,838.0,1029.0,1355.0,1546.0,1605.0,1765.0,1849.0,1966.0,2918.5,2412.5,749.5,976.5,1253.5,1463.0,1548.0,1669.0,1782.0,1869.0,3178.0,2637.0,680.0,950.0,1193.0,1501.0,1623.0,1730.0,1817.0,1949.0,3546.5,3087.0,1623.0,1742.0,1772.0,2035.0,2250.0,2433.5,2803.5,2660.5,3540.0,3134.0,931.0,1189.0,1458.0,1753.0,2045.0,2218.0,2426.0,2471.0,0.0,0.0,0.0,0.0,0.0,0.0,0.0,0.0,0.0,0.0,1639.0,1239.0,682.0,778.0,832.0,1019.0,1256.0,1344.0,1386.0,1457.0,6700.0,5886.0,4286.0,4453.0,4572.0,5343.0,5421.0,5499.0,5881.0,5783.0,1914.0,1183.0,394.0,627.0,695.0,1041.0,1639.0,1779.0,2002.0,1932.0,2778.0,2183.0,654.0,898.0,1027.0,1477.0,2015.0,2198.0,2410.0,2396.0,0.0,0.0,0.0,0.0,0.0,0.0,0.0,0.0,0.0,0.0,1471.0,884.0,438.0,604.0,524.0,927.0,1708.0,1870.0,2032.0,2061.0,0.0,0.0,0.0,0.0,0.0,0.0,0.0,0.0,0.0,0.0,419.0,397.0,6194.0,6300.0,6483.0,6638.0,6511.0,6158.0,6313.0,5831.0,0.0,0.0,0.0,0.0,0.0,0.0,0.0,0.0,0.0,0.0,2741.0,2042.0,722.0,940.0,1217.0,1410.0,1602.0,1743.0,1997.0,1982.0,3553.0,2858.0,970.0,1224.0,1647.0,1896.5,1989.5,2164.0,2395.0,2441.0,4035.5,3446.0,2824.5,2914.5,3075.5,3350.5,3278.0,3270.0,3408.0,3434.5,0.0,0.0,0.0,0.0,0.0,0.0,0.0,0.0,0.0,0.0,"{""type"":""MultiPoint"",""coordinates"":[]}"
517,5,2289.0,1631.5,652.5,836.0,1136.0,1336.5,1506.5,1645.5,1884.5,1883.0,4471.5,4004.0,1330.5,1752.0,2307.5,2588.5,2679.0,2875.0,3052.0,3059.5,2055.5,1337.5,700.5,903.0,1183.5,1399.0,1483.0,1619.5,1728.5,1793.5,298.0,210.0,218.0,189.5,219.5,232.5,223.5,248.5,249.5,240.5,0.0,0.0,0.0,0.0,0.0,0.0,0.0,0.0,0.0,0.0,4534.0,4304.5,2146.0,2158.0,2402.5,2697.5,2730.5,2966.5,3389.0,3174.5,0.0,0.0,0.0,0.0,0.0,0.0,0.0,0.0,0.0,0.0,4894.0,4483.5,1557.5,2070.0,2529.0,2967.0,3244.0,3434.0,3587.5,3687.5,0.0,0.0,0.0,0.0,0.0,0.0,0.0,0.0,0.0,0.0,4368.5,3403.0,3112.0,3056.0,2959.5,3378.0,4183.0,4494.0,4621.0,4663.5,0.0,0.0,0.0,0.0,0.0,0.0,0.0,0.0,0.0,0.0,2879.5,2394.5,746.5,961.5,1288.5,1511.5,1631.0,1797.0,2007.0,1982.0,551.5,290.5,296.0,321.0,202.0,342.5,976.5,1273.0,1075.0,1166.0,2296.0,1103.0,462.0,601.5,377.5,879.5,3576.5,4760.5,4746.5,4937.0,0.0,0.0,0.0,0.0,0.0,0.0,0.0,0.0,0.0,0.0,2154.0,950.5,372.0,501.5,283.0,741.0,3623.5,5161.5,4920.0,5294.0,2112.0,909.0,276.0,495.5,255.0,812.0,3776.5,4991.5,5101.0,5168.0,0.0,0.0,0.0,0.0,0.0,0.0,0.0,0.0,0.0,0.0,2623.5,1608.0,470.5,898.0,886.0,1689.5,2547.5,2888.0,3117.5,3317.0,1068.0,669.0,560.5,584.5,634.0,758.5,774.0,845.5,857.5,927.5,2577.0,1940.0,491.5,630.0,843.5,1012.5,1113.0,1241.5,1364.0,1450.5,3828.0,3059.0,938.0,1175.0,1565.0,1845.5,1938.0,2136.0,2274.0,2413.5,0.0,0.0,0.0,0.0,0.0,0.0,0.0,0.0,0.0,0.0,3474.0,2725.0,818.0,1021.0,1282.0,1528.0,1625.5,1780.0,1948.0,2014.5,0.0,0.0,0.0,0.0,0.0,0.0,0.0,0.0,0.0,0.0,1436.5,832.0,372.0,552.0,684.5,895.0,1073.5,1188.0,1357.0,1367.5,1669.0,1013.5,460.5,649.5,769.5,1038.0,1313.5,1491.0,1604.5,1617.0,0.0,0.0,0.0,0.0,0.0,0.0,0.0,0.0,0.0,0.0,1981.0,1273.0,510.5,693.5,715.5,1055.5,1570.0,1722.5,1905.0,1898.5,0.0,0.0,0.0,0.0,0.0,0.0,0.0,0.0,0.0,0.0,1043.0,1118.0,11060.5,10609.0,10470.0,10570.0,10210.5,9841.5,10251.0,9476.5,1227.0,1040.0,511.0,553.5,706.5,935.0,1074.5,1252.5,819.0,1340.0,2646.0,1863.0,816.5,1121.0,1449.5,1715.5,1822.0,1956.5,2162.0,2194.0,2329.5,1593.0,745.0,988.5,1302.5,1474.0,1573.0,1708.5,1904.0,1882.0,1776.0,1220.5,684.0,999.0,1347.0,1570.5,1583.0,1719.5,1859.0,1815.0,2053.5,1697.0,790.5,941.0,1146.0,1286.0,1324.5,1438.5,1494.0,1532.0,"{""type"":""MultiPoint"",""coordinates"":[]}"
518,5,2430.0,1660.0,757.0,981.0,1338.0,1598.0,1805.0,1944.0,2232.0,2233.0,4173.5,3708.0,1200.5,1618.5,2053.0,2378.0,2525.0,2682.0,2843.0,2939.5,2621.5,1961.0,876.5,1129.5,1436.0,1645.0,1757.0,1885.0,2031.0,2075.5,2667.0,1977.0,908.0,1224.0,1565.0,1827.0,1966.0,2060.0,2271.0,2262.0,0.0,0.0,0.0,0.0,0.0,0.0,0.0,0.0,0.0,0.0,3879.0,3276.5,2286.5,2262.0,2316.5,2798.0,3267.5,3501.0,3558.0,3668.0,0.0,0.0,0.0,0.0,0.0,0.0,0.0,0.0,0.0,0.0,5085.0,4169.0,1209.0,1763.0,1748.0,2504.0,4041.0,4537.0,4801.0,4899.0,3343.5,2288.5,732.0,1132.5,1068.5,1649.0,3714.5,4330.5,4457.0,4678.0,3640.0,2446.0,602.0,958.0,786.0,1426.0,4089.0,5112.0,5260.0,5428.0,0.0,0.0,0.0,0.0,0.0,0.0,0.0,0.0,0.0,0.0,3169.0,2456.0,987.0,1224.0,1609.0,1876.0,2054.0,2199.0,2467.0,2476.0,3410.0,2183.0,1086.0,1389.0,1522.0,2302.0,4593.0,5916.0,5191.0,6048.0,2295.0,1056.0,486.0,614.0,351.0,802.0,3857.0,5513.0,5586.0,5821.0,0.0,0.0,0.0,0.0,0.0,0.0,0.0,0.0,0.0,0.0,2214.5,1050.0,400.0,650.5,349.5,993.0,3737.0,4775.5,4593.0,5080.0,2163.5,1087.5,382.5,727.5,397.0,1184.5,3429.5,4073.5,4299.5,4449.0,2056.0,1084.0,415.0,834.0,525.0,1498.0,3030.0,3437.0,3640.0,3872.0,2950.0,2202.0,553.0,731.0,988.5,1269.5,1459.0,1642.0,1839.5,1967.5,2583.0,1907.0,680.0,806.0,954.0,1171.0,1266.0,1415.0,1436.0,1568.0,2621.5,2042.5,593.5,725.5,914.5,1113.5,1247.0,1372.5,1488.5,1574.5,2841.0,2120.0,847.0,995.5,1220.0,1463.5,1587.0,1715.5,1879.5,1916.5,0.0,0.0,0.0,0.0,0.0,0.0,0.0,0.0,0.0,0.0,3535.0,2708.0,1036.0,1285.0,1620.0,1889.0,2033.0,2170.0,2355.0,2405.0,2464.0,1595.0,1139.0,1208.0,1466.0,1719.0,1856.0,1953.0,2177.0,2223.0,2718.0,1958.5,836.0,1053.0,1315.0,1626.0,1761.5,1903.0,2077.5,2105.0,2678.0,1908.0,815.0,1050.0,1272.0,1595.0,1861.0,1998.0,2163.0,2206.0,0.0,0.0,0.0,0.0,0.0,0.0,0.0,0.0,0.0,0.0,3057.0,2254.0,937.0,1130.0,1281.0,1633.0,2027.0,2161.0,2358.0,2381.0,0.0,0.0,0.0,0.0,0.0,0.0,0.0,0.0,0.0,0.0,1086.0,1172.0,10870.0,10501.0,10376.0,10429.0,10197.0,9825.0,10228.0,9387.0,0.0,0.0,0.0,0.0,0.0,0.0,0.0,0.0,0.0,0.0,2995.0,2274.0,785.0,1075.0,1428.0,1730.0,1932.0,2099.0,2324.0,2339.0,0.0,0.0,0.0,0.0,0.0,0.0,0.0,0.0,0.0,0.0,2528.0,1680.0,764.0,1057.0,1383.0,1750.0,1928.0,2088.0,2360.0,2387.0,4032.5,3190.0,1302.5,1643.5,2021.0,2412.0,2600.5,2785.5,3007.0,3070.5,"{""type"":""MultiPoint"",""coordinates"":[]}"
529,5,849.0,556.5,546.0,742.5,1032.5,1229.5,1326.0,1430.5,1664.5,1673.5,3146.0,2260.0,1185.0,1483.0,1717.0,2133.0,2260.0,2482.0,2665.0,2663.0,982.5,581.5,783.5,1081.5,1250.5,1590.5,1542.5,1685.0,1743.0,1696.0,3064.0,2362.0,1115.0,1436.0,1646.0,2007.0,2225.0,2414.0,2524.0,2652.0,3351.0,2478.0,1066.0,1413.0,1658.0,2033.0,2202.0,2386.0,2661.0,2711.0,5150.0,5073.0,4059.0,4016.0,4079.0,4481.0,4543.0,4865.0,4755.0,5002.0,0.0,0.0,0.0,0.0,0.0,0.0,0.0,0.0,0.0,0.0,3415.0,2559.0,1586.0,1918.0,1972.5,2581.0,2905.5,3114.5,3163.5,3335.5,6033.0,5046.0,2857.0,3292.0,3901.0,4349.0,4356.0,4536.0,4509.0,4860.0,5693.0,5477.5,2286.5,2707.5,3268.5,3658.0,3834.5,4062.5,4118.0,4358.0,4421.0,3544.0,3013.0,3144.0,3179.0,3641.0,4289.0,4540.0,4521.0,4774.0,1736.0,1199.0,768.0,1009.0,1350.0,1564.0,1599.0,1756.0,2053.0,2027.0,5205.0,4666.0,2070.0,2507.0,2823.0,3286.0,4016.0,4263.0,4210.0,4545.0,3426.0,2583.0,1527.0,1958.0,2025.0,2706.0,4400.0,4937.0,5025.0,5217.0,3283.0,2321.5,871.5,1171.0,1110.5,1642.5,3637.5,4355.5,4288.0,4619.5,2347.5,1118.0,393.0,624.0,362.5,903.0,3988.0,5191.0,5057.0,5477.5,2122.0,996.0,289.0,507.0,340.0,782.0,3531.0,4695.0,4784.0,5031.0,4016.5,3137.0,3299.0,3408.0,3308.0,4048.5,5332.5,5852.5,5733.5,6021.5,2054.0,1050.0,453.5,711.5,438.0,1045.0,3370.0,4236.0,4411.5,4521.0,1852.5,963.0,431.5,689.5,458.5,1059.5,2680.5,3102.5,3045.5,3395.5,2263.0,1280.0,395.0,706.0,500.0,1122.0,2754.0,3289.0,3489.0,3650.0,2402.5,1468.0,403.0,686.5,599.5,1152.0,2153.0,2437.5,2719.5,2915.5,2881.0,2923.0,1490.0,1616.0,1836.0,2047.0,2214.0,2336.0,2118.0,2562.0,2594.5,1730.5,461.5,639.0,749.0,1108.5,1502.5,1730.0,2083.0,2188.5,2465.0,1636.5,515.0,659.5,867.0,1099.0,1298.5,1487.5,1791.0,1939.0,2151.0,1420.5,339.5,496.0,716.0,842.5,939.0,1113.5,1388.0,1423.0,2596.0,1818.5,499.5,660.5,877.5,1024.0,1130.5,1255.5,1487.0,1499.5,0.0,0.0,0.0,0.0,0.0,0.0,0.0,0.0,0.0,0.0,2262.0,1727.0,584.0,672.0,795.0,952.0,1030.0,1148.0,1398.0,1348.0,0.0,0.0,0.0,0.0,0.0,0.0,0.0,0.0,0.0,0.0,1101.0,1155.0,10096.0,9788.0,9720.0,9763.0,9464.0,9207.0,9618.0,8906.0,1382.0,1410.5,2445.0,2537.5,2571.5,2779.5,2757.0,2692.0,2976.5,2831.5,611.0,386.0,885.0,1083.0,1414.0,1661.0,1644.0,1755.0,1885.0,1849.0,2808.5,2612.5,3024.5,3239.0,3384.0,3516.0,3127.5,3158.0,3250.5,2987.0,659.0,377.0,548.0,823.0,1081.0,1314.0,1357.0,1557.0,1671.0,1637.0,2487.0,1546.0,854.0,1149.0,1385.0,1735.0,1872.0,2019.0,2243.0,2258.0,"{""type"":""MultiPoint"",""coordinates"":[]}"
531,5,3157.0,2133.5,882.0,1184.5,1541.0,1996.5,2607.5,2915.5,3273.0,3192.0,3160.5,2032.0,818.0,1192.5,1334.5,2246.0,3073.0,3355.5,3600.0,3653.5,2968.5,1901.5,747.5,1126.0,1285.5,2179.0,2869.0,3122.5,3350.5,3434.0,0.0,0.0,0.0,0.0,0.0,0.0,0.0,0.0,0.0,0.0,0.0,0.0,0.0,0.0,0.0,0.0,0.0,0.0,0.0,0.0,4527.0,3371.5,983.0,1341.5,1911.5,2297.5,2454.5,2732.5,2974.0,3069.5,0.0,0.0,0.0,0.0,0.0,0.0,0.0,0.0,0.0,0.0,4428.0,3421.5,978.5,1276.0,1600.0,2019.5,2535.0,2786.5,2947.5,3130.5,4031.5,2473.5,697.0,1096.5,1038.5,1784.5,3691.0,4266.5,4238.5,4598.0,3667.0,2126.0,596.0,901.5,763.5,1443.5,3751.0,4603.5,4609.0,5024.5,3254.5,1755.5,461.5,724.0,525.5,1183.0,3834.0,4755.0,4822.5,5196.5,3518.0,2484.0,987.0,1227.0,1660.0,2094.5,2694.0,2990.5,3303.0,3247.5,2825.0,1329.0,322.5,575.5,264.0,940.5,4232.0,5820.5,5645.0,6201.0,2694.0,1222.5,415.5,615.0,293.0,914.5,4440.0,6065.5,6087.5,6414.0,0.0,0.0,0.0,0.0,0.0,0.0,0.0,0.0,0.0,0.0,2352.5,993.5,338.0,491.0,267.5,675.0,3669.5,5204.5,5065.5,5502.0,2211.5,960.0,262.5,466.0,253.5,744.0,3513.0,4565.5,4843.0,4954.0,0.0,0.0,0.0,0.0,0.0,0.0,0.0,0.0,0.0,0.0,2286.0,1280.0,394.0,749.0,565.5,1357.0,2540.0,2848.5,3189.5,3378.5,2884.5,2004.0,1224.5,1342.5,1403.0,1695.0,2040.0,2237.0,2440.0,2536.0,2994.5,2164.5,434.0,575.5,845.5,1017.0,1171.0,1305.0,1552.0,1609.0,2718.5,1880.0,512.0,655.5,937.0,1141.0,1255.0,1441.0,1545.5,1714.0,0.0,0.0,0.0,0.0,0.0,0.0,0.0,0.0,0.0,0.0,3667.5,2648.0,779.5,1011.5,1391.5,1650.0,1829.0,1981.0,2226.5,2250.5,0.0,0.0,0.0,0.0,0.0,0.0,0.0,0.0,0.0,0.0,3327.0,2290.0,722.0,991.5,1300.0,1659.0,1944.5,2081.5,2307.0,2356.5,2844.5,1928.0,668.5,933.5,1163.5,1513.5,1886.0,2077.5,2353.0,2281.0,0.0,0.0,0.0,0.0,0.0,0.0,0.0,0.0,0.0,0.0,3113.0,2164.0,777.0,986.5,1103.0,1548.0,2089.5,2259.5,2560.5,2499.5,0.0,0.0,0.0,0.0,0.0,0.0,0.0,0.0,0.0,0.0,1044.5,1150.5,10359.0,10116.0,10170.0,10377.0,10137.5,9722.5,10045.0,9468.0,3770.0,2677.5,1068.0,1410.0,1889.0,2391.0,2870.5,3244.5,3438.0,3574.0,3716.0,2550.5,959.5,1273.5,1696.0,2236.0,3008.0,3289.5,3656.0,3645.0,3084.5,1963.5,771.0,1105.5,1284.5,2000.5,3167.0,3451.0,3747.0,3751.0,2773.0,1707.0,692.5,1036.0,1145.0,2032.0,3281.5,3517.5,3852.5,3900.0,2693.0,1724.0,727.5,984.0,1096.0,1928.0,2760.0,3047.0,2910.5,3352.5,"{""type"":""MultiPoint"",""coordinates"":[]}"
541,5,2666.5,1764.0,694.5,949.0,1291.0,1714.0,2210.5,2445.0,2729.5,2746.0,4355.5,3659.5,1286.0,1742.0,2212.5,2790.5,3096.5,3373.5,3492.5,3624.0,2904.5,2063.0,829.5,1123.0,1577.0,1872.5,1996.0,2196.0,2437.5,2474.0,3092.0,2225.0,927.0,1240.0,1672.0,2015.0,2171.0,2345.0,2597.0,2585.0,3893.0,3138.0,1097.0,1499.0,1896.0,2312.0,2638.0,2780.0,2998.0,3041.0,4765.0,3858.5,1326.5,1824.5,2023.0,2738.5,3540.0,3881.5,4025.5,4141.0,0.0,0.0,0.0,0.0,0.0,0.0,0.0,0.0,0.0,0.0,2991.0,1803.0,507.0,746.0,503.0,1099.0,3811.0,4881.0,4757.0,5112.0,3143.0,1673.0,292.0,551.0,336.0,971.0,4203.0,4944.0,5135.0,5148.0,2601.0,1265.5,331.0,501.0,251.0,778.5,4266.5,5991.5,6061.0,6162.5,1956.5,912.5,664.5,745.5,494.5,889.0,3319.0,4813.0,4706.5,4958.5,1977.0,1261.0,632.0,777.0,1000.0,1240.5,1563.5,1695.0,1996.0,1868.5,2481.0,1023.0,312.0,422.0,242.0,659.0,4166.0,6207.0,6221.0,6788.0,2444.0,1019.0,359.0,499.0,266.0,733.0,4328.0,6518.0,6535.0,6727.0,2230.0,900.0,465.0,574.0,320.0,760.0,4152.0,5968.0,5916.0,6327.0,2237.0,926.0,309.0,512.0,267.0,779.0,4022.0,5364.0,5199.0,5665.0,2165.0,895.0,253.0,549.0,269.0,888.0,3928.0,5117.0,5320.0,5426.0,2111.5,1019.5,439.5,856.5,576.5,1538.0,3509.5,4100.5,4154.5,4540.5,2360.0,1594.0,418.0,654.5,783.0,1275.0,1683.0,1898.5,2013.5,2274.0,2878.0,2132.5,548.0,678.5,865.0,1089.0,1270.0,1400.0,1478.5,1621.5,2736.5,2011.0,663.5,863.5,1201.5,1456.5,1635.0,1782.5,2043.0,2066.5,3961.0,2898.0,833.0,1123.0,1533.0,1896.0,2112.0,2330.0,2540.0,2611.0,3000.0,2051.5,768.5,1008.0,1322.5,1740.5,2284.5,2477.5,2788.5,2748.5,3347.0,2480.0,776.0,1019.0,1214.0,1595.0,2083.0,2267.0,2519.0,2453.0,2821.0,1821.0,743.0,962.0,1061.0,1591.0,2346.0,2613.0,2885.0,2791.0,2914.0,1925.5,545.5,869.5,888.5,1447.0,2516.0,2731.5,3083.0,2959.0,2815.5,1874.5,536.0,826.0,853.5,1394.0,2460.0,2711.0,2945.0,2930.0,0.0,0.0,0.0,0.0,0.0,0.0,0.0,0.0,0.0,0.0,2287.0,1369.5,686.5,922.0,779.0,1392.0,2833.5,3149.5,3467.5,3236.0,0.0,0.0,0.0,0.0,0.0,0.0,0.0,0.0,0.0,0.0,1085.0,1142.0,9840.0,9570.0,9636.0,9727.0,9557.0,9238.0,9566.0,8863.0,2329.0,1600.0,2534.5,2761.0,3104.5,3556.0,3816.5,3897.5,4175.0,4041.5,3317.0,2322.0,767.0,1096.0,1373.0,1847.0,2452.0,2677.0,2877.0,2992.0,3147.5,2114.5,783.5,1085.5,1277.0,1854.5,2732.5,2944.5,3248.0,3237.5,2853.0,1934.0,621.0,936.0,1125.0,1748.0,2706.0,2984.0,3269.0,3212.0,2907.0,1887.0,755.0,1086.0,1194.0,1780.0,2819.0,3081.0,3284.0,3316.0,"{""type"":""MultiPoint"",""coordinates"":[]}"
566,5,1870.0,1237.0,750.0,984.0,1380.0,1622.0,1720.0,1826.0,2144.0,2073.0,4193.0,3192.5,1475.0,1868.5,2314.0,2776.0,2891.0,3081.5,3212.5,3341.0,1928.0,1127.0,820.0,1085.0,1431.5,1840.0,2027.0,2146.5,2327.0,2431.5,2945.0,1979.0,1377.0,1582.0,1809.0,2180.0,2316.0,2485.0,2694.0,2741.0,3660.0,2661.0,1214.0,1614.0,1996.0,2458.0,2684.0,2784.0,3019.0,3150.0,2465.0,2524.0,2265.0,1724.0,1517.0,1602.0,1603.0,1858.0,2689.0,2117.0,1959.5,1410.0,709.0,821.0,1021.5,1180.0,1228.5,1355.5,1316.0,1511.5,3795.5,3099.5,989.0,1451.0,1685.5,2149.0,2486.0,2665.0,2801.5,2901.0,4966.0,4044.0,1540.0,2149.0,2473.0,3011.0,3688.0,4010.0,4088.0,4312.0,3232.0,2293.0,839.0,1219.0,1149.0,1843.0,3354.0,3796.0,3835.0,4016.0,2706.0,1239.0,484.0,837.0,413.0,1223.0,4508.0,5535.0,5526.0,5787.0,3115.0,2305.0,929.0,1243.0,1710.0,1912.0,2009.0,2202.0,2466.0,2452.0,1901.5,823.0,398.5,591.0,275.0,764.0,3651.0,4767.5,4602.0,4852.0,3064.0,1414.0,519.0,714.0,381.0,1049.0,5105.0,7063.0,7078.0,7235.0,2698.0,1176.0,362.0,554.0,266.0,842.0,4512.0,6728.0,6510.0,6965.0,2635.0,1083.0,339.0,506.0,257.0,781.0,4748.0,6263.0,6370.0,6409.0,2226.0,958.0,255.0,502.0,236.0,773.0,4072.0,5456.0,5489.0,5657.0,2462.5,1200.5,678.5,982.0,614.5,1418.0,4282.0,5322.0,5312.0,5655.5,2336.0,1215.5,434.0,930.0,635.5,1664.0,3008.0,3403.0,3709.5,3747.0,2527.5,1867.0,502.0,648.5,821.5,1051.0,1168.0,1311.0,1377.0,1506.0,2698.0,2091.0,520.0,621.0,857.0,1045.0,1129.0,1297.0,1402.0,1474.0,3406.0,2620.5,931.0,1140.0,1503.5,1728.0,1825.0,1967.5,2055.0,2194.0,3018.0,2250.5,1400.0,1601.5,1931.5,2132.5,2212.5,2315.0,2632.5,2525.0,3586.0,2837.0,1023.0,1224.0,1575.0,1810.0,1898.0,2017.0,2216.0,2218.0,2111.0,1209.0,782.0,897.0,1203.0,1428.0,1507.0,1675.0,1851.0,1875.0,3146.0,2298.0,902.0,1128.0,1433.0,1663.0,1736.0,1864.0,2112.0,2068.0,3272.5,2419.0,946.5,1171.5,1464.5,1716.0,1842.5,1914.5,2110.0,2151.0,0.0,0.0,0.0,0.0,0.0,0.0,0.0,0.0,0.0,0.0,2839.0,2119.0,827.0,986.0,1213.0,1470.0,1573.0,1735.0,1901.0,1911.0,0.0,0.0,0.0,0.0,0.0,0.0,0.0,0.0,0.0,0.0,1034.0,1117.0,10864.0,10514.0,10484.0,10561.0,10193.0,9810.0,10214.0,9449.0,1003.5,611.0,3143.0,3340.0,3694.0,4051.0,3990.0,3920.5,4046.5,3952.0,2072.5,1357.5,870.0,1179.0,1617.0,1870.0,2002.5,2158.5,2415.5,2446.5,4487.5,3826.0,2954.0,3124.5,3414.5,3717.5,3764.5,3864.5,4099.0,4008.0,1985.0,1252.0,743.0,1073.0,1466.0,1763.0,1974.0,2133.0,2274.0,2364.0,1914.0,1112.0,962.0,1250.0,1665.0,2021.0,2202.0,2356.0,2573.0,2653.0,"{""type"":""MultiPoint"",""coordinates"":[]}"
576,2,2391.0,1488.0,526.0,813.0,886.0,1587.0,2462.0,2702.0,3058.0,3028.0,4812.0,4493.0,1424.0,1979.0,2657.0,3015.0,3151.0,3316.0,3499.0,3577.0,2615.0,1866.0,690.0,952.0,1374.0,1606.0,1756.0,1882.0,2079.0,2134.0,3271.5,2494.0,845.5,1197.5,1598.5,2011.5,2137.0,2321.0,2449.0,2520.0,3176.0,2393.0,842.0,1246.0,1710.0,2024.0,2202.0,2370.0,2558.0,2606.0,6757.0,6501.0,2034.0,2768.0,3543.0,4136.0,4328.0,4663.0,4685.0,4873.0,3569.5,2716.0,1266.0,1685.0,1941.5,2556.5,2792.5,3009.0,2758.5,3172.5,5559.0,4937.0,1276.0,1984.0,2467.0,3273.0,3682.0,3841.0,3965.0,4040.0,5751.5,4973.0,1625.0,2380.0,3005.5,3698.0,4261.0,4478.0,4566.5,4726.0,5468.0,4351.5,1290.0,1999.0,2244.5,3239.5,4679.0,5093.0,5168.0,5479.5,3506.0,2203.5,1303.0,1673.5,1360.0,2368.5,4687.0,5334.0,5228.0,5491.5,2621.0,1726.0,606.0,868.0,996.0,1692.0,2556.0,2774.0,3098.0,3050.0,3050.0,1365.0,396.0,848.0,415.0,1467.0,5218.0,6293.0,6279.0,6601.0,2296.0,882.0,320.5,592.5,279.5,1011.5,4795.5,6093.5,5996.5,6303.5,2362.5,1034.5,460.0,731.0,498.5,1160.0,4770.5,6337.5,6292.5,6617.5,2173.0,827.0,434.5,634.0,378.5,933.5,4499.5,6194.5,6033.5,6510.5,2121.0,842.0,295.0,574.0,299.0,981.0,4583.0,5940.0,6173.0,6228.0,2311.5,900.0,397.5,633.0,357.0,1125.5,4756.5,6124.0,6172.0,6508.5,1998.5,804.5,324.5,492.5,320.5,1057.0,4084.5,4995.0,5216.0,5301.5,2743.0,1744.5,587.5,717.0,832.0,1388.0,2097.0,2374.5,2533.0,2874.5,3017.0,2087.0,954.0,1104.0,1346.5,1683.0,1941.5,2189.5,2477.5,2629.5,2981.0,2051.0,1044.0,1205.0,1404.0,1724.0,2001.0,2171.0,2452.0,2625.0,0.0,0.0,0.0,0.0,0.0,0.0,0.0,0.0,0.0,0.0,2544.0,1657.0,918.0,1102.0,1217.0,1534.0,1857.0,2081.0,2376.0,2503.0,0.0,0.0,0.0,0.0,0.0,0.0,0.0,0.0,0.0,0.0,2766.5,1699.0,427.0,815.0,1064.0,1639.5,2372.0,2634.5,3134.5,3162.0,2804.5,1723.0,458.5,852.0,998.0,1664.0,2652.0,2898.0,3264.0,3349.0,0.0,0.0,0.0,0.0,0.0,0.0,0.0,0.0,0.0,0.0,2512.0,1446.0,459.0,825.0,694.0,1489.0,2900.0,3255.0,3580.0,3575.0,0.0,0.0,0.0,0.0,0.0,0.0,0.0,0.0,0.0,0.0,832.0,915.0,10496.0,10260.0,10178.0,10286.0,9986.0,9522.0,10014.0,9222.0,4534.0,3981.0,3030.0,3112.0,3230.0,3832.0,4357.0,4594.0,4444.0,4771.0,2720.0,1800.0,464.0,786.0,924.0,1549.0,2439.0,2705.0,3035.0,3014.0,2590.0,1581.5,580.0,931.5,869.0,1678.5,2777.0,3062.0,3340.0,3348.0,2135.0,1219.5,405.5,808.0,732.0,1603.0,2623.5,2832.5,3101.5,3116.5,2531.0,1615.0,565.0,1006.0,1144.0,1846.0,2264.0,2482.0,2713.0,2802.0,"{""type"":""MultiPoint"",""coordinates"":[]}"
580,5,2021.5,1215.0,501.0,635.0,800.0,1053.0,1285.0,1450.5,1626.0,1630.0,4200.5,3688.0,1140.0,1516.0,1897.0,2284.0,2519.0,2694.0,2932.5,2971.0,1819.0,1186.5,543.0,682.5,853.5,1067.0,1218.5,1381.5,1443.5,1513.5,2585.0,1666.5,799.0,967.0,1129.5,1468.5,1744.5,1919.5,2131.5,2170.0,4411.5,3778.5,1195.5,1553.5,1940.5,2378.0,2659.0,2883.0,2954.5,3181.0,3808.0,3165.5,1025.0,1308.5,1654.0,2016.0,2285.5,2512.0,2634.0,2781.5,0.0,0.0,0.0,0.0,0.0,0.0,0.0,0.0,0.0,0.0,4352.5,3810.5,1106.5,1461.0,1691.5,2161.0,2760.5,3054.0,3170.5,3306.5,0.0,0.0,0.0,0.0,0.0,0.0,0.0,0.0,0.0,0.0,1860.5,1028.0,808.0,921.5,839.5,1314.5,1819.0,2086.5,2056.5,2255.0,3310.5,2422.0,648.5,854.5,902.5,1347.0,2007.0,2360.5,2442.0,2717.0,3645.5,2959.5,818.5,1052.5,1299.5,1610.0,1862.0,2006.5,2296.0,2307.0,3908.0,3172.0,977.5,1236.5,1353.5,1812.0,2627.5,3041.5,2985.5,3358.0,2966.0,1857.5,590.5,892.0,768.0,1376.5,2792.0,3298.0,3334.0,3501.0,0.0,0.0,0.0,0.0,0.0,0.0,0.0,0.0,0.0,0.0,2503.0,1291.5,397.5,631.0,384.5,1042.0,3168.0,3836.5,3771.0,4117.0,2167.5,1135.5,295.5,503.0,330.0,845.0,2771.5,3429.5,3635.5,3696.0,0.0,0.0,0.0,0.0,0.0,0.0,0.0,0.0,0.0,0.0,2715.5,1475.0,520.5,739.0,546.5,1183.5,3127.0,3785.0,4106.5,4105.0,3781.0,2823.5,1673.5,1869.0,1868.0,2293.5,2964.0,3196.5,3349.5,3509.5,2691.5,1780.0,398.0,661.5,711.5,1204.5,1787.0,2046.0,2263.5,2374.5,1496.0,1024.0,267.0,387.5,532.0,748.0,888.5,1012.5,976.5,1248.5,0.0,0.0,0.0,0.0,0.0,0.0,0.0,0.0,0.0,0.0,3537.5,2657.0,722.5,976.5,1270.5,1602.0,1812.0,1989.5,2205.0,2280.0,3476.5,3069.5,1615.5,1598.5,1817.0,2130.0,2329.5,2483.0,2238.0,2786.0,1764.5,1128.0,355.0,551.0,793.5,990.0,1111.0,1246.5,1388.5,1441.5,2154.0,1552.5,431.0,621.0,901.5,1099.5,1238.0,1337.0,1511.5,1560.0,0.0,0.0,0.0,0.0,0.0,0.0,0.0,0.0,0.0,0.0,2237.0,1549.0,587.5,775.5,1003.0,1234.0,1458.0,1602.5,1809.0,1815.5,0.0,0.0,0.0,0.0,0.0,0.0,0.0,0.0,0.0,0.0,954.5,1080.5,10180.5,9985.5,10105.0,10324.0,10013.5,9686.0,10046.0,9340.5,0.0,0.0,0.0,0.0,0.0,0.0,0.0,0.0,0.0,0.0,2850.5,2195.0,673.5,889.0,1113.5,1379.0,1608.5,1777.0,1993.0,1986.5,2774.0,1948.0,650.5,894.5,1032.5,1377.5,1874.5,2124.5,2327.5,2321.0,2466.0,1597.0,574.5,823.0,943.0,1383.0,1925.5,2117.0,2311.5,2341.0,3728.5,2985.0,1023.0,1334.0,1551.0,2077.0,2435.5,2654.0,2842.0,2851.5,"{""type"":""MultiPoint"",""coordinates"":[]}"
581,5,2362.5,1918.5,1345.0,1406.5,1517.0,1802.5,2091.5,2220.5,2484.5,2375.0,2516.5,1923.5,884.5,1133.5,1336.5,1607.5,1819.5,1919.0,2278.0,2065.0,0.0,0.0,0.0,0.0,0.0,0.0,0.0,0.0,0.0,0.0,4228.5,3970.5,1062.0,1456.0,1915.0,2280.0,2951.0,3229.0,3304.5,3410.0,2633.5,1750.0,598.5,923.0,1099.0,1544.5,2487.0,2861.5,2944.5,3053.0,0.0,0.0,0.0,0.0,0.0,0.0,0.0,0.0,0.0,0.0,0.0,0.0,0.0,0.0,0.0,0.0,0.0,0.0,0.0,0.0,0.0,0.0,0.0,0.0,0.0,0.0,0.0,0.0,0.0,0.0,3562.5,2419.5,1336.0,1671.0,1611.0,2206.0,3795.5,4260.5,4294.0,4570.0,3592.0,2269.5,771.5,1119.5,951.0,1655.5,4275.0,5372.5,5133.0,5552.0,3306.5,1605.0,719.0,1072.5,731.0,1595.0,5378.0,6668.5,6048.5,6966.0,2738.0,1903.5,613.0,839.5,1037.0,1396.0,1859.5,2056.0,2418.0,2331.0,345.5,124.5,329.0,355.5,224.5,395.0,1213.0,1614.0,1422.5,1599.5,0.0,0.0,0.0,0.0,0.0,0.0,0.0,0.0,0.0,0.0,2348.5,1101.0,377.0,629.0,422.0,1014.5,3597.5,4688.0,4497.5,4967.5,2226.0,1040.0,361.5,603.0,351.5,946.5,3288.5,4207.5,4107.0,4481.0,2116.0,988.5,260.0,554.5,351.5,976.0,3015.0,3699.0,3692.0,4132.0,2464.0,1363.0,401.5,733.5,631.5,1304.5,2630.0,3140.5,3192.5,3530.5,2895.5,1936.5,462.5,720.0,786.5,1269.0,2188.5,2592.5,2520.0,2874.5,1855.5,1220.5,1122.0,1053.0,930.0,1155.5,1507.5,1738.0,1965.5,1993.5,3099.0,2317.5,1563.5,1648.5,1640.0,2022.0,2629.0,2873.5,2852.5,3078.5,2778.0,1797.5,542.5,760.0,864.0,1242.0,1971.0,2227.5,2430.0,2502.5,5381.0,4872.5,5126.5,5408.5,5496.5,5861.0,5718.0,5684.5,5712.5,5696.5,1718.0,1159.5,363.5,526.5,553.0,820.0,1257.5,1366.5,1503.0,1514.0,2790.0,1881.0,564.5,812.0,927.5,1336.5,1892.0,2102.5,2382.5,2370.5,2813.5,1766.0,490.0,738.0,893.5,1262.5,1785.5,2043.5,2448.5,2379.5,2862.0,1834.5,543.5,810.5,951.0,1375.0,2039.5,2156.5,2491.5,2389.5,0.0,0.0,0.0,0.0,0.0,0.0,0.0,0.0,0.0,0.0,0.0,0.0,0.0,0.0,0.0,0.0,0.0,0.0,0.0,0.0,0.0,0.0,0.0,0.0,0.0,0.0,0.0,0.0,0.0,0.0,0.0,0.0,0.0,0.0,0.0,0.0,0.0,0.0,0.0,0.0,602.5,410.5,6685.5,6746.5,6787.5,5981.5,6297.0,5829.5,6587.0,5556.0,2480.0,1725.0,631.0,842.0,989.5,1334.5,1688.0,1891.5,2141.0,2136.0,0.0,0.0,0.0,0.0,0.0,0.0,0.0,0.0,0.0,0.0,2550.5,1781.5,655.5,883.0,1247.0,1423.0,1555.0,1713.5,2013.5,1992.0,2663.5,1886.5,708.5,970.0,1335.5,1580.0,1747.0,1896.5,2184.0,2179.0,"{""type"":""MultiPoint"",""coordinates"":[]}"
582,5,2621.0,1850.0,1009.0,1232.0,1623.0,1901.0,1954.0,2080.0,2315.0,2313.0,4148.0,3222.0,1506.0,1767.0,2166.0,2421.0,2519.0,2637.0,2807.0,2873.0,1421.5,931.0,596.5,718.0,939.5,1039.0,1125.0,1159.5,1327.0,1325.0,2529.5,2044.0,971.5,1147.0,1418.5,1570.0,1628.5,1741.0,1926.0,1923.5,2812.0,2192.0,918.0,1132.0,1420.0,1579.0,1677.0,1815.0,1968.0,2008.0,3242.0,3073.0,2116.0,2402.0,2232.0,2157.0,2300.0,2664.0,3133.0,3120.0,0.0,0.0,0.0,0.0,0.0,0.0,0.0,0.0,0.0,0.0,3486.0,2891.0,1131.0,1393.0,1529.0,1923.0,2321.0,2514.0,2488.0,2739.0,2975.0,2355.0,808.0,1091.0,1209.0,1603.0,2012.0,2134.0,2340.0,2371.0,3079.0,2566.0,1024.0,1253.0,1541.0,1776.0,1995.0,2122.0,2174.0,2305.0,2667.0,1803.0,1632.5,1712.5,1713.5,2050.5,2595.0,2827.0,2643.0,2937.5,3611.0,2660.0,1300.0,1559.0,2008.0,2242.0,2318.0,2453.0,2653.0,2681.0,3276.5,2524.0,970.0,1236.5,1396.5,1843.0,2278.5,2498.0,2489.5,2668.0,3403.0,2592.0,950.0,1234.0,1375.0,1925.0,2526.0,2831.0,2857.0,3002.0,3385.0,2388.0,919.0,1192.0,1230.0,1815.0,2831.0,3263.0,3174.0,3536.0,2583.0,1376.0,462.0,760.0,501.0,1136.0,3773.0,4512.0,4357.0,4678.0,2211.0,1154.0,362.0,593.0,349.0,905.0,3477.0,4482.0,4578.0,4603.0,1878.5,887.0,293.5,498.5,261.0,733.5,3394.5,4408.5,4377.0,4594.0,2117.0,980.0,312.0,520.0,266.0,799.0,3752.0,4623.0,4743.0,4861.0,2139.0,995.5,394.5,795.0,370.0,1297.5,4023.0,4624.5,4631.5,4833.0,2513.0,1274.0,464.0,1031.0,640.0,1777.0,3337.0,3790.0,3986.0,4133.0,3003.0,2142.5,511.0,803.0,1036.0,1398.0,1683.5,1890.5,2100.5,2308.5,1008.0,847.0,679.0,695.0,810.0,882.0,905.0,951.0,1035.0,1042.0,3443.0,2617.0,801.0,992.0,1377.0,1611.0,1687.0,1886.0,2134.0,2178.0,2832.0,1936.0,768.0,943.0,1330.0,1536.0,1662.0,1834.0,2112.0,2106.0,2263.5,1525.5,552.5,716.0,1023.5,1143.5,1295.5,1411.5,1621.5,1628.5,2906.5,2237.5,707.0,875.0,1149.5,1306.0,1424.5,1553.0,1721.5,1751.5,0.0,0.0,0.0,0.0,0.0,0.0,0.0,0.0,0.0,0.0,1010.0,550.0,477.0,526.0,631.0,751.0,852.0,990.0,1116.0,1124.0,0.0,0.0,0.0,0.0,0.0,0.0,0.0,0.0,0.0,0.0,1064.0,1085.0,9842.0,9524.0,9566.0,9619.0,9338.0,8995.0,9486.0,8730.0,2417.0,1728.0,1700.0,1931.5,2376.5,2665.0,2655.0,2773.0,2893.5,2909.5,2703.0,1971.0,1078.0,1302.0,1667.0,1912.0,1953.0,2066.0,2243.0,2305.0,2670.0,1998.5,1139.0,1347.5,1654.0,1854.0,1940.5,2033.0,2247.5,2244.0,2604.0,1874.0,1051.0,1304.0,1628.0,1846.0,1942.0,2018.0,2226.0,2206.0,2858.0,2425.0,1320.0,1400.0,1707.0,1971.0,2009.0,2155.0,2322.0,2392.0,"{""type"":""MultiPoint"",""coordinates"":[]}"
593,5,1631.5,1187.0,407.0,497.5,680.5,775.0,816.0,892.5,1034.5,1056.5,2798.0,2385.0,872.0,1125.0,1372.0,1586.0,1681.0,1772.0,1859.0,1919.0,1579.0,1091.0,574.5,700.0,833.0,961.0,1018.0,1103.5,1192.5,1220.5,1688.0,1163.0,661.5,825.5,1026.0,1180.5,1252.5,1280.0,1428.0,1448.5,0.0,0.0,0.0,0.0,0.0,0.0,0.0,0.0,0.0,0.0,2631.5,2213.0,835.0,1026.5,1251.0,1427.5,1596.5,1767.5,1766.0,1932.0,0.0,0.0,0.0,0.0,0.0,0.0,0.0,0.0,0.0,0.0,3302.5,2961.0,1048.5,1372.5,1639.5,1872.5,2029.0,2186.5,2264.0,2341.0,3212.5,2647.5,894.5,1213.5,1452.0,1763.0,2014.5,2213.5,2180.0,2380.0,3176.5,2655.0,829.5,1125.0,1310.5,1615.5,2225.0,2426.5,2468.5,2599.0,2949.5,2074.0,682.0,931.5,901.0,1343.5,2817.5,3331.0,3274.5,3461.0,1801.5,1506.0,449.5,556.5,724.0,808.5,863.0,938.5,1067.5,1069.0,3002.5,1590.5,668.0,854.0,558.5,1108.0,4092.5,5198.5,4942.0,5314.0,2243.5,1086.0,439.5,575.5,361.5,753.0,3478.5,4623.5,4609.0,4771.0,2470.5,1050.0,604.5,767.5,438.0,862.0,3964.5,5698.5,5434.5,6116.5,2073.0,1026.0,372.0,438.0,339.5,734.5,3191.5,4419.5,4028.5,4694.5,1976.0,856.5,274.5,447.0,251.0,701.0,3349.5,4418.0,4537.5,4686.0,0.0,0.0,0.0,0.0,0.0,0.0,0.0,0.0,0.0,0.0,2302.0,1291.5,635.0,1041.5,903.5,1831.5,3178.5,3545.5,3703.5,3894.0,2811.5,2185.5,630.0,778.5,974.0,1209.0,1405.5,1491.5,1580.5,1779.0,2603.5,2159.5,575.5,740.0,993.5,1161.0,1255.0,1384.0,1521.0,1572.5,2702.0,2444.0,751.0,931.5,1233.5,1389.5,1457.5,1579.5,1663.0,1713.0,0.0,0.0,0.0,0.0,0.0,0.0,0.0,0.0,0.0,0.0,1854.0,1558.0,581.5,739.0,888.0,1021.0,1118.5,1243.0,1265.0,1370.5,0.0,0.0,0.0,0.0,0.0,0.0,0.0,0.0,0.0,0.0,1452.0,925.0,259.0,468.5,485.5,775.5,1169.0,1278.0,1390.0,1397.5,1676.0,1028.0,336.5,617.0,567.0,941.5,1628.5,1776.0,1908.5,1881.0,0.0,0.0,0.0,0.0,0.0,0.0,0.0,0.0,0.0,0.0,1719.0,1062.0,375.0,625.0,465.0,925.0,1948.0,2212.0,2414.5,2269.5,0.0,0.0,0.0,0.0,0.0,0.0,0.0,0.0,0.0,0.0,1057.0,1115.5,10177.0,10016.0,10056.5,10219.5,9920.5,9557.0,9979.5,9215.0,4006.0,3071.0,4667.5,4339.0,4097.5,4226.0,4142.5,4089.0,4593.5,3991.0,1952.0,1456.0,522.0,651.0,858.0,970.5,1022.0,1117.0,1275.5,1271.5,1765.0,1323.5,506.0,661.0,827.5,914.0,963.0,1069.0,1187.0,1180.5,1207.0,859.0,432.5,563.0,727.5,824.5,815.5,900.0,985.0,993.0,333.0,226.5,544.0,576.5,494.0,526.5,349.0,286.0,336.5,203.5,"{""type"":""MultiPoint"",""coordinates"":[]}"
606,3,53.0,46.5,915.0,1358.5,1405.0,1513.0,939.5,860.0,770.0,515.0,2355.5,1463.0,902.0,1253.5,1462.0,1902.5,2027.5,2196.0,2276.5,2361.0,599.0,374.5,661.0,979.0,1096.5,1544.0,1446.5,1560.0,1547.5,1522.0,1728.0,1329.0,918.0,1190.0,1283.0,1758.0,1990.0,2153.0,1950.0,2314.0,2654.0,1641.0,954.0,1314.0,1448.0,1964.0,2218.0,2386.0,2575.0,2633.0,4868.0,3875.0,1643.0,2049.0,2265.0,2903.0,3695.0,4117.0,4139.0,4424.0,2745.0,2282.0,2632.0,2714.0,2693.0,3110.0,3275.0,3416.0,3364.0,3389.0,3961.0,2909.0,1627.5,2032.5,2168.5,2828.5,3075.0,3342.5,3417.5,3567.0,2547.5,2051.5,1161.5,1474.5,1582.0,2005.5,2135.5,2336.0,2378.5,2426.5,467.0,333.0,494.0,720.0,547.0,933.0,1027.0,1091.0,979.0,871.0,1520.0,962.0,2149.0,1908.0,1540.0,1662.0,2423.0,3039.0,2793.0,3040.0,175.0,153.0,740.0,1024.0,900.0,1048.0,710.0,715.0,663.0,528.0,1445.0,695.0,502.0,660.0,447.0,857.0,2383.0,3465.0,3107.0,3489.0,1388.0,645.0,426.0,525.5,302.0,657.5,2526.5,4144.5,3985.0,4276.5,1281.0,578.0,311.0,305.0,179.0,473.0,2352.0,3851.0,3655.0,4058.0,1429.0,657.0,318.0,640.0,316.0,946.0,3057.0,4488.0,4308.0,4740.0,1680.0,806.0,288.0,655.0,307.0,1050.0,3312.0,4654.0,4788.0,4979.0,1731.5,988.0,671.5,942.0,708.0,1342.0,3041.5,3855.5,3839.5,4124.0,1727.0,880.5,368.0,736.0,452.0,1234.5,3105.0,3790.0,4014.5,4221.5,2072.5,1178.0,546.0,895.5,823.0,1603.5,2633.5,3000.5,3054.0,3400.0,2782.0,1768.0,689.0,1007.0,1326.0,1778.0,2046.0,2357.0,2528.0,2741.0,2646.0,1775.0,661.0,942.0,1293.0,1591.0,1790.0,1940.0,2083.0,2233.0,1073.0,889.5,1220.0,1274.0,1191.0,1205.5,1036.5,1000.0,1272.0,964.0,2086.0,1475.0,633.0,892.0,1231.0,1462.0,1561.0,1739.0,1859.0,1926.0,791.0,536.0,448.0,626.0,869.0,1084.0,1065.0,1163.0,1226.0,1238.0,110.5,68.5,1434.0,2085.0,2668.0,3037.0,2899.0,2921.5,3033.5,2735.0,112.5,94.0,1080.5,1766.5,2192.5,2397.5,1817.0,1767.0,1622.5,1278.5,0.0,0.0,0.0,0.0,0.0,0.0,0.0,0.0,0.0,0.0,424.0,340.5,1360.5,1787.0,2093.0,2361.5,2024.5,2021.5,1937.0,1638.0,0.0,0.0,0.0,0.0,0.0,0.0,0.0,0.0,0.0,0.0,514.0,578.0,9006.0,8796.0,8678.0,8687.0,8141.0,7783.0,8174.0,7515.0,142.0,125.0,1252.0,1473.0,1455.5,1654.5,1395.5,1154.0,1030.0,994.5,65.0,69.0,638.0,882.5,752.5,819.0,424.5,425.5,342.0,264.0,212.0,171.5,898.0,1403.5,1346.0,1615.0,1151.5,1142.0,1038.5,792.0,160.5,142.5,649.0,1019.5,967.0,1109.0,856.0,867.0,818.5,649.0,993.0,561.0,1004.0,1425.0,1611.0,1953.0,1983.0,2119.0,2195.0,2243.0,"{""type"":""MultiPoint"",""coordinates"":[]}"
614,5,1522.0,1063.0,409.5,562.0,774.0,911.5,1001.0,1104.0,1250.0,1255.0,2967.0,2617.0,781.0,1064.0,1437.0,1633.0,1751.0,1886.0,1993.0,2029.0,1902.0,1292.0,581.0,729.0,980.0,1144.0,1251.0,1344.0,1467.0,1493.0,2509.0,2273.0,651.0,836.0,1140.0,1295.0,1411.0,1493.0,1557.0,1632.0,2109.0,1693.0,489.0,699.0,948.0,1093.0,1229.0,1342.0,1457.0,1510.0,4161.0,3426.0,2428.0,2402.0,2541.0,2912.0,3368.0,3538.0,3948.0,3788.0,2518.5,1722.5,1181.0,1320.5,1309.5,1743.5,2682.5,3000.5,2851.0,3171.0,2090.0,1418.0,760.0,979.0,1101.0,1370.0,1216.0,1330.0,1422.0,1551.0,2606.0,2091.5,841.5,981.0,1272.5,1434.0,1476.5,1596.5,1664.0,1777.0,3278.0,2793.0,847.0,1167.5,1453.0,1795.0,2148.0,2304.5,2337.0,2495.0,1367.0,809.0,469.0,649.0,682.0,1032.0,1534.0,1732.0,1732.0,1830.0,1918.0,1533.0,441.0,593.0,838.0,974.0,1079.0,1153.0,1277.0,1303.0,2503.5,1637.5,611.5,917.0,819.0,1399.0,2223.5,2452.5,2400.5,2643.0,2145.0,1285.0,431.0,804.0,583.0,1091.0,2458.0,2967.0,2976.0,3121.0,2034.0,1106.0,376.0,563.0,338.0,813.0,2878.0,3601.0,3534.0,3737.0,1897.0,854.0,431.0,595.0,382.0,851.0,3104.0,4174.0,4013.0,4272.0,1867.5,825.0,246.0,439.0,237.0,692.5,3207.5,4151.5,4223.5,4274.0,1165.0,506.5,268.5,366.0,192.0,508.5,2129.5,2718.5,2792.5,2840.5,1824.5,875.5,305.0,576.5,318.5,1029.5,3290.5,3945.0,4138.0,4184.0,2197.5,1270.0,471.5,859.5,682.0,1609.5,2628.5,2900.5,3019.5,3253.0,2948.0,2163.0,558.5,799.5,1029.0,1485.0,1770.0,2016.5,2182.5,2387.5,2297.0,1892.0,522.0,675.5,977.5,1145.0,1212.0,1341.0,1461.0,1548.5,1746.0,1249.0,479.0,619.0,828.0,980.0,1086.0,1195.0,1347.0,1335.0,1701.0,1412.5,381.5,507.5,708.0,811.5,863.0,940.0,1038.5,1067.0,2287.5,2225.5,978.0,1100.0,1307.5,1456.0,1490.0,1605.0,1490.0,1726.0,1399.0,1072.0,318.0,463.0,660.0,758.0,826.0,902.5,1032.5,1017.0,1863.0,1532.0,521.0,598.0,771.0,908.0,971.0,1036.0,1142.0,1185.0,0.0,0.0,0.0,0.0,0.0,0.0,0.0,0.0,0.0,0.0,1414.0,977.0,397.5,513.0,594.0,797.5,1012.5,1111.0,1185.0,1218.5,0.0,0.0,0.0,0.0,0.0,0.0,0.0,0.0,0.0,0.0,69.0,83.0,11186.0,10813.0,10601.0,10666.0,10128.0,9370.0,9526.0,8635.0,545.0,371.0,3224.0,3424.0,3641.0,3844.0,3711.0,3634.0,3729.0,3515.0,1885.0,1306.5,516.0,693.5,916.5,1110.5,1242.5,1340.0,1488.0,1486.5,2429.0,2024.0,593.0,842.0,1083.0,1292.0,1487.0,1584.0,1769.0,1765.0,1768.0,1181.0,449.0,633.0,784.0,1008.0,1231.0,1324.0,1458.0,1464.0,1649.0,1100.0,501.0,698.0,942.0,1122.0,1199.0,1305.0,1400.0,1452.0,"{""type"":""MultiPoint"",""coordinates"":[]}"
620,1,1919.0,1186.0,351.0,713.0,693.0,1496.0,2714.0,2990.0,3202.0,3117.0,2999.0,2154.0,600.0,912.0,1108.0,1617.0,2018.0,2210.0,2288.0,2410.0,0.0,0.0,0.0,0.0,0.0,0.0,0.0,0.0,0.0,0.0,2755.0,1929.0,509.0,776.0,722.0,1273.0,2067.0,2361.0,2435.0,2567.0,2540.0,1618.0,426.0,714.0,647.0,1181.0,2183.0,2471.0,2639.0,2628.0,0.0,0.0,0.0,0.0,0.0,0.0,0.0,0.0,0.0,0.0,2221.0,1042.0,699.0,843.0,573.0,1050.0,3503.0,4828.0,4820.0,5069.0,1763.0,892.0,419.0,532.0,368.0,695.0,2754.0,4611.0,4431.0,4876.0,2110.5,1158.5,265.5,460.5,316.0,770.5,2955.5,4548.0,4629.5,4862.0,2189.0,1096.0,558.0,683.0,463.0,948.0,2946.0,4513.0,4515.0,4858.0,2115.0,938.0,377.0,598.0,375.0,846.0,3294.0,4740.0,4769.0,5060.0,2135.0,1361.0,416.0,769.5,782.0,1585.5,2866.0,3181.0,3460.5,3393.0,1845.5,1065.5,1916.0,1796.5,1462.5,1825.0,2841.5,3406.5,3164.0,3500.0,0.0,0.0,0.0,0.0,0.0,0.0,0.0,0.0,0.0,0.0,495.0,273.0,259.0,286.0,281.0,392.0,553.0,678.0,684.0,756.0,2614.5,2000.5,376.0,516.0,723.5,982.0,1159.0,1325.0,1352.5,1656.5,2658.0,2005.0,298.0,462.0,717.0,929.0,1100.0,1295.0,1345.0,1625.0,4872.0,3447.0,1011.5,1429.5,2223.0,2701.5,2922.0,3244.0,3442.5,3823.5,4420.0,3378.5,807.5,1152.0,1762.5,2126.0,2326.5,2570.0,2697.0,2967.0,0.0,0.0,0.0,0.0,0.0,0.0,0.0,0.0,0.0,0.0,4125.0,3873.0,858.0,1249.0,1811.0,2096.0,2302.0,2482.0,2591.0,2838.0,3748.0,3089.0,795.0,1158.5,1665.5,2045.5,2285.5,2494.0,2696.5,2871.5,0.0,0.0,0.0,0.0,0.0,0.0,0.0,0.0,0.0,0.0,3129.0,2401.5,657.0,984.0,1358.0,1758.0,1996.0,2221.5,2455.5,2507.5,3183.0,2459.0,665.0,1003.0,1411.0,1787.0,2089.0,2312.0,2476.0,2591.0,2415.0,1848.0,437.0,691.0,1126.0,1333.0,1456.0,1622.0,1887.0,1915.0,3309.0,2862.0,629.0,960.0,1479.0,1778.0,1949.0,2111.0,2315.0,2425.0,0.0,0.0,0.0,0.0,0.0,0.0,0.0,0.0,0.0,0.0,0.0,0.0,0.0,0.0,0.0,0.0,0.0,0.0,0.0,0.0,3917.0,3770.0,3702.0,3514.0,3483.0,3647.0,3809.0,3864.0,4140.0,3910.0,0.0,0.0,0.0,0.0,0.0,0.0,0.0,0.0,0.0,0.0,274.0,213.0,7306.0,7412.0,7480.0,7895.0,7818.0,7603.0,7900.0,7163.0,1784.5,1031.0,444.5,716.5,678.5,1339.5,2300.5,2566.0,2865.5,2775.5,0.0,0.0,0.0,0.0,0.0,0.0,0.0,0.0,0.0,0.0,2342.5,1467.0,528.0,947.5,955.0,1793.5,2500.0,2794.5,3083.5,3077.0,2695.5,1813.5,543.5,894.0,1078.0,1643.5,2093.0,2320.0,2558.0,2624.5,"{""type"":""MultiPoint"",""coordinates"":[]}"
624,3,2040.5,1238.0,655.0,937.0,1151.0,1461.0,1628.0,1831.0,2026.0,2002.5,4427.5,3845.5,1256.5,1727.0,2110.0,2557.5,2722.5,2793.0,2993.0,3081.0,1619.0,997.5,686.5,903.5,1134.0,1397.0,1460.0,1573.5,1669.5,1741.0,2527.0,1740.0,2112.0,2143.5,2278.5,2551.0,2580.0,2708.5,2854.0,2815.5,0.0,0.0,0.0,0.0,0.0,0.0,0.0,0.0,0.0,0.0,4135.0,3773.5,2529.0,2833.0,3349.5,3767.5,3739.5,3785.0,3232.5,3899.0,0.0,0.0,0.0,0.0,0.0,0.0,0.0,0.0,0.0,0.0,3890.0,3550.0,1269.0,1625.0,1943.0,2301.5,2387.0,2607.5,2643.5,2686.5,760.0,438.5,221.5,333.5,267.0,530.0,1030.0,1290.5,862.5,1403.0,1577.5,777.5,361.0,603.5,338.5,853.0,2470.0,3052.5,2860.0,3169.0,2117.5,1007.5,458.0,633.5,315.0,829.5,3155.0,4563.5,4434.0,4764.0,2145.5,1493.5,660.5,894.5,1123.5,1373.0,1561.0,1633.0,1816.5,1882.5,1894.0,863.5,297.5,452.5,191.0,628.5,2993.0,4890.0,4702.0,5106.0,1706.5,764.5,364.0,488.5,250.0,606.0,2849.5,4767.5,4772.0,4992.0,0.0,0.0,0.0,0.0,0.0,0.0,0.0,0.0,0.0,0.0,1714.0,797.5,375.0,638.0,338.5,1018.0,3342.5,4897.5,4701.0,5255.5,1734.0,824.0,360.0,725.0,363.5,1172.0,3482.0,4667.0,4778.5,4923.5,0.0,0.0,0.0,0.0,0.0,0.0,0.0,0.0,0.0,0.0,1968.0,1034.5,475.5,927.0,673.0,1705.0,3281.5,3911.5,4219.0,4329.5,2346.0,1373.0,551.5,942.0,991.0,1830.0,2537.5,2828.5,2987.5,3266.0,2845.0,2045.5,671.5,956.0,1308.5,1675.0,1899.0,2076.5,2302.0,2377.0,7735.0,6824.5,5212.5,5436.0,5776.0,6382.5,6475.5,6615.0,6836.5,6868.0,0.0,0.0,0.0,0.0,0.0,0.0,0.0,0.0,0.0,0.0,3244.5,2345.5,764.5,1092.5,1560.5,1831.0,1940.0,2127.0,2337.5,2409.5,4984.5,4887.5,5014.5,4713.5,4694.0,5097.0,4846.5,4943.0,5484.5,5000.0,2188.5,1432.0,608.0,910.0,1348.5,1568.0,1680.0,1785.5,2060.5,2051.0,2126.0,1438.0,646.5,976.0,1388.0,1649.5,1681.0,1863.5,2000.0,2093.0,4073.0,3990.0,4277.0,4331.0,4433.0,4724.0,4734.0,4764.0,5017.0,4799.0,2012.5,1387.0,716.5,937.0,1279.0,1477.5,1595.5,1669.0,1886.5,1947.0,0.0,0.0,0.0,0.0,0.0,0.0,0.0,0.0,0.0,0.0,1115.5,1197.0,10664.0,10294.5,10260.5,10469.0,10145.5,9755.5,10109.0,9418.5,1980.0,1232.0,684.0,901.0,1142.0,1394.5,1476.0,1643.0,1746.0,1870.5,2310.0,1562.5,689.0,965.0,1186.5,1486.0,1633.5,1791.0,1944.0,2005.5,0.0,0.0,0.0,0.0,0.0,0.0,0.0,0.0,0.0,0.0,2069.5,1285.0,631.0,949.0,986.0,1490.5,1969.0,2215.5,2375.5,2351.5,3015.5,2470.0,1626.5,1818.0,1781.5,2270.0,2508.5,2661.0,3099.5,2837.5,"{""type"":""MultiPoint"",""coordinates"":[]}"
639,5,2184.0,1478.0,571.0,705.0,937.0,1141.0,1239.0,1364.0,1576.0,1599.0,3751.0,3225.5,964.5,1182.5,1505.5,1717.5,1830.5,1988.5,2157.0,2233.5,2300.5,1529.0,631.0,733.5,963.5,1150.5,1242.0,1382.5,1500.0,1625.0,2410.0,1536.0,775.0,950.0,1237.0,1461.0,1610.0,1754.0,1943.0,1992.0,0.0,0.0,0.0,0.0,0.0,0.0,0.0,0.0,0.0,0.0,3961.0,2795.0,1495.0,1797.0,2001.0,2596.0,3104.0,3352.0,3311.0,3627.0,0.0,0.0,0.0,0.0,0.0,0.0,0.0,0.0,0.0,0.0,3197.0,2311.0,587.0,870.0,808.0,1341.0,2553.0,2987.0,3082.0,3199.0,2738.0,1575.0,350.0,621.0,540.0,1051.0,2639.0,3120.0,3112.0,3438.0,2708.0,1765.0,432.0,667.0,548.0,1044.0,2708.0,3348.0,3524.0,3630.0,0.0,0.0,0.0,0.0,0.0,0.0,0.0,0.0,0.0,0.0,2976.0,2476.0,661.0,799.0,1072.0,1232.0,1366.0,1492.0,1699.0,1639.0,2251.0,1035.0,356.0,522.0,272.0,781.0,3723.0,5334.0,5235.0,5545.0,1993.0,935.0,452.0,577.0,352.0,770.0,3242.0,4540.0,4597.0,4681.0,0.0,0.0,0.0,0.0,0.0,0.0,0.0,0.0,0.0,0.0,1889.5,974.0,421.5,643.0,433.5,975.5,2775.5,3407.0,3459.5,3618.0,2357.5,1358.5,403.5,734.5,589.0,1296.0,2696.5,3146.5,3355.0,3476.5,0.0,0.0,0.0,0.0,0.0,0.0,0.0,0.0,0.0,0.0,3525.5,2758.0,683.0,868.0,1237.5,1466.5,1588.0,1753.5,1952.0,2083.0,2656.0,1865.0,1554.0,1604.0,1642.0,1917.0,2069.0,2161.0,2229.0,2244.0,3576.5,2820.5,754.0,928.5,1226.5,1453.5,1671.5,1817.5,2005.0,2060.0,3602.0,2840.0,792.0,969.0,1231.0,1506.0,1745.0,1903.0,2075.0,2124.0,0.0,0.0,0.0,0.0,0.0,0.0,0.0,0.0,0.0,0.0,3522.0,2637.0,743.0,925.0,1225.0,1462.0,1606.0,1739.0,1960.0,1986.0,0.0,0.0,0.0,0.0,0.0,0.0,0.0,0.0,0.0,0.0,1707.0,976.0,346.0,479.0,728.0,906.0,1013.0,1093.0,1296.0,1398.0,3633.0,2685.5,799.0,1024.0,1343.5,1627.5,1719.0,1894.0,2051.5,2148.0,0.0,0.0,0.0,0.0,0.0,0.0,0.0,0.0,0.0,0.0,2509.0,1809.0,597.0,702.0,921.0,1124.0,1218.0,1386.0,1540.0,1533.0,0.0,0.0,0.0,0.0,0.0,0.0,0.0,0.0,0.0,0.0,988.0,1072.0,11194.0,10706.0,10569.0,10648.0,10279.0,9911.0,10306.0,9527.0,0.0,0.0,0.0,0.0,0.0,0.0,0.0,0.0,0.0,0.0,3023.0,2227.0,600.0,801.0,1077.0,1335.0,1442.0,1592.0,1786.0,1849.0,3285.0,2611.0,753.0,941.0,1203.0,1425.0,1518.0,1681.0,1898.0,1902.0,2352.0,1588.0,534.0,674.0,920.0,1142.0,1265.0,1392.0,1578.0,1651.0,3614.0,2849.5,988.0,1149.5,1448.0,1677.0,1766.0,1929.5,2088.0,2183.5,"{""type"":""MultiPoint"",""coordinates"":[]}"
654,3,1676.0,1111.0,710.0,967.0,1240.0,1511.0,1622.0,1802.0,1958.0,1977.0,4027.0,3609.0,1136.0,1501.0,1926.0,2174.0,2347.0,2531.0,2670.0,2801.0,2188.0,1413.0,738.0,971.0,1244.0,1611.0,1682.0,1848.0,1938.5,2067.5,2648.0,1820.0,849.0,1113.0,1416.0,1727.0,1872.0,2054.0,2187.0,2248.0,0.0,0.0,0.0,0.0,0.0,0.0,0.0,0.0,0.0,0.0,5663.0,5082.0,1789.0,2263.0,2736.0,3165.0,3477.0,3721.0,3865.0,3990.0,0.0,0.0,0.0,0.0,0.0,0.0,0.0,0.0,0.0,0.0,4432.0,3729.0,1095.0,1582.0,1698.0,2244.0,3211.0,3670.0,3815.0,3991.0,0.0,0.0,0.0,0.0,0.0,0.0,0.0,0.0,0.0,0.0,2150.0,1056.0,748.0,891.5,536.0,1065.0,3609.0,5152.5,5163.0,5413.0,1889.0,1074.0,599.0,779.0,613.0,1108.0,3125.0,4525.0,4067.0,4555.0,2759.0,2096.0,829.0,1094.0,1445.0,1765.0,1886.0,2047.0,2201.0,2189.0,1750.0,817.0,350.0,520.0,310.0,714.0,2850.0,4489.0,4670.0,4799.0,1776.0,880.0,456.0,592.0,385.0,839.0,2779.0,4254.0,4556.0,4567.0,1687.0,925.0,411.0,681.0,365.0,1074.0,2868.0,3941.0,3999.0,4280.0,2583.0,1631.0,1803.0,1870.0,1552.0,2195.5,3668.5,4319.0,4511.5,4445.5,2035.5,1133.5,454.5,847.5,599.0,1365.5,3091.0,3767.0,4035.0,4200.5,0.0,0.0,0.0,0.0,0.0,0.0,0.0,0.0,0.0,0.0,2271.5,1424.5,568.0,871.5,1089.0,1548.5,2150.0,2492.5,2763.5,2892.5,1806.0,1221.0,1061.0,1048.0,1009.0,1270.0,1533.0,1729.0,1646.0,1925.0,2550.0,1596.0,545.5,835.0,997.5,1425.5,2070.0,2479.0,2641.5,2699.5,2768.0,1810.0,629.0,911.0,1074.0,1527.0,2237.0,2567.0,2725.0,2892.0,0.0,0.0,0.0,0.0,0.0,0.0,0.0,0.0,0.0,0.0,3396.0,2338.0,1022.0,1442.0,1923.0,2309.0,2620.0,2909.0,3143.0,3199.0,0.0,0.0,0.0,0.0,0.0,0.0,0.0,0.0,0.0,0.0,2068.0,1276.0,759.0,1115.0,1667.0,1928.0,2070.0,2258.0,2604.0,2611.0,3004.0,2261.5,1455.5,1692.5,2003.0,2262.5,2346.0,2520.5,2820.0,2731.0,0.0,0.0,0.0,0.0,0.0,0.0,0.0,0.0,0.0,0.0,2062.0,1397.0,688.0,905.0,1256.0,1487.0,1587.0,1772.0,1975.0,2032.0,0.0,0.0,0.0,0.0,0.0,0.0,0.0,0.0,0.0,0.0,894.0,964.0,11040.0,10548.0,10433.0,10462.0,10164.0,9777.0,10154.0,9356.0,0.0,0.0,0.0,0.0,0.0,0.0,0.0,0.0,0.0,0.0,2605.0,1778.0,764.0,1045.0,1328.0,1600.0,1753.0,1864.0,2090.0,2145.0,3190.0,2276.0,926.0,1251.0,1556.0,1967.0,2139.0,2313.0,2530.0,2627.0,2289.0,1550.0,666.0,948.0,1228.0,1646.0,1901.0,2042.0,2211.0,2245.0,2851.0,1750.0,1042.0,1267.0,1580.0,1950.0,2230.0,2485.0,2498.0,2746.0,"{""type"":""MultiPoint"",""coordinates"":[]}"
692,176,1481.0,1058.0,475.5,617.0,794.5,994.0,1159.0,1273.5,1495.0,1485.0,2252.5,1504.5,572.0,843.0,779.5,1358.0,2434.0,2764.0,2927.0,3006.0,2231.0,1468.0,513.0,829.0,752.0,1358.0,2549.0,2886.0,3049.0,3105.0,2958.5,2095.5,1677.5,2042.0,1814.5,2462.5,3861.0,4214.0,4148.5,4368.5,2655.0,1684.0,619.0,1042.0,906.0,1656.0,2923.0,3181.0,3374.0,3533.0,2251.0,1540.0,1220.0,1315.0,1199.0,1628.0,2518.0,2760.0,2679.0,3003.0,2426.0,1203.0,669.0,942.0,549.0,1206.0,3651.0,4815.0,4561.0,5007.0,2500.5,1253.0,480.0,869.5,498.5,1197.5,3703.0,4869.0,4649.0,5083.5,1868.5,911.5,442.5,701.0,427.0,953.0,2890.0,3503.5,3655.0,3834.5,1693.0,824.0,441.0,658.0,462.0,1024.0,2031.0,2487.0,3166.0,2658.0,2521.0,1202.0,459.0,863.0,466.0,1185.0,4055.0,5016.0,5041.0,5379.0,2003.0,1491.0,495.0,703.0,994.0,1113.0,1313.0,1494.0,1781.0,1684.0,2075.0,917.0,567.0,658.0,486.0,1049.0,3540.0,4470.0,4429.0,4967.0,2451.0,1695.0,685.0,842.5,1012.0,1405.5,1845.5,2160.0,2072.5,2530.0,3657.5,2327.0,723.5,1066.5,1263.5,1876.0,2729.0,3144.0,3266.5,3662.0,3199.0,2211.5,1449.5,1716.5,1576.5,2075.5,3090.0,3462.5,3516.5,3768.5,3258.0,2069.0,553.0,850.0,958.0,1466.0,2472.0,2790.0,2858.0,3215.0,3804.0,2670.0,744.0,1004.0,1306.0,1823.0,2427.0,2791.0,2887.0,3199.0,3503.0,2352.0,823.5,1053.5,1233.5,1722.5,2525.0,2924.0,2997.5,3329.0,2998.0,1843.0,518.0,778.0,774.0,1255.0,2552.0,2953.0,2988.0,3275.0,2942.0,1843.0,518.0,727.0,774.0,1191.0,2421.0,2846.0,3019.0,3154.0,2769.0,1849.0,690.0,944.0,923.5,1418.5,2577.0,2973.5,2974.5,3283.5,2864.0,2166.0,685.0,945.0,1315.0,1576.0,1883.0,2180.0,2516.0,2516.0,2642.5,1572.5,474.0,783.5,726.5,1317.0,2730.5,3135.0,3445.5,3474.5,2604.5,1577.0,500.5,778.0,744.0,1337.0,2640.0,3038.5,3333.5,3385.0,2790.0,1644.0,464.0,782.0,795.0,1435.0,2621.0,2981.0,3258.0,3340.0,2776.0,1834.0,594.0,971.0,1070.0,1802.0,2796.0,2999.0,3203.0,3404.0,2684.0,1805.0,856.0,1166.0,998.0,1793.0,2796.0,2979.0,3180.0,3159.0,2707.5,1625.5,638.5,997.5,844.5,1610.5,3005.5,3399.0,3486.5,3699.5,2746.5,2141.0,1061.5,1235.5,1474.0,1773.5,2137.5,2327.0,2487.5,2538.0,896.0,631.0,3390.0,3640.0,3977.0,3777.0,4219.0,4062.0,4334.0,4035.0,1391.0,978.0,334.0,504.0,717.0,898.0,1221.0,1365.0,1445.0,1647.0,1391.0,978.0,446.0,441.0,609.0,780.0,967.0,1123.0,1184.0,1285.0,4183.0,3196.0,2653.0,2681.0,2609.0,3139.0,3795.0,4075.0,4515.0,4276.0,2477.5,1681.5,601.0,902.0,1035.0,1516.5,2216.0,2439.5,2602.0,2640.5,2335.0,1687.0,568.0,857.0,924.0,1411.0,2319.0,2642.0,2805.0,2907.0,"{""type"":""MultiPoint"",""coordinates"":[]}"
696,2,2218.5,1643.5,576.0,816.5,1164.5,1321.0,1440.0,1577.0,1790.5,1763.5,3472.5,2771.5,906.5,1364.0,1632.5,2480.5,3315.5,3580.0,3685.5,3816.0,2210.0,1400.0,598.0,863.0,1003.0,1676.0,2293.0,2490.0,2653.0,2716.0,3329.0,2676.0,803.0,1181.0,1467.5,2009.5,2615.5,2899.5,3110.5,3153.5,3085.5,2337.0,713.0,1068.0,1324.0,1889.5,2405.0,2641.0,2819.0,2901.5,4851.0,4704.0,1328.0,1878.0,2674.0,3000.0,3162.0,3360.0,3590.0,3681.0,0.0,0.0,0.0,0.0,0.0,0.0,0.0,0.0,0.0,0.0,4678.5,4407.5,1451.5,1887.0,2305.0,2878.5,3283.5,3612.0,3594.0,3859.5,3629.0,3161.0,849.0,1230.5,1694.5,2049.0,2406.5,2638.5,2710.5,2870.0,4667.0,4073.0,1176.0,1651.0,2161.0,2769.0,3478.0,3860.0,3830.0,4145.0,3945.0,2945.0,1016.0,1496.0,1707.0,2477.0,3941.0,4428.0,4433.0,4622.0,3211.0,2793.0,849.0,1159.0,1627.0,1859.0,1950.0,2132.0,2395.0,2306.0,2665.0,1679.0,624.0,908.0,792.0,1362.0,3788.0,4628.0,4516.0,4877.0,3069.0,1800.0,782.0,1028.0,791.0,1472.0,4310.0,5418.0,5346.0,5644.0,2992.0,1628.0,638.0,955.0,702.0,1572.0,4708.0,5841.0,5556.0,5933.0,2231.0,965.0,452.0,704.0,379.0,1133.0,4650.0,5972.0,5795.0,6175.0,2285.0,999.0,402.5,693.0,379.5,1115.5,4586.5,5858.0,5789.5,6174.0,2296.5,1698.5,1107.5,1332.5,1212.0,1650.0,3581.0,4301.0,4245.5,4478.0,1968.0,830.5,357.0,600.0,326.0,1061.5,4352.0,5336.5,5328.5,5674.0,3182.5,2293.5,2722.0,2768.5,2598.0,3261.5,4699.0,5207.0,4952.5,5418.5,2480.0,1424.5,594.5,787.0,895.5,1488.5,2315.5,2718.0,3013.5,3246.0,2884.0,1997.0,788.0,945.0,1138.0,1451.0,1786.0,1998.0,2381.0,2429.0,3371.0,2935.0,2374.5,2381.5,2533.0,2770.0,2793.5,2840.5,3191.5,2922.0,2737.5,1946.5,836.0,998.5,1171.5,1473.5,1754.0,2008.0,2232.5,2397.5,2082.0,1365.5,731.0,841.5,998.5,1271.5,1510.0,1719.0,1992.0,2128.0,2332.5,1489.0,592.0,775.0,1031.0,1298.5,1546.0,1762.0,2125.0,2173.5,2746.0,1871.0,544.0,773.0,1159.0,1421.0,1660.0,1843.0,2163.0,2292.0,0.0,0.0,0.0,0.0,0.0,0.0,0.0,0.0,0.0,0.0,2182.0,1434.0,505.0,699.0,787.0,1113.0,1555.0,1742.0,1993.0,2021.0,0.0,0.0,0.0,0.0,0.0,0.0,0.0,0.0,0.0,0.0,334.0,357.0,9690.0,9820.0,9922.0,10117.0,9737.0,9229.0,9612.0,8834.0,220.0,167.0,3049.0,3434.0,3940.0,4078.0,3490.0,3424.0,3848.0,3395.0,2502.0,1955.0,673.0,942.0,1294.0,1537.0,1730.0,1883.0,2071.0,2061.0,4289.0,3884.0,1226.0,1754.0,2259.0,2726.0,3280.0,3434.0,3837.0,3708.0,2363.0,1655.0,613.5,923.0,1040.0,1496.0,2078.0,2259.5,2417.0,2411.5,2214.0,1412.0,556.0,917.0,948.0,1665.0,2493.0,2700.0,2805.0,2785.0,"{""type"":""MultiPoint"",""coordinates"":[]}"
701,3,1511.0,965.5,345.0,535.0,673.0,948.0,1236.0,1317.5,1499.5,1471.0,2826.0,2375.0,667.0,899.0,1204.5,1456.5,1569.0,1730.5,1793.5,1911.0,0.0,0.0,0.0,0.0,0.0,0.0,0.0,0.0,0.0,0.0,3885.0,3402.5,2708.5,2806.5,2932.0,3265.0,3238.5,3252.5,3412.0,3342.5,1917.5,1209.5,542.5,759.0,995.0,1239.0,1405.5,1501.0,1622.5,1670.5,2147.0,1283.0,609.5,850.0,1072.0,1399.0,1540.0,1693.5,1740.5,1888.0,0.0,0.0,0.0,0.0,0.0,0.0,0.0,0.0,0.0,0.0,3374.0,2838.5,794.0,1089.5,1294.5,1720.5,2167.0,2439.5,2444.0,2625.0,2563.0,1910.5,514.0,829.5,882.0,1322.5,1930.0,2137.0,2254.5,2343.0,4454.5,3514.0,3161.5,3123.0,3117.5,3549.5,3918.0,4059.5,3962.0,4259.5,971.0,523.5,421.5,663.0,439.0,1039.5,2132.0,2594.5,2435.5,2546.5,1731.0,1183.5,361.0,523.5,665.5,928.0,1256.5,1359.0,1554.5,1502.0,0.0,0.0,0.0,0.0,0.0,0.0,0.0,0.0,0.0,0.0,1422.0,648.5,395.5,527.0,267.5,683.0,2718.0,4218.0,4196.0,4441.5,1467.5,688.5,422.5,561.0,291.0,761.0,3037.5,4705.5,4518.5,4941.5,1597.0,871.0,459.0,628.5,413.0,913.5,2909.5,4223.0,4109.0,4467.0,1273.0,581.0,251.0,486.0,242.0,808.0,2724.0,3772.5,3715.5,4071.5,1368.0,677.0,337.5,648.0,407.0,1128.5,3013.5,3852.5,3983.5,4177.0,1513.0,778.5,426.0,762.5,607.0,1362.5,2867.0,3416.0,3505.5,3793.0,1672.0,899.5,554.5,874.5,770.0,1513.5,2666.0,3067.0,3107.5,3455.0,1407.5,817.5,491.0,713.0,673.5,1151.0,1755.5,1966.0,2017.5,2212.0,2852.5,2002.0,1354.0,1663.0,1900.0,2351.0,2740.0,2965.5,3008.0,3312.0,0.0,0.0,0.0,0.0,0.0,0.0,0.0,0.0,0.0,0.0,2544.5,1626.0,668.0,1068.0,1423.0,2078.0,2566.0,2851.5,3117.0,3294.0,3202.0,2169.5,942.5,1309.5,1952.0,2364.5,2563.5,2778.0,3014.0,3162.0,2605.0,1777.0,850.5,1185.5,1775.5,2088.0,2247.0,2459.0,2691.0,2795.5,1657.5,1185.5,1834.5,1849.5,2008.5,2173.5,2196.0,2307.0,2423.5,2476.5,0.0,0.0,0.0,0.0,0.0,0.0,0.0,0.0,0.0,0.0,0.0,0.0,0.0,0.0,0.0,0.0,0.0,0.0,0.0,0.0,1926.0,1255.5,429.5,655.0,801.5,1139.0,1598.0,1714.0,1920.5,1850.5,0.0,0.0,0.0,0.0,0.0,0.0,0.0,0.0,0.0,0.0,99.0,83.0,3424.0,3539.0,3551.5,3999.0,3788.0,3720.0,3679.5,3310.0,1894.5,1130.5,431.5,705.5,788.5,1184.0,1643.5,1806.0,2045.5,1999.0,0.0,0.0,0.0,0.0,0.0,0.0,0.0,0.0,0.0,0.0,2098.0,1347.0,524.5,762.0,1071.0,1335.5,1513.0,1658.0,1861.0,1894.5,2947.5,2305.5,893.0,1143.5,1464.0,1751.5,1953.0,2083.0,2272.0,2283.5,"{""type"":""MultiPoint"",""coordinates"":[]}"
704,5,1755.0,1150.0,651.0,817.0,1205.0,1387.0,1509.0,1664.0,1945.0,1946.0,3529.0,2561.0,1069.0,1349.0,1658.0,1987.0,2280.0,2434.0,2671.0,2653.0,2276.0,1480.0,843.5,1137.0,1378.0,1799.5,2078.5,2277.5,2432.0,2478.0,2526.0,1740.0,869.5,1154.5,1372.0,1797.5,2089.0,2268.5,2467.0,2500.0,2892.0,2438.0,821.0,1122.0,1464.0,1646.0,1757.0,1891.0,2077.0,2096.0,7078.0,6851.0,2394.0,3286.0,3930.0,4442.0,4591.0,4891.0,5084.0,5277.0,2520.0,1733.0,1324.0,1612.0,1890.0,2286.0,2476.0,2677.0,2689.0,2919.0,6106.0,5588.0,2048.5,2806.0,3231.0,3848.0,4375.0,4680.0,4795.5,5046.0,5474.5,4557.0,1734.5,2352.5,2605.5,3361.5,4585.0,5029.5,4921.5,5383.5,4186.0,3186.0,1054.0,1466.0,1523.0,2129.0,3795.0,4350.0,4502.0,4520.0,2414.0,1226.0,467.0,720.0,509.0,1081.0,3295.0,4042.0,3893.0,4168.0,2977.0,2094.0,828.0,1092.0,1533.0,1650.0,1828.0,1960.0,2281.0,2226.0,2629.5,1444.5,404.0,683.0,519.5,1017.0,3641.0,4963.5,4960.5,5306.0,2374.0,1381.0,509.0,741.0,579.0,1065.0,3372.0,4647.0,4726.0,4955.0,1800.0,770.0,351.0,524.0,274.0,746.0,3265.0,4391.0,4323.0,4656.0,2151.5,922.0,311.5,516.5,255.5,785.5,3740.5,5046.0,4832.5,5297.0,1937.0,889.0,224.0,511.0,269.0,815.0,3276.0,4220.0,4405.0,4593.0,1854.5,850.5,325.5,657.5,395.5,1156.0,3232.5,3899.0,3899.0,4178.0,2244.5,1455.5,416.0,769.0,682.0,1355.5,1954.0,2146.5,2346.0,2484.0,2537.0,1972.5,591.0,729.5,888.0,1097.0,1192.5,1337.5,1449.5,1511.0,2965.0,2364.0,541.0,732.0,973.0,1165.0,1320.0,1448.0,1611.0,1678.0,2803.0,2158.0,532.0,674.5,851.0,1075.5,1250.5,1390.5,1548.0,1604.5,2297.0,1488.0,958.0,1171.0,1547.0,1708.0,1873.0,2035.0,2393.0,2300.0,2311.0,1614.0,438.0,608.0,674.0,947.0,1237.0,1375.0,1553.0,1565.0,1275.0,636.0,524.0,697.0,837.0,1211.0,1603.0,1832.0,2019.0,2051.0,1793.5,1091.5,369.0,650.0,707.5,1136.5,1697.0,1833.5,2033.5,2010.0,1860.5,1181.0,470.5,761.0,769.0,1210.5,1830.5,1936.0,2122.5,2138.5,0.0,0.0,0.0,0.0,0.0,0.0,0.0,0.0,0.0,0.0,1637.0,895.0,459.0,679.0,629.0,1078.0,1744.0,1981.0,2152.0,2089.0,0.0,0.0,0.0,0.0,0.0,0.0,0.0,0.0,0.0,0.0,950.0,1015.0,10008.0,9702.0,9650.0,9780.0,9466.0,9128.0,9624.0,8905.0,816.0,527.0,993.0,1279.0,1696.0,1886.0,1922.0,2015.0,2243.0,2133.0,2625.0,1840.0,902.0,1151.0,1478.0,1655.0,1813.0,1936.0,1977.0,2148.0,1964.0,1391.5,823.5,989.5,1201.5,1383.0,1470.0,1602.5,1762.5,1784.5,1911.0,1267.0,653.0,916.0,1215.0,1477.0,1596.0,1751.0,1965.0,2008.0,2667.5,1832.0,1056.5,1316.5,1660.5,1954.5,2100.5,2261.5,2535.5,2517.5,"{""type"":""MultiPoint"",""coordinates"":[]}"
707,5,953.0,545.0,403.0,492.0,679.0,862.0,923.0,1033.0,1221.0,1213.0,3886.0,3185.0,1463.0,1695.0,2095.0,2389.0,2534.0,2654.0,2694.0,2997.0,729.0,453.0,526.5,665.0,788.5,953.5,1041.0,1116.5,1232.5,1233.0,1169.5,752.0,1563.0,1369.5,1350.5,1503.5,1507.5,1553.5,1785.5,1636.0,4384.0,4094.0,1476.0,1799.0,2153.0,2459.0,2615.0,2805.0,3045.0,3078.0,4534.0,4637.0,1569.0,1820.0,2228.0,2484.0,2612.0,2800.0,2925.0,3020.0,0.0,0.0,0.0,0.0,0.0,0.0,0.0,0.0,0.0,0.0,5131.0,4783.0,1932.0,2277.0,2561.0,3105.0,3530.0,3823.0,3791.0,4081.0,2942.0,2037.0,677.0,982.0,981.0,1464.0,2324.0,2610.0,2524.0,2867.0,3059.5,2053.5,738.5,1082.5,1043.0,1615.5,3047.0,3455.0,3391.5,3610.0,2281.0,1195.0,682.0,803.0,538.0,1140.0,3193.0,3726.0,3602.0,3831.0,1194.0,873.0,479.5,556.0,699.0,773.5,840.5,886.5,1018.5,1014.0,2470.0,1201.0,485.0,582.0,377.0,882.0,3823.0,4923.0,4772.0,5186.0,2106.5,949.0,349.0,495.0,268.0,751.5,3869.0,5409.0,5442.5,5635.0,1999.5,779.5,253.5,366.5,180.0,558.0,3750.5,5584.0,5534.5,5808.0,2375.0,962.0,430.0,528.0,297.0,743.0,4234.0,6216.0,6070.0,6539.0,2077.0,873.0,289.0,452.0,240.0,677.0,3962.0,5473.0,5805.0,5698.0,2411.0,1373.5,993.0,1143.0,915.0,1484.0,3931.5,4952.0,4946.5,5236.0,2151.5,972.5,371.5,813.5,385.5,1563.5,4242.0,4846.5,5117.5,5099.0,1838.5,1188.0,519.5,711.0,901.0,1273.5,1474.5,1664.0,1723.5,1926.5,2556.0,1799.0,499.0,684.0,948.0,1176.0,1329.0,1472.0,1673.0,1744.0,2735.5,1853.5,941.5,1215.5,1672.0,1970.0,2111.0,2273.0,2481.0,2550.0,1981.0,1604.5,641.5,830.0,1074.0,1252.0,1310.0,1466.0,1616.0,1662.5,3628.0,2777.0,1156.0,1406.0,1798.0,2045.0,2199.0,2283.0,2517.0,2483.0,698.0,508.0,655.0,526.0,531.0,577.0,555.0,607.0,635.0,669.0,1774.0,1248.0,649.0,839.0,1115.0,1254.5,1356.5,1441.0,1620.0,1615.0,2161.5,1633.5,1032.0,1233.5,1490.5,1729.5,1774.5,1934.0,2075.0,2118.0,0.0,0.0,0.0,0.0,0.0,0.0,0.0,0.0,0.0,0.0,1971.0,1390.0,764.0,921.0,1166.0,1336.0,1435.0,1521.0,1717.0,1707.0,1165.5,967.0,1044.5,1061.0,1107.5,1238.0,1267.5,1356.0,1482.5,1478.0,1115.0,1204.0,10010.0,9943.0,10072.0,10361.0,9999.0,9634.0,10028.0,9284.0,581.0,386.0,4538.5,4474.0,4562.5,4821.5,4601.0,4460.5,4553.0,4272.0,2564.0,1988.0,881.0,1082.0,1339.0,1559.0,1674.0,1812.0,2034.0,2014.0,2027.5,1512.0,827.5,1030.0,1266.0,1505.5,1625.0,1731.0,1917.5,1926.5,1841.0,1225.0,668.0,883.0,1158.0,1376.0,1487.0,1586.0,1727.0,1817.0,3860.0,3428.0,1444.0,1739.0,2089.0,2346.0,2425.0,2545.0,2811.0,2811.0,"{""type"":""MultiPoint"",""coordinates"":[]}"
726,5,1705.0,1034.0,506.0,678.0,803.0,1067.0,1326.0,1461.0,1632.0,1632.0,2349.0,1546.0,630.0,1159.0,1126.0,1784.0,2471.0,2696.0,2778.0,2864.0,2042.0,1239.0,613.0,1166.0,1093.0,1780.0,2492.0,2634.0,2766.0,2797.0,0.0,0.0,0.0,0.0,0.0,0.0,0.0,0.0,0.0,0.0,0.0,0.0,0.0,0.0,0.0,0.0,0.0,0.0,0.0,0.0,2927.0,2196.0,805.0,1005.0,1300.0,1520.0,1692.0,1879.0,2014.0,2097.0,0.0,0.0,0.0,0.0,0.0,0.0,0.0,0.0,0.0,0.0,3097.0,2576.0,1008.0,1242.0,1526.0,1729.0,1849.0,2020.0,2091.0,2203.0,0.0,0.0,0.0,0.0,0.0,0.0,0.0,0.0,0.0,0.0,2876.0,2200.0,821.0,1019.0,1158.0,1466.0,1890.0,2081.0,2161.0,2264.0,2768.0,1795.0,894.0,1101.0,980.0,1512.0,2519.0,2838.0,2716.0,2953.0,2370.0,1747.0,597.0,783.0,927.0,1225.0,1448.0,1555.0,1757.0,1736.0,2479.0,1326.5,535.5,776.5,552.0,1171.0,3188.0,3799.5,3560.0,3978.0,2146.0,1292.0,462.0,640.0,564.0,1031.0,2366.0,2928.0,2930.0,3142.0,2023.0,1169.0,438.0,616.0,480.0,961.0,2433.0,3093.0,2879.0,3224.0,1609.5,875.5,332.0,476.0,345.0,735.5,1936.0,2341.5,2225.5,2462.0,1956.0,1123.0,352.5,549.0,427.0,868.0,2198.5,2525.0,2674.5,2742.0,0.0,0.0,0.0,0.0,0.0,0.0,0.0,0.0,0.0,0.0,2236.0,1359.0,389.0,652.5,569.5,1172.0,2027.5,2313.0,2412.5,2554.0,2745.0,1792.0,548.5,717.5,785.5,1157.5,1538.5,1700.5,1745.0,1936.0,2829.5,1993.5,479.5,680.5,758.0,1125.5,1549.5,1728.0,1894.0,2055.5,2746.0,1918.0,499.0,735.0,737.0,1207.0,1748.0,1880.0,2060.0,2130.0,0.0,0.0,0.0,0.0,0.0,0.0,0.0,0.0,0.0,0.0,2567.5,1594.5,591.0,941.5,851.5,1486.0,2131.5,2209.0,2483.5,2426.0,0.0,0.0,0.0,0.0,0.0,0.0,0.0,0.0,0.0,0.0,1570.0,831.0,341.0,719.0,603.0,1223.0,1795.0,1933.0,2188.0,2036.0,2271.5,1452.0,757.5,1040.5,908.5,1580.0,2115.5,2282.0,2488.5,2563.0,0.0,0.0,0.0,0.0,0.0,0.0,0.0,0.0,0.0,0.0,1866.0,1053.0,484.0,849.0,655.0,1294.0,2124.0,2329.0,2620.0,2490.0,0.0,0.0,0.0,0.0,0.0,0.0,0.0,0.0,0.0,0.0,870.0,918.0,10366.0,10100.0,10108.0,10251.0,9923.0,9518.0,9967.0,9214.0,0.0,0.0,0.0,0.0,0.0,0.0,0.0,0.0,0.0,0.0,2499.0,1738.0,655.0,867.0,945.0,1351.0,1801.0,1947.0,2182.0,2123.0,2369.5,1494.5,578.0,896.0,843.0,1416.0,2220.0,2325.0,2482.0,2510.0,1848.5,1005.5,614.0,924.5,814.5,1461.5,2288.5,2476.5,2555.0,2600.5,0.0,0.0,0.0,0.0,0.0,0.0,0.0,0.0,0.0,0.0,"{""type"":""MultiPoint"",""coordinates"":[]}"
728,1,2053.0,1355.0,661.0,831.0,1099.0,1284.0,1397.0,1451.0,1682.0,1664.0,4295.0,3812.0,1369.0,1855.0,2401.0,2662.0,2814.0,2940.0,3145.0,3137.0,1633.0,1158.5,813.5,1183.5,1496.0,1760.5,1725.5,1833.0,1860.0,1827.5,0.0,0.0,0.0,0.0,0.0,0.0,0.0,0.0,0.0,0.0,2953.0,2664.0,1143.0,1428.0,1654.0,1937.0,2007.0,2090.0,2374.0,2348.0,3888.0,3102.0,863.0,1329.0,1458.0,1992.0,3067.0,3446.0,3426.0,3595.0,0.0,0.0,0.0,0.0,0.0,0.0,0.0,0.0,0.0,0.0,1853.5,860.5,331.5,478.0,254.0,588.5,3091.5,4720.5,4645.5,4845.5,1598.0,654.5,368.5,468.0,244.0,530.0,3068.5,4991.0,4927.5,5202.0,1585.0,647.0,388.0,495.0,298.0,565.0,2919.0,4811.0,4895.0,5064.0,1732.5,681.5,490.0,592.0,379.5,682.5,2879.0,4756.5,4781.0,5100.5,2292.5,1702.5,656.5,870.5,1152.5,1330.0,1427.5,1528.0,1702.0,1689.0,1552.0,612.0,613.0,686.0,440.0,749.0,2826.0,4446.0,4506.0,4792.0,1901.5,999.0,740.5,663.5,532.5,1021.5,3205.0,4523.5,4448.5,4788.0,1669.0,739.5,386.0,647.0,443.5,981.0,2676.5,3449.5,3411.5,3738.0,2031.0,1255.0,447.0,628.0,687.0,1077.0,1667.0,2031.0,1925.0,2199.0,2146.0,1585.0,382.0,525.0,770.0,964.0,1100.0,1280.0,1309.0,1537.0,1810.0,1228.0,373.5,452.0,613.5,752.0,842.5,951.5,1015.5,1102.0,4253.0,3097.5,1003.5,1349.5,1948.5,2309.0,2503.5,2711.0,2889.0,3037.0,3428.0,2479.0,1909.5,2069.0,2147.5,2550.0,2761.5,2894.5,3157.5,3087.0,3413.0,2236.0,724.0,1120.0,1334.0,1892.0,2446.0,2658.0,2893.0,2958.0,2932.0,1818.0,728.0,1169.0,1230.0,1896.0,2526.0,2768.0,2870.0,3003.0,1959.0,1635.0,558.0,784.0,1027.0,1191.0,1259.5,1342.0,1462.5,1464.0,3059.0,1961.0,591.0,1057.0,1069.0,1746.0,2266.0,2461.0,2716.0,2764.0,3166.0,1910.0,1126.0,1431.0,2169.0,2598.0,2817.0,3091.0,3348.0,3546.0,3095.0,2075.5,761.0,1070.5,1652.0,1939.5,2100.5,2287.5,2581.5,2615.5,2993.5,2032.0,702.5,999.5,1534.0,1802.5,1929.0,2113.0,2333.0,2383.5,3689.0,2672.0,848.0,1073.0,1570.0,1888.0,1960.0,2151.0,2241.0,2412.0,3006.0,2075.0,768.0,1000.0,1422.0,1677.0,1800.0,1952.0,2176.0,2255.0,2414.0,1922.0,1121.0,1282.0,1515.5,1714.5,1758.0,1881.5,2079.0,2046.0,1061.0,1178.0,10181.0,10018.0,10066.0,10232.0,9861.0,9580.0,9862.0,9241.0,1301.5,904.0,2437.0,2543.0,2798.0,2981.5,2946.5,2923.0,3105.0,2974.5,2847.0,2208.0,720.0,1026.0,1349.0,1590.0,1705.0,1827.0,1999.0,1990.0,2475.0,1849.0,794.5,1071.0,1362.0,1610.5,1709.5,1840.0,2004.0,2000.0,2706.0,2023.0,791.0,1115.0,1433.0,1699.0,1790.0,1896.0,2034.0,2053.0,3253.0,3117.0,908.0,1232.0,1637.0,1823.0,1866.0,1996.0,2163.0,2136.0,"{""type"":""MultiPoint"",""coordinates"":[]}"
733,5,1568.5,1018.0,679.5,923.5,1212.0,1405.5,1496.0,1603.0,1812.5,1751.5,5601.5,5152.0,2060.0,2667.5,3286.0,3630.5,3750.5,3894.5,4228.5,4204.0,2542.5,1791.0,796.5,1038.0,1346.5,1536.5,1612.5,1745.0,1905.0,1918.0,3025.5,2402.0,875.5,1196.5,1466.0,1743.0,1878.5,2018.0,2174.5,2167.0,6010.5,5857.0,2104.0,2738.0,3381.0,3793.0,3871.5,4105.5,4220.5,4327.0,5316.0,5190.0,1691.5,2229.0,2771.5,3114.5,3264.0,3466.0,3589.5,3672.0,0.0,0.0,0.0,0.0,0.0,0.0,0.0,0.0,0.0,0.0,2660.0,1675.5,836.0,1144.0,1302.5,1671.0,1954.0,2125.5,2196.0,2330.0,4604.0,3825.5,1216.0,1798.0,2000.5,2772.5,3859.0,4413.5,3807.5,4681.5,2990.0,1906.5,512.5,932.5,817.0,1513.5,3148.5,3607.0,3619.0,3840.5,1714.0,744.0,427.0,532.0,299.0,810.0,2940.0,3622.5,3442.5,3801.0,2395.5,1785.0,836.5,1135.0,1493.0,1671.5,1774.0,1908.0,2127.5,2080.0,3117.0,1488.5,398.5,658.5,312.0,1047.5,4583.0,5952.0,5912.5,6283.0,2020.5,907.0,419.0,557.5,296.5,760.0,3469.0,4749.5,4794.0,4870.0,2388.0,1013.0,281.5,449.5,218.0,739.5,3848.0,5423.5,5354.0,5784.5,2290.0,969.0,308.0,494.0,247.0,784.5,3690.0,5016.0,4851.5,5273.5,2019.0,901.0,246.0,485.0,247.5,833.5,3233.0,4088.5,4363.0,4468.0,0.0,0.0,0.0,0.0,0.0,0.0,0.0,0.0,0.0,0.0,2600.0,1592.0,348.0,661.5,616.5,1280.5,2067.5,2340.0,2626.5,2831.5,2779.5,2084.5,418.5,511.5,699.0,902.0,995.5,1119.0,1217.5,1355.5,3169.0,2293.0,630.0,828.0,1180.5,1387.5,1500.5,1682.5,1868.0,1961.0,5044.5,4163.5,1443.0,2405.5,3421.5,3970.0,4123.0,4210.0,2984.0,4365.0,0.0,0.0,0.0,0.0,0.0,0.0,0.0,0.0,0.0,0.0,3063.0,2286.5,765.0,959.0,1197.0,1425.5,1528.0,1660.5,1796.0,1857.5,2545.0,2002.0,773.0,875.0,1086.0,1326.5,1497.5,1636.0,1270.5,1862.5,1715.0,1156.5,278.5,441.0,662.0,787.0,857.5,944.0,1092.5,1091.0,2614.5,2101.0,631.5,840.0,1115.5,1305.0,1369.5,1479.0,1599.5,1668.0,0.0,0.0,0.0,0.0,0.0,0.0,0.0,0.0,0.0,0.0,2251.0,1514.5,579.0,784.0,1061.0,1238.0,1335.5,1471.5,1650.5,1680.5,0.0,0.0,0.0,0.0,0.0,0.0,0.0,0.0,0.0,0.0,377.5,451.0,10840.5,10497.0,10380.5,10480.5,10105.0,9642.0,10067.5,9284.5,0.0,0.0,0.0,0.0,0.0,0.0,0.0,0.0,0.0,0.0,1727.0,1118.0,677.5,929.0,1154.5,1361.0,1467.0,1571.5,1763.0,1749.0,2871.5,2105.5,992.0,1329.5,1654.0,1907.0,1982.0,2109.5,2360.0,2338.5,1871.0,1209.5,735.5,1044.0,1346.5,1586.0,1713.0,1813.5,2062.5,2040.5,0.0,0.0,0.0,0.0,0.0,0.0,0.0,0.0,0.0,0.0,"{""type"":""MultiPoint"",""coordinates"":[]}"
737,3,3289.0,3227.0,2667.0,2687.0,2816.0,3015.0,2921.0,2994.0,3116.0,2971.0,2707.0,2445.0,1000.0,1205.0,1442.0,1590.0,1570.0,1670.0,1747.0,1789.0,818.0,505.5,525.5,686.5,783.5,930.0,942.5,1006.0,1067.0,1054.5,421.0,271.0,679.0,861.0,969.0,1176.0,1165.0,1219.0,1283.0,1246.0,2594.0,2081.0,877.0,1156.0,1363.0,1570.0,1681.0,1795.0,1888.0,1931.0,4255.0,3215.0,2053.0,2360.0,2539.0,2923.0,2911.0,3086.0,3269.0,3321.0,0.0,0.0,0.0,0.0,0.0,0.0,0.0,0.0,0.0,0.0,3670.5,2993.0,1265.0,1652.0,1854.0,2270.5,2400.0,2567.0,2625.0,2783.0,651.0,479.0,873.0,1096.0,999.0,1256.0,1228.0,1260.0,1192.0,1161.0,465.5,288.0,457.0,692.0,560.5,965.5,1193.0,1283.5,1160.5,1057.5,1234.0,680.0,804.0,980.0,726.0,1265.0,2145.0,2552.0,2368.0,2405.0,610.5,413.0,652.0,737.5,739.5,819.0,775.5,751.0,1093.5,674.5,971.0,494.0,418.0,505.0,299.0,612.0,1637.0,2086.0,1967.0,2065.0,1136.0,576.0,471.0,574.0,328.0,709.0,1959.0,2695.0,2618.0,2751.0,3181.5,2304.0,2181.0,2324.0,2157.5,2661.0,3959.0,4575.5,4442.0,4667.0,1468.0,725.0,372.0,605.0,296.0,866.0,2549.0,3450.0,3203.0,3429.0,1378.0,648.0,372.5,700.5,350.5,1073.0,2825.5,3545.5,3803.5,3566.5,3224.0,2642.0,1842.5,2291.0,2296.5,3144.5,4182.5,4523.0,4202.5,4693.0,2421.5,1607.5,654.5,1001.5,1214.0,1850.5,2471.0,2815.0,3008.0,3164.0,2587.0,1955.0,2336.0,2333.0,2297.0,2632.0,2596.0,2582.5,2956.5,2607.0,3410.0,2505.0,753.0,1030.0,1373.0,1701.0,1881.0,2028.0,2207.0,2271.0,3564.0,2604.0,751.0,1027.0,1391.0,1715.0,1867.0,2032.0,2195.0,2315.0,1398.0,1390.0,1036.5,1145.5,1264.0,1442.0,1357.5,1425.0,1436.0,1433.0,3272.0,2360.0,799.0,1067.5,1426.5,1664.5,1863.5,1985.5,2269.5,2263.0,1490.0,947.0,639.0,834.0,1192.0,1426.0,1513.0,1674.0,1861.0,1859.0,1308.5,840.0,470.0,710.5,1046.0,1245.0,1331.0,1485.0,1682.5,1688.0,1972.0,1260.0,588.0,796.0,1138.0,1397.0,1479.0,1564.0,1744.0,1863.0,0.0,0.0,0.0,0.0,0.0,0.0,0.0,0.0,0.0,0.0,891.5,571.5,562.0,712.5,968.0,1166.5,1224.5,1346.5,1513.5,1489.0,0.0,0.0,0.0,0.0,0.0,0.0,0.0,0.0,0.0,0.0,903.0,1011.0,10372.0,10094.0,10064.0,10160.0,9777.0,9398.0,9806.0,9075.0,305.5,202.0,2634.5,2679.0,2710.0,2661.0,2626.5,2460.0,2812.0,2474.5,904.0,509.0,549.0,726.0,739.0,975.0,1064.0,1110.0,1176.0,1145.0,1301.5,801.5,738.5,986.0,1037.5,1297.5,1398.5,1481.0,1605.0,1562.0,1278.0,760.0,632.0,902.0,969.0,1240.0,1283.0,1374.0,1452.0,1455.0,3084.0,2692.5,1143.0,1461.0,1667.0,1899.0,1961.5,2058.0,2170.5,2185.0,"{""type"":""MultiPoint"",""coordinates"":[]}"
746,61,1840.0,1109.0,631.0,861.0,1012.0,1477.0,1855.0,2032.0,2234.0,2294.0,3231.0,2558.0,1248.5,1502.0,1769.5,2154.5,2670.5,2890.0,3066.5,3147.0,1098.5,735.0,604.5,916.0,1305.0,1473.5,1211.0,1303.0,1305.0,1226.0,39.0,50.0,499.0,711.0,787.0,858.0,301.0,322.0,261.0,150.0,1527.0,932.0,765.0,1106.0,1232.0,1647.0,1780.0,1894.0,2028.0,2037.0,3029.0,2032.0,865.0,1253.0,1088.0,1803.0,2415.0,2593.0,2624.0,2743.0,0.0,0.0,0.0,0.0,0.0,0.0,0.0,0.0,0.0,0.0,3673.0,2262.0,609.0,1219.0,792.0,1927.0,3848.0,4366.0,4508.0,4858.0,3698.5,2491.5,679.0,1014.5,1305.5,1875.0,2348.5,2662.5,2918.0,3220.5,3750.0,2700.5,667.5,924.0,986.5,1489.0,2087.5,2410.0,2587.0,2797.5,3266.0,2139.0,658.0,941.0,757.0,1379.0,2629.0,3070.0,3135.0,3371.0,2705.5,1814.0,771.5,1017.0,1190.5,1662.5,2208.0,2380.5,2672.0,2615.0,2583.0,1390.0,484.0,837.0,498.0,1168.0,2692.0,3107.0,2989.0,3361.0,2757.0,1629.0,573.0,913.0,637.0,1375.0,2767.0,3274.0,3288.0,3587.0,2627.0,1505.0,585.0,882.0,685.0,1436.0,2610.0,2998.0,3113.0,3380.0,4348.0,4029.0,1403.5,1778.5,2212.0,2641.0,2763.5,2987.5,2975.5,3288.5,4570.0,4089.0,1475.0,1855.0,2438.0,2766.0,2866.0,3096.0,3215.0,3353.0,4221.0,3773.5,1274.5,1593.0,2045.5,2381.0,2530.0,2724.5,2761.5,3022.5,4015.5,3709.0,1175.5,1515.5,1929.5,2227.5,2392.0,2568.0,2656.0,2805.5,3290.0,2751.0,1052.0,1336.0,1558.0,2013.0,2382.0,2592.0,2576.0,2879.0,3899.0,3359.0,1004.0,1388.0,1685.0,2064.0,2451.0,2661.0,2818.0,2930.0,3698.0,3150.0,1020.0,1352.0,1634.0,1988.0,2359.0,2564.0,2724.0,2822.0,2588.5,1816.0,670.5,932.0,1103.0,1619.0,2218.5,2385.5,2691.0,2679.5,3765.0,3287.5,984.0,1323.0,1639.5,1987.5,2269.0,2436.0,2724.0,2743.5,2746.0,2058.0,680.0,874.0,1220.0,1490.0,1618.0,1864.0,2050.0,2113.0,2476.0,1859.5,539.5,780.5,1074.5,1313.5,1497.5,1645.0,1869.0,1917.0,3244.0,2744.0,760.0,1075.0,1431.0,1690.0,1892.0,2059.0,2276.0,2304.0,0.0,0.0,0.0,0.0,0.0,0.0,0.0,0.0,0.0,0.0,1989.0,1363.0,615.5,787.0,982.0,1261.0,1522.0,1678.5,1893.0,1883.5,0.0,0.0,0.0,0.0,0.0,0.0,0.0,0.0,0.0,0.0,910.0,999.0,10178.0,10032.0,10098.0,10237.0,9940.0,9583.0,9964.0,9216.0,1340.0,849.0,2589.0,2705.5,2829.5,3325.0,3675.0,3656.5,3830.0,3719.0,2498.0,1650.0,566.0,835.0,932.0,1555.0,2339.0,2587.0,2705.0,2782.0,152.0,116.0,540.0,739.5,699.5,1033.5,843.0,914.5,840.0,636.0,110.0,97.0,344.0,579.0,588.0,915.0,797.0,907.0,856.0,670.0,2133.0,1303.5,575.0,838.5,807.5,1448.0,2165.0,2414.0,2542.0,2654.5,"{""type"":""MultiPoint"",""coordinates"":[]}"
747,1,2244.0,1711.5,960.0,1053.5,1217.5,1406.0,1512.0,1612.0,1846.0,1758.5,3240.0,2606.0,1101.0,1279.0,1693.0,1867.0,1973.0,2111.0,2322.0,2345.0,2587.0,1874.5,755.0,978.5,1279.5,1516.0,1659.0,1797.0,1973.5,2034.5,3591.0,3036.0,2343.0,2482.5,2630.0,2963.0,3189.5,3299.5,3487.5,3450.0,3009.0,2329.0,842.0,1192.0,1413.0,1760.0,2017.0,2238.0,2390.0,2404.0,4440.5,3922.0,2703.5,2597.5,2406.5,3154.5,4131.0,4474.5,4601.0,4627.0,0.0,0.0,0.0,0.0,0.0,0.0,0.0,0.0,0.0,0.0,1876.0,797.0,266.0,470.0,214.0,580.0,3350.0,4882.0,4794.0,5037.0,1733.0,770.5,126.0,342.0,168.0,479.0,3100.5,4867.0,4961.5,5119.5,1844.5,834.0,260.0,464.5,252.5,600.0,2940.0,4705.5,4755.5,5019.0,1990.0,881.0,478.0,622.5,399.5,733.0,2919.0,4579.0,4583.5,4928.5,2452.5,1807.5,746.0,963.5,1226.0,1445.5,1585.5,1682.0,1940.0,1898.5,1807.0,812.0,372.0,523.0,330.0,637.0,2740.0,4104.0,4028.0,4442.0,1878.0,847.0,501.0,622.0,417.0,770.0,2827.0,4160.0,4203.0,4436.0,2450.5,1475.0,1012.5,1201.5,1071.0,1557.0,2983.5,3658.5,3583.5,3877.5,2381.0,1522.0,454.0,619.0,723.0,1065.0,1488.0,1740.0,1758.0,1975.0,2631.0,1913.0,500.0,635.0,882.0,1106.0,1344.0,1549.0,1614.0,1852.0,1585.0,1076.5,471.5,531.0,636.5,776.5,876.0,976.0,944.5,1117.0,2816.5,2015.5,503.5,651.0,891.5,1109.5,1222.0,1394.0,1557.0,1641.0,1828.0,1256.0,299.0,365.0,513.0,671.0,775.0,888.0,943.0,1053.0,4406.0,2994.5,1053.5,1464.5,2216.0,2679.5,2918.5,3210.5,3429.0,3667.5,4317.0,2945.0,1033.0,1460.0,2136.0,2574.0,2777.0,3003.0,3268.0,3431.0,2821.0,2254.0,771.0,1043.0,1360.0,1614.0,1780.0,1925.5,2185.5,2190.0,3873.0,2709.0,1018.0,1374.0,1906.0,2258.0,2591.0,2820.0,3176.0,3184.0,3092.0,2030.0,941.0,1362.0,1913.0,2421.0,2750.0,2966.0,3367.0,3422.0,3053.0,1986.5,781.5,1210.0,1659.5,2106.5,2516.5,2747.5,3115.0,3097.0,2587.0,2279.0,806.0,1209.0,1517.0,1976.0,2436.0,2660.0,2963.0,3062.0,2466.0,1691.0,2213.0,2105.0,2087.0,2321.0,2393.0,2525.0,2689.0,2677.0,2108.0,1323.5,663.5,958.0,1232.5,1653.0,2108.5,2351.5,2656.0,2657.0,2779.0,2405.0,2116.0,2051.0,2106.0,2182.0,2257.0,2275.0,2561.0,2407.0,896.0,973.0,9900.0,9794.0,9872.0,9965.0,9653.0,9297.0,9702.0,8976.0,1376.0,1015.0,1999.0,2145.0,2420.5,2610.0,2694.0,2802.5,2880.5,2824.5,2878.0,2310.0,880.0,1114.0,1369.0,1676.0,1850.0,1972.0,2196.0,2199.0,2521.0,1865.0,815.0,1050.0,1292.0,1584.0,1830.0,1965.0,2185.0,2171.0,2548.0,1833.0,789.0,1063.0,1272.0,1649.0,1949.0,2110.0,2315.0,2315.0,5099.0,4771.0,1671.0,1965.0,2460.0,2808.0,3010.0,3262.0,3462.0,3569.0,"{""type"":""MultiPoint"",""coordinates"":[]}"
779,5,2417.5,1624.0,571.5,758.0,924.0,1240.5,1589.0,1747.0,2013.5,1992.0,4052.5,3157.0,1032.5,1408.0,1867.0,2271.0,2471.5,2734.0,3001.0,3098.0,2414.5,1592.0,754.5,1015.0,1368.5,1666.5,1828.0,2010.5,2239.5,2272.5,0.0,0.0,0.0,0.0,0.0,0.0,0.0,0.0,0.0,0.0,0.0,0.0,0.0,0.0,0.0,0.0,0.0,0.0,0.0,0.0,4010.5,3311.0,980.5,1242.5,1542.0,1841.0,2052.0,2270.0,2431.5,2520.5,0.0,0.0,0.0,0.0,0.0,0.0,0.0,0.0,0.0,0.0,0.0,0.0,0.0,0.0,0.0,0.0,0.0,0.0,0.0,0.0,0.0,0.0,0.0,0.0,0.0,0.0,0.0,0.0,0.0,0.0,2275.0,1392.0,601.5,829.0,728.5,1146.0,2122.0,2506.5,2526.0,2619.0,2289.0,1248.0,405.0,646.0,448.5,976.0,2740.5,3378.0,3406.0,3507.5,3343.0,2624.5,797.5,1025.0,1239.0,1557.5,1928.0,2108.0,2371.5,2315.5,2895.0,1350.0,409.0,640.0,319.5,922.0,4166.0,5328.5,5247.0,5608.0,2122.0,936.0,343.5,501.5,265.0,690.0,3710.0,5070.0,5204.0,5212.0,0.0,0.0,0.0,0.0,0.0,0.0,0.0,0.0,0.0,0.0,2055.0,848.0,332.0,475.5,255.5,660.0,3529.5,4958.5,4874.5,5130.0,1866.0,843.5,239.0,476.5,239.0,775.0,3426.0,4401.0,4615.5,4606.0,0.0,0.0,0.0,0.0,0.0,0.0,0.0,0.0,0.0,0.0,2793.0,1843.5,577.0,901.0,1019.0,1636.0,2187.5,2472.0,2696.0,2816.0,4323.0,3147.5,2856.5,2926.0,3035.0,3486.0,3707.5,3796.5,3861.5,3947.0,3230.5,2390.0,682.5,919.5,1220.5,1478.5,1695.0,1841.0,2030.0,2097.5,2513.0,2276.0,687.5,861.5,1088.5,1260.5,1426.0,1575.5,1623.5,1755.5,0.0,0.0,0.0,0.0,0.0,0.0,0.0,0.0,0.0,0.0,3633.5,3333.0,878.0,1170.5,1560.5,1752.0,1866.0,2045.5,2266.0,2306.0,0.0,0.0,0.0,0.0,0.0,0.0,0.0,0.0,0.0,0.0,1391.0,940.5,467.0,669.0,935.5,1075.5,1115.0,1193.0,1357.0,1364.5,1775.0,1243.0,526.5,761.5,1003.5,1200.5,1274.5,1388.0,1553.5,1551.0,0.0,0.0,0.0,0.0,0.0,0.0,0.0,0.0,0.0,0.0,1745.5,1204.5,703.0,888.5,1118.0,1341.5,1463.5,1565.0,1788.5,1729.0,0.0,0.0,0.0,0.0,0.0,0.0,0.0,0.0,0.0,0.0,927.5,1009.0,10027.5,9911.0,9969.0,10188.0,9865.0,9521.0,9963.0,9288.5,0.0,0.0,0.0,0.0,0.0,0.0,0.0,0.0,0.0,0.0,3175.5,2395.5,721.5,950.5,1155.0,1506.0,1953.0,2152.5,2438.5,2418.5,2822.0,1938.5,681.0,964.5,1026.5,1492.5,2204.0,2452.0,2716.5,2687.0,2336.0,1434.5,727.5,1009.5,1007.0,1600.0,2441.0,2671.0,3010.5,2940.5,3306.5,2424.5,802.5,1130.0,1137.0,1891.5,2706.5,2969.5,3193.0,3214.0,"{""type"":""MultiPoint"",""coordinates"":[]}"
794,5,1429.5,869.0,553.5,718.5,1011.0,1212.0,1328.0,1456.5,1651.0,1722.5,2916.0,2468.5,697.0,862.5,1101.0,1242.5,1402.5,1498.0,1645.5,1687.0,1526.5,915.0,458.0,521.0,675.0,796.0,899.0,1007.0,1095.0,1207.5,1719.5,1043.5,483.0,553.0,721.0,839.5,941.5,1089.5,1196.0,1264.0,0.0,0.0,0.0,0.0,0.0,0.0,0.0,0.0,0.0,0.0,3317.5,2891.0,932.5,1089.5,1347.0,1540.0,1685.5,1841.0,1925.5,2063.5,0.0,0.0,0.0,0.0,0.0,0.0,0.0,0.0,0.0,0.0,3358.5,2800.0,916.5,1131.0,1312.0,1598.5,1959.0,2141.5,2269.0,2340.5,3166.0,2420.5,773.0,1026.5,1135.0,1514.0,2088.0,2310.5,2336.0,2573.0,2887.0,2195.0,626.0,841.5,865.5,1248.5,2069.5,2392.5,2526.0,2593.5,1794.0,888.0,642.0,791.0,509.5,1023.5,2428.0,2816.0,2693.0,2852.0,2845.0,2170.0,848.5,1041.0,1366.0,1644.5,1731.0,1844.0,2038.5,2041.5,2163.5,1151.0,359.5,499.0,326.5,820.0,2889.0,3714.5,3550.0,3932.5,2366.5,1212.0,455.0,603.5,378.0,871.0,3390.5,4469.0,4545.5,4622.5,2286.5,1039.5,289.0,453.0,232.0,712.0,3526.5,4890.5,4862.0,5231.0,1993.5,875.0,312.0,467.5,299.5,741.0,3270.0,4445.0,4347.0,4710.5,1850.5,833.5,271.0,464.0,257.5,744.5,3208.0,4196.0,4369.0,4495.5,0.0,0.0,0.0,0.0,0.0,0.0,0.0,0.0,0.0,0.0,2008.5,1016.0,389.0,896.5,745.0,1765.5,3131.5,3527.5,3765.0,3854.5,2112.0,1304.5,467.0,589.5,792.5,1065.5,1239.0,1412.0,1486.0,1676.5,2955.0,2197.0,499.5,694.0,976.0,1232.5,1430.0,1595.0,1791.0,1906.0,2882.5,2164.0,572.0,786.0,1065.0,1331.5,1542.5,1763.0,1831.5,2042.0,0.0,0.0,0.0,0.0,0.0,0.0,0.0,0.0,0.0,0.0,2305.0,1860.5,476.5,598.5,805.0,938.0,1030.5,1148.5,1254.5,1303.5,0.0,0.0,0.0,0.0,0.0,0.0,0.0,0.0,0.0,0.0,1416.5,902.0,229.0,324.0,479.0,557.0,627.5,751.0,824.0,850.5,1564.0,1033.0,280.0,389.0,551.5,656.0,734.0,810.0,922.0,969.0,0.0,0.0,0.0,0.0,0.0,0.0,0.0,0.0,0.0,0.0,1396.0,905.5,353.0,382.0,509.5,594.0,672.0,751.5,855.5,920.5,0.0,0.0,0.0,0.0,0.0,0.0,0.0,0.0,0.0,0.0,953.5,1054.0,10516.0,10236.0,10251.0,10395.5,10058.0,9751.5,10181.5,9406.5,0.0,0.0,0.0,0.0,0.0,0.0,0.0,0.0,0.0,0.0,2300.5,1529.5,644.0,824.0,1115.5,1349.0,1432.0,1639.0,1807.0,1868.5,2877.0,2014.0,822.0,1053.0,1349.0,1564.5,1704.0,1937.0,2131.0,2150.5,1572.0,1008.0,938.0,1045.5,1192.5,1357.5,1462.0,1607.5,1700.0,1751.0,0.0,0.0,0.0,0.0,0.0,0.0,0.0,0.0,0.0,0.0,"{""type"":""MultiPoint"",""coordinates"":[]}"
804,3,2662.5,2267.0,1720.0,1874.5,2055.0,2319.5,2484.0,2559.5,2721.5,2672.5,1983.0,1237.0,781.0,1148.0,1374.5,1773.5,1917.5,2010.0,2121.5,2104.5,1106.0,684.0,578.5,900.5,1060.0,1497.5,1510.0,1656.0,1712.0,1621.0,818.0,629.5,1400.5,1599.0,1627.0,1794.5,1454.0,1532.5,1390.0,1326.5,2357.0,1391.0,781.0,1194.0,1391.0,1883.0,2054.0,2150.0,2301.0,2301.0,4237.5,3486.5,1377.0,1894.5,2288.5,2761.5,2907.0,3117.0,3169.5,3237.5,0.0,0.0,0.0,0.0,0.0,0.0,0.0,0.0,0.0,0.0,4677.0,3668.0,1263.0,1806.0,2136.0,2697.0,3108.0,3388.0,3575.0,3805.0,992.0,593.0,449.0,739.0,582.0,1082.0,1740.0,2098.0,1967.0,2012.0,1159.5,627.5,457.0,627.0,432.0,839.5,2022.5,2570.5,2504.5,2572.5,1519.0,712.0,655.0,759.5,501.5,917.5,2581.5,3486.0,3381.0,3584.5,2519.0,1764.0,731.5,1050.5,1307.0,1690.0,1886.0,2020.5,2212.0,2168.0,1403.0,642.0,400.0,551.0,317.0,775.0,2462.0,3418.0,3283.0,3548.0,1434.5,653.5,630.0,717.5,384.0,740.5,2522.5,3777.5,3813.0,3858.0,1266.0,570.0,204.0,360.0,201.0,571.0,2278.0,3324.0,3276.0,3527.0,1510.0,744.5,451.0,666.0,397.5,1022.5,2599.0,3460.5,3340.5,3760.0,1588.0,825.0,417.0,709.0,481.0,1205.0,2746.0,3331.0,3448.0,3690.0,1717.0,861.5,573.0,885.0,722.5,1618.0,2925.0,3441.0,3501.0,3846.5,1726.5,933.0,438.0,756.5,734.5,1414.0,2274.5,2585.0,2737.0,2929.5,1781.0,1013.0,432.0,652.0,701.0,1244.0,1815.0,2021.0,2154.0,2316.0,2789.0,1868.0,606.0,891.0,1143.0,1596.0,1820.0,2048.0,2222.0,2400.0,2070.5,1449.0,643.5,939.5,1288.5,1557.0,1655.0,1799.5,1910.0,1961.5,2015.0,1780.0,964.5,1489.5,1851.0,2038.0,1760.0,1783.0,1844.0,1692.0,1451.0,953.0,483.0,696.0,930.0,1158.0,1266.0,1384.0,1432.0,1556.0,1642.0,1120.0,781.0,1007.0,1298.0,1516.0,1588.0,1696.0,1780.0,1827.0,1438.0,929.0,407.5,597.0,886.0,1033.5,1124.0,1187.5,1337.0,1368.5,1615.0,1062.0,491.0,800.0,1129.0,1220.0,1249.0,1350.0,1509.0,1523.0,0.0,0.0,0.0,0.0,0.0,0.0,0.0,0.0,0.0,0.0,962.0,746.5,1110.0,1088.5,1225.0,1324.5,1281.5,1326.0,1509.5,1347.5,2966.5,2844.0,2528.0,2495.0,2555.0,2742.0,2733.5,2787.5,2920.5,2864.0,1074.0,1172.0,9659.0,9614.0,9752.0,9959.0,9666.0,9294.0,9722.0,9026.0,1192.0,787.5,506.0,834.0,1073.0,1440.5,1510.5,1590.0,1650.5,1628.5,2554.0,1750.0,691.0,1068.0,1307.0,1773.0,2007.0,2087.0,2270.0,2247.0,218.5,177.5,863.0,1254.5,1383.0,1331.0,694.0,658.0,600.0,445.5,161.0,125.0,753.0,1167.0,1427.0,1840.0,1693.0,1616.0,1525.0,1189.0,3092.5,2363.5,939.0,1339.0,1650.0,2025.5,2132.5,2253.5,2353.5,2394.5,"{""type"":""MultiPoint"",""coordinates"":[]}"
831,5,207.0,160.0,163.5,243.5,436.5,618.5,532.5,635.5,702.0,670.5,5144.5,4348.0,1098.5,1410.5,1898.5,2244.5,2376.5,2583.0,2805.0,2994.5,1949.0,1114.0,559.5,681.5,972.0,1232.0,1408.5,1596.0,1820.5,1940.5,3639.0,2973.0,1038.0,1134.0,1469.0,1740.0,1823.0,2026.0,2131.0,2435.0,3350.0,2736.0,750.0,996.0,1419.0,1622.0,1728.0,1902.0,2150.0,2208.0,4186.0,4314.0,1195.0,1507.0,2048.0,2348.0,2461.0,2752.0,2307.0,3040.0,2438.0,1687.0,890.0,1092.0,1338.0,1693.0,1999.0,2252.0,2243.0,2527.0,4073.5,3279.0,1641.0,1865.0,1954.5,2452.5,2877.0,3200.5,3278.0,3477.0,5960.0,5181.0,1630.0,2145.5,2462.5,3180.5,4075.0,4476.0,4485.5,4869.5,5040.0,3929.0,1490.0,1890.0,1929.0,2539.0,4164.0,4618.0,4609.0,5030.0,3352.0,2463.5,3625.5,3341.0,3109.5,3742.0,4751.5,5133.0,5001.5,5199.5,269.0,241.0,228.0,342.0,504.0,652.0,650.0,748.0,827.0,786.0,2734.0,1251.0,391.0,626.5,309.0,925.0,4457.5,5901.5,5776.0,6231.5,2370.0,1077.0,439.5,597.0,303.0,816.5,4144.0,5942.0,5915.0,6240.5,2113.0,877.0,315.0,457.0,236.0,680.0,3646.0,5325.0,5237.0,5644.0,2135.0,1062.0,327.0,509.0,266.0,789.0,3748.0,5266.0,5111.0,5496.0,2285.0,1003.0,322.5,548.0,267.0,872.0,3878.5,5070.0,5174.0,5355.0,2204.5,972.5,371.5,674.5,309.0,1112.0,3937.5,4924.5,4949.0,5274.0,2388.0,1164.5,393.5,905.5,527.0,1651.0,3409.5,3866.5,4115.0,4249.5,3045.0,2177.0,573.0,751.0,949.0,1313.0,1473.0,1649.0,1762.0,1969.0,4073.5,3058.5,840.0,1071.5,1514.0,1806.0,1947.0,2144.0,2344.5,2501.5,3340.0,2886.0,755.0,945.0,1300.0,1507.0,1581.0,1757.0,1875.0,2025.0,338.5,259.0,300.0,309.5,397.0,501.0,532.5,609.5,671.0,675.0,2825.5,2263.5,724.0,911.0,1184.5,1400.5,1489.5,1632.0,1808.5,1876.5,1827.0,1462.5,600.0,682.5,836.5,987.5,1036.0,1171.0,1244.5,1307.5,2835.0,2162.0,608.5,849.0,1133.0,1402.5,1545.0,1685.5,1914.5,1938.0,3118.5,2494.5,701.0,970.5,1244.5,1588.0,1742.5,1889.0,2029.0,2115.0,0.0,0.0,0.0,0.0,0.0,0.0,0.0,0.0,0.0,0.0,2849.0,2155.0,717.0,935.0,1198.0,1490.0,1661.0,1802.0,2035.0,2053.0,0.0,0.0,0.0,0.0,0.0,0.0,0.0,0.0,0.0,0.0,715.0,764.0,10788.0,10452.0,10348.0,10434.0,10081.0,9627.0,9990.0,9163.0,164.0,140.0,3005.0,3125.0,3281.0,2641.0,2938.0,2960.0,3122.0,2783.0,1046.0,596.5,281.0,390.5,580.0,803.5,807.0,957.0,1041.0,1142.0,4047.0,3533.5,2385.5,2464.0,2689.5,2944.0,2979.0,3108.0,3369.5,3279.5,2056.0,1436.0,513.0,698.0,1015.0,1229.0,1328.0,1466.0,1642.0,1747.0,2190.0,1245.0,544.0,692.0,1005.0,1276.0,1360.0,1576.0,1771.0,1910.0,"{""type"":""MultiPoint"",""coordinates"":[]}"
833,5,1360.0,879.0,631.0,819.0,1111.0,1340.0,1356.0,1530.0,1748.0,1697.0,3874.0,3081.0,1082.0,1372.0,1671.0,1916.0,2045.0,2190.0,2349.0,2403.0,1388.5,786.0,651.0,804.5,945.5,1160.5,1263.0,1371.0,1479.0,1540.5,1721.0,988.0,833.0,1016.0,1107.0,1358.0,1585.0,1758.0,1867.0,1868.0,0.0,0.0,0.0,0.0,0.0,0.0,0.0,0.0,0.0,0.0,3581.0,2958.0,1146.0,1341.0,1643.0,1873.0,1993.0,2142.0,2212.0,2415.0,1747.0,1019.0,693.0,803.0,941.0,1146.0,1274.0,1437.0,1398.0,1629.0,3292.0,2605.0,1055.0,1302.0,1480.0,1830.0,2012.0,2266.0,2247.0,2319.0,3818.0,2731.0,1845.0,2133.0,2231.0,2718.0,3039.0,3280.0,3361.0,3405.0,3439.0,2597.0,1011.0,1252.0,1474.0,1836.0,2164.0,2439.0,2446.0,2641.0,2411.5,1376.0,916.5,1038.0,856.0,1297.5,2474.0,2780.0,2808.5,2971.0,701.0,504.0,901.0,1109.0,1376.0,1528.0,1506.0,1571.0,1745.0,1609.0,2402.0,1185.0,476.0,684.0,517.0,1015.0,3037.0,3664.0,3566.0,3825.0,2331.0,1202.0,2014.0,1641.0,1021.0,1396.0,3121.0,3946.0,4652.0,3968.0,1634.0,714.0,377.0,519.0,340.0,778.0,2817.0,3668.0,3505.0,3922.0,2652.5,1926.5,1443.0,1502.5,1265.0,1832.0,3489.5,4184.5,4116.0,4385.5,1935.5,968.0,335.5,549.0,364.0,867.5,2758.5,3408.5,3565.5,3678.0,0.0,0.0,0.0,0.0,0.0,0.0,0.0,0.0,0.0,0.0,2055.0,1070.5,381.5,781.0,553.5,1329.5,2681.0,3082.5,3299.5,3408.0,2542.0,1686.0,425.0,631.0,730.0,1083.0,1378.0,1554.0,1670.0,1883.0,2657.0,1909.0,437.0,609.5,812.5,1059.0,1271.0,1446.0,1616.5,1722.5,2426.5,2088.0,804.0,880.5,1023.5,1230.5,1402.0,1593.5,1804.0,1913.5,0.0,0.0,0.0,0.0,0.0,0.0,0.0,0.0,0.0,0.0,3193.0,2274.0,785.0,995.0,1356.0,1546.0,1691.0,1791.0,2008.0,2089.0,0.0,0.0,0.0,0.0,0.0,0.0,0.0,0.0,0.0,0.0,1750.0,985.0,454.0,617.0,896.0,1078.0,1178.0,1325.0,1455.0,1519.0,2296.0,1593.0,784.5,891.0,1126.0,1332.0,1383.5,1498.0,1651.5,1707.5,0.0,0.0,0.0,0.0,0.0,0.0,0.0,0.0,0.0,0.0,261.0,163.0,401.0,517.0,664.0,839.0,822.0,915.0,1003.0,939.0,0.0,0.0,0.0,0.0,0.0,0.0,0.0,0.0,0.0,0.0,959.0,1036.0,10399.0,10149.0,10140.0,10264.0,9974.0,9607.0,10066.0,9281.0,0.0,0.0,0.0,0.0,0.0,0.0,0.0,0.0,0.0,0.0,169.0,116.0,471.0,584.0,653.0,709.0,496.0,557.0,547.0,438.0,916.5,555.0,515.5,647.5,770.0,884.5,814.0,889.5,987.5,938.5,1075.0,654.0,525.0,680.0,839.0,1049.0,1040.0,1200.0,1326.0,1328.0,865.0,451.0,735.0,834.0,888.0,974.0,974.0,974.0,1338.0,1055.0,"{""type"":""MultiPoint"",""coordinates"":[]}"
847,1,1770.0,995.0,354.0,562.0,681.0,1160.0,1829.0,1965.0,2175.0,2188.0,2558.0,2172.0,677.0,893.0,1166.5,1403.5,1509.0,1677.0,1774.0,1937.5,0.0,0.0,0.0,0.0,0.0,0.0,0.0,0.0,0.0,0.0,2723.0,1733.0,533.0,886.0,713.0,1453.0,2257.0,2483.0,2593.0,2640.0,2538.0,1548.0,490.0,818.0,762.0,1352.0,2102.0,2325.0,2457.0,2486.0,0.0,0.0,0.0,0.0,0.0,0.0,0.0,0.0,0.0,0.0,0.0,0.0,0.0,0.0,0.0,0.0,0.0,0.0,0.0,0.0,2766.0,2021.0,2048.0,1996.0,1855.0,2220.0,3220.0,4120.0,3941.0,4144.0,2591.5,1876.0,1040.5,1272.5,1169.0,1582.5,3295.0,4605.0,4476.5,4837.5,1752.0,710.0,341.0,484.0,262.0,618.0,3024.0,5060.0,5008.0,5388.0,0.0,0.0,0.0,0.0,0.0,0.0,0.0,0.0,0.0,0.0,2579.0,1786.5,534.5,753.5,945.0,1451.0,2026.5,2235.5,2462.5,2501.5,1731.0,696.0,235.0,460.0,241.0,632.0,3109.0,4700.0,4547.0,5006.0,0.0,0.0,0.0,0.0,0.0,0.0,0.0,0.0,0.0,0.0,2096.0,1228.5,605.5,787.0,779.5,1176.5,2198.0,2742.0,2358.0,3156.0,2439.0,1890.0,354.0,490.0,675.0,902.0,1041.0,1208.0,1236.0,1448.0,4557.0,3339.0,803.0,1205.0,1859.0,2240.0,2440.0,2676.0,2763.0,3114.0,4479.0,3299.0,783.0,1148.0,1782.0,2139.0,2285.0,2519.0,2652.0,2969.0,4382.0,3858.0,979.5,1296.5,1833.5,2154.0,2284.5,2459.0,2567.5,2826.5,4211.0,3959.0,3586.0,3756.0,3934.0,4452.0,4655.0,4762.0,4448.0,4938.0,4717.0,4405.0,1004.0,1354.0,1912.0,2269.0,2441.0,2698.0,2817.0,3055.0,3985.5,3409.5,935.5,1263.5,1786.5,2096.0,2281.5,2485.5,2721.0,2856.0,2715.0,1863.0,818.0,987.0,1117.0,1612.0,2257.0,2495.0,2780.0,2771.0,3404.0,2630.0,788.5,1127.5,1554.0,1907.0,2115.5,2319.5,2576.5,2659.5,3752.0,3017.0,903.0,1285.0,1750.0,2172.0,2342.0,2618.0,2807.0,2952.0,3983.0,3318.0,903.5,1303.0,1748.5,2249.0,2634.0,2925.0,2889.5,3361.5,3470.0,2627.0,815.0,1200.0,1558.0,2022.0,2436.0,2633.0,2860.0,2946.0,0.0,0.0,0.0,0.0,0.0,0.0,0.0,0.0,0.0,0.0,3410.0,2837.0,2544.0,2645.0,2736.0,2939.0,3003.0,2948.0,3309.0,2973.0,0.0,0.0,0.0,0.0,0.0,0.0,0.0,0.0,0.0,0.0,0.0,0.0,0.0,0.0,0.0,0.0,0.0,0.0,0.0,0.0,202.0,178.0,8596.0,8677.0,8843.0,9228.0,8796.0,8406.0,8486.0,7804.0,3114.0,2786.0,1690.5,1748.0,1834.5,2357.5,2905.5,3193.5,3006.5,3470.0,0.0,0.0,0.0,0.0,0.0,0.0,0.0,0.0,0.0,0.0,3099.0,2277.0,716.5,962.0,1273.5,1612.5,1814.5,1959.0,2210.5,2294.5,3089.5,2388.0,680.5,920.5,1275.0,1544.0,1698.0,1875.0,2080.0,2162.5,"{""type"":""MultiPoint"",""coordinates"":[]}"
850,2,1739.5,1238.5,336.0,481.0,566.5,875.0,1225.0,1385.0,1569.5,1520.5,3274.5,2578.0,771.0,1113.5,1290.0,1834.5,2342.0,2563.0,2770.5,2853.0,2246.0,1510.5,540.5,768.5,855.5,1273.0,1698.0,1869.0,2046.5,2132.5,2502.5,1750.5,640.5,842.0,909.0,1300.5,1795.0,1975.5,2173.5,2198.5,0.0,0.0,0.0,0.0,0.0,0.0,0.0,0.0,0.0,0.0,0.0,0.0,0.0,0.0,0.0,0.0,0.0,0.0,0.0,0.0,0.0,0.0,0.0,0.0,0.0,0.0,0.0,0.0,0.0,0.0,4116.0,3667.0,873.5,1183.0,1380.5,1815.0,2240.5,2473.5,2655.0,2730.0,3902.0,3069.5,807.5,1148.5,1347.0,1812.5,2655.5,2954.0,2967.5,3232.5,3173.5,2147.0,745.0,996.5,907.5,1483.5,2888.0,3276.5,3339.5,3495.5,2741.0,1583.0,489.0,766.5,560.5,1229.0,3462.0,4133.5,4053.5,4315.5,2451.0,1961.0,558.5,761.0,901.5,1250.5,1715.0,1847.0,2072.5,2079.0,2555.5,1089.5,437.0,717.0,354.5,1113.5,4531.0,5623.0,5416.0,5801.5,2390.0,998.0,504.5,750.5,387.5,1096.5,4587.0,5734.5,5776.5,5879.0,0.0,0.0,0.0,0.0,0.0,0.0,0.0,0.0,0.0,0.0,2398.5,964.0,426.0,684.5,352.0,1166.5,4739.5,5894.0,5702.0,6060.5,2344.5,1007.5,356.0,614.5,381.5,1277.0,4155.0,4873.5,5082.5,5185.0,0.0,0.0,0.0,0.0,0.0,0.0,0.0,0.0,0.0,0.0,2735.0,1640.5,596.5,764.0,798.0,1544.5,2720.5,3091.5,3314.5,3447.0,3323.5,2463.0,951.5,1062.0,1260.0,1581.5,1803.0,1993.5,2065.5,2385.5,2915.5,2064.0,843.5,966.0,1162.0,1443.0,1671.0,1848.0,2100.0,2227.5,3345.0,2511.5,576.0,764.5,976.5,1352.0,1739.5,1980.0,2202.0,2357.0,0.0,0.0,0.0,0.0,0.0,0.0,0.0,0.0,0.0,0.0,2570.5,2196.0,457.0,629.0,889.5,1056.0,1211.5,1366.5,1547.0,1640.0,777.5,547.5,573.5,482.0,459.5,573.0,651.0,731.0,734.0,851.0,1725.5,1108.0,255.5,469.0,549.0,914.0,1319.5,1477.0,1665.0,1715.0,1789.5,1105.0,293.5,547.0,591.0,1016.5,1569.5,1732.5,1946.5,1955.5,0.0,0.0,0.0,0.0,0.0,0.0,0.0,0.0,0.0,0.0,1873.0,1181.0,400.5,648.0,592.0,1096.0,1837.0,2030.0,2265.5,2245.5,0.0,0.0,0.0,0.0,0.0,0.0,0.0,0.0,0.0,0.0,1103.5,1164.5,10735.0,10330.0,10270.0,10410.0,10116.5,9753.5,10161.5,9355.5,0.0,0.0,0.0,0.0,0.0,0.0,0.0,0.0,0.0,0.0,2703.5,2145.0,620.0,854.0,1046.0,1442.5,1915.0,2075.0,2310.0,2298.0,0.0,0.0,0.0,0.0,0.0,0.0,0.0,0.0,0.0,0.0,3546.0,2700.5,2308.5,2392.0,2414.5,2847.5,3276.5,3388.0,3643.5,3518.5,2674.0,1903.0,716.5,1020.0,1081.0,1754.0,2374.5,2567.0,2732.0,2817.0,"{""type"":""MultiPoint"",""coordinates"":[]}"
860,2,2832.0,2071.5,712.5,1054.5,1359.5,1701.5,2044.0,2234.0,2509.5,2431.5,4167.0,3284.5,1005.0,1517.0,1863.5,2376.5,2757.0,2988.5,3214.0,3242.0,3116.5,2191.0,870.5,1228.0,1463.5,1998.0,2359.0,2556.0,2756.5,2809.0,2877.0,2080.5,713.5,1041.5,1196.0,1674.5,2002.0,2194.5,2420.5,2409.0,0.0,0.0,0.0,0.0,0.0,0.0,0.0,0.0,0.0,0.0,6441.0,6204.5,1982.0,2621.0,3492.5,3984.0,4097.0,4405.0,4558.5,4638.0,3437.5,2647.5,931.0,1312.0,1615.0,2145.0,2362.5,2615.5,2669.0,2783.0,3856.5,3025.5,745.5,1285.5,1273.5,2065.5,2616.0,2789.0,2965.0,3013.5,5980.5,4817.0,1828.5,2594.5,2899.0,3857.5,5313.0,5668.0,5689.5,6034.5,4965.5,3837.5,1293.0,1871.0,2032.0,2856.0,4796.5,5328.0,5350.0,5643.5,2909.5,1409.0,636.0,950.0,627.5,1488.5,4129.0,4936.0,4954.0,5217.0,2996.0,2286.0,809.0,1145.5,1448.0,1812.0,2192.5,2363.0,2616.0,2614.0,2664.0,1116.0,467.5,743.5,417.0,1153.5,4711.0,5895.0,5848.0,6082.0,2559.0,1055.0,452.0,736.0,360.5,1092.0,4887.0,6281.5,6350.0,6424.5,2904.0,1387.5,756.5,1022.0,680.5,1423.5,4868.0,6324.5,6235.5,6603.5,2631.5,1166.0,634.0,862.5,620.5,1294.5,4473.5,5562.0,5348.5,5794.5,2491.5,1051.5,368.0,616.0,360.5,1149.0,4178.5,5093.5,5348.0,5428.0,0.0,0.0,0.0,0.0,0.0,0.0,0.0,0.0,0.0,0.0,2263.5,1080.5,335.5,512.5,414.5,1192.5,3294.5,3749.0,4075.5,4159.5,2687.5,1728.0,660.5,817.5,912.0,1411.5,1932.0,2133.0,2290.0,2448.0,2928.0,1985.0,803.5,956.0,1140.0,1499.5,1856.5,2073.0,2337.5,2460.5,3034.0,2123.5,869.5,1034.5,1191.5,1578.5,1918.0,2130.0,2429.5,2540.5,0.0,0.0,0.0,0.0,0.0,0.0,0.0,0.0,0.0,0.0,4011.0,3421.0,1077.0,1505.5,2006.5,2335.0,2545.0,2725.5,3012.5,2996.5,0.0,0.0,0.0,0.0,0.0,0.0,0.0,0.0,0.0,0.0,2499.5,1796.0,502.0,807.0,1116.5,1467.5,1746.5,1905.5,2210.5,2210.5,2824.5,2050.0,596.5,972.0,1202.5,1649.5,2187.5,2358.5,2589.5,2598.5,280.0,97.0,4371.5,3567.5,2849.0,2795.0,2623.0,2549.5,3102.5,2423.0,2469.0,1665.0,550.5,889.5,984.0,1462.0,2222.5,2426.0,2679.0,2671.5,0.0,0.0,0.0,0.0,0.0,0.0,0.0,0.0,0.0,0.0,614.0,682.5,10419.0,10286.0,10266.0,10430.5,10043.0,9662.5,10079.0,9209.5,0.0,0.0,0.0,0.0,0.0,0.0,0.0,0.0,0.0,0.0,2857.0,2073.5,660.0,1046.5,1225.0,1699.5,2341.5,2589.5,2827.0,2763.0,2767.0,1843.5,667.5,1104.5,1084.0,1786.0,2887.0,3147.5,3424.0,3338.5,2290.5,1465.0,1095.5,1427.5,1352.0,2000.5,2693.0,2837.5,3108.0,3025.0,1051.5,795.5,466.0,624.5,710.0,1042.0,1343.5,1488.5,1043.5,1758.0,"{""type"":""MultiPoint"",""coordinates"":[]}"
865,5,1187.0,838.5,482.5,638.0,955.0,1136.0,1180.0,1276.5,1465.5,1364.0,4219.0,3311.0,1215.0,1564.5,2014.5,2354.0,2526.5,2696.0,2988.5,3012.0,1133.5,604.0,470.5,627.0,882.5,1157.5,1301.5,1469.0,1663.5,1718.5,1630.5,1030.0,773.5,926.0,1121.0,1413.0,1562.0,1735.0,1880.0,1982.0,2195.0,1762.0,638.0,796.0,974.0,1122.0,1285.0,1386.0,1305.0,1545.0,3931.0,3368.0,1471.0,1764.0,2191.0,2455.0,2462.0,2653.0,2738.0,2755.0,0.0,0.0,0.0,0.0,0.0,0.0,0.0,0.0,0.0,0.0,4373.0,3502.0,1460.0,1947.0,2216.0,2803.0,3614.0,3822.0,3749.0,4095.0,4777.0,3924.0,1365.0,1865.0,2053.0,2736.0,3853.0,4184.0,4362.0,4472.0,3022.5,1998.0,608.0,932.5,850.5,1502.5,3192.0,3776.5,3852.5,3965.5,2702.0,1329.0,778.0,1068.0,707.0,1358.0,4040.0,4846.0,4764.0,5059.0,869.0,668.0,878.0,1019.0,1256.0,1483.0,1514.0,1608.0,1757.0,1684.0,2827.0,1264.0,343.0,502.0,241.0,809.0,4539.0,6203.0,6051.0,6554.0,2666.0,1193.5,401.5,565.5,273.5,835.0,4484.5,6509.0,6556.0,6798.5,2584.0,1147.0,508.0,532.0,310.0,786.0,4362.0,6045.0,5866.0,6281.0,2428.5,1023.5,264.0,412.0,220.5,709.0,4071.5,5885.5,5718.5,6150.5,2329.0,973.0,194.0,451.0,204.0,778.0,4157.0,5507.0,5677.0,5783.0,3095.0,2173.0,1517.0,1752.5,1527.5,2190.5,4443.0,5229.5,5228.0,5464.0,2109.5,1025.0,372.5,826.5,424.5,1600.5,3698.5,4251.5,4481.5,4584.0,2375.0,1663.0,1119.5,1044.0,1018.0,1320.0,1494.0,1650.5,2027.0,1847.0,2541.0,1829.0,460.0,585.0,821.0,1049.0,1175.0,1339.0,1475.0,1541.0,3167.0,2339.0,715.0,941.0,1319.0,1567.0,1697.0,1837.0,2068.0,2116.0,846.0,1293.5,787.5,748.5,827.5,1033.0,1098.0,1325.5,1320.0,1559.0,3512.5,2737.5,877.5,1106.0,1407.0,1667.0,1835.5,1950.0,2175.0,2164.0,3764.0,3518.0,2376.0,2430.0,2681.0,3118.0,3112.0,3196.0,3377.0,3422.0,976.0,642.5,352.5,547.0,719.5,928.0,994.0,1106.5,1201.5,1192.0,1041.5,731.0,494.5,706.0,892.0,1128.5,1164.5,1242.0,1324.0,1319.0,1494.0,950.0,1530.0,1632.0,1645.0,1880.0,1736.0,1757.0,2002.0,1693.0,244.0,164.5,551.5,642.0,657.5,829.5,734.0,765.5,800.0,689.5,0.0,0.0,0.0,0.0,0.0,0.0,0.0,0.0,0.0,0.0,936.0,1032.0,10832.0,10484.0,10370.0,10500.0,10131.0,9746.0,10098.0,9408.0,267.0,183.5,705.0,842.0,1051.5,1292.0,1218.0,1256.0,1333.5,1246.5,1171.0,693.5,488.5,622.5,813.5,1058.0,1147.5,1281.0,1424.5,1450.5,1040.5,628.5,521.0,682.5,859.0,1101.5,1197.0,1331.5,1496.5,1488.0,908.5,526.5,460.5,625.5,849.0,1084.0,1195.5,1312.5,1460.5,1484.0,2753.0,1961.0,840.5,1112.0,1453.5,1737.5,1845.0,1990.5,2181.0,2215.0,"{""type"":""MultiPoint"",""coordinates"":[]}"
867,1,2667.0,1902.5,645.0,891.5,1029.5,1503.0,2077.5,2198.0,2430.5,2446.0,3218.0,2454.0,883.0,1287.0,1428.0,2084.0,2249.0,2380.0,2506.0,2552.0,3190.0,2386.0,895.0,1299.0,1470.0,2055.0,2342.0,2485.0,2673.0,2691.0,3132.0,2120.0,704.0,1076.0,1044.0,1819.0,2516.0,2672.0,2727.0,2917.0,2461.0,1504.0,473.0,865.0,749.0,1416.0,2508.0,2793.0,2977.0,2972.0,2347.5,1260.5,341.0,587.5,334.5,828.0,3638.0,5099.5,5137.0,5195.5,1800.0,738.0,419.0,582.0,281.0,672.0,3718.0,5491.0,5462.0,5651.0,2580.5,1789.0,1262.5,1418.0,1228.5,1658.5,3649.5,5184.0,5087.0,5275.0,1969.0,851.0,363.0,548.0,323.0,744.0,3239.0,5302.0,5237.0,5615.0,1782.0,741.0,382.5,520.5,291.0,621.5,3054.0,4879.5,4965.5,5206.5,1969.0,849.0,362.0,553.0,338.0,750.0,3228.0,4903.0,5008.0,5290.0,2767.0,2030.0,631.0,886.0,1039.0,1574.0,2143.0,2314.0,2552.0,2542.0,1736.0,768.5,635.0,795.0,514.0,987.5,2953.5,4033.5,3819.5,4402.0,2299.5,1157.5,752.5,942.5,756.0,1271.5,2379.0,2846.0,2839.0,3181.5,2463.0,1506.0,398.0,550.0,704.0,1103.0,1529.0,1803.0,1814.0,2135.0,2821.0,2016.0,550.0,634.0,931.0,1166.0,1273.0,1487.0,1457.0,1708.0,3091.0,2729.5,765.0,1004.5,1281.5,1615.5,1736.0,1884.0,1952.0,2091.0,4594.0,4009.5,2186.5,2446.5,2722.5,3312.0,3563.5,3729.5,3597.0,3925.0,2796.0,2161.5,771.5,1068.0,1406.0,1774.5,1887.0,2050.5,2168.0,2223.5,3081.0,2250.0,1048.0,1366.0,1531.0,2094.0,2402.0,2586.0,2575.0,2772.0,3950.0,3229.0,1071.0,1617.0,1732.0,2494.0,3446.0,3528.0,3606.0,3595.0,3882.0,3098.0,1019.5,1538.0,1578.5,2419.0,3806.0,4072.0,4269.5,4305.0,2678.0,1937.0,652.0,872.0,985.0,1469.0,2131.0,2326.0,2569.0,2542.0,2757.5,1945.5,740.5,1146.5,981.5,1787.5,3328.0,3574.0,3801.0,3772.5,1678.5,1066.0,491.0,729.5,612.0,1233.5,2396.5,2562.0,2791.0,2711.5,1887.0,1121.5,411.0,731.5,667.5,1550.5,2897.5,3187.0,3483.0,3397.5,2046.0,1175.0,419.0,712.0,627.0,1659.0,2985.0,3330.0,3385.0,3500.0,2910.0,2979.0,1960.0,1757.0,1946.0,2548.0,3056.0,3257.0,2795.0,3400.0,2005.5,1303.5,446.0,681.0,662.5,1345.0,2183.0,2411.0,2579.5,2639.5,3554.0,3229.0,2704.0,2698.0,2728.0,2992.0,3198.0,3278.0,3462.0,3371.0,108.0,106.0,7862.0,8000.0,7991.0,8270.0,8002.0,7398.0,7528.0,6799.0,985.0,583.0,1714.0,1955.0,2115.0,2502.0,2636.0,2641.0,2799.0,2584.0,3107.0,2323.0,807.0,1077.0,1323.0,1746.0,2055.0,2238.0,2527.0,2444.0,3146.0,2756.0,939.5,1274.0,1617.5,1914.5,2138.5,2317.5,2445.0,2484.5,3386.0,2766.0,1005.0,1347.0,1861.0,2161.0,2309.0,2460.0,2638.0,2676.0,3090.0,2362.0,882.0,1255.0,1737.0,2060.0,2162.0,2286.0,2463.0,2477.0,"{""type"":""MultiPoint"",""coordinates"":[]}"
881,5,2316.0,1670.5,617.0,762.5,1052.0,1182.5,1293.0,1442.5,1640.0,1654.5,5198.5,4778.5,1611.0,2084.0,2697.5,3025.0,3216.5,3339.0,3670.5,3654.5,2877.0,2093.5,771.0,986.0,1315.0,1557.0,1709.5,1843.0,2009.0,2100.5,3149.5,2334.0,1438.0,1647.5,1892.0,2133.0,2329.0,2504.5,2709.0,2725.5,0.0,0.0,0.0,0.0,0.0,0.0,0.0,0.0,0.0,0.0,5051.5,4404.0,1412.5,1852.0,2191.5,2681.0,3425.0,3777.0,3917.0,4006.5,0.0,0.0,0.0,0.0,0.0,0.0,0.0,0.0,0.0,0.0,3254.5,1887.5,454.5,819.5,579.5,1342.0,3953.0,4656.0,4903.5,4898.0,2853.5,1445.5,352.5,619.5,438.5,1034.5,3996.5,5159.0,5165.5,5546.5,2303.0,1195.5,398.0,593.0,392.5,860.5,3320.0,4553.0,4663.5,4725.0,2276.5,981.5,658.5,755.0,469.0,968.5,4035.0,5620.5,5672.0,5941.0,3255.0,2914.0,946.5,1178.5,1580.5,1736.0,1844.0,1937.0,2273.5,2200.0,2713.5,1502.0,1428.5,1332.5,850.0,1372.5,4298.5,5812.5,5699.0,6149.5,1904.5,833.5,366.0,501.5,292.0,733.5,3407.0,4748.0,4922.0,5042.0,1919.0,941.0,365.0,537.0,353.5,861.5,2945.0,4008.0,3995.0,4334.0,1760.5,809.0,339.5,515.5,295.0,808.5,2981.5,3993.5,3900.5,4211.5,2034.0,1060.5,406.0,807.5,602.0,1425.0,2979.0,3511.5,3739.5,3845.5,0.0,0.0,0.0,0.0,0.0,0.0,0.0,0.0,0.0,0.0,3167.0,2332.0,556.0,739.5,1024.0,1296.5,1488.5,1690.0,1872.5,1974.5,3904.0,2912.5,904.0,1170.0,1515.0,1805.5,1965.0,2077.0,2156.0,2329.5,3646.5,2876.0,852.0,1081.5,1433.5,1678.5,1835.5,2020.5,2202.0,2241.0,3777.5,3055.0,965.0,1179.5,1531.5,1763.0,1971.5,2129.5,2319.0,2357.0,0.0,0.0,0.0,0.0,0.0,0.0,0.0,0.0,0.0,0.0,3505.5,2619.0,885.5,1107.5,1426.0,1673.0,1845.5,2007.0,2238.5,2243.0,0.0,0.0,0.0,0.0,0.0,0.0,0.0,0.0,0.0,0.0,1684.5,1115.0,290.5,441.5,657.5,783.0,842.0,988.5,1087.5,1149.5,2602.0,2081.0,644.5,821.5,1131.0,1330.5,1372.5,1528.5,1664.0,1726.5,1651.5,1159.0,5758.0,5359.0,5187.5,5541.0,5222.5,5152.0,4607.5,5127.0,2183.0,1657.5,564.5,667.5,924.5,1051.0,1176.5,1282.0,1469.0,1458.0,0.0,0.0,0.0,0.0,0.0,0.0,0.0,0.0,0.0,0.0,1010.5,1096.5,11038.5,10602.0,10489.5,10579.5,10199.0,9823.5,10246.0,9491.5,0.0,0.0,0.0,0.0,0.0,0.0,0.0,0.0,0.0,0.0,2904.5,2304.5,785.5,983.0,1335.5,1490.0,1666.5,1752.5,2024.5,1979.5,3897.5,3218.0,1086.5,1430.5,1865.5,2122.5,2304.5,2444.5,2702.0,2753.5,2837.5,2133.5,713.0,921.0,1266.5,1473.0,1595.0,1746.0,1970.0,1979.0,3808.0,3087.0,2162.0,2387.0,2731.0,3159.0,3301.0,3456.0,3250.0,3682.0,"{""type"":""MultiPoint"",""coordinates"":[]}"
886,1,2137.0,1461.0,415.0,601.0,756.0,1068.0,1431.0,1599.0,1860.0,1830.0,3981.0,3279.0,955.0,1268.0,1672.0,1973.0,2177.0,2313.0,2616.0,2642.0,2564.5,1828.5,566.0,772.5,944.5,1292.5,1436.5,1619.0,1816.0,1878.0,2723.0,1798.0,676.0,849.0,1060.0,1370.0,1639.0,1865.0,2106.0,2131.0,0.0,0.0,0.0,0.0,0.0,0.0,0.0,0.0,0.0,0.0,2899.5,1884.5,936.0,1135.0,1102.5,1444.5,2547.0,3018.5,3182.0,3182.0,0.0,0.0,0.0,0.0,0.0,0.0,0.0,0.0,0.0,0.0,0.0,0.0,0.0,0.0,0.0,0.0,0.0,0.0,0.0,0.0,1907.0,864.0,279.0,465.0,271.0,544.0,3068.0,4920.0,4876.0,5187.0,1852.0,804.5,562.0,642.5,405.5,686.5,2987.0,4785.5,4863.5,5220.0,1717.0,764.0,486.0,608.0,385.0,718.0,2711.0,4386.0,4357.0,4595.0,2588.0,1950.0,599.0,780.0,972.0,1300.0,1689.0,1871.0,2148.0,2090.0,3911.0,3389.0,2862.0,2925.0,2797.0,3489.0,4790.0,5421.0,4915.0,5638.0,1620.5,722.0,467.5,621.5,381.0,768.0,2743.0,3993.5,4129.5,4193.0,1875.0,940.0,615.0,884.0,649.0,1202.0,2912.0,3725.0,3685.0,4115.0,1819.0,1036.0,853.5,956.0,871.5,1243.0,2029.0,2375.5,2357.0,2488.5,4695.0,3410.0,1079.0,1471.5,2178.5,2631.5,2795.5,3067.5,3358.0,3547.5,0.0,0.0,0.0,0.0,0.0,0.0,0.0,0.0,0.0,0.0,3277.5,2804.5,841.5,1103.0,1536.5,1763.5,1854.5,2023.5,2199.0,2229.5,2741.0,2102.0,743.0,924.0,1169.0,1483.0,1576.0,1694.0,1770.0,1935.0,3661.0,3051.0,863.0,1175.5,1521.5,1881.5,2052.5,2229.5,2445.5,2518.0,4159.0,3704.0,1061.0,1385.0,1753.0,2216.0,2439.0,2619.0,2857.0,2955.0,0.0,0.0,0.0,0.0,0.0,0.0,0.0,0.0,0.0,0.0,3378.0,2590.0,748.0,1120.0,1283.0,1817.0,2477.0,2649.0,2898.0,2848.0,0.0,0.0,0.0,0.0,0.0,0.0,0.0,0.0,0.0,0.0,2395.0,1598.0,429.0,747.0,832.0,1385.0,2248.0,2418.0,2622.0,2626.0,2105.0,1301.0,406.0,726.0,751.0,1305.0,2238.0,2434.0,2671.0,2597.0,2699.0,2204.0,1277.0,1377.0,1422.0,1968.0,2560.0,2822.0,2273.0,3126.0,2165.0,1375.0,497.0,826.0,759.0,1361.0,2442.0,2808.0,2943.0,2954.0,0.0,0.0,0.0,0.0,0.0,0.0,0.0,0.0,0.0,0.0,1130.0,1182.0,10295.0,9970.0,9976.0,10140.0,9738.0,9525.0,9910.0,9291.0,2417.0,1689.0,590.0,779.0,945.0,1336.0,1676.0,1888.0,2065.0,2143.0,2660.0,1744.0,721.0,971.5,1059.5,1486.0,2027.5,2211.5,2526.0,2432.0,0.0,0.0,0.0,0.0,0.0,0.0,0.0,0.0,0.0,0.0,2235.0,1383.0,438.0,765.0,822.0,1474.0,2057.0,2250.0,2516.0,2478.0,3098.0,2201.0,888.5,1143.5,1414.5,1791.0,1956.5,2146.5,2409.5,2444.0,"{""type"":""MultiPoint"",""coordinates"":[]}"
921,176,1790.0,914.0,449.0,797.0,910.0,1685.0,2524.0,2808.0,3096.0,3177.0,2148.0,1280.5,883.0,1176.5,795.0,1597.5,4339.5,5367.5,5550.0,5518.5,0.0,0.0,0.0,0.0,0.0,0.0,0.0,0.0,0.0,0.0,2029.0,1006.5,675.5,1213.0,577.5,1907.0,5271.5,6289.0,6425.5,6684.5,1995.0,970.0,464.0,1016.0,506.0,1827.0,4653.0,5443.0,5691.0,5825.0,2315.0,1227.0,552.0,1066.0,754.0,1887.0,3597.0,4116.0,4309.0,4706.0,2785.0,2339.0,741.0,913.0,1156.0,1430.0,1740.0,1946.0,1985.0,2185.0,2785.0,2056.0,739.0,919.0,932.0,1430.0,2320.0,2627.0,2580.0,2802.0,2446.5,1243.0,553.5,1019.5,497.5,1290.5,4171.0,4868.5,5550.5,4996.5,2849.0,1311.0,558.0,1080.0,382.0,1388.0,5564.0,7034.0,7004.0,7318.0,3746.0,3176.5,2082.5,2225.0,2316.5,2874.5,3604.0,3933.5,3815.5,4207.5,0.0,0.0,0.0,0.0,0.0,0.0,0.0,0.0,0.0,0.0,3081.0,2028.0,824.0,1131.0,1105.5,1660.5,2578.0,2863.0,2969.0,3294.5,2809.0,1568.0,628.0,951.0,735.0,1365.0,3401.0,4151.0,4171.0,4461.0,2809.0,1664.0,628.0,884.0,735.0,1327.0,2776.0,3407.0,3419.0,3860.0,2588.0,1636.0,677.0,917.0,706.0,1322.0,3095.0,3874.0,3908.0,4289.0,2961.0,1922.0,607.0,880.0,852.0,1410.0,2622.0,3076.0,3195.0,3565.0,3470.5,2140.0,686.0,927.5,1057.5,1580.0,2413.5,2882.5,3024.0,3326.0,3150.0,2060.0,583.5,809.5,930.0,1395.5,2269.5,2668.5,2930.5,3047.5,3054.5,1962.5,940.0,1057.5,1006.0,1481.5,2503.0,2950.0,3082.0,3304.5,2595.0,1471.0,422.0,704.0,586.0,1168.0,2768.0,3289.0,3372.0,3587.0,2853.0,1677.0,539.0,827.0,788.0,1386.0,2664.0,3085.0,3142.0,3478.0,2221.0,1348.0,782.0,1037.0,1125.0,1880.0,2889.0,3114.0,3468.0,3439.0,2825.0,1908.0,526.0,825.0,906.0,1469.0,2111.0,2416.0,2722.0,2790.0,2824.5,1865.0,514.5,837.5,1011.5,1587.0,2286.5,2556.0,2861.0,2945.0,2980.0,1952.0,588.0,978.0,1028.0,1735.0,3040.0,3362.0,3643.0,3674.0,2922.0,1831.0,570.5,946.5,986.0,1718.5,3094.0,3435.0,3684.5,3789.0,2761.5,1603.0,534.0,946.5,896.0,1749.5,3610.0,3924.0,4221.5,4258.0,2447.0,1391.0,493.0,948.0,766.0,1720.0,3773.0,4289.0,4584.0,4474.0,0.0,0.0,0.0,0.0,0.0,0.0,0.0,0.0,0.0,0.0,625.0,705.0,9877.0,9742.0,9822.0,10032.0,9662.0,9383.0,9546.0,8956.0,1890.0,1067.0,762.0,1156.0,1217.0,2028.0,3075.0,3330.0,3528.0,3570.0,2986.0,1868.5,622.5,950.5,963.5,1645.5,2717.0,3018.5,3342.0,3353.0,2518.0,1356.0,526.0,933.0,620.0,1487.0,3449.0,3938.0,4353.0,4253.0,1985.5,896.5,384.5,763.0,348.0,1205.5,4153.0,5071.5,5360.0,5278.5,1777.0,810.0,331.0,733.0,284.0,1192.0,4310.0,5322.0,5765.0,5514.0,"{""type"":""MultiPoint"",""coordinates"":[]}"
930,5,1851.5,1109.0,505.5,843.0,908.5,1447.5,2011.0,2080.5,2243.0,2262.0,2952.5,2011.0,755.5,1579.0,1513.5,2412.5,3218.0,3328.5,3424.0,3526.5,2098.0,1223.0,700.5,1301.0,1334.5,2066.5,2433.5,2597.5,2725.5,2788.5,3248.5,2497.5,827.0,1110.0,1434.5,1751.0,1899.0,2086.0,2280.0,2373.5,3051.0,2179.0,669.0,959.0,1241.0,1520.0,1689.0,1848.0,2035.0,2118.0,2129.0,2068.0,906.0,968.0,1048.0,1175.0,1236.0,1523.0,1380.0,1946.0,3636.0,2709.0,886.0,1161.0,1373.0,1813.0,2001.0,2242.0,2330.0,2461.0,5563.5,4727.0,1575.0,2084.0,2517.5,3029.5,3170.0,3372.0,3493.0,3703.0,4658.5,4045.0,1377.0,1822.0,2302.5,2625.5,2757.0,2958.5,3065.5,3236.5,4773.0,4148.5,1443.0,1897.0,2448.5,2825.0,2924.0,3149.0,3190.0,3430.5,4606.5,3802.5,3029.5,2997.0,3101.0,3540.0,3579.5,3755.5,3970.5,3998.5,3124.0,2393.0,776.0,1123.0,1259.0,1802.0,2312.0,2446.0,2614.0,2599.0,4753.0,3953.0,1234.0,1760.0,2104.0,2700.0,3341.0,3669.0,3575.0,3927.0,4262.5,3323.5,1090.0,1530.0,1615.0,2250.5,3512.0,3951.0,3960.5,4196.5,3598.0,2320.0,837.0,1274.0,1250.0,1908.0,3581.0,4102.0,4147.0,4291.0,2879.5,1661.0,486.5,769.0,658.5,1202.5,3454.5,4369.0,4194.5,4628.0,2250.0,1345.0,405.0,666.0,588.0,1054.0,2933.0,3714.0,3597.0,3914.0,2104.5,1223.5,475.0,705.5,553.5,1052.0,2931.0,3676.5,3679.0,3918.5,1936.0,1050.5,421.0,794.0,551.5,1271.0,2883.0,3308.0,3462.0,3638.5,3211.5,2409.5,615.5,870.0,1056.5,1418.5,1694.0,1879.0,1950.0,2184.5,3572.0,2906.0,673.5,892.5,1184.0,1451.5,1596.0,1787.0,1911.5,2045.5,3507.5,2865.5,725.0,964.0,1262.0,1498.5,1699.5,1884.5,2022.5,2120.5,2090.0,1418.0,685.0,921.0,974.5,1438.5,1959.0,2056.5,2201.0,2186.0,3297.5,2587.5,799.5,1022.0,1260.5,1534.5,1772.0,1937.0,2087.0,2139.5,2628.0,1726.0,684.0,848.0,1011.0,1290.0,1620.0,1773.0,1915.0,1978.0,2722.5,1916.0,586.0,864.0,990.5,1337.0,1737.0,1885.5,2130.0,2096.0,2977.0,2215.0,622.0,938.0,1068.0,1487.0,1981.0,2135.0,2327.0,2332.0,2708.0,1980.0,4126.0,3928.0,3672.0,3371.0,3366.0,3344.0,3982.0,3323.0,2389.0,1721.0,803.5,1033.5,976.0,1401.0,1997.5,2148.5,2321.5,2297.0,0.0,0.0,0.0,0.0,0.0,0.0,0.0,0.0,0.0,0.0,1170.0,1243.0,10660.0,10442.0,10392.0,10466.0,10153.0,9761.0,10214.0,9335.0,923.5,569.5,2963.0,3152.5,3222.5,3427.0,3687.0,3638.0,3825.0,3564.0,2584.0,1634.5,650.5,1027.5,1065.0,1719.0,2444.5,2602.5,2770.0,2730.0,3184.5,2393.5,1577.5,1907.0,1893.0,2489.0,3104.5,3243.5,3414.5,3354.5,2379.0,1435.0,564.0,1010.0,923.0,1740.0,2778.0,2976.0,3132.0,3113.0,1962.0,1113.0,692.0,1242.0,1113.0,2030.0,2985.0,3130.0,3260.0,3331.0,"{""type"":""MultiPoint"",""coordinates"":[]}"
939,3,2375.0,1652.0,708.0,955.0,1237.0,1455.0,1586.0,1699.0,1938.0,1867.0,5003.0,4676.0,1599.0,2121.0,2718.0,3039.0,3133.0,3271.0,3555.0,3528.0,2587.5,1809.0,788.5,1058.5,1327.0,1592.0,1687.0,1821.0,1977.5,1998.5,4087.5,3605.5,1280.5,1728.0,2144.5,2537.0,2665.5,2840.0,2977.5,3063.0,3090.0,2328.0,1001.0,1377.0,1722.0,1928.0,2067.0,2182.0,2434.0,2375.0,7175.0,6734.0,3022.0,3482.0,3976.0,4765.0,5283.0,5675.0,5136.0,6092.0,2239.0,1486.0,1446.0,1706.0,1805.0,2302.0,2547.0,2738.0,2525.0,2879.0,3370.5,2348.0,676.5,1137.0,1042.5,1783.0,3045.0,3490.0,3492.5,3646.0,2146.5,1376.5,575.5,935.5,774.5,1303.0,2774.0,3477.0,3465.0,3413.0,1598.0,786.0,418.0,559.0,281.0,715.0,2989.0,4516.0,4396.0,4631.0,1721.0,865.0,370.0,574.5,270.5,796.5,3286.5,4936.0,4820.0,5101.5,2706.0,2154.0,819.0,1067.0,1346.0,1564.0,1657.0,1788.0,2041.0,1965.0,1345.0,610.0,356.0,532.0,240.0,709.0,2964.0,4167.0,4211.0,4393.0,1176.0,553.0,434.0,618.0,343.0,820.0,2803.0,3954.0,4062.0,4127.0,1439.0,665.0,528.0,912.0,502.0,1367.0,3340.0,4196.0,4168.0,4495.0,1621.0,883.0,609.0,1057.0,767.0,1663.5,3320.5,3965.0,3899.0,4276.5,1916.0,1080.0,585.0,1041.0,960.0,1861.0,2815.0,3138.0,3410.0,3537.0,1977.0,1120.0,554.0,935.0,1100.0,1813.0,2449.0,2756.0,2931.0,3177.0,4268.5,3365.0,1205.5,1625.0,2283.0,2655.0,2754.5,2976.5,3161.5,3285.0,4454.0,3391.0,1270.0,1653.0,2215.0,2604.0,2757.0,2910.0,3032.0,3240.0,4159.0,3054.0,1167.0,1568.0,2070.0,2473.0,2669.0,2883.0,3159.0,3204.0,4119.0,3109.0,1307.5,1707.5,2144.5,2588.5,2815.5,2967.0,3178.5,3243.5,2990.0,2426.0,746.0,1081.0,1390.0,1655.0,1787.0,1899.0,2104.0,2140.0,3818.0,2796.5,1204.5,1555.0,2004.5,2388.0,2568.5,2738.0,3003.5,3039.0,4052.5,3422.5,3692.5,3395.5,3528.0,3813.5,3847.0,3917.0,4065.0,4126.5,3096.0,2158.5,1006.0,1354.0,1888.5,2207.5,2346.5,2528.0,2781.0,2792.0,3531.5,2612.0,1131.5,1501.0,2022.0,2354.0,2484.5,2674.0,2829.5,2935.5,0.0,0.0,0.0,0.0,0.0,0.0,0.0,0.0,0.0,0.0,2548.5,1984.0,2212.5,2191.5,2350.5,2546.0,2512.0,2582.0,2764.5,2683.0,0.0,0.0,0.0,0.0,0.0,0.0,0.0,0.0,0.0,0.0,936.0,1028.0,10954.0,10682.0,10548.0,10594.0,10207.0,9831.0,10274.0,9394.0,2087.0,1945.0,4870.5,4870.5,4957.0,5242.5,5066.5,4917.0,5100.5,4820.0,2679.0,1931.5,737.5,1066.0,1354.5,1618.0,1761.5,1903.5,2102.0,2092.0,3399.0,2704.5,1975.5,2123.5,2348.5,2575.5,2656.0,2786.5,3095.0,2922.0,3218.0,2472.0,983.0,1347.0,1765.0,2027.0,2141.0,2296.0,2528.0,2512.0,3588.0,2771.0,1174.0,1567.0,1940.0,2269.0,2391.0,2550.0,2722.0,2755.0,"{""type"":""MultiPoint"",""coordinates"":[]}"
946,2,2294.5,1413.5,444.0,716.0,834.0,1359.5,1931.5,2185.0,2477.5,2516.0,3395.0,3297.0,912.5,1223.0,1610.5,1818.0,1899.0,2020.0,2193.0,2208.0,2000.0,1465.5,567.5,735.0,991.5,1158.0,1242.0,1364.0,1482.0,1522.0,704.5,551.5,330.5,346.5,408.5,472.5,494.0,546.0,510.0,651.5,5201.5,4899.0,1676.5,2181.5,2737.5,3171.5,3287.5,3447.5,3482.5,3770.0,2101.5,1865.0,726.0,926.5,1139.0,1250.0,1345.0,1424.5,1506.0,1539.5,0.0,0.0,0.0,0.0,0.0,0.0,0.0,0.0,0.0,0.0,5018.0,4906.0,1442.0,1923.0,2377.0,2865.5,3007.0,3248.5,3399.0,3515.0,0.0,0.0,0.0,0.0,0.0,0.0,0.0,0.0,0.0,0.0,3341.0,2182.5,1062.0,1305.5,1183.5,1875.5,3202.0,3510.0,3554.5,3789.5,2783.5,1580.5,528.0,823.5,634.5,1355.0,3539.0,4201.5,4146.5,4343.0,2852.5,2015.5,603.5,852.5,1035.0,1556.0,2121.0,2354.5,2660.0,2726.5,3006.5,1528.0,529.0,816.5,516.0,1288.0,4614.0,5918.5,5707.5,6220.5,2349.0,980.5,419.5,679.0,354.5,1042.5,4437.0,5759.0,5802.0,5788.0,0.0,0.0,0.0,0.0,0.0,0.0,0.0,0.0,0.0,0.0,2413.5,971.5,451.0,700.0,376.0,1150.5,4717.0,5986.0,5760.0,6163.0,2288.5,958.0,374.0,667.5,353.0,1147.5,4433.0,5520.0,5719.5,5749.5,0.0,0.0,0.0,0.0,0.0,0.0,0.0,0.0,0.0,0.0,2280.0,1152.0,338.0,538.5,457.5,1321.0,3232.0,3805.0,4004.0,4170.5,1752.5,780.5,679.5,770.5,589.0,1206.0,2435.5,2667.0,3069.0,2852.5,2110.5,1134.0,347.0,536.5,491.0,1108.0,2513.5,2938.5,3222.0,3307.0,2594.5,1501.0,613.0,786.0,815.5,1486.5,2562.5,2969.0,3194.5,3464.5,0.0,0.0,0.0,0.0,0.0,0.0,0.0,0.0,0.0,0.0,2539.0,1678.0,747.5,884.5,1022.5,1373.0,1697.0,1926.5,2230.0,2322.0,1875.0,1123.5,983.0,967.0,1011.5,1190.0,1309.0,1448.0,1707.5,1667.0,2028.0,1204.0,494.5,625.0,813.5,1050.0,1281.5,1464.0,1761.0,1880.0,2485.0,1574.5,301.5,534.5,727.5,1046.5,1430.5,1630.0,1957.5,2081.0,0.0,0.0,0.0,0.0,0.0,0.0,0.0,0.0,0.0,0.0,2418.0,1573.5,388.5,580.0,702.0,1061.5,1514.5,1704.5,2036.0,2082.5,0.0,0.0,0.0,0.0,0.0,0.0,0.0,0.0,0.0,0.0,1023.5,1126.0,9924.0,9816.0,9963.0,10187.0,9880.0,9591.5,9951.5,9297.0,0.0,0.0,0.0,0.0,0.0,0.0,0.0,0.0,0.0,0.0,2766.5,1955.5,569.0,835.0,976.5,1479.0,2099.5,2328.0,2629.0,2610.0,2901.5,2405.0,905.0,1189.5,1529.0,1768.0,1884.0,2071.0,2302.0,2275.5,1993.5,1440.0,551.0,776.5,1061.0,1308.5,1411.0,1554.5,1719.5,1720.5,4506.0,3896.0,2794.0,2918.5,3117.0,3463.5,3570.0,3634.5,3896.5,3763.5,"{""type"":""MultiPoint"",""coordinates"":[]}"
966,1,1989.5,1209.5,454.5,735.0,795.5,1630.0,2427.0,2598.0,2886.5,2844.5,3447.0,3090.0,964.0,1337.0,2032.0,2311.0,2428.0,2538.0,2687.0,2829.0,2810.0,2092.0,838.0,1175.0,1651.0,2011.0,2162.0,2316.0,2526.0,2507.0,3094.0,2403.0,912.0,1340.0,1728.5,2224.0,2465.5,2632.0,2749.0,2799.5,2732.0,1977.0,741.0,1168.0,1501.0,1936.0,2314.0,2497.0,2641.0,2624.0,5999.5,4968.0,4037.5,4305.5,4351.0,5096.5,5569.5,5781.5,5824.0,5938.0,0.0,0.0,0.0,0.0,0.0,0.0,0.0,0.0,0.0,0.0,2125.0,924.0,323.0,552.0,272.0,699.0,3681.0,5571.0,5421.0,5722.0,3768.0,3043.0,3052.0,3122.5,3026.5,3534.5,5079.5,6093.0,5985.0,6150.5,1870.0,811.0,341.0,524.0,286.0,690.0,3305.0,5053.0,5095.0,5262.0,2012.0,914.0,356.0,604.0,362.0,796.0,3323.0,5015.0,5041.0,5225.0,2230.0,1402.0,473.0,739.0,904.0,1731.0,2416.0,2600.0,2861.0,2874.0,2254.5,1004.0,681.5,1000.0,675.0,1346.0,3605.5,4699.0,4659.5,5068.0,1276.5,665.5,565.5,713.0,593.0,957.0,1654.0,1925.0,1892.5,2116.5,2532.5,1712.0,434.0,591.0,821.5,1091.5,1325.0,1516.5,1604.0,1826.0,2414.0,1735.0,631.0,663.0,783.0,1058.0,1183.0,1353.0,1398.0,1508.0,2897.5,1938.0,504.5,707.5,952.0,1342.5,1633.5,1803.5,1860.0,2055.0,4681.0,3128.0,1138.0,1592.0,2173.0,2743.0,3206.0,3536.0,3768.0,3952.0,3171.0,2304.0,888.0,1241.0,1754.0,2105.0,2341.0,2553.0,2671.0,2767.0,3150.5,2790.0,2341.0,2377.5,2604.0,2976.0,3153.0,3290.5,3084.0,3523.5,4021.0,3626.0,1098.0,1581.0,2278.0,2593.0,2788.0,2928.0,3216.0,3195.0,4416.0,4219.5,1271.5,1742.0,2408.0,2792.0,2973.5,3161.0,3330.0,3363.0,2487.0,1989.0,1273.0,1363.0,1387.0,1840.0,2234.0,2339.0,2716.0,2505.0,3056.0,2392.5,761.0,1169.5,1455.5,1975.5,2396.5,2553.5,2770.5,2775.5,3766.5,3040.5,1185.0,1626.5,1858.5,2503.5,3248.0,3395.0,3615.0,3575.0,2368.0,1567.0,540.0,946.0,1054.0,1686.0,2591.0,2735.0,3057.0,2979.0,2537.0,1792.0,781.0,1174.0,1299.0,1911.0,2635.0,2838.0,3004.0,3047.0,0.0,0.0,0.0,0.0,0.0,0.0,0.0,0.0,0.0,0.0,1994.0,1277.0,548.0,900.0,805.0,1621.0,2623.0,2806.0,3021.0,3009.0,0.0,0.0,0.0,0.0,0.0,0.0,0.0,0.0,0.0,0.0,107.0,114.0,8309.0,8480.0,8661.0,8944.0,8574.0,7877.0,8082.0,7298.0,989.0,598.0,3198.0,3446.0,3765.0,4178.0,4137.0,4041.0,4259.0,3994.0,2799.0,2232.0,787.0,1045.0,1448.0,1728.0,1896.0,2095.0,2410.0,2386.0,3064.0,2245.5,1218.0,1374.5,1644.5,1998.5,2137.0,2337.0,2478.5,2560.5,3306.0,2447.0,773.0,1067.0,1419.0,1754.0,1917.0,2075.0,2319.0,2413.0,3643.0,2774.0,874.0,1209.0,1593.0,2007.5,2203.5,2427.5,2660.5,2760.5,"{""type"":""MultiPoint"",""coordinates"":[]}"
993,5,3215.5,2395.0,768.5,1009.0,1381.5,1614.0,1740.0,1871.0,2118.5,2156.0,4905.0,4261.0,1189.0,1611.0,2116.0,2514.0,2777.0,2968.0,3191.0,3322.0,3487.0,2529.0,879.0,1121.0,1506.0,1830.0,1973.0,2164.0,2382.0,2462.0,4156.0,3382.0,1173.0,1440.0,1804.0,2100.0,2263.0,2444.0,2668.0,2723.0,4080.0,3303.0,913.0,1258.0,1677.0,1996.0,2304.0,2499.0,2742.0,2770.0,4929.0,4084.0,1063.0,1530.0,1907.0,2457.0,3182.0,3522.0,3748.0,3860.0,1133.0,808.0,488.0,527.0,513.0,665.0,981.0,1122.0,1023.0,1235.0,2847.0,2600.0,2910.0,2940.0,2847.0,3155.0,3182.0,3175.0,2885.0,3198.0,4896.0,4552.0,1266.0,1649.0,2197.0,2546.0,2672.0,2848.0,2882.0,3162.0,5194.0,4580.5,1212.5,1740.5,2259.5,2726.5,3049.5,3258.0,3378.5,3587.5,5054.0,4514.0,1130.0,1600.0,1976.0,2500.0,3090.0,3370.0,3404.0,3657.0,3606.0,2884.0,820.0,1062.0,1452.0,1672.0,1796.0,1944.0,2180.0,2204.0,4664.0,3408.0,1355.0,1596.0,1574.0,2152.0,3700.0,4201.0,4188.0,4590.0,3435.0,2112.5,1328.5,1474.0,1294.5,1901.5,3777.5,4433.0,4352.0,4684.5,2311.0,1260.0,394.0,554.0,354.0,790.0,3264.0,4165.0,4025.0,4193.0,2597.5,1381.0,412.5,628.0,449.0,987.5,3906.5,5119.5,5016.0,5334.5,1860.5,796.5,163.5,364.5,175.5,634.0,3447.0,4535.0,4570.5,4748.5,4819.0,3712.0,5302.5,5066.0,4824.0,5430.5,6573.5,7015.0,6878.0,7119.5,2117.0,960.0,308.0,590.0,321.0,1046.0,2888.0,3339.0,3594.0,3803.0,2704.0,1741.0,571.0,861.0,833.0,1494.0,2033.0,2263.0,2425.0,2595.0,3550.0,2838.0,661.0,852.0,1140.0,1415.0,1570.0,1758.0,1887.0,2108.0,3675.5,2751.5,840.0,1083.0,1509.5,1773.5,1870.5,2013.5,2191.0,2329.5,3655.0,3408.5,1968.5,2093.5,2388.5,2776.5,2989.0,3179.0,2776.5,3487.5,3561.5,2785.0,904.5,1116.5,1488.0,1706.0,1837.5,1962.5,2176.0,2212.0,3732.0,2990.0,1051.0,1259.0,1605.0,1840.0,1939.0,2077.0,2291.0,2331.0,3210.0,2371.0,859.0,1092.0,1443.0,1654.5,1821.5,1971.0,2242.0,2210.0,1186.0,759.0,610.0,657.0,738.0,886.0,1016.0,1095.0,1198.0,1267.0,0.0,0.0,0.0,0.0,0.0,0.0,0.0,0.0,0.0,0.0,2957.5,2145.0,828.5,1017.0,1212.5,1537.0,1941.5,2119.0,2216.0,2279.5,0.0,0.0,0.0,0.0,0.0,0.0,0.0,0.0,0.0,0.0,72.0,80.0,9810.0,9818.0,9818.0,10024.0,9560.0,8862.0,9012.0,8161.0,232.0,174.0,6066.0,5983.0,6080.0,6302.0,6112.0,5822.0,5954.0,5588.0,3292.5,2499.5,790.0,1044.5,1364.5,1646.0,1858.0,2016.5,2243.0,2226.5,3950.5,3401.0,1737.5,1925.0,2221.5,2463.5,2588.0,2718.0,2981.5,2919.0,3548.0,2815.0,839.0,1092.0,1441.0,1710.0,1888.0,2030.0,2289.0,2299.0,2963.0,2297.0,761.0,1000.0,1334.0,1635.0,1818.0,1988.0,2170.0,2267.0,"{""type"":""MultiPoint"",""coordinates"":[]}"
994,3,2058.0,1394.0,693.0,886.0,1137.0,1338.0,1420.0,1529.0,1729.0,1693.0,3805.0,3069.0,1124.0,1541.0,1708.0,2344.0,2739.0,2893.0,2984.0,3133.0,2363.5,1449.5,671.0,1038.5,1022.5,1698.5,2343.5,2499.5,2647.5,2691.0,2233.0,1333.0,678.0,1063.0,1001.0,1725.0,2388.0,2582.0,2804.0,2778.0,3751.0,2794.0,904.0,1401.0,1526.0,2276.0,2974.0,3195.0,3459.0,3502.0,0.0,0.0,0.0,0.0,0.0,0.0,0.0,0.0,0.0,0.0,0.0,0.0,0.0,0.0,0.0,0.0,0.0,0.0,0.0,0.0,5107.0,4594.0,2195.0,2767.0,3127.0,3640.0,3874.0,4102.0,4044.0,4304.0,5337.0,4971.0,1913.0,2452.0,2935.0,3384.0,3592.0,3777.0,3952.0,3985.0,5357.5,4887.0,2046.0,2500.5,2922.5,3395.5,3745.0,4065.0,4115.5,4289.0,3545.0,2753.0,1555.0,1755.5,1908.5,2275.5,2585.0,2857.0,2881.0,3045.5,2996.0,2457.0,1002.0,1213.0,1537.0,1773.0,1799.0,1914.0,2158.0,2090.0,911.0,520.5,484.0,634.0,534.0,934.5,1675.5,2047.0,1909.0,2029.0,1005.0,509.5,467.0,575.0,393.0,731.0,1848.5,2585.5,2421.0,2595.5,1169.0,556.0,289.0,415.5,259.5,560.5,1909.5,2814.5,2720.0,3079.5,1253.0,614.0,263.0,416.0,225.0,612.0,2119.0,3315.0,3114.0,3562.0,1277.0,580.0,195.0,403.0,203.0,632.0,2324.0,3468.0,3350.0,3557.0,1131.0,520.0,89.0,302.0,127.0,601.0,2272.0,3105.0,3155.0,3437.0,1273.0,636.0,305.0,543.0,346.0,971.0,2428.0,3140.0,3300.0,3481.0,1481.5,762.0,384.5,641.0,503.0,1193.5,2351.0,2820.0,2885.0,3126.0,1791.0,990.0,367.0,721.0,656.0,1414.0,2544.0,3059.0,3131.0,3337.0,1887.0,1083.0,440.0,744.0,917.0,1641.0,2182.0,2543.0,2714.0,2947.0,3176.5,2534.0,1226.0,1462.0,1752.0,2021.0,2159.0,2342.0,2428.5,2593.0,1842.0,1141.0,426.0,713.0,935.0,1516.0,1911.0,2191.0,2521.0,2525.0,1904.0,1208.0,532.0,771.0,1256.0,1718.0,1953.0,2208.0,2471.0,2571.0,2500.0,1621.5,647.5,989.0,1562.5,1878.0,2041.5,2240.0,2578.5,2596.5,2438.0,1598.5,700.0,1016.0,1529.5,1797.0,1916.0,2090.0,2345.5,2407.5,0.0,0.0,0.0,0.0,0.0,0.0,0.0,0.0,0.0,0.0,1936.0,1353.5,1918.0,1863.5,1932.0,2102.5,2087.0,2122.5,2145.5,2198.5,0.0,0.0,0.0,0.0,0.0,0.0,0.0,0.0,0.0,0.0,1184.0,1247.0,10930.0,10598.0,10460.0,10589.0,10207.0,9791.0,10236.0,9421.0,1000.5,756.5,1282.0,1464.5,1609.0,1908.0,1816.5,1749.5,1746.0,1767.0,2708.0,2005.5,795.5,1064.0,1329.5,1587.5,1672.5,1795.0,1979.0,1973.5,3055.0,2312.0,978.0,1281.0,1480.0,1834.0,2001.0,2139.0,2274.0,2287.0,2702.0,1955.0,803.0,1112.0,1320.0,1648.0,1842.0,1950.0,2070.0,2101.0,2896.0,1922.0,1299.0,1731.0,2009.0,2396.0,2653.0,2726.0,3061.0,2831.0,"{""type"":""MultiPoint"",""coordinates"":[]}"
1033,1,1620.0,997.0,429.0,657.0,863.0,1057.0,1196.0,1274.0,1435.0,1461.0,3462.0,2722.5,1587.0,1806.0,2019.0,2327.5,2434.5,2546.0,2787.5,2718.0,0.0,0.0,0.0,0.0,0.0,0.0,0.0,0.0,0.0,0.0,5389.0,4872.0,1905.0,2458.0,2889.0,3376.0,3852.0,4000.0,4154.0,4293.0,4014.0,3306.0,1190.0,1643.0,1930.0,2369.0,2862.0,3059.0,3236.0,3296.0,0.0,0.0,0.0,0.0,0.0,0.0,0.0,0.0,0.0,0.0,3289.0,2741.0,3164.0,3329.0,3361.0,3659.0,4036.0,4434.0,4004.0,4443.0,0.0,0.0,0.0,0.0,0.0,0.0,0.0,0.0,0.0,0.0,2336.0,1822.0,1661.5,1703.0,1600.5,1998.0,3576.5,4793.5,4478.5,4993.5,1712.0,695.0,479.0,592.0,336.0,648.0,3056.0,5098.0,5064.0,5435.0,0.0,0.0,0.0,0.0,0.0,0.0,0.0,0.0,0.0,0.0,2453.5,1882.5,729.5,954.5,1180.5,1381.0,1501.5,1613.5,1802.5,1790.0,1747.0,751.0,358.0,545.0,303.0,708.0,2991.0,4448.0,4334.0,4793.0,3308.5,2320.0,1909.5,2125.5,1970.5,2585.5,4162.5,4973.0,4715.0,5189.0,1651.0,996.5,379.5,516.0,509.0,811.0,1290.5,1504.0,1544.5,1679.5,3893.5,2743.5,718.0,946.5,1366.0,1737.5,1952.0,2223.0,2265.0,2614.5,4610.0,3187.0,834.0,1196.0,1842.0,2242.0,2399.0,2655.0,2797.0,3110.0,4459.0,3256.0,866.0,1175.0,1727.0,2077.0,2299.0,2519.0,2696.0,2920.0,3824.5,3370.0,929.5,1164.0,1546.0,1780.5,1933.0,2085.5,2191.5,2361.5,0.0,0.0,0.0,0.0,0.0,0.0,0.0,0.0,0.0,0.0,4111.0,3562.0,1142.0,1552.0,1874.0,2267.0,2309.0,2432.0,2632.0,2690.0,3199.5,2951.0,928.5,1208.0,1577.5,1770.5,1840.0,1962.5,2069.5,2137.5,2783.0,2298.5,1257.0,1366.0,1526.0,1745.0,1799.5,1933.0,2044.5,2053.0,2593.0,2153.0,718.5,983.5,1262.5,1461.5,1562.0,1661.5,1827.0,1854.5,0.0,0.0,0.0,0.0,0.0,0.0,0.0,0.0,0.0,0.0,2609.0,2032.0,655.0,939.0,1180.0,1457.0,1763.0,1866.0,2112.0,2077.0,3460.0,2856.0,894.0,1328.0,1510.0,1982.0,2570.0,2657.0,2852.0,2905.0,0.0,0.0,0.0,0.0,0.0,0.0,0.0,0.0,0.0,0.0,0.0,0.0,0.0,0.0,0.0,0.0,0.0,0.0,0.0,0.0,0.0,0.0,0.0,0.0,0.0,0.0,0.0,0.0,0.0,0.0,0.0,0.0,0.0,0.0,0.0,0.0,0.0,0.0,0.0,0.0,293.0,231.0,7662.0,7760.0,7836.0,8114.0,7694.0,7307.0,7480.0,6909.0,2466.0,1747.0,751.0,964.0,1205.0,1425.0,1540.0,1620.0,1835.0,1838.0,3264.0,2854.0,1966.0,2049.0,2163.0,2415.0,2542.0,2646.0,2895.0,2792.0,2832.0,2146.5,818.0,1073.5,1289.5,1601.0,1735.5,1838.5,2025.5,2051.5,2930.0,2274.5,921.5,1173.0,1480.5,1717.5,1842.0,1944.0,2113.5,2175.5,"{""type"":""MultiPoint"",""coordinates"":[]}"
1034,3,70.0,59.5,370.0,548.0,708.5,792.0,653.5,677.5,673.0,560.0,2781.0,1982.5,848.0,1142.5,1377.5,1748.0,1935.0,2099.5,2253.5,2307.0,0.0,0.0,0.0,0.0,0.0,0.0,0.0,0.0,0.0,0.0,3918.5,3487.5,997.0,1295.5,1564.0,1931.5,2109.0,2295.5,2440.0,2552.5,2040.5,1374.0,573.5,767.5,978.0,1210.5,1360.5,1503.5,1641.5,1697.0,0.0,0.0,0.0,0.0,0.0,0.0,0.0,0.0,0.0,0.0,0.0,0.0,0.0,0.0,0.0,0.0,0.0,0.0,0.0,0.0,0.0,0.0,0.0,0.0,0.0,0.0,0.0,0.0,0.0,0.0,1444.0,803.0,437.5,745.0,500.0,1142.5,2262.5,2656.0,2566.5,2583.0,1521.5,794.5,516.5,717.5,363.5,976.0,2863.0,3702.5,3495.5,3547.0,0.0,0.0,0.0,0.0,0.0,0.0,0.0,0.0,0.0,0.0,59.0,52.5,857.5,1321.0,1806.0,1947.5,1550.5,1511.0,1461.0,1151.0,1437.5,631.5,365.0,589.5,253.0,796.5,3157.0,4266.0,4097.5,4394.5,0.0,0.0,0.0,0.0,0.0,0.0,0.0,0.0,0.0,0.0,0.0,0.0,0.0,0.0,0.0,0.0,0.0,0.0,0.0,0.0,4177.5,3447.0,3629.5,3341.0,3035.0,3678.0,4535.0,4891.0,5133.5,5025.0,2086.0,1192.5,501.5,1028.5,903.5,1927.5,3255.5,3682.5,3746.0,4047.0,3267.5,2616.5,898.5,1197.5,1723.0,2081.5,2261.0,2447.0,2563.5,2729.5,3263.0,2827.5,800.5,1024.0,1473.5,1728.5,1842.5,2017.5,2090.0,2295.0,0.0,0.0,0.0,0.0,0.0,0.0,0.0,0.0,0.0,0.0,4152.0,3831.5,2690.0,2817.0,2986.5,3325.0,3394.5,3471.5,3465.5,3637.0,1784.5,1248.5,519.5,720.5,873.5,1162.0,1370.0,1514.0,1566.0,1658.0,4121.5,3900.5,3495.5,3543.5,3686.0,3919.5,3857.0,3870.5,4009.5,3830.5,1557.0,1078.5,550.0,761.0,905.5,1209.0,1475.5,1608.5,1667.0,1784.5,1790.5,1184.5,557.5,753.0,906.0,1226.0,1368.5,1520.0,1667.0,1690.0,2306.0,1665.5,577.0,820.0,1036.5,1289.0,1473.5,1600.0,1838.0,1830.0,2280.5,1669.5,559.5,819.0,1031.5,1306.5,1445.0,1600.5,1782.5,1851.0,0.0,0.0,0.0,0.0,0.0,0.0,0.0,0.0,0.0,0.0,0.0,0.0,0.0,0.0,0.0,0.0,0.0,0.0,0.0,0.0,0.0,0.0,0.0,0.0,0.0,0.0,0.0,0.0,0.0,0.0,0.0,0.0,0.0,0.0,0.0,0.0,0.0,0.0,0.0,0.0,160.0,156.5,7999.0,8258.0,8382.5,8775.5,8394.0,7943.5,8086.5,7506.0,529.0,295.0,436.0,625.5,823.0,1046.5,1113.0,1188.5,1370.0,1317.5,0.0,0.0,0.0,0.0,0.0,0.0,0.0,0.0,0.0,0.0,1159.0,662.5,572.0,776.0,1014.5,1247.5,1375.0,1481.5,1637.5,1646.0,1536.5,966.0,652.5,892.5,1132.5,1425.0,1559.5,1700.0,1858.0,1883.5,"{""type"":""MultiPoint"",""coordinates"":[]}"
1039,5,2330.0,1594.0,646.0,810.0,1004.5,1285.0,1705.0,1767.5,2058.5,2085.0,3028.5,2409.5,761.0,963.0,1247.5,1490.0,1635.0,1762.0,1902.0,1982.0,1860.5,1231.5,530.0,647.5,817.5,1040.0,1166.5,1305.0,1371.5,1420.0,1837.0,1220.0,495.5,633.5,737.0,1015.0,1233.0,1330.5,1403.5,1503.0,0.0,0.0,0.0,0.0,0.0,0.0,0.0,0.0,0.0,0.0,3371.0,2799.0,1058.0,1269.0,1561.5,1800.0,2010.5,2208.5,2265.5,2414.0,2466.0,1672.5,750.5,890.0,1030.5,1300.5,1639.5,1921.5,1954.5,2102.0,3168.5,2511.0,1039.0,1295.5,1529.0,1783.0,2085.5,2306.5,2431.0,2540.0,3466.5,2452.0,1140.0,1489.0,1646.5,2016.5,2703.5,3040.0,3003.0,3228.0,2961.0,2120.0,797.0,1082.0,1100.0,1574.5,2482.0,2822.0,2958.5,3050.0,2579.5,1386.0,835.5,1088.5,817.0,1527.0,3155.0,3632.0,3589.5,3871.5,2983.0,2248.5,782.0,933.0,1164.5,1480.0,1823.5,1953.5,2255.0,2171.0,2773.5,1548.0,596.5,868.0,660.0,1298.5,3220.0,3813.0,3886.0,4162.0,2973.0,1646.5,3012.0,2489.0,1742.0,2021.5,3659.0,4395.0,5374.5,4414.5,2468.5,1321.0,363.0,587.5,446.5,1031.0,3189.5,4256.5,4239.5,4479.5,2762.5,1553.0,741.0,841.0,765.0,1346.0,3530.0,4625.0,4478.0,4882.5,2341.0,1263.5,323.5,522.5,384.5,922.0,3026.0,3942.0,4208.5,4209.5,0.0,0.0,0.0,0.0,0.0,0.0,0.0,0.0,0.0,0.0,2290.5,1310.0,363.5,659.0,501.5,1215.5,2861.0,3442.5,3755.5,3717.5,2123.5,1299.5,448.0,682.5,730.5,1266.0,1671.0,1861.0,1941.5,2163.5,2428.5,1645.0,520.0,716.5,954.5,1214.0,1512.0,1723.0,1885.5,1976.0,3093.0,2232.5,759.5,981.5,1269.0,1526.5,1763.5,1927.0,2076.0,2209.0,0.0,0.0,0.0,0.0,0.0,0.0,0.0,0.0,0.0,0.0,3045.0,2132.0,764.5,974.5,1241.5,1489.5,1685.0,1873.0,2100.0,2126.0,0.0,0.0,0.0,0.0,0.0,0.0,0.0,0.0,0.0,0.0,1923.5,1157.0,533.5,685.5,941.0,1085.0,1362.5,1489.0,1680.0,1707.0,2531.0,1696.0,703.5,912.5,1117.0,1412.5,1693.0,1942.0,2039.0,2153.5,0.0,0.0,0.0,0.0,0.0,0.0,0.0,0.0,0.0,0.0,1993.0,1273.5,597.5,768.5,860.5,1152.5,1488.5,1725.5,1939.0,1873.5,0.0,0.0,0.0,0.0,0.0,0.0,0.0,0.0,0.0,0.0,1046.5,1131.0,10633.0,10276.5,10158.0,10338.5,9891.5,9664.0,9988.0,9370.0,0.0,0.0,0.0,0.0,0.0,0.0,0.0,0.0,0.0,0.0,2843.0,1977.0,644.5,853.0,1004.5,1403.0,1908.5,2093.0,2357.0,2307.5,2968.0,2089.0,742.0,1010.5,1226.5,1612.5,1827.5,2042.5,2288.0,2266.0,2418.5,1671.5,1237.5,1413.0,1485.0,1780.0,1896.5,1988.0,2306.0,2134.0,1596.5,1056.5,705.5,703.5,758.0,909.0,926.5,1075.0,1391.0,1172.0,"{""type"":""MultiPoint"",""coordinates"":[]}"
1042,1,2800.0,1970.0,686.0,941.0,993.0,1471.0,2135.0,2331.0,2574.0,2540.0,4621.0,3995.0,1380.0,1852.0,2393.0,2895.0,2945.0,3186.0,3197.0,3401.0,2834.5,2108.5,825.5,1143.5,1493.5,1852.5,1982.5,2131.5,2287.0,2296.0,2896.0,2201.0,1009.0,1198.0,1295.0,1825.0,2087.0,2202.0,2366.0,2400.0,3094.0,2441.0,828.0,1244.0,1575.0,1974.0,2271.0,2460.0,2584.0,2627.0,3265.5,2341.0,756.5,1096.0,1054.0,1736.0,3606.0,4298.0,3812.0,4605.5,0.0,0.0,0.0,0.0,0.0,0.0,0.0,0.0,0.0,0.0,1743.0,718.5,292.5,496.0,230.5,582.0,3386.0,5249.0,5004.0,5406.5,1346.5,646.5,422.0,535.0,310.5,499.0,2722.0,4458.5,4600.5,4639.5,1914.0,778.0,338.0,534.0,282.0,647.0,3409.0,5242.0,5262.0,5638.0,1852.0,761.5,403.0,542.0,299.5,642.5,3286.5,5456.0,5461.0,5791.5,3012.0,2213.0,705.0,955.0,1130.0,1568.0,2007.0,2196.0,2431.0,2384.0,1923.0,768.0,336.0,568.0,306.0,740.0,3478.0,5076.0,5109.0,5441.0,1730.5,747.5,469.0,657.5,404.0,867.0,3064.0,4461.0,4403.0,4739.5,2262.0,1184.0,491.0,814.0,727.0,1371.0,2745.0,3450.0,3449.0,3842.0,2234.0,1393.5,555.0,802.5,751.5,1239.0,2044.0,2423.0,2477.5,2824.5,2702.0,1968.0,603.0,746.0,822.0,1129.0,1483.0,1667.0,1697.0,1874.0,2442.0,1747.0,406.0,527.0,723.0,928.0,1096.0,1228.0,1322.0,1458.0,2091.0,1629.5,385.5,477.5,639.5,806.0,891.0,1004.5,1067.5,1158.5,3820.0,2788.0,891.0,1188.0,1677.0,2015.0,2163.0,2309.0,2429.0,2602.0,3794.0,2712.0,782.0,1084.0,1521.0,1834.0,2060.0,2254.0,2458.0,2590.0,3098.0,2610.0,739.0,1015.0,1454.0,1697.0,1809.0,1932.0,2074.0,2142.0,3008.0,2454.5,1102.5,1250.5,1408.5,1763.5,2039.0,2216.0,2303.5,2415.0,3242.0,2486.0,823.5,1136.0,1643.5,1898.5,2019.0,2195.0,2357.5,2439.5,1931.0,1511.5,659.5,815.5,1083.0,1256.5,1322.5,1432.0,1553.5,1578.0,2905.0,2158.0,721.0,1043.0,1512.5,1761.0,1922.0,2069.5,2342.5,2312.5,3045.0,2308.0,762.0,1083.5,1512.0,1818.0,1961.5,2141.5,2325.0,2370.0,0.0,0.0,0.0,0.0,0.0,0.0,0.0,0.0,0.0,0.0,2763.0,2009.0,739.0,1035.0,1410.0,1738.0,1954.0,2092.0,2338.0,2333.0,0.0,0.0,0.0,0.0,0.0,0.0,0.0,0.0,0.0,0.0,612.0,653.0,10194.0,10084.0,10108.0,10185.0,9829.0,9460.0,9866.0,9059.0,1463.5,1087.0,3675.0,3680.0,3776.0,4044.0,3984.0,3937.5,4065.0,3897.5,3170.0,2459.0,740.0,1050.0,1270.0,1714.0,2028.0,2216.0,2355.0,2435.0,3134.0,2372.0,825.0,1137.0,1596.0,1818.0,1965.0,2114.0,2353.0,2368.0,2923.0,2208.0,749.0,1080.0,1525.0,1785.0,1902.0,2076.0,2272.0,2308.0,3215.0,2365.0,891.0,1245.0,1686.0,1952.0,2072.0,2235.0,2397.0,2431.0,"{""type"":""MultiPoint"",""coordinates"":[]}"
1080,5,1980.0,1390.0,572.0,718.0,934.0,1071.0,1176.0,1272.0,1456.0,1460.0,4297.0,3808.0,1286.0,1660.0,2072.0,2386.0,2529.0,2678.0,2918.0,2932.0,2419.0,1641.0,761.0,928.0,1185.0,1418.0,1504.0,1653.0,1847.0,1886.0,3612.0,3070.0,1016.0,1281.0,1573.0,1893.0,2023.0,2203.0,2393.0,2486.0,4692.0,4164.0,1453.0,1858.0,2194.0,2558.0,2847.0,3043.0,3216.0,3282.0,4445.5,3705.0,1289.0,1677.5,1897.0,2386.0,2926.0,3203.5,3401.0,3490.5,0.0,0.0,0.0,0.0,0.0,0.0,0.0,0.0,0.0,0.0,3228.0,2162.0,591.0,961.0,790.0,1461.0,3071.0,3568.0,3616.0,3750.0,2838.0,1550.0,604.0,898.0,553.0,1182.0,3824.0,4812.0,4807.0,5125.0,2516.5,1153.0,304.5,572.0,265.5,857.5,4376.0,5931.0,5989.5,6164.5,2484.0,1122.0,357.0,596.0,299.0,857.0,4390.0,6246.0,6203.0,6443.0,2226.0,1672.0,653.0,798.0,1016.0,1168.0,1271.0,1362.0,1560.0,1546.0,0.0,0.0,0.0,0.0,0.0,0.0,0.0,0.0,0.0,0.0,2223.0,946.0,486.0,628.0,359.0,775.0,3955.0,5672.0,5779.0,6038.0,0.0,0.0,0.0,0.0,0.0,0.0,0.0,0.0,0.0,0.0,2087.0,914.5,315.5,580.0,294.5,934.0,3755.0,4926.5,4857.0,5218.0,1952.0,885.0,269.5,622.5,308.5,1114.0,3511.0,4316.5,4505.5,4675.5,1927.0,980.0,541.0,985.0,813.0,1801.0,2644.0,2966.0,3002.0,3433.0,2681.0,1741.0,444.0,667.0,844.5,1247.0,1580.0,1780.5,2026.5,2174.5,2930.0,2026.0,474.0,623.0,844.0,1078.0,1232.0,1377.0,1492.0,1640.0,2991.0,2117.5,515.5,647.5,877.0,1070.5,1227.5,1383.5,1590.0,1683.0,3016.0,2144.0,556.0,675.0,910.0,1094.0,1251.0,1439.0,1633.0,1731.0,0.0,0.0,0.0,0.0,0.0,0.0,0.0,0.0,0.0,0.0,3439.0,2389.5,911.5,1143.0,1545.0,1827.5,2008.0,2169.0,2370.0,2426.5,1432.0,1067.0,515.0,624.0,718.0,828.0,810.0,840.0,1018.0,950.0,1419.0,979.0,300.0,418.0,591.0,698.0,797.0,866.0,1000.0,996.0,1566.0,1257.0,437.0,545.0,678.5,800.0,888.0,967.0,1047.0,1080.0,0.0,0.0,0.0,0.0,0.0,0.0,0.0,0.0,0.0,0.0,1619.0,1025.0,429.0,568.0,563.0,840.0,1290.0,1451.0,1566.0,1598.0,0.0,0.0,0.0,0.0,0.0,0.0,0.0,0.0,0.0,0.0,94.0,108.0,10795.0,10578.0,10426.0,10542.0,10122.0,9429.0,9658.0,8714.0,4279.0,3491.0,3321.0,3349.0,3397.0,3704.0,3718.0,3850.0,3955.0,3930.0,2447.0,1750.0,727.0,922.0,1119.0,1359.0,1523.0,1628.0,1833.0,1839.0,2688.0,1965.0,680.0,913.0,1089.0,1349.0,1600.0,1736.0,1921.0,1904.0,2389.0,1675.0,663.0,866.0,1033.0,1324.0,1557.0,1706.0,1929.0,1907.0,1916.0,1182.0,663.0,913.0,1105.0,1442.0,1538.0,1737.0,1854.0,1902.0,"{""type"":""MultiPoint"",""coordinates"":[]}"
1102,2,2216.5,1374.0,438.5,701.5,717.0,1398.0,2561.5,2800.0,3142.0,3192.0,3967.5,3516.5,1081.5,1477.5,1834.0,2371.0,2744.0,2825.0,3112.0,3242.5,2163.0,1453.0,576.0,786.0,949.0,1299.5,1620.5,1801.0,1915.0,2002.0,2242.0,1478.5,749.5,977.5,1115.5,1499.5,1892.5,2209.0,2233.0,2450.5,0.0,0.0,0.0,0.0,0.0,0.0,0.0,0.0,0.0,0.0,4068.5,3496.5,1361.5,1646.0,2097.0,2445.0,2686.5,2918.0,2979.0,3140.5,0.0,0.0,0.0,0.0,0.0,0.0,0.0,0.0,0.0,0.0,0.0,0.0,0.0,0.0,0.0,0.0,0.0,0.0,0.0,0.0,5013.0,4366.0,1377.0,1859.0,2280.5,2676.5,3167.0,3486.5,3503.5,3697.0,4635.5,4209.0,1044.0,1433.0,1717.5,2280.0,2853.0,3113.0,3346.0,3525.5,3906.5,3129.5,1610.0,1832.0,1722.0,2376.5,3981.5,4443.5,4381.5,4676.0,2652.5,1805.0,574.0,814.0,896.5,1567.5,2612.0,2925.0,3242.5,3182.5,2852.5,1492.0,516.0,839.5,544.0,1285.0,3608.0,4249.5,4147.5,4385.5,2679.5,1362.5,524.5,811.0,496.0,1182.5,4275.5,5103.0,5207.5,5193.0,0.0,0.0,0.0,0.0,0.0,0.0,0.0,0.0,0.0,0.0,2622.5,1373.0,461.0,676.5,489.0,1120.0,3974.0,4963.5,4936.5,5283.5,2546.0,1381.0,396.0,617.5,488.0,1136.5,3365.0,4031.0,4326.5,4367.0,0.0,0.0,0.0,0.0,0.0,0.0,0.0,0.0,0.0,0.0,1602.0,1008.0,325.0,406.5,378.5,773.5,1751.0,2019.5,2161.5,2220.5,2363.5,1417.5,567.0,686.0,614.0,1216.0,2404.5,2752.0,2870.0,3066.5,3295.5,2547.5,762.5,948.0,1115.0,1538.5,2037.0,2309.0,2524.5,2667.5,3402.0,2766.5,877.0,1034.0,1274.0,1645.5,1891.5,2151.0,2295.0,2516.5,0.0,0.0,0.0,0.0,0.0,0.0,0.0,0.0,0.0,0.0,3142.0,2379.0,570.0,795.5,982.5,1347.5,1701.0,1833.0,2088.5,2254.0,0.0,0.0,0.0,0.0,0.0,0.0,0.0,0.0,0.0,0.0,1857.0,1317.5,604.0,893.5,1220.0,1357.0,1481.0,1601.0,1750.0,1771.5,1657.5,1090.0,448.0,643.5,934.5,1084.5,1177.5,1288.5,1457.5,1470.5,0.0,0.0,0.0,0.0,0.0,0.0,0.0,0.0,0.0,0.0,2345.5,1869.0,715.5,917.5,1200.5,1388.5,1504.5,1618.5,1809.0,1841.0,0.0,0.0,0.0,0.0,0.0,0.0,0.0,0.0,0.0,0.0,1066.5,1125.0,10570.0,10306.0,10304.5,10409.0,10161.5,9756.0,10208.5,9367.0,0.0,0.0,0.0,0.0,0.0,0.0,0.0,0.0,0.0,0.0,3638.0,2838.5,1771.0,2138.5,2130.5,2659.5,3340.0,3509.0,3913.0,3787.0,0.0,0.0,0.0,0.0,0.0,0.0,0.0,0.0,0.0,0.0,1933.5,1287.5,495.0,736.0,878.5,1260.0,1681.5,1906.5,2036.0,2055.5,2169.5,1797.5,706.0,871.5,1001.5,1285.5,1548.5,1727.0,1742.5,1889.0,"{""type"":""MultiPoint"",""coordinates"":[]}"
1116,3,2286.5,2005.0,1560.0,1604.5,1762.0,1857.0,1918.5,2008.0,2115.5,2078.5,3068.5,2542.0,986.5,1255.0,1592.0,1794.0,1886.0,1991.5,2200.0,2237.5,1353.0,835.0,585.5,737.0,862.0,1068.5,1124.0,1216.5,1286.5,1310.5,1839.0,1187.0,796.0,961.0,1115.0,1316.0,1374.0,1473.0,1626.0,1565.0,3792.0,3484.0,1009.0,1352.0,1691.0,1981.0,2073.0,2213.0,2363.0,2407.0,2078.5,1771.5,885.5,1169.5,1314.5,1662.5,1691.5,1776.0,1802.0,1731.0,0.0,0.0,0.0,0.0,0.0,0.0,0.0,0.0,0.0,0.0,1997.0,1148.0,837.0,1099.0,825.0,1447.0,3059.0,3719.0,3409.0,3730.0,2162.0,1243.0,449.0,846.0,1011.0,1456.0,2800.0,3714.0,3562.0,3762.0,1505.5,666.5,319.5,560.0,261.0,778.0,3085.0,4620.5,4505.0,4599.5,1541.0,656.0,471.0,616.0,363.0,762.0,3001.0,4644.0,4618.0,4849.0,2325.5,1944.5,631.0,770.5,957.5,1106.5,1170.5,1279.5,1425.5,1412.0,1273.0,527.0,340.0,476.0,238.0,669.0,2877.0,4503.0,4372.0,4745.0,1369.0,624.0,423.0,587.0,307.0,784.0,3007.0,4500.0,4574.0,4740.0,1436.5,658.0,404.5,710.5,360.0,1129.0,3327.0,4527.0,4471.5,4836.0,1635.0,825.0,507.0,895.0,573.0,1481.0,3442.0,4397.0,4166.0,4579.0,1865.0,994.0,537.0,964.0,769.0,1628.0,3210.0,3713.0,3766.0,4020.0,2253.5,1362.5,810.5,1095.0,1236.5,1858.0,2429.5,2693.0,2773.0,2985.0,1529.0,1084.0,714.0,910.0,1285.5,1435.5,1549.0,1688.5,1853.5,1849.0,2860.0,2432.0,1888.0,1792.0,2423.0,2961.0,3190.0,3327.0,2654.0,3438.0,2383.0,1653.0,784.0,982.0,1238.0,1512.0,1567.0,1678.0,1824.0,1861.0,3297.0,2460.0,919.0,1187.0,1449.0,1761.0,1939.0,2083.0,2219.0,2331.0,2004.5,1622.5,572.5,737.0,966.5,1084.5,1156.5,1226.0,1395.5,1377.5,2501.0,1737.5,808.0,1053.0,1385.0,1591.0,1780.0,1845.0,2164.5,2088.5,1847.0,1522.0,1292.0,1455.0,1821.0,1963.0,2111.0,2241.0,2517.0,2542.0,976.0,612.0,477.0,733.5,1114.5,1326.0,1371.0,1551.0,1788.0,1729.5,1312.0,841.0,831.0,858.0,1049.0,1266.0,1349.0,1425.0,1643.0,1696.0,0.0,0.0,0.0,0.0,0.0,0.0,0.0,0.0,0.0,0.0,688.5,458.0,682.0,780.5,1012.5,1149.0,1193.5,1297.5,1517.5,1443.0,0.0,0.0,0.0,0.0,0.0,0.0,0.0,0.0,0.0,0.0,995.0,1097.0,10082.0,9934.0,9980.0,10221.0,9857.0,9518.0,9890.0,9156.0,1287.0,851.0,431.5,561.5,734.5,839.0,914.0,994.0,1098.0,1129.0,2462.0,1925.0,590.0,773.0,997.0,1160.0,1227.0,1311.0,1475.0,1482.0,1866.0,1258.0,589.0,710.0,926.0,1053.0,1149.0,1245.0,1374.0,1388.0,2186.0,1573.0,570.0,766.0,984.0,1126.0,1210.0,1311.0,1405.0,1438.0,3091.0,2849.0,829.0,1102.0,1419.0,1575.0,1646.0,1728.0,1933.0,1884.0,"{""type"":""MultiPoint"",""coordinates"":[]}"
1121,5,2548.0,1763.0,665.0,963.0,1154.0,1622.0,2337.0,2544.0,2772.0,2755.0,5813.0,5351.0,2150.0,2823.0,3578.0,3992.0,4152.0,4319.0,4524.0,4578.0,3128.0,2261.0,979.0,1313.0,1789.0,2076.0,2197.0,2348.0,2570.0,2577.0,4733.5,4147.5,1599.5,2133.0,2767.5,3170.5,3385.5,3563.5,3737.0,3831.5,3993.0,3183.0,1297.0,1765.0,2277.0,2687.0,2955.0,3170.0,3389.0,3405.0,4001.0,3459.0,1155.0,1468.0,1888.0,2789.0,3674.0,4488.0,2597.0,4872.0,0.0,0.0,0.0,0.0,0.0,0.0,0.0,0.0,0.0,0.0,3054.0,1845.0,541.0,855.0,698.0,1256.0,3873.0,4775.0,4773.0,5017.0,2262.5,1068.5,253.5,449.0,242.5,687.0,3549.5,4720.0,4771.0,4947.5,2397.0,1104.0,344.0,539.0,286.0,693.0,3867.0,5431.0,5294.0,5659.0,2184.0,1141.0,437.0,573.0,396.0,698.0,3374.0,4798.0,4859.0,5104.0,2575.0,1845.0,709.0,992.0,1210.0,1713.0,2388.0,2568.0,2832.0,2739.0,2201.5,947.5,257.0,404.0,210.0,595.5,3599.0,4990.0,4911.0,5318.0,2702.0,1310.0,1339.0,1354.0,947.0,1402.0,3791.0,4476.0,4587.0,4724.0,3090.0,1988.0,3070.5,2779.0,2313.0,2694.0,4171.0,4683.0,5186.0,4755.5,2506.5,1429.5,479.0,881.0,661.0,1479.5,2855.5,3275.5,3299.5,3660.0,2579.5,1654.5,515.0,802.5,950.0,1365.5,1793.0,2069.5,2212.0,2430.5,3009.0,2132.0,521.0,750.0,949.0,1229.0,1559.0,1736.0,1926.0,2018.0,2911.0,2281.5,774.0,992.5,1357.5,1594.5,1714.5,1939.0,2055.5,2191.5,3999.0,2988.0,949.0,1234.0,1634.0,1954.0,2058.0,2242.0,2344.0,2472.0,4611.0,3607.0,1129.5,1426.0,1843.0,2167.5,2359.5,2554.0,2724.0,2836.5,4201.0,3203.0,1044.0,1318.0,1732.0,2001.0,2190.0,2417.0,2509.0,2640.0,3326.0,2640.0,2277.5,2433.0,2549.0,2996.0,3354.5,3500.0,3576.0,3677.5,3210.0,2425.0,1059.0,1413.5,1818.5,2165.0,2329.0,2466.0,2702.5,2689.0,5202.0,4867.0,1832.0,2453.0,2963.0,3507.0,3631.0,3777.0,3980.0,4021.0,2737.0,1915.0,777.0,1152.0,1567.0,1864.0,1998.0,2192.0,2442.0,2430.0,2968.0,2202.0,1093.0,1309.0,1675.0,2026.0,2144.0,2281.0,2441.0,2510.0,1862.0,1320.0,1849.0,1643.0,1500.0,1659.0,1753.0,1910.0,2194.0,1950.0,3372.0,2664.5,1123.0,1528.0,1822.0,2315.5,2498.0,2683.0,2808.0,2844.5,0.0,0.0,0.0,0.0,0.0,0.0,0.0,0.0,0.0,0.0,57.0,65.0,9690.0,9512.0,9395.0,9650.0,9255.0,8559.0,8711.0,7904.0,987.0,617.0,1892.0,2164.0,2504.0,2878.0,2838.0,2657.0,3074.0,2831.0,2700.0,1911.5,804.0,1122.0,1526.0,1783.5,1935.5,2112.5,2374.5,2371.5,4114.5,3385.5,1336.5,1776.5,2240.5,2641.5,2844.0,3064.0,3209.0,3299.0,3392.0,2667.0,1080.0,1448.0,1996.0,2227.0,2364.0,2450.0,2769.0,2692.0,5161.0,4632.0,1872.0,2494.0,3227.0,3547.0,3671.0,3864.0,4096.0,4086.0,"{""type"":""MultiPoint"",""coordinates"":[]}"
1146,2,2001.0,1405.0,513.0,645.0,814.0,1141.0,1510.0,1646.0,1823.0,1770.0,3596.0,2976.0,922.0,1187.0,1549.0,1894.0,2102.0,2247.0,2479.0,2507.0,2276.5,1596.5,635.0,785.5,961.5,1216.0,1387.0,1558.5,1700.5,1750.5,2331.0,1674.0,641.0,772.0,966.0,1169.0,1307.0,1465.0,1621.0,1638.0,0.0,0.0,0.0,0.0,0.0,0.0,0.0,0.0,0.0,0.0,4149.0,3826.0,1381.0,1710.0,2045.0,2414.0,2781.0,2932.0,3047.0,3066.0,0.0,0.0,0.0,0.0,0.0,0.0,0.0,0.0,0.0,0.0,4692.0,4391.0,1423.0,1800.0,2268.0,2586.0,2710.0,2883.0,3087.0,3162.0,2461.0,1984.0,1470.0,1539.0,1608.0,1825.0,2062.0,2302.0,2270.0,2305.0,4100.0,3552.0,1069.0,1422.0,1668.0,2140.0,2677.0,2934.0,3088.0,3183.0,2685.5,2127.5,2516.0,2319.0,2178.5,2535.0,3231.0,3554.0,3050.5,3647.5,2466.0,1975.0,624.0,772.0,997.0,1350.0,1749.0,1867.0,2088.0,2035.0,1937.0,1147.0,427.5,554.5,459.0,873.0,2522.0,3067.0,2970.5,3182.5,2523.0,1238.0,439.0,718.0,457.0,1161.0,4004.0,4857.0,4772.0,4898.0,3005.0,1700.0,770.0,1223.0,1003.0,1756.0,4263.0,5297.0,5177.0,5526.0,2721.5,1544.5,1143.0,1366.0,1126.5,1817.0,3992.5,4690.5,4502.0,4822.5,2438.5,1299.5,407.5,695.5,480.0,1241.0,3523.5,4103.0,4253.0,4414.5,0.0,0.0,0.0,0.0,0.0,0.0,0.0,0.0,0.0,0.0,2498.0,1503.0,466.5,666.0,662.5,1400.0,2616.5,2957.0,3168.0,3285.5,3079.5,2284.5,779.5,913.0,1155.5,1449.0,1638.5,1821.5,1963.5,2171.5,3051.0,2248.5,802.5,953.0,1177.0,1453.0,1682.5,1884.5,2125.0,2219.0,2916.5,2654.0,753.0,1159.0,1457.0,1694.5,1890.0,2081.5,1909.0,2336.0,0.0,0.0,0.0,0.0,0.0,0.0,0.0,0.0,0.0,0.0,2962.0,2459.0,655.0,875.0,1204.0,1380.0,1512.0,1647.0,1845.0,1883.0,0.0,0.0,0.0,0.0,0.0,0.0,0.0,0.0,0.0,0.0,1721.0,1135.0,302.0,452.0,644.0,831.0,1001.0,1098.0,1285.0,1296.0,2082.0,1474.0,383.0,577.0,759.0,1002.0,1201.0,1341.0,1473.0,1541.0,0.0,0.0,0.0,0.0,0.0,0.0,0.0,0.0,0.0,0.0,2080.0,1409.0,514.0,655.0,779.0,1063.0,1418.0,1599.0,1750.0,1732.0,0.0,0.0,0.0,0.0,0.0,0.0,0.0,0.0,0.0,0.0,855.0,925.0,10281.0,10118.0,10122.0,10277.0,10023.0,9613.0,9952.0,9264.0,0.0,0.0,0.0,0.0,0.0,0.0,0.0,0.0,0.0,0.0,2193.0,1521.0,570.0,694.0,869.0,1246.0,1656.0,1810.0,2014.0,1989.0,2296.5,1583.0,556.5,771.5,887.5,1370.5,1856.0,2019.5,2201.5,2184.0,2023.0,1335.0,511.0,718.0,850.0,1340.0,1688.0,1827.0,2023.0,1998.0,2402.0,1556.0,780.0,922.0,1100.0,1561.0,1773.0,1892.0,2069.0,2114.0,"{""type"":""MultiPoint"",""coordinates"":[]}"
1187,3,1386.0,1048.0,889.5,977.0,1187.0,1330.5,1377.5,1458.5,1646.0,1617.0,3617.5,3264.5,1009.0,1292.0,1670.5,1869.5,1958.0,2084.0,2209.5,2375.5,1364.5,847.0,503.5,629.0,839.5,976.0,1043.0,1120.0,1202.0,1238.0,1465.5,905.5,660.5,820.0,1047.5,1212.0,1236.5,1348.5,1473.5,1492.0,3795.5,3477.5,1127.0,1447.5,1876.5,2082.0,2201.0,2326.0,2496.5,2549.5,3230.5,2978.5,1358.5,1449.5,1717.0,1949.0,1937.5,2103.0,2097.5,2202.0,0.0,0.0,0.0,0.0,0.0,0.0,0.0,0.0,0.0,0.0,2618.5,2355.5,951.5,1256.5,1423.0,1716.0,1890.5,2004.5,2118.5,2126.0,1018.0,629.0,636.0,822.5,615.0,1115.5,1739.0,2024.5,1870.5,1900.0,1705.5,897.5,405.0,707.5,342.5,997.5,2782.0,3522.0,3443.5,3513.5,1308.0,655.0,459.5,572.5,336.0,681.5,2124.0,2997.0,2889.5,3002.5,1610.0,1303.0,604.0,732.0,973.5,1140.5,1269.5,1375.5,1359.0,1582.0,1635.0,711.5,343.0,513.5,231.0,706.0,2903.0,4393.5,4262.0,4518.0,1686.5,751.5,334.5,502.5,224.5,725.5,3153.5,5051.5,5057.0,5206.5,1543.5,679.5,277.0,470.5,211.5,689.5,3065.0,4611.5,4568.0,4921.0,1702.0,798.5,428.5,831.0,410.0,1266.0,3556.5,4642.5,4567.0,4912.0,1742.0,884.0,435.5,873.0,453.0,1410.5,3696.0,4498.0,4691.5,4794.0,1994.0,1613.5,808.0,1208.5,970.5,1963.5,3214.5,3817.5,3473.5,4203.5,1919.5,1096.0,635.5,1185.0,1037.0,2012.5,2745.5,2994.0,3161.0,3329.5,2042.0,1322.5,582.5,925.0,1103.0,1623.5,1929.0,2105.0,2147.0,2333.5,2493.0,1629.0,725.5,1098.0,1374.5,1919.0,2182.0,2392.0,2543.0,2661.0,3815.5,2531.5,931.5,1323.5,1913.5,2163.5,2376.5,2550.5,2745.5,2919.5,2335.0,1828.5,975.0,1136.0,1379.5,1535.0,1654.5,1763.0,1855.0,1917.0,2825.5,1903.0,767.0,1074.5,1589.0,1830.0,1943.5,2114.0,2398.0,2431.5,1262.5,807.5,603.5,835.5,1319.0,1543.0,1629.0,1758.5,2040.0,2044.5,1401.5,845.5,491.0,751.5,1190.0,1381.5,1458.5,1591.5,1879.0,1853.5,1730.0,1055.5,558.5,822.0,1256.0,1493.5,1565.5,1640.5,1878.0,2027.0,0.0,0.0,0.0,0.0,0.0,0.0,0.0,0.0,0.0,0.0,920.0,606.0,542.0,648.5,955.0,1132.5,1182.5,1314.0,1496.5,1495.0,0.0,0.0,0.0,0.0,0.0,0.0,0.0,0.0,0.0,0.0,1014.5,1029.0,8939.0,8677.0,8748.0,8989.0,8713.0,8416.5,8769.0,8026.0,947.0,626.5,940.0,1138.0,1405.0,1619.5,1645.5,1760.5,1890.0,1840.0,1781.5,1293.5,572.5,739.5,977.5,1189.5,1264.5,1367.0,1532.5,1592.5,2011.0,1379.5,803.0,1025.5,1308.5,1512.0,1637.5,1760.5,1878.5,1903.0,1535.0,938.0,690.5,920.0,1193.5,1429.0,1494.0,1622.5,1726.5,1838.5,3658.5,2993.5,1178.5,1527.5,1914.0,2235.0,2374.5,2500.0,2658.5,2682.5,"{""type"":""MultiPoint"",""coordinates"":[]}"
1197,61,242.0,171.0,424.0,597.0,748.0,927.0,767.0,799.0,701.0,594.0,3023.5,2363.0,1032.5,1214.5,1453.5,1693.5,1928.0,2091.5,2050.5,2315.5,0.0,0.0,0.0,0.0,0.0,0.0,0.0,0.0,0.0,0.0,3777.0,3070.0,907.0,1173.0,1360.0,1792.0,2206.0,2483.0,2471.0,2753.0,1890.0,1144.0,573.0,789.0,903.0,1239.0,1620.0,1837.0,1876.0,2003.0,3757.0,2699.0,826.0,1115.0,1249.0,1745.0,2122.0,2346.0,2517.0,2837.0,0.0,0.0,0.0,0.0,0.0,0.0,0.0,0.0,0.0,0.0,3018.0,2600.0,3516.0,3123.0,2783.0,3108.0,3370.0,3640.0,3713.0,3674.0,2635.0,2158.0,717.0,908.0,1163.0,1343.0,1538.0,1698.0,1729.0,1773.0,3348.0,2669.0,3283.0,2271.0,2073.0,2358.0,2797.0,3533.0,3714.0,4035.0,0.0,0.0,0.0,0.0,0.0,0.0,0.0,0.0,0.0,0.0,459.0,311.5,798.5,994.5,1096.5,1295.5,1008.5,1047.0,995.5,967.5,1445.5,1014.5,604.5,661.0,726.0,871.0,1010.0,1152.5,1203.5,1306.0,0.0,0.0,0.0,0.0,0.0,0.0,0.0,0.0,0.0,0.0,2435.5,1610.5,808.0,953.0,1104.5,1390.0,1697.0,1920.0,1822.0,2088.5,2442.0,1698.5,663.5,868.5,933.5,1329.0,1678.0,1888.5,1824.0,2052.0,2733.0,2049.0,624.0,865.0,1016.0,1365.0,1730.0,1930.0,1896.0,2144.0,2979.0,2142.5,762.0,994.5,1100.5,1510.5,2270.0,2570.5,2497.5,2775.0,2530.5,1847.5,1325.0,1432.0,1336.0,1597.5,2071.0,2186.5,2484.5,2237.0,0.0,0.0,0.0,0.0,0.0,0.0,0.0,0.0,0.0,0.0,2274.0,1660.0,477.0,710.0,753.0,1126.0,1777.0,1941.0,1905.0,2085.0,2437.5,1727.5,518.5,701.0,848.5,1218.5,1646.5,1836.5,1817.5,2062.5,3027.0,3019.0,2597.0,2587.0,2659.0,2760.0,2729.0,2770.0,2974.0,2755.0,2207.0,1503.5,357.0,546.5,673.0,1088.0,1548.5,1726.0,1888.5,2024.0,2458.0,1832.0,454.0,626.0,831.0,1057.0,1299.0,1471.0,1546.0,1797.0,2431.0,1732.5,434.5,581.5,825.0,1087.5,1323.5,1486.0,1542.0,1633.5,2475.0,1838.0,362.0,562.0,815.0,1066.0,1340.0,1466.0,1547.0,1780.0,0.0,0.0,0.0,0.0,0.0,0.0,0.0,0.0,0.0,0.0,0.0,0.0,0.0,0.0,0.0,0.0,0.0,0.0,0.0,0.0,0.0,0.0,0.0,0.0,0.0,0.0,0.0,0.0,0.0,0.0,0.0,0.0,0.0,0.0,0.0,0.0,0.0,0.0,0.0,0.0,254.0,204.0,7361.0,7470.0,7655.0,7883.0,7523.0,7172.0,7407.0,6938.0,2794.0,2464.0,1796.5,2041.0,2307.0,2638.5,2708.5,2790.0,2723.5,2873.0,0.0,0.0,0.0,0.0,0.0,0.0,0.0,0.0,0.0,0.0,1616.5,995.5,595.5,821.5,1046.5,1343.5,1528.5,1698.0,1777.0,1919.0,2963.0,2216.5,877.5,1140.0,1387.5,1687.0,1967.5,2160.0,2303.5,2409.0,"{""type"":""MultiPoint"",""coordinates"":[]}"
1199,26,1853.0,1187.0,600.0,831.0,887.0,1233.0,1617.0,1757.0,1948.0,1964.0,1449.0,733.0,300.0,521.0,290.0,838.0,3266.0,4336.0,4491.0,4503.0,1300.5,594.5,271.0,515.0,230.5,831.5,3341.0,4502.0,4621.0,4663.5,1386.0,660.0,316.0,609.0,311.0,970.0,3152.0,4192.0,4477.0,4450.0,1303.0,679.0,241.0,489.0,297.0,775.0,2571.0,3312.0,3589.0,3596.0,5115.0,4752.0,4542.0,4567.0,4316.0,4949.0,5138.0,5331.0,5235.0,5389.0,0.0,0.0,0.0,0.0,0.0,0.0,0.0,0.0,0.0,0.0,3638.5,2567.0,939.0,1254.0,1789.0,2115.5,2220.5,2469.5,2543.5,2816.0,3955.0,2751.0,887.0,1325.0,2007.0,2335.0,2505.0,2701.0,2982.0,3075.0,3928.5,2813.5,950.0,1276.0,1695.5,2126.5,2608.5,2850.5,2932.0,3224.5,4344.0,3341.0,1121.0,1455.0,1763.0,2269.0,2961.0,3256.0,3319.0,3560.0,3044.0,2351.0,746.0,1033.0,1238.0,1726.0,2214.0,2367.0,2634.0,2622.0,3210.5,2088.5,657.0,943.5,948.0,1509.5,2959.5,3383.5,3337.5,3621.0,2948.0,1629.0,488.0,826.0,554.0,1247.0,3634.0,4550.0,4512.0,4838.0,2223.0,1068.5,368.0,570.0,330.5,826.5,3492.0,4566.5,4452.0,4792.0,2381.0,1048.5,267.0,437.0,242.0,711.5,3787.0,5194.5,5032.5,5494.5,2125.0,915.0,189.0,389.0,190.0,652.0,3659.0,4923.0,5017.0,5236.0,2489.0,1255.5,1123.0,1125.5,771.5,1222.0,3730.0,4831.0,4781.0,5161.5,2057.0,955.0,282.0,483.0,260.0,791.0,3306.0,4014.0,4208.0,4373.0,2278.5,1190.0,436.0,937.5,614.5,1675.5,3086.0,3422.5,3601.0,3854.5,2890.0,1904.0,462.0,736.0,931.0,1423.0,1781.0,2078.0,2311.0,2511.0,3126.0,2264.0,494.0,681.0,1051.0,1278.0,1422.0,1639.0,1868.0,2010.0,3495.0,2618.0,1178.5,1494.0,1685.0,2170.5,2726.5,2912.0,3237.0,3152.0,3507.0,2584.0,779.0,1036.0,1509.0,1757.0,1908.0,2105.0,2416.0,2457.0,2104.0,1250.0,599.0,806.0,1294.0,1562.0,1727.0,1930.0,2163.0,2258.0,3472.0,2442.5,829.5,1110.5,1603.5,1857.5,1982.0,2191.5,2457.0,2494.0,3465.5,2514.5,881.0,1172.5,1618.0,1875.5,1997.5,2142.0,2403.0,2420.0,0.0,0.0,0.0,0.0,0.0,0.0,0.0,0.0,0.0,0.0,3247.0,2521.0,879.0,1085.0,1428.0,1690.0,1824.0,1926.0,2172.0,2165.0,0.0,0.0,0.0,0.0,0.0,0.0,0.0,0.0,0.0,0.0,1018.0,1121.0,10838.0,10460.0,10384.0,10484.0,10099.0,9750.0,10190.0,9380.0,1253.0,826.0,2953.5,3202.5,3247.5,3709.0,3891.0,3878.0,4003.5,3844.5,2581.0,1746.0,522.0,871.0,882.5,1456.0,2070.0,2246.5,2484.0,2466.0,2010.0,1254.0,481.0,744.0,556.0,1181.0,2475.0,2946.0,3142.0,3138.0,1584.0,777.0,223.0,413.0,216.0,729.0,2385.0,3108.0,3315.0,3196.0,1339.0,616.0,276.0,444.0,234.0,668.0,2889.0,3875.0,4064.0,4047.0,"{""type"":""MultiPoint"",""coordinates"":[]}"
1219,5,1772.0,1181.0,655.0,824.0,1113.0,1288.0,1327.0,1460.0,1599.0,1646.0,4337.0,3656.0,1449.0,1922.0,2424.0,2745.0,2987.0,3118.0,3116.0,3247.0,2665.0,1865.0,839.0,1064.0,1378.0,1636.0,1767.0,1921.0,2037.0,2015.0,4014.5,3425.5,1317.0,1692.0,2158.0,2495.0,2660.0,2822.0,2922.5,3027.5,2832.0,1984.0,899.0,1180.0,1571.0,1817.0,1947.0,2074.0,2205.0,2259.0,5152.0,4710.0,1738.0,2185.0,2742.0,3219.0,3355.0,3485.0,3517.0,3751.0,0.0,0.0,0.0,0.0,0.0,0.0,0.0,0.0,0.0,0.0,3323.0,2169.0,1247.0,1513.0,1478.0,1986.0,3171.0,3672.0,3741.0,3806.0,3030.0,1886.0,619.0,958.0,881.0,1465.0,2970.0,3355.0,3447.0,3547.0,2839.0,1743.5,679.5,916.0,782.0,1312.5,3656.5,4646.5,4623.5,4889.0,2594.0,1329.0,355.0,561.0,352.0,843.0,3548.0,4799.0,4746.0,4975.0,2330.0,1733.0,619.0,846.0,1136.0,1363.0,1462.0,1591.0,1708.0,1717.0,2466.0,1039.0,530.0,643.0,382.0,825.0,4042.0,5588.0,5483.0,5939.0,2160.0,882.0,401.0,536.0,295.0,705.0,3680.0,5201.0,5264.0,5526.0,2081.0,866.0,283.5,398.5,208.5,610.5,3582.5,5179.0,5026.5,5434.0,2309.0,987.0,414.0,522.0,302.0,745.0,3767.0,5062.0,5149.0,5257.0,2218.0,1047.0,359.0,618.0,349.5,1024.5,3497.5,4469.5,4513.0,4789.0,2482.0,1369.0,383.0,877.0,580.0,1698.0,3388.0,3869.0,4097.0,4355.0,3127.0,2307.5,531.5,704.0,1042.5,1332.0,1530.5,1737.5,1945.5,2094.0,4338.0,3751.0,2307.0,2466.0,2751.0,3278.0,3426.0,3609.5,3235.0,3778.0,4016.0,3023.0,922.0,1186.0,1561.0,1886.0,1989.0,2130.0,2204.0,2369.0,2905.0,2626.0,777.0,994.0,1339.0,1542.0,1595.0,1742.0,1780.0,1885.0,2954.0,2278.0,1021.0,1265.0,1587.0,1914.0,2129.0,2292.0,2467.0,2467.0,2308.5,1939.5,607.0,781.0,1079.5,1223.5,1300.0,1408.0,1494.0,1532.5,1875.0,1675.5,592.5,728.0,937.0,1065.5,1081.0,1154.5,1216.5,1258.5,2229.5,1746.0,593.5,775.5,1066.0,1210.0,1264.5,1371.0,1554.5,1533.0,3128.0,2761.0,822.0,1060.0,1454.0,1669.0,1813.0,1960.0,1974.0,2071.0,0.0,0.0,0.0,0.0,0.0,0.0,0.0,0.0,0.0,0.0,2486.5,1891.5,637.0,849.0,1040.5,1336.0,1640.0,1808.0,1855.0,1922.0,2481.0,2160.0,1405.0,1547.0,1702.0,1923.0,2028.0,2103.0,2217.0,2208.0,72.0,93.0,7887.0,8018.0,8201.0,8299.0,7967.0,7410.0,7542.0,6803.0,924.0,563.0,1306.0,1651.0,2013.0,2196.0,2090.0,2127.0,2232.0,2103.0,2591.0,1810.0,904.0,1173.0,1535.0,1784.0,1886.0,2010.0,2192.0,2190.0,4047.5,3414.0,1434.0,1817.5,2308.5,2572.0,2703.5,2841.5,2954.5,3011.0,3797.0,3247.0,1180.0,1503.0,1980.0,2247.0,2367.0,2540.0,2643.0,2724.0,4250.0,3546.0,1315.0,1767.0,2320.0,2680.0,2687.0,2955.0,3050.0,3102.0,"{""type"":""MultiPoint"",""coordinates"":[]}"
1241,5,2130.0,1473.0,694.0,881.0,1150.0,1320.0,1402.0,1515.0,1729.0,1724.0,4039.0,3484.0,1201.0,1553.0,1984.0,2281.0,2320.0,2523.0,2695.0,2728.0,2353.0,1580.0,753.0,913.0,1152.0,1321.0,1415.0,1547.0,1714.0,1772.0,2662.0,1913.0,799.0,970.0,1251.0,1424.0,1512.0,1690.0,1848.0,1873.0,0.0,0.0,0.0,0.0,0.0,0.0,0.0,0.0,0.0,0.0,4670.0,4215.0,1411.0,1741.0,2165.0,2501.0,2630.0,2896.0,2960.0,3138.0,0.0,0.0,0.0,0.0,0.0,0.0,0.0,0.0,0.0,0.0,4863.0,4379.0,1659.0,1996.0,2377.0,2811.0,2926.0,3226.0,3266.0,3446.0,4283.0,3658.0,1501.0,1810.0,2088.0,2448.0,2851.0,3087.0,3019.0,3405.0,4131.0,3444.0,1197.0,1554.0,1817.0,2250.0,2787.0,3176.0,3130.0,3386.0,3201.0,2285.0,949.0,1229.0,1225.0,1702.0,2666.0,3005.0,3027.0,3346.0,2516.0,1981.0,692.0,905.0,1168.0,1376.0,1427.0,1581.0,1770.0,1764.0,3108.5,2026.5,817.5,1190.0,988.5,1644.0,3627.5,4249.5,4085.0,4563.5,3063.0,2172.0,854.0,1168.0,1216.0,1730.0,3027.0,3637.0,3560.0,3834.0,1782.0,1241.0,662.0,864.0,894.0,1200.0,2019.0,2489.0,2145.0,2639.0,3254.5,2559.0,1224.0,1587.5,1740.0,2274.5,3086.0,3409.0,3104.5,3622.0,3167.5,2476.0,737.0,1012.5,1176.0,1576.0,2183.5,2450.0,2562.5,2711.5,0.0,0.0,0.0,0.0,0.0,0.0,0.0,0.0,0.0,0.0,3167.0,2511.5,657.5,861.0,1093.5,1364.5,1600.5,1798.0,1952.5,2015.5,3334.5,2678.5,739.5,957.5,1180.5,1500.5,1693.5,1893.0,1944.5,2058.0,3042.0,2486.0,678.5,869.5,1111.0,1306.0,1521.5,1681.0,1895.0,1910.5,3500.0,2741.5,855.0,1083.5,1424.5,1677.0,1829.0,1989.0,2175.5,2257.0,0.0,0.0,0.0,0.0,0.0,0.0,0.0,0.0,0.0,0.0,2470.5,1938.5,620.0,773.0,1029.0,1204.0,1319.5,1428.5,1564.5,1643.5,0.0,0.0,0.0,0.0,0.0,0.0,0.0,0.0,0.0,0.0,1518.0,953.0,331.0,499.0,690.0,871.0,927.0,1028.0,1157.0,1171.0,2694.5,1980.0,877.5,1038.5,1237.5,1505.5,1607.5,1790.5,1867.0,2009.0,0.0,0.0,0.0,0.0,0.0,0.0,0.0,0.0,0.0,0.0,1983.0,1331.0,581.0,781.0,934.0,1154.0,1406.0,1562.0,1706.0,1719.0,0.0,0.0,0.0,0.0,0.0,0.0,0.0,0.0,0.0,0.0,704.0,783.0,10528.0,10285.0,10318.0,10420.0,10047.0,9703.0,10072.0,9279.0,0.0,0.0,0.0,0.0,0.0,0.0,0.0,0.0,0.0,0.0,2637.0,1919.0,759.0,947.0,1198.0,1398.0,1497.0,1647.0,1846.0,1847.0,2728.5,2013.0,750.5,957.5,1218.5,1406.0,1559.5,1711.5,1902.0,1890.5,2313.0,1629.5,1090.0,1282.0,1428.5,1693.5,1857.0,2034.0,2160.5,2234.5,0.0,0.0,0.0,0.0,0.0,0.0,0.0,0.0,0.0,0.0,"{""type"":""MultiPoint"",""coordinates"":[]}"
1246,4,3060.0,2345.5,681.0,915.0,1242.0,1495.5,1707.5,1878.0,2260.0,2138.5,4033.5,3079.0,973.0,1255.0,1612.0,2036.0,2211.5,2437.0,2720.0,2780.5,3832.0,2829.0,993.0,1261.0,1661.0,2079.0,2267.5,2453.5,2728.0,2811.5,4079.5,3171.0,1023.0,1326.5,1705.5,2140.5,2373.0,2575.5,2817.0,2891.5,5031.5,4145.5,1419.5,1830.5,2269.5,2798.5,3005.0,3292.0,3457.5,3621.0,5866.5,4993.5,1736.5,2160.5,2676.0,3191.0,3485.5,3772.5,4024.5,4133.5,0.0,0.0,0.0,0.0,0.0,0.0,0.0,0.0,0.0,0.0,4175.0,3050.5,936.5,1326.0,1401.5,2015.5,2861.0,3257.0,3332.5,3525.0,3521.5,2229.0,1197.0,1446.0,1288.0,1755.5,3740.5,4745.5,4749.5,5058.0,2945.5,1479.5,626.0,961.0,689.0,1179.5,3945.5,5371.5,5395.5,5687.0,3169.0,2195.5,2224.0,2198.5,1917.0,2421.0,4241.5,5387.0,5244.0,5611.5,3242.0,2513.0,768.0,976.5,1338.5,1579.0,1801.0,1913.5,2300.0,2225.0,1604.5,723.0,400.5,537.0,340.5,680.5,2197.0,3148.0,3163.5,3422.0,2491.0,1228.0,513.5,751.5,495.5,1006.0,3127.5,4319.0,4457.0,4605.0,2610.5,1349.0,510.0,780.5,614.5,1163.0,2883.0,3879.5,3899.5,4262.5,3039.0,1885.0,986.5,1191.0,1115.5,1569.5,2694.0,3195.5,3354.5,3595.5,2716.5,1668.5,383.0,583.5,632.5,1040.0,1877.0,2226.0,2462.5,2594.5,0.0,0.0,0.0,0.0,0.0,0.0,0.0,0.0,0.0,0.0,4458.5,3569.5,992.5,1294.5,1871.0,2240.5,2388.5,2626.0,2916.5,3005.0,4005.0,2982.5,910.5,1192.5,1613.5,1976.0,2172.5,2344.0,2439.0,2604.5,3408.5,2480.5,829.0,1141.0,1462.5,1858.0,2187.5,2391.0,2584.0,2640.5,3258.0,2504.5,944.0,1237.0,1603.0,1953.0,2108.5,2275.0,2442.5,2508.0,0.0,0.0,0.0,0.0,0.0,0.0,0.0,0.0,0.0,0.0,3333.0,2637.5,1071.0,1349.5,1762.0,2073.0,2193.5,2360.0,2587.5,2614.0,0.0,0.0,0.0,0.0,0.0,0.0,0.0,0.0,0.0,0.0,2559.0,1720.0,684.5,1046.5,1327.0,1748.5,2074.5,2231.5,2508.0,2485.5,4112.5,3395.0,1624.5,2004.0,2361.5,2857.0,3318.0,3535.5,3349.5,3853.0,0.0,0.0,0.0,0.0,0.0,0.0,0.0,0.0,0.0,0.0,2550.0,1608.5,623.5,977.5,961.0,1537.0,2640.5,2908.0,3226.5,3120.0,0.0,0.0,0.0,0.0,0.0,0.0,0.0,0.0,0.0,0.0,715.5,715.5,8951.0,8907.0,8989.5,9061.0,9032.5,8451.5,8909.0,8113.5,0.0,0.0,0.0,0.0,0.0,0.0,0.0,0.0,0.0,0.0,3334.5,2601.0,739.0,983.5,1287.5,1615.5,1925.5,2144.0,2429.0,2316.5,3462.0,2608.5,783.5,1059.0,1318.5,1727.5,2113.0,2330.5,2570.5,2553.5,3030.0,2169.0,627.0,896.0,1149.0,1640.0,2052.0,2232.5,2490.0,2491.0,0.0,0.0,0.0,0.0,0.0,0.0,0.0,0.0,0.0,0.0,"{""type"":""MultiPoint"",""coordinates"":[]}"
1269,5,2007.0,1326.0,648.5,830.5,1091.5,1317.0,1422.5,1548.5,1745.5,1804.0,3931.5,3042.0,894.0,1231.0,1551.0,2124.0,2378.0,2540.0,2571.0,2778.5,0.0,0.0,0.0,0.0,0.0,0.0,0.0,0.0,0.0,0.0,3740.5,2918.0,791.0,1194.5,1322.0,2118.0,2723.5,2988.5,3047.0,3252.5,3387.0,2449.0,678.5,1047.0,1155.0,1861.0,2564.5,2852.5,3094.0,3089.0,0.0,0.0,0.0,0.0,0.0,0.0,0.0,0.0,0.0,0.0,0.0,0.0,0.0,0.0,0.0,0.0,0.0,0.0,0.0,0.0,3905.5,3174.5,979.5,1377.0,1464.5,2164.0,2932.5,3331.0,3342.5,3595.0,3083.0,2686.0,1199.0,1440.0,1491.5,2023.0,2537.0,2900.0,2878.5,3199.0,3970.5,2987.5,986.5,1342.0,1417.5,2138.5,2960.5,3354.5,3307.5,3651.5,5468.5,5028.5,5511.5,5486.0,5437.5,5942.5,6150.5,6273.5,5913.0,6202.0,2645.0,1956.0,621.5,827.0,1157.0,1382.0,1516.5,1637.0,1860.0,1892.5,3363.0,2488.5,711.0,1082.5,1109.5,1761.5,2688.0,3116.5,2885.5,3350.5,3338.5,2156.0,1732.0,1903.0,1632.0,2255.5,3572.0,4264.0,4197.5,4634.5,0.0,0.0,0.0,0.0,0.0,0.0,0.0,0.0,0.0,0.0,2555.5,1566.5,517.5,822.0,675.0,1312.5,2741.0,3222.5,3018.0,3403.5,2296.5,1427.0,432.5,755.5,656.5,1275.5,2776.0,3186.0,3025.0,3401.5,1753.0,1057.0,463.5,666.5,563.0,1072.0,2064.0,2377.5,2282.0,2586.5,2682.5,1794.0,538.5,840.0,778.5,1505.0,2672.5,3045.0,3034.5,3287.5,0.0,0.0,0.0,0.0,0.0,0.0,0.0,0.0,0.0,0.0,2877.5,2180.0,485.0,802.0,848.0,1518.5,2214.0,2450.5,2602.0,2689.0,2712.5,1912.0,421.5,700.5,838.0,1453.5,2138.0,2423.5,2689.5,2733.0,2857.0,2219.5,1297.5,1526.5,1732.5,1962.0,2065.5,2189.0,2305.5,2358.0,2311.0,1468.5,382.0,629.0,779.5,1350.0,2065.5,2279.5,2530.5,2628.0,2741.5,1816.5,454.5,704.5,908.0,1382.5,1808.0,1996.5,2329.0,2346.0,3468.0,2809.5,2544.5,2494.0,2356.0,2613.0,2746.0,2850.0,3679.0,3022.5,2862.5,1977.5,481.5,768.0,1003.0,1407.0,1737.0,1910.5,2103.5,2328.0,0.0,0.0,0.0,0.0,0.0,0.0,0.0,0.0,0.0,0.0,3657.0,3450.0,3106.0,3421.0,3369.0,3403.0,3206.5,3238.0,3719.0,3378.5,0.0,0.0,0.0,0.0,0.0,0.0,0.0,0.0,0.0,0.0,0.0,0.0,0.0,0.0,0.0,0.0,0.0,0.0,0.0,0.0,819.0,554.0,3839.5,3957.5,4357.5,4572.0,4364.5,4217.0,4586.0,4130.0,2443.5,2002.5,1000.5,1098.5,1260.5,1515.0,1640.0,1758.0,1906.0,1974.0,0.0,0.0,0.0,0.0,0.0,0.0,0.0,0.0,0.0,0.0,2851.0,2058.5,699.5,978.5,1304.0,1595.0,1736.5,1874.5,2115.5,2103.0,3124.0,2357.0,781.5,1078.5,1404.5,1770.5,2003.0,2136.0,2287.0,2387.0,"{""type"":""MultiPoint"",""coordinates"":[]}"
1294,5,615.0,453.5,451.5,574.0,772.5,936.5,907.5,984.5,1084.0,980.5,5007.0,3986.0,1101.5,1475.5,1955.5,2346.5,2511.5,2827.0,3128.0,3174.0,2068.5,1295.0,692.5,877.0,1255.5,1480.0,1632.5,1806.0,2032.0,2036.5,1858.5,1187.5,714.0,919.0,1249.0,1473.5,1626.5,1809.5,1957.0,2061.5,2691.5,1838.0,763.5,1038.5,1392.5,1702.0,1852.5,2062.0,2306.0,2377.0,5006.0,4243.5,1505.5,1923.5,2514.5,3005.0,3262.5,3531.5,3751.0,3901.5,3461.0,2735.0,3184.5,2993.0,2705.0,3106.5,3573.5,3714.5,4212.5,3801.5,4448.5,3787.5,2147.5,2406.0,2535.0,3057.5,3643.5,4058.0,4137.5,4314.0,5893.5,5010.5,1842.0,2449.5,2839.5,3650.5,4605.5,4981.0,4983.0,5392.0,4995.5,3871.5,1334.0,1891.5,2053.0,2901.0,4637.0,5072.5,5089.0,5517.0,1798.0,1057.5,545.5,700.5,567.0,938.5,2077.0,2470.0,2862.5,2539.5,324.0,229.0,347.5,519.5,768.0,951.5,960.5,1031.0,1110.0,1031.5,2979.5,1353.0,540.5,747.5,417.0,1081.5,4990.5,6130.5,5897.0,6401.5,2450.0,1090.0,531.0,647.0,377.5,875.5,4155.0,5801.5,5836.5,6100.5,2626.0,1114.5,328.5,507.5,266.5,821.5,4545.0,6142.0,6008.0,6537.0,2221.5,1003.5,447.0,660.5,389.0,948.0,3953.5,5009.5,5074.0,5326.0,2216.0,1047.0,311.0,600.0,299.5,998.5,3711.0,4835.5,4821.5,5157.0,2059.5,1014.0,466.0,812.0,519.0,1397.5,3099.5,3604.5,3638.0,3951.5,2866.0,1960.5,513.5,780.5,835.5,1394.0,1750.0,1990.5,2168.5,2349.0,3423.0,2628.0,578.0,723.0,879.5,1144.0,1262.0,1391.0,1544.0,1669.0,3413.0,2560.0,547.5,713.5,880.0,1102.0,1305.0,1436.0,1639.0,1728.5,3932.0,2738.5,846.5,1064.5,1399.0,1691.0,1858.5,2030.5,2205.5,2372.5,2754.0,2546.5,1751.5,1832.5,1943.0,2164.0,2220.0,2324.0,2466.5,2445.0,3562.0,2627.0,826.5,1025.0,1255.0,1495.0,1732.5,1876.5,2069.0,2127.0,2574.5,1751.0,788.0,917.0,1085.0,1368.5,1606.5,1776.5,1982.0,2022.5,3421.0,2379.5,749.0,977.5,1167.0,1458.0,1801.0,1967.0,2173.0,2230.0,2584.0,1684.5,758.5,966.0,1071.0,1324.0,1556.5,1776.5,2015.0,1987.5,3035.5,2569.5,3092.0,2935.0,2957.5,3153.0,3254.0,3349.5,2907.5,3457.5,1169.0,600.0,393.5,550.0,537.5,929.0,1472.5,1595.5,1773.5,1831.0,0.0,0.0,0.0,0.0,0.0,0.0,0.0,0.0,0.0,0.0,477.0,515.5,10136.0,10110.5,10067.0,10253.0,9934.0,9366.0,9720.0,8846.0,155.0,135.5,4478.0,4597.5,4818.5,5183.0,4911.0,4508.5,4502.0,4366.5,760.5,459.0,289.0,461.5,684.5,974.5,1105.0,1254.0,1415.5,1393.5,3187.5,2300.5,785.0,1103.0,1521.0,1884.0,2051.5,2267.0,2494.0,2498.5,1744.0,1134.0,556.0,753.0,1065.5,1304.0,1544.0,1663.5,1943.5,1894.0,1999.0,1204.0,535.0,714.5,1032.5,1285.5,1454.5,1668.5,1899.0,1910.5,"{""type"":""MultiPoint"",""coordinates"":[]}"
1304,1,2681.0,1812.0,629.5,853.5,1012.0,1378.0,1927.5,2106.5,2325.0,2317.5,4018.5,3453.0,1025.5,1436.5,1793.5,2122.0,2268.0,2424.0,2603.0,2678.0,2736.0,2047.0,700.0,938.0,1158.0,1407.0,1547.0,1684.0,1846.0,1879.0,3919.0,3313.5,988.5,1408.5,1636.5,2112.5,2475.5,2683.5,2835.5,2906.0,2597.0,1808.0,526.0,846.0,933.0,1326.0,1824.0,1943.0,2108.0,2135.0,3719.5,2607.0,880.5,1270.0,1148.5,1715.0,3842.5,4669.5,4819.5,4878.5,3849.0,3068.0,3380.0,3076.0,2950.0,3357.0,3801.0,4013.0,4155.0,4061.0,1879.0,844.0,310.5,532.5,250.0,622.5,3496.5,4992.0,5005.0,5057.5,1349.0,537.0,162.0,364.0,171.0,465.0,2975.0,4636.0,4800.0,4810.0,1757.0,718.0,429.0,593.0,315.0,664.0,3490.0,5140.0,5042.0,5440.0,1798.0,744.0,409.0,661.0,352.0,814.0,3420.0,4999.0,4993.0,5150.0,3013.0,2165.0,668.0,887.0,1076.0,1459.0,2000.0,2179.0,2410.0,2419.0,1833.0,779.0,425.0,749.0,365.0,940.0,3574.0,4452.0,4464.0,4736.0,2039.0,956.5,541.5,898.5,583.0,1270.5,2955.5,3528.5,3608.0,3811.0,2975.0,1773.0,519.0,886.0,1003.0,1598.0,2308.0,2686.0,2810.0,3095.0,1772.0,998.0,336.0,512.0,606.0,762.0,1055.0,1243.0,1238.0,1389.0,2857.0,2016.5,383.5,534.0,785.0,968.5,1144.5,1304.0,1488.5,1589.0,2489.5,1707.5,371.5,482.0,666.0,838.5,979.0,1168.5,1265.0,1386.0,4258.5,2972.0,1094.0,1472.0,2159.0,2529.0,2689.5,2917.5,3198.0,3280.0,3229.5,2241.0,954.5,1214.5,1656.0,1995.0,2074.5,2275.0,2335.5,2549.5,3632.0,2656.0,979.0,1287.0,1682.0,2049.0,2182.0,2307.0,2493.0,2647.0,3285.0,2441.0,801.0,1087.0,1443.5,1753.0,2002.0,2151.5,2335.5,2400.0,3106.0,2228.0,805.0,1060.0,1288.0,1701.0,2052.0,2216.0,2474.0,2429.0,3047.0,2167.0,727.0,1012.0,1302.0,1649.0,1956.0,2115.0,2362.0,2348.0,2898.0,2076.0,746.0,1013.0,1289.0,1614.0,1934.0,2057.0,2267.0,2284.0,2575.5,1741.5,654.5,919.5,1246.0,1542.0,1853.5,2015.5,2333.5,2289.5,2889.0,1991.0,710.0,1026.0,1325.0,1666.0,2079.0,2259.0,2430.0,2532.0,0.0,0.0,0.0,0.0,0.0,0.0,0.0,0.0,0.0,0.0,2354.0,1585.0,676.0,906.0,1040.0,1429.0,2019.0,2200.0,2445.0,2412.0,3957.0,3705.0,3296.0,3178.0,3199.0,3426.0,3572.0,3631.0,3922.0,3792.0,170.0,212.0,11626.0,11212.0,10962.0,11020.0,10528.0,9916.0,10308.0,9372.0,317.0,210.0,1967.0,2140.0,2360.0,2546.0,2463.0,2459.0,2570.0,2347.0,3160.5,2398.0,788.0,1025.0,1362.5,1593.0,1697.5,1862.0,2099.0,2104.0,2898.0,2216.0,692.0,950.0,1284.0,1431.0,1529.0,1697.0,1920.0,1904.0,2869.0,2151.0,695.0,972.0,1290.0,1483.0,1606.0,1723.0,1930.0,1925.0,2707.0,1923.0,673.0,878.0,1190.0,1345.0,1421.0,1566.0,1720.0,1796.0,"{""type"":""MultiPoint"",""coordinates"":[]}"
1306,2,2619.0,1814.5,547.0,690.5,958.0,1351.5,1769.0,1957.5,2229.5,2272.0,3246.5,2601.0,813.5,1053.5,1403.5,1704.0,1844.0,2044.0,2267.0,2318.5,2674.0,1950.5,546.5,726.5,1026.5,1255.5,1357.5,1529.0,1671.5,1776.5,3283.5,2397.5,922.0,1083.0,1451.5,1698.0,1827.5,2039.5,2285.0,2371.0,4699.5,4091.5,1149.5,1525.0,2022.5,2378.0,2557.0,2757.5,2857.0,3066.0,4926.0,4351.5,1170.5,1596.5,2177.0,2533.5,2707.5,2881.5,3228.5,3287.5,0.0,0.0,0.0,0.0,0.0,0.0,0.0,0.0,0.0,0.0,4908.5,4397.5,1256.0,1646.0,2003.0,2454.0,2820.0,3027.0,3276.0,3409.0,4190.0,3442.0,1087.0,1488.0,1791.0,2322.0,3180.5,3496.0,3516.0,3819.0,4258.5,3234.5,1051.0,1433.5,1503.0,2194.5,3762.0,4174.0,4276.0,4564.0,3197.0,2008.5,638.5,962.0,879.0,1541.0,3536.0,4168.0,4205.5,4378.0,3027.0,2278.0,685.5,845.0,1153.0,1575.5,1975.0,2176.0,2444.0,2477.5,2790.5,1423.0,496.0,803.5,503.5,1278.0,4264.0,5276.5,5178.5,5451.5,2311.5,995.0,470.0,741.5,376.0,1149.5,4542.0,5696.0,5735.5,5809.0,0.0,0.0,0.0,0.0,0.0,0.0,0.0,0.0,0.0,0.0,1391.5,557.0,318.0,448.5,259.0,703.5,2774.5,3632.0,3503.5,3700.5,2151.5,902.5,355.5,596.0,334.5,1080.0,4285.0,5339.0,5650.5,5634.5,0.0,0.0,0.0,0.0,0.0,0.0,0.0,0.0,0.0,0.0,2164.5,1010.0,374.0,554.5,415.5,1198.0,3721.0,4456.5,4742.0,4795.0,1858.0,1193.5,492.0,580.0,640.0,981.0,1342.5,1498.5,1619.0,1816.0,2861.5,2004.0,962.0,1082.5,1330.0,1600.5,1832.5,2057.0,2331.5,2418.5,2986.0,2130.0,948.5,1145.5,1393.0,1719.5,1960.5,2105.0,2350.0,2496.5,0.0,0.0,0.0,0.0,0.0,0.0,0.0,0.0,0.0,0.0,3560.0,2566.5,677.5,967.5,1320.5,1725.0,2083.0,2333.0,2630.5,2740.5,728.0,440.5,537.5,462.5,434.0,531.5,634.0,739.0,812.5,824.0,2601.0,1671.0,410.5,691.0,888.5,1383.0,1898.5,2150.5,2397.0,2479.0,2375.0,1501.0,350.0,646.0,816.0,1298.5,1893.5,2118.0,2391.0,2421.0,0.0,0.0,0.0,0.0,0.0,0.0,0.0,0.0,0.0,0.0,2407.0,1594.0,522.5,731.5,807.0,1307.5,1976.5,2206.5,2457.0,2487.5,0.0,0.0,0.0,0.0,0.0,0.0,0.0,0.0,0.0,0.0,1016.0,1081.0,10065.5,9764.5,9750.0,9903.5,9713.5,9313.5,9670.0,9055.5,2734.0,1965.5,601.5,774.5,1050.0,1446.0,1810.0,2020.5,2210.5,2321.0,2914.0,2128.5,571.5,762.0,1022.0,1458.0,1952.5,2176.0,2455.5,2481.5,2623.5,1726.5,604.0,836.0,977.5,1516.5,2162.5,2397.5,2635.5,2620.0,2966.5,2162.5,1294.5,1539.5,1719.5,2246.0,2791.5,2984.5,2794.5,3148.5,3472.0,2557.0,1164.0,1401.0,1577.0,2300.0,2748.0,3050.0,3270.0,3338.0,"{""type"":""MultiPoint"",""coordinates"":[]}"
1317,1,2040.5,1557.0,1178.0,1294.0,1414.0,1778.5,2222.5,2360.5,2571.0,2563.0,4015.5,3137.0,927.0,1224.5,1425.5,1877.5,2286.5,2537.0,2746.0,2907.5,0.0,0.0,0.0,0.0,0.0,0.0,0.0,0.0,0.0,0.0,5145.5,4680.5,1514.5,2126.0,2551.0,3154.5,3653.5,3911.5,4059.0,4166.5,2719.5,1943.0,748.5,1074.5,1362.0,1700.0,2064.0,2234.0,2418.0,2446.5,0.0,0.0,0.0,0.0,0.0,0.0,0.0,0.0,0.0,0.0,0.0,0.0,0.0,0.0,0.0,0.0,0.0,0.0,0.0,0.0,1816.0,771.0,246.5,509.5,258.5,655.0,3257.0,4584.0,4440.5,4739.0,1827.5,836.5,216.5,440.5,212.5,598.0,3250.0,5074.5,5114.0,5267.5,2068.0,898.0,632.0,777.5,436.0,842.5,3660.0,5809.5,5833.5,6153.0,2448.5,1244.0,947.5,1106.0,776.5,1259.0,4161.5,6054.0,5972.0,6338.0,2620.0,1796.5,543.5,785.0,1009.0,1520.5,2173.5,2385.5,2675.5,2694.0,1135.5,561.5,306.5,444.0,266.0,561.0,1954.0,2806.0,2624.5,2974.5,2086.0,1050.0,494.5,865.5,610.0,1251.5,3157.0,4033.0,3977.0,4473.5,2721.0,1650.5,497.0,789.0,1055.0,1607.5,2307.5,2697.5,2767.0,3161.0,513.0,438.0,191.0,208.5,209.5,302.0,341.5,375.0,279.0,390.0,2426.5,1802.5,327.0,497.5,746.0,992.5,1154.0,1310.5,1353.0,1519.5,4015.0,3005.5,838.0,1138.5,1654.0,1979.5,2171.5,2423.5,2550.5,2829.5,4154.5,3278.5,984.5,1295.0,1839.0,2152.5,2352.5,2557.0,2694.5,2860.5,0.0,0.0,0.0,0.0,0.0,0.0,0.0,0.0,0.0,0.0,2745.5,1980.5,2129.0,2047.5,2067.0,2302.0,2491.0,2628.0,2601.5,2773.0,3231.0,2351.0,774.5,1086.0,1425.0,1803.5,2220.5,2431.5,2587.5,2690.0,1753.5,1316.0,792.0,857.5,920.0,1222.0,1529.0,1651.0,1830.5,1857.0,1697.5,1279.0,546.0,723.0,991.0,1135.5,1241.0,1322.5,1465.0,1463.0,3232.0,2560.0,939.0,1279.0,1709.5,2029.0,2175.0,2352.0,2531.0,2624.5,3736.5,3148.0,1061.0,1457.5,1947.0,2282.5,2442.0,2616.0,2858.5,2919.5,3880.0,3300.0,1052.0,1446.0,1945.5,2301.0,2462.0,2709.5,2853.5,2967.5,0.0,0.0,0.0,0.0,0.0,0.0,0.0,0.0,0.0,0.0,0.0,0.0,0.0,0.0,0.0,0.0,0.0,0.0,0.0,0.0,0.0,0.0,0.0,0.0,0.0,0.0,0.0,0.0,0.0,0.0,0.0,0.0,0.0,0.0,0.0,0.0,0.0,0.0,0.0,0.0,213.5,173.0,7807.5,8002.5,8111.5,8485.5,8084.5,7726.5,7904.5,7236.0,3495.5,2783.5,1249.5,1500.5,1785.0,2263.0,2639.5,2860.0,3011.5,3206.5,0.0,0.0,0.0,0.0,0.0,0.0,0.0,0.0,0.0,0.0,2978.5,2133.5,632.0,881.0,1100.5,1460.5,1696.5,1892.5,2150.0,2243.0,3223.5,2394.0,691.0,963.5,1183.5,1564.0,1850.5,2030.5,2278.0,2373.5,"{""type"":""MultiPoint"",""coordinates"":[]}"
1388,2,2464.0,1715.0,511.0,677.0,837.0,1139.0,1534.0,1719.0,1980.0,2019.0,4403.0,3915.0,1255.0,1618.0,2027.0,2330.0,2486.0,2599.0,2886.0,2903.0,1800.0,1311.0,548.0,648.0,831.0,940.0,984.0,1074.0,1172.0,1217.0,1999.0,1561.0,565.0,687.0,889.0,1030.0,1079.0,1158.0,1254.0,1317.0,4336.0,4205.0,1407.0,1790.0,2246.0,2537.0,2568.0,2731.0,2859.0,2945.0,3753.0,3352.0,2823.0,2596.0,2547.0,3047.0,3687.0,3923.0,4169.0,3885.0,0.0,0.0,0.0,0.0,0.0,0.0,0.0,0.0,0.0,0.0,4570.0,4372.0,1460.0,1903.0,2319.0,2684.0,2793.0,3032.0,3097.0,3267.0,4862.0,4297.5,1470.5,1870.5,2233.0,2632.0,3042.5,3329.0,3331.0,3594.0,4014.0,3473.0,1094.0,1533.5,1793.5,2258.5,2905.5,3151.5,3068.5,3413.5,4393.0,3611.0,1359.0,1784.0,1949.0,2550.0,3603.0,3965.0,3952.0,4254.0,2591.0,1898.0,541.0,722.0,886.0,1217.0,1606.0,1776.0,2003.0,2043.0,3622.0,2424.0,872.0,1253.0,1211.0,1877.0,3980.0,4481.0,4429.0,4771.0,3052.0,1896.0,1090.5,1466.5,1315.0,1931.5,3520.0,4080.0,4221.5,4308.5,0.0,0.0,0.0,0.0,0.0,0.0,0.0,0.0,0.0,0.0,1734.0,1023.5,441.5,643.5,483.0,980.5,2482.5,2936.5,2926.0,3067.5,2333.5,1234.0,439.0,701.0,521.5,1201.5,3713.0,4378.0,4504.5,4609.5,0.0,0.0,0.0,0.0,0.0,0.0,0.0,0.0,0.0,0.0,1815.0,841.5,349.5,541.0,387.0,954.0,3246.5,3843.5,4044.5,4094.5,1676.0,705.0,338.0,516.0,335.0,902.0,3119.0,3646.0,3711.0,3975.0,1643.0,766.5,289.0,473.0,324.0,868.5,2948.0,3559.5,3757.0,3868.0,2065.0,1216.0,466.0,626.0,593.0,1108.0,2258.0,2697.0,2919.0,3131.0,0.0,0.0,0.0,0.0,0.0,0.0,0.0,0.0,0.0,0.0,2638.0,1730.0,668.0,806.0,966.0,1255.0,1530.0,1717.0,1993.0,2133.0,2736.0,2284.0,640.0,879.0,1203.0,1423.0,1464.0,1610.0,1725.0,1788.0,1570.0,1088.0,235.0,423.0,592.0,800.0,912.0,1056.0,1181.0,1214.0,1538.0,1029.0,279.0,527.0,602.0,829.0,1106.0,1221.0,1241.0,1405.0,0.0,0.0,0.0,0.0,0.0,0.0,0.0,0.0,0.0,0.0,3223.5,2703.5,2346.0,2453.5,2354.5,2733.5,3174.5,3230.0,3274.5,3262.0,0.0,0.0,0.0,0.0,0.0,0.0,0.0,0.0,0.0,0.0,224.0,223.0,9057.0,9189.0,9344.0,9513.0,9237.0,8829.0,9161.0,8407.0,0.0,0.0,0.0,0.0,0.0,0.0,0.0,0.0,0.0,0.0,2488.0,1816.0,571.0,747.0,892.0,1209.0,1554.0,1718.0,1949.0,1984.0,3210.0,2495.0,709.0,989.0,1237.0,1496.0,1721.0,1891.0,2137.0,2165.0,2501.0,1792.0,555.0,724.0,927.0,1155.0,1304.0,1434.0,1677.0,1722.0,2337.0,1583.0,611.0,777.0,992.0,1188.0,1259.0,1392.0,1577.0,1619.0,"{""type"":""MultiPoint"",""coordinates"":[]}"
1396,5,1977.0,1524.0,455.0,572.0,792.0,921.0,998.0,1122.0,1309.0,1283.0,3404.0,2919.0,881.0,1225.0,1527.0,1908.0,2153.0,2298.0,2437.0,2495.0,2580.0,1942.0,690.0,912.0,1103.0,1431.0,1706.0,1851.0,2031.0,2064.0,2504.0,1849.0,773.0,949.0,1199.0,1383.0,1561.0,1703.0,1835.0,1880.0,0.0,0.0,0.0,0.0,0.0,0.0,0.0,0.0,0.0,0.0,4414.0,3746.0,1153.0,1551.0,1738.0,2227.0,3110.0,3409.0,3469.0,3607.0,0.0,0.0,0.0,0.0,0.0,0.0,0.0,0.0,0.0,0.0,3181.0,2032.0,538.0,839.0,691.0,1322.0,3452.0,4070.0,4016.0,4165.0,4407.5,3328.0,2547.5,2619.5,2495.5,3001.0,4473.0,5111.0,5115.0,5263.5,2260.0,1330.0,417.0,622.0,478.0,922.0,3009.0,3950.0,3938.0,4111.0,1849.0,909.0,322.0,504.0,330.0,772.0,2961.0,3819.0,3744.0,3899.0,2254.0,1851.0,527.0,674.0,916.0,1040.0,1173.0,1278.0,1483.0,1484.0,2092.5,1100.0,373.0,616.5,423.0,991.0,3111.0,3935.5,3915.0,4205.0,2401.0,1127.0,918.0,1051.0,678.0,1325.0,3692.0,4671.0,4638.0,4872.0,3229.0,2712.0,2692.0,2820.0,2292.0,3005.0,4124.0,4530.0,4467.0,4770.0,2436.0,1496.0,531.5,910.0,764.5,1494.0,2535.0,2907.0,2877.0,3227.0,2401.0,1479.5,450.0,741.0,728.5,1334.5,2054.0,2322.5,2436.5,2675.0,3585.0,2664.0,595.0,821.0,1239.0,1505.0,1687.0,1940.0,2107.0,2309.0,2937.5,2218.0,576.5,748.5,1007.0,1250.0,1437.0,1586.5,1705.5,1859.0,3001.0,2324.0,551.0,756.0,958.0,1229.0,1476.0,1636.0,1692.0,1884.0,2791.5,2368.0,868.0,1128.0,1333.5,1486.0,1627.0,1793.0,1904.5,1972.0,3054.0,2801.0,767.0,948.0,1286.0,1446.0,1535.0,1701.0,1797.0,1878.0,0.0,0.0,0.0,0.0,0.0,0.0,0.0,0.0,0.0,0.0,1933.5,1627.0,544.0,660.5,827.0,943.5,1003.0,1077.0,1183.0,1253.5,4154.0,3398.0,1228.0,1483.0,1832.0,2260.0,2597.0,2848.0,2712.0,3241.0,1750.0,1126.0,331.0,563.0,665.0,963.0,1211.0,1367.0,1542.0,1521.0,3709.0,3336.0,2567.5,2575.0,2639.5,2918.0,3144.5,3235.5,3332.5,3372.5,0.0,0.0,0.0,0.0,0.0,0.0,0.0,0.0,0.0,0.0,1973.0,1118.0,467.0,835.0,523.0,1291.0,2683.0,2870.0,3062.0,2947.0,0.0,0.0,0.0,0.0,0.0,0.0,0.0,0.0,0.0,0.0,164.0,174.0,8421.0,8544.0,8674.0,8952.0,8440.0,7874.0,8125.0,7258.0,0.0,0.0,0.0,0.0,0.0,0.0,0.0,0.0,0.0,0.0,3278.0,2820.5,1740.5,1994.0,2251.5,2612.0,2793.0,2868.0,2895.5,3035.0,2987.0,2520.0,736.0,1009.0,1276.0,1617.0,1883.0,2031.0,2257.0,2246.0,2467.0,1884.0,593.0,783.0,966.0,1247.0,1510.0,1656.0,1819.0,1865.0,0.0,0.0,0.0,0.0,0.0,0.0,0.0,0.0,0.0,0.0,"{""type"":""MultiPoint"",""coordinates"":[]}"
1397,1,1331.0,774.0,545.0,727.0,814.0,1212.0,1504.0,1670.0,1741.0,1801.0,3709.5,3268.0,1302.5,1570.0,1986.0,2281.5,2370.5,2571.0,2775.0,2783.5,2786.0,1926.0,673.0,921.0,1143.0,1553.5,1698.0,1892.5,2082.0,2159.0,2830.0,1963.0,848.0,991.0,1158.0,1509.0,1694.0,1905.0,2112.0,2179.0,2871.0,2051.0,656.0,935.0,1208.0,1548.0,1847.0,2006.0,2177.0,2256.0,5877.0,4684.0,1530.0,1990.0,2194.0,2964.0,4432.0,5133.0,5139.0,5478.0,0.0,0.0,0.0,0.0,0.0,0.0,0.0,0.0,0.0,0.0,2895.5,2007.5,2119.0,2077.0,1743.5,2145.5,3908.5,5146.0,5057.5,5242.5,1990.5,841.5,408.5,568.5,288.0,685.0,3727.0,5750.0,5785.5,5995.0,1977.0,821.0,286.0,494.0,225.0,628.0,3559.0,5800.0,5785.0,6139.0,1819.0,845.0,475.0,610.0,406.0,795.0,2951.0,4662.0,4677.0,4879.0,2516.0,1767.0,611.0,864.0,1029.0,1426.0,1721.0,1896.0,2128.0,2129.0,2140.0,855.0,388.0,633.0,347.0,853.0,3822.0,5507.0,5493.0,5877.0,1922.5,807.5,515.5,809.0,451.5,1018.5,3493.5,4864.5,4839.0,5127.5,2615.0,1307.0,571.0,977.0,770.0,1554.0,3414.0,4279.0,4297.0,4769.0,2620.0,1688.0,522.0,813.0,815.0,1367.0,2105.0,2498.0,2417.0,2752.0,3599.0,2600.0,695.0,872.0,1220.0,1631.0,1915.0,2217.0,2314.0,2616.0,5268.5,3695.0,1297.5,1753.5,2622.5,3120.0,3312.5,3654.5,3831.0,4212.5,4204.0,3399.5,989.5,1279.0,1823.5,2082.5,2183.5,2379.0,2508.5,2638.0,4002.0,3045.0,859.0,1067.0,1499.0,1807.0,1903.0,2111.0,2153.0,2379.0,3897.0,3001.0,769.0,1019.0,1472.0,1709.0,1835.0,2012.0,2233.0,2266.0,3756.0,2950.0,926.0,1214.0,1700.0,1974.0,2113.0,2317.0,2474.0,2599.0,3631.0,3253.5,2540.0,2603.5,2647.0,2865.0,2973.0,3057.0,3373.5,3122.5,3249.5,2440.0,769.0,1027.0,1422.0,1686.5,1828.0,2009.0,2200.5,2261.5,3632.5,3076.5,2163.5,2193.5,2411.5,2832.0,2965.5,3104.0,3286.5,3376.0,2801.0,1977.5,605.0,878.5,1250.0,1514.5,1713.5,1920.5,2162.0,2200.5,3082.0,2219.0,722.0,997.0,1309.0,1631.0,1865.0,2068.0,2272.0,2366.0,3509.0,2757.0,3888.0,3644.0,3559.0,4045.0,3753.0,3608.0,4172.0,3487.0,1688.5,1342.5,1229.0,1229.0,1284.5,1502.5,1642.0,1760.5,1892.0,1918.5,0.0,0.0,0.0,0.0,0.0,0.0,0.0,0.0,0.0,0.0,507.0,546.0,10306.0,10146.0,10114.0,10212.0,9876.0,9424.0,9796.0,9036.0,627.5,460.0,3626.5,3656.0,3733.5,4085.0,4008.0,3997.5,3969.0,3935.0,2294.0,1492.0,499.0,771.0,863.0,1352.0,1843.0,2049.0,2313.0,2313.0,3066.0,2013.0,719.0,1097.0,1023.0,1708.0,2495.0,2737.0,3005.0,3027.0,2451.0,1583.0,561.0,987.0,1011.0,1670.0,2239.0,2486.0,2660.0,2711.0,2864.0,1975.0,748.0,983.0,1288.0,1643.0,1753.0,1941.0,2135.0,2215.0,"{""type"":""MultiPoint"",""coordinates"":[]}"
1411,3,1904.0,1167.0,735.0,1009.0,1269.0,1491.0,1543.0,1630.0,1869.0,1740.0,5630.0,5159.0,1932.0,2551.0,3156.0,3555.0,3673.0,3852.0,4097.0,4100.0,2530.0,1731.0,851.0,1127.0,1445.0,1684.0,1749.0,1868.0,2038.0,2079.0,3343.0,2755.0,1145.5,1553.5,1905.0,2226.0,2297.0,2471.0,2560.5,2633.5,2485.0,1724.0,908.0,1296.0,1550.0,1882.0,1955.0,2101.0,2219.0,2240.0,6495.0,5902.0,4483.0,4311.0,4032.0,4314.0,5697.0,5880.0,5466.0,5982.0,2725.0,1609.0,799.0,1175.0,1137.0,1863.0,2374.0,2663.0,2700.0,2771.0,2604.5,1763.5,650.5,1055.5,1074.5,1673.5,2293.0,2612.0,2503.0,2643.5,1275.0,742.5,804.5,843.0,608.0,971.0,2169.5,2702.0,2531.5,2653.0,1335.0,639.0,334.0,538.0,281.0,741.0,2388.0,3307.0,3107.0,3244.0,2033.5,1487.5,1707.0,1775.0,1515.5,1883.5,3140.0,3929.5,3770.0,4037.0,2443.0,1850.0,865.0,1140.0,1407.0,1629.0,1730.0,1790.0,2013.0,1957.0,1401.0,616.0,418.0,565.0,290.0,721.5,2871.5,4255.0,4080.5,4483.0,1432.0,675.0,453.0,673.0,377.0,917.0,2928.0,4169.0,4199.0,4327.0,1540.0,743.0,487.0,805.0,456.0,1192.0,3216.0,4152.0,4054.0,4453.0,1645.0,841.0,504.0,867.0,556.0,1382.5,3152.0,3875.5,3695.0,4105.0,1767.0,935.0,503.0,928.0,698.5,1610.0,2900.0,3207.0,3302.0,3533.0,1928.0,1123.0,544.0,983.0,998.0,1818.0,2556.0,2795.0,2926.0,3137.0,4223.0,3321.0,1150.0,1563.0,2170.0,2489.0,2587.0,2785.0,2947.0,3111.0,2481.0,1818.5,851.5,1035.5,1332.5,1565.5,1652.0,1821.5,1801.0,1951.5,3636.5,2624.0,1049.5,1379.0,1802.5,2200.0,2338.0,2512.5,2638.5,2746.5,3587.0,2818.0,1058.0,1454.0,1819.0,2243.0,2530.0,2695.0,2599.0,2958.0,2558.0,1935.0,802.0,1109.0,1403.0,1665.0,1718.0,1788.0,1942.0,1986.0,2950.0,2062.0,963.0,1260.0,1557.0,1935.0,2175.0,2310.0,2531.0,2537.0,0.0,0.0,0.0,0.0,0.0,0.0,0.0,0.0,0.0,0.0,1568.0,1015.0,612.0,841.0,1244.0,1543.0,1637.0,1763.0,1933.0,1909.0,1427.0,997.0,681.0,1078.0,1379.0,1749.0,1705.0,1826.0,2159.0,2009.0,0.0,0.0,0.0,0.0,0.0,0.0,0.0,0.0,0.0,0.0,925.0,533.0,543.0,809.0,1055.0,1369.0,1446.0,1575.0,1739.0,1709.0,0.0,0.0,0.0,0.0,0.0,0.0,0.0,0.0,0.0,0.0,703.0,785.0,10790.0,10556.0,10408.0,10438.0,10086.0,9652.0,10072.0,9259.0,945.0,592.0,4260.0,4323.5,4476.0,4812.5,4654.5,4462.0,4609.5,4348.0,1944.0,1419.0,742.0,1083.0,1348.0,1556.0,1539.0,1655.0,1874.0,1753.0,3606.0,3000.0,1104.0,1505.0,1817.0,2223.0,2336.0,2448.0,2600.0,2665.0,2783.0,2007.5,815.0,1132.0,1445.0,1716.5,1825.0,1939.0,2158.0,2163.0,3139.0,2245.0,1013.0,1319.0,1612.0,1946.0,2037.0,2200.0,2383.0,2449.0,"{""type"":""MultiPoint"",""coordinates"":[]}"
1414,5,1777.0,1179.5,432.0,612.0,778.0,980.5,1218.0,1311.5,1471.0,1477.0,3099.0,2456.0,855.0,1160.5,1468.5,1642.0,1763.0,1888.5,2143.0,2082.0,2302.0,1573.0,604.0,773.0,1063.0,1254.0,1325.0,1459.0,1636.0,1660.0,3525.0,2692.0,1576.0,1797.0,2054.5,2368.0,2624.0,2790.5,2952.0,2977.5,2432.0,1586.0,586.0,816.0,1061.0,1313.0,1619.0,1762.0,1915.0,1935.0,4010.0,3241.0,1025.0,1378.0,1645.0,2070.0,2836.0,3123.0,3159.0,3335.0,2480.0,1375.0,586.0,790.0,673.0,1217.0,2772.0,3093.0,2752.0,3298.0,2715.0,1402.0,405.0,692.0,490.0,1079.0,3523.0,4361.0,4221.0,4472.0,2044.0,1010.0,255.0,438.0,301.0,709.0,2958.0,3849.0,3970.0,4018.0,2081.0,932.5,366.5,492.5,290.0,692.0,3357.0,4689.0,4602.0,4911.5,1910.0,939.0,309.0,442.0,330.0,657.0,2779.0,3932.0,3944.0,4185.0,1987.0,1518.0,412.0,572.0,736.0,989.0,1207.0,1300.0,1412.0,1425.0,1456.0,600.5,413.5,477.0,304.0,599.5,2428.0,3393.0,3246.5,3577.5,1907.0,794.0,358.0,436.0,229.0,651.0,3095.0,4147.0,4148.0,4353.0,1770.0,796.0,224.0,407.0,259.0,690.0,2701.0,3502.0,3434.0,3797.0,2426.0,1412.0,894.0,1066.0,884.0,1432.0,2922.0,3552.0,3447.0,3871.0,2152.0,1251.5,375.5,576.0,545.0,1055.0,1831.5,2171.5,2258.5,2535.5,2880.5,2148.5,899.5,1096.0,1458.0,1795.5,2016.0,2272.0,2435.0,2721.5,2706.5,1928.5,624.0,768.0,1026.5,1235.0,1346.5,1482.5,1634.5,1718.0,2384.5,1648.5,526.0,650.5,785.5,1020.5,1201.0,1324.5,1387.0,1497.5,1926.0,1462.0,445.5,580.5,669.0,863.5,1104.0,1204.0,1292.0,1322.5,3061.0,2217.0,660.0,881.0,1076.0,1401.0,1738.0,1891.0,1956.0,2088.0,858.0,596.0,280.0,332.0,395.0,512.0,667.0,720.0,792.0,787.0,1924.0,1494.0,497.0,630.0,859.0,975.5,1054.5,1135.0,1244.0,1291.0,2425.5,2065.5,617.5,816.0,1123.5,1318.5,1428.0,1552.5,1470.5,1743.0,1684.5,1233.0,361.5,556.5,811.5,903.0,961.5,1052.5,1207.5,1195.0,2048.0,1644.0,521.0,680.0,895.0,1074.0,1108.0,1222.0,1202.0,1304.0,0.0,0.0,0.0,0.0,0.0,0.0,0.0,0.0,0.0,0.0,1785.5,1323.5,457.5,592.5,786.0,919.0,1054.0,1138.0,1224.0,1245.5,0.0,0.0,0.0,0.0,0.0,0.0,0.0,0.0,0.0,0.0,145.0,150.0,8381.0,8331.0,8306.0,8405.0,8065.0,7469.0,7550.0,6803.0,923.0,558.0,803.0,1004.0,1173.0,1435.0,1578.0,1594.0,1713.0,1646.0,2148.0,1422.0,576.0,757.0,972.0,1237.0,1507.0,1650.0,1868.0,1846.0,2435.0,1909.5,791.0,986.5,1231.5,1395.0,1489.0,1602.0,1779.5,1753.5,2999.0,2386.0,745.0,1016.0,1349.0,1569.0,1679.0,1809.0,1966.0,1979.0,2976.0,2478.0,704.0,1020.0,1388.0,1605.0,1706.0,1793.0,2028.0,2062.0,"{""type"":""MultiPoint"",""coordinates"":[]}"
1421,5,3079.0,2117.0,1116.0,1401.0,1852.0,2033.0,2152.0,2284.0,2598.0,2524.0,3653.0,2968.0,1124.0,1532.0,1950.0,2219.0,2372.0,2518.0,2708.0,2677.0,2188.0,1380.0,709.0,928.0,1207.0,1411.0,1572.0,1677.0,1828.0,1860.0,2801.0,2098.0,861.0,1164.0,1443.0,1709.0,1958.0,2089.0,2289.0,2276.0,0.0,0.0,0.0,0.0,0.0,0.0,0.0,0.0,0.0,0.0,2568.0,1963.0,864.0,1145.0,1295.0,1580.0,2017.0,2202.0,2191.0,2270.0,0.0,0.0,0.0,0.0,0.0,0.0,0.0,0.0,0.0,0.0,3114.0,2138.0,631.0,986.0,938.0,1520.0,3217.0,3810.0,3905.0,3918.0,964.0,582.0,939.0,915.0,739.0,942.0,1695.0,2049.0,1971.0,2004.0,2100.0,1135.5,486.5,673.5,517.0,1037.5,2961.5,3753.0,3743.5,3944.0,2394.0,1285.0,812.0,920.0,679.0,1215.0,3528.0,4726.0,4791.0,4992.0,3627.0,2625.0,1208.0,1492.0,1962.0,2229.0,2326.0,2433.0,2730.0,2692.0,2221.0,1009.0,390.0,556.0,340.5,842.0,3468.5,4782.5,4744.0,4937.5,2349.0,1198.0,543.5,712.0,515.5,1111.5,3453.0,4548.0,4565.5,4851.5,2065.0,1078.0,400.0,592.0,434.0,1054.0,2767.0,3534.0,3539.0,3790.0,1582.5,941.5,474.5,617.5,511.0,963.5,1910.5,2335.5,2306.0,2494.5,2983.0,2032.5,546.5,836.5,1024.5,1558.5,2001.0,2300.0,2513.5,2692.0,0.0,0.0,0.0,0.0,0.0,0.0,0.0,0.0,0.0,0.0,3507.5,2741.5,748.5,947.5,1287.0,1509.0,1631.0,1794.0,1948.5,2033.0,3418.0,2594.0,725.0,921.0,1150.0,1465.0,1601.0,1768.0,1840.0,1976.0,3007.0,2201.0,670.5,848.0,1085.0,1339.5,1577.0,1767.0,1969.5,1963.5,3269.0,2499.0,728.0,927.0,1145.0,1487.0,1760.0,1976.0,2122.0,2171.0,0.0,0.0,0.0,0.0,0.0,0.0,0.0,0.0,0.0,0.0,2839.5,1944.0,654.5,864.5,1024.5,1347.5,1709.5,1903.0,2085.5,2137.5,0.0,0.0,0.0,0.0,0.0,0.0,0.0,0.0,0.0,0.0,2070.0,1232.0,430.0,636.0,902.0,1120.0,1300.0,1455.0,1551.0,1614.0,2803.5,1942.5,704.0,857.5,1124.5,1345.5,1440.0,1622.5,1781.5,1772.5,0.0,0.0,0.0,0.0,0.0,0.0,0.0,0.0,0.0,0.0,2371.0,1634.0,618.0,767.0,1017.0,1183.0,1334.0,1423.0,1635.0,1665.0,0.0,0.0,0.0,0.0,0.0,0.0,0.0,0.0,0.0,0.0,758.0,816.0,10585.0,10373.0,10381.0,10501.0,10182.0,9757.0,10074.0,9389.0,0.0,0.0,0.0,0.0,0.0,0.0,0.0,0.0,0.0,0.0,3616.0,3102.0,1120.0,1487.0,1922.0,2176.0,2305.0,2417.0,2638.0,2560.0,3545.5,2929.0,1060.0,1424.5,1853.0,2103.5,2247.5,2351.5,2541.0,2540.5,2641.0,2015.5,1501.0,1637.0,1829.5,2060.0,2132.0,2205.0,2350.0,2333.5,2709.0,1874.0,1905.0,1774.0,1891.0,2133.0,2212.0,2398.0,2656.0,2550.0,"{""type"":""MultiPoint"",""coordinates"":[]}"
1435,5,2511.5,1971.5,744.0,1001.5,1372.0,1551.5,1638.0,1718.0,2004.0,1942.5,5134.5,4928.0,1867.0,2408.0,2966.5,3353.0,3590.0,3764.5,3990.5,3989.0,2630.0,1941.0,823.0,1080.0,1357.0,1576.0,1722.0,1867.5,2009.5,2033.0,2815.5,2214.5,907.5,1168.0,1483.5,1646.5,1705.5,1862.0,2206.5,2029.5,0.0,0.0,0.0,0.0,0.0,0.0,0.0,0.0,0.0,0.0,4439.5,3898.0,1354.0,1864.0,2100.0,2680.5,3447.0,3626.5,3808.5,3821.5,0.0,0.0,0.0,0.0,0.0,0.0,0.0,0.0,0.0,0.0,2789.5,1533.0,383.5,785.0,429.0,1173.0,3610.0,4191.0,4396.5,4384.5,0.0,0.0,0.0,0.0,0.0,0.0,0.0,0.0,0.0,0.0,2440.0,1103.0,302.5,602.5,242.5,945.0,4292.5,5498.5,5580.0,5772.5,2501.0,1087.5,304.0,595.5,263.0,906.5,4553.5,5778.0,5985.0,6059.0,2622.0,2173.0,781.5,1061.5,1403.0,1614.0,1669.5,1750.0,2018.5,1905.0,2279.0,963.0,311.0,523.5,247.0,859.5,4220.5,5742.5,5751.0,6207.5,1928.0,844.0,417.0,567.5,318.5,823.5,3542.5,4596.0,4830.5,4979.5,1988.0,958.5,407.0,633.0,368.5,937.0,3307.5,4321.0,4422.5,4881.5,2200.5,1310.0,462.5,844.0,695.0,1266.0,3121.0,3819.5,3754.5,4173.0,1928.0,980.5,316.5,659.0,398.0,1147.5,2932.5,3474.5,3799.5,3924.5,0.0,0.0,0.0,0.0,0.0,0.0,0.0,0.0,0.0,0.0,2718.5,1827.5,400.5,684.0,793.0,1311.0,1687.5,1900.5,2232.5,2353.0,3064.0,2162.0,557.0,721.0,915.5,1186.5,1363.0,1524.5,1626.0,1759.5,3158.0,2794.5,735.5,1016.0,1391.5,1606.5,1711.5,1838.5,2055.0,2005.0,3312.0,3088.0,883.0,1144.5,1521.0,1745.5,1825.0,1962.5,2128.5,2052.0,0.0,0.0,0.0,0.0,0.0,0.0,0.0,0.0,0.0,0.0,2115.0,1625.5,749.0,900.5,1085.0,1266.0,1342.0,1446.5,1566.0,1558.5,0.0,0.0,0.0,0.0,0.0,0.0,0.0,0.0,0.0,0.0,1747.0,1253.0,336.5,542.0,804.5,950.5,1023.0,1103.0,1242.5,1295.0,2776.0,2414.0,687.0,993.0,1331.0,1528.5,1577.0,1691.0,1826.0,1899.5,0.0,0.0,0.0,0.0,0.0,0.0,0.0,0.0,0.0,0.0,2585.0,2019.5,725.0,988.0,1371.5,1569.0,1639.0,1764.5,1971.0,1947.0,0.0,0.0,0.0,0.0,0.0,0.0,0.0,0.0,0.0,0.0,985.0,1078.5,10009.0,9910.5,9951.5,10298.5,9863.5,9528.0,9960.0,9243.5,0.0,0.0,0.0,0.0,0.0,0.0,0.0,0.0,0.0,0.0,2659.0,2173.0,803.5,1075.0,1387.5,1624.0,1745.5,1852.0,2041.5,2027.0,3544.0,3063.0,1140.0,1499.5,1887.5,2150.0,2387.5,2504.0,2686.0,2664.0,2713.0,2111.0,802.5,1099.0,1435.0,1701.5,1796.0,1930.5,2082.5,2084.0,5036.0,4853.0,2093.5,2534.5,3084.5,3443.5,3574.5,3853.5,3851.5,3889.5,"{""type"":""MultiPoint"",""coordinates"":[]}"
1452,3,2175.0,1420.0,598.0,787.0,1078.0,1352.0,1432.0,1645.0,1794.0,1910.0,4399.0,3717.5,1239.5,1633.0,2086.0,2391.0,2636.0,2857.0,2896.5,3085.0,1645.5,1034.0,668.5,921.5,1165.0,1511.5,1721.5,1832.0,1938.0,2096.0,0.0,0.0,0.0,0.0,0.0,0.0,0.0,0.0,0.0,0.0,5135.0,4564.0,1571.0,2231.0,2749.0,3073.0,3425.0,3698.0,3916.0,3921.0,3687.0,3240.5,1405.5,1787.0,2028.5,2273.0,2616.0,2813.5,2879.0,2874.0,0.0,0.0,0.0,0.0,0.0,0.0,0.0,0.0,0.0,0.0,2723.0,1896.0,1069.0,1416.0,1398.0,2091.0,2804.0,3085.0,2721.0,3257.0,2079.0,1115.0,650.0,881.0,607.0,1256.0,3033.0,3862.0,3626.0,3887.0,2006.0,1010.0,451.5,707.5,435.0,1073.5,3076.5,4009.5,3956.5,4038.5,2019.0,910.0,538.0,764.0,479.0,1099.0,3324.0,4306.0,4348.0,4525.0,2502.5,1798.5,864.0,1045.5,1292.0,1501.5,1589.0,1709.0,1954.5,1891.5,1899.0,961.0,469.0,657.0,439.0,974.0,3027.0,4267.0,4130.0,4478.0,1890.0,973.0,497.0,688.0,429.0,984.0,3134.0,4316.0,4462.0,4610.0,1728.0,837.0,350.0,675.0,406.0,1154.0,3101.0,3925.0,3965.0,4314.0,1914.0,957.0,522.5,895.5,554.0,1409.5,3322.0,4006.5,3923.5,4248.5,1929.0,1021.0,568.0,1032.0,740.0,1649.0,3188.0,3664.0,3842.0,4055.0,1828.0,1021.0,1617.5,1687.5,1451.5,2096.0,2876.0,3161.0,3158.5,3371.0,2471.0,1624.0,757.0,1022.0,1332.0,1721.0,2249.0,2518.0,2767.0,2893.0,2788.5,2315.5,2087.0,2171.5,2294.0,2687.0,2828.5,2943.5,2888.5,3067.0,2164.0,1446.0,536.0,764.0,1003.0,1258.0,1716.0,1751.0,1917.0,1976.0,2217.0,1445.0,520.0,734.0,971.5,1295.0,1766.0,1862.0,1983.0,2136.0,2989.0,2456.0,806.0,1166.0,1518.0,1874.0,1999.5,2129.0,2347.5,2427.0,2305.5,1472.0,550.0,765.0,998.0,1311.5,1696.5,1884.0,2138.0,2210.0,2039.0,1337.0,726.0,884.0,1228.0,1560.0,1858.0,2013.0,2160.0,2313.0,1902.5,1260.5,506.5,746.0,1109.5,1405.5,1578.5,1718.0,1870.5,1974.0,2258.0,1491.0,617.5,851.5,1266.0,1549.5,1726.5,1881.0,2043.5,2121.5,0.0,0.0,0.0,0.0,0.0,0.0,0.0,0.0,0.0,0.0,1250.5,904.0,546.5,626.0,822.0,984.5,1045.5,1215.0,1268.0,1297.0,3537.0,3196.0,2664.0,2652.0,2795.0,2966.0,2991.0,3061.0,3349.0,3158.0,1062.0,1148.0,9896.0,9754.0,9880.0,10110.0,9804.0,9445.0,9761.0,9061.0,1521.5,1006.0,894.0,1049.0,1336.5,1581.0,1876.5,1672.0,1821.0,1980.0,3134.0,2341.0,715.0,1008.0,1330.0,1637.0,1810.0,1966.0,2123.0,2097.0,2546.0,1739.0,735.0,977.0,1227.0,1533.0,1774.0,1902.0,2063.0,2087.0,2797.0,1943.0,692.0,976.0,1274.0,1601.0,1782.0,1943.0,2075.0,2160.0,4718.0,4218.0,1355.0,1882.0,2324.0,2688.0,2822.0,3060.0,3350.0,3343.0,"{""type"":""MultiPoint"",""coordinates"":[]}"
1462,5,2655.0,1834.0,1065.0,1324.0,1792.0,1962.0,2088.0,2251.0,2553.0,2518.0,3947.5,3076.5,1432.0,1740.5,2107.0,2415.0,2618.0,2764.5,2994.5,3019.0,1728.5,1077.5,781.5,980.5,1273.0,1476.5,1587.0,1720.5,1884.5,1939.5,1781.0,1149.0,854.0,1029.0,1286.0,1460.0,1597.0,1708.0,1942.0,1967.0,0.0,0.0,0.0,0.0,0.0,0.0,0.0,0.0,0.0,0.0,3230.0,2639.5,1010.0,1235.0,1579.0,1789.5,1900.5,2020.5,2141.0,2236.0,0.0,0.0,0.0,0.0,0.0,0.0,0.0,0.0,0.0,0.0,2991.0,2453.0,938.0,1190.0,1445.0,1683.0,1875.0,2025.0,2130.0,2174.0,2488.0,1744.0,972.0,1204.0,1328.0,1596.0,2003.0,2142.0,2190.0,2291.0,2633.0,1925.0,752.0,995.0,1035.0,1434.0,2111.0,2315.0,2390.0,2466.0,2239.0,1148.0,549.0,801.0,603.0,1163.0,2881.0,3360.0,3274.0,3514.0,3237.0,2315.0,1128.0,1429.0,1929.0,2194.0,2290.0,2442.0,2698.0,2715.0,2502.5,1144.5,398.0,583.0,303.0,821.0,4101.0,5331.5,5181.0,5482.0,2169.0,1013.0,317.0,474.0,260.0,652.0,3729.0,5275.0,5288.0,5373.0,1574.0,731.0,349.0,555.0,481.0,813.0,2695.0,3666.0,3404.0,3667.0,2119.5,1158.0,409.0,523.0,388.5,816.5,3472.5,4741.0,4508.0,4972.5,2134.0,881.5,259.0,435.0,226.5,669.0,3846.5,5159.5,5363.0,5476.0,0.0,0.0,0.0,0.0,0.0,0.0,0.0,0.0,0.0,0.0,2208.0,1112.5,364.5,777.5,488.5,1402.5,3260.5,3809.5,4158.0,4297.0,2665.0,1772.0,530.0,711.0,829.0,1139.0,1470.0,1552.0,1692.0,1863.0,2740.5,1924.5,466.0,648.0,799.0,1088.0,1419.0,1621.5,1805.0,1858.5,2806.0,2001.0,529.0,715.0,866.0,1190.0,1540.0,1760.0,1888.0,2054.0,0.0,0.0,0.0,0.0,0.0,0.0,0.0,0.0,0.0,0.0,3225.0,2278.0,852.0,1065.0,1362.0,1643.0,1810.0,1946.0,2129.0,2208.0,0.0,0.0,0.0,0.0,0.0,0.0,0.0,0.0,0.0,0.0,1755.0,1006.0,534.0,684.0,926.0,1126.0,1276.0,1366.0,1574.0,1610.0,2778.5,1928.5,891.0,1058.5,1273.5,1561.0,1692.5,1835.5,1993.5,2060.0,0.0,0.0,0.0,0.0,0.0,0.0,0.0,0.0,0.0,0.0,1950.0,1245.0,665.0,799.0,915.0,1140.0,1401.0,1526.0,1722.0,1693.0,0.0,0.0,0.0,0.0,0.0,0.0,0.0,0.0,0.0,0.0,1064.0,1053.0,9642.0,9343.0,9433.0,9511.0,9236.0,8997.0,9437.0,8749.0,0.0,0.0,0.0,0.0,0.0,0.0,0.0,0.0,0.0,0.0,2681.0,1983.0,1133.0,1404.0,1791.0,2016.0,2117.0,2290.0,2526.0,2497.0,3501.5,2666.5,1326.0,1634.0,2025.0,2338.5,2448.5,2620.0,2830.5,2858.5,1775.0,1185.0,897.0,1119.0,1430.0,1650.0,1804.0,2013.0,2175.0,2187.0,0.0,0.0,0.0,0.0,0.0,0.0,0.0,0.0,0.0,0.0,"{""type"":""MultiPoint"",""coordinates"":[]}"
1466,2,2095.0,1481.5,542.0,749.5,876.0,1197.0,1565.5,1691.0,1979.5,1968.5,3627.0,2865.0,1009.0,1414.5,1707.0,2293.0,2777.5,3039.5,3333.0,3354.0,2418.0,1625.5,722.5,993.5,1217.0,1549.5,1904.5,2108.0,2294.0,2303.5,2566.5,1844.5,820.5,1047.5,1237.0,1551.0,1792.5,1952.0,2186.0,2183.0,0.0,0.0,0.0,0.0,0.0,0.0,0.0,0.0,0.0,0.0,4270.5,3778.5,1360.5,1646.0,2123.0,2425.5,2592.5,2761.0,2909.0,3025.5,0.0,0.0,0.0,0.0,0.0,0.0,0.0,0.0,0.0,0.0,4687.0,4463.0,1400.0,1770.0,2094.0,2534.0,2765.0,2928.5,3125.0,3218.5,843.5,664.0,322.5,335.0,362.5,415.5,442.0,433.0,430.5,561.0,3829.5,2898.0,1107.0,1415.0,1568.5,2033.5,3010.0,3328.5,3330.0,3629.5,3280.5,2332.0,885.0,1189.5,1191.5,1723.0,3184.0,3718.0,3632.5,3869.0,3058.5,2543.0,838.5,1111.5,1316.5,1674.0,2116.5,2236.0,2568.5,2503.0,3910.0,3032.5,4327.0,3955.0,3402.5,3674.5,4987.5,5776.5,5943.5,5834.0,2946.0,1829.5,767.0,983.0,887.5,1373.0,3707.0,4662.0,4710.0,4818.0,0.0,0.0,0.0,0.0,0.0,0.0,0.0,0.0,0.0,0.0,3005.5,1885.5,715.0,992.5,904.5,1526.0,4069.5,4869.5,4789.5,5266.5,2801.0,1734.0,627.0,898.5,888.0,1450.5,3751.5,4334.0,4517.5,4679.5,0.0,0.0,0.0,0.0,0.0,0.0,0.0,0.0,0.0,0.0,2748.5,1818.0,571.0,772.5,868.0,1475.0,2918.0,3269.5,3462.0,3594.5,2560.0,1669.0,625.5,752.5,838.0,1360.0,2186.5,2513.0,2493.5,2718.0,3115.5,2423.0,872.5,1060.5,1318.0,1626.0,1877.0,2066.5,2334.5,2430.5,3497.5,2849.5,1129.5,1329.5,1608.5,1888.0,2099.0,2249.0,2509.0,2613.5,0.0,0.0,0.0,0.0,0.0,0.0,0.0,0.0,0.0,0.0,3242.0,2466.0,720.0,1103.0,1382.0,1656.0,1855.5,2089.0,2352.0,2413.5,0.0,0.0,0.0,0.0,0.0,0.0,0.0,0.0,0.0,0.0,2131.5,1286.5,430.0,821.5,1007.0,1375.5,1731.0,1915.0,2185.5,2297.5,1632.5,1115.0,366.0,559.5,792.0,967.0,1077.5,1198.5,1352.0,1378.5,3865.0,3459.0,3814.0,3965.0,4109.0,4310.0,4263.0,4292.0,3670.0,4451.0,1964.0,1392.5,603.0,760.5,957.0,1201.5,1426.0,1585.0,1795.5,1751.0,0.0,0.0,0.0,0.0,0.0,0.0,0.0,0.0,0.0,0.0,1085.5,1171.5,10479.5,10177.0,10177.5,10298.0,10025.0,9705.0,10129.0,9363.5,0.0,0.0,0.0,0.0,0.0,0.0,0.0,0.0,0.0,0.0,2527.0,1876.5,660.0,918.0,1081.5,1450.0,1958.0,2139.5,2401.5,2391.0,2733.0,1993.0,789.0,1111.0,1196.5,1672.0,2482.5,2671.5,2967.0,2917.5,2354.0,1471.5,589.5,950.5,874.0,1535.0,2641.5,2889.0,3202.0,3119.0,2385.5,1669.5,772.0,1085.5,1124.5,1754.0,2488.0,2760.0,2758.0,2954.0,"{""type"":""MultiPoint"",""coordinates"":[]}"
1475,5,2979.5,2464.0,1741.0,1829.0,1986.5,2200.0,2467.0,2604.0,2781.0,2764.0,4009.0,3615.0,1148.5,1501.5,1868.5,2242.0,2399.5,2585.0,2689.0,2843.5,2132.5,1616.0,538.5,710.0,928.0,1119.0,1247.5,1355.5,1474.5,1526.5,2092.0,1543.0,587.0,729.0,966.0,1169.0,1251.0,1351.0,1500.0,1537.0,3117.0,2674.0,776.0,1058.0,1360.0,1692.0,1813.0,1929.0,1996.0,2178.0,4340.0,4049.0,1363.0,1659.0,2088.5,2396.5,2452.0,2581.5,2709.5,2837.0,0.0,0.0,0.0,0.0,0.0,0.0,0.0,0.0,0.0,0.0,5670.0,5029.0,1712.0,2214.0,2586.0,3219.0,4016.0,4266.0,4331.0,4590.0,3820.0,3018.0,863.5,1239.0,1371.0,1913.0,2932.0,3252.0,3297.0,3478.0,4033.0,3224.5,881.0,1224.0,1304.5,1889.5,3337.0,3838.0,3925.5,4126.0,3002.5,1843.0,717.5,947.0,726.5,1377.0,3367.0,4184.5,4080.0,4340.0,2915.0,2228.5,951.0,1172.5,1347.0,1681.5,2111.0,2259.0,2516.5,2477.5,2659.0,1481.0,453.0,742.0,524.0,1120.0,3314.0,4038.0,3881.0,4285.0,2689.0,1428.0,525.0,721.0,445.0,1032.0,3834.0,5004.0,5043.0,5142.0,2417.5,1137.0,390.5,551.0,335.5,822.0,3745.5,5113.0,4986.0,5360.5,2489.0,1186.0,354.0,554.0,320.0,877.0,3822.0,4981.0,4855.0,5239.0,2306.0,1069.0,364.0,607.0,306.0,917.0,3617.0,4648.0,4757.0,4855.0,2852.0,1715.5,621.5,1135.0,925.5,2035.5,3729.0,4190.5,4124.0,4581.0,2880.0,2275.0,525.0,723.0,968.0,1235.0,1486.0,1689.0,1857.0,1955.0,3260.5,2765.5,2510.0,2231.5,2094.5,2415.0,2549.0,2676.5,2940.5,2888.0,3565.0,2794.5,842.5,1112.5,1470.5,1704.5,1819.5,1974.5,2145.5,2228.0,3525.0,2790.0,881.0,1109.0,1449.0,1661.0,1800.0,1956.0,2065.0,2189.0,1849.5,1396.0,462.0,615.0,709.5,952.0,1256.5,1418.5,1522.5,1501.0,2980.0,2589.5,713.5,917.5,1197.5,1414.5,1550.0,1686.5,1858.5,1860.5,1889.0,1465.0,437.0,556.0,771.0,881.0,944.0,1051.0,1175.0,1201.0,2224.5,1702.0,463.0,666.5,938.5,1103.0,1207.0,1329.0,1488.0,1530.0,2476.0,1964.0,495.0,732.0,981.0,1236.0,1416.0,1549.0,1692.0,1710.0,2943.0,2382.0,2589.0,2534.0,2829.0,3114.0,3154.0,3298.0,2577.0,3347.0,2081.0,1384.0,537.5,756.0,736.0,1153.0,1850.5,2017.0,2223.5,2180.0,0.0,0.0,0.0,0.0,0.0,0.0,0.0,0.0,0.0,0.0,896.0,979.0,10582.0,10194.0,10134.0,10185.0,9820.0,9451.0,9836.0,9076.0,1725.0,1232.0,2293.5,2397.0,2533.0,2805.5,3007.5,3031.0,3252.5,3069.0,2727.0,2081.0,671.0,880.0,993.0,1404.0,2043.0,2214.0,2435.0,2409.0,2473.5,1794.5,650.0,890.0,971.0,1370.5,1948.5,2145.0,2338.5,2331.5,2373.0,1568.0,544.0,857.0,788.0,1450.0,2343.0,2604.0,2814.0,2779.0,2903.5,2211.0,772.0,1071.0,1170.5,1713.0,2284.5,2485.0,2653.0,2599.5,"{""type"":""MultiPoint"",""coordinates"":[]}"
1496,26,2319.5,1503.0,630.5,962.0,1005.0,1603.0,2404.5,2632.0,2855.0,2779.5,1205.5,605.5,331.5,509.0,357.0,766.5,2355.5,3059.5,3315.5,3305.5,1153.5,570.5,394.0,525.0,386.0,768.5,2324.5,3093.0,3351.0,3390.0,1252.5,648.5,322.0,470.0,357.5,731.0,2040.0,2720.0,2981.0,3007.5,1573.0,896.0,450.0,712.0,590.0,1150.0,2312.5,2848.5,3028.0,3153.0,2545.0,1791.0,736.0,1032.0,1335.5,1875.0,2304.0,2624.0,2813.0,3042.0,0.0,0.0,0.0,0.0,0.0,0.0,0.0,0.0,0.0,0.0,2619.0,1799.0,822.0,1016.0,1302.5,1545.0,1647.0,1755.5,1811.0,1884.5,3688.5,3057.5,962.0,1341.5,1708.5,2122.5,2390.0,2604.0,2546.5,2798.5,4796.5,4070.0,1613.0,2124.5,2460.0,3007.0,3595.0,3928.5,3945.5,4189.0,3057.0,2051.5,1626.0,1692.5,1454.0,1987.5,3058.0,3430.0,3452.0,3644.5,2507.5,1734.0,636.0,916.0,1086.5,1635.5,2395.5,2606.5,2845.5,2808.0,2147.0,1207.5,635.0,857.5,571.0,1158.0,3076.0,3655.5,3459.5,3735.5,2366.5,1152.0,402.0,645.5,407.0,924.0,3486.5,4519.0,4540.0,4637.5,0.0,0.0,0.0,0.0,0.0,0.0,0.0,0.0,0.0,0.0,3041.5,2170.0,1326.0,1452.0,1281.0,1847.5,3902.0,4939.0,4624.5,5143.0,2246.5,1253.5,412.5,683.5,500.0,1047.5,3113.0,3860.0,3962.5,4196.0,0.0,0.0,0.0,0.0,0.0,0.0,0.0,0.0,0.0,0.0,2841.0,2222.0,533.0,727.0,927.0,1223.0,1519.0,1671.0,1777.0,1948.5,2831.5,2356.0,502.0,652.0,812.5,1030.0,1115.0,1199.0,1276.0,1402.5,3180.0,2794.0,579.5,749.5,970.0,1164.5,1259.5,1392.0,1537.0,1567.0,2453.5,2146.0,567.0,689.5,845.0,992.5,1062.0,1171.5,1247.0,1313.0,0.0,0.0,0.0,0.0,0.0,0.0,0.0,0.0,0.0,0.0,3778.0,2944.5,829.0,1052.5,1386.5,1630.0,1729.0,1889.0,2099.0,2148.0,4304.5,3990.5,1259.5,1707.5,2252.0,2590.5,2597.0,2759.5,2842.0,2960.5,1581.5,1161.0,290.0,497.0,760.5,865.5,952.5,1021.5,1162.0,1109.5,2765.5,2443.0,722.0,1041.0,1445.0,1641.0,1697.5,1838.5,1934.0,1976.0,0.0,0.0,0.0,0.0,0.0,0.0,0.0,0.0,0.0,0.0,2228.0,1699.5,613.5,894.5,1136.5,1384.5,1676.5,1795.0,1962.5,1948.5,0.0,0.0,0.0,0.0,0.0,0.0,0.0,0.0,0.0,0.0,328.5,383.5,10957.5,10662.0,10574.0,10685.0,10319.5,9821.5,10195.5,9333.5,0.0,0.0,0.0,0.0,0.0,0.0,0.0,0.0,0.0,0.0,2416.5,1637.5,636.5,952.5,940.5,1435.0,2343.5,2627.5,2844.0,2764.5,1783.5,928.5,405.5,734.5,532.0,1106.0,2663.5,3141.5,3380.5,3265.5,1504.5,799.5,295.0,597.0,362.5,946.0,2477.0,3022.5,3186.0,3130.5,1192.0,562.0,309.5,519.0,312.5,812.5,2515.5,3204.5,3327.0,3356.5,"{""type"":""MultiPoint"",""coordinates"":[]}"
1523,3,1963.0,1218.0,710.0,945.0,1242.0,1507.0,1666.0,1821.0,2023.0,1970.0,3904.0,3529.0,1145.0,1511.0,1946.0,2234.0,2359.0,2487.0,2570.0,2689.0,1911.0,1167.0,649.0,876.5,1164.0,1416.5,1514.0,1640.0,1763.0,1786.0,2295.0,1484.0,761.0,1001.0,1293.0,1573.0,1675.0,1824.0,1980.0,1972.0,3904.0,3407.0,1137.0,1556.0,1986.0,2280.0,2493.0,2629.0,2862.0,2854.0,6306.0,5544.0,2114.0,2630.0,3248.0,3842.0,4158.0,4568.0,4520.0,4875.0,0.0,0.0,0.0,0.0,0.0,0.0,0.0,0.0,0.0,0.0,5038.5,4234.0,1609.0,2126.0,2494.5,3060.5,3516.0,3812.0,3941.0,4172.0,2871.0,2180.0,837.0,1196.0,1442.0,1727.0,2040.0,2239.0,2469.0,2477.0,1180.5,607.5,473.5,724.5,536.0,1022.0,2184.0,2679.5,2579.0,2622.5,2869.0,1862.5,1405.0,1565.5,1258.0,1846.0,3883.5,5149.5,5067.0,5308.0,1796.5,1343.0,1462.5,1499.5,1601.0,1774.5,1852.5,1923.0,2115.5,1994.5,1801.0,809.0,339.0,545.0,232.0,797.0,3161.0,4693.0,4627.0,4942.0,1695.0,804.5,443.5,620.0,332.5,847.0,3147.0,5083.0,5109.0,5275.5,1856.0,872.0,474.0,678.0,344.0,1006.0,3310.0,4960.0,4871.0,5317.0,1939.0,965.0,411.0,824.0,432.0,1264.0,3581.0,4853.0,4801.0,5207.0,1959.0,1012.0,437.0,869.0,516.0,1448.0,3617.0,4423.0,4693.0,4773.0,2505.0,1692.0,901.5,1241.0,1242.5,2051.5,3251.0,3752.0,3845.5,4139.0,4078.5,2915.5,881.0,1242.5,1735.0,2212.5,2523.0,2772.5,2955.0,3132.5,3958.0,2928.0,910.0,1177.0,1539.5,1936.0,2167.5,2360.0,2407.0,2660.0,3681.5,2617.0,774.0,1051.5,1357.0,1739.0,2074.0,2270.0,2441.0,2535.0,3526.5,2560.5,777.0,1037.5,1345.5,1728.5,2002.0,2224.0,2409.5,2496.0,1482.5,1099.5,690.5,834.0,993.0,1160.5,1241.5,1332.5,1446.0,1439.0,3125.0,2259.0,785.0,998.0,1308.0,1597.0,1844.0,2022.0,2254.0,2309.0,1133.0,774.0,388.0,482.0,680.0,880.0,905.0,1037.0,1134.0,1238.0,1361.0,905.5,333.0,504.0,765.5,917.5,1051.0,1096.0,1224.0,1273.5,1180.0,842.0,542.0,561.0,809.0,930.0,1054.0,1102.0,1233.0,1284.0,0.0,0.0,0.0,0.0,0.0,0.0,0.0,0.0,0.0,0.0,1022.0,701.5,568.0,650.5,819.5,936.0,989.5,1049.5,1156.0,1169.0,0.0,0.0,0.0,0.0,0.0,0.0,0.0,0.0,0.0,0.0,988.0,1052.0,10436.0,10094.0,10096.0,10184.0,9941.0,9620.0,9990.0,9199.0,1187.5,777.0,883.0,1129.0,1436.0,1616.0,1679.5,1750.0,1947.0,1866.5,2490.0,1693.0,675.0,949.0,1238.0,1544.0,1691.0,1835.0,2014.0,1979.0,2450.5,1716.0,768.5,1021.5,1311.0,1564.0,1702.0,1841.0,2015.5,2005.5,2259.0,1453.0,745.0,1016.0,1369.0,1696.0,1800.0,1926.0,2133.0,2104.0,4732.5,4296.0,1599.5,2058.0,2617.5,2966.5,3068.0,3231.0,3507.5,3462.5,"{""type"":""MultiPoint"",""coordinates"":[]}"
1530,5,1325.5,783.5,449.5,619.0,743.0,1048.5,1362.0,1476.5,1632.5,1601.0,2662.0,2066.0,829.5,1095.5,1484.5,1737.0,1818.0,1957.0,2098.0,2171.5,1604.5,1015.0,611.0,780.5,1042.0,1205.5,1281.5,1386.0,1467.5,1517.0,1797.0,1144.5,777.0,895.0,1086.5,1220.0,1347.5,1460.5,1553.0,1595.5,0.0,0.0,0.0,0.0,0.0,0.0,0.0,0.0,0.0,0.0,2888.5,2237.0,889.5,1126.5,1296.5,1678.0,2087.0,2248.5,2227.5,2422.0,0.0,0.0,0.0,0.0,0.0,0.0,0.0,0.0,0.0,0.0,0.0,0.0,0.0,0.0,0.0,0.0,0.0,0.0,0.0,0.0,0.0,0.0,0.0,0.0,0.0,0.0,0.0,0.0,0.0,0.0,1919.0,1061.5,752.0,832.5,573.0,1007.5,2977.0,3730.0,3436.0,3868.0,2235.0,1007.5,408.5,625.5,338.0,954.5,4014.0,5560.5,5435.0,5670.5,1900.5,1473.5,620.0,799.0,943.5,1175.0,1498.0,1615.0,1766.5,1715.0,2761.0,1292.5,648.0,824.0,586.0,1121.0,4426.5,6326.0,6090.0,6597.5,2159.0,927.5,380.0,489.0,280.5,685.5,3901.0,5660.5,5690.5,5912.0,0.0,0.0,0.0,0.0,0.0,0.0,0.0,0.0,0.0,0.0,2149.5,899.0,318.5,452.0,239.0,678.0,3800.5,5477.0,5339.0,5720.0,1859.0,802.5,280.5,516.0,260.0,873.5,3637.0,4728.0,4894.5,5065.0,0.0,0.0,0.0,0.0,0.0,0.0,0.0,0.0,0.0,0.0,1426.0,874.5,311.5,426.5,517.5,821.5,1062.5,1218.5,1347.0,1477.5,3781.5,2944.5,3202.5,3151.5,3204.5,3491.5,3495.5,3510.5,3460.5,3655.5,3868.5,2760.5,847.5,1147.5,1692.5,2008.5,2159.5,2373.0,2637.0,2743.5,2953.5,2294.0,785.0,993.5,1344.0,1562.0,1637.0,1772.0,1883.5,1990.5,0.0,0.0,0.0,0.0,0.0,0.0,0.0,0.0,0.0,0.0,1942.5,1610.0,530.0,671.0,891.5,1001.5,1048.5,1100.0,1214.5,1243.0,0.0,0.0,0.0,0.0,0.0,0.0,0.0,0.0,0.0,0.0,1273.5,825.5,283.5,406.5,588.0,665.5,722.0,824.5,889.5,897.5,1486.5,970.5,401.0,528.5,731.5,860.5,907.0,984.5,1062.0,1111.5,0.0,0.0,0.0,0.0,0.0,0.0,0.0,0.0,0.0,0.0,1402.5,885.0,457.5,574.0,728.0,838.0,913.0,975.5,1090.5,1136.5,0.0,0.0,0.0,0.0,0.0,0.0,0.0,0.0,0.0,0.0,963.5,1045.5,11119.5,10633.0,10506.0,10632.0,10314.5,9932.0,10327.0,9533.5,1415.0,1220.5,1007.0,969.5,1109.5,1315.5,1450.0,1541.5,1205.5,1643.5,1725.5,1111.0,505.0,699.0,850.5,1189.5,1519.5,1609.5,1764.0,1753.5,1710.0,1025.5,588.0,800.5,876.5,1267.5,1766.0,1883.0,1991.5,1996.0,1509.5,856.5,482.5,728.5,814.0,1309.0,1854.0,1990.0,2109.5,2111.5,1686.5,1040.5,640.5,849.5,886.5,1364.5,1697.5,1778.5,2096.5,1838.5,"{""type"":""MultiPoint"",""coordinates"":[]}"
1531,5,1299.5,763.5,612.0,921.5,1249.5,1613.5,1760.5,1970.0,2165.0,2198.5,3035.0,2075.0,891.0,1217.0,1394.0,1979.0,2403.0,2600.0,2732.0,2878.0,1800.0,975.5,618.5,957.5,1028.5,1671.0,2196.5,2416.5,2575.5,2654.5,2290.0,1414.5,672.0,1036.5,1052.5,1704.5,2258.5,2496.5,2657.5,2758.0,2096.0,1218.0,518.0,891.0,915.0,1576.0,2119.0,2318.0,2547.0,2615.0,0.0,0.0,0.0,0.0,0.0,0.0,0.0,0.0,0.0,0.0,0.0,0.0,0.0,0.0,0.0,0.0,0.0,0.0,0.0,0.0,2716.0,1778.0,805.0,1113.0,1422.0,1774.0,1874.0,2021.0,2170.0,2256.0,4034.0,3656.0,1189.0,1598.0,2055.0,2331.0,2434.0,2595.0,2753.0,2804.0,5961.5,5472.5,1827.0,2455.5,3107.5,3601.5,3847.0,4132.0,4097.5,4504.5,5785.0,4960.0,2392.5,2762.5,3144.0,3737.0,4268.5,4752.5,4776.5,5126.0,1936.0,1201.0,688.0,1003.0,1325.0,1668.0,1914.0,2059.0,2281.0,2306.0,4398.0,3179.0,1045.5,1562.5,1576.5,2521.5,3921.0,4364.5,4286.0,4725.0,4442.0,3078.0,925.0,1327.0,1201.0,2171.0,4438.0,5191.0,5333.0,5456.0,2830.5,1548.5,516.5,749.0,562.0,1227.0,3943.5,5135.0,5018.5,5413.0,2615.0,1278.5,478.5,619.0,393.0,951.0,3890.5,5251.0,5060.5,5549.5,2308.0,1018.0,250.0,444.0,249.0,771.0,3795.0,5195.0,5311.0,5380.0,1351.0,603.5,278.5,360.5,221.0,573.5,2325.0,3150.0,3180.0,3356.5,2153.0,990.0,311.0,546.0,269.5,923.5,3734.5,4663.0,4726.5,4947.0,2604.0,1441.5,523.5,999.0,779.5,1821.5,2901.0,3270.5,3320.5,3510.0,3535.0,2545.0,587.0,952.0,1106.0,1740.5,2271.0,2529.0,2711.0,2918.5,3714.0,2724.0,692.0,921.0,1163.0,1581.0,1896.0,2054.0,2184.0,2376.0,3176.0,2761.0,2169.0,2160.0,2194.5,2407.0,2507.0,2556.5,3000.5,2672.0,3626.0,2624.0,806.0,1092.0,1250.0,1666.0,2038.0,2169.0,2312.0,2433.0,2717.0,1639.0,798.0,1019.0,1034.0,1531.0,2011.0,2158.0,2369.0,2409.0,2921.0,1964.0,656.0,991.0,967.0,1537.0,2174.0,2336.0,2570.0,2492.0,3178.0,2156.0,725.0,1090.0,1005.0,1667.0,2569.0,2699.0,2872.0,2911.0,0.0,0.0,0.0,0.0,0.0,0.0,0.0,0.0,0.0,0.0,2533.0,1530.0,670.0,1062.0,736.0,1610.0,2902.0,3117.0,3356.0,3189.0,0.0,0.0,0.0,0.0,0.0,0.0,0.0,0.0,0.0,0.0,953.0,1021.0,10126.0,9982.0,10002.0,10173.0,9848.0,9406.0,9880.0,9048.0,776.5,485.0,4911.5,5034.5,5179.0,5540.5,5364.5,5154.0,5269.5,4965.5,1959.5,1218.0,721.0,1065.0,1299.5,1741.0,2080.5,2229.5,2451.0,2476.5,2517.5,1664.0,877.0,1195.0,1393.5,1904.5,2306.5,2480.0,2692.0,2734.0,1922.5,1165.5,661.0,992.5,1180.0,1690.5,2086.5,2264.0,2460.0,2498.0,2428.0,1644.0,811.5,1151.5,1356.0,1867.0,2262.0,2451.5,2642.0,2689.0,"{""type"":""MultiPoint"",""coordinates"":[]}"
1534,1,2221.0,1577.0,605.0,793.0,1057.0,1279.0,1412.0,1527.0,1723.0,1724.0,3806.0,3643.0,1134.0,1470.0,1835.0,2122.0,2260.0,2367.0,2533.0,2571.0,2260.0,1690.5,617.5,790.5,1042.5,1224.5,1311.0,1451.0,1587.0,1619.0,2934.0,2181.0,1047.0,1250.0,1549.0,1788.0,1950.0,2127.0,2303.0,2318.0,0.0,0.0,0.0,0.0,0.0,0.0,0.0,0.0,0.0,0.0,4427.0,3639.0,1239.0,1787.0,1978.0,2527.0,3762.0,4148.0,4456.0,4410.0,0.0,0.0,0.0,0.0,0.0,0.0,0.0,0.0,0.0,0.0,1892.0,829.0,266.0,502.0,236.0,605.0,3361.0,5011.0,5099.0,5103.0,1761.0,742.0,242.0,431.0,232.0,568.0,3426.0,5554.0,5393.0,5712.0,1722.5,703.0,232.0,428.0,232.0,560.0,3124.0,5150.5,5146.5,5392.0,1685.0,683.0,324.0,466.0,296.0,594.0,2826.0,4674.0,4695.0,4879.0,2949.0,2443.0,816.0,1043.0,1337.0,1570.0,1725.0,1873.0,2086.0,2034.0,1900.0,801.0,441.0,590.0,380.0,704.0,2979.0,5028.0,4957.0,5343.0,1624.0,696.0,388.0,540.0,333.0,659.0,2791.0,4456.0,4566.0,4667.0,0.0,0.0,0.0,0.0,0.0,0.0,0.0,0.0,0.0,0.0,2198.0,1317.5,395.0,613.0,688.5,1077.0,1734.0,2051.5,2119.0,2375.0,2565.0,1759.5,407.0,557.0,834.5,1063.5,1232.5,1413.5,1588.0,1708.5,2331.0,1582.0,1461.0,1492.0,1527.0,1730.0,2049.0,2267.0,2102.0,2438.0,4608.0,3148.0,1075.0,1506.0,2241.0,2660.0,2800.0,3089.0,3320.0,3537.0,3282.0,2360.0,950.0,1228.0,1706.0,2067.0,2190.0,2341.0,2328.0,2571.0,3705.0,2916.5,1080.5,1423.5,1852.0,2195.5,2351.0,2581.5,2741.5,2792.0,4541.0,3869.0,1470.0,1907.0,2352.0,2765.0,3012.0,3219.0,3440.0,3492.0,0.0,0.0,0.0,0.0,0.0,0.0,0.0,0.0,0.0,0.0,3528.0,2650.0,992.0,1361.0,1741.0,2138.0,2400.0,2532.0,2861.0,2853.0,3702.0,2918.0,1915.0,2107.0,2380.0,2754.0,2976.0,3158.0,3557.0,3494.0,2829.0,1985.0,731.0,1073.0,1409.0,1829.0,2213.0,2380.0,2583.0,2617.0,2645.0,1799.0,688.0,1021.0,1322.0,1734.0,2114.0,2299.0,2553.0,2555.0,0.0,0.0,0.0,0.0,0.0,0.0,0.0,0.0,0.0,0.0,2383.0,1603.0,684.0,943.0,1147.0,1571.0,2191.0,2357.0,2597.0,2574.0,0.0,0.0,0.0,0.0,0.0,0.0,0.0,0.0,0.0,0.0,1145.0,1236.0,10560.0,10238.0,10269.0,10434.0,10164.0,9748.0,10042.0,9388.0,2366.0,1693.0,681.0,895.0,1131.0,1381.0,1502.0,1661.0,1762.0,1853.0,2775.0,2158.0,722.0,973.0,1267.0,1546.0,1752.0,1900.0,2073.0,2093.0,0.0,0.0,0.0,0.0,0.0,0.0,0.0,0.0,0.0,0.0,2438.0,1781.0,797.0,1019.0,1225.0,1599.0,1836.0,1969.0,2109.0,2137.0,2322.5,1879.5,907.0,1103.0,1214.5,1522.0,1781.5,1899.5,1954.0,1968.5,"{""type"":""MultiPoint"",""coordinates"":[]}"
1538,3,0.0,0.0,0.0,0.0,0.0,0.0,0.0,0.0,0.0,0.0,4637.0,4142.0,1490.0,2002.0,2474.0,2919.0,3052.0,3171.0,3361.0,3379.0,1313.5,937.0,1057.5,1520.0,1912.5,2181.5,1890.0,2000.0,1959.5,1814.0,3688.0,3068.0,3573.0,3728.0,3883.0,4218.0,4220.0,4331.5,4403.0,4409.0,5715.0,5359.0,2193.0,2925.0,3591.0,3974.0,4100.0,4244.0,4485.0,4458.0,5857.0,5429.5,2196.5,2895.0,3431.0,3989.0,4280.5,4444.5,4546.5,4662.5,0.0,0.0,0.0,0.0,0.0,0.0,0.0,0.0,0.0,0.0,5204.0,4558.0,1663.0,2298.0,2574.5,3257.5,3968.5,4341.0,4341.0,4567.5,1545.0,856.0,549.0,833.0,528.0,1105.0,2597.0,3263.0,2916.0,3104.0,1579.0,760.0,373.0,497.0,251.0,713.0,2721.0,3993.0,3856.0,3976.0,1702.0,758.5,514.0,609.5,364.5,734.5,2920.5,4813.5,4694.5,4968.5,2098.0,1769.0,779.0,959.0,1274.0,1507.0,1606.0,1688.0,1921.0,1920.0,1476.0,645.0,563.0,622.0,371.0,710.0,2795.0,4620.0,4480.0,4815.0,1375.0,604.0,393.5,508.5,275.0,683.0,2863.0,4631.5,4690.0,4905.0,2428.5,1564.0,1611.0,1723.5,1371.5,1997.5,3979.0,5132.0,5121.5,5313.0,988.5,463.0,348.0,535.0,292.0,777.5,2225.0,3037.5,2866.5,3156.0,1677.0,842.0,454.0,847.0,562.0,1374.0,3359.0,4183.0,4290.0,4528.0,1173.5,577.0,423.5,736.0,593.0,1254.5,2248.0,2628.5,2675.5,2886.0,2160.0,1317.0,680.0,1074.5,1154.0,1890.5,2712.5,3045.5,3205.5,3398.0,1975.0,1279.0,910.0,1066.5,1203.5,1659.0,2006.5,2145.5,2238.0,2447.5,2331.0,1514.0,643.0,952.0,1211.0,1654.0,2104.0,2242.0,2506.0,2582.0,2493.5,1701.0,678.0,967.5,1292.5,1693.0,2030.5,2231.5,2440.0,2536.5,2448.0,2109.5,937.5,1271.5,1624.5,1833.5,1906.5,2009.0,2214.0,2171.0,2433.0,1625.0,654.0,888.0,1191.0,1627.0,1854.0,1998.0,2257.0,2365.0,1506.0,1175.0,1088.0,1061.0,1195.0,1341.0,1395.0,1505.0,1636.0,1644.0,2127.0,1366.5,660.0,949.5,1427.5,1670.0,1877.0,2034.0,2299.5,2342.0,2741.0,1840.0,837.5,1167.0,1715.5,2074.0,2187.0,2366.5,2611.5,2708.5,3174.0,2126.0,1087.0,1434.0,1974.0,2331.0,2509.0,2690.0,2817.0,3013.0,2532.0,1754.0,1012.0,1285.0,1783.0,2025.0,2126.0,2289.0,2579.0,2574.0,1948.0,1727.0,1084.5,1248.5,1467.5,1618.5,1696.0,1759.0,1867.0,1858.5,1069.0,1162.0,10190.0,9972.0,10030.0,10225.0,9902.0,9563.0,9920.0,9163.0,1342.0,933.0,2546.5,2704.0,3036.5,3213.5,3299.0,3185.5,3393.5,3312.5,2761.0,2049.0,926.0,1287.0,1633.0,1908.0,1993.0,2120.0,2317.0,2314.0,2640.0,1923.0,958.0,1308.0,1660.5,1940.5,2051.5,2166.5,2358.5,2336.0,2936.0,2244.0,1021.0,1369.0,1766.0,2047.0,2147.0,2252.0,2430.0,2462.0,2392.0,1546.0,1219.0,1698.0,2181.0,2516.0,2594.0,2716.0,2878.0,2901.0,"{""type"":""MultiPoint"",""coordinates"":[]}"
1564,3,1977.0,1219.0,629.0,828.0,1119.0,1286.0,1343.0,1453.0,1689.0,1632.0,2792.0,2215.0,1058.0,1477.0,1696.0,1792.0,1744.0,1833.0,2056.0,2014.0,1489.5,886.0,672.0,842.0,1088.0,1253.5,1313.0,1409.0,1499.5,1533.0,2322.0,1594.0,789.0,989.0,1243.0,1439.0,1504.0,1634.0,1763.0,1772.0,4429.0,4208.0,1432.0,1887.0,2410.0,2688.0,2823.0,2970.0,3179.0,3154.0,4189.0,3858.0,1406.5,1771.0,2174.5,2503.5,2658.5,2789.0,2788.5,2967.0,0.0,0.0,0.0,0.0,0.0,0.0,0.0,0.0,0.0,0.0,560.0,395.0,797.0,1080.0,982.0,1304.0,1586.0,1787.0,1771.0,1539.0,993.0,754.0,245.0,524.0,336.0,768.0,1543.0,1778.0,1893.0,1643.0,1642.0,751.0,292.5,520.5,225.0,727.0,3035.0,4253.5,4360.0,4231.0,3587.0,2642.0,2949.0,2902.5,2575.5,3033.5,4465.0,5631.0,5762.5,5695.0,2131.0,1505.0,553.0,785.0,1050.0,1173.0,1280.0,1371.0,1576.0,1539.0,1752.0,762.0,390.0,565.0,258.0,751.0,3341.0,5210.0,5170.0,5577.0,1885.0,887.0,457.0,734.0,335.0,983.0,3713.0,5559.0,5645.0,5729.0,2298.0,1401.0,1078.0,1469.0,1102.5,1917.0,4175.5,5242.5,5320.0,5508.0,2046.0,1058.0,568.0,993.0,678.0,1650.0,3763.0,4621.0,4656.0,5189.0,2157.0,1161.5,536.5,983.5,823.5,1731.5,3453.0,4143.0,4326.5,4632.0,2454.5,1428.0,684.0,1059.0,1266.5,2060.5,2909.0,3392.0,3510.5,3949.5,2661.0,1793.0,563.0,827.0,1094.0,1562.0,1938.0,2153.0,2356.0,2464.0,1462.0,1137.5,1145.0,1255.5,1248.0,1506.0,1570.0,1589.0,1552.0,1561.5,1741.5,1229.0,501.0,732.0,835.0,1187.0,1519.0,1618.0,1691.0,1774.0,1701.5,1151.0,473.0,664.0,828.5,1176.0,1400.0,1521.0,1669.5,1668.0,1999.0,1767.5,600.0,822.0,1068.0,1171.5,1217.5,1279.5,1434.0,1380.5,1679.5,1132.0,493.0,684.0,885.0,1132.5,1352.5,1420.5,1665.5,1650.0,1831.0,1226.0,708.0,843.0,1138.0,1390.0,1480.0,1641.0,1827.0,1806.0,1853.0,1247.5,513.0,717.5,1057.5,1272.5,1371.5,1494.5,1686.5,1675.0,2094.5,1453.0,698.0,948.0,1353.5,1535.5,1612.5,1737.5,2019.0,1965.5,0.0,0.0,0.0,0.0,0.0,0.0,0.0,0.0,0.0,0.0,713.0,427.5,528.5,642.5,908.5,1071.0,1076.5,1195.0,1411.0,1364.0,0.0,0.0,0.0,0.0,0.0,0.0,0.0,0.0,0.0,0.0,894.0,976.0,9705.0,9452.0,9436.0,9735.0,9440.0,9133.0,9490.0,8850.0,1163.0,779.5,490.0,685.5,951.5,1073.5,1115.5,1204.0,1335.5,1348.0,2391.0,1721.0,727.0,971.0,1267.0,1451.0,1500.0,1610.0,1741.0,1764.0,2450.0,1751.0,746.0,959.0,1259.0,1442.0,1527.0,1634.0,1792.0,1780.0,2590.0,1831.0,1008.0,1223.0,1522.0,1719.0,1841.0,1963.0,2018.0,2098.0,4256.0,3798.5,1595.5,1885.5,2133.5,2344.0,2458.0,2589.5,2814.0,2853.5,"{""type"":""MultiPoint"",""coordinates"":[]}"
1570,5,1855.5,1250.0,511.0,675.5,958.0,1141.5,1237.5,1409.5,1581.0,1628.5,4081.0,3385.0,983.0,1294.5,1667.0,1987.5,2128.0,2328.5,2489.0,2655.0,2579.0,1895.5,529.5,687.5,940.0,1135.5,1242.0,1382.5,1533.5,1640.5,4386.0,3896.5,1074.5,1373.5,1800.5,2063.0,2192.5,2402.0,2615.5,2740.0,5109.0,4697.0,1223.0,1619.0,2145.0,2437.0,2598.0,2817.0,3137.0,3166.0,0.0,0.0,0.0,0.0,0.0,0.0,0.0,0.0,0.0,0.0,0.0,0.0,0.0,0.0,0.0,0.0,0.0,0.0,0.0,0.0,5189.0,4211.0,1215.5,1666.0,1819.0,2504.0,3636.5,4062.5,4111.0,4478.0,4207.0,3274.0,1176.0,1570.0,1413.0,1990.0,3321.0,3731.0,4026.0,4067.0,3070.0,2077.0,643.0,881.0,815.0,1332.0,3190.0,3973.0,4023.0,4219.0,1793.0,825.0,613.0,592.0,375.0,840.0,2954.0,3720.0,3440.0,3817.0,2996.5,2447.0,1055.0,1238.0,1517.5,1665.5,1784.0,1880.0,2234.0,2142.5,2554.0,1108.0,376.0,593.5,280.5,918.0,4319.0,5928.0,5819.5,6302.5,2838.5,1234.5,396.0,622.5,330.5,963.0,4896.5,6757.5,6734.0,7121.5,1989.5,891.0,344.5,472.5,290.0,711.0,3358.0,4931.0,4469.5,5299.5,2355.0,1033.0,347.0,591.0,328.0,869.0,3994.0,5395.0,5261.0,5734.0,2133.0,1001.0,312.0,639.0,328.0,1019.0,3692.0,4742.0,4657.0,5036.0,2034.0,1056.0,352.0,837.0,498.0,1608.0,3320.0,3759.0,3889.0,4076.0,3059.5,2440.0,864.5,985.5,1266.0,1519.5,1652.0,1820.0,1818.0,2071.0,3932.5,3170.5,850.5,1034.5,1367.5,1632.0,1736.0,1909.0,1991.0,2197.5,3947.0,3088.0,825.0,1044.0,1351.0,1631.0,1838.0,2029.0,2197.0,2295.0,3756.0,2999.0,809.5,1025.0,1296.0,1577.0,1825.5,1976.5,2173.5,2252.0,1753.0,1421.5,759.5,786.5,910.0,1008.5,1045.0,1160.0,1357.5,1294.0,2917.0,2312.0,586.0,738.0,981.0,1204.0,1308.0,1471.0,1614.0,1713.0,2656.0,1963.0,568.0,703.0,972.0,1159.0,1258.0,1401.0,1554.0,1637.0,3077.5,2440.0,597.0,809.5,1090.5,1285.0,1399.0,1538.0,1743.5,1791.5,3740.0,3227.0,797.0,1048.0,1406.0,1612.0,1722.0,1852.0,2077.0,2161.0,0.0,0.0,0.0,0.0,0.0,0.0,0.0,0.0,0.0,0.0,2659.0,2016.0,642.0,742.0,984.0,1152.0,1248.0,1362.0,1533.0,1594.0,0.0,0.0,0.0,0.0,0.0,0.0,0.0,0.0,0.0,0.0,975.0,1050.0,10650.0,10364.0,10344.0,10473.0,10141.0,9775.0,10168.0,9413.0,1251.5,842.0,3224.5,3261.5,3524.0,3673.0,3708.5,3669.5,3853.0,3659.0,2856.0,2123.5,565.5,781.0,1082.5,1291.0,1408.0,1563.5,1782.5,1846.5,3012.5,2315.5,742.5,946.0,1219.5,1443.5,1580.5,1760.0,1968.5,2016.0,2700.0,1977.0,647.0,878.0,1170.0,1416.0,1537.0,1707.0,1902.0,1944.0,2177.0,1545.0,735.0,865.0,1134.0,1356.0,1464.0,1645.0,1826.0,1925.0,"{""type"":""MultiPoint"",""coordinates"":[]}"
1583,5,2874.5,2118.5,814.0,1072.5,1459.0,1713.0,1940.0,2043.0,2273.5,2281.0,4482.5,4120.0,1311.5,1660.5,2092.5,2467.5,2850.0,3010.0,3236.0,3244.5,2843.5,2055.0,711.0,988.0,1214.5,1602.5,2026.5,2266.5,2393.5,2417.0,3228.0,2477.0,833.0,1177.5,1403.0,1869.5,2450.5,2636.0,2795.5,2927.0,3917.5,3287.5,891.0,1301.0,1538.0,2227.0,2895.5,3088.5,3310.0,3336.5,6038.0,5351.5,1893.0,2419.0,2853.0,3511.5,4098.0,4450.0,4586.5,4829.5,2012.5,1371.0,1167.5,1244.0,1219.5,1616.0,1940.0,2066.5,2167.0,2221.5,3714.5,2696.0,835.0,1338.5,1192.5,1992.0,3469.0,3894.0,4040.0,4082.5,4120.5,3126.0,875.5,1375.5,1381.5,2407.5,3755.0,4199.0,4439.5,4590.5,2635.5,1454.0,542.0,937.0,811.0,1593.5,3065.0,3395.5,3553.5,3672.0,3157.0,1744.0,695.5,956.5,809.0,1419.0,3678.0,4385.5,4406.5,4699.5,2999.0,2398.0,774.5,1072.5,1456.5,1675.5,1873.5,2040.0,2232.0,2315.0,2877.0,1657.5,460.5,743.5,512.0,1208.5,3907.0,4812.5,4801.5,5155.5,2635.0,1264.5,363.5,580.5,393.5,1012.0,3670.5,4812.0,5024.5,5163.5,2466.0,1268.0,413.0,644.0,447.0,1037.5,3593.0,4677.5,4734.0,5043.0,2573.5,1222.0,578.5,697.0,442.5,945.0,3641.0,4914.5,4737.0,5163.0,2447.0,1187.0,316.5,628.5,369.5,1079.0,3614.5,4475.5,4784.0,4862.5,2231.0,1302.5,475.5,768.0,573.0,1263.0,3017.5,3559.5,3695.0,3888.5,2643.5,1434.5,434.0,873.5,615.5,1615.5,2876.0,3232.0,3510.5,3685.0,2773.5,2042.0,534.5,701.0,880.0,1206.5,1527.5,1765.0,1788.5,2060.0,3125.5,2345.5,525.5,730.5,941.0,1271.0,1835.5,2034.5,2153.5,2279.5,3634.5,2796.0,747.0,981.5,1311.0,1619.5,2018.5,2329.0,2395.0,2515.0,3389.0,2531.5,988.5,1281.5,1688.0,2006.5,2158.0,2312.5,2582.5,2556.0,3463.5,2521.5,776.0,1030.5,1291.0,1657.0,2035.5,2209.5,2303.0,2374.5,3329.5,2436.5,805.5,1075.5,1337.0,1771.5,2001.5,2214.5,2306.0,2498.0,3062.0,2143.5,674.5,961.0,1216.5,1654.5,2215.5,2334.5,2537.5,2613.5,3004.5,2117.0,714.0,1038.5,1256.5,1651.5,2217.0,2398.0,2440.5,2726.5,0.0,0.0,0.0,0.0,0.0,0.0,0.0,0.0,0.0,0.0,3621.5,2613.5,1425.0,1656.0,1723.0,2335.0,3308.0,3497.5,3564.5,3709.5,0.0,0.0,0.0,0.0,0.0,0.0,0.0,0.0,0.0,0.0,1129.5,1225.5,10658.5,10348.0,10298.0,10452.5,10133.5,9728.0,10067.0,9403.5,2064.0,1439.0,1704.0,1887.0,2208.0,2477.0,2485.0,2606.5,2797.0,2641.5,3160.0,2413.0,825.0,1119.0,1479.5,1808.0,2050.5,2217.0,2462.5,2467.0,3177.0,2480.5,900.0,1149.0,1437.0,1823.0,2002.5,2199.0,2364.5,2397.0,2960.0,2260.5,714.0,1023.5,1377.5,1741.0,1855.5,2031.5,2256.5,2312.5,3407.5,2729.5,924.5,1229.0,1618.0,1939.0,2127.5,2258.0,2479.0,2521.5,"{""type"":""MultiPoint"",""coordinates"":[]}"
1585,5,2614.0,1839.0,1143.0,1305.0,1423.5,1798.0,2435.5,2614.0,2880.5,2771.0,2684.5,1942.5,703.0,990.5,1028.0,1622.5,2420.5,2679.0,2868.5,2877.0,2166.0,1371.5,573.0,782.5,1001.5,1461.5,1907.5,2121.5,2307.5,2346.0,2374.0,1491.5,767.5,920.0,1075.0,1452.0,1866.0,2096.5,2346.0,2406.5,0.0,0.0,0.0,0.0,0.0,0.0,0.0,0.0,0.0,0.0,3177.0,2451.5,869.5,1089.0,1361.0,1720.0,2044.5,2263.0,2384.5,2515.5,0.0,0.0,0.0,0.0,0.0,0.0,0.0,0.0,0.0,0.0,0.0,0.0,0.0,0.0,0.0,0.0,0.0,0.0,0.0,0.0,0.0,0.0,0.0,0.0,0.0,0.0,0.0,0.0,0.0,0.0,2761.5,1943.0,607.5,869.5,878.5,1343.5,2517.5,3003.0,3112.5,3105.5,2581.5,1598.0,440.5,648.0,522.5,1049.0,2841.5,3795.5,3806.0,4005.0,2285.5,1640.0,605.0,771.0,888.0,1376.5,2256.0,2491.5,2719.5,2620.5,2422.0,1208.0,358.0,559.5,335.5,850.0,3556.5,4791.0,4756.5,4908.5,2001.0,1010.5,439.5,560.5,349.5,820.0,3316.5,4637.0,4771.0,4958.5,0.0,0.0,0.0,0.0,0.0,0.0,0.0,0.0,0.0,0.0,1260.5,579.0,276.5,372.0,236.0,532.0,2115.5,2799.0,2785.0,2946.5,1982.0,981.5,338.5,607.0,376.0,1035.0,3073.0,3742.5,3992.0,3984.0,0.0,0.0,0.0,0.0,0.0,0.0,0.0,0.0,0.0,0.0,2667.0,2022.0,497.0,653.0,846.0,1112.5,1264.0,1495.0,1558.0,1768.0,3595.5,2898.0,1050.0,1210.0,1489.0,1742.0,1846.5,1936.5,1988.5,2210.0,2864.0,2291.5,709.5,927.5,1167.5,1411.0,1621.5,1762.0,1926.0,1964.5,2249.0,1706.0,800.5,975.5,1067.5,1381.0,1744.5,1873.0,1957.5,2019.0,0.0,0.0,0.0,0.0,0.0,0.0,0.0,0.0,0.0,0.0,2849.0,2013.5,704.5,984.0,1060.5,1515.5,2067.0,2210.5,2404.0,2416.0,0.0,0.0,0.0,0.0,0.0,0.0,0.0,0.0,0.0,0.0,2185.0,1335.5,465.0,727.0,831.0,1417.5,2130.0,2290.0,2479.5,2501.0,2401.5,1521.5,522.0,778.0,875.5,1459.0,2308.0,2439.5,2693.0,2694.5,0.0,0.0,0.0,0.0,0.0,0.0,0.0,0.0,0.0,0.0,2436.0,1611.0,613.5,821.5,853.0,1491.5,2489.0,2673.0,2933.0,2838.0,0.0,0.0,0.0,0.0,0.0,0.0,0.0,0.0,0.0,0.0,956.0,1040.0,11151.0,10649.0,10511.0,10601.5,10275.0,9886.0,10259.5,9492.0,2195.0,1364.0,807.0,904.0,945.0,1523.5,2306.0,2584.0,2813.0,2825.0,2928.0,2375.5,1521.0,1624.0,1722.0,2153.0,2671.0,2827.5,2981.5,2945.5,2278.5,1502.5,599.0,836.0,846.5,1430.0,2442.0,2722.5,2915.5,2948.5,1212.0,646.5,284.0,486.0,468.5,964.5,1731.0,1928.5,2025.5,2027.5,2584.0,1770.0,677.5,952.5,987.5,1630.0,2572.5,2849.0,2956.5,2984.5,"{""type"":""MultiPoint"",""coordinates"":[]}"
1606,5,1867.0,1218.0,623.0,824.0,1019.0,1182.0,1284.0,1377.0,1596.0,1523.0,2964.0,2463.0,889.0,1133.0,1401.0,1615.0,1660.0,1772.0,1881.0,1919.0,1984.0,1247.5,638.5,790.5,974.5,1165.0,1237.0,1353.0,1424.5,1510.0,2087.0,1360.0,805.0,1048.0,1272.0,1491.0,1566.0,1672.0,1851.0,1846.0,0.0,0.0,0.0,0.0,0.0,0.0,0.0,0.0,0.0,0.0,3139.0,2740.0,1095.0,1315.0,1608.0,1844.0,1873.0,2014.0,1998.0,2126.0,0.0,0.0,0.0,0.0,0.0,0.0,0.0,0.0,0.0,0.0,3157.0,2662.0,1203.0,1495.0,1736.0,1955.0,2093.0,2220.0,2265.0,2336.0,3094.0,2342.0,1036.0,1346.0,1514.0,1810.0,2097.0,2241.0,2221.0,2441.0,2775.0,2159.0,794.0,1046.0,1179.0,1481.0,1906.0,2114.0,2073.0,2237.0,0.0,0.0,0.0,0.0,0.0,0.0,0.0,0.0,0.0,0.0,2375.0,1939.0,606.0,793.0,1001.0,1181.0,1250.0,1342.0,1476.0,1507.0,2541.0,1288.0,475.0,762.0,453.0,1082.0,3262.0,3926.0,3611.0,4206.0,2449.0,1204.0,456.0,641.0,364.0,889.0,3743.0,4839.0,4690.0,4961.0,2098.0,1550.0,2027.0,2080.0,1272.0,1502.0,3193.0,4109.0,4526.0,4304.0,1860.0,913.0,325.5,449.5,269.0,635.5,2983.0,4059.5,3902.0,4295.5,1972.5,884.5,267.0,432.0,222.0,681.0,3285.5,4416.0,4513.0,4617.0,0.0,0.0,0.0,0.0,0.0,0.0,0.0,0.0,0.0,0.0,2422.5,1427.5,410.5,899.5,706.5,1617.0,2981.5,3333.5,3602.0,3647.5,2587.0,1840.0,616.0,761.0,962.0,1197.0,1292.0,1427.0,1584.0,1664.0,2812.0,2200.0,557.5,712.5,1010.5,1210.0,1311.0,1482.0,1642.0,1711.0,3904.0,2895.0,1026.0,1328.0,1877.0,2189.0,2322.0,2515.0,2757.0,2876.0,0.0,0.0,0.0,0.0,0.0,0.0,0.0,0.0,0.0,0.0,3853.0,2880.0,1109.0,1372.0,1836.0,2074.0,2191.0,2328.0,2530.0,2606.0,0.0,0.0,0.0,0.0,0.0,0.0,0.0,0.0,0.0,0.0,1305.0,813.0,296.0,440.0,633.0,724.0,765.0,873.0,941.0,970.0,1528.0,997.0,416.0,577.0,757.0,849.0,932.0,1013.0,1094.0,1117.0,0.0,0.0,0.0,0.0,0.0,0.0,0.0,0.0,0.0,0.0,1630.0,1209.0,454.0,558.0,710.0,827.0,869.0,964.0,1038.0,1042.0,0.0,0.0,0.0,0.0,0.0,0.0,0.0,0.0,0.0,0.0,1042.0,1115.0,11122.0,10660.0,10515.0,10595.0,10274.0,9903.0,10314.0,9491.0,4617.0,3943.0,4254.0,4347.0,4516.0,4711.0,4679.0,4698.0,4334.0,4644.0,2370.0,1711.0,622.0,834.0,1094.0,1271.0,1383.0,1482.0,1678.0,1666.0,2485.0,1888.0,725.0,916.0,1148.0,1309.0,1419.0,1500.0,1663.0,1664.0,1816.0,1128.0,557.0,738.0,940.0,1096.0,1187.0,1321.0,1418.0,1435.0,2621.0,1882.0,950.5,1149.5,1397.5,1570.5,1617.5,1669.0,1882.0,1745.5,"{""type"":""MultiPoint"",""coordinates"":[]}"
1611,3,210.0,125.0,915.0,1409.0,1236.0,1364.0,637.0,636.0,518.0,315.0,1037.5,596.0,732.5,991.5,1091.0,1376.5,1368.0,1422.0,1467.5,1487.5,251.0,175.0,720.0,1059.0,1088.0,1334.5,946.5,980.5,914.5,806.5,1111.0,985.0,1309.0,1521.0,1595.0,1943.0,1863.0,1931.0,2045.0,1940.0,2016.0,1173.0,727.0,1095.0,1264.0,1647.0,1802.0,1916.0,2022.0,2082.0,0.0,0.0,0.0,0.0,0.0,0.0,0.0,0.0,0.0,0.0,0.0,0.0,0.0,0.0,0.0,0.0,0.0,0.0,0.0,0.0,4392.5,3713.0,2398.0,2708.0,2953.5,3422.0,3656.5,3877.0,3824.5,4096.5,4480.0,3984.0,1955.0,2457.0,2894.0,3169.0,3523.0,3604.0,3958.0,3912.0,664.0,422.0,510.0,781.0,690.0,1213.0,1311.0,1457.0,1391.0,1336.0,1900.5,868.0,1389.5,1232.5,908.0,1588.5,2827.0,3309.5,3370.0,3256.0,200.0,150.0,814.0,1121.0,1073.0,1205.0,684.0,625.0,625.0,380.0,1754.0,855.0,355.0,559.0,238.0,844.0,2735.0,4029.0,4007.0,4009.0,2596.5,1826.0,685.0,1008.0,1114.0,1855.5,3690.0,4839.5,4543.5,5082.5,1722.0,786.0,476.0,601.0,339.0,831.0,3054.0,4970.0,4750.0,4948.0,1638.0,782.0,368.0,570.0,300.0,865.0,3010.0,4826.0,4684.0,4937.0,1759.0,870.0,352.0,754.0,364.0,1198.0,3527.0,4831.0,5132.0,5045.0,1772.0,845.0,324.0,768.0,403.0,1346.0,3773.0,4808.0,4896.0,5059.0,1884.5,1016.5,487.5,981.0,773.5,1829.5,3460.0,4041.0,4427.5,4420.5,1844.0,1239.5,657.5,922.5,1108.5,1587.0,1915.5,2147.0,2181.5,2344.5,777.0,507.0,495.0,617.0,777.0,1051.0,1083.0,1126.0,1163.0,1218.0,421.5,291.0,395.5,588.0,750.0,960.0,913.0,967.5,925.0,899.0,570.5,642.5,929.5,992.0,896.0,983.5,709.5,744.0,767.0,709.0,433.0,285.0,343.0,533.0,753.0,1004.0,916.0,1007.0,1061.0,925.0,427.5,293.5,393.0,568.5,767.0,1017.5,902.0,992.0,1068.5,993.0,341.5,220.0,260.5,450.5,638.5,860.0,776.0,840.0,874.5,791.0,378.0,233.0,269.0,451.0,628.0,850.0,714.0,818.0,824.0,736.0,0.0,0.0,0.0,0.0,0.0,0.0,0.0,0.0,0.0,0.0,562.0,429.5,566.0,640.0,707.0,860.0,761.5,785.5,808.0,721.5,0.0,0.0,0.0,0.0,0.0,0.0,0.0,0.0,0.0,0.0,1007.0,1095.0,10598.0,10268.0,10238.0,10415.0,9952.0,9657.0,9964.0,9148.0,176.0,145.0,1680.5,1980.5,1822.5,2080.0,1526.0,1172.0,1023.5,977.5,192.0,145.0,616.0,923.0,730.0,794.0,337.0,283.0,236.0,147.0,281.0,230.0,573.0,821.0,645.0,766.0,418.0,375.0,341.0,310.0,340.0,234.0,468.0,759.0,584.0,739.0,380.0,350.0,275.0,270.0,2643.0,2199.0,1527.0,1739.0,1838.0,2337.0,2256.0,2319.0,2300.0,2235.0,"{""type"":""MultiPoint"",""coordinates"":[]}"
1633,5,2678.0,1882.0,665.0,859.0,1180.0,1363.0,1450.0,1593.0,1828.0,1807.0,4485.0,3802.0,1125.0,1562.0,2055.0,2368.0,2485.0,2671.0,2832.0,2900.0,2786.5,1883.0,712.0,951.0,1274.5,1513.5,1635.5,1801.0,1935.5,2023.0,3290.0,2368.0,822.0,1092.0,1434.0,1743.0,1950.0,2122.0,2326.0,2359.0,0.0,0.0,0.0,0.0,0.0,0.0,0.0,0.0,0.0,0.0,4087.5,3338.5,1081.0,1466.0,1722.5,2150.0,2717.5,2973.0,3182.5,3190.0,4328.0,3449.0,2006.0,2292.0,2508.0,3057.0,3844.0,4230.0,3933.0,4504.0,4046.0,3070.0,873.0,1306.0,1460.0,2008.0,3209.0,3622.0,3818.0,3890.0,5141.0,4142.0,5921.0,5604.0,5213.0,5638.0,5467.0,5444.0,5983.0,5402.0,3400.0,2553.0,848.0,1151.0,1366.0,1788.0,2681.0,3086.0,3227.0,3354.0,2838.5,1852.5,1067.5,1245.5,1180.5,1660.0,3072.5,3669.0,3602.5,3841.5,3722.0,3141.0,906.0,1187.0,1575.0,1792.0,1933.0,2091.0,2287.0,2297.0,3365.0,2262.0,655.0,948.0,1031.0,1570.0,2803.0,3325.0,3360.0,3659.0,3168.0,2245.0,700.0,979.0,1091.0,1624.0,2732.0,3273.0,3305.0,3452.0,3274.0,2394.0,792.0,1154.0,1300.0,1838.0,2791.0,3202.0,3121.0,3396.0,3408.0,2467.0,1027.5,1326.0,1429.5,1985.5,2900.5,3346.0,3212.0,3631.5,3573.0,2670.5,745.5,1089.0,1372.0,1808.5,2309.5,2566.5,2673.5,2803.0,0.0,0.0,0.0,0.0,0.0,0.0,0.0,0.0,0.0,0.0,3293.5,2493.5,706.5,973.5,1275.0,1599.0,1900.5,2112.5,2225.5,2330.0,4051.0,3209.0,924.0,1226.0,1619.0,1965.0,2145.0,2274.0,2320.0,2528.0,4033.5,3300.5,914.0,1234.5,1672.5,1968.5,2123.0,2321.5,2492.0,2561.0,3217.0,2570.5,786.5,1048.0,1423.5,1651.5,1788.0,1920.0,2026.5,2126.5,0.0,0.0,0.0,0.0,0.0,0.0,0.0,0.0,0.0,0.0,3943.0,3147.0,912.0,1249.0,1692.0,1983.0,2119.0,2285.0,2504.0,2522.0,0.0,0.0,0.0,0.0,0.0,0.0,0.0,0.0,0.0,0.0,2460.0,1604.0,505.0,751.0,1077.0,1286.0,1414.0,1552.0,1756.0,1752.0,2091.5,1523.5,636.5,771.0,1013.5,1175.5,1267.0,1354.0,1418.5,1521.0,340.0,258.0,2102.0,1893.0,1788.0,1709.0,1674.0,1704.0,1574.0,1693.0,2659.0,1931.0,647.0,873.0,1147.0,1357.0,1514.0,1593.0,1808.0,1820.0,0.0,0.0,0.0,0.0,0.0,0.0,0.0,0.0,0.0,0.0,979.0,1091.0,10885.0,10503.0,10460.0,10586.0,10219.0,9886.0,10257.0,9466.0,0.0,0.0,0.0,0.0,0.0,0.0,0.0,0.0,0.0,0.0,3107.0,2366.0,772.0,1005.0,1321.0,1554.0,1667.0,1822.0,1998.0,1993.0,0.0,0.0,0.0,0.0,0.0,0.0,0.0,0.0,0.0,0.0,2859.0,2013.0,696.0,928.0,1260.0,1497.0,1610.0,1761.0,1970.0,1988.0,3535.0,2447.0,2817.0,2791.0,2863.0,3028.0,3121.0,3071.0,3482.0,3157.0,"{""type"":""MultiPoint"",""coordinates"":[]}"
1641,3,2708.0,2012.5,842.5,1142.0,1372.5,1723.5,2003.0,2137.0,2381.5,2370.0,4476.0,4168.0,1480.0,1757.0,2176.0,2423.0,2511.0,2755.0,2860.0,2971.0,2560.0,2037.0,810.0,944.0,1150.0,1377.0,1443.0,1571.0,1714.0,1769.0,3975.5,3706.0,1392.5,1686.0,1962.5,2269.0,2384.5,2570.5,2748.0,2775.0,4549.5,4238.5,1767.5,2106.0,2417.0,2782.5,2998.0,3098.0,3392.0,3367.0,5270.0,4799.0,2239.0,2689.0,2851.0,3447.0,3844.0,4129.0,4366.0,4449.0,0.0,0.0,0.0,0.0,0.0,0.0,0.0,0.0,0.0,0.0,1980.0,1041.0,574.0,748.0,489.0,990.0,2751.0,3620.0,3577.0,3648.0,1953.0,959.0,360.0,601.0,267.0,881.0,3282.5,4737.5,4511.5,4725.0,1861.0,865.0,319.0,540.0,231.0,725.0,3213.0,5150.0,5041.0,5503.0,1843.0,841.0,374.0,552.0,263.0,792.0,3226.0,5410.0,5354.0,5649.0,2839.0,2220.0,1000.0,1267.0,1481.0,1862.0,2194.0,2312.0,2607.0,2512.0,1595.0,698.0,377.0,670.0,366.0,868.0,3374.0,5061.0,5071.0,5397.0,1646.0,788.0,592.0,854.0,466.0,1200.0,3366.0,4840.0,4848.0,5104.0,1838.0,920.0,507.0,868.0,483.0,1359.0,3556.0,4812.0,4704.0,5069.0,1878.0,981.0,553.0,991.0,605.0,1572.0,3417.0,4154.0,3947.0,4484.0,3959.0,2609.0,1017.5,1489.0,1936.5,2685.0,3234.5,3698.5,3790.5,4044.0,1589.0,1420.5,447.5,537.5,696.0,819.0,877.5,976.0,984.5,1075.5,3212.5,2927.0,982.5,1188.0,1533.0,1764.0,1829.0,2015.5,2082.5,2195.0,2373.0,1757.0,699.0,876.0,1114.0,1316.0,1412.0,1519.0,1576.0,1721.0,2619.0,2032.0,756.0,970.0,1214.0,1475.0,1547.0,1635.0,1690.0,1821.0,2654.0,2052.0,782.0,976.0,1205.0,1445.0,1537.0,1669.0,1781.0,1825.0,3187.0,2412.0,1177.0,1430.5,1613.0,2078.0,2622.5,2773.0,3018.0,2979.0,2483.0,1919.5,811.5,1009.0,1213.5,1477.0,1627.5,1769.0,1908.5,1923.5,2485.0,1921.0,775.0,989.0,1210.0,1478.0,1739.0,1822.0,1938.0,2013.0,2375.0,1705.0,668.5,925.0,1120.0,1431.5,1691.5,1823.0,2018.5,1984.0,2372.0,1682.5,662.0,943.5,1092.5,1472.0,1780.0,1896.0,2057.5,2060.0,0.0,0.0,0.0,0.0,0.0,0.0,0.0,0.0,0.0,0.0,2023.0,1308.0,583.0,827.0,865.0,1317.0,1838.0,1973.0,2228.0,2196.0,0.0,0.0,0.0,0.0,0.0,0.0,0.0,0.0,0.0,0.0,860.0,930.0,10570.0,10348.0,10260.0,10374.0,9968.0,9537.0,9854.0,9076.0,1373.0,931.0,4327.5,4478.5,4621.0,5049.0,5063.5,4962.5,5126.5,4862.0,2743.0,1981.0,807.0,1112.0,1235.0,1764.0,2306.0,2460.0,2754.0,2688.0,3063.0,2360.5,1025.0,1354.0,1562.5,1974.5,2160.5,2317.0,2508.5,2539.5,2895.0,2253.0,911.0,1239.0,1412.0,1809.0,1947.0,2084.0,2318.0,2332.0,2263.0,1856.0,582.0,713.0,914.0,1045.0,1136.0,1256.0,1382.0,1441.0,"{""type"":""MultiPoint"",""coordinates"":[]}"
1642,3,1784.0,1175.0,504.0,619.0,746.0,944.0,1155.0,1242.0,1397.0,1396.0,4428.0,4309.0,1172.0,1562.0,2059.0,2352.0,2441.0,2596.0,2711.0,2827.0,2320.0,1681.0,616.5,852.0,1071.0,1310.0,1382.0,1477.0,1603.5,1670.0,2951.5,2328.0,835.0,1109.0,1382.0,1656.5,1740.5,1896.0,1978.0,2037.0,5183.0,4875.0,1663.0,2257.0,2812.0,3137.0,3279.0,3569.0,3719.0,3809.0,7237.0,6911.0,2689.0,3361.0,3975.0,4567.0,4808.0,5076.0,5130.0,5400.0,2298.0,1511.0,959.0,1222.0,1230.0,1792.0,2084.0,2210.0,2212.0,2426.0,4915.0,4272.5,2686.0,2910.5,2811.0,3480.5,4200.5,4538.0,4619.5,4727.5,2894.0,2122.0,771.0,1126.0,1071.0,1639.0,2881.0,3358.0,3480.0,3491.0,1183.0,614.0,315.0,501.0,272.0,687.0,2155.0,2786.0,2617.0,2677.0,1175.0,636.0,619.5,666.0,444.0,724.5,2104.5,3090.0,2945.0,3152.0,2607.0,2108.0,631.0,797.0,974.0,1174.0,1401.0,1530.0,1652.0,1680.0,1264.0,574.0,204.0,343.0,171.0,475.0,2360.0,4023.0,3883.0,4259.0,1289.0,585.0,313.0,471.0,256.0,653.0,2492.0,3909.0,3963.0,4147.0,1331.5,607.5,334.0,596.0,298.0,921.0,2922.5,4199.5,4145.0,4490.0,1569.0,764.0,431.5,748.5,444.0,1168.0,3240.5,4377.5,4226.5,4684.0,1939.0,1099.0,517.0,864.0,753.0,1521.0,2844.0,3448.0,3753.0,4023.0,4281.5,2917.5,959.0,1357.0,1963.0,2527.5,2824.5,3170.0,3309.5,3718.0,3700.0,2708.5,842.5,1161.5,1641.5,2004.5,2162.0,2390.0,2537.0,2733.5,2667.0,1905.0,717.0,964.0,1235.0,1658.0,1944.0,2112.0,2150.0,2376.0,3669.0,2590.0,788.0,1127.0,1397.0,1866.0,2246.0,2481.0,2629.0,2769.0,3851.0,2734.0,877.0,1210.0,1484.0,1953.0,2306.0,2538.0,2729.0,2889.0,5871.0,5470.0,6432.0,6104.0,6037.0,6142.0,6052.0,6012.0,6708.0,6020.0,3675.0,2673.0,946.0,1256.0,1643.0,2056.0,2307.0,2507.0,2784.0,2830.0,0.0,0.0,0.0,0.0,0.0,0.0,0.0,0.0,0.0,0.0,1613.0,1097.5,387.5,642.0,970.0,1175.0,1298.0,1377.5,1520.0,1583.0,1835.0,1272.0,680.0,964.0,1159.0,1295.0,1410.0,1476.0,1658.0,1706.0,0.0,0.0,0.0,0.0,0.0,0.0,0.0,0.0,0.0,0.0,1732.0,1184.0,610.0,779.0,1026.0,1250.0,1306.0,1412.0,1573.0,1610.0,0.0,0.0,0.0,0.0,0.0,0.0,0.0,0.0,0.0,0.0,1103.0,1203.0,10756.0,10406.0,10282.0,10404.0,10081.0,9668.0,10094.0,9331.0,1335.5,884.0,1607.0,1696.0,1796.0,2136.0,2240.0,2287.0,2381.0,2379.5,1928.0,1325.0,556.0,713.0,817.0,1100.0,1369.0,1510.0,1654.0,1673.0,2744.0,2091.0,924.0,1189.0,1325.0,1712.0,1910.0,2045.0,2210.0,2218.0,2388.0,1730.0,625.0,852.0,1062.0,1307.0,1435.0,1534.0,1719.0,1731.0,2780.0,2094.0,833.5,1056.5,1274.0,1522.5,1656.0,1752.0,1954.0,1955.5,"{""type"":""MultiPoint"",""coordinates"":[]}"
1670,3,1425.0,1008.0,908.0,1115.0,1311.0,1588.0,1616.0,1710.0,1849.0,1828.0,4429.0,4228.0,1733.0,1999.0,2418.0,2681.0,2760.0,2900.0,3118.0,3133.0,994.0,657.0,1075.5,1243.5,1452.5,1683.5,1611.5,1722.0,1777.5,1749.0,1463.5,1001.0,1170.5,1228.0,1329.0,1524.0,1497.0,1569.5,1673.5,1673.5,3118.0,2388.0,1464.0,1756.0,2044.0,2393.0,2485.0,2588.0,2759.0,2870.0,0.0,0.0,0.0,0.0,0.0,0.0,0.0,0.0,0.0,0.0,0.0,0.0,0.0,0.0,0.0,0.0,0.0,0.0,0.0,0.0,3349.0,2487.5,1185.5,1651.5,1757.5,2265.0,2626.0,2865.5,2955.5,3102.0,5061.0,4345.0,1895.0,2401.0,2601.0,3155.0,3812.0,4070.0,4394.0,4507.0,2960.5,2064.0,1376.5,1750.5,1497.0,1963.5,2923.0,3254.5,3391.0,3422.5,1180.0,669.0,675.0,804.0,542.0,845.0,1981.0,2410.0,2579.0,2362.0,2163.0,1625.0,1001.0,1217.0,1437.0,1651.0,1761.0,1852.0,2057.0,2081.0,1430.0,664.0,391.0,687.0,319.0,997.0,2853.0,3410.0,3233.0,3568.0,1388.0,632.5,423.0,599.5,335.5,833.5,2436.0,3256.0,3273.5,3503.5,1419.0,662.0,381.0,512.0,290.0,722.0,2338.0,3095.0,3199.0,3547.0,1558.5,779.0,375.0,527.5,346.5,808.5,1972.5,2590.5,2600.5,2939.5,1657.0,865.0,341.0,613.0,462.0,1044.0,2195.0,2637.0,2895.0,3040.0,3126.0,2409.0,2358.0,2528.5,2473.5,3180.0,3967.5,4271.5,4094.0,4560.5,1839.5,1062.5,427.5,697.5,693.5,1258.5,1890.5,2170.5,2368.0,2489.5,1755.0,1201.0,680.0,901.0,1189.0,1488.0,1612.0,1760.0,1796.0,1889.0,1962.5,1328.5,727.5,949.0,1242.5,1460.5,1541.5,1643.5,1814.5,1713.5,2608.0,1805.0,817.5,1047.0,1397.5,1651.0,1770.0,1942.5,2141.0,2164.0,3499.5,3062.5,2098.5,2241.0,2435.5,2737.5,2824.0,2901.0,3082.0,3090.0,2354.0,1647.0,857.0,1127.0,1446.0,1672.0,1806.0,1983.0,2178.0,2220.0,603.0,458.0,461.0,459.0,562.0,660.0,654.0,764.0,737.0,848.0,1566.5,1049.5,611.0,834.0,1135.0,1363.0,1405.0,1527.0,1717.0,1685.5,1741.0,1197.0,659.0,913.0,1204.5,1420.0,1468.5,1589.5,1751.5,1748.0,0.0,0.0,0.0,0.0,0.0,0.0,0.0,0.0,0.0,0.0,1417.0,985.0,632.0,819.0,1094.0,1348.0,1381.0,1495.0,1678.0,1608.0,0.0,0.0,0.0,0.0,0.0,0.0,0.0,0.0,0.0,0.0,1073.0,1155.0,10822.0,10552.0,10454.0,10491.0,10223.0,9847.0,10268.0,9464.0,884.0,604.0,1869.5,2016.5,2155.0,2402.0,2321.0,2316.5,2393.5,2224.5,2026.0,1403.0,933.0,1159.0,1374.0,1694.0,1786.0,1942.0,2127.0,2118.0,2361.0,1911.5,1493.5,1634.0,1752.0,2042.5,2173.5,2305.5,2431.0,2440.5,1679.0,1172.0,963.0,1245.0,1434.0,1798.0,1928.0,2018.0,2215.0,2183.0,2582.5,1859.0,1145.0,1386.5,1626.5,1954.5,2132.0,2230.0,2428.5,2442.0,"{""type"":""MultiPoint"",""coordinates"":[]}"
1676,3,16.0,26.0,193.5,247.0,325.0,395.5,209.0,219.5,219.5,133.5,3572.5,3068.0,877.0,1157.0,1481.5,1814.5,1956.0,2123.0,2271.5,2358.5,988.5,539.0,512.0,601.0,728.0,920.5,1007.0,1111.5,1214.5,1273.5,958.5,899.5,1882.0,2250.0,2485.0,2640.5,2198.5,2238.0,2048.5,1901.5,1544.0,979.0,716.0,894.5,1028.0,1295.5,1362.0,1461.5,1531.5,1594.5,2645.5,2420.5,960.5,1123.5,1293.0,1566.5,1603.0,1758.5,1742.5,1913.0,1452.5,870.0,896.5,1032.0,1038.5,1349.5,1488.5,1597.0,1544.5,1717.0,1902.5,1447.5,651.0,901.0,871.0,1377.0,1575.5,1746.5,1679.0,1817.5,3438.0,3034.5,1190.5,1396.0,1620.0,1935.5,2004.0,2208.0,2201.5,2413.0,3599.5,3236.0,1322.5,1531.5,1789.0,2070.5,2146.5,2311.5,2346.5,2531.0,2909.5,2737.5,894.5,1074.5,1357.5,1570.0,1590.5,1734.5,1750.0,1886.0,37.0,26.0,196.0,262.0,333.0,416.5,275.0,290.5,282.0,180.5,2820.5,2527.5,1052.0,1239.0,1425.0,1686.0,1694.0,1801.0,1731.5,1923.0,1493.5,1030.5,1085.0,1091.5,1064.5,1216.0,1377.0,1505.0,1466.0,1605.0,2443.0,2120.0,829.5,967.0,1153.5,1380.5,1485.5,1570.5,1551.5,1713.0,1224.5,810.5,644.5,805.0,937.5,1189.0,1409.5,1571.5,1224.5,1618.5,1386.5,880.0,570.0,699.5,783.0,1012.5,1108.5,1176.5,1182.5,1233.0,2508.5,2219.5,829.0,1068.5,1243.0,1491.0,1623.0,1733.5,1765.0,1849.0,1471.5,1228.5,614.0,679.0,771.5,879.0,884.0,940.0,965.0,1000.5,1818.5,1598.5,524.5,693.5,867.0,1015.5,1044.5,1109.0,1101.0,1225.0,1925.0,1732.0,551.0,728.5,938.5,1039.5,1092.5,1188.0,1250.5,1252.5,1749.5,1540.5,528.0,684.5,847.0,965.0,989.5,1066.0,1077.0,1137.0,1909.5,1866.5,1277.0,1384.5,1492.0,1608.5,1538.0,1621.5,1591.5,1581.5,1678.5,1522.5,650.0,728.0,870.0,1022.5,1104.5,1238.0,1071.0,1323.5,1807.5,1650.0,1430.0,1441.0,1457.0,1698.5,1609.0,1729.5,1635.0,1701.5,32.5,35.5,546.5,737.5,751.5,811.5,554.0,550.5,546.0,416.5,45.0,33.5,894.5,1160.5,1136.5,1194.0,792.0,773.0,696.0,518.5,0.0,0.0,0.0,0.0,0.0,0.0,0.0,0.0,0.0,0.0,74.0,58.0,1221.5,1685.0,1968.0,2169.0,1838.0,1862.0,1720.5,1513.0,0.0,0.0,0.0,0.0,0.0,0.0,0.0,0.0,0.0,0.0,61.5,64.5,8561.0,8533.5,8407.0,8479.0,8122.0,7377.0,7510.5,6656.0,116.5,114.5,4658.5,4809.0,4636.0,4694.5,4017.0,3309.0,3144.5,2599.5,210.5,129.5,243.5,309.0,386.0,555.0,589.0,656.0,726.5,751.5,1303.5,726.0,447.5,616.5,737.0,941.0,1053.5,1110.0,1247.0,1284.5,1185.5,646.5,464.0,590.5,724.5,935.0,1027.5,1109.0,1242.0,1240.0,1819.5,1172.0,512.0,684.0,847.5,1079.0,1177.5,1296.5,1367.0,1431.0,"{""type"":""MultiPoint"",""coordinates"":[]}"
1678,5,717.0,485.0,430.0,411.0,570.0,726.0,734.0,773.0,852.0,834.0,3320.0,2448.5,841.5,1169.5,1436.5,1826.5,2121.5,2263.0,2437.0,2495.5,1545.5,889.5,633.0,899.0,1028.5,1461.0,1742.5,1931.5,2083.0,2112.0,1937.5,1282.0,629.0,894.5,997.5,1466.0,1763.5,1920.5,2078.5,2175.5,1896.0,1156.0,573.0,858.0,998.0,1414.0,1784.0,1907.0,2085.0,2153.0,5329.0,5057.0,1600.0,1979.0,2506.0,2895.0,3035.0,3355.0,3336.0,3618.0,0.0,0.0,0.0,0.0,0.0,0.0,0.0,0.0,0.0,0.0,2127.0,1379.0,517.0,674.0,886.0,1176.0,1294.0,1492.0,1574.0,1664.0,4453.0,4242.0,1107.0,1525.0,2063.0,2316.0,2433.0,2595.0,2787.0,2854.0,4557.5,4120.5,1439.5,1869.5,2430.5,2779.5,2911.5,3157.0,3241.5,3435.0,3701.0,2462.0,1524.0,1680.0,1802.0,2312.0,2688.0,2939.0,3003.0,3165.0,987.0,725.0,365.0,494.0,724.0,848.0,890.0,978.0,1084.0,1105.0,3268.0,2483.5,970.0,1290.5,1400.5,1937.5,2224.0,2529.5,2412.5,2785.0,5088.5,4492.5,1447.0,1911.0,2194.5,2817.5,3522.5,3933.5,3973.0,4280.0,4617.0,3671.0,1271.0,1752.0,1944.0,2607.0,3587.0,4129.0,4098.0,4520.0,3942.0,2732.0,829.0,1198.0,1154.0,1808.0,3347.0,4074.0,3975.0,4394.0,3162.0,2197.0,627.0,936.0,921.0,1444.0,3141.0,3899.0,3854.0,4192.0,2782.0,1951.0,623.0,866.0,853.0,1298.0,2836.0,3527.0,3617.0,3795.0,2902.5,1998.5,600.5,916.5,829.5,1407.5,2975.5,3482.0,3656.5,3851.5,3121.0,2347.0,676.0,969.0,1070.0,1594.0,1943.0,2161.5,2273.5,2504.5,4097.0,3464.0,768.0,1083.0,1409.0,1733.0,1899.0,2129.0,2387.0,2440.0,4207.0,3668.0,864.0,1178.0,1504.0,1854.0,1993.0,2185.0,2405.0,2528.0,1629.5,1390.5,1061.0,1111.0,1212.0,1350.0,1375.5,1499.5,1683.5,1588.5,3220.5,2516.5,632.0,842.0,1070.5,1323.5,1490.5,1677.5,1828.5,1958.5,3083.0,2033.0,881.0,1091.0,1439.0,1773.0,1962.0,2159.0,2442.0,2522.0,3084.0,2183.5,683.0,924.5,1188.0,1477.0,1727.5,1901.5,2123.0,2162.5,3124.0,2290.0,668.0,928.0,1132.0,1475.5,1777.0,1950.5,2100.0,2141.0,0.0,0.0,0.0,0.0,0.0,0.0,0.0,0.0,0.0,0.0,3009.0,2629.5,1718.5,1765.0,1824.5,2221.0,2531.0,2664.5,2703.0,2801.0,0.0,0.0,0.0,0.0,0.0,0.0,0.0,0.0,0.0,0.0,1066.0,1015.0,8408.0,8374.0,8664.0,8667.0,8483.0,8304.0,8728.0,7954.0,759.5,501.5,686.5,741.0,871.0,1026.0,982.5,1070.0,1129.0,1063.0,1238.5,768.5,566.0,781.5,1062.0,1259.0,1318.0,1425.5,1570.5,1566.0,1880.5,1245.5,716.5,920.5,1169.0,1437.0,1531.5,1682.0,1860.0,1861.0,1015.0,650.0,456.0,658.0,882.0,1140.0,1215.0,1381.0,1541.0,1579.0,1666.5,1076.5,609.5,841.0,1070.5,1377.5,1518.5,1673.5,1799.5,1800.5,"{""type"":""MultiPoint"",""coordinates"":[]}"
1681,1,2829.5,2181.5,1833.5,1921.5,2144.0,2414.5,2499.0,2674.0,2888.5,2897.5,4211.0,3316.0,1198.0,1560.0,2154.5,2456.5,2570.0,2804.0,3118.0,3293.0,5329.0,4913.0,1462.0,1986.0,2683.0,2938.0,3213.0,3409.0,3856.0,3781.0,4148.0,3297.0,1149.0,1674.0,2103.0,2606.0,2877.0,3106.0,3391.0,3540.0,3405.0,2452.0,2498.5,2331.5,2309.0,2637.0,3077.0,3280.0,3747.0,3497.0,3720.0,3487.0,3092.0,3118.0,3056.0,3734.0,4496.0,4702.0,4405.0,4818.0,0.0,0.0,0.0,0.0,0.0,0.0,0.0,0.0,0.0,0.0,3974.0,3037.0,791.0,1143.0,1308.0,1862.0,3064.0,3778.0,3882.0,4162.0,3969.0,3037.0,1015.0,1353.0,1416.0,2016.0,3656.0,4386.0,4648.0,4737.0,3541.0,2423.0,1096.0,1259.0,1218.0,1681.0,3042.0,3769.0,3825.0,4102.0,4278.0,2945.0,1032.0,1545.0,1476.0,2108.0,3920.0,4850.0,4923.0,5393.0,3356.0,2887.0,855.0,1236.0,1653.0,2064.0,2216.0,2537.0,2727.0,2709.0,5431.5,4773.0,1435.5,1913.0,2537.5,3024.5,3270.5,3507.5,3626.0,4023.5,5499.0,4825.5,1328.0,1785.5,2408.5,2951.0,3228.0,3510.0,3669.5,3980.0,1255.0,897.0,1540.0,2100.0,1780.0,1908.0,2057.0,2211.0,2154.0,2134.0,3541.0,2721.0,795.0,1190.0,1369.0,1957.0,2713.0,3041.0,3034.0,3322.0,4240.0,3193.0,984.0,1414.0,1601.0,2301.0,3674.0,4113.0,3915.0,4272.0,4101.0,2959.0,944.5,1354.0,1485.5,2140.0,4039.0,4730.0,4727.0,4997.5,3398.0,2260.0,719.0,1025.0,1044.0,1787.0,3685.0,4153.0,4507.0,4600.0,3102.0,1898.0,562.0,870.0,872.0,1674.0,3288.0,3637.0,3992.0,4076.0,3359.0,2249.5,545.0,779.5,936.5,1581.0,2545.5,2947.0,3166.0,3320.5,3879.0,2690.5,617.5,860.5,1174.5,1751.5,2272.5,2591.5,2830.5,3030.5,1450.0,946.5,496.0,673.0,850.5,1115.5,1277.5,1403.0,1570.0,1587.0,3052.0,2130.0,536.0,744.0,1065.0,1423.0,1823.0,2067.0,2455.0,2501.0,3052.0,2130.0,564.0,744.0,1065.0,1423.0,1784.0,2034.0,2353.0,2397.0,3480.0,2647.0,605.0,892.0,1206.0,1512.0,1896.0,2120.0,2422.0,2460.0,3957.0,3192.0,753.0,1066.0,1444.0,1706.0,2042.0,2217.0,2498.0,2558.0,2725.0,1993.5,508.5,698.0,967.5,1237.5,1462.5,1691.0,1860.5,1963.0,2274.5,1576.0,479.0,647.0,858.0,1128.5,1367.5,1543.0,1670.0,1799.5,2063.0,1441.0,607.5,795.0,973.0,1260.0,1485.0,1638.5,1817.5,1858.5,536.0,585.0,9699.0,9677.0,9783.0,9871.0,9225.0,8962.0,9294.0,8313.0,1506.0,842.0,635.0,959.0,1178.0,1643.0,2115.0,2332.0,2664.0,2633.0,2638.0,1750.0,641.0,991.0,1221.0,1744.0,2226.0,2477.0,2734.0,2734.0,0.0,0.0,0.0,0.0,0.0,0.0,0.0,0.0,0.0,0.0,4108.0,3342.0,1001.0,1354.0,1885.0,2198.0,2691.0,2907.0,3231.0,3271.0,4108.0,3676.0,1001.0,1354.0,1885.0,2198.0,2381.0,2571.0,2982.0,2979.0,"{""type"":""MultiPoint"",""coordinates"":[]}"
1684,2,2967.0,2795.5,684.5,940.5,1280.0,1535.0,1611.0,1781.5,1972.5,1937.5,4112.0,3874.5,1000.5,1355.0,1783.0,2127.5,2321.5,2498.5,2663.0,2749.5,3353.5,2917.0,901.0,1202.0,1579.5,1815.5,2040.5,2194.5,2408.5,2434.0,0.0,0.0,0.0,0.0,0.0,0.0,0.0,0.0,0.0,0.0,0.0,0.0,0.0,0.0,0.0,0.0,0.0,0.0,0.0,0.0,3299.5,3080.0,1114.0,1361.5,1744.0,1969.5,2017.5,2207.5,2230.5,2348.5,0.0,0.0,0.0,0.0,0.0,0.0,0.0,0.0,0.0,0.0,4407.0,4236.0,1232.0,1600.0,1996.0,2349.0,2597.5,2776.5,2940.5,3009.5,4769.5,4008.5,1180.5,1610.5,1955.5,2459.0,3275.5,3528.0,3527.0,3892.0,4064.0,3433.5,940.5,1306.0,1468.0,2005.0,3002.0,3351.5,3478.0,3585.5,3618.0,2596.5,724.5,1025.0,1014.5,1587.0,3556.0,4186.0,4213.0,4367.0,3807.5,3703.5,986.5,1269.5,1681.0,1937.5,2113.5,2251.5,2521.0,2508.0,1890.0,934.5,444.0,546.5,403.5,811.0,2471.5,3131.0,2750.5,3224.0,2609.0,1361.5,562.5,781.0,547.5,1164.5,4039.5,5018.5,5101.5,5100.5,0.0,0.0,0.0,0.0,0.0,0.0,0.0,0.0,0.0,0.0,1767.5,828.0,422.5,571.0,393.0,849.5,3142.0,3824.5,3764.5,4025.5,2279.0,1074.5,405.5,623.5,424.0,1109.0,3807.0,4525.5,4736.0,4803.0,0.0,0.0,0.0,0.0,0.0,0.0,0.0,0.0,0.0,0.0,2364.5,1319.5,416.5,565.5,572.5,1320.5,3065.0,3451.0,3568.0,3811.5,2464.5,1403.5,583.5,686.5,674.5,1235.0,2510.5,2786.5,2832.0,3087.5,3176.5,2268.5,839.0,979.5,1244.5,1629.0,1941.5,2183.5,2496.0,2595.0,3516.0,2745.0,633.0,771.0,1134.0,1374.5,1599.5,1841.5,2123.0,2265.5,0.0,0.0,0.0,0.0,0.0,0.0,0.0,0.0,0.0,0.0,2824.0,2531.5,521.0,724.5,1060.0,1220.0,1323.0,1461.5,1696.5,1706.5,0.0,0.0,0.0,0.0,0.0,0.0,0.0,0.0,0.0,0.0,2449.0,1933.0,407.5,609.0,932.5,1144.5,1223.5,1405.0,1615.0,1623.0,2140.0,1621.5,401.0,593.5,898.5,1064.0,1209.0,1291.5,1524.0,1573.0,0.0,0.0,0.0,0.0,0.0,0.0,0.0,0.0,0.0,0.0,2550.0,2156.0,569.0,727.0,1017.0,1247.0,1390.5,1490.0,1749.0,1799.5,0.0,0.0,0.0,0.0,0.0,0.0,0.0,0.0,0.0,0.0,1072.0,1127.0,9464.5,9302.5,9365.0,9564.0,9333.0,9108.0,9497.0,8807.0,1541.5,1196.5,971.0,1034.5,1020.5,1047.0,1035.0,1018.0,1467.5,1057.0,3575.0,3279.5,852.0,1144.0,1539.5,1803.5,1994.5,2094.5,2372.5,2404.0,0.0,0.0,0.0,0.0,0.0,0.0,0.0,0.0,0.0,0.0,2965.5,2459.5,652.0,905.5,1193.5,1440.0,1765.5,1923.5,2159.5,2168.5,4055.0,3707.0,1084.5,1407.0,1748.5,2175.0,2510.5,2709.0,2888.5,2971.5,"{""type"":""MultiPoint"",""coordinates"":[]}"
1692,61,2022.0,1421.0,724.0,927.0,1270.0,1468.0,1523.0,1668.0,1905.0,1895.0,3133.0,2797.0,975.0,1345.0,1630.0,1952.5,2163.5,2250.0,2394.0,2392.0,2259.5,1558.0,678.5,978.0,1280.5,1519.5,1594.0,1758.0,1881.0,1911.5,3601.5,3105.0,1241.5,1657.5,2089.0,2443.0,2539.5,2647.0,2847.5,2879.5,3927.0,3389.0,1245.0,1770.0,2219.0,2495.0,2751.0,2927.0,3148.0,3022.0,4495.0,4552.0,2475.0,2770.0,2989.0,3489.0,3978.0,4374.0,3605.0,4543.0,0.0,0.0,0.0,0.0,0.0,0.0,0.0,0.0,0.0,0.0,4146.5,3322.0,1153.0,1694.5,1919.5,2471.5,2988.0,3236.5,3227.0,3492.0,4166.0,3167.5,1103.0,1732.0,1651.5,2532.0,3989.5,4390.0,4411.0,4601.0,2627.0,1551.5,710.0,1290.5,950.0,1654.5,3197.0,3515.5,3626.0,3665.5,2889.5,1830.5,2055.0,2028.5,1569.5,2282.5,3628.5,4085.0,4240.5,4275.5,3112.0,2268.0,869.0,1079.0,1459.0,1673.0,1756.0,1881.0,2115.0,2202.0,3644.0,2798.0,940.5,1420.5,1505.0,2194.5,3102.5,3439.5,3463.5,3799.5,4523.0,3892.0,1361.0,1801.0,2450.0,2851.0,2962.0,3219.0,3333.0,3433.0,3883.0,3357.0,1070.0,1488.0,2016.0,2390.0,2524.0,2780.0,2758.0,3023.0,4315.5,4047.5,1204.5,1626.0,2035.0,2414.0,2593.0,2769.5,2729.0,2999.0,4082.0,3663.0,1072.0,1525.0,1890.0,2285.0,2610.0,2799.0,2892.0,2973.0,3859.5,3435.0,1010.0,1389.5,1730.5,2143.0,2493.0,2671.0,2646.5,2881.0,3435.0,2950.0,824.0,1195.0,1354.0,1896.0,2502.0,2740.0,2797.0,2939.0,2363.5,1598.5,560.5,828.5,826.0,1378.5,2117.0,2305.0,2291.0,2462.5,2513.0,1764.0,542.0,850.0,925.0,1411.0,2073.0,2275.0,2466.0,2462.0,3105.0,2460.0,770.0,1105.0,1278.0,1826.5,2420.5,2612.5,2714.5,2870.0,2594.0,2321.0,1473.0,1549.0,1765.0,1945.0,1941.0,2020.0,2190.0,2226.0,2248.0,1553.0,514.0,743.0,890.0,1305.0,1776.0,1926.0,2138.0,2192.0,2305.0,1606.0,578.0,773.0,1063.0,1404.0,1715.0,1855.0,2098.0,2084.0,2280.5,1624.0,479.0,737.0,997.5,1274.5,1526.5,1679.0,1902.0,1887.5,2439.5,1829.5,540.0,799.0,1056.0,1350.5,1579.5,1718.0,1903.0,1926.0,0.0,0.0,0.0,0.0,0.0,0.0,0.0,0.0,0.0,0.0,2196.0,1597.0,662.0,833.0,1005.5,1291.5,1592.5,1708.0,1857.5,1871.0,0.0,0.0,0.0,0.0,0.0,0.0,0.0,0.0,0.0,0.0,955.0,1058.0,10694.0,10362.0,10304.0,10399.0,10078.0,9740.0,10124.0,9356.0,772.5,651.5,1104.5,1266.5,1367.0,1383.0,1511.0,1513.5,1511.0,1510.5,2450.5,2360.0,1615.5,1672.0,1756.5,1945.0,2008.5,2136.5,2204.5,2275.0,1636.0,1324.0,662.0,811.0,964.0,1103.0,1183.0,1218.0,1394.0,1369.0,1877.0,1464.0,563.0,801.0,1012.0,1198.0,1283.0,1385.0,1511.0,1495.0,3106.5,2752.0,1402.5,1839.0,2213.5,2517.0,2558.0,2614.5,2906.5,2603.0,"{""type"":""MultiPoint"",""coordinates"":[]}"
1700,2,1950.5,1337.0,627.0,790.0,1074.0,1234.5,1308.0,1444.0,1658.0,1652.0,3863.5,3617.5,1178.0,1500.0,1915.0,2131.0,2266.0,2433.5,2610.0,2650.5,1703.5,1125.5,659.0,834.5,1063.0,1248.0,1304.5,1425.0,1542.0,1575.5,1980.0,1380.5,929.5,1149.5,1476.5,1711.0,1749.5,1935.5,2076.5,2058.5,0.0,0.0,0.0,0.0,0.0,0.0,0.0,0.0,0.0,0.0,0.0,0.0,0.0,0.0,0.0,0.0,0.0,0.0,0.0,0.0,0.0,0.0,0.0,0.0,0.0,0.0,0.0,0.0,0.0,0.0,4359.5,3955.0,1202.0,1616.0,1835.0,2394.0,2709.5,2922.5,3067.5,3173.0,4436.5,3826.0,1353.5,1769.0,2142.0,2574.0,2857.5,3060.5,3050.5,3348.0,4733.5,3726.0,1435.5,1775.5,1998.5,2613.0,3238.5,3607.5,3563.5,3967.5,2873.5,1710.0,701.0,1036.5,955.5,1674.5,2589.0,2997.0,2986.5,3208.5,2064.0,1617.5,577.5,709.0,943.5,1079.5,1167.0,1275.0,1413.5,1405.5,3039.0,2181.0,869.5,1158.5,1123.0,1717.5,2781.5,3197.0,3192.5,3355.0,3140.5,2336.0,792.0,1016.5,1019.0,1504.0,3084.0,3653.0,3588.5,3789.5,0.0,0.0,0.0,0.0,0.0,0.0,0.0,0.0,0.0,0.0,3106.0,2132.0,739.5,1023.5,996.5,1598.0,3409.5,3963.5,3825.5,4239.5,3040.0,2134.0,674.0,958.0,986.5,1565.0,3243.0,3756.5,3874.5,4007.0,0.0,0.0,0.0,0.0,0.0,0.0,0.0,0.0,0.0,0.0,3040.5,2199.0,679.5,923.0,1042.5,1613.0,2861.0,3240.0,3415.0,3552.0,3346.0,2548.5,877.0,1064.5,1246.5,1736.0,2356.5,2610.0,2664.0,2977.0,3109.5,2431.5,841.5,1039.5,1294.5,1576.0,1955.0,2170.0,2419.5,2457.5,3518.5,3042.5,859.5,1110.0,1427.5,1755.0,2069.5,2232.0,2481.5,2581.0,0.0,0.0,0.0,0.0,0.0,0.0,0.0,0.0,0.0,0.0,3761.0,3134.0,903.0,1200.5,1548.0,1866.5,2084.0,2251.0,2503.0,2578.5,0.0,0.0,0.0,0.0,0.0,0.0,0.0,0.0,0.0,0.0,1472.5,959.0,415.0,606.5,873.5,1036.0,1105.0,1197.0,1351.0,1377.5,1780.0,1265.5,443.0,659.5,900.0,1082.5,1174.0,1270.0,1423.5,1459.0,0.0,0.0,0.0,0.0,0.0,0.0,0.0,0.0,0.0,0.0,1853.5,1291.0,560.0,754.0,990.0,1205.0,1265.0,1420.5,1593.0,1616.0,0.0,0.0,0.0,0.0,0.0,0.0,0.0,0.0,0.0,0.0,1074.0,1149.0,11093.0,10619.0,10508.0,10605.5,10277.0,9904.0,10286.5,9502.5,1355.0,989.5,709.5,707.5,815.0,936.0,977.5,1158.5,1001.5,1285.5,2433.0,1758.5,649.5,855.0,1124.0,1344.5,1453.5,1576.0,1761.0,1799.5,3033.0,2361.0,778.5,1028.0,1313.0,1564.0,1698.0,1843.0,2038.0,2091.0,2036.5,1387.0,610.0,820.5,1089.5,1311.0,1388.0,1517.0,1702.0,1693.5,3927.5,3401.0,1255.5,1583.0,2017.0,2282.5,2376.0,2581.0,2757.0,2821.5,"{""type"":""MultiPoint"",""coordinates"":[]}"
1702,5,1413.0,867.0,624.0,784.0,1095.0,1270.0,1379.0,1489.0,1722.0,1653.0,4837.0,4193.0,1761.0,2260.0,2791.0,3110.0,3248.0,3427.0,3577.0,3667.0,2007.0,1317.0,805.0,1031.5,1337.5,1542.5,1635.5,1752.5,1882.5,1911.5,1319.5,873.0,608.0,731.5,880.5,1022.0,1067.0,1137.5,1193.5,1230.5,2659.0,1891.0,1008.0,1353.0,1714.0,1940.0,2087.0,2205.0,2403.0,2397.0,0.0,0.0,0.0,0.0,0.0,0.0,0.0,0.0,0.0,0.0,1638.0,1031.0,1082.0,1261.0,1499.0,1777.0,1692.0,1783.0,1739.0,1922.0,0.0,0.0,0.0,0.0,0.0,0.0,0.0,0.0,0.0,0.0,4293.5,3518.0,1470.0,1924.5,2261.5,2666.5,2952.5,3115.5,3220.0,3385.5,3545.0,2765.5,1063.5,1405.0,1619.0,2009.5,2491.5,2731.5,2854.5,2913.0,3420.0,2417.5,2617.5,2700.0,2604.0,3019.0,3665.5,4199.0,4015.5,4298.0,1799.5,1261.5,634.0,813.0,1127.0,1286.5,1383.5,1504.0,1715.0,1681.0,2472.0,1492.0,664.0,845.0,786.0,1358.0,2661.0,3290.0,2903.0,3545.0,2540.5,1514.0,631.0,814.5,677.0,1149.5,2668.5,3320.0,3456.0,3504.0,2614.0,1283.0,1408.0,1397.0,1057.0,1431.0,3692.0,4674.0,4876.0,4909.0,2152.0,984.0,436.0,555.0,377.0,896.0,2654.0,3481.0,3628.0,3952.0,1662.0,741.0,293.0,517.0,312.0,818.0,2536.0,3231.0,3524.0,3485.0,1848.0,934.0,385.0,594.0,418.0,865.0,2500.0,3031.0,3296.0,3344.0,1843.5,874.5,408.0,709.0,456.0,1216.0,2619.0,3147.0,3412.0,3323.5,2296.0,1684.5,1219.0,1366.0,1337.0,1834.5,2141.0,2269.5,2359.0,2470.5,2361.0,1528.0,399.0,594.0,818.0,1029.0,1224.0,1411.0,1684.0,1746.0,2872.0,1990.0,539.0,755.0,1050.0,1285.0,1427.0,1622.0,1825.0,1966.0,1676.0,1181.5,647.5,818.5,1051.5,1171.0,1269.0,1321.5,1506.5,1474.0,3523.0,2657.0,796.0,1034.0,1389.0,1588.0,1769.0,1943.0,2156.0,2228.0,1932.5,1269.5,606.5,733.5,972.5,1166.5,1263.0,1409.0,1596.5,1647.0,1732.0,1065.5,431.0,623.5,864.0,1019.0,1149.5,1315.0,1505.0,1524.5,2018.5,1401.0,534.5,767.0,999.5,1158.5,1292.5,1395.5,1556.0,1588.5,2402.5,1985.0,1805.5,1814.0,1867.5,2152.0,2239.5,2308.5,2175.0,2387.0,1607.0,975.0,668.0,843.0,1066.0,1265.0,1328.0,1456.0,1590.0,1586.0,0.0,0.0,0.0,0.0,0.0,0.0,0.0,0.0,0.0,0.0,1089.0,1179.0,11066.0,10602.0,10502.0,10585.0,10235.0,9896.0,10310.0,9505.0,946.5,606.5,1237.5,1514.0,1758.0,2071.5,2190.0,2216.5,2176.5,2271.5,2416.0,1615.0,792.0,1124.0,1509.0,1737.0,1838.0,1971.0,2195.0,2215.0,1766.0,1149.0,886.0,1179.0,1521.0,1752.0,1857.0,2005.0,2135.0,2155.0,1912.0,1238.0,854.0,1180.0,1504.0,1761.0,1836.0,1960.0,2130.0,2128.0,3712.5,3006.5,1401.0,1780.5,2193.5,2437.5,2559.5,2759.0,2945.5,2921.5,"{""type"":""MultiPoint"",""coordinates"":[]}"
1709,1,2570.5,1927.0,488.5,697.5,957.0,1217.0,1441.0,1591.0,1818.0,1842.5,3194.0,2695.5,762.5,1049.5,1375.0,1709.0,1851.0,1995.5,2078.0,2179.5,2495.0,1953.5,586.0,795.0,1112.0,1398.5,1511.5,1682.5,1813.5,1844.5,2565.0,1985.0,546.0,795.0,1076.0,1390.0,1595.0,1772.0,1942.0,1936.0,2704.0,2047.0,598.0,883.0,1094.0,1458.0,1840.0,1982.0,2130.0,2183.0,0.0,0.0,0.0,0.0,0.0,0.0,0.0,0.0,0.0,0.0,2121.0,1575.0,1222.0,1293.0,1194.0,1695.0,2912.0,3381.0,3185.0,3468.0,2074.0,867.0,496.0,656.0,375.0,781.0,3839.0,6279.0,6195.0,6673.0,2857.0,1671.0,1626.0,1735.0,1686.0,2097.0,3384.0,5446.0,5398.0,5673.0,1856.0,734.0,233.0,406.0,225.0,548.0,3266.0,5400.0,5442.0,5638.0,1980.0,810.0,595.0,681.0,454.0,811.0,3285.0,5206.0,5245.0,5556.0,3061.0,2507.0,588.0,826.0,1110.0,1377.0,1634.0,1832.0,2029.0,2047.0,1855.0,773.0,341.0,551.0,348.0,701.0,2934.0,4677.0,4860.0,4912.0,2049.0,995.0,556.0,752.0,551.0,1062.0,3253.5,4645.5,4632.5,4908.5,2003.0,912.5,425.0,666.0,489.0,1010.5,2781.0,3571.5,3705.5,3917.0,2370.5,1466.5,425.5,665.5,677.5,1109.5,1977.0,2386.0,2443.5,2727.5,4745.0,3382.0,816.0,1124.0,1751.0,2370.0,2753.0,3020.0,3292.0,3762.0,4454.0,3133.0,753.0,1169.0,1884.0,2308.0,2460.0,2775.0,2903.0,3152.0,4142.0,3143.0,755.5,1020.0,1518.5,1819.5,2035.0,2264.0,2462.0,2613.0,3948.0,2839.0,734.0,990.5,1343.5,1711.0,2049.0,2302.0,2386.5,2630.0,3742.5,2704.0,618.0,885.0,1134.0,1562.5,2034.0,2294.5,2553.0,2653.0,3427.5,2278.0,558.0,846.5,1012.5,1426.0,2121.5,2361.5,2620.5,2740.0,0.0,0.0,0.0,0.0,0.0,0.0,0.0,0.0,0.0,0.0,2704.0,1749.0,484.0,722.0,853.0,1341.0,1892.0,2141.0,2462.0,2593.0,2662.0,1701.0,658.0,910.0,1369.0,1715.0,1967.0,2281.0,2627.0,2689.0,3471.5,2360.0,668.5,977.5,1521.0,1791.0,2032.0,2233.5,2608.5,2605.5,3422.5,2393.0,661.0,933.5,1420.0,1686.0,1863.5,2067.5,2313.5,2409.5,0.0,0.0,0.0,0.0,0.0,0.0,0.0,0.0,0.0,0.0,2743.0,2110.5,796.0,927.5,1193.0,1401.0,1584.5,1733.5,1937.0,1970.5,0.0,0.0,0.0,0.0,0.0,0.0,0.0,0.0,0.0,0.0,1197.0,1283.0,10682.0,10374.0,10316.0,10397.0,10079.0,9659.0,10064.0,9331.0,1493.0,1083.5,2081.0,2233.0,2430.5,2532.0,2605.0,2829.0,2995.0,2831.5,2910.0,2263.0,523.5,761.0,1023.0,1356.0,1727.0,1920.5,2164.0,2161.0,2762.5,2195.5,696.5,903.0,1312.0,1507.0,1636.0,1796.5,1996.0,2012.0,2557.0,1987.0,530.0,798.0,1157.0,1405.0,1514.0,1643.0,1800.0,1856.0,2830.0,2360.0,704.0,991.0,1340.0,1621.0,1678.0,1843.0,1987.0,2012.0,"{""type"":""MultiPoint"",""coordinates"":[]}"
1713,1,2554.0,1674.0,697.0,984.0,1056.0,1529.0,2157.0,2342.0,2562.0,2495.0,4356.0,4099.0,1326.0,1752.0,2266.0,2525.0,2642.0,2794.0,2997.0,3010.0,4225.0,3415.0,2857.0,2947.0,3110.0,3463.0,3576.0,3690.0,3882.0,3766.0,2808.0,2023.0,743.0,1069.0,1209.0,1622.0,1847.0,1988.0,2160.0,2160.0,0.0,0.0,0.0,0.0,0.0,0.0,0.0,0.0,0.0,0.0,5178.0,4279.0,1483.0,2068.0,2266.0,2896.0,4088.0,4582.0,4734.0,4825.0,2362.0,1219.0,421.0,703.0,436.0,950.0,3144.0,4037.0,4012.0,4109.0,2028.0,840.0,240.0,468.0,185.0,593.0,3675.0,5380.0,5392.0,5436.0,3557.5,2367.0,1868.5,1998.5,1828.5,2208.5,4442.5,6055.5,5965.5,6270.0,1874.5,758.0,313.5,484.5,261.5,583.0,3293.0,5171.5,5167.5,5454.5,2202.0,912.0,767.0,850.0,619.0,980.0,3432.0,5305.0,5374.0,5567.0,3222.0,2331.0,844.0,1153.0,1262.0,1757.0,2349.0,2550.0,2835.0,2765.0,2280.0,1013.0,719.5,910.5,687.5,1088.0,3614.0,5208.0,5181.0,5482.5,2109.5,970.5,361.5,663.5,426.0,978.0,3209.0,4281.5,4290.0,4675.0,2429.0,1361.0,533.0,833.0,720.0,1282.0,2558.0,3122.0,3171.0,3534.0,2259.0,1625.5,909.0,1035.5,1034.0,1301.0,1614.5,1782.0,2000.5,1996.5,3097.0,2410.0,425.0,584.5,818.0,1070.0,1266.0,1441.0,1600.0,1731.0,0.0,0.0,0.0,0.0,0.0,0.0,0.0,0.0,0.0,0.0,4335.0,3237.5,851.0,1169.5,1747.0,2075.5,2268.0,2504.0,2709.5,2873.5,3863.0,2727.0,774.0,1067.0,1462.0,1845.0,2038.0,2258.0,2324.0,2592.0,3718.5,2563.0,697.5,1014.5,1347.0,1723.5,2126.0,2372.5,2546.0,2651.5,3557.0,2359.0,692.0,994.0,1202.0,1649.0,2229.0,2485.0,2670.0,2782.0,0.0,0.0,0.0,0.0,0.0,0.0,0.0,0.0,0.0,0.0,2984.0,1870.0,559.0,833.0,1043.0,1549.0,2049.0,2227.0,2548.0,2627.0,0.0,0.0,0.0,0.0,0.0,0.0,0.0,0.0,0.0,0.0,2132.0,1472.0,519.0,802.0,1219.0,1440.0,1516.0,1666.0,1870.0,1856.0,2739.0,2036.5,792.5,1064.0,1434.0,1690.0,1790.0,1948.0,2069.5,2144.0,0.0,0.0,0.0,0.0,0.0,0.0,0.0,0.0,0.0,0.0,2474.0,1807.0,703.0,964.0,1299.0,1575.0,1707.0,1799.0,2013.0,2053.0,0.0,0.0,0.0,0.0,0.0,0.0,0.0,0.0,0.0,0.0,525.0,579.0,10770.0,10424.0,10342.0,10420.0,10021.0,9572.0,10036.0,9171.0,0.0,0.0,0.0,0.0,0.0,0.0,0.0,0.0,0.0,0.0,3046.0,2142.0,713.0,1076.0,1154.0,1742.0,2483.0,2684.0,2968.0,2935.0,3416.0,2440.5,907.0,1324.0,1503.5,2119.5,2566.5,2775.5,3036.0,3078.0,1558.0,985.0,661.0,881.0,1089.5,1401.5,1525.0,1664.0,1787.5,1820.5,4486.0,3653.0,3702.0,3535.0,3573.0,3978.0,4087.0,4177.0,4505.0,4364.0,"{""type"":""MultiPoint"",""coordinates"":[]}"
1735,3,1941.0,1141.0,549.0,756.0,1061.0,1254.0,1372.0,1467.0,1699.0,1670.0,2934.0,2246.0,775.0,1060.0,1408.0,1587.0,1706.0,1824.0,1962.0,1977.0,1679.5,949.0,646.5,861.5,1088.5,1288.5,1352.5,1497.0,1587.5,1609.0,1888.0,1118.0,666.0,901.0,1182.0,1323.0,1418.0,1568.0,1706.0,1675.0,0.0,0.0,0.0,0.0,0.0,0.0,0.0,0.0,0.0,0.0,3859.0,3214.0,1789.5,2061.0,2325.5,2670.0,2981.0,3189.5,3166.0,3322.0,0.0,0.0,0.0,0.0,0.0,0.0,0.0,0.0,0.0,0.0,1321.0,722.0,538.0,858.0,602.0,1326.0,2422.0,2843.0,2863.0,2746.0,1682.0,769.0,279.0,471.0,217.0,754.0,2944.0,4120.0,4086.0,4253.0,1458.0,710.0,290.0,457.0,207.0,674.0,2886.0,4166.0,4309.0,4308.0,0.0,0.0,0.0,0.0,0.0,0.0,0.0,0.0,0.0,0.0,2562.0,1954.0,626.0,813.0,1104.0,1264.0,1385.0,1470.0,1679.0,1655.0,3207.0,2315.0,2115.0,2251.5,2105.5,2624.5,4123.5,5120.5,4981.0,5403.0,1338.0,612.0,489.0,663.0,383.0,968.0,2792.0,4014.0,4103.0,4108.0,1496.0,706.0,444.0,771.0,440.0,1244.0,3101.0,4202.0,4197.0,4450.0,1798.5,1128.5,823.0,1027.0,874.5,1515.5,2787.0,3318.5,3226.0,3551.5,2016.0,1169.0,579.0,923.5,1074.0,1721.5,2436.5,2882.0,3130.5,3230.0,0.0,0.0,0.0,0.0,0.0,0.0,0.0,0.0,0.0,0.0,2211.0,1503.5,661.5,870.5,1184.0,1413.0,1468.0,1638.5,1709.5,1780.0,2985.0,1928.0,927.0,1246.0,1602.0,2022.0,2220.0,2460.0,2527.0,2701.0,3621.0,2443.0,974.0,1303.5,1648.5,2084.0,2453.0,2667.0,2907.5,2945.5,3645.0,2465.0,990.0,1318.0,1627.0,2111.0,2496.0,2763.0,2970.0,3002.0,0.0,0.0,0.0,0.0,0.0,0.0,0.0,0.0,0.0,0.0,3345.0,2186.0,1010.0,1294.0,1693.0,2086.0,2348.0,2522.0,2851.0,2866.0,0.0,0.0,0.0,0.0,0.0,0.0,0.0,0.0,0.0,0.0,1821.0,1074.0,699.0,992.0,1535.0,1872.0,1935.0,2156.0,2391.0,2412.0,2855.0,1915.5,1048.5,1353.5,1894.5,2158.5,2270.0,2474.0,2665.5,2751.5,0.0,0.0,0.0,0.0,0.0,0.0,0.0,0.0,0.0,0.0,1908.0,1234.0,745.0,984.0,1392.0,1628.0,1703.0,1885.0,2135.0,2084.0,0.0,0.0,0.0,0.0,0.0,0.0,0.0,0.0,0.0,0.0,1141.0,1227.0,10796.0,10382.0,10288.0,10310.0,10107.0,9667.0,10128.0,9448.0,0.0,0.0,0.0,0.0,0.0,0.0,0.0,0.0,0.0,0.0,2668.0,1903.0,616.0,916.0,1208.0,1426.0,1548.0,1672.0,1886.0,1862.0,2518.0,1773.0,674.0,885.0,1160.0,1332.0,1421.0,1563.0,1725.0,1698.0,2013.0,1224.0,467.0,688.0,960.0,1129.0,1230.0,1342.0,1528.0,1520.0,2485.0,1529.0,746.0,970.0,1267.0,1486.0,1586.0,1771.0,1765.0,1999.0,"{""type"":""MultiPoint"",""coordinates"":[]}"
1740,3,3200.0,2890.5,2069.0,2155.5,2373.5,2545.0,2570.5,2700.5,2963.0,2814.0,3964.0,3608.0,1257.0,1583.0,1890.0,2241.0,2320.0,2507.0,2680.0,2724.0,2429.5,1734.5,804.0,1028.5,1203.5,1471.0,1600.0,1719.0,1855.0,1887.5,2517.0,1881.0,906.0,1123.0,1313.0,1575.0,1697.0,1859.0,1996.0,2023.0,5381.0,5185.0,2056.0,2575.0,3051.0,3441.0,3606.0,3794.0,4060.0,4035.0,516.0,337.0,536.0,910.0,838.0,1476.0,1790.0,1904.0,1937.0,1827.0,0.0,0.0,0.0,0.0,0.0,0.0,0.0,0.0,0.0,0.0,1635.5,816.0,424.5,630.0,359.0,827.5,2727.0,3682.5,3614.0,3709.5,1680.0,831.5,168.0,412.5,149.0,688.0,3198.5,4744.0,4819.0,4891.5,1527.5,721.0,352.5,495.5,227.5,692.5,2978.5,4688.5,4772.0,4777.0,2180.0,1398.5,936.0,1090.5,950.0,1448.0,3182.5,4562.0,4354.5,4745.5,2939.0,2315.0,941.5,1204.0,1489.5,1707.0,1827.5,1957.0,2227.5,2140.0,1101.0,543.0,365.0,526.0,286.0,631.0,2301.0,3541.0,3498.0,3764.0,1327.0,639.0,531.0,791.0,456.0,1209.0,3086.0,4150.0,4250.0,4359.0,1329.0,633.0,325.0,700.0,413.0,1271.0,3068.0,3754.0,3709.0,3988.0,1748.0,949.0,542.0,988.0,788.5,1782.5,2971.0,3393.0,3369.0,3663.5,2138.0,1235.0,675.0,1139.0,1099.0,2099.0,2491.0,2799.0,3019.0,3204.0,3594.0,2362.5,914.5,1255.0,1737.0,2210.5,2389.5,2731.0,2786.0,3097.0,3485.0,2314.0,791.0,1064.0,1473.0,1751.0,2077.0,2331.0,2473.0,2664.0,3111.0,2095.0,734.0,950.0,1268.0,1539.0,1885.0,2118.0,2208.0,2282.0,3016.0,2036.5,690.0,935.5,1206.5,1531.5,1952.5,2198.5,2233.5,2505.5,3950.0,2748.0,985.0,1369.0,1877.0,2329.0,2655.0,2899.0,3100.0,3238.0,3127.5,2763.0,1152.0,1439.0,1772.0,2002.5,2094.5,2214.0,2422.5,2409.0,2723.0,2565.0,690.0,861.0,1177.0,1379.0,1431.0,1581.0,1741.0,1815.0,1830.0,1400.0,533.0,694.0,994.0,1174.0,1234.0,1399.0,1480.0,1536.0,1853.5,1401.5,506.5,723.0,1036.0,1186.0,1292.5,1395.0,1593.5,1610.5,2535.0,2034.0,613.0,876.0,1219.0,1422.0,1557.0,1628.0,1731.0,1879.0,3922.0,3181.0,3343.0,3210.0,3381.0,3631.0,3626.0,3542.0,3564.0,3597.0,1541.5,1105.0,586.0,782.0,1056.5,1244.5,1346.5,1454.0,1649.5,1614.5,0.0,0.0,0.0,0.0,0.0,0.0,0.0,0.0,0.0,0.0,928.0,1013.0,10346.0,10094.0,10058.0,10124.0,9770.0,9433.0,9798.0,9072.0,1288.0,933.0,1348.0,1561.5,1815.0,1918.5,1986.5,2091.5,2264.0,2181.5,2838.0,2384.0,945.0,1198.0,1443.0,1663.0,1784.0,1880.0,2115.0,2076.0,2541.0,1984.0,978.0,1197.0,1445.0,1647.0,1768.0,1889.0,2091.0,2025.0,2884.0,2268.0,1010.0,1329.0,1601.0,1824.0,1961.0,2069.0,2245.0,2255.0,4776.5,4601.5,1935.5,2356.5,2798.0,3055.5,3048.5,3226.5,3647.0,3347.0,"{""type"":""MultiPoint"",""coordinates"":[]}"
1788,26,2032.0,991.0,440.0,854.0,595.0,1617.0,3480.0,4004.0,4425.0,4125.0,1358.0,681.0,313.0,496.0,364.0,772.0,2515.0,3486.0,3715.0,3808.0,1217.0,613.0,399.0,543.0,355.0,824.0,2518.0,3469.0,3654.0,3742.0,2619.0,1974.0,1747.5,1797.0,1673.5,2147.5,3120.0,3564.5,3764.5,3760.5,0.0,0.0,0.0,0.0,0.0,0.0,0.0,0.0,0.0,0.0,1419.0,1383.0,325.0,394.0,534.0,867.0,1370.0,1705.0,1118.0,2024.0,0.0,0.0,0.0,0.0,0.0,0.0,0.0,0.0,0.0,0.0,3318.0,2445.0,768.0,973.0,1398.0,1612.0,1748.0,1814.0,1983.0,2141.0,0.0,0.0,0.0,0.0,0.0,0.0,0.0,0.0,0.0,0.0,4834.5,3480.0,1007.0,1239.5,1625.0,2069.5,2435.0,2782.5,2932.0,3270.5,4051.0,2815.0,876.0,1073.0,1264.0,1681.0,2215.0,2536.0,2680.0,2920.0,2383.0,1261.0,485.0,773.0,689.0,1653.0,3460.0,3851.0,4278.0,4109.0,3967.0,2526.5,698.0,909.0,983.5,1547.0,2730.0,3043.0,3110.0,3563.5,2410.0,1377.0,839.5,911.0,764.5,1161.0,2582.5,3077.5,3116.0,3244.0,3159.0,1736.0,471.0,679.0,468.0,1072.0,3794.0,4917.0,4812.0,5178.0,2832.0,1788.5,924.5,1031.5,1104.0,1618.0,3726.5,4773.0,4549.5,4968.5,2489.0,1195.0,326.0,511.0,345.0,886.5,3510.0,4456.5,4631.0,4775.5,0.0,0.0,0.0,0.0,0.0,0.0,0.0,0.0,0.0,0.0,2289.0,1159.5,317.5,609.5,360.0,1104.0,3208.0,3841.0,4101.5,4129.5,2605.5,1562.0,438.5,725.0,693.0,1388.5,2040.5,2260.5,2439.5,2739.0,3112.5,2212.5,462.5,614.5,892.0,1114.0,1300.0,1443.0,1683.5,1770.5,3875.0,3201.0,738.0,915.0,1318.0,1551.0,1658.0,1933.0,2114.0,2217.0,0.0,0.0,0.0,0.0,0.0,0.0,0.0,0.0,0.0,0.0,3607.0,2721.0,773.0,997.0,1384.0,1621.0,1789.0,1922.0,2240.0,2355.0,0.0,0.0,0.0,0.0,0.0,0.0,0.0,0.0,0.0,0.0,2571.0,1680.0,522.0,746.0,1118.0,1396.0,1634.0,1827.0,2115.0,2141.0,2896.0,2158.0,991.0,1085.0,1294.5,1566.5,1761.5,1979.0,2083.0,2186.0,0.0,0.0,0.0,0.0,0.0,0.0,0.0,0.0,0.0,0.0,3303.0,2470.0,779.0,1011.0,1226.0,1561.0,1936.0,2137.0,2516.0,2433.0,0.0,0.0,0.0,0.0,0.0,0.0,0.0,0.0,0.0,0.0,763.0,843.0,10089.0,10011.0,10145.0,10340.0,10024.0,9650.0,10001.0,9263.0,0.0,0.0,0.0,0.0,0.0,0.0,0.0,0.0,0.0,0.0,2431.0,1403.0,542.0,813.0,733.0,1466.0,2778.0,3129.0,3395.0,3393.0,1846.0,909.5,337.0,562.5,388.0,900.0,2770.5,3510.5,3745.5,3820.0,1300.0,582.0,236.0,385.0,209.0,680.0,2726.0,3732.0,3983.0,3897.0,0.0,0.0,0.0,0.0,0.0,0.0,0.0,0.0,0.0,0.0,"{""type"":""MultiPoint"",""coordinates"":[]}"
1795,5,2379.5,2033.5,1603.0,1721.0,1824.0,2148.0,2422.0,2541.5,2808.0,2690.5,2245.5,1411.0,867.5,1258.5,1150.5,1902.0,2766.0,3029.0,3121.0,3156.5,0.0,0.0,0.0,0.0,0.0,0.0,0.0,0.0,0.0,0.0,3223.0,2859.5,1040.5,1315.5,1654.0,1912.5,2093.0,2220.0,2378.0,2471.0,2491.5,1812.0,795.0,1041.5,1392.5,1601.0,1748.5,1884.5,2032.5,2091.5,0.0,0.0,0.0,0.0,0.0,0.0,0.0,0.0,0.0,0.0,0.0,0.0,0.0,0.0,0.0,0.0,0.0,0.0,0.0,0.0,2320.0,1709.5,1635.0,1626.5,1451.0,1834.5,2375.0,2669.5,2489.5,2789.5,5105.5,4374.0,1561.5,2106.0,2298.5,2950.0,4047.0,4416.5,4553.0,4717.5,4888.0,4161.5,1529.5,1989.5,2152.5,2834.0,3971.5,4494.5,4508.5,4780.5,0.0,0.0,0.0,0.0,0.0,0.0,0.0,0.0,0.0,0.0,2369.0,1659.0,540.5,802.0,943.5,1429.5,1940.5,2126.0,2357.0,2364.5,2931.0,2014.5,764.0,1087.0,933.5,1538.0,3314.0,3972.0,3840.0,4243.0,2679.5,1728.0,990.5,1272.0,1037.5,1592.0,3382.0,4089.5,4254.0,4449.0,3298.0,2162.5,753.5,1113.0,1028.0,1687.0,3628.0,4262.0,4285.0,4683.5,2307.5,1194.5,468.0,816.0,475.0,1264.0,3701.5,4414.0,4330.0,4709.0,2311.0,1269.0,339.5,710.5,423.0,1228.5,3422.0,3974.0,3972.0,4259.0,2599.0,1553.0,444.5,894.5,768.0,1657.0,3140.5,3509.0,3696.5,3885.0,2630.5,1770.5,652.5,911.5,922.0,1490.5,2161.0,2330.0,2437.5,2619.0,0.0,0.0,0.0,0.0,0.0,0.0,0.0,0.0,0.0,0.0,417.5,271.0,101.0,164.5,127.0,236.0,406.0,451.5,418.0,460.0,2620.0,1777.5,548.5,808.0,988.0,1455.0,2016.0,2246.0,2424.0,2530.0,4284.0,3710.5,1908.5,2138.5,2401.0,2830.5,3293.0,3546.0,3819.5,3763.0,2601.5,1809.5,626.5,869.0,1129.0,1511.5,1890.0,2058.5,2267.5,2312.5,2882.5,2037.5,724.0,996.5,1277.5,1657.0,1951.5,2146.0,2333.5,2401.0,3203.5,2264.0,745.0,1005.5,1305.0,1656.0,2053.0,2294.5,2521.5,2572.0,3087.5,2123.5,651.5,938.5,1182.5,1603.5,2029.5,2244.5,2426.0,2525.5,0.0,0.0,0.0,0.0,0.0,0.0,0.0,0.0,0.0,0.0,0.0,0.0,0.0,0.0,0.0,0.0,0.0,0.0,0.0,0.0,0.0,0.0,0.0,0.0,0.0,0.0,0.0,0.0,0.0,0.0,0.0,0.0,0.0,0.0,0.0,0.0,0.0,0.0,0.0,0.0,155.0,131.5,8302.0,8354.5,8470.0,8628.5,8247.5,7723.0,8043.0,7209.5,2445.0,2121.0,792.0,997.0,1225.5,1652.0,1993.0,2235.5,2112.0,2534.0,0.0,0.0,0.0,0.0,0.0,0.0,0.0,0.0,0.0,0.0,1517.5,894.5,413.5,725.0,679.5,1299.0,2110.0,2325.0,2515.5,2477.5,1510.5,899.5,425.5,747.5,679.0,1345.0,2186.5,2418.0,2578.5,2561.5,"{""type"":""MultiPoint"",""coordinates"":[]}"
1808,3,357.0,205.0,448.0,546.0,704.0,867.0,920.0,978.0,1099.0,1068.0,3417.0,3238.0,1120.0,1319.0,1667.0,1897.0,1955.0,2078.0,2157.0,2271.0,962.0,592.5,525.5,618.0,816.0,941.5,956.0,1061.0,1130.0,1179.0,1900.5,1418.0,1309.0,1210.0,1291.0,1509.0,1626.5,1755.0,1926.0,1863.0,3769.0,3559.0,1223.0,1497.0,1858.0,2085.0,2175.0,2352.0,2492.0,2544.0,4772.0,4386.0,1757.0,1959.0,2412.0,2807.0,2920.0,3288.0,2879.0,3514.0,0.0,0.0,0.0,0.0,0.0,0.0,0.0,0.0,0.0,0.0,3924.0,3556.0,1269.0,1592.0,1755.0,2218.0,2577.0,2704.0,2753.0,2961.0,1207.0,713.0,425.0,728.0,431.0,883.0,2098.0,2640.0,2167.0,2569.0,2042.0,987.0,338.5,583.5,250.5,846.5,3246.5,4473.0,4294.5,4506.5,2807.0,2118.0,1642.0,1699.0,1474.0,2009.0,3714.0,4693.0,4474.0,4948.0,1920.0,1548.5,840.5,1026.5,1288.5,1429.5,1518.5,1595.5,1771.0,1777.5,1663.0,723.0,305.0,488.0,174.0,728.0,3126.0,4825.0,4742.0,5177.0,1685.0,763.0,304.0,461.0,192.0,652.0,2976.0,5127.0,5223.0,5417.0,1611.0,746.0,465.0,765.0,378.0,1126.0,3493.0,5218.0,5018.0,5438.0,1842.0,914.0,412.0,788.0,408.0,1281.0,3575.0,4884.0,4723.0,5149.0,1909.0,991.0,399.0,899.0,503.0,1509.0,3665.0,4457.0,4700.0,4865.0,1157.0,604.5,435.5,765.5,504.5,1247.0,2393.5,2810.0,2797.0,2990.5,2190.5,1284.0,624.5,1225.0,1037.5,2143.5,3135.5,3408.5,3576.0,3765.5,1946.0,1391.0,703.0,871.5,1127.5,1384.0,1533.0,1685.5,1655.5,1909.0,2942.0,2004.0,740.0,1081.0,1524.0,1837.0,2085.0,2292.0,2532.0,2597.0,3171.0,2453.0,777.0,1060.0,1566.0,1824.0,1921.0,2123.0,2277.0,2409.0,849.0,608.0,888.0,963.0,1131.0,1270.0,1334.0,1404.0,1634.0,1547.0,2889.0,2222.0,847.0,1096.0,1549.0,1762.0,1872.0,1992.0,2277.0,2286.0,1125.0,679.0,589.0,734.0,1144.0,1352.0,1380.0,1522.0,1680.0,1746.0,1216.5,748.5,454.5,666.0,1021.5,1192.5,1271.0,1392.5,1547.5,1565.5,1471.5,916.5,543.5,767.5,1092.0,1258.5,1335.0,1443.5,1621.0,1660.0,0.0,0.0,0.0,0.0,0.0,0.0,0.0,0.0,0.0,0.0,479.0,313.0,373.0,454.0,634.0,778.0,774.0,861.0,939.0,941.0,0.0,0.0,0.0,0.0,0.0,0.0,0.0,0.0,0.0,0.0,1032.0,1101.0,10728.0,10314.0,10266.0,10378.0,10011.0,9683.0,10078.0,9293.0,384.5,250.0,1150.5,1230.5,1478.0,1645.0,1805.5,1731.0,1837.5,1876.0,736.0,453.0,848.0,1015.0,1107.0,1276.0,1204.0,1241.0,1305.0,1222.0,1402.5,1023.5,711.0,870.0,1002.5,1183.5,1235.5,1329.0,1436.5,1417.0,1713.0,1240.0,705.0,875.0,1068.0,1260.0,1315.0,1369.0,1496.0,1506.0,3818.0,3570.0,1397.0,1646.0,1986.0,2217.0,2282.0,2395.0,2543.0,2603.0,"{""type"":""MultiPoint"",""coordinates"":[]}"
1813,1,2176.0,1332.5,541.5,900.5,886.0,1559.5,2504.0,2725.5,2980.5,2942.5,4153.5,3800.0,1543.5,1807.5,2178.5,2441.5,2639.0,2808.5,2940.5,3049.5,2522.5,1859.0,668.5,813.5,1044.5,1202.5,1279.5,1413.5,1582.0,1618.0,3957.5,3626.0,1444.5,1830.5,2127.5,2058.5,2054.5,2171.0,3100.0,2428.0,3794.5,3492.5,1094.0,1425.5,1797.0,2046.0,2204.5,2395.0,2546.0,2601.0,5354.0,4845.0,1419.0,1862.0,2088.5,2605.0,3512.0,3909.5,4019.0,4196.5,0.0,0.0,0.0,0.0,0.0,0.0,0.0,0.0,0.0,0.0,2021.5,858.5,239.5,516.5,192.0,634.0,3537.0,4791.5,4627.0,4830.0,1519.5,592.0,161.0,361.0,153.5,465.0,3214.5,5078.5,5273.0,5212.0,1738.0,746.5,322.0,468.0,280.0,557.0,2705.5,4361.5,4335.5,4653.5,1730.0,718.0,361.0,493.5,312.0,599.0,2685.5,4329.5,4435.5,4638.0,2795.5,1842.0,648.0,989.0,1050.5,1770.0,2671.5,2901.0,3137.5,3104.0,1614.5,649.0,271.5,441.0,262.5,570.0,2833.5,4444.0,4420.5,4824.0,1731.5,732.0,457.0,599.0,389.5,734.5,2888.0,4319.5,4444.0,4653.0,1730.5,763.5,296.0,550.0,345.5,802.0,2692.0,3616.0,3620.5,3940.5,1508.5,875.5,361.0,514.0,549.5,864.5,1255.0,1431.5,1482.0,1699.0,2794.5,1924.0,406.5,544.5,841.5,1077.5,1200.0,1395.0,1502.0,1710.5,2336.5,1609.5,356.5,451.0,649.0,814.5,913.5,1055.5,1144.5,1277.5,4253.5,2983.0,1000.0,1329.0,1978.0,2311.0,2492.5,2690.0,2950.5,3089.5,3953.0,2746.0,924.0,1267.0,1777.0,2158.5,2364.5,2518.0,2652.0,2830.0,4177.5,2976.5,955.0,1269.5,1709.0,2136.5,2392.0,2618.5,2742.5,2952.0,3674.0,2919.0,1036.0,1335.5,1816.0,2113.0,2195.5,2363.5,2647.5,2594.5,3508.0,2886.0,2894.0,2897.5,2908.5,3209.0,3485.5,3529.5,3844.5,3659.0,3215.0,2407.5,846.5,1153.0,1543.5,1830.0,2026.0,2176.0,2420.5,2432.0,3159.0,2370.5,819.5,1101.0,1484.5,1751.0,1982.5,2103.5,2313.0,2370.5,2812.0,2007.5,732.0,1021.5,1363.0,1653.0,1976.5,2129.0,2407.5,2373.5,2951.5,2144.5,701.0,1033.0,1331.0,1670.5,2004.5,2166.0,2325.0,2382.0,0.0,0.0,0.0,0.0,0.0,0.0,0.0,0.0,0.0,0.0,2280.5,1498.0,639.5,900.5,1012.0,1483.5,2108.0,2353.5,2558.0,2522.0,0.0,0.0,0.0,0.0,0.0,0.0,0.0,0.0,0.0,0.0,443.0,463.5,11106.0,10804.0,10640.0,10657.0,10238.0,9643.0,10017.0,9153.5,594.5,312.0,711.0,1023.5,1050.0,1678.5,2200.0,2321.5,2477.0,2337.5,2324.0,1450.0,560.0,956.0,957.5,1665.0,2529.0,2786.0,3076.5,3017.5,2803.0,1757.5,691.5,1147.5,1067.0,1943.5,3042.0,3292.0,3679.5,3589.0,2266.5,1286.0,552.5,1006.5,945.5,1888.0,2872.5,3108.5,3360.0,3407.0,2461.5,1528.0,583.5,858.5,1027.5,1346.5,1446.0,1574.0,1742.0,1768.5,"{""type"":""MultiPoint"",""coordinates"":[]}"
1824,5,1181.0,716.5,585.5,780.5,1148.0,1322.0,1399.5,1519.5,1741.5,1702.0,3000.0,2587.0,1052.0,1358.0,1704.0,1950.0,1957.0,2153.0,2287.0,2275.0,1854.0,1197.0,537.0,738.0,1032.0,1228.0,1247.0,1326.0,1445.0,1461.0,1848.5,1190.0,627.5,806.5,1092.5,1273.5,1333.0,1454.5,1605.0,1644.0,1945.0,1240.0,619.0,847.0,1130.0,1309.0,1427.0,1516.0,1679.0,1728.0,4488.5,3706.0,2719.5,2919.0,3140.5,3501.5,3589.5,3804.0,4123.0,4018.0,0.0,0.0,0.0,0.0,0.0,0.0,0.0,0.0,0.0,0.0,2016.0,1496.0,860.0,1002.0,1093.0,1373.0,1520.0,1765.0,1895.0,1927.0,5149.0,4811.0,2014.0,2468.0,3094.0,3424.0,3467.0,3664.0,3688.0,3965.0,2583.0,1786.0,661.0,841.0,1173.0,1408.0,1414.0,1562.0,1684.0,1781.0,5309.0,4867.0,1604.0,1971.0,2533.0,2920.0,3006.0,3302.0,3338.0,3614.0,2408.0,1737.0,945.0,1144.0,1521.0,1711.0,1773.0,1924.0,2171.0,2112.0,4782.0,4214.0,1406.0,1760.0,2136.0,2528.0,2926.0,3193.0,3174.0,3540.0,4207.5,3503.5,1140.0,1495.0,1698.5,2214.5,3116.0,3475.5,3533.5,3705.5,3288.5,2417.0,779.0,1073.0,1113.0,1603.5,2894.5,3386.5,3333.5,3590.5,2671.0,1439.0,427.0,635.0,479.0,1012.0,3484.0,4451.0,4327.0,4655.0,2377.0,1255.0,315.0,539.0,412.0,888.0,3119.0,3964.0,4121.0,4260.0,1731.5,918.0,314.5,500.0,369.0,773.5,2513.0,3323.5,3310.5,3484.5,2068.0,1080.5,332.5,603.0,371.5,985.5,3270.0,4059.0,4222.0,4272.0,2666.0,1866.0,1523.0,1624.5,1363.0,2090.5,3269.5,3542.5,3682.0,3734.0,2631.0,1669.0,499.0,950.0,892.0,1688.0,2538.0,2770.0,2969.0,3098.0,3668.0,3103.0,693.0,990.0,1290.0,1701.0,1891.0,2112.0,2295.0,2429.0,3813.0,3061.0,2558.0,2679.0,2942.0,3157.0,3274.0,3370.0,3954.0,3636.0,2929.0,2327.5,676.5,841.0,1084.5,1292.0,1385.5,1533.0,1716.0,1787.0,2913.5,2266.5,726.0,908.0,1170.0,1377.0,1472.0,1640.0,1822.5,1901.0,2776.5,2048.5,609.0,843.5,1161.5,1361.5,1481.5,1641.0,1878.0,1920.5,2810.5,2111.5,693.0,893.5,1191.0,1408.0,1539.0,1666.5,1861.0,1910.0,0.0,0.0,0.0,0.0,0.0,0.0,0.0,0.0,0.0,0.0,1448.0,954.0,609.5,700.5,831.0,948.5,1081.0,1186.0,1359.5,1316.0,0.0,0.0,0.0,0.0,0.0,0.0,0.0,0.0,0.0,0.0,1064.0,1166.0,10990.0,10584.0,10448.0,10561.0,10192.0,9816.0,10192.0,9378.0,990.0,652.5,2442.0,2558.5,2822.5,2730.0,2844.0,2971.0,3197.0,2833.5,1571.0,1037.5,741.5,892.0,1204.0,1403.0,1425.0,1567.0,1775.5,1756.0,1841.0,1177.5,824.0,1063.0,1354.0,1554.5,1629.0,1719.5,2001.5,1950.0,1440.5,915.0,719.5,955.0,1272.0,1487.0,1509.5,1642.0,1829.0,1798.0,2174.5,1501.0,962.5,1237.0,1587.5,1756.0,1877.5,1984.0,2187.5,2119.0,"{""type"":""MultiPoint"",""coordinates"":[]}"
1831,3,2096.0,1389.0,579.0,754.0,889.0,1243.0,1582.0,1791.0,1995.0,1976.0,3696.0,2766.0,872.0,1169.0,1389.0,1874.0,2087.0,2281.0,2420.0,2495.0,2214.0,1436.5,621.0,849.5,1147.5,1400.5,1486.0,1630.0,1749.0,1813.0,2685.0,1841.0,791.0,1081.0,1459.0,1707.0,1788.0,1939.0,2120.0,2167.0,5454.0,5129.0,1787.0,2417.0,3070.0,3492.0,3672.0,3783.0,4021.0,4048.0,0.0,0.0,0.0,0.0,0.0,0.0,0.0,0.0,0.0,0.0,0.0,0.0,0.0,0.0,0.0,0.0,0.0,0.0,0.0,0.0,5235.0,4488.0,1619.5,2260.0,2488.5,3235.5,3831.5,4158.5,4328.0,4373.0,3429.0,2711.0,1475.0,1925.0,2083.0,2611.0,2920.0,3337.0,3479.0,3693.0,710.0,414.0,290.0,509.0,439.0,855.0,1508.0,1910.0,1798.0,1927.0,3940.0,3393.0,3508.5,3410.5,3213.0,3687.0,4605.0,5206.0,4995.0,5309.0,3063.0,2338.0,730.0,992.0,1182.0,1575.0,1932.0,2126.0,2361.0,2319.0,1799.5,844.0,347.5,544.5,279.0,768.0,2833.0,4423.0,4324.0,4573.5,1671.0,782.0,343.0,570.0,259.0,745.0,2955.0,4523.0,4511.0,4641.0,1413.5,634.0,295.5,481.5,229.0,717.5,2761.0,3969.0,3913.5,4237.5,1599.0,756.0,349.0,665.0,332.0,1036.0,3104.0,4330.0,4220.0,4587.0,1740.0,846.0,357.0,817.0,427.0,1369.0,3350.0,4003.0,4267.0,4384.0,1726.0,842.0,296.0,805.0,554.0,1571.0,3224.0,3790.0,3864.0,4113.0,2306.5,1448.5,669.5,1071.5,1081.0,1808.5,2643.0,2942.5,3154.5,3251.5,2141.5,1570.5,636.0,837.5,1052.0,1302.0,1424.5,1561.0,1593.0,1696.0,2821.0,2127.5,673.0,923.0,1196.0,1467.0,1630.5,1795.5,1994.0,1980.5,3149.5,2364.0,716.0,979.0,1277.5,1614.0,1761.0,1920.5,2068.5,2138.0,1174.0,753.0,637.0,692.0,724.0,935.0,1118.0,1255.0,1397.0,1330.0,2461.5,1744.0,647.0,886.0,1103.5,1375.0,1563.5,1716.5,1879.5,1902.0,1847.0,1231.0,665.0,875.0,1174.0,1452.0,1551.0,1700.0,1889.0,1875.0,1799.5,1209.0,454.5,714.0,978.5,1232.5,1373.0,1485.0,1656.0,1631.0,1848.0,1317.0,589.0,824.0,1164.0,1384.0,1450.0,1531.0,1629.0,1719.0,0.0,0.0,0.0,0.0,0.0,0.0,0.0,0.0,0.0,0.0,1590.0,1091.5,617.0,750.0,975.5,1133.0,1222.5,1312.5,1486.5,1441.5,0.0,0.0,0.0,0.0,0.0,0.0,0.0,0.0,0.0,0.0,1134.0,1222.0,10852.0,10536.0,10390.0,10477.0,10113.0,9742.0,10116.0,9391.0,1402.5,1440.0,2039.0,2124.0,2220.5,2520.0,2642.5,2564.0,2441.0,2606.5,2622.0,1798.0,589.5,863.0,1001.5,1431.5,1866.0,2059.5,2258.0,2249.0,2927.0,2052.0,776.0,1070.0,1100.0,1673.0,2445.0,2741.0,2926.0,2933.0,2440.0,1576.0,544.0,926.0,963.0,1607.0,2113.0,2310.0,2436.0,2503.0,2655.0,1594.0,815.0,1207.0,1439.0,1948.0,2194.0,2372.0,2611.0,2596.0,"{""type"":""MultiPoint"",""coordinates"":[]}"
1867,5,2621.0,1991.5,589.0,901.5,1213.5,1565.0,1826.5,1942.0,2145.5,2148.5,3267.0,2628.0,1187.0,1556.0,1997.0,2344.0,2472.0,2678.0,2619.0,2859.0,2801.0,2286.0,777.0,1029.0,1443.0,1720.0,1776.0,1931.0,2057.0,2090.0,4010.0,3931.5,1154.5,1576.0,2088.5,2488.0,2600.0,2769.5,2806.0,2963.5,4701.0,4501.5,1501.5,2029.0,2668.0,3072.0,3139.5,3300.0,3448.5,3544.5,6265.0,6190.0,2140.0,2802.0,3472.0,4103.0,4399.0,4645.0,4666.0,4832.0,4513.5,3859.5,1739.0,2213.5,2445.5,3251.0,4135.5,4492.5,4400.0,4743.5,4038.0,2995.0,837.0,1357.0,1283.0,2192.0,4016.0,4575.0,4596.0,4840.0,2930.0,1666.0,415.0,790.0,531.0,1335.0,3498.0,4369.0,4237.0,4583.0,2524.0,1152.0,470.0,618.0,348.0,853.0,3861.0,4984.0,5224.0,5260.0,2692.0,1192.0,442.0,655.0,346.0,937.0,4875.0,6941.0,6836.0,7211.0,2733.0,2175.0,619.0,923.0,1216.0,1592.0,1862.0,1986.0,2141.0,2159.0,2286.0,971.0,329.0,485.0,260.0,777.0,4655.0,6806.0,6659.0,7174.0,2135.0,895.0,312.5,456.0,225.5,653.5,4002.5,5834.0,5925.5,6118.0,1983.0,798.0,323.0,479.0,244.0,660.0,3855.0,5424.0,5276.0,5731.0,2294.0,945.0,527.0,681.0,379.0,942.0,4008.0,5161.0,5078.0,5555.0,1938.5,942.0,356.0,708.5,424.0,1172.5,3204.5,3850.0,3964.5,4154.5,1868.0,949.0,396.0,818.0,609.0,1519.0,2770.0,3125.0,3209.0,3439.0,2988.5,2218.0,532.5,707.0,1002.0,1253.5,1402.0,1558.0,1738.5,1857.0,3779.0,2969.0,890.0,1109.0,1492.0,1777.0,1886.0,1989.0,2024.0,2221.0,3869.0,2965.0,895.0,1130.0,1422.0,1746.0,1957.0,2083.0,2146.0,2297.0,3417.5,2444.0,749.5,1020.0,1124.5,1583.0,2167.5,2324.0,2456.5,2524.5,2947.0,2550.0,1331.0,1493.0,1660.0,1974.5,2208.0,2330.5,2500.0,2477.0,3141.0,2103.0,670.0,985.0,1000.0,1561.0,2403.0,2597.0,2740.0,2750.0,2471.0,1947.0,579.0,821.0,1150.0,1380.0,1518.0,1669.0,1746.0,1815.0,2366.0,1834.0,485.0,750.5,1073.5,1346.0,1533.5,1648.0,1870.0,1833.0,2434.0,1858.0,513.0,833.0,1088.0,1470.0,1723.0,1880.0,2007.0,2074.0,0.0,0.0,0.0,0.0,0.0,0.0,0.0,0.0,0.0,0.0,2558.0,1859.0,563.0,881.0,1016.0,1482.0,2036.0,2214.0,2347.0,2373.0,0.0,0.0,0.0,0.0,0.0,0.0,0.0,0.0,0.0,0.0,498.0,557.0,10458.0,10282.0,10214.0,10322.0,9946.0,9495.0,9884.0,9111.0,231.0,179.0,1843.0,2100.0,2166.0,2471.0,2421.0,2449.0,2500.0,2265.0,2664.0,1969.0,574.0,905.0,1145.0,1596.5,2089.5,2263.5,2468.5,2445.0,2872.0,2179.0,735.0,1104.0,1347.0,1858.0,2185.0,2359.0,2531.5,2574.5,2832.0,2077.0,652.0,1014.0,1369.0,1755.0,1958.0,2084.0,2255.0,2305.0,2951.0,2330.0,752.0,1098.0,1452.0,1782.0,1918.0,2031.0,2221.0,2217.0,"{""type"":""MultiPoint"",""coordinates"":[]}"
1873,3,2414.0,1900.0,652.0,863.5,1078.5,1278.0,1405.0,1481.5,1657.5,1686.0,1826.5,1596.0,1069.5,1072.5,1134.0,1211.5,1196.5,1263.5,1367.5,1315.5,2412.5,1845.5,676.0,900.5,1111.5,1325.5,1401.5,1536.5,1681.0,1654.0,2737.0,2153.5,822.0,1056.5,1242.0,1507.5,1599.5,1753.5,1908.5,1829.0,5253.5,5042.5,1657.0,2316.0,2735.5,3264.5,3473.0,3590.5,3878.5,3811.5,4612.5,4209.5,3464.5,3252.0,3090.0,3573.0,3724.0,3802.5,4436.0,3892.5,733.5,476.5,495.5,511.5,433.5,603.0,715.0,746.5,731.5,793.0,2970.0,1928.5,674.0,1207.0,1114.0,1916.0,3009.0,3391.5,3295.0,3415.0,1743.5,895.0,307.5,517.0,288.0,840.5,2540.0,3592.0,3492.5,3613.0,1512.5,699.5,261.0,415.5,188.5,588.5,2602.0,4104.0,4068.0,4122.0,1645.5,778.0,432.5,589.5,350.5,724.5,2615.5,4332.5,4290.0,4533.0,2521.0,2055.5,655.5,905.0,1107.5,1311.5,1458.0,1538.0,1694.5,1660.5,1294.5,662.0,313.0,422.5,223.0,532.0,2525.0,4230.0,4176.0,4485.5,1352.0,640.0,382.0,574.5,292.5,793.5,2726.0,4264.5,4314.5,4530.5,1304.5,587.0,306.5,542.0,292.0,876.5,2796.5,3943.0,3936.0,4283.0,1627.5,887.5,749.0,866.5,658.0,1272.5,2824.0,3591.5,3542.0,3872.0,2129.5,1233.5,522.5,830.0,815.5,1536.0,2644.0,3153.0,3357.0,3653.0,4140.0,3133.0,1372.5,1791.0,2319.0,2843.5,3231.5,3527.0,3622.0,3929.5,3609.5,2722.5,1086.5,1461.5,1925.0,2307.5,2467.5,2611.0,2807.0,2881.0,2996.0,2150.0,935.0,1207.5,1456.0,1879.5,2135.0,2415.0,2336.0,2618.0,3429.5,2770.5,1049.0,1277.5,1568.5,1943.0,2138.0,2337.0,2567.5,2552.0,3051.0,2695.0,784.5,1079.5,1458.0,1667.5,1778.5,1924.5,2076.0,2152.0,2281.5,1837.5,715.0,895.0,1084.0,1301.0,1416.5,1492.5,1654.0,1657.0,2445.5,2000.5,648.5,883.5,1197.5,1360.5,1450.0,1569.5,1737.0,1791.5,396.0,230.0,325.0,258.5,284.0,287.0,278.5,330.5,361.0,346.0,2409.0,1756.0,670.0,947.0,1284.0,1474.0,1590.0,1711.5,1932.0,1878.5,2659.0,2033.0,759.5,1052.0,1354.5,1598.5,1730.5,1796.0,1944.0,1999.5,0.0,0.0,0.0,0.0,0.0,0.0,0.0,0.0,0.0,0.0,2134.5,1574.0,788.0,995.5,1181.0,1417.0,1480.5,1589.5,1754.5,1765.0,0.0,0.0,0.0,0.0,0.0,0.0,0.0,0.0,0.0,0.0,1064.0,1149.5,10419.0,10203.0,10139.0,10203.5,9977.5,9807.5,10076.0,9315.0,1485.5,1084.5,1676.0,1818.5,1986.0,2194.0,2200.0,2253.0,2423.0,2351.0,2694.5,2108.5,678.0,959.0,1162.5,1435.5,1697.5,1840.0,1974.0,1982.5,2690.5,2061.5,749.0,1061.0,1243.5,1545.5,1767.5,1851.5,2086.5,2049.5,2668.0,2005.5,723.0,1023.0,1325.5,1598.0,1691.5,1785.0,1983.5,1976.5,3533.5,3038.5,1159.5,1537.5,1908.5,2174.5,2254.0,2370.0,2595.0,2567.5,"{""type"":""MultiPoint"",""coordinates"":[]}"
1879,1,2614.0,1882.0,708.0,862.0,1046.0,1430.0,1888.0,2022.0,2321.0,2265.0,3569.0,3387.0,956.0,1187.0,1495.0,1668.0,1779.0,1900.0,2097.0,2104.0,2134.5,1535.5,567.5,671.0,837.0,979.5,1082.5,1190.5,1327.0,1373.5,2321.0,1718.0,638.0,769.0,924.0,1097.0,1250.0,1357.0,1550.0,1551.0,0.0,0.0,0.0,0.0,0.0,0.0,0.0,0.0,0.0,0.0,2558.0,1558.0,629.0,846.0,681.0,1115.0,2368.0,2677.0,2847.0,2884.0,0.0,0.0,0.0,0.0,0.0,0.0,0.0,0.0,0.0,0.0,2159.0,1148.0,354.0,554.0,353.0,717.0,2962.0,4278.0,4426.0,4431.0,468.0,240.0,69.0,99.0,54.0,98.0,705.0,1128.0,1071.0,1184.0,1234.5,497.5,398.5,473.5,275.5,512.0,2122.5,3304.5,3334.5,3409.5,1729.0,708.0,423.0,562.0,340.0,670.0,2784.0,4338.0,4356.0,4546.0,3024.0,2329.0,843.0,979.0,1215.0,1626.0,2092.0,2246.0,2495.0,2420.0,1837.0,758.0,517.0,628.0,383.0,718.0,2975.0,4760.0,4701.0,4982.0,1670.0,696.0,481.0,646.0,388.0,768.0,2928.0,4253.0,4310.0,4376.0,2217.0,978.0,620.0,957.0,634.0,1401.0,3674.0,4851.0,4804.0,5359.0,2190.0,1340.0,421.0,614.5,637.5,1019.5,1648.0,1934.0,1937.5,2146.5,2119.0,1511.0,353.5,472.0,611.5,827.0,1064.5,1228.0,1360.0,1436.5,0.0,0.0,0.0,0.0,0.0,0.0,0.0,0.0,0.0,0.0,3107.0,2694.0,1000.0,1110.0,1335.5,1522.0,1674.5,1801.5,1944.0,2010.5,3951.0,3374.0,2486.0,2635.0,2662.0,3087.0,3192.0,3270.0,3176.0,3414.0,2739.0,2182.5,621.0,879.0,1005.5,1327.0,1679.0,1833.5,2007.5,2024.0,3145.0,2618.0,710.0,998.0,1102.0,1508.0,1942.0,2101.0,2275.0,2309.0,0.0,0.0,0.0,0.0,0.0,0.0,0.0,0.0,0.0,0.0,3012.0,2330.0,623.0,898.0,1104.0,1497.0,1808.0,1954.0,2236.0,2225.0,0.0,0.0,0.0,0.0,0.0,0.0,0.0,0.0,0.0,0.0,2089.0,1452.0,495.0,720.0,981.0,1228.0,1447.0,1590.0,1802.0,1805.0,2306.0,1647.0,524.0,748.0,1008.0,1276.0,1515.0,1618.0,1778.0,1782.0,7109.0,5620.0,6419.0,6705.0,6938.0,7212.0,7021.0,6729.0,7156.0,6587.0,2203.0,1638.0,572.0,755.0,888.0,1168.0,1515.0,1628.0,1831.0,1795.0,0.0,0.0,0.0,0.0,0.0,0.0,0.0,0.0,0.0,0.0,1068.0,1164.0,11125.0,10729.0,10568.0,10649.0,10314.0,9982.0,10306.0,9567.0,0.0,0.0,0.0,0.0,0.0,0.0,0.0,0.0,0.0,0.0,2799.5,2214.5,1203.0,1182.5,1293.5,1722.0,2164.5,2345.0,2269.0,2511.0,0.0,0.0,0.0,0.0,0.0,0.0,0.0,0.0,0.0,0.0,2243.0,1461.0,464.0,704.0,766.0,1473.0,2103.0,2296.0,2531.0,2510.0,3205.5,2503.5,923.0,1120.5,1374.5,1686.0,1886.0,2082.5,2227.5,2385.5,"{""type"":""MultiPoint"",""coordinates"":[]}"
1883,5,2223.0,1529.0,912.0,1124.0,1574.0,1761.0,1864.0,2066.0,2401.0,2316.0,3986.0,3041.5,1277.5,1655.0,2019.5,2455.5,2755.0,2899.5,3098.0,3176.5,1749.0,1014.5,609.5,895.5,1145.0,1635.5,1914.0,2055.0,2195.0,2292.5,1548.0,933.0,592.0,816.0,1035.0,1492.0,1766.0,2008.0,2130.0,2232.0,3746.0,2806.0,1328.0,1687.0,2006.0,2426.0,2717.0,2844.0,3133.0,3167.0,4361.0,3492.0,1985.0,2201.5,2434.5,2960.0,3157.0,3354.5,3397.0,3560.0,0.0,0.0,0.0,0.0,0.0,0.0,0.0,0.0,0.0,0.0,3227.5,2322.5,922.0,1163.5,1333.5,1836.5,2136.5,2346.0,2268.0,2582.0,5050.0,4562.0,1535.0,1944.0,2446.0,2855.0,3052.0,3350.0,3303.0,3654.0,4787.0,4335.0,1993.0,2576.0,3420.0,3904.0,4077.0,4323.0,4490.0,4601.0,4312.5,3541.5,2363.5,2590.5,2814.5,3403.5,3878.0,4210.5,4169.5,4517.5,3368.0,2682.0,1306.0,1615.0,2137.0,2312.0,2444.0,2596.0,2921.0,2819.0,5695.0,5322.0,1714.0,2262.0,2855.0,3386.0,3932.0,4251.0,4206.0,4565.0,5504.5,4967.0,1545.5,2048.5,2504.5,3181.0,4092.5,4498.5,4547.5,4769.5,5070.0,4232.0,1388.0,1855.0,2168.0,2797.0,4140.0,4718.0,4564.0,5038.0,2997.0,1786.0,491.0,828.0,626.0,1416.0,3671.0,4482.0,4267.0,4692.0,2917.0,1843.0,452.0,784.0,640.0,1246.0,3713.0,4611.0,4628.0,4889.0,2676.5,1619.0,491.5,730.0,628.5,1212.5,3510.5,4444.0,4373.0,4785.0,2441.5,1278.5,325.5,574.0,374.5,996.0,3624.5,4490.0,4605.0,4657.0,2467.5,1332.5,434.5,745.5,469.5,1252.0,3578.5,4203.5,4261.0,4555.5,2717.0,1788.0,529.0,1052.0,822.0,1824.0,3260.0,3675.0,3942.0,4053.0,3353.0,2491.0,695.0,1012.0,1386.0,1767.0,2021.0,2252.0,2509.0,2712.0,2172.0,1680.0,1211.0,1405.0,1662.5,1857.0,1937.0,2016.5,2162.0,2177.5,3736.0,2790.0,753.0,1008.0,1385.0,1703.0,1833.0,2001.0,2240.0,2271.0,3386.0,2534.0,801.0,1037.0,1494.0,1784.0,1942.0,2080.0,2424.0,2456.0,3503.5,2642.5,720.5,997.0,1400.5,1620.5,1758.5,1936.5,2181.5,2221.0,3572.5,2784.5,800.5,1041.0,1427.5,1632.0,1775.0,1926.0,2127.5,2214.0,1497.0,1162.0,1388.0,1216.0,1154.0,1171.0,1180.0,1235.0,1446.0,1381.0,1915.0,1370.0,617.5,700.5,898.0,1045.0,1151.0,1230.5,1352.0,1420.5,0.0,0.0,0.0,0.0,0.0,0.0,0.0,0.0,0.0,0.0,867.0,971.0,10726.0,10340.0,10310.0,10424.0,10098.0,9728.0,10112.0,9257.0,1502.5,957.0,760.0,1052.5,1462.0,1738.0,1869.0,1993.5,2181.0,2182.5,3361.5,2360.0,1163.0,1456.0,1898.0,2195.5,2376.5,2579.0,2671.5,2830.5,2031.0,1469.0,799.0,1061.0,1358.0,1684.0,1855.0,1971.0,2141.0,2186.0,1905.5,1190.5,790.5,1067.5,1372.5,1775.5,1988.0,2176.0,2301.0,2394.0,3832.5,2963.5,1259.0,1598.5,1984.0,2363.0,2578.0,2745.0,2921.0,2970.5,"{""type"":""MultiPoint"",""coordinates"":[]}"
1888,2,2628.5,2341.0,620.0,836.5,1198.5,1347.5,1540.0,1581.5,1777.0,1865.5,4477.5,4150.5,1236.0,1651.5,2101.0,2499.5,2768.5,2966.0,3131.5,3254.0,3826.5,3214.0,1972.0,2172.0,2395.0,2749.5,2983.5,3149.5,3210.0,3271.5,3111.5,2496.5,1050.5,1261.5,1479.0,1852.0,2284.5,2501.0,2706.0,2773.5,0.0,0.0,0.0,0.0,0.0,0.0,0.0,0.0,0.0,0.0,4118.5,3647.0,1097.0,1525.0,1950.0,2408.5,2682.5,2919.5,3091.0,3119.0,0.0,0.0,0.0,0.0,0.0,0.0,0.0,0.0,0.0,0.0,4246.5,3989.5,1168.5,1564.0,1887.0,2313.0,2770.5,2960.5,3100.5,3161.5,4713.0,3708.0,1082.5,1515.0,1763.5,2394.0,3759.0,4203.5,4153.5,4529.0,3950.0,3127.0,895.0,1248.0,1317.0,1931.0,3532.0,3971.0,4071.0,4216.0,3327.0,2105.5,582.5,923.0,746.0,1436.0,4010.0,4781.5,4875.5,5068.0,3801.0,3724.5,1006.0,1294.5,1761.5,2011.0,2114.5,2297.5,2506.0,2491.5,2832.0,1275.5,442.5,721.5,387.5,1145.0,4734.5,5868.0,5915.5,6029.0,2481.5,1053.5,465.0,685.5,356.5,973.0,4663.0,6068.0,6196.5,6124.0,0.0,0.0,0.0,0.0,0.0,0.0,0.0,0.0,0.0,0.0,2383.0,921.5,428.0,599.0,330.0,934.5,4592.5,6007.5,5948.0,6295.5,2307.0,930.5,375.0,558.5,331.5,955.5,4260.0,5475.5,5798.0,5799.5,0.0,0.0,0.0,0.0,0.0,0.0,0.0,0.0,0.0,0.0,2259.5,1132.5,416.5,541.0,439.0,1047.5,3417.0,4127.5,4460.0,4757.0,2401.0,1196.5,521.0,631.5,518.5,1077.0,2876.5,3290.5,3635.5,3873.5,2540.0,1511.5,556.0,653.5,717.0,1155.5,2156.0,2622.0,3038.5,3113.5,3194.5,2227.0,950.5,1031.5,1229.0,1565.5,1875.5,2107.5,2466.5,2613.5,0.0,0.0,0.0,0.0,0.0,0.0,0.0,0.0,0.0,0.0,2929.5,2003.0,906.0,1008.0,1226.0,1419.0,1541.5,1756.5,2050.0,2108.5,0.0,0.0,0.0,0.0,0.0,0.0,0.0,0.0,0.0,0.0,2701.0,1756.0,327.5,474.5,749.5,950.5,1097.5,1275.0,1624.0,1742.5,2786.0,1842.0,442.5,663.5,1040.5,1299.5,1462.0,1668.5,2035.0,2148.5,0.0,0.0,0.0,0.0,0.0,0.0,0.0,0.0,0.0,0.0,3227.0,2451.5,555.5,682.0,998.5,1196.0,1380.0,1540.0,1845.5,1935.5,0.0,0.0,0.0,0.0,0.0,0.0,0.0,0.0,0.0,0.0,1138.0,1207.5,9787.0,9748.5,9873.5,10072.5,9855.5,9516.5,9990.5,9186.5,1755.0,1442.0,563.0,650.0,854.5,1035.0,1147.5,1228.0,1138.5,1389.5,2817.5,2317.5,636.5,843.0,1185.0,1378.5,1509.5,1610.5,1856.5,1910.5,3433.0,2886.0,950.5,1217.0,1607.0,1766.5,1943.0,2138.5,2388.5,2378.0,2633.0,2077.0,633.5,852.5,1199.0,1438.5,1516.0,1669.5,1862.5,1907.5,1807.0,1444.5,708.0,991.5,1233.0,1350.0,1458.5,1530.0,1169.0,1494.5,"{""type"":""MultiPoint"",""coordinates"":[]}"
1889,3,34.5,40.0,284.5,365.0,444.5,516.0,422.5,449.0,467.0,401.5,3693.0,3494.5,1260.5,1481.0,1781.0,2015.5,2093.5,2219.0,2336.5,2424.5,665.0,381.5,440.0,529.5,657.5,807.5,818.0,896.0,997.0,1008.5,564.0,335.0,499.0,587.0,710.0,845.0,888.0,945.0,1067.0,1048.0,4278.0,4207.0,1378.0,1678.0,2029.0,2315.0,2396.0,2505.0,2728.0,2784.0,0.0,0.0,0.0,0.0,0.0,0.0,0.0,0.0,0.0,0.0,0.0,0.0,0.0,0.0,0.0,0.0,0.0,0.0,0.0,0.0,2778.0,2404.5,1102.5,1429.0,1347.5,1890.0,2479.5,2658.0,2726.0,2770.5,1044.0,569.0,383.0,453.0,237.0,659.0,1659.0,1913.0,1940.0,1869.0,2055.5,981.0,405.0,681.0,312.5,903.5,3429.0,4736.0,4631.5,4770.5,2026.0,1011.0,1626.0,1549.0,1046.0,1308.0,3467.0,4946.0,4837.0,4997.0,432.5,414.5,721.5,780.5,852.5,908.5,869.5,898.5,901.0,872.0,1715.0,771.0,363.0,622.0,269.0,863.0,3257.0,4596.0,4393.0,4760.0,1723.0,795.0,397.0,590.0,261.0,762.0,3261.0,5017.0,5076.0,5122.0,1824.0,882.0,544.0,901.0,454.0,1344.0,3668.0,4834.0,4850.0,5139.0,1969.0,994.0,512.0,947.0,512.0,1443.0,3680.0,4487.0,4436.0,4827.0,2108.0,1138.0,554.0,1182.0,811.0,2075.0,3685.0,4281.0,4498.0,4612.0,2453.5,1494.5,880.0,1381.5,1312.5,2365.5,3359.0,3808.0,3774.0,4187.5,4503.0,3198.0,1259.0,1736.0,2483.0,2953.0,3200.0,3466.0,3705.0,3893.0,1112.5,868.0,433.5,465.0,514.5,613.5,647.5,718.0,713.0,788.0,2705.5,2707.0,630.0,796.5,1017.5,1182.0,1258.5,1368.0,1442.5,1526.0,2745.0,2753.0,704.0,868.0,1082.0,1263.0,1328.0,1429.0,1550.0,1584.0,68.0,63.0,311.5,396.5,460.0,564.0,464.5,478.5,489.0,411.5,2784.0,2842.0,744.0,945.0,1104.0,1327.0,1424.0,1543.0,1688.0,1711.0,809.0,548.0,302.0,342.0,458.0,596.0,617.0,709.0,765.0,786.0,978.5,693.0,233.5,333.0,453.0,580.0,637.0,688.5,778.5,791.0,1685.0,1441.0,376.0,499.0,665.0,813.0,836.0,901.0,967.0,1017.0,0.0,0.0,0.0,0.0,0.0,0.0,0.0,0.0,0.0,0.0,382.5,234.5,381.0,422.5,486.0,551.0,584.5,636.5,711.0,693.5,0.0,0.0,0.0,0.0,0.0,0.0,0.0,0.0,0.0,0.0,912.0,998.0,10742.0,10400.0,10322.0,10438.0,10110.0,9744.0,10080.0,9334.0,85.0,73.0,1516.5,1510.0,1485.0,1543.5,1309.0,1077.5,1046.5,866.5,661.0,415.0,396.0,523.0,626.0,758.0,751.0,799.0,884.0,868.0,1579.5,1178.5,659.0,791.0,903.5,1053.0,1124.0,1200.0,1321.0,1308.5,1567.0,1079.0,566.0,719.0,850.0,1005.0,1065.0,1113.0,1209.0,1245.0,3655.0,3225.0,1602.0,1856.0,2168.0,2469.0,2523.0,2648.0,2690.0,2853.0,"{""type"":""MultiPoint"",""coordinates"":[]}"
1890,5,1545.0,994.0,478.0,794.0,1171.0,1472.0,1669.0,1819.0,2000.0,1997.0,2487.5,2163.0,1050.0,1263.5,1633.5,1823.5,1881.0,1980.0,1978.5,2073.0,0.0,0.0,0.0,0.0,0.0,0.0,0.0,0.0,0.0,0.0,2902.0,2112.0,643.0,1014.0,960.0,1682.0,2286.0,2425.0,2514.0,2579.0,2684.0,1811.0,585.0,996.0,1027.0,1661.0,2321.0,2515.0,2700.0,2660.0,3603.0,2507.0,797.0,1278.0,1271.0,2119.0,3273.0,3627.0,3639.0,3856.0,0.0,0.0,0.0,0.0,0.0,0.0,0.0,0.0,0.0,0.0,1343.0,580.0,448.0,515.0,262.0,656.0,2571.0,3258.0,3512.0,3075.0,3043.0,2083.5,1448.5,1657.5,1465.0,1943.5,4165.0,5068.5,5140.5,5218.0,0.0,0.0,0.0,0.0,0.0,0.0,0.0,0.0,0.0,0.0,2359.0,1015.0,630.0,678.0,442.0,835.0,4633.0,6868.0,6685.0,7176.0,2412.5,1763.0,606.5,926.0,1342.5,1658.5,1894.5,2052.5,2284.0,2253.0,2314.0,955.5,259.0,433.0,217.0,677.0,4164.5,6152.5,5941.5,6478.5,2518.0,1039.0,288.0,545.0,264.0,904.0,4692.0,6483.0,6415.0,7115.0,2231.5,961.0,425.5,708.5,340.5,1126.5,4261.0,5467.5,5337.0,5771.0,1792.0,950.5,565.0,864.5,643.0,1359.5,2583.0,3020.5,2972.5,3345.5,3077.0,2079.0,398.0,664.0,1030.0,1447.0,1686.0,1963.0,2113.0,2461.0,4396.0,3119.0,910.0,1328.0,1992.0,2467.0,2656.0,2922.0,3129.0,3431.0,4239.5,3634.5,2485.0,2702.0,2902.5,3131.0,3256.5,3227.0,3352.0,3258.5,4170.0,3681.0,2475.0,2680.0,2866.0,3399.0,3669.0,3709.0,3607.0,3865.0,3362.0,2832.5,969.5,1198.5,1522.5,1796.5,1935.5,2140.5,1987.5,2345.5,3202.5,2956.0,742.5,1084.5,1613.0,1855.0,1959.5,2098.0,2208.0,2323.0,4137.0,3405.0,2102.0,2318.0,2663.0,3049.0,3417.0,3552.0,3927.0,3755.0,2419.5,1900.0,552.5,822.0,1190.5,1448.5,1553.5,1684.5,1804.5,1887.0,0.0,0.0,0.0,0.0,0.0,0.0,0.0,0.0,0.0,0.0,3816.5,3192.5,1149.0,1606.5,2098.0,2412.5,2591.5,2730.0,2977.5,2954.5,3878.0,3663.0,946.0,1424.0,1976.0,2374.0,2502.0,2621.0,2794.0,2901.0,0.0,0.0,0.0,0.0,0.0,0.0,0.0,0.0,0.0,0.0,0.0,0.0,0.0,0.0,0.0,0.0,0.0,0.0,0.0,0.0,0.0,0.0,0.0,0.0,0.0,0.0,0.0,0.0,0.0,0.0,0.0,0.0,0.0,0.0,0.0,0.0,0.0,0.0,0.0,0.0,171.0,163.0,8987.0,9020.0,9138.0,9413.0,8909.0,8407.0,8464.0,7803.0,2252.0,1504.0,612.0,959.0,1291.0,1688.0,2033.0,2199.0,2402.0,2410.0,0.0,0.0,0.0,0.0,0.0,0.0,0.0,0.0,0.0,0.0,2530.5,1843.5,730.5,1062.0,1516.5,1742.5,1854.0,1988.0,2174.0,2185.5,2699.0,2211.0,720.5,1054.0,1544.5,1758.0,1870.0,2001.0,2145.0,2174.0,"{""type"":""MultiPoint"",""coordinates"":[]}"
1909,5,1578.5,1025.0,554.5,640.5,824.5,961.0,1027.0,1117.5,1294.5,1297.5,2664.0,2406.0,798.0,962.0,1185.5,1337.0,1421.0,1540.5,1627.0,1669.0,1605.5,1059.5,493.5,573.0,744.5,848.0,891.0,981.5,1073.0,1123.5,2139.5,1434.0,870.0,934.5,1115.0,1244.5,1292.5,1431.5,1530.0,1597.5,0.0,0.0,0.0,0.0,0.0,0.0,0.0,0.0,0.0,0.0,2952.5,2418.5,1146.5,1260.5,1493.5,1703.5,1786.5,1953.0,1926.0,2132.5,0.0,0.0,0.0,0.0,0.0,0.0,0.0,0.0,0.0,0.0,0.0,0.0,0.0,0.0,0.0,0.0,0.0,0.0,0.0,0.0,0.0,0.0,0.0,0.0,0.0,0.0,0.0,0.0,0.0,0.0,2707.0,1961.5,630.0,869.5,812.5,1267.5,2542.0,2903.5,2909.0,3056.0,3176.5,2129.0,1620.0,1720.0,1498.0,2062.0,4301.5,5216.0,5038.5,5398.5,1881.5,1580.0,466.5,560.5,719.5,838.5,889.5,998.0,1101.5,1114.0,3348.0,1711.5,791.0,930.0,623.5,1277.5,4834.5,6558.5,6305.5,6765.0,2665.5,1195.5,406.0,558.0,290.0,827.5,4350.0,6151.5,6228.5,6400.0,0.0,0.0,0.0,0.0,0.0,0.0,0.0,0.0,0.0,0.0,2368.5,971.0,299.5,411.5,219.0,633.0,3747.0,5441.0,5327.0,5766.5,2224.5,957.5,243.0,448.5,218.5,774.0,3595.5,4758.5,4943.0,5098.5,0.0,0.0,0.0,0.0,0.0,0.0,0.0,0.0,0.0,0.0,2411.0,1291.0,396.0,811.5,622.5,1532.5,2852.0,3230.0,3531.0,3743.0,0.0,0.0,0.0,0.0,0.0,0.0,0.0,0.0,0.0,0.0,3879.5,2958.5,806.5,1070.5,1557.0,1805.0,1918.5,2117.0,2366.5,2437.0,4216.0,3265.0,1059.5,1312.0,1769.5,2047.5,2147.0,2324.0,2486.5,2648.0,0.0,0.0,0.0,0.0,0.0,0.0,0.0,0.0,0.0,0.0,1669.0,1412.5,383.0,487.5,668.0,757.5,812.0,876.5,946.0,979.0,0.0,0.0,0.0,0.0,0.0,0.0,0.0,0.0,0.0,0.0,1114.5,738.5,224.0,339.0,479.0,568.0,611.5,674.5,753.5,776.0,1390.0,1016.5,309.5,421.0,581.5,680.5,728.0,787.5,866.0,906.0,0.0,0.0,0.0,0.0,0.0,0.0,0.0,0.0,0.0,0.0,1542.0,1089.5,457.0,540.0,722.5,821.5,878.5,954.0,1087.0,1091.5,0.0,0.0,0.0,0.0,0.0,0.0,0.0,0.0,0.0,0.0,940.0,1010.0,11107.0,10658.0,10516.5,10606.5,10286.5,9893.5,10302.0,9524.5,2088.0,1385.0,1851.5,1860.5,1765.0,1835.0,1759.0,1712.0,2220.5,1775.5,2029.0,1447.0,562.0,715.0,885.5,1066.5,1134.5,1245.5,1389.5,1389.0,2109.0,1514.5,619.5,756.5,921.0,1081.5,1174.0,1285.0,1425.0,1432.5,1902.5,1281.5,534.0,661.5,855.0,1021.0,1104.0,1199.5,1349.0,1356.0,3353.0,2648.0,2177.5,2002.5,2033.0,2170.0,2164.0,2235.5,2627.0,2418.5,"{""type"":""MultiPoint"",""coordinates"":[]}"
1921,5,1698.0,1070.5,562.5,768.5,1038.0,1317.0,1457.0,1643.5,1815.5,1821.5,2598.5,2141.5,753.0,971.5,1234.0,1412.5,1493.5,1632.0,1708.5,1847.5,1532.0,973.5,567.5,694.5,874.5,1040.5,1098.0,1233.0,1250.0,1338.0,1634.5,1102.5,576.5,699.5,900.0,1081.5,1157.5,1222.0,1265.5,1330.0,0.0,0.0,0.0,0.0,0.0,0.0,0.0,0.0,0.0,0.0,623.5,481.5,449.0,446.0,458.5,512.5,522.0,561.5,540.0,573.0,0.0,0.0,0.0,0.0,0.0,0.0,0.0,0.0,0.0,0.0,2911.0,2257.5,879.5,1129.5,1322.5,1626.5,1931.5,2125.5,2181.5,2282.0,495.5,324.5,156.5,213.0,189.0,276.5,457.0,525.5,486.0,608.0,2426.0,1684.0,628.5,856.0,909.0,1275.0,1876.0,2139.0,2164.0,2243.0,2762.0,1720.0,1672.5,1722.5,1541.0,2027.0,3337.0,3853.0,3784.5,3985.0,2659.0,2043.5,819.5,1031.0,1360.0,1576.5,1828.5,1926.0,2140.5,2213.5,2566.5,1412.5,510.0,694.5,556.5,1039.0,3062.0,3839.0,3799.5,4073.0,2498.5,1349.5,496.0,658.0,517.0,1024.5,3186.0,4278.5,4261.5,4396.0,2217.5,1248.5,429.5,563.5,486.0,868.5,2608.5,3692.5,3563.5,3801.0,2745.0,1630.5,714.5,844.0,693.0,1192.0,3439.5,4453.5,4405.0,4796.0,2070.0,1094.5,314.5,501.0,334.0,798.0,2794.0,3640.5,3843.0,3845.5,0.0,0.0,0.0,0.0,0.0,0.0,0.0,0.0,0.0,0.0,2411.0,1420.5,425.0,723.5,654.0,1301.0,2264.5,2625.0,2898.0,2977.0,1861.0,1241.5,499.0,592.0,756.0,963.5,1026.0,1110.0,1150.5,1319.0,3117.5,2447.5,606.5,769.5,1012.0,1241.5,1332.5,1478.5,1600.0,1707.0,3669.0,2816.5,840.5,1054.5,1377.5,1630.5,1742.0,1909.5,2004.5,2183.0,0.0,0.0,0.0,0.0,0.0,0.0,0.0,0.0,0.0,0.0,3173.5,2365.0,736.0,896.0,1174.0,1383.5,1487.5,1654.5,1756.0,1837.0,0.0,0.0,0.0,0.0,0.0,0.0,0.0,0.0,0.0,0.0,1488.0,949.5,287.0,449.5,620.5,786.0,1006.0,1060.0,1100.0,1161.0,1468.5,942.5,337.5,466.5,662.0,787.0,912.5,1036.5,1015.5,1086.0,0.0,0.0,0.0,0.0,0.0,0.0,0.0,0.0,0.0,0.0,1433.5,928.0,414.0,522.0,636.0,791.5,1050.5,1111.0,1056.0,1193.0,0.0,0.0,0.0,0.0,0.0,0.0,0.0,0.0,0.0,0.0,920.5,970.0,10841.5,10481.0,10438.0,10700.5,10209.5,9922.5,10158.0,9630.5,2421.5,2005.0,2668.5,2488.5,2410.5,2514.0,2474.0,2552.5,2650.5,2492.5,2332.0,1537.5,716.0,973.5,1247.5,1535.0,1793.5,1909.0,2073.0,2176.5,2865.5,2030.0,1017.5,1311.0,1625.0,1859.5,2051.0,2147.0,2358.0,2443.0,2304.5,1347.0,1348.0,1666.5,1935.0,2169.0,2353.5,2437.5,2646.0,2554.5,0.0,0.0,0.0,0.0,0.0,0.0,0.0,0.0,0.0,0.0,"{""type"":""MultiPoint"",""coordinates"":[]}"
1931,1,2235.0,1645.0,654.0,820.0,996.0,1219.0,1448.0,1511.0,1724.0,1672.0,4347.0,4248.0,1480.0,1752.0,2118.0,2458.0,2617.0,2808.0,2950.0,3007.0,2494.5,1862.0,710.5,916.0,1139.0,1374.5,1492.5,1613.5,1758.0,1813.0,2958.0,2187.5,1235.0,1544.0,1698.0,2097.0,2363.5,2497.5,2500.5,2665.5,2974.0,2312.0,877.0,1224.0,1350.0,1751.0,2077.0,2208.0,2315.0,2392.0,0.0,0.0,0.0,0.0,0.0,0.0,0.0,0.0,0.0,0.0,3477.0,2744.0,3129.0,3145.0,3007.0,3372.0,3775.0,3887.0,4000.0,3949.0,0.0,0.0,0.0,0.0,0.0,0.0,0.0,0.0,0.0,0.0,1334.0,536.0,305.0,266.0,156.0,404.0,2958.0,4649.0,2465.0,4880.0,1682.0,660.0,286.0,459.0,214.0,563.0,3168.0,4889.0,4952.0,5075.0,1767.5,700.0,411.5,565.5,329.5,715.0,3275.5,4985.0,4902.0,5283.0,2682.0,2187.0,829.0,1031.0,1197.0,1437.0,1666.0,1760.0,1956.0,1918.0,1832.0,763.0,451.0,648.0,376.0,818.0,3273.0,4875.0,4690.0,5262.0,1867.0,793.5,502.5,717.5,446.5,973.0,3273.5,4355.5,4378.0,4636.5,1935.5,934.0,557.5,832.5,637.5,1231.5,2616.0,3104.0,3137.5,3401.5,2165.0,1425.0,409.0,642.0,724.0,1098.0,1486.0,1675.0,1687.0,1926.0,2366.0,1774.0,460.0,580.0,771.0,1018.0,1269.0,1439.0,1554.0,1666.0,1950.0,1352.0,350.0,471.0,631.0,785.0,927.0,1040.0,1110.0,1246.0,2827.0,2349.5,879.5,1058.0,1322.0,1639.0,1888.0,2054.5,2112.0,2282.5,2558.0,1943.0,1109.5,1241.0,1417.5,1693.5,1842.5,1933.5,1942.0,2090.0,2982.0,2298.0,795.0,1116.0,1309.0,1708.0,2096.0,2263.0,2454.0,2417.0,2879.0,2020.0,687.0,1127.0,1094.0,1691.0,2512.0,2727.0,2906.0,2888.0,698.0,512.0,387.0,386.0,397.0,466.0,556.0,582.0,616.0,609.0,3583.0,3353.0,1169.0,1442.0,1838.0,2001.0,2116.0,2242.0,2499.0,2440.0,0.0,0.0,0.0,0.0,0.0,0.0,0.0,0.0,0.0,0.0,2213.5,1680.5,566.0,802.5,1117.5,1278.0,1368.0,1475.0,1645.5,1687.0,2410.5,1895.5,637.5,912.5,1207.0,1382.0,1474.0,1581.0,1733.5,1769.0,0.0,0.0,0.0,0.0,0.0,0.0,0.0,0.0,0.0,0.0,2430.0,1846.0,793.0,972.0,1246.0,1440.0,1534.0,1631.0,1857.0,1850.0,4798.0,4712.0,3704.0,3610.0,3869.0,4171.0,4272.0,4406.0,4447.0,4618.0,1016.0,1094.0,10796.0,10449.0,10353.0,10469.0,10103.0,9831.0,10216.0,9444.0,1645.0,1173.0,833.0,1088.5,1263.5,1508.5,1620.5,1697.5,1791.0,1765.0,2407.5,1792.0,647.0,899.5,1059.0,1376.0,1711.5,1831.0,2001.5,1984.5,2417.0,1747.0,733.0,946.0,1071.0,1414.0,1848.0,1964.0,2151.0,2155.0,2401.0,1672.0,625.0,926.0,1034.0,1487.0,2047.0,2218.0,2420.0,2391.0,2662.0,1963.0,748.0,1098.0,1185.0,1814.0,2666.0,2842.0,2792.0,3003.0,"{""type"":""MultiPoint"",""coordinates"":[]}"
1954,123,1646.0,1102.5,552.5,720.0,886.0,1093.0,1248.5,1389.0,1536.0,1552.5,3395.0,2944.0,1019.0,1250.0,1561.5,1797.5,1879.5,2049.5,2098.0,2287.5,1545.5,970.0,594.5,720.0,886.5,1065.0,1156.5,1300.0,1349.0,1454.5,0.0,0.0,0.0,0.0,0.0,0.0,0.0,0.0,0.0,0.0,0.0,0.0,0.0,0.0,0.0,0.0,0.0,0.0,0.0,0.0,1686.5,1233.0,561.0,617.0,639.5,879.5,1085.5,1196.0,1233.5,1265.5,0.0,0.0,0.0,0.0,0.0,0.0,0.0,0.0,0.0,0.0,3194.0,2647.5,905.5,1153.5,1203.5,1565.5,2177.0,2415.0,2498.5,2595.0,0.0,0.0,0.0,0.0,0.0,0.0,0.0,0.0,0.0,0.0,3105.5,2055.0,1486.5,1658.5,1521.5,1966.0,3632.0,4366.0,4258.0,4545.5,3222.0,2014.5,965.0,1138.0,970.0,1574.5,4079.5,5294.5,5195.0,5530.0,2786.0,2436.5,782.5,1010.0,1271.0,1498.0,1624.5,1740.5,1949.0,1954.0,2472.0,1609.5,480.0,618.0,517.0,1027.0,3060.0,4335.5,4187.5,4388.5,2108.5,1241.0,431.5,563.0,396.5,881.5,3212.5,4536.0,4515.5,4535.0,3443.0,2935.0,3865.0,3566.0,3198.0,3567.0,4692.0,5553.0,5033.0,5667.0,2406.0,1352.5,517.5,711.5,503.0,1070.0,3533.5,4414.5,4515.0,4815.0,2071.5,1198.5,409.0,754.0,548.5,1226.0,2892.0,3399.5,3623.0,3695.0,0.0,0.0,0.0,0.0,0.0,0.0,0.0,0.0,0.0,0.0,2951.0,2353.0,577.0,752.0,986.0,1204.0,1320.0,1501.0,1528.0,1704.0,2304.5,1635.0,711.0,780.5,863.5,1091.0,1156.5,1319.0,1263.0,1480.0,2422.5,1802.0,567.5,716.5,915.0,1111.5,1228.5,1374.5,1470.0,1556.5,3654.0,3046.0,935.5,1167.0,1478.0,1739.5,1876.0,2027.5,2183.0,2276.5,0.0,0.0,0.0,0.0,0.0,0.0,0.0,0.0,0.0,0.0,3182.5,2513.5,795.5,1029.5,1276.5,1472.5,1700.0,1840.5,1999.5,2059.5,0.0,0.0,0.0,0.0,0.0,0.0,0.0,0.0,0.0,0.0,1558.0,982.5,319.5,506.5,669.5,901.5,1148.5,1226.5,1337.5,1411.5,1258.0,756.5,425.0,571.0,771.5,953.5,1101.5,1231.0,1294.5,1361.5,0.0,0.0,0.0,0.0,0.0,0.0,0.0,0.0,0.0,0.0,1690.5,1090.5,509.5,660.0,784.0,1030.5,1349.5,1462.0,1575.5,1604.0,0.0,0.0,0.0,0.0,0.0,0.0,0.0,0.0,0.0,0.0,989.0,1037.0,10595.5,10294.0,10241.5,10366.0,10118.0,9646.0,10139.0,9376.5,3424.5,3361.5,4733.5,3877.5,2908.5,2988.0,3063.0,3358.5,4849.0,3560.5,2604.5,2170.0,770.0,985.0,1227.5,1494.5,1710.5,1734.0,1873.0,1928.0,2361.0,1710.0,717.5,923.5,1132.0,1350.5,1520.5,1631.0,1746.5,1818.5,2017.0,1319.5,768.0,940.0,1123.0,1397.0,1659.0,1784.0,1839.0,1927.0,3526.5,2866.0,1251.5,1459.0,1698.0,2037.0,2281.0,2457.5,2478.0,2585.0,"{""type"":""MultiPoint"",""coordinates"":[]}"
1956,5,1086.0,626.0,508.0,671.0,846.0,1032.0,1143.0,1222.0,1375.0,1350.0,4818.0,4538.5,1631.0,2071.0,2515.0,2911.0,3047.0,3149.0,3265.0,3411.0,1051.0,648.5,539.5,695.0,904.5,1072.0,1083.5,1186.5,1267.5,1322.5,1690.5,1219.0,876.0,991.0,1173.0,1379.5,1449.0,1581.5,1678.0,1685.5,4742.0,4538.0,1606.0,2064.0,2516.0,2821.0,2941.0,3104.0,3314.0,3331.0,5401.0,5282.0,3523.0,3506.0,3633.0,4007.0,3983.0,4113.0,5244.0,4333.0,0.0,0.0,0.0,0.0,0.0,0.0,0.0,0.0,0.0,0.0,5191.0,4715.0,1679.0,2208.0,2488.0,3152.0,3814.0,4080.0,4119.0,4371.0,4440.0,3890.0,1249.0,1716.0,1957.0,2479.0,3151.0,3347.0,3582.0,3622.0,3431.5,2648.5,922.5,1243.5,1254.5,1822.0,2695.5,2982.5,3083.5,3205.0,3363.0,2405.0,1664.0,1765.0,1628.0,2283.0,4120.0,4873.0,4607.0,5168.0,2039.0,1623.0,833.5,1016.5,1221.5,1365.0,1431.0,1539.5,1745.0,1713.0,1796.0,901.0,380.0,600.0,441.0,968.0,2439.0,2950.0,2919.0,3125.0,2676.0,1798.0,549.0,788.0,662.0,1232.0,2923.0,3802.0,3741.0,4012.0,2080.0,1217.0,479.0,650.0,479.0,916.0,2793.0,3657.0,3669.0,3883.0,2041.0,1100.0,415.0,613.0,421.0,890.0,2852.0,3688.0,3541.0,4008.0,2009.0,1205.0,336.0,554.0,470.0,891.0,2329.0,2960.0,2956.0,3243.0,2195.0,1418.0,651.0,897.0,761.0,1363.5,2312.5,2668.0,2754.0,2980.0,2407.0,1721.5,458.5,649.5,709.5,1082.0,1533.0,1746.5,1903.5,2002.0,2005.0,1304.0,457.5,597.0,637.0,930.5,1289.5,1413.0,1446.5,1626.5,2525.5,1776.5,465.0,638.5,722.5,1023.0,1391.0,1567.5,1684.0,1774.5,3570.0,2836.0,708.0,936.0,1210.0,1514.0,1741.0,1898.0,2014.0,2165.0,954.0,696.0,650.0,798.0,1010.0,1196.0,1283.0,1406.0,1469.0,1559.0,2914.0,2839.0,825.0,998.0,1300.0,1425.0,1534.0,1647.0,1812.0,1809.0,1890.0,1326.0,502.0,607.0,859.0,967.0,1014.0,1105.0,1260.0,1257.0,1971.5,1479.0,435.0,599.0,842.0,967.0,1030.0,1107.5,1248.5,1268.5,3140.0,2866.0,799.0,1034.0,1385.0,1544.0,1614.0,1738.0,1853.0,1893.0,0.0,0.0,0.0,0.0,0.0,0.0,0.0,0.0,0.0,0.0,1584.0,1077.0,599.0,731.0,913.0,1060.0,1136.0,1242.0,1375.0,1389.0,0.0,0.0,0.0,0.0,0.0,0.0,0.0,0.0,0.0,0.0,981.0,1052.0,10674.0,10340.0,10314.0,10411.0,10074.0,9683.0,10052.0,9281.0,733.0,482.0,1595.5,1749.5,1916.0,2192.5,2020.0,2136.5,2238.5,2228.0,2154.0,1503.0,557.0,780.0,988.0,1215.0,1308.0,1381.0,1569.0,1548.0,1936.5,1375.0,730.0,965.0,1129.0,1387.5,1492.0,1574.5,1720.5,1755.5,1325.0,838.0,653.0,906.0,1098.0,1346.0,1414.0,1515.0,1588.0,1660.0,3981.0,3311.0,1282.0,1571.0,1942.0,2254.0,2334.0,2493.0,2634.0,2728.0,"{""type"":""MultiPoint"",""coordinates"":[]}"
1974,1,2317.0,1611.0,764.0,986.0,1282.0,1461.0,1590.0,1671.0,1930.0,1860.0,4736.0,4419.0,1565.0,2035.0,2574.0,2831.0,3026.0,3104.0,3358.0,3321.0,2170.0,1488.5,714.0,921.0,1159.5,1341.5,1472.5,1595.0,1698.0,1739.5,679.0,408.0,380.0,397.0,387.0,465.0,554.0,575.0,619.0,588.0,0.0,0.0,0.0,0.0,0.0,0.0,0.0,0.0,0.0,0.0,3694.0,2717.0,923.0,1278.0,1202.0,1754.0,3576.0,4314.0,4405.0,4457.0,0.0,0.0,0.0,0.0,0.0,0.0,0.0,0.0,0.0,0.0,1717.0,707.0,208.0,365.0,143.0,464.0,3223.0,5219.0,5244.0,5370.0,1684.0,702.0,264.0,463.0,271.0,599.0,3178.0,5037.0,4876.0,5392.0,1637.0,682.0,368.0,504.0,285.0,584.0,2891.0,4708.0,4882.0,4962.0,1795.0,715.0,481.0,576.0,373.0,705.0,3143.0,5025.0,4966.0,5241.0,2698.0,2122.0,870.0,1101.0,1409.0,1555.0,1712.0,1823.0,2046.0,2019.0,1819.0,750.0,420.0,635.0,381.0,812.0,3126.0,4380.0,4435.0,4711.0,1877.0,889.0,416.0,662.0,445.0,921.0,2919.0,4006.0,4117.0,4299.0,2629.0,1547.0,549.0,881.0,914.0,1573.0,2543.0,3068.0,3097.0,3506.0,2752.5,1992.5,1038.5,1216.5,1213.5,1632.0,2465.0,2849.5,2756.5,3109.5,2945.5,2285.5,502.0,662.0,939.5,1158.0,1302.5,1473.0,1626.0,1732.5,0.0,0.0,0.0,0.0,0.0,0.0,0.0,0.0,0.0,0.0,3853.0,3101.0,998.0,1327.0,1858.5,2140.5,2283.5,2433.0,2640.0,2728.0,3345.0,2520.5,841.0,1101.5,1406.5,1787.5,1999.5,2138.5,2194.0,2403.5,3659.5,2937.0,867.5,1243.0,1544.0,1914.0,2244.0,2437.5,2614.0,2659.0,3872.0,3229.0,949.0,1321.0,1588.0,2035.0,2422.0,2636.0,2797.0,2870.0,0.0,0.0,0.0,0.0,0.0,0.0,0.0,0.0,0.0,0.0,3036.0,2222.5,829.5,1148.5,1385.5,1754.5,2040.5,2257.5,2421.0,2486.5,0.0,0.0,0.0,0.0,0.0,0.0,0.0,0.0,0.0,0.0,2373.0,1609.0,625.0,866.0,1265.0,1470.0,1574.0,1717.0,1932.0,1969.0,2130.0,1568.5,829.0,923.5,1121.5,1264.5,1342.5,1479.0,1644.0,1627.5,0.0,0.0,0.0,0.0,0.0,0.0,0.0,0.0,0.0,0.0,2445.0,1761.0,691.0,879.0,1191.0,1390.0,1482.0,1606.0,1810.0,1821.0,0.0,0.0,0.0,0.0,0.0,0.0,0.0,0.0,0.0,0.0,909.0,969.0,10956.0,10566.0,10414.0,10475.0,10136.0,9754.0,10194.0,9378.0,0.0,0.0,0.0,0.0,0.0,0.0,0.0,0.0,0.0,0.0,2739.0,2106.0,908.0,1137.0,1435.0,1676.0,1749.0,1885.0,2069.0,2058.0,3123.5,2637.5,973.0,1266.5,1655.5,1840.0,1915.5,2071.0,2228.0,2209.0,2299.0,1631.0,766.0,988.0,1270.0,1438.0,1497.0,1642.0,1801.0,1775.0,0.0,0.0,0.0,0.0,0.0,0.0,0.0,0.0,0.0,0.0,"{""type"":""MultiPoint"",""coordinates"":[]}"
1975,2,2645.0,1636.0,655.0,982.0,1187.0,2036.0,3002.0,3371.0,3708.0,3719.0,3855.5,3312.0,1109.5,1427.5,1891.5,2218.5,2357.5,2514.5,2758.0,2755.5,2274.0,1701.5,642.0,820.5,1155.5,1330.5,1427.0,1557.5,1706.0,1746.0,2681.0,1978.0,808.0,1023.0,1420.0,1647.0,1759.0,1906.0,2130.0,2186.0,0.0,0.0,0.0,0.0,0.0,0.0,0.0,0.0,0.0,0.0,4933.0,4481.0,1629.5,2009.0,2499.0,2939.5,3187.0,3414.5,3623.0,3727.5,0.0,0.0,0.0,0.0,0.0,0.0,0.0,0.0,0.0,0.0,0.0,0.0,0.0,0.0,0.0,0.0,0.0,0.0,0.0,0.0,5064.0,4350.0,1514.0,2060.0,2393.0,3088.0,4209.0,4561.0,4542.0,4832.0,3328.5,2701.5,1097.0,1396.5,1480.0,1966.0,3127.5,3476.5,3426.0,3632.5,4251.0,3397.5,2394.5,2578.0,2373.5,3103.5,4668.5,5219.0,5256.5,5429.5,3008.0,1957.0,724.0,1036.0,1307.0,2022.0,2907.0,3183.0,3577.0,3556.0,2985.0,1538.0,522.0,841.0,518.0,1267.0,4544.0,5701.0,5551.0,5902.0,2583.0,1160.0,570.0,812.0,484.0,1119.0,4551.0,5824.0,5806.0,6002.0,0.0,0.0,0.0,0.0,0.0,0.0,0.0,0.0,0.0,0.0,2850.5,1462.0,929.0,1114.5,874.5,1600.5,4472.0,5572.5,5452.0,5893.5,2347.5,992.0,394.0,605.0,375.0,1031.0,4321.0,5400.5,5614.5,5754.0,0.0,0.0,0.0,0.0,0.0,0.0,0.0,0.0,0.0,0.0,2411.5,1241.0,396.0,554.5,474.5,1168.5,3262.0,3876.5,4133.0,4317.5,3434.0,2644.0,1621.0,1859.0,1966.0,2400.0,2820.0,3008.0,2906.0,3236.0,3017.0,2220.5,879.5,1034.5,1215.0,1542.0,1775.0,1986.5,2253.0,2348.5,3490.0,2736.0,663.0,859.0,1117.0,1451.0,1724.0,1945.0,2233.0,2385.0,0.0,0.0,0.0,0.0,0.0,0.0,0.0,0.0,0.0,0.0,3269.0,2344.0,592.0,782.0,972.0,1307.0,1596.0,1800.0,2145.0,2192.0,2499.0,1477.0,686.0,774.0,858.0,1229.0,1629.0,1912.0,2223.0,2345.0,2313.0,1451.0,313.0,557.0,619.0,1031.0,1712.0,1919.0,2211.0,2216.0,2546.0,1614.0,382.0,712.0,818.0,1347.0,2234.0,2560.0,2926.0,2867.0,0.0,0.0,0.0,0.0,0.0,0.0,0.0,0.0,0.0,0.0,2494.0,1549.0,501.0,781.0,724.0,1334.0,2505.0,2779.0,3135.0,3147.0,0.0,0.0,0.0,0.0,0.0,0.0,0.0,0.0,0.0,0.0,1156.0,1224.0,10780.0,10428.0,10354.0,10437.0,10110.0,9853.0,10200.0,9452.0,3240.0,2166.0,920.0,1190.0,1517.0,2205.0,2795.0,3094.0,3340.0,3457.0,3253.0,2163.0,678.0,996.0,1285.0,1967.0,2728.0,3028.0,3369.0,3416.0,0.0,0.0,0.0,0.0,0.0,0.0,0.0,0.0,0.0,0.0,2857.0,1761.0,676.0,1096.0,1140.0,2075.0,2918.0,3170.0,3443.0,3472.0,4587.0,3911.5,4411.0,4371.0,4419.5,4852.5,4814.5,4805.5,4973.5,4866.5,"{""type"":""MultiPoint"",""coordinates"":[]}"
1989,3,1918.0,1418.0,573.0,760.0,960.0,1293.0,1644.0,1779.0,1926.0,1893.0,3737.0,3129.0,1061.0,1436.0,1973.0,2242.0,2405.0,2586.0,2701.0,2877.0,3026.0,2243.0,821.0,1120.0,1446.0,1812.0,1966.0,2135.0,2339.0,2375.0,4515.5,3986.5,1271.5,1748.0,2223.5,2686.0,2923.0,3137.0,3311.0,3356.5,4901.5,4370.0,1544.0,2097.0,2672.0,3186.5,3385.0,3527.0,3764.5,3876.5,0.0,0.0,0.0,0.0,0.0,0.0,0.0,0.0,0.0,0.0,3230.0,2230.0,819.0,1100.0,1318.0,1825.0,2449.0,2762.0,2790.0,3024.0,2097.5,1055.0,395.5,624.5,309.5,941.5,3244.0,4330.5,4130.0,4415.0,1588.0,763.0,161.0,359.0,135.0,621.0,2825.0,4298.0,4057.0,4267.0,1621.0,734.0,366.0,436.0,220.0,601.0,3093.0,5231.0,5062.0,5448.0,1538.0,687.5,283.5,405.0,190.5,599.0,2962.5,5246.5,5099.5,5464.5,2913.0,2153.0,647.0,882.0,1113.0,1507.0,1876.0,2030.0,2250.0,2280.0,1203.0,555.0,313.0,442.0,259.0,672.0,2638.0,4686.0,4604.0,4966.0,1454.5,679.0,492.0,727.0,405.0,1114.5,3309.0,4891.0,5001.0,5252.5,1557.0,768.0,443.0,749.0,429.0,1214.0,3256.0,4540.0,4506.0,4880.0,2358.5,1331.5,778.0,1159.0,1016.0,1988.5,3470.0,4252.0,4277.5,4777.0,3300.5,2273.5,842.0,1245.5,1644.5,2366.5,2875.5,3231.0,3329.0,3700.5,3559.5,2442.5,715.0,1047.0,1393.5,1916.5,2318.0,2626.5,2694.0,2990.5,3256.0,2293.5,720.5,994.5,1258.0,1672.5,2130.0,2328.5,2516.5,2608.0,3841.0,3122.0,2176.0,2336.5,2519.0,2992.5,3293.5,3532.5,3526.5,3665.0,2865.0,2089.5,858.0,1228.5,1464.5,2053.5,2676.5,2851.0,2707.0,2980.0,3681.0,2469.0,805.0,1168.0,1348.0,1953.0,2613.0,2902.0,3130.0,3287.0,0.0,0.0,0.0,0.0,0.0,0.0,0.0,0.0,0.0,0.0,1642.5,1003.0,483.0,766.0,850.5,1383.0,1971.0,2187.5,2401.0,2448.5,2172.0,1335.0,566.0,871.0,1011.0,1618.0,2151.0,2370.0,2590.0,2631.0,1991.0,1164.0,549.5,883.5,1207.0,1696.0,2072.0,2278.5,2605.0,2553.0,2907.5,1921.0,842.0,1222.5,1694.0,2092.0,2292.0,2461.5,2728.0,2812.0,0.0,0.0,0.0,0.0,0.0,0.0,0.0,0.0,0.0,0.0,1408.0,865.0,478.0,655.0,1001.0,1220.0,1354.0,1513.0,1710.0,1722.0,1495.0,1011.0,951.0,924.0,913.0,1068.0,1213.0,1279.0,1411.0,1394.0,661.0,727.0,10670.0,10378.0,10280.0,10337.0,9975.0,9499.0,9810.0,8969.0,2188.5,2122.5,4812.5,4747.0,4777.5,5080.5,4926.0,4819.0,4908.0,4717.5,2655.0,1820.5,577.0,843.5,1050.0,1485.5,1856.0,2044.5,2271.0,2333.5,3354.5,2465.0,841.0,1131.0,1324.5,1800.5,2092.5,2304.0,2542.0,2587.0,3057.0,2237.0,681.0,926.0,1203.0,1557.0,1766.0,1976.0,2215.0,2233.0,3097.0,2212.0,768.0,1055.0,1333.0,1680.0,1881.0,2065.0,2253.0,2353.0,"{""type"":""MultiPoint"",""coordinates"":[]}"
1992,5,1846.5,1476.5,578.5,706.0,886.5,954.0,1050.5,1162.0,1248.0,1317.5,1809.5,1227.0,677.5,893.5,993.0,1239.0,1364.5,1489.5,1644.5,1641.0,2262.5,1589.5,668.5,898.0,991.5,1297.5,1486.0,1604.0,1736.5,1772.0,2751.0,1959.5,840.0,1076.5,1155.5,1473.0,1774.0,1958.5,2104.0,2145.0,3775.0,3452.0,1137.5,1501.5,1862.5,2080.5,2232.5,2390.5,2430.5,2606.5,3426.0,3034.5,954.5,1259.0,1525.5,1770.0,2019.0,2179.5,2329.0,2419.5,0.0,0.0,0.0,0.0,0.0,0.0,0.0,0.0,0.0,0.0,4018.5,3286.5,926.0,1385.5,1358.0,2010.5,3040.5,3436.5,3589.0,3676.5,0.0,0.0,0.0,0.0,0.0,0.0,0.0,0.0,0.0,0.0,2500.0,1418.5,490.5,756.0,492.0,1121.0,3230.0,3873.0,4026.5,4100.5,2635.0,1173.0,337.0,552.5,291.0,874.0,3997.5,5509.5,5401.0,5711.0,3249.5,2739.0,893.0,1066.0,1354.5,1491.0,1562.5,1709.5,1979.5,1901.5,2729.5,1235.5,388.5,533.0,282.5,760.0,4257.0,6119.0,5865.0,6393.5,2404.5,1104.5,353.5,522.0,287.5,731.0,4113.0,5880.5,5820.5,5935.5,0.0,0.0,0.0,0.0,0.0,0.0,0.0,0.0,0.0,0.0,2336.0,1032.0,309.0,465.5,262.5,720.0,3900.5,5437.0,5278.5,5664.5,2089.0,926.5,245.0,453.5,233.5,761.0,3653.5,4770.0,4959.5,5053.5,0.0,0.0,0.0,0.0,0.0,0.0,0.0,0.0,0.0,0.0,2894.5,1904.0,506.0,761.0,1061.5,1458.5,1704.5,1977.5,2145.0,2275.0,3056.5,2223.5,780.5,880.5,1062.5,1267.0,1430.0,1580.5,1638.0,1882.0,2819.0,2105.5,525.5,666.0,903.5,1055.0,1197.0,1342.5,1529.5,1594.0,4004.0,2878.0,993.0,1240.0,1606.0,1915.5,2059.0,2263.0,2450.5,2557.5,0.0,0.0,0.0,0.0,0.0,0.0,0.0,0.0,0.0,0.0,3825.0,2869.5,1066.5,1311.0,1680.0,1902.5,2006.5,2115.5,2346.5,2434.5,3985.0,2947.5,1282.0,1468.5,1787.5,2115.5,2169.0,2266.5,2354.5,2556.5,2778.5,1885.0,788.0,990.0,1325.0,1513.5,1674.5,1736.0,1947.5,1917.0,3180.0,2288.5,936.5,1145.5,1467.5,1685.5,1789.0,1919.0,2096.0,2155.5,0.0,0.0,0.0,0.0,0.0,0.0,0.0,0.0,0.0,0.0,3359.5,2655.5,940.0,1110.5,1403.5,1598.5,1688.0,1778.0,2039.0,1975.5,0.0,0.0,0.0,0.0,0.0,0.0,0.0,0.0,0.0,0.0,992.0,1064.0,9794.0,9763.5,9930.0,10117.0,9784.5,9516.0,9909.5,9171.5,0.0,0.0,0.0,0.0,0.0,0.0,0.0,0.0,0.0,0.0,3423.5,2944.0,907.5,1133.0,1425.0,1641.0,1761.5,1837.5,2123.5,2112.5,155.5,94.0,595.0,914.0,898.0,845.0,374.5,373.0,344.0,246.5,41.5,38.5,516.0,800.5,1008.0,1054.0,575.5,554.0,510.0,329.5,135.0,135.0,705.0,968.0,979.0,939.0,471.5,450.0,390.0,286.0,"{""type"":""MultiPoint"",""coordinates"":[]}"
1999,5,1799.0,1162.0,446.0,633.0,698.0,999.0,1485.0,1606.0,1784.0,1737.0,3088.5,2537.0,902.0,1164.0,1492.5,1715.0,1812.0,1939.0,2098.5,2133.5,2122.0,1445.0,607.0,789.0,997.0,1184.0,1261.0,1398.0,1537.0,1534.0,0.0,0.0,0.0,0.0,0.0,0.0,0.0,0.0,0.0,0.0,0.0,0.0,0.0,0.0,0.0,0.0,0.0,0.0,0.0,0.0,4606.5,3956.0,1569.0,1933.0,2184.5,2618.5,3192.5,3542.5,3805.5,3771.5,0.0,0.0,0.0,0.0,0.0,0.0,0.0,0.0,0.0,0.0,2429.0,1440.0,516.0,754.0,718.0,1223.0,2112.0,2341.0,2442.0,2594.0,2846.0,1621.0,459.0,748.0,668.0,1219.0,3164.0,3903.0,3697.0,4207.0,2159.0,1186.0,402.0,620.0,474.0,932.0,2516.0,3250.0,3357.0,3347.0,2567.0,1463.0,355.0,608.0,454.0,1006.0,3446.0,4558.0,4584.0,4779.0,1892.0,1302.0,469.0,648.0,773.0,1059.0,1531.0,1667.0,1836.0,1822.0,2167.0,946.0,292.0,470.0,257.0,764.0,3521.0,4910.0,4890.0,5171.0,2268.0,974.0,403.0,557.0,308.0,811.0,3929.0,5385.0,5452.0,5758.0,0.0,0.0,0.0,0.0,0.0,0.0,0.0,0.0,0.0,0.0,2316.0,1050.0,383.5,644.5,380.0,1030.5,3945.0,5032.0,4908.5,5335.5,2046.0,948.5,375.0,645.5,389.0,1070.5,3352.5,4107.5,4173.0,4365.0,2199.0,1156.0,380.0,776.0,538.0,1419.0,3040.0,3604.0,3694.0,3900.0,2603.5,1731.5,490.5,726.0,948.5,1353.5,1606.0,1811.5,1991.5,2151.0,2472.0,1620.0,441.0,601.0,806.0,1041.0,1170.0,1307.0,1385.0,1507.0,4206.5,3114.0,1111.0,1374.0,1799.0,2138.5,2295.0,2503.0,2644.0,2825.0,3916.0,2995.0,954.0,1187.0,1555.0,1846.0,1995.0,2177.0,2380.0,2450.0,2298.0,1582.0,2731.0,2469.0,2411.0,2502.0,2493.0,2534.0,2996.0,2457.0,0.0,0.0,0.0,0.0,0.0,0.0,0.0,0.0,0.0,0.0,2341.0,2147.0,446.0,660.0,996.0,1180.0,1296.0,1432.0,1007.0,1630.0,1575.0,1083.0,302.0,448.0,619.0,706.0,795.0,874.0,1011.0,989.0,2516.0,2185.0,580.0,763.0,1037.0,1177.0,1221.0,1350.0,1516.0,1519.0,0.0,0.0,0.0,0.0,0.0,0.0,0.0,0.0,0.0,0.0,1793.0,1248.0,541.0,616.0,766.0,868.0,1020.0,1100.0,1299.0,1247.0,0.0,0.0,0.0,0.0,0.0,0.0,0.0,0.0,0.0,0.0,276.0,251.0,5174.0,5338.0,5479.0,5669.0,5476.0,5207.0,5325.0,4865.0,2097.0,1571.0,667.0,721.0,938.0,1187.0,1374.0,1566.0,1426.0,1822.0,2068.5,1416.5,595.0,791.5,1005.0,1211.5,1341.0,1460.5,1672.5,1661.5,3675.5,3129.5,2645.0,2997.0,3280.5,3699.0,3582.0,3441.0,3011.5,3269.5,2452.0,2103.5,1665.0,1619.0,1737.0,1886.0,1817.5,1966.0,2050.5,2120.5,0.0,0.0,0.0,0.0,0.0,0.0,0.0,0.0,0.0,0.0,"{""type"":""MultiPoint"",""coordinates"":[]}"
