system:index,cropland,d0_B11,d0_B12,d0_B2,d0_B3,d0_B4,d0_B5,d0_B6,d0_B7,d0_B8,d0_B8A,d10_B11,d10_B12,d10_B2,d10_B3,d10_B4,d10_B5,d10_B6,d10_B7,d10_B8,d10_B8A,d11_B11,d11_B12,d11_B2,d11_B3,d11_B4,d11_B5,d11_B6,d11_B7,d11_B8,d11_B8A,d12_B11,d12_B12,d12_B2,d12_B3,d12_B4,d12_B5,d12_B6,d12_B7,d12_B8,d12_B8A,d13_B11,d13_B12,d13_B2,d13_B3,d13_B4,d13_B5,d13_B6,d13_B7,d13_B8,d13_B8A,d14_B11,d14_B12,d14_B2,d14_B3,d14_B4,d14_B5,d14_B6,d14_B7,d14_B8,d14_B8A,d15_B11,d15_B12,d15_B2,d15_B3,d15_B4,d15_B5,d15_B6,d15_B7,d15_B8,d15_B8A,d16_B11,d16_B12,d16_B2,d16_B3,d16_B4,d16_B5,d16_B6,d16_B7,d16_B8,d16_B8A,d17_B11,d17_B12,d17_B2,d17_B3,d17_B4,d17_B5,d17_B6,d17_B7,d17_B8,d17_B8A,d18_B11,d18_B12,d18_B2,d18_B3,d18_B4,d18_B5,d18_B6,d18_B7,d18_B8,d18_B8A,d19_B11,d19_B12,d19_B2,d19_B3,d19_B4,d19_B5,d19_B6,d19_B7,d19_B8,d19_B8A,d1_B11,d1_B12,d1_B2,d1_B3,d1_B4,d1_B5,d1_B6,d1_B7,d1_B8,d1_B8A,d20_B11,d20_B12,d20_B2,d20_B3,d20_B4,d20_B5,d20_B6,d20_B7,d20_B8,d20_B8A,d21_B11,d21_B12,d21_B2,d21_B3,d21_B4,d21_B5,d21_B6,d21_B7,d21_B8,d21_B8A,d22_B11,d22_B12,d22_B2,d22_B3,d22_B4,d22_B5,d22_B6,d22_B7,d22_B8,d22_B8A,d23_B11,d23_B12,d23_B2,d23_B3,d23_B4,d23_B5,d23_B6,d23_B7,d23_B8,d23_B8A,d24_B11,d24_B12,d24_B2,d24_B3,d24_B4,d24_B5,d24_B6,d24_B7,d24_B8,d24_B8A,d25_B11,d25_B12,d25_B2,d25_B3,d25_B4,d25_B5,d25_B6,d25_B7,d25_B8,d25_B8A,d26_B11,d26_B12,d26_B2,d26_B3,d26_B4,d26_B5,d26_B6,d26_B7,d26_B8,d26_B8A,d27_B11,d27_B12,d27_B2,d27_B3,d27_B4,d27_B5,d27_B6,d27_B7,d27_B8,d27_B8A,d28_B11,d28_B12,d28_B2,d28_B3,d28_B4,d28_B5,d28_B6,d28_B7,d28_B8,d28_B8A,d29_B11,d29_B12,d29_B2,d29_B3,d29_B4,d29_B5,d29_B6,d29_B7,d29_B8,d29_B8A,d2_B11,d2_B12,d2_B2,d2_B3,d2_B4,d2_B5,d2_B6,d2_B7,d2_B8,d2_B8A,d30_B11,d30_B12,d30_B2,d30_B3,d30_B4,d30_B5,d30_B6,d30_B7,d30_B8,d30_B8A,d31_B11,d31_B12,d31_B2,d31_B3,d31_B4,d31_B5,d31_B6,d31_B7,d31_B8,d31_B8A,d32_B11,d32_B12,d32_B2,d32_B3,d32_B4,d32_B5,d32_B6,d32_B7,d32_B8,d32_B8A,d33_B11,d33_B12,d33_B2,d33_B3,d33_B4,d33_B5,d33_B6,d33_B7,d33_B8,d33_B8A,d34_B11,d34_B12,d34_B2,d34_B3,d34_B4,d34_B5,d34_B6,d34_B7,d34_B8,d34_B8A,d35_B11,d35_B12,d35_B2,d35_B3,d35_B4,d35_B5,d35_B6,d35_B7,d35_B8,d35_B8A,d3_B11,d3_B12,d3_B2,d3_B3,d3_B4,d3_B5,d3_B6,d3_B7,d3_B8,d3_B8A,d4_B11,d4_B12,d4_B2,d4_B3,d4_B4,d4_B5,d4_B6,d4_B7,d4_B8,d4_B8A,d5_B11,d5_B12,d5_B2,d5_B3,d5_B4,d5_B5,d5_B6,d5_B7,d5_B8,d5_B8A,d6_B11,d6_B12,d6_B2,d6_B3,d6_B4,d6_B5,d6_B6,d6_B7,d6_B8,d6_B8A,d7_B11,d7_B12,d7_B2,d7_B3,d7_B4,d7_B5,d7_B6,d7_B7,d7_B8,d7_B8A,d8_B11,d8_B12,d8_B2,d8_B3,d8_B4,d8_B5,d8_B6,d8_B7,d8_B8,d8_B8A,d9_B11,d9_B12,d9_B2,d9_B3,d9_B4,d9_B5,d9_B6,d9_B7,d9_B8,d9_B8A,.geo
39,204,2688.0,2437.0,567.0,713.0,919.0,1085.0,1220.0,1381.0,1560.0,1630.0,2653.5,2187.5,581.0,834.5,878.5,1272.0,2089.5,2357.0,2526.0,2557.5,2428.5,1986.0,538.5,765.0,791.0,1154.5,2153.0,2499.0,2705.0,2692.0,2420.0,1925.0,495.0,756.0,775.0,1174.0,2269.0,2651.0,2800.0,2900.0,2449.0,2028.0,591.0,815.0,867.0,1231.0,2289.0,2693.0,2889.0,2906.0,2476.0,2037.0,591.0,811.0,881.0,1245.0,2275.0,2669.0,2855.0,2902.0,2476.0,2037.0,595.0,811.0,881.0,1231.0,2204.0,2636.0,2808.0,2875.0,2446.0,2023.0,595.0,814.0,903.0,1219.0,2204.0,2655.0,2869.0,2920.0,2454.0,2023.0,605.0,816.0,907.0,1232.0,2170.0,2655.0,2819.0,2949.0,2498.0,2053.0,606.0,827.0,915.0,1262.0,2170.0,2618.0,2781.0,2850.0,2456.0,1995.0,589.0,796.0,887.0,1221.0,2024.0,2501.0,2607.0,2757.0,2726.5,2479.0,604.5,778.0,967.5,1136.0,1259.5,1408.0,1585.5,1649.0,2392.0,1995.0,589.0,796.0,887.0,1221.0,2024.0,2411.0,2592.0,2705.0,2319.0,1859.5,558.5,770.5,860.5,1191.5,2009.0,2407.0,2557.0,2663.0,2364.0,1934.0,592.0,809.0,875.0,1206.0,2032.0,2431.0,2599.0,2679.0,2243.0,1806.0,621.0,762.0,899.0,1159.0,1863.0,2159.0,2375.0,2459.0,2186.0,1705.0,505.0,723.0,848.0,1115.0,1766.0,2067.0,2261.0,2318.0,2081.0,1678.0,492.0,658.0,793.0,1049.0,1638.0,1924.0,2083.0,2179.0,2126.0,1632.0,523.0,658.0,796.0,1049.0,1645.0,1973.0,2140.0,2214.0,2068.0,1547.0,1240.0,1284.0,1298.0,1545.0,2026.0,2233.0,2362.0,2420.0,2105.0,1567.0,411.0,612.0,721.0,1035.0,1727.0,2007.0,2227.0,2337.0,1936.0,1393.0,362.0,528.0,637.0,918.0,1596.0,1932.0,2080.0,2193.0,2348.0,2080.0,474.5,622.0,800.0,940.0,1054.5,1202.0,1368.0,1400.0,1814.0,1271.0,351.0,506.5,584.0,907.5,1557.5,1831.0,1970.0,2130.5,2189.0,1567.0,263.0,507.0,610.0,999.0,1495.0,1722.0,1892.0,2059.0,2819.0,2365.0,508.0,638.0,793.0,997.0,1202.0,1348.0,1517.0,1580.0,2819.0,2365.0,508.0,638.0,793.0,997.0,1202.0,1348.0,1517.0,1580.0,2212.0,1812.0,818.0,938.0,1018.0,1208.0,1509.0,1619.0,1782.0,1786.0,0.0,0.0,0.0,0.0,0.0,0.0,0.0,0.0,0.0,0.0,2875.5,2560.0,692.0,871.5,1045.5,1258.5,1413.5,1588.0,1730.5,1800.5,3171.5,2885.0,759.5,963.0,1164.0,1412.5,1633.0,1839.5,2002.5,2075.5,3129.0,2716.0,744.0,1012.0,1163.0,1444.0,1788.0,1980.0,2192.0,2235.0,3106.0,2636.0,846.0,1013.0,1156.5,1407.0,1915.0,2159.5,2492.0,2428.0,3416.0,2999.0,937.5,1098.0,1271.0,1533.0,1961.0,2213.0,2526.5,2482.5,3344.0,3087.0,774.5,975.5,1197.0,1398.5,1625.5,1803.5,2004.5,2053.0,3130.0,2860.0,718.0,931.0,1159.0,1369.0,1518.0,1632.0,1780.0,1912.0,"{""type"":""MultiPoint"",""coordinates"":[]}"
175,69,1906.0,1612.0,398.0,537.0,554.0,890.5,1238.5,1352.0,1456.0,1510.0,3256.0,2744.5,855.5,1261.5,1507.5,1977.0,2518.0,2726.5,2836.5,2915.0,3163.0,2679.5,777.0,1158.5,1403.5,1846.0,2423.0,2615.5,2755.0,2837.5,3146.5,2679.5,770.5,1192.5,1381.5,1872.0,2571.0,2819.0,3012.5,3023.0,3277.5,2735.0,800.5,1227.0,1382.0,1925.0,2976.0,3354.0,3515.0,3536.5,2930.0,2315.5,649.0,1057.0,1130.5,1723.0,2871.0,3241.0,3442.0,3458.0,3104.0,2456.0,728.0,1163.0,1250.5,1853.0,3038.0,3463.5,3614.0,3675.0,3441.5,2729.5,754.5,1244.5,1327.5,2007.5,3214.0,3621.5,3733.5,3824.0,3284.0,2542.5,757.5,1221.5,1312.5,1952.5,3205.0,3656.5,3747.0,3849.5,3276.5,2410.0,726.0,1210.5,1210.0,1921.5,3147.5,3673.0,3656.0,3842.5,3453.0,2766.0,790.0,1256.5,1359.5,2012.0,3189.5,3652.5,3693.0,3844.0,3512.0,3058.0,2418.5,2534.0,2471.0,2916.0,3481.0,3649.0,3753.0,3737.5,3094.5,2396.5,740.5,1169.5,1268.5,1879.5,2989.0,3408.5,3437.5,3614.5,3195.0,2434.0,723.0,1185.5,1269.5,1922.5,3056.5,3431.0,3510.5,3715.0,3222.5,2450.5,827.0,1281.5,1482.5,2083.0,3081.5,3512.5,3621.0,3748.5,2873.5,2134.5,797.0,1194.5,1368.0,1961.5,2902.5,3300.0,3478.0,3585.0,2787.5,2170.0,758.5,1084.5,1201.5,1736.0,2726.0,3082.0,3241.0,3360.5,2444.5,1930.0,670.0,958.5,1094.0,1528.5,2241.5,2546.5,2664.0,2782.0,2443.5,1885.0,708.5,988.0,1105.5,1528.5,2266.0,2564.0,2720.0,2836.5,2418.5,1804.0,716.0,989.0,1120.0,1511.5,2286.5,2589.0,2764.5,2840.5,2151.5,1515.5,414.5,675.5,759.0,1292.5,2139.0,2481.5,2659.0,2785.5,1902.0,1316.5,367.5,553.0,639.0,1163.5,1911.5,2246.0,2383.0,2559.0,1849.5,1366.0,298.5,563.0,467.0,957.0,1937.0,2198.5,2343.0,2355.5,1709.0,1169.0,261.5,376.0,531.0,973.5,1398.0,1588.5,1660.5,1878.0,3143.0,2624.0,1783.0,1882.5,2068.0,2458.0,2652.5,2755.5,2789.5,2894.0,1653.0,1283.0,307.5,364.0,459.5,766.5,953.0,1092.5,1183.5,1268.0,1676.5,1305.5,307.5,373.0,479.5,783.5,966.0,1094.0,1189.0,1268.0,2078.0,1308.0,2378.5,2283.0,2185.5,2436.0,2657.5,2698.5,2884.5,2834.0,0.0,0.0,0.0,0.0,0.0,0.0,0.0,0.0,0.0,0.0,2244.0,1746.5,411.5,701.5,755.0,1190.5,1886.0,2129.0,2257.0,2332.0,2060.5,1560.0,417.0,674.0,729.5,1075.5,1569.5,1744.5,1965.5,1887.0,2089.5,1541.0,464.0,759.0,775.5,1195.5,1828.5,2002.0,2399.5,2141.0,0.0,0.0,0.0,0.0,0.0,0.0,0.0,0.0,0.0,0.0,3400.0,3122.0,923.0,1252.0,1611.0,1918.5,2128.0,2270.0,2418.0,2501.5,3400.0,3091.5,917.5,1252.0,1611.0,1918.5,2088.5,2238.0,2389.0,2478.0,3266.5,2830.5,886.5,1243.0,1572.0,1928.5,2183.5,2309.5,2478.5,2558.5,"{""type"":""MultiPoint"",""coordinates"":[]}"
178,204,2315.5,1903.5,437.5,486.0,674.0,821.0,938.5,1071.0,1225.5,1338.5,2776.0,2361.5,686.5,864.5,947.0,1241.5,1831.5,2027.0,2196.5,2227.5,2773.0,2264.0,671.0,854.0,918.0,1224.0,2170.0,2468.0,2565.0,2659.0,2624.0,2110.0,593.0,830.0,886.0,1211.0,2148.0,2513.0,2615.0,2736.0,2634.0,2109.0,671.0,875.0,956.0,1241.0,2213.0,2625.0,2715.0,2854.0,2729.0,2225.0,724.0,922.0,1023.0,1301.0,2241.0,2637.0,2835.0,2886.0,2767.0,2252.0,729.0,947.0,1039.0,1312.0,2241.0,2684.0,2835.0,2919.0,2757.0,2208.0,734.0,944.0,1056.0,1339.0,2206.0,2638.0,2784.0,2880.0,2742.0,2207.0,761.0,951.0,1041.0,1313.0,2206.0,2690.0,2771.0,2974.0,2658.0,2106.5,669.0,876.5,974.5,1258.0,2148.5,2635.0,2716.0,2880.0,2491.5,1942.5,570.5,772.5,883.5,1159.5,2041.0,2516.0,2642.5,2765.0,2614.0,2298.0,495.0,585.0,761.0,905.0,1001.0,1115.0,1268.0,1379.0,2228.0,1694.0,495.0,640.0,721.0,977.0,1874.0,2340.0,2382.0,2593.0,2228.0,1694.0,520.0,716.0,821.0,1090.0,1993.0,2445.0,2580.0,2614.0,2272.0,1747.0,545.0,716.0,832.0,1092.0,1978.0,2475.0,2500.0,2732.0,2135.0,1634.0,541.0,724.0,798.0,1052.0,1908.0,2333.0,2501.0,2594.0,1846.0,1353.0,496.0,629.0,692.0,949.0,1778.0,2150.0,2274.0,2391.0,1918.0,1403.0,492.5,649.0,709.5,961.0,1782.5,2199.5,2345.5,2456.5,1850.0,1334.0,639.0,791.0,892.0,1147.0,1907.0,2299.0,2547.0,2573.0,1787.0,1263.5,562.5,680.0,748.0,982.5,1806.0,2201.5,2428.5,2470.0,1577.0,1110.0,366.0,499.0,551.0,818.0,1705.0,2098.0,2310.0,2363.0,959.0,533.0,186.0,250.0,257.0,568.0,1536.0,1870.0,2008.0,2138.0,2196.5,1778.0,460.5,514.5,667.0,783.5,877.0,998.5,1154.5,1225.0,1581.5,995.5,274.5,440.5,454.0,885.5,2007.5,2444.5,2589.5,2799.0,2615.0,2196.0,1826.0,1902.0,1936.0,2379.0,2573.0,2636.0,2657.0,2844.0,2576.5,1902.5,473.5,607.5,836.0,1137.5,1343.5,1518.5,1767.5,1879.5,2909.0,2276.0,524.0,670.0,938.0,1238.0,1419.0,1602.0,1799.0,1955.0,2425.0,2060.0,361.0,436.0,627.0,786.0,912.0,1046.0,1251.0,1317.0,0.0,0.0,0.0,0.0,0.0,0.0,0.0,0.0,0.0,0.0,2915.0,2598.0,620.0,771.5,1003.5,1138.0,1274.0,1402.0,1603.0,1641.0,1495.0,1235.0,513.0,502.0,598.0,670.0,725.0,762.0,903.0,872.0,3468.0,3082.0,713.0,942.0,1232.0,1390.0,1543.0,1695.0,1889.0,1969.0,4754.5,3942.5,4021.0,3992.5,3972.0,4306.0,4531.0,4643.0,4769.0,4724.0,3554.0,3226.0,912.0,1055.0,1309.0,1487.0,1620.0,1790.0,1979.0,2079.0,3527.0,3176.0,906.0,1055.0,1316.0,1487.0,1630.0,1790.0,2013.0,2079.0,3264.0,2926.5,773.5,946.5,1185.0,1343.0,1473.5,1631.5,1810.5,1865.5,"{""type"":""MultiPoint"",""coordinates"":[]}"
183,3,0.0,0.0,0.0,0.0,0.0,0.0,0.0,0.0,0.0,0.0,1557.5,1459.5,660.5,859.0,1046.0,1166.0,1108.5,1184.5,1249.5,1220.5,401.0,371.0,1001.0,1147.0,1202.0,1282.0,1037.0,1099.0,1069.0,915.0,1733.0,1353.0,590.0,711.0,826.0,942.0,957.0,1058.0,1117.0,1148.0,276.0,237.5,449.0,630.0,635.5,798.5,677.5,759.0,724.5,632.0,496.0,345.0,378.0,601.0,505.0,804.0,968.0,1064.0,1038.0,1004.0,615.0,374.0,255.0,455.5,305.5,667.5,1111.0,1291.0,1281.0,1180.0,866.0,445.0,171.5,343.5,163.5,525.0,1639.5,2184.5,2143.0,2096.5,1154.0,542.0,179.0,359.0,154.5,560.5,2404.0,3543.0,3515.0,3569.5,1151.0,511.0,167.0,367.0,173.0,650.0,2558.0,3624.0,3766.0,3765.0,1231.0,578.0,203.0,383.5,218.5,658.5,2499.0,3707.5,3868.5,3982.5,2423.5,2108.0,768.0,967.5,1245.5,1368.5,1397.0,1493.0,1606.0,1605.5,1229.0,601.0,174.0,390.0,198.0,673.0,2569.0,3755.0,3999.0,3979.0,1619.5,763.0,1501.5,1760.0,1396.0,2085.0,3489.0,4200.0,4381.5,4404.5,1749.0,878.0,2813.5,2742.0,2247.0,2678.5,3629.5,4145.0,4219.0,4349.0,1581.0,823.0,937.0,1308.5,1091.0,1958.5,3238.0,3723.0,3951.0,4026.5,1733.5,975.5,428.0,983.5,973.5,1904.0,2955.0,3331.5,3610.0,3653.0,2089.0,1208.5,581.5,1118.0,1193.5,2100.0,2958.0,3312.0,3538.0,3690.5,4122.0,2890.0,1092.5,1556.0,2115.5,2665.0,2957.5,3210.0,3473.5,3624.0,4649.0,3495.0,1247.0,1703.0,2447.0,2874.0,3072.0,3394.0,3643.0,3736.0,4594.5,3379.5,1176.0,1722.0,2514.0,2906.5,3129.0,3381.5,3730.5,3793.5,2653.0,2034.0,3183.0,3063.0,3102.0,3369.0,3284.0,3244.0,3315.0,3237.0,0.0,0.0,0.0,0.0,0.0,0.0,0.0,0.0,0.0,0.0,2332.0,1692.0,601.0,816.0,1124.0,1370.0,1520.0,1662.0,1799.0,1834.0,2778.0,2122.0,782.0,1006.0,1239.0,1549.0,1693.0,1835.0,1923.0,2092.0,3246.5,2561.0,757.0,1026.0,1282.0,1587.0,1818.5,1971.0,2150.0,2183.5,1328.0,1192.0,376.0,418.0,547.0,634.0,678.0,726.0,778.0,804.0,1427.0,1314.0,249.0,374.0,548.0,629.0,652.0,744.0,830.0,852.0,0.0,0.0,0.0,0.0,0.0,0.0,0.0,0.0,0.0,0.0,0.0,0.0,0.0,0.0,0.0,0.0,0.0,0.0,0.0,0.0,2374.0,2098.0,720.0,897.0,1150.0,1248.0,1303.0,1395.0,1481.0,1498.0,2605.5,2286.5,775.0,954.0,1249.0,1348.0,1392.5,1478.5,1617.0,1610.5,2563.0,2282.0,606.0,854.0,1176.0,1296.0,1348.0,1464.0,1615.0,1649.0,2626.5,2180.5,1018.0,1186.0,1464.0,1639.5,1718.0,1856.0,1937.5,1994.0,2371.5,2156.0,637.5,844.0,1120.5,1231.0,1319.5,1418.0,1535.0,1545.5,2714.0,2437.0,859.0,1115.0,1435.0,1605.0,1648.0,1746.0,1834.0,1885.0,"{""type"":""MultiPoint"",""coordinates"":[]}"
190,3,97.5,78.5,584.0,733.5,784.5,815.5,498.0,528.5,477.5,336.0,1602.5,1551.0,529.5,744.0,972.5,1114.5,1065.0,1150.5,1209.0,1193.0,124.0,116.5,404.0,521.0,537.5,654.5,401.0,414.0,391.5,276.5,89.0,58.0,317.0,472.0,540.5,700.5,567.0,604.5,587.5,473.5,316.5,203.0,292.0,521.0,393.0,754.0,903.0,998.0,951.5,862.0,712.5,405.5,199.0,421.5,248.0,649.5,1314.5,1437.0,1437.0,1330.5,1204.0,566.0,184.0,369.0,157.5,588.5,2174.5,2909.5,2986.0,2897.5,1310.0,587.0,128.0,322.0,94.0,525.5,2545.5,3808.0,3833.0,3848.5,1258.5,548.0,131.5,291.0,90.0,469.0,2576.0,4153.5,4209.0,4262.5,1278.0,534.0,115.0,285.5,102.0,472.5,2757.0,4525.0,4687.5,4640.5,1404.5,625.0,212.5,445.5,188.5,732.5,3127.0,4841.5,4948.5,5071.0,131.5,112.5,555.5,689.0,754.0,774.5,520.5,535.0,488.5,389.0,1542.5,708.0,402.5,844.0,402.5,1316.0,3604.0,4993.0,5246.0,5194.0,1866.0,909.5,1807.5,2153.0,1639.0,2361.0,4053.5,5021.0,5211.0,5296.0,2055.0,1077.0,1166.0,1498.5,1265.5,2151.5,3686.0,4341.0,4448.0,4708.5,2113.0,1142.0,1118.0,1550.5,1359.5,2394.5,3845.5,4409.0,4647.5,4812.5,2493.0,1534.0,764.5,1416.5,1578.5,2709.5,3762.5,4231.0,4588.5,4713.5,4806.5,3304.5,1381.0,1912.5,2770.0,3286.5,3523.5,3845.5,4128.0,4312.5,4203.5,3067.5,1080.5,1540.5,2251.0,2618.5,2776.5,3011.5,3272.0,3380.0,4084.0,3043.5,1065.0,1456.0,2084.5,2422.0,2559.0,2838.0,3039.5,3156.5,2029.0,1504.0,597.5,878.0,1302.0,1480.0,1463.0,1593.5,1764.0,1692.5,0.0,0.0,0.0,0.0,0.0,0.0,0.0,0.0,0.0,0.0,0.0,0.0,0.0,0.0,0.0,0.0,0.0,0.0,0.0,0.0,29.0,15.0,180.5,302.5,417.5,491.0,304.0,319.5,330.5,260.5,865.5,850.0,887.5,893.0,934.5,1036.0,876.0,915.0,839.5,838.0,112.5,96.5,248.0,330.5,400.5,468.0,345.5,384.0,365.0,326.0,1768.0,1825.0,1661.5,1520.5,1537.5,1679.5,1624.0,1708.0,1597.5,1730.0,1014.5,708.5,242.5,368.0,622.5,803.5,908.5,1022.0,1125.0,1112.0,243.5,202.5,581.0,552.5,565.5,608.0,610.5,651.0,682.5,663.0,0.0,0.0,0.0,0.0,0.0,0.0,0.0,0.0,0.0,0.0,1024.0,663.0,362.0,503.5,744.5,921.0,979.5,1090.5,1189.0,1257.5,2544.0,2047.0,652.0,901.0,1244.0,1398.0,1531.0,1676.0,1853.5,1874.5,3489.5,3164.5,1003.0,1299.0,1732.5,1938.5,2033.0,2220.5,2409.0,2434.0,814.0,600.0,388.0,405.0,463.5,462.5,449.5,478.5,645.0,549.5,3550.0,3156.0,960.0,1241.0,1659.5,1835.5,1957.5,2102.0,2333.0,2373.5,2596.0,2437.5,613.0,844.5,1185.0,1340.0,1420.5,1545.5,1661.0,1700.0,"{""type"":""MultiPoint"",""coordinates"":[]}"
213,3,68.0,67.5,458.0,628.5,740.0,762.0,550.5,545.0,511.5,426.0,1890.5,1733.0,541.0,701.5,986.0,1103.0,1157.0,1244.0,1333.5,1374.5,2063.0,1891.0,653.5,845.5,1143.0,1270.5,1323.5,1415.0,1502.5,1550.0,259.5,249.5,386.0,545.0,588.5,741.5,625.5,667.0,681.5,611.5,123.0,110.0,383.0,570.5,565.5,786.5,612.0,664.5,632.5,517.0,259.0,174.5,282.5,528.0,490.5,786.0,846.5,943.5,906.5,875.0,716.5,432.5,323.0,538.0,366.5,806.5,1468.0,1612.0,1639.0,1596.0,1284.0,645.5,253.0,481.0,233.5,725.5,2378.0,3089.5,3124.0,3131.5,1403.0,640.5,203.0,385.5,163.0,580.5,2689.5,4077.0,4075.5,4140.5,1167.0,498.0,147.5,269.0,120.5,417.5,2447.0,4238.0,4363.5,4371.5,1113.0,468.5,192.5,297.5,142.5,432.5,2368.0,4127.0,4236.5,4341.0,104.5,101.0,412.0,613.5,701.0,757.5,556.0,578.5,562.0,442.5,1224.0,517.5,439.5,504.5,294.5,612.0,2530.5,4268.5,4536.0,4540.0,1432.0,595.0,746.0,990.0,642.0,1161.5,3228.5,4656.5,4839.5,4944.5,1789.0,854.5,1905.5,2041.0,1665.0,2251.5,3671.0,4534.0,4550.5,4823.0,1572.0,757.0,1080.5,1403.5,1016.0,1868.0,3704.0,4580.5,4755.5,4813.0,1579.0,809.0,430.0,999.5,762.0,1834.5,3627.0,4298.0,4557.5,4583.5,2071.0,1197.5,638.0,1217.0,1310.5,2320.5,3326.5,3743.0,3966.5,4154.5,3116.0,2021.0,1023.5,1659.0,2190.5,3123.0,3751.0,4124.0,4468.5,4654.0,5058.5,3453.5,1228.5,1780.5,2625.0,3207.5,3480.0,3796.5,4171.5,4320.5,4389.5,2968.0,1187.5,1742.5,2638.5,3103.5,3325.0,3619.0,3977.0,4102.5,0.0,0.0,0.0,0.0,0.0,0.0,0.0,0.0,0.0,0.0,0.0,0.0,0.0,0.0,0.0,0.0,0.0,0.0,0.0,0.0,2042.5,1383.0,1170.0,1274.0,1538.0,1815.5,1843.5,1953.5,2154.0,2039.0,77.0,60.0,321.5,318.5,410.5,463.5,339.0,396.0,387.0,325.0,66.5,56.5,404.0,559.5,682.5,775.0,569.0,585.0,569.5,434.5,0.0,0.0,0.0,0.0,0.0,0.0,0.0,0.0,0.0,0.0,0.0,12.5,267.5,323.0,398.5,468.0,358.5,380.0,367.0,310.5,0.0,0.0,0.0,0.0,0.0,0.0,0.0,0.0,0.0,0.0,0.0,0.0,0.0,0.0,0.0,0.0,0.0,0.0,0.0,0.0,25.5,16.5,371.0,480.0,552.0,620.5,481.5,487.0,457.0,392.0,1188.0,876.0,322.0,461.0,679.5,763.0,798.0,898.5,1016.0,995.0,2394.5,2059.0,621.5,796.5,1089.0,1260.0,1303.0,1418.0,1520.5,1580.0,1676.0,1168.0,543.5,680.0,956.0,1104.0,1130.0,1251.0,1386.5,1410.5,2872.0,2430.5,722.0,973.5,1361.5,1541.0,1617.5,1765.0,1934.0,1966.0,2905.5,2601.0,817.5,1073.5,1440.5,1617.0,1715.0,1806.5,1993.0,1988.0,"{""type"":""MultiPoint"",""coordinates"":[]}"
217,3,876.0,818.0,897.0,848.0,925.0,1025.0,1008.0,1079.0,944.0,1117.0,2823.0,2700.0,636.0,820.0,1072.0,1204.0,1296.0,1373.0,1546.0,1593.0,3576.0,3240.5,932.5,1153.0,1490.0,1668.0,1724.0,1922.5,2051.5,2099.0,3643.0,3460.0,1052.0,1333.0,1708.0,1892.0,1954.0,2083.0,2240.0,2264.0,297.5,261.5,438.5,636.5,728.0,851.5,701.0,766.5,789.0,680.5,298.0,216.0,328.0,553.0,622.0,770.0,733.0,850.0,839.0,790.0,573.0,404.0,431.0,683.5,597.5,986.5,1198.5,1214.0,1264.0,1190.0,1276.0,710.5,323.5,590.5,367.5,853.0,1981.5,2288.5,2335.5,2322.0,1440.0,744.5,304.5,534.0,413.5,861.0,2272.5,2966.5,2979.0,3027.0,1498.0,708.0,240.0,468.0,347.0,745.0,2572.0,3597.0,3756.0,3815.0,1457.5,681.0,221.0,423.0,262.0,612.0,2490.0,3822.5,3970.5,4042.5,365.0,334.0,246.0,458.0,678.0,812.0,733.0,829.0,941.0,801.0,1339.0,606.5,178.5,371.5,181.0,543.5,2440.0,3853.5,3966.5,4048.5,1428.5,600.0,1572.5,1599.0,1309.0,1565.0,2962.0,4083.5,4238.0,4263.0,1383.0,594.5,986.0,1138.0,819.5,1186.0,2693.5,3888.0,4066.0,4198.0,1336.0,580.0,723.5,917.0,610.5,1174.5,3058.5,4273.0,4480.0,4540.5,1380.0,664.0,221.0,584.0,318.0,1056.0,3061.0,4226.0,4475.0,4495.0,1452.5,716.5,271.0,656.5,436.5,1202.5,3010.0,3794.5,4013.5,4135.5,1538.0,807.0,348.5,742.0,649.5,1443.5,2820.5,3379.0,3663.5,3749.5,1851.0,1071.0,430.0,884.0,984.0,1822.0,2631.0,3095.0,3392.0,3495.0,3882.0,2555.0,994.0,1506.0,2202.5,2681.0,3053.5,3366.0,3786.5,3754.0,0.0,0.0,0.0,0.0,0.0,0.0,0.0,0.0,0.0,0.0,0.0,0.0,0.0,0.0,0.0,0.0,0.0,0.0,0.0,0.0,0.0,0.0,0.0,0.0,0.0,0.0,0.0,0.0,0.0,0.0,4009.0,2967.0,1005.0,1417.0,1956.0,2309.0,2488.0,2671.0,2782.0,3042.0,3959.0,3023.0,898.0,1281.0,1796.0,2082.0,2268.0,2433.0,2684.0,2773.0,4320.0,3249.0,1048.0,1408.0,1964.0,2220.0,2363.0,2637.0,2833.0,2940.0,4031.0,3156.0,942.0,1229.0,1763.0,2077.0,2133.0,2390.0,2549.0,2508.0,0.0,0.0,0.0,0.0,0.0,0.0,0.0,0.0,0.0,0.0,369.0,238.0,273.0,272.0,346.0,393.0,406.0,452.0,515.0,493.0,2761.0,2264.0,664.0,921.0,1381.0,1618.0,1745.0,1797.0,2157.0,2058.0,4142.5,3360.5,846.0,1168.5,1684.0,1928.5,2069.0,2246.0,2587.5,2599.0,3972.0,3035.0,970.0,1258.0,1780.0,2061.0,2243.0,2449.0,2764.0,2813.0,4212.0,3379.0,855.0,1149.0,1607.0,1871.0,2032.0,2209.0,2469.0,2520.0,4430.5,3663.5,902.5,1207.5,1652.5,1885.0,2031.5,2251.5,2557.0,2579.0,2984.0,2734.0,472.0,641.0,871.0,1025.0,1301.0,1145.0,1316.0,1581.0,"{""type"":""MultiPoint"",""coordinates"":[]}"
350,76,3341.0,2516.0,620.0,846.0,1216.0,1523.0,1794.0,1987.0,2251.0,2355.0,3224.5,2286.5,679.0,952.5,1124.0,1687.5,2491.5,2766.0,3003.0,3040.5,2743.0,1648.0,399.0,678.0,686.0,1314.0,2718.0,3125.0,3355.0,3387.0,2610.0,1599.0,397.0,664.0,643.0,1221.0,2706.0,3219.0,3410.0,3523.0,2435.5,1427.5,375.5,667.0,618.0,1177.0,2875.0,3488.0,3716.5,3757.0,2423.5,1412.5,382.5,662.0,624.5,1177.0,2918.5,3554.0,3743.5,3834.0,2394.5,1383.5,386.0,633.5,634.5,1099.0,2880.0,3566.5,3781.5,3837.5,2337.5,1325.5,363.0,597.0,596.0,1082.5,2831.5,3487.5,3646.0,3787.0,2305.0,1296.5,345.5,584.5,570.0,1063.0,2769.0,3483.5,3623.0,3790.0,2297.0,1291.0,298.0,545.0,540.0,1011.0,2739.0,3417.0,3591.0,3760.0,2267.0,1295.0,337.0,542.0,536.0,1021.0,2651.0,3411.0,3596.0,3734.0,3536.5,2642.0,707.5,910.5,1327.5,1613.0,1883.0,2099.5,2345.5,2461.5,2179.0,1233.0,354.0,575.0,558.0,1052.0,2572.0,3264.0,3499.0,3631.0,2086.5,1112.0,1182.5,1288.0,1153.5,1528.5,2786.5,3344.5,3517.0,3632.0,1968.0,1035.0,603.0,766.0,719.0,1102.0,2468.0,3044.0,3161.0,3382.0,1903.0,1019.0,501.0,657.0,615.0,997.0,2289.5,2850.5,3086.5,3221.5,1839.0,982.0,233.0,448.5,438.0,823.0,2104.0,2608.0,2861.0,2971.5,1782.5,954.0,237.0,434.0,428.0,821.0,1939.0,2440.5,2640.0,2776.5,1740.0,941.5,470.5,619.0,597.0,922.0,1876.5,2266.5,2422.0,2551.5,1696.0,910.5,244.5,384.0,408.5,741.5,1597.0,1961.0,2154.0,2241.5,1907.0,1208.5,365.5,561.0,620.0,965.0,1736.0,2083.0,2337.5,2385.0,1962.5,1421.5,589.5,792.5,795.0,1156.5,1855.5,2169.5,2344.5,2530.5,3858.5,2958.5,1300.5,1481.0,1891.5,2265.0,2551.5,2804.5,3070.0,3155.5,0.0,0.0,0.0,0.0,0.0,0.0,0.0,0.0,0.0,0.0,4112.0,3668.0,2411.0,2539.0,2576.0,3074.0,3647.0,3924.0,3973.0,4163.0,1803.5,991.0,195.5,484.5,477.5,1013.5,1628.0,1790.0,2028.5,2173.0,2502.0,1553.0,290.0,539.0,660.0,1129.0,1565.0,1815.0,1913.0,2106.0,2907.5,1957.5,309.5,564.5,678.0,1138.0,1840.5,2053.5,2284.5,2396.0,0.0,0.0,0.0,0.0,0.0,0.0,0.0,0.0,0.0,0.0,3072.0,2214.0,550.0,739.0,1109.0,1383.0,1700.0,1910.0,2171.0,2265.0,3614.0,2754.0,716.0,955.0,1306.0,1674.0,2089.0,2308.0,2553.0,2629.0,3486.0,2556.0,671.0,1000.0,1290.0,1706.0,2393.0,2644.0,2904.0,2934.0,0.0,0.0,0.0,0.0,0.0,0.0,0.0,0.0,0.0,0.0,3265.0,2304.0,681.0,969.0,1125.0,1590.0,2685.0,2964.0,3175.0,3245.0,2320.0,1819.0,617.0,753.5,908.0,1112.5,1331.0,1485.0,1643.5,1634.0,3646.0,2836.0,794.0,1112.0,1417.0,1814.0,2296.0,2504.0,2719.0,2796.0,"{""type"":""MultiPoint"",""coordinates"":[]}"
359,3,125.0,99.5,50.5,162.5,267.5,400.0,290.5,340.0,309.5,245.5,3618.5,3037.5,1105.0,1337.5,1694.5,1848.5,1898.0,1991.0,2287.0,2268.5,2138.0,1897.0,663.0,779.0,978.0,1090.5,1155.5,1252.5,1324.0,1390.5,2159.5,1984.0,749.5,870.5,1038.5,1168.0,1175.5,1283.5,1345.0,1393.0,169.0,159.5,414.0,515.5,547.0,615.5,474.5,523.5,503.5,446.5,174.5,160.5,452.0,561.5,591.5,671.0,476.5,510.0,465.5,404.5,851.0,540.5,487.0,668.0,630.5,893.0,942.0,1058.0,1048.0,1057.0,460.5,315.0,375.0,568.5,507.5,795.5,977.0,1073.0,1068.0,1055.5,913.0,551.5,425.0,641.0,488.5,935.5,1547.0,1771.5,1779.5,1791.5,1206.5,621.0,250.0,451.5,266.0,674.0,1962.5,2647.5,2839.0,2668.0,1174.5,567.0,227.0,373.0,208.0,555.5,2135.0,3101.5,3211.0,3187.5,168.0,148.5,257.0,389.0,502.0,552.0,418.0,440.0,438.0,354.0,1216.0,576.5,378.0,475.5,251.5,562.0,2292.5,3637.0,3808.5,3849.5,1336.5,589.0,1196.0,1309.5,1053.0,1328.0,2663.5,3858.5,4127.5,4028.5,1571.5,761.0,1230.5,1319.5,869.0,1180.5,2745.5,3905.5,4000.0,4193.0,1227.0,540.5,542.0,686.5,456.0,863.0,2535.5,3982.0,4196.5,4202.0,1244.0,596.5,204.0,458.0,277.5,790.0,2609.0,3956.0,4178.0,4205.5,1416.0,694.0,273.0,590.5,375.5,1021.0,2803.5,3835.0,3995.0,4127.0,1440.5,727.0,275.0,597.0,442.0,1148.5,2788.5,3570.5,3802.5,3880.5,1516.5,830.0,366.5,682.5,581.0,1279.5,2665.0,3228.0,3491.0,3588.5,2205.0,1371.0,606.0,1056.0,1293.0,1995.5,2665.0,3011.0,3440.5,3515.5,0.0,0.0,0.0,0.0,0.0,0.0,0.0,0.0,0.0,0.0,0.0,0.0,0.0,0.0,0.0,0.0,0.0,0.0,0.0,0.0,2861.5,2117.5,908.0,1184.5,1687.5,1929.5,2099.0,2232.0,2360.5,2453.5,0.0,0.0,0.0,0.0,0.0,0.0,0.0,0.0,0.0,0.0,2535.5,2039.0,671.0,907.5,1252.0,1468.5,1545.5,1681.5,1895.5,1904.5,0.0,0.0,0.0,0.0,0.0,0.0,0.0,0.0,0.0,0.0,1955.5,1611.0,535.5,708.0,1058.0,1214.0,1268.0,1395.5,1584.0,1603.0,0.0,0.0,0.0,0.0,0.0,0.0,0.0,0.0,0.0,0.0,0.0,0.0,0.0,0.0,0.0,0.0,0.0,0.0,0.0,0.0,5.5,33.5,50.5,107.0,165.5,270.0,163.5,180.5,154.5,91.5,111.5,109.0,148.0,229.5,289.5,403.0,297.5,346.0,305.0,263.0,174.0,140.5,199.0,277.0,351.0,572.0,624.0,669.5,729.0,734.5,566.0,324.5,288.0,419.5,564.0,774.0,827.0,962.0,1040.0,1097.0,3291.0,2478.5,963.0,1273.5,1611.0,1848.0,2020.0,2172.5,2417.5,2413.5,0.0,0.0,0.0,0.0,0.0,0.0,0.0,0.0,0.0,0.0,"{""type"":""MultiPoint"",""coordinates"":[]}"
402,69,3823.5,3503.0,2193.5,2318.0,2535.5,2770.0,2811.0,2966.0,3047.5,3088.5,3968.5,3799.5,1248.0,1716.0,2070.5,2434.0,2741.0,2939.0,3104.0,3111.5,3856.0,3614.5,1246.5,1687.0,1987.0,2385.0,2750.5,2996.0,3105.0,3163.0,3856.0,3450.5,1183.0,1681.5,1922.5,2398.5,3180.5,3480.0,3668.5,3668.5,3754.0,3354.0,1176.5,1656.5,1843.0,2356.0,3317.5,3713.0,3814.0,3872.0,3759.0,3331.0,1177.0,1657.0,1847.5,2373.0,3372.0,3771.5,3979.0,3966.0,3877.0,3341.0,1177.0,1664.0,1838.0,2407.0,3406.5,3807.0,4109.5,4019.0,3884.0,3540.0,1212.0,1737.0,1958.0,2455.0,3461.0,3879.5,4079.5,4044.0,3966.5,3457.0,1184.5,1694.5,1865.5,2440.5,3568.0,3986.0,4147.0,4168.5,3971.0,3452.0,1153.5,1669.5,1851.5,2418.5,3622.0,4129.0,4184.0,4318.5,3940.0,3394.5,1135.5,1636.0,1808.0,2408.0,3453.5,3906.0,4059.5,4126.5,4047.5,3613.5,1646.0,1901.5,2112.5,2466.5,2583.5,2728.0,2773.5,2952.5,3847.0,3339.0,1112.0,1628.5,1738.0,2370.5,3634.5,4219.0,4252.5,4390.0,3592.0,2964.0,982.0,1516.0,1592.0,2230.0,3595.5,4146.5,4241.5,4360.5,3504.0,2746.5,982.0,1438.0,1501.0,2127.5,3545.5,4146.5,4234.0,4430.5,3533.0,3068.0,1047.5,1435.5,1644.0,2144.0,3146.5,3531.5,3699.0,3795.0,3502.5,3120.0,1047.5,1451.0,1721.0,2139.0,2898.0,3323.5,3510.0,3549.5,3619.5,3170.0,1100.5,1544.0,1857.0,2314.5,2958.5,3353.5,3532.0,3591.5,3072.5,2489.5,1012.5,1373.5,1718.0,2202.5,2822.0,3177.5,3478.5,3565.5,3086.0,2489.5,1008.0,1364.5,1703.0,2125.0,2763.0,3161.0,3478.5,3517.5,2960.5,2284.5,799.0,1216.0,1454.5,2010.5,2815.5,3192.0,3528.5,3531.5,2960.5,2238.0,803.5,1201.0,1460.5,2022.0,2815.5,3192.0,3528.5,3531.5,2882.5,2583.0,696.5,937.5,1194.5,1431.5,1576.5,1703.5,1913.5,1925.5,2538.0,1912.5,599.5,930.0,1084.0,1657.0,2318.5,2630.0,2803.0,2928.5,2405.5,1803.0,713.0,1033.5,1139.0,1688.5,2216.0,2445.0,2642.0,2732.0,2112.0,1677.0,571.0,792.0,930.0,1300.0,1555.0,1701.5,1883.5,1909.0,2246.0,1796.5,601.0,840.0,1053.5,1375.0,1595.5,1746.5,1944.5,1976.5,3078.0,2116.0,3575.5,3463.5,3420.5,3718.0,3715.0,3698.5,3864.0,3802.0,0.0,0.0,0.0,0.0,0.0,0.0,0.0,0.0,0.0,0.0,2898.0,2721.5,719.5,977.5,1231.0,1466.5,1590.5,1756.0,1879.0,1922.5,3355.0,3364.0,967.5,1262.0,1613.0,1836.5,1927.5,2089.0,2233.0,2259.0,3649.0,3598.0,1122.5,1491.0,1886.0,2097.5,2200.0,2343.0,2557.5,2535.0,3479.0,3288.5,1052.0,1355.5,1737.5,1926.5,2043.5,2203.5,2374.0,2398.0,3749.0,3615.0,1203.0,1536.5,1941.5,2156.5,2258.5,2425.0,2596.5,2595.0,4072.0,3942.0,1379.5,1790.5,2193.5,2423.0,2581.5,2705.0,2905.5,2917.0,4006.5,3862.0,1305.0,1739.5,2126.0,2375.0,2546.5,2697.5,2906.0,2886.5,"{""type"":""MultiPoint"",""coordinates"":[]}"
404,76,1889.0,1495.0,225.0,431.0,669.0,839.0,906.0,1032.0,1126.0,1177.0,3253.5,2912.0,567.0,862.0,1319.5,1507.5,1652.5,1782.0,1959.0,1988.5,2073.0,1710.5,1047.5,1228.5,1481.5,1650.0,1813.0,1966.5,1982.5,2118.5,3811.0,3454.0,632.5,997.5,1612.5,1809.0,1856.5,2027.0,2189.0,2268.0,3050.5,2632.5,512.5,772.5,1207.0,1372.0,1440.0,1573.0,1684.0,1762.0,3970.0,3596.0,731.5,1103.0,1719.5,1929.5,1995.5,2129.0,2273.0,2376.5,3939.5,3571.0,741.5,1131.0,1719.5,1943.0,2035.0,2189.5,2360.5,2405.5,3940.5,3476.0,738.0,1118.0,1670.0,1952.5,2254.0,2449.5,2547.5,2648.5,3516.0,2889.0,645.5,1034.0,1362.0,1756.0,2721.0,3151.0,3205.5,3331.5,3396.0,2597.0,629.0,977.0,1247.0,1661.0,2594.0,3007.0,3318.0,3427.0,3450.5,2617.0,711.0,1095.5,1495.0,1920.5,2645.0,3034.5,3217.0,3413.0,2650.5,2248.0,380.5,652.5,923.0,1247.5,1491.0,1603.5,1774.0,1749.0,3705.0,3012.0,962.0,1203.0,1617.0,1927.0,2365.0,2631.0,2853.0,2947.0,3797.5,2937.0,1527.0,1788.5,2045.0,2382.0,2911.5,3197.0,3319.0,3439.0,3265.0,2607.0,1348.0,1482.5,1575.5,1880.5,2445.0,2751.0,2787.5,2955.5,2671.0,1955.5,1171.0,1291.5,1406.5,1742.0,2428.5,2749.5,2877.5,2965.5,3144.0,2450.5,569.0,901.5,1197.5,1611.5,2370.0,2691.5,2932.0,2982.5,3254.0,2551.0,638.0,956.0,1270.0,1668.0,2230.0,2530.0,2713.5,2846.0,3125.5,2379.5,644.0,920.5,1243.0,1576.5,1961.5,2197.0,2379.5,2477.0,3823.0,3158.0,776.0,1078.0,1561.0,1859.0,2153.0,2361.0,2588.0,2665.0,3554.5,2944.5,697.5,1033.0,1461.0,1757.5,2076.5,2278.5,2519.5,2553.0,0.0,0.0,0.0,0.0,0.0,0.0,0.0,0.0,0.0,0.0,0.0,0.0,0.0,0.0,0.0,0.0,0.0,0.0,0.0,0.0,6737.0,6098.0,5709.0,5796.0,5840.0,6255.0,6498.0,6560.0,7061.0,6664.0,1689.0,1210.0,1193.0,1250.0,1060.0,1205.0,1490.0,1577.0,1937.0,1560.0,2320.0,1685.0,457.0,762.5,759.5,1267.0,2191.0,2440.5,2573.5,2594.5,0.0,0.0,0.0,0.0,0.0,0.0,0.0,0.0,0.0,0.0,1990.0,1371.0,290.0,593.0,607.0,1094.0,2296.0,2635.0,2793.0,2744.0,0.0,0.0,0.0,0.0,0.0,0.0,0.0,0.0,0.0,0.0,960.0,608.0,451.0,562.0,540.0,758.0,1095.0,1219.0,1233.0,1237.0,1725.0,1009.0,244.0,616.0,446.0,1140.0,2594.0,2734.0,2866.0,2852.0,2365.0,2110.0,211.0,421.5,774.0,893.0,963.0,1102.5,1253.0,1280.0,3419.0,3203.0,513.0,781.0,1271.0,1443.0,1537.0,1694.0,1908.0,1911.0,2329.0,1881.0,323.0,533.0,881.0,987.0,1019.0,1140.0,1290.0,1304.0,3132.5,2698.5,624.5,943.0,1443.0,1630.5,1747.0,1882.5,2056.5,2026.0,3594.0,3190.0,608.0,984.0,1562.0,1768.0,1905.0,2095.0,2206.0,2272.0,"{""type"":""MultiPoint"",""coordinates"":[]}"
447,124,1823.0,1597.0,631.0,819.0,1011.0,1068.0,1116.0,1154.0,1269.0,1228.0,2517.0,2356.5,934.0,1131.5,1360.5,1473.0,1525.0,1590.5,1741.0,1689.0,2373.5,2173.0,856.5,1068.5,1266.5,1366.5,1412.0,1509.5,1637.5,1606.5,2005.0,1736.0,644.0,826.0,1000.0,1069.0,1147.0,1249.0,1295.0,1375.0,2081.0,1864.0,786.0,968.0,1117.0,1211.5,1381.5,1506.5,1556.5,1593.0,2438.5,2197.5,826.0,1033.5,1216.5,1405.5,1841.0,2063.5,2047.5,2196.5,2684.5,2522.0,852.0,1083.5,1313.5,1449.0,1516.5,1619.0,1747.5,1789.0,2899.5,2685.0,1007.5,1265.0,1520.5,1638.5,1672.5,1793.0,1886.0,1933.0,2843.0,2652.5,1001.5,1233.5,1511.0,1620.0,1659.5,1780.5,1856.0,1864.0,2966.0,2704.0,915.0,1157.0,1463.0,1579.0,1614.0,1747.0,1764.0,1851.0,1831.0,1586.0,521.0,666.0,863.5,970.5,924.5,1029.0,1059.0,1140.0,1926.0,1822.0,651.0,810.5,1003.0,1104.0,1124.5,1192.0,1334.0,1381.0,2175.0,1947.0,726.0,947.0,1129.0,1239.0,1274.0,1381.0,1476.0,1503.0,2703.5,2514.5,1156.5,1332.5,1479.0,1651.0,1866.0,1974.5,2087.0,2095.0,2474.5,2206.0,750.0,922.5,1114.5,1312.0,1501.5,1633.0,1597.5,1773.5,2525.5,2089.5,1100.5,1251.0,1348.5,1597.0,2098.5,2319.0,2382.0,2435.5,1891.0,1546.0,532.0,698.0,803.0,1038.0,1488.0,1725.0,1669.0,1851.0,2336.0,2089.5,772.0,974.0,1135.0,1296.0,1864.0,2143.0,2114.0,2275.0,2345.0,1952.0,867.0,1050.5,1186.0,1401.5,2029.5,2361.0,2314.5,2590.0,2119.0,1772.0,604.0,790.0,915.0,1145.0,1853.0,2263.0,2289.0,2418.0,2077.0,1752.0,581.5,803.5,928.5,1173.5,1901.5,2138.0,2125.0,2358.0,1478.0,1064.0,383.5,620.5,589.5,971.0,1859.5,2169.0,1978.0,2172.0,1133.0,879.0,411.0,518.0,639.0,759.0,763.0,829.0,846.0,865.0,1633.0,1461.0,456.0,605.0,724.0,825.0,894.0,943.0,1043.0,1070.0,1051.0,877.0,250.0,322.0,401.0,458.0,556.0,588.0,600.0,674.0,1801.0,1653.0,484.0,624.0,790.0,902.5,944.5,1035.5,1133.0,1172.5,1901.0,1763.0,478.0,595.0,795.0,924.0,985.0,1063.0,1091.0,1171.0,1366.5,1163.0,499.5,590.5,715.0,865.5,844.0,905.0,938.5,985.5,0.0,0.0,0.0,0.0,0.0,0.0,0.0,0.0,0.0,0.0,1348.0,1122.0,419.0,545.0,678.0,710.0,740.0,838.0,910.0,880.0,2145.0,2035.0,696.0,906.0,1108.0,1185.0,1249.0,1323.0,1458.0,1435.0,2166.0,2000.0,667.0,847.0,1076.0,1140.0,1231.0,1322.0,1446.0,1424.0,0.0,0.0,0.0,0.0,0.0,0.0,0.0,0.0,0.0,0.0,2090.0,1579.0,1400.0,1410.0,1419.0,1563.0,1788.0,1901.0,2106.0,1968.0,2773.0,2670.5,1906.5,1971.0,2062.5,2165.5,2294.5,2384.5,2447.0,2447.0,2186.5,2073.5,802.0,983.5,1187.0,1299.0,1292.0,1354.5,1494.5,1497.0,"{""type"":""MultiPoint"",""coordinates"":[]}"
461,69,1412.0,819.0,173.0,445.0,301.0,782.0,1902.0,2123.0,2243.0,2230.0,2912.5,2578.0,650.0,884.5,1163.5,1361.5,1511.5,1621.5,1818.5,1867.0,2907.0,2452.0,830.0,1000.0,1227.0,1448.0,1597.0,1718.0,1914.0,1893.0,2907.0,2518.0,623.0,859.0,1116.0,1350.0,1604.0,1757.0,1947.0,1994.0,3027.0,2446.0,662.5,949.0,1152.0,1472.0,1918.0,2117.0,2309.5,2332.5,3188.0,2476.0,686.0,997.0,1175.0,1565.0,2196.0,2467.0,2615.0,2643.0,2830.5,2161.5,552.5,851.5,974.0,1341.5,2094.5,2401.5,2579.0,2634.0,2776.5,2079.0,534.5,814.0,932.0,1317.0,2147.0,2499.5,2656.5,2698.0,2650.5,1959.5,498.5,754.0,864.0,1254.0,2141.0,2487.5,2664.5,2722.5,2189.0,1615.0,394.0,593.0,645.0,1009.0,1914.0,2215.0,2355.0,2437.0,2468.5,1783.0,431.0,675.5,783.5,1129.5,2036.0,2394.5,2545.5,2605.0,1339.0,854.0,209.0,505.0,321.0,868.0,2156.0,2408.0,2514.0,2494.0,2671.0,1900.0,432.0,723.0,826.0,1235.0,2200.0,2615.0,2688.0,2828.0,2263.5,1668.0,388.0,596.5,690.5,994.0,1896.0,2271.0,2465.0,2466.0,2152.5,1515.5,462.0,631.0,639.5,961.5,1834.0,2209.0,2288.5,2410.0,2117.0,1399.5,432.0,625.5,658.0,1000.0,1934.5,2325.0,2494.0,2560.0,1805.0,1227.0,311.0,455.0,476.0,761.0,1530.0,1856.0,2013.0,2055.0,1916.0,1231.0,338.0,515.0,527.0,895.0,1711.0,2051.0,2196.0,2225.0,1830.5,1165.5,267.0,459.0,484.0,877.5,1689.5,1980.5,2134.5,2205.5,1827.0,1200.0,254.0,454.0,487.0,906.0,1652.0,1955.0,2131.0,2180.0,1899.0,1274.5,242.5,475.5,520.5,957.5,1753.0,1982.0,2213.5,2254.0,0.0,0.0,0.0,0.0,0.0,0.0,0.0,0.0,0.0,0.0,1238.5,743.5,739.0,874.5,651.5,1047.0,2099.0,2268.0,2387.5,2407.0,1254.5,696.5,113.5,326.5,268.5,765.0,1422.0,1605.0,1668.0,1750.0,854.5,437.5,184.5,310.5,239.5,683.0,1095.0,1237.0,1294.5,1345.0,1367.0,710.0,190.0,470.0,416.0,1014.0,1643.0,1819.0,2087.0,2059.0,1675.5,910.5,177.0,479.5,453.0,1060.5,1941.5,2153.5,2352.5,2464.5,1619.0,978.0,233.0,491.0,313.0,885.0,1966.0,2176.0,2439.0,2366.0,1313.5,656.5,392.5,642.0,339.5,967.5,2207.5,2375.5,2473.5,2526.0,1510.0,793.0,210.0,568.0,299.0,1011.0,2756.0,3069.0,3289.0,3173.0,0.0,0.0,0.0,0.0,0.0,0.0,0.0,0.0,0.0,0.0,1775.5,997.0,332.0,710.0,462.5,1215.0,2805.0,3146.5,3420.0,3334.0,2761.0,1784.0,814.0,1133.0,1197.0,1885.0,2631.0,2921.0,3208.0,3285.0,2366.0,1581.0,509.0,782.0,866.0,1370.0,2079.0,2276.0,2483.0,2509.0,2447.5,2050.0,516.5,679.0,847.5,1088.0,1428.5,1555.0,1767.0,1734.0,2708.5,2304.5,665.0,859.0,1107.5,1292.5,1461.5,1594.0,1788.5,1809.5,"{""type"":""MultiPoint"",""coordinates"":[]}"
523,121,3199.0,3058.0,967.0,1243.0,1676.0,1912.0,1966.0,2101.0,2295.0,2298.0,4361.5,4282.5,1302.0,1728.0,2308.0,2586.0,2715.0,2887.5,3147.0,3164.5,4522.0,4421.0,1408.0,1834.0,2460.0,2768.0,2869.0,3060.0,3311.0,3357.0,4543.5,4338.0,1390.5,1864.5,2500.5,2812.5,2968.0,3140.0,3366.0,3423.0,4349.0,4138.0,1357.0,1809.5,2379.5,2673.5,2904.0,3087.5,3368.0,3334.5,4024.5,3683.5,1114.0,1541.5,1945.5,2362.5,3074.5,3342.0,3545.5,3583.0,3474.0,2805.0,747.0,1214.0,1379.0,1897.0,3603.0,4122.0,4298.0,4297.0,2880.0,1844.0,398.0,887.0,766.0,1425.0,4150.0,4728.0,5072.0,4934.0,2657.0,1330.0,127.0,594.0,257.0,1075.0,4683.0,5691.0,5850.0,5771.0,2536.5,1192.0,66.0,514.5,133.5,1034.0,4970.0,6360.5,6282.5,6429.0,2488.5,1128.0,70.0,520.5,116.0,1008.0,5021.5,6474.5,6491.0,6567.0,3534.5,3542.0,1266.0,1551.0,1951.5,2170.0,2258.5,2388.0,2608.5,2526.0,2437.5,1105.0,112.0,542.0,176.5,1084.0,4698.5,5951.0,6376.5,6060.0,2386.0,1088.0,212.0,604.0,258.0,1104.0,4394.0,5570.0,5841.0,5764.0,3120.0,1858.0,717.0,1122.0,959.0,1864.0,3273.0,3724.0,3965.0,4247.0,4536.0,4430.0,1453.0,1873.0,2480.0,2838.0,2978.0,3210.0,3383.0,3512.0,4710.0,4468.0,1507.0,1957.0,2585.0,2916.0,2991.0,3219.0,3401.0,3483.0,4696.0,4478.0,1496.0,1975.0,2585.0,2924.0,2991.0,3245.0,3401.0,3483.0,4653.5,4476.0,1502.5,1997.5,2695.0,2994.0,3098.0,3295.0,3516.0,3552.0,4524.0,4456.0,1476.0,1895.0,2530.0,2832.0,2919.0,3112.0,3388.0,3388.0,4042.0,3881.0,1439.0,1878.0,2459.0,2727.0,2904.0,3062.0,3388.0,3300.0,4425.0,4215.5,1503.5,2031.0,2702.5,3025.0,3123.0,3303.5,3385.5,3530.0,3677.5,3505.5,1074.0,1537.0,2082.0,2316.0,2409.5,2541.5,2816.5,2725.5,5074.0,4836.0,1883.0,2561.0,3264.0,3706.0,3761.0,3869.0,4014.0,4074.0,4130.0,4060.0,2487.5,2741.5,3123.5,3373.5,3402.0,3579.0,3701.0,3638.5,4702.5,4485.5,1813.0,2425.0,3073.0,3440.0,3565.5,3743.0,3939.5,3923.0,4774.0,4763.0,1805.0,2359.0,2997.5,3399.5,3496.5,3684.0,3836.5,3864.5,3805.0,3474.0,1457.5,2018.0,2546.0,2963.5,3102.0,3228.5,3442.5,3397.0,1831.0,1348.0,4059.0,3882.0,3176.0,2995.0,2952.0,2919.0,4644.0,2934.0,4971.0,4600.0,1837.0,2536.0,3279.0,3641.0,3695.0,3825.0,3991.0,4054.0,3379.5,3102.0,1915.0,2205.5,2540.5,2751.0,2936.0,3050.0,3137.0,3238.5,3724.5,3591.0,995.5,1396.0,1922.5,2140.5,2265.5,2439.5,2683.5,2679.5,4214.0,4087.0,1405.0,1830.0,2450.0,2743.0,2844.0,3005.0,3378.0,3303.0,3476.0,3438.0,1009.0,1318.0,1722.0,1956.0,2049.0,2239.0,2431.0,2433.0,3397.0,3258.0,921.0,1264.0,1722.0,1921.0,2000.0,2148.0,2363.0,2385.0,3551.0,3427.0,993.0,1349.0,1808.0,2021.0,2163.0,2302.0,2522.0,2530.0,"{""type"":""MultiPoint"",""coordinates"":[]}"
538,3,2347.0,1690.0,444.0,707.0,979.0,1286.0,1668.0,1803.0,2009.0,2095.0,3355.0,2742.0,645.0,932.0,1228.0,1620.0,1998.0,2138.0,2386.0,2373.0,3366.5,2753.0,705.0,1021.0,1377.0,1736.0,1978.5,2167.5,2316.5,2397.5,2184.5,1681.5,622.5,862.5,1159.5,1459.0,1595.5,1806.5,1897.5,1872.5,2081.5,1558.5,583.5,836.5,1090.0,1465.5,1463.0,1684.0,1820.0,1855.5,2385.0,1782.0,558.0,926.0,973.0,1438.0,2024.0,2229.0,2359.0,2330.0,2791.5,1890.0,544.5,916.5,996.0,1534.0,2572.0,3205.5,3159.0,3305.0,2829.0,1928.0,578.0,878.0,1057.0,1546.0,2739.0,3507.0,3619.0,3722.0,2579.5,1721.0,492.5,772.5,908.5,1387.5,2592.5,3559.0,3646.5,3833.5,2451.0,1705.0,517.0,759.0,901.0,1280.0,2368.0,3380.0,3362.0,3566.0,2484.5,1657.0,489.0,759.0,885.5,1290.5,2400.0,3275.0,3476.5,3672.5,2952.5,2275.5,542.5,784.5,1101.0,1420.5,1824.5,1960.0,2237.5,2291.0,2537.0,1722.0,497.0,764.0,935.0,1315.0,2447.0,3301.0,3315.0,3502.0,2578.0,1589.0,526.0,760.0,914.0,1292.0,2406.0,3385.0,3495.0,3510.0,2400.0,1619.0,1447.0,1546.5,1442.5,1881.5,2689.0,3206.0,3234.0,3496.5,2442.0,1600.5,906.0,1188.5,1128.0,1686.0,2854.0,3404.0,3546.0,3725.0,2290.0,1537.0,568.0,891.0,905.0,1476.0,2507.0,3069.0,3243.0,3327.0,2500.0,1622.0,544.0,880.0,910.0,1594.0,2563.0,2882.0,3074.0,3221.0,3085.0,2085.5,628.5,1009.0,1186.5,1812.5,2562.5,2904.0,3118.0,3269.5,3407.0,2316.0,867.0,1247.0,1722.0,2414.0,2721.0,3048.0,3288.0,3442.0,3928.5,2695.0,862.5,1293.5,1813.0,2457.0,2887.0,3265.5,3439.5,3681.0,3436.0,2765.0,3408.0,3465.0,3540.0,3925.0,4018.0,4080.0,4095.0,4185.0,2079.5,1436.5,1278.0,1308.0,1486.5,1704.0,1960.0,2119.5,2280.0,2356.0,3259.0,2409.0,762.0,1099.0,1453.0,1881.0,2190.0,2502.0,2613.0,2822.0,2596.5,1722.0,654.0,886.5,1043.5,1551.0,2134.5,2381.0,2643.5,2653.0,3021.0,2086.5,658.0,921.0,1130.0,1554.0,2308.5,2551.0,2857.0,2905.5,3117.0,2302.0,787.0,1036.0,1268.0,1697.0,2341.0,2600.0,3019.0,3017.0,2872.0,2131.0,560.0,822.0,949.0,1508.0,2293.0,2590.0,2752.0,3002.0,0.0,0.0,0.0,0.0,0.0,0.0,0.0,0.0,0.0,0.0,3148.0,2346.0,609.0,852.0,1172.0,1502.0,1909.0,2106.0,2366.0,2379.0,3239.5,2488.0,671.5,918.0,1229.0,1553.5,1976.0,2160.0,2451.5,2527.0,3232.0,2446.0,660.0,896.0,1233.0,1585.0,1922.0,2187.0,2453.0,2530.0,0.0,0.0,0.0,0.0,0.0,0.0,0.0,0.0,0.0,0.0,3066.0,2482.5,438.0,673.5,909.5,1205.5,1663.0,1837.0,1985.0,2115.0,3174.5,2592.0,573.5,785.0,1010.5,1285.0,1743.5,1993.0,2153.0,2177.0,2932.0,2475.0,560.0,781.0,1075.0,1376.0,1756.0,1983.0,2049.0,2192.0,"{""type"":""MultiPoint"",""coordinates"":[]}"
638,3,0.0,0.0,0.0,0.0,0.0,0.0,0.0,0.0,0.0,0.0,2341.5,2217.5,780.0,931.5,1145.5,1262.5,1307.5,1398.5,1502.5,1522.0,2747.0,2653.0,1066.0,1218.0,1455.0,1576.0,1639.0,1745.0,1844.0,1886.0,198.0,199.0,387.0,475.0,457.0,564.0,402.0,448.0,418.0,362.0,223.5,216.5,457.5,566.5,557.5,627.5,435.5,470.5,449.5,348.5,371.0,268.0,348.0,547.0,464.0,721.0,756.0,816.0,775.0,714.0,434.0,290.5,322.0,531.0,433.5,747.0,914.0,1024.0,998.0,929.0,824.0,454.5,258.0,469.0,272.5,713.5,1637.0,1943.5,1924.0,1900.5,1130.0,533.5,200.0,370.5,167.0,555.5,2225.5,3175.5,3148.5,3146.0,1075.0,448.0,117.0,266.0,120.0,436.0,2384.0,3922.0,4066.0,4034.0,1075.0,453.0,141.0,280.0,124.5,437.5,2376.0,4103.5,4186.0,4267.5,142.0,133.0,550.0,673.0,802.0,916.0,892.0,949.0,1072.0,1055.0,1180.0,514.0,229.0,381.0,183.0,564.5,2668.0,4409.0,4487.0,4581.0,1477.5,647.0,1672.0,1763.5,1340.5,1783.0,3420.5,4615.0,4757.0,4815.0,1709.5,786.0,1504.0,1716.5,1271.5,2051.0,3851.5,4928.5,5058.5,5239.5,1486.0,694.5,799.0,1181.5,852.0,1768.0,3677.5,4499.0,4716.0,4747.5,1450.0,738.0,346.0,909.0,754.0,1720.0,3481.0,4213.0,4494.0,4441.0,1843.0,1044.5,559.5,1080.5,1251.0,2157.0,3148.0,3585.5,3834.0,3983.0,2223.0,1375.0,738.5,1206.0,1665.5,2328.5,2856.0,3203.5,3501.0,3633.5,5393.0,3536.0,1751.0,2417.0,3468.0,4122.0,4367.0,4743.0,5133.0,5353.0,3367.0,2598.5,1026.5,1448.5,2048.0,2316.5,2421.5,2590.0,2816.5,2804.5,0.0,0.0,0.0,0.0,0.0,0.0,0.0,0.0,0.0,0.0,0.0,0.0,0.0,0.0,0.0,0.0,0.0,0.0,0.0,0.0,2795.0,2194.0,1101.0,1253.0,1546.0,1843.0,1862.0,1968.0,2039.0,2137.0,2499.0,1985.0,860.0,1020.0,1307.0,1521.0,1545.0,1680.0,1653.0,1830.0,81.5,83.0,523.5,709.5,799.5,866.0,591.5,584.5,534.5,421.5,98.0,120.0,706.0,822.0,959.0,1033.0,781.0,838.0,752.0,656.0,39.0,33.0,623.0,764.0,842.0,979.0,741.0,749.0,676.0,502.0,0.0,0.0,0.0,0.0,0.0,0.0,0.0,0.0,0.0,0.0,0.0,0.0,0.0,0.0,0.0,0.0,0.0,0.0,0.0,0.0,38.0,33.0,667.0,771.0,839.0,916.0,777.0,822.0,818.0,691.0,986.5,746.0,456.0,566.5,714.0,802.5,838.5,888.5,999.0,977.5,0.0,0.0,0.0,0.0,0.0,0.0,0.0,0.0,0.0,0.0,2527.0,2204.0,931.0,1110.0,1341.0,1453.0,1451.0,1573.0,1760.0,1728.0,3828.0,3615.5,1569.0,1790.0,2093.0,2261.0,2309.0,2465.0,2674.0,2647.5,2248.0,2082.0,767.0,929.0,1098.0,1218.0,1244.0,1319.0,1419.0,1420.0,"{""type"":""MultiPoint"",""coordinates"":[]}"
660,36,2419.5,1940.0,730.5,1024.0,1320.0,1668.5,1962.0,2200.0,2357.0,2332.5,2720.0,1633.0,610.0,957.0,853.0,1425.0,3682.0,4285.0,4582.0,4442.0,2666.0,1669.0,603.0,909.0,844.0,1343.5,3525.0,4247.0,4510.5,4441.0,2020.0,1061.0,491.0,754.0,616.0,1206.0,3689.0,4393.0,4483.0,4561.0,2020.5,1030.5,427.0,670.5,480.0,1167.0,4240.5,5250.0,5442.5,5448.0,1957.0,991.0,436.0,641.0,534.0,1201.0,4326.0,5425.0,5622.0,5727.0,2122.0,1083.5,539.5,820.5,613.0,1443.5,4620.5,5901.0,5898.5,6211.5,1988.5,982.5,534.5,725.0,591.5,1295.5,3986.0,4927.0,5044.0,5217.5,2034.0,1113.0,568.0,751.0,584.0,1250.0,3848.0,4773.0,4730.0,5044.0,2332.5,1246.5,853.0,1046.0,900.0,1554.5,3816.5,4608.5,4425.0,4866.0,2244.0,1202.5,600.5,835.5,717.0,1389.5,3626.5,4470.5,4374.5,4806.5,2272.0,1698.0,583.0,887.0,1020.0,1384.0,2196.0,2448.0,2640.0,2565.0,3656.0,2340.0,991.0,1394.0,2077.0,2556.0,2796.0,3130.0,3242.0,3632.0,4503.0,3152.0,1261.0,1709.5,2503.0,2978.5,3273.5,3632.0,3778.0,4118.0,4525.0,3172.0,1276.5,1740.0,2529.0,3013.5,3320.0,3667.0,3751.5,4155.0,4475.5,3142.5,1414.0,1911.5,2723.0,3232.5,3562.5,3887.0,3980.5,4323.5,3827.0,2933.0,1170.0,1559.5,2205.5,2585.5,2794.0,3046.0,3045.0,3353.0,3900.5,2985.5,1241.0,1654.0,2305.5,2713.5,2897.5,3158.0,3135.0,3467.5,3755.0,2832.5,1183.0,1600.5,2295.0,2637.5,2823.5,3089.0,3195.0,3411.5,3767.0,2892.0,1215.0,1616.0,2304.0,2610.0,2872.0,3066.0,3276.0,3422.0,3649.0,2814.0,1208.0,1602.0,2252.0,2555.0,2838.0,3053.0,3344.0,3341.0,3738.5,2818.0,1205.0,1644.0,2349.5,2687.5,2938.0,3163.5,3390.0,3491.5,1899.0,975.0,188.0,553.0,293.0,1015.0,3583.0,4097.0,4225.0,4157.0,3310.5,2455.0,1000.5,1453.0,2134.0,2467.0,2705.5,2937.0,3106.0,3221.5,3720.0,2814.0,1103.0,1502.0,2245.0,2613.0,2750.0,2963.0,3162.0,3302.0,4142.0,3177.0,1273.0,1742.0,2548.0,2922.0,3201.0,3472.0,3732.0,3804.0,3660.0,2628.0,1144.0,1623.0,2332.0,2719.0,3081.0,3359.0,3558.0,3644.0,3321.0,2457.0,927.0,1334.0,1959.0,2267.5,2650.5,2888.5,3182.5,3182.0,3296.0,2448.0,971.0,1367.0,1991.0,2339.0,2636.0,2895.0,3160.0,3184.0,1990.0,1164.0,312.0,549.0,334.0,804.0,3692.0,4447.0,4683.0,4522.0,1717.0,852.0,197.0,479.0,248.0,780.0,3916.0,4845.0,5082.0,4958.0,3128.5,2241.0,828.5,1192.0,1069.0,1796.5,3196.0,3620.0,3986.5,3938.0,2902.0,1979.0,775.0,1125.0,1082.0,1708.0,3334.0,3801.0,4119.0,4010.0,2119.5,1115.5,373.0,716.5,432.5,1111.5,4027.5,4746.5,5049.5,4908.5,0.0,0.0,0.0,0.0,0.0,0.0,0.0,0.0,0.0,0.0,3477.0,2590.0,948.0,1342.0,1410.0,2057.0,2812.0,3146.0,3417.0,3463.0,"{""type"":""MultiPoint"",""coordinates"":[]}"
667,72,2098.0,1431.5,584.0,918.5,989.0,1515.5,2453.5,2785.0,3041.5,3087.0,4467.0,3735.5,1407.0,1946.5,2540.5,2821.0,2914.5,3111.0,3278.5,3304.5,4553.0,3861.0,1456.0,2016.0,2631.5,2905.5,2993.0,3180.5,3325.5,3378.5,4729.5,4232.5,1530.0,2236.5,2845.5,3098.0,3164.5,3315.0,3405.0,3430.5,4804.5,4415.0,1615.5,2344.5,2941.5,3246.0,3284.0,3423.5,3516.0,3497.5,4619.0,4213.5,1551.5,2192.5,2791.0,3016.5,3055.0,3207.5,3301.0,3291.5,4625.5,4213.0,1551.5,2203.0,2803.0,3049.0,3085.0,3222.0,3298.0,3307.0,5224.0,3923.5,1968.0,2830.5,3711.0,4141.5,4250.5,4438.0,4610.0,4776.0,5385.5,3864.5,2241.5,3263.0,4471.5,4955.5,4969.5,5182.5,5416.5,5462.5,5434.5,3848.0,2287.5,3320.0,4647.0,5109.0,5098.0,5343.0,5513.0,5633.5,5396.5,3809.5,2240.5,3269.0,4633.0,5142.0,5127.0,5318.0,5452.0,5651.0,2791.0,2080.5,748.5,1088.5,1330.0,1735.0,2178.5,2419.5,2676.5,2700.0,5086.0,4092.5,1917.0,2768.5,3797.0,4186.5,4183.5,4345.5,4425.5,4524.0,4789.5,4312.5,1653.5,2397.5,3071.0,3347.0,3353.5,3499.0,3534.5,3585.5,4804.5,4270.0,1665.5,2388.5,3092.5,3423.5,3383.5,3525.5,3593.5,3628.5,4676.0,4118.0,1555.0,2274.5,2936.0,3213.0,3261.0,3421.5,3505.5,3543.0,4697.5,4258.5,1584.0,2282.5,2938.5,3242.5,3260.5,3444.0,3484.0,3552.0,4597.0,4140.0,1580.5,2286.5,2929.5,3238.5,3262.0,3442.0,3477.0,3544.5,4519.0,3982.0,1581.0,2284.0,2921.0,3200.0,3265.0,3418.0,3482.0,3513.0,4310.0,3743.0,1497.0,2147.0,2738.0,3003.0,3099.0,3271.0,3415.0,3396.0,4113.5,3549.5,1330.5,2021.5,2614.5,2863.0,2916.0,3039.0,3166.0,3165.0,3897.5,3381.5,1299.0,1898.5,2475.5,2726.5,2776.0,2892.0,3009.5,2994.0,2844.5,2119.5,702.5,1099.5,1424.5,1795.0,2114.0,2352.5,2643.5,2667.5,3943.0,3374.5,1369.5,2003.5,2553.5,2852.5,2866.5,3005.0,3002.5,3066.0,3794.5,3178.5,1347.5,1994.5,2520.5,2784.0,2839.0,2946.5,2990.0,2969.0,3693.0,3179.0,1363.0,1953.5,2458.0,2666.5,2729.5,2858.5,2995.0,2931.0,3497.0,3031.5,1267.0,1861.0,2345.5,2539.5,2628.5,2732.0,2828.5,2775.5,3600.0,3047.0,1235.0,1859.0,2364.0,2612.5,2708.0,2783.0,2875.0,2834.0,0.0,0.0,0.0,0.0,0.0,0.0,0.0,0.0,0.0,0.0,2897.0,2154.0,784.0,1175.5,1630.5,1947.0,2082.5,2289.5,2540.5,2585.0,3069.0,2352.0,843.5,1224.0,1714.5,2020.0,2155.5,2361.0,2586.5,2653.0,3144.5,2409.5,880.0,1298.0,1826.0,2055.5,2207.5,2412.5,2684.5,2701.0,2367.0,1813.0,742.0,1048.0,1443.5,1595.0,1725.5,1873.0,2079.0,2105.0,2478.5,1959.0,757.5,1075.0,1489.0,1675.5,1798.5,1957.0,2130.0,2182.0,3568.5,2777.5,1020.5,1494.0,2062.0,2312.5,2443.5,2630.0,2881.0,2917.5,3711.5,2961.5,1116.5,1582.0,2177.5,2415.5,2510.5,2727.5,2978.5,2976.0,"{""type"":""MultiPoint"",""coordinates"":[]}"
704,54,2156.5,2026.5,861.0,1079.5,1309.5,1423.5,1455.0,1500.0,1562.5,1551.0,2873.0,2687.5,925.0,1311.0,1659.0,1833.5,1957.5,2050.0,2143.5,2131.5,2870.5,2712.0,930.0,1301.0,1633.5,1831.5,1995.0,2083.0,2174.0,2192.0,2931.0,2541.5,900.0,1348.0,1633.5,1893.5,2426.0,2599.0,2658.0,2666.0,2786.5,2312.5,889.5,1289.5,1470.5,1817.5,2918.0,3243.0,3265.5,3336.5,2483.5,1853.5,711.5,1097.0,1134.0,1606.5,3336.0,3906.5,4036.0,3994.5,2258.0,1429.0,514.0,877.0,740.0,1362.0,3989.5,4856.0,5016.0,4954.0,2039.0,1080.0,433.5,775.0,513.5,1231.0,4432.5,5632.0,5734.5,5714.5,1847.5,913.5,391.5,744.5,419.5,1164.5,4639.0,6048.5,6111.0,6112.5,1808.0,901.0,435.0,808.0,497.5,1269.0,4687.0,6016.5,6081.5,6123.0,1681.0,820.0,477.5,859.5,542.5,1326.0,4544.0,5800.5,5945.5,5942.0,2231.0,2074.5,799.0,1089.0,1356.5,1462.0,1493.0,1565.5,1643.0,1612.0,1715.5,885.0,482.5,888.5,594.0,1413.0,4350.5,5532.0,5583.0,5731.5,1760.0,958.5,504.5,918.0,724.0,1569.5,4032.0,4910.0,5116.5,5237.0,1889.5,1070.0,533.5,964.5,798.0,1667.0,3767.5,4281.5,4446.5,4754.5,1984.5,1145.0,573.5,885.0,924.0,1544.5,3039.5,3538.0,3788.5,4001.5,3932.5,2897.0,835.0,1229.5,1703.0,2051.5,2294.0,2591.0,2808.5,2993.0,3840.5,2852.5,941.0,1312.0,1816.0,2145.0,2342.5,2615.5,2832.5,2991.0,3693.0,2798.0,952.0,1337.0,1839.0,2182.5,2401.5,2661.0,2876.5,3023.5,3590.5,2744.5,964.0,1352.5,1872.0,2170.5,2382.0,2610.0,2873.0,2959.0,3211.0,2684.0,835.5,1226.5,1749.5,2092.5,2303.5,2542.0,2768.5,2869.0,2827.0,2559.5,864.5,1194.0,1549.5,1750.5,1828.0,1951.0,2034.0,2089.0,2135.0,1970.5,657.0,971.5,1242.5,1350.5,1385.0,1466.5,1553.0,1536.0,2698.5,2362.0,816.5,1162.0,1520.0,1721.0,1780.5,1904.5,1935.5,2002.5,1968.5,1686.5,782.0,1026.0,1239.5,1372.0,1375.0,1468.0,1515.0,1530.0,2455.5,2209.5,874.5,1167.5,1453.5,1595.0,1650.0,1703.5,1810.0,1821.0,2519.5,2275.0,857.0,1175.0,1488.5,1652.0,1681.5,1767.0,1851.5,1879.5,1592.0,1239.5,1381.5,1409.5,1494.0,1552.0,1477.0,1474.5,1562.0,1491.5,517.0,421.0,638.5,519.0,473.0,476.0,470.5,505.5,498.0,486.0,2942.5,2681.5,981.5,1418.5,1784.5,1966.0,2012.0,2091.0,2176.5,2190.0,3248.5,3036.5,1168.5,1615.0,1989.5,2200.5,2261.0,2361.5,2424.5,2426.0,2899.5,2701.5,957.0,1360.5,1702.5,1869.5,1945.5,2046.5,2131.5,2098.0,2395.5,2283.0,765.5,1082.0,1387.0,1530.0,1599.5,1663.5,1748.0,1739.0,2493.0,2362.5,834.0,1144.5,1439.0,1582.5,1657.5,1729.0,1813.0,1797.0,2645.5,2449.0,864.0,1243.0,1565.0,1717.5,1789.0,1870.5,1945.5,1938.5,2729.0,2578.0,879.0,1245.5,1583.0,1742.5,1832.5,1912.5,2006.5,1995.5,"{""type"":""MultiPoint"",""coordinates"":[]}"
732,204,3202.0,2799.0,1510.0,1595.0,1816.0,2003.0,2136.0,2312.5,2305.0,2573.5,2842.0,1916.0,539.0,799.5,784.5,1298.5,2513.5,2850.5,3045.0,3085.0,2476.0,1744.0,400.5,622.5,588.5,1117.0,2537.5,2910.0,3201.5,3209.0,2512.0,1744.0,431.5,658.0,669.5,1088.5,2415.5,2921.0,3230.5,3225.0,2512.0,1712.0,498.5,680.5,706.0,1141.0,2415.5,2921.0,3230.5,3225.0,2613.0,1811.5,555.5,750.5,798.0,1217.0,2455.5,3004.5,3262.5,3330.0,2672.5,1811.5,541.5,746.5,809.0,1228.0,2473.5,2997.0,3265.0,3343.5,2698.5,1813.0,545.0,754.5,826.5,1254.0,2452.5,2976.0,3229.0,3331.5,2714.0,1812.5,563.5,771.0,858.0,1271.5,2398.5,2931.0,3167.5,3306.5,2688.0,1763.0,549.0,751.5,843.0,1264.0,2313.5,2856.5,3004.5,3218.0,2631.0,1667.0,497.5,702.0,801.5,1183.5,2255.0,2753.5,2964.0,3129.5,3245.0,2619.0,961.5,1080.5,1294.0,1511.0,1606.0,1763.5,1930.5,2024.0,2581.0,1657.0,461.0,699.5,799.5,1212.0,2179.0,2719.0,2884.5,3090.5,2490.0,1574.5,442.5,654.5,761.5,1173.0,2145.5,2605.0,2785.0,2934.0,2483.0,1553.5,514.0,737.0,826.0,1231.0,2138.5,2560.0,2721.5,2933.0,2358.5,1518.0,551.5,698.5,804.5,1119.5,1973.5,2372.5,2577.0,2758.5,2300.0,1500.0,512.0,660.0,788.0,1104.5,1815.5,2186.5,2444.5,2540.5,2309.5,1447.5,469.0,633.0,780.5,1078.0,1771.5,2126.5,2357.5,2460.0,2391.5,1546.5,530.5,680.0,813.5,1150.5,1769.0,2111.0,2345.5,2517.0,2449.5,1585.5,608.0,744.5,913.5,1160.0,1726.0,2039.0,2362.0,2467.0,2499.5,1582.0,380.0,578.0,737.5,1043.5,1688.0,2029.0,2362.0,2467.0,2825.0,1822.0,549.5,681.0,864.5,1265.0,1895.0,2228.0,2573.0,2743.0,3180.5,2563.0,781.5,929.5,1167.5,1398.0,1524.0,1681.0,1898.0,1946.5,2796.5,1777.0,448.0,590.5,755.5,1162.5,1509.5,1771.0,2040.0,2169.5,2971.0,2012.0,589.0,707.5,910.0,1300.0,1569.0,1802.5,2064.5,2218.5,3044.0,2508.5,872.5,945.0,1150.0,1336.5,1452.0,1621.0,1773.5,1843.5,3055.0,2508.5,860.5,945.0,1150.0,1336.5,1452.0,1626.5,1773.5,1843.5,2409.5,1894.0,1294.5,1305.5,1416.5,1554.5,1665.0,1742.5,1892.5,1944.0,0.0,0.0,0.0,0.0,0.0,0.0,0.0,0.0,0.0,0.0,3388.5,2799.0,693.5,883.5,1136.5,1399.5,1522.5,1722.0,1925.5,2008.5,3709.5,3165.5,1746.0,1829.0,2021.5,2285.5,2359.0,2533.0,2736.0,2743.0,3780.5,3180.5,1780.0,1899.5,2092.0,2372.5,2433.0,2600.0,2837.0,2832.0,0.0,0.0,0.0,0.0,0.0,0.0,0.0,0.0,0.0,0.0,2618.0,2175.5,718.5,863.0,1042.0,1263.0,1419.0,1574.5,1710.5,1789.5,3811.0,3142.0,900.0,1147.0,1424.5,1712.5,1895.0,2081.5,2292.0,2343.0,3855.0,3170.5,949.0,1188.0,1452.0,1740.5,1961.0,2173.5,2394.5,2438.0,"{""type"":""MultiPoint"",""coordinates"":[]}"
759,69,3013.5,2510.5,695.0,906.0,1256.0,1410.0,1518.5,1674.0,1881.5,1919.0,3899.5,3515.5,1061.0,1464.5,1739.5,2072.0,2511.0,2733.0,2893.0,2918.0,3840.0,3573.0,1013.0,1381.0,1641.0,1966.0,2411.0,2674.0,2793.0,2833.0,3654.0,2985.5,869.5,1298.5,1378.0,1907.0,3024.0,3437.0,3605.0,3678.5,3838.0,3022.0,853.0,1305.0,1486.0,2051.0,3098.0,3556.0,3768.0,3812.0,3774.0,3022.0,876.0,1297.0,1420.0,2017.0,3303.0,3763.0,3955.0,4022.0,3774.0,3022.0,849.0,1260.0,1398.0,1974.0,3298.0,3857.0,3941.0,4081.0,3955.0,3242.0,851.0,1276.0,1455.0,1964.0,3134.0,3654.0,3782.0,3906.0,3898.0,3298.0,916.0,1305.0,1488.0,1982.0,3134.0,3629.0,3748.0,3894.0,3891.0,3266.0,916.0,1300.0,1499.0,1976.0,3077.0,3638.0,3748.0,3881.0,3853.0,3212.0,918.0,1294.0,1500.0,1951.0,3077.0,3638.0,3665.0,3863.0,3239.0,2750.0,873.0,1114.0,1427.0,1604.0,1699.0,1825.0,1948.0,2080.0,3830.0,3212.0,922.0,1311.0,1500.0,1999.0,3090.0,3647.0,3716.0,3863.0,3577.0,2966.0,814.0,1200.0,1409.0,1841.0,2762.0,3172.0,3281.0,3449.0,3672.0,2976.0,838.0,1208.0,1409.0,1884.0,2880.0,3299.0,3360.0,3567.0,3613.0,2874.5,870.0,1203.5,1379.0,1857.0,2691.0,3108.0,3269.5,3369.5,3483.0,2784.0,807.0,1138.0,1409.0,1878.0,2502.0,2815.0,3103.0,3186.0,3341.0,2579.0,760.0,1083.0,1320.0,1761.0,2395.0,2682.0,2901.0,3063.0,3148.0,2443.5,2029.5,2169.0,2173.0,2445.5,2830.0,3042.0,3172.0,3208.5,3006.0,2297.0,866.0,1129.0,1294.0,1689.0,2212.0,2464.0,2640.0,2730.0,2897.5,2120.0,581.5,858.5,1095.5,1533.5,2051.0,2364.5,2584.0,2694.5,2823.0,2050.0,578.0,824.0,1078.0,1511.0,2014.0,2336.0,2492.0,2675.0,3136.5,2642.0,706.0,956.0,1326.5,1495.5,1590.5,1766.5,1987.5,2025.0,2343.5,1710.0,401.5,616.0,794.0,1178.0,1582.0,1801.0,1907.5,2077.0,4119.5,3754.5,2569.5,2671.5,2791.5,3131.5,3357.0,3484.0,3591.5,3651.5,4412.5,4018.0,2607.5,2661.5,2844.0,3115.0,3229.5,3388.0,3538.5,3575.0,3906.5,3309.5,1391.0,1550.5,1827.0,2067.5,2173.5,2346.5,2528.0,2633.5,3927.5,3477.5,1401.0,1610.0,1911.0,2135.5,2225.5,2351.5,2505.0,2611.5,0.0,0.0,0.0,0.0,0.0,0.0,0.0,0.0,0.0,0.0,3837.5,3466.5,823.0,1120.0,1509.5,1723.0,1791.0,1948.5,2146.0,2237.0,4293.5,4032.5,992.0,1329.0,1753.5,1951.5,2023.0,2232.0,2426.0,2511.0,3971.0,3815.0,973.0,1313.0,1734.0,1861.0,1933.0,2119.0,2357.0,2326.0,3971.0,3815.0,973.0,1313.0,1734.0,1861.0,1933.0,2119.0,2357.0,2326.0,4076.0,3840.0,1158.0,1520.0,1918.0,2120.0,2210.0,2372.0,2530.0,2585.0,4186.0,3840.0,1206.0,1588.0,2001.0,2182.0,2328.0,2472.0,2663.0,2670.0,4188.5,3814.0,1262.0,1651.5,2049.0,2260.5,2419.0,2591.0,2786.5,2776.0,"{""type"":""MultiPoint"",""coordinates"":[]}"
850,3,3328.0,2590.5,1426.5,1664.0,2236.0,2491.0,2518.0,2631.5,2414.0,2804.5,3741.0,3613.0,1235.5,1594.5,1996.0,2149.0,2226.0,2339.0,2554.5,2527.0,611.0,544.0,618.0,810.0,953.0,1020.0,879.0,912.0,891.0,860.0,229.0,239.0,655.0,799.0,818.0,880.0,736.0,807.0,720.0,656.0,578.5,405.0,483.0,721.5,695.5,1038.0,1099.5,1154.5,1192.5,1150.5,824.0,522.0,512.0,741.5,625.0,1051.5,1452.0,1592.5,1603.5,1624.0,1489.0,910.0,295.0,521.0,349.0,800.0,1621.5,1891.5,1933.0,1996.5,1195.0,627.5,203.5,379.5,184.0,573.5,2007.5,2876.0,2968.0,2918.5,1341.0,633.5,166.0,296.0,152.0,464.5,2411.0,4152.5,4248.5,4333.0,1204.0,534.0,127.0,225.0,90.0,399.0,2452.0,4261.0,4447.0,4507.0,1227.0,544.5,169.0,285.0,127.0,400.0,2385.5,4120.5,4307.0,4327.0,3486.0,2858.5,584.0,837.0,1196.0,1406.5,1494.5,1652.5,1937.5,1930.5,1161.0,536.5,203.5,367.5,199.0,596.5,2461.0,3917.0,4162.5,4156.5,1369.5,692.0,306.0,744.5,373.0,1215.5,3099.5,4160.5,4413.5,4393.0,1611.5,806.5,1325.5,1555.5,1262.5,1930.5,3349.5,4001.5,4055.0,4215.0,1636.0,780.5,947.0,1329.0,986.0,1964.5,3613.0,4287.5,4522.0,4570.0,1718.0,974.0,620.0,1051.0,971.0,1918.0,3122.0,3659.0,3862.0,3960.0,4997.0,3524.0,1226.0,1721.0,2441.0,2880.0,3121.0,3395.0,3746.0,3807.0,4366.0,3267.5,1050.5,1513.0,2190.5,2534.5,2714.0,2901.5,3159.0,3278.5,3557.0,3015.0,964.0,1334.0,1835.0,2039.0,2112.0,2265.0,2507.0,2501.0,3582.5,3002.0,965.0,1350.0,1876.5,2095.5,2208.0,2344.0,2581.0,2586.0,2682.0,2196.0,3336.0,3005.0,2867.0,3079.0,2986.0,3041.0,3550.0,3054.0,2733.0,2170.0,1225.0,1345.5,1630.5,1823.0,1855.5,1962.5,2006.5,2067.5,2030.0,1534.0,592.0,761.0,1039.0,1195.0,1281.0,1369.0,1509.0,1533.0,2994.5,2576.5,1352.5,1493.0,1714.0,1944.0,1999.0,2144.5,2192.0,2285.5,3105.0,2727.5,850.5,1076.5,1420.0,1631.5,1730.5,1810.0,2073.5,2036.5,3587.0,3248.5,1014.0,1271.5,1633.0,1897.5,1957.0,2065.0,2299.0,2289.5,3430.0,3056.0,907.0,1137.0,1476.0,1667.0,1770.0,1948.0,2158.0,2075.0,581.0,579.0,366.0,390.0,475.0,510.0,538.0,572.0,606.0,652.0,3458.0,2849.0,600.0,824.0,1132.0,1338.0,1434.0,1614.0,1899.0,1924.0,3392.5,2778.0,631.0,832.0,1138.5,1348.5,1440.5,1602.5,1868.0,1902.5,3676.0,3093.0,636.0,892.0,1198.0,1368.0,1469.0,1625.0,1917.0,1938.0,4018.0,3342.0,801.0,1038.0,1371.0,1582.0,1751.0,1902.0,2202.0,2258.0,3858.0,3175.0,769.0,1023.0,1341.5,1533.0,1643.5,1808.0,2063.0,2129.0,3350.0,2950.0,735.0,978.5,1305.5,1465.5,1598.0,1735.5,1979.5,1980.0,3353.0,3042.0,875.0,1140.0,1508.0,1674.0,1744.0,1857.0,2073.0,2081.0,"{""type"":""MultiPoint"",""coordinates"":[]}"
869,69,2003.0,1446.0,258.0,491.0,555.0,953.0,1363.0,1545.0,1672.0,1678.0,2611.0,1827.0,646.5,974.5,1115.0,1610.0,2525.5,2853.0,3039.5,3111.5,3665.0,3037.0,3305.0,3173.0,3184.0,3502.0,3839.0,3992.0,4170.0,4053.0,3233.0,2317.0,707.5,1032.0,1329.5,1747.0,2219.5,2459.0,2701.5,2840.5,3321.0,2348.5,721.5,1060.5,1411.5,1869.5,2343.0,2616.0,2860.5,2999.5,3362.5,2347.0,686.5,1008.0,1347.5,1805.5,2317.0,2646.0,2834.5,3010.0,3327.5,2262.5,662.0,990.0,1312.5,1780.0,2437.5,2793.0,3008.5,3158.5,3397.5,2282.0,657.0,977.0,1330.5,1802.0,2479.0,2851.5,3042.5,3293.0,3337.5,2248.0,642.5,974.5,1331.0,1796.0,2466.5,2862.0,3085.5,3314.5,3316.0,2181.0,643.0,969.0,1309.0,1781.0,2535.0,2881.0,3153.0,3383.0,3205.0,2162.5,634.0,947.0,1306.0,1737.5,2460.0,2939.5,3092.0,3240.5,2342.0,1667.0,360.0,693.0,696.0,1161.0,1902.0,2070.0,2299.0,2261.0,3222.5,2179.0,635.0,961.0,1337.5,1791.0,2457.0,2846.5,3070.0,3267.0,3116.5,2114.5,1373.5,1536.5,1679.5,1996.0,2529.0,2843.5,3085.0,3212.5,3075.0,2051.5,816.0,1046.5,1322.5,1731.0,2411.0,2838.0,2968.5,3234.0,2905.0,1902.5,618.5,869.0,1180.0,1568.0,2271.0,2741.0,2896.0,3098.0,2657.0,1813.0,565.0,804.0,1129.0,1520.0,2266.0,2635.0,2870.0,3026.0,2542.0,1664.0,443.0,684.5,962.0,1345.5,2038.0,2417.5,2569.5,2760.0,2410.5,1557.5,405.5,643.0,897.0,1286.5,1963.0,2307.5,2502.5,2630.5,2321.0,1552.0,417.0,641.0,884.0,1216.0,1869.0,2240.0,2422.0,2585.0,2367.5,1586.5,368.0,588.0,805.5,1172.0,1740.0,2042.5,2331.5,2376.0,0.0,0.0,0.0,0.0,0.0,0.0,0.0,0.0,0.0,0.0,1974.0,1756.0,829.0,940.0,883.0,1272.0,2045.0,2158.0,1924.0,2287.0,0.0,0.0,0.0,0.0,0.0,0.0,0.0,0.0,0.0,0.0,2393.0,1852.0,1707.0,1796.0,1568.0,2063.0,2617.0,2836.0,2979.0,2893.0,1589.0,852.0,204.0,418.0,442.0,1190.0,2477.0,2810.0,3011.0,3020.0,0.0,0.0,0.0,0.0,0.0,0.0,0.0,0.0,0.0,0.0,1799.0,1084.0,253.0,542.0,407.0,999.0,2563.0,2851.0,3016.0,2995.0,0.0,0.0,0.0,0.0,0.0,0.0,0.0,0.0,0.0,0.0,0.0,0.0,0.0,0.0,0.0,0.0,0.0,0.0,0.0,0.0,0.0,0.0,0.0,0.0,0.0,0.0,0.0,0.0,0.0,0.0,2296.0,1555.5,415.5,734.0,698.0,1237.5,2504.5,2815.5,2994.5,2986.5,2424.0,1662.0,461.0,736.0,695.0,1223.0,2444.0,2722.0,2952.0,3055.0,2880.0,2204.0,1674.0,1840.0,1665.5,2286.5,3721.5,4043.5,4392.0,4262.5,2304.5,1460.0,448.5,748.0,727.5,1328.0,2881.5,3336.5,3459.0,3511.0,2497.0,1587.0,594.0,923.0,944.0,1550.0,2964.0,3417.0,3582.0,3723.0,"{""type"":""MultiPoint"",""coordinates"":[]}"
946,69,2275.5,1615.5,294.5,443.5,859.5,1127.0,1273.0,1512.5,1755.5,1852.0,2974.0,2355.0,553.5,864.0,1011.0,1434.0,2083.0,2304.5,2473.0,2542.0,2698.5,2053.5,487.0,805.0,840.0,1370.5,2379.5,2688.0,2860.5,2887.5,2471.5,1694.5,402.5,780.0,669.5,1358.5,2955.5,3391.0,3436.0,3543.5,2193.5,1284.0,324.5,766.5,450.0,1328.0,3727.5,4362.0,4334.0,4461.0,2152.0,1047.0,259.0,751.5,316.0,1317.5,4324.0,5087.5,5169.5,5212.5,2197.5,998.5,245.0,745.5,262.5,1271.0,4552.5,5540.0,5666.0,5682.0,2151.5,971.0,277.5,747.0,270.5,1280.5,4632.5,5722.5,5823.0,5930.0,2163.0,954.0,218.5,677.5,237.5,1194.5,4720.0,5884.0,5952.0,6052.0,2164.0,952.0,232.5,652.5,242.0,1129.5,4665.0,5975.5,5968.5,6147.0,2177.5,968.0,249.0,632.5,298.0,1110.0,4275.5,5548.0,5581.0,5815.0,2376.5,1772.5,395.5,504.5,869.0,1069.0,1200.0,1430.5,1604.0,1720.0,2191.0,977.5,293.0,653.0,335.5,1134.5,4213.5,5443.5,5494.0,5736.0,2147.0,943.5,303.5,714.5,323.5,1217.0,4375.0,5580.0,5637.0,5816.0,2176.0,963.5,410.5,782.5,397.5,1251.0,4252.5,5435.5,5471.5,5693.0,2182.0,979.5,447.5,830.5,459.5,1316.5,4249.5,5320.5,5478.5,5593.0,2135.0,994.5,404.0,752.5,451.0,1244.0,4117.5,5147.5,5343.0,5457.0,2105.5,988.0,402.0,744.5,457.0,1206.5,3953.5,5015.0,5123.5,5314.5,2056.0,988.0,426.0,757.5,483.5,1206.5,3791.0,4767.5,4968.0,5044.5,2033.0,1041.0,774.0,996.0,773.5,1356.0,3271.0,3933.5,4097.5,4216.5,1933.5,910.0,337.5,671.0,431.5,1212.0,3496.0,4108.0,4328.5,4446.5,1870.5,876.5,304.0,680.5,402.0,1304.0,3505.5,4134.0,4251.0,4436.0,1616.5,1243.5,267.0,327.5,573.0,676.0,776.0,909.0,1069.5,1120.0,1746.0,823.0,295.0,632.0,405.0,1213.0,3137.5,3655.5,3777.5,3958.5,3216.5,2583.5,2693.5,2725.0,2563.5,3087.5,3806.5,4005.5,4125.5,4131.0,3262.5,2673.5,2666.5,2672.0,2572.0,3057.5,3492.5,3655.0,3824.0,3791.5,1757.5,1035.0,327.5,559.0,499.0,1178.5,1848.5,2088.5,2296.0,2405.0,1928.0,1253.0,141.5,400.0,681.5,1154.0,1409.0,1593.5,1858.5,1953.0,0.0,0.0,0.0,0.0,0.0,0.0,0.0,0.0,0.0,0.0,3145.0,2399.5,501.0,688.5,1140.0,1412.0,1591.0,1841.5,2113.0,2300.0,3279.0,2536.0,552.5,729.0,1117.0,1400.0,1667.5,1891.0,2174.0,2328.5,3032.5,2572.5,490.0,680.0,1000.5,1145.0,1264.5,1421.0,1689.5,1710.5,3032.5,2592.5,474.0,657.0,1000.5,1139.0,1257.0,1421.0,1689.5,1710.5,3731.5,3137.0,616.0,851.5,1241.5,1445.5,1581.5,1790.0,2034.0,2181.0,3506.0,2983.5,626.5,835.5,1200.0,1387.0,1525.5,1705.0,1923.0,2053.0,3484.0,2916.5,698.0,972.5,1326.0,1556.0,1730.0,1908.5,2105.5,2218.0,"{""type"":""MultiPoint"",""coordinates"":[]}"
1099,3,1878.0,1379.0,2451.0,2410.5,2423.5,2498.0,2339.0,2334.5,2656.0,2283.5,2788.0,2648.0,741.0,950.0,1226.0,1383.0,1435.0,1497.0,1669.0,1729.0,2976.0,2929.0,877.0,1044.0,1329.0,1478.0,1523.0,1655.0,1757.0,1822.0,2834.0,2741.0,995.0,1195.0,1522.0,1548.0,1651.0,1721.0,1904.0,1903.0,247.5,237.0,270.5,396.5,503.5,623.0,568.0,636.5,653.0,650.0,820.0,552.0,432.0,626.0,655.0,895.0,1027.0,1081.0,1189.0,1156.0,616.0,435.0,372.5,573.0,513.0,893.0,1119.5,1232.0,1201.5,1129.5,1165.5,659.0,355.0,584.0,433.5,933.5,1896.0,2145.0,2190.0,2199.0,1287.0,678.0,231.5,430.5,252.5,658.0,2261.0,3052.5,3057.5,3107.0,1294.0,601.0,152.0,329.0,199.0,521.0,2392.0,3930.0,4099.0,4147.0,1225.0,574.0,209.0,342.0,204.0,512.0,2321.0,4038.0,4194.5,4272.5,252.5,201.0,128.0,242.0,393.0,511.0,454.5,501.0,469.0,428.5,1293.0,582.0,423.0,525.0,307.0,640.5,2630.5,4426.5,4547.5,4653.0,1507.5,651.5,2028.0,2071.0,1776.5,2046.5,3283.0,4441.0,4579.0,4604.0,1733.0,784.5,1563.5,1713.5,1391.0,2034.0,3520.0,4499.5,4702.0,4943.5,2358.0,1190.5,996.5,1448.0,948.0,2068.0,4529.5,5646.0,5999.5,6076.0,2319.0,1226.0,497.0,1274.0,769.0,2192.0,4764.0,5747.0,6073.0,6102.0,3001.0,1815.0,878.0,1688.0,1765.0,2989.5,4503.0,5123.5,5459.0,5561.0,4009.0,2670.5,1358.5,2118.5,2960.5,3803.0,4411.0,4843.5,5200.0,5391.5,5552.0,3866.0,1491.0,2129.0,3049.0,3718.0,4065.0,4428.0,4759.0,4872.0,4064.5,3046.5,1195.5,1697.5,2437.5,2851.5,3100.5,3302.5,3477.5,3608.5,0.0,0.0,0.0,0.0,0.0,0.0,0.0,0.0,0.0,0.0,0.0,0.0,0.0,0.0,0.0,0.0,0.0,0.0,0.0,0.0,1948.0,1318.0,595.0,786.0,1083.0,1302.0,1424.0,1477.0,1570.0,1730.0,0.0,0.0,0.0,0.0,0.0,0.0,0.0,0.0,0.0,0.0,2408.0,1832.0,729.0,940.0,1251.0,1454.0,1525.0,1691.0,1757.0,1783.0,2242.5,1906.5,1278.0,1367.0,1538.0,1690.0,1667.0,1786.5,1852.5,1871.5,2944.0,2463.0,829.0,1045.0,1386.0,1617.0,1739.0,1825.0,1989.0,2005.0,0.0,0.0,0.0,0.0,0.0,0.0,0.0,0.0,0.0,0.0,0.0,0.0,0.0,0.0,0.0,0.0,0.0,0.0,0.0,0.0,103.0,97.0,97.0,148.0,261.0,345.0,247.0,284.0,211.0,170.0,835.5,509.0,251.0,369.0,588.0,792.0,829.5,948.5,1050.5,1105.5,2519.0,1841.0,681.0,922.0,1270.0,1492.0,1616.0,1770.0,1922.0,1953.0,2342.0,1515.0,577.0,803.0,1111.0,1340.0,1530.0,1651.0,1874.0,2033.0,4120.5,3334.0,1176.0,1473.0,1912.0,2181.0,2451.0,2587.0,2835.5,2861.0,3437.0,2938.0,981.5,1224.0,1558.5,1850.5,1936.0,2091.0,2249.0,2333.5,"{""type"":""MultiPoint"",""coordinates"":[]}"
1157,69,2065.0,1334.0,299.0,590.0,525.0,1059.0,2090.0,2274.0,2417.0,2547.0,3239.0,2447.0,767.0,1126.5,1373.5,1852.0,2497.5,2778.5,2992.0,3102.5,2917.5,2158.5,704.5,1028.5,1313.5,1751.0,2166.5,2451.5,2641.5,2688.5,3543.5,2673.0,824.0,1216.0,1555.0,2003.0,2605.0,2937.0,3114.5,3232.0,3548.0,2642.0,823.0,1225.0,1565.5,2040.5,2728.5,3019.5,3250.0,3342.5,3611.5,2683.5,850.5,1276.0,1609.0,2091.0,2862.0,3230.0,3380.5,3512.5,3615.5,2710.0,829.5,1266.5,1598.5,2121.0,2974.0,3371.5,3580.0,3635.0,3631.0,2668.5,804.0,1228.0,1537.5,2043.5,3041.0,3476.5,3617.5,3743.5,3631.5,2663.0,780.5,1238.5,1542.5,2096.5,3074.0,3506.5,3722.5,3825.0,3453.0,2442.0,735.0,1149.0,1482.0,1992.0,3043.0,3553.0,3814.0,3891.0,3486.0,2573.5,740.0,1145.0,1471.0,2006.0,2965.5,3465.5,3662.0,3730.0,2446.0,1651.0,367.0,676.0,627.0,1181.0,2581.0,2837.0,3127.0,3087.0,3525.0,2567.0,779.0,1168.0,1512.0,2055.0,2934.0,3387.0,3723.0,3731.0,3290.0,2370.0,1630.0,1818.5,1951.5,2322.0,2973.0,3326.5,3560.0,3570.0,3199.5,2365.0,1165.0,1358.5,1552.5,1958.0,2657.0,3050.5,3228.5,3392.5,3119.5,2260.0,706.5,1041.0,1282.5,1788.0,2676.5,3099.0,3353.0,3415.5,3035.0,2233.0,579.0,905.0,1183.0,1720.0,2528.0,2956.0,3294.0,3304.0,2703.5,1949.5,461.0,739.0,958.0,1403.5,2249.5,2712.0,2899.5,3076.5,2743.5,1976.0,479.0,767.0,991.5,1453.5,2225.0,2650.5,2853.0,2969.0,2704.0,1998.0,481.0,698.0,875.0,1273.0,2121.0,2508.0,2687.0,2797.0,2526.0,1790.0,441.0,698.0,941.0,1446.5,2073.0,2422.0,2689.0,2766.0,2190.0,1501.0,2549.0,2512.0,2549.0,2776.0,2904.0,2969.0,2966.0,3120.0,851.0,499.0,516.0,549.0,394.0,634.0,1318.0,1478.0,1516.0,1547.0,3811.0,3314.0,3889.0,3639.0,3535.0,3730.0,3891.0,3939.0,4184.0,3965.0,1951.0,1197.0,404.0,617.0,536.0,1141.0,1923.0,2171.0,2320.0,2502.0,2076.0,1285.0,321.0,684.0,501.0,1237.0,2421.0,2671.0,2958.0,2932.0,0.0,0.0,0.0,0.0,0.0,0.0,0.0,0.0,0.0,0.0,2209.0,1362.0,343.0,633.0,488.0,1147.0,3174.0,3629.0,3882.0,3793.0,0.0,0.0,0.0,0.0,0.0,0.0,0.0,0.0,0.0,0.0,0.0,0.0,0.0,0.0,0.0,0.0,0.0,0.0,0.0,0.0,2163.0,1335.0,371.0,699.0,498.0,1152.0,2923.0,3447.0,3602.0,3569.0,2262.0,1513.0,321.0,757.0,604.0,1226.0,3167.0,3678.0,3882.0,3849.0,1974.0,1344.0,387.0,740.0,599.0,1160.0,2906.0,3395.0,3544.0,3506.0,2435.0,1521.0,559.0,1047.0,815.0,1596.0,3838.0,4333.0,4654.0,4639.0,3281.0,2314.0,1468.0,1716.5,1605.0,2259.0,3403.0,3794.0,4254.5,4067.0,3198.0,2297.0,760.0,1158.0,1360.0,2005.0,2697.0,2966.0,3221.0,3294.0,"{""type"":""MultiPoint"",""coordinates"":[]}"
1234,3,2215.0,1817.0,1038.0,1140.5,1359.0,1496.0,1519.5,1691.5,1771.0,1857.5,3071.0,2868.0,906.0,1228.0,1552.0,1712.0,1752.0,1872.0,2017.0,2036.0,466.5,440.5,512.5,616.0,729.5,721.5,605.0,670.5,612.5,544.0,363.5,304.5,333.5,510.0,573.5,704.5,662.0,720.5,741.0,718.5,310.0,199.0,388.0,676.5,525.5,889.5,906.5,964.0,964.5,837.0,637.0,402.0,367.0,690.0,513.0,953.0,1451.0,1540.0,1541.0,1428.0,1229.5,623.0,278.0,483.5,275.0,678.0,1957.0,2399.0,2431.5,2412.5,1557.0,771.5,246.5,447.0,228.5,650.0,2437.0,3319.0,3285.0,3362.5,1087.0,482.5,197.0,305.5,154.0,450.0,1927.0,2966.0,2874.0,2940.5,1192.0,504.0,154.0,305.0,145.0,435.0,2410.0,3846.0,4010.0,4049.0,1225.0,534.0,258.5,407.5,208.5,526.5,2531.5,4150.0,4245.0,4328.5,3220.0,2617.0,551.0,877.0,1270.0,1447.0,1562.0,1685.0,1981.0,1969.0,1250.5,542.0,285.5,485.0,245.5,689.5,2777.5,4273.0,4418.5,4448.5,1485.5,671.5,902.5,1175.0,821.5,1519.5,3283.0,4279.5,4431.0,4475.5,1663.5,808.5,2002.5,2105.0,1721.0,2315.5,3555.5,4272.5,4290.5,4490.0,1563.0,772.0,1015.5,1393.0,1133.0,2004.5,3521.5,4116.0,4259.0,4379.0,1618.0,872.0,475.0,1061.0,979.0,1953.0,3252.0,3706.0,3962.0,4003.0,3231.5,2076.0,881.5,1395.0,1688.0,2496.5,3116.5,3411.5,3697.0,3828.0,3875.0,2845.5,1033.0,1450.5,2079.0,2482.5,2616.5,2824.5,3074.5,3179.5,315.0,251.0,737.0,1003.0,1285.0,1426.0,1360.0,1493.0,1520.0,1501.0,395.5,307.0,190.5,356.0,488.5,525.5,560.5,617.0,695.5,634.0,0.0,0.0,0.0,0.0,0.0,0.0,0.0,0.0,0.0,0.0,0.0,0.0,0.0,0.0,0.0,0.0,0.0,0.0,0.0,0.0,518.0,474.0,234.0,323.0,388.0,513.0,346.0,414.0,393.0,432.0,352.0,285.0,389.0,412.0,455.0,499.0,417.0,471.0,445.0,425.0,494.0,366.0,142.0,227.0,373.0,454.0,496.0,547.0,647.0,613.0,7303.0,6801.0,6742.0,6747.0,6905.0,7056.0,6908.0,6932.0,7210.0,6954.0,1650.0,1193.0,447.0,564.0,705.0,791.0,856.0,922.0,1075.0,1061.0,0.0,0.0,0.0,0.0,0.0,0.0,0.0,0.0,0.0,0.0,0.0,0.0,0.0,0.0,0.0,0.0,0.0,0.0,0.0,0.0,2168.0,1874.0,445.0,593.0,843.0,987.0,1070.0,1167.0,1325.0,1435.0,2765.0,2444.0,544.0,795.0,1098.0,1218.0,1273.0,1431.0,1595.0,1642.0,2619.0,2381.0,595.0,790.0,1068.0,1197.0,1257.0,1379.0,1590.0,1626.0,4142.0,3476.0,2045.0,2363.0,2684.0,2935.0,3100.0,3240.0,3169.0,3408.0,2669.0,2464.0,678.5,880.0,1164.5,1262.0,1339.5,1445.0,1640.0,1609.0,2869.0,2704.0,748.5,1001.0,1299.5,1444.5,1505.0,1632.0,1793.0,1787.5,"{""type"":""MultiPoint"",""coordinates"":[]}"
1312,75,2667.5,2004.5,544.0,742.0,937.0,1216.5,1425.5,1596.5,1742.0,1724.5,2247.5,1456.0,553.0,802.5,920.5,1283.5,1810.0,1979.5,2299.0,2211.0,2994.0,1974.0,534.0,760.5,1145.5,1491.5,1788.5,2005.0,2356.5,2394.5,3637.0,2456.5,588.5,856.5,1347.5,1649.0,1843.0,2085.0,2374.0,2481.0,3739.5,2591.0,730.5,978.5,1510.5,1799.0,2002.0,2214.5,2455.0,2613.5,3860.5,2685.0,730.5,991.5,1569.5,1832.5,2013.0,2234.0,2527.5,2621.5,3960.0,2741.0,742.0,1026.5,1630.5,1935.5,2063.5,2318.0,2549.5,2701.5,4015.0,2848.0,751.5,1052.0,1689.5,1997.5,2133.5,2399.0,2640.5,2770.0,4080.5,2850.5,774.0,1093.0,1716.0,2020.0,2165.5,2418.0,2645.0,2828.5,4113.5,2790.5,775.0,1093.0,1747.0,2082.5,2209.5,2471.5,2655.5,2877.0,4139.5,2833.0,747.0,1086.0,1764.0,2068.0,2222.5,2468.5,2696.5,2864.5,3057.0,2457.5,565.5,803.5,1073.5,1330.0,1540.5,1682.5,1801.0,1887.5,4147.0,2890.0,784.5,1098.5,1787.5,2085.0,2230.0,2476.0,2700.5,2891.0,4112.5,2808.5,800.0,1159.0,1815.0,2153.5,2263.5,2504.5,2720.0,2902.5,4202.0,2860.5,865.0,1205.5,1883.5,2207.0,2353.0,2577.5,2772.5,2963.5,3764.5,3228.0,634.0,976.5,1679.0,1946.0,2031.5,2172.5,2288.5,2378.0,3654.5,3249.5,609.5,956.5,1667.5,1917.0,1994.0,2128.0,2246.5,2301.0,3405.5,2955.0,636.5,958.5,1563.0,1775.5,1881.0,2017.0,2115.5,2158.5,3324.0,2912.5,680.0,986.5,1563.0,1775.5,1881.0,2015.5,2113.5,2149.5,3520.5,2937.5,2464.0,2441.0,2857.0,3157.5,3364.5,3544.5,3473.0,3595.5,3447.5,3012.5,510.5,795.5,1450.5,1663.0,1769.0,1881.5,1999.0,2040.5,3185.0,2749.0,508.0,764.0,1416.0,1613.0,1705.0,1855.0,1983.0,2018.0,2223.5,1715.0,613.0,771.5,887.5,1042.0,1204.5,1265.0,1643.0,1379.0,3268.5,2713.0,441.5,794.0,1267.0,1654.5,1949.5,2067.0,2069.0,2212.0,2605.0,1829.0,462.0,762.5,908.5,1438.5,2111.0,2204.5,2280.5,2308.5,2888.5,2201.5,1494.0,1652.5,1640.5,2119.0,2940.0,3105.5,3246.5,3200.0,2358.5,1603.0,329.5,649.0,698.5,1302.0,2383.0,2491.5,2608.0,2621.5,2940.0,1917.0,2534.0,2632.0,2497.0,2985.0,3724.0,3852.5,4017.5,3989.5,0.0,0.0,0.0,0.0,0.0,0.0,0.0,0.0,0.0,0.0,2935.5,2324.0,636.5,838.5,1001.0,1344.0,1709.5,1866.0,1991.5,2029.5,3016.5,2391.0,663.0,852.0,1005.5,1378.5,1843.0,1976.0,2119.5,2144.5,2939.0,2247.5,488.0,760.0,907.0,1300.5,1909.0,2088.0,2190.0,2311.0,2724.0,2093.0,480.0,686.5,822.5,1162.5,1800.0,2088.0,2155.0,2311.0,2530.0,1684.0,524.0,785.5,798.0,1376.5,2603.0,2866.0,3021.5,3035.5,2482.0,1638.0,484.0,774.0,786.0,1331.5,2722.5,2991.0,3140.0,3188.5,2372.0,1539.5,464.5,738.0,770.5,1318.0,2705.5,3064.5,3239.0,3273.0,"{""type"":""MultiPoint"",""coordinates"":[]}"
1346,24,1512.0,1144.0,293.0,453.0,463.0,698.0,1066.0,1140.0,1256.0,1221.0,2518.5,1477.0,525.5,864.0,1033.5,1678.0,2817.0,3422.5,3878.0,4018.0,2805.5,1809.5,1101.0,1327.0,1608.5,2155.0,2785.5,3195.5,3604.0,3668.0,3339.0,2024.0,811.0,1236.5,1944.5,2512.5,2934.0,3326.0,3745.0,3958.5,3532.0,2107.5,889.0,1344.5,2220.5,2734.5,3021.5,3404.0,3817.0,4026.0,3549.0,2130.5,968.0,1447.0,2342.5,2857.0,3119.0,3466.0,3811.0,4036.5,3628.0,2185.5,948.5,1466.0,2436.0,2918.0,3151.0,3522.5,3915.0,4052.5,3714.5,2241.0,958.0,1500.5,2481.5,2950.0,3174.0,3540.5,3822.0,4045.5,3719.0,2255.0,967.0,1497.5,2511.5,3031.5,3217.0,3561.0,3816.5,4070.5,4812.0,3099.0,1641.0,2376.0,3693.0,4315.0,4560.0,4806.0,5231.0,5329.0,4663.0,3143.5,1475.5,2142.0,3287.0,3875.0,4054.0,4320.5,4541.0,4761.5,3256.5,2839.5,2320.0,2419.5,2426.5,2727.5,3126.5,3255.0,3383.0,3309.5,4616.0,3233.0,1443.0,2070.0,3124.0,3644.0,3835.0,4099.0,4325.0,4471.0,4662.5,3181.5,1935.5,2337.0,3023.5,3499.0,3713.5,3975.5,4260.0,4364.0,4079.0,2899.0,2074.0,2245.0,2394.0,2661.0,2876.0,3049.0,3154.0,3335.0,4402.0,3063.0,1373.5,1820.5,2651.5,3091.0,3269.0,3518.5,3802.0,3950.0,3329.0,2649.0,981.0,1346.0,1888.0,2169.0,2271.0,2466.0,2629.0,2700.0,2650.0,2301.5,909.5,1137.0,1417.0,1541.5,1583.5,1695.0,1810.5,1816.0,2798.5,2464.0,991.5,1266.0,1562.5,1697.0,1683.5,1789.0,1933.0,1909.0,2833.0,2604.0,1060.0,1307.0,1601.0,1728.0,1726.0,1832.0,1950.0,1951.0,2632.0,2337.0,927.5,1194.0,1454.0,1582.0,1617.0,1704.0,1843.5,1820.0,1556.0,1283.0,852.0,856.0,982.0,1127.0,1171.0,1300.0,1143.0,1389.0,0.0,0.0,0.0,0.0,0.0,0.0,0.0,0.0,0.0,0.0,3675.0,3332.0,1256.0,1554.0,1881.0,2138.0,2206.0,2343.0,2476.0,2544.0,0.0,0.0,0.0,0.0,0.0,0.0,0.0,0.0,0.0,0.0,1864.0,1235.5,397.5,703.0,535.5,1053.0,1970.0,2163.0,2252.5,2236.0,1717.0,1159.0,497.0,786.0,630.0,1183.0,1830.0,1988.0,2084.0,2042.0,1317.5,855.0,524.0,701.5,615.0,958.0,1490.5,1648.0,1755.0,1713.0,0.0,0.0,0.0,0.0,0.0,0.0,0.0,0.0,0.0,0.0,0.0,0.0,0.0,0.0,0.0,0.0,0.0,0.0,0.0,0.0,1262.0,528.0,125.0,377.0,106.0,593.0,2796.0,3526.0,3661.0,3570.0,1491.0,642.0,145.5,408.0,137.5,713.0,3727.5,5130.0,5424.5,5246.5,1668.0,781.0,302.0,553.0,280.0,871.0,3680.0,5094.0,5355.0,5246.0,1158.5,615.0,216.0,427.5,218.0,682.0,2651.0,3564.0,3721.5,3687.0,1775.5,865.5,276.0,619.5,359.5,1040.0,3590.0,4775.0,5181.5,5097.0,2123.0,1153.0,379.0,715.0,664.0,1343.0,3031.0,3834.0,4237.0,4365.0,"{""type"":""MultiPoint"",""coordinates"":[]}"
1419,76,0.0,0.0,0.0,0.0,0.0,0.0,0.0,0.0,0.0,0.0,2706.0,1812.0,592.0,880.5,1003.0,1542.0,2453.5,2893.5,3235.0,3267.0,2937.0,2047.0,664.0,972.0,1203.0,1789.0,2719.0,3151.0,3487.0,3555.0,3488.0,2468.0,838.0,1179.0,1431.0,2009.0,2674.0,3015.0,3366.0,3447.0,3660.5,2521.5,910.5,1313.0,1825.5,2303.0,2722.5,3016.5,3363.5,3478.5,3575.5,2461.0,934.5,1295.0,1863.0,2284.5,2655.5,2975.5,3233.5,3372.0,3750.5,2596.0,962.5,1374.0,1979.5,2390.5,2775.0,3082.0,3397.5,3498.5,3881.0,2737.5,952.0,1362.0,1934.0,2333.5,2740.5,2996.0,3297.0,3413.0,4039.0,2868.0,1070.5,1508.0,2122.0,2551.5,2913.0,3197.0,3440.0,3613.5,3900.0,2646.0,1014.0,1464.0,2081.0,2469.0,2902.0,3196.0,3515.0,3600.0,3982.0,2785.5,1052.0,1491.5,2151.0,2570.5,2972.5,3293.0,3582.0,3684.5,2605.0,2244.0,545.0,785.0,931.0,1174.0,1451.0,1633.0,1800.0,1755.0,3859.5,2645.5,1106.5,1481.5,2056.0,2489.5,2943.5,3279.0,3568.5,3651.0,3976.0,2686.5,1317.5,1654.5,2113.0,2567.5,3073.5,3383.0,3686.0,3745.0,3858.5,2655.5,1957.5,2044.0,2206.0,2525.5,2870.5,3164.0,3296.5,3485.5,3795.0,2636.0,1577.0,1788.0,2160.5,2546.0,2853.0,3098.0,3386.0,3474.0,3646.5,2503.5,903.5,1322.0,1896.5,2280.5,2657.5,2916.5,3281.5,3338.0,3601.5,2476.0,807.0,1164.5,1752.0,2071.5,2391.5,2713.0,2949.0,3058.5,3442.0,2457.0,824.5,1146.5,1607.0,1945.0,2316.5,2579.0,2848.5,2917.0,3409.0,2466.0,847.0,1149.0,1622.0,1939.0,2351.0,2685.0,2867.0,2944.0,3271.0,2302.5,765.5,1109.5,1588.5,1897.5,2317.0,2561.5,2867.5,2890.5,0.0,0.0,0.0,0.0,0.0,0.0,0.0,0.0,0.0,0.0,0.0,0.0,0.0,0.0,0.0,0.0,0.0,0.0,0.0,0.0,2919.0,2216.0,741.0,984.0,1013.0,1554.0,2305.0,2546.0,2732.0,2745.0,2153.0,1792.0,2272.0,2228.0,2072.0,2332.0,2632.0,2776.0,2865.0,2830.0,1870.0,1105.0,248.0,575.0,345.0,1042.0,2789.0,3110.0,3411.0,3281.0,1657.0,997.0,261.0,540.0,343.0,954.0,2757.0,3211.0,3434.0,3345.0,1829.0,1065.0,304.0,610.0,399.0,1067.0,3141.0,3609.0,3894.0,3762.0,0.0,0.0,0.0,0.0,0.0,0.0,0.0,0.0,0.0,0.0,0.0,0.0,0.0,0.0,0.0,0.0,0.0,0.0,0.0,0.0,2036.0,1503.0,327.0,529.0,500.0,910.0,1731.0,1927.0,2073.0,2077.0,2336.5,1778.0,285.0,597.0,575.5,1077.5,2384.5,2705.0,2957.5,2799.5,0.0,0.0,0.0,0.0,0.0,0.0,0.0,0.0,0.0,0.0,1926.0,1194.0,244.0,535.0,409.0,952.0,3041.0,3628.0,3877.0,3760.0,2301.0,1604.0,348.0,657.5,577.5,1118.0,3306.5,4126.5,4470.5,4273.5,2542.0,1682.0,455.0,778.0,826.0,1447.0,2445.0,2846.0,3200.0,3281.0,"{""type"":""MultiPoint"",""coordinates"":[]}"
1476,3,3280.0,2400.0,858.0,1151.0,1539.0,1856.0,1976.0,2109.0,2314.0,2459.0,3413.5,3096.0,669.5,948.0,1324.5,1520.5,1605.0,1767.0,1911.5,1962.0,66.0,107.0,22.0,215.0,428.0,496.0,300.0,337.0,341.0,242.0,324.0,313.0,509.0,656.0,855.0,917.0,678.0,762.0,687.0,607.0,198.5,171.5,242.5,414.5,483.5,672.0,572.5,635.0,633.0,557.0,794.0,509.0,504.0,782.0,688.0,1189.0,1545.0,1567.0,1561.0,1616.0,1439.5,800.5,321.5,569.5,372.0,851.5,1952.0,2389.5,2449.5,2504.5,1612.0,790.0,239.0,486.5,240.0,767.0,2715.5,3629.5,3626.5,3678.0,1392.0,657.5,187.0,358.0,159.5,548.5,2472.5,3742.5,3740.0,3775.0,1063.0,474.0,135.0,258.0,146.0,428.0,2090.0,3380.0,3533.0,3480.0,1068.0,478.0,309.5,417.5,257.0,544.0,2223.0,3577.0,3654.5,3738.0,3722.0,2824.0,824.0,1134.0,1550.0,1825.0,2034.0,2121.0,2435.0,2407.0,1138.0,522.0,268.0,376.0,203.0,509.0,2283.0,3625.0,3817.0,3853.0,1539.5,667.5,1337.5,1543.0,1243.5,1839.5,3438.0,4491.5,4626.5,4674.0,1633.5,819.0,1271.5,1534.0,1222.5,1934.0,3422.5,4131.0,4244.0,4395.5,1628.0,822.0,1000.5,1314.5,1036.5,1891.5,3465.5,4112.5,4245.0,4336.0,1764.0,948.0,481.0,1077.0,961.0,2032.5,3385.0,3851.5,4145.0,4153.5,2021.5,1151.5,633.5,1160.0,1170.5,2135.5,3150.5,3519.0,3771.5,3878.5,2407.0,1465.5,722.0,1272.5,1438.5,2383.0,3142.0,3529.0,3859.0,3944.0,2537.0,1609.0,766.0,1282.0,1578.0,2411.0,2947.0,3308.0,3613.0,3754.0,4269.5,2865.0,1357.0,1901.5,2735.5,3202.0,3382.5,3659.5,4040.5,4064.0,2155.0,1449.0,2724.0,2741.0,2785.0,3006.0,2965.0,2982.0,3104.0,2978.0,0.0,0.0,0.0,0.0,0.0,0.0,0.0,0.0,0.0,0.0,3284.0,2502.0,896.0,1109.0,1471.0,1662.0,1754.0,1915.0,2021.0,2131.0,3952.0,3688.0,3947.0,3645.0,3573.0,3722.0,3572.0,3638.0,3626.0,3601.0,2983.0,2249.5,693.0,932.5,1228.5,1466.0,1595.0,1737.5,1856.0,1930.0,0.0,0.0,0.0,0.0,0.0,0.0,0.0,0.0,0.0,0.0,2702.0,2042.0,517.0,760.0,1047.0,1320.0,1468.0,1603.0,1842.0,1855.0,0.0,0.0,0.0,0.0,0.0,0.0,0.0,0.0,0.0,0.0,0.0,0.0,0.0,0.0,0.0,0.0,0.0,0.0,0.0,0.0,3437.0,2487.0,896.0,1189.0,1514.0,1886.0,2221.0,2433.0,2658.0,2713.0,3920.0,2861.0,893.0,1228.0,1538.0,1924.5,2395.5,2544.0,2845.0,2799.5,4065.0,2992.0,1002.0,1315.0,1618.0,2096.0,2567.0,2780.0,3004.0,3112.0,3546.0,2473.0,961.0,1322.0,1504.0,2074.0,2672.0,2923.0,3095.0,3192.0,3865.0,2721.0,975.5,1341.0,1535.5,2226.0,2898.0,3210.5,3413.0,3483.5,3309.0,2906.0,546.0,809.0,1161.0,1384.0,1528.0,1631.0,1767.0,1776.0,"{""type"":""MultiPoint"",""coordinates"":[]}"
1517,3,80.0,92.0,24.0,59.0,80.0,122.0,101.0,132.0,115.0,94.0,2102.0,2395.5,389.0,458.0,584.0,653.5,735.5,800.5,902.0,936.5,2051.0,2316.5,371.0,439.5,570.0,633.0,698.0,764.0,858.0,905.0,2111.0,2357.0,427.0,483.0,588.0,686.0,773.0,858.0,925.0,980.0,449.5,304.0,230.0,331.0,254.5,432.5,603.0,635.0,637.5,624.0,748.0,488.0,229.0,401.0,193.0,520.0,1005.0,1102.0,1064.0,1090.0,1699.5,874.5,259.5,558.5,223.5,781.0,2640.0,3231.0,3303.5,3252.5,1723.5,844.0,243.0,554.0,215.5,826.5,2915.5,3799.5,3772.5,3843.0,1365.5,599.5,162.5,366.0,131.5,551.5,2625.0,3892.5,3944.5,4012.5,1144.0,498.0,105.0,277.0,114.0,451.0,2464.0,3876.0,4027.0,4014.0,1108.0,447.0,141.0,241.0,95.0,400.0,2327.0,3868.0,4079.0,4102.0,130.5,114.5,143.0,143.0,173.0,188.5,174.0,201.0,192.5,207.5,1158.0,461.0,152.0,270.0,101.0,408.0,2388.0,3919.0,4185.0,4217.0,1395.0,575.5,1107.5,1221.5,894.5,1349.5,3043.0,4108.0,4316.0,4339.5,1690.0,809.0,1643.0,1880.0,1613.5,2075.5,3114.0,3643.0,3735.0,3824.0,1560.0,778.5,804.0,1164.5,838.5,1659.0,3276.5,3908.0,4151.5,4161.5,1627.5,859.0,451.0,950.0,866.5,1730.0,3110.5,3601.0,3895.0,3908.5,1839.5,1006.5,509.5,984.5,984.0,1805.0,3020.0,3424.5,3703.0,3802.5,2055.0,1147.5,546.0,1044.0,1099.0,1931.5,2947.5,3324.5,3606.5,3685.5,2157.0,1254.0,563.0,1047.0,1161.0,1936.0,2771.0,3116.0,3426.0,3492.0,2443.5,1588.0,611.0,1067.5,1374.0,2024.0,2544.0,2827.5,3207.0,3244.5,4543.0,3374.0,1395.0,1896.0,2601.0,3010.0,3126.0,3359.0,3468.0,3716.0,1441.0,1350.0,1352.0,1377.0,1399.0,1484.0,1491.0,1452.0,1515.0,1468.0,4987.0,3932.0,1430.0,1918.0,2633.0,2959.0,3113.0,3358.0,3614.0,3702.0,0.0,0.0,0.0,0.0,0.0,0.0,0.0,0.0,0.0,0.0,3559.0,2991.0,565.0,830.0,1248.0,1432.0,1551.0,1664.0,1928.0,1952.0,3514.0,3017.0,670.0,868.0,1260.0,1432.0,1583.0,1720.0,1946.0,1989.0,2604.5,2143.0,884.0,1013.5,1301.0,1476.0,1603.5,1739.5,2062.0,1994.5,0.0,0.0,0.0,0.0,0.0,0.0,0.0,0.0,0.0,0.0,58.0,40.0,50.0,71.0,87.0,138.0,95.0,115.0,69.0,75.0,45.0,42.0,60.0,67.0,84.0,109.0,61.0,72.0,94.0,96.0,941.5,879.0,197.0,248.5,283.0,338.0,382.0,423.0,466.5,480.5,1170.0,1074.0,266.0,317.0,331.0,424.0,518.0,579.0,571.0,592.0,1514.0,1297.0,318.0,600.0,448.0,807.0,1117.0,1135.0,1207.0,1200.0,2696.5,2649.0,880.5,1047.5,1061.5,1308.0,1612.0,1660.0,1787.0,1760.5,1972.0,2270.0,289.0,366.0,490.0,560.0,616.0,682.0,792.0,828.0,"{""type"":""MultiPoint"",""coordinates"":[]}"
1518,54,2383.0,2060.0,418.0,702.0,974.0,1068.0,1171.0,1261.0,1383.0,1394.0,2644.5,2258.0,661.0,950.0,1237.5,1476.5,1583.5,1737.5,1775.5,1896.0,3541.5,3181.0,871.5,1229.5,1602.0,1829.0,1954.0,2095.0,2204.0,2298.5,3356.5,3006.5,824.5,1184.5,1526.0,1763.0,1898.5,2036.0,2112.5,2203.5,3496.5,3107.5,815.5,1198.5,1581.5,1813.0,1916.5,2111.0,2176.0,2275.0,3257.5,2784.0,740.0,1077.5,1418.0,1681.0,1850.0,2002.0,2049.0,2158.5,3382.0,2903.5,803.5,1192.0,1485.0,1853.0,2222.0,2466.5,2543.0,2618.5,3122.0,2553.5,673.0,1033.0,1238.0,1646.0,2512.5,2753.0,2790.0,2873.0,2688.5,2017.0,518.5,823.0,903.0,1429.5,2632.0,3073.0,3145.5,3217.5,2530.0,1695.0,483.0,778.0,802.0,1432.0,3002.0,3628.0,3868.0,3807.0,2584.0,1839.0,488.0,829.5,802.0,1502.5,3267.5,3959.5,4183.0,4097.0,2708.0,2430.0,550.0,878.0,1172.0,1309.0,1448.0,1489.0,1704.0,1641.0,2536.0,1956.0,551.0,883.0,905.0,1455.0,2884.0,3488.0,3659.0,3665.0,2721.0,1903.0,1499.5,1768.0,1652.5,2173.0,3315.0,3895.0,4074.5,4055.5,2625.0,1939.0,1893.0,1994.0,1888.0,2245.0,2819.0,3129.0,3260.0,3372.0,2642.0,1989.0,843.5,1149.5,1228.5,1945.5,2884.5,3301.5,3604.5,3593.5,2710.0,2119.0,638.0,1031.0,1254.0,1853.0,2608.0,2959.0,3313.0,3298.0,3642.0,2973.0,729.5,1052.0,1437.5,1825.0,2062.0,2221.5,2397.5,2562.5,3749.0,3075.0,672.0,1045.0,1550.5,1913.5,2061.5,2326.0,2402.0,2608.0,3479.0,2832.5,880.5,1189.0,1618.0,1935.5,2127.5,2349.5,2443.0,2627.0,3382.0,2783.0,681.0,1011.0,1451.0,1699.0,1884.0,2064.5,2315.5,2343.5,2895.0,2135.5,3102.0,2994.5,2999.5,3286.0,3320.0,3391.0,3357.5,3467.0,0.0,0.0,0.0,0.0,0.0,0.0,0.0,0.0,0.0,0.0,1954.0,1561.0,747.0,888.0,1091.0,1170.0,1260.0,1405.0,1516.0,1493.0,0.0,0.0,0.0,0.0,0.0,0.0,0.0,0.0,0.0,0.0,2841.5,2544.0,618.0,929.0,1121.0,1427.5,1591.5,1772.5,1916.0,1951.0,0.0,0.0,0.0,0.0,0.0,0.0,0.0,0.0,0.0,0.0,2839.0,2515.0,594.0,860.0,1052.0,1359.0,1652.0,1822.0,1987.0,1991.0,0.0,0.0,0.0,0.0,0.0,0.0,0.0,0.0,0.0,0.0,3676.0,3243.0,1014.0,1501.0,1885.0,2182.0,2361.0,2523.0,2631.0,2668.0,3186.0,2853.0,789.0,1172.0,1524.0,1762.0,1858.0,2006.0,2173.0,2139.0,3824.0,3441.0,960.0,1453.0,1895.0,2095.0,2201.0,2334.0,2541.0,2456.0,0.0,0.0,0.0,0.0,0.0,0.0,0.0,0.0,0.0,0.0,3057.0,2666.0,672.0,992.0,1347.0,1560.0,1733.0,1864.0,1923.0,2001.0,3369.0,2990.0,819.5,1183.0,1537.0,1790.5,1970.5,2090.0,2226.0,2281.0,3147.0,2780.0,724.0,1045.0,1394.0,1578.0,1723.0,1827.0,1977.0,2000.0,"{""type"":""MultiPoint"",""coordinates"":[]}"
1539,2,2253.5,2077.5,1322.5,1525.5,1683.0,1777.0,1767.0,1810.0,1874.0,1838.5,2582.0,2336.5,914.5,1289.0,1579.0,1719.5,1734.5,1799.0,1879.0,1870.5,2646.0,2413.5,1009.5,1388.5,1687.0,1813.0,1816.0,1899.0,1975.0,1932.0,2667.5,2418.0,1039.5,1433.5,1722.5,1848.5,1877.0,1954.5,2063.5,1985.5,2706.5,2444.0,1091.0,1469.0,1738.0,1906.5,2022.0,2102.5,2204.5,2144.5,2662.5,2331.5,1021.5,1404.5,1642.5,1861.0,2040.0,2122.0,2231.0,2171.5,2637.5,2211.5,930.0,1361.0,1537.0,1813.5,2241.0,2370.5,2417.5,2442.5,2609.0,1990.5,826.0,1242.5,1326.0,1758.0,2645.5,2861.5,2907.0,2899.0,2517.5,1718.0,618.0,1059.5,989.0,1581.0,3217.0,3579.5,3671.5,3640.5,2343.0,1356.0,422.0,788.5,628.0,1298.0,3683.5,4355.0,4468.0,4423.0,2193.5,1145.5,368.5,691.5,512.5,1105.0,3734.0,4615.5,4667.0,4711.0,2030.0,1758.0,759.5,1051.0,1258.0,1363.5,1389.0,1424.5,1497.0,1468.5,2091.5,1047.0,275.5,547.5,374.0,975.0,3871.5,4969.5,4951.5,5063.0,1933.0,927.5,232.0,519.5,335.0,958.5,3870.0,4984.5,5129.0,5217.0,1900.0,861.0,254.0,534.0,356.0,971.5,3902.0,5040.5,5262.5,5375.5,1758.5,796.5,314.5,556.5,410.5,983.0,3689.0,4819.0,5120.5,5137.5,1734.0,821.0,340.0,577.0,460.5,994.5,3412.0,4276.5,4563.0,4571.5,1722.0,884.5,354.5,589.5,496.0,1071.5,2991.5,3895.0,4074.5,4150.0,1909.5,1106.0,471.0,700.0,762.5,1401.5,2650.0,3104.0,3366.0,3476.0,2310.5,1487.5,689.5,948.0,1334.5,1878.0,2577.0,2978.5,3301.5,3456.5,2901.0,1808.0,983.5,1282.0,1679.5,2192.0,2725.0,3046.0,3418.5,3535.0,2966.0,2041.5,1060.0,1473.0,1918.0,2455.5,2767.0,3046.0,3344.5,3507.0,1902.0,1677.5,605.5,917.0,1137.0,1246.5,1275.0,1336.5,1413.0,1389.5,2225.0,1889.5,570.5,875.0,1164.5,1410.5,1412.0,1504.0,1538.0,1608.5,2176.0,1847.5,549.5,883.5,1161.5,1290.5,1329.5,1416.5,1512.5,1524.0,2115.0,1855.5,659.5,915.0,1167.0,1287.5,1320.5,1405.5,1492.0,1495.5,1918.5,1699.0,565.0,835.5,1079.0,1179.0,1230.5,1294.0,1379.0,1377.5,2214.5,1885.0,637.0,935.0,1195.5,1316.0,1380.5,1461.5,1545.5,1594.0,0.0,0.0,0.0,0.0,0.0,0.0,0.0,0.0,0.0,0.0,3135.5,2858.0,1154.0,1666.5,2036.5,2216.0,2217.0,2319.0,2387.0,2371.0,3181.0,2968.5,1226.0,1722.0,2080.5,2264.5,2266.0,2349.5,2415.5,2411.0,3238.0,2961.5,1260.5,1755.5,2128.5,2299.5,2306.0,2377.0,2534.5,2445.5,3067.5,2808.0,1302.0,1777.5,2140.0,2261.5,2290.5,2347.5,2511.0,2382.5,2847.5,2560.5,1156.0,1609.5,1925.5,2058.5,2097.0,2142.0,2229.5,2175.5,2932.0,2599.5,1142.5,1638.0,1955.5,2145.0,2178.5,2248.5,2328.5,2300.5,2573.5,2322.5,985.0,1378.0,1653.0,1813.0,1860.5,1939.0,2032.5,1995.5,"{""type"":""MultiPoint"",""coordinates"":[]}"
1853,75,1620.5,1065.5,465.5,537.5,680.0,874.5,1134.5,1336.0,1562.0,1598.5,4021.0,3364.0,1036.0,1350.5,1840.0,2107.5,2257.0,2464.0,2724.0,2788.0,4621.0,4159.0,1244.0,1642.0,2185.0,2480.0,2639.0,2801.0,3041.0,3110.0,4524.0,3872.5,1181.5,1603.0,2147.0,2358.0,2489.0,2663.0,2914.0,2982.5,4544.0,3984.0,1224.0,1630.0,2177.0,2379.0,2521.0,2675.0,2962.0,2996.0,4776.0,3762.0,1415.0,1939.0,2718.0,3011.0,3105.0,3466.0,3742.0,3835.0,5204.0,4476.0,1415.0,1939.0,2755.0,3153.0,3308.0,3537.0,3763.0,3886.0,5207.0,4521.0,1469.0,2010.0,2823.0,3178.0,3347.0,3575.0,3898.0,3930.0,5207.0,4519.0,1470.0,2038.0,2834.0,3233.0,3314.0,3609.0,3806.0,3974.0,5218.0,4509.0,1508.0,2038.0,2880.0,3233.0,3387.0,3609.0,3796.0,3974.0,5202.0,4399.0,1516.0,2057.0,2841.0,3222.0,3374.0,3599.0,3721.0,3951.0,1820.0,1229.0,483.0,585.0,717.0,911.0,1149.0,1267.0,1546.0,1611.0,5052.0,4341.0,1520.0,2057.0,2828.0,3222.0,3300.0,3502.0,3721.0,3878.0,4950.0,4158.0,1189.0,1653.0,2379.0,2768.0,2917.0,3177.0,3398.0,3609.0,4999.0,4158.0,1255.0,1747.0,2450.0,2839.0,2970.0,3277.0,3440.0,3730.0,4940.5,4066.0,1325.0,1806.0,2516.0,2868.0,3011.5,3257.0,3571.5,3722.5,4843.0,4195.0,1329.0,1792.0,2518.0,2856.0,3001.0,3246.0,3491.0,3597.0,4843.0,4127.0,1329.0,1792.0,2469.0,2824.0,2957.0,3196.0,3424.0,3556.0,4750.0,3993.5,1283.5,1718.0,2357.0,2717.0,2873.5,3110.5,3355.0,3467.5,4756.0,3918.0,1365.0,1818.0,2493.0,2832.0,2985.0,3215.0,3481.0,3605.0,4653.0,4012.0,1135.5,1614.0,2305.5,2610.5,2789.0,3036.0,3325.5,3441.0,4555.0,3896.0,1091.0,1538.0,2183.0,2501.0,2667.0,2871.0,3149.0,3351.0,1746.0,1159.5,393.0,503.5,663.5,852.0,1055.0,1239.5,1490.5,1562.5,4581.0,3875.5,1212.5,1668.5,2254.5,2560.0,2675.0,2935.0,3102.0,3307.5,4510.0,3650.0,1180.0,1645.0,2239.0,2629.0,2715.0,2907.0,3176.0,3339.0,3369.0,3087.0,753.0,1051.0,1482.0,1668.0,1745.0,1915.0,2073.0,2155.0,3491.0,3087.0,886.0,1162.0,1595.0,1829.0,1922.0,2102.0,2156.0,2347.0,3402.0,2984.5,802.0,1119.0,1544.5,1803.0,1862.5,2044.5,2138.0,2271.0,0.0,0.0,0.0,0.0,0.0,0.0,0.0,0.0,0.0,0.0,1756.0,1219.0,410.0,504.5,612.0,838.5,1077.5,1210.5,1437.5,1504.5,1898.0,1308.5,564.5,626.5,780.0,1048.5,1338.0,1488.0,1715.0,1759.0,1870.0,1249.0,680.0,764.0,954.0,1243.0,1595.0,1735.0,2005.0,2057.0,1870.0,1249.0,628.0,729.0,891.0,1207.0,1645.0,1836.0,2143.0,2096.0,1660.0,931.0,337.0,550.0,453.0,889.0,2162.0,2520.0,2714.0,2719.0,2873.0,2224.0,570.0,848.0,1000.0,1328.0,1852.0,2080.0,2364.0,2366.0,3146.0,2475.0,694.0,893.0,1127.0,1438.0,1835.0,2051.0,2283.0,2337.0,"{""type"":""MultiPoint"",""coordinates"":[]}"
1905,69,2271.0,1442.5,1853.5,1942.0,1875.0,2151.0,2873.5,2994.5,3081.5,3078.0,2798.0,2437.5,770.0,1080.0,1424.0,1651.5,1791.5,1930.5,2108.5,2096.0,3402.0,2875.0,1916.0,2073.5,2246.0,2538.5,2861.5,2980.0,3179.0,3146.5,2858.5,2333.0,764.5,1123.0,1370.0,1689.5,2161.0,2373.5,2522.0,2528.5,2976.5,2424.5,727.0,1132.5,1294.0,1706.0,2548.0,2834.5,2988.0,2968.0,3204.5,2538.5,818.5,1238.0,1402.5,1869.0,2716.0,3058.0,3225.5,3268.5,3118.0,2446.0,754.5,1191.5,1356.5,1821.0,2759.0,3195.0,3333.0,3356.5,3125.0,2262.5,707.0,1170.0,1229.5,1815.0,3138.0,3642.5,3690.0,3758.0,2818.0,2029.5,608.5,1062.0,1065.5,1655.5,3142.0,3660.0,3729.0,3818.5,2532.5,1762.5,526.0,916.5,886.5,1458.5,3052.0,3546.0,3618.0,3735.0,2708.0,1940.5,598.5,981.0,973.0,1540.0,3138.5,3671.0,3822.5,3881.5,1913.0,1237.5,300.5,558.5,465.5,1038.5,2283.5,2560.0,2725.0,2701.0,2995.0,2129.0,637.5,1050.0,1176.5,1720.0,3069.5,3626.5,3714.5,3868.0,2769.5,1977.5,596.5,981.5,1139.0,1614.5,2852.0,3345.0,3517.5,3605.0,2623.5,1885.5,530.5,838.5,985.5,1407.5,2621.5,3161.0,3250.5,3415.0,2634.0,1763.0,566.0,885.0,960.5,1479.0,2790.5,3298.0,3436.5,3558.5,2435.5,1717.5,490.0,820.5,932.0,1416.0,2431.0,2852.0,3132.0,3144.5,2518.0,1737.5,576.5,880.0,998.5,1514.0,2457.0,2834.5,3008.5,3137.0,2321.5,1563.5,457.5,760.5,928.5,1399.0,2243.5,2566.0,2802.0,2908.5,2277.5,1507.5,434.0,709.5,893.0,1293.0,2044.5,2388.5,2574.5,2670.0,2222.5,1470.0,403.5,705.5,899.0,1328.0,2038.5,2353.5,2626.0,2669.5,0.0,0.0,0.0,0.0,0.0,0.0,0.0,0.0,0.0,0.0,2236.5,1815.0,1851.0,1866.0,1788.0,2164.0,2744.0,2755.5,2881.5,2792.0,1941.0,1235.5,347.5,624.0,591.5,1112.0,1851.0,2047.5,2141.0,2242.5,1829.0,1198.0,367.5,639.5,548.0,1119.5,1897.5,2117.0,2249.5,2311.5,1637.0,976.5,277.5,569.0,449.0,1046.5,1892.0,2062.5,2303.0,2270.5,1644.5,997.0,217.5,518.0,431.5,1024.0,1868.0,2090.5,2312.0,2296.5,1852.5,1164.5,288.0,611.5,537.5,1113.5,2151.5,2357.0,2584.5,2553.0,1165.0,673.0,1359.0,1321.5,1149.0,1459.0,2057.5,2220.5,2252.5,2290.0,1779.5,1148.0,276.5,543.0,452.0,1015.5,2344.0,2599.0,2833.5,2754.5,2546.0,2056.0,1244.5,1342.5,1232.0,1746.0,2789.5,3020.0,3372.0,3225.5,1983.5,1352.0,364.5,701.5,605.0,1216.5,2662.5,3034.0,3278.0,3160.5,0.0,0.0,0.0,0.0,0.0,0.0,0.0,0.0,0.0,0.0,1744.0,1109.5,369.0,688.0,590.0,1302.0,2723.0,2948.5,3160.0,3172.5,1982.5,1434.0,483.0,812.0,779.0,1469.5,2643.0,2939.5,3196.0,3168.5,2738.0,2398.5,727.0,1024.5,1334.5,1563.0,1701.5,1840.0,2005.5,1996.0,"{""type"":""MultiPoint"",""coordinates"":[]}"
1937,3,108.0,63.0,600.0,1097.0,1250.0,1494.0,1160.0,1162.0,1037.0,796.0,2688.0,2520.0,691.0,976.0,1342.0,1536.0,1580.0,1690.0,1862.0,1803.0,2988.0,2725.0,964.5,1285.0,1701.0,1874.0,1967.5,2098.5,2159.5,2253.0,3390.0,3363.0,1101.0,1487.0,1976.0,2181.0,2247.0,2355.0,2489.0,2503.0,170.0,171.5,347.0,480.5,497.5,603.0,344.5,361.5,352.0,239.5,146.0,133.0,270.5,401.0,430.5,563.0,310.5,398.5,386.5,291.5,558.5,367.0,312.5,549.5,390.0,771.5,916.0,1030.5,1026.5,879.5,1287.0,670.5,335.0,695.5,361.5,1046.5,2390.0,2704.5,2745.5,2676.5,1809.5,797.5,270.5,576.5,260.0,900.0,3312.0,4396.0,4528.0,4659.5,1682.0,751.0,253.0,456.0,384.0,765.0,2441.0,3520.0,3912.0,3958.0,1376.0,630.5,353.5,463.5,311.0,626.5,2277.5,3437.0,3581.5,3659.0,230.5,157.5,678.0,1083.0,1266.0,1508.0,1239.0,1217.5,1180.0,985.0,1210.0,509.0,209.0,315.0,158.0,433.0,2087.0,3419.0,3589.0,3569.0,1442.0,567.5,1436.0,1531.5,1201.0,1535.5,3198.0,4499.5,4600.5,4616.5,1352.5,582.0,945.5,1043.0,758.0,1164.5,2886.0,4171.5,4232.5,4383.5,1391.0,602.0,835.5,1021.5,663.0,1320.5,3150.5,4297.0,4472.0,4552.0,1548.0,709.0,345.0,810.0,433.0,1392.0,3494.0,4567.0,4859.0,4799.0,1559.5,767.5,438.5,899.5,637.0,1603.5,3384.5,4079.0,4334.5,4403.5,1837.5,957.0,429.5,960.0,815.5,1911.0,3406.5,3991.5,4314.5,4425.0,2168.0,1236.0,547.0,1082.0,1083.0,2132.0,3264.0,3790.0,4100.0,4242.0,3381.0,2239.0,915.5,1423.5,1886.0,2603.0,3078.5,3415.0,3812.5,3923.5,1095.0,855.0,1088.0,1150.0,1176.0,1303.0,1320.0,1380.0,1395.0,1407.0,1536.0,1431.0,1765.0,2083.0,2258.0,2505.0,2298.0,2310.0,2142.0,2196.0,2056.0,1524.0,975.0,1150.0,1403.0,1587.0,1651.0,1789.0,1933.0,1985.0,1443.0,1057.0,1296.0,1249.0,1327.0,1384.0,1341.0,1401.0,1463.0,1483.0,442.5,265.0,282.5,364.5,506.0,669.5,646.5,737.5,752.0,737.0,0.0,0.0,0.0,0.0,0.0,0.0,0.0,0.0,0.0,0.0,290.0,201.0,172.0,231.0,361.0,421.0,417.0,420.0,580.0,409.0,0.0,0.0,0.0,0.0,0.0,0.0,0.0,0.0,0.0,0.0,750.0,687.0,1675.0,1652.0,1673.0,1753.0,1707.0,1691.0,1713.0,1635.0,238.0,117.0,678.0,1272.0,1746.0,1906.0,1432.0,1432.0,1253.0,986.0,593.0,416.0,490.0,816.0,1014.0,1174.0,1125.0,1161.5,1225.5,1133.0,1726.0,1327.0,549.0,743.0,903.0,1023.0,1091.0,1183.0,1285.0,1279.0,2596.0,1842.0,1578.0,1639.0,1725.0,1894.0,1987.0,2063.0,2494.0,2166.0,2992.5,2706.0,998.0,1303.0,1662.0,1814.0,1898.0,2055.5,2213.0,2219.0,3831.0,3664.0,1471.0,1880.0,2305.0,2514.0,2526.0,2688.0,2842.0,2825.0,"{""type"":""MultiPoint"",""coordinates"":[]}"
1948,225,2948.0,2343.5,1759.0,1938.5,1813.5,2319.5,3026.5,3141.5,3316.0,3258.5,1238.5,567.5,236.5,412.0,253.5,637.0,2984.0,4674.5,4952.0,4910.5,1431.0,675.0,389.0,566.0,381.0,793.0,3092.0,4855.0,5101.0,5188.0,3007.5,2034.5,730.0,1051.0,1238.0,1672.5,2715.5,3351.0,3681.0,3728.0,4106.5,3225.0,1150.0,1553.5,2207.0,2467.0,2569.5,2743.0,2995.0,3124.5,3380.5,2635.5,912.5,1255.0,1747.5,1973.5,2050.0,2221.0,2446.5,2499.0,3862.0,3307.0,1189.0,1518.0,2040.0,2234.0,2235.0,2426.0,2607.0,2668.0,3622.0,2852.0,1024.0,1394.0,1738.0,2066.0,2411.0,2555.0,2835.0,2821.0,2539.0,1586.0,361.0,609.0,687.0,997.0,2197.0,2759.0,2856.0,2983.0,1700.5,850.0,109.0,348.5,238.0,571.0,2564.5,3646.0,3719.5,3868.0,1314.0,542.0,66.0,242.0,103.0,358.0,2688.0,4369.0,4554.0,4540.0,1618.0,841.0,268.0,564.0,358.0,952.0,2634.0,3106.0,3319.0,3235.0,1340.0,564.5,98.0,249.5,122.0,384.5,2688.0,4835.0,4976.5,5032.0,1367.0,570.0,101.0,248.0,137.0,423.0,2762.0,4833.0,5032.0,5112.0,1442.0,623.0,364.0,482.0,358.0,615.0,2714.0,4399.0,4504.0,4722.0,1573.0,759.0,450.0,610.0,507.0,759.0,2279.0,3583.0,3786.0,3876.0,1609.0,791.0,423.0,573.0,501.0,757.0,2133.0,3022.0,3350.0,3315.0,1762.0,965.0,423.0,573.0,501.0,809.0,2051.0,2650.0,2805.0,2953.0,3321.0,2893.0,1087.0,1239.0,1480.0,1661.0,1818.0,1965.0,2100.0,2148.0,4336.0,4106.5,1297.5,1653.5,2135.5,2359.0,2468.0,2667.0,2908.5,2948.5,3778.0,3527.0,1157.0,1493.0,1937.0,2137.0,2268.0,2418.0,2647.0,2691.0,2604.0,2365.0,662.0,828.0,1136.0,1308.0,1327.0,1524.0,1579.0,1730.0,1618.0,765.0,196.0,497.0,192.0,813.0,3165.0,3810.0,3972.0,3935.0,2720.0,2490.0,656.0,891.0,1142.0,1308.0,1336.0,1478.0,1579.0,1678.0,2912.0,2722.0,801.0,989.0,1245.0,1393.0,1474.0,1604.0,1762.0,1818.0,2378.0,1728.5,718.0,975.5,903.0,1336.0,2258.0,2391.5,2549.5,2505.5,2191.0,1498.0,571.0,827.5,684.0,1152.5,2311.0,2607.0,2675.0,2740.5,1570.0,774.0,245.0,642.0,318.0,1037.0,3221.0,3465.0,3566.0,3518.0,0.0,0.0,0.0,0.0,0.0,0.0,0.0,0.0,0.0,0.0,1344.0,572.0,57.0,336.0,52.0,699.0,3372.0,4519.0,4660.0,4582.0,782.5,351.5,28.5,150.0,5.5,306.0,1988.5,2737.0,2761.0,2766.0,1251.0,570.0,75.0,290.5,101.0,554.0,3108.5,4548.5,4763.0,4736.0,1332.0,616.0,132.0,334.0,121.0,580.0,3185.0,4782.0,5074.0,4942.0,1357.0,629.0,132.0,334.0,104.0,580.0,3314.0,5135.0,5452.0,5387.0,1450.0,627.5,170.0,377.0,153.0,642.5,3463.5,5248.5,5644.0,5533.5,1426.0,652.0,122.0,363.0,139.0,600.0,3443.0,5054.0,5401.0,5324.0,"{""type"":""MultiPoint"",""coordinates"":[]}"
2131,75,3704.0,3147.0,699.0,1099.0,1647.0,1797.0,1928.0,2106.0,2306.0,2343.0,4326.0,4153.0,1063.0,1455.0,2081.0,2282.0,2429.0,2478.0,2716.0,2719.0,4520.0,4065.0,1100.0,1543.0,2209.0,2471.0,2501.0,2657.0,2792.0,2822.0,4517.0,4219.0,1122.0,1569.0,2234.5,2485.5,2508.5,2674.0,2793.0,2860.5,4662.0,4338.5,1206.0,1666.5,2350.0,2594.0,2637.5,2754.5,2916.5,3001.0,4797.0,4365.0,1250.0,1746.0,2462.0,2723.0,2709.0,2886.0,2933.0,3058.0,4852.0,4501.5,1312.5,1803.0,2520.0,2795.5,2805.5,2948.5,3098.5,3132.0,4909.0,4580.0,1319.5,1812.5,2537.5,2834.5,2815.5,3002.0,3103.5,3193.5,4843.5,4508.5,1338.5,1831.5,2555.0,2830.5,2826.5,2960.0,3077.5,3188.0,4809.0,4359.0,1317.0,1850.0,2565.0,2835.0,2861.0,2972.0,3154.0,3201.0,4853.5,4501.0,1324.0,1838.5,2568.0,2824.5,2829.0,3006.5,3114.0,3174.5,4316.5,3952.0,985.0,1419.5,2036.5,2193.5,2314.0,2508.0,2792.5,2695.0,4820.5,4452.0,1343.0,1854.0,2585.5,2869.5,2813.5,2956.5,3081.0,3166.0,4746.5,4360.0,2025.5,2353.0,2736.5,2971.0,3072.0,3214.0,3338.5,3366.5,4495.0,4105.0,1557.0,1788.0,2084.0,2421.0,2594.0,2791.0,2826.0,2942.0,4740.5,4349.5,1500.0,1873.5,2490.0,2775.5,2847.0,2973.5,3101.5,3132.5,4567.0,4296.0,1262.0,1739.0,2425.0,2666.0,2750.0,2896.0,3024.0,2977.0,4239.5,3884.5,1064.5,1489.5,2098.5,2327.0,2362.5,2488.0,2595.0,2634.5,4189.5,3845.0,1031.0,1462.5,2051.5,2271.5,2363.5,2484.0,2604.0,2668.0,4619.0,4483.0,1100.0,1559.0,2254.0,2571.0,2590.0,2795.0,2969.0,2960.0,4324.0,4028.5,1002.0,1450.0,2146.5,2390.0,2454.5,2638.5,2875.0,2787.0,0.0,0.0,0.0,0.0,0.0,0.0,0.0,0.0,0.0,0.0,2161.0,1817.0,1220.0,1231.0,1386.0,1528.0,1588.0,1675.0,1695.0,1805.0,0.0,0.0,0.0,0.0,0.0,0.0,0.0,0.0,0.0,0.0,0.0,0.0,0.0,0.0,0.0,0.0,0.0,0.0,0.0,0.0,3021.0,2482.0,517.5,900.0,1153.0,1545.5,1807.0,1875.5,2080.5,2046.0,4030.0,3505.0,2336.0,2542.5,2748.5,3082.5,3297.5,3391.0,3529.5,3468.5,3365.0,2802.0,622.0,1034.0,1246.0,1806.0,2331.0,2391.0,2686.0,2603.0,0.0,0.0,0.0,0.0,0.0,0.0,0.0,0.0,0.0,0.0,0.0,0.0,0.0,0.0,0.0,0.0,0.0,0.0,0.0,0.0,4677.0,4367.0,1096.0,1586.0,2249.0,2490.0,2662.0,2753.0,3061.0,2969.0,4608.0,4191.0,1167.0,1699.0,2357.0,2670.0,2780.0,2910.0,3161.0,3100.0,4571.5,4028.5,1453.5,1871.0,2432.0,2712.0,2821.5,3095.5,3461.0,3255.5,4410.0,3920.0,1086.0,1562.0,2190.0,2435.0,2595.0,2719.0,2984.0,2974.0,4274.0,4037.0,929.5,1327.5,1942.0,2204.5,2260.0,2423.5,2652.5,2656.5,4224.0,3855.0,954.0,1367.0,1952.0,2199.0,2265.0,2356.0,2574.0,2587.0,"{""type"":""MultiPoint"",""coordinates"":[]}"
2286,3,96.0,86.0,504.0,824.0,874.0,854.0,499.0,462.0,416.0,301.0,2562.5,2424.0,686.5,926.5,1251.0,1380.5,1416.5,1518.0,1661.0,1662.0,63.0,103.0,0.0,169.0,262.0,334.0,92.0,156.0,125.0,43.0,527.0,543.0,617.0,796.0,879.0,1052.0,842.0,899.0,806.0,779.0,338.5,276.5,209.0,408.0,376.5,661.0,650.0,715.5,690.5,625.0,658.0,500.0,275.0,502.5,431.0,798.0,984.0,1092.5,1056.5,1029.0,920.5,565.0,244.5,468.0,278.5,698.5,1450.5,1681.0,1686.0,1620.0,1309.5,679.5,161.0,369.5,153.5,594.0,2205.0,2956.5,2947.0,3013.5,1350.5,665.5,130.5,311.5,116.5,514.5,2385.5,3681.0,3723.5,3803.0,1192.0,567.0,118.0,299.0,121.0,493.0,2333.0,3811.0,4024.0,3938.0,1188.5,564.0,120.5,298.0,118.5,485.5,2426.0,4045.5,4159.0,4212.5,181.0,161.0,593.0,896.0,1028.0,1067.0,830.0,778.0,760.0,579.0,1220.0,593.0,171.0,307.0,138.0,501.0,2481.0,4104.0,4276.0,4314.0,1624.0,739.5,1788.0,2004.0,1615.5,2170.0,3680.5,4654.0,4814.0,4840.0,1697.5,880.5,1405.5,1586.0,1302.0,1948.5,3339.5,4002.0,4123.0,4291.5,1659.5,883.0,974.0,1291.5,1046.0,1873.5,3271.5,3802.0,4024.5,4095.5,1927.5,1100.5,451.0,1039.5,963.0,1971.0,3114.5,3501.5,3821.5,3846.5,2287.0,1372.5,664.5,1201.5,1285.0,2208.5,2944.0,3259.5,3494.5,3604.5,4514.5,3064.5,1294.0,1785.5,2479.0,3039.0,3256.0,3525.5,3830.0,3972.0,4429.0,3085.0,1307.0,1784.0,2565.0,2913.0,3100.0,3317.0,3622.0,3715.0,1626.0,1603.0,284.5,413.0,616.5,702.0,739.0,821.0,913.5,908.0,1669.0,1108.0,2265.0,2249.0,2291.0,2469.0,2456.0,2442.0,2529.0,2474.0,0.0,0.0,0.0,0.0,0.0,0.0,0.0,0.0,0.0,0.0,310.0,183.0,367.0,458.0,601.0,715.0,713.0,788.0,744.0,731.0,0.0,0.0,0.0,0.0,0.0,0.0,0.0,0.0,0.0,0.0,87.0,62.0,846.0,1106.0,1128.0,1154.5,869.0,853.0,764.5,638.0,0.0,0.0,0.0,0.0,0.0,0.0,0.0,0.0,0.0,0.0,38.0,38.0,675.0,894.0,843.0,925.0,719.0,704.0,629.0,515.0,0.0,0.0,0.0,0.0,0.0,0.0,0.0,0.0,0.0,0.0,0.0,0.0,0.0,0.0,0.0,0.0,0.0,0.0,0.0,0.0,35.0,26.0,308.0,460.0,528.0,577.0,326.0,328.0,296.0,204.0,993.5,676.0,284.5,454.5,628.5,713.5,732.0,802.0,903.0,910.0,2206.0,1757.0,572.0,764.0,966.0,1060.0,1108.0,1181.0,1293.0,1290.0,1991.0,1434.0,457.0,659.0,874.0,1008.0,1052.0,1118.0,1233.0,1268.0,2946.5,2670.0,831.0,1093.5,1419.0,1532.0,1582.0,1702.0,1860.0,1870.0,2362.0,2232.0,529.0,766.0,1070.0,1195.0,1252.0,1326.0,1457.0,1459.0,"{""type"":""MultiPoint"",""coordinates"":[]}"
2429,36,1695.0,706.5,209.0,480.5,217.5,799.0,3414.0,3995.0,4320.0,4160.0,1817.0,782.0,275.0,550.0,273.0,854.0,3956.0,4828.0,5226.0,4914.0,2557.0,1526.5,523.0,804.5,681.5,1285.5,3363.0,4088.0,4469.5,4374.5,2531.5,1630.0,663.5,960.0,902.5,1451.5,2949.0,3311.0,3501.0,3480.0,2117.0,982.5,387.5,704.5,352.0,1036.0,4179.0,4912.0,5158.0,5021.0,1832.0,765.0,323.0,571.0,317.0,940.0,4422.0,5523.0,5764.0,5652.0,2894.0,1950.0,769.0,1101.0,1138.0,1696.0,2717.5,3001.0,3260.5,3288.5,2322.0,1233.0,538.5,828.5,556.5,1160.0,3623.0,4273.5,4348.0,4380.5,2182.5,1017.0,594.0,868.5,555.0,1283.0,4408.5,5325.0,5268.0,5477.0,3313.0,2353.0,805.0,1085.0,1106.0,1696.0,2725.0,3184.0,3162.0,3558.0,2848.0,2030.5,800.0,1080.5,1287.0,1729.0,2324.0,2588.0,2617.5,2846.0,1765.0,750.0,231.0,501.0,228.0,821.0,3237.0,3781.0,4193.0,3970.0,2381.0,1457.0,564.0,864.0,761.0,1278.0,2935.0,3285.0,3295.0,3465.0,1932.0,1056.5,526.0,768.5,638.5,1214.0,2787.5,3159.5,3223.0,3317.5,2148.5,1297.5,568.0,822.5,709.5,1283.5,2662.5,3067.0,3077.0,3250.5,1921.0,1127.0,401.0,694.0,591.0,1188.0,2435.0,2701.0,2911.0,2914.0,2921.0,2152.0,769.5,1040.0,1278.0,1664.5,2109.0,2349.0,2391.0,2578.5,2662.5,1817.5,703.5,953.0,1076.5,1509.5,2229.5,2458.5,2525.0,2695.5,2259.0,1526.5,569.0,841.5,798.5,1284.0,2285.5,2512.0,2622.5,2728.5,0.0,0.0,0.0,0.0,0.0,0.0,0.0,0.0,0.0,0.0,2086.0,1147.0,407.0,683.0,444.0,1042.0,3049.0,3432.0,3787.0,3639.0,2689.5,1916.5,591.5,860.5,976.0,1373.5,2145.5,2364.5,2583.5,2595.5,1716.0,774.0,208.0,508.5,224.0,891.0,3150.5,3563.0,3804.0,3748.0,2062.0,1283.0,353.0,617.0,560.0,961.0,2299.0,2598.0,2750.0,2728.0,2987.0,2400.0,727.0,983.0,1410.0,1666.0,1853.0,2036.0,2229.0,2264.0,1987.0,1274.0,415.0,717.0,822.0,1202.0,1978.0,2154.0,2420.0,2364.0,1888.0,1032.0,333.0,655.5,470.5,1071.5,2850.5,3143.5,3397.5,3251.5,1723.0,852.0,221.5,532.0,259.5,871.5,3294.0,3748.0,4074.0,3886.0,1863.0,857.0,191.0,523.0,249.0,854.0,3715.0,4231.0,4482.0,4353.0,1744.0,782.0,245.0,511.0,231.0,828.0,2999.0,3440.0,3731.0,3638.0,2092.0,1406.0,337.0,571.0,526.0,976.0,1975.0,2184.0,2414.0,2404.0,1775.5,955.5,341.0,631.0,445.0,1047.0,2720.5,3054.0,3341.0,3214.0,1766.0,793.0,284.0,590.0,263.0,921.0,3696.0,4334.0,4642.0,4462.0,1828.0,774.5,271.0,554.0,247.5,858.5,4159.5,5090.0,5440.0,5265.5,1903.0,813.0,421.0,668.0,343.0,984.0,4262.0,5257.0,5552.0,5536.0,2052.0,1120.0,462.0,776.0,555.0,1139.0,3200.0,3649.0,3875.0,3767.0,"{""type"":""MultiPoint"",""coordinates"":[]}"
2598,75,1974.0,1493.0,534.0,626.5,661.5,1057.0,1281.0,1466.5,1582.0,1675.5,2616.0,1809.5,491.5,813.0,792.0,1419.0,2893.0,3373.0,3576.5,3591.0,2906.5,2082.0,556.0,868.0,944.5,1561.5,2989.0,3447.0,3712.0,3687.0,3043.5,2096.5,614.5,923.5,1076.0,1637.5,3024.5,3497.0,3737.5,3768.5,3168.5,2186.5,625.0,1004.0,1115.0,1699.5,3081.0,3541.0,3756.0,3863.0,3228.0,2231.5,674.0,1080.0,1271.0,1886.5,3178.5,3641.0,3897.0,3910.0,3399.0,2357.5,707.5,1128.0,1297.0,1997.0,3194.5,3708.0,3954.5,3967.5,3493.5,2565.0,764.0,1181.0,1377.5,1967.0,3150.0,3600.5,3876.5,3873.5,3521.5,2610.5,734.0,1186.0,1377.5,1967.0,3104.0,3552.0,3690.0,3820.0,3551.5,2567.5,768.0,1186.5,1457.5,2125.5,3184.5,3610.0,3674.5,3835.0,3434.5,2487.5,734.0,1133.0,1345.0,2016.5,3129.0,3541.0,3646.0,3839.5,2603.5,2187.5,719.5,823.5,924.0,1276.5,1494.0,1670.0,1841.0,1927.0,3365.0,2370.5,704.5,1089.5,1283.5,1883.5,2877.0,3393.5,3497.0,3681.5,3152.0,2352.0,673.5,1072.5,1274.0,1958.5,2859.0,3263.0,3360.5,3483.5,3114.5,2309.5,634.0,1001.5,1173.5,1909.5,2760.5,3062.5,3295.0,3428.0,3240.5,2396.5,862.5,1150.0,1413.0,2026.5,2667.0,3060.0,3227.0,3387.0,3256.0,2375.5,734.0,1058.0,1366.5,1891.0,2394.5,2761.0,2937.5,3078.5,3074.5,2198.0,605.0,946.5,1221.5,1639.5,2351.0,2537.0,2741.0,2801.0,2926.5,2123.0,736.0,971.0,1276.0,1739.0,2293.5,2559.5,2705.0,2798.5,2908.0,2199.0,661.5,935.0,1215.0,1661.5,2205.5,2440.0,2685.0,2745.5,2794.5,2138.0,647.5,961.5,1185.5,1700.0,2186.5,2413.5,2711.0,2706.5,2189.0,1431.5,340.0,570.0,700.5,1242.0,1748.5,1918.0,2033.0,2222.0,2215.5,1727.5,451.0,558.0,723.0,1053.5,1334.0,1463.5,1630.5,1665.0,2432.5,1677.0,447.5,713.5,779.0,1355.0,1886.5,2027.5,2123.0,2322.0,2579.0,1876.0,512.5,778.0,801.0,1313.0,1932.0,2239.5,2381.0,2430.0,2215.0,1664.5,506.0,678.5,701.0,1280.0,1779.5,1996.0,2083.5,2229.5,2056.0,1466.0,495.5,673.0,714.5,1186.0,1758.5,1866.0,2020.5,2230.0,1746.0,1118.0,289.5,499.5,484.0,969.5,1510.5,1701.0,1865.0,1972.5,0.0,0.0,0.0,0.0,0.0,0.0,0.0,0.0,0.0,0.0,2212.0,1624.0,390.0,586.0,677.0,1200.0,1321.0,1520.5,1729.5,1741.5,2640.5,2011.0,817.5,1011.0,1104.0,1683.5,2334.5,2563.0,2673.0,2729.5,2442.5,1792.0,825.5,1046.5,1157.0,1716.0,2347.0,2525.5,2659.0,2712.5,2016.0,1390.0,618.0,853.5,913.5,1434.5,2308.0,2542.0,2698.5,2713.5,1699.0,1047.0,370.5,644.0,564.5,1189.5,2403.0,2675.5,2872.5,2874.0,2127.5,1387.0,404.5,681.0,584.0,1250.5,2636.0,2969.5,3194.5,3259.5,2394.0,1587.0,449.5,757.0,740.0,1295.0,2730.0,3142.0,3416.5,3368.0,"{""type"":""MultiPoint"",""coordinates"":[]}"
2659,75,1406.5,1003.0,1813.5,1760.0,1748.5,1854.5,1950.5,2002.0,2068.5,2050.0,1651.0,821.5,309.5,602.5,365.5,977.5,3175.0,3834.0,4130.5,4117.5,2092.0,1054.5,419.0,780.5,563.5,1326.0,3603.5,4211.5,4609.5,4590.5,2098.0,1159.0,454.0,758.0,672.0,1286.0,2990.0,3670.0,3857.0,3968.0,2245.5,1246.5,481.0,831.5,824.5,1413.5,3161.0,3698.0,3975.0,4028.0,2379.0,1342.0,514.0,879.0,918.0,1519.5,3238.0,3750.0,3990.5,4089.5,2414.5,1376.5,544.0,914.0,957.0,1529.5,3187.5,3702.5,3997.5,4018.0,2449.0,1404.5,531.0,920.0,967.5,1573.0,3159.5,3666.0,3879.0,4023.5,2581.5,1522.0,621.5,1013.5,1089.5,1715.5,3254.5,3803.0,3988.5,4087.5,2364.0,1381.0,540.0,956.0,1004.0,1564.0,3049.0,3509.0,3809.0,3771.0,2414.0,1474.0,584.0,952.0,1010.0,1583.0,3006.0,3511.0,3686.0,3782.5,1891.5,1470.5,389.0,538.0,626.5,875.0,1174.5,1333.0,1509.5,1518.0,2416.5,1439.0,650.5,1023.0,1047.5,1588.5,3022.0,3453.0,3729.0,3807.0,2310.0,1362.0,1424.0,1630.5,1523.0,1948.0,3019.0,3400.0,3626.0,3656.5,2217.0,1334.0,1792.0,1856.0,1699.0,1975.0,2755.0,3000.0,3134.0,3241.0,2145.0,1303.5,736.0,986.0,960.5,1462.5,2649.5,3038.5,3315.0,3338.5,2049.0,1275.0,373.0,723.0,774.0,1292.0,2399.0,2828.0,3198.0,3146.0,2117.5,1286.5,405.0,707.5,714.0,1247.0,2310.5,2704.5,2939.5,2983.0,2191.0,1402.5,428.0,763.5,792.5,1313.5,2253.0,2596.0,2843.0,2892.0,2196.0,1503.0,558.0,842.0,869.0,1319.0,2172.0,2490.0,2738.0,2766.0,2053.5,1399.0,468.5,755.5,792.0,1244.5,2048.0,2315.5,2601.5,2565.5,0.0,0.0,0.0,0.0,0.0,0.0,0.0,0.0,0.0,0.0,1040.0,705.0,455.0,493.0,490.0,675.0,913.0,1032.0,1117.0,1135.0,0.0,0.0,0.0,0.0,0.0,0.0,0.0,0.0,0.0,0.0,0.0,0.0,0.0,0.0,0.0,0.0,0.0,0.0,0.0,0.0,1872.0,1287.0,324.0,532.0,492.0,920.0,1385.0,1576.0,1848.0,1834.0,2078.0,1361.0,400.0,539.0,775.0,1101.0,1439.0,1691.0,1984.0,2106.0,1953.0,1408.0,249.0,344.0,440.0,658.0,950.0,1106.0,1339.0,1411.0,0.0,0.0,0.0,0.0,0.0,0.0,0.0,0.0,0.0,0.0,0.0,0.0,0.0,0.0,0.0,0.0,0.0,0.0,0.0,0.0,1797.0,1228.0,342.0,532.0,548.0,950.0,1627.0,1790.0,2020.0,2021.0,1875.0,1185.0,475.0,734.0,725.0,1248.0,2397.0,2589.0,2869.0,2860.0,0.0,0.0,0.0,0.0,0.0,0.0,0.0,0.0,0.0,0.0,1298.5,682.5,437.0,635.0,398.5,938.0,2671.5,3056.0,3281.0,3260.5,1486.5,713.5,214.0,523.5,260.0,862.0,3170.5,3812.0,4111.5,3982.5,1616.0,803.0,315.0,618.0,395.0,989.0,3228.0,3765.0,4102.0,4049.0,"{""type"":""MultiPoint"",""coordinates"":[]}"
2681,3,61.0,60.0,159.0,285.0,355.0,397.0,349.0,434.0,423.0,375.0,89.0,89.0,224.0,373.0,329.0,413.0,201.0,220.0,203.0,131.0,101.0,95.0,266.0,371.0,400.0,512.0,316.0,352.0,328.0,230.0,198.0,172.0,356.0,520.0,483.0,676.0,569.0,626.0,598.0,515.0,603.0,368.0,351.0,643.0,417.0,915.5,1272.0,1373.5,1363.5,1275.0,1108.0,609.0,307.0,588.0,335.0,895.0,1807.0,2005.0,2004.0,2004.0,1128.5,566.5,258.0,453.0,241.5,667.0,1974.0,2452.5,2507.0,2509.0,1057.5,483.0,178.5,328.0,144.5,477.5,2044.5,2918.0,2958.5,2931.5,1082.5,457.5,174.5,295.5,128.0,414.0,2262.0,3576.5,3672.5,3721.0,1179.0,492.0,152.0,320.0,130.0,488.0,2745.0,4284.0,4515.0,4478.0,1321.0,588.5,252.0,490.5,233.5,750.5,3027.5,4441.5,4669.5,4698.0,117.0,87.0,441.5,577.0,618.5,676.0,547.0,585.0,591.0,491.5,1578.5,735.5,543.5,1015.5,541.0,1465.0,3795.5,4884.5,5106.0,5113.0,1763.0,849.0,1529.5,1873.0,1461.0,2179.0,3839.0,4522.0,4812.0,4783.0,1945.5,956.0,1687.5,1966.0,1603.5,2401.5,3863.0,4467.5,4689.5,4816.5,2065.5,1103.5,1190.5,1663.0,1462.0,2523.5,3785.0,4265.0,4540.5,4582.5,2394.0,1436.0,770.0,1497.0,1576.0,2676.0,3726.0,4069.0,4440.0,4437.0,4179.5,2719.0,1156.0,1796.5,2466.5,3186.5,3658.0,3997.0,4300.5,4398.5,3877.0,2836.5,1154.0,1631.0,2346.5,2725.5,2854.0,3022.5,3300.5,3336.0,3987.0,2955.0,1222.0,1725.0,2495.0,2846.0,2930.0,3141.0,3357.0,3455.0,171.0,170.5,341.0,547.5,762.0,870.0,679.0,714.0,724.5,597.5,0.0,0.0,0.0,0.0,0.0,0.0,0.0,0.0,0.0,0.0,0.0,0.0,0.0,0.0,0.0,0.0,0.0,0.0,0.0,0.0,0.0,29.0,514.0,628.0,704.0,709.0,474.0,502.0,461.0,364.0,165.0,177.0,642.0,526.0,450.0,450.0,311.0,337.0,308.0,246.0,3.0,22.0,366.0,497.0,534.0,532.0,326.0,315.0,305.0,232.0,825.5,750.0,1008.0,1031.0,1017.0,1042.5,916.0,926.0,939.5,883.0,19.0,31.0,257.0,379.0,409.0,442.0,260.0,264.0,261.0,178.0,0.0,0.0,0.0,0.0,0.0,0.0,0.0,0.0,0.0,0.0,0.0,0.0,0.0,0.0,0.0,0.0,0.0,0.0,0.0,0.0,44.0,24.0,329.0,415.0,452.0,591.0,512.0,576.0,577.0,562.0,1759.5,1277.0,590.0,720.0,788.5,872.5,904.0,986.0,1107.5,1125.5,0.0,0.0,0.0,0.0,0.0,0.0,0.0,0.0,0.0,0.0,1705.0,1393.0,518.0,644.0,727.0,772.0,815.0,877.0,958.0,982.0,2475.0,2343.0,828.0,1011.0,1180.0,1254.0,1307.0,1407.5,1541.5,1511.5,2221.5,2028.0,662.5,821.5,1044.5,1150.0,1193.5,1271.0,1400.5,1423.0,"{""type"":""MultiPoint"",""coordinates"":[]}"
2687,1,1097.0,1020.0,259.0,440.0,520.0,660.0,714.0,766.0,874.0,878.0,3072.0,3011.5,773.0,946.0,1230.0,1362.0,1455.0,1583.0,1727.5,1784.5,3537.0,3487.0,904.5,1127.0,1471.5,1620.5,1732.0,1889.0,1977.5,2105.0,3390.0,3376.0,941.0,1125.0,1429.0,1564.0,1642.0,1787.0,1916.0,1965.0,3259.0,3039.0,891.0,1158.0,1366.0,1589.0,1822.0,1947.0,2091.0,2168.0,3181.0,2901.5,880.0,1118.0,1295.0,1535.5,1943.5,2148.5,2232.0,2315.5,2739.5,2267.5,543.5,781.0,837.0,1129.5,2039.5,2443.0,2549.5,2631.0,2471.0,1704.0,417.0,673.0,574.5,980.5,2653.0,3510.5,3613.5,3696.5,2344.0,1627.0,406.5,639.5,568.5,937.5,2613.5,3617.0,3740.0,3812.0,2064.0,1344.0,356.0,580.0,506.0,864.0,2481.0,3607.0,3815.0,3849.0,2161.5,1444.0,352.0,583.5,506.0,883.0,2489.5,3692.5,3849.5,3903.5,1809.0,1702.0,399.0,595.0,725.0,869.0,1004.0,1079.0,1262.0,1218.0,2077.5,1339.5,439.5,617.5,510.5,856.5,2516.0,3658.5,3831.0,3915.5,2233.5,1448.5,1289.5,1382.5,1165.5,1505.5,2775.5,3661.5,3834.0,3860.5,1816.5,1168.0,2163.5,2270.0,2067.5,2246.0,2832.5,3211.5,3201.5,3291.5,2233.5,1495.0,893.5,1055.0,958.0,1343.0,2516.0,3120.0,3309.0,3360.0,2383.0,1616.0,502.0,804.0,859.5,1314.5,2246.0,2693.5,2905.5,2951.5,2607.0,1814.5,575.0,858.0,1154.5,1583.5,2127.5,2462.0,2644.0,2802.0,2812.5,1979.0,648.5,947.0,1414.5,1819.0,2210.0,2491.5,2685.0,2845.5,2887.0,2163.0,666.0,937.0,1478.0,1772.0,2058.0,2359.0,2497.0,2696.0,3636.0,2727.5,1003.5,1398.0,2168.5,2447.5,2691.0,2910.0,3265.5,3291.5,0.0,0.0,0.0,0.0,0.0,0.0,0.0,0.0,0.0,0.0,475.0,341.0,320.0,324.0,312.0,358.0,430.0,446.0,458.0,471.0,484.0,355.0,200.0,195.0,226.0,284.0,311.0,370.0,364.0,397.0,3689.0,3205.0,2916.0,2758.0,2745.0,3022.0,2946.0,3077.0,3063.0,3121.0,2344.0,2133.0,432.0,596.0,760.0,976.0,1156.0,1266.0,1371.0,1417.0,2501.0,2279.0,612.0,750.0,913.0,1131.0,1315.0,1445.0,1548.0,1664.0,2134.0,1819.5,448.0,600.5,775.5,932.0,1102.0,1237.0,1359.0,1395.5,0.0,0.0,0.0,0.0,0.0,0.0,0.0,0.0,0.0,0.0,2290.0,1831.0,518.0,747.0,824.0,1094.0,1512.0,1626.0,1809.0,1885.0,2329.0,1845.0,460.0,662.0,720.0,1054.0,1649.0,1869.0,2066.0,1988.0,2660.0,2095.0,501.0,779.0,845.0,1229.0,1971.0,2244.0,2441.0,2332.0,2656.0,2124.0,672.0,863.0,924.0,1254.0,1832.0,2187.0,2416.0,2426.0,2434.0,1809.0,531.0,792.0,795.0,1233.0,2036.0,2360.0,2572.0,2574.0,3074.0,2750.5,768.0,1004.5,1192.5,1479.5,1855.5,2031.0,2307.5,2254.0,2988.0,2854.0,738.0,960.0,1225.0,1364.0,1476.0,1587.0,1739.0,1799.0,"{""type"":""MultiPoint"",""coordinates"":[]}"
2703,3,168.0,162.0,438.0,951.0,1207.0,1425.0,978.0,983.0,863.0,600.0,4457.0,4158.0,1193.0,1768.0,2430.0,2583.0,2808.0,2967.0,3148.0,3178.0,212.0,132.0,0.0,151.0,230.0,310.0,86.0,125.0,52.0,116.0,174.0,142.0,180.0,358.0,332.0,535.0,479.0,436.0,285.0,365.0,285.5,176.5,234.0,377.0,407.0,552.5,540.5,621.0,462.5,503.0,631.0,389.0,263.0,457.0,337.0,628.0,753.0,799.0,755.0,963.0,1005.0,627.5,286.0,526.0,344.5,831.0,1323.0,1431.5,1452.0,1384.0,1378.0,730.0,232.5,486.0,233.0,860.0,1973.0,2349.5,2379.5,2378.5,1462.5,703.0,203.5,353.0,152.0,587.5,2417.5,3591.0,3619.5,3655.0,1462.0,602.0,142.0,319.0,131.0,612.0,2711.0,4326.0,4643.0,4613.0,1378.0,600.5,356.5,464.5,257.5,673.5,2672.0,4422.0,4530.5,4687.5,235.0,262.0,420.0,906.0,958.0,1310.0,838.0,831.0,715.0,578.0,1400.0,656.0,960.5,986.5,697.0,1044.5,2910.0,4397.5,4556.5,4601.5,1570.0,694.0,1355.5,1550.0,1209.5,1730.5,3398.0,4530.5,4770.0,4826.5,1709.0,814.5,1227.5,1492.0,1081.0,1862.5,3510.0,4351.5,4460.5,4595.0,1688.0,832.5,938.0,1254.0,886.5,1736.5,3464.0,4208.0,4439.0,4494.5,1774.0,937.5,402.0,958.0,737.5,1761.5,3441.0,4055.0,4375.0,4406.0,1949.5,1051.5,562.0,1052.0,937.5,1894.5,3249.5,3747.5,4003.5,4145.5,3240.5,2046.5,833.5,1381.5,1485.0,2440.5,3374.5,3754.0,4148.0,4206.5,4294.0,2987.0,1273.0,1725.0,2416.0,2875.0,3147.0,3478.0,3745.0,3911.0,3888.0,2833.5,1006.0,1433.5,2083.5,2415.0,2601.0,2843.0,3147.0,3217.5,632.0,389.0,778.0,810.0,846.0,944.0,979.0,1034.0,1047.0,1071.0,1878.0,1723.0,2240.0,2438.0,2491.0,2789.0,2555.0,2515.0,2413.0,2402.0,287.0,266.0,546.0,673.0,821.0,982.0,766.0,786.0,643.0,492.0,3760.0,3609.0,3733.0,3728.0,3753.0,4031.0,3766.0,3871.0,3525.0,3718.0,239.0,171.5,473.5,820.5,1011.5,1170.0,774.0,725.5,592.5,466.5,0.0,0.0,0.0,0.0,0.0,0.0,0.0,0.0,0.0,0.0,93.0,47.0,540.0,1073.0,1592.0,1851.0,1296.0,1213.0,979.0,775.0,0.0,0.0,0.0,0.0,0.0,0.0,0.0,0.0,0.0,0.0,0.0,0.0,0.0,0.0,0.0,0.0,0.0,0.0,0.0,0.0,128.0,167.0,403.0,857.0,1117.0,1307.0,854.0,832.0,718.0,569.0,1141.5,707.0,303.5,520.0,726.0,883.0,960.0,1044.5,1080.0,1096.5,2035.0,1546.0,482.0,684.0,939.0,1107.0,1183.0,1232.0,1343.0,1331.0,1397.0,897.0,361.0,580.0,845.0,1034.0,1172.0,1259.0,1289.0,1434.0,1954.0,1638.5,456.5,686.0,952.0,1063.0,1124.5,1215.0,1350.5,1329.0,3311.0,3005.0,750.0,1156.0,1590.0,1765.0,2055.0,2163.0,2344.0,2373.0,"{""type"":""MultiPoint"",""coordinates"":[]}"
2770,3,258.5,182.5,503.0,672.0,771.5,808.0,552.0,545.0,604.5,424.5,2021.5,1773.5,597.5,757.5,1038.0,1173.5,1248.0,1342.5,1437.0,1481.5,1134.5,1034.5,453.0,573.5,775.0,868.5,911.0,986.5,1009.5,1028.5,242.5,195.5,420.0,563.0,528.0,735.0,695.5,740.0,713.5,653.0,215.5,163.0,514.5,718.0,676.0,889.5,743.0,796.5,787.5,640.0,692.0,400.0,492.5,747.5,658.5,1124.0,1334.0,1449.0,1469.5,1441.0,824.0,481.0,443.0,647.0,535.5,890.0,1283.0,1452.0,1542.5,1497.0,735.0,397.5,237.0,391.0,293.0,603.0,1191.0,1470.0,1484.0,1478.5,961.5,484.0,211.0,353.0,206.0,502.5,1693.0,2391.0,2403.0,2411.5,1030.5,458.0,159.0,302.0,167.0,424.0,2001.0,3224.5,3367.0,3270.5,1101.0,495.5,231.5,358.5,203.5,504.0,2274.5,3765.0,3827.0,3866.0,249.0,223.5,680.5,877.5,961.5,1024.5,666.0,721.5,696.5,556.5,1137.0,515.0,247.0,382.0,206.0,553.5,2490.5,4102.0,4318.5,4265.0,1512.0,675.5,1317.5,1560.0,1158.5,1801.5,3392.5,4483.0,4596.0,4708.0,1636.5,803.5,1271.0,1481.5,1185.5,1826.0,3383.5,4125.5,4205.5,4493.5,1544.0,763.0,1025.5,1327.5,1016.0,1822.5,3403.5,4173.5,4330.0,4430.0,1643.5,888.5,430.0,918.5,790.5,1764.5,3289.0,3867.5,4180.0,4192.0,2092.5,1233.0,555.0,1051.5,1129.5,2057.0,3051.0,3443.0,3731.0,3849.5,4078.5,2676.5,1475.0,1852.0,2159.5,2917.0,3366.0,3712.0,4014.0,4185.0,854.5,858.0,172.5,196.0,294.0,314.5,383.0,401.0,549.0,488.0,1585.0,1474.5,307.0,448.0,684.5,746.0,847.5,908.0,1082.5,1028.5,0.0,0.0,0.0,0.0,0.0,0.0,0.0,0.0,0.0,0.0,0.0,0.0,0.0,0.0,0.0,0.0,0.0,0.0,0.0,0.0,2924.0,2666.0,1836.5,1955.0,2222.0,2431.0,2462.5,2539.5,2445.0,2633.0,256.5,187.0,413.5,367.5,405.0,464.0,395.0,450.5,397.0,405.0,216.0,173.5,212.5,256.0,309.0,349.5,326.5,374.0,366.5,373.5,530.5,523.0,670.0,596.0,560.0,559.0,470.0,527.5,518.0,497.0,219.0,190.5,165.5,211.5,295.0,357.5,365.0,363.0,461.0,365.5,460.0,428.5,949.0,821.5,799.5,881.0,850.5,904.0,869.5,927.5,0.0,0.0,0.0,0.0,0.0,0.0,0.0,0.0,0.0,0.0,1481.5,967.0,582.5,813.0,1223.0,1384.5,1513.0,1664.5,1991.0,1882.0,3322.0,2487.5,926.5,1246.5,1748.0,1977.5,2122.5,2326.0,2704.5,2653.0,3179.0,2527.5,969.5,1231.5,1670.5,1875.0,2037.5,2188.5,2475.5,2473.0,2425.0,1598.5,713.5,932.0,1263.5,1475.0,1580.0,1721.0,1910.5,2047.0,3565.0,2956.5,976.0,1235.0,1694.0,1910.0,2054.5,2238.5,2530.0,2578.0,2764.5,2331.0,764.5,987.0,1321.0,1519.0,1614.0,1771.0,1899.0,1992.5,"{""type"":""MultiPoint"",""coordinates"":[]}"
2779,54,1531.5,1294.5,581.0,729.5,875.5,937.0,967.5,1031.0,1079.5,1064.5,2504.5,2205.0,850.5,1193.5,1466.0,1607.0,1667.5,1749.0,1831.0,1830.5,2584.0,2288.0,902.0,1245.0,1484.0,1656.0,1809.0,1891.0,1957.0,1945.0,2450.5,2169.5,809.0,1128.0,1350.5,1516.5,1660.0,1764.5,1816.5,1821.0,2118.0,1714.0,658.0,962.0,1087.0,1348.0,2079.0,2297.0,2414.0,2376.0,2364.0,1677.0,719.0,1055.0,1010.0,1467.0,2681.0,3105.0,3158.0,3173.0,2183.0,1483.0,630.0,991.0,881.0,1392.0,3157.0,3857.0,3964.0,3926.0,2157.0,1255.0,538.0,924.0,733.0,1288.0,3581.0,4548.0,4607.0,4632.0,2102.0,1232.0,534.0,903.0,701.0,1288.0,3933.0,4959.0,4996.0,5003.0,2029.5,1170.5,471.5,885.0,669.0,1383.5,3970.0,5045.0,4983.5,5193.5,1917.0,1081.5,417.5,890.5,663.0,1414.5,4013.0,4979.0,5048.5,5213.0,1757.0,1536.0,569.0,768.0,935.0,1028.0,1055.0,1096.0,1200.0,1182.0,1928.0,1084.0,498.0,919.0,710.0,1506.0,3987.0,4796.0,4939.0,5181.0,1858.0,1077.0,479.0,926.0,817.0,1646.0,3650.0,4357.0,4589.0,4787.0,3009.0,2168.0,694.0,1054.0,1291.0,1787.0,2963.0,3325.0,3506.0,3606.0,3057.0,2488.0,797.0,1183.0,1524.0,1745.0,1838.0,1999.0,2116.0,2197.0,2603.0,2264.0,790.0,1118.0,1409.0,1565.0,1623.0,1704.0,1830.0,1818.0,2630.5,2265.5,838.0,1195.0,1489.0,1650.0,1686.0,1787.0,1848.5,1881.5,2621.0,2309.0,953.0,1254.0,1483.0,1642.0,1700.0,1817.0,1884.0,1944.0,2636.5,2333.0,908.5,1224.5,1505.0,1665.5,1728.5,1826.0,1940.0,1938.5,2601.0,2284.0,857.0,1195.0,1492.0,1647.0,1686.0,1790.0,1899.0,1901.0,1489.0,1224.0,361.0,567.0,735.0,828.0,855.0,928.0,981.0,994.0,2053.0,1754.0,699.0,984.0,1228.0,1348.0,1402.0,1492.0,1609.0,1592.0,2308.0,2012.0,587.0,921.0,1135.0,1283.0,1336.0,1443.0,1449.0,1531.0,2623.5,2318.5,1215.5,1460.5,1683.0,1868.0,1862.5,1934.0,1981.0,2038.0,2518.0,2175.0,773.0,1130.0,1406.0,1518.0,1571.0,1698.0,1841.0,1761.0,2916.5,2635.0,1008.5,1340.5,1630.0,1825.5,1845.0,1959.5,2025.0,2071.5,1807.0,1485.0,494.0,711.0,886.0,978.0,1016.0,1086.0,1204.0,1174.0,0.0,0.0,0.0,0.0,0.0,0.0,0.0,0.0,0.0,0.0,3145.0,2821.0,1154.0,1587.0,1932.0,2097.0,2162.0,2213.0,2401.0,2336.0,3378.0,3124.0,1292.0,1717.0,2045.0,2268.0,2279.0,2382.0,2411.0,2433.0,3693.0,3264.5,2013.5,2354.0,2611.0,2810.5,2874.5,2956.5,3146.5,3020.0,2260.0,1925.0,652.0,950.0,1199.0,1331.0,1392.0,1470.0,1542.0,1503.0,2181.0,1835.5,628.5,925.0,1162.5,1293.0,1352.0,1426.0,1515.5,1486.5,2913.0,2620.5,1034.0,1423.5,1709.5,1865.0,1938.0,2036.5,2134.0,2118.5,2589.5,2309.0,855.5,1187.0,1451.5,1584.0,1669.5,1758.5,1845.5,1846.0,"{""type"":""MultiPoint"",""coordinates"":[]}"
2846,69,2327.0,1589.0,648.0,848.0,1317.0,1593.0,1799.0,2099.0,2370.0,2444.0,3063.0,2427.0,550.5,975.0,1142.5,1628.0,2367.5,2633.5,2820.0,2838.5,3021.0,2349.0,523.0,963.0,1026.0,1629.0,2664.0,2969.0,3177.0,3220.0,2655.5,1851.0,388.0,838.0,712.0,1444.5,3099.0,3526.5,3698.5,3735.0,2287.0,1497.0,263.0,693.0,494.0,1219.0,3563.0,4206.0,4498.0,4379.0,2207.0,1269.0,201.0,662.0,349.0,1219.0,3767.0,4553.0,4686.0,4754.0,2225.5,1159.0,229.0,631.0,303.5,1133.0,3787.5,4574.0,4775.5,4755.0,2178.0,1100.0,356.5,735.0,397.5,1242.5,3759.5,4588.0,4821.0,4783.0,2189.0,1164.0,403.0,757.0,445.0,1284.0,3756.0,4594.0,4783.0,4781.0,2255.0,1239.0,468.0,813.0,529.0,1327.0,3595.0,4433.0,4596.0,4655.0,2242.0,1223.5,518.0,872.0,663.0,1377.5,3337.5,4085.0,4228.0,4363.5,3288.5,2549.0,692.5,962.5,1458.5,1718.0,1899.5,2149.0,2385.0,2514.0,2383.0,1304.0,489.5,895.5,599.0,1473.5,3555.0,4294.0,4441.5,4626.0,2323.5,1229.5,419.5,835.0,530.5,1386.0,3630.5,4335.0,4575.5,4645.0,2185.0,1212.0,504.0,836.0,604.0,1318.0,3323.0,4016.0,4127.0,4369.0,2185.0,1212.0,588.0,865.0,668.0,1335.0,3273.0,4004.0,4202.0,4334.0,2080.0,1102.0,483.0,733.0,574.0,1168.0,3082.0,3819.0,3946.0,4105.0,2049.0,1055.0,398.0,677.0,530.0,1141.0,3001.0,3717.0,3983.0,4040.0,2224.5,1166.0,748.5,992.0,830.0,1386.5,3166.0,3798.0,3970.0,4070.0,2187.0,1176.0,643.5,892.5,761.5,1298.0,3034.5,3667.5,3935.0,3994.5,2217.0,1330.0,505.0,771.0,679.0,1283.0,3002.0,3598.0,3855.0,3922.0,2109.5,1209.0,647.0,855.0,674.0,1397.5,3162.5,3847.0,4128.5,4250.5,3166.5,2448.5,576.5,842.0,1362.5,1636.0,1816.5,2056.5,2342.5,2432.0,1733.0,811.0,352.0,591.0,411.0,1149.0,2803.0,3451.0,3692.0,3866.0,2159.5,1282.0,881.0,1107.0,947.5,1693.0,3038.0,3511.0,3767.5,3861.5,1818.5,1016.5,357.5,590.5,501.0,1242.5,2294.0,2671.5,3021.0,3098.5,1704.0,917.0,348.5,591.5,583.0,1224.5,2034.0,2373.0,2719.5,2837.5,1343.0,889.5,657.0,759.0,798.0,1255.0,1567.0,1815.0,1910.5,2035.0,2479.5,2079.0,2233.5,2199.0,2297.0,2565.0,2674.5,2814.0,2935.0,2919.0,3216.0,2745.0,855.0,1063.0,1422.0,1648.0,1803.0,2003.0,2136.0,2260.0,3216.0,2745.0,857.0,1063.0,1422.0,1648.0,1803.0,2003.0,2099.0,2260.0,3321.5,2681.0,600.0,864.0,1274.5,1476.5,1664.0,1850.5,2125.0,2217.5,3491.0,2990.0,874.0,1109.0,1507.0,1703.0,1895.0,2102.0,2281.0,2339.0,3428.0,2932.0,874.0,1123.0,1526.0,1748.0,1895.0,2102.0,2281.0,2339.0,3648.0,3185.0,964.5,1308.5,1722.5,1942.5,2084.5,2253.0,2461.0,2491.0,3268.0,2772.0,760.0,1104.0,1357.0,1709.0,2083.0,2239.0,2448.0,2433.0,"{""type"":""MultiPoint"",""coordinates"":[]}"
2854,69,2663.0,2471.0,518.5,644.0,869.0,1029.5,1163.0,1297.0,1434.5,1506.5,3263.5,2380.0,632.5,1002.0,1057.0,1619.0,2369.0,2623.0,2840.0,2954.5,3263.0,2424.0,621.5,1015.5,1063.5,1634.5,2450.5,2758.0,2943.5,3086.5,3467.0,2590.5,689.5,1116.0,1236.0,1827.5,2793.5,3121.5,3296.5,3391.0,3500.0,2655.5,751.5,1157.0,1321.0,1863.0,2854.5,3212.0,3473.5,3539.5,3610.5,2686.0,786.5,1183.0,1392.0,1957.5,2971.5,3378.0,3613.5,3662.0,3701.0,2809.5,834.0,1243.0,1457.5,2005.0,3089.0,3445.0,3685.5,3799.5,3723.5,2886.5,834.0,1253.5,1495.0,2082.0,3103.5,3452.5,3739.5,3799.5,3830.5,2899.0,855.0,1280.5,1516.0,2099.5,3127.0,3550.5,3706.5,3881.0,3845.0,2914.0,849.5,1277.0,1532.0,2139.0,3143.5,3578.0,3703.5,3890.5,3813.0,2904.0,819.5,1278.5,1549.0,2162.0,3136.5,3548.5,3681.5,3864.5,3808.5,3391.5,2747.0,2755.0,2791.5,3060.5,3200.0,3239.5,3317.0,3329.5,3844.5,2895.5,863.0,1302.0,1600.0,2194.0,3086.5,3544.5,3689.0,3900.5,3720.0,2779.5,851.0,1285.0,1589.0,2172.0,2978.5,3369.5,3582.0,3784.0,3724.5,2691.5,867.0,1257.0,1589.0,2152.5,2905.0,3324.5,3536.5,3744.5,3675.5,2666.0,872.5,1200.5,1553.5,2054.5,2696.5,3055.5,3307.0,3508.0,3465.0,2635.0,818.5,1173.5,1536.0,2013.5,2518.0,2805.5,3091.0,3212.5,3414.5,2529.0,781.5,1124.0,1534.0,1958.5,2380.5,2681.5,2940.5,3132.0,3306.0,2528.0,821.0,1119.5,1508.5,1902.0,2285.0,2592.5,2826.5,2997.0,3283.5,2420.5,778.0,1088.5,1494.0,1902.0,2277.0,2580.5,2826.5,2987.5,2942.0,2221.5,512.5,812.5,1205.5,1644.0,1999.5,2286.0,2634.5,2786.0,2703.5,2005.5,574.5,784.0,1109.0,1551.0,1879.0,2154.5,2443.0,2608.5,2681.0,2399.5,500.5,702.0,821.5,1081.5,1475.5,1584.0,1761.0,1793.0,2535.5,1874.5,461.5,696.5,823.5,1325.5,1773.5,2029.0,2228.5,2368.5,3056.5,2419.0,1481.0,1700.0,1797.5,2253.0,2651.5,2793.0,2951.0,3004.0,2086.0,1445.0,395.5,635.0,483.5,991.0,2118.0,2270.0,2461.5,2483.0,2095.5,1445.0,396.5,638.0,491.5,998.0,2119.0,2284.0,2450.5,2483.0,2638.5,1843.0,2709.0,2685.5,2662.0,2987.5,3224.5,3290.5,3228.5,3331.0,0.0,0.0,0.0,0.0,0.0,0.0,0.0,0.0,0.0,0.0,2737.0,2250.0,505.5,781.5,779.5,1262.0,1947.0,2109.0,2219.5,2316.0,2935.0,2353.0,560.5,826.0,814.5,1352.5,2256.0,2489.5,2579.0,2627.5,2900.0,2260.0,573.0,858.5,866.5,1407.5,2334.0,2565.5,2709.0,2688.5,0.0,0.0,0.0,0.0,0.0,0.0,0.0,0.0,0.0,0.0,2713.5,2163.5,554.0,787.0,820.5,1203.5,2057.0,2226.5,2381.0,2492.5,2852.5,2237.0,568.5,808.5,905.5,1275.0,1961.0,2184.5,2303.0,2417.0,3102.5,2455.0,623.5,872.5,1016.0,1361.0,1886.5,2082.5,2288.0,2414.0,"{""type"":""MultiPoint"",""coordinates"":[]}"
2914,75,2816.0,2220.0,783.5,1017.5,1387.5,1582.5,1810.5,2025.0,2196.0,2260.0,3867.0,3459.5,1156.0,1529.0,1962.0,2156.0,2247.0,2374.0,2537.0,2580.5,3883.0,3533.5,1185.5,1554.5,1987.0,2168.0,2273.5,2432.0,2575.5,2617.5,3843.0,3573.0,1071.0,1424.0,1851.0,2075.0,2158.0,2322.0,2462.0,2497.0,3843.0,3580.0,1095.0,1433.0,1851.0,2075.0,2232.0,2375.0,2552.0,2599.0,3838.0,3596.0,1095.0,1433.0,1846.0,2093.0,2232.0,2375.0,2552.0,2599.0,3839.0,3400.0,1067.0,1477.0,1859.0,2160.0,2328.0,2521.0,2606.0,2713.0,3732.0,3216.0,969.0,1351.0,1661.0,2019.0,2407.0,2588.0,2657.0,2785.0,3651.0,2984.0,895.0,1320.0,1584.0,2005.0,2581.0,2807.0,2946.0,3093.0,3493.0,2750.0,797.0,1222.0,1405.0,1890.0,2824.0,3163.0,3271.0,3418.0,3278.0,2534.0,670.0,1100.0,1196.0,1717.0,2992.0,3443.0,3480.0,3699.0,3138.0,2571.0,965.0,1196.0,1526.0,1740.0,2011.0,2167.0,2346.0,2400.0,3075.0,2296.5,633.5,1063.0,1067.5,1642.0,3246.5,3868.5,3798.5,4034.0,2460.0,1618.5,458.5,846.5,714.5,1338.5,3342.0,4087.5,4101.5,4277.0,2331.0,1386.0,459.0,837.0,659.0,1306.0,3563.0,4359.0,4276.0,4606.0,2194.0,1208.0,491.0,797.0,573.0,1240.0,3541.0,4379.0,4588.0,4709.0,1976.0,1090.0,396.0,697.0,493.0,1099.0,3216.0,3999.0,4214.0,4289.0,1886.0,998.0,367.0,620.0,451.0,967.0,3023.0,3901.0,3974.0,4126.0,1833.0,963.0,1538.5,1651.0,1412.5,1760.5,3038.0,3627.5,3800.0,3862.5,1712.0,904.0,806.0,956.0,779.0,1189.0,2717.0,3253.0,3435.0,3559.0,2409.5,1843.0,1425.0,1458.0,1331.0,1706.0,2764.5,3110.5,3518.0,3335.5,1509.0,752.0,261.0,458.0,319.0,886.0,2738.0,3075.0,3567.0,3383.0,2663.0,2090.0,839.0,1089.0,1331.0,1543.0,1894.0,2099.0,2238.0,2272.0,1458.0,658.5,197.5,431.0,277.5,881.5,2751.0,3385.5,3487.0,3717.5,1555.0,722.0,297.0,539.0,396.0,1094.0,2822.0,3348.0,3531.0,3664.0,1732.0,889.0,330.0,534.0,526.0,1244.0,2232.0,2642.0,2997.0,3151.0,1910.0,1323.5,536.5,740.5,835.0,1425.0,2068.5,2362.0,2539.5,2729.0,2221.5,1603.0,545.5,814.5,1102.0,1667.5,2026.5,2241.0,2412.0,2573.5,0.0,0.0,0.0,0.0,0.0,0.0,0.0,0.0,0.0,0.0,2698.0,2291.0,741.0,957.0,1163.0,1404.0,1765.0,1900.0,1993.0,2060.0,3233.0,2895.5,817.5,1088.0,1385.0,1611.0,1859.0,2013.0,2148.5,2209.0,3478.0,3137.0,869.0,1175.0,1575.0,1725.0,1850.0,1988.0,2228.0,2203.0,3478.0,3137.0,869.0,1175.0,1575.0,1725.0,1850.0,1988.0,2228.0,2203.0,3889.0,3425.0,1062.5,1410.5,1835.0,2028.5,2126.0,2295.5,2455.5,2501.0,3772.0,3403.0,1087.0,1454.0,1869.0,2048.0,2123.0,2274.0,2439.0,2468.0,3782.0,3415.0,1105.5,1453.0,1885.5,2081.5,2140.5,2286.5,2450.0,2500.0,"{""type"":""MultiPoint"",""coordinates"":[]}"
2957,6,2812.0,2597.0,769.0,1121.0,1500.0,1647.0,1691.0,1804.0,1953.0,1959.0,3267.5,3165.5,1025.0,1370.0,1774.0,1951.5,1994.0,2132.0,2256.0,2270.0,3459.0,3403.0,1161.0,1515.0,1906.0,2129.0,2160.0,2296.0,2357.0,2426.0,3256.0,3162.0,988.0,1342.0,1694.0,1916.0,2099.0,2266.0,2360.0,2400.0,3075.5,2556.0,855.5,1267.5,1417.5,1832.0,2837.5,3063.5,3133.0,3169.5,2599.0,1611.0,579.0,1046.0,864.0,1574.0,3931.0,4321.0,4286.0,4447.0,2084.5,1013.0,378.5,789.0,456.5,1235.5,4177.5,4818.0,4869.5,4899.0,1905.5,845.5,338.5,763.0,420.5,1193.5,4268.5,5076.0,5056.0,5168.0,1826.0,823.0,366.0,839.0,496.5,1295.0,4365.0,5181.0,5155.0,5317.5,1648.0,752.0,356.0,780.0,453.0,1273.0,3970.0,4630.0,4832.0,4831.0,2077.5,1209.0,533.5,922.0,818.5,1507.0,3234.0,3791.0,3932.0,4054.5,3523.5,3353.5,1191.5,1636.0,2058.5,2259.0,2338.0,2457.0,2638.5,2527.5,2109.0,1343.0,596.0,1026.0,978.0,1644.0,2799.0,3220.0,3470.0,3509.0,2502.5,1699.5,1515.5,1767.5,1747.5,2173.0,2662.5,2947.5,3115.5,3216.0,2769.0,1935.5,1707.0,1755.5,1738.0,2089.0,2465.0,2700.5,2721.0,2908.5,2902.5,2075.0,1054.0,1186.0,1401.0,1625.0,1820.0,1996.5,2176.0,2303.0,4169.0,2951.0,919.0,1292.0,1889.0,2203.0,2383.0,2756.0,3165.0,3361.0,3653.5,2525.5,688.5,1009.5,1562.5,1849.5,2043.5,2343.5,2652.5,2857.5,3463.0,2549.5,702.0,1019.0,1499.0,1806.5,2005.0,2312.0,2580.0,2741.5,2588.0,2529.0,637.0,889.0,1198.0,1351.0,1429.0,1525.0,1625.0,1657.0,2916.5,2782.0,732.0,1079.0,1450.0,1611.0,1711.0,1835.0,1966.5,1988.0,0.0,0.0,0.0,0.0,0.0,0.0,0.0,0.0,0.0,0.0,0.0,0.0,0.0,0.0,0.0,0.0,0.0,0.0,0.0,0.0,2757.0,2447.0,993.0,1265.0,1558.0,1813.0,1938.0,2048.0,2128.0,2144.0,2053.0,1825.0,717.0,909.0,1030.0,1315.0,1410.0,1490.0,1491.0,1554.0,2596.0,2269.0,805.5,1192.5,1341.0,1691.5,1876.0,1966.5,2068.5,2057.5,3423.0,3392.5,2384.0,2422.5,2586.5,2816.0,2821.5,2861.0,2935.5,2973.5,1985.0,1965.0,454.0,620.0,885.0,1007.0,1066.0,1135.0,1239.0,1221.0,0.0,0.0,0.0,0.0,0.0,0.0,0.0,0.0,0.0,0.0,0.0,0.0,0.0,0.0,0.0,0.0,0.0,0.0,0.0,0.0,2831.0,2649.0,813.0,1169.0,1474.0,1711.0,1791.0,1862.0,2010.0,1983.0,2713.5,2658.0,619.5,928.0,1275.5,1400.0,1477.0,1578.5,1727.0,1723.5,0.0,0.0,0.0,0.0,0.0,0.0,0.0,0.0,0.0,0.0,1772.0,1489.0,490.0,707.0,924.0,1049.0,1099.0,1147.0,1237.0,1259.0,3358.5,3187.0,1074.0,1454.0,1862.5,2041.5,2115.5,2243.0,2428.0,2388.0,2815.0,2656.0,777.0,1097.0,1465.0,1606.0,1683.0,1801.0,1885.0,1899.0,"{""type"":""MultiPoint"",""coordinates"":[]}"
2961,204,3660.0,3083.5,2023.5,2118.0,2443.5,2663.0,2755.5,2916.0,3174.0,3203.5,3754.5,3263.0,903.0,1211.5,1404.0,1807.5,2597.5,2910.5,3114.5,3196.0,3494.0,3041.0,872.0,1151.5,1315.0,1712.0,2623.0,2996.0,3225.0,3279.5,3449.0,2968.0,835.0,1107.0,1312.0,1697.0,2612.0,3033.0,3190.0,3296.0,3504.0,3114.0,841.0,1169.0,1382.0,1792.0,2739.0,3162.0,3305.0,3459.0,3435.0,3033.0,826.0,1093.0,1294.0,1654.0,2569.0,3017.0,3187.0,3282.0,3435.0,3033.0,826.0,1093.0,1297.0,1695.0,2575.0,3017.0,3171.0,3309.0,3478.0,3045.0,801.0,1075.0,1291.0,1702.0,2569.0,3053.0,3203.0,3330.0,3444.5,3055.0,805.0,1098.0,1316.0,1692.0,2487.5,2955.0,3143.0,3274.0,3425.0,3019.5,795.0,1090.5,1299.0,1688.0,2487.5,2955.0,3119.5,3274.0,3408.0,2974.0,781.0,1047.0,1267.0,1643.0,2419.0,2922.0,3062.0,3224.0,4001.5,3539.0,2096.5,2201.5,2482.0,2658.5,2741.0,2894.0,3143.5,3167.5,3369.0,2982.0,796.0,1074.0,1315.0,1643.0,2419.0,2922.0,3062.0,3224.0,3165.0,2702.5,721.0,1013.0,1217.0,1576.0,2385.5,2818.0,2997.0,3111.5,3206.0,2560.0,777.0,1026.0,1239.0,1601.0,2358.0,2786.0,2978.0,3089.0,2884.0,2410.0,758.0,965.0,1145.0,1490.0,2271.0,2638.0,2874.0,2911.0,2844.0,2400.0,753.0,958.0,1116.0,1440.0,2102.0,2458.0,2692.0,2775.0,2696.0,2242.0,703.0,904.0,1090.0,1401.0,2012.0,2317.0,2584.0,2650.0,2629.5,2152.0,676.0,895.0,1077.0,1366.5,2000.5,2307.0,2528.0,2613.0,1721.5,1257.5,665.0,749.5,790.0,998.0,1470.5,1729.0,1928.5,1964.0,1920.0,1290.0,576.0,648.0,800.0,1105.0,1861.0,2226.0,2493.0,2516.0,1920.0,1290.0,491.0,642.0,765.0,1104.0,1823.0,2151.0,2327.0,2451.0,3328.0,2745.0,800.0,1024.0,1397.5,1606.0,1762.0,1948.0,2230.0,2280.5,1841.0,1220.0,465.5,640.5,749.5,1101.0,1817.5,2103.0,2262.0,2423.5,2102.0,1314.0,478.0,742.0,886.0,1351.0,1838.0,2076.0,2286.0,2443.0,2896.0,2181.0,749.0,933.0,1181.0,1456.0,1588.0,1779.0,2022.0,2130.0,2896.0,2181.0,749.0,933.0,1181.0,1456.0,1588.0,1779.0,2022.0,2130.0,2696.0,1989.0,534.0,736.0,1055.0,1325.0,1494.0,1658.0,1877.0,2003.0,0.0,0.0,0.0,0.0,0.0,0.0,0.0,0.0,0.0,0.0,3352.0,2796.5,929.0,1129.0,1441.0,1662.5,1771.5,1934.0,2114.5,2196.5,3672.0,3222.0,1004.5,1236.5,1582.0,1783.0,1922.0,2075.0,2279.0,2323.5,3755.0,3348.0,1037.0,1295.0,1644.0,1827.0,1988.0,2134.0,2383.0,2356.0,3510.5,3222.5,1434.5,1554.0,1811.5,2016.0,2214.5,2413.5,2565.5,2622.5,3517.0,3241.0,1458.0,1564.5,1801.0,2016.5,2209.5,2406.0,2519.5,2614.5,3793.5,3420.0,1028.5,1251.0,1580.0,1784.0,1919.0,2062.0,2295.0,2330.5,4185.0,3793.0,1132.0,1394.0,1756.0,2030.0,2180.0,2393.0,2570.0,2678.0,"{""type"":""MultiPoint"",""coordinates"":[]}"
2975,3,3193.0,2481.0,850.0,1148.0,1619.0,1823.0,1984.0,2085.0,2244.0,2321.0,2990.0,2846.0,758.0,1053.0,1371.0,1510.0,1571.0,1686.0,1857.0,1828.0,3095.0,3054.0,861.0,1166.0,1503.0,1639.0,1699.0,1838.0,1952.0,1961.0,205.0,204.0,383.0,528.0,589.0,710.0,558.0,640.0,605.0,526.0,234.0,190.0,257.0,497.0,446.5,717.5,675.5,751.0,716.5,614.0,909.0,555.0,260.0,587.0,350.0,906.0,1673.0,1798.0,1750.0,1735.0,1415.5,728.5,289.0,614.0,346.5,994.0,2610.5,3051.0,3111.5,3049.5,1247.5,613.5,182.0,408.0,192.5,643.0,2254.5,2956.0,2965.5,2932.5,1277.0,577.0,149.5,330.0,124.0,535.5,2562.0,3687.0,3727.5,3782.0,1178.0,509.0,94.0,261.0,96.0,456.0,2499.0,4095.0,4227.0,4193.0,1296.5,580.0,166.5,341.0,130.0,540.0,2757.5,4377.5,4513.5,4577.0,3826.0,3014.0,894.0,1187.0,1690.0,1900.0,2007.0,2131.0,2435.0,2406.0,1439.0,659.5,300.0,600.0,272.5,918.5,3172.5,4531.5,4688.0,4800.0,1644.0,762.5,1406.0,1707.0,1301.5,2013.0,3671.0,4513.5,4723.5,4756.5,1760.0,829.5,1956.0,2129.0,1771.0,2397.5,3739.5,4386.5,4527.0,4726.0,1655.5,837.5,1112.0,1466.0,1257.0,2173.0,3589.5,4117.5,4309.5,4414.0,1743.0,971.0,479.0,1109.0,1072.0,2129.0,3413.0,3863.0,4116.0,4181.0,2885.5,1782.0,885.5,1627.0,1810.5,3008.0,3937.0,4320.5,4528.0,4690.0,4501.5,3169.0,1203.0,1696.5,2342.5,2878.5,3110.0,3374.5,3674.0,3779.0,4483.0,3236.0,1291.0,1788.0,2600.0,3012.0,3172.0,3449.0,3727.0,3837.0,4330.5,3032.0,1170.5,1693.0,2533.0,2929.5,3135.0,3399.5,3779.5,3781.5,0.0,0.0,0.0,0.0,0.0,0.0,0.0,0.0,0.0,0.0,0.0,0.0,0.0,0.0,0.0,0.0,0.0,0.0,0.0,0.0,3324.0,2513.0,887.0,1169.0,1513.0,1715.0,1845.0,1995.0,2178.0,2225.0,3428.0,2613.0,974.0,1183.0,1444.0,1665.0,1821.0,1964.0,2071.0,2164.0,3085.0,2453.0,661.0,874.0,1138.0,1344.0,1486.0,1587.0,1802.0,1782.0,2820.0,2077.5,912.0,1035.0,1249.5,1444.0,1567.0,1666.5,1821.5,1885.0,3426.0,2689.0,697.0,936.0,1328.0,1549.0,1719.0,1833.0,2115.0,2106.0,0.0,0.0,0.0,0.0,0.0,0.0,0.0,0.0,0.0,0.0,0.0,0.0,0.0,0.0,0.0,0.0,0.0,0.0,0.0,0.0,3690.0,2921.0,982.0,1225.0,1690.0,1931.0,2044.0,2180.0,2405.0,2486.0,4168.5,3272.5,1025.0,1318.0,1805.5,2024.5,2147.0,2321.0,2617.5,2628.5,0.0,0.0,0.0,0.0,0.0,0.0,0.0,0.0,0.0,0.0,4305.0,3339.0,1207.0,1483.0,1922.0,2170.0,2238.0,2342.0,2570.0,2597.0,4416.0,3507.5,1201.5,1465.5,1902.5,2115.0,2219.0,2357.0,2637.5,2623.0,2221.0,2218.5,401.0,589.0,825.5,922.5,991.5,1100.0,1197.5,1208.0,"{""type"":""MultiPoint"",""coordinates"":[]}"
3024,69,1639.0,1040.0,184.0,447.0,356.0,858.0,1788.0,1964.0,2067.0,2113.0,3149.5,2699.5,801.0,1081.0,1414.0,1687.5,1783.0,1979.5,2149.0,2196.0,3487.0,3001.0,907.0,1186.0,1585.0,1847.0,2019.0,2191.0,2390.0,2438.0,3246.0,2733.0,756.5,1061.0,1367.5,1662.5,1997.5,2180.0,2372.0,2435.0,3153.0,2697.0,693.5,991.0,1237.5,1545.0,1985.5,2199.5,2385.5,2401.5,3083.5,2563.5,711.5,1016.0,1216.5,1581.5,2177.5,2409.0,2558.0,2628.0,3098.5,2458.5,689.5,1040.0,1194.5,1633.0,2413.0,2704.0,2894.0,2917.5,3076.0,2338.5,642.0,993.0,1110.0,1589.0,2603.0,2953.5,3100.0,3200.0,2936.0,2208.0,597.5,951.5,1044.0,1536.0,2694.5,3081.5,3247.5,3328.0,2782.0,1947.0,538.0,893.0,947.0,1426.0,2726.0,3139.0,3340.0,3316.0,2720.5,1955.0,557.5,878.5,933.5,1436.0,2722.5,3154.0,3296.5,3361.0,1919.0,1291.0,229.0,521.0,443.0,955.0,2211.0,2467.0,2714.0,2655.0,2398.0,1649.5,512.0,801.0,865.5,1293.0,2324.5,2655.0,2844.5,2844.0,2597.5,1862.0,1425.5,1591.0,1533.0,1850.5,2601.0,2938.0,3092.0,3106.5,2477.0,1782.5,881.5,1018.0,1036.5,1378.5,2282.5,2655.0,2764.5,2909.0,2336.0,1676.5,456.0,660.5,715.5,1111.5,2108.5,2537.0,2687.5,2747.5,2126.0,1547.0,365.0,599.0,670.0,1028.0,2002.0,2385.0,2616.0,2588.0,1899.0,1320.5,311.5,521.5,549.0,898.5,1763.5,2126.5,2240.5,2327.5,1789.0,1228.0,276.0,481.5,513.5,845.5,1701.5,2039.5,2202.5,2239.0,1678.0,1179.0,322.0,483.0,505.0,831.0,1634.0,1946.0,2113.0,2157.0,1704.5,1158.5,265.5,490.0,510.5,856.0,1655.5,1968.5,2216.0,2231.5,0.0,0.0,0.0,0.0,0.0,0.0,0.0,0.0,0.0,0.0,1703.0,981.0,397.0,630.0,429.0,999.0,2504.0,2757.0,2932.0,2908.0,0.0,0.0,0.0,0.0,0.0,0.0,0.0,0.0,0.0,0.0,1674.0,944.0,318.0,489.0,442.0,987.0,1824.0,2070.0,2219.0,2333.0,1540.0,835.0,206.0,476.0,342.0,978.0,1859.0,2015.0,2263.0,2272.0,1678.0,899.0,236.0,494.0,417.0,1077.0,2024.0,2274.0,2531.0,2617.0,1695.0,908.0,237.0,499.0,418.0,1069.0,2232.0,2544.0,2854.0,2840.0,0.0,0.0,0.0,0.0,0.0,0.0,0.0,0.0,0.0,0.0,0.0,0.0,0.0,0.0,0.0,0.0,0.0,0.0,0.0,0.0,1848.0,1115.0,354.0,585.0,440.0,948.0,2670.0,3113.0,3316.0,3250.0,1953.0,1303.5,301.0,602.0,498.5,1030.5,2836.5,3280.0,3591.5,3460.0,0.0,0.0,0.0,0.0,0.0,0.0,0.0,0.0,0.0,0.0,1736.0,1025.0,297.0,644.0,451.0,1100.0,3004.0,3470.0,3730.0,3612.0,2369.5,1822.0,476.5,769.5,806.0,1270.0,2355.0,2697.5,2971.5,2897.0,3080.0,2603.0,721.0,999.0,1314.0,1545.0,1741.0,1878.0,2047.0,2131.0,"{""type"":""MultiPoint"",""coordinates"":[]}"
3133,54,1578.5,1342.0,344.5,399.5,464.5,480.0,539.0,611.0,692.0,701.0,2615.0,2356.0,644.0,738.0,903.0,959.0,1045.0,1138.0,1306.0,1312.0,2660.5,2447.0,606.0,699.5,844.5,918.0,1001.5,1112.5,1258.5,1282.5,2741.0,2577.0,670.0,763.0,934.0,1052.0,1141.0,1295.0,1375.0,1464.0,2922.0,2575.0,756.0,885.0,1042.0,1142.0,1262.0,1369.0,1517.0,1579.0,2804.0,2429.0,766.0,911.0,986.0,1211.0,1519.0,1660.0,1749.0,1853.0,2647.0,2119.0,671.0,893.0,874.0,1237.0,2161.0,2430.0,2537.0,2578.0,2562.0,1832.0,613.0,906.0,784.0,1283.0,2832.0,3407.0,3519.0,3663.0,2340.0,1524.0,473.0,814.0,528.0,1233.0,3462.0,4276.0,4370.0,4460.0,2272.5,1349.5,466.0,810.0,510.0,1246.0,4061.5,5227.5,5211.0,5228.5,2135.5,1208.0,463.0,806.0,493.5,1266.0,4286.0,5387.0,5563.0,5430.5,1987.0,1747.0,455.0,563.0,689.0,737.0,771.0,852.0,1017.0,984.0,2082.0,1153.5,478.5,873.5,537.5,1378.5,4282.0,5414.5,5572.5,5628.0,1920.0,1095.0,502.5,890.0,584.5,1448.5,4115.5,5385.5,5478.0,5437.5,1870.0,1036.0,490.0,893.0,638.0,1497.0,4041.0,5004.0,5307.0,5445.0,2002.0,1130.0,530.0,1008.0,793.0,1855.0,3635.0,4343.0,4704.0,4637.0,2231.5,1383.5,538.5,976.0,1006.0,1871.0,3234.0,3751.5,4197.5,4127.5,3274.0,2646.0,711.0,919.0,1296.0,1579.0,1628.0,2008.0,2214.0,2305.0,2872.5,2586.5,897.0,1000.0,1151.5,1292.0,1362.5,1508.5,1644.0,1688.0,2883.5,2603.5,775.5,913.0,1112.5,1247.0,1303.5,1419.0,1593.0,1613.5,2671.5,2428.5,649.5,803.5,997.5,1107.0,1190.5,1334.0,1452.0,1533.5,2455.0,2226.0,546.5,617.0,792.0,882.0,931.0,1030.0,1116.0,1191.0,1988.0,1611.0,451.0,545.0,689.0,737.0,771.0,852.0,1017.0,984.0,2373.0,2097.5,564.0,634.0,786.5,836.0,896.5,993.5,1097.5,1172.5,2332.0,2085.0,567.0,654.0,815.0,836.0,879.0,1002.0,1170.0,1156.0,2177.0,1968.0,491.0,572.0,693.0,763.0,805.0,901.0,1018.0,1021.0,2154.0,1997.0,541.0,585.0,701.0,790.0,806.0,891.5,998.5,1021.0,1545.0,1262.0,241.5,294.0,418.5,433.5,532.0,565.0,669.5,701.5,0.0,0.0,0.0,0.0,0.0,0.0,0.0,0.0,0.0,0.0,3199.0,2944.0,887.0,1076.0,1285.0,1396.0,1450.0,1602.0,1801.0,1793.0,3142.0,3013.0,831.0,980.0,1188.0,1324.0,1409.0,1518.0,1668.0,1727.0,3287.0,3028.5,923.5,1089.5,1309.0,1437.0,1528.5,1629.0,1808.5,1856.5,3227.5,3068.0,893.5,1028.5,1235.5,1361.5,1435.5,1559.0,1735.5,1754.0,3191.0,3017.0,811.0,924.0,1125.0,1251.0,1310.0,1437.0,1603.0,1629.0,2453.0,2289.0,608.0,667.0,806.0,847.0,928.0,1078.0,1213.0,1173.0,2453.0,2206.0,572.0,649.0,806.0,847.0,928.0,1078.0,1182.0,1173.0,"{""type"":""MultiPoint"",""coordinates"":[]}"
3142,69,1674.0,1053.0,150.0,382.0,340.0,724.0,1459.0,1652.0,1770.0,1796.0,3227.0,2584.0,756.5,1027.5,1271.0,1648.0,2118.5,2366.5,2592.0,2664.0,3822.0,3053.0,969.0,1249.0,1522.0,1980.0,2377.0,2638.0,2902.0,2988.0,3414.0,2602.0,833.5,1137.5,1407.0,1791.0,2329.0,2590.5,2828.5,2896.5,3392.0,2503.0,826.0,1150.0,1398.0,1821.0,2512.5,2765.5,3064.5,3096.0,3423.5,2499.0,820.0,1151.0,1405.0,1854.5,2533.5,2864.5,3085.5,3203.5,3398.5,2454.0,810.0,1143.0,1414.5,1816.0,2591.0,2952.0,3205.5,3277.5,3284.0,2305.5,741.5,1050.0,1271.5,1690.5,2573.5,2957.0,3138.5,3252.0,3185.0,2223.5,729.5,1057.5,1287.0,1705.0,2574.5,2978.5,3201.5,3290.0,3168.0,2308.0,706.0,1013.0,1276.0,1654.0,2343.0,2686.0,2961.0,3010.0,3145.5,2300.5,694.5,987.0,1249.0,1579.0,2309.5,2664.5,2886.5,2946.0,2014.0,1332.0,233.0,513.0,411.0,872.0,2010.0,2304.0,2590.0,2482.0,3042.0,2224.0,682.5,964.5,1215.0,1567.5,2240.0,2568.0,2802.0,2874.5,2953.0,2126.5,1449.0,1579.5,1661.5,1936.0,2440.0,2718.5,2939.5,2991.0,2856.0,2033.5,847.0,1048.0,1229.0,1553.0,2168.5,2504.0,2680.5,2818.5,2717.0,1909.5,639.5,873.5,1079.5,1407.5,2123.5,2448.0,2646.0,2692.5,2545.0,1820.0,554.0,780.0,1002.0,1368.0,2010.0,2321.0,2595.0,2630.0,2367.5,1650.5,457.5,673.0,831.0,1177.0,1840.0,2113.0,2324.5,2413.0,2301.5,1560.0,424.5,658.5,810.5,1127.0,1784.0,2102.0,2321.0,2372.0,2388.0,1663.0,484.0,678.0,849.0,1183.0,1845.0,2141.0,2370.0,2413.0,2616.0,1771.5,488.5,745.0,999.5,1382.5,1975.0,2257.0,2603.0,2589.0,0.0,0.0,0.0,0.0,0.0,0.0,0.0,0.0,0.0,0.0,2325.0,1891.0,811.0,1111.0,1028.0,1648.0,2734.0,2998.0,2980.0,3219.0,0.0,0.0,0.0,0.0,0.0,0.0,0.0,0.0,0.0,0.0,3046.0,2558.0,1301.0,1448.0,1439.0,1971.0,2560.0,2738.0,2828.0,2955.0,1414.5,779.0,146.0,365.5,330.5,831.5,1556.5,1726.0,1954.0,1954.0,0.0,0.0,0.0,0.0,0.0,0.0,0.0,0.0,0.0,0.0,1730.0,1013.0,231.0,441.0,407.0,906.0,1918.0,2184.0,2470.0,2467.0,0.0,0.0,0.0,0.0,0.0,0.0,0.0,0.0,0.0,0.0,0.0,0.0,0.0,0.0,0.0,0.0,0.0,0.0,0.0,0.0,2054.0,1320.0,378.0,595.0,675.0,1093.0,1703.0,1932.0,2173.0,2194.0,2539.5,1806.5,458.0,670.5,813.0,1153.5,1828.0,2115.5,2401.0,2389.0,2624.0,2088.0,535.0,723.0,875.0,1202.0,1698.0,1989.0,2186.0,2230.0,2313.0,1662.5,516.5,691.0,770.5,1079.5,1670.0,1932.0,2131.5,2166.0,3233.0,2673.0,676.0,935.0,1082.0,1471.0,1971.0,2185.0,2463.0,2509.0,3073.0,2426.0,746.0,1001.0,1194.0,1564.0,2003.0,2226.0,2434.0,2483.0,"{""type"":""MultiPoint"",""coordinates"":[]}"
3211,3,174.0,195.0,700.0,995.0,1115.0,1121.0,694.0,659.0,605.0,458.0,2863.5,2608.5,855.0,1115.5,1493.5,1618.0,1749.5,1856.0,2041.5,2048.5,0.0,0.0,0.0,0.0,0.0,0.0,0.0,0.0,0.0,0.0,332.0,204.0,350.0,502.0,613.0,750.0,596.0,531.0,563.0,482.0,395.5,296.5,479.5,698.0,771.5,982.0,758.5,772.5,732.0,636.5,606.0,437.5,474.5,691.5,695.0,1011.0,1049.5,1255.0,1196.0,1145.5,956.5,582.0,340.0,648.5,395.5,1040.0,1899.0,2062.5,2077.5,1998.5,1565.0,850.0,311.0,590.0,408.5,1084.5,2440.0,2931.5,3036.5,3088.0,1347.5,725.0,256.5,448.5,297.5,834.0,2216.5,2897.5,2883.5,2956.0,1195.0,553.0,180.0,355.0,185.0,716.0,2248.0,3152.0,3267.0,3200.0,1181.5,616.5,193.0,359.0,182.5,635.5,2281.5,3378.5,3433.0,3417.5,264.0,258.0,781.0,1100.0,1353.0,1414.0,1152.0,1156.0,1105.0,938.0,1234.0,653.0,215.0,356.0,186.0,528.0,2368.0,3590.0,3728.0,3694.0,1572.5,728.5,1314.0,1579.0,1170.0,1720.0,3494.0,4508.5,4698.5,4689.5,1714.0,895.0,1261.0,1506.0,1108.5,1819.0,3458.0,4324.5,4338.0,4515.0,1744.0,909.5,1005.0,1358.0,972.0,1894.0,3609.0,4344.0,4549.0,4628.5,1743.5,957.5,443.0,1036.0,817.0,1830.0,3548.5,4049.5,4333.0,4312.5,1992.5,1103.5,612.0,1184.5,1042.0,2100.5,3414.5,3842.0,4117.0,4196.0,2336.0,1387.5,678.5,1307.0,1374.5,2416.0,3445.0,3870.0,4171.0,4234.5,4239.0,2915.0,1331.0,1834.0,2371.0,2972.0,3325.0,3669.0,4023.0,4126.0,3901.5,2775.5,1214.5,1713.0,2464.0,2870.0,3085.0,3259.0,3642.0,3569.5,0.0,0.0,0.0,0.0,0.0,0.0,0.0,0.0,0.0,0.0,0.0,0.0,0.0,0.0,0.0,0.0,0.0,0.0,0.0,0.0,283.0,219.0,252.0,228.0,223.0,251.0,245.0,251.0,252.0,262.0,0.0,0.0,0.0,0.0,0.0,0.0,0.0,0.0,0.0,0.0,2061.0,1537.0,780.0,976.0,1307.0,1360.0,1408.0,1651.0,1811.0,1650.0,0.0,0.0,0.0,0.0,0.0,0.0,0.0,0.0,0.0,0.0,206.0,112.0,476.0,624.0,642.0,671.0,467.0,502.0,363.0,358.0,0.0,0.0,0.0,0.0,0.0,0.0,0.0,0.0,0.0,0.0,0.0,0.0,0.0,0.0,0.0,0.0,0.0,0.0,0.0,0.0,159.0,90.0,687.0,919.0,1043.0,1143.0,873.0,866.0,870.0,666.0,882.5,671.0,584.0,811.5,998.0,1121.5,1059.0,1129.5,1230.0,1179.5,2313.0,1715.0,774.0,983.0,1175.0,1384.0,1469.0,1559.0,1684.0,1715.0,2809.0,2173.0,1073.0,1273.0,1518.0,1731.0,1808.0,1984.0,2138.0,2139.0,3905.5,3524.5,1413.0,1759.0,2183.5,2386.0,2468.0,2630.0,2896.0,2807.5,2524.0,2310.0,663.0,917.0,1218.0,1346.0,1443.0,1515.0,1690.0,1637.0,"{""type"":""MultiPoint"",""coordinates"":[]}"
3215,75,1910.0,1403.0,581.0,681.0,735.0,1044.0,1262.0,1428.0,1551.0,1637.0,2752.0,2259.5,713.0,1010.0,1262.0,1522.0,2376.5,2674.0,2860.5,2876.0,3278.0,2742.0,835.0,1157.0,1477.0,1794.0,2772.0,3114.0,3265.0,3347.0,2808.0,2372.0,721.0,995.0,1278.0,1600.0,2388.0,2708.5,2855.5,2916.5,2970.0,2607.0,792.0,1109.0,1415.0,1659.0,2447.0,2785.0,2977.0,2969.0,2944.0,2574.0,812.0,1087.0,1438.0,1695.0,2510.0,2800.0,3006.0,2989.0,3146.0,2644.0,766.0,1101.0,1442.0,1799.0,2459.0,2732.0,2951.0,2970.0,3030.0,2346.0,694.0,1028.0,1273.0,1636.0,2401.0,2674.0,2953.0,2958.0,3030.0,2346.0,781.0,1074.0,1356.0,1710.0,2331.0,2631.0,2777.0,2913.0,3040.0,2466.5,778.5,1075.0,1387.0,1766.0,2328.0,2622.0,2770.5,2884.0,3014.0,2350.0,766.0,1077.0,1375.0,1763.0,2336.0,2638.0,2774.0,2913.0,2491.0,2106.0,646.0,873.0,993.0,1249.0,1493.0,1590.0,1850.0,1795.0,3281.5,2613.0,804.0,1144.0,1458.0,1749.5,2469.5,2779.0,2896.5,3056.5,3182.5,2563.5,867.5,1205.5,1554.5,1875.0,2537.5,2862.5,2980.0,3067.0,3504.0,3010.0,897.0,1379.0,1619.0,1952.0,2714.0,2944.0,3098.0,3077.0,3670.0,3068.0,924.0,1204.0,1627.0,2082.0,2572.0,2827.0,3027.0,3230.0,3237.0,2584.0,794.0,1146.0,1584.0,1932.0,2425.0,2649.0,2856.0,2976.0,3567.0,2878.0,828.0,1227.0,1630.0,2045.0,2472.0,2738.0,2927.0,3091.0,3581.5,3020.0,956.0,1265.5,1709.0,2076.0,2485.0,2713.0,2894.0,3036.0,3678.0,3279.0,964.0,1327.0,1756.0,2155.0,2592.0,2804.0,3093.0,3052.0,3773.0,3336.0,847.0,1176.0,1740.0,1964.0,2076.0,2252.0,2567.0,2579.0,2645.0,1970.0,770.0,966.0,1373.0,1568.5,1750.0,1979.0,2158.0,2366.0,2260.5,1777.5,558.5,745.5,923.0,1254.5,1494.0,1662.5,1884.0,1912.5,2818.0,2707.0,547.0,713.0,1104.0,1261.0,1338.0,1450.0,1657.0,1780.0,4251.0,3990.0,2903.0,2909.0,3125.5,3354.0,3374.0,3400.5,3635.5,3523.5,2811.0,2598.0,611.0,837.0,1157.0,1376.0,1514.0,1708.0,1810.0,1890.0,2811.0,2492.0,550.0,800.0,1145.0,1376.0,1509.0,1708.0,1770.0,1890.0,1512.0,1085.5,243.5,407.5,564.5,758.0,1071.5,1175.0,1303.5,1318.5,0.0,0.0,0.0,0.0,0.0,0.0,0.0,0.0,0.0,0.0,2159.0,1659.0,411.0,617.0,771.0,1079.0,1384.0,1499.0,1707.0,1783.0,1962.5,1637.0,535.0,649.5,838.0,1095.0,1331.5,1490.5,1512.5,1677.5,2768.0,2331.0,769.0,1018.0,1352.0,1708.0,1937.0,2105.0,2336.0,2348.0,2263.5,1718.5,682.0,867.5,1032.5,1430.0,1892.5,2067.5,2255.5,2286.5,1890.0,1298.5,445.5,626.5,706.0,1099.0,1699.0,1881.0,2054.5,2094.0,2482.0,2002.0,537.0,833.0,1061.0,1308.0,2130.0,2413.0,2603.0,2617.0,3020.0,2433.0,750.0,1104.0,1328.0,1619.0,2482.0,2810.0,3027.0,3082.0,"{""type"":""MultiPoint"",""coordinates"":[]}"
3227,3,0.0,0.0,0.0,0.0,0.0,0.0,0.0,0.0,0.0,0.0,2600.5,2413.0,587.5,817.0,1135.0,1263.0,1334.0,1446.0,1583.0,1654.5,3143.0,2846.0,1222.0,1843.5,2301.0,2598.0,2826.0,3050.5,2474.5,3148.0,247.0,246.0,432.5,519.5,638.5,711.0,616.0,686.0,698.0,652.5,242.0,200.5,324.5,466.0,478.5,633.5,474.0,564.0,549.0,420.0,703.0,442.5,361.0,666.5,415.5,1050.5,1454.5,1663.0,1544.0,1569.5,1434.0,750.0,333.0,660.5,379.5,1105.0,2637.5,3082.5,3095.0,3177.5,1623.0,838.0,295.0,552.5,376.0,965.5,2364.5,3019.0,3057.5,3137.5,1024.5,499.0,181.5,298.0,148.0,468.5,1754.5,2624.0,2567.5,2637.5,1236.5,539.0,151.0,293.5,139.5,450.5,2297.0,3787.0,3861.5,3960.5,1199.5,521.5,231.5,356.0,191.5,493.5,2342.0,3986.0,4065.0,4159.0,2417.0,2032.5,554.5,774.0,1069.5,1284.0,1429.0,1508.0,1702.5,1667.5,1144.0,511.5,186.0,298.0,140.5,449.0,2311.0,4113.5,4310.5,4326.0,1475.0,631.0,1589.0,1721.0,1391.0,1730.0,3233.5,4496.0,4602.0,4729.0,1614.0,760.5,1061.5,1310.0,924.5,1591.0,3269.5,4223.0,4260.5,4508.0,1586.0,770.5,1035.5,1280.0,888.0,1618.5,3404.5,4337.5,4497.0,4648.0,1612.0,827.0,346.5,837.5,568.5,1444.0,3269.0,4112.0,4277.0,4449.5,1762.5,943.0,450.0,926.5,811.0,1709.0,3013.0,3536.5,3648.0,3827.5,2058.0,1171.5,529.5,1054.5,1107.0,2031.5,2998.5,3371.0,3605.5,3742.0,2295.0,1382.0,632.5,1137.0,1365.5,2200.5,2924.5,3290.0,3469.0,3675.0,3467.0,2530.5,805.0,1212.0,1652.5,2097.0,2327.5,2519.5,2814.0,2823.0,0.0,0.0,0.0,0.0,0.0,0.0,0.0,0.0,0.0,0.0,0.0,0.0,0.0,0.0,0.0,0.0,0.0,0.0,0.0,0.0,2153.0,1564.0,691.5,856.0,1188.0,1381.5,1469.5,1634.0,1707.5,1793.0,4201.0,3746.5,3800.5,3684.0,3670.5,3992.5,3978.0,4110.5,4089.0,4170.5,2388.0,1845.0,640.0,859.5,1136.5,1389.0,1503.0,1636.5,1810.5,1798.0,2651.0,2106.5,788.0,1025.5,1297.0,1531.0,1694.0,1887.0,2020.0,2083.0,2561.0,2022.0,617.5,824.5,1099.5,1391.5,1641.0,1779.5,1934.5,1991.0,0.0,0.0,0.0,0.0,0.0,0.0,0.0,0.0,0.0,0.0,0.0,0.0,0.0,0.0,0.0,0.0,0.0,0.0,0.0,0.0,1813.5,1366.5,344.5,516.5,691.5,914.5,1123.0,1211.0,1322.5,1371.0,2541.5,2064.5,541.5,769.5,997.0,1248.5,1612.0,1749.0,1919.5,1922.0,0.0,0.0,0.0,0.0,0.0,0.0,0.0,0.0,0.0,0.0,7100.5,6108.5,8187.0,7857.0,7831.0,8270.0,8161.0,8083.5,8323.0,8031.5,2509.5,1979.0,580.5,859.5,957.5,1433.0,2294.0,2467.5,2591.0,2616.0,2641.0,2369.0,605.5,818.0,1136.0,1313.0,1436.5,1588.5,1696.5,1756.0,"{""type"":""MultiPoint"",""coordinates"":[]}"
3238,75,3087.5,2787.5,1071.0,1259.0,1576.5,1828.5,2024.5,2163.0,2359.0,2369.0,3388.5,2576.5,964.5,1369.5,1507.0,2065.0,3460.0,3986.5,4188.0,4209.0,3229.0,2395.0,909.5,1269.5,1373.5,1927.5,3495.5,4068.5,4348.5,4324.5,3306.0,2395.0,912.0,1279.0,1439.5,1940.5,3487.0,4093.0,4400.0,4360.0,3332.0,2490.0,967.0,1326.0,1485.0,2000.0,3504.0,4103.0,4467.5,4387.0,3610.5,2600.5,1006.0,1429.0,1619.5,2208.5,3615.5,4215.5,4491.5,4511.5,3675.0,2689.5,1072.0,1472.5,1727.5,2293.0,3660.0,4270.5,4540.5,4590.0,3706.5,2694.5,1072.5,1482.5,1774.0,2318.5,3680.5,4266.0,4582.0,4575.5,3744.0,2831.0,1085.5,1493.0,1797.5,2362.0,3751.5,4329.5,4587.0,4664.0,3638.5,2658.0,1017.0,1458.0,1707.5,2346.5,3788.5,4354.5,4592.5,4687.5,3613.0,2560.5,973.5,1402.5,1693.0,2281.0,3629.5,4298.0,4445.5,4606.5,3527.5,3208.0,1314.0,1545.5,1883.5,2124.5,2306.0,2454.5,2655.0,2640.5,3535.5,2558.0,925.0,1346.5,1621.0,2244.5,3610.0,4248.5,4383.0,4617.5,3643.5,2656.0,969.0,1399.0,1724.5,2351.0,3561.0,4136.5,4355.5,4498.5,3693.0,2706.0,992.5,1399.0,1724.5,2356.0,3524.0,4134.5,4343.0,4492.0,3467.0,2591.0,1011.0,1359.5,1662.0,2196.0,3180.5,3710.0,3963.0,4059.0,3459.0,2591.0,996.0,1369.0,1690.5,2184.0,3107.5,3566.0,3851.0,3884.0,3453.5,2546.5,956.0,1340.0,1700.5,2190.5,3059.5,3485.0,3759.5,3847.5,3332.5,2482.0,983.0,1332.0,1672.0,2130.5,2997.0,3424.5,3709.0,3747.0,3248.0,2457.5,1000.0,1346.0,1678.5,2130.5,2961.5,3381.5,3638.0,3682.5,2934.0,2144.5,764.5,1131.0,1368.5,1941.5,2898.0,3313.5,3627.0,3639.0,1632.0,1195.5,466.0,635.0,727.0,1064.5,1639.0,1902.0,1994.5,2051.5,3259.5,2983.0,929.5,1252.5,1668.5,1919.5,2064.0,2219.5,2423.0,2418.5,3227.0,2692.0,723.0,1097.0,1333.5,1891.5,2806.5,3118.5,3196.5,3428.0,3609.0,3186.0,978.0,1399.5,1674.5,2224.0,3216.0,3596.0,3829.0,3873.0,3131.0,2643.5,1391.5,1627.5,1737.5,2209.0,2887.0,3109.0,3292.5,3334.0,2934.0,2443.5,899.5,1256.5,1416.5,2003.5,2668.0,2894.0,3120.0,3125.5,1875.0,1333.5,846.0,990.0,1063.5,1406.5,1628.5,1769.5,1911.0,1935.5,0.0,0.0,0.0,0.0,0.0,0.0,0.0,0.0,0.0,0.0,3192.0,2843.0,991.5,1321.5,1660.5,1996.0,2154.5,2290.0,2428.5,2434.0,3528.0,3257.0,1105.5,1473.0,1824.5,2205.5,2350.5,2508.0,2613.5,2664.5,4006.5,3555.5,1462.0,1889.0,2316.5,2730.5,2958.5,3084.0,3275.0,3265.5,747.5,634.5,448.5,461.5,470.0,582.0,718.0,783.5,757.5,795.5,2103.0,1761.0,838.5,1052.5,1120.5,1457.0,1934.5,2118.5,2188.0,2186.0,3443.5,2793.0,1120.5,1563.5,1713.5,2268.5,3275.0,3550.5,3800.5,3758.5,3367.5,2671.0,1059.5,1462.0,1592.5,2106.5,3342.0,3697.5,3971.0,3889.5,"{""type"":""MultiPoint"",""coordinates"":[]}"
3318,69,2286.0,1952.0,711.0,867.5,866.5,1210.0,1673.5,1812.5,1974.0,2025.5,3006.5,2558.5,686.5,1052.0,1068.0,1613.0,2672.5,2981.0,3142.0,3180.0,2893.0,2380.0,574.5,956.0,900.5,1556.0,3048.5,3453.0,3612.5,3636.5,2875.0,2146.0,512.0,951.5,799.5,1492.5,3351.5,3863.0,3957.5,4040.0,2823.0,1947.0,521.5,968.0,741.0,1480.5,3864.5,4554.5,4601.5,4713.5,2717.5,1709.0,446.5,904.5,588.0,1429.5,4070.0,4792.5,4974.0,4969.5,2670.0,1503.5,379.0,834.5,465.5,1335.0,4191.0,5022.5,5176.5,5168.0,2568.5,1413.0,363.0,820.0,421.5,1325.0,4310.5,5226.5,5341.5,5398.5,2672.5,1415.5,377.0,830.5,413.5,1329.5,4361.0,5281.5,5344.0,5474.5,2763.5,1427.5,370.0,847.5,417.0,1345.0,4425.0,5365.0,5397.5,5584.0,2737.0,1372.5,385.0,860.5,449.5,1352.5,4360.0,5344.5,5331.0,5546.5,2276.5,1698.5,775.0,982.5,879.5,1308.5,2264.0,2463.5,2455.5,2663.0,2716.5,1365.5,377.5,836.0,406.0,1329.5,4401.0,5431.0,5457.0,5631.0,2681.0,1384.5,432.0,871.0,530.5,1438.0,3996.0,4758.0,4891.0,5071.5,2719.5,1480.0,577.0,980.0,753.0,1573.0,3506.5,4175.5,4331.0,4669.0,2826.5,1754.0,549.5,918.0,1010.5,1646.0,2812.0,3218.5,3463.5,3652.5,2755.0,1757.0,502.0,853.5,1026.0,1604.5,2483.0,2812.0,3099.0,3233.0,2615.5,1652.0,463.5,793.0,940.5,1560.5,2370.5,2736.0,2954.0,3171.0,2629.5,1696.5,586.5,864.0,986.5,1518.5,2122.0,2453.5,2651.0,2863.5,2801.5,1887.5,2719.5,2720.0,2766.5,3130.5,3575.0,3847.0,3912.5,3888.5,2952.0,2153.0,523.5,797.5,1100.0,1561.0,2028.5,2305.0,2599.0,2782.5,2644.5,1957.5,471.0,690.5,943.0,1343.0,1684.0,1944.5,2162.5,2315.5,2121.0,1365.0,429.0,772.5,538.5,1213.0,3043.5,3263.0,3452.0,3448.5,2363.5,1907.5,338.5,543.5,732.5,1073.0,1271.0,1455.5,1592.0,1733.0,2189.5,1866.0,391.5,641.0,612.0,998.0,1401.5,1521.0,1678.5,1757.5,2219.5,2178.0,577.0,707.5,785.5,998.0,1238.0,1341.0,1505.5,1514.0,2212.0,2164.5,553.0,707.5,785.5,998.0,1248.0,1365.0,1516.0,1526.5,2747.0,2016.0,2275.0,2393.5,2337.5,2662.5,2998.0,3026.5,3165.5,3151.0,0.0,0.0,0.0,0.0,0.0,0.0,0.0,0.0,0.0,0.0,1819.0,1046.5,442.0,774.5,463.5,1306.5,3494.0,3849.0,3985.0,4014.0,2069.0,1569.5,499.0,768.0,644.0,1267.0,2540.5,2854.0,3012.5,3043.0,2384.0,2111.5,513.5,781.5,872.5,1243.5,1705.5,1892.0,2089.5,2107.5,0.0,0.0,0.0,0.0,0.0,0.0,0.0,0.0,0.0,0.0,3396.5,3326.0,974.0,1252.0,1563.0,1838.0,1996.0,2201.5,2356.0,2377.5,3519.5,3417.5,974.0,1252.0,1563.0,1838.0,2018.0,2201.5,2387.5,2382.5,3366.0,3329.0,828.0,1135.0,1387.0,1731.0,2069.5,2218.5,2393.5,2405.5,"{""type"":""MultiPoint"",""coordinates"":[]}"
3329,69,0.0,0.0,0.0,0.0,0.0,0.0,0.0,0.0,0.0,0.0,3061.5,2512.0,767.0,1129.5,1494.5,1784.0,2001.5,2140.5,2378.0,2401.5,3133.0,2560.5,783.0,1156.5,1473.0,1787.5,2176.5,2337.5,2524.0,2558.5,3157.0,2705.0,767.0,1135.0,1403.0,1777.0,2287.0,2461.0,2620.0,2632.0,2704.5,2133.5,684.0,1081.5,1180.0,1721.0,2612.5,2884.0,3012.0,3070.0,2615.0,1890.0,615.5,1043.5,1054.5,1559.0,2894.0,3199.5,3324.0,3378.0,2563.0,1826.5,581.0,1039.0,982.5,1601.0,3140.5,3555.5,3690.0,3737.5,2577.0,1736.5,513.5,944.0,843.5,1505.0,3239.5,3787.0,3812.0,3804.5,2558.5,1721.5,557.5,978.5,902.0,1474.0,3253.5,3682.0,3791.0,3892.0,2483.0,1668.0,503.0,938.0,907.0,1558.0,3188.0,3690.0,3870.0,3957.0,2476.0,1645.5,523.0,927.5,913.0,1453.5,3146.0,3631.0,3715.5,3794.0,2593.0,2140.0,511.0,836.0,994.0,1243.0,1722.0,1845.0,2108.0,2023.0,2618.0,1850.0,589.0,960.0,919.0,1525.0,3041.0,3677.0,3774.0,3793.0,2665.0,1782.0,1327.5,1545.0,1484.0,2020.5,3187.5,3685.0,3845.5,3899.0,2630.0,1769.5,1589.5,1725.0,1718.0,2091.0,3003.5,3400.0,3501.5,3666.5,2493.5,1694.5,750.5,1036.0,1067.0,1625.0,2858.0,3297.0,3489.5,3542.5,2352.5,1631.5,564.0,907.5,931.5,1528.5,2644.5,3038.5,3285.5,3294.5,2235.0,1477.0,491.0,818.0,825.0,1416.5,2608.0,3017.0,3190.0,3273.5,2210.5,1510.0,472.0,837.5,890.5,1504.0,2552.0,2946.0,3133.5,3197.0,0.0,0.0,0.0,0.0,0.0,0.0,0.0,0.0,0.0,0.0,2339.5,1682.5,505.0,832.5,1032.0,1545.0,2230.5,2516.5,2790.0,2823.5,1692.0,1192.0,1828.0,1791.0,1781.0,2057.0,2172.0,2269.0,2366.0,2410.0,0.0,0.0,0.0,0.0,0.0,0.0,0.0,0.0,0.0,0.0,3322.0,2474.0,1412.0,1590.0,1771.0,2176.0,2534.0,2780.0,2954.0,3001.0,0.0,0.0,0.0,0.0,0.0,0.0,0.0,0.0,0.0,0.0,3129.0,2854.0,1470.5,1692.5,1789.5,2202.0,2627.5,2740.0,2919.5,2906.0,2525.0,1986.0,785.0,1144.0,1230.0,1585.0,2132.0,2355.0,2513.0,2467.0,1888.0,1306.0,358.0,619.0,564.0,1035.0,1987.0,2151.0,2276.0,2304.0,0.0,0.0,0.0,0.0,0.0,0.0,0.0,0.0,0.0,0.0,0.0,0.0,0.0,0.0,0.0,0.0,0.0,0.0,0.0,0.0,2174.0,1565.0,537.0,831.0,836.0,1174.0,2133.0,2265.0,2384.0,2396.0,2403.0,1764.0,533.0,892.0,898.0,1369.5,2611.0,2895.5,3140.0,3005.0,2585.0,2043.0,626.0,979.0,1002.0,1514.0,2887.0,3227.0,3402.0,3360.0,1953.0,1158.0,322.0,638.0,539.0,1134.0,3094.0,3395.0,3678.0,3707.0,2765.0,1976.0,720.5,1113.5,1066.0,1720.5,3674.5,4241.0,4518.0,4450.5,2906.0,2326.0,657.0,981.0,1290.0,1627.0,1872.0,2009.0,2183.0,2221.0,"{""type"":""MultiPoint"",""coordinates"":[]}"
3498,54,1972.5,1852.0,687.5,914.5,1141.0,1248.0,1263.5,1341.5,1405.0,1417.0,2536.0,2290.0,957.0,1357.0,1617.5,1800.0,1911.0,1964.0,2010.0,2037.5,2532.0,2180.5,899.5,1302.0,1457.0,1762.0,1983.0,2036.0,2063.5,2112.0,2459.5,2033.0,851.0,1250.5,1342.0,1696.0,2685.5,2971.0,3070.0,3028.5,2328.5,1685.5,750.5,1152.5,1108.0,1628.0,3310.5,3808.5,3804.0,3874.0,2167.5,1402.5,590.5,976.0,825.0,1469.0,3784.5,4512.0,4608.5,4586.0,1986.5,1068.0,427.5,838.0,517.5,1285.0,4362.5,5411.5,5511.0,5482.0,1829.5,946.5,436.0,864.5,480.5,1392.5,4588.0,5628.0,5768.5,5672.5,1931.0,1022.0,404.5,930.0,467.5,1512.5,4674.0,5591.5,5668.0,5681.0,1877.5,992.0,386.5,987.5,537.0,1704.0,4712.0,5554.5,5639.0,5679.0,1840.5,985.5,464.5,1030.5,638.5,1801.5,4590.5,5392.5,5450.5,5519.5,1991.5,1855.5,648.5,927.0,1147.5,1244.5,1266.0,1350.5,1407.5,1413.0,1922.5,1076.0,485.5,1083.0,796.0,1939.5,4382.0,5164.5,5193.5,5356.5,2337.5,1402.0,627.0,1277.0,1302.0,2473.0,3945.0,4372.5,4590.0,4763.0,4036.5,3108.0,1104.0,1602.0,2180.0,2645.5,2838.0,3101.5,3266.0,3473.5,2978.0,2774.0,996.0,1395.0,1768.5,1972.5,2011.0,2144.0,2209.5,2228.5,2889.5,2622.0,991.0,1395.0,1768.5,1972.5,2011.0,2129.0,2192.0,2210.0,2715.5,2509.5,934.5,1327.5,1658.0,1834.5,1889.5,1997.0,2026.5,2070.5,2684.5,2509.5,957.5,1340.5,1658.5,1841.5,1889.5,2008.5,2040.0,2063.5,2856.0,2553.5,1069.0,1466.0,1800.0,1981.5,2011.5,2144.5,2176.0,2209.0,2401.0,2167.0,740.5,1134.0,1423.0,1563.0,1608.5,1701.5,1762.5,1783.5,2329.5,2098.5,736.0,1086.0,1367.0,1519.5,1554.0,1649.5,1657.5,1716.5,1868.0,1702.5,549.0,830.5,1071.5,1157.5,1193.5,1259.5,1331.5,1325.5,2273.0,2069.0,750.5,1107.5,1366.5,1531.5,1540.5,1641.5,1626.0,1693.5,2168.5,1929.5,684.0,1058.5,1331.5,1462.0,1499.0,1579.5,1593.5,1619.5,2115.5,1925.0,741.5,1069.0,1306.0,1421.5,1451.5,1548.5,1589.0,1597.0,1949.5,1791.0,714.0,1013.0,1242.0,1352.5,1382.0,1459.0,1481.0,1488.0,2842.0,2284.0,2241.5,2342.5,2462.0,2665.0,2683.0,2704.0,2831.0,2723.0,0.0,0.0,0.0,0.0,0.0,0.0,0.0,0.0,0.0,0.0,3028.5,2839.5,1080.0,1562.5,1928.0,2086.0,2088.5,2188.0,2246.5,2227.5,3135.5,3011.0,1200.5,1668.5,2028.0,2212.0,2205.5,2270.5,2333.5,2311.0,3155.5,2934.5,1186.5,1725.0,2089.0,2257.5,2231.5,2316.0,2419.0,2374.5,2764.0,2643.0,1135.5,1563.5,1873.5,1998.5,2025.5,2071.0,2166.0,2121.5,2822.5,2697.0,1122.5,1532.0,1834.5,1990.5,2011.0,2063.0,2127.5,2129.5,2468.5,2342.5,963.5,1310.0,1586.0,1709.5,1735.5,1800.0,1871.5,1843.0,2474.0,2298.5,945.0,1316.0,1592.5,1720.5,1747.0,1813.0,1873.5,1863.0,"{""type"":""MultiPoint"",""coordinates"":[]}"
3593,3,213.0,199.0,266.0,404.0,446.0,505.0,408.0,461.0,454.0,399.0,2159.0,1961.5,651.5,781.0,944.5,1052.5,1143.5,1233.5,1374.0,1373.5,2216.0,1987.0,652.0,797.0,988.0,1096.0,1160.0,1229.0,1363.0,1408.0,1533.5,1447.5,758.0,853.0,994.5,1086.5,1089.5,1154.5,1224.5,1234.5,276.5,255.0,466.5,568.0,594.5,645.5,451.5,466.0,458.5,392.0,236.0,201.0,422.0,525.5,558.5,647.0,531.5,582.0,560.0,506.5,317.0,246.0,355.5,477.0,446.0,612.0,623.5,648.0,695.0,590.0,878.5,564.5,510.0,697.5,550.5,949.5,1499.0,1618.0,1601.5,1499.5,1088.0,611.5,283.5,495.0,277.5,733.5,1787.0,2074.5,2088.0,2007.5,1025.0,493.0,202.0,359.0,205.0,546.0,1900.0,2743.0,2831.0,2765.0,1008.0,466.5,178.0,299.0,165.5,440.5,1885.0,2975.0,3108.5,3097.5,1865.5,1753.0,2037.0,1989.5,2034.0,2150.0,2007.0,2042.5,2120.0,2024.5,1043.0,470.0,203.0,322.0,159.0,404.0,2020.0,3420.0,3596.0,3602.0,1322.5,552.0,1203.5,1369.5,1017.5,1408.5,3111.5,4464.5,4636.5,4593.0,1552.0,703.5,1495.0,1625.5,1248.0,1793.5,3414.0,4466.5,4569.0,4708.0,1631.0,772.0,772.5,1142.5,737.0,1574.0,3749.0,4758.0,4991.0,4942.0,1669.0,823.0,444.0,969.5,662.5,1568.0,3661.0,4497.0,4854.5,4745.0,1772.5,914.5,558.0,1087.0,846.5,1806.5,3674.0,4295.0,4590.5,4596.5,2113.5,1159.5,614.0,1281.0,1242.5,2354.5,3878.5,4382.0,4774.5,4753.5,2457.0,1467.0,809.0,1451.0,1601.0,2700.0,3837.0,4301.0,4734.0,4758.0,3566.0,2335.0,1056.5,1599.5,2149.5,2917.0,3458.5,3775.5,4278.0,4267.5,2801.0,2002.5,3093.0,3237.5,3516.5,3915.5,3905.0,4033.5,4023.0,4153.0,911.0,818.0,1851.0,1794.0,1682.0,1762.0,1683.0,1641.0,1738.0,1579.0,342.0,230.0,298.0,318.0,383.0,467.0,470.0,527.0,534.0,558.0,0.0,0.0,0.0,0.0,0.0,0.0,0.0,0.0,0.0,0.0,776.0,587.5,469.0,625.0,842.0,1047.5,999.5,1043.0,1063.5,993.0,0.0,0.0,0.0,0.0,0.0,0.0,0.0,0.0,0.0,0.0,1659.5,1343.5,2675.5,2610.0,2594.0,2858.0,2737.0,2770.5,3088.0,2725.5,0.0,0.0,0.0,0.0,0.0,0.0,0.0,0.0,0.0,0.0,0.0,0.0,0.0,0.0,0.0,0.0,0.0,0.0,0.0,0.0,240.0,228.0,306.0,353.0,428.0,497.0,432.0,497.0,517.0,461.0,1292.5,977.0,422.0,511.5,647.5,731.5,771.0,857.5,961.0,954.0,2475.5,2158.0,849.0,972.0,1127.5,1342.0,1467.5,1620.0,1549.5,1890.5,2656.0,2225.0,727.0,881.0,1111.0,1269.0,1340.0,1482.0,1607.0,1655.0,3505.0,3224.0,1140.5,1316.5,1597.0,1755.0,1861.5,1986.0,2204.0,2212.0,3352.0,3029.0,1141.0,1357.0,1636.0,1771.0,1883.0,2007.0,2228.0,2232.0,"{""type"":""MultiPoint"",""coordinates"":[]}"
3601,121,4121.5,3514.5,3741.5,3669.5,3655.0,3974.0,4738.5,5030.5,5270.0,5261.0,2401.5,1730.5,857.5,1111.5,1356.0,1579.0,2585.0,3222.0,3194.0,3335.0,2612.0,1906.5,972.5,1267.0,1514.5,1766.0,2654.0,3073.5,3226.0,3568.5,2764.5,2038.0,1021.0,1345.0,1635.5,1909.0,2685.5,3014.0,3116.5,3322.5,3483.0,3017.0,1163.0,1506.0,2048.0,2345.0,2547.5,2681.5,2872.5,2893.0,3612.5,3244.5,1226.5,1638.0,2242.5,2496.0,2656.5,2751.0,2973.5,3008.5,3058.0,2578.0,1017.0,1401.0,1892.0,2135.0,2419.0,2531.0,2744.0,2590.0,3197.0,2837.0,1157.0,1537.0,1921.0,2234.0,2726.0,2949.0,2965.0,3028.0,2683.0,2006.0,918.0,1232.0,1594.0,1858.0,2243.0,2521.0,2571.0,2517.0,2897.0,2196.5,924.5,1229.5,1650.5,1885.5,2239.5,2618.5,2657.5,2890.5,2874.0,2137.0,950.0,1227.0,1658.0,1913.0,2266.0,2511.0,2624.0,2777.0,2961.5,2470.0,1766.0,1935.5,2016.0,2328.0,3123.0,3688.0,3736.5,3737.5,2889.0,2197.0,999.0,1280.5,1750.5,1964.0,2252.0,2562.5,2601.0,2799.0,2707.0,2121.0,966.0,1253.0,1747.0,2011.0,2224.0,2487.0,2523.0,2624.0,2738.5,2121.5,1033.5,1289.5,1594.0,1877.0,2298.0,2609.5,2620.0,2849.5,2510.0,1886.0,984.0,1204.0,1512.0,1799.0,2355.0,2629.0,2602.0,2804.0,2483.0,1828.0,908.0,1190.0,1481.0,1642.0,2370.0,2529.0,2645.0,2794.0,2594.0,1952.0,853.0,1147.0,1426.0,1661.0,2238.0,2503.0,2606.0,2771.0,2371.5,1864.5,900.0,1150.0,1406.0,1652.0,2124.0,2366.0,2503.5,2573.0,2454.0,1926.5,809.0,1081.0,1411.5,1681.5,2010.5,2325.0,2528.5,2536.5,2500.5,2058.0,791.0,1066.0,1408.5,1684.0,2015.5,2302.0,2486.0,2460.0,1895.0,1481.0,577.0,766.0,1095.0,1315.0,1411.0,1613.0,1624.0,1635.0,1930.0,1264.0,454.5,676.0,762.0,1138.0,2429.0,3218.0,3335.5,3412.0,2271.0,1881.0,739.0,1015.0,1295.0,1618.0,1730.0,1950.0,2111.0,1964.0,1970.0,1618.0,1071.5,1158.0,1253.5,1531.0,1746.0,1931.5,2004.5,1942.5,2108.0,1825.0,742.0,966.0,1212.0,1444.0,1607.0,1706.0,1841.0,1767.0,2141.0,1856.0,696.0,910.0,1237.0,1353.0,1588.0,1684.0,1791.0,1772.0,1660.0,1204.0,525.0,765.0,1121.0,1369.0,1406.0,1545.0,1592.0,1645.0,2189.0,1680.5,1447.0,1499.5,1609.5,1941.0,2302.5,2444.0,2666.0,2547.0,1784.0,1183.0,451.0,679.0,741.0,1057.0,2676.0,3507.0,3499.0,3607.0,2238.0,1725.5,1357.0,1566.0,1553.0,1872.5,2945.0,3520.5,3510.0,3595.0,2222.0,1433.0,586.0,901.0,923.0,1343.0,2861.0,3641.0,3962.0,3950.0,2068.0,1437.0,661.0,914.0,1045.0,1232.0,2529.0,3341.0,3381.0,3577.0,1838.5,1231.0,519.5,717.0,815.5,1099.0,2359.5,3046.5,3010.0,3231.5,2308.0,1521.0,783.0,1033.0,1178.0,1384.0,2587.0,3026.0,3147.0,3595.0,2337.5,1635.0,803.5,1073.5,1245.0,1476.5,2695.0,3378.5,3516.5,3577.0,"{""type"":""MultiPoint"",""coordinates"":[]}"
3722,69,2175.0,1840.5,451.0,607.5,746.0,995.5,1221.5,1360.5,1481.0,1548.5,3323.5,2553.0,822.0,1224.0,1488.0,1987.0,3090.0,3423.0,3585.5,3597.5,3232.0,2470.0,718.5,1037.5,1380.0,1788.0,3175.5,3558.5,3723.5,3734.5,3441.5,2796.5,786.0,1175.5,1553.5,1955.5,2712.0,2977.5,3105.0,3215.0,3381.5,2716.0,815.0,1175.5,1517.5,1944.5,2899.0,3213.0,3437.5,3408.0,3310.5,2530.0,799.0,1153.0,1426.0,1910.0,3156.5,3579.5,3775.5,3810.5,3296.5,2471.5,742.0,1126.5,1388.0,1905.0,3205.0,3676.0,3861.0,3929.5,3232.5,2393.5,722.0,1122.5,1384.5,1898.0,3258.0,3763.5,3931.0,4009.5,3514.5,2739.0,731.0,1093.5,1506.0,1991.5,2889.0,3337.0,3377.0,3573.0,3495.5,2719.5,746.0,1127.0,1551.5,2021.0,2923.5,3345.5,3399.0,3590.5,3497.5,2719.5,746.5,1110.5,1526.0,1952.5,2892.0,3321.5,3414.0,3540.0,2585.5,2376.5,533.5,717.5,1053.0,1227.5,1492.5,1602.5,1759.0,1748.0,3453.5,2734.0,743.5,1105.0,1533.0,1944.5,2879.5,3349.0,3383.5,3562.0,3377.0,2584.0,737.5,1087.0,1495.5,1923.0,2816.5,3208.5,3298.5,3505.5,3291.5,2579.0,904.0,1191.5,1524.0,1909.5,2740.0,3165.0,3263.0,3404.5,3321.0,2583.0,814.0,1091.0,1465.5,1858.5,2538.5,2907.0,3086.0,3181.0,3144.0,2447.0,718.5,1021.5,1393.0,1780.5,2431.0,2788.0,2946.5,3091.0,3062.0,2230.0,732.0,1032.5,1360.5,1743.5,2402.5,2746.0,2923.5,3053.5,2817.5,2078.0,683.0,959.0,1260.0,1643.0,2273.0,2609.5,2760.5,2915.0,2713.0,2019.0,595.0,882.0,1175.0,1573.5,2231.0,2517.0,2686.5,2831.5,2689.0,2009.0,492.0,782.0,1091.5,1475.5,1997.5,2279.5,2502.5,2626.0,2401.0,1716.0,460.0,671.0,968.5,1342.5,1806.5,2066.5,2260.5,2379.0,2363.5,1975.5,461.0,655.5,969.0,1176.0,1482.0,1594.0,1747.0,1761.5,2680.0,1915.5,481.5,778.5,1107.5,1519.0,1885.5,2088.0,2169.0,2385.0,2669.5,1942.5,620.5,811.5,1024.0,1369.5,1703.5,1878.5,2039.5,2143.5,2629.0,2238.0,524.0,742.5,1025.5,1304.0,1531.5,1692.0,1828.5,1890.5,2629.0,2186.5,514.5,749.5,1044.0,1342.5,1555.5,1704.5,1849.5,1909.0,2302.0,1678.0,1537.0,1611.5,1707.5,2013.5,2327.5,2464.0,2422.5,2628.5,0.0,0.0,0.0,0.0,0.0,0.0,0.0,0.0,0.0,0.0,3429.5,2915.0,871.5,1258.5,1749.0,2108.0,2396.5,2586.5,2715.5,2755.0,3574.5,3152.0,936.5,1303.5,1835.0,2174.5,2374.0,2555.0,2702.0,2739.5,3657.0,3127.5,933.0,1317.0,1907.5,2222.5,2408.5,2543.0,2762.0,2755.0,0.0,0.0,0.0,0.0,0.0,0.0,0.0,0.0,0.0,0.0,0.0,0.0,0.0,0.0,0.0,0.0,0.0,0.0,0.0,0.0,3780.0,3314.5,1029.0,1404.5,2039.5,2326.0,2476.0,2587.5,2771.5,2794.0,3812.5,3267.5,1026.5,1428.5,2011.5,2354.0,2590.0,2730.5,2898.5,2906.5,"{""type"":""MultiPoint"",""coordinates"":[]}"
3733,69,1577.0,1307.0,296.0,401.5,487.0,652.5,709.5,752.5,869.5,919.0,2229.0,1891.5,616.0,790.5,889.0,1079.0,1490.0,1640.5,1784.0,1774.0,2711.5,2278.5,763.5,985.5,1096.0,1360.0,1955.5,2204.0,2324.5,2371.5,2471.0,2142.5,647.0,810.5,923.5,1131.0,1714.0,1975.5,2074.0,2152.0,2507.5,2062.0,654.0,867.0,929.5,1230.0,2083.5,2406.0,2506.0,2559.5,2657.0,2236.0,720.5,915.5,991.5,1268.5,2123.0,2531.0,2575.5,2649.0,2709.0,2094.5,696.5,931.0,989.5,1306.5,2372.0,2837.5,2925.0,3026.5,2907.5,2261.0,716.0,953.5,1060.0,1401.5,2394.5,2871.0,2976.5,3083.5,2708.5,2262.5,680.5,863.5,1007.5,1245.0,1898.0,2203.5,2309.0,2403.5,2609.0,2105.0,665.5,874.5,1019.5,1281.5,1935.5,2260.5,2379.5,2451.0,2688.0,2248.0,709.0,869.5,1022.5,1233.5,1919.0,2217.0,2359.5,2453.0,2133.5,1872.0,498.5,646.0,749.0,913.5,1036.5,1097.5,1272.0,1267.5,2605.5,2005.5,630.5,835.5,930.5,1170.5,1980.5,2325.5,2516.5,2561.0,2520.0,1946.0,2089.0,2133.0,1946.5,2103.5,2651.0,2863.5,2865.0,2934.0,2520.0,2022.5,1344.0,1458.0,1436.5,1640.5,2178.0,2451.0,2480.5,2576.0,2246.0,1745.5,939.5,999.5,1019.0,1202.5,1793.0,2087.5,2211.0,2279.0,2078.5,1611.0,472.5,620.0,706.5,902.0,1521.5,1833.5,2008.0,2027.0,2489.5,1911.5,570.0,747.0,900.5,1193.0,1698.5,1913.5,2100.5,2185.5,2508.0,2060.5,604.0,770.5,965.5,1187.0,1525.5,1704.5,1866.0,1911.5,2790.5,2620.0,772.0,942.5,1196.5,1331.5,1443.0,1567.5,1745.5,1763.5,2744.5,2473.0,782.0,967.5,1219.5,1374.5,1495.0,1628.5,1794.5,1799.0,1001.5,799.5,203.0,285.0,361.5,442.0,508.5,556.0,586.0,708.5,0.0,0.0,0.0,0.0,0.0,0.0,0.0,0.0,0.0,0.0,1655.0,1369.5,362.5,441.5,560.0,636.5,726.5,807.0,890.5,905.5,0.0,0.0,0.0,0.0,0.0,0.0,0.0,0.0,0.0,0.0,1856.0,1728.0,451.5,561.0,699.0,787.0,821.0,915.0,998.0,1023.5,1827.0,1789.0,465.5,540.0,668.0,752.5,774.5,848.0,947.5,1006.5,1409.5,1155.0,297.0,381.0,523.0,579.0,641.0,693.0,828.0,808.5,0.0,0.0,0.0,0.0,0.0,0.0,0.0,0.0,0.0,0.0,2072.0,1667.0,553.5,712.5,781.5,985.5,1111.5,1190.0,1315.0,1352.0,1955.5,1593.0,431.5,565.5,631.5,863.5,957.5,1034.5,1177.5,1190.5,2448.5,2239.5,578.0,749.0,944.5,1091.0,1194.5,1263.5,1380.0,1409.5,2440.5,2280.0,730.5,877.0,1056.5,1159.0,1238.5,1348.5,1516.0,1481.5,1935.0,1644.5,488.0,582.0,755.0,852.5,930.5,1010.0,1130.5,1175.5,2711.5,2481.0,870.0,1022.5,1232.0,1384.0,1514.5,1621.5,1791.0,1782.0,2561.5,2225.5,671.5,881.5,1044.5,1258.0,1581.0,1708.5,1862.5,1921.0,"{""type"":""MultiPoint"",""coordinates"":[]}"
3753,69,2941.5,2208.0,548.5,811.0,1498.5,1962.5,2369.5,2688.0,3174.5,3228.5,3251.0,2291.0,531.0,873.5,933.5,1504.5,2666.0,3064.5,3328.5,3386.0,2950.0,2059.0,514.0,874.0,865.5,1552.5,3018.5,3426.5,3717.5,3768.5,2862.0,1833.0,464.5,884.0,759.5,1517.5,3351.5,3931.5,4174.5,4192.5,2576.5,1643.0,397.5,874.5,703.0,1448.0,3406.0,3994.0,4217.0,4217.5,2425.0,1450.0,359.0,826.0,572.0,1403.0,3707.5,4418.5,4574.5,4590.0,2400.0,1432.0,373.0,803.0,522.5,1357.5,3728.0,4470.0,4710.0,4656.0,2355.5,1415.0,441.0,852.5,593.0,1381.5,3656.0,4450.5,4705.0,4654.0,2318.0,1366.0,390.5,771.0,560.5,1268.0,3542.0,4431.5,4642.0,4640.0,2326.0,1366.5,401.0,775.0,576.0,1248.0,3498.5,4346.0,4499.0,4562.5,2353.0,1360.5,471.5,832.5,639.0,1300.0,3500.0,4345.5,4449.5,4564.5,3541.0,2745.0,649.0,936.5,1517.0,1854.0,2151.0,2476.0,2873.0,2988.0,2359.5,1359.5,459.0,835.0,608.5,1374.0,3507.5,4279.5,4398.0,4582.0,2296.0,1336.5,409.5,808.0,560.5,1368.5,3603.5,4447.0,4608.5,4723.0,2177.0,1194.5,582.5,914.5,676.0,1408.5,3429.5,4220.5,4350.5,4524.0,2211.5,1222.5,585.5,914.0,723.5,1460.5,3416.5,4092.0,4364.5,4432.5,2092.0,1140.0,536.0,829.5,666.5,1308.0,3118.5,3736.0,4035.0,4045.0,2143.0,1232.5,543.0,828.5,704.0,1304.5,2793.0,3398.5,3680.0,3810.5,2248.0,1256.0,1081.5,1385.0,1292.5,1832.5,3170.5,3604.5,3879.5,4017.0,2276.0,1338.5,1240.0,1262.5,907.5,1516.5,2250.5,2888.5,3605.5,3816.5,2740.5,1844.5,1356.0,1449.0,1006.0,1455.5,2072.0,2655.0,3476.0,3935.5,3385.5,2551.5,1883.0,1991.5,1445.0,2077.0,2742.0,3409.5,4266.0,4764.5,3330.5,2493.0,635.0,896.0,1440.5,1768.0,2043.5,2324.0,2699.5,2764.0,3103.0,2345.0,1609.5,1776.0,1338.5,1969.0,2639.0,3235.0,3921.5,4403.5,2076.0,1205.5,710.0,1010.0,981.5,1776.0,2667.5,2966.0,3196.5,3320.5,2855.5,2131.5,1347.0,1577.0,1650.5,2391.5,2847.5,3020.0,3307.5,3325.5,2482.5,1620.5,520.0,875.5,1138.0,1808.5,2232.5,2470.5,2723.5,2835.0,3388.5,2786.0,1480.0,1742.5,2153.0,2528.5,2770.5,2988.5,3153.5,3349.5,2580.5,1869.5,1127.5,1256.5,1540.0,1808.5,2053.0,2251.0,2495.5,2569.0,3426.0,2796.5,611.0,860.5,1301.5,1563.5,1806.0,2029.5,2228.0,2410.0,3687.0,3132.0,960.0,1146.0,1497.5,1759.5,1974.5,2159.0,2459.5,2535.0,3864.0,3139.0,743.5,1012.0,1489.0,1766.0,1970.5,2206.0,2441.5,2594.0,3832.5,3144.0,783.0,1072.5,1547.0,1797.5,1997.5,2236.0,2544.0,2592.0,3092.0,2493.5,746.0,1038.0,1399.5,1637.0,1830.5,2014.0,2255.0,2296.0,4156.0,3420.5,998.0,1384.5,1867.0,2185.0,2506.0,2735.0,3024.5,3132.5,3989.0,3173.0,603.0,888.0,1161.5,1569.5,2062.5,2332.5,2617.5,2706.0,"{""type"":""MultiPoint"",""coordinates"":[]}"
3925,54,2260.0,2007.0,586.5,799.0,1081.0,1229.0,1267.0,1392.0,1488.5,1564.0,3098.5,2921.0,970.5,1268.5,1607.5,1781.5,1845.5,1984.5,2133.0,2136.5,3108.0,2887.5,940.5,1223.0,1556.5,1732.5,1789.0,1930.5,2095.0,2095.0,3246.0,2993.5,1028.0,1343.0,1706.5,1895.0,1946.5,2071.5,2229.5,2261.5,3309.0,2949.0,1055.0,1412.0,1715.0,1933.0,2094.0,2238.0,2427.0,2386.0,3034.0,2595.5,926.5,1268.5,1458.0,1817.5,2608.5,2875.5,3057.0,3033.0,2664.0,2047.0,720.0,1076.5,1062.0,1583.5,3353.5,3907.0,4098.5,4073.5,2583.0,1689.0,662.0,1062.0,913.0,1496.0,3513.0,4400.0,4492.0,4564.0,2452.0,1527.0,591.0,982.0,773.0,1493.0,3930.0,4851.0,5032.0,5023.0,2398.5,1463.0,588.0,957.0,735.5,1477.5,3965.5,4955.5,4983.0,5175.5,2449.0,1557.0,642.0,1032.5,902.0,1608.5,3651.5,4435.5,4723.0,4746.0,2472.5,2195.5,636.5,915.5,1203.5,1356.5,1403.0,1514.0,1647.5,1674.5,2439.0,1578.5,676.0,1074.5,1029.5,1730.5,3540.5,4355.5,4455.0,4664.5,2374.0,1536.0,712.5,1087.0,1099.0,1781.0,3414.0,4060.5,4304.0,4409.5,2368.0,1549.0,695.0,1076.0,1152.0,1924.0,3323.0,3878.0,4041.0,4333.0,2659.0,1741.0,631.0,1047.0,1339.0,1973.0,2771.0,3134.0,3477.0,3571.0,3857.0,3068.5,966.5,1348.0,1883.0,2243.0,2490.5,2741.0,3015.5,3122.0,3749.0,3154.0,1044.0,1385.0,1853.0,2148.0,2222.0,2484.0,2703.0,2843.0,3755.0,3493.0,1258.0,1628.0,2038.0,2299.0,2431.0,2567.0,2684.0,2787.0,3762.0,3507.0,1261.0,1625.0,2016.5,2228.0,2350.0,2526.5,2667.5,2711.5,3086.0,2796.0,963.0,1284.0,1665.0,1847.0,1862.0,1987.0,2187.0,2188.0,2407.0,2112.0,761.0,935.0,1200.5,1344.0,1370.0,1518.0,1597.0,1668.0,2271.5,2066.5,616.5,820.0,1095.0,1207.0,1272.0,1395.5,1537.0,1554.0,2862.5,2638.0,871.5,1177.5,1521.5,1714.5,1738.0,1865.5,2001.0,2021.5,3760.5,3565.5,2535.5,2669.5,2861.0,3106.5,3181.0,3327.5,3410.0,3400.0,2653.0,2430.0,772.0,1086.0,1387.0,1514.0,1587.0,1697.0,1848.0,1840.0,2567.0,2440.0,810.0,1077.0,1383.0,1532.0,1592.0,1678.0,1799.0,1870.0,2299.0,2135.0,639.0,871.0,1172.0,1298.0,1353.0,1431.0,1576.0,1571.0,2611.0,2148.0,3519.0,3221.0,3039.0,3192.0,3247.0,3287.0,3364.0,3225.0,3309.0,3027.0,1025.0,1418.0,1857.0,2057.0,2117.0,2230.0,2461.0,2398.0,3487.0,3281.0,1134.0,1497.0,1923.0,2139.0,2228.0,2311.0,2451.0,2510.0,3710.0,3417.5,1290.5,1732.5,2176.0,2407.0,2477.5,2589.5,2778.0,2725.5,2547.5,2365.0,779.0,986.0,1274.0,1420.0,1470.0,1593.0,1756.0,1736.5,2595.0,2327.0,746.0,980.0,1282.0,1442.0,1498.5,1593.5,1788.5,1751.0,3101.0,2882.0,1001.0,1302.0,1639.0,1797.0,1857.0,2027.0,2180.0,2179.0,3224.0,2951.0,1014.0,1369.0,1729.0,1901.0,1968.0,2113.0,2292.0,2265.0,"{""type"":""MultiPoint"",""coordinates"":[]}"
3934,3,0.0,0.0,0.0,0.0,0.0,0.0,0.0,0.0,0.0,0.0,1897.0,1717.0,550.5,700.5,922.0,1021.5,1097.0,1212.0,1292.0,1326.0,2009.5,1863.0,660.0,780.5,1012.5,1143.0,1183.0,1306.0,1380.0,1458.0,144.5,123.5,255.0,339.0,381.0,513.0,486.5,546.0,544.5,561.0,766.5,543.5,365.5,492.5,570.0,716.5,707.0,789.5,805.0,829.0,473.5,325.5,353.0,548.5,538.5,797.5,912.0,1059.5,953.5,959.5,1377.0,759.0,345.0,595.0,456.0,920.0,1744.5,2034.0,1977.5,2056.0,1738.0,947.5,308.0,573.0,372.5,889.5,2306.0,2986.5,2894.5,3064.0,1432.0,700.5,182.5,394.5,199.0,627.0,2448.0,3752.0,3626.0,3811.0,1288.5,598.0,153.0,315.5,151.5,531.0,2474.0,4061.5,4164.0,4232.0,1223.0,560.5,249.5,380.5,213.5,552.0,2421.5,4150.0,4222.0,4355.0,174.0,179.0,484.0,696.5,781.0,812.0,619.5,650.5,632.0,519.0,1155.0,524.0,202.0,328.5,163.0,506.0,2409.0,4119.5,4343.0,4324.5,1510.5,676.5,1880.0,1977.0,1582.0,2007.0,3424.0,4549.5,4689.5,4743.5,1701.5,827.0,1149.0,1411.0,1072.0,1795.0,3386.0,4250.5,4325.5,4588.5,1600.5,779.5,1056.0,1357.0,1000.5,1801.5,3543.0,4453.5,4658.5,4755.5,1610.5,869.0,410.0,938.5,713.0,1684.5,3580.5,4305.5,4522.0,4602.0,1979.5,1110.5,585.5,1144.0,1050.5,2081.5,3502.0,4013.0,4204.5,4328.5,3403.5,2174.5,1047.0,1614.5,1946.5,2899.5,3587.5,3955.5,4256.0,4409.5,4428.0,3048.0,1425.0,1981.0,2812.5,3262.0,3485.5,3745.5,4095.5,4143.5,4956.5,3264.0,1519.5,2160.5,3213.5,3728.5,3977.5,4234.0,4774.0,4767.5,0.0,0.0,0.0,0.0,0.0,0.0,0.0,0.0,0.0,0.0,0.0,0.0,0.0,0.0,0.0,0.0,0.0,0.0,0.0,0.0,650.0,612.5,583.5,606.5,746.5,896.5,809.0,922.0,906.0,875.5,2816.5,2655.0,2705.0,2606.0,2566.0,2720.5,2610.5,2683.5,2689.5,2635.0,160.5,125.5,281.0,483.5,638.5,778.5,612.0,602.0,554.0,446.0,0.0,0.0,0.0,0.0,0.0,0.0,0.0,0.0,0.0,0.0,104.5,60.5,322.0,502.5,614.0,679.0,491.0,477.5,406.5,292.0,0.0,0.0,0.0,0.0,0.0,0.0,0.0,0.0,0.0,0.0,0.0,0.0,0.0,0.0,0.0,0.0,0.0,0.0,0.0,0.0,106.0,69.0,259.5,420.5,564.0,737.5,681.5,741.5,775.0,730.5,2522.5,2071.0,666.5,896.0,1217.5,1383.5,1500.0,1616.0,1847.5,1832.0,3031.5,2725.5,856.5,1086.5,1435.5,1597.5,1722.5,1856.5,2056.5,2086.5,581.5,425.5,227.0,247.5,310.0,330.5,308.5,372.0,414.5,420.0,3096.5,2702.5,869.5,1097.0,1457.5,1617.0,1765.0,1925.5,2146.5,2173.5,2495.5,2210.0,723.5,916.0,1183.5,1337.5,1473.5,1637.5,1755.5,1836.5,"{""type"":""MultiPoint"",""coordinates"":[]}"
3958,75,2686.5,2092.0,677.0,827.5,1253.0,1649.5,2012.5,2308.0,2699.0,2798.0,2593.5,1881.0,511.5,832.0,830.5,1329.0,2842.0,3382.0,3590.5,3610.0,2765.5,1888.5,518.0,865.0,838.5,1422.5,3098.5,3589.5,3805.0,3868.0,3006.5,2118.0,625.5,940.0,960.0,1527.5,3144.5,3726.5,3883.0,3986.0,2851.0,2036.5,625.5,949.0,959.5,1466.5,2937.0,3437.5,3620.5,3707.0,2986.5,2188.0,681.5,1019.0,1043.0,1555.0,2934.0,3441.0,3618.5,3711.0,2679.5,1951.5,641.5,944.0,956.5,1395.5,2643.5,3142.0,3321.5,3394.5,2752.0,2010.5,675.5,979.5,1021.0,1466.0,2684.5,3152.0,3351.5,3451.5,2726.5,2010.5,710.5,955.5,992.0,1422.0,2617.5,3104.5,3284.5,3380.5,2722.0,2007.0,711.5,951.0,1007.0,1443.5,2534.0,2984.0,3159.0,3294.0,2614.0,1943.0,709.0,956.0,1005.0,1445.5,2481.5,2957.0,3011.5,3258.5,2859.0,2290.5,676.0,854.0,1183.5,1483.0,1759.5,1991.5,2273.5,2362.0,2616.0,1953.0,727.5,967.0,1001.5,1407.0,2429.5,2916.0,2953.5,3166.5,2592.0,1881.5,716.0,967.0,1025.0,1460.5,2429.5,2916.0,2953.5,3166.5,2599.5,1852.5,768.5,1050.5,1121.5,1614.5,2466.0,2844.5,2945.0,3144.5,2618.0,1875.0,807.0,1104.0,1214.0,1719.5,2528.5,2900.5,3011.5,3158.5,2643.5,1875.0,785.5,997.5,1140.0,1501.0,2266.0,2663.5,2895.5,3016.5,2621.0,1867.0,720.0,957.5,1128.0,1497.5,2249.5,2603.5,2768.5,2883.5,2941.0,2003.0,1111.0,1305.5,1407.0,1799.5,2562.0,2939.0,3062.5,3219.5,2934.0,2123.5,783.0,1027.0,1196.5,1555.5,2252.0,2613.5,2814.5,2962.0,2625.5,1847.0,662.0,916.0,1061.0,1439.0,2190.0,2498.0,2755.5,2854.5,1077.5,740.0,349.5,446.0,400.0,655.5,1261.0,1513.0,1578.5,1667.0,2747.5,2205.5,581.0,781.5,1080.0,1348.0,1609.5,1818.0,2107.5,2179.0,2189.5,1516.5,537.0,734.0,701.5,1150.5,2236.5,2610.0,2738.5,2949.0,2269.0,1638.0,624.5,830.5,843.0,1249.0,2222.5,2532.5,2736.5,2846.5,2010.5,1317.5,546.0,855.5,820.5,1424.5,2322.0,2586.5,2917.5,2939.5,2259.5,1407.0,601.5,1002.5,985.0,1675.0,2502.0,2786.0,3047.5,3099.5,3003.0,2399.5,1997.5,2139.5,2189.0,2538.0,2770.0,2963.0,3138.5,3218.5,1804.5,1227.5,492.5,608.5,635.0,1015.5,1305.5,1470.5,1600.0,1746.5,2899.5,2464.0,711.0,874.0,1116.0,1408.5,1661.0,1869.5,2049.0,2174.5,3153.5,2749.5,846.0,1014.5,1274.5,1572.0,1850.5,2093.5,2298.0,2367.0,3044.5,2465.5,949.0,1141.5,1424.0,1820.5,2191.5,2441.0,2734.0,2702.0,2914.0,2275.0,996.0,1195.0,1405.0,1762.5,2508.5,2738.5,2969.0,3021.5,2052.5,1493.0,481.5,714.5,702.5,1113.5,2122.0,2446.0,2618.0,2665.0,2260.0,1602.0,466.5,736.0,697.0,1160.0,2484.0,2945.5,3197.5,3183.5,2502.0,1782.5,525.5,793.0,767.5,1266.0,2751.0,3227.0,3425.5,3435.5,"{""type"":""MultiPoint"",""coordinates"":[]}"
4015,69,2544.5,1817.0,770.5,946.5,1421.0,1649.5,1784.5,1969.0,2229.5,2256.5,2625.5,1911.5,737.5,1094.0,1208.5,1640.5,2511.5,2824.5,2998.5,2998.0,2463.5,1809.5,686.5,1008.0,1053.0,1491.0,2577.5,2988.5,3159.0,3132.0,2420.0,1733.5,647.0,1004.0,977.0,1422.0,2855.0,3354.5,3496.5,3457.5,2392.0,1714.0,644.5,997.0,944.5,1422.0,2905.5,3479.0,3678.0,3571.0,2392.0,1669.0,638.5,975.0,902.0,1421.0,3120.5,3745.5,3898.0,3867.5,2491.5,1673.5,638.5,977.5,917.0,1421.0,3138.5,3848.0,3985.5,3958.0,2509.5,1710.5,642.5,995.0,966.0,1432.5,3102.0,3780.5,3972.5,3937.0,2563.0,1746.0,660.5,1013.0,1028.0,1519.5,3118.0,3844.5,4000.5,3998.0,2596.0,1769.5,647.0,996.5,1010.5,1503.0,3135.5,3844.0,3953.5,3970.0,2578.0,1753.5,634.5,984.0,996.0,1469.0,3000.5,3758.0,3817.0,3917.0,2639.5,1929.0,663.0,914.0,1337.5,1564.0,1683.5,1856.5,2094.0,2144.5,2535.0,1716.0,601.5,940.5,966.0,1416.0,2922.0,3709.0,3762.0,3852.0,2410.0,1625.5,557.0,894.0,932.0,1385.0,2824.0,3494.5,3651.0,3707.5,2386.5,1601.5,556.0,871.5,908.5,1351.0,2774.5,3500.0,3627.0,3775.0,2280.5,1506.5,580.5,865.0,923.0,1338.5,2635.0,3250.5,3465.0,3480.5,2146.0,1412.5,552.0,836.0,886.5,1264.0,2482.5,3041.5,3286.0,3268.0,2176.5,1382.5,524.0,795.0,843.5,1293.5,2333.5,2882.5,3114.0,3179.0,2130.5,1382.5,539.5,784.0,857.0,1324.0,2226.5,2680.5,2920.5,3018.0,1982.5,1182.5,446.5,725.5,854.5,1294.0,2182.5,2590.0,2735.5,2801.5,1711.0,1033.5,312.5,517.0,617.0,1060.5,1955.5,2328.5,2580.5,2678.0,1538.0,924.0,242.0,462.0,516.5,924.5,1631.0,1946.0,2119.5,2229.0,2399.5,1747.0,498.0,735.0,1154.5,1367.5,1496.0,1668.5,1902.5,1941.0,1301.0,714.0,210.0,355.5,399.5,813.5,1487.5,1766.0,1927.0,2044.0,1456.0,833.0,168.5,386.0,440.5,878.0,1476.5,1716.5,1875.5,2006.5,1796.5,1150.0,381.0,576.5,728.5,1157.0,1458.5,1646.5,1868.5,1917.0,1985.5,1326.0,421.0,576.5,804.0,1187.0,1437.5,1633.5,1850.5,1910.0,1581.0,1118.0,341.5,491.0,753.5,933.0,1053.5,1176.0,1301.0,1350.5,0.0,0.0,0.0,0.0,0.0,0.0,0.0,0.0,0.0,0.0,2641.5,2209.0,587.5,849.5,1207.0,1371.5,1497.0,1652.5,1803.0,1848.0,2785.0,2368.0,685.0,939.0,1285.0,1473.0,1596.5,1743.5,1897.5,1934.5,2860.0,2400.0,720.5,1023.5,1365.5,1560.0,1666.0,1812.0,2013.0,2023.5,2437.5,1933.5,616.5,849.0,1166.0,1346.0,1468.5,1582.0,1767.5,1796.5,2926.5,2312.5,861.5,1153.5,1479.0,1685.0,1807.0,1951.0,2111.5,2146.0,2970.0,2523.5,872.5,1172.5,1497.5,1687.5,1829.0,1951.0,2132.0,2146.0,3016.0,2411.0,981.5,1334.5,1592.5,1894.5,2155.0,2306.5,2488.0,2480.5,"{""type"":""MultiPoint"",""coordinates"":[]}"
4046,69,1788.0,994.0,237.0,598.0,370.0,1104.0,2654.0,2956.0,3113.0,3232.0,3232.0,2355.0,820.0,1153.0,1330.0,1837.0,2506.0,2784.0,3074.0,3073.0,3226.0,2487.0,726.0,1031.0,1271.0,1672.0,2206.0,2453.0,2752.0,2818.0,3210.0,2368.0,715.0,1043.0,1256.0,1636.0,2278.0,2533.0,2825.0,2856.0,3475.0,2560.0,832.0,1154.0,1385.5,1813.5,2557.0,2932.0,3216.5,3280.5,3505.5,2541.5,817.0,1171.5,1379.0,1849.5,2616.0,2983.5,3242.5,3353.0,3754.5,2654.0,884.5,1228.0,1519.5,1970.5,2700.5,3158.5,3432.0,3584.0,3785.5,2649.0,888.5,1244.0,1605.0,2042.5,2768.0,3215.0,3445.0,3629.5,3664.5,2535.0,883.5,1233.5,1596.0,2030.0,2770.0,3209.5,3528.5,3632.0,3164.0,2193.0,715.0,1013.0,1309.0,1690.0,2384.0,2787.0,3012.0,3210.0,3410.0,2357.0,807.5,1105.0,1431.5,1802.5,2527.5,2949.0,3221.5,3328.0,1979.0,1116.0,272.0,666.0,393.0,1114.0,2897.0,3199.0,3467.0,3360.0,3347.0,2353.5,796.5,1122.5,1434.0,1783.0,2513.0,2908.0,3264.0,3333.5,3351.5,2287.0,818.0,1096.5,1332.0,1697.0,2423.0,2855.0,3069.0,3269.0,2916.0,2039.0,719.0,942.0,1168.0,1484.0,2151.0,2577.0,2719.0,2931.0,3141.0,2017.0,818.0,1085.0,1318.0,1751.0,2443.0,2779.0,3085.0,3209.0,3300.0,2428.0,724.0,1021.0,1463.0,1777.0,2261.0,2569.0,2839.0,2982.0,3537.0,2480.0,782.0,987.0,1527.0,1863.0,2049.0,2352.0,2548.0,2878.0,3523.0,2584.0,705.0,950.0,1418.0,1668.0,1807.0,2041.0,2282.0,2439.0,3321.0,2471.0,670.5,870.5,1278.5,1501.5,1615.0,1838.0,2075.0,2218.5,3178.5,2375.0,659.0,860.0,1234.5,1450.0,1578.5,1786.0,2050.0,2127.5,0.0,0.0,0.0,0.0,0.0,0.0,0.0,0.0,0.0,0.0,1538.0,1020.0,4958.0,3975.0,3668.5,3914.0,3991.5,3875.0,4343.0,3740.0,2026.0,1439.0,286.0,468.0,502.0,830.0,1142.0,1277.0,1335.0,1488.0,2338.5,1886.0,1510.5,1560.5,1387.5,1785.0,2259.5,2390.0,2557.0,2442.5,1743.0,1179.0,339.0,596.0,438.0,925.0,1621.0,1763.0,1928.0,1926.0,2043.0,1428.0,319.0,612.0,496.0,1029.0,1844.0,1997.0,2137.5,2196.5,2112.0,1555.0,408.0,646.0,584.0,1049.0,1747.0,1957.0,2097.0,2152.0,3003.0,2509.0,1410.0,1656.0,1583.0,2249.0,2898.0,3078.0,3099.0,3293.0,1768.0,961.0,271.0,607.0,371.0,1085.0,2884.0,3175.0,3496.0,3317.0,0.0,0.0,0.0,0.0,0.0,0.0,0.0,0.0,0.0,0.0,1906.5,1046.0,324.5,673.0,388.5,1130.0,3220.0,3704.5,4069.0,3959.0,3466.0,3083.0,2501.0,2578.0,2418.0,3003.0,4116.0,4436.0,4578.0,4563.0,1731.0,879.0,343.0,687.0,393.0,1292.0,3537.0,4082.0,4311.0,4290.0,2754.5,1807.5,630.0,950.5,959.5,1629.5,2584.5,2946.5,3358.0,3370.5,2831.0,2114.0,676.0,972.0,1133.0,1606.0,2214.0,2497.0,2770.0,2801.0,"{""type"":""MultiPoint"",""coordinates"":[]}"
4088,3,0.0,0.0,0.0,0.0,0.0,0.0,0.0,0.0,0.0,0.0,2656.5,2320.5,799.0,984.0,1289.0,1433.5,1522.5,1648.5,1776.5,1821.5,2116.5,1939.0,644.0,773.0,1050.0,1185.0,1238.5,1346.5,1440.0,1476.0,2090.5,1953.5,679.5,827.5,1102.0,1228.0,1283.5,1376.0,1411.5,1460.5,128.5,105.5,285.0,372.0,426.5,504.5,431.5,481.5,467.0,446.5,155.0,148.5,260.5,394.0,386.5,513.5,298.5,395.5,309.5,309.5,861.0,544.5,374.5,676.0,406.5,950.0,1434.0,1569.5,1562.0,1457.5,999.0,596.5,244.5,492.5,280.0,773.5,1613.5,1870.5,1844.0,1854.0,1286.0,634.0,202.5,374.0,209.0,638.0,2126.0,2954.5,3012.0,3069.0,1145.0,524.0,114.5,253.0,116.5,445.5,2189.0,3538.5,3674.0,3616.0,1262.0,552.0,199.0,315.5,155.0,478.0,2417.5,4186.0,4250.0,4319.5,2509.0,2086.5,715.5,905.5,1220.0,1356.5,1427.0,1495.5,1696.0,1661.0,1232.5,541.0,205.5,308.5,143.0,468.0,2450.5,4358.0,4629.0,4524.0,1548.0,681.5,1842.5,1921.5,1524.5,1904.0,3518.5,4755.0,4941.5,4972.0,1760.5,876.0,1079.0,1336.5,1016.0,1710.5,3433.5,4331.5,4405.0,4670.0,1622.0,772.5,1094.0,1350.0,964.5,1802.5,3570.0,4484.5,4712.5,4778.5,1617.5,841.0,339.5,892.5,613.5,1640.0,3550.5,4264.0,4516.5,4567.5,1890.5,1036.5,479.0,1025.5,895.5,1958.5,3317.0,3800.0,4056.5,4175.0,2168.0,1253.0,570.5,1141.5,1174.0,2256.0,3303.0,3749.5,4021.0,4137.0,2446.5,1529.5,691.0,1260.5,1510.0,2430.0,3140.0,3511.0,3861.5,3984.5,3971.5,2677.5,1014.0,1485.0,2074.0,2631.0,2866.0,3094.0,3425.0,3487.0,0.0,0.0,0.0,0.0,0.0,0.0,0.0,0.0,0.0,0.0,0.0,0.0,0.0,0.0,0.0,0.0,0.0,0.0,0.0,0.0,422.0,285.0,231.5,321.5,585.0,771.5,799.5,896.0,946.5,957.5,1008.5,914.0,1023.0,964.5,957.0,1023.0,988.0,1043.0,1139.0,1040.5,735.0,434.5,325.0,447.0,680.0,830.5,907.5,976.0,1048.5,1016.0,0.0,0.0,0.0,0.0,0.0,0.0,0.0,0.0,0.0,0.0,1886.5,1258.0,442.0,666.0,1041.5,1314.0,1462.5,1628.5,1757.0,1765.5,0.0,0.0,0.0,0.0,0.0,0.0,0.0,0.0,0.0,0.0,0.0,0.0,0.0,0.0,0.0,0.0,0.0,0.0,0.0,0.0,1240.0,881.5,354.5,458.5,636.0,762.5,801.5,840.0,972.0,1031.0,2462.0,2112.5,699.0,866.5,1132.0,1249.0,1334.0,1447.5,1619.0,1619.5,2820.0,2449.5,864.5,1012.5,1332.5,1505.5,1566.0,1690.0,1839.5,1898.5,1990.0,1434.0,695.5,829.0,1061.0,1188.5,1246.5,1377.5,1489.0,1580.5,2827.5,2419.0,882.5,1058.5,1349.0,1486.5,1579.5,1690.0,1859.5,1872.5,2941.0,2491.0,971.5,1165.0,1484.5,1651.5,1733.0,1881.5,2018.0,2051.0,"{""type"":""MultiPoint"",""coordinates"":[]}"
4134,204,2981.0,2067.0,769.0,1052.0,1729.0,2012.0,2274.0,2501.0,2998.0,2876.0,3438.0,2543.0,858.0,1193.0,1433.5,1826.0,2657.5,2998.5,3265.0,3336.5,3352.0,2423.0,816.0,1124.0,1327.0,1759.0,2633.0,3012.0,3277.0,3397.0,2838.5,2007.5,708.5,973.5,1199.5,1566.0,2456.5,2846.5,3068.0,3206.5,3023.0,2118.0,784.0,1053.0,1275.0,1672.0,2597.0,3031.0,3313.0,3362.0,3188.0,2335.0,826.0,1116.0,1340.0,1741.0,2716.0,3110.0,3395.0,3489.0,3188.0,2238.0,795.0,1105.0,1340.0,1741.0,2710.0,3146.0,3439.0,3542.0,3054.0,2265.0,848.0,1146.0,1433.0,1736.0,2686.0,3136.0,3469.0,3515.0,3202.0,2279.0,809.0,1133.0,1400.0,1701.0,2622.0,2994.0,3346.0,3451.0,3123.0,2214.0,744.0,1049.0,1331.0,1669.0,2574.0,3028.0,3279.0,3451.0,3054.0,2092.0,684.0,1007.0,1252.0,1669.0,2564.0,3033.0,3220.0,3378.0,3739.0,3116.5,974.0,1306.0,1783.5,1996.0,2223.5,2432.5,2713.5,2747.0,3093.0,2105.0,684.0,962.0,1252.0,1648.0,2408.0,2884.0,3109.0,3344.0,3112.0,2105.0,690.0,1018.0,1314.0,1648.0,2430.0,2927.0,3109.0,3333.0,3055.0,2082.0,724.0,1026.0,1316.0,1726.0,2468.0,2933.0,3218.0,3333.0,3063.5,2195.5,807.5,1078.0,1386.0,1705.0,2381.0,2740.5,3047.5,3195.5,3012.0,2200.0,813.0,1068.0,1368.0,1710.0,2362.0,2748.0,2996.0,3155.0,2972.0,2110.0,740.0,1004.0,1306.0,1694.0,2333.0,2740.0,2992.0,3131.0,2759.0,1893.0,1533.0,1654.5,1739.0,1992.5,2453.0,2687.5,2886.0,2950.5,3099.5,2522.0,1791.0,1873.5,1974.5,2239.5,2707.5,2975.0,3098.0,3246.0,3034.0,2078.0,720.0,1006.0,1354.0,1762.0,2493.0,2913.0,3179.0,3380.0,3034.0,2034.0,676.0,932.0,1255.0,1762.0,2493.0,2913.0,3343.0,3542.0,3473.0,2749.0,810.5,1134.5,1650.0,1862.0,2095.0,2317.0,2698.5,2627.5,2805.0,1788.5,525.0,810.0,1070.5,1607.5,2294.0,2590.0,2979.5,3162.5,3256.5,2680.0,1639.5,1776.0,1989.5,2332.0,2673.5,2926.5,3055.5,3232.0,3435.0,2968.5,1683.0,1792.0,2029.0,2288.0,2533.0,2749.0,2829.0,2945.0,3281.0,2566.0,897.5,1134.5,1471.0,1757.5,1955.5,2216.5,2482.0,2513.0,3292.5,2636.5,864.5,1139.0,1493.5,1775.5,2002.0,2190.0,2488.5,2568.5,0.0,0.0,0.0,0.0,0.0,0.0,0.0,0.0,0.0,0.0,3771.5,3025.0,894.5,1197.5,1668.5,1910.0,2077.5,2262.5,2549.0,2646.0,3999.0,3244.0,960.5,1261.0,1737.0,1960.0,2123.5,2317.5,2644.0,2706.0,3908.0,3155.0,941.0,1274.0,1777.0,1968.0,2149.0,2386.0,2764.0,2750.0,3908.0,3155.0,941.0,1270.0,1777.0,1976.0,2149.0,2386.0,2768.0,2750.0,4043.0,3255.0,995.0,1280.0,1728.0,1960.0,2144.0,2359.0,2658.0,2677.0,4043.0,3255.0,1005.0,1335.0,1777.0,1994.0,2243.0,2466.0,2774.0,2782.0,4018.0,3232.0,1078.5,1414.0,1862.0,2041.0,2360.5,2626.5,2907.0,2956.0,"{""type"":""MultiPoint"",""coordinates"":[]}"
4193,3,184.0,168.0,241.0,465.0,626.0,767.0,648.0,705.0,762.0,648.0,3941.0,3755.0,982.5,1428.5,2026.5,2253.0,2362.0,2509.5,2672.5,2673.5,129.0,154.0,93.0,334.0,498.0,550.0,171.0,224.0,160.0,91.0,168.0,131.0,271.0,471.0,537.0,678.0,402.0,465.0,424.0,275.0,488.5,355.5,313.0,548.5,453.5,798.5,775.5,836.5,821.0,697.5,1025.0,659.0,510.0,761.0,542.0,1029.0,1524.0,1636.0,1640.0,1579.0,1237.0,663.0,238.0,507.0,243.5,781.5,2043.0,2418.0,2465.5,2317.0,1238.5,600.0,175.0,405.0,161.5,632.5,2121.5,2968.5,3031.5,2947.0,1161.0,527.5,149.0,300.0,121.0,460.5,2191.0,3679.0,3736.0,3813.5,1130.0,480.0,141.0,285.0,116.0,435.0,2310.0,3868.0,4179.0,4087.0,1165.5,495.5,338.0,444.0,244.5,573.5,2448.5,4051.5,4164.5,4281.5,629.0,452.0,314.5,541.0,748.5,949.5,908.0,948.5,1022.5,947.0,1213.0,519.0,259.0,372.0,191.0,544.0,2389.0,3926.0,4112.0,4107.0,1562.0,647.0,1487.0,1683.5,1327.5,1920.5,3483.0,4465.0,4636.5,4764.5,1731.0,834.0,1329.0,1537.5,1215.5,1890.0,3306.0,4051.0,4166.5,4311.5,1909.0,952.0,983.0,1324.0,998.0,1913.5,3651.0,4357.0,4572.0,4684.0,2052.0,1112.0,540.0,1157.0,897.0,2047.0,3725.0,4367.0,4663.0,4693.0,3778.5,2423.0,893.5,1461.0,1703.5,2638.5,3381.0,3781.0,4087.0,4161.5,4367.5,3175.5,1114.0,1559.0,2310.0,2666.5,2800.5,3004.0,3305.5,3383.0,4269.0,3232.0,1069.0,1458.0,2115.0,2433.0,2582.0,2794.0,3058.0,3109.0,346.5,283.0,219.0,352.0,518.0,634.0,494.5,558.0,559.0,450.5,2696.0,2350.0,3314.0,3295.0,3316.0,3645.0,3654.0,3742.0,3681.0,3904.0,0.0,0.0,0.0,0.0,0.0,0.0,0.0,0.0,0.0,0.0,108.0,96.0,353.0,399.0,447.0,518.0,389.0,438.0,354.0,287.0,6162.0,5690.0,7232.0,6864.0,6776.0,6919.0,6556.0,6557.0,6439.0,6389.0,87.5,81.5,552.5,838.5,1012.5,1014.0,683.5,673.5,612.5,456.0,0.0,0.0,0.0,0.0,0.0,0.0,0.0,0.0,0.0,0.0,58.0,48.0,424.0,573.0,624.0,623.0,463.0,487.0,477.0,357.0,0.0,0.0,0.0,0.0,0.0,0.0,0.0,0.0,0.0,0.0,0.0,0.0,0.0,0.0,0.0,0.0,0.0,0.0,0.0,0.0,807.0,546.0,286.0,518.0,813.0,1017.0,1080.0,1135.0,1300.0,1195.0,2182.5,1677.5,471.5,740.5,1075.5,1228.0,1327.5,1423.0,1578.5,1516.0,3435.0,3147.0,938.0,1337.0,1814.0,2086.0,2161.0,2263.0,2461.0,2374.0,2147.0,1601.0,440.0,678.0,1015.0,1206.0,1274.0,1370.0,1492.0,1466.0,1759.0,1641.0,450.0,620.0,878.5,965.0,1001.0,1056.0,1184.5,1142.5,3386.0,3179.0,764.0,1171.0,1673.0,1897.0,1936.0,2026.0,2198.0,2199.0,"{""type"":""MultiPoint"",""coordinates"":[]}"
4287,121,4041.0,3713.0,2506.5,2595.0,2812.0,3001.0,3031.5,3127.5,3274.0,3250.5,2871.5,2199.5,809.5,1120.0,1173.0,1625.5,3015.0,3401.5,3732.0,3588.5,2874.5,2119.5,677.0,1018.0,1003.0,1649.0,2512.0,2796.0,3008.0,2994.5,2960.5,2338.5,817.0,1169.0,1280.5,1685.0,2690.5,2981.0,3271.0,3305.5,3415.0,2773.0,1041.0,1407.0,1665.5,1963.0,2639.5,2924.0,3207.0,3234.0,3545.0,2853.5,1079.5,1434.5,1780.0,2098.0,2585.5,2843.5,3025.0,3055.0,3338.5,2825.0,1045.0,1396.0,1731.5,1939.0,2594.0,2901.0,3091.0,3154.0,3146.5,2353.0,896.5,1195.0,1429.0,1789.5,2661.5,2994.5,3215.5,3233.0,3124.5,2474.0,990.0,1322.0,1556.5,1802.0,2663.5,3021.5,3079.5,3189.5,3254.0,2729.5,1027.0,1344.5,1607.5,1880.5,2467.0,2820.5,2888.0,2962.5,3189.5,2547.5,966.0,1295.0,1516.0,1769.5,2540.0,2867.5,2998.5,3074.0,3843.5,3715.0,959.5,1228.5,1583.5,1778.0,1856.0,2036.0,2234.0,2262.5,3340.5,2771.5,1033.0,1364.5,1676.0,1904.0,2660.0,3039.0,3102.5,3276.5,3506.5,2924.5,1008.5,1409.0,1769.0,1994.0,2530.0,2794.5,2901.0,2989.5,3256.5,2419.5,997.5,1316.0,1592.5,1795.0,2820.5,3263.0,3200.0,3359.5,2949.5,2348.5,907.0,1241.5,1443.5,1625.0,3112.0,3514.5,3689.5,3508.0,2941.0,2344.5,718.0,1058.0,1190.0,1557.5,2593.5,3083.0,3293.5,3369.5,3176.0,2675.0,929.0,1264.0,1549.0,1789.0,2408.5,2738.0,2848.0,2985.5,3154.0,2655.5,981.5,1302.0,1600.0,1841.0,2273.0,2554.0,2751.0,2741.5,2989.5,2348.5,982.0,1277.5,1534.5,1841.0,2423.5,2675.0,2881.0,2841.0,2764.5,2097.5,630.0,935.0,1077.5,1481.5,2427.0,2881.0,3061.0,3047.5,2855.0,2159.5,736.0,1037.5,1204.5,1572.0,2617.5,3081.5,3247.5,3196.5,3019.0,2765.0,797.5,1063.0,1328.5,1523.5,1575.5,1640.5,1873.5,1896.0,2862.0,2270.5,857.5,1178.5,1379.5,1572.0,2331.0,2604.0,2740.5,2873.0,2769.0,2339.0,646.0,1005.0,1131.0,1489.0,2043.0,2197.5,2364.5,2353.5,2664.0,2297.0,697.0,955.5,988.0,1318.5,2199.5,2539.5,2705.0,2651.0,2607.5,2211.5,774.0,1037.5,1053.5,1372.0,2188.5,2452.0,2581.0,2591.5,2645.5,2100.5,1834.0,2064.5,2070.0,2300.0,2601.0,2701.5,2742.0,2774.0,0.0,0.0,0.0,0.0,0.0,0.0,0.0,0.0,0.0,0.0,3167.5,2841.0,933.5,1265.5,1497.0,1764.5,1794.5,1884.0,2052.5,2113.0,3643.5,3349.5,1070.5,1375.5,1706.0,1978.5,2053.0,2193.5,2371.5,2354.5,3475.5,3209.0,1064.5,1382.0,1686.5,1877.0,2100.0,2166.0,2487.0,2352.5,3475.5,3209.0,1072.0,1382.0,1686.5,1877.0,2177.0,2290.0,2621.0,2478.5,3118.0,2543.5,945.5,1273.5,1396.5,1724.0,2260.5,2398.0,2626.5,2609.0,3364.0,2865.5,976.5,1336.0,1443.0,1886.5,2621.5,2883.0,3132.5,3053.5,3020.0,2518.0,977.0,1320.5,1420.0,1742.5,2797.0,3021.5,3378.0,3286.5,"{""type"":""MultiPoint"",""coordinates"":[]}"
4319,3,2533.0,1987.0,509.0,709.0,1009.0,1183.0,1298.0,1411.0,1607.0,1701.0,269.0,251.0,296.0,414.0,481.0,549.0,397.0,447.0,445.0,397.0,92.0,130.0,259.0,346.0,425.0,497.0,371.0,401.0,391.0,331.0,213.0,198.0,374.5,489.0,567.5,672.5,526.0,565.0,563.5,504.5,230.5,182.5,276.0,433.5,372.0,638.5,598.5,667.5,659.5,600.5,856.0,529.0,292.0,525.0,375.0,851.0,1364.0,1418.0,1517.0,1539.0,879.5,517.0,233.0,443.5,270.5,727.5,1509.0,1783.0,1798.0,1704.5,1164.0,605.5,202.0,384.0,249.5,675.5,1805.0,2296.5,2413.5,2446.0,1201.5,572.5,178.0,325.0,162.5,531.5,2036.5,2893.5,2985.5,3089.5,1083.0,497.0,110.0,259.0,117.0,462.0,2152.0,3234.0,3425.0,3413.0,1217.0,546.0,233.5,394.5,178.0,580.5,2529.5,3811.0,3954.0,3981.5,2987.0,2479.0,612.0,842.0,1161.0,1316.0,1438.0,1549.0,1817.0,1825.0,1196.5,534.5,254.0,476.0,223.5,739.0,2716.0,3899.5,4084.0,4153.5,1419.5,645.5,1010.0,1274.5,900.5,1615.0,3310.0,4202.0,4394.5,4444.5,1588.0,765.0,1996.0,2187.0,1796.5,2373.5,3564.5,4167.0,4343.5,4468.0,1542.0,792.0,980.5,1356.0,1159.0,2086.5,3429.5,3943.0,4163.0,4233.0,1834.0,1092.0,530.0,1096.0,1200.0,2167.0,3082.0,3449.0,3807.0,3856.0,4558.5,3115.5,1194.5,1704.0,2528.0,3009.5,3175.0,3497.0,3840.5,3963.0,4786.5,3311.5,1117.0,1625.5,2476.0,2910.0,3109.0,3415.0,3808.5,3904.5,252.0,230.0,487.0,609.0,833.0,975.0,862.0,953.0,941.0,860.0,196.5,192.0,105.0,199.0,325.5,409.0,312.5,365.0,383.0,343.0,0.0,0.0,0.0,0.0,0.0,0.0,0.0,0.0,0.0,0.0,0.0,0.0,0.0,0.0,0.0,0.0,0.0,0.0,0.0,0.0,51.0,78.0,101.0,144.0,155.0,227.0,52.0,54.0,69.0,11.0,2251.0,1665.0,621.0,724.0,909.0,1181.0,1292.0,1361.0,1404.0,1571.0,2428.0,1922.0,488.0,666.0,894.0,1118.0,1210.0,1331.0,1510.0,1558.0,3543.0,3027.0,2985.0,2879.0,2864.0,3130.0,3063.0,3005.0,3329.0,3051.0,2722.0,2243.0,574.0,725.0,964.0,1163.0,1240.0,1375.0,1598.0,1628.0,0.0,0.0,0.0,0.0,0.0,0.0,0.0,0.0,0.0,0.0,0.0,0.0,0.0,0.0,0.0,0.0,0.0,0.0,0.0,0.0,2861.0,2340.0,640.0,766.0,1082.0,1240.0,1309.0,1478.0,1711.0,1737.0,3343.5,2824.0,735.5,926.5,1267.0,1397.5,1494.5,1663.0,1929.0,1972.0,3319.0,2842.0,778.0,956.0,1275.0,1444.0,1490.0,1678.0,1942.0,1985.0,3592.0,3018.0,884.0,1076.0,1391.0,1562.0,1625.0,1789.0,2030.0,2080.0,3345.5,2923.0,821.5,1014.0,1325.5,1485.5,1537.0,1708.5,1918.5,1948.5,3354.0,3065.5,930.5,1118.5,1430.0,1605.0,1682.0,1804.0,2070.0,2025.5,"{""type"":""MultiPoint"",""coordinates"":[]}"
4328,69,2763.5,1947.5,610.5,778.0,1408.5,1690.0,1944.5,2195.5,2506.5,2588.5,2570.5,2012.5,496.5,759.5,760.5,1187.5,2035.5,2288.5,2470.0,2501.0,2519.0,1950.0,513.0,770.0,739.0,1189.0,2140.0,2418.0,2576.0,2615.0,2308.0,1579.0,393.5,734.5,536.5,1141.0,2854.0,3376.5,3534.0,3522.5,2309.0,1594.0,428.0,756.0,558.0,1230.0,3118.0,3612.0,3725.0,3843.0,2330.0,1512.0,436.0,766.0,516.0,1221.0,3280.0,3871.0,3994.0,4014.0,2315.0,1451.0,386.0,732.0,516.0,1182.0,3231.0,3865.0,3994.0,4014.0,2262.0,1439.0,396.0,732.0,532.0,1160.0,3145.0,3757.0,3995.0,3920.0,2288.0,1447.0,382.0,713.0,532.0,1189.0,3102.0,3710.0,3854.0,3919.0,2288.0,1466.0,382.0,713.0,606.0,1277.0,2821.0,3358.0,3558.0,3606.0,2604.0,1701.0,455.0,737.0,900.0,1518.0,2435.0,2933.0,3151.0,3390.0,2974.0,2159.0,655.0,866.0,1397.0,1710.0,1877.0,2128.0,2309.0,2496.0,2644.0,1775.5,409.5,695.0,941.5,1527.0,2375.5,2819.0,3054.0,3275.5,2736.0,1763.0,360.0,685.0,1000.0,1652.0,2415.0,2791.0,3050.0,3281.0,2862.0,1854.0,460.0,783.0,1127.0,1801.0,2478.0,2911.0,3116.0,3410.0,2890.5,1920.5,530.0,771.0,1152.5,1695.0,2252.5,2610.0,2910.5,3044.0,2909.0,1980.0,523.0,751.0,1162.0,1609.0,2160.0,2511.0,2832.0,2945.0,2863.0,1891.0,519.0,747.0,1170.0,1603.0,2131.0,2477.0,2754.0,2909.0,2878.5,1901.5,576.5,795.5,1212.0,1634.5,2176.0,2536.5,2808.0,2980.0,2954.5,2106.0,1049.5,1180.5,1485.0,1904.5,2361.5,2657.0,2875.0,2999.0,2804.0,2113.0,467.0,710.0,1085.0,1495.0,1956.0,2213.0,2523.0,2626.0,2899.0,2057.0,538.0,722.0,1135.0,1543.0,1922.0,2211.0,2523.0,2628.0,2696.0,2084.5,499.0,660.0,1101.5,1320.0,1457.0,1642.5,1904.0,1959.5,2928.0,2073.0,499.0,711.0,1125.5,1549.5,1901.0,2193.5,2414.5,2601.0,2966.0,2061.0,489.0,749.0,1141.0,1569.0,1891.0,2148.0,2425.0,2603.0,2885.5,2224.0,693.5,821.5,1109.0,1338.5,1515.5,1697.0,1961.5,2037.5,3078.5,2461.5,632.5,739.5,1100.5,1304.0,1455.5,1659.0,1873.5,1993.5,3077.0,2433.0,563.0,704.5,1091.0,1321.5,1444.0,1655.0,1855.0,1982.0,0.0,0.0,0.0,0.0,0.0,0.0,0.0,0.0,0.0,0.0,3007.5,2357.5,609.5,775.0,1171.0,1379.0,1486.0,1689.5,1903.0,1976.0,3123.5,2472.0,629.5,812.5,1201.5,1395.0,1510.5,1728.0,1950.5,2005.0,3156.0,2478.0,654.0,848.0,1243.0,1419.0,1539.0,1728.0,2014.0,2056.0,3164.0,2548.0,654.0,848.0,1231.0,1388.0,1522.0,1702.0,2014.0,1994.0,3003.0,2649.0,623.0,729.0,997.0,1118.0,1261.0,1376.0,1575.0,1634.0,3008.0,2649.0,635.0,793.0,997.0,1224.0,1338.0,1462.0,1683.0,1701.0,3008.0,2617.0,641.0,828.0,990.0,1224.0,1459.0,1619.0,1824.0,1860.0,"{""type"":""MultiPoint"",""coordinates"":[]}"
4482,123,2322.0,2126.5,990.5,1234.5,1343.0,1591.0,1803.5,1927.0,1906.0,1979.5,4884.0,4414.5,3995.0,4071.0,4198.5,4534.0,4515.0,4612.5,4675.5,4699.5,3072.0,2977.0,1156.0,1444.0,1812.0,2040.0,2070.0,2155.0,2184.0,2223.0,3072.0,2926.0,1132.0,1468.0,1836.0,2026.0,2070.0,2219.0,2189.0,2267.0,3098.0,2926.0,1225.0,1518.0,1889.0,2110.0,2090.0,2259.0,2192.0,2310.0,3204.0,3000.0,1225.0,1518.0,1889.0,2110.0,2119.0,2259.0,2252.0,2319.0,3186.0,3008.0,1269.0,1568.0,1913.0,2204.0,2161.0,2277.0,2253.0,2451.0,3186.0,3008.0,1228.0,1584.0,1865.0,2132.0,2143.0,2277.0,2174.0,2349.0,3188.0,3049.0,1197.0,1562.0,1915.0,2132.0,2148.0,2333.0,2174.0,2349.0,3215.0,3113.0,1232.0,1541.0,1900.0,2197.0,2250.0,2341.0,2194.0,2444.0,3098.0,2984.0,1185.0,1534.0,1829.0,2139.0,2197.0,2275.0,2194.0,2362.0,2496.0,2277.0,1022.0,1289.0,1443.0,1635.0,1849.0,2026.0,1990.0,2045.0,3098.0,2984.0,1185.0,1545.0,1829.0,2139.0,2143.0,2153.0,2146.0,2362.0,2998.0,2756.0,1164.0,1465.0,1833.0,2071.5,2101.0,2153.0,2099.0,2347.5,3061.0,2894.0,1186.0,1461.0,1829.0,2106.0,2178.0,2227.0,2149.0,2392.0,3046.0,2754.0,1200.0,1484.0,1869.0,2078.0,2045.0,2255.0,2174.0,2324.0,2966.0,2754.0,1135.0,1428.0,1773.0,1998.0,2045.0,2238.0,2155.0,2271.0,2857.0,2673.5,1092.0,1405.5,1719.0,1961.0,2003.5,2099.0,2112.0,2204.0,2944.0,2743.0,1132.0,1433.0,1786.0,2001.0,2054.0,2161.0,2150.0,2282.0,2995.0,2624.0,1722.0,1727.0,1859.0,2094.0,2229.0,2365.0,2463.0,2441.0,2797.0,2542.0,1129.0,1448.0,1859.0,2090.0,2206.0,2246.0,2272.0,2379.0,2857.0,2659.0,1129.0,1448.0,1837.0,2031.0,2154.0,2246.0,2151.0,2300.0,1611.5,1455.5,696.0,832.0,976.5,1079.0,1203.0,1287.0,1312.5,1348.5,2841.5,2517.0,987.0,1323.5,1593.5,1953.0,2073.5,2215.0,2223.0,2339.0,2175.0,1854.0,943.0,1226.0,1357.0,1646.0,2109.0,2218.0,2156.0,2311.0,2240.5,1733.5,835.5,1116.5,1136.5,1513.5,2239.5,2381.0,2418.5,2558.5,2264.0,1788.0,913.0,1165.0,1234.0,1533.0,2136.0,2271.0,2322.0,2507.0,1447.0,1100.0,842.0,953.0,963.0,1193.0,1528.0,1647.0,1671.0,1787.0,0.0,0.0,0.0,0.0,0.0,0.0,0.0,0.0,0.0,0.0,2152.0,1812.0,909.0,1174.0,1279.0,1592.0,2045.0,2141.0,2044.5,2182.5,2123.0,1762.5,928.5,1165.5,1256.5,1567.0,2145.0,2261.0,2185.0,2401.0,2099.0,1745.5,934.5,1190.5,1325.5,1539.5,2126.0,2288.0,2246.5,2392.0,0.0,0.0,0.0,0.0,0.0,0.0,0.0,0.0,0.0,0.0,1970.0,1630.0,904.0,1170.0,1254.0,1433.0,2017.0,2138.0,2118.0,2341.0,2267.0,1929.0,981.0,1277.0,1413.0,1635.0,2017.0,2138.0,2118.0,2330.0,2874.0,2637.5,1078.5,1375.5,1676.5,1855.5,1896.5,2007.5,2060.5,2149.5,"{""type"":""MultiPoint"",""coordinates"":[]}"
4503,36,2955.5,1980.5,665.5,1008.5,1180.0,1769.0,2631.0,2943.5,3256.0,3262.0,2649.0,1488.0,544.0,839.0,822.0,1368.0,3309.0,3829.0,4181.0,4050.0,2546.0,1452.0,539.0,811.5,810.5,1310.0,3212.0,3771.5,4101.5,4034.5,1970.5,1020.5,472.5,687.0,578.5,1111.5,3255.0,3903.5,4092.0,4100.0,1866.5,875.0,388.0,638.0,408.5,1047.5,3948.0,4807.0,5074.5,5031.5,1781.0,818.0,385.0,667.0,444.0,1137.0,4190.0,5057.0,5325.0,5355.0,1785.0,853.0,471.0,700.0,496.0,1146.0,3783.0,4682.0,4882.0,4921.0,1808.5,903.0,527.0,759.0,598.0,1257.0,3381.5,3971.0,4120.5,4231.5,1965.0,1066.5,598.5,834.0,665.0,1271.5,3126.0,3635.0,3653.0,3857.5,1921.0,1038.0,574.0,797.0,667.0,1284.0,3004.0,3371.0,3277.0,3618.0,2021.0,1106.0,546.0,781.5,704.0,1296.5,2664.0,3093.5,3094.5,3349.5,2516.0,1577.0,500.0,833.0,897.0,1426.0,2492.0,2731.0,3009.0,2908.0,3610.0,2473.0,824.0,1151.0,1556.0,2035.0,2288.0,2536.0,2622.0,2925.0,4326.0,3221.0,1213.5,1613.5,2279.0,2661.5,2877.5,3108.0,3253.5,3472.0,3429.0,2477.0,975.5,1314.5,1728.5,2136.0,2670.5,2912.5,2927.5,3170.0,3148.0,2163.0,725.0,1043.0,1246.0,1722.0,2915.0,3289.0,3460.0,3494.0,2357.0,1424.5,574.5,805.0,779.5,1279.0,2925.5,3380.0,3292.5,3534.0,2996.5,1961.0,788.0,1055.0,1187.5,1734.0,2749.5,3125.5,3158.5,3457.5,3440.5,2675.0,917.5,1239.0,1690.5,2061.0,2263.0,2452.0,2552.5,2726.0,0.0,0.0,0.0,0.0,0.0,0.0,0.0,0.0,0.0,0.0,1711.5,1098.5,296.0,550.0,525.0,913.0,2101.5,2354.0,2527.5,2490.0,2410.5,1421.0,481.5,787.0,688.0,1241.0,3134.0,3544.5,3731.0,3763.0,1941.0,923.0,243.5,673.5,296.0,1124.5,3831.0,4252.0,4457.5,4390.0,2599.0,1713.0,623.0,986.0,1254.0,1674.0,2322.0,2486.0,2650.0,2782.0,2424.0,1578.0,461.0,768.0,735.0,1259.0,2477.0,2714.0,2876.0,2885.0,2202.0,1159.0,258.0,594.0,365.0,958.0,3373.0,3862.0,4029.0,3950.0,1974.0,957.5,210.5,543.0,303.5,928.5,3486.5,4050.5,4199.5,4172.0,1901.5,894.0,242.5,570.5,294.5,977.0,3623.5,4123.5,4363.0,4272.0,2004.0,976.0,280.0,674.0,365.0,1104.0,3719.0,4203.0,4340.0,4378.0,2082.0,932.0,264.0,642.0,239.0,1009.0,4262.0,4949.0,5262.0,5068.0,1898.0,788.0,211.0,536.0,227.0,884.0,4233.0,5025.0,5345.0,5165.0,1856.5,774.5,278.5,565.5,261.5,907.5,4148.5,4977.5,5364.0,5171.5,3231.0,2286.0,734.0,1003.0,1086.0,1662.0,2547.0,2942.0,3316.0,3339.0,2365.5,1311.0,456.5,816.5,664.5,1312.0,3410.0,3870.0,4167.0,4097.5,1984.0,909.0,421.0,713.0,391.0,1030.0,3911.0,4617.0,4801.0,4796.0,0.0,0.0,0.0,0.0,0.0,0.0,0.0,0.0,0.0,0.0,"{""type"":""MultiPoint"",""coordinates"":[]}"
4546,33,2204.5,1728.5,1022.0,1162.0,1223.5,1382.0,1437.5,1507.5,1608.0,1603.5,2436.0,2091.5,1009.0,1261.0,1308.0,1562.0,2117.0,2259.0,2335.0,2346.5,2436.0,2080.0,1030.5,1261.5,1275.0,1577.5,2617.5,2929.5,3088.0,2999.5,2261.0,1654.5,776.0,1021.5,945.5,1309.5,2617.5,2992.5,3115.5,3076.0,2082.5,1536.0,748.5,979.5,898.0,1232.5,2593.0,2964.0,3093.5,3061.0,2125.0,1536.0,760.0,1008.0,921.0,1312.0,2596.5,2959.0,3058.0,3044.0,2320.0,1643.0,807.5,1199.5,1280.0,1725.5,2617.0,2846.5,2961.0,2993.0,2445.0,1748.5,825.5,1199.5,1350.0,1783.0,2533.5,2762.0,2924.5,2927.5,2838.5,2110.5,923.0,1303.5,1749.0,2130.0,2371.5,2546.0,2695.5,2812.0,2935.0,2212.0,949.0,1297.5,1803.0,2132.5,2273.5,2464.0,2611.0,2731.0,3011.0,2274.0,958.0,1264.0,1823.0,2092.0,2176.0,2366.5,2473.0,2611.0,2254.5,1846.5,1119.0,1211.0,1281.0,1456.0,1462.0,1531.5,1614.5,1641.0,3025.0,2276.0,959.5,1266.0,1821.5,2102.5,2191.5,2375.5,2466.0,2608.5,3304.0,2929.5,1443.0,1736.5,2075.0,2252.0,2243.5,2405.5,2460.0,2643.0,3540.5,3016.5,1680.5,2019.5,2396.0,2608.0,2629.0,2752.0,2744.5,2818.0,3230.0,2966.0,1493.5,1679.5,1932.0,2070.5,2096.0,2208.5,2294.0,2335.5,3321.0,3226.5,1493.5,1721.0,1962.0,2125.0,2149.0,2229.5,2310.0,2367.0,3260.0,3127.0,1528.5,1754.0,1981.0,2149.5,2151.0,2271.5,2310.5,2369.0,3259.0,3127.0,1534.0,1758.5,1988.5,2141.5,2160.0,2273.5,2341.5,2376.5,3142.5,2914.0,1676.5,1875.5,2068.0,2202.0,2235.0,2321.5,2407.5,2406.0,2643.0,2490.0,1115.5,1312.5,1490.5,1611.5,1609.5,1690.5,1734.5,1787.0,2166.5,1962.0,915.5,1019.0,1154.0,1306.5,1293.5,1345.5,1403.0,1473.5,2085.5,1848.5,781.5,941.5,1093.0,1191.5,1219.5,1294.5,1415.5,1404.5,2116.0,1891.5,812.0,942.0,1065.0,1198.5,1204.5,1275.5,1279.5,1392.5,1833.0,1703.5,526.0,679.5,803.0,893.5,887.5,969.5,1017.5,1058.0,2053.5,1994.0,762.0,859.0,955.0,1044.0,1060.5,1135.0,1206.0,1260.5,2114.0,2091.0,735.0,823.0,943.0,1024.5,1061.0,1142.5,1198.0,1255.0,2034.0,1839.0,655.0,817.5,948.0,1046.5,1080.0,1140.5,1197.5,1266.5,0.0,0.0,0.0,0.0,0.0,0.0,0.0,0.0,0.0,0.0,2932.5,2746.5,1156.0,1376.0,1569.0,1701.5,1718.0,1820.0,1920.0,1943.5,3340.5,3182.5,1367.5,1597.5,1822.0,1948.0,1988.0,2095.0,2214.0,2227.5,2292.0,2189.0,930.0,1089.5,1240.0,1301.0,1336.0,1411.0,1563.0,1511.0,2162.5,2050.0,874.5,1007.5,1139.5,1207.5,1244.0,1313.0,1421.0,1400.0,2152.5,2040.0,865.0,982.0,1111.0,1188.5,1234.0,1309.5,1378.0,1393.0,2313.5,2171.0,956.5,1128.0,1267.0,1370.0,1410.5,1495.0,1565.0,1620.5,2449.5,2251.0,1070.5,1240.0,1362.0,1496.5,1593.0,1687.5,1762.5,1757.0,"{""type"":""MultiPoint"",""coordinates"":[]}"
4555,69,2798.5,1938.0,540.0,786.0,1458.5,1768.0,2009.0,2272.0,2607.5,2707.0,3288.5,2763.0,721.5,998.5,1238.5,1566.5,2004.0,2213.0,2382.0,2491.5,3166.5,2633.0,651.5,929.0,1110.0,1473.0,2074.0,2338.5,2516.0,2608.0,3141.5,2426.5,627.5,953.5,1063.5,1516.0,2525.5,2839.0,2967.0,3136.5,2929.5,2154.0,572.5,930.5,911.5,1478.0,2894.5,3393.0,3464.5,3592.5,2856.5,2032.0,526.0,859.0,845.0,1402.5,3021.5,3616.0,3783.0,3876.5,2804.5,1986.0,505.0,847.5,813.5,1387.0,3124.5,3837.0,3956.5,4058.5,2741.5,1886.5,499.5,833.5,801.5,1356.0,3124.5,3873.5,4056.5,4106.0,2709.5,1849.0,454.0,786.5,734.0,1302.0,3076.0,3924.5,4055.0,4187.0,2682.5,1840.0,465.5,788.0,750.0,1295.5,3064.5,3891.5,4010.0,4173.0,2634.0,1808.0,506.5,810.5,776.5,1314.5,3006.5,3773.5,3849.0,4053.0,3135.5,2324.0,654.5,909.5,1458.5,1755.0,1945.0,2189.5,2496.5,2571.5,2626.5,1777.0,566.0,850.0,824.5,1340.5,3002.0,3759.5,3850.5,4079.5,2508.0,1631.5,485.0,779.5,732.5,1269.5,2994.5,3752.0,3832.0,4042.0,2469.5,1566.5,569.5,825.5,765.5,1318.0,2950.0,3731.5,3775.5,3998.5,2305.5,1459.5,586.5,821.0,747.5,1278.5,2938.0,3591.0,3765.0,3937.5,2153.5,1322.5,468.5,725.5,660.0,1163.5,2776.0,3475.5,3675.5,3782.0,2011.5,1218.0,447.0,701.5,634.0,1140.0,2632.5,3322.0,3447.5,3633.5,1929.5,1185.0,452.5,697.0,631.0,1127.5,2524.0,3172.5,3391.0,3498.5,1668.0,921.5,792.5,950.0,822.0,1231.0,2413.5,2926.0,3087.5,3203.0,1486.0,760.5,245.5,475.5,380.5,911.0,2203.5,2744.0,2918.0,3017.0,1472.5,717.5,196.5,441.0,349.0,945.5,2255.5,2807.0,2986.5,3221.0,2230.0,1642.0,473.0,646.0,1042.5,1211.5,1354.0,1506.0,1733.5,1758.0,1437.5,684.0,182.5,406.0,328.0,899.0,2184.0,2715.5,2883.5,3132.0,1484.0,787.0,240.5,422.0,364.5,845.0,1833.5,2152.5,2385.5,2628.5,1717.5,1051.0,335.5,490.0,497.5,942.0,1618.0,1954.0,2184.0,2309.0,1717.5,1051.0,335.5,490.0,497.5,942.0,1618.0,1954.0,2184.0,2309.0,1755.5,1069.0,141.0,442.5,563.5,1171.5,1703.0,1922.5,2158.5,2328.0,0.0,0.0,0.0,0.0,0.0,0.0,0.0,0.0,0.0,0.0,3545.0,2910.5,697.0,944.0,1391.5,1662.0,1802.5,2004.0,2212.0,2357.5,3744.5,3086.5,813.0,1032.5,1453.5,1711.5,1873.5,2066.0,2317.5,2437.5,3666.5,2912.5,766.5,1026.0,1463.5,1703.0,1898.0,2056.5,2378.5,2459.5,3338.5,2908.0,625.0,781.0,1164.0,1320.5,1434.5,1642.0,1888.0,1910.0,3932.5,3389.0,825.0,1084.0,1512.0,1746.0,1861.5,2052.5,2275.5,2401.0,3773.0,3293.0,846.0,1109.0,1504.5,1730.0,1805.5,2023.0,2207.5,2306.5,3678.0,3162.0,836.0,1130.5,1515.5,1757.0,1892.5,2070.5,2281.5,2360.5,"{""type"":""MultiPoint"",""coordinates"":[]}"
4599,75,1698.5,1203.5,1799.0,1793.5,1805.5,1923.5,2024.5,2127.0,2133.0,2205.0,2969.0,2056.0,780.5,1107.5,1286.0,1583.5,2759.5,3125.0,3308.5,3375.5,3264.0,2193.5,759.5,1088.0,1313.5,1691.0,2872.0,3317.0,3478.5,3670.0,3135.0,2248.0,768.0,1080.0,1317.0,1715.0,2767.0,3274.0,3403.0,3560.0,3267.5,2227.5,826.0,1160.0,1452.5,1775.5,2894.5,3289.0,3468.0,3658.5,3366.0,2292.0,852.0,1194.5,1491.5,1892.0,2904.0,3360.0,3489.5,3763.0,3440.0,2385.5,882.5,1219.5,1580.0,1984.5,2923.5,3380.5,3566.5,3763.0,3461.0,2381.5,897.0,1240.0,1605.0,1965.5,2883.0,3317.0,3453.0,3678.5,3485.5,2468.0,915.0,1283.0,1670.0,2063.5,2907.5,3410.0,3500.0,3764.0,3581.0,2475.0,885.0,1248.0,1658.0,2007.0,2851.0,3303.0,3549.0,3658.0,3552.0,2490.5,924.5,1278.5,1659.0,2077.0,2875.5,3281.5,3471.5,3685.5,2889.0,2224.0,613.0,897.0,1287.0,1406.0,1839.0,1904.0,2287.0,2212.0,3591.5,2533.5,1016.5,1361.5,1770.5,2203.5,2917.0,3369.0,3535.0,3752.5,3465.0,2382.5,1683.0,1883.5,2051.0,2391.5,3006.0,3341.5,3514.0,3614.5,3287.0,2230.0,1370.0,1556.0,1719.0,2052.0,2701.0,3031.0,3137.0,3401.0,3504.5,2395.5,1001.5,1282.5,1668.5,2078.5,2844.5,3287.5,3488.5,3721.0,3217.0,2207.5,797.0,1135.0,1521.0,1966.0,2635.5,2999.0,3241.0,3447.0,3170.5,2113.0,690.0,992.5,1392.5,1802.0,2426.5,2804.0,2955.5,3208.0,3213.5,2103.5,712.5,1033.5,1477.5,1893.0,2481.0,2892.5,3039.5,3299.5,3039.0,2038.0,772.0,1048.0,1457.0,1811.0,2420.0,2731.0,2960.0,3113.0,2994.5,2078.5,755.5,1068.0,1463.0,1789.5,2350.5,2695.5,2930.5,3127.0,2246.0,1668.0,3379.0,3202.0,2944.0,3255.0,3414.0,3618.0,3652.0,3762.0,0.0,0.0,0.0,0.0,0.0,0.0,0.0,0.0,0.0,0.0,0.0,0.0,0.0,0.0,0.0,0.0,0.0,0.0,0.0,0.0,4892.0,4431.0,5797.0,5477.0,5130.0,5485.0,5544.0,5590.0,5580.0,5454.0,2397.0,1848.0,572.0,801.0,965.0,1242.0,1660.0,1769.0,2059.0,2044.0,0.0,0.0,0.0,0.0,0.0,0.0,0.0,0.0,0.0,0.0,2499.0,1935.0,560.0,757.0,952.0,1172.0,1785.0,1881.0,1972.0,2113.0,0.0,0.0,0.0,0.0,0.0,0.0,0.0,0.0,0.0,0.0,0.0,0.0,0.0,0.0,0.0,0.0,0.0,0.0,0.0,0.0,2620.0,1927.0,595.0,795.0,1062.0,1308.0,1634.0,1746.0,2076.0,2074.0,3172.0,2419.0,819.0,1117.0,1459.0,1688.0,2066.0,2173.0,2511.0,2502.0,3515.0,2827.0,929.0,1216.0,1607.0,1789.0,2203.0,2499.0,2716.0,2886.0,1641.0,1154.5,1350.5,1410.0,1417.5,1616.5,2077.5,2195.5,2281.5,2263.0,3026.0,2341.5,909.5,1183.0,1434.0,1729.5,2320.5,2556.0,2722.5,2840.5,0.0,0.0,0.0,0.0,0.0,0.0,0.0,0.0,0.0,0.0,"{""type"":""MultiPoint"",""coordinates"":[]}"
4721,36,2248.5,1833.0,684.5,1002.5,1422.0,1648.5,1937.5,2038.5,2185.0,2123.0,2437.0,1684.0,650.0,998.0,1201.0,1542.0,2843.0,3193.0,3389.0,3284.0,2089.0,1120.0,430.0,744.5,563.0,1149.5,3778.0,4508.5,4757.5,4599.5,2157.0,1009.5,417.5,701.0,418.5,1065.0,4536.5,5714.0,5851.5,5809.0,2974.0,2222.0,799.0,1166.0,1317.0,1854.0,3170.0,3529.0,3676.0,3668.5,2326.0,1117.0,407.0,747.0,420.0,1151.0,4788.0,5837.0,5950.0,5909.0,2198.0,1020.0,449.0,708.0,401.0,1052.0,4560.0,5873.0,5956.0,6016.0,3322.0,2653.0,900.0,1256.0,1540.0,2081.0,2621.0,2857.0,2912.0,3122.0,2533.5,1444.0,710.5,1012.5,831.0,1483.0,3830.0,4475.5,4329.0,4612.0,1797.0,897.0,514.0,748.0,544.0,1091.0,3431.0,4213.0,3917.0,4302.0,1991.0,966.5,558.0,919.0,604.0,1415.5,3921.0,4657.5,4474.5,4838.5,2187.0,1588.0,614.0,930.0,1330.0,1593.0,1975.0,2113.0,2324.0,2195.0,1929.0,927.0,484.0,789.0,557.0,1304.0,3725.0,4386.0,4301.0,4631.0,3619.0,2710.0,965.0,1316.5,1720.0,2236.0,2699.0,2981.5,3082.0,3291.5,2621.0,1735.5,718.5,1009.0,1166.0,1612.5,2648.5,3041.0,2946.0,3240.0,2191.0,1234.0,394.0,674.0,505.0,1100.0,3364.0,3980.0,4050.0,4126.0,2093.0,1003.5,460.5,703.0,482.5,1137.0,3833.5,4643.0,4504.5,4816.0,2782.5,1802.0,641.0,921.5,968.5,1552.5,2888.5,3399.5,3400.5,3658.0,2516.5,1632.0,580.5,894.5,946.5,1474.5,2537.5,2833.0,2844.0,2987.5,0.0,0.0,0.0,0.0,0.0,0.0,0.0,0.0,0.0,0.0,2195.0,1118.0,355.0,649.0,385.0,1009.0,4030.0,4829.0,5222.0,4942.0,3384.0,2319.0,666.0,999.0,1080.0,1754.0,2779.0,3152.0,3362.0,3484.0,2079.5,1457.5,495.0,874.0,1048.5,1498.0,2300.0,2435.0,2561.0,2542.5,2793.0,1796.0,546.0,879.0,986.0,1529.0,2876.0,3285.0,3433.0,3530.0,2385.0,1611.0,483.0,751.0,809.0,1266.0,2471.0,2853.0,2963.0,2998.0,1743.0,911.0,269.0,551.5,347.5,883.0,3066.0,3529.0,3709.0,3583.5,2131.0,1012.0,223.0,532.0,283.0,912.0,3996.0,4706.0,4926.0,4795.0,1992.5,991.5,244.0,538.0,295.5,926.5,3729.0,4424.5,4743.0,4580.5,2071.0,1098.0,239.0,612.0,387.0,1107.0,3498.0,4026.0,4258.0,4267.0,2282.0,1520.0,484.0,827.0,789.0,1361.0,2977.0,3250.0,3424.0,3324.0,2001.0,1133.0,311.0,654.0,521.0,1132.0,3415.0,3995.0,4103.0,3973.0,1982.0,1088.0,359.5,638.0,506.0,1025.0,3425.5,4038.5,4311.5,4174.0,1976.0,1052.0,363.0,587.0,464.0,939.0,3343.0,4108.0,4404.0,4237.0,2071.0,1178.0,415.5,662.5,574.0,1049.5,3257.0,3983.0,4222.5,4110.0,2685.5,1902.0,721.5,1023.0,1156.0,1647.5,3027.0,3463.0,3693.5,3630.0,3264.0,2724.0,996.0,1395.0,1846.0,2203.0,2811.0,2998.0,3187.0,3166.0,"{""type"":""MultiPoint"",""coordinates"":[]}"
4781,176,0.0,0.0,0.0,0.0,0.0,0.0,0.0,0.0,0.0,0.0,2909.5,1743.5,543.0,883.0,1116.5,1854.5,2680.5,3016.5,3422.0,3495.5,3864.0,2498.0,719.0,1071.5,1691.0,2193.0,2634.0,2957.5,3334.0,3477.0,4184.0,2893.0,830.0,1196.0,1907.0,2301.0,2566.0,2858.0,3185.0,3357.0,4398.5,3106.0,927.5,1339.5,2100.0,2481.0,2743.5,3012.5,3348.5,3501.5,4484.0,3206.0,989.0,1397.0,2175.0,2552.0,2780.0,3047.0,3350.0,3497.0,4545.5,3194.0,1014.0,1454.5,2258.0,2660.5,2879.0,3140.5,3468.5,3620.5,4605.5,3231.0,1006.0,1495.5,2291.0,2722.5,2924.0,3190.5,3446.5,3666.5,4604.0,3224.0,1027.0,1496.0,2339.5,2750.0,2955.0,3227.5,3498.5,3713.0,4598.0,3158.0,1019.0,1514.0,2366.0,2760.0,3026.0,3257.0,3559.0,3703.0,4599.0,3255.0,1066.0,1527.0,2384.0,2785.0,2983.0,3227.0,3537.0,3745.0,2602.0,1829.0,322.0,634.0,682.0,1199.0,2088.0,2268.0,2572.0,2505.0,4566.0,3217.0,1055.0,1555.0,2401.0,2764.0,3020.0,3282.0,3561.0,3685.0,4591.5,3139.0,1663.5,1956.5,2488.5,2871.5,3194.5,3464.5,3763.5,3893.0,4462.0,3034.0,1056.0,1457.0,2108.0,2564.0,2877.0,3241.0,3438.0,3644.0,4434.5,3022.5,1187.0,1574.5,2284.0,2673.0,2982.0,3279.5,3621.0,3732.5,4373.5,2976.0,959.5,1449.5,2298.0,2667.0,2892.5,3166.0,3526.5,3614.0,4093.0,2703.0,694.5,1095.5,1838.5,2237.0,2475.5,2780.0,3137.5,3298.5,4105.5,2693.5,736.0,1106.5,1844.5,2237.5,2520.0,2820.0,3150.5,3341.5,4106.0,2745.0,719.0,1096.0,1843.0,2214.0,2438.0,2750.0,3085.0,3197.0,4029.5,2758.5,803.5,1180.0,1868.0,2178.0,2427.5,2712.0,3087.0,3176.5,2737.0,1764.0,626.0,920.0,1384.0,1699.0,1980.0,2175.0,2389.0,2594.0,0.0,0.0,0.0,0.0,0.0,0.0,0.0,0.0,0.0,0.0,1904.0,1169.0,285.0,561.0,572.0,1100.0,1711.0,1851.0,2016.0,2059.0,0.0,0.0,0.0,0.0,0.0,0.0,0.0,0.0,0.0,0.0,1591.5,831.0,519.0,839.0,482.0,1271.5,3141.0,3426.5,3522.5,3503.5,1591.0,721.0,263.0,646.0,311.0,1374.0,3794.0,4239.0,4270.0,4406.0,1911.0,972.0,355.0,819.5,409.5,1511.5,4238.5,4678.5,4874.5,4876.0,0.0,0.0,0.0,0.0,0.0,0.0,0.0,0.0,0.0,0.0,0.0,0.0,0.0,0.0,0.0,0.0,0.0,0.0,0.0,0.0,6190.0,5874.0,6374.0,6223.0,6226.0,6641.0,6790.0,6693.0,6907.0,6664.0,2014.5,1150.5,305.5,672.5,529.0,1399.5,3055.5,3360.5,3573.5,3526.0,1934.0,1052.0,341.0,641.0,514.0,1408.0,3147.0,3529.0,3775.0,3766.0,1376.5,779.5,439.0,686.5,560.0,1264.0,2906.0,3300.0,3454.5,3432.0,1510.0,739.0,275.0,613.0,432.0,1321.0,3617.0,4110.0,4547.0,4417.0,0.0,0.0,0.0,0.0,0.0,0.0,0.0,0.0,0.0,0.0,"{""type"":""MultiPoint"",""coordinates"":[]}"
4802,176,2593.5,1991.5,850.0,1091.0,1075.0,1527.5,2226.0,2430.0,2561.5,2573.5,3584.5,2583.5,1096.5,1412.5,1957.5,2420.5,2664.0,2962.5,3149.5,3311.5,3643.5,2561.5,812.5,1175.0,1862.5,2221.5,2374.0,2611.5,2978.0,3052.0,3718.5,2568.0,812.5,1188.0,1929.0,2273.5,2420.5,2659.0,2975.0,3114.0,4098.0,3585.5,1147.5,1511.5,2050.0,2370.0,2459.5,2733.5,2980.0,3034.0,4203.0,3731.0,1197.5,1596.0,2248.5,2535.0,2615.5,2827.5,3020.0,3098.0,4277.5,3769.5,1237.0,1662.0,2349.0,2644.5,2709.5,2870.5,3058.0,3153.0,4297.5,3793.0,1276.5,1749.5,2417.5,2701.0,2778.0,2966.0,3158.5,3237.0,4348.5,3828.0,1299.0,1755.5,2448.5,2770.0,2823.5,2988.5,3138.0,3259.5,4358.5,3821.0,1282.0,1758.5,2469.0,2824.0,2845.0,3023.0,3145.0,3277.0,4346.5,3801.5,1255.5,1740.5,2415.0,2743.5,2780.0,3004.5,3081.5,3225.5,2841.0,2137.0,973.5,1203.5,1080.5,1571.5,2479.5,2681.0,2823.5,2803.5,4322.0,3809.0,1261.5,1740.5,2436.5,2777.5,2772.5,3004.0,3081.5,3234.0,4202.5,3624.0,1200.0,1682.5,2351.5,2658.0,2736.5,2918.5,3027.0,3162.0,4288.5,3626.5,1247.0,1681.5,2357.5,2696.5,2771.0,2933.0,3047.0,3256.0,4236.0,3611.5,1236.5,1671.5,2383.5,2712.0,2748.0,2940.5,3098.5,3171.5,4073.0,3583.5,1167.5,1606.5,2294.5,2595.0,2659.5,2865.0,3056.5,3109.0,4023.5,3452.0,1125.5,1582.5,2234.0,2562.5,2596.0,2824.0,2964.0,3030.0,3931.0,3425.5,1127.5,1537.5,2158.0,2469.5,2552.5,2756.5,2880.5,2979.5,3751.0,3190.0,1074.5,1516.0,2153.0,2469.5,2552.5,2756.0,2870.5,2979.5,3984.0,3392.5,928.5,1379.5,2028.0,2346.5,2437.5,2684.0,2864.5,3013.0,3818.0,3259.5,1038.0,1395.5,1942.0,2297.5,2436.5,2669.5,2835.5,2988.0,2464.5,1744.0,517.5,796.0,793.5,1354.5,2242.5,2479.5,2686.0,2688.5,3540.5,2830.5,1070.0,1375.0,1473.0,1976.5,2339.5,2580.0,2688.5,2880.5,2848.0,2207.5,1047.0,1266.5,1309.5,1748.5,2384.0,2571.5,2744.5,2767.0,2966.5,2271.5,717.5,979.0,1009.5,1524.5,2330.5,2627.5,2775.0,2869.0,2987.0,2291.5,711.0,975.0,1015.5,1516.5,2320.5,2615.0,2758.0,2853.0,2178.5,1543.0,2330.0,2257.5,2162.0,2415.0,2617.0,2664.5,2807.0,2745.0,0.0,0.0,0.0,0.0,0.0,0.0,0.0,0.0,0.0,0.0,2096.0,1279.5,553.0,827.5,675.5,1348.0,2541.0,2877.0,2998.0,3078.5,2069.0,1259.0,445.0,735.0,573.0,1283.5,2618.0,2972.0,3133.0,3211.0,2040.5,1249.0,316.5,648.5,509.0,1256.0,2647.0,3009.0,3220.0,3285.0,0.0,0.0,0.0,0.0,0.0,0.0,0.0,0.0,0.0,0.0,1895.0,1302.0,392.5,625.0,574.5,1091.5,2134.0,2480.5,2638.0,2754.0,2114.0,1416.0,419.0,673.0,703.5,1244.0,2105.0,2449.5,2631.5,2752.5,2789.5,1905.5,530.0,814.0,1045.5,1570.0,2130.5,2392.0,2657.5,2766.5,"{""type"":""MultiPoint"",""coordinates"":[]}"
4899,3,83.0,88.0,550.0,742.0,750.0,822.0,527.0,557.0,531.0,397.0,1741.5,1570.5,578.0,711.0,928.0,1011.5,1054.5,1125.0,1228.5,1249.0,1790.0,1636.0,750.0,837.0,1073.0,1150.0,1152.0,1193.0,1319.0,1306.0,153.0,132.0,452.0,561.0,586.0,674.0,522.0,555.0,533.0,420.0,149.0,99.5,371.0,536.0,548.0,714.5,622.0,698.5,688.0,638.5,265.0,178.0,404.0,625.0,561.0,892.0,839.0,957.0,886.0,805.0,714.5,420.0,331.5,561.0,370.0,793.0,1373.0,1539.5,1533.5,1428.0,1330.0,651.5,258.5,518.0,240.0,790.0,2607.5,3267.5,3235.0,3183.0,1281.0,582.0,194.5,343.5,168.5,507.0,2410.0,3790.0,3757.0,3845.0,1098.0,487.0,118.0,258.0,121.0,377.0,2244.0,3872.0,4024.0,4097.0,1177.0,519.0,214.0,332.5,176.0,458.5,2357.0,4097.5,4190.0,4303.5,122.0,103.5,743.0,936.0,995.0,1040.5,727.0,737.0,685.5,503.0,1208.0,531.0,206.0,345.0,160.0,495.0,2531.0,4367.0,4610.0,4605.0,1719.0,789.0,1837.0,2025.0,1520.5,2126.5,3772.5,4801.0,4957.0,5007.5,2042.0,989.5,1103.5,1412.0,961.5,1907.5,4079.5,5202.0,5308.5,5485.0,2250.0,1194.0,1036.5,1467.0,1120.5,2201.0,4235.5,4991.0,5272.5,5372.0,2476.0,1411.0,686.0,1494.0,1209.0,2592.0,4596.0,5172.0,5419.0,5456.0,3056.0,1870.5,950.0,1777.5,1807.5,3130.0,4401.5,4822.0,5081.5,5187.5,4886.5,3411.5,1190.0,1687.0,2391.5,2966.0,3221.0,3494.0,3792.5,3968.0,4772.0,3507.0,1277.0,1789.0,2563.0,2958.0,3140.0,3410.0,3693.0,3732.0,2487.5,1808.5,652.5,981.0,1489.0,1700.0,1756.0,1945.0,2132.5,2110.5,0.0,0.0,0.0,0.0,0.0,0.0,0.0,0.0,0.0,0.0,0.0,0.0,0.0,0.0,0.0,0.0,0.0,0.0,0.0,0.0,47.0,50.0,466.0,564.0,626.0,663.0,357.0,378.0,365.0,271.0,55.0,50.0,249.0,176.0,156.0,124.0,74.0,100.0,75.0,53.0,61.0,43.0,202.0,261.0,310.0,366.0,210.0,216.0,245.0,165.0,0.0,0.0,0.0,0.0,0.0,0.0,0.0,0.0,0.0,0.0,504.0,422.5,3176.0,3072.5,3022.0,3181.0,2953.0,2837.5,2871.5,2683.0,771.0,644.0,2392.0,2033.0,1743.0,1764.0,1529.0,1463.0,1956.0,1409.0,0.0,0.0,0.0,0.0,0.0,0.0,0.0,0.0,0.0,0.0,28.0,28.0,726.0,892.0,960.0,1024.0,779.0,770.0,732.0,627.0,828.5,544.5,532.0,687.0,776.5,890.0,884.5,922.5,1023.0,947.5,1734.0,1256.0,727.0,849.0,989.0,1141.0,1177.0,1288.0,1391.0,1401.0,1081.0,692.0,449.0,538.0,644.0,704.0,740.0,795.0,786.0,901.0,2655.0,2386.5,1018.5,1210.0,1479.0,1586.0,1652.0,1772.5,1928.0,1877.0,1650.0,1469.0,524.0,661.0,847.0,939.0,987.0,1057.0,1147.0,1147.0,"{""type"":""MultiPoint"",""coordinates"":[]}"
4970,69,2278.0,1844.0,268.0,473.0,681.0,851.0,978.0,1074.0,1262.0,1366.0,2793.5,1970.5,658.5,983.5,1008.5,1596.0,2735.0,3066.0,3359.5,3353.5,3062.0,2058.5,638.0,995.0,1033.0,1684.0,2933.5,3349.5,3644.0,3668.0,2901.5,1905.0,588.5,931.0,986.0,1599.0,2955.5,3411.5,3674.5,3757.0,2813.5,1728.0,555.5,914.0,930.0,1583.0,3221.0,3754.5,4098.5,4128.5,2986.5,1909.0,626.5,967.0,1075.5,1781.0,3187.0,3716.5,4005.0,4107.5,3114.5,1987.5,644.5,996.0,1171.0,1791.5,3145.5,3703.0,4055.0,4091.5,3245.5,2095.5,660.5,1008.0,1232.5,1890.5,3154.0,3724.5,3999.0,4126.5,3262.5,2137.0,663.5,992.5,1295.0,1909.5,3108.0,3662.5,3988.5,4126.0,3317.0,2129.0,629.0,989.0,1304.0,1865.0,3063.0,3573.0,4021.0,4069.0,3418.5,2233.0,663.0,1010.5,1376.5,1977.0,3104.0,3625.0,3985.5,4119.5,2808.0,2465.0,507.0,718.0,966.0,1171.0,1275.0,1467.0,1682.0,1730.0,3325.5,2146.5,744.0,1046.0,1387.0,1952.0,2952.0,3460.0,3792.5,3941.0,3309.5,2067.5,1466.5,1666.0,1837.5,2334.5,3117.0,3535.0,3904.0,3990.0,2978.0,1922.0,1439.0,1615.0,1692.0,2077.0,2707.0,3048.0,3222.0,3467.0,2932.0,1918.5,917.0,1121.5,1374.0,1853.5,2661.0,3094.0,3450.5,3600.5,2816.0,1845.0,628.0,870.0,1195.0,1732.0,2423.0,2934.0,3335.0,3479.0,2916.5,1892.5,578.0,814.5,1140.0,1677.0,2244.5,2654.5,3040.0,3195.5,2923.5,1949.5,596.0,829.5,1210.5,1724.5,2210.0,2561.0,2966.0,3149.0,2882.0,1990.0,523.0,771.0,1160.0,1649.0,2061.0,2456.0,2825.0,2984.0,2803.5,1921.5,551.0,788.5,1156.5,1619.0,1991.0,2348.0,2755.5,2815.0,2928.5,2370.5,2639.5,2834.5,2816.0,3229.5,3487.5,3625.5,3569.0,3749.5,2480.0,2188.0,1497.0,1523.0,1589.0,1809.0,2013.0,2050.0,2268.0,2262.0,0.0,0.0,0.0,0.0,0.0,0.0,0.0,0.0,0.0,0.0,4461.0,3862.0,2519.0,2628.0,2692.0,3241.0,3494.0,3670.0,3806.0,3992.0,2314.0,1744.0,289.0,507.0,562.0,966.0,1433.0,1458.0,1747.0,1735.0,2706.0,2110.0,1053.0,1184.0,1206.0,1566.0,2048.0,2254.0,2364.0,2503.0,2512.0,1907.0,451.0,693.0,724.0,1170.0,1727.0,1940.0,2122.0,2190.0,0.0,0.0,0.0,0.0,0.0,0.0,0.0,0.0,0.0,0.0,3125.0,2600.0,647.0,885.0,1146.0,1383.0,1559.0,1795.0,1910.0,2034.0,2645.0,2195.0,534.0,701.0,878.0,1120.0,1346.0,1487.0,1707.0,1760.0,3234.0,2805.0,762.0,1030.0,1261.0,1627.0,2044.0,2219.0,2436.0,2592.0,2629.0,1930.0,632.0,836.0,951.0,1342.0,2123.0,2342.0,2556.0,2604.0,2598.0,1953.0,544.0,758.0,832.0,1212.0,2190.0,2412.0,2650.0,2701.0,2806.0,2143.5,687.5,935.5,1037.5,1492.5,2481.0,2768.0,3054.0,3017.5,2853.0,2152.0,679.0,1004.0,1040.0,1678.0,2694.0,2956.0,3230.0,3265.0,"{""type"":""MultiPoint"",""coordinates"":[]}"
4975,24,1598.0,1184.0,225.0,438.0,573.0,687.0,753.0,816.0,884.0,931.0,1256.0,659.5,201.0,376.0,240.5,576.0,2428.5,3546.5,3804.5,3705.5,1226.0,641.0,186.0,376.0,232.0,583.0,2534.5,3739.0,3912.5,3879.5,1176.0,599.0,164.0,362.0,223.0,554.5,2372.0,3581.0,3807.5,3780.5,1227.5,613.0,248.0,453.0,307.5,724.0,2446.5,3430.0,3699.0,3697.5,1370.0,737.0,335.0,600.0,570.0,1155.0,2466.0,2974.0,3287.0,3469.0,2269.5,1328.0,643.5,983.0,1509.5,1963.5,2281.0,2604.0,2980.0,3146.5,3382.5,2200.0,1044.5,1501.5,2359.5,2763.5,2975.0,3282.0,3641.0,3787.0,2928.0,2370.0,692.0,1003.5,1414.0,1574.5,1627.0,1752.0,1836.5,1924.0,3057.0,2580.0,788.0,1117.0,1506.0,1658.0,1707.0,1827.0,1915.0,1966.0,3280.5,2824.0,795.5,1200.5,1630.0,1808.0,1853.5,1964.5,2066.5,2132.0,1993.5,1615.5,280.5,511.5,711.0,825.0,950.5,1035.5,1163.5,1139.5,3799.0,3218.0,1001.0,1452.0,1928.0,2098.0,2103.0,2253.0,2337.0,2441.0,3420.5,2907.5,948.0,1374.0,1792.5,1999.0,2011.5,2151.0,2243.5,2301.0,3330.0,2872.5,1160.5,1507.0,1647.5,1926.0,2205.5,2367.0,2338.5,2438.5,3530.5,2845.0,1163.5,1546.5,1861.0,2075.0,2098.5,2196.5,2245.0,2273.5,2996.0,2638.0,894.0,1214.0,1530.0,1710.0,1797.0,1876.0,1981.0,2000.0,2747.0,2286.0,654.5,909.0,1200.0,1315.0,1352.5,1427.5,1520.0,1534.0,2581.5,2182.0,563.0,849.0,1130.5,1247.5,1263.0,1361.0,1426.5,1462.0,2432.0,2114.0,554.0,797.0,1074.0,1157.0,1192.0,1267.0,1367.0,1374.0,2461.0,2089.5,464.0,761.0,1063.0,1162.5,1181.0,1278.0,1401.5,1387.0,0.0,0.0,0.0,0.0,0.0,0.0,0.0,0.0,0.0,0.0,1896.0,1427.0,546.0,670.0,787.0,882.0,1077.0,1146.0,1273.0,1247.0,2601.0,2188.5,519.5,813.5,1123.5,1267.0,1302.0,1400.5,1462.0,1533.0,2094.0,1613.0,451.0,668.0,751.0,942.0,1175.0,1281.0,1334.0,1378.0,2133.5,1629.5,451.0,707.5,752.0,1010.5,1505.5,1638.0,1728.5,1712.0,2055.0,1402.0,363.0,649.0,588.0,959.0,1907.0,2200.0,2223.0,2238.0,2198.0,1607.0,379.0,778.0,813.0,1353.0,1884.0,2008.0,2243.0,2164.0,0.0,0.0,0.0,0.0,0.0,0.0,0.0,0.0,0.0,0.0,2025.0,1595.0,266.0,488.0,620.0,775.0,1149.0,1254.0,1397.0,1363.0,1918.0,1394.5,246.0,465.5,498.5,750.0,1377.0,1557.0,1645.5,1635.0,2101.0,1455.0,267.0,513.0,520.0,816.0,1737.0,2012.0,2135.0,2104.0,2279.0,1569.0,314.0,588.0,566.0,928.0,1991.0,2330.0,2461.0,2438.0,1680.0,1030.5,178.5,430.5,364.5,717.0,1853.5,2194.5,2323.5,2293.0,1502.0,855.5,186.5,353.5,278.5,596.5,1946.5,2567.5,2698.0,2671.5,1320.0,660.0,176.0,376.0,224.0,564.0,2459.0,3409.0,3499.0,3457.0,"{""type"":""MultiPoint"",""coordinates"":[]}"
