system:index,cropland,d0_B11,d0_B12,d0_B2,d0_B3,d0_B4,d0_B5,d0_B6,d0_B7,d0_B8,d0_B8A,d10_B11,d10_B12,d10_B2,d10_B3,d10_B4,d10_B5,d10_B6,d10_B7,d10_B8,d10_B8A,d11_B11,d11_B12,d11_B2,d11_B3,d11_B4,d11_B5,d11_B6,d11_B7,d11_B8,d11_B8A,d12_B11,d12_B12,d12_B2,d12_B3,d12_B4,d12_B5,d12_B6,d12_B7,d12_B8,d12_B8A,d13_B11,d13_B12,d13_B2,d13_B3,d13_B4,d13_B5,d13_B6,d13_B7,d13_B8,d13_B8A,d14_B11,d14_B12,d14_B2,d14_B3,d14_B4,d14_B5,d14_B6,d14_B7,d14_B8,d14_B8A,d15_B11,d15_B12,d15_B2,d15_B3,d15_B4,d15_B5,d15_B6,d15_B7,d15_B8,d15_B8A,d16_B11,d16_B12,d16_B2,d16_B3,d16_B4,d16_B5,d16_B6,d16_B7,d16_B8,d16_B8A,d17_B11,d17_B12,d17_B2,d17_B3,d17_B4,d17_B5,d17_B6,d17_B7,d17_B8,d17_B8A,d18_B11,d18_B12,d18_B2,d18_B3,d18_B4,d18_B5,d18_B6,d18_B7,d18_B8,d18_B8A,d19_B11,d19_B12,d19_B2,d19_B3,d19_B4,d19_B5,d19_B6,d19_B7,d19_B8,d19_B8A,d1_B11,d1_B12,d1_B2,d1_B3,d1_B4,d1_B5,d1_B6,d1_B7,d1_B8,d1_B8A,d20_B11,d20_B12,d20_B2,d20_B3,d20_B4,d20_B5,d20_B6,d20_B7,d20_B8,d20_B8A,d21_B11,d21_B12,d21_B2,d21_B3,d21_B4,d21_B5,d21_B6,d21_B7,d21_B8,d21_B8A,d22_B11,d22_B12,d22_B2,d22_B3,d22_B4,d22_B5,d22_B6,d22_B7,d22_B8,d22_B8A,d23_B11,d23_B12,d23_B2,d23_B3,d23_B4,d23_B5,d23_B6,d23_B7,d23_B8,d23_B8A,d24_B11,d24_B12,d24_B2,d24_B3,d24_B4,d24_B5,d24_B6,d24_B7,d24_B8,d24_B8A,d25_B11,d25_B12,d25_B2,d25_B3,d25_B4,d25_B5,d25_B6,d25_B7,d25_B8,d25_B8A,d26_B11,d26_B12,d26_B2,d26_B3,d26_B4,d26_B5,d26_B6,d26_B7,d26_B8,d26_B8A,d27_B11,d27_B12,d27_B2,d27_B3,d27_B4,d27_B5,d27_B6,d27_B7,d27_B8,d27_B8A,d28_B11,d28_B12,d28_B2,d28_B3,d28_B4,d28_B5,d28_B6,d28_B7,d28_B8,d28_B8A,d29_B11,d29_B12,d29_B2,d29_B3,d29_B4,d29_B5,d29_B6,d29_B7,d29_B8,d29_B8A,d2_B11,d2_B12,d2_B2,d2_B3,d2_B4,d2_B5,d2_B6,d2_B7,d2_B8,d2_B8A,d30_B11,d30_B12,d30_B2,d30_B3,d30_B4,d30_B5,d30_B6,d30_B7,d30_B8,d30_B8A,d31_B11,d31_B12,d31_B2,d31_B3,d31_B4,d31_B5,d31_B6,d31_B7,d31_B8,d31_B8A,d32_B11,d32_B12,d32_B2,d32_B3,d32_B4,d32_B5,d32_B6,d32_B7,d32_B8,d32_B8A,d33_B11,d33_B12,d33_B2,d33_B3,d33_B4,d33_B5,d33_B6,d33_B7,d33_B8,d33_B8A,d34_B11,d34_B12,d34_B2,d34_B3,d34_B4,d34_B5,d34_B6,d34_B7,d34_B8,d34_B8A,d35_B11,d35_B12,d35_B2,d35_B3,d35_B4,d35_B5,d35_B6,d35_B7,d35_B8,d35_B8A,d3_B11,d3_B12,d3_B2,d3_B3,d3_B4,d3_B5,d3_B6,d3_B7,d3_B8,d3_B8A,d4_B11,d4_B12,d4_B2,d4_B3,d4_B4,d4_B5,d4_B6,d4_B7,d4_B8,d4_B8A,d5_B11,d5_B12,d5_B2,d5_B3,d5_B4,d5_B5,d5_B6,d5_B7,d5_B8,d5_B8A,d6_B11,d6_B12,d6_B2,d6_B3,d6_B4,d6_B5,d6_B6,d6_B7,d6_B8,d6_B8A,d7_B11,d7_B12,d7_B2,d7_B3,d7_B4,d7_B5,d7_B6,d7_B7,d7_B8,d7_B8A,d8_B11,d8_B12,d8_B2,d8_B3,d8_B4,d8_B5,d8_B6,d8_B7,d8_B8,d8_B8A,d9_B11,d9_B12,d9_B2,d9_B3,d9_B4,d9_B5,d9_B6,d9_B7,d9_B8,d9_B8A,.geo
2,54,1356.0,1128.5,430.0,526.5,654.0,756.0,774.5,846.0,843.5,920.5,2047.5,1712.5,745.5,990.0,1144.5,1268.0,1303.0,1384.0,1464.0,1516.5,2194.0,1840.5,802.5,1038.0,1213.0,1349.0,1384.5,1499.5,1512.5,1575.0,2451.0,2084.5,926.0,1172.5,1397.0,1522.0,1553.5,1596.0,1676.0,1760.5,2632.0,2201.0,1096.0,1382.0,1591.0,1753.0,1801.0,1846.0,1960.0,1970.0,2471.0,1988.0,1006.0,1328.0,1434.0,1692.0,2017.0,2144.0,2280.0,2233.0,2349.0,1773.0,929.0,1245.0,1276.0,1592.0,2341.0,2688.0,2866.0,2694.0,2318.0,1555.0,848.0,1157.0,1070.0,1529.0,2686.0,3149.0,3379.0,3301.0,2160.0,1461.0,758.0,1086.0,963.0,1493.0,3135.0,3655.0,3860.0,3846.0,2283.0,1603.0,834.5,1217.0,1125.5,1637.0,2922.0,3738.0,3537.5,3705.5,2219.5,1520.0,708.5,1182.0,1061.5,1651.0,3159.0,3602.0,3956.0,3833.0,1735.0,1448.0,574.0,710.0,890.0,993.0,1014.0,1100.0,1173.0,1159.0,2286.0,1548.0,774.0,1220.0,1115.0,1747.0,3150.0,3666.0,3940.0,3772.0,2312.0,1586.0,774.0,1253.0,1207.0,1855.0,2960.0,3414.0,3681.0,3748.0,2336.0,1709.0,792.0,1247.0,1285.0,1855.0,2960.0,3414.0,3559.0,3755.0,2574.0,2142.0,862.0,1143.0,1444.0,1649.0,1785.0,1833.0,1891.0,2022.0,2547.0,2168.0,972.0,1243.5,1473.0,1615.5,1753.0,1841.5,1887.0,1967.5,2630.0,2250.5,992.5,1300.0,1557.0,1675.5,1823.0,1939.5,1959.5,2033.0,2619.0,2254.0,1238.0,1517.0,1701.0,1896.0,2017.0,2131.0,2171.0,2217.0,2569.5,2196.5,1185.0,1436.0,1661.0,1781.5,1888.5,2024.0,2112.5,2098.0,2489.0,2144.0,1001.0,1270.0,1533.0,1664.0,1760.0,1912.0,1981.0,1967.0,1754.5,1452.5,606.0,798.5,935.5,1078.5,1197.5,1257.5,1220.0,1321.0,1592.0,1259.5,542.5,706.0,850.0,958.0,998.5,1045.0,1135.5,1147.0,1675.0,1339.0,528.0,717.0,847.0,1028.0,1024.0,1250.0,1127.0,1206.0,3739.0,3297.5,2289.5,2420.5,2609.5,2849.5,2867.0,2949.0,2955.5,2938.0,1558.5,1276.5,522.0,679.0,813.5,947.0,999.5,1049.5,1133.5,1159.0,1488.0,1256.0,522.0,654.0,769.0,900.0,943.0,955.0,1018.0,1079.0,1415.0,1118.0,448.0,604.0,737.0,830.0,899.0,867.0,980.0,1024.0,0.0,0.0,0.0,0.0,0.0,0.0,0.0,0.0,0.0,0.0,1909.5,1594.0,668.5,830.0,1017.5,1133.0,1143.5,1220.0,1326.5,1296.0,2173.0,1858.0,1104.0,1230.0,1375.0,1602.0,1817.0,1929.0,1716.0,2041.0,2132.5,1813.0,799.5,1035.5,1218.5,1342.5,1374.0,1452.0,1548.5,1537.5,1544.0,1261.0,412.0,532.0,706.0,812.0,781.0,784.0,849.0,927.0,1544.0,1261.0,412.0,532.0,706.0,812.0,781.0,784.0,849.0,927.0,1911.0,1619.0,691.5,886.0,1033.0,1148.0,1222.5,1283.5,1321.0,1324.0,1936.5,1603.0,721.5,940.0,1105.5,1195.0,1247.5,1343.5,1418.0,1433.0,"{""type"":""MultiPoint"",""coordinates"":[]}"
3,3,166.5,174.0,454.5,615.5,695.5,773.5,533.0,541.0,476.0,402.5,3386.0,3239.0,942.0,1246.5,1613.5,1766.0,1843.5,1964.5,2142.0,2183.0,173.5,168.0,448.5,510.5,572.5,600.5,407.0,456.5,432.0,318.0,1739.5,1298.0,474.5,613.5,739.0,901.0,933.5,1023.5,1116.5,1148.5,234.0,207.5,330.0,490.0,504.5,721.5,670.0,752.0,768.0,720.5,1144.5,719.0,389.0,639.5,513.0,945.5,1417.0,1521.5,1566.0,1617.0,986.0,606.0,363.0,662.0,419.0,954.0,1684.0,1863.0,1930.5,1766.5,1219.0,669.0,286.0,509.5,307.0,797.5,1913.5,2289.5,2326.5,2325.0,1073.0,537.5,183.0,342.0,165.5,572.0,1992.0,2745.5,2761.0,2772.5,1036.0,499.0,148.0,315.0,160.0,503.5,2160.0,3241.5,3424.0,3358.0,1044.5,476.0,127.0,273.0,112.5,455.0,2299.5,3664.0,3719.5,3772.0,176.0,182.5,639.5,870.0,1031.0,1062.0,858.0,916.5,922.5,750.0,1077.0,503.0,136.0,276.5,102.0,478.5,2420.5,3923.5,4067.5,4012.0,1438.5,652.0,1438.5,1592.0,1205.0,1809.0,3466.5,4498.0,4657.0,4711.5,1599.5,778.5,1126.5,1463.5,1014.0,1895.0,3420.5,4199.5,4290.5,4470.0,1491.5,739.5,853.0,1225.5,875.5,1773.5,3532.5,4284.0,4486.0,4533.5,1539.0,828.0,378.0,932.0,732.0,1743.0,3376.5,3960.0,4248.5,4242.0,1872.0,1037.5,509.0,1059.5,983.5,1966.0,3234.0,3667.0,3936.5,4020.5,2206.0,1293.0,602.5,1206.5,1304.5,2287.5,3261.5,3685.0,3962.0,4063.5,4546.5,3309.0,1457.5,1962.5,2672.0,3093.5,3369.0,3673.5,4028.0,3972.5,2903.5,2655.0,737.0,1013.0,1394.0,1543.0,1611.5,1728.0,1894.0,1889.0,0.0,0.0,0.0,0.0,0.0,0.0,0.0,0.0,0.0,0.0,0.0,0.0,0.0,0.0,0.0,0.0,0.0,0.0,0.0,0.0,2453.0,1929.5,806.5,997.5,1264.5,1450.0,1469.0,1609.5,1754.5,1706.5,3284.5,2855.0,2547.5,2450.5,2542.5,2783.5,2662.5,2849.5,2686.0,2878.0,2551.0,2185.5,677.0,949.0,1168.0,1435.0,1497.5,1600.5,1723.0,1735.0,0.0,0.0,0.0,0.0,0.0,0.0,0.0,0.0,0.0,0.0,2832.5,2529.0,727.0,1002.0,1208.0,1522.5,1647.5,1780.0,1963.5,1916.0,0.0,0.0,0.0,0.0,0.0,0.0,0.0,0.0,0.0,0.0,0.0,0.0,0.0,0.0,0.0,0.0,0.0,0.0,0.0,0.0,2381.0,1821.5,595.5,786.5,1045.5,1266.5,1331.0,1427.0,1601.5,1620.0,3340.5,2818.5,982.0,1256.0,1610.0,1770.5,1850.5,1994.0,2255.5,2234.0,4135.0,3796.0,1383.0,1674.0,2095.0,2308.5,2410.5,2546.5,2784.5,2783.0,2614.5,2103.5,947.0,1097.0,1344.5,1480.0,1580.5,1668.0,1837.5,1861.0,4226.0,3837.5,1341.0,1649.5,2055.5,2243.0,2340.0,2517.5,2792.5,2780.0,2660.5,2488.5,669.0,891.0,1174.0,1280.5,1340.5,1468.5,1556.5,1615.0,"{""type"":""MultiPoint"",""coordinates"":[]}"
22,69,2623.0,2364.5,1129.5,1153.0,1279.0,1402.0,1465.0,1559.5,1678.5,1723.5,3347.0,2972.0,689.0,972.0,1190.0,1459.0,1790.0,1913.0,2133.0,2172.0,2763.0,2383.0,775.5,1000.5,1096.5,1433.0,2093.0,2379.5,2441.0,2584.0,3088.0,2538.0,636.0,932.0,1034.0,1391.0,2272.0,2589.0,2693.0,2799.0,2976.0,2274.0,612.0,904.0,935.0,1354.0,2764.0,3289.0,3379.0,3462.0,2803.0,1984.0,530.0,820.0,734.0,1319.0,2985.0,3610.0,3743.0,3720.0,2803.0,1997.0,508.0,798.0,734.0,1236.0,3006.0,3660.0,3786.0,3827.0,2758.0,2011.0,508.0,784.0,767.0,1236.0,2951.0,3605.0,3697.0,3743.0,2838.0,2076.0,529.0,786.0,814.0,1286.0,2760.0,3415.0,3507.0,3660.0,2912.0,2138.0,594.0,831.0,853.0,1280.0,2734.0,3288.0,3421.0,3524.0,2837.0,2065.0,565.0,812.0,853.0,1261.0,2603.0,3241.0,3325.0,3486.0,2593.0,2546.0,531.0,683.0,879.0,1019.0,1182.0,1278.0,1435.0,1473.0,2809.0,2065.0,565.0,807.0,832.0,1238.0,2534.0,3159.0,3281.0,3383.0,2773.5,2069.0,548.5,803.5,857.5,1256.0,2362.5,2894.5,3061.0,3212.0,2801.0,2111.0,580.0,797.0,851.0,1251.0,2441.0,2927.0,3106.0,3219.0,2697.0,1995.0,612.0,805.0,883.0,1284.0,2296.0,2724.0,2994.0,3078.0,2581.0,1916.0,546.0,783.0,843.0,1214.0,2182.0,2666.0,2839.0,2942.0,2537.0,1916.0,546.0,757.0,820.0,1109.0,1715.0,2042.0,2232.0,2357.0,2843.0,2167.0,738.0,889.0,1010.0,1343.0,1790.0,2112.0,2302.0,2459.0,3127.0,2478.5,1148.5,1311.0,1452.0,1773.0,2198.5,2417.0,2475.5,2641.5,2536.0,2071.0,460.0,632.5,810.5,1040.0,1362.0,1537.5,1737.5,1806.5,2568.0,2113.0,468.0,635.0,807.0,1076.0,1374.0,1557.0,1704.0,1825.0,2288.5,2138.0,411.0,551.0,729.5,852.5,999.5,1116.0,1258.0,1303.0,2202.5,1708.5,325.5,491.5,621.5,862.0,1168.5,1316.0,1442.0,1559.5,2529.0,2014.0,438.0,631.0,760.0,1051.0,1316.0,1518.0,1685.0,1741.0,2730.0,2311.0,610.0,754.0,917.0,1176.0,1461.0,1565.0,1773.0,1843.0,2730.0,2311.0,610.0,754.0,917.0,1176.0,1461.0,1565.0,1773.0,1843.0,1900.0,1527.0,298.0,438.0,549.0,712.0,955.0,1066.0,1189.0,1212.0,0.0,0.0,0.0,0.0,0.0,0.0,0.0,0.0,0.0,0.0,2436.0,2264.5,526.5,674.5,777.0,969.5,1245.5,1379.0,1497.0,1532.0,2666.0,2561.0,514.5,653.5,829.5,984.0,1169.0,1299.0,1437.0,1470.5,2776.5,2633.0,494.5,642.0,882.5,994.5,1058.5,1185.0,1359.0,1405.0,2526.0,2203.0,595.0,667.0,853.0,999.0,1124.0,1236.0,1400.0,1458.0,3089.5,2835.0,723.0,869.5,1120.0,1280.0,1410.0,1560.0,1741.0,1789.5,3649.0,3467.0,851.0,1077.0,1387.0,1583.0,1739.0,1884.0,2082.0,2194.0,3610.5,3314.5,887.0,1134.5,1423.0,1638.0,1812.0,1989.5,2225.5,2253.5,"{""type"":""MultiPoint"",""coordinates"":[]}"
25,75,3249.5,2305.0,914.0,1285.5,1898.0,2427.5,2869.0,3197.5,3619.5,3700.5,3280.5,2504.0,789.0,1218.0,1424.5,1831.5,2856.5,3273.5,3516.5,3471.0,3095.5,2372.0,763.5,1139.0,1310.5,1696.5,2693.0,3114.5,3355.5,3298.0,3340.5,2523.5,819.5,1188.0,1394.5,1773.5,2875.5,3327.5,3546.5,3552.5,3327.5,2507.5,783.0,1184.5,1360.0,1783.5,2904.5,3353.0,3513.5,3572.5,3503.0,2643.5,833.0,1268.0,1413.5,1878.5,3086.5,3548.0,3778.0,3801.5,3503.0,2645.0,850.0,1280.0,1436.5,1878.5,3085.5,3537.5,3795.0,3804.0,3578.0,2689.0,865.0,1320.0,1541.5,1944.5,3085.0,3537.5,3804.0,3814.0,3471.5,2597.5,852.5,1263.5,1483.5,1897.0,2995.5,3453.5,3697.5,3748.5,3576.0,2636.5,814.5,1292.0,1536.0,1997.0,3028.0,3482.0,3689.0,3763.5,3569.5,2635.0,814.0,1253.0,1498.0,1977.0,2914.0,3435.0,3545.5,3660.5,3631.5,2617.5,901.0,1297.0,1897.5,2354.0,2710.0,2995.5,3364.5,3406.0,3542.5,2692.0,822.5,1241.0,1501.5,1938.5,2871.0,3379.5,3512.5,3644.5,3498.5,2636.5,770.0,1219.5,1483.5,1905.5,2906.5,3339.0,3557.0,3636.0,3473.5,2613.0,831.0,1244.0,1451.0,1891.0,2889.5,3392.5,3604.0,3715.0,3163.5,2406.0,773.5,1179.5,1374.0,1792.0,2763.5,3223.5,3443.5,3471.0,3163.5,2406.5,765.5,1165.0,1390.0,1759.0,2763.5,3198.5,3433.0,3467.0,3111.0,2358.5,772.0,1164.5,1369.5,1739.0,2668.0,3097.5,3354.0,3340.0,3093.0,2364.0,788.0,1175.5,1398.0,1765.5,2647.5,3097.5,3354.0,3340.0,2846.5,2123.0,852.5,1180.0,1369.0,1695.5,2547.5,2920.5,3176.5,3206.5,2558.5,1892.0,524.5,849.0,1022.5,1406.0,2436.5,2806.0,3091.0,3112.0,2558.5,1900.5,555.0,888.0,1059.0,1420.0,2466.0,2928.5,3176.5,3221.0,3436.0,2532.0,734.5,1164.5,1785.0,2186.5,2561.0,2861.5,3273.5,3319.0,2560.5,1911.0,541.5,878.5,1028.0,1437.5,2505.5,2962.0,3095.0,3247.5,2553.5,1902.0,517.0,906.5,1071.5,1459.0,2549.5,2938.0,3191.0,3264.5,3082.5,2251.5,735.5,1057.0,1240.0,1693.0,2408.0,2759.5,3150.5,3211.0,4048.5,3096.5,1430.0,1808.0,2167.0,2650.0,3135.0,3469.5,3730.5,3856.5,3988.0,3012.5,1363.0,1753.5,2247.0,2724.0,3098.5,3398.5,3682.5,3870.5,0.0,0.0,0.0,0.0,0.0,0.0,0.0,0.0,0.0,0.0,3388.0,2710.5,658.0,1033.0,1451.0,1779.5,2081.5,2299.5,2488.5,2585.5,3627.0,2959.0,783.0,1162.5,1636.0,1967.5,2254.0,2476.5,2728.5,2782.5,3762.0,3078.0,937.0,1384.0,1841.5,2144.0,2524.5,2681.5,2997.5,2986.5,3766.5,3078.0,1032.5,1443.5,1897.0,2241.5,2606.5,2841.5,3191.5,3098.0,3180.5,2535.5,726.0,1118.5,1351.0,1740.5,2453.5,2792.0,2999.5,2999.5,3180.5,2535.5,726.0,1118.5,1351.0,1740.5,2506.0,2800.0,3017.5,3021.0,3449.0,2807.0,861.0,1267.5,1516.0,1900.0,2795.0,3180.0,3444.5,3376.5,"{""type"":""MultiPoint"",""coordinates"":[]}"
67,69,3500.5,3421.5,1635.0,1793.0,2023.0,2221.0,2238.5,2363.0,2507.5,2490.0,4183.5,3718.0,1595.0,2090.0,2368.5,2818.5,3293.0,3520.0,3707.5,3681.5,3813.0,3517.0,1315.5,1750.5,1944.0,2438.5,3172.5,3469.5,3720.5,3658.0,3788.0,3263.0,1224.5,1709.5,1852.0,2365.5,3237.5,3575.5,3745.0,3751.0,3627.5,3183.0,1218.0,1625.0,1755.5,2235.0,3314.5,3693.5,3988.0,3851.5,3660.5,3157.5,1238.0,1629.5,1772.5,2245.5,3417.0,3832.5,4097.5,3998.0,3710.0,3170.0,1254.0,1636.5,1813.0,2275.5,3443.5,3907.5,4165.0,4112.0,3809.5,3216.5,1275.5,1671.0,1866.0,2327.0,3442.0,3904.0,4151.5,4121.5,3866.0,3334.0,1298.0,1706.0,1948.5,2392.5,3378.5,3870.0,4042.5,4085.5,3875.5,3351.0,1301.5,1710.5,1961.0,2398.0,3359.5,3780.0,3953.5,4025.5,3815.5,3289.5,1290.5,1688.5,1934.5,2347.5,3264.0,3696.5,3886.5,3950.0,3574.5,3466.0,1141.5,1433.5,1751.5,1974.5,2009.0,2124.0,2349.5,2367.5,3794.5,3277.5,1280.0,1666.0,1905.0,2335.5,3204.0,3671.5,3815.0,3921.5,3639.5,3047.5,1230.5,1607.5,1848.5,2268.5,3093.5,3489.5,3714.0,3736.0,3575.0,2952.0,1147.5,1523.0,1729.5,2175.5,3059.0,3489.5,3700.5,3744.5,3426.0,2922.0,1098.0,1425.0,1655.5,2063.5,2856.5,3258.0,3495.5,3537.0,3206.0,2693.5,1033.0,1356.5,1578.5,1957.5,2651.0,3023.0,3252.5,3296.0,3215.5,2662.0,997.5,1299.0,1538.0,1957.5,2605.0,2961.5,3183.5,3282.5,3053.0,2384.5,995.0,1260.5,1474.5,1835.0,2389.5,2635.5,2890.0,2971.0,2901.5,2254.0,1015.0,1260.5,1474.5,1815.0,2254.0,2501.5,2737.0,2800.0,2287.5,1653.0,614.0,841.5,1006.5,1310.5,1726.0,1943.5,2341.0,2173.5,2184.0,1559.5,567.0,743.5,879.0,1194.5,1609.5,1818.5,2115.0,2083.5,2776.0,2538.5,786.0,1047.0,1332.0,1480.5,1564.0,1675.5,1885.0,1873.0,2258.0,1697.0,454.5,661.0,786.0,1136.0,1495.5,1711.5,1893.5,2004.0,3999.0,3518.0,2366.5,2541.0,2676.5,3081.5,3208.0,3307.0,3512.0,3501.5,3471.5,3056.5,2513.0,2464.5,2457.0,2747.0,2823.5,2825.0,3042.0,2934.0,2744.0,2296.5,719.5,908.0,1039.5,1360.0,1513.5,1648.0,1823.5,1870.5,3413.0,2340.0,3986.0,3833.5,3722.5,4032.5,4079.0,4083.0,4289.5,4193.0,0.0,0.0,0.0,0.0,0.0,0.0,0.0,0.0,0.0,0.0,3302.5,2879.5,1085.0,1396.5,1697.0,1970.0,2040.5,2185.5,2313.0,2382.0,4015.5,3621.5,1473.5,1841.5,2158.5,2494.0,2567.0,2722.0,2897.0,2911.5,4308.0,3852.0,1644.5,2066.5,2397.5,2722.0,2799.0,2955.0,3204.5,3134.5,3603.0,3081.0,1183.0,1531.0,1802.0,2138.0,2252.5,2430.5,2625.5,2622.0,3903.5,3432.0,1374.5,1758.5,2018.5,2416.0,2558.0,2718.5,2929.5,2902.5,4385.0,3939.0,1628.0,2065.0,2415.0,2791.0,2943.5,3092.5,3308.0,3306.5,4423.5,4030.5,1736.0,2199.0,2548.0,2900.0,3059.5,3220.5,3420.0,3403.0,"{""type"":""MultiPoint"",""coordinates"":[]}"
74,3,0.0,0.0,0.0,0.0,0.0,0.0,0.0,0.0,0.0,0.0,2720.0,2344.5,901.5,1241.5,1661.0,2010.0,2168.0,2297.5,2445.5,2472.0,635.0,487.0,497.0,630.0,879.0,961.0,912.0,893.0,1126.0,858.0,356.0,285.0,438.0,515.0,548.0,587.0,405.0,411.0,450.0,354.0,304.5,243.0,350.5,511.0,460.5,557.0,424.0,454.5,507.0,369.0,779.0,511.0,298.0,510.0,361.0,738.0,1047.0,1147.0,1142.0,1143.0,1870.0,1017.5,312.0,688.0,356.5,1062.5,2452.5,2728.0,2726.0,2828.0,2509.5,1398.5,273.0,664.5,362.5,1110.5,3132.5,3724.5,3860.0,3992.5,2963.5,1927.5,526.5,821.5,878.0,1546.5,2285.5,2712.5,2843.5,3076.5,1452.0,788.0,385.0,640.0,513.0,1033.0,2015.0,2261.0,2454.0,2393.0,1188.5,610.5,300.0,518.5,271.0,721.5,2079.0,2507.5,2725.0,2518.0,1763.0,1197.0,346.0,658.0,542.0,1099.0,2138.5,2348.5,2493.0,2399.5,1354.0,657.0,980.0,1053.0,868.0,1224.0,2560.0,3253.0,3410.0,3358.0,1510.0,678.5,1227.0,1437.0,1159.5,1570.5,3146.0,4050.5,4229.5,4209.0,1658.5,787.0,2034.0,2070.0,1859.0,2151.5,2993.5,3623.5,3673.0,3856.0,1600.5,764.0,1109.0,1216.0,945.0,1381.5,3026.0,4024.0,4118.5,4274.0,1572.0,815.0,277.0,592.0,299.0,984.0,3101.0,4188.0,4294.0,4393.0,1740.0,883.0,338.5,718.5,441.5,1245.0,3268.5,4156.0,4193.5,4440.0,1832.5,951.0,336.5,784.5,513.0,1451.5,3383.0,4086.5,4234.0,4370.5,1905.0,1056.0,376.0,830.0,668.0,1645.0,3264.0,3869.0,3994.0,4259.0,2680.0,1650.0,630.5,1114.0,1180.5,2107.0,3094.5,3476.0,3828.0,3955.5,0.0,0.0,0.0,0.0,0.0,0.0,0.0,0.0,0.0,0.0,1155.0,974.0,1917.0,1878.0,1766.0,1951.0,2383.0,2503.0,2559.0,2456.0,2189.0,1596.0,663.0,846.0,1125.0,1469.0,1578.0,1851.0,1842.0,2080.0,2371.0,1935.0,2116.0,2069.0,1884.0,2218.0,2436.0,2512.0,2732.0,2543.0,739.0,603.0,232.0,286.0,367.0,539.0,562.0,688.0,658.0,761.0,0.0,0.0,0.0,0.0,0.0,0.0,0.0,0.0,0.0,0.0,713.0,569.0,174.0,252.0,354.0,506.0,595.0,629.0,794.0,701.0,0.0,0.0,0.0,0.0,0.0,0.0,0.0,0.0,0.0,0.0,0.0,0.0,0.0,0.0,0.0,0.0,0.0,0.0,0.0,0.0,2226.0,1100.0,303.0,800.0,263.0,1333.0,4758.0,5877.0,6045.0,5890.0,1925.0,877.5,122.5,571.0,144.0,1078.5,4517.5,5666.5,6039.5,5776.0,0.0,0.0,0.0,0.0,0.0,0.0,0.0,0.0,0.0,0.0,1951.0,858.0,345.0,835.0,315.0,1439.0,5502.0,6877.0,7153.0,7007.0,1720.0,785.5,276.0,691.0,292.0,1207.0,4841.0,6321.5,6714.0,6465.5,2433.0,1888.0,736.0,1088.0,1328.0,1821.0,2337.0,2579.0,2939.0,2856.0,"{""type"":""MultiPoint"",""coordinates"":[]}"
118,69,3148.0,2937.5,1415.0,1491.5,1606.5,1865.5,1909.5,2023.0,2087.5,2169.5,4076.5,3737.0,917.5,1241.5,1558.5,1855.5,2132.0,2315.0,2514.5,2567.0,4040.0,3681.5,955.0,1322.5,1620.5,1949.5,2308.0,2514.5,2712.5,2718.5,4117.5,3764.5,992.0,1320.0,1602.0,1921.5,2425.5,2691.0,2935.0,2913.0,4118.0,3737.5,961.0,1298.5,1545.0,1904.5,2588.0,2861.0,3149.0,3134.5,4060.0,3571.0,921.0,1279.0,1502.0,1898.5,2680.0,2973.0,3254.0,3263.0,4017.5,3417.0,877.0,1255.0,1461.0,1848.5,2793.5,3166.5,3475.5,3447.5,4029.0,3438.0,898.5,1267.5,1468.0,1848.5,2833.0,3243.5,3493.0,3493.5,4014.0,3373.5,867.0,1252.5,1421.5,1871.0,2894.0,3338.5,3535.5,3583.0,3959.0,3289.5,841.0,1248.0,1392.5,1862.5,2970.5,3469.5,3610.5,3733.5,3842.0,3094.5,804.0,1208.5,1321.0,1829.0,3009.0,3560.5,3730.5,3792.0,3504.0,3317.0,1435.0,1556.0,1726.5,1963.0,2011.0,2161.0,2256.5,2306.0,3783.0,3095.0,787.5,1166.0,1306.5,1766.5,3009.0,3590.0,3718.0,3825.0,3906.5,3303.0,764.0,1137.0,1307.0,1759.5,2601.0,3034.0,3253.5,3342.0,3920.0,3301.5,890.0,1191.0,1408.0,1798.0,2598.5,3041.5,3246.5,3342.5,3762.5,3126.0,873.5,1114.0,1360.0,1733.0,2385.0,2760.0,2945.0,3084.5,3671.0,3042.5,817.5,1092.0,1372.5,1718.0,2196.5,2472.5,2756.0,2817.5,3515.0,2887.0,752.5,1040.0,1330.5,1655.0,2065.0,2366.5,2596.5,2674.0,3323.0,2725.5,729.5,1002.5,1250.5,1587.0,2043.5,2289.5,2490.5,2556.0,3190.0,2542.5,688.5,979.0,1215.5,1532.5,1976.5,2233.5,2452.0,2484.5,2975.5,2388.0,563.5,826.0,1017.5,1350.0,1818.0,2047.5,2310.5,2359.5,2659.0,2098.5,541.0,739.0,914.5,1248.5,1667.0,1892.0,2080.0,2136.5,2670.5,2417.5,426.0,611.5,847.5,1002.0,1143.0,1266.0,1458.5,1466.5,2759.5,2126.5,493.0,749.5,885.0,1243.5,1660.5,1825.0,1936.5,2088.5,2018.0,1579.5,530.0,722.5,749.0,1063.5,1396.0,1546.5,1667.0,1704.0,2597.0,2026.5,529.0,764.0,766.5,1217.0,1716.0,1908.0,2066.0,2110.5,2687.5,2064.0,542.5,782.0,811.5,1270.0,1776.0,1961.0,2138.5,2187.5,3102.0,1872.0,3750.5,3630.0,3557.0,3890.0,4047.0,4096.0,4208.0,4191.0,0.0,0.0,0.0,0.0,0.0,0.0,0.0,0.0,0.0,0.0,2840.0,2334.0,546.5,809.0,934.0,1247.0,1563.0,1724.5,1868.5,1880.5,3248.5,2775.5,652.0,970.0,1074.0,1478.0,2001.5,2203.0,2386.5,2367.0,3312.5,2812.5,633.5,960.5,1063.5,1479.0,2202.0,2437.0,2645.0,2601.5,4031.5,3146.0,2881.0,2847.5,2771.5,3223.5,3765.0,3962.5,4246.5,4105.5,3765.0,3143.0,1752.0,1946.5,2020.0,2422.5,3109.0,3414.0,3708.0,3589.5,4347.0,4126.5,1015.5,1366.5,1792.5,2010.0,2187.5,2371.5,2629.5,2618.0,4404.0,4115.0,1103.0,1455.5,1854.5,2106.0,2216.5,2409.5,2640.0,2647.5,"{""type"":""MultiPoint"",""coordinates"":[]}"
135,2,3198.0,2935.5,1736.5,1831.5,1952.0,2060.5,2041.5,2148.0,2300.5,2293.0,3546.5,3409.5,1358.0,1648.0,1826.0,2015.5,2138.0,2251.5,2381.0,2381.0,3482.5,3364.5,1347.0,1628.0,1772.5,1969.0,2177.0,2314.0,2460.5,2423.0,3453.5,3268.5,1268.5,1590.5,1689.0,1943.0,2383.5,2503.5,2646.5,2644.0,3467.0,2993.5,1172.5,1545.0,1574.0,1965.0,2758.5,2975.5,3063.5,3116.5,3163.0,2639.5,990.0,1347.0,1341.0,1782.5,2768.0,3055.0,3087.5,3178.5,2534.0,1755.5,590.5,1013.5,755.0,1443.5,3447.0,3955.5,4252.0,4063.0,2534.0,1755.5,590.5,939.0,755.0,1279.0,3447.0,3955.5,4212.5,4063.0,2232.5,1207.5,419.0,750.0,512.5,1153.0,3632.0,4411.0,4601.5,4609.5,2199.5,1184.5,370.0,713.0,495.0,1110.0,3803.0,4699.5,4883.0,4931.0,2024.5,973.0,250.5,583.0,323.5,990.5,3982.0,5067.0,5142.5,5285.5,3114.5,2975.0,1185.0,1427.0,1576.0,1706.5,1690.0,1814.0,1980.0,1957.0,2035.0,979.0,275.0,610.0,356.0,1023.0,4041.0,5193.5,5241.5,5408.0,2007.5,996.0,270.5,621.5,360.5,1048.0,4014.0,4938.0,5091.0,5161.5,2007.5,1040.0,511.0,819.5,587.0,1196.0,3798.5,4463.5,4564.0,4739.5,1910.5,1036.5,470.0,764.5,573.5,1142.0,3161.5,3869.0,4084.5,4111.5,1853.0,995.5,428.0,705.5,540.0,1106.0,2862.0,3399.5,3685.5,3656.0,1807.0,1028.5,430.0,685.5,550.0,1043.5,2504.5,2951.5,3158.0,3226.0,1933.5,1192.5,520.0,735.5,715.5,1119.0,2244.0,2700.5,2865.0,2975.5,2322.5,1510.5,717.0,907.5,1039.0,1404.0,2148.5,2414.0,2654.5,2784.5,2762.0,1812.0,917.5,1149.0,1507.5,1914.0,2269.5,2499.5,2786.0,2876.0,3382.5,2370.0,739.5,1026.5,1553.0,1989.0,2289.0,2585.0,2918.5,3059.0,3068.0,2865.5,1036.5,1275.0,1502.0,1615.5,1652.0,1769.5,1952.0,1905.5,3267.0,2401.5,681.0,902.5,1358.0,1669.5,1894.0,2178.0,2458.5,2688.0,3530.5,2714.0,679.0,945.5,1397.5,1664.0,1817.0,2044.0,2351.0,2508.0,2835.0,2625.0,713.0,871.5,1056.5,1156.5,1213.5,1340.5,1544.0,1563.0,2835.0,2625.0,713.0,871.5,1056.5,1156.5,1213.5,1340.5,1544.0,1563.0,2808.0,2474.0,623.0,843.0,1091.0,1203.0,1264.5,1404.5,1595.0,1620.5,0.0,0.0,0.0,0.0,0.0,0.0,0.0,0.0,0.0,0.0,1173.0,776.5,816.5,1169.5,1100.5,1402.5,1236.0,1311.0,1305.0,1220.0,2344.5,1616.5,928.5,1235.0,1243.5,1542.0,1609.0,1721.5,1820.5,1815.0,3457.5,2925.5,1572.0,1969.5,2076.0,2339.5,2391.0,2473.5,2672.5,2571.0,3949.5,3593.0,1903.0,2264.5,2505.0,2640.5,2690.5,2784.0,3003.0,2930.0,4060.5,3788.0,1945.0,2323.5,2555.0,2713.0,2741.0,2842.5,3007.5,2969.0,3830.5,3718.0,1661.5,2004.0,2214.5,2366.5,2399.0,2483.5,2663.0,2611.5,0.0,0.0,0.0,0.0,0.0,0.0,0.0,0.0,0.0,0.0,"{""type"":""MultiPoint"",""coordinates"":[]}"
491,204,2844.5,2277.0,724.0,859.5,1139.5,1371.5,1495.5,1702.0,1926.0,2006.0,2426.0,1576.5,564.0,878.5,822.5,1506.0,3054.5,3481.0,3679.5,3710.5,2294.5,1450.0,527.5,827.0,771.5,1443.0,3139.0,3670.5,3880.5,3922.0,2376.0,1505.0,535.0,849.0,878.5,1520.0,3107.0,3661.5,3965.0,3982.5,2687.0,1705.0,720.5,982.0,1151.0,1675.0,3039.0,3644.5,3884.5,3964.0,2747.5,1785.0,706.0,989.5,1194.0,1715.0,2944.0,3485.0,3798.5,3857.0,2950.0,1916.0,734.0,1065.5,1364.5,1814.0,2932.5,3494.5,3826.0,3903.0,3155.5,2018.5,780.5,1131.5,1450.0,1939.0,3015.0,3559.0,3896.5,4005.0,3161.5,2114.5,815.5,1174.5,1493.0,1967.5,3062.0,3651.5,3905.0,4073.5,3048.5,2029.5,800.5,1153.5,1474.0,1967.5,3110.0,3722.5,3904.5,4126.5,3038.5,2029.5,788.0,1158.5,1439.5,1938.5,3066.0,3680.0,3894.0,4102.5,2959.5,2437.0,682.5,830.0,1128.5,1304.5,1447.0,1617.0,1847.5,1905.5,3166.0,2114.5,820.5,1168.5,1519.0,2014.0,3063.5,3673.5,3902.0,4113.5,3058.0,1989.5,799.0,1166.0,1519.0,2021.0,3081.5,3687.0,3928.0,4129.5,2998.5,1904.0,783.5,1154.0,1489.0,1983.5,3103.5,3695.0,3941.5,4159.5,2834.0,1873.0,823.0,1130.0,1438.0,1903.5,3003.5,3569.5,3845.0,3989.5,2832.0,1907.5,813.0,1146.0,1459.5,1903.5,2856.0,3328.5,3627.0,3734.0,2769.0,1906.5,813.0,1136.0,1470.0,1865.0,2729.5,3209.5,3442.0,3575.5,2775.0,1910.0,839.5,1136.0,1465.5,1862.0,2694.5,3141.0,3390.0,3553.0,2743.5,1834.0,864.0,1144.5,1459.5,1857.5,2679.5,3128.5,3410.5,3520.5,2398.5,1577.0,593.0,903.5,1201.5,1636.0,2569.0,3016.5,3278.5,3402.5,2230.5,1468.0,572.5,839.5,1077.5,1518.5,2388.5,2772.0,3033.5,3158.5,2832.0,2296.0,570.0,720.0,1017.5,1198.0,1352.5,1525.5,1752.0,1812.5,2276.0,1574.0,668.5,898.0,1031.0,1492.0,2235.0,2565.5,2697.5,2938.5,2509.5,1961.5,1195.0,1371.0,1455.5,1874.0,2285.0,2466.0,2595.0,2714.5,2923.5,2217.0,740.0,896.5,1118.0,1439.0,1659.5,1854.5,2106.0,2166.5,3108.5,2397.5,682.0,866.5,1176.5,1456.0,1617.0,1817.0,2035.0,2117.0,0.0,0.0,0.0,0.0,0.0,0.0,0.0,0.0,0.0,0.0,0.0,0.0,0.0,0.0,0.0,0.0,0.0,0.0,0.0,0.0,3264.5,2986.5,813.0,1032.0,1298.0,1546.5,1708.0,1860.0,2032.0,2096.0,2834.5,2635.5,770.0,904.5,1090.0,1326.5,1497.0,1659.0,1679.5,1873.5,2801.5,2478.0,745.0,910.0,1081.0,1318.0,1577.0,1750.5,1815.5,1972.5,3050.0,2517.0,760.0,982.0,1112.0,1468.5,2097.0,2325.5,2550.5,2582.5,2959.5,2445.0,720.5,942.0,1035.0,1433.0,2234.5,2489.0,2698.5,2724.5,2847.5,2367.0,720.5,941.0,978.5,1412.0,2354.5,2621.5,2816.5,2845.0,3023.5,2374.5,789.5,1053.0,1141.5,1613.5,2405.0,2651.5,2885.5,2932.5,"{""type"":""MultiPoint"",""coordinates"":[]}"
598,3,2800.0,2171.0,776.0,1078.0,1474.0,1686.0,1773.0,1851.0,2015.0,2042.0,3202.5,2722.0,876.0,1191.5,1640.0,1837.0,1918.0,2058.0,2220.5,2243.5,3545.5,2954.0,2593.0,2594.5,2791.0,3038.5,3129.5,3239.0,3450.5,3343.0,3424.5,3047.5,1020.5,1401.0,1922.5,2134.0,2218.5,2366.5,2499.0,2515.0,2785.5,2298.5,863.0,1192.5,1594.0,1835.0,1918.0,2016.0,2126.5,2152.5,1840.5,1650.5,765.5,1044.5,1380.0,1571.0,1564.0,1677.5,1696.5,1697.0,2799.0,2312.5,847.0,1178.5,1500.0,1766.0,1894.0,2008.0,2106.5,2109.0,583.0,331.0,372.0,605.5,633.0,971.0,1182.5,1303.0,1310.0,1313.5,765.5,418.5,350.0,597.5,486.5,874.0,1490.5,1705.5,1688.5,1670.5,1040.0,510.0,199.0,449.0,212.0,681.0,2058.0,2496.0,2654.0,2538.0,1152.5,518.0,132.0,313.5,86.5,486.5,2349.5,3354.0,3431.5,3405.5,4387.5,3836.0,3339.5,3400.5,3654.0,3807.0,3783.0,3825.5,4050.5,3931.0,1096.0,478.0,173.0,329.0,106.0,460.0,2323.0,3558.0,3658.0,3568.0,1148.5,452.5,1240.5,1329.0,1068.5,1398.0,2897.0,3956.0,4076.0,4030.0,1612.5,861.5,1553.5,1695.5,1416.0,1675.0,2964.5,3870.5,4025.5,4074.0,1127.5,464.5,595.5,821.5,479.0,1045.5,3001.0,4152.5,4338.5,4336.0,1338.0,619.0,350.5,842.5,434.5,1376.0,3425.0,4277.5,4559.5,4461.5,1440.5,702.5,467.0,967.5,607.5,1588.5,3447.0,4073.0,4298.0,4312.0,2549.0,1528.0,914.5,1568.5,1812.5,2889.5,3840.0,4224.5,4604.0,4682.5,3664.0,2410.0,1455.0,2158.0,2983.0,3816.0,4261.0,4647.0,5072.0,5110.0,4662.5,3053.0,1719.5,2404.0,3532.0,4084.0,4363.5,4638.5,5170.5,5141.5,2743.5,1536.5,3385.0,3608.0,4320.0,4877.0,4913.0,5192.5,5284.0,5439.5,2368.0,2116.0,2781.0,2747.0,2957.0,3201.0,3221.0,3233.0,2911.0,3280.0,3639.0,2719.0,1275.0,1592.0,2095.0,2361.0,2456.0,2597.0,2819.0,2890.0,0.0,0.0,0.0,0.0,0.0,0.0,0.0,0.0,0.0,0.0,3700.0,2921.0,904.0,1179.0,1574.0,1819.0,1923.0,2049.0,2240.0,2266.0,0.0,0.0,0.0,0.0,0.0,0.0,0.0,0.0,0.0,0.0,2952.5,2275.5,1857.5,1979.5,2147.0,2395.0,2583.5,2658.5,2763.0,2789.0,0.0,0.0,0.0,0.0,0.0,0.0,0.0,0.0,0.0,0.0,0.0,0.0,0.0,0.0,0.0,0.0,0.0,0.0,0.0,0.0,2959.0,2379.0,880.0,1160.0,1530.0,1730.0,1808.0,1934.0,2095.0,2136.0,3485.0,2850.0,990.0,1320.0,1742.0,1960.0,2035.0,2165.0,2373.0,2384.0,3385.0,2881.0,1072.0,1324.0,1717.0,1943.0,2002.0,2154.0,2350.0,2350.0,3407.5,2801.0,1903.0,2083.0,2314.0,2539.5,2729.0,2836.0,3018.5,3001.0,3666.0,3100.5,1112.5,1371.0,1786.0,1972.5,2058.0,2194.5,2411.5,2403.5,3034.0,2537.0,745.0,1047.0,1463.0,1665.0,1747.0,1882.0,2028.0,2042.0,"{""type"":""MultiPoint"",""coordinates"":[]}"
639,24,3334.5,2686.0,742.5,1034.0,1479.5,1670.0,1757.0,1948.5,2114.5,2196.5,3620.0,3158.0,711.0,998.0,1459.0,1687.0,1779.0,1936.0,2176.0,2180.0,3742.0,3184.0,747.0,1027.0,1572.0,1787.0,1931.0,2059.0,2300.0,2334.0,3936.0,3330.0,793.5,1145.0,1699.5,1937.0,2040.0,2211.0,2367.0,2419.0,4034.5,3373.0,818.5,1187.5,1751.5,1982.0,2076.0,2246.5,2401.0,2488.0,4059.0,3414.5,811.5,1170.5,1750.0,1971.5,2086.0,2238.5,2428.5,2490.5,0.0,0.0,0.0,0.0,0.0,0.0,0.0,0.0,0.0,0.0,4154.0,3485.5,807.0,1211.5,1806.0,2050.5,2122.5,2306.0,2431.5,2537.0,3378.0,2763.0,954.0,1234.5,1718.5,1960.5,2023.0,2176.5,2171.5,2363.5,4049.0,3410.5,885.0,1228.0,1769.0,2024.0,2082.5,2275.5,2343.5,2496.5,4076.5,3428.5,897.5,1245.0,1780.5,2047.0,2113.0,2319.0,2300.5,2506.5,3314.0,2642.5,729.5,1016.0,1401.0,1615.0,1823.0,1992.5,2182.0,2189.5,3968.5,3362.0,840.5,1146.5,1661.0,1913.0,2007.0,2167.5,2208.5,2390.5,3971.5,3374.0,801.0,1126.5,1649.0,1899.0,1983.0,2127.5,2236.5,2359.0,0.0,0.0,0.0,0.0,0.0,0.0,0.0,0.0,0.0,0.0,3923.0,3426.0,798.0,1094.0,1629.0,1862.0,1914.0,2091.0,2183.0,2310.0,3901.5,3324.0,842.0,1153.0,1649.5,1872.0,1937.0,2111.0,2134.5,2296.5,3823.5,3232.0,786.0,1120.5,1625.0,1868.5,1902.5,2061.5,2184.5,2266.5,3765.0,3190.0,768.0,1072.0,1548.5,1771.5,1861.5,2002.5,2102.0,2223.0,3344.5,2723.5,613.0,892.0,1324.0,1547.5,1619.0,1750.5,1889.0,1960.0,3534.0,3138.0,657.5,941.5,1346.5,1499.0,1586.5,1706.0,1897.5,1903.0,3531.0,3074.0,627.0,910.0,1349.0,1496.0,1579.0,1709.0,1871.0,1881.0,2700.0,2119.0,545.0,761.0,1021.0,1284.0,1598.0,1806.0,1917.0,1952.0,3469.5,3158.5,626.5,890.5,1263.0,1431.5,1517.0,1620.5,1748.0,1789.0,3410.0,3095.0,608.5,871.0,1229.5,1373.0,1426.5,1574.5,1685.5,1723.5,3163.5,2855.5,596.5,815.0,1176.0,1307.5,1354.0,1482.0,1645.0,1623.0,3283.5,2989.0,602.5,836.0,1220.5,1334.5,1426.0,1543.0,1688.5,1705.5,783.0,641.0,6752.0,6480.0,6407.0,6473.0,6289.0,6319.0,6196.0,6190.0,3099.0,2674.0,435.0,694.0,1062.0,1181.0,1218.0,1343.0,1562.0,1533.0,2643.0,2062.0,465.0,761.0,820.0,1218.0,1946.0,2167.0,2367.0,2318.0,2292.5,1514.0,491.5,785.5,662.5,1265.5,2437.5,2684.0,2843.0,2806.5,2415.5,1614.5,379.5,728.0,632.5,1214.0,2473.0,2787.5,3047.0,2966.0,2207.5,1369.0,489.0,785.0,638.5,1274.5,2674.5,3034.5,3252.5,3207.5,1908.0,1143.0,322.0,610.0,421.0,1053.0,2780.0,3257.0,3390.0,3389.0,2148.5,1366.5,315.5,629.0,538.0,1120.5,2492.0,2917.0,3197.5,3119.5,2766.0,1877.5,503.5,805.0,957.5,1481.0,2288.0,2620.0,2861.5,2892.5,"{""type"":""MultiPoint"",""coordinates"":[]}"
649,1,1055.0,806.0,196.0,260.0,346.0,446.0,489.0,527.0,633.0,658.0,2463.5,1752.0,639.5,936.0,927.5,1432.5,2569.0,2829.5,2894.5,2995.5,2315.0,2328.0,480.0,590.0,747.0,831.0,891.0,1031.0,1113.0,1163.0,2423.0,2473.0,558.0,626.0,816.0,927.0,1007.0,1108.0,1208.0,1315.0,2709.0,2800.5,625.0,716.0,927.0,1025.5,1089.0,1194.0,1339.0,1407.5,2716.5,2790.5,659.0,748.5,943.0,1061.0,1128.0,1216.0,1347.5,1432.5,2698.0,2738.0,618.0,719.0,908.5,1020.5,1120.0,1252.5,1324.0,1417.0,2680.5,2665.0,593.0,714.0,890.0,994.5,1144.0,1302.0,1368.5,1488.0,2536.5,2369.5,541.5,662.5,779.5,932.5,1252.0,1449.0,1551.0,1674.0,2215.0,1857.0,469.0,582.0,676.0,815.0,1372.0,1716.0,1713.0,1873.0,2147.5,1776.0,429.5,556.0,607.5,764.0,1366.0,1674.0,1750.0,1899.5,1475.0,1306.0,296.0,423.0,519.0,615.0,692.0,751.0,915.0,892.0,2167.5,1755.5,519.5,638.5,656.5,835.0,1506.5,1894.0,1960.5,2131.0,2188.5,1627.5,1230.5,1334.0,1178.0,1435.0,2211.5,2572.5,2574.5,2692.0,2149.5,1588.0,1537.5,1630.5,1491.0,1696.0,2266.5,2558.0,2534.0,2699.0,2125.0,1572.5,899.0,985.5,914.5,1169.0,1937.5,2249.5,2350.5,2453.0,2096.0,1606.0,474.0,645.0,697.0,934.0,1627.0,1914.0,2113.0,2150.0,2201.5,1706.0,503.5,673.0,822.0,1098.0,1618.5,1830.5,1944.0,2106.0,2353.5,1871.0,519.5,711.5,930.5,1191.0,1558.0,1756.0,1870.0,2030.5,2415.0,1935.0,533.0,706.0,963.0,1209.0,1536.0,1780.0,1929.0,2081.0,2643.5,2131.0,525.0,747.5,1082.5,1283.5,1525.0,1784.5,1947.5,2049.0,2254.0,1690.0,1622.0,1671.0,1757.0,2018.0,2212.0,2348.0,2430.0,2527.0,766.0,733.0,607.0,637.0,641.0,751.0,721.0,766.0,720.0,807.0,3660.0,4133.0,1540.0,1954.0,2538.0,3197.0,3596.0,3724.0,2409.0,4008.0,0.0,0.0,0.0,0.0,0.0,0.0,0.0,0.0,0.0,0.0,2240.5,1941.5,488.0,642.5,792.5,991.5,1127.5,1209.0,1321.5,1378.0,2791.0,2488.0,636.0,767.0,981.0,1185.0,1295.0,1452.0,1511.0,1645.0,2271.5,2025.5,384.0,494.5,653.5,834.0,925.5,992.5,1148.0,1195.0,0.0,0.0,0.0,0.0,0.0,0.0,0.0,0.0,0.0,0.0,642.0,431.0,124.0,180.0,214.0,335.0,351.0,396.0,446.0,481.0,400.0,329.0,130.0,136.0,181.0,233.0,264.0,307.0,358.0,377.0,1576.0,1331.0,324.0,425.0,522.0,633.0,721.0,800.0,886.0,952.0,1807.0,1583.0,474.0,576.0,641.0,808.0,928.0,1036.0,1117.0,1131.0,1980.5,1611.0,481.0,559.5,633.0,835.5,1040.0,1124.5,1238.5,1288.0,2230.0,1810.0,518.5,661.5,782.0,1003.0,1262.0,1372.5,1542.5,1547.0,0.0,0.0,0.0,0.0,0.0,0.0,0.0,0.0,0.0,0.0,"{""type"":""MultiPoint"",""coordinates"":[]}"
657,2,3718.0,2823.0,703.0,876.5,1263.0,1499.5,1655.5,1905.5,2255.5,2353.0,3524.0,3326.5,922.5,1115.0,1367.5,1531.5,1611.0,1732.0,1919.5,1974.0,3558.5,3417.0,976.5,1155.5,1405.0,1571.5,1632.0,1762.5,1941.5,1991.5,3675.5,3478.0,955.0,1182.5,1450.0,1624.5,1719.5,1889.0,2057.0,2098.0,3687.0,3524.5,1004.0,1220.0,1462.5,1677.5,1856.5,1993.0,2120.5,2205.5,3638.0,3390.0,1028.5,1238.5,1457.5,1715.5,2007.5,2182.0,2333.5,2419.0,3574.0,3155.0,952.0,1209.0,1374.0,1671.5,2193.0,2385.5,2511.5,2604.5,3152.5,2483.5,686.0,1026.0,1032.5,1549.0,2332.5,2522.0,2804.0,2729.0,3023.0,2371.0,572.0,947.5,867.0,1497.0,2862.0,3321.5,3515.0,3564.5,2744.5,2018.0,446.0,720.5,664.0,1130.0,2802.5,3285.0,3414.0,3491.5,2663.0,1718.5,436.0,763.5,624.5,1235.0,3077.0,3813.0,4007.0,3899.5,2947.5,2736.0,651.5,813.5,1026.0,1185.0,1268.5,1391.5,1541.0,1626.5,2522.0,1713.0,394.0,661.5,549.0,1133.5,3044.5,3833.5,4023.5,3929.5,1964.5,1188.0,263.0,548.5,343.0,944.5,3164.5,3874.0,4117.0,4127.5,2137.0,1283.5,310.5,576.0,387.0,1010.0,3502.0,4355.5,4577.5,4581.0,2418.5,1525.0,504.5,757.0,662.0,1174.5,3126.0,3963.0,4280.0,4273.5,2548.5,1760.5,518.0,795.0,759.0,1270.5,2651.5,3164.0,3569.0,3550.0,2668.0,1829.0,582.5,856.5,913.0,1468.5,2510.5,2986.0,3249.5,3299.5,2668.5,1894.0,702.0,959.5,1082.0,1569.0,2581.0,2982.5,3313.0,3392.0,2552.5,1859.5,769.5,1027.0,1170.5,1700.0,2764.5,3157.5,3521.5,3579.5,2508.0,1736.0,610.5,896.5,1093.0,1654.5,2822.5,3256.5,3584.0,3649.0,2700.5,1877.0,661.0,898.5,1219.0,1790.0,2658.0,2993.0,3382.0,3461.5,2925.5,2695.0,591.0,779.0,1029.0,1180.0,1287.0,1401.5,1587.5,1620.5,3067.5,2479.5,760.0,1045.0,1401.0,1790.0,2371.0,2762.5,3067.0,3288.5,3201.5,2772.5,1928.0,1925.0,2081.0,2360.5,2468.0,2638.5,2806.5,2884.0,3564.5,3247.0,2432.5,2421.5,2491.5,2680.0,2665.5,2755.0,2881.5,2907.5,2796.0,2576.5,583.0,718.5,913.0,1124.0,1188.0,1302.0,1434.5,1572.0,3589.0,2884.5,2451.0,2441.5,2585.0,2865.5,3002.0,3050.0,3150.5,3201.5,0.0,0.0,0.0,0.0,0.0,0.0,0.0,0.0,0.0,0.0,3935.5,3679.5,1114.0,1409.0,1717.5,1970.5,1998.5,2149.0,2335.5,2402.5,4058.0,3888.0,1187.0,1469.0,1788.0,2016.5,2075.0,2272.5,2410.0,2507.5,2714.5,2610.5,585.0,718.0,929.0,995.0,1153.5,1221.5,1378.0,1438.5,2809.0,2565.0,628.5,778.5,979.0,1125.5,1175.5,1327.5,1444.5,1525.5,2938.5,2605.5,817.0,1037.5,1217.5,1390.0,1446.5,1568.0,1800.5,1822.5,3633.0,3386.0,975.0,1190.5,1471.0,1667.5,1749.5,1901.0,2090.5,2142.0,3248.5,3008.5,755.0,951.5,1198.0,1321.5,1430.0,1562.0,1737.5,1786.5,"{""type"":""MultiPoint"",""coordinates"":[]}"
667,36,1475.0,640.0,290.0,550.0,216.5,899.0,3880.5,5100.0,5272.5,5293.0,3533.0,2242.0,669.0,1054.5,1306.5,1955.0,2755.5,3141.0,3493.0,3618.5,2913.5,1649.0,490.5,822.0,912.0,1508.5,3012.0,3516.5,3888.5,3953.0,1975.5,1020.0,326.5,608.0,532.0,1063.0,3032.0,3695.0,4020.5,4078.0,1792.0,876.5,301.0,538.0,332.0,878.5,3293.5,4375.5,4668.5,4589.5,1770.5,834.5,329.0,551.5,329.5,889.0,3352.0,4375.5,4670.5,4589.5,4698.5,3052.5,1235.0,1696.5,2241.5,2915.5,3536.0,3919.5,4320.0,4522.0,3790.0,2609.0,764.5,1059.5,1417.5,1799.0,2284.5,2604.0,2830.0,2955.5,3938.0,2708.0,846.5,1173.5,1583.0,1971.0,2426.5,2649.0,2867.0,3056.0,4363.0,3443.0,1209.0,1590.0,2156.5,2470.0,2488.0,2718.5,2902.5,3079.5,4357.0,3504.0,1304.0,1703.5,2312.0,2613.0,2600.5,2811.0,3028.5,3113.0,1568.0,658.5,153.5,351.5,126.0,639.0,3508.5,5025.0,5382.0,5299.5,4371.0,3504.0,1324.0,1740.5,2404.0,2739.0,2697.0,2887.5,3040.0,3164.0,4223.0,3341.5,1269.5,1676.0,2329.0,2650.5,2635.5,2812.0,2963.5,3081.0,4178.5,3198.5,1258.5,1661.0,2282.0,2621.0,2695.0,2862.0,3045.0,3205.5,3931.0,3035.5,1225.0,1556.5,2133.5,2430.5,2590.5,2793.0,2981.0,3053.5,3787.5,2985.5,1115.0,1480.0,2008.0,2315.5,2470.5,2669.5,2864.5,2952.5,3742.5,2985.5,1053.0,1420.5,1920.5,2246.0,2357.0,2568.5,2753.0,2850.5,3751.5,3231.0,1046.0,1361.5,1841.0,2106.5,2222.0,2389.5,2571.5,2652.0,4040.5,3739.0,1276.0,1599.5,2070.0,2332.5,2415.5,2599.0,2795.0,2834.5,4023.5,3790.0,1278.0,1621.5,2110.0,2340.5,2401.5,2565.0,2748.0,2775.5,3848.5,3473.0,1191.0,1504.0,1939.5,2171.5,2234.0,2377.0,2615.0,2610.5,1549.5,650.0,59.0,298.0,72.0,636.0,3664.0,5218.0,5559.0,5476.5,3691.0,3427.5,913.0,1182.0,1599.5,1869.0,1893.0,2044.0,2177.5,2288.0,3916.0,3654.0,1528.5,1764.5,2109.5,2293.5,2365.5,2480.0,2670.0,2724.5,2334.0,1829.0,500.5,635.5,834.0,1051.0,1189.0,1333.5,1484.0,1530.5,2425.0,1851.5,531.0,707.0,882.5,1141.0,1350.5,1489.0,1648.5,1712.5,2973.5,2067.0,1119.5,1331.5,1261.5,1816.0,2722.0,3003.0,3137.0,3247.5,0.0,0.0,0.0,0.0,0.0,0.0,0.0,0.0,0.0,0.0,1788.5,785.0,84.0,398.5,90.5,829.5,4285.0,6108.0,6320.0,6297.5,1771.5,775.5,241.5,546.5,154.0,910.5,4295.5,6217.5,6950.0,6297.5,2783.0,1474.0,511.0,821.0,538.5,1420.5,3733.5,4735.0,5937.5,5092.0,1717.0,876.0,249.5,575.5,465.0,1104.0,2599.5,3014.0,3399.5,3313.5,1717.0,876.0,249.5,575.5,465.0,1104.0,2599.5,3014.0,3399.5,3313.5,1721.5,738.5,172.0,548.0,175.0,946.0,4219.0,5585.5,5934.5,5769.5,1866.0,821.5,158.0,547.5,165.5,948.0,4450.5,5960.5,6337.0,6196.5,"{""type"":""MultiPoint"",""coordinates"":[]}"
733,69,0.0,0.0,0.0,0.0,0.0,0.0,0.0,0.0,0.0,0.0,3230.0,2661.0,762.0,1048.0,1295.0,1685.0,2110.0,2316.0,2547.0,2604.0,3514.5,2714.5,741.5,1043.0,1332.0,1726.0,2168.5,2450.0,2674.5,2765.5,3381.0,2645.0,692.0,980.0,1248.0,1636.0,2169.0,2404.0,2614.0,2716.0,3382.0,2534.0,652.5,994.0,1248.0,1721.5,2465.5,2799.0,3027.0,3113.0,3325.0,2383.0,610.0,955.5,1194.0,1709.5,2506.0,2873.0,3064.5,3203.0,3505.5,2510.5,647.0,1009.0,1327.5,1882.0,2801.0,3147.5,3412.5,3539.5,3481.0,2357.0,602.5,937.0,1275.0,1794.5,2624.5,2973.0,3207.0,3392.0,3688.0,2571.5,646.0,989.0,1401.0,1909.0,2664.0,3040.5,3254.0,3437.0,3628.0,2534.0,630.0,976.0,1393.0,1893.0,2666.0,2948.0,3236.0,3395.0,3638.0,2633.0,649.0,944.0,1353.0,1801.0,2561.0,2953.0,3169.0,3376.0,2520.0,2193.0,352.0,549.0,742.0,964.0,1147.0,1292.0,1513.0,1485.0,3595.0,2560.0,711.0,1010.0,1398.0,1849.0,2471.0,2822.0,3091.0,3250.0,3593.5,2523.0,1574.0,1754.5,1914.5,2239.0,2839.0,3181.5,3359.5,3463.0,2457.0,1663.0,1216.5,1311.0,1369.0,1687.0,2172.5,2438.0,2452.5,2622.5,3453.0,2403.5,938.5,1158.5,1422.0,1871.0,2494.0,2773.5,3048.0,3163.5,3358.0,2368.0,634.5,937.0,1300.0,1742.0,2281.5,2585.0,2862.5,2994.0,3126.5,2193.0,533.0,807.5,1104.5,1533.0,2084.0,2417.0,2666.5,2845.5,3177.5,2215.5,577.5,849.0,1177.5,1599.5,2100.5,2408.0,2653.0,2829.0,3389.0,2476.0,620.0,900.0,1298.0,1722.0,2198.0,2533.0,2771.0,2971.0,3299.0,2364.5,599.5,891.0,1343.5,1761.0,2170.0,2406.0,2797.5,2880.0,2305.0,1463.0,404.0,629.0,943.0,1366.0,1675.0,1919.0,2097.0,2256.0,0.0,0.0,0.0,0.0,0.0,0.0,0.0,0.0,0.0,0.0,2536.0,1799.0,406.0,614.0,810.0,1231.0,1598.0,1878.0,2036.0,2201.0,0.0,0.0,0.0,0.0,0.0,0.0,0.0,0.0,0.0,0.0,3416.5,2833.5,1876.0,2073.5,1993.5,2480.5,3305.0,3451.0,3694.0,3600.5,2099.0,1403.0,377.0,628.0,534.0,1124.0,2144.0,2372.0,2572.0,2587.0,2151.0,1346.0,797.0,1051.5,909.0,1514.0,2740.0,2963.0,3182.5,3133.5,0.0,0.0,0.0,0.0,0.0,0.0,0.0,0.0,0.0,0.0,0.0,0.0,0.0,0.0,0.0,0.0,0.0,0.0,0.0,0.0,2431.0,2300.0,1534.0,1499.0,1488.0,1677.0,2043.0,2206.0,2299.0,2278.0,2817.0,2372.5,550.5,772.0,943.0,1209.5,1535.5,1678.0,1922.0,1912.0,3025.0,2612.0,699.0,900.0,1100.0,1376.0,1752.0,1891.0,2126.0,2076.0,2393.0,1793.0,397.0,615.0,722.0,1046.0,1619.0,1765.0,1966.0,2007.0,3007.0,2474.0,658.0,951.0,1132.0,1511.0,2157.0,2376.0,2638.0,2561.0,0.0,0.0,0.0,0.0,0.0,0.0,0.0,0.0,0.0,0.0,"{""type"":""MultiPoint"",""coordinates"":[]}"
787,204,3106.5,2461.5,644.0,838.0,1237.0,1512.0,1690.0,1919.5,2167.0,2282.0,2571.5,2096.0,561.5,809.5,890.5,1288.0,2150.0,2410.0,2542.0,2586.5,2283.5,1839.5,487.5,712.5,760.5,1122.5,2167.5,2529.5,2657.0,2689.5,2201.0,1752.0,468.0,672.5,747.5,1095.0,2166.5,2558.5,2700.0,2741.5,2191.0,1742.0,485.5,689.5,780.5,1139.5,2186.0,2621.0,2724.5,2829.5,2298.0,1874.0,484.0,697.5,813.0,1145.5,2102.5,2548.5,2675.0,2806.5,2357.5,1938.0,502.5,729.5,835.5,1151.0,2112.0,2556.0,2671.0,2784.0,2246.0,1743.5,473.5,704.0,815.5,1140.5,2113.0,2507.5,2604.5,2739.0,2161.0,1716.0,461.0,662.5,719.0,1053.5,1972.0,2457.5,2546.5,2667.0,2220.0,1827.0,456.0,669.0,745.0,1051.5,1970.5,2455.0,2527.0,2670.0,2195.5,1782.0,457.0,667.5,759.5,1092.0,2020.0,2465.0,2535.5,2688.0,3226.0,2725.0,690.0,855.5,1189.5,1387.0,1557.0,1790.5,1944.5,2111.0,2276.5,1868.0,483.5,691.0,790.5,1125.5,2031.5,2518.5,2645.5,2760.5,2135.5,1697.0,504.5,713.0,798.0,1114.5,1971.5,2389.0,2471.0,2646.0,2140.5,1701.0,734.5,918.0,932.5,1275.0,2118.5,2539.5,2618.0,2743.0,2004.0,1573.5,758.0,871.0,914.5,1200.0,1968.0,2356.5,2484.5,2599.0,1981.0,1522.0,501.5,673.0,766.0,1071.5,1865.0,2246.0,2427.5,2482.5,1906.0,1476.0,485.5,663.5,753.5,1053.5,1761.0,2116.0,2265.0,2374.0,1963.5,1448.0,1258.0,1439.5,1462.5,1714.5,2310.0,2539.0,2662.5,2715.5,1843.0,1338.0,854.5,944.0,957.5,1199.5,1797.5,2069.5,2201.5,2264.0,1964.5,1432.5,429.0,631.0,761.0,1056.0,1804.5,2068.0,2283.5,2403.5,1766.5,1242.0,394.5,548.5,657.0,1038.0,1711.0,2041.0,2141.0,2334.5,2973.0,2469.5,550.0,710.5,1020.5,1210.0,1378.0,1561.5,1759.5,1843.5,1753.5,1233.5,373.0,500.0,609.5,978.0,1608.0,1896.0,2005.5,2183.5,2552.5,2041.5,1381.5,1427.0,1418.5,1724.0,1997.0,2169.5,2399.5,2361.5,2809.5,2362.5,1400.5,1419.5,1466.0,1683.0,1833.0,1980.5,2223.0,2155.0,2731.5,2259.0,525.5,681.5,861.5,1080.5,1284.0,1447.5,1614.0,1681.0,2602.0,2087.5,355.0,558.5,835.5,1081.5,1255.5,1395.0,1529.0,1659.0,0.0,0.0,0.0,0.0,0.0,0.0,0.0,0.0,0.0,0.0,2883.0,2597.5,513.5,694.0,919.5,1105.0,1254.0,1365.5,1544.0,1634.5,2699.0,2543.0,566.0,738.0,975.0,1141.0,1259.0,1380.0,1523.0,1584.0,2685.5,2484.5,600.5,789.5,1022.5,1205.0,1328.5,1454.5,1621.0,1655.0,0.0,0.0,0.0,0.0,0.0,0.0,0.0,0.0,0.0,0.0,3441.0,3031.5,847.5,1072.0,1355.0,1614.0,1782.0,1954.5,2127.0,2221.0,3576.5,3265.5,860.5,1167.5,1492.0,1729.0,1867.0,2048.0,2216.5,2266.5,3575.0,3307.0,870.0,1145.0,1466.0,1702.0,1861.0,2026.5,2211.0,2259.5,"{""type"":""MultiPoint"",""coordinates"":[]}"
812,36,2003.5,1077.5,347.5,768.5,535.0,1360.0,3146.0,3495.0,3664.5,3655.5,2180.0,1222.0,456.0,753.0,683.0,1211.0,2921.0,3276.0,3586.0,3493.0,2029.0,1001.5,378.5,664.0,447.5,1012.0,3541.0,4199.5,4407.5,4357.5,2877.0,1785.5,718.0,1019.5,1052.5,1601.0,3407.5,4050.5,4275.5,4364.5,3359.5,2381.0,866.0,1212.0,1455.0,1906.5,2955.0,3274.0,3509.5,3537.0,2293.0,1140.0,468.0,762.0,573.0,1129.0,3842.0,4506.0,4541.0,4565.0,1989.0,975.0,481.0,690.0,493.0,985.0,3533.0,4323.0,4377.0,4546.0,3086.5,2115.5,834.0,1081.5,1327.5,1785.0,3019.5,3654.5,3668.0,3868.5,4125.0,3249.0,1256.0,1608.0,2227.0,2628.0,2938.0,3232.0,3242.0,3515.0,3179.0,2141.0,856.0,1171.0,1375.0,1876.0,2859.0,3170.0,3070.0,3401.0,2685.5,1713.0,720.0,990.0,1080.0,1515.0,2933.5,3389.0,3260.0,3575.5,1965.0,972.0,358.0,713.0,464.0,1171.0,3230.0,3641.0,3794.0,3754.0,2565.0,1739.0,605.0,882.0,1009.0,1406.0,2499.0,2979.0,2903.0,3245.0,4128.0,3091.0,1188.0,1568.0,2099.0,2593.0,2903.0,3137.0,3233.5,3486.0,3954.0,3066.5,1139.0,1545.0,2145.5,2511.0,2785.0,3014.0,3026.0,3312.0,3899.0,3079.0,1193.0,1591.0,2230.0,2542.0,2877.0,3090.0,3274.0,3355.0,3100.5,2141.5,795.0,1106.5,1253.5,1684.5,2773.5,3080.5,2995.5,3268.5,3093.0,2306.5,886.5,1189.5,1442.0,1776.5,2538.0,2844.0,2793.5,3073.0,2935.0,2817.5,868.0,1187.5,1700.5,1866.0,1997.5,2087.5,2159.0,2204.5,0.0,0.0,0.0,0.0,0.0,0.0,0.0,0.0,0.0,0.0,2899.0,2864.0,907.0,1220.0,1751.0,1859.0,1927.0,2012.0,2293.0,2146.0,2731.5,2631.0,878.5,1192.0,1693.0,1812.0,1910.5,2016.5,2154.5,2111.0,1902.0,930.0,222.0,733.0,330.0,1371.0,3793.0,4183.0,4256.0,4346.0,2691.0,2520.0,822.0,1171.0,1649.0,1762.0,1844.0,1977.0,2102.0,2085.0,2668.0,2630.0,806.0,1103.0,1630.0,1733.0,1756.0,1925.0,2022.0,1987.0,2555.0,2410.0,715.0,1061.0,1501.0,1644.0,1710.0,1796.0,1942.0,1955.0,2822.5,2681.0,833.0,1174.0,1680.5,1826.5,1901.5,2022.0,2166.5,2119.5,2437.5,2302.5,681.0,981.0,1446.0,1532.5,1618.0,1734.5,1906.0,1846.0,1948.0,1573.0,517.0,783.0,1175.0,1295.0,1409.0,1526.0,1595.0,1619.0,2105.0,975.0,315.0,695.0,343.0,1086.0,3882.0,4491.0,4742.0,4639.0,2945.0,1880.0,585.0,932.0,1009.0,1664.0,2700.0,3029.0,3382.0,3372.0,2460.0,1555.0,470.0,775.0,786.5,1353.5,2679.5,3023.5,3322.5,3269.0,2119.0,1157.0,408.0,687.0,529.0,1120.0,3123.0,3521.0,3797.0,3703.0,2092.5,1014.0,370.5,658.0,419.0,1049.5,3916.5,4598.0,4847.5,4792.0,1842.5,809.5,389.5,647.0,405.5,992.5,3737.5,4515.0,4787.0,4783.0,3319.0,2342.0,699.0,1041.0,1175.0,1794.0,2642.0,2909.0,3245.0,3217.0,"{""type"":""MultiPoint"",""coordinates"":[]}"
860,3,333.0,310.0,563.0,1108.0,1410.0,1682.0,1321.0,1175.0,1049.0,843.0,3496.0,3150.0,683.0,1173.0,1771.0,2041.0,2096.0,2243.0,2344.0,2396.0,365.0,359.0,0.0,189.0,275.0,553.0,304.0,469.0,285.0,414.0,555.0,458.0,155.0,295.0,325.0,561.0,464.0,485.0,432.0,384.0,978.5,702.5,294.5,483.5,429.0,808.0,1069.5,1155.0,1082.0,1149.5,1718.0,962.0,239.0,576.0,263.0,941.0,2587.0,3048.0,2977.0,3013.0,2140.5,1131.0,232.5,575.0,267.0,986.5,3385.0,4419.5,4546.0,4470.5,1843.5,974.0,128.5,353.5,184.0,685.5,2787.0,4375.5,4557.5,4593.0,1608.0,883.5,122.5,270.5,132.5,579.0,2531.5,4475.5,4663.0,4742.5,1411.0,671.0,114.0,255.0,146.0,468.0,2344.0,4152.0,4491.0,4442.0,1432.0,773.5,302.5,390.5,261.5,580.5,2347.0,4161.5,4339.5,4357.5,518.5,485.0,353.5,694.0,805.0,1002.5,803.0,820.5,729.0,656.0,1649.0,927.0,1529.0,1501.0,1343.0,1593.0,2500.0,3476.0,3704.0,3783.0,1697.0,837.0,1210.5,1457.0,1174.5,1812.0,3436.0,4539.5,4833.5,4947.5,1892.0,1069.0,1226.0,1442.5,1168.5,1863.5,3354.0,4184.0,4369.0,4504.5,1986.5,1106.5,901.5,1227.5,946.0,1818.5,3494.5,4309.5,4579.5,4633.5,2041.0,1236.0,403.0,973.0,768.0,1829.0,3611.0,4326.0,4706.0,4605.0,2289.5,1351.0,548.5,1089.0,1004.0,2036.0,3384.0,3995.5,4363.0,4453.5,3003.5,1852.5,791.0,1467.5,1543.0,2732.5,3881.0,4501.0,4987.5,5033.0,3370.0,2195.0,910.0,1621.0,1844.0,2908.0,3814.0,4323.0,4815.0,4904.0,3820.0,2932.0,919.5,1349.0,1983.5,2338.5,2499.0,2684.0,2912.0,2955.5,2035.0,1250.0,2426.0,2406.0,2477.0,2742.0,2710.0,2678.0,2780.0,2695.0,1441.0,1124.0,1686.0,1757.0,1765.0,1968.0,1916.0,1904.0,1876.0,1883.0,2063.0,1657.0,1214.0,1456.0,1663.0,1827.0,1843.0,1891.0,2168.0,1901.0,0.0,0.0,0.0,0.0,0.0,0.0,0.0,0.0,0.0,0.0,527.0,445.0,525.0,909.0,1111.0,1351.0,1113.0,1098.0,1088.0,910.0,0.0,0.0,0.0,0.0,0.0,0.0,0.0,0.0,0.0,0.0,421.0,334.0,453.0,734.0,854.0,1056.0,798.0,760.0,647.0,669.0,0.0,0.0,0.0,0.0,0.0,0.0,0.0,0.0,0.0,0.0,451.0,367.0,790.0,1011.0,992.0,1156.0,956.0,956.0,858.0,760.0,375.0,343.0,465.0,964.0,1076.0,1335.0,994.0,988.0,882.0,660.0,997.0,735.5,383.5,807.0,957.5,1259.0,1184.0,1237.5,1203.5,1183.0,2118.0,1564.0,542.0,799.0,1037.0,1226.0,1351.0,1404.0,1464.0,1498.0,1255.0,863.0,461.0,779.0,1008.0,1353.0,1397.0,1437.0,1477.0,1509.0,2751.0,2301.5,650.5,1026.5,1406.0,1661.5,1768.0,1890.0,1920.5,1931.5,2719.0,2467.0,411.0,763.0,1229.0,1453.0,1488.0,1624.0,1662.0,1723.0,"{""type"":""MultiPoint"",""coordinates"":[]}"
895,3,57.0,69.0,626.0,990.0,1123.0,1289.0,945.0,952.0,857.0,645.0,3646.0,3373.0,871.0,1212.5,1647.5,1841.5,1929.5,2082.0,2290.0,2291.5,4178.0,3710.0,989.0,1432.0,1992.0,2224.0,2307.0,2463.0,2692.0,2708.0,2183.5,2071.0,511.0,800.5,1198.0,1381.0,1406.0,1543.5,1680.0,1702.0,51.0,62.0,182.0,359.5,480.0,626.5,423.5,501.0,470.5,378.5,208.0,186.0,325.0,496.5,577.5,735.0,515.5,579.5,565.0,449.0,559.0,368.5,496.0,762.5,646.0,1043.0,1209.0,1327.5,1349.0,1274.5,854.0,475.0,267.5,469.0,374.5,722.5,1242.5,1379.0,1409.5,1426.0,1723.0,884.0,275.0,527.0,303.0,834.5,2368.0,2970.5,3022.5,3054.5,1397.0,605.0,140.0,328.0,128.0,483.0,2670.0,4119.0,4434.0,4326.0,1372.0,577.5,137.5,303.5,98.5,471.5,2745.5,4502.0,4684.0,4676.0,74.5,63.0,534.0,795.0,937.5,1041.5,800.0,850.5,833.0,685.5,1222.0,515.0,153.0,286.0,88.0,399.0,2436.0,4315.0,4577.0,4526.0,1280.0,482.5,1344.0,1461.5,1152.5,1400.0,3065.0,4639.5,4841.0,4847.5,1289.0,528.5,1122.0,1228.0,965.0,1301.0,2846.0,4139.5,4249.5,4398.5,1262.0,532.5,941.5,1104.5,753.5,1315.0,3021.5,4172.5,4423.0,4410.0,1453.0,665.0,251.0,785.5,382.0,1384.5,3574.0,4622.5,4944.0,4898.5,1555.0,748.5,417.0,920.0,578.5,1528.0,3601.5,4441.5,4682.5,4691.5,1759.5,906.5,481.5,1047.5,798.5,1852.0,3722.5,4366.0,4741.0,4762.0,1983.0,1089.0,541.0,1142.0,986.0,2082.0,3627.0,4179.0,4556.0,4607.0,4105.5,2742.5,1300.5,1957.5,2672.0,3491.5,4027.0,4351.0,4967.5,4932.5,2058.0,1410.0,2882.0,2909.0,2931.0,3134.0,3045.0,3038.0,3193.0,3079.0,1518.0,1399.0,1961.0,2183.0,2418.0,2657.0,2550.0,2650.0,2523.0,2466.0,923.0,656.0,606.0,728.0,954.0,1126.0,1104.0,1208.0,1285.0,1274.0,0.0,0.0,0.0,0.0,0.0,0.0,0.0,0.0,0.0,0.0,37.0,27.0,347.0,560.5,702.5,823.5,665.0,727.5,716.5,598.5,0.0,0.0,0.0,0.0,0.0,0.0,0.0,0.0,0.0,0.0,1.0,0.0,196.0,409.0,515.0,664.0,598.0,663.0,665.0,554.0,0.0,0.0,0.0,0.0,0.0,0.0,0.0,0.0,0.0,0.0,0.0,0.0,0.0,0.0,0.0,0.0,0.0,0.0,0.0,0.0,14.0,13.0,647.0,978.0,1137.0,1287.0,1020.0,1050.0,1015.0,857.0,50.0,47.0,309.5,556.0,716.5,856.0,716.5,807.0,843.5,720.5,2881.0,2356.5,1211.5,1542.0,1788.0,1990.0,2182.0,2382.5,2324.0,2589.5,2466.0,1723.5,950.5,1147.5,1329.0,1486.5,1588.0,1693.0,1826.0,1843.5,4443.0,3875.0,1998.5,2397.0,2758.0,3028.5,3178.0,3360.5,3462.5,3567.5,3049.0,2826.0,615.0,897.0,1240.0,1409.0,1504.0,1629.0,1803.0,1818.0,"{""type"":""MultiPoint"",""coordinates"":[]}"
901,176,1649.0,1296.0,2667.0,2600.0,2623.5,2736.0,2772.0,2818.0,2833.0,2840.0,4129.5,2987.0,1023.5,1455.0,2049.5,2532.5,2917.0,3275.0,3682.0,3691.0,4301.0,3407.5,1089.0,1529.0,2220.0,2523.0,2686.5,2937.0,3230.5,3289.0,4330.0,3553.0,1095.0,1539.0,2193.0,2479.0,2627.0,2836.0,3078.0,3163.0,4324.0,3518.5,1150.0,1613.0,2283.0,2574.5,2699.0,2933.0,3210.5,3253.0,4378.0,3560.5,1166.0,1609.0,2299.0,2600.0,2721.0,2909.0,3151.0,3267.0,4367.0,3564.0,1155.0,1634.0,2301.0,2575.0,2689.5,2897.5,3187.0,3233.5,4378.5,3610.5,1160.0,1614.5,2269.0,2550.0,2644.0,2869.5,3101.0,3194.5,4362.0,3582.0,1166.5,1626.5,2287.5,2585.0,2651.0,2873.5,3107.0,3200.5,4303.0,3480.0,1113.0,1572.0,2218.0,2471.0,2591.0,2803.0,3128.0,3170.0,4301.0,3554.5,1128.5,1561.0,2200.0,2482.0,2567.5,2791.5,3022.0,3109.5,2511.0,2014.0,393.0,647.0,870.0,1117.0,1493.0,1628.0,1861.0,1851.0,4322.0,3581.5,1132.0,1583.0,2203.5,2471.0,2586.5,2776.5,3004.0,3104.0,4152.0,3433.5,1800.5,2043.0,2396.5,2638.5,2825.5,3010.0,3193.0,3243.5,4170.0,3450.0,1604.5,1811.5,2153.0,2438.0,2623.5,2854.0,2967.0,3117.5,4164.0,3402.0,1152.0,1523.0,2093.5,2366.5,2500.5,2695.5,2928.5,3011.0,4056.0,3381.0,999.5,1408.0,2008.5,2262.5,2358.0,2560.5,2836.5,2874.5,3762.5,3127.5,858.0,1250.0,1766.5,2011.0,2078.0,2305.5,2502.0,2596.5,3623.0,3106.5,851.0,1195.5,1664.5,1875.5,1982.0,2168.5,2357.0,2418.5,3424.0,3118.0,896.0,1179.0,1588.0,1743.0,1857.0,2022.0,2223.0,2226.0,3312.5,2916.5,810.5,1127.0,1550.0,1716.5,1792.0,1953.0,2208.5,2182.0,2788.0,2188.0,1887.0,1869.0,1977.0,2205.0,2388.0,2531.0,2768.0,2675.0,0.0,0.0,0.0,0.0,0.0,0.0,0.0,0.0,0.0,0.0,0.0,0.0,0.0,0.0,0.0,0.0,0.0,0.0,0.0,0.0,4958.0,5030.0,4026.0,4018.0,4003.0,4443.0,4707.0,4868.0,4681.0,4877.0,1989.0,1159.0,355.5,756.0,538.5,1293.5,2831.5,3036.5,3211.0,3132.0,1830.0,937.0,301.0,659.0,380.0,1167.0,3234.0,3743.0,3834.0,3855.0,1830.5,879.5,518.0,862.5,495.5,1361.5,4169.0,4747.5,4980.5,4887.5,0.0,0.0,0.0,0.0,0.0,0.0,0.0,0.0,0.0,0.0,2362.0,1723.0,515.0,774.0,844.0,1258.0,1946.0,2152.0,2299.0,2356.0,1782.0,1097.0,253.0,461.0,431.0,834.0,1670.0,1932.0,2090.0,2069.0,2028.0,1179.0,199.0,517.0,384.0,959.0,2860.0,3328.0,3645.0,3572.0,2067.0,1184.0,370.0,628.0,432.0,990.0,3103.0,3804.0,4115.0,4014.0,420.0,207.0,80.0,161.0,93.0,248.0,946.0,1223.0,1284.0,1281.0,2147.0,1149.5,324.5,626.0,469.0,1043.5,2991.5,3776.5,4181.5,4041.5,3008.0,1872.0,542.0,874.0,1091.0,1671.0,2631.0,3026.0,3431.0,3500.0,"{""type"":""MultiPoint"",""coordinates"":[]}"
990,3,2962.0,2373.0,717.0,1004.0,1449.0,1671.0,1779.0,1894.0,2047.0,2169.0,3683.5,3410.0,847.5,1235.5,1725.5,1929.5,2021.0,2174.5,2351.5,2374.5,505.0,479.5,515.5,757.5,983.0,1102.0,874.5,917.5,863.5,777.5,482.5,452.0,875.0,1115.5,1220.0,1381.5,1241.0,1324.0,1349.5,1233.5,150.0,150.5,271.0,384.0,428.5,564.0,562.0,613.5,650.0,627.5,1107.5,719.0,387.0,575.5,504.0,793.5,1003.0,1080.5,1172.5,1191.5,587.5,405.5,252.5,414.5,318.5,605.5,981.5,1127.0,1087.0,1083.0,1124.0,652.0,249.5,454.0,224.5,625.0,1821.5,2282.0,2306.0,2270.5,1458.5,678.5,180.0,376.5,148.0,532.5,2667.5,4106.0,4152.0,4152.5,1300.0,538.0,163.0,290.0,103.0,424.0,2661.0,4524.0,4711.0,4783.0,1277.0,556.0,224.0,370.5,151.0,499.0,2721.5,4458.5,4660.0,4692.0,3524.5,3039.5,784.0,1122.0,1602.5,1788.0,1883.5,2042.5,2280.0,2313.5,1313.0,616.0,128.0,377.0,136.0,546.0,2777.0,4238.0,4333.0,4515.0,1359.0,618.0,254.0,595.0,260.5,950.5,3076.0,4144.5,4447.5,4428.5,1674.0,790.0,1695.0,1830.0,1423.5,2006.0,3238.0,3932.5,4037.0,4224.5,1995.5,970.5,966.0,1406.5,959.0,2097.5,3980.0,4559.5,4858.5,4923.0,2248.0,1285.0,659.0,1185.0,1105.0,2144.0,3271.0,3705.0,3992.0,4098.0,3322.0,2113.0,956.5,1533.0,1778.0,2637.0,3409.5,3748.5,4053.5,4284.0,5229.0,3441.0,1388.5,1909.0,2650.5,3205.5,3497.0,3782.5,4206.5,4354.0,5430.0,3803.0,1441.0,2007.0,2875.0,3336.0,3518.0,3823.0,4185.0,4342.0,3492.0,2853.5,799.5,1200.0,1740.5,1968.0,2052.5,2200.5,2417.0,2468.0,0.0,0.0,0.0,0.0,0.0,0.0,0.0,0.0,0.0,0.0,0.0,0.0,0.0,0.0,0.0,0.0,0.0,0.0,0.0,0.0,1901.5,1327.0,469.5,677.5,970.5,1148.5,1224.5,1325.0,1388.5,1500.0,1984.5,1370.0,571.0,729.0,997.5,1205.0,1297.5,1419.0,1484.0,1586.0,2155.0,1637.5,514.0,716.5,972.5,1162.0,1268.5,1395.5,1519.5,1533.5,2573.0,2017.0,698.0,878.0,1167.0,1371.0,1453.0,1562.0,1648.0,1765.0,2701.0,2264.0,638.0,791.0,1087.0,1328.0,1487.0,1574.0,1746.0,1770.0,0.0,0.0,0.0,0.0,0.0,0.0,0.0,0.0,0.0,0.0,2733.5,2269.5,1170.5,1257.0,1579.0,1773.0,1807.0,1890.5,2036.0,2018.5,3639.5,3168.5,857.5,1164.0,1581.0,1780.0,1887.0,2043.5,2273.0,2312.0,3670.0,3253.0,853.0,1151.0,1635.0,1786.0,1892.0,2022.0,2280.0,2269.0,3972.0,3507.0,915.0,1266.0,1776.0,1972.0,2129.0,2290.0,2531.0,2569.0,3840.5,3345.0,905.5,1241.0,1664.0,1880.0,1970.5,2126.5,2315.0,2379.5,3910.0,3485.0,1023.0,1328.5,1740.5,1929.5,2021.0,2158.0,2374.0,2390.0,3250.0,2980.0,722.0,994.0,1383.0,1568.0,1683.0,1819.0,1950.0,2009.0,"{""type"":""MultiPoint"",""coordinates"":[]}"
1008,69,4771.5,4370.5,1345.5,1808.0,2506.0,2756.0,2897.5,3101.5,3413.0,3389.0,4535.5,3875.0,1085.0,1565.5,2017.0,2484.5,3347.0,3729.0,4016.0,4033.5,4361.0,3604.0,1025.0,1488.0,1880.0,2435.0,3547.0,3934.0,4221.0,4278.0,4006.0,3099.0,910.0,1296.0,1563.0,2139.0,3426.0,3895.0,4157.0,4250.0,3896.0,3078.0,910.0,1296.0,1521.0,2088.0,3426.0,3934.0,4346.0,4332.0,4112.0,3189.0,966.0,1371.0,1738.0,2294.0,3349.0,3846.0,4186.0,4276.0,4735.0,3915.0,1123.0,1550.0,2127.0,2596.0,3285.0,3633.0,4025.0,4106.0,4752.0,3947.0,1125.0,1567.0,2179.0,2631.0,3343.0,3765.0,4102.0,4199.0,4636.0,3693.0,1076.0,1510.0,2082.0,2593.0,3343.0,3788.0,4114.0,4223.0,4673.0,3687.0,1055.0,1474.0,2024.0,2596.0,3288.0,3777.0,4046.0,4232.0,4530.0,3648.0,980.0,1404.0,1945.0,2426.0,3170.0,3633.0,3894.0,4097.0,5456.0,5144.0,1531.0,2123.0,2885.0,3219.0,3332.0,3529.0,3887.0,3821.0,4498.0,3648.0,1024.0,1433.0,1944.0,2445.0,3170.0,3633.0,3878.0,4144.0,4685.0,3742.0,1018.0,1433.0,2083.0,2598.0,3051.0,3447.0,3815.0,3996.0,4843.0,3852.0,1018.0,1438.0,2130.0,2619.0,2993.0,3368.0,3759.0,3918.0,4603.5,3648.5,989.5,1407.0,2047.5,2504.0,2932.5,3298.5,3658.5,3821.5,4509.0,3692.0,948.0,1330.0,1963.0,2397.0,2853.0,3208.0,3629.0,3743.0,4396.0,3415.0,942.0,1292.0,1900.0,2372.0,2809.0,3196.0,3534.0,3684.0,4227.0,3376.0,903.5,1273.0,1833.5,2273.5,2772.5,3143.5,3514.5,3670.0,4044.0,3142.0,902.0,1256.0,1772.5,2167.0,2728.0,3094.5,3490.5,3584.5,3963.0,3050.0,781.0,1143.0,1686.0,2068.0,2665.0,2979.0,3386.0,3498.0,3746.0,2923.0,704.0,1067.0,1583.0,1981.0,2521.0,2886.0,3193.0,3381.0,5394.0,5099.0,1483.5,2068.0,2858.0,3204.5,3300.0,3518.5,3847.0,3823.5,3004.0,2188.0,635.0,920.0,1336.0,1754.0,2212.0,2587.0,2824.0,2982.0,3016.0,2567.0,531.0,892.0,1082.0,1442.0,2105.0,2337.0,2610.0,2592.0,3136.0,2567.0,625.0,900.0,1107.0,1462.0,2164.0,2406.0,2664.0,2718.0,3266.0,2712.0,631.0,900.0,1147.0,1517.0,2164.0,2406.0,2664.0,2728.0,3006.5,2218.0,771.0,1030.0,1248.0,1633.0,2325.0,2585.0,2847.0,2876.5,2175.0,1527.0,550.0,754.0,892.0,1221.0,1947.0,2207.0,2474.0,2429.0,3536.0,3155.0,1275.0,1670.5,2119.5,2340.5,2430.5,2604.0,2728.5,2724.5,4148.0,3818.5,1688.5,2032.0,2431.0,2711.5,2881.0,3057.0,3262.0,3205.5,5113.0,4687.0,1589.0,2070.5,2654.0,3010.5,3259.0,3461.0,3785.0,3723.5,3891.0,3269.0,921.0,1233.0,1706.0,2057.0,2398.0,2636.0,2872.0,2920.0,4158.0,3626.0,1006.5,1384.5,1867.0,2243.5,2734.0,2988.5,3237.0,3266.5,4633.0,4036.0,1092.0,1536.0,2055.0,2471.0,2986.0,3308.0,3599.0,3589.0,4649.5,4145.0,1100.0,1573.0,2117.0,2507.0,3059.0,3375.0,3659.5,3658.5,"{""type"":""MultiPoint"",""coordinates"":[]}"
1067,36,2689.5,2333.5,1365.5,1417.0,1520.0,1759.5,1911.5,2060.0,2173.0,2191.5,2795.0,2084.0,585.0,909.5,956.5,1421.0,2744.0,3174.0,3335.5,3354.0,2882.0,2164.0,604.0,899.0,968.5,1396.0,2769.0,3209.0,3429.0,3415.0,2897.5,2166.0,604.0,932.5,1006.0,1444.0,2840.5,3269.0,3518.5,3475.0,3015.0,2267.0,691.5,996.0,1108.0,1545.5,2845.5,3269.0,3543.5,3511.0,3088.0,2344.0,683.5,998.5,1106.0,1563.5,2763.0,3231.0,3437.0,3427.5,3168.0,2342.0,702.5,1014.0,1116.5,1582.0,2774.0,3241.0,3450.5,3471.5,3196.5,2432.0,718.0,1063.0,1192.0,1649.5,2772.0,3195.5,3401.0,3478.5,3154.0,2322.0,694.0,1043.0,1153.0,1649.5,2720.0,3155.0,3318.5,3404.5,3190.5,2322.0,680.5,1060.5,1164.0,1688.5,2726.0,3166.0,3281.5,3420.0,3288.0,2497.5,679.5,1065.0,1199.5,1721.0,2706.5,3110.5,3282.0,3387.0,2865.5,2636.5,1433.0,1508.0,1643.0,1868.5,2033.5,2156.0,2294.5,2267.0,3251.5,2386.0,657.0,1025.0,1166.5,1709.0,2745.0,3140.5,3303.0,3424.5,3237.5,2386.0,645.0,1027.0,1173.5,1696.0,2685.5,3071.0,3250.5,3371.5,3272.5,2379.0,707.5,1087.0,1229.5,1729.5,2688.5,3107.0,3243.5,3389.5,3178.5,2295.0,693.0,1035.0,1208.5,1672.5,2552.0,2931.0,3140.5,3250.5,3101.5,2295.0,683.5,1030.5,1216.5,1662.5,2518.0,2838.0,3094.0,3152.5,3113.5,2314.0,651.0,986.0,1195.5,1627.0,2406.0,2734.0,2988.0,3058.0,3275.5,2532.5,753.0,1068.0,1308.0,1675.5,2348.0,2664.0,2892.0,2972.0,3185.0,2380.5,758.0,1090.5,1339.0,1760.0,2396.5,2733.0,2973.0,3037.0,2443.5,1734.5,469.5,816.0,889.5,1339.5,2383.0,2709.5,2969.0,3037.0,2782.5,2083.0,557.5,872.0,953.5,1482.0,2453.0,2813.5,3037.0,3058.5,2361.0,2079.5,474.0,654.5,829.5,1094.0,1330.0,1448.5,1625.5,1637.0,2994.5,2234.0,498.0,844.0,936.0,1499.0,2474.5,2767.0,2853.0,3021.5,4053.0,3451.0,2235.0,2479.5,2554.0,3032.0,3675.5,3871.5,4066.5,4079.5,2547.0,1952.5,550.5,851.5,812.0,1373.5,2068.0,2296.0,2531.5,2522.0,2556.5,1958.5,554.0,854.5,814.5,1376.0,2074.5,2298.5,2534.5,2525.5,2698.0,1879.5,2922.5,2838.5,2777.0,3059.0,3227.5,3241.5,3311.0,3318.5,0.0,0.0,0.0,0.0,0.0,0.0,0.0,0.0,0.0,0.0,2999.5,2649.0,661.5,892.5,1138.5,1446.0,1731.5,1872.5,2032.5,2036.5,4142.0,3854.0,2359.5,2449.0,2600.5,2911.5,3098.0,3213.0,3568.0,3371.5,4212.5,3807.5,2443.0,2563.0,2745.5,3085.5,3284.0,3405.0,3802.5,3558.5,0.0,0.0,0.0,0.0,0.0,0.0,0.0,0.0,0.0,0.0,2921.5,2325.5,635.0,929.0,1018.0,1530.0,2537.0,2793.0,3003.5,3007.0,2921.5,2299.5,582.5,909.0,962.5,1442.5,2493.5,2793.0,3003.5,3002.0,2854.0,2217.5,575.0,880.5,942.5,1393.5,2568.0,2937.5,3146.5,3131.0,"{""type"":""MultiPoint"",""coordinates"":[]}"
1087,3,81.0,69.0,344.0,470.0,491.0,518.0,214.0,232.0,245.0,102.0,2317.5,2148.5,712.0,912.0,1200.5,1339.0,1434.5,1527.5,1649.5,1675.0,200.5,187.0,385.0,481.0,532.5,551.5,391.0,403.0,476.5,291.5,187.0,167.0,438.0,555.0,609.0,714.0,581.0,619.0,605.0,518.0,158.5,123.0,318.0,493.5,525.5,677.0,572.0,671.5,665.0,534.0,641.0,351.0,282.0,536.0,357.0,721.0,1239.0,1356.0,1352.0,1329.0,1317.5,708.0,275.0,532.0,282.0,804.0,2359.0,2873.0,2819.0,2886.5,1416.5,668.5,205.5,406.5,190.0,635.5,2611.5,3707.5,3691.5,3750.5,1307.0,578.0,179.5,329.0,154.0,489.0,2574.5,4264.5,4268.0,4401.0,1236.0,501.0,131.0,286.0,124.0,487.0,2558.0,4407.0,4601.0,4620.0,1326.5,551.5,212.5,373.5,185.0,508.5,2763.5,4603.5,4759.5,4808.5,86.0,90.0,509.0,668.0,694.5,702.0,374.5,378.0,344.0,224.5,1250.0,568.0,260.0,426.0,200.0,577.0,2804.0,4608.0,4910.0,4851.0,1585.0,705.0,1363.5,1587.0,1110.5,1751.5,3695.0,4864.0,5081.0,5144.5,1827.0,892.0,1601.0,1797.0,1473.0,2067.0,3542.0,4248.0,4336.0,4592.0,1721.0,834.0,1029.0,1422.0,1082.0,2070.5,3971.0,4658.0,4927.5,4979.5,1868.0,1045.0,515.0,1200.0,1099.0,2323.0,3886.0,4406.0,4730.0,4840.0,2742.0,1708.0,872.0,1494.5,1868.0,2890.0,3752.5,4178.5,4481.0,4715.0,4596.0,3191.5,1355.5,1932.5,2616.5,3329.5,3653.0,3979.0,4260.5,4392.0,4331.0,3130.0,1402.0,1936.0,2777.0,3234.0,3337.0,3659.0,3857.0,3987.0,4250.5,3022.0,1377.5,1964.5,2857.5,3300.0,3459.0,3687.0,4050.0,4083.5,2989.0,2813.0,2899.0,2745.0,2892.0,3163.0,3135.0,3248.0,2992.0,3264.0,0.0,0.0,0.0,0.0,0.0,0.0,0.0,0.0,0.0,0.0,0.0,12.0,157.0,217.0,352.0,402.0,217.0,288.0,253.0,168.0,39.0,49.0,675.0,773.0,809.0,872.0,562.0,576.0,460.0,367.0,14.0,8.0,138.0,204.0,294.0,341.0,153.0,134.0,173.0,32.0,1197.0,1180.0,1207.0,1272.0,1285.0,1316.0,1162.0,1126.0,1140.0,1042.0,0.0,3.0,476.0,650.0,708.0,708.0,281.0,296.0,353.0,114.0,2413.0,2101.0,4127.0,3319.0,3065.0,3322.0,3107.0,3075.0,3551.0,3008.0,0.0,0.0,0.0,0.0,0.0,0.0,0.0,0.0,0.0,0.0,91.0,50.0,221.0,337.0,539.0,731.0,732.0,800.0,878.0,867.0,1050.5,643.5,347.5,543.0,842.0,1031.5,1124.0,1208.0,1448.0,1379.0,2720.0,2136.0,787.0,1070.0,1470.0,1678.0,1817.0,1884.0,2113.0,2029.0,1281.0,796.5,810.5,854.0,1003.0,1094.5,1157.0,1212.0,1449.0,1340.0,3711.5,3068.5,1091.0,1430.5,1910.0,2150.5,2285.0,2458.5,2741.0,2736.0,2047.0,1798.0,531.0,726.0,980.0,1115.0,1206.0,1283.0,1408.0,1392.0,"{""type"":""MultiPoint"",""coordinates"":[]}"
1193,204,1893.0,1484.5,316.5,476.5,420.5,809.0,1518.0,1661.5,1831.0,1872.5,2805.5,1892.0,762.0,1078.0,1271.0,1679.0,2539.5,2854.0,3079.5,3125.0,2777.5,1727.5,693.0,1082.5,1262.0,1814.5,3050.5,3404.0,3674.0,3782.0,2842.0,1769.0,730.0,1124.0,1368.0,1833.0,3117.0,3611.0,3909.0,3967.5,2634.0,1616.5,686.0,1036.0,1301.0,1757.5,2928.5,3396.0,3718.5,3775.0,2696.0,1656.0,708.0,1081.5,1412.5,1899.5,2979.0,3488.0,3728.5,3883.0,2998.0,1896.0,850.0,1223.0,1568.0,2101.0,3168.0,3712.0,3979.0,4130.0,3286.0,2100.5,970.5,1429.0,1879.5,2369.5,3424.0,3917.0,4283.5,4346.5,3333.5,2102.0,937.0,1414.5,1898.5,2375.0,3465.5,3950.5,4210.0,4402.5,3310.5,2083.0,897.5,1400.0,1884.0,2404.0,3448.5,3969.5,4156.0,4382.5,3188.0,1973.5,862.0,1314.5,1835.0,2308.5,3314.5,3844.0,4040.5,4246.0,1812.0,1416.0,444.0,567.0,533.5,808.5,1479.0,1673.0,1807.5,1835.0,2942.0,1831.5,796.0,1204.0,1644.5,2106.0,3066.0,3571.5,3728.0,3971.5,2999.0,1849.0,775.0,1263.0,1690.5,2161.0,3167.0,3662.0,3917.0,4087.0,2695.0,1753.0,775.0,1194.5,1585.5,2015.0,2937.0,3251.5,3437.0,3583.5,2636.0,1673.5,864.0,1125.0,1466.5,1894.5,2669.0,3105.5,3334.5,3424.0,2482.0,1598.5,738.5,1034.0,1336.0,1710.0,2530.0,2924.0,3113.0,3240.0,2346.0,1507.5,593.5,942.0,1271.5,1642.5,2434.5,2839.0,3057.0,3188.0,2162.0,1367.5,737.0,1045.5,1323.0,1650.0,2361.5,2753.0,2950.5,3064.0,1996.5,1265.0,590.5,797.5,1029.0,1422.5,2241.5,2598.5,2836.5,2937.5,2034.0,1272.0,596.5,807.0,1029.0,1422.5,2237.5,2598.5,2858.0,2948.5,2110.0,1329.0,598.5,810.0,1050.5,1490.5,2384.5,2761.0,3064.0,3123.0,1923.5,1454.0,296.5,399.0,467.0,700.0,1227.5,1391.5,1572.5,1651.5,1704.5,1059.5,339.5,524.0,623.5,1018.0,1703.5,1935.0,2076.0,2243.0,3423.0,2498.5,2156.5,2231.0,2190.0,2652.0,3281.0,3464.0,3617.0,3750.0,2174.5,1557.5,423.0,570.0,684.0,1064.0,1377.5,1552.5,1804.0,1873.0,2402.5,1820.0,434.0,560.0,715.0,1038.0,1335.5,1511.5,1731.0,1830.5,2336.0,1502.5,2637.5,2672.0,2593.0,2856.0,3052.5,3071.0,3284.5,3188.5,0.0,0.0,0.0,0.0,0.0,0.0,0.0,0.0,0.0,0.0,2231.0,1662.0,317.5,556.0,640.0,1011.5,1762.0,1925.0,2149.0,2153.5,1458.5,1086.5,297.0,414.0,436.0,700.5,1203.5,1369.5,1473.0,1506.5,2222.5,1714.0,477.0,705.0,759.0,1077.0,1960.5,2283.0,2467.5,2474.5,2039.5,1562.5,464.5,673.0,719.0,1046.5,1932.5,2281.0,2487.0,2507.0,1996.0,1435.5,348.0,537.0,550.0,927.0,1989.0,2434.5,2572.0,2626.5,2109.0,1610.5,470.5,697.0,715.0,1088.5,2157.0,2608.5,2818.5,2809.5,2675.5,1865.5,738.0,1059.0,1276.0,1679.0,2295.0,2614.5,2939.5,2903.5,"{""type"":""MultiPoint"",""coordinates"":[]}"
1306,3,1191.0,1055.0,1137.5,1188.0,1208.0,1336.5,1290.0,1399.0,1396.0,1412.0,2802.0,2726.0,879.0,1071.0,1331.0,1453.0,1490.0,1596.0,1764.0,1732.0,2760.0,2608.0,1006.0,1209.0,1460.0,1585.0,1628.0,1723.0,1839.0,1852.0,650.5,553.5,499.0,660.0,758.5,888.5,886.5,964.5,932.5,977.5,366.0,270.0,417.0,560.0,573.0,741.0,815.0,824.0,825.0,872.0,422.0,287.5,229.5,422.0,360.5,633.5,752.5,837.5,797.5,805.0,927.0,587.0,276.0,474.0,263.0,748.0,1485.0,1735.0,1621.0,1638.0,1473.0,691.0,305.0,524.0,326.0,916.0,2406.0,2969.0,3115.0,3127.0,1217.0,620.0,227.5,362.0,260.0,614.5,1912.0,2679.0,2709.5,2768.0,1104.0,503.0,115.0,220.0,128.0,434.0,1893.0,3114.0,3224.0,3276.0,1169.0,535.0,193.0,285.0,146.0,427.0,2189.0,3464.0,3566.0,3615.0,1189.5,835.5,206.5,519.0,638.5,813.5,856.0,956.5,1021.0,1060.0,1196.0,548.0,229.0,372.0,173.0,530.0,2392.0,3860.0,4089.0,4008.0,1340.5,620.5,252.0,611.0,290.0,1029.5,2925.5,3969.0,4263.5,4210.5,1583.5,785.0,1707.5,1945.0,1495.0,2122.5,3282.5,4040.0,4090.0,4210.0,1571.0,749.5,973.5,1334.5,1048.0,1922.0,3429.0,4025.0,4167.0,4239.5,1714.0,944.0,645.0,1062.0,932.0,1833.0,3042.0,3407.0,3649.0,3673.0,3504.0,2659.0,908.0,1255.0,1590.0,2177.0,2599.0,2828.0,3038.0,3183.0,1783.0,1362.5,792.0,1074.5,1377.0,1557.5,1502.5,1605.0,1635.0,1659.0,155.0,127.0,414.0,537.0,552.0,624.0,522.0,569.0,449.0,448.0,296.5,244.0,402.5,535.5,602.0,763.5,744.0,799.5,858.5,858.0,3592.0,3229.0,3472.0,3534.0,3678.0,4038.0,3922.0,3902.0,3805.0,3926.0,0.0,0.0,0.0,0.0,0.0,0.0,0.0,0.0,0.0,0.0,51.0,54.0,478.0,677.0,636.0,672.0,320.0,296.0,258.0,200.0,268.0,351.0,892.0,1009.0,1068.0,1072.0,755.0,802.0,604.0,640.0,93.0,72.0,474.0,576.0,598.0,629.5,482.0,495.0,493.5,433.0,143.5,132.5,684.0,734.0,663.0,682.5,422.0,438.5,386.5,301.0,57.0,35.0,405.0,514.0,522.0,532.0,333.0,303.0,288.0,198.0,0.0,0.0,0.0,0.0,0.0,0.0,0.0,0.0,0.0,0.0,0.0,0.0,0.0,0.0,0.0,0.0,0.0,0.0,0.0,0.0,393.0,288.0,217.0,350.0,440.0,609.0,649.0,688.0,774.0,788.0,3066.0,2848.0,998.0,1255.0,1414.0,1608.0,1597.0,1780.0,1887.0,1926.0,3681.5,3439.0,1690.5,1972.5,2168.5,2223.0,2285.0,2490.5,2720.0,2657.5,4591.5,4265.0,2390.5,2679.0,2987.5,3231.5,3296.5,3404.0,3411.5,3601.5,2231.0,2147.0,632.0,798.5,992.5,1079.5,1127.5,1201.0,1350.5,1327.5,2543.0,2424.0,769.0,922.0,1165.0,1281.0,1347.0,1439.0,1574.0,1573.0,"{""type"":""MultiPoint"",""coordinates"":[]}"
1326,37,3751.5,2330.0,713.0,1068.5,1683.0,2122.5,2632.0,2958.5,3377.0,3420.0,1868.0,797.0,354.0,670.0,348.0,843.0,3639.0,4873.0,5260.0,5067.0,1858.0,813.5,368.5,670.5,336.0,835.5,3752.5,5218.0,5577.0,5409.5,2723.0,1756.0,817.0,1101.5,1199.0,1691.0,2427.5,2717.0,2998.0,3075.5,2368.5,1159.0,483.0,788.0,514.0,1021.5,3429.5,4299.5,4551.0,4514.0,1812.0,788.0,386.0,669.0,344.0,844.0,3776.0,5240.0,5439.0,5427.0,1810.0,801.0,475.0,720.0,382.0,839.0,3681.0,5501.0,5659.0,5643.0,3028.5,2000.0,914.0,1217.0,1567.0,2022.5,2502.0,2749.0,2993.5,3153.0,2607.0,1329.0,594.0,857.0,653.0,1162.0,3148.0,3853.0,3905.0,4126.0,2239.0,1058.0,579.0,919.0,518.0,1142.0,4314.0,5872.0,5593.0,6069.0,3446.0,2001.0,877.0,1242.0,1099.5,1764.5,3824.0,4951.5,4913.0,5273.0,3804.0,2364.0,746.0,1097.0,1745.0,2155.0,2621.0,2937.0,3474.0,3407.0,3627.0,2309.0,700.0,1039.0,1285.0,1748.0,2456.0,2732.0,2843.0,3120.0,2699.0,1360.5,542.0,847.5,637.0,1159.5,3285.0,4113.5,4153.5,4370.0,2108.0,946.0,505.0,808.5,427.5,978.5,3930.0,5338.0,5166.5,5527.5,2176.0,974.0,381.0,789.0,291.0,968.0,4415.0,6116.0,6271.0,6262.0,3615.5,2368.0,741.0,1042.5,1302.0,1755.5,2435.0,2713.0,2790.5,3054.5,2546.5,1253.5,488.5,758.0,534.5,1020.5,3157.0,3951.5,3911.5,4179.0,1900.5,830.0,368.5,649.5,311.0,786.5,3629.0,4907.5,4926.5,5052.5,0.0,0.0,0.0,0.0,0.0,0.0,0.0,0.0,0.0,0.0,3971.0,2616.0,866.0,1154.0,1157.0,1729.0,2691.0,3147.0,3619.0,3559.0,3929.0,2493.5,795.0,1156.0,1470.5,1976.5,2758.5,3151.5,3477.0,3515.0,3494.0,2306.0,629.0,957.0,1375.0,1794.0,2153.0,2381.0,2654.0,2744.0,3337.0,1949.0,546.0,929.0,1080.0,1578.0,2748.0,3150.0,3375.0,3472.0,3204.0,1949.0,525.0,821.0,902.0,1355.0,2492.0,2910.0,3152.0,3205.0,3058.0,1820.0,467.0,789.0,873.0,1338.0,2495.0,2855.0,3183.0,3168.0,3217.0,1936.0,530.5,835.0,971.5,1445.0,2518.0,2913.0,3242.0,3256.0,3293.0,2025.0,541.0,805.5,1060.0,1492.0,2266.5,2591.0,3011.0,3002.5,3662.0,2446.0,684.0,1023.0,1462.0,1854.0,2271.0,2559.0,2891.0,2993.0,3571.0,2416.0,717.0,973.0,1368.0,1659.0,2154.0,2417.0,2748.0,2751.0,3378.0,2162.0,645.0,935.0,1180.0,1567.0,2211.0,2515.0,2810.0,2853.0,3436.5,2179.0,713.0,976.0,1247.5,1640.0,2307.0,2607.0,2986.0,2955.0,3529.0,2247.0,747.0,1008.0,1323.0,1731.0,2347.0,2644.0,3068.0,3047.0,3515.0,2210.0,790.5,1090.5,1372.5,1812.0,2523.5,2846.0,3182.5,3217.0,1941.5,1214.5,589.5,820.0,956.0,1326.5,1954.5,2188.5,2439.5,2364.0,2133.0,972.0,395.0,688.0,423.0,893.0,3343.0,4214.0,4536.0,4460.0,"{""type"":""MultiPoint"",""coordinates"":[]}"
1338,69,2499.0,2282.5,438.0,500.0,737.0,888.5,987.5,1146.0,1342.5,1403.5,3693.5,3018.0,922.5,1261.0,1453.0,1840.0,2391.0,2607.5,2861.0,2894.0,3565.5,2805.5,776.5,1104.5,1255.0,1700.5,2374.0,2690.0,2949.5,2953.5,3284.0,2570.0,708.0,1053.5,1103.5,1610.0,2580.5,2972.0,3234.0,3283.5,3012.5,2155.0,625.0,1005.0,932.0,1559.0,3041.5,3511.0,3775.5,3822.0,2796.0,1748.0,518.5,959.5,741.5,1489.0,3379.5,3845.0,4187.5,4117.5,2611.5,1498.0,465.0,908.0,642.0,1412.0,3664.5,4351.5,4547.0,4586.0,2512.0,1408.5,435.5,856.5,612.0,1339.0,3680.5,4388.5,4686.0,4642.0,2450.5,1261.0,422.0,818.0,550.0,1309.5,3795.0,4538.5,4661.5,4763.0,2351.5,1185.0,376.5,802.0,486.0,1276.0,3839.0,4644.5,4746.0,4899.5,2269.5,1104.0,312.0,749.5,386.0,1204.5,3994.5,4860.5,5022.0,5053.0,3147.5,2939.0,675.5,824.5,1102.0,1285.0,1363.0,1519.5,1742.0,1781.5,2269.5,1104.0,284.0,741.5,375.5,1195.0,3953.0,4905.5,4958.0,5151.0,2196.0,1097.0,297.0,710.5,418.0,1179.5,3614.0,4446.5,4600.0,4755.0,2196.0,1020.5,427.0,765.0,529.0,1199.5,3554.5,4367.5,4500.5,4679.5,2039.5,967.0,503.5,744.5,543.5,1154.5,3353.5,4098.0,4360.5,4440.5,1977.0,946.0,445.5,706.5,533.0,1118.5,3054.5,3746.5,4086.0,4066.0,1898.5,984.0,443.0,708.0,546.0,1085.5,2777.5,3395.5,3687.0,3738.5,1902.5,985.0,513.5,764.0,668.0,1170.0,2657.0,3151.0,3415.0,3502.0,1910.5,1069.0,505.0,753.5,680.0,1173.5,2617.5,3150.0,3441.5,3520.0,1892.0,982.0,365.0,688.0,587.0,1226.0,2692.0,3156.5,3465.5,3574.5,2044.0,1107.5,450.5,829.0,994.5,1848.0,2841.0,3257.5,3563.5,3724.5,2896.0,2556.5,540.5,694.0,976.0,1142.0,1231.0,1379.5,1608.0,1668.5,2646.5,1540.5,457.0,838.5,1276.0,2024.5,2625.0,2937.0,3173.0,3478.0,2743.5,1763.0,526.5,812.5,1157.0,1762.5,2250.5,2605.0,2911.5,3069.5,2839.0,2270.0,522.5,641.5,933.5,1232.0,1409.0,1590.5,1850.0,1980.0,2891.5,2240.5,512.5,641.5,955.0,1229.0,1418.0,1603.5,1899.0,2002.0,3112.5,2153.0,3019.5,2852.5,2784.5,3089.0,3292.0,3356.5,3596.5,3546.5,0.0,0.0,0.0,0.0,0.0,0.0,0.0,0.0,0.0,0.0,3481.0,3170.0,843.5,1066.5,1381.5,1575.5,1709.0,1852.5,2038.0,2097.5,3657.0,3415.0,885.5,1136.0,1460.0,1668.0,1803.5,1962.5,2111.5,2202.5,3664.0,3230.0,921.5,1192.5,1512.5,1729.0,1870.0,2021.5,2251.0,2275.0,3067.0,2628.0,687.5,812.5,1043.5,1251.0,1435.5,1582.5,1764.5,1838.5,3372.0,2981.5,845.5,1019.0,1256.0,1497.5,1709.0,1883.0,2059.5,2121.5,3718.5,3332.5,958.5,1246.5,1509.0,1802.0,2085.5,2263.5,2463.0,2491.5,3732.5,3256.5,984.5,1271.5,1548.5,1820.0,2147.0,2343.5,2592.5,2563.0,"{""type"":""MultiPoint"",""coordinates"":[]}"
1384,3,152.0,163.0,584.0,810.0,866.0,911.0,559.0,539.0,558.0,397.0,2197.0,2023.0,688.5,837.0,1024.0,1130.0,1206.0,1282.5,1411.5,1405.5,2387.0,2136.0,686.0,881.0,1135.0,1242.0,1264.0,1365.0,1463.0,1511.0,2586.5,2346.0,854.0,1062.0,1312.0,1418.0,1433.0,1534.5,1641.5,1688.0,1205.5,1087.0,561.5,674.5,829.5,889.5,853.5,904.0,975.0,984.0,968.0,731.0,437.0,556.0,656.0,728.0,638.0,701.0,710.0,706.0,1191.0,975.0,483.0,604.0,702.0,857.5,841.5,883.0,920.5,946.5,1659.5,1309.5,694.5,818.5,947.0,1124.0,1188.0,1291.0,1303.5,1366.5,1829.5,1297.0,636.0,797.0,851.0,1125.5,1597.0,1761.5,1629.0,1837.5,1638.0,1087.0,487.0,628.0,665.0,924.0,1437.0,1853.0,1803.0,1859.0,1939.0,1328.5,591.0,778.0,785.0,1065.5,1870.0,2257.5,2285.5,2496.5,252.0,234.0,566.0,816.0,913.0,994.0,777.0,716.0,786.0,614.0,1677.0,1177.0,589.0,738.0,715.0,1028.0,1812.0,2391.0,2364.0,2534.0,1909.0,1027.0,1936.0,2169.0,1857.0,2225.0,3212.0,3855.0,3736.0,3830.0,1355.5,711.5,1250.5,1380.0,1083.0,1534.0,2663.5,3287.5,3210.5,3403.5,1326.0,683.0,829.5,1052.0,730.5,1359.5,2683.5,3253.0,3315.5,3347.5,1436.0,756.0,340.0,703.0,439.0,1159.0,2673.0,3305.0,3435.0,3484.0,1625.5,876.0,410.0,778.0,559.0,1296.5,2757.5,3214.5,3399.5,3463.0,1715.0,998.0,361.0,794.5,641.0,1484.0,2815.0,3228.0,3501.5,3536.0,1906.0,1115.0,542.0,944.0,872.0,1742.0,2877.0,3263.0,3513.0,3569.0,2506.5,1639.5,721.5,1220.0,1484.5,2315.0,2953.5,3277.0,3656.5,3667.5,0.0,0.0,0.0,0.0,0.0,0.0,0.0,0.0,0.0,0.0,0.0,0.0,0.0,0.0,0.0,0.0,0.0,0.0,0.0,0.0,556.0,378.0,372.0,340.0,389.0,428.0,452.0,465.0,465.0,480.0,3452.0,2665.0,2227.0,2152.0,2273.0,2506.0,2464.0,2633.0,2767.0,2701.0,2962.0,2287.5,816.5,1053.5,1363.0,1596.0,1716.5,1851.5,2037.0,2054.0,0.0,0.0,0.0,0.0,0.0,0.0,0.0,0.0,0.0,0.0,599.0,542.0,214.0,303.0,509.0,736.0,757.0,789.0,903.0,783.0,0.0,0.0,0.0,0.0,0.0,0.0,0.0,0.0,0.0,0.0,0.0,0.0,0.0,0.0,0.0,0.0,0.0,0.0,0.0,0.0,69.0,70.0,771.0,983.0,1080.0,1086.0,682.0,712.0,656.0,490.0,199.0,168.5,657.0,814.5,934.5,986.0,814.0,887.5,927.5,822.5,569.0,412.0,400.0,522.0,644.0,775.0,777.0,838.0,863.0,864.0,1994.0,1451.0,717.0,877.0,1064.0,1199.0,1263.0,1343.0,1496.0,1514.0,3052.5,2652.0,1064.0,1265.5,1478.5,1633.5,1720.0,1818.5,1960.0,1942.5,3525.0,3235.0,1303.0,1550.0,1762.0,1965.0,2053.0,2163.0,2295.0,2307.0,"{""type"":""MultiPoint"",""coordinates"":[]}"
1395,54,2460.0,2283.0,1106.0,1174.5,1308.5,1392.5,1425.5,1519.5,1591.5,1647.5,3275.0,3180.5,1329.0,1516.0,1732.0,1879.5,1885.5,1983.0,2085.0,2124.0,3179.0,3124.5,1343.5,1507.0,1698.5,1832.0,1822.0,1913.5,2033.5,2045.0,3055.5,2972.5,1286.0,1442.5,1633.0,1726.0,1733.5,1817.5,1959.0,1957.5,3080.5,2911.5,1281.5,1448.5,1649.0,1738.0,1758.0,1866.5,1959.5,1970.5,3359.0,3191.5,1407.5,1605.0,1783.5,1994.5,2094.5,2187.0,2300.0,2353.5,3229.5,2889.0,1313.0,1559.5,1668.0,1932.0,2399.5,2549.5,2616.0,2704.5,2922.0,2429.5,1112.0,1372.5,1381.5,1787.5,2851.0,3183.5,3280.0,3296.0,2513.5,1871.0,839.0,1146.5,1018.0,1551.0,3456.5,4091.5,4175.0,4234.0,2187.5,1308.5,534.0,928.5,613.5,1385.5,4157.5,5090.0,5105.5,5164.0,1950.5,962.0,430.0,803.5,411.5,1217.5,4632.0,5805.0,5773.0,5958.5,2528.5,2367.0,1132.0,1226.5,1367.0,1466.0,1479.5,1585.5,1653.5,1689.0,1885.0,904.5,363.5,743.5,299.0,1143.5,4780.5,6255.5,6161.0,6337.0,1732.5,773.5,314.5,748.0,305.5,1219.5,4791.0,6094.0,6141.5,6169.5,1734.0,799.0,480.0,864.5,456.5,1318.5,4625.5,5828.5,5726.5,5958.5,1654.0,808.0,437.5,815.5,482.0,1359.0,4241.0,5212.0,5406.0,5452.5,1628.0,826.5,438.0,818.5,569.5,1347.0,3868.0,4685.0,4910.5,4925.5,1965.5,1222.0,503.0,853.0,732.0,1478.0,3043.5,3534.5,3814.0,3921.0,3666.0,2895.5,900.0,1159.0,1522.5,1822.5,1990.0,2240.5,2436.0,2645.0,3544.0,2775.5,934.5,1186.5,1619.5,1912.5,2030.0,2262.5,2465.5,2640.5,3505.5,2749.5,835.5,1121.0,1619.5,1912.5,2044.5,2285.5,2533.0,2685.5,2829.5,2568.5,844.0,1046.0,1290.5,1436.0,1475.0,1611.0,1683.5,1771.5,2417.0,2225.0,877.0,1023.0,1232.0,1332.0,1370.5,1453.5,1570.5,1601.5,2672.0,2406.0,902.0,1046.0,1290.5,1436.0,1475.0,1611.0,1668.5,1727.0,3337.0,3240.5,2408.0,2378.5,2458.0,2609.5,2596.0,2668.0,2750.0,2727.5,3837.5,3712.0,2342.0,2449.5,2619.0,2707.0,2677.0,2763.5,2955.5,2876.0,2077.5,1982.0,932.0,983.0,1083.0,1184.5,1195.0,1254.0,1316.0,1389.0,2122.0,1901.0,1063.5,1168.0,1282.5,1368.5,1384.5,1453.0,1508.0,1542.5,0.0,0.0,0.0,0.0,0.0,0.0,0.0,0.0,0.0,0.0,2955.5,2813.5,1082.0,1297.0,1502.5,1663.5,1674.0,1782.5,1873.5,1912.5,3136.5,3032.0,1214.5,1395.5,1632.5,1765.5,1789.5,1917.0,1994.5,2041.0,3230.5,3120.5,1291.0,1483.5,1719.0,1845.5,1885.5,2018.0,2124.0,2130.0,3226.5,3040.0,1471.5,1656.0,1868.0,1971.5,2029.0,2087.5,2250.5,2226.0,3151.5,2938.5,1459.0,1622.5,1809.0,1931.0,1962.5,2048.5,2156.5,2187.0,3142.5,3051.0,1294.0,1501.0,1701.5,1879.5,1894.5,2004.5,2078.0,2162.0,3430.5,3251.0,1460.0,1709.0,1916.5,2088.0,2127.0,2223.5,2334.0,2373.5,"{""type"":""MultiPoint"",""coordinates"":[]}"
1417,195,76.0,70.0,465.0,547.5,440.0,556.5,343.5,356.0,311.5,199.5,2946.5,2044.0,1159.0,1484.0,1356.0,1800.0,2946.0,3235.5,3420.0,3343.0,1911.0,1056.0,624.0,1011.5,732.5,1423.5,2703.5,3051.0,3166.5,3146.5,1704.0,836.0,420.0,769.5,482.0,1156.5,2776.5,3120.5,3214.5,3287.0,2075.0,1063.0,472.0,853.0,540.0,1228.0,3444.0,4117.0,4395.0,4528.0,2120.0,1087.0,519.0,926.0,642.0,1426.0,3489.0,4160.0,4462.0,4614.0,2398.0,1324.0,608.0,1005.0,948.0,1660.0,3323.0,3830.0,4250.0,4343.0,2891.0,1698.0,743.0,1132.0,1390.0,2047.0,3196.0,3618.0,3981.0,4167.0,3370.0,2145.0,896.0,1315.0,1708.0,2456.0,3196.0,3581.0,3897.0,4162.0,3755.0,2401.5,900.0,1359.5,2007.5,2705.5,3151.0,3569.5,3880.5,4150.0,3982.0,2540.5,910.0,1356.5,2141.5,2797.0,3173.0,3606.5,3922.5,4196.5,64.0,52.0,739.0,893.0,872.0,927.0,617.0,596.0,548.0,380.0,4031.0,2630.0,883.0,1368.0,2218.0,2872.0,3203.0,3614.0,3970.0,4305.0,4356.5,2743.0,1102.5,1650.5,2566.5,3154.0,3488.5,3905.5,4243.0,4534.5,4453.0,2734.0,1040.0,1630.0,2660.0,3329.0,3626.0,4041.0,4411.0,4787.0,4375.0,2609.0,970.0,1554.0,2599.0,3249.0,3512.0,3962.0,4343.0,4630.0,4305.5,2637.0,974.5,1497.0,2554.5,3160.5,3462.5,3880.5,4265.5,4514.5,4128.0,2540.0,947.0,1420.0,2428.0,3020.0,3315.0,3687.0,4109.0,4350.0,3910.0,2380.0,925.0,1375.0,2269.0,2810.0,3075.0,3500.0,3847.0,4052.0,334.5,199.0,954.5,1305.5,1541.5,1671.5,1553.5,1587.0,1586.0,1427.0,768.0,718.0,675.0,821.0,886.0,1041.0,984.0,1053.0,1120.0,1048.0,103.5,100.5,208.5,242.0,264.5,367.0,251.5,299.0,284.0,217.0,64.0,52.0,795.0,993.0,845.0,927.0,617.0,596.0,546.0,380.0,76.5,69.5,164.0,195.0,200.5,304.5,212.5,239.0,242.0,198.5,79.0,68.5,385.5,347.5,298.5,394.0,300.0,315.0,297.0,232.5,59.0,42.0,220.0,238.0,219.0,317.0,227.0,252.0,236.0,176.0,49.0,47.0,378.0,378.0,333.0,412.0,294.0,328.0,304.0,239.0,34.0,16.0,353.0,412.0,387.0,462.0,314.0,301.0,284.0,202.0,5097.0,4837.0,4627.0,4505.0,4485.0,4799.0,4682.0,4582.0,4956.0,4605.0,35.0,30.0,643.0,890.0,710.0,972.0,738.0,737.0,677.0,516.0,29.0,22.5,634.0,827.5,676.5,900.0,687.0,708.0,633.0,501.0,68.0,57.0,767.5,1096.0,1009.5,1254.0,990.0,1018.5,959.5,772.5,73.0,63.0,699.5,951.5,875.5,1009.5,687.0,701.0,631.0,459.0,46.5,39.5,644.0,930.0,813.5,1044.5,758.5,781.5,711.0,524.0,1969.5,1267.0,1049.5,1245.5,1203.5,1451.0,1534.0,1631.0,1752.0,1724.0,2582.5,1958.5,1142.0,1379.5,1402.5,1634.5,1797.0,1875.0,1982.5,2007.5,"{""type"":""MultiPoint"",""coordinates"":[]}"
1489,69,2818.5,2053.0,514.0,772.5,1255.0,1497.0,1678.5,1892.5,2163.5,2259.5,2490.5,2063.0,706.5,1107.5,1220.5,1528.5,2109.0,2309.5,2439.0,2414.0,2580.0,2014.5,714.5,1112.5,1200.0,1590.0,2447.5,2731.5,2782.5,2812.5,2678.0,1981.5,664.0,1085.0,1134.0,1564.0,2725.5,3114.0,3201.5,3239.5,2724.0,2002.5,661.5,1076.5,1109.5,1538.0,2814.0,3236.0,3202.0,3412.5,2882.5,2135.5,685.0,1141.0,1223.0,1672.5,2953.0,3458.0,3572.0,3571.0,2918.0,2100.0,700.5,1160.0,1209.5,1679.0,3117.0,3632.0,3722.5,3769.0,2875.5,2068.5,722.0,1154.0,1193.5,1682.0,3156.5,3721.5,3908.5,3889.5,2928.0,2144.0,752.5,1154.0,1239.0,1682.0,3116.0,3721.5,3777.5,3857.5,3022.0,2167.5,750.5,1160.0,1259.0,1706.0,3160.0,3805.5,3796.5,4011.0,3061.0,2199.0,744.5,1154.5,1302.0,1726.5,3109.5,3726.5,3768.5,3973.0,2933.0,2210.0,615.5,895.0,1351.5,1573.0,1702.5,1890.5,2100.0,2214.0,2837.5,2220.5,760.5,1131.0,1297.5,1709.0,2789.0,3335.0,3374.5,3620.0,2886.5,2056.0,681.5,1054.5,1192.5,1621.0,2766.0,3349.0,3470.0,3645.5,2958.5,1975.0,580.5,926.0,1081.0,1616.0,2681.5,3210.5,3328.0,3550.5,2744.0,1884.0,607.0,895.5,1110.0,1555.0,2496.0,2916.0,3119.0,3274.5,2591.0,1751.5,541.0,852.0,1072.5,1443.5,2293.0,2695.0,2846.0,3047.0,2383.0,1617.5,516.5,799.0,992.5,1383.0,2145.0,2548.5,2739.0,2874.0,2253.5,1536.0,559.5,799.0,992.5,1383.0,2066.0,2446.5,2629.5,2752.5,2078.5,1359.5,436.0,632.0,842.0,1163.0,1899.0,2245.5,2484.5,2575.5,2014.5,1307.5,393.0,609.0,779.5,1115.5,1796.5,2121.0,2375.0,2481.0,1834.5,1134.5,338.5,507.5,622.5,1007.0,1638.5,1997.5,2179.5,2380.5,2923.5,2202.5,652.0,922.0,1287.5,1499.0,1649.5,1873.5,2105.0,2176.0,1837.5,1139.0,318.5,511.5,656.5,1037.0,1632.5,1914.5,2171.5,2340.5,1863.5,1151.5,308.5,508.5,653.0,1037.5,1588.5,1869.0,2133.0,2286.0,1987.0,1279.0,316.0,568.0,767.0,1186.5,1479.5,1697.0,1946.5,2040.0,2341.0,1618.5,394.0,583.0,938.0,1262.0,1498.0,1721.0,1946.5,2073.5,2617.5,1874.0,1054.5,1172.0,1484.5,1830.5,1984.5,2182.5,1990.5,2402.5,2617.5,2465.0,1054.5,1172.0,1484.5,1830.5,1984.5,2182.5,1990.5,2402.5,2464.5,1952.5,512.5,809.5,1128.0,1291.5,1369.0,1514.0,1709.0,1714.0,3198.5,2745.0,842.0,1155.5,1495.5,1655.5,1733.5,1936.5,2109.5,2105.5,3655.0,3160.0,1076.5,1479.5,1862.5,2035.5,2140.5,2281.0,2524.0,2482.0,2788.5,2427.0,746.5,1065.0,1395.5,1552.5,1576.5,1678.5,1850.0,1849.5,2788.5,2427.0,746.5,1065.0,1395.5,1552.5,1576.5,1678.5,1850.0,1849.5,2856.5,2533.0,858.0,1267.5,1515.5,1746.5,1862.5,1987.0,2008.5,2127.0,2604.5,2230.5,734.5,1154.5,1348.0,1605.0,1935.0,2073.5,2193.0,2165.5,"{""type"":""MultiPoint"",""coordinates"":[]}"
1518,69,3121.5,2488.5,811.0,1017.5,1525.5,1756.0,1914.0,2114.5,2416.0,2451.5,3180.5,2731.0,879.0,1231.5,1389.0,1725.0,2333.5,2569.0,2742.5,2784.0,3153.5,2655.5,875.5,1233.0,1332.0,1732.5,2550.5,2857.5,3025.5,3056.5,3139.0,2517.0,872.0,1240.0,1307.0,1750.0,2881.0,3201.0,3244.0,3342.0,3079.0,2474.0,849.0,1240.0,1307.0,1782.0,3027.0,3429.0,3465.0,3593.0,3106.0,2451.0,848.0,1232.0,1268.0,1798.0,3104.0,3607.0,3700.0,3776.0,3117.0,2451.0,848.0,1212.0,1292.0,1798.0,3201.0,3729.0,3751.0,3934.0,3081.0,2366.0,834.0,1227.0,1295.0,1822.0,3201.0,3729.0,3907.0,3992.0,3024.5,2310.0,821.0,1179.5,1220.0,1689.0,3174.5,3754.5,3799.5,3962.5,2942.5,2240.0,801.5,1156.0,1197.0,1651.5,3174.5,3798.5,3808.5,4006.5,2902.0,2088.0,750.0,1145.0,1121.0,1645.0,3260.0,3906.0,3950.0,4098.0,3176.5,2628.5,830.0,1045.0,1513.5,1717.0,1837.5,2036.5,2292.0,2312.5,2797.0,2061.5,752.0,1133.5,1179.5,1600.5,3170.5,3848.0,3764.0,4008.5,2672.5,1981.0,718.0,1074.5,1098.5,1544.5,3128.0,3763.0,3721.0,3896.0,2750.0,1906.0,725.0,1068.0,1097.0,1664.0,3205.0,3837.0,3792.0,4092.0,2598.0,1857.0,979.0,1230.0,1227.0,1701.0,3010.0,3554.0,3663.0,3790.0,2437.0,1704.0,807.0,1136.0,1187.0,1581.0,2872.0,3357.0,3501.0,3648.0,2364.0,1655.0,807.0,1096.0,1126.0,1507.0,2778.0,3248.0,3325.0,3522.0,2310.5,1655.5,1743.5,1884.0,1808.0,2078.0,2809.5,3173.5,3306.0,3346.0,2112.0,1521.0,1127.0,1290.0,1275.0,1609.0,2495.0,2819.0,3002.0,3040.0,2601.5,1883.5,2146.0,2203.5,2173.5,2464.0,3183.5,3499.0,3579.5,3648.0,2466.0,1810.0,2286.0,2394.0,2346.0,2691.0,3279.0,3515.0,3454.0,3542.0,2952.0,2398.0,691.5,912.5,1356.0,1531.0,1660.0,1828.5,2086.0,2130.0,2158.0,1579.5,2539.5,2604.0,2485.5,2858.0,3333.5,3516.0,3486.5,3542.0,1789.0,1189.0,486.0,765.0,750.0,1248.0,2002.0,2257.0,2302.0,2397.0,2078.0,1509.0,523.0,662.0,866.0,1206.0,1474.0,1663.0,1932.0,1909.0,2305.5,1736.0,610.0,779.0,1023.0,1356.0,1585.0,1768.0,1979.5,2020.5,2273.5,1772.0,575.0,792.5,1081.0,1357.5,1550.0,1721.5,1906.5,1936.0,0.0,0.0,0.0,0.0,0.0,0.0,0.0,0.0,0.0,0.0,3277.0,2806.0,867.0,1076.5,1466.5,1649.5,1730.5,1900.0,2102.0,2201.5,3235.0,2869.5,850.0,1071.5,1435.5,1598.5,1685.0,1848.5,2042.5,2071.0,3130.0,2842.0,872.0,1144.0,1500.0,1643.0,1764.0,1869.0,2088.0,2050.0,3263.0,2939.0,872.0,1151.0,1512.0,1681.0,1764.0,1869.0,2147.0,2050.0,3612.0,3258.0,1074.0,1342.0,1736.0,1917.0,2021.0,2195.0,2366.0,2402.0,3612.0,3258.0,1074.0,1342.0,1736.0,1917.0,2021.0,2195.0,2366.0,2402.0,3401.5,3055.5,981.5,1265.5,1574.5,1818.5,1942.5,2084.0,2300.0,2268.0,"{""type"":""MultiPoint"",""coordinates"":[]}"
1546,3,3234.0,2663.0,809.0,1093.0,1528.0,1759.0,1818.0,2013.0,2195.0,2230.0,655.0,524.0,511.0,648.0,853.0,953.0,903.0,999.0,1055.0,1047.0,218.0,199.0,332.5,450.0,535.0,612.5,456.5,513.0,499.5,436.5,475.0,422.0,608.5,807.0,807.5,988.5,856.0,920.0,884.5,799.5,475.0,345.0,370.0,587.5,515.0,793.0,881.0,958.5,908.0,833.5,1296.0,821.0,397.0,762.0,450.5,1127.0,2075.5,2254.5,2234.0,2144.0,2078.0,1066.5,291.0,657.0,286.5,1050.0,3421.0,4190.0,4310.0,4318.5,1883.0,882.0,194.5,465.0,155.5,761.0,3402.0,4861.0,5108.5,5060.0,1801.5,826.5,200.0,441.5,182.5,733.0,3416.0,5076.5,5144.0,5171.5,1515.0,647.0,167.0,308.0,117.0,516.0,3107.0,4928.0,5035.0,5199.0,1500.5,662.5,251.5,406.5,185.0,596.5,2949.0,4463.5,4712.5,4771.0,3667.5,3205.0,841.5,1149.0,1600.0,1781.5,1898.0,2039.0,2304.0,2332.5,1557.0,717.0,162.0,406.0,146.0,588.0,2924.0,4339.0,4409.0,4628.0,1479.5,671.5,152.0,346.0,128.0,568.5,2861.0,4288.5,4557.0,4566.5,1568.0,715.5,1734.5,1810.5,1539.0,1865.5,3103.0,4096.0,4191.5,4323.0,1497.5,655.5,780.5,1112.5,682.5,1448.0,3756.5,4904.5,5131.5,5232.0,1470.0,709.0,519.0,987.0,585.0,1570.0,3573.0,4413.0,4733.0,4680.0,1571.0,777.0,500.0,1066.0,701.0,1791.0,3766.0,4350.0,4632.0,4691.0,1725.0,894.0,412.5,1064.0,765.0,2037.0,3531.0,4016.0,4375.0,4456.0,2101.0,1212.0,627.0,1204.0,1382.0,2409.0,3441.0,3877.0,4267.0,4347.0,3759.5,2493.5,1083.0,1562.0,2294.0,2667.0,3047.5,3320.5,3691.5,3813.5,0.0,0.0,0.0,0.0,0.0,0.0,0.0,0.0,0.0,0.0,1999.0,1683.5,1459.0,1453.0,1621.0,1740.5,1724.0,1751.5,1625.5,1754.5,2867.0,1998.5,870.0,1192.0,1672.0,1906.0,1991.5,2152.5,2326.5,2426.5,3155.0,2117.5,997.5,1292.0,1768.0,2040.5,2127.0,2314.0,2466.0,2614.0,3729.5,2650.0,939.0,1223.0,1667.0,1898.0,2029.0,2155.5,2405.0,2413.0,3730.0,2585.0,1010.0,1289.0,1761.0,2002.0,2100.0,2257.0,2397.0,2530.0,3758.0,2661.0,886.0,1115.0,1554.0,1750.0,1848.0,2048.0,2316.0,2349.0,0.0,0.0,0.0,0.0,0.0,0.0,0.0,0.0,0.0,0.0,3382.0,2931.0,778.0,1034.0,1424.0,1609.0,1753.0,1856.0,2109.0,2133.0,3483.0,3046.0,841.0,1089.5,1436.0,1639.0,1727.0,1861.5,2096.0,2131.5,3706.0,3360.0,880.0,1160.0,1523.0,1746.0,1829.0,1963.0,2184.0,2237.0,3030.5,2635.0,978.5,1169.0,1460.5,1619.0,1706.0,1817.0,2000.5,2070.0,3868.0,3460.0,990.0,1280.0,1654.5,1867.0,1949.5,2102.5,2303.5,2364.5,2813.0,2696.5,668.0,841.5,1135.0,1256.5,1353.0,1457.0,1622.0,1631.0,3416.0,3252.0,715.0,1043.0,1513.0,1691.0,1783.0,1903.0,2049.0,2106.0,"{""type"":""MultiPoint"",""coordinates"":[]}"
1642,72,2769.5,2073.5,656.0,978.0,1028.5,1509.5,2150.0,2313.5,2471.5,2403.0,3817.5,2622.5,877.0,1262.5,1660.0,2208.5,2801.0,3064.0,3470.5,3634.5,3891.5,2568.0,783.5,1129.0,1723.0,2126.0,2332.5,2606.0,2923.5,2999.5,3999.0,2711.5,800.0,1168.5,1787.5,2143.0,2302.5,2544.0,2882.5,2967.5,4020.0,2772.0,878.0,1231.0,1892.5,2186.0,2421.5,2631.0,2963.0,3050.5,4168.5,2823.5,896.5,1301.0,2004.0,2354.0,2512.0,2757.5,3054.5,3115.5,4215.5,2955.5,911.0,1344.0,2061.0,2405.5,2586.5,2833.0,3111.0,3245.0,4358.0,2907.5,1024.0,1479.0,2205.0,2566.5,2767.0,3016.0,3322.0,3408.5,4514.0,3184.5,1109.5,1600.0,2433.0,2801.0,2933.5,3189.0,3412.0,3559.0,4545.0,3202.5,1144.5,1624.0,2475.0,2828.5,2986.0,3233.0,3458.5,3588.0,4565.5,3248.5,1088.0,1614.0,2449.0,2824.0,2977.5,3230.5,3436.0,3564.0,3110.0,2368.0,681.0,997.0,1071.0,1597.5,2255.5,2497.5,2586.0,2660.0,4505.0,3312.5,1082.0,1576.5,2404.0,2827.5,2973.0,3216.5,3436.0,3527.5,4443.0,3112.0,1073.5,1575.5,2416.5,2739.0,2991.0,3192.0,3464.5,3610.5,4508.0,3347.5,1098.0,1589.0,2452.0,2807.5,2984.5,3260.5,3464.0,3662.0,4211.0,3365.0,954.5,1395.0,2069.0,2393.5,2453.5,2615.0,2765.5,2841.5,3917.5,3183.5,833.5,1251.5,1906.0,2177.0,2278.5,2484.0,2639.0,2663.0,3872.0,3157.0,864.5,1251.0,1879.5,2149.0,2253.5,2411.5,2546.5,2614.0,3870.5,3246.0,917.0,1290.0,1875.0,2109.0,2299.0,2481.0,2568.0,2627.0,4072.0,3294.0,3722.0,3691.5,3775.5,3880.5,3716.5,3661.0,3773.5,3629.5,4119.5,3325.5,908.0,1389.5,2090.0,2361.5,2490.0,2608.0,2798.0,2781.5,3776.5,3192.0,781.5,1172.5,1795.0,2126.5,2238.5,2450.0,2531.5,2527.5,2937.0,2140.0,662.0,1073.5,1159.5,1740.0,2493.0,2697.0,2845.0,2832.5,3755.5,3095.0,765.5,1244.5,1769.0,2203.0,2590.5,2702.5,2782.5,2841.0,2267.0,1594.0,595.5,982.0,935.0,1517.0,2417.0,2569.5,2703.0,2658.5,3231.5,2527.5,668.5,1151.5,1183.0,1818.0,3048.5,3339.0,3578.0,3435.0,2659.5,1930.0,455.5,889.0,803.5,1517.0,2806.0,3028.0,3212.5,3089.0,2762.5,1887.5,2574.0,2376.0,2157.0,2612.0,3379.5,3558.5,3837.0,3663.0,0.0,0.0,0.0,0.0,0.0,0.0,0.0,0.0,0.0,0.0,2803.5,2013.5,646.5,1044.0,946.0,1609.0,2963.5,3190.0,3320.0,3330.0,3030.5,2255.5,730.0,1102.0,1027.5,1700.0,3072.0,3366.0,3551.5,3502.5,2694.0,1803.5,457.0,876.0,772.0,1437.0,3136.0,3432.5,3731.5,3616.5,2631.0,1891.5,493.0,864.5,832.0,1380.5,2819.5,3061.5,3520.0,3265.0,2494.0,1747.5,599.5,954.5,803.5,1554.5,3382.0,3950.5,4153.5,4062.0,2376.5,1571.5,518.5,899.0,722.0,1481.5,3360.5,3769.0,4017.0,3962.5,2685.0,1809.5,449.5,821.0,847.5,1465.0,2772.5,3215.0,3596.5,3448.5,"{""type"":""MultiPoint"",""coordinates"":[]}"
1661,36,2538.0,1667.0,428.0,795.0,779.0,1390.5,2592.5,2845.5,3115.5,3102.5,1873.0,833.0,291.0,619.0,306.0,960.0,3832.0,4561.0,4901.0,4710.0,2880.0,1796.5,561.0,859.0,792.5,1415.5,3326.5,3977.5,4374.5,4319.0,3032.5,1952.0,628.0,981.0,878.5,1570.0,3267.5,3668.5,3873.5,3892.5,2234.0,1069.0,375.5,696.5,353.0,1061.5,4281.5,5063.5,5256.0,5203.5,3875.0,2937.0,806.0,1133.0,1385.0,1919.0,2438.0,2760.0,2990.0,3090.0,3587.0,2447.0,840.0,1201.0,1238.0,1882.0,3262.0,3620.0,3863.0,3892.0,2255.0,1120.5,479.0,767.5,455.0,1118.0,3895.0,4651.5,4683.0,4771.5,2048.0,923.0,504.0,721.0,438.0,1079.0,4046.0,4961.0,4911.0,5150.0,2222.0,1298.0,701.0,977.0,1041.0,1568.0,2504.0,2739.0,2675.0,2961.0,2905.0,1757.5,708.0,1014.5,898.5,1555.0,3200.0,3659.0,3571.0,3851.5,2250.0,1368.0,345.0,706.0,536.0,1165.0,2688.0,2974.0,3300.0,3145.0,2311.0,1269.0,485.0,780.0,597.0,1295.0,3354.0,3897.0,3777.0,4046.0,2180.0,1192.5,520.5,786.5,657.5,1276.5,2993.5,3492.0,3512.0,3702.5,2291.5,1264.5,543.0,870.0,698.0,1419.5,3030.5,3497.0,3416.5,3738.0,4248.0,3235.0,991.0,1351.0,1882.0,2371.0,2658.0,2920.0,3109.0,3314.0,3381.0,2323.0,721.0,1030.0,1160.0,1687.5,2443.5,2716.0,2725.0,2979.0,3158.0,2167.5,735.5,1006.0,1118.0,1617.5,2351.5,2627.0,2622.5,2871.0,2655.5,1649.5,498.5,773.5,698.0,1252.5,2519.0,2807.0,2861.0,3015.5,0.0,0.0,0.0,0.0,0.0,0.0,0.0,0.0,0.0,0.0,2833.0,1922.0,570.0,868.0,907.0,1402.0,2430.0,2665.0,2981.0,2868.0,2355.0,1322.0,296.0,643.0,427.0,1071.0,3166.0,3635.0,3754.0,3798.0,1886.0,975.5,235.5,592.0,337.0,1061.5,3248.5,3617.0,3823.0,3794.0,1943.0,910.0,234.0,562.0,287.0,984.0,3438.0,3941.0,4041.0,4050.0,1940.0,870.0,224.0,559.0,221.0,886.0,3587.0,4146.0,4399.0,4282.0,2976.0,2020.0,427.0,760.0,846.0,1365.0,2377.0,2615.0,2870.0,2900.0,2465.5,1450.0,335.0,669.5,532.5,1222.5,2915.0,3237.0,3477.0,3411.5,1990.5,1005.5,217.0,581.5,274.0,1059.5,3405.0,3789.0,4103.5,3934.0,2141.0,1045.0,201.0,627.0,278.0,1151.0,3982.0,4428.0,4640.0,4654.0,1942.0,967.0,284.0,565.0,299.0,918.0,3476.0,3968.0,4279.0,4159.0,3021.0,2055.0,502.0,823.0,767.0,1423.0,2584.0,2979.0,3303.0,3318.0,2948.5,2036.0,514.5,835.5,864.5,1429.0,2557.5,2831.5,3202.0,3157.0,2280.0,1366.0,415.0,695.0,582.0,1186.0,2870.0,3267.0,3574.0,3442.0,1983.5,956.0,316.5,636.5,337.0,1049.0,3924.0,4600.5,4881.5,4744.0,2152.0,1027.0,412.0,728.0,390.0,1112.0,4590.0,5542.0,5784.0,5708.0,2308.0,1302.0,374.0,716.0,516.0,1189.0,3107.0,3515.0,3733.0,3692.0,"{""type"":""MultiPoint"",""coordinates"":[]}"
1706,69,3421.5,2926.0,814.0,1057.0,1480.5,1660.5,1746.5,1958.5,2205.0,2304.5,2894.0,2086.0,727.5,1151.5,1115.0,1706.5,3097.0,3558.0,3888.0,3834.5,2860.0,2051.0,729.0,1126.0,1080.0,1719.0,3184.0,3734.0,3985.0,3998.0,2881.0,1986.0,786.5,1207.5,1116.5,1826.5,3531.5,4100.5,4355.5,4410.0,2676.5,1778.5,682.5,1131.0,985.5,1706.0,3468.0,4007.5,4205.5,4262.0,2697.0,1757.0,665.0,1104.0,961.0,1684.0,3452.0,4001.0,4179.0,4230.0,2703.0,1804.0,709.0,1119.0,955.0,1683.0,3489.0,4118.0,4221.0,4356.0,2612.0,1681.5,737.5,1142.0,951.5,1681.0,3593.0,4185.0,4290.5,4428.5,2645.0,1661.0,743.0,1162.0,945.0,1700.0,3650.0,4361.0,4344.0,4570.0,2678.0,1615.0,822.0,1242.5,930.0,1792.5,3837.5,4461.0,4437.0,4749.5,2526.0,1531.5,689.0,1156.5,850.0,1713.5,3694.5,4284.0,4244.5,4579.5,3615.0,3154.0,1028.0,1264.0,1734.0,1923.0,1987.0,2157.0,2466.0,2453.0,2700.0,1674.0,610.0,1073.0,839.0,1643.0,3491.0,4074.0,4139.0,4419.0,2555.0,1587.0,626.5,1063.5,817.0,1596.5,3449.5,4025.0,4127.5,4341.5,2413.5,1444.5,622.5,1049.5,771.0,1538.0,3469.5,4094.5,4163.0,4425.0,2279.0,1307.0,419.0,916.0,613.0,1462.0,3583.5,4259.0,4377.0,4564.5,2092.5,1131.0,398.5,814.5,535.5,1349.0,3576.5,4206.5,4282.0,4535.0,2036.5,1047.5,366.5,784.5,507.5,1275.0,3456.0,4179.0,4278.0,4531.5,1937.0,970.0,259.5,696.0,414.0,1193.0,3465.5,4188.5,4396.5,4595.0,1829.0,929.0,270.0,620.0,409.0,1105.0,3267.0,3985.0,4290.0,4293.0,1844.0,955.0,240.5,570.0,418.0,1137.5,3167.0,3860.5,4154.0,4162.0,1040.5,512.5,130.0,369.5,247.0,855.5,2291.0,2643.5,2826.0,2920.5,3096.5,2472.0,906.5,1151.0,1518.5,1703.5,1788.0,1958.5,2202.0,2301.5,1274.0,563.0,130.0,378.0,331.0,1076.0,2362.0,2834.0,3066.0,3130.0,1352.0,634.0,135.0,348.0,339.0,1028.0,2191.0,2642.0,2869.0,3036.0,1545.5,786.0,186.0,364.0,448.5,1062.5,1749.5,2020.0,2436.0,2549.0,1559.0,896.5,278.0,430.0,541.0,1035.5,1479.0,1715.5,2023.0,2196.5,1272.5,676.5,81.0,246.0,401.0,831.5,1140.0,1358.0,1650.0,1759.5,2340.0,1646.0,481.0,651.0,825.0,1142.0,1390.0,1571.0,1807.0,1973.0,3791.5,3360.5,1157.5,1453.5,1885.5,2048.5,2154.5,2336.0,2597.5,2651.5,3480.0,2861.5,954.5,1302.5,1617.5,1886.5,2183.0,2359.5,2582.5,2656.0,3405.5,2835.5,951.0,1266.0,1530.0,1862.0,2249.0,2463.0,2762.0,2719.0,3228.0,2702.0,836.0,1158.0,1380.0,1745.0,2225.0,2434.0,2715.0,2677.0,3220.0,2564.0,744.5,1159.5,1322.0,1713.5,2465.0,2723.5,2994.5,2990.5,0.0,0.0,0.0,0.0,0.0,0.0,0.0,0.0,0.0,0.0,2893.0,2154.0,618.0,1035.0,1067.0,1588.0,2884.0,3312.0,3528.0,3596.0,"{""type"":""MultiPoint"",""coordinates"":[]}"
1810,69,2093.0,1770.0,695.0,859.0,868.0,1164.0,1440.0,1489.0,1615.0,1732.0,3405.5,3103.0,762.0,1075.5,1371.0,1711.5,2173.5,2399.5,2606.5,2646.5,3204.0,2868.5,763.5,1080.0,1324.5,1713.0,2298.5,2605.5,2644.0,2888.5,3230.5,2814.5,737.0,1067.5,1258.5,1681.5,2485.5,2826.5,3022.5,3037.0,3185.5,2688.0,748.0,1067.0,1231.0,1665.5,2643.5,3015.5,3294.0,3276.5,3141.0,2632.0,708.5,1043.5,1206.0,1625.0,2655.0,3132.5,3338.5,3376.5,3288.5,2760.5,715.0,1058.5,1251.5,1663.5,2741.0,3237.0,3493.5,3517.0,3359.0,2834.0,729.0,1066.5,1270.5,1689.0,2681.0,3172.5,3390.5,3513.0,3360.0,2823.5,737.0,1071.0,1295.0,1738.0,2714.5,3230.0,3399.0,3541.0,3262.0,2670.0,717.0,1041.0,1277.0,1687.0,2586.0,3027.0,3361.0,3372.0,3264.5,2694.0,685.0,1026.0,1246.0,1666.0,2564.0,3001.0,3259.5,3344.5,2217.0,1791.0,261.0,542.0,520.0,924.0,1580.0,1752.0,2004.0,1965.0,3252.0,2679.0,949.0,1225.5,1378.5,1761.0,2625.0,3079.5,3311.5,3440.0,3048.0,2463.5,1542.0,1681.0,1684.0,2021.0,2756.0,3145.5,3343.0,3402.5,2737.0,2183.0,1972.0,2131.0,2066.0,2297.0,2723.0,2983.0,3016.0,3138.0,2640.0,2108.5,992.5,1143.5,1227.0,1565.5,2280.5,2637.0,2887.0,2903.0,2573.5,2033.5,549.5,789.5,938.5,1311.0,2054.0,2409.0,2671.5,2715.0,2296.0,1641.0,447.5,660.0,783.5,1178.0,1844.5,2128.5,2387.0,2423.5,2271.5,1635.0,439.5,644.5,790.0,1200.0,1794.5,2149.5,2344.5,2456.0,2466.0,1806.0,440.0,652.0,855.0,1230.0,1757.0,2087.0,2369.0,2445.0,2615.0,1985.5,511.5,777.0,996.5,1376.0,1885.5,2147.5,2470.5,2499.5,2322.5,2064.5,2144.5,2062.0,2099.0,2441.5,2569.5,2647.5,2539.0,2698.0,2667.0,2132.0,2348.0,2423.0,2439.0,2735.0,2948.0,2945.0,3065.0,2991.0,0.0,0.0,0.0,0.0,0.0,0.0,0.0,0.0,0.0,0.0,0.0,0.0,0.0,0.0,0.0,0.0,0.0,0.0,0.0,0.0,1656.5,1050.5,287.0,532.5,397.5,927.0,1688.0,1882.5,2034.5,2092.5,1632.0,1005.0,337.0,574.0,396.0,957.0,2008.0,2289.0,2420.0,2469.0,1007.5,588.0,106.0,346.0,170.5,616.5,1819.5,2071.5,2200.5,2137.0,0.0,0.0,0.0,0.0,0.0,0.0,0.0,0.0,0.0,0.0,0.0,0.0,0.0,0.0,0.0,0.0,0.0,0.0,0.0,0.0,1733.0,1228.0,311.0,570.0,469.0,986.0,2014.0,2266.0,2469.0,2430.0,2197.5,1726.5,431.5,759.5,710.0,1218.5,2294.5,2598.5,2851.5,2803.0,2397.0,1902.0,544.0,840.0,810.0,1307.0,2456.0,2798.0,3057.0,3057.0,2234.0,1655.5,530.0,789.5,713.0,1289.0,2493.0,2848.5,3113.5,3135.0,3287.5,2789.5,769.0,1058.5,1222.0,1652.0,2206.0,2448.5,2743.0,2758.0,3595.0,3312.0,800.0,1144.0,1480.0,1789.0,2067.0,2235.0,2444.0,2529.0,"{""type"":""MultiPoint"",""coordinates"":[]}"
1813,36,2088.0,1115.5,392.5,721.0,591.0,1242.5,2879.5,3180.5,3429.5,3406.5,3050.0,2160.0,678.0,963.0,1020.0,1504.0,2335.0,2635.0,3001.0,2960.0,2402.5,1601.5,583.5,852.0,888.0,1369.0,2321.0,2552.0,2774.5,2761.5,2067.5,1003.5,480.5,804.0,481.0,1178.5,3879.5,4502.5,4562.0,4547.5,1977.5,839.0,390.5,685.5,364.0,1032.0,4302.5,5209.0,5388.5,5325.0,3492.0,2261.0,954.0,1278.0,1503.0,2114.0,2758.0,3116.0,3402.0,3545.0,2943.0,2019.0,804.0,1066.0,1184.0,1656.0,2587.0,2875.0,3031.0,3076.0,2006.0,1059.5,564.0,845.5,629.0,1257.0,3201.0,3625.5,3638.5,3706.5,1985.0,1010.5,655.0,921.5,701.5,1406.5,3460.0,4016.5,3869.0,4188.5,2138.0,1227.0,632.0,908.0,810.0,1428.0,2832.0,3118.0,3017.0,3429.0,3660.0,2630.5,1083.0,1403.0,1758.0,2280.0,2637.0,2930.0,2917.0,3228.0,1985.0,995.0,324.0,617.0,388.0,1005.0,2762.0,3092.0,3418.0,3300.0,2636.0,1764.0,714.0,1024.0,1254.0,1683.0,1909.0,2100.0,2133.0,2274.0,3610.5,2740.5,1096.5,1436.5,1770.5,2167.0,2433.5,2679.0,2769.0,2970.5,2099.0,1420.5,704.0,954.5,1117.0,1526.5,1809.0,2024.5,2009.5,2186.0,3619.0,2729.0,929.0,1178.0,1513.0,1932.0,2181.0,2462.0,2697.0,2823.0,3136.0,2297.5,906.5,1195.5,1551.0,1903.0,2072.0,2300.5,2354.5,2548.5,3821.5,2974.5,1224.5,1550.0,1990.5,2337.5,2516.5,2728.0,2787.0,3019.0,2811.5,2011.0,846.5,1126.0,1409.0,1743.0,1914.5,2068.5,2140.0,2296.5,0.0,0.0,0.0,0.0,0.0,0.0,0.0,0.0,0.0,0.0,3124.0,2482.0,960.0,1224.0,1479.0,1747.0,2076.0,2241.0,2543.0,2534.0,3181.0,2511.0,964.5,1267.5,1595.0,1898.5,2204.0,2375.0,2571.5,2599.5,1891.5,960.0,284.5,670.0,345.5,1118.5,2878.0,3151.0,3316.5,3324.0,1728.0,1145.0,656.0,935.0,1363.0,1564.0,1674.0,1807.0,1885.0,1897.0,2017.0,1487.0,609.0,874.0,1153.0,1463.0,1614.0,1721.0,1792.0,1815.0,1926.0,1293.0,496.0,836.0,1017.0,1379.0,1765.0,1938.0,1985.0,1973.0,2568.0,1879.0,656.0,1077.0,1182.0,1818.0,2631.0,2725.0,2872.0,2875.0,2425.5,1723.0,623.0,999.0,1029.0,1600.0,2678.0,2895.5,3043.5,2964.5,1939.0,1064.0,360.0,795.0,558.0,1360.0,2932.0,3175.0,3188.0,3203.0,1962.0,932.0,290.0,612.0,308.0,1000.0,3263.0,3689.0,3924.0,3792.0,1833.0,801.0,239.0,543.0,272.0,891.0,3857.0,4555.0,4797.0,4642.0,1881.5,799.5,300.5,581.5,296.0,938.5,4169.0,5052.5,5360.0,5182.0,1931.0,798.0,316.0,612.0,303.0,979.0,4402.0,5449.0,5766.0,5607.0,2640.5,1861.0,550.0,844.5,708.0,1313.0,2450.0,2811.0,3092.0,3099.5,2122.5,1225.0,509.5,801.0,633.0,1232.0,2817.0,3174.5,3415.5,3368.5,1881.0,1000.0,370.0,670.0,473.0,1044.0,3068.0,3535.0,3802.0,3704.0,"{""type"":""MultiPoint"",""coordinates"":[]}"
1814,122,1117.0,624.0,407.0,696.0,561.0,1323.0,3387.0,3890.0,4053.0,3921.0,2873.0,2653.0,1055.0,1161.0,1351.0,1464.0,1548.0,1629.0,1815.0,1781.0,2306.5,2100.5,590.0,676.0,812.0,823.5,881.5,982.5,1111.0,1102.0,2435.5,2219.0,662.0,754.0,911.5,960.0,1001.5,1089.5,1231.0,1255.0,2279.0,2047.0,569.0,682.0,817.0,848.0,902.0,962.0,1103.0,1137.0,1994.0,1733.0,490.0,541.0,645.0,647.0,696.0,784.0,877.0,891.0,1984.0,1699.0,427.0,506.0,626.0,645.0,673.0,744.0,863.0,914.0,1934.5,1599.5,458.5,507.0,605.5,617.0,658.5,744.5,793.0,804.0,2139.0,1857.0,571.5,641.5,736.0,797.0,852.0,941.0,995.0,1051.0,3875.0,3414.0,2501.0,2552.0,2551.0,2878.0,3288.0,3418.0,3411.0,3498.0,2113.0,1591.0,652.0,996.0,778.0,1363.0,2848.0,3163.0,2993.0,3186.0,1339.5,831.5,455.5,735.5,689.5,1327.0,3029.5,3592.0,3765.5,3714.5,2402.0,1826.0,1367.0,1535.0,1223.0,1678.0,3281.0,3765.0,3800.0,3806.0,2931.5,2006.0,1615.0,2028.5,1514.5,2511.5,5049.0,5825.0,5868.5,5848.0,0.0,0.0,0.0,0.0,0.0,0.0,0.0,0.0,0.0,0.0,2097.0,1887.0,444.0,520.0,653.0,653.0,700.0,809.0,925.0,921.0,1694.0,1393.0,560.5,567.0,628.0,667.0,735.0,829.0,856.5,906.5,2358.0,2030.0,1253.0,1172.0,1182.0,1282.0,1504.0,1637.0,1626.0,1709.0,1904.0,1711.0,544.0,565.0,635.0,711.0,709.0,816.0,904.0,904.0,1310.0,934.0,188.0,215.0,296.0,291.0,326.0,383.0,471.0,502.0,1521.5,1220.0,288.5,334.0,431.0,437.0,459.5,524.5,647.0,634.0,1827.5,1566.0,465.0,519.0,619.0,698.5,746.0,807.5,838.0,898.5,1168.0,808.0,352.0,554.0,578.0,793.0,957.0,1034.0,1133.0,1122.0,1625.0,1440.0,461.0,483.0,539.0,568.0,644.0,726.0,852.0,794.0,1053.0,818.0,210.0,233.0,277.0,318.0,394.0,421.0,451.0,501.0,1300.0,1137.5,230.5,303.0,363.0,413.0,515.5,550.5,643.5,659.0,1337.5,1151.0,313.0,352.5,405.0,493.0,617.0,688.0,746.5,771.0,1038.5,801.0,185.5,241.5,265.5,320.5,531.5,602.5,661.0,675.5,0.0,0.0,0.0,0.0,0.0,0.0,0.0,0.0,0.0,0.0,1305.0,942.0,415.0,535.0,587.0,803.0,911.0,978.0,1072.0,1062.0,1187.0,1026.0,223.0,278.0,370.0,391.0,398.0,458.0,537.0,542.0,0.0,0.0,0.0,0.0,0.0,0.0,0.0,0.0,0.0,0.0,0.0,0.0,0.0,0.0,0.0,0.0,0.0,0.0,0.0,0.0,970.0,803.5,196.0,226.5,290.0,313.0,317.0,370.5,420.0,429.5,1857.0,1636.0,404.0,503.0,625.0,622.0,653.0,764.0,884.0,874.0,2146.0,1894.0,608.0,714.0,852.0,892.5,927.5,1048.5,1164.0,1173.0,"{""type"":""MultiPoint"",""coordinates"":[]}"
1828,72,3593.0,2639.5,1045.5,1454.0,2073.0,2397.0,2663.0,2833.5,3160.5,3151.0,2915.0,1880.0,825.0,1145.5,1256.5,1778.5,3156.5,3559.5,3925.0,3820.0,2352.0,1399.5,580.5,841.5,834.5,1369.5,2941.5,3465.5,3763.0,3766.5,3526.5,2485.0,1055.5,1402.5,1666.5,2162.0,2796.0,3118.0,3392.0,3422.0,2488.5,1538.0,725.5,1023.5,1055.5,1514.0,2834.5,3134.0,3371.0,3359.5,2305.0,1346.0,569.5,844.5,784.0,1370.5,3092.0,3488.5,3815.0,3724.5,3816.0,2823.0,1139.0,1431.0,1598.0,2182.0,2764.0,3040.0,3292.0,3412.0,2571.5,1587.0,800.0,1096.5,1186.0,1599.5,2657.0,2942.0,3057.0,3153.0,2297.0,1262.0,659.5,922.5,749.0,1299.5,3046.5,3492.0,3568.0,3733.5,3917.0,2850.0,1189.0,1530.0,1792.0,2368.0,2846.0,3088.0,3098.0,3382.0,3236.5,2127.0,893.5,1219.5,1283.5,1857.0,3024.0,3389.5,3384.0,3609.5,3143.0,2238.0,956.0,1267.0,1797.0,2082.0,2377.0,2558.0,2833.0,2782.0,2002.0,992.0,526.0,824.0,601.0,1173.0,3075.0,3570.0,3507.0,3633.0,3047.0,1957.0,805.5,1120.0,1102.0,1736.0,3128.0,3509.5,3674.0,3779.5,1251.0,702.0,518.0,640.0,556.0,849.0,1499.0,1731.0,1553.0,1827.0,2435.5,1325.0,613.5,982.5,779.0,1444.5,3109.0,3511.0,3623.0,3708.5,3082.5,1940.0,731.5,1099.0,1073.0,1733.0,3000.5,3394.5,3476.0,3679.0,3112.0,2068.0,738.0,1072.0,1133.0,1675.0,2732.0,3143.0,3183.0,3301.0,2408.0,1319.0,430.0,821.0,687.0,1419.5,2911.0,3249.5,3401.5,3527.0,2332.0,1309.0,603.0,888.0,797.0,1507.0,2882.0,3320.0,3495.0,3528.0,3615.5,2404.5,1001.0,1350.0,1581.5,2220.0,2966.0,3223.5,3540.5,3621.5,2913.0,1902.0,691.0,1082.0,1355.0,1928.0,2602.0,2923.0,3052.0,3152.0,2673.0,1840.0,688.0,1038.0,1448.0,1821.0,2095.0,2269.0,2472.0,2542.0,2809.0,1836.0,652.0,1005.0,1161.0,1699.0,2529.0,2810.0,3032.0,3070.0,2627.0,1730.0,651.0,979.0,1105.0,1604.0,2448.0,2713.0,2998.0,2962.0,2959.0,1958.0,707.0,1046.5,1211.0,1747.5,2654.0,2898.5,3262.5,3181.5,3369.0,2393.0,904.0,1236.0,1568.0,2108.0,2643.0,2896.0,3219.0,3169.0,2049.0,1734.0,599.0,749.0,1040.0,1185.0,1338.0,1454.0,1633.0,1596.0,2033.0,1721.0,630.0,841.0,1221.0,1347.0,1351.0,1470.0,1589.0,1567.0,3174.0,2419.0,929.0,1267.0,1624.0,1978.0,2402.0,2637.0,2916.0,2905.0,1948.0,1118.0,502.0,778.0,910.0,1372.0,2194.0,2545.0,2834.0,2639.0,2201.0,1391.0,615.0,920.0,1053.5,1524.5,2491.5,2826.5,3128.0,3048.0,2594.0,1727.0,745.0,1037.0,1172.0,1617.0,2759.0,3050.0,3311.0,3209.0,1946.5,1102.0,579.5,852.5,850.0,1365.0,2614.0,3057.0,3312.0,3234.0,1722.0,829.0,585.0,847.0,746.0,1272.0,3068.0,3592.0,3801.0,3600.0,3120.0,2096.0,910.0,1288.0,1518.0,2088.0,2935.0,3346.0,3602.0,3523.0,"{""type"":""MultiPoint"",""coordinates"":[]}"
1834,69,1605.0,1413.0,243.0,353.0,487.0,592.0,632.0,721.0,820.0,921.0,2636.5,2032.5,730.0,1015.0,1084.0,1597.0,2267.0,2449.0,2677.5,2681.0,2397.0,2004.0,650.0,914.0,993.0,1292.0,1757.0,1935.0,2043.0,2093.0,2536.0,1982.0,709.5,962.0,993.0,1381.0,2092.5,2345.0,2455.0,2532.0,2628.5,2068.5,731.5,969.0,1071.0,1440.5,2148.5,2418.5,2549.5,2659.5,2668.5,2087.5,736.0,987.0,1065.5,1482.0,2309.0,2620.5,2668.5,2841.5,2637.5,2025.5,723.0,1000.0,1035.5,1468.5,2474.0,2832.5,2938.0,3007.0,2694.0,2039.5,712.5,992.5,1029.0,1453.5,2531.0,2914.5,2998.5,3163.0,2691.0,2038.0,731.0,996.0,1048.5,1490.0,2578.0,2954.0,3034.5,3193.0,2624.0,1957.0,735.0,984.0,1068.0,1452.0,2496.0,2894.0,3070.0,3143.0,2671.5,2012.5,721.5,948.0,1049.0,1434.5,2450.5,2876.5,2966.0,3122.0,2275.0,2026.0,437.0,571.0,790.0,903.0,1016.0,1130.0,1298.0,1317.0,2593.0,1974.0,764.0,985.0,1068.0,1401.0,2363.0,2766.0,2923.0,3000.0,2608.0,1883.5,1952.0,2039.5,1898.0,2207.5,2909.5,3202.5,3328.5,3346.0,2430.0,1728.0,2166.0,2297.0,2208.0,2456.0,2885.0,3145.0,3152.0,3301.0,2274.5,1668.0,907.0,1052.0,1062.5,1429.5,2290.0,2623.0,2787.0,2865.0,2145.0,1593.0,632.0,815.0,870.0,1224.0,2129.0,2433.0,2658.0,2658.0,2147.5,1481.5,576.5,765.5,829.5,1257.0,1973.0,2284.0,2462.0,2593.0,2100.0,1437.0,497.5,693.0,838.0,1254.0,1894.5,2187.5,2385.5,2512.5,1966.0,1354.5,550.0,718.5,846.5,1261.5,1794.0,2066.0,2251.5,2408.5,2004.5,1427.5,483.5,657.5,832.0,1206.0,1636.0,1880.5,2116.0,2208.5,2589.0,1982.0,3475.0,3275.0,3154.0,3414.0,3436.0,3412.0,3502.0,3417.0,1749.0,1259.0,1127.0,1111.0,1130.0,1290.0,1432.0,1533.0,1683.0,1733.0,0.0,0.0,0.0,0.0,0.0,0.0,0.0,0.0,0.0,0.0,0.0,0.0,0.0,0.0,0.0,0.0,0.0,0.0,0.0,0.0,1745.0,1417.5,378.0,495.5,587.5,780.5,952.5,1028.5,1165.5,1243.0,0.0,0.0,0.0,0.0,0.0,0.0,0.0,0.0,0.0,0.0,1503.0,1311.0,275.0,327.0,465.0,543.0,616.0,703.0,824.0,880.0,0.0,0.0,0.0,0.0,0.0,0.0,0.0,0.0,0.0,0.0,0.0,0.0,0.0,0.0,0.0,0.0,0.0,0.0,0.0,0.0,2082.0,1794.0,420.0,491.0,648.0,781.0,878.0,997.0,1139.0,1180.0,2662.0,2298.5,624.5,795.0,944.0,1155.0,1413.0,1545.5,1726.5,1763.5,0.0,0.0,0.0,0.0,0.0,0.0,0.0,0.0,0.0,0.0,2227.0,1716.0,436.0,633.0,675.0,1000.0,1582.0,1747.0,1881.0,1950.0,1837.0,1488.0,549.5,690.5,715.0,985.5,1472.0,1626.0,1790.0,1747.5,2681.0,2125.0,724.0,986.0,1061.0,1553.0,2192.0,2367.0,2581.0,2589.0,"{""type"":""MultiPoint"",""coordinates"":[]}"
1886,69,2181.0,1860.5,511.5,613.5,830.0,985.5,1125.5,1272.0,1452.5,1496.5,3678.0,3066.5,1756.0,1949.5,2106.5,2429.0,2839.5,2989.5,3219.0,3196.0,3575.0,2731.0,1731.0,1826.0,1706.0,2155.0,2822.0,3036.0,3890.0,3169.0,2876.0,2205.0,470.0,832.0,892.0,1358.0,2468.0,2763.0,2791.0,2938.0,2779.0,2084.0,496.0,885.0,828.0,1409.0,2816.0,3143.0,3234.0,3328.0,2724.0,1912.0,484.0,847.0,741.0,1360.0,3068.0,3537.0,3658.0,3702.0,2665.0,1769.0,416.0,832.0,666.0,1348.0,3172.0,3687.0,3761.0,3871.0,2577.0,1685.0,416.0,799.0,656.0,1333.0,3210.0,3835.0,3980.0,4012.0,2537.0,1644.0,438.0,799.0,670.0,1319.0,3188.0,3835.0,3920.0,4012.0,2464.0,1522.0,464.0,825.0,645.0,1325.0,3313.0,3905.0,4008.0,4101.0,2425.0,1453.0,433.0,814.0,605.0,1319.0,3420.0,4036.0,4135.0,4287.0,2493.0,2114.0,452.0,637.0,867.0,1050.0,1198.0,1295.0,1465.0,1575.0,2396.0,1404.0,433.0,814.0,567.0,1291.0,3437.0,4181.0,4245.0,4370.0,2286.0,1264.0,400.0,793.5,520.0,1271.0,3536.0,4311.5,4437.5,4520.0,2277.0,1243.0,482.0,825.0,558.0,1294.0,3668.0,4444.0,4481.0,4605.0,2223.0,1243.0,453.0,769.0,578.0,1294.0,3393.0,4118.0,4350.0,4360.0,2201.0,1282.0,453.0,761.0,616.0,1279.0,3231.0,3891.0,4092.0,4147.0,2074.5,1161.0,373.5,721.0,534.0,1238.5,3254.5,3986.0,4155.5,4234.5,2099.0,1198.0,622.0,893.0,708.0,1372.0,3152.0,3840.0,4043.0,4111.0,3520.0,2768.0,3948.0,4025.5,3942.0,4047.0,4279.5,4424.0,4664.5,4477.5,2072.0,1202.0,1031.5,1327.0,1119.0,1608.0,2575.0,3448.0,3602.5,3691.0,1842.5,987.5,1089.5,1322.0,1134.5,1623.5,2560.0,3414.0,3479.5,3567.0,2636.0,2376.0,412.0,565.0,862.0,1014.0,1085.0,1226.0,1458.0,1453.0,1743.0,952.0,1098.0,1326.5,1104.5,1510.0,2478.0,3160.0,3168.5,3310.0,1535.0,857.0,1121.0,1383.0,1140.0,1583.0,2331.0,2921.0,2901.0,2956.0,1713.5,1031.0,482.0,771.0,637.0,1331.5,1970.5,2283.0,2510.5,2540.0,1713.5,1031.0,482.0,771.0,637.0,1331.5,1970.5,2283.0,2510.5,2540.0,2228.0,1617.0,1802.0,1871.0,1865.0,2183.0,2632.0,2763.0,2917.0,2822.0,0.0,0.0,0.0,0.0,0.0,0.0,0.0,0.0,0.0,0.0,2879.0,2607.0,614.0,773.0,1040.5,1197.0,1320.0,1421.0,1590.0,1642.0,3607.0,3453.5,1482.5,1633.5,1885.5,2167.5,2487.5,2636.0,2793.0,2863.5,3675.5,3475.5,1410.0,1622.5,1901.0,2208.0,2508.5,2681.0,2848.0,2932.0,0.0,0.0,0.0,0.0,0.0,0.0,0.0,0.0,0.0,0.0,3455.0,3046.0,673.0,878.0,1239.0,1424.0,1499.0,1669.0,1878.0,1928.0,3455.0,3046.0,673.0,878.0,1239.0,1424.0,1499.0,1669.0,1878.0,1928.0,3183.0,2815.0,560.5,758.5,1089.5,1242.0,1376.0,1517.0,1694.5,1740.5,"{""type"":""MultiPoint"",""coordinates"":[]}"
1919,3,105.5,115.0,675.0,998.0,989.0,1069.0,616.0,584.0,537.0,396.5,1816.5,1648.5,557.5,709.5,931.0,1034.5,1089.5,1166.5,1266.0,1284.5,1707.5,1561.0,528.5,654.5,884.0,981.5,1026.5,1113.0,1187.0,1233.0,1873.0,1773.5,736.5,867.0,1104.5,1205.5,1258.5,1328.5,1386.0,1440.0,129.0,97.5,304.0,413.0,429.0,561.5,483.0,532.5,519.0,488.5,116.5,123.5,511.0,678.5,642.5,839.0,550.0,639.0,524.5,455.0,712.0,484.5,456.5,771.5,500.0,994.0,1273.5,1365.0,1282.0,1201.0,1222.0,708.5,353.5,689.5,383.0,1049.0,2189.0,2490.0,2344.0,2377.0,1353.0,687.0,278.0,505.0,273.0,771.5,2391.0,3197.0,3067.5,3199.5,1173.0,529.0,176.5,319.5,174.0,505.0,2274.0,3534.0,3671.5,3704.0,1144.0,513.5,194.0,331.0,178.5,490.5,2362.5,3878.0,3930.0,4055.0,183.5,159.5,587.5,860.5,893.0,974.5,598.5,565.0,573.5,394.5,1210.5,554.5,758.0,812.0,533.5,831.5,2627.5,4151.5,4334.5,4307.5,1314.5,569.0,823.0,995.0,666.0,1131.5,3099.5,4505.0,4627.0,4705.0,1632.5,765.5,2115.5,2244.5,1898.0,2307.5,3494.0,4251.5,4287.0,4503.5,1400.0,656.5,1079.5,1331.0,937.5,1655.0,3473.0,4415.5,4605.5,4642.5,1289.0,643.0,268.0,718.5,546.5,1379.5,3049.0,3662.0,3934.0,3954.0,1540.5,796.0,394.5,853.5,762.5,1644.0,3023.0,3570.0,3774.5,3905.0,1971.5,1101.0,476.0,1047.5,1073.5,2060.0,3213.0,3667.0,3935.0,4047.5,2281.5,1353.0,607.5,1173.0,1312.5,2334.5,3272.0,3705.0,3978.5,4162.5,3918.0,2742.5,1061.0,1536.0,2137.5,2707.0,2917.5,3177.5,3432.5,3563.0,1782.0,1513.0,1460.5,1523.5,1758.0,1948.5,2032.5,2227.0,2051.0,2377.5,2596.0,2199.0,3733.5,3434.5,3348.5,3453.5,3292.0,3222.0,3316.0,3225.0,62.0,60.0,178.0,253.5,417.0,533.0,326.0,382.0,353.5,288.0,367.0,434.0,813.0,946.0,984.0,1209.0,948.0,963.0,720.5,803.0,20.0,33.0,250.0,483.5,405.5,668.0,387.0,356.5,263.0,164.0,0.0,0.0,0.0,0.0,0.0,0.0,0.0,0.0,0.0,0.0,481.0,446.0,3153.5,3018.5,3022.0,3236.0,2974.5,2854.5,2856.0,2697.0,0.0,0.0,0.0,0.0,0.0,0.0,0.0,0.0,0.0,0.0,78.0,70.0,751.0,823.0,778.5,791.0,472.5,498.0,424.5,292.0,43.5,20.0,218.5,341.5,443.0,675.0,617.5,687.0,684.0,664.0,1627.0,1186.5,491.0,691.5,874.0,1087.0,1173.0,1259.5,1395.0,1411.0,0.0,0.0,0.0,0.0,0.0,0.0,0.0,0.0,0.0,0.0,2744.5,2069.0,2064.0,2188.5,2362.0,2530.0,2578.5,2652.0,2741.5,2719.5,2969.5,2577.5,878.0,1124.5,1433.5,1662.0,1797.5,1931.5,2095.0,2134.0,2598.5,2317.5,791.5,1011.0,1317.5,1463.5,1556.0,1684.5,1825.5,1855.5,"{""type"":""MultiPoint"",""coordinates"":[]}"
1949,3,103.0,82.0,131.0,246.0,365.0,399.0,254.0,276.0,274.0,196.0,2866.0,2781.0,745.0,1013.0,1357.5,1504.0,1565.5,1695.0,1830.5,1848.5,3865.0,3507.0,2015.0,2192.0,2475.0,2743.0,2971.0,3134.0,3287.0,3324.0,105.0,108.0,315.0,440.0,570.0,602.0,377.0,401.0,381.0,245.0,150.5,145.0,329.0,541.0,577.0,774.0,544.0,613.0,571.5,430.5,433.0,314.0,343.0,564.0,492.0,831.0,944.0,988.0,1010.0,905.0,1025.5,579.0,348.5,642.5,395.5,932.5,1915.0,2118.0,2185.5,2109.5,833.0,490.5,243.0,455.0,303.5,726.5,1413.0,1649.0,1620.5,1552.5,1010.0,515.0,164.0,314.5,138.5,474.0,1749.5,2325.0,2312.0,2325.0,1164.0,550.0,148.0,340.0,144.0,513.0,2313.0,3451.0,3504.0,3500.0,1163.5,527.5,185.5,346.0,135.0,490.5,2428.5,3731.5,3774.5,3865.0,138.0,126.0,388.0,543.0,611.0,632.0,410.0,419.0,400.0,305.0,1160.0,520.0,172.0,328.0,110.0,468.0,2424.0,3916.0,4037.0,4011.0,1407.5,597.0,1382.0,1547.0,1187.5,1607.5,3392.0,4496.5,4660.5,4696.5,1649.5,821.5,1781.0,1884.0,1530.0,2021.5,3215.0,3809.5,3890.0,4038.0,1548.0,774.0,847.5,1198.0,844.0,1705.0,3417.0,4041.5,4237.0,4285.5,1663.5,905.0,391.5,950.0,793.5,1787.0,3265.0,3710.0,3959.0,3984.5,1903.5,1080.5,582.0,1094.0,1000.5,1987.5,3081.0,3454.0,3651.0,3772.5,2299.0,1340.0,618.5,1244.5,1228.0,2296.5,3253.5,3591.5,3874.5,3946.5,4030.0,2858.0,1155.0,1596.0,1995.0,2688.0,2991.0,3194.0,3571.0,3595.0,2982.0,2083.0,1180.5,1666.0,2391.5,2784.0,2924.0,3150.5,3479.5,3470.0,0.0,0.0,0.0,0.0,0.0,0.0,0.0,0.0,0.0,0.0,0.0,0.0,0.0,0.0,0.0,0.0,0.0,0.0,0.0,0.0,116.0,84.0,279.0,400.0,525.0,745.0,651.0,674.0,741.0,659.0,0.0,0.0,0.0,0.0,0.0,0.0,0.0,0.0,0.0,0.0,1016.0,687.5,357.5,529.5,775.5,998.5,1075.5,1186.5,1270.0,1255.0,0.0,0.0,0.0,0.0,0.0,0.0,0.0,0.0,0.0,0.0,3130.0,2533.0,618.0,937.0,1383.0,1642.0,1762.0,1844.0,2139.0,2100.0,0.0,0.0,0.0,0.0,0.0,0.0,0.0,0.0,0.0,0.0,0.0,0.0,0.0,0.0,0.0,0.0,0.0,0.0,0.0,0.0,41.0,54.0,121.0,189.0,330.0,437.0,389.0,467.0,492.0,453.0,1995.0,1504.0,365.0,566.5,809.5,969.0,1018.0,1115.0,1276.0,1246.5,2955.0,2615.0,572.0,840.0,1161.0,1322.0,1394.0,1523.0,1668.0,1686.0,1628.0,1332.0,406.5,507.5,680.0,784.0,810.5,875.0,981.5,991.0,4110.5,3804.5,902.0,1279.0,1781.0,1999.5,2114.5,2299.5,2527.0,2537.0,2592.0,2456.0,570.0,826.0,1147.0,1290.0,1352.0,1457.0,1570.0,1602.0,"{""type"":""MultiPoint"",""coordinates"":[]}"
2146,69,2794.0,2360.0,703.0,947.0,994.0,1433.0,1880.0,2022.0,2223.0,2337.0,2954.5,2330.5,574.0,863.5,1064.5,1517.0,2065.0,2289.0,2603.0,2607.5,3018.0,2312.0,555.0,868.0,1173.0,1562.0,2005.0,2228.0,2493.0,2565.0,3268.0,2615.0,660.0,930.0,1273.0,1621.0,1993.0,2263.0,2509.0,2601.0,3362.5,2651.5,700.5,1008.5,1429.0,1730.0,2095.5,2356.5,2623.5,2707.5,3487.0,2754.5,753.5,1058.0,1507.5,1842.5,2157.0,2409.0,2626.0,2762.5,3528.5,2758.5,752.5,1078.5,1554.5,1844.5,2137.5,2392.5,2656.0,2771.5,3583.0,2755.0,720.5,1052.0,1528.0,1848.5,2164.5,2395.5,2627.5,2785.0,3615.5,2827.0,750.0,1084.5,1604.5,1911.0,2150.5,2413.0,2629.5,2774.0,3574.0,2706.0,745.0,1087.0,1569.0,1883.0,2158.0,2392.0,2664.0,2825.0,3655.0,2965.0,795.0,1100.0,1640.0,1926.0,2145.0,2417.0,2644.0,2740.0,2253.0,1932.0,291.0,575.0,597.0,991.0,1649.0,1816.0,2009.0,2048.0,3586.0,2820.0,780.0,1102.0,1606.0,1880.0,2142.0,2404.0,2654.0,2775.0,3658.5,2791.0,1554.5,1703.0,1931.0,2234.0,2503.5,2745.0,2932.0,3047.5,3223.0,2549.0,1701.0,1887.0,1908.0,2159.0,2439.0,2632.0,2689.0,2813.0,3457.0,2716.0,1101.5,1302.0,1657.5,1917.0,2171.0,2408.5,2631.0,2702.0,3346.0,2634.0,713.5,1029.5,1509.0,1774.0,1997.5,2206.0,2494.0,2561.5,3225.0,2546.0,630.5,894.0,1334.0,1610.5,1818.5,2058.5,2327.0,2422.5,3254.0,2530.0,656.5,922.0,1358.0,1641.5,1871.0,2047.0,2330.0,2426.0,3342.0,2733.0,669.0,1006.0,1412.0,1723.0,1964.0,2112.0,2384.0,2468.0,3068.0,2457.5,623.5,911.0,1339.5,1604.5,1785.0,1976.5,2301.5,2341.0,2402.0,1768.0,508.0,720.0,1013.0,1271.0,1421.0,1563.0,1694.0,1816.0,0.0,0.0,0.0,0.0,0.0,0.0,0.0,0.0,0.0,0.0,1196.0,902.0,291.0,427.0,485.0,672.0,827.0,926.0,937.0,1007.0,0.0,0.0,0.0,0.0,0.0,0.0,0.0,0.0,0.0,0.0,2039.0,1755.0,370.5,603.0,617.5,975.0,1567.0,1788.5,1858.5,1861.5,2033.0,1857.0,404.0,566.0,627.0,902.0,1400.0,1604.0,1602.0,1845.0,1852.5,1394.5,563.5,813.0,707.5,1212.0,2147.5,2392.0,2586.5,2543.5,0.0,0.0,0.0,0.0,0.0,0.0,0.0,0.0,0.0,0.0,0.0,0.0,0.0,0.0,0.0,0.0,0.0,0.0,0.0,0.0,1663.0,993.0,282.0,619.0,369.0,1118.0,3112.0,3427.0,3690.0,3602.0,1807.0,1108.0,228.0,585.0,405.0,1146.0,3362.0,3714.0,4021.0,3998.0,1838.0,1161.0,357.0,643.0,475.0,1113.0,3015.0,3378.0,3704.0,3626.0,1647.0,947.0,250.0,555.0,382.0,1058.0,2971.0,3508.0,3678.0,3632.0,2611.0,1965.5,1254.5,1341.5,1220.0,1610.0,2718.0,3040.0,3433.5,3203.0,0.0,0.0,0.0,0.0,0.0,0.0,0.0,0.0,0.0,0.0,"{""type"":""MultiPoint"",""coordinates"":[]}"
2167,69,1987.5,1818.5,405.5,484.0,680.5,791.0,878.0,1017.5,1106.5,1160.0,3707.5,2852.5,1493.0,1793.5,2063.5,2563.0,3323.0,3565.5,3728.0,3785.0,3108.5,2463.5,655.5,1020.5,1322.0,1728.0,2512.0,2773.5,3023.5,2924.0,3124.5,2435.0,655.5,1027.0,1322.0,1728.5,2600.5,2908.0,3120.0,3055.0,3148.5,2376.0,687.5,1075.5,1327.5,1806.5,2890.5,3213.0,3392.5,3397.0,3313.5,2582.5,726.0,1124.5,1405.5,1934.5,2927.0,3269.5,3459.5,3478.0,3371.5,2622.0,735.5,1160.0,1460.0,1977.5,3052.5,3439.0,3615.5,3661.0,3375.5,2593.0,741.5,1174.5,1493.0,2024.0,3123.5,3459.0,3650.0,3679.0,3356.5,2515.5,714.5,1148.0,1408.0,1970.5,3156.5,3558.0,3663.5,3764.0,3280.5,2407.5,652.5,1097.0,1319.5,1904.0,3203.0,3651.5,3728.0,3857.5,3391.5,2614.0,678.5,1118.0,1406.0,1983.5,3128.5,3533.0,3670.5,3769.0,2417.0,2213.0,627.0,733.0,936.0,1119.0,1219.0,1332.0,1423.5,1452.5,3391.5,2655.0,705.5,1118.0,1433.0,1983.5,3088.0,3533.0,3621.0,3749.0,3047.0,2219.0,632.5,1021.0,1220.0,1802.0,3035.0,3495.5,3578.0,3697.0,2958.5,2056.0,774.5,1118.5,1257.5,1820.0,3013.5,3484.5,3578.0,3696.0,2676.0,1837.0,660.5,995.0,1088.5,1664.0,2859.5,3291.0,3469.0,3539.0,2899.5,1913.0,604.5,962.0,1123.5,1719.0,2677.5,3068.5,3357.5,3418.5,2757.5,1802.5,638.0,972.0,1168.5,1716.5,2580.5,2941.5,3199.0,3285.0,2613.5,1660.0,617.5,932.0,1148.5,1661.5,2500.0,2861.5,3104.0,3211.0,2552.0,1645.0,540.5,854.5,1020.0,1723.5,2845.5,3311.0,3553.5,3816.0,2457.0,1514.5,444.5,784.5,943.5,1631.0,2443.5,2782.5,3153.5,3253.5,2400.0,1456.5,408.5,702.5,903.0,1529.5,2274.5,2607.0,2929.0,3057.5,2011.5,1792.5,327.5,475.5,761.0,886.5,952.5,1070.0,1153.0,1226.0,2378.5,1492.5,359.0,665.5,852.5,1424.0,1964.5,2200.5,2393.5,2532.0,2691.5,1773.0,536.5,782.5,909.0,1422.5,1962.5,2179.5,2366.0,2508.0,2473.5,2061.5,540.0,712.5,980.0,1188.0,1338.5,1451.0,1622.5,1651.0,2601.5,2206.0,437.5,665.5,983.0,1199.5,1345.0,1457.0,1612.0,1660.5,2325.5,1581.0,1647.0,1704.0,1802.5,2056.0,2274.5,2377.5,2444.0,2491.0,0.0,0.0,0.0,0.0,0.0,0.0,0.0,0.0,0.0,0.0,3165.5,2830.5,714.0,1019.0,1462.5,1682.5,1790.0,1906.0,2036.0,2055.5,3520.0,3212.5,807.5,1122.0,1617.0,1896.0,2004.5,2130.5,2243.5,2276.0,3690.0,3303.5,815.5,1173.0,1722.0,1985.0,2149.5,2278.5,2415.0,2406.5,0.0,0.0,0.0,0.0,0.0,0.0,0.0,0.0,0.0,0.0,0.0,0.0,0.0,0.0,0.0,0.0,0.0,0.0,0.0,0.0,3549.0,2994.5,782.0,1190.0,1569.5,1999.5,2592.5,2776.0,2964.0,2950.0,3441.5,2811.0,751.0,1167.0,1513.5,1974.0,2670.5,2855.0,3070.0,3037.0,"{""type"":""MultiPoint"",""coordinates"":[]}"
2203,61,2181.0,1448.0,464.0,600.0,943.0,1186.0,1378.0,1555.0,1891.0,1979.0,3085.5,2293.5,859.0,1067.5,1401.0,1601.0,1656.0,1867.5,2086.0,2188.5,3134.0,2366.0,916.0,1086.0,1439.0,1575.0,1723.0,1908.0,2072.0,2194.0,3240.0,2415.0,918.0,1188.0,1469.0,1679.0,1795.0,1914.0,2103.0,2279.0,3303.0,2496.0,986.0,1205.0,1542.0,1796.0,1851.0,2069.0,2208.0,2345.0,3355.0,2553.0,1040.0,1248.0,1564.0,1802.0,1870.0,2085.0,2286.0,2398.0,3397.0,2609.0,1022.0,1265.0,1593.0,1818.0,1898.0,2095.0,2302.0,2427.0,3486.0,2617.0,1022.0,1305.0,1688.0,1932.0,1985.0,2192.0,2361.0,2427.0,4396.0,3885.0,1464.0,1954.0,2423.0,2689.0,2779.0,2914.0,3106.0,3153.0,4550.0,3958.0,1567.0,2067.0,2601.0,2866.0,2846.0,3073.0,3140.0,3257.0,4487.0,3924.0,1562.0,2055.0,2546.0,2847.0,2830.0,3027.0,3105.0,3204.0,2377.0,1655.0,546.0,746.0,994.0,1265.0,1350.5,1600.5,1797.5,1946.0,4488.0,3905.0,1526.5,2026.5,2529.0,2836.0,2811.5,3011.5,3075.5,3193.0,4407.0,3812.0,1471.0,2001.0,2514.0,2771.0,2795.0,2996.0,3050.0,3182.0,4439.0,3734.0,1471.0,2010.0,2519.0,2821.0,2842.0,2997.0,3050.0,3237.0,4329.0,3704.0,1440.0,1908.0,2475.0,2732.0,2773.0,2924.0,3105.0,3142.0,4283.0,3704.0,1420.0,1872.0,2358.0,2669.0,2731.0,2886.0,3043.0,3118.0,4130.0,3549.0,1398.0,1836.0,2307.0,2564.0,2614.0,2767.0,2943.0,2979.0,4100.0,3549.0,1394.0,1836.0,2307.0,2565.0,2613.0,2759.0,2943.0,2979.0,4160.0,3486.0,1364.0,1874.0,2332.0,2585.0,2702.0,2847.0,3011.0,3083.0,3874.0,3119.0,1211.0,1667.0,2117.0,2386.0,2445.0,2633.0,2794.0,2814.0,3546.0,2914.0,998.0,1361.0,1814.0,2049.0,2121.0,2341.0,2464.0,2586.0,2322.5,1611.5,469.0,676.5,940.5,1202.5,1302.5,1545.0,1820.0,1882.0,3562.0,2914.0,1000.0,1426.0,1859.0,2110.0,2169.0,2341.0,2464.0,2586.0,3560.5,2869.0,1017.0,1417.0,1876.5,2087.5,2171.5,2355.0,2518.5,2583.5,2924.5,2590.0,842.0,1225.5,1550.0,1713.0,1771.5,1867.0,2015.5,1996.0,2954.0,2687.0,899.0,1270.0,1592.0,1758.0,1799.0,1898.0,2033.0,2027.0,2480.5,1800.5,1908.5,1939.0,2095.0,2283.0,2296.5,2364.5,2469.5,2488.5,1676.0,1287.0,740.0,857.0,1016.0,1108.0,1133.0,1185.0,1303.0,1275.0,2419.5,1766.0,540.5,699.0,975.0,1203.0,1320.5,1413.0,1663.5,1798.5,2374.5,1728.5,671.0,796.0,1005.5,1258.5,1354.5,1474.0,1704.5,1756.0,2607.0,1891.0,794.0,905.0,1108.0,1347.0,1399.0,1522.0,1770.0,1905.0,2811.0,2158.0,827.0,1061.0,1254.0,1532.0,1657.0,1842.0,2094.0,2142.0,2699.0,2055.0,776.0,910.0,1150.0,1314.0,1515.0,1601.0,1862.0,1984.0,2830.0,2080.0,776.0,942.0,1184.0,1419.0,1515.0,1712.0,1917.0,1995.0,2886.0,2144.5,803.5,995.0,1278.0,1482.0,1568.0,1759.0,1984.5,2059.5,"{""type"":""MultiPoint"",""coordinates"":[]}"
2268,75,3238.0,3149.0,1036.5,1184.5,1378.0,1502.5,1567.5,1682.0,1831.0,1853.5,4420.0,4322.0,1250.0,1588.5,1967.0,2163.5,2190.0,2360.5,2483.5,2568.0,4481.5,4447.5,1293.5,1607.5,2006.5,2207.0,2218.0,2368.5,2486.5,2609.0,4849.5,4997.5,1351.0,1675.5,2154.0,2332.5,2367.5,2538.0,2760.5,2774.5,4877.5,4909.0,1433.0,1787.5,2249.0,2471.0,2503.5,2675.0,2834.5,2900.0,4910.0,4981.5,1461.5,1839.5,2346.0,2545.0,2514.5,2670.5,2828.5,2905.0,4919.0,5053.5,1508.5,1892.5,2375.0,2561.5,2534.0,2691.5,2838.0,2905.0,4961.0,5042.0,1513.5,1900.0,2399.0,2585.0,2545.0,2694.5,2879.0,2906.5,4999.0,5094.0,1567.0,1968.5,2458.0,2659.5,2578.5,2718.0,2836.0,2921.0,5027.0,5123.5,1578.5,1971.0,2483.0,2698.0,2603.0,2773.0,2831.5,2991.5,5011.5,5110.5,1560.0,1979.5,2502.0,2707.5,2623.0,2767.5,2867.5,2989.5,3559.5,3549.0,1504.0,1594.0,1675.0,1815.5,1857.5,1921.0,2031.0,2047.0,5025.0,5130.5,1607.5,1998.5,2482.5,2727.5,2642.5,2798.0,2881.5,3070.5,5024.5,5102.5,1584.5,1993.0,2510.0,2748.0,2679.0,2809.0,2898.0,3000.5,5030.0,5006.0,1584.5,1982.5,2470.0,2717.0,2724.0,2885.0,2920.0,3109.5,4885.0,4868.5,1551.5,1935.5,2395.5,2643.5,2666.0,2843.5,2961.0,3005.0,4818.0,4898.0,1454.5,1854.5,2333.0,2557.5,2596.0,2779.0,2934.0,2977.5,4783.0,4857.0,1450.5,1842.0,2302.5,2527.0,2577.0,2750.5,2880.0,2958.0,4773.5,4827.0,1397.0,1824.5,2265.0,2514.0,2559.5,2744.5,2876.5,2959.5,4738.5,4661.5,1397.0,1806.0,2253.0,2514.0,2542.0,2744.5,2870.0,2959.5,4128.5,4026.0,952.0,1282.5,1683.5,1865.5,1922.0,2046.5,2213.0,2308.5,3861.0,3807.0,971.5,1212.0,1574.5,1798.0,1833.0,1981.0,2116.0,2172.0,3440.5,3259.5,654.5,868.0,1170.0,1344.5,1398.5,1522.0,1736.0,1704.0,3600.5,3657.0,779.0,995.0,1335.5,1536.5,1526.5,1665.0,1749.5,1846.0,3576.0,3498.0,847.0,1048.0,1338.5,1521.5,1525.5,1658.5,1780.0,1828.5,3650.5,3752.5,1004.0,1210.0,1519.5,1636.0,1692.0,1776.0,1917.0,1989.0,3679.5,3685.5,986.0,1235.5,1537.0,1668.5,1739.5,1826.0,1953.0,2016.5,2249.5,1670.0,1165.0,1286.0,1339.0,1521.0,1723.0,1830.5,1972.0,1996.0,0.0,0.0,0.0,0.0,0.0,0.0,0.0,0.0,0.0,0.0,3100.0,2851.0,544.5,700.5,926.5,1127.0,1193.0,1315.0,1412.5,1540.5,1973.0,1856.5,447.5,524.0,654.5,779.5,837.5,927.5,974.0,1069.0,1944.0,1853.0,435.0,529.0,660.5,739.5,807.0,863.0,969.0,980.5,3468.0,3230.5,748.5,943.5,1241.5,1425.5,1484.5,1652.5,1759.0,1849.0,4150.5,4185.0,1002.5,1304.5,1662.0,1900.5,2007.0,2173.5,2306.0,2388.0,4223.0,4217.0,1097.5,1395.5,1762.0,1958.0,2016.0,2147.5,2316.5,2388.0,4292.0,4257.5,1153.5,1464.5,1834.5,2019.5,2064.5,2191.0,2383.0,2426.5,"{""type"":""MultiPoint"",""coordinates"":[]}"
2304,54,1947.5,1783.5,755.0,1005.5,1235.5,1326.5,1360.5,1442.5,1478.5,1472.5,2886.0,2564.5,1036.5,1507.5,1790.5,2068.5,2341.5,2484.0,2557.5,2530.5,2539.0,2094.0,817.0,1257.0,1380.5,1733.0,2488.5,2645.5,2709.0,2673.5,2503.5,1971.0,782.5,1199.0,1255.0,1713.5,3018.0,3408.0,3567.0,3471.5,2311.5,1726.0,731.5,1117.0,1103.0,1615.5,3322.0,3961.5,4008.0,3987.0,2322.5,1659.5,689.5,1127.5,1018.0,1666.0,3673.5,4340.0,4493.5,4387.0,2249.0,1595.0,685.0,1176.5,1009.0,1735.0,3877.0,4657.0,4722.5,4647.5,2249.0,1586.5,767.0,1265.0,1096.5,1938.0,3839.0,4389.0,4718.0,4478.0,2263.0,1646.0,809.5,1347.0,1238.0,2129.5,3755.0,4365.5,4476.5,4473.5,2375.0,1711.0,836.0,1416.0,1438.0,2352.0,3808.0,4341.5,4331.0,4398.5,2611.0,2004.0,869.0,1424.0,1652.5,2495.5,3529.0,3935.5,4085.5,4145.0,2010.5,1826.5,728.5,1022.5,1290.0,1383.5,1422.0,1488.5,1550.0,1520.5,3523.0,2899.0,1191.0,1711.5,2138.0,2712.0,3020.5,3307.5,3419.0,3582.5,3812.0,3078.5,1315.0,1873.0,2424.0,2799.0,2828.5,3040.5,3127.0,3216.0,3354.5,2962.5,1162.0,1661.0,2106.5,2395.0,2400.0,2505.0,2533.0,2626.5,3229.5,2901.0,1200.5,1684.5,2123.0,2356.5,2383.5,2501.5,2584.5,2594.5,3134.5,2811.5,1159.0,1653.5,2069.0,2291.0,2351.5,2465.5,2534.5,2551.5,3059.5,2686.0,1119.0,1604.5,1990.0,2219.0,2318.5,2456.0,2515.0,2527.5,3010.0,2678.0,1106.5,1568.0,1963.5,2179.0,2234.0,2356.0,2412.0,2455.0,2999.0,2613.5,1123.0,1589.0,1981.5,2179.0,2216.5,2351.0,2412.0,2414.0,2281.5,1872.0,709.5,1084.0,1469.0,1625.5,1646.5,1777.0,1850.0,1851.0,2745.0,2442.0,958.5,1348.5,1732.5,1953.5,1970.0,2103.0,2108.5,2173.5,1964.5,1768.5,637.5,940.0,1216.5,1327.0,1357.0,1421.5,1503.0,1469.5,2716.0,2364.0,995.5,1408.5,1721.5,1945.0,1943.0,2061.5,2094.5,2129.0,2419.5,2070.5,1119.5,1414.5,1658.5,1814.0,1831.5,1901.0,2077.0,1976.5,2568.5,2240.0,934.5,1332.0,1661.5,1819.0,1853.5,1946.0,2039.5,1983.0,2330.5,2059.5,883.5,1241.0,1540.0,1684.0,1697.5,1796.0,1859.5,1830.0,3075.0,2274.5,2951.0,2883.0,2984.0,3175.0,3155.0,3185.5,3388.0,3209.0,2906.0,2474.5,2467.5,2435.5,2550.5,2589.5,2561.0,2597.5,2992.5,2603.5,2938.5,2701.5,1006.5,1537.0,1894.5,2060.5,2101.5,2172.5,2262.5,2244.0,2692.5,2518.0,894.0,1310.0,1628.0,1795.5,1839.0,1908.0,1962.5,1979.0,2344.5,2137.5,714.5,1073.0,1360.0,1478.5,1532.0,1620.0,1714.5,1653.5,2543.0,2338.5,846.0,1222.0,1534.0,1683.0,1734.0,1822.0,1885.5,1864.5,2543.0,2338.5,863.0,1222.0,1534.0,1683.0,1734.0,1822.0,1885.5,1864.5,2834.5,2607.5,1017.5,1491.0,1827.0,2001.5,2074.0,2136.0,2209.0,2175.0,2897.5,2679.5,1087.0,1567.5,1911.5,2072.0,2150.5,2268.0,2329.5,2287.0,"{""type"":""MultiPoint"",""coordinates"":[]}"
2429,152,4248.0,4376.0,1272.0,1824.0,2301.0,2509.0,2612.0,2718.0,2842.0,2805.0,3425.0,2780.0,920.0,1433.0,1610.0,2125.0,3060.0,3426.0,3589.0,3594.0,3752.0,3127.0,952.0,1553.0,1900.0,2421.0,3100.0,3394.0,3603.0,3586.0,4119.0,3593.0,1174.0,1761.0,2384.5,2810.5,3093.0,3296.5,3506.5,3517.0,4344.5,3786.0,1259.5,1843.0,2603.0,2969.5,3122.0,3340.0,3502.5,3559.0,4415.0,3768.0,1249.0,1867.0,2643.0,3033.0,3164.0,3351.0,3478.0,3575.0,4479.0,3778.0,1300.0,1923.0,2744.0,3055.0,3205.0,3360.0,3488.0,3620.0,4683.5,4002.5,1343.0,1951.5,2791.5,3145.5,3231.0,3458.0,3569.5,3677.5,4535.0,3899.5,1316.0,1929.0,2742.5,3079.0,3172.5,3359.0,3459.0,3571.0,4504.0,3867.0,1306.0,1920.0,2726.0,3059.5,3146.5,3349.0,3427.5,3563.0,4516.0,3867.0,1306.0,1899.0,2717.0,3072.0,3129.5,3329.5,3323.0,3562.0,4293.0,4367.0,1237.0,1811.0,2298.0,2521.0,2688.0,2824.0,2929.0,2916.0,4294.0,3759.0,1225.0,1741.0,2493.0,2850.0,2923.0,3146.0,3133.0,3351.0,4262.0,3579.0,1165.0,1731.0,2496.0,2836.0,2916.0,3102.0,3168.0,3319.0,4901.5,4065.0,1354.5,1974.0,2853.0,3223.5,3277.5,3505.0,3532.5,3795.5,4251.5,3552.5,1075.0,1692.0,2558.5,2890.0,2962.0,3155.0,3262.0,3381.0,4218.0,3573.0,1063.0,1669.0,2487.0,2847.0,2911.0,3127.0,3186.0,3350.0,4133.5,3420.5,1073.0,1639.0,2451.5,2786.5,2882.0,3071.0,3169.5,3284.0,3915.0,3731.0,1165.5,1679.5,2251.5,2486.0,2549.5,2690.5,2701.0,2797.0,3806.0,3638.5,1114.0,1614.5,2205.0,2421.0,2485.0,2630.5,2694.0,2741.0,3792.5,3607.5,1082.5,1607.0,2193.0,2414.5,2480.0,2604.5,2732.5,2723.0,3844.0,3591.0,1111.0,1645.0,2262.0,2486.0,2549.0,2670.0,2773.0,2815.0,4391.0,4422.0,1354.0,1900.0,2376.0,2653.0,2837.0,2973.0,3062.0,3081.0,3620.0,3509.0,1000.5,1513.0,2038.0,2244.0,2303.0,2439.5,2483.5,2516.0,3677.5,3518.5,1037.0,1562.0,2113.0,2329.0,2370.5,2507.5,2544.0,2598.0,3533.0,3435.0,1084.0,1560.0,2065.0,2225.0,2277.0,2437.0,2548.0,2508.0,3565.0,3418.5,989.5,1500.0,2044.0,2228.0,2279.0,2432.5,2508.5,2524.0,0.0,0.0,0.0,0.0,0.0,0.0,0.0,0.0,0.0,0.0,2871.0,2577.5,865.0,1262.5,1705.5,1868.0,1916.5,2019.5,2119.5,2124.0,4131.5,4042.0,1234.5,1804.5,2220.0,2519.0,2769.5,2921.5,2998.5,3010.5,3890.0,3558.0,1158.5,1696.5,1943.5,2376.0,3033.5,3245.0,3333.5,3336.0,3639.0,3083.0,942.0,1551.0,1663.0,2205.0,3229.0,3512.0,3642.0,3587.0,3327.0,2614.0,785.0,1360.0,1371.0,1938.0,3331.0,3662.0,3848.0,3769.0,3141.0,2499.0,756.0,1207.0,1196.0,1732.0,3189.0,3658.0,3706.0,3744.0,0.0,0.0,0.0,0.0,0.0,0.0,0.0,0.0,0.0,0.0,2789.0,2179.5,609.0,1047.0,1119.5,1614.0,2768.5,3183.5,3339.5,3310.5,"{""type"":""MultiPoint"",""coordinates"":[]}"
2434,204,2706.0,1934.0,974.0,1205.5,1702.0,2044.0,2292.5,2542.5,2855.5,2887.5,2424.0,1770.5,716.0,1047.0,1125.0,1578.5,2361.0,2574.0,2733.0,2726.5,2289.0,1653.0,675.0,993.5,1011.5,1480.5,2474.5,2883.5,3063.0,3033.0,2075.5,1489.5,619.5,888.0,938.0,1359.0,2482.5,2883.5,3063.0,3043.0,2075.5,1489.5,620.0,906.5,961.5,1391.5,2539.5,2939.5,3114.0,3092.0,2155.0,1568.0,690.0,969.0,1039.5,1467.0,2583.0,3021.5,3180.0,3212.5,2170.5,1564.0,673.0,976.0,1039.0,1469.0,2553.5,2964.5,3111.0,3162.5,2084.5,1493.0,620.0,918.0,993.5,1394.5,2439.5,2851.5,3011.0,3034.0,2137.0,1519.0,620.0,927.0,1006.5,1452.5,2423.5,2840.0,2979.0,3027.0,2129.5,1517.0,615.5,931.0,1016.0,1452.5,2423.5,2835.5,2949.5,3013.0,2126.0,1515.0,619.5,918.5,1003.5,1473.5,2411.0,2797.5,2869.0,2987.0,2665.5,2053.5,822.5,1103.5,1523.5,1809.5,2008.5,2236.0,2460.0,2492.5,2147.5,1515.0,619.5,921.5,1005.0,1475.0,2401.5,2797.0,2858.0,2988.0,2077.0,1420.0,570.5,871.5,1002.0,1434.5,2362.0,2741.0,2818.0,2940.0,2115.0,1424.5,613.5,916.0,1036.0,1492.5,2360.5,2695.0,2800.0,2975.5,2110.5,1423.5,607.0,883.0,1048.5,1461.0,2234.0,2636.5,2762.0,2832.0,2040.5,1402.0,608.0,883.5,1062.5,1466.0,2223.0,2568.5,2762.0,2821.5,1996.0,1368.5,625.5,856.0,1051.5,1445.0,2086.5,2406.5,2626.0,2651.0,1996.0,1368.5,632.5,856.0,1063.5,1445.0,2074.0,2406.0,2626.0,2651.0,2045.0,1377.5,634.0,881.5,1103.5,1435.5,2067.5,2372.0,2559.5,2661.0,1904.0,1264.0,479.5,713.0,968.0,1321.0,1929.5,2225.0,2447.5,2519.5,1996.5,1294.0,479.5,723.0,982.0,1334.5,1941.0,2225.0,2394.0,2519.0,2568.0,1928.5,728.5,1009.5,1470.5,1721.5,1975.5,2151.0,2413.0,2448.0,1756.0,1105.5,456.0,636.0,877.5,1258.0,1789.0,2065.5,2186.5,2414.0,2064.5,1291.5,442.5,706.5,1001.0,1394.5,1848.0,2142.5,2341.0,2491.0,2652.0,1884.5,719.0,934.5,1247.5,1536.5,1802.5,1998.5,2224.0,2321.0,2747.0,2004.0,719.0,930.0,1255.5,1536.5,1775.5,1973.0,2175.0,2275.5,2660.0,1922.5,519.5,766.0,1121.0,1405.0,1689.5,1944.5,2051.0,2258.5,0.0,0.0,0.0,0.0,0.0,0.0,0.0,0.0,0.0,0.0,2724.5,2120.5,698.5,992.0,1391.5,1654.0,1830.0,2019.5,2223.5,2293.5,2844.5,2242.5,745.5,1028.5,1409.5,1687.0,1861.5,2060.0,2261.0,2322.5,2902.5,2235.5,739.0,1049.0,1441.5,1706.0,1896.5,2082.0,2321.5,2353.5,2505.0,2047.0,764.5,999.0,1296.0,1481.5,1646.0,1788.5,1983.0,1982.5,2653.5,2149.5,798.5,1045.5,1354.5,1576.0,1757.0,1898.0,2048.0,2106.0,2881.5,2389.5,893.5,1239.5,1554.5,1776.5,1939.5,2062.0,2207.0,2237.0,2955.5,2461.5,1054.5,1334.5,1647.5,1883.0,2048.0,2204.0,2366.0,2364.0,"{""type"":""MultiPoint"",""coordinates"":[]}"
2617,69,2287.0,1884.5,712.5,851.5,942.5,1206.5,1457.5,1614.0,1748.5,1779.5,3736.0,3425.0,1303.0,1721.5,2026.0,2400.0,2995.5,3252.5,3404.5,3439.0,3684.0,3350.0,1299.0,1691.5,1961.0,2346.0,3041.5,3333.0,3474.0,3514.0,3684.0,3275.0,1253.0,1691.5,1961.0,2346.0,3135.0,3509.5,3687.5,3686.5,3382.5,2701.5,1163.0,1556.5,1763.5,2187.5,3195.0,3601.0,3636.5,3780.5,3848.0,3211.5,1290.5,1715.5,2030.5,2458.5,3457.0,3913.0,4126.5,4120.0,3917.5,3424.0,1259.5,1671.5,1963.0,2365.5,3375.0,3831.0,4070.0,4086.5,3445.5,2741.0,1046.0,1442.5,1719.0,2146.5,3119.5,3669.0,3816.5,3895.5,3803.0,3113.0,1191.0,1619.0,1889.0,2344.5,3527.5,4080.0,4157.0,4298.5,3803.0,3174.0,1197.0,1616.0,1893.5,2336.0,3327.5,3798.5,3929.0,4078.5,2474.0,1714.0,576.5,855.0,1014.0,1375.0,2298.0,2767.0,2829.5,2971.5,2754.0,2436.0,789.5,939.0,1114.0,1397.0,1565.5,1697.0,1781.5,1906.5,3240.0,2441.5,823.0,1133.0,1336.5,1811.5,2765.0,3273.5,3361.5,3558.0,3031.5,2041.5,688.0,1092.0,1187.5,1828.5,3071.5,3586.5,3771.5,3976.5,3237.0,2074.0,802.5,1252.5,1302.5,2018.5,3412.5,3907.5,4027.5,4355.5,2989.5,1965.0,778.5,1183.0,1213.5,1953.5,3309.5,3798.0,4001.0,4162.5,3370.5,2869.0,991.5,1337.5,1615.0,2001.0,2710.0,3066.5,3271.0,3353.5,3199.0,2656.0,938.5,1283.0,1536.5,1856.0,2497.0,2845.5,3028.0,3147.5,2521.0,1978.0,731.5,961.5,1133.5,1465.5,2054.0,2400.5,2546.0,2664.5,2816.5,2189.5,949.0,1228.0,1439.5,1739.0,2328.0,2657.0,2811.0,2898.0,2739.0,2043.0,711.0,1025.0,1224.5,1596.5,2234.5,2537.0,2736.0,2860.0,2629.5,1948.5,706.5,951.5,1097.0,1523.0,2171.5,2523.5,2726.5,2876.0,2813.0,2595.0,783.0,1011.5,1348.0,1506.0,1601.5,1738.0,1905.5,1929.5,2250.0,1564.5,448.5,666.5,737.0,1137.5,1743.0,1959.5,2067.5,2269.5,3167.5,2569.0,1557.0,1762.5,1850.5,2230.0,2656.5,2836.0,2997.0,3086.5,2568.0,2139.0,630.0,819.0,938.0,1259.0,1571.0,1738.0,1888.0,1971.0,2576.0,2146.0,630.0,821.5,946.5,1259.5,1577.5,1738.5,1893.5,1978.0,0.0,0.0,0.0,0.0,0.0,0.0,0.0,0.0,0.0,0.0,0.0,0.0,0.0,0.0,0.0,0.0,0.0,0.0,0.0,0.0,2830.5,2472.5,963.0,1232.0,1522.5,1740.0,1817.0,1953.0,2062.5,2116.5,3326.5,3186.5,1229.5,1512.0,1874.0,2208.5,2337.5,2538.5,2245.5,2704.0,3671.5,3461.5,1342.0,1677.0,2073.0,2376.0,2556.5,2731.0,2717.5,2904.5,0.0,0.0,0.0,0.0,0.0,0.0,0.0,0.0,0.0,0.0,3586.0,3280.5,1297.0,1656.5,2020.0,2283.5,2426.0,2623.0,2750.5,2795.0,4017.5,3651.5,1532.5,1971.5,2339.0,2669.0,2889.5,2999.5,3191.0,3235.0,3939.0,3642.0,1434.5,1864.5,2224.0,2557.5,2861.5,3023.0,3218.0,3183.0,"{""type"":""MultiPoint"",""coordinates"":[]}"
2630,3,47.0,65.0,656.0,1337.0,1756.0,2014.0,1589.0,1551.0,1398.0,1085.0,3240.0,3055.0,710.0,1140.0,1699.0,1907.0,1943.0,2032.0,2192.0,2142.0,3438.0,3142.0,625.0,1116.0,1774.0,1974.0,2029.0,2126.0,2272.0,2246.0,3888.0,3825.0,803.0,1358.0,2093.0,2293.0,2338.0,2512.0,2668.0,2610.0,52.5,55.0,230.5,477.5,520.0,795.5,642.0,710.5,656.0,540.0,313.0,218.0,196.0,434.0,371.0,738.0,660.0,751.0,670.0,560.0,1367.5,861.5,492.0,838.5,608.5,1283.0,2084.5,2264.0,2301.0,2283.0,1576.5,829.0,266.5,664.0,299.5,1097.5,2703.5,3064.5,3068.5,3086.0,1656.5,815.5,256.5,611.0,294.0,1060.0,2749.0,3298.0,3340.0,3368.0,1354.0,630.0,178.0,442.0,171.0,709.0,2777.0,3659.0,3827.0,3788.0,1348.5,584.0,456.0,651.5,337.5,863.5,2982.5,3986.5,4092.0,4106.0,92.5,88.5,686.5,1268.5,1627.5,1730.5,1353.0,1352.5,1288.5,1035.5,1357.0,585.0,403.0,614.0,307.0,804.0,2937.0,4095.0,4232.0,4204.0,1548.0,630.5,1611.5,1751.5,1346.5,1814.5,3634.5,4669.5,4819.0,4805.0,1407.5,626.5,1085.0,1218.5,862.0,1422.0,3273.5,4234.5,4326.0,4448.5,1565.5,694.5,938.0,1240.5,767.5,1640.5,3849.0,4759.5,4963.5,4976.5,2637.0,1375.0,604.0,1614.0,657.0,2553.0,5662.0,6610.0,6974.0,6821.0,2787.0,1540.5,805.5,1840.0,1218.5,3179.0,5086.5,5664.5,5920.5,6028.0,3204.0,1881.5,1046.0,2149.0,1980.0,3788.0,4842.5,5250.5,5685.0,5744.0,4863.0,3279.0,1435.0,2043.0,2684.0,3544.0,3881.0,4258.0,4728.0,4789.0,1942.5,1380.5,867.0,1255.0,1833.5,2073.5,2032.5,2167.5,2379.5,2248.0,3003.0,2262.0,3553.0,3602.0,3656.0,3976.0,3854.0,3833.0,3903.0,3857.0,2267.0,2033.0,2781.0,3028.0,3323.0,3553.0,3384.0,3417.0,3428.0,3205.0,41.0,41.0,478.0,594.0,574.0,633.0,387.0,393.0,334.0,262.0,0.0,0.0,0.0,0.0,0.0,0.0,0.0,0.0,0.0,0.0,47.0,39.0,711.5,1193.0,1430.0,1531.5,1180.0,1179.5,1132.0,950.0,0.0,0.0,0.0,0.0,0.0,0.0,0.0,0.0,0.0,0.0,23.0,13.0,668.0,1245.0,1625.0,1862.0,1662.0,1690.0,1674.0,1432.0,0.0,0.0,0.0,0.0,0.0,0.0,0.0,0.0,0.0,0.0,154.0,121.0,1067.0,1492.0,1849.0,2028.0,1748.0,1742.0,1664.0,1444.0,22.0,33.0,634.0,1039.0,1332.0,1569.0,1432.0,1499.0,1478.0,1386.0,1417.5,1034.5,377.5,690.5,948.5,1102.5,1120.5,1227.0,1314.0,1289.5,2106.0,1704.0,581.0,862.0,1111.0,1256.0,1291.0,1373.0,1443.0,1438.0,1994.5,1486.5,825.0,1102.0,1429.0,1593.0,1611.0,1693.0,1811.5,1793.5,3352.0,3003.0,899.0,1365.0,1911.5,2109.0,2161.5,2293.0,2435.0,2357.0,3073.0,2937.0,620.0,1027.0,1568.0,1735.0,1810.0,1898.0,2041.0,1997.0,"{""type"":""MultiPoint"",""coordinates"":[]}"
2785,75,1540.5,1182.0,272.5,400.5,339.0,627.0,1019.5,1129.5,1216.5,1210.5,3022.5,1955.5,578.5,895.0,1223.5,1789.0,2241.0,2532.5,2797.0,2977.5,3680.0,2546.0,744.5,1068.0,1723.5,2122.5,2280.5,2572.5,2931.0,3089.0,4680.0,3137.0,956.0,1372.5,2350.0,2794.0,3002.0,3354.0,3860.5,4137.0,4855.5,3150.5,1016.0,1476.5,2512.0,2978.5,3156.0,3559.0,4105.0,4317.0,4804.0,3254.5,1023.0,1443.5,2408.5,2801.5,2988.0,3335.5,3839.5,4048.5,4831.5,3352.5,1050.0,1466.5,2467.0,2879.5,3052.5,3396.5,3907.0,4088.5,4899.0,3357.5,1063.5,1507.5,2525.5,2961.5,3129.0,3492.5,4043.5,4176.5,5001.0,3416.0,1080.5,1564.0,2637.0,3095.5,3211.5,3598.0,4032.0,4321.5,5046.5,3436.5,1086.0,1570.5,2644.0,3128.0,3225.5,3646.0,4023.5,4337.5,4978.5,3403.5,1096.0,1574.0,2636.0,3092.5,3218.0,3634.0,4028.0,4314.5,2841.5,2323.5,1735.0,1830.0,1735.0,2039.5,2413.5,2525.5,2546.0,2574.5,4983.0,3403.5,1117.5,1598.5,2655.5,3177.0,3238.5,3671.5,4028.0,4364.0,4876.5,3294.0,1051.0,1567.5,2612.0,3070.0,3217.5,3635.5,4021.5,4270.5,4746.0,3143.5,1080.0,1503.0,2426.0,2780.5,3171.0,3539.0,3826.0,4138.0,4442.0,3031.5,1067.0,1401.5,2182.0,2617.5,2884.0,3270.5,3665.0,3905.0,4394.5,3057.5,955.5,1345.0,2138.0,2552.5,2806.0,3212.5,3618.0,3793.5,4392.0,2973.0,931.5,1327.5,2135.5,2550.5,2751.5,3105.5,3537.5,3698.5,4265.0,2937.0,876.5,1272.5,2084.0,2492.0,2709.0,3059.0,3466.5,3682.5,4129.5,2860.5,876.5,1272.5,2054.5,2411.0,2655.0,3022.0,3455.0,3582.0,4016.5,2830.0,816.5,1167.5,1922.0,2277.0,2488.5,2800.5,3244.5,3338.5,4125.0,2735.5,859.0,1232.0,2081.5,2548.5,2774.5,3182.0,3701.5,3903.5,2223.5,1670.5,228.5,491.5,476.5,867.5,1496.5,1652.0,1828.0,1838.5,3457.0,2669.0,613.0,853.5,1266.0,1560.0,1832.5,2089.0,2409.5,2489.5,3103.5,2391.0,686.5,859.5,1178.0,1433.0,1644.5,1838.0,2104.5,2209.0,4039.5,3556.0,2362.0,2385.5,2531.0,2756.0,2837.5,2944.5,3105.5,3135.0,3178.5,2620.0,671.5,851.5,1124.0,1372.5,1491.5,1678.5,1869.0,1933.0,3356.0,2229.0,1949.5,2081.5,2114.0,2466.0,2886.5,3079.5,3345.0,3346.0,0.0,0.0,0.0,0.0,0.0,0.0,0.0,0.0,0.0,0.0,2280.5,1557.5,163.0,500.0,431.0,1002.0,2015.0,2222.5,2404.5,2401.5,1785.5,1363.0,469.0,606.5,559.0,917.5,1579.0,1781.0,1892.0,1921.0,2170.5,1413.0,248.0,569.5,445.5,1033.0,2379.0,2714.0,2785.0,2809.5,2196.5,1402.5,280.0,599.0,452.0,1122.5,2710.5,3086.0,3327.5,3295.0,2229.0,1370.5,298.5,627.0,459.0,1187.0,2908.0,3313.5,3588.0,3542.5,2077.0,1298.0,293.5,608.0,508.5,1138.0,2481.0,2892.0,3142.5,3170.5,2253.5,1440.0,340.0,656.5,614.0,1212.0,2350.0,2701.5,3021.5,3030.0,"{""type"":""MultiPoint"",""coordinates"":[]}"
2800,121,2029.0,1694.0,397.0,645.0,813.0,1108.0,1282.0,1355.0,1511.0,1523.0,2452.0,2113.0,786.0,1106.0,1467.0,1746.0,2020.0,2125.0,2491.0,2361.0,2445.5,2091.0,886.0,1201.0,1530.0,1830.0,2033.0,2219.5,2496.0,2404.5,2593.5,2117.5,887.5,1196.5,1573.0,1879.0,2164.0,2343.5,2547.0,2412.0,2621.0,2189.0,926.0,1272.0,1601.0,1994.0,2284.0,2410.0,2731.0,2505.0,2527.0,2069.0,836.0,1147.0,1448.0,1733.0,2139.0,2331.0,2592.0,2582.0,2818.0,2230.0,910.0,1230.0,1563.5,1872.5,2418.0,2659.5,2828.5,2842.0,2860.0,2237.0,978.0,1336.0,1639.0,2009.0,2558.0,2987.0,3101.0,3122.0,2827.5,2160.5,918.5,1201.0,1553.0,1785.5,2276.0,2732.5,2723.0,2936.5,2625.0,2076.0,892.0,1200.0,1548.0,1673.0,2188.0,2595.0,2609.0,2874.0,2683.0,2196.0,890.0,1215.5,1571.5,1767.5,2228.5,2635.5,2745.0,2947.0,2601.5,2324.0,551.0,841.0,1067.5,1370.0,1628.0,1753.0,1951.5,1921.5,2654.5,2044.5,851.5,1180.0,1527.0,1705.5,2127.0,2387.5,2475.5,2662.0,2691.0,2256.0,902.0,1224.0,1552.0,1793.0,2224.0,2560.0,2811.0,2751.0,2674.5,2136.5,1689.0,1857.0,1770.0,2170.5,2822.5,3197.5,3113.5,3249.0,2847.0,2197.0,1108.5,1396.0,1568.5,2001.0,2568.5,2905.0,2923.0,3045.5,2518.0,2018.0,852.0,1139.0,1357.0,1672.0,2229.0,2556.0,2610.0,2709.0,3170.0,2577.0,885.0,1164.0,1416.0,1924.0,2123.0,2307.0,2457.0,2683.0,3365.0,2674.5,827.5,1140.5,1502.5,1807.0,2146.5,2353.5,2549.5,2668.0,2727.0,2422.0,793.0,1122.0,1377.0,1569.0,1895.0,1961.0,2240.0,2055.0,2880.0,2533.0,751.0,1080.5,1349.0,1643.5,1911.5,2077.5,2326.0,2196.5,3891.0,3407.0,3783.0,3468.0,3378.0,3487.0,3381.0,3505.0,3901.0,3577.0,2026.0,1577.0,673.0,807.0,1035.0,1270.0,1457.0,1671.0,1867.0,1717.0,2032.0,1658.0,519.5,843.0,924.0,1306.0,1771.0,1868.0,2020.5,1879.0,3275.0,3102.0,1954.5,2156.0,2241.5,2633.5,2993.0,3089.5,3181.0,3102.0,2158.5,1620.0,485.5,819.0,700.5,1306.0,2322.0,2445.5,2720.5,2582.5,2321.0,1783.0,502.0,834.0,805.0,1401.0,2426.0,2816.0,2780.0,2675.0,2192.0,1705.0,388.0,737.0,637.0,1294.0,2549.0,2787.0,3130.0,3004.0,5503.0,5394.0,6196.0,5862.0,5798.0,5881.0,5781.0,5709.0,5808.0,5691.0,2780.0,2411.0,632.0,953.0,1198.0,1528.0,1984.0,2137.0,2350.0,2265.0,2752.5,2282.5,582.5,908.0,1105.0,1499.0,2092.5,2242.0,2521.0,2397.5,2930.0,2485.5,626.5,998.0,1220.5,1605.0,2186.0,2360.5,2625.0,2593.0,0.0,0.0,0.0,0.0,0.0,0.0,0.0,0.0,0.0,0.0,2705.0,2183.5,596.0,942.0,1133.0,1465.0,2060.0,2328.0,2633.5,2416.0,2732.5,2364.5,727.5,1024.0,1235.5,1579.5,2079.0,2309.0,2559.5,2404.0,3186.0,2827.0,850.0,1258.0,1576.0,1892.0,2167.0,2303.0,2566.0,2545.0,"{""type"":""MultiPoint"",""coordinates"":[]}"
2808,69,1815.0,1253.5,354.0,558.0,581.5,994.5,1709.5,1859.5,2101.5,2144.5,3104.5,2804.0,865.0,1197.5,1586.5,1784.0,1891.0,2019.0,2193.0,2167.0,2402.0,2049.0,830.0,1052.5,1290.0,1459.0,1590.5,1679.5,1835.0,1811.5,3223.0,2726.5,857.5,1240.0,1578.5,1857.5,2168.5,2352.0,2517.5,2490.5,3249.0,2792.5,811.0,1206.5,1518.0,1870.0,2301.5,2521.5,2734.0,2688.0,3432.5,2879.5,891.0,1296.5,1601.5,2053.5,2615.5,2819.0,3015.0,3012.0,3441.5,2884.0,857.5,1302.5,1587.0,1986.5,2623.0,2897.0,3076.5,3043.0,3663.0,2988.0,953.0,1391.5,1745.0,2193.5,2797.5,3153.0,3279.0,3259.5,3544.0,2958.5,896.0,1339.0,1656.5,2102.5,2761.5,3032.5,3245.5,3231.5,3294.0,2857.5,775.0,1140.5,1474.5,1878.5,2523.0,2760.0,2934.5,2915.0,3373.5,2868.0,840.0,1255.0,1592.5,1990.0,2592.0,2907.5,3053.5,3034.0,1822.5,1307.0,404.0,611.5,657.0,1015.0,1817.5,1987.5,2135.5,2152.5,3473.0,2917.0,845.5,1304.0,1658.0,2029.5,2712.0,2954.5,3094.0,3150.5,3132.5,2627.0,774.0,1156.5,1469.5,1797.5,2460.5,2721.0,2905.5,2889.0,2999.5,2557.5,700.0,1032.5,1299.5,1656.0,2216.5,2523.0,2616.0,2715.0,2957.0,2382.5,726.5,1087.5,1323.0,1739.0,2299.0,2608.0,2794.5,2754.5,2482.5,2092.5,606.0,919.5,1132.5,1440.0,1956.0,2176.0,2410.0,2319.5,2501.5,2012.5,614.5,912.5,1087.5,1479.5,1961.5,2194.0,2318.0,2368.0,2248.5,1819.0,514.5,809.5,957.0,1267.5,1814.0,1999.0,2138.5,2184.5,2292.0,1847.5,482.5,757.0,909.5,1251.0,1754.5,1951.0,2105.0,2165.0,2363.0,1920.5,537.5,826.0,1014.5,1470.0,1894.5,2064.0,2330.0,2311.0,0.0,0.0,0.0,0.0,0.0,0.0,0.0,0.0,0.0,0.0,2063.0,1608.0,1227.0,1323.5,1286.5,1640.5,2402.0,2543.0,2597.0,2667.0,1914.0,1417.0,468.0,735.5,831.5,1168.5,1474.0,1622.0,1669.0,1760.0,1939.5,1410.5,556.0,794.0,824.5,1259.0,1690.5,1852.0,1983.0,2031.0,1841.0,1295.5,457.5,744.0,758.5,1168.5,1672.0,1800.0,2000.0,2000.5,1957.5,1381.0,456.0,753.5,750.0,1174.0,1806.5,1946.0,2020.0,2052.0,2129.5,2074.5,442.5,693.0,683.5,1208.5,1943.0,1985.5,2304.5,2153.0,1230.5,887.5,1223.0,1239.0,1091.0,1392.0,1643.5,1937.0,1993.0,1992.5,1749.5,1212.5,426.5,663.0,644.0,940.5,1926.0,2300.0,2214.0,2253.5,2664.5,2195.0,1284.0,1397.0,1367.5,1800.5,2771.5,2955.0,3358.0,3191.5,2015.0,1471.5,504.5,746.5,753.0,1119.0,2067.5,2328.5,2413.0,2445.5,0.0,0.0,0.0,0.0,0.0,0.0,0.0,0.0,0.0,0.0,2314.0,1764.0,575.5,810.0,1014.5,1280.5,1611.0,1727.0,1984.5,1940.5,2865.0,2565.5,775.0,1051.5,1382.0,1576.5,1766.5,1911.5,2095.0,2086.5,2932.5,2633.0,813.0,1120.0,1448.5,1620.0,1722.5,1840.5,1962.5,1988.5,"{""type"":""MultiPoint"",""coordinates"":[]}"
2848,61,2284.5,1943.5,750.0,1049.0,1336.5,1476.5,1475.0,1610.5,1726.5,1701.5,3126.0,2265.5,891.5,1292.0,1541.0,2023.5,2782.5,3152.0,3367.5,3346.0,3203.5,2345.0,919.0,1313.5,1597.0,2084.0,2760.5,3108.0,3350.5,3350.5,3239.0,2491.5,1007.0,1435.5,1856.0,2151.0,2774.5,3108.0,3344.5,3355.5,3147.0,2861.5,1151.0,1565.5,1918.5,2091.5,2163.5,2271.0,2377.0,2374.0,3217.0,2872.5,1179.0,1652.5,1997.5,2180.0,2223.0,2332.5,2436.0,2418.0,3251.5,2892.0,1236.0,1686.0,2059.0,2241.5,2263.0,2366.0,2474.5,2448.0,3271.0,2917.5,1249.0,1708.5,2081.0,2260.5,2295.0,2393.0,2530.5,2491.5,3262.5,2911.0,1220.5,1676.5,2040.0,2258.5,2269.0,2383.0,2443.5,2459.0,3260.5,2908.5,1186.0,1663.5,2046.5,2252.5,2263.5,2386.0,2413.0,2453.0,3243.5,2900.5,1172.5,1635.0,2028.0,2233.0,2247.5,2374.0,2416.5,2426.5,2439.5,2106.5,807.5,1133.0,1454.5,1576.0,1619.5,1702.0,1816.0,1812.0,3235.5,2907.0,1180.0,1642.5,2031.5,2224.5,2248.0,2394.5,2409.5,2442.0,3198.0,2844.0,1163.5,1616.5,2013.0,2211.0,2241.5,2349.0,2396.0,2419.0,3218.0,2784.5,1165.0,1621.5,2013.0,2230.0,2264.5,2350.0,2394.5,2442.0,3125.0,2752.0,1177.0,1625.0,1996.0,2169.0,2188.0,2307.0,2395.5,2388.5,3050.0,2738.0,1147.5,1599.5,1953.0,2129.0,2148.5,2257.0,2357.0,2297.5,3017.5,2643.0,1127.5,1576.5,1921.0,2095.0,2109.5,2210.0,2290.5,2280.0,2950.5,2604.0,1120.5,1537.0,1883.5,2047.0,2089.5,2194.5,2270.5,2251.0,2950.5,2540.5,1128.5,1556.0,1889.0,2046.0,2099.0,2197.5,2293.0,2251.0,2732.5,2378.5,934.0,1378.0,1691.0,1855.5,1908.5,2033.0,2121.0,2079.0,2437.5,2112.0,789.0,1109.5,1375.5,1545.5,1632.0,1731.0,1780.5,1811.5,2384.5,2035.5,758.0,1115.0,1433.5,1545.0,1567.5,1695.0,1846.0,1770.5,2426.0,2029.0,751.5,1107.0,1375.5,1545.5,1632.0,1731.0,1770.0,1811.5,936.0,770.0,458.0,532.5,607.0,648.0,681.5,738.5,773.0,771.5,2336.5,1951.0,831.5,1162.5,1393.5,1564.5,1674.5,1763.0,1855.5,1816.5,2342.0,1975.0,803.5,1135.0,1382.5,1558.0,1670.5,1754.0,1837.5,1832.5,2822.0,1948.0,3477.0,3347.5,3311.5,3543.0,3466.5,3464.5,3494.5,3442.5,0.0,0.0,0.0,0.0,0.0,0.0,0.0,0.0,0.0,0.0,3480.0,3106.5,1231.5,1780.5,2190.5,2376.0,2422.5,2557.0,2708.0,2641.5,3465.0,3164.5,1287.0,1811.0,2215.5,2430.0,2478.0,2609.0,2706.0,2676.5,3369.5,2845.5,1184.0,1711.5,2060.5,2350.5,2647.0,2785.0,2873.0,2857.5,0.0,0.0,0.0,0.0,0.0,0.0,0.0,0.0,0.0,0.0,2373.5,1649.5,677.5,1013.0,954.0,1418.0,3110.0,3578.5,3787.5,3579.0,2481.5,1750.0,679.0,1027.0,1031.0,1487.0,3019.0,3433.5,3667.0,3497.0,2663.0,1874.5,720.5,1090.5,1154.0,1627.5,2848.0,3286.0,3495.0,3446.5,"{""type"":""MultiPoint"",""coordinates"":[]}"
2857,219,2207.0,2105.0,666.5,934.0,1366.0,1493.5,1542.5,1621.0,1732.5,1707.5,3068.0,2896.0,1086.0,1441.0,1991.0,2153.0,2234.0,2332.0,2543.0,2446.0,2450.5,2144.0,926.5,1215.5,1706.0,1806.5,1873.0,1967.5,2120.5,2043.5,3260.0,2809.0,1287.5,1729.0,2199.0,2488.0,2791.0,2885.5,2984.5,2983.0,2548.5,1629.0,693.0,1173.0,1071.5,1661.0,2873.0,3064.5,3114.5,3137.5,2793.0,1863.0,784.0,1342.0,1289.0,1959.0,3237.0,3514.0,3664.0,3739.0,2156.0,1259.0,552.0,1026.0,792.0,1412.0,2768.0,3108.0,3144.0,3251.0,2334.0,1338.0,458.0,956.0,604.0,1354.0,3420.0,4404.0,4234.0,4504.0,2532.0,1490.5,610.0,1116.5,856.0,1633.5,3480.5,4027.0,4099.5,4391.5,2441.0,1416.0,552.0,1024.0,823.0,1601.0,3226.0,3935.0,3611.0,4317.0,3510.0,2391.0,978.0,1449.5,1767.5,2557.0,3478.0,3951.5,3937.5,4446.5,2655.0,2562.0,983.0,1301.0,1802.0,1914.0,1954.0,2060.0,2243.0,2136.0,2718.0,1761.0,717.0,1093.0,1499.0,2110.0,2544.0,2835.0,2888.0,3166.0,3004.5,1790.5,581.5,941.5,907.5,1516.5,3180.5,3783.5,3807.5,4107.0,2763.0,1421.5,502.5,930.5,495.0,1174.0,4024.0,5157.5,4874.0,5428.5,2735.0,1376.0,331.0,883.0,333.0,1121.0,4294.0,5518.0,5627.0,5755.0,3302.5,2568.5,875.5,1203.0,1624.0,2047.0,2302.0,2544.0,2570.5,2875.0,2747.5,2611.0,891.5,1159.0,1613.5,1811.5,1856.0,1959.0,1913.0,2048.0,2540.5,2248.5,907.5,1209.0,1694.5,1878.0,1916.5,2004.5,2027.5,2094.0,0.0,0.0,0.0,0.0,0.0,0.0,0.0,0.0,0.0,0.0,2440.5,2048.0,978.0,1326.0,1808.5,1927.5,1990.0,2074.5,2243.0,2179.0,3134.5,2601.5,1205.5,1604.0,2219.0,2386.5,2419.0,2539.0,2709.0,2612.5,1315.0,1010.0,363.0,561.0,860.0,957.5,1024.0,1097.0,1168.5,1178.0,2878.0,2337.0,1041.0,1464.0,2019.0,2196.0,2223.0,2370.0,2470.0,2411.0,2878.0,2428.0,1058.0,1400.0,1971.0,2116.0,2221.0,2291.0,2453.0,2379.0,1757.5,1670.0,519.0,729.5,1043.0,1140.5,1204.0,1263.5,1386.5,1338.5,2347.5,2278.5,678.0,957.0,1391.0,1486.5,1545.5,1658.5,1773.5,1727.5,2182.0,2110.5,608.5,874.5,1291.0,1397.0,1434.0,1488.5,1625.5,1593.0,1964.0,1861.0,512.0,786.0,1171.0,1270.0,1313.0,1387.0,1446.0,1477.0,1400.0,1037.0,418.0,643.0,797.0,1034.0,1354.0,1448.0,1535.0,1463.0,974.0,535.0,212.0,599.0,390.0,1110.0,2711.0,2976.0,3032.0,3009.0,1024.0,633.0,276.5,608.5,412.5,1044.0,3496.5,4012.0,4193.0,4015.0,1428.0,994.0,485.0,848.0,732.0,1542.0,3500.0,3988.0,4149.0,4068.0,1679.5,1082.0,504.5,841.0,802.0,1539.0,3698.0,4107.0,4356.5,4247.0,2129.0,1701.0,689.0,987.0,1135.0,1661.0,2868.0,3122.5,3288.0,3246.5,2752.0,2515.0,845.0,1168.0,1643.0,1851.0,1974.0,2070.0,2232.0,2189.0,"{""type"":""MultiPoint"",""coordinates"":[]}"
2867,54,1996.0,1799.5,824.5,1089.0,1286.5,1363.5,1401.0,1459.0,1516.5,1491.5,2778.0,2526.5,1043.5,1500.5,1829.5,1973.0,2006.5,2088.5,2175.0,2105.0,2752.0,2556.0,1062.0,1525.0,1853.0,1970.0,1982.5,2079.5,2186.5,2100.0,2808.0,2597.0,1099.0,1557.0,1894.0,2025.0,2033.5,2128.5,2233.5,2151.0,2785.0,2552.0,1073.5,1475.5,1814.5,1975.5,2011.5,2092.5,2215.5,2162.0,2909.5,2567.5,1073.5,1495.5,1844.5,2041.0,2063.5,2150.5,2265.0,2207.0,3020.5,2657.5,1139.0,1620.0,1946.5,2150.0,2335.0,2443.0,2505.0,2484.0,2864.5,2374.5,1021.0,1490.0,1710.0,2049.5,2682.0,2825.5,2911.0,2867.0,2534.0,1880.5,746.5,1203.5,1225.5,1744.5,3160.0,3589.0,3651.0,3661.0,2128.5,1245.0,404.5,814.5,614.5,1300.5,4064.0,4895.0,5013.5,4993.0,1966.5,923.5,303.0,656.5,320.0,1082.0,4755.0,6143.5,6205.0,6215.0,2059.0,1851.5,748.0,1062.0,1316.0,1418.0,1424.0,1482.0,1588.0,1527.0,1954.0,899.0,188.5,556.5,176.0,1036.0,5057.0,6794.5,6707.5,6855.5,1771.5,810.0,191.5,573.5,184.5,1081.5,5008.0,6603.0,6727.5,6723.5,1750.5,791.5,235.5,622.0,232.0,1148.5,4884.0,6463.0,6527.0,6623.0,1749.0,877.0,402.0,769.0,500.5,1322.0,4347.5,5400.0,5675.5,5652.5,1728.5,892.5,443.5,814.5,628.5,1405.0,3856.0,4719.5,5018.5,4958.5,1751.0,939.0,457.5,878.5,725.0,1549.5,3647.5,4352.5,4640.5,4711.5,1792.5,1004.5,516.5,896.0,804.5,1556.5,3504.0,4202.0,4453.5,4496.0,2362.5,2047.0,651.5,1032.0,1324.0,1786.0,1884.0,1987.0,2087.0,2113.0,2362.5,2047.0,686.0,1002.0,1331.0,1519.0,1574.0,1697.5,1772.5,1815.0,2357.5,2016.5,689.0,1067.0,1406.0,1557.0,1602.0,1698.0,1771.5,1771.0,1940.0,1730.0,593.0,918.0,1173.5,1278.0,1305.0,1360.5,1456.5,1403.0,2359.5,2009.5,762.5,1133.0,1444.5,1608.5,1633.0,1724.5,1771.0,1778.0,2307.5,1910.0,742.0,1125.5,1432.5,1621.0,1629.0,1693.0,1766.5,1769.5,2233.0,1895.5,791.5,1139.0,1430.0,1558.5,1576.0,1677.5,1762.5,1745.0,2250.0,1961.0,810.0,1131.0,1426.0,1557.0,1549.0,1679.0,1712.0,1730.0,2431.5,2013.5,855.0,1240.0,1529.5,1692.5,1749.0,1832.0,1934.0,1916.0,0.0,0.0,0.0,0.0,0.0,0.0,0.0,0.0,0.0,0.0,3543.5,3287.0,1318.5,1952.0,2375.5,2556.5,2606.0,2691.0,2770.5,2737.5,3618.5,3430.0,1411.5,2014.0,2433.0,2617.5,2651.5,2766.0,2831.5,2774.5,3629.5,3364.0,1414.5,2033.0,2462.0,2650.0,2664.5,2777.0,2924.5,2827.5,3440.0,3229.0,1352.5,1881.0,2299.5,2509.0,2536.0,2670.5,2741.0,2662.0,3519.0,3294.0,1383.5,1938.0,2359.0,2552.0,2590.0,2726.5,2798.0,2723.0,2687.0,2491.5,972.5,1359.5,1695.5,1825.5,1873.0,1962.5,2085.5,2014.5,2610.0,2380.0,928.0,1342.5,1652.5,1794.0,1837.5,1912.0,2028.5,1978.0,"{""type"":""MultiPoint"",""coordinates"":[]}"
2870,6,2087.0,1769.0,298.0,499.0,720.0,811.0,830.0,1008.0,1086.0,1135.0,3000.0,2676.0,654.5,931.5,1233.5,1371.0,1455.0,1621.0,1766.0,1769.0,3122.5,2758.5,718.0,992.5,1308.0,1478.0,1581.5,1741.0,1850.5,1904.0,3104.0,2719.5,706.0,1019.0,1319.5,1484.5,1604.0,1746.0,1875.0,1911.0,3181.5,2770.5,724.5,1062.5,1328.0,1553.5,1779.0,1912.0,2058.0,2082.0,3140.5,2616.0,754.0,1110.0,1278.5,1589.0,2229.0,2431.5,2502.5,2600.0,2904.5,2182.5,603.5,972.5,1021.5,1475.5,2663.5,2937.5,3042.5,3081.0,2630.0,1846.5,504.0,843.5,799.0,1242.5,2936.0,3400.5,3388.5,3515.0,2454.5,1748.0,480.5,824.0,790.5,1212.5,2818.5,3269.0,3253.5,3321.5,2251.0,1503.0,455.0,817.0,786.0,1208.0,2617.0,2986.0,3183.0,3180.0,2194.0,1539.0,442.5,811.0,756.0,1222.5,2559.0,2933.0,3002.0,3085.5,2398.0,2083.0,412.0,665.0,925.0,991.0,1086.0,1188.0,1360.0,1323.0,2168.0,1600.0,660.5,967.0,965.0,1392.5,2354.0,2668.0,2822.0,2870.5,2476.0,1809.0,1381.5,1642.0,1559.5,1943.5,2528.0,2739.5,2876.0,2863.0,2644.0,2097.0,1131.0,1276.0,1330.0,1562.0,1872.0,2062.0,2099.0,2211.0,2827.0,2218.5,819.5,1005.5,1223.0,1424.0,1611.0,1773.0,1915.5,1991.5,2821.0,2284.0,616.0,852.0,1171.0,1296.0,1414.0,1579.0,1820.0,1801.0,2727.0,2164.5,598.0,821.0,1097.5,1255.5,1379.5,1510.5,1701.5,1762.0,3159.0,2654.5,593.5,904.5,1277.5,1449.0,1519.0,1683.0,1861.0,1937.5,3301.0,2979.0,752.0,1055.0,1408.0,1600.0,1649.0,1829.0,1967.0,2014.0,2991.0,2611.0,659.0,957.0,1273.0,1425.0,1517.0,1653.0,1858.5,1841.5,2624.5,1897.0,2618.0,2533.0,2472.0,2726.0,2832.0,2956.5,3039.5,3032.0,4008.0,3661.0,3442.0,3458.0,3613.0,3920.0,4035.0,4073.0,4107.0,4136.0,1041.0,767.0,458.0,506.0,556.0,636.0,642.0,730.0,710.0,763.0,2487.0,2130.0,1576.0,1567.0,1534.0,1749.0,1841.0,1959.0,1964.0,1991.0,2844.0,2283.5,693.5,1131.5,1105.0,1706.0,2194.5,2312.0,2446.5,2432.5,0.0,0.0,0.0,0.0,0.0,0.0,0.0,0.0,0.0,0.0,2785.0,2407.0,572.0,848.0,1087.0,1319.0,1423.0,1532.0,1746.0,1743.0,0.0,0.0,0.0,0.0,0.0,0.0,0.0,0.0,0.0,0.0,0.0,0.0,0.0,0.0,0.0,0.0,0.0,0.0,0.0,0.0,2849.0,2460.0,664.0,940.0,1285.0,1458.0,1489.0,1611.0,1769.0,1789.0,3699.0,3401.0,891.0,1327.0,1757.0,1963.0,2066.0,2173.0,2354.0,2379.0,0.0,0.0,0.0,0.0,0.0,0.0,0.0,0.0,0.0,0.0,3381.0,2950.0,784.0,1138.0,1522.0,1700.0,1785.0,1891.0,2072.0,2062.0,3821.0,3514.0,956.0,1375.0,1786.0,1971.0,2031.0,2191.0,2375.0,2396.0,2905.0,2602.0,600.0,880.0,1183.0,1309.0,1374.0,1524.0,1704.0,1728.0,"{""type"":""MultiPoint"",""coordinates"":[]}"
2897,3,3171.0,2408.0,696.0,994.0,1389.0,1692.0,1952.0,2204.0,2426.0,2472.0,3756.0,3447.0,1077.0,1463.5,1928.0,2112.0,2179.5,2322.0,2491.5,2480.0,123.0,154.0,272.0,544.0,777.0,860.0,574.0,640.0,630.0,490.0,2602.0,2036.0,674.0,998.0,1321.0,1548.0,1563.0,1703.0,1791.0,1800.0,820.0,764.5,437.5,750.0,871.5,1162.0,1185.0,1255.5,1258.0,1263.5,432.5,326.5,368.5,715.0,636.0,1192.0,1313.0,1425.0,1347.5,1313.0,514.5,324.0,410.5,713.0,630.0,1045.0,1326.0,1437.0,1416.5,1322.5,1430.5,764.5,338.0,657.0,339.5,985.0,2480.0,3026.5,2986.5,2923.5,2167.0,1040.0,224.0,627.5,182.0,1002.0,3767.5,5040.5,5007.0,5059.5,2012.0,917.0,242.0,662.0,244.0,1075.0,3839.0,5137.0,5444.0,5371.0,1912.5,875.5,244.0,625.0,237.0,1007.5,3576.5,4818.0,5000.5,5071.5,3674.5,2701.5,788.5,1095.0,1506.0,1799.5,2152.0,2354.5,2647.0,2678.5,1728.0,774.0,260.0,575.0,248.0,911.0,3200.0,4344.0,4652.0,4730.0,1810.5,795.0,1325.5,1525.5,1185.0,1723.0,3401.0,4265.0,4464.0,4574.0,1647.5,746.5,1220.5,1360.0,1030.0,1559.0,3012.0,3695.0,3769.0,3978.0,1612.5,746.0,802.0,1123.5,699.5,1546.5,3231.5,3846.0,4037.5,4096.5,1820.0,892.0,322.5,953.5,510.0,1719.5,3470.5,3958.5,4222.0,4242.5,2683.0,1607.0,644.5,1128.5,1044.5,1918.0,2754.0,3136.0,3312.0,3488.0,4820.0,3168.0,1169.5,1621.0,2345.5,2848.0,3000.0,3330.0,3655.5,3863.5,4436.0,3153.0,954.0,1309.0,1941.0,2306.0,2423.0,2680.0,2974.0,3133.0,3752.0,2987.5,833.5,1201.5,1724.5,1979.5,2095.0,2286.0,2515.0,2552.5,2716.0,1831.0,2755.0,2858.0,2986.0,3151.0,3155.0,3324.0,3083.0,3319.0,1971.0,1746.0,2306.0,2419.0,2572.0,2797.0,2825.0,2885.0,2728.0,2936.0,3781.0,3065.0,1166.0,1496.0,1921.0,2217.0,2302.0,2499.0,2671.0,2726.0,0.0,0.0,0.0,0.0,0.0,0.0,0.0,0.0,0.0,0.0,2930.5,2389.5,829.0,1196.0,1383.0,1801.5,2108.5,2240.0,2415.5,2355.5,0.0,0.0,0.0,0.0,0.0,0.0,0.0,0.0,0.0,0.0,2403.0,1741.0,575.0,968.0,956.0,1599.0,2452.0,2677.0,2841.0,2770.0,0.0,0.0,0.0,0.0,0.0,0.0,0.0,0.0,0.0,0.0,0.0,0.0,0.0,0.0,0.0,0.0,0.0,0.0,0.0,0.0,4354.0,3112.0,1096.0,1484.0,2030.0,2427.0,2845.0,3135.0,3420.0,3475.0,4329.0,2995.0,1039.0,1477.0,1948.0,2381.0,2801.0,3052.0,3396.0,3443.0,3451.0,3022.0,847.0,1165.0,1619.0,1851.0,1921.0,2077.0,2268.0,2260.0,3684.5,2856.0,1152.5,1455.5,1957.5,2185.5,2270.0,2455.5,2714.0,2731.5,5207.0,4532.5,3078.0,3300.0,3611.5,3867.0,4004.0,4107.0,4429.0,4242.0,4363.0,3651.0,1302.0,1711.0,2216.0,2498.0,2612.0,2778.0,3015.0,3051.0,"{""type"":""MultiPoint"",""coordinates"":[]}"
2956,75,2479.5,1865.5,553.0,741.0,1024.0,1342.5,1638.5,1816.0,2110.0,2182.5,2778.5,2187.5,628.5,911.5,1004.5,1419.5,2557.5,2975.5,3150.0,3244.0,2682.0,2061.5,575.5,855.5,927.5,1348.5,2520.5,2985.0,3168.5,3232.5,2769.5,2102.5,610.5,890.0,982.0,1392.0,2579.5,3067.5,3231.5,3286.0,3007.0,2291.0,653.0,1011.5,1102.5,1552.5,2736.5,3181.0,3371.0,3448.5,3007.0,2387.0,705.5,1030.0,1147.0,1559.0,2685.5,3176.0,3326.0,3443.0,3012.5,2342.0,717.0,1037.0,1138.5,1546.0,2691.5,3207.5,3333.5,3465.0,3012.5,2315.0,677.5,989.5,1093.0,1504.0,2635.0,3203.0,3343.0,3454.0,2892.5,2169.5,660.5,964.0,1068.0,1484.5,2593.5,3108.5,3219.5,3359.5,2892.5,2169.5,646.5,948.5,1053.5,1450.0,2538.0,3069.5,3180.5,3322.5,2762.0,2045.5,612.5,914.0,1002.5,1411.0,2513.5,3032.5,3066.0,3289.5,2795.0,2399.0,607.0,758.0,1024.0,1272.5,1501.5,1673.5,1884.0,2000.5,2678.0,1983.0,634.0,903.0,988.0,1386.5,2459.0,2958.5,3060.5,3215.5,2704.0,2005.0,620.5,893.5,995.5,1380.5,2415.0,2862.0,2981.5,3167.5,2813.0,2121.5,759.0,996.0,1068.5,1455.0,2514.5,2931.5,3054.0,3214.5,2784.5,2125.5,760.5,990.5,1086.5,1440.0,2418.0,2858.0,3039.0,3179.5,2809.5,2180.0,681.0,954.5,1102.5,1444.0,2287.0,2706.5,2847.0,2979.0,2817.5,2189.0,668.0,960.5,1150.0,1512.5,2289.5,2703.0,2840.5,2979.0,2817.0,2100.5,1294.0,1557.0,1622.5,1928.5,2558.0,2855.5,2992.0,3031.5,2625.5,2020.0,963.0,1131.0,1223.0,1494.5,2227.5,2530.0,2732.5,2867.5,1606.0,1139.5,426.5,571.5,610.0,894.0,1569.5,1875.5,2062.0,2120.5,2002.0,1342.5,461.0,657.5,692.0,1148.5,2236.5,2684.0,2778.0,2938.0,2257.0,1920.0,506.0,680.5,898.0,1157.5,1388.5,1552.0,1750.0,1769.0,2034.5,1381.0,408.5,644.0,670.5,1128.5,2238.0,2652.5,2727.5,2907.0,3141.0,2825.0,1748.5,1819.5,1857.0,2299.0,3152.0,3435.0,3319.0,3683.5,3159.0,2895.0,1742.5,1804.5,1863.5,2281.0,2997.5,3243.5,3183.0,3501.0,2170.0,1650.0,486.0,698.0,732.0,1131.5,2006.0,2319.5,2533.5,2586.5,1859.5,1241.0,250.0,534.5,602.5,1094.0,1749.5,1932.5,2146.0,2184.0,0.0,0.0,0.0,0.0,0.0,0.0,0.0,0.0,0.0,0.0,2748.0,2491.5,561.5,756.5,949.0,1281.5,1543.0,1693.0,1894.0,1921.5,3068.5,2839.0,685.5,898.5,1131.5,1437.0,1665.5,1870.0,2046.5,2126.5,2993.5,2647.0,761.0,986.0,1215.5,1535.5,1817.0,1996.0,2211.5,2212.5,0.0,0.0,0.0,0.0,0.0,0.0,0.0,0.0,0.0,0.0,2735.0,2215.0,594.5,879.5,1009.0,1424.5,2215.0,2481.5,2673.5,2730.5,2640.5,2067.0,570.0,884.5,988.0,1379.0,2367.0,2632.5,2820.0,2891.5,2565.0,1982.0,543.5,832.5,944.5,1366.0,2444.5,2840.0,2968.5,3025.0,"{""type"":""MultiPoint"",""coordinates"":[]}"
2982,75,2158.0,1914.0,558.0,827.0,1101.0,1223.0,1265.0,1340.0,1399.0,1431.0,3032.5,2777.5,842.5,1196.5,1568.5,1735.5,1809.0,1935.5,2055.0,2059.0,2973.0,2684.0,805.0,1155.0,1524.0,1676.0,1757.0,1838.0,1959.0,1973.0,2999.0,2757.0,807.0,1143.0,1512.0,1677.0,1727.0,1871.0,1915.0,1986.0,2998.0,2689.0,831.0,1193.5,1549.5,1735.0,1865.0,1991.5,2077.5,2113.0,3028.5,2655.0,843.0,1196.5,1522.0,1775.5,2070.0,2234.0,2305.5,2358.0,2778.5,2297.0,759.0,1126.5,1301.5,1670.5,2543.0,2849.5,2938.5,2989.5,2440.5,1827.0,617.5,960.0,988.0,1479.5,3038.5,3632.0,3670.0,3754.0,2164.0,1463.0,481.0,824.0,728.5,1299.5,3481.5,4360.5,4426.0,4491.0,1926.0,1161.0,376.0,733.0,551.0,1239.0,3878.0,4893.0,4955.0,5028.0,1890.0,1121.0,422.0,759.0,540.0,1235.0,3881.0,4997.0,5074.0,5068.0,3666.5,3482.5,2470.5,2598.0,2841.0,3008.0,2971.5,3013.0,3127.0,3084.0,1896.5,1118.0,556.5,887.5,632.5,1408.0,4129.0,5232.0,5310.5,5339.0,1755.5,1007.0,1266.0,1443.0,1202.5,1779.0,3642.5,4468.0,4636.0,4662.5,1734.0,1043.0,609.0,921.5,769.0,1496.5,3375.5,4143.5,4211.5,4348.5,1780.5,1093.5,783.5,1042.5,962.5,1636.0,3088.0,3648.0,3857.5,3880.0,2005.0,1321.5,481.5,844.5,980.0,1687.0,2655.0,3056.5,3341.0,3410.0,3668.0,2831.5,774.0,1171.0,1637.0,2055.5,2292.5,2553.5,2797.5,2945.5,3695.5,2848.0,988.5,1297.5,1805.5,2157.0,2355.0,2619.5,2805.5,2989.0,3565.0,2818.0,805.5,1172.5,1765.5,2038.5,2173.5,2430.5,2674.0,2747.5,3039.5,2564.5,750.0,1066.0,1505.5,1709.0,1842.5,2011.5,2237.0,2292.0,2106.5,1712.5,473.0,710.0,1001.5,1169.0,1204.5,1325.5,1315.5,1443.5,2106.5,1711.5,599.0,832.0,1101.5,1255.5,1279.0,1370.0,1444.5,1497.0,0.0,0.0,0.0,0.0,0.0,0.0,0.0,0.0,0.0,0.0,2371.0,2098.0,770.0,951.0,1196.0,1334.0,1370.0,1454.0,1484.0,1561.0,2334.0,2123.5,543.0,798.5,1071.5,1210.5,1290.5,1388.0,1475.5,1488.0,2295.0,2154.0,510.0,714.0,980.0,1118.0,1151.0,1235.0,1325.0,1363.0,1561.0,1279.0,309.0,485.0,694.0,803.0,848.5,918.0,976.0,995.0,0.0,0.0,0.0,0.0,0.0,0.0,0.0,0.0,0.0,0.0,1934.0,1566.0,560.0,811.0,1086.0,1194.0,1228.0,1318.0,1399.0,1394.0,3363.0,3126.0,1068.0,1518.0,1933.0,2107.0,2161.0,2277.0,2414.0,2374.0,3554.0,3264.0,1129.0,1644.0,2107.0,2315.0,2398.0,2497.0,2645.0,2604.0,2283.0,2111.0,602.0,836.0,1104.0,1209.0,1296.0,1388.0,1478.0,1502.0,1478.0,1284.5,525.5,623.0,774.5,835.0,888.5,957.5,1042.5,1030.5,1725.0,1520.0,593.5,764.5,947.5,1026.5,1108.0,1163.5,1260.0,1233.5,3039.0,2772.0,795.0,1160.0,1565.0,1709.0,1784.0,1878.0,2051.0,2024.0,"{""type"":""MultiPoint"",""coordinates"":[]}"
3044,69,2851.0,2128.0,497.0,791.0,1391.5,1692.0,1948.5,2177.5,2430.0,2512.0,3071.0,2620.5,558.0,905.5,1252.0,1574.0,2014.5,2192.5,2306.5,2376.0,3054.5,2611.0,521.0,889.5,1201.0,1556.5,2162.0,2386.5,2501.0,2536.0,3061.0,2566.0,543.0,923.0,1171.0,1558.0,2325.0,2604.0,2657.0,2791.0,3060.0,2504.0,568.0,932.0,1162.0,1606.0,2471.0,2815.0,2896.0,2960.0,3020.0,2504.0,542.0,892.0,1097.0,1552.0,2471.0,2815.0,2997.0,2960.0,3060.0,2491.0,542.0,892.0,1119.0,1553.0,2554.0,2887.0,3063.0,3070.0,3042.0,2434.0,541.0,923.0,1109.0,1567.0,2593.0,3005.0,3082.0,3189.0,3042.0,2434.0,541.0,911.0,1109.0,1554.0,2582.0,3005.0,3126.0,3189.0,3102.0,2442.0,554.0,924.0,1130.0,1587.0,2601.0,3003.0,3112.0,3228.0,3004.0,2369.0,590.0,945.0,1130.0,1587.0,2601.0,2990.0,3039.0,3178.0,3172.0,2515.0,621.0,895.0,1446.0,1708.0,1974.0,2173.0,2333.0,2515.0,3009.0,2373.5,694.0,1005.0,1169.5,1625.0,2605.0,3049.0,3092.0,3243.5,2896.0,2228.0,672.0,947.0,1114.0,1619.0,2530.0,2895.0,2949.0,3109.0,2773.0,2145.0,710.0,991.0,1142.0,1580.0,2425.0,2803.0,2874.0,3051.0,2740.0,2141.0,784.0,1001.0,1168.0,1553.0,2245.0,2593.0,2712.0,2834.0,2790.0,2206.0,707.0,1001.0,1168.0,1553.0,2245.0,2579.0,2674.0,2822.0,2875.0,2105.0,707.0,1030.0,1372.0,1867.0,2435.0,2756.0,3005.0,3197.0,3038.0,2153.0,2058.0,2303.5,2386.0,2741.5,3115.5,3309.0,3521.5,3523.0,2920.0,2171.0,1115.0,1291.0,1481.0,1836.0,2308.0,2528.0,2715.0,2794.0,2635.0,2016.0,450.0,776.0,1040.0,1508.0,1930.0,2201.0,2326.0,2453.0,2118.0,1535.0,436.0,698.0,869.5,1351.5,1756.0,1953.5,2055.0,2195.5,2711.0,2078.0,550.0,769.5,1183.5,1427.0,1726.0,1907.5,2139.0,2193.0,1989.0,1378.0,363.5,638.5,806.5,1309.5,1716.0,1925.5,1999.0,2155.5,2264.0,1648.0,532.0,832.0,993.0,1455.0,1823.0,1932.0,2055.0,2182.0,2384.0,1904.0,570.0,809.0,1033.0,1423.0,1592.0,1745.0,1884.0,1973.0,2517.5,2048.0,834.0,1019.5,1255.5,1581.0,1732.0,1899.5,2014.5,2120.5,2459.5,1950.0,703.5,912.0,1217.5,1455.0,1582.0,1727.0,1882.5,1963.0,0.0,0.0,0.0,0.0,0.0,0.0,0.0,0.0,0.0,0.0,3027.5,2533.5,536.0,853.0,1252.5,1526.5,1810.0,2001.5,2141.5,2235.5,3231.5,2793.5,638.5,921.5,1349.5,1586.0,1757.0,1941.5,2100.5,2182.5,3087.0,2678.0,618.0,907.0,1366.0,1565.0,1668.0,1817.0,1989.0,2058.0,3015.0,2678.0,497.0,753.0,1209.0,1334.0,1477.0,1601.0,1829.0,1838.0,3329.0,2911.0,647.0,971.0,1491.0,1674.0,1753.0,1932.0,2044.0,2124.0,3278.0,2911.0,613.0,959.0,1413.0,1618.0,1753.0,1932.0,2044.0,2115.0,3211.5,2811.5,606.0,952.0,1369.0,1631.5,1824.5,1969.5,2119.5,2161.5,"{""type"":""MultiPoint"",""coordinates"":[]}"
3128,204,3179.0,2404.0,640.5,788.0,1142.5,1373.0,1537.5,1733.0,2017.0,2123.0,3271.5,2370.5,651.0,953.0,1094.0,1529.0,2473.0,2783.0,3011.0,3096.0,2805.0,2019.5,548.0,796.0,912.5,1296.0,2292.0,2670.0,2827.5,2962.0,2978.0,2070.0,544.0,794.0,967.0,1332.0,2291.0,2760.0,3009.0,3100.0,3150.0,2249.0,586.0,860.0,1057.0,1435.0,2473.0,2903.0,3105.0,3257.0,3162.0,2279.0,627.0,869.0,1092.0,1460.0,2428.0,2924.0,3153.0,3324.0,3215.0,2251.0,627.0,869.0,1092.0,1460.0,2416.0,2914.0,3153.0,3324.0,3302.0,2266.0,689.0,967.0,1234.0,1585.0,2504.0,3029.0,3262.0,3430.0,3241.0,2240.0,662.0,952.0,1222.0,1582.0,2504.0,2984.0,3255.0,3396.0,3220.0,2225.0,642.0,920.0,1202.0,1568.0,2422.0,2910.0,3136.0,3261.0,3125.0,2146.0,629.0,904.0,1168.0,1527.0,2384.0,2861.0,3027.0,3235.0,3400.0,2627.0,715.0,926.0,1280.0,1522.0,1652.0,1842.0,1993.0,2169.0,3185.0,2170.5,627.5,924.0,1194.0,1585.0,2467.0,2911.0,3080.5,3309.0,3010.5,1984.0,581.0,855.0,1115.5,1509.5,2361.5,2799.0,3006.5,3154.5,3028.0,1999.0,598.0,881.0,1127.0,1553.0,2477.0,2876.0,3030.0,3264.0,2936.0,1939.0,618.0,887.0,1162.0,1527.0,2381.0,2769.0,3068.0,3168.0,2836.0,1917.0,664.0,875.0,1144.0,1498.0,2257.0,2662.0,2927.0,3075.0,2836.0,1893.0,642.0,889.0,1168.0,1498.0,2198.0,2569.0,2838.0,2959.0,2825.0,1893.0,642.0,889.0,1186.0,1524.0,2159.0,2569.0,2838.0,2952.0,2798.0,1864.0,734.0,952.0,1202.0,1510.0,2182.0,2505.0,2770.0,2893.0,2912.0,1941.0,602.0,829.5,1121.0,1492.0,2179.0,2547.0,2859.0,2999.5,2797.0,1846.0,530.0,753.0,1042.0,1445.0,2072.0,2377.0,2609.0,2816.0,3282.0,2532.0,713.0,870.0,1223.0,1455.0,1598.0,1825.0,2029.0,2131.0,2622.0,1705.0,476.0,686.0,924.5,1317.0,1891.0,2198.0,2394.5,2625.5,2857.0,1889.0,536.0,774.0,960.0,1364.0,1854.0,2112.0,2330.0,2511.0,3200.0,2365.0,604.0,782.0,1040.0,1320.0,1697.0,1920.0,2145.0,2250.0,3200.0,2365.0,604.0,782.0,1040.0,1320.0,1697.0,1920.0,2145.0,2250.0,3121.5,2362.0,529.0,713.0,979.0,1244.0,1648.0,1881.0,2016.0,2195.5,0.0,0.0,0.0,0.0,0.0,0.0,0.0,0.0,0.0,0.0,3427.0,2723.0,713.0,913.0,1223.0,1505.0,1735.0,1906.0,2085.0,2214.0,3609.0,3029.0,779.0,1009.0,1307.0,1605.5,1925.5,2136.0,2294.5,2409.0,3533.0,3029.0,803.0,1081.0,1386.0,1646.0,1949.0,2124.0,2377.0,2403.0,3533.0,3029.0,773.0,1037.0,1376.0,1584.0,1845.0,2031.0,2335.0,2292.0,3746.0,3231.0,819.0,1086.0,1400.0,1652.0,1909.0,2129.0,2342.0,2438.0,3754.0,3231.0,819.0,1104.0,1445.0,1690.0,1995.0,2170.0,2420.0,2481.0,3868.0,3263.0,878.0,1175.5,1524.5,1787.0,2058.5,2261.5,2490.0,2527.0,"{""type"":""MultiPoint"",""coordinates"":[]}"
3192,3,1573.0,1091.0,278.0,492.0,782.0,1088.0,1251.0,1374.0,1388.0,1578.0,2149.5,1907.0,519.0,845.0,1279.5,1544.5,1517.5,1731.5,1745.0,1712.5,528.0,415.0,50.0,240.0,444.0,736.0,393.0,315.0,333.0,182.0,700.0,469.0,225.0,392.0,593.0,772.0,700.0,742.0,660.0,838.0,1008.0,764.5,346.5,547.5,618.0,1005.5,1052.0,1198.5,1096.5,1063.5,1106.0,761.0,283.0,482.0,393.0,760.0,1446.0,1353.0,1390.0,1640.0,1611.5,1041.5,288.0,572.5,390.5,992.5,2275.5,2760.5,2912.5,2783.0,1810.0,1069.5,236.5,518.5,364.5,989.5,2588.0,3529.5,3693.5,3690.5,1723.5,1013.5,207.0,367.5,333.0,879.5,2461.5,3830.5,4008.5,4046.0,1550.0,924.0,167.0,308.0,294.0,862.0,2370.0,3765.0,4137.0,4085.0,1600.0,954.5,346.5,480.0,429.0,821.5,2410.0,3944.0,4097.0,4166.5,2264.5,1680.5,373.5,617.5,965.5,1290.0,1391.5,1503.5,1688.0,1741.0,1579.0,896.0,265.0,399.0,388.0,715.0,2457.0,3931.0,4147.0,4089.0,1946.0,1060.0,1503.0,1746.0,1504.0,2176.5,3586.0,4518.0,4791.5,4776.0,2045.0,1165.5,1226.5,1513.5,1234.5,1994.5,3487.5,4294.0,4462.0,4577.5,2073.0,1176.0,1063.0,1357.5,1129.0,1983.5,3484.5,4299.0,4498.0,4494.5,2284.0,1394.5,492.0,1106.5,1004.0,2068.5,3548.0,4125.5,4564.0,4561.0,2623.5,1609.0,670.0,1263.0,1242.5,2266.5,3481.0,3938.0,4363.0,4318.5,4255.5,2950.5,1161.5,1683.5,2246.5,2975.0,3310.5,3787.5,4146.5,4135.5,1924.0,1423.0,569.0,801.0,1209.0,1457.0,1559.0,1801.0,1739.0,1736.0,741.5,594.5,371.0,621.5,826.5,1074.5,918.5,998.5,843.5,980.0,0.0,0.0,0.0,0.0,0.0,0.0,0.0,0.0,0.0,0.0,0.0,0.0,0.0,0.0,0.0,0.0,0.0,0.0,0.0,0.0,588.0,590.0,524.0,731.0,760.0,965.0,868.0,895.0,693.0,592.0,0.0,0.0,0.0,0.0,0.0,0.0,0.0,0.0,0.0,0.0,367.5,327.5,616.5,964.5,1026.5,1074.5,776.5,740.5,611.5,589.5,0.0,0.0,0.0,0.0,0.0,0.0,0.0,0.0,0.0,0.0,490.0,331.0,307.0,457.0,533.0,699.0,562.0,714.0,539.0,624.0,0.0,0.0,0.0,0.0,0.0,0.0,0.0,0.0,0.0,0.0,0.0,0.0,0.0,0.0,0.0,0.0,0.0,0.0,0.0,0.0,1253.0,766.0,190.0,372.0,567.0,826.0,994.0,1177.0,1196.0,1247.0,3038.0,2259.0,476.0,800.0,1100.5,1458.0,1724.0,1842.5,2066.5,2061.0,4072.0,3463.0,829.0,1221.0,1661.0,2049.0,2347.0,2558.0,2763.0,2788.0,2256.0,1392.0,357.0,626.0,821.0,1193.0,1553.0,1817.0,1933.0,2002.0,4188.0,3436.5,798.5,1222.0,1596.0,2067.5,2582.5,2850.5,3060.0,3076.5,3147.0,2687.0,477.0,818.0,1347.0,1571.0,1636.0,1728.0,1915.0,1918.0,"{""type"":""MultiPoint"",""coordinates"":[]}"
3245,176,0.0,0.0,0.0,0.0,0.0,0.0,0.0,0.0,0.0,0.0,2900.0,2289.5,515.5,839.0,1303.5,1754.5,2104.0,2306.0,2494.5,2484.0,2912.0,2335.0,484.0,796.0,1299.0,1691.0,1938.0,2104.0,2286.0,2355.0,3184.0,2551.0,597.5,893.0,1477.5,1762.5,1949.0,2141.0,2340.5,2436.0,3131.0,2476.0,614.0,886.0,1489.0,1752.0,1903.0,2111.0,2291.0,2387.0,3271.0,2657.5,610.0,957.5,1597.0,1875.0,2045.5,2191.0,2389.0,2481.5,3319.0,2672.5,653.5,978.0,1655.5,1917.5,2036.5,2217.5,2379.5,2458.0,3364.5,2676.0,680.5,1022.5,1701.0,2010.0,2159.0,2351.0,2439.0,2606.0,3375.0,2725.5,670.0,1020.5,1725.0,2020.0,2117.5,2275.5,2405.5,2514.0,3212.0,2615.0,667.0,982.0,1642.0,1915.0,2027.0,2198.0,2300.0,2418.0,3385.5,2700.0,663.0,1045.5,1809.5,2075.0,2190.5,2351.5,2552.5,2586.5,1806.0,1311.5,163.0,363.0,479.0,845.5,1253.5,1361.0,1485.0,1548.0,3453.0,2731.0,650.0,999.0,1735.0,2050.0,2202.0,2316.0,2462.0,2593.0,3251.5,2620.0,735.5,1106.5,1766.0,2017.0,2146.5,2311.5,2479.0,2512.5,3216.5,2528.0,1972.0,2017.5,2289.0,2510.0,2547.0,2796.5,2807.0,2928.5,3361.0,2568.0,1305.5,1483.0,1969.0,2230.0,2341.0,2542.5,2676.0,2709.5,3094.0,2462.0,754.0,1078.0,1796.0,2072.0,2161.0,2340.0,2487.0,2519.0,3179.0,2545.0,628.0,941.0,1588.0,1845.0,1948.0,2122.0,2301.0,2389.0,3090.0,2469.0,593.0,904.0,1572.0,1821.0,1918.0,2093.0,2262.0,2310.0,2942.0,2412.0,618.0,918.0,1557.0,1737.0,1863.0,2016.0,2169.0,2211.0,2962.0,2405.0,539.0,888.0,1545.5,1757.0,1864.5,2010.0,2219.0,2247.5,0.0,0.0,0.0,0.0,0.0,0.0,0.0,0.0,0.0,0.0,2054.0,1531.0,2644.0,2488.0,2344.0,2522.0,2677.0,2685.0,2787.0,2711.0,0.0,0.0,0.0,0.0,0.0,0.0,0.0,0.0,0.0,0.0,1515.0,1000.0,277.0,498.0,532.0,1000.0,1535.0,1702.0,1726.0,1758.0,1664.5,1069.5,278.0,498.5,500.5,1066.5,1791.0,1873.0,1981.5,2002.0,1726.0,1109.0,280.0,512.0,549.0,1112.0,1947.0,2099.0,2185.0,2207.0,1752.0,1076.0,278.0,531.0,451.0,1094.0,2107.0,2267.0,2483.0,2431.0,1357.0,758.0,149.0,471.0,429.0,1128.0,2023.0,2151.0,2327.0,2330.0,1496.0,984.0,69.0,286.0,397.0,773.0,1320.0,1406.0,1506.0,1555.0,992.0,562.0,219.0,358.5,407.5,792.5,1345.0,1458.5,1516.5,1524.5,1728.0,1135.0,164.0,394.5,491.5,953.5,1639.0,1815.5,1977.0,1990.5,2455.5,1793.0,360.0,613.0,774.0,1353.0,2223.5,2394.5,2623.0,2581.5,1489.0,851.0,166.0,413.5,452.5,980.5,1843.5,2021.0,2172.5,2105.5,1997.5,1334.5,277.0,526.5,603.5,1195.5,2039.5,2272.5,2463.0,2375.0,2695.0,2017.5,460.5,801.5,1091.5,1648.5,2304.5,2508.0,2718.0,2693.5,"{""type"":""MultiPoint"",""coordinates"":[]}"
3322,69,4014.5,3803.0,2121.0,2191.5,2432.5,2610.0,2649.0,2766.5,2966.0,2972.0,3964.5,3509.5,1123.0,1591.5,1791.0,2288.0,3060.5,3369.5,3530.0,3572.0,3818.0,3473.0,1064.5,1518.5,1678.0,2194.0,3114.5,3444.0,3611.0,3668.0,3818.0,3300.0,1023.0,1518.5,1662.5,2194.0,3413.0,3821.5,3974.5,4015.5,3686.0,3130.5,998.0,1452.5,1525.5,2105.0,3446.5,3898.0,4164.0,4120.5,3549.0,2808.0,897.5,1351.5,1338.5,2011.0,3575.5,4072.5,4292.5,4273.0,3542.5,2755.0,880.5,1348.5,1327.0,1972.5,3641.5,4155.0,4383.5,4393.5,3593.5,2826.0,919.5,1363.5,1429.5,1984.5,3547.0,4074.0,4283.0,4322.5,3606.5,2867.0,936.5,1351.0,1447.0,1986.5,3444.5,4015.5,4152.0,4231.5,3603.0,2897.0,917.5,1345.0,1453.5,1988.5,3403.5,3961.0,4062.0,4211.5,3551.0,2849.0,908.5,1332.5,1443.0,1981.0,3317.0,3907.0,4005.0,4152.5,3559.0,3474.5,954.5,1175.0,1494.5,1691.0,1801.0,1964.0,2177.5,2172.5,3576.5,2869.0,906.5,1327.5,1441.5,2004.5,3333.5,3897.5,4005.0,4190.5,3530.0,2870.0,900.5,1322.5,1465.0,2016.5,3219.0,3703.5,3906.0,3995.5,3574.0,2793.5,913.5,1344.5,1482.5,2081.5,3198.5,3703.5,3906.0,4019.0,3679.0,2783.5,900.5,1294.0,1473.0,2042.0,3077.0,3517.5,3720.0,3854.0,3683.0,2787.0,850.5,1195.0,1575.5,2091.5,2642.0,3028.0,3391.5,3560.0,3609.5,2709.5,853.0,1204.5,1595.0,2091.0,2639.0,3001.5,3317.5,3467.0,3513.5,2589.5,882.5,1211.5,1538.0,2038.0,2642.0,3003.0,3243.0,3438.0,3352.5,2532.0,888.0,1224.0,1530.0,1993.0,2599.0,2954.0,3213.5,3315.5,3468.5,2485.5,562.5,949.5,1239.0,1739.0,2504.0,2832.5,3224.5,3316.0,3062.5,2264.0,597.0,876.0,1091.5,1541.5,2214.0,2548.5,2789.5,2926.5,3163.0,2887.5,700.5,934.5,1271.5,1433.0,1566.0,1733.5,1943.5,1964.0,2825.0,2204.5,503.0,777.0,904.0,1334.0,1921.5,2216.0,2345.5,2489.0,3118.0,2589.5,1367.0,1625.0,1696.5,2129.0,2494.0,2644.5,2754.0,2850.0,2708.0,2180.0,560.0,840.5,779.5,1310.5,1881.0,2029.5,2196.0,2250.0,2790.0,2188.5,575.5,863.5,846.0,1375.5,1906.0,2067.0,2240.5,2299.0,2746.5,1784.0,3556.0,3334.5,3261.5,3530.0,3690.5,3646.5,3838.0,3715.5,0.0,0.0,0.0,0.0,0.0,0.0,0.0,0.0,0.0,0.0,3548.0,3478.0,1027.5,1371.5,1735.5,1944.5,2020.5,2145.5,2304.5,2331.0,5281.0,5266.0,3506.0,3680.0,3920.5,4226.0,4392.0,4471.5,4752.5,4576.0,5369.0,5272.0,3563.0,3759.5,4006.5,4313.0,4487.5,4574.0,4895.0,4675.5,0.0,0.0,0.0,0.0,0.0,0.0,0.0,0.0,0.0,0.0,4304.0,4252.5,1404.0,1775.5,2205.5,2498.0,2632.5,2757.5,2965.0,3011.0,4335.0,4252.5,1398.5,1812.0,2224.0,2498.0,2690.0,2833.5,3017.0,3058.5,4295.0,4097.5,1354.0,1799.0,2179.0,2480.0,2766.0,2928.5,3138.5,3147.0,"{""type"":""MultiPoint"",""coordinates"":[]}"
3357,36,3860.0,2784.0,1112.0,1579.0,2186.0,2605.0,2880.0,3157.0,3361.0,3424.0,2415.0,1420.0,613.0,964.0,886.0,1460.0,4021.0,4664.0,4730.0,4799.0,1900.0,973.0,380.0,682.0,443.0,1134.5,4188.5,5112.0,5211.0,5245.5,1854.0,878.0,241.0,541.0,262.0,952.0,4491.0,5607.0,5683.0,5663.0,2134.0,903.0,262.0,535.0,224.0,876.0,4775.0,6337.0,6294.0,6447.0,4180.0,2991.0,1313.0,1818.0,2046.0,2646.0,3509.0,3982.0,4274.0,4338.0,2280.0,1239.5,484.0,858.5,686.5,1406.5,3961.5,4520.0,4573.5,4727.5,2104.0,996.0,307.0,618.0,273.0,981.0,4483.0,5633.0,5649.0,5761.0,2165.0,952.5,302.5,556.0,248.5,957.5,4932.5,6470.0,6549.0,6629.5,4138.0,2834.0,937.0,1317.0,1463.0,2088.0,3767.0,3853.0,4239.0,3959.0,2712.0,1743.0,634.0,995.0,906.0,1540.0,3641.0,3853.0,4193.0,3936.0,4178.0,3184.0,1371.0,1822.0,2422.0,2751.0,3033.0,3262.0,3424.0,3522.0,2344.0,1137.0,443.0,698.0,417.0,1089.0,4516.0,5241.0,5065.0,5343.0,2231.0,996.0,443.0,594.0,298.0,1021.0,4434.0,5618.0,5535.0,5879.0,2269.0,878.0,671.0,977.0,638.0,1155.0,3900.0,4997.0,5086.0,5227.0,3727.0,2652.0,877.0,1274.0,1461.0,2064.0,2991.0,3340.0,3519.0,3717.0,2167.0,1147.0,472.0,843.0,670.0,1232.0,3607.0,4152.0,4295.0,4338.0,1951.0,859.0,332.0,597.0,316.0,920.0,4165.0,5258.0,5501.0,5585.0,1904.0,809.0,271.0,504.0,254.0,851.0,3906.0,4965.0,5242.0,5237.0,1948.0,830.0,186.0,446.0,203.0,809.0,3749.0,4700.0,4968.0,4983.0,3713.0,2845.0,902.0,1229.0,1500.0,1980.0,2599.0,2955.0,3216.0,3268.0,3686.0,2751.0,1015.0,1360.0,1636.5,2113.0,2714.5,3042.0,3211.5,3354.0,2886.5,2208.5,1227.0,1699.5,2289.5,2634.0,2908.5,3114.0,3409.5,3445.5,3148.0,2175.0,708.0,1072.0,1297.0,1812.0,2966.0,3299.0,3532.0,3572.0,2877.0,1978.0,566.0,901.0,1064.0,1555.0,3103.0,3546.0,3655.0,3754.0,2790.0,1834.0,538.0,893.0,997.0,1520.0,3125.0,3620.0,3937.0,3850.0,2933.0,1843.0,638.0,1016.0,1145.0,1661.0,3188.0,3729.0,3977.0,3921.0,2404.0,1838.0,956.0,1156.0,1274.0,1687.0,2972.0,3337.0,3665.0,3602.0,2135.5,1424.0,951.0,1133.5,1297.0,1629.5,2550.5,2827.5,3078.0,3071.5,3897.0,2878.0,1223.0,1643.0,2209.0,2540.0,2853.0,3102.0,3234.0,3355.0,4052.5,3175.5,1293.0,1728.0,2281.0,2624.5,3011.0,3265.5,3465.0,3516.0,4141.0,3195.0,1344.5,1812.0,2343.5,2689.5,3206.0,3477.0,3652.0,3704.5,3769.5,2924.0,1767.5,2124.0,2501.0,2836.5,3379.5,3620.5,3818.0,3808.5,3589.0,2786.0,1640.0,2038.0,2362.5,2750.0,3278.5,3525.5,3738.5,3740.0,3487.0,2540.5,1162.5,1641.0,1899.0,2406.5,3512.5,3759.0,3959.0,3930.5,2416.0,1436.0,669.0,984.0,971.0,1475.0,3453.0,3826.0,4073.0,4059.0,"{""type"":""MultiPoint"",""coordinates"":[]}"
3410,54,1434.5,1426.5,355.0,460.0,569.5,651.0,654.0,714.0,787.5,777.0,2102.5,2209.5,642.0,739.0,888.5,963.5,981.0,1050.0,1130.5,1154.5,2116.5,2212.0,637.5,713.0,854.5,915.5,928.0,1020.0,1134.5,1152.5,2408.0,2561.5,748.0,830.0,992.0,1073.0,1073.5,1161.0,1251.5,1283.0,2009.0,2043.0,624.5,685.5,826.0,910.5,915.5,976.5,1054.5,1096.5,2311.0,2227.0,833.5,925.0,1117.5,1188.0,1185.0,1282.5,1374.0,1373.5,2589.0,2605.5,877.0,1000.0,1188.0,1311.0,1309.5,1372.5,1488.5,1526.0,2462.5,2458.5,714.0,831.5,976.5,1140.0,1273.5,1364.0,1409.5,1474.5,2332.0,2253.0,682.5,813.5,890.5,1122.0,1543.5,1699.0,1787.5,1843.0,2087.0,1744.5,533.0,748.0,705.5,1046.0,2216.0,2468.5,2682.5,2643.0,2030.5,1591.5,486.0,703.0,575.0,997.0,2508.5,2908.5,3174.0,3043.0,1721.5,1712.5,527.5,623.0,729.5,825.5,833.0,914.0,1015.0,980.5,1893.5,1271.0,446.0,688.5,508.5,991.5,2986.0,3660.5,3785.5,3811.5,1730.0,1026.0,1233.0,1352.0,1105.5,1546.0,3081.5,3609.5,3816.0,3730.5,1709.0,982.5,1407.5,1591.5,1377.5,1803.0,3041.0,3462.5,3551.0,3622.5,1528.0,899.0,663.0,866.0,677.5,1244.0,2893.0,3404.5,3632.5,3616.5,1578.5,1008.0,450.5,776.0,693.0,1365.5,2626.5,2976.0,3201.5,3220.0,1617.0,1075.0,470.0,728.0,755.0,1324.5,2300.5,2588.0,2769.5,2842.0,2283.0,1930.5,568.5,742.0,956.0,1228.0,1560.0,1728.5,1811.0,1989.0,1976.5,2055.0,491.5,564.0,714.0,789.0,875.0,996.5,1025.0,1090.5,2032.5,2004.0,580.5,689.5,845.5,949.0,1039.0,1120.5,1262.0,1290.5,2098.0,1505.0,2018.0,2015.0,1929.0,2183.0,2569.5,2721.0,2694.0,2794.5,2021.0,1859.0,1652.5,1714.5,1815.5,2010.0,2072.5,2119.0,1828.0,2215.5,792.0,778.0,147.5,187.5,274.0,304.5,269.0,318.5,361.5,378.5,2921.0,2806.0,1826.5,1799.0,1737.0,1929.0,2444.0,2602.5,2649.5,2688.0,1585.5,1702.5,367.5,426.5,514.0,581.0,613.5,666.5,750.0,770.5,1816.5,1964.5,428.0,447.5,584.5,656.0,651.0,712.5,821.0,836.5,1291.5,1280.0,476.5,514.5,552.5,642.0,728.0,809.5,870.5,837.5,0.0,0.0,0.0,0.0,0.0,0.0,0.0,0.0,0.0,0.0,0.0,0.0,0.0,0.0,0.0,0.0,0.0,0.0,0.0,0.0,2063.0,2069.0,507.0,607.0,735.0,841.5,906.0,953.5,1064.5,1047.5,2498.5,2517.0,755.5,913.5,1096.5,1196.5,1272.5,1325.5,1440.0,1509.5,0.0,0.0,0.0,0.0,0.0,0.0,0.0,0.0,0.0,0.0,1189.0,1086.0,314.5,356.0,424.0,482.5,511.5,530.0,597.5,604.0,2395.5,2398.0,745.0,830.0,991.5,1075.0,1127.0,1200.5,1332.5,1347.5,2014.0,2123.5,574.0,683.5,815.5,901.0,935.0,980.0,1067.5,1098.0,"{""type"":""MultiPoint"",""coordinates"":[]}"
3428,54,1626.5,1298.5,350.5,443.0,535.0,658.0,680.5,739.5,839.5,882.5,3439.0,3260.5,882.0,1033.0,1301.0,1460.5,1521.0,1648.5,1847.0,1888.0,3426.0,3312.0,878.5,1023.5,1274.0,1444.0,1513.5,1639.5,1795.5,1895.5,3499.0,3299.5,920.5,1078.5,1306.0,1513.0,1635.0,1772.0,1944.0,2027.0,3184.0,2845.5,869.0,1091.5,1172.5,1544.0,1996.5,2223.5,2343.0,2390.5,2844.0,2309.0,707.5,991.5,908.0,1446.5,2751.0,3175.0,3315.0,3343.0,2526.0,1764.5,572.0,936.5,699.5,1403.0,3493.5,4248.0,4406.5,4429.5,2328.5,1365.0,410.5,779.0,505.0,1259.5,3944.0,4927.5,5164.5,5117.5,2185.0,1175.5,328.0,722.5,377.5,1239.0,4295.0,5402.5,5611.0,5547.0,2088.0,1110.0,395.0,776.0,452.0,1302.5,4533.0,5763.5,5836.5,5955.5,1989.0,1040.0,478.0,902.0,546.0,1477.5,4451.5,5561.0,5765.5,5774.5,2565.0,2208.5,622.5,814.5,984.5,1128.0,1230.0,1329.5,1491.0,1498.5,1935.0,1043.5,519.0,1037.0,701.5,1768.5,4360.0,5373.5,5546.0,5618.5,1906.5,1034.5,588.5,1063.5,848.0,2029.0,4269.5,4975.0,5257.5,5327.0,1908.0,1068.5,752.0,1164.0,1042.0,2094.5,3796.5,4473.0,4639.5,4777.5,4119.0,3092.5,925.5,1183.5,1600.5,2013.5,2315.5,2617.0,2952.0,3110.5,4116.0,3218.0,975.5,1255.0,1759.5,2109.5,2221.5,2556.5,2865.5,3023.0,3364.5,3030.0,835.0,995.0,1282.5,1448.0,1543.0,1682.0,1853.0,1934.5,3466.0,3293.5,1012.0,1189.5,1492.0,1642.5,1715.0,1880.5,2037.5,2133.5,3310.0,3120.0,932.0,1101.0,1378.5,1525.0,1602.5,1731.5,1865.5,1938.5,2930.5,2722.5,737.0,913.0,1154.5,1292.5,1370.0,1475.5,1603.5,1661.0,2295.0,2093.5,634.5,688.5,849.0,958.0,1006.0,1104.0,1164.5,1286.5,2686.5,2350.5,597.5,749.0,960.0,1094.0,1179.5,1293.0,1448.5,1455.5,3135.0,2908.0,871.0,993.5,1250.5,1391.0,1439.5,1577.5,1718.0,1760.5,3248.5,3137.0,937.5,1063.0,1322.5,1452.0,1522.5,1637.0,1837.5,1812.0,1870.5,1395.5,484.5,603.5,684.0,826.0,920.0,996.0,1118.5,1158.0,2288.5,1870.0,679.0,788.0,878.5,1089.0,1153.5,1252.5,1358.0,1395.0,1884.0,1431.0,407.5,539.0,645.5,819.0,916.5,1018.5,1143.5,1176.0,0.0,0.0,0.0,0.0,0.0,0.0,0.0,0.0,0.0,0.0,3190.0,2812.0,918.5,1180.0,1436.0,1593.0,1650.0,1759.0,2002.0,1981.0,3596.5,3427.5,1128.0,1349.5,1591.0,1808.0,1859.0,2009.5,2166.5,2226.5,3974.0,3651.0,1337.5,1595.0,1874.0,2097.0,2229.0,2347.0,2543.5,2577.5,2886.5,2747.0,597.0,713.5,928.5,1050.5,1087.5,1202.5,1373.0,1411.5,2886.5,2747.0,597.0,713.5,928.5,1050.5,1087.5,1202.5,1373.0,1411.5,3088.0,2962.5,712.0,835.0,1063.5,1193.5,1240.0,1364.5,1520.0,1565.0,3191.0,3095.5,784.0,919.0,1138.0,1271.5,1343.5,1472.5,1657.0,1667.5,"{""type"":""MultiPoint"",""coordinates"":[]}"
3509,6,2379.0,1933.0,560.0,765.0,1046.0,1192.0,1247.0,1387.0,1493.0,1545.0,2887.0,2541.5,817.5,1016.0,1322.5,1458.5,1525.0,1630.5,1780.5,1830.5,3111.0,2787.0,934.0,1125.0,1454.0,1608.0,1659.0,1785.0,1888.0,1973.0,3051.0,2686.0,863.0,1071.0,1347.0,1552.0,1726.0,1892.0,2008.0,2086.0,3014.0,2385.0,810.5,1096.0,1248.0,1589.5,2320.5,2493.0,2626.5,2656.0,2818.0,1869.0,633.0,985.0,930.0,1504.0,3079.0,3391.0,3454.0,3551.0,2595.0,1674.0,538.5,906.0,782.0,1380.5,3201.5,3587.5,3683.5,3708.5,2430.0,1570.5,517.0,917.0,789.0,1381.5,2978.5,3390.0,3424.0,3514.0,2303.5,1552.5,552.5,970.0,810.5,1475.5,2818.5,3113.0,3141.5,3230.5,2487.0,1783.0,654.0,1164.0,1091.0,1788.0,2517.0,2703.0,2853.0,2897.0,2637.5,2023.5,763.5,1203.0,1314.0,1857.0,2147.0,2277.5,2395.5,2493.0,2581.0,2155.0,543.0,825.0,1094.0,1249.0,1309.0,1448.0,1608.0,1615.0,2777.0,2253.0,829.0,1161.0,1489.0,1802.0,1883.0,2040.0,2208.0,2284.0,3019.0,2371.0,1863.5,1965.0,1993.0,2199.5,2424.0,2627.0,2683.5,2753.5,4027.0,3074.0,1495.0,1702.5,1990.0,2316.0,2571.5,2861.0,2963.5,3145.0,3763.0,2891.5,1226.5,1468.0,1979.0,2237.5,2339.0,2547.5,2774.0,2859.5,3632.5,2828.0,991.0,1346.0,1941.0,2149.0,2215.5,2400.5,2673.5,2753.0,3434.5,2662.5,842.0,1156.5,1717.0,1929.0,2011.5,2212.0,2418.0,2547.0,2840.0,2577.0,814.5,1026.5,1328.0,1477.0,1542.5,1656.0,1746.5,1816.0,2808.0,2615.0,883.0,1092.0,1384.0,1507.0,1543.0,1674.0,1785.0,1836.0,2637.0,2392.5,795.0,1024.0,1315.0,1418.5,1478.5,1598.0,1725.5,1744.0,1894.0,1516.0,1908.0,1867.0,1900.0,2103.0,2138.0,2205.0,2072.0,2286.0,1266.0,1019.0,988.0,934.0,923.0,936.0,935.0,975.0,1112.0,1100.0,2509.0,2322.0,637.0,757.0,985.0,1116.0,1168.0,1282.0,1377.0,1453.0,1592.0,1409.0,561.0,563.0,624.0,717.0,737.0,846.0,846.0,940.0,1541.0,1362.0,280.0,390.0,519.0,610.0,661.0,748.0,854.0,843.0,1079.0,988.0,261.0,337.0,404.0,503.0,566.0,632.0,691.0,654.0,1638.0,1474.0,338.0,426.0,585.0,687.0,742.0,823.0,918.0,950.0,0.0,0.0,0.0,0.0,0.0,0.0,0.0,0.0,0.0,0.0,0.0,0.0,0.0,0.0,0.0,0.0,0.0,0.0,0.0,0.0,2725.0,2388.0,711.0,894.0,1192.0,1329.0,1395.0,1466.0,1694.0,1655.0,2763.0,2401.5,735.5,924.0,1200.5,1332.0,1406.5,1540.0,1704.5,1755.0,2926.0,2574.0,829.0,1035.0,1330.0,1471.0,1513.0,1601.0,1802.0,1860.0,2617.0,2264.0,704.0,883.0,1126.0,1236.0,1266.0,1385.0,1507.0,1576.0,2862.0,2551.5,825.0,997.5,1276.5,1382.0,1456.5,1583.0,1741.0,1772.5,3002.0,2641.0,880.0,1090.0,1399.0,1564.0,1636.0,1736.0,1864.0,1961.0,"{""type"":""MultiPoint"",""coordinates"":[]}"
3549,69,2902.5,2540.0,749.0,1028.0,1437.0,1697.5,1874.5,2049.0,2216.0,2250.5,2659.0,1966.0,655.5,1050.5,1144.0,1675.0,3055.0,3483.0,3641.0,3694.5,2810.0,2076.5,713.0,1115.0,1240.5,1776.5,3160.0,3632.5,3814.0,3868.0,2888.0,2087.5,734.5,1148.5,1321.0,1808.5,3203.5,3675.5,3845.0,3935.0,2896.5,2087.5,754.5,1157.0,1322.5,1858.5,3248.5,3705.0,3867.5,3959.0,2904.5,2111.5,783.5,1186.5,1374.5,1891.0,3301.0,3804.0,4002.0,4059.0,3085.0,2180.0,821.5,1243.5,1483.5,1990.0,3385.0,3917.0,4078.5,4185.5,3208.5,2333.0,839.0,1266.5,1591.0,2034.5,3395.0,3898.0,4123.5,4203.0,3217.5,2345.0,829.5,1268.5,1590.0,2072.5,3326.0,3858.5,3998.5,4143.5,3237.0,2349.5,841.0,1288.5,1579.0,2072.5,3326.5,3897.0,3986.5,4187.5,3212.0,2359.5,833.5,1276.0,1585.5,2077.0,3249.0,3791.5,3868.5,4080.0,3198.0,2935.0,876.5,1165.0,1602.0,1854.5,2033.0,2204.0,2388.5,2390.5,3212.0,2366.0,852.5,1270.0,1602.0,2081.5,3059.5,3564.5,3720.5,3889.5,3021.0,2150.5,794.0,1228.5,1486.0,1987.0,3123.0,3589.0,3714.0,3880.0,3036.5,2190.5,883.5,1236.5,1466.0,1970.0,3076.5,3563.0,3668.0,3884.5,3055.5,2239.0,1012.5,1318.5,1548.0,2015.5,2940.0,3378.0,3535.0,3687.5,3040.0,2257.5,838.0,1205.0,1548.0,1987.5,2878.5,3219.5,3471.5,3558.0,2888.5,2166.0,802.0,1153.0,1428.5,1858.0,2591.0,2969.5,3130.5,3232.5,2799.5,2234.0,1085.0,1326.5,1591.5,1968.0,2658.5,3043.0,2997.0,3307.5,2642.5,2097.0,1234.5,1401.0,1606.0,1920.5,2575.0,2914.5,2872.5,3175.0,2430.5,1742.5,615.0,931.0,1149.0,1551.0,2408.5,2715.0,2896.0,3035.0,2339.0,1571.0,619.0,1029.0,1249.0,1812.0,2608.5,2900.0,3050.0,3217.5,2887.0,2560.5,752.0,1022.0,1418.0,1659.0,1832.5,1993.0,2168.0,2171.5,2399.0,1653.5,591.5,923.5,1174.0,1698.0,2399.5,2676.5,2782.0,2963.0,2356.0,1783.0,579.5,833.0,1005.5,1424.0,2059.0,2227.0,2346.5,2521.0,2658.0,2204.5,670.5,899.5,1137.0,1480.0,1886.0,2033.5,2170.0,2243.0,4106.5,3772.0,2897.5,2936.5,3083.5,3338.0,3532.5,3669.0,3769.5,3819.0,3982.5,3627.0,2752.5,2810.0,2984.5,3248.0,3408.0,3535.5,3651.0,3703.5,0.0,0.0,0.0,0.0,0.0,0.0,0.0,0.0,0.0,0.0,3322.5,3082.5,900.0,1296.0,1679.5,2012.0,2224.5,2383.5,2498.5,2531.5,3476.0,3249.5,997.0,1379.0,1767.5,2120.5,2372.5,2589.5,2699.5,2717.0,3450.5,3056.5,1029.5,1415.0,1794.0,2157.0,2517.5,2705.0,2870.5,2883.0,3450.5,3056.5,1034.0,1432.5,1871.5,2219.0,2602.0,2806.0,3055.5,2971.5,2865.5,2330.5,734.5,1120.0,1265.5,1766.5,2716.5,3001.5,3156.5,3191.5,2848.0,2250.0,681.0,1099.5,1222.5,1740.5,2751.5,3091.0,3336.5,3278.0,2641.0,1989.0,592.0,969.5,1060.0,1537.0,2781.0,3160.0,3343.5,3328.0,"{""type"":""MultiPoint"",""coordinates"":[]}"
3639,66,2289.0,1988.5,883.5,923.5,1048.5,1209.0,1317.5,1471.0,1564.0,1712.5,2181.5,1589.0,321.0,604.5,462.0,1133.0,2949.5,3659.5,3913.5,3885.5,2242.5,1577.0,310.5,595.0,438.5,1129.5,3325.5,4126.0,4487.5,4367.0,2242.0,1498.5,276.0,604.5,410.5,1083.0,3413.5,4274.5,4618.0,4466.0,2350.0,1607.0,337.0,642.5,466.0,1176.5,3504.5,4389.0,4765.5,4673.0,2414.0,1601.5,368.0,698.5,523.5,1272.0,3643.5,4548.0,4821.5,4767.0,2315.0,1415.5,334.5,690.0,474.5,1239.5,3707.5,4647.0,4921.5,4877.0,2146.5,1323.5,358.0,684.0,463.5,1197.5,3542.0,4475.0,4847.0,4744.5,2896.0,1866.0,512.0,831.5,811.5,1562.0,2991.0,3556.5,3883.5,4075.5,3158.5,2189.5,610.0,950.0,991.5,1719.0,2923.5,3431.0,3615.0,3872.0,3125.5,2153.5,534.5,936.5,1029.5,1797.5,2959.5,3449.5,3695.0,3910.5,2395.5,2146.5,943.5,1012.5,1154.0,1324.5,1450.0,1601.5,1706.5,1803.5,2909.0,1955.5,425.5,842.0,885.0,1665.5,2940.5,3456.5,3687.5,3907.5,2859.5,1867.0,361.0,738.5,715.5,1521.5,2886.5,3387.0,3616.0,3849.0,2710.5,1755.5,488.0,853.0,805.0,1508.0,2964.0,3458.5,3648.5,3906.0,2464.5,1674.5,536.0,775.0,700.0,1312.0,2611.5,3037.0,3231.0,3371.0,2394.5,1648.5,498.0,727.5,694.5,1257.5,2437.0,2851.0,3122.5,3170.0,2308.0,1596.0,376.0,651.0,648.5,1222.0,2269.0,2707.5,2905.0,3059.5,2181.5,1579.0,530.5,724.5,712.5,1212.0,2085.0,2427.5,2617.0,2737.0,2181.5,1418.5,540.5,743.5,783.0,1223.5,2083.5,2499.0,2751.5,2854.0,1826.5,1161.5,228.0,474.0,424.0,865.0,2083.0,2499.0,2751.5,2854.0,1491.5,959.5,346.5,480.0,405.5,854.0,1532.5,1780.0,2069.0,2020.0,1852.0,1556.5,375.5,472.5,640.0,822.5,992.0,1136.5,1296.5,1344.5,1966.0,1298.5,305.0,518.0,430.5,994.5,2017.0,2397.0,2587.0,2750.0,2924.0,2327.0,1754.5,1851.0,1756.0,2276.0,3004.5,3288.0,3401.0,3482.0,1767.5,1219.0,375.0,549.5,484.0,1040.0,1938.0,2192.5,2257.5,2413.0,1801.0,1196.5,369.5,575.5,526.5,1065.0,1938.0,2196.0,2284.0,2429.5,1419.0,918.5,898.0,980.0,988.5,1221.0,1421.5,1508.5,1607.0,1642.0,0.0,0.0,0.0,0.0,0.0,0.0,0.0,0.0,0.0,0.0,1967.5,1549.5,407.0,526.0,677.5,928.5,1104.0,1271.0,1407.0,1516.5,2287.5,1900.5,537.0,657.0,817.0,1129.5,1350.0,1533.0,1669.0,1768.5,2475.5,2049.5,597.5,749.5,930.5,1234.5,1483.0,1689.5,1848.0,1938.5,2569.5,2007.5,655.5,793.5,966.0,1371.0,1704.5,1917.0,2099.0,2215.0,2456.5,1941.0,556.5,730.0,869.5,1328.5,1745.5,1958.5,2146.0,2251.0,2333.5,1851.0,420.0,656.0,668.5,1229.0,1984.5,2228.0,2487.5,2526.5,2010.5,1466.0,307.0,565.5,463.5,1050.5,2328.0,2714.0,2966.0,2912.5,"{""type"":""MultiPoint"",""coordinates"":[]}"
3680,3,108.0,117.5,821.5,1012.5,1098.5,1099.0,681.0,672.0,586.0,448.5,2216.5,2029.5,849.5,972.0,1150.0,1262.0,1286.5,1334.5,1414.0,1476.5,0.0,0.0,0.0,0.0,0.0,0.0,0.0,0.0,0.0,0.0,137.0,131.5,513.0,613.0,652.0,703.5,493.5,579.5,538.0,440.0,156.5,141.5,491.5,608.0,640.0,766.5,618.5,703.0,686.5,603.5,295.0,235.5,289.5,536.0,413.0,782.0,730.5,818.5,768.5,683.0,576.5,376.0,307.0,528.0,384.5,796.0,1136.0,1276.5,1226.0,1176.5,1011.5,581.0,269.0,488.0,304.0,802.0,1636.5,1932.0,1917.5,1942.5,1304.5,618.5,178.5,351.5,153.0,560.5,2335.5,3425.5,3404.5,3546.0,1272.0,580.0,131.0,328.0,135.0,535.0,2646.5,4234.5,4402.5,4416.5,1246.5,557.0,250.5,401.0,205.5,588.5,2625.0,4274.0,4355.0,4440.0,144.5,137.5,791.5,958.0,1167.5,1356.0,1201.5,1239.0,1276.5,1132.0,1212.5,550.0,162.0,341.0,140.5,530.5,2684.0,4344.5,4549.5,4509.0,1697.0,776.0,2338.5,2434.5,1969.0,2424.5,3778.5,4663.5,4864.0,4896.0,1767.5,906.0,1079.5,1412.5,1013.0,1908.5,3469.5,4174.5,4277.0,4511.5,1753.5,914.5,1029.5,1391.5,1095.0,1964.0,3527.0,4081.5,4272.5,4398.0,2140.5,1251.0,681.5,1358.0,1369.5,2446.0,3478.0,3847.0,4100.0,4190.5,2758.5,1789.5,959.5,1547.0,1876.5,2694.5,3273.5,3591.5,3800.5,3972.5,5067.0,3377.0,1463.0,2091.0,3016.0,3585.5,3775.5,4087.0,4410.0,4585.5,3343.5,2638.0,1071.0,1418.0,1991.5,2228.5,2320.0,2448.5,2610.0,2677.0,2808.0,2283.0,858.0,1139.5,1562.0,1773.0,1828.5,1939.0,2085.5,2114.0,2106.0,1709.0,2058.0,2111.0,2149.0,2364.5,2447.5,2525.5,2483.5,2620.5,2397.0,2032.0,3074.5,2905.5,2883.0,3065.0,3121.0,3112.0,3098.5,3184.0,33.0,45.5,118.5,153.0,264.5,301.5,119.5,159.0,117.5,59.0,463.5,389.0,609.5,589.5,620.0,648.5,522.5,575.5,494.0,490.0,34.0,30.5,123.0,216.0,281.5,303.0,176.5,210.0,181.5,117.0,2409.0,2186.0,2732.0,2628.0,2577.5,2699.0,2587.5,2569.0,2626.5,2498.5,28.5,34.5,142.0,230.0,301.5,332.5,180.5,200.5,179.5,132.5,0.0,0.0,0.0,0.0,0.0,0.0,0.0,0.0,0.0,0.0,0.0,0.0,0.0,0.0,0.0,0.0,0.0,0.0,0.0,0.0,22.0,30.0,790.0,933.0,1068.0,1132.0,753.0,792.0,742.0,556.5,69.0,81.0,710.0,907.5,1017.5,1140.0,967.0,1019.0,1047.5,905.0,936.0,614.0,714.5,789.5,912.0,1024.0,1008.0,1095.5,1182.0,1197.5,2738.0,1826.0,1847.0,1900.0,1913.0,2097.0,2365.0,2338.0,2834.0,2635.5,2405.0,2036.0,1087.0,1195.0,1347.5,1458.5,1486.0,1563.0,1714.5,1685.5,1786.5,1651.0,608.5,717.5,856.5,949.0,986.5,1033.0,1117.5,1160.5,"{""type"":""MultiPoint"",""coordinates"":[]}"
3695,69,2551.5,1989.5,469.0,597.5,893.5,1055.5,1193.5,1381.0,1550.5,1662.5,2732.0,1868.0,576.0,830.0,934.0,1360.0,2141.0,2464.0,2705.0,2813.0,3529.5,2638.0,1460.5,1625.0,1688.5,2109.5,2858.0,3157.0,3499.5,3476.0,3180.0,2285.0,713.0,1000.0,1081.0,1623.0,2779.0,3209.0,3434.0,3564.0,3568.0,2369.0,838.0,1226.0,1444.0,2100.0,3187.0,3692.0,4017.0,4103.0,3574.0,2257.0,815.0,1175.0,1444.0,2100.0,3168.0,3637.0,3973.0,4087.0,3621.0,2316.0,815.0,1213.0,1530.0,2133.0,3353.0,3895.0,4235.0,4365.0,3743.0,2316.0,810.0,1217.0,1545.0,2160.0,3353.0,3898.0,4303.0,4445.0,3606.0,2236.0,784.0,1147.0,1525.0,2160.0,3325.0,3904.0,4240.0,4434.0,3622.0,2236.0,775.0,1117.0,1525.0,2146.0,3264.0,3813.0,4144.0,4332.0,3727.0,2328.0,768.0,1117.0,1520.0,2129.0,3141.0,3732.0,3939.0,4247.0,2957.0,2407.0,536.0,677.0,962.0,1150.0,1317.0,1516.0,1714.0,1791.0,3727.0,2323.0,736.0,1084.0,1486.0,2123.0,3131.0,3682.0,3931.0,4247.0,3543.0,2125.0,671.0,999.0,1377.0,1977.0,3039.0,3625.0,3919.0,4223.0,3517.0,2079.0,693.0,1027.0,1382.0,1976.0,3053.0,3629.0,4007.0,4244.0,3374.5,2013.5,645.0,960.0,1303.0,1889.0,2964.0,3547.5,3913.0,4143.5,3297.0,1956.0,633.0,940.0,1259.0,1849.0,2903.0,3457.0,3837.0,4077.0,3357.0,1956.0,646.0,942.0,1277.0,1900.0,2871.0,3357.0,3736.0,3958.0,3477.0,2074.0,710.0,1032.0,1444.0,2056.0,2894.0,3361.0,3710.0,4019.0,3494.0,2113.0,735.0,1048.0,1525.0,2100.0,2814.0,3221.0,3552.0,3794.0,3494.0,2118.0,696.0,986.0,1493.0,2103.0,2701.0,3049.0,3473.0,3747.0,3525.0,2144.0,641.0,909.0,1493.0,2067.0,2568.0,2978.0,3328.0,3628.0,2870.0,2346.0,488.5,644.5,931.0,1122.5,1303.0,1487.5,1691.0,1800.5,3566.0,2249.5,600.5,873.0,1384.0,1952.0,2453.0,2806.5,3089.5,3406.0,3222.0,2239.0,514.5,696.0,989.5,1392.0,1802.5,2108.0,2314.5,2497.0,3214.0,2290.0,519.0,678.0,952.0,1281.0,1743.0,1999.0,2249.0,2320.0,3257.0,2348.0,519.0,678.0,952.0,1281.0,1636.0,1989.0,2109.0,2309.0,3184.0,2252.0,465.0,668.0,963.0,1283.0,1663.0,1907.0,2143.0,2260.0,0.0,0.0,0.0,0.0,0.0,0.0,0.0,0.0,0.0,0.0,3082.5,2553.5,612.5,800.0,1003.5,1259.5,1529.5,1712.0,1887.5,2003.5,3109.0,2640.5,617.5,802.0,970.5,1243.0,1589.5,1788.5,1941.0,2072.0,3097.0,2528.0,580.0,808.0,930.0,1234.0,1800.0,2015.0,2196.0,2254.0,2307.5,1783.0,702.0,815.5,863.5,1119.5,1544.5,1739.5,1896.5,1934.5,2597.0,1945.0,601.0,820.0,831.0,1214.0,2086.0,2397.0,2446.0,2588.0,2865.0,2224.0,599.0,826.0,831.0,1256.0,2344.0,2765.0,2968.0,3010.0,3241.0,2486.0,687.0,932.0,1005.5,1446.5,2284.0,2624.0,2854.5,2945.0,"{""type"":""MultiPoint"",""coordinates"":[]}"
3800,3,0.0,0.0,0.0,0.0,0.0,0.0,0.0,0.0,0.0,0.0,2388.0,2061.5,654.0,867.0,1214.0,1362.0,1429.5,1540.5,1683.0,1738.5,2392.5,2062.0,730.0,931.0,1289.0,1430.0,1497.5,1620.0,1767.5,1777.5,2448.0,2223.0,890.5,1115.5,1480.0,1669.5,1713.0,1802.5,1918.5,1972.5,213.5,163.5,345.0,494.0,566.5,626.0,353.5,451.0,428.0,297.5,247.5,167.0,296.5,461.5,562.0,643.0,509.5,584.5,599.0,527.5,1115.5,675.5,481.5,766.5,487.0,1044.0,1771.0,1980.5,1937.0,1928.0,1221.5,688.0,250.5,548.5,253.0,814.5,1893.5,2278.5,2188.0,2147.0,1368.5,672.5,230.5,418.5,211.0,634.5,2363.0,3307.5,3302.5,3348.5,1290.0,573.0,154.0,307.5,152.5,499.5,2429.5,4017.0,4198.5,4222.5,1285.5,570.0,212.5,331.0,184.5,444.0,2351.5,4223.5,4298.5,4454.0,311.0,228.5,215.0,365.5,521.0,623.5,540.5,598.0,610.0,553.0,1282.5,556.5,439.5,504.5,312.0,624.5,2499.5,4440.5,4693.5,4694.0,1492.5,646.0,1472.0,1606.5,1264.0,1652.5,3239.0,4630.0,4772.0,4867.0,1855.0,910.5,1507.0,1694.0,1351.5,1986.5,3506.0,4429.0,4526.5,4750.0,1677.0,818.5,1077.5,1371.5,969.5,1794.0,3698.0,4825.5,4960.0,5154.0,1724.0,898.0,378.0,914.0,611.0,1643.0,3823.5,4710.5,4961.5,5064.5,2015.0,1081.5,512.5,1110.5,930.5,2085.5,3782.0,4380.0,4603.0,4784.5,2883.5,1715.5,798.5,1536.0,1594.0,2967.5,4433.0,4894.0,5095.0,5366.5,3308.5,2161.0,1033.0,1782.0,2130.0,3357.0,4229.5,4664.0,5000.0,5225.0,4916.5,3233.5,1570.5,2211.5,3204.5,3862.5,4126.0,4394.0,4813.0,4891.5,0.0,0.0,0.0,0.0,0.0,0.0,0.0,0.0,0.0,0.0,3484.0,2884.0,5021.5,4655.0,4427.5,4513.0,4282.5,4170.0,4659.5,4107.0,1067.5,769.0,477.5,624.0,861.0,1175.5,1270.0,1357.5,1283.5,1441.0,297.5,229.5,393.0,422.0,487.5,588.5,567.0,626.0,561.0,623.0,858.5,595.0,381.5,617.5,896.5,1092.0,1143.5,1226.0,1333.5,1323.5,0.0,0.0,0.0,0.0,0.0,0.0,0.0,0.0,0.0,0.0,1294.5,820.0,478.0,694.5,1026.5,1232.5,1292.0,1396.0,1536.5,1535.5,0.0,0.0,0.0,0.0,0.0,0.0,0.0,0.0,0.0,0.0,0.0,0.0,0.0,0.0,0.0,0.0,0.0,0.0,0.0,0.0,771.5,605.0,274.5,370.0,581.0,764.5,778.5,854.0,911.0,962.5,2459.0,1855.5,522.5,795.0,1210.5,1393.5,1505.5,1676.5,1886.5,1898.0,2963.5,2408.0,718.5,980.0,1421.5,1662.0,1768.5,1906.5,2080.0,2162.0,3613.0,2699.0,860.5,1199.5,1680.5,1958.5,2091.5,2298.5,2532.0,2624.0,3800.0,3065.0,843.5,1177.5,1695.5,1947.5,2099.5,2291.5,2594.0,2655.0,3137.0,2597.5,725.0,991.5,1421.0,1629.0,1756.0,1917.5,2087.0,2184.5,"{""type"":""MultiPoint"",""coordinates"":[]}"
3917,3,101.0,116.0,541.0,984.0,1123.0,1338.0,928.0,910.0,811.0,650.0,2412.5,2309.5,819.5,1112.0,1526.5,1665.0,1697.0,1805.0,1897.5,1853.5,90.0,122.0,13.0,315.0,454.0,666.0,299.0,344.0,296.0,124.0,136.0,97.0,216.0,397.0,466.0,664.0,401.0,484.0,408.0,293.0,540.5,383.0,341.5,631.5,540.0,1009.0,1117.5,1168.0,1112.0,1011.5,932.0,573.0,304.0,575.0,384.0,971.0,1665.0,1916.0,1813.0,1775.0,1316.0,682.0,233.5,483.5,216.0,776.5,2475.0,3193.0,3182.0,3077.5,1482.0,683.0,156.0,392.0,136.5,641.5,2835.0,4280.0,4296.0,4260.0,1334.5,580.0,149.0,318.5,117.0,510.0,2727.0,4624.5,4639.0,4724.0,1135.0,486.0,132.0,280.0,130.0,471.0,2474.0,4273.0,4545.0,4494.0,1161.0,508.5,291.5,427.5,241.0,596.5,2507.5,4204.0,4323.5,4409.5,167.0,146.5,424.5,719.0,826.5,1081.0,896.0,915.5,921.0,789.0,1165.0,513.0,279.0,412.0,220.0,594.0,2564.0,4162.0,4333.0,4345.0,1625.0,712.0,1488.5,1774.0,1420.0,2142.5,3697.0,4674.0,4892.5,4941.5,1698.0,825.5,1305.0,1584.0,1268.5,2023.5,3550.0,4363.5,4464.5,4646.0,1807.5,903.5,1000.0,1376.0,1077.0,2044.5,3822.0,4607.5,4857.0,4922.0,2005.5,1055.5,494.0,1133.0,1007.5,2287.0,3997.0,4531.0,4924.0,4928.0,2601.5,1499.5,768.0,1393.5,1474.0,2738.0,4013.0,4508.0,4822.0,4967.0,4183.0,2716.5,1236.5,1841.0,2424.0,3337.5,3970.5,4311.5,4746.0,4843.0,4140.0,3158.0,1207.0,1603.0,2321.0,2640.0,2741.0,3009.0,3231.0,3338.0,4103.5,3060.0,1167.5,1656.0,2396.0,2706.5,2853.0,3068.5,3387.5,3422.5,1467.0,905.0,2091.0,2109.0,2118.0,2273.0,2243.0,2278.0,2433.0,2293.0,1739.0,1194.0,2588.0,2471.0,2393.0,2497.0,2295.0,2147.0,2624.0,1920.0,106.0,86.0,331.0,296.0,378.0,509.0,445.0,530.0,477.0,452.0,2800.0,2808.0,2851.0,2868.0,2896.0,3127.0,2855.0,2915.0,2709.0,2799.0,124.5,107.0,542.0,805.0,866.0,1205.5,1087.0,1092.0,1046.0,925.0,0.0,0.0,0.0,0.0,0.0,0.0,0.0,0.0,0.0,0.0,99.0,70.0,240.0,416.0,573.0,869.0,817.0,825.0,857.0,777.0,0.0,0.0,0.0,0.0,0.0,0.0,0.0,0.0,0.0,0.0,0.0,0.0,0.0,0.0,0.0,0.0,0.0,0.0,0.0,0.0,2011.0,1427.0,516.0,800.0,1086.0,1361.0,1462.0,1568.0,1704.0,1768.0,3175.0,2740.0,1023.0,1442.0,1775.0,2093.0,2257.0,2333.0,2580.0,2481.5,4318.0,4078.0,1651.0,2149.0,2612.0,3015.0,3171.0,3285.0,3483.0,3476.0,2351.0,1793.0,568.0,883.0,1057.0,1434.0,1665.0,1744.0,1896.0,1921.0,3143.5,2894.0,948.5,1301.0,1674.0,1780.0,1853.5,2054.5,2339.0,2167.0,4419.0,4265.0,1223.0,1727.0,2367.0,2591.0,2697.0,2879.0,3095.0,3068.0,"{""type"":""MultiPoint"",""coordinates"":[]}"
3979,75,2378.0,2109.5,862.0,962.0,1061.5,1349.0,1574.5,1719.5,1914.5,1987.5,2361.5,1481.0,509.0,840.5,705.0,1296.0,3233.5,3862.0,4075.5,4085.5,2387.0,1514.0,537.5,856.0,730.0,1298.5,3241.5,3839.5,4119.5,4074.0,2642.5,1744.5,566.5,922.5,910.5,1515.5,3327.0,3865.5,4133.0,4165.0,2774.5,1925.0,834.5,1134.5,1152.0,1657.5,3335.5,3921.0,4290.5,4174.5,2813.5,1919.0,821.0,1157.5,1175.0,1748.0,3353.5,3977.0,4211.5,4223.5,2831.5,1990.5,814.5,1180.5,1176.5,1741.5,3386.5,3994.0,4271.5,4265.0,2771.0,1931.5,812.0,1184.5,1223.5,1742.5,3350.5,3952.0,4187.5,4220.5,2777.5,1920.5,807.5,1169.0,1179.0,1722.5,3319.5,3930.5,4105.0,4206.0,2762.0,1911.5,796.5,1149.0,1152.0,1691.5,3281.0,3905.0,4015.0,4189.0,2671.5,1868.0,713.5,1080.5,1094.0,1618.0,3171.0,3740.0,3924.5,4022.5,2429.0,2163.5,832.0,962.0,1061.5,1349.0,1574.5,1719.5,1914.5,1987.5,2763.0,1908.5,697.0,1096.0,1101.5,1622.5,3124.5,3735.0,3860.5,4017.0,2684.5,1834.5,693.5,1068.0,1086.5,1622.5,3080.5,3609.0,3789.0,3902.5,2682.0,1823.5,744.5,1091.5,1092.0,1637.0,3082.0,3659.5,3804.5,3984.0,2820.0,1945.0,1006.5,1281.0,1398.0,1924.5,2906.0,3318.5,3566.0,3662.5,2991.0,2114.0,963.5,1288.0,1439.0,1949.0,2865.5,3304.0,3560.0,3604.0,3031.0,2118.5,911.5,1300.5,1425.0,1971.0,2816.5,3189.5,3467.0,3539.0,3086.5,2393.5,1021.5,1361.5,1598.0,2054.5,2718.0,3046.5,3291.0,3373.0,3062.0,2413.0,1102.0,1441.5,1645.0,2054.5,2718.0,3046.5,3291.0,3373.0,2683.0,2016.0,729.5,1078.0,1183.5,1632.5,2654.5,2962.5,3199.5,3257.5,2473.0,1706.0,559.0,820.5,878.0,1386.0,2461.0,2882.0,3002.0,3177.5,2567.5,2217.0,668.0,868.0,1030.0,1350.0,1575.0,1743.0,1954.5,1997.0,2588.5,1868.0,568.5,820.5,878.0,1386.0,2461.0,2806.0,2918.5,3122.5,2768.5,1930.0,918.5,1097.5,1074.5,1518.0,2352.0,2690.0,2941.0,2985.5,2385.0,1794.0,595.5,825.0,810.0,1237.5,1908.0,2198.5,2385.0,2437.0,2399.0,1794.5,586.0,825.0,816.5,1243.5,1908.0,2198.5,2385.0,2437.0,1561.0,1182.0,761.5,857.0,850.0,1079.5,1252.5,1395.0,1443.5,1537.5,0.0,0.0,0.0,0.0,0.0,0.0,0.0,0.0,0.0,0.0,2542.5,2098.5,615.0,818.5,946.0,1316.5,1613.5,1785.0,1964.0,2028.5,2682.5,2276.0,630.0,827.5,959.5,1353.0,1647.0,1845.5,1982.0,2091.0,2832.5,2192.5,948.5,1161.0,1362.0,1822.0,2264.5,2449.0,2697.5,2735.0,0.0,0.0,0.0,0.0,0.0,0.0,0.0,0.0,0.0,0.0,2169.0,1433.0,493.5,772.0,646.5,1277.0,2609.5,2989.5,3185.0,3261.5,2284.5,1473.0,493.5,786.0,674.5,1282.0,2886.5,3244.0,3497.0,3540.0,2387.5,1584.5,513.5,838.5,710.5,1293.5,3001.0,3507.0,3792.5,3782.5,"{""type"":""MultiPoint"",""coordinates"":[]}"
4007,69,3434.0,3135.0,1002.0,1414.0,1852.0,2013.0,2086.0,2231.0,2377.0,2352.0,4162.0,3831.5,1025.5,1589.5,2147.5,2388.5,2456.5,2627.0,2760.5,2760.5,4311.0,3904.0,1148.0,1739.0,2284.0,2544.0,2599.0,2730.0,2892.0,2893.0,4488.0,4038.0,1283.0,1917.0,2509.0,2772.0,2801.0,2933.0,3043.0,3078.0,4237.0,3960.0,1308.0,1870.0,2417.0,2632.0,2718.0,2856.0,3014.0,2976.0,4304.0,4070.0,1308.0,1858.0,2392.0,2632.0,2693.0,2856.0,3014.0,2976.0,4271.0,4037.0,1196.5,1717.5,2255.5,2462.5,2506.5,2647.5,2761.0,2792.0,4238.0,4004.0,1215.0,1734.0,2271.0,2461.0,2513.0,2669.0,2812.0,2788.0,4153.0,3962.0,1190.0,1691.0,2198.0,2445.0,2466.0,2652.0,2704.0,2785.0,4183.0,3987.0,1193.0,1671.0,2165.0,2398.0,2441.0,2619.0,2730.0,2747.0,4126.0,3925.5,1171.0,1658.0,2148.5,2371.5,2421.0,2577.0,2612.5,2725.5,3523.0,3268.0,1002.0,1463.0,1887.0,2078.0,2153.0,2280.0,2404.0,2389.0,4275.5,4040.5,1267.5,1757.0,2254.5,2515.5,2520.5,2713.5,2703.0,2838.0,4158.0,3923.0,1197.0,1667.0,2155.0,2393.0,2431.0,2622.0,2621.0,2744.0,3969.0,3712.0,1279.0,1728.0,2133.0,2389.0,2473.0,2621.0,2661.0,2749.0,3936.0,3731.0,1281.0,1754.0,2100.0,2358.0,2449.0,2621.0,2664.0,2723.0,3936.0,3742.0,1157.0,1615.0,2095.0,2307.0,2368.0,2523.0,2605.0,2648.0,3934.0,3742.0,1122.0,1620.0,2101.0,2309.0,2382.0,2491.0,2609.0,2631.0,3980.0,3676.0,1361.0,1768.0,2194.0,2459.5,2538.0,2701.0,2772.5,2803.5,4011.0,3655.0,1196.0,1665.0,2134.0,2394.0,2427.0,2597.0,2641.0,2708.0,3917.0,3535.5,1107.5,1611.5,2094.0,2295.0,2372.0,2506.5,2636.0,2637.5,3605.0,3157.0,1088.0,1570.0,2025.0,2231.0,2282.0,2445.0,2484.0,2512.0,2972.5,2563.0,807.5,1223.0,1591.0,1760.5,1842.0,1961.0,2080.0,2085.5,4432.0,3925.0,1472.0,2110.0,2600.0,2952.0,2992.0,3102.0,3092.0,3252.0,4257.0,3654.0,1495.0,2091.0,2465.0,2838.0,3095.0,3254.0,3275.0,3287.0,3860.0,3191.5,1272.5,1786.0,2048.5,2472.5,3226.5,3440.5,3591.5,3506.0,3927.0,3249.0,1226.0,1651.0,2004.5,2339.0,2730.5,2920.0,3074.5,3007.0,2214.5,1932.5,996.5,1254.5,1517.5,1638.5,1718.0,1842.0,1899.0,1930.0,2734.0,2137.0,900.0,1320.0,1668.0,1785.0,1840.0,1948.0,2076.0,2017.0,4064.5,3719.5,1301.0,1844.0,2289.5,2544.5,2623.0,2753.0,2838.0,2845.5,2734.0,2470.5,1151.0,1398.5,1615.0,1753.5,1794.5,1883.0,2006.5,1921.0,4158.0,3716.0,1300.0,1888.0,2366.0,2634.0,2828.0,2902.0,3056.0,3031.0,4179.0,3676.0,1332.0,1946.0,2395.0,2663.0,2924.0,3111.0,3222.0,3214.0,3528.0,2985.5,1098.5,1625.0,1905.0,2267.0,2949.5,3112.0,3189.0,3233.5,3397.0,2795.0,947.0,1432.0,1708.0,2126.0,3054.0,3306.0,3449.0,3413.0,4049.5,3802.0,984.0,1470.0,1986.5,2215.0,2335.0,2493.0,2656.5,2647.5,"{""type"":""MultiPoint"",""coordinates"":[]}"
4037,54,2335.0,2145.0,808.0,1093.5,1356.5,1486.5,1532.0,1633.5,1704.5,1705.0,3128.5,2835.0,1089.5,1543.0,1952.5,2143.0,2177.5,2288.5,2365.0,2361.0,3141.0,2884.5,1128.0,1575.5,1980.5,2163.0,2187.0,2302.5,2358.5,2379.5,3190.5,2927.5,1177.5,1631.0,2054.0,2208.0,2223.5,2337.5,2458.0,2417.0,3227.5,2969.5,1204.0,1649.5,2071.5,2233.5,2257.5,2375.5,2481.0,2448.0,3327.0,3066.0,1213.0,1649.5,2053.0,2244.5,2303.5,2417.5,2495.0,2508.5,3358.0,3066.0,1190.5,1647.0,2046.0,2239.5,2344.5,2473.5,2530.5,2576.5,3373.0,2958.0,1183.0,1647.0,2016.0,2245.5,2605.0,2750.0,2812.0,2876.0,3149.5,2574.0,1038.5,1537.5,1758.5,2162.5,2965.5,3204.0,3282.0,3307.0,2705.0,1991.0,680.0,1134.0,1148.0,1688.5,3471.0,4065.5,4141.5,4179.0,2332.0,1418.5,458.0,842.0,657.5,1331.5,4052.5,5019.0,5116.0,5180.0,2422.0,2161.0,805.0,1149.0,1408.0,1531.0,1589.0,1668.0,1722.5,1738.5,2047.0,1046.0,216.0,568.0,294.5,1008.5,4487.0,5951.5,5939.5,6117.5,1936.5,897.5,176.0,518.0,146.5,936.5,4921.5,6853.5,6855.0,6970.0,2009.0,883.0,191.5,545.0,176.5,971.5,4886.0,6758.0,6820.5,6967.0,1864.5,835.0,271.5,595.0,278.5,1059.0,4727.5,6474.0,6685.5,6675.0,1680.0,766.5,275.5,580.0,290.0,988.0,4631.5,6394.0,6568.5,6572.5,1623.0,773.0,292.5,619.5,341.0,1059.5,4440.0,5988.5,6170.0,6205.5,1590.5,803.5,383.5,722.5,442.0,1264.5,4275.5,5492.5,5726.5,5748.0,1770.5,913.5,513.5,873.0,836.5,1621.0,3738.0,4486.5,4805.0,4910.5,3636.5,2530.5,691.0,1094.0,1535.5,1985.5,2840.5,3273.0,3599.5,3865.0,3438.0,2673.5,735.5,1070.5,1498.0,1841.0,2084.0,2356.0,2577.0,2732.0,2387.0,2142.5,680.0,1038.5,1346.5,1489.0,1556.5,1632.0,1746.5,1722.0,2686.5,2277.5,607.5,949.0,1287.0,1483.5,1548.5,1680.5,1705.5,1866.0,3502.5,3205.0,2160.0,2325.0,2510.5,2690.5,2691.5,2763.5,3019.0,2806.5,2355.5,2157.0,665.0,977.0,1272.0,1427.0,1439.5,1547.5,1641.0,1651.5,2421.5,2233.5,689.5,1019.0,1308.0,1454.0,1512.5,1619.5,1678.0,1697.5,3179.0,2283.0,3697.5,3668.5,3753.0,3992.5,3893.0,3919.0,3743.5,3881.0,0.0,0.0,0.0,0.0,0.0,0.0,0.0,0.0,0.0,0.0,3335.5,3015.0,1137.0,1660.5,2086.5,2322.5,2367.5,2472.5,2582.5,2570.0,3184.0,2858.0,1420.0,1835.5,2125.0,2361.0,2536.0,2666.5,2717.0,2720.5,2992.0,2512.0,1288.5,1712.5,1899.5,2205.0,2671.0,2838.5,2935.5,2868.0,3897.5,3005.0,1725.0,2432.5,3254.0,3608.5,3728.5,3890.0,3983.0,3989.0,3898.5,3161.5,1691.0,2362.0,3111.5,3446.5,3523.5,3690.0,3785.0,3777.5,2969.0,2752.5,994.5,1371.0,1746.5,1910.0,1969.5,2100.5,2197.5,2194.5,2997.0,2713.0,994.5,1403.0,1782.5,1951.0,2004.0,2127.5,2224.5,2236.5,"{""type"":""MultiPoint"",""coordinates"":[]}"
4103,2,1844.0,1432.5,821.5,884.0,930.5,1047.0,1083.0,1157.0,1232.5,1257.5,2709.0,2531.5,1157.0,1340.5,1508.5,1621.0,1687.0,1776.0,1845.5,1854.0,2695.5,2556.0,1161.0,1321.5,1482.0,1591.0,1683.5,1776.5,1862.0,1861.5,2699.5,2502.5,1171.0,1336.5,1477.0,1617.0,1743.5,1827.0,1911.5,1948.5,2747.0,2473.5,1134.0,1338.0,1443.5,1678.0,2004.5,2111.0,2160.5,2202.5,2737.5,2356.0,1097.5,1318.5,1363.5,1678.0,2280.0,2454.0,2537.0,2559.5,2637.5,2129.0,990.0,1249.5,1295.5,1608.0,2331.0,2573.5,2677.0,2641.5,2269.5,1718.0,689.5,1026.0,846.5,1405.5,2742.0,3084.0,3173.0,3172.0,2127.0,1393.5,528.0,819.0,629.0,1151.5,3019.5,3552.0,3597.0,3646.0,1957.0,1104.5,372.0,672.5,411.5,1032.5,3231.0,3879.5,3937.5,3988.0,1926.5,926.0,326.0,708.0,347.0,1071.0,3960.0,4884.0,4951.0,4984.5,1851.5,1472.0,900.0,973.0,1001.5,1107.5,1136.0,1209.0,1258.0,1281.0,2095.0,997.0,345.0,708.0,346.0,1126.5,4162.5,5194.5,5241.5,5380.0,2015.0,913.0,275.5,796.5,357.5,1324.5,4431.0,5303.0,5433.5,5556.5,2015.0,913.0,443.5,881.5,462.0,1340.5,4297.0,5159.0,5218.5,5388.5,1922.0,859.5,458.5,913.0,472.0,1501.0,4211.5,4940.5,5120.0,5198.0,1857.0,874.5,424.0,882.5,495.5,1404.5,3863.5,4540.5,4739.0,4767.5,1836.5,983.0,450.0,825.0,544.0,1290.0,2968.5,3409.0,3686.0,3758.0,2007.5,1121.0,533.0,865.0,720.5,1392.5,2933.5,3375.5,3633.0,3706.0,2210.0,1278.5,714.5,1000.0,1101.5,1743.0,2818.5,3206.0,3489.5,3597.0,2720.5,1807.0,1182.0,1440.0,1909.0,2361.0,2651.0,2950.0,3240.5,3334.0,3136.5,2194.0,783.5,1111.0,1772.0,2251.5,2529.0,2873.5,3149.0,3391.0,2151.5,1844.0,797.5,981.5,1107.0,1242.5,1257.0,1329.5,1446.0,1475.0,3061.5,2204.0,630.5,864.5,1400.5,1731.0,1913.0,2219.5,2451.5,2702.0,3122.5,2387.0,617.0,880.0,1298.5,1543.0,1736.5,1947.5,2169.5,2319.5,2806.5,2700.0,1659.5,1743.5,1841.0,1965.0,1927.0,1973.0,2154.5,2074.5,2022.0,1937.5,621.0,708.5,838.0,922.5,944.5,1035.5,1107.0,1154.5,1790.5,1600.0,511.0,635.0,764.0,862.0,884.0,969.5,1014.5,1093.0,0.0,0.0,0.0,0.0,0.0,0.0,0.0,0.0,0.0,0.0,2789.0,2525.0,1001.5,1216.5,1372.5,1554.5,1595.5,1686.0,1786.0,1839.5,3315.5,3129.5,1315.0,1536.5,1741.0,1913.0,1966.0,2053.5,2181.5,2214.0,3533.5,3327.0,1477.0,1726.0,1951.0,2118.0,2162.0,2254.0,2432.0,2426.5,2189.0,2090.0,884.0,956.5,1093.5,1163.0,1184.0,1303.0,1368.5,1368.0,2274.0,2178.0,885.5,985.5,1124.0,1203.5,1231.5,1341.0,1406.5,1432.5,2406.5,2262.5,913.0,1072.5,1240.0,1337.0,1376.5,1441.0,1537.5,1573.5,2722.0,2590.5,1120.0,1286.0,1464.5,1568.5,1603.0,1690.0,1793.0,1814.0,"{""type"":""MultiPoint"",""coordinates"":[]}"
4342,75,1975.0,1396.0,488.0,631.0,826.5,1021.5,1276.5,1404.5,1621.5,1661.5,1990.5,1216.0,382.0,668.5,565.5,1068.5,2560.0,2925.0,3097.5,3117.5,2097.5,1301.5,440.0,718.5,600.0,1109.5,2612.0,2993.5,3163.5,3182.0,2185.0,1375.0,441.0,724.0,611.0,1145.0,2570.0,2950.0,3155.0,3136.0,2309.0,1434.0,441.0,748.0,693.0,1281.0,2700.0,3018.0,3157.0,3179.0,2435.0,1566.0,514.0,839.0,776.0,1328.0,2705.0,3033.0,3256.0,3250.0,2441.0,1566.0,482.0,839.0,824.0,1334.0,2605.0,2971.0,3139.0,3213.0,2441.0,1557.0,482.0,851.0,836.0,1345.0,2625.0,2955.0,3181.0,3213.0,2515.0,1621.0,505.0,851.0,892.0,1412.0,2555.0,2949.0,3141.0,3218.0,2564.0,1646.0,506.0,864.0,969.0,1486.0,2554.0,2949.0,3091.0,3218.0,2614.0,1647.0,507.0,853.0,1002.0,1495.0,2469.0,2837.0,2938.0,3132.0,2231.0,1691.0,554.0,709.0,901.0,1077.0,1319.0,1452.0,1630.0,1667.0,2646.0,1683.0,459.0,789.0,983.0,1492.0,2326.0,2641.0,2791.0,3008.0,2646.0,1683.0,459.0,801.0,1042.0,1498.0,2241.0,2554.0,2762.0,2896.0,2679.0,1722.0,531.0,789.0,1065.0,1482.0,2230.0,2554.0,2762.0,2877.0,2734.0,1797.0,559.0,852.0,1127.0,1538.0,2130.0,2386.0,2617.0,2714.0,2734.0,1838.0,610.0,879.0,1168.0,1569.0,2091.0,2369.0,2591.0,2697.0,2792.0,1868.0,610.0,879.0,1168.0,1582.0,2100.0,2362.0,2555.0,2655.0,2784.0,1964.5,888.5,1095.5,1293.5,1597.5,2031.5,2237.0,2446.5,2535.0,2935.0,2090.0,705.0,1017.0,1299.0,1625.0,2035.0,2246.0,2453.0,2547.0,3071.5,2302.5,580.5,929.0,1322.0,1671.0,2011.5,2230.5,2484.5,2520.5,3301.0,2521.0,655.0,1008.0,1445.0,1814.0,2091.0,2257.0,2423.0,2552.0,2142.0,1608.0,449.0,633.0,798.0,959.0,1231.0,1326.0,1537.0,1578.0,3251.5,2459.0,657.5,1069.0,1448.5,1783.0,2032.5,2227.5,2402.5,2515.5,3397.0,2654.0,686.0,1088.0,1571.0,1844.0,2037.0,2235.0,2424.0,2470.0,3454.0,2882.0,624.0,910.0,1381.0,1595.0,1791.0,1929.0,2252.0,2189.0,3239.0,2667.0,619.5,893.5,1315.0,1556.5,1726.5,1880.0,2138.0,2145.0,3197.0,2548.0,564.0,858.0,1286.5,1506.5,1690.5,1898.0,2122.5,2149.5,0.0,0.0,0.0,0.0,0.0,0.0,0.0,0.0,0.0,0.0,2011.0,1529.0,378.0,593.0,736.0,942.0,1231.0,1326.0,1505.0,1573.0,2139.5,1684.5,431.0,613.5,809.5,1041.5,1356.0,1496.5,1620.0,1686.0,2043.0,1462.0,678.0,838.0,1009.0,1348.0,1789.0,1858.0,2102.0,2064.0,1330.5,901.5,436.0,546.0,633.5,894.0,1323.5,1471.5,1598.0,1606.0,1231.5,764.0,250.5,405.0,365.0,699.0,1475.5,1668.5,1792.0,1815.5,1845.0,1104.0,307.0,556.0,454.0,941.0,2298.0,2560.0,2772.0,2748.0,1861.0,1104.0,340.0,569.0,454.0,933.0,2365.0,2707.0,2902.0,2867.0,"{""type"":""MultiPoint"",""coordinates"":[]}"
4471,3,182.0,148.0,688.0,1074.0,1312.0,1340.0,949.0,940.0,839.0,641.0,2646.5,2497.0,721.0,929.0,1199.0,1322.0,1398.5,1496.5,1659.0,1670.5,3341.5,2843.5,1973.5,2220.5,2408.5,2600.0,2657.5,2762.5,3077.5,2892.5,2019.0,1867.0,800.0,1011.0,1259.0,1351.0,1373.0,1445.0,1580.0,1556.0,233.0,202.5,183.0,336.0,419.0,521.0,353.5,432.0,383.5,361.0,524.0,438.0,360.5,556.5,585.5,817.5,739.5,826.0,829.0,813.5,1004.5,702.5,579.5,830.0,771.5,1157.5,1405.0,1504.5,1536.0,1511.0,1046.0,655.0,375.5,606.5,409.0,866.5,1695.5,1892.5,1890.5,1866.0,1528.0,828.5,205.0,425.0,211.5,665.5,2103.0,2678.5,2661.0,2694.0,1063.0,557.0,103.0,236.0,139.0,398.0,1814.0,2838.0,2878.0,2911.0,1144.0,578.0,94.0,226.0,94.5,398.5,2069.0,3409.0,3522.5,3578.5,205.5,195.0,890.0,1231.0,1475.0,1553.5,1204.0,1218.0,1182.5,949.0,1075.0,574.0,141.0,244.0,110.0,342.0,1977.0,3356.0,3544.0,3562.0,1321.5,622.0,1246.0,1287.5,1054.5,1415.5,2954.0,4311.5,4463.0,4503.5,1465.5,744.0,1208.5,1368.5,1088.5,1585.5,3096.0,4145.5,4259.0,4451.0,1558.0,800.0,945.0,1251.0,870.0,1688.0,3529.0,4458.0,4730.5,4778.0,1569.5,834.0,302.0,878.5,563.0,1566.0,3479.0,4254.5,4580.5,4549.5,1710.5,958.5,511.5,1013.5,863.0,1853.0,3212.0,3704.5,3983.5,4065.5,2084.5,1253.0,620.5,1194.5,1257.0,2250.5,3175.5,3522.0,3873.5,3854.5,2415.0,1557.0,751.0,1306.0,1590.0,2426.0,2984.0,3344.0,3665.0,3753.0,4002.0,2701.0,981.5,1438.0,2131.5,2529.5,2769.5,3013.5,3334.5,3367.0,2222.0,1586.0,3142.0,3169.0,3177.0,3462.0,3408.0,3436.0,3523.0,3470.0,1256.0,1138.0,1423.0,1492.0,1574.0,1686.0,1743.0,1807.0,1646.0,1721.0,552.0,359.0,338.0,397.0,584.0,761.0,678.0,813.0,810.0,873.0,0.0,0.0,0.0,0.0,0.0,0.0,0.0,0.0,0.0,0.0,527.0,362.0,367.0,489.5,660.0,752.5,721.5,814.0,846.5,788.5,302.0,232.0,510.0,670.0,772.0,883.0,808.0,853.0,902.0,802.0,132.0,103.0,201.0,307.0,427.0,545.0,482.0,533.0,483.0,447.0,0.0,0.0,0.0,0.0,0.0,0.0,0.0,0.0,0.0,0.0,0.0,0.0,0.0,0.0,0.0,0.0,0.0,0.0,0.0,0.0,84.0,94.0,392.0,506.0,617.0,657.0,572.0,632.0,688.0,613.0,1895.0,1434.0,543.5,727.5,938.0,1004.0,1040.0,1147.5,1335.0,1316.5,2637.0,2264.0,768.0,979.0,1208.0,1311.0,1376.0,1491.0,1629.0,1586.0,2527.0,2050.0,668.0,890.0,1138.0,1249.0,1287.0,1418.0,1556.0,1572.0,3638.5,3315.5,1185.5,1472.5,1788.0,1911.0,1960.5,2136.5,2323.5,2327.0,2388.0,2208.0,588.0,796.0,1041.0,1117.0,1177.0,1282.0,1420.0,1436.0,"{""type"":""MultiPoint"",""coordinates"":[]}"
4489,211,2517.0,1976.5,455.5,782.0,1027.5,1355.0,2197.0,2521.0,2674.0,2650.5,3952.5,2904.0,915.0,1310.5,1741.0,2172.5,2854.5,3266.5,3540.0,3640.0,4097.0,2984.0,908.0,1250.5,1692.5,2085.5,2592.5,2971.5,3236.5,3367.5,4059.0,2816.0,915.0,1306.0,1822.0,2219.0,2620.0,2926.0,3135.0,3308.0,4692.0,3331.0,1343.0,1896.0,2654.0,3116.0,3341.0,3594.0,3821.0,4042.0,4692.0,3353.0,1397.0,1943.0,2772.0,3209.0,3427.0,3674.0,3986.0,4110.0,4662.0,3280.0,1414.0,1989.0,2890.0,3300.0,3515.0,3785.0,4021.0,4209.0,4712.0,3280.0,1414.0,2011.0,2912.0,3440.0,3667.0,4002.0,4269.0,4402.0,4852.0,3407.0,1455.0,2091.0,3066.0,3522.0,3716.0,4002.0,4290.0,4405.0,5232.0,3712.0,1719.0,2443.0,3504.0,3976.0,4178.0,4503.0,4608.0,4873.0,5050.0,3617.0,1611.0,2308.0,3324.0,3817.0,4008.0,4338.0,4502.0,4676.0,2731.0,2191.0,573.0,903.0,1147.0,1476.0,2431.0,2899.0,2974.0,3059.0,5050.0,3617.0,1611.0,2283.0,3315.0,3817.0,4008.0,4338.0,4502.0,4744.0,4943.0,3540.0,1493.0,2178.0,3218.0,3772.0,3937.0,4220.0,4351.0,4624.0,4879.0,3412.0,1451.0,2043.0,2964.0,3498.0,3742.0,4018.0,4113.0,4454.0,4676.0,3307.0,1440.0,1983.0,2849.0,3289.0,3472.0,3787.0,4060.0,4196.0,4676.0,3304.0,1356.0,1951.0,2952.0,3407.0,3587.0,3913.0,4076.0,4270.0,4642.0,3292.0,1356.0,1951.0,2916.0,3380.0,3582.0,3823.0,4076.0,4254.0,4577.5,3185.5,2049.0,2565.0,3102.0,3487.0,3689.5,3883.0,4188.5,4278.5,4386.0,3101.0,1626.0,1971.0,2626.0,3013.0,3276.0,3579.0,3809.0,3927.0,4381.0,3507.5,2726.5,2988.0,3501.0,3848.5,4066.0,4238.5,4314.0,4465.5,4317.0,3006.0,1288.0,1752.0,2594.0,3057.0,3342.0,3607.0,3777.0,3993.0,3606.0,3118.0,2002.5,2197.5,2451.5,2706.0,3306.5,3632.5,3826.0,3679.5,4092.5,2976.5,1189.5,1622.5,2279.5,2694.5,2943.0,3190.5,3357.0,3540.0,2904.0,2374.0,599.0,853.0,1136.0,1385.0,1608.0,1689.0,1815.0,1886.0,3046.0,2601.0,644.0,877.0,1226.0,1397.0,1559.0,1707.0,1829.0,1864.0,3290.5,2840.5,962.0,1136.0,1436.0,1629.0,1793.0,1941.0,2056.5,2118.5,3039.0,2550.0,801.0,995.0,1303.0,1512.5,1671.5,1808.5,1933.0,2020.0,0.0,0.0,0.0,0.0,0.0,0.0,0.0,0.0,0.0,0.0,3035.0,2394.0,521.0,949.5,1158.0,1600.0,3110.0,3842.5,3983.0,3999.5,2792.0,2233.0,601.0,958.0,1147.0,1585.0,3129.0,3943.0,4013.0,4062.0,2876.0,2199.0,700.0,987.0,1154.0,1570.0,3117.0,3914.0,3983.0,4032.0,3752.0,2764.0,750.0,1151.0,1379.0,1891.0,2758.0,3165.0,3625.0,3625.0,3875.0,2851.0,867.0,1403.0,1975.0,2482.0,3096.0,3396.0,3633.0,3705.0,3742.0,2702.0,838.0,1311.0,1818.0,2309.0,3014.0,3358.0,3633.0,3671.0,3510.0,2512.5,760.5,1190.5,1628.0,2049.5,2872.5,3237.5,3537.5,3593.5,"{""type"":""MultiPoint"",""coordinates"":[]}"
4543,54,1293.0,606.5,343.5,521.0,277.5,809.0,2457.5,2865.5,2990.0,3016.5,4300.5,4056.0,1046.0,1378.5,1803.5,2032.5,2166.0,2370.0,2586.0,2656.0,4062.0,3755.0,978.0,1293.0,1738.0,1952.0,2046.0,2230.0,2437.0,2501.0,4013.5,3746.5,963.5,1288.0,1720.0,1941.0,2004.0,2186.0,2363.0,2446.5,3773.0,3468.0,925.0,1257.5,1604.5,1922.0,2165.5,2372.5,2532.0,2609.5,4056.0,3705.0,1024.5,1377.0,1679.5,2012.5,2561.5,2790.0,3001.5,3082.0,3517.0,3069.0,815.0,1198.0,1333.0,1780.0,2954.0,3360.0,3595.0,3622.0,2799.0,2174.0,545.0,896.0,887.0,1430.0,3441.0,4280.0,4328.0,4505.0,2217.0,1279.0,282.0,667.0,435.0,1085.0,4178.0,5256.0,5412.0,5447.0,2000.0,900.0,196.5,613.0,228.5,1071.5,4928.0,6331.5,6364.5,6483.5,1998.0,955.0,336.0,784.0,465.0,1258.0,4538.0,5745.0,5863.0,6008.0,1457.0,707.0,207.0,460.0,264.0,776.0,3259.0,4259.0,4533.0,4371.0,2137.0,1047.0,347.0,775.0,457.0,1276.0,4442.0,5728.0,5769.0,5983.0,1867.0,886.0,294.0,724.0,443.0,1273.0,4439.0,5600.0,5757.0,5870.0,1777.0,841.0,442.0,742.0,451.0,1215.0,3951.0,5163.0,5237.0,5403.0,1875.0,1018.0,609.0,975.0,750.0,1581.0,3591.0,4148.0,4430.0,4480.0,3370.0,2431.0,729.0,1023.0,1240.0,1712.0,2349.0,2773.0,3068.0,3127.0,4187.0,3289.0,824.0,1182.0,1650.0,1965.0,2107.0,2372.0,2624.0,2819.0,4039.0,3103.0,963.0,1253.0,1752.0,2016.0,2179.0,2384.0,2708.0,2846.0,3832.0,3285.5,895.0,1188.5,1691.5,1901.0,2080.5,2291.0,2583.5,2576.5,3970.0,3593.0,1098.0,1423.0,1890.0,2098.0,2257.0,2442.0,2726.0,2740.0,2995.0,2322.0,714.0,943.0,1278.0,1462.0,1560.0,1745.0,1867.0,1980.0,1360.0,542.0,142.0,366.0,119.0,672.0,3569.0,4671.0,4878.0,4805.0,3531.5,3037.5,851.5,1183.5,1492.5,1778.5,1921.5,2075.0,2244.5,2322.0,4550.0,4218.0,1320.0,1715.0,2030.0,2482.0,2707.0,2919.0,3119.0,3142.0,2615.0,2446.5,683.0,798.5,950.5,1141.0,1286.5,1385.0,1484.0,1537.0,2643.0,2368.0,691.0,806.0,963.0,1175.0,1354.0,1475.0,1537.0,1613.0,1776.0,1383.0,305.0,433.0,495.0,740.0,1266.0,1383.0,1482.0,1541.0,0.0,0.0,0.0,0.0,0.0,0.0,0.0,0.0,0.0,0.0,1466.0,601.0,67.0,416.0,99.0,729.0,3871.0,5440.0,5641.0,5602.0,1645.0,668.0,145.0,397.5,96.0,678.0,4190.5,6141.5,6343.5,6302.0,1661.0,737.0,187.5,478.5,204.0,806.0,3975.5,5896.0,6227.5,6116.5,1549.0,705.0,146.0,430.0,174.0,710.0,3729.0,5689.0,5936.0,5866.0,1512.0,637.0,179.0,414.0,168.0,704.0,3882.0,6049.0,6338.0,6296.0,1807.0,785.0,251.0,474.0,227.0,771.0,3895.0,6049.0,6419.0,6300.0,3085.0,2146.0,548.0,905.0,887.0,1558.0,2819.0,3388.0,3781.0,3768.0,"{""type"":""MultiPoint"",""coordinates"":[]}"
4547,69,0.0,0.0,0.0,0.0,0.0,0.0,0.0,0.0,0.0,0.0,2499.5,1924.5,606.0,901.0,1088.5,1507.5,2089.5,2280.0,2433.5,2430.0,2206.0,1533.0,443.0,720.0,862.0,1234.0,2142.0,2356.0,2556.0,2546.0,2238.0,1682.0,442.0,677.0,752.0,1180.0,2117.0,2466.0,2616.0,2599.0,2087.0,1488.5,388.5,635.5,672.5,1089.0,2261.5,2644.0,2830.5,2782.0,1578.0,1017.0,263.0,461.0,414.5,798.0,2053.0,2453.0,2595.0,2566.5,2103.0,1424.0,340.5,621.5,597.5,1085.0,2501.0,2981.0,3189.5,3180.0,2166.5,1453.5,345.5,619.5,630.0,1141.5,2495.5,2955.0,3124.5,3180.5,2097.0,1344.0,314.5,603.0,530.0,1069.5,2667.5,3203.0,3310.5,3369.0,1896.0,1121.0,221.0,515.0,430.0,944.0,2730.0,3335.0,3477.0,3533.0,1783.0,1022.0,194.0,438.0,303.0,826.0,2642.0,3328.0,3440.0,3510.0,2567.0,2087.0,429.0,665.0,911.0,1147.0,1326.0,1482.0,1707.0,1668.0,1608.0,863.0,226.0,448.0,291.0,753.0,2561.0,3219.0,3440.0,3484.0,1732.0,893.5,1243.0,1338.0,1171.0,1519.0,2980.0,3603.5,3728.5,3830.0,1597.0,873.0,821.0,926.0,822.0,1162.0,2380.0,2849.0,2953.0,3095.0,1440.0,731.5,571.0,696.5,553.5,915.5,2394.5,2925.0,3145.0,3120.5,1408.5,734.0,148.0,326.5,225.5,598.0,2266.0,2813.5,3068.5,3087.5,1258.5,593.5,118.5,295.5,178.0,533.5,2263.5,2870.0,3096.0,3141.5,1289.5,609.0,173.5,342.0,215.0,561.5,2266.0,2906.5,3109.0,3109.0,1660.0,1087.0,265.0,541.0,314.0,701.0,2223.0,2816.0,3025.0,3045.0,1399.5,771.5,163.5,345.5,309.5,611.5,1964.5,2442.5,2756.0,2709.5,2821.0,2065.0,2497.0,2447.0,2379.0,2780.0,3297.0,3443.0,3688.0,3622.0,0.0,0.0,0.0,0.0,0.0,0.0,0.0,0.0,0.0,0.0,2393.0,1766.0,499.0,747.0,746.0,1264.0,2487.0,2958.0,2889.0,3227.0,0.0,0.0,0.0,0.0,0.0,0.0,0.0,0.0,0.0,0.0,1320.0,682.0,177.0,425.0,318.0,782.0,1706.0,1925.0,2153.0,2245.0,1435.0,724.0,249.0,483.0,365.0,873.0,1534.0,1832.0,1975.0,2110.0,1772.5,1114.5,1180.0,1268.0,1203.0,1542.5,2012.5,2160.0,2406.0,2372.5,0.0,0.0,0.0,0.0,0.0,0.0,0.0,0.0,0.0,0.0,0.0,0.0,0.0,0.0,0.0,0.0,0.0,0.0,0.0,0.0,596.0,542.0,228.0,215.0,243.0,311.0,432.0,465.0,399.0,521.0,2221.0,1769.0,498.5,736.0,943.5,1187.0,1440.5,1584.0,1756.0,1767.5,2504.0,2105.0,659.0,925.0,1180.0,1459.0,1773.0,1903.0,2044.0,2039.0,1783.0,1346.0,403.0,593.0,721.0,968.0,1302.0,1442.0,1560.0,1572.0,2663.0,2122.5,940.0,1177.0,1413.0,1731.0,2023.0,2161.0,2435.5,2338.0,2579.0,2064.0,688.0,991.0,1259.0,1600.0,1955.0,2127.0,2272.0,2261.0,"{""type"":""MultiPoint"",""coordinates"":[]}"
4554,3,144.0,128.0,132.0,314.0,404.0,504.0,339.0,397.0,392.0,334.0,3355.0,2985.0,1052.5,1326.0,1668.5,1835.5,1926.5,2043.0,2231.5,2191.0,3515.0,2887.5,2382.0,2457.5,2689.0,2912.5,3000.0,3085.5,3249.0,3168.5,3189.5,2901.0,1090.0,1409.5,1837.0,1998.0,2067.5,2190.5,2331.5,2376.0,178.5,139.5,444.5,610.0,689.5,686.5,397.5,449.0,398.5,247.0,358.5,314.5,833.5,998.5,991.0,1006.5,626.0,659.5,656.0,430.5,241.0,191.0,269.5,532.0,478.0,701.0,500.5,552.5,593.5,417.0,577.0,348.0,269.5,553.5,346.5,749.0,980.5,1076.0,1056.5,824.0,1132.5,555.0,261.0,555.0,254.0,771.0,2203.0,2579.0,2543.5,2413.0,1094.0,476.0,216.0,504.0,229.0,617.0,2564.0,3434.0,3640.0,3389.0,1311.5,588.0,232.5,468.5,298.5,685.5,2735.5,3751.5,3898.5,3976.5,221.0,176.0,151.0,303.0,447.0,540.0,447.0,503.0,529.0,375.0,1291.0,626.0,274.0,431.0,299.0,585.0,2385.0,3567.0,3789.0,3899.0,1452.5,649.5,1235.5,1378.5,1132.5,1411.5,2974.0,4026.5,4232.5,4280.0,1480.5,683.5,1330.0,1445.0,1156.0,1591.5,3023.5,3997.0,4108.0,4272.5,1519.0,717.5,704.0,1055.5,669.5,1439.0,3434.0,4339.0,4537.0,4566.5,1527.0,764.0,403.5,887.0,566.5,1448.0,3319.5,3973.5,4276.5,4319.5,1646.5,862.0,518.5,999.5,786.0,1677.5,3237.0,3688.5,3909.0,4051.0,1974.5,1077.0,486.5,1043.5,948.5,1904.5,3264.5,3718.0,3977.5,4087.0,2090.0,1176.0,585.0,1093.0,1112.0,2032.0,3210.0,3571.0,3832.0,3970.0,3405.5,2526.0,948.0,1358.0,1877.0,2222.5,2444.5,2629.0,2944.5,2869.5,2555.0,1704.5,3084.5,3105.0,3328.0,3641.5,3667.0,3795.0,3888.5,3933.0,0.0,0.0,0.0,0.0,0.0,0.0,0.0,0.0,0.0,0.0,0.0,0.0,0.0,0.0,0.0,0.0,0.0,0.0,0.0,0.0,0.0,0.0,0.0,0.0,0.0,0.0,0.0,0.0,0.0,0.0,276.0,235.0,236.0,330.0,498.0,626.0,448.0,501.0,614.0,463.0,0.0,0.0,0.0,0.0,0.0,0.0,0.0,0.0,0.0,0.0,1164.0,899.5,2105.0,2289.0,2286.0,2510.5,2171.5,2164.0,2214.0,1923.5,0.0,0.0,0.0,0.0,0.0,0.0,0.0,0.0,0.0,0.0,325.0,294.0,474.0,464.0,460.0,520.0,528.0,539.0,566.0,516.0,112.0,76.0,187.0,271.0,362.0,456.0,405.0,482.0,445.0,374.0,939.5,591.0,349.0,527.5,675.5,781.5,854.0,897.5,1056.5,1026.5,1625.0,1253.5,573.0,678.0,808.0,950.0,1008.0,1065.5,1154.5,1153.5,2874.0,2206.0,797.0,1059.0,1340.0,1558.0,1614.0,1767.0,1945.0,1941.0,3860.0,3324.0,1204.5,1500.5,1880.5,2075.5,2127.5,2273.0,2541.5,2521.5,3948.0,3409.0,1283.0,1611.0,1954.0,2183.0,2294.0,2459.0,2648.0,2633.0,"{""type"":""MultiPoint"",""coordinates"":[]}"
4647,3,313.0,284.0,157.0,247.0,354.0,451.0,454.0,536.0,496.0,503.0,2435.5,2127.5,683.0,834.5,1039.5,1190.5,1296.5,1383.5,1534.0,1619.5,2541.0,2264.0,711.0,862.0,1119.0,1290.0,1343.0,1492.0,1563.0,1692.0,1783.5,1608.0,829.5,966.0,1130.5,1282.5,1252.5,1311.5,1359.0,1391.0,411.0,309.0,462.5,571.5,619.0,738.0,543.0,562.5,464.0,476.0,432.5,305.0,427.5,563.5,599.5,791.5,689.5,702.5,646.5,607.5,566.5,468.0,351.0,535.5,454.5,757.5,834.5,858.5,836.0,758.0,1026.5,650.0,350.5,582.0,390.5,861.5,1525.5,1703.0,1637.0,1573.0,1325.5,757.0,345.0,548.0,353.0,878.5,2254.5,2714.0,2709.5,2657.0,1138.0,566.0,218.0,394.0,243.0,681.0,2287.0,3129.0,3333.0,3137.0,1242.5,614.5,172.5,329.5,199.5,536.0,2165.5,3317.5,3449.0,3432.0,2190.0,1992.0,2360.5,2340.5,2366.0,2454.5,2343.5,2353.0,2467.5,2314.5,1264.0,650.0,214.0,336.0,193.0,516.0,2110.0,3466.0,3671.0,3613.0,1498.5,696.5,1182.5,1367.0,1039.0,1442.0,3198.5,4502.5,4654.5,4625.5,1654.5,828.5,1402.5,1552.5,1210.0,1760.0,3286.0,4252.5,4369.0,4468.5,1703.0,870.0,772.5,1160.0,741.5,1640.5,3578.0,4469.5,4702.5,4662.5,1698.5,907.5,430.0,955.5,649.5,1605.0,3435.0,4127.0,4464.0,4366.5,1809.0,1014.5,558.0,1073.0,860.5,1833.5,3378.0,3856.0,4158.5,4140.0,2161.5,1262.0,643.0,1265.0,1262.5,2330.5,3507.0,3854.0,4234.0,4182.5,2346.0,1412.0,732.0,1295.0,1416.0,2449.0,3312.0,3752.0,4076.0,4124.0,3302.0,2240.5,971.5,1486.5,2002.5,2700.0,3190.0,3444.5,3901.0,3933.0,2347.0,1726.0,2627.5,2714.5,2967.0,3264.0,3284.5,3422.5,3575.0,3603.0,705.0,674.0,1494.0,1341.0,1278.0,1385.0,1332.0,1373.0,1351.0,1356.0,3116.0,2269.0,1169.0,1529.0,1981.0,2239.0,2623.0,2719.0,2988.0,2942.0,0.0,0.0,0.0,0.0,0.0,0.0,0.0,0.0,0.0,0.0,1489.0,1132.0,636.0,876.0,1148.0,1348.0,1471.0,1585.0,1708.0,1656.0,0.0,0.0,0.0,0.0,0.0,0.0,0.0,0.0,0.0,0.0,1478.0,1195.5,2252.5,2189.0,2175.5,2340.0,2265.0,2325.0,2485.0,2243.0,0.0,0.0,0.0,0.0,0.0,0.0,0.0,0.0,0.0,0.0,0.0,0.0,0.0,0.0,0.0,0.0,0.0,0.0,0.0,0.0,1017.0,642.0,385.0,462.0,546.0,710.0,867.0,1007.0,1011.0,1049.0,3166.0,2791.0,995.0,1176.0,1406.0,1567.0,1696.0,1767.0,1952.0,1939.0,3293.5,2858.0,1443.0,1660.5,1909.0,2090.5,2212.5,2327.5,2522.0,2480.5,2490.0,2047.0,638.0,783.0,993.0,1157.0,1303.0,1354.0,1495.0,1546.0,3198.0,2907.5,986.5,1164.0,1424.5,1582.0,1735.5,1871.0,2030.5,2060.5,2089.0,1820.0,508.0,645.0,822.0,961.0,1066.0,1112.0,1267.0,1281.0,"{""type"":""MultiPoint"",""coordinates"":[]}"
4685,75,1278.0,580.5,502.0,664.5,382.5,858.0,3083.0,3983.0,4033.5,4007.0,1441.0,741.0,389.0,714.5,463.0,1143.5,3163.5,4025.5,4266.5,4266.0,1499.0,797.0,448.0,823.0,592.5,1404.0,3265.0,3931.0,4203.5,4188.5,2014.5,1241.0,812.5,1379.0,1823.0,2589.5,3221.5,3472.0,3787.5,3887.0,4564.0,3689.5,1501.5,2028.0,2774.0,3120.0,3221.5,3461.5,3690.5,3797.0,4677.5,4702.0,1790.0,2297.0,2884.0,3138.5,3147.5,3329.5,3491.5,3502.0,4695.5,4727.0,1806.5,2374.0,2942.5,3208.5,3193.5,3367.0,3485.5,3520.0,4495.0,4678.5,1670.0,2123.5,2655.5,2893.5,2883.5,3038.5,3145.0,3189.5,4466.5,4557.5,1638.5,2091.0,2577.0,2835.0,2883.5,3068.5,3133.5,3200.0,4218.5,4095.0,1539.5,2022.5,2428.5,2721.0,2871.5,3046.5,3090.0,3171.5,3125.5,2819.5,817.0,1196.0,1351.0,1700.0,2397.0,2633.5,2712.0,2742.0,1243.0,548.0,482.0,633.0,375.0,816.0,3100.0,4169.5,4323.0,4228.5,2394.5,1873.0,419.5,711.5,716.5,1065.0,2301.0,2947.0,2953.0,3056.5,1368.5,638.0,51.5,246.5,99.0,404.5,2208.0,3361.0,3392.5,3426.0,1475.5,656.0,277.0,437.0,263.0,578.5,2566.0,4078.0,4105.0,4269.0,1480.0,691.5,236.0,368.0,273.5,533.0,2238.5,3553.5,3660.5,3726.0,1556.5,841.5,201.5,342.5,277.5,512.5,1929.5,2963.5,3158.0,3184.5,1566.5,827.5,188.5,335.5,281.0,514.0,1848.5,2702.5,2875.0,2893.0,1670.0,947.5,383.5,518.0,497.0,722.0,1854.5,2534.0,2672.0,2766.5,3003.0,2423.0,785.5,1125.5,1462.5,1846.5,2013.5,2498.0,2628.5,2712.0,4255.0,3937.0,1222.0,1707.0,2194.5,2508.0,2670.5,2845.0,3066.5,3088.0,3749.0,3458.0,1142.0,1500.0,1914.5,2214.5,2342.5,2543.5,2702.5,2730.5,1209.0,516.0,146.5,371.0,155.5,645.0,3200.5,4293.5,4519.0,4373.5,3246.5,2887.0,982.5,1283.0,1611.5,1920.5,2020.5,2213.5,2309.0,2362.0,2908.0,2808.5,1122.5,1363.0,1582.5,1824.5,1896.5,2009.0,2108.5,2120.5,2967.0,3022.5,923.0,1205.0,1507.5,1681.5,1754.0,1879.0,1985.0,2034.0,3103.0,3188.0,923.0,1205.0,1507.5,1681.5,1754.0,1879.0,1985.0,2034.0,2707.0,1577.5,3992.0,3839.0,3739.5,4029.0,4058.0,4056.0,4144.5,4040.5,0.0,0.0,0.0,0.0,0.0,0.0,0.0,0.0,0.0,0.0,1184.0,484.5,114.5,349.5,108.5,630.0,3240.0,4408.0,4565.5,4522.5,1507.0,1151.0,310.5,502.0,414.0,835.5,2662.0,3504.5,3479.0,3599.5,1592.5,1217.0,332.0,559.0,455.5,927.5,2880.5,3675.5,3762.5,3822.5,1388.0,631.0,227.5,521.0,167.0,863.5,3790.0,5046.5,5327.0,5198.5,1302.5,594.5,193.0,446.5,170.5,790.0,3539.0,4728.0,5004.5,4899.5,1220.5,572.0,209.5,462.5,220.0,795.5,3314.5,4443.0,4737.5,4615.0,1255.0,589.5,237.0,484.5,246.5,843.0,3216.0,4312.5,4618.5,4521.5,"{""type"":""MultiPoint"",""coordinates"":[]}"
4814,69,1630.0,879.0,245.0,646.0,428.0,1173.0,2709.0,2940.0,3006.0,3089.0,2012.5,1087.0,447.0,761.5,843.5,1603.0,2713.0,3117.5,3530.0,3716.0,2022.0,1444.0,574.0,784.0,983.0,1540.0,2163.0,2607.0,2850.0,3035.0,3440.0,2596.0,925.0,1245.0,1815.0,2158.5,2320.0,2534.0,2749.5,2855.5,3602.0,2754.0,1032.0,1386.5,2028.0,2354.5,2490.5,2693.5,2905.5,3018.5,3608.0,2820.5,1034.0,1394.5,2028.0,2373.0,2489.0,2665.5,2852.0,3007.0,3657.0,2903.5,1014.0,1379.0,2039.0,2321.0,2468.5,2629.5,2871.0,2944.5,3650.0,2957.5,956.0,1311.0,1928.5,2217.0,2347.5,2544.5,2695.5,2807.0,3669.5,2984.5,1025.5,1416.5,2068.0,2367.5,2441.5,2632.5,2781.5,2907.0,3592.0,2837.0,992.0,1399.0,2041.0,2319.0,2451.0,2600.0,2818.0,2896.0,3545.0,3117.5,922.5,1232.0,1801.5,2076.5,2159.5,2346.0,2490.0,2595.5,2073.0,1129.0,303.0,718.0,483.0,1247.0,3164.0,3494.0,3818.0,3703.0,3465.5,3044.5,993.0,1342.0,1897.0,2165.0,2258.5,2373.0,2525.5,2591.0,3404.5,2960.5,1702.5,1866.5,2137.0,2370.0,2504.5,2665.0,2781.0,2798.5,3435.0,2990.0,1109.0,1382.0,1863.0,2164.5,2262.5,2465.0,2519.0,2634.5,3381.0,2918.5,976.5,1274.5,1832.0,2120.5,2195.5,2342.0,2483.5,2553.5,3308.0,2899.0,941.0,1267.0,1830.0,2078.0,2194.0,2360.0,2519.0,2553.0,2943.5,2528.0,796.5,1092.5,1591.5,1838.0,1907.0,2016.5,2151.5,2225.5,2913.5,2491.5,827.0,1108.0,1603.5,1859.0,1923.0,2060.0,2200.5,2225.0,2862.0,2545.0,852.0,1134.0,1607.0,1857.0,1898.0,2022.0,2179.0,2221.0,2850.5,2440.0,793.5,1088.0,1597.5,1822.0,1904.0,2032.5,2241.5,2196.0,1838.0,1344.0,1382.0,1481.0,1457.0,1648.0,1885.0,1962.0,2096.0,2108.0,1744.0,832.0,478.0,889.0,479.0,1504.0,3875.0,4257.0,4360.0,4389.0,0.0,0.0,0.0,0.0,0.0,0.0,0.0,0.0,0.0,0.0,1685.0,990.0,466.0,839.0,545.0,1426.0,2367.0,2598.0,2613.0,2621.0,1561.0,775.0,382.0,857.0,441.0,1399.0,2918.0,3166.0,3382.0,3174.0,0.0,0.0,0.0,0.0,0.0,0.0,0.0,0.0,0.0,0.0,1599.0,979.5,1170.5,1325.5,1056.5,1684.5,2892.0,3077.0,3231.5,3155.5,0.0,0.0,0.0,0.0,0.0,0.0,0.0,0.0,0.0,0.0,2587.0,2146.0,2428.0,2456.0,2345.0,2665.0,3090.0,3200.0,3259.0,3214.0,1626.0,764.0,283.0,655.0,304.0,1136.0,3489.0,3962.0,4415.0,4008.0,1850.0,874.5,278.0,655.5,326.0,1200.0,3813.0,4450.0,4842.0,4632.0,0.0,0.0,0.0,0.0,0.0,0.0,0.0,0.0,0.0,0.0,1751.0,1219.0,809.0,1006.5,790.5,1478.5,3270.0,3724.0,3915.0,3955.5,1491.0,708.5,260.0,590.5,330.5,1154.0,3600.0,4298.5,4632.5,4576.5,1592.0,795.0,292.0,613.0,470.0,1270.0,3009.0,3576.0,3947.0,4010.0,"{""type"":""MultiPoint"",""coordinates"":[]}"
4890,36,0.0,0.0,0.0,0.0,0.0,0.0,0.0,0.0,0.0,0.0,2371.5,1514.5,418.5,804.0,791.0,1376.5,2805.5,3137.0,3369.0,3348.0,2079.0,1206.5,269.0,669.0,509.5,1151.0,3116.5,3539.5,3719.0,3689.5,2025.0,1043.5,249.0,617.0,341.5,1033.0,3673.5,4326.0,4515.0,4464.5,1868.0,852.0,225.0,571.0,223.0,952.5,3957.5,4746.0,4838.0,4898.5,1717.0,772.0,215.0,652.5,151.5,1051.0,4765.5,5692.0,5834.5,5810.0,1863.5,822.0,185.0,508.0,160.5,854.5,4444.0,5606.0,5665.5,5772.0,3294.5,2222.0,607.0,952.5,888.0,1534.5,2954.0,3539.0,3839.0,3929.0,3272.5,2294.5,734.0,1082.0,1417.5,1851.0,2223.0,2440.5,2702.5,2724.5,2510.5,1417.0,430.5,750.0,652.0,1201.0,3281.5,3818.5,3900.5,4019.5,1907.5,826.0,207.0,485.5,175.5,779.0,4261.0,5499.0,5576.0,5651.5,0.0,0.0,0.0,0.0,0.0,0.0,0.0,0.0,0.0,0.0,1941.5,837.5,255.5,462.5,232.0,822.5,4369.0,5857.5,5922.5,6069.5,3422.0,2492.0,2639.0,2578.0,2371.0,2529.0,2814.5,2968.0,3044.5,3067.0,2730.0,1544.5,1444.5,1550.0,1184.5,1691.0,3343.5,3821.0,3935.0,4098.5,2097.5,913.0,841.5,1040.5,598.5,1222.5,4431.0,5412.0,5541.0,5537.0,2121.5,917.0,1615.5,1623.5,1238.0,1584.0,3953.5,5049.5,5352.0,5350.5,2205.5,1030.5,1972.0,1950.0,1561.0,1881.5,3749.0,4568.5,4745.0,4839.5,2960.0,1834.5,1367.5,1564.0,1310.0,1840.0,4433.0,5317.5,5551.5,5463.0,3016.5,1659.0,456.5,782.5,641.0,1388.0,3683.5,4564.0,4890.0,5008.0,3250.5,2329.0,566.0,839.0,1169.0,1584.5,2029.0,2319.5,2608.5,2711.0,0.0,0.0,0.0,0.0,0.0,0.0,0.0,0.0,0.0,0.0,0.0,0.0,0.0,0.0,0.0,0.0,0.0,0.0,0.0,0.0,1951.0,1236.0,543.5,802.5,756.0,1205.5,2211.0,2485.0,2648.0,2673.0,0.0,0.0,0.0,0.0,0.0,0.0,0.0,0.0,0.0,0.0,2238.5,1376.5,336.5,612.0,527.5,1086.0,2239.5,2519.0,2744.0,2674.0,2016.0,1244.0,396.0,688.5,654.5,1264.0,2377.0,2643.0,2814.0,2898.5,0.0,0.0,0.0,0.0,0.0,0.0,0.0,0.0,0.0,0.0,0.0,0.0,0.0,0.0,0.0,0.0,0.0,0.0,0.0,0.0,1751.0,1424.5,497.5,648.5,891.5,985.5,1087.0,1211.0,1346.5,1340.0,2227.0,1717.5,570.0,753.5,1051.0,1224.5,1340.0,1476.5,1618.0,1608.5,2827.0,2357.0,1312.5,1467.5,1657.5,1896.5,2108.0,2200.5,2340.5,2348.5,2684.0,2157.0,494.0,835.0,1143.5,1381.5,1757.0,1918.5,2092.0,2039.0,2474.0,1877.5,429.0,747.5,954.5,1280.0,1933.0,2107.5,2282.5,2246.0,2618.5,1930.0,501.0,806.0,956.5,1380.0,2390.5,2650.5,2858.5,2814.5,2670.5,1828.0,512.5,902.5,938.0,1487.5,2867.5,3229.0,3465.0,3412.5,"{""type"":""MultiPoint"",""coordinates"":[]}"
4977,61,2398.0,1934.0,1819.0,1751.5,1933.5,2147.0,2221.0,2242.0,2309.0,2282.0,2294.5,1692.5,545.5,809.0,924.5,1414.5,2290.5,2544.0,2815.5,2797.0,2571.5,1917.5,630.0,943.5,1180.5,1686.0,2269.0,2470.0,2714.0,2780.5,2873.5,2136.0,713.5,1015.0,1404.0,1827.0,2209.0,2449.0,2693.0,2728.5,2990.5,2178.0,753.0,1077.0,1531.5,1941.0,2327.0,2546.5,2780.0,2883.5,2894.0,2107.0,728.0,995.0,1463.0,1827.0,2212.0,2436.0,2677.0,2744.0,3118.5,2302.0,765.5,1112.0,1631.5,2035.0,2413.0,2614.5,2841.0,2929.0,3245.0,2349.0,792.5,1158.5,1682.5,2156.5,2524.5,2751.5,2933.5,3113.0,3280.0,2354.0,859.0,1225.5,1754.0,2204.0,2595.5,2838.0,3009.0,3159.0,2996.0,2195.0,766.0,1070.0,1557.0,1971.0,2358.0,2572.0,2751.0,2900.0,3157.5,2326.5,795.0,1132.5,1665.0,2098.5,2483.5,2739.0,2970.0,3046.5,1892.5,1792.5,370.0,559.0,723.5,874.5,1051.5,1128.0,1240.5,1244.5,3139.5,2275.5,769.5,1147.5,1669.5,2115.5,2561.5,2830.5,2957.0,3140.5,3113.0,2262.0,812.5,1145.5,1655.0,2088.0,2522.5,2767.0,3027.0,3093.0,3066.5,2216.5,1269.0,1534.0,1802.0,2192.0,2587.0,2857.0,2946.5,3131.5,3143.0,2164.0,1051.5,1371.0,1765.0,2220.5,2712.0,2959.0,3158.0,3262.0,2848.0,2050.0,811.0,1096.0,1511.0,1927.0,2375.0,2614.0,2901.0,2955.0,2865.0,2041.0,677.0,951.0,1341.0,1779.0,2276.0,2543.0,2779.0,2913.0,2751.5,1947.0,590.5,878.0,1298.0,1750.5,2214.0,2473.5,2751.5,2862.5,2702.0,1898.0,608.0,877.0,1313.0,1760.0,2202.0,2458.0,2764.0,2810.0,2743.5,1931.5,517.5,818.5,1321.5,1778.0,2232.0,2484.5,2800.0,2856.5,0.0,0.0,0.0,0.0,0.0,0.0,0.0,0.0,0.0,0.0,1537.0,1120.0,643.0,653.0,690.0,911.0,1058.0,1085.0,1189.0,1202.0,2010.0,1422.5,406.5,623.5,789.5,1271.5,1717.0,1890.0,1994.0,2116.0,1626.0,976.0,308.0,587.0,439.0,1068.0,1986.0,2162.0,2252.0,2321.0,1974.0,1155.0,257.0,684.0,400.0,1192.0,2787.0,2981.0,3151.0,3149.0,1943.0,1091.0,276.0,613.0,326.0,1097.0,3076.0,3418.0,3570.0,3557.0,1650.0,1488.0,270.0,398.0,488.0,690.0,949.0,1069.0,1129.0,1168.0,2558.5,2455.5,3069.5,3020.5,2986.5,3257.0,3363.0,3347.5,3563.5,3403.0,1162.0,1005.5,190.5,346.5,414.0,560.0,702.5,761.5,850.5,845.0,1910.0,1649.5,365.5,566.0,626.5,897.0,1295.0,1418.5,1513.0,1510.0,1994.0,1602.0,327.0,572.0,603.0,944.0,1634.0,1813.0,1964.0,1933.0,2256.0,1827.0,448.0,708.0,730.0,1116.0,1981.0,2177.0,2343.0,2332.0,1967.0,1483.0,331.5,609.5,596.0,1029.5,1975.0,2209.0,2370.5,2366.0,2076.5,1538.5,428.5,671.5,683.5,1107.5,2191.5,2464.5,2666.0,2661.5,2202.0,1595.0,479.5,732.5,814.0,1305.5,2320.0,2669.0,2867.5,2870.0,"{""type"":""MultiPoint"",""coordinates"":[]}"
